timestamp,elapsed_seconds,write_count,write_p50_ms,write_p95_ms,write_p99_ms,write_max_ms,listener_count,listener_p50_ms,listener_p95_ms,listener_p99_ms,listener_max_ms
2026-08-28T06:42:17.907Z,10.003,501,1.8513180000009015,5.64044499999909,6.484803999999713,12.336757999999463,50,6.830144000001383,7.9743430000016815,8.031123000000662,8.031123000000662
2026-08-28T06:42:27.907Z,20.004,500,1.7381690000001981,5.211784999999509,5.58609499999875,11.880028999999922,50,6.049334999999701,7.9439020000027085,8.00488200000109,8.00488200000109
2026-08-28T06:42:37.905Z,30.003,500,1.6958989999984624,5.111995999999635,5.532744999996794,6.676984000005177,50,6.186584000002767,7.895512000002782,7.973232999996981,7.973232999996981
2026-08-28T06:42:47.907Z,40.003,500,1.6932789999991655,5.028064999998605,5.151184999995166,9.088840999997046,50,6.298084000001836,7.937491999997292,8.11671199999546,8.11671199999546
2026-08-28T06:42:57.906Z,50.004,500,1.6951689999987138,5.040984999999637,5.298764999999548,10.14549999999872,50,6.061354999998002,7.939722000002803,8.005183000001125,8.005183000001125
2026-08-28T06:43:07.908Z,60.003,500,1.7035690000047907,4.90129600000364,5.490254999996978,10.132991000005859,50,6.337994000001345,7.927003000004333,16.476014999992913,16.476014999992913
2026-08-28T06:43:17.906Z,70.003,500,1.6842980000074022,4.955785999991349,5.4170349999913014,9.140821000008145,50,6.005235000004177,7.871573000011267,7.929613000000245,7.929613000000245
2026-08-28T06:43:27.908Z,80.004,500,1.6559980000020005,4.88378499999817,5.226295000000391,7.848953000007896,50,6.179653999992297,7.906343000009656,8.066921999998158,8.066921999998158
2026-08-28T06:43:37.907Z,90.004,500,1.6327080000046408,4.827955000000657,5.220405000000028,5.8788840000052005,50,5.937873999995645,7.877482999989297,8.085332000002381,8.085332000002381
2026-08-28T06:43:47.909Z,100.004,500,1.6283089999924414,4.870364999995218,5.408324999996694,12.145789000001969,50,6.0547740000038175,7.950433000005432,9.858060999991721,9.858060999991721
2026-08-28T06:43:57.909Z,110.004,500,1.6722790000058012,4.8599450000037905,5.172695000001113,9.29112099998747,50,6.100224000008893,7.926961999997729,8.124691999997594,8.124691999997594
2026-08-28T06:44:07.911Z,120.006,500,1.6452879999997094,4.751355000000331,5.074735000001965,9.948571000000811,50,6.249154000004637,7.997471999988193,12.34957900000154,12.34957900000154
2026-08-28T06:44:17.911Z,130.006,500,1.635307999997167,4.799614999996265,5.04019500000868,16.803314999997383,50,6.246894000010798,7.944301999988966,11.602729000005638,11.602729000005638
2026-08-28T06:44:27.916Z,140.013,500,1.599939000006998,4.810154999984661,5.574634999997215,8.986350999999559,50,5.977863999985857,7.865861999976914,8.81913199997507,8.81913199997507
2026-08-28T06:44:37.918Z,150.014,500,1.5799180000030901,4.788624999986496,5.065904999995837,8.389771999994991,50,6.082844999997178,7.9928730000101496,11.184110000001965,11.184110000001965
2026-08-28T06:44:47.918Z,160.014,500,1.6129979999968782,4.818044999992708,5.187685000011697,9.759381000010762,50,5.970185000012862,7.988733000005595,9.119091999978991,9.119091999978991
2026-08-28T06:44:57.919Z,170.014,500,1.5932580000080634,4.745695999998134,5.092285000020638,5.620574999978999,50,6.749513999995543,7.981781999988016,8.312921999982791,8.312921999982791
2026-08-28T06:45:07.919Z,180.014,500,1.6244589999841992,4.776565000007395,4.927124999987427,12.459688999981154,50,6.803513999999268,7.993912999983877,8.411651999980677,8.411651999980677
2026-08-28T06:45:17.919Z,190.015,500,1.5684880000189878,4.737946000008378,4.974365000001853,9.604030999995302,50,6.75822300001164,8.11383200000273,8.324712000001455,8.324712000001455
2026-08-28T06:45:27.921Z,200.017,500,1.6152379999984987,4.843805999989854,5.113396000000648,8.186612000019522,50,6.111635000008391,7.808181999978842,16.60476500002551,16.60476500002551
2026-08-28T06:45:37.922Z,210.017,500,1.5568379999895114,4.7052159999730065,4.894516000000294,11.503528999979608,50,6.23948499999824,7.826723000005586,9.661061000020709,9.661061000020709
2026-08-28T06:45:47.922Z,220.017,500,1.5997179999831133,4.729206000018166,4.856505000003381,8.698612000007415,50,6.077965000004042,7.884962000011001,17.9423329999845,17.9423329999845
2026-08-28T06:45:57.921Z,230.017,500,1.573009000014281,4.708516000013333,5.086645000003045,8.88003200001549,50,6.012053999991622,7.815222999983234,7.9076029999996535,7.9076029999996535
2026-08-28T06:46:07.923Z,240.019,500,1.585107999999309,4.76684500000556,5.20646499999566,7.773423000006005,50,6.053564000001643,7.73098300001584,9.80189099998097,9.80189099998097
2026-08-28T06:46:17.923Z,250.019,500,1.568888000008883,4.742205999995349,5.376774999982445,12.096097999979975,50,5.944464999978663,11.060870000015711,12.003208999987692,12.003208999987692
2026-08-28T06:46:27.923Z,260.02,500,1.5427490000147372,4.662756000005174,4.947885999979917,11.853918999957386,50,6.747234000009485,9.86372099997243,11.75614900002256,11.75614900002256
2026-08-28T06:46:37.925Z,270.02,500,1.5651579999830574,4.751806000014767,4.984296000038739,5.594265000021551,50,6.292634000012185,10.18244100001175,12.22266899998067,12.22266899998067
2026-08-28T06:46:47.925Z,280.019,500,1.5374789999914356,4.655024999985471,4.894084999978077,11.823299000039697,50,6.694263000041246,11.067849999992177,12.125859000021592,12.125859000021592
2026-08-28T06:46:57.926Z,290.02,500,1.5455489999731071,4.72189599997364,4.914234999974724,13.018787999986671,50,6.035494000010658,10.77288000000408,11.668169000011403,11.668169000011403
2026-08-28T06:47:07.926Z,300.02,500,1.5653279999969527,4.743365000002086,5.1590849999920465,10.02275100001134,50,6.191775000013877,10.36649100005161,11.68522899999516,11.68522899999516
2026-08-28T06:47:17.926Z,310.021,500,1.5131389999878593,4.617426000011619,4.811844999960158,10.734029999992345,50,5.978694000048563,9.908480999991298,10.490071000007447,10.490071000007447
2026-08-28T06:47:27.927Z,320.021,500,1.5152190000517294,4.681305999984033,4.923276000015903,20.061870999983512,50,6.081234999990556,11.972649000003003,26.16141499998048,26.16141499998048
2026-08-28T06:47:37.926Z,330.021,500,1.6063089999952354,4.761334999988321,5.008805999998003,20.846880999975838,50,6.0789240000303835,11.016360000008717,20.78381100000115,20.78381100000115
2026-08-28T06:47:47.927Z,340.022,500,1.5426689999876544,4.708736000000499,4.952776000020094,20.401091000007,50,6.273504999990109,10.954339999996591,20.337461000017356,20.337461000017356
2026-08-28T06:47:57.929Z,350.022,501,1.5406690000090748,4.670425999967847,4.862296000006609,20.795160999987274,50,6.726574000029359,10.273730999964755,20.72799099999247,20.72799099999247
2026-08-28T06:48:07.927Z,360.022,499,1.5225180000416003,4.6718760000076145,5.027656000049319,6.6244040000019595,50,6.714253999991342,10.362729999993462,21.05087999999523,21.05087999999523
2026-08-28T06:48:17.929Z,370.022,501,1.5317979999817908,4.766105999995489,5.618344999966212,21.065760000026785,50,6.7547839999897406,11.801199000037741,21.010030000004917,21.010030000004917
2026-08-28T06:48:27.929Z,380.022,500,1.5131089999922551,4.688885000010487,4.911294999998063,8.305931999988388,50,6.936983000021428,10.953208999999333,22.152240000024904,22.152240000024904
2026-08-28T06:48:37.929Z,390.022,500,1.5061479999567382,4.562936000002082,4.757174999976996,8.321151999989524,50,6.702064000011887,11.672229999967385,22.504649000009522,22.504649000009522
2026-08-28T06:48:47.928Z,400.022,499,1.532147999969311,4.650445000035688,4.89258600003086,5.434134000039194,50,6.823724000016227,10.246601000020746,21.650179999996908,21.650179999996908
2026-08-28T06:48:57.933Z,410.026,500,1.587837999977637,4.714705999998841,4.899445999995805,21.997808999964036,50,6.791323999990709,11.992368999985047,21.934008999960497,21.934008999960497
2026-08-28T06:49:07.934Z,420.027,501,1.516079000022728,4.5971450000070035,4.977725000004284,27.437183999980334,51,6.696883999975398,10.73719999997411,27.36717400001362,27.36717400001362
2026-08-28T06:49:17.934Z,430.028,500,1.556607999955304,4.699384999985341,5.062204999965616,10.922190000012051,50,6.786093999980949,10.828219999966677,11.915348999958951,11.915348999958951
2026-08-28T06:49:27.934Z,440.027,500,1.5790189999970607,4.700466000009328,5.024574999988545,12.155868000001647,50,6.7652239999733865,10.079830000002403,11.741409000009298,11.741409000009298
2026-08-28T06:49:37.935Z,450.027,500,1.5503889999818057,4.649435999977868,4.918736000021454,6.096464999951422,49,6.824344000022393,10.760430000023916,10.954629999992903,10.954629999992903
2026-08-28T06:49:47.934Z,460.028,500,1.5190280000097118,4.570145000005141,4.95855500001926,8.757152000034694,51,6.657604000007268,10.612360000028275,28.615572999988217,28.615572999988217
2026-08-28T06:49:57.939Z,470.033,499,1.5106079999823123,4.568855999968946,5.0732150000403635,5.549725000048056,49,6.688094000041019,10.035900000017136,10.862820000038482,10.862820000038482
2026-08-28T06:50:07.942Z,480.034,500,1.5090479999780655,4.556494999967981,4.911495999956969,23.966168000013568,50,6.7010840000002645,11.553419999952894,25.09665700001642,25.09665700001642
2026-08-28T06:50:17.949Z,490.034,501,1.5334189999848604,4.595386000000872,5.12626500002807,34.53891800000565,51,7.683822999999393,11.638078999996651,34.48423800000455,34.48423800000455
2026-08-28T06:50:27.951Z,500.035,500,1.5313289999612607,4.591295999998692,4.883544999989681,12.460848000016995,50,6.774643999990076,11.701849000004586,11.952759000007063,11.952759000007063
2026-08-28T06:50:37.952Z,510.034,500,1.5036090000066906,4.616825999983121,5.113855000003241,8.66228200000478,50,6.835734000022057,10.17890100000659,11.749699000036344,11.749699000036344
2026-08-28T06:50:47.952Z,520.034,500,1.5034189999569207,4.620335999992676,4.870244999998249,5.303274999954738,50,7.485833000042476,11.094440000015311,11.63963899994269,11.63963899994269
2026-08-28T06:50:57.951Z,530.034,500,1.507298000040464,4.639266000012867,4.771756000001915,6.488063999917358,50,6.892182999989018,11.193699999945238,12.111769000068307,12.111769000068307
2026-08-28T06:51:07.951Z,540.034,500,1.5196790000190958,4.654195000068285,5.236714999889955,10.99531900009606,50,7.660672999918461,10.53193099994678,11.077679999987595,11.077679999987595
2026-08-28T06:51:17.953Z,550.034,500,1.5109680000459775,4.611796000041068,4.75605500000529,8.635441999998875,50,6.733734000008553,10.898790000006557,11.034749999991618,11.034749999991618
2026-08-28T06:51:27.952Z,560.034,500,1.5078689999645576,4.628816000069492,5.017056000069715,11.6242889999412,50,7.483733000000939,11.072519999928772,11.613678999943659,11.613678999943659
2026-08-28T06:51:37.953Z,570.034,500,1.5150579999899492,4.582524999976158,4.701075999997556,7.486632999964058,50,7.087922999984585,11.094760000007227,11.997028999961913,11.997028999961913
2026-08-28T06:51:47.955Z,580.034,500,1.4956779999192804,4.6068160000722855,4.806786000030115,5.247265000012703,50,7.601033000042662,11.036739999894053,11.073300000047311,11.073300000047311
2026-08-28T06:51:57.955Z,590.034,500,1.494308999972418,4.644835999934003,5.0623849999392405,10.819840000011027,50,7.443113000015728,10.607350999955088,11.874338999972679,11.874338999972679
2026-08-28T06:52:07.949Z,600.039,499,1.503558999975212,4.6241859999718145,5.005515000084415,8.48044299997855,49,7.105964000103995,10.269099999917671,10.974199999938719,10.974199999938719
2026-08-28T06:52:17.937Z,610.039,501,1.5223179999738932,4.681836000061594,5.381474999943748,40.42491299996618,51,8.823751999996603,11.201268999953754,40.36943299998529,40.36943299998529
2026-08-28T06:52:27.938Z,620.039,500,1.5177179999882355,4.6232059999601915,4.84345599997323,12.366617999970913,50,8.807302000001073,11.10042000003159,11.13858899998013,11.13858899998013
2026-08-28T06:52:37.938Z,630.038,500,1.4992589999455959,4.61026599991601,4.974325999966823,9.258382000029087,50,7.767162999953143,10.656309999991208,11.807969000074081,11.807969000074081
2026-08-28T06:52:47.937Z,640.038,500,1.4900589999742806,4.601805999991484,4.880194999976084,9.380640999996103,50,7.6571630000835285,10.723500999971293,11.655239000101574,11.655239000101574
2026-08-28T06:52:57.938Z,650.038,500,1.554569000029005,4.634935999987647,4.770614999928512,9.101682000095025,50,8.763370999949984,10.820210000034422,11.798909000004642,11.798909000004642
2026-08-28T06:53:07.936Z,660.038,500,1.534118999959901,4.641606000019237,4.9278550000162795,8.114382999949157,50,8.512451999937184,11.168029999942519,11.960578999947757,11.960578999947757
2026-08-28T06:53:17.936Z,670.038,500,1.527998000034131,4.600994999986142,4.802404999965802,11.554630000027828,50,7.869072999921627,10.872779999976046,11.104189000092447,11.104189000092447
2026-08-28T06:53:27.936Z,680.038,500,1.518919000052847,4.631426000036299,5.000224999967031,8.147913000080734,50,6.929783000028692,11.112828999990597,11.73541900003329,11.73541900003329
2026-08-28T06:53:37.938Z,690.038,500,1.5451990000437945,4.736644999939017,5.009205000009388,7.9200619999319315,50,8.875171999912709,11.091568999923766,11.832618999993429,11.832618999993429
2026-08-28T06:53:47.937Z,700.039,500,1.5306189999682829,4.656745999935083,4.855106000090018,5.501945000025444,50,8.725112000014633,11.325259999954142,11.719848999986425,11.719848999986425
2026-08-28T06:53:57.937Z,710.038,500,1.5554980000015348,4.692226000013761,4.838856000103988,11.588948999997228,50,7.580793000059202,10.848340000025928,11.847819000016898,11.847819000016898
2026-08-28T06:54:07.938Z,720.038,500,1.5362889999523759,4.647186000016518,4.7834359999978915,7.814773000078276,50,7.7438229999970645,11.169190000044182,11.827618999988772,11.827618999988772
2026-08-28T06:54:17.937Z,730.039,500,1.5669879999477416,4.738926000078209,4.904056000057608,8.092431999975815,50,9.158521999954246,11.224809000035748,11.502628999995068,11.502628999995068
2026-08-28T06:54:27.937Z,740.039,500,1.4887989999260753,4.553986000013538,4.892814999911934,10.964139999938197,50,9.131680999998935,11.270208999980241,11.780859000049531,11.780859000049531
2026-08-28T06:54:37.937Z,750.039,500,1.4889989999355748,4.5473860000493005,4.817705999943428,7.8777130000526085,50,9.059461999917403,11.222488999948837,11.613929999992251,11.613929999992251
2026-08-28T06:54:47.938Z,760.038,500,1.5349789999891073,4.680086000007577,4.948405999923125,7.844582000048831,50,8.924551000003703,11.376019000075758,11.609339000075124,11.609339000075124
2026-08-28T06:54:57.938Z,770.038,500,1.5366589999757707,4.652404999942519,4.905006000073627,10.369361000019126,50,9.0516709999647,11.369879000005312,11.654778999974951,11.654778999974951
2026-08-28T06:55:07.938Z,780.038,500,1.5232989999931306,4.58930600003805,4.881815999979153,9.00415100005921,50,9.309092000010423,11.818908000015654,12.08131899998989,12.08131899998989
2026-08-28T06:55:17.937Z,790.038,500,1.4971789999399334,4.64061500004027,4.960285000037402,9.738550999900326,50,8.948342000017874,11.206589000066742,11.72402899991721,11.72402899991721
2026-08-28T06:55:27.937Z,800.039,500,1.4741579999681562,4.564925999962725,4.774605999933556,11.60204899997916,50,8.859861000091769,11.777038999949582,11.849079000065103,11.849079000065103
2026-08-28T06:55:37.936Z,810.038,500,1.5549290000926703,4.6719960001064464,5.0134349999716505,8.924582000006922,50,9.165551000041887,11.248169000027701,11.80329900002107,11.80329900002107
2026-08-28T06:55:47.939Z,820.039,500,1.511329000000842,4.626354999956675,5.225515000056475,7.644203000003472,50,9.077411999925971,11.245769000030123,11.267189000034705,11.267189000034705
2026-08-28T06:55:57.938Z,830.038,500,1.5203390000388026,4.667355999932624,4.897334999986924,12.508618999971077,50,9.271640999941155,11.245999999926426,11.858848999952897,11.858848999952897
2026-08-28T06:56:07.938Z,840.038,500,1.4903880000347272,4.625625999993645,4.773645000066608,9.505310999928042,50,8.948641999973916,11.135638999985531,11.983237999957055,11.983237999957055
2026-08-28T06:56:17.936Z,850.038,500,1.5446380000794306,4.5815050000092015,4.792024999973364,5.437854999909177,50,9.02816200000234,11.397328999941237,11.948219000012614,11.948219000012614
2026-08-28T06:56:27.938Z,860.038,500,1.5130880000069737,4.545064999954775,5.062675000051968,12.37415799999144,50,9.832381000043824,11.26719000004232,11.993369000032544,11.993369000032544
2026-08-28T06:56:37.937Z,870.039,500,1.508557999972254,4.5401859999401495,4.8660159999271855,10.655819999985397,50,9.867771000019275,11.770749000017531,12.037369000026956,12.037369000026956
2026-08-28T06:56:47.936Z,880.038,500,1.5192479999968782,4.578696000040509,4.998655000003055,8.595662000006996,50,9.678750999970362,11.235880000051111,12.420038999989629,12.420038999989629
2026-08-28T06:56:57.936Z,890.038,500,1.538088999921456,4.6362560000270605,4.79252599994652,11.553448999999091,50,9.225621000048704,11.901258999947459,12.53289799997583,12.53289799997583
2026-08-28T06:57:07.938Z,900.038,500,1.5454280000412837,4.625685999984853,4.736115999985486,7.186924000037834,50,9.102742000017315,11.201129999943078,11.89305900002364,11.89305900002364
2026-08-28T06:57:17.938Z,910.038,500,1.4917879999848083,4.559796000015922,4.718756000045687,9.496710999985225,50,9.989241000032052,11.372059999965131,18.824992000008933,18.824992000008933
2026-08-28T06:57:27.937Z,920.038,500,1.509559000027366,4.596665999968536,4.903815999976359,12.797368000028655,50,9.981479999958538,11.756648999988101,11.907517999992706,11.907517999992706
2026-08-28T06:57:37.938Z,930.039,500,1.490269000059925,4.552905999938957,4.888055000104941,9.447910999995656,50,9.176321999984793,11.788838999927975,12.386968999984674,12.386968999984674
2026-08-28T06:57:47.938Z,940.038,500,1.5146879999665543,4.602394999936223,4.877926000044681,13.397026999969967,50,9.47451099997852,11.263110000058077,13.980587000027299,13.980587000027299
2026-08-28T06:57:57.937Z,950.038,500,1.5194589999737218,4.53475599992089,4.788015000056475,7.231122999917716,50,9.115251999930479,11.898218999966048,12.044427999993786,12.044427999993786
2026-08-28T06:58:07.938Z,960.038,500,1.5217379999812692,4.547005999949761,4.7797560000326484,9.380872000008821,50,9.787091000005603,11.894978999975137,12.23915899998974,12.23915899998974
2026-08-28T06:58:17.937Z,970.039,500,1.5228689999785274,4.537585999933071,4.8917249999940395,9.757090999977663,50,9.997839999967255,12.058857999974862,15.648295999970287,15.648295999970287
2026-08-28T06:58:27.939Z,980.039,500,1.5384680000133812,4.5552349999779835,4.7226550000486895,5.177054999978282,50,10.004760000039823,11.41637900006026,12.008538999943994,12.008538999943994
2026-08-28T06:58:37.937Z,990.039,500,1.5096780000021681,4.57701599993743,4.761445999960415,9.343210999970324,50,9.915399999939837,11.7803389999317,11.95416900003329,11.95416900003329
2026-08-28T06:58:47.937Z,1000.039,500,1.552828999934718,4.661345999920741,4.927435000077821,9.376301000011154,50,9.883720999932848,11.153050000080839,11.5787400000263,11.5787400000263
2026-08-28T06:58:57.939Z,1010.039,500,1.555398999946192,4.653494999976829,5.002846000017598,10.690459999954328,50,10.021000999957323,11.469580000033602,12.40591900004074,12.40591900004074
2026-08-28T06:59:07.939Z,1020.039,500,1.5510990000329912,4.585635999916121,4.972606000024825,10.087261000066064,50,9.979020999977365,11.693008999922313,12.722647999995388,12.722647999995388
2026-08-28T06:59:17.939Z,1030.039,500,1.5638079999480397,4.584556000074372,4.787246000021696,9.476721000042744,50,10.048410999937914,11.9158480000915,12.174027999979444,12.174027999979444
2026-08-28T06:59:27.939Z,1040.039,500,1.5705680001992732,4.605764999985695,4.941396000096574,9.25450100004673,50,9.921330999932252,11.537650000071153,11.964389000087976,11.964389000087976
2026-08-28T06:59:37.939Z,1050.04,500,1.5596380000934005,4.554575999965891,4.88754600007087,9.843070999952033,50,9.89523099991493,11.40483899996616,11.751689000055194,11.751689000055194
2026-08-28T06:59:47.937Z,1060.039,500,1.5553389999549836,4.643086000112817,5.116745000006631,8.563271999824792,50,9.903410999802873,11.822618999984115,12.001297999871895,12.001297999871895
2026-08-28T06:59:57.938Z,1070.039,500,1.540398000041023,4.531776000047103,4.80121499998495,8.147632000036538,50,10.683320000069216,11.866038999985904,12.073437999933958,12.073437999933958
2026-08-28T07:00:07.938Z,1080.04,500,1.5613280001562089,4.543045999947935,4.9352949999738485,9.400090999901295,50,9.93188099982217,11.775388999842107,12.071469000075012,12.071469000075012
2026-08-28T07:00:17.939Z,1090.039,500,1.572027999907732,4.639975999947637,5.022914999863133,8.733862000051886,50,10.056640999857336,11.673858999973163,11.965029000071809,11.965029000071809
2026-08-28T07:00:27.937Z,1100.039,500,1.569609000114724,4.590895999921486,4.998704999918118,11.110570000018924,50,9.995500999968499,11.748079000040889,12.037347999867052,12.037347999867052
2026-08-28T07:00:37.938Z,1110.039,500,1.4808579999953508,4.509895999915898,4.826955999946222,8.509492000099272,50,10.594620000105351,11.672838999889791,11.897849000059068,11.897849000059068
2026-08-28T07:00:47.938Z,1120.039,500,1.5356479999609292,4.530205999966711,4.785506000043824,6.765862999949604,50,10.318179999943823,11.923989000031725,12.119199000066146,12.119199000066146
2026-08-28T07:00:57.939Z,1130.04,500,1.4558379999361932,4.512266000034288,5.04794600000605,10.359189999988303,50,10.348571000155061,11.882578999968246,12.271937999874353,12.271937999874353
2026-08-28T07:01:07.938Z,1140.04,500,1.5400290000252426,4.481715000001714,4.73904599994421,7.910772999981418,50,10.560549999820068,11.920808000024408,12.00866899988614,12.00866899988614
2026-08-28T07:01:17.937Z,1150.039,500,1.527348999865353,4.529955999925733,4.852835000026971,11.879498000023887,50,10.57949999999255,11.80312899989076,12.13226900016889,12.13226900016889
2026-08-28T07:01:27.939Z,1160.04,500,1.5457079999614507,4.567594999913126,4.81257600011304,11.428978999843821,50,10.325381000060588,11.813039000146091,12.022338999900967,12.022338999900967
2026-08-28T07:01:37.939Z,1170.041,500,1.5081379998009652,4.517075000097975,4.628534999908879,12.02155700000003,50,9.933918999973685,11.702887000050396,11.953516999958083,11.953516999958083
2026-08-28T07:01:47.939Z,1180.04,500,1.5470189999323338,4.54472399991937,4.790395000018179,8.150640999898314,50,10.686088000191376,11.908987000118941,12.380225999979302,12.380225999979302
2026-08-28T07:01:57.940Z,1190.04,500,1.529168999986723,4.564005000051111,5.378834000090137,12.438945999834687,50,10.24893799982965,11.81559699983336,11.898976000025868,11.898976000025868
2026-08-28T07:02:07.940Z,1200.041,500,1.5251289999578148,4.515894999960437,4.754835000028834,8.775970000075176,50,9.945048999972641,11.801116000162438,11.891587000107393,11.891587000107393
2026-08-28T07:02:17.939Z,1210.041,500,1.506448999978602,4.522805000189692,4.875674000009894,9.737288999836892,50,10.022698000073433,11.26540799997747,11.86436599981971,11.86436599981971
2026-08-28T07:02:27.939Z,1220.041,500,1.5398679999634624,4.4905949998646975,4.750364999985322,9.641978999832645,50,9.87987900013104,11.894917000085115,11.928047000197694,11.928047000197694
2026-08-28T07:02:37.940Z,1230.04,500,1.5335480000358075,4.555325000081211,4.72984499996528,10.146318000042811,50,10.107459000078961,11.825096999993548,12.198576000053436,12.198576000053436
2026-08-28T07:02:47.940Z,1240.04,500,1.5409679999575019,4.612674999982119,4.836245000129566,8.501110000070184,50,9.918508999980986,11.697347000008449,11.87362700002268,11.87362700002268
2026-08-28T07:02:57.938Z,1250.04,500,1.5483180000446737,4.522065000142902,5.233514999970794,8.61361000011675,50,10.487698999932036,11.821415999904275,11.914726000046358,11.914726000046358
2026-08-28T07:03:07.938Z,1260.04,500,1.5167479999363422,4.509374999906868,4.82867499999702,8.30276000010781,50,9.956228999886662,11.857685999944806,11.95958700007759,11.95958700007759
2026-08-28T07:03:17.939Z,1270.041,500,1.561297999927774,4.609944999916479,4.887295000022277,5.382173999911174,50,10.413608000148088,11.82950700004585,12.094247000059113,12.094247000059113
2026-08-28T07:03:27.941Z,1280.041,500,1.5600479999557137,4.473664999939501,4.689984999829903,7.935192000120878,50,10.057758999988437,11.827147000003606,11.874507000204176,11.874507000204176
2026-08-28T07:03:37.940Z,1290.041,500,1.5695380000397563,4.546044999966398,4.972533999942243,10.58675800007768,50,9.989217999856919,11.764327000128105,11.782345999963582,11.782345999963582
2026-08-28T07:03:47.941Z,1300.041,500,1.5637989998795092,4.565524999983609,4.840265000006184,11.834686999907717,50,9.869839000049978,11.711267000064254,11.957316999789327,11.957316999789327
2026-08-28T07:03:57.940Z,1310.041,500,1.5421790000982583,4.51907500019297,5.013453999999911,10.954448000062257,50,9.968889000127092,11.91698700003326,12.229397000046447,12.229397000046447
2026-08-28T07:04:07.939Z,1320.041,500,1.497577999951318,4.480595000088215,4.815775000024587,8.464911000104621,50,9.980799000011757,11.631717000156641,11.78997699986212,11.78997699986212
2026-08-28T07:04:17.940Z,1330.042,500,1.5360189999919385,4.538755000103265,5.184444000013173,11.982276000082493,50,10.648578000022098,11.744476999854669,12.078687000088394,12.078687000088394
2026-08-28T07:04:27.939Z,1340.041,500,1.4857779999729246,4.497254999820143,4.605274999979883,8.382680999813601,50,10.67580799991265,11.80246699997224,12.005786000052467,12.005786000052467
2026-08-28T07:04:37.941Z,1350.041,500,1.5640279999934137,4.667295000050217,5.133793999906629,8.772490000119433,50,10.623668000102043,11.961236000061035,12.10322599997744,12.10322599997744
2026-08-28T07:04:47.940Z,1360.042,500,1.4785490001086146,4.491304999915883,4.664954999927431,9.932839000131935,50,10.552658000029624,11.90286700008437,12.374925999902189,12.374925999902189
2026-08-28T07:04:57.939Z,1370.041,500,1.5147289999295026,4.5131550000514835,5.133135000010952,11.909275999991223,50,10.678318000165746,11.824266999959946,12.056507000001147,12.056507000001147
2026-08-28T07:05:07.940Z,1380.042,500,1.4769190000370145,4.502834999933839,4.85377399995923,10.366408000001684,50,9.994628999847919,11.81112700002268,12.099117000121623,12.099117000121623
2026-08-28T07:05:17.942Z,1390.042,500,1.4809679999016225,4.527204999933019,5.1479939999990165,9.344378999900073,50,10.780697999987751,11.806566999992356,11.855877000140026,11.855877000140026
2026-08-28T07:05:27.940Z,1400.042,500,1.52783799986355,4.510315000079572,4.898594999918714,9.251159999985248,50,9.91961900005117,11.881277000065893,11.96733699995093,11.96733699995093
2026-08-28T07:05:37.941Z,1410.042,500,1.5333680000621825,4.475554999895394,4.999583999859169,8.350010999944061,50,9.903578999917954,11.830207000020891,11.941417000023648,11.941417000023648
2026-08-28T07:05:47.940Z,1420.042,500,1.5978079999331385,4.613815000047907,4.991544999880716,8.963569999905303,50,10.43662800011225,11.408537000184879,11.620087000075728,11.620087000075728
2026-08-28T07:05:57.940Z,1430.042,500,1.5478379998821765,4.578854999970645,5.091184000018984,9.282229000004008,50,10.190548999933526,11.828687000088394,12.149545999942347,12.149545999942347
2026-08-28T07:06:07.941Z,1440.043,500,1.5166280001867563,4.524764999980107,4.925194999901578,8.978670000098646,50,10.1607579998672,11.771956000011414,11.848556999815628,11.848556999815628
2026-08-28T07:06:17.941Z,1450.043,500,1.506137999938801,4.513115000212565,4.735244999872521,9.208218999905512,50,10.688697999808937,11.761916999937966,11.78148699994199,11.78148699994199
2026-08-28T07:06:27.941Z,1460.043,500,1.527578999986872,4.5103750000707805,4.706535000121221,9.050099999876693,50,10.838547999970615,11.773406999884173,11.943265999900177,11.943265999900177
2026-08-28T07:06:37.942Z,1470.042,500,1.530938999960199,4.490913999965414,4.910954999970272,9.162460000021383,50,10.69619799987413,11.789907000027597,12.083966000005603,12.083966000005603
2026-08-28T07:06:47.942Z,1480.043,500,1.5494880001060665,4.498785000061616,4.700813999865204,9.407478999812156,50,10.453857999993488,11.80878599989228,13.436923999805003,13.436923999805003
2026-08-28T07:06:57.943Z,1490.043,500,1.5419380001258105,4.532374999951571,4.765684999991208,10.499667999800295,50,10.735827000113204,11.813336000079289,11.913086999906227,11.913086999906227
2026-08-28T07:07:07.942Z,1500.043,500,1.5507489999290556,4.5310850001405925,4.777254999848083,9.114589000120759,50,10.909658000105992,11.874217000091448,12.058656000066549,12.058656000066549
2026-08-28T07:07:17.941Z,1510.043,500,1.5899790001567453,4.621233999961987,5.001833999995142,9.601958999875933,50,10.902987000066787,11.79195600003004,12.24118599994108,12.24118599994108
2026-08-28T07:07:27.941Z,1520.043,500,1.545509000075981,4.515795000130311,4.791824000189081,11.646636999910697,50,10.846517999889329,11.989185999846086,12.228976999875158,12.228976999875158
2026-08-28T07:07:37.941Z,1530.043,501,1.549089000094682,4.539735000114888,4.79815399996005,9.055489999940619,50,10.516957999905571,11.907147000078112,11.94841599999927,11.94841599999927
2026-08-28T07:07:47.941Z,1540.043,499,1.5395179998595268,4.56258499994874,4.928065000101924,8.739670000039041,50,10.855516999959946,11.91421699989587,12.05209600017406,12.05209600017406
2026-08-28T07:07:57.941Z,1550.043,500,1.5246180000249296,4.512055000057444,4.750645000021905,9.785749000031501,50,10.811357999918982,11.783006000099704,11.905307000037283,11.905307000037283
2026-08-28T07:08:07.943Z,1560.043,500,1.5269779998343438,4.524734999984503,4.810945000033826,9.24801899981685,50,10.765518000116572,11.963115999940783,12.405366000020877,12.405366000020877
2026-08-28T07:08:17.943Z,1570.043,500,1.5070680000353605,4.554604999953881,4.891765000065789,8.743850000202656,50,10.801678000018,11.801365999970585,12.150796999922022,12.150796999922022
2026-08-28T07:08:27.943Z,1580.043,500,1.5584480001125485,4.5808149999938905,4.949314000084996,9.787309000035748,50,10.833187999902293,11.796467000152916,11.949355999939144,11.949355999939144
2026-08-28T07:08:37.943Z,1590.043,500,1.5591289999429137,4.626885000150651,5.1189540000632405,10.639797999989241,50,10.801607999950647,11.873576000100002,11.989996999967843,11.989996999967843
2026-08-28T07:08:47.942Z,1600.043,500,1.550127999857068,4.554204999934882,4.803025000030175,9.068070000037551,50,10.803578000050038,11.916815999895334,11.964607000118122,11.964607000118122
2026-08-28T07:08:57.943Z,1610.044,500,1.541058000177145,4.561414999887347,4.771594000048935,9.555009000003338,50,10.992717999964952,11.932827000040561,12.116575999883935,12.116575999883935
2026-08-28T07:09:07.943Z,1620.043,500,1.5290290000848472,4.523634999990463,4.914335000095889,12.014765999978408,50,10.718127999920398,11.925326000200585,12.41646600002423,12.41646600002423
2026-08-28T07:09:17.943Z,1630.043,500,1.5503279999829829,4.586455000098795,4.717774000018835,9.20356999989599,50,10.858487999998033,11.95126699982211,12.13028599997051,12.13028599997051
2026-08-28T07:09:27.942Z,1640.043,500,1.5365279999095947,4.467815000098199,4.761635000118986,10.01287900004536,50,10.824637999990955,11.846116999862716,11.964525999967009,11.964525999967009
2026-08-28T07:09:37.941Z,1650.043,500,1.5472989999689162,4.518814000068232,4.923973999917507,8.998419999843463,50,10.801238000160083,11.788506999844685,11.843526999931782,11.843526999931782
2026-08-28T07:09:47.941Z,1660.043,500,1.5476379999890924,4.562874000053853,5.064155000029132,9.523908999981359,50,10.880548000102863,11.840615999884903,11.964905999833718,11.964905999833718
2026-08-28T07:09:57.941Z,1670.043,500,1.53650899999775,4.5726449999492615,4.88993400009349,8.960590000031516,50,10.86364799994044,11.872306999983266,12.035477000055835,12.035477000055835
2026-08-28T07:10:07.942Z,1680.043,500,1.5499479998834431,4.567314999876544,5.026033999864012,9.015320000005886,50,10.78166799992323,11.821976999985054,12.091055999975652,12.091055999975652
2026-08-28T07:10:17.941Z,1690.043,500,1.5713380000088364,4.598235000157729,4.8461349999997765,12.200395999941975,50,10.885227999882773,11.962736000074074,11.974907000083476,11.974907000083476
2026-08-28T07:10:27.941Z,1700.043,500,1.564257999882102,4.583194000180811,4.892853999976069,9.276119000045583,50,10.796707999892533,11.877116000046954,12.098666000179946,12.098666000179946
2026-08-28T07:10:37.941Z,1710.043,500,1.5721179998945445,4.550233999965712,4.782804999966174,12.84560599992983,50,10.7466279999353,11.967666999902576,12.071475999895483,12.071475999895483
2026-08-28T07:10:47.941Z,1720.043,500,1.5308890000451356,4.482065000105649,4.705435000127181,10.813746999949217,50,10.8578480000142,11.815346000017598,11.82266699988395,11.82266699988395
2026-08-28T07:10:57.941Z,1730.043,500,1.53327800007537,4.535824999911711,4.689565000124276,15.993901999900118,50,10.827588000101969,11.707336999941617,12.324445999925956,12.324445999925956
2026-08-28T07:11:07.941Z,1740.043,500,1.5812689999584109,4.575154999969527,5.273993999930099,10.297297999961302,50,10.861017999937758,11.993726000189781,12.188506999984384,12.188506999984384
2026-08-28T07:11:17.942Z,1750.043,500,1.5705679999664426,4.562205000082031,4.726913999998942,10.361089000012726,50,10.84683799999766,12.204185999929905,12.312835999997333,12.312835999997333
2026-08-28T07:11:27.942Z,1760.043,501,1.5552779999561608,4.503774999873713,4.819774999981746,12.056157000130042,50,10.720198000082746,11.741656000027433,12.050027000019327,12.050027000019327
2026-08-28T07:11:37.943Z,1770.043,499,1.529928999952972,4.470985000021756,4.822304999921471,11.54071700014174,50,10.843637999845669,11.83041699999012,12.00654700002633,12.00654700002633
2026-08-28T07:11:47.943Z,1780.043,500,1.5576789998449385,4.533894999884069,4.879394999938086,9.860408999957144,50,10.70648799999617,11.765457000117749,11.850087000057101,11.850087000057101
2026-08-28T07:11:57.941Z,1790.043,500,1.5797989999409765,4.58949499996379,4.8340839999727905,11.874987000133842,50,10.799437999958172,12.02177600003779,12.25964600010775,12.25964600010775
2026-08-28T07:12:07.942Z,1800.043,500,1.542418000055477,4.552995000034571,4.8424150000792,10.098577999975532,50,10.851406999863684,11.938005999894813,12.024977000197396,12.024977000197396
2026-08-28T07:12:17.943Z,1810.043,500,1.5112880000378937,4.538974999915808,4.883105000015348,9.549368999898434,50,10.75853699981235,11.740807000081986,11.77284700004384,11.77284700004384
2026-08-28T07:12:27.942Z,1820.043,500,1.5038280000444502,4.468885000096634,4.677064999938011,9.658669999800622,50,10.83798800013028,11.843466999940574,12.06889700004831,12.06889700004831
2026-08-28T07:12:37.941Z,1830.043,500,1.5153479999862611,4.468765000114217,4.941785000031814,11.740777000086382,50,10.66655799979344,11.821886999998242,12.119346000021324,12.119346000021324
2026-08-28T07:12:47.941Z,1840.043,500,1.5214279999490827,4.47501500020735,4.851534000132233,11.289067999925464,50,10.72348799998872,11.652647000038996,12.007916999980807,12.007916999980807
2026-08-28T07:12:57.941Z,1850.043,500,1.5405079999472946,4.479674000060186,4.678425000049174,9.994699000148103,50,10.876338000176474,11.952397000044584,12.121716999914497,12.121716999914497
2026-08-28T07:13:07.941Z,1860.043,500,1.528857999946922,4.503064999822527,4.672275000018999,9.655108999926597,50,10.663448000093922,11.765376000199467,11.827135999919847,11.827135999919847
2026-08-28T07:13:17.942Z,1870.043,500,1.5571880000643432,4.583174000028521,4.8901349999941885,11.852176999906078,50,10.826688000001013,11.840916000073776,11.994736999971792,11.994736999971792
2026-08-28T07:13:27.943Z,1880.043,500,1.557039000093937,4.587373999878764,4.7918550001922995,10.037988000083715,50,10.792798000155017,11.85264699999243,11.891226999927312,11.891226999927312
2026-08-28T07:13:37.941Z,1890.043,500,1.5599680000450462,4.595075000077486,5.658083999995142,9.157839999999851,50,10.646408000029624,11.938116000033915,12.032925999956205,12.032925999956205
2026-08-28T07:13:47.941Z,1900.043,500,1.5744880000129342,4.574114999966696,5.003993999911472,9.936799000017345,50,10.856908000074327,11.922595999902114,11.983227000106126,11.983227000106126
2026-08-28T07:13:57.941Z,1910.043,500,1.5424490000586957,4.516245000064373,4.809043999994174,9.112280000001192,50,10.765877999830991,11.946876000147313,12.217155999969691,12.217155999969691
2026-08-28T07:14:07.943Z,1920.043,500,1.5274890000000596,4.538064999971539,5.18200400006026,10.864627999952063,50,10.662117999978364,11.779977000085637,12.057946000015363,12.057946000015363
2026-08-28T07:14:17.941Z,1930.043,500,1.5452880000229925,4.563844999996945,5.115343999816105,11.246038000099361,50,10.703207999933511,11.83732599997893,12.132706000003964,12.132706000003964
2026-08-28T07:14:27.941Z,1940.043,500,1.5498379999771714,4.541595000075176,4.798925000010058,10.41839799983427,50,10.643048000056297,11.956277000019327,12.074096000054851,12.074096000054851
2026-08-28T07:14:37.943Z,1950.043,500,1.5323679998982698,4.482465000124648,5.010255000088364,9.074600000167266,50,10.769288000185043,11.903567000059411,12.128826000029221,12.128826000029221
2026-08-28T07:14:47.941Z,1960.043,500,1.5499979997985065,4.545975000131875,4.74900499987416,9.316999000031501,50,10.819897999987006,11.930006999988109,12.022067000158131,12.022067000158131
2026-08-28T07:14:57.941Z,1970.043,500,1.5534779999870807,4.527964999899268,4.91683500004001,9.186220000032336,50,10.718968000030145,11.72601699992083,11.93572700000368,11.93572700000368
2026-08-28T07:15:07.943Z,1980.043,500,1.5702380000147969,4.6157050000038,5.007144000148401,11.18461799994111,50,10.730777999851853,11.971747000003234,12.024417000124231,12.024417000124231
2026-08-28T07:15:17.941Z,1990.043,500,1.555538000073284,4.5268749999813735,4.7625550001394,13.158745000138879,50,10.73739799996838,11.90341700008139,12.924455000087619,12.924455000087619
2026-08-28T07:15:27.943Z,2000.043,500,1.5431090001948178,4.523224999895319,4.955163999926299,9.341000000014901,50,10.800988000119105,11.819337000139058,12.880676000146195,12.880676000146195
2026-08-28T07:15:37.941Z,2010.043,500,1.5841890000738204,4.605525000020862,5.035474000032991,11.353287000209093,50,10.838507999898866,11.948817000025883,12.106405999977142,12.106405999977142
2026-08-28T07:15:47.941Z,2020.043,500,1.5130179999396205,4.52447499986738,4.827643999829888,9.567459000041708,50,10.680007999995723,11.780796999810264,12.285385999828577,12.285385999828577
2026-08-28T07:15:57.942Z,2030.043,500,1.5465090000070632,4.521224999800324,4.992293999996036,9.2579600000754,50,10.874268000014126,11.966457000002265,12.43016600003466,12.43016600003466
2026-08-28T07:16:07.941Z,2040.043,500,1.5382089999038726,4.5038050001021475,4.669565000105649,10.436017999891192,50,10.712488000048324,11.803445999976248,12.331895999843255,12.331895999843255
2026-08-28T07:16:17.943Z,2050.043,500,1.5438480000011623,4.520144999958575,4.6674250001087785,9.251019999850541,50,10.82462799991481,11.824797000037506,12.425256000133231,12.425256000133231
2026-08-28T07:16:27.943Z,2060.043,500,1.535658000037074,4.530365000013262,4.9187040000688285,10.260197999887168,50,10.882367999991402,11.882127000018954,13.361394999781623,13.361394999781623
2026-08-28T07:16:37.941Z,2070.043,500,1.5602480000816286,4.5664649999234825,4.85993399983272,10.655877999961376,50,10.611257999902591,11.886166000040248,11.978447000030428,11.978447000030428
2026-08-28T07:16:47.943Z,2080.043,500,1.5520480000413954,4.560354999965057,4.934815000044182,9.527478999923915,50,10.877097000135109,11.988917000126094,13.592294999863952,13.592294999863952
2026-08-28T07:16:57.943Z,2090.043,500,1.5695680000353605,4.567005000077188,4.8813140001147985,9.386509000090882,50,10.688768000109121,11.804156000027433,12.63319499976933,12.63319499976933
2026-08-28T07:17:07.943Z,2100.043,500,1.5433380003087223,4.512955000158399,4.970474999863654,10.243619000073522,50,10.736837999895215,11.899155999999493,12.455926000140607,12.455926000140607
2026-08-28T07:17:17.942Z,2110.043,500,1.5383679997175932,4.5191150000318885,5.093043999746442,10.984387999866158,50,10.760528000071645,11.955237000249326,14.881192999891937,14.881192999891937
2026-08-28T07:17:27.941Z,2120.043,500,1.5174380000680685,4.5278549999929965,4.8863450000062585,10.762908000033349,50,10.820468000136316,11.944366999901831,14.232954000122845,14.232954000122845
2026-08-28T07:17:37.943Z,2130.043,500,1.5483190002851188,4.5348249999806285,4.702525000087917,10.430587999988347,50,10.906347999814898,12.12020600028336,12.548165999818593,12.548165999818593
2026-08-28T07:17:47.941Z,2140.043,500,1.5522790001705289,4.538064999971539,4.822253999765962,10.320709000341594,50,10.91315699974075,11.916137000080198,13.804713999852538,13.804713999852538
2026-08-28T07:17:57.942Z,2150.043,500,1.5181379998102784,4.503035000059754,4.808045000303537,9.09934000018984,50,10.838247999548912,11.98650599969551,12.738576000090688,12.738576000090688
2026-08-28T07:18:07.941Z,2160.043,500,1.5398080004379153,4.549044999759644,4.974573999643326,11.516316999681294,50,10.801498000044376,11.561176999937743,11.892876999918371,11.892876999918371
2026-08-28T07:18:17.941Z,2170.043,500,1.5582079999148846,4.527414999902248,5.180683999788016,9.508289000019431,50,10.530468000099063,11.924796999897808,11.951306999661028,11.951306999661028
2026-08-28T07:18:27.943Z,2180.043,500,1.5441580000333488,4.465395000297576,4.671954999677837,9.146429999731481,50,10.790727999992669,11.87470699986443,12.577306000050157,12.577306000050157
2026-08-28T07:18:37.943Z,2190.043,500,1.558778999838978,4.495564999990165,4.787514999974519,10.829737999942154,50,10.74461799999699,11.90054599987343,12.48586600041017,12.48586600041017
2026-08-28T07:18:47.943Z,2200.043,500,1.55313799995929,4.511225000023842,4.8127849996089935,10.291298000141978,50,10.718497999943793,11.850575999822468,12.654746000189334,12.654746000189334
2026-08-28T07:18:57.943Z,2210.043,500,1.5575490002520382,4.478064999915659,5.068334999959916,10.39142799982801,50,10.684968000277877,12.048216999974102,12.98257500026375,12.98257500026375
2026-08-28T07:19:07.941Z,2220.043,500,1.5505389999598265,4.487274999730289,4.912514000199735,9.176460000220686,50,10.782777999993414,11.856555999722332,15.033262999728322,15.033262999728322
2026-08-28T07:19:17.941Z,2230.043,500,1.5633380003273487,4.5211450001224875,5.180874000303447,10.855197999626398,50,10.740038000047207,11.997505999635905,12.328135999850929,12.328135999850929
2026-08-28T07:19:27.943Z,2240.043,500,1.5404679998755455,4.474425000138581,4.753835000097752,9.38927899999544,50,10.773548000026494,12.127756000030786,12.428796000313014,12.428796000313014
2026-08-28T07:19:37.941Z,2250.043,500,1.544679000042379,4.524854999966919,5.220093999989331,10.483507999684662,50,10.789627999998629,12.012037000153214,13.993964000139385,13.993964000139385
2026-08-28T07:19:47.943Z,2260.043,500,1.5682879998348653,4.492675000336021,4.809463999699801,9.394840000197291,50,10.9153370000422,12.051587000023574,12.316835999954492,12.316835999954492
2026-08-28T07:19:57.941Z,2270.043,500,1.5617279997095466,4.513675000052899,4.850374000146985,10.722327999770641,50,10.810438000131398,12.139745999593288,14.576523999683559,14.576523999683559
2026-08-28T07:20:07.942Z,2280.043,500,1.5643989997915924,4.48494500014931,4.916644999757409,10.092548999935389,50,10.724898000247777,12.004265999887139,12.036315999925137,12.036315999925137
2026-08-28T07:20:17.942Z,2290.043,500,1.5461189998313785,4.461755000054836,4.85990499984473,10.117429000325501,50,10.502178000286222,11.798476999625564,11.972306999843568,11.972306999843568
2026-08-28T07:20:27.942Z,2300.043,500,1.5261489995755255,4.45691499998793,4.713243999984115,12.962255000136793,50,10.635957999620587,11.991537000052631,14.074564000125974,14.074564000125974
2026-08-28T07:20:37.942Z,2310.043,500,1.5510080000385642,4.506904999725521,4.868724999949336,10.18032900011167,50,10.733918000012636,11.949466000311077,15.140503000002354,15.140503000002354
2026-08-28T07:20:47.942Z,2320.043,500,1.5543480003252625,4.552664999850094,4.818024999927729,10.17220799997449,50,10.733877999708056,11.96629700018093,14.288344000000507,14.288344000000507
2026-08-28T07:20:57.943Z,2330.043,500,1.5628780000843108,4.545235000085086,4.976484999991953,10.031878999900073,50,10.573857999872416,11.994245999958366,15.280342999845743,15.280342999845743
2026-08-28T07:21:07.942Z,2340.043,500,1.4885590001940727,4.448344999924302,5.01579499989748,9.70484900008887,50,10.597287999931723,11.816657000221312,11.965697000268847,11.965697000268847
2026-08-28T07:21:17.943Z,2350.043,500,1.510507999919355,4.45272499974817,4.923943999689072,9.148598999716341,50,10.537018000148237,11.927296000067145,12.141276999842376,12.141276999842376
2026-08-28T07:21:27.943Z,2360.043,500,1.5240780003368855,4.478445000015199,5.092054999899119,11.29553799983114,50,10.840658000204712,11.969657000154257,12.143035999964923,12.143035999964923
2026-08-28T07:21:37.944Z,2370.043,500,1.5369580001570284,4.458394999615848,4.587444999720901,10.799347000196576,50,10.710818000137806,11.91536600003019,11.988226000219584,11.988226000219584
2026-08-28T07:21:47.945Z,2380.043,500,1.5116980001330376,4.4439050001092255,5.11028499994427,11.821465999819338,50,10.651637999806553,11.823907000012696,11.869827000424266,11.869827000424266
2026-08-28T07:21:57.943Z,2390.043,500,1.5315379998646677,4.445474999956787,4.725145000033081,12.59666599985212,50,10.771658000070602,12.03074700012803,12.056876999791712,12.056876999791712
2026-08-28T07:22:07.943Z,2400.043,500,1.5286580002866685,4.4923350000754,5.493633999954909,12.015597000252455,50,10.599838000256568,11.828226000070572,12.094556000083685,12.094556000083685
2026-08-28T07:22:17.943Z,2410.043,500,1.5454480000771582,4.475314999930561,4.846224999986589,12.774186000227928,50,10.711897999979556,11.798907000105828,11.955166999716312,11.955166999716312
2026-08-28T07:22:27.943Z,2420.043,500,1.4679189999587834,4.432754999957979,4.829894999973476,12.97621600003913,50,10.575017999857664,11.703437000047415,11.778907000087202,11.778907000087202
2026-08-28T07:22:37.943Z,2430.043,500,1.4845280000008643,4.451245000120252,4.824825000017881,13.076905000023544,50,10.574678000062704,11.791766999755055,11.875887000001967,11.875887000001967
2026-08-28T07:22:47.944Z,2440.044,500,1.5441290000453591,4.450524999760091,4.795094999950379,13.468113999813795,50,10.822887999936938,12.080395999830216,12.458856000099331,12.458856000099331
2026-08-28T07:22:57.945Z,2450.043,500,1.538477999623865,4.448974999599159,4.790805000346154,15.240032999776304,50,10.608698000200093,11.668326999992132,12.070197000168264,12.070197000168264
2026-08-28T07:23:07.943Z,2460.043,500,1.5204889997839928,4.464085000101477,4.85177499987185,13.955394000280648,50,10.742857999633998,11.934697000309825,12.035106000024825,12.035106000024825
2026-08-28T07:23:17.945Z,2470.043,500,1.5527180000208318,4.500175000168383,4.797205000184476,14.84670399967581,50,10.670227999798954,11.761707000434399,12.104295999743044,12.104295999743044
2026-08-28T07:23:27.944Z,2480.043,500,1.515119000338018,4.48062500031665,5.047334000002593,14.476094000041485,50,10.498928000219166,11.771236999891698,11.950476000085473,11.950476000085473
2026-08-28T07:23:37.946Z,2490.043,500,1.526047999970615,4.4536859998479486,4.925743999890983,14.90243300003931,50,10.719018000178039,11.86425600014627,11.883406000211835,11.883406000211835
2026-08-28T07:23:47.946Z,2500.043,500,1.4936479995958507,4.458815000019968,5.036073999945074,15.208751999773085,50,10.75293800001964,11.965187000110745,12.0136570003815,12.0136570003815
2026-08-28T07:23:57.946Z,2510.044,500,1.5065089999698102,4.498814999591559,5.138754999730736,15.121322999708354,50,10.628887999802828,11.944287000223994,16.924161000177264,16.924161000177264
2026-08-28T07:24:07.946Z,2520.043,500,1.5494280001148582,4.494664999656379,4.974514000117779,15.7241520001553,50,10.723988000303507,11.87069599982351,12.045837000012398,12.045837000012398
2026-08-28T07:24:17.945Z,2530.044,500,1.5163389998488128,4.457285000011325,4.932215000037104,16.13725099992007,50,10.634937999770045,11.782296999823302,12.032406999729574,12.032406999729574
2026-08-28T07:24:27.947Z,2540.044,500,1.4943180000409484,4.438205000013113,4.802954999729991,16.535352000035346,50,10.733188000041991,11.787696999963373,12.095226000063121,12.095226000063121
2026-08-28T07:24:37.945Z,2550.043,500,1.528577999677509,4.4482149998657405,4.7159439995884895,16.60273199994117,50,10.757538000121713,12.00078700017184,12.10576600022614,12.10576600022614
2026-08-28T07:24:47.945Z,2560.043,500,1.4697879999876022,4.471264999825507,5.131323999725282,15.54471299983561,50,10.701818000059575,11.892396999988705,12.176725999917835,12.176725999917835
2026-08-28T07:24:57.947Z,2570.043,500,1.516598000191152,4.517955000046641,5.1689939997158945,15.877191999927163,50,10.626427999697626,11.945816999766976,12.315996000077575,12.315996000077575
2026-08-28T07:25:07.946Z,2580.044,500,1.5196480001322925,4.4781650002114475,4.731744999997318,19.360117999836802,50,10.61508799996227,11.91713700024411,12.007706000003964,12.007706000003964
2026-08-28T07:25:17.947Z,2590.045,500,1.5184889999218285,4.4781550001353025,5.297164000105113,18.090909999795258,50,10.649988000281155,11.918556000106037,12.017967000138015,12.017967000138015
2026-08-28T07:25:27.949Z,2600.045,500,1.5554780000820756,4.6300840000621974,5.58413300011307,17.587700000032783,50,10.063538999762386,11.83136700000614,11.921557000372559,11.921557000372559
2026-08-28T07:25:37.950Z,2610.046,500,1.544759000185877,4.550314999651164,5.223684000317007,19.014839000068605,50,10.092087999917567,11.730477000121027,11.924786999821663,11.924786999821663
2026-08-28T07:25:47.955Z,2620.052,500,1.4935980001464486,4.444325000047684,4.821904999669641,18.462418999988586,50,10.834658000152558,11.901117000263184,12.04595600022003,12.04595600022003
2026-08-28T07:25:57.957Z,2630.052,501,1.5281080002896488,4.4665850000455976,4.859315000008792,18.100308999884874,50,10.466678000055254,11.981306000147015,12.440395999699831,12.440395999699831
2026-08-28T07:26:07.955Z,2640.052,500,1.5393580002710223,4.474285000003874,4.90110500017181,11.860586000140756,50,10.711308000143617,11.903287000022829,13.060415000189096,13.060415000189096
2026-08-28T07:26:17.957Z,2650.052,500,1.5188279999420047,4.457185000181198,4.800864000339061,8.458990999963135,50,10.663947999943048,11.787956000305712,12.238555999938399,12.238555999938399
2026-08-28T07:26:27.956Z,2660.053,500,1.5278690000995994,4.490714999847114,4.69390399986878,12.587205999996513,50,10.72363799996674,11.821847000159323,11.970896000042558,11.970896000042558
2026-08-28T07:26:37.958Z,2670.052,500,1.5636080000549555,4.52845499990508,4.887825000099838,9.505158999934793,50,10.733887999784201,11.97203700011596,12.05170700000599,12.05170700000599
2026-08-28T07:26:47.959Z,2680.052,499,1.5648079998791218,4.505725000053644,4.936764999758452,9.194719000253826,50,10.619938000105321,11.762417000252753,11.9749660002999,11.9749660002999
2026-08-28T07:26:57.962Z,2690.053,500,1.540147999767214,4.486914999783039,4.825463999994099,27.760158999823034,50,10.733707999810576,11.983306999783963,12.04216599976644,12.04216599976644
2026-08-28T07:27:07.951Z,2700.053,501,1.5582979996688664,4.518964999821037,4.755744999740273,30.455695999786258,50,10.69583800015971,11.970626999624074,12.051045999862254,12.051045999862254
2026-08-28T07:27:17.951Z,2710.053,500,1.594808000139892,4.521144999656826,4.710123999975622,8.947020000312477,50,10.779368000105023,11.99142700014636,12.075116000138223,12.075116000138223
2026-08-28T07:27:27.951Z,2720.053,500,1.5649180002510548,4.507924999576062,4.7190349996089935,7.209552000276744,50,10.724037999752909,11.884076000191271,12.008955999743193,12.008955999743193
2026-08-28T07:27:37.953Z,2730.053,500,1.5412890003062785,4.501275000162423,4.849665000103414,8.106441000010818,50,10.680517999920994,11.9439260000363,12.04146600002423,12.04146600002423
2026-08-28T07:27:47.952Z,2740.053,500,1.5552489999681711,4.490015000104904,4.831754999700934,6.553162999916822,50,10.81704799970612,11.961176000069827,12.193646000232548,12.193646000232548
2026-08-28T07:27:57.952Z,2750.053,500,1.5306180003099144,4.489284999668598,4.789615000132471,11.257677999790758,50,10.712547999806702,11.816655999980867,11.958256000187248,11.958256000187248
2026-08-28T07:28:07.951Z,2760.053,500,1.5421779998578131,4.526945000048727,4.625935000367463,8.857740000355989,50,10.782557999715209,11.880576999858022,11.94099699985236,11.94099699985236
2026-08-28T07:28:17.951Z,2770.053,500,1.554208000190556,4.462354999966919,4.864254999905825,6.870311999693513,50,10.843067000154406,11.885296999942511,11.96594600006938,11.96594600006938
2026-08-28T07:28:27.952Z,2780.053,500,1.5606090002693236,4.483644999563694,4.7118849996477365,7.445881000254303,50,10.828187000006437,11.845366000197828,12.377495999913663,12.377495999913663
2026-08-28T07:28:37.951Z,2790.053,500,1.5653680004179478,4.513295000419021,4.904563999734819,11.771786999888718,50,10.764047999866307,11.958796000108123,11.988195999991149,11.988195999991149
2026-08-28T07:28:47.951Z,2800.053,500,1.605647999793291,4.651504999957979,4.833775000181049,7.275831999722868,50,10.616177999880165,11.98311599995941,12.07593599986285,12.07593599986285
2026-08-28T07:28:57.952Z,2810.053,500,1.5565380002371967,4.487844999879599,4.987273999955505,7.175522000063211,50,10.801057999953628,11.907225999981165,12.215826000086963,12.215826000086963
2026-08-28T07:29:07.952Z,2820.053,500,1.5551289999857545,4.487794999964535,4.847163999918848,8.141551000066102,50,10.668728000018746,11.835126999765635,12.079507000278682,12.079507000278682
2026-08-28T07:29:17.952Z,2830.053,500,1.5689880000427365,4.495784999802709,4.8304539998061955,8.184530000202358,50,10.924588000401855,11.910857000388205,12.044976999983191,12.044976999983191
2026-08-28T07:29:27.953Z,2840.053,500,1.564257999882102,4.488695000298321,4.8754839999601245,8.171180999837816,50,10.742208000272512,11.947997000068426,11.983817000407726,11.983817000407726
2026-08-28T07:29:37.951Z,2850.053,500,1.5693780002184212,4.497314999811351,4.780024999752641,10.72181799961254,50,10.672077999915928,11.863167000003159,12.10842700023204,12.10842700023204
2026-08-28T07:29:47.951Z,2860.053,500,1.5781479999423027,4.508444999810308,4.892663999926299,10.590997999999672,50,10.420588999986649,11.734366999939084,12.315125999972224,12.315125999972224
2026-08-28T07:29:57.953Z,2870.053,500,1.5601579998619854,4.488104999996722,4.650655000004917,8.595980000216514,50,10.742567999754101,11.978077000007033,12.018385999836028,12.018385999836028
2026-08-28T07:30:07.953Z,2880.053,500,1.5500779999420047,4.470815000124276,4.790734999813139,8.788960000034422,50,10.778588000219315,11.940047000069171,11.969777000136673,11.969777000136673
2026-08-28T07:30:17.951Z,2890.053,500,1.5338489999994636,4.494194999802858,4.997535000089556,8.831070000305772,50,10.745587999932468,11.814995999913663,12.06115600001067,12.06115600001067
2026-08-28T07:30:27.953Z,2900.053,500,1.5667079999111593,4.524565000087023,4.92440399993211,11.977427000179887,50,10.685728000011295,11.796156999655068,11.897746999748051,11.897746999748051
2026-08-28T07:30:37.953Z,2910.054,500,1.5741280000656843,4.5103750000707805,4.858304999768734,10.875347000081092,50,10.821418000385165,11.813606000039726,12.060656000394374,12.060656000394374
2026-08-28T07:30:47.953Z,2920.053,500,1.5517589999362826,4.494785000104457,4.674313999712467,11.214317999780178,50,10.722178000025451,11.251606999896467,11.895756999962032,11.895756999962032
2026-08-28T07:30:57.952Z,2930.054,500,1.5515080001205206,4.496834999881685,5.084044999908656,12.647295999806374,50,10.828498000279069,11.876116999890655,12.339556000195444,12.339556000195444
2026-08-28T07:31:07.951Z,2940.053,500,1.5163290002383292,4.463514999952167,4.922684000339359,9.994078999850899,50,10.598327999934554,11.83135599968955,11.932806999888271,11.932806999888271
2026-08-28T07:31:17.951Z,2950.053,500,1.5430879998020828,4.505344999954104,4.78099500015378,12.868555000051856,50,10.60966799966991,11.943595999851823,11.973957000300288,11.973957000300288
2026-08-28T07:31:27.953Z,2960.053,500,1.5452979998663068,4.505774999968708,4.996693999972194,8.05347099993378,50,10.723406999837607,12.038287000264972,12.087087000254542,12.087087000254542
2026-08-28T07:31:37.952Z,2970.054,500,1.5662179999053478,4.54001499991864,4.842004000209272,7.142082000151277,50,10.71226800000295,11.72762699984014,11.939625999890268,11.939625999890268
2026-08-28T07:31:47.953Z,2980.054,500,1.5202279998920858,4.479955000337213,5.047733999788761,10.981867999769747,50,10.714567999821156,11.873376999981701,12.115046999882907,12.115046999882907
2026-08-28T07:31:57.953Z,2990.054,500,1.551887999754399,4.496744999662042,4.683544999919832,12.78404500009492,50,10.730828000232577,11.841785999946296,12.197286000009626,12.197286000009626
2026-08-28T07:32:07.953Z,3000.054,500,1.5533790001645684,4.494435000233352,4.7516450001858175,10.742368000093848,50,10.689627999905497,11.908177000004798,12.02846600022167,12.02846600022167
2026-08-28T07:32:17.953Z,3010.053,500,1.5253989999182522,4.509084000252187,4.787715000100434,11.121367000043392,50,10.73720799991861,11.701417000032961,12.021716999821365,12.021716999821365
2026-08-28T07:32:27.951Z,3020.053,500,1.5828879997134209,4.529325000010431,5.015184000134468,6.038302999921143,50,10.733047999907285,11.997506000101566,12.10014700004831,12.10014700004831
2026-08-28T07:32:37.952Z,3030.054,500,1.569148000329733,4.514014999847859,4.826945000328124,9.8636590000242,50,10.799358000047505,11.987356999889016,12.081555999815464,12.081555999815464
2026-08-28T07:32:47.953Z,3040.053,500,1.563588000368327,4.515893999952823,4.931905000004917,8.729429999832064,50,10.561667999718338,11.748476999811828,12.034486999735236,12.034486999735236
2026-08-28T07:32:57.951Z,3050.053,500,1.5670590000227094,4.508553999941796,4.928414999973029,11.56533700041473,50,10.758047999814153,11.862556000240147,12.117915999609977,12.117915999609977
2026-08-28T07:33:07.952Z,3060.054,500,1.5653590001165867,4.491305000148714,4.806443999987096,8.653440000023693,50,10.738938000053167,11.876647000201046,12.050487000029534,12.050487000029534
2026-08-28T07:33:17.953Z,3070.053,500,1.5637379996478558,4.478945000097156,4.705005000345409,9.78601900022477,50,10.831257000099868,11.96685600001365,12.124166999943554,12.124166999943554
2026-08-28T07:33:27.953Z,3080.054,500,1.5553689999505877,4.498385000042617,4.9050650000572205,8.729000000283122,50,10.66985800024122,11.855587000027299,12.05446600029245,12.05446600029245
2026-08-28T07:33:37.953Z,3090.054,500,1.5674080001190305,4.503154000267386,4.836054999846965,9.547509000170976,50,10.630657999776304,11.982476999983191,13.019885000307113,13.019885000307113
2026-08-28T07:33:47.952Z,3100.054,500,1.5344879999756813,4.46883499994874,4.655625000130385,9.01315899984911,50,10.762777999974787,11.83134700031951,12.037746000103652,12.037746000103652
2026-08-28T07:33:57.954Z,3110.054,500,1.5747980000451207,4.54237399995327,4.976943999994546,11.35827700002119,50,10.704147999640554,11.840927000157535,12.007145999930799,12.007145999930799
2026-08-28T07:34:07.953Z,3120.054,500,1.563298000022769,4.510895000305027,4.782905000261962,5.865804000291973,50,10.760507999919355,11.979627000167966,12.18471600022167,12.18471600022167
2026-08-28T07:34:17.952Z,3130.054,500,1.562497999984771,4.466324999928474,4.885495000053197,8.43301000026986,50,10.770847999956459,11.846497000195086,11.962696000002325,11.962696000002325
2026-08-28T07:34:27.952Z,3140.054,500,1.573177999816835,4.490734999999404,4.690574999898672,8.822869999799877,50,10.750198000110686,11.861746999900788,12.077765999827534,12.077765999827534
2026-08-28T07:34:37.953Z,3150.054,500,1.5709090000018477,4.47734500002116,4.79757499974221,6.937082000076771,50,10.579517999663949,11.68032700009644,11.789007000159472,11.789007000159472
2026-08-28T07:34:47.954Z,3160.055,500,1.5328680002130568,4.462284999899566,4.616444999817759,7.523801000323147,50,10.728207999840379,11.793505999725312,11.990946999751031,11.990946999751031
2026-08-28T07:34:57.953Z,3170.054,500,1.5585680003277957,4.488404999952763,5.067985000088811,9.118490000255406,50,10.677427999675274,11.872316000051796,12.844456000253558,12.844456000253558
2026-08-28T07:35:07.953Z,3180.054,500,1.5487890001386404,4.477305000182241,4.632624000310898,9.048769999761134,50,10.727628000080585,11.940586999990046,12.035445999819785,12.035445999819785
2026-08-28T07:35:17.954Z,3190.054,500,1.5836880002170801,4.524344999808818,4.856434000190347,7.097792000044137,50,10.70650799991563,11.838907000143081,11.966296000406146,11.966296000406146
2026-08-28T07:35:27.953Z,3200.054,500,1.5686280000954866,4.511744999792427,4.932814000174403,9.191969000268728,50,10.835597999859601,11.985427000094205,12.050706000067294,12.050706000067294
2026-08-28T07:35:37.954Z,3210.054,500,1.574589000083506,4.509275000076741,4.877244000323117,10.222998999990523,50,10.682787999976426,11.850435999687761,12.06740599963814,12.06740599963814
2026-08-28T07:35:47.952Z,3220.054,500,1.5723179997876287,4.543924999888986,4.924335000105202,8.713590000290424,50,10.697538000065833,11.818787000142038,12.012056999839842,12.012056999839842
2026-08-28T07:35:57.952Z,3230.054,500,1.6012880001217127,4.601775000337511,4.953654000069946,9.25249999994412,50,10.854528000112623,11.933407000266016,12.004876000341028,12.004876000341028
2026-08-28T07:36:07.953Z,3240.055,500,1.5486380001530051,4.459484999999404,4.673505000304431,8.534239999949932,50,10.746607000008225,11.815477000083774,11.846726999618113,11.846726999618113
2026-08-28T07:36:17.954Z,3250.055,500,1.6046779998578131,4.62616499979049,4.957704000174999,9.67600900027901,50,10.526087999809533,11.906797000207007,12.360576000064611,12.360576000064611
2026-08-28T07:36:27.954Z,3260.054,500,1.551558000035584,4.4913749997504056,4.760293999686837,7.697431000415236,50,10.788517999928445,11.948065999895334,11.976846999954432,11.976846999954432
2026-08-28T07:36:37.954Z,3270.055,500,1.5445190002210438,4.506885000038892,4.9872349998913705,10.908757000230253,50,10.83244700031355,11.974466999992728,11.990005999803543,11.990005999803543
2026-08-28T07:36:47.953Z,3280.054,500,1.5530980001203716,4.4877840001136065,4.786155000329018,10.836078000254929,50,10.806867999956012,11.859106999821961,11.96320699993521,11.96320699993521
2026-08-28T07:36:57.954Z,3290.055,500,1.5334179997444153,4.4567849999293685,4.689615000039339,8.71817999985069,50,10.716167999897152,11.834856000263244,12.02861599996686,12.02861599996686
2026-08-28T07:37:07.953Z,3300.054,500,1.5482290000654757,4.487284999806434,5.850362999830395,9.446460000239313,50,10.801977999974042,11.990595999639481,12.118756000418216,12.118756000418216
2026-08-28T07:37:17.952Z,3310.054,500,1.5509290001355112,4.500895000062883,5.088083999697119,9.110028999857605,50,10.727147999685258,11.978325999807566,12.101116000209004,12.101116000209004
2026-08-28T07:37:27.954Z,3320.054,500,1.5659879995509982,4.527484999969602,5.021004000212997,12.310535999946296,50,10.728457999881357,11.89224600000307,12.119765999726951,12.119765999726951
2026-08-28T07:37:37.952Z,3330.054,500,1.553948000073433,4.509554999880493,4.860573999583721,11.477806999813765,50,10.705107999965549,11.991555999964476,12.023287000134587,12.023287000134587
2026-08-28T07:37:47.954Z,3340.054,500,1.5234489999711514,4.446895000059158,4.593533999752253,9.28618900012225,50,10.73214800003916,11.852467000018805,12.190325999632478,12.190325999632478
2026-08-28T07:37:57.952Z,3350.054,500,1.5408890000544488,4.493114000186324,4.784814999904484,9.028919000178576,50,9.844608999788761,11.84411699976772,11.90663699992001,11.90663699992001
2026-08-28T07:38:07.954Z,3360.054,500,1.5519480002112687,4.51094500022009,4.703765000216663,10.740857999771833,50,10.719936999958009,11.846626999787986,11.998567000031471,11.998567000031471
2026-08-28T07:38:17.952Z,3370.054,500,1.5703579997643828,4.560215000063181,5.105884000193328,11.377656999975443,50,9.726768999826163,11.866607000119984,12.010836000088602,12.010836000088602
2026-08-28T07:38:27.954Z,3380.055,500,1.5546380002051592,4.546335000079125,4.925743999890983,8.476800000295043,50,10.751447000075132,11.847337000072002,12.206786000169814,12.206786000169814
2026-08-28T07:38:37.955Z,3390.055,500,1.5346380001865327,4.511144999880344,5.055255000013858,8.264109999872744,50,10.676948000211269,11.991295999847353,12.075116000138223,12.075116000138223
2026-08-28T07:38:47.956Z,3400.056,500,1.567088000010699,4.517944999970496,4.747624000068754,9.696198999881744,50,10.783968000207096,11.976897000335157,12.267707000020891,12.267707000020891
2026-08-28T07:38:57.953Z,3410.055,500,1.5589080001227558,4.494445000309497,4.853875000029802,7.898821000009775,50,10.756677000317723,11.992466000374407,12.07590699987486,12.07590699987486
2026-08-28T07:39:07.954Z,3420.055,500,1.567449000198394,4.531704999972135,4.861494999844581,8.23371100006625,50,10.680958000011742,12.123125999700278,12.296095999889076,12.296095999889076
2026-08-28T07:39:17.954Z,3430.055,500,1.5726279998198152,4.522365000098944,4.799044999759644,8.90841000014916,50,10.690127999987453,11.834826999809593,11.910587000194937,11.910587000194937
2026-08-28T07:39:27.953Z,3440.055,500,1.583307999651879,4.618084999732673,4.830213999841362,5.894943000283092,50,10.689567999914289,11.966066000051796,12.13139700004831,12.13139700004831
2026-08-28T07:39:37.953Z,3450.055,500,1.5561679997481406,4.52701500011608,4.6723549999296665,8.836310000158846,50,10.709398000035435,11.881966999731958,12.803115999791771,12.803115999791771
2026-08-28T07:39:47.955Z,3460.056,500,1.6087480001151562,4.613284999970347,4.939704000018537,8.733479999937117,50,10.614808000158519,11.828085999935865,12.12827599979937,12.12827599979937
2026-08-28T07:39:57.954Z,3470.056,500,1.5492179999127984,4.4779950003139675,4.784345000050962,9.020649999845773,50,10.569289000239223,11.954127000179142,11.998155999928713,11.998155999928713
2026-08-28T07:40:07.956Z,3480.056,500,1.545818000100553,4.503724999725819,4.697455000132322,8.01678099995479,50,10.737468000035733,11.853017000015825,12.096947000361979,12.096947000361979
2026-08-28T07:40:17.954Z,3490.056,500,1.5888479999266565,4.5016350001096725,4.826543999835849,9.159439999610186,50,9.928059000056237,11.911536999978125,11.924845999572426,11.924845999572426
2026-08-28T07:40:27.957Z,3500.057,500,1.5999079998582602,4.566165000200272,4.7416550000198185,11.282347000204027,50,10.667948000133038,12.172336000017822,12.194216000381857,12.194216000381857
2026-08-28T07:40:37.956Z,3510.056,500,1.5296979998238385,4.4753250000067055,4.775145000312477,11.985936000011861,50,10.69038899987936,11.955947000067681,12.000295999925584,12.000295999925584
2026-08-28T07:40:47.954Z,3520.056,500,1.5705889998935163,4.505324999801815,4.669135000091046,5.374884000048041,50,10.711457999888808,11.987935999874026,12.071205999702215,12.071205999702215
2026-08-28T07:40:57.956Z,3530.056,500,1.5497079999186099,4.5108350003138185,4.839933999814093,8.872339999768883,50,10.728798000141978,11.995765999890864,12.085016000084579,12.085016000084579
2026-08-28T07:41:07.954Z,3540.056,500,1.6102879997342825,4.656684000045061,4.825835000257939,10.532598000019789,50,9.954458999913186,11.974735999945551,12.094767000060529,12.094767000060529
2026-08-28T07:41:17.955Z,3550.057,500,1.5776780000887811,4.5690850000828505,4.742413999978453,11.520817000418901,50,9.796908999793231,12.002435999922454,12.183986000251025,12.183986000251025
2026-08-28T07:41:27.955Z,3560.057,500,1.5549880000762641,4.515025000087917,4.70257500000298,9.11322999978438,50,10.612298000138253,11.979187000077218,12.47676600003615,12.47676600003615
2026-08-28T07:41:37.957Z,3570.058,500,1.5604779999703169,4.524935000110418,4.77988399984315,10.51989800017327,50,10.276988999918103,12.035186999943107,12.147056999616325,12.147056999616325
2026-08-28T07:41:47.956Z,3580.058,500,1.59560800017789,4.503375000320375,4.759314000140876,8.138431000057608,50,10.10296900011599,11.757157000247389,11.872826999984682,11.872826999984682
2026-08-28T07:41:57.958Z,3590.059,500,1.5697490000166,4.522805000189692,4.598185000009835,8.931160000152886,50,10.054219000041485,12.047336000017822,12.23692600009963,12.23692600009963
2026-08-28T07:42:07.958Z,3600.058,500,1.5871180002577603,4.526405000127852,4.886963999830186,9.370779000222683,50,10.832437000237405,12.135906000155956,12.293736000079662,12.293736000079662
2026-08-28T07:42:17.958Z,3610.058,500,1.5402179998345673,4.493004000280052,4.71471400000155,5.791924000252038,50,3.794945999979973,11.974215999711305,12.234326000325382,12.234326000325382
2026-08-28T07:42:27.958Z,3620.059,500,1.5651779999025166,4.508375000208616,4.800555000081658,8.135440999642015,50,2.6803669999353588,12.334495999850333,12.354005999863148,12.354005999863148
2026-08-28T07:42:37.958Z,3630.058,500,1.574587999843061,4.5029549999162555,4.8152749999426305,9.361870000138879,50,3.845174999907613,12.132896000053734,12.582045999821275,12.582045999821275
2026-08-28T07:42:47.958Z,3640.059,500,1.5292589999735355,4.484324999619275,4.70418499968946,6.468271999619901,50,3.668695999775082,11.901496000122279,11.947287000250071,11.947287000250071
2026-08-28T07:42:57.956Z,3650.058,500,1.6139679998159409,4.605583999771625,4.793964999727905,7.121531999669969,50,3.6417859997600317,11.943206999916583,12.13969699991867,12.13969699991867
2026-08-28T07:43:07.958Z,3660.058,500,1.5568579998798668,4.475854999851435,4.723645000252873,10.622678000014275,50,3.852085000369698,11.939586999826133,12.175996000412852,12.175996000412852
2026-08-28T07:43:17.957Z,3670.059,500,1.5516479997895658,4.4978350000455976,4.628694999963045,8.929100000299513,50,9.890467999968678,12.156825999729335,13.123345000203699,13.123345000203699
2026-08-28T07:43:27.958Z,3680.059,500,1.5721880001947284,4.533555000089109,4.8396439999341965,9.890738000161946,50,10.699708000291139,12.14619700005278,12.712165999691933,12.712165999691933
2026-08-28T07:43:37.958Z,3690.06,500,1.5688689998351038,4.577324999962002,4.7881649998016655,9.120439999736845,50,10.026718999724835,11.95414699986577,12.31545599969104,12.31545599969104
2026-08-28T07:43:47.961Z,3700.061,500,1.5507979998365045,4.483314000070095,4.888234999962151,10.124588000122458,50,3.663056000135839,11.903535999823362,11.956075999885798,11.956075999885798
2026-08-28T07:43:57.961Z,3710.062,500,1.5749780000187457,4.52356499992311,4.845505000092089,8.755040000192821,50,10.67273800028488,11.988336999900639,12.101445999927819,12.101445999927819
2026-08-28T07:44:07.962Z,3720.062,501,1.5501780002377927,4.4957249998115,5.375654000323266,8.927660000044852,50,9.483919000253081,12.335936000104994,12.553935999982059,12.553935999982059
2026-08-28T07:44:17.962Z,3730.062,500,1.5559479999355972,4.487045000307262,4.569325000047684,6.697392000351101,50,3.820435999892652,12.025026999879628,12.425565999932587,12.425565999932587
2026-08-28T07:44:27.961Z,3740.062,500,1.5347489998675883,4.475515000056475,4.894503999967128,5.184454000089318,50,3.635776000097394,11.988357000052929,12.156066999770701,12.156066999770701
2026-08-28T07:44:37.960Z,3750.062,499,1.5443680002354085,4.481424999888986,4.865835000295192,10.900578000117093,50,2.621196999680251,11.924957000184804,13.214224999770522,13.214224999770522
2026-08-28T07:44:47.960Z,3760.062,501,1.5637579998001456,4.578724999912083,4.90940500004217,11.21015699999407,50,9.654429000336677,12.064306000247598,12.68287600018084,12.68287600018084
2026-08-28T07:44:57.961Z,3770.062,500,1.5678590000607073,4.51577499974519,4.659884999971837,7.4741120003163815,50,9.64628899982199,12.041176999919116,12.330945999827236,12.330945999827236
2026-08-28T07:45:07.961Z,3780.062,500,1.524447999894619,4.455054999794811,4.647834999952465,8.50753099983558,50,3.537616000045091,11.974307000171393,12.210156000219285,12.210156000219285
2026-08-28T07:45:17.960Z,3790.062,500,1.563568000216037,4.495145000051707,4.7737839999608696,5.346683999989182,50,3.7254360001534224,12.103025999851525,12.130966000258923,12.130966000258923
2026-08-28T07:45:27.962Z,3800.062,500,1.540258999913931,4.4807150000706315,4.808495000004768,10.871546999551356,50,4.119625000283122,12.058205999899656,12.432975000236183,12.432975000236183
2026-08-28T07:45:37.960Z,3810.062,499,1.5840779999271035,4.608144999947399,4.940203999634832,5.421943999826908,50,3.59056599996984,11.973575999960303,12.435175999999046,12.435175999999046
2026-08-28T07:45:47.961Z,3820.062,501,1.5597179997712374,4.489875000435859,4.82815399998799,8.246199999935925,50,3.541046999860555,12.019536999985576,12.517045000102371,12.517045000102371
2026-08-28T07:45:57.961Z,3830.063,500,1.5961190001107752,4.515354000031948,4.754144999664277,9.098290000110865,50,3.6400860003195703,11.988086000084877,12.261685999576002,12.261685999576002
2026-08-28T07:46:07.962Z,3840.063,500,1.5768780000507832,4.506214999593794,4.689224999863654,8.66599000012502,50,9.666049000341445,12.03957699984312,12.100247000344098,12.100247000344098
2026-08-28T07:46:17.962Z,3850.064,500,1.5453980001620948,4.548994999844581,5.079403999727219,11.42314700037241,50,3.4382559997029603,12.030276999808848,12.523425000254065,12.523425000254065
2026-08-28T07:46:27.963Z,3860.065,500,1.527098000049591,4.498924999963492,5.130803999956697,9.873869000002742,50,2.7325870003551245,11.945017000194639,12.366956000216305,12.366956000216305
2026-08-28T07:46:37.962Z,3870.064,500,1.5394179997965693,4.450174999888986,4.749525000341237,10.802378000225872,50,3.4865460000000894,11.85953600006178,11.898276000283659,11.898276000283659
2026-08-28T07:46:47.963Z,3880.064,500,1.5148180001415312,4.453714999835938,4.812325000297278,7.229921999853104,50,2.811697000171989,11.796925999689847,12.12778599979356,12.12778599979356
2026-08-28T07:46:57.962Z,3890.064,500,1.5238879998214543,4.479495000094175,4.826044999994338,8.982210000045598,50,3.5168260000646114,11.936935999896377,12.341506000142545,12.341506000142545
2026-08-28T07:47:07.963Z,3900.064,500,1.5144879999570549,4.437165000010282,4.609625000040978,6.535461999941617,50,3.1869959998875856,11.926425999961793,12.085886999964714,12.085886999964714
2026-08-28T07:47:17.964Z,3910.064,500,1.5161689999513328,4.438024999573827,4.765364999882877,8.034420999698341,50,2.8876070003025234,12.040016999933869,13.230474999640137,13.230474999640137
2026-08-28T07:47:27.963Z,3920.065,500,1.5221279999241233,4.529385000001639,4.6764350002631545,6.203313000034541,50,3.387726000044495,12.050695999991149,12.276396000292152,12.276396000292152
2026-08-28T07:47:37.963Z,3930.065,500,1.606748000252992,4.593385000247508,4.7796939997933805,7.731541000306606,50,10.845606999937445,12.150297000072896,12.966595000121742,12.966595000121742
2026-08-28T07:47:47.965Z,3940.065,500,1.5740079996176064,4.482815000228584,4.652954999823123,6.938281999900937,50,2.8417970002628863,12.018287000246346,12.266866999678314,12.266866999678314
2026-08-28T07:47:57.966Z,3950.066,500,1.5538380001671612,4.484664999879897,4.792855000123382,7.875642000231892,50,3.5659059998579323,12.01093600038439,12.561255999840796,12.561255999840796
2026-08-28T07:48:07.964Z,3960.066,500,1.5542179998010397,4.519194999709725,4.715284999925643,8.93299000011757,50,3.414715999737382,11.872896000277251,11.982046999968588,11.982046999968588
2026-08-28T07:48:17.965Z,3970.065,500,1.5899080000817776,4.52752499980852,4.71471400000155,5.462183999828994,50,3.665706000290811,12.057785999961197,12.10519600007683,12.10519600007683
2026-08-28T07:48:27.964Z,3980.066,500,1.5541779999621212,4.4877549996599555,4.710684000048786,8.202759999781847,50,2.972905999980867,11.857337000314146,12.420285999774933,12.420285999774933
2026-08-28T07:48:37.966Z,3990.066,500,1.5933580002747476,4.497094999998808,4.714625000022352,7.944321000017226,50,3.6802960000932217,11.904835999943316,12.139115999918431,12.139115999918431
2026-08-28T07:48:47.966Z,4000.066,500,1.5886180000379682,4.526205000001937,5.492813999764621,8.55341999977827,50,3.2366470000706613,11.920336000155658,12.100745999719948,12.100745999719948
2026-08-28T07:48:57.966Z,4010.067,500,1.5409280001185834,4.49665499990806,5.301924000028521,9.617498999927193,50,2.937227000016719,11.826807000208646,11.994495999999344,11.994495999999344
2026-08-28T07:49:07.967Z,4020.068,500,1.6628890000283718,4.542544999625534,4.783044000156224,9.83244900032878,50,3.981026000343263,12.175026000011712,13.030185000039637,13.030185000039637
2026-08-28T07:49:17.967Z,4030.067,500,1.664797999896109,4.546434999909252,4.716355000156909,8.660240000113845,50,3.8413959997706115,11.982766999863088,12.105307000223547,12.105307000223547
2026-08-28T07:49:27.967Z,4040.067,500,1.671608000062406,4.547125000040978,4.863624999765307,10.55146799981594,50,3.8856549998745322,12.084356000181288,12.101736000273377,12.101736000273377
2026-08-28T07:49:37.967Z,4050.068,500,1.5865990002639592,4.505464999936521,4.795535000041127,8.696150000207126,50,3.7197560002095997,11.896377000026405,12.024327000137419,12.024327000137419
2026-08-28T07:49:47.966Z,4060.067,500,1.5458680000156164,4.494475000072271,4.7637249999679625,8.644300000276417,50,2.9688059999607503,11.823706000111997,12.320055999793112,12.320055999793112
2026-08-28T07:49:57.966Z,4070.067,500,1.5540080000646412,4.536354999989271,4.863264000043273,11.801657000090927,50,2.8041670001111925,11.816686999984086,12.718546000309289,12.718546000309289
2026-08-28T07:50:07.966Z,4080.068,500,1.599837999790907,4.533884999807924,4.860623999964446,8.849619999993593,50,3.069926000200212,11.89495600014925,12.109866000246257,12.109866000246257
2026-08-28T07:50:17.966Z,4090.068,500,1.5260189999826252,4.460665000136942,4.692494000308216,9.070980000309646,50,2.683896000031382,11.851536000147462,12.016237000003457,12.016237000003457
2026-08-28T07:50:27.968Z,4100.068,500,1.6547380001284182,4.563145000021905,4.89027399988845,10.509928000159562,50,2.9116670000366867,12.096425999887288,12.247025999706239,12.247025999706239
2026-08-28T07:50:37.965Z,4110.067,500,1.617757999803871,4.557554999832064,4.785244999919087,9.403259000275284,50,3.5348360002972186,11.959555999841541,12.567766000051051,12.567766000051051
2026-08-28T07:50:47.967Z,4120.068,500,1.6467690002173185,4.520405000075698,4.691595000214875,11.37483699992299,50,3.7633150001056492,12.235166000202298,12.309885999653488,12.309885999653488
2026-08-28T07:50:57.965Z,4130.067,500,1.6244779997505248,4.507695000153035,4.752703999634832,11.227898000273854,50,3.704335999675095,11.99009699979797,12.221396999899298,12.221396999899298
2026-08-28T07:51:07.966Z,4140.067,500,1.5882979999296367,4.5151349999941885,4.918115000240505,9.137269999831915,50,3.6471250001341105,11.970906999893486,12.901875999756157,12.901875999756157
2026-08-28T07:51:17.968Z,4150.067,500,1.5823079999536276,4.528384999837726,4.675344999879599,10.54424799978733,50,3.594115999992937,11.985336000099778,12.041155999992043,12.041155999992043
2026-08-28T07:51:27.966Z,4160.067,500,1.5645090001635253,4.5248449998907745,4.799515000078827,9.018989999778569,50,3.7813760000281036,12.005396000109613,12.131016000173986,12.131016000173986
2026-08-28T07:51:37.966Z,4170.067,500,1.5457780002616346,4.490005000028759,4.628694000188261,8.971380000002682,50,2.705856999848038,12.05424700025469,12.662715000100434,12.662715000100434
2026-08-28T07:51:47.966Z,4180.067,500,1.5618980000726879,4.529524999670684,4.846014999784529,11.102057999931276,50,3.086486999876797,11.973435999825597,12.298005999997258,12.298005999997258
2026-08-28T07:51:57.967Z,4190.068,500,1.5760580003261566,4.538014999590814,4.813675000332296,5.335183999501169,50,3.7473549991846085,11.98902599979192,12.218715999275446,12.218715999275446
2026-08-28T07:52:07.965Z,4200.067,500,1.6748180007562041,4.559604000300169,4.856284999288619,11.720947000198066,50,4.798524999991059,12.136376000009477,12.264066000469029,12.264066000469029
2026-08-28T07:52:17.967Z,4210.068,500,1.6177579993382096,4.480105000548065,4.605945000424981,8.556231000460684,50,4.079695000313222,12.136936000548303,12.159225999377668,12.159225999377668
2026-08-28T07:52:27.967Z,4220.068,500,1.6145280003547668,4.479675000533462,4.776785000227392,7.9173610005527735,50,3.666125999763608,12.136737000197172,12.399295999668539,12.399295999668539
2026-08-28T07:52:37.965Z,4230.067,500,1.6385080004110932,4.492865000851452,4.673034999519587,11.973025999963284,50,2.847066999413073,12.082906000316143,12.407246000133455,12.407246000133455
2026-08-28T07:52:47.966Z,4240.067,500,1.6062890002503991,4.495904999785125,4.803044999949634,8.119060999713838,50,2.9451369997113943,12.09740599989891,12.12775699980557,12.12775699980557
2026-08-28T07:52:57.966Z,4250.068,500,1.6081889998167753,4.4881450003013015,4.725093999877572,5.359744000248611,50,2.8902769992128015,12.062416999600828,12.218816000036895,12.218816000036895
2026-08-28T07:53:07.967Z,4260.067,500,1.6172679997980595,4.491524999961257,4.829724000766873,8.139109999872744,50,3.766886000521481,12.238025999628007,12.33296599984169,12.33296599984169
2026-08-28T07:53:17.967Z,4270.067,500,1.5905280001461506,4.480365000665188,4.530555000528693,9.207140000537038,50,2.8058560006320477,12.029876000247896,12.096076999790967,12.096076999790967
2026-08-28T07:53:27.966Z,4280.068,500,1.5116380006074905,4.485905000008643,4.837055000476539,8.71104000043124,50,3.2306560007855296,11.921786000020802,12.091316999867558,12.091316999867558
2026-08-28T07:53:37.966Z,4290.068,500,1.5168080003932118,4.478645000606775,4.829463999718428,8.306121000088751,50,2.9001360004767776,12.086086999624968,12.360216000117362,12.360216000117362
2026-08-28T07:53:47.967Z,4300.069,500,1.5800379998981953,4.575033999979496,4.8085250006988645,11.513747000135481,50,3.745655999518931,11.981495999731123,12.146967000328004,12.146967000328004
2026-08-28T07:53:57.967Z,4310.069,500,1.5409979997202754,4.494784999638796,4.801725000143051,11.5701470002532,50,3.465555999428034,11.986905999481678,12.446275999769568,12.446275999769568
2026-08-28T07:54:07.968Z,4320.069,500,1.5587790003046393,4.498204999603331,4.818645000457764,5.440023000352085,50,2.5892469994723797,11.865747000090778,12.173666000366211,12.173666000366211
2026-08-28T07:54:17.967Z,4330.069,500,1.6431780001148582,4.52012399956584,4.797834999859333,8.745929999276996,50,4.038626000285149,12.080997000448406,12.40627699997276,12.40627699997276
2026-08-28T07:54:27.969Z,4340.07,500,1.6587680000811815,4.503854999318719,4.772034999914467,8.690720000304282,50,3.803214999847114,12.05010600015521,12.236035999841988,12.236035999841988
2026-08-28T07:54:37.968Z,4350.07,500,1.5962990000844002,4.487375000491738,4.720625000074506,8.684290000237525,50,3.819544999860227,11.984055999666452,12.195686000399292,12.195686000399292
2026-08-28T07:54:47.970Z,4360.07,500,1.6036780001595616,4.457324999384582,4.839604999870062,8.183270999230444,50,2.6804870003834367,11.867476999759674,12.16240599937737,12.16240599937737
2026-08-28T07:54:57.969Z,4370.07,500,1.617387999780476,4.465214999392629,4.636394999921322,8.010761000216007,50,3.9455860005691648,12.03235699981451,13.463604999706149,13.463604999706149
2026-08-28T07:55:07.970Z,4380.07,500,1.6272189998999238,4.478064999915659,4.75804500002414,11.896196999587119,50,3.55035600066185,12.118785999715328,12.22840700019151,12.22840700019151
2026-08-28T07:55:17.969Z,4390.07,500,1.63637899979949,4.54636500030756,4.728494999930263,9.481689999811351,50,3.5517859999090433,12.269135999493301,12.409365000203252,12.409365000203252
2026-08-28T07:55:27.969Z,4400.07,500,1.6426780000329018,4.471924999728799,4.819854999892414,11.16512699984014,50,2.9563670000061393,12.063155999407172,12.344445999711752,12.344445999711752
2026-08-28T07:55:37.969Z,4410.07,500,1.7361380001530051,4.711575000546873,5.027885000221431,8.536031000316143,50,2.843767000362277,11.775477000512183,12.00517600029707,12.00517600029707
2026-08-28T07:55:47.968Z,4420.07,500,1.6685780007392168,4.511364999227226,4.736233999952674,9.979867999441922,50,2.849555999971926,11.915726999752223,12.160996999591589,12.160996999591589
2026-08-28T07:55:57.969Z,4430.07,500,1.6212280001491308,4.49218500033021,4.927365000359714,10.309639000333846,50,2.9300370002165437,12.094825999811292,12.155226999893785,12.155226999893785
2026-08-28T07:56:07.969Z,4440.071,500,1.6196689996868372,4.461955000646412,4.9464549999684095,8.684759999625385,50,2.8604859998449683,12.16777600068599,12.242106999270618,12.242106999270618
2026-08-28T07:56:17.969Z,4450.07,500,1.6255379999056458,4.4762949999421835,4.867114000022411,8.671750000678003,50,3.827996000647545,12.17079700063914,12.23583700042218,12.23583700042218
2026-08-28T07:56:27.968Z,4460.07,500,1.5967979999259114,4.475834999233484,4.815705000422895,9.851979000493884,50,3.5193459996953607,12.059996000491083,12.117057000286877,12.117057000286877
2026-08-28T07:56:37.970Z,4470.07,500,1.6948379995301366,4.692764999344945,4.9887439999729395,8.680650000460446,50,3.0826559998095036,12.060615999624133,12.281696000136435,12.281696000136435
2026-08-28T07:56:47.968Z,4480.07,500,1.572277999483049,4.565214999951422,4.830525000579655,11.454997000284493,50,3.725635999813676,11.905106999911368,15.8019730001688,15.8019730001688
2026-08-28T07:56:57.968Z,4490.07,500,1.5413879994302988,4.526765000075102,4.9154040003195405,5.745323999784887,50,3.0052370000630617,11.989737000316381,12.103707000613213,12.103707000613213
2026-08-28T07:57:07.968Z,4500.07,500,1.5602279994636774,4.523994999937713,4.642785000614822,8.731269999407232,50,3.6930160000920296,12.096246000379324,12.20654600020498,12.20654600020498
2026-08-28T07:57:17.968Z,4510.071,500,1.578859000466764,4.461585000157356,4.679235000163317,11.192906999960542,50,3.022936999797821,12.187986000441015,12.43342600017786,12.43342600017786
2026-08-28T07:57:27.968Z,4520.07,500,1.537167999893427,4.529485000297427,4.842504000291228,9.134539999999106,50,3.712105999700725,12.010277000255883,12.785515000112355,12.785515000112355
2026-08-28T07:57:37.970Z,4530.07,500,1.5299680000171065,4.508624999783933,4.872073999606073,8.9832300003618,50,3.1729270005598664,11.949296000413597,11.998127000406384,11.998127000406384
2026-08-28T07:57:47.970Z,4540.071,500,1.5860089994966984,4.554235000163317,4.787095000036061,9.143430000171065,50,3.683896000497043,12.006376000121236,12.089487000368536,12.089487000368536
2026-08-28T07:57:57.970Z,4550.07,500,1.55245800036937,4.528655000030994,4.764065000228584,8.857520000077784,50,3.6412960002198815,11.904157000593841,12.084316000342369,12.084316000342369
2026-08-28T07:58:07.969Z,4560.07,500,1.561039000749588,4.550455000251532,4.817245000042021,11.40934699960053,50,2.744136999361217,12.114056999795139,12.251145999878645,12.251145999878645
2026-08-28T07:58:17.970Z,4570.071,500,1.5718479994684458,4.560405000112951,4.875294999219477,9.045499000698328,50,3.132297000847757,11.927555999718606,12.011056000366807,12.011056000366807
2026-08-28T07:58:27.970Z,4580.07,500,1.5616180002689362,4.527344999834895,4.64924499951303,8.873290000483394,50,2.7875270005315542,11.974725999869406,12.08648700080812,12.08648700080812
2026-08-28T07:58:37.970Z,4590.071,500,1.5752879995852709,4.557035000063479,4.91117399930954,12.003945999778807,50,2.885726999491453,11.983176999725401,12.197045999579132,12.197045999579132
2026-08-28T07:58:47.969Z,4600.071,500,1.5309080006554723,4.508715000003576,4.684514999389648,8.898020999506116,50,3.735085000284016,11.994075999595225,12.456486000679433,12.456486000679433
2026-08-28T07:58:57.970Z,4610.072,500,1.5552589995786548,4.526894999668002,4.7346639996394515,7.883400999940932,50,2.9981070002540946,12.117145999334753,12.206565999425948,12.206565999425948
2026-08-28T07:59:07.969Z,4620.071,500,1.5709779998287559,4.52405499946326,4.6983350003138185,8.895820000208914,50,2.780567000620067,11.969226999208331,12.441775999963284,12.441775999963284
2026-08-28T07:59:17.970Z,4630.072,500,1.5620189998298883,4.50819499976933,4.67890499997884,6.334822999313474,50,2.811637000180781,11.92523599974811,11.954566000029445,11.954566000029445
2026-08-28T07:59:27.971Z,4640.072,500,1.5804279996082187,4.51577499974519,4.815595000050962,9.858358999714255,50,2.7660560002550483,11.824527000077069,11.833397000096738,11.833397000096738
2026-08-28T07:59:37.972Z,4650.072,500,1.559948000125587,4.50021499954164,4.993564000353217,12.018086000345647,50,3.144356000237167,11.913987000472844,12.055196999572217,12.055196999572217
2026-08-28T07:59:47.971Z,4660.073,500,1.555757999420166,4.469295000657439,4.748214999213815,8.563000000081956,50,3.7160060005262494,11.95184599980712,12.064945999532938,12.064945999532938
2026-08-28T07:59:57.970Z,4670.072,500,1.5710079995915294,4.4709149999544024,4.775074999779463,8.759490000084043,50,3.8548059994354844,12.086175999604166,12.189065999351442,12.189065999351442
2026-08-28T08:00:07.972Z,4680.072,500,1.5514879999682307,4.476324999704957,4.811753999441862,9.892358999699354,50,3.2029959997162223,11.856136000715196,11.876346000470221,11.876346000470221
2026-08-28T08:00:17.970Z,4690.072,500,1.5581379998475313,4.522005000151694,4.742183999158442,5.227633999660611,50,3.6287460001185536,12.145397000014782,12.575666000135243,12.575666000135243
2026-08-28T08:00:27.970Z,4700.072,500,1.5835180003196,4.449234999716282,4.742215000092983,10.070558999665082,50,3.5280759995803237,12.020826000720263,12.25519600044936,12.25519600044936
2026-08-28T08:00:37.971Z,4710.072,500,1.5455879997462034,4.476254999637604,5.422343999147415,6.572502999566495,50,3.053867000155151,11.881527000106871,12.474485999904573,12.474485999904573
2026-08-28T08:00:47.971Z,4720.073,500,1.5666990000754595,4.434185000136495,4.7408750001341105,8.644749999977648,50,3.7531849993392825,12.151825999841094,12.308776999823749,12.308776999823749
2026-08-28T08:00:57.971Z,4730.073,500,1.5525879999622703,4.469564999453723,4.8752039996907115,8.742969999089837,50,3.5787060000002384,11.970776000060141,12.170246999710798,12.170246999710798
2026-08-28T08:01:07.972Z,4740.073,500,1.5891380002722144,4.427365000359714,4.674754999577999,8.604571000672877,50,2.693087000399828,12.04120699968189,12.200497000478208,12.200497000478208
2026-08-28T08:01:17.973Z,4750.073,500,1.5639680000022054,4.514174999669194,4.7103049997240305,5.360872999764979,50,2.718577000312507,11.983275999315083,12.759376000612974,12.759376000612974
2026-08-28T08:01:27.973Z,4760.074,500,1.57644800003618,4.464924999512732,4.771304999478161,5.44953399989754,50,2.9497560001909733,11.996677000075579,12.115236000157893,12.115236000157893
2026-08-28T08:01:37.972Z,4770.074,500,1.5989180002361536,4.5011449996382,4.817724000662565,6.583213000558317,50,2.7816159995272756,12.209896000102162,12.505546000786126,12.505546000786126
2026-08-28T08:01:47.974Z,4780.075,500,1.5825090007856488,4.424284999258816,4.628814999945462,6.556331999599934,50,3.043046999722719,11.920017000287771,12.387345999479294,12.387345999479294
2026-08-28T08:01:57.974Z,4790.074,500,1.5965080000460148,4.496015000157058,4.815225000493228,7.988361000083387,50,2.75082700047642,11.955217000097036,12.211085999384522,12.211085999384522
2026-08-28T08:02:07.973Z,4800.075,500,1.5028079999610782,4.453425000421703,4.642725000157952,5.870904000476003,50,2.6029869997873902,11.781736999750137,12.16862600017339,12.16862600017339
2026-08-28T08:02:17.974Z,4810.074,500,1.5564979994669557,4.4997150003910065,4.7152639999985695,8.724540000781417,50,4.005745999515057,12.019146000035107,12.05521700065583,12.05521700065583
2026-08-28T08:02:27.974Z,4820.075,500,1.5832879999652505,4.483884999528527,4.807544999755919,9.547958999872208,50,2.7231270000338554,12.107276000082493,12.152266999706626,12.152266999706626
2026-08-28T08:02:37.974Z,4830.074,500,1.5723279993981123,4.41363500058651,4.773984999395907,6.555933000519872,50,3.05175600014627,12.050227000378072,12.76664499938488,12.76664499938488
2026-08-28T08:02:47.974Z,4840.074,500,1.5475780004635453,4.3997750002890825,4.629575000144541,9.662478999234736,50,2.596497000195086,11.973916999995708,12.127926000393927,12.127926000393927
2026-08-28T08:02:57.973Z,4850.075,500,1.5806480003520846,4.424765000119805,4.619374999776483,5.099144000560045,50,2.8037360003218055,11.912576999515295,12.001875999383628,12.001875999383628
2026-08-28T08:03:07.974Z,4860.074,500,1.5706279994919896,4.440524999983609,4.705415000207722,7.832200999371707,50,3.5488860001787543,12.147226000204682,12.410365999676287,12.410365999676287
2026-08-28T08:03:17.974Z,4870.075,500,1.526158000342548,4.400875000283122,4.705535000190139,7.0542419999837875,50,3.1580169992521405,11.973686999641359,12.298805999569595,12.298805999569595
2026-08-28T08:03:27.972Z,4880.074,500,1.5524880001321435,4.437214999459684,4.954504000023007,5.468643999658525,50,2.8275169990956783,12.04655700083822,12.20380700007081,12.20380700007081
2026-08-28T08:03:37.974Z,4890.074,500,1.5743279997259378,4.512104999274015,4.8265539994463325,9.072340000420809,50,3.732425999827683,12.172446000389755,12.387985000386834,12.387985000386834
2026-08-28T08:03:47.972Z,4900.074,500,1.5751780001446605,4.458314999938011,4.687845000065863,12.119386000558734,50,3.575286000035703,11.97738700080663,12.204925999976695,12.204925999976695
2026-08-28T08:03:57.975Z,4910.075,500,1.5239190002903342,4.464864999987185,4.888194000348449,9.206269000656903,50,2.7269669994711876,12.044816999696195,12.424516000784934,12.424516000784934
2026-08-28T08:04:07.973Z,4920.075,500,1.523148000240326,4.464124999940395,4.690763999707997,10.623288000002503,50,3.5605859998613596,11.999486000277102,12.244016000069678,12.244016000069678
2026-08-28T08:04:17.973Z,4930.075,500,1.5254880003631115,4.530705000273883,4.967544000595808,12.875805999152362,50,2.6452469993382692,12.046737000346184,12.274705999530852,12.274705999530852
2026-08-28T08:04:27.974Z,4940.074,500,1.6445679999887943,4.514445000328124,4.671024999581277,8.052511000074446,50,2.9706669999286532,12.41951599996537,12.768604999408126,12.768604999408126
2026-08-28T08:04:37.974Z,4950.075,500,1.6031680004671216,4.490755000151694,4.795865000225604,9.16870899964124,50,3.7549959998577833,12.06111599970609,12.199117000214756,12.199117000214756
2026-08-28T08:04:47.975Z,4960.075,500,1.655898000113666,4.5688140001147985,4.897765000350773,11.305696999654174,50,3.862745000049472,12.046757000498474,12.182667000219226,12.182667000219226
2026-08-28T08:04:57.972Z,4970.074,500,1.5777179999276996,4.519863999448717,5.0021950006484985,5.509163999930024,50,3.723195000551641,11.988867000676692,12.265785999596119,12.265785999596119
2026-08-28T08:05:07.974Z,4980.075,500,1.5637579998001456,4.44569499976933,4.8196839997544885,11.142057999968529,50,3.738785999827087,11.978985999710858,12.044925999827683,12.044925999827683
2026-08-28T08:05:17.972Z,4990.074,500,1.5737079996615648,4.503134999424219,4.844433999620378,7.038942000828683,50,3.7357760006561875,12.172925999388099,12.339916000142694,12.339916000142694
2026-08-28T08:05:27.974Z,5000.074,500,1.5846779998391867,4.444834999740124,4.708425000309944,8.134301000274718,50,3.7541260002180934,12.203956999816,12.280646999366581,12.280646999366581
2026-08-28T08:05:37.972Z,5010.074,500,1.5776680000126362,4.43017499987036,4.840145000256598,11.229658000171185,50,3.0307470001280308,12.162196000106633,12.23696600086987,12.23696600086987
2026-08-28T08:05:47.972Z,5020.074,500,1.5415790006518364,4.488694999366999,4.827684000134468,10.019689000211656,50,3.6189460000023246,12.151186000555754,12.231435999274254,12.231435999274254
2026-08-28T08:05:57.972Z,5030.074,500,1.5246879998594522,4.450004999525845,4.686934000812471,9.11735999956727,50,3.7357750004157424,11.956616999581456,12.003375999629498,12.003375999629498
2026-08-28T08:06:07.973Z,5040.075,500,1.5434889998286963,4.512454999610782,4.730643999762833,8.860249999910593,50,3.529656999744475,12.050797000527382,12.421926000155509,12.421926000155509
2026-08-28T08:06:17.973Z,5050.075,500,1.5480190003290772,4.490524999797344,4.998273999430239,8.866100000217557,50,3.6596960006281734,12.088275999762118,12.20785600040108,12.20785600040108
2026-08-28T08:06:27.972Z,5060.074,500,1.5265480000525713,4.501004999503493,4.684425000101328,8.053290999494493,50,3.629855999723077,12.028237000107765,12.250816000625491,12.250816000625491
2026-08-28T08:06:37.974Z,5070.074,500,1.5544779999181628,4.423884999938309,4.734885000623763,4.999144000001252,50,3.4943760000169277,11.932636000216007,12.033896000124514,12.033896000124514
2026-08-28T08:06:47.974Z,5080.075,500,1.624138000421226,4.563215000554919,5.021014000289142,7.554491999559104,50,3.5612059999257326,12.211856000125408,12.586865999735892,12.586865999735892
2026-08-28T08:06:57.975Z,5090.075,500,1.5373380007222295,4.510795000009239,4.768264000304043,7.698410999961197,50,3.6086859991773963,11.960946000181139,12.030187000520527,12.030187000520527
2026-08-28T08:07:07.975Z,5100.075,500,1.6122779995203018,4.49191499967128,4.84381499979645,8.833269999362528,50,3.7024459997192025,12.026325999759138,12.086256000213325,12.086256000213325
2026-08-28T08:07:17.975Z,5110.076,500,1.6610979996621609,4.55390499997884,4.93032499961555,9.025359000079334,50,3.7624659994617105,12.044296999461949,12.330746000632644,12.330746000632644
2026-08-28T08:07:27.974Z,5120.076,500,1.6092680003494024,4.509854999370873,4.707585000433028,9.89439900033176,50,3.689336000010371,12.12796700000763,12.228485999628901,12.228485999628901
2026-08-28T08:07:37.976Z,5130.076,500,1.5535090006887913,4.469585000537336,4.819294999353588,9.43515899963677,50,3.5582560002803802,12.120777000673115,12.27037600055337,12.27037600055337
2026-08-28T08:07:47.976Z,5140.076,500,1.5065580001100898,4.453224999830127,4.662504999898374,9.11830999981612,50,2.69539700075984,11.91660699993372,12.204705999232829,12.204705999232829
2026-08-28T08:07:57.975Z,5150.076,500,1.5066779991611838,4.454994999803603,4.637613999657333,5.082503999583423,50,2.755626999773085,11.978037000633776,12.294966000132263,12.294966000132263
2026-08-28T08:08:07.976Z,5160.076,500,1.524358999915421,4.479205000214279,4.750605000182986,5.4281330006197095,50,3.4686059998348355,12.01780700031668,12.073855999857187,12.073855999857187
2026-08-28T08:08:17.974Z,5170.076,500,1.5999779999256134,4.531914999708533,4.845224000513554,5.211853999644518,50,3.7317559998482466,12.169126000255346,12.3851960003376,12.3851960003376
2026-08-28T08:08:27.974Z,5180.076,500,1.5154679995030165,4.466314999386668,4.756973999552429,10.2132090004161,50,3.6384560000151396,12.285736000165343,12.41178600024432,12.41178600024432
2026-08-28T08:08:37.976Z,5190.076,500,1.541967999190092,4.502384999766946,4.862645000219345,9.038189999759197,50,2.831837000325322,11.674027000553906,11.828296999447048,11.828296999447048
2026-08-28T08:08:47.974Z,5200.076,500,1.5687380004674196,4.5635150000452995,4.698144000023603,9.710199000313878,50,3.73923599999398,11.93351599946618,12.238756000064313,12.238756000064313
2026-08-28T08:08:57.974Z,5210.076,500,1.576719000004232,4.580144999548793,4.7826849995180964,11.990326999686658,50,2.722037000581622,11.915986999869347,12.003596999682486,12.003596999682486
2026-08-28T08:09:07.976Z,5220.077,500,1.5623190002515912,4.521914999932051,4.993254000321031,9.139938999898732,50,2.798546999692917,12.068576999939978,12.791745999827981,12.791745999827981
2026-08-28T08:09:17.976Z,5230.077,500,1.5450480002909899,4.490074999630451,4.924864999949932,9.21896000020206,50,3.696925999596715,11.836585999466479,11.946277000010014,11.946277000010014
2026-08-28T08:09:27.974Z,5240.076,500,1.592778000049293,4.558894999325275,4.740284999832511,12.266726000234485,50,2.7983560003340244,12.081976000219584,12.213685999624431,12.213685999624431
2026-08-28T08:09:37.975Z,5250.076,500,1.574057999998331,4.514844999648631,4.6573750004172325,6.985923000611365,50,3.7433950006961823,12.290976000018418,12.6326649999246,12.6326649999246
2026-08-28T08:09:47.974Z,5260.076,500,1.564957999624312,4.503624999895692,4.705165000632405,8.81307000014931,50,3.719705999828875,11.938495999202132,12.208296000026166,12.208296000026166
2026-08-28T08:09:57.974Z,5270.076,500,1.5881989998742938,4.4526450000703335,5.023324999958277,8.13454999960959,50,3.1928169997408986,12.186725999228656,13.271794999949634,13.271794999949634
2026-08-28T08:10:07.974Z,5280.076,500,1.5859479997307062,4.458085000514984,4.6761549999937415,5.066704000346363,50,3.6505459994077682,12.056907000020146,12.17023599985987,12.17023599985987
2026-08-28T08:10:17.975Z,5290.077,500,1.599307999946177,4.46847500000149,4.696144999936223,9.060929000377655,50,3.785046000033617,11.975315999239683,12.096777000464499,12.096777000464499
2026-08-28T08:10:27.976Z,5300.076,500,1.5725990002974868,4.494754999876022,4.769574000500143,11.821386999450624,50,3.6800560001283884,11.711996999569237,13.705354999750853,13.705354999750853
2026-08-28T08:10:37.974Z,5310.076,500,1.553239000029862,4.546085000038147,4.929375000298023,10.048818000592291,50,3.5977459996938705,11.885586999356747,12.106736999936402,12.106736999936402
2026-08-28T08:10:47.974Z,5320.076,500,1.5538280000910163,4.523724999278784,4.693415000103414,10.584418000653386,50,3.6698960000649095,5.8368929997086525,12.158305999822915,12.158305999822915
2026-08-28T08:10:57.975Z,5330.077,500,1.6393680004402995,4.555165000259876,4.9427650002762675,9.46800999995321,50,3.516105999238789,11.86673599947244,12.086046000011265,12.086046000011265
2026-08-28T08:11:07.977Z,5340.076,500,1.599257999099791,4.4939449997618794,4.814374000765383,7.094352000392973,50,3.6751760002225637,11.97961699962616,12.094516000710428,12.094516000710428
2026-08-28T08:11:17.976Z,5350.077,500,1.5603480003774166,4.511824999935925,4.739934999495745,6.663461999967694,50,3.607286000624299,12.003475999459624,12.116366999223828,12.116366999223828
2026-08-28T08:11:27.974Z,5360.076,500,1.5664679994806647,4.5234249997884035,4.714115000329912,5.146503999829292,50,3.6536349998787045,11.876027000136673,12.846106000244617,12.846106000244617
2026-08-28T08:11:37.990Z,5370.076,500,1.5649189995601773,4.5632349997758865,4.905784000642598,10.189388999715447,50,3.5335959997028112,11.673796999268234,11.7048069993034,11.7048069993034
2026-08-28T08:11:47.975Z,5380.076,500,1.5421479996293783,4.489644999615848,4.867703999392688,5.657682999968529,50,3.6339060002937913,11.708917000330985,11.855956999585032,11.855956999585032
2026-08-28T08:11:57.974Z,5390.076,500,1.576357999816537,4.530935000628233,4.634534999728203,8.162711000069976,50,3.7032860005274415,11.908485999330878,12.087195999920368,12.087195999920368
2026-08-28T08:12:07.976Z,5400.076,500,1.6518879998475313,4.520445000380278,4.883943999186158,11.668526999652386,50,3.7845850000157952,12.113657000474632,13.021244999952614,13.021244999952614
2026-08-28T08:12:17.973Z,5410.075,500,1.6218579998239875,4.611244999803603,5.411253999918699,7.941761999391019,50,3.81848599947989,12.007466000504792,12.09223600011319,12.09223600011319
2026-08-28T08:12:27.976Z,5420.076,500,1.6308280006051064,4.463705999776721,4.798143999651074,10.977216999977827,50,3.830595999956131,11.926587000489235,12.644516000524163,12.644516000524163
2026-08-28T08:12:37.974Z,5430.076,500,1.6257079998031259,4.491715000011027,4.94552499987185,11.276326999999583,50,3.796614999882877,12.031415999867022,12.070977000519633,12.070977000519633
2026-08-28T08:12:47.975Z,5440.077,500,1.6504779998213053,4.576164999976754,5.024174000136554,8.676459999755025,50,3.8946359995752573,12.063355999998748,12.596796000376344,12.596796000376344
2026-08-28T08:12:57.977Z,5450.077,500,1.6077979998663068,4.506894999183714,4.727915000170469,8.879571000114083,50,3.8415649998933077,11.99345700070262,12.250256000086665,12.250256000086665
2026-08-28T08:13:07.976Z,5460.078,500,1.5972980000078678,4.481834999285638,4.5925650000572205,8.14504100009799,50,3.6790359998121858,12.072545999661088,12.133797000162303,12.133797000162303
2026-08-28T08:13:17.976Z,5470.078,500,1.6408379999920726,4.526314999908209,4.757794000208378,9.864069000817835,50,3.8088059993460774,11.98900599963963,12.0830759992823,12.0830759992823
2026-08-28T08:13:27.976Z,5480.078,500,1.5520979994907975,4.5178749999031425,5.126633999869227,5.606454000808299,50,3.6603560000658035,11.85162700060755,12.28693599998951,12.28693599998951
2026-08-28T08:13:37.977Z,5490.077,500,1.6795979999005795,4.509604999795556,4.6599949998781085,9.852638999931514,50,3.8199559999629855,11.999336000531912,12.993715000338852,12.993715000338852
2026-08-28T08:13:47.975Z,5500.077,500,1.6975980000570416,4.590835000388324,4.848074000328779,5.069725000299513,50,3.7571759996935725,12.08566700015217,12.179177000187337,12.179177000187337
2026-08-28T08:13:57.975Z,5510.077,500,1.5970379998907447,4.512424000538886,4.961884000338614,10.412378000095487,50,3.8096159994602203,12.026356999762356,12.14325699955225,12.14325699955225
2026-08-28T08:14:07.975Z,5520.077,500,1.5044680004939437,4.461965000256896,4.590904999524355,7.93457099981606,50,3.7668059999123216,11.736927000805736,12.224007000215352,12.224007000215352
2026-08-28T08:14:17.975Z,5530.077,500,1.5184890003874898,4.501515000127256,4.877395000308752,7.373461999930441,50,3.761065000668168,11.787316999398172,11.836056999862194,11.836056999862194
2026-08-28T08:14:27.976Z,5540.078,500,1.5179279996082187,4.468394999392331,4.914474000222981,9.106939999386668,50,3.595886000432074,5.736453000456095,11.888195999898016,11.888195999898016
2026-08-28T08:14:37.976Z,5550.078,500,1.5356490006670356,4.53044500015676,4.7312750006094575,8.835699999704957,50,3.6080959998071194,11.75855700019747,11.938496999442577,11.938496999442577
2026-08-28T08:14:47.978Z,5560.078,500,1.512368000112474,4.470034999772906,4.633123999461532,4.954444999806583,50,3.726875999942422,11.858386999927461,12.122126000002027,12.122126000002027
2026-08-28T08:14:57.977Z,5570.078,500,1.5951380003243685,4.506175000220537,4.766115000471473,5.446033999323845,50,3.87251599971205,5.906613999977708,11.94299599993974,11.94299599993974
2026-08-28T08:15:07.977Z,5580.079,500,1.57799799926579,4.535774999298155,4.9408240001648664,9.018439999781549,50,3.7092559998854995,11.958465999923646,12.289086999371648,12.289086999371648
2026-08-28T08:15:17.978Z,5590.078,500,1.53434900008142,4.513385000638664,4.975793999619782,8.661469999700785,50,3.8130150008946657,11.816986999474466,11.970866000279784,11.970866000279784
2026-08-28T08:15:27.977Z,5600.079,500,1.648538000881672,4.5441449992358685,4.798015000298619,7.4218919994309545,50,3.8709060000255704,11.985166000202298,13.051214999519289,13.051214999519289
2026-08-28T08:15:37.977Z,5610.078,500,1.617837999947369,4.518195000477135,4.73414499964565,11.322896999306977,50,3.8520860001444817,11.981836999766529,12.221895999275148,12.221895999275148
2026-08-28T08:15:47.977Z,5620.079,500,1.674728000536561,4.552595000714064,4.875334000214934,9.36125999968499,50,3.8565159998834133,11.94857699982822,12.043426999822259,12.043426999822259
2026-08-28T08:15:57.979Z,5630.079,500,1.5996079994365573,4.480965000577271,4.831605000421405,11.671416999772191,50,3.7038759998977184,11.966097000055015,12.337456000037491,12.337456000037491
2026-08-28T08:16:07.978Z,5640.079,500,1.617688000202179,4.483554000034928,4.661035000346601,8.061511000618339,50,3.7289959993213415,11.990817000158131,12.074827000498772,12.074827000498772
2026-08-28T08:16:17.979Z,5650.079,500,1.492668000049889,4.435434999875724,4.617074999958277,8.508731000125408,50,3.6614250000566244,5.917992999777198,11.725616999901831,11.725616999901831
2026-08-28T08:16:27.979Z,5660.08,500,1.6218480002135038,4.470445000566542,5.028285000473261,9.366839000023901,50,3.81328499969095,5.906143000349402,11.84495700057596,11.84495700057596
2026-08-28T08:16:37.980Z,5670.08,500,1.6498480001464486,4.498235000297427,4.666114999912679,9.422438999637961,50,3.8638860005885363,11.951077000238001,12.056667000055313,12.056667000055313
2026-08-28T08:16:47.979Z,5680.081,500,1.6635389998555183,4.529625000432134,4.780593999661505,11.001986999996006,50,3.9160360004752874,11.8013069992885,12.079226999543607,12.079226999543607
2026-08-28T08:16:57.979Z,5690.081,500,1.631317999213934,4.54139499925077,4.928054999560118,9.58153900038451,50,3.8825850002467632,5.8406330002471805,11.840425999835134,11.840425999835134
2026-08-28T08:17:07.980Z,5700.082,500,1.5700279995799065,4.470355000346899,4.731894999742508,10.754967999644578,50,3.7348659997805953,5.8609039997681975,6.051982999779284,6.051982999779284
2026-08-28T08:17:17.981Z,5710.082,500,1.5361980004236102,4.542524999938905,5.124444000422955,10.781357999891043,50,3.790016000159085,11.576097000390291,12.050246000289917,12.050246000289917
2026-08-28T08:17:27.980Z,5720.081,500,1.589898000471294,4.561025000177324,4.904533999972045,6.100844000466168,50,3.8247260004281998,5.893822999671102,11.475646999664605,11.475646999664605
2026-08-28T08:17:37.979Z,5730.082,500,1.5707479994744062,4.503534999676049,4.866644999943674,10.706907999701798,50,3.762345999479294,6.034363000653684,11.961136999540031,11.961136999540031
2026-08-28T08:17:47.979Z,5740.081,500,1.5438080001622438,4.48541499953717,4.9346340000629425,7.388841999694705,50,3.795375999994576,5.848733000457287,12.058327000588179,12.058327000588179
2026-08-28T08:17:57.981Z,5750.081,500,1.605159000493586,4.577023999765515,4.890664000064135,8.58627000078559,50,3.8735059993341565,5.969084000214934,11.976205999962986,11.976205999962986
2026-08-28T08:18:07.980Z,5760.081,501,1.5456079998984933,4.504824999719858,4.785175000317395,11.953015999868512,50,3.7665060004219413,5.167784000746906,11.414966999553144,11.414966999553144
2026-08-28T08:18:17.979Z,5770.081,500,1.4774989997968078,4.436304999515414,4.804874999448657,8.999648999422789,50,3.766946000047028,6.4723630007356405,12.548996000550687,12.548996000550687
2026-08-28T08:18:27.980Z,5780.082,499,1.5290780002251267,4.53027500025928,4.867784000001848,8.953510000370443,50,3.8300149999558926,5.872632999904454,7.8565309997648,7.8565309997648
2026-08-28T08:18:37.980Z,5790.081,501,1.598778000101447,4.5606350004673,5.143253999762237,10.556887999176979,50,3.9921850003302097,6.995012999512255,7.145911999978125,7.145911999978125
2026-08-28T08:18:47.981Z,5800.082,500,1.549808000214398,4.564605000428855,5.032113999128342,7.922300999984145,50,3.9552649995312095,6.819512999616563,7.949001999571919,7.949001999571919
2026-08-28T08:18:57.980Z,5810.082,499,1.4976079994812608,4.45055399928242,5.168233999982476,7.974611000157893,50,3.7960660001263022,6.794342999346554,7.84103100001812,7.84103100001812
2026-08-28T08:19:07.981Z,5820.081,500,1.5150079997256398,4.509053999558091,4.630444999784231,8.60350999981165,50,3.816296000033617,7.0325319999828935,7.709011999890208,7.709011999890208
2026-08-28T08:19:17.980Z,5830.082,500,1.5281579997390509,4.578453999944031,4.982634999789298,8.590579999610782,50,3.9659449998289347,5.865292999893427,6.149412999860942,6.149412999860942
2026-08-28T08:19:27.980Z,5840.081,501,1.6125980000942945,4.6365149999037385,5.092334000393748,7.531131999567151,50,4.084604999981821,6.572862999513745,7.820061000064015,7.820061000064015
2026-08-28T08:19:37.979Z,5850.081,499,1.6469780001789331,4.632024999707937,4.851355000399053,8.319361000321805,50,3.948555000126362,6.525062000378966,7.810771000571549,7.810771000571549
2026-08-28T08:19:47.980Z,5860.081,500,1.6300389999523759,4.573304999619722,4.83247399982065,8.654529999941587,50,4.018825999461114,6.120122999884188,7.041872000321746,7.041872000321746
2026-08-28T08:19:57.979Z,5870.081,500,1.6083779996261,4.540915000252426,5.096334000118077,9.912179000675678,50,4.059045000001788,5.964073000475764,6.296222999691963,6.296222999691963
2026-08-28T08:20:07.980Z,5880.082,500,1.5801780000329018,4.57965400069952,4.757524000480771,11.826636999845505,50,4.001876000314951,6.171783000230789,7.820872000418603,7.820872000418603
2026-08-28T08:20:17.980Z,5890.081,500,1.5740379998460412,4.642425000667572,5.085524000227451,6.322523000650108,50,3.87270599976182,7.077701999805868,8.035871000029147,8.035871000029147
2026-08-28T08:20:27.979Z,5900.081,500,1.5994880003854632,4.581644999794662,4.778254999779165,11.81909599993378,50,3.99853500071913,6.189522999338806,8.189061000011861,8.189061000011861
2026-08-28T08:20:37.981Z,5910.081,500,1.6624980000779033,4.586484999395907,4.876043999567628,8.800809999927878,50,3.967325000092387,7.107412000186741,15.00753299985081,15.00753299985081
2026-08-28T08:20:47.979Z,5920.081,501,1.6074290005490184,4.563205000013113,4.878384000621736,8.513779999688268,50,4.023125999607146,6.147812999784946,6.804623000323772,6.804623000323772
2026-08-28T08:20:57.981Z,5930.082,499,1.5093480003997684,4.494514999911189,4.90022400021553,8.111421000212431,50,3.7639159997925162,6.04135400056839,7.865620999597013,7.865620999597013
2026-08-28T08:21:07.980Z,5940.081,500,1.5672279996797442,4.608585000038147,4.869063999503851,7.948842000216246,50,3.7612760001793504,5.841113000176847,7.88716100063175,7.88716100063175
2026-08-28T08:21:17.979Z,5950.081,500,1.5839879997074604,4.599674999713898,4.946984999813139,11.305976999923587,50,3.8718049991875887,6.7723719999194145,7.875261000357568,7.875261000357568
2026-08-28T08:21:27.981Z,5960.081,500,1.6037889998406172,4.598015000112355,4.869273999705911,11.49337700009346,50,4.040684999898076,6.045033000409603,7.258421999402344,7.258421999402344
2026-08-28T08:21:37.980Z,5970.082,500,1.6122779995203018,4.5552350003272295,4.786613999865949,11.950567000545561,50,3.978094999678433,6.118103000335395,6.283303000032902,6.283303000032902
2026-08-28T08:21:47.979Z,5980.081,500,1.631908000446856,4.5470150001347065,4.83568499982357,9.556489000096917,50,4.181215999647975,7.238010999746621,8.337371000088751,8.337371000088751
2026-08-28T08:21:57.981Z,5990.082,500,1.6133089996874332,4.57192499935627,4.834273999556899,6.492203000001609,50,3.9791059996932745,5.9424639996141195,6.8417419996112585,6.8417419996112585
2026-08-28T08:22:07.980Z,6000.082,500,1.6690579997375607,4.576735000126064,4.894044000655413,12.160356000065804,50,4.138755000196397,6.462692999280989,7.124631999991834,7.124631999991834
2026-08-28T08:22:17.979Z,6010.081,501,1.5683879991993308,4.522415000014007,4.986235000193119,9.705858999863267,50,3.960634999908507,7.210181999951601,7.818051000125706,7.818051000125706
2026-08-28T08:22:27.981Z,6020.082,499,1.60854799952358,4.553764999844134,4.953704999759793,10.842848000116646,50,4.1174550000578165,6.113572999835014,8.241689999587834,8.241689999587834
2026-08-28T08:22:37.981Z,6030.081,500,1.5466480003669858,4.53857500012964,4.921963999979198,10.699198000133038,50,3.951355000026524,6.469742999412119,7.9175909999758005,7.9175909999758005
2026-08-28T08:22:47.979Z,6040.081,500,1.5871879998594522,4.553744999691844,5.141204000450671,9.568679999560118,50,3.8887560004368424,6.1249529998749495,7.838880999945104,7.838880999945104
2026-08-28T08:22:57.980Z,6050.082,500,1.5671779997646809,4.527174999937415,4.742955000139773,6.267842999659479,50,4.05107600055635,5.990893000736833,7.856261000037193,7.856261000037193
2026-08-28T08:23:07.980Z,6060.081,501,1.5432680007070303,4.534605000168085,4.709075000137091,6.681092000566423,50,3.8663260005414486,6.055684000253677,7.839261000044644,7.839261000044644
2026-08-28T08:23:17.979Z,6070.081,499,1.5756780002266169,4.551345000043511,4.825655000284314,9.794569999910891,50,4.043926000595093,6.497461999766529,7.839990999549627,7.839990999549627
2026-08-28T08:23:27.979Z,6080.081,501,1.554008999839425,4.519464999437332,4.742934999987483,9.547558999620378,50,3.9139660000801086,6.8018429996445775,7.291612000204623,7.291612000204623
2026-08-28T08:23:37.981Z,6090.081,499,1.6265479996800423,4.589824999682605,4.822824000380933,10.173088000155985,50,4.025634999386966,7.0756919998675585,7.8301719995215535,7.8301719995215535
2026-08-28T08:23:47.980Z,6100.081,501,1.5508679999038577,4.566145000047982,5.061904000118375,11.199357000179589,50,4.134065999649465,5.935472999699414,7.042861999943852,7.042861999943852
2026-08-28T08:23:57.980Z,6110.082,499,1.5479689994826913,4.527625000104308,4.833974000066519,8.4577809991315,50,3.9850359996780753,6.954921999946237,8.010231000371277,8.010231000371277
2026-08-28T08:24:07.981Z,6120.081,500,1.5636080000549555,4.549044999293983,5.503134000115097,9.385879000648856,50,3.95970599912107,6.821112000383437,9.040649000555277,9.040649000555277
2026-08-28T08:24:17.980Z,6130.082,500,1.6507480004802346,4.6062539992854,4.986283999867737,10.893757999874651,50,4.078014999628067,6.0310540003702044,6.311823000200093,6.311823000200093
2026-08-28T08:24:27.981Z,6140.081,500,1.605217999778688,4.552085000090301,5.250733999535441,9.338699999265373,50,4.004505000077188,6.016142999753356,7.826282000169158,7.826282000169158
2026-08-28T08:24:37.979Z,6150.081,500,1.6847179997712374,4.577634999528527,4.808384999632835,12.546916000545025,50,4.04829499963671,6.201713000424206,7.248821999877691,7.248821999877691
2026-08-28T08:24:47.979Z,6160.081,500,1.5676680002361536,4.537884999997914,4.702583999373019,6.044603000395,50,3.997864999808371,6.136572999879718,6.925281999632716,6.925281999632716
2026-08-28T08:24:57.981Z,6170.081,500,1.6147790001705289,4.542624999769032,5.06460400018841,9.47322899941355,50,3.979725000448525,6.044304000213742,6.214672000147402,6.214672000147402
2026-08-28T08:25:07.981Z,6180.082,501,1.593848000280559,4.542625000700355,5.202274000272155,10.577028000727296,50,3.945535999722779,7.822580999694765,14.100124000571668,14.100124000571668
2026-08-28T08:25:17.980Z,6190.082,499,1.5831679999828339,4.592205000109971,4.895685000345111,8.5371799999848,50,3.938255999237299,6.977022000588477,15.921001999638975,15.921001999638975
2026-08-28T08:25:27.980Z,6200.081,500,1.6016880003735423,4.5288849994540215,4.719193999655545,9.902348999865353,50,4.061325000599027,6.795791999436915,14.071465000510216,14.071465000510216
2026-08-28T08:25:37.979Z,6210.081,501,1.5671379994601011,4.5404549995437264,4.943074000068009,10.231819000095129,50,3.9607760002836585,6.849441999569535,7.806482000276446,7.806482000276446
2026-08-28T08:25:47.979Z,6220.081,499,1.5638180002570152,4.545924999751151,4.751414000056684,8.758440000005066,50,4.043154999613762,6.136733000166714,7.802490999922156,7.802490999922156
2026-08-28T08:25:57.981Z,6230.081,500,1.5787180000916123,4.545415000058711,4.861324000172317,8.628460000269115,50,4.757144999690354,7.664361999370158,15.842761999927461,15.842761999927461
2026-08-28T08:26:07.981Z,6240.081,500,1.5807280000299215,4.523974999785423,4.790744999423623,9.263299999758601,50,4.005026000551879,6.002063000574708,7.8147710002958775,7.8147710002958775
2026-08-28T08:26:17.981Z,6250.082,500,1.6346479998901486,4.587575000710785,4.757043999619782,12.353426000103354,50,4.022544999606907,6.108022999949753,7.8318310007452965,7.8318310007452965
2026-08-28T08:26:27.981Z,6260.082,500,1.6569380005821586,4.57024500053376,4.967563999816775,10.056098999455571,50,4.086755000054836,6.215202999301255,7.229501999914646,7.229501999914646
2026-08-28T08:26:37.980Z,6270.082,500,1.5296679995954037,4.520285000093281,4.903424999676645,11.321766999550164,50,4.0316749997437,6.051212999969721,7.759571000002325,7.759571000002325
2026-08-28T08:26:47.979Z,6280.081,500,1.5338580003008246,4.550374999642372,4.794673999771476,8.767589999362826,50,4.208104999735951,7.78787099942565,7.808331999927759,7.808331999927759
2026-08-28T08:26:57.980Z,6290.081,500,1.5937789995223284,4.516084999777377,4.742105000652373,8.42035000026226,50,3.9380860002711415,6.088103000074625,6.431762999854982,6.431762999854982
2026-08-28T08:27:07.980Z,6300.081,500,1.6127579994499683,4.5792249999940395,4.693874999880791,11.79715699981898,50,4.001494999974966,5.95900300052017,6.134393000043929,6.134393000043929
2026-08-28T08:27:17.980Z,6310.082,500,1.5671480000019073,4.540105000138283,4.8879249999299645,9.26683900039643,50,4.161154999397695,5.991163999773562,6.26363299973309,6.26363299973309
2026-08-28T08:27:27.982Z,6320.082,500,1.503757999278605,4.521234999410808,4.854864999651909,8.621841000393033,50,3.97350599989295,5.8680830001831055,7.077992000617087,7.077992000617087
2026-08-28T08:27:37.982Z,6330.082,501,1.495567999780178,4.51494299992919,4.723923999816179,9.265536999329925,50,3.8303339993581176,7.771007999777794,13.855599999427795,13.855599999427795
2026-08-28T08:27:47.980Z,6340.082,499,1.4814780000597239,4.441914000548422,4.888763000257313,11.739113999530673,50,4.08859399985522,5.878341999836266,7.750699000433087,7.750699000433087
2026-08-28T08:27:57.982Z,6350.082,501,1.6470980001613498,4.584484000690281,4.85814299993217,6.759500999934971,50,3.9606739999726415,6.608729999512434,8.703026999719441,8.703026999719441
2026-08-28T08:28:07.982Z,6360.082,500,1.5358779998496175,4.507674000225961,4.69431299995631,8.899306999519467,50,3.9807839998975396,6.844091000035405,14.136379999108613,14.136379999108613
2026-08-28T08:28:17.980Z,6370.082,500,1.5464679999276996,4.520244000479579,4.864362999796867,8.308978999964893,50,4.608363999985158,6.859390000812709,7.833299000747502,7.833299000747502
2026-08-28T08:28:27.980Z,6380.082,499,1.5616370001807809,4.553753999993205,5.246913000009954,7.002190000377595,50,3.8393649999052286,6.011761999689043,7.287370000034571,7.287370000034571
2026-08-28T08:28:37.982Z,6390.083,501,1.5385179994627833,4.499703999608755,4.9017030000686646,10.147925999946892,50,3.959624000824988,7.747929000295699,7.847199000418186,7.847199000418186
2026-08-28T08:28:47.980Z,6400.082,500,1.5092580001801252,4.544893000274897,5.069713000208139,11.302434000186622,50,4.016425000503659,6.801950000226498,7.780588999390602,7.780588999390602
2026-08-28T08:28:57.981Z,6410.083,500,1.4975769994780421,4.476584000512958,5.0349230002611876,11.719703000038862,50,4.644663999788463,6.794550999999046,7.726269000209868,7.726269000209868
2026-08-28T08:29:07.981Z,6420.082,500,1.540497999638319,4.506134000606835,4.7225629994645715,12.063292999751866,50,3.8420540001243353,6.098410999402404,7.0210600001737475,7.0210600001737475
2026-08-28T08:29:17.981Z,6430.082,500,1.5913479998707771,4.5761129995808005,4.8077529994770885,5.447801999747753,50,3.8766550002619624,6.1265519997105,7.799778999760747,7.799778999760747
2026-08-28T08:29:27.981Z,6440.083,500,1.5485380003228784,4.52558400016278,4.673953999765217,7.960578000172973,50,3.965594000183046,6.773380000144243,7.17140999995172,7.17140999995172
2026-08-28T08:29:37.981Z,6450.082,500,1.532837999984622,4.494923000223935,4.791163000278175,5.548311999998987,50,4.089145000092685,6.947250000201166,8.329388000071049,8.329388000071049
2026-08-28T08:29:47.982Z,6460.082,500,1.5222880002111197,4.506903000175953,5.106212999671698,8.83803700003773,50,3.915684999898076,6.783800000324845,7.864619000814855,7.864619000814855
2026-08-28T08:29:57.980Z,6470.082,500,1.5724879996851087,4.529973999597132,4.612323999404907,9.2219070000574,50,3.967574999667704,7.0312799997627735,7.982618999667466,7.982618999667466
2026-08-28T08:30:07.982Z,6480.083,500,1.5658870004117489,4.55080399941653,4.688713000155985,11.535373999737203,50,4.628823000006378,6.058330999687314,6.800420000217855,6.800420000217855
2026-08-28T08:30:17.980Z,6490.082,500,1.5709779998287559,4.604072999209166,4.9355130000039935,9.953455999493599,50,3.938574000261724,6.032890999689698,7.827019000425935,7.827019000425935
2026-08-28T08:30:27.980Z,6500.082,500,1.5351280001923442,4.529983000829816,4.706972999498248,8.159799000248313,50,3.919483999721706,6.218570999801159,6.531089999713004,6.531089999713004
2026-08-28T08:30:37.980Z,6510.082,500,1.5727880001068115,4.5975029999390244,4.959393000230193,8.585308000445366,50,4.085754000581801,6.360400999896228,14.314738999120891,14.314738999120891
2026-08-28T08:30:47.982Z,6520.082,500,1.532158000394702,4.5428329994902015,5.023172999732196,11.715313999913633,50,3.8597740000113845,6.457260999828577,7.880708999931812,7.880708999931812
2026-08-28T08:30:57.981Z,6530.083,500,1.5383479995653033,4.550303000025451,5.04900199919939,8.719267999753356,50,3.839844999834895,5.856391999870539,6.810579999350011,6.810579999350011
2026-08-28T08:31:07.981Z,6540.082,500,1.5824670000001788,4.5527040008455515,4.769523000344634,8.9447579998523,50,4.064124000258744,7.132059999741614,7.8529890002682805,7.8529890002682805
2026-08-28T08:31:17.980Z,6550.082,500,1.5829970007762313,4.51201399974525,4.899703999981284,9.291846999898553,50,4.010564999654889,6.273610999807715,7.810989000834525,7.810989000834525
2026-08-28T08:31:27.980Z,6560.082,500,1.502717999741435,4.459253000095487,4.6843830002471805,11.11171399988234,50,3.8655550004914403,6.311961000785232,7.860318999737501,7.860318999737501
2026-08-28T08:31:37.980Z,6570.082,500,1.5105180004611611,4.493773999623954,5.022882000543177,9.68351599946618,50,4.115474000573158,5.944300999864936,13.884030000306666,13.884030000306666
2026-08-28T08:31:47.982Z,6580.082,500,1.588897000066936,4.565693999640644,5.10691300034523,8.58468799944967,50,3.878885000012815,6.240660999901593,6.909889999777079,6.909889999777079
2026-08-28T08:31:57.981Z,6590.082,500,1.5241179997101426,4.499723999761045,4.809302999638021,8.5791579997167,50,3.8838649997487664,6.755580000579357,15.763148000463843,15.763148000463843
2026-08-28T08:32:07.980Z,6600.082,500,1.5182480001822114,4.493292999453843,4.667433999478817,8.673887999728322,50,4.0040039997547865,5.921570999547839,7.836419000290334,7.836419000290334
2026-08-28T08:32:17.981Z,6610.082,500,1.5777179999276996,4.500004000030458,4.666043000295758,6.931379999965429,50,3.8903139997273684,6.231921000406146,7.856808999553323,7.856808999553323
2026-08-28T08:32:27.980Z,6620.082,500,1.5853180000558496,4.538424000144005,4.825313000008464,12.23964300006628,50,3.9183040000498295,6.083860999904573,7.258009999990463,7.258009999990463
2026-08-28T08:32:37.982Z,6630.083,500,1.506087999790907,4.498843000270426,4.957793000154197,11.388863999396563,50,4.116274000145495,7.725869000889361,8.071478000842035,8.071478000842035
2026-08-28T08:32:47.982Z,6640.082,500,1.4967780001461506,4.497233999893069,4.797392999753356,8.589228000491858,50,3.8361639995127916,6.711430000141263,7.768148999661207,7.768148999661207
2026-08-28T08:32:57.981Z,6650.082,500,1.6232369998469949,4.6558339996263385,4.860623000189662,9.106847000308335,50,4.454514000564814,6.219281000085175,15.42796800006181,15.42796800006181
2026-08-28T08:33:07.982Z,6660.083,500,1.540667999535799,4.5271130008623,4.7555629992857575,9.662386999465525,50,4.684344000183046,6.622100000269711,7.846158999949694,7.846158999949694
2026-08-28T08:33:17.983Z,6670.083,500,1.52052800077945,4.516184000298381,4.87024400010705,9.43290700018406,50,3.7927449997514486,6.120581000111997,6.71820000000298,6.71820000000298
2026-08-28T08:33:27.982Z,6680.083,500,1.4976479997858405,4.524894000031054,4.740114000625908,12.283432999625802,50,4.014233999885619,6.989400999620557,7.881779000163078,7.881779000163078
2026-08-28T08:33:37.983Z,6690.083,500,1.5477379998192191,4.581923000514507,5.0387230003252625,9.005497999489307,50,4.122783999890089,6.209080999717116,9.26840699929744,9.26840699929744
2026-08-28T08:33:47.981Z,6700.083,500,1.5541479997336864,4.536802999675274,4.807462999597192,9.394405999220908,50,3.9191340003162622,6.076491000130773,7.797689000144601,7.797689000144601
2026-08-28T08:33:57.982Z,6710.083,500,1.536247999407351,4.5142239993438125,4.845943000167608,12.16348300036043,50,3.8610340002924204,6.108990999870002,7.836119000799954,7.836119000799954
2026-08-28T08:34:07.982Z,6720.084,500,1.5563880000263453,4.550753000192344,4.814783000387251,9.21866700053215,50,3.947343999519944,6.106940999627113,8.02784899994731,8.02784899994731
2026-08-28T08:34:17.983Z,6730.084,500,1.5294380001723766,4.553872999735177,4.936093000695109,8.960896999575198,50,3.8182539995759726,5.726511999964714,5.792280999943614,5.792280999943614
2026-08-28T08:34:27.982Z,6740.083,500,1.542468000203371,4.6497539998963475,5.590942000038922,9.906515999697149,50,4.127315000630915,5.957402000203729,11.94162300042808,11.94162300042808
2026-08-28T08:34:37.984Z,6750.084,500,1.5431780004873872,4.54509299993515,4.7455540001392365,11.963583000004292,50,3.836795000359416,5.746472000144422,5.8633920000866055,5.8633920000866055
2026-08-28T08:34:47.982Z,6760.084,500,1.5840180004015565,4.6027130000293255,5.287331999279559,8.691836999729276,50,4.030244999565184,5.754362000152469,5.967741999775171,5.967741999775171
2026-08-28T08:34:57.982Z,6770.084,500,1.5825869999825954,4.567834000103176,4.932183000259101,11.351153999567032,50,3.800685000605881,5.759021000005305,5.799080999568105,5.799080999568105
2026-08-28T08:35:07.982Z,6780.084,500,1.6681280005723238,4.623844000510871,5.0845330003649,11.287413999438286,50,3.9936750000342727,5.848532000556588,6.073201999999583,6.073201999999583
2026-08-28T08:35:17.983Z,6790.083,500,1.64272699970752,4.595293000340462,4.8057239996269345,8.609737999737263,50,3.899635000154376,5.125103000551462,12.687582000158727,12.687582000158727
2026-08-28T08:35:27.983Z,6800.083,500,1.6012580003589392,4.58292300067842,4.8385830000042915,11.623853999190032,50,3.8605840001255274,5.748872000724077,5.805712000466883,5.805712000466883
2026-08-28T08:35:37.983Z,6810.083,500,1.5545979999005795,4.575183000415564,4.675723000429571,11.507104000076652,50,3.917854999192059,5.785812000744045,5.966130999848247,5.966130999848247
2026-08-28T08:35:47.981Z,6820.083,500,1.5549869993701577,4.548442999832332,4.728633000515401,8.88243700005114,50,3.8475649999454618,5.785521000623703,5.804952000267804,5.804952000267804
2026-08-28T08:35:57.981Z,6830.083,500,1.5462980000302196,4.555762999691069,4.771484000608325,8.66458799969405,50,3.865565000101924,5.777751999907196,5.960641000419855,5.960641000419855
2026-08-28T08:36:07.981Z,6840.083,500,1.533967999741435,4.532293999567628,4.803944000042975,8.855976999737322,50,3.8915740000084043,5.773532000370324,5.989102000370622,5.989102000370622
2026-08-28T08:36:17.983Z,6850.083,500,1.574528000317514,4.566143999807537,4.861632999964058,8.770178000442684,50,3.948533999733627,6.762539999559522,13.966550000011921,13.966550000011921
2026-08-28T08:36:27.983Z,6860.084,500,1.6406880002468824,4.629112999886274,4.825443000532687,8.843356999568641,50,3.9029449997469783,5.208622999489307,11.58269300032407,11.58269300032407
2026-08-28T08:36:37.983Z,6870.083,500,1.5923680001869798,4.571562999859452,4.727982999756932,5.946570999920368,50,4.001055000349879,5.9823110001161695,6.830571000464261,6.830571000464261
2026-08-28T08:36:47.983Z,6880.084,500,1.5812380006536841,4.560274000279605,4.841683000326157,8.516768000088632,50,3.931084000505507,5.813632000237703,6.037101999856532,6.037101999856532
2026-08-28T08:36:57.983Z,6890.083,500,1.624707999639213,4.580032999627292,4.882842999882996,9.872925999574363,50,4.012443999759853,5.345562000758946,5.882372000254691,5.882372000254691
2026-08-28T08:37:07.982Z,6900.084,500,1.5839879997074604,4.547114000655711,4.82054299954325,9.210556999780238,50,3.878614000044763,5.914671999402344,6.178691000677645,6.178691000677645
2026-08-28T08:37:17.982Z,6910.084,500,1.5853880001232028,4.5516940001398325,4.876023999415338,9.420656000263989,50,3.9679340003058314,5.7607710007578135,6.86693000048399,6.86693000048399
2026-08-28T08:37:27.981Z,6920.083,500,1.6418369999155402,4.660972999408841,4.9150430001318455,12.523012000136077,50,4.085664000362158,5.928181000053883,5.939211000688374,5.939211000688374
2026-08-28T08:37:37.983Z,6930.083,500,1.5978279998525977,4.575914000160992,4.901963000185788,12.074443000368774,50,3.9222039999440312,5.7553409999236465,6.8407100001350045,6.8407100001350045
2026-08-28T08:37:47.982Z,6940.083,500,1.594128000549972,4.532894000411034,4.751743000000715,9.572546999901533,50,4.074294000864029,5.924981999211013,6.789039999246597,6.789039999246597
2026-08-28T08:37:57.981Z,6950.083,500,1.5819469997659326,4.532173000276089,4.774682999588549,9.475777000188828,50,3.8968939995393157,5.774871000088751,6.038021000102162,6.038021000102162
2026-08-28T08:38:07.981Z,6960.083,500,1.6131370002403855,4.571712999604642,5.22822199948132,9.363396999426186,50,3.994045000523329,5.943591999821365,6.062390999868512,6.062390999868512
2026-08-28T08:38:17.983Z,6970.083,500,1.5564780002459884,4.582423999905586,4.785383000038564,8.540388000197709,50,4.622444000095129,6.8758499994874,7.0035499995574355,7.0035499995574355
2026-08-28T08:38:27.983Z,6980.084,500,1.5207080002874136,4.528293999843299,4.801382999867201,8.331268000416458,50,4.452673999592662,5.831280999816954,6.850379999727011,6.850379999727011
2026-08-28T08:38:37.983Z,6990.083,500,1.5674970000982285,4.5523430006578565,4.887693000026047,7.962549000047147,50,4.010014999657869,6.142110999673605,6.911580000072718,6.911580000072718
2026-08-28T08:38:47.983Z,7000.083,500,1.5913880001753569,4.578134000301361,4.876743000000715,8.653297999873757,50,3.967515000142157,6.07235199958086,6.823490000329912,6.823490000329912
2026-08-28T08:38:57.982Z,7010.083,500,1.598586999811232,4.535113000310957,4.649113999679685,7.2731100004166365,50,3.9187139999121428,6.173111000098288,6.905620000325143,6.905620000325143
2026-08-28T08:39:07.982Z,7020.084,500,1.5906480001285672,4.5372029999271035,4.689423999749124,9.59723600000143,50,4.0382940005511045,6.117541000247002,13.748020999133587,13.748020999133587
2026-08-28T08:39:17.981Z,7030.083,500,1.640577000565827,4.553844000212848,4.957341999746859,9.702526999637485,50,4.243754000402987,5.9130819998681545,5.971342000178993,5.971342000178993
2026-08-28T08:39:27.983Z,7040.083,500,1.6019280003383756,4.555354000069201,4.808093000203371,9.808265999890864,50,4.777533000335097,5.9354109996929765,6.165930999442935,6.165930999442935
2026-08-28T08:39:37.983Z,7050.083,500,1.5896079996600747,4.550553999841213,4.894292999990284,9.538455999456346,50,4.798142999410629,6.023702000267804,6.8672000002115965,6.8672000002115965
2026-08-28T08:39:47.982Z,7060.084,500,1.6492179995402694,4.696372999809682,4.8599229995161295,9.636466999538243,50,4.083774000406265,6.077331000007689,6.147082000039518,6.147082000039518
2026-08-28T08:39:57.981Z,7070.084,500,1.5999379996210337,4.562494000419974,4.92068300023675,7.296299000270665,50,4.00322400033474,5.8806809997186065,7.00090999994427,7.00090999994427
2026-08-28T08:40:07.982Z,7080.084,500,1.589406999759376,4.534593999385834,4.700083999894559,9.908165999688208,50,4.013713999651372,6.888419999741018,6.976870000362396,6.976870000362396
2026-08-28T08:40:17.981Z,7090.083,500,1.5367980003356934,4.569694000296295,4.946062999777496,11.101215000264347,50,4.731403999961913,5.954371999949217,6.996439999900758,6.996439999900758
2026-08-28T08:40:27.981Z,7100.083,500,1.5974179999902844,4.530694000422955,4.742843000218272,12.576151999644935,50,4.794173000380397,6.1635610004886985,6.203302000649273,6.203302000649273
2026-08-28T08:40:37.981Z,7110.083,500,1.6042179996147752,4.664373000152409,5.141423000022769,9.713116000406444,50,4.81895300000906,6.2776110004633665,13.880690000019968,13.880690000019968
2026-08-28T08:40:47.981Z,7120.083,500,1.6521680001169443,4.575153999961913,4.810033000074327,9.56614699959755,50,4.461583999916911,6.799970000050962,6.885951000265777,6.885951000265777
2026-08-28T08:40:57.981Z,7130.083,500,1.5624279994517565,4.530344000086188,4.910982999950647,12.479202999733388,50,4.755343000404537,6.787410999648273,6.987970999442041,6.987970999442041
2026-08-28T08:41:07.983Z,7140.083,500,1.519297999329865,4.526464000344276,4.976172000169754,8.519358000718057,50,4.750413999892771,5.9407520005479455,7.223569999448955,7.223569999448955
2026-08-28T08:41:17.983Z,7150.083,500,1.5070879999548197,4.493344000540674,4.868842999450862,9.368726999498904,50,4.683333000168204,5.819311999715865,5.975701999850571,5.975701999850571
2026-08-28T08:41:27.985Z,7160.083,500,1.5883980002254248,4.559403999708593,4.955462999641895,9.528277000412345,50,4.7705330001190305,6.833190999925137,6.940750000067055,6.940750000067055
2026-08-28T08:41:37.981Z,7170.083,500,1.6667170003056526,4.5771230002865195,4.899462999776006,5.382593000307679,50,4.408404000103474,6.135961999185383,6.87480999995023,6.87480999995023
2026-08-28T08:41:47.981Z,7180.083,500,1.664028000086546,4.564342999830842,4.825752999633551,12.720982000231743,50,4.824542999267578,5.8225119998678565,6.256370999850333,6.256370999850333
2026-08-28T08:41:57.981Z,7190.083,500,1.6531779998913407,4.565794000402093,4.719282999634743,9.594016999937594,50,4.846373000182211,6.309410999529064,6.866770000196993,6.866770000196993
2026-08-28T08:42:07.981Z,7200.083,500,1.6616580002009869,4.593774000182748,4.775082999840379,9.464236999861896,50,4.900002999231219,5.864621999673545,9.639587000012398,9.639587000012398
2026-08-28T08:42:17.983Z,7210.084,500,1.6310279993340373,4.552873999811709,4.729863000102341,11.183683999814093,50,4.804523999802768,6.853570000268519,7.055590000003576,7.055590000003576
2026-08-28T08:42:27.982Z,7220.084,500,1.588097999803722,4.543444000184536,4.676283000037074,9.520986000075936,50,4.840393000282347,6.060611000284553,6.872560000047088,6.872560000047088
2026-08-28T08:42:37.982Z,7230.084,500,1.6552280001342297,4.624583000317216,4.796953000128269,9.83735700044781,50,4.860252999700606,6.052431999705732,6.167112000286579,6.167112000286579
2026-08-28T08:42:47.983Z,7240.084,500,1.6205779993906617,4.60716300085187,4.802443999797106,7.0586700001731515,50,4.847812999971211,6.202050999738276,10.239035000093281,10.239035000093281
2026-08-28T08:42:57.983Z,7250.083,500,1.6470670001581311,4.548754000104964,4.678652999922633,11.262893999926746,50,4.779303000308573,6.1936309998854995,6.81959000043571,6.81959000043571
2026-08-28T08:43:07.982Z,7260.083,500,1.5332979997619987,4.487404000014067,4.648142999969423,13.808590999804437,50,4.832464000210166,6.887560999952257,6.977269999682903,6.977269999682903
2026-08-28T08:43:17.982Z,7270.084,500,1.4968880005180836,4.478333999402821,4.568764000199735,12.023213000036776,50,4.75770299974829,6.776580999605358,6.8080500001087785,6.8080500001087785
2026-08-28T08:43:27.982Z,7280.083,500,1.5485979998484254,4.571003000251949,4.850504000671208,12.011033000424504,50,4.782784000039101,6.829299999400973,7.189060000702739,7.189060000702739
2026-08-28T08:43:37.981Z,7290.083,500,1.5412179995328188,4.541353999637067,4.707674000412226,10.534935000352561,50,4.813742999918759,6.003100999630988,7.019580000080168,7.019580000080168
2026-08-28T08:43:47.981Z,7300.083,500,1.5236080000177026,4.5100839994847775,4.710823000408709,4.74000300001353,50,4.761233000084758,6.808599999174476,7.1234300006181,7.1234300006181
2026-08-28T08:43:57.982Z,7310.084,500,1.5852479999884963,4.594902999699116,4.8754629995673895,6.298251000232995,50,4.8594430005177855,5.970692000351846,6.883520999923348,6.883520999923348
2026-08-28T08:44:07.982Z,7320.082,500,1.5584770003333688,4.5864930003881454,5.57878200057894,9.836346000432968,50,4.80311300046742,6.1290809996426105,6.832949999719858,6.832949999719858
2026-08-28T08:44:17.983Z,7330.084,500,1.518368000164628,4.523773999884725,4.716022999957204,9.012507000006735,50,4.870492999441922,6.9417799999937415,9.090607999823987,9.090607999823987
2026-08-28T08:44:27.982Z,7340.084,500,1.506967999972403,4.524703999981284,4.868194000795484,11.35493400041014,50,4.714113000780344,6.143472000025213,6.783881000243127,6.783881000243127
2026-08-28T08:44:37.983Z,7350.083,500,1.6016079997643828,4.5655439998954535,4.8485730001702905,8.871028000488877,50,4.833854000084102,6.228232000023127,6.822569999843836,6.822569999843836
2026-08-28T08:44:47.983Z,7360.084,500,1.595647000707686,4.5671839993447065,5.135242999531329,9.609575999900699,50,4.903013000264764,6.806799999438226,6.869919999502599,6.869919999502599
2026-08-28T08:44:57.982Z,7370.083,500,1.639597000554204,4.5547639997676015,4.671434000134468,11.068394000642002,50,4.827723000198603,6.429260999895632,6.839770999737084,6.839770999737084
2026-08-28T08:45:07.982Z,7380.084,500,1.6483580004423857,4.587292999960482,4.830442999489605,5.257053000852466,50,4.833662999793887,6.255221999250352,9.992215000092983,9.992215000092983
2026-08-28T08:45:17.981Z,7390.083,500,1.6645080000162125,4.58504300005734,4.761794000864029,7.372409999370575,50,4.837932999245822,6.156410999596119,6.845021000131965,6.845021000131965
2026-08-28T08:45:27.983Z,7400.084,500,1.6519969999790192,4.5786939999088645,4.871363000012934,8.979148000478745,50,4.865623000077903,6.141540999524295,6.822209999896586,6.822209999896586
2026-08-28T08:45:37.982Z,7410.083,500,1.5827080002054572,4.554194000549614,4.85653300024569,11.07037500012666,50,4.836373000405729,6.362041000276804,6.801571000367403,6.801571000367403
2026-08-28T08:45:47.981Z,7420.083,500,1.6293079992756248,4.595893000252545,4.933523000217974,11.169005000032485,50,4.823363000527024,6.1573409996926785,6.887750000692904,6.887750000692904
2026-08-28T08:45:57.982Z,7430.083,500,1.6659279996529222,4.578123000450432,4.69875399954617,8.77171800006181,50,4.876113000325859,5.967590999789536,6.926901000551879,6.926901000551879
2026-08-28T08:46:07.983Z,7440.083,500,1.6016080006957054,4.554422999732196,4.717672999948263,10.203846000134945,50,4.791263000108302,6.2387709999457,6.860120000317693,6.860120000317693
2026-08-28T08:46:17.982Z,7450.084,500,1.5766980005428195,4.542202999815345,4.831883000209928,9.63815600052476,50,4.992854000069201,6.973360000178218,7.077160000801086,7.077160000801086
2026-08-28T08:46:27.982Z,7460.084,500,1.5872870003804564,4.543632999993861,4.918043000623584,10.517045000568032,50,4.878802999854088,6.677991000004113,7.005830000154674,7.005830000154674
2026-08-28T08:46:37.984Z,7470.085,500,1.5104179996997118,4.507513000629842,4.960293000563979,8.531727999448776,50,4.822833000682294,6.006042000837624,7.010499999858439,7.010499999858439
2026-08-28T08:46:47.984Z,7480.084,500,1.6015269998461008,4.563382999971509,4.80205300077796,8.705678000114858,50,4.9159430004656315,6.173880999907851,7.262070000171661,7.262070000171661
2026-08-28T08:46:57.983Z,7490.084,500,1.5702380007132888,4.562504000030458,4.80449299979955,9.24417700059712,50,4.924522999674082,6.888799999840558,8.598547999747097,8.598547999747097
2026-08-28T08:47:07.983Z,7500.084,500,1.503107000142336,4.52630400005728,4.809772999957204,10.644924999214709,50,4.883403000421822,6.969100000336766,7.821339000016451,7.821339000016451
2026-08-28T08:47:17.982Z,7510.084,500,1.6266080001369119,4.601692999713123,4.815813000313938,8.696708000265062,50,4.944132999517024,6.877390000037849,7.266320000402629,7.266320000402629
2026-08-28T08:47:27.984Z,7520.084,500,1.4463380007073283,4.420144000090659,4.73384299967438,5.489401999861002,50,4.791183000430465,6.725600999779999,8.872458000667393,8.872458000667393
2026-08-28T08:47:37.982Z,7530.084,500,1.4793969998136163,4.494862999767065,4.715454000048339,6.634021000005305,50,4.794394000433385,6.8035199996083975,7.8556689992547035,7.8556689992547035
2026-08-28T08:47:47.983Z,7540.085,500,1.4853379996493459,4.517163000069559,4.88869300018996,6.027320999652147,50,4.78407400008291,6.835390000604093,7.068429999984801,7.068429999984801
2026-08-28T08:47:57.984Z,7550.085,500,1.5207779994234443,4.54216399975121,4.918352999724448,9.668476999737322,50,4.955393000505865,6.808919999748468,6.967740000225604,6.967740000225604
2026-08-28T08:48:07.984Z,7560.084,500,1.5419080005958676,4.4861240005120635,4.667732999660075,11.700564000755548,50,4.926053000614047,6.6927399998530746,7.844227999448776,7.844227999448776
2026-08-28T08:48:17.982Z,7570.084,500,1.572537999600172,4.603482999838889,5.212022999301553,8.974138000048697,50,5.341272000223398,7.175420000217855,7.91019899956882,7.91019899956882
2026-08-28T08:48:27.984Z,7580.084,500,1.6056070001795888,4.526022999547422,4.812624000012875,5.3618120001628995,50,4.911852999590337,7.168100000359118,7.263109999708831,7.263109999708831
2026-08-28T08:48:37.983Z,7590.084,500,1.600157999433577,4.524653000757098,4.641812999732792,9.010867000557482,50,5.017152999527752,7.909119000658393,7.997498999349773,7.997498999349773
2026-08-28T08:48:47.983Z,7600.085,500,1.5757579999044538,4.516543000005186,4.7763030007481575,9.510467000305653,50,5.026752999983728,6.989869999699295,7.212030000053346,7.212030000053346
2026-08-28T08:48:57.983Z,7610.085,500,1.521967999637127,4.488563000224531,4.853852999396622,7.884898999705911,50,4.945603000000119,6.953499999828637,7.850509000010788,7.850509000010788
2026-08-28T08:49:07.984Z,7620.084,500,1.5802980000153184,4.5189330000430346,5.101692999713123,7.782128999941051,50,5.023572999984026,7.01611000020057,8.14427899941802,8.14427899941802
2026-08-28T08:49:17.982Z,7630.084,500,1.5748870000243187,4.526754000224173,4.908083000220358,8.38032800052315,50,5.750051999464631,6.979989999905229,7.915168999694288,7.915168999694288
2026-08-28T08:49:27.983Z,7640.084,500,1.5442279996350408,4.515143999829888,4.683074000291526,10.565625000745058,50,4.994842999614775,7.916567999869585,8.040418999269605,8.040418999269605
2026-08-28T08:49:37.982Z,7650.084,500,1.559438000433147,4.53369399998337,5.164902000688016,11.062384000048041,50,5.055802999995649,7.082019999623299,8.033618999645114,8.033618999645114
2026-08-28T08:49:47.984Z,7660.084,500,1.5640580002218485,4.5126239992678165,4.871793000027537,11.03982499986887,50,4.884992999956012,6.870820999145508,7.49309999961406,7.49309999961406
2026-08-28T08:49:57.983Z,7670.084,500,1.5784179996699095,4.521073999814689,4.782033999450505,9.613785999827087,50,5.092451999895275,7.068769999779761,7.895039000548422,7.895039000548422
2026-08-28T08:50:07.982Z,7680.084,500,1.5745580000802875,4.540504000149667,5.079481999389827,9.67563599999994,50,5.0214929999783635,6.909180000424385,7.3988789999857545,7.3988789999857545
2026-08-28T08:50:17.984Z,7690.084,500,1.556317999958992,4.542302999645472,5.069052999839187,11.454894000664353,50,5.395531999878585,7.016080000437796,7.834199000149965,7.834199000149965
2026-08-28T08:50:27.982Z,7700.084,500,1.6159680001437664,4.587733999826014,4.869863000698388,9.602185999974608,50,5.338762999512255,7.013530000112951,7.285099999979138,7.285099999979138
2026-08-28T08:50:37.982Z,7710.084,500,1.5479979999363422,4.543352999724448,4.8249230002984405,11.861193000338972,50,5.674192000180483,6.810450999997556,7.1403999999165535,7.1403999999165535
2026-08-28T08:50:47.982Z,7720.084,500,1.5461980002000928,4.526533999480307,5.13977300003171,8.906926999799907,50,5.670251999981701,7.361920000053942,7.803628999739885,7.803628999739885
2026-08-28T08:50:57.982Z,7730.084,500,1.5578080005943775,4.551033000461757,4.798632999882102,5.268503000028431,50,5.776052000001073,7.232979999855161,7.91025900002569,7.91025900002569
2026-08-28T08:51:07.983Z,7740.085,500,1.5030069993808866,4.520064000040293,4.71501399949193,6.711559999734163,50,5.616812000051141,7.065069999545813,7.771968999877572,7.771968999877572
2026-08-28T08:51:17.984Z,7750.084,500,1.5051979999989271,4.512742999941111,4.7684829998761415,7.90119899995625,50,5.184272000566125,7.7845189999789,9.064127000048757,9.064127000048757
2026-08-28T08:51:27.984Z,7760.085,500,1.5306969992816448,4.512174000032246,4.908923000097275,8.814137000590563,50,5.697271999903023,7.076590000651777,7.870849000290036,7.870849000290036
2026-08-28T08:51:37.983Z,7770.085,500,1.5126579999923706,4.5251440005376935,4.651634000241756,5.0336830001324415,50,5.673132000491023,6.803280000574887,7.8360989997163415,7.8360989997163415
2026-08-28T08:51:47.985Z,7780.086,500,1.6063879998400807,4.634463000111282,4.999313000589609,10.766954000107944,50,5.069602999836206,7.043289999477565,7.84894899930805,7.84894899930805
2026-08-28T08:51:57.983Z,7790.085,500,1.57678799983114,4.551372999325395,5.103162999264896,9.742707000114024,50,5.628002000041306,7.163960000500083,16.058078000321984,16.058078000321984
2026-08-28T08:52:07.985Z,7800.086,500,1.5471879998221993,4.535583999939263,4.7946540005505085,10.09854600019753,50,4.9643130004405975,7.799158999696374,8.007888999767601,8.007888999767601
2026-08-28T08:52:17.985Z,7810.085,500,1.5315379993990064,4.527804000303149,4.780832999385893,8.805216999724507,50,5.116682999767363,7.843859000131488,7.905318999662995,7.905318999662995
2026-08-28T08:52:27.993Z,7820.085,500,1.5537180006504059,4.575133999809623,4.759992999956012,9.663726000115275,50,5.650952000170946,6.9007600005716085,8.058478999882936,8.058478999882936
2026-08-28T08:52:37.985Z,7830.086,500,1.5749270003288984,4.58918400015682,4.808333000168204,8.596557999961078,50,5.349922000430524,7.103098999708891,7.986837999895215,7.986837999895215
2026-08-28T08:52:47.985Z,7840.086,500,1.5812579998746514,4.587343000806868,4.775042999535799,8.40342800039798,50,5.137951999902725,6.888489999808371,7.862618000246584,7.862618000246584
2026-08-28T08:52:57.985Z,7850.085,500,1.51464799977839,4.552613000385463,4.7935840003192425,8.666938000358641,50,5.728722000494599,7.199730000458658,8.075288000516593,8.075288000516593
2026-08-28T08:53:07.984Z,7860.086,500,1.5406379997730255,4.501794000156224,4.735422999598086,6.327130999416113,50,4.988262999802828,7.7311189994215965,7.9175990000367165,7.9175990000367165
2026-08-28T08:53:17.983Z,7870.085,500,1.5442480007186532,4.526064000092447,4.73280300013721,11.124144000001252,50,5.751862000674009,7.825179000385106,7.850507999770343,7.850507999770343
2026-08-28T08:53:27.984Z,7880.086,500,1.6228780001401901,4.567084000445902,4.756482999771833,8.096179000101984,50,5.689721999689937,6.932370000518858,7.222169999964535,7.222169999964535
2026-08-28T08:53:37.985Z,7890.087,500,1.6727480003610253,4.621473000384867,4.9628529995679855,10.74123500008136,50,5.079002000391483,6.834660000167787,8.027797999791801,8.027797999791801
2026-08-28T08:53:47.987Z,7900.087,500,1.664877999573946,4.6962930001318455,4.908212999813259,10.918914999812841,50,5.133861999958754,6.845901000313461,7.120430000126362,7.120430000126362
2026-08-28T08:53:57.987Z,7910.087,500,1.6062279995530844,4.588562999852002,5.462642999365926,9.020587000064552,50,5.818421999923885,7.8432489996775985,16.12919699959457,16.12919699959457
2026-08-28T08:54:07.987Z,7920.087,500,1.6383779998868704,4.580253999680281,4.7909140000119805,8.165598999708891,50,5.067511999979615,7.09339000005275,7.853928999975324,7.853928999975324
2026-08-28T08:54:17.987Z,7930.088,500,1.587347999215126,4.5968030001968145,4.861572999507189,9.465156000107527,50,5.032112999819219,7.026289999485016,7.814018999226391,7.814018999226391
2026-08-28T08:54:27.987Z,7940.087,500,1.632588000036776,4.608433999121189,4.923802999779582,11.348674000240862,50,5.281481999903917,7.637999000027776,7.890819000080228,7.890819000080228
2026-08-28T08:54:37.987Z,7950.087,500,1.5671179993078113,4.550572999753058,4.984023000113666,10.002736000344157,50,5.6488619996234775,7.083289999514818,15.212728000245988,15.212728000245988
2026-08-28T08:54:47.985Z,7960.087,500,1.6763780005276203,4.748142999596894,4.844293000176549,5.194582999683917,50,5.675012000836432,7.361870000138879,9.274746999144554,9.274746999144554
2026-08-28T08:54:57.987Z,7970.087,500,1.6787879997864366,4.591953000053763,4.7973629999905825,9.266587000340223,50,5.317522000521421,6.265881000086665,9.390775999985635,9.390775999985635
2026-08-28T08:55:07.986Z,7980.088,500,1.665208000689745,4.702424000017345,4.849983999505639,9.61750700045377,50,5.350661999545991,6.800439999438822,7.278530000708997,7.278530000708997
2026-08-28T08:55:17.987Z,7990.087,500,1.577518000267446,4.531622999347746,4.679212999530137,11.608934000134468,50,5.711031999439001,7.826678999699652,8.096439000219107,8.096439000219107
2026-08-28T08:55:27.987Z,8000.088,500,1.6669180002063513,4.597854000516236,4.9973929999396205,12.001383000053465,50,5.1033929996192455,6.887919999659061,7.072619999758899,7.072619999758899
2026-08-28T08:55:37.987Z,8010.088,500,1.6608579996973276,4.715443000197411,4.954142999835312,9.859976000152528,50,5.064512999728322,6.757340000011027,7.1095400005578995,7.1095400005578995
2026-08-28T08:55:47.988Z,8020.088,500,1.6652079997584224,4.745813000015914,4.89024299941957,5.103652999736369,50,5.0644230004400015,7.09326000045985,7.818339000456035,7.818339000456035
2026-08-28T08:55:57.985Z,8030.087,500,1.5771979996934533,4.537444000132382,4.751623000018299,9.468226999975741,50,5.461551999673247,6.989000000059605,7.835908999666572,7.835908999666572
2026-08-28T08:56:07.987Z,8040.088,500,1.612648000009358,4.571554000489414,4.837252999655902,7.644439000636339,50,5.482691999524832,6.871129999868572,8.008958999998868,8.008958999998868
2026-08-28T08:56:17.986Z,8050.087,500,1.598008000291884,4.5462340004742146,4.74072299990803,12.379282999783754,50,5.861441000364721,7.230189999565482,7.852299000136554,7.852299000136554
2026-08-28T08:56:27.985Z,8060.087,500,1.5679369997233152,4.524992999620736,4.669212999753654,5.367801999673247,50,5.778912000358105,7.839128999970853,8.621158000081778,8.621158000081778
2026-08-28T08:56:37.986Z,8070.087,500,1.5833279993385077,4.5614130003377795,4.680442999117076,9.576055999845266,50,5.525353000499308,7.217809999361634,7.863458000123501,7.863458000123501
2026-08-28T08:56:47.985Z,8080.087,500,1.5864070001989603,4.55814400035888,4.716993000358343,9.511477000080049,50,5.265691999346018,6.941591000184417,7.8772289995104074,7.8772289995104074
2026-08-28T08:56:57.986Z,8090.088,500,1.5224980004131794,4.51135400030762,4.829212999902666,11.805453999899328,50,5.773452000692487,7.022390000522137,7.935129000805318,7.935129000805318
2026-08-28T08:57:07.987Z,8100.087,500,1.5311979996040463,4.54413399938494,4.749764000065625,11.529884000308812,50,5.725172000005841,7.12550999969244,7.897269000299275,7.897269000299275
2026-08-28T08:57:17.987Z,8110.087,500,1.5832569999620318,4.568913999944925,4.748062999919057,7.647259000688791,50,5.796052000485361,6.906499999575317,7.093379999510944,7.093379999510944
2026-08-28T08:57:27.987Z,8120.087,500,1.5482369996607304,4.529294000007212,4.714542999863625,9.045478000305593,50,5.77528200019151,6.933420000597835,7.811149000190198,7.811149000190198
2026-08-28T08:57:37.986Z,8130.087,500,1.5929679991677403,4.539963999763131,4.92593300063163,9.060646999627352,50,5.776701999828219,7.099170000292361,7.8405189998447895,7.8405189998447895
2026-08-28T08:57:47.987Z,8140.087,500,1.5913869999349117,4.555312999524176,4.942753000184894,11.604513000696898,50,5.76796199940145,7.109900000505149,7.889848999679089,7.889848999679089
2026-08-28T08:57:57.987Z,8150.087,500,1.565548000857234,4.51951399911195,4.784622999839485,9.786906000226736,50,5.196581999771297,7.823038999922574,7.858419000171125,7.858419000171125
2026-08-28T08:58:07.987Z,8160.087,500,1.5674280002713203,4.520763999782503,4.657303000800312,8.147419000044465,50,5.7445609997957945,7.733458999544382,7.8529290007427335,7.8529290007427335
2026-08-28T08:58:17.987Z,8170.088,500,1.5490480000153184,4.525894000194967,4.804523000493646,5.690841999836266,50,5.85504199936986,7.802829000167549,7.9691490000113845,7.9691490000113845
2026-08-28T08:58:27.986Z,8180.087,500,1.6082680001854897,4.577833999879658,4.845383000560105,9.716695999726653,50,5.870600999332964,7.830719000659883,7.8711489997804165,7.8711489997804165
2026-08-28T08:58:37.986Z,8190.087,500,1.5833879997953773,4.5526539999991655,4.812943000346422,7.94091899972409,50,5.909322000108659,7.317409999668598,15.08960899990052,15.08960899990052
2026-08-28T08:58:47.986Z,8200.088,500,1.5943080000579357,4.562673999927938,4.694443000480533,6.511030999943614,50,5.842401999980211,7.773818999528885,9.433767000213265,9.433767000213265
2026-08-28T08:58:57.985Z,8210.087,500,1.5955680003389716,4.581163000315428,4.799603000283241,8.891437999904156,50,5.873310999944806,7.150419999845326,7.8486790005117655,7.8486790005117655
2026-08-28T08:59:07.987Z,8220.087,500,1.5823280001059175,4.574683000333607,4.84133299998939,5.671261999756098,50,5.806962000206113,7.225269000045955,7.892718999646604,7.892718999646604
2026-08-28T08:59:17.987Z,8230.088,500,1.577917999587953,4.549162999726832,4.77322299964726,12.059382999315858,50,5.810912000015378,7.793979000300169,7.809218999929726,7.809218999929726
2026-08-28T08:59:27.985Z,8240.087,500,1.5198980001732707,4.553954000584781,4.800792999565601,9.743536000140011,50,5.838980999775231,7.863158999942243,7.912599000148475,7.912599000148475
2026-08-28T08:59:37.986Z,8250.087,500,1.575997999869287,4.562532999552786,4.808853999711573,9.930045999586582,50,5.783791999332607,7.214279999956489,7.835229000076652,7.835229000076652
2026-08-28T08:59:47.987Z,8260.087,500,1.551367999985814,4.536683999933302,4.789733000099659,8.210009000264108,50,5.778092000633478,7.708299000747502,7.904988999478519,7.904988999478519
2026-08-28T08:59:57.987Z,8270.088,500,1.588806999847293,4.561213000677526,4.901092999614775,10.563374999910593,50,6.031622000038624,7.066060000099242,7.215419999323785,7.215419999323785
2026-08-28T09:00:07.986Z,8280.087,500,1.5429279999807477,4.535233999602497,4.703282999806106,8.538938000798225,50,5.798320999369025,7.242998999543488,15.645138000138104,15.645138000138104
2026-08-28T09:00:17.986Z,8290.087,500,1.5961070004850626,4.615534000098705,4.802763000130653,5.0730429999530315,50,5.902890999801457,7.714918999932706,7.73596900049597,7.73596900049597
2026-08-28T09:00:27.986Z,8300.088,500,1.5717179998755455,4.550263000652194,4.649794000200927,6.165931000374258,50,6.0200209999457,7.133840000256896,8.052209000103176,8.052209000103176
2026-08-28T09:00:37.985Z,8310.087,500,1.563277999870479,4.570154000073671,4.826962999999523,8.536868000403047,50,5.81481199990958,7.729769000783563,7.795229000039399,7.795229000039399
2026-08-28T09:00:47.987Z,8320.088,500,1.5790780000388622,4.561683000065386,4.829092999920249,9.737285999581218,50,5.882741000503302,6.9961199993267655,7.976939000189304,7.976939000189304
2026-08-28T09:00:57.986Z,8330.088,500,1.5521579999476671,4.564683000557125,5.1027130000293255,11.214124000631273,50,5.779201999306679,7.750218999572098,7.788538999855518,7.788538999855518
2026-08-28T09:01:07.985Z,8340.087,500,1.5489680003374815,4.5406140005216,4.772813000716269,11.203044000081718,50,5.786500999704003,7.753379000350833,7.966009000316262,7.966009000316262
2026-08-28T09:01:17.985Z,8350.087,500,1.5672279996797442,4.510223999619484,4.69684400036931,9.72101700026542,50,5.827192000113428,7.132499999366701,7.802608999423683,7.802608999423683
2026-08-28T09:01:27.987Z,8360.087,500,1.5886869998648763,4.578553999774158,4.7657730001956224,9.695925999432802,50,5.950290999375284,7.0625,8.071658000349998,8.071658000349998
2026-08-28T09:01:37.986Z,8370.088,500,1.5861679995432496,4.567513999529183,4.937722999602556,9.807416000403464,50,5.960301999934018,7.740209000185132,7.956269000656903,7.956269000656903
2026-08-28T09:01:47.985Z,8380.087,500,1.5631679994985461,4.533553999848664,4.703333000652492,8.996996998786926,50,5.8972310004755855,7.759868999943137,7.8269490003585815,7.8269490003585815
2026-08-28T09:01:57.985Z,8390.087,500,1.5321180000901222,4.5275439992547035,5.0816619992256165,11.588764000684023,50,5.949472000822425,7.760269001126289,7.814479000866413,7.814479000866413
2026-08-28T09:02:07.985Z,8400.087,500,1.567637000232935,4.565063999965787,4.918812999501824,10.17832599952817,50,5.843301998451352,7.433119999244809,7.753279000520706,7.753279000520706
2026-08-28T09:02:17.985Z,8410.087,500,1.683628000319004,4.6090140007436275,4.667362999171019,9.32238700054586,50,6.035801999270916,7.139580000191927,7.804628999903798,7.804628999903798
2026-08-28T09:02:27.987Z,8420.087,500,1.5783480014652014,4.574994001537561,4.7004540003836155,8.108549000695348,50,5.807102000340819,7.732868999242783,8.050677999854088,8.050677999854088
2026-08-28T09:02:37.985Z,8430.087,500,1.5445070005953312,4.523984000086784,4.945552000775933,8.639318000525236,50,5.79169199988246,7.801578000187874,8.00220900028944,8.00220900028944
2026-08-28T09:02:47.987Z,8440.087,500,1.5867969989776611,4.555774001404643,4.793442999944091,8.062478000298142,50,5.794632000848651,7.74689899943769,7.825378999114037,7.825378999114037
2026-08-28T09:02:57.986Z,8450.088,500,1.5764679983258247,4.549023998901248,5.053651999682188,12.115592999383807,50,5.896601000800729,7.80103899911046,7.963197998702526,7.963197998702526
2026-08-28T09:03:07.987Z,8460.087,500,1.5918879993259907,4.58755400031805,5.069862000644207,7.351728999987245,50,5.902572000399232,7.818349000066519,7.970269000157714,7.970269000157714
2026-08-28T09:03:17.987Z,8470.087,500,1.5324879996478558,4.566883999854326,4.887742999941111,8.415227999910712,50,5.760172000154853,7.7553190011531115,7.91936899907887,7.91936899907887
2026-08-28T09:03:27.986Z,8480.087,500,1.5303680002689362,4.538603000342846,4.833533000200987,10.376705000177026,50,5.80749199911952,7.76884900033474,7.987237999215722,7.987237999215722
2026-08-28T09:03:37.986Z,8490.087,500,1.5677380003035069,4.597882999107242,4.808672999963164,10.798754999414086,50,5.77488199993968,7.768968999385834,7.806439001113176,7.806439001113176
2026-08-28T09:03:47.986Z,8500.087,500,1.6068879999220371,4.590413000434637,5.553142998367548,6.27658100053668,50,5.841412000358105,7.725128998979926,14.455749999731779,14.455749999731779
2026-08-28T09:03:57.987Z,8510.087,500,1.6009280011057854,4.58581299893558,4.672914000228047,8.052168998867273,50,5.8901620004326105,7.745598999783397,16.2432969994843,16.2432969994843
2026-08-28T09:04:07.986Z,8520.087,500,1.6580280009657145,4.598853999748826,4.869822999462485,9.165036998689175,50,5.921361999586225,7.723358999937773,7.75971900112927,7.75971900112927
2026-08-28T09:04:17.985Z,8530.087,500,1.6018380001187325,4.604863999411464,5.008752999827266,9.788666000589728,50,5.819701999425888,7.130979999899864,8.155349001288414,8.155349001288414
2026-08-28T09:04:27.987Z,8540.087,500,1.5808870010077953,4.584293000400066,4.807733001187444,8.21122800000012,50,5.8313819989562035,7.137829998508096,7.789718998596072,7.789718998596072
2026-08-28T09:04:37.985Z,8550.087,500,1.6045270003378391,4.619413999840617,4.828962998464704,7.816649001091719,50,5.824632000178099,7.061219999566674,7.746618999168277,7.746618999168277
2026-08-28T09:04:47.986Z,8560.087,500,1.5982780009508133,4.595493000000715,5.0642530005425215,8.311337999999523,50,5.77802100032568,7.275529999285936,7.913018999621272,7.913018999621272
2026-08-28T09:04:57.985Z,8570.087,500,1.6421080008149147,4.725813999772072,5.003582999110222,9.0796580016613,50,5.972310999408364,7.099989999085665,7.899069000035524,7.899069000035524
2026-08-28T09:05:07.985Z,8580.087,500,1.5525280013680458,4.5398229993879795,4.70342400111258,8.509047999978065,50,5.815721999853849,7.794727999716997,7.946618998423219,7.946618998423219
2026-08-28T09:05:17.986Z,8590.088,500,1.623207999393344,4.6940340008586645,5.081352999433875,8.187078000977635,50,6.0407619997859,7.631138999015093,7.86268899962306,7.86268899962306
2026-08-28T09:05:27.987Z,8600.088,500,1.629636999219656,4.61706299893558,4.85814299993217,6.442721001803875,50,6.041151000186801,7.9637780003249645,8.363037999719381,8.363037999719381
2026-08-28T09:05:37.987Z,8610.088,500,1.5714979991316795,4.560962999239564,4.7521529998630285,9.91796600073576,50,5.802102001383901,7.774249000474811,16.610346999019384,16.610346999019384
2026-08-28T09:05:47.987Z,8620.088,500,1.532167999073863,4.541633000597358,4.726204000413418,5.451331999152899,50,5.787211999297142,7.764118999242783,7.803828999400139,7.803828999400139
2026-08-28T09:05:57.987Z,8630.087,500,1.5717280004173517,4.551403999328613,4.923033000901341,10.870145000517368,50,5.738681999966502,7.831249000504613,16.524896999821067,16.524896999821067
2026-08-28T09:06:07.987Z,8640.088,500,1.6497470010071993,4.589553000405431,4.709352999925613,8.951757999137044,50,5.737871998921037,7.103159999474883,7.745269000530243,7.745269000530243
2026-08-28T09:06:17.987Z,8650.087,500,1.6543070003390312,4.635513000190258,5.117292998358607,11.547043999657035,50,6.104911999776959,7.875618999823928,7.951139001175761,7.951139001175761
2026-08-28T09:06:27.986Z,8660.088,500,1.515998000279069,4.53065299987793,4.797574000433087,9.275786999613047,50,5.791982000693679,7.688329000025988,8.10066800005734,8.10066800005734
2026-08-28T09:06:37.985Z,8670.087,500,1.5975679997354746,4.601332999765873,4.776562999933958,8.860797001048923,50,5.988172000274062,7.760158998891711,8.83984800055623,8.83984800055623
2026-08-28T09:06:47.985Z,8680.087,500,1.673097999766469,4.608333000913262,4.99813299998641,5.54067200049758,50,6.040312001481652,7.893399000167847,8.019628999754786,8.019628999754786
2026-08-28T09:06:57.987Z,8690.087,500,1.6719480007886887,4.624134000390768,4.72758400067687,10.354186000302434,50,6.007110999897122,8.04394800029695,8.855557000264525,8.855557000264525
2026-08-28T09:07:07.986Z,8700.088,500,1.5672880001366138,4.547163000330329,4.773133000358939,7.929359000176191,50,5.851100999861956,7.854209000244737,17.235676001757383,17.235676001757383
2026-08-28T09:07:17.985Z,8710.087,500,1.644217999652028,4.60670300014317,4.739333000034094,5.276422999799252,50,6.057300999760628,7.861809000372887,8.741147998720407,8.741147998720407
2026-08-28T09:07:27.987Z,8720.087,500,1.5744580011814833,4.583313999697566,4.806392999365926,7.693688999861479,50,5.998521000146866,7.992928000167012,8.81652699969709,8.81652699969709
2026-08-28T09:07:37.987Z,8730.087,500,1.5566870011389256,4.536054000258446,4.80222300067544,5.347852999344468,50,5.902351999655366,7.9900690000504255,8.832817999646068,8.832817999646068
2026-08-28T09:07:47.985Z,8740.087,500,1.5312680006027222,4.531613001599908,4.811594000086188,8.898657001554966,50,5.810172000899911,7.698148999363184,8.843288000673056,8.843288000673056
2026-08-28T09:07:57.987Z,8750.088,500,1.5873480010777712,4.5596930012106895,4.848363000899553,8.2115279994905,50,6.095301000401378,7.875869000330567,8.863757999613881,8.863757999613881
2026-08-28T09:08:07.987Z,8760.087,500,1.5304780006408691,4.533943001180887,4.632303999736905,10.722175000235438,50,6.282891001552343,7.980799000710249,8.94450799934566,8.94450799934566
2026-08-28T09:08:17.985Z,8770.087,500,1.5303879994899035,4.514383999630809,4.796343000605702,10.852585000917315,50,6.545800000429153,7.935977999120951,8.809856999665499,8.809856999665499
2026-08-28T09:08:27.986Z,8780.088,500,1.5288180001080036,4.541722999885678,4.787003999575973,11.080004001036286,50,6.615040000528097,7.847078999504447,8.47727799974382,8.47727799974382
2026-08-28T09:08:37.987Z,8790.087,500,1.5167479999363422,4.536363000050187,4.849912999197841,10.222546000033617,50,6.016891999170184,7.768229000270367,8.722137998789549,8.722137998789549
2026-08-28T09:08:47.987Z,8800.087,500,1.588636999949813,4.6227540001273155,4.801813000813127,7.917247999459505,50,6.639031000435352,8.132339000701904,9.00292699970305,9.00292699970305
2026-08-28T09:08:57.986Z,8810.088,500,1.5164780002087355,4.487274000421166,4.7396440003067255,5.3612130004912615,50,6.711421001702547,8.762288000434637,8.88867799937725,8.88867799937725
2026-08-28T09:09:07.987Z,8820.089,500,1.548946999013424,4.5684140007942915,4.762454001232982,7.56972000002861,50,6.124091999605298,8.263278000056744,8.93324699997902,8.93324699997902
2026-08-28T09:09:17.988Z,8830.089,500,1.5503869988024235,4.551254000514746,4.754752999171615,8.7564080003649,50,5.924611000344157,8.765208000317216,17.62225499935448,17.62225499935448
2026-08-28T09:09:27.987Z,8840.089,500,1.5289779994636774,4.580222999677062,4.857022998854518,11.813574001193047,50,5.982501000165939,7.874338999390602,8.739397998899221,8.739397998899221
2026-08-28T09:09:37.988Z,8850.089,500,1.6196379996836185,4.628773000091314,5.049492999911308,9.629937000572681,50,6.648709999397397,7.916048999875784,9.006796998903155,9.006796998903155
2026-08-28T09:09:47.989Z,8860.089,500,1.5481280013918877,4.531013999134302,4.94272300042212,9.603296000510454,50,6.142501000314951,8.812456998974085,8.834637999534607,8.834637999534607
2026-08-28T09:09:57.987Z,8870.089,500,1.5517079997807741,4.539533000439405,5.022923000156879,10.329675000160933,50,6.054561000317335,8.255488000810146,8.913947999477386,8.913947999477386
2026-08-28T09:10:07.989Z,8880.089,500,1.6727770008146763,4.640693001449108,4.8786730002611876,6.028702000156045,50,6.058312000706792,7.7226189989596605,8.83164699934423,8.83164699934423
2026-08-28T09:10:17.989Z,8890.089,500,1.5224479995667934,4.506612999364734,4.734663000330329,11.053753999993205,50,6.760680999606848,7.80077899992466,8.438247999176383,8.438247999176383
2026-08-28T09:10:27.988Z,8900.089,500,1.5054379999637604,4.489384001120925,4.883202999830246,8.586918000131845,50,6.66482999920845,7.725548999384046,7.756819000467658,7.756819000467658
2026-08-28T09:10:37.987Z,8910.089,500,1.558798000216484,4.571644000709057,5.012982999905944,8.87524800002575,50,6.333290999755263,8.088727999478579,8.363938000053167,8.363938000053167
2026-08-28T09:10:47.987Z,8920.089,500,1.5649079997092485,4.550242999568582,4.916423000395298,9.513627000153065,50,6.6975500006228685,8.826976999640465,8.848617000505328,8.848617000505328
2026-08-28T09:10:57.987Z,8930.089,500,1.546297999098897,4.539522999897599,4.805073000490665,8.494017999619246,50,6.784980999305844,7.777948999777436,8.802508000284433,8.802508000284433
2026-08-28T09:11:07.989Z,8940.089,500,1.5018380004912615,4.4675140008330345,4.750334000214934,7.380510000512004,50,6.681260999292135,8.1612189989537,8.87499700114131,8.87499700114131
2026-08-28T09:11:17.989Z,8950.089,500,1.537008000537753,4.549184000119567,4.8223639987409115,6.6003010012209415,50,6.729211000725627,8.864337999373674,8.872636999934912,8.872636999934912
2026-08-28T09:11:27.989Z,8960.089,500,1.5600070003420115,4.537383999675512,4.74414400011301,8.882846999913454,50,6.592439999803901,8.790227999910712,8.938917001709342,8.938917001709342
2026-08-28T09:11:37.989Z,8970.089,500,1.5622579995542765,4.532323000952601,4.818713000044227,9.764356000348926,50,6.801769999787211,8.198208000510931,8.810867000371218,8.810867000371218
2026-08-28T09:11:47.988Z,8980.089,500,1.6133680008351803,4.619843000546098,4.840422999113798,11.573224000632763,50,6.165202001109719,7.919329000636935,8.330067999660969,8.330067999660969
2026-08-28T09:11:57.989Z,8990.089,500,1.558907998725772,4.553244000300765,4.85470300167799,5.368411999195814,50,6.786129999905825,8.328697999939322,8.830417999997735,8.830417999997735
2026-08-28T09:12:07.988Z,9000.089,500,1.588927999138832,4.589122999459505,5.094263000413775,11.623584000393748,50,6.8512699995189905,7.929308999329805,8.063428999856114,8.063428999856114
2026-08-28T09:12:17.989Z,9010.089,500,1.5378580000251532,4.5393040012568235,4.7798029985278845,11.610544001683593,50,6.871480001136661,8.988866999745369,9.870826000347733,9.870826000347733
2026-08-28T09:12:27.987Z,9020.089,500,1.5537080001085997,4.54857299849391,4.706512998789549,10.859715001657605,50,6.900869999080896,8.86060700006783,9.36035699956119,9.36035699956119
2026-08-28T09:12:37.988Z,9030.09,500,1.555817998945713,4.565332999452949,4.821823000907898,9.993646999821067,50,6.861591000109911,8.925886999815702,9.687356000766158,9.687356000766158
2026-08-28T09:12:47.990Z,9040.09,500,1.5636480003595352,4.563423998653889,4.82655300013721,8.80531799979508,50,6.896069999784231,8.305508000776172,8.895817000418901,8.895817000418901
2026-08-28T09:12:57.988Z,9050.09,500,1.551308000460267,4.525023000314832,4.667493000626564,8.122478999197483,50,6.794001000002027,8.812057999894023,9.06521699950099,9.06521699950099
2026-08-28T09:13:07.990Z,9060.09,500,1.6156179998070002,4.584142999723554,4.750954000279307,5.590571999549866,50,6.893860001116991,8.323168000206351,9.907596001401544,9.907596001401544
2026-08-28T09:13:17.988Z,9070.09,500,1.669827999547124,4.695464000105858,4.873313000425696,9.321056000888348,50,6.910769999027252,8.845087001100183,9.301697000861168,9.301697000861168
2026-08-28T09:13:27.990Z,9080.09,500,1.6209379993379116,4.600963000208139,5.606902999803424,9.697156999260187,50,6.861889999359846,8.216277999803424,9.166747000068426,9.166747000068426
2026-08-28T09:13:37.989Z,9090.091,500,1.6168680004775524,4.675952998921275,5.072603000327945,10.026735998690128,50,7.065449999645352,8.292819000780582,17.236694999039173,17.236694999039173
2026-08-28T09:13:47.989Z,9100.09,500,1.5870479997247458,4.588742999359965,4.7687539998441935,10.348774999380112,50,6.818341000005603,9.073636999353766,18.00726499967277,18.00726499967277
2026-08-28T09:13:57.990Z,9110.09,500,1.5757780000567436,4.587263999506831,4.810753000900149,8.844428000971675,50,6.807881001383066,8.960967998951674,17.029346000403166,17.029346000403166
2026-08-28T09:14:07.988Z,9120.09,500,1.554577998816967,4.529233999550343,4.72507300041616,11.183934999629855,50,6.776879999786615,8.781406998634338,10.067105000838637,10.067105000838637
2026-08-28T09:14:17.990Z,9130.091,500,1.5862379986792803,4.582094000652432,4.704253001138568,8.978966999799013,50,6.81195000000298,8.885666999965906,9.12584799900651,9.12584799900651
2026-08-28T09:14:27.990Z,9140.091,500,1.5784179996699095,4.573133999481797,4.686703000217676,10.424005001783371,50,6.8285499997437,8.887798000127077,8.973237000405788,8.973237000405788
2026-08-28T09:14:37.990Z,9150.09,500,1.5333680007606745,4.5382340010255575,4.775902999565005,9.601965999230742,50,6.805030001327395,9.264877000823617,10.072835998609662,10.072835998609662
2026-08-28T09:14:47.990Z,9160.09,500,1.5050070006400347,4.541402999311686,4.888942999765277,10.635995000600815,50,6.810010001063347,8.850286999717355,9.868826000019908,9.868826000019908
2026-08-28T09:14:57.989Z,9170.09,500,1.540217999368906,4.538644000887871,4.722752999514341,9.710565999150276,50,6.8572899997234344,8.88280799984932,9.286257000640035,9.286257000640035
2026-08-28T09:15:07.990Z,9180.09,500,1.5546380002051592,4.548613999038935,4.770424000918865,11.94131400063634,50,6.800010999664664,8.956627000123262,9.941905999556184,9.941905999556184
2026-08-28T09:15:17.990Z,9190.091,500,1.5526379998773336,4.587243000045419,4.816652998328209,6.116171000525355,50,6.747400000691414,9.011207999661565,9.16218800097704,9.16218800097704
2026-08-28T09:15:27.989Z,9200.091,500,1.5426879990845919,4.565954001620412,4.743003999814391,6.550010999664664,50,6.75985100120306,8.98543700017035,9.85598599910736,9.85598599910736
2026-08-28T09:15:37.991Z,9210.091,500,1.5599169991910458,4.543113999068737,4.794864000752568,9.340135999023914,50,6.7920810002833605,8.876168001443148,8.884617999196053,8.884617999196053
2026-08-28T09:15:47.991Z,9220.092,500,1.567756999284029,4.549203999340534,4.74613399989903,9.592105999588966,50,6.756001001223922,8.781216999515891,9.005076998844743,9.005076998844743
2026-08-28T09:15:57.990Z,9230.091,500,1.6172480005770922,4.619274001568556,5.119283000007272,12.97648200020194,50,6.8626910001039505,8.206938000395894,10.053686000406742,10.053686000406742
2026-08-28T09:16:07.990Z,9240.091,500,1.5207580011337996,4.522824000567198,4.682164000347257,10.17659599892795,50,6.861440001055598,8.97897700034082,9.935725999996066,9.935725999996066
2026-08-28T09:16:17.991Z,9250.092,500,1.5833669994026423,4.618914000689983,4.867673000320792,9.747206998988986,50,6.7802700009197,8.333327999338508,8.842997999861836,8.842997999861836
2026-08-28T09:16:27.990Z,9260.091,500,1.5843470003455877,4.658632999286056,4.80608400143683,10.153046000748873,50,6.740269999951124,8.887387000024319,9.96131599880755,9.96131599880755
2026-08-28T09:16:37.990Z,9270.091,500,1.6223879996687174,4.608023000881076,4.746052999049425,9.54611700028181,50,6.522910999134183,8.222718000411987,16.801776999607682,16.801776999607682
2026-08-28T09:16:47.991Z,9280.092,500,1.593758000060916,4.57137400098145,5.017101999372244,9.529105998575687,50,6.742960000410676,8.97707699984312,9.873606000095606,9.873606000095606
2026-08-28T09:16:57.989Z,9290.091,500,1.5740479994565248,4.560012999922037,4.771922999992967,9.764667000621557,50,6.822249999269843,8.905656998977065,9.034907000139356,9.034907000139356
2026-08-28T09:17:07.989Z,9300.091,500,1.5599480010569096,4.5541329998523,4.725902998819947,11.145533999428153,50,6.78685100004077,8.83856699988246,9.945235999301076,9.945235999301076
2026-08-28T09:17:17.990Z,9310.092,500,1.6573980003595352,4.611594000831246,4.8004639986902475,9.646486001089215,50,6.833881000056863,8.594846999272704,15.780678000301123,15.780678000301123
2026-08-28T09:17:27.989Z,9320.091,500,1.6364170014858246,4.615553000941873,4.852853000164032,12.530852999538183,50,6.9198499992489815,9.051138000562787,9.901095999404788,9.901095999404788
2026-08-28T09:17:37.989Z,9330.091,500,1.6032679993659258,4.571313999593258,4.847032999619842,10.490144999697804,50,6.847280999645591,8.226738000288606,9.036867000162601,9.036867000162601
2026-08-28T09:17:47.991Z,9340.091,500,1.5425669997930527,4.545613000169396,4.866693999618292,10.09736599959433,50,6.7388209998607635,8.058158999308944,8.42637800052762,8.42637800052762
2026-08-28T09:17:57.992Z,9350.091,500,1.6226080004125834,4.587612999603152,4.882443999871612,9.484606999903917,50,6.8482299987226725,8.793656999245286,9.959396000951529,9.959396000951529
2026-08-28T09:18:07.989Z,9360.091,500,1.644726999104023,4.609343999996781,4.695333000272512,6.895589999854565,50,6.974649999290705,9.078477000817657,10.315604999661446,10.315604999661446
2026-08-28T09:18:17.991Z,9370.091,500,1.5921470001339912,4.62372399866581,4.828993000090122,9.585435999557376,50,6.8501310013234615,8.994746999815106,9.29029699973762,9.29029699973762
2026-08-28T09:18:27.990Z,9380.092,500,1.5883969999849796,4.5901539996266365,4.843853998929262,10.81780500151217,50,6.953730000182986,8.256727999076247,8.878038000315428,8.878038000315428
2026-08-28T09:18:37.990Z,9390.091,500,1.574847999960184,4.548792999237776,4.792512999847531,13.048691999167204,50,6.927121000364423,8.8413669988513,8.992148000746965,8.992148000746965
2026-08-28T09:18:47.991Z,9400.091,500,1.5566879995167255,4.545533001422882,4.819923000410199,12.125872999429703,50,6.912080999463797,8.910678001120687,9.910345999523997,9.910345999523997
2026-08-28T09:18:57.989Z,9410.091,500,1.5464280005544424,4.55078399926424,4.709852999076247,9.581547001376748,50,6.90277099981904,8.975386999547482,16.770086001604795,16.770086001604795
2026-08-28T09:19:07.991Z,9420.092,500,1.5733280014246702,4.61561300046742,4.768454000353813,9.470815999433398,50,6.931179998442531,8.857187999412417,9.965885998681188,9.965885998681188
2026-08-28T09:19:17.989Z,9430.091,500,1.573268000036478,4.5805839989334345,4.884213000535965,9.526907000690699,50,6.8882510010153055,9.127626998350024,9.914125999435782,9.914125999435782
2026-08-28T09:19:27.991Z,9440.092,500,1.5755480006337166,4.574113000184298,4.8355129994452,5.128813000395894,50,7.078159999102354,9.01626699976623,9.436537001281977,9.436537001281977
2026-08-28T09:19:37.990Z,9450.092,500,1.662576999515295,4.591454001143575,4.858424000442028,8.610098000615835,50,6.936280999332666,9.12695699930191,9.96717599965632,9.96717599965632
2026-08-28T09:19:47.990Z,9460.092,500,1.5451279990375042,4.5397629998624325,4.658593000844121,9.627895999699831,50,6.969439998269081,9.050557000562549,9.838216001167893,9.838216001167893
2026-08-28T09:19:57.992Z,9470.092,500,1.5386780016124249,4.561662999913096,4.9501230008900166,10.653625000268221,50,6.854429999366403,8.856726998463273,8.97885699942708,8.97885699942708
2026-08-28T09:20:07.992Z,9480.092,500,1.5409180000424385,4.5366040002554655,4.741723001003265,10.976304998621345,50,6.961980000138283,8.711138000711799,8.90896699950099,8.90896699950099
2026-08-28T09:20:17.991Z,9490.093,500,1.5359579995274544,4.512772999703884,4.6951729990541935,8.051989000290632,50,6.989800000563264,8.778287999331951,16.9664960000664,16.9664960000664
2026-08-28T09:20:27.990Z,9500.092,500,1.6258470006287098,4.617534000426531,4.817872999235988,12.228933000937104,50,6.949839999899268,8.726677998900414,9.135416999459267,9.135416999459267
2026-08-28T09:20:37.992Z,9510.092,500,1.5660480000078678,4.540864000096917,4.843642998486757,8.516798000782728,50,7.048740001395345,9.183205999433994,10.013705998659134,10.013705998659134
2026-08-28T09:20:47.990Z,9520.092,500,1.5446680001914501,4.544693000614643,4.776452999562025,8.147598998621106,50,6.844140999019146,8.73815699853003,8.845718000084162,8.845718000084162
2026-08-28T09:20:57.992Z,9530.092,500,1.580868000164628,4.560582999140024,4.7554640006273985,5.1502930000424385,50,7.018400000408292,8.790138000622392,9.434045998379588,9.434045998379588
2026-08-28T09:21:07.991Z,9540.092,500,1.5283780004829168,4.5408839993178844,4.720114000141621,12.001732999458909,50,7.664079001173377,8.806368000805378,8.933357000350952,8.933357000350952
2026-08-28T09:21:17.990Z,9550.092,500,1.5968980006873608,4.576093001291156,4.735013000667095,8.644397001713514,50,6.864369999617338,8.735208000987768,9.87121600098908,9.87121600098908
2026-08-28T09:21:27.992Z,9560.092,500,1.6367880012840033,4.589424001052976,4.818972999230027,8.922076998278499,50,7.063950000330806,8.921187000349164,17.08323499932885,17.08323499932885
2026-08-28T09:21:37.992Z,9570.093,500,1.4990779999643564,4.490593999624252,4.594734000042081,8.762707998976111,50,6.859230000525713,9.043007001280785,11.460193999111652,11.460193999111652
2026-08-28T09:21:47.990Z,9580.092,500,1.6190379988402128,4.603413000702858,4.724572999402881,9.659406000748277,50,6.9927000012248755,8.915006998926401,9.239697000011802,9.239697000011802
2026-08-28T09:21:57.991Z,9590.092,500,1.638577999547124,4.5928629990667105,4.729954000562429,8.895216999575496,50,7.004809999838471,8.910908000543714,16.00925699993968,16.00925699993968
2026-08-28T09:22:07.991Z,9600.093,500,1.5309970006346703,4.507993999868631,4.83487300015986,12.323511999100447,50,6.981979999691248,8.723098000511527,9.151126999408007,9.151126999408007
2026-08-28T09:22:17.992Z,9610.094,500,1.5565370004624128,4.578812999650836,4.750362999737263,9.462945999577641,50,7.05409000068903,8.723897000774741,9.02470799908042,9.02470799908042
2026-08-28T09:22:27.992Z,9620.094,500,1.57574800029397,4.568514000624418,4.666192999109626,9.26859699934721,50,6.850320000201464,9.261467000469565,9.825645999982953,9.825645999982953
2026-08-28T09:22:37.993Z,9630.093,500,1.636497000232339,4.649142999202013,4.801113000139594,12.614951999858022,50,6.964670000597835,9.810006000101566,10.00845499895513,10.00845499895513
2026-08-28T09:22:47.993Z,9640.093,500,1.5811279993504286,4.583812998607755,4.895782999694347,8.665548000484705,50,6.99541100114584,8.926587000489235,9.182176999747753,9.182176999747753
2026-08-28T09:22:57.993Z,9650.093,500,1.574447998777032,4.552973000332713,4.832593001425266,9.704795999452472,50,7.057879999279976,8.876948000863194,8.960018001496792,8.960018001496792
2026-08-28T09:23:07.992Z,9660.094,500,1.5594579987227917,4.6130139995366335,5.102773001417518,11.676354000344872,50,6.98361000046134,8.841107999905944,9.780586000531912,9.780586000531912
2026-08-28T09:23:17.993Z,9670.095,500,1.5293169990181923,4.575163999572396,5.586472000926733,9.74600600078702,50,6.833320999518037,8.873196998611093,9.185166999697685,9.185166999697685
2026-08-28T09:23:27.994Z,9680.095,500,1.532668000087142,4.4840140007436275,4.751432999968529,9.582646999508142,50,6.918269999325275,8.724707998335361,9.03099700063467,9.03099700063467
2026-08-28T09:23:37.993Z,9690.095,500,1.574057999998331,4.572223000228405,4.941722998395562,9.300086999312043,50,6.855600001290441,8.749458000063896,9.016837000846863,9.016837000846863
2026-08-28T09:23:47.992Z,9700.094,500,1.6607480011880398,4.629823999479413,4.787172999233007,8.471518000587821,50,6.967790000140667,8.842067999765277,9.795746000483632,9.795746000483632
2026-08-28T09:23:57.993Z,9710.095,500,1.5464279986917973,4.563373999670148,4.722622999921441,8.51936800032854,50,6.928810000419617,8.735268000513315,8.82846700027585,8.82846700027585
2026-08-28T09:24:07.993Z,9720.095,500,1.6646279990673065,4.638953000307083,4.8032830003649,8.766716999933124,50,6.96292999945581,8.433747999370098,9.475456001237035,9.475456001237035
2026-08-28T09:24:17.992Z,9730.094,500,1.5968180000782013,4.59239299967885,4.854033000767231,10.617644999176264,50,6.779799999669194,8.968546999618411,9.834836000576615,9.834836000576615
2026-08-28T09:24:27.992Z,9740.094,500,1.6401580013334751,4.591773999854922,4.762924000620842,11.79462399892509,50,6.836580000817776,8.797197999432683,9.919485999271274,9.919485999271274
2026-08-28T09:24:37.994Z,9750.095,500,1.5644080005586147,4.57574300095439,4.7217430006712675,8.945117000490427,50,6.7739000003784895,9.174767000600696,9.864905999973416,9.864905999973416
2026-08-28T09:24:47.994Z,9760.096,500,1.5539079997688532,4.546543998643756,4.79560299962759,8.79802699945867,50,6.81793100014329,8.837267000228167,9.850475998595357,9.850475998595357
2026-08-28T09:24:57.993Z,9770.095,500,1.6190779991447926,4.606232998892665,4.812212999910116,5.259823000058532,50,7.009980000555515,8.998286999762058,9.387667000293732,9.387667000293732
2026-08-28T09:25:07.993Z,9780.095,500,1.6633980013430119,4.638933999463916,4.979741999879479,12.670002000406384,50,6.840609999373555,8.442068001255393,9.84014599956572,9.84014599956572
2026-08-28T09:25:17.994Z,9790.095,500,1.60614800080657,4.576822999864817,4.700982999056578,12.13680300116539,50,6.846969999372959,8.713477000594139,9.830885998904705,9.830885998904705
2026-08-28T09:25:27.995Z,9800.095,500,1.5669470001012087,4.564294001087546,4.717962998896837,11.455442998558283,50,7.067889999598265,9.008168000727892,10.068715998902917,10.068715998902917
2026-08-28T09:25:37.995Z,9810.095,500,1.5476480014622211,4.561232998967171,4.716353999450803,9.007926998659968,50,6.881260000169277,8.910816999152303,9.90319599956274,9.90319599956274
2026-08-28T09:25:47.993Z,9820.095,500,1.632837999612093,4.637482998892665,4.841592999175191,8.92034700140357,50,6.934170000255108,8.820886999368668,9.845305999740958,9.845305999740958
2026-08-28T09:25:57.994Z,9830.096,500,1.5691970009356737,4.566513000056148,4.762422999367118,11.379954000934958,50,6.926230000331998,9.181866999715567,9.865585999563336,9.865585999563336
2026-08-28T09:26:07.993Z,9840.095,500,1.5849680006504059,4.554773001000285,4.663782998919487,5.284942999482155,50,6.851290000602603,8.763516999781132,8.864017000421882,8.864017000421882
2026-08-28T09:26:17.993Z,9850.095,500,1.602598000317812,4.609183000400662,4.92552300170064,8.715027999132872,50,7.057809999212623,8.84294700063765,9.828895999118686,9.828895999118686
2026-08-28T09:26:27.994Z,9860.095,500,1.5879570003598928,4.656922999769449,4.996892999857664,9.103747000917792,50,6.968170000240207,8.934968000277877,9.961036000400782,9.961036000400782
2026-08-28T09:26:37.994Z,9870.096,500,1.5800669994205236,4.562873000279069,4.997382998466492,11.464904000982642,50,6.745139999315143,8.44696799851954,8.97736799903214,8.97736799903214
2026-08-28T09:26:47.994Z,9880.096,500,1.6481469999998808,4.616993000730872,5.107663000002503,11.690582999959588,50,6.892849998548627,8.337508000433445,8.852047000080347,8.852047000080347
2026-08-28T09:26:57.994Z,9890.095,500,1.5531879998743534,4.571024000644684,4.8520929999649525,9.513387000188231,50,6.914820000529289,9.021036999300122,9.856595998629928,9.856595998629928
2026-08-28T09:27:07.993Z,9900.095,500,1.5997379999607801,4.622262999415398,4.806683000177145,9.883225999772549,50,6.886090001091361,8.997606998309493,9.030097000300884,9.030097000300884
2026-08-28T09:27:17.994Z,9910.096,500,1.5567279998213053,4.520702999085188,4.8077730014920235,11.125855000689626,50,6.995260000228882,8.787676999345422,8.963747000321746,8.963747000321746
2026-08-28T09:27:27.995Z,9920.096,500,1.5480180010199547,4.5568739995360374,4.745633998885751,9.395557001233101,50,6.869400000199676,8.935538001358509,9.001137999817729,9.001137999817729
2026-08-28T09:27:37.996Z,9930.096,500,1.5990180000662804,4.578423000872135,4.818283000960946,10.015226000919938,50,6.876919999718666,8.952046999707818,8.97278800047934,8.97278800047934
2026-08-28T09:27:47.996Z,9940.096,500,1.5616979990154505,4.567133000120521,4.8395930007100105,9.633726999163628,50,6.953610001131892,8.817856999114156,9.494156001135707,9.494156001135707
2026-08-28T09:27:57.996Z,9950.096,500,1.581717001274228,4.591582998633385,4.764273000881076,7.19353000074625,50,6.887591000646353,8.74608699977398,9.904116000980139,9.904116000980139
2026-08-28T09:28:07.994Z,9960.097,500,1.5537880007177591,4.560804000124335,4.704942999407649,9.479686999693513,50,6.910490000620484,8.775157999247313,9.976755999028683,9.976755999028683
2026-08-28T09:28:17.996Z,9970.097,500,1.5760580003261566,4.561163000762463,4.702343000099063,11.026173999533057,50,6.805059999227524,8.739677999168634,8.83317800052464,8.83317800052464
2026-08-28T09:28:27.997Z,9980.097,500,1.5071980003267527,4.498813999816775,4.699833000078797,9.69191600009799,50,6.82408999837935,8.851648001000285,9.0842380002141,9.0842380002141
2026-08-28T09:28:37.997Z,9990.098,500,1.5020169988274574,4.478822998702526,4.618623999878764,5.044942999258637,50,6.862761000171304,8.717026999220252,8.766948001459241,8.766948001459241
2026-08-28T09:28:47.997Z,10000.098,500,1.510478001087904,4.489153001457453,4.650273999199271,5.332461999729276,50,6.744710000231862,8.756426999345422,9.168637000024319,9.168637000024319
2026-08-28T09:28:57.997Z,10010.097,500,1.6080980002880096,4.580253999680281,4.872383000329137,12.043293001130223,50,6.7865699995309114,7.773018999025226,7.989528998732567,7.989528998732567
2026-08-28T09:29:07.996Z,10020.098,500,1.5898369997739792,4.549734000116587,4.675923999398947,9.485176000744104,50,6.825720999389887,8.077149000018835,8.932176999747753,8.932176999747753
2026-08-28T09:29:17.996Z,10030.098,500,1.5718879997730255,4.570913000032306,4.789443999528885,12.409022001549602,50,6.843141000717878,8.762397998943925,8.81372700072825,8.81372700072825
2026-08-28T09:29:27.996Z,10040.098,500,1.559808000922203,4.57876299880445,4.744053000584245,9.37134699895978,50,6.79797999933362,8.821458000689745,9.038397001102567,9.038397001102567
2026-08-28T09:29:37.997Z,10050.097,500,1.5357879996299744,4.5587840005755424,4.8069930002093315,10.241685999557376,50,6.900849999859929,8.753277000039816,9.083297001197934,9.083297001197934
2026-08-28T09:29:47.996Z,10060.098,500,1.6411979999393225,4.658413000404835,4.848592998459935,10.698005000129342,50,6.972990000620484,8.151467999443412,8.434677999466658,8.434677999466658
2026-08-28T09:29:57.995Z,10070.097,500,1.6186079997569323,4.611933000385761,4.956973001360893,9.617636000737548,50,6.779269998893142,8.734558001160622,16.87369600124657,16.87369600124657
2026-08-28T09:30:07.997Z,10080.098,500,1.5140480007976294,4.493453999981284,4.6975330002605915,6.6941799987107515,50,6.777409998700023,8.815607000142336,8.911557000130415,8.911557000130415
2026-08-28T09:30:17.997Z,10090.098,500,1.5537379998713732,4.56840300001204,4.786972999572754,9.509565999731421,50,6.7927510011941195,8.803486999124289,8.919036999344826,8.919036999344826
2026-08-28T09:30:27.998Z,10100.098,500,1.5822369996458292,4.574493000283837,4.883202999830246,10.05180599913001,50,6.793999999761581,8.07018799893558,8.278177998960018,8.278177998960018
2026-08-28T09:30:37.996Z,10110.098,500,1.5861369986087084,4.571003001183271,4.8179130014032125,7.4308200012892485,50,6.803929999470711,8.936826998367906,8.981667999178171,8.981667999178171
2026-08-28T09:30:47.997Z,10120.098,500,1.606267999857664,4.6343530006706715,4.853752998635173,12.088922999799252,50,6.816950000822544,8.47651799954474,8.73725799843669,8.73725799843669
2026-08-28T09:30:57.996Z,10130.098,500,1.5680679995566607,4.555043000727892,4.720182999968529,5.389361999928951,50,6.7877500001341105,8.782708000391722,9.569166999310255,9.569166999310255
2026-08-28T09:31:07.996Z,10140.098,500,1.6038879994302988,4.629803000018001,4.944183001294732,11.583224000409245,50,6.839749999344349,8.183517999947071,8.76571699976921,8.76571699976921
2026-08-28T09:31:17.997Z,10150.099,500,1.6028480008244514,4.560933999717236,4.729203000664711,10.26107600145042,50,6.93282999843359,8.706877000629902,8.905526999384165,8.905526999384165
2026-08-28T09:31:27.998Z,10160.098,500,1.6384369991719723,4.618413999676704,4.8371729999780655,9.565365999937057,50,6.923320000991225,8.75208699889481,8.911737998947501,8.911737998947501
2026-08-28T09:31:37.997Z,10170.099,500,1.512178000062704,4.517214000225067,4.808122999966145,9.111316999420524,50,6.740511000156403,8.707267999649048,8.734807999804616,8.734807999804616
2026-08-28T09:31:47.996Z,10180.098,500,1.5515869986265898,4.567782999947667,4.851583000272512,8.368227999657393,50,6.832209998741746,8.721327999606729,8.81339800171554,8.81339800171554
2026-08-28T09:31:57.997Z,10190.098,500,1.5604580007493496,4.563794000074267,4.814023001119494,9.1323879994452,50,6.806791000068188,8.763807998970151,8.847688000649214,8.847688000649214
2026-08-28T09:32:07.997Z,10200.099,500,1.5681280009448528,4.584083000198007,4.828103000298142,8.130548998713493,50,6.846079999580979,8.729057000949979,8.810937998816371,8.810937998816371
2026-08-28T09:32:17.997Z,10210.099,500,1.5699579995125532,4.552882999181747,4.760463999584317,6.303021000698209,50,6.910900998860598,8.835917001590133,9.038546999916434,9.038546999916434
2026-08-28T09:32:27.998Z,10220.1,500,1.5558070000261068,4.569052999839187,4.833252999931574,10.38501499965787,50,6.843180000782013,8.25246899947524,8.764747999608517,8.764747999608517
2026-08-28T09:32:37.999Z,10230.099,500,1.5141780003905296,4.524073999375105,4.768102999776602,9.486595999449492,50,6.813210001215339,8.737387999892235,8.93185699917376,8.93185699917376
2026-08-28T09:32:47.997Z,10240.099,500,1.5200880002230406,4.535863999277353,4.635154001414776,11.686594000086188,50,6.813209999352694,8.761908000335097,8.949016999453306,8.949016999453306
2026-08-28T09:32:57.997Z,10250.099,500,1.5348770003765821,4.56755300052464,5.544432999566197,6.557980000972748,50,6.850789999589324,8.881407000124454,10.160515999421477,10.160515999421477
2026-08-28T09:33:07.999Z,10260.099,500,1.567926999181509,4.536694001406431,5.020473001524806,8.09099799953401,50,6.838759999722242,8.738717999309301,8.895837999880314,8.895837999880314
2026-08-28T09:33:17.997Z,10270.099,500,1.6330570001155138,4.591233998537064,4.6980339996516705,11.225143998861313,50,6.964340999722481,8.841686999425292,9.08984699845314,9.08984699845314
2026-08-28T09:33:27.998Z,10280.099,500,1.571398001164198,4.581833999603987,5.0433030016720295,8.439188001677394,50,6.891229998320341,8.806737998500466,8.948768001049757,8.948768001049757
2026-08-28T09:33:37.999Z,10290.099,500,1.6241280008107424,4.624103998765349,4.863993000239134,9.600525999441743,50,6.994549999013543,8.81181799992919,8.830817000940442,8.830817000940442
2026-08-28T09:33:47.998Z,10300.1,500,1.558118000626564,4.576943000778556,4.753662999719381,7.876708999276161,50,6.800019999966025,8.72248800098896,9.031336998566985,9.031336998566985
2026-08-28T09:33:57.998Z,10310.099,500,1.5395480003207922,4.57634299993515,4.934902999550104,11.043904000893235,50,6.925041001290083,8.716908000409603,8.891487000510097,8.891487000510097
2026-08-28T09:34:07.998Z,10320.099,500,1.5454179998487234,4.5560330003499985,4.741944000124931,9.598305998370051,50,6.9615199994295835,8.716237999498844,8.790098000317812,8.790098000317812
2026-08-28T09:34:17.999Z,10330.099,500,1.586378000676632,4.55456299893558,4.705533999949694,9.156137000769377,50,6.8900600001215935,8.811708001419902,9.053906999528408,9.053906999528408
2026-08-28T09:34:27.997Z,10340.099,500,1.5739370007067919,4.570063000544906,4.882293000817299,8.951057998463511,50,6.86167100071907,8.741136999800801,8.868068000301719,8.868068000301719
2026-08-28T09:34:37.997Z,10350.099,500,1.5312779992818832,4.549482999369502,4.967953000217676,5.330972000956535,50,6.832319999113679,8.579207999631763,8.806526999920607,8.806526999920607
2026-08-28T09:34:47.999Z,10360.099,500,1.5676979999989271,4.568643998354673,4.686122998595238,9.938355999067426,50,6.883989999070764,8.73538799956441,17.19688499905169,17.19688499905169
2026-08-28T09:34:57.997Z,10370.099,500,1.5583180002868176,4.5478540007025,4.705422999337316,8.65416800044477,50,6.804370999336243,8.809467999264598,16.75478699989617,16.75478699989617
2026-08-28T09:35:07.999Z,10380.099,500,1.5742979999631643,4.553524000570178,4.926903000101447,10.724984999746084,50,6.811450000852346,8.700008001178503,8.887706998735666,8.887706998735666
2026-08-28T09:35:17.997Z,10390.099,500,1.5299280006438494,4.566174000501633,4.874003000557423,7.196349998936057,50,6.7677009999752045,8.764217000454664,9.864716000854969,9.864716000854969
2026-08-28T09:35:27.999Z,10400.1,500,1.564267000183463,4.581633999943733,4.953283000737429,9.43860699981451,50,6.830579999834299,8.72175799869001,8.76579700037837,8.76579700037837
2026-08-28T09:35:37.999Z,10410.1,500,1.541838001459837,4.550723001360893,5.058972999453545,10.7962849996984,50,6.8355000000447035,8.752008000388741,8.929538000375032,8.929538000375032
2026-08-28T09:35:47.998Z,10420.1,500,1.551807001233101,4.56581399962306,5.1342520006001,11.868543000891805,50,6.822751000523567,8.080048998817801,8.80349799990654,8.80349799990654
2026-08-28T09:35:58.000Z,10430.1,500,1.5599080007523298,4.542763998731971,4.757652999833226,5.1587429996579885,50,6.866371000185609,8.73416700027883,8.743137000128627,8.743137000128627
2026-08-28T09:36:07.998Z,10440.1,500,1.5366569999605417,4.535234000533819,4.7306340001523495,9.140397001057863,50,6.7597610000520945,8.71815700083971,8.948038000613451,8.948038000613451
2026-08-28T09:36:17.998Z,10450.1,500,1.5636569987982512,4.55010399967432,4.7375630009919405,5.205853000283241,50,6.907160999253392,8.202819000929594,8.81071799993515,8.81071799993515
2026-08-28T09:36:28.000Z,10460.101,500,1.5681079998612404,4.553724000230432,4.802014000713825,9.575425999239087,50,7.043890001252294,8.89393699914217,9.023026999086142,9.023026999086142
2026-08-28T09:36:37.999Z,10470.101,500,1.525747999548912,4.51885300129652,4.648443000391126,9.82617599889636,50,6.852640999481082,8.78875800035894,9.00742700137198,9.00742700137198
2026-08-28T09:36:47.999Z,10480.101,500,1.5418769996613264,4.563682999461889,4.810023000463843,11.986922999843955,50,6.998589999973774,8.772057000547647,8.82310700044036,8.82310700044036
2026-08-28T09:36:57.998Z,10490.1,500,1.5454879999160767,4.539613999426365,4.722402999177575,9.37817700020969,50,7.084060000255704,8.782247999683022,8.940508000552654,8.940508000552654
2026-08-28T09:37:08.000Z,10500.101,500,1.5689869988709688,4.583403998985887,4.785303000360727,9.553346998989582,50,6.895190000534058,8.902687000110745,17.611294999718666,17.611294999718666
2026-08-28T09:37:17.999Z,10510.101,500,1.5203180015087128,4.540053999051452,4.808783000335097,7.390929998829961,50,6.791421001777053,8.731507999822497,8.813457001000643,8.813457001000643
2026-08-28T09:37:27.998Z,10520.1,500,1.5399479996412992,4.57880299910903,4.7990029994398355,8.637937000021338,50,6.8206399995833635,8.72277699969709,8.757078001275659,8.757078001275659
2026-08-28T09:37:37.999Z,10530.1,500,1.5545279998332262,4.539133999496698,4.771743999794126,10.885455001145601,50,6.85691000148654,8.738968001678586,9.071827000007033,9.071827000007033
2026-08-28T09:37:47.999Z,10540.1,500,1.556997999548912,4.566313998773694,4.838933000341058,9.939445998519659,50,6.966230999678373,8.750618001446128,8.82175799831748,8.82175799831748
2026-08-28T09:37:58.000Z,10550.1,500,1.5359470006078482,4.5277040004730225,4.741303998976946,5.431541999801993,50,6.866909999400377,8.801728000864387,8.813447998836637,8.813447998836637
2026-08-28T09:38:08.000Z,10560.1,500,1.5173279996961355,4.540263999253511,4.730002999305725,10.598925000056624,50,6.784700000658631,8.749677000567317,8.93180700019002,8.93180700019002
2026-08-28T09:38:18.000Z,10570.102,500,1.5457680001854897,4.543293999508023,4.923652999103069,8.929757000878453,50,6.784670000895858,8.720478000119328,8.824666999280453,8.824666999280453
2026-08-28T09:38:28.001Z,10580.101,500,1.5495379995554686,4.56780300103128,4.995542999356985,8.57375800050795,50,6.795669998973608,8.771468000486493,8.824836999177933,8.824836999177933
2026-08-28T09:38:38.000Z,10590.102,501,1.5962080005556345,4.574782999232411,4.808443000540137,8.537178000435233,50,7.000460000708699,8.763176999986172,9.05064699985087,9.05064699985087
2026-08-28T09:38:48.002Z,10600.102,499,1.5424970015883446,4.549373999238014,4.9329530000686646,8.545637000352144,50,7.054500000551343,8.831406999379396,16.85791600123048,16.85791600123048
2026-08-28T09:38:58.002Z,10610.102,501,1.537167999893427,4.555174000561237,4.877553999423981,9.8873560000211,50,6.802250001579523,8.806667000055313,9.076066998764873,9.076066998764873
2026-08-28T09:39:08.001Z,10620.103,500,1.5454879999160767,4.558943001553416,5.0634729992598295,8.76605699956417,50,6.95109000056982,8.788868000730872,8.829677000641823,8.829677000641823
2026-08-28T09:39:18.002Z,10630.103,500,1.5390080008655787,4.544973999261856,4.822914000600576,9.540195999667048,50,6.9300400000065565,8.865987999364734,8.978987999260426,8.978987999260426
2026-08-28T09:39:28.003Z,10640.104,500,1.5801079999655485,4.602833999320865,4.939642999321222,8.771727999672294,50,6.853940999135375,8.754987999796867,9.01795700006187,9.01795700006187
2026-08-28T09:39:38.002Z,10650.104,500,1.598158000037074,4.623483998700976,4.842762999236584,9.542147001251578,50,6.953840000554919,8.925026999786496,17.93243500031531,17.93243500031531
2026-08-28T09:39:48.003Z,10660.105,500,1.5942880008369684,4.5858229994773865,4.964913001284003,12.065092999488115,50,7.12483000010252,8.769497999921441,8.962396999821067,8.962396999821067
2026-08-28T09:39:58.002Z,10670.104,500,1.5462279990315437,4.5876829996705055,4.914743000641465,9.984626000747085,50,6.898570001125336,8.377157999202609,8.940747000277042,8.940747000277042
2026-08-28T09:40:08.004Z,10680.104,500,1.5364180002361536,4.539303999394178,4.774353001266718,9.591546999290586,50,6.877989999949932,8.742327999323606,8.88811699859798,8.88811699859798
2026-08-28T09:40:18.004Z,10690.104,500,1.5553179997950792,4.559562999755144,4.9370029997080564,12.256462000310421,50,6.918290998786688,8.005488000810146,8.741907000541687,8.741907000541687
2026-08-28T09:40:28.002Z,10700.104,500,1.5301779992878437,4.4898140002042055,4.668544000014663,11.55566400103271,50,6.887649999931455,8.741566998884082,8.756017001345754,8.756017001345754
2026-08-28T09:40:38.003Z,10710.105,500,1.5999880004674196,4.641093999147415,4.960692999884486,9.424347000196576,50,6.9759299997240305,8.756496999412775,8.883298000320792,8.883298000320792
2026-08-28T09:40:48.003Z,10720.105,500,1.5452980007976294,4.558864001184702,4.812663000077009,9.385637000203133,50,6.805480999872088,8.746946999803185,8.932417999953032,8.932417999953032
2026-08-28T09:40:58.005Z,10730.105,500,1.5602180007845163,4.533153999596834,4.634003998711705,9.498996999114752,50,7.0097100008279085,8.81266799941659,8.899608001112938,8.899608001112938
2026-08-28T09:41:08.005Z,10740.105,500,1.5373580008745193,4.537744000554085,4.835403000935912,9.455135999247432,50,6.959951000288129,8.753628000617027,8.8236170001328,8.8236170001328
2026-08-28T09:41:18.003Z,10750.105,500,1.5563580002635717,4.555164000019431,4.737213000655174,9.654945999383926,50,6.7960399985313416,8.043159000575542,8.918328000232577,8.918328000232577
2026-08-28T09:41:28.005Z,10760.105,500,1.5466279983520508,4.543952999636531,5.086312999948859,9.78905599936843,50,6.858579998835921,8.729397999122739,8.745117999613285,8.745117999613285
2026-08-28T09:41:38.005Z,10770.105,500,1.5333679988980293,4.531013999134302,4.65366300009191,9.466446999460459,50,6.794120000675321,8.815588001161814,18.61523399874568,18.61523399874568
2026-08-28T09:41:48.003Z,10780.105,500,1.5268380008637905,4.564462998881936,4.817532999441028,10.63493499904871,50,6.961500000208616,8.774527000263333,8.967236999422312,8.967236999422312
2026-08-28T09:41:58.005Z,10790.105,500,1.5498680006712675,4.571234000846744,4.795183999463916,9.328025998547673,50,6.937430001795292,8.751517999917269,16.547435998916626,16.547435998916626
2026-08-28T09:42:08.005Z,10800.105,500,1.4893779996782541,4.48004399985075,4.770612999796867,12.407912001013756,50,7.002850001677871,8.74409799836576,8.902017001062632,8.902017001062632
2026-08-28T09:42:18.005Z,10810.106,500,1.5317279994487762,4.544134000316262,4.684433000162244,9.437827000394464,50,6.75054999999702,8.761037999764085,9.103488000109792,9.103488000109792
2026-08-28T09:42:28.003Z,10820.105,500,1.5547579992562532,4.559562999755144,4.732862999662757,9.178957000374794,50,6.857979999855161,8.7468969989568,8.85847800038755,8.85847800038755
2026-08-28T09:42:38.005Z,10830.105,500,1.5636180005967617,4.5554729998111725,4.731923000887036,12.27671300061047,50,6.812959998846054,8.011559000238776,8.755956999957561,8.755956999957561
2026-08-28T09:42:48.003Z,10840.105,500,1.5325780007988214,4.5225329995155334,5.451212000101805,5.587352000176907,50,6.884750999510288,8.716058000922203,8.833127999678254,8.833127999678254
2026-08-28T09:42:58.003Z,10850.105,500,1.5399770010262728,4.538743998855352,4.6874529998749495,10.920074999332428,50,6.804710999131203,8.744508000090718,8.774728000164032,8.774728000164032
2026-08-28T09:43:08.003Z,10860.105,500,1.5738979987800121,4.554782999679446,4.901972999796271,12.27768199890852,50,6.982829999178648,8.795927999541163,8.992266999557614,8.992266999557614
2026-08-28T09:43:18.005Z,10870.105,500,1.5520679987967014,4.565874001011252,5.023033000528812,9.520355999469757,50,6.729341000318527,8.75092799961567,8.809756999835372,8.809756999835372
2026-08-28T09:43:28.005Z,10880.106,500,1.5140780005604029,4.468274001032114,4.65493299998343,11.92327299900353,50,6.782521000131965,8.65336799994111,8.768986999988556,8.768986999988556
2026-08-28T09:43:38.005Z,10890.105,500,1.586837999522686,4.590784000232816,4.820823000743985,8.928558001294732,50,6.835489999502897,8.730528000742197,8.953517001122236,8.953517001122236
2026-08-28T09:43:48.003Z,10900.105,500,1.5812879987061024,4.592143999412656,4.752283001318574,8.846867999061942,50,6.99087000079453,8.002069000154734,8.967856999486685,8.967856999486685
2026-08-28T09:43:58.003Z,10910.105,500,1.62631700001657,4.598783999681473,4.747572999447584,11.390653001144528,50,6.889250999316573,8.555518001317978,8.805457999929786,8.805457999929786
2026-08-28T09:44:08.003Z,10920.105,500,1.606988001614809,4.577944001182914,4.825482999905944,10.66988500021398,50,6.873540000990033,8.191048998385668,8.920957000926137,8.920957000926137
2026-08-28T09:44:18.005Z,10930.106,500,1.622486999258399,4.574113000184298,4.688723001629114,11.96106299944222,50,7.032699998468161,8.754827998578548,8.971457000821829,8.971457000821829
2026-08-28T09:44:28.005Z,10940.105,500,1.582557998597622,4.554963998496532,4.704493001103401,9.765726000070572,50,6.789139999076724,7.960187999531627,9.038497000932693,9.038497000932693
2026-08-28T09:44:38.004Z,10950.106,500,1.5839980002492666,4.577274000272155,4.764344001188874,8.6911580003798,50,6.954830000177026,8.743958000093699,8.802447000518441,8.802447000518441
2026-08-28T09:44:48.004Z,10960.106,500,1.6629980001598597,4.641464000567794,4.884712999686599,8.058847999200225,50,6.989719999954104,8.74757800064981,8.952677000313997,8.952677000313997
2026-08-28T09:44:58.005Z,10970.106,500,1.6333870012313128,4.5879629999399185,4.856753000989556,8.060699000954628,50,6.981479998677969,8.15161900036037,8.748367000371218,8.748367000371218
2026-08-28T09:45:08.005Z,10980.107,500,1.563027000054717,4.561333000659943,4.973273001611233,10.763444999232888,50,6.854010000824928,8.741497999057174,8.780717000365257,8.780717000365257
2026-08-28T09:45:18.005Z,10990.106,500,1.6151080001145601,4.59039399959147,4.702033000066876,4.950202999636531,50,6.823179999366403,8.788877999410033,8.821297999471426,8.821297999471426
2026-08-28T09:45:28.006Z,11000.106,500,1.6201070006936789,4.58092400059104,4.688733000308275,5.11510300077498,50,6.904121000319719,8.739497000351548,8.802368000149727,8.802368000149727
2026-08-28T09:45:38.006Z,11010.107,500,1.6227280013263226,4.5984239988029,4.809972999617457,8.790438000112772,50,6.868869999423623,8.162938000634313,17.084685999900103,17.084685999900103
2026-08-28T09:45:48.006Z,11020.106,500,1.6298079993575811,4.711302999407053,4.914582999423146,6.660339999943972,50,6.800431000068784,8.16100899875164,8.864556999877095,8.864556999877095
2026-08-28T09:45:58.004Z,11030.106,500,1.5946380011737347,4.55549299903214,4.813023000955582,8.834018001332879,50,6.94264000095427,8.445157999172807,8.838008001446724,8.838008001446724
2026-08-28T09:46:08.004Z,11040.106,500,1.4991880003362894,4.484892999753356,4.588114000856876,5.2279420010745525,50,6.777510998770595,8.757888000458479,8.806787999346852,8.806787999346852
2026-08-28T09:46:18.006Z,11050.106,500,1.5082980003207922,4.506513999775052,4.862642999738455,5.537142001092434,50,6.706320999190211,8.725236998870969,8.857347000390291,8.857347000390291
2026-08-28T09:46:28.005Z,11060.107,500,1.5195879992097616,4.502493999898434,4.791532998904586,5.586412999778986,50,6.7565599996596575,8.711448000743985,8.843568000942469,8.843568000942469
2026-08-28T09:46:38.006Z,11070.107,500,1.5449769999831915,4.551564000546932,4.788943000137806,10.06839600019157,50,6.755230000242591,8.737067000940442,8.855507999658585,8.855507999658585
2026-08-28T09:46:48.006Z,11080.106,500,1.546118000522256,4.544723998755217,4.830613000318408,11.824253000319004,50,6.785511000081897,8.760517999529839,8.841318000108004,8.841318000108004
2026-08-28T09:46:58.005Z,11090.107,500,1.5450769998133183,4.53456399962306,4.928822999820113,9.659456999972463,50,6.7505399994552135,8.011087998747826,8.675157001242042,8.675157001242042
2026-08-28T09:47:08.006Z,11100.106,500,1.5203079991042614,4.491644000634551,4.610503001138568,4.697002999484539,50,6.8175399992614985,8.212798001244664,8.759247999638319,8.759247999638319
2026-08-28T09:47:18.005Z,11110.107,500,1.6379280015826225,4.599864000454545,5.002582000568509,7.977887999266386,50,6.772140000015497,7.9945780001580715,8.147317999973893,8.147317999973893
2026-08-28T09:47:28.004Z,11120.106,500,1.5899769999086857,4.586342999711633,4.900042999535799,8.519176999107003,50,6.75620000064373,8.809387000277638,8.88633699901402,8.88633699901402
2026-08-28T09:47:38.006Z,11130.107,500,1.638577999547124,4.70469299890101,4.817033000290394,8.509517999365926,50,6.835069999098778,8.801857998594642,8.961186999455094,8.961186999455094
2026-08-28T09:47:48.004Z,11140.106,500,1.6090479996055365,4.587693998590112,4.741763001307845,9.651387000456452,50,6.7889900002628565,8.78171799890697,10.06075599975884,10.06075599975884
2026-08-28T09:47:58.004Z,11150.106,500,1.609637999907136,4.553663000464439,4.697223998606205,5.228711999952793,50,6.962519999593496,8.707497999072075,9.0092169996351,9.0092169996351
2026-08-28T09:48:08.006Z,11160.107,500,1.6168179996311665,4.632214000448585,4.840203000232577,11.407313000410795,50,6.835790000855923,8.796128001064062,8.922357998788357,8.922357998788357
2026-08-28T09:48:18.004Z,11170.106,500,1.630247998982668,4.613433999940753,4.73076399974525,8.845908001065254,50,6.921640001237392,8.745897999033332,8.901336999610066,8.901336999610066
2026-08-28T09:48:28.006Z,11180.106,500,1.595456998795271,4.596503000706434,4.8612030018121,8.344988999888301,50,6.972479999065399,7.970358999446034,7.991808999329805,7.991808999329805
2026-08-28T09:48:38.006Z,11190.106,500,1.5579080004245043,4.534964000806212,4.627002999186516,11.628732999786735,50,6.8182699996978045,8.177528001368046,8.985757000744343,8.985757000744343
2026-08-28T09:48:48.004Z,11200.106,500,1.5606070011854172,4.521902998909354,4.665803000330925,8.745976999402046,50,6.91266099922359,8.76337799988687,8.792457999661565,8.792457999661565
2026-08-28T09:48:58.006Z,11210.107,500,1.59803800098598,4.5497830007225275,4.756213000044227,8.544197000563145,50,6.97291100025177,8.759687999263406,9.048837000504136,9.048837000504136
2026-08-28T09:49:08.006Z,11220.106,500,1.5754180010408163,4.574403999373317,4.819784000515938,12.002292999997735,50,6.848470000550151,8.535677999258041,8.782337000593543,8.782337000593543
2026-08-28T09:49:18.004Z,11230.106,500,1.5539280008524656,4.54479300044477,4.871134001761675,11.0174540001899,50,6.871670000255108,8.806787000969052,8.936946999281645,8.936946999281645
2026-08-28T09:49:28.004Z,11240.106,500,1.6116380002349615,4.606264000758529,4.95172300003469,8.951657000929117,50,6.801851000636816,8.750458000227809,8.848487999290228,8.848487999290228
2026-08-28T09:49:38.004Z,11250.106,500,1.5566780008375645,4.578432999551296,4.787312999367714,7.2272200006991625,50,6.797260001301765,7.795318998396397,8.739417999982834,8.739417999982834
2026-08-28T09:49:48.004Z,11260.106,500,1.5554180014878511,4.5475329998880625,4.8037829995155334,9.132396999746561,50,6.766171000897884,8.778218001127243,8.889838000759482,8.889838000759482
2026-08-28T09:49:58.005Z,11270.107,500,1.5375779997557402,4.552443001419306,4.7432029992341995,8.989646999165416,50,6.858940999954939,8.826627001166344,10.457115000113845,10.457115000113845
2026-08-28T09:50:08.006Z,11280.106,500,1.5647379998117685,4.51609400101006,4.680012999102473,5.131853001192212,50,6.739759998396039,8.554357999935746,8.928847000002861,8.928847000002861
2026-08-28T09:50:18.006Z,11290.107,500,1.5680979993194342,4.561713999137282,4.885602999478579,8.983898000791669,50,6.871559999883175,8.865627000108361,8.981707001104951,8.981707001104951
2026-08-28T09:50:28.004Z,11300.106,500,1.5270680002868176,4.527673000469804,4.916292998939753,8.029357999563217,50,6.785509999841452,8.752698000520468,9.010387999936938,9.010387999936938
2026-08-28T09:50:38.004Z,11310.106,500,1.5326380003243685,4.533872999250889,4.722202999517322,5.1793420016765594,50,6.786650000140071,8.7728470005095,9.070377001538873,9.070377001538873
2026-08-28T09:50:48.004Z,11320.106,500,1.5593379996716976,4.546373998746276,4.893552999943495,8.504058001562953,50,6.886760000139475,8.777776999399066,8.818306999281049,8.818306999281049
2026-08-28T09:50:58.006Z,11330.106,500,1.5705980006605387,4.543722998350859,4.975562000647187,9.350916000083089,50,7.003209998831153,8.73624800145626,17.16261500120163,17.16261500120163
2026-08-28T09:51:08.005Z,11340.107,500,1.5607379991561174,4.579754000529647,4.766034001484513,11.154974000528455,50,6.75245999917388,8.027907999232411,8.860046999529004,8.860046999529004
2026-08-28T09:51:18.005Z,11350.107,500,1.5033780001103878,4.532173998653889,4.700043000280857,6.549150999635458,50,6.794510001316667,8.796307999640703,8.901688000187278,8.901688000187278
2026-08-28T09:51:28.005Z,11360.107,500,1.5577569995075464,4.5482639987021685,4.658514000475407,9.613286999985576,50,6.817181000486016,8.81063700094819,8.966936999931931,8.966936999931931
2026-08-28T09:51:38.005Z,11370.107,500,1.5465379990637302,4.497164001688361,4.719054000452161,9.971035998314619,50,6.942549999803305,8.80391800031066,8.87096699886024,8.87096699886024
2026-08-28T09:51:48.006Z,11380.107,500,1.602037999778986,4.549433000385761,4.9170130006968975,9.69820600003004,50,7.086090000346303,8.880118001252413,8.916717000305653,8.916717000305653
2026-08-28T09:51:58.005Z,11390.107,500,1.671357998624444,4.627994000911713,4.767413001507521,10.061925999820232,50,7.082170000299811,8.717716999351978,8.945358000695705,8.945358000695705
2026-08-28T09:52:08.005Z,11400.107,500,1.6063379999250174,4.5622829999774694,4.664163000881672,8.841346999630332,50,6.925321001559496,8.734007999300957,8.813147000968456,8.813147000968456
2026-08-28T09:52:18.005Z,11410.107,500,1.67450699955225,4.648153001442552,4.939183000475168,9.000276999548078,50,7.095440000295639,8.92148700170219,9.292656999081373,9.292656999081373
2026-08-28T09:52:28.005Z,11420.106,500,1.5935169998556376,4.629002999514341,5.470222000032663,11.317914001643658,50,6.964979998767376,10.070134999230504,10.116315999999642,10.116315999999642
2026-08-28T09:52:38.006Z,11430.107,500,1.5698480010032654,4.55897300131619,4.8693829998373985,11.404074000194669,50,6.925499999895692,8.914256999269128,9.908106001093984,9.908106001093984
2026-08-28T09:52:48.007Z,11440.108,500,1.6360880006104708,4.632894000038505,4.964262999594212,10.699215000495315,50,6.904440000653267,8.729738000780344,8.991576999425888,8.991576999425888
2026-08-28T09:52:58.005Z,11450.107,500,1.6220679990947247,4.613242998719215,5.02208299934864,10.756114000454545,50,6.958889998495579,8.815527999773622,10.000345999374986,10.000345999374986
2026-08-28T09:53:08.006Z,11460.107,500,1.5775779988616705,4.577682999894023,4.818213000893593,8.240878000855446,50,6.872189998626709,9.00828699953854,18.33759400062263,18.33759400062263
2026-08-28T09:53:18.006Z,11470.107,500,1.5497479997575283,4.581193000078201,4.975273000076413,9.699376000091434,50,7.043569998815656,8.886738000437617,8.981968000531197,8.981968000531197
2026-08-28T09:53:28.007Z,11480.108,500,1.6590580008924007,4.630044000223279,4.78957299888134,7.197450000792742,50,7.045360000804067,8.80133800022304,9.296246999874711,9.296246999874711
2026-08-28T09:53:38.005Z,11490.107,500,1.552827998995781,4.5724739991128445,4.761453000828624,7.935728998854756,50,7.645728999748826,8.810606999322772,9.174436999484897,9.174436999484897
2026-08-28T09:53:48.006Z,11500.108,500,1.6213370002806187,4.677273001521826,4.9214129988104105,8.155979000031948,50,6.8669199999421835,8.896817998960614,9.231767000630498,9.231767000630498
2026-08-28T09:53:58.005Z,11510.107,500,1.5973280016332865,4.591024998575449,4.772183999419212,11.514136999845505,50,7.010622000321746,8.981646999716759,9.836976001039147,9.836976001039147
2026-08-28T09:54:08.006Z,11520.108,500,1.6021190006285906,4.608644001185894,4.65467500127852,5.591204000636935,50,7.028761999681592,8.791330000385642,9.37334900163114,9.37334900163114
2026-08-28T09:54:18.008Z,11530.108,500,1.5662779994308949,4.6125550009310246,4.8013639990240335,9.647969000041485,50,7.029732000082731,8.706480000168085,8.855229999870062,8.855229999870062
2026-08-28T09:54:28.008Z,11540.108,500,1.6434979997575283,4.63981500081718,4.891214000061154,7.204341998323798,50,6.820571999996901,8.719949999824166,9.838527999818325,9.838527999818325
2026-08-28T09:54:38.008Z,11550.108,500,1.539877999573946,4.549014998599887,4.722893999889493,10.605078000575304,50,6.811122000217438,8.767090000212193,8.804659999907017,8.804659999907017
2026-08-28T09:54:48.006Z,11560.108,500,1.5476780012249947,4.548604998737574,4.789254000410438,11.964536000043154,50,6.8812119998037815,8.820760000497103,9.066209999844432,9.066209999844432
2026-08-28T09:54:58.007Z,11570.109,500,1.5847379993647337,4.565414998680353,5.090554000809789,12.198166001588106,50,6.968642000108957,8.786329999566078,9.196429999545217,9.196429999545217
2026-08-28T09:55:08.006Z,11580.108,500,1.6302580013871193,4.6019150000065565,4.86625500023365,9.639848001301289,50,7.025232000276446,8.719799999147654,8.961559999734163,8.961559999734163
2026-08-28T09:55:18.006Z,11590.108,500,1.5785879995673895,4.590125000104308,4.853945000097156,9.48789899982512,50,6.90905199944973,8.03179999999702,8.116660999134183,8.116660999134183
2026-08-28T09:55:28.006Z,11600.108,500,1.5786780007183552,4.5541050005704165,4.6618249993771315,12.752214999869466,50,6.943761998787522,8.835759999230504,8.92740000039339,8.92740000039339
2026-08-28T09:55:38.008Z,11610.108,500,1.561277998611331,4.568025000393391,4.8163939993828535,7.282581001520157,50,6.936242001131177,8.863709999248385,9.839358998462558,9.839358998462558
2026-08-28T09:55:48.007Z,11620.108,500,1.5810080002993345,4.570875000208616,4.723003998398781,9.944277999922633,50,6.9519820008426905,9.178318999707699,9.853198999539018,9.853198999539018
2026-08-28T09:55:58.006Z,11630.108,500,1.6033680010586977,4.572505000978708,4.948354000225663,9.348209001123905,50,7.12869199924171,8.803869999945164,8.929490000009537,8.929490000009537
2026-08-28T09:56:08.008Z,11640.108,500,1.6181279998272657,4.615784000605345,4.950973998755217,9.559748999774456,50,7.041052000597119,8.757369998842478,8.931460000574589,8.931460000574589
2026-08-28T09:56:18.008Z,11650.109,500,1.581437999382615,4.552555000409484,4.696564998477697,5.137124000117183,50,7.146860999986529,8.74184999987483,8.975169999524951,8.975169999524951
2026-08-28T09:56:28.006Z,11660.108,500,1.5839179996401072,4.557604998350143,4.718095000833273,9.41715900041163,50,7.105502000078559,8.949980000033975,9.814019000157714,9.814019000157714
2026-08-28T09:56:38.008Z,11670.108,500,1.5768379997462034,4.631014999002218,4.792124001309276,9.647979000583291,50,6.815961999818683,8.931929999962449,9.850557999685407,9.850557999685407
2026-08-28T09:56:48.008Z,11680.109,500,1.5618779994547367,4.587613999843597,4.758675001561642,10.644457999616861,50,7.13498199917376,9.350129999220371,9.865638000890613,9.865638000890613
2026-08-28T09:56:58.006Z,11690.108,500,1.6502679996192455,4.6241040006279945,4.998514000326395,9.50840900093317,50,7.070492001250386,8.943019999191165,9.785669000819325,9.785669000819325
2026-08-28T09:57:08.007Z,11700.109,500,1.625857999548316,4.598743999376893,4.956885000690818,12.074846001341939,50,6.978542000055313,8.796119999140501,8.886028999462724,8.886028999462724
2026-08-28T09:57:18.006Z,11710.108,500,1.5832089986652136,4.59782399982214,4.8486540000885725,10.927806999534369,50,6.957121999934316,9.08644000068307,10.0504390001297,10.0504390001297
2026-08-28T09:57:28.007Z,11720.109,500,1.5378689989447594,4.520134998485446,5.000944999977946,9.547148998826742,50,6.932012001052499,8.898599999025464,9.86645899899304,9.86645899899304
2026-08-28T09:57:38.006Z,11730.108,500,1.5216780006885529,4.496283998712897,4.730244999751449,12.13361599855125,50,6.832752000540495,8.78408900089562,8.809609999880195,8.809609999880195
2026-08-28T09:57:48.008Z,11740.108,500,1.5572780016809702,4.5262350011616945,4.7439150009304285,9.205939998850226,50,7.208771999925375,8.835819998756051,17.457209998741746,17.457209998741746
2026-08-28T09:57:58.008Z,11750.109,500,1.5319389998912811,4.507505001500249,4.853714000433683,12.31954599916935,50,6.996851999312639,8.916869999840856,9.876128001138568,9.876128001138568
2026-08-28T09:58:08.006Z,11760.108,500,1.5520680006593466,4.58997399918735,4.803203999996185,10.822958000004292,50,6.872061999514699,8.996068999171257,9.843748999759555,9.843748999759555
2026-08-28T09:58:18.007Z,11770.109,500,1.5369779989123344,4.501435000449419,4.779843999072909,9.767689000815153,50,7.286350999027491,8.927199000492692,9.889419000595808,9.889419000595808
2026-08-28T09:58:28.008Z,11780.108,500,1.5066679995507002,4.500195000320673,4.816335000097752,10.943977000191808,50,6.897242000326514,8.978830000385642,9.854067999869585,9.854067999869585
2026-08-28T09:58:38.008Z,11790.108,500,1.591049000620842,4.531045001000166,4.708333998918533,5.035985000431538,50,7.28443199954927,8.961139000952244,9.078138999640942,9.078138999640942
2026-08-28T09:58:48.006Z,11800.108,500,1.5813379995524883,4.597654001787305,4.764464000239968,5.478244001045823,50,7.18202199973166,8.783770000562072,9.150820000097156,9.150820000097156
2026-08-28T09:58:58.007Z,11810.109,500,1.5141179990023375,4.486024999991059,4.733983999118209,5.36939400061965,50,7.578330999240279,8.997938999906182,9.884118000045419,9.884118000045419
2026-08-28T09:59:08.008Z,11820.109,500,1.5130879990756512,4.534804999828339,4.809364000335336,5.442632999271154,50,6.885772000998259,8.763299999758601,9.903199000284076,9.903199000284076
2026-08-28T09:59:18.007Z,11830.109,500,1.494327999651432,4.5075950007885695,4.989463999867439,8.8404800016433,50,7.146220998838544,8.93898000009358,9.723439000546932,9.723439000546932
2026-08-28T09:59:28.009Z,11840.11,500,1.4792679995298386,4.4835550002753735,4.823443999513984,8.741980001330376,50,7.139530999585986,8.772189998999238,9.041330000385642,9.041330000385642
2026-08-28T09:59:38.008Z,11850.11,500,1.4947379995137453,4.445613998919725,4.843985000625253,7.748410999774933,50,7.075462000444531,8.841709999367595,8.872870000079274,8.872870000079274
2026-08-28T09:59:48.009Z,11860.109,500,1.5272779986262321,4.554435001686215,4.82116400077939,5.819353999570012,50,6.966510999947786,8.748270001262426,8.941980000585318,8.941980000585318
2026-08-28T09:59:58.007Z,11870.109,500,1.4616579990833998,4.470484999939799,4.669765001162887,8.366399999707937,50,7.15718200057745,8.770190000534058,8.836470000445843,8.836470000445843
2026-08-28T10:00:08.009Z,11880.109,500,1.524838000535965,4.54203400015831,5.122433999553323,8.754470000043511,50,7.134942000731826,8.924580000340939,9.870019000023603,9.870019000023603
2026-08-28T10:00:18.008Z,11890.11,500,1.5123779997229576,4.540704999119043,4.909934001043439,9.390820000320673,50,7.352480998262763,8.969969999045134,9.098039999604225,9.098039999604225
2026-08-28T10:00:28.007Z,11900.109,500,1.5178789999336004,4.5305749997496605,4.776054998859763,8.628809999674559,50,7.779051000252366,8.921550000086427,9.826648999005556,9.826648999005556
2026-08-28T10:00:38.007Z,11910.109,500,1.4930489994585514,4.457924999296665,4.621954999864101,9.666749000549316,50,6.909912001341581,9.106909999623895,9.906248999759555,9.906248999759555
2026-08-28T10:00:48.007Z,11920.109,500,1.5304380003362894,4.56895500048995,4.7506249994039536,11.190897000953555,50,7.722070999443531,9.015918999910355,9.835539000108838,9.835539000108838
2026-08-28T10:00:58.007Z,11930.109,500,1.5258680004626513,4.4751140009611845,4.725595001131296,5.086624000221491,50,7.696821000427008,9.34055900014937,9.924108000472188,9.924108000472188
2026-08-28T10:01:08.008Z,11940.11,500,1.500958001241088,4.462133999913931,4.7926339991390705,7.962820999324322,50,7.062322000041604,8.800800001248717,9.855868000537157,9.855868000537157
2026-08-28T10:01:18.008Z,11950.109,500,1.5230189990252256,4.536485001444817,4.809244001284242,8.84548999927938,50,7.640630999580026,8.915059000253677,9.298078998923302,9.298078998923302
2026-08-28T10:01:28.009Z,11960.109,500,1.50428800098598,4.509885000064969,4.8561439998447895,7.779690999537706,50,7.003701999783516,9.842438001185656,10.001879001036286,10.001879001036286
2026-08-28T10:01:38.008Z,11970.109,500,1.5149980001151562,4.542154001072049,5.223284000530839,10.96581699885428,50,7.654041999951005,9.889409000054002,10.001519000157714,10.001519000157714
2026-08-28T10:01:48.009Z,11980.109,500,1.5468779988586903,4.566313998773694,4.823595000430942,10.65628799982369,50,7.086352000012994,9.125718999654055,9.834688998758793,9.834688998758793
2026-08-28T10:01:58.007Z,11990.109,500,1.5226079989224672,4.48518499918282,4.647344999015331,9.914819000288844,50,7.674220999702811,9.109660001471639,17.089831000193954,17.089831000193954
2026-08-28T10:02:08.007Z,12000.109,500,1.54381800070405,4.584544999524951,4.934383999556303,9.446178998798132,50,7.777080999687314,8.903710000216961,9.849069001153111,9.849069001153111
2026-08-28T10:02:18.007Z,12010.109,500,1.5341180004179478,4.5364340003579855,4.632065000012517,7.795251000672579,50,7.591391000896692,9.795198999345303,9.884848998859525,9.884848998859525
2026-08-28T10:02:28.009Z,12020.109,500,1.547588000074029,4.5466249994933605,4.657165000215173,9.314998999238014,50,7.635131999850273,8.998389000073075,9.854119000956416,9.854119000956416
2026-08-28T10:02:38.008Z,12030.11,500,1.538748001679778,4.570173999294639,5.009584998711944,9.812297999858856,50,7.747171001508832,9.815338999032974,9.888608999550343,9.888608999550343
2026-08-28T10:02:48.007Z,12040.109,500,1.5332879982888699,4.5396950002759695,4.6758539993315935,12.260505000129342,50,7.4320609997957945,8.822839999571443,9.851699000224471,9.851699000224471
2026-08-28T10:02:58.009Z,12050.109,500,1.5262080002576113,4.535745000466704,4.947763999924064,9.870108000934124,50,7.816391000524163,9.79148899950087,10.238678000867367,10.238678000867367
2026-08-28T10:03:08.008Z,12060.11,500,1.53069799952209,4.552054999396205,5.214623998850584,12.083615999668837,50,7.640482001006603,8.966808998957276,9.850779000669718,9.850779000669718
2026-08-28T10:03:18.008Z,12070.11,500,1.5350580010563135,4.56538400053978,4.956343999132514,9.426889000460505,50,6.95673199929297,8.858620001003146,9.164539000019431,9.164539000019431
2026-08-28T10:03:28.008Z,12080.11,500,1.6036580000072718,4.658515000715852,4.970504999160767,10.416298000141978,50,7.20529199950397,8.96352900005877,9.856409000232816,9.856409000232816
2026-08-28T10:03:38.008Z,12090.11,500,1.5708789993077517,4.566885000094771,4.804894000291824,8.864299999549985,50,7.759221000596881,8.792339999228716,9.80090899951756,9.80090899951756
2026-08-28T10:03:48.008Z,12100.11,500,1.6316380016505718,4.731843998655677,5.5792929995805025,8.249021001160145,50,7.199931001290679,9.893608000129461,17.089710000902414,17.089710000902414
2026-08-28T10:03:58.010Z,12110.11,500,1.6199179999530315,4.644794000312686,4.914243999868631,5.330853998661041,50,7.248201999813318,9.112718999385834,9.857969000935555,9.857969000935555
2026-08-28T10:04:08.010Z,12120.111,500,1.5764680001884699,4.559735000133514,4.737935001030564,8.728619998320937,50,7.2563819997012615,8.90174999833107,8.94459000043571,8.94459000043571
2026-08-28T10:04:18.009Z,12130.111,500,1.5863680001348257,4.6060840003192425,4.918883999809623,8.133280999958515,50,7.125711999833584,8.769519999623299,8.881099998950958,8.881099998950958
2026-08-28T10:04:28.011Z,12140.111,500,1.5462289992719889,4.56003500148654,4.713894000276923,9.499608999118209,50,6.851452000439167,9.855828000232577,10.146157998591661,10.146157998591661
2026-08-28T10:04:38.009Z,12150.111,500,1.5759379994124174,4.569195000454783,4.7349650003015995,10.56997799873352,50,7.7574510015547276,8.74873000010848,9.350808998569846,9.350808998569846
2026-08-28T10:04:48.010Z,12160.111,500,1.5887380000203848,4.5978040006011724,4.764303999021649,9.303569000214338,50,7.120602000504732,9.67357899993658,9.978609001263976,9.978609001263976
2026-08-28T10:04:58.010Z,12170.111,500,1.583567999303341,4.625504000112414,4.849573999643326,11.471016999334097,50,7.633021000772715,9.265149999409914,9.98216800019145,9.98216800019145
2026-08-28T10:05:08.011Z,12180.112,500,1.586608000099659,4.613305000588298,4.858785001561046,11.560916999354959,50,6.902262000367045,9.793639000505209,9.860018000006676,9.860018000006676
2026-08-28T10:05:18.011Z,12190.111,500,1.593597998842597,4.599175000563264,4.8342349994927645,9.30892900004983,50,7.116151001304388,8.998648999258876,9.868808999657631,9.868808999657631
2026-08-28T10:05:28.011Z,12200.112,500,1.529118001461029,4.4916050005704165,4.797314999625087,8.901399999856949,50,6.8881919998675585,8.8415900003165,9.93456899933517,9.93456899933517
2026-08-28T10:05:38.009Z,12210.111,500,1.5702489987015724,4.575375000014901,5.084805000573397,8.760390000417829,50,7.123231999576092,9.062819000333548,9.861718999221921,9.861718999221921
2026-08-28T10:05:48.010Z,12220.111,500,1.5201379992067814,4.53613399900496,4.685054000467062,5.627364000305533,50,7.437250999733806,8.93329899944365,9.858537999913096,9.858537999913096
2026-08-28T10:05:58.010Z,12230.111,500,1.5560679994523525,4.578794999048114,4.918434999883175,12.149765999987721,50,7.6345910001546144,9.010770000517368,9.907849000766873,9.907849000766873
2026-08-28T10:06:08.009Z,12240.111,500,1.5201580002903938,4.531063999980688,4.792515000328422,9.476378999650478,50,6.894362000748515,9.453640000894666,10.17653900012374,10.17653900012374
2026-08-28T10:06:18.010Z,12250.112,500,1.6003789994865656,4.596905000507832,4.837484000250697,11.687806999310851,50,7.405462000519037,9.031898999586701,9.918479001149535,9.918479001149535
2026-08-28T10:06:28.010Z,12260.112,500,1.5697280000895262,4.57990499958396,4.830974999815226,8.847749998793006,50,7.070981999859214,8.950799999758601,9.119769999757409,9.119769999757409
2026-08-28T10:06:38.010Z,12270.112,500,1.5019779987633228,4.469434998929501,4.787675000727177,11.111748000606894,50,7.1468119993805885,9.058958999812603,9.819139000028372,9.819139000028372
2026-08-28T10:06:48.009Z,12280.111,500,1.5744189992547035,4.542475000023842,4.706924999132752,8.168260999023914,50,7.587231000885367,9.298118999227881,9.805937999859452,9.805937999859452
2026-08-28T10:06:58.011Z,12290.112,500,1.5562089998275042,4.554215000942349,4.810623999685049,8.518860001116991,50,7.6454619988799095,9.017038999125361,9.800119001418352,9.800119001418352
2026-08-28T10:07:08.011Z,12300.111,500,1.5597380008548498,4.555445000529289,5.219713998958468,6.460962999612093,50,7.248902000486851,9.784277999773622,9.858668999746442,9.858668999746442
2026-08-28T10:07:18.011Z,12310.111,500,1.5031090006232262,4.545864999294281,4.678143998607993,5.802683999761939,50,7.531051998957992,8.936030000448227,9.822378000244498,9.822378000244498
2026-08-28T10:07:28.009Z,12320.111,500,1.5281879995018244,4.511523999273777,4.647553998976946,5.0391949992626905,50,7.666641000658274,8.832479000091553,9.857488999143243,9.857488999143243
2026-08-28T10:07:38.009Z,12330.111,500,1.5289280004799366,4.539674999192357,5.102363999933004,6.831992000341415,50,7.4022209998220205,8.823049999773502,9.913819000124931,9.913819000124931
2026-08-28T10:07:48.010Z,12340.111,500,1.5183180011808872,4.521265000104904,4.764295000582933,11.9041259996593,50,7.672670999541879,9.338098999112844,9.944868998602033,9.944868998602033
2026-08-28T10:07:58.010Z,12350.112,500,1.537567999213934,4.54326399974525,4.850695000961423,8.2458810005337,50,6.921442000195384,9.768199000507593,9.793408000841737,9.793408000841737
2026-08-28T10:08:08.011Z,12360.111,500,1.5462279990315437,4.551895000040531,4.872494999319315,5.366304000839591,50,6.951061999425292,9.874179000034928,9.878139000386,9.878139000386
2026-08-28T10:08:18.011Z,12370.111,500,1.6270679999142885,4.619234999641776,4.94841399975121,8.924890000373125,50,7.081980999559164,8.895779000595212,9.031709000468254,9.031709000468254
2026-08-28T10:08:28.009Z,12380.111,500,1.5754179991781712,4.562013998627663,4.765465000644326,9.092639999464154,50,7.088622000068426,9.043889001011848,9.857689000666142,9.857689000666142
2026-08-28T10:08:38.010Z,12390.111,500,1.5706580001860857,4.614153999835253,4.919914999976754,11.37614700011909,50,6.808361999690533,8.711509998887777,8.800690000876784,8.800690000876784
2026-08-28T10:08:48.010Z,12400.112,500,1.5240880008786917,4.485563999041915,4.915184000506997,9.245360000059009,50,6.776162000373006,8.998440001159906,10.145688001066446,10.145688001066446
2026-08-28T10:08:58.010Z,12410.112,500,1.5445980001240969,4.542765000835061,4.803474999964237,11.984977001324296,50,6.903181999921799,8.922690000385046,8.990199999883771,8.990199999883771
2026-08-28T10:09:08.009Z,12420.111,500,1.571127999573946,4.570064999163151,4.879774000495672,7.200082000344992,50,6.900321999564767,9.216519000008702,9.818828999996185,9.818828999996185
2026-08-28T10:09:18.010Z,12430.112,500,1.5126979984343052,4.533745000138879,4.950655000284314,10.628368001431227,50,6.838771998882294,8.946729999035597,9.886827999725938,9.886827999725938
2026-08-28T10:09:28.011Z,12440.111,500,1.573598999530077,4.59833399951458,4.788163999095559,8.528610000386834,50,6.924682000651956,8.997159000486135,16.167811999097466,16.167811999097466
2026-08-28T10:09:38.011Z,12450.111,500,1.5369380004703999,4.517824999988079,4.830284999683499,8.19926100037992,50,6.808452999219298,8.811040000990033,9.804758999496698,9.804758999496698
2026-08-28T10:09:48.009Z,12460.111,500,1.518377998843789,4.488864999264479,4.76851399987936,6.842682000249624,50,6.828001998364925,8.793859999626875,9.801238998770714,9.801238998770714
2026-08-28T10:09:58.010Z,12470.112,500,1.521128000691533,4.52598400041461,4.687173999845982,6.024623000994325,50,6.798371998593211,9.023879999294877,9.844228999689221,9.844228999689221
2026-08-28T10:10:08.012Z,12480.113,500,1.538468001410365,4.559444999322295,4.723954999819398,8.724859999492764,50,7.195571999996901,8.992709999904037,9.06683899834752,9.06683899834752
2026-08-28T10:10:18.012Z,12490.112,500,1.5223880000412464,4.536074999719858,4.781384998932481,11.343267001211643,50,6.8071530014276505,9.09099000133574,9.814658001065254,9.814658001065254
2026-08-28T10:10:28.010Z,12500.112,500,1.511277999728918,4.510134000331163,4.6263039987534285,10.590337999165058,50,6.732021998614073,8.77700899913907,8.851149998605251,8.851149998605251
2026-08-28T10:10:38.011Z,12510.113,500,1.529347999021411,4.512204000726342,4.783795000985265,8.921250000596046,50,7.014892000705004,8.90764999948442,9.310969000682235,9.310969000682235
2026-08-28T10:10:48.011Z,12520.113,500,1.5459690000861883,4.5526539999991655,5.010374000295997,8.690700000151992,50,7.107081001624465,8.849099999293685,9.111670000478625,9.111670000478625
2026-08-28T10:10:58.010Z,12530.112,500,1.5570290014147758,4.585653999820352,4.717195000499487,7.2377419993281364,50,6.75985199958086,8.95325000025332,9.839259000495076,9.839259000495076
2026-08-28T10:11:08.012Z,12540.113,500,1.5207579992711544,4.524504000321031,4.859304999932647,9.503296999260783,50,6.7973209992051125,8.830768000334501,9.896007001399994,9.896007001399994
2026-08-28T10:11:18.010Z,12550.112,500,1.5754680000245571,4.603173999115825,4.822634000331163,11.751763999462128,50,7.6102799996733665,8.961438000202179,18.262704998254776,18.262704998254776
2026-08-28T10:11:28.010Z,12560.112,500,1.523327998816967,4.526783999055624,5.114262999966741,9.421767000108957,50,6.911041000857949,8.832527998834848,9.1319279987365,9.1319279987365
2026-08-28T10:11:38.012Z,12570.112,500,1.5656780004501343,4.540244000032544,4.916013000532985,10.725106000900269,50,6.905221000313759,8.985957998782396,9.885385999456048,9.885385999456048
2026-08-28T10:11:48.010Z,12580.112,500,1.5320079997181892,4.580044001340866,4.7973629999905825,10.625126000493765,50,6.768081000074744,9.0067979991436,9.865106999874115,9.865106999874115
2026-08-28T10:11:58.011Z,12590.113,500,1.517688000574708,4.533813999965787,4.789072999730706,8.304119000211358,50,6.881890999153256,8.924198001623154,9.868395999073982,9.868395999073982
2026-08-28T10:12:08.012Z,12600.113,500,1.5178080014884472,4.539894001558423,4.745873000472784,7.417230000719428,50,6.8088610004633665,8.913367999717593,9.07434800080955,9.07434800080955
2026-08-28T10:12:18.011Z,12610.113,500,1.547307999804616,4.561383999884129,4.684033999219537,8.54733799956739,50,7.118790000677109,8.809428000822663,9.923476001247764,9.923476001247764
2026-08-28T10:12:28.012Z,12620.112,500,1.5445880014449358,4.570614000782371,4.940623000264168,9.269796999171376,50,6.816820001229644,8.796328000724316,17.79868599958718,17.79868599958718
2026-08-28T10:12:38.010Z,12630.112,500,1.4961479995399714,4.513453001156449,4.654263999313116,11.14860500022769,50,6.761741001158953,8.280639000236988,8.8633280005306,8.8633280005306
2026-08-28T10:12:48.010Z,12640.112,500,1.5763980001211166,4.567523999139667,4.9000630006194115,9.508557001128793,50,6.811851000413299,8.763908000662923,9.01476800069213,9.01476800069213
2026-08-28T10:12:58.012Z,12650.113,500,1.4842680003494024,4.4380640015006065,4.92731299996376,9.406718000769615,50,7.039471000432968,8.862118000164628,9.986875999718904,9.986875999718904
2026-08-28T10:13:08.013Z,12660.113,500,1.5415480006486177,4.567983001470566,5.076263001188636,9.445896999910474,50,6.840920999646187,8.814637999981642,9.844357000663877,9.844357000663877
2026-08-28T10:13:18.012Z,12670.112,500,1.5121879987418652,4.533092999830842,4.8374029994010925,8.766268000006676,50,6.8369109984487295,8.934307999908924,9.791337000206113,9.791337000206113
2026-08-28T10:13:28.011Z,12680.112,500,1.5358079988509417,4.555504001677036,4.920073000714183,9.818907000124454,50,7.0407400000840425,8.162529001012444,8.716048000380397,8.716048000380397
2026-08-28T10:13:38.010Z,12690.112,500,1.655027998611331,4.692393999546766,4.798604000359774,11.11187499947846,50,7.122160000726581,8.555088000372052,8.943137999624014,8.943137999624014
2026-08-28T10:13:48.010Z,12700.112,500,1.548088001087308,4.5483739990741014,4.863583000376821,10.290376000106335,50,6.90570000000298,8.922288000583649,9.712237000465393,9.712237000465393
2026-08-28T10:13:58.012Z,12710.112,500,1.570108000189066,4.560653001070023,5.1304640006273985,8.8327980004251,50,6.98620100133121,9.121038001030684,9.980026999488473,9.980026999488473
2026-08-28T10:14:08.012Z,12720.112,500,1.479687999933958,4.466703999787569,5.149422999471426,11.154355000704527,50,6.703071000054479,8.996587999165058,9.834017001092434,9.834017001092434
2026-08-28T10:14:18.012Z,12730.112,500,1.5504780001938343,4.5125040002167225,4.676043000072241,11.823363998904824,50,6.940720001235604,8.900077998638153,9.978885998949409,9.978885998949409
2026-08-28T10:14:28.010Z,12740.112,500,1.5371380001306534,4.504744000732899,4.701923999935389,9.69820699840784,50,6.849960999563336,9.070368001237512,10.051686000078917,10.051686000078917
2026-08-28T10:14:38.010Z,12750.112,500,1.59234800003469,4.5596840009093285,4.7587930001318455,12.09018300101161,50,7.410060001537204,8.784677999094129,8.886776998639107,8.886776998639107
2026-08-28T10:14:48.011Z,12760.112,500,1.5576280001550913,4.56734300032258,5.24830299988389,8.613329000771046,50,7.173980999737978,9.03337800130248,9.888217000290751,9.888217000290751
2026-08-28T10:14:58.010Z,12770.112,500,1.5558579992502928,4.57184400036931,4.785693999379873,11.85410499945283,50,6.877910999581218,8.982448000460863,9.829126998782158,9.829126998782158
2026-08-28T10:15:08.012Z,12780.113,500,1.5793880000710487,4.569493999704719,4.7760830000042915,9.639916999265552,50,6.84842099994421,9.502727000042796,10.061746999621391,10.061746999621391
2026-08-28T10:15:18.010Z,12790.112,500,1.6132679991424084,4.590633001178503,4.824194001033902,11.159484999254346,50,6.935799999162555,8.953768000006676,9.961316999047995,9.961316999047995
2026-08-28T10:15:28.012Z,12800.113,500,1.560538001358509,4.555374000221491,4.755613999441266,10.135205999016762,50,7.065140001475811,8.992086999118328,9.91584699973464,9.91584699973464
2026-08-28T10:15:38.012Z,12810.112,500,1.5929979998618364,4.586273999884725,4.877054000273347,8.06338900141418,50,6.933120999485254,9.107497001066804,9.911467000842094,9.911467000842094
2026-08-28T10:15:48.011Z,12820.113,500,1.556887999176979,4.554783999919891,4.9661130011081696,7.972288999706507,50,7.306740999221802,9.500327000394464,9.938216999173164,9.938216999173164
2026-08-28T10:15:58.013Z,12830.113,500,1.5459380000829697,4.5596840009093285,4.826114000752568,7.934958999976516,50,6.790869999676943,8.985077999532223,9.966525999829173,9.966525999829173
2026-08-28T10:16:08.011Z,12840.113,500,1.5248680002987385,4.497063999995589,4.787342999130487,8.191749000921845,50,6.783701000735164,9.815627001225948,10.132596001029015,10.132596001029015
2026-08-28T10:16:18.012Z,12850.114,500,1.5700679998844862,4.5782640017569065,4.818972999230027,8.77394799888134,50,7.655759999528527,8.750608999282122,9.342997999861836,9.342997999861836
2026-08-28T10:16:28.012Z,12860.113,500,1.5495779998600483,4.535693999379873,4.717963000759482,7.970608999952674,50,7.202969999983907,8.992797998711467,10.062696998938918,10.062696998938918
2026-08-28T10:16:38.011Z,12870.113,500,1.5446979999542236,4.5617740005254745,4.75692299939692,8.869377998635173,50,7.164239998906851,9.800737001001835,9.98263599909842,9.98263599909842
2026-08-28T10:16:48.011Z,12880.113,500,1.4934880007058382,4.531134000048041,5.007763998582959,5.402253000065684,50,7.182081000879407,9.43078700080514,9.7647759988904,9.7647759988904
2026-08-28T10:16:58.013Z,12890.113,500,1.5755079984664917,4.5756740011274815,4.886022999882698,8.561918999999762,50,6.799809999763966,9.022398000583053,9.84663699939847,9.84663699939847
2026-08-28T10:17:08.012Z,12900.113,500,1.5158179998397827,4.5146529991179705,4.930743999779224,8.788607999682426,50,6.742921000346541,8.744947999715805,10.044886998832226,10.044886998832226
2026-08-28T10:17:18.013Z,12910.114,500,1.529347999021411,4.5296740010380745,4.809334000572562,10.909445000812411,50,6.90408100001514,8.665908999741077,9.119156999513507,9.119156999513507
2026-08-28T10:17:28.011Z,12920.113,500,1.5701480004936457,4.5605340003967285,4.8811340015381575,10.996615000069141,50,6.887751000002027,8.929538000375032,9.870226001366973,9.870226001366973
2026-08-28T10:17:38.012Z,12930.113,500,1.533288000151515,4.495804000645876,4.844673000276089,7.9433890003710985,50,6.780501000583172,9.071256998926401,9.919426999986172,9.919426999986172
2026-08-28T10:17:48.011Z,12940.113,500,1.541168000549078,4.542023999616504,4.806273000314832,10.553516000509262,50,6.955860000103712,9.91647700034082,10.083566000685096,10.083566000685096
2026-08-28T10:17:58.011Z,12950.113,500,1.5318379998207092,4.552044000476599,4.947004001587629,11.14848499931395,50,6.822750000283122,8.717337999492884,9.009608000516891,9.009608000516891
2026-08-28T10:18:08.013Z,12960.114,500,1.5842779986560345,4.584164001047611,4.909722998738289,11.603914000093937,50,6.886760998517275,8.963687999173999,10.028787000104785,10.028787000104785
2026-08-28T10:18:18.012Z,12970.113,500,1.5383980013430119,4.563113998621702,4.852572999894619,8.916108001023531,50,7.08874100074172,9.88981599919498,9.915386999025941,9.915386999025941
2026-08-28T10:18:28.011Z,12980.113,500,1.5528379995375872,4.537494000047445,4.76719299890101,9.680607000365853,50,6.963731000199914,9.002038000151515,9.94929699972272,9.94929699972272
2026-08-28T10:18:38.013Z,12990.114,500,1.53256799839437,4.555924000218511,4.70130299963057,8.697039000689983,50,7.551740000024438,9.854047000408173,9.927547000348568,9.927547000348568
2026-08-28T10:18:48.014Z,13000.114,500,1.5605270005762577,4.59056399948895,4.886183001101017,8.657239001244307,50,7.452640000730753,8.925817999988794,10.080595999956131,10.080595999956131
2026-08-28T10:18:58.012Z,13010.114,500,1.493877999484539,4.498013999313116,4.995043998584151,6.514851000159979,50,7.569780001416802,9.005248000845313,9.953336000442505,9.953336000442505
2026-08-28T10:19:08.014Z,13020.114,500,1.5005980003625154,4.516693999990821,4.734873998910189,9.009748000651598,50,6.9782400000840425,8.943258000537753,9.76316700130701,9.76316700130701
2026-08-28T10:19:18.013Z,13030.114,500,1.562126999720931,4.589694000780582,4.81453400105238,11.01380500011146,50,6.972510999068618,8.72223800048232,9.858726000413299,9.858726000413299
2026-08-28T10:19:28.013Z,13040.114,500,1.5321380011737347,4.544394001364708,4.793273000046611,9.12677700072527,50,7.089471001178026,9.040368000045419,9.815057000145316,9.815057000145316
2026-08-28T10:19:38.013Z,13050.114,500,1.5135580003261566,4.5497239995747805,4.86922400072217,8.209649000316858,50,6.994319999590516,8.888947999104857,9.917957000434399,9.917957000434399
2026-08-28T10:19:48.013Z,13060.114,500,1.5273979995399714,4.547883998602629,4.842274000868201,11.442874999716878,50,7.026580000296235,9.787777001038194,9.830616999417543,9.830616999417543
2026-08-28T10:19:58.014Z,13070.115,500,1.529287999495864,4.5340139996260405,4.712933998554945,8.002948999404907,50,7.683939000591636,8.965836999937892,9.884096000343561,9.884096000343561
2026-08-28T10:20:08.013Z,13080.114,500,1.5589979998767376,4.562683999538422,4.687053998932242,8.961116999387741,50,7.560759998857975,8.973958000540733,9.10839799977839,9.10839799977839
2026-08-28T10:20:18.012Z,13090.114,500,1.5510380007326603,4.5430839993059635,4.756512999534607,8.344549000263214,50,7.8257689997553825,9.048127999529243,9.878796000033617,9.878796000033617
2026-08-28T10:20:28.012Z,13100.114,500,1.5508880000561476,4.547544000670314,4.701433001086116,11.263255000114441,50,7.770589999854565,9.80404700152576,9.913966000080109,9.913966000080109
2026-08-28T10:20:38.012Z,13110.114,500,1.5830279998481274,4.619874000549316,5.121003000065684,12.020204000175,50,7.55511000007391,8.766308000311255,9.854886000975966,9.854886000975966
2026-08-28T10:20:48.013Z,13120.114,500,1.5822480004280806,4.5693330001086,4.836804000660777,8.610667999833822,50,7.762179000303149,9.843217000365257,9.98861600086093,9.98861600086093
2026-08-28T10:20:58.012Z,13130.114,500,1.5680080000311136,4.580954000353813,4.718823999166489,9.723216999322176,50,7.783338999375701,9.360556999221444,9.932386999949813,9.932386999949813
2026-08-28T10:21:08.012Z,13140.114,500,1.5199180003255606,4.516664000228047,4.771733000874519,8.71084799990058,50,7.7365700006484985,9.76939699985087,9.86710700020194,9.86710700020194
2026-08-28T10:21:18.014Z,13150.114,500,1.5553280003368855,4.563382999971509,4.974043998867273,9.478667000308633,50,7.746190000325441,9.880747001618147,16.68835699930787,16.68835699930787
2026-08-28T10:21:28.014Z,13160.115,500,1.579398000612855,4.580984000116587,4.704824000597,6.099871000275016,50,7.796129999682307,9.052066998556256,9.89083700068295,9.89083700068295
2026-08-28T10:21:38.013Z,13170.114,500,1.622988000512123,4.711753999814391,4.968343000859022,5.364552000537515,50,7.624479999765754,9.016787000000477,9.123328000307083,9.123328000307083
2026-08-28T10:21:48.013Z,13180.114,500,1.5567469988018274,4.5702829994261265,4.798813000321388,9.04045799933374,50,7.292090000584722,9.776275999844074,9.968357000499964,9.968357000499964
2026-08-28T10:21:58.014Z,13190.114,500,1.566738000139594,4.599454000592232,4.813883000984788,5.1049030013382435,50,7.014631001278758,9.073168000206351,9.851436998695135,9.851436998695135
2026-08-28T10:22:08.014Z,13200.114,500,1.5326879993081093,4.545754000544548,4.804904000833631,8.790537999942899,50,7.119279999285936,8.931218000128865,8.99745799973607,8.99745799973607
2026-08-28T10:22:18.013Z,13210.114,500,1.5615680012851954,4.608934000134468,4.769372999668121,9.514588000252843,50,7.81508999876678,10.033455999568105,10.93507500179112,10.93507500179112
2026-08-28T10:22:28.014Z,13220.114,500,1.5435179993510246,4.560884000733495,4.769434001296759,8.549009000882506,50,7.923980001360178,10.148885998874903,11.015765000134706,11.015765000134706
2026-08-28T10:22:38.013Z,13230.115,500,1.504907999187708,4.562863999977708,4.724202999845147,11.963983999565244,50,7.812568999826908,9.874055998399854,10.275256000459194,10.275256000459194
2026-08-28T10:22:48.015Z,13240.116,500,1.5458279997110367,4.591602999716997,4.842353999614716,10.522886000573635,50,7.866409998387098,10.031355999410152,10.93516599945724,10.93516599945724
2026-08-28T10:22:58.015Z,13250.116,500,1.573327999562025,4.6123930010944605,5.03838299959898,12.08470300026238,50,7.926398999989033,9.937606999650598,10.319426000118256,10.319426000118256
2026-08-28T10:23:08.016Z,13260.116,500,1.5493480004370213,4.553633999079466,4.950733000412583,9.670656999573112,50,7.878219999372959,9.789877001196146,9.983286000788212,9.983286000788212
2026-08-28T10:23:18.015Z,13270.116,500,1.5096579995006323,4.540664000436664,4.700613999739289,11.981024000793695,50,7.852849999442697,10.065687000751495,10.993005000054836,10.993005000054836
2026-08-28T10:23:28.014Z,13280.116,500,1.5223280005156994,4.570253999903798,4.783593000844121,11.843674000352621,50,7.800000000745058,9.96921700052917,10.7949160002172,10.7949160002172
2026-08-28T10:23:38.014Z,13290.116,500,1.5165180005133152,4.539893999695778,4.759163999930024,10.888214999809861,50,7.8957490008324385,10.019845999777317,10.932605000212789,10.932605000212789
2026-08-28T10:23:48.016Z,13300.116,500,1.5132379997521639,4.550203999504447,4.887004001066089,11.192254999652505,50,7.9431689996272326,9.864455999806523,10.935535000637174,10.935535000637174
2026-08-28T10:23:58.015Z,13310.117,500,1.572478000074625,4.5906039997935295,4.84689399972558,11.271654000505805,50,7.854389000684023,9.57740700058639,9.948977001011372,9.948977001011372
2026-08-28T10:24:08.016Z,13320.117,500,1.550807999446988,4.598703999072313,5.114152999594808,9.64117700047791,50,7.856580000370741,9.132906999439001,10.622514998540282,10.622514998540282
2026-08-28T10:24:18.015Z,13330.117,500,1.5215280000120401,4.538963999599218,4.819052999839187,9.61621700040996,50,7.985759999603033,10.195915998890996,11.072475001215935,11.072475001215935
2026-08-28T10:24:28.014Z,13340.116,500,1.5192980002611876,4.499164000153542,4.972822999581695,8.842017998918891,50,8.062288999557495,9.974956000223756,10.923345999792218,10.923345999792218
2026-08-28T10:24:38.014Z,13350.116,500,1.523377999663353,4.528084000572562,4.83109400048852,8.664968000724912,50,7.980079000815749,10.909456001594663,11.080155000090599,11.080155000090599
2026-08-28T10:24:48.016Z,13360.116,500,1.541967999190092,4.505723999813199,4.770883999764919,8.964827001094818,50,8.150849999859929,10.089357001706958,10.859794998541474,10.859794998541474
2026-08-28T10:24:58.014Z,13370.116,500,1.540998000651598,4.567753998562694,5.479382999241352,11.919913999736309,50,7.9822990000247955,9.965665999799967,11.152595000341535,11.152595000341535
2026-08-28T10:25:08.014Z,13380.116,500,1.5345680005848408,4.49010399915278,4.834652999415994,12.049473000690341,50,7.939719999209046,9.807865999639034,9.97401599958539,9.97401599958539
2026-08-28T10:25:18.014Z,13390.116,500,1.611938001587987,4.682932998985052,4.866704000160098,5.30842199921608,50,8.172079000622034,9.958196999505162,10.905546000227332,10.905546000227332
2026-08-28T10:25:28.015Z,13400.117,500,1.5409870017319918,4.546034000813961,4.77611400000751,10.186976999044418,50,8.125589000061154,9.868946000933647,10.896415999159217,10.896415999159217
2026-08-28T10:25:38.016Z,13410.116,500,1.5844379998743534,4.611304000020027,4.77564299851656,8.930437998846173,50,8.048769000917673,9.90051699988544,11.087364999577403,11.087364999577403
2026-08-28T10:25:48.016Z,13420.117,500,1.53290799818933,4.512773999944329,4.78600399941206,9.975476998835802,50,7.875160001218319,9.981026999652386,10.933165000751615,10.933165000751615
2026-08-28T10:25:58.015Z,13430.117,500,1.4990789983421564,4.5118939988315105,4.921443000435829,9.391376998275518,50,7.9808889999985695,10.139505999162793,11.000336000695825,11.000336000695825
2026-08-28T10:26:08.016Z,13440.117,500,1.5130080003291368,4.487064000219107,4.8328930009156466,9.387127000838518,50,8.023678999394178,9.899446999654174,10.803054999560118,10.803054999560118
2026-08-28T10:26:18.017Z,13450.117,500,1.5385480001568794,4.522423999384046,4.833713000640273,9.38616699911654,50,8.723438000306487,9.94302599877119,10.841324999928474,10.841324999928474
2026-08-28T10:26:28.015Z,13460.117,500,1.512567000463605,4.550984000787139,4.703624000772834,12.291554000228643,50,8.783699000254273,9.908187000080943,10.711765000596642,10.711765000596642
2026-08-28T10:26:38.016Z,13470.117,500,1.5338469985872507,4.572853999212384,4.785994000732899,9.432807998731732,50,8.598509000614285,10.809545001015067,10.925145000219345,10.925145000219345
2026-08-28T10:26:48.015Z,13480.117,500,1.6089969985187054,4.651504000648856,4.889464000239968,12.009113999083638,50,8.817987998947501,10.919614998623729,10.986685000360012,10.986685000360012
2026-08-28T10:26:58.016Z,13490.118,500,1.526078000664711,4.5131740011274815,4.72796400077641,9.445418000221252,50,8.725177999585867,10.770986000075936,10.945085000246763,10.945085000246763
2026-08-28T10:27:08.018Z,13500.118,500,1.534578001126647,4.5345839988440275,4.861233999952674,9.33474799990654,50,8.765297999605536,10.868436001241207,10.91071500070393,10.91071500070393
2026-08-28T10:27:18.018Z,13510.118,500,1.531538000330329,4.544913999736309,4.788563000038266,9.346867000684142,50,8.821989001706243,10.072035999968648,11.044515000656247,11.044515000656247
2026-08-28T10:27:28.016Z,13520.118,500,1.5368980001658201,4.543173000216484,4.715524001047015,12.670453000813723,50,8.80463800020516,10.834824999794364,10.956904999911785,10.956904999911785
2026-08-28T10:27:38.016Z,13530.118,500,1.4852380007505417,4.495693998411298,4.7538939993828535,12.503002999350429,50,8.645667999982834,10.787375999614596,10.871365001425147,10.871365001425147
2026-08-28T10:27:48.017Z,13540.119,500,1.4938679989427328,4.54224400036037,4.84965300001204,9.670526999980211,50,8.348578000441194,9.8232860006392,10.891265001147985,10.891265001147985
2026-08-28T10:27:58.019Z,13550.119,500,1.536887999624014,4.54874400049448,4.850723000243306,12.42221299931407,50,8.834127999842167,10.237236000597477,10.914385000243783,10.914385000243783
2026-08-28T10:28:08.019Z,13560.119,500,1.5214980002492666,4.537583999335766,4.744074000045657,5.654091998934746,50,8.153768999502063,9.892436999827623,10.904095999896526,10.904095999896526
2026-08-28T10:28:18.018Z,13570.12,500,1.4703179989010096,4.478714000433683,4.62300300039351,9.520527001470327,50,8.849378000944853,10.683545999228954,11.00229600071907,11.00229600071907
2026-08-28T10:28:28.020Z,13580.12,500,1.494557999074459,4.4884040001779795,4.701212998479605,9.564637001603842,50,8.808568000793457,10.8715650010854,11.089818000793457,11.089818000793457
2026-08-28T10:28:38.020Z,13590.121,500,1.5326990000903606,4.533234998583794,4.753113999962807,12.118796000257134,50,8.834228999912739,10.938927998766303,10.998316999524832,10.998316999524832
2026-08-28T10:28:48.020Z,13600.12,500,1.5456280000507832,4.544685000553727,4.858045000582933,12.732994999736547,50,8.78931999951601,10.85262699984014,10.963376998901367,10.963376998901367
2026-08-28T10:28:58.019Z,13610.12,500,1.537167999893427,4.564995000138879,4.7900949995964766,9.430858999490738,50,8.823200000450015,10.860697999596596,18.92658800072968,18.92658800072968
2026-08-28T10:29:08.018Z,13620.12,500,1.5312890000641346,4.529744999483228,4.716025000438094,10.104908999055624,50,8.839569998905063,10.875827999785542,17.317670000717044,17.317670000717044
2026-08-28T10:29:18.020Z,13630.12,500,1.5261579994112253,4.541845001280308,4.729845000430942,9.451868999749422,50,8.871079999953508,10.861896999180317,10.940907999873161,10.940907999873161
2026-08-28T10:29:28.019Z,13640.121,500,1.5765180010348558,4.589625000953674,4.866535000503063,12.53087499924004,50,8.814179999753833,10.157207999378443,10.934118000790477,10.934118000790477
2026-08-28T10:29:38.018Z,13650.12,500,1.5681779999285936,4.613335000351071,4.925775000825524,5.642413999885321,50,8.873839000239968,10.089767999947071,10.834646999835968,10.834646999835968
2026-08-28T10:29:48.020Z,13660.121,500,1.588527999818325,4.5858650002628565,4.852994000539184,8.935319999232888,50,8.81304999999702,10.489447999745607,10.87461799941957,10.87461799941957
2026-08-28T10:29:58.021Z,13670.121,500,1.5759779997169971,4.607713999226689,4.8145339991897345,12.11926600150764,50,8.763258999213576,10.931436998769641,10.945528000593185,10.945528000593185
2026-08-28T10:30:08.020Z,13680.121,500,1.556199001148343,4.592585001140833,4.726023999974132,5.236514000222087,50,8.982110001146793,10.88896800018847,10.935427000746131,10.935427000746131
2026-08-28T10:30:18.021Z,13690.122,501,1.5614680014550686,4.57574500143528,4.84506400115788,9.140269000083208,50,8.977549999952316,10.866716999560595,10.87763699889183,10.87763699889183
2026-08-28T10:30:28.021Z,13700.121,499,1.5708680003881454,4.568035000935197,4.766594000160694,8.738770000636578,50,8.959008999168873,10.809357998892665,10.94819699972868,10.94819699972868
2026-08-28T10:30:38.020Z,13710.122,500,1.6120389997959137,4.6211740002036095,5.045603999868035,9.289420001208782,50,8.982869001105428,9.960609000176191,10.150368999689817,10.150368999689817
2026-08-28T10:30:48.020Z,13720.122,501,1.5579589996486902,4.553564000874758,4.841624999418855,8.037781000137329,50,8.968810001388192,10.857688000425696,10.983177999034524,10.983177999034524
2026-08-28T10:30:58.020Z,13730.122,499,1.5583190005272627,4.558015000075102,4.895464999601245,8.628620000556111,50,8.891540000215173,10.951997000724077,11.256597001105547,11.256597001105547
2026-08-28T10:31:08.020Z,13740.122,500,1.5551079995930195,4.5390150006860495,5.056404000148177,11.681027000769973,50,8.935049001127481,10.874257000163198,10.99523700028658,10.99523700028658
2026-08-28T10:31:18.022Z,13750.122,501,1.611488999798894,4.604664001613855,4.69756400026381,9.715879000723362,50,9.01786999963224,10.852598000317812,10.9968969989568,10.9968969989568
2026-08-28T10:31:28.020Z,13760.122,500,1.5586079992353916,4.570624999701977,4.80995399877429,8.22787999920547,50,8.840689999982715,9.901138000190258,10.941596999764442,10.941596999764442
2026-08-28T10:31:38.022Z,13770.123,500,1.504008999094367,4.5007349997758865,4.777464998885989,11.178956998512149,50,8.842248998582363,10.847747998312116,10.939457999542356,10.939457999542356
2026-08-28T10:31:48.022Z,13780.123,500,1.5501379985362291,4.5866550002247095,4.707564000040293,8.728980001062155,50,8.920099999755621,10.398967999964952,10.951397001743317,10.951397001743317
2026-08-28T10:31:58.021Z,13790.122,500,1.541737999767065,4.591605000197887,5.136494001373649,8.046160999685526,50,8.843129999935627,9.909788999706507,11.019946999847889,11.019946999847889
2026-08-28T10:32:08.023Z,13800.123,500,1.5674379989504814,4.554523998871446,4.77505400031805,8.719019999727607,50,8.888339001685381,10.877197999507189,10.960566999390721,10.960566999390721
2026-08-28T10:32:18.020Z,13810.122,500,1.5392990000545979,4.547775000333786,4.709823999553919,7.030282000079751,50,9.0458590015769,10.882956998422742,11.009787000715733,11.009787000715733
2026-08-28T10:32:28.022Z,13820.122,500,1.5523080006241798,4.5680749993771315,4.753675000742078,5.219233999028802,50,8.96038999967277,11.049597000703216,11.29958700016141,11.29958700016141
2026-08-28T10:32:38.020Z,13830.122,500,1.5218679998070002,4.497995000332594,4.924894999712706,8.15222099982202,50,8.961430000141263,10.739187000319362,10.839347001165152,10.839347001165152
2026-08-28T10:32:48.021Z,13840.123,500,1.5596079993993044,4.638284999877214,4.819064000621438,7.252051999792457,50,9.206898998469114,11.153936998918653,11.912735998630524,11.912735998630524
2026-08-28T10:32:58.022Z,13850.124,500,1.534477999433875,4.561495000496507,4.658913999795914,5.069844000041485,50,8.956100000068545,11.119947001338005,11.915036000311375,11.915036000311375
2026-08-28T10:33:08.021Z,13860.123,500,1.5448680017143488,4.585165001451969,4.667263999581337,8.83293000049889,50,9.01417899876833,10.76842800155282,11.10122700035572,11.10122700035572
2026-08-28T10:33:18.023Z,13870.123,500,1.5048689991235733,4.564093999564648,4.725813999772072,11.662867000326514,50,8.928689999505877,10.709427000954747,11.785986999049783,11.785986999049783
2026-08-28T10:33:28.022Z,13880.123,500,1.544048000127077,4.577743999660015,4.882234999909997,11.857726000249386,50,8.992590000852942,10.660027999430895,10.96899800002575,10.96899800002575
2026-08-28T10:33:38.021Z,13890.123,500,1.6445879992097616,4.724425001069903,5.196823999285698,9.080450000241399,50,9.053910000249743,10.24639800004661,10.634917998686433,10.634917998686433
2026-08-28T10:33:48.021Z,13900.123,500,1.53154799900949,4.53596399910748,4.657244998961687,10.1908989995718,50,8.98484999872744,10.950056999921799,11.90527599863708,11.90527599863708
2026-08-28T10:33:58.024Z,13910.124,500,1.5278980005532503,4.479044999927282,4.667444998398423,12.395865000784397,50,8.973558999598026,10.898606998845935,11.237826999276876,11.237826999276876
2026-08-28T10:34:08.023Z,13920.123,500,1.5112079996615648,4.5054049994796515,4.825483998283744,12.158195998519659,50,8.93876999989152,10.788367999717593,11.466556999832392,11.466556999832392
2026-08-28T10:34:18.022Z,13930.124,500,1.5983080007135868,4.642273999750614,4.85364400036633,11.451946001499891,50,9.772998999804258,11.190258000046015,11.876476999372244,11.876476999372244
2026-08-28T10:34:28.023Z,13940.123,500,1.56368900090456,4.579384999349713,4.820134000852704,10.043298998847604,50,9.043560000136495,11.12062699906528,11.90264599956572,11.90264599956572
2026-08-28T10:34:38.022Z,13950.123,500,1.5995590016245842,4.6423950009047985,4.8253940008580685,9.84048799984157,50,9.626219000667334,10.920406999066472,11.249206999316812,11.249206999316812
2026-08-28T10:34:48.023Z,13960.123,500,1.5447380002588034,4.522305000573397,4.825044000521302,11.536087000742555,50,9.648548999801278,10.78358699940145,10.83623700030148,10.83623700030148
2026-08-28T10:34:58.022Z,13970.123,500,1.5389890000224113,4.582855001091957,4.745564999058843,8.279660001397133,50,9.559408999979496,11.731806000694633,11.895006000995636,11.895006000995636
2026-08-28T10:35:08.023Z,13980.123,500,1.5639980006963015,4.605764999985695,4.811443999409676,7.182482000440359,50,9.127749999985099,11.020057000219822,11.779806999489665,11.779806999489665
2026-08-28T10:35:18.022Z,13990.124,500,1.5412390008568764,4.557634001597762,4.667974999174476,9.4896389991045,50,9.575789000838995,11.83797600120306,19.696696998551488,19.696696998551488
2026-08-28T10:35:28.023Z,14000.123,500,1.531818000599742,4.54670500010252,4.858184998854995,6.924660999327898,50,8.941248999908566,10.919437000527978,11.785506000742316,11.785506000742316
2026-08-28T10:35:38.023Z,14010.123,500,1.5470080003142357,4.556904999539256,4.720174999907613,9.413099000230432,50,9.314759001135826,11.664486000314355,11.905646000057459,11.905646000057459
2026-08-28T10:35:48.022Z,14020.124,500,1.5414589997380972,4.589323999360204,4.864623999223113,6.665632000193,50,9.183559000492096,11.825727000832558,11.863336000591516,11.863336000591516
2026-08-28T10:35:58.021Z,14030.123,500,1.534248000010848,4.611864998936653,5.475363001227379,10.365088000893593,50,9.532259000465274,10.891367001459002,11.954655999317765,11.954655999317765
2026-08-28T10:36:08.021Z,14040.123,500,1.527038000524044,4.5966150015592575,4.9840050004422665,9.362649001181126,50,9.045208999887109,10.664627999067307,11.88730600103736,11.88730600103736
2026-08-28T10:36:18.023Z,14050.123,500,1.59094800055027,4.648884998634458,5.021703999489546,5.481442999094725,50,10.002188000828028,11.815717000514269,11.983405999839306,11.983405999839306
2026-08-28T10:36:28.023Z,14060.123,500,1.5482879988849163,4.54093499854207,4.764665000140667,9.881488999351859,50,9.739729000255466,11.202127000316978,12.084716999903321,12.084716999903321
2026-08-28T10:36:38.022Z,14070.124,500,1.5584880001842976,4.536984000355005,4.794704999774694,12.595535000786185,50,9.729038000106812,11.279447000473738,11.78162599913776,11.78162599913776
2026-08-28T10:36:48.021Z,14080.123,500,1.562728000804782,4.530874999240041,4.859594000503421,7.135342000052333,50,9.880129000172019,11.00746800005436,11.924526000395417,11.924526000395417
2026-08-28T10:36:58.022Z,14090.123,500,1.5454280003905296,4.464074999094009,4.955564999952912,11.653366999700665,50,9.877438999712467,11.131377000361681,11.918976999819279,11.918976999819279
2026-08-28T10:37:08.022Z,14100.123,500,1.5325680002570152,4.441305000334978,4.816304998472333,10.950256999582052,50,10.339867999777198,11.127616999670863,11.738825999200344,11.738825999200344
2026-08-28T10:37:18.023Z,14110.123,500,1.5495180003345013,4.477063998579979,4.826603999361396,8.071650998666883,50,9.748049000278115,11.1028370000422,11.783947000280023,11.783947000280023
2026-08-28T10:37:28.022Z,14120.124,500,1.5616379994899035,4.464775001630187,4.5718450006097555,7.750561000779271,50,9.826527999714017,11.879746001213789,11.918996999040246,11.918996999040246
2026-08-28T10:37:38.023Z,14130.123,500,1.550288001075387,4.473255001008511,4.771045001223683,10.408727999776602,50,9.752689000219107,11.774086000397801,11.91763599961996,11.91763599961996
2026-08-28T10:37:48.023Z,14140.123,500,1.5509390011429787,4.486934999004006,4.793245000764728,8.534620000049472,50,9.739337999373674,11.042526999488473,11.88378700055182,11.88378700055182
2026-08-28T10:37:58.023Z,14150.123,500,1.5628589987754822,4.561444999650121,4.77437400072813,10.551478000357747,50,9.724239001050591,11.75713700056076,11.964835999533534,11.964835999533534
2026-08-28T10:38:08.021Z,14160.123,500,1.5228289999067783,4.533533999696374,4.74847500026226,11.600486999377608,50,9.86675800010562,11.088256999850273,11.828746000304818,11.828746000304818
2026-08-28T10:38:18.022Z,14170.124,500,1.5549990013241768,4.549283999949694,4.733255000784993,11.399455999955535,50,10.137397998943925,11.784855999052525,11.994176000356674,11.994176000356674
2026-08-28T10:38:28.022Z,14180.123,500,1.558067999780178,4.545564999803901,4.857024000957608,10.657337998971343,50,10.014068000018597,11.969366999343038,12.095356000587344,12.095356000587344
2026-08-28T10:38:38.022Z,14190.124,500,1.5750780012458563,4.5216840002685785,4.751844000071287,7.132221000269055,50,9.807018999010324,11.754257000982761,12.085126001387835,12.085126001387835
2026-08-28T10:38:48.021Z,14200.123,500,1.5268480014055967,4.527204999700189,4.7197050005197525,11.123277001082897,50,9.849339000880718,11.821105999872088,12.49138499982655,12.49138499982655
2026-08-28T10:38:58.023Z,14210.123,500,1.5533380005508661,4.515894001349807,4.730144999921322,9.678418001160026,50,10.054138999432325,11.136026998981833,11.807607000693679,11.807607000693679
2026-08-28T10:39:08.021Z,14220.123,500,1.5781279988586903,4.564543999731541,4.930383998900652,9.397459000349045,50,10.281488999724388,11.88837599940598,11.961936000734568,11.961936000734568
2026-08-28T10:39:18.022Z,14230.123,500,1.53018799982965,4.496214998885989,4.816424999386072,7.139691999182105,50,9.660008998587728,11.099638000130653,11.92106700129807,11.92106700129807
2026-08-28T10:39:28.023Z,14240.123,500,1.5568679999560118,4.492584001272917,4.718253999948502,5.250164000317454,50,9.75292900018394,11.685706999152899,11.942355999723077,11.942355999723077
2026-08-28T10:39:38.023Z,14250.123,500,1.59251799993217,4.55320500023663,4.815363999456167,12.521325999870896,50,9.9774479996413,11.791787000373006,12.025206001475453,12.025206001475453
2026-08-28T10:39:48.024Z,14260.124,500,1.5743279997259378,4.506035000085831,4.758424999192357,12.370674999430776,50,9.805858001112938,11.229427000507712,11.955016998574138,11.955016998574138
2026-08-28T10:39:58.021Z,14270.123,500,1.5481890011578798,4.520945001393557,4.866854999214411,10.304067999124527,50,9.919358000159264,11.204807000234723,11.916635999456048,11.916635999456048
2026-08-28T10:40:08.024Z,14280.123,500,1.562108000740409,4.509475000202656,4.774915000423789,11.108536999672651,50,9.844357999041677,11.555236000567675,12.014476001262665,12.014476001262665
2026-08-28T10:40:18.023Z,14290.123,500,1.56920799985528,4.537874998524785,4.818564999848604,10.303678000345826,50,10.078498000279069,11.875436000525951,11.989105999469757,11.989105999469757
2026-08-28T10:40:28.023Z,14300.123,500,1.5735379997640848,4.553945001214743,4.768183998763561,9.661228999495506,50,10.003807999193668,11.857665998861194,12.008966000750661,12.008966000750661
2026-08-28T10:40:38.021Z,14310.123,500,1.5419979989528656,4.499254999682307,4.7499950006604195,12.548395000398159,50,9.997338000684977,11.733785999938846,11.880895998328924,11.880895998328924
2026-08-28T10:40:48.023Z,14320.124,500,1.5101490002125502,4.5467450004071,4.846605001017451,12.146035999059677,50,9.909118000417948,11.773977000266314,12.034196000546217,12.034196000546217
2026-08-28T10:40:58.024Z,14330.124,500,1.548318000510335,4.584595000371337,4.850244998931885,10.59013699926436,50,9.973019000142813,11.17424700036645,11.629107000306249,11.629107000306249
2026-08-28T10:41:08.022Z,14340.124,500,1.5658990014344454,4.498274000361562,4.750244999304414,8.83724999986589,50,9.916288999840617,11.814016001299024,11.972046000882983,11.972046000882983
2026-08-28T10:41:18.022Z,14350.124,500,1.5614080000668764,4.589145001024008,4.856454998254776,7.348011998459697,50,9.875698000192642,11.29857699945569,11.992356000468135,11.992356000468135
2026-08-28T10:41:28.023Z,14360.125,500,1.5758079998195171,4.600134998559952,4.880553999915719,8.823499999940395,50,10.068477999418974,11.182696999982,11.981416000053287,11.981416000053287
2026-08-28T10:41:38.024Z,14370.124,500,1.511447999626398,4.51010499894619,4.71314499899745,11.928425999358296,50,9.991008000448346,11.88081599958241,12.133895998820662,12.133895998820662
2026-08-28T10:41:48.024Z,14380.124,500,1.5528379995375872,4.464774999767542,4.712344000115991,10.630137000232935,50,10.129989000037313,11.62864699959755,11.887656999751925,11.887656999751925
2026-08-28T10:41:58.024Z,14390.124,500,1.5627480000257492,4.547493999823928,4.738683998584747,6.396513000130653,50,10.004367999732494,11.961505999788642,12.163076000288129,12.163076000288129
2026-08-28T10:42:07.883Z,14399.982,493,1.5325279999524355,4.521994000300765,4.753275001421571,12.57358600012958,49,9.990969000384212,11.828875999897718,11.943427000194788,11.943427000194788
