timestamp,elapsed_seconds,rss_bytes,peak_rss_bytes,process_swap_bytes,system_available_bytes,system_swap_used_bytes,load_1
2026-08-28T06:42:07.902Z,0.005,756891648,756891648,0,13480300544,0,1.12
2026-08-28T06:42:17.913Z,10.016,759050240,759050240,0,13496233984,0,0.94
2026-08-28T06:42:27.913Z,20.016,764850176,764850176,0,13501607936,0,0.8
2026-08-28T06:42:37.912Z,30.015,768794624,768794624,0,13489627136,0,0.67
2026-08-28T06:42:47.913Z,40.016,771489792,771489792,0,13492981760,0,0.65
2026-08-28T06:42:57.914Z,50.017,775815168,775815168,0,13495570432,0,0.63
2026-08-28T06:43:07.913Z,60.016,778952704,778952704,0,13492842496,0,0.53
2026-08-28T06:43:17.913Z,70.016,783400960,783400960,0,13487382528,0,0.53
2026-08-28T06:43:27.914Z,80.017,786034688,786034688,0,13488254976,0,0.45
2026-08-28T06:43:37.915Z,90.017,788615168,788615168,0,13488648192,0,0.38
2026-08-28T06:43:47.915Z,100.018,791855104,791855104,0,13476937728,0,0.4
2026-08-28T06:43:57.915Z,110.018,796991488,796991488,0,13467140096,0,0.5
2026-08-28T06:44:07.922Z,120.025,799387648,799387648,0,13473042432,0,0.42
2026-08-28T06:44:17.919Z,130.022,800624640,800624640,0,13465178112,0,0.43
2026-08-28T06:44:27.903Z,140.006,803880960,803880960,0,13463650304,0,0.44
2026-08-28T06:44:37.903Z,150.006,805781504,805781504,0,13468274688,0,0.37
2026-08-28T06:44:47.904Z,160.007,808841216,808841216,0,13461626880,0,0.47
2026-08-28T06:44:57.904Z,170.007,812462080,812462080,0,13463691264,0,0.4
2026-08-28T06:45:07.904Z,180.007,813842432,813842432,0,13456973824,0,0.41
2026-08-28T06:45:17.904Z,190.007,817041408,817041408,0,13451526144,0,0.35
2026-08-28T06:45:27.904Z,200.007,821854208,821854208,0,13453201408,0,0.3
2026-08-28T06:45:37.904Z,210.007,821866496,821866496,0,13434470400,0,0.33
2026-08-28T06:45:47.904Z,220.007,822206464,822206464,0,13427974144,0,0.28
2026-08-28T06:45:57.904Z,230.007,825511936,825511936,0,13424631808,0,0.39
2026-08-28T06:46:07.932Z,240.035,827613184,827613184,0,13426663424,0,0.4
2026-08-28T06:46:17.905Z,250.008,831705088,831705088,0,13431218176,0,0.5
2026-08-28T06:46:27.905Z,260.008,834527232,834527232,0,13415288832,0,0.42
2026-08-28T06:46:37.905Z,270.008,837672960,837672960,0,13419520000,0,0.36
2026-08-28T06:46:47.905Z,280.008,841285632,841285632,0,13419675648,0,0.38
2026-08-28T06:46:57.906Z,290.009,844406784,844406784,0,13413470208,0,0.39
2026-08-28T06:47:07.906Z,300.009,848248832,848248832,0,13395476480,0,0.33
2026-08-28T06:47:17.906Z,310.009,850972672,850972672,0,13395468288,0,0.28
2026-08-28T06:47:27.906Z,320.009,853852160,853852160,0,13393149952,0,0.31
2026-08-28T06:47:37.906Z,330.009,856764416,856764416,0,13395062784,0,0.26
2026-08-28T06:47:47.906Z,340.009,859205632,859205632,0,13385109504,0,0.38
2026-08-28T06:47:57.906Z,350.009,862183424,862183424,0,13395230720,0,0.32
2026-08-28T06:48:07.939Z,360.042,865374208,865374208,0,13382074368,0,0.27
2026-08-28T06:48:17.905Z,370.008,868921344,868921344,0,13375803392,0,0.23
2026-08-28T06:48:27.906Z,380.009,871055360,871055360,0,13370339328,0,0.19
2026-08-28T06:48:37.906Z,390.009,874295296,874295296,0,13371043840,0,0.16
2026-08-28T06:48:47.906Z,400.009,876281856,876281856,0,13370781696,0,0.21
2026-08-28T06:48:57.906Z,410.009,879038464,879038464,0,13372669952,0,0.55
2026-08-28T06:49:07.906Z,420.009,880427008,880427008,0,13353644032,0,0.55
2026-08-28T06:49:17.906Z,430.009,883556352,883556352,0,13356060672,0,0.54
2026-08-28T06:49:27.906Z,440.009,887083008,887083008,0,13361717248,0,0.54
2026-08-28T06:49:37.906Z,450.009,888881152,888881152,0,13350301696,0,0.54
2026-08-28T06:49:47.906Z,460.009,890699776,890699776,0,13348167680,0,0.53
2026-08-28T06:49:57.906Z,470.009,893751296,893751296,0,13351370752,0,0.53
2026-08-28T06:50:07.921Z,480.024,894922752,894922752,0,13353078784,0,0.45
2026-08-28T06:50:17.906Z,490.009,898039808,898039808,0,13348139008,0,0.46
2026-08-28T06:50:27.907Z,500.01,901791744,901791744,0,13340712960,0,0.46
2026-08-28T06:50:37.906Z,510.009,903024640,903024640,0,13338587136,0,0.47
2026-08-28T06:50:47.906Z,520.009,903565312,903565312,0,13343174656,0,0.4
2026-08-28T06:50:57.906Z,530.009,906256384,906256384,0,13345980416,0,0.41
2026-08-28T06:51:07.906Z,540.009,909975552,909975552,0,13338480640,0,0.57
2026-08-28T06:51:17.906Z,550.009,912760832,912760832,0,13328625664,0,0.57
2026-08-28T06:51:27.906Z,560.009,914214912,914214912,0,13330067456,0,0.48
2026-08-28T06:51:37.906Z,570.009,915251200,915251200,0,13336952832,0,0.55
2026-08-28T06:51:47.906Z,580.009,918478848,918478848,0,13329776640,0,0.47
2026-08-28T06:51:57.906Z,590.009,920469504,920469504,0,13329620992,0,0.39
2026-08-28T06:52:07.924Z,600.027,923983872,923983872,0,13328433152,0,0.41
2026-08-28T06:52:17.906Z,610.009,926887936,926887936,0,13314666496,0,0.34
2026-08-28T06:52:27.906Z,620.009,930058240,930058240,0,13322727424,0,0.36
2026-08-28T06:52:37.906Z,630.009,932474880,932474880,0,13319553024,0,0.31
2026-08-28T06:52:47.906Z,640.009,935084032,935084032,0,13301563392,0,0.26
2026-08-28T06:52:57.907Z,650.01,937791488,937791488,0,13308530688,0,0.45
2026-08-28T06:53:07.907Z,660.01,942469120,942469120,0,13297057792,0,0.38
2026-08-28T06:53:17.907Z,670.01,944963584,944963584,0,13301862400,0,0.39
2026-08-28T06:53:27.907Z,680.01,948035584,948035584,0,13299851264,0,0.41
2026-08-28T06:53:37.907Z,690.01,949673984,949673984,0,13291556864,0,0.34
2026-08-28T06:53:47.908Z,700.011,952897536,952897536,0,13287714816,0,0.36
2026-08-28T06:53:57.908Z,710.011,954814464,954814464,0,13292716032,0,0.31
2026-08-28T06:54:07.911Z,720.014,957886464,957886464,0,13291905024,0,0.26
2026-08-28T06:54:17.908Z,730.011,958205952,958205952,0,13287952384,0,0.22
2026-08-28T06:54:27.909Z,740.012,961425408,961425408,0,13284556800,0,0.18
2026-08-28T06:54:37.909Z,750.012,963235840,963235840,0,13276401664,0,0.24
2026-08-28T06:54:47.909Z,760.012,965218304,965218304,0,13287313408,0,0.2
2026-08-28T06:54:57.909Z,770.012,966942720,966942720,0,13281796096,0,0.17
2026-08-28T06:55:07.909Z,780.012,970256384,970256384,0,13270982656,0,0.22
2026-08-28T06:55:17.909Z,790.012,973819904,973819904,0,13265092608,0,0.26
2026-08-28T06:55:27.909Z,800.012,976404480,976404480,0,13268103168,0,0.38
2026-08-28T06:55:37.909Z,810.012,978190336,978190336,0,13256540160,0,0.4
2026-08-28T06:55:47.910Z,820.013,981106688,981106688,0,13262266368,0,0.34
2026-08-28T06:55:57.910Z,830.013,983486464,983486464,0,13261078528,0,0.44
2026-08-28T06:56:07.911Z,840.014,984567808,984567808,0,13258866688,0,0.45
2026-08-28T06:56:17.912Z,850.015,988008448,988008448,0,13247770624,0,0.38
2026-08-28T06:56:27.912Z,860.015,990609408,990609408,0,13248401408,0,0.32
2026-08-28T06:56:37.912Z,870.015,993165312,993165312,0,13251219456,0,0.27
2026-08-28T06:56:47.912Z,880.015,996712448,996712448,0,13243420672,0,0.46
2026-08-28T06:56:57.911Z,890.014,997216256,997216256,0,13235724288,0,0.46
2026-08-28T06:57:07.912Z,900.015,999198720,999198720,0,13243084800,0,0.79
2026-08-28T06:57:17.913Z,910.016,1001619456,1001619456,0,13243113472,0,0.67
2026-08-28T06:57:27.913Z,920.016,1003786240,1003786240,0,13239181312,0,0.57
2026-08-28T06:57:37.913Z,930.016,1007153152,1007153152,0,13229748224,0,0.56
2026-08-28T06:57:47.913Z,940.016,1009803264,1009803264,0,13228220416,0,0.78
2026-08-28T06:57:57.913Z,950.016,1012465664,1012465664,0,13227520000,0,0.82
2026-08-28T06:58:07.913Z,960.016,1014263808,1014263808,0,13228740608,0,0.76
2026-08-28T06:58:17.913Z,970.016,1017217024,1017217024,0,13222670336,0,0.65
2026-08-28T06:58:27.913Z,980.016,1019359232,1019359232,0,13224443904,0,0.55
2026-08-28T06:58:37.913Z,990.016,1022828544,1022828544,0,13226864640,0,0.46
2026-08-28T06:58:47.913Z,1000.016,1025581056,1025581056,0,13219475456,0,0.47
2026-08-28T06:58:57.914Z,1010.017,1027846144,1027846144,0,13201924096,0,0.48
2026-08-28T06:59:07.913Z,1020.016,1030434816,1030434816,0,13212647424,0,0.4
2026-08-28T06:59:17.913Z,1030.016,1033363456,1033363456,0,13212598272,0,0.42
2026-08-28T06:59:27.913Z,1040.016,1035812864,1035812864,0,13200687104,0,0.66
2026-08-28T06:59:37.913Z,1050.016,1038233600,1038233600,0,13204041728,0,0.96
2026-08-28T06:59:47.913Z,1060.016,1042026496,1042026496,0,13197701120,0,0.81
2026-08-28T06:59:57.913Z,1070.016,1044852736,1044852736,0,13204488192,0,0.77
2026-08-28T07:00:07.913Z,1080.016,1046851584,1046851584,0,13184720896,0,0.73
2026-08-28T07:00:17.913Z,1090.016,1049976832,1049976832,0,13179584512,0,0.62
2026-08-28T07:00:27.913Z,1100.016,1053499392,1053499392,0,13182726144,0,0.6
2026-08-28T07:00:37.913Z,1110.016,1055694848,1055694848,0,13191847936,0,0.51
2026-08-28T07:00:47.913Z,1120.016,1058516992,1058516992,0,13180010496,0,0.51
2026-08-28T07:00:57.913Z,1130.016,1061482496,1061482496,0,13168599040,0,0.58
2026-08-28T07:01:07.913Z,1140.016,1063833600,1063833600,0,13175140352,0,0.57
2026-08-28T07:01:17.913Z,1150.016,1067122688,1067122688,0,13164912640,0,0.95
2026-08-28T07:01:27.913Z,1160.016,1069768704,1069768704,0,13160923136,0,0.96
2026-08-28T07:01:37.913Z,1170.016,1071456256,1071456256,0,13168832512,0,0.81
2026-08-28T07:01:47.913Z,1180.016,1073209344,1073209344,0,13169090560,0,0.69
2026-08-28T07:01:57.913Z,1190.016,1076330496,1076330496,0,13154181120,0,0.66
2026-08-28T07:02:07.913Z,1200.016,1078661120,1078661120,0,13163343872,0,0.64
2026-08-28T07:02:17.913Z,1210.016,1081651200,1081651200,0,13157449728,0,0.62
2026-08-28T07:02:27.913Z,1220.016,1085825024,1085825024,0,13156155392,0,0.61
2026-08-28T07:02:37.913Z,1230.016,1088135168,1088135168,0,13150740480,0,0.59
2026-08-28T07:02:47.912Z,1240.015,1090732032,1090732032,0,13139632128,0,0.74
2026-08-28T07:02:57.913Z,1250.016,1094623232,1094623232,0,13132124160,0,0.62
2026-08-28T07:03:07.913Z,1260.016,1097543680,1097543680,0,13143150592,0,0.53
2026-08-28T07:03:17.913Z,1270.016,1100382208,1100382208,0,13134413824,0,0.6
2026-08-28T07:03:27.914Z,1280.017,1103327232,1103327232,0,13134397440,0,0.58
2026-08-28T07:03:37.914Z,1290.017,1104384000,1104384000,0,13123309568,0,0.49
2026-08-28T07:03:47.914Z,1300.017,1106579456,1106579456,0,13130559488,0,0.42
2026-08-28T07:03:57.914Z,1310.017,1109639168,1109639168,0,13125541888,0,0.43
2026-08-28T07:04:07.915Z,1320.018,1112428544,1112428544,0,13119180800,0,0.36
2026-08-28T07:04:17.915Z,1330.018,1115500544,1115500544,0,13118427136,0,0.38
2026-08-28T07:04:27.915Z,1340.018,1117704192,1117704192,0,13120831488,0,0.4
2026-08-28T07:04:37.915Z,1350.018,1120489472,1120489472,0,13118124032,0,0.34
2026-08-28T07:04:47.915Z,1360.018,1123631104,1123631104,0,13114314752,0,0.45
2026-08-28T07:04:57.915Z,1370.018,1125416960,1125416960,0,13117890560,0,0.38
2026-08-28T07:05:07.915Z,1380.018,1126518784,1126518784,0,13117837312,0,0.39
2026-08-28T07:05:17.915Z,1390.018,1129934848,1129934848,0,13101236224,0,0.41
2026-08-28T07:05:27.915Z,1400.018,1130508288,1130508288,0,13105958912,0,0.34
2026-08-28T07:05:37.916Z,1410.019,1132302336,1132302336,0,13100777472,0,0.36
2026-08-28T07:05:47.916Z,1420.019,1134977024,1134977024,0,13109837824,0,0.39
2026-08-28T07:05:57.916Z,1430.019,1136955392,1136955392,0,13101015040,0,0.41
2026-08-28T07:06:07.916Z,1440.019,1140383744,1140383744,0,13096939520,0,0.57
2026-08-28T07:06:17.917Z,1450.02,1142915072,1142915072,0,13092179968,0,0.48
2026-08-28T07:06:27.916Z,1460.019,1145925632,1145925632,0,13092241408,0,0.49
2026-08-28T07:06:37.917Z,1470.02,1147314176,1147314176,0,13094948864,0,0.57
2026-08-28T07:06:47.919Z,1480.022,1150971904,1150971904,0,13083459584,0,0.48
2026-08-28T07:06:57.917Z,1490.02,1154736128,1154736128,0,13079859200,0,0.48
2026-08-28T07:07:07.919Z,1500.022,1155837952,1155837952,0,13083721728,0,0.49
2026-08-28T07:07:17.918Z,1510.021,1157656576,1157656576,0,13077348352,0,0.41
2026-08-28T07:07:27.918Z,1520.021,1158414336,1158414336,0,13072969728,0,0.42
2026-08-28T07:07:37.917Z,1530.02,1161342976,1161342976,0,13080498176,0,0.43
2026-08-28T07:07:47.919Z,1540.022,1164795904,1164795904,0,13068709888,0,0.44
2026-08-28T07:07:57.919Z,1550.022,1165557760,1165557760,0,13070917632,0,0.38
2026-08-28T07:08:07.919Z,1560.022,1166995456,1166995456,0,13073301504,0,0.32
2026-08-28T07:08:17.919Z,1570.022,1168809984,1168809984,0,13077213184,0,0.34
2026-08-28T07:08:27.919Z,1580.022,1172332544,1172332544,0,13075300352,0,0.29
2026-08-28T07:08:37.920Z,1590.023,1175175168,1175175168,0,13067603968,0,0.24
2026-08-28T07:08:47.920Z,1600.023,1178365952,1178365952,0,13060288512,0,0.28
2026-08-28T07:08:57.919Z,1610.022,1180450816,1180450816,0,13060608000,0,0.39
2026-08-28T07:09:07.920Z,1620.023,1182511104,1182511104,0,13058068480,0,0.49
2026-08-28T07:09:17.919Z,1630.022,1184632832,1184632832,0,13046202368,0,0.48
2026-08-28T07:09:27.919Z,1640.022,1186930688,1186930688,0,13045788672,0,0.48
2026-08-28T07:09:37.919Z,1650.022,1188007936,1188007936,0,13048016896,0,0.64
2026-08-28T07:09:47.919Z,1660.022,1191522304,1191522304,0,13042651136,0,0.54
2026-08-28T07:09:57.919Z,1670.022,1195003904,1195003904,0,13040107520,0,0.45
2026-08-28T07:10:07.920Z,1680.023,1196326912,1196326912,0,13035917312,0,0.46
2026-08-28T07:10:17.920Z,1690.023,1198624768,1198624768,0,13043265536,0,0.39
2026-08-28T07:10:27.920Z,1700.023,1201668096,1201668096,0,13036503040,0,0.33
2026-08-28T07:10:37.920Z,1710.023,1205043200,1205043200,0,13030719488,0,0.35
2026-08-28T07:10:47.922Z,1720.025,1207697408,1207697408,0,13029822464,0,0.37
2026-08-28T07:10:57.919Z,1730.022,1209851904,1209851904,0,13031833600,0,0.47
2026-08-28T07:11:07.920Z,1740.023,1212874752,1212874752,0,13024276480,0,0.62
2026-08-28T07:11:17.921Z,1750.023,1213878272,1213878272,0,13021417472,0,0.53
2026-08-28T07:11:27.921Z,1760.024,1216126976,1216126976,0,13024071680,0,0.52
2026-08-28T07:11:37.922Z,1770.025,1219559424,1219559424,0,13020934144,0,0.44
2026-08-28T07:11:47.922Z,1780.025,1222959104,1222959104,0,13006815232,0,0.37
2026-08-28T07:11:57.921Z,1790.024,1224704000,1224704000,0,13011828736,0,0.31
2026-08-28T07:12:07.921Z,1800.024,1227321344,1227321344,0,13014343680,0,0.34
2026-08-28T07:12:17.922Z,1810.025,1229377536,1229377536,0,13009186816,0,0.36
2026-08-28T07:12:27.922Z,1820.025,1231409152,1231409152,0,13016047616,0,0.3
2026-08-28T07:12:37.922Z,1830.025,1233862656,1233862656,0,13002874880,0,0.41
2026-08-28T07:12:47.924Z,1840.027,1236144128,1236144128,0,12999069696,0,0.5
2026-08-28T07:12:57.924Z,1850.027,1238917120,1238917120,0,12994363392,0,0.43
2026-08-28T07:13:07.924Z,1860.027,1241350144,1241350144,0,12997607424,0,0.36
2026-08-28T07:13:17.924Z,1870.027,1243987968,1243987968,0,12985602048,0,0.3
2026-08-28T07:13:27.924Z,1880.027,1246621696,1246621696,0,12987252736,0,0.33
2026-08-28T07:13:37.924Z,1890.027,1248886784,1248886784,0,12984205312,0,0.28
2026-08-28T07:13:47.924Z,1900.027,1250336768,1250336768,0,12981153792,0,0.31
2026-08-28T07:13:57.924Z,1910.027,1253117952,1253117952,0,12986920960,0,0.42
2026-08-28T07:14:07.924Z,1920.027,1256103936,1256103936,0,12981874688,0,0.35
2026-08-28T07:14:17.924Z,1930.027,1258188800,1258188800,0,12983152640,0,0.38
2026-08-28T07:14:27.924Z,1940.027,1259855872,1259855872,0,12976431104,0,0.39
2026-08-28T07:14:37.924Z,1950.027,1262551040,1262551040,0,12968022016,0,0.41
2026-08-28T07:14:47.925Z,1960.028,1264250880,1264250880,0,12976484352,0,0.42
2026-08-28T07:14:57.925Z,1970.028,1266995200,1266995200,0,12967673856,0,0.36
2026-08-28T07:15:07.925Z,1980.028,1269649408,1269649408,0,12968509440,0,0.3
2026-08-28T07:15:17.925Z,1990.028,1272553472,1272553472,0,12968120320,0,0.33
2026-08-28T07:15:27.925Z,2000.028,1274478592,1274478592,0,12959383552,0,0.36
2026-08-28T07:15:37.926Z,2010.029,1277853696,1277853696,0,12948869120,0,0.46
2026-08-28T07:15:47.927Z,2020.03,1280045056,1280045056,0,12957265920,0,0.47
2026-08-28T07:15:57.927Z,2030.03,1282281472,1282281472,0,12948525056,0,0.48
2026-08-28T07:16:07.927Z,2040.03,1284440064,1284440064,0,12951138304,0,0.56
2026-08-28T07:16:17.927Z,2050.03,1285980160,1285980160,0,12946509824,0,0.47
2026-08-28T07:16:27.927Z,2060.03,1287897088,1287897088,0,12953509888,0,0.47
2026-08-28T07:16:37.927Z,2070.03,1290690560,1290690560,0,12934504448,0,0.4
2026-08-28T07:16:47.928Z,2080.031,1293926400,1293926400,0,12935077888,0,0.49
2026-08-28T07:16:57.927Z,2090.03,1296048128,1296048128,0,12936192000,0,0.41
2026-08-28T07:17:07.927Z,2100.03,1297563648,1297563648,0,12932485120,0,0.5
2026-08-28T07:17:17.927Z,2110.03,1299070976,1299070976,0,12942991360,0,0.5
2026-08-28T07:17:27.927Z,2120.03,1301221376,1301221376,0,12939567104,0,0.5
2026-08-28T07:17:37.927Z,2130.03,1302667264,1302667264,0,12930670592,0,0.42
2026-08-28T07:17:47.926Z,2140.029,1305731072,1305731072,0,12926074880,0,0.5
2026-08-28T07:17:57.927Z,2150.03,1306767360,1306767360,0,12934094848,0,0.5
2026-08-28T07:18:07.927Z,2160.03,1306767360,1306767360,0,12927766528,0,0.5
2026-08-28T07:18:17.927Z,2170.03,1308405760,1308405760,0,12925890560,0,0.57
2026-08-28T07:18:27.927Z,2180.03,1309327360,1309327360,0,12926099456,0,0.64
2026-08-28T07:18:37.927Z,2190.03,1310261248,1310261248,0,12933562368,0,0.54
2026-08-28T07:18:47.927Z,2200.03,1311580160,1311580160,0,12922765312,0,0.46
2026-08-28T07:18:57.927Z,2210.03,1313013760,1313013760,0,12921905152,0,0.46
2026-08-28T07:19:07.927Z,2220.03,1314639872,1314639872,0,12916113408,0,0.39
2026-08-28T07:19:17.928Z,2230.031,1316278272,1316278272,0,12923539456,0,0.41
2026-08-28T07:19:27.927Z,2240.03,1316302848,1316302848,0,12922040320,0,0.5
2026-08-28T07:19:37.927Z,2250.03,1317924864,1317924864,0,12906872832,0,0.42
2026-08-28T07:19:47.927Z,2260.03,1320718336,1320718336,0,12918136832,0,0.36
2026-08-28T07:19:57.927Z,2270.03,1321447424,1321447424,0,12915429376,0,0.38
2026-08-28T07:20:07.927Z,2280.03,1323368448,1323368448,0,12912398336,0,0.4
2026-08-28T07:20:17.927Z,2290.03,1323991040,1323991040,0,12911329280,0,0.41
2026-08-28T07:20:27.927Z,2300.03,1326555136,1326555136,0,12914741248,0,0.35
2026-08-28T07:20:37.927Z,2310.03,1327460352,1327460352,0,12912586752,0,0.45
2026-08-28T07:20:47.927Z,2320.03,1328889856,1328889856,0,12907810816,0,0.53
2026-08-28T07:20:57.927Z,2330.03,1331249152,1331249152,0,12896899072,0,0.61
2026-08-28T07:21:07.929Z,2340.032,1333108736,1333108736,0,12908646400,0,0.74
2026-08-28T07:21:17.929Z,2350.032,1334222848,1334222848,0,12911300608,0,0.63
2026-08-28T07:21:27.929Z,2360.032,1335873536,1335873536,0,12892372992,0,0.53
2026-08-28T07:21:37.929Z,2370.032,1336807424,1336807424,0,12889423872,0,0.52
2026-08-28T07:21:47.929Z,2380.032,1337712640,1337712640,0,12899610624,0,0.44
2026-08-28T07:21:57.929Z,2390.032,1340481536,1340481536,0,12893245440,0,0.37
2026-08-28T07:22:07.929Z,2400.032,1341386752,1341386752,0,12887334912,0,0.31
2026-08-28T07:22:17.929Z,2410.032,1343332352,1343332352,0,12896239616,0,0.35
2026-08-28T07:22:27.929Z,2420.032,1343348736,1343348736,0,12890406912,0,0.29
2026-08-28T07:22:37.929Z,2430.032,1343348736,1343348736,0,12887785472,0,0.25
2026-08-28T07:22:47.929Z,2440.032,1344352256,1344352256,0,12875583488,0,0.36
2026-08-28T07:22:57.930Z,2450.033,1344364544,1344364544,0,12888666112,0,0.31
2026-08-28T07:23:07.930Z,2460.033,1346482176,1346482176,0,12889149440,0,0.26
2026-08-28T07:23:17.930Z,2470.033,1346482176,1346482176,0,12895776768,0,0.22
2026-08-28T07:23:27.930Z,2480.033,1346494464,1346494464,0,12883521536,0,0.18
2026-08-28T07:23:37.931Z,2490.034,1348726784,1348726784,0,12881907712,0,0.24
2026-08-28T07:23:47.932Z,2500.035,1349591040,1349591040,0,12887834624,0,0.2
2026-08-28T07:23:57.933Z,2510.036,1349591040,1349591040,0,12893691904,0,0.17
2026-08-28T07:24:07.932Z,2520.035,1351520256,1351520256,0,12883316736,0,0.14
2026-08-28T07:24:17.932Z,2530.035,1354387456,1354387456,0,12876709888,0,0.19
2026-08-28T07:24:27.932Z,2540.035,1355321344,1355321344,0,12879577088,0,0.24
2026-08-28T07:24:37.932Z,2550.035,1356021760,1356021760,0,12882341888,0,0.2
2026-08-28T07:24:47.932Z,2560.035,1358028800,1358028800,0,12874186752,0,0.17
2026-08-28T07:24:57.932Z,2570.035,1359814656,1359814656,0,12867919872,0,0.14
2026-08-28T07:25:07.932Z,2580.035,1360023552,1360023552,0,12869206016,0,0.2
2026-08-28T07:25:17.933Z,2590.036,1361702912,1361702912,0,12876402688,0,0.17
2026-08-28T07:25:27.934Z,2600.037,1362227200,1362227200,0,12866457600,0,0.22
2026-08-28T07:25:37.934Z,2610.037,1364176896,1364176896,0,12872536064,0,0.26
2026-08-28T07:25:47.934Z,2620.037,1365721088,1365721088,0,12875288576,0,0.22
2026-08-28T07:25:57.934Z,2630.037,1368080384,1368080384,0,12868669440,0,0.26
2026-08-28T07:26:07.934Z,2640.037,1368080384,1368080384,0,12865224704,0,0.3
2026-08-28T07:26:17.934Z,2650.037,1368080384,1368080384,0,12869292032,0,0.41
2026-08-28T07:26:27.934Z,2660.037,1368092672,1368092672,0,12866383872,0,0.35
2026-08-28T07:26:37.934Z,2670.037,1368092672,1368092672,0,12867944448,0,0.45
2026-08-28T07:26:47.934Z,2680.037,1370480640,1370480640,0,12861669376,0,0.38
2026-08-28T07:26:57.936Z,2690.039,1370480640,1370480640,0,12854517760,0,0.4
2026-08-28T07:27:07.936Z,2700.039,1370480640,1370480640,0,12857806848,0,0.41
2026-08-28T07:27:17.937Z,2710.04,1371398144,1371398144,0,12869664768,0,0.35
2026-08-28T07:27:27.937Z,2720.04,1371398144,1371398144,0,12868571136,0,0.29
2026-08-28T07:27:37.937Z,2730.04,1373241344,1373241344,0,12859539456,0,0.32
2026-08-28T07:27:47.937Z,2740.04,1374162944,1374162944,0,12850257920,0,0.51
2026-08-28T07:27:57.937Z,2750.04,1374162944,1374162944,0,12866420736,0,0.43
2026-08-28T07:28:07.937Z,2760.04,1374162944,1374162944,0,12857946112,0,0.52
2026-08-28T07:28:17.937Z,2770.04,1374162944,1374162944,0,12858368000,0,0.52
2026-08-28T07:28:27.937Z,2780.04,1376174080,1376174080,0,12852187136,0,0.51
2026-08-28T07:28:37.938Z,2790.041,1376186368,1376186368,0,12854394880,0,0.58
2026-08-28T07:28:47.937Z,2800.04,1377824768,1377824768,0,12859273216,0,0.49
2026-08-28T07:28:57.937Z,2810.04,1379414016,1379414016,0,12844171264,0,0.5
2026-08-28T07:29:07.937Z,2820.04,1379414016,1379414016,0,12853882880,0,0.42
2026-08-28T07:29:17.937Z,2830.04,1379414016,1379414016,0,12864733184,0,0.43
2026-08-28T07:29:27.937Z,2840.04,1379414016,1379414016,0,12854706176,0,0.52
2026-08-28T07:29:37.937Z,2850.04,1379414016,1379414016,0,12862427136,0,0.44
2026-08-28T07:29:47.937Z,2860.04,1379426304,1379426304,0,12856147968,0,0.37
2026-08-28T07:29:57.937Z,2870.04,1379426304,1379426304,0,12855451648,0,0.39
2026-08-28T07:30:07.937Z,2880.04,1379426304,1379426304,0,12857966592,0,0.4
2026-08-28T07:30:17.937Z,2890.04,1379442688,1379442688,0,12844261376,0,0.34
2026-08-28T07:30:27.937Z,2900.04,1379483648,1379483648,0,12855877632,0,0.37
2026-08-28T07:30:37.937Z,2910.04,1382195200,1382195200,0,12854595584,0,0.38
2026-08-28T07:30:47.937Z,2920.04,1382207488,1382207488,0,12853223424,0,0.32
2026-08-28T07:30:57.937Z,2930.04,1382207488,1382207488,0,12851556352,0,0.43
2026-08-28T07:31:07.937Z,2940.04,1383301120,1383301120,0,12843724800,0,0.6
2026-08-28T07:31:17.937Z,2950.04,1383301120,1383301120,0,12845924352,0,0.5
2026-08-28T07:31:27.937Z,2960.04,1383301120,1383301120,0,12850233344,0,0.98
2026-08-28T07:31:37.937Z,2970.04,1383313408,1383313408,0,12847116288,0,0.91
2026-08-28T07:31:47.937Z,2980.04,1383313408,1383313408,0,12854558720,0,0.84
2026-08-28T07:31:57.937Z,2990.04,1383313408,1383313408,0,12859637760,0,0.86
2026-08-28T07:32:07.937Z,3000.04,1383518208,1383518208,0,12855574528,0,0.73
2026-08-28T07:32:17.937Z,3010.04,1384271872,1384271872,0,12840075264,0,0.76
2026-08-28T07:32:27.937Z,3020.04,1385029632,1385029632,0,12843872256,0,0.73
2026-08-28T07:32:37.937Z,3030.04,1385029632,1385029632,0,12847562752,0,0.61
2026-08-28T07:32:47.938Z,3040.041,1386213376,1386213376,0,12848508928,0,0.75
2026-08-28T07:32:57.938Z,3050.041,1387425792,1387425792,0,12845989888,0,0.63
2026-08-28T07:33:07.938Z,3060.041,1387438080,1387438080,0,12849315840,0,0.62
2026-08-28T07:33:17.938Z,3070.041,1389596672,1389596672,0,12842291200,0,0.6
2026-08-28T07:33:27.939Z,3080.042,1389608960,1389608960,0,12843233280,0,0.59
2026-08-28T07:33:37.941Z,3090.044,1391718400,1391718400,0,12846649344,0,0.5
2026-08-28T07:33:47.940Z,3100.042,1392852992,1392852992,0,12853329920,0,0.5
2026-08-28T07:33:57.941Z,3110.044,1392865280,1392865280,0,12835168256,0,0.57
2026-08-28T07:34:07.940Z,3120.043,1394565120,1394565120,0,12838895616,0,0.64
2026-08-28T07:34:17.939Z,3130.042,1394577408,1394577408,0,12836569088,0,0.54
2026-08-28T07:34:27.941Z,3140.044,1394577408,1394577408,0,12828893184,0,0.61
2026-08-28T07:34:37.940Z,3150.043,1394577408,1394577408,0,12835979264,0,0.75
2026-08-28T07:34:47.942Z,3160.045,1394577408,1394577408,0,12839010304,0,0.79
2026-08-28T07:34:57.942Z,3170.045,1395380224,1395380224,0,12834258944,0,0.67
2026-08-28T07:35:07.942Z,3180.045,1395380224,1395380224,0,12835917824,0,0.64
2026-08-28T07:35:17.941Z,3190.044,1395380224,1395380224,0,12842962944,0,0.7
2026-08-28T07:35:27.942Z,3200.045,1395380224,1395380224,0,12835164160,0,0.59
2026-08-28T07:35:37.942Z,3210.045,1395380224,1395380224,0,12839956480,0,0.5
2026-08-28T07:35:47.941Z,3220.044,1395380224,1395380224,0,12830523392,0,0.42
2026-08-28T07:35:57.942Z,3230.045,1396514816,1396514816,0,12836835328,0,0.36
2026-08-28T07:36:07.942Z,3240.045,1396514816,1396514816,0,12840488960,0,0.37
2026-08-28T07:36:17.942Z,3250.045,1397854208,1397854208,0,12827385856,0,0.4
2026-08-28T07:36:27.942Z,3260.045,1399070720,1399070720,0,12835618816,0,0.41
2026-08-28T07:36:37.942Z,3270.045,1400918016,1400918016,0,12832899072,0,0.5
2026-08-28T07:36:47.942Z,3280.045,1400918016,1400918016,0,12830072832,0,0.5
2026-08-28T07:36:57.942Z,3290.045,1400918016,1400918016,0,12834172928,0,0.43
2026-08-28T07:37:07.942Z,3300.045,1401757696,1401757696,0,12835012608,0,0.43
2026-08-28T07:37:17.942Z,3310.045,1402720256,1402720256,0,12828819456,0,0.52
2026-08-28T07:37:27.942Z,3320.045,1404342272,1404342272,0,12833935360,0,0.52
2026-08-28T07:37:37.942Z,3330.045,1405980672,1405980672,0,12823732224,0,0.6
2026-08-28T07:37:47.942Z,3340.045,1406951424,1406951424,0,12824690688,0,0.58
2026-08-28T07:37:57.942Z,3350.045,1406951424,1406951424,0,12834484224,0,0.65
2026-08-28T07:38:07.941Z,3360.044,1406963712,1406963712,0,12831268864,0,0.63
2026-08-28T07:38:17.942Z,3370.045,1406963712,1406963712,0,12826828800,0,0.61
2026-08-28T07:38:27.941Z,3380.044,1409064960,1409064960,0,12819812352,0,0.67
2026-08-28T07:38:37.942Z,3390.045,1410703360,1410703360,0,12823478272,0,0.72
2026-08-28T07:38:47.942Z,3400.045,1410703360,1410703360,0,12832710656,0,0.68
2026-08-28T07:38:57.942Z,3410.045,1412550656,1412550656,0,12827869184,0,0.65
2026-08-28T07:39:07.942Z,3420.045,1412550656,1412550656,0,12818878464,0,0.55
2026-08-28T07:39:17.942Z,3430.045,1412562944,1412562944,0,12818808832,0,0.54
2026-08-28T07:39:27.942Z,3440.045,1412681728,1412681728,0,12816527360,0,0.61
2026-08-28T07:39:37.941Z,3450.044,1412681728,1412681728,0,12821393408,0,0.67
2026-08-28T07:39:47.941Z,3460.044,1414803456,1414803456,0,12814471168,0,0.64
2026-08-28T07:39:57.942Z,3470.045,1415823360,1415823360,0,12817235968,0,0.54
2026-08-28T07:40:07.942Z,3480.045,1415823360,1415823360,0,12815196160,0,0.69
2026-08-28T07:40:17.942Z,3490.045,1416556544,1416556544,0,12819517440,0,0.67
2026-08-28T07:40:27.941Z,3500.044,1416556544,1416556544,0,12829921280,0,0.64
2026-08-28T07:40:37.946Z,3510.049,1416560640,1416560640,0,12810780672,0,0.54
2026-08-28T07:40:47.944Z,3520.047,1416560640,1416560640,0,12821053440,0,0.46
2026-08-28T07:40:57.944Z,3530.047,1418465280,1418465280,0,12815523840,0,0.39
2026-08-28T07:41:07.944Z,3540.047,1420308480,1420308480,0,12818440192,0,0.48
2026-08-28T07:41:17.944Z,3550.047,1420308480,1420308480,0,12812533760,0,0.49
2026-08-28T07:41:27.944Z,3560.047,1420308480,1420308480,0,12808024064,0,0.49
2026-08-28T07:41:37.944Z,3570.047,1420308480,1420308480,0,12811161600,0,0.41
2026-08-28T07:41:47.944Z,3580.047,1420308480,1420308480,0,12812726272,0,0.35
2026-08-28T07:41:57.944Z,3590.047,1420308480,1420308480,0,12812513280,0,0.29
2026-08-28T07:42:07.944Z,3600.047,1420308480,1420308480,0,12818079744,0,0.25
2026-08-28T07:42:17.944Z,3610.047,1420308480,1420308480,0,12814397440,0,0.29
2026-08-28T07:42:27.944Z,3620.047,1420308480,1420308480,0,12807786496,0,0.35
2026-08-28T07:42:37.944Z,3630.047,1420308480,1420308480,0,12816199680,0,0.37
2026-08-28T07:42:47.944Z,3640.047,1420308480,1420308480,0,12814467072,0,0.39
2026-08-28T07:42:57.944Z,3650.047,1420308480,1420308480,0,12812709888,0,0.33
2026-08-28T07:43:07.944Z,3660.047,1420308480,1420308480,0,12815835136,0,0.51
2026-08-28T07:43:17.945Z,3670.048,1420308480,1420308480,0,12816551936,0,0.43
2026-08-28T07:43:27.946Z,3680.049,1420308480,1420308480,0,12808196096,0,0.44
2026-08-28T07:43:37.945Z,3690.048,1420308480,1420308480,0,12813348864,0,0.52
2026-08-28T07:43:47.945Z,3700.048,1420308480,1420308480,0,12807069696,0,0.58
2026-08-28T07:43:57.945Z,3710.048,1420308480,1420308480,0,12814741504,0,0.57
2026-08-28T07:44:07.945Z,3720.048,1420308480,1420308480,0,12816039936,0,0.57
2026-08-28T07:44:17.945Z,3730.048,1420308480,1420308480,0,12815351808,0,0.48
2026-08-28T07:44:27.945Z,3740.048,1420308480,1420308480,0,12809478144,0,0.64
2026-08-28T07:44:37.945Z,3750.048,1420308480,1420308480,0,12806578176,0,0.61
2026-08-28T07:44:47.945Z,3760.048,1420308480,1420308480,0,12805963776,0,0.67
2026-08-28T07:44:57.945Z,3770.048,1420308480,1420308480,0,12811481088,0,0.71
2026-08-28T07:45:07.945Z,3780.048,1420308480,1420308480,0,12809519104,0,0.6
2026-08-28T07:45:17.945Z,3790.048,1420308480,1420308480,0,12814663680,0,0.59
2026-08-28T07:45:27.945Z,3800.048,1420308480,1420308480,0,12820287488,0,0.5
2026-08-28T07:45:37.945Z,3810.048,1420308480,1420308480,0,12805316608,0,0.42
2026-08-28T07:45:47.945Z,3820.048,1420308480,1420308480,0,12809056256,0,0.43
2026-08-28T07:45:57.945Z,3830.048,1420308480,1420308480,0,12806373376,0,0.44
2026-08-28T07:46:07.945Z,3840.048,1420308480,1420308480,0,12817321984,0,0.45
2026-08-28T07:46:17.946Z,3850.049,1420308480,1420308480,0,12803239936,0,0.53
2026-08-28T07:46:27.946Z,3860.049,1420308480,1420308480,0,12812390400,0,0.53
2026-08-28T07:46:37.945Z,3870.048,1420308480,1420308480,0,12809490432,0,0.45
2026-08-28T07:46:47.946Z,3880.049,1420308480,1420308480,0,12811395072,0,0.77
2026-08-28T07:46:57.946Z,3890.049,1420308480,1420308480,0,12812242944,0,0.65
2026-08-28T07:47:07.946Z,3900.049,1420308480,1420308480,0,12793790464,0,0.55
2026-08-28T07:47:17.947Z,3910.05,1420308480,1420308480,0,12806602752,0,0.54
2026-08-28T07:47:27.947Z,3920.05,1420308480,1420308480,0,12806336512,0,0.53
2026-08-28T07:47:37.947Z,3930.05,1420308480,1420308480,0,12812148736,0,0.52
2026-08-28T07:47:47.947Z,3940.05,1420308480,1420308480,0,12801703936,0,0.52
2026-08-28T07:47:57.947Z,3950.05,1420308480,1420308480,0,12812472320,0,0.44
2026-08-28T07:48:07.947Z,3960.05,1420308480,1420308480,0,12812824576,0,0.37
2026-08-28T07:48:17.947Z,3970.05,1420308480,1420308480,0,12815859712,0,0.32
2026-08-28T07:48:27.947Z,3980.05,1420922880,1420922880,0,12820070400,0,0.35
2026-08-28T07:48:37.947Z,3990.05,1421242368,1421242368,0,12818382848,0,0.37
2026-08-28T07:48:47.947Z,4000.05,1421242368,1421242368,0,12817879040,0,0.64
2026-08-28T07:48:57.948Z,4010.051,1421242368,1421242368,0,12809596928,0,0.54
2026-08-28T07:49:07.948Z,4020.051,1423196160,1423196160,0,12804521984,0,0.61
2026-08-28T07:49:17.948Z,4030.051,1423720448,1423720448,0,12822650880,0,0.52
2026-08-28T07:49:27.949Z,4040.052,1423720448,1423720448,0,12814733312,0,0.89
2026-08-28T07:49:37.949Z,4050.052,1423720448,1423720448,0,12813832192,0,0.9
2026-08-28T07:49:47.950Z,4060.053,1423720448,1423720448,0,12822974464,0,0.91
2026-08-28T07:49:57.950Z,4070.053,1423720448,1423720448,0,12801986560,0,0.77
2026-08-28T07:50:07.950Z,4080.053,1423720448,1423720448,0,12807307264,0,0.65
2026-08-28T07:50:17.950Z,4090.053,1425555456,1425555456,0,12808372224,0,0.87
2026-08-28T07:50:27.950Z,4100.053,1427283968,1427283968,0,12809478144,0,0.81
2026-08-28T07:50:37.950Z,4110.053,1427808256,1427808256,0,12800151552,0,0.77
2026-08-28T07:50:47.950Z,4120.053,1428115456,1428115456,0,12807991296,0,0.73
2026-08-28T07:50:57.950Z,4130.053,1429024768,1429024768,0,12802846720,0,0.62
2026-08-28T07:51:07.950Z,4140.053,1429037056,1429037056,0,12806287360,0,0.52
2026-08-28T07:51:17.950Z,4150.053,1431175168,1431175168,0,12806004736,0,0.6
2026-08-28T07:51:27.951Z,4160.054,1431175168,1431175168,0,12799692800,0,0.73
2026-08-28T07:51:37.951Z,4170.054,1432399872,1432399872,0,12802195456,0,0.77
2026-08-28T07:51:47.951Z,4180.054,1432911872,1432911872,0,12803907584,0,0.73
2026-08-28T07:51:57.951Z,4190.054,1433837568,1433837568,0,12802781184,0,0.78
2026-08-28T07:52:07.951Z,4200.054,1433849856,1433849856,0,12801503232,0,0.74
2026-08-28T07:52:17.951Z,4210.054,1433849856,1433849856,0,12806520832,0,0.63
2026-08-28T07:52:27.951Z,4220.054,1433849856,1433849856,0,12794470400,0,0.61
2026-08-28T07:52:37.951Z,4230.054,1433849856,1433849856,0,12800471040,0,0.51
2026-08-28T07:52:47.950Z,4240.053,1435213824,1435213824,0,12799774720,0,0.51
2026-08-28T07:52:57.952Z,4250.055,1435213824,1435213824,0,12803112960,0,0.88
2026-08-28T07:53:07.951Z,4260.054,1435213824,1435213824,0,12812537856,0,0.74
2026-08-28T07:53:17.951Z,4270.054,1435213824,1435213824,0,12805185536,0,0.78
2026-08-28T07:53:27.951Z,4280.054,1436430336,1436430336,0,12800397312,0,0.66
2026-08-28T07:53:37.951Z,4290.054,1437736960,1437736960,0,12791939072,0,0.63
2026-08-28T07:53:47.951Z,4300.054,1437749248,1437749248,0,12793139200,0,0.54
2026-08-28T07:53:57.951Z,4310.054,1437749248,1437749248,0,12789739520,0,0.61
2026-08-28T07:54:07.951Z,4320.054,1439170560,1439170560,0,12783591424,0,0.51
2026-08-28T07:54:17.951Z,4330.054,1439182848,1439182848,0,12795719680,0,0.51
2026-08-28T07:54:27.951Z,4340.054,1439182848,1439182848,0,12792377344,0,0.52
2026-08-28T07:54:37.951Z,4350.054,1439182848,1439182848,0,12797231104,0,0.51
2026-08-28T07:54:47.951Z,4360.054,1439182848,1439182848,0,12798435328,0,0.59
2026-08-28T07:54:57.951Z,4370.054,1439182848,1439182848,0,12793655296,0,0.58
2026-08-28T07:55:07.951Z,4380.054,1440014336,1440014336,0,12781215744,0,0.57
2026-08-28T07:55:17.951Z,4390.054,1440743424,1440743424,0,12794376192,0,0.56
2026-08-28T07:55:27.951Z,4400.054,1442787328,1442787328,0,12787621888,0,0.72
2026-08-28T07:55:37.951Z,4410.054,1442787328,1442787328,0,12780560384,0,0.61
2026-08-28T07:55:47.951Z,4420.054,1442787328,1442787328,0,12794216448,0,0.59
2026-08-28T07:55:57.951Z,4430.054,1443201024,1443201024,0,12787843072,0,0.65
2026-08-28T07:56:07.951Z,4440.054,1443201024,1443201024,0,12782534656,0,0.71
2026-08-28T07:56:17.951Z,4450.054,1443201024,1443201024,0,12780539904,0,0.68
2026-08-28T07:56:27.951Z,4460.054,1443201024,1443201024,0,12788547584,0,0.65
2026-08-28T07:56:37.951Z,4470.054,1443201024,1443201024,0,12778070016,0,0.55
2026-08-28T07:56:47.951Z,4480.054,1443201024,1443201024,0,12789088256,0,0.47
2026-08-28T07:56:57.951Z,4490.054,1444311040,1444311040,0,12782764032,0,0.47
2026-08-28T07:57:07.951Z,4500.054,1445748736,1445748736,0,12791230464,0,0.4
2026-08-28T07:57:17.951Z,4510.054,1446068224,1446068224,0,12784054272,0,0.42
2026-08-28T07:57:27.951Z,4520.054,1446068224,1446068224,0,12778287104,0,0.35
2026-08-28T07:57:37.951Z,4530.054,1446170624,1446170624,0,12779859968,0,0.38
2026-08-28T07:57:47.951Z,4540.054,1447284736,1447284736,0,12784246784,0,0.56
2026-08-28T07:57:57.951Z,4550.054,1447284736,1447284736,0,12783276032,0,0.55
2026-08-28T07:58:07.952Z,4560.055,1442807808,1446621184,0,12788989952,0,0.47
2026-08-28T07:58:17.952Z,4570.055,1443831808,1446621184,0,12793188352,0,0.47
2026-08-28T07:58:27.952Z,4580.055,1445359616,1446621184,0,12782960640,0,0.39
2026-08-28T07:58:37.952Z,4590.055,1445482496,1446621184,0,12785623040,0,0.41
2026-08-28T07:58:47.952Z,4600.055,1445994496,1446621184,0,12784984064,0,0.35
2026-08-28T07:58:57.952Z,4610.055,1447309312,1447309312,0,12781748224,0,0.3
2026-08-28T07:59:07.952Z,4620.055,1449156608,1449156608,0,12780523520,0,0.33
2026-08-28T07:59:17.952Z,4630.055,1449156608,1449156608,0,12781318144,0,0.36
2026-08-28T07:59:27.952Z,4640.055,1449271296,1449271296,0,12778205184,0,0.3
2026-08-28T07:59:37.952Z,4650.055,1450590208,1450590208,0,12782948352,0,0.42
2026-08-28T07:59:47.952Z,4660.055,1450590208,1450590208,0,12783169536,0,0.5
2026-08-28T07:59:57.952Z,4670.055,1452023808,1452023808,0,12781019136,0,0.42
2026-08-28T08:00:07.952Z,4680.055,1441001472,1452019712,0,12784082944,0,0.51
2026-08-28T08:00:17.953Z,4690.056,1442217984,1452019712,0,12783865856,0,0.51
2026-08-28T08:00:27.953Z,4700.056,1442217984,1452019712,0,12792258560,0,0.43
2026-08-28T08:00:37.953Z,4710.056,1442217984,1452019712,0,12787355648,0,0.37
2026-08-28T08:00:47.953Z,4720.056,1442217984,1452019712,0,12788625408,0,0.31
2026-08-28T08:00:57.953Z,4730.056,1442217984,1452019712,0,12784492544,0,0.34
2026-08-28T08:01:07.953Z,4740.056,1442537472,1452019712,0,12787326976,0,0.37
2026-08-28T08:01:17.953Z,4750.056,1443446784,1452019712,0,12788637696,0,0.31
2026-08-28T08:01:27.953Z,4760.056,1445285888,1452019712,0,12781182976,0,0.26
2026-08-28T08:01:37.953Z,4770.056,1447526400,1452019712,0,12781789184,0,0.37
2026-08-28T08:01:47.953Z,4780.056,1448255488,1452019712,0,12784865280,0,0.31
2026-08-28T08:01:57.953Z,4790.056,1450086400,1452019712,0,12787486720,0,0.42
2026-08-28T08:02:07.953Z,4800.056,1451003904,1452019712,0,12787531776,0,0.35
2026-08-28T08:02:17.953Z,4810.056,1452441600,1452441600,0,12775301120,0,0.3
2026-08-28T08:02:27.953Z,4820.056,1453170688,1453170688,0,12772409344,0,0.25
2026-08-28T08:02:37.954Z,4830.057,1454096384,1454096384,0,12778577920,0,0.37
2026-08-28T08:02:47.953Z,4840.056,1454813184,1454813184,0,12776988672,0,0.46
2026-08-28T08:02:57.953Z,4850.056,1457156096,1457156096,0,12774400000,0,0.39
2026-08-28T08:03:07.954Z,4860.057,1458089984,1458089984,0,12777459712,0,0.33
2026-08-28T08:03:17.954Z,4870.057,1458089984,1458089984,0,12774481920,0,0.28
2026-08-28T08:03:27.954Z,4880.057,1460461568,1460461568,0,12761153536,0,0.24
2026-08-28T08:03:37.954Z,4890.057,1461485568,1461485568,0,12769382400,0,0.35
2026-08-28T08:03:47.954Z,4900.057,1463226368,1463226368,0,12773892096,0,0.45
2026-08-28T08:03:57.954Z,4910.057,1463226368,1463226368,0,12769546240,0,0.38
2026-08-28T08:04:07.955Z,4920.058,1463226368,1463226368,0,12758970368,0,0.32
2026-08-28T08:04:17.955Z,4930.058,1463226368,1463226368,0,12774703104,0,0.35
2026-08-28T08:04:27.955Z,4940.058,1464442880,1464442880,0,12771655680,0,0.38
2026-08-28T08:04:37.955Z,4950.058,1464442880,1464442880,0,12773699584,0,0.48
2026-08-28T08:04:47.955Z,4960.058,1466478592,1466478592,0,12760608768,0,0.4
2026-08-28T08:04:57.955Z,4970.058,1467912192,1467912192,0,12755054592,0,0.42
2026-08-28T08:05:07.955Z,4980.058,1469870080,1469870080,0,12761387008,0,0.36
2026-08-28T08:05:17.955Z,4990.058,1471492096,1471492096,0,12764942336,0,0.38
2026-08-28T08:05:27.955Z,5000.058,1472208896,1472208896,0,12755922944,0,0.32
2026-08-28T08:05:37.955Z,5010.058,1473028096,1473028096,0,12752023552,0,0.27
2026-08-28T08:05:47.955Z,5020.058,1474465792,1474465792,0,12756205568,0,0.3
2026-08-28T08:05:57.955Z,5030.058,1475194880,1475194880,0,12759089152,0,0.26
2026-08-28T08:06:07.955Z,5040.058,1477046272,1477046272,0,12749434880,0,0.45
2026-08-28T08:06:17.955Z,5050.058,1477054464,1477054464,0,12753846272,0,0.46
2026-08-28T08:06:27.955Z,5060.058,1477054464,1477054464,0,12754325504,0,0.39
2026-08-28T08:06:37.955Z,5070.058,1478578176,1478578176,0,12759216128,0,0.4
2026-08-28T08:06:47.955Z,5080.058,1479512064,1479512064,0,12747698176,0,0.41
2026-08-28T08:06:57.955Z,5090.058,1479512064,1479512064,0,12753985536,0,0.5
2026-08-28T08:07:07.955Z,5100.058,1480417280,1480417280,0,12748759040,0,0.5
2026-08-28T08:07:17.955Z,5110.058,1480417280,1480417280,0,12754563072,0,0.5
2026-08-28T08:07:27.955Z,5120.058,1481338880,1481338880,0,12755189760,0,0.51
2026-08-28T08:07:37.955Z,5130.058,1483186176,1483186176,0,12739514368,0,0.43
2026-08-28T08:07:47.956Z,5140.059,1484111872,1484111872,0,12738387968,0,0.52
2026-08-28T08:07:57.957Z,5150.06,1484124160,1484124160,0,12745510912,0,0.6
2026-08-28T08:08:07.956Z,5160.059,1486053376,1486053376,0,12747251712,0,0.66
2026-08-28T08:08:17.956Z,5170.059,1487900672,1487900672,0,12735541248,0,0.64
2026-08-28T08:08:27.956Z,5180.059,1488834560,1488834560,0,12739678208,0,0.54
2026-08-28T08:08:37.956Z,5190.059,1489756160,1489756160,0,12733153280,0,0.53
2026-08-28T08:08:47.958Z,5200.061,1489756160,1489756160,0,12735156224,0,0.45
2026-08-28T08:08:57.956Z,5210.059,1489756160,1489756160,0,12738478080,0,0.38
2026-08-28T08:09:07.956Z,5220.059,1490460672,1490460672,0,12741873664,0,0.4
2026-08-28T08:09:17.956Z,5230.059,1491742720,1491742720,0,12736172032,0,0.34
2026-08-28T08:09:27.957Z,5240.06,1491742720,1491742720,0,12728401920,0,0.51
2026-08-28T08:09:37.956Z,5250.059,1491742720,1491742720,0,12733997056,0,0.43
2026-08-28T08:09:47.956Z,5260.059,1492062208,1492062208,0,12736913408,0,0.37
2026-08-28T08:09:57.956Z,5270.059,1492062208,1492062208,0,12731252736,0,0.31
2026-08-28T08:10:07.956Z,5280.059,1492062208,1492062208,0,12737507328,0,0.26
2026-08-28T08:10:17.956Z,5290.059,1492062208,1492062208,0,12741509120,0,0.3
2026-08-28T08:10:27.956Z,5300.059,1492062208,1492062208,0,12736442368,0,0.25
2026-08-28T08:10:37.956Z,5310.059,1492959232,1492959232,0,12734578688,0,0.21
2026-08-28T08:10:47.956Z,5320.059,1493073920,1493073920,0,12747542528,0,0.18
2026-08-28T08:10:57.956Z,5330.059,1493073920,1493073920,0,12741541888,0,0.23
2026-08-28T08:11:07.958Z,5340.061,1493073920,1493073920,0,12734783488,0,0.27
2026-08-28T08:11:17.957Z,5350.06,1493381120,1493381120,0,12734291968,0,0.3
2026-08-28T08:11:27.956Z,5360.059,1493381120,1493381120,0,12736557056,0,0.41
2026-08-28T08:11:37.956Z,5370.059,1496772608,1496772608,0,12735893504,0,0.35
2026-08-28T08:11:47.957Z,5380.06,1496784896,1496784896,0,12728897536,0,0.44
2026-08-28T08:11:57.955Z,5390.058,1496989696,1496989696,0,12729458688,0,0.45
2026-08-28T08:12:07.956Z,5400.059,1496989696,1496989696,0,12726636544,0,0.46
2026-08-28T08:12:17.955Z,5410.058,1500168192,1500168192,0,12729880576,0,0.83
2026-08-28T08:12:27.957Z,5420.06,1500168192,1500168192,0,12731035648,0,0.7
2026-08-28T08:12:37.957Z,5430.06,1501204480,1501204480,0,12739399680,0,0.67
2026-08-28T08:12:47.958Z,5440.061,1502932992,1502932992,0,12724240384,0,0.72
2026-08-28T08:12:57.957Z,5450.06,1502932992,1502932992,0,12729368576,0,0.68
2026-08-28T08:13:07.959Z,5460.062,1502945280,1502945280,0,12726317056,0,0.58
2026-08-28T08:13:17.958Z,5470.061,1504747520,1504747520,0,12728033280,0,0.57
2026-08-28T08:13:27.959Z,5480.062,1504747520,1504747520,0,12725440512,0,0.48
2026-08-28T08:13:37.958Z,5490.061,1504747520,1504747520,0,12727365632,0,0.41
2026-08-28T08:13:47.959Z,5500.062,1505075200,1505075200,0,12721672192,0,0.42
2026-08-28T08:13:57.959Z,5510.062,1508175872,1508175872,0,12720214016,0,0.35
2026-08-28T08:14:07.959Z,5520.062,1508188160,1508188160,0,12731060224,0,0.37
2026-08-28T08:14:17.959Z,5530.062,1508188160,1508188160,0,12720738304,0,0.39
2026-08-28T08:14:27.959Z,5540.062,1509609472,1509609472,0,12721807360,0,0.49
2026-08-28T08:14:37.959Z,5550.062,1509609472,1509609472,0,12715601920,0,0.49
2026-08-28T08:14:47.959Z,5560.062,1512669184,1512669184,0,12721668096,0,0.49
2026-08-28T08:14:57.960Z,5570.063,1513459712,1513459712,0,12722675712,0,0.41
2026-08-28T08:15:07.962Z,5580.065,1515683840,1515683840,0,12713070592,0,0.35
2026-08-28T08:15:17.962Z,5590.065,1515696128,1515696128,0,12715417600,0,0.29
2026-08-28T08:15:27.962Z,5600.065,1518804992,1518804992,0,12720177152,0,0.25
2026-08-28T08:15:37.961Z,5610.064,1518804992,1518804992,0,12715741184,0,0.29
2026-08-28T08:15:47.962Z,5620.065,1518997504,1518997504,0,12710989824,0,0.24
2026-08-28T08:15:57.962Z,5630.065,1519923200,1519923200,0,12712255488,0,0.21
2026-08-28T08:16:07.962Z,5640.065,1519923200,1519923200,0,12705226752,0,0.33
2026-08-28T08:16:17.962Z,5650.065,1520979968,1520979968,0,12715003904,0,0.44
2026-08-28T08:16:27.962Z,5660.065,1522536448,1522536448,0,12701102080,0,0.81
2026-08-28T08:16:37.962Z,5670.065,1522855936,1522855936,0,12705546240,0,0.69
2026-08-28T08:16:47.962Z,5680.065,1522855936,1522855936,0,12694700032,0,0.74
2026-08-28T08:16:57.962Z,5690.065,1524322304,1524322304,0,12699844608,0,0.62
2026-08-28T08:17:07.962Z,5700.065,1524322304,1524322304,0,12714418176,0,0.6
2026-08-28T08:17:17.962Z,5710.065,1524334592,1524334592,0,12713635840,0,0.51
2026-08-28T08:17:27.962Z,5720.065,1524334592,1524334592,0,12708175872,0,0.51
2026-08-28T08:17:37.963Z,5730.066,1526394880,1526394880,0,12705173504,0,0.58
2026-08-28T08:17:47.963Z,5740.066,1526394880,1526394880,0,12700495872,0,0.72
2026-08-28T08:17:57.963Z,5750.066,1526394880,1526394880,0,12710346752,0,0.69
2026-08-28T08:18:07.963Z,5760.066,1526394880,1526394880,0,12702990336,0,0.73
2026-08-28T08:18:17.963Z,5770.066,1526394880,1526394880,0,12696489984,0,0.62
2026-08-28T08:18:27.963Z,5780.066,1526394880,1526394880,0,12694376448,0,0.59
2026-08-28T08:18:37.963Z,5790.066,1526394880,1526394880,0,12700516352,0,0.5
2026-08-28T08:18:47.963Z,5800.066,1526394880,1526394880,0,12700311552,0,0.43
2026-08-28T08:18:57.963Z,5810.066,1526394880,1526394880,0,12697198592,0,0.36
2026-08-28T08:19:07.963Z,5820.066,1526394880,1526394880,0,12696502272,0,0.38
2026-08-28T08:19:17.963Z,5830.066,1526394880,1526394880,0,12705574912,0,0.47
2026-08-28T08:19:27.963Z,5840.066,1526394880,1526394880,0,12703608832,0,0.48
2026-08-28T08:19:37.963Z,5850.066,1526394880,1526394880,0,12699238400,0,0.56
2026-08-28T08:19:47.963Z,5860.066,1526394880,1526394880,0,12708831232,0,0.47
2026-08-28T08:19:57.963Z,5870.066,1526394880,1526394880,0,12709900288,0,0.48
2026-08-28T08:20:07.963Z,5880.066,1526394880,1526394880,0,12702085120,0,0.48
2026-08-28T08:20:17.963Z,5890.066,1526394880,1526394880,0,12699525120,0,0.4
2026-08-28T08:20:27.963Z,5900.066,1526394880,1526394880,0,12702134272,0,0.34
2026-08-28T08:20:37.963Z,5910.066,1526394880,1526394880,0,12708868096,0,0.29
2026-08-28T08:20:47.963Z,5920.066,1527316480,1527316480,0,12707844096,0,0.24
2026-08-28T08:20:57.963Z,5930.066,1527316480,1527316480,0,12703449088,0,0.21
2026-08-28T08:21:07.963Z,5940.066,1528238080,1528238080,0,12694437888,0,0.17
2026-08-28T08:21:17.963Z,5950.066,1529159680,1529159680,0,12703649792,0,0.15
2026-08-28T08:21:27.963Z,5960.066,1529159680,1529159680,0,12701753344,0,0.12
2026-08-28T08:21:37.963Z,5970.066,1529159680,1529159680,0,12693553152,0,0.18
2026-08-28T08:21:47.963Z,5980.066,1529159680,1529159680,0,12693954560,0,0.16
2026-08-28T08:21:57.963Z,5990.066,1529159680,1529159680,0,12698808320,0,0.29
2026-08-28T08:22:07.963Z,6000.066,1529159680,1529159680,0,12699021312,0,0.24
2026-08-28T08:22:17.962Z,6010.065,1529159680,1529159680,0,12692680704,0,0.2
2026-08-28T08:22:27.963Z,6020.066,1529159680,1529159680,0,12688564224,0,0.17
2026-08-28T08:22:37.963Z,6030.066,1529159680,1529159680,0,12698685440,0,0.14
2026-08-28T08:22:47.963Z,6040.066,1529159680,1529159680,0,12699090944,0,0.12
2026-08-28T08:22:57.963Z,6050.066,1529159680,1529159680,0,12708917248,0,0.1
2026-08-28T08:23:07.963Z,6060.066,1529159680,1529159680,0,12697534464,0,0.09
2026-08-28T08:23:17.963Z,6070.066,1529159680,1529159680,0,12699344896,0,0.07
2026-08-28T08:23:27.963Z,6080.066,1529159680,1529159680,0,12706209792,0,0.06
2026-08-28T08:23:37.963Z,6090.066,1529159680,1529159680,0,12698116096,0,0.2
2026-08-28T08:23:47.963Z,6100.066,1529159680,1529159680,0,12684394496,0,0.32
2026-08-28T08:23:57.963Z,6110.066,1530593280,1530593280,0,12701704192,0,0.27
2026-08-28T08:24:07.963Z,6120.066,1530593280,1530593280,0,12694429696,0,0.31
2026-08-28T08:24:17.963Z,6130.066,1530593280,1530593280,0,12694913024,0,0.26
2026-08-28T08:24:27.963Z,6140.066,1530593280,1530593280,0,12703047680,0,0.3
2026-08-28T08:24:37.963Z,6150.066,1530593280,1530593280,0,12702371840,0,0.42
2026-08-28T08:24:47.963Z,6160.066,1530593280,1530593280,0,12696023040,0,0.58
2026-08-28T08:24:57.963Z,6170.066,1530605568,1530605568,0,12688678912,0,0.56
2026-08-28T08:25:07.963Z,6180.066,1530605568,1530605568,0,12695490560,0,0.48
2026-08-28T08:25:17.963Z,6190.066,1530605568,1530605568,0,12678512640,0,0.4
2026-08-28T08:25:27.963Z,6200.066,1530605568,1530605568,0,12701462528,0,0.34
2026-08-28T08:25:37.963Z,6210.066,1532436480,1532436480,0,12697628672,0,0.37
2026-08-28T08:25:47.963Z,6220.066,1532436480,1532436480,0,12706709504,0,0.63
2026-08-28T08:25:57.963Z,6230.066,1532448768,1532448768,0,12697808896,0,0.61
2026-08-28T08:26:07.963Z,6240.066,1532448768,1532448768,0,12690821120,0,0.6
2026-08-28T08:26:17.963Z,6250.066,1532448768,1532448768,0,12689575936,0,0.51
2026-08-28T08:26:27.963Z,6260.066,1532448768,1532448768,0,12697333760,0,0.58
2026-08-28T08:26:37.963Z,6270.066,1532448768,1532448768,0,12686389248,0,0.49
2026-08-28T08:26:47.963Z,6280.066,1532448768,1532448768,0,12702580736,0,0.42
2026-08-28T08:26:57.963Z,6290.066,1532448768,1532448768,0,12689530880,0,0.43
2026-08-28T08:27:07.963Z,6300.066,1532448768,1532448768,0,12688224256,0,0.36
2026-08-28T08:27:17.963Z,6310.066,1532448768,1532448768,0,12688293888,0,0.38
2026-08-28T08:27:27.963Z,6320.066,1532448768,1532448768,0,12679761920,0,0.32
2026-08-28T08:27:37.963Z,6330.066,1532448768,1532448768,0,12697948160,0,0.27
2026-08-28T08:27:47.963Z,6340.066,1532448768,1532448768,0,12696227840,0,0.46
2026-08-28T08:27:57.963Z,6350.066,1532448768,1532448768,0,12696535040,0,0.46
2026-08-28T08:28:07.963Z,6360.066,1532944384,1532944384,0,12695203840,0,0.39
2026-08-28T08:28:17.963Z,6370.066,1532944384,1532944384,0,12694163456,0,0.4
2026-08-28T08:28:27.963Z,6380.066,1532944384,1532944384,0,12693385216,0,0.34
2026-08-28T08:28:37.963Z,6390.066,1532944384,1532944384,0,12697153536,0,0.29
2026-08-28T08:28:47.963Z,6400.066,1532944384,1532944384,0,12699885568,0,0.24
2026-08-28T08:28:57.963Z,6410.066,1532944384,1532944384,0,12689186816,0,0.2
2026-08-28T08:29:07.963Z,6420.066,1532944384,1532944384,0,12696305664,0,0.17
2026-08-28T08:29:17.963Z,6430.066,1532944384,1532944384,0,12694142976,0,0.22
2026-08-28T08:29:27.963Z,6440.066,1532944384,1532944384,0,12691406848,0,0.34
2026-08-28T08:29:37.963Z,6450.066,1532944384,1532944384,0,12698091520,0,0.36
2026-08-28T08:29:47.963Z,6460.066,1532944384,1532944384,0,12695040000,0,0.31
2026-08-28T08:29:57.963Z,6470.066,1532944384,1532944384,0,12696477696,0,0.34
2026-08-28T08:30:07.963Z,6480.066,1533661184,1533661184,0,12693057536,0,0.29
2026-08-28T08:30:17.962Z,6490.065,1535303680,1535303680,0,12690702336,0,0.4
2026-08-28T08:30:27.963Z,6500.066,1535315968,1535315968,0,12693630976,0,0.33
2026-08-28T08:30:37.963Z,6510.066,1535315968,1535315968,0,12686544896,0,0.36
2026-08-28T08:30:47.963Z,6520.066,1536942080,1536942080,0,12687876096,0,0.3
2026-08-28T08:30:57.963Z,6530.066,1536954368,1536954368,0,12696768512,0,0.33
2026-08-28T08:31:07.963Z,6540.066,1536954368,1536954368,0,12691537920,0,0.28
2026-08-28T08:31:17.963Z,6550.066,1536954368,1536954368,0,12698705920,0,0.31
2026-08-28T08:31:27.963Z,6560.066,1536954368,1536954368,0,12684500992,0,0.34
2026-08-28T08:31:37.963Z,6570.066,1536954368,1536954368,0,12695707648,0,0.28
2026-08-28T08:31:47.962Z,6580.065,1536954368,1536954368,0,12691660800,0,0.24
2026-08-28T08:31:57.963Z,6590.066,1536954368,1536954368,0,12694069248,0,0.2
2026-08-28T08:32:07.963Z,6600.066,1536954368,1536954368,0,12696662016,0,0.17
2026-08-28T08:32:17.963Z,6610.066,1536954368,1536954368,0,12697669632,0,0.22
2026-08-28T08:32:27.963Z,6620.066,1536954368,1536954368,0,12692066304,0,0.26
2026-08-28T08:32:37.963Z,6630.066,1536954368,1536954368,0,12690006016,0,0.22
2026-08-28T08:32:47.963Z,6640.066,1536954368,1536954368,0,12688556032,0,0.19
2026-08-28T08:32:57.963Z,6650.066,1536954368,1536954368,0,12698255360,0,0.24
2026-08-28T08:33:07.963Z,6660.066,1538580480,1538580480,0,12685144064,0,0.36
2026-08-28T08:33:17.963Z,6670.066,1538580480,1538580480,0,12688109568,0,0.38
2026-08-28T08:33:27.963Z,6680.066,1538580480,1538580480,0,12694269952,0,0.32
2026-08-28T08:33:37.963Z,6690.066,1538580480,1538580480,0,12685778944,0,0.27
2026-08-28T08:33:47.964Z,6700.067,1538695168,1538695168,0,12677550080,0,0.3
2026-08-28T08:33:57.963Z,6710.066,1538695168,1538695168,0,12696227840,0,0.25
2026-08-28T08:34:07.963Z,6720.066,1539092480,1539092480,0,12695171072,0,0.21
2026-08-28T08:34:17.963Z,6730.066,1539092480,1539092480,0,12681392128,0,0.34
2026-08-28T08:34:27.963Z,6740.066,1539092480,1539092480,0,12678909952,0,0.51
2026-08-28T08:34:37.963Z,6750.066,1539092480,1539092480,0,12686073856,0,0.43
2026-08-28T08:34:47.963Z,6760.066,1539092480,1539092480,0,12681326592,0,0.45
2026-08-28T08:34:57.963Z,6770.066,1539092480,1539092480,0,12691800064,0,0.38
2026-08-28T08:35:07.963Z,6780.066,1539092480,1539092480,0,12673581056,0,0.48
2026-08-28T08:35:17.962Z,6790.065,1539092480,1539092480,0,12693975040,0,0.41
2026-08-28T08:35:27.963Z,6800.066,1539092480,1539092480,0,12689047552,0,0.42
2026-08-28T08:35:37.963Z,6810.066,1539092480,1539092480,0,12676026368,0,0.43
2026-08-28T08:35:47.964Z,6820.067,1539092480,1539092480,0,12680699904,0,0.43
2026-08-28T08:35:57.964Z,6830.067,1539092480,1539092480,0,12685193216,0,0.45
2026-08-28T08:36:07.964Z,6840.067,1540009984,1540009984,0,12685991936,0,0.46
2026-08-28T08:36:17.964Z,6850.067,1540009984,1540009984,0,12687568896,0,0.46
2026-08-28T08:36:27.965Z,6860.068,1540009984,1540009984,0,12691070976,0,0.39
2026-08-28T08:36:37.965Z,6870.068,1540009984,1540009984,0,12687912960,0,0.56
2026-08-28T08:36:47.965Z,6880.068,1540009984,1540009984,0,12686045184,0,0.48
2026-08-28T08:36:57.965Z,6890.068,1540009984,1540009984,0,12688859136,0,0.48
2026-08-28T08:37:07.965Z,6900.068,1540726784,1540726784,0,12689883136,0,0.4
2026-08-28T08:37:17.965Z,6910.068,1540726784,1540726784,0,12695482368,0,0.34
2026-08-28T08:37:27.965Z,6920.068,1540726784,1540726784,0,12682723328,0,0.29
2026-08-28T08:37:37.965Z,6930.068,1540726784,1540726784,0,12682555392,0,0.4
2026-08-28T08:37:47.965Z,6940.068,1540726784,1540726784,0,12691451904,0,0.42
2026-08-28T08:37:57.965Z,6950.068,1540726784,1540726784,0,12686741504,0,0.65
2026-08-28T08:38:07.965Z,6960.068,1540726784,1540726784,0,12685414400,0,0.55
2026-08-28T08:38:17.965Z,6970.068,1540726784,1540726784,0,12689563648,0,0.47
2026-08-28T08:38:27.966Z,6980.069,1540726784,1540726784,0,12697509888,0,0.48
2026-08-28T08:38:37.965Z,6990.068,1540726784,1540726784,0,12684152832,0,0.4
2026-08-28T08:38:47.965Z,7000.068,1540726784,1540726784,0,12688195584,0,0.66
2026-08-28T08:38:57.965Z,7010.068,1540726784,1540726784,0,12687609856,0,0.55
2026-08-28T08:39:07.965Z,7020.068,1540726784,1540726784,0,12688773120,0,0.47
2026-08-28T08:39:17.965Z,7030.068,1540726784,1540726784,0,12686626816,0,0.47
2026-08-28T08:39:27.965Z,7040.068,1540726784,1540726784,0,12692697088,0,0.48
2026-08-28T08:39:37.965Z,7050.068,1540726784,1540726784,0,12689666048,0,0.56
2026-08-28T08:39:47.965Z,7060.068,1540726784,1540726784,0,12690485248,0,0.47
2026-08-28T08:39:57.965Z,7070.068,1540726784,1540726784,0,12683673600,0,0.4
2026-08-28T08:40:07.965Z,7080.068,1540726784,1540726784,0,12692242432,0,0.42
2026-08-28T08:40:17.965Z,7090.068,1540726784,1540726784,0,12688805888,0,0.43
2026-08-28T08:40:27.965Z,7100.068,1540726784,1540726784,0,12678164480,0,0.44
2026-08-28T08:40:37.965Z,7110.068,1540726784,1540726784,0,12684374016,0,0.37
2026-08-28T08:40:47.965Z,7120.068,1540726784,1540726784,0,12688384000,0,0.4
2026-08-28T08:40:57.965Z,7130.068,1540726784,1540726784,0,12682997760,0,0.41
2026-08-28T08:41:07.965Z,7140.068,1540726784,1540726784,0,12679917568,0,0.42
2026-08-28T08:41:17.965Z,7150.068,1540726784,1540726784,0,12689977344,0,0.58
2026-08-28T08:41:27.965Z,7160.068,1540726784,1540726784,0,12688683008,0,0.73
2026-08-28T08:41:37.965Z,7170.068,1541652480,1541652480,0,12680925184,0,0.62
2026-08-28T08:41:47.965Z,7180.068,1541652480,1541652480,0,12690067456,0,0.52
2026-08-28T08:41:57.965Z,7190.068,1543286784,1543286784,0,12690001920,0,0.51
2026-08-28T08:42:07.965Z,7200.068,1543286784,1543286784,0,12683845632,0,0.51
2026-08-28T08:42:17.965Z,7210.068,1543286784,1543286784,0,12681109504,0,0.43
2026-08-28T08:42:27.966Z,7220.069,1544220672,1544220672,0,12687581184,0,0.36
2026-08-28T08:42:37.966Z,7230.069,1544220672,1544220672,0,12689338368,0,0.38
2026-08-28T08:42:47.966Z,7240.069,1545142272,1545142272,0,12689920000,0,0.48
2026-08-28T08:42:57.966Z,7250.069,1546063872,1546063872,0,12686143488,0,0.48
2026-08-28T08:43:07.966Z,7260.069,1546985472,1546985472,0,12691464192,0,0.41
2026-08-28T08:43:17.966Z,7270.069,1547497472,1547497472,0,12685045760,0,0.34
2026-08-28T08:43:27.966Z,7280.069,1547497472,1547497472,0,12674985984,0,0.29
2026-08-28T08:43:37.966Z,7290.069,1547497472,1547497472,0,12683735040,0,0.33
2026-08-28T08:43:47.966Z,7300.069,1547497472,1547497472,0,12683145216,0,0.28
2026-08-28T08:43:57.966Z,7310.069,1547497472,1547497472,0,12679356416,0,0.23
2026-08-28T08:44:07.966Z,7320.069,1547497472,1547497472,0,12671635456,0,0.2
2026-08-28T08:44:17.966Z,7330.069,1547497472,1547497472,0,12677267456,0,0.32
2026-08-28T08:44:27.966Z,7340.069,1547497472,1547497472,0,12671619072,0,0.27
2026-08-28T08:44:37.966Z,7350.069,1547497472,1547497472,0,12671795200,0,0.23
2026-08-28T08:44:47.966Z,7360.069,1547497472,1547497472,0,12690513920,0,0.42
2026-08-28T08:44:57.966Z,7370.069,1547689984,1547689984,0,12681699328,0,0.43
2026-08-28T08:45:07.966Z,7380.069,1547689984,1547689984,0,12681109504,0,0.52
2026-08-28T08:45:17.966Z,7390.069,1547689984,1547689984,0,12686184448,0,0.51
2026-08-28T08:45:27.966Z,7400.069,1547689984,1547689984,0,12672872448,0,0.43
2026-08-28T08:45:37.966Z,7410.069,1547689984,1547689984,0,12681846784,0,0.37
2026-08-28T08:45:47.966Z,7420.069,1547689984,1547689984,0,12681113600,0,0.31
2026-08-28T08:45:57.967Z,7430.07,1548615680,1548615680,0,12690378752,0,0.26
2026-08-28T08:46:07.966Z,7440.069,1549139968,1549139968,0,12689547264,0,0.38
2026-08-28T08:46:17.966Z,7450.069,1549332480,1549332480,0,12673187840,0,0.32
2026-08-28T08:46:27.966Z,7460.069,1549332480,1549332480,0,12679520256,0,0.35
2026-08-28T08:46:37.966Z,7470.069,1550254080,1550254080,0,12673843200,0,0.3
2026-08-28T08:46:47.966Z,7480.069,1550254080,1550254080,0,12672466944,0,0.33
2026-08-28T08:46:57.966Z,7490.069,1550254080,1550254080,0,12675833856,0,0.28
2026-08-28T08:47:07.966Z,7500.069,1550254080,1550254080,0,12677656576,0,0.31
2026-08-28T08:47:17.966Z,7510.069,1550254080,1550254080,0,12672184320,0,0.34
2026-08-28T08:47:27.966Z,7520.069,1550254080,1550254080,0,12675338240,0,0.29
2026-08-28T08:47:37.966Z,7530.069,1550254080,1550254080,0,12679614464,0,0.32
2026-08-28T08:47:47.966Z,7540.069,1550254080,1550254080,0,12675215360,0,0.41
2026-08-28T08:47:57.967Z,7550.07,1550254080,1550254080,0,12672434176,0,0.42
2026-08-28T08:48:07.966Z,7560.069,1550254080,1550254080,0,12686823424,0,0.36
2026-08-28T08:48:17.966Z,7570.069,1550254080,1550254080,0,12679557120,0,0.3
2026-08-28T08:48:27.966Z,7580.069,1550254080,1550254080,0,12669620224,0,0.26
2026-08-28T08:48:37.966Z,7590.069,1551175680,1551175680,0,12676788224,0,0.22
2026-08-28T08:48:47.966Z,7600.069,1551175680,1551175680,0,12675686400,0,0.26
2026-08-28T08:48:57.966Z,7610.069,1551175680,1551175680,0,12676927488,0,0.22
2026-08-28T08:49:07.966Z,7620.069,1551175680,1551175680,0,12674457600,0,0.19
2026-08-28T08:49:17.966Z,7630.069,1551175680,1551175680,0,12676845568,0,0.16
2026-08-28T08:49:27.966Z,7640.069,1551175680,1551175680,0,12677898240,0,0.21
2026-08-28T08:49:37.966Z,7650.069,1551175680,1551175680,0,12674408448,0,0.34
2026-08-28T08:49:47.966Z,7660.069,1551175680,1551175680,0,12671184896,0,0.5
2026-08-28T08:49:57.966Z,7670.069,1551175680,1551175680,0,12681588736,0,0.43
2026-08-28T08:50:07.966Z,7680.069,1551175680,1551175680,0,12675117056,0,0.36
2026-08-28T08:50:17.966Z,7690.069,1551175680,1551175680,0,12673335296,0,0.38
2026-08-28T08:50:27.966Z,7700.069,1551175680,1551175680,0,12679708672,0,0.32
2026-08-28T08:50:37.966Z,7710.069,1551175680,1551175680,0,12685770752,0,0.42
2026-08-28T08:50:47.966Z,7720.069,1551175680,1551175680,0,12678844416,0,0.36
2026-08-28T08:50:57.966Z,7730.069,1551175680,1551175680,0,12666273792,0,0.38
2026-08-28T08:51:07.966Z,7740.069,1551175680,1551175680,0,12676370432,0,0.55
2026-08-28T08:51:17.966Z,7750.069,1551175680,1551175680,0,12679172096,0,0.54
2026-08-28T08:51:27.966Z,7760.069,1551175680,1551175680,0,12669837312,0,0.46
2026-08-28T08:51:37.966Z,7770.069,1551175680,1551175680,0,12665888768,0,0.39
2026-08-28T08:51:47.966Z,7780.069,1551175680,1551175680,0,12668579840,0,0.33
2026-08-28T08:51:57.966Z,7790.069,1551175680,1551175680,0,12679323648,0,0.36
2026-08-28T08:52:07.966Z,7800.069,1551175680,1551175680,0,12671578112,0,0.38
2026-08-28T08:52:17.966Z,7810.069,1551175680,1551175680,0,12676345856,0,0.32
2026-08-28T08:52:27.966Z,7820.069,1551175680,1551175680,0,12683792384,0,0.27
2026-08-28T08:52:37.966Z,7830.069,1551175680,1551175680,0,12664143872,0,0.3
2026-08-28T08:52:47.966Z,7840.069,1551175680,1551175680,0,12679827456,0,0.49
2026-08-28T08:52:57.966Z,7850.069,1551175680,1551175680,0,12670509056,0,0.41
2026-08-28T08:53:07.966Z,7860.069,1551175680,1551175680,0,12678279168,0,0.35
2026-08-28T08:53:17.966Z,7870.069,1551175680,1551175680,0,12672700416,0,0.29
2026-08-28T08:53:27.966Z,7880.069,1551175680,1551175680,0,12674961408,0,0.32
2026-08-28T08:53:37.966Z,7890.069,1551175680,1551175680,0,12669100032,0,0.35
2026-08-28T08:53:47.966Z,7900.069,1551175680,1551175680,0,12665303040,0,0.38
2026-08-28T08:53:57.966Z,7910.069,1551175680,1551175680,0,12678078464,0,0.32
2026-08-28T08:54:07.966Z,7920.069,1551175680,1551175680,0,12679168000,0,0.27
2026-08-28T08:54:17.966Z,7930.069,1551175680,1551175680,0,12667203584,0,0.31
2026-08-28T08:54:27.966Z,7940.069,1551175680,1551175680,0,12667838464,0,0.49
2026-08-28T08:54:37.966Z,7950.069,1551175680,1551175680,0,12676284416,0,0.49
2026-08-28T08:54:47.966Z,7960.069,1551175680,1551175680,0,12669849600,0,0.49
2026-08-28T08:54:57.966Z,7970.069,1551175680,1551175680,0,12667555840,0,0.42
2026-08-28T08:55:07.967Z,7980.07,1551175680,1551175680,0,12677865472,0,0.43
2026-08-28T08:55:17.967Z,7990.07,1551175680,1551175680,0,12677349376,0,0.37
2026-08-28T08:55:27.967Z,8000.07,1551175680,1551175680,0,12668821504,0,0.31
2026-08-28T08:55:37.967Z,8010.07,1551175680,1551175680,0,12665397248,0,0.34
2026-08-28T08:55:47.967Z,8020.07,1551175680,1551175680,0,12674392064,0,0.28
2026-08-28T08:55:57.967Z,8030.07,1553018880,1553018880,0,12679688192,0,0.31
2026-08-28T08:56:07.967Z,8040.07,1553031168,1553031168,0,12668092416,0,0.42
2026-08-28T08:56:17.967Z,8050.07,1553031168,1553031168,0,12676038656,0,0.35
2026-08-28T08:56:27.967Z,8060.07,1553031168,1553031168,0,12683157504,0,0.3
2026-08-28T08:56:37.967Z,8070.07,1553031168,1553031168,0,12679028736,0,0.25
2026-08-28T08:56:47.967Z,8080.07,1553031168,1553031168,0,12667895808,0,0.29
2026-08-28T08:56:57.967Z,8090.07,1553031168,1553031168,0,12675477504,0,0.4
2026-08-28T08:57:07.967Z,8100.07,1553031168,1553031168,0,12676403200,0,0.34
2026-08-28T08:57:17.967Z,8110.07,1553031168,1553031168,0,12670750720,0,0.28
2026-08-28T08:57:27.967Z,8120.07,1553031168,1553031168,0,12668215296,0,0.24
2026-08-28T08:57:37.967Z,8130.07,1553031168,1553031168,0,12672188416,0,0.2
2026-08-28T08:57:47.967Z,8140.07,1553031168,1553031168,0,12675571712,0,0.32
2026-08-28T08:57:57.967Z,8150.07,1553031168,1553031168,0,12671905792,0,0.35
2026-08-28T08:58:07.967Z,8160.07,1553031168,1553031168,0,12672643072,0,0.44
2026-08-28T08:58:17.967Z,8170.07,1553031168,1553031168,0,12673081344,0,0.52
2026-08-28T08:58:27.967Z,8180.07,1553031168,1553031168,0,12664328192,0,0.44
2026-08-28T08:58:37.967Z,8190.07,1553031168,1553031168,0,12672593920,0,0.45
2026-08-28T08:58:47.967Z,8200.07,1553031168,1553031168,0,12672823296,0,0.46
2026-08-28T08:58:57.967Z,8210.07,1553031168,1553031168,0,12666437632,0,0.39
2026-08-28T08:59:07.967Z,8220.07,1553031168,1553031168,0,12660166656,0,0.41
2026-08-28T08:59:17.967Z,8230.07,1553031168,1553031168,0,12675735552,0,0.42
2026-08-28T08:59:27.967Z,8240.07,1553031168,1553031168,0,12676370432,0,0.51
2026-08-28T08:59:37.967Z,8250.07,1553031168,1553031168,0,12679458816,0,0.51
2026-08-28T08:59:47.967Z,8260.07,1553031168,1553031168,0,12663181312,0,0.43
2026-08-28T08:59:57.968Z,8270.071,1553031168,1553031168,0,12664102912,0,0.44
2026-08-28T09:00:07.968Z,8280.071,1553031168,1553031168,0,12668747776,0,0.38
2026-08-28T09:00:17.968Z,8290.071,1553031168,1553031168,0,12663545856,0,0.32
2026-08-28T09:00:27.968Z,8300.071,1553031168,1553031168,0,12672692224,0,0.27
2026-08-28T09:00:37.968Z,8310.071,1553031168,1553031168,0,12675854336,0,0.3
2026-08-28T09:00:47.968Z,8320.071,1553031168,1553031168,0,12669206528,0,0.25
2026-08-28T09:00:57.968Z,8330.071,1553031168,1553031168,0,12675153920,0,0.21
2026-08-28T09:01:07.968Z,8340.071,1553031168,1553031168,0,12667965440,0,0.41
2026-08-28T09:01:17.968Z,8350.071,1553031168,1553031168,0,12675727360,0,0.5
2026-08-28T09:01:27.968Z,8360.071,1553031168,1553031168,0,12670914560,0,0.5
2026-08-28T09:01:37.968Z,8370.071,1553031168,1553031168,0,12674863104,0,0.5
2026-08-28T09:01:47.968Z,8380.071,1553031168,1553031168,0,12674912256,0,0.42
2026-08-28T09:01:57.968Z,8390.071,1553031168,1553031168,0,12666249216,0,0.36
2026-08-28T09:02:07.968Z,8400.071,1553031168,1553031168,0,12673466368,0,0.46
2026-08-28T09:02:17.968Z,8410.071,1553031168,1553031168,0,12665208832,0,0.47
2026-08-28T09:02:27.968Z,8420.071,1553031168,1553031168,0,12679741440,0,0.39
2026-08-28T09:02:37.968Z,8430.071,1553031168,1553031168,0,12657283072,0,0.41
2026-08-28T09:02:47.968Z,8440.071,1553031168,1553031168,0,12671836160,0,0.58
2026-08-28T09:02:57.968Z,8450.071,1553031168,1553031168,0,12671631360,0,0.72
2026-08-28T09:03:07.968Z,8460.071,1553031168,1553031168,0,12670586880,0,0.69
2026-08-28T09:03:17.968Z,8470.071,1553031168,1553031168,0,12666355712,0,0.58
2026-08-28T09:03:27.968Z,8480.071,1553031168,1553031168,0,12669358080,0,0.49
2026-08-28T09:03:37.968Z,8490.071,1553031168,1553031168,0,12675706880,0,0.49
2026-08-28T09:03:47.968Z,8500.071,1553043456,1553043456,0,12669095936,0,0.41
2026-08-28T09:03:57.968Z,8510.071,1553043456,1553043456,0,12673929216,0,0.35
2026-08-28T09:04:07.968Z,8520.071,1553043456,1553043456,0,12676325376,0,0.3
2026-08-28T09:04:17.968Z,8530.071,1553043456,1553043456,0,12677705728,0,0.33
2026-08-28T09:04:27.968Z,8540.071,1553043456,1553043456,0,12672798720,0,0.36
2026-08-28T09:04:37.968Z,8550.071,1553043456,1553043456,0,12671287296,0,0.38
2026-08-28T09:04:47.968Z,8560.071,1553043456,1553043456,0,12683268096,0,0.4
2026-08-28T09:04:57.968Z,8570.071,1553043456,1553043456,0,12670259200,0,0.56
2026-08-28T09:05:07.969Z,8580.072,1553043456,1553043456,0,12671868928,0,0.55
2026-08-28T09:05:17.968Z,8590.071,1553043456,1553043456,0,12670144512,0,0.47
2026-08-28T09:05:27.968Z,8600.071,1553043456,1553043456,0,12664639488,0,0.39
2026-08-28T09:05:37.968Z,8610.071,1553043456,1553043456,0,12676083712,0,0.33
2026-08-28T09:05:47.968Z,8620.071,1553043456,1553043456,0,12668145664,0,0.36
2026-08-28T09:05:57.968Z,8630.071,1553043456,1553043456,0,12670779392,0,0.37
2026-08-28T09:06:07.968Z,8640.071,1553043456,1553043456,0,12672806912,0,0.4
2026-08-28T09:06:17.968Z,8650.071,1553043456,1553043456,0,12673024000,0,0.42
2026-08-28T09:06:27.968Z,8660.071,1553043456,1553043456,0,12669665280,0,0.5
2026-08-28T09:06:37.968Z,8670.071,1553043456,1553043456,0,12671442944,0,0.5
2026-08-28T09:06:47.968Z,8680.071,1553043456,1553043456,0,12671000576,0,0.42
2026-08-28T09:06:57.968Z,8690.071,1553043456,1553043456,0,12662476800,0,0.35
2026-08-28T09:07:07.968Z,8700.071,1553043456,1553043456,0,12663951360,0,0.45
2026-08-28T09:07:17.968Z,8710.071,1553043456,1553043456,0,12668903424,0,0.46
2026-08-28T09:07:27.968Z,8720.071,1553043456,1553043456,0,12671455232,0,0.39
2026-08-28T09:07:37.968Z,8730.071,1553043456,1553043456,0,12671655936,0,0.41
2026-08-28T09:07:47.968Z,8740.071,1553043456,1553043456,0,12672172032,0,0.5
2026-08-28T09:07:57.968Z,8750.071,1553043456,1553043456,0,12659445760,0,0.43
2026-08-28T09:08:07.968Z,8760.071,1553043456,1553043456,0,12674318336,0,0.36
2026-08-28T09:08:17.968Z,8770.071,1553043456,1553043456,0,12674891776,0,0.3
2026-08-28T09:08:27.968Z,8780.071,1553043456,1553043456,0,12674093056,0,0.26
2026-08-28T09:08:37.968Z,8790.071,1553043456,1553043456,0,12668985344,0,0.22
2026-08-28T09:08:47.968Z,8800.071,1553043456,1553043456,0,12675981312,0,0.34
2026-08-28T09:08:57.968Z,8810.071,1553043456,1553043456,0,12667322368,0,0.29
2026-08-28T09:09:07.968Z,8820.071,1553043456,1553043456,0,12671160320,0,0.24
2026-08-28T09:09:17.968Z,8830.071,1553043456,1553043456,0,12673761280,0,0.2
2026-08-28T09:09:27.968Z,8840.071,1553043456,1553043456,0,12678942720,0,0.25
2026-08-28T09:09:37.968Z,8850.071,1553043456,1553043456,0,12676415488,0,0.29
2026-08-28T09:09:47.968Z,8860.071,1553043456,1553043456,0,12680806400,0,0.24
2026-08-28T09:09:57.968Z,8870.071,1553043456,1553043456,0,12673183744,0,0.2
2026-08-28T09:10:07.968Z,8880.071,1553965056,1553965056,0,12664258560,0,0.17
2026-08-28T09:10:17.968Z,8890.071,1554067456,1554067456,0,12671713280,0,0.23
2026-08-28T09:10:27.967Z,8900.07,1554067456,1554067456,0,12670611456,0,0.19
2026-08-28T09:10:37.968Z,8910.071,1554579456,1554579456,0,12666327040,0,0.16
2026-08-28T09:10:47.968Z,8920.071,1554579456,1554579456,0,12670509056,0,0.14
2026-08-28T09:10:57.968Z,8930.071,1554579456,1554579456,0,12671029248,0,0.11
2026-08-28T09:11:07.968Z,8940.071,1554579456,1554579456,0,12671266816,0,0.26
2026-08-28T09:11:17.968Z,8950.071,1554579456,1554579456,0,12673662976,0,0.29
2026-08-28T09:11:27.968Z,8960.071,1554579456,1554579456,0,12677619712,0,0.25
2026-08-28T09:11:37.968Z,8970.071,1554579456,1554579456,0,12651425792,0,0.29
2026-08-28T09:11:47.968Z,8980.071,1554579456,1554579456,0,12663570432,0,0.32
2026-08-28T09:11:57.968Z,8990.071,1554579456,1554579456,0,12675629056,0,0.35
2026-08-28T09:12:07.968Z,9000.071,1554579456,1554579456,0,12663603200,0,0.37
2026-08-28T09:12:17.968Z,9010.071,1554579456,1554579456,0,12666724352,0,0.4
2026-08-28T09:12:27.968Z,9020.071,1554579456,1554579456,0,12677398528,0,0.33
2026-08-28T09:12:37.968Z,9030.071,1554579456,1554579456,0,12670492672,0,0.28
2026-08-28T09:12:47.968Z,9040.071,1554579456,1554579456,0,12669259776,0,0.32
2026-08-28T09:12:57.968Z,9050.071,1554579456,1554579456,0,12673347584,0,0.34
2026-08-28T09:13:07.968Z,9060.071,1554579456,1554579456,0,12673372160,0,0.29
2026-08-28T09:13:17.968Z,9070.071,1554669568,1554669568,0,12666978304,0,0.25
2026-08-28T09:13:27.968Z,9080.071,1554669568,1554669568,0,12677476352,0,0.21
2026-08-28T09:13:37.968Z,9090.071,1554669568,1554669568,0,12672208896,0,0.4
2026-08-28T09:13:47.968Z,9100.071,1555263488,1555263488,0,12666998784,0,0.42
2026-08-28T09:13:57.968Z,9110.071,1555263488,1555263488,0,12676898816,0,0.43
2026-08-28T09:14:07.968Z,9120.071,1557565440,1557565440,0,12666261504,0,0.36
2026-08-28T09:14:17.967Z,9130.07,1559334912,1559334912,0,12667191296,0,0.3
2026-08-28T09:14:27.968Z,9140.071,1560408064,1560408064,0,12671770624,0,0.26
2026-08-28T09:14:37.968Z,9150.071,1561829376,1561829376,0,12667437056,0,0.38
2026-08-28T09:14:47.968Z,9160.071,1562353664,1562353664,0,12653232128,0,0.32
2026-08-28T09:14:57.968Z,9170.071,1562353664,1562353664,0,12663189504,0,0.34
2026-08-28T09:15:07.968Z,9180.071,1562353664,1562353664,0,12669419520,0,0.29
2026-08-28T09:15:17.968Z,9190.071,1563090944,1563090944,0,12662448128,0,0.25
2026-08-28T09:15:27.969Z,9200.072,1564524544,1564524544,0,12662894592,0,0.36
2026-08-28T09:15:37.969Z,9210.072,1565048832,1565048832,0,12656590848,0,0.31
2026-08-28T09:15:47.969Z,9220.072,1565696000,1565696000,0,12659789824,0,0.33
2026-08-28T09:15:57.969Z,9230.072,1567784960,1567784960,0,12655792128,0,0.28
2026-08-28T09:16:07.969Z,9240.072,1568358400,1568358400,0,12658450432,0,0.32
2026-08-28T09:16:17.969Z,9250.072,1568739328,1568739328,0,12636069888,0,0.34
2026-08-28T09:16:27.969Z,9260.072,1569878016,1569878016,0,12659593216,0,0.29
2026-08-28T09:16:37.969Z,9270.072,1570197504,1570197504,0,12657737728,0,0.32
2026-08-28T09:16:47.970Z,9280.073,1570721792,1570721792,0,12651151360,0,0.27
2026-08-28T09:16:57.969Z,9290.072,1572167680,1572167680,0,12647161856,0,0.31
2026-08-28T09:17:07.969Z,9300.072,1574506496,1574506496,0,12652044288,0,0.34
2026-08-28T09:17:17.969Z,9310.072,1574518784,1574518784,0,12643635200,0,0.36
2026-08-28T09:17:27.969Z,9320.072,1574518784,1574518784,0,12649725952,0,0.38
2026-08-28T09:17:37.969Z,9330.072,1575727104,1575727104,0,12651270144,0,0.4
2026-08-28T09:17:47.969Z,9340.072,1576476672,1576476672,0,12643733504,0,0.49
2026-08-28T09:17:57.969Z,9350.072,1576476672,1576476672,0,12647563264,0,0.49
2026-08-28T09:18:07.969Z,9360.072,1576476672,1576476672,0,12642443264,0,0.57
2026-08-28T09:18:17.969Z,9370.072,1576488960,1576488960,0,12643745792,0,0.48
2026-08-28T09:18:27.969Z,9380.072,1578041344,1578041344,0,12644675584,0,0.48
2026-08-28T09:18:37.969Z,9390.072,1580347392,1580347392,0,12649529344,0,0.41
2026-08-28T09:18:47.969Z,9400.072,1580347392,1580347392,0,12646146048,0,0.42
2026-08-28T09:18:57.969Z,9410.072,1580544000,1580544000,0,12642578432,0,0.43
2026-08-28T09:19:07.969Z,9420.072,1582272512,1582272512,0,12641914880,0,0.45
2026-08-28T09:19:17.969Z,9430.072,1583206400,1583206400,0,12647677952,0,0.38
2026-08-28T09:19:27.969Z,9440.072,1583206400,1583206400,0,12644659200,0,0.32
2026-08-28T09:19:37.969Z,9450.072,1584062464,1584062464,0,12642222080,0,0.34
2026-08-28T09:19:47.969Z,9460.072,1586610176,1586610176,0,12637462528,0,0.37
2026-08-28T09:19:57.969Z,9470.072,1589600256,1589600256,0,12632952832,0,0.39
2026-08-28T09:20:07.969Z,9480.072,1591582720,1591582720,0,12639625216,0,0.33
2026-08-28T09:20:17.969Z,9490.072,1591582720,1591582720,0,12630777856,0,0.35
2026-08-28T09:20:27.969Z,9500.072,1593016320,1593016320,0,12620689408,0,0.37
2026-08-28T09:20:37.969Z,9510.072,1593278464,1593278464,0,12633194496,0,0.39
2026-08-28T09:20:47.970Z,9520.073,1594904576,1594904576,0,12639686656,0,0.33
2026-08-28T09:20:57.970Z,9530.073,1594904576,1594904576,0,12633292800,0,0.35
2026-08-28T09:21:07.970Z,9540.073,1594916864,1594916864,0,12630417408,0,0.53
2026-08-28T09:21:17.970Z,9550.073,1594916864,1594916864,0,12635615232,0,0.6
2026-08-28T09:21:27.970Z,9560.073,1594916864,1594916864,0,12630499328,0,0.59
2026-08-28T09:21:37.970Z,9570.073,1594916864,1594916864,0,12624900096,0,0.58
2026-08-28T09:21:47.970Z,9580.073,1594916864,1594916864,0,12636868608,0,0.49
2026-08-28T09:21:57.970Z,9590.073,1594982400,1594982400,0,12632866816,0,0.49
2026-08-28T09:22:07.970Z,9600.073,1594982400,1594982400,0,12632559616,0,0.42
2026-08-28T09:22:17.970Z,9610.073,1595494400,1595494400,0,12626059264,0,0.43
2026-08-28T09:22:27.970Z,9620.073,1597198336,1597198336,0,12630556672,0,0.37
2026-08-28T09:22:37.970Z,9630.073,1597800448,1597800448,0,12625018880,0,0.31
2026-08-28T09:22:47.970Z,9640.073,1597812736,1597812736,0,12624756736,0,0.42
2026-08-28T09:22:57.971Z,9650.074,1597812736,1597812736,0,12627165184,0,0.44
2026-08-28T09:23:07.971Z,9660.074,1599438848,1599438848,0,12631359488,0,0.44
2026-08-28T09:23:17.971Z,9670.074,1599438848,1599438848,0,12623912960,0,0.52
2026-08-28T09:23:27.971Z,9680.074,1599438848,1599438848,0,12610351104,0,0.52
2026-08-28T09:23:37.972Z,9690.075,1599438848,1599438848,0,12618326016,0,0.52
2026-08-28T09:23:47.971Z,9700.074,1600360448,1600360448,0,12623667200,0,0.44
2026-08-28T09:23:57.970Z,9710.073,1600360448,1600360448,0,12616175616,0,0.45
2026-08-28T09:24:07.971Z,9720.074,1601277952,1601277952,0,12624801792,0,0.38
2026-08-28T09:24:17.971Z,9730.074,1601277952,1601277952,0,12621373440,0,0.4
2026-08-28T09:24:27.971Z,9740.074,1601277952,1601277952,0,12622753792,0,0.42
2026-08-28T09:24:37.971Z,9750.074,1601277952,1601277952,0,12617879552,0,0.51
2026-08-28T09:24:47.971Z,9760.074,1602211840,1602211840,0,12631990272,0,0.43
2026-08-28T09:24:57.972Z,9770.075,1602211840,1602211840,0,12626669568,0,0.36
2026-08-28T09:25:07.972Z,9780.075,1602211840,1602211840,0,12616536064,0,0.31
2026-08-28T09:25:17.972Z,9790.075,1604366336,1604366336,0,12599361536,0,0.41
2026-08-28T09:25:27.972Z,9800.075,1604378624,1604378624,0,12617375744,0,0.43
2026-08-28T09:25:37.972Z,9810.075,1604378624,1604378624,0,12620083200,0,0.52
2026-08-28T09:25:47.971Z,9820.074,1604378624,1604378624,0,12616245248,0,0.51
2026-08-28T09:25:57.972Z,9830.075,1604378624,1604378624,0,12613664768,0,0.43
2026-08-28T09:26:07.972Z,9840.075,1604378624,1604378624,0,12619296768,0,0.59
2026-08-28T09:26:17.972Z,9850.075,1604378624,1604378624,0,12615032832,0,0.58
2026-08-28T09:26:27.972Z,9860.075,1604378624,1604378624,0,12615966720,0,0.57
2026-08-28T09:26:37.972Z,9870.075,1604378624,1604378624,0,12624797696,0,0.48
2026-08-28T09:26:47.972Z,9880.075,1605283840,1605283840,0,12626530304,0,0.41
2026-08-28T09:26:57.972Z,9890.075,1605988352,1605988352,0,12620140544,0,0.42
2026-08-28T09:27:07.972Z,9900.075,1606193152,1606193152,0,12617154560,0,0.44
2026-08-28T09:27:17.972Z,9910.075,1606193152,1606193152,0,12616990720,0,0.44
2026-08-28T09:27:27.972Z,9920.075,1606193152,1606193152,0,12613582848,0,0.38
2026-08-28T09:27:37.972Z,9930.075,1606193152,1606193152,0,12620836864,0,0.32
2026-08-28T09:27:47.972Z,9940.075,1606193152,1606193152,0,12611424256,0,0.5
2026-08-28T09:27:57.972Z,9950.075,1606193152,1606193152,0,12621389824,0,0.57
2026-08-28T09:28:07.972Z,9960.075,1606909952,1606909952,0,12627124224,0,0.49
2026-08-28T09:28:17.973Z,9970.076,1606909952,1606909952,0,12617625600,0,0.41
2026-08-28T09:28:27.973Z,9980.076,1608753152,1608753152,0,12619550720,0,0.42
2026-08-28T09:28:37.973Z,9990.076,1608753152,1608753152,0,12621881344,0,0.44
2026-08-28T09:28:47.974Z,10000.077,1608753152,1608753152,0,12617953280,0,0.45
2026-08-28T09:28:57.974Z,10010.077,1609687040,1609687040,0,12615917568,0,0.46
2026-08-28T09:29:07.974Z,10020.077,1609687040,1609687040,0,12617523200,0,0.54
2026-08-28T09:29:17.974Z,10030.077,1609687040,1609687040,0,12621139968,0,0.46
2026-08-28T09:29:27.974Z,10040.077,1609687040,1609687040,0,12610367488,0,0.47
2026-08-28T09:29:37.974Z,10050.077,1609687040,1609687040,0,12618567680,0,0.4
2026-08-28T09:29:47.974Z,10060.077,1609687040,1609687040,0,12612378624,0,0.34
2026-08-28T09:29:57.974Z,10070.077,1609687040,1609687040,0,12612952064,0,0.28
2026-08-28T09:30:07.974Z,10080.077,1609687040,1609687040,0,12618465280,0,0.24
2026-08-28T09:30:17.974Z,10090.077,1609687040,1609687040,0,12606382080,0,0.36
2026-08-28T09:30:27.974Z,10100.077,1609687040,1609687040,0,12608557056,0,0.3
2026-08-28T09:30:37.974Z,10110.077,1609687040,1609687040,0,12616409088,0,0.41
2026-08-28T09:30:47.974Z,10120.077,1609687040,1609687040,0,12611104768,0,0.42
2026-08-28T09:30:57.974Z,10130.077,1609687040,1609687040,0,12611842048,0,0.35
2026-08-28T09:31:07.975Z,10140.078,1609687040,1609687040,0,12619165696,0,0.37
2026-08-28T09:31:17.975Z,10150.078,1609687040,1609687040,0,12619976704,0,0.62
2026-08-28T09:31:27.975Z,10160.078,1609687040,1609687040,0,12616716288,0,0.76
2026-08-28T09:31:37.975Z,10170.078,1609687040,1609687040,0,12613238784,0,0.71
2026-08-28T09:31:47.975Z,10180.078,1609687040,1609687040,0,12598775808,0,0.68
2026-08-28T09:31:57.975Z,10190.078,1609687040,1609687040,0,12608585728,0,0.65
2026-08-28T09:32:07.975Z,10200.078,1610612736,1610612736,0,12601278464,0,0.63
2026-08-28T09:32:17.976Z,10210.079,1610612736,1610612736,0,12615938048,0,0.6
2026-08-28T09:32:27.976Z,10220.079,1610612736,1610612736,0,12612706304,0,0.51
2026-08-28T09:32:37.976Z,10230.079,1610612736,1610612736,0,12613566464,0,0.43
2026-08-28T09:32:47.976Z,10240.079,1610612736,1610612736,0,12611665920,0,0.44
2026-08-28T09:32:57.976Z,10250.079,1610612736,1610612736,0,12609097728,0,0.45
2026-08-28T09:33:07.976Z,10260.079,1610612736,1610612736,0,12604063744,0,0.93
2026-08-28T09:33:17.976Z,10270.079,1610612736,1610612736,0,12615331840,0,0.79
2026-08-28T09:33:27.976Z,10280.079,1610612736,1610612736,0,12615606272,0,0.67
2026-08-28T09:33:37.976Z,10290.079,1610612736,1610612736,0,12611051520,0,0.56
2026-08-28T09:33:47.976Z,10300.079,1610612736,1610612736,0,12620427264,0,0.55
2026-08-28T09:33:57.976Z,10310.079,1611534336,1611534336,0,12609445888,0,0.46
2026-08-28T09:34:07.976Z,10320.079,1611546624,1611546624,0,12610293760,0,0.39
2026-08-28T09:34:17.976Z,10330.079,1613684736,1613684736,0,12614197248,0,0.33
2026-08-28T09:34:27.975Z,10340.078,1614196736,1614196736,0,12610658304,0,0.43
2026-08-28T09:34:37.976Z,10350.079,1615835136,1615835136,0,12603502592,0,0.44
2026-08-28T09:34:47.976Z,10360.079,1616035840,1616035840,0,12602691584,0,0.37
2026-08-28T09:34:57.977Z,10370.08,1616125952,1616125952,0,12606976000,0,0.39
2026-08-28T09:35:07.979Z,10380.082,1616637952,1616637952,0,12604977152,0,0.4
2026-08-28T09:35:17.978Z,10390.081,1616637952,1616637952,0,12598087680,0,0.42
2026-08-28T09:35:27.978Z,10400.081,1616637952,1616637952,0,12604010496,0,0.44
2026-08-28T09:35:37.978Z,10410.081,1616637952,1616637952,0,12607864832,0,0.37
2026-08-28T09:35:47.978Z,10420.081,1617350656,1617350656,0,12591656960,0,0.39
2026-08-28T09:35:57.978Z,10430.081,1617350656,1617350656,0,12603916288,0,0.33
2026-08-28T09:36:07.979Z,10440.082,1617350656,1617350656,0,12608176128,0,0.28
2026-08-28T09:36:17.978Z,10450.081,1617350656,1617350656,0,12609413120,0,0.24
2026-08-28T09:36:27.977Z,10460.08,1617350656,1617350656,0,12607254528,0,0.2
2026-08-28T09:36:37.978Z,10470.081,1617350656,1617350656,0,12616843264,0,0.17
2026-08-28T09:36:47.978Z,10480.081,1618276352,1618276352,0,12602245120,0,0.22
2026-08-28T09:36:57.977Z,10490.08,1618288640,1618288640,0,12611837952,0,0.34
2026-08-28T09:37:07.978Z,10500.081,1618288640,1618288640,0,12605394944,0,0.29
2026-08-28T09:37:17.979Z,10510.082,1618989056,1618989056,0,12610228224,0,0.4
2026-08-28T09:37:27.978Z,10520.081,1618989056,1618989056,0,12598992896,0,0.34
2026-08-28T09:37:37.978Z,10530.081,1618989056,1618989056,0,12608397312,0,0.29
2026-08-28T09:37:47.980Z,10540.083,1618989056,1618989056,0,12604874752,0,0.24
2026-08-28T09:37:57.979Z,10550.082,1618989056,1618989056,0,12601831424,0,0.36
2026-08-28T09:38:07.980Z,10560.083,1619914752,1619914752,0,12599640064,0,0.38
2026-08-28T09:38:17.979Z,10570.082,1619914752,1619914752,0,12613337088,0,0.47
2026-08-28T09:38:27.979Z,10580.082,1619914752,1619914752,0,12602806272,0,0.48
2026-08-28T09:38:37.979Z,10590.082,1619914752,1619914752,0,12607643648,0,0.81
2026-08-28T09:38:47.979Z,10600.082,1619914752,1619914752,0,12600930304,0,0.76
2026-08-28T09:38:57.980Z,10610.083,1619914752,1619914752,0,12600406016,0,0.93
2026-08-28T09:39:07.979Z,10620.082,1619927040,1619927040,0,12600446976,0,0.95
2026-08-28T09:39:17.979Z,10630.082,1619927040,1619927040,0,12601643008,0,0.8
2026-08-28T09:39:27.980Z,10640.083,1621348352,1621348352,0,12595249152,0,0.75
2026-08-28T09:39:37.979Z,10650.082,1621348352,1621348352,0,12606832640,0,0.79
2026-08-28T09:39:47.978Z,10660.081,1621348352,1621348352,0,12603482112,0,0.83
2026-08-28T09:39:57.979Z,10670.082,1621872640,1621872640,0,12596805632,0,0.86
2026-08-28T09:40:07.980Z,10680.083,1621872640,1621872640,0,12598996992,0,0.8
2026-08-28T09:40:17.979Z,10690.082,1621872640,1621872640,0,12607569920,0,0.68
2026-08-28T09:40:27.980Z,10700.083,1623703552,1623703552,0,12601004032,0,0.57
2026-08-28T09:40:37.980Z,10710.083,1623703552,1623703552,0,12596817920,0,0.64
2026-08-28T09:40:47.979Z,10720.082,1623715840,1623715840,0,12600176640,0,0.54
2026-08-28T09:40:57.979Z,10730.082,1623715840,1623715840,0,12589674496,0,0.46
2026-08-28T09:41:07.979Z,10740.082,1623715840,1623715840,0,12587487232,0,0.62
2026-08-28T09:41:17.979Z,10750.082,1623715840,1623715840,0,12597735424,0,0.69
2026-08-28T09:41:27.979Z,10760.082,1623715840,1623715840,0,12593983488,0,0.58
2026-08-28T09:41:37.979Z,10770.082,1623715840,1623715840,0,12607733760,0,0.49
2026-08-28T09:41:47.979Z,10780.082,1623715840,1623715840,0,12605075456,0,0.41
2026-08-28T09:41:57.979Z,10790.082,1623715840,1623715840,0,12600188928,0,0.35
2026-08-28T09:42:07.980Z,10800.083,1623715840,1623715840,0,12585541632,0,0.3
2026-08-28T09:42:17.980Z,10810.083,1623715840,1623715840,0,12600532992,0,0.33
2026-08-28T09:42:27.979Z,10820.082,1623715840,1623715840,0,12601171968,0,0.28
2026-08-28T09:42:37.979Z,10830.082,1623715840,1623715840,0,12597874688,0,0.24
2026-08-28T09:42:47.979Z,10840.082,1623715840,1623715840,0,12599980032,0,0.35
2026-08-28T09:42:57.979Z,10850.082,1623715840,1623715840,0,12604755968,0,0.37
2026-08-28T09:43:07.980Z,10860.083,1623715840,1623715840,0,12592570368,0,0.31
2026-08-28T09:43:17.979Z,10870.082,1624416256,1624416256,0,12594696192,0,0.34
2026-08-28T09:43:27.979Z,10880.082,1624416256,1624416256,0,12598947840,0,0.36
2026-08-28T09:43:37.979Z,10890.082,1624416256,1624416256,0,12602257408,0,0.31
2026-08-28T09:43:47.979Z,10900.082,1624416256,1624416256,0,12602126336,0,0.34
2026-08-28T09:43:57.979Z,10910.082,1624416256,1624416256,0,12598501376,0,0.45
2026-08-28T09:44:07.979Z,10920.082,1624416256,1624416256,0,12593602560,0,0.38
2026-08-28T09:44:17.980Z,10930.083,1624416256,1624416256,0,12600184832,0,0.47
2026-08-28T09:44:27.980Z,10940.083,1624416256,1624416256,0,12598493184,0,0.55
2026-08-28T09:44:37.979Z,10950.082,1624416256,1624416256,0,12595441664,0,0.54
2026-08-28T09:44:47.979Z,10960.082,1624416256,1624416256,0,12602187776,0,0.53
2026-08-28T09:44:57.979Z,10970.082,1624416256,1624416256,0,12606218240,0,0.45
2026-08-28T09:45:07.979Z,10980.082,1624416256,1624416256,0,12598751232,0,0.38
2026-08-28T09:45:17.979Z,10990.082,1624416256,1624416256,0,12595113984,0,0.4
2026-08-28T09:45:27.979Z,11000.082,1624416256,1624416256,0,12598353920,0,0.41
2026-08-28T09:45:37.980Z,11010.083,1624416256,1624416256,0,12593287168,0,0.43
2026-08-28T09:45:47.979Z,11020.082,1624416256,1624416256,0,12600373248,0,0.44
2026-08-28T09:45:57.979Z,11030.082,1624416256,1624416256,0,12606918656,0,0.37
2026-08-28T09:46:07.979Z,11040.082,1624416256,1624416256,0,12601503744,0,0.47
2026-08-28T09:46:17.979Z,11050.082,1624416256,1624416256,0,12594503680,0,0.48
2026-08-28T09:46:27.979Z,11060.082,1624416256,1624416256,0,12595924992,0,0.4
2026-08-28T09:46:37.979Z,11070.082,1624416256,1624416256,0,12609847296,0,0.34
2026-08-28T09:46:47.979Z,11080.082,1624416256,1624416256,0,12603715584,0,0.29
2026-08-28T09:46:57.979Z,11090.082,1624416256,1624416256,0,12592259072,0,0.24
2026-08-28T09:47:07.979Z,11100.082,1624416256,1624416256,0,12604035072,0,0.21
2026-08-28T09:47:17.980Z,11110.083,1624416256,1624416256,0,12589527040,0,0.17
2026-08-28T09:47:27.979Z,11120.082,1624416256,1624416256,0,12604039168,0,0.15
2026-08-28T09:47:37.980Z,11130.083,1624416256,1624416256,0,12602462208,0,0.2
2026-08-28T09:47:47.979Z,11140.082,1624416256,1624416256,0,12594659328,0,0.31
2026-08-28T09:47:57.979Z,11150.082,1624416256,1624416256,0,12597485568,0,0.42
2026-08-28T09:48:07.979Z,11160.082,1624416256,1624416256,0,12601085952,0,0.51
2026-08-28T09:48:17.980Z,11170.083,1624416256,1624416256,0,12589969408,0,0.5
2026-08-28T09:48:27.979Z,11180.082,1624416256,1624416256,0,12608528384,0,0.43
2026-08-28T09:48:37.979Z,11190.082,1624416256,1624416256,0,12601384960,0,0.43
2026-08-28T09:48:47.979Z,11200.082,1624416256,1624416256,0,12598104064,0,0.37
2026-08-28T09:48:57.980Z,11210.083,1624416256,1624416256,0,12596817920,0,0.31
2026-08-28T09:49:07.979Z,11220.082,1624416256,1624416256,0,12600107008,0,0.42
2026-08-28T09:49:17.980Z,11230.083,1624416256,1624416256,0,12608917504,0,0.35
2026-08-28T09:49:27.979Z,11240.082,1624416256,1624416256,0,12592095232,0,0.38
2026-08-28T09:49:37.980Z,11250.083,1624416256,1624416256,0,12603215872,0,0.39
2026-08-28T09:49:47.979Z,11260.082,1624416256,1624416256,0,12601548800,0,0.41
2026-08-28T09:49:57.978Z,11270.081,1624416256,1624416256,0,12593831936,0,0.35
2026-08-28T09:50:07.979Z,11280.082,1624416256,1624416256,0,12607922176,0,0.29
2026-08-28T09:50:17.980Z,11290.083,1624416256,1624416256,0,12599840768,0,0.25
2026-08-28T09:50:27.979Z,11300.082,1624416256,1624416256,0,12601257984,0,0.21
2026-08-28T09:50:37.980Z,11310.083,1624416256,1624416256,0,12603609088,0,0.26
2026-08-28T09:50:47.980Z,11320.083,1625427968,1625427968,0,12599619584,0,0.3
2026-08-28T09:50:57.980Z,11330.083,1625427968,1625427968,0,12603936768,0,0.33
2026-08-28T09:51:07.980Z,11340.083,1625440256,1625440256,0,12589383680,0,0.35
2026-08-28T09:51:17.980Z,11350.083,1625440256,1625440256,0,12592824320,0,0.59
2026-08-28T09:51:27.980Z,11360.083,1625440256,1625440256,0,12597506048,0,0.5
2026-08-28T09:51:37.981Z,11370.084,1625440256,1625440256,0,12590280704,0,0.43
2026-08-28T09:51:47.981Z,11380.084,1625440256,1625440256,0,12593790976,0,0.36
2026-08-28T09:51:57.980Z,11390.083,1625440256,1625440256,0,12600860672,0,0.38
2026-08-28T09:52:07.981Z,11400.084,1625440256,1625440256,0,12600569856,0,0.32
2026-08-28T09:52:17.980Z,11410.083,1625440256,1625440256,0,12588355584,0,0.27
2026-08-28T09:52:27.980Z,11420.083,1625440256,1625440256,0,12599844864,0,0.23
2026-08-28T09:52:37.981Z,11430.084,1625440256,1625440256,0,12599869440,0,0.2
2026-08-28T09:52:47.980Z,11440.083,1625440256,1625440256,0,12596404224,0,0.32
2026-08-28T09:52:57.981Z,11450.084,1625440256,1625440256,0,12599164928,0,0.34
2026-08-28T09:53:07.981Z,11460.084,1625440256,1625440256,0,12603006976,0,0.29
2026-08-28T09:53:17.981Z,11470.084,1625440256,1625440256,0,12586217472,0,0.32
2026-08-28T09:53:27.981Z,11480.084,1625440256,1625440256,0,12603965440,0,0.27
2026-08-28T09:53:37.982Z,11490.085,1625440256,1625440256,0,12600291328,0,0.38
2026-08-28T09:53:47.982Z,11500.085,1625440256,1625440256,0,12592291840,0,0.32
2026-08-28T09:53:57.982Z,11510.085,1625440256,1625440256,0,12604727296,0,0.27
2026-08-28T09:54:07.982Z,11520.085,1625440256,1625440256,0,12605009920,0,0.23
2026-08-28T09:54:17.981Z,11530.084,1625440256,1625440256,0,12593508352,0,0.2
2026-08-28T09:54:27.982Z,11540.085,1625440256,1625440256,0,12600623104,0,0.25
2026-08-28T09:54:37.982Z,11550.085,1625440256,1625440256,0,12608184320,0,0.28
2026-08-28T09:54:47.982Z,11560.085,1625440256,1625440256,0,12604432384,0,0.24
2026-08-28T09:54:57.982Z,11570.085,1625440256,1625440256,0,12597751808,0,0.28
2026-08-28T09:55:07.982Z,11580.085,1625440256,1625440256,0,12598263808,0,0.31
2026-08-28T09:55:17.982Z,11590.085,1625440256,1625440256,0,12590829568,0,0.41
2026-08-28T09:55:27.982Z,11600.085,1626345472,1626345472,0,12583288832,0,0.5
2026-08-28T09:55:37.982Z,11610.085,1626345472,1626345472,0,12593565696,0,0.5
2026-08-28T09:55:47.982Z,11620.085,1626877952,1626877952,0,12589264896,0,0.57
2026-08-28T09:55:57.982Z,11630.085,1627594752,1627594752,0,12595855360,0,0.56
2026-08-28T09:56:07.982Z,11640.085,1628811264,1628811264,0,12596600832,0,0.47
2026-08-28T09:56:17.982Z,11650.085,1628811264,1628811264,0,12598697984,0,0.48
2026-08-28T09:56:27.982Z,11660.085,1629540352,1629540352,0,12586962944,0,0.48
2026-08-28T09:56:37.982Z,11670.085,1629540352,1629540352,0,12583444480,0,0.57
2026-08-28T09:56:47.982Z,11680.085,1629847552,1629847552,0,12599582720,0,0.56
2026-08-28T09:56:57.982Z,11690.085,1630236672,1630236672,0,12586303488,0,0.55
2026-08-28T09:57:07.982Z,11700.085,1631268864,1631268864,0,12581371904,0,0.54
2026-08-28T09:57:17.982Z,11710.085,1632395264,1632395264,0,12592173056,0,0.53
2026-08-28T09:57:27.982Z,11720.085,1632407552,1632407552,0,12591235072,0,0.45
2026-08-28T09:57:37.982Z,11730.085,1632407552,1632407552,0,12598431744,0,0.38
2026-08-28T09:57:47.982Z,11740.085,1633112064,1633112064,0,12594950144,0,0.55
2026-08-28T09:57:57.982Z,11750.085,1633112064,1633112064,0,12576391168,0,0.54
2026-08-28T09:58:07.982Z,11760.085,1633112064,1633112064,0,12587130880,0,0.46
2026-08-28T09:58:17.982Z,11770.085,1635672064,1635672064,0,12586676224,0,0.39
2026-08-28T09:58:27.982Z,11780.085,1635672064,1635672064,0,12591562752,0,0.33
2026-08-28T09:58:37.982Z,11790.085,1635672064,1635672064,0,12583981056,0,0.35
2026-08-28T09:58:47.982Z,11800.085,1635672064,1635672064,0,12587417600,0,0.29
2026-08-28T09:58:57.982Z,11810.085,1635684352,1635684352,0,12588826624,0,0.32
2026-08-28T09:59:07.982Z,11820.085,1635684352,1635684352,0,12583194624,0,0.27
2026-08-28T09:59:17.982Z,11830.085,1635684352,1635684352,0,12587974656,0,0.23
2026-08-28T09:59:27.982Z,11840.085,1636388864,1636388864,0,12588908544,0,0.43
2026-08-28T09:59:37.982Z,11850.085,1637310464,1637310464,0,12577501184,0,0.44
2026-08-28T09:59:47.982Z,11860.085,1638232064,1638232064,0,12582256640,0,0.37
2026-08-28T09:59:57.982Z,11870.085,1638232064,1638232064,0,12585562112,0,0.47
2026-08-28T10:00:07.982Z,11880.085,1638232064,1638232064,0,12582498304,0,0.39
2026-08-28T10:00:17.982Z,11890.085,1638232064,1638232064,0,12578045952,0,0.41
2026-08-28T10:00:27.982Z,11900.085,1638232064,1638232064,0,12576018432,0,0.43
2026-08-28T10:00:37.982Z,11910.085,1638232064,1638232064,0,12581924864,0,0.52
2026-08-28T10:00:47.982Z,11920.085,1638232064,1638232064,0,12582338560,0,0.52
2026-08-28T10:00:57.982Z,11930.085,1638232064,1638232064,0,12581302272,0,0.44
2026-08-28T10:01:07.982Z,11940.085,1638232064,1638232064,0,12583059456,0,0.44
2026-08-28T10:01:17.982Z,11950.085,1638232064,1638232064,0,12581560320,0,0.46
2026-08-28T10:01:27.982Z,11960.085,1638232064,1638232064,0,12583837696,0,0.39
2026-08-28T10:01:37.982Z,11970.085,1638232064,1638232064,0,12573614080,0,0.33
2026-08-28T10:01:47.982Z,11980.085,1638232064,1638232064,0,12582461440,0,0.36
2026-08-28T10:01:57.982Z,11990.085,1638232064,1638232064,0,12583936000,0,0.37
2026-08-28T10:02:07.982Z,12000.085,1638232064,1638232064,0,12583612416,0,0.46
2026-08-28T10:02:17.982Z,12010.085,1638232064,1638232064,0,12577402880,0,0.47
2026-08-28T10:02:27.982Z,12020.085,1638232064,1638232064,0,12585041920,0,0.47
2026-08-28T10:02:37.982Z,12030.085,1638232064,1638232064,0,12580179968,0,0.4
2026-08-28T10:02:47.982Z,12040.085,1638232064,1638232064,0,12578615296,0,0.49
2026-08-28T10:02:57.982Z,12050.085,1639153664,1639153664,0,12587012096,0,0.49
2026-08-28T10:03:07.982Z,12060.085,1639153664,1639153664,0,12585111552,0,0.42
2026-08-28T10:03:17.982Z,12070.085,1640087552,1640087552,0,12580868096,0,0.43
2026-08-28T10:03:27.982Z,12080.085,1640087552,1640087552,0,12575825920,0,0.36
2026-08-28T10:03:37.983Z,12090.086,1632550912,1640144896,0,12586553344,0,0.3
2026-08-28T10:03:47.983Z,12100.086,1632550912,1640144896,0,12583313408,0,0.34
2026-08-28T10:03:57.983Z,12110.086,1632550912,1640144896,0,12566482944,0,0.29
2026-08-28T10:04:07.983Z,12120.086,1632550912,1640144896,0,12574171136,0,0.24
2026-08-28T10:04:17.983Z,12130.086,1632550912,1640144896,0,12566622208,0,0.58
2026-08-28T10:04:27.983Z,12140.086,1633472512,1640144896,0,12569653248,0,0.64
2026-08-28T10:04:37.983Z,12150.086,1633472512,1640144896,0,12580798464,0,0.63
2026-08-28T10:04:47.983Z,12160.086,1633472512,1640144896,0,12562300928,0,0.68
2026-08-28T10:04:57.983Z,12170.086,1634394112,1640144896,0,12570152960,0,0.81
2026-08-28T10:05:07.984Z,12180.087,1634394112,1640144896,0,12570329088,0,1.08
2026-08-28T10:05:17.983Z,12190.086,1634394112,1640144896,0,12575195136,0,0.99
2026-08-28T10:05:27.983Z,12200.086,1634394112,1640144896,0,12574085120,0,0.99
2026-08-28T10:05:37.983Z,12210.086,1634394112,1640144896,0,12566663168,0,0.92
2026-08-28T10:05:47.983Z,12220.086,1634394112,1640144896,0,12569210880,0,0.78
2026-08-28T10:05:57.983Z,12230.086,1634394112,1640144896,0,12571152384,0,0.88
2026-08-28T10:06:07.983Z,12240.086,1635303424,1640144896,0,12572880896,0,0.82
2026-08-28T10:06:17.983Z,12250.086,1636016128,1640144896,0,12577832960,0,0.7
2026-08-28T10:06:27.983Z,12260.086,1636016128,1640144896,0,12562550784,0,0.82
2026-08-28T10:06:37.983Z,12270.086,1636016128,1640144896,0,12567728128,0,0.99
2026-08-28T10:06:47.983Z,12280.086,1636225024,1640144896,0,12567871488,0,0.91
2026-08-28T10:06:57.983Z,12290.086,1636225024,1640144896,0,12567363584,0,0.93
2026-08-28T10:07:07.983Z,12300.086,1636225024,1640144896,0,12563394560,0,0.87
2026-08-28T10:07:17.983Z,12310.086,1636225024,1640144896,0,12566388736,0,0.73
2026-08-28T10:07:27.983Z,12320.086,1637142528,1640144896,0,12573253632,0,0.62
2026-08-28T10:07:37.983Z,12330.086,1637670912,1640144896,0,12574261248,0,0.52
2026-08-28T10:07:47.983Z,12340.086,1637670912,1640144896,0,12569219072,0,0.6
2026-08-28T10:07:57.983Z,12350.086,1637670912,1640144896,0,12574683136,0,0.58
2026-08-28T10:08:07.983Z,12360.086,1637670912,1640144896,0,12569473024,0,0.57
2026-08-28T10:08:17.983Z,12370.086,1637670912,1640144896,0,12565905408,0,0.48
2026-08-28T10:08:27.983Z,12380.086,1637670912,1640144896,0,12577787904,0,0.41
2026-08-28T10:08:37.983Z,12390.086,1637670912,1640144896,0,12572467200,0,0.42
2026-08-28T10:08:47.983Z,12400.086,1637670912,1640144896,0,12584374272,0,0.43
2026-08-28T10:08:57.983Z,12410.086,1637670912,1640144896,0,12572471296,0,0.52
2026-08-28T10:09:07.983Z,12420.086,1637670912,1640144896,0,12581203968,0,0.59
2026-08-28T10:09:17.983Z,12430.086,1637670912,1640144896,0,12574429184,0,0.5
2026-08-28T10:09:27.983Z,12440.086,1637670912,1640144896,0,12584058880,0,0.5
2026-08-28T10:09:37.983Z,12450.086,1637859328,1640144896,0,12577665024,0,0.5
2026-08-28T10:09:47.983Z,12460.086,1631027200,1640144896,0,12587716608,0,0.42
2026-08-28T10:09:57.983Z,12470.086,1631027200,1640144896,0,12587520000,0,0.51
2026-08-28T10:10:07.983Z,12480.086,1631952896,1640144896,0,12585754624,0,0.51
2026-08-28T10:10:17.983Z,12490.086,1631952896,1640144896,0,12585013248,0,0.75
2026-08-28T10:10:27.983Z,12500.086,1631952896,1640144896,0,12590239744,0,0.64
2026-08-28T10:10:37.983Z,12510.086,1631952896,1640144896,0,12594270208,0,0.77
2026-08-28T10:10:47.983Z,12520.086,1631952896,1640144896,0,12583596032,0,0.65
2026-08-28T10:10:57.983Z,12530.086,1631952896,1640144896,0,12594573312,0,0.62
2026-08-28T10:11:07.983Z,12540.086,1631952896,1640144896,0,12593864704,0,0.76
2026-08-28T10:11:17.983Z,12550.086,1631952896,1640144896,0,12580814848,0,0.72
2026-08-28T10:11:27.983Z,12560.086,1631952896,1640144896,0,12586979328,0,0.61
2026-08-28T10:11:37.983Z,12570.086,1631952896,1640144896,0,12591271936,0,0.59
2026-08-28T10:11:47.983Z,12580.086,1631952896,1640144896,0,12582543360,0,0.5
2026-08-28T10:11:57.983Z,12590.086,1631952896,1640144896,0,12594720768,0,0.5
2026-08-28T10:12:07.983Z,12600.086,1631952896,1640144896,0,12589752320,0,0.58
2026-08-28T10:12:17.983Z,12610.086,1631952896,1640144896,0,12587315200,0,0.56
2026-08-28T10:12:27.983Z,12620.086,1631952896,1640144896,0,12582117376,0,0.71
2026-08-28T10:12:37.983Z,12630.086,1631952896,1640144896,0,12594253824,0,0.68
2026-08-28T10:12:47.983Z,12640.086,1631952896,1640144896,0,12579950592,0,0.66
2026-08-28T10:12:57.983Z,12650.086,1631952896,1640144896,0,12587778048,0,0.78
2026-08-28T10:13:07.983Z,12660.086,1631952896,1640144896,0,12580622336,0,0.82
2026-08-28T10:13:17.983Z,12670.086,1631952896,1640144896,0,12587388928,0,0.69
2026-08-28T10:13:27.983Z,12680.086,1631952896,1640144896,0,12587155456,0,0.66
2026-08-28T10:13:37.983Z,12690.086,1631965184,1640144896,0,12587069440,0,0.64
2026-08-28T10:13:47.983Z,12700.086,1631965184,1640144896,0,12586409984,0,0.54
2026-08-28T10:13:57.983Z,12710.086,1631965184,1640144896,0,12581789696,0,0.53
2026-08-28T10:14:07.983Z,12720.086,1631965184,1640144896,0,12593045504,0,0.53
2026-08-28T10:14:17.983Z,12730.086,1631965184,1640144896,0,12587032576,0,0.53
2026-08-28T10:14:27.983Z,12740.086,1631965184,1640144896,0,12589244416,0,0.53
2026-08-28T10:14:37.983Z,12750.086,1631965184,1640144896,0,12590583808,0,0.52
2026-08-28T10:14:47.982Z,12760.085,1631965184,1640144896,0,12580192256,0,0.52
2026-08-28T10:14:57.983Z,12770.086,1631965184,1640144896,0,12600324096,0,0.52
2026-08-28T10:15:07.983Z,12780.086,1631965184,1640144896,0,12589568000,0,0.52
2026-08-28T10:15:17.983Z,12790.086,1631965184,1640144896,0,12589359104,0,0.67
2026-08-28T10:15:27.983Z,12800.086,1619091456,1640144896,0,12604743680,0,0.64
2026-08-28T10:15:37.983Z,12810.086,1619091456,1640144896,0,12597432320,0,0.62
2026-08-28T10:15:47.983Z,12820.086,1619091456,1640144896,0,12604203008,0,0.52
2026-08-28T10:15:57.983Z,12830.086,1619091456,1640144896,0,12598984704,0,0.44
2026-08-28T10:16:07.983Z,12840.086,1620807680,1640144896,0,12601430016,0,0.61
2026-08-28T10:16:17.983Z,12850.086,1621741568,1640144896,0,12588929024,0,0.59
2026-08-28T10:16:27.983Z,12860.086,1621741568,1640144896,0,12602769408,0,0.57
2026-08-28T10:16:37.983Z,12870.086,1621741568,1640144896,0,12596948992,0,0.56
2026-08-28T10:16:47.983Z,12880.086,1621741568,1640144896,0,12596187136,0,0.55
2026-08-28T10:16:57.983Z,12890.086,1621741568,1640144896,0,12597223424,0,0.61
2026-08-28T10:17:07.983Z,12900.086,1621741568,1640144896,0,12594413568,0,0.67
2026-08-28T10:17:17.983Z,12910.086,1621741568,1640144896,0,12596330496,0,0.57
2026-08-28T10:17:27.983Z,12920.086,1622441984,1640144896,0,12598190080,0,0.7
2026-08-28T10:17:37.983Z,12930.086,1622441984,1640144896,0,12595875840,0,0.59
2026-08-28T10:17:47.983Z,12940.086,1622441984,1640144896,0,12595269632,0,0.66
2026-08-28T10:17:57.983Z,12950.086,1622441984,1640144896,0,12597669888,0,0.63
2026-08-28T10:18:07.983Z,12960.086,1622441984,1640144896,0,12594905088,0,0.62
2026-08-28T10:18:17.983Z,12970.086,1622441984,1640144896,0,12599902208,0,0.52
2026-08-28T10:18:27.983Z,12980.086,1623367680,1640144896,0,12600418304,0,0.52
2026-08-28T10:18:37.983Z,12990.086,1623367680,1640144896,0,12588892160,0,0.44
2026-08-28T10:18:47.983Z,13000.086,1623367680,1640144896,0,12601663488,0,0.37
2026-08-28T10:18:57.983Z,13010.086,1623367680,1640144896,0,12586422272,0,0.31
2026-08-28T10:19:07.983Z,13020.086,1623367680,1640144896,0,12593487872,0,0.35
2026-08-28T10:19:17.983Z,13030.086,1623367680,1640144896,0,12596375552,0,0.29
2026-08-28T10:19:27.983Z,13040.086,1623379968,1640144896,0,12591833088,0,0.4
2026-08-28T10:19:37.983Z,13050.086,1623379968,1640144896,0,12589178880,0,0.49
2026-08-28T10:19:47.983Z,13060.086,1623379968,1640144896,0,12597047296,0,0.49
2026-08-28T10:19:57.983Z,13070.086,1624301568,1640144896,0,12596441088,0,0.49
2026-08-28T10:20:07.982Z,13080.085,1624301568,1640144896,0,12594774016,0,0.5
2026-08-28T10:20:17.983Z,13090.086,1624301568,1640144896,0,12589510656,0,0.49
2026-08-28T10:20:27.983Z,13100.086,1624301568,1640144896,0,12598009856,0,0.42
2026-08-28T10:20:37.983Z,13110.086,1624301568,1640144896,0,12590821376,0,0.51
2026-08-28T10:20:47.983Z,13120.086,1624301568,1640144896,0,12599091200,0,0.59
2026-08-28T10:20:57.983Z,13130.086,1624301568,1640144896,0,12599390208,0,0.65
2026-08-28T10:21:07.983Z,13140.086,1624301568,1640144896,0,12592074752,0,0.63
2026-08-28T10:21:17.983Z,13150.086,1624301568,1640144896,0,12590911488,0,0.61
2026-08-28T10:21:27.983Z,13160.086,1624301568,1640144896,0,12594003968,0,0.66
2026-08-28T10:21:37.983Z,13170.086,1624301568,1640144896,0,12583911424,0,0.72
2026-08-28T10:21:47.983Z,13180.086,1625210880,1640144896,0,12591239168,0,0.61
2026-08-28T10:21:57.983Z,13190.086,1625210880,1640144896,0,12590837760,0,0.51
2026-08-28T10:22:07.983Z,13200.086,1626132480,1640144896,0,12592394240,0,0.51
2026-08-28T10:22:17.983Z,13210.086,1626923008,1640144896,0,12587724800,0,0.58
2026-08-28T10:22:27.983Z,13220.086,1627844608,1640144896,0,12590391296,0,0.57
2026-08-28T10:22:37.983Z,13230.086,1627844608,1640144896,0,12584714240,0,0.48
2026-08-28T10:22:47.983Z,13240.086,1627844608,1640144896,0,12592857088,0,0.49
2026-08-28T10:22:57.982Z,13250.085,1627844608,1640144896,0,12582481920,0,0.48
2026-08-28T10:23:07.983Z,13260.086,1627848704,1640144896,0,12586389504,0,0.56
2026-08-28T10:23:17.983Z,13270.086,1627848704,1640144896,0,12596170752,0,0.48
2026-08-28T10:23:27.983Z,13280.086,1628770304,1640144896,0,12579737600,0,0.4
2026-08-28T10:23:37.984Z,13290.087,1628770304,1640144896,0,12582912000,0,0.34
2026-08-28T10:23:47.984Z,13300.087,1628770304,1640144896,0,12594597888,0,0.44
2026-08-28T10:23:57.984Z,13310.087,1628770304,1640144896,0,12580986880,0,0.53
2026-08-28T10:24:07.984Z,13320.087,1629691904,1640144896,0,12586557440,0,0.69
2026-08-28T10:24:17.984Z,13330.087,1629691904,1640144896,0,12592877568,0,0.66
2026-08-28T10:24:27.984Z,13340.087,1630486528,1640144896,0,12581740544,0,0.8
2026-08-28T10:24:37.984Z,13350.087,1632120832,1640144896,0,12573765632,0,0.75
2026-08-28T10:24:47.984Z,13360.087,1633042432,1640144896,0,12584321024,0,0.71
2026-08-28T10:24:57.983Z,13370.086,1634697216,1640144896,0,12584615936,0,0.67
2026-08-28T10:25:07.984Z,13380.087,1636540416,1640144896,0,12583235584,0,0.57
2026-08-28T10:25:17.984Z,13390.087,1637986304,1640144896,0,12587122688,0,0.56
2026-08-28T10:25:27.984Z,13400.087,1637986304,1640144896,0,12587945984,0,0.47
2026-08-28T10:25:37.984Z,13410.087,1638907904,1640144896,0,12578975744,0,0.48
2026-08-28T10:25:47.984Z,13420.087,1640022016,1640144896,0,12581720064,0,0.41
2026-08-28T10:25:57.984Z,13430.087,1641467904,1641467904,0,12580487168,0,0.5
2026-08-28T10:26:07.984Z,13440.087,1641467904,1641467904,0,12572954624,0,0.59
2026-08-28T10:26:17.984Z,13450.087,1641979904,1641979904,0,12572012544,0,0.65
2026-08-28T10:26:27.984Z,13460.087,1643094016,1643094016,0,12572536832,0,0.63
2026-08-28T10:26:37.984Z,13470.087,1645244416,1645244416,0,12574015488,0,0.61
2026-08-28T10:26:47.984Z,13480.087,1645449216,1645449216,0,12575703040,0,0.59
2026-08-28T10:26:57.984Z,13490.087,1646370816,1646370816,0,12563185664,0,0.58
2026-08-28T10:27:07.984Z,13500.087,1647292416,1647292416,0,12574711808,0,0.49
2026-08-28T10:27:17.984Z,13510.087,1647292416,1647292416,0,12561539072,0,0.49
2026-08-28T10:27:27.985Z,13520.088,1647292416,1647292416,0,12571328512,0,0.5
2026-08-28T10:27:37.985Z,13530.088,1647292416,1647292416,0,12572327936,0,0.42
2026-08-28T10:27:47.985Z,13540.088,1647292416,1647292416,0,12572188672,0,0.44
2026-08-28T10:27:57.985Z,13550.088,1647292416,1647292416,0,12577095680,0,0.45
2026-08-28T10:28:07.985Z,13560.088,1647292416,1647292416,0,12572946432,0,0.46
2026-08-28T10:28:17.985Z,13570.088,1648214016,1648214016,0,12565336064,0,0.39
2026-08-28T10:28:27.985Z,13580.088,1649135616,1649135616,0,12565057536,0,0.33
2026-08-28T10:28:37.985Z,13590.088,1650057216,1650057216,0,12567281664,0,0.28
2026-08-28T10:28:47.985Z,13600.088,1650069504,1650069504,0,12562657280,0,0.24
2026-08-28T10:28:57.985Z,13610.088,1650569216,1650569216,0,12564992000,0,0.2
2026-08-28T10:29:07.985Z,13620.088,1651490816,1651490816,0,12566581248,0,0.17
2026-08-28T10:29:17.985Z,13630.088,1651490816,1651490816,0,12555485184,0,0.37
2026-08-28T10:29:27.985Z,13640.088,1651490816,1651490816,0,12557422592,0,0.31
2026-08-28T10:29:37.985Z,13650.088,1653334016,1653334016,0,12558364672,0,0.34
2026-08-28T10:29:47.985Z,13660.088,1653334016,1653334016,0,12562288640,0,0.37
2026-08-28T10:29:57.985Z,13670.088,1653334016,1653334016,0,12560773120,0,0.31
2026-08-28T10:30:07.985Z,13680.088,1653346304,1653346304,0,12571406336,0,0.34
2026-08-28T10:30:17.985Z,13690.088,1653346304,1653346304,0,12563726336,0,0.29
2026-08-28T10:30:27.986Z,13700.089,1653346304,1653346304,0,12545224704,0,0.24
2026-08-28T10:30:37.986Z,13710.089,1653346304,1653346304,0,12559101952,0,0.21
2026-08-28T10:30:47.986Z,13720.089,1654255616,1654255616,0,12564746240,0,0.25
2026-08-28T10:30:57.986Z,13730.089,1654255616,1654255616,0,12559724544,0,0.21
2026-08-28T10:31:07.986Z,13740.089,1654255616,1654255616,0,12563460096,0,0.42
2026-08-28T10:31:17.986Z,13750.089,1654255616,1654255616,0,12567142400,0,0.35
2026-08-28T10:31:27.986Z,13760.089,1654255616,1654255616,0,12561924096,0,0.3
2026-08-28T10:31:37.986Z,13770.089,1655177216,1655177216,0,12566925312,0,0.33
2026-08-28T10:31:47.986Z,13780.089,1655177216,1655177216,0,12562169856,0,0.27
2026-08-28T10:31:57.986Z,13790.089,1655177216,1655177216,0,12571459584,0,0.23
2026-08-28T10:32:07.986Z,13800.089,1655177216,1655177216,0,12561879040,0,0.28
2026-08-28T10:32:17.986Z,13810.089,1656098816,1656098816,0,12565327872,0,0.39
2026-08-28T10:32:27.986Z,13820.089,1658658816,1658658816,0,12565127168,0,0.48
2026-08-28T10:32:37.986Z,13830.089,1658671104,1658671104,0,12560953344,0,0.49
2026-08-28T10:32:47.986Z,13840.089,1658671104,1658671104,0,12560973824,0,0.49
2026-08-28T10:32:57.986Z,13850.089,1658961920,1658961920,0,12556537856,0,0.56
2026-08-28T10:33:07.986Z,13860.089,1658961920,1658961920,0,12555202560,0,0.55
2026-08-28T10:33:17.986Z,13870.089,1658961920,1658961920,0,12563988480,0,0.47
2026-08-28T10:33:27.986Z,13880.089,1659170816,1659170816,0,12567650304,0,0.4
2026-08-28T10:33:37.986Z,13890.089,1659170816,1659170816,0,12565340160,0,0.33
2026-08-28T10:33:47.986Z,13900.089,1659170816,1659170816,0,12557791232,0,0.44
2026-08-28T10:33:57.986Z,13910.089,1659170816,1659170816,0,12567199744,0,0.45
2026-08-28T10:34:07.986Z,13920.089,1659170816,1659170816,0,12564127744,0,0.38
2026-08-28T10:34:17.986Z,13930.089,1659170816,1659170816,0,12560023552,0,0.4
2026-08-28T10:34:27.986Z,13940.089,1659170816,1659170816,0,12563804160,0,0.49
2026-08-28T10:34:37.986Z,13950.089,1659170816,1659170816,0,12555714560,0,0.64
2026-08-28T10:34:47.986Z,13960.089,1659170816,1659170816,0,12547321856,0,0.54
2026-08-28T10:34:57.986Z,13970.089,1659170816,1659170816,0,12560195584,0,0.46
2026-08-28T10:35:07.986Z,13980.089,1659170816,1659170816,0,12561510400,0,0.39
2026-08-28T10:35:17.986Z,13990.089,1659170816,1659170816,0,12560363520,0,0.33
2026-08-28T10:35:27.986Z,14000.089,1659170816,1659170816,0,12566466560,0,0.35
2026-08-28T10:35:37.986Z,14010.089,1659170816,1659170816,0,12559945728,0,0.37
2026-08-28T10:35:47.986Z,14020.089,1659170816,1659170816,0,12556734464,0,0.39
2026-08-28T10:35:57.986Z,14030.089,1659170816,1659170816,0,12556750848,0,0.33
2026-08-28T10:36:07.987Z,14040.09,1659170816,1659170816,0,12551778304,0,0.44
2026-08-28T10:36:17.987Z,14050.09,1660092416,1660092416,0,12559761408,0,0.44
2026-08-28T10:36:27.987Z,14060.09,1660092416,1660092416,0,12567879680,0,0.45
2026-08-28T10:36:37.987Z,14070.09,1661009920,1661009920,0,12564221952,0,0.46
2026-08-28T10:36:47.987Z,14080.09,1661009920,1661009920,0,12554686464,0,0.46
2026-08-28T10:36:57.988Z,14090.091,1661009920,1661009920,0,12562800640,0,0.39
2026-08-28T10:37:07.988Z,14100.091,1661009920,1661009920,0,12557053952,0,0.41
2026-08-28T10:37:17.988Z,14110.091,1661009920,1661009920,0,12545064960,0,0.43
2026-08-28T10:37:27.987Z,14120.09,1661009920,1661009920,0,12549722112,0,0.44
2026-08-28T10:37:37.988Z,14130.091,1661009920,1661009920,0,12555681792,0,0.45
2026-08-28T10:37:47.988Z,14140.091,1661009920,1661009920,0,12561530880,0,0.38
2026-08-28T10:37:57.988Z,14150.091,1661009920,1661009920,0,12552183808,0,0.47
2026-08-28T10:38:07.988Z,14160.091,1661009920,1661009920,0,12560535552,0,0.56
2026-08-28T10:38:17.988Z,14170.091,1661009920,1661009920,0,12565147648,0,0.47
2026-08-28T10:38:27.988Z,14180.091,1662853120,1662853120,0,12558909440,0,0.48
2026-08-28T10:38:37.988Z,14190.091,1663377408,1663377408,0,12560248832,0,0.56
2026-08-28T10:38:47.988Z,14200.091,1663377408,1663377408,0,12553351168,0,0.47
2026-08-28T10:38:57.988Z,14210.091,1664491520,1664491520,0,12556898304,0,0.4
2026-08-28T10:39:07.988Z,14220.091,1664503808,1664503808,0,12549677056,0,0.34
2026-08-28T10:39:17.988Z,14230.091,1664503808,1664503808,0,12560822272,0,0.36
2026-08-28T10:39:27.987Z,14240.09,1664503808,1664503808,0,12551811072,0,0.38
2026-08-28T10:39:37.987Z,14250.09,1664503808,1664503808,0,12559982592,0,0.4
2026-08-28T10:39:47.988Z,14260.091,1664503808,1664503808,0,12550762496,0,0.34
2026-08-28T10:39:57.988Z,14270.091,1664503808,1664503808,0,12561162240,0,0.28
2026-08-28T10:40:07.988Z,14280.091,1664503808,1664503808,0,12551028736,0,0.24
2026-08-28T10:40:17.988Z,14290.091,1664503808,1664503808,0,12551770112,0,0.2
2026-08-28T10:40:27.988Z,14300.091,1664503808,1664503808,0,12553924608,0,0.17
2026-08-28T10:40:37.988Z,14310.091,1665204224,1665204224,0,12550230016,0,0.22
2026-08-28T10:40:47.988Z,14320.091,1665204224,1665204224,0,12552323072,0,0.18
2026-08-28T10:40:57.989Z,14330.092,1665204224,1665204224,0,12554559488,0,0.16
2026-08-28T10:41:07.989Z,14340.092,1665208320,1665208320,0,12553842688,0,0.29
2026-08-28T10:41:17.989Z,14350.092,1665208320,1665208320,0,12549808128,0,0.32
2026-08-28T10:41:27.989Z,14360.092,1665208320,1665208320,0,12554776576,0,0.27
2026-08-28T10:41:37.988Z,14370.091,1665208320,1665208320,0,12551102464,0,0.23
2026-08-28T10:41:47.989Z,14380.092,1665208320,1665208320,0,12561285120,0,0.19
2026-08-28T10:41:57.989Z,14390.092,1665208320,1665208320,0,12559183872,0,0.16
2026-08-28T10:42:07.886Z,14399.989,1665208320,1665208320,0,12557062144,0,0.21
