target,block,variant,repetition,sample_index,milliseconds
fireside,1,long-polling,1,1,19.30000001192093
fireside,1,long-polling,1,2,18.599999994039536
fireside,1,long-polling,1,3,19.30000001192093
fireside,1,long-polling,1,4,13.199999988079071
fireside,1,long-polling,1,5,17.19999998807907
fireside,1,long-polling,1,6,13.400000005960464
fireside,1,long-polling,1,7,15.900000005960464
fireside,1,long-polling,1,8,10.099999994039536
fireside,1,long-polling,1,9,12
fireside,1,long-polling,1,10,12.099999994039536
fireside,1,long-polling,1,11,15.900000005960464
fireside,1,long-polling,1,12,11.599999994039536
fireside,1,long-polling,1,13,12.600000023841858
fireside,1,long-polling,1,14,15.5
fireside,1,long-polling,1,15,10.5
fireside,1,long-polling,1,16,10.599999994039536
fireside,1,long-polling,1,17,10.299999982118607
fireside,1,long-polling,1,18,10.400000005960464
fireside,1,long-polling,1,19,9.700000017881393
fireside,1,long-polling,1,20,11.799999982118607
fireside,1,long-polling,1,21,18.700000017881393
fireside,1,long-polling,1,22,14.899999976158142
fireside,1,long-polling,1,23,14.800000011920929
fireside,1,long-polling,1,24,18.5
fireside,1,long-polling,1,25,10.599999994039536
fireside,1,long-polling,1,26,12.300000011920929
fireside,1,long-polling,1,27,11.699999988079071
fireside,1,long-polling,1,28,15.599999994039536
fireside,1,long-polling,1,29,11.5
fireside,1,long-polling,1,30,12.100000023841858
fireside,1,long-polling,1,31,16.899999976158142
fireside,1,long-polling,1,32,12.100000023841858
fireside,1,long-polling,1,33,11.199999988079071
fireside,1,long-polling,1,34,15.699999988079071
fireside,1,long-polling,1,35,10.600000023841858
fireside,1,long-polling,1,36,9.599999994039536
fireside,1,long-polling,1,37,10.5
fireside,1,long-polling,1,38,9.5
fireside,1,long-polling,1,39,10.799999982118607
fireside,1,long-polling,1,40,9.300000011920929
fireside,1,long-polling,1,41,10.599999994039536
fireside,1,long-polling,1,42,10.200000017881393
fireside,1,long-polling,1,43,10.899999976158142
fireside,1,long-polling,1,44,9.200000017881393
fireside,1,long-polling,1,45,10
fireside,1,long-polling,1,46,10.299999982118607
fireside,1,long-polling,1,47,11.5
fireside,1,long-polling,1,48,10.400000005960464
fireside,1,long-polling,1,49,10.300000011920929
fireside,1,long-polling,1,50,16.400000005960464
fireside,1,long-polling,1,51,10.5
fireside,1,long-polling,1,52,12.299999982118607
fireside,1,long-polling,1,53,10.400000005960464
fireside,1,long-polling,1,54,10
fireside,1,long-polling,1,55,16.5
fireside,1,long-polling,1,56,11.199999988079071
fireside,1,long-polling,1,57,10
fireside,1,long-polling,1,58,9.900000005960464
fireside,1,long-polling,1,59,10.300000011920929
fireside,1,long-polling,1,60,20.900000005960464
fireside,1,long-polling,1,61,20
fireside,1,long-polling,1,62,21.099999994039536
fireside,1,long-polling,1,63,18.099999994039536
fireside,1,long-polling,1,64,11.900000005960464
fireside,1,long-polling,1,65,18
fireside,1,long-polling,1,66,11.900000005960464
fireside,1,long-polling,1,67,18.599999994039536
fireside,1,long-polling,1,68,12.599999994039536
fireside,1,long-polling,1,69,18.200000017881393
fireside,1,long-polling,1,70,13
fireside,1,long-polling,1,71,16.299999982118607
fireside,1,long-polling,1,72,15
fireside,1,long-polling,1,73,18.400000005960464
fireside,1,long-polling,1,74,16.69999998807907
fireside,1,long-polling,1,75,19.30000001192093
fireside,1,long-polling,1,76,20.5
fireside,1,long-polling,1,77,19.599999994039536
fireside,1,long-polling,1,78,15.599999994039536
fireside,1,long-polling,1,79,16
fireside,1,long-polling,1,80,20.600000023841858
fireside,1,long-polling,1,81,19.599999994039536
fireside,1,long-polling,1,82,18.69999998807907
fireside,1,long-polling,1,83,19.80000001192093
fireside,1,long-polling,1,84,13.599999994039536
fireside,1,long-polling,1,85,16.400000005960464
fireside,1,long-polling,1,86,16.19999998807907
fireside,1,long-polling,1,87,16.400000005960464
fireside,1,long-polling,1,88,17.69999998807907
fireside,1,long-polling,1,89,21
fireside,1,long-polling,1,90,20
fireside,1,long-polling,1,91,19.400000005960464
fireside,1,long-polling,1,92,17.700000017881393
fireside,1,long-polling,1,93,13.099999994039536
fireside,1,long-polling,1,94,17.69999998807907
fireside,1,long-polling,1,95,12.700000017881393
fireside,1,long-polling,1,96,15.899999976158142
fireside,1,long-polling,1,97,10.600000023841858
fireside,1,long-polling,1,98,10.099999994039536
fireside,1,long-polling,1,99,9.599999994039536
fireside,1,long-polling,1,100,10.599999994039536
fireside,1,streaming,1,1,11
fireside,1,streaming,1,2,9.799999982118607
fireside,1,streaming,1,3,9.700000017881393
fireside,1,streaming,1,4,9.199999988079071
fireside,1,streaming,1,5,9.400000005960464
fireside,1,streaming,1,6,10
fireside,1,streaming,1,7,10.099999994039536
fireside,1,streaming,1,8,10.099999994039536
fireside,1,streaming,1,9,10.200000017881393
fireside,1,streaming,1,10,10.199999988079071
fireside,1,streaming,1,11,9.199999988079071
fireside,1,streaming,1,12,10.200000017881393
fireside,1,streaming,1,13,10.099999994039536
fireside,1,streaming,1,14,10.199999988079071
fireside,1,streaming,1,15,10.400000005960464
fireside,1,streaming,1,16,9.400000005960464
fireside,1,streaming,1,17,10.599999994039536
fireside,1,streaming,1,18,10.099999994039536
fireside,1,streaming,1,19,10
fireside,1,streaming,1,20,9.5
fireside,1,streaming,1,21,10.400000005960464
fireside,1,streaming,1,22,9.200000017881393
fireside,1,streaming,1,23,10.299999982118607
fireside,1,streaming,1,24,10.300000011920929
fireside,1,streaming,1,25,9.900000005960464
fireside,1,streaming,1,26,10
fireside,1,streaming,1,27,10.199999988079071
fireside,1,streaming,1,28,10.800000011920929
fireside,1,streaming,1,29,11.5
fireside,1,streaming,1,30,10.799999982118607
fireside,1,streaming,1,31,10.5
fireside,1,streaming,1,32,16.30000001192093
fireside,1,streaming,1,33,10.800000011920929
fireside,1,streaming,1,34,10.599999994039536
fireside,1,streaming,1,35,10.699999988079071
fireside,1,streaming,1,36,11.700000017881393
fireside,1,streaming,1,37,16.099999994039536
fireside,1,streaming,1,38,10
fireside,1,streaming,1,39,11
fireside,1,streaming,1,40,10.800000011920929
fireside,1,streaming,1,41,10.299999982118607
fireside,1,streaming,1,42,10.900000005960464
fireside,1,streaming,1,43,11.099999994039536
fireside,1,streaming,1,44,15.900000005960464
fireside,1,streaming,1,45,10.400000005960464
fireside,1,streaming,1,46,10.599999994039536
fireside,1,streaming,1,47,11.099999994039536
fireside,1,streaming,1,48,10.900000005960464
fireside,1,streaming,1,49,16.700000017881393
fireside,1,streaming,1,50,10.5
fireside,1,streaming,1,51,10.599999994039536
fireside,1,streaming,1,52,10.699999988079071
fireside,1,streaming,1,53,10.599999994039536
fireside,1,streaming,1,54,10.700000017881393
fireside,1,streaming,1,55,10.900000005960464
fireside,1,streaming,1,56,15.699999988079071
fireside,1,streaming,1,57,10.199999988079071
fireside,1,streaming,1,58,10.800000011920929
fireside,1,streaming,1,59,10.300000011920929
fireside,1,streaming,1,60,10.899999976158142
fireside,1,streaming,1,61,9.200000017881393
fireside,1,streaming,1,62,13.599999994039536
fireside,1,streaming,1,63,7.199999988079071
fireside,1,streaming,1,64,9.399999976158142
fireside,1,streaming,1,65,9.700000017881393
fireside,1,streaming,1,66,10.900000005960464
fireside,1,streaming,1,67,8.900000005960464
fireside,1,streaming,1,68,11.099999994039536
fireside,1,streaming,1,69,10.900000005960464
fireside,1,streaming,1,70,12.5
fireside,1,streaming,1,71,14.599999994039536
fireside,1,streaming,1,72,10.900000005960464
fireside,1,streaming,1,73,10.799999982118607
fireside,1,streaming,1,74,8.300000011920929
fireside,1,streaming,1,75,10.400000005960464
fireside,1,streaming,1,76,9.299999982118607
fireside,1,streaming,1,77,10.400000005960464
fireside,1,streaming,1,78,11
fireside,1,streaming,1,79,11.199999988079071
fireside,1,streaming,1,80,11.100000023841858
fireside,1,streaming,1,81,16.400000005960464
fireside,1,streaming,1,82,10.5
fireside,1,streaming,1,83,10.899999976158142
fireside,1,streaming,1,84,11
fireside,1,streaming,1,85,11
fireside,1,streaming,1,86,9.400000005960464
fireside,1,streaming,1,87,9.800000011920929
fireside,1,streaming,1,88,8.599999994039536
fireside,1,streaming,1,89,10.599999994039536
fireside,1,streaming,1,90,9
fireside,1,streaming,1,91,9.599999994039536
fireside,1,streaming,1,92,9.400000005960464
fireside,1,streaming,1,93,10.599999994039536
fireside,1,streaming,1,94,9.399999976158142
fireside,1,streaming,1,95,9.700000017881393
fireside,1,streaming,1,96,10.5
fireside,1,streaming,1,97,9.599999994039536
fireside,1,streaming,1,98,11.5
fireside,1,streaming,1,99,10.699999988079071
fireside,1,streaming,1,100,10.400000005960464
fireside,1,buffering-proxy-auto-detection,1,1,18.400000005960464
fireside,1,buffering-proxy-auto-detection,1,2,20.099999994039536
fireside,1,buffering-proxy-auto-detection,1,3,20.400000005960464
fireside,1,buffering-proxy-auto-detection,1,4,18.799999982118607
fireside,1,buffering-proxy-auto-detection,1,5,20.30000001192093
fireside,1,buffering-proxy-auto-detection,1,6,19.900000005960464
fireside,1,buffering-proxy-auto-detection,1,7,19.399999976158142
fireside,1,buffering-proxy-auto-detection,1,8,20.900000005960464
fireside,1,buffering-proxy-auto-detection,1,9,20.80000001192093
fireside,1,buffering-proxy-auto-detection,1,10,20.400000005960464
fireside,1,buffering-proxy-auto-detection,1,11,20.299999982118607
fireside,1,buffering-proxy-auto-detection,1,12,19.700000017881393
fireside,1,buffering-proxy-auto-detection,1,13,20.099999994039536
fireside,1,buffering-proxy-auto-detection,1,14,19.400000005960464
fireside,1,buffering-proxy-auto-detection,1,15,20
fireside,1,buffering-proxy-auto-detection,1,16,19.599999994039536
fireside,1,buffering-proxy-auto-detection,1,17,20.400000005960464
fireside,1,buffering-proxy-auto-detection,1,18,20
fireside,1,buffering-proxy-auto-detection,1,19,20.69999998807907
fireside,1,buffering-proxy-auto-detection,1,20,20.400000005960464
fireside,1,buffering-proxy-auto-detection,1,21,19.69999998807907
fireside,1,buffering-proxy-auto-detection,1,22,18.099999994039536
fireside,1,buffering-proxy-auto-detection,1,23,20.100000023841858
fireside,1,buffering-proxy-auto-detection,1,24,19.599999994039536
fireside,1,buffering-proxy-auto-detection,1,25,19.69999998807907
fireside,1,buffering-proxy-auto-detection,1,26,11.5
fireside,1,buffering-proxy-auto-detection,1,27,19.30000001192093
fireside,1,buffering-proxy-auto-detection,1,28,10.299999982118607
fireside,1,buffering-proxy-auto-detection,1,29,19.700000017881393
fireside,1,buffering-proxy-auto-detection,1,30,19.69999998807907
fireside,1,buffering-proxy-auto-detection,1,31,19.599999994039536
fireside,1,buffering-proxy-auto-detection,1,32,11.5
fireside,1,buffering-proxy-auto-detection,1,33,17.900000005960464
fireside,1,buffering-proxy-auto-detection,1,34,11.300000011920929
fireside,1,buffering-proxy-auto-detection,1,35,20.19999998807907
fireside,1,buffering-proxy-auto-detection,1,36,13.800000011920929
fireside,1,buffering-proxy-auto-detection,1,37,17.099999994039536
fireside,1,buffering-proxy-auto-detection,1,38,20
fireside,1,buffering-proxy-auto-detection,1,39,20
fireside,1,buffering-proxy-auto-detection,1,40,20.099999994039536
fireside,1,buffering-proxy-auto-detection,1,41,20
fireside,1,buffering-proxy-auto-detection,1,42,20
fireside,1,buffering-proxy-auto-detection,1,43,20.80000001192093
fireside,1,buffering-proxy-auto-detection,1,44,18.5
fireside,1,buffering-proxy-auto-detection,1,45,20.69999998807907
fireside,1,buffering-proxy-auto-detection,1,46,20.30000001192093
fireside,1,buffering-proxy-auto-detection,1,47,18.799999982118607
fireside,1,buffering-proxy-auto-detection,1,48,19.700000017881393
fireside,1,buffering-proxy-auto-detection,1,49,21.19999998807907
fireside,1,buffering-proxy-auto-detection,1,50,20
fireside,1,buffering-proxy-auto-detection,1,51,19.5
fireside,1,buffering-proxy-auto-detection,1,52,20.5
fireside,1,buffering-proxy-auto-detection,1,53,19.900000005960464
fireside,1,buffering-proxy-auto-detection,1,54,20
fireside,1,buffering-proxy-auto-detection,1,55,19.900000005960464
fireside,1,buffering-proxy-auto-detection,1,56,20
fireside,1,buffering-proxy-auto-detection,1,57,20
fireside,1,buffering-proxy-auto-detection,1,58,19.900000005960464
fireside,1,buffering-proxy-auto-detection,1,59,19.899999976158142
fireside,1,buffering-proxy-auto-detection,1,60,19.80000001192093
fireside,1,buffering-proxy-auto-detection,1,61,19.400000005960464
fireside,1,buffering-proxy-auto-detection,1,62,21.099999994039536
fireside,1,buffering-proxy-auto-detection,1,63,20.30000001192093
fireside,1,buffering-proxy-auto-detection,1,64,20
fireside,1,buffering-proxy-auto-detection,1,65,19.5
fireside,1,buffering-proxy-auto-detection,1,66,20.69999998807907
fireside,1,buffering-proxy-auto-detection,1,67,18.900000005960464
fireside,1,buffering-proxy-auto-detection,1,68,20.799999982118607
fireside,1,buffering-proxy-auto-detection,1,69,20.400000005960464
fireside,1,buffering-proxy-auto-detection,1,70,19.80000001192093
fireside,1,buffering-proxy-auto-detection,1,71,20.099999994039536
fireside,1,buffering-proxy-auto-detection,1,72,19.69999998807907
fireside,1,buffering-proxy-auto-detection,1,73,19.700000017881393
fireside,1,buffering-proxy-auto-detection,1,74,19.599999994039536
fireside,1,buffering-proxy-auto-detection,1,75,20.5
fireside,1,buffering-proxy-auto-detection,1,76,19.599999994039536
fireside,1,buffering-proxy-auto-detection,1,77,20.400000005960464
fireside,1,buffering-proxy-auto-detection,1,78,19.5
fireside,1,buffering-proxy-auto-detection,1,79,20.599999994039536
fireside,1,buffering-proxy-auto-detection,1,80,20.400000005960464
fireside,1,buffering-proxy-auto-detection,1,81,19
fireside,1,buffering-proxy-auto-detection,1,82,20.099999994039536
fireside,1,buffering-proxy-auto-detection,1,83,18.900000005960464
fireside,1,buffering-proxy-auto-detection,1,84,19.400000005960464
fireside,1,buffering-proxy-auto-detection,1,85,20.30000001192093
fireside,1,buffering-proxy-auto-detection,1,86,20.399999976158142
fireside,1,buffering-proxy-auto-detection,1,87,21.400000005960464
fireside,1,buffering-proxy-auto-detection,1,88,19.80000001192093
fireside,1,buffering-proxy-auto-detection,1,89,19.69999998807907
fireside,1,buffering-proxy-auto-detection,1,90,20.30000001192093
fireside,1,buffering-proxy-auto-detection,1,91,19.599999994039536
fireside,1,buffering-proxy-auto-detection,1,92,20.400000005960464
fireside,1,buffering-proxy-auto-detection,1,93,19.599999994039536
fireside,1,buffering-proxy-auto-detection,1,94,18.599999994039536
fireside,1,buffering-proxy-auto-detection,1,95,19.900000005960464
fireside,1,buffering-proxy-auto-detection,1,96,22
fireside,1,buffering-proxy-auto-detection,1,97,19.700000017881393
fireside,1,buffering-proxy-auto-detection,1,98,19.5
fireside,1,buffering-proxy-auto-detection,1,99,20.599999994039536
fireside,1,buffering-proxy-auto-detection,1,100,19.400000005960464
fireside,1,long-polling,2,1,10.800000011920929
fireside,1,long-polling,2,2,10
fireside,1,long-polling,2,3,17.69999998807907
fireside,1,long-polling,2,4,10.099999994039536
fireside,1,long-polling,2,5,9.700000017881393
fireside,1,long-polling,2,6,11.5
fireside,1,long-polling,2,7,11.299999982118607
fireside,1,long-polling,2,8,17.600000023841858
fireside,1,long-polling,2,9,10
fireside,1,long-polling,2,10,9.799999982118607
fireside,1,long-polling,2,11,9.900000005960464
fireside,1,long-polling,2,12,10.400000005960464
fireside,1,long-polling,2,13,10.099999994039536
fireside,1,long-polling,2,14,10.199999988079071
fireside,1,long-polling,2,15,9.700000017881393
fireside,1,long-polling,2,16,12.5
fireside,1,long-polling,2,17,17.5
fireside,1,long-polling,2,18,12.5
fireside,1,long-polling,2,19,17.599999994039536
fireside,1,long-polling,2,20,10.699999988079071
fireside,1,long-polling,2,21,11.300000011920929
fireside,1,long-polling,2,22,11.599999994039536
fireside,1,long-polling,2,23,16.80000001192093
fireside,1,long-polling,2,24,11.299999982118607
fireside,1,long-polling,2,25,13.600000023841858
fireside,1,long-polling,2,26,19.899999976158142
fireside,1,long-polling,2,27,14.5
fireside,1,long-polling,2,28,10.700000017881393
fireside,1,long-polling,2,29,10.799999982118607
fireside,1,long-polling,2,30,12.200000017881393
fireside,1,long-polling,2,31,16.69999998807907
fireside,1,long-polling,2,32,11
fireside,1,long-polling,2,33,15.900000005960464
fireside,1,long-polling,2,34,15.400000005960464
fireside,1,long-polling,2,35,20.299999982118607
fireside,1,long-polling,2,36,20.900000005960464
fireside,1,long-polling,2,37,17.30000001192093
fireside,1,long-polling,2,38,16.19999998807907
fireside,1,long-polling,2,39,14.099999994039536
fireside,1,long-polling,2,40,18.900000005960464
fireside,1,long-polling,2,41,11.200000017881393
fireside,1,long-polling,2,42,12.799999982118607
fireside,1,long-polling,2,43,16
fireside,1,long-polling,2,44,10.700000017881393
fireside,1,long-polling,2,45,10.199999988079071
fireside,1,long-polling,2,46,9.599999994039536
fireside,1,long-polling,2,47,12.300000011920929
fireside,1,long-polling,2,48,17.799999982118607
fireside,1,long-polling,2,49,12.100000023841858
fireside,1,long-polling,2,50,17.299999982118607
fireside,1,long-polling,2,51,11.400000005960464
fireside,1,long-polling,2,52,13
fireside,1,long-polling,2,53,16.80000001192093
fireside,1,long-polling,2,54,12.899999976158142
fireside,1,long-polling,2,55,16.900000005960464
fireside,1,long-polling,2,56,13.5
fireside,1,long-polling,2,57,19.5
fireside,1,long-polling,2,58,19.200000017881393
fireside,1,long-polling,2,59,20.799999982118607
fireside,1,long-polling,2,60,19.400000005960464
fireside,1,long-polling,2,61,19.5
fireside,1,long-polling,2,62,18.5
fireside,1,long-polling,2,63,13.700000017881393
fireside,1,long-polling,2,64,17
fireside,1,long-polling,2,65,19.799999982118607
fireside,1,long-polling,2,66,20.700000017881393
fireside,1,long-polling,2,67,17.69999998807907
fireside,1,long-polling,2,68,10.599999994039536
fireside,1,long-polling,2,69,19.400000005960464
fireside,1,long-polling,2,70,13.5
fireside,1,long-polling,2,71,16
fireside,1,long-polling,2,72,11.599999994039536
fireside,1,long-polling,2,73,31.100000023841858
fireside,1,long-polling,2,74,18.799999982118607
fireside,1,long-polling,2,75,12.700000017881393
fireside,1,long-polling,2,76,15.5
fireside,1,long-polling,2,77,10.899999976158142
fireside,1,long-polling,2,78,9.5
fireside,1,long-polling,2,79,9.800000011920929
fireside,1,long-polling,2,80,13.099999994039536
fireside,1,long-polling,2,81,18.599999994039536
fireside,1,long-polling,2,82,17.700000017881393
fireside,1,long-polling,2,83,16.400000005960464
fireside,1,long-polling,2,84,16.099999994039536
fireside,1,long-polling,2,85,15.099999994039536
fireside,1,long-polling,2,86,12.800000011920929
fireside,1,long-polling,2,87,10.299999982118607
fireside,1,long-polling,2,88,10.400000005960464
fireside,1,long-polling,2,89,9.700000017881393
fireside,1,long-polling,2,90,9.699999988079071
fireside,1,long-polling,2,91,11.699999988079071
fireside,1,long-polling,2,92,18.200000017881393
fireside,1,long-polling,2,93,10.299999982118607
fireside,1,long-polling,2,94,11.200000017881393
fireside,1,long-polling,2,95,18.69999998807907
fireside,1,long-polling,2,96,10.400000005960464
fireside,1,long-polling,2,97,11.900000005960464
fireside,1,long-polling,2,98,10
fireside,1,long-polling,2,99,17.5
fireside,1,long-polling,2,100,11
fireside,1,streaming,2,1,7.5
fireside,1,streaming,2,2,9
fireside,1,streaming,2,3,10.299999982118607
fireside,1,streaming,2,4,10.200000017881393
fireside,1,streaming,2,5,9.699999988079071
fireside,1,streaming,2,6,10
fireside,1,streaming,2,7,10.5
fireside,1,streaming,2,8,9.900000005960464
fireside,1,streaming,2,9,10.199999988079071
fireside,1,streaming,2,10,9.800000011920929
fireside,1,streaming,2,11,10.199999988079071
fireside,1,streaming,2,12,11.5
fireside,1,streaming,2,13,11.199999988079071
fireside,1,streaming,2,14,17.099999994039536
fireside,1,streaming,2,15,11.800000011920929
fireside,1,streaming,2,16,11
fireside,1,streaming,2,17,12.599999994039536
fireside,1,streaming,2,18,15.099999994039536
fireside,1,streaming,2,19,11
fireside,1,streaming,2,20,10.800000011920929
fireside,1,streaming,2,21,10.799999982118607
fireside,1,streaming,2,22,9.600000023841858
fireside,1,streaming,2,23,8.5
fireside,1,streaming,2,24,8.699999988079071
fireside,1,streaming,2,25,9.599999994039536
fireside,1,streaming,2,26,10.099999994039536
fireside,1,streaming,2,27,10.100000023841858
fireside,1,streaming,2,28,9.699999988079071
fireside,1,streaming,2,29,9.800000011920929
fireside,1,streaming,2,30,9.799999982118607
fireside,1,streaming,2,31,10.700000017881393
fireside,1,streaming,2,32,9.799999982118607
fireside,1,streaming,2,33,9.599999994039536
fireside,1,streaming,2,34,10.600000023841858
fireside,1,streaming,2,35,9.599999994039536
fireside,1,streaming,2,36,9.699999988079071
fireside,1,streaming,2,37,9.900000005960464
fireside,1,streaming,2,38,10.900000005960464
fireside,1,streaming,2,39,10.599999994039536
fireside,1,streaming,2,40,10.300000011920929
fireside,1,streaming,2,41,10.299999982118607
fireside,1,streaming,2,42,10.300000011920929
fireside,1,streaming,2,43,10.5
fireside,1,streaming,2,44,10.5
fireside,1,streaming,2,45,10.299999982118607
fireside,1,streaming,2,46,10.200000017881393
fireside,1,streaming,2,47,10.199999988079071
fireside,1,streaming,2,48,10.099999994039536
fireside,1,streaming,2,49,10.300000011920929
fireside,1,streaming,2,50,10.300000011920929
fireside,1,streaming,2,51,15.799999982118607
fireside,1,streaming,2,52,10.800000011920929
fireside,1,streaming,2,53,10
fireside,1,streaming,2,54,10.099999994039536
fireside,1,streaming,2,55,10.199999988079071
fireside,1,streaming,2,56,10.300000011920929
fireside,1,streaming,2,57,10.099999994039536
fireside,1,streaming,2,58,10
fireside,1,streaming,2,59,9.900000005960464
fireside,1,streaming,2,60,10.400000005960464
fireside,1,streaming,2,61,10.5
fireside,1,streaming,2,62,10.199999988079071
fireside,1,streaming,2,63,10
fireside,1,streaming,2,64,9.300000011920929
fireside,1,streaming,2,65,8.599999994039536
fireside,1,streaming,2,66,9.300000011920929
fireside,1,streaming,2,67,10
fireside,1,streaming,2,68,9.699999988079071
fireside,1,streaming,2,69,10.700000017881393
fireside,1,streaming,2,70,9.799999982118607
fireside,1,streaming,2,71,10.200000017881393
fireside,1,streaming,2,72,10
fireside,1,streaming,2,73,10
fireside,1,streaming,2,74,9.899999976158142
fireside,1,streaming,2,75,9.900000005960464
fireside,1,streaming,2,76,10
fireside,1,streaming,2,77,10.900000005960464
fireside,1,streaming,2,78,10.800000011920929
fireside,1,streaming,2,79,8.5
fireside,1,streaming,2,80,10.699999988079071
fireside,1,streaming,2,81,10.099999994039536
fireside,1,streaming,2,82,9.5
fireside,1,streaming,2,83,9.5
fireside,1,streaming,2,84,9.599999994039536
fireside,1,streaming,2,85,10.200000017881393
fireside,1,streaming,2,86,10.099999994039536
fireside,1,streaming,2,87,10.099999994039536
fireside,1,streaming,2,88,9.400000005960464
fireside,1,streaming,2,89,10
fireside,1,streaming,2,90,10.300000011920929
fireside,1,streaming,2,91,10.599999994039536
fireside,1,streaming,2,92,9.699999988079071
fireside,1,streaming,2,93,9.900000005960464
fireside,1,streaming,2,94,10.099999994039536
fireside,1,streaming,2,95,10.200000017881393
fireside,1,streaming,2,96,11.699999988079071
fireside,1,streaming,2,97,12
fireside,1,streaming,2,98,10.099999994039536
fireside,1,streaming,2,99,9.400000005960464
fireside,1,streaming,2,100,9.5
fireside,1,buffering-proxy-auto-detection,2,1,24.19999998807907
fireside,1,buffering-proxy-auto-detection,2,2,19.80000001192093
fireside,1,buffering-proxy-auto-detection,2,3,20.30000001192093
fireside,1,buffering-proxy-auto-detection,2,4,19.899999976158142
fireside,1,buffering-proxy-auto-detection,2,5,19.400000005960464
fireside,1,buffering-proxy-auto-detection,2,6,19.80000001192093
fireside,1,buffering-proxy-auto-detection,2,7,20.599999994039536
fireside,1,buffering-proxy-auto-detection,2,8,20
fireside,1,buffering-proxy-auto-detection,2,9,19.599999994039536
fireside,1,buffering-proxy-auto-detection,2,10,19.900000005960464
fireside,1,buffering-proxy-auto-detection,2,11,20.19999998807907
fireside,1,buffering-proxy-auto-detection,2,12,20.200000017881393
fireside,1,buffering-proxy-auto-detection,2,13,19.599999994039536
fireside,1,buffering-proxy-auto-detection,2,14,20.19999998807907
fireside,1,buffering-proxy-auto-detection,2,15,19.80000001192093
fireside,1,buffering-proxy-auto-detection,2,16,19.099999994039536
fireside,1,buffering-proxy-auto-detection,2,17,21.400000005960464
fireside,1,buffering-proxy-auto-detection,2,18,20.19999998807907
fireside,1,buffering-proxy-auto-detection,2,19,19.400000005960464
fireside,1,buffering-proxy-auto-detection,2,20,20.5
fireside,1,buffering-proxy-auto-detection,2,21,19.700000017881393
fireside,1,buffering-proxy-auto-detection,2,22,19.799999982118607
fireside,1,buffering-proxy-auto-detection,2,23,18.700000017881393
fireside,1,buffering-proxy-auto-detection,2,24,19.099999994039536
fireside,1,buffering-proxy-auto-detection,2,25,13.699999988079071
fireside,1,buffering-proxy-auto-detection,2,26,14.900000005960464
fireside,1,buffering-proxy-auto-detection,2,27,10.199999988079071
fireside,1,buffering-proxy-auto-detection,2,28,13.700000017881393
fireside,1,buffering-proxy-auto-detection,2,29,17.799999982118607
fireside,1,buffering-proxy-auto-detection,2,30,20.5
fireside,1,buffering-proxy-auto-detection,2,31,21.30000001192093
fireside,1,buffering-proxy-auto-detection,2,32,20.30000001192093
fireside,1,buffering-proxy-auto-detection,2,33,19.099999994039536
fireside,1,buffering-proxy-auto-detection,2,34,20.69999998807907
fireside,1,buffering-proxy-auto-detection,2,35,20.200000017881393
fireside,1,buffering-proxy-auto-detection,2,36,19
fireside,1,buffering-proxy-auto-detection,2,37,20.5
fireside,1,buffering-proxy-auto-detection,2,38,20.099999994039536
fireside,1,buffering-proxy-auto-detection,2,39,20
fireside,1,buffering-proxy-auto-detection,2,40,20.19999998807907
fireside,1,buffering-proxy-auto-detection,2,41,19.599999994039536
fireside,1,buffering-proxy-auto-detection,2,42,20.200000017881393
fireside,1,buffering-proxy-auto-detection,2,43,20.5
fireside,1,buffering-proxy-auto-detection,2,44,19.599999994039536
fireside,1,buffering-proxy-auto-detection,2,45,19.5
fireside,1,buffering-proxy-auto-detection,2,46,19.599999994039536
fireside,1,buffering-proxy-auto-detection,2,47,20.900000005960464
fireside,1,buffering-proxy-auto-detection,2,48,19.599999994039536
fireside,1,buffering-proxy-auto-detection,2,49,20.5
fireside,1,buffering-proxy-auto-detection,2,50,19.80000001192093
fireside,1,buffering-proxy-auto-detection,2,51,20
fireside,1,buffering-proxy-auto-detection,2,52,19.900000005960464
fireside,1,buffering-proxy-auto-detection,2,53,18.099999994039536
fireside,1,buffering-proxy-auto-detection,2,54,14.299999982118607
fireside,1,buffering-proxy-auto-detection,2,55,18.100000023841858
fireside,1,buffering-proxy-auto-detection,2,56,19.899999976158142
fireside,1,buffering-proxy-auto-detection,2,57,19.600000023841858
fireside,1,buffering-proxy-auto-detection,2,58,18.69999998807907
fireside,1,buffering-proxy-auto-detection,2,59,10.699999988079071
fireside,1,buffering-proxy-auto-detection,2,60,10.200000017881393
fireside,1,buffering-proxy-auto-detection,2,61,18.599999994039536
fireside,1,buffering-proxy-auto-detection,2,62,13.699999988079071
fireside,1,buffering-proxy-auto-detection,2,63,16.5
fireside,1,buffering-proxy-auto-detection,2,64,10.400000005960464
fireside,1,buffering-proxy-auto-detection,2,65,12.200000017881393
fireside,1,buffering-proxy-auto-detection,2,66,19.299999982118607
fireside,1,buffering-proxy-auto-detection,2,67,18.30000001192093
fireside,1,buffering-proxy-auto-detection,2,68,10.699999988079071
fireside,1,buffering-proxy-auto-detection,2,69,20.400000005960464
fireside,1,buffering-proxy-auto-detection,2,70,19.19999998807907
fireside,1,buffering-proxy-auto-detection,2,71,10.200000017881393
fireside,1,buffering-proxy-auto-detection,2,72,9.900000005960464
fireside,1,buffering-proxy-auto-detection,2,73,19.399999976158142
fireside,1,buffering-proxy-auto-detection,2,74,10.600000023841858
fireside,1,buffering-proxy-auto-detection,2,75,20.099999994039536
fireside,1,buffering-proxy-auto-detection,2,76,20.099999994039536
fireside,1,buffering-proxy-auto-detection,2,77,19.30000001192093
fireside,1,buffering-proxy-auto-detection,2,78,10.699999988079071
fireside,1,buffering-proxy-auto-detection,2,79,20.69999998807907
fireside,1,buffering-proxy-auto-detection,2,80,20.5
fireside,1,buffering-proxy-auto-detection,2,81,20
fireside,1,buffering-proxy-auto-detection,2,82,19.700000017881393
fireside,1,buffering-proxy-auto-detection,2,83,20.400000005960464
fireside,1,buffering-proxy-auto-detection,2,84,20.399999976158142
fireside,1,buffering-proxy-auto-detection,2,85,17.200000017881393
fireside,1,buffering-proxy-auto-detection,2,86,10.599999994039536
fireside,1,buffering-proxy-auto-detection,2,87,19.599999994039536
fireside,1,buffering-proxy-auto-detection,2,88,14.300000011920929
fireside,1,buffering-proxy-auto-detection,2,89,17.69999998807907
fireside,1,buffering-proxy-auto-detection,2,90,19.200000017881393
fireside,1,buffering-proxy-auto-detection,2,91,20.299999982118607
fireside,1,buffering-proxy-auto-detection,2,92,19.80000001192093
fireside,1,buffering-proxy-auto-detection,2,93,20.400000005960464
fireside,1,buffering-proxy-auto-detection,2,94,18.5
fireside,1,buffering-proxy-auto-detection,2,95,11
fireside,1,buffering-proxy-auto-detection,2,96,12.599999994039536
fireside,1,buffering-proxy-auto-detection,2,97,18.19999998807907
fireside,1,buffering-proxy-auto-detection,2,98,19.5
fireside,1,buffering-proxy-auto-detection,2,99,20.700000017881393
fireside,1,buffering-proxy-auto-detection,2,100,20.19999998807907
fireside,1,long-polling,3,1,21.69999998807907
fireside,1,long-polling,3,2,18.099999994039536
fireside,1,long-polling,3,3,11.400000005960464
fireside,1,long-polling,3,4,18.099999994039536
fireside,1,long-polling,3,5,20.5
fireside,1,long-polling,3,6,18.599999994039536
fireside,1,long-polling,3,7,11
fireside,1,long-polling,3,8,11.900000005960464
fireside,1,long-polling,3,9,11.300000011920929
fireside,1,long-polling,3,10,17.900000005960464
fireside,1,long-polling,3,11,18.5
fireside,1,long-polling,3,12,17.899999976158142
fireside,1,long-polling,3,13,13.800000011920929
fireside,1,long-polling,3,14,17.80000001192093
fireside,1,long-polling,3,15,11.099999994039536
fireside,1,long-polling,3,16,12.299999982118607
fireside,1,long-polling,3,17,16.5
fireside,1,long-polling,3,18,9.800000011920929
fireside,1,long-polling,3,19,10.699999988079071
fireside,1,long-polling,3,20,10.900000005960464
fireside,1,long-polling,3,21,12
fireside,1,long-polling,3,22,17.400000005960464
fireside,1,long-polling,3,23,11.400000005960464
fireside,1,long-polling,3,24,10.900000005960464
fireside,1,long-polling,3,25,16.5
fireside,1,long-polling,3,26,16.599999994039536
fireside,1,long-polling,3,27,14.400000005960464
fireside,1,long-polling,3,28,11.299999982118607
fireside,1,long-polling,3,29,12.099999994039536
fireside,1,long-polling,3,30,17.400000005960464
fireside,1,long-polling,3,31,11.400000005960464
fireside,1,long-polling,3,32,17.900000005960464
fireside,1,long-polling,3,33,11.799999982118607
fireside,1,long-polling,3,34,11.700000017881393
fireside,1,long-polling,3,35,15.599999994039536
fireside,1,long-polling,3,36,10.900000005960464
fireside,1,long-polling,3,37,12.799999982118607
fireside,1,long-polling,3,38,11.700000017881393
fireside,1,long-polling,3,39,15.599999994039536
fireside,1,long-polling,3,40,9.5
fireside,1,long-polling,3,41,9.800000011920929
fireside,1,long-polling,3,42,10.599999994039536
fireside,1,long-polling,3,43,13.699999988079071
fireside,1,long-polling,3,44,16
fireside,1,long-polling,3,45,10.200000017881393
fireside,1,long-polling,3,46,9.799999982118607
fireside,1,long-polling,3,47,9.700000017881393
fireside,1,long-polling,3,48,10.799999982118607
fireside,1,long-polling,3,49,10.400000005960464
fireside,1,long-polling,3,50,10.599999994039536
fireside,1,long-polling,3,51,9.800000011920929
fireside,1,long-polling,3,52,10.300000011920929
fireside,1,long-polling,3,53,10.399999976158142
fireside,1,long-polling,3,54,17.5
fireside,1,long-polling,3,55,10.700000017881393
fireside,1,long-polling,3,56,13.199999988079071
fireside,1,long-polling,3,57,15.5
fireside,1,long-polling,3,58,11.099999994039536
fireside,1,long-polling,3,59,9.300000011920929
fireside,1,long-polling,3,60,11.800000011920929
fireside,1,long-polling,3,61,13.099999994039536
fireside,1,long-polling,3,62,17.400000005960464
fireside,1,long-polling,3,63,21.19999998807907
fireside,1,long-polling,3,64,18.69999998807907
fireside,1,long-polling,3,65,21.400000005960464
fireside,1,long-polling,3,66,18.400000005960464
fireside,1,long-polling,3,67,15.199999988079071
fireside,1,long-polling,3,68,15.300000011920929
fireside,1,long-polling,3,69,21.19999998807907
fireside,1,long-polling,3,70,20.600000023841858
fireside,1,long-polling,3,71,18.899999976158142
fireside,1,long-polling,3,72,18.600000023841858
fireside,1,long-polling,3,73,13.299999982118607
fireside,1,long-polling,3,74,17.700000017881393
fireside,1,long-polling,3,75,19.299999982118607
fireside,1,long-polling,3,76,13.900000005960464
fireside,1,long-polling,3,77,16.099999994039536
fireside,1,long-polling,3,78,13.700000017881393
fireside,1,long-polling,3,79,16.399999976158142
fireside,1,long-polling,3,80,20
fireside,1,long-polling,3,81,14
fireside,1,long-polling,3,82,16.5
fireside,1,long-polling,3,83,19.700000017881393
fireside,1,long-polling,3,84,20.19999998807907
fireside,1,long-polling,3,85,18
fireside,1,long-polling,3,86,20.100000023841858
fireside,1,long-polling,3,87,16.19999998807907
fireside,1,long-polling,3,88,16.19999998807907
fireside,1,long-polling,3,89,18
fireside,1,long-polling,3,90,12.400000005960464
fireside,1,long-polling,3,91,18.099999994039536
fireside,1,long-polling,3,92,13.400000005960464
fireside,1,long-polling,3,93,17
fireside,1,long-polling,3,94,21.099999994039536
fireside,1,long-polling,3,95,19.80000001192093
fireside,1,long-polling,3,96,19.80000001192093
fireside,1,long-polling,3,97,20.599999994039536
fireside,1,long-polling,3,98,18.19999998807907
fireside,1,long-polling,3,99,15.5
fireside,1,long-polling,3,100,15
fireside,1,streaming,3,1,10.699999988079071
fireside,1,streaming,3,2,9.700000017881393
fireside,1,streaming,3,3,9.5
fireside,1,streaming,3,4,9.899999976158142
fireside,1,streaming,3,5,9.700000017881393
fireside,1,streaming,3,6,9.599999994039536
fireside,1,streaming,3,7,10.199999988079071
fireside,1,streaming,3,8,10.800000011920929
fireside,1,streaming,3,9,11.699999988079071
fireside,1,streaming,3,10,8.800000011920929
fireside,1,streaming,3,11,9.5
fireside,1,streaming,3,12,9.400000005960464
fireside,1,streaming,3,13,10.400000005960464
fireside,1,streaming,3,14,10.099999994039536
fireside,1,streaming,3,15,10.299999982118607
fireside,1,streaming,3,16,10
fireside,1,streaming,3,17,11.800000011920929
fireside,1,streaming,3,18,10.699999988079071
fireside,1,streaming,3,19,16.5
fireside,1,streaming,3,20,11.400000005960464
fireside,1,streaming,3,21,11.900000005960464
fireside,1,streaming,3,22,11.400000005960464
fireside,1,streaming,3,23,15.299999982118607
fireside,1,streaming,3,24,11.200000017881393
fireside,1,streaming,3,25,10.5
fireside,1,streaming,3,26,11
fireside,1,streaming,3,27,10.699999988079071
fireside,1,streaming,3,28,10.700000017881393
fireside,1,streaming,3,29,16.799999982118607
fireside,1,streaming,3,30,11.099999994039536
fireside,1,streaming,3,31,11.200000017881393
fireside,1,streaming,3,32,10.099999994039536
fireside,1,streaming,3,33,8.099999994039536
fireside,1,streaming,3,34,10.099999994039536
fireside,1,streaming,3,35,11.5
fireside,1,streaming,3,36,10.200000017881393
fireside,1,streaming,3,37,10.900000005960464
fireside,1,streaming,3,38,10.799999982118607
fireside,1,streaming,3,39,15.800000011920929
fireside,1,streaming,3,40,10.900000005960464
fireside,1,streaming,3,41,10.5
fireside,1,streaming,3,42,10.5
fireside,1,streaming,3,43,10.599999994039536
fireside,1,streaming,3,44,10.599999994039536
fireside,1,streaming,3,45,10.099999994039536
fireside,1,streaming,3,46,10.300000011920929
fireside,1,streaming,3,47,10.300000011920929
fireside,1,streaming,3,48,15.799999982118607
fireside,1,streaming,3,49,10.099999994039536
fireside,1,streaming,3,50,10
fireside,1,streaming,3,51,9.800000011920929
fireside,1,streaming,3,52,10.400000005960464
fireside,1,streaming,3,53,9.900000005960464
fireside,1,streaming,3,54,10.5
fireside,1,streaming,3,55,12.099999994039536
fireside,1,streaming,3,56,8.299999982118607
fireside,1,streaming,3,57,9.600000023841858
fireside,1,streaming,3,58,8.299999982118607
fireside,1,streaming,3,59,10.300000011920929
fireside,1,streaming,3,60,10.599999994039536
fireside,1,streaming,3,61,9.300000011920929
fireside,1,streaming,3,62,10.099999994039536
fireside,1,streaming,3,63,10.199999988079071
fireside,1,streaming,3,64,10
fireside,1,streaming,3,65,10.300000011920929
fireside,1,streaming,3,66,9.5
fireside,1,streaming,3,67,10
fireside,1,streaming,3,68,10.900000005960464
fireside,1,streaming,3,69,9.599999994039536
fireside,1,streaming,3,70,9.900000005960464
fireside,1,streaming,3,71,9.599999994039536
fireside,1,streaming,3,72,9.799999982118607
fireside,1,streaming,3,73,10.400000005960464
fireside,1,streaming,3,74,10
fireside,1,streaming,3,75,10.200000017881393
fireside,1,streaming,3,76,10.099999994039536
fireside,1,streaming,3,77,9.900000005960464
fireside,1,streaming,3,78,10
fireside,1,streaming,3,79,9.799999982118607
fireside,1,streaming,3,80,11.300000011920929
fireside,1,streaming,3,81,10.699999988079071
fireside,1,streaming,3,82,11.099999994039536
fireside,1,streaming,3,83,11.600000023841858
fireside,1,streaming,3,84,15.599999994039536
fireside,1,streaming,3,85,10.5
fireside,1,streaming,3,86,10.400000005960464
fireside,1,streaming,3,87,9.699999988079071
fireside,1,streaming,3,88,10
fireside,1,streaming,3,89,10.200000017881393
fireside,1,streaming,3,90,9.199999988079071
fireside,1,streaming,3,91,9.400000005960464
fireside,1,streaming,3,92,9.699999988079071
fireside,1,streaming,3,93,10.5
fireside,1,streaming,3,94,10.300000011920929
fireside,1,streaming,3,95,9.900000005960464
fireside,1,streaming,3,96,10.599999994039536
fireside,1,streaming,3,97,10.199999988079071
fireside,1,streaming,3,98,10.800000011920929
fireside,1,streaming,3,99,10.199999988079071
fireside,1,streaming,3,100,7.9000000059604645
fireside,1,buffering-proxy-auto-detection,3,1,18.700000017881393
fireside,1,buffering-proxy-auto-detection,3,2,19.5
fireside,1,buffering-proxy-auto-detection,3,3,20
fireside,1,buffering-proxy-auto-detection,3,4,17.799999982118607
fireside,1,buffering-proxy-auto-detection,3,5,19.700000017881393
fireside,1,buffering-proxy-auto-detection,3,6,19.799999982118607
fireside,1,buffering-proxy-auto-detection,3,7,12.300000011920929
fireside,1,buffering-proxy-auto-detection,3,8,18.30000001192093
fireside,1,buffering-proxy-auto-detection,3,9,11.899999976158142
fireside,1,buffering-proxy-auto-detection,3,10,17.600000023841858
fireside,1,buffering-proxy-auto-detection,3,11,12.399999976158142
fireside,1,buffering-proxy-auto-detection,3,12,18.200000017881393
fireside,1,buffering-proxy-auto-detection,3,13,19.5
fireside,1,buffering-proxy-auto-detection,3,14,12.099999994039536
fireside,1,buffering-proxy-auto-detection,3,15,18.099999994039536
fireside,1,buffering-proxy-auto-detection,3,16,10.900000005960464
fireside,1,buffering-proxy-auto-detection,3,17,17.80000001192093
fireside,1,buffering-proxy-auto-detection,3,18,9
fireside,1,buffering-proxy-auto-detection,3,19,10.399999976158142
fireside,1,buffering-proxy-auto-detection,3,20,10.300000011920929
fireside,1,buffering-proxy-auto-detection,3,21,10.400000005960464
fireside,1,buffering-proxy-auto-detection,3,22,9.199999988079071
fireside,1,buffering-proxy-auto-detection,3,23,10.200000017881393
fireside,1,buffering-proxy-auto-detection,3,24,10.099999994039536
fireside,1,buffering-proxy-auto-detection,3,25,10.400000005960464
fireside,1,buffering-proxy-auto-detection,3,26,9.599999994039536
fireside,1,buffering-proxy-auto-detection,3,27,10.099999994039536
fireside,1,buffering-proxy-auto-detection,3,28,10
fireside,1,buffering-proxy-auto-detection,3,29,12.099999994039536
fireside,1,buffering-proxy-auto-detection,3,30,8.099999994039536
fireside,1,buffering-proxy-auto-detection,3,31,10.5
fireside,1,buffering-proxy-auto-detection,3,32,9.400000005960464
fireside,1,buffering-proxy-auto-detection,3,33,10.400000005960464
fireside,1,buffering-proxy-auto-detection,3,34,13
fireside,1,buffering-proxy-auto-detection,3,35,18.400000005960464
fireside,1,buffering-proxy-auto-detection,3,36,12.199999988079071
fireside,1,buffering-proxy-auto-detection,3,37,18.200000017881393
fireside,1,buffering-proxy-auto-detection,3,38,19.299999982118607
fireside,1,buffering-proxy-auto-detection,3,39,20.30000001192093
fireside,1,buffering-proxy-auto-detection,3,40,20.400000005960464
fireside,1,buffering-proxy-auto-detection,3,41,20
fireside,1,buffering-proxy-auto-detection,3,42,21.899999976158142
fireside,1,buffering-proxy-auto-detection,3,43,19.30000001192093
fireside,1,buffering-proxy-auto-detection,3,44,19.400000005960464
fireside,1,buffering-proxy-auto-detection,3,45,20.400000005960464
fireside,1,buffering-proxy-auto-detection,3,46,20.5
fireside,1,buffering-proxy-auto-detection,3,47,19.399999976158142
fireside,1,buffering-proxy-auto-detection,3,48,20.400000005960464
fireside,1,buffering-proxy-auto-detection,3,49,19.400000005960464
fireside,1,buffering-proxy-auto-detection,3,50,20.400000005960464
fireside,1,buffering-proxy-auto-detection,3,51,20.5
fireside,1,buffering-proxy-auto-detection,3,52,19.400000005960464
fireside,1,buffering-proxy-auto-detection,3,53,20.299999982118607
fireside,1,buffering-proxy-auto-detection,3,54,19.30000001192093
fireside,1,buffering-proxy-auto-detection,3,55,20
fireside,1,buffering-proxy-auto-detection,3,56,18.19999998807907
fireside,1,buffering-proxy-auto-detection,3,57,12.099999994039536
fireside,1,buffering-proxy-auto-detection,3,58,18.30000001192093
fireside,1,buffering-proxy-auto-detection,3,59,11.900000005960464
fireside,1,buffering-proxy-auto-detection,3,60,18.69999998807907
fireside,1,buffering-proxy-auto-detection,3,61,12.200000017881393
fireside,1,buffering-proxy-auto-detection,3,62,16.899999976158142
fireside,1,buffering-proxy-auto-detection,3,63,12.100000023841858
fireside,1,buffering-proxy-auto-detection,3,64,18.399999976158142
fireside,1,buffering-proxy-auto-detection,3,65,11.900000005960464
fireside,1,buffering-proxy-auto-detection,3,66,18.5
fireside,1,buffering-proxy-auto-detection,3,67,18.900000005960464
fireside,1,buffering-proxy-auto-detection,3,68,16.19999998807907
fireside,1,buffering-proxy-auto-detection,3,69,17.30000001192093
fireside,1,buffering-proxy-auto-detection,3,70,19.5
fireside,1,buffering-proxy-auto-detection,3,71,17.900000005960464
fireside,1,buffering-proxy-auto-detection,3,72,20.299999982118607
fireside,1,buffering-proxy-auto-detection,3,73,21.600000023841858
fireside,1,buffering-proxy-auto-detection,3,74,19.299999982118607
fireside,1,buffering-proxy-auto-detection,3,75,19.80000001192093
fireside,1,buffering-proxy-auto-detection,3,76,19.69999998807907
fireside,1,buffering-proxy-auto-detection,3,77,20.599999994039536
fireside,1,buffering-proxy-auto-detection,3,78,19.400000005960464
fireside,1,buffering-proxy-auto-detection,3,79,21.200000017881393
fireside,1,buffering-proxy-auto-detection,3,80,19.299999982118607
fireside,1,buffering-proxy-auto-detection,3,81,20.599999994039536
fireside,1,buffering-proxy-auto-detection,3,82,19.200000017881393
fireside,1,buffering-proxy-auto-detection,3,83,20.099999994039536
fireside,1,buffering-proxy-auto-detection,3,84,19.900000005960464
fireside,1,buffering-proxy-auto-detection,3,85,20.599999994039536
fireside,1,buffering-proxy-auto-detection,3,86,19.099999994039536
fireside,1,buffering-proxy-auto-detection,3,87,19.400000005960464
fireside,1,buffering-proxy-auto-detection,3,88,20.900000005960464
fireside,1,buffering-proxy-auto-detection,3,89,20.299999982118607
fireside,1,buffering-proxy-auto-detection,3,90,20.30000001192093
fireside,1,buffering-proxy-auto-detection,3,91,20.19999998807907
fireside,1,buffering-proxy-auto-detection,3,92,19.200000017881393
fireside,1,buffering-proxy-auto-detection,3,93,20
fireside,1,buffering-proxy-auto-detection,3,94,20
fireside,1,buffering-proxy-auto-detection,3,95,21
fireside,1,buffering-proxy-auto-detection,3,96,19.599999994039536
fireside,1,buffering-proxy-auto-detection,3,97,20.099999994039536
fireside,1,buffering-proxy-auto-detection,3,98,17.599999994039536
fireside,1,buffering-proxy-auto-detection,3,99,13.200000017881393
fireside,1,buffering-proxy-auto-detection,3,100,15.799999982118607
java,2,long-polling,1,1,21.599999994039536
java,2,long-polling,1,2,21.400000005960464
java,2,long-polling,1,3,16.799999982118607
java,2,long-polling,1,4,17.099999994039536
java,2,long-polling,1,5,22.600000023841858
java,2,long-polling,1,6,23.399999976158142
java,2,long-polling,1,7,22.900000005960464
java,2,long-polling,1,8,18.599999994039536
java,2,long-polling,1,9,18.5
java,2,long-polling,1,10,18.100000023841858
java,2,long-polling,1,11,20.799999982118607
java,2,long-polling,1,12,18.5
java,2,long-polling,1,13,18.400000005960464
java,2,long-polling,1,14,17.400000005960464
java,2,long-polling,1,15,18.799999982118607
java,2,long-polling,1,16,20.200000017881393
java,2,long-polling,1,17,20
java,2,long-polling,1,18,19.599999994039536
java,2,long-polling,1,19,21.900000005960464
java,2,long-polling,1,20,19
java,2,long-polling,1,21,19.400000005960464
java,2,long-polling,1,22,17.799999982118607
java,2,long-polling,1,23,17.600000023841858
java,2,long-polling,1,24,15.899999976158142
java,2,long-polling,1,25,16
java,2,long-polling,1,26,19.69999998807907
java,2,long-polling,1,27,18
java,2,long-polling,1,28,14.400000005960464
java,2,long-polling,1,29,16.69999998807907
java,2,long-polling,1,30,15.600000023841858
java,2,long-polling,1,31,15.699999988079071
java,2,long-polling,1,32,16.900000005960464
java,2,long-polling,1,33,18
java,2,long-polling,1,34,15.199999988079071
java,2,long-polling,1,35,18.200000017881393
java,2,long-polling,1,36,16.299999982118607
java,2,long-polling,1,37,18.80000001192093
java,2,long-polling,1,38,18.099999994039536
java,2,long-polling,1,39,17.19999998807907
java,2,long-polling,1,40,16.700000017881393
java,2,long-polling,1,41,16.900000005960464
java,2,long-polling,1,42,18.299999982118607
java,2,long-polling,1,43,19.200000017881393
java,2,long-polling,1,44,20.099999994039536
java,2,long-polling,1,45,17.900000005960464
java,2,long-polling,1,46,18.099999994039536
java,2,long-polling,1,47,18.400000005960464
java,2,long-polling,1,48,20
java,2,long-polling,1,49,15.699999988079071
java,2,long-polling,1,50,18.099999994039536
java,2,long-polling,1,51,16
java,2,long-polling,1,52,17.700000017881393
java,2,long-polling,1,53,18.099999994039536
java,2,long-polling,1,54,19
java,2,long-polling,1,55,18.900000005960464
java,2,long-polling,1,56,17.299999982118607
java,2,long-polling,1,57,17.200000017881393
java,2,long-polling,1,58,17.5
java,2,long-polling,1,59,17.399999976158142
java,2,long-polling,1,60,17.5
java,2,long-polling,1,61,19.200000017881393
java,2,long-polling,1,62,18.299999982118607
java,2,long-polling,1,63,17.600000023841858
java,2,long-polling,1,64,19
java,2,long-polling,1,65,17.399999976158142
java,2,long-polling,1,66,18.30000001192093
java,2,long-polling,1,67,19.599999994039536
java,2,long-polling,1,68,21.30000001192093
java,2,long-polling,1,69,20.19999998807907
java,2,long-polling,1,70,16.900000005960464
java,2,long-polling,1,71,17
java,2,long-polling,1,72,16.80000001192093
java,2,long-polling,1,73,17.599999994039536
java,2,long-polling,1,74,17.299999982118607
java,2,long-polling,1,75,16.30000001192093
java,2,long-polling,1,76,19.599999994039536
java,2,long-polling,1,77,17.5
java,2,long-polling,1,78,21.700000017881393
java,2,long-polling,1,79,19.399999976158142
java,2,long-polling,1,80,20.80000001192093
java,2,long-polling,1,81,18.400000005960464
java,2,long-polling,1,82,19.5
java,2,long-polling,1,83,19.599999994039536
java,2,long-polling,1,84,16.19999998807907
java,2,long-polling,1,85,19.900000005960464
java,2,long-polling,1,86,16.30000001192093
java,2,long-polling,1,87,15.199999988079071
java,2,long-polling,1,88,16.599999994039536
java,2,long-polling,1,89,17.5
java,2,long-polling,1,90,16.30000001192093
java,2,long-polling,1,91,16.30000001192093
java,2,long-polling,1,92,15.5
java,2,long-polling,1,93,18.19999998807907
java,2,long-polling,1,94,15.199999988079071
java,2,long-polling,1,95,19.100000023841858
java,2,long-polling,1,96,16.899999976158142
java,2,long-polling,1,97,17.100000023841858
java,2,long-polling,1,98,19
java,2,long-polling,1,99,18.799999982118607
java,2,long-polling,1,100,17.400000005960464
java,2,streaming,1,1,16.19999998807907
java,2,streaming,1,2,13.900000005960464
java,2,streaming,1,3,12.5
java,2,streaming,1,4,9.599999994039536
java,2,streaming,1,5,11.400000005960464
java,2,streaming,1,6,12.299999982118607
java,2,streaming,1,7,13.5
java,2,streaming,1,8,14.200000017881393
java,2,streaming,1,9,15.199999988079071
java,2,streaming,1,10,11.5
java,2,streaming,1,11,12.599999994039536
java,2,streaming,1,12,12.600000023841858
java,2,streaming,1,13,10.299999982118607
java,2,streaming,1,14,9
java,2,streaming,1,15,10.400000005960464
java,2,streaming,1,16,9.5
java,2,streaming,1,17,9.099999994039536
java,2,streaming,1,18,9.5
java,2,streaming,1,19,9.200000017881393
java,2,streaming,1,20,11.299999982118607
java,2,streaming,1,21,10.5
java,2,streaming,1,22,12.5
java,2,streaming,1,23,11.300000011920929
java,2,streaming,1,24,12.400000005960464
java,2,streaming,1,25,11.199999988079071
java,2,streaming,1,26,12.300000011920929
java,2,streaming,1,27,13.299999982118607
java,2,streaming,1,28,11.700000017881393
java,2,streaming,1,29,13.5
java,2,streaming,1,30,12.799999982118607
java,2,streaming,1,31,11.5
java,2,streaming,1,32,10.900000005960464
java,2,streaming,1,33,11.699999988079071
java,2,streaming,1,34,10.800000011920929
java,2,streaming,1,35,11.599999994039536
java,2,streaming,1,36,8.700000017881393
java,2,streaming,1,37,9.5
java,2,streaming,1,38,9.699999988079071
java,2,streaming,1,39,10
java,2,streaming,1,40,13.099999994039536
java,2,streaming,1,41,10.599999994039536
java,2,streaming,1,42,13.300000011920929
java,2,streaming,1,43,14.099999994039536
java,2,streaming,1,44,11.900000005960464
java,2,streaming,1,45,12.900000005960464
java,2,streaming,1,46,9.400000005960464
java,2,streaming,1,47,10.5
java,2,streaming,1,48,9.899999976158142
java,2,streaming,1,49,11.400000005960464
java,2,streaming,1,50,10.300000011920929
java,2,streaming,1,51,9.799999982118607
java,2,streaming,1,52,10.5
java,2,streaming,1,53,10.600000023841858
java,2,streaming,1,54,8.799999982118607
java,2,streaming,1,55,10.700000017881393
java,2,streaming,1,56,11
java,2,streaming,1,57,10.899999976158142
java,2,streaming,1,58,10.600000023841858
java,2,streaming,1,59,10.399999976158142
java,2,streaming,1,60,11
java,2,streaming,1,61,13.600000023841858
java,2,streaming,1,62,12.899999976158142
java,2,streaming,1,63,11.800000011920929
java,2,streaming,1,64,11.400000005960464
java,2,streaming,1,65,15.099999994039536
java,2,streaming,1,66,8.5
java,2,streaming,1,67,13.5
java,2,streaming,1,68,13.900000005960464
java,2,streaming,1,69,12.5
java,2,streaming,1,70,13
java,2,streaming,1,71,13.400000005960464
java,2,streaming,1,72,10.199999988079071
java,2,streaming,1,73,14.199999988079071
java,2,streaming,1,74,11.400000005960464
java,2,streaming,1,75,11.300000011920929
java,2,streaming,1,76,13.400000005960464
java,2,streaming,1,77,14.899999976158142
java,2,streaming,1,78,17.200000017881393
java,2,streaming,1,79,15.299999982118607
java,2,streaming,1,80,12.100000023841858
java,2,streaming,1,81,10.699999988079071
java,2,streaming,1,82,9.599999994039536
java,2,streaming,1,83,9.700000017881393
java,2,streaming,1,84,9.799999982118607
java,2,streaming,1,85,12.300000011920929
java,2,streaming,1,86,14.900000005960464
java,2,streaming,1,87,8.899999976158142
java,2,streaming,1,88,10.5
java,2,streaming,1,89,10.400000005960464
java,2,streaming,1,90,10.900000005960464
java,2,streaming,1,91,11
java,2,streaming,1,92,12.5
java,2,streaming,1,93,15.699999988079071
java,2,streaming,1,94,11.399999976158142
java,2,streaming,1,95,11.300000011920929
java,2,streaming,1,96,13.800000011920929
java,2,streaming,1,97,12.099999994039536
java,2,streaming,1,98,8.5
java,2,streaming,1,99,9.199999988079071
java,2,streaming,1,100,8.5
java,2,buffering-proxy-auto-detection,1,1,15.099999994039536
java,2,buffering-proxy-auto-detection,1,2,14.900000005960464
java,2,buffering-proxy-auto-detection,1,3,15.300000011920929
java,2,buffering-proxy-auto-detection,1,4,16.69999998807907
java,2,buffering-proxy-auto-detection,1,5,22.5
java,2,buffering-proxy-auto-detection,1,6,20.30000001192093
java,2,buffering-proxy-auto-detection,1,7,16.400000005960464
java,2,buffering-proxy-auto-detection,1,8,14.099999994039536
java,2,buffering-proxy-auto-detection,1,9,18.299999982118607
java,2,buffering-proxy-auto-detection,1,10,13.900000005960464
java,2,buffering-proxy-auto-detection,1,11,14.400000005960464
java,2,buffering-proxy-auto-detection,1,12,14.300000011920929
java,2,buffering-proxy-auto-detection,1,13,14.399999976158142
java,2,buffering-proxy-auto-detection,1,14,14.900000005960464
java,2,buffering-proxy-auto-detection,1,15,14.300000011920929
java,2,buffering-proxy-auto-detection,1,16,14.5
java,2,buffering-proxy-auto-detection,1,17,16
java,2,buffering-proxy-auto-detection,1,18,15.299999982118607
java,2,buffering-proxy-auto-detection,1,19,14.400000005960464
java,2,buffering-proxy-auto-detection,1,20,14.300000011920929
java,2,buffering-proxy-auto-detection,1,21,13.900000005960464
java,2,buffering-proxy-auto-detection,1,22,16.599999994039536
java,2,buffering-proxy-auto-detection,1,23,15.900000005960464
java,2,buffering-proxy-auto-detection,1,24,14.5
java,2,buffering-proxy-auto-detection,1,25,15.099999994039536
java,2,buffering-proxy-auto-detection,1,26,15.599999994039536
java,2,buffering-proxy-auto-detection,1,27,14.300000011920929
java,2,buffering-proxy-auto-detection,1,28,16.69999998807907
java,2,buffering-proxy-auto-detection,1,29,15.800000011920929
java,2,buffering-proxy-auto-detection,1,30,15.099999994039536
java,2,buffering-proxy-auto-detection,1,31,14.699999988079071
java,2,buffering-proxy-auto-detection,1,32,14.700000017881393
java,2,buffering-proxy-auto-detection,1,33,18.69999998807907
java,2,buffering-proxy-auto-detection,1,34,14.5
java,2,buffering-proxy-auto-detection,1,35,14.300000011920929
java,2,buffering-proxy-auto-detection,1,36,16.5
java,2,buffering-proxy-auto-detection,1,37,15.199999988079071
java,2,buffering-proxy-auto-detection,1,38,14.699999988079071
java,2,buffering-proxy-auto-detection,1,39,14.100000023841858
java,2,buffering-proxy-auto-detection,1,40,16
java,2,buffering-proxy-auto-detection,1,41,14.599999994039536
java,2,buffering-proxy-auto-detection,1,42,14.400000005960464
java,2,buffering-proxy-auto-detection,1,43,14.599999994039536
java,2,buffering-proxy-auto-detection,1,44,14.400000005960464
java,2,buffering-proxy-auto-detection,1,45,14
java,2,buffering-proxy-auto-detection,1,46,15.599999994039536
java,2,buffering-proxy-auto-detection,1,47,16
java,2,buffering-proxy-auto-detection,1,48,17.69999998807907
java,2,buffering-proxy-auto-detection,1,49,18.5
java,2,buffering-proxy-auto-detection,1,50,14.100000023841858
java,2,buffering-proxy-auto-detection,1,51,14.399999976158142
java,2,buffering-proxy-auto-detection,1,52,16.400000005960464
java,2,buffering-proxy-auto-detection,1,53,14.200000017881393
java,2,buffering-proxy-auto-detection,1,54,15.799999982118607
java,2,buffering-proxy-auto-detection,1,55,14.300000011920929
java,2,buffering-proxy-auto-detection,1,56,15.199999988079071
java,2,buffering-proxy-auto-detection,1,57,13.800000011920929
java,2,buffering-proxy-auto-detection,1,58,16.5
java,2,buffering-proxy-auto-detection,1,59,13.900000005960464
java,2,buffering-proxy-auto-detection,1,60,14.299999982118607
java,2,buffering-proxy-auto-detection,1,61,17.700000017881393
java,2,buffering-proxy-auto-detection,1,62,16
java,2,buffering-proxy-auto-detection,1,63,14.599999994039536
java,2,buffering-proxy-auto-detection,1,64,14.5
java,2,buffering-proxy-auto-detection,1,65,14.299999982118607
java,2,buffering-proxy-auto-detection,1,66,14.700000017881393
java,2,buffering-proxy-auto-detection,1,67,14.699999988079071
java,2,buffering-proxy-auto-detection,1,68,14.700000017881393
java,2,buffering-proxy-auto-detection,1,69,14.899999976158142
java,2,buffering-proxy-auto-detection,1,70,15
java,2,buffering-proxy-auto-detection,1,71,19.099999994039536
java,2,buffering-proxy-auto-detection,1,72,18.099999994039536
java,2,buffering-proxy-auto-detection,1,73,14.5
java,2,buffering-proxy-auto-detection,1,74,12.699999988079071
java,2,buffering-proxy-auto-detection,1,75,15.100000023841858
java,2,buffering-proxy-auto-detection,1,76,12.699999988079071
java,2,buffering-proxy-auto-detection,1,77,14.099999994039536
java,2,buffering-proxy-auto-detection,1,78,14.400000005960464
java,2,buffering-proxy-auto-detection,1,79,14.5
java,2,buffering-proxy-auto-detection,1,80,12.699999988079071
java,2,buffering-proxy-auto-detection,1,81,18.600000023841858
java,2,buffering-proxy-auto-detection,1,82,16.099999994039536
java,2,buffering-proxy-auto-detection,1,83,15.099999994039536
java,2,buffering-proxy-auto-detection,1,84,21.69999998807907
java,2,buffering-proxy-auto-detection,1,85,21.30000001192093
java,2,buffering-proxy-auto-detection,1,86,13.5
java,2,buffering-proxy-auto-detection,1,87,15.199999988079071
java,2,buffering-proxy-auto-detection,1,88,14.200000017881393
java,2,buffering-proxy-auto-detection,1,89,14.699999988079071
java,2,buffering-proxy-auto-detection,1,90,14.599999994039536
java,2,buffering-proxy-auto-detection,1,91,15.600000023841858
java,2,buffering-proxy-auto-detection,1,92,14.799999982118607
java,2,buffering-proxy-auto-detection,1,93,15.200000017881393
java,2,buffering-proxy-auto-detection,1,94,12.599999994039536
java,2,buffering-proxy-auto-detection,1,95,15.799999982118607
java,2,buffering-proxy-auto-detection,1,96,16.200000017881393
java,2,buffering-proxy-auto-detection,1,97,16.299999982118607
java,2,buffering-proxy-auto-detection,1,98,15.100000023841858
java,2,buffering-proxy-auto-detection,1,99,14.699999988079071
java,2,buffering-proxy-auto-detection,1,100,13.5
java,2,long-polling,2,1,28.299999982118607
java,2,long-polling,2,2,17.200000017881393
java,2,long-polling,2,3,15.5
java,2,long-polling,2,4,16.799999982118607
java,2,long-polling,2,5,15.5
java,2,long-polling,2,6,16.099999994039536
java,2,long-polling,2,7,18.400000005960464
java,2,long-polling,2,8,16.200000017881393
java,2,long-polling,2,9,14.299999982118607
java,2,long-polling,2,10,14.200000017881393
java,2,long-polling,2,11,15.399999976158142
java,2,long-polling,2,12,16
java,2,long-polling,2,13,14.600000023841858
java,2,long-polling,2,14,15.399999976158142
java,2,long-polling,2,15,15.300000011920929
java,2,long-polling,2,16,18.69999998807907
java,2,long-polling,2,17,18.100000023841858
java,2,long-polling,2,18,13.899999976158142
java,2,long-polling,2,19,16.80000001192093
java,2,long-polling,2,20,17.599999994039536
java,2,long-polling,2,21,20.30000001192093
java,2,long-polling,2,22,13.699999988079071
java,2,long-polling,2,23,15.300000011920929
java,2,long-polling,2,24,16.099999994039536
java,2,long-polling,2,25,17.69999998807907
java,2,long-polling,2,26,13.700000017881393
java,2,long-polling,2,27,15.400000005960464
java,2,long-polling,2,28,16.399999976158142
java,2,long-polling,2,29,15.100000023841858
java,2,long-polling,2,30,14.599999994039536
java,2,long-polling,2,31,13.5
java,2,long-polling,2,32,13.599999994039536
java,2,long-polling,2,33,13.900000005960464
java,2,long-polling,2,34,14.199999988079071
java,2,long-polling,2,35,15
java,2,long-polling,2,36,16.599999994039536
java,2,long-polling,2,37,14.600000023841858
java,2,long-polling,2,38,15.199999988079071
java,2,long-polling,2,39,16.30000001192093
java,2,long-polling,2,40,22
java,2,long-polling,2,41,18.399999976158142
java,2,long-polling,2,42,17.5
java,2,long-polling,2,43,15.900000005960464
java,2,long-polling,2,44,17.5
java,2,long-polling,2,45,14
java,2,long-polling,2,46,18.30000001192093
java,2,long-polling,2,47,17.400000005960464
java,2,long-polling,2,48,19.69999998807907
java,2,long-polling,2,49,15.099999994039536
java,2,long-polling,2,50,15.900000005960464
java,2,long-polling,2,51,16.80000001192093
java,2,long-polling,2,52,18.19999998807907
java,2,long-polling,2,53,16.099999994039536
java,2,long-polling,2,54,14.200000017881393
java,2,long-polling,2,55,14.5
java,2,long-polling,2,56,19.099999994039536
java,2,long-polling,2,57,13.599999994039536
java,2,long-polling,2,58,15
java,2,long-polling,2,59,15.300000011920929
java,2,long-polling,2,60,16.899999976158142
java,2,long-polling,2,61,15.800000011920929
java,2,long-polling,2,62,16.69999998807907
java,2,long-polling,2,63,17.100000023841858
java,2,long-polling,2,64,15.899999976158142
java,2,long-polling,2,65,18.5
java,2,long-polling,2,66,14.200000017881393
java,2,long-polling,2,67,16.099999994039536
java,2,long-polling,2,68,13.800000011920929
java,2,long-polling,2,69,16.799999982118607
java,2,long-polling,2,70,14.099999994039536
java,2,long-polling,2,71,16
java,2,long-polling,2,72,15.700000017881393
java,2,long-polling,2,73,14.299999982118607
java,2,long-polling,2,74,14.400000005960464
java,2,long-polling,2,75,16.099999994039536
java,2,long-polling,2,76,15.100000023841858
java,2,long-polling,2,77,16.799999982118607
java,2,long-polling,2,78,22.599999994039536
java,2,long-polling,2,79,18
java,2,long-polling,2,80,14
java,2,long-polling,2,81,15.899999976158142
java,2,long-polling,2,82,16.100000023841858
java,2,long-polling,2,83,19.099999994039536
java,2,long-polling,2,84,14.900000005960464
java,2,long-polling,2,85,18.099999994039536
java,2,long-polling,2,86,14.699999988079071
java,2,long-polling,2,87,14.300000011920929
java,2,long-polling,2,88,14.599999994039536
java,2,long-polling,2,89,14.300000011920929
java,2,long-polling,2,90,17.19999998807907
java,2,long-polling,2,91,16.30000001192093
java,2,long-polling,2,92,13.5
java,2,long-polling,2,93,16
java,2,long-polling,2,94,15
java,2,long-polling,2,95,16.299999982118607
java,2,long-polling,2,96,15.800000011920929
java,2,long-polling,2,97,15.099999994039536
java,2,long-polling,2,98,17.599999994039536
java,2,long-polling,2,99,14
java,2,long-polling,2,100,17.80000001192093
java,2,streaming,2,1,13
java,2,streaming,2,2,12
java,2,streaming,2,3,8.5
java,2,streaming,2,4,8.800000011920929
java,2,streaming,2,5,10.199999988079071
java,2,streaming,2,6,10.200000017881393
java,2,streaming,2,7,18.69999998807907
java,2,streaming,2,8,10.5
java,2,streaming,2,9,8.900000005960464
java,2,streaming,2,10,12.299999982118607
java,2,streaming,2,11,13.600000023841858
java,2,streaming,2,12,10.899999976158142
java,2,streaming,2,13,12.400000005960464
java,2,streaming,2,14,12.200000017881393
java,2,streaming,2,15,11.699999988079071
java,2,streaming,2,16,9.900000005960464
java,2,streaming,2,17,11.5
java,2,streaming,2,18,11.299999982118607
java,2,streaming,2,19,12.700000017881393
java,2,streaming,2,20,13.400000005960464
java,2,streaming,2,21,16
java,2,streaming,2,22,15.599999994039536
java,2,streaming,2,23,12.400000005960464
java,2,streaming,2,24,10
java,2,streaming,2,25,9.899999976158142
java,2,streaming,2,26,9.300000011920929
java,2,streaming,2,27,10.199999988079071
java,2,streaming,2,28,9.100000023841858
java,2,streaming,2,29,9
java,2,streaming,2,30,12
java,2,streaming,2,31,10.799999982118607
java,2,streaming,2,32,10.5
java,2,streaming,2,33,12.900000005960464
java,2,streaming,2,34,11
java,2,streaming,2,35,12.400000005960464
java,2,streaming,2,36,10.799999982118607
java,2,streaming,2,37,12.700000017881393
java,2,streaming,2,38,9.299999982118607
java,2,streaming,2,39,9.200000017881393
java,2,streaming,2,40,10.400000005960464
java,2,streaming,2,41,9.799999982118607
java,2,streaming,2,42,10.300000011920929
java,2,streaming,2,43,10.5
java,2,streaming,2,44,11.400000005960464
java,2,streaming,2,45,11.899999976158142
java,2,streaming,2,46,10.600000023841858
java,2,streaming,2,47,10.399999976158142
java,2,streaming,2,48,10.600000023841858
java,2,streaming,2,49,10
java,2,streaming,2,50,15.099999994039536
java,2,streaming,2,51,11.799999982118607
java,2,streaming,2,52,10.900000005960464
java,2,streaming,2,53,9
java,2,streaming,2,54,9
java,2,streaming,2,55,9.400000005960464
java,2,streaming,2,56,8
java,2,streaming,2,57,8.400000005960464
java,2,streaming,2,58,12.799999982118607
java,2,streaming,2,59,8.700000017881393
java,2,streaming,2,60,12.900000005960464
java,2,streaming,2,61,13.5
java,2,streaming,2,62,11.199999988079071
java,2,streaming,2,63,11.199999988079071
java,2,streaming,2,64,10.700000017881393
java,2,streaming,2,65,12.299999982118607
java,2,streaming,2,66,10.900000005960464
java,2,streaming,2,67,8.800000011920929
java,2,streaming,2,68,8.699999988079071
java,2,streaming,2,69,12.700000017881393
java,2,streaming,2,70,10.599999994039536
java,2,streaming,2,71,10.5
java,2,streaming,2,72,9.5
java,2,streaming,2,73,11.599999994039536
java,2,streaming,2,74,11
java,2,streaming,2,75,11
java,2,streaming,2,76,15.400000005960464
java,2,streaming,2,77,11
java,2,streaming,2,78,9.5
java,2,streaming,2,79,9.599999994039536
java,2,streaming,2,80,10.099999994039536
java,2,streaming,2,81,16.30000001192093
java,2,streaming,2,82,14.799999982118607
java,2,streaming,2,83,13.600000023841858
java,2,streaming,2,84,11.399999976158142
java,2,streaming,2,85,11.600000023841858
java,2,streaming,2,86,12.099999994039536
java,2,streaming,2,87,13
java,2,streaming,2,88,15.900000005960464
java,2,streaming,2,89,19
java,2,streaming,2,90,13.400000005960464
java,2,streaming,2,91,9.5
java,2,streaming,2,92,11.099999994039536
java,2,streaming,2,93,12.099999994039536
java,2,streaming,2,94,14.199999988079071
java,2,streaming,2,95,14.5
java,2,streaming,2,96,12.600000023841858
java,2,streaming,2,97,14.799999982118607
java,2,streaming,2,98,11.900000005960464
java,2,streaming,2,99,12.5
java,2,streaming,2,100,10.800000011920929
java,2,buffering-proxy-auto-detection,2,1,20.5
java,2,buffering-proxy-auto-detection,2,2,17.5
java,2,buffering-proxy-auto-detection,2,3,18.80000001192093
java,2,buffering-proxy-auto-detection,2,4,14.5
java,2,buffering-proxy-auto-detection,2,5,18.19999998807907
java,2,buffering-proxy-auto-detection,2,6,18.80000001192093
java,2,buffering-proxy-auto-detection,2,7,20.19999998807907
java,2,buffering-proxy-auto-detection,2,8,21.200000017881393
java,2,buffering-proxy-auto-detection,2,9,25.299999982118607
java,2,buffering-proxy-auto-detection,2,10,16.80000001192093
java,2,buffering-proxy-auto-detection,2,11,16.80000001192093
java,2,buffering-proxy-auto-detection,2,12,17.899999976158142
java,2,buffering-proxy-auto-detection,2,13,18.80000001192093
java,2,buffering-proxy-auto-detection,2,14,19.599999994039536
java,2,buffering-proxy-auto-detection,2,15,20.200000017881393
java,2,buffering-proxy-auto-detection,2,16,18.299999982118607
java,2,buffering-proxy-auto-detection,2,17,14.099999994039536
java,2,buffering-proxy-auto-detection,2,18,14.100000023841858
java,2,buffering-proxy-auto-detection,2,19,17.799999982118607
java,2,buffering-proxy-auto-detection,2,20,14.400000005960464
java,2,buffering-proxy-auto-detection,2,21,14.099999994039536
java,2,buffering-proxy-auto-detection,2,22,13.800000011920929
java,2,buffering-proxy-auto-detection,2,23,15.599999994039536
java,2,buffering-proxy-auto-detection,2,24,15
java,2,buffering-proxy-auto-detection,2,25,16
java,2,buffering-proxy-auto-detection,2,26,16.5
java,2,buffering-proxy-auto-detection,2,27,16
java,2,buffering-proxy-auto-detection,2,28,15.900000005960464
java,2,buffering-proxy-auto-detection,2,29,15.300000011920929
java,2,buffering-proxy-auto-detection,2,30,16
java,2,buffering-proxy-auto-detection,2,31,15.599999994039536
java,2,buffering-proxy-auto-detection,2,32,19.80000001192093
java,2,buffering-proxy-auto-detection,2,33,15.5
java,2,buffering-proxy-auto-detection,2,34,15.699999988079071
java,2,buffering-proxy-auto-detection,2,35,14.800000011920929
java,2,buffering-proxy-auto-detection,2,36,15.399999976158142
java,2,buffering-proxy-auto-detection,2,37,15.700000017881393
java,2,buffering-proxy-auto-detection,2,38,15.799999982118607
java,2,buffering-proxy-auto-detection,2,39,16.80000001192093
java,2,buffering-proxy-auto-detection,2,40,16.400000005960464
java,2,buffering-proxy-auto-detection,2,41,15.599999994039536
java,2,buffering-proxy-auto-detection,2,42,14.599999994039536
java,2,buffering-proxy-auto-detection,2,43,14.099999994039536
java,2,buffering-proxy-auto-detection,2,44,16.700000017881393
java,2,buffering-proxy-auto-detection,2,45,15.599999994039536
java,2,buffering-proxy-auto-detection,2,46,15.400000005960464
java,2,buffering-proxy-auto-detection,2,47,16
java,2,buffering-proxy-auto-detection,2,48,16.69999998807907
java,2,buffering-proxy-auto-detection,2,49,15.900000005960464
java,2,buffering-proxy-auto-detection,2,50,14.199999988079071
java,2,buffering-proxy-auto-detection,2,51,14.800000011920929
java,2,buffering-proxy-auto-detection,2,52,17
java,2,buffering-proxy-auto-detection,2,53,17.19999998807907
java,2,buffering-proxy-auto-detection,2,54,15.900000005960464
java,2,buffering-proxy-auto-detection,2,55,15.099999994039536
java,2,buffering-proxy-auto-detection,2,56,15.800000011920929
java,2,buffering-proxy-auto-detection,2,57,16.19999998807907
java,2,buffering-proxy-auto-detection,2,58,15.700000017881393
java,2,buffering-proxy-auto-detection,2,59,16
java,2,buffering-proxy-auto-detection,2,60,16.299999982118607
java,2,buffering-proxy-auto-detection,2,61,16.200000017881393
java,2,buffering-proxy-auto-detection,2,62,15.400000005960464
java,2,buffering-proxy-auto-detection,2,63,15.099999994039536
java,2,buffering-proxy-auto-detection,2,64,19.400000005960464
java,2,buffering-proxy-auto-detection,2,65,14
java,2,buffering-proxy-auto-detection,2,66,14.299999982118607
java,2,buffering-proxy-auto-detection,2,67,14.800000011920929
java,2,buffering-proxy-auto-detection,2,68,13.799999982118607
java,2,buffering-proxy-auto-detection,2,69,15.200000017881393
java,2,buffering-proxy-auto-detection,2,70,14.799999982118607
java,2,buffering-proxy-auto-detection,2,71,14.800000011920929
java,2,buffering-proxy-auto-detection,2,72,14.099999994039536
java,2,buffering-proxy-auto-detection,2,73,15.200000017881393
java,2,buffering-proxy-auto-detection,2,74,14.5
java,2,buffering-proxy-auto-detection,2,75,14.899999976158142
java,2,buffering-proxy-auto-detection,2,76,15.600000023841858
java,2,buffering-proxy-auto-detection,2,77,17
java,2,buffering-proxy-auto-detection,2,78,15
java,2,buffering-proxy-auto-detection,2,79,14.899999976158142
java,2,buffering-proxy-auto-detection,2,80,15.5
java,2,buffering-proxy-auto-detection,2,81,15.300000011920929
java,2,buffering-proxy-auto-detection,2,82,15.699999988079071
java,2,buffering-proxy-auto-detection,2,83,15.300000011920929
java,2,buffering-proxy-auto-detection,2,84,14.700000017881393
java,2,buffering-proxy-auto-detection,2,85,14.799999982118607
java,2,buffering-proxy-auto-detection,2,86,14.700000017881393
java,2,buffering-proxy-auto-detection,2,87,14.5
java,2,buffering-proxy-auto-detection,2,88,14.299999982118607
java,2,buffering-proxy-auto-detection,2,89,14.400000005960464
java,2,buffering-proxy-auto-detection,2,90,13.900000005960464
java,2,buffering-proxy-auto-detection,2,91,13.799999982118607
java,2,buffering-proxy-auto-detection,2,92,14.800000011920929
java,2,buffering-proxy-auto-detection,2,93,14.900000005960464
java,2,buffering-proxy-auto-detection,2,94,14
java,2,buffering-proxy-auto-detection,2,95,14.299999982118607
java,2,buffering-proxy-auto-detection,2,96,13.700000017881393
java,2,buffering-proxy-auto-detection,2,97,14.299999982118607
java,2,buffering-proxy-auto-detection,2,98,15.900000005960464
java,2,buffering-proxy-auto-detection,2,99,19.099999994039536
java,2,buffering-proxy-auto-detection,2,100,15.700000017881393
java,2,long-polling,3,1,19.400000005960464
java,2,long-polling,3,2,15.5
java,2,long-polling,3,3,17.399999976158142
java,2,long-polling,3,4,14.5
java,2,long-polling,3,5,16.200000017881393
java,2,long-polling,3,6,16.900000005960464
java,2,long-polling,3,7,17.599999994039536
java,2,long-polling,3,8,18.19999998807907
java,2,long-polling,3,9,14.800000011920929
java,2,long-polling,3,10,16.299999982118607
java,2,long-polling,3,11,16
java,2,long-polling,3,12,15.900000005960464
java,2,long-polling,3,13,15.800000011920929
java,2,long-polling,3,14,15.300000011920929
java,2,long-polling,3,15,15.699999988079071
java,2,long-polling,3,16,15.5
java,2,long-polling,3,17,16.400000005960464
java,2,long-polling,3,18,20.400000005960464
java,2,long-polling,3,19,18.099999994039536
java,2,long-polling,3,20,15
java,2,long-polling,3,21,16.799999982118607
java,2,long-polling,3,22,13.600000023841858
java,2,long-polling,3,23,17.5
java,2,long-polling,3,24,15
java,2,long-polling,3,25,14.899999976158142
java,2,long-polling,3,26,15.800000011920929
java,2,long-polling,3,27,15.5
java,2,long-polling,3,28,16.69999998807907
java,2,long-polling,3,29,16.600000023841858
java,2,long-polling,3,30,15.799999982118607
java,2,long-polling,3,31,16
java,2,long-polling,3,32,20.200000017881393
java,2,long-polling,3,33,21.399999976158142
java,2,long-polling,3,34,19.100000023841858
java,2,long-polling,3,35,15.5
java,2,long-polling,3,36,18.69999998807907
java,2,long-polling,3,37,14.900000005960464
java,2,long-polling,3,38,18.19999998807907
java,2,long-polling,3,39,17.5
java,2,long-polling,3,40,13.599999994039536
java,2,long-polling,3,41,17.200000017881393
java,2,long-polling,3,42,15.199999988079071
java,2,long-polling,3,43,19.30000001192093
java,2,long-polling,3,44,15.599999994039536
java,2,long-polling,3,45,22.30000001192093
java,2,long-polling,3,46,19.5
java,2,long-polling,3,47,16.799999982118607
java,2,long-polling,3,48,19.400000005960464
java,2,long-polling,3,49,18.400000005960464
java,2,long-polling,3,50,16.80000001192093
java,2,long-polling,3,51,15.799999982118607
java,2,long-polling,3,52,17.599999994039536
java,2,long-polling,3,53,16
java,2,long-polling,3,54,12.800000011920929
java,2,long-polling,3,55,16.19999998807907
java,2,long-polling,3,56,14.100000023841858
java,2,long-polling,3,57,13.5
java,2,long-polling,3,58,15.399999976158142
java,2,long-polling,3,59,19.30000001192093
java,2,long-polling,3,60,15.5
java,2,long-polling,3,61,14.400000005960464
java,2,long-polling,3,62,16.19999998807907
java,2,long-polling,3,63,12.900000005960464
java,2,long-polling,3,64,17.69999998807907
java,2,long-polling,3,65,15.600000023841858
java,2,long-polling,3,66,13.599999994039536
java,2,long-polling,3,67,13.599999994039536
java,2,long-polling,3,68,14.800000011920929
java,2,long-polling,3,69,15.099999994039536
java,2,long-polling,3,70,14.099999994039536
java,2,long-polling,3,71,13.800000011920929
java,2,long-polling,3,72,16
java,2,long-polling,3,73,15.099999994039536
java,2,long-polling,3,74,17.299999982118607
java,2,long-polling,3,75,12.800000011920929
java,2,long-polling,3,76,13.599999994039536
java,2,long-polling,3,77,13.300000011920929
java,2,long-polling,3,78,15.699999988079071
java,2,long-polling,3,79,13.400000005960464
java,2,long-polling,3,80,16.30000001192093
java,2,long-polling,3,81,13.199999988079071
java,2,long-polling,3,82,19.599999994039536
java,2,long-polling,3,83,16.5
java,2,long-polling,3,84,15.599999994039536
java,2,long-polling,3,85,12.900000005960464
java,2,long-polling,3,86,15.800000011920929
java,2,long-polling,3,87,14
java,2,long-polling,3,88,13.900000005960464
java,2,long-polling,3,89,14.099999994039536
java,2,long-polling,3,90,19.599999994039536
java,2,long-polling,3,91,17.30000001192093
java,2,long-polling,3,92,19.099999994039536
java,2,long-polling,3,93,13.099999994039536
java,2,long-polling,3,94,13.699999988079071
java,2,long-polling,3,95,15.5
java,2,long-polling,3,96,13.5
java,2,long-polling,3,97,14.700000017881393
java,2,long-polling,3,98,13
java,2,long-polling,3,99,15
java,2,long-polling,3,100,16.099999994039536
java,2,streaming,3,1,9.400000005960464
java,2,streaming,3,2,9.400000005960464
java,2,streaming,3,3,10.699999988079071
java,2,streaming,3,4,8.599999994039536
java,2,streaming,3,5,9.300000011920929
java,2,streaming,3,6,8.800000011920929
java,2,streaming,3,7,9.5
java,2,streaming,3,8,9.699999988079071
java,2,streaming,3,9,8.700000017881393
java,2,streaming,3,10,9.400000005960464
java,2,streaming,3,11,10.5
java,2,streaming,3,12,10.299999982118607
java,2,streaming,3,13,11.800000011920929
java,2,streaming,3,14,9.5
java,2,streaming,3,15,9.400000005960464
java,2,streaming,3,16,10.699999988079071
java,2,streaming,3,17,8.900000005960464
java,2,streaming,3,18,9.400000005960464
java,2,streaming,3,19,8.199999988079071
java,2,streaming,3,20,10.5
java,2,streaming,3,21,8.900000005960464
java,2,streaming,3,22,9.900000005960464
java,2,streaming,3,23,8.599999994039536
java,2,streaming,3,24,8.700000017881393
java,2,streaming,3,25,9.399999976158142
java,2,streaming,3,26,10.600000023841858
java,2,streaming,3,27,11.299999982118607
java,2,streaming,3,28,6.5
java,2,streaming,3,29,11.800000011920929
java,2,streaming,3,30,12.099999994039536
java,2,streaming,3,31,11.599999994039536
java,2,streaming,3,32,12.400000005960464
java,2,streaming,3,33,13.5
java,2,streaming,3,34,12.5
java,2,streaming,3,35,11.300000011920929
java,2,streaming,3,36,11.299999982118607
java,2,streaming,3,37,10.400000005960464
java,2,streaming,3,38,9.099999994039536
java,2,streaming,3,39,10.099999994039536
java,2,streaming,3,40,8.100000023841858
java,2,streaming,3,41,9
java,2,streaming,3,42,11.099999994039536
java,2,streaming,3,43,8.599999994039536
java,2,streaming,3,44,8.900000005960464
java,2,streaming,3,45,12.599999994039536
java,2,streaming,3,46,9.900000005960464
java,2,streaming,3,47,8.599999994039536
java,2,streaming,3,48,8.900000005960464
java,2,streaming,3,49,11
java,2,streaming,3,50,10.400000005960464
java,2,streaming,3,51,10.5
java,2,streaming,3,52,10.799999982118607
java,2,streaming,3,53,11.5
java,2,streaming,3,54,18.600000023841858
java,2,streaming,3,55,10.199999988079071
java,2,streaming,3,56,15.800000011920929
java,2,streaming,3,57,12.899999976158142
java,2,streaming,3,58,9.900000005960464
java,2,streaming,3,59,10.200000017881393
java,2,streaming,3,60,8
java,2,streaming,3,61,8.599999994039536
java,2,streaming,3,62,7.799999982118607
java,2,streaming,3,63,8.800000011920929
java,2,streaming,3,64,8.400000005960464
java,2,streaming,3,65,11
java,2,streaming,3,66,9.5
java,2,streaming,3,67,12.900000005960464
java,2,streaming,3,68,11.899999976158142
java,2,streaming,3,69,11.200000017881393
java,2,streaming,3,70,10.699999988079071
java,2,streaming,3,71,11.800000011920929
java,2,streaming,3,72,9.5
java,2,streaming,3,73,9.199999988079071
java,2,streaming,3,74,9.099999994039536
java,2,streaming,3,75,9.100000023841858
java,2,streaming,3,76,12.799999982118607
java,2,streaming,3,77,11.800000011920929
java,2,streaming,3,78,8.5
java,2,streaming,3,79,9.199999988079071
java,2,streaming,3,80,11
java,2,streaming,3,81,11.099999994039536
java,2,streaming,3,82,17.5
java,2,streaming,3,83,10.700000017881393
java,2,streaming,3,84,13.199999988079071
java,2,streaming,3,85,10.900000005960464
java,2,streaming,3,86,13.800000011920929
java,2,streaming,3,87,13.5
java,2,streaming,3,88,13.599999994039536
java,2,streaming,3,89,9.799999982118607
java,2,streaming,3,90,10
java,2,streaming,3,91,13.5
java,2,streaming,3,92,10.400000005960464
java,2,streaming,3,93,11.599999994039536
java,2,streaming,3,94,12.600000023841858
java,2,streaming,3,95,15.5
java,2,streaming,3,96,17.599999994039536
java,2,streaming,3,97,11.299999982118607
java,2,streaming,3,98,8.700000017881393
java,2,streaming,3,99,10.299999982118607
java,2,streaming,3,100,13.100000023841858
java,2,buffering-proxy-auto-detection,3,1,23.299999982118607
java,2,buffering-proxy-auto-detection,3,2,18.30000001192093
java,2,buffering-proxy-auto-detection,3,3,14.400000005960464
java,2,buffering-proxy-auto-detection,3,4,15.300000011920929
java,2,buffering-proxy-auto-detection,3,5,14.5
java,2,buffering-proxy-auto-detection,3,6,14.699999988079071
java,2,buffering-proxy-auto-detection,3,7,18.599999994039536
java,2,buffering-proxy-auto-detection,3,8,20.599999994039536
java,2,buffering-proxy-auto-detection,3,9,15.700000017881393
java,2,buffering-proxy-auto-detection,3,10,15.400000005960464
java,2,buffering-proxy-auto-detection,3,11,18
java,2,buffering-proxy-auto-detection,3,12,16.399999976158142
java,2,buffering-proxy-auto-detection,3,13,17.600000023841858
java,2,buffering-proxy-auto-detection,3,14,13.699999988079071
java,2,buffering-proxy-auto-detection,3,15,18.5
java,2,buffering-proxy-auto-detection,3,16,21.30000001192093
java,2,buffering-proxy-auto-detection,3,17,21.599999994039536
java,2,buffering-proxy-auto-detection,3,18,17.400000005960464
java,2,buffering-proxy-auto-detection,3,19,19.5
java,2,buffering-proxy-auto-detection,3,20,17.899999976158142
java,2,buffering-proxy-auto-detection,3,21,16.099999994039536
java,2,buffering-proxy-auto-detection,3,22,14.400000005960464
java,2,buffering-proxy-auto-detection,3,23,16.899999976158142
java,2,buffering-proxy-auto-detection,3,24,17.400000005960464
java,2,buffering-proxy-auto-detection,3,25,13.400000005960464
java,2,buffering-proxy-auto-detection,3,26,17.5
java,2,buffering-proxy-auto-detection,3,27,16.400000005960464
java,2,buffering-proxy-auto-detection,3,28,16.400000005960464
java,2,buffering-proxy-auto-detection,3,29,15.5
java,2,buffering-proxy-auto-detection,3,30,13.199999988079071
java,2,buffering-proxy-auto-detection,3,31,13.599999994039536
java,2,buffering-proxy-auto-detection,3,32,12.900000005960464
java,2,buffering-proxy-auto-detection,3,33,14.599999994039536
java,2,buffering-proxy-auto-detection,3,34,14.599999994039536
java,2,buffering-proxy-auto-detection,3,35,17.30000001192093
java,2,buffering-proxy-auto-detection,3,36,14.099999994039536
java,2,buffering-proxy-auto-detection,3,37,18.099999994039536
java,2,buffering-proxy-auto-detection,3,38,15.800000011920929
java,2,buffering-proxy-auto-detection,3,39,17.099999994039536
java,2,buffering-proxy-auto-detection,3,40,16.900000005960464
java,2,buffering-proxy-auto-detection,3,41,17.80000001192093
java,2,buffering-proxy-auto-detection,3,42,19.69999998807907
java,2,buffering-proxy-auto-detection,3,43,17.69999998807907
java,2,buffering-proxy-auto-detection,3,44,14.600000023841858
java,2,buffering-proxy-auto-detection,3,45,20
java,2,buffering-proxy-auto-detection,3,46,16.399999976158142
java,2,buffering-proxy-auto-detection,3,47,14.5
java,2,buffering-proxy-auto-detection,3,48,16.80000001192093
java,2,buffering-proxy-auto-detection,3,49,19
java,2,buffering-proxy-auto-detection,3,50,17.900000005960464
java,2,buffering-proxy-auto-detection,3,51,16.69999998807907
java,2,buffering-proxy-auto-detection,3,52,19.30000001192093
java,2,buffering-proxy-auto-detection,3,53,18.400000005960464
java,2,buffering-proxy-auto-detection,3,54,16.599999994039536
java,2,buffering-proxy-auto-detection,3,55,13.599999994039536
java,2,buffering-proxy-auto-detection,3,56,13.5
java,2,buffering-proxy-auto-detection,3,57,13.599999994039536
java,2,buffering-proxy-auto-detection,3,58,13.099999994039536
java,2,buffering-proxy-auto-detection,3,59,13.100000023841858
java,2,buffering-proxy-auto-detection,3,60,13.799999982118607
java,2,buffering-proxy-auto-detection,3,61,13.099999994039536
java,2,buffering-proxy-auto-detection,3,62,13.300000011920929
java,2,buffering-proxy-auto-detection,3,63,17.19999998807907
java,2,buffering-proxy-auto-detection,3,64,14.300000011920929
java,2,buffering-proxy-auto-detection,3,65,16.30000001192093
java,2,buffering-proxy-auto-detection,3,66,12.699999988079071
java,2,buffering-proxy-auto-detection,3,67,13
java,2,buffering-proxy-auto-detection,3,68,13.5
java,2,buffering-proxy-auto-detection,3,69,13.099999994039536
java,2,buffering-proxy-auto-detection,3,70,18.099999994039536
java,2,buffering-proxy-auto-detection,3,71,16.200000017881393
java,2,buffering-proxy-auto-detection,3,72,14.5
java,2,buffering-proxy-auto-detection,3,73,14.799999982118607
java,2,buffering-proxy-auto-detection,3,74,15.200000017881393
java,2,buffering-proxy-auto-detection,3,75,17.900000005960464
java,2,buffering-proxy-auto-detection,3,76,19.400000005960464
java,2,buffering-proxy-auto-detection,3,77,14.099999994039536
java,2,buffering-proxy-auto-detection,3,78,13.799999982118607
java,2,buffering-proxy-auto-detection,3,79,14.900000005960464
java,2,buffering-proxy-auto-detection,3,80,14.599999994039536
java,2,buffering-proxy-auto-detection,3,81,14.5
java,2,buffering-proxy-auto-detection,3,82,14.800000011920929
java,2,buffering-proxy-auto-detection,3,83,14.800000011920929
java,2,buffering-proxy-auto-detection,3,84,14.899999976158142
java,2,buffering-proxy-auto-detection,3,85,15.100000023841858
java,2,buffering-proxy-auto-detection,3,86,14
java,2,buffering-proxy-auto-detection,3,87,14.899999976158142
java,2,buffering-proxy-auto-detection,3,88,14.600000023841858
java,2,buffering-proxy-auto-detection,3,89,13.799999982118607
java,2,buffering-proxy-auto-detection,3,90,13
java,2,buffering-proxy-auto-detection,3,91,14
java,2,buffering-proxy-auto-detection,3,92,16.099999994039536
java,2,buffering-proxy-auto-detection,3,93,16.80000001192093
java,2,buffering-proxy-auto-detection,3,94,12.900000005960464
java,2,buffering-proxy-auto-detection,3,95,13.5
java,2,buffering-proxy-auto-detection,3,96,13.900000005960464
java,2,buffering-proxy-auto-detection,3,97,14.199999988079071
java,2,buffering-proxy-auto-detection,3,98,14.400000005960464
java,2,buffering-proxy-auto-detection,3,99,15.099999994039536
java,2,buffering-proxy-auto-detection,3,100,15.900000005960464
java,3,long-polling,1,1,18.19999998807907
java,3,long-polling,1,2,16.5
java,3,long-polling,1,3,18.80000001192093
java,3,long-polling,1,4,20.399999976158142
java,3,long-polling,1,5,16.30000001192093
java,3,long-polling,1,6,16.80000001192093
java,3,long-polling,1,7,18.799999982118607
java,3,long-polling,1,8,16.80000001192093
java,3,long-polling,1,9,16.400000005960464
java,3,long-polling,1,10,16.799999982118607
java,3,long-polling,1,11,16.400000005960464
java,3,long-polling,1,12,17
java,3,long-polling,1,13,15.800000011920929
java,3,long-polling,1,14,16.599999994039536
java,3,long-polling,1,15,15.799999982118607
java,3,long-polling,1,16,17.200000017881393
java,3,long-polling,1,17,17.19999998807907
java,3,long-polling,1,18,19.200000017881393
java,3,long-polling,1,19,20.299999982118607
java,3,long-polling,1,20,17.900000005960464
java,3,long-polling,1,21,19.599999994039536
java,3,long-polling,1,22,15.200000017881393
java,3,long-polling,1,23,17.69999998807907
java,3,long-polling,1,24,16
java,3,long-polling,1,25,18.30000001192093
java,3,long-polling,1,26,21.900000005960464
java,3,long-polling,1,27,21.899999976158142
java,3,long-polling,1,28,18.200000017881393
java,3,long-polling,1,29,16.799999982118607
java,3,long-polling,1,30,21.200000017881393
java,3,long-polling,1,31,17
java,3,long-polling,1,32,15.799999982118607
java,3,long-polling,1,33,19
java,3,long-polling,1,34,19
java,3,long-polling,1,35,16.400000005960464
java,3,long-polling,1,36,17.5
java,3,long-polling,1,37,17
java,3,long-polling,1,38,17.700000017881393
java,3,long-polling,1,39,19.599999994039536
java,3,long-polling,1,40,19.299999982118607
java,3,long-polling,1,41,20.400000005960464
java,3,long-polling,1,42,16.900000005960464
java,3,long-polling,1,43,18.80000001192093
java,3,long-polling,1,44,19
java,3,long-polling,1,45,17
java,3,long-polling,1,46,21.299999982118607
java,3,long-polling,1,47,18.700000017881393
java,3,long-polling,1,48,18.099999994039536
java,3,long-polling,1,49,17.799999982118607
java,3,long-polling,1,50,17.80000001192093
java,3,long-polling,1,51,19.30000001192093
java,3,long-polling,1,52,18.299999982118607
java,3,long-polling,1,53,19.900000005960464
java,3,long-polling,1,54,17.599999994039536
java,3,long-polling,1,55,20.80000001192093
java,3,long-polling,1,56,18.299999982118607
java,3,long-polling,1,57,18.80000001192093
java,3,long-polling,1,58,19.19999998807907
java,3,long-polling,1,59,18.600000023841858
java,3,long-polling,1,60,17.599999994039536
java,3,long-polling,1,61,18.299999982118607
java,3,long-polling,1,62,19.400000005960464
java,3,long-polling,1,63,18.599999994039536
java,3,long-polling,1,64,17.900000005960464
java,3,long-polling,1,65,19.099999994039536
java,3,long-polling,1,66,17.900000005960464
java,3,long-polling,1,67,20.5
java,3,long-polling,1,68,18.099999994039536
java,3,long-polling,1,69,19.100000023841858
java,3,long-polling,1,70,25
java,3,long-polling,1,71,20.5
java,3,long-polling,1,72,18.19999998807907
java,3,long-polling,1,73,18.80000001192093
java,3,long-polling,1,74,17.5
java,3,long-polling,1,75,19.899999976158142
java,3,long-polling,1,76,16.5
java,3,long-polling,1,77,18.5
java,3,long-polling,1,78,16
java,3,long-polling,1,79,16.5
java,3,long-polling,1,80,17.400000005960464
java,3,long-polling,1,81,17.200000017881393
java,3,long-polling,1,82,17.5
java,3,long-polling,1,83,18.399999976158142
java,3,long-polling,1,84,18.5
java,3,long-polling,1,85,16.5
java,3,long-polling,1,86,15.800000011920929
java,3,long-polling,1,87,16.69999998807907
java,3,long-polling,1,88,17.30000001192093
java,3,long-polling,1,89,19.80000001192093
java,3,long-polling,1,90,16.5
java,3,long-polling,1,91,16.5
java,3,long-polling,1,92,16.399999976158142
java,3,long-polling,1,93,18.700000017881393
java,3,long-polling,1,94,14.099999994039536
java,3,long-polling,1,95,15.800000011920929
java,3,long-polling,1,96,15.199999988079071
java,3,long-polling,1,97,15.800000011920929
java,3,long-polling,1,98,14.799999982118607
java,3,long-polling,1,99,15.400000005960464
java,3,long-polling,1,100,16.5
java,3,streaming,1,1,12.599999994039536
java,3,streaming,1,2,11.100000023841858
java,3,streaming,1,3,10.599999994039536
java,3,streaming,1,4,10.099999994039536
java,3,streaming,1,5,9.699999988079071
java,3,streaming,1,6,10
java,3,streaming,1,7,12.5
java,3,streaming,1,8,12.600000023841858
java,3,streaming,1,9,12.899999976158142
java,3,streaming,1,10,13.599999994039536
java,3,streaming,1,11,13.799999982118607
java,3,streaming,1,12,14
java,3,streaming,1,13,15.900000005960464
java,3,streaming,1,14,15.200000017881393
java,3,streaming,1,15,15.599999994039536
java,3,streaming,1,16,16.299999982118607
java,3,streaming,1,17,14.900000005960464
java,3,streaming,1,18,15.599999994039536
java,3,streaming,1,19,14.100000023841858
java,3,streaming,1,20,12
java,3,streaming,1,21,12.299999982118607
java,3,streaming,1,22,16.80000001192093
java,3,streaming,1,23,14.799999982118607
java,3,streaming,1,24,12.400000005960464
java,3,streaming,1,25,11.400000005960464
java,3,streaming,1,26,15.800000011920929
java,3,streaming,1,27,14
java,3,streaming,1,28,10.599999994039536
java,3,streaming,1,29,10.099999994039536
java,3,streaming,1,30,9.699999988079071
java,3,streaming,1,31,10.600000023841858
java,3,streaming,1,32,10.399999976158142
java,3,streaming,1,33,12.200000017881393
java,3,streaming,1,34,9
java,3,streaming,1,35,11.599999994039536
java,3,streaming,1,36,11.900000005960464
java,3,streaming,1,37,13.299999982118607
java,3,streaming,1,38,11.900000005960464
java,3,streaming,1,39,11.599999994039536
java,3,streaming,1,40,9.700000017881393
java,3,streaming,1,41,12.699999988079071
java,3,streaming,1,42,13
java,3,streaming,1,43,13.400000005960464
java,3,streaming,1,44,17
java,3,streaming,1,45,12.400000005960464
java,3,streaming,1,46,13
java,3,streaming,1,47,13.599999994039536
java,3,streaming,1,48,13.199999988079071
java,3,streaming,1,49,11.5
java,3,streaming,1,50,11.700000017881393
java,3,streaming,1,51,11.699999988079071
java,3,streaming,1,52,11.700000017881393
java,3,streaming,1,53,14.099999994039536
java,3,streaming,1,54,14.599999994039536
java,3,streaming,1,55,12.699999988079071
java,3,streaming,1,56,11.700000017881393
java,3,streaming,1,57,10.5
java,3,streaming,1,58,11.199999988079071
java,3,streaming,1,59,10.599999994039536
java,3,streaming,1,60,11.100000023841858
java,3,streaming,1,61,10.799999982118607
java,3,streaming,1,62,12.599999994039536
java,3,streaming,1,63,12.600000023841858
java,3,streaming,1,64,14.799999982118607
java,3,streaming,1,65,13
java,3,streaming,1,66,13.700000017881393
java,3,streaming,1,67,12
java,3,streaming,1,68,11.699999988079071
java,3,streaming,1,69,13.199999988079071
java,3,streaming,1,70,16.100000023841858
java,3,streaming,1,71,14
java,3,streaming,1,72,10.599999994039536
java,3,streaming,1,73,14.699999988079071
java,3,streaming,1,74,12.099999994039536
java,3,streaming,1,75,13.800000011920929
java,3,streaming,1,76,14.599999994039536
java,3,streaming,1,77,19.700000017881393
java,3,streaming,1,78,12.699999988079071
java,3,streaming,1,79,11.5
java,3,streaming,1,80,9.400000005960464
java,3,streaming,1,81,10.699999988079071
java,3,streaming,1,82,12
java,3,streaming,1,83,12.099999994039536
java,3,streaming,1,84,15.199999988079071
java,3,streaming,1,85,12
java,3,streaming,1,86,13.599999994039536
java,3,streaming,1,87,16
java,3,streaming,1,88,15.5
java,3,streaming,1,89,14
java,3,streaming,1,90,15.599999994039536
java,3,streaming,1,91,18.700000017881393
java,3,streaming,1,92,10
java,3,streaming,1,93,15.400000005960464
java,3,streaming,1,94,12.199999988079071
java,3,streaming,1,95,9.699999988079071
java,3,streaming,1,96,12.400000005960464
java,3,streaming,1,97,14.5
java,3,streaming,1,98,13.599999994039536
java,3,streaming,1,99,12.5
java,3,streaming,1,100,13.400000005960464
java,3,buffering-proxy-auto-detection,1,1,23.19999998807907
java,3,buffering-proxy-auto-detection,1,2,23.099999994039536
java,3,buffering-proxy-auto-detection,1,3,21.5
java,3,buffering-proxy-auto-detection,1,4,19.100000023841858
java,3,buffering-proxy-auto-detection,1,5,20.19999998807907
java,3,buffering-proxy-auto-detection,1,6,14.300000011920929
java,3,buffering-proxy-auto-detection,1,7,13.799999982118607
java,3,buffering-proxy-auto-detection,1,8,15.800000011920929
java,3,buffering-proxy-auto-detection,1,9,16.69999998807907
java,3,buffering-proxy-auto-detection,1,10,15.800000011920929
java,3,buffering-proxy-auto-detection,1,11,18.400000005960464
java,3,buffering-proxy-auto-detection,1,12,16.599999994039536
java,3,buffering-proxy-auto-detection,1,13,18.099999994039536
java,3,buffering-proxy-auto-detection,1,14,13.699999988079071
java,3,buffering-proxy-auto-detection,1,15,13.900000005960464
java,3,buffering-proxy-auto-detection,1,16,14
java,3,buffering-proxy-auto-detection,1,17,16.80000001192093
java,3,buffering-proxy-auto-detection,1,18,20.299999982118607
java,3,buffering-proxy-auto-detection,1,19,23.80000001192093
java,3,buffering-proxy-auto-detection,1,20,19.30000001192093
java,3,buffering-proxy-auto-detection,1,21,17.69999998807907
java,3,buffering-proxy-auto-detection,1,22,16.30000001192093
java,3,buffering-proxy-auto-detection,1,23,17.69999998807907
java,3,buffering-proxy-auto-detection,1,24,14.599999994039536
java,3,buffering-proxy-auto-detection,1,25,14.599999994039536
java,3,buffering-proxy-auto-detection,1,26,14.800000011920929
java,3,buffering-proxy-auto-detection,1,27,14.699999988079071
java,3,buffering-proxy-auto-detection,1,28,15.300000011920929
java,3,buffering-proxy-auto-detection,1,29,15.900000005960464
java,3,buffering-proxy-auto-detection,1,30,14.599999994039536
java,3,buffering-proxy-auto-detection,1,31,14.400000005960464
java,3,buffering-proxy-auto-detection,1,32,14.099999994039536
java,3,buffering-proxy-auto-detection,1,33,14.900000005960464
java,3,buffering-proxy-auto-detection,1,34,13.199999988079071
java,3,buffering-proxy-auto-detection,1,35,14.400000005960464
java,3,buffering-proxy-auto-detection,1,36,14.800000011920929
java,3,buffering-proxy-auto-detection,1,37,14.099999994039536
java,3,buffering-proxy-auto-detection,1,38,18.69999998807907
java,3,buffering-proxy-auto-detection,1,39,17
java,3,buffering-proxy-auto-detection,1,40,18.400000005960464
java,3,buffering-proxy-auto-detection,1,41,16
java,3,buffering-proxy-auto-detection,1,42,14.599999994039536
java,3,buffering-proxy-auto-detection,1,43,14.700000017881393
java,3,buffering-proxy-auto-detection,1,44,14.399999976158142
java,3,buffering-proxy-auto-detection,1,45,14.800000011920929
java,3,buffering-proxy-auto-detection,1,46,22.30000001192093
java,3,buffering-proxy-auto-detection,1,47,20
java,3,buffering-proxy-auto-detection,1,48,16.099999994039536
java,3,buffering-proxy-auto-detection,1,49,14.900000005960464
java,3,buffering-proxy-auto-detection,1,50,15.699999988079071
java,3,buffering-proxy-auto-detection,1,51,14.099999994039536
java,3,buffering-proxy-auto-detection,1,52,15
java,3,buffering-proxy-auto-detection,1,53,15.300000011920929
java,3,buffering-proxy-auto-detection,1,54,14.599999994039536
java,3,buffering-proxy-auto-detection,1,55,15.099999994039536
java,3,buffering-proxy-auto-detection,1,56,13.599999994039536
java,3,buffering-proxy-auto-detection,1,57,14.400000005960464
java,3,buffering-proxy-auto-detection,1,58,15.900000005960464
java,3,buffering-proxy-auto-detection,1,59,16.099999994039536
java,3,buffering-proxy-auto-detection,1,60,14.300000011920929
java,3,buffering-proxy-auto-detection,1,61,20.19999998807907
java,3,buffering-proxy-auto-detection,1,62,15.599999994039536
java,3,buffering-proxy-auto-detection,1,63,17.30000001192093
java,3,buffering-proxy-auto-detection,1,64,18.099999994039536
java,3,buffering-proxy-auto-detection,1,65,15.400000005960464
java,3,buffering-proxy-auto-detection,1,66,14.300000011920929
java,3,buffering-proxy-auto-detection,1,67,14.099999994039536
java,3,buffering-proxy-auto-detection,1,68,15.799999982118607
java,3,buffering-proxy-auto-detection,1,69,15.300000011920929
java,3,buffering-proxy-auto-detection,1,70,19
java,3,buffering-proxy-auto-detection,1,71,18.69999998807907
java,3,buffering-proxy-auto-detection,1,72,20.100000023841858
java,3,buffering-proxy-auto-detection,1,73,14.199999988079071
java,3,buffering-proxy-auto-detection,1,74,16.69999998807907
java,3,buffering-proxy-auto-detection,1,75,16.200000017881393
java,3,buffering-proxy-auto-detection,1,76,14.799999982118607
java,3,buffering-proxy-auto-detection,1,77,14.100000023841858
java,3,buffering-proxy-auto-detection,1,78,14.5
java,3,buffering-proxy-auto-detection,1,79,13.699999988079071
java,3,buffering-proxy-auto-detection,1,80,13.699999988079071
java,3,buffering-proxy-auto-detection,1,81,16.900000005960464
java,3,buffering-proxy-auto-detection,1,82,14.599999994039536
java,3,buffering-proxy-auto-detection,1,83,17.80000001192093
java,3,buffering-proxy-auto-detection,1,84,19.599999994039536
java,3,buffering-proxy-auto-detection,1,85,15.400000005960464
java,3,buffering-proxy-auto-detection,1,86,16.400000005960464
java,3,buffering-proxy-auto-detection,1,87,20.19999998807907
java,3,buffering-proxy-auto-detection,1,88,19.099999994039536
java,3,buffering-proxy-auto-detection,1,89,18.900000005960464
java,3,buffering-proxy-auto-detection,1,90,18.200000017881393
java,3,buffering-proxy-auto-detection,1,91,15.199999988079071
java,3,buffering-proxy-auto-detection,1,92,15.699999988079071
java,3,buffering-proxy-auto-detection,1,93,13.800000011920929
java,3,buffering-proxy-auto-detection,1,94,14.300000011920929
java,3,buffering-proxy-auto-detection,1,95,14.799999982118607
java,3,buffering-proxy-auto-detection,1,96,13
java,3,buffering-proxy-auto-detection,1,97,13.400000005960464
java,3,buffering-proxy-auto-detection,1,98,16.69999998807907
java,3,buffering-proxy-auto-detection,1,99,13.700000017881393
java,3,buffering-proxy-auto-detection,1,100,14.400000005960464
java,3,long-polling,2,1,18
java,3,long-polling,2,2,14.400000005960464
java,3,long-polling,2,3,14.899999976158142
java,3,long-polling,2,4,14.700000017881393
java,3,long-polling,2,5,15.5
java,3,long-polling,2,6,16.299999982118607
java,3,long-polling,2,7,15.400000005960464
java,3,long-polling,2,8,18.400000005960464
java,3,long-polling,2,9,14.699999988079071
java,3,long-polling,2,10,19.30000001192093
java,3,long-polling,2,11,14.800000011920929
java,3,long-polling,2,12,18
java,3,long-polling,2,13,13.699999988079071
java,3,long-polling,2,14,18.19999998807907
java,3,long-polling,2,15,15.900000005960464
java,3,long-polling,2,16,14.800000011920929
java,3,long-polling,2,17,19.900000005960464
java,3,long-polling,2,18,17.69999998807907
java,3,long-polling,2,19,18.099999994039536
java,3,long-polling,2,20,12.800000011920929
java,3,long-polling,2,21,18.299999982118607
java,3,long-polling,2,22,15.100000023841858
java,3,long-polling,2,23,14.899999976158142
java,3,long-polling,2,24,16.900000005960464
java,3,long-polling,2,25,17.80000001192093
java,3,long-polling,2,26,14.699999988079071
java,3,long-polling,2,27,13.800000011920929
java,3,long-polling,2,28,16.099999994039536
java,3,long-polling,2,29,15.900000005960464
java,3,long-polling,2,30,17.400000005960464
java,3,long-polling,2,31,22.69999998807907
java,3,long-polling,2,32,16.69999998807907
java,3,long-polling,2,33,19.5
java,3,long-polling,2,34,15.5
java,3,long-polling,2,35,18.200000017881393
java,3,long-polling,2,36,15
java,3,long-polling,2,37,19.69999998807907
java,3,long-polling,2,38,16.5
java,3,long-polling,2,39,19.80000001192093
java,3,long-polling,2,40,20.099999994039536
java,3,long-polling,2,41,16.80000001192093
java,3,long-polling,2,42,18.69999998807907
java,3,long-polling,2,43,16.900000005960464
java,3,long-polling,2,44,15
java,3,long-polling,2,45,16.099999994039536
java,3,long-polling,2,46,16.100000023841858
java,3,long-polling,2,47,15.399999976158142
java,3,long-polling,2,48,19.600000023841858
java,3,long-polling,2,49,18
java,3,long-polling,2,50,18.5
java,3,long-polling,2,51,14.599999994039536
java,3,long-polling,2,52,15.099999994039536
java,3,long-polling,2,53,14.599999994039536
java,3,long-polling,2,54,14.5
java,3,long-polling,2,55,14.800000011920929
java,3,long-polling,2,56,16
java,3,long-polling,2,57,19.900000005960464
java,3,long-polling,2,58,18.19999998807907
java,3,long-polling,2,59,17.599999994039536
java,3,long-polling,2,60,15.700000017881393
java,3,long-polling,2,61,14.699999988079071
java,3,long-polling,2,62,14.300000011920929
java,3,long-polling,2,63,14.799999982118607
java,3,long-polling,2,64,14.900000005960464
java,3,long-polling,2,65,18.099999994039536
java,3,long-polling,2,66,13.5
java,3,long-polling,2,67,13.200000017881393
java,3,long-polling,2,68,14.299999982118607
java,3,long-polling,2,69,13.599999994039536
java,3,long-polling,2,70,15.100000023841858
java,3,long-polling,2,71,14.899999976158142
java,3,long-polling,2,72,16.400000005960464
java,3,long-polling,2,73,16.599999994039536
java,3,long-polling,2,74,16.30000001192093
java,3,long-polling,2,75,15.300000011920929
java,3,long-polling,2,76,16.599999994039536
java,3,long-polling,2,77,15.799999982118607
java,3,long-polling,2,78,14.100000023841858
java,3,long-polling,2,79,15.599999994039536
java,3,long-polling,2,80,15.299999982118607
java,3,long-polling,2,81,17.900000005960464
java,3,long-polling,2,82,16.5
java,3,long-polling,2,83,17.200000017881393
java,3,long-polling,2,84,13.899999976158142
java,3,long-polling,2,85,15.300000011920929
java,3,long-polling,2,86,15.400000005960464
java,3,long-polling,2,87,19.400000005960464
java,3,long-polling,2,88,16.799999982118607
java,3,long-polling,2,89,13.800000011920929
java,3,long-polling,2,90,17.900000005960464
java,3,long-polling,2,91,17.099999994039536
java,3,long-polling,2,92,15.299999982118607
java,3,long-polling,2,93,15.800000011920929
java,3,long-polling,2,94,15.800000011920929
java,3,long-polling,2,95,14.599999994039536
java,3,long-polling,2,96,20
java,3,long-polling,2,97,19.299999982118607
java,3,long-polling,2,98,17.100000023841858
java,3,long-polling,2,99,13.899999976158142
java,3,long-polling,2,100,15.5
java,3,streaming,2,1,11.800000011920929
java,3,streaming,2,2,12.800000011920929
java,3,streaming,2,3,8.299999982118607
java,3,streaming,2,4,11.599999994039536
java,3,streaming,2,5,11.900000005960464
java,3,streaming,2,6,8.599999994039536
java,3,streaming,2,7,11.900000005960464
java,3,streaming,2,8,11.300000011920929
java,3,streaming,2,9,14.799999982118607
java,3,streaming,2,10,13
java,3,streaming,2,11,16.900000005960464
java,3,streaming,2,12,9.599999994039536
java,3,streaming,2,13,15
java,3,streaming,2,14,12.900000005960464
java,3,streaming,2,15,11.700000017881393
java,3,streaming,2,16,11.299999982118607
java,3,streaming,2,17,10.800000011920929
java,3,streaming,2,18,12.599999994039536
java,3,streaming,2,19,13.599999994039536
java,3,streaming,2,20,11.200000017881393
java,3,streaming,2,21,15.900000005960464
java,3,streaming,2,22,16.19999998807907
java,3,streaming,2,23,15.800000011920929
java,3,streaming,2,24,14.199999988079071
java,3,streaming,2,25,14.5
java,3,streaming,2,26,14.199999988079071
java,3,streaming,2,27,11.400000005960464
java,3,streaming,2,28,15.200000017881393
java,3,streaming,2,29,12.299999982118607
java,3,streaming,2,30,13.900000005960464
java,3,streaming,2,31,10.099999994039536
java,3,streaming,2,32,8.700000017881393
java,3,streaming,2,33,9.5
java,3,streaming,2,34,10.899999976158142
java,3,streaming,2,35,11.400000005960464
java,3,streaming,2,36,9.599999994039536
java,3,streaming,2,37,9.200000017881393
java,3,streaming,2,38,10.099999994039536
java,3,streaming,2,39,9.800000011920929
java,3,streaming,2,40,9.5
java,3,streaming,2,41,9.799999982118607
java,3,streaming,2,42,11.099999994039536
java,3,streaming,2,43,10.600000023841858
java,3,streaming,2,44,15.299999982118607
java,3,streaming,2,45,12.5
java,3,streaming,2,46,13.400000005960464
java,3,streaming,2,47,17.30000001192093
java,3,streaming,2,48,8.799999982118607
java,3,streaming,2,49,11.099999994039536
java,3,streaming,2,50,10.700000017881393
java,3,streaming,2,51,12.299999982118607
java,3,streaming,2,52,15.900000005960464
java,3,streaming,2,53,14.5
java,3,streaming,2,54,15.5
java,3,streaming,2,55,15.300000011920929
java,3,streaming,2,56,10
java,3,streaming,2,57,13.799999982118607
java,3,streaming,2,58,13.200000017881393
java,3,streaming,2,59,13.599999994039536
java,3,streaming,2,60,12.599999994039536
java,3,streaming,2,61,9.900000005960464
java,3,streaming,2,62,10.099999994039536
java,3,streaming,2,63,8.800000011920929
java,3,streaming,2,64,11.5
java,3,streaming,2,65,12
java,3,streaming,2,66,10.799999982118607
java,3,streaming,2,67,13.700000017881393
java,3,streaming,2,68,14.699999988079071
java,3,streaming,2,69,9.700000017881393
java,3,streaming,2,70,11.799999982118607
java,3,streaming,2,71,11.099999994039536
java,3,streaming,2,72,14.600000023841858
java,3,streaming,2,73,13.199999988079071
java,3,streaming,2,74,12.099999994039536
java,3,streaming,2,75,12.800000011920929
java,3,streaming,2,76,12.799999982118607
java,3,streaming,2,77,8.900000005960464
java,3,streaming,2,78,9.200000017881393
java,3,streaming,2,79,11.299999982118607
java,3,streaming,2,80,14.300000011920929
java,3,streaming,2,81,9.099999994039536
java,3,streaming,2,82,12.599999994039536
java,3,streaming,2,83,14.099999994039536
java,3,streaming,2,84,13.800000011920929
java,3,streaming,2,85,11.900000005960464
java,3,streaming,2,86,12.199999988079071
java,3,streaming,2,87,11.300000011920929
java,3,streaming,2,88,11.299999982118607
java,3,streaming,2,89,10.700000017881393
java,3,streaming,2,90,10.699999988079071
java,3,streaming,2,91,9.599999994039536
java,3,streaming,2,92,9.800000011920929
java,3,streaming,2,93,9.900000005960464
java,3,streaming,2,94,8.5
java,3,streaming,2,95,8.299999982118607
java,3,streaming,2,96,8.700000017881393
java,3,streaming,2,97,9.299999982118607
java,3,streaming,2,98,8.300000011920929
java,3,streaming,2,99,9.699999988079071
java,3,streaming,2,100,11.5
java,3,buffering-proxy-auto-detection,2,1,24.099999994039536
java,3,buffering-proxy-auto-detection,2,2,19.19999998807907
java,3,buffering-proxy-auto-detection,2,3,22.5
java,3,buffering-proxy-auto-detection,2,4,18.600000023841858
java,3,buffering-proxy-auto-detection,2,5,18.799999982118607
java,3,buffering-proxy-auto-detection,2,6,17
java,3,buffering-proxy-auto-detection,2,7,13.900000005960464
java,3,buffering-proxy-auto-detection,2,8,16.5
java,3,buffering-proxy-auto-detection,2,9,21.599999994039536
java,3,buffering-proxy-auto-detection,2,10,15.300000011920929
java,3,buffering-proxy-auto-detection,2,11,14.299999982118607
java,3,buffering-proxy-auto-detection,2,12,15.800000011920929
java,3,buffering-proxy-auto-detection,2,13,15.800000011920929
java,3,buffering-proxy-auto-detection,2,14,14.399999976158142
java,3,buffering-proxy-auto-detection,2,15,14.400000005960464
java,3,buffering-proxy-auto-detection,2,16,14.300000011920929
java,3,buffering-proxy-auto-detection,2,17,13.900000005960464
java,3,buffering-proxy-auto-detection,2,18,13.5
java,3,buffering-proxy-auto-detection,2,19,18.5
java,3,buffering-proxy-auto-detection,2,20,14.399999976158142
java,3,buffering-proxy-auto-detection,2,21,15.400000005960464
java,3,buffering-proxy-auto-detection,2,22,15
java,3,buffering-proxy-auto-detection,2,23,19.700000017881393
java,3,buffering-proxy-auto-detection,2,24,14.299999982118607
java,3,buffering-proxy-auto-detection,2,25,17.099999994039536
java,3,buffering-proxy-auto-detection,2,26,13.5
java,3,buffering-proxy-auto-detection,2,27,15.100000023841858
java,3,buffering-proxy-auto-detection,2,28,17.799999982118607
java,3,buffering-proxy-auto-detection,2,29,19.900000005960464
java,3,buffering-proxy-auto-detection,2,30,18.900000005960464
java,3,buffering-proxy-auto-detection,2,31,18.5
java,3,buffering-proxy-auto-detection,2,32,15.5
java,3,buffering-proxy-auto-detection,2,33,18
java,3,buffering-proxy-auto-detection,2,34,14.199999988079071
java,3,buffering-proxy-auto-detection,2,35,16.5
java,3,buffering-proxy-auto-detection,2,36,17.80000001192093
java,3,buffering-proxy-auto-detection,2,37,14.199999988079071
java,3,buffering-proxy-auto-detection,2,38,13.700000017881393
java,3,buffering-proxy-auto-detection,2,39,15.399999976158142
java,3,buffering-proxy-auto-detection,2,40,13.400000005960464
java,3,buffering-proxy-auto-detection,2,41,15.200000017881393
java,3,buffering-proxy-auto-detection,2,42,13.599999994039536
java,3,buffering-proxy-auto-detection,2,43,18.400000005960464
java,3,buffering-proxy-auto-detection,2,44,14.199999988079071
java,3,buffering-proxy-auto-detection,2,45,15.300000011920929
java,3,buffering-proxy-auto-detection,2,46,14.799999982118607
java,3,buffering-proxy-auto-detection,2,47,13.300000011920929
java,3,buffering-proxy-auto-detection,2,48,14.699999988079071
java,3,buffering-proxy-auto-detection,2,49,13.800000011920929
java,3,buffering-proxy-auto-detection,2,50,13.900000005960464
java,3,buffering-proxy-auto-detection,2,51,14.699999988079071
java,3,buffering-proxy-auto-detection,2,52,15
java,3,buffering-proxy-auto-detection,2,53,14.700000017881393
java,3,buffering-proxy-auto-detection,2,54,13.799999982118607
java,3,buffering-proxy-auto-detection,2,55,13.400000005960464
java,3,buffering-proxy-auto-detection,2,56,13.800000011920929
java,3,buffering-proxy-auto-detection,2,57,16.899999976158142
java,3,buffering-proxy-auto-detection,2,58,18
java,3,buffering-proxy-auto-detection,2,59,15.900000005960464
java,3,buffering-proxy-auto-detection,2,60,16.400000005960464
java,3,buffering-proxy-auto-detection,2,61,21.69999998807907
java,3,buffering-proxy-auto-detection,2,62,18.600000023841858
java,3,buffering-proxy-auto-detection,2,63,21.099999994039536
java,3,buffering-proxy-auto-detection,2,64,17.299999982118607
java,3,buffering-proxy-auto-detection,2,65,17
java,3,buffering-proxy-auto-detection,2,66,17.100000023841858
java,3,buffering-proxy-auto-detection,2,67,13.399999976158142
java,3,buffering-proxy-auto-detection,2,68,13.200000017881393
java,3,buffering-proxy-auto-detection,2,69,13.299999982118607
java,3,buffering-proxy-auto-detection,2,70,15.100000023841858
java,3,buffering-proxy-auto-detection,2,71,15.399999976158142
java,3,buffering-proxy-auto-detection,2,72,14.200000017881393
java,3,buffering-proxy-auto-detection,2,73,14.5
java,3,buffering-proxy-auto-detection,2,74,13.299999982118607
java,3,buffering-proxy-auto-detection,2,75,12.800000011920929
java,3,buffering-proxy-auto-detection,2,76,15.300000011920929
java,3,buffering-proxy-auto-detection,2,77,19.399999976158142
java,3,buffering-proxy-auto-detection,2,78,20.700000017881393
java,3,buffering-proxy-auto-detection,2,79,17.69999998807907
java,3,buffering-proxy-auto-detection,2,80,15.099999994039536
java,3,buffering-proxy-auto-detection,2,81,14.600000023841858
java,3,buffering-proxy-auto-detection,2,82,14.699999988079071
java,3,buffering-proxy-auto-detection,2,83,14.900000005960464
java,3,buffering-proxy-auto-detection,2,84,14.800000011920929
java,3,buffering-proxy-auto-detection,2,85,14.199999988079071
java,3,buffering-proxy-auto-detection,2,86,14.199999988079071
java,3,buffering-proxy-auto-detection,2,87,16.100000023841858
java,3,buffering-proxy-auto-detection,2,88,15
java,3,buffering-proxy-auto-detection,2,89,14.699999988079071
java,3,buffering-proxy-auto-detection,2,90,14.699999988079071
java,3,buffering-proxy-auto-detection,2,91,18.200000017881393
java,3,buffering-proxy-auto-detection,2,92,13.799999982118607
java,3,buffering-proxy-auto-detection,2,93,14
java,3,buffering-proxy-auto-detection,2,94,15.900000005960464
java,3,buffering-proxy-auto-detection,2,95,15.599999994039536
java,3,buffering-proxy-auto-detection,2,96,16
java,3,buffering-proxy-auto-detection,2,97,18.100000023841858
java,3,buffering-proxy-auto-detection,2,98,17.399999976158142
java,3,buffering-proxy-auto-detection,2,99,19.200000017881393
java,3,buffering-proxy-auto-detection,2,100,17.19999998807907
java,3,long-polling,3,1,15.799999982118607
java,3,long-polling,3,2,14.900000005960464
java,3,long-polling,3,3,19.099999994039536
java,3,long-polling,3,4,18.600000023841858
java,3,long-polling,3,5,17.399999976158142
java,3,long-polling,3,6,16.100000023841858
java,3,long-polling,3,7,15.299999982118607
java,3,long-polling,3,8,16.200000017881393
java,3,long-polling,3,9,14.199999988079071
java,3,long-polling,3,10,13.900000005960464
java,3,long-polling,3,11,17.099999994039536
java,3,long-polling,3,12,16.900000005960464
java,3,long-polling,3,13,16.69999998807907
java,3,long-polling,3,14,13.599999994039536
java,3,long-polling,3,15,14.400000005960464
java,3,long-polling,3,16,16.099999994039536
java,3,long-polling,3,17,16.80000001192093
java,3,long-polling,3,18,13.5
java,3,long-polling,3,19,21.400000005960464
java,3,long-polling,3,20,19
java,3,long-polling,3,21,18.19999998807907
java,3,long-polling,3,22,13.599999994039536
java,3,long-polling,3,23,14.600000023841858
java,3,long-polling,3,24,15
java,3,long-polling,3,25,15.5
java,3,long-polling,3,26,19.599999994039536
java,3,long-polling,3,27,15.199999988079071
java,3,long-polling,3,28,20.700000017881393
java,3,long-polling,3,29,15.899999976158142
java,3,long-polling,3,30,13.400000005960464
java,3,long-polling,3,31,15.300000011920929
java,3,long-polling,3,32,15.099999994039536
java,3,long-polling,3,33,17.900000005960464
java,3,long-polling,3,34,15.900000005960464
java,3,long-polling,3,35,17.69999998807907
java,3,long-polling,3,36,18.30000001192093
java,3,long-polling,3,37,14.299999982118607
java,3,long-polling,3,38,18.30000001192093
java,3,long-polling,3,39,15.199999988079071
java,3,long-polling,3,40,15.400000005960464
java,3,long-polling,3,41,16.400000005960464
java,3,long-polling,3,42,16.69999998807907
java,3,long-polling,3,43,20.80000001192093
java,3,long-polling,3,44,19.5
java,3,long-polling,3,45,16.19999998807907
java,3,long-polling,3,46,15
java,3,long-polling,3,47,14.400000005960464
java,3,long-polling,3,48,15.5
java,3,long-polling,3,49,17.099999994039536
java,3,long-polling,3,50,16.700000017881393
java,3,long-polling,3,51,17.299999982118607
java,3,long-polling,3,52,15.900000005960464
java,3,long-polling,3,53,14
java,3,long-polling,3,54,18
java,3,long-polling,3,55,16.900000005960464
java,3,long-polling,3,56,18.599999994039536
java,3,long-polling,3,57,15.599999994039536
java,3,long-polling,3,58,15.100000023841858
java,3,long-polling,3,59,16.899999976158142
java,3,long-polling,3,60,15.100000023841858
java,3,long-polling,3,61,19.299999982118607
java,3,long-polling,3,62,15.700000017881393
java,3,long-polling,3,63,17.599999994039536
java,3,long-polling,3,64,14
java,3,long-polling,3,65,17.299999982118607
java,3,long-polling,3,66,16.200000017881393
java,3,long-polling,3,67,13.799999982118607
java,3,long-polling,3,68,14.300000011920929
java,3,long-polling,3,69,15.5
java,3,long-polling,3,70,14.300000011920929
java,3,long-polling,3,71,16.19999998807907
java,3,long-polling,3,72,13.699999988079071
java,3,long-polling,3,73,17.80000001192093
java,3,long-polling,3,74,14.800000011920929
java,3,long-polling,3,75,18.799999982118607
java,3,long-polling,3,76,16.30000001192093
java,3,long-polling,3,77,17.900000005960464
java,3,long-polling,3,78,17.5
java,3,long-polling,3,79,16
java,3,long-polling,3,80,15.799999982118607
java,3,long-polling,3,81,14.099999994039536
java,3,long-polling,3,82,13.200000017881393
java,3,long-polling,3,83,13.699999988079071
java,3,long-polling,3,84,15.100000023841858
java,3,long-polling,3,85,12.299999982118607
java,3,long-polling,3,86,14.700000017881393
java,3,long-polling,3,87,17
java,3,long-polling,3,88,17.899999976158142
java,3,long-polling,3,89,16.900000005960464
java,3,long-polling,3,90,13.200000017881393
java,3,long-polling,3,91,15.899999976158142
java,3,long-polling,3,92,14.400000005960464
java,3,long-polling,3,93,18.099999994039536
java,3,long-polling,3,94,17.400000005960464
java,3,long-polling,3,95,13.099999994039536
java,3,long-polling,3,96,13.400000005960464
java,3,long-polling,3,97,15.200000017881393
java,3,long-polling,3,98,15.899999976158142
java,3,long-polling,3,99,17.600000023841858
java,3,long-polling,3,100,13.399999976158142
java,3,streaming,3,1,13.299999982118607
java,3,streaming,3,2,10.5
java,3,streaming,3,3,10.300000011920929
java,3,streaming,3,4,8.400000005960464
java,3,streaming,3,5,8.599999994039536
java,3,streaming,3,6,8.5
java,3,streaming,3,7,9.400000005960464
java,3,streaming,3,8,10.099999994039536
java,3,streaming,3,9,13.400000005960464
java,3,streaming,3,10,12.900000005960464
java,3,streaming,3,11,13.699999988079071
java,3,streaming,3,12,12.800000011920929
java,3,streaming,3,13,12.800000011920929
java,3,streaming,3,14,11.099999994039536
java,3,streaming,3,15,13.199999988079071
java,3,streaming,3,16,10.800000011920929
java,3,streaming,3,17,12.900000005960464
java,3,streaming,3,18,10.099999994039536
java,3,streaming,3,19,9.599999994039536
java,3,streaming,3,20,9.5
java,3,streaming,3,21,12.400000005960464
java,3,streaming,3,22,9.200000017881393
java,3,streaming,3,23,11.299999982118607
java,3,streaming,3,24,10.200000017881393
java,3,streaming,3,25,11.5
java,3,streaming,3,26,13.599999994039536
java,3,streaming,3,27,11.699999988079071
java,3,streaming,3,28,10.400000005960464
java,3,streaming,3,29,9.900000005960464
java,3,streaming,3,30,15.299999982118607
java,3,streaming,3,31,14.200000017881393
java,3,streaming,3,32,13.299999982118607
java,3,streaming,3,33,12.700000017881393
java,3,streaming,3,34,12
java,3,streaming,3,35,10.299999982118607
java,3,streaming,3,36,11.700000017881393
java,3,streaming,3,37,10.5
java,3,streaming,3,38,10.799999982118607
java,3,streaming,3,39,10.100000023841858
java,3,streaming,3,40,13.199999988079071
java,3,streaming,3,41,12.099999994039536
java,3,streaming,3,42,13.099999994039536
java,3,streaming,3,43,12.600000023841858
java,3,streaming,3,44,10.199999988079071
java,3,streaming,3,45,10
java,3,streaming,3,46,10.099999994039536
java,3,streaming,3,47,11
java,3,streaming,3,48,11
java,3,streaming,3,49,11.5
java,3,streaming,3,50,12.600000023841858
java,3,streaming,3,51,11.5
java,3,streaming,3,52,11.5
java,3,streaming,3,53,11
java,3,streaming,3,54,14.299999982118607
java,3,streaming,3,55,9.300000011920929
java,3,streaming,3,56,11.099999994039536
java,3,streaming,3,57,10.400000005960464
java,3,streaming,3,58,11.900000005960464
java,3,streaming,3,59,8.5
java,3,streaming,3,60,10.099999994039536
java,3,streaming,3,61,9.900000005960464
java,3,streaming,3,62,10.299999982118607
java,3,streaming,3,63,12.200000017881393
java,3,streaming,3,64,8.099999994039536
java,3,streaming,3,65,9.799999982118607
java,3,streaming,3,66,12.400000005960464
java,3,streaming,3,67,10.5
java,3,streaming,3,68,13.300000011920929
java,3,streaming,3,69,13.299999982118607
java,3,streaming,3,70,14.800000011920929
java,3,streaming,3,71,15.800000011920929
java,3,streaming,3,72,13.299999982118607
java,3,streaming,3,73,8.800000011920929
java,3,streaming,3,74,12.400000005960464
java,3,streaming,3,75,7.0999999940395355
java,3,streaming,3,76,9.099999994039536
java,3,streaming,3,77,8.800000011920929
java,3,streaming,3,78,10.5
java,3,streaming,3,79,10.199999988079071
java,3,streaming,3,80,11.199999988079071
java,3,streaming,3,81,9.300000011920929
java,3,streaming,3,82,9.800000011920929
java,3,streaming,3,83,11.699999988079071
java,3,streaming,3,84,10.5
java,3,streaming,3,85,9.900000005960464
java,3,streaming,3,86,9.799999982118607
java,3,streaming,3,87,10.600000023841858
java,3,streaming,3,88,13.799999982118607
java,3,streaming,3,89,11.599999994039536
java,3,streaming,3,90,8.800000011920929
java,3,streaming,3,91,16.19999998807907
java,3,streaming,3,92,10.600000023841858
java,3,streaming,3,93,13.799999982118607
java,3,streaming,3,94,13.200000017881393
java,3,streaming,3,95,11.299999982118607
java,3,streaming,3,96,9.800000011920929
java,3,streaming,3,97,9.299999982118607
java,3,streaming,3,98,10.400000005960464
java,3,streaming,3,99,12.700000017881393
java,3,streaming,3,100,14.699999988079071
java,3,buffering-proxy-auto-detection,3,1,22.399999976158142
java,3,buffering-proxy-auto-detection,3,2,20.100000023841858
java,3,buffering-proxy-auto-detection,3,3,19.399999976158142
java,3,buffering-proxy-auto-detection,3,4,16.600000023841858
java,3,buffering-proxy-auto-detection,3,5,15.899999976158142
java,3,buffering-proxy-auto-detection,3,6,17.5
java,3,buffering-proxy-auto-detection,3,7,21
java,3,buffering-proxy-auto-detection,3,8,21.400000005960464
java,3,buffering-proxy-auto-detection,3,9,17.80000001192093
java,3,buffering-proxy-auto-detection,3,10,16.69999998807907
java,3,buffering-proxy-auto-detection,3,11,19.30000001192093
java,3,buffering-proxy-auto-detection,3,12,16.900000005960464
java,3,buffering-proxy-auto-detection,3,13,14.399999976158142
java,3,buffering-proxy-auto-detection,3,14,14
java,3,buffering-proxy-auto-detection,3,15,14.300000011920929
java,3,buffering-proxy-auto-detection,3,16,19
java,3,buffering-proxy-auto-detection,3,17,14.900000005960464
java,3,buffering-proxy-auto-detection,3,18,15
java,3,buffering-proxy-auto-detection,3,19,13.099999994039536
java,3,buffering-proxy-auto-detection,3,20,13.300000011920929
java,3,buffering-proxy-auto-detection,3,21,13.5
java,3,buffering-proxy-auto-detection,3,22,16.599999994039536
java,3,buffering-proxy-auto-detection,3,23,15.199999988079071
java,3,buffering-proxy-auto-detection,3,24,16.5
java,3,buffering-proxy-auto-detection,3,25,23.200000017881393
java,3,buffering-proxy-auto-detection,3,26,17.399999976158142
java,3,buffering-proxy-auto-detection,3,27,14.600000023841858
java,3,buffering-proxy-auto-detection,3,28,14.199999988079071
java,3,buffering-proxy-auto-detection,3,29,13.400000005960464
java,3,buffering-proxy-auto-detection,3,30,15.199999988079071
java,3,buffering-proxy-auto-detection,3,31,13.599999994039536
java,3,buffering-proxy-auto-detection,3,32,13.400000005960464
java,3,buffering-proxy-auto-detection,3,33,12.700000017881393
java,3,buffering-proxy-auto-detection,3,34,13.099999994039536
java,3,buffering-proxy-auto-detection,3,35,13.900000005960464
java,3,buffering-proxy-auto-detection,3,36,18.5
java,3,buffering-proxy-auto-detection,3,37,16.69999998807907
java,3,buffering-proxy-auto-detection,3,38,15.5
java,3,buffering-proxy-auto-detection,3,39,13.800000011920929
java,3,buffering-proxy-auto-detection,3,40,13.899999976158142
java,3,buffering-proxy-auto-detection,3,41,14.900000005960464
java,3,buffering-proxy-auto-detection,3,42,13.900000005960464
java,3,buffering-proxy-auto-detection,3,43,14.800000011920929
java,3,buffering-proxy-auto-detection,3,44,13.899999976158142
java,3,buffering-proxy-auto-detection,3,45,14.600000023841858
java,3,buffering-proxy-auto-detection,3,46,14.099999994039536
java,3,buffering-proxy-auto-detection,3,47,17.299999982118607
java,3,buffering-proxy-auto-detection,3,48,15.5
java,3,buffering-proxy-auto-detection,3,49,15.100000023841858
java,3,buffering-proxy-auto-detection,3,50,17.899999976158142
java,3,buffering-proxy-auto-detection,3,51,13.200000017881393
java,3,buffering-proxy-auto-detection,3,52,15.400000005960464
java,3,buffering-proxy-auto-detection,3,53,14.299999982118607
java,3,buffering-proxy-auto-detection,3,54,14.099999994039536
java,3,buffering-proxy-auto-detection,3,55,13.5
java,3,buffering-proxy-auto-detection,3,56,13.200000017881393
java,3,buffering-proxy-auto-detection,3,57,13
java,3,buffering-proxy-auto-detection,3,58,14.5
java,3,buffering-proxy-auto-detection,3,59,15.699999988079071
java,3,buffering-proxy-auto-detection,3,60,13.300000011920929
java,3,buffering-proxy-auto-detection,3,61,14.900000005960464
java,3,buffering-proxy-auto-detection,3,62,16.899999976158142
java,3,buffering-proxy-auto-detection,3,63,14.200000017881393
java,3,buffering-proxy-auto-detection,3,64,13.799999982118607
java,3,buffering-proxy-auto-detection,3,65,13.200000017881393
java,3,buffering-proxy-auto-detection,3,66,14.099999994039536
java,3,buffering-proxy-auto-detection,3,67,12.800000011920929
java,3,buffering-proxy-auto-detection,3,68,13.599999994039536
java,3,buffering-proxy-auto-detection,3,69,15.699999988079071
java,3,buffering-proxy-auto-detection,3,70,13.800000011920929
java,3,buffering-proxy-auto-detection,3,71,14
java,3,buffering-proxy-auto-detection,3,72,15
java,3,buffering-proxy-auto-detection,3,73,13.5
java,3,buffering-proxy-auto-detection,3,74,14
java,3,buffering-proxy-auto-detection,3,75,16.5
java,3,buffering-proxy-auto-detection,3,76,14.099999994039536
java,3,buffering-proxy-auto-detection,3,77,13.800000011920929
java,3,buffering-proxy-auto-detection,3,78,14.299999982118607
java,3,buffering-proxy-auto-detection,3,79,13.400000005960464
java,3,buffering-proxy-auto-detection,3,80,14
java,3,buffering-proxy-auto-detection,3,81,20.5
java,3,buffering-proxy-auto-detection,3,82,25.099999994039536
java,3,buffering-proxy-auto-detection,3,83,22
java,3,buffering-proxy-auto-detection,3,84,19.80000001192093
java,3,buffering-proxy-auto-detection,3,85,20.19999998807907
java,3,buffering-proxy-auto-detection,3,86,15.600000023841858
java,3,buffering-proxy-auto-detection,3,87,14
java,3,buffering-proxy-auto-detection,3,88,14.099999994039536
java,3,buffering-proxy-auto-detection,3,89,13.599999994039536
java,3,buffering-proxy-auto-detection,3,90,15.400000005960464
java,3,buffering-proxy-auto-detection,3,91,15.599999994039536
java,3,buffering-proxy-auto-detection,3,92,15.099999994039536
java,3,buffering-proxy-auto-detection,3,93,17.80000001192093
java,3,buffering-proxy-auto-detection,3,94,16
java,3,buffering-proxy-auto-detection,3,95,14
java,3,buffering-proxy-auto-detection,3,96,13.900000005960464
java,3,buffering-proxy-auto-detection,3,97,13.299999982118607
java,3,buffering-proxy-auto-detection,3,98,13.200000017881393
java,3,buffering-proxy-auto-detection,3,99,13.199999988079071
java,3,buffering-proxy-auto-detection,3,100,13.599999994039536
fireside,4,long-polling,1,1,17.599999994039536
fireside,4,long-polling,1,2,14.600000023841858
fireside,4,long-polling,1,3,11.5
fireside,4,long-polling,1,4,18.5
fireside,4,long-polling,1,5,11
fireside,4,long-polling,1,6,16.399999976158142
fireside,4,long-polling,1,7,12.200000017881393
fireside,4,long-polling,1,8,12.299999982118607
fireside,4,long-polling,1,9,18.200000017881393
fireside,4,long-polling,1,10,11.299999982118607
fireside,4,long-polling,1,11,11.600000023841858
fireside,4,long-polling,1,12,27.599999994039536
fireside,4,long-polling,1,13,13.099999994039536
fireside,4,long-polling,1,14,16.19999998807907
fireside,4,long-polling,1,15,10.5
fireside,4,long-polling,1,16,10.900000005960464
fireside,4,long-polling,1,17,18.599999994039536
fireside,4,long-polling,1,18,12.200000017881393
fireside,4,long-polling,1,19,18.5
fireside,4,long-polling,1,20,11.599999994039536
fireside,4,long-polling,1,21,17.900000005960464
fireside,4,long-polling,1,22,13.400000005960464
fireside,4,long-polling,1,23,16.599999994039536
fireside,4,long-polling,1,24,13.299999982118607
fireside,4,long-polling,1,25,17.200000017881393
fireside,4,long-polling,1,26,13.099999994039536
fireside,4,long-polling,1,27,17
fireside,4,long-polling,1,28,12.900000005960464
fireside,4,long-polling,1,29,16.19999998807907
fireside,4,long-polling,1,30,12.300000011920929
fireside,4,long-polling,1,31,17.900000005960464
fireside,4,long-polling,1,32,12.299999982118607
fireside,4,long-polling,1,33,18
fireside,4,long-polling,1,34,13.300000011920929
fireside,4,long-polling,1,35,17.099999994039536
fireside,4,long-polling,1,36,13.200000017881393
fireside,4,long-polling,1,37,16.19999998807907
fireside,4,long-polling,1,38,11.900000005960464
fireside,4,long-polling,1,39,18.099999994039536
fireside,4,long-polling,1,40,11.400000005960464
fireside,4,long-polling,1,41,18.19999998807907
fireside,4,long-polling,1,42,12.200000017881393
fireside,4,long-polling,1,43,18.299999982118607
fireside,4,long-polling,1,44,12.900000005960464
fireside,4,long-polling,1,45,17
fireside,4,long-polling,1,46,13.5
fireside,4,long-polling,1,47,16.599999994039536
fireside,4,long-polling,1,48,13.599999994039536
fireside,4,long-polling,1,49,16
fireside,4,long-polling,1,50,20.600000023841858
fireside,4,long-polling,1,51,19.5
fireside,4,long-polling,1,52,14.399999976158142
fireside,4,long-polling,1,53,16.200000017881393
fireside,4,long-polling,1,54,13.900000005960464
fireside,4,long-polling,1,55,16.19999998807907
fireside,4,long-polling,1,56,13.800000011920929
fireside,4,long-polling,1,57,16
fireside,4,long-polling,1,58,14.599999994039536
fireside,4,long-polling,1,59,15.299999982118607
fireside,4,long-polling,1,60,20.200000017881393
fireside,4,long-polling,1,61,20.299999982118607
fireside,4,long-polling,1,62,14.200000017881393
fireside,4,long-polling,1,63,16.19999998807907
fireside,4,long-polling,1,64,20.099999994039536
fireside,4,long-polling,1,65,21.80000001192093
fireside,4,long-polling,1,66,19.599999994039536
fireside,4,long-polling,1,67,20.30000001192093
fireside,4,long-polling,1,68,19
fireside,4,long-polling,1,69,21.400000005960464
fireside,4,long-polling,1,70,19.799999982118607
fireside,4,long-polling,1,71,19.599999994039536
fireside,4,long-polling,1,72,19.400000005960464
fireside,4,long-polling,1,73,20.5
fireside,4,long-polling,1,74,20.200000017881393
fireside,4,long-polling,1,75,19
fireside,4,long-polling,1,76,20.899999976158142
fireside,4,long-polling,1,77,19.80000001192093
fireside,4,long-polling,1,78,20.30000001192093
fireside,4,long-polling,1,79,20.19999998807907
fireside,4,long-polling,1,80,19.400000005960464
fireside,4,long-polling,1,81,19.900000005960464
fireside,4,long-polling,1,82,19.69999998807907
fireside,4,long-polling,1,83,21.30000001192093
fireside,4,long-polling,1,84,19.19999998807907
fireside,4,long-polling,1,85,20.400000005960464
fireside,4,long-polling,1,86,20.19999998807907
fireside,4,long-polling,1,87,27.599999994039536
fireside,4,long-polling,1,88,19
fireside,4,long-polling,1,89,19.600000023841858
fireside,4,long-polling,1,90,19.69999998807907
fireside,4,long-polling,1,91,17.599999994039536
fireside,4,long-polling,1,92,18.200000017881393
fireside,4,long-polling,1,93,15.399999976158142
fireside,4,long-polling,1,94,11
fireside,4,long-polling,1,95,11.400000005960464
fireside,4,long-polling,1,96,17.30000001192093
fireside,4,long-polling,1,97,10.799999982118607
fireside,4,long-polling,1,98,11.800000011920929
fireside,4,long-polling,1,99,17.400000005960464
fireside,4,long-polling,1,100,10.699999988079071
fireside,4,streaming,1,1,14.5
fireside,4,streaming,1,2,14.5
fireside,4,streaming,1,3,11.600000023841858
fireside,4,streaming,1,4,10.699999988079071
fireside,4,streaming,1,5,10.699999988079071
fireside,4,streaming,1,6,11
fireside,4,streaming,1,7,16
fireside,4,streaming,1,8,10.300000011920929
fireside,4,streaming,1,9,11.099999994039536
fireside,4,streaming,1,10,11.400000005960464
fireside,4,streaming,1,11,10.800000011920929
fireside,4,streaming,1,12,16.299999982118607
fireside,4,streaming,1,13,10.800000011920929
fireside,4,streaming,1,14,11.099999994039536
fireside,4,streaming,1,15,10.5
fireside,4,streaming,1,16,10.400000005960464
fireside,4,streaming,1,17,10.5
fireside,4,streaming,1,18,10.300000011920929
fireside,4,streaming,1,19,16
fireside,4,streaming,1,20,10.799999982118607
fireside,4,streaming,1,21,10.5
fireside,4,streaming,1,22,10.5
fireside,4,streaming,1,23,10.400000005960464
fireside,4,streaming,1,24,10.700000017881393
fireside,4,streaming,1,25,10.799999982118607
fireside,4,streaming,1,26,16.5
fireside,4,streaming,1,27,10.700000017881393
fireside,4,streaming,1,28,11.899999976158142
fireside,4,streaming,1,29,11.100000023841858
fireside,4,streaming,1,30,16.399999976158142
fireside,4,streaming,1,31,11.199999988079071
fireside,4,streaming,1,32,10.599999994039536
fireside,4,streaming,1,33,10.800000011920929
fireside,4,streaming,1,34,10.599999994039536
fireside,4,streaming,1,35,10.800000011920929
fireside,4,streaming,1,36,16.099999994039536
fireside,4,streaming,1,37,10.799999982118607
fireside,4,streaming,1,38,10.600000023841858
fireside,4,streaming,1,39,10.799999982118607
fireside,4,streaming,1,40,10.700000017881393
fireside,4,streaming,1,41,16.19999998807907
fireside,4,streaming,1,42,10.800000011920929
fireside,4,streaming,1,43,11.5
fireside,4,streaming,1,44,10.799999982118607
fireside,4,streaming,1,45,10.800000011920929
fireside,4,streaming,1,46,10.599999994039536
fireside,4,streaming,1,47,16.200000017881393
fireside,4,streaming,1,48,11
fireside,4,streaming,1,49,10.799999982118607
fireside,4,streaming,1,50,11
fireside,4,streaming,1,51,10.700000017881393
fireside,4,streaming,1,52,16.299999982118607
fireside,4,streaming,1,53,11
fireside,4,streaming,1,54,10.5
fireside,4,streaming,1,55,11.700000017881393
fireside,4,streaming,1,56,10.799999982118607
fireside,4,streaming,1,57,16.099999994039536
fireside,4,streaming,1,58,10.700000017881393
fireside,4,streaming,1,59,10.599999994039536
fireside,4,streaming,1,60,11.800000011920929
fireside,4,streaming,1,61,17.19999998807907
fireside,4,streaming,1,62,11.300000011920929
fireside,4,streaming,1,63,11
fireside,4,streaming,1,64,10.599999994039536
fireside,4,streaming,1,65,10.800000011920929
fireside,4,streaming,1,66,16.399999976158142
fireside,4,streaming,1,67,11.900000005960464
fireside,4,streaming,1,68,12
fireside,4,streaming,1,69,15.800000011920929
fireside,4,streaming,1,70,9
fireside,4,streaming,1,71,10.5
fireside,4,streaming,1,72,9.599999994039536
fireside,4,streaming,1,73,10.599999994039536
fireside,4,streaming,1,74,9.5
fireside,4,streaming,1,75,9.599999994039536
fireside,4,streaming,1,76,9.900000005960464
fireside,4,streaming,1,77,11.099999994039536
fireside,4,streaming,1,78,10
fireside,4,streaming,1,79,9.800000011920929
fireside,4,streaming,1,80,10.199999988079071
fireside,4,streaming,1,81,9.700000017881393
fireside,4,streaming,1,82,10.299999982118607
fireside,4,streaming,1,83,9.700000017881393
fireside,4,streaming,1,84,9.699999988079071
fireside,4,streaming,1,85,9.300000011920929
fireside,4,streaming,1,86,10.900000005960464
fireside,4,streaming,1,87,9.699999988079071
fireside,4,streaming,1,88,10.300000011920929
fireside,4,streaming,1,89,10.400000005960464
fireside,4,streaming,1,90,9.699999988079071
fireside,4,streaming,1,91,10
fireside,4,streaming,1,92,10.099999994039536
fireside,4,streaming,1,93,9.599999994039536
fireside,4,streaming,1,94,9.5
fireside,4,streaming,1,95,10.400000005960464
fireside,4,streaming,1,96,9.599999994039536
fireside,4,streaming,1,97,10.700000017881393
fireside,4,streaming,1,98,9.900000005960464
fireside,4,streaming,1,99,9.599999994039536
fireside,4,streaming,1,100,10.599999994039536
fireside,4,buffering-proxy-auto-detection,1,1,19.19999998807907
fireside,4,buffering-proxy-auto-detection,1,2,19.30000001192093
fireside,4,buffering-proxy-auto-detection,1,3,20.400000005960464
fireside,4,buffering-proxy-auto-detection,1,4,20.299999982118607
fireside,4,buffering-proxy-auto-detection,1,5,20.200000017881393
fireside,4,buffering-proxy-auto-detection,1,6,29.299999982118607
fireside,4,buffering-proxy-auto-detection,1,7,19.200000017881393
fireside,4,buffering-proxy-auto-detection,1,8,20.30000001192093
fireside,4,buffering-proxy-auto-detection,1,9,19.599999994039536
fireside,4,buffering-proxy-auto-detection,1,10,21
fireside,4,buffering-proxy-auto-detection,1,11,19.299999982118607
fireside,4,buffering-proxy-auto-detection,1,12,19.80000001192093
fireside,4,buffering-proxy-auto-detection,1,13,20.80000001192093
fireside,4,buffering-proxy-auto-detection,1,14,19.599999994039536
fireside,4,buffering-proxy-auto-detection,1,15,20.099999994039536
fireside,4,buffering-proxy-auto-detection,1,16,19.80000001192093
fireside,4,buffering-proxy-auto-detection,1,17,20.19999998807907
fireside,4,buffering-proxy-auto-detection,1,18,19.400000005960464
fireside,4,buffering-proxy-auto-detection,1,19,20.5
fireside,4,buffering-proxy-auto-detection,1,20,19.69999998807907
fireside,4,buffering-proxy-auto-detection,1,21,20.599999994039536
fireside,4,buffering-proxy-auto-detection,1,22,19.80000001192093
fireside,4,buffering-proxy-auto-detection,1,23,19.599999994039536
fireside,4,buffering-proxy-auto-detection,1,24,20.5
fireside,4,buffering-proxy-auto-detection,1,25,19.599999994039536
fireside,4,buffering-proxy-auto-detection,1,26,20.5
fireside,4,buffering-proxy-auto-detection,1,27,19.400000005960464
fireside,4,buffering-proxy-auto-detection,1,28,20.400000005960464
fireside,4,buffering-proxy-auto-detection,1,29,19.5
fireside,4,buffering-proxy-auto-detection,1,30,20.400000005960464
fireside,4,buffering-proxy-auto-detection,1,31,19.799999982118607
fireside,4,buffering-proxy-auto-detection,1,32,20.30000001192093
fireside,4,buffering-proxy-auto-detection,1,33,19.30000001192093
fireside,4,buffering-proxy-auto-detection,1,34,20.69999998807907
fireside,4,buffering-proxy-auto-detection,1,35,19.69999998807907
fireside,4,buffering-proxy-auto-detection,1,36,19.900000005960464
fireside,4,buffering-proxy-auto-detection,1,37,20.700000017881393
fireside,4,buffering-proxy-auto-detection,1,38,19.799999982118607
fireside,4,buffering-proxy-auto-detection,1,39,19.700000017881393
fireside,4,buffering-proxy-auto-detection,1,40,20.399999976158142
fireside,4,buffering-proxy-auto-detection,1,41,19.200000017881393
fireside,4,buffering-proxy-auto-detection,1,42,20.69999998807907
fireside,4,buffering-proxy-auto-detection,1,43,19.5
fireside,4,buffering-proxy-auto-detection,1,44,20.200000017881393
fireside,4,buffering-proxy-auto-detection,1,45,20
fireside,4,buffering-proxy-auto-detection,1,46,20.299999982118607
fireside,4,buffering-proxy-auto-detection,1,47,19.30000001192093
fireside,4,buffering-proxy-auto-detection,1,48,20.400000005960464
fireside,4,buffering-proxy-auto-detection,1,49,19.69999998807907
fireside,4,buffering-proxy-auto-detection,1,50,20.80000001192093
fireside,4,buffering-proxy-auto-detection,1,51,19.299999982118607
fireside,4,buffering-proxy-auto-detection,1,52,20.400000005960464
fireside,4,buffering-proxy-auto-detection,1,53,19.5
fireside,4,buffering-proxy-auto-detection,1,54,20.30000001192093
fireside,4,buffering-proxy-auto-detection,1,55,19.400000005960464
fireside,4,buffering-proxy-auto-detection,1,56,20.19999998807907
fireside,4,buffering-proxy-auto-detection,1,57,20.30000001192093
fireside,4,buffering-proxy-auto-detection,1,58,20.099999994039536
fireside,4,buffering-proxy-auto-detection,1,59,19.299999982118607
fireside,4,buffering-proxy-auto-detection,1,60,20.600000023841858
fireside,4,buffering-proxy-auto-detection,1,61,20.19999998807907
fireside,4,buffering-proxy-auto-detection,1,62,20.099999994039536
fireside,4,buffering-proxy-auto-detection,1,63,19.400000005960464
fireside,4,buffering-proxy-auto-detection,1,64,19.900000005960464
fireside,4,buffering-proxy-auto-detection,1,65,20.19999998807907
fireside,4,buffering-proxy-auto-detection,1,66,20.100000023841858
fireside,4,buffering-proxy-auto-detection,1,67,19.69999998807907
fireside,4,buffering-proxy-auto-detection,1,68,20.599999994039536
fireside,4,buffering-proxy-auto-detection,1,69,19.700000017881393
fireside,4,buffering-proxy-auto-detection,1,70,20.399999976158142
fireside,4,buffering-proxy-auto-detection,1,71,19.600000023841858
fireside,4,buffering-proxy-auto-detection,1,72,20.599999994039536
fireside,4,buffering-proxy-auto-detection,1,73,19.5
fireside,4,buffering-proxy-auto-detection,1,74,19.19999998807907
fireside,4,buffering-proxy-auto-detection,1,75,20.5
fireside,4,buffering-proxy-auto-detection,1,76,20.200000017881393
fireside,4,buffering-proxy-auto-detection,1,77,20.099999994039536
fireside,4,buffering-proxy-auto-detection,1,78,19.900000005960464
fireside,4,buffering-proxy-auto-detection,1,79,20.799999982118607
fireside,4,buffering-proxy-auto-detection,1,80,19.700000017881393
fireside,4,buffering-proxy-auto-detection,1,81,19.799999982118607
fireside,4,buffering-proxy-auto-detection,1,82,19.099999994039536
fireside,4,buffering-proxy-auto-detection,1,83,20.400000005960464
fireside,4,buffering-proxy-auto-detection,1,84,19.900000005960464
fireside,4,buffering-proxy-auto-detection,1,85,19.900000005960464
fireside,4,buffering-proxy-auto-detection,1,86,20.099999994039536
fireside,4,buffering-proxy-auto-detection,1,87,20.200000017881393
fireside,4,buffering-proxy-auto-detection,1,88,20.099999994039536
fireside,4,buffering-proxy-auto-detection,1,89,20.299999982118607
fireside,4,buffering-proxy-auto-detection,1,90,19.100000023841858
fireside,4,buffering-proxy-auto-detection,1,91,20.099999994039536
fireside,4,buffering-proxy-auto-detection,1,92,20.099999994039536
fireside,4,buffering-proxy-auto-detection,1,93,19.900000005960464
fireside,4,buffering-proxy-auto-detection,1,94,19.69999998807907
fireside,4,buffering-proxy-auto-detection,1,95,20
fireside,4,buffering-proxy-auto-detection,1,96,20
fireside,4,buffering-proxy-auto-detection,1,97,20
fireside,4,buffering-proxy-auto-detection,1,98,20.200000017881393
fireside,4,buffering-proxy-auto-detection,1,99,20.299999982118607
fireside,4,buffering-proxy-auto-detection,1,100,20.600000023841858
fireside,4,long-polling,2,1,19.799999982118607
fireside,4,long-polling,2,2,20.099999994039536
fireside,4,long-polling,2,3,19.900000005960464
fireside,4,long-polling,2,4,21.900000005960464
fireside,4,long-polling,2,5,17.69999998807907
fireside,4,long-polling,2,6,15.5
fireside,4,long-polling,2,7,14.200000017881393
fireside,4,long-polling,2,8,18.099999994039536
fireside,4,long-polling,2,9,9.800000011920929
fireside,4,long-polling,2,10,10.399999976158142
fireside,4,long-polling,2,11,12.200000017881393
fireside,4,long-polling,2,12,17.400000005960464
fireside,4,long-polling,2,13,11.299999982118607
fireside,4,long-polling,2,14,18.700000017881393
fireside,4,long-polling,2,15,9.699999988079071
fireside,4,long-polling,2,16,10.5
fireside,4,long-polling,2,17,11.599999994039536
fireside,4,long-polling,2,18,17.700000017881393
fireside,4,long-polling,2,19,9.900000005960464
fireside,4,long-polling,2,20,10.799999982118607
fireside,4,long-polling,2,21,11.200000017881393
fireside,4,long-polling,2,22,20.099999994039536
fireside,4,long-polling,2,23,11.400000005960464
fireside,4,long-polling,2,24,16.69999998807907
fireside,4,long-polling,2,25,9.900000005960464
fireside,4,long-polling,2,26,10.699999988079071
fireside,4,long-polling,2,27,10.700000017881393
fireside,4,long-polling,2,28,11
fireside,4,long-polling,2,29,18.899999976158142
fireside,4,long-polling,2,30,10.900000005960464
fireside,4,long-polling,2,31,18.599999994039536
fireside,4,long-polling,2,32,13.700000017881393
fireside,4,long-polling,2,33,16.69999998807907
fireside,4,long-polling,2,34,13.599999994039536
fireside,4,long-polling,2,35,17.30000001192093
fireside,4,long-polling,2,36,16.900000005960464
fireside,4,long-polling,2,37,13.599999994039536
fireside,4,long-polling,2,38,10.599999994039536
fireside,4,long-polling,2,39,11
fireside,4,long-polling,2,40,16.30000001192093
fireside,4,long-polling,2,41,9.900000005960464
fireside,4,long-polling,2,42,10.299999982118607
fireside,4,long-polling,2,43,10.700000017881393
fireside,4,long-polling,2,44,12.5
fireside,4,long-polling,2,45,16.099999994039536
fireside,4,long-polling,2,46,11.199999988079071
fireside,4,long-polling,2,47,13.200000017881393
fireside,4,long-polling,2,48,15.899999976158142
fireside,4,long-polling,2,49,10.5
fireside,4,long-polling,2,50,9.200000017881393
fireside,4,long-polling,2,51,10
fireside,4,long-polling,2,52,10.599999994039536
fireside,4,long-polling,2,53,10.300000011920929
fireside,4,long-polling,2,54,9.799999982118607
fireside,4,long-polling,2,55,10.200000017881393
fireside,4,long-polling,2,56,9.199999988079071
fireside,4,long-polling,2,57,9.800000011920929
fireside,4,long-polling,2,58,10.799999982118607
fireside,4,long-polling,2,59,9.900000005960464
fireside,4,long-polling,2,60,10
fireside,4,long-polling,2,61,10.199999988079071
fireside,4,long-polling,2,62,9.5
fireside,4,long-polling,2,63,10.100000023841858
fireside,4,long-polling,2,64,10.299999982118607
fireside,4,long-polling,2,65,10.200000017881393
fireside,4,long-polling,2,66,10
fireside,4,long-polling,2,67,9.599999994039536
fireside,4,long-polling,2,68,10.5
fireside,4,long-polling,2,69,9.400000005960464
fireside,4,long-polling,2,70,11
fireside,4,long-polling,2,71,19
fireside,4,long-polling,2,72,9.799999982118607
fireside,4,long-polling,2,73,10.700000017881393
fireside,4,long-polling,2,74,10.199999988079071
fireside,4,long-polling,2,75,10.199999988079071
fireside,4,long-polling,2,76,9.900000005960464
fireside,4,long-polling,2,77,10.300000011920929
fireside,4,long-polling,2,78,12.699999988079071
fireside,4,long-polling,2,79,16.5
fireside,4,long-polling,2,80,11.700000017881393
fireside,4,long-polling,2,81,12
fireside,4,long-polling,2,82,17.19999998807907
fireside,4,long-polling,2,83,17.30000001192093
fireside,4,long-polling,2,84,17.19999998807907
fireside,4,long-polling,2,85,17.400000005960464
fireside,4,long-polling,2,86,18.30000001192093
fireside,4,long-polling,2,87,19.899999976158142
fireside,4,long-polling,2,88,13.600000023841858
fireside,4,long-polling,2,89,15.799999982118607
fireside,4,long-polling,2,90,13.200000017881393
fireside,4,long-polling,2,91,16.799999982118607
fireside,4,long-polling,2,92,11.200000017881393
fireside,4,long-polling,2,93,17.799999982118607
fireside,4,long-polling,2,94,11.200000017881393
fireside,4,long-polling,2,95,12.299999982118607
fireside,4,long-polling,2,96,16.80000001192093
fireside,4,long-polling,2,97,11.400000005960464
fireside,4,long-polling,2,98,12.799999982118607
fireside,4,long-polling,2,99,15.900000005960464
fireside,4,long-polling,2,100,11.200000017881393
fireside,4,streaming,2,1,11.400000005960464
fireside,4,streaming,2,2,17.099999994039536
fireside,4,streaming,2,3,10.699999988079071
fireside,4,streaming,2,4,9.900000005960464
fireside,4,streaming,2,5,9.5
fireside,4,streaming,2,6,9.099999994039536
fireside,4,streaming,2,7,11.700000017881393
fireside,4,streaming,2,8,11.099999994039536
fireside,4,streaming,2,9,11.199999988079071
fireside,4,streaming,2,10,16.200000017881393
fireside,4,streaming,2,11,11.599999994039536
fireside,4,streaming,2,12,12.199999988079071
fireside,4,streaming,2,13,15.700000017881393
fireside,4,streaming,2,14,11.099999994039536
fireside,4,streaming,2,15,11.099999994039536
fireside,4,streaming,2,16,10.300000011920929
fireside,4,streaming,2,17,10.900000005960464
fireside,4,streaming,2,18,10.399999976158142
fireside,4,streaming,2,19,16
fireside,4,streaming,2,20,10.600000023841858
fireside,4,streaming,2,21,10.699999988079071
fireside,4,streaming,2,22,10.800000011920929
fireside,4,streaming,2,23,10.299999982118607
fireside,4,streaming,2,24,11.200000017881393
fireside,4,streaming,2,25,10.399999976158142
fireside,4,streaming,2,26,16.700000017881393
fireside,4,streaming,2,27,10.299999982118607
fireside,4,streaming,2,28,10.900000005960464
fireside,4,streaming,2,29,10.400000005960464
fireside,4,streaming,2,30,10.599999994039536
fireside,4,streaming,2,31,10
fireside,4,streaming,2,32,9.400000005960464
fireside,4,streaming,2,33,9.400000005960464
fireside,4,streaming,2,34,11
fireside,4,streaming,2,35,10.400000005960464
fireside,4,streaming,2,36,10.399999976158142
fireside,4,streaming,2,37,10.300000011920929
fireside,4,streaming,2,38,10
fireside,4,streaming,2,39,16.30000001192093
fireside,4,streaming,2,40,10.799999982118607
fireside,4,streaming,2,41,10
fireside,4,streaming,2,42,10.200000017881393
fireside,4,streaming,2,43,9.899999976158142
fireside,4,streaming,2,44,10.100000023841858
fireside,4,streaming,2,45,10.899999976158142
fireside,4,streaming,2,46,10.400000005960464
fireside,4,streaming,2,47,10
fireside,4,streaming,2,48,10.5
fireside,4,streaming,2,49,10.700000017881393
fireside,4,streaming,2,50,10.299999982118607
fireside,4,streaming,2,51,10.200000017881393
fireside,4,streaming,2,52,10.399999976158142
fireside,4,streaming,2,53,15.900000005960464
fireside,4,streaming,2,54,10.900000005960464
fireside,4,streaming,2,55,10.699999988079071
fireside,4,streaming,2,56,10.5
fireside,4,streaming,2,57,10.100000023841858
fireside,4,streaming,2,58,10.099999994039536
fireside,4,streaming,2,59,10.400000005960464
fireside,4,streaming,2,60,10.699999988079071
fireside,4,streaming,2,61,10.599999994039536
fireside,4,streaming,2,62,15.900000005960464
fireside,4,streaming,2,63,10.300000011920929
fireside,4,streaming,2,64,10.5
fireside,4,streaming,2,65,10.399999976158142
fireside,4,streaming,2,66,10.700000017881393
fireside,4,streaming,2,67,10.099999994039536
fireside,4,streaming,2,68,10.699999988079071
fireside,4,streaming,2,69,10.600000023841858
fireside,4,streaming,2,70,9
fireside,4,streaming,2,71,7.9000000059604645
fireside,4,streaming,2,72,9.899999976158142
fireside,4,streaming,2,73,10.200000017881393
fireside,4,streaming,2,74,9.5
fireside,4,streaming,2,75,9.599999994039536
fireside,4,streaming,2,76,10.099999994039536
fireside,4,streaming,2,77,10.300000011920929
fireside,4,streaming,2,78,9.199999988079071
fireside,4,streaming,2,79,9.900000005960464
fireside,4,streaming,2,80,10.400000005960464
fireside,4,streaming,2,81,10.199999988079071
fireside,4,streaming,2,82,10.300000011920929
fireside,4,streaming,2,83,9.900000005960464
fireside,4,streaming,2,84,10.5
fireside,4,streaming,2,85,10
fireside,4,streaming,2,86,10.399999976158142
fireside,4,streaming,2,87,10
fireside,4,streaming,2,88,10.600000023841858
fireside,4,streaming,2,89,10.399999976158142
fireside,4,streaming,2,90,10.400000005960464
fireside,4,streaming,2,91,9.700000017881393
fireside,4,streaming,2,92,9.699999988079071
fireside,4,streaming,2,93,9.5
fireside,4,streaming,2,94,19.099999994039536
fireside,4,streaming,2,95,10.400000005960464
fireside,4,streaming,2,96,10.300000011920929
fireside,4,streaming,2,97,11
fireside,4,streaming,2,98,9.699999988079071
fireside,4,streaming,2,99,10.200000017881393
fireside,4,streaming,2,100,9.799999982118607
fireside,4,buffering-proxy-auto-detection,2,1,14.800000011920929
fireside,4,buffering-proxy-auto-detection,2,2,18.099999994039536
fireside,4,buffering-proxy-auto-detection,2,3,15.299999982118607
fireside,4,buffering-proxy-auto-detection,2,4,16.700000017881393
fireside,4,buffering-proxy-auto-detection,2,5,20.599999994039536
fireside,4,buffering-proxy-auto-detection,2,6,21.30000001192093
fireside,4,buffering-proxy-auto-detection,2,7,19
fireside,4,buffering-proxy-auto-detection,2,8,20.099999994039536
fireside,4,buffering-proxy-auto-detection,2,9,19.799999982118607
fireside,4,buffering-proxy-auto-detection,2,10,19.80000001192093
fireside,4,buffering-proxy-auto-detection,2,11,20.30000001192093
fireside,4,buffering-proxy-auto-detection,2,12,20.299999982118607
fireside,4,buffering-proxy-auto-detection,2,13,19.30000001192093
fireside,4,buffering-proxy-auto-detection,2,14,19.900000005960464
fireside,4,buffering-proxy-auto-detection,2,15,18.799999982118607
fireside,4,buffering-proxy-auto-detection,2,16,21
fireside,4,buffering-proxy-auto-detection,2,17,20.099999994039536
fireside,4,buffering-proxy-auto-detection,2,18,20.400000005960464
fireside,4,buffering-proxy-auto-detection,2,19,19.400000005960464
fireside,4,buffering-proxy-auto-detection,2,20,20.30000001192093
fireside,4,buffering-proxy-auto-detection,2,21,20.399999976158142
fireside,4,buffering-proxy-auto-detection,2,22,19.700000017881393
fireside,4,buffering-proxy-auto-detection,2,23,20.400000005960464
fireside,4,buffering-proxy-auto-detection,2,24,19.299999982118607
fireside,4,buffering-proxy-auto-detection,2,25,20.5
fireside,4,buffering-proxy-auto-detection,2,26,19.30000001192093
fireside,4,buffering-proxy-auto-detection,2,27,20.299999982118607
fireside,4,buffering-proxy-auto-detection,2,28,20.400000005960464
fireside,4,buffering-proxy-auto-detection,2,29,19.400000005960464
fireside,4,buffering-proxy-auto-detection,2,30,20.19999998807907
fireside,4,buffering-proxy-auto-detection,2,31,20.200000017881393
fireside,4,buffering-proxy-auto-detection,2,32,20.299999982118607
fireside,4,buffering-proxy-auto-detection,2,33,18.900000005960464
fireside,4,buffering-proxy-auto-detection,2,34,20.30000001192093
fireside,4,buffering-proxy-auto-detection,2,35,20.19999998807907
fireside,4,buffering-proxy-auto-detection,2,36,20.200000017881393
fireside,4,buffering-proxy-auto-detection,2,37,20.399999976158142
fireside,4,buffering-proxy-auto-detection,2,38,19.200000017881393
fireside,4,buffering-proxy-auto-detection,2,39,20.599999994039536
fireside,4,buffering-proxy-auto-detection,2,40,20.400000005960464
fireside,4,buffering-proxy-auto-detection,2,41,19.299999982118607
fireside,4,buffering-proxy-auto-detection,2,42,20.80000001192093
fireside,4,buffering-proxy-auto-detection,2,43,19.30000001192093
fireside,4,buffering-proxy-auto-detection,2,44,20
fireside,4,buffering-proxy-auto-detection,2,45,20.099999994039536
fireside,4,buffering-proxy-auto-detection,2,46,20
fireside,4,buffering-proxy-auto-detection,2,47,19.900000005960464
fireside,4,buffering-proxy-auto-detection,2,48,20
fireside,4,buffering-proxy-auto-detection,2,49,19.799999982118607
fireside,4,buffering-proxy-auto-detection,2,50,19.900000005960464
fireside,4,buffering-proxy-auto-detection,2,51,19.900000005960464
fireside,4,buffering-proxy-auto-detection,2,52,20.099999994039536
fireside,4,buffering-proxy-auto-detection,2,53,20.30000001192093
fireside,4,buffering-proxy-auto-detection,2,54,20
fireside,4,buffering-proxy-auto-detection,2,55,20.099999994039536
fireside,4,buffering-proxy-auto-detection,2,56,20
fireside,4,buffering-proxy-auto-detection,2,57,19.900000005960464
fireside,4,buffering-proxy-auto-detection,2,58,20.099999994039536
fireside,4,buffering-proxy-auto-detection,2,59,20
fireside,4,buffering-proxy-auto-detection,2,60,20.19999998807907
fireside,4,buffering-proxy-auto-detection,2,61,19.30000001192093
fireside,4,buffering-proxy-auto-detection,2,62,20.400000005960464
fireside,4,buffering-proxy-auto-detection,2,63,20.19999998807907
fireside,4,buffering-proxy-auto-detection,2,64,19.900000005960464
fireside,4,buffering-proxy-auto-detection,2,65,20.099999994039536
fireside,4,buffering-proxy-auto-detection,2,66,21.5
fireside,4,buffering-proxy-auto-detection,2,67,18.69999998807907
fireside,4,buffering-proxy-auto-detection,2,68,20.200000017881393
fireside,4,buffering-proxy-auto-detection,2,69,19.400000005960464
fireside,4,buffering-proxy-auto-detection,2,70,20.299999982118607
fireside,4,buffering-proxy-auto-detection,2,71,18.900000005960464
fireside,4,buffering-proxy-auto-detection,2,72,20.599999994039536
fireside,4,buffering-proxy-auto-detection,2,73,19.700000017881393
fireside,4,buffering-proxy-auto-detection,2,74,19.5
fireside,4,buffering-proxy-auto-detection,2,75,20.5
fireside,4,buffering-proxy-auto-detection,2,76,19.599999994039536
fireside,4,buffering-proxy-auto-detection,2,77,20.799999982118607
fireside,4,buffering-proxy-auto-detection,2,78,19.5
fireside,4,buffering-proxy-auto-detection,2,79,20.100000023841858
fireside,4,buffering-proxy-auto-detection,2,80,20.399999976158142
fireside,4,buffering-proxy-auto-detection,2,81,20.200000017881393
fireside,4,buffering-proxy-auto-detection,2,82,19.099999994039536
fireside,4,buffering-proxy-auto-detection,2,83,20.599999994039536
fireside,4,buffering-proxy-auto-detection,2,84,20.200000017881393
fireside,4,buffering-proxy-auto-detection,2,85,19.69999998807907
fireside,4,buffering-proxy-auto-detection,2,86,20.30000001192093
fireside,4,buffering-proxy-auto-detection,2,87,19.19999998807907
fireside,4,buffering-proxy-auto-detection,2,88,20.099999994039536
fireside,4,buffering-proxy-auto-detection,2,89,20.400000005960464
fireside,4,buffering-proxy-auto-detection,2,90,19.900000005960464
fireside,4,buffering-proxy-auto-detection,2,91,20.099999994039536
fireside,4,buffering-proxy-auto-detection,2,92,20.099999994039536
fireside,4,buffering-proxy-auto-detection,2,93,19.80000001192093
fireside,4,buffering-proxy-auto-detection,2,94,22.900000005960464
fireside,4,buffering-proxy-auto-detection,2,95,16.799999982118607
fireside,4,buffering-proxy-auto-detection,2,96,20.099999994039536
fireside,4,buffering-proxy-auto-detection,2,97,20
fireside,4,buffering-proxy-auto-detection,2,98,20
fireside,4,buffering-proxy-auto-detection,2,99,20.30000001192093
fireside,4,buffering-proxy-auto-detection,2,100,20.099999994039536
fireside,4,long-polling,3,1,17.19999998807907
fireside,4,long-polling,3,2,15.700000017881393
fireside,4,long-polling,3,3,11
fireside,4,long-polling,3,4,10.699999988079071
fireside,4,long-polling,3,5,12.699999988079071
fireside,4,long-polling,3,6,17.5
fireside,4,long-polling,3,7,11.5
fireside,4,long-polling,3,8,18.399999976158142
fireside,4,long-polling,3,9,21.599999994039536
fireside,4,long-polling,3,10,19.69999998807907
fireside,4,long-polling,3,11,18.700000017881393
fireside,4,long-polling,3,12,17.899999976158142
fireside,4,long-polling,3,13,10.600000023841858
fireside,4,long-polling,3,14,11
fireside,4,long-polling,3,15,11.799999982118607
fireside,4,long-polling,3,16,17.700000017881393
fireside,4,long-polling,3,17,18.799999982118607
fireside,4,long-polling,3,18,18.700000017881393
fireside,4,long-polling,3,19,12
fireside,4,long-polling,3,20,11.399999976158142
fireside,4,long-polling,3,21,12
fireside,4,long-polling,3,22,16.5
fireside,4,long-polling,3,23,10.400000005960464
fireside,4,long-polling,3,24,10.900000005960464
fireside,4,long-polling,3,25,11.900000005960464
fireside,4,long-polling,3,26,17.5
fireside,4,long-polling,3,27,10.699999988079071
fireside,4,long-polling,3,28,11.900000005960464
fireside,4,long-polling,3,29,17.30000001192093
fireside,4,long-polling,3,30,11.899999976158142
fireside,4,long-polling,3,31,17.600000023841858
fireside,4,long-polling,3,32,11.399999976158142
fireside,4,long-polling,3,33,10.800000011920929
fireside,4,long-polling,3,34,19.400000005960464
fireside,4,long-polling,3,35,13.799999982118607
fireside,4,long-polling,3,36,14.300000011920929
fireside,4,long-polling,3,37,10.199999988079071
fireside,4,long-polling,3,38,11.5
fireside,4,long-polling,3,39,18.100000023841858
fireside,4,long-polling,3,40,10.399999976158142
fireside,4,long-polling,3,41,9.800000011920929
fireside,4,long-polling,3,42,10.699999988079071
fireside,4,long-polling,3,43,10.5
fireside,4,long-polling,3,44,8.600000023841858
fireside,4,long-polling,3,45,10.199999988079071
fireside,4,long-polling,3,46,13.199999988079071
fireside,4,long-polling,3,47,16.100000023841858
fireside,4,long-polling,3,48,11.599999994039536
fireside,4,long-polling,3,49,12.5
fireside,4,long-polling,3,50,16.5
fireside,4,long-polling,3,51,11.599999994039536
fireside,4,long-polling,3,52,18.900000005960464
fireside,4,long-polling,3,53,15
fireside,4,long-polling,3,54,17.299999982118607
fireside,4,long-polling,3,55,20.100000023841858
fireside,4,long-polling,3,56,19.899999976158142
fireside,4,long-polling,3,57,20.200000017881393
fireside,4,long-polling,3,58,20.900000005960464
fireside,4,long-polling,3,59,19.099999994039536
fireside,4,long-polling,3,60,21.099999994039536
fireside,4,long-polling,3,61,18.900000005960464
fireside,4,long-polling,3,62,20.69999998807907
fireside,4,long-polling,3,63,20.200000017881393
fireside,4,long-polling,3,64,19.099999994039536
fireside,4,long-polling,3,65,19.900000005960464
fireside,4,long-polling,3,66,19
fireside,4,long-polling,3,67,13.5
fireside,4,long-polling,3,68,14.599999994039536
fireside,4,long-polling,3,69,10.099999994039536
fireside,4,long-polling,3,70,17.900000005960464
fireside,4,long-polling,3,71,17.299999982118607
fireside,4,long-polling,3,72,16.100000023841858
fireside,4,long-polling,3,73,11.900000005960464
fireside,4,long-polling,3,74,16.19999998807907
fireside,4,long-polling,3,75,10.699999988079071
fireside,4,long-polling,3,76,11.900000005960464
fireside,4,long-polling,3,77,18
fireside,4,long-polling,3,78,10.900000005960464
fireside,4,long-polling,3,79,11.699999988079071
fireside,4,long-polling,3,80,17.200000017881393
fireside,4,long-polling,3,81,10.400000005960464
fireside,4,long-polling,3,82,12.099999994039536
fireside,4,long-polling,3,83,15.299999982118607
fireside,4,long-polling,3,84,14.900000005960464
fireside,4,long-polling,3,85,19.200000017881393
fireside,4,long-polling,3,86,21.5
fireside,4,long-polling,3,87,20.599999994039536
fireside,4,long-polling,3,88,19.599999994039536
fireside,4,long-polling,3,89,19.400000005960464
fireside,4,long-polling,3,90,20.400000005960464
fireside,4,long-polling,3,91,19.69999998807907
fireside,4,long-polling,3,92,19.80000001192093
fireside,4,long-polling,3,93,19.799999982118607
fireside,4,long-polling,3,94,17.099999994039536
fireside,4,long-polling,3,95,12.200000017881393
fireside,4,long-polling,3,96,18.400000005960464
fireside,4,long-polling,3,97,11.099999994039536
fireside,4,long-polling,3,98,18.400000005960464
fireside,4,long-polling,3,99,11.099999994039536
fireside,4,long-polling,3,100,12
fireside,4,streaming,3,1,10.199999988079071
fireside,4,streaming,3,2,9
fireside,4,streaming,3,3,10
fireside,4,streaming,3,4,10.699999988079071
fireside,4,streaming,3,5,9.600000023841858
fireside,4,streaming,3,6,9.599999994039536
fireside,4,streaming,3,7,10.099999994039536
fireside,4,streaming,3,8,10
fireside,4,streaming,3,9,10.300000011920929
fireside,4,streaming,3,10,10.099999994039536
fireside,4,streaming,3,11,10.5
fireside,4,streaming,3,12,11.099999994039536
fireside,4,streaming,3,13,11.300000011920929
fireside,4,streaming,3,14,11.5
fireside,4,streaming,3,15,16.099999994039536
fireside,4,streaming,3,16,10.900000005960464
fireside,4,streaming,3,17,10.399999976158142
fireside,4,streaming,3,18,10.899999976158142
fireside,4,streaming,3,19,9.700000017881393
fireside,4,streaming,3,20,11.099999994039536
fireside,4,streaming,3,21,16.900000005960464
fireside,4,streaming,3,22,11.299999982118607
fireside,4,streaming,3,23,9.300000011920929
fireside,4,streaming,3,24,9.099999994039536
fireside,4,streaming,3,25,9.200000017881393
fireside,4,streaming,3,26,10.899999976158142
fireside,4,streaming,3,27,9.400000005960464
fireside,4,streaming,3,28,10.300000011920929
fireside,4,streaming,3,29,9.900000005960464
fireside,4,streaming,3,30,10
fireside,4,streaming,3,31,10
fireside,4,streaming,3,32,10.399999976158142
fireside,4,streaming,3,33,9.5
fireside,4,streaming,3,34,10.200000017881393
fireside,4,streaming,3,35,10.299999982118607
fireside,4,streaming,3,36,11
fireside,4,streaming,3,37,10.800000011920929
fireside,4,streaming,3,38,10.800000011920929
fireside,4,streaming,3,39,11.099999994039536
fireside,4,streaming,3,40,16.19999998807907
fireside,4,streaming,3,41,11.099999994039536
fireside,4,streaming,3,42,10.800000011920929
fireside,4,streaming,3,43,10.900000005960464
fireside,4,streaming,3,44,10.900000005960464
fireside,4,streaming,3,45,16.099999994039536
fireside,4,streaming,3,46,10.5
fireside,4,streaming,3,47,11.599999994039536
fireside,4,streaming,3,48,10.699999988079071
fireside,4,streaming,3,49,11
fireside,4,streaming,3,50,16
fireside,4,streaming,3,51,10.5
fireside,4,streaming,3,52,11.100000023841858
fireside,4,streaming,3,53,10.399999976158142
fireside,4,streaming,3,54,11.300000011920929
fireside,4,streaming,3,55,8.300000011920929
fireside,4,streaming,3,56,19.799999982118607
fireside,4,streaming,3,57,8.200000017881393
fireside,4,streaming,3,58,12.699999988079071
fireside,4,streaming,3,59,8.800000011920929
fireside,4,streaming,3,60,9.099999994039536
fireside,4,streaming,3,61,9.5
fireside,4,streaming,3,62,9.900000005960464
fireside,4,streaming,3,63,10.799999982118607
fireside,4,streaming,3,64,19.5
fireside,4,streaming,3,65,10.200000017881393
fireside,4,streaming,3,66,10.299999982118607
fireside,4,streaming,3,67,9.400000005960464
fireside,4,streaming,3,68,10.800000011920929
fireside,4,streaming,3,69,11.5
fireside,4,streaming,3,70,10.299999982118607
fireside,4,streaming,3,71,9.700000017881393
fireside,4,streaming,3,72,9.900000005960464
fireside,4,streaming,3,73,9
fireside,4,streaming,3,74,9.5
fireside,4,streaming,3,75,9.5
fireside,4,streaming,3,76,10.5
fireside,4,streaming,3,77,11.299999982118607
fireside,4,streaming,3,78,11.600000023841858
fireside,4,streaming,3,79,11
fireside,4,streaming,3,80,16
fireside,4,streaming,3,81,10.399999976158142
fireside,4,streaming,3,82,10.600000023841858
fireside,4,streaming,3,83,11.5
fireside,4,streaming,3,84,10.899999976158142
fireside,4,streaming,3,85,10.200000017881393
fireside,4,streaming,3,86,10.900000005960464
fireside,4,streaming,3,87,14.899999976158142
fireside,4,streaming,3,88,9.5
fireside,4,streaming,3,89,10.800000011920929
fireside,4,streaming,3,90,10.099999994039536
fireside,4,streaming,3,91,9.099999994039536
fireside,4,streaming,3,92,10.200000017881393
fireside,4,streaming,3,93,9.799999982118607
fireside,4,streaming,3,94,9.700000017881393
fireside,4,streaming,3,95,10.799999982118607
fireside,4,streaming,3,96,9.900000005960464
fireside,4,streaming,3,97,9.900000005960464
fireside,4,streaming,3,98,9.800000011920929
fireside,4,streaming,3,99,10.099999994039536
fireside,4,streaming,3,100,9.799999982118607
fireside,4,buffering-proxy-auto-detection,3,1,16.69999998807907
fireside,4,buffering-proxy-auto-detection,3,2,17
fireside,4,buffering-proxy-auto-detection,3,3,19.600000023841858
fireside,4,buffering-proxy-auto-detection,3,4,20.099999994039536
fireside,4,buffering-proxy-auto-detection,3,5,20.099999994039536
fireside,4,buffering-proxy-auto-detection,3,6,21.69999998807907
fireside,4,buffering-proxy-auto-detection,3,7,19.600000023841858
fireside,4,buffering-proxy-auto-detection,3,8,19.799999982118607
fireside,4,buffering-proxy-auto-detection,3,9,19.80000001192093
fireside,4,buffering-proxy-auto-detection,3,10,20.799999982118607
fireside,4,buffering-proxy-auto-detection,3,11,19.200000017881393
fireside,4,buffering-proxy-auto-detection,3,12,20.299999982118607
fireside,4,buffering-proxy-auto-detection,3,13,20.299999982118607
fireside,4,buffering-proxy-auto-detection,3,14,19.80000001192093
fireside,4,buffering-proxy-auto-detection,3,15,19.599999994039536
fireside,4,buffering-proxy-auto-detection,3,16,20.599999994039536
fireside,4,buffering-proxy-auto-detection,3,17,19.700000017881393
fireside,4,buffering-proxy-auto-detection,3,18,20.099999994039536
fireside,4,buffering-proxy-auto-detection,3,19,20.099999994039536
fireside,4,buffering-proxy-auto-detection,3,20,19.80000001192093
fireside,4,buffering-proxy-auto-detection,3,21,19.5
fireside,4,buffering-proxy-auto-detection,3,22,19.299999982118607
fireside,4,buffering-proxy-auto-detection,3,23,18.900000005960464
fireside,4,buffering-proxy-auto-detection,3,24,13.699999988079071
fireside,4,buffering-proxy-auto-detection,3,25,16.700000017881393
fireside,4,buffering-proxy-auto-detection,3,26,20.900000005960464
fireside,4,buffering-proxy-auto-detection,3,27,19.399999976158142
fireside,4,buffering-proxy-auto-detection,3,28,13.800000011920929
fireside,4,buffering-proxy-auto-detection,3,29,16.099999994039536
fireside,4,buffering-proxy-auto-detection,3,30,11.700000017881393
fireside,4,buffering-proxy-auto-detection,3,31,18.399999976158142
fireside,4,buffering-proxy-auto-detection,3,32,21.200000017881393
fireside,4,buffering-proxy-auto-detection,3,33,18.400000005960464
fireside,4,buffering-proxy-auto-detection,3,34,13.899999976158142
fireside,4,buffering-proxy-auto-detection,3,35,18
fireside,4,buffering-proxy-auto-detection,3,36,20.400000005960464
fireside,4,buffering-proxy-auto-detection,3,37,19.599999994039536
fireside,4,buffering-proxy-auto-detection,3,38,20.400000005960464
fireside,4,buffering-proxy-auto-detection,3,39,19.30000001192093
fireside,4,buffering-proxy-auto-detection,3,40,20
fireside,4,buffering-proxy-auto-detection,3,41,20.19999998807907
fireside,4,buffering-proxy-auto-detection,3,42,20.599999994039536
fireside,4,buffering-proxy-auto-detection,3,43,18.400000005960464
fireside,4,buffering-proxy-auto-detection,3,44,20.200000017881393
fireside,4,buffering-proxy-auto-detection,3,45,20.299999982118607
fireside,4,buffering-proxy-auto-detection,3,46,20.80000001192093
fireside,4,buffering-proxy-auto-detection,3,47,19.19999998807907
fireside,4,buffering-proxy-auto-detection,3,48,20.400000005960464
fireside,4,buffering-proxy-auto-detection,3,49,20.30000001192093
fireside,4,buffering-proxy-auto-detection,3,50,19.19999998807907
fireside,4,buffering-proxy-auto-detection,3,51,20.19999998807907
fireside,4,buffering-proxy-auto-detection,3,52,20.200000017881393
fireside,4,buffering-proxy-auto-detection,3,53,20.19999998807907
fireside,4,buffering-proxy-auto-detection,3,54,20.400000005960464
fireside,4,buffering-proxy-auto-detection,3,55,19.099999994039536
fireside,4,buffering-proxy-auto-detection,3,56,20.200000017881393
fireside,4,buffering-proxy-auto-detection,3,57,20.19999998807907
fireside,4,buffering-proxy-auto-detection,3,58,20.099999994039536
fireside,4,buffering-proxy-auto-detection,3,59,20.200000017881393
fireside,4,buffering-proxy-auto-detection,3,60,20.19999998807907
fireside,4,buffering-proxy-auto-detection,3,61,19.30000001192093
fireside,4,buffering-proxy-auto-detection,3,62,19.899999976158142
fireside,4,buffering-proxy-auto-detection,3,63,20.200000017881393
fireside,4,buffering-proxy-auto-detection,3,64,20.400000005960464
fireside,4,buffering-proxy-auto-detection,3,65,20.19999998807907
fireside,4,buffering-proxy-auto-detection,3,66,19.400000005960464
fireside,4,buffering-proxy-auto-detection,3,67,20.599999994039536
fireside,4,buffering-proxy-auto-detection,3,68,20.19999998807907
fireside,4,buffering-proxy-auto-detection,3,69,19.600000023841858
fireside,4,buffering-proxy-auto-detection,3,70,20.399999976158142
fireside,4,buffering-proxy-auto-detection,3,71,19.200000017881393
fireside,4,buffering-proxy-auto-detection,3,72,20.400000005960464
fireside,4,buffering-proxy-auto-detection,3,73,19
fireside,4,buffering-proxy-auto-detection,3,74,20.299999982118607
fireside,4,buffering-proxy-auto-detection,3,75,20.200000017881393
fireside,4,buffering-proxy-auto-detection,3,76,19.799999982118607
fireside,4,buffering-proxy-auto-detection,3,77,19.900000005960464
fireside,4,buffering-proxy-auto-detection,3,78,20.5
fireside,4,buffering-proxy-auto-detection,3,79,23.80000001192093
fireside,4,buffering-proxy-auto-detection,3,80,16
fireside,4,buffering-proxy-auto-detection,3,81,20.19999998807907
fireside,4,buffering-proxy-auto-detection,3,82,20.30000001192093
fireside,4,buffering-proxy-auto-detection,3,83,17.399999976158142
fireside,4,buffering-proxy-auto-detection,3,84,12.100000023841858
fireside,4,buffering-proxy-auto-detection,3,85,19.399999976158142
fireside,4,buffering-proxy-auto-detection,3,86,21.30000001192093
fireside,4,buffering-proxy-auto-detection,3,87,19.099999994039536
fireside,4,buffering-proxy-auto-detection,3,88,20
fireside,4,buffering-proxy-auto-detection,3,89,20.599999994039536
fireside,4,buffering-proxy-auto-detection,3,90,20.30000001192093
fireside,4,buffering-proxy-auto-detection,3,91,19.80000001192093
fireside,4,buffering-proxy-auto-detection,3,92,19.899999976158142
fireside,4,buffering-proxy-auto-detection,3,93,19.900000005960464
fireside,4,buffering-proxy-auto-detection,3,94,20.200000017881393
fireside,4,buffering-proxy-auto-detection,3,95,19.299999982118607
fireside,4,buffering-proxy-auto-detection,3,96,20.599999994039536
fireside,4,buffering-proxy-auto-detection,3,97,20
fireside,4,buffering-proxy-auto-detection,3,98,20.30000001192093
fireside,4,buffering-proxy-auto-detection,3,99,19.30000001192093
fireside,4,buffering-proxy-auto-detection,3,100,20.099999994039536
