timestamp,elapsed_seconds,write_count,write_p50_ms,write_p95_ms,write_p99_ms,write_max_ms,listener_count,listener_p50_ms,listener_p95_ms,listener_p99_ms,listener_max_ms
2026-08-29T00:55:30.299Z,10.004,501,1.8846279999997932,5.921101999998427,6.698320999999851,19.05677300000025,50,9.58981700000004,11.460094000000026,13.29808100000082,13.29808100000082
2026-08-29T00:55:40.299Z,20.004,500,1.7303869999996095,5.211853000000701,6.093681000002107,43.360358000001725,50,9.960966000002372,11.073503999999957,43.178218000000925,43.178218000000925
2026-08-29T00:55:50.301Z,30.006,500,1.7233269999996992,5.3363229999959,5.806441000000632,20.64216099999976,50,10.110575999999128,11.293133999999554,32.35539399999834,32.35539399999834
2026-08-29T00:56:00.302Z,40.006,500,1.6974879999979748,5.160902999996324,5.919112000003224,28.919858999994176,50,9.974446000000171,11.337134000001242,34.51296100000036,34.51296100000036
2026-08-29T00:56:10.301Z,50.006,500,1.6900869999954011,5.127382999999099,5.940782000005129,31.141945999996096,50,9.987066000001505,11.103534000001673,30.853285999997752,30.853285999997752
2026-08-29T00:56:20.302Z,60.006,500,1.6527869999990799,5.008182999998098,5.783111999990069,25.66504300000088,50,10.117624999998952,11.760722999999416,29.41273799999908,29.41273799999908
2026-08-29T00:56:30.302Z,70.006,500,1.658566999991308,4.891503000006196,6.212660999997752,26.11753299999691,50,9.923995999997715,11.98990300000878,32.844842999998946,32.844842999998946
2026-08-29T00:56:40.303Z,80.006,500,1.6519770000013523,4.972553000014159,5.470941999999923,24.20856499999354,50,9.921334999991814,11.693593000003602,30.937395999993896,30.937395999993896
2026-08-29T00:56:50.302Z,90.006,500,1.6979870000068331,5.0090520000085235,5.747242000012193,34.027261000010185,50,10.100665999998455,11.376862999997684,42.65279900000314,42.65279900000314
2026-08-29T00:57:00.301Z,100.006,500,1.687208000003011,5.031653000012739,6.151402000003145,29.791417000000365,50,9.865646000005654,11.1783940000023,30.1889860000083,30.1889860000083
2026-08-29T00:57:10.301Z,110.006,500,1.6409870000061346,4.882903000005172,5.97924200000125,30.95417599999928,50,9.970046000002185,11.046673999997438,30.719585999991978,30.719585999991978
2026-08-29T00:57:20.303Z,120.008,500,1.602167000004556,4.80963299999712,5.66558200000145,32.79322300000058,50,9.824225999996997,11.645034000001033,32.64792400000442,32.64792400000442
2026-08-29T00:57:30.305Z,130.009,500,1.5956480000168085,4.8091330000024755,5.695382000005338,32.05873399999109,50,9.829945999983465,11.080684999993537,28.548008999990998,28.548008999990998
2026-08-29T00:57:40.304Z,140.008,500,1.6629179999872576,4.971432999998797,5.477742999995826,10.14326599999913,50,10.042795999994269,11.285674000013387,13.411991000000853,13.411991000000853
2026-08-29T00:57:50.303Z,150.008,500,1.6135579999827314,4.7785230000154115,5.4377629999944475,33.347142999991775,50,9.90268600001582,11.888123000011547,33.16413299998385,33.16413299998385
2026-08-29T00:58:00.304Z,160.009,500,1.584337999986019,4.8736729999945965,6.190230999985943,25.660883000004105,50,9.79009599998244,12.011743000010028,30.93711600001552,30.93711600001552
2026-08-29T00:58:10.305Z,170.009,500,1.6073380000016186,4.849213000008604,5.333233000012115,12.230802000005497,50,9.89004600001499,10.97580499999458,11.033803999976953,11.033803999976953
2026-08-29T00:58:20.306Z,180.01,500,1.564328000007663,4.813462999998592,5.967570999986492,30.063936999998987,50,9.83675599997514,11.167474000016227,30.367576999997254,30.367576999997254
2026-08-29T00:58:30.304Z,190.01,500,1.6063880000147037,4.818472999992082,5.98313199999393,39.55783400000655,50,9.936996000004001,11.89725300000282,41.032692000007955,41.032692000007955
2026-08-29T00:58:40.304Z,200.009,500,1.6010580000001937,4.798413000011351,5.366422999999486,37.48204599999008,50,9.539526000007754,11.74873399999342,40.606291999982204,40.606291999982204
2026-08-29T00:58:50.304Z,210.009,500,1.5740769999974873,4.825454000005266,5.612102000013692,31.340354999992996,50,9.79246699999203,11.029904000024544,31.175875999993877,31.175875999993877
2026-08-29T00:59:00.304Z,220.009,500,1.6040379999903962,4.7907540000160225,5.4945820000139065,9.269176999980118,50,9.783385999995517,11.012025000003632,11.76632300001802,11.76632300001802
2026-08-29T00:59:10.305Z,230.009,500,1.626717999984976,4.81950300000608,5.271701999998186,10.620014999993145,50,9.873586000001524,11.083624999999302,11.925371999997878,11.925371999997878
2026-08-29T00:59:20.305Z,240.011,500,1.601888000004692,4.839372999995248,5.556622000003699,26.663151999993715,50,9.719855999981519,12.016823000012664,30.278816999983974,30.278816999983974
2026-08-29T00:59:30.307Z,250.011,500,1.6147879999771249,4.825103000010131,5.404292000021087,45.89544399999431,50,9.93488499999512,11.004123999999138,47.22996199998306,47.22996199998306
2026-08-29T00:59:40.307Z,260.012,500,1.653617000032682,4.9074430000036955,5.720111000002362,28.828088999987813,50,9.514176000026055,11.859533000038937,29.139707999973325,29.139707999973325
2026-08-29T00:59:50.307Z,270.012,500,1.6444969999720342,4.824912999989465,5.455302999995183,31.43323500000406,50,9.928496000007726,11.901422999973875,31.701904999965336,31.701904999965336
2026-08-29T01:00:00.307Z,280.012,500,1.5925879999995232,4.8070629999856465,5.588031999999657,31.744684999983292,50,9.900196000002325,10.976683999993838,32.05706399999326,32.05706399999326
2026-08-29T01:00:10.307Z,290.012,500,1.5893379999906756,4.787532999995165,5.505851999972947,33.47728200000711,50,9.728056000021752,11.393924000032712,38.38882499997271,38.38882499997271
2026-08-29T01:00:20.308Z,300.012,500,1.5781580000184476,4.68618299998343,5.170671999978367,29.599396999983583,50,9.275836999993771,11.826702999998815,29.94534699997166,29.94534699997166
2026-08-29T01:00:30.307Z,310.012,500,1.5645779999904335,4.693323999992572,5.054903000011109,12.714022000029217,50,9.838855999987572,11.047714000043925,21.147360000002664,21.147360000002664
2026-08-29T01:00:40.308Z,320.012,500,1.5783379999920726,4.73365399998147,5.092573000001721,37.018637000001036,50,9.69413599994732,11.391233999980614,41.14131099998485,41.14131099998485
2026-08-29T01:00:50.309Z,330.012,500,1.5703280000016093,4.766753000032622,5.4815420000231825,39.78583299997263,50,9.89962599996943,11.149784000008367,39.62874399998691,39.62874399998691
2026-08-29T01:01:00.309Z,340.013,500,1.5578279999899678,4.691274000040721,5.182313000026625,31.84209499997087,50,9.605936000007205,12.01343300001463,43.46225799998501,43.46225799998501
2026-08-29T01:01:10.309Z,350.013,500,1.5513580000260845,4.669953000033274,5.148323000001255,33.522561999969184,50,9.841225999989547,11.054073999985121,39.5681929999846,39.5681929999846
2026-08-29T01:01:20.308Z,360.015,500,1.6031880000373349,4.800373000034597,5.528902000049129,33.91623199998867,50,9.842715999984648,11.112033999990672,42.03109000000404,42.03109000000404
2026-08-29T01:01:30.310Z,370.015,500,1.634907999949064,4.835222999972757,5.045853000017814,34.84074999997392,50,9.216545999981463,11.284342999977525,37.5757459999877,37.5757459999877
2026-08-29T01:01:40.311Z,380.015,500,1.5900580000015907,4.699313000019174,5.364882999972906,33.576381999999285,50,9.134487000002991,11.152403000043705,37.45510600000853,37.45510600000853
2026-08-29T01:01:50.311Z,390.015,500,1.6104770000092685,4.7174230000237,5.527631999982987,32.874812999973074,50,9.173757000011392,11.968583000008948,38.89733399997931,38.89733399997931
2026-08-29T01:02:00.310Z,400.015,500,1.6508369999937713,4.8478829999803565,5.569162000028882,31.787713999976404,50,9.686026000010315,11.016843999968842,39.831452999962494,39.831452999962494
2026-08-29T01:02:10.310Z,410.015,500,1.592486999987159,4.7688039999920875,5.305082999984734,31.711334999999963,50,9.287576999980956,10.930034000019077,40.32918200001586,40.32918200001586
2026-08-29T01:02:20.311Z,420.015,500,1.631396999990102,4.84567299997434,5.354922000027727,45.72568500001216,50,9.225727000040933,11.457763999991585,47.317023000039626,47.317023000039626
2026-08-29T01:02:30.311Z,430.015,500,1.594666999997571,4.7155129999737255,5.435322000004817,20.232850999978837,50,9.381295999977738,12.122113000019453,20.170470999961253,20.170470999961253
2026-08-29T01:02:40.312Z,440.015,500,1.589827999996487,4.706283000006806,5.528711999999359,36.26987800002098,50,9.461916000000201,11.022493999975268,40.197892000025604,40.197892000025604
2026-08-29T01:02:50.311Z,450.015,500,1.6156279999995604,4.752823999966495,5.60735200002091,33.50367300002836,50,9.916105000011157,11.103054000006523,39.697494000021834,39.697494000021834
2026-08-29T01:03:00.310Z,460.015,500,1.6014880000147969,4.711553999979515,5.270733000012115,45.59844500001054,50,9.84668600000441,11.14823399996385,47.37997200002428,47.37997200002428
2026-08-29T01:03:10.311Z,470.015,500,1.595807000005152,4.785983000008855,5.532542000000831,31.01492500002496,50,9.925876000022981,11.96174300002167,37.814016000018455,37.814016000018455
2026-08-29T01:03:20.309Z,480.015,500,1.5713980000000447,4.671712999988813,5.397623000026215,37.89812599995639,50,9.625866000016686,11.002253999991808,43.71812699997099,43.71812699997099
2026-08-29T01:03:30.312Z,490.015,500,1.6060779999825172,4.797592999995686,5.419662000029348,45.32767500000773,50,9.383336999977473,11.997552999993786,47.88472199998796,47.88472199998796
2026-08-29T01:03:40.311Z,500.015,500,1.6418570000096224,4.82373300002655,5.194582999974955,36.379707999993116,50,9.27293599996483,12.209683000051882,36.6532180000213,36.6532180000213
2026-08-29T01:03:50.311Z,510.015,500,1.5883580000372604,4.7211930000339635,5.29097199998796,31.779045000032056,50,9.163936999975704,11.674303999985568,38.79178500000853,38.79178500000853
2026-08-29T01:04:00.310Z,520.015,500,1.5518679999513552,4.758122999919578,6.019912000047043,35.95066899998346,50,9.15647699998226,10.898694999981672,42.2396899999585,42.2396899999585
2026-08-29T01:04:10.310Z,530.015,500,1.5056479999329895,4.619683000026271,5.358452999964356,32.184762999997474,50,9.6875960000325,10.957433999981731,38.23562499997206,38.23562499997206
2026-08-29T01:04:20.310Z,540.015,500,1.5697880000807345,4.675632999977097,5.113271999987774,38.76865500002168,50,9.8001360000344,11.083823999972083,38.618415000033565,38.618415000033565
2026-08-29T01:04:30.311Z,550.015,500,1.5320579999824986,4.667422999977134,5.280881999991834,31.651264999993145,50,9.665046000038274,11.085473999963142,38.71289500000421,38.71289500000421
2026-08-29T01:04:40.312Z,560.016,500,1.6229769999627024,4.87296300008893,5.445802000002004,43.984556999988854,50,9.364786999998614,11.204773999983445,43.834707999951206,43.834707999951206
2026-08-29T01:04:50.312Z,570.016,500,1.5593279999447986,4.694234000053257,5.241133000003174,23.823885999969207,50,9.692055999999866,11.255034000030719,25.523973000003025,25.523973000003025
2026-08-29T01:05:00.310Z,580.015,500,1.565387999988161,4.655804000096396,5.307552000042051,56.19652900006622,50,9.730345999938436,11.821653000079095,56.05975999997463,56.05975999997463
2026-08-29T01:05:10.312Z,590.015,500,1.4960679999785498,4.599493999965489,5.437421999988146,32.30765400000382,50,9.77606599999126,11.73333299998194,38.358685000101104,38.358685000101104
2026-08-29T01:05:20.308Z,600.015,500,1.4942080000182614,4.570132999913767,5.237762999953702,33.01993299997412,50,9.129667000030167,10.882553999894299,39.28354400000535,39.28354400000535
2026-08-29T01:05:30.311Z,610.015,500,1.5757870000088587,4.7205630000680685,5.680970999994315,33.424462000024505,50,8.94765800004825,11.071604000055231,38.41480499994941,38.41480499994941
2026-08-29T01:05:40.310Z,620.015,500,1.5739080000203103,4.673064000089653,5.298051999998279,45.13646599999629,50,8.876697999890894,10.950865000020713,46.70642299996689,46.70642299996689
2026-08-29T01:05:50.310Z,630.015,500,1.6019679999444634,4.718813000014052,5.5325319999828935,33.25695199996699,50,8.921717000077479,10.938483999925666,39.94452299992554,39.94452299992554
2026-08-29T01:06:00.311Z,640.015,500,1.589426999911666,4.75443400000222,5.242842999985442,33.26172199996654,50,9.059897000086494,11.001294999965467,40.244341999990866,40.244341999990866
2026-08-29T01:06:10.312Z,650.015,500,1.5921480000251904,4.733724000048824,5.6669919999549165,45.38784499990288,50,8.955566999968141,11.88449299999047,45.70956399990246,45.70956399990246
2026-08-29T01:06:20.311Z,660.015,500,1.5712080000666901,4.680892999982461,5.81393200007733,32.85591299994849,50,9.025846999953501,10.916743999929167,40.35926199995447,40.35926199995447
2026-08-29T01:06:30.312Z,670.015,500,1.5403579999692738,4.645332999993116,5.228592000086792,34.770260000019334,50,9.441076999995857,11.546993999974802,37.61760600004345,37.61760600004345
2026-08-29T01:06:40.312Z,680.015,500,1.5527680000523105,4.626373999984935,5.435653000022285,31.270134999998845,50,9.00421699997969,10.899094000109471,42.400509000057355,42.400509000057355
2026-08-29T01:06:50.310Z,690.015,500,1.5485869999974966,4.626413999940269,5.591072999988683,41.1078709999565,50,9.070407000021078,11.122694000019692,40.957852000021376,40.957852000021376
2026-08-29T01:07:00.310Z,700.015,500,1.5186979999998584,4.64803399995435,5.335373000008985,32.67347299994435,50,8.95217699999921,11.975062999990769,40.41816200001631,40.41816200001631
2026-08-29T01:07:10.312Z,710.015,500,1.5394379999488592,4.629142999998294,5.357843000092544,31.798024000017904,50,8.927947000018321,10.91650400008075,42.35921899997629,42.35921899997629
2026-08-29T01:07:20.310Z,720.015,500,1.5162279999349266,4.678503999952227,5.543472000048496,31.26060499995947,50,8.994476999971084,11.359033999964595,40.09767200006172,40.09767200006172
2026-08-29T01:07:30.311Z,730.016,500,1.5395580000476912,4.675962999928743,5.390561999985948,32.785892999963835,50,9.042936999932863,10.79113399994094,39.719272999907844,39.719272999907844
2026-08-29T01:07:40.311Z,740.016,500,1.5656780001008883,4.773022999987006,5.218332000076771,32.041824000072666,50,9.048287000041455,10.924184000003152,39.490503999986686,39.490503999986686
2026-08-29T01:07:50.312Z,750.016,500,1.4967680000700057,4.602242999942973,5.167911999975331,44.18959699990228,50,9.670107000041753,10.994394000037573,44.871845999965444,44.871845999965444
2026-08-29T01:08:00.311Z,760.016,500,1.551448000012897,4.644123999984004,5.271243000053801,31.531875000102445,50,8.979566999943927,11.999833000008948,39.87761300010607,39.87761300010607
2026-08-29T01:08:10.312Z,770.016,500,1.5481380000710487,4.665194000001065,5.625471999985166,33.10625299997628,50,9.035596999921836,11.908752999966964,39.86276300007012,39.86276300007012
2026-08-29T01:08:20.311Z,780.017,500,1.4884779999265447,4.602054000017233,5.40405200002715,35.91643799992744,50,8.95183699997142,11.700024000019766,36.27952799992636,36.27952799992636
2026-08-29T01:08:30.313Z,790.017,500,1.4917380000697449,4.65133300004527,6.187881999998353,48.02283100003842,50,9.129796999972314,11.077313999994658,47.84834100003354,47.84834100003354
2026-08-29T01:08:40.311Z,800.017,500,1.5403579999692738,4.620363999973051,5.035793000017293,9.149536999990232,50,8.894596999976784,10.981253999983892,11.029584000003524,11.029584000003524
2026-08-29T01:08:50.313Z,810.017,500,1.5801670000655577,4.671612999984063,5.832162000006065,33.60312200000044,50,9.23093700001482,11.859714000020176,34.03071199997794,34.03071199997794
2026-08-29T01:09:00.312Z,820.017,500,1.5650780000723898,4.657013999996707,5.147732999990694,31.42801499995403,50,8.971726999967359,11.07666399993468,39.798762999940664,39.798762999940664
2026-08-29T01:09:10.312Z,830.017,500,1.5515979999909177,4.619463999988511,5.35759299993515,35.820978999952786,50,8.99585800000932,11.017324000014924,36.069188999943435,36.069188999943435
2026-08-29T01:09:20.311Z,840.017,500,1.613016999908723,4.846504000015557,5.519011999946088,36.48508800007403,50,9.182126999949105,11.164183999993838,37.77220600005239,37.77220600005239
2026-08-29T01:09:30.312Z,850.017,500,1.5763769999612123,4.7084930000128224,5.027613000012934,38.33139599999413,50,9.031287000048906,11.152663999935612,38.19581599999219,38.19581599999219
2026-08-29T01:09:40.312Z,860.017,500,1.5462979999138042,4.636193000013009,5.24925200000871,7.291608999948949,50,8.952568000066094,10.938785000005737,11.060274000046775,11.060274000046775
2026-08-29T01:09:50.312Z,870.017,500,1.5569080000277609,4.710492999991402,5.15203300002031,34.56598100007977,50,9.027787000057288,10.953755000024103,40.169613000005484,40.169613000005484
2026-08-29T01:10:00.312Z,880.017,500,1.5981679999968037,4.760543000069447,5.457052999990992,37.25993699999526,50,9.117046999977902,11.095954000018537,37.11589800007641,37.11589800007641
2026-08-29T01:10:10.312Z,890.017,500,1.5771980000426993,4.723113000043668,5.195601999992505,9.701507000019774,50,8.926847000024281,11.09586399991531,11.11045399995055,11.11045399995055
2026-08-29T01:10:20.313Z,900.017,500,1.5573579999618232,4.711133999982849,5.34136199997738,41.52808099996764,50,9.319657000014558,11.085363999940455,46.42249399994034,46.42249399994034
2026-08-29T01:10:30.313Z,910.017,500,1.5460880000609905,4.6673830000218,5.220502000069246,12.140721999923699,50,8.999996999977157,10.896075000055134,10.95330399996601,10.95330399996601
2026-08-29T01:10:40.314Z,920.018,500,1.5452179999556392,4.714112999965437,5.720381999970414,41.10903099994175,50,8.966056999983266,10.914533999981359,45.99723399989307,45.99723399989307
2026-08-29T01:10:50.316Z,930.019,500,1.554147999966517,4.688683000043966,5.505851999972947,39.24504400009755,50,8.897516999975778,11.085694000008516,39.07356400007848,39.07356400007848
2026-08-29T01:11:00.313Z,940.018,500,1.5250980000710115,4.675082999980077,5.37765199993737,12.841061000013724,50,8.80698700004723,10.901184000074863,10.919414000003599,10.919414000003599
2026-08-29T01:11:10.314Z,950.018,500,1.5771579999709502,4.70298299996648,5.100352999987081,9.500496999942698,50,8.951187000027858,10.99883499997668,11.114034000085667,11.114034000085667
2026-08-29T01:11:20.313Z,960.018,500,1.584207999985665,4.7209339999826625,5.024803000036627,38.72305499995127,50,8.987346999929287,10.952525000087917,38.55478500004392,38.55478500004392
2026-08-29T01:11:30.313Z,970.018,500,1.5639179999707267,4.670602999976836,4.993131999974139,9.445995999965817,50,8.943486999953166,10.993184000020847,11.09167399990838,11.09167399990838
2026-08-29T01:11:40.313Z,980.018,500,1.5827470000367612,4.707242999924347,5.314152000006288,39.6555530000478,50,8.813727000029758,10.825055000022985,39.56212400004733,39.56212400004733
2026-08-29T01:11:50.313Z,990.018,500,1.563787000020966,4.674142999923788,5.085133000044152,9.66226600005757,50,9.090327000012621,11.036034999997355,11.056603999924846,11.056603999924846
2026-08-29T01:12:00.315Z,1000.019,500,1.573657999979332,4.693002999993041,5.3469229999464005,40.338843000005,50,9.026476999977604,10.984804000006989,45.75196500006132,45.75196500006132
2026-08-29T01:12:10.314Z,1010.018,500,1.5796379999956116,4.709053999977186,5.246741999988444,40.34536199993454,50,9.036267999908887,11.086414000019431,43.75843699998222,43.75843699998222
2026-08-29T01:12:20.314Z,1020.018,500,1.5666480000363663,4.685233999975026,6.131051999982446,44.50218599999789,50,8.928947000065818,11.020264000049792,44.870786000043154,44.870786000043154
2026-08-29T01:12:30.313Z,1030.018,500,1.608487999998033,4.738513000076637,5.102363000041805,9.361376999993809,50,8.936336999991909,10.937054999987595,11.225204000016674,11.225204000016674
2026-08-29T01:12:40.313Z,1040.018,500,1.62504699989222,4.79021299991291,5.209431999945082,9.41660699993372,50,9.01922699995339,11.097033999976702,11.231574000092223,11.231574000092223
2026-08-29T01:12:50.315Z,1050.018,500,1.5712079999502748,4.687334000132978,5.394112000009045,36.82400799985044,50,8.887077999999747,10.941673999885097,36.65892799990252,36.65892799990252
2026-08-29T01:13:00.315Z,1060.018,500,1.5660480000078678,4.732984000118449,5.224693000083789,7.801109000109136,50,8.920426999917254,11.056094999890774,11.263513999991119,11.263513999991119
2026-08-29T01:13:10.313Z,1070.018,500,1.571227999869734,4.656033999985084,5.398312000092119,8.767146999947727,50,8.84431800013408,11.136354000074789,11.289492999901995,11.289492999901995
2026-08-29T01:13:20.313Z,1080.018,500,1.5747179999016225,4.7131829999852926,5.372262000106275,9.411747000180185,50,9.084737000055611,10.96846399991773,11.045213999925181,11.045213999925181
2026-08-29T01:13:30.313Z,1090.018,500,1.6333079999312758,4.771352999843657,5.350523000117391,7.601658999919891,50,9.030096999835223,10.832343999994919,11.134963999968022,11.134963999968022
2026-08-29T01:13:40.313Z,1100.018,500,1.56920799985528,4.6145339999347925,4.964573000092059,12.2035320000723,50,8.94186699995771,10.771123999962583,11.080824000062421,11.080824000062421
2026-08-29T01:13:50.313Z,1110.018,500,1.5667379999067634,4.649782999884337,5.341472000116482,12.675232999958098,50,8.83367699990049,10.836855000117794,11.13989400002174,11.13989400002174
2026-08-29T01:14:00.314Z,1120.018,500,1.588418000144884,4.717223000014201,5.506231999956071,38.1062160001602,50,9.110177000053227,10.977103999815881,37.96354600018822,37.96354600018822
2026-08-29T01:14:10.313Z,1130.018,500,1.5596479999367148,4.657483999850228,5.245622999966145,36.81947800004855,50,8.949546999996528,10.008086000103503,36.67487800004892,36.67487800004892
2026-08-29T01:14:20.314Z,1140.018,500,1.559328000061214,4.627343000145629,5.1885130000300705,8.650237999856472,50,8.900437999982387,10.816104999976233,11.107523999875411,11.107523999875411
2026-08-29T01:14:30.313Z,1150.018,500,1.5286570000462234,4.5516439999919385,5.362902000080794,42.47694900003262,50,9.202016999945045,10.830085000023246,47.38822199986316,47.38822199986316
2026-08-29T01:14:40.314Z,1160.018,500,1.5642879998777062,4.695152999833226,5.513471999904141,36.97054699994624,50,9.005836999975145,11.125694000162184,36.81936699990183,36.81936699990183
2026-08-29T01:14:50.314Z,1170.018,500,1.561308000003919,4.669843000127003,5.628612000029534,36.173589000012726,50,8.896117000142112,10.947944999905303,36.02088900003582,36.02088900003582
2026-08-29T01:15:00.312Z,1180.018,500,1.568328000139445,4.686392999952659,6.216131000081077,39.0606549999211,50,8.899207000155002,11.002464999910444,44.08110799989663,44.08110799989663
2026-08-29T01:15:10.315Z,1190.018,500,1.5510279999580234,4.6455639998894185,5.686671999981627,33.22800200013444,50,8.92904800013639,10.944285000208765,34.06469100015238,34.06469100015238
2026-08-29T01:15:20.311Z,1200.018,500,1.5643680000212044,4.629183999961242,5.417041999986395,43.68156799999997,50,8.970656999852508,10.910524999955669,44.041617000009865,44.041617000009865
2026-08-29T01:15:30.314Z,1210.018,500,1.5788680000696331,4.65385299990885,4.995132999960333,9.428287000162527,50,8.897448000032455,10.155136000132188,11.005524000152946,11.005524000152946
2026-08-29T01:15:40.314Z,1220.018,500,1.5301779999863356,4.615683999843895,5.532942000078037,12.208023000042886,50,9.124577000038698,10.709154000040144,10.82632500003092,10.82632500003092
2026-08-29T01:15:50.314Z,1230.019,500,1.5303980000317097,4.622194000054151,5.273232999956235,8.494747000047937,50,9.217416999861598,10.602285000029951,10.863284999970347,10.863284999970347
2026-08-29T01:16:00.313Z,1240.018,500,1.531438000034541,4.622853999957442,5.246282000094652,39.34651399985887,50,9.06978700007312,10.281585999997333,44.73029599990696,44.73029599990696
2026-08-29T01:16:10.313Z,1250.018,500,1.5209879998583347,4.613342999946326,5.4242119998671114,11.85871300008148,50,8.867556999903172,10.754824999952689,10.937294000061229,10.937294000061229
2026-08-29T01:16:20.312Z,1260.018,500,1.507107999874279,4.584684000117704,5.202991999918595,9.376326999859884,50,8.907138000009581,10.976894000079483,11.287843000143766,11.287843000143766
2026-08-29T01:16:30.314Z,1270.018,500,1.534607999958098,4.5648440001532435,5.367271999828517,34.468541000038385,50,8.868827000027522,10.796334999846295,34.73074000002816,34.73074000002816
2026-08-29T01:16:40.313Z,1280.018,500,1.5418980000540614,4.617494000121951,5.4352520001120865,43.356668000109494,50,9.00730700022541,10.939335000002757,43.85337799997069,43.85337799997069
2026-08-29T01:16:50.314Z,1290.018,500,1.5837979998905212,4.706864000065252,5.3339019999839365,36.41467799991369,50,9.124336999841034,10.77250500000082,36.25437800004147,36.25437800004147
2026-08-29T01:17:00.313Z,1300.018,500,1.5594180000480264,4.639992999844253,5.585511999903247,11.817602999974042,50,8.839947999920696,10.503185000037774,10.92317400011234,10.92317400011234
2026-08-29T01:17:10.314Z,1310.018,500,1.5649880000855774,4.628303000004962,4.922543000197038,14.325409999815747,50,8.979797000065446,10.143576000118628,15.141849000006914,15.141849000006914
2026-08-29T01:17:20.311Z,1320.018,500,1.5740970000624657,4.6102529999334365,5.04329299996607,35.54475900018588,50,8.8422070001252,10.613984000170603,35.404129000147805,35.404129000147805
2026-08-29T01:17:30.314Z,1330.018,500,1.57661799993366,4.638124000048265,5.5341119999065995,44.628685999894515,50,9.019377999939024,11.86447299993597,49.46649899985641,49.46649899985641
2026-08-29T01:17:40.313Z,1340.018,500,1.5489280000329018,4.6235829999204725,5.30075200018473,46.26999399997294,50,9.52714699995704,11.270644000032917,46.7138439998962,46.7138439998962
2026-08-29T01:17:50.313Z,1350.018,500,1.5318779998924583,4.6392640001140535,5.5799420000985265,42.44220900000073,50,9.583277000114322,11.176273999968544,44.297776999883354,44.297776999883354
2026-08-29T01:18:00.315Z,1360.018,500,1.520708000054583,4.592302999924868,5.240821999963373,11.810552999842912,50,8.89019800000824,11.699852999998257,12.129062999971211,12.129062999971211
2026-08-29T01:18:10.313Z,1370.018,500,1.523088000016287,4.610443999990821,5.374561999924481,38.978734999895096,50,8.968737000133842,11.04017399996519,44.11121799983084,44.11121799983084
2026-08-29T01:18:20.315Z,1380.019,500,1.5444079998414963,4.594393000006676,5.416652000043541,27.35009099985473,50,9.503605999983847,11.765142999822274,27.47488999995403,27.47488999995403
2026-08-29T01:18:30.315Z,1390.019,500,1.5443170000799,4.608983000041917,5.715491999872029,30.834796000039205,50,9.298246999969706,10.975134000182152,33.5412419999484,33.5412419999484
2026-08-29T01:18:40.314Z,1400.019,500,1.548588000005111,4.649494000012055,5.181422999827191,31.426854999968782,50,9.49647600017488,11.833152999868616,34.2166309999302,34.2166309999302
2026-08-29T01:18:50.316Z,1410.019,500,1.533678000094369,4.577763000037521,5.1034119999967515,8.718526999931782,50,9.55986599996686,10.942083999980241,11.235454000066966,11.235454000066966
2026-08-29T01:19:00.314Z,1420.019,500,1.598956999834627,4.755273000104353,5.287391999969259,8.60409799986519,50,9.056837999960408,10.91413400019519,10.969065000070259,10.969065000070259
2026-08-29T01:19:10.314Z,1430.019,500,1.591778000118211,4.779513000044972,5.208102999953553,40.36647199979052,50,9.575467000016943,11.066694000037387,40.1661619998049,40.1661619998049
2026-08-29T01:19:20.312Z,1440.019,500,1.519867999944836,4.555084000108764,5.281912999926135,11.32830399996601,50,9.140976999886334,10.854124000063166,11.955142999999225,11.955142999999225
2026-08-29T01:19:30.316Z,1450.021,500,1.566287999972701,4.643052999861538,5.055552999954671,8.810096999863163,50,9.224276999942958,11.248354000039399,11.922542999964207,11.922542999964207
2026-08-29T01:19:40.314Z,1460.021,500,1.5442379999440163,4.61967399995774,5.198502999963239,8.89526699995622,50,9.068927000043914,10.947803999995813,11.65437399991788,11.65437399991788
2026-08-29T01:19:50.318Z,1470.021,500,1.5728679997846484,4.640333000104874,5.240602999925613,37.79128700005822,50,8.957377000013366,11.112344000022858,44.05438799993135,44.05438799993135
2026-08-29T01:20:00.316Z,1480.021,500,1.5558280001860112,4.653113000094891,5.313782999990508,45.904335000086576,50,8.967627999838442,11.150984999956563,45.727545000147074,45.727545000147074
2026-08-29T01:20:10.317Z,1490.022,500,1.5512180000077933,4.6777530000545084,5.68405200005509,54.562301999889314,50,9.078117000171915,10.96922400011681,54.40416199993342,54.40416199993342
2026-08-29T01:20:20.317Z,1500.022,500,1.5587369999848306,4.6687040000688285,5.142593000084162,8.883956999983639,50,9.520957000087947,10.945453999796882,11.923752999864519,11.923752999864519
2026-08-29T01:20:30.319Z,1510.023,500,1.5561179998330772,4.656113000120968,5.168982000090182,9.643786000087857,50,9.547935999929905,10.914244999876246,11.801983000012115,11.801983000012115
2026-08-29T01:20:40.317Z,1520.022,500,1.5532879999373108,4.572454000124708,5.128703000023961,46.644794000079855,50,8.949756999965757,11.167804999975488,49.2578799999319,49.2578799999319
2026-08-29T01:20:50.318Z,1530.022,500,1.5330980001017451,4.61210299981758,5.2049320000223815,9.598046000115573,50,9.529766000108793,10.81263400008902,11.825043000048026,11.825043000048026
2026-08-29T01:21:00.317Z,1540.022,500,1.5397880000527948,4.661464000120759,5.451792000094429,46.04330400004983,50,9.5748560000211,11.56789300008677,45.944625000003725,45.944625000003725
2026-08-29T01:21:10.319Z,1550.022,501,1.5402479998301715,4.612413999857381,5.324942999985069,9.64004600001499,50,9.709886000026017,11.097974000032991,11.645942999981344,11.645942999981344
2026-08-29T01:21:20.316Z,1560.022,499,1.5856579998508096,4.676973999943584,5.511043000034988,9.216666999971494,50,9.172587000066414,11.230303999967873,11.661303999833763,11.661303999833763
2026-08-29T01:21:30.317Z,1570.022,500,1.5426870000083,4.611232999945059,5.11879300000146,37.80834600003436,50,9.602176000131294,11.000483999960124,39.269093999871984,39.269093999871984
2026-08-29T01:21:40.317Z,1580.022,500,1.5668280001264066,4.647713999962434,5.493552000029013,8.943846999900416,50,9.764885999960825,10.920745000010356,11.843072999967262,11.843072999967262
2026-08-29T01:21:50.318Z,1590.023,500,1.554996999911964,4.634603000013158,5.233292000135407,9.58535600011237,50,9.623857000144199,10.941845000023022,11.9991929999087,11.9991929999087
2026-08-29T01:22:00.320Z,1600.024,500,1.5531579998787493,4.616362999891862,5.26260200003162,42.121030000038445,50,9.820646999869496,10.816563999978825,48.09348100004718,48.09348100004718
2026-08-29T01:22:10.316Z,1610.023,500,1.5695579999592155,4.681112999795005,5.427541999844834,41.255242000101134,50,9.807646000059322,11.63519399985671,46.964563000015914,46.964563000015914
2026-08-29T01:22:20.320Z,1620.023,500,1.5747579999733716,4.680713000008836,5.372432000003755,45.21325600007549,50,9.882006000028923,11.862593000056222,45.043216000078246,45.043216000078246
2026-08-29T01:22:30.320Z,1630.023,500,1.5636680000461638,4.699642999796197,5.9755919999442995,45.363906000042334,50,9.800766000058502,11.941532999975607,47.96890199999325,47.96890199999325
2026-08-29T01:22:40.320Z,1640.023,500,1.5548279997892678,4.684063000138849,6.131001000059769,37.84736599982716,50,9.630086000077426,11.821152999997139,38.124135999940336,38.124135999940336
2026-08-29T01:22:50.319Z,1650.023,500,1.5594780000392348,4.659122999990359,5.554711999837309,40.77495200000703,50,9.820947000058368,11.922383000142872,50.65482800011523,50.65482800011523
2026-08-29T01:23:00.320Z,1660.024,500,1.5668979999609292,4.6578329999465495,5.539191999938339,52.123796000145376,50,9.745116000063717,10.790355000179261,51.96728600002825,51.96728600002825
2026-08-29T01:23:10.318Z,1670.024,500,1.5412379999179393,4.603732999879867,4.94793300004676,44.77995599992573,50,9.597655999939889,11.285313999978825,47.392073000082746,47.392073000082746
2026-08-29T01:23:20.317Z,1680.024,500,1.5469269999302924,4.628664000192657,5.485841999994591,38.007646000012755,50,9.792386000044644,11.881102999905124,37.79097600001842,37.79097600001842
2026-08-29T01:23:30.319Z,1690.024,501,1.549256999976933,4.634842999977991,5.27778200013563,40.71084199985489,50,9.61477699992247,11.70585299981758,46.251183999935165,46.251183999935165
2026-08-29T01:23:40.320Z,1700.024,499,1.6658979998901486,4.802544000092894,5.452802000101656,35.393758999882266,50,9.693726999917999,11.254473999841139,54.57424300001003,54.57424300001003
2026-08-29T01:23:50.319Z,1710.024,501,1.5622980000916868,4.654863000148907,5.32309199986048,60.38722399994731,50,9.825326000107452,11.301613999996334,61.126633000094444,61.126633000094444
2026-08-29T01:24:00.321Z,1720.025,500,1.5510970000177622,4.642882999964058,5.486482999986038,29.412567999912426,50,9.131177000002936,11.722534000175074,43.56875799992122,43.56875799992122
2026-08-29T01:24:10.321Z,1730.025,500,1.5879779998213053,4.728293000021949,5.297393000219017,31.55665499996394,50,9.062846999848261,11.166663999902084,48.638191000092775,48.638191000092775
2026-08-29T01:24:20.321Z,1740.024,500,1.5750770000740886,4.665653000120074,5.071932999882847,24.628845000173897,50,9.729966999962926,11.630144000053406,43.11663799989037,43.11663799989037
2026-08-29T01:24:30.318Z,1750.023,500,1.5509570001158863,4.617512999800965,5.598491000011563,28.7256790001411,50,9.714406999992207,11.228784000035375,43.0915190000087,43.0915190000087
2026-08-29T01:24:40.320Z,1760.025,500,1.5758679998107255,4.708463000133634,5.238042999990284,34.316831999924034,50,9.888946000020951,11.019804999930784,52.52734599984251,52.52734599984251
2026-08-29T01:24:50.320Z,1770.025,500,1.535037999972701,4.6054829999338835,5.153163000009954,31.024896000046283,50,9.546076999977231,11.207724999869242,50.37896899995394,50.37896899995394
2026-08-29T01:25:00.322Z,1780.025,500,1.5521980000194162,4.5985630000941455,5.0746830001007766,25.510914999991655,50,9.472466999897733,11.343543999828398,44.527998000150546,44.527998000150546
2026-08-29T01:25:10.322Z,1790.026,500,1.5628179998602718,4.639883000170812,5.200362999923527,25.628275000024587,50,9.53781700017862,11.160075000021607,44.19657799997367,44.19657799997367
2026-08-29T01:25:20.321Z,1800.026,500,1.572607999900356,4.689534000121057,5.199942999985069,36.934688000008464,50,9.820246000075713,10.98763499991037,55.154551999876276,55.154551999876276
2026-08-29T01:25:30.321Z,1810.026,500,1.5500580000225455,4.656444000080228,5.388932999921963,26.9429020001553,50,9.852396999951452,11.639814000111073,44.03644900000654,44.03644900000654
2026-08-29T01:25:40.321Z,1820.026,500,1.584997999947518,4.706283000065014,5.297262999927625,25.789234000025317,50,9.836496000178158,11.08587500010617,44.09178900020197,44.09178900020197
2026-08-29T01:25:50.320Z,1830.026,500,1.6135869999416173,4.724892999976873,5.276102999923751,30.348806999856606,50,9.8326169999782,11.076965000014752,47.91245299996808,47.91245299996808
2026-08-29T01:26:00.323Z,1840.027,500,1.5624379999935627,4.631873000180349,5.404792999848723,35.33331099990755,50,9.69800699991174,11.126994999824092,54.445054000010714,54.445054000010714
2026-08-29T01:26:10.322Z,1850.027,500,1.5876179998740554,4.691533000208437,5.0511529999785125,29.77292799996212,50,9.885265999939293,10.94918500003405,48.41701199999079,48.41701199999079
2026-08-29T01:26:20.321Z,1860.026,500,1.5663270000368357,4.649792999960482,5.837332000024617,34.39264199999161,50,9.553756000008434,11.009794999845326,53.071436000056565,53.071436000056565
2026-08-29T01:26:30.322Z,1870.026,500,1.5650380000006407,4.658382999943569,5.38508199993521,28.620050000026822,50,9.835635999916121,10.911695000017062,47.0636340000201,47.0636340000201
2026-08-29T01:26:40.321Z,1880.026,500,1.5540369998198003,4.663173000095412,5.187952999956906,27.5402410000097,50,9.499207000015303,11.781573000131175,46.00681599997915,46.00681599997915
2026-08-29T01:26:50.321Z,1890.026,500,1.5834770000074059,4.677083000075072,5.3017829998862,28.22247999999672,50,9.845366999972612,11.959213000023738,42.46755100018345,42.46755100018345
2026-08-29T01:27:00.322Z,1900.026,500,1.5754479998722672,4.614374000113457,4.936043000081554,37.18281799997203,50,9.81077599991113,11.805764000164345,55.7751420000568,55.7751420000568
2026-08-29T01:27:10.321Z,1910.026,500,1.5657780000474304,4.6353229999076575,5.313302000053227,38.40678599989042,50,9.830245999852195,11.11213400005363,56.328420999925584,56.328420999925584
2026-08-29T01:27:20.322Z,1920.026,500,1.5822979998774827,4.7123040000442415,5.352061999961734,30.005057000089437,50,9.84039599983953,10.87582499999553,49.4161510001868,49.4161510001868
2026-08-29T01:27:30.321Z,1930.026,500,1.5834270000923425,4.595753999892622,5.266052999999374,27.508940999861807,50,9.592147000133991,11.211883999872953,43.9273979999125,43.9273979999125
2026-08-29T01:27:40.321Z,1940.026,500,1.5837469999678433,4.601734000025317,5.285402999958023,34.961111000040546,50,9.816665999824181,11.022724999813363,52.0707870000042,52.0707870000042
2026-08-29T01:27:50.322Z,1950.026,500,1.5893470000009984,4.6591640000697225,5.362662999890745,24.786116000032052,50,9.69678599992767,11.22318400000222,43.38433000002988,43.38433000002988
2026-08-29T01:28:00.321Z,1960.026,500,1.5915970001369715,4.645592999877408,5.159723000135273,28.775048999814317,50,9.663976999931037,11.791582999983802,48.36385199986398,48.36385199986398
2026-08-29T01:28:10.321Z,1970.026,500,1.5815880000591278,4.647674000123516,5.35616199998185,33.655602999962866,50,9.808876000111923,11.955613999860361,52.21148700010963,52.21148700010963
2026-08-29T01:28:20.321Z,1980.026,500,1.5802779998630285,4.646343000000343,5.093023000052199,29.813148000044748,50,9.817215999821201,11.672083999961615,47.67479300010018,47.67479300010018
2026-08-29T01:28:30.321Z,1990.026,500,1.571136999875307,4.538304000161588,5.071753000142053,42.54922099993564,50,9.703256000066176,11.87457300000824,58.84062799997628,58.84062799997628
2026-08-29T01:28:40.322Z,2000.026,500,1.539807999972254,4.527203999925405,5.255943000083789,26.332432999974117,50,9.58028700016439,11.840742999920622,45.00423699989915,45.00423699989915
2026-08-29T01:28:50.321Z,2010.026,500,1.6076279999688268,4.67682300019078,5.703761999960989,44.38918800000101,50,9.930646000197157,11.77901399997063,61.72405399987474,61.72405399987474
2026-08-29T01:29:00.321Z,2020.026,500,1.55803700000979,4.56367399985902,4.93021299992688,24.750835000071675,50,9.800505999941379,11.759284000145271,44.93316700006835,44.93316700006835
2026-08-29T01:29:10.322Z,2030.026,500,1.5137579999864101,4.555403999984264,5.099732999922708,23.610386999789625,50,9.644506999989972,11.843382999999449,42.039211000083014,42.039211000083014
2026-08-29T01:29:20.319Z,2040.026,500,1.5738679999485612,4.605633999919519,5.248613000148907,35.727210000157356,50,9.668956000125036,11.842552999965847,54.938903000205755,54.938903000205755
2026-08-29T01:29:30.324Z,2050.028,500,1.594327999977395,4.667574000079185,5.243022000184283,25.787194000091404,50,10.00928599992767,11.959143999963999,44.29656899999827,44.29656899999827
2026-08-29T01:29:40.325Z,2060.029,500,1.5864480000454932,4.567374000092968,5.24562199995853,34.923400999978185,50,9.845896000042558,11.988102999981493,52.45374699984677,52.45374699984677
2026-08-29T01:29:50.324Z,2070.029,500,1.6003580000251532,4.668424000032246,5.064942999975756,31.28189600002952,50,10.283504999941215,12.04657300002873,49.66285099997185,49.66285099997185
2026-08-29T01:30:00.326Z,2080.029,500,1.593747999984771,4.600853999843821,5.2177229998633265,29.11905900016427,50,9.866146000102162,11.933583999983966,43.958459000103176,43.958459000103176
2026-08-29T01:30:10.326Z,2090.03,500,1.5517880003899336,4.564822999993339,5.46596199972555,30.945415999973193,50,9.761185999959707,11.812372999964282,49.91486999997869,49.91486999997869
2026-08-29T01:30:20.325Z,2100.03,500,1.612738000229001,4.6195740001276135,5.707562999799848,30.36670699995011,50,9.911415999755263,11.841253000311553,49.014761000406,49.014761000406
2026-08-29T01:30:30.326Z,2110.03,500,1.5910980002954602,4.558612999971956,5.361863000318408,30.52219699975103,50,9.825766999740154,11.88810299988836,49.20957100018859,49.20957100018859
2026-08-29T01:30:40.323Z,2120.03,500,1.6339680003002286,4.714333000127226,5.62964199995622,35.30371000012383,50,9.94026599964127,11.302174000069499,52.94245499977842,52.94245499977842
2026-08-29T01:30:50.326Z,2130.03,500,1.605487999971956,4.579712999984622,5.415893000084907,36.859108000062406,50,9.777497000060976,11.95212300028652,55.383942999877036,55.383942999877036
2026-08-29T01:31:00.325Z,2140.03,500,1.616947999689728,4.7292929999530315,5.315311999991536,39.398375000339,50,9.74159700004384,11.907272999640554,57.63271900033578,57.63271900033578
2026-08-29T01:31:10.327Z,2150.03,500,1.587398000061512,4.522803999949247,5.126672999933362,45.92463599983603,50,9.912595999892801,11.944343999959528,63.00005199993029,63.00005199993029
2026-08-29T01:31:20.325Z,2160.031,500,1.5917380000464618,4.573263000231236,4.8657030002214015,33.67466300027445,51,10.064315999858081,11.735224000178277,54.5263529997319,54.5263529997319
2026-08-29T01:31:30.326Z,2170.031,500,1.5884279999881983,4.620543000288308,5.081052999943495,5.502913000062108,49,9.760286999866366,11.787264000158757,12.029663000255823,12.029663000255823
2026-08-29T01:31:40.327Z,2180.031,500,1.5296480003744364,4.541663999669254,5.3380730003118515,37.83706700010225,51,9.850056000053883,11.765182999894023,57.01491999998689,57.01491999998689
2026-08-29T01:31:50.326Z,2190.032,500,1.519847999792546,4.534934000112116,4.900793000124395,8.438148999586701,49,9.983766000252217,11.688024000264704,12.146412999834865,12.146412999834865
2026-08-29T01:32:00.327Z,2200.032,500,1.5289280000142753,4.56410300033167,5.087833000347018,36.36183900013566,50,9.832866000011563,12.026533000171185,54.93193300021812,54.93193300021812
2026-08-29T01:32:10.328Z,2210.032,500,1.573098000138998,4.6213239999488,5.104452999774367,37.29883799981326,50,9.757336999755353,11.96002299990505,55.388513000216335,55.388513000216335
2026-08-29T01:32:20.327Z,2220.032,500,1.5506580001674592,4.581052999943495,5.33468300011009,35.51989099988714,50,9.71558600012213,11.805093000177294,53.605975000187755,53.605975000187755
2026-08-29T01:32:30.329Z,2230.032,500,1.5741579998284578,4.53875399986282,5.033733000047505,38.07962699979544,51,9.811066000256687,11.981603000313044,56.077130999881774,56.077130999881774
2026-08-29T01:32:40.327Z,2240.032,500,1.645987999625504,4.780663000419736,5.674242000095546,30.39561800006777,50,9.905326999723911,11.994982999749482,12.285403000190854,12.285403000190854
2026-08-29T01:32:50.325Z,2250.032,500,1.5746579999104142,4.599014000035822,4.992262999992818,9.421196999959648,50,9.886316000018269,11.863652999978513,12.680683000013232,12.680683000013232
2026-08-29T01:33:00.329Z,2260.032,500,1.5452780001796782,4.562142999842763,5.079322999808937,9.559016999788582,50,9.97604600014165,11.939152999781072,12.10812299977988,12.10812299977988
2026-08-29T01:33:10.328Z,2270.032,500,1.5510579999536276,4.601334000006318,5.2572629996575415,9.48763700015843,50,10.120476000010967,12.106213000137359,12.14119300013408,12.14119300013408
2026-08-29T01:33:20.326Z,2280.033,500,1.5823470000177622,4.5871030003763735,5.726251999847591,33.81180200027302,50,9.794815999921411,11.546003999654204,12.119672999717295,12.119672999717295
2026-08-29T01:33:30.328Z,2290.033,500,1.6010380000807345,4.687093999702483,5.16689300024882,8.62973800022155,50,9.806895999703556,11.603693999815732,11.981993000023067,11.981993000023067
2026-08-29T01:33:40.328Z,2300.033,500,1.5555679998360574,4.547023999970406,5.059273000340909,36.94721800042316,50,9.651746999938041,11.848524000030011,12.054672999773175,12.054672999773175
2026-08-29T01:33:50.328Z,2310.034,500,1.5751980002969503,4.560314000118524,5.19432199979201,37.849768000189215,50,9.992026000283659,12.033533000387251,12.17860300000757,12.17860300000757
2026-08-29T01:34:00.330Z,2320.033,500,1.5785270002670586,4.615972999949008,5.202572000212967,6.8862600000575185,50,9.866216000169516,12.062143000308424,12.156803000252694,12.156803000252694
2026-08-29T01:34:10.328Z,2330.033,500,1.6178979999385774,4.657244000118226,5.1238130000419915,11.131665000226349,49,9.780947000253946,11.913323000073433,12.12239299993962,12.12239299993962
2026-08-29T01:34:20.328Z,2340.034,500,1.5926669999025762,4.602653999812901,5.572122000157833,34.375192000065,51,9.88770700013265,11.948863999918103,53.08686600020155,53.08686600020155
2026-08-29T01:34:30.330Z,2350.033,500,1.6624170001596212,4.776123000308871,5.901721999980509,32.82987300027162,50,9.917555999942124,11.575512999668717,11.953253000043333,11.953253000043333
2026-08-29T01:34:40.328Z,2360.033,500,1.588908000383526,4.60436400026083,5.014103000052273,8.448057999834418,50,9.82705600000918,12.0833529997617,12.129213000182062,12.129213000182062
2026-08-29T01:34:50.328Z,2370.033,500,1.60700700012967,4.610013000201434,5.291922000236809,35.6052600000985,50,9.920206000097096,11.905752999708056,12.201032999902964,12.201032999902964
2026-08-29T01:35:00.330Z,2380.034,500,1.5990880001336336,4.6006729998625815,5.407843000255525,36.05466999998316,50,9.680006000213325,11.657333000097424,11.908813000191003,11.908813000191003
2026-08-29T01:35:10.329Z,2390.034,500,1.6277979998849332,4.690232999622822,5.425892999861389,37.70541699975729,50,9.720635999925435,11.857644000090659,11.979584000073373,11.979584000073373
2026-08-29T01:35:20.329Z,2400.034,500,1.5285279997624457,4.548194000031799,5.03732299990952,34.44094099989161,50,9.890525999944657,11.934843999799341,12.132013000082225,12.132013000082225
2026-08-29T01:35:30.329Z,2410.034,500,1.527007999829948,4.535953999962658,5.424612000118941,33.33208299987018,50,9.925896000117064,12.061153000220656,12.207022000104189,12.207022000104189
2026-08-29T01:35:40.329Z,2420.035,500,1.4992580004036427,4.5137330000288785,5.649052000138909,48.45910200010985,50,10.000415999908,11.800673000048846,11.896753000095487,11.896753000095487
2026-08-29T01:35:50.329Z,2430.034,500,1.5450570001266897,4.547422999981791,5.641661999747157,32.85351400030777,50,10.024335999973118,12.062913000117987,12.238642999902368,12.238642999902368
2026-08-29T01:36:00.330Z,2440.034,500,1.5764679997228086,4.559142999816686,5.648752000182867,33.008934000041336,50,10.008765999693424,11.844903999939561,12.055513000115752,12.055513000115752
2026-08-29T01:36:10.331Z,2450.034,500,1.5186280002817512,4.527042999863625,5.269873000215739,35.41152099985629,50,10.020946000237018,11.855644000228494,12.15400299988687,12.15400299988687
2026-08-29T01:36:20.329Z,2460.035,500,1.5122980000451207,4.504194000270218,4.834243999794126,42.80541000002995,50,9.959476000163704,11.948222999926656,12.131653000134975,12.131653000134975
2026-08-29T01:36:30.330Z,2470.034,500,1.5606280001811683,4.573233000002801,5.081862999591976,32.98373400000855,50,9.67870600009337,11.5355429998599,11.820013999938965,11.820013999938965
2026-08-29T01:36:40.329Z,2480.034,500,1.5154380002059042,4.526264000218362,5.375192999839783,38.43732600007206,50,9.708405999932438,12.0034430003725,12.087273000273854,12.087273000273854
2026-08-29T01:36:50.329Z,2490.034,500,1.5589280002750456,4.556443000212312,5.849072000011802,35.47012999979779,50,10.04379600007087,12.023423000238836,12.32869300013408,12.32869300013408
2026-08-29T01:37:00.330Z,2500.034,500,1.480418000370264,4.531374000012875,5.260883000213653,11.278974999673665,50,9.816997000016272,11.812822999898344,11.953313000034541,11.953313000034541
2026-08-29T01:37:10.331Z,2510.035,500,1.4903979999944568,4.498444000259042,5.246973000001162,40.79642300028354,50,9.778956000227481,11.92608300037682,12.195423000026494,12.195423000026494
2026-08-29T01:37:20.327Z,2520.034,500,1.600908000022173,4.598513000179082,5.013433000072837,8.899067000020295,50,9.912115999963135,11.731234000064433,12.111743000335991,12.111743000335991
2026-08-29T01:37:30.331Z,2530.034,500,1.5886980001814663,4.549724000040442,5.047632999718189,11.304473999887705,50,10.154395999852568,11.89049299992621,11.951494000386447,11.951494000386447
2026-08-29T01:37:40.329Z,2540.035,500,1.6052379999309778,4.593623999971896,5.00120300007984,8.934727000072598,50,10.787514000199735,12.026782999746501,12.159523000009358,12.159523000009358
2026-08-29T01:37:50.329Z,2550.034,500,1.4912379998713732,4.487314000260085,4.910993000026792,9.538246000185609,50,9.760476999916136,11.86135399993509,12.186973000410944,12.186973000410944
2026-08-29T01:38:00.330Z,2560.034,500,1.5456769997254014,4.581732999999076,5.1060629999265075,36.30594900017604,50,9.860737000126392,12.123573000077158,12.196932999882847,12.196932999882847
2026-08-29T01:38:10.331Z,2570.034,500,1.565498000010848,4.544853000435978,6.1961110001429915,35.10361099988222,50,10.561424999963492,11.834573000203818,11.955142999999225,11.955142999999225
2026-08-29T01:38:20.329Z,2580.034,500,1.5167080000974238,4.5185040002688766,5.066942000295967,35.6726800003089,50,9.974596000276506,12.100303000304848,12.264972999691963,12.264972999691963
2026-08-29T01:38:30.329Z,2590.034,500,1.6028269999660552,4.595443999860436,5.144042000174522,37.70935800019652,50,10.101405999623239,12.037932999897748,12.257663000375032,12.257663000375032
2026-08-29T01:38:40.330Z,2600.034,500,1.5613879999145865,4.561904000118375,4.860772999934852,37.10352799994871,50,10.666575000155717,12.034382999874651,12.211033000145108,12.211033000145108
2026-08-29T01:38:50.329Z,2610.034,500,1.5271780001930892,4.52127300016582,5.034512999933213,39.144995000213385,50,9.952144999988377,11.930213999934494,12.097113000229001,12.097113000229001
2026-08-29T01:39:00.331Z,2620.035,500,1.5495080002583563,4.547882999759167,5.332713000010699,34.07298200018704,50,10.161636000033468,12.153572999872267,13.681530999951065,13.681530999951065
2026-08-29T01:39:10.329Z,2630.035,500,1.5464780000038445,4.540473000146449,5.02955299988389,32.2348850001581,50,9.517127000261098,11.729102999903262,12.09336300007999,12.09336300007999
2026-08-29T01:39:20.328Z,2640.035,500,1.4861679999157786,4.497664000373334,5.37010300019756,32.21276499982923,50,10.555164999794215,11.807722999714315,11.968414000235498,11.968414000235498
2026-08-29T01:39:30.330Z,2650.034,500,1.500527999829501,4.541054000146687,5.461062000133097,33.971582000143826,50,10.947354999836534,11.96323399990797,12.096993000246584,12.096993000246584
2026-08-29T01:39:40.329Z,2660.034,500,1.5096980002708733,4.510822999756783,5.158832000102848,32.1493850001134,50,10.844544999767095,11.949322999920696,11.96307299984619,11.96307299984619
2026-08-29T01:39:50.331Z,2670.035,500,1.5047869998961687,4.517243999987841,5.406061999965459,31.97484500007704,50,10.895963999908417,11.909123999997973,12.141372999642044,12.141372999642044
2026-08-29T01:40:00.331Z,2680.035,500,1.4962180000729859,4.5081439996138215,5.563841999974102,41.0393930003047,50,10.858354999683797,11.852843000087887,12.12660300033167,12.12660300033167
2026-08-29T01:40:10.331Z,2690.035,500,1.4802180002443492,4.507943999953568,5.142432999797165,31.542425999883562,50,10.681605000048876,11.910283999983221,12.125442999880761,12.125442999880761
2026-08-29T01:40:20.334Z,2700.036,500,1.4879470001906157,4.540703999809921,5.19899299973622,36.309889999683946,50,10.810025000013411,12.065022999886423,13.954950000159442,13.954950000159442
2026-08-29T01:40:30.333Z,2710.037,500,1.5171779999509454,4.53462400007993,5.241651999764144,45.47684699995443,50,10.623945000115782,12.00335399992764,12.20610300032422,12.20610300032422
2026-08-29T01:40:40.333Z,2720.036,500,1.6370480000041425,4.768342999741435,5.335293000098318,45.240276999771595,50,10.950493999756873,12.017862999811769,12.284312000032514,12.284312000032514
2026-08-29T01:40:50.331Z,2730.036,500,1.5471979998983443,4.608913000207394,6.237681000027806,37.43695699982345,50,10.62307500001043,11.980963999871165,12.514392000157386,12.514392000157386
2026-08-29T01:41:00.331Z,2740.036,500,1.5724579999223351,4.601223999634385,5.288152999710292,36.23463900014758,50,10.942885000258684,12.04780300008133,12.117502999957651,12.117502999957651
2026-08-29T01:41:10.331Z,2750.036,500,1.5580079997889698,4.6577130001969635,5.282323000021279,37.8547869999893,50,10.98838400002569,12.15637300023809,12.260592999868095,12.260592999868095
2026-08-29T01:41:20.334Z,2760.039,500,1.529948000330478,4.577173999976367,5.17049300018698,34.822811000049114,50,10.912124999798834,11.950373999774456,12.431113000027835,12.431113000027835
2026-08-29T01:41:30.335Z,2770.039,500,1.5983870001509786,4.601063000038266,5.47451200010255,40.69850299973041,50,10.668494999874383,11.88274300005287,12.080232999753207,12.080232999753207
2026-08-29T01:41:40.334Z,2780.039,500,1.5973479999229312,4.625184000004083,5.338452000170946,34.47853199997917,50,3.683004999998957,11.951604000292718,12.100742999929935,12.100742999929935
2026-08-29T01:41:50.334Z,2790.039,500,1.6035980000160635,4.54492300003767,5.434861999936402,51.04702900024131,50,10.585026000160724,12.06626300001517,12.093893999699503,12.093893999699503
2026-08-29T01:42:00.334Z,2800.039,500,1.588188000023365,4.605913999956101,5.431772999931127,38.72901799995452,50,11.02055500028655,11.982404000125825,12.039913999848068,12.039913999848068
2026-08-29T01:42:10.335Z,2810.04,500,1.601427999790758,4.655464000068605,5.076083000283688,31.915297999978065,50,11.019524999894202,11.971694000065327,12.019073999952525,12.019073999952525
2026-08-29T01:42:20.336Z,2820.04,500,1.640828000381589,4.682543999981135,5.138284000102431,36.25140199996531,50,10.788786000106484,12.0733040003106,12.2860440001823,12.2860440001823
2026-08-29T01:42:30.334Z,2830.041,500,1.6206479999236763,4.6129540000110865,5.131113999988884,40.42746700020507,50,10.523206999991089,12.067193999886513,12.774382999632508,12.774382999632508
2026-08-29T01:42:40.336Z,2840.042,500,1.6177980001084507,4.655092999804765,5.358852999750525,45.558898999821395,50,10.630816000048071,11.970393999945372,12.003973999992013,12.003973999992013
2026-08-29T01:42:50.337Z,2850.041,500,1.5588480001315475,4.530904000159353,5.3087630001828074,11.862323999870569,50,10.608055999968201,12.029574000276625,12.133923000190407,12.133923000190407
2026-08-29T01:43:00.337Z,2860.042,500,1.5216069999150932,4.531492999754846,5.071272999979556,10.098205999936908,50,10.646065999753773,11.849914999678731,12.20262400014326,12.20262400014326
2026-08-29T01:43:10.337Z,2870.042,500,1.5446580001153052,4.609114000108093,5.482102999929339,40.25643699988723,50,10.850525999907404,11.995323999784887,12.095203999895602,12.095203999895602
2026-08-29T01:43:20.337Z,2880.042,500,1.5114680002443492,4.514314000029117,5.17316300002858,43.42298199981451,50,10.696406000293791,11.960954000242054,11.970323999878019,11.970323999878019
2026-08-29T01:43:30.339Z,2890.043,500,1.5078380000777543,4.4712640000507236,5.025644000153989,9.385206999722868,50,3.914805000182241,11.748605000320822,11.969473999924958,11.969473999924958
2026-08-29T01:43:40.339Z,2900.044,500,1.538577999919653,4.509493999648839,5.242674000095576,10.588805000297725,50,4.765893000178039,11.911815000232309,12.136553999967873,12.136553999967873
2026-08-29T01:43:50.339Z,2910.043,500,1.586587999947369,4.570993999950588,5.357882999815047,25.72534599993378,50,10.767465999815613,12.097624000161886,12.114384000189602,12.114384000189602
2026-08-29T01:44:00.338Z,2920.043,500,1.581127000041306,4.525493999943137,4.844113999977708,11.286824999842793,50,4.642783000133932,12.138633999973536,12.28569300007075,12.28569300007075
2026-08-29T01:44:10.339Z,2930.043,500,1.5395880001597106,4.529273999854922,4.958713999949396,10.238266000058502,50,9.748727000318468,11.95732400007546,12.058914000168443,12.058914000168443
2026-08-29T01:44:20.339Z,2940.043,500,1.5648580002598464,4.644323999993503,6.3398310001939535,52.19517099997029,50,10.593365999870002,11.937703999690711,12.567392999771982,12.567392999771982
2026-08-29T01:44:30.339Z,2950.043,500,1.5942879999056458,4.622804000042379,5.183534000068903,11.6265250002034,50,3.675044999923557,12.031033999752253,12.227793999947608,12.227793999947608
2026-08-29T01:44:40.338Z,2960.043,500,1.5299080000258982,4.571084000170231,5.215212999843061,48.78107499983162,50,4.805143000092357,12.002193999942392,12.203474000096321,12.203474000096321
2026-08-29T01:44:50.339Z,2970.043,500,1.537607999984175,4.508783999830484,4.77451300015673,12.781212999951094,50,4.21325400006026,11.972903999965638,12.82240300020203,12.82240300020203
2026-08-29T01:45:00.342Z,2980.047,500,1.626408000010997,4.646894000004977,4.996803000103682,10.761966000311077,50,9.831406000070274,11.99433400016278,12.204373999964446,12.204373999964446
2026-08-29T01:45:10.342Z,2990.047,500,1.5781479999423027,4.5839340002276,5.398672000039369,59.027071999851614,50,9.6693170000799,12.009694000240415,12.030604999978095,12.030604999978095
2026-08-29T01:45:20.341Z,3000.047,500,1.5860179997980595,4.6744840000756085,5.483212999999523,43.45985300000757,50,4.806162999942899,11.967313000001013,12.17064299993217,12.17064299993217
2026-08-29T01:45:30.342Z,3010.047,500,1.6914280001074076,4.602483999915421,7.315620000008494,56.66096499981359,50,3.8520039999857545,12.04114400036633,12.127843999769539,12.127843999769539
2026-08-29T01:45:40.342Z,3020.047,500,1.612546999938786,4.66809399984777,5.875701999757439,46.76191799994558,50,4.01524499990046,12.068694000132382,12.148413999937475,12.148413999937475
2026-08-29T01:45:50.343Z,3030.047,500,1.640087999869138,4.614163999911398,5.316132999956608,44.16052100015804,50,4.911363000050187,11.981444000266492,12.169303999748081,12.169303999748081
2026-08-29T01:46:00.344Z,3040.048,500,1.6271379999816418,4.438494000118226,4.851234000176191,47.84507599985227,50,2.918516000267118,11.906014000065625,12.018913999665529,12.018913999665529
2026-08-29T01:46:10.342Z,3050.047,500,1.6740370001643896,4.5786129999905825,6.1314920000731945,47.32048700004816,50,3.704105000011623,12.048504000063986,12.14116399968043,12.14116399968043
2026-08-29T01:46:20.342Z,3060.047,500,1.6290179998613894,4.672494000289589,5.4507829998619854,55.35942699993029,50,4.9330329997465014,12.064803999848664,12.293704000301659,12.293704000301659
2026-08-29T01:46:30.344Z,3070.048,500,1.6105880001559854,4.590323999989778,5.834863000083715,50.47467299969867,50,3.852034999988973,11.940905000083148,12.270913999993354,12.270913999993354
2026-08-29T01:46:40.343Z,3080.048,500,1.611387999728322,4.577703999821097,5.591011999640614,48.12029600003734,50,3.4987149997614324,11.986533999908715,12.079524000175297,12.079524000175297
2026-08-29T01:46:50.343Z,3090.048,500,1.5622680000960827,4.55698399990797,5.434392999857664,32.109597999602556,50,3.0273159998469055,11.692743999883533,11.940624000038952,11.940624000038952
2026-08-29T01:47:00.343Z,3100.048,500,1.6208879998885095,4.610593999736011,6.10383199993521,52.463320000097156,50,3.962123999837786,11.9777339999564,13.08216300001368,13.08216300001368
2026-08-29T01:47:10.345Z,3110.049,500,1.6305980002507567,4.516364000272006,6.393252000212669,49.86006399989128,50,3.7113549998030066,12.102103000041097,12.256293999962509,12.256293999962509
2026-08-29T01:47:20.342Z,3120.049,500,1.6036680000834167,4.512974000070244,5.645513000432402,47.70935699995607,50,3.7544649997726083,12.082264000084251,12.563843000214547,12.563843000214547
2026-08-29T01:47:30.345Z,3130.05,500,1.618747000116855,4.5069149998016655,5.912512000184506,50.325952999759465,50,2.9313759999349713,11.898194000124931,12.072604000102729,12.072604000102729
2026-08-29T01:47:40.345Z,3140.05,500,1.6252280003391206,4.501114000100642,5.3049630001187325,48.88560499995947,50,3.898314000107348,11.903754000086337,12.281932999845594,12.281932999845594
2026-08-29T01:47:50.345Z,3150.05,501,1.6086879996582866,4.485313999932259,6.302050999831408,50.25148299988359,50,3.765205000061542,12.103803999722004,12.915252999868244,12.915252999868244
2026-08-29T01:48:00.347Z,3160.051,499,1.5065770000219345,4.450143999885768,5.072292999830097,6.479681999888271,50,3.626875000074506,11.975055000279099,12.19355299975723,12.19355299975723
2026-08-29T01:48:10.345Z,3170.05,500,1.5676880003884435,4.47930399980396,5.537093000020832,48.4181049996987,50,4.741313999984413,11.86893399991095,12.0700440001674,12.0700440001674
2026-08-29T01:48:20.347Z,3180.05,500,1.5984679996035993,4.4849439999088645,5.098993000108749,60.33147000009194,50,10.685686000157148,11.935293999966234,12.128884000238031,12.128884000238031
2026-08-29T01:48:30.345Z,3190.05,500,1.5913280001841486,4.503724000416696,5.396362999919802,51.187342000193894,50,3.7600249997340143,11.8825440001674,12.00172399962321,12.00172399962321
2026-08-29T01:48:40.346Z,3200.05,500,1.6009579999372363,4.5342839998193085,5.33125300006941,56.682215000037104,50,4.17150399973616,11.871253999881446,12.0075350003317,12.0075350003317
2026-08-29T01:48:50.346Z,3210.05,500,1.6210480001755059,4.5337640000507236,5.8556919996626675,43.829262000042945,50,5.026383000425994,12.087354000192136,12.422234000172466,12.422234000172466
2026-08-29T01:49:00.346Z,3220.05,500,1.6106879999861121,4.598083000164479,5.618842999916524,58.65725200017914,50,3.981215000152588,11.984703999944031,12.29125399980694,12.29125399980694
2026-08-29T01:49:10.346Z,3230.05,500,1.57610800024122,4.563163999933749,5.361752999946475,51.379691999871284,50,3.9681049999780953,12.097744000144303,12.217183999717236,12.217183999717236
2026-08-29T01:49:20.344Z,3240.05,500,1.5349170002155006,4.508893999736756,5.485603000037372,58.009573000017554,50,3.924974999856204,11.9372139996849,11.995523999910802,11.995523999910802
2026-08-29T01:49:30.347Z,3250.05,500,1.581207999959588,4.5331439999863505,5.544411999639124,57.60570299997926,50,4.448003999888897,11.89662400027737,12.70041299983859,12.70041299983859
2026-08-29T01:49:40.347Z,3260.051,500,1.6071680001914501,4.51042400021106,5.355202999897301,54.3955080001615,50,4.851303000003099,11.987853999715298,12.056123999878764,12.056123999878764
2026-08-29T01:49:50.345Z,3270.05,500,1.6219969997182488,4.520353999920189,7.133190999738872,45.03444000007585,50,3.2161359996534884,12.042994000017643,12.396732999943197,12.396732999943197
2026-08-29T01:50:00.345Z,3280.05,500,1.5656580002978444,4.522814000025392,5.064553000032902,55.50343600008637,50,3.5411849999800324,11.83640499971807,11.892514000181109,11.892514000181109
2026-08-29T01:50:10.346Z,3290.05,500,1.541947000194341,4.500194000080228,6.326481000054628,48.18914500018582,50,3.6736949998885393,11.600573999807239,11.688744000159204,11.688744000159204
2026-08-29T01:50:20.347Z,3300.051,500,1.6101580001413822,4.502754000015557,5.2591329999268055,58.462942000012845,50,3.9349949997849762,11.825244000181556,11.988894000183791,11.988894000183791
2026-08-29T01:50:30.345Z,3310.05,500,1.6326180002652109,4.508004000410438,5.1976029998622835,55.97016600007191,50,4.057503999676555,12.277763000223786,12.65256300009787,12.65256300009787
2026-08-29T01:50:40.347Z,3320.05,500,1.609748000279069,4.477504000067711,5.078563000075519,46.9395569995977,50,3.9389740000478923,12.101884000003338,12.82547300029546,12.82547300029546
2026-08-29T01:50:50.347Z,3330.05,500,1.6080780001357198,4.521463999990374,5.113633000291884,47.090008000377566,50,3.8521749996580184,11.872434000018984,12.024374000262469,12.024374000262469
2026-08-29T01:51:00.345Z,3340.05,500,1.5872080000117421,4.504714000038803,5.394493000116199,49.58403400005773,50,4.11765499971807,12.094043999910355,12.293613000307232,12.293613000307232
2026-08-29T01:51:10.345Z,3350.05,500,1.6260180003009737,4.634353999979794,5.586672000121325,48.408896000124514,50,3.749545000027865,11.925373999867588,12.575703000184149,12.575703000184149
2026-08-29T01:51:20.345Z,3360.05,500,1.5993280000984669,4.53460399992764,5.514851999934763,48.836645000148565,50,3.98075499990955,12.151644000317901,12.210663999896497,12.210663999896497
2026-08-29T01:51:30.346Z,3370.05,500,1.6072080000303686,4.571713000070304,5.38035300001502,48.321205999702215,50,3.9163339999504387,12.210574000142515,12.533594000153244,12.533594000153244
2026-08-29T01:51:40.345Z,3380.05,500,1.5613579996861517,4.565524000208825,6.670442000031471,48.67971500009298,50,3.8203949998132885,11.959154000040144,12.168314000125974,12.168314000125974
2026-08-29T01:51:50.347Z,3390.051,500,1.5430779997259378,4.502924000378698,5.716983000282198,56.61020400002599,50,3.421705999877304,11.684735000133514,11.90170400030911,11.90170400030911
2026-08-29T01:52:00.345Z,3400.05,501,1.6390579999424517,4.644884000066668,7.085960000287741,54.66926799993962,50,3.6884350003674626,12.069703999906778,12.4782529999502,12.4782529999502
2026-08-29T01:52:10.345Z,3410.05,499,1.5790279996581376,4.574524000287056,5.168492999859154,30.282239999622107,50,2.828916000202298,12.006344000343233,12.123802999965847,12.123802999965847
2026-08-29T01:52:20.345Z,3420.05,500,1.645928000099957,4.652883999980986,6.603471000213176,49.3687839997001,50,3.669814999680966,12.004633999895304,12.085893999785185,12.085893999785185
2026-08-29T01:52:30.347Z,3430.05,500,1.6024179998785257,4.594833999872208,5.7874619998037815,60.30254999967292,50,3.694415000267327,11.93729400029406,12.017004000023007,12.017004000023007
2026-08-29T01:52:40.345Z,3440.05,501,1.5482580000534654,4.5870839999988675,6.278181999921799,58.145583000034094,50,3.534625000320375,11.955154000315815,12.29670299962163,12.29670299962163
2026-08-29T01:52:50.345Z,3450.05,499,1.5513479998335242,4.5117739997804165,5.4452229999005795,31.50488799996674,50,2.772845999803394,11.875783999916166,11.962373999878764,11.962373999878764
2026-08-29T01:53:00.346Z,3460.051,500,1.5323479999788105,4.49486400000751,6.001872000284493,48.38970600022003,50,3.5330650000832975,12.003634000197053,12.747192999813706,12.747192999813706
2026-08-29T01:53:10.345Z,3470.05,500,1.5777280000038445,4.568314000032842,5.766801999881864,48.03911600029096,50,3.5472650001756847,11.934794999659061,12.379724000114948,12.379724000114948
2026-08-29T01:53:20.345Z,3480.05,500,1.6193380001932383,4.582014000043273,6.65228100027889,56.549424999859184,50,3.5525660002604127,11.792884999886155,12.112993999850005,12.112993999850005
2026-08-29T01:53:30.347Z,3490.05,500,1.5787879996933043,4.574064000044018,5.751933000050485,48.92309500044212,50,3.530915000010282,11.925394999794662,12.508322999812663,12.508322999812663
2026-08-29T01:53:40.346Z,3500.05,500,1.604257000144571,4.601614000275731,6.012621999718249,49.18078499985859,50,3.7637450001202524,11.999865000136197,12.044983999803662,12.044983999803662
2026-08-29T01:53:50.346Z,3510.051,500,1.5888780001550913,4.586543999612331,6.695430999621749,53.60578900016844,50,3.638784999959171,11.78386399988085,12.123664000071585,12.123664000071585
2026-08-29T01:54:00.348Z,3520.052,500,1.6413479996845126,4.638993000146002,5.497812999878079,54.03454799996689,50,2.9155460000038147,11.864033999852836,12.340802999679,12.340802999679
2026-08-29T01:54:10.363Z,3530.052,500,1.5711380001157522,4.573704000096768,5.71257199998945,49.0588150001131,50,3.6599049996584654,11.869883999694139,12.008673999924213,12.008673999924213
2026-08-29T01:54:20.347Z,3540.052,500,1.5941879996098578,4.520554000046104,5.36900300020352,37.5637300000526,50,3.280635999981314,12.11012399988249,12.216804000083357,12.216804000083357
2026-08-29T01:54:30.347Z,3550.052,500,1.6186279999092221,4.571864000055939,4.976023000199348,50.419403000269085,50,3.7162349997088313,12.022604000288993,17.446326999925077,17.446326999925077
2026-08-29T01:54:40.347Z,3560.052,501,1.6615180000662804,4.603184000123292,7.112631000112742,51.605610999744385,50,3.8919350001960993,11.968983999919146,12.073954000137746,12.073954000137746
2026-08-29T01:54:50.347Z,3570.053,500,1.6838070000521839,4.530404000077397,5.862263000104576,37.773628999944776,50,2.981536000035703,11.757443999871612,12.524513999931514,12.524513999931514
2026-08-29T01:55:00.347Z,3580.052,500,1.6315779997967184,4.529443999752402,6.788811000064015,30.86926899990067,50,3.7930249995552003,12.001933999825269,12.102063999976963,12.102063999976963
2026-08-29T01:55:10.349Z,3590.052,499,1.6477680001407862,4.548374000005424,5.890972999855876,27.661053000018,50,2.84508700016886,11.857123999856412,12.152233999688178,12.152233999688178
2026-08-29T01:55:20.347Z,3600.052,500,1.6672379998490214,4.554523999802768,6.59229200007394,48.804424999747425,50,3.848754999693483,11.94976400025189,12.0595439998433,12.0595439998433
2026-08-29T01:55:30.347Z,3610.052,501,1.6423880001530051,4.538553999736905,5.345062999986112,48.67016500001773,50,3.5942449998110533,11.886413999833167,12.116382999811321,12.116382999811321
2026-08-29T01:55:40.347Z,3620.053,499,1.6698579997755587,4.567674000281841,5.415122999809682,31.12589900009334,50,2.908545999787748,12.095503999851644,12.202874000184238,12.202874000184238
2026-08-29T01:55:50.347Z,3630.052,500,1.633228000253439,4.492573999799788,6.427341000176966,50.60285199992359,50,2.904305999632925,11.737383999861777,12.502154000103474,12.502154000103474
2026-08-29T01:56:00.347Z,3640.052,501,1.6326580001041293,4.541673999745399,5.171893000137061,55.978434999939054,50,3.01582600036636,12.051872999873012,12.512753000017256,12.512753000017256
2026-08-29T01:56:10.347Z,3650.052,500,1.6443070000968874,4.492903999984264,5.5830230000428855,28.809402000159025,50,2.7209859997965395,11.809294000267982,12.106563999783248,12.106563999783248
2026-08-29T01:56:20.347Z,3660.052,500,1.6226070001721382,4.542824000120163,5.49055300001055,34.17075499985367,50,3.2314260001294315,11.826423999853432,12.177054000087082,12.177054000087082
2026-08-29T01:56:30.348Z,3670.052,500,1.5770979998633265,4.541453999932855,5.878801999613643,28.957822000142187,50,3.6401360002346337,11.833604000043124,11.982214000076056,11.982214000076056
2026-08-29T01:56:40.349Z,3680.052,500,1.5925280000083148,4.652224000077695,5.568152999971062,29.356481000315398,50,2.928565999958664,12.034864000044763,12.14654399966821,12.14654399966821
2026-08-29T01:56:50.347Z,3690.052,500,1.6334180003032088,4.565483999904245,5.339403000194579,31.185428000055254,50,2.804907000157982,11.809243999887258,11.90420400025323,11.90420400025323
2026-08-29T01:57:00.349Z,3700.053,499,1.6543479999527335,4.592734000179917,5.407383000012487,35.2144340001978,50,2.854075999930501,11.869923999998719,11.949794999789447,11.949794999789447
2026-08-29T01:57:10.346Z,3710.052,501,1.6356480000540614,4.547723999712616,6.2592119998298585,51.392652000300586,50,3.5510749998502433,11.923973999917507,12.09479400003329,12.09479400003329
2026-08-29T01:57:20.345Z,3720.052,499,1.6446569999679923,4.594603999983519,5.5733119999058545,34.270335000008345,50,3.6425250000320375,12.23876400012523,12.498583999928087,12.498583999928087
2026-08-29T01:57:30.348Z,3730.052,501,1.6267379997298121,4.544474000111222,6.52406100044027,54.47989799967036,50,3.7406049999408424,11.994944000151008,12.235253999941051,12.235253999941051
2026-08-29T01:57:40.347Z,3740.053,500,1.6313880002126098,4.566883999854326,5.473402999807149,33.35224599996582,50,3.139004999771714,12.05103399977088,12.110954000148922,12.110954000148922
2026-08-29T01:57:50.348Z,3750.053,500,1.5520379999652505,4.5293539999984205,6.429920999798924,32.79721700027585,50,3.526496000122279,11.864393999800086,11.964064000174403,11.964064000174403
2026-08-29T01:58:00.350Z,3760.054,500,1.5981979998759925,4.5868039997294545,5.865462000016123,31.963928000070155,50,3.0118660000152886,11.84980500023812,12.274253000039607,12.274253000039607
2026-08-29T01:58:10.350Z,3770.055,499,1.5776879996992648,4.575474000070244,5.49292300036177,37.678109999746084,50,3.2749459999613464,11.83827400021255,12.231103000231087,12.231103000231087
2026-08-29T01:58:20.349Z,3780.055,501,1.592337999958545,4.548913000151515,6.377611999865621,59.39898099983111,50,3.6270650001242757,12.027094000019133,12.20368400029838,12.20368400029838
2026-08-29T01:58:30.351Z,3790.055,499,1.6112779998220503,4.582074000034481,5.578252000268549,42.03269399981946,50,3.703264999669045,12.163574000354856,13.049172000028193,13.049172000028193
2026-08-29T01:58:40.349Z,3800.054,501,1.61908800015226,4.596114000305533,6.991519999690354,48.19151599984616,50,3.7474949997849762,12.134214000310749,14.498950999695808,14.498950999695808
2026-08-29T01:58:50.351Z,3810.055,500,1.5798680000007153,4.551274000201374,6.175361999776214,33.58337499992922,50,3.523845999967307,11.736064000055194,12.139593999832869,12.139593999832869
2026-08-29T01:59:00.351Z,3820.054,500,1.5946579999290407,4.5350739997811615,5.13941300008446,37.147760999854654,50,3.5620750002563,11.746214999817312,11.948614999651909,11.948614999651909
2026-08-29T01:59:10.351Z,3830.054,500,1.6394879999570549,4.563374000135809,5.3055730001069605,38.30964899994433,50,2.999375999905169,11.325494999997318,12.007794000208378,12.007794000208378
2026-08-29T01:59:20.347Z,3840.054,500,1.5904379999265075,4.5583049999549985,5.567493999842554,32.59515499975532,50,2.750287000089884,11.856126999948174,12.050786999985576,12.050786999985576
2026-08-29T01:59:30.349Z,3850.054,499,1.657908999826759,4.598844999913126,5.3421049998141825,39.86046600015834,50,3.696755999699235,12.075407000258565,12.111417000181973,12.111417000181973
2026-08-29T01:59:40.351Z,3860.055,501,1.6250879997387528,4.474204999860376,5.380183999892324,48.66850699996576,50,2.7933970000594854,11.994636999908835,12.024757000152022,12.024757000152022
2026-08-29T01:59:50.351Z,3870.055,499,1.6130879996344447,4.5667759999632835,5.278593999799341,35.249441999942064,50,2.696167000103742,11.901386999990791,12.139575999695808,12.139575999695808
2026-08-29T02:00:00.349Z,3880.054,501,1.6039590002037585,4.536665000021458,5.686993999872357,49.03465599985793,50,2.8233170001767576,11.117197999730706,11.985706999897957,11.985706999897957
2026-08-29T02:00:10.349Z,3890.054,500,1.6310390001162887,4.521435000002384,5.712392999790609,26.726020999718457,50,3.733156000263989,12.147836999967694,12.398626999929547,12.398626999929547
2026-08-29T02:00:20.350Z,3900.054,500,1.6213179999031126,4.509994999971241,5.335934000089765,31.361235999967903,50,3.6476560002192855,11.995236999820918,12.1840569996275,12.1840569996275
2026-08-29T02:00:30.349Z,3910.054,500,1.5923489998094738,4.50405600015074,6.487643000204116,36.071330999955535,50,2.708848000038415,11.87665699981153,12.092077000066638,12.092077000066638
2026-08-29T02:00:40.349Z,3920.054,500,1.6060779998078942,4.52353599993512,6.304173000156879,33.44999299990013,50,2.7849969998933375,11.844696999993175,12.09614699985832,12.09614699985832
2026-08-29T02:00:50.351Z,3930.054,500,1.613427999895066,4.538454999681562,6.345002999994904,37.2246799999848,50,3.613975999876857,12.31646699970588,12.516216000076383,12.516216000076383
2026-08-29T02:01:00.350Z,3940.055,500,1.6318389996886253,4.52341500017792,6.0895529999397695,26.89591099973768,50,3.29792599985376,12.083986999932677,12.392737000249326,12.392737000249326
2026-08-29T02:01:10.349Z,3950.054,500,1.6908490001223981,4.556915000081062,5.34728500014171,34.36585200019181,50,3.722985999658704,12.072967000305653,13.43031599977985,13.43031599977985
2026-08-29T02:01:20.348Z,3960.054,500,1.6917579998262227,4.553495000116527,6.431762999854982,30.041576999705285,50,3.8127950001507998,12.05115700000897,12.096637000329792,12.096637000329792
2026-08-29T02:01:30.350Z,3970.055,500,1.646177999675274,4.533675000071526,5.323563999962062,29.207998000085354,50,2.7246170002035797,12.084157000295818,12.403245999943465,12.403245999943465
2026-08-29T02:01:40.349Z,3980.054,500,1.6213079998269677,4.59712400007993,5.966894000303,26.981480000074953,50,3.7562359999865294,12.055477000307292,12.204845999833196,12.204845999833196
2026-08-29T02:01:50.349Z,3990.054,500,1.663117999676615,4.5994249996729195,5.018373999744654,9.709859000053257,50,2.877327000256628,11.979196999687701,12.460057000163943,12.460057000163943
2026-08-29T02:02:00.347Z,4000.054,499,1.6484179999679327,4.550355000421405,5.252624999731779,27.60046000033617,50,3.61476599983871,11.947747000027448,12.04281699983403,12.04281699983403
2026-08-29T02:02:10.350Z,4010.054,501,1.6622089999727905,4.529025000054389,5.308935000095516,49.27547600027174,50,2.796007000375539,11.993266999721527,12.414805999957025,12.414805999957025
2026-08-29T02:02:20.351Z,4020.054,500,1.6561389998532832,4.529105000197887,5.583534000441432,34.393351999577135,50,3.276136999949813,11.977196999825537,12.235155999660492,12.235155999660492
2026-08-29T02:02:30.352Z,4030.055,500,1.6890079998411238,4.5208649998530746,5.18813499994576,33.825333000160754,50,3.6081960001029074,11.985677000135183,12.023477000184357,12.023477000184357
2026-08-29T02:02:40.349Z,4040.055,499,1.6599779999814928,4.511905000079423,5.337793999817222,26.52347100013867,50,3.586006000172347,12.162725999951363,12.419476999901235,12.419476999901235
2026-08-29T02:02:50.350Z,4050.054,500,1.6764489999040961,4.523715000133961,6.529353000223637,57.7297069998458,50,3.7732559996657073,12.026267000008374,12.165397000033408,12.165397000033408
2026-08-29T02:03:00.350Z,4060.054,501,1.6833479995839298,4.53875399986282,6.481993000023067,48.78633699985221,50,3.6302159996703267,11.956247000023723,12.137356999795884,12.137356999795884
2026-08-29T02:03:10.350Z,4070.054,500,1.6871380000375211,4.550125000067055,5.407753999810666,35.14580100029707,50,3.810725999996066,12.066236999817193,12.403517000377178,12.403517000377178
2026-08-29T02:03:20.349Z,4080.054,500,1.6835570000112057,4.5334149999544024,5.2734540002420545,27.80528000043705,50,2.922677000053227,11.086198000237346,12.086887000128627,12.086887000128627
2026-08-29T02:03:30.349Z,4090.055,500,1.6668080003000796,4.547705000266433,5.509593999944627,34.913571999873966,50,2.99047699989751,11.647667000070214,11.942616999614984,11.942616999614984
2026-08-29T02:03:40.349Z,4100.054,499,1.693417999893427,4.616334999911487,5.439023999962956,39.192838000133634,50,2.7991269999183714,11.402987000066787,12.16514699999243,12.16514699999243
2026-08-29T02:03:50.349Z,4110.054,501,1.6584880002774298,4.7235750001855195,6.128643000032753,54.689290000125766,50,2.861385999713093,11.735007000155747,11.998556999955326,11.998556999955326
2026-08-29T02:04:00.349Z,4120.054,500,1.6618479997850955,4.580434999894351,5.706854000221938,28.54042899981141,50,2.8407670003362,11.90434700017795,12.348876999691129,12.348876999691129
2026-08-29T02:04:10.350Z,4130.055,500,1.6505789998918772,4.516516000032425,6.387432999908924,28.906518999952823,50,2.7625669999979436,11.040847999975085,12.201547000091523,12.201547000091523
2026-08-29T02:04:20.351Z,4140.054,499,1.6254179999232292,4.5102749997749925,6.3174829999916255,26.261580999940634,50,2.7267269999720156,11.808466999791563,12.142717000097036,12.142717000097036
2026-08-29T02:04:30.350Z,4150.054,501,1.6125480001792312,4.4989849999547005,5.474753999616951,49.63819599989802,50,3.585096000228077,11.715737999882549,11.879256999585778,11.879256999585778
2026-08-29T02:04:40.349Z,4160.054,500,1.6721780002117157,4.621275000274181,5.265554000157863,7.229261999949813,50,2.841186999808997,4.890064999926835,11.259717999957502,11.259717999957502
2026-08-29T02:04:50.350Z,4170.054,499,1.672408000100404,4.521914999932051,5.529583999887109,27.323051000013947,50,3.3846660000272095,12.323997000232339,12.70472599985078,12.70472599985078
2026-08-29T02:05:00.351Z,4180.054,501,1.6313779996708035,4.549554999917746,5.586484000086784,56.756677999626845,50,3.1337669999338686,11.887376999948174,12.428826000075787,12.428826000075787
2026-08-29T02:05:10.350Z,4190.054,500,1.6623080000281334,4.598985000047833,5.888044000603259,30.510286999866366,50,3.1213060002774,12.10101700015366,12.37989699933678,12.37989699933678
2026-08-29T02:05:20.347Z,4200.054,499,1.6968480003997684,4.621214999817312,5.378423999994993,28.49956899974495,50,2.801057000644505,11.944726999849081,12.279726999811828,12.279726999811828
2026-08-29T02:05:30.350Z,4210.054,501,1.6903389999642968,4.515344999730587,5.361144000664353,49.03802700061351,50,2.7857370004057884,11.873567000031471,12.238397000357509,12.238397000357509
2026-08-29T02:05:40.350Z,4220.054,500,1.686327999457717,4.526015000417829,5.482623999938369,27.875088999979198,50,2.933505999855697,12.077866999432445,12.412986000068486,12.412986000068486
2026-08-29T02:05:50.349Z,4230.054,500,1.5457880003377795,4.593235000036657,6.424682999961078,35.13387199956924,50,3.551996000111103,11.89143699966371,12.309817000292242,12.309817000292242
2026-08-29T02:06:00.349Z,4240.055,499,1.5778080001473427,4.561555000022054,5.710003999993205,40.3421859992668,50,2.76683699991554,11.10606800019741,12.033657000400126,12.033657000400126
2026-08-29T02:06:10.350Z,4250.054,501,1.6542480001226068,4.506634999997914,6.114552999846637,61.2164830006659,50,3.7470559999346733,11.965927000157535,12.411985999904573,12.411985999904573
2026-08-29T02:06:20.350Z,4260.054,500,1.5949079999700189,4.5613150000572205,6.116322999820113,30.61797699984163,50,3.6565760001540184,11.995396999642253,12.454516000114381,12.454516000114381
2026-08-29T02:06:30.351Z,4270.055,499,1.6211479995399714,4.531564999371767,5.129595000296831,23.824794000014663,50,3.5175959998741746,11.54703800007701,12.580376000143588,12.580376000143588
2026-08-29T02:06:40.350Z,4280.054,501,1.5792479999363422,4.545305999927223,6.503632999956608,49.36046599969268,50,2.851146999746561,11.411417999304831,11.960656999610364,11.960656999610364
2026-08-29T02:06:50.350Z,4290.054,500,1.5658789994195104,4.516335000284016,5.62404299993068,37.03289999999106,50,2.653357000090182,11.949947000481188,12.365436999127269,12.365436999127269
2026-08-29T02:07:00.349Z,4300.054,500,1.6084290007129312,4.512395000085235,5.277745000086725,37.880778999999166,50,2.9682470001280308,11.744108000770211,12.37790699955076,12.37790699955076
2026-08-29T02:07:10.351Z,4310.055,500,1.5075780004262924,4.479744999669492,6.328533999621868,35.44353200029582,50,2.646166999824345,11.74109800066799,12.264186999760568,12.264186999760568
2026-08-29T02:07:20.349Z,4320.054,500,1.577599000185728,4.566464999690652,5.015533999539912,26.649970999918878,50,2.6354769999161363,11.831527999602258,12.492046000435948,12.492046000435948
2026-08-29T02:07:30.350Z,4330.055,500,1.6073789997026324,4.601335000246763,6.445603000000119,38.166438000276685,50,3.329945999197662,11.934217000380158,12.018636000342667,12.018636000342667
2026-08-29T02:07:40.352Z,4340.055,500,1.5876679997891188,4.496064999140799,5.127434999682009,26.697091000154614,50,3.5422660000622272,11.679147000424564,11.862727000378072,11.862727000378072
2026-08-29T02:07:50.353Z,4350.055,500,1.6113980002701283,4.5822059996426105,6.033203999511898,28.244098999537528,50,3.424405999481678,11.688357000239193,12.06182700023055,12.06182700023055
2026-08-29T02:08:00.356Z,4360.055,499,1.575688000768423,4.542244999669492,5.524144000373781,29.380548000335693,50,2.843206999823451,11.845817000605166,12.780666999518871,12.780666999518871
2026-08-29T02:08:10.362Z,4370.055,500,1.5747180003672838,4.516805000603199,5.124834000132978,80.75948200002313,50,3.5284059997648,11.913106999360025,12.104737000539899,12.104737000539899
2026-08-29T02:08:20.357Z,4380.055,500,1.5424279998987913,4.502975000068545,5.093995000235736,53.342281999997795,50,2.736427000723779,10.98106800019741,11.65161699987948,11.65161699987948
2026-08-29T02:08:30.359Z,4390.056,501,1.5926489997655153,4.569205000065267,5.5446039997041225,70.0628129998222,50,3.676486000418663,11.940387000329792,12.08096699975431,12.08096699975431
2026-08-29T02:08:40.351Z,4400.056,500,1.565799000672996,4.551325000822544,5.171663999557495,33.9333229996264,50,3.491175999864936,11.735136999748647,11.932027000002563,11.932027000002563
2026-08-29T02:08:50.351Z,4410.055,500,1.5541690001264215,4.51532500050962,5.27721400000155,25.90129099972546,50,3.344277000054717,11.665597000159323,12.505796000361443,12.505796000361443
2026-08-29T02:09:00.350Z,4420.055,500,1.635227999649942,4.548465000465512,5.338224000297487,21.683557000011206,50,2.9162170002236962,11.83349800016731,13.307435999624431,13.307435999624431
2026-08-29T02:09:10.350Z,4430.055,500,1.5932179996743798,4.5396739998832345,5.390444000251591,36.241341000422835,50,2.806146999821067,11.888666999526322,12.1111860005185,12.1111860005185
2026-08-29T02:09:20.350Z,4440.055,500,1.6310780001804233,4.530735000036657,5.878252999857068,28.81596800033003,50,3.138126000761986,10.71263900026679,12.029136999510229,12.029136999510229
2026-08-29T02:09:30.350Z,4450.055,500,1.6476580007001758,4.546165000647306,4.967255000025034,28.232299999333918,50,2.9057660000398755,5.965804000385106,12.523116000927985,12.523116000927985
2026-08-29T02:09:40.352Z,4460.056,500,1.617518000304699,4.594394999556243,5.248404999263585,31.004006000235677,50,3.5989159997552633,11.983486999757588,13.276855999603868,13.276855999603868
2026-08-29T02:09:50.350Z,4470.055,500,1.628299000672996,4.575904999859631,5.747684000059962,30.376946999691427,50,2.9795770002529025,11.621158000081778,11.993367000482976,11.993367000482976
2026-08-29T02:10:00.350Z,4480.055,500,1.5934680001810193,4.544935000129044,5.720714000053704,28.353188999928534,50,2.8675570003688335,5.105034000240266,5.967553999274969,5.967553999274969
2026-08-29T02:10:10.350Z,4490.055,500,1.533597999252379,4.510394999757409,6.258822999894619,40.846695999614894,50,3.038157000206411,4.937134000472724,12.875966000370681,12.875966000370681
2026-08-29T02:10:20.351Z,4500.055,500,1.5877689998596907,4.599515000358224,5.702954000793397,33.563862999901175,50,3.7443260001018643,5.878142999485135,12.147427000105381,12.147427000105381
2026-08-29T02:10:30.350Z,4510.055,500,1.576898000203073,4.556774999946356,5.141123999841511,34.36939199920744,50,3.1177070001140237,4.972355000674725,12.245307000353932,12.245307000353932
2026-08-29T02:10:40.352Z,4520.056,500,1.647639000788331,4.608365000225604,5.436894000507891,27.359720000065863,50,3.7139660008251667,5.25443399976939,12.381337000057101,12.381337000057101
2026-08-29T02:10:50.351Z,4530.055,500,1.5946090007200837,4.5551249999552965,5.643814000301063,27.04907099995762,50,3.4903359999880195,12.007547000423074,12.332317000254989,12.332317000254989
2026-08-29T02:11:00.350Z,4540.055,500,1.5468979999423027,4.524734999984503,6.572372999973595,31.690936000086367,50,3.142996999435127,5.991834000684321,12.422636000439525,12.422636000439525
2026-08-29T02:11:10.352Z,4550.056,500,1.5948689999058843,4.606815000064671,6.75223199930042,34.93909200001508,50,2.9398069996386766,4.964285000227392,5.830593000166118,5.830593000166118
2026-08-29T02:11:20.349Z,4560.056,500,1.5746179996058345,4.588733999989927,6.626942999660969,35.98472100030631,50,2.871535999700427,11.988197000697255,12.43522599991411,12.43522599991411
2026-08-29T02:11:30.350Z,4570.056,500,1.6113080000504851,4.557075000368059,5.983803999610245,29.606878000311553,50,3.726495999842882,5.0974949998781085,11.79194699972868,11.79194699972868
2026-08-29T02:11:40.352Z,4580.056,500,1.605758000165224,4.538505000062287,5.355064999312162,35.54005100019276,50,3.775696000084281,6.195723000913858,11.959087000228465,11.959087000228465
2026-08-29T02:11:50.351Z,4590.056,500,1.5713390000164509,4.541286000050604,5.69363300036639,36.08101100008935,50,3.8185059996321797,11.696157000027597,12.14968700055033,12.14968700055033
2026-08-29T02:12:00.351Z,4600.056,500,1.5633279997855425,4.489494999870658,6.08252300042659,25.9177919998765,50,3.7568159997463226,5.8460940001532435,6.1399630000814795,6.1399630000814795
2026-08-29T02:12:10.353Z,4610.056,500,1.5829280000180006,4.499285000376403,5.226393999531865,25.924221999943256,50,3.5862960005179048,5.864354000426829,6.066053000278771,6.066053000278771
2026-08-29T02:12:20.351Z,4620.057,500,1.5480690002441406,4.521054999902844,6.398953000083566,26.02501199953258,50,3.7151859998703003,5.8280140003189445,6.101482999511063,6.101482999511063
2026-08-29T02:12:30.352Z,4630.056,500,1.571068000048399,4.526374999433756,5.717414000071585,33.928083000704646,50,3.846846000291407,5.863243999890983,12.052507000043988,12.052507000043988
2026-08-29T02:12:40.352Z,4640.056,500,1.597158000804484,4.489884000271559,5.404613999649882,26.047530999407172,50,2.9634170001372695,5.86536299996078,12.4818259999156,12.4818259999156
2026-08-29T02:12:50.352Z,4650.057,500,1.596608999185264,4.540084999985993,4.878813999705017,35.624410999938846,50,3.7928259996697307,12.093507000245154,12.554006000049412,12.554006000049412
2026-08-29T02:13:00.353Z,4660.057,500,1.515998000279069,4.502555000595748,5.2827150002121925,28.09085899963975,50,3.7381159998476505,5.789783000014722,12.171006999909878,12.171006999909878
2026-08-29T02:13:10.353Z,4670.057,500,1.6022780006751418,4.535205000080168,5.798224000260234,20.311917999759316,50,3.686944999732077,5.884033999405801,6.182022999972105,6.182022999972105
2026-08-29T02:13:20.350Z,4680.057,500,1.5772690000012517,4.539334999397397,5.352524000220001,31.664435000158846,50,3.7522259997203946,5.027534999884665,11.759397000074387,11.759397000074387
2026-08-29T02:13:30.353Z,4690.057,500,1.5989279998466372,4.5566450003534555,5.429344999603927,34.517072999849916,50,3.6754660001024604,6.034223000518978,6.360162999480963,6.360162999480963
2026-08-29T02:13:40.352Z,4700.057,500,1.6630579996854067,4.514214999973774,5.392093999311328,24.65417299978435,50,3.798555999994278,5.864893999882042,8.458529999479651,8.458529999479651
2026-08-29T02:13:50.353Z,4710.058,500,1.6727680005133152,4.604995000176132,5.518114000558853,26.98121999949217,50,3.805386000312865,5.8702230006456375,10.06502899993211,10.06502899993211
2026-08-29T02:14:00.352Z,4720.057,500,1.631767999380827,4.573353999294341,6.542422000318766,32.19052499998361,50,3.811716000549495,12.0550769995898,12.17983700055629,12.17983700055629
2026-08-29T02:14:10.353Z,4730.058,500,1.6201780000701547,4.552524999715388,5.770844000391662,19.768198000267148,50,3.1370060006156564,5.139303999952972,12.042776999995112,12.042776999995112
2026-08-29T02:14:20.353Z,4740.058,500,1.6720979996025562,4.549955000169575,6.60761300008744,25.345921999774873,50,3.695585999637842,6.127403000369668,12.773365999571979,12.773365999571979
2026-08-29T02:14:30.353Z,4750.058,500,1.6743989996612072,4.623224999755621,5.200644999742508,26.96771000046283,50,3.778346000239253,12.0614670002833,12.509056000038981,12.509056000038981
2026-08-29T02:14:40.353Z,4760.058,500,1.539118000306189,4.536305000074208,5.031004999764264,18.275899999774992,50,3.7515259999781847,5.2505340008065104,5.852203999646008,5.852203999646008
2026-08-29T02:14:50.353Z,4770.058,500,1.5284080002456903,4.561215000227094,6.052372999489307,32.06111500039697,50,3.743975999765098,6.065093000419438,12.449006999842823,12.449006999842823
2026-08-29T02:15:00.353Z,4780.058,500,1.6145280003547668,4.56260500010103,5.312823999673128,24.080563999712467,50,3.5803060000762343,5.035373999737203,12.289716999977827,12.289716999977827
2026-08-29T02:15:10.355Z,4790.058,500,1.676109000109136,4.573925000615418,6.399322999641299,23.735755000263453,50,3.6863859994336963,11.985377000644803,12.322025999426842,12.322025999426842
2026-08-29T02:15:20.352Z,4800.059,500,1.6008980004116893,4.531855000182986,5.453263999894261,22.628625000827014,50,3.7553260000422597,6.1741129998117685,13.032275999896228,13.032275999896228
2026-08-29T02:15:30.355Z,4810.059,500,1.6706980001181364,4.576085000298917,6.443252999335527,24.965403000824153,50,3.8106859996914864,5.136983999982476,6.206353000365198,6.206353000365198
2026-08-29T02:15:40.353Z,4820.059,500,1.5313780000433326,4.5078250002115965,4.779303999617696,37.95310899987817,50,3.7719959998503327,5.936963999643922,6.213612999767065,6.213612999767065
2026-08-29T02:15:50.355Z,4830.059,500,1.5041779996827245,4.495454999618232,5.0032949997112155,23.92444400023669,50,3.7602160004898906,4.857953999191523,5.87098400015384,5.87098400015384
2026-08-29T02:16:00.353Z,4840.058,500,1.52222799975425,4.543944999575615,5.3595440005883574,37.608799000270665,50,3.7549959998577833,5.043604000471532,5.098194999620318,5.098194999620318
2026-08-29T02:16:10.353Z,4850.058,500,1.6201980002224445,4.572285000234842,5.354054000228643,38.03649799991399,50,3.784915999509394,11.971536999568343,12.109136999584734,12.109136999584734
2026-08-29T02:16:20.355Z,4860.059,500,1.641708000563085,4.570115000009537,5.369412999600172,25.22536199912429,50,3.9539559995755553,11.951086999848485,12.20065600052476,12.20065600052476
2026-08-29T02:16:30.354Z,4870.058,500,1.6171980006620288,4.5967239998281,5.295443000271916,23.573569000698626,50,3.8376749996095896,11.885794000700116,12.03301400039345,12.03301400039345
2026-08-29T02:16:40.353Z,4880.058,500,1.6412869999185205,4.628153000026941,5.069624000228941,24.297348000109196,50,3.8284750003367662,5.298932999372482,12.558373000472784,12.558373000472784
2026-08-29T02:16:50.353Z,4890.059,500,1.676787999458611,4.572763999924064,4.8239430002868176,28.699032000266016,50,3.3634959999471903,5.9966919999569654,6.139512000605464,6.139512000605464
2026-08-29T02:17:00.352Z,4900.058,500,1.6910380003973842,4.58281399961561,5.1064029997214675,26.285585000179708,50,3.786474999971688,5.026953000575304,6.216090999543667,6.216090999543667
2026-08-29T02:17:10.355Z,4910.059,500,1.6624880004674196,4.5958740003407,5.0824430007487535,25.650486000813544,50,3.804035000503063,5.633751999586821,6.0861919997259974,6.0861919997259974
2026-08-29T02:17:20.353Z,4920.058,500,1.6076779998838902,4.543394000269473,5.126772999763489,22.872358999215066,50,3.809574999846518,5.2556130001321435,5.896292000077665,5.896292000077665
2026-08-29T02:17:30.355Z,4930.059,500,1.5509279994294047,4.5391139993444085,5.625752000138164,27.51163399964571,50,3.806414999999106,7.1868500001728535,12.04326399974525,12.04326399974525
2026-08-29T02:17:40.355Z,4940.058,500,1.584948000498116,4.5980340000241995,5.543383000418544,38.09948900062591,50,3.811254999600351,5.895122000016272,13.210872000083327,13.210872000083327
2026-08-29T02:17:50.353Z,4950.058,500,1.6135379998013377,4.495813999325037,5.065023000352085,25.20334600005299,50,3.906034999527037,5.211523000150919,12.015213999897242,12.015213999897242
2026-08-29T02:18:00.354Z,4960.059,500,1.6509079998359084,4.570803999900818,5.074222999624908,29.763531000353396,50,3.894235000014305,6.049851999618113,12.053394000045955,12.053394000045955
2026-08-29T02:18:10.357Z,4970.06,500,1.6361579997465014,4.584134000353515,5.139992999844253,23.104599000886083,50,3.7809149995446205,4.957662999629974,6.043681999668479,6.043681999668479
2026-08-29T02:18:20.355Z,4980.06,500,1.626418000087142,4.559904000721872,5.079884000122547,28.712071999907494,50,3.8144040005281568,5.951591999270022,6.0870820004493,6.0870820004493
2026-08-29T02:18:30.355Z,4990.061,500,1.6648369999602437,4.721773999743164,5.576543000526726,37.78476999979466,50,3.847655000165105,5.038182999938726,6.115941000171006,6.115941000171006
2026-08-29T02:18:40.355Z,5000.06,500,1.651027999818325,4.527304000221193,5.013233000412583,32.388526999391615,50,3.840324000455439,5.915242999792099,12.006103999912739,12.006103999912739
2026-08-29T02:18:50.355Z,5010.061,500,1.7053480008617043,4.647533999755979,5.078022999688983,40.19099699985236,50,3.8535850001499057,5.33621299918741,6.223201000131667,6.223201000131667
2026-08-29T02:19:00.358Z,5020.062,500,1.6593979997560382,4.590363999828696,5.246732999570668,31.69045800063759,50,3.8957549994811416,6.180441999807954,12.037383999675512,12.037383999675512
2026-08-29T02:19:10.358Z,5030.062,500,1.6837670002132654,4.570573999546468,5.38882299978286,38.492608999833465,50,3.9060249999165535,5.148312999866903,5.98584199976176,5.98584199976176
2026-08-29T02:19:20.356Z,5040.062,500,1.7096380004659295,4.593633999116719,5.31114299967885,35.2656429996714,50,3.774915000423789,6.118141999468207,6.282432000152767,6.282432000152767
2026-08-29T02:19:30.357Z,5050.063,500,1.6612870004028082,4.61971400026232,4.927044000476599,32.40502700023353,50,3.9020149996504188,6.10279200039804,14.910151000134647,14.910151000134647
2026-08-29T02:19:40.358Z,5060.062,500,1.610827999189496,4.638683999888599,4.96571399923414,37.21779099944979,50,3.876474999822676,5.7863029995933175,16.021149000152946,16.021149000152946
2026-08-29T02:19:50.357Z,5070.062,500,1.5817780001088977,4.537093999795616,6.0269619999453425,39.66416800022125,50,3.7798950001597404,5.980102000758052,6.121012000367045,6.121012000367045
2026-08-29T02:20:00.358Z,5080.062,500,1.5769880004227161,4.572974000126123,5.11432300042361,41.824854999780655,50,3.9817749997600913,6.036482000723481,6.214672000147402,6.214672000147402
2026-08-29T02:20:10.357Z,5090.062,500,1.540617000311613,4.567003999836743,5.130913000553846,40.98984599951655,50,3.9645850006490946,5.813543000258505,6.1049610003829,6.1049610003829
2026-08-29T02:20:20.358Z,5100.063,500,1.6196579998359084,4.731073999777436,5.322233000770211,40.99593600071967,50,3.853635000064969,5.760443000122905,6.027391999959946,6.027391999959946
2026-08-29T02:20:30.356Z,5110.062,500,1.5898970002308488,4.61956400051713,5.046862999908626,43.464701999910176,50,3.885304999537766,5.796702000312507,5.821491999551654,5.821491999551654
2026-08-29T02:20:40.357Z,5120.062,500,1.6457979995757341,4.62786400038749,6.237161000259221,32.94375699944794,50,3.9019849998876452,5.799612999893725,6.089482000097632,6.089482000097632
2026-08-29T02:20:50.358Z,5130.062,500,1.6379480008035898,4.623594000004232,5.632611999288201,29.44031099975109,50,3.888095000758767,5.101464000530541,6.56027099955827,6.56027099955827
2026-08-29T02:21:00.357Z,5140.062,500,1.6151080001145601,4.630003999918699,5.414313000626862,30.19322899915278,50,3.927594999782741,5.868221999146044,6.177591999992728,6.177591999992728
2026-08-29T02:21:10.359Z,5150.062,500,1.614477999508381,4.606923999264836,5.1329529993236065,34.908793000504375,50,3.9556150007992983,5.763561999425292,8.502647999674082,8.502647999674082
2026-08-29T02:21:20.357Z,5160.063,500,1.6041579991579056,4.640443000011146,5.35659300070256,42.38453400041908,50,4.264093999750912,5.979022999294102,6.117052000015974,6.117052000015974
2026-08-29T02:21:30.358Z,5170.064,500,1.6052280003204942,4.582953999750316,5.989391999319196,41.993983999826014,50,3.8299949998036027,5.808562000282109,6.097612000070512,6.097612000070512
2026-08-29T02:21:40.358Z,5180.063,500,1.5975780002772808,4.588893999345601,5.389653000049293,43.10367300081998,50,3.859655000269413,5.823892000131309,6.189671999774873,6.189671999774873
2026-08-29T02:21:50.358Z,5190.063,500,1.5881780004128814,4.56570400018245,5.052342999726534,31.560777999460697,50,3.9413949996232986,5.917843000032008,6.050521999597549,6.050521999597549
2026-08-29T02:22:00.358Z,5200.064,500,1.5787880001589656,4.612003999762237,5.244462999515235,40.68825600016862,50,3.8206549994647503,5.127604000270367,5.835951999761164,5.835951999761164
2026-08-29T02:22:10.359Z,5210.063,500,1.5888169994577765,4.613424000330269,5.4699430000036955,42.490894000045955,50,3.7560350000858307,5.167963000014424,5.80267299991101,5.80267299991101
2026-08-29T02:22:20.358Z,5220.063,500,1.6304680006578565,4.59729399997741,5.729532999917865,29.879499999806285,50,3.9483150001615286,6.1317720003426075,6.137802000157535,6.137802000157535
2026-08-29T02:22:30.358Z,5230.063,500,1.6783779999241233,4.609982999972999,5.292433000169694,41.979674000293016,50,3.9620250007137656,5.21798299998045,5.889723000116646,5.889723000116646
2026-08-29T02:22:40.359Z,5240.064,500,1.6751579996198416,4.667274000123143,5.27906300034374,31.653478000313044,50,3.7620249995961785,5.445543000474572,5.973311999812722,5.973311999812722
2026-08-29T02:22:50.359Z,5250.063,500,1.5817870004102588,4.6468239994719625,5.174433000385761,38.833398999646306,50,3.777195000089705,5.848752999678254,6.1712420005351305,6.1712420005351305
2026-08-29T02:23:00.359Z,5260.063,500,1.6144179999828339,4.617673999629915,5.347212999127805,38.58491800073534,50,3.866165000014007,6.029542000032961,6.127911999821663,6.127911999821663
2026-08-29T02:23:10.358Z,5270.063,500,1.5783379999920726,4.555824000388384,5.3098929999396205,43.59630199987441,50,3.908664000220597,6.144291999749839,6.193552000448108,6.193552000448108
2026-08-29T02:23:20.358Z,5280.063,500,1.5902070002630353,4.538933999836445,5.122322999872267,30.655719000846148,50,4.135804999619722,5.804361999966204,6.019151999615133,6.019151999615133
2026-08-29T02:23:30.360Z,5290.063,500,1.514058000408113,4.527244000695646,5.239122999832034,35.28447399940342,50,3.822045000270009,5.8427019994705915,9.614997000433505,9.614997000433505
2026-08-29T02:23:40.359Z,5300.063,500,1.5162180000916123,4.537064000032842,5.314133000560105,43.32922300044447,50,4.309535000473261,5.803271999582648,6.060762000270188,6.060762000270188
2026-08-29T02:23:50.359Z,5310.063,500,1.5985479997470975,4.603504000231624,5.548512999899685,33.6314849993214,50,3.9635539995506406,5.76726199965924,5.906692000105977,5.906692000105977
2026-08-29T02:24:00.359Z,5320.063,500,1.5417279992252588,4.5494240000844,5.297203000634909,29.61788100004196,50,3.8727550003677607,5.772863000631332,6.012041999958456,6.012041999958456
2026-08-29T02:24:10.359Z,5330.063,500,1.552707999944687,4.585063999518752,5.525943000800908,41.85537499934435,50,4.040053999982774,5.833112000487745,6.129362000152469,6.129362000152469
2026-08-29T02:24:20.358Z,5340.063,500,1.602127999998629,4.591183999553323,5.595962000079453,31.85365800000727,50,3.912355000153184,5.793391999788582,6.226022000424564,6.226022000424564
2026-08-29T02:24:30.358Z,5350.063,500,1.5927480002865195,4.583484000526369,5.789692999795079,37.651600000448525,50,3.886074999347329,5.874951999634504,6.143730999901891,6.143730999901891
2026-08-29T02:24:40.359Z,5360.063,500,1.5797579996287823,4.539994000457227,5.037554000504315,40.40398599952459,50,3.8786450000479817,5.792082999832928,6.000421999953687,6.000421999953687
2026-08-29T02:24:50.358Z,5370.063,500,1.6217379998415709,4.662604000419378,5.737201999872923,33.96741500031203,50,3.9109850004315376,5.959972999989986,13.374462000094354,13.374462000094354
2026-08-29T02:25:00.359Z,5380.063,500,1.5289880000054836,4.49662399943918,4.797534000128508,33.225566000677645,50,3.930333999916911,5.660352999344468,6.124641999602318,6.124641999602318
2026-08-29T02:25:10.358Z,5390.063,500,1.56850800011307,4.584963999688625,5.6526329992339015,43.56855200044811,50,3.888265000656247,5.944741999730468,6.392511000856757,6.392511000856757
2026-08-29T02:25:20.358Z,5400.063,500,1.5680379997938871,4.5478940000757575,4.919222999364138,33.634515000507236,50,4.281313999556005,5.79099200014025,6.04203199967742,6.04203199967742
2026-08-29T02:25:30.359Z,5410.063,500,1.6009480003267527,4.557944000698626,5.295712999999523,80.7378320004791,50,4.551834000274539,5.920341999270022,6.17383100092411,6.17383100092411
2026-08-29T02:25:40.360Z,5420.064,500,1.5718679996207356,4.5463140001520514,5.462783000431955,85.90729600004852,50,3.964594000019133,5.794451999478042,6.099941999651492,6.099941999651492
2026-08-29T02:25:50.358Z,5430.063,500,1.509417999535799,4.549354000017047,5.654482999816537,87.88364300038666,50,3.88962500076741,5.806531999260187,8.980977999977767,8.980977999977767
2026-08-29T02:26:00.358Z,5440.063,500,1.5986580001190305,4.607724000699818,5.425033000297844,91.79494800046086,50,4.106894999742508,6.038281999528408,16.389758000150323,16.389758000150323
2026-08-29T02:26:10.360Z,5450.063,500,1.6093679992482066,4.5629839999601245,4.9182440005242825,81.15067200083286,50,3.919114999473095,5.917042000219226,6.214901999570429,6.214901999570429
2026-08-29T02:26:20.359Z,5460.063,500,1.55192800052464,4.5572540005669,5.3716029999777675,81.63537099957466,50,4.10126500017941,6.061292000114918,6.164522000588477,6.164522000588477
2026-08-29T02:26:30.360Z,5470.064,500,1.5984880002215505,4.575864000245929,5.211452999152243,85.59257599990815,50,4.647604000754654,5.81413200031966,6.1818909998983145,6.1818909998983145
2026-08-29T02:26:40.358Z,5480.064,500,1.598008000291884,4.61986400000751,5.193442999385297,83.39723899960518,50,4.702104000374675,6.088112000375986,6.123991999775171,6.123991999775171
2026-08-29T02:26:50.360Z,5490.063,500,1.606457999907434,4.61309399921447,5.794792999513447,91.31182899978012,50,4.228254999965429,5.779762999154627,5.875781999900937,5.875781999900937
2026-08-29T02:27:00.358Z,5500.063,500,1.5876779993996024,4.639973000623286,5.438062999397516,89.40034100040793,50,4.574084000661969,6.049572000280023,6.117291999980807,6.117291999980807
2026-08-29T02:27:10.360Z,5510.064,500,1.5660569993779063,4.58859399985522,5.467543000355363,82.70262099988759,50,3.9653940005227923,5.981821999885142,6.13349200040102,6.13349200040102
2026-08-29T02:27:20.356Z,5520.063,500,1.5837880000472069,4.554804000072181,5.634383000433445,87.22527400031686,50,3.9522149991244078,5.8031719997525215,6.0239920001477,6.0239920001477
2026-08-29T02:27:30.358Z,5530.063,500,1.5945979999378324,4.560584000311792,5.244742999784648,84.1759479995817,50,4.725294000469148,5.984472000040114,6.264821999706328,6.264821999706328
2026-08-29T02:27:40.360Z,5540.064,500,1.6166870007291436,4.654493999667466,5.658373000100255,81.64683100022376,50,4.664133999496698,5.927731999196112,6.226311999373138,6.226311999373138
2026-08-29T02:27:50.358Z,5550.063,500,1.6047580000013113,4.604342999868095,5.126942999660969,81.15967200044543,50,4.682224000804126,5.979802000336349,6.116561999544501,6.116561999544501
2026-08-29T02:28:00.360Z,5560.063,500,1.6206069998443127,4.667634000070393,5.524252999573946,81.70777199976146,50,3.8549950001761317,5.8551930002868176,6.129002000205219,6.129002000205219
2026-08-29T02:28:10.358Z,5570.064,500,1.6080780001357198,4.592703999951482,5.092453999444842,83.39705999940634,50,3.8779240008443594,6.054601999931037,7.681440000422299,7.681440000422299
2026-08-29T02:28:20.359Z,5580.063,500,1.5521979993209243,4.574784000404179,5.057413999922574,46.67161800060421,50,3.9478749996051192,5.74448199942708,5.976391999982297,5.976391999982297
2026-08-29T02:28:30.360Z,5590.064,500,1.6061380002647638,4.587314000353217,5.2803029995411634,81.81750100012869,50,4.70643400028348,6.1554220002144575,9.535427000373602,9.535427000373602
2026-08-29T02:28:40.360Z,5600.064,500,1.5841780006885529,4.650163999758661,5.197273000143468,86.76226499956101,50,4.07878499943763,5.191042999736965,6.125622000545263,6.125622000545263
2026-08-29T02:28:50.358Z,5610.063,500,1.5602470003068447,4.644983000122011,5.696963000111282,85.16153699997813,50,3.792814999818802,5.542902000248432,5.833381999284029,5.833381999284029
2026-08-29T02:29:00.360Z,5620.064,501,1.5448179999366403,4.591574000194669,5.177132999524474,95.26089400053024,50,4.007674000225961,5.901472000405192,7.675999999977648,7.675999999977648
2026-08-29T02:29:10.358Z,5630.064,499,1.5131080001592636,4.527094000019133,5.229342999868095,11.610793999396265,50,3.925834999419749,5.731912000104785,6.347161999903619,6.347161999903619
2026-08-29T02:29:20.356Z,5640.063,500,1.5495770005509257,4.563134000636637,5.502763000316918,86.19333500042558,50,3.791965000331402,5.82804200053215,8.174558999948204,8.174558999948204
2026-08-29T02:29:30.359Z,5650.063,500,1.6512479996308684,4.57400400005281,5.229892999865115,82.34230099990964,50,3.979965000413358,6.151751999743283,8.414878999814391,8.414878999814391
2026-08-29T02:29:40.360Z,5660.064,500,1.5905980002135038,4.54965400043875,5.3810129994526505,81.6760520003736,50,3.9613549998030066,5.783592000603676,6.035942000336945,6.035942000336945
2026-08-29T02:29:50.360Z,5670.064,500,1.6578280003741384,4.690933999605477,5.42996299918741,82.78239000029862,50,4.096443999558687,5.380202999338508,5.780803000554442,5.780803000554442
2026-08-29T02:30:00.359Z,5680.064,501,1.6761680003255606,4.6604530001059175,5.352133000269532,85.49803700018674,50,3.886624999344349,5.782662999816239,6.125791999511421,6.125791999511421
2026-08-29T02:30:10.361Z,5690.065,499,1.6570979999378324,4.628763999789953,5.150132999755442,8.990388000383973,50,4.078894999809563,5.970112000592053,8.909428000450134,8.909428000450134
2026-08-29T02:30:20.359Z,5700.064,500,1.6263780007138848,4.577522999607027,5.398043000139296,81.89364100061357,50,3.952874000184238,5.759972000494599,6.183841999620199,6.183841999620199
2026-08-29T02:30:30.360Z,5710.064,500,1.6617980003356934,4.602664000354707,5.4667030004784465,83.2689399998635,50,4.11062499973923,5.888742000795901,8.580089000053704,8.580089000053704
2026-08-29T02:30:40.360Z,5720.064,500,1.6675080005079508,4.648133000358939,6.3539610002189875,80.70968300011009,50,3.8414550004526973,5.79386300034821,6.136780999600887,6.136780999600887
2026-08-29T02:30:50.359Z,5730.064,500,1.580528000369668,4.607683000154793,5.440622999332845,82.2382699996233,50,3.896424999460578,5.706601999700069,6.248391999863088,6.248391999863088
2026-08-29T02:31:00.360Z,5740.064,500,1.5735080000013113,4.595213999971747,5.742612999863923,94.35767500009388,50,3.9551749993115664,5.80946300085634,5.875222000293434,5.875222000293434
2026-08-29T02:31:10.361Z,5750.065,501,1.5738679999485612,4.624494000338018,5.64975200034678,83.53581999987364,50,4.072184999473393,5.855241999961436,6.162762000225484,6.162762000225484
2026-08-29T02:31:20.360Z,5760.065,499,1.5694279996678233,4.5750039992854,5.043854000046849,8.415908999741077,50,3.9535039998590946,5.823661999776959,5.942281999625266,5.942281999625266
2026-08-29T02:31:30.362Z,5770.066,500,1.637458000332117,4.645924000069499,5.345382999628782,80.5431530000642,50,4.559644000604749,6.035261999815702,6.210870999842882,6.210870999842882
2026-08-29T02:31:40.360Z,5780.065,500,1.6425980003550649,4.609893999993801,5.50577300041914,90.77406900003552,50,4.020304000005126,5.758902000263333,5.906743000261486,5.906743000261486
2026-08-29T02:31:50.361Z,5790.065,500,1.5958779994398355,4.594882999546826,5.811701999977231,69.31351800076663,50,4.678614000789821,5.9579019993543625,6.069222000427544,6.069222000427544
2026-08-29T02:32:00.361Z,5800.065,500,1.620978000573814,4.64230400044471,5.36589299980551,87.51383400056511,50,4.109635000117123,6.104711000807583,6.139111999422312,6.139111999422312
2026-08-29T02:32:10.361Z,5810.066,500,1.55969800055027,4.627553000114858,5.481011999770999,83.8416489996016,50,4.67321400064975,5.748693000525236,5.806642999872565,5.806642999872565
2026-08-29T02:32:20.361Z,5820.066,500,1.6333680003881454,4.673134000040591,5.398142999969423,82.23389100003988,50,4.0138039998710155,6.05651200003922,6.179232000373304,6.179232000373304
2026-08-29T02:32:30.363Z,5830.067,500,1.6167779993265867,4.606614000163972,5.459583000279963,89.65323100052774,50,3.9463250003755093,6.0328019997105,6.169172000139952,6.169172000139952
2026-08-29T02:32:40.363Z,5840.067,500,1.6258079996332526,4.647793999873102,5.800991999916732,83.41047899983823,50,4.69380300026387,6.113371999934316,6.290111000649631,6.290111000649631
2026-08-29T02:32:50.363Z,5850.066,501,1.5798469996079803,4.606922999955714,5.5608820002526045,86.24636500049382,50,4.704854000359774,5.828731999732554,9.428837000392377,9.428837000392377
2026-08-29T02:33:00.360Z,5860.067,499,1.6020380007103086,4.596834000200033,5.360852999612689,7.2295599998906255,50,3.9657739996910095,5.746662000194192,5.9847020003944635,5.9847020003944635
2026-08-29T02:33:10.363Z,5870.066,500,1.5887280004099011,4.588724000379443,5.460721999406815,90.97814000025392,50,3.9809550000354648,5.841511999256909,9.966235999949276,9.966235999949276
2026-08-29T02:33:20.360Z,5880.066,500,1.6126079997047782,4.614904000423849,5.055924000218511,84.11899800039828,50,4.03184499964118,6.108541999943554,15.114629999734461,15.114629999734461
2026-08-29T02:33:30.363Z,5890.066,500,1.5802880004048347,4.642444000579417,5.106802999973297,80.38761399965733,50,4.769984000362456,5.975401999428868,13.844003000296652,13.844003000296652
2026-08-29T02:33:40.361Z,5900.067,500,1.5767680006101727,4.596223999746144,5.1491630002856255,84.16397400014102,50,3.9317449992522597,5.949523000046611,6.304142000153661,6.304142000153661
2026-08-29T02:33:50.361Z,5910.067,501,1.5714080007746816,4.596694000065327,5.584243000485003,92.65102399978787,50,4.242855000309646,5.996771999634802,6.125802000053227,6.125802000053227
2026-08-29T02:34:00.362Z,5920.067,500,1.5830480000004172,4.584334000013769,5.177683999761939,8.764388999901712,50,4.315235000103712,5.822712999768555,13.807222999632359,13.807222999632359
2026-08-29T02:34:10.362Z,5930.068,500,1.5504379998892546,4.536904999986291,4.804603999480605,6.565810999833047,50,3.9397249994799495,5.990562999621034,6.15506299957633,6.15506299957633
2026-08-29T02:34:20.363Z,5940.068,499,1.5504180006682873,4.563864000141621,5.131502999924123,10.528047000057995,50,4.6561139998957515,6.015763000585139,7.67962000053376,7.67962000053376
2026-08-29T02:34:30.363Z,5950.068,500,1.588018000125885,4.597914000041783,5.394754000008106,92.31603500060737,50,4.707904999144375,5.808323000557721,5.928172999992967,5.928172999992967
2026-08-29T02:34:40.363Z,5960.068,500,1.5860879998654127,4.568744000047445,5.297753000631928,83.25381599925458,50,4.655364000238478,5.858622999861836,6.135481999255717,6.135481999255717
2026-08-29T02:34:50.365Z,5970.069,500,1.590107999742031,4.5803840002045035,5.478632999584079,83.86519499961287,50,4.231715000234544,5.921652000397444,6.226462000049651,6.226462000049651
2026-08-29T02:35:00.363Z,5980.068,500,1.637067999690771,4.6486240001395345,5.767212999984622,84.4964640000835,50,4.733144999481738,6.107231999747455,6.230702999979258,6.230702999979258
2026-08-29T02:35:10.363Z,5990.069,500,1.6312279999256134,4.615623999387026,6.445841000415385,93.39352300018072,50,4.004994999617338,6.024833000265062,6.24066299945116,6.24066299945116
2026-08-29T02:35:20.362Z,6000.069,500,1.6845279997214675,4.688223999924958,5.526433000341058,84.98325400054455,50,4.227874000556767,6.152761999517679,6.220982000231743,6.220982000231743
2026-08-29T02:35:30.364Z,6010.069,500,1.6020579999312758,4.5818140003830194,5.324332999996841,52.26101499982178,50,4.159494999796152,6.044122999534011,7.0706820003688335,7.0706820003688335
2026-08-29T02:35:40.365Z,6020.069,500,1.6175370002165437,4.593284000642598,5.241393000818789,82.26431699935347,50,4.806094000115991,6.102552000433207,6.842341000214219,6.842341000214219
2026-08-29T02:35:50.365Z,6030.069,501,1.510487999767065,4.538503999821842,5.194934000261128,85.50632299948484,50,4.70170500036329,6.168832000344992,6.912361000664532,6.912361000664532
2026-08-29T02:36:00.364Z,6040.069,500,1.5502280006185174,4.5423440001904964,5.088333000428975,6.638741999864578,50,4.255955000407994,6.411872000433505,7.104230999946594,7.104230999946594
2026-08-29T02:36:10.364Z,6050.069,500,1.5817280001938343,4.629894000478089,5.075264000333846,7.9848800003528595,50,4.678964000195265,6.2042119996622205,7.086071000434458,7.086071000434458
2026-08-29T02:36:20.364Z,6060.07,499,1.6028970004990697,4.600394000299275,4.869433999992907,11.28678600024432,50,4.790893999859691,6.121953000314534,6.856120999902487,6.856120999902487
2026-08-29T02:36:30.363Z,6070.07,501,1.6157879997044802,4.63045399915427,5.40438299998641,84.04838499985635,50,4.764833999797702,6.204912000335753,7.083051000721753,7.083051000721753
2026-08-29T02:36:40.366Z,6080.07,499,1.6089480007067323,4.620734999887645,4.954743999987841,8.39323899988085,50,4.641323999501765,6.061742000281811,7.142171000130475,7.142171000130475
2026-08-29T02:36:50.365Z,6090.07,501,1.604628000408411,4.615803999826312,5.359073000028729,98.62615699972957,50,4.091354999691248,6.81670100055635,10.3610569993034,10.3610569993034
2026-08-29T02:37:00.367Z,6100.071,499,1.5769980000331998,4.626803999766707,5.504324000328779,10.552077000029385,50,4.747194000519812,6.876701000146568,13.949083000421524,13.949083000421524
2026-08-29T02:37:10.365Z,6110.071,500,1.6222879998385906,4.685464000329375,5.383933000266552,85.24310400057584,50,4.422565000131726,6.0626019993796945,7.370931000448763,7.370931000448763
2026-08-29T02:37:20.365Z,6120.07,501,1.6318080006167293,4.6153740007430315,5.349933999590576,94.04386200010777,50,4.041364999487996,6.010472999885678,8.903199000284076,8.903199000284076
2026-08-29T02:37:30.367Z,6130.071,500,1.6129480004310608,4.645933999679983,5.355273000895977,10.323327000252903,50,4.802193999290466,6.126602999866009,6.806461000815034,6.806461000815034
2026-08-29T02:37:40.367Z,6140.07,499,1.6036679996177554,4.603714000433683,4.925733000040054,9.2937179999426,50,4.816134000197053,6.042152000591159,7.1450709998607635,7.1450709998607635
2026-08-29T02:37:50.365Z,6150.07,500,1.532158000394702,4.544983999803662,5.188334000296891,93.03319399990141,50,4.746443999931216,5.994642999954522,7.060841999948025,7.060841999948025
2026-08-29T02:38:00.365Z,6160.07,500,1.5573680000379682,4.544244000688195,4.880504000000656,91.30144600011408,50,4.742884000763297,5.870263000018895,6.908301999792457,6.908301999792457
2026-08-29T02:38:10.366Z,6170.07,500,1.5780980000272393,4.623244999907911,5.32634299993515,85.2257840000093,50,4.796393999829888,6.174952000379562,16.027370000258088,16.027370000258088
2026-08-29T02:38:20.363Z,6180.07,500,1.6104179993271828,4.6154340002685785,5.172073999419808,86.99283199943602,50,4.806463999673724,6.151191999204457,6.852901000529528,6.852901000529528
2026-08-29T02:38:30.367Z,6190.07,500,1.605387999676168,4.645825000479817,5.8200830006971955,94.88460200000554,50,4.770523999817669,6.855120999738574,7.22342099994421,7.22342099994421
2026-08-29T02:38:40.365Z,6200.071,500,1.6211680006235838,4.647223999723792,5.415093999356031,85.79704300034791,50,4.356204999610782,6.31398200057447,6.907921000383794,6.907921000383794
2026-08-29T02:38:50.366Z,6210.07,501,1.6508080000057817,4.678473999723792,5.420882999897003,86.33693200070411,50,4.833282999694347,5.984602999873459,7.039911000058055,7.039911000058055
2026-08-29T02:39:00.365Z,6220.07,499,1.5772080002352595,4.614244000054896,5.05802399944514,7.708540000021458,50,4.803173999302089,5.880451999604702,7.138701000250876,7.138701000250876
2026-08-29T02:39:10.365Z,6230.07,500,1.634077999740839,4.602783999405801,5.753963000141084,85.75537300016731,50,4.762574000284076,6.888931000605226,7.192751000635326,7.192751000635326
2026-08-29T02:39:20.365Z,6240.07,500,1.6085480004549026,4.60417400021106,5.562913000583649,85.97642299998552,50,4.755144000053406,6.177062000147998,6.827521999366581,6.827521999366581
2026-08-29T02:39:30.365Z,6250.07,500,1.6215380001813173,4.620035000145435,6.441901999525726,94.61152199935168,50,4.783183999359608,7.067072000354528,14.192552000284195,14.192552000284195
2026-08-29T02:39:40.367Z,6260.071,500,1.5989180002361536,4.607253999449313,5.720702999271452,92.4254850000143,50,4.790602999739349,6.820650999434292,14.214092999696732,14.214092999696732
2026-08-29T02:39:50.365Z,6270.07,500,1.5932679995894432,4.62595499958843,5.276642999611795,96.29698999971151,50,4.44866400025785,5.847653000615537,7.46355100069195,7.46355100069195
2026-08-29T02:40:00.365Z,6280.07,500,1.6023679999634624,4.60421400051564,5.284203000366688,62.11496299970895,50,4.811513999477029,6.026683000847697,6.838091999292374,6.838091999292374
2026-08-29T02:40:10.366Z,6290.071,500,1.6475579999387264,4.641834000125527,4.913913000375032,93.11689400020987,50,4.263544999994338,6.159713000059128,6.828181000426412,6.828181000426412
2026-08-29T02:40:20.365Z,6300.07,500,1.6559280008077621,4.603875000029802,5.208513000048697,45.10364400036633,50,4.8566539995372295,6.819971000775695,6.8594009997323155,6.8594009997323155
2026-08-29T02:40:30.365Z,6310.07,500,1.6339480001479387,4.666244000196457,5.845852999947965,43.734335999935865,50,4.823193999938667,6.092052000574768,14.404312000609934,14.404312000609934
2026-08-29T02:40:40.367Z,6320.071,500,1.6286880001425743,4.607605000026524,5.491872999817133,43.00109599996358,50,4.629363999702036,6.1194719998165965,15.7347999997437,15.7347999997437
2026-08-29T02:40:50.367Z,6330.071,500,1.5995980007573962,4.583964000456035,4.879184000194073,65.02506799995899,50,4.790953999385238,6.109682999551296,6.964340999722481,6.964340999722481
2026-08-29T02:41:00.366Z,6340.071,500,1.619947999715805,4.626445000059903,5.391863999888301,89.07537799980491,50,4.559824000112712,6.200892000459135,6.846270999871194,6.846270999871194
2026-08-29T02:41:10.367Z,6350.07,500,1.6807179991155863,4.704724999144673,5.95478199981153,89.03947899956256,50,4.34549400024116,6.239793000742793,13.683953000232577,13.683953000232577
2026-08-29T02:41:20.365Z,6360.07,500,1.6062179999426007,4.567173999734223,4.94896399974823,87.98314000014216,50,4.758844000287354,6.117732999846339,7.131800999864936,7.131800999864936
2026-08-29T02:41:30.365Z,6370.07,500,1.620418000034988,4.572724999859929,5.261872999370098,84.4263650001958,50,4.893823999911547,7.101962000131607,8.925348999910057,8.925348999910057
2026-08-29T02:41:40.366Z,6380.071,500,1.6252480000257492,4.603404000401497,4.942954000085592,85.04704399965703,50,4.936974000185728,6.886181000620127,14.93183199968189,14.93183199968189
2026-08-29T02:41:50.365Z,6390.07,500,1.5473480001091957,4.567413999699056,5.054324000142515,88.25035999994725,50,4.774683999828994,6.796651000156999,8.418490000069141,8.418490000069141
2026-08-29T02:42:00.366Z,6400.071,500,1.5542480004951358,4.558384999632835,5.161443999968469,88.99240900017321,50,4.806903999298811,6.844970999285579,7.162351000122726,7.162351000122726
2026-08-29T02:42:10.367Z,6410.071,500,1.626248000189662,4.622353999875486,6.009123000316322,90.60233699996024,50,4.821553999558091,6.312382000498474,6.863442000001669,6.863442000001669
2026-08-29T02:42:20.365Z,6420.07,500,1.6144380001351237,4.603143999353051,5.046144000254571,94.11344200000167,50,4.920723999850452,6.790202000178397,6.853411000221968,6.853411000221968
2026-08-29T02:42:30.366Z,6430.07,500,1.5998689997941256,4.5464549995958805,5.408444000408053,86.79139100015163,50,4.803644000552595,6.082302000373602,8.436619000509381,8.436619000509381
2026-08-29T02:42:40.365Z,6440.07,500,1.5847079996019602,4.544623999856412,5.342614000663161,88.41980899963528,50,4.887794000096619,6.225261999294162,6.834761000238359,6.834761000238359
2026-08-29T02:42:50.365Z,6450.07,500,1.5876280004158616,4.554863999597728,5.3679439993575215,89.17534899991006,50,4.8008639998734,7.069660999812186,7.144991000182927,7.144991000182927
2026-08-29T02:43:00.367Z,6460.07,500,1.5846079997718334,4.590025000274181,5.317822999320924,89.43428800068796,50,4.81460400018841,7.067471000365913,12.120325000025332,12.120325000025332
2026-08-29T02:43:10.365Z,6470.071,500,1.6044080005958676,4.554994000121951,5.027103999629617,90.82459700014442,50,4.788734000176191,6.138852000236511,14.618751999922097,14.618751999922097
2026-08-29T02:43:20.365Z,6480.071,500,1.5973380003124475,4.58642499987036,5.696002999320626,98.0970670003444,50,4.7433840008452535,6.82392100058496,7.044052000157535,7.044052000157535
2026-08-29T02:43:30.366Z,6490.071,500,1.6258780006319284,4.620283999480307,4.9853540007025,88.75838900078088,50,4.971253999508917,6.859431000426412,6.970100999809802,6.970100999809802
2026-08-29T02:43:40.366Z,6500.071,500,1.6965080006048083,4.656874000094831,5.458633000031114,95.51061000023037,50,5.047374000772834,6.891141000203788,7.265391000546515,7.265391000546515
2026-08-29T02:43:50.366Z,6510.071,500,1.6191679993644357,4.615254999138415,5.472673000767827,89.11404899973422,50,4.957942999899387,6.321022000163794,7.193429999984801,7.193429999984801
2026-08-29T02:44:00.368Z,6520.071,500,1.6636579995974898,4.687433999963105,5.789743000641465,85.93817300070077,50,4.87884399946779,6.9035620000213385,6.944860999472439,6.944860999472439
2026-08-29T02:44:10.366Z,6530.071,500,1.661357999779284,4.679824000224471,5.266293000429869,88.9546690005809,50,4.957174000330269,6.871051999740303,9.047488999553025,9.047488999553025
2026-08-29T02:44:20.366Z,6540.071,500,1.6493180003017187,4.607804000377655,5.341682999394834,89.46175799984485,50,4.858094000257552,7.128701000474393,7.1692509995773435,7.1692509995773435
2026-08-29T02:44:30.366Z,6550.071,500,1.6225179992616177,4.607974000275135,7.274081000126898,102.15658299997449,50,4.885453999973834,7.243371000513434,7.651659999974072,7.651659999974072
2026-08-29T02:44:40.367Z,6560.071,500,1.6197579996660352,4.623594000004232,5.435502999462187,93.72103299945593,50,4.823913999833167,6.194203000515699,6.8838609997183084,6.8838609997183084
2026-08-29T02:44:50.366Z,6570.071,500,1.6539169996976852,4.603374999947846,5.340194000862539,87.6499410001561,50,5.03734300006181,6.8326810002326965,7.254030999727547,7.254030999727547
2026-08-29T02:45:00.366Z,6580.071,500,1.6536079999059439,4.660435000434518,5.3281429996714,98.4960770001635,50,4.912924000062048,6.90164199937135,9.896327000111341,9.896327000111341
2026-08-29T02:45:10.368Z,6590.071,500,1.6112279994413257,4.565355000086129,5.2968929996714,88.52054900024086,50,4.944553999230266,6.823231999762356,7.434989999979734,7.434989999979734
2026-08-29T02:45:20.364Z,6600.071,500,1.5375279998406768,4.5297940000891685,6.389001999981701,90.58265700004995,50,4.716524000279605,6.1081819999963045,6.831701000221074,6.831701000221074
2026-08-29T02:45:30.366Z,6610.071,500,1.619777999818325,4.591783999465406,5.204013999551535,90.38419799972326,50,5.1193829998373985,6.796571000479162,7.13005100004375,7.13005100004375
2026-08-29T02:45:40.367Z,6620.071,500,1.584187999367714,4.576944000087678,5.28895299974829,102.83779100049287,50,4.95913300011307,7.1329910000786185,9.440697999671102,9.440697999671102
2026-08-29T02:45:50.368Z,6630.072,500,1.608148000203073,4.568164000287652,6.82146199978888,92.99678399972618,50,5.020914000459015,6.200721999630332,7.057041000574827,7.057041000574827
2026-08-29T02:46:00.366Z,6640.071,500,1.5543680004775524,4.5726049998775125,5.307113000191748,54.21714200079441,50,4.79180399980396,6.670071000233293,7.0079020000994205,7.0079020000994205
2026-08-29T02:46:10.366Z,6650.071,500,1.5498180007562041,4.557413999922574,5.2095330003649,89.74518700037152,50,4.836674000136554,6.168832000344992,15.710570000112057,15.710570000112057
2026-08-29T02:46:20.368Z,6660.071,500,1.5473880004137754,4.535203999839723,5.50335399992764,36.928883999586105,50,4.8910839995369315,5.93750200048089,7.118261000141501,7.118261000141501
2026-08-29T02:46:30.368Z,6670.071,500,1.5842479998245835,4.527994000352919,5.231193999759853,88.0189399998635,50,4.982863999903202,7.103361000306904,15.445869999937713,15.445869999937713
2026-08-29T02:46:40.366Z,6680.071,500,1.5427080001682043,4.538994999602437,5.251094000414014,89.96340699959546,50,4.940843000076711,6.664610999636352,6.793072000145912,6.793072000145912
2026-08-29T02:46:50.368Z,6690.071,500,1.54536799993366,4.555084999650717,5.733533000573516,93.32452400028706,50,4.986632999964058,6.8036819994449615,14.993591000325978,14.993591000325978
2026-08-29T02:47:00.366Z,6700.071,500,1.5606779996305704,4.575644000433385,4.968763999640942,37.10256399959326,50,4.8275429997593164,6.295191999524832,7.088841000571847,7.088841000571847
2026-08-29T02:47:10.366Z,6710.071,500,1.5833890000358224,4.594793999567628,5.265062999911606,36.99264399986714,50,4.8206940004602075,6.304311999119818,14.698011999949813,14.698011999949813
2026-08-29T02:47:20.364Z,6720.071,500,1.566738000139594,4.609414000064135,5.1174630001187325,91.1902959998697,50,4.830594000406563,6.719141999259591,6.868050999939442,6.868050999939442
2026-08-29T02:47:30.367Z,6730.071,500,1.6296979999169707,4.69072400033474,5.304522999562323,37.110822999849916,50,5.233303999528289,6.911702000536025,6.963401000015438,6.963401000015438
2026-08-29T02:47:40.366Z,6740.071,500,1.5740980003029108,4.607764000073075,5.427162999287248,36.98327400069684,50,5.05430299974978,7.70515999943018,7.855650000274181,7.855650000274181
2026-08-29T02:47:50.366Z,6750.071,500,1.5422879997640848,4.55717399995774,5.107323000207543,36.982363999821246,50,4.894082999788225,6.7923320000991225,7.7301200004294515,7.7301200004294515
2026-08-29T02:48:00.368Z,6760.071,500,1.564447999931872,4.5373340006917715,5.368912999518216,94.03098199982196,50,5.620582999661565,7.135631000623107,8.073809999972582,8.073809999972582
2026-08-29T02:48:10.368Z,6770.072,500,1.581117999739945,4.584644000045955,5.264193000271916,89.64431800041348,50,5.638392999768257,6.981031000614166,9.468437999486923,9.468437999486923
2026-08-29T02:48:20.369Z,6780.072,500,1.621607999317348,4.697723999619484,5.282743999734521,37.26324300002307,50,4.996194000355899,6.837851000018418,7.102380999363959,7.102380999363959
2026-08-29T02:48:30.368Z,6790.072,500,1.6312480000779033,4.624164000153542,5.9962630001828074,37.12168399989605,50,5.514642999507487,7.1167809991166,15.89955999981612,15.89955999981612
2026-08-29T02:48:40.368Z,6800.072,500,1.5794780002906919,4.583913999609649,5.0501439999789,62.406161999329925,50,5.507813000120223,7.132221000269055,15.145751000382006,15.145751000382006
2026-08-29T02:48:50.367Z,6810.072,500,1.6213080007582903,4.58194399997592,5.207964000292122,42.08620700053871,50,5.091984000056982,6.970670999959111,7.07114200014621,7.07114200014621
2026-08-29T02:49:00.368Z,6820.073,500,1.6942779999226332,4.7579739997163415,6.227641999721527,45.692532000131905,50,5.152294000610709,8.150909000076354,15.329501000232995,15.329501000232995
2026-08-29T02:49:10.368Z,6830.072,500,1.616988000459969,4.568934000097215,5.413072999566793,38.73957100044936,50,5.048124000430107,7.24696100037545,12.136175000108778,12.136175000108778
2026-08-29T02:49:20.365Z,6840.072,500,1.614316999912262,4.7541140001267195,5.644512999802828,36.70471499953419,50,4.963024000637233,7.160361000336707,7.869059999473393,7.869059999473393
2026-08-29T02:49:30.368Z,6850.072,500,1.649368000216782,4.6049639992415905,5.226303000003099,42.80835600011051,50,5.023474000394344,6.966421999968588,7.0328120002523065,7.0328120002523065
2026-08-29T02:49:40.367Z,6860.072,500,1.5924279997125268,4.528264000080526,4.874683999456465,100.2834149999544,50,5.682412999682128,8.004199999384582,9.628357999958098,9.628357999958098
2026-08-29T02:49:50.367Z,6870.072,500,1.616767999716103,4.599135000258684,4.91760400030762,36.757133999839425,50,5.727773000486195,6.879700999706984,8.594488999806345,8.594488999806345
2026-08-29T02:50:00.367Z,6880.072,500,1.6169680003076792,4.625374000519514,5.27197299990803,37.202833000570536,50,5.407062999904156,6.912450999952853,8.152080000378191,8.152080000378191
2026-08-29T02:50:10.368Z,6890.072,500,1.6072880001738667,4.592253999784589,5.606652999296784,54.11559299938381,50,5.079774000681937,7.056711000390351,7.9479199992492795,7.9479199992492795
2026-08-29T02:50:20.368Z,6900.072,500,1.5794680006802082,4.598674000240862,5.288123000413179,36.812362999655306,50,5.226603999733925,7.12266100011766,7.796740999445319,7.796740999445319
2026-08-29T02:50:30.367Z,6910.072,500,1.581488000229001,4.554983999580145,5.659443000331521,99.29836599994451,50,4.7926839999854565,7.851130000315607,9.962797000072896,9.962797000072896
2026-08-29T02:50:40.368Z,6920.072,500,1.6231310004368424,4.592233000323176,5.372383999638259,36.89903700072318,50,5.133732999674976,7.8423060001805425,7.895405000075698,7.895405000075698
2026-08-29T02:50:50.369Z,6930.072,500,1.607850999571383,4.594972999766469,5.102644000202417,29.29107099957764,50,4.998564000241458,6.84914500080049,8.072665999643505,8.072665999643505
2026-08-29T02:51:00.367Z,6940.073,500,1.6182120004668832,4.587332999333739,5.262722999788821,90.7423350000754,50,5.109013999812305,6.767523999325931,6.983714999631047,6.983714999631047
2026-08-29T02:51:10.367Z,6950.072,500,1.6350809996947646,4.630622999742627,5.328284000046551,36.630446000024676,50,5.226343999616802,7.8029849994927645,16.161481000483036,16.161481000483036
2026-08-29T02:51:20.365Z,6960.072,500,1.6988610001280904,4.653653000481427,5.244273999705911,89.09179299976677,50,5.062393999658525,7.376295999623835,8.229775999672711,8.229775999672711
2026-08-29T02:51:30.368Z,6970.072,500,1.6079410007223487,4.633713999763131,6.025063999928534,43.26968099921942,50,5.227953999303281,7.095705000683665,14.473620000295341,14.473620000295341
2026-08-29T02:51:40.369Z,6980.073,500,1.5898209996521473,4.5779039999470115,6.465874999761581,99.1623400002718,50,5.638163999654353,7.090475999750197,16.96472099982202,16.96472099982202
2026-08-29T02:51:50.369Z,6990.073,500,1.595991000533104,4.569722999818623,5.2718540001660585,79.95833700057119,50,5.278823000378907,6.955175000242889,7.489594999700785,7.489594999700785
2026-08-29T02:52:00.370Z,7000.074,500,1.6324319997802377,4.559202999807894,5.1821630001068115,89.71547299996018,50,5.022494000382721,6.793204000219703,8.042125000618398,8.042125000618398
2026-08-29T02:52:10.368Z,7010.073,500,1.673221000470221,4.620633000507951,5.346193000674248,91.27952400036156,50,5.212693999521434,7.269175000488758,7.867324999533594,7.867324999533594
2026-08-29T02:52:20.368Z,7020.073,500,1.5970009993761778,4.566814000718296,5.203563999384642,85.08827000018209,50,5.197513999417424,7.845075000077486,15.733400999568403,15.733400999568403
2026-08-29T02:52:30.368Z,7030.073,500,1.5696009993553162,4.550303000025451,4.984373999759555,77.30112399999052,50,4.9971340000629425,6.9386849999427795,8.087115999311209,8.087115999311209
2026-08-29T02:52:40.370Z,7040.073,500,1.5390710001811385,4.513633000664413,5.327843999490142,37.008705999702215,50,5.008032999932766,7.1501949997618794,7.787534999661148,7.787534999661148
2026-08-29T02:52:50.369Z,7050.073,500,1.5388609999790788,4.55071400012821,5.571003000251949,37.05421600025147,50,5.672224000096321,7.011274999938905,10.257697999477386,10.257697999477386
2026-08-29T02:53:00.369Z,7060.073,500,1.5932809999212623,4.602783000096679,5.000853999517858,40.65779899992049,50,5.672344000078738,7.104904999956489,8.268806000240147,8.268806000240147
2026-08-29T02:53:10.368Z,7070.073,500,1.681071000173688,4.6528740003705025,5.4882939998060465,92.24472500011325,50,5.125214000232518,7.188994999974966,8.187655999325216,8.187655999325216
2026-08-29T02:53:20.366Z,7080.073,500,1.6909809997305274,4.648952999152243,4.907252999953926,36.851995000615716,50,5.096563000231981,6.89839500002563,7.132034999318421,7.132034999318421
2026-08-29T02:53:30.369Z,7090.073,500,1.6687310002744198,4.605534000322223,6.487264000810683,46.03823200054467,50,5.118513999506831,7.178596000187099,7.3328550001606345,7.3328550001606345
2026-08-29T02:53:40.370Z,7100.074,500,1.6286909999325871,4.616913000121713,6.069443999789655,72.3785109994933,50,5.647374999709427,6.876024999655783,7.886325999163091,7.886325999163091
2026-08-29T02:53:50.370Z,7110.073,500,1.5722510004416108,4.572683000005782,5.612824000418186,99.46232999954373,50,5.671144000254571,7.34400499984622,9.780416999943554,9.780416999943554
2026-08-29T02:54:00.370Z,7120.073,500,1.6088609993457794,4.613882999867201,6.224515000358224,57.059430999681354,50,5.630064000375569,7.910004999488592,8.163705999962986,8.163705999962986
2026-08-29T02:54:10.370Z,7130.074,500,1.5793110001832247,4.598622999154031,5.624163999222219,98.00650900043547,50,5.656404000706971,7.128434999845922,7.889005999080837,7.889005999080837
2026-08-29T02:54:20.368Z,7140.073,500,1.6262619998306036,4.609013000503182,5.849654000252485,99.9084809999913,50,5.091112999245524,7.162034999579191,7.741344999521971,7.741344999521971
2026-08-29T02:54:30.368Z,7150.074,501,1.6527820006012917,4.640903000719845,6.021683999337256,100.65979099925607,50,5.5546539993956685,7.0582450004294515,7.832365999929607,7.832365999929607
2026-08-29T02:54:40.370Z,7160.073,499,1.6081509999930859,4.591503000818193,5.617523999884725,73.31514200009406,50,5.228853999637067,7.156405000016093,7.897315999493003,7.897315999493003
2026-08-29T02:54:50.370Z,7170.074,500,1.6098609995096922,4.5761129995808005,5.363544000312686,92.72980500012636,50,5.165794000029564,7.183705000206828,10.133697000332177,10.133697000332177
2026-08-29T02:55:00.369Z,7180.074,500,1.6667609997093678,4.695803999900818,5.395283999852836,93.77367699984461,50,5.752883999608457,6.9735650001093745,7.462024999782443,7.462024999782443
2026-08-29T02:55:10.369Z,7190.074,500,1.6369710005819798,4.760393000207841,6.39875499997288,98.00436899997294,50,5.023224000819027,7.027874999679625,8.098096000030637,8.098096000030637
2026-08-29T02:55:20.369Z,7200.076,500,1.5462309997528791,5.173374000005424,6.517674000002444,93.08514499943703,50,5.340024000033736,7.005525000393391,7.314904999919236,7.314904999919236
2026-08-29T02:55:30.370Z,7210.076,501,1.5948210004717112,4.575402999296784,5.3755940003320575,103.36313300020993,50,5.0993630001321435,7.892586000263691,8.639746000058949,8.639746000058949
2026-08-29T02:55:40.372Z,7220.076,500,1.5976710002869368,4.53564399946481,5.091313000768423,10.7890980001539,50,5.684643999673426,7.015704999677837,7.2078550001606345,7.2078550001606345
2026-08-29T02:55:50.371Z,7230.077,500,1.5913609992712736,4.569152999669313,4.957214000634849,6.087674000300467,50,5.190252999775112,7.128465000540018,7.201024999842048,7.201024999842048
2026-08-29T02:56:00.372Z,7240.076,500,1.5942010004073381,4.580903000198305,5.493234000168741,65.0903460001573,50,5.730883999727666,7.028455000370741,8.181026000529528,8.181026000529528
2026-08-29T02:56:10.373Z,7250.077,500,1.546891000121832,4.564002999104559,6.334004999138415,79.25602599978447,50,5.596814000047743,7.121945000253618,15.130870000459254,15.130870000459254
2026-08-29T02:56:20.372Z,7260.076,500,1.5448810001835227,4.544842999428511,5.195314000360668,69.1091689998284,50,5.743324000388384,6.9058550000190735,10.090307000093162,10.090307000093162
2026-08-29T02:56:30.373Z,7270.076,500,1.6131420005112886,4.600674000568688,4.802223999984562,7.957844999618828,50,5.665584000758827,7.605676000006497,8.155345999635756,8.155345999635756
2026-08-29T02:56:40.371Z,7280.076,500,1.6012409999966621,4.60056299995631,4.849464000202715,71.29420999996364,50,5.2304640002548695,7.806206000037491,8.416116000153124,8.416116000153124
2026-08-29T02:56:50.371Z,7290.077,500,1.538531000725925,4.520673000253737,5.25320400018245,74.37188299931586,50,5.714724000543356,6.92537400033325,6.99441499914974,6.99441499914974
2026-08-29T02:57:00.371Z,7300.076,500,1.6059210002422333,4.554473000578582,4.615822999738157,70.38112900033593,50,5.660523999482393,7.87330500036478,9.654957000166178,9.654957000166178
2026-08-29T02:57:10.371Z,7310.076,500,1.6197509998455644,4.557093000039458,5.097794000059366,73.73585200030357,50,5.513253999873996,6.990445000119507,16.62887200061232,16.62887200061232
2026-08-29T02:57:20.371Z,7320.076,500,1.5743810003623366,4.55248299986124,4.849493000656366,69.76427000015974,50,5.687145000323653,7.401864999905229,8.205586000345647,8.205586000345647
2026-08-29T02:57:30.372Z,7330.076,500,1.5772820003330708,4.5244430005550385,4.6736629996448755,71.63274099957198,50,4.957822999916971,6.835755000822246,7.8491549994796515,7.8491549994796515
2026-08-29T02:57:40.371Z,7340.076,500,1.5825310004875064,4.5523430006578565,4.9278029995039105,69.27405900042504,50,5.124843000434339,7.872266000136733,15.834921000525355,15.834921000525355
2026-08-29T02:57:50.372Z,7350.077,500,1.5553109999746084,4.551884000189602,5.118624000810087,70.66838000062853,50,5.101424000225961,6.976005000062287,8.345006000250578,8.345006000250578
2026-08-29T02:58:00.371Z,7360.077,500,1.6147910002619028,4.601913999766111,4.880994000472128,8.5298459995538,50,4.963093000464141,7.167275000363588,7.99624599982053,7.99624599982053
2026-08-29T02:58:10.371Z,7370.076,500,1.5793209997937083,4.557492999359965,4.836214000359178,10.109987000003457,50,4.978023000061512,7.809465000405908,7.917755000293255,7.917755000293255
2026-08-29T02:58:20.373Z,7380.077,500,1.541172000579536,4.526883000507951,5.296674000099301,71.99320099968463,50,5.46609399933368,7.860255999490619,15.593759999610484,15.593759999610484
2026-08-29T02:58:30.373Z,7390.076,500,1.5179010005667806,4.5364939998835325,4.707082999870181,55.830250000581145,50,4.972554000094533,7.722904999740422,7.842164999805391,7.842164999805391
2026-08-29T02:58:40.371Z,7400.077,500,1.594101999886334,4.567052999511361,4.7064330000430346,8.505025999620557,50,4.966004000045359,7.00747499987483,7.118744999170303,7.118744999170303
2026-08-29T02:58:50.371Z,7410.076,500,1.58307099994272,4.52872300054878,4.760852999985218,6.44064399972558,50,5.657424000091851,7.158235000446439,8.073165999725461,8.073165999725461
2026-08-29T02:59:00.372Z,7420.077,500,1.578800999559462,4.556273000314832,4.96433399990201,7.393085000105202,50,5.040893000550568,6.91189399920404,7.715465999208391,7.715465999208391
2026-08-29T02:59:10.372Z,7430.077,500,1.562150999903679,4.546932999975979,4.656363000161946,10.844027999788523,50,5.230793999508023,7.7609160002321005,7.889425999484956,7.889425999484956
2026-08-29T02:59:20.372Z,7440.078,500,1.589551000855863,4.593084000051022,5.657503999769688,54.490858000703156,50,5.578112999908626,7.146865000016987,8.070666000247002,8.070666000247002
2026-08-29T02:59:30.374Z,7450.078,500,1.602411000058055,4.532062999904156,4.709563000127673,54.270938999950886,50,4.992553000338376,8.118785000406206,8.890785999596119,8.890785999596119
2026-08-29T02:59:40.375Z,7460.079,500,1.5950120007619262,4.539583999663591,4.934754000045359,73.55751200020313,50,4.983804000541568,7.155985000543296,7.887595999985933,7.887595999985933
2026-08-29T02:59:50.376Z,7470.08,500,1.5448009995743632,4.528534000739455,4.788453000597656,10.945997999981046,50,4.9725240003317595,7.066285000182688,7.82084499951452,7.82084499951452
2026-08-29T03:00:00.376Z,7480.079,500,1.5780410002917051,4.537204000167549,4.966373999603093,56.05841000005603,50,5.097014000639319,7.957884999923408,15.386800999753177,15.386800999753177
2026-08-29T03:00:10.377Z,7490.081,500,1.5841610003262758,4.539263000711799,5.466722999699414,70.36845999956131,50,4.995303999632597,7.107064999639988,8.282945000566542,8.282945000566542
2026-08-29T03:00:20.378Z,7500.082,500,1.5965409995988011,4.564163999632001,5.236203999258578,55.05314899981022,50,5.256974000483751,7.242604999803007,8.04056499991566,8.04056499991566
2026-08-29T03:00:30.377Z,7510.082,501,1.5739109991118312,4.569713000208139,5.390693999826908,75.78844300005585,50,5.146874000318348,6.8282549995929,7.1775349993258715,7.1775349993258715
2026-08-29T03:00:40.379Z,7520.082,499,1.5959109999239445,4.561172999441624,5.116944000124931,6.7131540002301335,50,5.689513999968767,7.474715000018477,8.430615999735892,8.430615999735892
2026-08-29T03:00:50.379Z,7530.082,501,1.6010710000991821,4.54564299993217,5.352303000167012,63.17927400022745,50,5.5045040007680655,7.049754999577999,8.094635999761522,8.094635999761522
2026-08-29T03:01:00.377Z,7540.082,500,1.6100610001012683,4.597513000480831,5.018582999706268,10.19461700040847,50,5.03479399997741,6.8993039997294545,8.194755000062287,8.194755000062287
2026-08-29T03:01:10.378Z,7550.082,499,1.5572520000860095,4.528822999447584,5.069373999722302,8.248076000250876,50,4.953623999841511,6.947514999657869,18.12277300003916,18.12277300003916
2026-08-29T03:01:20.375Z,7560.082,500,1.5764809995889664,4.566492999903858,5.558174000121653,55.97770899999887,50,5.636632999405265,7.041794999502599,7.891095999628305,7.891095999628305
2026-08-29T03:01:30.378Z,7570.082,500,1.5882909996435046,4.5969639997929335,5.170824000611901,88.13659199979156,50,4.983404000289738,7.840296000242233,14.526610000059009,14.526610000059009
2026-08-29T03:01:40.377Z,7580.082,500,1.5835110004991293,4.537082999944687,4.983622999861836,67.4443079996854,50,5.713204000145197,7.89703599922359,8.08880600053817,8.08880600053817
2026-08-29T03:01:50.377Z,7590.082,500,1.60517100058496,4.569713000208139,4.953124000690877,84.64181900024414,50,5.8677139999344945,7.12578499969095,7.878225999884307,7.878225999884307
2026-08-29T03:02:00.378Z,7600.083,500,1.558050999417901,4.640753000043333,5.389154000207782,83.87543900031596,50,5.720463999547064,7.8306259997189045,16.91131199989468,16.91131199989468
2026-08-29T03:02:10.379Z,7610.082,500,1.5704210000112653,4.5422129994258285,5.0853939997032285,87.01719100028276,50,5.733173999935389,7.869134999811649,13.794920000247657,13.794920000247657
2026-08-29T03:02:20.377Z,7620.082,500,1.569221000187099,4.578112999908626,5.051043999381363,77.03787400014699,50,5.773784000426531,7.091594999656081,7.916015000082552,7.916015000082552
2026-08-29T03:02:30.377Z,7630.083,500,1.5643210001289845,4.614544000476599,5.442084000445902,87.080780999735,50,5.711945000104606,8.189496000297368,16.526991999708116,16.526991999708116
2026-08-29T03:02:40.379Z,7640.083,500,1.5533419996500015,4.559822999872267,5.622364000417292,87.80268199928105,50,5.662233999930322,7.13871500082314,7.925235000438988,7.925235000438988
2026-08-29T03:02:50.378Z,7650.083,500,1.5417809998616576,4.563222999684513,5.454723000526428,78.83834500052035,50,5.759204000234604,7.961515999399126,15.794951000250876,15.794951000250876
2026-08-29T03:03:00.378Z,7660.084,500,1.5376610001549125,4.509673000313342,5.221512999385595,87.20058199949563,50,5.747783999890089,7.835254999808967,16.037491999566555,16.037491999566555
2026-08-29T03:03:10.380Z,7670.084,500,1.5739609999582171,4.569133999757469,5.047524000518024,90.03921400010586,50,5.793544000014663,7.888754999265075,7.893996000289917,7.893996000289917
2026-08-29T03:03:20.378Z,7680.084,500,1.5483510000631213,4.573923000134528,5.207504000514746,83.94458900019526,50,5.445504000410438,7.0393649991601706,8.05916600022465,8.05916600022465
2026-08-29T03:03:30.379Z,7690.083,500,1.6348310001194477,4.662562999874353,4.941492999903858,85.82415100000799,50,5.751133999787271,7.14998499955982,7.854404999874532,7.854404999874532
2026-08-29T03:03:40.378Z,7700.083,500,1.5709609994664788,4.578103000298142,5.294393999502063,82.24493800010532,50,5.728993999771774,6.930244999937713,8.441316000185907,8.441316000185907
2026-08-29T03:03:50.378Z,7710.083,500,1.5779809998348355,4.56844300031662,5.027553000487387,75.44546299986541,50,5.62126399949193,7.137614999897778,8.3343859994784,8.3343859994784
2026-08-29T03:04:00.380Z,7720.084,500,1.6037609996274114,4.654333000071347,5.575512999668717,80.13677700050175,50,5.672683999873698,6.900224999524653,10.854286999441683,10.854286999441683
2026-08-29T03:04:10.380Z,7730.084,500,1.5796710001304746,4.569414000026882,4.840873999521136,76.29220400005579,50,5.600224000401795,7.228524999693036,8.088866000063717,8.088866000063717
2026-08-29T03:04:20.381Z,7740.085,500,1.5839109998196363,4.5732129998505116,5.187373000197113,76.66045400034636,50,5.774554000236094,7.082324999384582,15.988741000182927,15.988741000182927
2026-08-29T03:04:30.382Z,7750.086,500,1.6166209997609258,4.567632999271154,6.1306050000712276,64.73714600037783,50,5.417154000140727,7.082524999976158,11.476147999987006,11.476147999987006
2026-08-29T03:04:40.381Z,7760.086,500,1.537801000289619,4.508104000240564,4.975523999892175,72.78289199993014,50,5.643033999949694,7.030814999714494,7.828166000545025,7.828166000545025
2026-08-29T03:04:50.382Z,7770.086,500,1.5820510005578399,4.531283000484109,5.15973399952054,91.39280400052667,50,5.294424000196159,7.133774999529123,7.818896000273526,7.818896000273526
2026-08-29T03:05:00.382Z,7780.087,500,1.6068409997969866,4.631094000302255,5.054053000174463,80.12719700019807,50,5.639293000102043,7.814786000177264,8.05521500017494,8.05521500017494
2026-08-29T03:05:10.382Z,7790.087,500,1.585551000200212,4.552253999747336,4.9082329999655485,98.06478899996728,50,5.016162999905646,7.112724999897182,7.897495999932289,7.897495999932289
2026-08-29T03:05:20.380Z,7800.087,500,1.5786809995770454,4.594413000158966,5.459723999723792,74.35207299981266,50,5.764233999885619,7.112375000491738,7.805986000224948,7.805986000224948
2026-08-29T03:05:30.382Z,7810.088,500,1.5446510007604957,4.511493000201881,4.80430299974978,80.40920699946582,50,5.626493999734521,6.949965000152588,7.72681500017643,7.72681500017643
2026-08-29T03:05:40.383Z,7820.088,500,1.5644809994846582,4.5577529994770885,5.552473999559879,67.85835800040513,50,5.616704000160098,7.14877500012517,7.820744999684393,7.820744999684393
2026-08-29T03:05:50.383Z,7830.088,500,1.5500210002064705,4.510462999343872,5.255034000612795,77.5372740002349,50,5.7752040000632405,6.973924999125302,7.970335000194609,7.970335000194609
2026-08-29T03:06:00.384Z,7840.088,500,1.5633209999650717,4.534812999889255,5.64264400023967,79.9973569996655,50,5.7581940004602075,7.177544999867678,7.7646350003778934,7.7646350003778934
2026-08-29T03:06:10.383Z,7850.088,500,1.59084099996835,4.5821929993107915,5.197373000904918,78.65842500049621,50,5.2853040006011724,7.876836000010371,8.197055999189615,8.197055999189615
2026-08-29T03:06:20.383Z,7860.089,500,1.5822510002180934,4.549233000725508,5.483293999917805,88.00153199955821,50,5.750183999538422,7.353945000097156,15.505150999873877,15.505150999873877
2026-08-29T03:06:30.384Z,7870.088,500,1.5840809997171164,4.578583000227809,4.994943999685347,77.37209399975836,50,5.767164000310004,6.952784999273717,7.133644999936223,7.133644999936223
2026-08-29T03:06:40.383Z,7880.088,500,1.5302510000765324,4.52375299949199,5.187753999605775,85.86260099988431,50,5.679883999750018,7.125693999230862,7.8125550001859665,7.8125550001859665
2026-08-29T03:06:50.384Z,7890.088,500,1.4834310002624989,4.497612999752164,5.4349140003323555,85.32189000025392,50,5.7272840002551675,6.962764999829233,8.36487599927932,8.36487599927932
2026-08-29T03:07:00.384Z,7900.089,500,1.6105610001832247,4.622082999907434,5.249843000434339,77.95134500041604,50,5.462154000066221,7.006225000135601,11.35170799959451,11.35170799959451
2026-08-29T03:07:10.385Z,7910.089,500,1.5753309996798635,4.56532400008291,4.924024000763893,77.16658399999142,50,5.6411939999088645,7.139294999651611,7.868556000292301,7.868556000292301
2026-08-29T03:07:20.383Z,7920.09,500,1.57598099950701,4.546672999858856,5.221504000015557,79.36051600053906,50,5.776034000329673,7.085524999536574,9.194786000065506,9.194786000065506
2026-08-29T03:07:30.385Z,7930.089,500,1.5920110000297427,4.580244000069797,5.555293999612331,85.00980999972671,50,5.834023999981582,7.0463350005447865,8.08444599993527,8.08444599993527
2026-08-29T03:07:40.385Z,7940.09,500,1.520661000162363,4.523862999863923,5.208513000048697,75.92996300011873,50,5.67605399992317,7.814925000071526,8.051686000078917,8.051686000078917
2026-08-29T03:07:50.385Z,7950.09,500,1.5433189999312162,4.547306999564171,5.1085259998217225,83.44817799981683,50,5.7080460004508495,7.35574399959296,7.887413999997079,7.887413999997079
2026-08-29T03:08:00.385Z,7960.091,500,1.5652479995042086,4.547326000407338,5.181095999665558,74.78418199997395,50,5.74097599927336,7.842362999916077,8.167623999528587,8.167623999528587
2026-08-29T03:08:10.385Z,7970.09,500,1.6089779995381832,4.5601269993931055,5.006055999547243,77.17123099975288,50,5.659036000259221,7.042133999988437,8.114563999697566,8.114563999697566
2026-08-29T03:08:20.387Z,7980.09,500,1.5877090003341436,4.5381960002705455,5.133675999939442,50.996729999780655,50,5.759886000305414,7.159703999757767,7.822213999927044,7.822213999927044
2026-08-29T03:08:30.385Z,7990.09,500,1.611128999851644,4.557736000046134,4.897546000778675,76.02823100052774,50,5.762804999947548,7.799042999744415,7.857343999668956,7.857343999668956
2026-08-29T03:08:40.385Z,8000.09,500,1.5679580001160502,4.576525999233127,5.054836999624968,86.64692299999297,50,5.761786000803113,7.834843000397086,8.182973000220954,8.182973000220954
2026-08-29T03:08:50.385Z,8010.09,500,1.5895589999854565,4.632796999998391,5.274486000649631,77.78768999967724,50,5.773945999331772,7.021584999747574,13.843938999809325,13.843938999809325
2026-08-29T03:09:00.385Z,8020.09,500,1.701299000531435,4.621887000277638,5.098867000080645,81.57088600005955,50,5.667236000299454,7.3002739995718,7.970594000071287,7.970594000071287
2026-08-29T03:09:10.385Z,8030.091,500,1.7012679995968938,4.686026000417769,4.95049599930644,78.48365000076592,50,5.195696000009775,7.294753999449313,7.978033999912441,7.978033999912441
2026-08-29T03:09:20.385Z,8040.091,500,1.6075889999046922,4.564435999840498,5.693256000056863,76.7131810002029,50,5.753196000121534,8.019222999922931,8.173884000629187,8.173884000629187
2026-08-29T03:09:30.387Z,8050.091,500,1.6856890004128218,4.649446999654174,5.406746000051498,74.70128200016916,50,6.0724949995055795,7.855983999557793,15.308848000131547,15.308848000131547
2026-08-29T03:09:40.386Z,8060.09,500,1.6023790007457137,4.59920599963516,5.10606599971652,76.4165709996596,50,5.8070359993726015,7.871443999931216,15.820538000203669,15.820538000203669
2026-08-29T03:09:50.386Z,8070.09,500,1.674099000170827,4.624797000549734,5.157316000200808,77.50428999960423,50,5.758095000870526,8.115864000283182,8.243034000508487,8.243034000508487
2026-08-29T03:10:00.385Z,8080.091,500,1.607948999851942,4.58555700071156,4.964826000854373,80.66606799978763,50,5.8874150002375245,7.878444000147283,7.9968329994007945,7.9968329994007945
2026-08-29T03:10:10.385Z,8090.09,500,1.6277879998087883,4.618706000037491,5.454955999739468,86.45127199962735,50,5.911836000159383,7.883433999493718,8.102013000287116,8.102013000287116
2026-08-29T03:10:20.386Z,8100.09,500,1.6092790002003312,4.603637000545859,5.4215860003605485,79.7674080003053,50,5.9591960003599524,7.9898140002042055,8.241032999940217,8.241032999940217
2026-08-29T03:10:30.385Z,8110.09,500,1.5737290000542998,4.639576000161469,5.953194999136031,85.77978299930692,50,5.805015000514686,7.864922999404371,7.960344000719488,7.960344000719488
2026-08-29T03:10:40.386Z,8120.09,500,1.639558999799192,4.627456000074744,4.8452659994363785,81.77401699963957,50,6.033836000598967,7.811123999767005,7.891353999264538,7.891353999264538
2026-08-29T03:10:50.385Z,8130.091,500,1.5842490000650287,4.586446000263095,4.829545999877155,91.34123000036925,50,5.790804999880493,8.001143000088632,10.349712000228465,10.349712000228465
2026-08-29T03:11:00.386Z,8140.09,500,1.6290779998525977,4.565415999852121,5.145225999876857,87.21622199937701,50,5.905286000110209,8.027474000118673,8.603672999888659,8.603672999888659
2026-08-29T03:11:10.385Z,8150.091,500,1.6168879996985197,4.592766000889242,5.47267600055784,89.74937099963427,50,5.804755000397563,8.0576439993456,8.177933000028133,8.177933000028133
2026-08-29T03:11:20.384Z,8160.09,500,1.5619089994579554,4.577287000603974,5.57419600058347,87.94263199996203,50,5.864775000140071,8.005243999883533,8.146863999776542,8.146863999776542
2026-08-29T03:11:30.385Z,8170.09,500,1.527029000222683,4.561825999990106,5.2821760000661016,81.37168699968606,50,5.810195000842214,7.984473999589682,15.184418000280857,15.184418000280857
2026-08-29T03:11:40.387Z,8180.09,500,1.5461479993537068,4.600487000308931,5.208486000075936,93.73701700009406,50,5.911096000112593,7.808594000525773,7.976292999461293,7.976292999461293
2026-08-29T03:11:50.385Z,8190.09,500,1.6029789997264743,4.594087000004947,5.400455999188125,83.59191500023007,50,6.076235000044107,7.895174000412226,8.2471739994362,8.2471739994362
2026-08-29T03:12:00.385Z,8200.09,500,1.6051589995622635,4.552187000401318,4.813995999284089,77.73505000025034,50,5.902254999615252,7.8700139997527,8.313203999772668,8.313203999772668
2026-08-29T03:12:10.386Z,8210.09,500,1.5599379995837808,4.5716460002586246,5.4327659998089075,56.93510599993169,50,5.843235999345779,7.863584000617266,10.11166200041771,10.11166200041771
2026-08-29T03:12:20.385Z,8220.09,500,1.56867800001055,4.547186000272632,4.929716000333428,85.74563299957663,50,5.831914999522269,7.858323999680579,7.994532999582589,7.994532999582589
2026-08-29T03:12:30.385Z,8230.089,500,1.5138389999046922,4.864506999962032,6.456565000116825,90.21346000023186,50,5.815144999884069,7.781924000009894,7.845843999646604,7.845843999646604
2026-08-29T03:12:40.387Z,8240.091,500,1.592179000377655,4.616976000368595,5.2762359995394945,79.53890800010413,50,5.777085999958217,7.9849439999088645,8.194962999783456,8.194962999783456
2026-08-29T03:12:50.387Z,8250.092,500,1.5512589998543262,4.555285999551415,5.140825999900699,73.39473299961537,50,5.829235000535846,7.804804000072181,8.107193999923766,8.107193999923766
2026-08-29T03:13:00.388Z,8260.092,500,1.5008089998736978,4.51613700017333,5.288456000387669,79.79813800007105,50,5.756075999699533,6.846374999731779,7.80927399918437,7.80927399918437
2026-08-29T03:13:10.385Z,8270.092,500,1.586488999426365,4.68403600063175,5.656624999828637,78.86527800001204,50,5.867155000567436,7.84687399957329,15.242418000474572,15.242418000474572
2026-08-29T03:13:20.387Z,8280.093,500,1.5695390002802014,4.548795999959111,5.351776000112295,92.11536900047213,50,5.85612600017339,7.850563999265432,7.920153999701142,7.920153999701142
2026-08-29T03:13:30.388Z,8290.093,500,1.5464690001681447,4.556416000239551,4.949977000243962,88.29475199989974,50,5.8140159994363785,7.717094000428915,8.21530400030315,8.21530400030315
2026-08-29T03:13:40.388Z,8300.092,500,1.565688000060618,4.524816999211907,4.7539360001683235,89.355340000242,50,5.8138549998402596,8.023703999817371,8.17921300046146,8.17921300046146
2026-08-29T03:13:50.388Z,8310.093,500,1.5286890007555485,4.53383699990809,5.204236000776291,81.16852699965239,50,6.020405000075698,7.829763999208808,15.579938000068069,15.579938000068069
2026-08-29T03:14:00.388Z,8320.092,500,1.592259000055492,4.561756999231875,5.543376000598073,94.90999600011855,50,5.991445999592543,7.762473999522626,8.01290399953723,8.01290399953723
2026-08-29T03:14:10.387Z,8330.092,500,1.5839390000328422,4.554316000081599,5.274466000497341,83.8838450005278,50,5.9939750004559755,7.811663999222219,8.021734000183642,8.021734000183642
2026-08-29T03:14:20.387Z,8340.093,500,1.5189690003171563,4.557875999249518,5.075566000305116,78.64877900015563,50,5.782494999468327,7.738904000259936,7.7962929997593164,7.7962929997593164
2026-08-29T03:14:30.387Z,8350.092,500,1.5445679994300008,4.536666999571025,5.057006999850273,78.30307999998331,50,5.897934999316931,7.702053999528289,15.120198000222445,15.120198000222445
2026-08-29T03:14:40.387Z,8360.092,500,1.520439000800252,4.557217000052333,5.250536000356078,77.25803000014275,50,5.953344999812543,7.115904999896884,7.947483999654651,7.947483999654651
2026-08-29T03:14:50.388Z,8370.093,500,1.4815190006047487,4.511666999198496,5.227926000021398,74.87228200025856,50,6.034555000253022,7.930134000256658,8.084734000265598,8.084734000265598
2026-08-29T03:15:00.388Z,8380.093,500,1.5314090000465512,4.510495999827981,5.1722659999504685,75.64479100052267,50,5.79194600135088,7.772073999978602,7.8943739999085665,7.8943739999085665
2026-08-29T03:15:10.388Z,8390.093,500,1.5653390008956194,4.578886998817325,5.237786000594497,77.39502000063658,50,5.883786000311375,7.8480340000241995,7.950942998751998,7.950942998751998
2026-08-29T03:15:20.387Z,8400.093,500,1.6634480003267527,4.614366000518203,5.234686000272632,82.67426599934697,50,5.9380649998784065,7.780843999236822,8.071993999183178,8.071993999183178
2026-08-29T03:15:30.390Z,8410.093,500,1.5932689998298883,4.610296001657844,5.492556000128388,93.14648799970746,50,6.022136000916362,7.723753999918699,7.745984001085162,7.745984001085162
2026-08-29T03:15:40.390Z,8420.094,500,1.531259000301361,4.577406000345945,5.063536999747157,85.38254399970174,50,5.88391499966383,7.270354999229312,7.775234000757337,7.775234000757337
2026-08-29T03:15:50.389Z,8430.095,500,1.5891490001231432,4.56156700104475,5.008696001023054,78.41268900036812,50,5.9360449984669685,7.681453999131918,7.87062400020659,7.87062400020659
2026-08-29T03:16:00.391Z,8440.095,500,1.5237079989165068,4.531586999073625,5.085146000608802,84.97830400057137,50,5.958535000681877,7.790433999150991,15.760168001055717,15.760168001055717
2026-08-29T03:16:10.392Z,8450.096,500,1.5555380005389452,4.587505999952555,5.151256000623107,85.30220399983227,50,5.792944999411702,7.680474000051618,15.012547999620438,15.012547999620438
2026-08-29T03:16:20.390Z,8460.095,500,1.5635290015488863,4.563757000491023,5.0184059999883175,82.53806599974632,50,5.9595149997621775,7.928102999925613,8.017733000218868,8.017733000218868
2026-08-29T03:16:30.390Z,8470.095,500,1.5392790008336306,4.5695359986275434,5.270916000008583,77.03992999903858,50,5.915335001423955,7.88459400087595,8.016383001580834,8.016383001580834
2026-08-29T03:16:40.392Z,8480.096,500,1.5485880002379417,4.570636998862028,5.180015999823809,80.78619799949229,50,6.000864999368787,7.734814001247287,8.14410400018096,8.14410400018096
2026-08-29T03:16:50.390Z,8490.095,500,1.5335790012031794,4.545737000182271,5.598896000534296,84.38797399960458,50,5.881986001506448,7.520863998681307,15.776596998795867,15.776596998795867
2026-08-29T03:17:00.391Z,8500.095,500,1.5425889994949102,4.541216999292374,5.398916000500321,78.37653900124133,50,5.8234160002321005,7.733874000608921,7.996274000033736,7.996274000033736
2026-08-29T03:17:10.392Z,8510.095,500,1.5506490003317595,4.544776000082493,5.43096499890089,90.26393000036478,50,5.937745999544859,7.996914001181722,8.241143999621272,8.241143999621272
2026-08-29T03:17:20.388Z,8520.095,500,1.5527990013360977,4.609055999666452,5.063516000285745,92.5406679995358,50,5.7350159995257854,7.741623999550939,16.81347700022161,16.81347700022161
2026-08-29T03:17:30.390Z,8530.095,500,1.535148998722434,4.570667000487447,5.6671150010079145,76.08708100020885,50,5.862925998866558,7.855534000322223,8.015603998675942,8.015603998675942
2026-08-29T03:17:40.392Z,8540.096,500,1.6027990002185106,4.622905999422073,5.122275998815894,85.74828300066292,50,5.845754999667406,7.744413999840617,7.9423440005630255,7.9423440005630255
2026-08-29T03:17:50.391Z,8550.095,500,1.5230689998716116,4.552387000992894,5.4660549983382225,81.20626799948514,50,5.765045000240207,7.763474000617862,7.881593000143766,7.881593000143766
2026-08-29T03:18:00.390Z,8560.095,500,1.5092089995741844,4.492666000500321,5.17085599899292,80.88778799958527,50,5.753856001421809,7.721753999590874,7.830513998866081,7.830513998866081
2026-08-29T03:18:10.390Z,8570.096,500,1.5592589993029833,4.533986998721957,4.962185999378562,78.1827800013125,50,5.913736000657082,7.8796740006655455,8.158693999052048,8.158693999052048
2026-08-29T03:18:20.391Z,8580.095,500,1.6098989993333817,4.625676000490785,5.16261599957943,77.83761899918318,50,5.982874998822808,7.61315399967134,8.096824001520872,8.096824001520872
2026-08-29T03:18:30.390Z,8590.095,500,1.5221090000122786,4.547627000138164,4.886285999789834,82.69921600073576,50,6.001834999769926,7.738694000989199,7.936684001237154,7.936684001237154
2026-08-29T03:18:40.390Z,8600.095,500,1.561269000172615,4.560716001316905,5.0769060011953115,88.49147200025618,50,5.876806000247598,8.042004000395536,8.179953999817371,8.179953999817371
2026-08-29T03:18:50.392Z,8610.096,500,1.5563280005007982,4.564345998689532,5.167696001008153,82.28647599928081,50,6.004374999552965,7.786744000390172,8.416214000433683,8.416214000433683
2026-08-29T03:19:00.390Z,8620.095,500,1.5878679994493723,4.66227599978447,5.640514999628067,90.12315000034869,50,6.0322650000452995,8.13115399889648,8.65094400011003,8.65094400011003
2026-08-29T03:19:10.390Z,8630.096,500,1.4755089990794659,4.501717001199722,5.618286000564694,77.72360999882221,50,6.010005000978708,7.3163250014185905,7.71238400042057,7.71238400042057
2026-08-29T03:19:20.390Z,8640.096,500,1.530358999967575,4.5406559985131025,5.384966000914574,87.69269199855626,50,5.746676001697779,8.024953000247478,8.04908400028944,8.04908400028944
2026-08-29T03:19:30.391Z,8650.096,500,1.5398989990353584,4.562946999445558,5.479396000504494,76.05774099938571,50,6.560894999653101,7.969084000214934,8.161634000018239,8.161634000018239
2026-08-29T03:19:40.393Z,8660.097,500,1.5722289998084307,4.5891260001808405,5.050815999507904,76.89110999926925,50,5.968484999611974,8.005214000120759,8.828782999888062,8.828782999888062
2026-08-29T03:19:50.392Z,8670.097,500,1.5641189999878407,4.606196999549866,5.144796000793576,78.11486900039017,50,5.916875001043081,8.854722999036312,17.5209470000118,17.5209470000118
2026-08-29T03:20:00.392Z,8680.097,500,1.5552979987114668,4.5686860010027885,5.761025000363588,93.18071799911559,50,6.239885000512004,7.8708340004086494,8.34791300073266,8.34791300073266
2026-08-29T03:20:10.393Z,8690.097,500,1.6439779996871948,4.643077000975609,5.4978759996593,78.15903999842703,50,6.233265001326799,7.965673999860883,9.19509300030768,9.19509300030768
2026-08-29T03:20:20.393Z,8700.097,500,1.5508080013096333,4.574296999722719,5.661166001111269,79.17403800040483,50,6.06330499984324,8.015813998878002,8.842702999711037,8.842702999711037
2026-08-29T03:20:30.392Z,8710.097,500,1.5660480000078678,4.570085998624563,5.094526000320911,78.91261900030077,50,5.878894999623299,8.929004000499845,8.935213001444936,8.935213001444936
2026-08-29T03:20:40.393Z,8720.097,500,1.5577990002930164,4.609006000682712,5.2372060008347034,88.65905099920928,50,6.3480160012841225,7.761744000017643,8.215784000232816,8.215784000232816
2026-08-29T03:20:50.393Z,8730.097,500,1.5769689995795488,4.592505998909473,5.515316000208259,84.43566500023007,50,6.22838499955833,8.224842999130487,15.686767000705004,15.686767000705004
2026-08-29T03:21:00.393Z,8740.097,500,1.5985090006142855,4.642986999824643,5.375266000628471,88.2128120008856,50,5.99027599953115,7.81564399972558,9.872762998566031,9.872762998566031
2026-08-29T03:21:10.392Z,8750.097,500,1.5779589992016554,4.582677001133561,4.99269700050354,85.37007399834692,50,6.634054999798536,7.899954000487924,16.75641700066626,16.75641700066626
2026-08-29T03:21:20.390Z,8760.097,500,1.53485899977386,4.555185999721289,4.913035999983549,82.54692599922419,50,6.6129450015723705,7.873784000054002,8.03969299979508,8.03969299979508
2026-08-29T03:21:30.394Z,8770.097,500,1.5354079995304346,4.563927000388503,5.349295999854803,81.65571600012481,50,6.768194999545813,7.911624001339078,9.06215300038457,9.06215300038457
2026-08-29T03:21:40.394Z,8780.097,500,1.5980580002069473,4.594165999442339,5.033197000622749,90.06110000051558,50,6.077165000140667,9.025902999565005,16.7745469994843,16.7745469994843
2026-08-29T03:21:50.392Z,8790.097,500,1.5288289990276098,4.5556259993463755,5.239435000345111,55.42945699952543,50,6.5554050002247095,7.744624000042677,8.131394000723958,8.131394000723958
2026-08-29T03:22:00.392Z,8800.097,500,1.5767890010029078,4.5694070011377335,5.34120500087738,90.47932999953628,50,6.716264000162482,7.959974000230432,16.615337001159787,16.615337001159787
2026-08-29T03:22:10.392Z,8810.098,500,1.5767979994416237,4.571655999869108,5.085535999387503,86.19340300001204,50,6.063796000555158,7.8735440000891685,9.133383000269532,9.133383000269532
2026-08-29T03:22:20.392Z,8820.097,500,1.5630489997565746,4.611746000126004,5.049566000699997,81.24967700056732,50,6.067785000428557,8.09272300079465,8.200114000588655,8.200114000588655
2026-08-29T03:22:30.394Z,8830.098,500,1.5606790017336607,4.555626001209021,5.28001599945128,88.24394199997187,50,6.11183499917388,7.890473999083042,8.834254000335932,8.834254000335932
2026-08-29T03:22:40.393Z,8840.098,500,1.6614590007811785,4.651655999943614,5.114475999027491,90.42146999947727,50,6.557355001568794,8.32192299887538,16.38998700119555,16.38998700119555
2026-08-29T03:22:50.393Z,8850.097,500,1.7023590002208948,4.637066001072526,4.990475999191403,93.03320699930191,50,6.068574998527765,8.226023999974132,9.310303000733256,9.310303000733256
2026-08-29T03:23:00.392Z,8860.098,500,1.6577989999204874,4.590596999973059,5.363946000114083,89.34876099973917,50,6.152644999325275,8.16831300035119,9.215122999623418,9.215122999623418
2026-08-29T03:23:10.394Z,8870.098,500,1.6028380002826452,4.59591699950397,4.970376001670957,82.1606159992516,50,6.189615000039339,8.003033999353647,9.057252999395132,9.057252999395132
2026-08-29T03:23:20.390Z,8880.097,500,1.5520789995789528,4.552247000858188,5.331955999135971,97.0278050005436,50,6.150875000283122,8.186722999438643,8.935852998867631,8.935852998867631
2026-08-29T03:23:30.393Z,8890.097,500,1.57285900041461,4.581496000289917,4.926746001467109,78.63313900120556,50,6.708355000242591,8.822013000026345,8.932492999359965,8.932492999359965
2026-08-29T03:23:40.393Z,8900.097,500,1.55884899944067,4.565455999225378,5.050766998901963,25.97652000002563,50,6.024785999208689,7.940783999860287,8.906933000311255,8.906933000311255
2026-08-29T03:23:50.393Z,8910.097,500,1.6052679996937513,4.577146001160145,5.3006159998476505,54.036807999014854,50,6.690755000337958,8.217224000021815,9.011912999674678,9.011912999674678
2026-08-29T03:24:00.393Z,8920.097,500,1.5832989998161793,4.561815999448299,5.725486000999808,89.79490000009537,50,6.066634999588132,7.923094000667334,8.898953000083566,8.898953000083566
2026-08-29T03:24:10.392Z,8930.097,500,1.6020589992403984,4.608915999531746,5.804376000538468,90.89110900089145,50,6.58789400011301,7.95062399841845,8.930782999843359,8.930782999843359
2026-08-29T03:24:20.392Z,8940.097,500,1.5519389994442463,4.601516000926495,5.008557001128793,90.98341999948025,50,6.62092399969697,7.846773998811841,8.949203999713063,8.949203999713063
2026-08-29T03:24:30.394Z,8950.098,500,1.6182190012186766,4.58958699926734,4.950085999444127,85.49830400012434,50,6.625404000282288,7.943554000928998,9.1944629997015,9.1944629997015
2026-08-29T03:24:40.392Z,8960.097,500,1.6042489986866713,4.567656999453902,4.990056000649929,79.75185800157487,50,6.787934999912977,8.837383000180125,9.70648199878633,9.70648199878633
2026-08-29T03:24:50.393Z,8970.097,500,1.653897998854518,4.725876001641154,5.258094999939203,80.65438700094819,50,6.114734999835491,8.07523399963975,8.794353000819683,8.794353000819683
2026-08-29T03:25:00.392Z,8980.097,500,1.559349000453949,4.575696999207139,5.727576000615954,79.65281799994409,50,6.455564999952912,7.978393999859691,8.85687300004065,8.85687300004065
2026-08-29T03:25:10.392Z,8990.097,500,1.5609289985150099,4.579466000199318,5.270956000313163,90.41283999942243,50,6.709385000169277,8.808392999693751,17.5738059990108,17.5738059990108
2026-08-29T03:25:20.424Z,9000.129,500,1.6045289989560843,4.598547000437975,5.021036000922322,90.2915300000459,50,6.053475998342037,8.094784000888467,9.28550300002098,9.28550300002098
2026-08-29T03:25:30.454Z,9010.161,500,1.571297999471426,4.587607000023127,4.929045999422669,54.009208001196384,50,6.684814000502229,9.083453001454473,9.928182000294328,9.928182000294328
2026-08-29T03:25:40.458Z,9020.163,500,1.5901089999824762,4.609985999763012,5.768854999914765,84.91083399951458,50,6.729554001241922,8.137533999979496,9.008083000779152,9.008083000779152
2026-08-29T03:25:50.466Z,9030.172,500,1.5615180004388094,4.5734759997576475,5.521914999932051,86.9541629999876,50,6.2951549999415874,8.908263999968767,10.065352000296116,10.065352000296116
2026-08-29T03:26:00.464Z,9040.171,505,1.5538289994001389,4.586236000061035,7.633804000914097,96.39271500147879,50,6.758995000272989,8.881282998248935,12.62326000072062,12.62326000072062
2026-08-29T03:26:10.465Z,9050.172,500,1.5547289997339249,4.572216000407934,4.977026000618935,83.85162499919534,50,6.707675000652671,8.204783998429775,10.042301999405026,10.042301999405026
2026-08-29T03:26:20.466Z,9060.171,500,1.5476080011576414,4.589727001264691,5.234956000000238,86.53192299976945,50,6.661534998565912,8.217793000862002,9.838202001526952,9.838202001526952
2026-08-29T03:26:30.464Z,9070.171,500,1.5527589991688728,4.548037000000477,5.4633360002189875,68.90414600074291,50,6.74337499961257,8.772233000025153,9.089962998405099,9.089962998405099
2026-08-29T03:26:40.466Z,9080.171,500,1.534647999331355,4.558365998789668,5.16121600009501,84.05241500027478,50,6.707894999533892,9.097803000360727,15.776867000386119,15.776867000386119
2026-08-29T03:26:50.464Z,9090.171,500,1.5288190003484488,4.531746000051498,4.72333599999547,86.28394399955869,50,6.727843999862671,8.9085030015558,9.20780200138688,9.20780200138688
2026-08-29T03:27:00.464Z,9100.171,500,1.5470090005546808,4.595167001709342,5.7064759992063046,82.95649600028992,50,6.767315000295639,8.879993000999093,9.855592001229525,9.855592001229525
2026-08-29T03:27:10.464Z,9110.171,500,1.5617290008813143,4.589946998283267,5.331785999238491,85.26715300045907,50,6.6893550008535385,8.553834000602365,8.974382998421788,8.974382998421788
2026-08-29T03:27:20.466Z,9120.172,500,1.5465879999101162,4.566567000001669,5.325045999139547,84.2624049987644,50,6.716564999893308,8.402483999729156,15.995447998866439,15.995447998866439
2026-08-29T03:27:30.466Z,9130.171,500,1.5561089999973774,4.589455999433994,5.2908159997314215,87.8980710003525,50,6.859125001356006,9.954063000157475,16.46671799942851,16.46671799942851
2026-08-29T03:27:40.470Z,9140.175,495,1.553329000249505,4.579877000302076,4.951556000858545,8.145433999598026,50,6.676895000040531,8.794724000617862,9.926672998815775,9.926672998815775
2026-08-29T03:27:50.469Z,9150.174,505,1.5555389989167452,4.793155999854207,8.021803999319673,99.9781420007348,50,6.761025000363588,9.230082999914885,10.208722000941634,10.208722000941634
2026-08-29T03:28:00.469Z,9160.174,500,1.6058989986777306,4.6232469994574785,5.19301600009203,88.72533199936152,50,6.803334999829531,8.381603000685573,9.899261999875307,9.899261999875307
2026-08-29T03:28:10.467Z,9170.174,500,1.599159000441432,4.652605999261141,6.408915000036359,84.72485500015318,50,6.703725000843406,8.981503000482917,16.32701800018549,16.32701800018549
2026-08-29T03:28:20.469Z,9180.174,500,1.5759380012750626,4.630477000027895,5.302064999938011,85.05202399939299,50,6.776384999975562,8.93091299943626,15.399507999420166,15.399507999420166
2026-08-29T03:28:30.469Z,9190.174,500,1.5649490002542734,4.631257001310587,5.285846000537276,88.03893100097775,50,6.740495000034571,9.178031999617815,9.912562999874353,9.912562999874353
2026-08-29T03:28:40.468Z,9200.174,500,1.6266189999878407,4.635556001216173,5.256106000393629,82.63925599865615,50,6.921034000813961,9.099963000044227,9.230073001235723,9.230073001235723
2026-08-29T03:28:50.467Z,9210.174,500,1.5941879991441965,4.659806000068784,5.130405999720097,85.85229300148785,50,6.886965001001954,9.218823000788689,10.151063000783324,10.151063000783324
2026-08-29T03:29:00.467Z,9220.174,500,1.546569000929594,4.56738599948585,4.920445999130607,53.17919900082052,50,6.756684999912977,8.8376729991287,10.615371000021696,10.615371000021696
2026-08-29T03:29:10.469Z,9230.174,500,1.5500290002673864,4.567996000871062,5.07455600053072,84.79680400155485,50,6.873075000941753,8.869123000651598,10.120591999962926,10.120591999962926
2026-08-29T03:29:20.469Z,9240.174,500,1.5989089999347925,4.610416999086738,4.937326999381185,87.9824620001018,50,6.760733999311924,9.06368200108409,10.208812000229955,10.208812000229955
2026-08-29T03:29:30.467Z,9250.174,500,1.554229000583291,4.594706000760198,5.0570359993726015,85.85646300017834,50,6.760935001075268,9.08627299964428,9.898233000189066,9.898233000189066
2026-08-29T03:29:40.469Z,9260.174,500,1.5428480003029108,4.573005998507142,5.083406999707222,85.9889430012554,50,6.7445950005203485,9.405063001438975,9.978462999686599,9.978462999686599
2026-08-29T03:29:50.469Z,9270.175,497,1.6794380005449057,4.652616001665592,5.046606000512838,95.09455600008368,50,6.801454000174999,8.422863999381661,9.117662999778986,9.117662999778986
2026-08-29T03:30:00.470Z,9280.176,503,1.5710890013724566,4.628235999494791,5.273165998980403,10.146361999213696,50,6.912694999948144,10.114742001518607,10.408862000331283,10.408862000331283
2026-08-29T03:30:10.471Z,9290.176,500,1.548929000273347,4.525916000828147,4.855476999655366,17.262576999142766,50,6.767695000395179,9.022202998399734,12.520349999889731,12.520349999889731
2026-08-29T03:30:20.471Z,9300.176,500,1.5609390009194613,4.603397000581026,5.102075999602675,86.15177300013602,50,6.796014999970794,9.23462300002575,9.856451999396086,9.856451999396086
2026-08-29T03:30:30.472Z,9310.177,497,1.5121790003031492,4.547356000170112,5.477605000138283,43.351807000115514,50,6.7455540001392365,9.740931998938322,11.76100100018084,11.76100100018084
2026-08-29T03:30:40.471Z,9320.178,503,1.5057680010795593,4.550195999443531,5.730245999991894,61.69425200112164,50,6.803424999117851,9.119142999872565,9.76570300012827,9.76570300012827
2026-08-29T03:30:50.473Z,9330.179,500,1.5314680002629757,4.540307000279427,4.764446001499891,10.487152000889182,50,6.763834999874234,9.925853000953794,10.249221999198198,10.249221999198198
2026-08-29T03:31:00.472Z,9340.178,499,1.5244289990514517,4.54343600012362,4.984976001083851,10.23908199928701,50,6.7500550001859665,9.059933001175523,10.143501998856664,10.143501998856664
2026-08-29T03:31:10.471Z,9350.178,501,1.5558189991861582,4.511786000803113,5.000855999067426,9.259283000603318,50,7.032344000414014,9.002222999930382,9.117262998595834,9.117262998595834
2026-08-29T03:31:20.473Z,9360.178,500,1.52623900026083,4.524236999452114,4.896516000851989,8.283823000267148,50,6.763725001364946,8.729913000017405,10.009583000093699,10.009583000093699
2026-08-29T03:31:30.473Z,9370.179,500,1.5398490000516176,4.561886999756098,5.218296000733972,10.298212001100183,50,7.117474999278784,9.76435299962759,17.109036998823285,17.109036998823285
2026-08-29T03:31:40.474Z,9380.18,500,1.5022289995104074,4.4910969994962215,4.94620699994266,86.70126199908555,50,7.44565400108695,9.850432999432087,16.4946069996804,16.4946069996804
2026-08-29T03:31:50.474Z,9390.18,501,1.481819000095129,4.437425998970866,4.874986000359058,7.729094000533223,50,7.061414999887347,8.95028300024569,9.732392000034451,9.732392000034451
2026-08-29T03:32:00.474Z,9400.18,498,1.5493989996612072,4.599227000027895,9.558072999119759,99.33201299980283,50,7.68580500036478,9.265503000468016,10.036512000486255,10.036512000486255
2026-08-29T03:32:10.475Z,9410.181,501,1.5519590005278587,4.52640699967742,4.875756999477744,7.6453339997678995,50,7.562124000862241,8.980682998895645,9.762562999501824,9.762562999501824
2026-08-29T03:32:20.473Z,9420.18,500,1.5349489990621805,4.515126999467611,4.859056001529098,11.516630999743938,50,7.570763999596238,9.359912998974323,9.830552000552416,9.830552000552416
2026-08-29T03:32:30.475Z,9430.181,500,1.6368279997259378,4.610677000135183,5.101896001026034,89.50864100083709,50,6.861735001206398,9.878123000264168,10.0978330001235,10.0978330001235
2026-08-29T03:32:40.475Z,9440.181,500,1.5723490007221699,4.581826999783516,4.986175999045372,7.245804000645876,50,7.026084000244737,9.803722999989986,16.02204700000584,16.02204700000584
2026-08-29T03:32:50.473Z,9450.18,500,1.6487879995256662,4.6354060005396605,5.2679559998214245,91.25152999907732,50,6.8974050004035234,9.918621998280287,10.017123000696301,10.017123000696301
2026-08-29T03:33:00.474Z,9460.181,500,1.5926080010831356,4.606117000803351,4.99545600079,10.29896199889481,50,6.943954000249505,8.915033001452684,10.074842000380158,10.074842000380158
2026-08-29T03:33:10.476Z,9470.181,500,1.6072889994829893,4.610386000946164,4.880376998335123,88.96357100084424,50,6.997774001210928,8.969972999766469,9.848262999206781,9.848262999206781
2026-08-29T03:33:20.475Z,9480.181,501,1.541448999196291,4.5007770005613565,5.598945999518037,92.87852799892426,50,6.789374999701977,8.897353000938892,9.687692001461983,9.687692001461983
2026-08-29T03:33:30.476Z,9490.182,500,1.5485689993947744,4.54636700078845,4.967246999964118,89.62347999960184,50,6.979414001107216,8.847342999652028,8.926833000034094,8.926833000034094
2026-08-29T03:33:40.474Z,9500.181,499,1.5439090002328157,4.554346999153495,5.6324949990957975,87.75719199888408,50,6.902744999155402,8.788993000984192,10.124002000316978,10.124002000316978
2026-08-29T03:33:50.474Z,9510.181,500,1.5753289982676506,4.569316999986768,4.836815999820828,57.21226599998772,50,7.721643999218941,9.943713000044227,10.147862000390887,10.147862000390887
2026-08-29T03:34:00.478Z,9520.185,498,1.538629001006484,4.5589460004121065,5.384886000305414,5.811475999653339,50,6.859525000676513,8.835372999310493,9.873122999444604,9.873122999444604
2026-08-29T03:34:10.478Z,9530.185,503,1.5326479990035295,4.633595999330282,6.399784998968244,98.49882399849594,50,6.846885001286864,9.170842999592423,9.915973000228405,9.915973000228405
2026-08-29T03:34:20.479Z,9540.186,500,1.6499790009111166,4.712236000224948,5.391685999929905,93.1427380014211,50,7.09638400003314,8.70563399977982,8.925342999398708,8.925342999398708
2026-08-29T03:34:30.479Z,9550.186,500,1.6012389995157719,4.557756001129746,5.216456001624465,95.51771599985659,50,7.577494001016021,9.008803000673652,10.141803000122309,10.141803000122309
2026-08-29T03:34:40.479Z,9560.186,500,1.536158999428153,4.539366999641061,5.060376001521945,7.4899339992553,50,6.948124000802636,9.70381199941039,9.84077199921012,9.84077199921012
2026-08-29T03:34:50.479Z,9570.186,500,1.5538090001791716,4.553166000172496,5.797624999657273,101.3776910007,50,7.3575549982488155,8.944174000993371,9.889882000163198,9.889882000163198
2026-08-29T03:35:00.480Z,9580.186,500,1.5485890004783869,4.573295999318361,5.058415999636054,7.907684000208974,50,7.285773999989033,8.764152999967337,10.062001999467611,10.062001999467611
2026-08-29T03:35:10.481Z,9590.186,500,1.5259079989045858,4.607265999540687,5.672165999189019,102.36427100002766,50,7.0774750001728535,8.858342999592423,9.908113000914454,9.908113000914454
2026-08-29T03:35:20.481Z,9600.186,500,1.5482390001416206,4.559555999934673,4.864315999671817,8.817993000149727,50,6.801764998584986,9.434873001649976,10.070721998810768,10.070721998810768
2026-08-29T03:35:30.480Z,9610.186,500,1.6857489999383688,4.774195998907089,5.467496000230312,92.46458799950778,50,6.927573999390006,8.447073999792337,9.032402999699116,9.032402999699116
2026-08-29T03:35:40.479Z,9620.186,500,1.614928999915719,4.620705999433994,5.023305999115109,90.53456000052392,50,6.884755000472069,8.537012999877334,8.85873300023377,8.85873300023377
2026-08-29T03:35:50.479Z,9630.186,500,1.583908999338746,4.6222360003739595,5.178716000169516,7.563044000416994,50,6.845904000103474,9.048033000901341,9.825981998816133,9.825981998816133
2026-08-29T03:36:00.479Z,9640.186,500,1.5463789999485016,4.536287000402808,4.803136000409722,10.5707019995898,50,6.907235000282526,8.811703000217676,9.263983000069857,9.263983000069857
2026-08-29T03:36:10.481Z,9650.186,500,1.5782390013337135,4.597535999491811,5.088266000151634,94.83977600000799,50,7.017215000465512,8.852293001487851,9.858472999185324,9.858472999185324
2026-08-29T03:36:20.481Z,9660.186,500,1.589919000864029,4.610166000202298,5.157756000757217,96.23517499864101,50,6.775064999237657,8.577262999489903,10.101541999727488,10.101541999727488
2026-08-29T03:36:30.481Z,9670.186,500,1.5739689990878105,4.569326000288129,5.320116000249982,85.6547740008682,50,7.0725150015205145,8.831042999401689,9.890961999073625,9.890961999073625
2026-08-29T03:36:40.480Z,9680.186,500,1.5748179983347654,4.564775999635458,5.578794999048114,92.8989080004394,50,6.8872239999473095,8.883542999625206,9.858761999756098,9.858761999756098
2026-08-29T03:36:50.480Z,9690.187,500,1.5410789996385574,4.6075360011309385,5.107746001332998,33.51509400084615,50,6.734304001554847,9.84765300154686,9.967242000624537,9.967242000624537
2026-08-29T03:37:00.480Z,9700.187,500,1.5435990002006292,4.558125998824835,6.276425000280142,98.43201399967074,50,6.782813999801874,8.819803001359105,9.791662000119686,9.791662000119686
2026-08-29T03:37:10.482Z,9710.188,500,1.550187999382615,4.572196001186967,5.155716000124812,8.439463000744581,50,6.8845750000327826,9.034923000261188,17.224457001313567,17.224457001313567
2026-08-29T03:37:20.483Z,9720.188,500,1.6278080008924007,4.690156001597643,5.257945999503136,88.89323100075126,50,6.734535001218319,9.772823000326753,10.376271998509765,10.376271998509765
2026-08-29T03:37:30.482Z,9730.188,500,1.5311690010130405,4.548386000096798,5.204635998234153,91.40203000046313,50,6.8046749997884035,9.7929219994694,9.986383000388741,9.986383000388741
2026-08-29T03:37:40.483Z,9740.188,500,1.615048998966813,4.773795999586582,5.26532599888742,8.821853000670671,50,7.004064999520779,8.541863000020385,9.835511999204755,9.835511999204755
2026-08-29T03:37:50.482Z,9750.188,500,1.567959001287818,4.582956999540329,5.031306000426412,8.137674000114202,50,6.863544998690486,9.912561999633908,9.955691998824477,9.955691998824477
2026-08-29T03:38:00.482Z,9760.189,500,1.5348990000784397,4.55731699988246,5.16890599951148,8.954733001068234,50,6.829295000061393,8.749032998457551,9.547631999477744,9.547631999477744
2026-08-29T03:38:10.484Z,9770.189,500,1.6794790010899305,4.68503599986434,5.053406000137329,8.577444000169635,50,6.919405000284314,8.682143000885844,9.330513000488281,9.330513000488281
2026-08-29T03:38:20.484Z,9780.189,500,1.6183390002697706,4.640585999935865,5.2195959985256195,69.59865600056946,50,6.961975000798702,8.826314000412822,17.150197001174092,17.150197001174092
2026-08-29T03:38:30.482Z,9790.189,500,1.5506979990750551,4.620637001469731,5.113926000893116,101.61723100021482,50,6.8483149986714125,8.346483999863267,8.879142999649048,8.879142999649048
2026-08-29T03:38:40.483Z,9800.19,500,1.5633279997855425,4.580157000571489,4.908355999737978,6.916753999888897,50,6.796714000403881,8.27450299821794,9.11960299871862,9.11960299871862
2026-08-29T03:38:50.484Z,9810.189,500,1.5499790012836456,4.630086001008749,5.21390600129962,103.66612000018358,50,6.7986450009047985,8.96747300028801,9.993142999708652,9.993142999708652
2026-08-29T03:39:00.482Z,9820.189,500,1.5717680007219315,4.577015999704599,4.8589970003813505,7.439744999632239,50,6.936085000634193,9.116743000224233,10.142231998965144,10.142231998965144
2026-08-29T03:39:10.482Z,9830.189,500,1.5810390003025532,4.586926000192761,5.267435999587178,88.21971200034022,50,6.97758499905467,8.768642999231815,9.04212300106883,9.04212300106883
2026-08-29T03:39:20.484Z,9840.19,500,1.5818889997899532,4.587625999003649,5.256666000932455,89.75761099904776,50,7.093605000525713,9.833083000034094,16.595946999266744,16.595946999266744
2026-08-29T03:39:30.484Z,9850.19,500,1.7145589999854565,4.818455999717116,5.1461660005152225,95.70733599923551,50,6.892943998798728,9.332613000646234,9.482132999226451,9.482132999226451
2026-08-29T03:39:40.483Z,9860.189,500,1.6523579992353916,4.633395999670029,5.1280860006809235,92.27066799998283,50,7.056105000898242,8.818044001236558,10.09498200006783,10.09498200006783
2026-08-29T03:39:50.484Z,9870.19,500,1.6149089988321066,4.639996999874711,5.718925999477506,94.74553599953651,50,6.891634998843074,9.203563001006842,10.220132000744343,10.220132000744343
2026-08-29T03:40:00.483Z,9880.189,500,1.5635589994490147,4.5311270002275705,4.99116599932313,101.66258099861443,50,6.997434999793768,9.333531999960542,9.959081999957561,9.959081999957561
2026-08-29T03:40:10.483Z,9890.189,500,1.5708080008625984,4.536795999854803,6.0746649987995625,78.6540190000087,50,6.790973998606205,9.01384299993515,16.777217000722885,16.777217000722885
2026-08-29T03:40:20.482Z,9900.189,500,1.5524989999830723,4.575396999716759,5.137406000867486,84.11819499917328,50,6.835374999791384,8.865813000127673,9.699521999806166,9.699521999806166
2026-08-29T03:40:30.483Z,9910.189,500,1.5833790004253387,4.5861370004713535,5.818696001544595,93.35986699908972,50,6.945594999939203,8.806703999638557,9.13753299973905,9.13753299973905
2026-08-29T03:40:40.482Z,9920.189,500,1.5610279999673367,4.557475998997688,5.204236000776291,90.77361899986863,50,6.950854999944568,8.717593001201749,9.07515300065279,9.07515300065279
2026-08-29T03:40:50.482Z,9930.189,500,1.5534080006182194,4.575867000967264,4.958796000108123,90.71166000142694,50,6.994854999706149,8.921763001009822,9.992042999714613,9.992042999714613
2026-08-29T03:41:00.483Z,9940.19,500,1.5736579988151789,4.60359700024128,5.244656000286341,38.50771000050008,50,6.888364000245929,8.9765629991889,10.026042999699712,10.026042999699712
2026-08-29T03:41:10.483Z,9950.19,500,1.5610790010541677,4.574947001412511,5.0814660005271435,92.38847899995744,50,7.035054000094533,9.808053001761436,16.693647000938654,16.693647000938654
2026-08-29T03:41:20.484Z,9960.19,500,1.5709090009331703,4.6059659998863935,5.538365000858903,39.86703999899328,50,6.776565000414848,8.851413000375032,9.407433001324534,9.407433001324534
2026-08-29T03:41:30.483Z,9970.19,500,1.5995380003005266,4.607656000182033,5.42883599922061,99.6308430004865,50,6.796573998406529,8.789982998743653,9.231482999399304,9.231482999399304
2026-08-29T03:41:40.485Z,9980.191,500,1.6114590000361204,4.637846000492573,5.556165998801589,95.59684599936008,50,7.043344000354409,8.819233000278473,9.180043000727892,9.180043000727892
2026-08-29T03:41:50.483Z,9990.19,500,1.6542089991271496,4.695976000279188,5.518815999850631,38.619489999487996,50,6.8765750005841255,9.173113001510501,9.234472999349236,9.234472999349236
2026-08-29T03:42:00.483Z,10000.19,500,1.6166290007531643,4.621076000854373,5.0821460001170635,54.92860700003803,50,6.834894001483917,8.990482999011874,9.120223000645638,9.120223000645638
2026-08-29T03:42:10.484Z,10010.191,500,1.6023990008980036,4.578255999833345,5.063865998759866,93.00965800136328,50,6.721674999222159,8.9434830006212,16.655687000602484,16.655687000602484
2026-08-29T03:42:20.485Z,10020.192,500,1.6113779991865158,4.608026999980211,5.893356001004577,36.72744199819863,50,6.860414000228047,8.955243000760674,16.580637000501156,16.580637000501156
2026-08-29T03:42:30.485Z,10030.191,500,1.5714379996061325,4.61493599973619,5.209106000140309,92.5850879997015,50,6.913504999130964,8.260613000020385,9.046083001419902,9.046083001419902
2026-08-29T03:42:40.486Z,10040.191,500,1.5751290004700422,4.569476999342442,5.4473460000008345,81.61835700087249,50,6.856003999710083,8.099992999807,9.076873000711203,9.076873000711203
2026-08-29T03:42:50.485Z,10050.191,500,1.5960390008985996,4.606225999072194,6.288204999640584,38.22280099987984,50,6.820803999900818,8.866574000567198,16.300138000398874,16.300138000398874
2026-08-29T03:43:00.486Z,10060.192,500,1.5786189995706081,4.554225999861956,5.588535999879241,92.83460799977183,50,6.7919450011104345,8.24464400112629,8.819563999772072,8.819563999772072
2026-08-29T03:43:10.485Z,10070.192,500,1.586549000814557,4.62941699847579,5.071076000109315,43.759506000205874,50,6.775085000321269,7.83840399980545,8.05019300058484,8.05019300058484
2026-08-29T03:43:20.487Z,10080.193,500,1.5525589995086193,4.529357001185417,5.602064998820424,38.23100999929011,50,6.9995450004935265,9.100302999839187,11.199961999431252,11.199961999431252
2026-08-29T03:43:30.487Z,10090.192,500,1.5986190009862185,4.580037001520395,5.1208760011941195,30.41491699963808,50,6.885754000395536,8.820242999121547,9.030712999403477,9.030712999403477
2026-08-29T03:43:40.486Z,10100.193,500,1.533228999003768,4.703146999701858,6.288375999778509,95.91929499991238,50,6.741864001378417,8.836014000698924,9.104993000626564,9.104993000626564
2026-08-29T03:43:50.487Z,10110.193,500,1.5812780000269413,4.587987000122666,5.185085998848081,38.04843099974096,50,6.947204999625683,8.758032999932766,16.64452699944377,16.64452699944377
2026-08-29T03:44:00.488Z,10120.193,500,1.6105779986828566,4.630915999412537,5.9749360010027885,37.94027099944651,50,7.095815001055598,9.014403000473976,16.26579700037837,16.26579700037837
2026-08-29T03:44:10.487Z,10130.193,500,1.5299890004098415,4.520485999062657,5.156446000561118,37.82873100042343,50,6.833043999969959,8.760173000395298,16.592507001012564,16.592507001012564
2026-08-29T03:44:20.486Z,10140.193,500,1.6087490003556013,4.633635999634862,5.065325999632478,37.05322100035846,50,6.871323999017477,8.763913000002503,9.422283001244068,9.422283001244068
2026-08-29T03:44:30.487Z,10150.194,500,1.5822889991104603,4.5580460000783205,4.983675999566913,38.008920000866055,50,6.841484000906348,8.781642999500036,9.114613000303507,9.114613000303507
2026-08-29T03:44:40.489Z,10160.194,500,1.5777390003204346,4.572836000472307,5.808575998991728,36.81328099966049,50,6.746005000546575,7.951794000342488,9.119612999260426,9.119612999260426
2026-08-29T03:44:50.486Z,10170.193,500,1.597469000145793,4.587955998256803,5.179766001179814,93.4680880010128,50,6.904265001416206,8.751513000577688,9.069901999086142,9.069901999086142
2026-08-29T03:45:00.488Z,10180.194,500,1.5861089993268251,4.616655999794602,5.743604999035597,37.95849100127816,50,6.848404999822378,8.734933000057936,9.106932999566197,9.106932999566197
2026-08-29T03:45:10.487Z,10190.193,500,1.5952790006995201,4.602956000715494,5.332465998828411,61.00579299964011,50,6.887875000014901,8.105653000995517,9.153482999652624,9.153482999652624
2026-08-29T03:45:20.486Z,10200.193,500,1.5829590000212193,4.665596000850201,7.527413999661803,98.5091329999268,50,6.730505000799894,8.649914000183344,9.1790030002594,9.1790030002594
2026-08-29T03:45:30.488Z,10210.193,500,1.5110790003091097,4.496037000790238,5.2435759995132685,37.75464099831879,50,6.725575000047684,7.966833999380469,8.914103001356125,8.914103001356125
2026-08-29T03:45:40.487Z,10220.194,500,1.5682190004736185,4.588136000558734,5.548205999657512,36.41669199988246,50,6.871744999662042,8.725852999836206,17.83012600056827,17.83012600056827
2026-08-29T03:45:50.486Z,10230.193,500,1.594099000096321,4.5910960007458925,5.384176000952721,91.58860900066793,50,6.7650850005447865,8.067433999851346,8.825504001230001,8.825504001230001
2026-08-29T03:46:00.487Z,10240.193,500,1.5415989998728037,4.524057000875473,5.797865999862552,103.02622999995947,50,6.795234000310302,8.840062998235226,8.911704000085592,8.911704000085592
2026-08-29T03:46:10.488Z,10250.193,500,1.5595589987933636,4.545467000454664,5.261606000363827,93.20772800035775,50,6.66482499986887,8.868692999705672,9.028432998806238,9.028432998806238
2026-08-29T03:46:20.488Z,10260.193,500,1.5618689991533756,4.555635999888182,5.157415999099612,36.639561999589205,50,6.822513999417424,8.783472999930382,9.094533000141382,9.094533000141382
2026-08-29T03:46:30.486Z,10270.193,500,1.608059000223875,4.736395999789238,5.31559600122273,37.73022999987006,50,6.897044001147151,8.264792999252677,9.156562998890877,9.156562998890877
2026-08-29T03:46:40.488Z,10280.193,500,1.5674289986491203,4.537395998835564,4.954776000231504,36.45759200118482,50,6.71853500045836,8.074503000825644,8.274853000417352,8.274853000417352
2026-08-29T03:46:50.488Z,10290.194,500,1.5672889985144138,4.564696000888944,5.602335000410676,92.21817899867892,50,6.77394500002265,8.036033999174833,8.958403998985887,8.958403998985887
2026-08-29T03:47:00.488Z,10300.194,500,1.6138390004634857,4.615566998720169,5.0614670012146235,95.54920599982142,50,6.767085000872612,8.451344000175595,8.884472999721766,8.884472999721766
2026-08-29T03:47:10.489Z,10310.194,500,1.5543189998716116,4.555177001282573,5.018484000116587,38.197763999924064,50,6.789521999657154,8.15960100106895,8.284819999709725,8.284819999709725
2026-08-29T03:47:20.487Z,10320.194,500,1.5471879988908768,4.582344999536872,5.318913001567125,37.995544001460075,50,6.770762000232935,8.215469999238849,8.273959999904037,8.273959999904037
2026-08-29T03:47:30.487Z,10330.194,500,1.5456889998167753,4.501845000311732,5.310394000262022,42.309958999976516,50,6.785221999511123,7.9707400016486645,17.48202900029719,17.48202900029719
2026-08-29T03:47:40.489Z,10340.194,500,1.5827079992741346,4.654984999448061,5.802572999149561,67.86020799912512,50,6.777791999280453,8.020069999620318,9.203158998861909,9.203158998861909
2026-08-29T03:47:50.489Z,10350.194,500,1.57319900020957,4.555774999782443,4.827964000403881,93.91769699938595,50,6.80549200065434,8.27701000124216,8.923558998852968,8.923558998852968
2026-08-29T03:48:00.487Z,10360.194,500,1.5671980008482933,4.55676499940455,5.915992999449372,55.78806200064719,50,6.748610999435186,8.441130001097918,8.979030000045896,8.979030000045896
2026-08-29T03:48:10.488Z,10370.195,500,1.6481079999357462,4.682275000959635,5.002194000408053,93.96088699996471,50,6.760072000324726,8.105529999360442,8.347400000318885,8.347400000318885
2026-08-29T03:48:20.489Z,10380.194,500,1.6104579996317625,4.603354999795556,5.149194000288844,43.191107999533415,50,6.510622000321746,8.049330001696944,9.071109000593424,9.071109000593424
2026-08-29T03:48:30.487Z,10390.194,500,1.6491379998624325,4.634305000305176,5.120634000748396,91.47678899951279,50,6.738832000643015,8.167290000244975,9.18108799867332,9.18108799867332
2026-08-29T03:48:40.489Z,10400.194,500,1.5722779985517263,4.598105000331998,5.363922998309135,36.41424600034952,50,6.7018120009452105,7.917469998821616,8.83708900026977,8.83708900026977
2026-08-29T03:48:50.488Z,10410.194,500,1.6597780007869005,4.694914000108838,5.356793999671936,99.62985999882221,50,6.8164019994437695,8.11115999892354,8.899090001359582,8.899090001359582
2026-08-29T03:49:00.488Z,10420.195,500,1.6236080005764961,4.604543998837471,4.943163998425007,36.62120599858463,50,6.826191999018192,8.000711001455784,9.232549000531435,9.232549000531435
2026-08-29T03:49:10.488Z,10430.195,500,1.6493480000644922,4.642325000837445,5.621073000133038,68.13768799975514,50,6.720181999728084,8.989579001441598,16.59542000107467,16.59542000107467
2026-08-29T03:49:20.488Z,10440.195,500,1.628957999870181,4.634825000539422,5.463493000715971,90.39313100092113,50,6.895512001588941,8.178979998454452,8.225679999217391,8.225679999217391
2026-08-29T03:49:30.490Z,10450.195,500,1.5853189993649721,4.6642450001090765,6.2141430005431175,92.56428899988532,50,6.816501999273896,8.179800000041723,8.915819000452757,8.915819000452757
2026-08-29T03:49:40.488Z,10460.195,500,1.603277999907732,4.601983999833465,6.427252000197768,100.46670899912715,50,6.137341998517513,8.29467000067234,9.012999000027776,9.012999000027776
2026-08-29T03:49:50.489Z,10470.196,500,1.6082979999482632,4.674034001305699,5.226593000814319,41.742490001022816,50,6.730941999703646,7.898240000009537,8.062259998172522,8.062259998172522
2026-08-29T03:50:00.491Z,10480.196,500,1.5403080005198717,4.536914998665452,5.006853999570012,92.58420799858868,50,6.368691999465227,7.947000000625849,9.180478999391198,9.180478999391198
2026-08-29T03:50:10.491Z,10490.196,500,1.6089280005544424,4.603864999487996,5.382634000852704,67.74768899939954,50,6.767032001167536,7.847640000283718,8.788540000095963,8.788540000095963
2026-08-29T03:50:20.490Z,10500.197,500,1.6060579996556044,4.645204000174999,5.399133000522852,92.42028899863362,50,6.75828200019896,8.294390000402927,10.266248000785708,10.266248000785708
2026-08-29T03:50:30.491Z,10510.198,500,1.5847779996693134,4.562644999474287,4.977194000035524,92.40474900044501,50,6.753612000495195,8.025460999459028,8.234060000628233,8.234060000628233
2026-08-29T03:50:40.491Z,10520.198,500,1.6417279988527298,4.649694999679923,5.280353000387549,92.47294900007546,50,6.745852001011372,7.896170999854803,8.421900000423193,8.421900000423193
2026-08-29T03:50:50.492Z,10530.198,500,1.5791579987853765,4.603074001148343,5.265254000201821,91.19503999873996,50,6.783100999891758,7.936269998550415,8.059960998594761,8.059960998594761
2026-08-29T03:51:00.493Z,10540.199,500,1.5819279998540878,4.612014999613166,5.256973998621106,92.67754800058901,50,6.728761998936534,8.10730000026524,8.398289998993278,8.398289998993278
2026-08-29T03:51:10.493Z,10550.199,500,1.5449580010026693,4.522943999618292,4.80409400165081,92.9754179995507,50,6.751582000404596,8.031261000782251,8.165439998731017,8.165439998731017
2026-08-29T03:51:20.492Z,10560.199,500,1.5630580000579357,4.622655000537634,5.440224001184106,90.62032099999487,50,6.7473120000213385,7.93159999884665,8.664760001003742,8.664760001003742
2026-08-29T03:51:30.492Z,10570.199,500,1.5907380003482103,4.587153999134898,5.1680740006268024,93.02732799947262,50,6.81500199995935,8.131850000470877,9.261349000036716,9.261349000036716
2026-08-29T03:51:40.494Z,10580.199,500,1.5724979992955923,4.558565000072122,5.170443998649716,93.43281700089574,50,6.8375120013952255,8.398620000109076,9.136899000033736,9.136899000033736
2026-08-29T03:51:50.493Z,10590.2,500,1.599387999624014,4.606804000213742,5.392193000763655,93.00401799939573,50,6.75577099993825,8.065410001203418,8.97741900011897,8.97741900011897
2026-08-29T03:52:00.495Z,10600.201,500,1.6106679998338223,4.557735001668334,5.239713000133634,101.60285799950361,50,6.912681000307202,8.065449999645352,9.906447999179363,9.906447999179363
2026-08-29T03:52:10.496Z,10610.201,500,1.6352180000394583,4.6113150008022785,5.0424639992415905,57.21534099988639,50,6.799552001059055,8.251769999042153,8.92467899993062,8.92467899993062
2026-08-29T03:52:20.494Z,10620.201,500,1.581658000126481,4.578785000368953,4.952563999220729,56.97603200003505,50,6.687171999365091,8.857008999213576,9.098609000444412,9.098609000444412
2026-08-29T03:52:30.495Z,10630.201,500,1.63620800152421,4.610665000975132,5.72609299980104,59.23719900101423,50,6.910970998927951,8.954429000616074,9.039928998798132,9.039928998798132
2026-08-29T03:52:40.494Z,10640.201,501,1.60215799883008,4.688934998586774,5.7554130014032125,83.45163000002503,50,6.7793010007590055,7.971150999888778,9.025378998368979,9.025378998368979
2026-08-29T03:52:50.496Z,10650.201,499,1.6242580004036427,4.587014999240637,5.401783000677824,76.24400800094008,50,6.947131998836994,9.054268999025226,9.674668001011014,9.674668001011014
2026-08-29T03:53:00.494Z,10660.201,501,1.6477780006825924,4.638815000653267,5.214382998645306,22.22895300015807,50,6.78320199996233,9.062628999352455,9.325247999280691,9.325247999280691
2026-08-29T03:53:10.496Z,10670.201,500,1.5789379999041557,4.58793400041759,5.3175829984247684,86.13632700033486,50,6.7493420001119375,8.143699999898672,9.21845900081098,9.21845900081098
2026-08-29T03:53:20.496Z,10680.202,500,1.6159579996019602,4.589073998853564,4.853873999789357,56.062892001122236,50,6.750981999561191,8.096650000661612,8.932719999924302,8.932719999924302
2026-08-29T03:53:30.496Z,10690.201,499,1.5785980001091957,4.529154999181628,7.081002000719309,85.57178599946201,50,6.750612000003457,9.044699000194669,9.245469000190496,9.245469000190496
2026-08-29T03:53:40.495Z,10700.201,501,1.528947999700904,4.497944999486208,4.6568040009588,9.209538999944925,50,6.812681000679731,7.977090999484062,8.777610000222921,8.777610000222921
2026-08-29T03:53:50.495Z,10710.201,500,1.5331980008631945,4.497063999995589,5.326913999393582,8.011700000613928,50,6.733202001079917,8.046721000224352,8.467729000374675,8.467729000374675
2026-08-29T03:54:00.494Z,10720.201,500,1.562397999688983,4.544584000483155,5.678852999582887,89.13741300068796,50,6.825461000204086,8.858568999916315,8.928758999332786,8.928758999332786
2026-08-29T03:54:10.495Z,10730.201,499,1.5876080002635717,4.545194000005722,6.256911998614669,25.356078999117017,50,6.72851200029254,8.553698999807239,9.04911900125444,9.04911900125444
2026-08-29T03:54:20.494Z,10740.201,500,1.6166880000382662,4.616225000470877,5.5158929992467165,10.424188001081347,50,6.792532000690699,8.845419000834227,9.05663999915123,9.05663999915123
2026-08-29T03:54:30.496Z,10750.202,501,1.6317779999226332,4.5846250001341105,4.9639739990234375,39.28759299963713,50,6.770920999348164,8.173820000141859,9.217589000239968,9.217589000239968
2026-08-29T03:54:40.495Z,10760.201,500,1.5919179990887642,4.601834001019597,5.587603000923991,77.46429700031877,50,6.801721001043916,8.181640999391675,8.925529001280665,8.925529001280665
2026-08-29T03:54:50.496Z,10770.201,499,1.5297680012881756,4.519655000418425,4.8960649985820055,5.935081999748945,50,6.818221999332309,8.812008999288082,8.978058999404311,8.978058999404311
2026-08-29T03:55:00.495Z,10780.201,500,1.586548000574112,4.647523999214172,5.269674001261592,82.265401000157,50,6.685362000018358,8.906408999115229,12.14151499979198,12.14151499979198
2026-08-29T03:55:10.495Z,10790.202,501,1.5419880002737045,4.536444999277592,5.126264000311494,84.98925799876451,50,6.824870999902487,8.136141000315547,8.802500000223517,8.802500000223517
2026-08-29T03:55:20.496Z,10800.202,500,1.598778000101447,4.6353639997541904,5.266954001039267,9.760387999936938,50,6.471222000196576,7.844871001318097,8.130459999665618,8.130459999665618
2026-08-29T03:55:30.496Z,10810.202,500,1.5828480012714863,4.592954998835921,5.475713001564145,7.274791000410914,50,7.004112001508474,8.871528999879956,9.063938999548554,9.063938999548554
2026-08-29T03:55:40.497Z,10820.202,500,1.5399479996412992,4.5152550004422665,5.040754001587629,6.469232000410557,50,6.7861119993031025,8.852390000596642,9.28566899895668,9.28566899895668
2026-08-29T03:55:50.498Z,10830.203,500,1.5542380008846521,4.757344000041485,5.557143000885844,7.196541000157595,50,6.795102000236511,7.9885409995913506,8.808578999713063,8.808578999713063
2026-08-29T03:56:00.498Z,10840.203,500,1.5621880013495684,4.554315000772476,5.247514000162482,82.45758100040257,50,7.060570999979973,9.036929000169039,9.085078999400139,9.085078999400139
2026-08-29T03:56:10.496Z,10850.203,500,1.5660989992320538,4.5869940016418695,5.6495030000805855,10.408358000218868,50,6.815182000398636,8.818699000403285,8.917220000177622,8.917220000177622
2026-08-29T03:56:20.498Z,10860.203,500,1.5849980004131794,4.58538500033319,5.1970239989459515,7.967281000688672,50,6.793910998851061,8.810318998992443,9.333517998456955,9.333517998456955
2026-08-29T03:56:30.496Z,10870.203,500,1.6179879996925592,4.563893999904394,5.219224000349641,78.28531600162387,50,6.885570999234915,9.12193899974227,17.231480000540614,17.231480000540614
2026-08-29T03:56:40.497Z,10880.203,500,1.5397089999169111,4.540154999122024,5.085834000259638,7.478581000119448,50,6.798121999949217,8.050850000232458,8.909830000251532,8.909830000251532
2026-08-29T03:56:50.498Z,10890.204,500,1.5583880003541708,4.525605000555515,5.363552998751402,7.472831001505256,50,6.812721000984311,8.988939000293612,15.624821001663804,15.624821001663804
2026-08-29T03:57:00.498Z,10900.204,500,1.5487780012190342,4.487123999744654,5.148284001275897,79.23794499970973,50,6.7689919993281364,8.941769000142813,10.259858001023531,10.259858001023531
2026-08-29T03:57:10.499Z,10910.205,500,1.5665179993957281,4.581205001100898,5.365253999829292,87.34718500077724,50,6.89194200001657,9.002458998933434,9.17501899972558,9.17501899972558
2026-08-29T03:57:20.499Z,10920.205,500,1.7024579998105764,4.726164000108838,5.360553000122309,8.642500000074506,50,6.910091999918222,9.03426899947226,17.211399000138044,17.211399000138044
2026-08-29T03:57:30.499Z,10930.204,500,1.5827479995787144,4.6058639995753765,5.282324001193047,87.2954450007528,50,6.858511999249458,9.066178999841213,10.054248001426458,10.054248001426458
2026-08-29T03:57:40.499Z,10940.204,500,1.5643879994750023,4.634035000577569,5.108683999627829,90.59229099936783,50,7.031091999262571,9.299138998612761,10.011148000136018,10.011148000136018
2026-08-29T03:57:50.497Z,10950.204,500,1.5452580004930496,4.538284000009298,5.135803999379277,83.32451899908483,50,6.824742000550032,9.151309000328183,9.947828000411391,9.947828000411391
2026-08-29T03:58:00.499Z,10960.204,500,1.670787999406457,4.6567550003528595,5.252213999629021,79.09523499943316,50,6.963661000132561,9.142479000613093,9.930788999423385,9.930788999423385
2026-08-29T03:58:10.498Z,10970.204,500,1.6098779998719692,4.636514000594616,5.1041139997541904,57.39213000051677,50,6.998100999742746,9.087828999385238,10.04564799927175,10.04564799927175
2026-08-29T03:58:20.499Z,10980.204,500,1.5929979998618364,4.584654999896884,4.98233399912715,7.62946099974215,50,6.774722000584006,8.998619001358747,16.86081000044942,16.86081000044942
2026-08-29T03:58:30.497Z,10990.204,500,1.55451799929142,4.541574999690056,5.290683001279831,78.5571060013026,50,7.017641000449657,8.869659001007676,9.332939000800252,9.332939000800252
2026-08-29T03:58:40.498Z,11000.204,500,1.5669780001044273,4.580474000424147,5.426382999867201,51.89526700042188,50,6.793452000245452,9.21225900016725,10.146457999944687,10.146457999944687
2026-08-29T03:58:50.497Z,11010.204,500,1.6028580013662577,4.591864999383688,5.111793998628855,10.496446998789907,50,6.872871000319719,9.677378000691533,10.129808001220226,10.129808001220226
2026-08-29T03:59:00.499Z,11020.204,500,1.5512879993766546,4.550225000828505,4.928253998979926,11.139627000316978,50,6.861292000859976,9.047188999131322,9.942477999255061,9.942477999255061
2026-08-29T03:59:10.497Z,11030.204,500,1.6252079997211695,4.664893999695778,5.067902998998761,83.57378900051117,50,6.973571998998523,8.897188998758793,9.881218999624252,9.881218999624252
2026-08-29T03:59:20.498Z,11040.204,500,1.5630379989743233,4.6278440002352,4.98433400131762,8.402569999918342,50,7.024971000850201,8.93359899893403,17.353589000180364,17.353589000180364
2026-08-29T03:59:30.499Z,11050.205,500,1.5415379982441664,4.560355000197887,5.147544000297785,87.71835399977863,50,7.556820999830961,9.854377999901772,16.699839999899268,16.699839999899268
2026-08-29T03:59:40.499Z,11060.204,500,1.5541590005159378,4.561075000092387,5.2608739994466305,9.879587998613715,50,6.861261000856757,9.147228999063373,10.12907800078392,10.12907800078392
2026-08-29T03:59:50.498Z,11070.205,500,1.6398579999804497,4.629865000024438,5.58245300129056,82.51516100019217,50,7.339920999482274,8.878600001335144,9.118098998442292,9.118098998442292
2026-08-29T04:00:00.497Z,11080.204,500,1.5176689997315407,4.523784000426531,5.166244000196457,79.26415400020778,50,6.986592000350356,8.892899999395013,12.258135000243783,12.258135000243783
2026-08-29T04:00:10.498Z,11090.204,500,1.5460279993712902,4.577564999461174,6.1085729990154505,86.33342600055039,50,6.906790999695659,9.07103999890387,9.385398000478745,9.385398000478745
2026-08-29T04:00:20.497Z,11100.204,500,1.5370379984378815,4.587184000760317,5.138602999970317,84.12323799915612,50,6.875841999426484,9.91142800077796,10.205868000164628,10.205868000164628
2026-08-29T04:00:30.498Z,11110.205,500,1.5511480011045933,4.543374998494983,4.891124000772834,8.177880000323057,50,7.30282099917531,9.933607999235392,10.133607998490334,10.133607998490334
2026-08-29T04:00:40.499Z,11120.206,500,1.5099080000072718,4.521415000781417,5.023574000224471,87.65392399951816,50,6.983331000432372,8.95065899938345,10.06856800056994,10.06856800056994
2026-08-29T04:00:50.500Z,11130.205,500,1.5695580001920462,4.553883999586105,5.212953999638557,78.63291499949992,50,7.134361999109387,9.001179000362754,10.072447998449206,10.072447998449206
2026-08-29T04:01:00.500Z,11140.205,500,1.5498079992830753,4.5582839995622635,5.371214000508189,89.36482300050557,50,7.096490999683738,8.890558999031782,9.943278001621366,9.943278001621366
2026-08-29T04:01:10.498Z,11150.205,500,1.5519979987293482,4.559833999723196,5.199063999578357,8.446570001542568,50,7.112780999392271,9.05511900037527,9.089108999818563,9.089108999818563
2026-08-29T04:01:20.499Z,11160.206,500,1.5843679998070002,4.633974000811577,5.302473001182079,11.189875999465585,50,6.788311999291182,9.09051899984479,9.363177999854088,9.363177999854088
2026-08-29T04:01:30.498Z,11170.205,500,1.6070180013775826,4.639035001397133,5.390403999015689,78.71204500086606,50,6.982201999053359,9.857528999447823,16.98837999999523,16.98837999999523
2026-08-29T04:01:40.499Z,11180.205,500,1.596137998625636,4.573634998872876,5.318902999162674,79.53215399943292,50,7.65251100063324,9.174058999866247,9.485929001122713,9.485929001122713
2026-08-29T04:01:50.499Z,11190.205,500,1.6511779986321926,4.602394999936223,5.124773999676108,79.5293140001595,50,6.984841000288725,8.934969000518322,9.093058999627829,9.093058999627829
2026-08-29T04:02:00.500Z,11200.205,500,1.565667999908328,4.585614999756217,5.394952999427915,8.618220001459122,50,7.497911000624299,9.101548999547958,10.100007001310587,10.100007001310587
2026-08-29T04:02:10.500Z,11210.206,500,1.5664080008864403,4.588704999536276,6.417703000828624,87.7532439995557,50,7.019171999767423,9.914927998557687,10.288746999576688,10.288746999576688
2026-08-29T04:02:20.499Z,11220.206,500,1.6067980006337166,4.652364000678062,5.288723999634385,60.258198000490665,50,7.165451999753714,9.096998998895288,9.176578998565674,9.176578998565674
2026-08-29T04:02:30.499Z,11230.205,500,1.57816799916327,4.563603999093175,4.976843999698758,11.346866000443697,50,6.945791000500321,8.909799000248313,9.84909800067544,9.84909800067544
2026-08-29T04:02:40.498Z,11240.205,500,1.5682980008423328,4.571883998811245,5.249263999983668,79.7044939994812,50,7.305100999772549,9.002568999305367,9.895147999748588,9.895147999748588
2026-08-29T04:02:50.498Z,11250.205,500,1.5983579996973276,4.577754998579621,5.333243999630213,9.375228999182582,50,7.266021000221372,8.93117900006473,9.990047998726368,9.990047998726368
2026-08-29T04:03:00.498Z,11260.205,500,1.5526379998773336,4.5613550003618,5.328754000365734,87.6041340008378,50,7.6736700013279915,8.818198999390006,9.885598000138998,9.885598000138998
2026-08-29T04:03:10.498Z,11270.205,500,1.5619979985058308,4.574963999912143,5.211403999477625,7.535741001367569,50,7.249261001124978,9.852988999336958,10.9359669983387,10.9359669983387
2026-08-29T04:03:20.499Z,11280.205,500,1.5492080003023148,4.578534999862313,5.319054000079632,89.43459199927747,50,7.25552099943161,9.28358899988234,10.200767999514937,10.200767999514937
2026-08-29T04:03:30.499Z,11290.206,500,1.5594190005213022,4.5683540012687445,5.125244000926614,7.7705210000276566,50,7.639070000499487,8.947329001501203,9.790958000347018,9.790958000347018
2026-08-29T04:03:40.498Z,11300.205,500,1.569997999817133,4.624673999845982,5.247863998636603,79.33579399995506,50,7.654911000281572,9.067989999428391,10.090768000110984,10.090768000110984
2026-08-29T04:03:50.499Z,11310.205,500,1.5304379984736443,4.569195000454783,4.854043999686837,5.406922999769449,50,7.547421000897884,9.146499000489712,9.154688999056816,9.154688999056816
2026-08-29T04:04:00.500Z,11320.206,500,1.6468979995697737,4.680165000259876,5.187944000586867,11.51430599950254,50,7.006131999194622,9.087749000638723,9.83448800072074,9.83448800072074
2026-08-29T04:04:10.500Z,11330.205,500,1.5109480004757643,4.563195001333952,5.105093998834491,10.106297999620438,50,7.683729998767376,8.87601999938488,9.759597999975085,9.759597999975085
2026-08-29T04:04:20.500Z,11340.205,500,1.5612380001693964,4.561073999851942,4.877983998507261,6.3240619990974665,50,7.6525609996169806,9.32943900115788,9.933528000488877,9.933528000488877
2026-08-29T04:04:30.498Z,11350.205,500,1.5317579992115498,4.527465000748634,4.696604000404477,10.628087000921369,50,7.652311000972986,8.904668999835849,9.30289899930358,9.30289899930358
2026-08-29T04:04:40.500Z,11360.205,500,1.5522779989987612,4.578663999214768,5.6264730002731085,77.94071600027382,50,7.432690998539329,8.860820000991225,9.660187998786569,9.660187998786569
2026-08-29T04:04:50.499Z,11370.205,500,1.5514679998159409,4.568673999980092,5.674533000215888,53.64362500049174,50,7.691540999338031,9.159618999809027,10.059126999229193,10.059126999229193
2026-08-29T04:05:00.500Z,11380.205,500,1.5941969994455576,4.562123998999596,5.139063000679016,60.66707699932158,50,7.665701000019908,8.923938998952508,9.34247900173068,9.34247900173068
2026-08-29T04:05:10.499Z,11390.205,500,1.5420979987829924,4.54776499979198,5.202583000063896,9.108159000054002,50,7.255811000242829,9.845278000459075,10.101587999612093,10.101587999612093
2026-08-29T04:05:20.500Z,11400.205,500,1.5909879989922047,4.629943998530507,5.17794300056994,77.7134860008955,50,7.618181001394987,10.093868000432849,17.498908998444676,17.498908998444676
2026-08-29T04:05:30.498Z,11410.205,500,1.5742380004376173,4.540333999320865,5.24728399887681,79.43806399963796,50,7.262360999360681,9.869648000225425,9.914898000657558,9.914898000657558
2026-08-29T04:05:40.500Z,11420.205,500,1.5091089997440577,4.485275000333786,4.925804000347853,7.697120999917388,50,7.621161000803113,9.081468999385834,9.264228001236916,9.264228001236916
2026-08-29T04:05:50.500Z,11430.205,500,1.5993579998612404,4.602575000375509,5.366404000669718,82.16427100077271,50,7.335150999948382,9.32999899983406,10.048018001019955,10.048018001019955
2026-08-29T04:06:00.500Z,11440.205,500,1.5554489996284246,4.540853999555111,5.8607729990035295,83.17402999848127,50,7.129001000896096,9.901217998936772,10.28451699949801,10.28451699949801
2026-08-29T04:06:10.499Z,11450.206,500,1.6109980009496212,4.644793998450041,5.342553000897169,96.7175929993391,50,7.131811000406742,9.123219000175595,10.011316999793053,10.011316999793053
2026-08-29T04:06:20.500Z,11460.205,500,1.5372379999607801,4.536235000938177,5.266363998875022,82.67844100110233,50,7.075722001492977,8.891959000378847,9.259658999741077,9.259658999741077
2026-08-29T04:06:30.500Z,11470.205,500,1.5949079990386963,4.588584000244737,5.235393999144435,93.38651799969375,50,7.39551099948585,8.974828999489546,9.881418000906706,9.881418000906706
2026-08-29T04:06:40.499Z,11480.206,500,1.5769379995763302,4.558554999530315,5.168464001268148,80.83940300159156,50,7.47376099973917,10.005477000027895,10.201077999547124,10.201077999547124
2026-08-29T04:06:50.498Z,11490.205,500,1.507778000086546,4.49494499899447,5.156093999743462,11.129277000203729,50,7.2073410004377365,8.790838999673724,9.130958998575807,9.130958998575807
2026-08-29T04:07:00.499Z,11500.206,500,1.5520789995789528,4.569244999438524,5.630844000726938,90.77229100093246,50,7.746670998632908,9.098439000546932,16.7651289999485,16.7651289999485
2026-08-29T04:07:10.498Z,11510.205,500,1.5558479987084866,4.590584000572562,5.3567040003836155,72.95381199941039,50,7.64843999966979,8.94976899959147,9.935917001217604,9.935917001217604
2026-08-29T04:07:20.499Z,11520.206,500,1.593767998740077,4.608823999762535,5.445064000785351,86.32275599986315,50,7.142911000177264,9.284969000145793,10.226657999679446,10.226657999679446
2026-08-29T04:07:30.499Z,11530.206,500,1.6163580007851124,4.627425000071526,4.994953999295831,87.97977400012314,50,7.170171000063419,9.068169001489878,10.231797000393271,10.231797000393271
2026-08-29T04:07:40.499Z,11540.206,500,1.6052279993891716,4.547954998910427,5.006163999438286,7.352801000699401,50,7.221651000902057,8.83521900139749,9.281597999855876,9.281597999855876
2026-08-29T04:07:50.500Z,11550.206,500,1.59994800016284,4.618994999676943,5.1805329993367195,79.70545399934053,50,7.3842009995132685,9.189679000526667,9.447668999433517,9.447668999433517
2026-08-29T04:08:00.501Z,11560.207,500,1.7053379993885756,4.846824001520872,5.56844300031662,82.68939100019634,50,7.540891001001,8.939419001340866,9.799887999892235,9.799887999892235
2026-08-29T04:08:10.501Z,11570.207,500,1.546347999945283,4.516524998471141,5.172474000602961,79.34281500056386,50,7.1220919992774725,8.91626900061965,9.891777999699116,9.891777999699116
2026-08-29T04:08:20.500Z,11580.207,500,1.6213290002197027,4.609494000673294,5.616243001073599,78.59471599943936,50,7.4639909993857145,9.93082799948752,17.269770000129938,17.269770000129938
2026-08-29T04:08:30.502Z,11590.207,500,1.561837999150157,4.553703999146819,5.226344000548124,90.59267099946737,50,7.367740999907255,9.087348999455571,9.915168000385165,9.915168000385165
2026-08-29T04:08:40.500Z,11600.207,500,1.5995179992169142,4.598345000296831,5.800792999565601,87.51423500105739,50,7.744100999087095,9.09595900028944,10.153467999771237,10.153467999771237
2026-08-29T04:08:50.500Z,11610.207,500,1.641067000105977,4.6329940017312765,5.029203999787569,82.11029099859297,50,7.123242000117898,9.094598999246955,9.943757999688387,9.943757999688387
2026-08-29T04:09:00.502Z,11620.208,500,1.653057999908924,4.61158499866724,4.9706139992922544,7.199080999940634,50,7.169521000236273,9.098709000274539,9.182928999885917,9.182928999885917
2026-08-29T04:09:10.500Z,11630.207,500,1.5650579985231161,4.532625000923872,4.86914400011301,7.695921000093222,50,7.008720999583602,8.900128999724984,9.047909000888467,9.047909000888467
2026-08-29T04:09:20.502Z,11640.208,500,1.5876779984682798,4.590295000001788,4.901903999969363,6.75900200009346,50,7.0405020006001,9.412578999996185,10.170948000624776,10.170948000624776
2026-08-29T04:09:30.501Z,11650.208,500,1.582387998700142,4.599665001034737,5.8873930014669895,79.3984149992466,50,7.414590999484062,9.481158001348376,10.214908000081778,10.214908000081778
2026-08-29T04:09:40.500Z,11660.207,500,1.5750879999250174,4.564234001561999,5.1414740011096,79.78603300079703,50,7.170321000739932,9.216819001361728,9.945237999781966,9.945237999781966
2026-08-29T04:09:50.501Z,11670.207,500,1.578277999535203,4.566165000200272,5.515633000060916,81.7333820015192,50,7.653789998963475,9.254049001261592,10.203307000920177,10.203307000920177
2026-08-29T04:10:00.501Z,11680.208,500,1.5654180012643337,4.519305000081658,4.76163399964571,87.95190399885178,50,7.184752000495791,9.031189000234008,9.275668999180198,9.275668999180198
2026-08-29T04:10:10.502Z,11690.209,500,1.652378998696804,4.657623998820782,5.197154000401497,82.18091099895537,50,7.097671000286937,9.162619000300765,9.278549000620842,9.278549000620842
2026-08-29T04:10:20.502Z,11700.209,500,1.531538000330329,4.5159350000321865,5.289982998743653,85.19771800003946,50,7.779190000146627,9.037510000169277,9.495308998972178,9.495308998972178
2026-08-29T04:10:30.502Z,11710.209,500,1.6475879997015,4.727884000167251,5.577082999050617,79.48745400086045,50,7.204431999474764,9.019109001383185,9.208528999239206,9.208528999239206
2026-08-29T04:10:40.501Z,11720.208,500,1.5847680009901524,4.601715000346303,5.275613998994231,77.66050699912012,50,7.50386100076139,9.150789000093937,10.049157999455929,10.049157999455929
2026-08-29T04:10:50.502Z,11730.208,500,1.5865479987114668,4.562934000045061,5.217774000018835,89.78903100080788,50,7.47346100024879,8.959099000319839,9.11242900043726,9.11242900043726
2026-08-29T04:11:00.503Z,11740.209,500,1.6085880007594824,4.617844000458717,5.635183000937104,81.22414200007915,50,7.233490999788046,9.07209900021553,10.130687000229955,10.130687000229955
2026-08-29T04:11:10.502Z,11750.209,500,1.6284180004149675,4.632783999666572,5.291542999446392,80.34032299928367,50,7.144270999357104,9.07188900001347,10.147536998614669,10.147536998614669
2026-08-29T04:11:20.503Z,11760.21,500,1.5800890009850264,4.571404000744224,5.405543999746442,90.03233100101352,50,7.8151700012385845,9.199668999761343,9.479868998751044,9.479868998751044
2026-08-29T04:11:30.504Z,11770.209,500,1.558127999305725,4.58916499838233,5.286214001476765,82.06672099977732,50,7.859381001442671,9.295107999816537,9.688027998432517,9.688027998432517
2026-08-29T04:11:40.503Z,11780.21,500,1.6004380006343126,4.573334001004696,5.356083000078797,91.3592099994421,50,7.4182010013610125,10.006298998370767,11.113306000828743,11.113306000828743
2026-08-29T04:11:50.504Z,11790.21,500,1.554459000006318,4.563574001193047,5.310953000560403,82.6483200006187,50,7.8377500008791685,10.033398000523448,11.066546000540257,11.066546000540257
2026-08-29T04:12:00.505Z,11800.21,500,1.584187999367714,4.635254001244903,5.405793000012636,81.12700200080872,50,7.415531998500228,9.946268001571298,9.95940800011158,9.95940800011158
2026-08-29T04:12:10.503Z,11810.21,500,1.5991780012845993,4.624263999983668,5.2536639999598265,84.61812799982727,50,7.2162310015410185,9.97710799984634,11.428105998784304,11.428105998784304
2026-08-29T04:12:20.503Z,11820.21,500,1.577538000419736,4.684715000912547,5.171772999688983,94.40186600014567,50,7.831740999594331,9.952377999201417,9.997557999566197,9.997557999566197
2026-08-29T04:12:30.504Z,11830.211,500,1.5604180004447699,4.534204998984933,4.973694000393152,10.814976999536157,50,7.847910000011325,10.080277999863029,11.263106999918818,11.263106999918818
2026-08-29T04:12:40.504Z,11840.211,500,1.5544779989868402,4.526823999360204,5.128973999992013,40.57229099981487,50,7.328811001032591,10.2397680003196,11.184506000950933,11.184506000950933
2026-08-29T04:12:50.506Z,11850.211,500,1.5669379997998476,4.529443999752402,5.48076300136745,72.91988200135529,50,7.810851000249386,10.464976999908686,11.2137460000813,11.2137460000813
2026-08-29T04:13:00.504Z,11860.211,500,1.5510290004312992,4.507674999535084,5.054174000397325,11.499746000394225,50,7.780900999903679,9.949918000027537,17.63200900144875,17.63200900144875
2026-08-29T04:13:10.505Z,11870.212,500,1.5817380007356405,4.573744999244809,5.554442999884486,83.71020899899304,50,7.845899999141693,9.465479001402855,11.052076000720263,11.052076000720263
2026-08-29T04:13:20.506Z,11880.211,500,1.5337079986929893,4.520185001194477,5.280764000490308,56.66555199958384,50,7.726400999352336,9.944978000596166,10.205776998773217,10.205776998773217
2026-08-29T04:13:30.504Z,11890.211,500,1.5498179998248816,4.586363999173045,5.26723400130868,7.31827099993825,50,7.740690000355244,10.819837000221014,11.262485999614,11.262485999614
2026-08-29T04:13:40.505Z,11900.212,500,1.532999001443386,4.556824998930097,5.363953998312354,79.65329399891198,50,7.7843709997832775,10.331036999821663,11.177426999434829,11.177426999434829
2026-08-29T04:13:50.505Z,11910.211,500,1.5311280004680157,4.52517499960959,5.24350400082767,80.83195200003684,50,7.8724999986588955,9.935138000175357,10.901037000119686,10.901037000119686
2026-08-29T04:14:00.504Z,11920.211,500,1.5444079991430044,4.631464000791311,5.461423000320792,81.00968199968338,50,7.784919999539852,10.208747999742627,10.92654599994421,10.92654599994421
2026-08-29T04:14:10.505Z,11930.211,500,1.6104680001735687,4.631004000082612,5.370932999998331,88.20891400054097,50,7.7432109992951155,10.13765799999237,10.634727001190186,10.634727001190186
2026-08-29T04:14:20.505Z,11940.212,500,1.5513579994440079,4.587034000083804,5.524912999942899,82.43632999993861,50,7.853171000257134,10.359437000006437,11.15986599959433,11.15986599959433
2026-08-29T04:14:30.506Z,11950.211,500,1.5890480000525713,4.621765000745654,5.113203998655081,87.18495500087738,50,7.308271000161767,11.130005998536944,11.3696060013026,11.3696060013026
2026-08-29T04:14:40.506Z,11960.211,500,1.533169001340866,4.545663999393582,5.190573999658227,93.058628000319,50,7.747361000627279,10.937615999951959,10.95804600045085,10.95804600045085
2026-08-29T04:14:50.504Z,11970.211,500,1.5337179992347956,4.546504000201821,5.366033000871539,81.88785099983215,50,7.925009999424219,10.9604770001024,11.341166000813246,11.341166000813246
2026-08-29T04:15:00.504Z,11980.211,500,1.6232980005443096,4.676304999738932,5.53201400116086,83.09532899968326,50,7.315911000594497,10.969526000320911,11.337855998426676,11.337855998426676
2026-08-29T04:15:10.506Z,11990.212,500,1.5643480010330677,4.580793999135494,5.404412999749184,91.5279589984566,50,7.211331000551581,10.165177000686526,11.149345999583602,11.149345999583602
2026-08-29T04:15:20.506Z,12000.211,500,1.5772479996085167,4.607984999194741,5.069914000108838,78.6503960005939,50,7.52908100001514,9.903967998921871,11.119717000052333,11.119717000052333
2026-08-29T04:15:30.506Z,12010.212,500,1.5721189994364977,4.590574998408556,5.102053999900818,86.11262699961662,50,8.282890001311898,11.126995999366045,11.972796000540257,11.972796000540257
2026-08-29T04:15:40.505Z,12020.212,500,1.5628180000931025,4.5915639996528625,5.496482999995351,92.68383800052106,50,7.728891000151634,11.390596000477672,12.066554998978972,12.066554998978972
2026-08-29T04:15:50.504Z,12030.211,500,1.5242079999297857,4.500515000894666,5.179272999987006,85.57235699892044,50,7.6737309992313385,11.075037000700831,12.061125000938773,12.061125000938773
2026-08-29T04:16:00.505Z,12040.211,500,1.5656690001487732,4.5537749994546175,5.792712999507785,93.76838699914515,50,8.121689999476075,11.942905999720097,12.08971499837935,12.08971499837935
2026-08-29T04:16:10.506Z,12050.211,500,1.5396090000867844,4.555304000154138,5.3161930013448,82.91528000123799,50,8.293730000033975,11.106037000194192,11.860376000404358,11.860376000404358
2026-08-29T04:16:20.507Z,12060.212,500,1.5326979998499155,4.521623998880386,5.285813000053167,98.18211100064218,50,7.915250999853015,11.052365999668837,12.083074999973178,12.083074999973178
2026-08-29T04:16:30.505Z,12070.212,500,1.5577080007642508,4.548464000225067,5.292703000828624,93.06063799932599,50,7.8858909998089075,10.197208000347018,10.666846999898553,10.666846999898553
2026-08-29T04:16:40.507Z,12080.212,500,1.6067379992455244,4.705653999000788,5.200154000893235,84.69741800054908,50,8.014131000265479,11.050107000395656,11.930845998227596,11.930845998227596
2026-08-29T04:16:50.506Z,12090.213,500,1.5639880001544952,4.626633999869227,5.225843999534845,83.80421900004148,50,8.591659998521209,11.015357000753284,11.287605999037623,11.287605999037623
2026-08-29T04:17:00.507Z,12100.212,500,1.4965179990977049,4.516485000029206,4.883964000269771,91.39842000044882,50,7.872689999639988,11.061146000400186,11.167747000232339,11.167747000232339
2026-08-29T04:17:10.507Z,12110.212,500,1.5419279988855124,4.66644399985671,5.490263000130653,90.0864209998399,50,7.710110999643803,10.98980699852109,11.72159600071609,11.72159600071609
2026-08-29T04:17:20.506Z,12120.213,500,1.5124690011143684,4.515605000779033,5.155553000047803,82.52064999938011,50,7.802311001345515,10.394138000905514,10.792086999863386,10.792086999863386
2026-08-29T04:17:30.508Z,12130.214,500,1.534868000075221,4.511003999039531,5.271154001355171,83.00558999925852,50,8.889979001134634,10.91992700099945,11.526205999776721,11.526205999776721
2026-08-29T04:17:40.507Z,12140.214,500,1.5183979999274015,4.489155000075698,5.037553999572992,83.63829899951816,50,9.104888999834657,10.766956999897957,10.88204700127244,10.88204700127244
2026-08-29T04:17:50.507Z,12150.214,500,1.5479479990899563,4.57052499987185,6.295273000374436,91.52274999953806,50,8.177540000528097,10.976746998727322,11.84736500121653,11.84736500121653
2026-08-29T04:18:00.505Z,12160.212,500,1.507497999817133,4.503264000639319,5.4141429997980595,8.025660000741482,50,8.664309000596404,10.98950600065291,11.930656000971794,11.930656000971794
2026-08-29T04:18:10.507Z,12170.214,500,1.5441680010408163,4.531853999942541,5.273603999987245,60.832797000184655,50,8.896208999678493,10.96909699961543,11.864866001531482,11.864866001531482
2026-08-29T04:18:20.506Z,12180.213,500,1.5592179987579584,4.58428500033915,5.4441029988229275,83.68259900063276,50,8.921279000118375,10.808907000347972,11.699785999953747,11.699785999953747
2026-08-29T04:18:30.508Z,12190.213,500,1.542977999895811,4.525834999978542,5.238804001361132,93.51814699918032,50,8.835229998454452,11.008266000077128,11.109606999903917,11.109606999903917
2026-08-29T04:18:40.508Z,12200.213,500,1.585428001359105,4.607804998755455,5.407172998413444,87.04276499897242,50,8.078090000897646,10.970246998593211,11.220946999266744,11.220946999266744
2026-08-29T04:18:50.507Z,12210.213,500,1.5741079989820719,4.634013999253511,5.21119299903512,82.08396099880338,50,9.115168999880552,11.142766999080777,11.25314699858427,11.25314699858427
2026-08-29T04:19:00.507Z,12220.214,500,1.575458001345396,4.572823999449611,5.409233000129461,84.73750800080597,50,9.033838998526335,11.03936699964106,12.359074998646975,12.359074998646975
2026-08-29T04:19:10.508Z,12230.213,500,1.5589279998093843,4.607894001528621,5.358534000813961,85.11041799932718,50,8.831848999485373,11.256255999207497,12.234614999964833,12.234614999964833
2026-08-29T04:19:20.506Z,12240.213,500,1.5918180011212826,4.687653999775648,5.360113000497222,93.06727799959481,50,8.858030000701547,11.085176998749375,12.251586001366377,12.251586001366377
2026-08-29T04:19:30.508Z,12250.214,500,1.5683190003037453,4.5576039999723434,4.905444998294115,96.35843399912119,50,8.996118998154998,11.037317000329494,11.883835000917315,11.883835000917315
2026-08-29T04:19:40.508Z,12260.214,500,1.5531179998070002,4.497695000842214,5.722604000940919,73.76935099996626,50,9.36336800083518,10.966385999694467,11.88315600156784,11.88315600156784
2026-08-29T04:19:50.506Z,12270.213,500,1.5716580003499985,4.5537149999290705,4.915434001013637,83.0830099992454,50,9.142438998445868,11.323556998744607,11.935876000672579,11.935876000672579
2026-08-29T04:20:00.506Z,12280.213,500,1.5722880009561777,4.556834999471903,5.154302999377251,81.95188100077212,50,8.992409000173211,11.368946000933647,12.207724999636412,12.207724999636412
2026-08-29T04:20:10.507Z,12290.213,500,1.5602390002459288,4.65204400010407,5.372383000329137,83.55887900106609,50,9.172188999131322,11.054686000570655,12.195776000618935,12.195776000618935
2026-08-29T04:20:20.508Z,12300.213,500,1.5351080000400543,4.530214998871088,5.280073000118136,92.23836900107563,50,9.087498998269439,11.014037000015378,11.051346000283957,11.051346000283957
2026-08-29T04:20:30.507Z,12310.213,500,1.5643380004912615,4.652103999629617,5.556043999269605,94.32313599996269,50,9.236947998404503,11.311716001480818,11.94649500027299,11.94649500027299
2026-08-29T04:20:40.506Z,12320.213,500,1.5446979999542236,4.573044000193477,4.986804001033306,54.04976499825716,50,9.102578999474645,11.138306001201272,17.73247900046408,17.73247900046408
2026-08-29T04:20:50.508Z,12330.213,500,1.581088000908494,4.641364000737667,5.13718399964273,83.2631599996239,50,9.258059000596404,11.139256000518799,11.214467000216246,11.214467000216246
2026-08-29T04:21:00.509Z,12340.214,500,1.526799000799656,4.465754000470042,5.209764000028372,83.27849899977446,50,8.968528999015689,11.14741599932313,11.97155600041151,11.97155600041151
2026-08-29T04:21:10.506Z,12350.213,500,1.5200479999184608,4.554364001378417,5.453034000471234,64.77646199986339,50,9.15373899973929,11.298946000635624,12.187276000156999,12.187276000156999
2026-08-29T04:21:20.506Z,12360.213,500,1.5345379989594221,4.540895000100136,5.272463999688625,76.68731700070202,50,8.866360001266003,10.845517000183463,12.266675001010299,12.266675001010299
2026-08-29T04:21:30.507Z,12370.214,500,1.5349080003798008,4.544435000047088,5.296493999660015,81.47618199884892,50,9.78149800002575,10.950846999883652,11.90153499878943,11.90153499878943
2026-08-29T04:21:40.508Z,12380.213,500,1.5502779986709356,4.570814998820424,5.336343999952078,94.60113599896431,50,9.408478999510407,11.693285999819636,11.942915000021458,11.942915000021458
2026-08-29T04:21:50.506Z,12390.213,500,1.55332800000906,4.508175000548363,5.4303629994392395,97.11035299859941,50,9.792147999629378,10.922106999903917,11.975336000323296,11.975336000323296
2026-08-29T04:22:00.507Z,12400.213,500,1.598047999665141,4.641543999314308,5.00866400077939,88.54433299973607,50,9.326488999649882,11.07812700048089,11.664915999397635,11.664915999397635
2026-08-29T04:22:10.508Z,12410.213,500,1.6278380006551743,4.696663999930024,5.92230299860239,83.35480000078678,50,9.722597999498248,10.981376999989152,11.870055999606848,11.870055999606848
2026-08-29T04:22:20.508Z,12420.213,500,1.570337999612093,4.536975000053644,5.815302999690175,83.04700000025332,50,9.090909000486135,10.9005970004946,10.919596999883652,10.919596999883652
2026-08-29T04:22:30.508Z,12430.213,500,1.535987999290228,4.50806500017643,5.333062998950481,82.35810999944806,50,9.792299000546336,10.949217000976205,11.6708959992975,11.6708959992975
2026-08-29T04:22:40.506Z,12440.213,500,1.562517998740077,4.55035499855876,5.379254000261426,80.55172299966216,50,9.866969000548124,11.011706000193954,11.238716999068856,11.238716999068856
2026-08-29T04:22:50.507Z,12450.213,500,1.5185080002993345,4.534505000337958,5.347833000123501,83.14847999997437,50,8.928429000079632,10.746127000078559,11.083715999498963,11.083715999498963
2026-08-29T04:23:00.507Z,12460.213,500,1.5290780011564493,4.514833999797702,5.487312998622656,93.42369700036943,50,9.22494800016284,10.896586999297142,11.005746999755502,11.005746999755502
2026-08-29T04:23:10.507Z,12470.214,500,1.5474389996379614,4.47333399951458,5.333542998880148,91.92425900138915,50,9.095188999548554,10.546006999909878,10.918967001140118,10.918967001140118
2026-08-29T04:23:20.507Z,12480.213,500,1.5666380003094673,4.584724999964237,5.710123000666499,81.70261099934578,50,9.783319000154734,10.930947000160813,11.86392599903047,11.86392599903047
2026-08-29T04:23:30.508Z,12490.213,500,1.5695979986339808,4.561014000326395,5.579383000731468,94.61452599987388,50,9.811628000810742,11.641625998541713,11.763894999399781,11.763894999399781
2026-08-29T04:23:40.507Z,12500.213,500,1.584357999265194,4.620275000110269,5.608973998576403,83.82732900045812,50,9.786617999896407,10.962827000766993,11.901605999097228,11.901605999097228
2026-08-29T04:23:50.508Z,12510.214,500,1.558407999575138,4.577324999496341,4.961154000833631,89.62798199988902,50,9.745518000796437,11.312845999374986,11.953116001561284,11.953116001561284
2026-08-29T04:24:00.507Z,12520.214,500,1.5375180002301931,4.482064999639988,5.095513999462128,87.0159650016576,50,9.773417999967933,10.952847000211477,11.804074998944998,11.804074998944998
2026-08-29T04:24:10.508Z,12530.213,500,1.540658000856638,4.555974001064897,5.435833001509309,86.17506599985063,50,9.78524800017476,10.957976998761296,11.83563599921763,11.83563599921763
2026-08-29T04:24:20.507Z,12540.213,500,1.5269380006939173,4.491793999448419,5.380882998928428,82.80178000032902,50,9.750857999548316,11.072706000879407,11.6968460008502,11.6968460008502
2026-08-29T04:24:30.508Z,12550.213,500,1.5177779998630285,4.462695000693202,5.423513000831008,43.792976999655366,50,9.725308001041412,11.080555999651551,11.250276001170278,11.250276001170278
2026-08-29T04:24:40.508Z,12560.214,500,1.5401580017060041,4.528334999457002,5.274523001164198,85.59489700011909,50,9.76388799957931,10.827046999707818,11.794975999742746,11.794975999742746
2026-08-29T04:24:50.506Z,12570.213,500,1.5503279995173216,4.563943998888135,5.458794001489878,82.12674100138247,50,9.723877999931574,11.248015999794006,11.8131849989295,11.8131849989295
2026-08-29T04:25:00.507Z,12580.213,500,1.564868001267314,4.615074999630451,5.413673000410199,88.53643300011754,50,9.791849000379443,11.115766000002623,12.056195000186563,12.056195000186563
2026-08-29T04:25:10.507Z,12590.213,500,1.5691080000251532,4.649745000526309,5.037304000928998,82.94860100001097,50,9.808708000928164,10.925576999783516,11.139937000349164,11.139937000349164
2026-08-29T04:25:20.507Z,12600.213,500,1.5297580007463694,4.575304999947548,5.286084000021219,79.23244500160217,50,9.754049001261592,11.274576000869274,11.774245001375675,11.774245001375675
2026-08-29T04:25:30.506Z,12610.213,500,1.5125980004668236,4.523833999410272,4.829153999686241,82.36162099987268,50,9.743768000975251,10.893307000398636,11.578835999593139,11.578835999593139
2026-08-29T04:25:40.506Z,12620.214,500,1.556827999651432,4.542144000530243,5.456622999161482,84.34318800084293,50,9.771237999200821,11.169687001034617,11.731515999883413,11.731515999883413
2026-08-29T04:25:50.508Z,12630.214,500,1.5773990005254745,4.598853999748826,5.3751829992979765,83.91709899902344,50,9.903719000518322,11.00165699981153,11.89500500075519,11.89500500075519
2026-08-29T04:26:00.506Z,12640.213,500,1.5704079996794462,4.624894000589848,5.1208939999341965,91.48568900115788,50,9.847668001428246,11.488017000257969,11.993824999779463,11.993824999779463
2026-08-29T04:26:10.506Z,12650.213,500,1.5153679996728897,4.51269399933517,5.335033999755979,94.05745700001717,50,9.804208001121879,11.576066000387073,11.839654998853803,11.839654998853803
2026-08-29T04:26:20.508Z,12660.213,500,1.5320779997855425,4.557254999876022,4.724034000188112,83.4856390003115,50,9.883468000218272,10.877156998962164,11.107146000489593,11.107146000489593
2026-08-29T04:26:30.507Z,12670.214,500,1.5284180007874966,4.576274000108242,5.328204000368714,84.57829800061882,50,9.978978000581264,11.598536001518369,11.690595999360085,11.690595999360085
2026-08-29T04:26:40.507Z,12680.214,500,1.5740680005401373,4.591324999928474,5.265983000397682,87.60399399884045,50,9.845227999612689,11.001767000183463,11.977925999090075,11.977925999090075
2026-08-29T04:26:50.508Z,12690.214,500,1.5959779992699623,4.608144000172615,5.256443999707699,90.8050899989903,50,9.715197999030352,11.737635999917984,12.121975000947714,12.121975000947714
2026-08-29T04:27:00.507Z,12700.214,500,1.520897999405861,4.505814000964165,5.417734000831842,94.11510699987411,50,9.854369001463056,11.117296000942588,12.013345001265407,12.013345001265407
2026-08-29T04:27:10.508Z,12710.214,500,1.5371380001306534,4.560204999521375,5.526274001225829,85.74084699898958,50,9.840489000082016,10.92730699852109,11.355335999280214,11.355335999280214
2026-08-29T04:27:20.509Z,12720.214,500,1.5361879989504814,4.5332440007478,4.874693999066949,7.811511000618339,50,9.821248000487685,11.542255999520421,11.91176600009203,11.91176600009203
2026-08-29T04:27:30.509Z,12730.214,500,1.5754180010408163,4.5692040007561445,5.082464000210166,85.88698600046337,50,9.800967998802662,11.25123699940741,11.882285999134183,11.882285999134183
2026-08-29T04:27:40.509Z,12740.214,500,1.5403479989618063,4.486023999750614,5.476122999563813,83.6021390017122,50,9.825867999345064,11.817396000027657,11.974094999954104,11.974094999954104
2026-08-29T04:27:50.507Z,12750.214,500,1.5303379986435175,4.473285000771284,4.929563999176025,9.223988998681307,50,9.709338000044227,11.147396000102162,12.08436500094831,12.08436500094831
2026-08-29T04:28:00.508Z,12760.214,500,1.581759000197053,4.533704999834299,5.188513999804854,7.445530999451876,50,9.897407999262214,11.584876000881195,11.846665000542998,11.846665000542998
2026-08-29T04:28:10.509Z,12770.215,500,1.5282080005854368,4.477184999734163,4.872913999482989,5.394754000008106,50,9.845698999240994,11.668295999988914,12.062565000727773,12.062565000727773
2026-08-29T04:28:20.507Z,12780.214,500,1.551818000152707,4.458344999700785,5.179593000560999,84.00000800006092,50,9.8197579998523,11.91890599951148,12.137675000354648,12.137675000354648
2026-08-29T04:28:30.509Z,12790.215,500,1.5404980015009642,4.494173999875784,5.188664000481367,84.53131800144911,50,9.713597999885678,11.699626000598073,11.87448500096798,11.87448500096798
2026-08-29T04:28:40.509Z,12800.214,500,1.5838080011308193,4.6050239987671375,5.9834029991179705,84.50924799963832,50,10.033487999811769,11.85627599991858,12.482884000986814,12.482884000986814
2026-08-29T04:28:50.509Z,12810.215,500,1.5057079996913671,4.478063998743892,5.098393000662327,44.7491859998554,50,9.843987999483943,11.847415000200272,11.875225000083447,11.875225000083447
2026-08-29T04:29:00.507Z,12820.214,500,1.5544789992272854,4.467484999448061,5.052993999794126,81.52094200067222,50,9.993827998638153,11.754006000235677,11.905604999512434,11.905604999512434
2026-08-29T04:29:10.509Z,12830.215,500,1.5984479989856482,4.591474000364542,5.501103999093175,87.55416500009596,50,9.802068000659347,11.773725999519229,11.958676001057029,11.958676001057029
2026-08-29T04:29:20.509Z,12840.215,500,1.5934679992496967,4.530473999679089,5.069614000618458,87.33536500111222,50,9.751288000494242,11.685575999319553,12.07833599857986,12.07833599857986
2026-08-29T04:29:30.508Z,12850.215,500,1.57370899990201,4.596155000850558,5.374993000179529,87.87067399919033,50,10.60062700137496,11.752295998856425,11.847315998747945,11.847315998747945
2026-08-29T04:29:40.509Z,12860.215,500,1.5748180001974106,4.517374999821186,4.773583998903632,10.97248600050807,50,9.932768000289798,11.870995000004768,11.981386000290513,11.981386000290513
2026-08-29T04:29:50.509Z,12870.216,500,1.601918000727892,4.609273999929428,5.762432999908924,83.42143000103533,50,9.982687998563051,11.802456000819802,11.966886000707746,11.966886000707746
2026-08-29T04:30:00.508Z,12880.215,500,1.5852279998362064,4.561955001205206,5.202434001490474,87.73352400027215,50,9.861527999863029,11.799566000699997,12.146045001223683,12.146045001223683
2026-08-29T04:30:10.510Z,12890.215,500,1.5966579988598824,4.54704499989748,5.115474000573158,99.95958899892867,50,10.345318000763655,11.859426001086831,12.003746001049876,12.003746001049876
2026-08-29T04:30:20.509Z,12900.216,500,1.5936780013144016,4.540694000199437,5.262243000790477,86.3525549992919,50,9.839627999812365,12.184045000001788,12.291315000504255,12.291315000504255
2026-08-29T04:30:30.508Z,12910.215,500,1.6076579988002777,4.661665000021458,5.369813999161124,86.65590500086546,50,10.166287999600172,11.764466000720859,11.783014999702573,11.783014999702573
2026-08-29T04:30:40.509Z,12920.216,500,1.5713390000164509,4.5464540012180805,4.958574000746012,96.51595400087535,50,10.432796999812126,11.994525998830795,12.291045999154449,12.291045999154449
2026-08-29T04:30:50.508Z,12930.215,500,1.5616480000317097,4.557854998856783,5.286704000085592,51.551068000495434,50,10.214557999745011,11.211806999519467,11.71658599935472,11.71658599935472
2026-08-29T04:31:00.510Z,12940.216,500,1.5920780003070831,4.5608649998903275,5.315053999423981,86.47289600037038,50,10.10376799851656,11.89541600085795,12.044786000624299,12.044786000624299
2026-08-29T04:31:10.509Z,12950.215,500,1.5770079996436834,4.520114000886679,5.238164000213146,93.90339699946344,50,9.857579000294209,11.751404998824,11.839424999430776,11.839424999430776
2026-08-29T04:31:20.508Z,12960.215,500,1.59077899903059,4.564174000173807,5.300754001364112,84.42260800115764,50,10.517217000946403,11.878156000748277,11.911124998703599,11.911124998703599
2026-08-29T04:31:30.510Z,12970.215,500,1.5817879997193813,4.5243250001221895,5.492213001474738,87.38704499974847,50,10.694276999682188,11.937516000121832,11.980435000732541,11.980435000732541
2026-08-29T04:31:40.509Z,12980.215,500,1.5821780003607273,4.559374999254942,5.31700300052762,84.77328800037503,50,10.5392279997468,11.786245999857783,12.008576000109315,12.008576000109315
2026-08-29T04:31:50.509Z,12990.216,500,1.5873879995197058,4.516395000740886,5.100144000723958,88.65485399961472,50,9.715208001434803,11.834146000444889,11.923575000837445,11.923575000837445
2026-08-29T04:32:00.509Z,13000.215,500,1.5976280011236668,4.576473999768496,5.146533999592066,74.88360999897122,50,10.399786999449134,11.893025999888778,12.076105000451207,12.076105000451207
2026-08-29T04:32:10.509Z,13010.216,500,1.5530179999768734,4.531054999679327,4.850594000890851,83.96330900117755,50,9.755168000236154,11.602135999128222,11.773315999656916,11.773315999656916
2026-08-29T04:32:20.508Z,13020.215,500,1.5617079995572567,4.595984999090433,5.190752999857068,75.77314800024033,50,10.338538000360131,11.826584998518229,12.08614500053227,12.08614500053227
2026-08-29T04:32:30.509Z,13030.216,500,1.5675479993224144,4.586373999714851,5.350003000348806,86.32128600031137,50,9.99626800045371,11.716045999899507,12.05578599870205,12.05578599870205
2026-08-29T04:32:40.510Z,13040.215,500,1.5548880007117987,4.516863999888301,4.963374000042677,89.14111199975014,50,10.494207000359893,11.76422500051558,11.93074500001967,11.93074500001967
2026-08-29T04:32:50.510Z,13050.215,500,1.5726779997348785,4.544463999569416,5.28362400084734,92.35568900033832,50,9.988938000053167,11.746415000408888,11.876695999875665,11.876695999875665
2026-08-29T04:33:00.510Z,13060.215,500,1.5632080007344484,4.536954000592232,5.415093999356031,56.917580999433994,50,9.816758999601007,11.817346001043916,11.944994999095798,11.944994999095798
2026-08-29T04:33:10.508Z,13070.215,500,1.571917999535799,4.626004999503493,5.21883299946785,83.74859900027514,50,9.82714799977839,11.860185999423265,12.012676000595093,12.012676000595093
2026-08-29T04:33:20.510Z,13080.215,500,1.5031880009919405,4.488094998523593,5.4774830006062984,82.74129999987781,50,9.825569000095129,11.623716000467539,12.032874999567866,12.032874999567866
2026-08-29T04:33:30.510Z,13090.215,500,1.5741189997643232,4.502924999222159,5.198654001578689,96.77513300068676,50,10.27093799971044,11.838534999638796,11.935225998982787,11.935225998982787
2026-08-29T04:33:40.508Z,13100.215,500,1.5762680005282164,4.614915000274777,5.247372999787331,67.27539900131524,50,10.586436999961734,11.846814999356866,12.201714999973774,12.201714999973774
2026-08-29T04:33:50.508Z,13110.215,500,1.5911889988929033,4.610655000433326,5.497383998706937,99.56676599942148,50,10.090557999908924,11.827215999364853,12.227415999397635,12.227415999397635
2026-08-29T04:34:00.510Z,13120.216,500,1.4911579992622137,4.455744998529553,5.045964000746608,87.07990000024438,50,10.486457999795675,11.931385999545455,12.086016999557614,12.086016999557614
2026-08-29T04:34:10.509Z,13130.216,500,1.5660489983856678,4.627273999154568,5.827862998470664,89.81657799892128,50,10.225898999720812,11.76918699964881,11.87635700032115,11.87635700032115
2026-08-29T04:34:20.510Z,13140.216,500,1.553438000380993,4.599464999511838,5.355793999508023,88.54750899970531,50,10.390657998621464,11.635586000978947,12.009186999872327,12.009186999872327
2026-08-29T04:34:30.510Z,13150.216,500,1.5182380005717278,4.478904999792576,6.172452999278903,91.24500599876046,50,9.962479000911117,11.780016001313925,12.007486000657082,12.007486000657082
2026-08-29T04:34:40.510Z,13160.216,500,1.5568880010396242,4.531664999201894,5.632923999801278,86.94455100037158,50,9.86226899921894,11.693766999989748,12.127305999398232,12.127305999398232
2026-08-29T04:34:50.511Z,13170.216,500,1.5103690009564161,4.440254999324679,5.459093000739813,97.6664580013603,50,10.574788000434637,11.778916999697685,12.086575999855995,12.086575999855995
2026-08-29T04:35:00.510Z,13180.217,500,1.558348000049591,4.555844999849796,5.495752999559045,90.99005599878728,50,10.360988000407815,11.854716001078486,12.023405998945236,12.023405998945236
2026-08-29T04:35:10.510Z,13190.216,500,1.518198000267148,4.500074999406934,5.507663998752832,90.30575700104237,50,9.887207999825478,11.748746998608112,12.025825999677181,12.025825999677181
2026-08-29T04:35:20.510Z,13200.217,500,1.5531480014324188,4.642343999817967,6.143843000754714,83.76150500029325,50,10.325377998873591,11.95023600012064,12.096986999735236,12.096986999735236
2026-08-29T04:35:30.511Z,13210.216,500,1.6100779995322227,4.678815001621842,5.438473999500275,86.4223710000515,50,10.581218000501394,11.688596000894904,12.125056000426412,12.125056000426412
2026-08-29T04:35:40.511Z,13220.217,500,1.5803180001676083,4.598415000364184,5.176223998889327,56.563676001504064,50,10.607987999916077,12.063156999647617,12.306615000590682,12.306615000590682
2026-08-29T04:35:50.511Z,13230.216,500,1.6125889997929335,4.663254998624325,5.321883998811245,98.01498799957335,50,10.54619799926877,11.974396001547575,12.052116001024842,12.052116001024842
2026-08-29T04:36:00.511Z,13240.216,500,1.5467090010643005,4.513865001499653,5.275504000484943,94.74553199857473,50,10.521548001095653,11.909115999937057,12.04016700014472,12.04016700014472
2026-08-29T04:36:10.509Z,13250.216,500,1.5672279987484217,4.519935000687838,5.3893040008842945,88.82523800060153,50,10.456079000607133,11.96476599946618,12.001215999945998,12.001215999945998
2026-08-29T04:36:20.510Z,13260.216,500,1.534977998584509,4.520135000348091,5.28294400125742,85.0722129996866,50,10.632297998294234,11.755776999518275,12.17654599994421,12.17654599994421
2026-08-29T04:36:30.511Z,13270.217,500,1.5999279990792274,4.627454999834299,6.420502999797463,98.25315700098872,50,10.589958000928164,11.970336999744177,12.038316000252962,12.038316000252962
2026-08-29T04:36:40.510Z,13280.217,500,1.547698000445962,4.498694999143481,5.67340400069952,89.21517799980938,50,10.555217999964952,11.474097000434995,11.879475999623537,11.879475999623537
2026-08-29T04:36:50.512Z,13290.217,500,1.5783180017024279,4.548045000061393,5.231124000623822,89.54568800143898,50,10.50271800160408,11.851595999673009,11.919266000390053,11.919266000390053
2026-08-29T04:37:00.512Z,13300.217,500,1.5704080015420914,4.497065000236034,5.392063999548554,100.67309500090778,50,10.636617999523878,12.021766999736428,12.070396000519395,12.070396000519395
2026-08-29T04:37:10.512Z,13310.218,500,1.5587579999119043,4.578275000676513,6.332452999427915,86.1725009996444,50,10.691966999322176,12.124366000294685,12.168196000158787,12.168196000158787
2026-08-29T04:37:20.510Z,13320.217,500,1.6181490011513233,4.663504000753164,5.39283400028944,94.6083019990474,50,10.482308000326157,11.886326000094414,11.937256999313831,11.937256999313831
2026-08-29T04:37:30.510Z,13330.217,500,1.5326880011707544,4.488764999434352,5.426893999800086,100.31021500006318,50,10.577138001099229,11.594466000795364,12.041845999658108,12.041845999658108
2026-08-29T04:37:40.512Z,13340.217,500,1.5427580010145903,4.511514998972416,5.270964000374079,102.67337299883366,50,10.653397999703884,12.114666000008583,12.125215999782085,12.125215999782085
2026-08-29T04:37:50.512Z,13350.217,500,1.526188001036644,4.457735000178218,5.281603001058102,90.21607699990273,50,10.589267998933792,11.74566600099206,11.927477000281215,11.927477000281215
2026-08-29T04:38:00.512Z,13360.217,500,1.5978580005466938,4.618514999747276,5.289723999798298,98.67949699983001,50,10.590277999639511,11.999286001548171,12.14074599929154,12.14074599929154
2026-08-29T04:38:10.512Z,13370.217,500,1.514359001070261,4.46437400020659,5.116183999925852,88.01436999998987,50,10.662507999688387,11.690706999972463,12.054176000878215,12.054176000878215
2026-08-29T04:38:20.511Z,13380.218,500,1.5473680011928082,4.569265000522137,5.7188229989260435,89.81639699824154,50,10.676056999713182,11.880466999486089,12.087406000122428,12.087406000122428
2026-08-29T04:38:30.511Z,13390.217,500,1.5833190008997917,4.531315000727773,5.115073999390006,89.6887979991734,50,10.553248001262546,11.98836600035429,12.132356001064181,12.132356001064181
2026-08-29T04:38:40.511Z,13400.217,500,1.5260089989751577,4.508295001462102,5.460094001144171,88.08324000053108,50,10.570438001304865,11.841786999255419,11.911146000027657,11.911146000027657
2026-08-29T04:38:50.511Z,13410.217,500,1.5368789993226528,4.4801750015467405,5.276744000613689,89.46439799852669,50,10.593758000060916,11.93750600144267,12.033185999840498,12.033185999840498
2026-08-29T04:39:00.510Z,13420.217,500,1.571348998695612,4.524934999644756,5.383214000612497,104.62411100044847,50,10.745817998424172,11.915807001292706,12.18266599997878,12.18266599997878
2026-08-29T04:39:10.511Z,13430.217,500,1.6002179998904467,4.600364999845624,5.348914001137018,88.48287900164723,50,10.425437999889255,11.995115999132395,12.060436001047492,12.060436001047492
2026-08-29T04:39:20.511Z,13440.218,500,1.5175379998981953,4.522214999422431,5.7850730009377,89.1798880007118,50,10.666058000177145,12.074517000466585,12.160995999351144,12.160995999351144
2026-08-29T04:39:30.511Z,13450.217,500,1.5695379991084337,4.4786550011485815,5.558433998376131,103.84057200141251,50,10.63752800039947,11.823545999825,11.976085999980569,11.976085999980569
2026-08-29T04:39:40.510Z,13460.217,500,1.5761280003935099,4.491395000368357,5.097084000706673,89.50884800031781,50,10.684547999873757,11.881997000426054,12.116436000913382,12.116436000913382
2026-08-29T04:39:50.512Z,13470.217,500,1.5937780011445284,4.501425001770258,5.087824000045657,94.45714200101793,50,10.635428000241518,12.001976000145078,12.192176001146436,12.192176001146436
2026-08-29T04:40:00.512Z,13480.217,500,1.5754780005663633,4.511464999988675,5.224974000826478,89.80922699905932,50,10.707467999309301,11.876426000148058,11.991317000240088,11.991317000240088
2026-08-29T04:40:10.511Z,13490.218,500,1.5933779999613762,4.537715001031756,5.948214000090957,103.7917410004884,50,10.690656999126077,12.011957000941038,12.270656000822783,12.270656000822783
2026-08-29T04:40:20.513Z,13500.219,500,1.611438000574708,4.564675001427531,5.096134001389146,90.45755599997938,50,10.668428000062704,11.939927000552416,12.112546000629663,12.112546000629663
2026-08-29T04:40:30.510Z,13510.217,500,1.5888880006968975,4.522564999759197,5.688124001026154,88.19498899951577,50,10.87920800037682,11.968806000426412,12.209056001156569,12.209056001156569
2026-08-29T04:40:40.513Z,13520.218,500,1.585537999868393,4.520794998854399,4.9520250000059605,90.06723699904978,50,10.749047998338938,12.003236001357436,12.231315998360515,12.231315998360515
2026-08-29T04:40:50.511Z,13530.218,500,1.6386479996144772,4.632904000580311,5.714572999626398,98.04608800075948,50,10.758897999301553,12.145235998556018,12.277325998991728,12.277325998991728
2026-08-29T04:41:00.512Z,13540.218,500,1.5998580008745193,4.5802350006997585,5.345734000205994,100.64366499893367,50,10.645188000053167,11.926346000283957,12.075376000255346,12.075376000255346
2026-08-29T04:41:10.513Z,13550.218,500,1.5725879985839128,4.492374999448657,5.022064000368118,91.79784500040114,50,10.624088000506163,11.783996999263763,12.014405999332666,12.014405999332666
2026-08-29T04:41:20.512Z,13560.218,500,1.6003879997879267,4.614195000380278,5.297194000333548,96.8949090000242,50,10.778158001601696,12.024467000737786,12.283996000885963,12.283996000885963
2026-08-29T04:41:30.512Z,13570.219,500,1.580248000100255,4.5096250008791685,5.170134000480175,104.85322999954224,50,10.793836999684572,11.925796000286937,12.0758359991014,12.0758359991014
2026-08-29T04:41:40.512Z,13580.219,500,1.6095380000770092,4.604464998468757,5.378534000366926,88.12045899964869,50,10.802317999303341,11.93155600130558,12.086757000535727,12.086757000535727
2026-08-29T04:41:50.513Z,13590.218,500,1.6109580006450415,4.640933999791741,6.445241998881102,99.74798600003123,50,10.79742700047791,12.04742700047791,12.233085999265313,12.233085999265313
2026-08-29T04:42:00.513Z,13600.218,500,1.5937389992177486,4.570815000683069,5.414483999833465,93.02828400023282,50,10.564848000183702,11.821815999224782,12.201696000993252,12.201696000993252
2026-08-29T04:42:10.513Z,13610.219,500,1.5884879995137453,4.544324999675155,5.282873000949621,96.09980100020766,50,10.696728000417352,12.015755999833345,12.057385999709368,12.057385999709368
2026-08-29T04:42:20.511Z,13620.218,500,1.605307999998331,4.51757499948144,5.065593998879194,91.51042500138283,50,10.677488001063466,11.782225999981165,12.180507000535727,12.180507000535727
2026-08-29T04:42:30.513Z,13630.218,500,1.5798789989203215,4.505454998463392,5.463153999298811,88.12120900116861,50,10.637206999585032,11.824797000735998,12.112506000325084,12.112506000325084
2026-08-29T04:42:40.512Z,13640.219,500,1.601408001035452,4.540455000475049,5.805012999102473,62.061318999156356,50,10.680757999420166,11.896596999838948,12.060026001185179,12.060026001185179
2026-08-29T04:42:50.514Z,13650.22,500,1.590048000216484,4.495215000584722,5.0469040013849735,89.4346680007875,50,10.76578800007701,11.927496001124382,12.010415999218822,12.010415999218822
2026-08-29T04:43:00.514Z,13660.221,500,1.5633779987692833,4.515715001150966,5.480394000187516,79.73379899933934,50,10.676256999373436,11.773436998948455,12.194486001506448,12.194486001506448
2026-08-29T04:43:10.513Z,13670.22,500,1.6155980005860329,4.5561350006610155,6.141573000699282,100.62852500006557,50,10.776147000491619,11.94595699943602,11.988425999879837,11.988425999879837
2026-08-29T04:43:20.515Z,13680.22,500,1.6221580002456903,4.628304999321699,5.265164000913501,89.34632700122893,50,10.756156999617815,11.971196999773383,12.149095999076962,12.149095999076962
2026-08-29T04:43:30.515Z,13690.22,500,1.6129180006682873,4.614964999258518,5.929202999919653,103.27657199837267,50,10.76774699985981,11.862906999886036,11.983386000618339,11.983386000618339
2026-08-29T04:43:40.513Z,13700.22,500,1.5929180011153221,4.533645000308752,5.588684000074863,92.91656400077045,50,10.713677998632193,11.876655999571085,11.912886001169682,11.912886001169682
2026-08-29T04:43:50.515Z,13710.22,500,1.5999380014836788,4.548465000465512,5.0978640001267195,90.24507699906826,50,10.509878000244498,11.867085998877883,11.935546001419425,11.935546001419425
2026-08-29T04:44:00.514Z,13720.221,500,1.5932189989835024,4.520825000479817,5.62160300090909,91.44490600004792,50,10.788667000830173,11.841277001425624,11.91877599991858,11.91877599991858
2026-08-29T04:44:10.513Z,13730.22,500,1.6133280005306005,4.536095000803471,5.232303999364376,90.00502800010145,50,10.829247999936342,11.866526000201702,11.946256000548601,11.946256000548601
2026-08-29T04:44:20.514Z,13740.221,500,1.5617680009454489,4.441685000434518,5.044084001332521,9.776518000289798,50,10.643788000568748,11.703786000609398,11.7941960003227,11.7941960003227
2026-08-29T04:44:30.514Z,13750.221,501,1.5782780013978481,4.629874000325799,5.26834399998188,36.83141800016165,50,10.660218000411987,12.126186000183225,12.323566000908613,12.323566000908613
2026-08-29T04:44:40.515Z,13760.222,500,1.5727280005812645,4.553254999220371,5.296423999592662,36.6918079983443,51,10.734128000214696,11.916045999154449,12.103177001699805,12.103177001699805
2026-08-29T04:44:50.515Z,13770.221,499,1.583238000050187,4.49392499960959,5.252944000065327,7.039072001352906,49,10.796397998929024,11.934457000344992,12.345416000112891,12.345416000112891
2026-08-29T04:45:00.516Z,13780.222,501,1.6033380012959242,4.575925000011921,6.268403001129627,92.37996399961412,50,10.64151700027287,11.809596000239253,12.281906001269817,12.281906001269817
2026-08-29T04:45:10.515Z,13790.221,500,1.5456480011343956,4.469924999400973,5.0507340002804995,36.720917999744415,50,10.867186998948455,11.902907000854611,12.146796999499202,12.146796999499202
2026-08-29T04:45:20.516Z,13800.221,500,1.627667998895049,4.641404999420047,5.267554000020027,11.323697000741959,50,10.582828000187874,11.991867000237107,12.178456000983715,12.178456000983715
2026-08-29T04:45:30.514Z,13810.221,499,1.5540379993617535,4.505795000120997,5.409593999385834,94.39130299910903,50,10.633547998964787,11.967965999618173,12.113345999270678,12.113345999270678
2026-08-29T04:45:40.516Z,13820.222,501,1.616838000714779,4.635134998708963,5.345863999798894,93.66784300096333,50,10.699698001146317,12.009255999699235,12.06352600082755,12.06352600082755
2026-08-29T04:45:50.516Z,13830.222,500,1.5607890002429485,4.482005000114441,5.111503999680281,92.93559399992228,50,10.728978000581264,11.894827000796795,12.286526000127196,12.286526000127196
2026-08-29T04:46:00.516Z,13840.221,499,1.6234779991209507,4.635054999962449,7.4584020003676414,97.94845799915493,50,10.791027998551726,12.0606359988451,12.131675999611616,12.131675999611616
2026-08-29T04:46:10.516Z,13850.221,500,1.5961390007287264,4.543044999241829,5.6701640002429485,95.64080999977887,50,10.686436999589205,11.73378700017929,12.140675999224186,12.140675999224186
2026-08-29T04:46:20.516Z,13860.221,501,1.5976179987192154,4.516033999621868,5.268014000728726,86.24630100093782,50,10.6187579985708,11.920346001163125,11.951816000044346,11.951816000044346
2026-08-29T04:46:30.514Z,13870.221,499,1.5974480006843805,4.510134998708963,5.19807399995625,99.87329600006342,50,10.722156999632716,11.891536999493837,11.941166998818517,11.941166998818517
2026-08-29T04:46:40.514Z,13880.221,501,1.5987180005759,4.6365950014442205,5.764593999832869,70.74472899921238,50,10.686497999355197,11.977226000279188,12.273336000740528,12.273336000740528
2026-08-29T04:46:50.516Z,13890.221,500,1.5930179990828037,4.585264999419451,5.433313999325037,82.84673500061035,50,10.706166999414563,11.919677000492811,12.076155999675393,12.076155999675393
2026-08-29T04:47:00.516Z,13900.221,499,1.5924979988485575,4.537973999977112,6.511382998898625,86.52860100008547,50,10.836286999285221,11.995225999504328,12.250656001269817,12.250656001269817
2026-08-29T04:47:10.514Z,13910.221,500,1.59735899977386,4.632063999772072,5.280254000797868,75.53302300162613,50,10.58529799990356,11.861316001042724,11.880996000021696,11.880996000021696
2026-08-29T04:47:20.516Z,13920.222,501,1.604178000241518,4.6023050006479025,4.955615000799298,73.47769599966705,51,10.693968001753092,11.802857000380754,12.087065998464823,12.087065998464823
2026-08-29T04:47:30.514Z,13930.221,500,1.6396079994738102,4.61209399998188,5.247883999720216,78.46406100131571,49,10.829098001122475,12.00623599998653,12.069906000047922,12.069906000047922
2026-08-29T04:47:40.515Z,13940.221,499,1.601409001275897,4.52445499971509,6.172481998801231,86.80224099941552,50,10.676357999444008,11.837057000026107,12.29610599949956,12.29610599949956
2026-08-29T04:47:50.515Z,13950.222,501,1.6153389997780323,4.573924999684095,5.600124001502991,78.6506800018251,50,10.746167998760939,11.820597000420094,12.054546000435948,12.054546000435948
2026-08-29T04:48:00.515Z,13960.221,500,1.590557999908924,4.4799139983952045,5.112353999167681,78.58959999866784,50,10.659316999837756,11.975027000531554,12.174026001244783,12.174026001244783
2026-08-29T04:48:10.516Z,13970.222,500,1.6183480005711317,4.738365000113845,5.359263999387622,97.31453900039196,50,10.622756998986006,11.912676999345422,12.410296000540257,12.410296000540257
2026-08-29T04:48:20.514Z,13980.221,499,1.5835480000823736,4.531033998355269,5.309113999828696,81.19655700027943,50,10.736278001219034,11.934227000921965,12.081666998565197,12.081666998565197
2026-08-29T04:48:30.514Z,13990.221,500,1.6259380001574755,4.60347499884665,5.2681939993053675,87.37852999940515,50,10.772608000785112,11.925856001675129,12.096036000177264,12.096036000177264
2026-08-29T04:48:40.516Z,14000.222,501,1.6098890006542206,4.544615000486374,5.407174000516534,81.2243670001626,51,10.688577000051737,11.806315999478102,11.92973600141704,11.92973600141704
2026-08-29T04:48:50.516Z,14010.221,499,1.5512179993093014,4.50628500059247,6.8279429990798235,59.23818199895322,49,10.760197998955846,11.851965999230742,12.12788699939847,12.12788699939847
2026-08-29T04:49:00.515Z,14020.222,501,1.6036880016326904,4.715915000066161,5.646663000807166,80.19557899981737,51,10.800837999209762,11.751096999272704,12.025965999811888,12.025965999811888
2026-08-29T04:49:10.515Z,14030.221,500,1.548667998984456,4.4771950002759695,5.090443998575211,78.44223099946976,49,10.66164799965918,11.866405999287963,12.158875999972224,12.158875999972224
2026-08-29T04:49:20.514Z,14040.221,499,1.5960889998823404,4.54114499874413,5.966192999854684,94.2220319993794,50,10.696568001061678,11.794507000595331,11.907775999978185,11.907775999978185
2026-08-29T04:49:30.516Z,14050.221,501,1.603787999600172,4.609024999663234,5.059754000976682,78.77582000009716,51,10.710107998922467,11.961626000702381,12.182795999571681,12.182795999571681
2026-08-29T04:49:40.516Z,14060.221,499,1.6266279984265566,4.679883999750018,5.3086740002036095,90.90960600040853,49,10.725407999008894,11.870555998757482,12.191205998882651,12.191205998882651
2026-08-29T04:49:50.515Z,14070.221,500,1.5589579995721579,4.50059499964118,5.301183998584747,78.30478999949992,50,10.694137999787927,11.936786999925971,12.16750600002706,12.16750600002706
2026-08-29T04:50:00.515Z,14080.221,500,1.6049189995974302,4.526234999299049,5.433333000168204,44.75235900096595,50,10.736978000029922,12.097296001389623,12.370705999433994,12.370705999433994
2026-08-29T04:50:10.516Z,14090.221,500,1.5906480010598898,4.540975000709295,5.306173998862505,59.04838300123811,50,10.698667999356985,11.749516000971198,11.937255999073386,11.937255999073386
2026-08-29T04:50:20.514Z,14100.221,500,1.6067580003291368,4.510774999856949,5.316514000296593,78.44876099936664,50,10.749057998880744,11.991825999692082,12.097756000235677,12.097756000235677
2026-08-29T04:50:30.514Z,14110.221,501,1.6792479995638132,4.653055001050234,5.615433000028133,78.41383000090718,51,10.66113799996674,11.745016999542713,11.984655998647213,11.984655998647213
2026-08-29T04:50:40.515Z,14120.221,500,1.5757580008357763,4.535104999318719,5.5760239996016026,85.81089199893177,50,10.695067999884486,11.92174700088799,12.179956000298262,12.179956000298262
2026-08-29T04:50:50.514Z,14130.221,500,1.6168679986149073,4.567455001175404,5.610863998532295,80.8875110000372,49,10.689618000760674,11.983635999262333,12.037306999787688,12.037306999787688
2026-08-29T04:51:00.516Z,14140.221,500,1.578949000686407,4.528296999633312,5.037456000223756,78.71270300075412,50,10.667950998991728,11.746220000088215,12.07816999964416,12.07816999964416
2026-08-29T04:51:10.516Z,14150.222,500,1.5966480001807213,4.597226999700069,5.722605001181364,81.92678099870682,50,10.892099998891354,11.878840001299977,11.995500000193715,11.995500000193715
2026-08-29T04:51:20.516Z,14160.222,500,1.5701390001922846,4.538925999775529,5.181926000863314,78.30696299858391,51,10.705330999568105,11.785399999469519,11.800160000100732,11.800160000100732
2026-08-29T04:51:30.517Z,14170.222,500,1.5408389996737242,4.4690859988331795,6.133015001192689,88.25709600001574,49,10.715041000396013,11.989310000091791,12.132500000298023,12.132500000298023
2026-08-29T04:51:40.517Z,14180.223,500,1.6013680007308722,4.576596999540925,5.0929049998521805,78.26312300004065,51,10.67723099887371,12.02589999884367,12.233340000733733,12.233340000733733
2026-08-29T04:51:50.516Z,14190.223,500,1.5309289991855621,4.495817000046372,5.52636499889195,77.16489399969578,49,10.66647999919951,12.011020001024008,12.201768999919295,12.201768999919295
2026-08-29T04:52:00.516Z,14200.223,500,1.5653290003538132,4.4864259995520115,5.353795999661088,56.074351999908686,51,10.783580999821424,11.890319000929594,12.554029000923038,12.554029000923038
2026-08-29T04:52:10.517Z,14210.224,500,1.5340790003538132,4.445785999298096,5.096136000007391,79.25507200136781,49,10.820201000198722,11.978748999536037,12.022859999909997,12.022859999909997
2026-08-29T04:52:20.517Z,14220.224,500,1.4894590005278587,4.465145999565721,5.317795999348164,60.47088899835944,51,10.649060999974608,11.698830001056194,12.159649999812245,12.159649999812245
2026-08-29T04:52:30.517Z,14230.223,500,1.5340289995074272,4.541645999997854,5.609894998371601,79.49997200071812,49,10.516890998929739,11.810450000688434,11.917780000716448,11.917780000716448
2026-08-29T04:52:40.517Z,14240.223,500,1.6029780004173517,4.554856000468135,5.812824999913573,94.72323899902403,51,10.79123100079596,11.908740000799298,11.950400000438094,11.950400000438094
2026-08-29T04:52:50.518Z,14250.224,500,1.6022890005260706,4.6136160008609295,5.473255999386311,88.78752500005066,49,10.688851000741124,11.940710000693798,12.013129999861121,12.013129999861121
2026-08-29T04:53:00.516Z,14260.223,500,1.565369000658393,4.528165999799967,6.331414999440312,77.6913239993155,51,10.656560998409986,11.766440000385046,11.899100000038743,11.899100000038743
2026-08-29T04:53:10.518Z,14270.224,500,1.5866279993206263,4.5582660008221865,5.286715000867844,90.60159299895167,49,10.762211000546813,11.815579999238253,16.483335999771953,16.483335999771953
2026-08-29T04:53:20.519Z,14280.225,500,1.5758090000599623,4.56500600092113,5.315795000642538,92.00925100035965,50,10.748701000586152,11.864140000194311,11.898579999804497,11.898579999804497
2026-08-29T04:53:30.519Z,14290.224,500,1.5519890002906322,4.4519060011953115,5.244175000116229,80.7149010002613,51,10.66181099973619,11.956639001145959,16.3314659986645,16.3314659986645
2026-08-29T04:53:40.519Z,14300.224,500,1.5542390011250973,4.488606000319123,5.437216000631452,91.30633199959993,50,10.698431000113487,11.95460999943316,12.0816890001297,12.0816890001297
2026-08-29T04:53:50.519Z,14310.225,500,1.5744380000978708,4.501206999644637,5.293664999306202,78.91169300116599,49,10.56607099995017,11.833559999242425,12.04793000034988,12.04793000034988
2026-08-29T04:54:00.520Z,14320.226,500,1.5473389998078346,4.453017000108957,5.193424999713898,87.8466060012579,51,10.612540999427438,11.961689999327064,12.081949999555945,12.081949999555945
2026-08-29T04:54:10.520Z,14330.225,500,1.6524490006268024,4.7143460009247065,5.606514999642968,85.46017699874938,49,10.873950999230146,12.338489999994636,12.4880689997226,12.4880689997226
2026-08-29T04:54:20.519Z,14340.225,500,1.584127999842167,4.519585998728871,5.28171500004828,77.73891399987042,50,10.647660998627543,11.767230000346899,11.789899999275804,11.789899999275804
2026-08-29T04:54:30.520Z,14350.226,500,1.571798000484705,4.4940859992057085,5.328445000573993,86.29771700128913,50,10.657491000369191,11.885390000417829,12.08223999850452,12.08223999850452
2026-08-29T04:54:40.521Z,14360.227,500,1.5650089997798204,4.527055999264121,5.212825998663902,79.10178299993277,51,10.727850999683142,12.019150000065565,12.166510000824928,12.166510000824928
2026-08-29T04:54:50.520Z,14370.227,500,1.513978999108076,4.514675999060273,5.146054999902844,87.457185998559,49,10.583441000431776,11.932520000264049,12.199999000877142,12.199999000877142
2026-08-29T04:55:00.520Z,14380.226,500,1.5604979991912842,4.472645999863744,4.850555999204516,77.86875399947166,50,10.733681000769138,11.833559999242425,11.959049999713898,11.959049999713898
2026-08-29T04:55:10.520Z,14390.227,500,1.5592889990657568,4.493126001209021,5.129515999928117,63.46005600132048,50,10.601531000807881,11.859699999913573,12.06457999907434,12.06457999907434
2026-08-29T04:55:20.278Z,14399.982,488,1.562728999182582,4.501566000282764,5.117554999887943,10.351060999557376,49,10.672201000154018,11.96929999999702,12.330120000988245,12.330120000988245
