timestamp,elapsed_seconds,rss_bytes,peak_rss_bytes,process_swap_bytes,pss_bytes,anonymous_bytes,private_clean_bytes,private_dirty_bytes,shared_clean_bytes,shared_dirty_bytes,lazy_free_bytes,anonymous_huge_pages_bytes,system_available_bytes,system_swap_used_bytes,load_1
2026-08-29T00:55:20.340Z,0.048,824561664,824561664,0,822147072,817258496,4820992,817258496,2723840,0,0,0,13315870720,0,1
2026-08-29T00:55:30.347Z,10.055,822681600,824340480,0,820169728,815280128,4820992,815280128,2723840,0,0,0,13341544448,0,0.99
2026-08-29T00:55:40.340Z,20.048,827195392,827764736,0,824540160,819650560,4820992,819650560,2723840,0,0,0,13346955264,0,1.44
2026-08-29T00:55:50.342Z,30.05,831913984,832278528,0,829258752,824369152,4820992,824369152,2723840,0,0,0,13347729408,0,1.44
2026-08-29T00:56:00.338Z,40.046,835297280,835948544,0,832710656,827822080,4820992,827822080,2723840,0,0,0,13337579520,0,1.36
2026-08-29T00:56:10.333Z,50.041,839475200,840245248,0,836979712,832090112,4820992,832090112,2723840,0,0,0,13340143616,0,1.86
2026-08-29T00:56:20.339Z,60.047,843407360,843407360,0,840776704,835887104,4820992,835887104,2723840,0,0,0,13341048832,0,1.8
2026-08-29T00:56:30.338Z,70.046,847110144,847593472,0,844459008,839569408,4820992,839569408,2723840,0,0,0,13335072768,0,1.75
2026-08-29T00:56:40.348Z,80.056,850604032,851144704,0,847956992,843067392,4820992,843067392,2723840,0,0,0,13316952064,0,1.71
2026-08-29T00:56:50.337Z,90.045,853598208,854659072,0,851049472,846159872,4820992,846159872,2723840,0,0,0,13336080384,0,1.75
2026-08-29T00:57:00.337Z,100.045,854196224,856035328,0,851676160,846786560,4820992,846786560,2723840,0,0,0,13334695936,0,1.48
2026-08-29T00:57:10.340Z,110.048,855470080,857550848,0,852835328,847945728,4820992,847945728,2723840,0,0,0,13326606336,0,1.33
2026-08-29T00:57:20.345Z,120.053,856285184,857550848,0,853629952,848740352,4820992,848740352,2723840,0,0,0,13326606336,0,1.28
2026-08-29T00:57:30.337Z,130.045,857079808,858755072,0,854473728,849584128,4820992,849584128,2723840,0,0,0,13329338368,0,1.16
2026-08-29T00:57:40.339Z,140.047,857976832,859922432,0,855358464,850468864,4820992,850468864,2723840,0,0,0,13316829184,0,1.14
2026-08-29T00:57:50.345Z,150.053,853762048,859922432,0,851106816,846217216,4820992,846217216,2723840,0,0,0,13325656064,0,0.96
2026-08-29T00:58:00.346Z,160.054,854601728,859922432,0,851943424,847056896,4820992,847056896,2723840,0,0,0,13325950976,0,0.89
2026-08-29T00:58:10.337Z,170.045,856469504,859922432,0,853896192,849006592,4820992,849006592,2723840,0,0,0,13314891776,0,0.9
2026-08-29T00:58:20.346Z,180.054,857468928,859922432,0,854858752,849969152,4820992,849969152,2723840,0,0,0,13317095424,0,0.76
2026-08-29T00:58:30.344Z,190.052,858083328,860135424,0,855469056,850579456,4820992,850579456,2723840,0,0,0,13321830400,0,0.8
2026-08-29T00:58:40.337Z,200.045,858882048,860901376,0,855301120,850411520,4820992,850411520,2723840,0,0,0,13318139904,0,0.76
2026-08-29T00:58:50.347Z,210.055,859766784,861798400,0,857115648,852226048,4820992,852226048,2723840,0,0,0,13319450624,0,0.71
2026-08-29T00:59:00.351Z,220.059,860454912,861798400,0,857799680,852910080,4820992,852910080,2723840,0,0,0,13320048640,0,0.76
2026-08-29T00:59:10.343Z,230.051,860614656,862859264,0,857959424,853069824,4820992,853069824,2723840,0,0,0,13308342272,0,0.64
2026-08-29T00:59:20.360Z,240.068,861548544,864124928,0,858893312,854003712,4820992,854003712,2723840,0,0,0,13311016960,0,0.62
2026-08-29T00:59:30.346Z,250.054,861143040,864346112,0,858504192,853614592,4820992,853614592,2723840,0,0,0,13312430080,0,0.52
2026-08-29T00:59:40.345Z,260.053,862007296,864526336,0,859352064,854462464,4820992,854462464,2723840,0,0,0,13306286080,0,0.51
2026-08-29T00:59:50.347Z,270.055,862990336,865214464,0,860335104,855445504,4820992,855445504,2723840,0,0,0,13305720832,0,0.43
2026-08-29T01:00:00.350Z,280.058,858951680,865214464,0,856296448,851406848,4820992,851406848,2723840,0,0,0,13315166208,0,0.37
2026-08-29T01:00:10.350Z,290.058,860569600,865214464,0,857811968,852922368,4820992,852922368,2723840,0,0,0,13312741376,0,0.31
2026-08-29T01:00:20.327Z,300.035,860700672,865214464,0,858044416,853155840,4820992,853155840,2723840,0,0,0,13314875392,0,0.26
2026-08-29T01:00:30.354Z,310.062,861495296,865214464,0,858840064,853950464,4820992,853950464,2723840,0,0,0,13315612672,0,0.38
2026-08-29T01:00:40.346Z,320.054,861732864,865214464,0,859114496,854224896,4820992,854224896,2723840,0,0,0,13318090752,0,0.4
2026-08-29T01:00:50.351Z,330.059,861904896,865214464,0,859249664,854360064,4820992,854360064,2723840,0,0,0,13313781760,0,0.34
2026-08-29T01:01:00.346Z,340.054,863068160,865214464,0,860412928,855523328,4820992,855523328,2723840,0,0,0,13314117632,0,0.44
2026-08-29T01:01:10.346Z,350.054,863653888,865947648,0,861015040,856125440,4820992,856125440,2723840,0,0,0,13323280384,0,0.45
2026-08-29T01:01:20.352Z,360.06,864149504,866287616,0,861510656,856621056,4820992,856621056,2723840,0,0,0,13312917504,0,0.38
2026-08-29T01:01:30.353Z,370.061,864272384,866287616,0,861617152,856727552,4820992,856727552,2723840,0,0,0,13317189632,0,0.4
2026-08-29T01:01:40.354Z,380.062,864624640,867024896,0,861969408,857079808,4820992,857079808,2723840,0,0,0,13308846080,0,0.34
2026-08-29T01:01:50.355Z,390.063,865263616,867430400,0,862624768,857735168,4820992,857735168,2723840,0,0,0,13294833664,0,0.37
2026-08-29T01:02:00.348Z,400.056,865640448,867868672,0,862985216,858095616,4820992,858095616,2723840,0,0,0,13294526464,0,0.31
2026-08-29T01:02:10.352Z,410.06,866168832,868360192,0,863513600,858624000,4820992,858624000,2723840,0,0,0,13307174912,0,0.42
2026-08-29T01:02:20.328Z,420.036,866541568,868741120,0,863926272,859037696,4820992,859037696,2723840,0,0,0,13302444032,0,0.52
2026-08-29T01:02:30.344Z,430.052,863121408,868741120,0,860490752,855601152,4820992,855601152,2723840,0,0,0,13301747712,0,0.51
2026-08-29T01:02:40.348Z,440.056,863674368,868741120,0,861019136,856129536,4820992,856129536,2723840,0,0,0,13316362240,0,0.59
2026-08-29T01:02:50.353Z,450.061,864395264,868741120,0,861756416,856866816,4820992,856866816,2723840,0,0,0,13309632512,0,0.5
2026-08-29T01:03:00.352Z,460.06,864378880,868741120,0,861740032,856850432,4820992,856850432,2723840,0,0,0,13318516736,0,0.42
2026-08-29T01:03:10.352Z,470.06,864198656,868741120,0,861543424,856653824,4820992,856653824,2723840,0,0,0,13310996480,0,0.51
2026-08-29T01:03:20.351Z,480.059,864616448,868741120,0,861961216,857071616,4820992,857071616,2723840,0,0,0,13302812672,0,0.43
2026-08-29T01:03:30.356Z,490.064,865181696,868741120,0,862526464,857636864,4820992,857636864,2723840,0,0,0,13303246848,0,0.36
2026-08-29T01:03:40.354Z,500.062,862162944,868741120,0,859507712,854618112,4820992,854618112,2723840,0,0,0,13310726144,0,0.31
2026-08-29T01:03:50.350Z,510.058,862826496,868741120,0,860171264,855281664,4820992,855281664,2723840,0,0,0,13305929728,0,0.41
2026-08-29T01:04:00.347Z,520.055,863813632,868741120,0,861158400,856268800,4820992,856268800,2723840,0,0,0,13311459328,0,0.35
2026-08-29T01:04:10.355Z,530.063,863911936,868741120,0,861256704,856367104,4820992,856367104,2723840,0,0,0,13303742464,0,0.29
2026-08-29T01:04:20.348Z,540.056,864034816,868741120,0,861379584,856489984,4820992,856489984,2723840,0,0,0,13303205888,0,0.25
2026-08-29T01:04:30.351Z,550.059,863952896,868741120,0,861297664,856408064,4820992,856408064,2723840,0,0,0,13301592064,0,0.36
2026-08-29T01:04:40.341Z,560.049,864202752,868741120,0,861546496,856657920,4820992,856657920,2723840,0,0,0,13310271488,0,0.38
2026-08-29T01:04:50.358Z,570.066,864358400,868741120,0,861703168,856813568,4820992,856813568,2723840,0,0,0,13299609600,0,0.4
2026-08-29T01:05:00.355Z,580.063,864366592,868741120,0,861711360,856821760,4820992,856821760,2723840,0,0,0,13298978816,0,0.58
2026-08-29T01:05:10.348Z,590.056,860499968,868741120,0,857844736,852955136,4820992,852955136,2723840,0,0,0,13310259200,0,0.65
2026-08-29T01:05:20.346Z,600.054,861462528,868741120,0,858807296,853917696,4820992,853917696,2723840,0,0,0,13310226432,0,0.55
2026-08-29T01:05:30.352Z,610.06,861380608,868741120,0,858762240,853872640,4820992,853872640,2723840,0,0,0,13316513792,0,0.54
2026-08-29T01:05:40.348Z,620.056,861237248,868741120,0,858582016,853692416,4820992,853692416,2723840,0,0,0,13307506688,0,0.61
2026-08-29T01:05:50.348Z,630.056,861380608,868741120,0,858741760,853852160,4820992,853852160,2723840,0,0,0,13310976000,0,0.59
2026-08-29T01:06:00.354Z,640.062,861859840,868741120,0,859204608,854315008,4820992,854315008,2723840,0,0,0,13321441280,0,0.65
2026-08-29T01:06:10.348Z,650.056,862121984,868741120,0,859466752,854577152,4820992,854577152,2723840,0,0,0,13313650688,0,0.63
2026-08-29T01:06:20.342Z,660.05,862564352,868741120,0,859954176,855064576,4820992,855064576,2723840,0,0,0,13311664128,0,0.53
2026-08-29T01:06:30.351Z,670.059,859512832,868741120,0,856857600,851968000,4820992,851968000,2723840,0,0,0,13303812096,0,0.53
2026-08-29T01:06:40.348Z,680.056,859439104,868741120,0,856914944,852025344,4820992,852025344,2723840,0,0,0,13310431232,0,0.45
2026-08-29T01:06:50.348Z,690.056,859512832,868741120,0,856857600,851968000,4820992,851968000,2723840,0,0,0,13318725632,0,0.38
2026-08-29T01:07:00.350Z,700.058,860004352,868741120,0,857365504,852475904,4820992,852475904,2723840,0,0,0,13319471104,0,0.32
2026-08-29T01:07:10.349Z,710.057,858832896,868741120,0,856177664,851288064,4820992,851288064,2723840,0,0,0,13320085504,0,0.42
2026-08-29T01:07:20.346Z,720.054,859938816,868741120,0,857299968,852410368,4820992,852410368,2723840,0,0,0,13313941504,0,0.43
2026-08-29T01:07:30.348Z,730.056,859815936,868741120,0,857160704,852271104,4820992,852271104,2723840,0,0,0,13313286144,0,0.45
2026-08-29T01:07:40.353Z,740.061,858734592,868741120,0,856095744,851206144,4820992,851206144,2723840,0,0,0,13326172160,0,0.61
2026-08-29T01:07:50.349Z,750.057,860307456,868741120,0,857652224,852762624,4820992,852762624,2723840,0,0,0,13313957888,0,0.67
2026-08-29T01:08:00.349Z,760.057,860418048,868741120,0,857779200,852889600,4820992,852889600,2723840,0,0,0,13314576384,0,0.64
2026-08-29T01:08:10.344Z,770.052,860319744,868741120,0,857701376,852811776,4820992,852811776,2723840,0,0,0,13309607936,0,0.62
2026-08-29T01:08:20.357Z,780.065,860200960,868741120,0,857545728,852656128,4820992,852656128,2723840,0,0,0,13307904000,0,0.52
2026-08-29T01:08:30.350Z,790.058,860639232,868741120,0,858000384,853110784,4820992,853110784,2723840,0,0,0,13310767104,0,0.52
2026-08-29T01:08:40.350Z,800.058,860696576,868741120,0,858041344,853151744,4820992,853151744,2723840,0,0,0,13304913920,0,0.52
2026-08-29T01:08:50.350Z,810.058,856891392,868741120,0,854252544,849362944,4820992,849362944,2723840,0,0,0,13295628288,0,0.51
2026-08-29T01:09:00.346Z,820.054,856907776,868741120,0,854297600,849408000,4820992,849408000,2723840,0,0,0,13305225216,0,0.51
2026-08-29T01:09:10.346Z,830.054,856813568,868741120,0,854207488,849317888,4820992,849317888,2723840,0,0,0,13308440576,0,0.43
2026-08-29T01:09:20.346Z,840.054,856281088,868741120,0,853665792,848781312,4820992,848781312,2723840,0,0,0,13308432384,0,0.44
2026-08-29T01:09:30.354Z,850.062,857878528,868741120,0,855223296,850333696,4820992,850333696,2723840,0,0,0,13309571072,0,0.37
2026-08-29T01:09:40.351Z,860.059,858038272,868741120,0,855399424,850509824,4820992,850509824,2723840,0,0,0,13311627264,0,0.4
2026-08-29T01:09:50.347Z,870.055,857776128,868741120,0,855227392,850337792,4820992,850337792,2723840,0,0,0,13314715648,0,0.41
2026-08-29T01:10:00.356Z,880.064,858361856,868741120,0,855706624,850817024,4820992,850817024,2723840,0,0,0,13317296128,0,0.35
2026-08-29T01:10:10.357Z,890.065,858554368,868741120,0,855936000,851046400,4820992,851046400,2723840,0,0,0,13318787072,0,0.37
2026-08-29T01:10:20.359Z,900.067,858783744,868741120,0,856144896,851255296,4820992,851255296,2723840,0,0,0,13321916416,0,0.38
2026-08-29T01:10:30.357Z,910.065,858775552,868741120,0,856157184,851267584,4820992,851267584,2723840,0,0,0,13309579264,0,0.4
2026-08-29T01:10:40.349Z,920.057,858583040,868741120,0,855964672,851075072,4820992,851075072,2723840,0,0,0,13310849024,0,0.34
2026-08-29T01:10:50.355Z,930.063,858423296,868741120,0,855809024,850919424,4820992,850919424,2723840,0,0,0,13311979520,0,0.36
2026-08-29T01:11:00.351Z,940.059,859561984,868741120,0,856906752,852017152,4820992,852017152,2723840,0,0,0,13314981888,0,0.54
2026-08-29T01:11:10.348Z,950.056,860372992,868741120,0,857730048,852840448,4820992,852840448,2723840,0,0,0,13309165568,0,0.53
2026-08-29T01:11:20.350Z,960.058,860770304,868741120,0,858115072,853225472,4820992,853225472,2723840,0,0,0,13309014016,0,0.45
2026-08-29T01:11:30.350Z,970.058,859918336,868741120,0,857294848,852410368,4820992,852410368,2723840,0,0,0,13312237568,0,0.46
2026-08-29T01:11:40.353Z,980.061,861659136,868741120,0,859003904,854114304,4820992,854114304,2723840,0,0,0,13315629056,0,0.47
2026-08-29T01:11:50.357Z,990.065,861659136,868741120,0,859040768,854151168,4820992,854151168,2723840,0,0,0,13310275584,0,0.39
2026-08-29T01:12:00.351Z,1000.059,861601792,868741120,0,858978304,854093824,4820992,854093824,2723840,0,0,0,13310242816,0,0.41
2026-08-29T01:12:10.355Z,1010.063,862810112,868741120,0,860191744,855302144,4820992,855302144,2723840,0,0,0,13317107712,0,0.34
2026-08-29T01:12:20.351Z,1020.059,859299840,868741120,0,856644608,851755008,4820992,851755008,2723840,0,0,0,13320364032,0,0.36
2026-08-29T01:12:30.354Z,1030.062,859164672,868741120,0,856525824,851636224,4820992,851636224,2723840,0,0,0,13322027008,0,0.46
2026-08-29T01:12:40.347Z,1040.055,859348992,868741120,0,856738816,851849216,4820992,851849216,2723840,0,0,0,13313048576,0,0.55
2026-08-29T01:12:50.355Z,1050.063,859627520,868741120,0,856972288,852082688,4820992,852082688,2723840,0,0,0,13308837888,0,0.69
2026-08-29T01:13:00.354Z,1060.062,860266496,868741120,0,857611264,852721664,4820992,852721664,2723840,0,0,0,13312958464,0,0.66
2026-08-29T01:13:10.355Z,1070.063,860016640,868741120,0,857377792,852488192,4820992,852488192,2723840,0,0,0,13313839104,0,0.72
2026-08-29T01:13:20.361Z,1080.069,859729920,868741120,0,857091072,852201472,4820992,852201472,2723840,0,0,0,13315596288,0,0.69
2026-08-29T01:13:30.353Z,1090.061,857026560,868741120,0,854387712,849498112,4820992,849498112,2723840,0,0,0,13314916352,0,0.66
2026-08-29T01:13:40.355Z,1100.063,857018368,868741120,0,854383616,849494016,4820992,849494016,2723840,0,0,0,13315227648,0,0.71
2026-08-29T01:13:50.349Z,1110.057,857341952,868741120,0,854699008,849809408,4820992,849809408,2723840,0,0,0,13317042176,0,0.68
2026-08-29T01:14:00.347Z,1120.055,857481216,868741120,0,854871040,849981440,4820992,849981440,2723840,0,0,0,13315526656,0,0.66
2026-08-29T01:14:10.355Z,1130.063,857714688,868741120,0,855063552,850173952,4820992,850173952,2723840,0,0,0,13315555328,0,0.64
2026-08-29T01:14:20.360Z,1140.068,857776128,868741120,0,855124992,850235392,4820992,850235392,2723840,0,0,0,13319282688,0,0.61
2026-08-29T01:14:30.347Z,1150.055,857735168,868741120,0,855124992,850235392,4820992,850235392,2723840,0,0,0,13308407808,0,0.6
2026-08-29T01:14:40.347Z,1160.055,857526272,868741120,0,854901760,850018304,4816896,850018304,2727936,0,0,0,13302476800,0,0.59
2026-08-29T01:14:50.356Z,1170.064,857559040,868741120,0,854903808,850014208,4820992,850014208,2723840,0,0,0,13313941504,0,0.5
2026-08-29T01:15:00.354Z,1180.062,857669632,868741120,0,855014400,850124800,4820992,850124800,2723840,0,0,0,13313601536,0,0.57
2026-08-29T01:15:10.355Z,1190.063,857935872,868741120,0,855280640,850391040,4820992,850391040,2723840,0,0,0,13319200768,0,0.57
2026-08-29T01:15:20.351Z,1200.059,858091520,868741120,0,855440384,850550784,4820992,850550784,2723840,0,0,0,13313212416,0,0.63
2026-08-29T01:15:30.352Z,1210.06,858497024,868741120,0,855862272,850972672,4820992,850972672,2723840,0,0,0,13315772416,0,0.69
2026-08-29T01:15:40.355Z,1220.063,858152960,868741120,0,855518208,850628608,4820992,850628608,2723840,0,0,0,13317009408,0,0.58
2026-08-29T01:15:50.351Z,1230.059,858046464,868741120,0,855435264,850546688,4820992,850546688,2723840,0,0,0,13314146304,0,0.49
2026-08-29T01:16:00.356Z,1240.064,858341376,868741120,0,855686144,850796544,4820992,850796544,2723840,0,0,0,13312491520,0,0.57
2026-08-29T01:16:10.360Z,1250.068,858533888,868741120,0,855882752,850993152,4820992,850993152,2723840,0,0,0,13310423040,0,0.56
2026-08-29T01:16:20.345Z,1260.053,858525696,868741120,0,855907328,851017728,4820992,851017728,2723840,0,0,0,13314256896,0,0.55
2026-08-29T01:16:30.353Z,1270.061,858578944,868741120,0,855944192,851054592,4820992,851054592,2723840,0,0,0,13294755840,0,0.54
2026-08-29T01:16:40.347Z,1280.055,858517504,868741120,0,855907328,851017728,4820992,851017728,2723840,0,0,0,13292687360,0,0.46
2026-08-29T01:16:50.353Z,1290.061,858624000,868741120,0,855972864,851083264,4820992,851083264,2723840,0,0,0,13303296000,0,0.39
2026-08-29T01:17:00.362Z,1300.07,854781952,868741120,0,852151296,847261696,4820992,847261696,2723840,0,0,0,13309202432,0,0.41
2026-08-29T01:17:10.347Z,1310.055,854970368,868741120,0,852360192,847470592,4820992,847470592,2723840,0,0,0,13292941312,0,0.42
2026-08-29T01:17:20.360Z,1320.068,854769664,868741120,0,852118528,847228928,4820992,847228928,2723840,0,0,0,13299118080,0,0.51
2026-08-29T01:17:30.357Z,1330.065,854392832,868741120,0,851774464,846884864,4820992,846884864,2723840,0,0,0,13296263168,0,0.66
2026-08-29T01:17:40.352Z,1340.06,854298624,868741120,0,851663872,846774272,4820992,846774272,2723840,0,0,0,13292335104,0,0.8
2026-08-29T01:17:50.354Z,1350.062,854093824,868741120,0,851459072,846569472,4820992,846569472,2723840,0,0,0,13288284160,0,0.75
2026-08-29T01:18:00.357Z,1360.065,853827584,868741120,0,851209216,846319616,4820992,846319616,2723840,0,0,0,13296746496,0,0.79
2026-08-29T01:18:10.338Z,1370.046,853929984,868741120,0,851310592,846422016,4820992,846422016,2723840,0,0,0,13298458624,0,0.67
2026-08-29T01:18:20.361Z,1380.069,849367040,868741120,0,846715904,841826304,4820992,841826304,2723840,0,0,0,13299634176,0,0.57
2026-08-29T01:18:30.352Z,1390.06,850366464,868741120,0,847731712,842842112,4820992,842842112,2723840,0,0,0,13293985792,0,0.55
2026-08-29T01:18:40.359Z,1400.067,850251776,868741120,0,847596544,842706944,4820992,842706944,2723840,0,0,0,13295169536,0,0.62
2026-08-29T01:18:50.353Z,1410.061,850038784,868741120,0,847404032,842514432,4820992,842514432,2723840,0,0,0,13289717760,0,0.68
2026-08-29T01:19:00.351Z,1420.059,850329600,868741120,0,847711232,842821632,4820992,842821632,2723840,0,0,0,13301395456,0,0.58
2026-08-29T01:19:10.351Z,1430.059,850149376,868741120,0,847498240,842608640,4820992,842608640,2723840,0,0,0,13317623808,0,0.49
2026-08-29T01:19:20.357Z,1440.065,851202048,868741120,0,848550912,843661312,4820992,843661312,2723840,0,0,0,13309583360,0,0.64
2026-08-29T01:19:30.358Z,1450.066,851079168,868741120,0,848428032,843538432,4820992,843538432,2723840,0,0,0,13315493888,0,0.54
2026-08-29T01:19:40.350Z,1460.058,851062784,868741120,0,848407552,843517952,4820992,843517952,2723840,0,0,0,13316665344,0,0.53
2026-08-29T01:19:50.351Z,1470.059,850878464,868741120,0,848223232,843333632,4820992,843333632,2723840,0,0,0,13313519616,0,0.6
2026-08-29T01:20:00.360Z,1480.068,850620416,868741120,0,848010240,843120640,4820992,843120640,2723840,0,0,0,13328887808,0,0.59
2026-08-29T01:20:10.352Z,1490.06,851091456,868741120,0,848436224,843546624,4820992,843546624,2723840,0,0,0,13315866624,0,0.5
2026-08-29T01:20:20.357Z,1500.065,851361792,868741120,0,848706560,843816960,4820992,843816960,2723840,0,0,0,13316890624,0,0.58
2026-08-29T01:20:30.351Z,1510.059,851300352,868741120,0,848645120,843755520,4820992,843755520,2723840,0,0,0,13323796480,0,0.57
2026-08-29T01:20:40.351Z,1520.059,851402752,868741120,0,848747520,843857920,4820992,843857920,2723840,0,0,0,13312385024,0,0.55
2026-08-29T01:20:50.352Z,1530.06,851173376,868741120,0,848562176,843673600,4820992,843673600,2723840,0,0,0,13307858944,0,0.47
2026-08-29T01:21:00.352Z,1540.06,851038208,868741120,0,848382976,843493376,4820992,843493376,2723840,0,0,0,13311541248,0,0.47
2026-08-29T01:21:10.349Z,1550.057,850976768,868741120,0,848337920,843448320,4820992,843448320,2723840,0,0,0,13303975936,0,0.63
2026-08-29T01:21:20.344Z,1560.052,850612224,868741120,0,847992832,843104256,4820992,843104256,2723840,0,0,0,13313318912,0,0.53
2026-08-29T01:21:30.353Z,1570.061,850472960,868741120,0,847817728,842928128,4820992,842928128,2723840,0,0,0,13302751232,0,0.45
2026-08-29T01:21:40.353Z,1580.061,850259968,868741120,0,847604736,842715136,4820992,842715136,2723840,0,0,0,13301796864,0,0.45
2026-08-29T01:21:50.356Z,1590.064,849223680,868741120,0,846568448,841678848,4820992,841678848,2723840,0,0,0,13316177920,0,0.46
2026-08-29T01:22:00.361Z,1600.069,850022400,868741120,0,847371264,842481664,4820992,842481664,2723840,0,0,0,13306384384,0,0.55
2026-08-29T01:22:10.352Z,1610.06,850399232,868741120,0,847744000,842854400,4820992,842854400,2723840,0,0,0,13305438208,0,0.61
2026-08-29T01:22:20.354Z,1620.062,850309120,868741120,0,847653888,842764288,4820992,842764288,2723840,0,0,0,13310910464,0,0.6
2026-08-29T01:22:30.354Z,1630.062,850153472,868741120,0,847506432,842616832,4820992,842616832,2723840,0,0,0,13303840768,0,0.58
2026-08-29T01:22:40.360Z,1640.068,850423808,868741120,0,847768576,842878976,4820992,842878976,2723840,0,0,0,13302370304,0,0.72
2026-08-29T01:22:50.360Z,1650.068,850759680,868741120,0,848104448,843214848,4820992,843214848,2723840,0,0,0,13306372096,0,0.69
2026-08-29T01:23:00.352Z,1660.06,846479360,868741120,0,843824128,838934528,4820992,838934528,2723840,0,0,0,13312798720,0,0.58
2026-08-29T01:23:10.354Z,1670.062,846979072,868741120,0,844323840,839434240,4820992,839434240,2723840,0,0,0,13303283712,0,0.49
2026-08-29T01:23:20.355Z,1680.063,846942208,868741120,0,844286976,839397376,4820992,839397376,2723840,0,0,0,13315919872,0,0.5
2026-08-29T01:23:30.368Z,1690.076,846811136,868741120,0,844160000,839270400,4820992,839270400,2723840,0,0,0,13306519552,0,0.42
2026-08-29T01:23:40.367Z,1700.075,846622720,868741120,0,843992064,839102464,4820992,839102464,2723840,0,0,0,13309001728,0,0.43
2026-08-29T01:23:50.357Z,1710.065,846356480,868741120,0,843721728,838832128,4820992,838832128,2723840,0,0,0,13304877056,0,0.36
2026-08-29T01:24:00.363Z,1720.071,846184448,868741120,0,843533312,838643712,4820992,838643712,2723840,0,0,0,13304569856,0,0.39
2026-08-29T01:24:10.358Z,1730.066,845082624,868741120,0,842456064,837566464,4820992,837566464,2723840,0,0,0,13301661696,0,0.55
2026-08-29T01:24:20.357Z,1740.065,845996032,868741120,0,843361280,838471680,4820992,838471680,2723840,0,0,0,13308002304,0,0.62
2026-08-29T01:24:30.367Z,1750.075,846733312,868741120,0,844082176,839192576,4820992,839192576,2723840,0,0,0,13305405440,0,0.68
2026-08-29T01:24:40.367Z,1760.075,846622720,868741120,0,843971584,839081984,4820992,839081984,2723840,0,0,0,13300912128,0,0.64
2026-08-29T01:24:50.358Z,1770.066,847167488,868741120,0,844528640,839639040,4820992,839639040,2723840,0,0,0,13311447040,0,0.63
2026-08-29T01:25:00.363Z,1780.071,847355904,868741120,0,844700672,839811072,4820992,839811072,2723840,0,0,0,13306007552,0,0.6
2026-08-29T01:25:10.362Z,1790.07,847069184,868741120,0,844413952,839524352,4820992,839524352,2723840,0,0,0,13312270336,0,0.58
2026-08-29T01:25:20.359Z,1800.067,847052800,868741120,0,844397568,839507968,4820992,839507968,2723840,0,0,0,13305528320,0,0.57
2026-08-29T01:25:30.361Z,1810.069,846917632,868741120,0,844262400,839372800,4820992,839372800,2723840,0,0,0,13298323456,0,0.56
2026-08-29T01:25:40.372Z,1820.08,846880768,868741120,0,844225536,839335936,4820992,839335936,2723840,0,0,0,13300764672,0,0.63
2026-08-29T01:25:50.361Z,1830.069,846888960,868741120,0,844278784,839389184,4820992,839389184,2723840,0,0,0,13306249216,0,0.61
2026-08-29T01:26:00.357Z,1840.065,846823424,868741120,0,844188672,839299072,4820992,839299072,2723840,0,0,0,13303422976,0,0.67
2026-08-29T01:26:10.361Z,1850.069,846807040,868741120,0,844176384,839286784,4820992,839286784,2723840,0,0,0,13296164864,0,0.57
2026-08-29T01:26:20.355Z,1860.063,846868480,868741120,0,844233728,839344128,4820992,839344128,2723840,0,0,0,13303316480,0,0.56
2026-08-29T01:26:30.369Z,1870.077,848252928,868741120,0,845597696,840708096,4820992,840708096,2723840,0,0,0,13302616064,0,0.47
2026-08-29T01:26:40.356Z,1880.064,848334848,868741120,0,845716480,840826880,4820992,840826880,2723840,0,0,0,13300846592,0,0.47
2026-08-29T01:26:50.363Z,1890.071,848044032,868741120,0,845388800,840499200,4820992,840499200,2723840,0,0,0,13299240960,0,0.56
2026-08-29T01:27:00.364Z,1900.072,848769024,868741120,0,846126080,841236480,4820992,841236480,2723840,0,0,0,13293502464,0,0.54
2026-08-29T01:27:10.354Z,1910.062,848478208,868741120,0,845868032,840978432,4820992,840978432,2723840,0,0,0,13301153792,0,0.54
2026-08-29T01:27:20.366Z,1920.074,848867328,868741120,0,846212096,841322496,4820992,841322496,2723840,0,0,0,13307412480,0,0.53
2026-08-29T01:27:30.362Z,1930.07,845152256,868741120,0,842529792,837640192,4820992,837640192,2723840,0,0,0,13303570432,0,0.52
2026-08-29T01:27:40.365Z,1940.073,845090816,868741120,0,842435584,837545984,4820992,837545984,2723840,0,0,0,13306707968,0,0.52
2026-08-29T01:27:50.355Z,1950.063,845463552,868741120,0,842845184,837955584,4820992,837955584,2723840,0,0,0,13296631808,0,0.44
2026-08-29T01:28:00.360Z,1960.068,845971456,868741120,0,843340800,838451200,4820992,838451200,2723840,0,0,0,13305065472,0,0.37
2026-08-29T01:28:10.355Z,1970.063,845795328,868741120,0,843134976,838250496,4820992,838250496,2723840,0,0,0,13302030336,0,0.39
2026-08-29T01:28:20.366Z,1980.074,845586432,868741120,0,842976256,838086656,4820992,838086656,2723840,0,0,0,13307203584,0,0.33
2026-08-29T01:28:30.366Z,1990.074,845582336,868741120,0,842927104,838037504,4820992,838037504,2723840,0,0,0,13301104640,0,0.28
2026-08-29T01:28:40.369Z,2000.077,845340672,868741120,0,842685440,837795840,4820992,837795840,2723840,0,0,0,13296668672,0,0.31
2026-08-29T01:28:50.368Z,2010.076,845258752,868741120,0,842603520,837713920,4820992,837713920,2723840,0,0,0,13299531776,0,0.34
2026-08-29T01:29:00.358Z,2020.066,845496320,868741120,0,842841088,837951488,4820992,837951488,2723840,0,0,0,13300969472,0,0.37
2026-08-29T01:29:10.362Z,2030.07,845373440,868741120,0,842763264,837873664,4820992,837873664,2723840,0,0,0,13310795776,0,0.39
2026-08-29T01:29:20.359Z,2040.067,845737984,868741120,0,843090944,838201344,4820992,838201344,2723840,0,0,0,13294370816,0,0.41
2026-08-29T01:29:30.369Z,2050.077,845590528,868741120,0,842935296,838045696,4820992,838045696,2723840,0,0,0,13296013312,0,0.5
2026-08-29T01:29:40.357Z,2060.065,845611008,868741120,0,842968064,838078464,4820992,838078464,2723840,0,0,0,13298532352,0,0.57
2026-08-29T01:29:50.357Z,2070.065,845287424,868741120,0,842673152,837783552,4820992,837783552,2723840,0,0,0,13312872448,0,0.48
2026-08-29T01:30:00.358Z,2080.066,845139968,868741120,0,842488832,837599232,4820992,837599232,2723840,0,0,0,13293219840,0,0.41
2026-08-29T01:30:10.357Z,2090.065,845078528,868741120,0,842468352,837578752,4820992,837578752,2723840,0,0,0,13299712000,0,0.34
2026-08-29T01:30:20.357Z,2100.065,844288000,868741120,0,841677824,836788224,4820992,836788224,2723840,0,0,0,13312540672,0,0.37
2026-08-29T01:30:30.361Z,2110.069,845262848,868741120,0,842624000,837734400,4820992,837734400,2723840,0,0,0,13301649408,0,0.31
2026-08-29T01:30:40.363Z,2120.071,845230080,868741120,0,842578944,837689344,4820992,837689344,2723840,0,0,0,13287911424,0,0.27
2026-08-29T01:30:50.365Z,2130.073,845217792,868741120,0,842566656,837677056,4820992,837677056,2723840,0,0,0,13293203456,0,0.3
2026-08-29T01:31:00.370Z,2140.078,845193216,868741120,0,842562560,837672960,4820992,837672960,2723840,0,0,0,13300240384,0,0.41
2026-08-29T01:31:10.362Z,2150.07,845336576,868741120,0,842690560,837804032,4820992,837804032,2723840,0,0,0,13298114560,0,0.35
2026-08-29T01:31:20.359Z,2160.067,845389824,868741120,0,842734592,837844992,4820992,837844992,2723840,0,0,0,13293060096,0,0.37
2026-08-29T01:31:30.364Z,2170.072,845500416,868741120,0,842882048,837992448,4820992,837992448,2723840,0,0,0,13307928576,0,0.39
2026-08-29T01:31:40.370Z,2180.078,845508608,868741120,0,842890240,838000640,4820992,838000640,2723840,0,0,0,13316829184,0,0.33
2026-08-29T01:31:50.363Z,2190.071,845524992,868741120,0,842890240,838000640,4820992,838000640,2723840,0,0,0,13327073280,0,0.28
2026-08-29T01:32:00.363Z,2200.071,845578240,868741120,0,842959872,838070272,4820992,838070272,2723840,0,0,0,13317967872,0,0.39
2026-08-29T01:32:10.361Z,2210.069,845815808,868741120,0,843205632,838316032,4820992,838316032,2723840,0,0,0,13327609856,0,0.33
2026-08-29T01:32:20.364Z,2220.072,845787136,868741120,0,843168768,838279168,4820992,838279168,2723840,0,0,0,13326393344,0,0.28
2026-08-29T01:32:30.364Z,2230.072,846077952,868741120,0,843422720,838533120,4820992,838533120,2723840,0,0,0,13327761408,0,0.32
2026-08-29T01:32:40.363Z,2240.071,846077952,868741120,0,843467776,838578176,4820992,838578176,2723840,0,0,0,13327560704,0,0.43
2026-08-29T01:32:50.369Z,2250.077,846094336,868741120,0,843496448,838606848,4820992,838606848,2723840,0,0,0,13329072128,0,0.44
2026-08-29T01:33:00.362Z,2260.07,847249408,868741120,0,844647424,839757824,4820992,839757824,2723840,0,0,0,13324062720,0,0.37
2026-08-29T01:33:10.360Z,2270.068,847552512,868741120,0,844942336,840052736,4820992,840052736,2723840,0,0,0,13332148224,0,0.47
2026-08-29T01:33:20.363Z,2280.071,847777792,868741120,0,845167616,840278016,4820992,840278016,2723840,0,0,0,13316005888,0,0.48
2026-08-29T01:33:30.362Z,2290.07,848297984,868741120,0,845683712,840794112,4820992,840794112,2723840,0,0,0,13322047488,0,0.48
2026-08-29T01:33:40.364Z,2300.072,848388096,868741120,0,845827072,840937472,4820992,840937472,2723840,0,0,0,13327048704,0,0.4
2026-08-29T01:33:50.370Z,2310.078,848297984,868741120,0,845679616,840790016,4820992,840790016,2723840,0,0,0,13325524992,0,0.41
2026-08-29T01:34:00.369Z,2320.077,848838656,868741120,0,846228480,841338880,4820992,841338880,2723840,0,0,0,13321256960,0,0.43
2026-08-29T01:34:10.360Z,2330.068,847888384,868741120,0,845245440,840355840,4820992,840355840,2723840,0,0,0,13315194880,0,0.6
2026-08-29T01:34:20.359Z,2340.067,848838656,868741120,0,846228480,841338880,4820992,841338880,2723840,0,0,0,13327069184,0,0.66
2026-08-29T01:34:30.361Z,2350.069,848834560,868741120,0,846216192,841326592,4820992,841326592,2723840,0,0,0,13324619776,0,0.71
2026-08-29T01:34:40.361Z,2360.069,848838656,868741120,0,846183424,841293824,4820992,841293824,2723840,0,0,0,13309784064,0,0.67
2026-08-29T01:34:50.361Z,2370.069,849469440,868741120,0,846814208,841924608,4820992,841924608,2723840,0,0,0,13321994240,0,0.64
2026-08-29T01:35:00.364Z,2380.072,849313792,868741120,0,846695424,841805824,4820992,841805824,2723840,0,0,0,13321732096,0,0.62
2026-08-29T01:35:10.361Z,2390.069,849891328,868741120,0,847260672,842371072,4820992,842371072,2723840,0,0,0,13326127104,0,0.52
2026-08-29T01:35:20.359Z,2400.067,850046976,868741120,0,847412224,842522624,4820992,842522624,2723840,0,0,0,13321007104,0,0.44
2026-08-29T01:35:30.376Z,2410.084,850063360,868741120,0,847453184,842563584,4820992,842563584,2723840,0,0,0,13316395008,0,0.45
2026-08-29T01:35:40.360Z,2420.068,850202624,868741120,0,847580160,842690560,4820992,842690560,2723840,0,0,0,13314842624,0,0.38
2026-08-29T01:35:50.360Z,2430.068,850202624,868741120,0,847584256,842694656,4820992,842694656,2723840,0,0,0,13321977856,0,0.56
2026-08-29T01:36:00.362Z,2440.07,850841600,868741120,0,848223232,843333632,4820992,843333632,2723840,0,0,0,13315280896,0,0.63
2026-08-29T01:36:10.368Z,2450.076,851505152,868741120,0,848894976,844005376,4820992,844005376,2723840,0,0,0,13313404928,0,0.53
2026-08-29T01:36:20.360Z,2460.068,850599936,868741120,0,847989760,843100160,4820992,843100160,2723840,0,0,0,13316644864,0,0.45
2026-08-29T01:36:30.364Z,2470.072,850575360,868741120,0,847956992,843067392,4820992,843067392,2723840,0,0,0,13323640832,0,0.38
2026-08-29T01:36:40.362Z,2480.07,851484672,868741120,0,848866304,843976704,4820992,843976704,2723840,0,0,0,13317959680,0,0.32
2026-08-29T01:36:50.362Z,2490.07,851599360,868741120,0,848989184,844099584,4820992,844099584,2723840,0,0,0,13320126464,0,0.27
2026-08-29T01:37:00.365Z,2500.073,851595264,868741120,0,848976896,844087296,4820992,844087296,2723840,0,0,0,13321031680,0,0.23
2026-08-29T01:37:10.375Z,2510.083,851591168,868741120,0,848980992,844091392,4820992,844091392,2723840,0,0,0,13324521472,0,0.27
2026-08-29T01:37:20.363Z,2520.071,851554304,868741120,0,848935936,844046336,4820992,844046336,2723840,0,0,0,13327400960,0,0.37
2026-08-29T01:37:30.370Z,2530.078,851701760,868741120,0,849091584,844201984,4820992,844201984,2723840,0,0,0,13322354688,0,0.4
2026-08-29T01:37:40.368Z,2540.076,851709952,868741120,0,849099776,844210176,4820992,844210176,2723840,0,0,0,13317406720,0,0.34
2026-08-29T01:37:50.363Z,2550.071,851718144,868741120,0,849103872,844214272,4820992,844214272,2723840,0,0,0,13328003072,0,0.44
2026-08-29T01:38:00.361Z,2560.069,851685376,868741120,0,849050624,844161024,4820992,844161024,2723840,0,0,0,13325217792,0,0.37
2026-08-29T01:38:10.375Z,2570.083,851836928,868741120,0,849198080,844308480,4820992,844308480,2723840,0,0,0,13305024512,0,0.39
2026-08-29T01:38:20.364Z,2580.072,851861504,868741120,0,849243136,844353536,4820992,844353536,2723840,0,0,0,13312843776,0,0.49
2026-08-29T01:38:30.363Z,2590.071,851812352,868741120,0,849193984,844304384,4820992,844304384,2723840,0,0,0,13301891072,0,0.49
2026-08-29T01:38:40.375Z,2600.083,851886080,868741120,0,849230848,844341248,4820992,844341248,2723840,0,0,0,13318438912,0,0.49
2026-08-29T01:38:50.369Z,2610.077,851697664,868741120,0,849042432,844152832,4820992,844152832,2723840,0,0,0,13319606272,0,0.42
2026-08-29T01:39:00.367Z,2620.075,851763200,868741120,0,849107968,844218368,4820992,844218368,2723840,0,0,0,13316714496,0,0.35
2026-08-29T01:39:10.367Z,2630.075,851628032,868741120,0,848972800,844083200,4820992,844083200,2723840,0,0,0,13328150528,0,0.45
2026-08-29T01:39:20.368Z,2640.076,851623936,868741120,0,848985088,844095488,4820992,844095488,2723840,0,0,0,13323530240,0,0.46
2026-08-29T01:39:30.370Z,2650.078,851509248,868741120,0,848854016,843964416,4820992,843964416,2723840,0,0,0,13331820544,0,0.39
2026-08-29T01:39:40.367Z,2660.075,851570688,868741120,0,848915456,844025856,4820992,844025856,2723840,0,0,0,13326323712,0,0.41
2026-08-29T01:39:50.377Z,2670.085,851668992,868741120,0,849013760,844124160,4820992,844124160,2723840,0,0,0,13323587584,0,0.58
2026-08-29T01:40:00.368Z,2680.076,851636224,868741120,0,848980992,844091392,4820992,844091392,2723840,0,0,0,13325545472,0,0.49
2026-08-29T01:40:10.364Z,2690.071,851615744,868741120,0,849001472,844111872,4820992,844111872,2723840,0,0,0,13315948544,0,0.49
2026-08-29T01:40:20.379Z,2700.087,851664896,868741120,0,849009664,844120064,4820992,844120064,2723840,0,0,0,13324259328,0,0.41
2026-08-29T01:40:30.373Z,2710.081,851570688,868741120,0,848960512,844070912,4820992,844070912,2723840,0,0,0,13317918720,0,0.35
2026-08-29T01:40:40.365Z,2720.073,851537920,868741120,0,848927744,844038144,4820992,844038144,2723840,0,0,0,13317869568,0,0.38
2026-08-29T01:40:50.365Z,2730.073,851542016,868741120,0,848894976,844005376,4820992,844005376,2723840,0,0,0,13309833216,0,0.39
2026-08-29T01:41:00.366Z,2740.074,851664896,868741120,0,849054720,844165120,4820992,844165120,2723840,0,0,0,13316730880,0,0.41
2026-08-29T01:41:10.363Z,2750.071,851775488,868741120,0,849144832,844255232,4820992,844255232,2723840,0,0,0,13320417280,0,0.35
2026-08-29T01:41:20.371Z,2760.079,851738624,868741120,0,849128448,844238848,4820992,844238848,2723840,0,0,0,13309857792,0,0.29
2026-08-29T01:41:30.375Z,2770.083,851759104,868741120,0,849103872,844214272,4820992,844214272,2723840,0,0,0,13311057920,0,0.25
2026-08-29T01:41:40.382Z,2780.09,851722240,868741120,0,849067008,844177408,4820992,844177408,2723840,0,0,0,13318221824,0,0.37
2026-08-29T01:41:50.375Z,2790.083,851779584,868741120,0,849124352,844234752,4820992,844234752,2723840,0,0,0,13318549504,0,0.39
2026-08-29T01:42:00.380Z,2800.088,851771392,868741120,0,849116160,844226560,4820992,844226560,2723840,0,0,0,13309726720,0,0.41
2026-08-29T01:42:10.367Z,2810.075,851738624,868741120,0,849128448,844238848,4820992,844238848,2723840,0,0,0,13318209536,0,0.34
2026-08-29T01:42:20.366Z,2820.074,851841024,868741120,0,849193984,844304384,4820992,844304384,2723840,0,0,0,13320482816,0,0.37
2026-08-29T01:42:30.371Z,2830.079,851742720,868741120,0,849128448,844238848,4820992,844238848,2723840,0,0,0,13317324800,0,0.31
2026-08-29T01:42:40.381Z,2840.089,851775488,868741120,0,849161216,844271616,4820992,844271616,2723840,0,0,0,13320122368,0,0.42
2026-08-29T01:42:50.374Z,2850.082,851755008,868741120,0,849099776,844210176,4820992,844210176,2723840,0,0,0,13320433664,0,0.44
2026-08-29T01:43:00.375Z,2860.083,851767296,868741120,0,849112064,844222464,4820992,844222464,2723840,0,0,0,13321760768,0,0.37
2026-08-29T01:43:10.369Z,2870.077,851767296,868741120,0,849157120,844267520,4820992,844267520,2723840,0,0,0,13313929216,0,0.31
2026-08-29T01:43:20.379Z,2880.087,851750912,868741120,0,849095680,844206080,4820992,844206080,2723840,0,0,0,13313343488,0,0.34
2026-08-29T01:43:30.376Z,2890.084,851763200,868741120,0,849107968,844218368,4820992,844218368,2723840,0,0,0,13313261568,0,0.44
2026-08-29T01:43:40.354Z,2900.062,851726336,868741120,0,849111040,844222464,4820992,844222464,2723840,0,0,0,13319548928,0,0.38
2026-08-29T01:43:50.381Z,2910.089,851726336,868741120,0,849075200,844185600,4820992,844185600,2723840,0,0,0,13323313152,0,0.47
2026-08-29T01:44:00.380Z,2920.088,851750912,868741120,0,849095680,844206080,4820992,844206080,2723840,0,0,0,13326983168,0,0.48
2026-08-29T01:44:10.380Z,2930.088,851730432,868741120,0,849112064,844222464,4820992,844222464,2723840,0,0,0,13321011200,0,0.63
2026-08-29T01:44:20.376Z,2940.084,851685376,868741120,0,849030144,844140544,4820992,844140544,2723840,0,0,0,13316464640,0,0.78
2026-08-29T01:44:30.376Z,2950.084,847945728,868741120,0,845335552,840445952,4820992,840445952,2723840,0,0,0,13322461184,0,0.73
2026-08-29T01:44:40.372Z,2960.08,848011264,868741120,0,845360128,840470528,4820992,840470528,2723840,0,0,0,13317275648,0,0.7
2026-08-29T01:44:50.377Z,2970.085,848044032,868741120,0,845388800,840499200,4820992,840499200,2723840,0,0,0,13320097792,0,0.59
2026-08-29T01:45:00.386Z,2980.094,847126528,868741120,0,844471296,839581696,4820992,839581696,2723840,0,0,0,13313536000,0,0.66
2026-08-29T01:45:10.371Z,2990.079,848027648,868741120,0,845417472,840527872,4820992,840527872,2723840,0,0,0,13331988480,0,0.56
2026-08-29T01:45:20.384Z,3000.092,847994880,868741120,0,845384704,840495104,4820992,840495104,2723840,0,0,0,13329375232,0,0.47
2026-08-29T01:45:30.377Z,3010.085,848027648,868741120,0,845404160,840515584,4820992,840515584,2723840,0,0,0,13322809344,0,0.48
2026-08-29T01:45:40.377Z,3020.085,848076800,868741120,0,845425664,840536064,4820992,840536064,2723840,0,0,0,13332037632,0,0.48
2026-08-29T01:45:50.373Z,3030.081,848125952,868741120,0,845478912,840589312,4820992,840589312,2723840,0,0,0,13319286784,0,0.4
2026-08-29T01:46:00.373Z,3040.081,847048704,868741120,0,844438528,839548928,4820992,839548928,2723840,0,0,0,13325074432,0,0.42
2026-08-29T01:46:10.381Z,3050.089,847917056,868741120,0,845261824,840372224,4820992,840372224,2723840,0,0,0,13316845568,0,0.51
2026-08-29T01:46:20.376Z,3060.084,847937536,868741120,0,845290496,840400896,4820992,840400896,2723840,0,0,0,13322039296,0,0.43
2026-08-29T01:46:30.373Z,3070.081,847831040,868741120,0,845220864,840331264,4820992,840331264,2723840,0,0,0,13316841472,0,0.37
2026-08-29T01:46:40.359Z,3080.067,847917056,868741120,0,845298688,840409088,4820992,840409088,2723840,0,0,0,13321506816,0,0.31
2026-08-29T01:46:50.378Z,3090.086,847962112,868741120,0,845315072,840425472,4820992,840425472,2723840,0,0,0,13321375744,0,0.34
2026-08-29T01:47:00.376Z,3100.084,847958016,868741120,0,845302784,840413184,4820992,840413184,2723840,0,0,0,13328093184,0,0.36
2026-08-29T01:47:10.372Z,3110.08,847933440,868741120,0,845310976,840421376,4820992,840421376,2723840,0,0,0,13328228352,0,0.38
2026-08-29T01:47:20.376Z,3120.084,847884288,868741120,0,845249536,840359936,4820992,840359936,2723840,0,0,0,13327437824,0,0.48
2026-08-29T01:47:30.374Z,3130.082,847937536,868741120,0,845282304,840392704,4820992,840392704,2723840,0,0,0,13325299712,0,0.56
2026-08-29T01:47:40.376Z,3140.084,847929344,868741120,0,845282304,840392704,4820992,840392704,2723840,0,0,0,13317451776,0,0.55
2026-08-29T01:47:50.373Z,3150.081,847937536,868741120,0,845319168,840429568,4820992,840429568,2723840,0,0,0,13319692288,0,0.46
2026-08-29T01:48:00.373Z,3160.081,847872000,868741120,0,845261824,840372224,4820992,840372224,2723840,0,0,0,13323751424,0,0.47
2026-08-29T01:48:10.385Z,3170.093,847990784,868741120,0,845368320,840478720,4820992,840478720,2723840,0,0,0,13316534272,0,0.39
2026-08-29T01:48:20.375Z,3180.083,847970304,868741120,0,845351936,840462336,4820992,840462336,2723840,0,0,0,13327159296,0,0.33
2026-08-29T01:48:30.382Z,3190.09,847908864,868741120,0,845294592,840404992,4820992,840404992,2723840,0,0,0,13323034624,0,0.36
2026-08-29T01:48:40.377Z,3200.085,847937536,868741120,0,845290496,840400896,4820992,840400896,2723840,0,0,0,13325115392,0,0.3
2026-08-29T01:48:50.384Z,3210.092,846934016,868741120,0,844323840,839434240,4820992,839434240,2723840,0,0,0,13325627392,0,0.26
2026-08-29T01:49:00.377Z,3220.085,848015360,868741120,0,845368320,840478720,4820992,840478720,2723840,0,0,0,13313785856,0,0.22
2026-08-29T01:49:10.384Z,3230.092,847876096,868741120,0,845265920,840376320,4820992,840376320,2723840,0,0,0,13305024512,0,0.26
2026-08-29T01:49:20.383Z,3240.091,847806464,868741120,0,845200384,840310784,4820992,840310784,2723840,0,0,0,13319872512,0,0.22
2026-08-29T01:49:30.380Z,3250.088,847724544,868741120,0,845110272,840220672,4820992,840220672,2723840,0,0,0,13319610368,0,0.19
2026-08-29T01:49:40.377Z,3260.085,847790080,868741120,0,845179904,840290304,4820992,840290304,2723840,0,0,0,13324787712,0,0.16
2026-08-29T01:49:50.382Z,3270.09,846839808,868741120,0,844229632,839340032,4820992,839340032,2723840,0,0,0,13321490432,0,0.13
2026-08-29T01:50:00.377Z,3280.085,847810560,868741120,0,845200384,840310784,4820992,840310784,2723840,0,0,0,13328453632,0,0.19
2026-08-29T01:50:10.384Z,3290.092,847794176,868741120,0,845179904,840290304,4820992,840290304,2723840,0,0,0,13320146944,0,0.16
2026-08-29T01:50:20.380Z,3300.088,847654912,868741120,0,845003776,840114176,4820992,840114176,2723840,0,0,0,13334413312,0,0.22
2026-08-29T01:50:30.372Z,3310.08,847732736,868741120,0,845081600,840192000,4820992,840192000,2723840,0,0,0,13324165120,0,0.18
2026-08-29T01:50:40.372Z,3320.08,847716352,868741120,0,845065216,840175616,4820992,840175616,2723840,0,0,0,13322379264,0,0.16
2026-08-29T01:50:50.375Z,3330.083,843677696,868741120,0,841026560,836136960,4820992,836136960,2723840,0,0,0,13327781888,0,0.28
2026-08-29T01:51:00.375Z,3340.083,843657216,868741120,0,841038848,836149248,4820992,836149248,2723840,0,0,0,13333487616,0,0.31
2026-08-29T01:51:10.374Z,3350.082,843608064,868741120,0,840989696,836100096,4820992,836100096,2723840,0,0,0,13335183360,0,0.26
2026-08-29T01:51:20.374Z,3360.082,843603968,868741120,0,840973312,836083712,4820992,836083712,2723840,0,0,0,13324136448,0,0.3
2026-08-29T01:51:30.375Z,3370.083,843608064,868741120,0,840997888,836108288,4820992,836108288,2723840,0,0,0,13327265792,0,0.25
2026-08-29T01:51:40.382Z,3380.09,843689984,868741120,0,841034752,836145152,4820992,836145152,2723840,0,0,0,13325299712,0,0.3
2026-08-29T01:51:50.381Z,3390.089,843608064,868741120,0,840997888,836108288,4820992,836108288,2723840,0,0,0,13332717568,0,0.33
2026-08-29T01:52:00.378Z,3400.086,843624448,868741120,0,841006080,836116480,4820992,836116480,2723840,0,0,0,13328859136,0,0.28
2026-08-29T01:52:10.375Z,3410.083,843595776,868741120,0,840944640,836055040,4820992,836055040,2723840,0,0,0,13338423296,0,0.39
2026-08-29T01:52:20.385Z,3420.093,843608064,868741120,0,840997888,836108288,4820992,836108288,2723840,0,0,0,13333807104,0,0.4
2026-08-29T01:52:30.385Z,3430.093,843620352,868741120,0,840965120,836075520,4820992,836075520,2723840,0,0,0,13330055168,0,0.5
2026-08-29T01:52:40.379Z,3440.087,842698752,868741120,0,840080384,835190784,4820992,835190784,2723840,0,0,0,13326635008,0,0.57
2026-08-29T01:52:50.374Z,3450.082,843718656,868741120,0,841063424,836173824,4820992,836173824,2723840,0,0,0,13336174592,0,0.48
2026-08-29T01:53:00.374Z,3460.082,843603968,868741120,0,840948736,836059136,4820992,836059136,2723840,0,0,0,13333557248,0,0.41
2026-08-29T01:53:10.382Z,3470.09,843599872,868741120,0,840944640,836055040,4820992,836055040,2723840,0,0,0,13323759616,0,0.42
2026-08-29T01:53:20.375Z,3480.083,843636736,868741120,0,840981504,836091904,4820992,836091904,2723840,0,0,0,13314744320,0,0.43
2026-08-29T01:53:30.375Z,3490.083,843612160,868741120,0,840985600,836096000,4820992,836096000,2723840,0,0,0,13329780736,0,0.36
2026-08-29T01:53:40.379Z,3500.087,843694080,868741120,0,841038848,836149248,4820992,836149248,2723840,0,0,0,13327462400,0,0.38
2026-08-29T01:53:50.378Z,3510.086,843706368,868741120,0,841051136,836161536,4820992,836161536,2723840,0,0,0,13325553664,0,0.4
2026-08-29T01:54:00.377Z,3520.085,843640832,868741120,0,841018368,836128768,4820992,836128768,2723840,0,0,0,13326327808,0,0.42
2026-08-29T01:54:10.370Z,3530.078,843665408,868741120,0,841049088,836165632,4816896,836165632,2727936,0,0,0,13318193152,0,0.43
2026-08-29T01:54:20.378Z,3540.086,843718656,868741120,0,841108480,836218880,4820992,836218880,2723840,0,0,0,13325619200,0,0.51
2026-08-29T01:54:30.378Z,3550.086,843718656,868741120,0,841108480,836218880,4820992,836218880,2723840,0,0,0,13326610432,0,0.58
2026-08-29T01:54:40.385Z,3560.093,842723328,868741120,0,840100864,835211264,4820992,835211264,2723840,0,0,0,13327560704,0,0.65
2026-08-29T01:54:50.377Z,3570.085,843673600,868741120,0,841063424,836173824,4820992,836173824,2723840,0,0,0,13316575232,0,0.7
2026-08-29T01:55:00.375Z,3580.083,843706368,868741120,0,841088000,836198400,4820992,836198400,2723840,0,0,0,13321252864,0,0.67
2026-08-29T01:55:10.375Z,3590.083,843681792,868741120,0,841063424,836173824,4820992,836173824,2723840,0,0,0,13322510336,0,0.64
2026-08-29T01:55:20.375Z,3600.083,843796480,868741120,0,841174016,836284416,4820992,836284416,2723840,0,0,0,13319647232,0,0.7
2026-08-29T01:55:30.378Z,3610.086,843653120,868741120,0,841042944,836153344,4820992,836153344,2723840,0,0,0,13324226560,0,0.59
2026-08-29T01:55:40.377Z,3620.085,843661312,868741120,0,841042944,836153344,4820992,836153344,2723840,0,0,0,13327446016,0,0.66
2026-08-29T01:55:50.382Z,3630.09,843722752,868741120,0,841096192,836206592,4820992,836206592,2723840,0,0,0,13327704064,0,0.56
2026-08-29T01:56:00.376Z,3640.084,843620352,868741120,0,841010176,836120576,4820992,836120576,2723840,0,0,0,13322637312,0,0.7
2026-08-29T01:56:10.382Z,3650.09,843649024,868741120,0,841022464,836132864,4820992,836132864,2723840,0,0,0,13329305600,0,0.81
2026-08-29T01:56:20.375Z,3660.083,843694080,868741120,0,841071616,836182016,4820992,836182016,2723840,0,0,0,13305851904,0,0.77
2026-08-29T01:56:30.377Z,3670.084,843689984,868741120,0,841075712,836186112,4820992,836186112,2723840,0,0,0,13308522496,0,0.8
2026-08-29T01:56:40.378Z,3680.086,843706368,868741120,0,841059328,836169728,4820992,836169728,2723840,0,0,0,13307404288,0,0.83
2026-08-29T01:56:50.383Z,3690.091,843689984,868741120,0,841079808,836190208,4820992,836190208,2723840,0,0,0,13304987648,0,0.78
2026-08-29T01:57:00.378Z,3700.086,843694080,868741120,0,841063424,836173824,4820992,836173824,2723840,0,0,0,13309882368,0,0.66
2026-08-29T01:57:10.381Z,3710.089,843644928,868741120,0,841034752,836145152,4820992,836145152,2723840,0,0,0,13310009344,0,0.63
2026-08-29T01:57:20.380Z,3720.088,843702272,868741120,0,841079808,836190208,4820992,836190208,2723840,0,0,0,13295919104,0,0.61
2026-08-29T01:57:30.381Z,3730.089,843751424,868741120,0,841104384,836214784,4820992,836214784,2723840,0,0,0,13295972352,0,0.59
2026-08-29T01:57:40.379Z,3740.087,843726848,868741120,0,841079808,836190208,4820992,836190208,2723840,0,0,0,13294755840,0,0.58
2026-08-29T01:57:50.379Z,3750.087,843681792,868741120,0,841063424,836173824,4820992,836173824,2723840,0,0,0,13304152064,0,0.57
2026-08-29T01:58:00.385Z,3760.093,843714560,868741120,0,841104384,836214784,4820992,836214784,2723840,0,0,0,13303971840,0,0.48
2026-08-29T01:58:10.385Z,3770.093,843730944,868741120,0,841157632,836268032,4820992,836268032,2723840,0,0,0,13307117568,0,0.41
2026-08-29T01:58:20.388Z,3780.096,843771904,868741120,0,841124864,836235264,4820992,836235264,2723840,0,0,0,13305397248,0,0.42
2026-08-29T01:58:30.377Z,3790.085,843759616,868741120,0,841149440,836259840,4820992,836259840,2723840,0,0,0,13321277440,0,0.43
2026-08-29T01:58:40.382Z,3800.09,843845632,868741120,0,841198592,836308992,4820992,836308992,2723840,0,0,0,13309603840,0,0.37
2026-08-29T01:58:50.385Z,3810.093,843857920,868741120,0,841214976,836325376,4820992,836325376,2723840,0,0,0,13307502592,0,0.47
2026-08-29T01:59:00.386Z,3820.094,843767808,868741120,0,841120768,836231168,4820992,836231168,2723840,0,0,0,13314383872,0,0.4
2026-08-29T01:59:10.381Z,3830.089,842858496,868741120,0,840236032,835346432,4820992,835346432,2723840,0,0,0,13309468672,0,0.34
2026-08-29T01:59:20.387Z,3840.095,843898880,868741120,0,841243648,836354048,4820992,836354048,2723840,0,0,0,13309775872,0,0.51
2026-08-29T01:59:30.375Z,3850.083,843747328,868741120,0,841124864,836235264,4820992,836235264,2723840,0,0,0,13312782336,0,0.43
2026-08-29T01:59:40.383Z,3860.091,843763712,868741120,0,841153536,836263936,4820992,836263936,2723840,0,0,0,13304426496,0,0.52
2026-08-29T01:59:50.375Z,3870.083,843968512,868741120,0,841321472,836431872,4820992,836431872,2723840,0,0,0,13302640640,0,0.59
2026-08-29T02:00:00.374Z,3880.082,843935744,868741120,0,841292800,836403200,4820992,836403200,2723840,0,0,0,13301690368,0,0.58
2026-08-29T02:00:10.379Z,3890.087,843776000,868741120,0,841157632,836268032,4820992,836268032,2723840,0,0,0,13316153344,0,0.64
2026-08-29T02:00:20.384Z,3900.092,843907072,868741120,0,841284608,836395008,4820992,836395008,2723840,0,0,0,13324574720,0,0.54
2026-08-29T02:00:30.381Z,3910.089,843857920,868741120,0,841247744,836358144,4820992,836358144,2723840,0,0,0,13327106048,0,0.46
2026-08-29T02:00:40.385Z,3920.093,843956224,868741120,0,841309184,836419584,4820992,836419584,2723840,0,0,0,13324546048,0,0.47
2026-08-29T02:00:50.375Z,3930.083,843857920,868741120,0,841223168,836333568,4820992,836333568,2723840,0,0,0,13330620416,0,0.55
2026-08-29T02:01:00.383Z,3940.091,844259328,868741120,0,841612288,836722688,4820992,836722688,2723840,0,0,0,13306621952,0,0.69
2026-08-29T02:01:10.378Z,3950.086,844865536,868741120,0,842218496,837328896,4820992,837328896,2723840,0,0,0,13310214144,0,0.75
2026-08-29T02:01:20.376Z,3960.084,844886016,868741120,0,842230784,837341184,4820992,837341184,2723840,0,0,0,13322252288,0,0.63
2026-08-29T02:01:30.376Z,3970.084,844918784,868741120,0,842308608,837419008,4820992,837419008,2723840,0,0,0,13314179072,0,0.61
2026-08-29T02:01:40.381Z,3980.089,844914688,868741120,0,842267648,837378048,4820992,837378048,2723840,0,0,0,13299425280,0,0.59
2026-08-29T02:01:50.375Z,3990.083,844861440,868741120,0,842243072,837353472,4820992,837353472,2723840,0,0,0,13314920448,0,0.57
2026-08-29T02:02:00.376Z,4000.084,844075008,868741120,0,841427968,836538368,4820992,836538368,2723840,0,0,0,13317885952,0,0.56
2026-08-29T02:02:10.382Z,4010.09,845115392,868741120,0,842460160,837570560,4820992,837570560,2723840,0,0,0,13308465152,0,0.55
2026-08-29T02:02:20.381Z,4020.089,845201408,868741120,0,842583040,837693440,4820992,837693440,2723840,0,0,0,13312479232,0,0.47
2026-08-29T02:02:30.376Z,4030.084,845185024,868741120,0,842537984,837648384,4820992,837648384,2723840,0,0,0,13309145088,0,0.47
2026-08-29T02:02:40.386Z,4040.094,845201408,868741120,0,842554368,837664768,4820992,837664768,2723840,0,0,0,13308284928,0,0.47
2026-08-29T02:02:50.375Z,4050.083,845512704,868741120,0,842877952,837988352,4820992,837988352,2723840,0,0,0,13307596800,0,0.55
2026-08-29T02:03:00.383Z,4060.091,844578816,868741120,0,842038272,837148672,4820992,837148672,2723840,0,0,0,13305327616,0,0.54
2026-08-29T02:03:10.375Z,4070.083,846266368,868741120,0,843648000,838758400,4820992,838758400,2723840,0,0,0,13309059072,0,0.54
2026-08-29T02:03:20.381Z,4080.089,846032896,868741120,0,843422720,838533120,4820992,838533120,2723840,0,0,0,13306834944,0,0.61
2026-08-29T02:03:30.386Z,4090.094,846012416,868741120,0,843365376,838475776,4820992,838475776,2723840,0,0,0,13305835520,0,0.67
2026-08-29T02:03:40.380Z,4100.088,846057472,868741120,0,843402240,838512640,4820992,838512640,2723840,0,0,0,13304537088,0,0.57
2026-08-29T02:03:50.376Z,4110.084,845402112,868741120,0,842755072,837865472,4820992,837865472,2723840,0,0,0,13310119936,0,0.48
2026-08-29T02:04:00.377Z,4120.085,846622720,868741120,0,844012544,839122944,4820992,839122944,2723840,0,0,0,13308878848,0,0.48
2026-08-29T02:04:10.376Z,4130.084,846741504,868741120,0,844131328,839241728,4820992,839241728,2723840,0,0,0,13309014016,0,0.49
2026-08-29T02:04:20.376Z,4140.084,846675968,868741120,0,844061696,839172096,4820992,839172096,2723840,0,0,0,13308682240,0,0.64
2026-08-29T02:04:30.384Z,4150.092,846921728,868741120,0,844319744,839430144,4820992,839430144,2723840,0,0,0,13311102976,0,0.61
2026-08-29T02:04:40.375Z,4160.083,847237120,868741120,0,844594176,839704576,4820992,839704576,2723840,0,0,0,13306150912,0,0.52
2026-08-29T02:04:50.383Z,4170.091,847273984,868741120,0,844659712,839770112,4820992,839770112,2723840,0,0,0,13304025088,0,0.44
2026-08-29T02:05:00.378Z,4180.086,847310848,868741120,0,844680192,839790592,4820992,839790592,2723840,0,0,0,13299814400,0,0.45
2026-08-29T02:05:10.376Z,4190.084,847683584,868741120,0,845036544,840146944,4820992,840146944,2723840,0,0,0,13296922624,0,0.38
2026-08-29T02:05:20.375Z,4200.083,847659008,868741120,0,843979776,839090176,4820992,839090176,2723840,0,0,0,13307342848,0,0.32
2026-08-29T02:05:30.375Z,4210.083,847740928,868741120,0,845088768,840204288,4820992,840204288,2723840,0,0,0,13292179456,0,0.27
2026-08-29T02:05:40.383Z,4220.091,847659008,868741120,0,845048832,840159232,4820992,840159232,2723840,0,0,0,13302624256,0,0.23
2026-08-29T02:05:50.387Z,4230.095,847708160,868741120,0,845073408,840183808,4820992,840183808,2723840,0,0,0,13310648320,0,0.19
2026-08-29T02:06:00.387Z,4240.095,847675392,868741120,0,845065216,840175616,4820992,840175616,2723840,0,0,0,13310222336,0,0.24
2026-08-29T02:06:10.378Z,4250.086,847749120,868741120,0,845102080,840212480,4820992,840212480,2723840,0,0,0,13305167872,0,0.28
2026-08-29T02:06:20.376Z,4260.084,847564800,868741120,0,844954624,840065024,4820992,840065024,2723840,0,0,0,13300568064,0,0.39
2026-08-29T02:06:30.375Z,4270.083,847831040,868741120,0,845208576,840318976,4820992,840318976,2723840,0,0,0,13299486720,0,0.4
2026-08-29T02:06:40.385Z,4280.093,847867904,868741120,0,845257728,840368128,4820992,840368128,2723840,0,0,0,13300891648,0,0.42
2026-08-29T02:06:50.385Z,4290.093,847831040,868741120,0,845196288,840306688,4820992,840306688,2723840,0,0,0,13298229248,0,0.43
2026-08-29T02:07:00.383Z,4300.091,847679488,868741120,0,845057024,840167424,4820992,840167424,2723840,0,0,0,13307822080,0,0.44
2026-08-29T02:07:10.375Z,4310.083,847720448,868741120,0,845089792,840200192,4820992,840200192,2723840,0,0,0,13312786432,0,0.37
2026-08-29T02:07:20.385Z,4320.093,848351232,868741120,0,845741056,840851456,4820992,840851456,2723840,0,0,0,13313073152,0,0.31
2026-08-29T02:07:30.375Z,4330.083,848076800,868741120,0,845446144,840556544,4820992,840556544,2723840,0,0,0,13320724480,0,0.42
2026-08-29T02:07:40.377Z,4340.085,848277504,868741120,0,845700096,840810496,4820992,840810496,2723840,0,0,0,13326540800,0,0.43
2026-08-29T02:07:50.376Z,4350.084,847814656,868741120,0,845204480,840314880,4820992,840314880,2723840,0,0,0,13317681152,0,0.44
2026-08-29T02:08:00.388Z,4360.096,847765504,868741120,0,845143040,840253440,4820992,840253440,2723840,0,0,0,13304135680,0,0.37
2026-08-29T02:08:10.375Z,4370.083,847605760,868741120,0,844950528,840060928,4820992,840060928,2723840,0,0,0,13326036992,0,0.31
2026-08-29T02:08:20.376Z,4380.084,847642624,868741120,0,845016064,840126464,4820992,840126464,2723840,0,0,0,13324845056,0,0.26
2026-08-29T02:08:30.381Z,4390.089,847630336,868741120,0,844983296,840093696,4820992,840093696,2723840,0,0,0,13336317952,0,0.38
2026-08-29T02:08:40.376Z,4400.084,847679488,868741120,0,845069312,840179712,4820992,840179712,2723840,0,0,0,13323632640,0,0.32
2026-08-29T02:08:50.375Z,4410.083,847638528,868741120,0,845028352,840138752,4820992,840138752,2723840,0,0,0,13323976704,0,0.42
2026-08-29T02:09:00.385Z,4420.093,847667200,868741120,0,845043712,840155136,4820992,840155136,2723840,0,0,0,13327261696,0,0.36
2026-08-29T02:09:10.378Z,4430.086,847675392,868741120,0,845044736,840155136,4820992,840155136,2723840,0,0,0,13326426112,0,0.38
2026-08-29T02:09:20.376Z,4440.084,847609856,868741120,0,844991488,840101888,4820992,840101888,2723840,0,0,0,13329616896,0,0.49
2026-08-29T02:09:30.380Z,4450.088,847683584,868741120,0,845040640,840151040,4820992,840151040,2723840,0,0,0,13325787136,0,0.48
2026-08-29T02:09:40.380Z,4460.088,847572992,868741120,0,844954624,840065024,4820992,840065024,2723840,0,0,0,13328449536,0,0.41
2026-08-29T02:09:50.378Z,4470.086,847679488,868741120,0,845028352,840138752,4820992,840138752,2723840,0,0,0,13327216640,0,0.35
2026-08-29T02:10:00.389Z,4480.097,847691776,868741120,0,845044736,840155136,4820992,840155136,2723840,0,0,0,13327425536,0,0.29
2026-08-29T02:10:10.382Z,4490.09,843530240,868741120,0,840883200,835993600,4820992,835993600,2723840,0,0,0,13333258240,0,0.25
2026-08-29T02:10:20.383Z,4500.091,844546048,868741120,0,841911296,837021696,4820992,837021696,2723840,0,0,0,13326094336,0,0.21
2026-08-29T02:10:30.377Z,4510.085,845123584,868741120,0,842488832,837599232,4820992,837599232,2723840,0,0,0,13323132928,0,0.33
2026-08-29T02:10:40.376Z,4520.084,845062144,868741120,0,842431488,837541888,4820992,837541888,2723840,0,0,0,13328187392,0,0.28
2026-08-29T02:10:50.380Z,4530.088,844967936,868741120,0,842320896,837431296,4820992,837431296,2723840,0,0,0,13330370560,0,0.31
2026-08-29T02:11:00.383Z,4540.091,845520896,868741120,0,842873856,837984256,4820992,837984256,2723840,0,0,0,13329031168,0,0.5
2026-08-29T02:11:10.386Z,4550.094,845512704,868741120,0,842894336,838004736,4820992,838004736,2723840,0,0,0,13319585792,0,0.57
2026-08-29T02:11:20.377Z,4560.085,845484032,868741120,0,842873856,837984256,4820992,837984256,2723840,0,0,0,13320859648,0,0.56
2026-08-29T02:11:30.385Z,4570.093,845099008,868741120,0,842480640,837591040,4820992,837591040,2723840,0,0,0,13313409024,0,0.63
2026-08-29T02:11:40.386Z,4580.094,844996608,868741120,0,842386432,837496832,4820992,837496832,2723840,0,0,0,13322092544,0,0.61
2026-08-29T02:11:50.376Z,4590.084,845946880,868741120,0,843328512,838438912,4820992,838438912,2723840,0,0,0,13318430720,0,0.52
2026-08-29T02:12:00.376Z,4600.084,846495744,868741120,0,843885568,838995968,4820992,838995968,2723840,0,0,0,13320245248,0,0.44
2026-08-29T02:12:10.376Z,4610.084,846516224,868741120,0,843906048,839016448,4820992,839016448,2723840,0,0,0,13319385088,0,0.44
2026-08-29T02:12:20.384Z,4620.092,846454784,868741120,0,843824128,838934528,4820992,838934528,2723840,0,0,0,13321863168,0,0.38
2026-08-29T02:12:30.376Z,4630.084,846950400,868741120,0,844327936,839438336,4820992,839438336,2723840,0,0,0,13326102528,0,0.4
2026-08-29T02:12:40.386Z,4640.094,846336000,868741120,0,843725824,838836224,4820992,838836224,2723840,0,0,0,13327671296,0,0.41
2026-08-29T02:12:50.378Z,4650.086,847040512,868741120,0,844393472,839503872,4820992,839503872,2723840,0,0,0,13322252288,0,0.35
2026-08-29T02:13:00.376Z,4660.084,847028224,868741120,0,844393472,839503872,4820992,839503872,2723840,0,0,0,13317570560,0,0.37
2026-08-29T02:13:10.382Z,4670.09,846979072,868741120,0,844360704,839471104,4820992,839471104,2723840,0,0,0,13315842048,0,0.39
2026-08-29T02:13:20.383Z,4680.091,847536128,868741120,0,844925952,840036352,4820992,840036352,2723840,0,0,0,13314023424,0,0.4
2026-08-29T02:13:30.376Z,4690.084,847540224,868741120,0,844921856,840032256,4820992,840032256,2723840,0,0,0,13315358720,0,0.42
2026-08-29T02:13:40.378Z,4700.086,847532032,868741120,0,844913664,840024064,4820992,840024064,2723840,0,0,0,13316218880,0,0.36
2026-08-29T02:13:50.384Z,4710.092,847495168,868741120,0,844872704,839983104,4820992,839983104,2723840,0,0,0,13316427776,0,0.3
2026-08-29T02:14:00.376Z,4720.084,847491072,868741120,0,843947008,839057408,4820992,839057408,2723840,0,0,0,13321465856,0,0.25
2026-08-29T02:14:10.377Z,4730.085,846757888,868741120,0,844119040,839229440,4820992,839229440,2723840,0,0,0,13314871296,0,0.3
2026-08-29T02:14:20.379Z,4740.087,847532032,868741120,0,844921856,840032256,4820992,840032256,2723840,0,0,0,13324210176,0,0.56
2026-08-29T02:14:30.376Z,4750.084,847519744,868741120,0,844876800,839987200,4820992,839987200,2723840,0,0,0,13320101888,0,0.55
2026-08-29T02:14:40.384Z,4760.092,847478784,868741120,0,844860416,839970816,4820992,839970816,2723840,0,0,0,13311033344,0,0.62
2026-08-29T02:14:50.376Z,4770.084,847503360,868741120,0,844884992,839995392,4820992,839995392,2723840,0,0,0,13316730880,0,0.68
2026-08-29T02:15:00.376Z,4780.084,847486976,868741120,0,844876800,839987200,4820992,839987200,2723840,0,0,0,13322604544,0,0.73
2026-08-29T02:15:10.375Z,4790.083,847548416,868741120,0,844909568,840019968,4820992,840019968,2723840,0,0,0,13319487488,0,0.7
2026-08-29T02:15:20.376Z,4800.084,847491072,868741120,0,844872704,839983104,4820992,839983104,2723840,0,0,0,13319233536,0,0.59
2026-08-29T02:15:30.389Z,4810.097,847503360,868741120,0,844884992,839995392,4820992,839995392,2723840,0,0,0,13326929920,0,0.5
2026-08-29T02:15:40.377Z,4820.085,847699968,868741120,0,845089792,840200192,4820992,840200192,2723840,0,0,0,13323321344,0,0.5
2026-08-29T02:15:50.389Z,4830.097,847618048,868741120,0,845007872,840118272,4820992,840118272,2723840,0,0,0,13307211776,0,0.5
2026-08-29T02:16:00.388Z,4840.096,847699968,868741120,0,845081600,840192000,4820992,840192000,2723840,0,0,0,13323276288,0,0.73
2026-08-29T02:16:10.377Z,4850.085,847790080,868741120,0,845134848,840245248,4820992,840245248,2723840,0,0,0,13313208320,0,0.78
2026-08-29T02:16:20.377Z,4860.085,847790080,868741120,0,845155328,840265728,4820992,840265728,2723840,0,0,0,13323448320,0,0.66
2026-08-29T02:16:30.376Z,4870.084,847777792,868741120,0,845163520,840273920,4820992,840273920,2723840,0,0,0,13322555392,0,0.56
2026-08-29T02:16:40.380Z,4880.088,847851520,868741120,0,845241344,840351744,4820992,840351744,2723840,0,0,0,13308907520,0,0.47
2026-08-29T02:16:50.379Z,4890.087,847855616,868741120,0,844314624,839430144,4820992,839430144,2723840,0,0,0,13315088384,0,0.47
2026-08-29T02:17:00.376Z,4900.084,847884288,868741120,0,845265920,840376320,4820992,840376320,2723840,0,0,0,13323169792,0,0.4
2026-08-29T02:17:10.376Z,4910.084,847880192,868741120,0,845233152,840343552,4820992,840343552,2723840,0,0,0,13324177408,0,0.34
2026-08-29T02:17:20.378Z,4920.086,847740928,868741120,0,845122560,840232960,4820992,840232960,2723840,0,0,0,13319806976,0,0.36
2026-08-29T02:17:30.389Z,4930.097,847736832,868741120,0,845122560,840232960,4820992,840232960,2723840,0,0,0,13310427136,0,0.61
2026-08-29T02:17:40.377Z,4940.085,847695872,868741120,0,845040640,840151040,4820992,840151040,2723840,0,0,0,13307871232,0,0.83
2026-08-29T02:17:50.382Z,4950.09,847745024,868741120,0,845093888,840204288,4820992,840204288,2723840,0,0,0,13304823808,0,0.77
2026-08-29T02:18:00.376Z,4960.084,847724544,868741120,0,845077504,840187904,4820992,840187904,2723840,0,0,0,13291929600,0,0.65
2026-08-29T02:18:10.383Z,4970.091,846753792,868741120,0,844135424,839245824,4820992,839245824,2723840,0,0,0,13302472704,0,0.63
2026-08-29T02:18:20.384Z,4980.092,847659008,868741120,0,845011968,840122368,4820992,840122368,2723840,0,0,0,13310418944,0,0.6
2026-08-29T02:18:30.379Z,4990.087,847691776,868741120,0,845077504,840187904,4820992,840187904,2723840,0,0,0,13316702208,0,0.51
2026-08-29T02:18:40.386Z,5000.094,847806464,868741120,0,845196288,840306688,4820992,840306688,2723840,0,0,0,13318856704,0,0.51
2026-08-29T02:18:50.378Z,5010.086,847675392,868741120,0,845065216,840175616,4820992,840175616,2723840,0,0,0,13315063808,0,0.43
2026-08-29T02:19:00.386Z,5020.094,847605760,868741120,0,844995584,840105984,4820992,840105984,2723840,0,0,0,13298225152,0,0.36
2026-08-29T02:19:10.382Z,5030.09,847708160,868741120,0,845085696,840196096,4820992,840196096,2723840,0,0,0,13287292928,0,0.3
2026-08-29T02:19:20.380Z,5040.088,847650816,868741120,0,845024256,840134656,4820992,840134656,2723840,0,0,0,13326393344,0,0.34
2026-08-29T02:19:30.385Z,5050.093,847745024,868741120,0,845118464,840228864,4820992,840228864,2723840,0,0,0,13318709248,0,0.52
2026-08-29T02:19:40.386Z,5060.094,847654912,868741120,0,845044736,840155136,4820992,840155136,2723840,0,0,0,13315284992,0,0.51
2026-08-29T02:19:50.388Z,5070.096,847687680,868741120,0,845052928,840163328,4820992,840163328,2723840,0,0,0,13309771776,0,0.52
2026-08-29T02:20:00.387Z,5080.095,847654912,868741120,0,845040640,840151040,4820992,840151040,2723840,0,0,0,13312921600,0,0.44
2026-08-29T02:20:10.388Z,5090.096,847945728,868741120,0,845331456,840441856,4820992,840441856,2723840,0,0,0,13321940992,0,0.44
2026-08-29T02:20:20.388Z,5100.096,846774272,868741120,0,844123136,839233536,4820992,839233536,2723840,0,0,0,13320646656,0,0.37
2026-08-29T02:20:30.379Z,5110.087,846733312,868741120,0,844094464,839204864,4820992,839204864,2723840,0,0,0,13319712768,0,0.32
2026-08-29T02:20:40.379Z,5120.087,847679488,868741120,0,845040640,840151040,4820992,840151040,2723840,0,0,0,13314396160,0,0.35
2026-08-29T02:20:50.378Z,5130.086,847675392,868741120,0,845065216,840175616,4820992,840175616,2723840,0,0,0,13319127040,0,0.45
2026-08-29T02:21:00.384Z,5140.092,847790080,868741120,0,845155328,840265728,4820992,840265728,2723840,0,0,0,13332615168,0,0.46
2026-08-29T02:21:10.388Z,5150.096,846716928,868741120,0,844106752,839217152,4820992,839217152,2723840,0,0,0,13327044608,0,0.39
2026-08-29T02:21:20.388Z,5160.096,847642624,868741120,0,845016064,840126464,4820992,840126464,2723840,0,0,0,13311299584,0,0.33
2026-08-29T02:21:30.389Z,5170.097,847704064,868741120,0,845085696,840196096,4820992,840196096,2723840,0,0,0,13324746752,0,0.35
2026-08-29T02:21:40.379Z,5180.087,847671296,868741120,0,845061120,840171520,4820992,840171520,2723840,0,0,0,13327175680,0,0.3
2026-08-29T02:21:50.387Z,5190.095,847724544,868741120,0,845102080,840212480,4820992,840212480,2723840,0,0,0,13321900032,0,0.25
2026-08-29T02:22:00.388Z,5200.096,847650816,868741120,0,845040640,840151040,4820992,840151040,2723840,0,0,0,13318787072,0,0.29
2026-08-29T02:22:10.378Z,5210.086,847699968,868741120,0,845081600,840192000,4820992,840192000,2723840,0,0,0,13314510848,0,0.25
2026-08-29T02:22:20.388Z,5220.096,847691776,868741120,0,845073408,840183808,4820992,840183808,2723840,0,0,0,13316407296,0,0.21
2026-08-29T02:22:30.380Z,5230.088,847712256,868741120,0,845061120,840171520,4820992,840171520,2723840,0,0,0,13330698240,0,0.26
2026-08-29T02:22:40.386Z,5240.094,847712256,868741120,0,845102080,840212480,4820992,840212480,2723840,0,0,0,13321412608,0,0.37
2026-08-29T02:22:50.386Z,5250.094,847708160,868741120,0,845061120,840171520,4820992,840171520,2723840,0,0,0,13317685248,0,0.39
2026-08-29T02:23:00.391Z,5260.099,847667200,868741120,0,845057024,840167424,4820992,840167424,2723840,0,0,0,13316812800,0,0.4
2026-08-29T02:23:10.378Z,5270.086,847695872,868741120,0,845085696,840196096,4820992,840196096,2723840,0,0,0,13324959744,0,0.42
2026-08-29T02:23:20.383Z,5280.091,847667200,868741120,0,845011968,840122368,4820992,840122368,2723840,0,0,0,13329833984,0,0.36
2026-08-29T02:23:30.388Z,5290.096,847810560,868741120,0,845200384,840310784,4820992,840310784,2723840,0,0,0,13327642624,0,0.3
2026-08-29T02:23:40.381Z,5300.089,847679488,868741120,0,845061120,840171520,4820992,840171520,2723840,0,0,0,13323472896,0,0.48
2026-08-29T02:23:50.377Z,5310.085,847712256,868741120,0,845093888,840204288,4820992,840204288,2723840,0,0,0,13311406080,0,0.41
2026-08-29T02:24:00.389Z,5320.097,846802944,868741120,0,844192768,839303168,4820992,839303168,2723840,0,0,0,13316702208,0,0.5
2026-08-29T02:24:10.379Z,5330.087,847843328,868741120,0,845196288,840306688,4820992,840306688,2723840,0,0,0,13315883008,0,0.5
2026-08-29T02:24:20.386Z,5340.094,847699968,868741120,0,845077504,840187904,4820992,840187904,2723840,0,0,0,13321908224,0,0.65
2026-08-29T02:24:30.388Z,5350.096,847736832,868741120,0,845085696,840196096,4820992,840196096,2723840,0,0,0,13321166848,0,0.55
2026-08-29T02:24:40.382Z,5360.09,847732736,868741120,0,845106176,840216576,4820992,840216576,2723840,0,0,0,13320896512,0,0.46
2026-08-29T02:24:50.380Z,5370.088,847732736,868741120,0,845118464,840228864,4820992,840228864,2723840,0,0,0,13324525568,0,0.39
2026-08-29T02:25:00.390Z,5380.098,847720448,868741120,0,845073408,840183808,4820992,840183808,2723840,0,0,0,13323104256,0,0.4
2026-08-29T02:25:10.381Z,5390.089,847683584,868741120,0,845073408,840183808,4820992,840183808,2723840,0,0,0,13321646080,0,0.42
2026-08-29T02:25:20.381Z,5400.089,847728640,868741120,0,845077504,840187904,4820992,840187904,2723840,0,0,0,13323894784,0,0.35
2026-08-29T02:25:30.384Z,5410.092,847675392,868741120,0,845028352,840138752,4820992,840138752,2723840,0,0,0,13314572288,0,0.3
2026-08-29T02:25:40.384Z,5420.092,847679488,868741120,0,845061120,840171520,4820992,840171520,2723840,0,0,0,13314293760,0,0.33
2026-08-29T02:25:50.392Z,5430.1,847646720,868741120,0,845036544,840146944,4820992,840146944,2723840,0,0,0,13313712128,0,0.27
2026-08-29T02:26:00.381Z,5440.089,847659008,868741120,0,845040640,840151040,4820992,840151040,2723840,0,0,0,13315776512,0,0.23
2026-08-29T02:26:10.381Z,5450.089,847609856,868741120,0,844966912,840077312,4820992,840077312,2723840,0,0,0,13320327168,0,0.2
2026-08-29T02:26:20.386Z,5460.094,847626240,868741120,0,845016064,840126464,4820992,840126464,2723840,0,0,0,13320163328,0,0.24
2026-08-29T02:26:30.381Z,5470.089,847626240,868741120,0,845011968,840122368,4820992,840122368,2723840,0,0,0,13325807616,0,0.2
2026-08-29T02:26:40.390Z,5480.098,847773696,868741120,0,845147136,840257536,4820992,840257536,2723840,0,0,0,13314547712,0,0.17
2026-08-29T02:26:50.386Z,5490.094,847675392,868741120,0,845057024,840167424,4820992,840167424,2723840,0,0,0,13323513856,0,0.22
2026-08-29T02:27:00.382Z,5500.09,847654912,868741120,0,845044736,840155136,4820992,840155136,2723840,0,0,0,13319094272,0,0.18
2026-08-29T02:27:10.387Z,5510.095,846749696,868741120,0,844102656,839213056,4820992,839213056,2723840,0,0,0,13326143488,0,0.16
2026-08-29T02:27:20.383Z,5520.091,847814656,868741120,0,845204480,840314880,4820992,840314880,2723840,0,0,0,13320867840,0,0.13
2026-08-29T02:27:30.381Z,5530.089,847699968,868741120,0,845048832,840159232,4820992,840159232,2723840,0,0,0,13302493184,0,0.19
2026-08-29T02:27:40.380Z,5540.088,847831040,868741120,0,845196288,840306688,4820992,840306688,2723840,0,0,0,13298327552,0,0.24
2026-08-29T02:27:50.382Z,5550.09,847679488,868741120,0,845069312,840179712,4820992,840179712,2723840,0,0,0,13299785728,0,0.43
2026-08-29T02:28:00.384Z,5560.092,847679488,868741120,0,845052928,840163328,4820992,840163328,2723840,0,0,0,13293355008,0,0.43
2026-08-29T02:28:10.371Z,5570.079,847654912,868741120,0,845019136,840130560,4820992,840130560,2723840,0,0,0,13299097600,0,0.44
2026-08-29T02:28:20.382Z,5580.09,847753216,868741120,0,845114368,840224768,4820992,840224768,2723840,0,0,0,13301628928,0,0.37
2026-08-29T02:28:30.385Z,5590.093,847732736,868741120,0,845122560,840232960,4820992,840232960,2723840,0,0,0,13308022784,0,0.4
2026-08-29T02:28:40.382Z,5600.09,847749120,868741120,0,845102080,840212480,4820992,840212480,2723840,0,0,0,13298741248,0,0.33
2026-08-29T02:28:50.393Z,5610.101,847745024,868741120,0,845134848,840245248,4820992,840245248,2723840,0,0,0,13298954240,0,0.28
2026-08-29T02:29:00.383Z,5620.091,847740928,868741120,0,845126656,840237056,4820992,840237056,2723840,0,0,0,13296058368,0,0.24
2026-08-29T02:29:10.384Z,5630.092,847769600,868741120,0,845138944,840249344,4820992,840249344,2723840,0,0,0,13302968320,0,0.36
2026-08-29T02:29:20.382Z,5640.09,847642624,868741120,0,845032448,840142848,4820992,840142848,2723840,0,0,0,13299781632,0,0.53
2026-08-29T02:29:30.380Z,5650.088,847695872,868741120,0,845085696,840196096,4820992,840196096,2723840,0,0,0,13312561152,0,0.53
2026-08-29T02:29:40.381Z,5660.089,847777792,868741120,0,845159424,840269824,4820992,840269824,2723840,0,0,0,13312901120,0,0.45
2026-08-29T02:29:50.385Z,5670.093,847847424,868741120,0,845237248,840347648,4820992,840347648,2723840,0,0,0,13320331264,0,0.61
2026-08-29T02:30:00.386Z,5680.094,847679488,868741120,0,845069312,840179712,4820992,840179712,2723840,0,0,0,13323010048,0,0.6
2026-08-29T02:30:10.381Z,5690.089,847650816,868741120,0,845011968,840122368,4820992,840122368,2723840,0,0,0,13311696896,0,0.51
2026-08-29T02:30:20.382Z,5700.09,847712256,868741120,0,845102080,840212480,4820992,840212480,2723840,0,0,0,13310472192,0,0.43
2026-08-29T02:30:30.381Z,5710.089,846753792,868741120,0,844143616,839254016,4820992,839254016,2723840,0,0,0,13313384448,0,0.44
2026-08-29T02:30:40.383Z,5720.091,847667200,868741120,0,845020160,840130560,4820992,840130560,2723840,0,0,0,13315293184,0,0.37
2026-08-29T02:30:50.393Z,5730.101,847699968,868741120,0,845052928,840163328,4820992,840163328,2723840,0,0,0,13321277440,0,0.55
2026-08-29T02:31:00.383Z,5740.091,847671296,868741120,0,845040640,840151040,4820992,840151040,2723840,0,0,0,13322760192,0,0.69
2026-08-29T02:31:10.385Z,5750.093,846770176,868741120,0,844123136,839233536,4820992,839233536,2723840,0,0,0,13317206016,0,0.73
2026-08-29T02:31:20.381Z,5760.089,847667200,868741120,0,845020160,840130560,4820992,840130560,2723840,0,0,0,13321818112,0,0.62
2026-08-29T02:31:30.387Z,5770.095,847695872,868741120,0,845077504,840187904,4820992,840187904,2723840,0,0,0,13319757824,0,0.68
2026-08-29T02:31:40.382Z,5780.09,847699968,868741120,0,845081600,840192000,4820992,840192000,2723840,0,0,0,13313396736,0,0.66
2026-08-29T02:31:50.387Z,5790.095,847683584,868741120,0,845028352,840138752,4820992,840138752,2723840,0,0,0,13327048704,0,0.63
2026-08-29T02:32:00.383Z,5800.091,847683584,868741120,0,845065216,840175616,4820992,840175616,2723840,0,0,0,13327228928,0,0.61
2026-08-29T02:32:10.383Z,5810.091,847683584,868741120,0,845036544,840146944,4820992,840146944,2723840,0,0,0,13320888320,0,0.59
2026-08-29T02:32:20.389Z,5820.097,847667200,868741120,0,845020160,840130560,4820992,840130560,2723840,0,0,0,13321248768,0,0.57
2026-08-29T02:32:30.382Z,5830.09,847671296,868741120,0,845061120,840171520,4820992,840171520,2723840,0,0,0,13330206720,0,0.56
2026-08-29T02:32:40.384Z,5840.092,847699968,868741120,0,845069312,840179712,4820992,840179712,2723840,0,0,0,13317484544,0,0.63
2026-08-29T02:32:50.388Z,5850.096,847654912,868741120,0,845003776,840114176,4820992,840114176,2723840,0,0,0,13310058496,0,0.61
2026-08-29T02:33:00.390Z,5860.098,847699968,868741120,0,845069312,840179712,4820992,840179712,2723840,0,0,0,13316272128,0,0.52
2026-08-29T02:33:10.384Z,5870.092,847691776,868741120,0,845036544,840146944,4820992,840146944,2723840,0,0,0,13309730816,0,0.51
2026-08-29T02:33:20.381Z,5880.089,847695872,868741120,0,845048832,840159232,4820992,840159232,2723840,0,0,0,13315158016,0,0.59
2026-08-29T02:33:30.385Z,5890.093,847683584,868741120,0,845073408,840183808,4820992,840183808,2723840,0,0,0,13310050304,0,0.65
2026-08-29T02:33:40.391Z,5900.099,847761408,868741120,0,845110272,840220672,4820992,840220672,2723840,0,0,0,13310681088,0,0.62
2026-08-29T02:33:50.387Z,5910.095,847609856,868741120,0,844991488,840101888,4820992,840101888,2723840,0,0,0,13312647168,0,0.68
2026-08-29T02:34:00.384Z,5920.092,847749120,868741120,0,845130752,840245248,4820992,840245248,2723840,0,0,0,13296013312,0,0.66
2026-08-29T02:34:10.392Z,5930.1,847851520,868741120,0,845204480,840314880,4820992,840314880,2723840,0,0,0,13310279680,0,0.64
2026-08-29T02:34:20.390Z,5940.098,847818752,868741120,0,845200384,840310784,4820992,840310784,2723840,0,0,0,13304070144,0,0.61
2026-08-29T02:34:30.383Z,5950.091,847687680,868741120,0,845040640,840151040,4820992,840151040,2723840,0,0,0,13302829056,0,0.6
2026-08-29T02:34:40.384Z,5960.092,847675392,868741120,0,845028352,840138752,4820992,840138752,2723840,0,0,0,13312040960,0,0.51
2026-08-29T02:34:50.383Z,5970.091,847659008,868741120,0,845028352,840138752,4820992,840138752,2723840,0,0,0,13307101184,0,0.5
2026-08-29T02:35:00.394Z,5980.102,847675392,868741120,0,845020160,840130560,4820992,840130560,2723840,0,0,0,13310468096,0,0.82
2026-08-29T02:35:10.383Z,5990.091,847675392,868741120,0,845020160,840130560,4820992,840130560,2723840,0,0,0,13302829056,0,0.85
2026-08-29T02:35:20.370Z,6000.078,847798272,868741120,0,845182976,840298496,4820992,840298496,2723840,0,0,0,13290868736,0,0.87
2026-08-29T02:35:30.383Z,6010.091,847847424,868741120,0,845237248,840347648,4820992,840347648,2723840,0,0,0,13297209344,0,0.74
2026-08-29T02:35:40.384Z,6020.092,847785984,868741120,0,845163520,840273920,4820992,840273920,2723840,0,0,0,13304279040,0,0.62
2026-08-29T02:35:50.385Z,6030.093,847646720,868741120,0,845036544,840146944,4820992,840146944,2723840,0,0,0,13316513792,0,0.84
2026-08-29T02:36:00.389Z,6040.097,847663104,868741120,0,845052928,840163328,4820992,840163328,2723840,0,0,0,13301280768,0,0.71
2026-08-29T02:36:10.384Z,6050.092,847630336,868741120,0,845020160,840130560,4820992,840130560,2723840,0,0,0,13305700352,0,0.68
2026-08-29T02:36:20.384Z,6060.092,847646720,868741120,0,845028352,840138752,4820992,840138752,2723840,0,0,0,13303939072,0,0.57
2026-08-29T02:36:30.383Z,6070.091,847683584,868741120,0,845057024,840167424,4820992,840167424,2723840,0,0,0,13308104704,0,0.56
2026-08-29T02:36:40.395Z,6080.103,846573568,868741120,0,843963392,839073792,4820992,839073792,2723840,0,0,0,13295837184,0,0.56
2026-08-29T02:36:50.385Z,6090.092,846446592,868741120,0,843836416,838946816,4820992,838946816,2723840,0,0,0,13292048384,0,0.55
2026-08-29T02:37:00.382Z,6100.09,847347712,868741120,0,844733440,839843840,4820992,839843840,2723840,0,0,0,13311393792,0,0.54
2026-08-29T02:37:10.392Z,6110.1,847372288,868741120,0,844729344,839839744,4820992,839839744,2723840,0,0,0,13319507968,0,0.53
2026-08-29T02:37:20.388Z,6120.096,847527936,868741120,0,844884992,839995392,4820992,839995392,2723840,0,0,0,13324689408,0,0.53
2026-08-29T02:37:30.391Z,6130.099,847257600,868741120,0,844647424,839757824,4820992,839757824,2723840,0,0,0,13316218880,0,0.52
2026-08-29T02:37:40.389Z,6140.097,847273984,868741120,0,844655616,839766016,4820992,839766016,2723840,0,0,0,13313597440,0,0.52
2026-08-29T02:37:50.392Z,6150.1,846372864,868741120,0,843721728,838832128,4820992,838832128,2723840,0,0,0,13309779968,0,0.52
2026-08-29T02:38:00.385Z,6160.093,847273984,868741120,0,844663808,839774208,4820992,839774208,2723840,0,0,0,13309091840,0,0.44
2026-08-29T02:38:10.387Z,6170.095,847110144,868741120,0,844495872,839606272,4820992,839606272,2723840,0,0,0,13297901568,0,0.37
2026-08-29T02:38:20.393Z,6180.101,847126528,868741120,0,844508160,839618560,4820992,839618560,2723840,0,0,0,13303332864,0,0.39
2026-08-29T02:38:30.386Z,6190.094,846221312,868741120,0,843582464,838692864,4820992,838692864,2723840,0,0,0,13306494976,0,0.41
2026-08-29T02:38:40.383Z,6200.091,847200256,868741120,0,844545024,839655424,4820992,839655424,2723840,0,0,0,13311479808,0,0.34
2026-08-29T02:38:50.393Z,6210.101,846217216,868741120,0,843607040,838717440,4820992,838717440,2723840,0,0,0,13302763520,0,0.29
2026-08-29T02:39:00.386Z,6220.094,847155200,868741120,0,844545024,839655424,4820992,839655424,2723840,0,0,0,13312561152,0,0.25
2026-08-29T02:39:10.385Z,6230.093,847155200,868741120,0,844545024,839655424,4820992,839655424,2723840,0,0,0,13308387328,0,0.29
2026-08-29T02:39:20.395Z,6240.103,847122432,868741120,0,844512256,839622656,4820992,839622656,2723840,0,0,0,13306249216,0,0.4
2026-08-29T02:39:30.390Z,6250.098,847138816,868741120,0,844528640,839639040,4820992,839639040,2723840,0,0,0,13308227584,0,0.34
2026-08-29T02:39:40.393Z,6260.101,847245312,868741120,0,844622848,839733248,4820992,839733248,2723840,0,0,0,13298446336,0,0.28
2026-08-29T02:39:50.388Z,6270.096,847278080,868741120,0,844643328,839753728,4820992,839753728,2723840,0,0,0,13310689280,0,0.24
2026-08-29T02:40:00.391Z,6280.099,847056896,868741120,0,844438528,839548928,4820992,839548928,2723840,0,0,0,13308137472,0,0.28
2026-08-29T02:40:10.396Z,6290.104,847077376,868741120,0,844426240,839536640,4820992,839536640,2723840,0,0,0,13310369792,0,0.32
2026-08-29T02:40:20.396Z,6300.104,846086144,868741120,0,843475968,838586368,4820992,838586368,2723840,0,0,0,13298585600,0,0.35
2026-08-29T02:40:30.396Z,6310.104,847020032,868741120,0,844409856,839520256,4820992,839520256,2723840,0,0,0,13312303104,0,0.38
2026-08-29T02:40:40.378Z,6320.086,847036416,868741120,0,844426240,839536640,4820992,839536640,2723840,0,0,0,13290082304,0,0.32
2026-08-29T02:40:50.386Z,6330.094,847011840,868741120,0,844364800,839475200,4820992,839475200,2723840,0,0,0,13306245120,0,0.27
2026-08-29T02:41:00.387Z,6340.095,847163392,868741120,0,844512256,839622656,4820992,839622656,2723840,0,0,0,13310087168,0,0.39
2026-08-29T02:41:10.386Z,6350.094,847048704,868741120,0,844409856,839520256,4820992,839520256,2723840,0,0,0,13307183104,0,0.33
2026-08-29T02:41:20.385Z,6360.093,847081472,868741120,0,844450816,839561216,4820992,839561216,2723840,0,0,0,13315047424,0,0.28
2026-08-29T02:41:30.385Z,6370.093,847060992,868741120,0,844450816,839561216,4820992,839561216,2723840,0,0,0,13308502016,0,0.31
2026-08-29T02:41:40.387Z,6380.095,847126528,868741120,0,844487680,839598080,4820992,839598080,2723840,0,0,0,13309005824,0,0.26
2026-08-29T02:41:50.389Z,6390.097,847060992,868741120,0,844426240,839536640,4820992,839536640,2723840,0,0,0,13303685120,0,0.37
2026-08-29T02:42:00.389Z,6400.097,847060992,868741120,0,844442624,839553024,4820992,839553024,2723840,0,0,0,13303914496,0,0.31
2026-08-29T02:42:10.392Z,6410.1,847060992,868741120,0,844450816,839561216,4820992,839561216,2723840,0,0,0,13316456448,0,0.34
2026-08-29T02:42:20.386Z,6420.094,846999552,868741120,0,844377088,839487488,4820992,839487488,2723840,0,0,0,13311143936,0,0.28
2026-08-29T02:42:30.387Z,6430.095,847007744,868741120,0,844397568,839507968,4820992,839507968,2723840,0,0,0,13309878272,0,0.31
2026-08-29T02:42:40.387Z,6440.095,847200256,868741120,0,844590080,839700480,4820992,839700480,2723840,0,0,0,13306003456,0,0.35
2026-08-29T02:42:50.388Z,6450.096,847437824,868741120,0,844790784,839901184,4820992,839901184,2723840,0,0,0,13298982912,0,0.29
2026-08-29T02:43:00.389Z,6460.097,847310848,868741120,0,844663808,839774208,4820992,839774208,2723840,0,0,0,13304512512,0,0.32
2026-08-29T02:43:10.397Z,6470.105,847425536,868741120,0,844770304,839880704,4820992,839880704,2723840,0,0,0,13293735936,0,0.35
2026-08-29T02:43:20.387Z,6480.095,847310848,868741120,0,844700672,839811072,4820992,839811072,2723840,0,0,0,13298380800,0,0.37
2026-08-29T02:43:30.394Z,6490.102,846311424,868741120,0,843701248,838811648,4820992,838811648,2723840,0,0,0,13296402432,0,0.39
2026-08-29T02:43:40.386Z,6500.094,846278656,868741120,0,843668480,838778880,4820992,838778880,2723840,0,0,0,13298540544,0,0.33
2026-08-29T02:43:50.382Z,6510.09,847249408,868741120,0,844598272,839708672,4820992,839708672,2723840,0,0,0,13311193088,0,0.28
2026-08-29T02:44:00.387Z,6520.095,847351808,868741120,0,844741632,839852032,4820992,839852032,2723840,0,0,0,13309083648,0,0.32
2026-08-29T02:44:10.388Z,6530.096,847376384,868741120,0,843807744,838918144,4820992,838918144,2723840,0,0,0,13318332416,0,0.27
2026-08-29T02:44:20.402Z,6540.11,847392768,868741120,0,844770304,839880704,4820992,839880704,2723840,0,0,0,13295038464,0,0.23
2026-08-29T02:44:30.391Z,6550.099,847245312,868741120,0,844631040,839741440,4820992,839741440,2723840,0,0,0,13305679872,0,0.43
2026-08-29T02:44:40.387Z,6560.095,847245312,868741120,0,844590080,839700480,4820992,839700480,2723840,0,0,0,13299052544,0,0.43
2026-08-29T02:44:50.398Z,6570.106,847253504,868741120,0,844643328,839753728,4820992,839753728,2723840,0,0,0,13305368576,0,0.45
2026-08-29T02:45:00.387Z,6580.095,847212544,868741120,0,844557312,839667712,4820992,839667712,2723840,0,0,0,13291966464,0,0.38
2026-08-29T02:45:10.390Z,6590.098,847212544,868741120,0,844594176,839704576,4820992,839704576,2723840,0,0,0,13298462720,0,0.39
2026-08-29T02:45:20.389Z,6600.097,847405056,868741120,0,844749824,839860224,4820992,839860224,2723840,0,0,0,13298032640,0,0.65
2026-08-29T02:45:30.398Z,6610.106,847384576,868741120,0,844741632,839852032,4820992,839852032,2723840,0,0,0,13303926784,0,0.63
2026-08-29T02:45:40.393Z,6620.101,846376960,868741120,0,843729920,838840320,4820992,838840320,2723840,0,0,0,13296672768,0,0.53
2026-08-29T02:45:50.394Z,6630.102,847302656,868741120,0,844663808,839774208,4820992,839774208,2723840,0,0,0,13299625984,0,0.53
2026-08-29T02:46:00.388Z,6640.096,847257600,868741120,0,844647424,839757824,4820992,839757824,2723840,0,0,0,13292290048,0,0.52
2026-08-29T02:46:10.389Z,6650.097,847396864,868741120,0,844741632,839852032,4820992,839852032,2723840,0,0,0,13302251520,0,0.52
2026-08-29T02:46:20.387Z,6660.095,847360000,868741120,0,844749824,839860224,4820992,839860224,2723840,0,0,0,13288230912,0,0.68
2026-08-29T02:46:30.387Z,6670.095,847355904,868741120,0,844708864,839819264,4820992,839819264,2723840,0,0,0,13299359744,0,0.57
2026-08-29T02:46:40.390Z,6680.098,846368768,868741120,0,843713536,838823936,4820992,838823936,2723840,0,0,0,13303476224,0,0.48
2026-08-29T02:46:50.389Z,6690.097,847294464,868741120,0,844655616,839766016,4820992,839766016,2723840,0,0,0,13303083008,0,0.49
2026-08-29T02:47:00.394Z,6700.102,847151104,868741120,0,844512256,839622656,4820992,839622656,2723840,0,0,0,13305487360,0,0.49
2026-08-29T02:47:10.390Z,6710.098,847335424,868741120,0,844717056,839827456,4820992,839827456,2723840,0,0,0,13313605632,0,0.49
2026-08-29T02:47:20.389Z,6720.097,847429632,868741120,0,844786688,839897088,4820992,839897088,2723840,0,0,0,13314072576,0,0.41
2026-08-29T02:47:30.389Z,6730.097,847388672,868741120,0,844733440,839843840,4820992,839843840,2723840,0,0,0,13322145792,0,0.58
2026-08-29T02:47:40.389Z,6740.097,847826944,868741120,0,845171712,840282112,4820992,840282112,2723840,0,0,0,13317365760,0,0.64
2026-08-29T02:47:50.392Z,6750.1,847384576,868741120,0,844729344,839839744,4820992,839839744,2723840,0,0,0,13319933952,0,0.54
2026-08-29T02:48:00.388Z,6760.096,847290368,868741120,0,844680192,839790592,4820992,839790592,2723840,0,0,0,13325381632,0,0.53
2026-08-29T02:48:10.390Z,6770.098,847351808,868741120,0,844696576,839806976,4820992,839806976,2723840,0,0,0,13321068544,0,0.45
2026-08-29T02:48:20.390Z,6780.098,847257600,868741120,0,844602368,839712768,4820992,839712768,2723840,0,0,0,13315170304,0,0.45
2026-08-29T02:48:30.386Z,6790.094,847339520,868741120,0,844683264,839794688,4820992,839794688,2723840,0,0,0,13314990080,0,0.38
2026-08-29T02:48:40.398Z,6800.106,847298560,868741120,0,844643328,839753728,4820992,839753728,2723840,0,0,0,13319794688,0,0.32
2026-08-29T02:48:50.398Z,6810.106,846360576,868741120,0,843705344,838815744,4820992,838815744,2723840,0,0,0,13319729152,0,0.35
2026-08-29T02:49:00.395Z,6820.103,843526144,868741120,0,840870912,835981312,4820992,835981312,2723840,0,0,0,13318762496,0,0.37
2026-08-29T02:49:10.389Z,6830.097,843149312,868741120,0,840494080,835604480,4820992,835604480,2723840,0,0,0,13325107200,0,0.39
2026-08-29T02:49:20.396Z,6840.104,843616256,868741120,0,840961024,836071424,4820992,836071424,2723840,0,0,0,13326942208,0,0.41
2026-08-29T02:49:30.399Z,6850.107,843571200,868741120,0,840915968,836026368,4820992,836026368,2723840,0,0,0,13326077952,0,0.35
2026-08-29T02:49:40.389Z,6860.097,843603968,868741120,0,840948736,836059136,4820992,836059136,2723840,0,0,0,13333868544,0,0.37
2026-08-29T02:49:50.390Z,6870.098,843522048,868741120,0,840866816,835977216,4820992,835977216,2723840,0,0,0,13331226624,0,0.31
2026-08-29T02:50:00.396Z,6880.104,843554816,868741120,0,840899584,836009984,4820992,836009984,2723840,0,0,0,13330145280,0,0.34
2026-08-29T02:50:10.390Z,6890.098,843603968,868741120,0,840948736,836059136,4820992,836059136,2723840,0,0,0,13339693056,0,0.36
2026-08-29T02:50:20.398Z,6900.106,843476992,868741120,0,840821760,835932160,4820992,835932160,2723840,0,0,0,13327118336,0,0.46
2026-08-29T02:50:30.390Z,6910.098,843534336,868741120,0,840879104,835989504,4820992,835989504,2723840,0,0,0,13325492224,0,0.39
2026-08-29T02:50:40.398Z,6920.106,843489280,868741120,0,840834048,835944448,4820992,835944448,2723840,0,0,0,13314592768,0,0.41
2026-08-29T02:50:50.389Z,6930.097,843468800,868741120,0,840813568,835923968,4820992,835923968,2723840,0,0,0,13326471168,0,0.42
2026-08-29T02:51:00.390Z,6940.098,843296768,868741120,0,840641536,835751936,4820992,835751936,2723840,0,0,0,13317840896,0,0.51
2026-08-29T02:51:10.389Z,6950.097,843251712,868741120,0,840596480,835706880,4820992,835706880,2723840,0,0,0,13322014720,0,0.43
2026-08-29T02:51:20.396Z,6960.104,843251712,868741120,0,840596480,835706880,4820992,835706880,2723840,0,0,0,13329874944,0,0.36
2026-08-29T02:51:30.399Z,6970.107,843235328,868741120,0,840580096,835690496,4820992,835690496,2723840,0,0,0,13326336000,0,0.38
2026-08-29T02:51:40.378Z,6980.086,843259904,868741120,0,840599552,835715072,4820992,835715072,2723840,0,0,0,13327634432,0,0.32
2026-08-29T02:51:50.388Z,6990.096,842309632,868741120,0,839654400,834764800,4820992,834764800,2723840,0,0,0,13333659648,0,0.35
2026-08-29T02:52:00.390Z,7000.098,843251712,868741120,0,840596480,835706880,4820992,835706880,2723840,0,0,0,13329711104,0,0.38
2026-08-29T02:52:10.382Z,7010.09,843366400,868741120,0,840706048,835821568,4820992,835821568,2723840,0,0,0,13319036928,0,0.32
2026-08-29T02:52:20.375Z,7020.083,843317248,868741120,0,840660992,835772416,4820992,835772416,2723840,0,0,0,13328506880,0,0.27
2026-08-29T02:52:30.391Z,7030.099,843214848,868741120,0,840559616,835670016,4820992,835670016,2723840,0,0,0,13319733248,0,0.38
2026-08-29T02:52:40.391Z,7040.099,843251712,868741120,0,840596480,835706880,4820992,835706880,2723840,0,0,0,13324259328,0,0.32
2026-08-29T02:52:50.396Z,7050.104,843288576,868741120,0,840633344,835743744,4820992,835743744,2723840,0,0,0,13324668928,0,0.43
2026-08-29T02:53:00.391Z,7060.099,843210752,868741120,0,840563712,835674112,4820992,835674112,2723840,0,0,0,13316882432,0,0.36
2026-08-29T02:53:10.391Z,7070.099,843276288,868741120,0,840621056,835731456,4820992,835731456,2723840,0,0,0,13323542528,0,0.31
2026-08-29T02:53:20.399Z,7080.107,843354112,868741120,0,840698880,835809280,4820992,835809280,2723840,0,0,0,13323354112,0,0.26
2026-08-29T02:53:30.395Z,7090.103,843218944,868741120,0,840607744,835719168,4820992,835719168,2723840,0,0,0,13315194880,0,0.29
2026-08-29T02:53:40.399Z,7100.107,843210752,868741120,0,840600576,835710976,4820992,835710976,2723840,0,0,0,13312434176,0,0.4
2026-08-29T02:53:50.395Z,7110.103,843337728,868741120,0,840690688,835801088,4820992,835801088,2723840,0,0,0,13304721408,0,0.34
2026-08-29T02:54:00.397Z,7120.105,843239424,868741120,0,840621056,835731456,4820992,835731456,2723840,0,0,0,13294723072,0,0.29
2026-08-29T02:54:10.401Z,7130.109,843227136,868741120,0,840580096,835690496,4820992,835690496,2723840,0,0,0,13311102976,0,0.24
2026-08-29T02:54:20.401Z,7140.109,843272192,868741120,0,840649728,835760128,4820992,835760128,2723840,0,0,0,13300178944,0,0.35
2026-08-29T02:54:30.392Z,7150.1,842309632,868741120,0,839698432,834809856,4820992,834809856,2723840,0,0,0,13313495040,0,0.3
2026-08-29T02:54:40.393Z,7160.101,843292672,868741120,0,840645632,835756032,4820992,835756032,2723840,0,0,0,13299826688,0,0.41
2026-08-29T02:54:50.395Z,7170.103,843194368,868741120,0,840563712,835674112,4820992,835674112,2723840,0,0,0,13300789248,0,0.49
2026-08-29T02:55:00.395Z,7180.103,843276288,868741120,0,840653824,835764224,4820992,835764224,2723840,0,0,0,13309255680,0,0.57
2026-08-29T02:55:10.392Z,7190.1,843304960,868741120,0,840649728,835760128,4820992,835760128,2723840,0,0,0,13321891840,0,0.56
2026-08-29T02:55:20.401Z,7200.109,843276288,868741120,0,840629248,835739648,4820992,835739648,2723840,0,0,0,13324427264,0,0.54
2026-08-29T02:55:30.401Z,7210.109,843264000,868741120,0,840645632,835756032,4820992,835756032,2723840,0,0,0,13321367552,0,0.68
2026-08-29T02:55:40.393Z,7220.101,843251712,868741120,0,840633344,835743744,4820992,835743744,2723840,0,0,0,13321179136,0,0.65
2026-08-29T02:55:50.401Z,7230.109,843280384,868741120,0,840670208,835780608,4820992,835780608,2723840,0,0,0,13323108352,0,0.55
2026-08-29T02:56:00.399Z,7240.107,843231232,868741120,0,840620032,835731456,4820992,835731456,2723840,0,0,0,13319823360,0,0.77
2026-08-29T02:56:10.391Z,7250.099,843276288,868741120,0,840657920,835768320,4820992,835768320,2723840,0,0,0,13325979648,0,0.65
2026-08-29T02:56:20.396Z,7260.104,843235328,868741120,0,840600576,835710976,4820992,835710976,2723840,0,0,0,13315997696,0,0.7
2026-08-29T02:56:30.393Z,7270.101,843296768,868741120,0,840678400,835788800,4820992,835788800,2723840,0,0,0,13329899520,0,0.67
2026-08-29T02:56:40.395Z,7280.103,843300864,868741120,0,840690688,835801088,4820992,835801088,2723840,0,0,0,13328183296,0,0.56
2026-08-29T02:56:50.392Z,7290.1,843386880,868741120,0,840731648,835842048,4820992,835842048,2723840,0,0,0,13329973248,0,0.56
2026-08-29T02:57:00.393Z,7300.101,843321344,868741120,0,840711168,835821568,4820992,835821568,2723840,0,0,0,13329879040,0,0.47
2026-08-29T02:57:10.391Z,7310.099,842338304,868741120,0,839683072,834793472,4820992,834793472,2723840,0,0,0,13326069760,0,0.4
2026-08-29T02:57:20.392Z,7320.1,843382784,868741120,0,840727552,835837952,4820992,835837952,2723840,0,0,0,13327720448,0,0.34
2026-08-29T02:57:30.391Z,7330.099,843264000,868741120,0,840653824,835764224,4820992,835764224,2723840,0,0,0,13333245952,0,0.36
2026-08-29T02:57:40.392Z,7340.1,843284480,868741120,0,840674304,835784704,4820992,835784704,2723840,0,0,0,13331496960,0,0.46
2026-08-29T02:57:50.401Z,7350.109,843386880,868741120,0,840776704,835887104,4820992,835887104,2723840,0,0,0,13326495744,0,0.46
2026-08-29T02:58:00.401Z,7360.109,843542528,868741120,0,840920064,836030464,4820992,836030464,2723840,0,0,0,13327917056,0,0.39
2026-08-29T02:58:10.394Z,7370.102,843628544,868741120,0,840985600,836096000,4820992,836096000,2723840,0,0,0,13330096128,0,0.4
2026-08-29T02:58:20.395Z,7380.103,843567104,868741120,0,840956928,836067328,4820992,836067328,2723840,0,0,0,13330137088,0,0.41
2026-08-29T02:58:30.402Z,7390.11,843546624,868741120,0,840928256,836038656,4820992,836038656,2723840,0,0,0,13330931712,0,0.35
2026-08-29T02:58:40.395Z,7400.103,843632640,868741120,0,841014272,836124672,4820992,836124672,2723840,0,0,0,13330395136,0,0.3
2026-08-29T02:58:50.393Z,7410.101,843505664,868741120,0,840895488,836005888,4820992,836005888,2723840,0,0,0,13333827584,0,0.25
2026-08-29T02:59:00.393Z,7420.101,843546624,868741120,0,840891392,836001792,4820992,836001792,2723840,0,0,0,13321580544,0,0.21
2026-08-29T02:59:10.396Z,7430.104,843591680,868741120,0,840969216,836079616,4820992,836079616,2723840,0,0,0,13333229568,0,0.26
2026-08-29T02:59:20.394Z,7440.102,843542528,868741120,0,840920064,836030464,4820992,836030464,2723840,0,0,0,13335973888,0,0.37
2026-08-29T02:59:30.396Z,7450.104,842629120,868741120,0,839994368,835104768,4820992,835104768,2723840,0,0,0,13335736320,0,0.31
2026-08-29T02:59:40.396Z,7460.104,843628544,868741120,0,841018368,836128768,4820992,836128768,2723840,0,0,0,13335400448,0,0.34
2026-08-29T02:59:50.395Z,7470.103,843526144,868741120,0,840903680,836014080,4820992,836014080,2723840,0,0,0,13336846336,0,0.28
2026-08-29T03:00:00.395Z,7480.103,843583488,868741120,0,840952832,836063232,4820992,836063232,2723840,0,0,0,13329100800,0,0.39
2026-08-29T03:00:10.395Z,7490.103,842588160,868741120,0,839941120,835051520,4820992,835051520,2723840,0,0,0,13317431296,0,0.33
2026-08-29T03:00:20.396Z,7500.104,843603968,868741120,0,840985600,836096000,4820992,836096000,2723840,0,0,0,13319155712,0,0.36
2026-08-29T03:00:30.396Z,7510.104,843644928,868741120,0,841055232,836165632,4820992,836165632,2723840,0,0,0,13322555392,0,0.3
2026-08-29T03:00:40.405Z,7520.113,843718656,868741120,0,841083904,836194304,4820992,836194304,2723840,0,0,0,13324750848,0,0.33
2026-08-29T03:00:50.402Z,7530.11,843739136,868741120,0,841120768,836231168,4820992,836231168,2723840,0,0,0,13329178624,0,0.43
2026-08-29T03:01:00.396Z,7540.104,843776000,868741120,0,841165824,836276224,4820992,836276224,2723840,0,0,0,13305163776,0,0.45
2026-08-29T03:01:10.396Z,7550.104,843759616,868741120,0,841141248,836251648,4820992,836251648,2723840,0,0,0,13306359808,0,0.61
2026-08-29T03:01:20.405Z,7560.113,843759616,868741120,0,841145344,836255744,4820992,836255744,2723840,0,0,0,13294174208,0,0.59
2026-08-29T03:01:30.385Z,7570.093,843747328,868741120,0,841137152,836247552,4820992,836247552,2723840,0,0,0,13293318144,0,0.5
2026-08-29T03:01:40.404Z,7580.112,843784192,868741120,0,841153536,836263936,4820992,836263936,2723840,0,0,0,13299060736,0,0.42
2026-08-29T03:01:50.402Z,7590.11,843771904,868741120,0,841161728,836272128,4820992,836272128,2723840,0,0,0,13297807360,0,0.36
2026-08-29T03:02:00.408Z,7600.116,843771904,868741120,0,841153536,836263936,4820992,836263936,2723840,0,0,0,13296381952,0,0.46
2026-08-29T03:02:10.396Z,7610.104,843792384,868741120,0,841182208,836292608,4820992,836292608,2723840,0,0,0,13294735360,0,0.46
2026-08-29T03:02:20.405Z,7620.113,843792384,868741120,0,841145344,836255744,4820992,836255744,2723840,0,0,0,13302235136,0,0.39
2026-08-29T03:02:30.404Z,7630.112,843808768,868741120,0,841153536,836263936,4820992,836263936,2723840,0,0,0,13291511808,0,0.4
2026-08-29T03:02:40.399Z,7640.107,842866688,868741120,0,840211456,835321856,4820992,835321856,2723840,0,0,0,13304233984,0,0.5
2026-08-29T03:02:50.405Z,7650.113,843907072,868741120,0,841272320,836382720,4820992,836382720,2723840,0,0,0,13298290688,0,0.42
2026-08-29T03:03:00.408Z,7660.116,843792384,868741120,0,841145344,836255744,4820992,836255744,2723840,0,0,0,13310582784,0,0.43
2026-08-29T03:03:10.402Z,7670.11,843776000,868741120,0,841157632,836268032,4820992,836268032,2723840,0,0,0,13305032704,0,0.36
2026-08-29T03:03:20.405Z,7680.113,842842112,868741120,0,840190976,835301376,4820992,835301376,2723840,0,0,0,13295951872,0,0.38
2026-08-29T03:03:30.400Z,7690.108,843808768,868741120,0,841153536,836263936,4820992,836263936,2723840,0,0,0,13291442176,0,0.39
2026-08-29T03:03:40.396Z,7700.104,843825152,868741120,0,841214976,836325376,4820992,836325376,2723840,0,0,0,13294645248,0,0.33
2026-08-29T03:03:50.397Z,7710.105,842911744,868741120,0,840293376,835403776,4820992,835403776,2723840,0,0,0,13302022144,0,0.28
2026-08-29T03:04:00.396Z,7720.104,843911168,868741120,0,841255936,836366336,4820992,836366336,2723840,0,0,0,13301719040,0,0.39
2026-08-29T03:04:10.397Z,7730.105,843866112,868741120,0,841214976,836325376,4820992,836325376,2723840,0,0,0,13292347392,0,0.33
2026-08-29T03:04:20.404Z,7740.112,843845632,868741120,0,841227264,836337664,4820992,836337664,2723840,0,0,0,13285511168,0,0.43
2026-08-29T03:04:30.397Z,7750.105,842854400,868741120,0,840236032,835346432,4820992,835346432,2723840,0,0,0,13295820800,0,0.52
2026-08-29T03:04:40.394Z,7760.102,843816960,868741120,0,841206784,836317184,4820992,836317184,2723840,0,0,0,13306302464,0,0.44
2026-08-29T03:04:50.396Z,7770.104,843919360,868741120,0,841300992,836411392,4820992,836411392,2723840,0,0,0,13306855424,0,0.37
2026-08-29T03:05:00.408Z,7780.116,842858496,868741120,0,840203264,835313664,4820992,835313664,2723840,0,0,0,13300682752,0,0.47
2026-08-29T03:05:10.398Z,7790.106,843829248,868741120,0,841219072,836329472,4820992,836329472,2723840,0,0,0,13286445056,0,0.48
2026-08-29T03:05:20.400Z,7800.108,843833344,868741120,0,841214976,836325376,4820992,836325376,2723840,0,0,0,13298319360,0,0.48
2026-08-29T03:05:30.400Z,7810.108,842874880,868741120,0,840218624,835330048,4820992,835330048,2723840,0,0,0,13287149568,0,0.41
2026-08-29T03:05:40.396Z,7820.104,843874304,868741120,0,841255936,836366336,4820992,836366336,2723840,0,0,0,13289578496,0,0.42
2026-08-29T03:05:50.399Z,7830.107,843726848,868741120,0,841108480,836218880,4820992,836218880,2723840,0,0,0,13292646400,0,0.43
2026-08-29T03:06:00.397Z,7840.105,843882496,868741120,0,841272320,836382720,4820992,836382720,2723840,0,0,0,13290233856,0,0.6
2026-08-29T03:06:10.407Z,7850.115,843833344,868741120,0,841198592,836308992,4820992,836308992,2723840,0,0,0,13278834688,0,0.58
2026-08-29T03:06:20.397Z,7860.105,843735040,868741120,0,841116672,836227072,4820992,836227072,2723840,0,0,0,13282594816,0,0.49
2026-08-29T03:06:30.404Z,7870.112,843751424,868741120,0,841141248,836251648,4820992,836251648,2723840,0,0,0,13286539264,0,0.41
2026-08-29T03:06:40.405Z,7880.113,843751424,868741120,0,841141248,836251648,4820992,836251648,2723840,0,0,0,13284360192,0,0.43
2026-08-29T03:06:50.397Z,7890.105,842858496,868741120,0,840203264,835313664,4820992,835313664,2723840,0,0,0,13294178304,0,0.36
2026-08-29T03:07:00.397Z,7900.105,843751424,868741120,0,841133056,836243456,4820992,836243456,2723840,0,0,0,13306621952,0,0.31
2026-08-29T03:07:10.399Z,7910.107,843726848,868741120,0,841096192,836206592,4820992,836206592,2723840,0,0,0,13314727936,0,0.41
2026-08-29T03:07:20.404Z,7920.112,843669504,868741120,0,841059328,836169728,4820992,836169728,2723840,0,0,0,13319462912,0,0.43
2026-08-29T03:07:30.396Z,7930.104,843780096,868741120,0,841145344,836255744,4820992,836255744,2723840,0,0,0,13308760064,0,0.52
2026-08-29T03:07:40.403Z,7940.111,843698176,868741120,0,841079808,836190208,4820992,836190208,2723840,0,0,0,13316136960,0,0.51
2026-08-29T03:07:50.395Z,7950.103,843685888,868741120,0,841075712,836186112,4820992,836186112,2723840,0,0,0,13297631232,0,0.58
2026-08-29T03:08:00.394Z,7960.102,843771904,868741120,0,841116672,836227072,4820992,836227072,2723840,0,0,0,13298319360,0,0.49
2026-08-29T03:08:10.396Z,7970.104,843751424,868741120,0,841108480,836218880,4820992,836218880,2723840,0,0,0,13287059456,0,0.49
2026-08-29T03:08:20.396Z,7980.104,844800000,868741120,0,842181632,837292032,4820992,837292032,2723840,0,0,0,13295738880,0,0.41
2026-08-29T03:08:30.404Z,7990.112,845316096,868741120,0,842669056,837779456,4820992,837779456,2723840,0,0,0,13299486720,0,0.43
2026-08-29T03:08:40.397Z,8000.105,845434880,868741120,0,842800128,837910528,4820992,837910528,2723840,0,0,0,13285933056,0,0.44
2026-08-29T03:08:50.399Z,8010.107,845217792,868741120,0,842607616,837718016,4820992,837718016,2723840,0,0,0,13289148416,0,0.45
2026-08-29T03:09:00.397Z,8020.105,845295616,868741120,0,842664960,837775360,4820992,837775360,2723840,0,0,0,13283586048,0,0.45
2026-08-29T03:09:10.396Z,8030.104,845746176,868741120,0,843123712,838234112,4820992,838234112,2723840,0,0,0,13299580928,0,0.38
2026-08-29T03:09:20.396Z,8040.104,846381056,868741120,0,843750400,838860800,4820992,838860800,2723840,0,0,0,13294866432,0,0.33
2026-08-29T03:09:30.396Z,8050.104,846262272,868741120,0,843607040,838717440,4820992,838717440,2723840,0,0,0,13284495360,0,0.5
2026-08-29T03:09:40.397Z,8060.105,846331904,868741120,0,843713536,838823936,4820992,838823936,2723840,0,0,0,13293785088,0,0.5
2026-08-29T03:09:50.400Z,8070.108,846356480,868741120,0,843701248,838811648,4820992,838811648,2723840,0,0,0,13282533376,0,0.42
2026-08-29T03:10:00.405Z,8080.113,846356480,868741120,0,843738112,838848512,4820992,838848512,2723840,0,0,0,13292544000,0,0.43
2026-08-29T03:10:10.399Z,8090.107,846217216,868741120,0,843586560,838696960,4820992,838696960,2723840,0,0,0,13285109760,0,0.52
2026-08-29T03:10:20.402Z,8100.11,846249984,868741120,0,843602944,838713344,4820992,838713344,2723840,0,0,0,13290405888,0,0.59
2026-08-29T03:10:30.398Z,8110.106,844976128,868741120,0,842365952,837476352,4820992,837476352,2723840,0,0,0,13290618880,0,0.5
2026-08-29T03:10:40.409Z,8120.117,845766656,868741120,0,843111424,838221824,4820992,838221824,2723840,0,0,0,13293420544,0,0.5
2026-08-29T03:10:50.406Z,8130.114,846643200,868741120,0,844024832,839135232,4820992,839135232,2723840,0,0,0,13293367296,0,0.49
2026-08-29T03:11:00.407Z,8140.115,846651392,868741120,0,844041216,839151616,4820992,839151616,2723840,0,0,0,13294555136,0,0.49
2026-08-29T03:11:10.402Z,8150.11,846774272,868741120,0,844155904,839266304,4820992,839266304,2723840,0,0,0,13291134976,0,0.42
2026-08-29T03:11:20.400Z,8160.108,846778368,868741120,0,844160000,839270400,4820992,839270400,2723840,0,0,0,13295525888,0,0.43
2026-08-29T03:11:30.411Z,8170.119,846827520,868741120,0,844205056,839315456,4820992,839315456,2723840,0,0,0,13284032512,0,0.37
2026-08-29T03:11:40.401Z,8180.109,846770176,868741120,0,844147712,839258112,4820992,839258112,2723840,0,0,0,13285257216,0,0.46
2026-08-29T03:11:50.398Z,8190.106,846675968,868741120,0,844064768,839176192,4820992,839176192,2723840,0,0,0,13293314048,0,0.47
2026-08-29T03:12:00.399Z,8200.107,846716928,868741120,0,844106752,839217152,4820992,839217152,2723840,0,0,0,13300731904,0,0.39
2026-08-29T03:12:10.405Z,8210.113,846749696,868741120,0,844102656,839213056,4820992,839213056,2723840,0,0,0,13302157312,0,0.33
2026-08-29T03:12:20.408Z,8220.116,846704640,868741120,0,844094464,839204864,4820992,839204864,2723840,0,0,0,13307813888,0,0.36
2026-08-29T03:12:30.399Z,8230.107,846688256,868741120,0,844065792,839176192,4820992,839176192,2723840,0,0,0,13288960000,0,0.45
2026-08-29T03:12:40.403Z,8240.111,846721024,868741120,0,844078080,839188480,4820992,839188480,2723840,0,0,0,13282095104,0,0.46
2026-08-29T03:12:50.400Z,8250.108,846700544,868741120,0,844045312,839155712,4820992,839155712,2723840,0,0,0,13290672128,0,0.55
2026-08-29T03:13:00.398Z,8260.106,847183872,868741120,0,844565504,839675904,4820992,839675904,2723840,0,0,0,13298036736,0,0.54
2026-08-29T03:13:10.409Z,8270.117,847192064,868741120,0,844573696,839684096,4820992,839684096,2723840,0,0,0,13286817792,0,0.53
2026-08-29T03:13:20.406Z,8280.114,847720448,868741120,0,845073408,840183808,4820992,840183808,2723840,0,0,0,13289824256,0,0.61
2026-08-29T03:13:30.407Z,8290.115,847781888,868741120,0,845163520,840273920,4820992,840273920,2723840,0,0,0,13294211072,0,0.67
2026-08-29T03:13:40.400Z,8300.108,847749120,868741120,0,845163520,840273920,4820992,840273920,2723840,0,0,0,13299056640,0,0.56
2026-08-29T03:13:50.408Z,8310.116,847818752,868741120,0,845175808,840286208,4820992,840286208,2723840,0,0,0,13288689664,0,0.48
2026-08-29T03:14:00.403Z,8320.111,847847424,868741120,0,845192192,840302592,4820992,840302592,2723840,0,0,0,13282230272,0,0.56
2026-08-29T03:14:10.398Z,8330.106,847798272,868741120,0,845143040,840253440,4820992,840253440,2723840,0,0,0,13284831232,0,0.47
2026-08-29T03:14:20.398Z,8340.106,847900672,868741120,0,845257728,840368128,4820992,840368128,2723840,0,0,0,13298970624,0,0.47
2026-08-29T03:14:30.398Z,8350.106,847814656,868741120,0,845204480,840314880,4820992,840314880,2723840,0,0,0,13285429248,0,0.4
2026-08-29T03:14:40.397Z,8360.105,846864384,868741120,0,844254208,839364608,4820992,839364608,2723840,0,0,0,13282848768,0,0.34
2026-08-29T03:14:50.397Z,8370.105,847896576,868741120,0,845241344,840351744,4820992,840351744,2723840,0,0,0,13297557504,0,0.28
2026-08-29T03:15:00.397Z,8380.105,847847424,868741120,0,845200384,840310784,4820992,840310784,2723840,0,0,0,13304098816,0,0.31
2026-08-29T03:15:10.402Z,8390.11,847831040,868741120,0,845200384,840310784,4820992,840310784,2723840,0,0,0,13283491840,0,0.27
2026-08-29T03:15:20.409Z,8400.117,847831040,868741120,0,845200384,840310784,4820992,840310784,2723840,0,0,0,13293780992,0,0.3
2026-08-29T03:15:30.404Z,8410.112,847863808,868741120,0,845253632,840364032,4820992,840364032,2723840,0,0,0,13291450368,0,0.25
2026-08-29T03:15:40.397Z,8420.105,847728640,868741120,0,845110272,840220672,4820992,840220672,2723840,0,0,0,13299064832,0,0.29
2026-08-29T03:15:50.402Z,8430.11,846852096,868741120,0,844241920,839352320,4820992,839352320,2723840,0,0,0,13300088832,0,0.32
2026-08-29T03:16:00.404Z,8440.112,847810560,868741120,0,845159424,840269824,4820992,840269824,2723840,0,0,0,13283368960,0,0.43
2026-08-29T03:16:10.403Z,8450.111,847843328,868741120,0,845188096,840298496,4820992,840298496,2723840,0,0,0,13281325056,0,0.36
2026-08-29T03:16:20.398Z,8460.106,847777792,868741120,0,845122560,840232960,4820992,840232960,2723840,0,0,0,13292240896,0,0.46
2026-08-29T03:16:30.401Z,8470.109,848338944,868741120,0,845696000,840806400,4820992,840806400,2723840,0,0,0,13299744768,0,0.47
2026-08-29T03:16:40.404Z,8480.112,848076800,868741120,0,845458432,840568832,4820992,840568832,2723840,0,0,0,13296533504,0,0.48
2026-08-29T03:16:50.399Z,8490.107,847818752,868741120,0,845163520,840273920,4820992,840273920,2723840,0,0,0,13287411712,0,0.4
2026-08-29T03:17:00.409Z,8500.117,847794176,868741120,0,845175808,840286208,4820992,840286208,2723840,0,0,0,13297119232,0,0.5
2026-08-29T03:17:10.410Z,8510.118,847761408,868741120,0,845126656,840237056,4820992,840237056,2723840,0,0,0,13294211072,0,0.5
2026-08-29T03:17:20.397Z,8520.105,846790656,868741120,0,844135424,839245824,4820992,839245824,2723840,0,0,0,13280194560,0,0.42
2026-08-29T03:17:30.403Z,8530.111,847724544,868741120,0,845077504,840187904,4820992,840187904,2723840,0,0,0,13283889152,0,0.58
2026-08-29T03:17:40.401Z,8540.109,847601664,868741120,0,844979200,840089600,4820992,840089600,2723840,0,0,0,13279744000,0,0.57
2026-08-29T03:17:50.401Z,8550.109,847732736,868741120,0,845077504,840187904,4820992,840187904,2723840,0,0,0,13297238016,0,0.72
2026-08-29T03:18:00.399Z,8560.107,847765504,868741120,0,845155328,840265728,4820992,840265728,2723840,0,0,0,13294878720,0,0.68
2026-08-29T03:18:10.397Z,8570.105,847818752,868741120,0,845163520,840273920,4820992,840273920,2723840,0,0,0,13304315904,0,0.58
2026-08-29T03:18:20.400Z,8580.108,847732736,868741120,0,845085696,840196096,4820992,840196096,2723840,0,0,0,13285904384,0,0.56
2026-08-29T03:18:30.408Z,8590.116,847712256,868741120,0,845102080,840212480,4820992,840212480,2723840,0,0,0,13297381376,0,0.55
2026-08-29T03:18:40.400Z,8600.108,847736832,868741120,0,845126656,840237056,4820992,840237056,2723840,0,0,0,13291417600,0,0.46
2026-08-29T03:18:50.408Z,8610.116,846569472,868741120,0,843959296,839069696,4820992,839069696,2723840,0,0,0,13290594304,0,0.54
2026-08-29T03:19:00.398Z,8620.106,847757312,868741120,0,845122560,840232960,4820992,840232960,2723840,0,0,0,13281316864,0,0.54
2026-08-29T03:19:10.406Z,8630.114,847753216,868741120,0,845134848,840245248,4820992,840245248,2723840,0,0,0,13283418112,0,0.53
2026-08-29T03:19:20.397Z,8640.105,847839232,868741120,0,845204480,840314880,4820992,840314880,2723840,0,0,0,13290340352,0,0.77
2026-08-29T03:19:30.398Z,8650.106,847867904,868741120,0,845257728,840368128,4820992,840368128,2723840,0,0,0,13285957632,0,0.72
2026-08-29T03:19:40.399Z,8660.107,847785984,868741120,0,845151232,840261632,4820992,840261632,2723840,0,0,0,13280886784,0,0.69
2026-08-29T03:19:50.412Z,8670.12,847761408,868741120,0,845151232,840261632,4820992,840261632,2723840,0,0,0,13280145408,0,0.67
2026-08-29T03:20:00.399Z,8680.107,843599872,868741120,0,840989696,836100096,4820992,836100096,2723840,0,0,0,13296607232,0,0.64
2026-08-29T03:20:10.399Z,8690.107,843640832,868741120,0,840993792,836104192,4820992,836104192,2723840,0,0,0,13306093568,0,0.62
2026-08-29T03:20:20.399Z,8700.107,843673600,868741120,0,841055232,836165632,4820992,836165632,2723840,0,0,0,13316030464,0,0.52
2026-08-29T03:20:30.407Z,8710.115,843730944,868741120,0,841112576,836222976,4820992,836222976,2723840,0,0,0,13311029248,0,0.44
2026-08-29T03:20:40.404Z,8720.112,843698176,868741120,0,841055232,836165632,4820992,836165632,2723840,0,0,0,13307441152,0,0.45
2026-08-29T03:20:50.407Z,8730.115,843628544,868741120,0,841010176,836120576,4820992,836120576,2723840,0,0,0,13307138048,0,0.46
2026-08-29T03:21:00.402Z,8740.11,843780096,868741120,0,841133056,836243456,4820992,836243456,2723840,0,0,0,13315485696,0,0.55
2026-08-29T03:21:10.402Z,8750.11,843632640,868741120,0,840977408,836087808,4820992,836087808,2723840,0,0,0,13314650112,0,0.54
2026-08-29T03:21:20.402Z,8760.11,843616256,868741120,0,840997888,836108288,4820992,836108288,2723840,0,0,0,13310423040,0,0.53
2026-08-29T03:21:30.408Z,8770.116,842719232,868741120,0,840104960,835215360,4820992,835215360,2723840,0,0,0,13319827456,0,0.53
2026-08-29T03:21:40.400Z,8780.108,843747328,868741120,0,841100288,836210688,4820992,836210688,2723840,0,0,0,13301997568,0,0.44
2026-08-29T03:21:50.408Z,8790.116,843649024,868741120,0,841034752,836145152,4820992,836145152,2723840,0,0,0,13286621184,0,0.46
2026-08-29T03:22:00.402Z,8800.11,843624448,868741120,0,840969216,836079616,4820992,836079616,2723840,0,0,0,13289078784,0,0.39
2026-08-29T03:22:10.400Z,8810.108,843653120,868741120,0,841038848,836149248,4820992,836149248,2723840,0,0,0,13281816576,0,0.41
2026-08-29T03:22:20.412Z,8820.12,843718656,868741120,0,841075712,836186112,4820992,836186112,2723840,0,0,0,13289676800,0,0.34
2026-08-29T03:22:30.408Z,8830.116,843636736,868741120,0,840989696,836100096,4820992,836100096,2723840,0,0,0,13290991616,0,0.37
2026-08-29T03:22:40.409Z,8840.117,843669504,868741120,0,841051136,836161536,4820992,836161536,2723840,0,0,0,13290594304,0,0.39
2026-08-29T03:22:50.406Z,8850.114,843628544,868741120,0,841010176,836120576,4820992,836120576,2723840,0,0,0,13286858752,0,0.41
2026-08-29T03:23:00.401Z,8860.109,843735040,868741120,0,841083904,836194304,4820992,836194304,2723840,0,0,0,13300424704,0,0.35
2026-08-29T03:23:10.411Z,8870.119,844222464,868741120,0,841567232,836677632,4820992,836677632,2723840,0,0,0,13315604480,0,0.37
2026-08-29T03:23:20.399Z,8880.107,843698176,868741120,0,841079808,836190208,4820992,836190208,2723840,0,0,0,13316005888,0,0.31
2026-08-29T03:23:30.399Z,8890.107,843743232,868741120,0,841096192,836206592,4820992,836206592,2723840,0,0,0,13314080768,0,0.26
2026-08-29T03:23:40.399Z,8900.107,843747328,868741120,0,841128960,836239360,4820992,836239360,2723840,0,0,0,13316476928,0,0.38
2026-08-29T03:23:50.407Z,8910.115,843714560,868741120,0,841104384,836214784,4820992,836214784,2723840,0,0,0,13319917568,0,0.32
2026-08-29T03:24:00.409Z,8920.117,843665408,868741120,0,841030656,836141056,4820992,836141056,2723840,0,0,0,13315280896,0,0.35
2026-08-29T03:24:10.409Z,8930.117,843739136,868741120,0,841128960,836239360,4820992,836239360,2723840,0,0,0,13317242880,0,0.37
2026-08-29T03:24:20.401Z,8940.109,843718656,868741120,0,841075712,836186112,4820992,836186112,2723840,0,0,0,13317640192,0,0.47
2026-08-29T03:24:30.399Z,8950.107,843632640,868741120,0,841022464,836132864,4820992,836132864,2723840,0,0,0,13316567040,0,0.4
2026-08-29T03:24:40.400Z,8960.108,843644928,868741120,0,841010176,836120576,4820992,836120576,2723840,0,0,0,13314834432,0,0.34
2026-08-29T03:24:50.399Z,8970.107,843689984,868741120,0,841079808,836190208,4820992,836190208,2723840,0,0,0,13313687552,0,0.44
2026-08-29T03:25:00.410Z,8980.118,843911168,868741120,0,841292800,836403200,4820992,836403200,2723840,0,0,0,13309722624,0,0.46
2026-08-29T03:25:10.409Z,8990.117,843788288,868741120,0,841178112,836288512,4820992,836288512,2723840,0,0,0,13321605120,0,0.47
2026-08-29T03:25:20.385Z,9000.093,842891264,868741120,0,840267776,835383296,4820992,835383296,2723840,0,0,0,13321064448,0,0.47
2026-08-29T03:25:30.398Z,9010.106,843792384,868741120,0,841149440,836259840,4820992,836259840,2723840,0,0,0,13324341248,0,0.4
2026-08-29T03:25:40.400Z,9020.108,844087296,868741120,0,841468928,836579328,4820992,836579328,2723840,0,0,0,13309165568,0,0.34
2026-08-29T03:25:50.408Z,9030.116,842825728,868741120,0,840207360,835317760,4820992,835317760,2723840,0,0,0,13314662400,0,0.44
2026-08-29T03:26:00.399Z,9040.107,843919360,868741120,0,841275392,836386816,4820992,836386816,2723840,0,0,0,13321846784,0,0.37
2026-08-29T03:26:10.401Z,9050.109,843857920,868741120,0,841239552,836349952,4820992,836349952,2723840,0,0,0,13314662400,0,0.55
2026-08-29T03:26:20.403Z,9060.111,843776000,868741120,0,841141248,836251648,4820992,836251648,2723840,0,0,0,13322358784,0,0.54
2026-08-29T03:26:30.405Z,9070.113,843808768,868741120,0,841190400,836300800,4820992,836300800,2723840,0,0,0,13312962560,0,0.46
2026-08-29T03:26:40.401Z,9080.109,843812864,868741120,0,841202688,836313088,4820992,836313088,2723840,0,0,0,13310685184,0,0.39
2026-08-29T03:26:50.403Z,9090.111,843808768,868741120,0,841157632,836268032,4820992,836268032,2723840,0,0,0,13321699328,0,0.33
2026-08-29T03:27:00.400Z,9100.108,843866112,868741120,0,841223168,836333568,4820992,836333568,2723840,0,0,0,13323501568,0,0.35
2026-08-29T03:27:10.402Z,9110.11,843796480,868741120,0,841149440,836259840,4820992,836259840,2723840,0,0,0,13324341248,0,0.29
2026-08-29T03:27:20.402Z,9120.11,842883072,868741120,0,840272896,835383296,4820992,835383296,2723840,0,0,0,13320470528,0,0.25
2026-08-29T03:27:30.404Z,9130.112,843919360,868741120,0,841284608,836395008,4820992,836395008,2723840,0,0,0,13312425984,0,0.29
2026-08-29T03:27:40.410Z,9140.118,842887168,868741120,0,840252416,835362816,4820992,835362816,2723840,0,0,0,13317267456,0,0.32
2026-08-29T03:27:50.402Z,9150.11,843849728,868741120,0,841231360,836341760,4820992,836341760,2723840,0,0,0,13318877184,0,0.27
2026-08-29T03:28:00.402Z,9160.11,843825152,868741120,0,841206784,836317184,4820992,836317184,2723840,0,0,0,13321375744,0,0.3
2026-08-29T03:28:10.402Z,9170.11,844206080,868741120,0,841550848,836661248,4820992,836661248,2723840,0,0,0,13321760768,0,0.33
2026-08-29T03:28:20.402Z,9180.11,843808768,868741120,0,841178112,836288512,4820992,836288512,2723840,0,0,0,13322379264,0,0.36
2026-08-29T03:28:30.404Z,9190.112,843816960,868741120,0,841165824,836276224,4820992,836276224,2723840,0,0,0,13312040960,0,0.3
2026-08-29T03:28:40.400Z,9200.108,843857920,868741120,0,841239552,836349952,4820992,836349952,2723840,0,0,0,13316509696,0,0.41
2026-08-29T03:28:50.403Z,9210.111,843833344,868741120,0,841186304,836296704,4820992,836296704,2723840,0,0,0,13317988352,0,0.35
2026-08-29T03:29:00.391Z,9220.099,843845632,868741120,0,841226240,836341760,4820992,836341760,2723840,0,0,0,13306056704,0,0.29
2026-08-29T03:29:10.402Z,9230.11,843829248,868741120,0,841174016,836284416,4820992,836284416,2723840,0,0,0,13313478656,0,0.25
2026-08-29T03:29:20.407Z,9240.115,843866112,868741120,0,841219072,836329472,4820992,836329472,2723840,0,0,0,13319725056,0,0.44
2026-08-29T03:29:30.402Z,9250.11,844148736,868741120,0,841505792,836616192,4820992,836616192,2723840,0,0,0,13322838016,0,0.45
2026-08-29T03:29:40.402Z,9260.11,844197888,868741120,0,841542656,836653056,4820992,836653056,2723840,0,0,0,13316587520,0,0.38
2026-08-29T03:29:50.411Z,9270.119,844132352,868741120,0,841477120,836587520,4820992,836587520,2723840,0,0,0,13317955584,0,0.32
2026-08-29T03:30:00.405Z,9280.113,844783616,868741120,0,842128384,837238784,4820992,837238784,2723840,0,0,0,13311250432,0,0.43
2026-08-29T03:30:10.406Z,9290.114,844800000,868741120,0,842144768,837255168,4820992,837255168,2723840,0,0,0,13303955456,0,0.45
2026-08-29T03:30:20.403Z,9300.111,843907072,868741120,0,841260032,836370432,4820992,836370432,2723840,0,0,0,13310881792,0,0.69
2026-08-29T03:30:30.415Z,9310.123,844783616,868741120,0,842165248,837275648,4820992,837275648,2723840,0,0,0,13297782784,0,0.66
2026-08-29T03:30:40.411Z,9320.119,845127680,868741120,0,842483712,837595136,4820992,837595136,2723840,0,0,0,13311922176,0,0.64
2026-08-29T03:30:50.408Z,9330.116,845279232,868741120,0,842636288,837746688,4820992,837746688,2723840,0,0,0,13305556992,0,0.54
2026-08-29T03:31:00.412Z,9340.12,845225984,868741120,0,842615808,837726208,4820992,837726208,2723840,0,0,0,13301075968,0,0.69
2026-08-29T03:31:10.407Z,9350.115,845438976,868741120,0,842804224,837914624,4820992,837914624,2723840,0,0,0,13312364544,0,0.58
2026-08-29T03:31:20.412Z,9360.12,845459456,868741120,0,842804224,837914624,4820992,837914624,2723840,0,0,0,13309718528,0,0.65
2026-08-29T03:31:30.407Z,9370.115,845578240,868741120,0,842923008,838033408,4820992,838033408,2723840,0,0,0,13313343488,0,0.55
2026-08-29T03:31:40.405Z,9380.113,845660160,868741120,0,843041792,838152192,4820992,838152192,2723840,0,0,0,13315760128,0,0.62
2026-08-29T03:31:50.405Z,9390.113,845963264,868741120,0,843340800,838451200,4820992,838451200,2723840,0,0,0,13317443584,0,0.6
2026-08-29T03:32:00.416Z,9400.124,845996032,868741120,0,843348992,838459392,4820992,838459392,2723840,0,0,0,13308796928,0,0.83
2026-08-29T03:32:10.405Z,9410.113,845905920,868741120,0,843267072,838377472,4820992,838377472,2723840,0,0,0,13317300224,0,0.78
2026-08-29T03:32:20.408Z,9420.116,845922304,868741120,0,843267072,838377472,4820992,838377472,2723840,0,0,0,13311279104,0,0.74
2026-08-29T03:32:30.406Z,9430.114,845922304,868741120,0,843291648,838402048,4820992,838402048,2723840,0,0,0,13311918080,0,0.63
2026-08-29T03:32:40.406Z,9440.114,846143488,868741120,0,843496448,838606848,4820992,838606848,2723840,0,0,0,13306769408,0,0.69
2026-08-29T03:32:50.407Z,9450.115,845971456,868741120,0,843369472,838479872,4820992,838479872,2723840,0,0,0,13307944960,0,0.66
2026-08-29T03:33:00.407Z,9460.115,845938688,868741120,0,843320320,838430720,4820992,838430720,2723840,0,0,0,13311197184,0,0.56
2026-08-29T03:33:10.405Z,9470.113,845955072,868741120,0,843344896,838455296,4820992,838455296,2723840,0,0,0,13297377280,0,0.55
2026-08-29T03:33:20.412Z,9480.12,842227712,868741120,0,839617536,834727936,4820992,834727936,2723840,0,0,0,13312311296,0,0.54
2026-08-29T03:33:30.406Z,9490.114,842612736,868741120,0,839977984,835088384,4820992,835088384,2723840,0,0,0,13313302528,0,0.45
2026-08-29T03:33:40.405Z,9500.113,842276864,868741120,0,839642112,834752512,4820992,834752512,2723840,0,0,0,13292523520,0,0.46
2026-08-29T03:33:50.415Z,9510.123,841252864,868741120,0,838598656,833708032,4820992,833708032,2723840,0,0,0,13322792960,0,0.46
2026-08-29T03:34:00.421Z,9520.129,842178560,868741120,0,839553024,834670592,4816896,834670592,2727936,0,0,0,13334118400,0,0.39
2026-08-29T03:34:10.417Z,9530.125,842272768,868741120,0,839617536,834727936,4820992,834727936,2723840,0,0,0,13337964544,0,0.41
2026-08-29T03:34:20.407Z,9540.115,841588736,868741120,0,838978560,834088960,4820992,834088960,2723840,0,0,0,13328822272,0,0.51
2026-08-29T03:34:30.416Z,9550.124,842547200,868741120,0,839928832,835039232,4820992,835039232,2723840,0,0,0,13327990784,0,0.51
2026-08-29T03:34:40.408Z,9560.116,842629120,868741120,0,839994368,835104768,4820992,835104768,2723840,0,0,0,13323784192,0,0.58
2026-08-29T03:34:50.416Z,9570.124,842907648,868741120,0,840265728,835375104,4820992,835375104,2723840,0,0,0,13329108992,0,0.94
2026-08-29T03:35:00.403Z,9580.111,843264000,868741120,0,840633344,835743744,4820992,835743744,2723840,0,0,0,13331488768,0,0.79
2026-08-29T03:35:10.418Z,9590.126,843137024,868741120,0,840527872,835637248,4820992,835637248,2723840,0,0,0,13330554880,0,0.75
2026-08-29T03:35:20.417Z,9600.125,843153408,868741120,0,840523776,835633152,4820992,835633152,2723840,0,0,0,13334196224,0,0.63
2026-08-29T03:35:30.409Z,9610.117,843112448,868741120,0,840495104,835604480,4820992,835604480,2723840,0,0,0,13331701760,0,0.76
2026-08-29T03:35:40.407Z,9620.115,843100160,868741120,0,840470528,835579904,4820992,835579904,2723840,0,0,0,13336612864,0,0.79
2026-08-29T03:35:50.409Z,9630.117,843128832,868741120,0,840519680,835629056,4820992,835629056,2723840,0,0,0,13324283904,0,0.67
2026-08-29T03:36:00.408Z,9640.116,843489280,868741120,0,840855552,835964928,4820992,835964928,2723840,0,0,0,13333454848,0,0.88
2026-08-29T03:36:10.407Z,9650.115,843788288,868741120,0,841146368,836255744,4820992,836255744,2723840,0,0,0,13330464768,0,0.82
2026-08-29T03:36:20.411Z,9660.119,843796480,868741120,0,841142272,836251648,4820992,836251648,2723840,0,0,0,13336780800,0,0.85
2026-08-29T03:36:30.406Z,9670.114,843870208,868741120,0,841227264,836337664,4820992,836337664,2723840,0,0,0,13333823488,0,1.53
2026-08-29T03:36:40.409Z,9680.117,843800576,868741120,0,841154560,836263936,4820992,836263936,2723840,0,0,0,13339353088,0,1.37
2026-08-29T03:36:50.396Z,9690.104,843771904,868741120,0,841149440,836259840,4820992,836259840,2723840,0,0,0,13331726336,0,1.16
2026-08-29T03:37:00.416Z,9700.124,843763712,868741120,0,841154560,836263936,4820992,836263936,2723840,0,0,0,13337661440,0,1.06
2026-08-29T03:37:10.421Z,9710.129,843804672,868741120,0,841187328,836296704,4820992,836296704,2723840,0,0,0,13342818304,0,1.05
2026-08-29T03:37:20.406Z,9720.114,843800576,868741120,0,841191424,836300800,4820992,836300800,2723840,0,0,0,13343031296,0,0.97
2026-08-29T03:37:30.407Z,9730.115,843849728,868741120,0,841206784,836317184,4820992,836317184,2723840,0,0,0,13342478336,0,0.9
2026-08-29T03:37:40.411Z,9740.119,843862016,868741120,0,841251840,836362240,4820992,836362240,2723840,0,0,0,13335797760,0,0.91
2026-08-29T03:37:50.407Z,9750.115,843841536,868741120,0,841224192,836333568,4820992,836333568,2723840,0,0,0,13339664384,0,0.77
2026-08-29T03:38:00.407Z,9760.115,843825152,868741120,0,841216000,836325376,4820992,836325376,2723840,0,0,0,13326721024,0,0.82
2026-08-29T03:38:10.407Z,9770.115,843862016,868741120,0,841244672,836354048,4820992,836354048,2723840,0,0,0,13339029504,0,0.84
2026-08-29T03:38:20.390Z,9780.098,843956224,868741120,0,841325568,836435968,4820992,836435968,2723840,0,0,0,13326745600,0,0.79
2026-08-29T03:38:30.418Z,9790.126,843878400,868741120,0,841228288,836337664,4820992,836337664,2723840,0,0,0,13329022976,0,0.83
2026-08-29T03:38:40.408Z,9800.116,843919360,868741120,0,841285632,836395008,4820992,836395008,2723840,0,0,0,13328187392,0,0.7
2026-08-29T03:38:50.417Z,9810.125,843923456,868741120,0,841289728,836399104,4820992,836399104,2723840,0,0,0,13334941696,0,0.9
2026-08-29T03:39:00.417Z,9820.125,843829248,868741120,0,841211904,836321280,4820992,836321280,2723840,0,0,0,13339557888,0,0.83
2026-08-29T03:39:10.407Z,9830.115,843841536,868741120,0,841187328,836296704,4820992,836296704,2723840,0,0,0,13332901888,0,0.78
2026-08-29T03:39:20.408Z,9840.116,843825152,868741120,0,841207808,836317184,4820992,836317184,2723840,0,0,0,13331271680,0,0.81
2026-08-29T03:39:30.411Z,9850.119,843894784,868741120,0,841252864,836362240,4820992,836362240,2723840,0,0,0,13304156160,0,0.76
2026-08-29T03:39:40.408Z,9860.116,843837440,868741120,0,841183232,836292608,4820992,836292608,2723840,0,0,0,13321150464,0,0.64
2026-08-29T03:39:50.410Z,9870.118,843755520,868741120,0,841154560,836263936,4820992,836263936,2723840,0,0,0,13310341120,0,0.78
2026-08-29T03:40:00.418Z,9880.126,843743232,868741120,0,841134080,836243456,4820992,836243456,2723840,0,0,0,13315346432,0,0.9
2026-08-29T03:40:10.419Z,9890.127,843882496,868741120,0,841228288,836337664,4820992,836337664,2723840,0,0,0,13330866176,0,0.92
2026-08-29T03:40:20.413Z,9900.121,843771904,868741120,0,841167872,836280320,4820992,836280320,2723840,0,0,0,13333139456,0,0.85
2026-08-29T03:40:30.409Z,9910.117,843853824,868741120,0,841199616,836308992,4820992,836308992,2723840,0,0,0,13338128384,0,0.72
2026-08-29T03:40:40.407Z,9920.115,843812864,868741120,0,841183232,836292608,4820992,836292608,2723840,0,0,0,13321412608,0,0.75
2026-08-29T03:40:50.408Z,9930.116,843743232,868741120,0,841101312,836210688,4820992,836210688,2723840,0,0,0,13322358784,0,0.72
2026-08-29T03:41:00.411Z,9940.119,843886592,868741120,0,841232384,836341760,4820992,836341760,2723840,0,0,0,13318152192,0,0.92
2026-08-29T03:41:10.409Z,9950.117,843784192,868741120,0,841129984,836239360,4820992,836239360,2723840,0,0,0,13324509184,0,0.93
2026-08-29T03:41:20.411Z,9960.119,843759616,868741120,0,841105408,836214784,4820992,836214784,2723840,0,0,0,13313933312,0,0.94
2026-08-29T03:41:30.416Z,9970.124,843825152,868741120,0,841170944,836280320,4820992,836280320,2723840,0,0,0,13315297280,0,0.88
2026-08-29T03:41:40.413Z,9980.121,843726848,868741120,0,841101312,836210688,4820992,836210688,2723840,0,0,0,13296463872,0,0.82
2026-08-29T03:41:50.411Z,9990.119,843898880,868741120,0,841244672,836354048,4820992,836354048,2723840,0,0,0,13313179648,0,0.7
2026-08-29T03:42:00.395Z,10000.103,843931648,868741120,0,841280512,836390912,4820992,836390912,2723840,0,0,0,13281603584,0,0.66
2026-08-29T03:42:10.409Z,10010.117,843833344,868741120,0,841179136,836288512,4820992,836288512,2723840,0,0,0,13320396800,0,0.56
2026-08-29T03:42:20.408Z,10020.116,842895360,868741120,0,840241152,835350528,4820992,835350528,2723840,0,0,0,13308891136,0,0.47
2026-08-29T03:42:30.410Z,10030.118,843751424,868741120,0,841142272,836251648,4820992,836251648,2723840,0,0,0,13314949120,0,0.55
2026-08-29T03:42:40.398Z,10040.106,843780096,868741120,0,841124864,836235264,4820992,836235264,2723840,0,0,0,13336817664,0,0.54
2026-08-29T03:42:50.419Z,10050.127,843919360,868741120,0,841265152,836374528,4820992,836374528,2723840,0,0,0,13331140608,0,0.45
2026-08-29T03:43:00.409Z,10060.117,843833344,868741120,0,841179136,836288512,4820992,836288512,2723840,0,0,0,13334011904,0,0.46
2026-08-29T03:43:10.415Z,10070.123,843837440,868741120,0,841183232,836292608,4820992,836292608,2723840,0,0,0,13326258176,0,0.55
2026-08-29T03:43:20.410Z,10080.118,843833344,868741120,0,841179136,836288512,4820992,836288512,2723840,0,0,0,13332201472,0,0.7
2026-08-29T03:43:30.417Z,10090.125,842850304,868741120,0,840194048,835305472,4820992,835305472,2723840,0,0,0,13312675840,0,0.67
2026-08-29T03:43:40.413Z,10100.121,840060928,868741120,0,837443584,832552960,4820992,832552960,2723840,0,0,0,13321261056,0,0.57
2026-08-29T03:43:50.416Z,10110.124,840040448,868741120,0,837402624,832512000,4820992,832512000,2723840,0,0,0,13318213632,0,0.48
2026-08-29T03:44:00.412Z,10120.12,840200192,868741120,0,837545984,832655360,4820992,832655360,2723840,0,0,0,13323190272,0,1.51
2026-08-29T03:44:10.411Z,10130.119,840118272,868741120,0,837464064,832573440,4820992,832573440,2723840,0,0,0,13321060352,0,1.28
2026-08-29T03:44:20.410Z,10140.118,840114176,868741120,0,837459968,832569344,4820992,832569344,2723840,0,0,0,13315866624,0,1.23
2026-08-29T03:44:30.410Z,10150.118,840122368,868741120,0,837468160,832577536,4820992,832577536,2723840,0,0,0,13315538944,0,1.04
2026-08-29T03:44:40.409Z,10160.117,840228864,868741120,0,837591040,832700416,4820992,832700416,2723840,0,0,0,13319098368,0,0.95
2026-08-29T03:44:50.411Z,10170.119,840089600,868741120,0,837435392,832544768,4820992,832544768,2723840,0,0,0,13324005376,0,0.81
2026-08-29T03:45:00.410Z,10180.118,839692288,868741120,0,837038080,832147456,4820992,832147456,2723840,0,0,0,13313511424,0,0.76
2026-08-29T03:45:10.403Z,10190.111,840134656,868741120,0,837477376,832589824,4820992,832589824,2723840,0,0,0,13309571072,0,0.72
2026-08-29T03:45:20.415Z,10200.123,840232960,868741120,0,837577728,832688128,4820992,832688128,2723840,0,0,0,13307088896,0,0.76
2026-08-29T03:45:30.410Z,10210.118,840118272,868741120,0,837464064,832573440,4820992,832573440,2723840,0,0,0,13330919424,0,0.72
2026-08-29T03:45:40.409Z,10220.117,839204864,868741120,0,836550656,831660032,4820992,831660032,2723840,0,0,0,13337006080,0,0.68
2026-08-29T03:45:50.409Z,10230.117,840192000,868741120,0,837537792,832647168,4820992,832647168,2723840,0,0,0,13317480448,0,0.65
2026-08-29T03:46:00.418Z,10240.126,839319552,868741120,0,836664320,831774720,4820992,831774720,2723840,0,0,0,13316567040,0,0.55
2026-08-29T03:46:10.410Z,10250.118,840261632,868741120,0,837607424,832716800,4820992,832716800,2723840,0,0,0,13318631424,0,0.46
2026-08-29T03:46:20.418Z,10260.126,840290304,868741120,0,837636096,832745472,4820992,832745472,2723840,0,0,0,13322203136,0,0.55
2026-08-29T03:46:30.416Z,10270.124,840323072,868741120,0,837668864,832778240,4820992,832778240,2723840,0,0,0,13308489728,0,0.63
2026-08-29T03:46:40.409Z,10280.117,840208384,868741120,0,837554176,832663552,4820992,832663552,2723840,0,0,0,13315821568,0,0.53
2026-08-29T03:46:50.423Z,10290.131,840187904,868741120,0,837533696,832643072,4820992,832643072,2723840,0,0,0,13305040896,0,0.52
2026-08-29T03:47:00.409Z,10300.117,840179712,868741120,0,837525504,832634880,4820992,832634880,2723840,0,0,0,13310685184,0,0.44
2026-08-29T03:47:10.413Z,10310.121,840171520,868741120,0,837517312,832626688,4820992,832626688,2723840,0,0,0,13319512064,0,0.45
2026-08-29T03:47:20.411Z,10320.119,840265728,868741120,0,837611520,832720896,4820992,832720896,2723840,0,0,0,13315874816,0,0.45
2026-08-29T03:47:30.418Z,10330.126,840249344,868741120,0,837595136,832704512,4820992,832704512,2723840,0,0,0,13322477568,0,0.46
2026-08-29T03:47:40.414Z,10340.122,840323072,868741120,0,837667840,832778240,4820992,832778240,2723840,0,0,0,13287067648,0,0.46
2026-08-29T03:47:50.410Z,10350.118,840228864,868741120,0,837578752,832688128,4820992,832688128,2723840,0,0,0,13319012352,0,0.47
2026-08-29T03:48:00.413Z,10360.121,840208384,868741120,0,837554176,832663552,4820992,832663552,2723840,0,0,0,13307658240,0,0.4
2026-08-29T03:48:10.410Z,10370.118,840224768,868741120,0,837595136,832704512,4820992,832704512,2723840,0,0,0,13315522560,0,0.49
2026-08-29T03:48:20.416Z,10380.124,840196096,868741120,0,837541888,832651264,4820992,832651264,2723840,0,0,0,13304373248,0,0.49
2026-08-29T03:48:30.409Z,10390.117,840179712,868741120,0,837525504,832634880,4820992,832634880,2723840,0,0,0,13321785344,0,0.5
2026-08-29T03:48:40.419Z,10400.127,840167424,868741120,0,837513216,832622592,4820992,832622592,2723840,0,0,0,13310029824,0,0.66
2026-08-29T03:48:50.416Z,10410.124,839352320,868741120,0,836698112,831807488,4820992,831807488,2723840,0,0,0,13310447616,0,0.63
2026-08-29T03:49:00.410Z,10420.118,840212480,868741120,0,837558272,832667648,4820992,832667648,2723840,0,0,0,13322018816,0,0.61
2026-08-29T03:49:10.411Z,10430.119,839286784,868741120,0,836632576,831741952,4820992,831741952,2723840,0,0,0,13320933376,0,0.59
2026-08-29T03:49:20.412Z,10440.12,840192000,868741120,0,837537792,832647168,4820992,832647168,2723840,0,0,0,13320781824,0,0.73
2026-08-29T03:49:30.411Z,10450.119,840683520,868741120,0,838029312,833138688,4820992,833138688,2723840,0,0,0,13312233472,0,0.62
2026-08-29T03:49:40.419Z,10460.127,840327168,868741120,0,837672960,832782336,4820992,832782336,2723840,0,0,0,13329461248,0,0.6
2026-08-29T03:49:50.416Z,10470.124,840302592,868741120,0,837648384,832757760,4820992,832757760,2723840,0,0,0,13304213504,0,0.66
2026-08-29T03:50:00.410Z,10480.118,840200192,868741120,0,837545984,832655360,4820992,832655360,2723840,0,0,0,13321068544,0,0.64
2026-08-29T03:50:10.409Z,10490.117,840179712,868741120,0,837524480,832634880,4820992,832634880,2723840,0,0,0,13312929792,0,0.54
2026-08-29T03:50:20.409Z,10500.117,840179712,868741120,0,837533696,832643072,4820992,832643072,2723840,0,0,0,13312356352,0,0.62
2026-08-29T03:50:30.411Z,10510.119,840187904,868741120,0,837533696,832643072,4820992,832643072,2723840,0,0,0,13331922944,0,0.52
2026-08-29T03:50:40.411Z,10520.119,840208384,868741120,0,837554176,832663552,4820992,832663552,2723840,0,0,0,13310840832,0,0.67
2026-08-29T03:50:50.411Z,10530.119,840228864,868741120,0,837574656,832684032,4820992,832684032,2723840,0,0,0,13328252928,0,0.64
2026-08-29T03:51:00.411Z,10540.119,840208384,868741120,0,837554176,832663552,4820992,832663552,2723840,0,0,0,13307293696,0,0.78
2026-08-29T03:51:10.410Z,10550.118,840814592,868741120,0,838160384,833269760,4820992,833269760,2723840,0,0,0,13318103040,0,0.74
2026-08-29T03:51:20.411Z,10560.119,841052160,868741120,0,838397952,833507328,4820992,833507328,2723840,0,0,0,13306683392,0,0.78
2026-08-29T03:51:30.410Z,10570.118,841084928,868741120,0,838459392,833568768,4820992,833568768,2723840,0,0,0,13327134720,0,0.73
2026-08-29T03:51:40.411Z,10580.119,840142848,868741120,0,837521408,832630784,4820992,832630784,2723840,0,0,0,13336170496,0,0.7
2026-08-29T03:51:50.412Z,10590.12,841056256,868741120,0,838430720,833540096,4820992,833540096,2723840,0,0,0,13317783552,0,0.67
2026-08-29T03:52:00.421Z,10600.129,840327168,868741120,0,837718016,832827392,4820992,832827392,2723840,0,0,0,13316001792,0,0.64
2026-08-29T03:52:10.412Z,10610.12,840376320,868741120,0,837766144,832876544,4820992,832876544,2723840,0,0,0,13310910464,0,0.54
2026-08-29T03:52:20.415Z,10620.123,840372224,868741120,0,837754880,832864256,4820992,832864256,2723840,0,0,0,13325361152,0,0.46
2026-08-29T03:52:30.414Z,10630.122,840466432,868741120,0,837820416,832929792,4820992,832929792,2723840,0,0,0,13327331328,0,0.39
2026-08-29T03:52:40.420Z,10640.128,840306688,868741120,0,837697536,832806912,4820992,832806912,2723840,0,0,0,13316100096,0,0.55
2026-08-29T03:52:50.413Z,10650.12,840294400,868741120,0,837677056,832786432,4820992,832786432,2723840,0,0,0,13333946368,0,0.55
2026-08-29T03:53:00.415Z,10660.123,839352320,868741120,0,836734976,831844352,4820992,831844352,2723840,0,0,0,13315063808,0,0.55
2026-08-29T03:53:10.423Z,10670.131,840278016,868741120,0,837636096,832745472,4820992,832745472,2723840,0,0,0,13331660800,0,0.54
2026-08-29T03:53:20.415Z,10680.123,840269824,868741120,0,837659648,832770048,4820992,832770048,2723840,0,0,0,13333209088,0,0.61
2026-08-29T03:53:30.424Z,10690.132,840278016,868741120,0,837636096,832745472,4820992,832745472,2723840,0,0,0,13319819264,0,0.59
2026-08-29T03:53:40.428Z,10700.136,840245248,868741120,0,837591040,832700416,4820992,832700416,2723840,0,0,0,13330173952,0,0.65
2026-08-29T03:53:50.427Z,10710.135,840282112,868741120,0,837627904,832737280,4820992,832737280,2723840,0,0,0,13314691072,0,0.63
2026-08-29T03:54:00.424Z,10720.132,840298496,868741120,0,837644288,832753664,4820992,832753664,2723840,0,0,0,13331116032,0,0.61
2026-08-29T03:54:10.418Z,10730.126,840355840,868741120,0,837732352,832847872,4816896,832847872,2727936,0,0,0,13303427072,0,0.51
2026-08-29T03:54:20.419Z,10740.127,840376320,868741120,0,837758976,832868352,4820992,832868352,2723840,0,0,0,13331161088,0,0.59
2026-08-29T03:54:30.415Z,10750.123,840421376,868741120,0,837812224,832921600,4820992,832921600,2723840,0,0,0,13329670144,0,0.73
2026-08-29T03:54:40.415Z,10760.123,839598080,868741120,0,836952064,832061440,4820992,832061440,2723840,0,0,0,13335367680,0,0.7
2026-08-29T03:54:50.416Z,10770.124,840327168,868741120,0,837677056,832786432,4820992,832786432,2723840,0,0,0,13343129600,0,0.59
2026-08-29T03:55:00.417Z,10780.125,840290304,868741120,0,837681152,832790528,4820992,832790528,2723840,0,0,0,13339475968,0,0.66
2026-08-29T03:55:10.421Z,10790.129,840376320,868741120,0,837754880,832864256,4820992,832864256,2723840,0,0,0,13345628160,0,0.63
2026-08-29T03:55:20.424Z,10800.132,840314880,868741120,0,837696512,832806912,4820992,832806912,2723840,0,0,0,13334630400,0,0.54
2026-08-29T03:55:30.425Z,10810.133,840478720,868741120,0,837843968,832954368,4820992,832954368,2723840,0,0,0,13340377088,0,0.45
2026-08-29T03:55:40.416Z,10820.124,840347648,868741120,0,837730304,832839680,4820992,832839680,2723840,0,0,0,13338529792,0,0.38
2026-08-29T03:55:50.422Z,10830.13,840343552,868741120,0,837693440,832802816,4820992,832802816,2723840,0,0,0,13337870336,0,0.4
2026-08-29T03:56:00.417Z,10840.125,840425472,868741120,0,837771264,832880640,4820992,832880640,2723840,0,0,0,13342896128,0,0.49
2026-08-29T03:56:10.417Z,10850.125,840327168,868741120,0,837709824,832819200,4820992,832819200,2723840,0,0,0,13335949312,0,0.41
2026-08-29T03:56:20.418Z,10860.126,840392704,868741120,0,837763072,832872448,4820992,832872448,2723840,0,0,0,13325201408,0,0.43
2026-08-29T03:56:30.415Z,10870.123,840372224,868741120,0,837754880,832864256,4820992,832864256,2723840,0,0,0,13339697152,0,0.6
2026-08-29T03:56:40.416Z,10880.124,839512064,868741120,0,836874240,831983616,4820992,831983616,2723840,0,0,0,13340749824,0,0.59
2026-08-29T03:56:50.424Z,10890.132,840372224,868741120,0,837718016,832827392,4820992,832827392,2723840,0,0,0,13339504640,0,0.5
2026-08-29T03:57:00.417Z,10900.125,840380416,868741120,0,837726208,832835584,4820992,832835584,2723840,0,0,0,13342064640,0,0.5
2026-08-29T03:57:10.423Z,10910.131,840384512,868741120,0,837733376,832843776,4820992,832843776,2723840,0,0,0,13329338368,0,0.5
2026-08-29T03:57:20.421Z,10920.129,840552448,868741120,0,837939200,833048576,4820992,833048576,2723840,0,0,0,13341646848,0,0.5
2026-08-29T03:57:30.424Z,10930.132,840392704,868741120,0,837775360,832884736,4820992,832884736,2723840,0,0,0,13340266496,0,0.42
2026-08-29T03:57:40.427Z,10940.135,840417280,868741120,0,837799936,832909312,4820992,832909312,2723840,0,0,0,13342441472,0,0.5
2026-08-29T03:57:50.420Z,10950.128,840433664,868741120,0,837783552,832892928,4820992,832892928,2723840,0,0,0,13341831168,0,0.43
2026-08-29T03:58:00.417Z,10960.125,839507968,868741120,0,836898816,832008192,4820992,832008192,2723840,0,0,0,13334597632,0,0.44
2026-08-29T03:58:10.416Z,10970.124,840437760,868741120,0,837820416,832929792,4820992,832929792,2723840,0,0,0,13338591232,0,0.37
2026-08-29T03:58:20.417Z,10980.125,840409088,868741120,0,837791744,832901120,4820992,832901120,2723840,0,0,0,13333123072,0,0.31
2026-08-29T03:58:30.416Z,10990.124,840417280,868741120,0,837869568,832978944,4820992,832978944,2723840,0,0,0,13345177600,0,0.35
2026-08-29T03:58:40.414Z,11000.122,840499200,868741120,0,837872640,832983040,4820992,832983040,2723840,0,0,0,13315907584,0,0.45
2026-08-29T03:58:50.416Z,11010.124,840474624,868741120,0,837840896,832950272,4820992,832950272,2723840,0,0,0,13324206080,0,0.45
2026-08-29T03:59:00.428Z,11020.136,840540160,868741120,0,837910528,833019904,4820992,833019904,2723840,0,0,0,13324550144,0,0.46
2026-08-29T03:59:10.417Z,11030.125,840491008,868741120,0,837844992,832954368,4820992,832954368,2723840,0,0,0,13304569856,0,0.69
2026-08-29T03:59:20.429Z,11040.137,840495104,868741120,0,837865472,832974848,4820992,832974848,2723840,0,0,0,13325914112,0,0.58
2026-08-29T03:59:30.423Z,11050.131,840523776,868741120,0,837914624,833024000,4820992,833024000,2723840,0,0,0,13317722112,0,0.64
2026-08-29T03:59:40.418Z,11060.126,840491008,868741120,0,837881856,832991232,4820992,832991232,2723840,0,0,0,13309562880,0,0.62
2026-08-29T03:59:50.418Z,11070.126,840384512,868741120,0,837730304,832839680,4820992,832839680,2723840,0,0,0,13306298368,0,0.6
2026-08-29T04:00:00.416Z,11080.124,840519680,868741120,0,837902336,833011712,4820992,833011712,2723840,0,0,0,13311492096,0,0.67
2026-08-29T04:00:10.421Z,11090.129,840400896,868741120,0,837771264,832880640,4820992,832880640,2723840,0,0,0,13307072512,0,0.64
2026-08-29T04:00:20.420Z,11100.128,840359936,868741120,0,837742592,832851968,4820992,832851968,2723840,0,0,0,13339197440,0,0.54
2026-08-29T04:00:30.405Z,11110.113,840376320,868741120,0,837727232,832839680,4820992,832839680,2723840,0,0,0,13333729280,0,0.53
2026-08-29T04:00:40.425Z,11120.133,840359936,868741120,0,837750784,832860160,4820992,832860160,2723840,0,0,0,13333204992,0,0.45
2026-08-29T04:00:50.416Z,11130.124,840359936,868741120,0,837722112,832831488,4820992,832831488,2723840,0,0,0,13344333824,0,0.46
2026-08-29T04:01:00.423Z,11140.131,840306688,868741120,0,837688320,832798720,4820992,832798720,2723840,0,0,0,13334835200,0,0.61
2026-08-29T04:01:10.417Z,11150.125,840249344,868741120,0,837607424,832716800,4820992,832716800,2723840,0,0,0,13339496448,0,0.6
2026-08-29T04:01:20.423Z,11160.131,840228864,868741120,0,837582848,832692224,4820992,832692224,2723840,0,0,0,13330489344,0,0.5
2026-08-29T04:01:30.416Z,11170.124,840265728,868741120,0,837648384,832757760,4820992,832757760,2723840,0,0,0,13335846912,0,0.43
2026-08-29T04:01:40.417Z,11180.125,839077888,868741120,0,836468736,831578112,4820992,831578112,2723840,0,0,0,13330587648,0,0.44
2026-08-29T04:01:50.417Z,11190.125,840216576,868741120,0,837607424,832716800,4820992,832716800,2723840,0,0,0,13333880832,0,0.37
2026-08-29T04:02:00.418Z,11200.126,840269824,868741120,0,837652480,832761856,4820992,832761856,2723840,0,0,0,13335326720,0,0.48
2026-08-29T04:02:10.424Z,11210.132,840282112,868741120,0,837632000,832741376,4820992,832741376,2723840,0,0,0,13337300992,0,0.48
2026-08-29T04:02:20.425Z,11220.133,840339456,868741120,0,837696512,832806912,4820992,832806912,2723840,0,0,0,13342031872,0,0.41
2026-08-29T04:02:30.423Z,11230.131,840404992,868741120,0,837775360,832884736,4820992,832884736,2723840,0,0,0,13341822976,0,0.57
2026-08-29T04:02:40.417Z,11240.125,840286208,868741120,0,837668864,832778240,4820992,832778240,2723840,0,0,0,13342474240,0,0.64
2026-08-29T04:02:50.426Z,11250.134,840384512,868741120,0,837738496,832847872,4820992,832847872,2723840,0,0,0,13331865600,0,0.62
2026-08-29T04:03:00.426Z,11260.134,840376320,868741120,0,837741568,832851968,4820992,832851968,2723840,0,0,0,13350043648,0,0.6
2026-08-29T04:03:10.415Z,11270.123,840380416,868741120,0,837763072,832872448,4820992,832872448,2723840,0,0,0,13334757376,0,0.51
2026-08-29T04:03:20.429Z,11280.137,840278016,868741120,0,837668864,832778240,4820992,832778240,2723840,0,0,0,13343186944,0,0.43
2026-08-29T04:03:30.423Z,11290.131,840286208,868741120,0,837668864,832778240,4820992,832778240,2723840,0,0,0,13333053440,0,0.44
2026-08-29T04:03:40.418Z,11300.126,840306688,868741120,0,837660672,832770048,4820992,832770048,2723840,0,0,0,13340520448,0,0.45
2026-08-29T04:03:50.423Z,11310.131,840314880,868741120,0,837705728,832815104,4820992,832815104,2723840,0,0,0,13335339008,0,0.61
2026-08-29T04:04:00.418Z,11320.126,840314880,868741120,0,837697536,832806912,4820992,832806912,2723840,0,0,0,13341130752,0,0.51
2026-08-29T04:04:10.423Z,11330.131,840298496,868741120,0,837681152,832790528,4820992,832790528,2723840,0,0,0,13342896128,0,0.6
2026-08-29T04:04:20.423Z,11340.131,840380416,868741120,0,836832256,831942656,4820992,831942656,2723840,0,0,0,13321523200,0,0.5
2026-08-29T04:04:30.421Z,11350.129,840290304,868741120,0,837681152,832790528,4820992,832790528,2723840,0,0,0,13336637440,0,0.43
2026-08-29T04:04:40.416Z,11360.124,840372224,868741120,0,837730304,832839680,4820992,832839680,2723840,0,0,0,13324038144,0,0.43
2026-08-29T04:04:50.417Z,11370.125,840437760,868741120,0,837828608,832937984,4820992,832937984,2723840,0,0,0,13343260672,0,0.37
2026-08-29T04:05:00.424Z,11380.132,840290304,868741120,0,837676032,832786432,4820992,832786432,2723840,0,0,0,13319536640,0,0.31
2026-08-29T04:05:10.417Z,11390.125,840290304,868741120,0,837668864,832778240,4820992,832778240,2723840,0,0,0,13339267072,0,0.34
2026-08-29T04:05:20.416Z,11400.124,840290304,868741120,0,837671936,832782336,4820992,832782336,2723840,0,0,0,13343182848,0,0.44
2026-08-29T04:05:30.417Z,11410.125,840314880,868741120,0,837693440,832802816,4820992,832802816,2723840,0,0,0,13333245952,0,0.45
2026-08-29T04:05:40.417Z,11420.125,839512064,868741120,0,836857856,831967232,4820992,831967232,2723840,0,0,0,13339033600,0,0.53
2026-08-29T04:05:50.419Z,11430.127,840335360,868741120,0,837713920,832823296,4820992,832823296,2723840,0,0,0,13340127232,0,0.52
2026-08-29T04:06:00.419Z,11440.127,839430144,868741120,0,836812800,831922176,4820992,831922176,2723840,0,0,0,13343240192,0,0.52
2026-08-29T04:06:10.429Z,11450.137,840269824,868741120,0,837659648,832770048,4820992,832770048,2723840,0,0,0,13319581696,0,0.51
2026-08-29T04:06:20.419Z,11460.127,840847360,868741120,0,838201344,833310720,4820992,833310720,2723840,0,0,0,13311385600,0,0.51
2026-08-29T04:06:30.430Z,11470.138,840200192,868741120,0,837582848,832692224,4820992,832692224,2723840,0,0,0,13304320000,0,0.51
2026-08-29T04:06:40.417Z,11480.125,841101312,868741120,0,838459392,833568768,4820992,833568768,2723840,0,0,0,13324914688,0,0.43
2026-08-29T04:06:50.417Z,11490.125,841101312,868741120,0,838467584,833576960,4820992,833576960,2723840,0,0,0,13306544128,0,0.6
2026-08-29T04:07:00.427Z,11500.135,841379840,868741120,0,838725632,833835008,4820992,833835008,2723840,0,0,0,13331607552,0,0.5
2026-08-29T04:07:10.406Z,11510.114,841478144,868741120,0,838847488,833957888,4820992,833957888,2723840,0,0,0,13321969664,0,0.43
2026-08-29T04:07:20.426Z,11520.134,841728000,868741120,0,839094272,834203648,4820992,834203648,2723840,0,0,0,13326200832,0,0.43
2026-08-29T04:07:30.425Z,11530.133,841732096,868741120,0,839122944,834232320,4820992,834232320,2723840,0,0,0,13337817088,0,0.45
2026-08-29T04:07:40.427Z,11540.135,841711616,868741120,0,839057408,834166784,4820992,834166784,2723840,0,0,0,13336932352,0,0.45
2026-08-29T04:07:50.417Z,11550.125,841752576,868741120,0,839106560,834215936,4820992,834215936,2723840,0,0,0,13339783168,0,0.54
2026-08-29T04:08:00.420Z,11560.128,842756096,868741120,0,840146944,835256320,4820992,835256320,2723840,0,0,0,13329813504,0,0.53
2026-08-29T04:08:10.417Z,11570.125,843276288,868741120,0,840634368,835743744,4820992,835743744,2723840,0,0,0,13339222016,0,0.45
2026-08-29T04:08:20.416Z,11580.124,843325440,868741120,0,840708096,835817472,4820992,835817472,2723840,0,0,0,13330399232,0,0.38
2026-08-29T04:08:30.428Z,11590.136,842678272,868741120,0,840032256,835141632,4820992,835141632,2723840,0,0,0,13334306816,0,0.39
2026-08-29T04:08:40.417Z,11600.125,842645504,868741120,0,840015872,835125248,4820992,835125248,2723840,0,0,0,13327826944,0,0.33
2026-08-29T04:08:50.419Z,11610.127,843595776,868741120,0,840986624,836096000,4820992,836096000,2723840,0,0,0,13335744512,0,0.36
2026-08-29T04:09:00.427Z,11620.135,843616256,868741120,0,840994816,836104192,4820992,836104192,2723840,0,0,0,13334573056,0,0.3
2026-08-29T04:09:10.418Z,11630.126,843493376,868741120,0,840863744,835973120,4820992,835973120,2723840,0,0,0,13332230144,0,0.26
2026-08-29T04:09:20.427Z,11640.135,843481088,868741120,0,840863744,835973120,4820992,835973120,2723840,0,0,0,13331886080,0,0.29
2026-08-29T04:09:30.417Z,11650.125,843476992,868741120,0,840843264,835952640,4820992,835952640,2723840,0,0,0,13333929984,0,0.39
2026-08-29T04:09:40.417Z,11660.125,843505664,868741120,0,840896512,836005888,4820992,836005888,2723840,0,0,0,13330853888,0,0.33
2026-08-29T04:09:50.419Z,11670.127,843776000,868741120,0,841146368,836255744,4820992,836255744,2723840,0,0,0,13324451840,0,0.28
2026-08-29T04:10:00.424Z,11680.132,844042240,868741120,0,841428992,836538368,4820992,836538368,2723840,0,0,0,13338062848,0,0.47
2026-08-29T04:10:10.416Z,11690.124,844312576,868741120,0,841703424,836812800,4820992,836812800,2723840,0,0,0,13335121920,0,0.4
2026-08-29T04:10:20.422Z,11700.13,843300864,868741120,0,840691712,835801088,4820992,835801088,2723840,0,0,0,13333704704,0,0.34
2026-08-29T04:10:30.419Z,11710.127,844754944,868741120,0,842100736,837210112,4820992,837210112,2723840,0,0,0,13328543744,0,0.28
2026-08-29T04:10:40.416Z,11720.124,845258752,868741120,0,842616832,837726208,4820992,837726208,2723840,0,0,0,13343047680,0,0.32
2026-08-29T04:10:50.425Z,11730.133,845537280,868741120,0,842927104,838037504,4820992,838037504,2723840,0,0,0,13331664896,0,0.35
2026-08-29T04:11:00.418Z,11740.126,846409728,868741120,0,843792384,838901760,4820992,838901760,2723840,0,0,0,13336141824,0,0.45
2026-08-29T04:11:10.417Z,11750.125,846921728,868741120,0,844312576,839421952,4820992,839421952,2723840,0,0,0,13323186176,0,0.38
2026-08-29T04:11:20.428Z,11760.136,847462400,868741120,0,844845056,839954432,4820992,839954432,2723840,0,0,0,13319204864,0,0.55
2026-08-29T04:11:30.418Z,11770.126,848068608,868741120,0,845414400,840523776,4820992,840523776,2723840,0,0,0,13323988992,0,0.47
2026-08-29T04:11:40.429Z,11780.137,848080896,868741120,0,845447168,840556544,4820992,840556544,2723840,0,0,0,13319680000,0,0.47
2026-08-29T04:11:50.421Z,11790.129,847728640,868741120,0,845094912,840204288,4820992,840204288,2723840,0,0,0,13325430784,0,0.4
2026-08-29T04:12:00.418Z,11800.126,847753216,868741120,0,845103104,840212480,4820992,840212480,2723840,0,0,0,13322506240,0,0.41
2026-08-29T04:12:10.420Z,11810.128,847765504,868741120,0,845148160,840257536,4820992,840257536,2723840,0,0,0,13319528448,0,0.35
2026-08-29T04:12:20.431Z,11820.139,847720448,868741120,0,845103104,840212480,4820992,840212480,2723840,0,0,0,13296861184,0,0.53
2026-08-29T04:12:30.425Z,11830.133,847753216,868741120,0,845131776,840241152,4820992,840241152,2723840,0,0,0,13308932096,0,0.53
2026-08-29T04:12:40.404Z,11840.112,847757312,868741120,0,845110272,840220672,4820992,840220672,2723840,0,0,0,13288108032,0,0.6
2026-08-29T04:12:50.429Z,11850.137,847749120,868741120,0,845127680,840241152,4820992,840241152,2723840,0,0,0,13297864704,0,0.51
2026-08-29T04:13:00.425Z,11860.133,847839232,868741120,0,845193216,840302592,4820992,840302592,2723840,0,0,0,13306535936,0,0.43
2026-08-29T04:13:10.417Z,11870.125,847745024,868741120,0,845099008,840208384,4820992,840208384,2723840,0,0,0,13314105344,0,0.52
2026-08-29T04:13:20.421Z,11880.129,847851520,868741120,0,845213696,840323072,4820992,840323072,2723840,0,0,0,13315387392,0,0.44
2026-08-29T04:13:30.417Z,11890.125,847831040,868741120,0,845201408,840310784,4820992,840310784,2723840,0,0,0,13318029312,0,0.37
2026-08-29T04:13:40.417Z,11900.125,847843328,868741120,0,845225984,840335360,4820992,840335360,2723840,0,0,0,13315858432,0,0.31
2026-08-29T04:13:50.418Z,11910.126,847798272,868741120,0,845160448,840269824,4820992,840269824,2723840,0,0,0,13322997760,0,0.27
2026-08-29T04:14:00.418Z,11920.126,847765504,868741120,0,845144064,840253440,4820992,840253440,2723840,0,0,0,13339082752,0,0.22
2026-08-29T04:14:10.426Z,11930.134,847831040,868741120,0,845197312,840306688,4820992,840306688,2723840,0,0,0,13329928192,0,0.35
2026-08-29T04:14:20.420Z,11940.128,846893056,868741120,0,844259328,839368704,4820992,839368704,2723840,0,0,0,13341376512,0,0.45
2026-08-29T04:14:30.425Z,11950.133,847831040,868741120,0,845212672,840323072,4820992,840323072,2723840,0,0,0,13336428544,0,0.45
2026-08-29T04:14:40.430Z,11960.138,847855616,868741120,0,845238272,840347648,4820992,840347648,2723840,0,0,0,13328908288,0,0.47
2026-08-29T04:14:50.418Z,11970.126,847835136,868741120,0,845217792,840327168,4820992,840327168,2723840,0,0,0,13341941760,0,0.62
2026-08-29T04:15:00.420Z,11980.128,847839232,868741120,0,845221888,840331264,4820992,840331264,2723840,0,0,0,13332090880,0,0.67
2026-08-29T04:15:10.428Z,11990.136,847814656,868741120,0,845180928,840290304,4820992,840290304,2723840,0,0,0,13339369472,0,0.57
2026-08-29T04:15:20.419Z,12000.127,847822848,868741120,0,845209600,840318976,4820992,840318976,2723840,0,0,0,13327912960,0,0.56
2026-08-29T04:15:30.420Z,12010.128,847847424,868741120,0,845193216,840302592,4820992,840302592,2723840,0,0,0,13331517440,0,0.47
2026-08-29T04:15:40.429Z,12020.137,847867904,868741120,0,845234176,840343552,4820992,840343552,2723840,0,0,0,13308661760,0,0.48
2026-08-29T04:15:50.422Z,12030.13,848113664,868741120,0,845459456,840568832,4820992,840568832,2723840,0,0,0,13324599296,0,0.49
2026-08-29T04:16:00.429Z,12040.137,847884288,868741120,0,845271040,840380416,4820992,840380416,2723840,0,0,0,13307121664,0,0.41
2026-08-29T04:16:10.420Z,12050.128,847900672,868741120,0,845246464,840355840,4820992,840355840,2723840,0,0,0,13315821568,0,0.58
2026-08-29T04:16:20.433Z,12060.141,848224256,868741120,0,845614080,840724480,4820992,840724480,2723840,0,0,0,13305466880,0,0.56
2026-08-29T04:16:30.430Z,12070.138,847867904,868741120,0,845250560,840359936,4820992,840359936,2723840,0,0,0,13312827392,0,0.47
2026-08-29T04:16:40.420Z,12080.128,847872000,868741120,0,845217792,840327168,4820992,840327168,2723840,0,0,0,13314199552,0,0.4
2026-08-29T04:16:50.421Z,12090.129,847867904,868741120,0,845234176,840343552,4820992,840343552,2723840,0,0,0,13308264448,0,0.42
2026-08-29T04:17:00.428Z,12100.136,847896576,868741120,0,845258752,840368128,4820992,840368128,2723840,0,0,0,13311553536,0,0.51
2026-08-29T04:17:10.427Z,12110.135,843886592,868741120,0,841261056,836370432,4820992,836370432,2723840,0,0,0,13309370368,0,0.51
2026-08-29T04:17:20.419Z,12120.127,839819264,868741120,0,837185536,832294912,4820992,832294912,2723840,0,0,0,13330374656,0,0.5
2026-08-29T04:17:30.420Z,12130.128,839839744,868741120,0,837222400,832331776,4820992,832331776,2723840,0,0,0,13328838656,0,0.5
2026-08-29T04:17:40.419Z,12140.127,838877184,868741120,0,836259840,831369216,4820992,831369216,2723840,0,0,0,13333204992,0,0.57
2026-08-29T04:17:50.427Z,12150.135,839811072,868741120,0,837193728,832303104,4820992,832303104,2723840,0,0,0,13341261824,0,0.65
2026-08-29T04:18:00.428Z,12160.136,839847936,868741120,0,837230592,832339968,4820992,832339968,2723840,0,0,0,13334028288,0,0.55
2026-08-29T04:18:10.415Z,12170.123,839852032,868741120,0,837217280,832327680,4820992,832327680,2723840,0,0,0,13346189312,0,0.46
2026-08-29T04:18:20.419Z,12180.127,839000064,868741120,0,836382720,831492096,4820992,831492096,2723840,0,0,0,13340590080,0,0.39
2026-08-29T04:18:30.426Z,12190.134,839127040,868741120,0,836516864,831627264,4820992,831627264,2723840,0,0,0,13348421632,0,0.33
2026-08-29T04:18:40.422Z,12200.13,840167424,868741120,0,837545984,832655360,4820992,832655360,2723840,0,0,0,13335334912,0,0.28
2026-08-29T04:18:50.420Z,12210.128,840204288,868741120,0,837578752,832688128,4820992,832688128,2723840,0,0,0,13346877440,0,0.24
2026-08-29T04:19:00.420Z,12220.128,840183808,868741120,0,837566464,832675840,4820992,832675840,2723840,0,0,0,13335871488,0,0.2
2026-08-29T04:19:10.422Z,12230.13,840269824,868741120,0,837623808,832733184,4820992,832733184,2723840,0,0,0,13342654464,0,0.32
2026-08-29T04:19:20.431Z,12240.139,840212480,868741120,0,837595136,832704512,4820992,832704512,2723840,0,0,0,13316231168,0,0.5
2026-08-29T04:19:30.433Z,12250.141,840261632,868741120,0,837644288,832753664,4820992,832753664,2723840,0,0,0,13328588800,0,0.5
2026-08-29T04:19:40.432Z,12260.14,839233536,868741120,0,836615168,831725568,4820992,831725568,2723840,0,0,0,13312954368,0,0.43
2026-08-29T04:19:50.420Z,12270.128,840183808,868741120,0,837529600,832638976,4820992,832638976,2723840,0,0,0,13330190336,0,0.43
2026-08-29T04:20:00.419Z,12280.127,840179712,868741120,0,837570560,832679936,4820992,832679936,2723840,0,0,0,13321883648,0,0.45
2026-08-29T04:20:10.420Z,12290.128,841220096,868741120,0,838565888,833675264,4820992,833675264,2723840,0,0,0,13317914624,0,0.45
2026-08-29T04:20:20.431Z,12300.139,841744384,868741120,0,839135232,834244608,4820992,834244608,2723840,0,0,0,13326028800,0,0.46
2026-08-29T04:20:30.430Z,12310.138,841793536,868741120,0,839184384,834293760,4820992,834293760,2723840,0,0,0,13314994176,0,0.54
2026-08-29T04:20:40.418Z,12320.126,841715712,868741120,0,839097344,834207744,4820992,834207744,2723840,0,0,0,13315538944,0,0.61
2026-08-29T04:20:50.420Z,12330.128,841744384,868741120,0,839135232,834244608,4820992,834244608,2723840,0,0,0,13305888768,0,0.91
2026-08-29T04:21:00.418Z,12340.126,842268672,868741120,0,839659520,834768896,4820992,834768896,2723840,0,0,0,13329416192,0,0.93
2026-08-29T04:21:10.427Z,12350.135,842301440,868741120,0,839646208,834756608,4820992,834756608,2723840,0,0,0,13302218752,0,0.79
2026-08-29T04:21:20.419Z,12360.127,842293248,868741120,0,839647232,834756608,4820992,834756608,2723840,0,0,0,13312950272,0,0.74
2026-08-29T04:21:30.419Z,12370.127,842809344,868741120,0,840200192,835309568,4820992,835309568,2723840,0,0,0,13325504512,0,0.63
2026-08-29T04:21:40.430Z,12380.138,842805248,868741120,0,840187904,835297280,4820992,835297280,2723840,0,0,0,13321023488,0,0.53
2026-08-29T04:21:50.432Z,12390.14,843210752,868741120,0,840564736,835674112,4820992,835674112,2723840,0,0,0,13326483456,0,0.6
2026-08-29T04:22:00.424Z,12400.132,843489280,868741120,0,840888320,835997696,4820992,835997696,2723840,0,0,0,13313007616,0,0.66
2026-08-29T04:22:10.420Z,12410.128,843403264,868741120,0,840785920,835895296,4820992,835895296,2723840,0,0,0,13327273984,0,0.56
2026-08-29T04:22:20.420Z,12420.128,843493376,868741120,0,840884224,835993600,4820992,835993600,2723840,0,0,0,13308477440,0,0.55
2026-08-29T04:22:30.419Z,12430.127,843378688,868741120,0,840761344,835870720,4820992,835870720,2723840,0,0,0,13320192000,0,0.54
2026-08-29T04:22:40.418Z,12440.126,843927552,868741120,0,841318400,836427776,4820992,836427776,2723840,0,0,0,13310545920,0,0.78
2026-08-29T04:22:50.420Z,12450.128,844468224,868741120,0,841850880,836960256,4820992,836960256,2723840,0,0,0,13330227200,0,0.66
2026-08-29T04:23:00.429Z,12460.137,844427264,868741120,0,841817088,836927488,4820992,836927488,2723840,0,0,0,13302984704,0,0.56
2026-08-29T04:23:10.429Z,12470.137,843493376,868741120,0,840847360,835956736,4820992,835956736,2723840,0,0,0,13321043968,0,0.55
2026-08-29T04:23:20.421Z,12480.129,844427264,868741120,0,841809920,836919296,4820992,836919296,2723840,0,0,0,13332914176,0,0.54
2026-08-29T04:23:30.431Z,12490.139,844427264,868741120,0,841785344,836894720,4820992,836894720,2723840,0,0,0,13315350528,0,0.61
2026-08-29T04:23:40.421Z,12500.129,844460032,868741120,0,841805824,836915200,4820992,836915200,2723840,0,0,0,13324017664,0,0.59
2026-08-29T04:23:50.426Z,12510.134,844460032,868741120,0,841842688,836952064,4820992,836952064,2723840,0,0,0,13312667648,0,0.58
2026-08-29T04:24:00.431Z,12520.139,844431360,868741120,0,841785344,836894720,4820992,836894720,2723840,0,0,0,13329121280,0,0.57
2026-08-29T04:24:10.423Z,12530.131,844414976,868741120,0,841760768,836870144,4820992,836870144,2723840,0,0,0,13317042176,0,0.64
2026-08-29T04:24:20.420Z,12540.128,844521472,868741120,0,841904128,837013504,4820992,837013504,2723840,0,0,0,13327462400,0,0.54
2026-08-29T04:24:30.407Z,12550.115,844627968,868741120,0,842007552,837120000,4820992,837120000,2723840,0,0,0,13304283136,0,0.69
2026-08-29T04:24:40.423Z,12560.131,844517376,868741120,0,841908224,837017600,4820992,837017600,2723840,0,0,0,13313921024,0,0.66
2026-08-29T04:24:50.420Z,12570.128,844607488,868741120,0,841965568,837074944,4820992,837074944,2723840,0,0,0,13324382208,0,0.56
2026-08-29T04:25:00.425Z,12580.133,844640256,868741120,0,842006528,837115904,4820992,837115904,2723840,0,0,0,13315702784,0,0.47
2026-08-29T04:25:10.420Z,12590.128,844591104,868741120,0,841981952,837091328,4820992,837091328,2723840,0,0,0,13325627392,0,0.4
2026-08-29T04:25:20.419Z,12600.127,843620352,868741120,0,841003008,836112384,4820992,836112384,2723840,0,0,0,13311311872,0,0.41
2026-08-29T04:25:30.420Z,12610.128,844566528,868741120,0,841957376,837066752,4820992,837066752,2723840,0,0,0,13320970240,0,0.43
2026-08-29T04:25:40.422Z,12620.13,844587008,868741120,0,841940992,837050368,4820992,837050368,2723840,0,0,0,13308084224,0,0.52
2026-08-29T04:25:50.422Z,12630.13,844849152,868741120,0,842219520,837328896,4820992,837328896,2723840,0,0,0,13316960256,0,0.44
2026-08-29T04:26:00.429Z,12640.137,844808192,868741120,0,842198016,837308416,4820992,837308416,2723840,0,0,0,13302378496,0,0.52
2026-08-29T04:26:10.431Z,12650.139,844877824,868741120,0,842244096,837353472,4820992,837353472,2723840,0,0,0,13324382208,0,0.44
2026-08-29T04:26:20.420Z,12660.128,844460032,868741120,0,841850880,836960256,4820992,836960256,2723840,0,0,0,13333749760,0,0.37
2026-08-29T04:26:30.419Z,12670.127,844611584,868741120,0,841977856,837087232,4820992,837087232,2723840,0,0,0,13309087744,0,0.54
2026-08-29T04:26:40.423Z,12680.131,844496896,868741120,0,841887744,836997120,4820992,836997120,2723840,0,0,0,13317263360,0,0.54
2026-08-29T04:26:50.425Z,12690.133,844554240,868741120,0,841924608,837033984,4820992,837033984,2723840,0,0,0,13309767680,0,0.54
2026-08-29T04:27:00.431Z,12700.139,844476416,868741120,0,841846784,836956160,4820992,836956160,2723840,0,0,0,13317976064,0,0.53
2026-08-29T04:27:10.420Z,12710.128,844808192,868741120,0,842199040,837308416,4820992,837308416,2723840,0,0,0,13309841408,0,0.61
2026-08-29T04:27:20.420Z,12720.128,844619776,868741120,0,841998336,837107712,4820992,837107712,2723840,0,0,0,13308264448,0,0.59
2026-08-29T04:27:30.421Z,12730.129,845086720,868741120,0,842431488,837541888,4820992,837541888,2723840,0,0,0,13305274368,0,0.5
2026-08-29T04:27:40.420Z,12740.128,844517376,868741120,0,841863168,836972544,4820992,836972544,2723840,0,0,0,13324390400,0,0.5
2026-08-29T04:27:50.429Z,12750.137,844587008,868741120,0,841977856,837087232,4820992,837087232,2723840,0,0,0,13300039680,0,0.42
2026-08-29T04:28:00.420Z,12760.128,845021184,868741120,0,842403840,837513216,4820992,837513216,2723840,0,0,0,13310611456,0,0.36
2026-08-29T04:28:10.420Z,12770.128,845012992,868741120,0,842395648,837505024,4820992,837505024,2723840,0,0,0,13318758400,0,0.3
2026-08-29T04:28:20.420Z,12780.128,844619776,868741120,0,841986048,837095424,4820992,837095424,2723840,0,0,0,13298302976,0,0.33
2026-08-29T04:28:30.420Z,12790.128,844722176,868741120,0,842067968,837177344,4820992,837177344,2723840,0,0,0,13309194240,0,0.28
2026-08-29T04:28:40.419Z,12800.127,844750848,868741120,0,842141696,837251072,4820992,837251072,2723840,0,0,0,13303824384,0,0.32
2026-08-29T04:28:50.406Z,12810.114,844783616,868741120,0,842128384,837238784,4820992,837238784,2723840,0,0,0,13312598016,0,0.42
2026-08-29T04:29:00.419Z,12820.127,844771328,868741120,0,842117120,837226496,4820992,837226496,2723840,0,0,0,13305856000,0,0.43
2026-08-29T04:29:10.421Z,12830.129,844800000,868741120,0,842182656,837292032,4820992,837292032,2723840,0,0,0,13313085440,0,0.6
2026-08-29T04:29:20.426Z,12840.134,844898304,868741120,0,842252288,837361664,4820992,837361664,2723840,0,0,0,13315780608,0,0.59
2026-08-29T04:29:30.423Z,12850.131,845086720,868741120,0,842477568,837586944,4820992,837586944,2723840,0,0,0,13309353984,0,0.57
2026-08-29T04:29:40.428Z,12860.136,845172736,868741120,0,842563584,837672960,4820992,837672960,2723840,0,0,0,13305376768,0,0.56
2026-08-29T04:29:50.421Z,12870.129,845070336,868741120,0,842452992,837562368,4820992,837562368,2723840,0,0,0,13324472320,0,0.62
2026-08-29T04:30:00.423Z,12880.131,845176832,868741120,0,842547200,837656576,4820992,837656576,2723840,0,0,0,13325930496,0,0.68
2026-08-29T04:30:10.434Z,12890.142,845111296,868741120,0,842457088,837566464,4820992,837566464,2723840,0,0,0,13333798912,0,0.65
2026-08-29T04:30:20.423Z,12900.131,845070336,868741120,0,842440704,837550080,4820992,837550080,2723840,0,0,0,13331148800,0,0.63
2026-08-29T04:30:30.422Z,12910.13,845078528,868741120,0,842461184,837570560,4820992,837570560,2723840,0,0,0,13327138816,0,0.69
2026-08-29T04:30:40.431Z,12920.139,845090816,868741120,0,842481664,837591040,4820992,837591040,2723840,0,0,0,13333303296,0,0.66
2026-08-29T04:30:50.415Z,12930.123,845193216,868741120,0,842574848,837685248,4820992,837685248,2723840,0,0,0,13326315520,0,0.56
2026-08-29T04:31:00.422Z,12940.13,845225984,868741120,0,842571776,837681152,4820992,837681152,2723840,0,0,0,13335707648,0,0.63
2026-08-29T04:31:10.429Z,12950.137,845246464,868741120,0,842637312,837746688,4820992,837746688,2723840,0,0,0,13329997824,0,0.54
2026-08-29T04:31:20.422Z,12960.13,845266944,868741120,0,842625024,837734400,4820992,837734400,2723840,0,0,0,13323350016,0,0.6
2026-08-29T04:31:30.424Z,12970.132,845250560,868741120,0,842641408,837750784,4820992,837750784,2723840,0,0,0,13336928256,0,0.51
2026-08-29T04:31:40.421Z,12980.129,845131776,868741120,0,842514432,837623808,4820992,837623808,2723840,0,0,0,13336203264,0,0.43
2026-08-29T04:31:50.422Z,12990.13,845160448,868741120,0,842506240,837615616,4820992,837615616,2723840,0,0,0,13337235456,0,0.36
2026-08-29T04:32:00.411Z,13000.119,845307904,868741120,0,842681344,837795840,4820992,837795840,2723840,0,0,0,13326061568,0,0.39
2026-08-29T04:32:10.422Z,13010.13,845381632,868741120,0,842747904,837857280,4820992,837857280,2723840,0,0,0,13332746240,0,0.4
2026-08-29T04:32:20.410Z,13020.118,845258752,868741120,0,842648576,837758976,4820992,837758976,2723840,0,0,0,13315166208,0,0.34
2026-08-29T04:32:30.420Z,13030.128,845275136,868741120,0,842620928,837730304,4820992,837730304,2723840,0,0,0,13333307392,0,0.36
2026-08-29T04:32:40.426Z,13040.134,845279232,868741120,0,842665984,837775360,4820992,837775360,2723840,0,0,0,13329797120,0,0.31
2026-08-29T04:32:50.429Z,13050.137,845365248,868741120,0,842731520,837840896,4820992,837840896,2723840,0,0,0,13324345344,0,0.41
2026-08-29T04:33:00.420Z,13060.128,845299712,868741120,0,842679296,837791744,4820992,837791744,2723840,0,0,0,13327163392,0,0.51
2026-08-29T04:33:10.421Z,13070.129,845189120,868741120,0,842579968,837689344,4820992,837689344,2723840,0,0,0,13330767872,0,0.43
2026-08-29T04:33:20.422Z,13080.13,845271040,868741120,0,842661888,837771264,4820992,837771264,2723840,0,0,0,13334179840,0,0.36
2026-08-29T04:33:30.431Z,13090.139,845377536,868741120,0,842760192,837869568,4820992,837869568,2723840,0,0,0,13330567168,0,0.31
2026-08-29T04:33:40.422Z,13100.13,845172736,868741120,0,842555392,837664768,4820992,837664768,2723840,0,0,0,13337722880,0,0.34
2026-08-29T04:33:50.433Z,13110.141,845205504,868741120,0,842559488,837668864,4820992,837668864,2723840,0,0,0,13317832704,0,0.29
2026-08-29T04:34:00.423Z,13120.131,845266944,868741120,0,842649600,837758976,4820992,837758976,2723840,0,0,0,13327699968,0,0.24
2026-08-29T04:34:10.427Z,13130.135,845172736,868741120,0,842554368,837664768,4820992,837664768,2723840,0,0,0,13341487104,0,0.2
2026-08-29T04:34:20.429Z,13140.137,845225984,868741120,0,842612736,837726208,4820992,837726208,2723840,0,0,0,13321248768,0,0.33
2026-08-29T04:34:30.428Z,13150.136,845221888,868741120,0,842567680,837677056,4820992,837677056,2723840,0,0,0,13325996032,0,0.28
2026-08-29T04:34:40.423Z,13160.131,845254656,868741120,0,842637312,837746688,4820992,837746688,2723840,0,0,0,13329686528,0,0.38
2026-08-29T04:34:50.434Z,13170.142,845197312,868741120,0,842559488,837668864,4820992,837668864,2723840,0,0,0,13338329088,0,0.32
2026-08-29T04:35:00.427Z,13180.135,845221888,868741120,0,842604544,837713920,4820992,837713920,2723840,0,0,0,13313650688,0,0.27
2026-08-29T04:35:10.427Z,13190.135,845238272,868741120,0,842584064,837693440,4820992,837693440,2723840,0,0,0,13315383296,0,0.23
2026-08-29T04:35:20.423Z,13200.131,845242368,868741120,0,842633216,837742592,4820992,837742592,2723840,0,0,0,13298700288,0,0.35
2026-08-29T04:35:30.424Z,13210.132,844304384,868741120,0,841695232,836804608,4820992,836804608,2723840,0,0,0,13317771264,0,0.38
2026-08-29T04:35:40.418Z,13220.126,845193216,868741120,0,842562560,837672960,4820992,837672960,2723840,0,0,0,13297643520,0,0.47
2026-08-29T04:35:50.435Z,13230.143,845266944,868741120,0,842653696,837763072,4820992,837763072,2723840,0,0,0,13312790528,0,0.56
2026-08-29T04:36:00.431Z,13240.139,845230080,868741120,0,842612736,837722112,4820992,837722112,2723840,0,0,0,13311082496,0,0.63
2026-08-29T04:36:10.424Z,13250.132,845156352,868741120,0,842510336,837619712,4820992,837619712,2723840,0,0,0,13312012288,0,0.53
2026-08-29T04:36:20.435Z,13260.143,845144064,868741120,0,842513408,837623808,4820992,837623808,2723840,0,0,0,13298212864,0,0.52
2026-08-29T04:36:30.434Z,13270.142,845156352,868741120,0,842539008,837648384,4820992,837648384,2723840,0,0,0,13336047616,0,0.66
2026-08-29T04:36:40.426Z,13280.134,845148160,868741120,0,842539008,837648384,4820992,837648384,2723840,0,0,0,13323198464,0,0.64
2026-08-29T04:36:50.426Z,13290.134,845205504,868741120,0,842559488,837668864,4820992,837668864,2723840,0,0,0,13335465984,0,0.54
2026-08-29T04:37:00.433Z,13300.141,845156352,868741120,0,842547200,837656576,4820992,837656576,2723840,0,0,0,13335609344,0,0.45
2026-08-29T04:37:10.424Z,13310.132,845099008,868741120,0,842481664,837591040,4820992,837591040,2723840,0,0,0,13331910656,0,0.46
2026-08-29T04:37:20.432Z,13320.14,845148160,868741120,0,842515456,837627904,4820992,837627904,2723840,0,0,0,13326135296,0,0.39
2026-08-29T04:37:30.434Z,13330.142,845103104,868741120,0,842472448,837582848,4820992,837582848,2723840,0,0,0,13341229056,0,0.33
2026-08-29T04:37:40.435Z,13340.143,845115392,868741120,0,842506240,837615616,4820992,837615616,2723840,0,0,0,13329997824,0,0.51
2026-08-29T04:37:50.426Z,13350.134,845094912,868741120,0,842469376,837578752,4820992,837578752,2723840,0,0,0,13335191552,0,0.43
2026-08-29T04:38:00.433Z,13360.141,845275136,868741120,0,842657792,837767168,4820992,837767168,2723840,0,0,0,13327904768,0,0.66
2026-08-29T04:38:10.425Z,13370.133,845144064,868741120,0,842534912,837644288,4820992,837644288,2723840,0,0,0,13336354816,0,0.63
2026-08-29T04:38:20.426Z,13380.134,845144064,868741120,0,842534912,837644288,4820992,837644288,2723840,0,0,0,13337145344,0,0.61
2026-08-29T04:38:30.426Z,13390.134,845115392,868741120,0,842489856,837599232,4820992,837599232,2723840,0,0,0,13338968064,0,0.51
2026-08-29T04:38:40.425Z,13400.133,845176832,868741120,0,842567680,837677056,4820992,837677056,2723840,0,0,0,13323157504,0,0.43
2026-08-29T04:38:50.426Z,13410.134,845185024,868741120,0,842543104,837652480,4820992,837652480,2723840,0,0,0,13333598208,0,0.6
2026-08-29T04:39:00.439Z,13420.147,845156352,868741120,0,842537984,837648384,4820992,837648384,2723840,0,0,0,13332529152,0,0.66
2026-08-29T04:39:10.426Z,13430.134,845266944,868741120,0,842637312,837746688,4820992,837746688,2723840,0,0,0,13325549568,0,0.72
2026-08-29T04:39:20.427Z,13440.135,845164544,868741120,0,842522624,837632000,4820992,837632000,2723840,0,0,0,13332930560,0,1.16
2026-08-29T04:39:30.437Z,13450.145,845172736,868741120,0,842563584,837672960,4820992,837672960,2723840,0,0,0,13322764288,0,0.99
2026-08-29T04:39:40.426Z,13460.134,845205504,868741120,0,842551296,837660672,4820992,837660672,2723840,0,0,0,13326286848,0,0.83
2026-08-29T04:39:50.431Z,13470.139,845156352,868741120,0,842547200,837656576,4820992,837656576,2723840,0,0,0,13332344832,0,0.93
2026-08-29T04:40:00.427Z,13480.135,845139968,868741120,0,842522624,837632000,4820992,837632000,2723840,0,0,0,13331431424,0,0.79
2026-08-29T04:40:10.435Z,13490.143,845176832,868741120,0,842567680,837677056,4820992,837677056,2723840,0,0,0,13326200832,0,0.67
2026-08-29T04:40:20.425Z,13500.133,845164544,868741120,0,842547200,837656576,4820992,837656576,2723840,0,0,0,13331570688,0,0.64
2026-08-29T04:40:30.426Z,13510.134,845033472,868741120,0,842423296,837533696,4820992,837533696,2723840,0,0,0,13320941568,0,0.62
2026-08-29T04:40:40.426Z,13520.134,845070336,868741120,0,842461184,837570560,4820992,837570560,2723840,0,0,0,13332348928,0,0.61
2026-08-29T04:40:50.431Z,13530.139,845070336,868741120,0,842439680,837550080,4820992,837550080,2723840,0,0,0,13324132352,0,0.59
2026-08-29T04:41:00.435Z,13540.143,845160448,868741120,0,842543104,837652480,4820992,837652480,2723840,0,0,0,13332660224,0,0.5
2026-08-29T04:41:10.427Z,13550.135,845148160,868741120,0,842530816,837640192,4820992,837640192,2723840,0,0,0,13334122496,0,0.65
2026-08-29T04:41:20.435Z,13560.143,845119488,868741120,0,842465280,837574656,4820992,837574656,2723840,0,0,0,13326155776,0,0.7
2026-08-29T04:41:30.439Z,13570.147,845144064,868741120,0,842498048,837607424,4820992,837607424,2723840,0,0,0,13330812928,0,0.59
2026-08-29T04:41:40.425Z,13580.133,845176832,868741120,0,842522624,837632000,4820992,837632000,2723840,0,0,0,13322919936,0,0.5
2026-08-29T04:41:50.434Z,13590.142,845107200,868741120,0,842476544,837586944,4820992,837586944,2723840,0,0,0,13335822336,0,0.42
2026-08-29T04:42:00.428Z,13600.136,845119488,868741120,0,842509312,837619712,4820992,837619712,2723840,0,0,0,13331271680,0,0.44
2026-08-29T04:42:10.432Z,13610.14,845144064,868741120,0,842526720,837636096,4820992,837636096,2723840,0,0,0,13326708736,0,0.37
2026-08-29T04:42:20.428Z,13620.136,845086720,868741120,0,842469376,837578752,4820992,837578752,2723840,0,0,0,13327806464,0,0.39
2026-08-29T04:42:30.425Z,13630.133,845131776,868741120,0,842489856,837599232,4820992,837599232,2723840,0,0,0,13331062784,0,0.49
2026-08-29T04:42:40.424Z,13640.132,845234176,868741120,0,842611712,837722112,4820992,837722112,2723840,0,0,0,13319258112,0,0.57
2026-08-29T04:42:50.425Z,13650.133,845119488,868741120,0,842510336,837619712,4820992,837619712,2723840,0,0,0,13326594048,0,0.48
2026-08-29T04:43:00.431Z,13660.139,844283904,868741120,0,841672704,836784128,4820992,836784128,2723840,0,0,0,13331697664,0,0.48
2026-08-29T04:43:10.437Z,13670.145,845168640,868741120,0,842555392,837664768,4820992,837664768,2723840,0,0,0,13329543168,0,0.56
2026-08-29T04:43:20.428Z,13680.136,845144064,868741120,0,842526720,837636096,4820992,837636096,2723840,0,0,0,13335375872,0,0.63
2026-08-29T04:43:30.438Z,13690.146,845250560,868741120,0,842629120,837738496,4820992,837738496,2723840,0,0,0,13331013632,0,0.61
2026-08-29T04:43:40.430Z,13700.138,845148160,868741120,0,842498048,837607424,4820992,837607424,2723840,0,0,0,13324484608,0,0.51
2026-08-29T04:43:50.427Z,13710.135,845193216,868741120,0,842543104,837652480,4820992,837652480,2723840,0,0,0,13324910592,0,0.75
2026-08-29T04:44:00.429Z,13720.137,845312000,868741120,0,842665984,837775360,4820992,837775360,2723840,0,0,0,13337079808,0,0.71
2026-08-29T04:44:10.426Z,13730.134,846295040,868741120,0,843661312,838770688,4820992,838770688,2723840,0,0,0,13298999296,0,0.76
2026-08-29T04:44:20.429Z,13740.137,846315520,868741120,0,843661312,838770688,4820992,838770688,2723840,0,0,0,13315309568,0,0.87
2026-08-29T04:44:30.430Z,13750.138,846340096,868741120,0,843702272,838811648,4820992,838811648,2723840,0,0,0,13302226944,0,0.82
2026-08-29T04:44:40.429Z,13760.137,846876672,868741120,0,844222464,839331840,4820992,839331840,2723840,0,0,0,13301764096,0,0.69
2026-08-29T04:44:50.423Z,13770.131,846876672,868741120,0,844222464,839331840,4820992,839331840,2723840,0,0,0,13299032064,0,0.67
2026-08-29T04:45:00.430Z,13780.138,846880768,868741120,0,844226560,839335936,4820992,839335936,2723840,0,0,0,13302358016,0,0.72
2026-08-29T04:45:10.430Z,13790.138,846913536,868741120,0,844259328,839368704,4820992,839368704,2723840,0,0,0,13306572800,0,0.68
2026-08-29T04:45:20.440Z,13800.148,846929920,868741120,0,844279808,839389184,4820992,839389184,2723840,0,0,0,13300056064,0,0.81
2026-08-29T04:45:30.432Z,13810.14,846868480,868741120,0,844214272,839323648,4820992,839323648,2723840,0,0,0,13314564096,0,0.68
2026-08-29T04:45:40.431Z,13820.139,846827520,868741120,0,844197888,839307264,4820992,839307264,2723840,0,0,0,13329690624,0,0.65
2026-08-29T04:45:50.433Z,13830.141,846880768,868741120,0,844259328,839368704,4820992,839368704,2723840,0,0,0,13325651968,0,0.7
2026-08-29T04:46:00.436Z,13840.144,846905344,868741120,0,844263424,839372800,4820992,839372800,2723840,0,0,0,13317328896,0,0.68
2026-08-29T04:46:10.433Z,13850.141,846860288,868741120,0,844250112,839360512,4820992,839360512,2723840,0,0,0,13326950400,0,0.73
2026-08-29T04:46:20.441Z,13860.149,846876672,868741120,0,844267520,839376896,4820992,839376896,2723840,0,0,0,13316075520,0,0.85
2026-08-29T04:46:30.438Z,13870.146,846864384,868741120,0,844210176,839319552,4820992,839319552,2723840,0,0,0,13326954496,0,0.72
2026-08-29T04:46:40.433Z,13880.141,846909440,868741120,0,844278784,839389184,4820992,839389184,2723840,0,0,0,13324128256,0,0.69
2026-08-29T04:46:50.437Z,13890.145,846848000,868741120,0,844229632,839340032,4820992,839340032,2723840,0,0,0,13324754944,0,0.74
2026-08-29T04:47:00.442Z,13900.15,846995456,868741120,0,844341248,839450624,4820992,839450624,2723840,0,0,0,13326036992,0,0.7
2026-08-29T04:47:10.433Z,13910.141,846045184,868741120,0,843399168,838508544,4820992,838508544,2723840,0,0,0,13324414976,0,0.59
2026-08-29T04:47:20.432Z,13920.14,847032320,868741120,0,844386304,839495680,4820992,839495680,2723840,0,0,0,13328535552,0,0.5
2026-08-29T04:47:30.432Z,13930.14,846094336,868741120,0,843476992,838586368,4820992,838586368,2723840,0,0,0,13325594624,0,0.57
2026-08-29T04:47:40.444Z,13940.152,847065088,868741120,0,844410880,839520256,4820992,839520256,2723840,0,0,0,13332443136,0,0.71
2026-08-29T04:47:50.434Z,13950.142,846929920,868741120,0,844320768,839430144,4820992,839430144,2723840,0,0,0,13308461056,0,0.68
2026-08-29T04:48:00.434Z,13960.142,847446016,868741120,0,844828672,839938048,4820992,839938048,2723840,0,0,0,13318995968,0,0.57
2026-08-29T04:48:10.450Z,13970.158,847388672,868741120,0,844771328,839880704,4820992,839880704,2723840,0,0,0,13305061376,0,0.64
2026-08-29T04:48:20.437Z,13980.145,847421440,868741120,0,844804096,839913472,4820992,839913472,2723840,0,0,0,13299359744,0,0.62
2026-08-29T04:48:30.438Z,13990.146,847851520,868741120,0,845241344,840351744,4820992,840351744,2723840,0,0,0,13315252224,0,0.6
2026-08-29T04:48:40.435Z,14000.143,848392192,868741120,0,845783040,840892416,4820992,840892416,2723840,0,0,0,13329457152,0,0.66
2026-08-29T04:48:50.437Z,14010.145,848429056,868741120,0,845808640,840921088,4820992,840921088,2723840,0,0,0,13321297920,0,0.64
2026-08-29T04:49:00.434Z,14020.142,848908288,868741120,0,846290944,841400320,4820992,841400320,2723840,0,0,0,13320974336,0,0.61
2026-08-29T04:49:10.434Z,14030.142,848953344,868741120,0,846323712,841433088,4820992,841433088,2723840,0,0,0,13329186816,0,0.52
2026-08-29T04:49:20.448Z,14040.156,849428480,868741120,0,846782464,841891840,4820992,841891840,2723840,0,0,0,13323153408,0,0.52
2026-08-29T04:49:30.433Z,14050.141,849469440,868741120,0,846823424,841932800,4820992,841932800,2723840,0,0,0,13329465344,0,0.74
2026-08-29T04:49:40.445Z,14060.153,849391616,868741120,0,846761984,841871360,4820992,841871360,2723840,0,0,0,13323907072,0,0.78
2026-08-29T04:49:50.434Z,14070.142,849539072,868741120,0,846921728,842031104,4820992,842031104,2723840,0,0,0,13329080320,0,0.81
2026-08-29T04:50:00.423Z,14080.131,849539072,868741120,0,846914560,842031104,4816896,842031104,2727936,0,0,0,13325455360,0,0.77
2026-08-29T04:50:10.440Z,14090.148,849502208,868741120,0,846893056,842002432,4820992,842002432,2723840,0,0,0,13326589952,0,0.89
2026-08-29T04:50:20.435Z,14100.143,849424384,868741120,0,846794752,841904128,4820992,841904128,2723840,0,0,0,13333757952,0,0.75
2026-08-29T04:50:30.436Z,14110.144,849469440,868741120,0,846827520,841936896,4820992,841936896,2723840,0,0,0,13332811776,0,0.64
2026-08-29T04:50:40.443Z,14120.151,849481728,868741120,0,846872576,841981952,4820992,841981952,2723840,0,0,0,13316304896,0,0.69
2026-08-29T04:50:50.438Z,14130.146,849432576,868741120,0,846815232,841924608,4820992,841924608,2723840,0,0,0,13328125952,0,0.74
2026-08-29T04:51:00.436Z,14140.144,849580032,868741120,0,846934016,842043392,4820992,842043392,2723840,0,0,0,13336117248,0,0.7
2026-08-29T04:51:10.437Z,14150.145,849514496,868741120,0,846905344,842014720,4820992,842014720,2723840,0,0,0,13318205440,0,0.67
2026-08-29T04:51:20.437Z,14160.145,849473536,868741120,0,846827520,841936896,4820992,841936896,2723840,0,0,0,13311070208,0,0.57
2026-08-29T04:51:30.444Z,14170.152,849514496,868741120,0,846893056,842002432,4820992,842002432,2723840,0,0,0,13306572800,0,0.56
2026-08-29T04:51:40.435Z,14180.143,849485824,868741120,0,846876672,841986048,4820992,841986048,2723840,0,0,0,13314781184,0,0.48
2026-08-29T04:51:50.437Z,14190.145,849530880,868741120,0,846921728,842031104,4820992,842031104,2723840,0,0,0,13328535552,0,0.4
2026-08-29T04:52:00.440Z,14200.148,849432576,868741120,0,846814208,841924608,4820992,841924608,2723840,0,0,0,13306982400,0,0.42
2026-08-29T04:52:10.435Z,14210.143,849448960,868741120,0,846807040,841916416,4820992,841916416,2723840,0,0,0,13310836736,0,0.36
2026-08-29T04:52:20.434Z,14220.142,849539072,868741120,0,846883840,841994240,4820992,841994240,2723840,0,0,0,13302800384,0,0.37
2026-08-29T04:52:30.436Z,14230.144,849440768,868741120,0,846823424,841932800,4820992,841932800,2723840,0,0,0,13307441152,0,0.32
2026-08-29T04:52:40.448Z,14240.156,849448960,868741120,0,846831616,841940992,4820992,841940992,2723840,0,0,0,13307502592,0,0.5
2026-08-29T04:52:50.442Z,14250.15,849498112,868741120,0,846888960,841998336,4820992,841998336,2723840,0,0,0,13302001664,0,0.51
2026-08-29T04:53:00.435Z,14260.143,849596416,868741120,0,846954496,842063872,4820992,842063872,2723840,0,0,0,13289873408,0,0.5
2026-08-29T04:53:10.446Z,14270.154,849367040,868741120,0,846749696,841859072,4820992,841859072,2723840,0,0,0,13309276160,0,0.42
2026-08-29T04:53:20.446Z,14280.154,848240640,868741120,0,845623296,840732672,4820992,840732672,2723840,0,0,0,13294219264,0,0.44
2026-08-29T04:53:30.437Z,14290.145,849170432,868741120,0,846553088,841662464,4820992,841662464,2723840,0,0,0,13299568640,0,0.37
2026-08-29T04:53:40.446Z,14300.154,849211392,868741120,0,846593024,841703424,4820992,841703424,2723840,0,0,0,13292232704,0,0.31
2026-08-29T04:53:50.436Z,14310.144,849199104,868741120,0,846544896,841654272,4820992,841654272,2723840,0,0,0,13317517312,0,0.27
2026-08-29T04:54:00.444Z,14320.152,849235968,868741120,0,846626816,841736192,4820992,841736192,2723840,0,0,0,13316714496,0,0.38
2026-08-29T04:54:10.442Z,14330.15,848281600,868741120,0,845664256,840773632,4820992,840773632,2723840,0,0,0,13327876096,0,0.39
2026-08-29T04:54:20.435Z,14340.143,849166336,868741120,0,846548992,841658368,4820992,841658368,2723840,0,0,0,13329399808,0,0.41
2026-08-29T04:54:30.442Z,14350.15,849293312,868741120,0,846671872,841781248,4820992,841781248,2723840,0,0,0,13329567744,0,0.34
2026-08-29T04:54:40.435Z,14360.143,849391616,868741120,0,846774272,841883648,4820992,841883648,2723840,0,0,0,13336203264,0,0.36
2026-08-29T04:54:50.442Z,14370.15,849272832,868741120,0,846618624,841728000,4820992,841728000,2723840,0,0,0,13301850112,0,0.39
2026-08-29T04:55:00.435Z,14380.143,849309696,868741120,0,846667776,841777152,4820992,841777152,2723840,0,0,0,13311762432,0,0.41
2026-08-29T04:55:10.442Z,14390.15,848408576,868741120,0,845777920,840888320,4820992,840888320,2723840,0,0,0,13297999872,0,0.35
2026-08-29T04:55:20.318Z,14400.026,849055744,868741120,0,846446592,841555968,4820992,841555968,2723840,0,0,0,13315555328,0,0.44
