Aug 31, 2026 12:13:35 AM com.google.cloud.datastore.emulator.firestore.websocket.WebSocketServer start
INFO: Started WebSocket server on ws://127.0.0.1:34443

API endpoint: http://127.0.0.1:39155
Database Edition: STANDARD
Database Mode: CLOUD_FIRESTORE

If you are using a library that supports the FIRESTORE_EMULATOR_HOST environment variable, run:

   export FIRESTORE_EMULATOR_HOST=127.0.0.1:39155

If you are running a Firestore in Datastore Mode project, run:

   export DATASTORE_EMULATOR_HOST=127.0.0.1:39155

Note: Support for Datastore Mode is in preview. If you encounter any bugs please file at https://github.com/firebase/firebase-tools/issues.
Dev App Server is now running.

Aug 31, 2026 12:13:35 AM io.gapi.emulators.netty.HttpVersionRoutingHandler channelRead
INFO: Detected non-HTTP/2 connection.
Aug 31, 2026 12:13:35 AM io.gapi.emulators.netty.HttpVersionRoutingHandler channelRead
INFO: Detected non-HTTP/2 connection.
Aug 31, 2026 12:13:35 AM io.gapi.emulators.netty.HttpVersionRoutingHandler channelRead
INFO: Detected non-HTTP/2 connection.
Aug 31, 2026 12:13:35 AM io.gapi.emulators.netty.HttpVersionRoutingHandler channelRead
INFO: Detected non-HTTP/2 connection.
Aug 31, 2026 12:13:35 AM io.gapi.emulators.netty.HttpVersionRoutingHandler channelRead
INFO: Detected non-HTTP/2 connection.
Aug 31, 2026 12:13:35 AM io.gapi.emulators.netty.HttpVersionRoutingHandler channelRead
INFO: Detected non-HTTP/2 connection.
Aug 31, 2026 12:13:35 AM io.gapi.emulators.netty.HttpVersionRoutingHandler channelRead
INFO: Detected non-HTTP/2 connection.
Aug 31, 2026 12:13:35 AM io.gapi.emulators.netty.HttpVersionRoutingHandler channelRead
INFO: Detected non-HTTP/2 connection.
Aug 31, 2026 12:13:35 AM io.gapi.emulators.netty.HttpVersionRoutingHandler channelRead
INFO: Detected non-HTTP/2 connection.
Aug 31, 2026 12:13:35 AM io.gapi.emulators.netty.HttpVersionRoutingHandler channelRead
INFO: Detected non-HTTP/2 connection.
Aug 31, 2026 12:13:35 AM io.gapi.emulators.netty.HttpVersionRoutingHandler channelRead
INFO: Detected non-HTTP/2 connection.
Aug 31, 2026 12:13:35 AM io.gapi.emulators.netty.HttpVersionRoutingHandler channelRead
INFO: Detected non-HTTP/2 connection.
Aug 31, 2026 12:13:35 AM io.gapi.emulators.netty.HttpVersionRoutingHandler channelRead
INFO: Detected non-HTTP/2 connection.
Aug 31, 2026 12:13:35 AM io.gapi.emulators.netty.HttpVersionRoutingHandler channelRead
INFO: Detected non-HTTP/2 connection.
Aug 31, 2026 12:13:35 AM io.gapi.emulators.netty.HttpVersionRoutingHandler channelRead
INFO: Detected non-HTTP/2 connection.
Aug 31, 2026 12:13:35 AM io.gapi.emulators.netty.HttpVersionRoutingHandler channelRead
INFO: Detected non-HTTP/2 connection.
Aug 31, 2026 12:13:35 AM io.gapi.emulators.netty.HttpVersionRoutingHandler channelRead
INFO: Detected non-HTTP/2 connection.
Aug 31, 2026 12:13:35 AM io.gapi.emulators.netty.HttpVersionRoutingHandler channelRead
INFO: Detected non-HTTP/2 connection.
Aug 31, 2026 12:13:35 AM io.gapi.emulators.netty.HttpVersionRoutingHandler channelRead
INFO: Detected non-HTTP/2 connection.
Aug 31, 2026 12:13:35 AM io.gapi.emulators.netty.HttpVersionRoutingHandler channelRead
INFO: Detected non-HTTP/2 connection.
Aug 31, 2026 12:13:35 AM io.gapi.emulators.netty.HttpVersionRoutingHandler channelRead
INFO: Detected non-HTTP/2 connection.
Aug 31, 2026 12:13:35 AM io.gapi.emulators.netty.HttpVersionRoutingHandler channelRead
INFO: Detected non-HTTP/2 connection.
Aug 31, 2026 12:13:35 AM io.gapi.emulators.netty.HttpVersionRoutingHandler channelRead
INFO: Detected non-HTTP/2 connection.
Aug 31, 2026 12:13:35 AM io.gapi.emulators.netty.HttpVersionRoutingHandler channelRead
INFO: Detected non-HTTP/2 connection.
Aug 31, 2026 12:13:35 AM io.gapi.emulators.netty.HttpVersionRoutingHandler channelRead
INFO: Detected non-HTTP/2 connection.
Aug 31, 2026 12:13:35 AM io.gapi.emulators.netty.HttpVersionRoutingHandler channelRead
INFO: Detected non-HTTP/2 connection.
Aug 31, 2026 12:13:35 AM io.gapi.emulators.netty.HttpVersionRoutingHandler channelRead
INFO: Detected non-HTTP/2 connection.
Aug 31, 2026 12:13:35 AM io.gapi.emulators.netty.HttpVersionRoutingHandler channelRead
INFO: Detected non-HTTP/2 connection.
Aug 31, 2026 12:13:35 AM io.gapi.emulators.netty.HttpVersionRoutingHandler channelRead
INFO: Detected non-HTTP/2 connection.
Aug 31, 2026 12:13:35 AM io.gapi.emulators.netty.HttpVersionRoutingHandler channelRead
INFO: Detected non-HTTP/2 connection.
Aug 31, 2026 12:13:35 AM io.gapi.emulators.netty.HttpVersionRoutingHandler channelRead
INFO: Detected non-HTTP/2 connection.
Aug 31, 2026 12:13:35 AM io.gapi.emulators.netty.HttpVersionRoutingHandler channelRead
INFO: Detected non-HTTP/2 connection.
Aug 31, 2026 12:13:35 AM io.gapi.emulators.netty.HttpVersionRoutingHandler channelRead
INFO: Detected HTTP/2 connection.
Aug 31, 2026 12:13:43 AM com.google.cloud.datastore.emulator.impl.util.WrappedStreamObserver onError
WARNING: Operation failed: Java heap space: failed reallocation of scalar replaced objects
java.lang.OutOfMemoryError: Java heap space: failed reallocation of scalar replaced objects
	at java.base/java.util.Arrays.copyOfRange(Arrays.java:3856)
	at com.google.protobuf.CodedInputStream$ArrayDecoder.readRawBytes(CodedInputStream.java:1625)
	at com.google.protobuf.Proto2BuilderAdapter.mergeFrom(Proto2BuilderAdapter.java:88)
	at com.google.protobuf.Proto2BuilderAdapter.mergeFrom(Proto2BuilderAdapter.java:120)
	at com.google.protobuf.Proto2BuilderAdapter.mergeFrom(Proto2BuilderAdapter.java:142)
	at com.google.io.protocol.Proto2ParserAdapter.parsePartialFrom(Proto2ParserAdapter.java:64)
	at com.google.io.protocol.Proto2ParserAdapter.parsePartialFrom(Proto2ParserAdapter.java:31)
	at com.google.protobuf.AbstractParser.parseFrom(AbstractParser.java:135)
	at com.google.protobuf.AbstractParser.parseFrom(AbstractParser.java:140)
	at com.google.protobuf.AbstractParser.parseFrom(AbstractParser.java:25)
	at com.google.cloud.datastore.core.rep.converter.EquivalentMessageConverter.apply(EquivalentMessageConverter.java:45)
	at com.google.cloud.datastore.emulator.impl.util.FirestoreEmulatorConverters.proto2ToEntity(FirestoreEmulatorConverters.java:346)
	at com.google.cloud.datastore.emulator.impl.firestore.FirestoreEmulatorHelper.seedData(FirestoreEmulatorHelper.java:1040)
	at com.google.cloud.datastore.emulator.impl.firestore.CloudFirestoreV1.<init>(CloudFirestoreV1.java:311)
	at com.google.cloud.datastore.emulator.impl.firestore.CloudFirestoreV1Router.getOrCreateBackendDatabase(CloudFirestoreV1Router.java:401)
	at com.google.cloud.datastore.emulator.impl.firestore.CloudFirestoreV1Router.getOrCreateBackend(CloudFirestoreV1Router.java:409)
	at com.google.cloud.datastore.emulator.impl.firestore.CloudFirestoreV1Router.getDocument(CloudFirestoreV1Router.java:130)
	at com.google.cloud.datastore.emulator.impl.firestore.CloudFirestoreV1Router.getOrListDocuments(CloudFirestoreV1Router.java:125)
	at com.google.cloud.datastore.emulator.firestore.v1.FirestoreV1GrpcAdapter$1.lambda$getOrListDocuments$0(FirestoreV1GrpcAdapter.java:108)
	at com.google.cloud.datastore.emulator.firestore.v1.FirestoreV1GrpcAdapter$1$$Lambda/0x000075a0cc3c3968.process(Unknown Source)
	at com.google.cloud.datastore.emulator.firestore.v1.FirestoreV1GrpcAdapter.unary(FirestoreV1GrpcAdapter.java:72)
	at com.google.cloud.datastore.emulator.firestore.v1.FirestoreV1GrpcAdapter$1.getOrListDocuments(FirestoreV1GrpcAdapter.java:108)
	at com.google.firestore.v1.FirestoreGrpc$MethodHandlers.invoke(FirestoreGrpc.java:1376)
	at io.grpc.stub.ServerCalls$UnaryServerCallHandler$UnaryServerCallListener.onHalfClose(ServerCalls.java:182)
	at io.grpc.PartialForwardingServerCallListener.onHalfClose(PartialForwardingServerCallListener.java:35)
	at io.grpc.ForwardingServerCallListener.onHalfClose(ForwardingServerCallListener.java:23)
	at io.grpc.ForwardingServerCallListener$SimpleForwardingServerCallListener.onHalfClose(ForwardingServerCallListener.java:40)
	at io.grpc.Contexts$ContextualizedServerCallListener.onHalfClose(Contexts.java:86)
	at io.grpc.PartialForwardingServerCallListener.onHalfClose(PartialForwardingServerCallListener.java:35)
	at io.grpc.ForwardingServerCallListener.onHalfClose(ForwardingServerCallListener.java:23)
	at io.grpc.ForwardingServerCallListener$SimpleForwardingServerCallListener.onHalfClose(ForwardingServerCallListener.java:40)
	at io.grpc.Contexts$ContextualizedServerCallListener.onHalfClose(Contexts.java:86)

Aug 31, 2026 12:13:43 AM io.gapi.emulators.netty.HttpHandler$1 onError
INFO: Exception when handling request: UNKNOWN
Aug 31, 2026 12:13:43 AM io.gapi.emulators.netty.HttpVersionRoutingHandler channelRead
INFO: Detected non-HTTP/2 connection.
Aug 31, 2026 12:13:49 AM com.google.cloud.datastore.emulator.impl.util.WrappedStreamObserver onError
WARNING: Operation failed: Java heap space: failed reallocation of scalar replaced objects
java.lang.OutOfMemoryError: Java heap space: failed reallocation of scalar replaced objects

Aug 31, 2026 12:13:49 AM io.gapi.emulators.netty.HttpHandler$1 onError
INFO: Exception when handling request: UNKNOWN
Aug 31, 2026 12:13:49 AM io.gapi.emulators.netty.HttpVersionRoutingHandler channelRead
INFO: Detected non-HTTP/2 connection.
Aug 31, 2026 12:13:53 AM com.google.cloud.datastore.emulator.impl.util.WrappedStreamObserver onError
WARNING: Operation failed: Java heap space
java.lang.OutOfMemoryError: Java heap space

Aug 31, 2026 12:13:53 AM io.gapi.emulators.netty.HttpHandler$1 onError
INFO: Exception when handling request: UNKNOWN
Aug 31, 2026 12:13:53 AM io.gapi.emulators.netty.HttpVersionRoutingHandler channelRead
INFO: Detected non-HTTP/2 connection.
Aug 31, 2026 12:13:58 AM com.google.cloud.datastore.emulator.impl.util.WrappedStreamObserver onError
WARNING: Operation failed: Java heap space
java.lang.OutOfMemoryError: Java heap space

Aug 31, 2026 12:13:58 AM io.gapi.emulators.netty.HttpHandler$1 onError
INFO: Exception when handling request: UNKNOWN
Aug 31, 2026 12:13:58 AM io.gapi.emulators.netty.HttpVersionRoutingHandler channelRead
INFO: Detected non-HTTP/2 connection.
Aug 31, 2026 12:14:03 AM com.google.cloud.datastore.emulator.impl.util.WrappedStreamObserver onError
WARNING: Operation failed: Java heap space
java.lang.OutOfMemoryError: Java heap space

Aug 31, 2026 12:14:03 AM io.gapi.emulators.netty.HttpHandler$1 onError
INFO: Exception when handling request: UNKNOWN
Aug 31, 2026 12:14:03 AM io.gapi.emulators.netty.HttpVersionRoutingHandler channelRead
INFO: Detected non-HTTP/2 connection.
Aug 31, 2026 12:14:05 AM io.gapi.emulators.netty.HttpVersionRoutingHandler channelRead
INFO: Detected non-HTTP/2 connection.
Aug 31, 2026 12:14:05 AM io.gapi.emulators.netty.HttpVersionRoutingHandler channelRead
INFO: Detected non-HTTP/2 connection.
Aug 31, 2026 12:14:05 AM io.gapi.emulators.netty.HttpVersionRoutingHandler channelRead
INFO: Detected non-HTTP/2 connection.
Aug 31, 2026 12:14:05 AM io.gapi.emulators.netty.HttpVersionRoutingHandler channelRead
INFO: Detected non-HTTP/2 connection.
Aug 31, 2026 12:14:05 AM io.gapi.emulators.netty.HttpVersionRoutingHandler channelRead
INFO: Detected non-HTTP/2 connection.
Aug 31, 2026 12:14:05 AM io.gapi.emulators.netty.HttpVersionRoutingHandler channelRead
INFO: Detected non-HTTP/2 connection.
Aug 31, 2026 12:14:05 AM io.gapi.emulators.netty.HttpVersionRoutingHandler channelRead
INFO: Detected non-HTTP/2 connection.
Aug 31, 2026 12:14:05 AM io.gapi.emulators.netty.HttpVersionRoutingHandler channelRead
INFO: Detected non-HTTP/2 connection.
Aug 31, 2026 12:14:05 AM io.gapi.emulators.netty.HttpVersionRoutingHandler channelRead
INFO: Detected non-HTTP/2 connection.
Aug 31, 2026 12:14:05 AM io.gapi.emulators.netty.HttpVersionRoutingHandler channelRead
INFO: Detected non-HTTP/2 connection.
Aug 31, 2026 12:14:05 AM io.gapi.emulators.netty.HttpVersionRoutingHandler channelRead
INFO: Detected non-HTTP/2 connection.
Aug 31, 2026 12:14:05 AM io.gapi.emulators.netty.HttpVersionRoutingHandler channelRead
INFO: Detected non-HTTP/2 connection.
Aug 31, 2026 12:14:05 AM io.gapi.emulators.netty.HttpVersionRoutingHandler channelRead
INFO: Detected non-HTTP/2 connection.
Aug 31, 2026 12:14:05 AM io.gapi.emulators.netty.HttpVersionRoutingHandler channelRead
INFO: Detected non-HTTP/2 connection.
Aug 31, 2026 12:14:05 AM io.gapi.emulators.netty.HttpVersionRoutingHandler channelRead
INFO: Detected non-HTTP/2 connection.
Aug 31, 2026 12:14:05 AM io.gapi.emulators.netty.HttpVersionRoutingHandler channelRead
INFO: Detected non-HTTP/2 connection.
Aug 31, 2026 12:14:05 AM io.gapi.emulators.netty.HttpVersionRoutingHandler channelRead
INFO: Detected non-HTTP/2 connection.
Aug 31, 2026 12:14:05 AM io.gapi.emulators.netty.HttpVersionRoutingHandler channelRead
INFO: Detected non-HTTP/2 connection.
Aug 31, 2026 12:14:05 AM io.gapi.emulators.netty.HttpVersionRoutingHandler channelRead
INFO: Detected non-HTTP/2 connection.
Aug 31, 2026 12:14:05 AM io.gapi.emulators.netty.HttpVersionRoutingHandler channelRead
INFO: Detected non-HTTP/2 connection.
Aug 31, 2026 12:14:05 AM io.gapi.emulators.netty.HttpVersionRoutingHandler channelRead
INFO: Detected non-HTTP/2 connection.
Aug 31, 2026 12:14:05 AM io.gapi.emulators.netty.HttpVersionRoutingHandler channelRead
INFO: Detected non-HTTP/2 connection.
Aug 31, 2026 12:14:05 AM io.gapi.emulators.netty.HttpVersionRoutingHandler channelRead
INFO: Detected non-HTTP/2 connection.
Aug 31, 2026 12:14:05 AM io.gapi.emulators.netty.HttpVersionRoutingHandler channelRead
INFO: Detected non-HTTP/2 connection.
Aug 31, 2026 12:14:05 AM io.gapi.emulators.netty.HttpVersionRoutingHandler channelRead
INFO: Detected non-HTTP/2 connection.
Aug 31, 2026 12:14:05 AM io.gapi.emulators.netty.HttpVersionRoutingHandler channelRead
INFO: Detected non-HTTP/2 connection.
Aug 31, 2026 12:14:08 AM com.google.cloud.datastore.emulator.impl.util.WrappedStreamObserver onError
WARNING: Operation failed: Java heap space
java.lang.OutOfMemoryError: Java heap space

Aug 31, 2026 12:14:08 AM io.gapi.emulators.netty.HttpHandler$1 onError
INFO: Exception when handling request: UNKNOWN
Exception in thread "HTTP-Dispatcher" java.lang.OutOfMemoryError: Java heap space
Aug 31, 2026 12:14:13 AM com.google.cloud.datastore.emulator.impl.util.WrappedStreamObserver onError
WARNING: Operation failed: Java heap space
java.lang.OutOfMemoryError: Java heap space

Aug 31, 2026 12:14:13 AM io.gapi.emulators.netty.HttpHandler$1 onError
INFO: Exception when handling request: UNKNOWN
Aug 31, 2026 12:14:13 AM io.gapi.emulators.netty.HttpVersionRoutingHandler channelRead
INFO: Detected non-HTTP/2 connection.
Aug 31, 2026 12:14:18 AM com.google.cloud.datastore.emulator.impl.util.WrappedStreamObserver onError
WARNING: Operation failed: Java heap space
java.lang.OutOfMemoryError: Java heap space

Aug 31, 2026 12:14:18 AM io.gapi.emulators.netty.HttpHandler$1 onError
INFO: Exception when handling request: UNKNOWN
Aug 31, 2026 12:14:19 AM io.gapi.emulators.netty.HttpVersionRoutingHandler channelRead
INFO: Detected non-HTTP/2 connection.
Aug 31, 2026 12:14:23 AM com.google.cloud.datastore.emulator.impl.util.WrappedStreamObserver onError
WARNING: Operation failed: Java heap space: failed reallocation of scalar replaced objects
java.lang.OutOfMemoryError: Java heap space: failed reallocation of scalar replaced objects

Aug 31, 2026 12:14:23 AM io.gapi.emulators.netty.HttpHandler$1 onError
INFO: Exception when handling request: UNKNOWN
Aug 31, 2026 12:14:23 AM io.gapi.emulators.netty.HttpVersionRoutingHandler channelRead
INFO: Detected non-HTTP/2 connection.
Aug 31, 2026 12:14:29 AM com.google.cloud.datastore.emulator.impl.util.WrappedStreamObserver onError
WARNING: Operation failed: Java heap space: failed reallocation of scalar replaced objects
java.lang.OutOfMemoryError: Java heap space: failed reallocation of scalar replaced objects

Aug 31, 2026 12:14:29 AM io.gapi.emulators.netty.HttpVersionRoutingHandler channelRead
INFO: Detected non-HTTP/2 connection.
Aug 31, 2026 12:14:29 AM io.gapi.emulators.netty.HttpHandler$1 onError
INFO: Exception when handling request: UNKNOWN
Aug 31, 2026 12:14:35 AM com.google.cloud.datastore.emulator.impl.util.WrappedStreamObserver onError
WARNING: Operation failed: Java heap space: failed reallocation of scalar replaced objects
java.lang.OutOfMemoryError: Java heap space: failed reallocation of scalar replaced objects

Aug 31, 2026 12:14:35 AM io.netty.channel.DefaultChannelPipeline onUnhandledInboundException
WARNING: An exceptionCaught() event was fired, and it reached at the tail of the pipeline. It usually means the last handler in the pipeline did not handle the exception.
java.lang.OutOfMemoryError: Java heap space

Aug 31, 2026 12:14:35 AM io.gapi.emulators.netty.HttpHandler$1 onError
INFO: Exception when handling request: UNKNOWN
Aug 31, 2026 12:14:35 AM io.gapi.emulators.netty.HttpVersionRoutingHandler channelRead
INFO: Detected non-HTTP/2 connection.
Aug 31, 2026 12:14:35 AM io.gapi.emulators.netty.HttpVersionRoutingHandler channelRead
INFO: Detected non-HTTP/2 connection.
Aug 31, 2026 12:14:35 AM io.gapi.emulators.netty.HttpVersionRoutingHandler channelRead
INFO: Detected non-HTTP/2 connection.
Aug 31, 2026 12:14:35 AM io.gapi.emulators.netty.HttpVersionRoutingHandler channelRead
INFO: Detected non-HTTP/2 connection.
Aug 31, 2026 12:14:35 AM io.gapi.emulators.netty.HttpVersionRoutingHandler channelRead
INFO: Detected non-HTTP/2 connection.
Aug 31, 2026 12:14:35 AM io.gapi.emulators.netty.HttpVersionRoutingHandler channelRead
INFO: Detected non-HTTP/2 connection.
Aug 31, 2026 12:14:35 AM io.gapi.emulators.netty.HttpVersionRoutingHandler channelRead
INFO: Detected non-HTTP/2 connection.
Aug 31, 2026 12:14:35 AM io.gapi.emulators.netty.HttpVersionRoutingHandler channelRead
INFO: Detected non-HTTP/2 connection.
Aug 31, 2026 12:14:35 AM io.gapi.emulators.netty.HttpVersionRoutingHandler channelRead
INFO: Detected non-HTTP/2 connection.
Aug 31, 2026 12:14:35 AM io.gapi.emulators.netty.HttpVersionRoutingHandler channelRead
INFO: Detected non-HTTP/2 connection.
Aug 31, 2026 12:14:35 AM io.gapi.emulators.netty.HttpVersionRoutingHandler channelRead
INFO: Detected non-HTTP/2 connection.
Aug 31, 2026 12:14:35 AM io.gapi.emulators.netty.HttpVersionRoutingHandler channelRead
INFO: Detected non-HTTP/2 connection.
Aug 31, 2026 12:14:35 AM io.gapi.emulators.netty.HttpVersionRoutingHandler channelRead
INFO: Detected non-HTTP/2 connection.
Aug 31, 2026 12:14:35 AM io.gapi.emulators.netty.HttpVersionRoutingHandler channelRead
INFO: Detected non-HTTP/2 connection.
Aug 31, 2026 12:14:35 AM io.gapi.emulators.netty.HttpVersionRoutingHandler channelRead
INFO: Detected non-HTTP/2 connection.
Aug 31, 2026 12:14:35 AM io.gapi.emulators.netty.HttpVersionRoutingHandler channelRead
INFO: Detected non-HTTP/2 connection.
Aug 31, 2026 12:14:35 AM io.gapi.emulators.netty.HttpVersionRoutingHandler channelRead
INFO: Detected non-HTTP/2 connection.
Aug 31, 2026 12:14:35 AM io.gapi.emulators.netty.HttpVersionRoutingHandler channelRead
INFO: Detected non-HTTP/2 connection.
Aug 31, 2026 12:14:35 AM io.gapi.emulators.netty.HttpVersionRoutingHandler channelRead
INFO: Detected non-HTTP/2 connection.
Aug 31, 2026 12:14:35 AM io.gapi.emulators.netty.HttpVersionRoutingHandler channelRead
INFO: Detected non-HTTP/2 connection.
Aug 31, 2026 12:14:35 AM io.gapi.emulators.netty.HttpVersionRoutingHandler channelRead
INFO: Detected non-HTTP/2 connection.
Aug 31, 2026 12:14:35 AM io.gapi.emulators.netty.HttpVersionRoutingHandler channelRead
INFO: Detected non-HTTP/2 connection.
Aug 31, 2026 12:14:35 AM io.gapi.emulators.netty.HttpVersionRoutingHandler channelRead
INFO: Detected non-HTTP/2 connection.
Aug 31, 2026 12:14:35 AM io.gapi.emulators.netty.HttpVersionRoutingHandler channelRead
INFO: Detected non-HTTP/2 connection.
Aug 31, 2026 12:14:35 AM io.gapi.emulators.netty.HttpVersionRoutingHandler channelRead
INFO: Detected non-HTTP/2 connection.
Aug 31, 2026 12:14:35 AM io.gapi.emulators.netty.HttpVersionRoutingHandler channelRead
INFO: Detected non-HTTP/2 connection.
Aug 31, 2026 12:14:35 AM io.gapi.emulators.netty.HttpVersionRoutingHandler channelRead
INFO: Detected non-HTTP/2 connection.
Aug 31, 2026 12:14:39 AM com.google.cloud.datastore.emulator.impl.util.WrappedStreamObserver onError
WARNING: Operation failed: Java heap space
java.lang.OutOfMemoryError: Java heap space

Aug 31, 2026 12:14:39 AM io.gapi.emulators.netty.HttpHandler$1 onError
INFO: Exception when handling request: UNKNOWN
Aug 31, 2026 12:14:43 AM io.gapi.emulators.netty.HttpVersionRoutingHandler channelRead
INFO: Detected non-HTTP/2 connection.
Aug 31, 2026 12:14:45 AM com.google.cloud.datastore.emulator.impl.util.WrappedStreamObserver onError
WARNING: Operation failed: Java heap space: failed reallocation of scalar replaced objects
java.lang.OutOfMemoryError: Java heap space: failed reallocation of scalar replaced objects

Aug 31, 2026 12:14:45 AM io.gapi.emulators.netty.HttpHandler$1 onError
INFO: Exception when handling request: UNKNOWN
Aug 31, 2026 12:14:49 AM io.gapi.emulators.netty.HttpVersionRoutingHandler channelRead
INFO: Detected non-HTTP/2 connection.
Aug 31, 2026 12:14:50 AM com.google.cloud.datastore.emulator.impl.util.WrappedStreamObserver onError
WARNING: Operation failed: Java heap space: failed reallocation of scalar replaced objects
java.lang.OutOfMemoryError: Java heap space: failed reallocation of scalar replaced objects

Aug 31, 2026 12:14:50 AM io.gapi.emulators.netty.HttpHandler$1 onError
INFO: Exception when handling request: UNKNOWN
Aug 31, 2026 12:14:54 AM io.gapi.emulators.netty.HttpVersionRoutingHandler channelRead
INFO: Detected non-HTTP/2 connection.
Aug 31, 2026 12:14:55 AM com.google.cloud.datastore.emulator.impl.util.WrappedStreamObserver onError
WARNING: Operation failed: Java heap space
java.lang.OutOfMemoryError: Java heap space

Aug 31, 2026 12:14:55 AM io.gapi.emulators.netty.HttpHandler$1 onError
INFO: Exception when handling request: UNKNOWN
Aug 31, 2026 12:14:58 AM io.gapi.emulators.netty.HttpVersionRoutingHandler channelRead
INFO: Detected non-HTTP/2 connection.
Aug 31, 2026 12:15:00 AM com.google.cloud.datastore.emulator.impl.util.WrappedStreamObserver onError
WARNING: Operation failed: Java heap space: failed reallocation of scalar replaced objects
java.lang.OutOfMemoryError: Java heap space: failed reallocation of scalar replaced objects

Aug 31, 2026 12:15:00 AM io.gapi.emulators.netty.HttpHandler$1 onError
INFO: Exception when handling request: UNKNOWN
Aug 31, 2026 12:15:03 AM io.gapi.emulators.netty.HttpVersionRoutingHandler channelRead
INFO: Detected non-HTTP/2 connection.
Aug 31, 2026 12:15:11 AM com.google.cloud.datastore.emulator.impl.util.WrappedStreamObserver onError
WARNING: Operation failed: Java heap space: failed reallocation of scalar replaced objects
java.lang.OutOfMemoryError: Java heap space: failed reallocation of scalar replaced objects

Aug 31, 2026 12:15:11 AM io.netty.channel.DefaultChannelPipeline onUnhandledInboundException
WARNING: An exceptionCaught() event was fired, and it reached at the tail of the pipeline. It usually means the last handler in the pipeline did not handle the exception.
java.lang.OutOfMemoryError: Java heap space

Aug 31, 2026 12:15:11 AM io.netty.util.concurrent.SingleThreadEventExecutor$4 run
WARNING: Unexpected exception from an event executor: 
java.lang.OutOfMemoryError: Java heap space

Aug 31, 2026 12:15:11 AM io.netty.channel.AbstractChannelHandlerContext invokeExceptionCaught
WARNING: Failed to submit an exceptionCaught() event.
java.lang.OutOfMemoryError: Java heap space

Aug 31, 2026 12:15:11 AM io.netty.channel.AbstractChannelHandlerContext invokeExceptionCaught
WARNING: The exceptionCaught() event that was failed to submit was:
java.lang.OutOfMemoryError: Java heap space

Aug 31, 2026 12:15:11 AM io.gapi.emulators.netty.HttpVersionRoutingHandler channelRead
INFO: Detected non-HTTP/2 connection.
Aug 31, 2026 12:15:11 AM io.gapi.emulators.netty.HttpHandler$1 onError
INFO: Exception when handling request: UNKNOWN
Aug 31, 2026 12:15:11 AM io.gapi.emulators.netty.HttpVersionRoutingHandler channelRead
INFO: Detected non-HTTP/2 connection.
Aug 31, 2026 12:15:11 AM io.netty.util.concurrent.AbstractEventExecutor safeExecute
WARNING: A task raised an exception. Task: io.netty.channel.DefaultChannelPipeline$4@47fe4fa
java.lang.OutOfMemoryError: Java heap space

Exception in thread "nioEventLoopGroup-5-19" java.lang.OutOfMemoryError: Java heap space
Aug 31, 2026 12:15:11 AM io.netty.channel.DefaultChannelPipeline onUnhandledInboundException
WARNING: An exceptionCaught() event was fired, and it reached at the tail of the pipeline. It usually means the last handler in the pipeline did not handle the exception.
java.lang.OutOfMemoryError: Java heap space

Aug 31, 2026 12:15:11 AM io.netty.channel.DefaultChannelPipeline onUnhandledInboundException
WARNING: An exceptionCaught() event was fired, and it reached at the tail of the pipeline. It usually means the last handler in the pipeline did not handle the exception.
java.lang.OutOfMemoryError: Java heap space

Aug 31, 2026 12:15:11 AM io.netty.channel.AbstractChannel$AbstractUnsafe register
WARNING: Force-closing a channel whose registration task was not accepted by an event loop: [id: 0x5aae8fb8, L:/127.0.0.1:39155 - R:/127.0.0.1:34936]
java.util.concurrent.RejectedExecutionException: event executor terminated
	at io.netty.util.concurrent.SingleThreadEventExecutor.reject(SingleThreadEventExecutor.java:934)
	at io.netty.util.concurrent.SingleThreadEventExecutor.offerTask(SingleThreadEventExecutor.java:353)
	at io.netty.util.concurrent.SingleThreadEventExecutor.addTask(SingleThreadEventExecutor.java:346)
	at io.netty.util.concurrent.SingleThreadEventExecutor.execute(SingleThreadEventExecutor.java:836)
	at io.netty.util.concurrent.SingleThreadEventExecutor.execute0(SingleThreadEventExecutor.java:827)
	at io.netty.util.concurrent.SingleThreadEventExecutor.execute(SingleThreadEventExecutor.java:817)
	at io.netty.channel.AbstractChannel$AbstractUnsafe.register(AbstractChannel.java:482)
	at io.netty.channel.SingleThreadEventLoop.register(SingleThreadEventLoop.java:89)
	at io.netty.channel.SingleThreadEventLoop.register(SingleThreadEventLoop.java:83)
	at io.netty.channel.MultithreadEventLoopGroup.register(MultithreadEventLoopGroup.java:86)
	at io.netty.bootstrap.ServerBootstrap$ServerBootstrapAcceptor.channelRead(ServerBootstrap.java:249)
	at io.netty.channel.AbstractChannelHandlerContext.invokeChannelRead(AbstractChannelHandlerContext.java:444)
	at io.netty.channel.AbstractChannelHandlerContext.invokeChannelRead(AbstractChannelHandlerContext.java:420)
	at io.netty.channel.AbstractChannelHandlerContext.fireChannelRead(AbstractChannelHandlerContext.java:412)
	at io.netty.channel.DefaultChannelPipeline$HeadContext.channelRead(DefaultChannelPipeline.java:1357)
	at io.netty.channel.AbstractChannelHandlerContext.invokeChannelRead(AbstractChannelHandlerContext.java:440)
	at io.netty.channel.AbstractChannelHandlerContext.invokeChannelRead(AbstractChannelHandlerContext.java:420)
	at io.netty.channel.DefaultChannelPipeline.fireChannelRead(DefaultChannelPipeline.java:868)
	at io.netty.channel.nio.AbstractNioMessageChannel$NioMessageUnsafe.read(AbstractNioMessageChannel.java:97)
	at io.netty.channel.nio.NioEventLoop.processSelectedKey(NioEventLoop.java:796)
	at io.netty.channel.nio.NioEventLoop.processSelectedKeysOptimized(NioEventLoop.java:732)
	at io.netty.channel.nio.NioEventLoop.processSelectedKeys(NioEventLoop.java:658)
	at io.netty.channel.nio.NioEventLoop.run(NioEventLoop.java:562)
	at io.netty.util.concurrent.SingleThreadEventExecutor$4.run(SingleThreadEventExecutor.java:998)
	at io.netty.util.internal.ThreadExecutorMap$2.run(ThreadExecutorMap.java:74)
	at io.netty.util.concurrent.FastThreadLocalRunnable.run(FastThreadLocalRunnable.java:30)
	at java.base/java.lang.Thread.run(Thread.java:1583)

Aug 31, 2026 12:15:11 AM io.netty.util.concurrent.DefaultPromise safeExecute
SEVERE: Failed to submit a listener notification task. Event loop shut down?
java.util.concurrent.RejectedExecutionException: event executor terminated
	at io.netty.util.concurrent.SingleThreadEventExecutor.reject(SingleThreadEventExecutor.java:934)
	at io.netty.util.concurrent.SingleThreadEventExecutor.offerTask(SingleThreadEventExecutor.java:353)
	at io.netty.util.concurrent.SingleThreadEventExecutor.addTask(SingleThreadEventExecutor.java:346)
	at io.netty.util.concurrent.SingleThreadEventExecutor.execute(SingleThreadEventExecutor.java:836)
	at io.netty.util.concurrent.SingleThreadEventExecutor.execute0(SingleThreadEventExecutor.java:827)
	at io.netty.util.concurrent.SingleThreadEventExecutor.execute(SingleThreadEventExecutor.java:817)
	at io.netty.util.concurrent.DefaultPromise.safeExecute(DefaultPromise.java:879)
	at io.netty.util.concurrent.DefaultPromise.notifyListeners(DefaultPromise.java:514)
	at io.netty.util.concurrent.DefaultPromise.addListener(DefaultPromise.java:199)
	at io.netty.channel.DefaultChannelPromise.addListener(DefaultChannelPromise.java:95)
	at io.netty.channel.DefaultChannelPromise.addListener(DefaultChannelPromise.java:30)
	at io.netty.bootstrap.ServerBootstrap$ServerBootstrapAcceptor.channelRead(ServerBootstrap.java:249)
	at io.netty.channel.AbstractChannelHandlerContext.invokeChannelRead(AbstractChannelHandlerContext.java:444)
	at io.netty.channel.AbstractChannelHandlerContext.invokeChannelRead(AbstractChannelHandlerContext.java:420)
	at io.netty.channel.AbstractChannelHandlerContext.fireChannelRead(AbstractChannelHandlerContext.java:412)
	at io.netty.channel.DefaultChannelPipeline$HeadContext.channelRead(DefaultChannelPipeline.java:1357)
	at io.netty.channel.AbstractChannelHandlerContext.invokeChannelRead(AbstractChannelHandlerContext.java:440)
	at io.netty.channel.AbstractChannelHandlerContext.invokeChannelRead(AbstractChannelHandlerContext.java:420)
	at io.netty.channel.DefaultChannelPipeline.fireChannelRead(DefaultChannelPipeline.java:868)
	at io.netty.channel.nio.AbstractNioMessageChannel$NioMessageUnsafe.read(AbstractNioMessageChannel.java:97)
	at io.netty.channel.nio.NioEventLoop.processSelectedKey(NioEventLoop.java:796)
	at io.netty.channel.nio.NioEventLoop.processSelectedKeysOptimized(NioEventLoop.java:732)
	at io.netty.channel.nio.NioEventLoop.processSelectedKeys(NioEventLoop.java:658)
	at io.netty.channel.nio.NioEventLoop.run(NioEventLoop.java:562)
	at io.netty.util.concurrent.SingleThreadEventExecutor$4.run(SingleThreadEventExecutor.java:998)
	at io.netty.util.internal.ThreadExecutorMap$2.run(ThreadExecutorMap.java:74)
	at io.netty.util.concurrent.FastThreadLocalRunnable.run(FastThreadLocalRunnable.java:30)
	at java.base/java.lang.Thread.run(Thread.java:1583)

Aug 31, 2026 12:15:11 AM io.gapi.emulators.netty.HttpVersionRoutingHandler channelRead
INFO: Detected non-HTTP/2 connection.
Aug 31, 2026 12:15:11 AM io.gapi.emulators.netty.HttpVersionRoutingHandler channelRead
INFO: Detected non-HTTP/2 connection.
Aug 31, 2026 12:15:11 AM io.gapi.emulators.netty.HttpVersionRoutingHandler channelRead
INFO: Detected non-HTTP/2 connection.
Aug 31, 2026 12:15:11 AM io.gapi.emulators.netty.HttpVersionRoutingHandler channelRead
INFO: Detected non-HTTP/2 connection.
Aug 31, 2026 12:15:11 AM io.gapi.emulators.netty.HttpVersionRoutingHandler channelRead
INFO: Detected non-HTTP/2 connection.
Aug 31, 2026 12:15:11 AM io.gapi.emulators.netty.HttpVersionRoutingHandler channelRead
INFO: Detected non-HTTP/2 connection.
Aug 31, 2026 12:15:11 AM io.gapi.emulators.netty.HttpVersionRoutingHandler channelRead
INFO: Detected non-HTTP/2 connection.
Aug 31, 2026 12:15:11 AM io.gapi.emulators.netty.HttpVersionRoutingHandler channelRead
INFO: Detected non-HTTP/2 connection.
Aug 31, 2026 12:15:11 AM io.gapi.emulators.netty.HttpVersionRoutingHandler channelRead
INFO: Detected non-HTTP/2 connection.
Aug 31, 2026 12:15:11 AM io.gapi.emulators.netty.HttpVersionRoutingHandler channelRead
INFO: Detected non-HTTP/2 connection.
Aug 31, 2026 12:15:11 AM io.gapi.emulators.netty.HttpVersionRoutingHandler channelRead
INFO: Detected non-HTTP/2 connection.
Aug 31, 2026 12:15:11 AM io.gapi.emulators.netty.HttpVersionRoutingHandler channelRead
INFO: Detected non-HTTP/2 connection.
Aug 31, 2026 12:15:11 AM io.netty.channel.AbstractChannel$AbstractUnsafe register
WARNING: Force-closing a channel whose registration task was not accepted by an event loop: [id: 0x33e780fb, L:/127.0.0.1:39155 - R:/127.0.0.1:35056]
java.util.concurrent.RejectedExecutionException: event executor terminated
	at io.netty.util.concurrent.SingleThreadEventExecutor.reject(SingleThreadEventExecutor.java:934)
	at io.netty.util.concurrent.SingleThreadEventExecutor.offerTask(SingleThreadEventExecutor.java:353)
	at io.netty.util.concurrent.SingleThreadEventExecutor.addTask(SingleThreadEventExecutor.java:346)
	at io.netty.util.concurrent.SingleThreadEventExecutor.execute(SingleThreadEventExecutor.java:836)
	at io.netty.util.concurrent.SingleThreadEventExecutor.execute0(SingleThreadEventExecutor.java:827)
	at io.netty.util.concurrent.SingleThreadEventExecutor.execute(SingleThreadEventExecutor.java:817)
	at io.netty.channel.AbstractChannel$AbstractUnsafe.register(AbstractChannel.java:482)
	at io.netty.channel.SingleThreadEventLoop.register(SingleThreadEventLoop.java:89)
	at io.netty.channel.SingleThreadEventLoop.register(SingleThreadEventLoop.java:83)
	at io.netty.channel.MultithreadEventLoopGroup.register(MultithreadEventLoopGroup.java:86)
	at io.netty.bootstrap.ServerBootstrap$ServerBootstrapAcceptor.channelRead(ServerBootstrap.java:249)
	at io.netty.channel.AbstractChannelHandlerContext.invokeChannelRead(AbstractChannelHandlerContext.java:444)
	at io.netty.channel.AbstractChannelHandlerContext.invokeChannelRead(AbstractChannelHandlerContext.java:420)
	at io.netty.channel.AbstractChannelHandlerContext.fireChannelRead(AbstractChannelHandlerContext.java:412)
	at io.netty.channel.DefaultChannelPipeline$HeadContext.channelRead(DefaultChannelPipeline.java:1357)
	at io.netty.channel.AbstractChannelHandlerContext.invokeChannelRead(AbstractChannelHandlerContext.java:440)
	at io.netty.channel.AbstractChannelHandlerContext.invokeChannelRead(AbstractChannelHandlerContext.java:420)
	at io.netty.channel.DefaultChannelPipeline.fireChannelRead(DefaultChannelPipeline.java:868)
	at io.netty.channel.nio.AbstractNioMessageChannel$NioMessageUnsafe.read(AbstractNioMessageChannel.java:97)
	at io.netty.channel.nio.NioEventLoop.processSelectedKey(NioEventLoop.java:796)
	at io.netty.channel.nio.NioEventLoop.processSelectedKeysOptimized(NioEventLoop.java:732)
	at io.netty.channel.nio.NioEventLoop.processSelectedKeys(NioEventLoop.java:658)
	at io.netty.channel.nio.NioEventLoop.run(NioEventLoop.java:562)
	at io.netty.util.concurrent.SingleThreadEventExecutor$4.run(SingleThreadEventExecutor.java:998)
	at io.netty.util.internal.ThreadExecutorMap$2.run(ThreadExecutorMap.java:74)
	at io.netty.util.concurrent.FastThreadLocalRunnable.run(FastThreadLocalRunnable.java:30)
	at java.base/java.lang.Thread.run(Thread.java:1583)

Aug 31, 2026 12:15:11 AM io.gapi.emulators.netty.HttpVersionRoutingHandler channelRead
INFO: Detected non-HTTP/2 connection.
Aug 31, 2026 12:15:11 AM io.gapi.emulators.netty.HttpVersionRoutingHandler channelRead
INFO: Detected non-HTTP/2 connection.
Aug 31, 2026 12:15:11 AM io.gapi.emulators.netty.HttpVersionRoutingHandler channelRead
INFO: Detected non-HTTP/2 connection.
Aug 31, 2026 12:15:11 AM io.netty.util.concurrent.DefaultPromise safeExecute
SEVERE: Failed to submit a listener notification task. Event loop shut down?
java.util.concurrent.RejectedExecutionException: event executor terminated
	at io.netty.util.concurrent.SingleThreadEventExecutor.reject(SingleThreadEventExecutor.java:934)
	at io.netty.util.concurrent.SingleThreadEventExecutor.offerTask(SingleThreadEventExecutor.java:353)
	at io.netty.util.concurrent.SingleThreadEventExecutor.addTask(SingleThreadEventExecutor.java:346)
	at io.netty.util.concurrent.SingleThreadEventExecutor.execute(SingleThreadEventExecutor.java:836)
	at io.netty.util.concurrent.SingleThreadEventExecutor.execute0(SingleThreadEventExecutor.java:827)
	at io.netty.util.concurrent.SingleThreadEventExecutor.execute(SingleThreadEventExecutor.java:817)
	at io.netty.util.concurrent.DefaultPromise.safeExecute(DefaultPromise.java:879)
	at io.netty.util.concurrent.DefaultPromise.notifyListeners(DefaultPromise.java:514)
	at io.netty.util.concurrent.DefaultPromise.addListener(DefaultPromise.java:199)
	at io.netty.channel.DefaultChannelPromise.addListener(DefaultChannelPromise.java:95)
	at io.netty.channel.DefaultChannelPromise.addListener(DefaultChannelPromise.java:30)
	at io.netty.bootstrap.ServerBootstrap$ServerBootstrapAcceptor.channelRead(ServerBootstrap.java:249)
	at io.netty.channel.AbstractChannelHandlerContext.invokeChannelRead(AbstractChannelHandlerContext.java:444)
	at io.netty.channel.AbstractChannelHandlerContext.invokeChannelRead(AbstractChannelHandlerContext.java:420)
	at io.netty.channel.AbstractChannelHandlerContext.fireChannelRead(AbstractChannelHandlerContext.java:412)
	at io.netty.channel.DefaultChannelPipeline$HeadContext.channelRead(DefaultChannelPipeline.java:1357)
	at io.netty.channel.AbstractChannelHandlerContext.invokeChannelRead(AbstractChannelHandlerContext.java:440)
	at io.netty.channel.AbstractChannelHandlerContext.invokeChannelRead(AbstractChannelHandlerContext.java:420)
	at io.netty.channel.DefaultChannelPipeline.fireChannelRead(DefaultChannelPipeline.java:868)
	at io.netty.channel.nio.AbstractNioMessageChannel$NioMessageUnsafe.read(AbstractNioMessageChannel.java:97)
	at io.netty.channel.nio.NioEventLoop.processSelectedKey(NioEventLoop.java:796)
	at io.netty.channel.nio.NioEventLoop.processSelectedKeysOptimized(NioEventLoop.java:732)
	at io.netty.channel.nio.NioEventLoop.processSelectedKeys(NioEventLoop.java:658)
	at io.netty.channel.nio.NioEventLoop.run(NioEventLoop.java:562)
	at io.netty.util.concurrent.SingleThreadEventExecutor$4.run(SingleThreadEventExecutor.java:998)
	at io.netty.util.internal.ThreadExecutorMap$2.run(ThreadExecutorMap.java:74)
	at io.netty.util.concurrent.FastThreadLocalRunnable.run(FastThreadLocalRunnable.java:30)
	at java.base/java.lang.Thread.run(Thread.java:1583)

Aug 31, 2026 12:15:11 AM io.gapi.emulators.netty.HttpVersionRoutingHandler channelRead
INFO: Detected non-HTTP/2 connection.
Aug 31, 2026 12:15:11 AM io.gapi.emulators.netty.HttpVersionRoutingHandler channelRead
INFO: Detected non-HTTP/2 connection.
Aug 31, 2026 12:15:11 AM io.gapi.emulators.netty.HttpVersionRoutingHandler channelRead
INFO: Detected non-HTTP/2 connection.
Aug 31, 2026 12:15:11 AM io.netty.channel.AbstractChannel$AbstractUnsafe register
WARNING: Force-closing a channel whose registration task was not accepted by an event loop: [id: 0x441f0e83, L:/127.0.0.1:39155 - R:/127.0.0.1:35110]
java.util.concurrent.RejectedExecutionException: event executor terminated
	at io.netty.util.concurrent.SingleThreadEventExecutor.reject(SingleThreadEventExecutor.java:934)
	at io.netty.util.concurrent.SingleThreadEventExecutor.offerTask(SingleThreadEventExecutor.java:353)
	at io.netty.util.concurrent.SingleThreadEventExecutor.addTask(SingleThreadEventExecutor.java:346)
	at io.netty.util.concurrent.SingleThreadEventExecutor.execute(SingleThreadEventExecutor.java:836)
	at io.netty.util.concurrent.SingleThreadEventExecutor.execute0(SingleThreadEventExecutor.java:827)
	at io.netty.util.concurrent.SingleThreadEventExecutor.execute(SingleThreadEventExecutor.java:817)
	at io.netty.channel.AbstractChannel$AbstractUnsafe.register(AbstractChannel.java:482)
	at io.netty.channel.SingleThreadEventLoop.register(SingleThreadEventLoop.java:89)
	at io.netty.channel.SingleThreadEventLoop.register(SingleThreadEventLoop.java:83)
	at io.netty.channel.MultithreadEventLoopGroup.register(MultithreadEventLoopGroup.java:86)
	at io.netty.bootstrap.ServerBootstrap$ServerBootstrapAcceptor.channelRead(ServerBootstrap.java:249)
	at io.netty.channel.AbstractChannelHandlerContext.invokeChannelRead(AbstractChannelHandlerContext.java:444)
	at io.netty.channel.AbstractChannelHandlerContext.invokeChannelRead(AbstractChannelHandlerContext.java:420)
	at io.netty.channel.AbstractChannelHandlerContext.fireChannelRead(AbstractChannelHandlerContext.java:412)
	at io.netty.channel.DefaultChannelPipeline$HeadContext.channelRead(DefaultChannelPipeline.java:1357)
	at io.netty.channel.AbstractChannelHandlerContext.invokeChannelRead(AbstractChannelHandlerContext.java:440)
	at io.netty.channel.AbstractChannelHandlerContext.invokeChannelRead(AbstractChannelHandlerContext.java:420)
	at io.netty.channel.DefaultChannelPipeline.fireChannelRead(DefaultChannelPipeline.java:868)
	at io.netty.channel.nio.AbstractNioMessageChannel$NioMessageUnsafe.read(AbstractNioMessageChannel.java:97)
	at io.netty.channel.nio.NioEventLoop.processSelectedKey(NioEventLoop.java:796)
	at io.netty.channel.nio.NioEventLoop.processSelectedKeysOptimized(NioEventLoop.java:732)
	at io.netty.channel.nio.NioEventLoop.processSelectedKeys(NioEventLoop.java:658)
	at io.netty.channel.nio.NioEventLoop.run(NioEventLoop.java:562)
	at io.netty.util.concurrent.SingleThreadEventExecutor$4.run(SingleThreadEventExecutor.java:998)
	at io.netty.util.internal.ThreadExecutorMap$2.run(ThreadExecutorMap.java:74)
	at io.netty.util.concurrent.FastThreadLocalRunnable.run(FastThreadLocalRunnable.java:30)
	at java.base/java.lang.Thread.run(Thread.java:1583)

Aug 31, 2026 12:15:11 AM io.gapi.emulators.netty.HttpVersionRoutingHandler channelRead
INFO: Detected non-HTTP/2 connection.
Aug 31, 2026 12:15:11 AM io.netty.util.concurrent.DefaultPromise safeExecute
SEVERE: Failed to submit a listener notification task. Event loop shut down?
java.util.concurrent.RejectedExecutionException: event executor terminated
	at io.netty.util.concurrent.SingleThreadEventExecutor.reject(SingleThreadEventExecutor.java:934)
	at io.netty.util.concurrent.SingleThreadEventExecutor.offerTask(SingleThreadEventExecutor.java:353)
	at io.netty.util.concurrent.SingleThreadEventExecutor.addTask(SingleThreadEventExecutor.java:346)
	at io.netty.util.concurrent.SingleThreadEventExecutor.execute(SingleThreadEventExecutor.java:836)
	at io.netty.util.concurrent.SingleThreadEventExecutor.execute0(SingleThreadEventExecutor.java:827)
	at io.netty.util.concurrent.SingleThreadEventExecutor.execute(SingleThreadEventExecutor.java:817)
	at io.netty.util.concurrent.DefaultPromise.safeExecute(DefaultPromise.java:879)
	at io.netty.util.concurrent.DefaultPromise.notifyListeners(DefaultPromise.java:514)
	at io.netty.util.concurrent.DefaultPromise.addListener(DefaultPromise.java:199)
	at io.netty.channel.DefaultChannelPromise.addListener(DefaultChannelPromise.java:95)
	at io.netty.channel.DefaultChannelPromise.addListener(DefaultChannelPromise.java:30)
	at io.netty.bootstrap.ServerBootstrap$ServerBootstrapAcceptor.channelRead(ServerBootstrap.java:249)
	at io.netty.channel.AbstractChannelHandlerContext.invokeChannelRead(AbstractChannelHandlerContext.java:444)
	at io.netty.channel.AbstractChannelHandlerContext.invokeChannelRead(AbstractChannelHandlerContext.java:420)
	at io.netty.channel.AbstractChannelHandlerContext.fireChannelRead(AbstractChannelHandlerContext.java:412)
	at io.netty.channel.DefaultChannelPipeline$HeadContext.channelRead(DefaultChannelPipeline.java:1357)
	at io.netty.channel.AbstractChannelHandlerContext.invokeChannelRead(AbstractChannelHandlerContext.java:440)
	at io.netty.channel.AbstractChannelHandlerContext.invokeChannelRead(AbstractChannelHandlerContext.java:420)
	at io.netty.channel.DefaultChannelPipeline.fireChannelRead(DefaultChannelPipeline.java:868)
	at io.netty.channel.nio.AbstractNioMessageChannel$NioMessageUnsafe.read(AbstractNioMessageChannel.java:97)
	at io.netty.channel.nio.NioEventLoop.processSelectedKey(NioEventLoop.java:796)
	at io.netty.channel.nio.NioEventLoop.processSelectedKeysOptimized(NioEventLoop.java:732)
	at io.netty.channel.nio.NioEventLoop.processSelectedKeys(NioEventLoop.java:658)
	at io.netty.channel.nio.NioEventLoop.run(NioEventLoop.java:562)
	at io.netty.util.concurrent.SingleThreadEventExecutor$4.run(SingleThreadEventExecutor.java:998)
	at io.netty.util.internal.ThreadExecutorMap$2.run(ThreadExecutorMap.java:74)
	at io.netty.util.concurrent.FastThreadLocalRunnable.run(FastThreadLocalRunnable.java:30)
	at java.base/java.lang.Thread.run(Thread.java:1583)

Aug 31, 2026 12:15:11 AM io.gapi.emulators.netty.HttpVersionRoutingHandler channelRead
INFO: Detected non-HTTP/2 connection.
Aug 31, 2026 12:15:11 AM io.gapi.emulators.netty.HttpVersionRoutingHandler channelRead
INFO: Detected non-HTTP/2 connection.
Aug 31, 2026 12:15:11 AM io.gapi.emulators.netty.HttpVersionRoutingHandler channelRead
INFO: Detected non-HTTP/2 connection.
Aug 31, 2026 12:15:11 AM io.gapi.emulators.netty.HttpVersionRoutingHandler channelRead
INFO: Detected non-HTTP/2 connection.
Aug 31, 2026 12:15:11 AM io.gapi.emulators.netty.HttpVersionRoutingHandler channelRead
INFO: Detected non-HTTP/2 connection.
Aug 31, 2026 12:15:13 AM io.gapi.emulators.netty.HttpVersionRoutingHandler channelRead
INFO: Detected non-HTTP/2 connection.
Aug 31, 2026 12:15:16 AM com.google.cloud.datastore.emulator.impl.util.WrappedStreamObserver onError
WARNING: Operation failed: Java heap space: failed reallocation of scalar replaced objects
java.lang.OutOfMemoryError: Java heap space: failed reallocation of scalar replaced objects

Aug 31, 2026 12:15:16 AM io.gapi.emulators.netty.HttpHandler$1 onError
INFO: Exception when handling request: UNKNOWN
Aug 31, 2026 12:15:19 AM io.gapi.emulators.netty.HttpVersionRoutingHandler channelRead
INFO: Detected non-HTTP/2 connection.
Aug 31, 2026 12:15:21 AM com.google.cloud.datastore.emulator.impl.util.WrappedStreamObserver onError
WARNING: Operation failed: Java heap space
java.lang.OutOfMemoryError: Java heap space

Aug 31, 2026 12:15:21 AM io.gapi.emulators.netty.HttpHandler$1 onError
INFO: Exception when handling request: UNKNOWN
Aug 31, 2026 12:15:24 AM io.netty.channel.AbstractChannel$AbstractUnsafe register
WARNING: Force-closing a channel whose registration task was not accepted by an event loop: [id: 0x3c6cbbad, L:/127.0.0.1:39155 - R:/127.0.0.1:45486]
java.util.concurrent.RejectedExecutionException: event executor terminated
	at io.netty.util.concurrent.SingleThreadEventExecutor.reject(SingleThreadEventExecutor.java:934)
	at io.netty.util.concurrent.SingleThreadEventExecutor.offerTask(SingleThreadEventExecutor.java:353)
	at io.netty.util.concurrent.SingleThreadEventExecutor.addTask(SingleThreadEventExecutor.java:346)
	at io.netty.util.concurrent.SingleThreadEventExecutor.execute(SingleThreadEventExecutor.java:836)
	at io.netty.util.concurrent.SingleThreadEventExecutor.execute0(SingleThreadEventExecutor.java:827)
	at io.netty.util.concurrent.SingleThreadEventExecutor.execute(SingleThreadEventExecutor.java:817)
	at io.netty.channel.AbstractChannel$AbstractUnsafe.register(AbstractChannel.java:482)
	at io.netty.channel.SingleThreadEventLoop.register(SingleThreadEventLoop.java:89)
	at io.netty.channel.SingleThreadEventLoop.register(SingleThreadEventLoop.java:83)
	at io.netty.channel.MultithreadEventLoopGroup.register(MultithreadEventLoopGroup.java:86)
	at io.netty.bootstrap.ServerBootstrap$ServerBootstrapAcceptor.channelRead(ServerBootstrap.java:249)
	at io.netty.channel.AbstractChannelHandlerContext.invokeChannelRead(AbstractChannelHandlerContext.java:444)
	at io.netty.channel.AbstractChannelHandlerContext.invokeChannelRead(AbstractChannelHandlerContext.java:420)
	at io.netty.channel.AbstractChannelHandlerContext.fireChannelRead(AbstractChannelHandlerContext.java:412)
	at io.netty.channel.DefaultChannelPipeline$HeadContext.channelRead(DefaultChannelPipeline.java:1357)
	at io.netty.channel.AbstractChannelHandlerContext.invokeChannelRead(AbstractChannelHandlerContext.java:440)
	at io.netty.channel.AbstractChannelHandlerContext.invokeChannelRead(AbstractChannelHandlerContext.java:420)
	at io.netty.channel.DefaultChannelPipeline.fireChannelRead(DefaultChannelPipeline.java:868)
	at io.netty.channel.nio.AbstractNioMessageChannel$NioMessageUnsafe.read(AbstractNioMessageChannel.java:97)
	at io.netty.channel.nio.NioEventLoop.processSelectedKey(NioEventLoop.java:796)
	at io.netty.channel.nio.NioEventLoop.processSelectedKeysOptimized(NioEventLoop.java:732)
	at io.netty.channel.nio.NioEventLoop.processSelectedKeys(NioEventLoop.java:658)
	at io.netty.channel.nio.NioEventLoop.run(NioEventLoop.java:562)
	at io.netty.util.concurrent.SingleThreadEventExecutor$4.run(SingleThreadEventExecutor.java:998)
	at io.netty.util.internal.ThreadExecutorMap$2.run(ThreadExecutorMap.java:74)
	at io.netty.util.concurrent.FastThreadLocalRunnable.run(FastThreadLocalRunnable.java:30)
	at java.base/java.lang.Thread.run(Thread.java:1583)

Aug 31, 2026 12:15:24 AM io.netty.util.concurrent.DefaultPromise safeExecute
SEVERE: Failed to submit a listener notification task. Event loop shut down?
java.util.concurrent.RejectedExecutionException: event executor terminated
	at io.netty.util.concurrent.SingleThreadEventExecutor.reject(SingleThreadEventExecutor.java:934)
	at io.netty.util.concurrent.SingleThreadEventExecutor.offerTask(SingleThreadEventExecutor.java:353)
	at io.netty.util.concurrent.SingleThreadEventExecutor.addTask(SingleThreadEventExecutor.java:346)
	at io.netty.util.concurrent.SingleThreadEventExecutor.execute(SingleThreadEventExecutor.java:836)
	at io.netty.util.concurrent.SingleThreadEventExecutor.execute0(SingleThreadEventExecutor.java:827)
	at io.netty.util.concurrent.SingleThreadEventExecutor.execute(SingleThreadEventExecutor.java:817)
	at io.netty.util.concurrent.DefaultPromise.safeExecute(DefaultPromise.java:879)
	at io.netty.util.concurrent.DefaultPromise.notifyListeners(DefaultPromise.java:514)
	at io.netty.util.concurrent.DefaultPromise.addListener(DefaultPromise.java:199)
	at io.netty.channel.DefaultChannelPromise.addListener(DefaultChannelPromise.java:95)
	at io.netty.channel.DefaultChannelPromise.addListener(DefaultChannelPromise.java:30)
	at io.netty.bootstrap.ServerBootstrap$ServerBootstrapAcceptor.channelRead(ServerBootstrap.java:249)
	at io.netty.channel.AbstractChannelHandlerContext.invokeChannelRead(AbstractChannelHandlerContext.java:444)
	at io.netty.channel.AbstractChannelHandlerContext.invokeChannelRead(AbstractChannelHandlerContext.java:420)
	at io.netty.channel.AbstractChannelHandlerContext.fireChannelRead(AbstractChannelHandlerContext.java:412)
	at io.netty.channel.DefaultChannelPipeline$HeadContext.channelRead(DefaultChannelPipeline.java:1357)
	at io.netty.channel.AbstractChannelHandlerContext.invokeChannelRead(AbstractChannelHandlerContext.java:440)
	at io.netty.channel.AbstractChannelHandlerContext.invokeChannelRead(AbstractChannelHandlerContext.java:420)
	at io.netty.channel.DefaultChannelPipeline.fireChannelRead(DefaultChannelPipeline.java:868)
	at io.netty.channel.nio.AbstractNioMessageChannel$NioMessageUnsafe.read(AbstractNioMessageChannel.java:97)
	at io.netty.channel.nio.NioEventLoop.processSelectedKey(NioEventLoop.java:796)
	at io.netty.channel.nio.NioEventLoop.processSelectedKeysOptimized(NioEventLoop.java:732)
	at io.netty.channel.nio.NioEventLoop.processSelectedKeys(NioEventLoop.java:658)
	at io.netty.channel.nio.NioEventLoop.run(NioEventLoop.java:562)
	at io.netty.util.concurrent.SingleThreadEventExecutor$4.run(SingleThreadEventExecutor.java:998)
	at io.netty.util.internal.ThreadExecutorMap$2.run(ThreadExecutorMap.java:74)
	at io.netty.util.concurrent.FastThreadLocalRunnable.run(FastThreadLocalRunnable.java:30)
	at java.base/java.lang.Thread.run(Thread.java:1583)

Aug 31, 2026 12:15:24 AM io.gapi.emulators.netty.HttpVersionRoutingHandler channelRead
INFO: Detected non-HTTP/2 connection.
Aug 31, 2026 12:15:26 AM com.google.cloud.datastore.emulator.impl.util.WrappedStreamObserver onError
WARNING: Operation failed: Java heap space
java.lang.OutOfMemoryError: Java heap space

Aug 31, 2026 12:15:26 AM io.gapi.emulators.netty.HttpHandler$1 onError
INFO: Exception when handling request: UNKNOWN
Aug 31, 2026 12:15:28 AM io.gapi.emulators.netty.HttpVersionRoutingHandler channelRead
INFO: Detected non-HTTP/2 connection.
Aug 31, 2026 12:15:31 AM com.google.cloud.datastore.emulator.impl.util.WrappedStreamObserver onError
WARNING: Operation failed: Java heap space: failed reallocation of scalar replaced objects
java.lang.OutOfMemoryError: Java heap space: failed reallocation of scalar replaced objects

Aug 31, 2026 12:15:31 AM io.gapi.emulators.netty.HttpHandler$1 onError
INFO: Exception when handling request: UNKNOWN
Aug 31, 2026 12:15:33 AM io.gapi.emulators.netty.HttpVersionRoutingHandler channelRead
INFO: Detected non-HTTP/2 connection.
Aug 31, 2026 12:15:35 AM io.gapi.emulators.netty.HttpVersionRoutingHandler channelRead
INFO: Detected non-HTTP/2 connection.
Aug 31, 2026 12:15:35 AM io.netty.channel.AbstractChannel$AbstractUnsafe register
WARNING: Force-closing a channel whose registration task was not accepted by an event loop: [id: 0x22033881, L:/127.0.0.1:39155 - R:/127.0.0.1:42780]
java.util.concurrent.RejectedExecutionException: event executor terminated
	at io.netty.util.concurrent.SingleThreadEventExecutor.reject(SingleThreadEventExecutor.java:934)
	at io.netty.util.concurrent.SingleThreadEventExecutor.offerTask(SingleThreadEventExecutor.java:353)
	at io.netty.util.concurrent.SingleThreadEventExecutor.addTask(SingleThreadEventExecutor.java:346)
	at io.netty.util.concurrent.SingleThreadEventExecutor.execute(SingleThreadEventExecutor.java:836)
	at io.netty.util.concurrent.SingleThreadEventExecutor.execute0(SingleThreadEventExecutor.java:827)
	at io.netty.util.concurrent.SingleThreadEventExecutor.execute(SingleThreadEventExecutor.java:817)
	at io.netty.channel.AbstractChannel$AbstractUnsafe.register(AbstractChannel.java:482)
	at io.netty.channel.SingleThreadEventLoop.register(SingleThreadEventLoop.java:89)
	at io.netty.channel.SingleThreadEventLoop.register(SingleThreadEventLoop.java:83)
	at io.netty.channel.MultithreadEventLoopGroup.register(MultithreadEventLoopGroup.java:86)
	at io.netty.bootstrap.ServerBootstrap$ServerBootstrapAcceptor.channelRead(ServerBootstrap.java:249)
	at io.netty.channel.AbstractChannelHandlerContext.invokeChannelRead(AbstractChannelHandlerContext.java:444)
	at io.netty.channel.AbstractChannelHandlerContext.invokeChannelRead(AbstractChannelHandlerContext.java:420)
	at io.netty.channel.AbstractChannelHandlerContext.fireChannelRead(AbstractChannelHandlerContext.java:412)
	at io.netty.channel.DefaultChannelPipeline$HeadContext.channelRead(DefaultChannelPipeline.java:1357)
	at io.netty.channel.AbstractChannelHandlerContext.invokeChannelRead(AbstractChannelHandlerContext.java:440)
	at io.netty.channel.AbstractChannelHandlerContext.invokeChannelRead(AbstractChannelHandlerContext.java:420)
	at io.netty.channel.DefaultChannelPipeline.fireChannelRead(DefaultChannelPipeline.java:868)
	at io.netty.channel.nio.AbstractNioMessageChannel$NioMessageUnsafe.read(AbstractNioMessageChannel.java:97)
	at io.netty.channel.nio.NioEventLoop.processSelectedKey(NioEventLoop.java:796)
	at io.netty.channel.nio.NioEventLoop.processSelectedKeysOptimized(NioEventLoop.java:732)
	at io.netty.channel.nio.NioEventLoop.processSelectedKeys(NioEventLoop.java:658)
	at io.netty.channel.nio.NioEventLoop.run(NioEventLoop.java:562)
	at io.netty.util.concurrent.SingleThreadEventExecutor$4.run(SingleThreadEventExecutor.java:998)
	at io.netty.util.internal.ThreadExecutorMap$2.run(ThreadExecutorMap.java:74)
	at io.netty.util.concurrent.FastThreadLocalRunnable.run(FastThreadLocalRunnable.java:30)
	at java.base/java.lang.Thread.run(Thread.java:1583)

Aug 31, 2026 12:15:35 AM io.netty.util.concurrent.DefaultPromise safeExecute
SEVERE: Failed to submit a listener notification task. Event loop shut down?
java.util.concurrent.RejectedExecutionException: event executor terminated
	at io.netty.util.concurrent.SingleThreadEventExecutor.reject(SingleThreadEventExecutor.java:934)
	at io.netty.util.concurrent.SingleThreadEventExecutor.offerTask(SingleThreadEventExecutor.java:353)
	at io.netty.util.concurrent.SingleThreadEventExecutor.addTask(SingleThreadEventExecutor.java:346)
	at io.netty.util.concurrent.SingleThreadEventExecutor.execute(SingleThreadEventExecutor.java:836)
	at io.netty.util.concurrent.SingleThreadEventExecutor.execute0(SingleThreadEventExecutor.java:827)
	at io.netty.util.concurrent.SingleThreadEventExecutor.execute(SingleThreadEventExecutor.java:817)
	at io.netty.util.concurrent.DefaultPromise.safeExecute(DefaultPromise.java:879)
	at io.netty.util.concurrent.DefaultPromise.notifyListeners(DefaultPromise.java:514)
	at io.netty.util.concurrent.DefaultPromise.addListener(DefaultPromise.java:199)
	at io.netty.channel.DefaultChannelPromise.addListener(DefaultChannelPromise.java:95)
	at io.netty.channel.DefaultChannelPromise.addListener(DefaultChannelPromise.java:30)
	at io.netty.bootstrap.ServerBootstrap$ServerBootstrapAcceptor.channelRead(ServerBootstrap.java:249)
	at io.netty.channel.AbstractChannelHandlerContext.invokeChannelRead(AbstractChannelHandlerContext.java:444)
	at io.netty.channel.AbstractChannelHandlerContext.invokeChannelRead(AbstractChannelHandlerContext.java:420)
	at io.netty.channel.AbstractChannelHandlerContext.fireChannelRead(AbstractChannelHandlerContext.java:412)
	at io.netty.channel.DefaultChannelPipeline$HeadContext.channelRead(DefaultChannelPipeline.java:1357)
	at io.netty.channel.AbstractChannelHandlerContext.invokeChannelRead(AbstractChannelHandlerContext.java:440)
	at io.netty.channel.AbstractChannelHandlerContext.invokeChannelRead(AbstractChannelHandlerContext.java:420)
	at io.netty.channel.DefaultChannelPipeline.fireChannelRead(DefaultChannelPipeline.java:868)
	at io.netty.channel.nio.AbstractNioMessageChannel$NioMessageUnsafe.read(AbstractNioMessageChannel.java:97)
	at io.netty.channel.nio.NioEventLoop.processSelectedKey(NioEventLoop.java:796)
	at io.netty.channel.nio.NioEventLoop.processSelectedKeysOptimized(NioEventLoop.java:732)
	at io.netty.channel.nio.NioEventLoop.processSelectedKeys(NioEventLoop.java:658)
	at io.netty.channel.nio.NioEventLoop.run(NioEventLoop.java:562)
	at io.netty.util.concurrent.SingleThreadEventExecutor$4.run(SingleThreadEventExecutor.java:998)
	at io.netty.util.internal.ThreadExecutorMap$2.run(ThreadExecutorMap.java:74)
	at io.netty.util.concurrent.FastThreadLocalRunnable.run(FastThreadLocalRunnable.java:30)
	at java.base/java.lang.Thread.run(Thread.java:1583)

Aug 31, 2026 12:15:35 AM io.gapi.emulators.netty.HttpVersionRoutingHandler channelRead
INFO: Detected non-HTTP/2 connection.
Aug 31, 2026 12:15:35 AM io.gapi.emulators.netty.HttpVersionRoutingHandler channelRead
INFO: Detected non-HTTP/2 connection.
Aug 31, 2026 12:15:35 AM io.gapi.emulators.netty.HttpVersionRoutingHandler channelRead
INFO: Detected non-HTTP/2 connection.
Aug 31, 2026 12:15:35 AM io.gapi.emulators.netty.HttpVersionRoutingHandler channelRead
INFO: Detected non-HTTP/2 connection.
Aug 31, 2026 12:15:35 AM io.gapi.emulators.netty.HttpVersionRoutingHandler channelRead
INFO: Detected non-HTTP/2 connection.
Aug 31, 2026 12:15:35 AM io.gapi.emulators.netty.HttpVersionRoutingHandler channelRead
INFO: Detected non-HTTP/2 connection.
Aug 31, 2026 12:15:35 AM io.gapi.emulators.netty.HttpVersionRoutingHandler channelRead
INFO: Detected non-HTTP/2 connection.
Aug 31, 2026 12:15:35 AM io.gapi.emulators.netty.HttpVersionRoutingHandler channelRead
INFO: Detected non-HTTP/2 connection.
Aug 31, 2026 12:15:35 AM io.gapi.emulators.netty.HttpVersionRoutingHandler channelRead
INFO: Detected non-HTTP/2 connection.
Aug 31, 2026 12:15:35 AM io.gapi.emulators.netty.HttpVersionRoutingHandler channelRead
INFO: Detected non-HTTP/2 connection.
Aug 31, 2026 12:15:35 AM io.gapi.emulators.netty.HttpVersionRoutingHandler channelRead
INFO: Detected non-HTTP/2 connection.
Aug 31, 2026 12:15:35 AM io.gapi.emulators.netty.HttpVersionRoutingHandler channelRead
INFO: Detected non-HTTP/2 connection.
Aug 31, 2026 12:15:35 AM io.gapi.emulators.netty.HttpVersionRoutingHandler channelRead
INFO: Detected non-HTTP/2 connection.
Aug 31, 2026 12:15:35 AM io.gapi.emulators.netty.HttpVersionRoutingHandler channelRead
INFO: Detected non-HTTP/2 connection.
Aug 31, 2026 12:15:35 AM io.netty.channel.AbstractChannel$AbstractUnsafe register
WARNING: Force-closing a channel whose registration task was not accepted by an event loop: [id: 0xf1b34ac9, L:/127.0.0.1:39155 - R:/127.0.0.1:42914]
java.util.concurrent.RejectedExecutionException: event executor terminated
	at io.netty.util.concurrent.SingleThreadEventExecutor.reject(SingleThreadEventExecutor.java:934)
	at io.netty.util.concurrent.SingleThreadEventExecutor.offerTask(SingleThreadEventExecutor.java:353)
	at io.netty.util.concurrent.SingleThreadEventExecutor.addTask(SingleThreadEventExecutor.java:346)
	at io.netty.util.concurrent.SingleThreadEventExecutor.execute(SingleThreadEventExecutor.java:836)
	at io.netty.util.concurrent.SingleThreadEventExecutor.execute0(SingleThreadEventExecutor.java:827)
	at io.netty.util.concurrent.SingleThreadEventExecutor.execute(SingleThreadEventExecutor.java:817)
	at io.netty.channel.AbstractChannel$AbstractUnsafe.register(AbstractChannel.java:482)
	at io.netty.channel.SingleThreadEventLoop.register(SingleThreadEventLoop.java:89)
	at io.netty.channel.SingleThreadEventLoop.register(SingleThreadEventLoop.java:83)
	at io.netty.channel.MultithreadEventLoopGroup.register(MultithreadEventLoopGroup.java:86)
	at io.netty.bootstrap.ServerBootstrap$ServerBootstrapAcceptor.channelRead(ServerBootstrap.java:249)
	at io.netty.channel.AbstractChannelHandlerContext.invokeChannelRead(AbstractChannelHandlerContext.java:444)
	at io.netty.channel.AbstractChannelHandlerContext.invokeChannelRead(AbstractChannelHandlerContext.java:420)
	at io.netty.channel.AbstractChannelHandlerContext.fireChannelRead(AbstractChannelHandlerContext.java:412)
	at io.netty.channel.DefaultChannelPipeline$HeadContext.channelRead(DefaultChannelPipeline.java:1357)
	at io.netty.channel.AbstractChannelHandlerContext.invokeChannelRead(AbstractChannelHandlerContext.java:440)
	at io.netty.channel.AbstractChannelHandlerContext.invokeChannelRead(AbstractChannelHandlerContext.java:420)
	at io.netty.channel.DefaultChannelPipeline.fireChannelRead(DefaultChannelPipeline.java:868)
	at io.netty.channel.nio.AbstractNioMessageChannel$NioMessageUnsafe.read(AbstractNioMessageChannel.java:97)
	at io.netty.channel.nio.NioEventLoop.processSelectedKey(NioEventLoop.java:796)
	at io.netty.channel.nio.NioEventLoop.processSelectedKeysOptimized(NioEventLoop.java:732)
	at io.netty.channel.nio.NioEventLoop.processSelectedKeys(NioEventLoop.java:658)
	at io.netty.channel.nio.NioEventLoop.run(NioEventLoop.java:562)
	at io.netty.util.concurrent.SingleThreadEventExecutor$4.run(SingleThreadEventExecutor.java:998)
	at io.netty.util.internal.ThreadExecutorMap$2.run(ThreadExecutorMap.java:74)
	at io.netty.util.concurrent.FastThreadLocalRunnable.run(FastThreadLocalRunnable.java:30)
	at java.base/java.lang.Thread.run(Thread.java:1583)

Aug 31, 2026 12:15:35 AM io.gapi.emulators.netty.HttpVersionRoutingHandler channelRead
INFO: Detected non-HTTP/2 connection.
Aug 31, 2026 12:15:35 AM io.netty.util.concurrent.DefaultPromise safeExecute
SEVERE: Failed to submit a listener notification task. Event loop shut down?
java.util.concurrent.RejectedExecutionException: event executor terminated
	at io.netty.util.concurrent.SingleThreadEventExecutor.reject(SingleThreadEventExecutor.java:934)
	at io.netty.util.concurrent.SingleThreadEventExecutor.offerTask(SingleThreadEventExecutor.java:353)
	at io.netty.util.concurrent.SingleThreadEventExecutor.addTask(SingleThreadEventExecutor.java:346)
	at io.netty.util.concurrent.SingleThreadEventExecutor.execute(SingleThreadEventExecutor.java:836)
	at io.netty.util.concurrent.SingleThreadEventExecutor.execute0(SingleThreadEventExecutor.java:827)
	at io.netty.util.concurrent.SingleThreadEventExecutor.execute(SingleThreadEventExecutor.java:817)
	at io.netty.util.concurrent.DefaultPromise.safeExecute(DefaultPromise.java:879)
	at io.netty.util.concurrent.DefaultPromise.notifyListeners(DefaultPromise.java:514)
	at io.netty.util.concurrent.DefaultPromise.addListener(DefaultPromise.java:199)
	at io.netty.channel.DefaultChannelPromise.addListener(DefaultChannelPromise.java:95)
	at io.netty.channel.DefaultChannelPromise.addListener(DefaultChannelPromise.java:30)
	at io.netty.bootstrap.ServerBootstrap$ServerBootstrapAcceptor.channelRead(ServerBootstrap.java:249)
	at io.netty.channel.AbstractChannelHandlerContext.invokeChannelRead(AbstractChannelHandlerContext.java:444)
	at io.netty.channel.AbstractChannelHandlerContext.invokeChannelRead(AbstractChannelHandlerContext.java:420)
	at io.netty.channel.AbstractChannelHandlerContext.fireChannelRead(AbstractChannelHandlerContext.java:412)
	at io.netty.channel.DefaultChannelPipeline$HeadContext.channelRead(DefaultChannelPipeline.java:1357)
	at io.netty.channel.AbstractChannelHandlerContext.invokeChannelRead(AbstractChannelHandlerContext.java:440)
	at io.netty.channel.AbstractChannelHandlerContext.invokeChannelRead(AbstractChannelHandlerContext.java:420)
	at io.netty.channel.DefaultChannelPipeline.fireChannelRead(DefaultChannelPipeline.java:868)
	at io.netty.channel.nio.AbstractNioMessageChannel$NioMessageUnsafe.read(AbstractNioMessageChannel.java:97)
	at io.netty.channel.nio.NioEventLoop.processSelectedKey(NioEventLoop.java:796)
	at io.netty.channel.nio.NioEventLoop.processSelectedKeysOptimized(NioEventLoop.java:732)
	at io.netty.channel.nio.NioEventLoop.processSelectedKeys(NioEventLoop.java:658)
	at io.netty.channel.nio.NioEventLoop.run(NioEventLoop.java:562)
	at io.netty.util.concurrent.SingleThreadEventExecutor$4.run(SingleThreadEventExecutor.java:998)
	at io.netty.util.internal.ThreadExecutorMap$2.run(ThreadExecutorMap.java:74)
	at io.netty.util.concurrent.FastThreadLocalRunnable.run(FastThreadLocalRunnable.java:30)
	at java.base/java.lang.Thread.run(Thread.java:1583)

Aug 31, 2026 12:15:35 AM io.gapi.emulators.netty.HttpVersionRoutingHandler channelRead
INFO: Detected non-HTTP/2 connection.
Aug 31, 2026 12:15:35 AM io.gapi.emulators.netty.HttpVersionRoutingHandler channelRead
INFO: Detected non-HTTP/2 connection.
Aug 31, 2026 12:15:35 AM io.netty.channel.AbstractChannel$AbstractUnsafe register
WARNING: Force-closing a channel whose registration task was not accepted by an event loop: [id: 0x1a4f8163, L:/127.0.0.1:39155 - R:/127.0.0.1:42998]
java.util.concurrent.RejectedExecutionException: event executor terminated
	at io.netty.util.concurrent.SingleThreadEventExecutor.reject(SingleThreadEventExecutor.java:934)
	at io.netty.util.concurrent.SingleThreadEventExecutor.offerTask(SingleThreadEventExecutor.java:353)
	at io.netty.util.concurrent.SingleThreadEventExecutor.addTask(SingleThreadEventExecutor.java:346)
	at io.netty.util.concurrent.SingleThreadEventExecutor.execute(SingleThreadEventExecutor.java:836)
	at io.netty.util.concurrent.SingleThreadEventExecutor.execute0(SingleThreadEventExecutor.java:827)
	at io.netty.util.concurrent.SingleThreadEventExecutor.execute(SingleThreadEventExecutor.java:817)
	at io.netty.channel.AbstractChannel$AbstractUnsafe.register(AbstractChannel.java:482)
	at io.netty.channel.SingleThreadEventLoop.register(SingleThreadEventLoop.java:89)
	at io.netty.channel.SingleThreadEventLoop.register(SingleThreadEventLoop.java:83)
	at io.netty.channel.MultithreadEventLoopGroup.register(MultithreadEventLoopGroup.java:86)
	at io.netty.bootstrap.ServerBootstrap$ServerBootstrapAcceptor.channelRead(ServerBootstrap.java:249)
	at io.netty.channel.AbstractChannelHandlerContext.invokeChannelRead(AbstractChannelHandlerContext.java:444)
	at io.netty.channel.AbstractChannelHandlerContext.invokeChannelRead(AbstractChannelHandlerContext.java:420)
	at io.netty.channel.AbstractChannelHandlerContext.fireChannelRead(AbstractChannelHandlerContext.java:412)
	at io.netty.channel.DefaultChannelPipeline$HeadContext.channelRead(DefaultChannelPipeline.java:1357)
	at io.netty.channel.AbstractChannelHandlerContext.invokeChannelRead(AbstractChannelHandlerContext.java:440)
	at io.netty.channel.AbstractChannelHandlerContext.invokeChannelRead(AbstractChannelHandlerContext.java:420)
	at io.netty.channel.DefaultChannelPipeline.fireChannelRead(DefaultChannelPipeline.java:868)
	at io.netty.channel.nio.AbstractNioMessageChannel$NioMessageUnsafe.read(AbstractNioMessageChannel.java:97)
	at io.netty.channel.nio.NioEventLoop.processSelectedKey(NioEventLoop.java:796)
	at io.netty.channel.nio.NioEventLoop.processSelectedKeysOptimized(NioEventLoop.java:732)
	at io.netty.channel.nio.NioEventLoop.processSelectedKeys(NioEventLoop.java:658)
	at io.netty.channel.nio.NioEventLoop.run(NioEventLoop.java:562)
	at io.netty.util.concurrent.SingleThreadEventExecutor$4.run(SingleThreadEventExecutor.java:998)
	at io.netty.util.internal.ThreadExecutorMap$2.run(ThreadExecutorMap.java:74)
	at io.netty.util.concurrent.FastThreadLocalRunnable.run(FastThreadLocalRunnable.java:30)
	at java.base/java.lang.Thread.run(Thread.java:1583)

Aug 31, 2026 12:15:35 AM io.gapi.emulators.netty.HttpVersionRoutingHandler channelRead
INFO: Detected non-HTTP/2 connection.
Aug 31, 2026 12:15:35 AM io.gapi.emulators.netty.HttpVersionRoutingHandler channelRead
INFO: Detected non-HTTP/2 connection.
Aug 31, 2026 12:15:35 AM io.netty.util.concurrent.DefaultPromise safeExecute
SEVERE: Failed to submit a listener notification task. Event loop shut down?
java.util.concurrent.RejectedExecutionException: event executor terminated
	at io.netty.util.concurrent.SingleThreadEventExecutor.reject(SingleThreadEventExecutor.java:934)
	at io.netty.util.concurrent.SingleThreadEventExecutor.offerTask(SingleThreadEventExecutor.java:353)
	at io.netty.util.concurrent.SingleThreadEventExecutor.addTask(SingleThreadEventExecutor.java:346)
	at io.netty.util.concurrent.SingleThreadEventExecutor.execute(SingleThreadEventExecutor.java:836)
	at io.netty.util.concurrent.SingleThreadEventExecutor.execute0(SingleThreadEventExecutor.java:827)
	at io.netty.util.concurrent.SingleThreadEventExecutor.execute(SingleThreadEventExecutor.java:817)
	at io.netty.util.concurrent.DefaultPromise.safeExecute(DefaultPromise.java:879)
	at io.netty.util.concurrent.DefaultPromise.notifyListeners(DefaultPromise.java:514)
	at io.netty.util.concurrent.DefaultPromise.addListener(DefaultPromise.java:199)
	at io.netty.channel.DefaultChannelPromise.addListener(DefaultChannelPromise.java:95)
	at io.netty.channel.DefaultChannelPromise.addListener(DefaultChannelPromise.java:30)
	at io.netty.bootstrap.ServerBootstrap$ServerBootstrapAcceptor.channelRead(ServerBootstrap.java:249)
	at io.netty.channel.AbstractChannelHandlerContext.invokeChannelRead(AbstractChannelHandlerContext.java:444)
	at io.netty.channel.AbstractChannelHandlerContext.invokeChannelRead(AbstractChannelHandlerContext.java:420)
	at io.netty.channel.AbstractChannelHandlerContext.fireChannelRead(AbstractChannelHandlerContext.java:412)
	at io.netty.channel.DefaultChannelPipeline$HeadContext.channelRead(DefaultChannelPipeline.java:1357)
	at io.netty.channel.AbstractChannelHandlerContext.invokeChannelRead(AbstractChannelHandlerContext.java:440)
	at io.netty.channel.AbstractChannelHandlerContext.invokeChannelRead(AbstractChannelHandlerContext.java:420)
	at io.netty.channel.DefaultChannelPipeline.fireChannelRead(DefaultChannelPipeline.java:868)
	at io.netty.channel.nio.AbstractNioMessageChannel$NioMessageUnsafe.read(AbstractNioMessageChannel.java:97)
	at io.netty.channel.nio.NioEventLoop.processSelectedKey(NioEventLoop.java:796)
	at io.netty.channel.nio.NioEventLoop.processSelectedKeysOptimized(NioEventLoop.java:732)
	at io.netty.channel.nio.NioEventLoop.processSelectedKeys(NioEventLoop.java:658)
	at io.netty.channel.nio.NioEventLoop.run(NioEventLoop.java:562)
	at io.netty.util.concurrent.SingleThreadEventExecutor$4.run(SingleThreadEventExecutor.java:998)
	at io.netty.util.internal.ThreadExecutorMap$2.run(ThreadExecutorMap.java:74)
	at io.netty.util.concurrent.FastThreadLocalRunnable.run(FastThreadLocalRunnable.java:30)
	at java.base/java.lang.Thread.run(Thread.java:1583)

Aug 31, 2026 12:15:36 AM io.gapi.emulators.netty.HttpVersionRoutingHandler channelRead
INFO: Detected non-HTTP/2 connection.
Aug 31, 2026 12:15:36 AM io.gapi.emulators.netty.HttpVersionRoutingHandler channelRead
INFO: Detected non-HTTP/2 connection.
Aug 31, 2026 12:15:36 AM io.gapi.emulators.netty.HttpVersionRoutingHandler channelRead
INFO: Detected non-HTTP/2 connection.
Aug 31, 2026 12:15:39 AM com.google.cloud.datastore.emulator.impl.util.WrappedStreamObserver onError
WARNING: Operation failed: Java heap space: failed reallocation of scalar replaced objects
java.lang.OutOfMemoryError: Java heap space: failed reallocation of scalar replaced objects

Aug 31, 2026 12:15:39 AM io.netty.bootstrap.ServerBootstrap$ServerBootstrapAcceptor forceClose
WARNING: Failed to register an accepted channel: [id: 0xea45f1d6, L:/127.0.0.1:39155 ! R:/127.0.0.1:43058]
java.lang.OutOfMemoryError: Java heap space

Aug 31, 2026 12:15:39 AM io.netty.channel.AbstractChannelHandlerContext invokeExceptionCaught
WARNING: An exception 'java.lang.OutOfMemoryError: Java heap space' [enable DEBUG level for full stacktrace] was thrown by a user handler's exceptionCaught() method while handling the following exception:
java.lang.OutOfMemoryError: Java heap space

Aug 31, 2026 12:15:39 AM io.gapi.emulators.netty.HttpVersionRoutingHandler channelRead
INFO: Detected non-HTTP/2 connection.
Aug 31, 2026 12:15:39 AM io.gapi.emulators.netty.HttpVersionRoutingHandler channelRead
INFO: Detected non-HTTP/2 connection.
Aug 31, 2026 12:15:39 AM io.grpc.netty.NettyServerTransport notifyTerminated
INFO: Transport failed
java.lang.OutOfMemoryError: Java heap space

Aug 31, 2026 12:15:39 AM io.gapi.emulators.netty.HttpHandler$1 onError
INFO: Exception when handling request: UNAVAILABLE: Network closed for unknown reason
Aug 31, 2026 12:15:39 AM io.gapi.emulators.netty.HttpHandler$1 onError
INFO: Exception when handling request: UNAVAILABLE: Network closed for unknown reason
Aug 31, 2026 12:15:39 AM io.gapi.emulators.netty.HttpHandler$1 onError
INFO: Exception when handling request: UNAVAILABLE: Network closed for unknown reason
Aug 31, 2026 12:15:39 AM io.gapi.emulators.netty.HttpHandler$1 onError
INFO: Exception when handling request: UNAVAILABLE: Network closed for unknown reason
Aug 31, 2026 12:15:39 AM io.gapi.emulators.netty.HttpHandler$1 onError
INFO: Exception when handling request: UNAVAILABLE: Network closed for unknown reason
Aug 31, 2026 12:15:39 AM io.gapi.emulators.netty.HttpHandler$1 onError
INFO: Exception when handling request: UNAVAILABLE: Network closed for unknown reason
Aug 31, 2026 12:15:39 AM io.gapi.emulators.netty.HttpHandler$1 onError
INFO: Exception when handling request: UNAVAILABLE: Network closed for unknown reason
Aug 31, 2026 12:15:39 AM io.gapi.emulators.netty.HttpHandler$1 onError
INFO: Exception when handling request: UNAVAILABLE: Network closed for unknown reason
Aug 31, 2026 12:15:39 AM io.gapi.emulators.netty.HttpHandler$1 onError
INFO: Exception when handling request: UNAVAILABLE: Network closed for unknown reason
Aug 31, 2026 12:15:39 AM io.gapi.emulators.netty.HttpHandler$1 onError
INFO: Exception when handling request: UNAVAILABLE: Network closed for unknown reason
Aug 31, 2026 12:15:39 AM io.gapi.emulators.netty.HttpVersionRoutingHandler channelRead
INFO: Detected HTTP/2 connection.
Aug 31, 2026 12:15:39 AM io.gapi.emulators.netty.HttpHandler$1 onError
INFO: Exception when handling request: UNAVAILABLE: Network closed for unknown reason
Aug 31, 2026 12:15:39 AM io.gapi.emulators.netty.HttpHandler$1 onError
INFO: Exception when handling request: UNAVAILABLE: Network closed for unknown reason
Aug 31, 2026 12:15:39 AM io.gapi.emulators.netty.HttpHandler$1 onError
INFO: Exception when handling request: UNAVAILABLE: Network closed for unknown reason
Aug 31, 2026 12:15:39 AM io.gapi.emulators.netty.HttpHandler$1 onError
INFO: Exception when handling request: UNAVAILABLE: Network closed for unknown reason
Aug 31, 2026 12:15:39 AM io.gapi.emulators.netty.HttpHandler$1 onError
INFO: Exception when handling request: UNAVAILABLE: Network closed for unknown reason
Aug 31, 2026 12:15:39 AM io.gapi.emulators.netty.HttpHandler$1 onError
INFO: Exception when handling request: UNAVAILABLE: Network closed for unknown reason
Aug 31, 2026 12:15:39 AM io.gapi.emulators.netty.HttpHandler$1 onError
INFO: Exception when handling request: UNAVAILABLE: Network closed for unknown reason
Aug 31, 2026 12:15:39 AM io.gapi.emulators.netty.HttpHandler$1 onError
INFO: Exception when handling request: UNAVAILABLE: Network closed for unknown reason
Aug 31, 2026 12:15:39 AM io.gapi.emulators.netty.HttpHandler$1 onError
INFO: Exception when handling request: UNAVAILABLE: Network closed for unknown reason
Aug 31, 2026 12:15:39 AM io.gapi.emulators.netty.HttpHandler$1 onError
INFO: Exception when handling request: UNAVAILABLE: Network closed for unknown reason
Aug 31, 2026 12:15:39 AM io.gapi.emulators.netty.HttpHandler$1 onError
INFO: Exception when handling request: UNAVAILABLE: Network closed for unknown reason
Aug 31, 2026 12:15:39 AM io.gapi.emulators.netty.HttpHandler$1 onError
INFO: Exception when handling request: UNAVAILABLE: Network closed for unknown reason
Aug 31, 2026 12:15:39 AM io.gapi.emulators.netty.HttpHandler$1 onError
INFO: Exception when handling request: UNAVAILABLE: Network closed for unknown reason
Aug 31, 2026 12:15:39 AM io.gapi.emulators.netty.HttpHandler$1 onError
INFO: Exception when handling request: UNAVAILABLE: Network closed for unknown reason
Aug 31, 2026 12:15:39 AM io.gapi.emulators.netty.HttpHandler$1 onError
INFO: Exception when handling request: UNAVAILABLE: Network closed for unknown reason
Aug 31, 2026 12:15:39 AM io.gapi.emulators.netty.HttpHandler$1 onError
INFO: Exception when handling request: UNAVAILABLE: Network closed for unknown reason
Aug 31, 2026 12:15:39 AM io.gapi.emulators.netty.HttpHandler$1 onError
INFO: Exception when handling request: UNAVAILABLE: Network closed for unknown reason
Aug 31, 2026 12:15:39 AM io.gapi.emulators.netty.HttpHandler$1 onError
INFO: Exception when handling request: UNAVAILABLE: Network closed for unknown reason
Aug 31, 2026 12:15:39 AM io.gapi.emulators.netty.HttpHandler$1 onError
INFO: Exception when handling request: UNAVAILABLE: Network closed for unknown reason
Aug 31, 2026 12:15:39 AM io.gapi.emulators.netty.HttpHandler$1 onError
INFO: Exception when handling request: UNAVAILABLE: Network closed for unknown reason
Aug 31, 2026 12:15:39 AM io.gapi.emulators.netty.HttpHandler$1 onError
INFO: Exception when handling request: UNAVAILABLE: Network closed for unknown reason
Aug 31, 2026 12:15:39 AM io.gapi.emulators.netty.HttpHandler$1 onError
INFO: Exception when handling request: UNAVAILABLE: Network closed for unknown reason
Aug 31, 2026 12:15:39 AM io.gapi.emulators.netty.HttpHandler$1 onError
INFO: Exception when handling request: UNAVAILABLE: Network closed for unknown reason
Aug 31, 2026 12:15:39 AM io.gapi.emulators.netty.HttpHandler$1 onError
INFO: Exception when handling request: UNAVAILABLE: Network closed for unknown reason
Aug 31, 2026 12:15:39 AM io.gapi.emulators.netty.HttpHandler$1 onError
INFO: Exception when handling request: UNAVAILABLE: Network closed for unknown reason
Aug 31, 2026 12:15:39 AM io.gapi.emulators.netty.HttpHandler$1 onError
INFO: Exception when handling request: UNAVAILABLE: Network closed for unknown reason
Aug 31, 2026 12:15:39 AM io.gapi.emulators.netty.HttpHandler$1 onError
INFO: Exception when handling request: UNAVAILABLE: Network closed for unknown reason
Aug 31, 2026 12:15:39 AM io.gapi.emulators.netty.HttpHandler$1 onError
INFO: Exception when handling request: UNAVAILABLE: Network closed for unknown reason
Aug 31, 2026 12:15:39 AM io.gapi.emulators.netty.HttpHandler$1 onError
INFO: Exception when handling request: UNAVAILABLE: Network closed for unknown reason
Aug 31, 2026 12:15:39 AM io.gapi.emulators.netty.HttpHandler$1 onError
INFO: Exception when handling request: UNAVAILABLE: Network closed for unknown reason
Aug 31, 2026 12:15:39 AM io.gapi.emulators.netty.HttpHandler$1 onError
INFO: Exception when handling request: UNAVAILABLE: Network closed for unknown reason
Aug 31, 2026 12:15:39 AM io.gapi.emulators.netty.HttpHandler$1 onError
INFO: Exception when handling request: UNAVAILABLE: Network closed for unknown reason
Aug 31, 2026 12:15:39 AM io.gapi.emulators.netty.HttpHandler$1 onError
INFO: Exception when handling request: UNAVAILABLE: Network closed for unknown reason
Aug 31, 2026 12:15:39 AM io.gapi.emulators.netty.HttpHandler$1 onError
INFO: Exception when handling request: UNAVAILABLE: Network closed for unknown reason
Aug 31, 2026 12:15:39 AM io.gapi.emulators.netty.HttpHandler$1 onError
INFO: Exception when handling request: UNAVAILABLE: Network closed for unknown reason
Aug 31, 2026 12:15:39 AM io.gapi.emulators.netty.HttpHandler$1 onError
INFO: Exception when handling request: UNAVAILABLE: Network closed for unknown reason
Aug 31, 2026 12:15:39 AM io.gapi.emulators.netty.HttpHandler$1 onError
INFO: Exception when handling request: UNAVAILABLE: Network closed for unknown reason
Aug 31, 2026 12:15:39 AM io.gapi.emulators.netty.HttpHandler$1 onError
INFO: Exception when handling request: UNAVAILABLE: Network closed for unknown reason
Aug 31, 2026 12:15:39 AM io.gapi.emulators.netty.HttpHandler$1 onError
INFO: Exception when handling request: UNAVAILABLE: Network closed for unknown reason
Aug 31, 2026 12:15:39 AM io.gapi.emulators.netty.HttpHandler$1 onError
INFO: Exception when handling request: UNAVAILABLE: Network closed for unknown reason
Aug 31, 2026 12:15:39 AM io.gapi.emulators.netty.HttpHandler$1 onError
INFO: Exception when handling request: UNAVAILABLE: Network closed for unknown reason
Aug 31, 2026 12:15:39 AM io.gapi.emulators.netty.HttpHandler$1 onError
INFO: Exception when handling request: UNAVAILABLE: Network closed for unknown reason
Aug 31, 2026 12:15:39 AM io.gapi.emulators.netty.HttpHandler$1 onError
INFO: Exception when handling request: UNAVAILABLE: Network closed for unknown reason
Aug 31, 2026 12:15:39 AM io.gapi.emulators.netty.HttpHandler$1 onError
INFO: Exception when handling request: UNAVAILABLE: Network closed for unknown reason
Aug 31, 2026 12:15:39 AM io.gapi.emulators.netty.HttpHandler$1 onError
INFO: Exception when handling request: UNAVAILABLE: Network closed for unknown reason
Aug 31, 2026 12:15:39 AM io.gapi.emulators.netty.HttpHandler$1 onError
INFO: Exception when handling request: UNAVAILABLE: Network closed for unknown reason
Aug 31, 2026 12:15:39 AM io.gapi.emulators.netty.HttpHandler$1 onError
INFO: Exception when handling request: UNAVAILABLE: Network closed for unknown reason
Aug 31, 2026 12:15:39 AM io.gapi.emulators.netty.HttpHandler$1 onError
INFO: Exception when handling request: UNAVAILABLE: Network closed for unknown reason
Aug 31, 2026 12:15:39 AM io.gapi.emulators.netty.HttpHandler$1 onError
INFO: Exception when handling request: UNAVAILABLE: Network closed for unknown reason
Aug 31, 2026 12:15:39 AM io.gapi.emulators.netty.HttpHandler$1 onError
INFO: Exception when handling request: UNAVAILABLE: Network closed for unknown reason
Aug 31, 2026 12:15:39 AM io.gapi.emulators.netty.HttpHandler$1 onError
INFO: Exception when handling request: UNAVAILABLE: Network closed for unknown reason
Aug 31, 2026 12:15:39 AM io.gapi.emulators.netty.HttpHandler$1 onError
INFO: Exception when handling request: UNAVAILABLE: Network closed for unknown reason
Aug 31, 2026 12:15:39 AM io.gapi.emulators.netty.HttpHandler$1 onError
INFO: Exception when handling request: UNAVAILABLE: Network closed for unknown reason
Aug 31, 2026 12:15:39 AM io.gapi.emulators.netty.HttpHandler$1 onError
INFO: Exception when handling request: UNAVAILABLE: Network closed for unknown reason
Aug 31, 2026 12:15:39 AM io.gapi.emulators.netty.HttpHandler$1 onError
INFO: Exception when handling request: UNAVAILABLE: Network closed for unknown reason
Aug 31, 2026 12:15:39 AM io.gapi.emulators.netty.HttpHandler$1 onError
INFO: Exception when handling request: UNAVAILABLE: Network closed for unknown reason
Aug 31, 2026 12:15:39 AM io.gapi.emulators.netty.HttpHandler$1 onError
INFO: Exception when handling request: UNAVAILABLE: Network closed for unknown reason
Aug 31, 2026 12:15:39 AM io.netty.channel.AbstractChannelHandlerContext invokeExceptionCaught
WARNING: Failed to submit an exceptionCaught() event.
java.util.concurrent.RejectedExecutionException: event executor terminated
	at io.netty.util.concurrent.SingleThreadEventExecutor.reject(SingleThreadEventExecutor.java:934)
	at io.netty.util.concurrent.SingleThreadEventExecutor.offerTask(SingleThreadEventExecutor.java:353)
	at io.netty.util.concurrent.SingleThreadEventExecutor.addTask(SingleThreadEventExecutor.java:346)
	at io.netty.util.concurrent.SingleThreadEventExecutor.execute(SingleThreadEventExecutor.java:836)
	at io.netty.util.concurrent.SingleThreadEventExecutor.execute0(SingleThreadEventExecutor.java:827)
	at io.netty.util.concurrent.SingleThreadEventExecutor.execute(SingleThreadEventExecutor.java:817)
	at io.netty.channel.AbstractChannelHandlerContext.invokeExceptionCaught(AbstractChannelHandlerContext.java:328)
	at io.netty.channel.DefaultChannelPipeline.fireExceptionCaught(DefaultChannelPipeline.java:856)
	at io.netty.channel.VoidChannelPromise.fireException0(VoidChannelPromise.java:236)
	at io.netty.channel.VoidChannelPromise.setFailure(VoidChannelPromise.java:167)
	at io.netty.channel.VoidChannelPromise.setFailure(VoidChannelPromise.java:26)
	at io.netty.channel.AbstractChannelHandlerContext.safeExecute(AbstractChannelHandlerContext.java:1190)
	at io.netty.channel.AbstractChannelHandlerContext.flush(AbstractChannelHandlerContext.java:913)
	at io.netty.channel.ChannelOutboundHandlerAdapter.flush(ChannelOutboundHandlerAdapter.java:125)
	at io.netty.channel.AbstractChannelHandlerContext.invokeFlush0(AbstractChannelHandlerContext.java:939)
	at io.netty.channel.AbstractChannelHandlerContext.invokeWriteAndFlush(AbstractChannelHandlerContext.java:957)
	at io.netty.channel.AbstractChannelHandlerContext$WriteTask.run(AbstractChannelHandlerContext.java:1263)
	at io.netty.util.concurrent.AbstractEventExecutor.runTask(AbstractEventExecutor.java:173)
	at io.netty.util.concurrent.AbstractEventExecutor.safeExecute(AbstractEventExecutor.java:166)
	at io.netty.util.concurrent.SingleThreadEventExecutor.runAllTasks(SingleThreadEventExecutor.java:472)
	at io.netty.channel.nio.NioEventLoop.run(NioEventLoop.java:569)
	at io.netty.util.concurrent.SingleThreadEventExecutor$4.run(SingleThreadEventExecutor.java:998)
	at io.netty.util.internal.ThreadExecutorMap$2.run(ThreadExecutorMap.java:74)
	at java.base/java.lang.Thread.run(Thread.java:1583)

Aug 31, 2026 12:15:39 AM io.gapi.emulators.netty.HttpHandler$1 onError
INFO: Exception when handling request: UNAVAILABLE: Network closed for unknown reason
Aug 31, 2026 12:15:39 AM io.gapi.emulators.netty.HttpHandler$1 onError
INFO: Exception when handling request: UNAVAILABLE: Network closed for unknown reason
Aug 31, 2026 12:15:39 AM io.gapi.emulators.netty.HttpHandler$1 onError
INFO: Exception when handling request: UNAVAILABLE: Network closed for unknown reason
Aug 31, 2026 12:15:39 AM io.gapi.emulators.netty.HttpHandler$1 onError
INFO: Exception when handling request: UNAVAILABLE: Network closed for unknown reason
Aug 31, 2026 12:15:39 AM io.gapi.emulators.netty.HttpHandler$1 onError
INFO: Exception when handling request: UNAVAILABLE: Network closed for unknown reason
Aug 31, 2026 12:15:39 AM io.gapi.emulators.netty.HttpHandler$1 onError
INFO: Exception when handling request: UNAVAILABLE: Network closed for unknown reason
Aug 31, 2026 12:15:39 AM io.gapi.emulators.netty.HttpHandler$1 onError
INFO: Exception when handling request: UNAVAILABLE: Network closed for unknown reason
Aug 31, 2026 12:15:39 AM io.gapi.emulators.netty.HttpHandler$1 onError
INFO: Exception when handling request: UNAVAILABLE: Network closed for unknown reason
Aug 31, 2026 12:15:39 AM io.gapi.emulators.netty.HttpHandler$1 onError
INFO: Exception when handling request: UNAVAILABLE: Network closed for unknown reason
Aug 31, 2026 12:15:39 AM io.gapi.emulators.netty.HttpHandler$1 onError
INFO: Exception when handling request: UNAVAILABLE: Network closed for unknown reason
Aug 31, 2026 12:15:39 AM io.gapi.emulators.netty.HttpHandler$1 onError
INFO: Exception when handling request: UNAVAILABLE: Network closed for unknown reason
Aug 31, 2026 12:15:39 AM io.gapi.emulators.netty.HttpHandler$1 onError
INFO: Exception when handling request: UNAVAILABLE: Network closed for unknown reason
Aug 31, 2026 12:15:39 AM io.gapi.emulators.netty.HttpHandler$1 onError
INFO: Exception when handling request: UNAVAILABLE: Network closed for unknown reason
Aug 31, 2026 12:15:39 AM io.gapi.emulators.netty.HttpHandler$1 onError
INFO: Exception when handling request: UNAVAILABLE: Network closed for unknown reason
Aug 31, 2026 12:15:39 AM io.gapi.emulators.netty.HttpHandler$1 onError
INFO: Exception when handling request: UNAVAILABLE: Network closed for unknown reason
Aug 31, 2026 12:15:39 AM io.gapi.emulators.netty.HttpHandler$1 onError
INFO: Exception when handling request: UNAVAILABLE: Network closed for unknown reason
Aug 31, 2026 12:15:39 AM io.gapi.emulators.netty.HttpHandler$1 onError
INFO: Exception when handling request: UNAVAILABLE: Network closed for unknown reason
Aug 31, 2026 12:15:39 AM io.gapi.emulators.netty.HttpHandler$1 onError
INFO: Exception when handling request: UNAVAILABLE: Network closed for unknown reason
Aug 31, 2026 12:15:39 AM io.gapi.emulators.netty.HttpHandler$1 onError
INFO: Exception when handling request: UNAVAILABLE: Network closed for unknown reason
Aug 31, 2026 12:15:39 AM io.gapi.emulators.netty.HttpHandler$1 onError
INFO: Exception when handling request: UNAVAILABLE: Network closed for unknown reason
Aug 31, 2026 12:15:39 AM io.gapi.emulators.netty.HttpHandler$1 onError
INFO: Exception when handling request: UNAVAILABLE: Network closed for unknown reason
Aug 31, 2026 12:15:39 AM io.gapi.emulators.netty.HttpHandler$1 onError
INFO: Exception when handling request: UNAVAILABLE: Network closed for unknown reason
Aug 31, 2026 12:15:39 AM io.gapi.emulators.netty.HttpHandler$1 onError
INFO: Exception when handling request: UNAVAILABLE: Network closed for unknown reason
Aug 31, 2026 12:15:39 AM io.gapi.emulators.netty.HttpHandler$1 onError
INFO: Exception when handling request: UNAVAILABLE: Network closed for unknown reason
Aug 31, 2026 12:15:39 AM io.gapi.emulators.netty.HttpHandler$1 onError
INFO: Exception when handling request: UNAVAILABLE: Network closed for unknown reason
Aug 31, 2026 12:15:39 AM io.gapi.emulators.netty.HttpHandler$1 onError
INFO: Exception when handling request: UNAVAILABLE: Network closed for unknown reason
Aug 31, 2026 12:15:39 AM io.gapi.emulators.netty.HttpHandler$1 onError
INFO: Exception when handling request: UNAVAILABLE: Network closed for unknown reason
Aug 31, 2026 12:15:39 AM io.gapi.emulators.netty.HttpHandler$1 onError
INFO: Exception when handling request: UNAVAILABLE: Network closed for unknown reason
Aug 31, 2026 12:15:39 AM io.gapi.emulators.netty.HttpHandler$1 onError
INFO: Exception when handling request: UNAVAILABLE: Network closed for unknown reason
Aug 31, 2026 12:15:39 AM io.netty.channel.AbstractChannelHandlerContext invokeExceptionCaught
WARNING: The exceptionCaught() event that was failed to submit was:
java.util.concurrent.RejectedExecutionException: event executor terminated
	at io.netty.util.concurrent.SingleThreadEventExecutor.reject(SingleThreadEventExecutor.java:934)
	at io.netty.util.concurrent.SingleThreadEventExecutor.offerTask(SingleThreadEventExecutor.java:353)
	at io.netty.util.concurrent.SingleThreadEventExecutor.addTask(SingleThreadEventExecutor.java:346)
	at io.netty.util.concurrent.SingleThreadEventExecutor.execute(SingleThreadEventExecutor.java:836)
	at io.netty.util.concurrent.SingleThreadEventExecutor.execute0(SingleThreadEventExecutor.java:827)
	at io.netty.util.concurrent.SingleThreadEventExecutor.execute(SingleThreadEventExecutor.java:817)
	at io.netty.channel.AbstractChannelHandlerContext.safeExecute(AbstractChannelHandlerContext.java:1181)
	at io.netty.channel.AbstractChannelHandlerContext.flush(AbstractChannelHandlerContext.java:913)
	at io.netty.channel.ChannelOutboundHandlerAdapter.flush(ChannelOutboundHandlerAdapter.java:125)
	at io.netty.channel.AbstractChannelHandlerContext.invokeFlush0(AbstractChannelHandlerContext.java:939)
	at io.netty.channel.AbstractChannelHandlerContext.invokeWriteAndFlush(AbstractChannelHandlerContext.java:957)
	at io.netty.channel.AbstractChannelHandlerContext$WriteTask.run(AbstractChannelHandlerContext.java:1263)
	at io.netty.util.concurrent.AbstractEventExecutor.runTask(AbstractEventExecutor.java:173)
	at io.netty.util.concurrent.AbstractEventExecutor.safeExecute(AbstractEventExecutor.java:166)
	at io.netty.util.concurrent.SingleThreadEventExecutor.runAllTasks(SingleThreadEventExecutor.java:472)
	at io.netty.channel.nio.NioEventLoop.run(NioEventLoop.java:569)
	at io.netty.util.concurrent.SingleThreadEventExecutor$4.run(SingleThreadEventExecutor.java:998)
	at io.netty.util.internal.ThreadExecutorMap$2.run(ThreadExecutorMap.java:74)
	at java.base/java.lang.Thread.run(Thread.java:1583)

Aug 31, 2026 12:15:39 AM io.gapi.emulators.netty.HttpHandler$1 onError
INFO: Exception when handling request: UNAVAILABLE: Network closed for unknown reason
Aug 31, 2026 12:15:39 AM io.gapi.emulators.netty.HttpHandler$1 onError
INFO: Exception when handling request: UNAVAILABLE: Network closed for unknown reason
Aug 31, 2026 12:15:39 AM io.gapi.emulators.netty.HttpHandler$1 onError
INFO: Exception when handling request: UNAVAILABLE: Network closed for unknown reason
Aug 31, 2026 12:15:39 AM io.gapi.emulators.netty.HttpHandler$1 onError
INFO: Exception when handling request: UNAVAILABLE: Network closed for unknown reason
Aug 31, 2026 12:15:39 AM io.gapi.emulators.netty.HttpHandler$1 onError
INFO: Exception when handling request: UNAVAILABLE: Network closed for unknown reason
Aug 31, 2026 12:15:39 AM io.gapi.emulators.netty.HttpHandler$1 onError
INFO: Exception when handling request: UNAVAILABLE: Network closed for unknown reason
Aug 31, 2026 12:15:39 AM io.gapi.emulators.netty.HttpHandler$1 onError
INFO: Exception when handling request: UNAVAILABLE: Network closed for unknown reason
Aug 31, 2026 12:15:39 AM io.gapi.emulators.netty.HttpHandler$1 onError
INFO: Exception when handling request: UNAVAILABLE: Network closed for unknown reason
Aug 31, 2026 12:15:39 AM io.gapi.emulators.netty.HttpHandler$1 onError
INFO: Exception when handling request: UNAVAILABLE: Network closed for unknown reason
Aug 31, 2026 12:15:39 AM io.gapi.emulators.netty.HttpHandler$1 onError
INFO: Exception when handling request: UNAVAILABLE: Network closed for unknown reason
Aug 31, 2026 12:15:39 AM io.gapi.emulators.netty.HttpHandler$1 onError
INFO: Exception when handling request: UNAVAILABLE: Network closed for unknown reason
Aug 31, 2026 12:15:39 AM io.gapi.emulators.netty.HttpHandler$1 onError
INFO: Exception when handling request: UNAVAILABLE: Network closed for unknown reason
Aug 31, 2026 12:15:39 AM io.gapi.emulators.netty.HttpHandler$1 onError
INFO: Exception when handling request: UNAVAILABLE: Network closed for unknown reason
Aug 31, 2026 12:15:39 AM io.gapi.emulators.netty.HttpHandler$1 onError
INFO: Exception when handling request: UNAVAILABLE: Network closed for unknown reason
Aug 31, 2026 12:15:39 AM io.gapi.emulators.netty.HttpHandler$1 onError
INFO: Exception when handling request: UNAVAILABLE: Network closed for unknown reason
Aug 31, 2026 12:15:39 AM io.gapi.emulators.netty.HttpHandler$1 onError
INFO: Exception when handling request: UNAVAILABLE: Network closed for unknown reason
Aug 31, 2026 12:15:39 AM io.gapi.emulators.netty.HttpHandler$1 onError
INFO: Exception when handling request: UNAVAILABLE: Network closed for unknown reason
Aug 31, 2026 12:15:39 AM io.gapi.emulators.netty.HttpHandler$1 onError
INFO: Exception when handling request: UNAVAILABLE: Network closed for unknown reason
Aug 31, 2026 12:15:39 AM io.gapi.emulators.netty.HttpHandler$1 onError
INFO: Exception when handling request: UNAVAILABLE: Network closed for unknown reason
Aug 31, 2026 12:15:39 AM io.gapi.emulators.netty.HttpHandler$1 onError
INFO: Exception when handling request: UNAVAILABLE: Network closed for unknown reason
Aug 31, 2026 12:15:39 AM io.netty.channel.AbstractChannelHandlerContext invokeExceptionCaught
WARNING: Failed to submit an exceptionCaught() event.
java.util.concurrent.RejectedExecutionException: event executor terminated
	at io.netty.util.concurrent.SingleThreadEventExecutor.reject(SingleThreadEventExecutor.java:934)
	at io.netty.util.concurrent.SingleThreadEventExecutor.offerTask(SingleThreadEventExecutor.java:353)
	at io.netty.util.concurrent.SingleThreadEventExecutor.addTask(SingleThreadEventExecutor.java:346)
	at io.netty.util.concurrent.SingleThreadEventExecutor.execute(SingleThreadEventExecutor.java:836)
	at io.netty.util.concurrent.SingleThreadEventExecutor.execute0(SingleThreadEventExecutor.java:827)
	at io.netty.util.concurrent.SingleThreadEventExecutor.execute(SingleThreadEventExecutor.java:817)
	at io.netty.channel.AbstractChannelHandlerContext.invokeExceptionCaught(AbstractChannelHandlerContext.java:328)
	at io.netty.channel.DefaultChannelPipeline.fireExceptionCaught(DefaultChannelPipeline.java:856)
	at io.netty.channel.VoidChannelPromise.fireException0(VoidChannelPromise.java:236)
	at io.netty.channel.VoidChannelPromise.setFailure(VoidChannelPromise.java:167)
	at io.netty.channel.VoidChannelPromise.setFailure(VoidChannelPromise.java:26)
	at io.netty.channel.AbstractChannelHandlerContext.safeExecute(AbstractChannelHandlerContext.java:1190)
	at io.netty.channel.AbstractChannelHandlerContext.flush(AbstractChannelHandlerContext.java:913)
	at io.netty.channel.ChannelOutboundHandlerAdapter.flush(ChannelOutboundHandlerAdapter.java:125)
	at io.netty.channel.AbstractChannelHandlerContext.invokeFlush0(AbstractChannelHandlerContext.java:939)
	at io.netty.channel.AbstractChannelHandlerContext.invokeWriteAndFlush(AbstractChannelHandlerContext.java:957)
	at io.netty.channel.AbstractChannelHandlerContext$WriteTask.run(AbstractChannelHandlerContext.java:1263)
	at io.netty.util.concurrent.AbstractEventExecutor.runTask(AbstractEventExecutor.java:173)
	at io.netty.util.concurrent.AbstractEventExecutor.safeExecute(AbstractEventExecutor.java:166)
	at io.netty.util.concurrent.SingleThreadEventExecutor.runAllTasks(SingleThreadEventExecutor.java:472)
	at io.netty.channel.nio.NioEventLoop.run(NioEventLoop.java:569)
	at io.netty.util.concurrent.SingleThreadEventExecutor$4.run(SingleThreadEventExecutor.java:998)
	at io.netty.util.internal.ThreadExecutorMap$2.run(ThreadExecutorMap.java:74)
	at java.base/java.lang.Thread.run(Thread.java:1583)

Aug 31, 2026 12:15:39 AM io.netty.channel.AbstractChannelHandlerContext invokeExceptionCaught
WARNING: The exceptionCaught() event that was failed to submit was:
java.util.concurrent.RejectedExecutionException: event executor terminated
	at io.netty.util.concurrent.SingleThreadEventExecutor.reject(SingleThreadEventExecutor.java:934)
	at io.netty.util.concurrent.SingleThreadEventExecutor.offerTask(SingleThreadEventExecutor.java:353)
	at io.netty.util.concurrent.SingleThreadEventExecutor.addTask(SingleThreadEventExecutor.java:346)
	at io.netty.util.concurrent.SingleThreadEventExecutor.execute(SingleThreadEventExecutor.java:836)
	at io.netty.util.concurrent.SingleThreadEventExecutor.execute0(SingleThreadEventExecutor.java:827)
	at io.netty.util.concurrent.SingleThreadEventExecutor.execute(SingleThreadEventExecutor.java:817)
	at io.netty.channel.AbstractChannelHandlerContext.safeExecute(AbstractChannelHandlerContext.java:1181)
	at io.netty.channel.AbstractChannelHandlerContext.flush(AbstractChannelHandlerContext.java:913)
	at io.netty.channel.ChannelOutboundHandlerAdapter.flush(ChannelOutboundHandlerAdapter.java:125)
	at io.netty.channel.AbstractChannelHandlerContext.invokeFlush0(AbstractChannelHandlerContext.java:939)
	at io.netty.channel.AbstractChannelHandlerContext.invokeWriteAndFlush(AbstractChannelHandlerContext.java:957)
	at io.netty.channel.AbstractChannelHandlerContext$WriteTask.run(AbstractChannelHandlerContext.java:1263)
	at io.netty.util.concurrent.AbstractEventExecutor.runTask(AbstractEventExecutor.java:173)
	at io.netty.util.concurrent.AbstractEventExecutor.safeExecute(AbstractEventExecutor.java:166)
	at io.netty.util.concurrent.SingleThreadEventExecutor.runAllTasks(SingleThreadEventExecutor.java:472)
	at io.netty.channel.nio.NioEventLoop.run(NioEventLoop.java:569)
	at io.netty.util.concurrent.SingleThreadEventExecutor$4.run(SingleThreadEventExecutor.java:998)
	at io.netty.util.internal.ThreadExecutorMap$2.run(ThreadExecutorMap.java:74)
	at java.base/java.lang.Thread.run(Thread.java:1583)

Aug 31, 2026 12:15:39 AM io.netty.channel.AbstractChannel$AbstractUnsafe register
WARNING: Force-closing a channel whose registration task was not accepted by an event loop: [id: 0x06707c15, L:/127.0.0.1:39155 - R:/127.0.0.1:46314]
java.util.concurrent.RejectedExecutionException: event executor terminated
	at io.netty.util.concurrent.SingleThreadEventExecutor.reject(SingleThreadEventExecutor.java:934)
	at io.netty.util.concurrent.SingleThreadEventExecutor.offerTask(SingleThreadEventExecutor.java:353)
	at io.netty.util.concurrent.SingleThreadEventExecutor.addTask(SingleThreadEventExecutor.java:346)
	at io.netty.util.concurrent.SingleThreadEventExecutor.execute(SingleThreadEventExecutor.java:836)
	at io.netty.util.concurrent.SingleThreadEventExecutor.execute0(SingleThreadEventExecutor.java:827)
	at io.netty.util.concurrent.SingleThreadEventExecutor.execute(SingleThreadEventExecutor.java:817)
	at io.netty.channel.AbstractChannel$AbstractUnsafe.register(AbstractChannel.java:482)
	at io.netty.channel.SingleThreadEventLoop.register(SingleThreadEventLoop.java:89)
	at io.netty.channel.SingleThreadEventLoop.register(SingleThreadEventLoop.java:83)
	at io.netty.channel.MultithreadEventLoopGroup.register(MultithreadEventLoopGroup.java:86)
	at io.netty.bootstrap.ServerBootstrap$ServerBootstrapAcceptor.channelRead(ServerBootstrap.java:249)
	at io.netty.channel.AbstractChannelHandlerContext.invokeChannelRead(AbstractChannelHandlerContext.java:444)
	at io.netty.channel.AbstractChannelHandlerContext.invokeChannelRead(AbstractChannelHandlerContext.java:420)
	at io.netty.channel.AbstractChannelHandlerContext.fireChannelRead(AbstractChannelHandlerContext.java:412)
	at io.netty.channel.DefaultChannelPipeline$HeadContext.channelRead(DefaultChannelPipeline.java:1357)
	at io.netty.channel.AbstractChannelHandlerContext.invokeChannelRead(AbstractChannelHandlerContext.java:440)
	at io.netty.channel.AbstractChannelHandlerContext.invokeChannelRead(AbstractChannelHandlerContext.java:420)
	at io.netty.channel.DefaultChannelPipeline.fireChannelRead(DefaultChannelPipeline.java:868)
	at io.netty.channel.nio.AbstractNioMessageChannel$NioMessageUnsafe.read(AbstractNioMessageChannel.java:97)
	at io.netty.channel.nio.NioEventLoop.processSelectedKey(NioEventLoop.java:796)
	at io.netty.channel.nio.NioEventLoop.processSelectedKeysOptimized(NioEventLoop.java:732)
	at io.netty.channel.nio.NioEventLoop.processSelectedKeys(NioEventLoop.java:658)
	at io.netty.channel.nio.NioEventLoop.run(NioEventLoop.java:562)
	at io.netty.util.concurrent.SingleThreadEventExecutor$4.run(SingleThreadEventExecutor.java:998)
	at io.netty.util.internal.ThreadExecutorMap$2.run(ThreadExecutorMap.java:74)
	at io.netty.util.concurrent.FastThreadLocalRunnable.run(FastThreadLocalRunnable.java:30)
	at java.base/java.lang.Thread.run(Thread.java:1583)

Aug 31, 2026 12:15:39 AM io.netty.util.concurrent.DefaultPromise safeExecute
SEVERE: Failed to submit a listener notification task. Event loop shut down?
java.util.concurrent.RejectedExecutionException: event executor terminated
	at io.netty.util.concurrent.SingleThreadEventExecutor.reject(SingleThreadEventExecutor.java:934)
	at io.netty.util.concurrent.SingleThreadEventExecutor.offerTask(SingleThreadEventExecutor.java:353)
	at io.netty.util.concurrent.SingleThreadEventExecutor.addTask(SingleThreadEventExecutor.java:346)
	at io.netty.util.concurrent.SingleThreadEventExecutor.execute(SingleThreadEventExecutor.java:836)
	at io.netty.util.concurrent.SingleThreadEventExecutor.execute0(SingleThreadEventExecutor.java:827)
	at io.netty.util.concurrent.SingleThreadEventExecutor.execute(SingleThreadEventExecutor.java:817)
	at io.netty.util.concurrent.DefaultPromise.safeExecute(DefaultPromise.java:879)
	at io.netty.util.concurrent.DefaultPromise.notifyListeners(DefaultPromise.java:514)
	at io.netty.util.concurrent.DefaultPromise.addListener(DefaultPromise.java:199)
	at io.netty.channel.DefaultChannelPromise.addListener(DefaultChannelPromise.java:95)
	at io.netty.channel.DefaultChannelPromise.addListener(DefaultChannelPromise.java:30)
	at io.netty.bootstrap.ServerBootstrap$ServerBootstrapAcceptor.channelRead(ServerBootstrap.java:249)
	at io.netty.channel.AbstractChannelHandlerContext.invokeChannelRead(AbstractChannelHandlerContext.java:444)
	at io.netty.channel.AbstractChannelHandlerContext.invokeChannelRead(AbstractChannelHandlerContext.java:420)
	at io.netty.channel.AbstractChannelHandlerContext.fireChannelRead(AbstractChannelHandlerContext.java:412)
	at io.netty.channel.DefaultChannelPipeline$HeadContext.channelRead(DefaultChannelPipeline.java:1357)
	at io.netty.channel.AbstractChannelHandlerContext.invokeChannelRead(AbstractChannelHandlerContext.java:440)
	at io.netty.channel.AbstractChannelHandlerContext.invokeChannelRead(AbstractChannelHandlerContext.java:420)
	at io.netty.channel.DefaultChannelPipeline.fireChannelRead(DefaultChannelPipeline.java:868)
	at io.netty.channel.nio.AbstractNioMessageChannel$NioMessageUnsafe.read(AbstractNioMessageChannel.java:97)
	at io.netty.channel.nio.NioEventLoop.processSelectedKey(NioEventLoop.java:796)
	at io.netty.channel.nio.NioEventLoop.processSelectedKeysOptimized(NioEventLoop.java:732)
	at io.netty.channel.nio.NioEventLoop.processSelectedKeys(NioEventLoop.java:658)
	at io.netty.channel.nio.NioEventLoop.run(NioEventLoop.java:562)
	at io.netty.util.concurrent.SingleThreadEventExecutor$4.run(SingleThreadEventExecutor.java:998)
	at io.netty.util.internal.ThreadExecutorMap$2.run(ThreadExecutorMap.java:74)
	at io.netty.util.concurrent.FastThreadLocalRunnable.run(FastThreadLocalRunnable.java:30)
	at java.base/java.lang.Thread.run(Thread.java:1583)

Aug 31, 2026 12:15:39 AM io.netty.channel.AbstractChannel$AbstractUnsafe register
WARNING: Force-closing a channel whose registration task was not accepted by an event loop: [id: 0x2700de07, L:/127.0.0.1:39155 - R:/127.0.0.1:46380]
java.util.concurrent.RejectedExecutionException: event executor terminated
	at io.netty.util.concurrent.SingleThreadEventExecutor.reject(SingleThreadEventExecutor.java:934)
	at io.netty.util.concurrent.SingleThreadEventExecutor.offerTask(SingleThreadEventExecutor.java:353)
	at io.netty.util.concurrent.SingleThreadEventExecutor.addTask(SingleThreadEventExecutor.java:346)
	at io.netty.util.concurrent.SingleThreadEventExecutor.execute(SingleThreadEventExecutor.java:836)
	at io.netty.util.concurrent.SingleThreadEventExecutor.execute0(SingleThreadEventExecutor.java:827)
	at io.netty.util.concurrent.SingleThreadEventExecutor.execute(SingleThreadEventExecutor.java:817)
	at io.netty.channel.AbstractChannel$AbstractUnsafe.register(AbstractChannel.java:482)
	at io.netty.channel.SingleThreadEventLoop.register(SingleThreadEventLoop.java:89)
	at io.netty.channel.SingleThreadEventLoop.register(SingleThreadEventLoop.java:83)
	at io.netty.channel.MultithreadEventLoopGroup.register(MultithreadEventLoopGroup.java:86)
	at io.netty.bootstrap.ServerBootstrap$ServerBootstrapAcceptor.channelRead(ServerBootstrap.java:249)
	at io.netty.channel.AbstractChannelHandlerContext.invokeChannelRead(AbstractChannelHandlerContext.java:444)
	at io.netty.channel.AbstractChannelHandlerContext.invokeChannelRead(AbstractChannelHandlerContext.java:420)
	at io.netty.channel.AbstractChannelHandlerContext.fireChannelRead(AbstractChannelHandlerContext.java:412)
	at io.netty.channel.DefaultChannelPipeline$HeadContext.channelRead(DefaultChannelPipeline.java:1357)
	at io.netty.channel.AbstractChannelHandlerContext.invokeChannelRead(AbstractChannelHandlerContext.java:440)
	at io.netty.channel.AbstractChannelHandlerContext.invokeChannelRead(AbstractChannelHandlerContext.java:420)
	at io.netty.channel.DefaultChannelPipeline.fireChannelRead(DefaultChannelPipeline.java:868)
	at io.netty.channel.nio.AbstractNioMessageChannel$NioMessageUnsafe.read(AbstractNioMessageChannel.java:97)
	at io.netty.channel.nio.NioEventLoop.processSelectedKey(NioEventLoop.java:796)
	at io.netty.channel.nio.NioEventLoop.processSelectedKeysOptimized(NioEventLoop.java:732)
	at io.netty.channel.nio.NioEventLoop.processSelectedKeys(NioEventLoop.java:658)
	at io.netty.channel.nio.NioEventLoop.run(NioEventLoop.java:562)
	at io.netty.util.concurrent.SingleThreadEventExecutor$4.run(SingleThreadEventExecutor.java:998)
	at io.netty.util.internal.ThreadExecutorMap$2.run(ThreadExecutorMap.java:74)
	at io.netty.util.concurrent.FastThreadLocalRunnable.run(FastThreadLocalRunnable.java:30)
	at java.base/java.lang.Thread.run(Thread.java:1583)

Aug 31, 2026 12:15:39 AM io.gapi.emulators.netty.HttpVersionRoutingHandler channelRead
INFO: Detected non-HTTP/2 connection.
Aug 31, 2026 12:15:39 AM io.gapi.emulators.netty.HttpVersionRoutingHandler channelRead
INFO: Detected non-HTTP/2 connection.
Aug 31, 2026 12:15:39 AM io.netty.util.concurrent.DefaultPromise safeExecute
SEVERE: Failed to submit a listener notification task. Event loop shut down?
java.util.concurrent.RejectedExecutionException: event executor terminated
	at io.netty.util.concurrent.SingleThreadEventExecutor.reject(SingleThreadEventExecutor.java:934)
	at io.netty.util.concurrent.SingleThreadEventExecutor.offerTask(SingleThreadEventExecutor.java:353)
	at io.netty.util.concurrent.SingleThreadEventExecutor.addTask(SingleThreadEventExecutor.java:346)
	at io.netty.util.concurrent.SingleThreadEventExecutor.execute(SingleThreadEventExecutor.java:836)
	at io.netty.util.concurrent.SingleThreadEventExecutor.execute0(SingleThreadEventExecutor.java:827)
	at io.netty.util.concurrent.SingleThreadEventExecutor.execute(SingleThreadEventExecutor.java:817)
	at io.netty.util.concurrent.DefaultPromise.safeExecute(DefaultPromise.java:879)
	at io.netty.util.concurrent.DefaultPromise.notifyListeners(DefaultPromise.java:514)
	at io.netty.util.concurrent.DefaultPromise.addListener(DefaultPromise.java:199)
	at io.netty.channel.DefaultChannelPromise.addListener(DefaultChannelPromise.java:95)
	at io.netty.channel.DefaultChannelPromise.addListener(DefaultChannelPromise.java:30)
	at io.netty.bootstrap.ServerBootstrap$ServerBootstrapAcceptor.channelRead(ServerBootstrap.java:249)
	at io.netty.channel.AbstractChannelHandlerContext.invokeChannelRead(AbstractChannelHandlerContext.java:444)
	at io.netty.channel.AbstractChannelHandlerContext.invokeChannelRead(AbstractChannelHandlerContext.java:420)
	at io.netty.channel.AbstractChannelHandlerContext.fireChannelRead(AbstractChannelHandlerContext.java:412)
	at io.netty.channel.DefaultChannelPipeline$HeadContext.channelRead(DefaultChannelPipeline.java:1357)
	at io.netty.channel.AbstractChannelHandlerContext.invokeChannelRead(AbstractChannelHandlerContext.java:440)
	at io.netty.channel.AbstractChannelHandlerContext.invokeChannelRead(AbstractChannelHandlerContext.java:420)
	at io.netty.channel.DefaultChannelPipeline.fireChannelRead(DefaultChannelPipeline.java:868)
	at io.netty.channel.nio.AbstractNioMessageChannel$NioMessageUnsafe.read(AbstractNioMessageChannel.java:97)
	at io.netty.channel.nio.NioEventLoop.processSelectedKey(NioEventLoop.java:796)
	at io.netty.channel.nio.NioEventLoop.processSelectedKeysOptimized(NioEventLoop.java:732)
	at io.netty.channel.nio.NioEventLoop.processSelectedKeys(NioEventLoop.java:658)
	at io.netty.channel.nio.NioEventLoop.run(NioEventLoop.java:562)
	at io.netty.util.concurrent.SingleThreadEventExecutor$4.run(SingleThreadEventExecutor.java:998)
	at io.netty.util.internal.ThreadExecutorMap$2.run(ThreadExecutorMap.java:74)
	at io.netty.util.concurrent.FastThreadLocalRunnable.run(FastThreadLocalRunnable.java:30)
	at java.base/java.lang.Thread.run(Thread.java:1583)

Aug 31, 2026 12:15:39 AM io.gapi.emulators.netty.HttpVersionRoutingHandler channelRead
INFO: Detected non-HTTP/2 connection.
Aug 31, 2026 12:15:39 AM io.gapi.emulators.netty.HttpVersionRoutingHandler channelRead
INFO: Detected non-HTTP/2 connection.
Aug 31, 2026 12:15:39 AM io.gapi.emulators.netty.HttpVersionRoutingHandler channelRead
INFO: Detected non-HTTP/2 connection.
Aug 31, 2026 12:15:39 AM io.gapi.emulators.netty.HttpVersionRoutingHandler channelRead
INFO: Detected non-HTTP/2 connection.
Aug 31, 2026 12:15:39 AM io.gapi.emulators.netty.HttpVersionRoutingHandler channelRead
INFO: Detected non-HTTP/2 connection.
Aug 31, 2026 12:15:39 AM io.gapi.emulators.netty.HttpVersionRoutingHandler channelRead
INFO: Detected non-HTTP/2 connection.
Aug 31, 2026 12:15:45 AM com.google.cloud.datastore.emulator.impl.util.WrappedStreamObserver onError
WARNING: Operation failed: Java heap space: failed reallocation of scalar replaced objects
java.lang.OutOfMemoryError: Java heap space: failed reallocation of scalar replaced objects

Aug 31, 2026 12:15:49 AM com.google.cloud.datastore.emulator.impl.util.WrappedStreamObserver onError
WARNING: Operation failed: Java heap space
java.lang.OutOfMemoryError: Java heap space

Aug 31, 2026 12:15:55 AM com.google.cloud.datastore.emulator.impl.util.WrappedStreamObserver onError
WARNING: Operation failed: Java heap space: failed reallocation of scalar replaced objects
java.lang.OutOfMemoryError: Java heap space: failed reallocation of scalar replaced objects

Aug 31, 2026 12:15:59 AM com.google.cloud.datastore.emulator.impl.util.WrappedStreamObserver onError
WARNING: Operation failed: Java heap space
java.lang.OutOfMemoryError: Java heap space

Aug 31, 2026 12:16:04 AM com.google.cloud.datastore.emulator.impl.util.WrappedStreamObserver onError
WARNING: Operation failed: Java heap space
java.lang.OutOfMemoryError: Java heap space

Aug 31, 2026 12:16:05 AM io.gapi.emulators.netty.HttpVersionRoutingHandler channelRead
INFO: Detected non-HTTP/2 connection.
Aug 31, 2026 12:16:05 AM io.gapi.emulators.netty.HttpVersionRoutingHandler channelRead
INFO: Detected non-HTTP/2 connection.
Aug 31, 2026 12:16:05 AM io.gapi.emulators.netty.HttpVersionRoutingHandler channelRead
INFO: Detected non-HTTP/2 connection.
Aug 31, 2026 12:16:05 AM io.gapi.emulators.netty.HttpVersionRoutingHandler channelRead
INFO: Detected non-HTTP/2 connection.
Aug 31, 2026 12:16:05 AM io.gapi.emulators.netty.HttpVersionRoutingHandler channelRead
INFO: Detected non-HTTP/2 connection.
Aug 31, 2026 12:16:05 AM io.gapi.emulators.netty.HttpVersionRoutingHandler channelRead
INFO: Detected non-HTTP/2 connection.
Aug 31, 2026 12:16:05 AM io.gapi.emulators.netty.HttpVersionRoutingHandler channelRead
INFO: Detected non-HTTP/2 connection.
Aug 31, 2026 12:16:05 AM io.gapi.emulators.netty.HttpVersionRoutingHandler channelRead
INFO: Detected non-HTTP/2 connection.
Aug 31, 2026 12:16:05 AM io.gapi.emulators.netty.HttpVersionRoutingHandler channelRead
INFO: Detected non-HTTP/2 connection.
Aug 31, 2026 12:16:05 AM io.gapi.emulators.netty.HttpVersionRoutingHandler channelRead
INFO: Detected non-HTTP/2 connection.
Aug 31, 2026 12:16:05 AM io.netty.channel.AbstractChannel$AbstractUnsafe register
WARNING: Force-closing a channel whose registration task was not accepted by an event loop: [id: 0xf0fcbd5b, L:/127.0.0.1:39155 - R:/127.0.0.1:49540]
java.util.concurrent.RejectedExecutionException: event executor terminated
	at io.netty.util.concurrent.SingleThreadEventExecutor.reject(SingleThreadEventExecutor.java:934)
	at io.netty.util.concurrent.SingleThreadEventExecutor.offerTask(SingleThreadEventExecutor.java:353)
	at io.netty.util.concurrent.SingleThreadEventExecutor.addTask(SingleThreadEventExecutor.java:346)
	at io.netty.util.concurrent.SingleThreadEventExecutor.execute(SingleThreadEventExecutor.java:836)
	at io.netty.util.concurrent.SingleThreadEventExecutor.execute0(SingleThreadEventExecutor.java:827)
	at io.netty.util.concurrent.SingleThreadEventExecutor.execute(SingleThreadEventExecutor.java:817)
	at io.netty.channel.AbstractChannel$AbstractUnsafe.register(AbstractChannel.java:482)
	at io.netty.channel.SingleThreadEventLoop.register(SingleThreadEventLoop.java:89)
	at io.netty.channel.SingleThreadEventLoop.register(SingleThreadEventLoop.java:83)
	at io.netty.channel.MultithreadEventLoopGroup.register(MultithreadEventLoopGroup.java:86)
	at io.netty.bootstrap.ServerBootstrap$ServerBootstrapAcceptor.channelRead(ServerBootstrap.java:249)
	at io.netty.channel.AbstractChannelHandlerContext.invokeChannelRead(AbstractChannelHandlerContext.java:444)
	at io.netty.channel.AbstractChannelHandlerContext.invokeChannelRead(AbstractChannelHandlerContext.java:420)
	at io.netty.channel.AbstractChannelHandlerContext.fireChannelRead(AbstractChannelHandlerContext.java:412)
	at io.netty.channel.DefaultChannelPipeline$HeadContext.channelRead(DefaultChannelPipeline.java:1357)
	at io.netty.channel.AbstractChannelHandlerContext.invokeChannelRead(AbstractChannelHandlerContext.java:440)
	at io.netty.channel.AbstractChannelHandlerContext.invokeChannelRead(AbstractChannelHandlerContext.java:420)
	at io.netty.channel.DefaultChannelPipeline.fireChannelRead(DefaultChannelPipeline.java:868)
	at io.netty.channel.nio.AbstractNioMessageChannel$NioMessageUnsafe.read(AbstractNioMessageChannel.java:97)
	at io.netty.channel.nio.NioEventLoop.processSelectedKey(NioEventLoop.java:796)
	at io.netty.channel.nio.NioEventLoop.processSelectedKeysOptimized(NioEventLoop.java:732)
	at io.netty.channel.nio.NioEventLoop.processSelectedKeys(NioEventLoop.java:658)
	at io.netty.channel.nio.NioEventLoop.run(NioEventLoop.java:562)
	at io.netty.util.concurrent.SingleThreadEventExecutor$4.run(SingleThreadEventExecutor.java:998)
	at io.netty.util.internal.ThreadExecutorMap$2.run(ThreadExecutorMap.java:74)
	at io.netty.util.concurrent.FastThreadLocalRunnable.run(FastThreadLocalRunnable.java:30)
	at java.base/java.lang.Thread.run(Thread.java:1583)

Aug 31, 2026 12:16:05 AM io.netty.util.concurrent.DefaultPromise safeExecute
SEVERE: Failed to submit a listener notification task. Event loop shut down?
java.util.concurrent.RejectedExecutionException: event executor terminated
	at io.netty.util.concurrent.SingleThreadEventExecutor.reject(SingleThreadEventExecutor.java:934)
	at io.netty.util.concurrent.SingleThreadEventExecutor.offerTask(SingleThreadEventExecutor.java:353)
	at io.netty.util.concurrent.SingleThreadEventExecutor.addTask(SingleThreadEventExecutor.java:346)
	at io.netty.util.concurrent.SingleThreadEventExecutor.execute(SingleThreadEventExecutor.java:836)
	at io.netty.util.concurrent.SingleThreadEventExecutor.execute0(SingleThreadEventExecutor.java:827)
	at io.netty.util.concurrent.SingleThreadEventExecutor.execute(SingleThreadEventExecutor.java:817)
	at io.netty.util.concurrent.DefaultPromise.safeExecute(DefaultPromise.java:879)
	at io.netty.util.concurrent.DefaultPromise.notifyListeners(DefaultPromise.java:514)
	at io.netty.util.concurrent.DefaultPromise.addListener(DefaultPromise.java:199)
	at io.netty.channel.DefaultChannelPromise.addListener(DefaultChannelPromise.java:95)
	at io.netty.channel.DefaultChannelPromise.addListener(DefaultChannelPromise.java:30)
	at io.netty.bootstrap.ServerBootstrap$ServerBootstrapAcceptor.channelRead(ServerBootstrap.java:249)
	at io.netty.channel.AbstractChannelHandlerContext.invokeChannelRead(AbstractChannelHandlerContext.java:444)
	at io.netty.channel.AbstractChannelHandlerContext.invokeChannelRead(AbstractChannelHandlerContext.java:420)
	at io.netty.channel.AbstractChannelHandlerContext.fireChannelRead(AbstractChannelHandlerContext.java:412)
	at io.netty.channel.DefaultChannelPipeline$HeadContext.channelRead(DefaultChannelPipeline.java:1357)
	at io.netty.channel.AbstractChannelHandlerContext.invokeChannelRead(AbstractChannelHandlerContext.java:440)
	at io.netty.channel.AbstractChannelHandlerContext.invokeChannelRead(AbstractChannelHandlerContext.java:420)
	at io.netty.channel.DefaultChannelPipeline.fireChannelRead(DefaultChannelPipeline.java:868)
	at io.netty.channel.nio.AbstractNioMessageChannel$NioMessageUnsafe.read(AbstractNioMessageChannel.java:97)
	at io.netty.channel.nio.NioEventLoop.processSelectedKey(NioEventLoop.java:796)
	at io.netty.channel.nio.NioEventLoop.processSelectedKeysOptimized(NioEventLoop.java:732)
	at io.netty.channel.nio.NioEventLoop.processSelectedKeys(NioEventLoop.java:658)
	at io.netty.channel.nio.NioEventLoop.run(NioEventLoop.java:562)
	at io.netty.util.concurrent.SingleThreadEventExecutor$4.run(SingleThreadEventExecutor.java:998)
	at io.netty.util.internal.ThreadExecutorMap$2.run(ThreadExecutorMap.java:74)
	at io.netty.util.concurrent.FastThreadLocalRunnable.run(FastThreadLocalRunnable.java:30)
	at java.base/java.lang.Thread.run(Thread.java:1583)

Aug 31, 2026 12:16:05 AM io.gapi.emulators.netty.HttpVersionRoutingHandler channelRead
INFO: Detected non-HTTP/2 connection.
Aug 31, 2026 12:16:05 AM io.gapi.emulators.netty.HttpVersionRoutingHandler channelRead
INFO: Detected non-HTTP/2 connection.
Aug 31, 2026 12:16:05 AM io.gapi.emulators.netty.HttpVersionRoutingHandler channelRead
INFO: Detected non-HTTP/2 connection.
Aug 31, 2026 12:16:05 AM io.gapi.emulators.netty.HttpVersionRoutingHandler channelRead
INFO: Detected non-HTTP/2 connection.
Aug 31, 2026 12:16:05 AM io.gapi.emulators.netty.HttpVersionRoutingHandler channelRead
INFO: Detected non-HTTP/2 connection.
Aug 31, 2026 12:16:05 AM io.gapi.emulators.netty.HttpVersionRoutingHandler channelRead
INFO: Detected non-HTTP/2 connection.
Aug 31, 2026 12:16:05 AM io.gapi.emulators.netty.HttpVersionRoutingHandler channelRead
INFO: Detected non-HTTP/2 connection.
Aug 31, 2026 12:16:05 AM io.netty.channel.AbstractChannel$AbstractUnsafe register
WARNING: Force-closing a channel whose registration task was not accepted by an event loop: [id: 0xe1d2e961, L:/127.0.0.1:39155 - R:/127.0.0.1:49634]
java.util.concurrent.RejectedExecutionException: event executor terminated
	at io.netty.util.concurrent.SingleThreadEventExecutor.reject(SingleThreadEventExecutor.java:934)
	at io.netty.util.concurrent.SingleThreadEventExecutor.offerTask(SingleThreadEventExecutor.java:353)
	at io.netty.util.concurrent.SingleThreadEventExecutor.addTask(SingleThreadEventExecutor.java:346)
	at io.netty.util.concurrent.SingleThreadEventExecutor.execute(SingleThreadEventExecutor.java:836)
	at io.netty.util.concurrent.SingleThreadEventExecutor.execute0(SingleThreadEventExecutor.java:827)
	at io.netty.util.concurrent.SingleThreadEventExecutor.execute(SingleThreadEventExecutor.java:817)
	at io.netty.channel.AbstractChannel$AbstractUnsafe.register(AbstractChannel.java:482)
	at io.netty.channel.SingleThreadEventLoop.register(SingleThreadEventLoop.java:89)
	at io.netty.channel.SingleThreadEventLoop.register(SingleThreadEventLoop.java:83)
	at io.netty.channel.MultithreadEventLoopGroup.register(MultithreadEventLoopGroup.java:86)
	at io.netty.bootstrap.ServerBootstrap$ServerBootstrapAcceptor.channelRead(ServerBootstrap.java:249)
	at io.netty.channel.AbstractChannelHandlerContext.invokeChannelRead(AbstractChannelHandlerContext.java:444)
	at io.netty.channel.AbstractChannelHandlerContext.invokeChannelRead(AbstractChannelHandlerContext.java:420)
	at io.netty.channel.AbstractChannelHandlerContext.fireChannelRead(AbstractChannelHandlerContext.java:412)
	at io.netty.channel.DefaultChannelPipeline$HeadContext.channelRead(DefaultChannelPipeline.java:1357)
	at io.netty.channel.AbstractChannelHandlerContext.invokeChannelRead(AbstractChannelHandlerContext.java:440)
	at io.netty.channel.AbstractChannelHandlerContext.invokeChannelRead(AbstractChannelHandlerContext.java:420)
	at io.netty.channel.DefaultChannelPipeline.fireChannelRead(DefaultChannelPipeline.java:868)
	at io.netty.channel.nio.AbstractNioMessageChannel$NioMessageUnsafe.read(AbstractNioMessageChannel.java:97)
	at io.netty.channel.nio.NioEventLoop.processSelectedKey(NioEventLoop.java:796)
	at io.netty.channel.nio.NioEventLoop.processSelectedKeysOptimized(NioEventLoop.java:732)
	at io.netty.channel.nio.NioEventLoop.processSelectedKeys(NioEventLoop.java:658)
	at io.netty.channel.nio.NioEventLoop.run(NioEventLoop.java:562)
	at io.netty.util.concurrent.SingleThreadEventExecutor$4.run(SingleThreadEventExecutor.java:998)
	at io.netty.util.internal.ThreadExecutorMap$2.run(ThreadExecutorMap.java:74)
	at io.netty.util.concurrent.FastThreadLocalRunnable.run(FastThreadLocalRunnable.java:30)
	at java.base/java.lang.Thread.run(Thread.java:1583)

Aug 31, 2026 12:16:05 AM io.netty.util.concurrent.DefaultPromise safeExecute
SEVERE: Failed to submit a listener notification task. Event loop shut down?
java.util.concurrent.RejectedExecutionException: event executor terminated
	at io.netty.util.concurrent.SingleThreadEventExecutor.reject(SingleThreadEventExecutor.java:934)
	at io.netty.util.concurrent.SingleThreadEventExecutor.offerTask(SingleThreadEventExecutor.java:353)
	at io.netty.util.concurrent.SingleThreadEventExecutor.addTask(SingleThreadEventExecutor.java:346)
	at io.netty.util.concurrent.SingleThreadEventExecutor.execute(SingleThreadEventExecutor.java:836)
	at io.netty.util.concurrent.SingleThreadEventExecutor.execute0(SingleThreadEventExecutor.java:827)
	at io.netty.util.concurrent.SingleThreadEventExecutor.execute(SingleThreadEventExecutor.java:817)
	at io.netty.util.concurrent.DefaultPromise.safeExecute(DefaultPromise.java:879)
	at io.netty.util.concurrent.DefaultPromise.notifyListeners(DefaultPromise.java:514)
	at io.netty.util.concurrent.DefaultPromise.addListener(DefaultPromise.java:199)
	at io.netty.channel.DefaultChannelPromise.addListener(DefaultChannelPromise.java:95)
	at io.netty.channel.DefaultChannelPromise.addListener(DefaultChannelPromise.java:30)
	at io.netty.bootstrap.ServerBootstrap$ServerBootstrapAcceptor.channelRead(ServerBootstrap.java:249)
	at io.netty.channel.AbstractChannelHandlerContext.invokeChannelRead(AbstractChannelHandlerContext.java:444)
	at io.netty.channel.AbstractChannelHandlerContext.invokeChannelRead(AbstractChannelHandlerContext.java:420)
	at io.netty.channel.AbstractChannelHandlerContext.fireChannelRead(AbstractChannelHandlerContext.java:412)
	at io.netty.channel.DefaultChannelPipeline$HeadContext.channelRead(DefaultChannelPipeline.java:1357)
	at io.netty.channel.AbstractChannelHandlerContext.invokeChannelRead(AbstractChannelHandlerContext.java:440)
	at io.netty.channel.AbstractChannelHandlerContext.invokeChannelRead(AbstractChannelHandlerContext.java:420)
	at io.netty.channel.DefaultChannelPipeline.fireChannelRead(DefaultChannelPipeline.java:868)
	at io.netty.channel.nio.AbstractNioMessageChannel$NioMessageUnsafe.read(AbstractNioMessageChannel.java:97)
	at io.netty.channel.nio.NioEventLoop.processSelectedKey(NioEventLoop.java:796)
	at io.netty.channel.nio.NioEventLoop.processSelectedKeysOptimized(NioEventLoop.java:732)
	at io.netty.channel.nio.NioEventLoop.processSelectedKeys(NioEventLoop.java:658)
	at io.netty.channel.nio.NioEventLoop.run(NioEventLoop.java:562)
	at io.netty.util.concurrent.SingleThreadEventExecutor$4.run(SingleThreadEventExecutor.java:998)
	at io.netty.util.internal.ThreadExecutorMap$2.run(ThreadExecutorMap.java:74)
	at io.netty.util.concurrent.FastThreadLocalRunnable.run(FastThreadLocalRunnable.java:30)
	at java.base/java.lang.Thread.run(Thread.java:1583)

Aug 31, 2026 12:16:05 AM io.gapi.emulators.netty.HttpVersionRoutingHandler channelRead
INFO: Detected non-HTTP/2 connection.
Aug 31, 2026 12:16:05 AM io.gapi.emulators.netty.HttpVersionRoutingHandler channelRead
INFO: Detected non-HTTP/2 connection.
Aug 31, 2026 12:16:09 AM com.google.cloud.datastore.emulator.impl.util.WrappedStreamObserver onError
WARNING: Operation failed: Java heap space
java.lang.OutOfMemoryError: Java heap space

Aug 31, 2026 12:16:09 AM io.netty.channel.AbstractChannel$AbstractUnsafe register
WARNING: Force-closing a channel whose registration task was not accepted by an event loop: [id: 0x6cca505b, L:/127.0.0.1:39155 - R:/127.0.0.1:40516]
java.util.concurrent.RejectedExecutionException: event executor terminated
	at io.netty.util.concurrent.SingleThreadEventExecutor.reject(SingleThreadEventExecutor.java:934)
	at io.netty.util.concurrent.SingleThreadEventExecutor.offerTask(SingleThreadEventExecutor.java:353)
	at io.netty.util.concurrent.SingleThreadEventExecutor.addTask(SingleThreadEventExecutor.java:346)
	at io.netty.util.concurrent.SingleThreadEventExecutor.execute(SingleThreadEventExecutor.java:836)
	at io.netty.util.concurrent.SingleThreadEventExecutor.execute0(SingleThreadEventExecutor.java:827)
	at io.netty.util.concurrent.SingleThreadEventExecutor.execute(SingleThreadEventExecutor.java:817)
	at io.netty.channel.AbstractChannel$AbstractUnsafe.register(AbstractChannel.java:482)
	at io.netty.channel.SingleThreadEventLoop.register(SingleThreadEventLoop.java:89)
	at io.netty.channel.SingleThreadEventLoop.register(SingleThreadEventLoop.java:83)
	at io.netty.channel.MultithreadEventLoopGroup.register(MultithreadEventLoopGroup.java:86)
	at io.netty.bootstrap.ServerBootstrap$ServerBootstrapAcceptor.channelRead(ServerBootstrap.java:249)
	at io.netty.channel.AbstractChannelHandlerContext.invokeChannelRead(AbstractChannelHandlerContext.java:444)
	at io.netty.channel.AbstractChannelHandlerContext.invokeChannelRead(AbstractChannelHandlerContext.java:420)
	at io.netty.channel.AbstractChannelHandlerContext.fireChannelRead(AbstractChannelHandlerContext.java:412)
	at io.netty.channel.DefaultChannelPipeline$HeadContext.channelRead(DefaultChannelPipeline.java:1357)
	at io.netty.channel.AbstractChannelHandlerContext.invokeChannelRead(AbstractChannelHandlerContext.java:440)
	at io.netty.channel.AbstractChannelHandlerContext.invokeChannelRead(AbstractChannelHandlerContext.java:420)
	at io.netty.channel.DefaultChannelPipeline.fireChannelRead(DefaultChannelPipeline.java:868)
	at io.netty.channel.nio.AbstractNioMessageChannel$NioMessageUnsafe.read(AbstractNioMessageChannel.java:97)
	at io.netty.channel.nio.NioEventLoop.processSelectedKey(NioEventLoop.java:796)
	at io.netty.channel.nio.NioEventLoop.processSelectedKeysOptimized(NioEventLoop.java:732)
	at io.netty.channel.nio.NioEventLoop.processSelectedKeys(NioEventLoop.java:658)
	at io.netty.channel.nio.NioEventLoop.run(NioEventLoop.java:562)
	at io.netty.util.concurrent.SingleThreadEventExecutor$4.run(SingleThreadEventExecutor.java:998)
	at io.netty.util.internal.ThreadExecutorMap$2.run(ThreadExecutorMap.java:74)
	at io.netty.util.concurrent.FastThreadLocalRunnable.run(FastThreadLocalRunnable.java:30)
	at java.base/java.lang.Thread.run(Thread.java:1583)

Aug 31, 2026 12:16:09 AM io.gapi.emulators.netty.HttpVersionRoutingHandler channelRead
INFO: Detected non-HTTP/2 connection.
Aug 31, 2026 12:16:09 AM io.netty.util.concurrent.DefaultPromise safeExecute
SEVERE: Failed to submit a listener notification task. Event loop shut down?
java.util.concurrent.RejectedExecutionException: event executor terminated
	at io.netty.util.concurrent.SingleThreadEventExecutor.reject(SingleThreadEventExecutor.java:934)
	at io.netty.util.concurrent.SingleThreadEventExecutor.offerTask(SingleThreadEventExecutor.java:353)
	at io.netty.util.concurrent.SingleThreadEventExecutor.addTask(SingleThreadEventExecutor.java:346)
	at io.netty.util.concurrent.SingleThreadEventExecutor.execute(SingleThreadEventExecutor.java:836)
	at io.netty.util.concurrent.SingleThreadEventExecutor.execute0(SingleThreadEventExecutor.java:827)
	at io.netty.util.concurrent.SingleThreadEventExecutor.execute(SingleThreadEventExecutor.java:817)
	at io.netty.util.concurrent.DefaultPromise.safeExecute(DefaultPromise.java:879)
	at io.netty.util.concurrent.DefaultPromise.notifyListeners(DefaultPromise.java:514)
	at io.netty.util.concurrent.DefaultPromise.addListener(DefaultPromise.java:199)
	at io.netty.channel.DefaultChannelPromise.addListener(DefaultChannelPromise.java:95)
	at io.netty.channel.DefaultChannelPromise.addListener(DefaultChannelPromise.java:30)
	at io.netty.bootstrap.ServerBootstrap$ServerBootstrapAcceptor.channelRead(ServerBootstrap.java:249)
	at io.netty.channel.AbstractChannelHandlerContext.invokeChannelRead(AbstractChannelHandlerContext.java:444)
	at io.netty.channel.AbstractChannelHandlerContext.invokeChannelRead(AbstractChannelHandlerContext.java:420)
	at io.netty.channel.AbstractChannelHandlerContext.fireChannelRead(AbstractChannelHandlerContext.java:412)
	at io.netty.channel.DefaultChannelPipeline$HeadContext.channelRead(DefaultChannelPipeline.java:1357)
	at io.netty.channel.AbstractChannelHandlerContext.invokeChannelRead(AbstractChannelHandlerContext.java:440)
	at io.netty.channel.AbstractChannelHandlerContext.invokeChannelRead(AbstractChannelHandlerContext.java:420)
	at io.netty.channel.DefaultChannelPipeline.fireChannelRead(DefaultChannelPipeline.java:868)
	at io.netty.channel.nio.AbstractNioMessageChannel$NioMessageUnsafe.read(AbstractNioMessageChannel.java:97)
	at io.netty.channel.nio.NioEventLoop.processSelectedKey(NioEventLoop.java:796)
	at io.netty.channel.nio.NioEventLoop.processSelectedKeysOptimized(NioEventLoop.java:732)
	at io.netty.channel.nio.NioEventLoop.processSelectedKeys(NioEventLoop.java:658)
	at io.netty.channel.nio.NioEventLoop.run(NioEventLoop.java:562)
	at io.netty.util.concurrent.SingleThreadEventExecutor$4.run(SingleThreadEventExecutor.java:998)
	at io.netty.util.internal.ThreadExecutorMap$2.run(ThreadExecutorMap.java:74)
	at io.netty.util.concurrent.FastThreadLocalRunnable.run(FastThreadLocalRunnable.java:30)
	at java.base/java.lang.Thread.run(Thread.java:1583)

Aug 31, 2026 12:16:09 AM io.gapi.emulators.netty.HttpVersionRoutingHandler channelRead
INFO: Detected non-HTTP/2 connection.
Aug 31, 2026 12:16:09 AM io.gapi.emulators.netty.HttpVersionRoutingHandler channelRead
INFO: Detected non-HTTP/2 connection.
Aug 31, 2026 12:16:09 AM io.gapi.emulators.netty.HttpVersionRoutingHandler channelRead
INFO: Detected non-HTTP/2 connection.
Aug 31, 2026 12:16:09 AM io.gapi.emulators.netty.HttpVersionRoutingHandler channelRead
INFO: Detected non-HTTP/2 connection.
Aug 31, 2026 12:16:09 AM io.gapi.emulators.netty.HttpVersionRoutingHandler channelRead
INFO: Detected non-HTTP/2 connection.
Aug 31, 2026 12:16:09 AM io.gapi.emulators.netty.HttpVersionRoutingHandler channelRead
INFO: Detected non-HTTP/2 connection.
Aug 31, 2026 12:16:09 AM io.gapi.emulators.netty.HttpVersionRoutingHandler channelRead
INFO: Detected non-HTTP/2 connection.
Aug 31, 2026 12:16:09 AM io.gapi.emulators.netty.HttpVersionRoutingHandler channelRead
INFO: Detected non-HTTP/2 connection.
Aug 31, 2026 12:16:09 AM io.gapi.emulators.netty.HttpVersionRoutingHandler channelRead
INFO: Detected non-HTTP/2 connection.
Aug 31, 2026 12:16:09 AM io.gapi.emulators.netty.HttpVersionRoutingHandler channelRead
INFO: Detected non-HTTP/2 connection.
Aug 31, 2026 12:16:09 AM io.gapi.emulators.netty.HttpVersionRoutingHandler channelRead
INFO: Detected non-HTTP/2 connection.
Aug 31, 2026 12:16:09 AM io.netty.channel.AbstractChannel$AbstractUnsafe register
WARNING: Force-closing a channel whose registration task was not accepted by an event loop: [id: 0xfe687964, L:/127.0.0.1:39155 - R:/127.0.0.1:40586]
java.util.concurrent.RejectedExecutionException: event executor terminated
	at io.netty.util.concurrent.SingleThreadEventExecutor.reject(SingleThreadEventExecutor.java:934)
	at io.netty.util.concurrent.SingleThreadEventExecutor.offerTask(SingleThreadEventExecutor.java:353)
	at io.netty.util.concurrent.SingleThreadEventExecutor.addTask(SingleThreadEventExecutor.java:346)
	at io.netty.util.concurrent.SingleThreadEventExecutor.execute(SingleThreadEventExecutor.java:836)
	at io.netty.util.concurrent.SingleThreadEventExecutor.execute0(SingleThreadEventExecutor.java:827)
	at io.netty.util.concurrent.SingleThreadEventExecutor.execute(SingleThreadEventExecutor.java:817)
	at io.netty.channel.AbstractChannel$AbstractUnsafe.register(AbstractChannel.java:482)
	at io.netty.channel.SingleThreadEventLoop.register(SingleThreadEventLoop.java:89)
	at io.netty.channel.SingleThreadEventLoop.register(SingleThreadEventLoop.java:83)
	at io.netty.channel.MultithreadEventLoopGroup.register(MultithreadEventLoopGroup.java:86)
	at io.netty.bootstrap.ServerBootstrap$ServerBootstrapAcceptor.channelRead(ServerBootstrap.java:249)
	at io.netty.channel.AbstractChannelHandlerContext.invokeChannelRead(AbstractChannelHandlerContext.java:444)
	at io.netty.channel.AbstractChannelHandlerContext.invokeChannelRead(AbstractChannelHandlerContext.java:420)
	at io.netty.channel.AbstractChannelHandlerContext.fireChannelRead(AbstractChannelHandlerContext.java:412)
	at io.netty.channel.DefaultChannelPipeline$HeadContext.channelRead(DefaultChannelPipeline.java:1357)
	at io.netty.channel.AbstractChannelHandlerContext.invokeChannelRead(AbstractChannelHandlerContext.java:440)
	at io.netty.channel.AbstractChannelHandlerContext.invokeChannelRead(AbstractChannelHandlerContext.java:420)
	at io.netty.channel.DefaultChannelPipeline.fireChannelRead(DefaultChannelPipeline.java:868)
	at io.netty.channel.nio.AbstractNioMessageChannel$NioMessageUnsafe.read(AbstractNioMessageChannel.java:97)
	at io.netty.channel.nio.NioEventLoop.processSelectedKey(NioEventLoop.java:796)
	at io.netty.channel.nio.NioEventLoop.processSelectedKeysOptimized(NioEventLoop.java:732)
	at io.netty.channel.nio.NioEventLoop.processSelectedKeys(NioEventLoop.java:658)
	at io.netty.channel.nio.NioEventLoop.run(NioEventLoop.java:562)
	at io.netty.util.concurrent.SingleThreadEventExecutor$4.run(SingleThreadEventExecutor.java:998)
	at io.netty.util.internal.ThreadExecutorMap$2.run(ThreadExecutorMap.java:74)
	at io.netty.util.concurrent.FastThreadLocalRunnable.run(FastThreadLocalRunnable.java:30)
	at java.base/java.lang.Thread.run(Thread.java:1583)

Aug 31, 2026 12:16:09 AM io.netty.util.concurrent.DefaultPromise safeExecute
SEVERE: Failed to submit a listener notification task. Event loop shut down?
java.util.concurrent.RejectedExecutionException: event executor terminated
	at io.netty.util.concurrent.SingleThreadEventExecutor.reject(SingleThreadEventExecutor.java:934)
	at io.netty.util.concurrent.SingleThreadEventExecutor.offerTask(SingleThreadEventExecutor.java:353)
	at io.netty.util.concurrent.SingleThreadEventExecutor.addTask(SingleThreadEventExecutor.java:346)
	at io.netty.util.concurrent.SingleThreadEventExecutor.execute(SingleThreadEventExecutor.java:836)
	at io.netty.util.concurrent.SingleThreadEventExecutor.execute0(SingleThreadEventExecutor.java:827)
	at io.netty.util.concurrent.SingleThreadEventExecutor.execute(SingleThreadEventExecutor.java:817)
	at io.netty.util.concurrent.DefaultPromise.safeExecute(DefaultPromise.java:879)
	at io.netty.util.concurrent.DefaultPromise.notifyListeners(DefaultPromise.java:514)
	at io.netty.util.concurrent.DefaultPromise.addListener(DefaultPromise.java:199)
	at io.netty.channel.DefaultChannelPromise.addListener(DefaultChannelPromise.java:95)
	at io.netty.channel.DefaultChannelPromise.addListener(DefaultChannelPromise.java:30)
	at io.netty.bootstrap.ServerBootstrap$ServerBootstrapAcceptor.channelRead(ServerBootstrap.java:249)
	at io.netty.channel.AbstractChannelHandlerContext.invokeChannelRead(AbstractChannelHandlerContext.java:444)
	at io.netty.channel.AbstractChannelHandlerContext.invokeChannelRead(AbstractChannelHandlerContext.java:420)
	at io.netty.channel.AbstractChannelHandlerContext.fireChannelRead(AbstractChannelHandlerContext.java:412)
	at io.netty.channel.DefaultChannelPipeline$HeadContext.channelRead(DefaultChannelPipeline.java:1357)
	at io.netty.channel.AbstractChannelHandlerContext.invokeChannelRead(AbstractChannelHandlerContext.java:440)
	at io.netty.channel.AbstractChannelHandlerContext.invokeChannelRead(AbstractChannelHandlerContext.java:420)
	at io.netty.channel.DefaultChannelPipeline.fireChannelRead(DefaultChannelPipeline.java:868)
	at io.netty.channel.nio.AbstractNioMessageChannel$NioMessageUnsafe.read(AbstractNioMessageChannel.java:97)
	at io.netty.channel.nio.NioEventLoop.processSelectedKey(NioEventLoop.java:796)
	at io.netty.channel.nio.NioEventLoop.processSelectedKeysOptimized(NioEventLoop.java:732)
	at io.netty.channel.nio.NioEventLoop.processSelectedKeys(NioEventLoop.java:658)
	at io.netty.channel.nio.NioEventLoop.run(NioEventLoop.java:562)
	at io.netty.util.concurrent.SingleThreadEventExecutor$4.run(SingleThreadEventExecutor.java:998)
	at io.netty.util.internal.ThreadExecutorMap$2.run(ThreadExecutorMap.java:74)
	at io.netty.util.concurrent.FastThreadLocalRunnable.run(FastThreadLocalRunnable.java:30)
	at java.base/java.lang.Thread.run(Thread.java:1583)

Aug 31, 2026 12:16:09 AM io.gapi.emulators.netty.HttpVersionRoutingHandler channelRead
INFO: Detected non-HTTP/2 connection.
Aug 31, 2026 12:16:14 AM com.google.cloud.datastore.emulator.impl.util.WrappedStreamObserver onError
WARNING: Operation failed: Java heap space
java.lang.OutOfMemoryError: Java heap space

Aug 31, 2026 12:16:19 AM com.google.cloud.datastore.emulator.impl.util.WrappedStreamObserver onError
WARNING: Operation failed: Java heap space: failed reallocation of scalar replaced objects
java.lang.OutOfMemoryError: Java heap space: failed reallocation of scalar replaced objects

Aug 31, 2026 12:16:24 AM com.google.cloud.datastore.emulator.impl.util.WrappedStreamObserver onError
WARNING: Operation failed: Java heap space
java.lang.OutOfMemoryError: Java heap space

Aug 31, 2026 12:16:29 AM com.google.cloud.datastore.emulator.impl.util.WrappedStreamObserver onError
WARNING: Operation failed: Java heap space
java.lang.OutOfMemoryError: Java heap space

Aug 31, 2026 12:16:34 AM com.google.cloud.datastore.emulator.impl.util.WrappedStreamObserver onError
WARNING: Operation failed: Java heap space: failed reallocation of scalar replaced objects
java.lang.OutOfMemoryError: Java heap space: failed reallocation of scalar replaced objects

Aug 31, 2026 12:16:34 AM io.gapi.emulators.netty.HttpHandler$1 onError
INFO: Exception when handling request: UNKNOWN
Aug 31, 2026 12:16:34 AM io.gapi.emulators.netty.HttpVersionRoutingHandler channelRead
INFO: Detected non-HTTP/2 connection.
Aug 31, 2026 12:16:35 AM io.gapi.emulators.netty.HttpVersionRoutingHandler channelRead
INFO: Detected non-HTTP/2 connection.
Aug 31, 2026 12:16:35 AM io.gapi.emulators.netty.HttpVersionRoutingHandler channelRead
INFO: Detected non-HTTP/2 connection.
Aug 31, 2026 12:16:35 AM io.gapi.emulators.netty.HttpVersionRoutingHandler channelRead
INFO: Detected non-HTTP/2 connection.
Aug 31, 2026 12:16:35 AM io.gapi.emulators.netty.HttpVersionRoutingHandler channelRead
INFO: Detected non-HTTP/2 connection.
Aug 31, 2026 12:16:35 AM io.gapi.emulators.netty.HttpVersionRoutingHandler channelRead
INFO: Detected non-HTTP/2 connection.
Aug 31, 2026 12:16:35 AM io.gapi.emulators.netty.HttpVersionRoutingHandler channelRead
INFO: Detected non-HTTP/2 connection.
Aug 31, 2026 12:16:35 AM io.gapi.emulators.netty.HttpVersionRoutingHandler channelRead
INFO: Detected non-HTTP/2 connection.
Aug 31, 2026 12:16:35 AM io.gapi.emulators.netty.HttpVersionRoutingHandler channelRead
INFO: Detected non-HTTP/2 connection.
Aug 31, 2026 12:16:35 AM io.gapi.emulators.netty.HttpVersionRoutingHandler channelRead
INFO: Detected non-HTTP/2 connection.
Aug 31, 2026 12:16:35 AM io.gapi.emulators.netty.HttpVersionRoutingHandler channelRead
INFO: Detected non-HTTP/2 connection.
Aug 31, 2026 12:16:35 AM io.gapi.emulators.netty.HttpVersionRoutingHandler channelRead
INFO: Detected non-HTTP/2 connection.
Aug 31, 2026 12:16:35 AM io.netty.channel.AbstractChannel$AbstractUnsafe register
WARNING: Force-closing a channel whose registration task was not accepted by an event loop: [id: 0x024b0054, L:/127.0.0.1:39155 - R:/127.0.0.1:41672]
java.util.concurrent.RejectedExecutionException: event executor terminated
	at io.netty.util.concurrent.SingleThreadEventExecutor.reject(SingleThreadEventExecutor.java:934)
	at io.netty.util.concurrent.SingleThreadEventExecutor.offerTask(SingleThreadEventExecutor.java:353)
	at io.netty.util.concurrent.SingleThreadEventExecutor.addTask(SingleThreadEventExecutor.java:346)
	at io.netty.util.concurrent.SingleThreadEventExecutor.execute(SingleThreadEventExecutor.java:836)
	at io.netty.util.concurrent.SingleThreadEventExecutor.execute0(SingleThreadEventExecutor.java:827)
	at io.netty.util.concurrent.SingleThreadEventExecutor.execute(SingleThreadEventExecutor.java:817)
	at io.netty.channel.AbstractChannel$AbstractUnsafe.register(AbstractChannel.java:482)
	at io.netty.channel.SingleThreadEventLoop.register(SingleThreadEventLoop.java:89)
	at io.netty.channel.SingleThreadEventLoop.register(SingleThreadEventLoop.java:83)
	at io.netty.channel.MultithreadEventLoopGroup.register(MultithreadEventLoopGroup.java:86)
	at io.netty.bootstrap.ServerBootstrap$ServerBootstrapAcceptor.channelRead(ServerBootstrap.java:249)
	at io.netty.channel.AbstractChannelHandlerContext.invokeChannelRead(AbstractChannelHandlerContext.java:444)
	at io.netty.channel.AbstractChannelHandlerContext.invokeChannelRead(AbstractChannelHandlerContext.java:420)
	at io.netty.channel.AbstractChannelHandlerContext.fireChannelRead(AbstractChannelHandlerContext.java:412)
	at io.netty.channel.DefaultChannelPipeline$HeadContext.channelRead(DefaultChannelPipeline.java:1357)
	at io.netty.channel.AbstractChannelHandlerContext.invokeChannelRead(AbstractChannelHandlerContext.java:440)
	at io.netty.channel.AbstractChannelHandlerContext.invokeChannelRead(AbstractChannelHandlerContext.java:420)
	at io.netty.channel.DefaultChannelPipeline.fireChannelRead(DefaultChannelPipeline.java:868)
	at io.netty.channel.nio.AbstractNioMessageChannel$NioMessageUnsafe.read(AbstractNioMessageChannel.java:97)
	at io.netty.channel.nio.NioEventLoop.processSelectedKey(NioEventLoop.java:796)
	at io.netty.channel.nio.NioEventLoop.processSelectedKeysOptimized(NioEventLoop.java:732)
	at io.netty.channel.nio.NioEventLoop.processSelectedKeys(NioEventLoop.java:658)
	at io.netty.channel.nio.NioEventLoop.run(NioEventLoop.java:562)
	at io.netty.util.concurrent.SingleThreadEventExecutor$4.run(SingleThreadEventExecutor.java:998)
	at io.netty.util.internal.ThreadExecutorMap$2.run(ThreadExecutorMap.java:74)
	at io.netty.util.concurrent.FastThreadLocalRunnable.run(FastThreadLocalRunnable.java:30)
	at java.base/java.lang.Thread.run(Thread.java:1583)

Aug 31, 2026 12:16:35 AM io.netty.util.concurrent.DefaultPromise safeExecute
SEVERE: Failed to submit a listener notification task. Event loop shut down?
java.util.concurrent.RejectedExecutionException: event executor terminated
	at io.netty.util.concurrent.SingleThreadEventExecutor.reject(SingleThreadEventExecutor.java:934)
	at io.netty.util.concurrent.SingleThreadEventExecutor.offerTask(SingleThreadEventExecutor.java:353)
	at io.netty.util.concurrent.SingleThreadEventExecutor.addTask(SingleThreadEventExecutor.java:346)
	at io.netty.util.concurrent.SingleThreadEventExecutor.execute(SingleThreadEventExecutor.java:836)
	at io.netty.util.concurrent.SingleThreadEventExecutor.execute0(SingleThreadEventExecutor.java:827)
	at io.netty.util.concurrent.SingleThreadEventExecutor.execute(SingleThreadEventExecutor.java:817)
	at io.netty.util.concurrent.DefaultPromise.safeExecute(DefaultPromise.java:879)
	at io.netty.util.concurrent.DefaultPromise.notifyListeners(DefaultPromise.java:514)
	at io.netty.util.concurrent.DefaultPromise.addListener(DefaultPromise.java:199)
	at io.netty.channel.DefaultChannelPromise.addListener(DefaultChannelPromise.java:95)
	at io.netty.channel.DefaultChannelPromise.addListener(DefaultChannelPromise.java:30)
	at io.netty.bootstrap.ServerBootstrap$ServerBootstrapAcceptor.channelRead(ServerBootstrap.java:249)
	at io.netty.channel.AbstractChannelHandlerContext.invokeChannelRead(AbstractChannelHandlerContext.java:444)
	at io.netty.channel.AbstractChannelHandlerContext.invokeChannelRead(AbstractChannelHandlerContext.java:420)
	at io.netty.channel.AbstractChannelHandlerContext.fireChannelRead(AbstractChannelHandlerContext.java:412)
	at io.netty.channel.DefaultChannelPipeline$HeadContext.channelRead(DefaultChannelPipeline.java:1357)
	at io.netty.channel.AbstractChannelHandlerContext.invokeChannelRead(AbstractChannelHandlerContext.java:440)
	at io.netty.channel.AbstractChannelHandlerContext.invokeChannelRead(AbstractChannelHandlerContext.java:420)
	at io.netty.channel.DefaultChannelPipeline.fireChannelRead(DefaultChannelPipeline.java:868)
	at io.netty.channel.nio.AbstractNioMessageChannel$NioMessageUnsafe.read(AbstractNioMessageChannel.java:97)
	at io.netty.channel.nio.NioEventLoop.processSelectedKey(NioEventLoop.java:796)
	at io.netty.channel.nio.NioEventLoop.processSelectedKeysOptimized(NioEventLoop.java:732)
	at io.netty.channel.nio.NioEventLoop.processSelectedKeys(NioEventLoop.java:658)
	at io.netty.channel.nio.NioEventLoop.run(NioEventLoop.java:562)
	at io.netty.util.concurrent.SingleThreadEventExecutor$4.run(SingleThreadEventExecutor.java:998)
	at io.netty.util.internal.ThreadExecutorMap$2.run(ThreadExecutorMap.java:74)
	at io.netty.util.concurrent.FastThreadLocalRunnable.run(FastThreadLocalRunnable.java:30)
	at java.base/java.lang.Thread.run(Thread.java:1583)

Aug 31, 2026 12:16:35 AM io.gapi.emulators.netty.HttpVersionRoutingHandler channelRead
INFO: Detected non-HTTP/2 connection.
Aug 31, 2026 12:16:35 AM io.gapi.emulators.netty.HttpVersionRoutingHandler channelRead
INFO: Detected non-HTTP/2 connection.
Aug 31, 2026 12:16:35 AM io.gapi.emulators.netty.HttpVersionRoutingHandler channelRead
INFO: Detected non-HTTP/2 connection.
Aug 31, 2026 12:16:35 AM io.gapi.emulators.netty.HttpVersionRoutingHandler channelRead
INFO: Detected non-HTTP/2 connection.
Aug 31, 2026 12:16:35 AM io.netty.channel.AbstractChannel$AbstractUnsafe register
WARNING: Force-closing a channel whose registration task was not accepted by an event loop: [id: 0xc12ce52d, L:/127.0.0.1:39155 - R:/127.0.0.1:41714]
java.util.concurrent.RejectedExecutionException: event executor terminated
	at io.netty.util.concurrent.SingleThreadEventExecutor.reject(SingleThreadEventExecutor.java:934)
	at io.netty.util.concurrent.SingleThreadEventExecutor.offerTask(SingleThreadEventExecutor.java:353)
	at io.netty.util.concurrent.SingleThreadEventExecutor.addTask(SingleThreadEventExecutor.java:346)
	at io.netty.util.concurrent.SingleThreadEventExecutor.execute(SingleThreadEventExecutor.java:836)
	at io.netty.util.concurrent.SingleThreadEventExecutor.execute0(SingleThreadEventExecutor.java:827)
	at io.netty.util.concurrent.SingleThreadEventExecutor.execute(SingleThreadEventExecutor.java:817)
	at io.netty.channel.AbstractChannel$AbstractUnsafe.register(AbstractChannel.java:482)
	at io.netty.channel.SingleThreadEventLoop.register(SingleThreadEventLoop.java:89)
	at io.netty.channel.SingleThreadEventLoop.register(SingleThreadEventLoop.java:83)
	at io.netty.channel.MultithreadEventLoopGroup.register(MultithreadEventLoopGroup.java:86)
	at io.netty.bootstrap.ServerBootstrap$ServerBootstrapAcceptor.channelRead(ServerBootstrap.java:249)
	at io.netty.channel.AbstractChannelHandlerContext.invokeChannelRead(AbstractChannelHandlerContext.java:444)
	at io.netty.channel.AbstractChannelHandlerContext.invokeChannelRead(AbstractChannelHandlerContext.java:420)
	at io.netty.channel.AbstractChannelHandlerContext.fireChannelRead(AbstractChannelHandlerContext.java:412)
	at io.netty.channel.DefaultChannelPipeline$HeadContext.channelRead(DefaultChannelPipeline.java:1357)
	at io.netty.channel.AbstractChannelHandlerContext.invokeChannelRead(AbstractChannelHandlerContext.java:440)
	at io.netty.channel.AbstractChannelHandlerContext.invokeChannelRead(AbstractChannelHandlerContext.java:420)
	at io.netty.channel.DefaultChannelPipeline.fireChannelRead(DefaultChannelPipeline.java:868)
	at io.netty.channel.nio.AbstractNioMessageChannel$NioMessageUnsafe.read(AbstractNioMessageChannel.java:97)
	at io.netty.channel.nio.NioEventLoop.processSelectedKey(NioEventLoop.java:796)
	at io.netty.channel.nio.NioEventLoop.processSelectedKeysOptimized(NioEventLoop.java:732)
	at io.netty.channel.nio.NioEventLoop.processSelectedKeys(NioEventLoop.java:658)
	at io.netty.channel.nio.NioEventLoop.run(NioEventLoop.java:562)
	at io.netty.util.concurrent.SingleThreadEventExecutor$4.run(SingleThreadEventExecutor.java:998)
	at io.netty.util.internal.ThreadExecutorMap$2.run(ThreadExecutorMap.java:74)
	at io.netty.util.concurrent.FastThreadLocalRunnable.run(FastThreadLocalRunnable.java:30)
	at java.base/java.lang.Thread.run(Thread.java:1583)

Aug 31, 2026 12:16:35 AM io.netty.util.concurrent.DefaultPromise safeExecute
SEVERE: Failed to submit a listener notification task. Event loop shut down?
java.util.concurrent.RejectedExecutionException: event executor terminated
	at io.netty.util.concurrent.SingleThreadEventExecutor.reject(SingleThreadEventExecutor.java:934)
	at io.netty.util.concurrent.SingleThreadEventExecutor.offerTask(SingleThreadEventExecutor.java:353)
	at io.netty.util.concurrent.SingleThreadEventExecutor.addTask(SingleThreadEventExecutor.java:346)
	at io.netty.util.concurrent.SingleThreadEventExecutor.execute(SingleThreadEventExecutor.java:836)
	at io.netty.util.concurrent.SingleThreadEventExecutor.execute0(SingleThreadEventExecutor.java:827)
	at io.netty.util.concurrent.SingleThreadEventExecutor.execute(SingleThreadEventExecutor.java:817)
	at io.netty.util.concurrent.DefaultPromise.safeExecute(DefaultPromise.java:879)
	at io.netty.util.concurrent.DefaultPromise.notifyListeners(DefaultPromise.java:514)
	at io.netty.util.concurrent.DefaultPromise.addListener(DefaultPromise.java:199)
	at io.netty.channel.DefaultChannelPromise.addListener(DefaultChannelPromise.java:95)
	at io.netty.channel.DefaultChannelPromise.addListener(DefaultChannelPromise.java:30)
	at io.netty.bootstrap.ServerBootstrap$ServerBootstrapAcceptor.channelRead(ServerBootstrap.java:249)
	at io.netty.channel.AbstractChannelHandlerContext.invokeChannelRead(AbstractChannelHandlerContext.java:444)
	at io.netty.channel.AbstractChannelHandlerContext.invokeChannelRead(AbstractChannelHandlerContext.java:420)
	at io.netty.channel.AbstractChannelHandlerContext.fireChannelRead(AbstractChannelHandlerContext.java:412)
	at io.netty.channel.DefaultChannelPipeline$HeadContext.channelRead(DefaultChannelPipeline.java:1357)
	at io.netty.channel.AbstractChannelHandlerContext.invokeChannelRead(AbstractChannelHandlerContext.java:440)
	at io.netty.channel.AbstractChannelHandlerContext.invokeChannelRead(AbstractChannelHandlerContext.java:420)
	at io.netty.channel.DefaultChannelPipeline.fireChannelRead(DefaultChannelPipeline.java:868)
	at io.netty.channel.nio.AbstractNioMessageChannel$NioMessageUnsafe.read(AbstractNioMessageChannel.java:97)
	at io.netty.channel.nio.NioEventLoop.processSelectedKey(NioEventLoop.java:796)
	at io.netty.channel.nio.NioEventLoop.processSelectedKeysOptimized(NioEventLoop.java:732)
	at io.netty.channel.nio.NioEventLoop.processSelectedKeys(NioEventLoop.java:658)
	at io.netty.channel.nio.NioEventLoop.run(NioEventLoop.java:562)
	at io.netty.util.concurrent.SingleThreadEventExecutor$4.run(SingleThreadEventExecutor.java:998)
	at io.netty.util.internal.ThreadExecutorMap$2.run(ThreadExecutorMap.java:74)
	at io.netty.util.concurrent.FastThreadLocalRunnable.run(FastThreadLocalRunnable.java:30)
	at java.base/java.lang.Thread.run(Thread.java:1583)

Aug 31, 2026 12:16:35 AM io.gapi.emulators.netty.HttpVersionRoutingHandler channelRead
INFO: Detected non-HTTP/2 connection.
Aug 31, 2026 12:16:35 AM io.gapi.emulators.netty.HttpVersionRoutingHandler channelRead
INFO: Detected non-HTTP/2 connection.
Aug 31, 2026 12:16:35 AM io.gapi.emulators.netty.HttpVersionRoutingHandler channelRead
INFO: Detected non-HTTP/2 connection.
Aug 31, 2026 12:16:39 AM com.google.cloud.datastore.emulator.impl.util.WrappedStreamObserver onError
WARNING: Operation failed: Java heap space: failed reallocation of scalar replaced objects
java.lang.OutOfMemoryError: Java heap space: failed reallocation of scalar replaced objects

Aug 31, 2026 12:16:39 AM io.gapi.emulators.netty.HttpVersionRoutingHandler channelRead
INFO: Detected non-HTTP/2 connection.
Aug 31, 2026 12:16:39 AM io.gapi.emulators.netty.HttpVersionRoutingHandler channelRead
INFO: Detected non-HTTP/2 connection.
Aug 31, 2026 12:16:39 AM io.gapi.emulators.netty.HttpVersionRoutingHandler channelRead
INFO: Detected non-HTTP/2 connection.
Aug 31, 2026 12:16:39 AM io.gapi.emulators.netty.HttpHandler$1 onError
INFO: Exception when handling request: UNKNOWN
Aug 31, 2026 12:16:39 AM io.gapi.emulators.netty.HttpVersionRoutingHandler channelRead
INFO: Detected non-HTTP/2 connection.
Aug 31, 2026 12:16:39 AM io.gapi.emulators.netty.HttpVersionRoutingHandler channelRead
INFO: Detected non-HTTP/2 connection.
Aug 31, 2026 12:16:39 AM io.gapi.emulators.netty.HttpVersionRoutingHandler channelRead
INFO: Detected non-HTTP/2 connection.
Aug 31, 2026 12:16:39 AM io.gapi.emulators.netty.HttpVersionRoutingHandler channelRead
INFO: Detected non-HTTP/2 connection.
Aug 31, 2026 12:16:39 AM io.gapi.emulators.netty.HttpVersionRoutingHandler channelRead
INFO: Detected non-HTTP/2 connection.
Aug 31, 2026 12:16:39 AM io.netty.channel.AbstractChannel$AbstractUnsafe register
WARNING: Force-closing a channel whose registration task was not accepted by an event loop: [id: 0x3dc77f50, L:/127.0.0.1:39155 - R:/127.0.0.1:37652]
java.util.concurrent.RejectedExecutionException: event executor terminated
	at io.netty.util.concurrent.SingleThreadEventExecutor.reject(SingleThreadEventExecutor.java:934)
	at io.netty.util.concurrent.SingleThreadEventExecutor.offerTask(SingleThreadEventExecutor.java:353)
	at io.netty.util.concurrent.SingleThreadEventExecutor.addTask(SingleThreadEventExecutor.java:346)
	at io.netty.util.concurrent.SingleThreadEventExecutor.execute(SingleThreadEventExecutor.java:836)
	at io.netty.util.concurrent.SingleThreadEventExecutor.execute0(SingleThreadEventExecutor.java:827)
	at io.netty.util.concurrent.SingleThreadEventExecutor.execute(SingleThreadEventExecutor.java:817)
	at io.netty.channel.AbstractChannel$AbstractUnsafe.register(AbstractChannel.java:482)
	at io.netty.channel.SingleThreadEventLoop.register(SingleThreadEventLoop.java:89)
	at io.netty.channel.SingleThreadEventLoop.register(SingleThreadEventLoop.java:83)
	at io.netty.channel.MultithreadEventLoopGroup.register(MultithreadEventLoopGroup.java:86)
	at io.netty.bootstrap.ServerBootstrap$ServerBootstrapAcceptor.channelRead(ServerBootstrap.java:249)
	at io.netty.channel.AbstractChannelHandlerContext.invokeChannelRead(AbstractChannelHandlerContext.java:444)
	at io.netty.channel.AbstractChannelHandlerContext.invokeChannelRead(AbstractChannelHandlerContext.java:420)
	at io.netty.channel.AbstractChannelHandlerContext.fireChannelRead(AbstractChannelHandlerContext.java:412)
	at io.netty.channel.DefaultChannelPipeline$HeadContext.channelRead(DefaultChannelPipeline.java:1357)
	at io.netty.channel.AbstractChannelHandlerContext.invokeChannelRead(AbstractChannelHandlerContext.java:440)
	at io.netty.channel.AbstractChannelHandlerContext.invokeChannelRead(AbstractChannelHandlerContext.java:420)
	at io.netty.channel.DefaultChannelPipeline.fireChannelRead(DefaultChannelPipeline.java:868)
	at io.netty.channel.nio.AbstractNioMessageChannel$NioMessageUnsafe.read(AbstractNioMessageChannel.java:97)
	at io.netty.channel.nio.NioEventLoop.processSelectedKey(NioEventLoop.java:796)
	at io.netty.channel.nio.NioEventLoop.processSelectedKeysOptimized(NioEventLoop.java:732)
	at io.netty.channel.nio.NioEventLoop.processSelectedKeys(NioEventLoop.java:658)
	at io.netty.channel.nio.NioEventLoop.run(NioEventLoop.java:562)
	at io.netty.util.concurrent.SingleThreadEventExecutor$4.run(SingleThreadEventExecutor.java:998)
	at io.netty.util.internal.ThreadExecutorMap$2.run(ThreadExecutorMap.java:74)
	at io.netty.util.concurrent.FastThreadLocalRunnable.run(FastThreadLocalRunnable.java:30)
	at java.base/java.lang.Thread.run(Thread.java:1583)

Aug 31, 2026 12:16:39 AM io.netty.util.concurrent.DefaultPromise safeExecute
SEVERE: Failed to submit a listener notification task. Event loop shut down?
java.util.concurrent.RejectedExecutionException: event executor terminated
	at io.netty.util.concurrent.SingleThreadEventExecutor.reject(SingleThreadEventExecutor.java:934)
	at io.netty.util.concurrent.SingleThreadEventExecutor.offerTask(SingleThreadEventExecutor.java:353)
	at io.netty.util.concurrent.SingleThreadEventExecutor.addTask(SingleThreadEventExecutor.java:346)
	at io.netty.util.concurrent.SingleThreadEventExecutor.execute(SingleThreadEventExecutor.java:836)
	at io.netty.util.concurrent.SingleThreadEventExecutor.execute0(SingleThreadEventExecutor.java:827)
	at io.netty.util.concurrent.SingleThreadEventExecutor.execute(SingleThreadEventExecutor.java:817)
	at io.netty.util.concurrent.DefaultPromise.safeExecute(DefaultPromise.java:879)
	at io.netty.util.concurrent.DefaultPromise.notifyListeners(DefaultPromise.java:514)
	at io.netty.util.concurrent.DefaultPromise.addListener(DefaultPromise.java:199)
	at io.netty.channel.DefaultChannelPromise.addListener(DefaultChannelPromise.java:95)
	at io.netty.channel.DefaultChannelPromise.addListener(DefaultChannelPromise.java:30)
	at io.netty.bootstrap.ServerBootstrap$ServerBootstrapAcceptor.channelRead(ServerBootstrap.java:249)
	at io.netty.channel.AbstractChannelHandlerContext.invokeChannelRead(AbstractChannelHandlerContext.java:444)
	at io.netty.channel.AbstractChannelHandlerContext.invokeChannelRead(AbstractChannelHandlerContext.java:420)
	at io.netty.channel.AbstractChannelHandlerContext.fireChannelRead(AbstractChannelHandlerContext.java:412)
	at io.netty.channel.DefaultChannelPipeline$HeadContext.channelRead(DefaultChannelPipeline.java:1357)
	at io.netty.channel.AbstractChannelHandlerContext.invokeChannelRead(AbstractChannelHandlerContext.java:440)
	at io.netty.channel.AbstractChannelHandlerContext.invokeChannelRead(AbstractChannelHandlerContext.java:420)
	at io.netty.channel.DefaultChannelPipeline.fireChannelRead(DefaultChannelPipeline.java:868)
	at io.netty.channel.nio.AbstractNioMessageChannel$NioMessageUnsafe.read(AbstractNioMessageChannel.java:97)
	at io.netty.channel.nio.NioEventLoop.processSelectedKey(NioEventLoop.java:796)
	at io.netty.channel.nio.NioEventLoop.processSelectedKeysOptimized(NioEventLoop.java:732)
	at io.netty.channel.nio.NioEventLoop.processSelectedKeys(NioEventLoop.java:658)
	at io.netty.channel.nio.NioEventLoop.run(NioEventLoop.java:562)
	at io.netty.util.concurrent.SingleThreadEventExecutor$4.run(SingleThreadEventExecutor.java:998)
	at io.netty.util.internal.ThreadExecutorMap$2.run(ThreadExecutorMap.java:74)
	at io.netty.util.concurrent.FastThreadLocalRunnable.run(FastThreadLocalRunnable.java:30)
	at java.base/java.lang.Thread.run(Thread.java:1583)

Aug 31, 2026 12:16:39 AM io.gapi.emulators.netty.HttpVersionRoutingHandler channelRead
INFO: Detected non-HTTP/2 connection.
Aug 31, 2026 12:16:39 AM io.gapi.emulators.netty.HttpVersionRoutingHandler channelRead
INFO: Detected non-HTTP/2 connection.
Aug 31, 2026 12:16:39 AM io.gapi.emulators.netty.HttpVersionRoutingHandler channelRead
INFO: Detected non-HTTP/2 connection.
Aug 31, 2026 12:16:39 AM io.gapi.emulators.netty.HttpVersionRoutingHandler channelRead
INFO: Detected non-HTTP/2 connection.
Aug 31, 2026 12:16:44 AM com.google.cloud.datastore.emulator.impl.util.WrappedStreamObserver onError
WARNING: Operation failed: Java heap space: failed reallocation of scalar replaced objects
java.lang.OutOfMemoryError: Java heap space: failed reallocation of scalar replaced objects

Aug 31, 2026 12:16:44 AM io.gapi.emulators.netty.HttpHandler$1 onError
INFO: Exception when handling request: UNKNOWN
Aug 31, 2026 12:16:49 AM com.google.cloud.datastore.emulator.impl.util.WrappedStreamObserver onError
WARNING: Operation failed: Java heap space
java.lang.OutOfMemoryError: Java heap space

Aug 31, 2026 12:16:49 AM io.gapi.emulators.netty.HttpHandler$1 onError
INFO: Exception when handling request: UNKNOWN
Aug 31, 2026 12:16:54 AM com.google.cloud.datastore.emulator.impl.util.WrappedStreamObserver onError
WARNING: Operation failed: Java heap space: failed reallocation of scalar replaced objects
java.lang.OutOfMemoryError: Java heap space: failed reallocation of scalar replaced objects

Aug 31, 2026 12:16:54 AM io.gapi.emulators.netty.HttpHandler$1 onError
INFO: Exception when handling request: UNKNOWN
Aug 31, 2026 12:16:59 AM com.google.cloud.datastore.emulator.impl.util.WrappedStreamObserver onError
WARNING: Operation failed: Java heap space: failed reallocation of scalar replaced objects
java.lang.OutOfMemoryError: Java heap space: failed reallocation of scalar replaced objects

Aug 31, 2026 12:16:59 AM io.gapi.emulators.netty.HttpHandler$1 onError
INFO: Exception when handling request: UNKNOWN
Aug 31, 2026 12:17:04 AM com.google.cloud.datastore.emulator.impl.util.WrappedStreamObserver onError
WARNING: Operation failed: Java heap space: failed reallocation of scalar replaced objects
java.lang.OutOfMemoryError: Java heap space: failed reallocation of scalar replaced objects

Aug 31, 2026 12:17:04 AM io.gapi.emulators.netty.HttpVersionRoutingHandler channelRead
INFO: Detected non-HTTP/2 connection.
Aug 31, 2026 12:17:04 AM io.gapi.emulators.netty.HttpHandler$1 onError
INFO: Exception when handling request: UNKNOWN
Aug 31, 2026 12:17:05 AM io.gapi.emulators.netty.HttpVersionRoutingHandler channelRead
INFO: Detected non-HTTP/2 connection.
Aug 31, 2026 12:17:05 AM io.netty.channel.AbstractChannel$AbstractUnsafe register
WARNING: Force-closing a channel whose registration task was not accepted by an event loop: [id: 0xddf1e335, L:/127.0.0.1:39155 - R:/127.0.0.1:49310]
java.util.concurrent.RejectedExecutionException: event executor terminated
	at io.netty.util.concurrent.SingleThreadEventExecutor.reject(SingleThreadEventExecutor.java:934)
	at io.netty.util.concurrent.SingleThreadEventExecutor.offerTask(SingleThreadEventExecutor.java:353)
	at io.netty.util.concurrent.SingleThreadEventExecutor.addTask(SingleThreadEventExecutor.java:346)
	at io.netty.util.concurrent.SingleThreadEventExecutor.execute(SingleThreadEventExecutor.java:836)
	at io.netty.util.concurrent.SingleThreadEventExecutor.execute0(SingleThreadEventExecutor.java:827)
	at io.netty.util.concurrent.SingleThreadEventExecutor.execute(SingleThreadEventExecutor.java:817)
	at io.netty.channel.AbstractChannel$AbstractUnsafe.register(AbstractChannel.java:482)
	at io.netty.channel.SingleThreadEventLoop.register(SingleThreadEventLoop.java:89)
	at io.netty.channel.SingleThreadEventLoop.register(SingleThreadEventLoop.java:83)
	at io.netty.channel.MultithreadEventLoopGroup.register(MultithreadEventLoopGroup.java:86)
	at io.netty.bootstrap.ServerBootstrap$ServerBootstrapAcceptor.channelRead(ServerBootstrap.java:249)
	at io.netty.channel.AbstractChannelHandlerContext.invokeChannelRead(AbstractChannelHandlerContext.java:444)
	at io.netty.channel.AbstractChannelHandlerContext.invokeChannelRead(AbstractChannelHandlerContext.java:420)
	at io.netty.channel.AbstractChannelHandlerContext.fireChannelRead(AbstractChannelHandlerContext.java:412)
	at io.netty.channel.DefaultChannelPipeline$HeadContext.channelRead(DefaultChannelPipeline.java:1357)
	at io.netty.channel.AbstractChannelHandlerContext.invokeChannelRead(AbstractChannelHandlerContext.java:440)
	at io.netty.channel.AbstractChannelHandlerContext.invokeChannelRead(AbstractChannelHandlerContext.java:420)
	at io.netty.channel.DefaultChannelPipeline.fireChannelRead(DefaultChannelPipeline.java:868)
	at io.netty.channel.nio.AbstractNioMessageChannel$NioMessageUnsafe.read(AbstractNioMessageChannel.java:97)
	at io.netty.channel.nio.NioEventLoop.processSelectedKey(NioEventLoop.java:796)
	at io.netty.channel.nio.NioEventLoop.processSelectedKeysOptimized(NioEventLoop.java:732)
	at io.netty.channel.nio.NioEventLoop.processSelectedKeys(NioEventLoop.java:658)
	at io.netty.channel.nio.NioEventLoop.run(NioEventLoop.java:562)
	at io.netty.util.concurrent.SingleThreadEventExecutor$4.run(SingleThreadEventExecutor.java:998)
	at io.netty.util.internal.ThreadExecutorMap$2.run(ThreadExecutorMap.java:74)
	at io.netty.util.concurrent.FastThreadLocalRunnable.run(FastThreadLocalRunnable.java:30)
	at java.base/java.lang.Thread.run(Thread.java:1583)

Aug 31, 2026 12:17:05 AM io.netty.util.concurrent.DefaultPromise safeExecute
SEVERE: Failed to submit a listener notification task. Event loop shut down?
java.util.concurrent.RejectedExecutionException: event executor terminated
	at io.netty.util.concurrent.SingleThreadEventExecutor.reject(SingleThreadEventExecutor.java:934)
	at io.netty.util.concurrent.SingleThreadEventExecutor.offerTask(SingleThreadEventExecutor.java:353)
	at io.netty.util.concurrent.SingleThreadEventExecutor.addTask(SingleThreadEventExecutor.java:346)
	at io.netty.util.concurrent.SingleThreadEventExecutor.execute(SingleThreadEventExecutor.java:836)
	at io.netty.util.concurrent.SingleThreadEventExecutor.execute0(SingleThreadEventExecutor.java:827)
	at io.netty.util.concurrent.SingleThreadEventExecutor.execute(SingleThreadEventExecutor.java:817)
	at io.netty.util.concurrent.DefaultPromise.safeExecute(DefaultPromise.java:879)
	at io.netty.util.concurrent.DefaultPromise.notifyListeners(DefaultPromise.java:514)
	at io.netty.util.concurrent.DefaultPromise.addListener(DefaultPromise.java:199)
	at io.netty.channel.DefaultChannelPromise.addListener(DefaultChannelPromise.java:95)
	at io.netty.channel.DefaultChannelPromise.addListener(DefaultChannelPromise.java:30)
	at io.netty.bootstrap.ServerBootstrap$ServerBootstrapAcceptor.channelRead(ServerBootstrap.java:249)
	at io.netty.channel.AbstractChannelHandlerContext.invokeChannelRead(AbstractChannelHandlerContext.java:444)
	at io.netty.channel.AbstractChannelHandlerContext.invokeChannelRead(AbstractChannelHandlerContext.java:420)
	at io.netty.channel.AbstractChannelHandlerContext.fireChannelRead(AbstractChannelHandlerContext.java:412)
	at io.netty.channel.DefaultChannelPipeline$HeadContext.channelRead(DefaultChannelPipeline.java:1357)
	at io.netty.channel.AbstractChannelHandlerContext.invokeChannelRead(AbstractChannelHandlerContext.java:440)
	at io.netty.channel.AbstractChannelHandlerContext.invokeChannelRead(AbstractChannelHandlerContext.java:420)
	at io.netty.channel.DefaultChannelPipeline.fireChannelRead(DefaultChannelPipeline.java:868)
	at io.netty.channel.nio.AbstractNioMessageChannel$NioMessageUnsafe.read(AbstractNioMessageChannel.java:97)
	at io.netty.channel.nio.NioEventLoop.processSelectedKey(NioEventLoop.java:796)
	at io.netty.channel.nio.NioEventLoop.processSelectedKeysOptimized(NioEventLoop.java:732)
	at io.netty.channel.nio.NioEventLoop.processSelectedKeys(NioEventLoop.java:658)
	at io.netty.channel.nio.NioEventLoop.run(NioEventLoop.java:562)
	at io.netty.util.concurrent.SingleThreadEventExecutor$4.run(SingleThreadEventExecutor.java:998)
	at io.netty.util.internal.ThreadExecutorMap$2.run(ThreadExecutorMap.java:74)
	at io.netty.util.concurrent.FastThreadLocalRunnable.run(FastThreadLocalRunnable.java:30)
	at java.base/java.lang.Thread.run(Thread.java:1583)

Aug 31, 2026 12:17:05 AM io.gapi.emulators.netty.HttpVersionRoutingHandler channelRead
INFO: Detected non-HTTP/2 connection.
Aug 31, 2026 12:17:05 AM io.gapi.emulators.netty.HttpVersionRoutingHandler channelRead
INFO: Detected non-HTTP/2 connection.
Aug 31, 2026 12:17:05 AM io.gapi.emulators.netty.HttpVersionRoutingHandler channelRead
INFO: Detected non-HTTP/2 connection.
Aug 31, 2026 12:17:05 AM io.gapi.emulators.netty.HttpVersionRoutingHandler channelRead
INFO: Detected non-HTTP/2 connection.
Aug 31, 2026 12:17:05 AM io.gapi.emulators.netty.HttpVersionRoutingHandler channelRead
INFO: Detected non-HTTP/2 connection.
Aug 31, 2026 12:17:05 AM io.gapi.emulators.netty.HttpVersionRoutingHandler channelRead
INFO: Detected non-HTTP/2 connection.
Aug 31, 2026 12:17:05 AM io.gapi.emulators.netty.HttpVersionRoutingHandler channelRead
INFO: Detected non-HTTP/2 connection.
Aug 31, 2026 12:17:05 AM io.gapi.emulators.netty.HttpVersionRoutingHandler channelRead
INFO: Detected non-HTTP/2 connection.
Aug 31, 2026 12:17:05 AM io.gapi.emulators.netty.HttpVersionRoutingHandler channelRead
INFO: Detected non-HTTP/2 connection.
Aug 31, 2026 12:17:05 AM io.gapi.emulators.netty.HttpVersionRoutingHandler channelRead
INFO: Detected non-HTTP/2 connection.
Aug 31, 2026 12:17:05 AM io.gapi.emulators.netty.HttpVersionRoutingHandler channelRead
INFO: Detected non-HTTP/2 connection.
Aug 31, 2026 12:17:05 AM io.gapi.emulators.netty.HttpVersionRoutingHandler channelRead
INFO: Detected non-HTTP/2 connection.
Aug 31, 2026 12:17:05 AM io.gapi.emulators.netty.HttpVersionRoutingHandler channelRead
INFO: Detected non-HTTP/2 connection.
Aug 31, 2026 12:17:05 AM io.gapi.emulators.netty.HttpVersionRoutingHandler channelRead
INFO: Detected non-HTTP/2 connection.
Aug 31, 2026 12:17:05 AM io.netty.channel.AbstractChannel$AbstractUnsafe register
WARNING: Force-closing a channel whose registration task was not accepted by an event loop: [id: 0xd00d1944, L:/127.0.0.1:39155 - R:/127.0.0.1:49414]
java.util.concurrent.RejectedExecutionException: event executor terminated
	at io.netty.util.concurrent.SingleThreadEventExecutor.reject(SingleThreadEventExecutor.java:934)
	at io.netty.util.concurrent.SingleThreadEventExecutor.offerTask(SingleThreadEventExecutor.java:353)
	at io.netty.util.concurrent.SingleThreadEventExecutor.addTask(SingleThreadEventExecutor.java:346)
	at io.netty.util.concurrent.SingleThreadEventExecutor.execute(SingleThreadEventExecutor.java:836)
	at io.netty.util.concurrent.SingleThreadEventExecutor.execute0(SingleThreadEventExecutor.java:827)
	at io.netty.util.concurrent.SingleThreadEventExecutor.execute(SingleThreadEventExecutor.java:817)
	at io.netty.channel.AbstractChannel$AbstractUnsafe.register(AbstractChannel.java:482)
	at io.netty.channel.SingleThreadEventLoop.register(SingleThreadEventLoop.java:89)
	at io.netty.channel.SingleThreadEventLoop.register(SingleThreadEventLoop.java:83)
	at io.netty.channel.MultithreadEventLoopGroup.register(MultithreadEventLoopGroup.java:86)
	at io.netty.bootstrap.ServerBootstrap$ServerBootstrapAcceptor.channelRead(ServerBootstrap.java:249)
	at io.netty.channel.AbstractChannelHandlerContext.invokeChannelRead(AbstractChannelHandlerContext.java:444)
	at io.netty.channel.AbstractChannelHandlerContext.invokeChannelRead(AbstractChannelHandlerContext.java:420)
	at io.netty.channel.AbstractChannelHandlerContext.fireChannelRead(AbstractChannelHandlerContext.java:412)
	at io.netty.channel.DefaultChannelPipeline$HeadContext.channelRead(DefaultChannelPipeline.java:1357)
	at io.netty.channel.AbstractChannelHandlerContext.invokeChannelRead(AbstractChannelHandlerContext.java:440)
	at io.netty.channel.AbstractChannelHandlerContext.invokeChannelRead(AbstractChannelHandlerContext.java:420)
	at io.netty.channel.DefaultChannelPipeline.fireChannelRead(DefaultChannelPipeline.java:868)
	at io.netty.channel.nio.AbstractNioMessageChannel$NioMessageUnsafe.read(AbstractNioMessageChannel.java:97)
	at io.netty.channel.nio.NioEventLoop.processSelectedKey(NioEventLoop.java:796)
	at io.netty.channel.nio.NioEventLoop.processSelectedKeysOptimized(NioEventLoop.java:732)
	at io.netty.channel.nio.NioEventLoop.processSelectedKeys(NioEventLoop.java:658)
	at io.netty.channel.nio.NioEventLoop.run(NioEventLoop.java:562)
	at io.netty.util.concurrent.SingleThreadEventExecutor$4.run(SingleThreadEventExecutor.java:998)
	at io.netty.util.internal.ThreadExecutorMap$2.run(ThreadExecutorMap.java:74)
	at io.netty.util.concurrent.FastThreadLocalRunnable.run(FastThreadLocalRunnable.java:30)
	at java.base/java.lang.Thread.run(Thread.java:1583)

Aug 31, 2026 12:17:05 AM io.netty.util.concurrent.DefaultPromise safeExecute
SEVERE: Failed to submit a listener notification task. Event loop shut down?
java.util.concurrent.RejectedExecutionException: event executor terminated
	at io.netty.util.concurrent.SingleThreadEventExecutor.reject(SingleThreadEventExecutor.java:934)
	at io.netty.util.concurrent.SingleThreadEventExecutor.offerTask(SingleThreadEventExecutor.java:353)
	at io.netty.util.concurrent.SingleThreadEventExecutor.addTask(SingleThreadEventExecutor.java:346)
	at io.netty.util.concurrent.SingleThreadEventExecutor.execute(SingleThreadEventExecutor.java:836)
	at io.netty.util.concurrent.SingleThreadEventExecutor.execute0(SingleThreadEventExecutor.java:827)
	at io.netty.util.concurrent.SingleThreadEventExecutor.execute(SingleThreadEventExecutor.java:817)
	at io.netty.util.concurrent.DefaultPromise.safeExecute(DefaultPromise.java:879)
	at io.netty.util.concurrent.DefaultPromise.notifyListeners(DefaultPromise.java:514)
	at io.netty.util.concurrent.DefaultPromise.addListener(DefaultPromise.java:199)
	at io.netty.channel.DefaultChannelPromise.addListener(DefaultChannelPromise.java:95)
	at io.netty.channel.DefaultChannelPromise.addListener(DefaultChannelPromise.java:30)
	at io.netty.bootstrap.ServerBootstrap$ServerBootstrapAcceptor.channelRead(ServerBootstrap.java:249)
	at io.netty.channel.AbstractChannelHandlerContext.invokeChannelRead(AbstractChannelHandlerContext.java:444)
	at io.netty.channel.AbstractChannelHandlerContext.invokeChannelRead(AbstractChannelHandlerContext.java:420)
	at io.netty.channel.AbstractChannelHandlerContext.fireChannelRead(AbstractChannelHandlerContext.java:412)
	at io.netty.channel.DefaultChannelPipeline$HeadContext.channelRead(DefaultChannelPipeline.java:1357)
	at io.netty.channel.AbstractChannelHandlerContext.invokeChannelRead(AbstractChannelHandlerContext.java:440)
	at io.netty.channel.AbstractChannelHandlerContext.invokeChannelRead(AbstractChannelHandlerContext.java:420)
	at io.netty.channel.DefaultChannelPipeline.fireChannelRead(DefaultChannelPipeline.java:868)
	at io.netty.channel.nio.AbstractNioMessageChannel$NioMessageUnsafe.read(AbstractNioMessageChannel.java:97)
	at io.netty.channel.nio.NioEventLoop.processSelectedKey(NioEventLoop.java:796)
	at io.netty.channel.nio.NioEventLoop.processSelectedKeysOptimized(NioEventLoop.java:732)
	at io.netty.channel.nio.NioEventLoop.processSelectedKeys(NioEventLoop.java:658)
	at io.netty.channel.nio.NioEventLoop.run(NioEventLoop.java:562)
	at io.netty.util.concurrent.SingleThreadEventExecutor$4.run(SingleThreadEventExecutor.java:998)
	at io.netty.util.internal.ThreadExecutorMap$2.run(ThreadExecutorMap.java:74)
	at io.netty.util.concurrent.FastThreadLocalRunnable.run(FastThreadLocalRunnable.java:30)
	at java.base/java.lang.Thread.run(Thread.java:1583)

Aug 31, 2026 12:17:05 AM io.gapi.emulators.netty.HttpVersionRoutingHandler channelRead
INFO: Detected non-HTTP/2 connection.
Aug 31, 2026 12:17:05 AM io.gapi.emulators.netty.HttpVersionRoutingHandler channelRead
INFO: Detected non-HTTP/2 connection.
Aug 31, 2026 12:17:05 AM io.gapi.emulators.netty.HttpVersionRoutingHandler channelRead
INFO: Detected non-HTTP/2 connection.
Aug 31, 2026 12:17:05 AM io.gapi.emulators.netty.HttpVersionRoutingHandler channelRead
INFO: Detected non-HTTP/2 connection.
Aug 31, 2026 12:17:09 AM com.google.cloud.datastore.emulator.impl.util.WrappedStreamObserver onError
WARNING: Operation failed: Java heap space
java.lang.OutOfMemoryError: Java heap space

Aug 31, 2026 12:17:09 AM io.gapi.emulators.netty.HttpHandler$1 onError
INFO: Exception when handling request: UNKNOWN
Aug 31, 2026 12:17:09 AM io.gapi.emulators.netty.HttpVersionRoutingHandler channelRead
INFO: Detected non-HTTP/2 connection.
Aug 31, 2026 12:17:09 AM io.netty.channel.AbstractChannel$AbstractUnsafe register
WARNING: Force-closing a channel whose registration task was not accepted by an event loop: [id: 0x12ec8173, L:/127.0.0.1:39155 - R:/127.0.0.1:55942]
java.util.concurrent.RejectedExecutionException: event executor terminated
	at io.netty.util.concurrent.SingleThreadEventExecutor.reject(SingleThreadEventExecutor.java:934)
	at io.netty.util.concurrent.SingleThreadEventExecutor.offerTask(SingleThreadEventExecutor.java:353)
	at io.netty.util.concurrent.SingleThreadEventExecutor.addTask(SingleThreadEventExecutor.java:346)
	at io.netty.util.concurrent.SingleThreadEventExecutor.execute(SingleThreadEventExecutor.java:836)
	at io.netty.util.concurrent.SingleThreadEventExecutor.execute0(SingleThreadEventExecutor.java:827)
	at io.netty.util.concurrent.SingleThreadEventExecutor.execute(SingleThreadEventExecutor.java:817)
	at io.netty.channel.AbstractChannel$AbstractUnsafe.register(AbstractChannel.java:482)
	at io.netty.channel.SingleThreadEventLoop.register(SingleThreadEventLoop.java:89)
	at io.netty.channel.SingleThreadEventLoop.register(SingleThreadEventLoop.java:83)
	at io.netty.channel.MultithreadEventLoopGroup.register(MultithreadEventLoopGroup.java:86)
	at io.netty.bootstrap.ServerBootstrap$ServerBootstrapAcceptor.channelRead(ServerBootstrap.java:249)
	at io.netty.channel.AbstractChannelHandlerContext.invokeChannelRead(AbstractChannelHandlerContext.java:444)
	at io.netty.channel.AbstractChannelHandlerContext.invokeChannelRead(AbstractChannelHandlerContext.java:420)
	at io.netty.channel.AbstractChannelHandlerContext.fireChannelRead(AbstractChannelHandlerContext.java:412)
	at io.netty.channel.DefaultChannelPipeline$HeadContext.channelRead(DefaultChannelPipeline.java:1357)
	at io.netty.channel.AbstractChannelHandlerContext.invokeChannelRead(AbstractChannelHandlerContext.java:440)
	at io.netty.channel.AbstractChannelHandlerContext.invokeChannelRead(AbstractChannelHandlerContext.java:420)
	at io.netty.channel.DefaultChannelPipeline.fireChannelRead(DefaultChannelPipeline.java:868)
	at io.netty.channel.nio.AbstractNioMessageChannel$NioMessageUnsafe.read(AbstractNioMessageChannel.java:97)
	at io.netty.channel.nio.NioEventLoop.processSelectedKey(NioEventLoop.java:796)
	at io.netty.channel.nio.NioEventLoop.processSelectedKeysOptimized(NioEventLoop.java:732)
	at io.netty.channel.nio.NioEventLoop.processSelectedKeys(NioEventLoop.java:658)
	at io.netty.channel.nio.NioEventLoop.run(NioEventLoop.java:562)
	at io.netty.util.concurrent.SingleThreadEventExecutor$4.run(SingleThreadEventExecutor.java:998)
	at io.netty.util.internal.ThreadExecutorMap$2.run(ThreadExecutorMap.java:74)
	at io.netty.util.concurrent.FastThreadLocalRunnable.run(FastThreadLocalRunnable.java:30)
	at java.base/java.lang.Thread.run(Thread.java:1583)

Aug 31, 2026 12:17:09 AM io.netty.util.concurrent.DefaultPromise safeExecute
SEVERE: Failed to submit a listener notification task. Event loop shut down?
java.util.concurrent.RejectedExecutionException: event executor terminated
	at io.netty.util.concurrent.SingleThreadEventExecutor.reject(SingleThreadEventExecutor.java:934)
	at io.netty.util.concurrent.SingleThreadEventExecutor.offerTask(SingleThreadEventExecutor.java:353)
	at io.netty.util.concurrent.SingleThreadEventExecutor.addTask(SingleThreadEventExecutor.java:346)
	at io.netty.util.concurrent.SingleThreadEventExecutor.execute(SingleThreadEventExecutor.java:836)
	at io.netty.util.concurrent.SingleThreadEventExecutor.execute0(SingleThreadEventExecutor.java:827)
	at io.netty.util.concurrent.SingleThreadEventExecutor.execute(SingleThreadEventExecutor.java:817)
	at io.netty.util.concurrent.DefaultPromise.safeExecute(DefaultPromise.java:879)
	at io.netty.util.concurrent.DefaultPromise.notifyListeners(DefaultPromise.java:514)
	at io.netty.util.concurrent.DefaultPromise.addListener(DefaultPromise.java:199)
	at io.netty.channel.DefaultChannelPromise.addListener(DefaultChannelPromise.java:95)
	at io.netty.channel.DefaultChannelPromise.addListener(DefaultChannelPromise.java:30)
	at io.netty.bootstrap.ServerBootstrap$ServerBootstrapAcceptor.channelRead(ServerBootstrap.java:249)
	at io.netty.channel.AbstractChannelHandlerContext.invokeChannelRead(AbstractChannelHandlerContext.java:444)
	at io.netty.channel.AbstractChannelHandlerContext.invokeChannelRead(AbstractChannelHandlerContext.java:420)
	at io.netty.channel.AbstractChannelHandlerContext.fireChannelRead(AbstractChannelHandlerContext.java:412)
	at io.netty.channel.DefaultChannelPipeline$HeadContext.channelRead(DefaultChannelPipeline.java:1357)
	at io.netty.channel.AbstractChannelHandlerContext.invokeChannelRead(AbstractChannelHandlerContext.java:440)
	at io.netty.channel.AbstractChannelHandlerContext.invokeChannelRead(AbstractChannelHandlerContext.java:420)
	at io.netty.channel.DefaultChannelPipeline.fireChannelRead(DefaultChannelPipeline.java:868)
	at io.netty.channel.nio.AbstractNioMessageChannel$NioMessageUnsafe.read(AbstractNioMessageChannel.java:97)
	at io.netty.channel.nio.NioEventLoop.processSelectedKey(NioEventLoop.java:796)
	at io.netty.channel.nio.NioEventLoop.processSelectedKeysOptimized(NioEventLoop.java:732)
	at io.netty.channel.nio.NioEventLoop.processSelectedKeys(NioEventLoop.java:658)
	at io.netty.channel.nio.NioEventLoop.run(NioEventLoop.java:562)
	at io.netty.util.concurrent.SingleThreadEventExecutor$4.run(SingleThreadEventExecutor.java:998)
	at io.netty.util.internal.ThreadExecutorMap$2.run(ThreadExecutorMap.java:74)
	at io.netty.util.concurrent.FastThreadLocalRunnable.run(FastThreadLocalRunnable.java:30)
	at java.base/java.lang.Thread.run(Thread.java:1583)

Aug 31, 2026 12:17:09 AM io.gapi.emulators.netty.HttpVersionRoutingHandler channelRead
INFO: Detected non-HTTP/2 connection.
Aug 31, 2026 12:17:09 AM io.gapi.emulators.netty.HttpVersionRoutingHandler channelRead
INFO: Detected non-HTTP/2 connection.
Aug 31, 2026 12:17:09 AM io.gapi.emulators.netty.HttpVersionRoutingHandler channelRead
INFO: Detected non-HTTP/2 connection.
Aug 31, 2026 12:17:09 AM io.gapi.emulators.netty.HttpVersionRoutingHandler channelRead
INFO: Detected non-HTTP/2 connection.
Aug 31, 2026 12:17:09 AM io.gapi.emulators.netty.HttpVersionRoutingHandler channelRead
INFO: Detected non-HTTP/2 connection.
Aug 31, 2026 12:17:09 AM io.gapi.emulators.netty.HttpVersionRoutingHandler channelRead
INFO: Detected non-HTTP/2 connection.
Aug 31, 2026 12:17:09 AM io.gapi.emulators.netty.HttpVersionRoutingHandler channelRead
INFO: Detected non-HTTP/2 connection.
Aug 31, 2026 12:17:09 AM io.gapi.emulators.netty.HttpVersionRoutingHandler channelRead
INFO: Detected non-HTTP/2 connection.
Aug 31, 2026 12:17:09 AM io.gapi.emulators.netty.HttpVersionRoutingHandler channelRead
INFO: Detected non-HTTP/2 connection.
Aug 31, 2026 12:17:09 AM io.gapi.emulators.netty.HttpVersionRoutingHandler channelRead
INFO: Detected non-HTTP/2 connection.
Aug 31, 2026 12:17:09 AM io.gapi.emulators.netty.HttpVersionRoutingHandler channelRead
INFO: Detected non-HTTP/2 connection.
Aug 31, 2026 12:17:14 AM com.google.cloud.datastore.emulator.impl.util.WrappedStreamObserver onError
WARNING: Operation failed: Java heap space
java.lang.OutOfMemoryError: Java heap space

Aug 31, 2026 12:17:14 AM io.gapi.emulators.netty.HttpHandler$1 onError
INFO: Exception when handling request: UNKNOWN
Aug 31, 2026 12:17:19 AM com.google.cloud.datastore.emulator.impl.util.WrappedStreamObserver onError
WARNING: Operation failed: Java heap space: failed reallocation of scalar replaced objects
java.lang.OutOfMemoryError: Java heap space: failed reallocation of scalar replaced objects

Aug 31, 2026 12:17:19 AM io.gapi.emulators.netty.HttpHandler$1 onError
INFO: Exception when handling request: UNKNOWN
Aug 31, 2026 12:17:23 AM com.google.cloud.datastore.emulator.impl.util.WrappedStreamObserver onError
WARNING: Operation failed: Java heap space
java.lang.OutOfMemoryError: Java heap space

Aug 31, 2026 12:17:23 AM io.gapi.emulators.netty.HttpHandler$1 onError
INFO: Exception when handling request: UNKNOWN
Aug 31, 2026 12:17:28 AM com.google.cloud.datastore.emulator.impl.util.WrappedStreamObserver onError
WARNING: Operation failed: Java heap space
java.lang.OutOfMemoryError: Java heap space

Aug 31, 2026 12:17:28 AM io.gapi.emulators.netty.HttpHandler$1 onError
INFO: Exception when handling request: UNKNOWN
Aug 31, 2026 12:17:33 AM com.google.cloud.datastore.emulator.impl.util.WrappedStreamObserver onError
WARNING: Operation failed: Java heap space: failed reallocation of scalar replaced objects
java.lang.OutOfMemoryError: Java heap space: failed reallocation of scalar replaced objects

Aug 31, 2026 12:17:33 AM io.gapi.emulators.netty.HttpHandler$1 onError
INFO: Exception when handling request: UNKNOWN
Aug 31, 2026 12:17:34 AM io.gapi.emulators.netty.HttpVersionRoutingHandler channelRead
INFO: Detected non-HTTP/2 connection.
Aug 31, 2026 12:17:35 AM io.gapi.emulators.netty.HttpVersionRoutingHandler channelRead
INFO: Detected non-HTTP/2 connection.
Aug 31, 2026 12:17:35 AM io.netty.channel.AbstractChannel$AbstractUnsafe register
WARNING: Force-closing a channel whose registration task was not accepted by an event loop: [id: 0xaab4abdd, L:/127.0.0.1:39155 - R:/127.0.0.1:34444]
java.util.concurrent.RejectedExecutionException: event executor terminated
	at io.netty.util.concurrent.SingleThreadEventExecutor.reject(SingleThreadEventExecutor.java:934)
	at io.netty.util.concurrent.SingleThreadEventExecutor.offerTask(SingleThreadEventExecutor.java:353)
	at io.netty.util.concurrent.SingleThreadEventExecutor.addTask(SingleThreadEventExecutor.java:346)
	at io.netty.util.concurrent.SingleThreadEventExecutor.execute(SingleThreadEventExecutor.java:836)
	at io.netty.util.concurrent.SingleThreadEventExecutor.execute0(SingleThreadEventExecutor.java:827)
	at io.netty.util.concurrent.SingleThreadEventExecutor.execute(SingleThreadEventExecutor.java:817)
	at io.netty.channel.AbstractChannel$AbstractUnsafe.register(AbstractChannel.java:482)
	at io.netty.channel.SingleThreadEventLoop.register(SingleThreadEventLoop.java:89)
	at io.netty.channel.SingleThreadEventLoop.register(SingleThreadEventLoop.java:83)
	at io.netty.channel.MultithreadEventLoopGroup.register(MultithreadEventLoopGroup.java:86)
	at io.netty.bootstrap.ServerBootstrap$ServerBootstrapAcceptor.channelRead(ServerBootstrap.java:249)
	at io.netty.channel.AbstractChannelHandlerContext.invokeChannelRead(AbstractChannelHandlerContext.java:444)
	at io.netty.channel.AbstractChannelHandlerContext.invokeChannelRead(AbstractChannelHandlerContext.java:420)
	at io.netty.channel.AbstractChannelHandlerContext.fireChannelRead(AbstractChannelHandlerContext.java:412)
	at io.netty.channel.DefaultChannelPipeline$HeadContext.channelRead(DefaultChannelPipeline.java:1357)
	at io.netty.channel.AbstractChannelHandlerContext.invokeChannelRead(AbstractChannelHandlerContext.java:440)
	at io.netty.channel.AbstractChannelHandlerContext.invokeChannelRead(AbstractChannelHandlerContext.java:420)
	at io.netty.channel.DefaultChannelPipeline.fireChannelRead(DefaultChannelPipeline.java:868)
	at io.netty.channel.nio.AbstractNioMessageChannel$NioMessageUnsafe.read(AbstractNioMessageChannel.java:97)
	at io.netty.channel.nio.NioEventLoop.processSelectedKey(NioEventLoop.java:796)
	at io.netty.channel.nio.NioEventLoop.processSelectedKeysOptimized(NioEventLoop.java:732)
	at io.netty.channel.nio.NioEventLoop.processSelectedKeys(NioEventLoop.java:658)
	at io.netty.channel.nio.NioEventLoop.run(NioEventLoop.java:562)
	at io.netty.util.concurrent.SingleThreadEventExecutor$4.run(SingleThreadEventExecutor.java:998)
	at io.netty.util.internal.ThreadExecutorMap$2.run(ThreadExecutorMap.java:74)
	at io.netty.util.concurrent.FastThreadLocalRunnable.run(FastThreadLocalRunnable.java:30)
	at java.base/java.lang.Thread.run(Thread.java:1583)

Aug 31, 2026 12:17:35 AM io.netty.util.concurrent.DefaultPromise safeExecute
SEVERE: Failed to submit a listener notification task. Event loop shut down?
java.util.concurrent.RejectedExecutionException: event executor terminated
	at io.netty.util.concurrent.SingleThreadEventExecutor.reject(SingleThreadEventExecutor.java:934)
	at io.netty.util.concurrent.SingleThreadEventExecutor.offerTask(SingleThreadEventExecutor.java:353)
	at io.netty.util.concurrent.SingleThreadEventExecutor.addTask(SingleThreadEventExecutor.java:346)
	at io.netty.util.concurrent.SingleThreadEventExecutor.execute(SingleThreadEventExecutor.java:836)
	at io.netty.util.concurrent.SingleThreadEventExecutor.execute0(SingleThreadEventExecutor.java:827)
	at io.netty.util.concurrent.SingleThreadEventExecutor.execute(SingleThreadEventExecutor.java:817)
	at io.netty.util.concurrent.DefaultPromise.safeExecute(DefaultPromise.java:879)
	at io.netty.util.concurrent.DefaultPromise.notifyListeners(DefaultPromise.java:514)
	at io.netty.util.concurrent.DefaultPromise.addListener(DefaultPromise.java:199)
	at io.netty.channel.DefaultChannelPromise.addListener(DefaultChannelPromise.java:95)
	at io.netty.channel.DefaultChannelPromise.addListener(DefaultChannelPromise.java:30)
	at io.netty.bootstrap.ServerBootstrap$ServerBootstrapAcceptor.channelRead(ServerBootstrap.java:249)
	at io.netty.channel.AbstractChannelHandlerContext.invokeChannelRead(AbstractChannelHandlerContext.java:444)
	at io.netty.channel.AbstractChannelHandlerContext.invokeChannelRead(AbstractChannelHandlerContext.java:420)
	at io.netty.channel.AbstractChannelHandlerContext.fireChannelRead(AbstractChannelHandlerContext.java:412)
	at io.netty.channel.DefaultChannelPipeline$HeadContext.channelRead(DefaultChannelPipeline.java:1357)
	at io.netty.channel.AbstractChannelHandlerContext.invokeChannelRead(AbstractChannelHandlerContext.java:440)
	at io.netty.channel.AbstractChannelHandlerContext.invokeChannelRead(AbstractChannelHandlerContext.java:420)
	at io.netty.channel.DefaultChannelPipeline.fireChannelRead(DefaultChannelPipeline.java:868)
	at io.netty.channel.nio.AbstractNioMessageChannel$NioMessageUnsafe.read(AbstractNioMessageChannel.java:97)
	at io.netty.channel.nio.NioEventLoop.processSelectedKey(NioEventLoop.java:796)
	at io.netty.channel.nio.NioEventLoop.processSelectedKeysOptimized(NioEventLoop.java:732)
	at io.netty.channel.nio.NioEventLoop.processSelectedKeys(NioEventLoop.java:658)
	at io.netty.channel.nio.NioEventLoop.run(NioEventLoop.java:562)
	at io.netty.util.concurrent.SingleThreadEventExecutor$4.run(SingleThreadEventExecutor.java:998)
	at io.netty.util.internal.ThreadExecutorMap$2.run(ThreadExecutorMap.java:74)
	at io.netty.util.concurrent.FastThreadLocalRunnable.run(FastThreadLocalRunnable.java:30)
	at java.base/java.lang.Thread.run(Thread.java:1583)

Aug 31, 2026 12:17:35 AM io.gapi.emulators.netty.HttpVersionRoutingHandler channelRead
INFO: Detected non-HTTP/2 connection.
Aug 31, 2026 12:17:35 AM io.gapi.emulators.netty.HttpVersionRoutingHandler channelRead
INFO: Detected non-HTTP/2 connection.
Aug 31, 2026 12:17:35 AM io.gapi.emulators.netty.HttpVersionRoutingHandler channelRead
INFO: Detected non-HTTP/2 connection.
Aug 31, 2026 12:17:35 AM io.gapi.emulators.netty.HttpVersionRoutingHandler channelRead
INFO: Detected non-HTTP/2 connection.
Aug 31, 2026 12:17:35 AM io.gapi.emulators.netty.HttpVersionRoutingHandler channelRead
INFO: Detected non-HTTP/2 connection.
Aug 31, 2026 12:17:35 AM io.gapi.emulators.netty.HttpVersionRoutingHandler channelRead
INFO: Detected non-HTTP/2 connection.
Aug 31, 2026 12:17:35 AM io.netty.channel.AbstractChannel$AbstractUnsafe register
WARNING: Force-closing a channel whose registration task was not accepted by an event loop: [id: 0xb704acf1, L:/127.0.0.1:39155 - R:/127.0.0.1:34500]
java.util.concurrent.RejectedExecutionException: event executor terminated
	at io.netty.util.concurrent.SingleThreadEventExecutor.reject(SingleThreadEventExecutor.java:934)
	at io.netty.util.concurrent.SingleThreadEventExecutor.offerTask(SingleThreadEventExecutor.java:353)
	at io.netty.util.concurrent.SingleThreadEventExecutor.addTask(SingleThreadEventExecutor.java:346)
	at io.netty.util.concurrent.SingleThreadEventExecutor.execute(SingleThreadEventExecutor.java:836)
	at io.netty.util.concurrent.SingleThreadEventExecutor.execute0(SingleThreadEventExecutor.java:827)
	at io.netty.util.concurrent.SingleThreadEventExecutor.execute(SingleThreadEventExecutor.java:817)
	at io.netty.channel.AbstractChannel$AbstractUnsafe.register(AbstractChannel.java:482)
	at io.netty.channel.SingleThreadEventLoop.register(SingleThreadEventLoop.java:89)
	at io.netty.channel.SingleThreadEventLoop.register(SingleThreadEventLoop.java:83)
	at io.netty.channel.MultithreadEventLoopGroup.register(MultithreadEventLoopGroup.java:86)
	at io.netty.bootstrap.ServerBootstrap$ServerBootstrapAcceptor.channelRead(ServerBootstrap.java:249)
	at io.netty.channel.AbstractChannelHandlerContext.invokeChannelRead(AbstractChannelHandlerContext.java:444)
	at io.netty.channel.AbstractChannelHandlerContext.invokeChannelRead(AbstractChannelHandlerContext.java:420)
	at io.netty.channel.AbstractChannelHandlerContext.fireChannelRead(AbstractChannelHandlerContext.java:412)
	at io.netty.channel.DefaultChannelPipeline$HeadContext.channelRead(DefaultChannelPipeline.java:1357)
	at io.netty.channel.AbstractChannelHandlerContext.invokeChannelRead(AbstractChannelHandlerContext.java:440)
	at io.netty.channel.AbstractChannelHandlerContext.invokeChannelRead(AbstractChannelHandlerContext.java:420)
	at io.netty.channel.DefaultChannelPipeline.fireChannelRead(DefaultChannelPipeline.java:868)
	at io.netty.channel.nio.AbstractNioMessageChannel$NioMessageUnsafe.read(AbstractNioMessageChannel.java:97)
	at io.netty.channel.nio.NioEventLoop.processSelectedKey(NioEventLoop.java:796)
	at io.netty.channel.nio.NioEventLoop.processSelectedKeysOptimized(NioEventLoop.java:732)
	at io.netty.channel.nio.NioEventLoop.processSelectedKeys(NioEventLoop.java:658)
	at io.netty.channel.nio.NioEventLoop.run(NioEventLoop.java:562)
	at io.netty.util.concurrent.SingleThreadEventExecutor$4.run(SingleThreadEventExecutor.java:998)
	at io.netty.util.internal.ThreadExecutorMap$2.run(ThreadExecutorMap.java:74)
	at io.netty.util.concurrent.FastThreadLocalRunnable.run(FastThreadLocalRunnable.java:30)
	at java.base/java.lang.Thread.run(Thread.java:1583)

Aug 31, 2026 12:17:35 AM io.netty.util.concurrent.DefaultPromise safeExecute
SEVERE: Failed to submit a listener notification task. Event loop shut down?
java.util.concurrent.RejectedExecutionException: event executor terminated
	at io.netty.util.concurrent.SingleThreadEventExecutor.reject(SingleThreadEventExecutor.java:934)
	at io.netty.util.concurrent.SingleThreadEventExecutor.offerTask(SingleThreadEventExecutor.java:353)
	at io.netty.util.concurrent.SingleThreadEventExecutor.addTask(SingleThreadEventExecutor.java:346)
	at io.netty.util.concurrent.SingleThreadEventExecutor.execute(SingleThreadEventExecutor.java:836)
	at io.netty.util.concurrent.SingleThreadEventExecutor.execute0(SingleThreadEventExecutor.java:827)
	at io.netty.util.concurrent.SingleThreadEventExecutor.execute(SingleThreadEventExecutor.java:817)
	at io.netty.util.concurrent.DefaultPromise.safeExecute(DefaultPromise.java:879)
	at io.netty.util.concurrent.DefaultPromise.notifyListeners(DefaultPromise.java:514)
	at io.netty.util.concurrent.DefaultPromise.addListener(DefaultPromise.java:199)
	at io.netty.channel.DefaultChannelPromise.addListener(DefaultChannelPromise.java:95)
	at io.netty.channel.DefaultChannelPromise.addListener(DefaultChannelPromise.java:30)
	at io.netty.bootstrap.ServerBootstrap$ServerBootstrapAcceptor.channelRead(ServerBootstrap.java:249)
	at io.netty.channel.AbstractChannelHandlerContext.invokeChannelRead(AbstractChannelHandlerContext.java:444)
	at io.netty.channel.AbstractChannelHandlerContext.invokeChannelRead(AbstractChannelHandlerContext.java:420)
	at io.netty.channel.AbstractChannelHandlerContext.fireChannelRead(AbstractChannelHandlerContext.java:412)
	at io.netty.channel.DefaultChannelPipeline$HeadContext.channelRead(DefaultChannelPipeline.java:1357)
	at io.netty.channel.AbstractChannelHandlerContext.invokeChannelRead(AbstractChannelHandlerContext.java:440)
	at io.netty.channel.AbstractChannelHandlerContext.invokeChannelRead(AbstractChannelHandlerContext.java:420)
	at io.netty.channel.DefaultChannelPipeline.fireChannelRead(DefaultChannelPipeline.java:868)
	at io.netty.channel.nio.AbstractNioMessageChannel$NioMessageUnsafe.read(AbstractNioMessageChannel.java:97)
	at io.netty.channel.nio.NioEventLoop.processSelectedKey(NioEventLoop.java:796)
	at io.netty.channel.nio.NioEventLoop.processSelectedKeysOptimized(NioEventLoop.java:732)
	at io.netty.channel.nio.NioEventLoop.processSelectedKeys(NioEventLoop.java:658)
	at io.netty.channel.nio.NioEventLoop.run(NioEventLoop.java:562)
	at io.netty.util.concurrent.SingleThreadEventExecutor$4.run(SingleThreadEventExecutor.java:998)
	at io.netty.util.internal.ThreadExecutorMap$2.run(ThreadExecutorMap.java:74)
	at io.netty.util.concurrent.FastThreadLocalRunnable.run(FastThreadLocalRunnable.java:30)
	at java.base/java.lang.Thread.run(Thread.java:1583)

Aug 31, 2026 12:17:35 AM io.gapi.emulators.netty.HttpVersionRoutingHandler channelRead
INFO: Detected non-HTTP/2 connection.
Aug 31, 2026 12:17:35 AM io.gapi.emulators.netty.HttpVersionRoutingHandler channelRead
INFO: Detected non-HTTP/2 connection.
Aug 31, 2026 12:17:35 AM io.gapi.emulators.netty.HttpVersionRoutingHandler channelRead
INFO: Detected non-HTTP/2 connection.
Aug 31, 2026 12:17:35 AM io.gapi.emulators.netty.HttpVersionRoutingHandler channelRead
INFO: Detected non-HTTP/2 connection.
Aug 31, 2026 12:17:35 AM io.gapi.emulators.netty.HttpVersionRoutingHandler channelRead
INFO: Detected non-HTTP/2 connection.
Aug 31, 2026 12:17:35 AM io.gapi.emulators.netty.HttpVersionRoutingHandler channelRead
INFO: Detected non-HTTP/2 connection.
Aug 31, 2026 12:17:35 AM io.gapi.emulators.netty.HttpVersionRoutingHandler channelRead
INFO: Detected non-HTTP/2 connection.
Aug 31, 2026 12:17:35 AM io.gapi.emulators.netty.HttpVersionRoutingHandler channelRead
INFO: Detected non-HTTP/2 connection.
Aug 31, 2026 12:17:35 AM io.gapi.emulators.netty.HttpVersionRoutingHandler channelRead
INFO: Detected non-HTTP/2 connection.
Aug 31, 2026 12:17:35 AM io.gapi.emulators.netty.HttpVersionRoutingHandler channelRead
INFO: Detected non-HTTP/2 connection.
Aug 31, 2026 12:17:35 AM io.gapi.emulators.netty.HttpVersionRoutingHandler channelRead
INFO: Detected non-HTTP/2 connection.
Aug 31, 2026 12:17:35 AM io.gapi.emulators.netty.HttpVersionRoutingHandler channelRead
INFO: Detected non-HTTP/2 connection.
Aug 31, 2026 12:17:38 AM com.google.cloud.datastore.emulator.impl.util.WrappedStreamObserver onError
WARNING: Operation failed: Java heap space: failed reallocation of scalar replaced objects
java.lang.OutOfMemoryError: Java heap space: failed reallocation of scalar replaced objects

Aug 31, 2026 12:17:38 AM io.gapi.emulators.netty.HttpHandler$1 onError
INFO: Exception when handling request: UNKNOWN
Aug 31, 2026 12:17:39 AM io.gapi.emulators.netty.HttpVersionRoutingHandler channelRead
INFO: Detected non-HTTP/2 connection.
Aug 31, 2026 12:17:39 AM io.netty.channel.AbstractChannel$AbstractUnsafe register
WARNING: Force-closing a channel whose registration task was not accepted by an event loop: [id: 0x2972ae49, L:/127.0.0.1:39155 - R:/127.0.0.1:42282]
java.util.concurrent.RejectedExecutionException: event executor terminated
	at io.netty.util.concurrent.SingleThreadEventExecutor.reject(SingleThreadEventExecutor.java:934)
	at io.netty.util.concurrent.SingleThreadEventExecutor.offerTask(SingleThreadEventExecutor.java:353)
	at io.netty.util.concurrent.SingleThreadEventExecutor.addTask(SingleThreadEventExecutor.java:346)
	at io.netty.util.concurrent.SingleThreadEventExecutor.execute(SingleThreadEventExecutor.java:836)
	at io.netty.util.concurrent.SingleThreadEventExecutor.execute0(SingleThreadEventExecutor.java:827)
	at io.netty.util.concurrent.SingleThreadEventExecutor.execute(SingleThreadEventExecutor.java:817)
	at io.netty.channel.AbstractChannel$AbstractUnsafe.register(AbstractChannel.java:482)
	at io.netty.channel.SingleThreadEventLoop.register(SingleThreadEventLoop.java:89)
	at io.netty.channel.SingleThreadEventLoop.register(SingleThreadEventLoop.java:83)
	at io.netty.channel.MultithreadEventLoopGroup.register(MultithreadEventLoopGroup.java:86)
	at io.netty.bootstrap.ServerBootstrap$ServerBootstrapAcceptor.channelRead(ServerBootstrap.java:249)
	at io.netty.channel.AbstractChannelHandlerContext.invokeChannelRead(AbstractChannelHandlerContext.java:444)
	at io.netty.channel.AbstractChannelHandlerContext.invokeChannelRead(AbstractChannelHandlerContext.java:420)
	at io.netty.channel.AbstractChannelHandlerContext.fireChannelRead(AbstractChannelHandlerContext.java:412)
	at io.netty.channel.DefaultChannelPipeline$HeadContext.channelRead(DefaultChannelPipeline.java:1357)
	at io.netty.channel.AbstractChannelHandlerContext.invokeChannelRead(AbstractChannelHandlerContext.java:440)
	at io.netty.channel.AbstractChannelHandlerContext.invokeChannelRead(AbstractChannelHandlerContext.java:420)
	at io.netty.channel.DefaultChannelPipeline.fireChannelRead(DefaultChannelPipeline.java:868)
	at io.netty.channel.nio.AbstractNioMessageChannel$NioMessageUnsafe.read(AbstractNioMessageChannel.java:97)
	at io.netty.channel.nio.NioEventLoop.processSelectedKey(NioEventLoop.java:796)
	at io.netty.channel.nio.NioEventLoop.processSelectedKeysOptimized(NioEventLoop.java:732)
	at io.netty.channel.nio.NioEventLoop.processSelectedKeys(NioEventLoop.java:658)
	at io.netty.channel.nio.NioEventLoop.run(NioEventLoop.java:562)
	at io.netty.util.concurrent.SingleThreadEventExecutor$4.run(SingleThreadEventExecutor.java:998)
	at io.netty.util.internal.ThreadExecutorMap$2.run(ThreadExecutorMap.java:74)
	at io.netty.util.concurrent.FastThreadLocalRunnable.run(FastThreadLocalRunnable.java:30)
	at java.base/java.lang.Thread.run(Thread.java:1583)

Aug 31, 2026 12:17:39 AM io.netty.util.concurrent.DefaultPromise safeExecute
SEVERE: Failed to submit a listener notification task. Event loop shut down?
java.util.concurrent.RejectedExecutionException: event executor terminated
	at io.netty.util.concurrent.SingleThreadEventExecutor.reject(SingleThreadEventExecutor.java:934)
	at io.netty.util.concurrent.SingleThreadEventExecutor.offerTask(SingleThreadEventExecutor.java:353)
	at io.netty.util.concurrent.SingleThreadEventExecutor.addTask(SingleThreadEventExecutor.java:346)
	at io.netty.util.concurrent.SingleThreadEventExecutor.execute(SingleThreadEventExecutor.java:836)
	at io.netty.util.concurrent.SingleThreadEventExecutor.execute0(SingleThreadEventExecutor.java:827)
	at io.netty.util.concurrent.SingleThreadEventExecutor.execute(SingleThreadEventExecutor.java:817)
	at io.netty.util.concurrent.DefaultPromise.safeExecute(DefaultPromise.java:879)
	at io.netty.util.concurrent.DefaultPromise.notifyListeners(DefaultPromise.java:514)
	at io.netty.util.concurrent.DefaultPromise.addListener(DefaultPromise.java:199)
	at io.netty.channel.DefaultChannelPromise.addListener(DefaultChannelPromise.java:95)
	at io.netty.channel.DefaultChannelPromise.addListener(DefaultChannelPromise.java:30)
	at io.netty.bootstrap.ServerBootstrap$ServerBootstrapAcceptor.channelRead(ServerBootstrap.java:249)
	at io.netty.channel.AbstractChannelHandlerContext.invokeChannelRead(AbstractChannelHandlerContext.java:444)
	at io.netty.channel.AbstractChannelHandlerContext.invokeChannelRead(AbstractChannelHandlerContext.java:420)
	at io.netty.channel.AbstractChannelHandlerContext.fireChannelRead(AbstractChannelHandlerContext.java:412)
	at io.netty.channel.DefaultChannelPipeline$HeadContext.channelRead(DefaultChannelPipeline.java:1357)
	at io.netty.channel.AbstractChannelHandlerContext.invokeChannelRead(AbstractChannelHandlerContext.java:440)
	at io.netty.channel.AbstractChannelHandlerContext.invokeChannelRead(AbstractChannelHandlerContext.java:420)
	at io.netty.channel.DefaultChannelPipeline.fireChannelRead(DefaultChannelPipeline.java:868)
	at io.netty.channel.nio.AbstractNioMessageChannel$NioMessageUnsafe.read(AbstractNioMessageChannel.java:97)
	at io.netty.channel.nio.NioEventLoop.processSelectedKey(NioEventLoop.java:796)
	at io.netty.channel.nio.NioEventLoop.processSelectedKeysOptimized(NioEventLoop.java:732)
	at io.netty.channel.nio.NioEventLoop.processSelectedKeys(NioEventLoop.java:658)
	at io.netty.channel.nio.NioEventLoop.run(NioEventLoop.java:562)
	at io.netty.util.concurrent.SingleThreadEventExecutor$4.run(SingleThreadEventExecutor.java:998)
	at io.netty.util.internal.ThreadExecutorMap$2.run(ThreadExecutorMap.java:74)
	at io.netty.util.concurrent.FastThreadLocalRunnable.run(FastThreadLocalRunnable.java:30)
	at java.base/java.lang.Thread.run(Thread.java:1583)

Aug 31, 2026 12:17:39 AM io.gapi.emulators.netty.HttpVersionRoutingHandler channelRead
INFO: Detected non-HTTP/2 connection.
Aug 31, 2026 12:17:39 AM io.gapi.emulators.netty.HttpVersionRoutingHandler channelRead
INFO: Detected non-HTTP/2 connection.
Aug 31, 2026 12:17:39 AM io.gapi.emulators.netty.HttpVersionRoutingHandler channelRead
INFO: Detected non-HTTP/2 connection.
Aug 31, 2026 12:17:39 AM io.gapi.emulators.netty.HttpVersionRoutingHandler channelRead
INFO: Detected non-HTTP/2 connection.
Aug 31, 2026 12:17:39 AM io.gapi.emulators.netty.HttpVersionRoutingHandler channelRead
INFO: Detected non-HTTP/2 connection.
Aug 31, 2026 12:17:39 AM io.gapi.emulators.netty.HttpVersionRoutingHandler channelRead
INFO: Detected non-HTTP/2 connection.
Aug 31, 2026 12:17:39 AM io.netty.channel.AbstractChannel$AbstractUnsafe register
WARNING: Force-closing a channel whose registration task was not accepted by an event loop: [id: 0x5ee2556a, L:/127.0.0.1:39155 - R:/127.0.0.1:42346]
java.util.concurrent.RejectedExecutionException: event executor terminated
	at io.netty.util.concurrent.SingleThreadEventExecutor.reject(SingleThreadEventExecutor.java:934)
	at io.netty.util.concurrent.SingleThreadEventExecutor.offerTask(SingleThreadEventExecutor.java:353)
	at io.netty.util.concurrent.SingleThreadEventExecutor.addTask(SingleThreadEventExecutor.java:346)
	at io.netty.util.concurrent.SingleThreadEventExecutor.execute(SingleThreadEventExecutor.java:836)
	at io.netty.util.concurrent.SingleThreadEventExecutor.execute0(SingleThreadEventExecutor.java:827)
	at io.netty.util.concurrent.SingleThreadEventExecutor.execute(SingleThreadEventExecutor.java:817)
	at io.netty.channel.AbstractChannel$AbstractUnsafe.register(AbstractChannel.java:482)
	at io.netty.channel.SingleThreadEventLoop.register(SingleThreadEventLoop.java:89)
	at io.netty.channel.SingleThreadEventLoop.register(SingleThreadEventLoop.java:83)
	at io.netty.channel.MultithreadEventLoopGroup.register(MultithreadEventLoopGroup.java:86)
	at io.netty.bootstrap.ServerBootstrap$ServerBootstrapAcceptor.channelRead(ServerBootstrap.java:249)
	at io.netty.channel.AbstractChannelHandlerContext.invokeChannelRead(AbstractChannelHandlerContext.java:444)
	at io.netty.channel.AbstractChannelHandlerContext.invokeChannelRead(AbstractChannelHandlerContext.java:420)
	at io.netty.channel.AbstractChannelHandlerContext.fireChannelRead(AbstractChannelHandlerContext.java:412)
	at io.netty.channel.DefaultChannelPipeline$HeadContext.channelRead(DefaultChannelPipeline.java:1357)
	at io.netty.channel.AbstractChannelHandlerContext.invokeChannelRead(AbstractChannelHandlerContext.java:440)
	at io.netty.channel.AbstractChannelHandlerContext.invokeChannelRead(AbstractChannelHandlerContext.java:420)
	at io.netty.channel.DefaultChannelPipeline.fireChannelRead(DefaultChannelPipeline.java:868)
	at io.netty.channel.nio.AbstractNioMessageChannel$NioMessageUnsafe.read(AbstractNioMessageChannel.java:97)
	at io.netty.channel.nio.NioEventLoop.processSelectedKey(NioEventLoop.java:796)
	at io.netty.channel.nio.NioEventLoop.processSelectedKeysOptimized(NioEventLoop.java:732)
	at io.netty.channel.nio.NioEventLoop.processSelectedKeys(NioEventLoop.java:658)
	at io.netty.channel.nio.NioEventLoop.run(NioEventLoop.java:562)
	at io.netty.util.concurrent.SingleThreadEventExecutor$4.run(SingleThreadEventExecutor.java:998)
	at io.netty.util.internal.ThreadExecutorMap$2.run(ThreadExecutorMap.java:74)
	at io.netty.util.concurrent.FastThreadLocalRunnable.run(FastThreadLocalRunnable.java:30)
	at java.base/java.lang.Thread.run(Thread.java:1583)

Aug 31, 2026 12:17:39 AM io.netty.util.concurrent.DefaultPromise safeExecute
SEVERE: Failed to submit a listener notification task. Event loop shut down?
java.util.concurrent.RejectedExecutionException: event executor terminated
	at io.netty.util.concurrent.SingleThreadEventExecutor.reject(SingleThreadEventExecutor.java:934)
	at io.netty.util.concurrent.SingleThreadEventExecutor.offerTask(SingleThreadEventExecutor.java:353)
	at io.netty.util.concurrent.SingleThreadEventExecutor.addTask(SingleThreadEventExecutor.java:346)
	at io.netty.util.concurrent.SingleThreadEventExecutor.execute(SingleThreadEventExecutor.java:836)
	at io.netty.util.concurrent.SingleThreadEventExecutor.execute0(SingleThreadEventExecutor.java:827)
	at io.netty.util.concurrent.SingleThreadEventExecutor.execute(SingleThreadEventExecutor.java:817)
	at io.netty.util.concurrent.DefaultPromise.safeExecute(DefaultPromise.java:879)
	at io.netty.util.concurrent.DefaultPromise.notifyListeners(DefaultPromise.java:514)
	at io.netty.util.concurrent.DefaultPromise.addListener(DefaultPromise.java:199)
	at io.netty.channel.DefaultChannelPromise.addListener(DefaultChannelPromise.java:95)
	at io.netty.channel.DefaultChannelPromise.addListener(DefaultChannelPromise.java:30)
	at io.netty.bootstrap.ServerBootstrap$ServerBootstrapAcceptor.channelRead(ServerBootstrap.java:249)
	at io.netty.channel.AbstractChannelHandlerContext.invokeChannelRead(AbstractChannelHandlerContext.java:444)
	at io.netty.channel.AbstractChannelHandlerContext.invokeChannelRead(AbstractChannelHandlerContext.java:420)
	at io.netty.channel.AbstractChannelHandlerContext.fireChannelRead(AbstractChannelHandlerContext.java:412)
	at io.netty.channel.DefaultChannelPipeline$HeadContext.channelRead(DefaultChannelPipeline.java:1357)
	at io.netty.channel.AbstractChannelHandlerContext.invokeChannelRead(AbstractChannelHandlerContext.java:440)
	at io.netty.channel.AbstractChannelHandlerContext.invokeChannelRead(AbstractChannelHandlerContext.java:420)
	at io.netty.channel.DefaultChannelPipeline.fireChannelRead(DefaultChannelPipeline.java:868)
	at io.netty.channel.nio.AbstractNioMessageChannel$NioMessageUnsafe.read(AbstractNioMessageChannel.java:97)
	at io.netty.channel.nio.NioEventLoop.processSelectedKey(NioEventLoop.java:796)
	at io.netty.channel.nio.NioEventLoop.processSelectedKeysOptimized(NioEventLoop.java:732)
	at io.netty.channel.nio.NioEventLoop.processSelectedKeys(NioEventLoop.java:658)
	at io.netty.channel.nio.NioEventLoop.run(NioEventLoop.java:562)
	at io.netty.util.concurrent.SingleThreadEventExecutor$4.run(SingleThreadEventExecutor.java:998)
	at io.netty.util.internal.ThreadExecutorMap$2.run(ThreadExecutorMap.java:74)
	at io.netty.util.concurrent.FastThreadLocalRunnable.run(FastThreadLocalRunnable.java:30)
	at java.base/java.lang.Thread.run(Thread.java:1583)

Aug 31, 2026 12:17:39 AM io.gapi.emulators.netty.HttpVersionRoutingHandler channelRead
INFO: Detected non-HTTP/2 connection.
Aug 31, 2026 12:17:39 AM io.gapi.emulators.netty.HttpVersionRoutingHandler channelRead
INFO: Detected non-HTTP/2 connection.
Aug 31, 2026 12:17:39 AM io.gapi.emulators.netty.HttpVersionRoutingHandler channelRead
INFO: Detected non-HTTP/2 connection.
Aug 31, 2026 12:17:39 AM io.gapi.emulators.netty.HttpVersionRoutingHandler channelRead
INFO: Detected non-HTTP/2 connection.
Aug 31, 2026 12:17:39 AM io.gapi.emulators.netty.HttpVersionRoutingHandler channelRead
INFO: Detected non-HTTP/2 connection.
Aug 31, 2026 12:17:43 AM com.google.cloud.datastore.emulator.impl.util.WrappedStreamObserver onError
WARNING: Operation failed: Java heap space: failed reallocation of scalar replaced objects
java.lang.OutOfMemoryError: Java heap space: failed reallocation of scalar replaced objects

Aug 31, 2026 12:17:43 AM io.gapi.emulators.netty.HttpHandler$1 onError
INFO: Exception when handling request: UNKNOWN
Aug 31, 2026 12:17:48 AM com.google.cloud.datastore.emulator.impl.util.WrappedStreamObserver onError
WARNING: Operation failed: Java heap space: failed reallocation of scalar replaced objects
java.lang.OutOfMemoryError: Java heap space: failed reallocation of scalar replaced objects

Aug 31, 2026 12:17:48 AM io.gapi.emulators.netty.HttpHandler$1 onError
INFO: Exception when handling request: UNKNOWN
Aug 31, 2026 12:17:53 AM com.google.cloud.datastore.emulator.impl.util.WrappedStreamObserver onError
WARNING: Operation failed: Java heap space
java.lang.OutOfMemoryError: Java heap space

Aug 31, 2026 12:17:53 AM io.gapi.emulators.netty.HttpHandler$1 onError
INFO: Exception when handling request: UNKNOWN
Aug 31, 2026 12:17:58 AM com.google.cloud.datastore.emulator.impl.util.WrappedStreamObserver onError
WARNING: Operation failed: Java heap space: failed reallocation of scalar replaced objects
java.lang.OutOfMemoryError: Java heap space: failed reallocation of scalar replaced objects

Aug 31, 2026 12:17:58 AM io.gapi.emulators.netty.HttpHandler$1 onError
INFO: Exception when handling request: UNKNOWN
Aug 31, 2026 12:18:03 AM com.google.cloud.datastore.emulator.impl.util.WrappedStreamObserver onError
WARNING: Operation failed: Java heap space: failed reallocation of scalar replaced objects
java.lang.OutOfMemoryError: Java heap space: failed reallocation of scalar replaced objects

Aug 31, 2026 12:18:03 AM io.gapi.emulators.netty.HttpHandler$1 onError
INFO: Exception when handling request: UNKNOWN
Aug 31, 2026 12:18:04 AM io.gapi.emulators.netty.HttpVersionRoutingHandler channelRead
INFO: Detected non-HTTP/2 connection.
Aug 31, 2026 12:18:05 AM io.gapi.emulators.netty.HttpVersionRoutingHandler channelRead
INFO: Detected non-HTTP/2 connection.
Aug 31, 2026 12:18:05 AM io.netty.channel.AbstractChannel$AbstractUnsafe register
WARNING: Force-closing a channel whose registration task was not accepted by an event loop: [id: 0x935d0472, L:/127.0.0.1:39155 - R:/127.0.0.1:37454]
java.util.concurrent.RejectedExecutionException: event executor terminated
	at io.netty.util.concurrent.SingleThreadEventExecutor.reject(SingleThreadEventExecutor.java:934)
	at io.netty.util.concurrent.SingleThreadEventExecutor.offerTask(SingleThreadEventExecutor.java:353)
	at io.netty.util.concurrent.SingleThreadEventExecutor.addTask(SingleThreadEventExecutor.java:346)
	at io.netty.util.concurrent.SingleThreadEventExecutor.execute(SingleThreadEventExecutor.java:836)
	at io.netty.util.concurrent.SingleThreadEventExecutor.execute0(SingleThreadEventExecutor.java:827)
	at io.netty.util.concurrent.SingleThreadEventExecutor.execute(SingleThreadEventExecutor.java:817)
	at io.netty.channel.AbstractChannel$AbstractUnsafe.register(AbstractChannel.java:482)
	at io.netty.channel.SingleThreadEventLoop.register(SingleThreadEventLoop.java:89)
	at io.netty.channel.SingleThreadEventLoop.register(SingleThreadEventLoop.java:83)
	at io.netty.channel.MultithreadEventLoopGroup.register(MultithreadEventLoopGroup.java:86)
	at io.netty.bootstrap.ServerBootstrap$ServerBootstrapAcceptor.channelRead(ServerBootstrap.java:249)
	at io.netty.channel.AbstractChannelHandlerContext.invokeChannelRead(AbstractChannelHandlerContext.java:444)
	at io.netty.channel.AbstractChannelHandlerContext.invokeChannelRead(AbstractChannelHandlerContext.java:420)
	at io.netty.channel.AbstractChannelHandlerContext.fireChannelRead(AbstractChannelHandlerContext.java:412)
	at io.netty.channel.DefaultChannelPipeline$HeadContext.channelRead(DefaultChannelPipeline.java:1357)
	at io.netty.channel.AbstractChannelHandlerContext.invokeChannelRead(AbstractChannelHandlerContext.java:440)
	at io.netty.channel.AbstractChannelHandlerContext.invokeChannelRead(AbstractChannelHandlerContext.java:420)
	at io.netty.channel.DefaultChannelPipeline.fireChannelRead(DefaultChannelPipeline.java:868)
	at io.netty.channel.nio.AbstractNioMessageChannel$NioMessageUnsafe.read(AbstractNioMessageChannel.java:97)
	at io.netty.channel.nio.NioEventLoop.processSelectedKey(NioEventLoop.java:796)
	at io.netty.channel.nio.NioEventLoop.processSelectedKeysOptimized(NioEventLoop.java:732)
	at io.netty.channel.nio.NioEventLoop.processSelectedKeys(NioEventLoop.java:658)
	at io.netty.channel.nio.NioEventLoop.run(NioEventLoop.java:562)
	at io.netty.util.concurrent.SingleThreadEventExecutor$4.run(SingleThreadEventExecutor.java:998)
	at io.netty.util.internal.ThreadExecutorMap$2.run(ThreadExecutorMap.java:74)
	at io.netty.util.concurrent.FastThreadLocalRunnable.run(FastThreadLocalRunnable.java:30)
	at java.base/java.lang.Thread.run(Thread.java:1583)

Aug 31, 2026 12:18:05 AM io.gapi.emulators.netty.HttpVersionRoutingHandler channelRead
INFO: Detected non-HTTP/2 connection.
Aug 31, 2026 12:18:05 AM io.gapi.emulators.netty.HttpVersionRoutingHandler channelRead
INFO: Detected non-HTTP/2 connection.
Aug 31, 2026 12:18:05 AM io.netty.util.concurrent.DefaultPromise safeExecute
SEVERE: Failed to submit a listener notification task. Event loop shut down?
java.util.concurrent.RejectedExecutionException: event executor terminated
	at io.netty.util.concurrent.SingleThreadEventExecutor.reject(SingleThreadEventExecutor.java:934)
	at io.netty.util.concurrent.SingleThreadEventExecutor.offerTask(SingleThreadEventExecutor.java:353)
	at io.netty.util.concurrent.SingleThreadEventExecutor.addTask(SingleThreadEventExecutor.java:346)
	at io.netty.util.concurrent.SingleThreadEventExecutor.execute(SingleThreadEventExecutor.java:836)
	at io.netty.util.concurrent.SingleThreadEventExecutor.execute0(SingleThreadEventExecutor.java:827)
	at io.netty.util.concurrent.SingleThreadEventExecutor.execute(SingleThreadEventExecutor.java:817)
	at io.netty.util.concurrent.DefaultPromise.safeExecute(DefaultPromise.java:879)
	at io.netty.util.concurrent.DefaultPromise.notifyListeners(DefaultPromise.java:514)
	at io.netty.util.concurrent.DefaultPromise.addListener(DefaultPromise.java:199)
	at io.netty.channel.DefaultChannelPromise.addListener(DefaultChannelPromise.java:95)
	at io.netty.channel.DefaultChannelPromise.addListener(DefaultChannelPromise.java:30)
	at io.netty.bootstrap.ServerBootstrap$ServerBootstrapAcceptor.channelRead(ServerBootstrap.java:249)
	at io.netty.channel.AbstractChannelHandlerContext.invokeChannelRead(AbstractChannelHandlerContext.java:444)
	at io.netty.channel.AbstractChannelHandlerContext.invokeChannelRead(AbstractChannelHandlerContext.java:420)
	at io.netty.channel.AbstractChannelHandlerContext.fireChannelRead(AbstractChannelHandlerContext.java:412)
	at io.netty.channel.DefaultChannelPipeline$HeadContext.channelRead(DefaultChannelPipeline.java:1357)
	at io.netty.channel.AbstractChannelHandlerContext.invokeChannelRead(AbstractChannelHandlerContext.java:440)
	at io.netty.channel.AbstractChannelHandlerContext.invokeChannelRead(AbstractChannelHandlerContext.java:420)
	at io.netty.channel.DefaultChannelPipeline.fireChannelRead(DefaultChannelPipeline.java:868)
	at io.netty.channel.nio.AbstractNioMessageChannel$NioMessageUnsafe.read(AbstractNioMessageChannel.java:97)
	at io.netty.channel.nio.NioEventLoop.processSelectedKey(NioEventLoop.java:796)
	at io.netty.channel.nio.NioEventLoop.processSelectedKeysOptimized(NioEventLoop.java:732)
	at io.netty.channel.nio.NioEventLoop.processSelectedKeys(NioEventLoop.java:658)
	at io.netty.channel.nio.NioEventLoop.run(NioEventLoop.java:562)
	at io.netty.util.concurrent.SingleThreadEventExecutor$4.run(SingleThreadEventExecutor.java:998)
	at io.netty.util.internal.ThreadExecutorMap$2.run(ThreadExecutorMap.java:74)
	at io.netty.util.concurrent.FastThreadLocalRunnable.run(FastThreadLocalRunnable.java:30)
	at java.base/java.lang.Thread.run(Thread.java:1583)

Aug 31, 2026 12:18:05 AM io.gapi.emulators.netty.HttpVersionRoutingHandler channelRead
INFO: Detected non-HTTP/2 connection.
Aug 31, 2026 12:18:05 AM io.gapi.emulators.netty.HttpVersionRoutingHandler channelRead
INFO: Detected non-HTTP/2 connection.
Aug 31, 2026 12:18:05 AM io.gapi.emulators.netty.HttpVersionRoutingHandler channelRead
INFO: Detected non-HTTP/2 connection.
Aug 31, 2026 12:18:05 AM io.gapi.emulators.netty.HttpVersionRoutingHandler channelRead
INFO: Detected non-HTTP/2 connection.
Aug 31, 2026 12:18:05 AM io.gapi.emulators.netty.HttpVersionRoutingHandler channelRead
INFO: Detected non-HTTP/2 connection.
Aug 31, 2026 12:18:05 AM io.gapi.emulators.netty.HttpVersionRoutingHandler channelRead
INFO: Detected non-HTTP/2 connection.
Aug 31, 2026 12:18:05 AM io.gapi.emulators.netty.HttpVersionRoutingHandler channelRead
INFO: Detected non-HTTP/2 connection.
Aug 31, 2026 12:18:05 AM io.gapi.emulators.netty.HttpVersionRoutingHandler channelRead
INFO: Detected non-HTTP/2 connection.
Aug 31, 2026 12:18:05 AM io.gapi.emulators.netty.HttpVersionRoutingHandler channelRead
INFO: Detected non-HTTP/2 connection.
Aug 31, 2026 12:18:05 AM io.gapi.emulators.netty.HttpVersionRoutingHandler channelRead
INFO: Detected non-HTTP/2 connection.
Aug 31, 2026 12:18:05 AM io.netty.channel.AbstractChannel$AbstractUnsafe register
WARNING: Force-closing a channel whose registration task was not accepted by an event loop: [id: 0xcf93a807, L:/127.0.0.1:39155 - R:/127.0.0.1:37528]
java.util.concurrent.RejectedExecutionException: event executor terminated
	at io.netty.util.concurrent.SingleThreadEventExecutor.reject(SingleThreadEventExecutor.java:934)
	at io.netty.util.concurrent.SingleThreadEventExecutor.offerTask(SingleThreadEventExecutor.java:353)
	at io.netty.util.concurrent.SingleThreadEventExecutor.addTask(SingleThreadEventExecutor.java:346)
	at io.netty.util.concurrent.SingleThreadEventExecutor.execute(SingleThreadEventExecutor.java:836)
	at io.netty.util.concurrent.SingleThreadEventExecutor.execute0(SingleThreadEventExecutor.java:827)
	at io.netty.util.concurrent.SingleThreadEventExecutor.execute(SingleThreadEventExecutor.java:817)
	at io.netty.channel.AbstractChannel$AbstractUnsafe.register(AbstractChannel.java:482)
	at io.netty.channel.SingleThreadEventLoop.register(SingleThreadEventLoop.java:89)
	at io.netty.channel.SingleThreadEventLoop.register(SingleThreadEventLoop.java:83)
	at io.netty.channel.MultithreadEventLoopGroup.register(MultithreadEventLoopGroup.java:86)
	at io.netty.bootstrap.ServerBootstrap$ServerBootstrapAcceptor.channelRead(ServerBootstrap.java:249)
	at io.netty.channel.AbstractChannelHandlerContext.invokeChannelRead(AbstractChannelHandlerContext.java:444)
	at io.netty.channel.AbstractChannelHandlerContext.invokeChannelRead(AbstractChannelHandlerContext.java:420)
	at io.netty.channel.AbstractChannelHandlerContext.fireChannelRead(AbstractChannelHandlerContext.java:412)
	at io.netty.channel.DefaultChannelPipeline$HeadContext.channelRead(DefaultChannelPipeline.java:1357)
	at io.netty.channel.AbstractChannelHandlerContext.invokeChannelRead(AbstractChannelHandlerContext.java:440)
	at io.netty.channel.AbstractChannelHandlerContext.invokeChannelRead(AbstractChannelHandlerContext.java:420)
	at io.netty.channel.DefaultChannelPipeline.fireChannelRead(DefaultChannelPipeline.java:868)
	at io.netty.channel.nio.AbstractNioMessageChannel$NioMessageUnsafe.read(AbstractNioMessageChannel.java:97)
	at io.netty.channel.nio.NioEventLoop.processSelectedKey(NioEventLoop.java:796)
	at io.netty.channel.nio.NioEventLoop.processSelectedKeysOptimized(NioEventLoop.java:732)
	at io.netty.channel.nio.NioEventLoop.processSelectedKeys(NioEventLoop.java:658)
	at io.netty.channel.nio.NioEventLoop.run(NioEventLoop.java:562)
	at io.netty.util.concurrent.SingleThreadEventExecutor$4.run(SingleThreadEventExecutor.java:998)
	at io.netty.util.internal.ThreadExecutorMap$2.run(ThreadExecutorMap.java:74)
	at io.netty.util.concurrent.FastThreadLocalRunnable.run(FastThreadLocalRunnable.java:30)
	at java.base/java.lang.Thread.run(Thread.java:1583)

Aug 31, 2026 12:18:05 AM io.gapi.emulators.netty.HttpVersionRoutingHandler channelRead
INFO: Detected non-HTTP/2 connection.
Aug 31, 2026 12:18:05 AM io.netty.util.concurrent.DefaultPromise safeExecute
SEVERE: Failed to submit a listener notification task. Event loop shut down?
java.util.concurrent.RejectedExecutionException: event executor terminated
	at io.netty.util.concurrent.SingleThreadEventExecutor.reject(SingleThreadEventExecutor.java:934)
	at io.netty.util.concurrent.SingleThreadEventExecutor.offerTask(SingleThreadEventExecutor.java:353)
	at io.netty.util.concurrent.SingleThreadEventExecutor.addTask(SingleThreadEventExecutor.java:346)
	at io.netty.util.concurrent.SingleThreadEventExecutor.execute(SingleThreadEventExecutor.java:836)
	at io.netty.util.concurrent.SingleThreadEventExecutor.execute0(SingleThreadEventExecutor.java:827)
	at io.netty.util.concurrent.SingleThreadEventExecutor.execute(SingleThreadEventExecutor.java:817)
	at io.netty.util.concurrent.DefaultPromise.safeExecute(DefaultPromise.java:879)
	at io.netty.util.concurrent.DefaultPromise.notifyListeners(DefaultPromise.java:514)
	at io.netty.util.concurrent.DefaultPromise.addListener(DefaultPromise.java:199)
	at io.netty.channel.DefaultChannelPromise.addListener(DefaultChannelPromise.java:95)
	at io.netty.channel.DefaultChannelPromise.addListener(DefaultChannelPromise.java:30)
	at io.netty.bootstrap.ServerBootstrap$ServerBootstrapAcceptor.channelRead(ServerBootstrap.java:249)
	at io.netty.channel.AbstractChannelHandlerContext.invokeChannelRead(AbstractChannelHandlerContext.java:444)
	at io.netty.channel.AbstractChannelHandlerContext.invokeChannelRead(AbstractChannelHandlerContext.java:420)
	at io.netty.channel.AbstractChannelHandlerContext.fireChannelRead(AbstractChannelHandlerContext.java:412)
	at io.netty.channel.DefaultChannelPipeline$HeadContext.channelRead(DefaultChannelPipeline.java:1357)
	at io.netty.channel.AbstractChannelHandlerContext.invokeChannelRead(AbstractChannelHandlerContext.java:440)
	at io.netty.channel.AbstractChannelHandlerContext.invokeChannelRead(AbstractChannelHandlerContext.java:420)
	at io.netty.channel.DefaultChannelPipeline.fireChannelRead(DefaultChannelPipeline.java:868)
	at io.netty.channel.nio.AbstractNioMessageChannel$NioMessageUnsafe.read(AbstractNioMessageChannel.java:97)
	at io.netty.channel.nio.NioEventLoop.processSelectedKey(NioEventLoop.java:796)
	at io.netty.channel.nio.NioEventLoop.processSelectedKeysOptimized(NioEventLoop.java:732)
	at io.netty.channel.nio.NioEventLoop.processSelectedKeys(NioEventLoop.java:658)
	at io.netty.channel.nio.NioEventLoop.run(NioEventLoop.java:562)
	at io.netty.util.concurrent.SingleThreadEventExecutor$4.run(SingleThreadEventExecutor.java:998)
	at io.netty.util.internal.ThreadExecutorMap$2.run(ThreadExecutorMap.java:74)
	at io.netty.util.concurrent.FastThreadLocalRunnable.run(FastThreadLocalRunnable.java:30)
	at java.base/java.lang.Thread.run(Thread.java:1583)

Aug 31, 2026 12:18:05 AM io.gapi.emulators.netty.HttpVersionRoutingHandler channelRead
INFO: Detected non-HTTP/2 connection.
Aug 31, 2026 12:18:05 AM io.gapi.emulators.netty.HttpVersionRoutingHandler channelRead
INFO: Detected non-HTTP/2 connection.
Aug 31, 2026 12:18:05 AM io.gapi.emulators.netty.HttpVersionRoutingHandler channelRead
INFO: Detected non-HTTP/2 connection.
Aug 31, 2026 12:18:05 AM io.gapi.emulators.netty.HttpVersionRoutingHandler channelRead
INFO: Detected non-HTTP/2 connection.
Aug 31, 2026 12:18:05 AM io.gapi.emulators.netty.HttpVersionRoutingHandler channelRead
INFO: Detected non-HTTP/2 connection.
Aug 31, 2026 12:18:08 AM com.google.cloud.datastore.emulator.impl.util.WrappedStreamObserver onError
WARNING: Operation failed: Java heap space
java.lang.OutOfMemoryError: Java heap space

Aug 31, 2026 12:18:08 AM io.gapi.emulators.netty.HttpHandler$1 onError
INFO: Exception when handling request: UNKNOWN
Aug 31, 2026 12:18:09 AM io.netty.channel.AbstractChannel$AbstractUnsafe register
WARNING: Force-closing a channel whose registration task was not accepted by an event loop: [id: 0xc1406b70, L:/127.0.0.1:39155 - R:/127.0.0.1:40558]
java.util.concurrent.RejectedExecutionException: event executor terminated
	at io.netty.util.concurrent.SingleThreadEventExecutor.reject(SingleThreadEventExecutor.java:934)
	at io.netty.util.concurrent.SingleThreadEventExecutor.offerTask(SingleThreadEventExecutor.java:353)
	at io.netty.util.concurrent.SingleThreadEventExecutor.addTask(SingleThreadEventExecutor.java:346)
	at io.netty.util.concurrent.SingleThreadEventExecutor.execute(SingleThreadEventExecutor.java:836)
	at io.netty.util.concurrent.SingleThreadEventExecutor.execute0(SingleThreadEventExecutor.java:827)
	at io.netty.util.concurrent.SingleThreadEventExecutor.execute(SingleThreadEventExecutor.java:817)
	at io.netty.channel.AbstractChannel$AbstractUnsafe.register(AbstractChannel.java:482)
	at io.netty.channel.SingleThreadEventLoop.register(SingleThreadEventLoop.java:89)
	at io.netty.channel.SingleThreadEventLoop.register(SingleThreadEventLoop.java:83)
	at io.netty.channel.MultithreadEventLoopGroup.register(MultithreadEventLoopGroup.java:86)
	at io.netty.bootstrap.ServerBootstrap$ServerBootstrapAcceptor.channelRead(ServerBootstrap.java:249)
	at io.netty.channel.AbstractChannelHandlerContext.invokeChannelRead(AbstractChannelHandlerContext.java:444)
	at io.netty.channel.AbstractChannelHandlerContext.invokeChannelRead(AbstractChannelHandlerContext.java:420)
	at io.netty.channel.AbstractChannelHandlerContext.fireChannelRead(AbstractChannelHandlerContext.java:412)
	at io.netty.channel.DefaultChannelPipeline$HeadContext.channelRead(DefaultChannelPipeline.java:1357)
	at io.netty.channel.AbstractChannelHandlerContext.invokeChannelRead(AbstractChannelHandlerContext.java:440)
	at io.netty.channel.AbstractChannelHandlerContext.invokeChannelRead(AbstractChannelHandlerContext.java:420)
	at io.netty.channel.DefaultChannelPipeline.fireChannelRead(DefaultChannelPipeline.java:868)
	at io.netty.channel.nio.AbstractNioMessageChannel$NioMessageUnsafe.read(AbstractNioMessageChannel.java:97)
	at io.netty.channel.nio.NioEventLoop.processSelectedKey(NioEventLoop.java:796)
	at io.netty.channel.nio.NioEventLoop.processSelectedKeysOptimized(NioEventLoop.java:732)
	at io.netty.channel.nio.NioEventLoop.processSelectedKeys(NioEventLoop.java:658)
	at io.netty.channel.nio.NioEventLoop.run(NioEventLoop.java:562)
	at io.netty.util.concurrent.SingleThreadEventExecutor$4.run(SingleThreadEventExecutor.java:998)
	at io.netty.util.internal.ThreadExecutorMap$2.run(ThreadExecutorMap.java:74)
	at io.netty.util.concurrent.FastThreadLocalRunnable.run(FastThreadLocalRunnable.java:30)
	at java.base/java.lang.Thread.run(Thread.java:1583)

Aug 31, 2026 12:18:09 AM io.gapi.emulators.netty.HttpVersionRoutingHandler channelRead
INFO: Detected non-HTTP/2 connection.
Aug 31, 2026 12:18:09 AM io.netty.util.concurrent.DefaultPromise safeExecute
SEVERE: Failed to submit a listener notification task. Event loop shut down?
java.util.concurrent.RejectedExecutionException: event executor terminated
	at io.netty.util.concurrent.SingleThreadEventExecutor.reject(SingleThreadEventExecutor.java:934)
	at io.netty.util.concurrent.SingleThreadEventExecutor.offerTask(SingleThreadEventExecutor.java:353)
	at io.netty.util.concurrent.SingleThreadEventExecutor.addTask(SingleThreadEventExecutor.java:346)
	at io.netty.util.concurrent.SingleThreadEventExecutor.execute(SingleThreadEventExecutor.java:836)
	at io.netty.util.concurrent.SingleThreadEventExecutor.execute0(SingleThreadEventExecutor.java:827)
	at io.netty.util.concurrent.SingleThreadEventExecutor.execute(SingleThreadEventExecutor.java:817)
	at io.netty.util.concurrent.DefaultPromise.safeExecute(DefaultPromise.java:879)
	at io.netty.util.concurrent.DefaultPromise.notifyListeners(DefaultPromise.java:514)
	at io.netty.util.concurrent.DefaultPromise.addListener(DefaultPromise.java:199)
	at io.netty.channel.DefaultChannelPromise.addListener(DefaultChannelPromise.java:95)
	at io.netty.channel.DefaultChannelPromise.addListener(DefaultChannelPromise.java:30)
	at io.netty.bootstrap.ServerBootstrap$ServerBootstrapAcceptor.channelRead(ServerBootstrap.java:249)
	at io.netty.channel.AbstractChannelHandlerContext.invokeChannelRead(AbstractChannelHandlerContext.java:444)
	at io.netty.channel.AbstractChannelHandlerContext.invokeChannelRead(AbstractChannelHandlerContext.java:420)
	at io.netty.channel.AbstractChannelHandlerContext.fireChannelRead(AbstractChannelHandlerContext.java:412)
	at io.netty.channel.DefaultChannelPipeline$HeadContext.channelRead(DefaultChannelPipeline.java:1357)
	at io.netty.channel.AbstractChannelHandlerContext.invokeChannelRead(AbstractChannelHandlerContext.java:440)
	at io.netty.channel.AbstractChannelHandlerContext.invokeChannelRead(AbstractChannelHandlerContext.java:420)
	at io.netty.channel.DefaultChannelPipeline.fireChannelRead(DefaultChannelPipeline.java:868)
	at io.netty.channel.nio.AbstractNioMessageChannel$NioMessageUnsafe.read(AbstractNioMessageChannel.java:97)
	at io.netty.channel.nio.NioEventLoop.processSelectedKey(NioEventLoop.java:796)
	at io.netty.channel.nio.NioEventLoop.processSelectedKeysOptimized(NioEventLoop.java:732)
	at io.netty.channel.nio.NioEventLoop.processSelectedKeys(NioEventLoop.java:658)
	at io.netty.channel.nio.NioEventLoop.run(NioEventLoop.java:562)
	at io.netty.util.concurrent.SingleThreadEventExecutor$4.run(SingleThreadEventExecutor.java:998)
	at io.netty.util.internal.ThreadExecutorMap$2.run(ThreadExecutorMap.java:74)
	at io.netty.util.concurrent.FastThreadLocalRunnable.run(FastThreadLocalRunnable.java:30)
	at java.base/java.lang.Thread.run(Thread.java:1583)

Aug 31, 2026 12:18:09 AM io.gapi.emulators.netty.HttpVersionRoutingHandler channelRead
INFO: Detected non-HTTP/2 connection.
Aug 31, 2026 12:18:09 AM io.gapi.emulators.netty.HttpVersionRoutingHandler channelRead
INFO: Detected non-HTTP/2 connection.
Aug 31, 2026 12:18:09 AM io.gapi.emulators.netty.HttpVersionRoutingHandler channelRead
INFO: Detected non-HTTP/2 connection.
Aug 31, 2026 12:18:09 AM io.gapi.emulators.netty.HttpVersionRoutingHandler channelRead
INFO: Detected non-HTTP/2 connection.
Aug 31, 2026 12:18:09 AM io.gapi.emulators.netty.HttpVersionRoutingHandler channelRead
INFO: Detected non-HTTP/2 connection.
Aug 31, 2026 12:18:09 AM io.gapi.emulators.netty.HttpVersionRoutingHandler channelRead
INFO: Detected non-HTTP/2 connection.
Aug 31, 2026 12:18:09 AM io.gapi.emulators.netty.HttpVersionRoutingHandler channelRead
INFO: Detected non-HTTP/2 connection.
Aug 31, 2026 12:18:09 AM io.netty.channel.AbstractChannel$AbstractUnsafe register
WARNING: Force-closing a channel whose registration task was not accepted by an event loop: [id: 0xd99459b8, L:/127.0.0.1:39155 - R:/127.0.0.1:40628]
java.util.concurrent.RejectedExecutionException: event executor terminated
	at io.netty.util.concurrent.SingleThreadEventExecutor.reject(SingleThreadEventExecutor.java:934)
	at io.netty.util.concurrent.SingleThreadEventExecutor.offerTask(SingleThreadEventExecutor.java:353)
	at io.netty.util.concurrent.SingleThreadEventExecutor.addTask(SingleThreadEventExecutor.java:346)
	at io.netty.util.concurrent.SingleThreadEventExecutor.execute(SingleThreadEventExecutor.java:836)
	at io.netty.util.concurrent.SingleThreadEventExecutor.execute0(SingleThreadEventExecutor.java:827)
	at io.netty.util.concurrent.SingleThreadEventExecutor.execute(SingleThreadEventExecutor.java:817)
	at io.netty.channel.AbstractChannel$AbstractUnsafe.register(AbstractChannel.java:482)
	at io.netty.channel.SingleThreadEventLoop.register(SingleThreadEventLoop.java:89)
	at io.netty.channel.SingleThreadEventLoop.register(SingleThreadEventLoop.java:83)
	at io.netty.channel.MultithreadEventLoopGroup.register(MultithreadEventLoopGroup.java:86)
	at io.netty.bootstrap.ServerBootstrap$ServerBootstrapAcceptor.channelRead(ServerBootstrap.java:249)
	at io.netty.channel.AbstractChannelHandlerContext.invokeChannelRead(AbstractChannelHandlerContext.java:444)
	at io.netty.channel.AbstractChannelHandlerContext.invokeChannelRead(AbstractChannelHandlerContext.java:420)
	at io.netty.channel.AbstractChannelHandlerContext.fireChannelRead(AbstractChannelHandlerContext.java:412)
	at io.netty.channel.DefaultChannelPipeline$HeadContext.channelRead(DefaultChannelPipeline.java:1357)
	at io.netty.channel.AbstractChannelHandlerContext.invokeChannelRead(AbstractChannelHandlerContext.java:440)
	at io.netty.channel.AbstractChannelHandlerContext.invokeChannelRead(AbstractChannelHandlerContext.java:420)
	at io.netty.channel.DefaultChannelPipeline.fireChannelRead(DefaultChannelPipeline.java:868)
	at io.netty.channel.nio.AbstractNioMessageChannel$NioMessageUnsafe.read(AbstractNioMessageChannel.java:97)
	at io.netty.channel.nio.NioEventLoop.processSelectedKey(NioEventLoop.java:796)
	at io.netty.channel.nio.NioEventLoop.processSelectedKeysOptimized(NioEventLoop.java:732)
	at io.netty.channel.nio.NioEventLoop.processSelectedKeys(NioEventLoop.java:658)
	at io.netty.channel.nio.NioEventLoop.run(NioEventLoop.java:562)
	at io.netty.util.concurrent.SingleThreadEventExecutor$4.run(SingleThreadEventExecutor.java:998)
	at io.netty.util.internal.ThreadExecutorMap$2.run(ThreadExecutorMap.java:74)
	at io.netty.util.concurrent.FastThreadLocalRunnable.run(FastThreadLocalRunnable.java:30)
	at java.base/java.lang.Thread.run(Thread.java:1583)

Aug 31, 2026 12:18:09 AM io.gapi.emulators.netty.HttpVersionRoutingHandler channelRead
INFO: Detected non-HTTP/2 connection.
Aug 31, 2026 12:18:09 AM io.netty.util.concurrent.DefaultPromise safeExecute
SEVERE: Failed to submit a listener notification task. Event loop shut down?
java.util.concurrent.RejectedExecutionException: event executor terminated
	at io.netty.util.concurrent.SingleThreadEventExecutor.reject(SingleThreadEventExecutor.java:934)
	at io.netty.util.concurrent.SingleThreadEventExecutor.offerTask(SingleThreadEventExecutor.java:353)
	at io.netty.util.concurrent.SingleThreadEventExecutor.addTask(SingleThreadEventExecutor.java:346)
	at io.netty.util.concurrent.SingleThreadEventExecutor.execute(SingleThreadEventExecutor.java:836)
	at io.netty.util.concurrent.SingleThreadEventExecutor.execute0(SingleThreadEventExecutor.java:827)
	at io.netty.util.concurrent.SingleThreadEventExecutor.execute(SingleThreadEventExecutor.java:817)
	at io.netty.util.concurrent.DefaultPromise.safeExecute(DefaultPromise.java:879)
	at io.netty.util.concurrent.DefaultPromise.notifyListeners(DefaultPromise.java:514)
	at io.netty.util.concurrent.DefaultPromise.addListener(DefaultPromise.java:199)
	at io.netty.channel.DefaultChannelPromise.addListener(DefaultChannelPromise.java:95)
	at io.netty.channel.DefaultChannelPromise.addListener(DefaultChannelPromise.java:30)
	at io.netty.bootstrap.ServerBootstrap$ServerBootstrapAcceptor.channelRead(ServerBootstrap.java:249)
	at io.netty.channel.AbstractChannelHandlerContext.invokeChannelRead(AbstractChannelHandlerContext.java:444)
	at io.netty.channel.AbstractChannelHandlerContext.invokeChannelRead(AbstractChannelHandlerContext.java:420)
	at io.netty.channel.AbstractChannelHandlerContext.fireChannelRead(AbstractChannelHandlerContext.java:412)
	at io.netty.channel.DefaultChannelPipeline$HeadContext.channelRead(DefaultChannelPipeline.java:1357)
	at io.netty.channel.AbstractChannelHandlerContext.invokeChannelRead(AbstractChannelHandlerContext.java:440)
	at io.netty.channel.AbstractChannelHandlerContext.invokeChannelRead(AbstractChannelHandlerContext.java:420)
	at io.netty.channel.DefaultChannelPipeline.fireChannelRead(DefaultChannelPipeline.java:868)
	at io.netty.channel.nio.AbstractNioMessageChannel$NioMessageUnsafe.read(AbstractNioMessageChannel.java:97)
	at io.netty.channel.nio.NioEventLoop.processSelectedKey(NioEventLoop.java:796)
	at io.netty.channel.nio.NioEventLoop.processSelectedKeysOptimized(NioEventLoop.java:732)
	at io.netty.channel.nio.NioEventLoop.processSelectedKeys(NioEventLoop.java:658)
	at io.netty.channel.nio.NioEventLoop.run(NioEventLoop.java:562)
	at io.netty.util.concurrent.SingleThreadEventExecutor$4.run(SingleThreadEventExecutor.java:998)
	at io.netty.util.internal.ThreadExecutorMap$2.run(ThreadExecutorMap.java:74)
	at io.netty.util.concurrent.FastThreadLocalRunnable.run(FastThreadLocalRunnable.java:30)
	at java.base/java.lang.Thread.run(Thread.java:1583)

Aug 31, 2026 12:18:09 AM io.gapi.emulators.netty.HttpVersionRoutingHandler channelRead
INFO: Detected non-HTTP/2 connection.
Aug 31, 2026 12:18:09 AM io.gapi.emulators.netty.HttpVersionRoutingHandler channelRead
INFO: Detected non-HTTP/2 connection.
Aug 31, 2026 12:18:09 AM io.gapi.emulators.netty.HttpVersionRoutingHandler channelRead
INFO: Detected non-HTTP/2 connection.
Aug 31, 2026 12:18:13 AM com.google.cloud.datastore.emulator.impl.util.WrappedStreamObserver onError
WARNING: Operation failed: Java heap space: failed reallocation of scalar replaced objects
java.lang.OutOfMemoryError: Java heap space: failed reallocation of scalar replaced objects

Aug 31, 2026 12:18:13 AM io.gapi.emulators.netty.HttpHandler$1 onError
INFO: Exception when handling request: UNKNOWN
Aug 31, 2026 12:18:17 AM com.google.cloud.datastore.emulator.impl.util.WrappedStreamObserver onError
WARNING: Operation failed: Java heap space
java.lang.OutOfMemoryError: Java heap space

Aug 31, 2026 12:18:17 AM io.gapi.emulators.netty.HttpHandler$1 onError
INFO: Exception when handling request: UNKNOWN
Aug 31, 2026 12:18:22 AM com.google.cloud.datastore.emulator.impl.util.WrappedStreamObserver onError
WARNING: Operation failed: Java heap space
java.lang.OutOfMemoryError: Java heap space

Aug 31, 2026 12:18:22 AM io.gapi.emulators.netty.HttpHandler$1 onError
INFO: Exception when handling request: UNKNOWN
Aug 31, 2026 12:18:27 AM com.google.cloud.datastore.emulator.impl.util.WrappedStreamObserver onError
WARNING: Operation failed: Java heap space
java.lang.OutOfMemoryError: Java heap space

Aug 31, 2026 12:18:27 AM io.gapi.emulators.netty.HttpHandler$1 onError
INFO: Exception when handling request: UNKNOWN
Aug 31, 2026 12:18:32 AM com.google.cloud.datastore.emulator.impl.util.WrappedStreamObserver onError
WARNING: Operation failed: Java heap space
java.lang.OutOfMemoryError: Java heap space

Aug 31, 2026 12:18:32 AM io.gapi.emulators.netty.HttpHandler$1 onError
INFO: Exception when handling request: UNKNOWN
Aug 31, 2026 12:18:34 AM io.gapi.emulators.netty.HttpVersionRoutingHandler channelRead
INFO: Detected non-HTTP/2 connection.
Aug 31, 2026 12:18:35 AM io.gapi.emulators.netty.HttpVersionRoutingHandler channelRead
INFO: Detected non-HTTP/2 connection.
Aug 31, 2026 12:18:35 AM io.gapi.emulators.netty.HttpVersionRoutingHandler channelRead
INFO: Detected non-HTTP/2 connection.
Aug 31, 2026 12:18:35 AM io.gapi.emulators.netty.HttpVersionRoutingHandler channelRead
INFO: Detected non-HTTP/2 connection.
Aug 31, 2026 12:18:35 AM io.gapi.emulators.netty.HttpVersionRoutingHandler channelRead
INFO: Detected non-HTTP/2 connection.
Aug 31, 2026 12:18:35 AM io.gapi.emulators.netty.HttpVersionRoutingHandler channelRead
INFO: Detected non-HTTP/2 connection.
Aug 31, 2026 12:18:35 AM io.gapi.emulators.netty.HttpVersionRoutingHandler channelRead
INFO: Detected non-HTTP/2 connection.
Aug 31, 2026 12:18:35 AM io.gapi.emulators.netty.HttpVersionRoutingHandler channelRead
INFO: Detected non-HTTP/2 connection.
Aug 31, 2026 12:18:35 AM io.gapi.emulators.netty.HttpVersionRoutingHandler channelRead
INFO: Detected non-HTTP/2 connection.
Aug 31, 2026 12:18:35 AM io.gapi.emulators.netty.HttpVersionRoutingHandler channelRead
INFO: Detected non-HTTP/2 connection.
Aug 31, 2026 12:18:35 AM io.gapi.emulators.netty.HttpVersionRoutingHandler channelRead
INFO: Detected non-HTTP/2 connection.
Aug 31, 2026 12:18:35 AM io.gapi.emulators.netty.HttpVersionRoutingHandler channelRead
INFO: Detected non-HTTP/2 connection.
Aug 31, 2026 12:18:35 AM io.netty.channel.AbstractChannel$AbstractUnsafe register
WARNING: Force-closing a channel whose registration task was not accepted by an event loop: [id: 0x2a051500, L:/127.0.0.1:39155 - R:/127.0.0.1:41574]
java.util.concurrent.RejectedExecutionException: event executor terminated
	at io.netty.util.concurrent.SingleThreadEventExecutor.reject(SingleThreadEventExecutor.java:934)
	at io.netty.util.concurrent.SingleThreadEventExecutor.offerTask(SingleThreadEventExecutor.java:353)
	at io.netty.util.concurrent.SingleThreadEventExecutor.addTask(SingleThreadEventExecutor.java:346)
	at io.netty.util.concurrent.SingleThreadEventExecutor.execute(SingleThreadEventExecutor.java:836)
	at io.netty.util.concurrent.SingleThreadEventExecutor.execute0(SingleThreadEventExecutor.java:827)
	at io.netty.util.concurrent.SingleThreadEventExecutor.execute(SingleThreadEventExecutor.java:817)
	at io.netty.channel.AbstractChannel$AbstractUnsafe.register(AbstractChannel.java:482)
	at io.netty.channel.SingleThreadEventLoop.register(SingleThreadEventLoop.java:89)
	at io.netty.channel.SingleThreadEventLoop.register(SingleThreadEventLoop.java:83)
	at io.netty.channel.MultithreadEventLoopGroup.register(MultithreadEventLoopGroup.java:86)
	at io.netty.bootstrap.ServerBootstrap$ServerBootstrapAcceptor.channelRead(ServerBootstrap.java:249)
	at io.netty.channel.AbstractChannelHandlerContext.invokeChannelRead(AbstractChannelHandlerContext.java:444)
	at io.netty.channel.AbstractChannelHandlerContext.invokeChannelRead(AbstractChannelHandlerContext.java:420)
	at io.netty.channel.AbstractChannelHandlerContext.fireChannelRead(AbstractChannelHandlerContext.java:412)
	at io.netty.channel.DefaultChannelPipeline$HeadContext.channelRead(DefaultChannelPipeline.java:1357)
	at io.netty.channel.AbstractChannelHandlerContext.invokeChannelRead(AbstractChannelHandlerContext.java:440)
	at io.netty.channel.AbstractChannelHandlerContext.invokeChannelRead(AbstractChannelHandlerContext.java:420)
	at io.netty.channel.DefaultChannelPipeline.fireChannelRead(DefaultChannelPipeline.java:868)
	at io.netty.channel.nio.AbstractNioMessageChannel$NioMessageUnsafe.read(AbstractNioMessageChannel.java:97)
	at io.netty.channel.nio.NioEventLoop.processSelectedKey(NioEventLoop.java:796)
	at io.netty.channel.nio.NioEventLoop.processSelectedKeysOptimized(NioEventLoop.java:732)
	at io.netty.channel.nio.NioEventLoop.processSelectedKeys(NioEventLoop.java:658)
	at io.netty.channel.nio.NioEventLoop.run(NioEventLoop.java:562)
	at io.netty.util.concurrent.SingleThreadEventExecutor$4.run(SingleThreadEventExecutor.java:998)
	at io.netty.util.internal.ThreadExecutorMap$2.run(ThreadExecutorMap.java:74)
	at io.netty.util.concurrent.FastThreadLocalRunnable.run(FastThreadLocalRunnable.java:30)
	at java.base/java.lang.Thread.run(Thread.java:1583)

Aug 31, 2026 12:18:35 AM io.netty.util.concurrent.DefaultPromise safeExecute
SEVERE: Failed to submit a listener notification task. Event loop shut down?
java.util.concurrent.RejectedExecutionException: event executor terminated
	at io.netty.util.concurrent.SingleThreadEventExecutor.reject(SingleThreadEventExecutor.java:934)
	at io.netty.util.concurrent.SingleThreadEventExecutor.offerTask(SingleThreadEventExecutor.java:353)
	at io.netty.util.concurrent.SingleThreadEventExecutor.addTask(SingleThreadEventExecutor.java:346)
	at io.netty.util.concurrent.SingleThreadEventExecutor.execute(SingleThreadEventExecutor.java:836)
	at io.netty.util.concurrent.SingleThreadEventExecutor.execute0(SingleThreadEventExecutor.java:827)
	at io.netty.util.concurrent.SingleThreadEventExecutor.execute(SingleThreadEventExecutor.java:817)
	at io.netty.util.concurrent.DefaultPromise.safeExecute(DefaultPromise.java:879)
	at io.netty.util.concurrent.DefaultPromise.notifyListeners(DefaultPromise.java:514)
	at io.netty.util.concurrent.DefaultPromise.addListener(DefaultPromise.java:199)
	at io.netty.channel.DefaultChannelPromise.addListener(DefaultChannelPromise.java:95)
	at io.netty.channel.DefaultChannelPromise.addListener(DefaultChannelPromise.java:30)
	at io.netty.bootstrap.ServerBootstrap$ServerBootstrapAcceptor.channelRead(ServerBootstrap.java:249)
	at io.netty.channel.AbstractChannelHandlerContext.invokeChannelRead(AbstractChannelHandlerContext.java:444)
	at io.netty.channel.AbstractChannelHandlerContext.invokeChannelRead(AbstractChannelHandlerContext.java:420)
	at io.netty.channel.AbstractChannelHandlerContext.fireChannelRead(AbstractChannelHandlerContext.java:412)
	at io.netty.channel.DefaultChannelPipeline$HeadContext.channelRead(DefaultChannelPipeline.java:1357)
	at io.netty.channel.AbstractChannelHandlerContext.invokeChannelRead(AbstractChannelHandlerContext.java:440)
	at io.netty.channel.AbstractChannelHandlerContext.invokeChannelRead(AbstractChannelHandlerContext.java:420)
	at io.netty.channel.DefaultChannelPipeline.fireChannelRead(DefaultChannelPipeline.java:868)
	at io.netty.channel.nio.AbstractNioMessageChannel$NioMessageUnsafe.read(AbstractNioMessageChannel.java:97)
	at io.netty.channel.nio.NioEventLoop.processSelectedKey(NioEventLoop.java:796)
	at io.netty.channel.nio.NioEventLoop.processSelectedKeysOptimized(NioEventLoop.java:732)
	at io.netty.channel.nio.NioEventLoop.processSelectedKeys(NioEventLoop.java:658)
	at io.netty.channel.nio.NioEventLoop.run(NioEventLoop.java:562)
	at io.netty.util.concurrent.SingleThreadEventExecutor$4.run(SingleThreadEventExecutor.java:998)
	at io.netty.util.internal.ThreadExecutorMap$2.run(ThreadExecutorMap.java:74)
	at io.netty.util.concurrent.FastThreadLocalRunnable.run(FastThreadLocalRunnable.java:30)
	at java.base/java.lang.Thread.run(Thread.java:1583)

Aug 31, 2026 12:18:35 AM io.gapi.emulators.netty.HttpVersionRoutingHandler channelRead
INFO: Detected non-HTTP/2 connection.
Aug 31, 2026 12:18:35 AM io.gapi.emulators.netty.HttpVersionRoutingHandler channelRead
INFO: Detected non-HTTP/2 connection.
Aug 31, 2026 12:18:35 AM io.gapi.emulators.netty.HttpVersionRoutingHandler channelRead
INFO: Detected non-HTTP/2 connection.
Aug 31, 2026 12:18:35 AM io.gapi.emulators.netty.HttpVersionRoutingHandler channelRead
INFO: Detected non-HTTP/2 connection.
Aug 31, 2026 12:18:35 AM io.gapi.emulators.netty.HttpVersionRoutingHandler channelRead
INFO: Detected non-HTTP/2 connection.
Aug 31, 2026 12:18:35 AM io.netty.channel.AbstractChannel$AbstractUnsafe register
WARNING: Force-closing a channel whose registration task was not accepted by an event loop: [id: 0xa5abf5d5, L:/127.0.0.1:39155 - R:/127.0.0.1:41650]
java.util.concurrent.RejectedExecutionException: event executor terminated
	at io.netty.util.concurrent.SingleThreadEventExecutor.reject(SingleThreadEventExecutor.java:934)
	at io.netty.util.concurrent.SingleThreadEventExecutor.offerTask(SingleThreadEventExecutor.java:353)
	at io.netty.util.concurrent.SingleThreadEventExecutor.addTask(SingleThreadEventExecutor.java:346)
	at io.netty.util.concurrent.SingleThreadEventExecutor.execute(SingleThreadEventExecutor.java:836)
	at io.netty.util.concurrent.SingleThreadEventExecutor.execute0(SingleThreadEventExecutor.java:827)
	at io.netty.util.concurrent.SingleThreadEventExecutor.execute(SingleThreadEventExecutor.java:817)
	at io.netty.channel.AbstractChannel$AbstractUnsafe.register(AbstractChannel.java:482)
	at io.netty.channel.SingleThreadEventLoop.register(SingleThreadEventLoop.java:89)
	at io.netty.channel.SingleThreadEventLoop.register(SingleThreadEventLoop.java:83)
	at io.netty.channel.MultithreadEventLoopGroup.register(MultithreadEventLoopGroup.java:86)
	at io.netty.bootstrap.ServerBootstrap$ServerBootstrapAcceptor.channelRead(ServerBootstrap.java:249)
	at io.netty.channel.AbstractChannelHandlerContext.invokeChannelRead(AbstractChannelHandlerContext.java:444)
	at io.netty.channel.AbstractChannelHandlerContext.invokeChannelRead(AbstractChannelHandlerContext.java:420)
	at io.netty.channel.AbstractChannelHandlerContext.fireChannelRead(AbstractChannelHandlerContext.java:412)
	at io.netty.channel.DefaultChannelPipeline$HeadContext.channelRead(DefaultChannelPipeline.java:1357)
	at io.netty.channel.AbstractChannelHandlerContext.invokeChannelRead(AbstractChannelHandlerContext.java:440)
	at io.netty.channel.AbstractChannelHandlerContext.invokeChannelRead(AbstractChannelHandlerContext.java:420)
	at io.netty.channel.DefaultChannelPipeline.fireChannelRead(DefaultChannelPipeline.java:868)
	at io.netty.channel.nio.AbstractNioMessageChannel$NioMessageUnsafe.read(AbstractNioMessageChannel.java:97)
	at io.netty.channel.nio.NioEventLoop.processSelectedKey(NioEventLoop.java:796)
	at io.netty.channel.nio.NioEventLoop.processSelectedKeysOptimized(NioEventLoop.java:732)
	at io.netty.channel.nio.NioEventLoop.processSelectedKeys(NioEventLoop.java:658)
	at io.netty.channel.nio.NioEventLoop.run(NioEventLoop.java:562)
	at io.netty.util.concurrent.SingleThreadEventExecutor$4.run(SingleThreadEventExecutor.java:998)
	at io.netty.util.internal.ThreadExecutorMap$2.run(ThreadExecutorMap.java:74)
	at io.netty.util.concurrent.FastThreadLocalRunnable.run(FastThreadLocalRunnable.java:30)
	at java.base/java.lang.Thread.run(Thread.java:1583)

Aug 31, 2026 12:18:36 AM io.gapi.emulators.netty.HttpVersionRoutingHandler channelRead
INFO: Detected non-HTTP/2 connection.
Aug 31, 2026 12:18:36 AM io.netty.util.concurrent.DefaultPromise safeExecute
SEVERE: Failed to submit a listener notification task. Event loop shut down?
java.util.concurrent.RejectedExecutionException: event executor terminated
	at io.netty.util.concurrent.SingleThreadEventExecutor.reject(SingleThreadEventExecutor.java:934)
	at io.netty.util.concurrent.SingleThreadEventExecutor.offerTask(SingleThreadEventExecutor.java:353)
	at io.netty.util.concurrent.SingleThreadEventExecutor.addTask(SingleThreadEventExecutor.java:346)
	at io.netty.util.concurrent.SingleThreadEventExecutor.execute(SingleThreadEventExecutor.java:836)
	at io.netty.util.concurrent.SingleThreadEventExecutor.execute0(SingleThreadEventExecutor.java:827)
	at io.netty.util.concurrent.SingleThreadEventExecutor.execute(SingleThreadEventExecutor.java:817)
	at io.netty.util.concurrent.DefaultPromise.safeExecute(DefaultPromise.java:879)
	at io.netty.util.concurrent.DefaultPromise.notifyListeners(DefaultPromise.java:514)
	at io.netty.util.concurrent.DefaultPromise.addListener(DefaultPromise.java:199)
	at io.netty.channel.DefaultChannelPromise.addListener(DefaultChannelPromise.java:95)
	at io.netty.channel.DefaultChannelPromise.addListener(DefaultChannelPromise.java:30)
	at io.netty.bootstrap.ServerBootstrap$ServerBootstrapAcceptor.channelRead(ServerBootstrap.java:249)
	at io.netty.channel.AbstractChannelHandlerContext.invokeChannelRead(AbstractChannelHandlerContext.java:444)
	at io.netty.channel.AbstractChannelHandlerContext.invokeChannelRead(AbstractChannelHandlerContext.java:420)
	at io.netty.channel.AbstractChannelHandlerContext.fireChannelRead(AbstractChannelHandlerContext.java:412)
	at io.netty.channel.DefaultChannelPipeline$HeadContext.channelRead(DefaultChannelPipeline.java:1357)
	at io.netty.channel.AbstractChannelHandlerContext.invokeChannelRead(AbstractChannelHandlerContext.java:440)
	at io.netty.channel.AbstractChannelHandlerContext.invokeChannelRead(AbstractChannelHandlerContext.java:420)
	at io.netty.channel.DefaultChannelPipeline.fireChannelRead(DefaultChannelPipeline.java:868)
	at io.netty.channel.nio.AbstractNioMessageChannel$NioMessageUnsafe.read(AbstractNioMessageChannel.java:97)
	at io.netty.channel.nio.NioEventLoop.processSelectedKey(NioEventLoop.java:796)
	at io.netty.channel.nio.NioEventLoop.processSelectedKeysOptimized(NioEventLoop.java:732)
	at io.netty.channel.nio.NioEventLoop.processSelectedKeys(NioEventLoop.java:658)
	at io.netty.channel.nio.NioEventLoop.run(NioEventLoop.java:562)
	at io.netty.util.concurrent.SingleThreadEventExecutor$4.run(SingleThreadEventExecutor.java:998)
	at io.netty.util.internal.ThreadExecutorMap$2.run(ThreadExecutorMap.java:74)
	at io.netty.util.concurrent.FastThreadLocalRunnable.run(FastThreadLocalRunnable.java:30)
	at java.base/java.lang.Thread.run(Thread.java:1583)

Aug 31, 2026 12:18:36 AM io.gapi.emulators.netty.HttpVersionRoutingHandler channelRead
INFO: Detected non-HTTP/2 connection.
Aug 31, 2026 12:18:36 AM io.gapi.emulators.netty.HttpVersionRoutingHandler channelRead
INFO: Detected non-HTTP/2 connection.
Aug 31, 2026 12:18:38 AM io.grpc.netty.NettyServerStream$TransportState deframeFailed
WARNING: Exception processing message
java.lang.OutOfMemoryError: Java heap space

Aug 31, 2026 12:18:38 AM com.google.cloud.datastore.emulator.impl.util.WrappedStreamObserver onError
WARNING: Operation failed: Java heap space
java.lang.OutOfMemoryError: Java heap space

Aug 31, 2026 12:18:38 AM io.gapi.emulators.netty.HttpHandler$1 onError
INFO: Exception when handling request: UNKNOWN
Aug 31, 2026 12:18:38 AM io.gapi.emulators.netty.HttpHandler$1 onError
INFO: Exception when handling request: UNKNOWN
Aug 31, 2026 12:18:38 AM io.gapi.emulators.netty.HttpVersionRoutingHandler channelRead
INFO: Detected non-HTTP/2 connection.
Aug 31, 2026 12:18:39 AM io.gapi.emulators.netty.HttpVersionRoutingHandler channelRead
INFO: Detected non-HTTP/2 connection.
Aug 31, 2026 12:18:39 AM io.gapi.emulators.netty.HttpVersionRoutingHandler channelRead
INFO: Detected non-HTTP/2 connection.
Aug 31, 2026 12:18:39 AM io.gapi.emulators.netty.HttpVersionRoutingHandler channelRead
INFO: Detected non-HTTP/2 connection.
Aug 31, 2026 12:18:39 AM io.gapi.emulators.netty.HttpVersionRoutingHandler channelRead
INFO: Detected non-HTTP/2 connection.
Aug 31, 2026 12:18:39 AM io.gapi.emulators.netty.HttpVersionRoutingHandler channelRead
INFO: Detected non-HTTP/2 connection.
Aug 31, 2026 12:18:39 AM io.gapi.emulators.netty.HttpVersionRoutingHandler channelRead
INFO: Detected non-HTTP/2 connection.
Aug 31, 2026 12:18:39 AM io.gapi.emulators.netty.HttpVersionRoutingHandler channelRead
INFO: Detected non-HTTP/2 connection.
Aug 31, 2026 12:18:39 AM io.netty.channel.AbstractChannel$AbstractUnsafe register
WARNING: Force-closing a channel whose registration task was not accepted by an event loop: [id: 0xa9dd34c4, L:/127.0.0.1:39155 - R:/127.0.0.1:40476]
java.util.concurrent.RejectedExecutionException: event executor terminated
	at io.netty.util.concurrent.SingleThreadEventExecutor.reject(SingleThreadEventExecutor.java:934)
	at io.netty.util.concurrent.SingleThreadEventExecutor.offerTask(SingleThreadEventExecutor.java:353)
	at io.netty.util.concurrent.SingleThreadEventExecutor.addTask(SingleThreadEventExecutor.java:346)
	at io.netty.util.concurrent.SingleThreadEventExecutor.execute(SingleThreadEventExecutor.java:836)
	at io.netty.util.concurrent.SingleThreadEventExecutor.execute0(SingleThreadEventExecutor.java:827)
	at io.netty.util.concurrent.SingleThreadEventExecutor.execute(SingleThreadEventExecutor.java:817)
	at io.netty.channel.AbstractChannel$AbstractUnsafe.register(AbstractChannel.java:482)
	at io.netty.channel.SingleThreadEventLoop.register(SingleThreadEventLoop.java:89)
	at io.netty.channel.SingleThreadEventLoop.register(SingleThreadEventLoop.java:83)
	at io.netty.channel.MultithreadEventLoopGroup.register(MultithreadEventLoopGroup.java:86)
	at io.netty.bootstrap.ServerBootstrap$ServerBootstrapAcceptor.channelRead(ServerBootstrap.java:249)
	at io.netty.channel.AbstractChannelHandlerContext.invokeChannelRead(AbstractChannelHandlerContext.java:444)
	at io.netty.channel.AbstractChannelHandlerContext.invokeChannelRead(AbstractChannelHandlerContext.java:420)
	at io.netty.channel.AbstractChannelHandlerContext.fireChannelRead(AbstractChannelHandlerContext.java:412)
	at io.netty.channel.DefaultChannelPipeline$HeadContext.channelRead(DefaultChannelPipeline.java:1357)
	at io.netty.channel.AbstractChannelHandlerContext.invokeChannelRead(AbstractChannelHandlerContext.java:440)
	at io.netty.channel.AbstractChannelHandlerContext.invokeChannelRead(AbstractChannelHandlerContext.java:420)
	at io.netty.channel.DefaultChannelPipeline.fireChannelRead(DefaultChannelPipeline.java:868)
	at io.netty.channel.nio.AbstractNioMessageChannel$NioMessageUnsafe.read(AbstractNioMessageChannel.java:97)
	at io.netty.channel.nio.NioEventLoop.processSelectedKey(NioEventLoop.java:796)
	at io.netty.channel.nio.NioEventLoop.processSelectedKeysOptimized(NioEventLoop.java:732)
	at io.netty.channel.nio.NioEventLoop.processSelectedKeys(NioEventLoop.java:658)
	at io.netty.channel.nio.NioEventLoop.run(NioEventLoop.java:562)
	at io.netty.util.concurrent.SingleThreadEventExecutor$4.run(SingleThreadEventExecutor.java:998)
	at io.netty.util.internal.ThreadExecutorMap$2.run(ThreadExecutorMap.java:74)
	at io.netty.util.concurrent.FastThreadLocalRunnable.run(FastThreadLocalRunnable.java:30)
	at java.base/java.lang.Thread.run(Thread.java:1583)

Aug 31, 2026 12:18:39 AM io.gapi.emulators.netty.HttpVersionRoutingHandler channelRead
INFO: Detected non-HTTP/2 connection.
Aug 31, 2026 12:18:39 AM io.gapi.emulators.netty.HttpVersionRoutingHandler channelRead
INFO: Detected non-HTTP/2 connection.
Aug 31, 2026 12:18:39 AM io.netty.util.concurrent.DefaultPromise safeExecute
SEVERE: Failed to submit a listener notification task. Event loop shut down?
java.util.concurrent.RejectedExecutionException: event executor terminated
	at io.netty.util.concurrent.SingleThreadEventExecutor.reject(SingleThreadEventExecutor.java:934)
	at io.netty.util.concurrent.SingleThreadEventExecutor.offerTask(SingleThreadEventExecutor.java:353)
	at io.netty.util.concurrent.SingleThreadEventExecutor.addTask(SingleThreadEventExecutor.java:346)
	at io.netty.util.concurrent.SingleThreadEventExecutor.execute(SingleThreadEventExecutor.java:836)
	at io.netty.util.concurrent.SingleThreadEventExecutor.execute0(SingleThreadEventExecutor.java:827)
	at io.netty.util.concurrent.SingleThreadEventExecutor.execute(SingleThreadEventExecutor.java:817)
	at io.netty.util.concurrent.DefaultPromise.safeExecute(DefaultPromise.java:879)
	at io.netty.util.concurrent.DefaultPromise.notifyListeners(DefaultPromise.java:514)
	at io.netty.util.concurrent.DefaultPromise.addListener(DefaultPromise.java:199)
	at io.netty.channel.DefaultChannelPromise.addListener(DefaultChannelPromise.java:95)
	at io.netty.channel.DefaultChannelPromise.addListener(DefaultChannelPromise.java:30)
	at io.netty.bootstrap.ServerBootstrap$ServerBootstrapAcceptor.channelRead(ServerBootstrap.java:249)
	at io.netty.channel.AbstractChannelHandlerContext.invokeChannelRead(AbstractChannelHandlerContext.java:444)
	at io.netty.channel.AbstractChannelHandlerContext.invokeChannelRead(AbstractChannelHandlerContext.java:420)
	at io.netty.channel.AbstractChannelHandlerContext.fireChannelRead(AbstractChannelHandlerContext.java:412)
	at io.netty.channel.DefaultChannelPipeline$HeadContext.channelRead(DefaultChannelPipeline.java:1357)
	at io.netty.channel.AbstractChannelHandlerContext.invokeChannelRead(AbstractChannelHandlerContext.java:440)
	at io.netty.channel.AbstractChannelHandlerContext.invokeChannelRead(AbstractChannelHandlerContext.java:420)
	at io.netty.channel.DefaultChannelPipeline.fireChannelRead(DefaultChannelPipeline.java:868)
	at io.netty.channel.nio.AbstractNioMessageChannel$NioMessageUnsafe.read(AbstractNioMessageChannel.java:97)
	at io.netty.channel.nio.NioEventLoop.processSelectedKey(NioEventLoop.java:796)
	at io.netty.channel.nio.NioEventLoop.processSelectedKeysOptimized(NioEventLoop.java:732)
	at io.netty.channel.nio.NioEventLoop.processSelectedKeys(NioEventLoop.java:658)
	at io.netty.channel.nio.NioEventLoop.run(NioEventLoop.java:562)
	at io.netty.util.concurrent.SingleThreadEventExecutor$4.run(SingleThreadEventExecutor.java:998)
	at io.netty.util.internal.ThreadExecutorMap$2.run(ThreadExecutorMap.java:74)
	at io.netty.util.concurrent.FastThreadLocalRunnable.run(FastThreadLocalRunnable.java:30)
	at java.base/java.lang.Thread.run(Thread.java:1583)

Aug 31, 2026 12:18:39 AM io.gapi.emulators.netty.HttpVersionRoutingHandler channelRead
INFO: Detected non-HTTP/2 connection.
Aug 31, 2026 12:18:39 AM io.gapi.emulators.netty.HttpVersionRoutingHandler channelRead
INFO: Detected non-HTTP/2 connection.
Aug 31, 2026 12:18:43 AM com.google.cloud.datastore.emulator.impl.util.WrappedStreamObserver onError
WARNING: Operation failed: Java heap space: failed reallocation of scalar replaced objects
java.lang.OutOfMemoryError: Java heap space: failed reallocation of scalar replaced objects

Aug 31, 2026 12:18:43 AM io.gapi.emulators.netty.HttpHandler$1 onError
INFO: Exception when handling request: UNKNOWN
Aug 31, 2026 12:18:48 AM com.google.cloud.datastore.emulator.impl.util.WrappedStreamObserver onError
WARNING: Operation failed: Java heap space
java.lang.OutOfMemoryError: Java heap space

Aug 31, 2026 12:18:48 AM io.gapi.emulators.netty.HttpHandler$1 onError
INFO: Exception when handling request: UNKNOWN
Aug 31, 2026 12:18:53 AM com.google.cloud.datastore.emulator.impl.util.WrappedStreamObserver onError
WARNING: Operation failed: Java heap space: failed reallocation of scalar replaced objects
java.lang.OutOfMemoryError: Java heap space: failed reallocation of scalar replaced objects

Aug 31, 2026 12:18:53 AM io.gapi.emulators.netty.HttpHandler$1 onError
INFO: Exception when handling request: UNKNOWN
Aug 31, 2026 12:18:58 AM com.google.cloud.datastore.emulator.impl.util.WrappedStreamObserver onError
WARNING: Operation failed: Java heap space: failed reallocation of scalar replaced objects
java.lang.OutOfMemoryError: Java heap space: failed reallocation of scalar replaced objects

Aug 31, 2026 12:18:58 AM io.gapi.emulators.netty.HttpHandler$1 onError
INFO: Exception when handling request: UNKNOWN
Aug 31, 2026 12:19:03 AM com.google.cloud.datastore.emulator.impl.util.WrappedStreamObserver onError
WARNING: Operation failed: Java heap space: failed reallocation of scalar replaced objects
java.lang.OutOfMemoryError: Java heap space: failed reallocation of scalar replaced objects

Aug 31, 2026 12:19:03 AM io.gapi.emulators.netty.HttpHandler$1 onError
INFO: Exception when handling request: UNKNOWN
Aug 31, 2026 12:19:04 AM io.gapi.emulators.netty.HttpVersionRoutingHandler channelRead
INFO: Detected non-HTTP/2 connection.
Aug 31, 2026 12:19:05 AM io.gapi.emulators.netty.HttpVersionRoutingHandler channelRead
INFO: Detected non-HTTP/2 connection.
Aug 31, 2026 12:19:05 AM io.netty.channel.AbstractChannel$AbstractUnsafe register
WARNING: Force-closing a channel whose registration task was not accepted by an event loop: [id: 0xcf6b2a69, L:/127.0.0.1:39155 - R:/127.0.0.1:37280]
java.util.concurrent.RejectedExecutionException: event executor terminated
	at io.netty.util.concurrent.SingleThreadEventExecutor.reject(SingleThreadEventExecutor.java:934)
	at io.netty.util.concurrent.SingleThreadEventExecutor.offerTask(SingleThreadEventExecutor.java:353)
	at io.netty.util.concurrent.SingleThreadEventExecutor.addTask(SingleThreadEventExecutor.java:346)
	at io.netty.util.concurrent.SingleThreadEventExecutor.execute(SingleThreadEventExecutor.java:836)
	at io.netty.util.concurrent.SingleThreadEventExecutor.execute0(SingleThreadEventExecutor.java:827)
	at io.netty.util.concurrent.SingleThreadEventExecutor.execute(SingleThreadEventExecutor.java:817)
	at io.netty.channel.AbstractChannel$AbstractUnsafe.register(AbstractChannel.java:482)
	at io.netty.channel.SingleThreadEventLoop.register(SingleThreadEventLoop.java:89)
	at io.netty.channel.SingleThreadEventLoop.register(SingleThreadEventLoop.java:83)
	at io.netty.channel.MultithreadEventLoopGroup.register(MultithreadEventLoopGroup.java:86)
	at io.netty.bootstrap.ServerBootstrap$ServerBootstrapAcceptor.channelRead(ServerBootstrap.java:249)
	at io.netty.channel.AbstractChannelHandlerContext.invokeChannelRead(AbstractChannelHandlerContext.java:444)
	at io.netty.channel.AbstractChannelHandlerContext.invokeChannelRead(AbstractChannelHandlerContext.java:420)
	at io.netty.channel.AbstractChannelHandlerContext.fireChannelRead(AbstractChannelHandlerContext.java:412)
	at io.netty.channel.DefaultChannelPipeline$HeadContext.channelRead(DefaultChannelPipeline.java:1357)
	at io.netty.channel.AbstractChannelHandlerContext.invokeChannelRead(AbstractChannelHandlerContext.java:440)
	at io.netty.channel.AbstractChannelHandlerContext.invokeChannelRead(AbstractChannelHandlerContext.java:420)
	at io.netty.channel.DefaultChannelPipeline.fireChannelRead(DefaultChannelPipeline.java:868)
	at io.netty.channel.nio.AbstractNioMessageChannel$NioMessageUnsafe.read(AbstractNioMessageChannel.java:97)
	at io.netty.channel.nio.NioEventLoop.processSelectedKey(NioEventLoop.java:796)
	at io.netty.channel.nio.NioEventLoop.processSelectedKeysOptimized(NioEventLoop.java:732)
	at io.netty.channel.nio.NioEventLoop.processSelectedKeys(NioEventLoop.java:658)
	at io.netty.channel.nio.NioEventLoop.run(NioEventLoop.java:562)
	at io.netty.util.concurrent.SingleThreadEventExecutor$4.run(SingleThreadEventExecutor.java:998)
	at io.netty.util.internal.ThreadExecutorMap$2.run(ThreadExecutorMap.java:74)
	at io.netty.util.concurrent.FastThreadLocalRunnable.run(FastThreadLocalRunnable.java:30)
	at java.base/java.lang.Thread.run(Thread.java:1583)

Aug 31, 2026 12:19:05 AM io.netty.util.concurrent.DefaultPromise safeExecute
SEVERE: Failed to submit a listener notification task. Event loop shut down?
java.util.concurrent.RejectedExecutionException: event executor terminated
	at io.netty.util.concurrent.SingleThreadEventExecutor.reject(SingleThreadEventExecutor.java:934)
	at io.netty.util.concurrent.SingleThreadEventExecutor.offerTask(SingleThreadEventExecutor.java:353)
	at io.netty.util.concurrent.SingleThreadEventExecutor.addTask(SingleThreadEventExecutor.java:346)
	at io.netty.util.concurrent.SingleThreadEventExecutor.execute(SingleThreadEventExecutor.java:836)
	at io.netty.util.concurrent.SingleThreadEventExecutor.execute0(SingleThreadEventExecutor.java:827)
	at io.netty.util.concurrent.SingleThreadEventExecutor.execute(SingleThreadEventExecutor.java:817)
	at io.netty.util.concurrent.DefaultPromise.safeExecute(DefaultPromise.java:879)
	at io.netty.util.concurrent.DefaultPromise.notifyListeners(DefaultPromise.java:514)
	at io.netty.util.concurrent.DefaultPromise.addListener(DefaultPromise.java:199)
	at io.netty.channel.DefaultChannelPromise.addListener(DefaultChannelPromise.java:95)
	at io.netty.channel.DefaultChannelPromise.addListener(DefaultChannelPromise.java:30)
	at io.netty.bootstrap.ServerBootstrap$ServerBootstrapAcceptor.channelRead(ServerBootstrap.java:249)
	at io.netty.channel.AbstractChannelHandlerContext.invokeChannelRead(AbstractChannelHandlerContext.java:444)
	at io.netty.channel.AbstractChannelHandlerContext.invokeChannelRead(AbstractChannelHandlerContext.java:420)
	at io.netty.channel.AbstractChannelHandlerContext.fireChannelRead(AbstractChannelHandlerContext.java:412)
	at io.netty.channel.DefaultChannelPipeline$HeadContext.channelRead(DefaultChannelPipeline.java:1357)
	at io.netty.channel.AbstractChannelHandlerContext.invokeChannelRead(AbstractChannelHandlerContext.java:440)
	at io.netty.channel.AbstractChannelHandlerContext.invokeChannelRead(AbstractChannelHandlerContext.java:420)
	at io.netty.channel.DefaultChannelPipeline.fireChannelRead(DefaultChannelPipeline.java:868)
	at io.netty.channel.nio.AbstractNioMessageChannel$NioMessageUnsafe.read(AbstractNioMessageChannel.java:97)
	at io.netty.channel.nio.NioEventLoop.processSelectedKey(NioEventLoop.java:796)
	at io.netty.channel.nio.NioEventLoop.processSelectedKeysOptimized(NioEventLoop.java:732)
	at io.netty.channel.nio.NioEventLoop.processSelectedKeys(NioEventLoop.java:658)
	at io.netty.channel.nio.NioEventLoop.run(NioEventLoop.java:562)
	at io.netty.util.concurrent.SingleThreadEventExecutor$4.run(SingleThreadEventExecutor.java:998)
	at io.netty.util.internal.ThreadExecutorMap$2.run(ThreadExecutorMap.java:74)
	at io.netty.util.concurrent.FastThreadLocalRunnable.run(FastThreadLocalRunnable.java:30)
	at java.base/java.lang.Thread.run(Thread.java:1583)

Aug 31, 2026 12:19:05 AM io.gapi.emulators.netty.HttpVersionRoutingHandler channelRead
INFO: Detected non-HTTP/2 connection.
Aug 31, 2026 12:19:05 AM io.gapi.emulators.netty.HttpVersionRoutingHandler channelRead
INFO: Detected non-HTTP/2 connection.
Aug 31, 2026 12:19:05 AM io.gapi.emulators.netty.HttpVersionRoutingHandler channelRead
INFO: Detected non-HTTP/2 connection.
Aug 31, 2026 12:19:05 AM io.gapi.emulators.netty.HttpVersionRoutingHandler channelRead
INFO: Detected non-HTTP/2 connection.
Aug 31, 2026 12:19:05 AM io.gapi.emulators.netty.HttpVersionRoutingHandler channelRead
INFO: Detected non-HTTP/2 connection.
Aug 31, 2026 12:19:05 AM io.gapi.emulators.netty.HttpVersionRoutingHandler channelRead
INFO: Detected non-HTTP/2 connection.
Aug 31, 2026 12:19:05 AM io.gapi.emulators.netty.HttpVersionRoutingHandler channelRead
INFO: Detected non-HTTP/2 connection.
Aug 31, 2026 12:19:05 AM io.gapi.emulators.netty.HttpVersionRoutingHandler channelRead
INFO: Detected non-HTTP/2 connection.
Aug 31, 2026 12:19:05 AM io.gapi.emulators.netty.HttpVersionRoutingHandler channelRead
INFO: Detected non-HTTP/2 connection.
Aug 31, 2026 12:19:05 AM io.gapi.emulators.netty.HttpVersionRoutingHandler channelRead
INFO: Detected non-HTTP/2 connection.
Aug 31, 2026 12:19:05 AM io.gapi.emulators.netty.HttpVersionRoutingHandler channelRead
INFO: Detected non-HTTP/2 connection.
Aug 31, 2026 12:19:05 AM io.gapi.emulators.netty.HttpVersionRoutingHandler channelRead
INFO: Detected non-HTTP/2 connection.
Aug 31, 2026 12:19:05 AM io.gapi.emulators.netty.HttpVersionRoutingHandler channelRead
INFO: Detected non-HTTP/2 connection.
Aug 31, 2026 12:19:05 AM io.netty.channel.AbstractChannel$AbstractUnsafe register
WARNING: Force-closing a channel whose registration task was not accepted by an event loop: [id: 0xbb093bd7, L:/127.0.0.1:39155 - R:/127.0.0.1:37442]
java.util.concurrent.RejectedExecutionException: event executor terminated
	at io.netty.util.concurrent.SingleThreadEventExecutor.reject(SingleThreadEventExecutor.java:934)
	at io.netty.util.concurrent.SingleThreadEventExecutor.offerTask(SingleThreadEventExecutor.java:353)
	at io.netty.util.concurrent.SingleThreadEventExecutor.addTask(SingleThreadEventExecutor.java:346)
	at io.netty.util.concurrent.SingleThreadEventExecutor.execute(SingleThreadEventExecutor.java:836)
	at io.netty.util.concurrent.SingleThreadEventExecutor.execute0(SingleThreadEventExecutor.java:827)
	at io.netty.util.concurrent.SingleThreadEventExecutor.execute(SingleThreadEventExecutor.java:817)
	at io.netty.channel.AbstractChannel$AbstractUnsafe.register(AbstractChannel.java:482)
	at io.netty.channel.SingleThreadEventLoop.register(SingleThreadEventLoop.java:89)
	at io.netty.channel.SingleThreadEventLoop.register(SingleThreadEventLoop.java:83)
	at io.netty.channel.MultithreadEventLoopGroup.register(MultithreadEventLoopGroup.java:86)
	at io.netty.bootstrap.ServerBootstrap$ServerBootstrapAcceptor.channelRead(ServerBootstrap.java:249)
	at io.netty.channel.AbstractChannelHandlerContext.invokeChannelRead(AbstractChannelHandlerContext.java:444)
	at io.netty.channel.AbstractChannelHandlerContext.invokeChannelRead(AbstractChannelHandlerContext.java:420)
	at io.netty.channel.AbstractChannelHandlerContext.fireChannelRead(AbstractChannelHandlerContext.java:412)
	at io.netty.channel.DefaultChannelPipeline$HeadContext.channelRead(DefaultChannelPipeline.java:1357)
	at io.netty.channel.AbstractChannelHandlerContext.invokeChannelRead(AbstractChannelHandlerContext.java:440)
	at io.netty.channel.AbstractChannelHandlerContext.invokeChannelRead(AbstractChannelHandlerContext.java:420)
	at io.netty.channel.DefaultChannelPipeline.fireChannelRead(DefaultChannelPipeline.java:868)
	at io.netty.channel.nio.AbstractNioMessageChannel$NioMessageUnsafe.read(AbstractNioMessageChannel.java:97)
	at io.netty.channel.nio.NioEventLoop.processSelectedKey(NioEventLoop.java:796)
	at io.netty.channel.nio.NioEventLoop.processSelectedKeysOptimized(NioEventLoop.java:732)
	at io.netty.channel.nio.NioEventLoop.processSelectedKeys(NioEventLoop.java:658)
	at io.netty.channel.nio.NioEventLoop.run(NioEventLoop.java:562)
	at io.netty.util.concurrent.SingleThreadEventExecutor$4.run(SingleThreadEventExecutor.java:998)
	at io.netty.util.internal.ThreadExecutorMap$2.run(ThreadExecutorMap.java:74)
	at io.netty.util.concurrent.FastThreadLocalRunnable.run(FastThreadLocalRunnable.java:30)
	at java.base/java.lang.Thread.run(Thread.java:1583)

Aug 31, 2026 12:19:05 AM io.gapi.emulators.netty.HttpVersionRoutingHandler channelRead
INFO: Detected non-HTTP/2 connection.
Aug 31, 2026 12:19:05 AM io.gapi.emulators.netty.HttpVersionRoutingHandler channelRead
INFO: Detected non-HTTP/2 connection.
Aug 31, 2026 12:19:05 AM io.netty.util.concurrent.DefaultPromise safeExecute
SEVERE: Failed to submit a listener notification task. Event loop shut down?
java.util.concurrent.RejectedExecutionException: event executor terminated
	at io.netty.util.concurrent.SingleThreadEventExecutor.reject(SingleThreadEventExecutor.java:934)
	at io.netty.util.concurrent.SingleThreadEventExecutor.offerTask(SingleThreadEventExecutor.java:353)
	at io.netty.util.concurrent.SingleThreadEventExecutor.addTask(SingleThreadEventExecutor.java:346)
	at io.netty.util.concurrent.SingleThreadEventExecutor.execute(SingleThreadEventExecutor.java:836)
	at io.netty.util.concurrent.SingleThreadEventExecutor.execute0(SingleThreadEventExecutor.java:827)
	at io.netty.util.concurrent.SingleThreadEventExecutor.execute(SingleThreadEventExecutor.java:817)
	at io.netty.util.concurrent.DefaultPromise.safeExecute(DefaultPromise.java:879)
	at io.netty.util.concurrent.DefaultPromise.notifyListeners(DefaultPromise.java:514)
	at io.netty.util.concurrent.DefaultPromise.addListener(DefaultPromise.java:199)
	at io.netty.channel.DefaultChannelPromise.addListener(DefaultChannelPromise.java:95)
	at io.netty.channel.DefaultChannelPromise.addListener(DefaultChannelPromise.java:30)
	at io.netty.bootstrap.ServerBootstrap$ServerBootstrapAcceptor.channelRead(ServerBootstrap.java:249)
	at io.netty.channel.AbstractChannelHandlerContext.invokeChannelRead(AbstractChannelHandlerContext.java:444)
	at io.netty.channel.AbstractChannelHandlerContext.invokeChannelRead(AbstractChannelHandlerContext.java:420)
	at io.netty.channel.AbstractChannelHandlerContext.fireChannelRead(AbstractChannelHandlerContext.java:412)
	at io.netty.channel.DefaultChannelPipeline$HeadContext.channelRead(DefaultChannelPipeline.java:1357)
	at io.netty.channel.AbstractChannelHandlerContext.invokeChannelRead(AbstractChannelHandlerContext.java:440)
	at io.netty.channel.AbstractChannelHandlerContext.invokeChannelRead(AbstractChannelHandlerContext.java:420)
	at io.netty.channel.DefaultChannelPipeline.fireChannelRead(DefaultChannelPipeline.java:868)
	at io.netty.channel.nio.AbstractNioMessageChannel$NioMessageUnsafe.read(AbstractNioMessageChannel.java:97)
	at io.netty.channel.nio.NioEventLoop.processSelectedKey(NioEventLoop.java:796)
	at io.netty.channel.nio.NioEventLoop.processSelectedKeysOptimized(NioEventLoop.java:732)
	at io.netty.channel.nio.NioEventLoop.processSelectedKeys(NioEventLoop.java:658)
	at io.netty.channel.nio.NioEventLoop.run(NioEventLoop.java:562)
	at io.netty.util.concurrent.SingleThreadEventExecutor$4.run(SingleThreadEventExecutor.java:998)
	at io.netty.util.internal.ThreadExecutorMap$2.run(ThreadExecutorMap.java:74)
	at io.netty.util.concurrent.FastThreadLocalRunnable.run(FastThreadLocalRunnable.java:30)
	at java.base/java.lang.Thread.run(Thread.java:1583)

Aug 31, 2026 12:19:05 AM io.gapi.emulators.netty.HttpVersionRoutingHandler channelRead
INFO: Detected non-HTTP/2 connection.
Aug 31, 2026 12:19:06 AM io.gapi.emulators.netty.HttpVersionRoutingHandler channelRead
INFO: Detected non-HTTP/2 connection.
Aug 31, 2026 12:19:09 AM io.netty.channel.DefaultChannelPipeline onUnhandledInboundException
WARNING: An exceptionCaught() event was fired, and it reached at the tail of the pipeline. It usually means the last handler in the pipeline did not handle the exception.
java.lang.OutOfMemoryError: Java heap space

Aug 31, 2026 12:19:09 AM com.google.cloud.datastore.emulator.impl.util.WrappedStreamObserver onError
WARNING: Operation failed: Java heap space: failed reallocation of scalar replaced objects
java.lang.OutOfMemoryError: Java heap space: failed reallocation of scalar replaced objects

Aug 31, 2026 12:19:09 AM io.gapi.emulators.netty.HttpHandler$1 onError
INFO: Exception when handling request: UNKNOWN
Aug 31, 2026 12:19:09 AM io.gapi.emulators.netty.HttpVersionRoutingHandler channelRead
INFO: Detected non-HTTP/2 connection.
Aug 31, 2026 12:19:09 AM io.gapi.emulators.netty.HttpVersionRoutingHandler channelRead
INFO: Detected non-HTTP/2 connection.
Aug 31, 2026 12:19:09 AM io.gapi.emulators.netty.HttpVersionRoutingHandler channelRead
INFO: Detected non-HTTP/2 connection.
Aug 31, 2026 12:19:09 AM io.netty.channel.AbstractChannel$AbstractUnsafe register
WARNING: Force-closing a channel whose registration task was not accepted by an event loop: [id: 0x719692a1, L:/127.0.0.1:39155 - R:/127.0.0.1:40888]
java.util.concurrent.RejectedExecutionException: event executor terminated
	at io.netty.util.concurrent.SingleThreadEventExecutor.reject(SingleThreadEventExecutor.java:934)
	at io.netty.util.concurrent.SingleThreadEventExecutor.offerTask(SingleThreadEventExecutor.java:353)
	at io.netty.util.concurrent.SingleThreadEventExecutor.addTask(SingleThreadEventExecutor.java:346)
	at io.netty.util.concurrent.SingleThreadEventExecutor.execute(SingleThreadEventExecutor.java:836)
	at io.netty.util.concurrent.SingleThreadEventExecutor.execute0(SingleThreadEventExecutor.java:827)
	at io.netty.util.concurrent.SingleThreadEventExecutor.execute(SingleThreadEventExecutor.java:817)
	at io.netty.channel.AbstractChannel$AbstractUnsafe.register(AbstractChannel.java:482)
	at io.netty.channel.SingleThreadEventLoop.register(SingleThreadEventLoop.java:89)
	at io.netty.channel.SingleThreadEventLoop.register(SingleThreadEventLoop.java:83)
	at io.netty.channel.MultithreadEventLoopGroup.register(MultithreadEventLoopGroup.java:86)
	at io.netty.bootstrap.ServerBootstrap$ServerBootstrapAcceptor.channelRead(ServerBootstrap.java:249)
	at io.netty.channel.AbstractChannelHandlerContext.invokeChannelRead(AbstractChannelHandlerContext.java:444)
	at io.netty.channel.AbstractChannelHandlerContext.invokeChannelRead(AbstractChannelHandlerContext.java:420)
	at io.netty.channel.AbstractChannelHandlerContext.fireChannelRead(AbstractChannelHandlerContext.java:412)
	at io.netty.channel.DefaultChannelPipeline$HeadContext.channelRead(DefaultChannelPipeline.java:1357)
	at io.netty.channel.AbstractChannelHandlerContext.invokeChannelRead(AbstractChannelHandlerContext.java:440)
	at io.netty.channel.AbstractChannelHandlerContext.invokeChannelRead(AbstractChannelHandlerContext.java:420)
	at io.netty.channel.DefaultChannelPipeline.fireChannelRead(DefaultChannelPipeline.java:868)
	at io.netty.channel.nio.AbstractNioMessageChannel$NioMessageUnsafe.read(AbstractNioMessageChannel.java:97)
	at io.netty.channel.nio.NioEventLoop.processSelectedKey(NioEventLoop.java:796)
	at io.netty.channel.nio.NioEventLoop.processSelectedKeysOptimized(NioEventLoop.java:732)
	at io.netty.channel.nio.NioEventLoop.processSelectedKeys(NioEventLoop.java:658)
	at io.netty.channel.nio.NioEventLoop.run(NioEventLoop.java:562)
	at io.netty.util.concurrent.SingleThreadEventExecutor$4.run(SingleThreadEventExecutor.java:998)
	at io.netty.util.internal.ThreadExecutorMap$2.run(ThreadExecutorMap.java:74)
	at io.netty.util.concurrent.FastThreadLocalRunnable.run(FastThreadLocalRunnable.java:30)
	at java.base/java.lang.Thread.run(Thread.java:1583)

Aug 31, 2026 12:19:09 AM io.netty.util.concurrent.DefaultPromise safeExecute
SEVERE: Failed to submit a listener notification task. Event loop shut down?
java.util.concurrent.RejectedExecutionException: event executor terminated
	at io.netty.util.concurrent.SingleThreadEventExecutor.reject(SingleThreadEventExecutor.java:934)
	at io.netty.util.concurrent.SingleThreadEventExecutor.offerTask(SingleThreadEventExecutor.java:353)
	at io.netty.util.concurrent.SingleThreadEventExecutor.addTask(SingleThreadEventExecutor.java:346)
	at io.netty.util.concurrent.SingleThreadEventExecutor.execute(SingleThreadEventExecutor.java:836)
	at io.netty.util.concurrent.SingleThreadEventExecutor.execute0(SingleThreadEventExecutor.java:827)
	at io.netty.util.concurrent.SingleThreadEventExecutor.execute(SingleThreadEventExecutor.java:817)
	at io.netty.util.concurrent.DefaultPromise.safeExecute(DefaultPromise.java:879)
	at io.netty.util.concurrent.DefaultPromise.notifyListeners(DefaultPromise.java:514)
	at io.netty.util.concurrent.DefaultPromise.addListener(DefaultPromise.java:199)
	at io.netty.channel.DefaultChannelPromise.addListener(DefaultChannelPromise.java:95)
	at io.netty.channel.DefaultChannelPromise.addListener(DefaultChannelPromise.java:30)
	at io.netty.bootstrap.ServerBootstrap$ServerBootstrapAcceptor.channelRead(ServerBootstrap.java:249)
	at io.netty.channel.AbstractChannelHandlerContext.invokeChannelRead(AbstractChannelHandlerContext.java:444)
	at io.netty.channel.AbstractChannelHandlerContext.invokeChannelRead(AbstractChannelHandlerContext.java:420)
	at io.netty.channel.AbstractChannelHandlerContext.fireChannelRead(AbstractChannelHandlerContext.java:412)
	at io.netty.channel.DefaultChannelPipeline$HeadContext.channelRead(DefaultChannelPipeline.java:1357)
	at io.netty.channel.AbstractChannelHandlerContext.invokeChannelRead(AbstractChannelHandlerContext.java:440)
	at io.netty.channel.AbstractChannelHandlerContext.invokeChannelRead(AbstractChannelHandlerContext.java:420)
	at io.netty.channel.DefaultChannelPipeline.fireChannelRead(DefaultChannelPipeline.java:868)
	at io.netty.channel.nio.AbstractNioMessageChannel$NioMessageUnsafe.read(AbstractNioMessageChannel.java:97)
	at io.netty.channel.nio.NioEventLoop.processSelectedKey(NioEventLoop.java:796)
	at io.netty.channel.nio.NioEventLoop.processSelectedKeysOptimized(NioEventLoop.java:732)
	at io.netty.channel.nio.NioEventLoop.processSelectedKeys(NioEventLoop.java:658)
	at io.netty.channel.nio.NioEventLoop.run(NioEventLoop.java:562)
	at io.netty.util.concurrent.SingleThreadEventExecutor$4.run(SingleThreadEventExecutor.java:998)
	at io.netty.util.internal.ThreadExecutorMap$2.run(ThreadExecutorMap.java:74)
	at io.netty.util.concurrent.FastThreadLocalRunnable.run(FastThreadLocalRunnable.java:30)
	at java.base/java.lang.Thread.run(Thread.java:1583)

Aug 31, 2026 12:19:09 AM io.gapi.emulators.netty.HttpVersionRoutingHandler channelRead
INFO: Detected non-HTTP/2 connection.
Aug 31, 2026 12:19:09 AM io.gapi.emulators.netty.HttpVersionRoutingHandler channelRead
INFO: Detected non-HTTP/2 connection.
Aug 31, 2026 12:19:09 AM io.gapi.emulators.netty.HttpVersionRoutingHandler channelRead
INFO: Detected non-HTTP/2 connection.
Aug 31, 2026 12:19:09 AM io.gapi.emulators.netty.HttpVersionRoutingHandler channelRead
INFO: Detected non-HTTP/2 connection.
Aug 31, 2026 12:19:09 AM io.gapi.emulators.netty.HttpVersionRoutingHandler channelRead
INFO: Detected non-HTTP/2 connection.
Aug 31, 2026 12:19:09 AM io.gapi.emulators.netty.HttpVersionRoutingHandler channelRead
INFO: Detected non-HTTP/2 connection.
Aug 31, 2026 12:19:09 AM io.gapi.emulators.netty.HttpVersionRoutingHandler channelRead
INFO: Detected non-HTTP/2 connection.
Aug 31, 2026 12:19:09 AM io.gapi.emulators.netty.HttpVersionRoutingHandler channelRead
INFO: Detected non-HTTP/2 connection.
Aug 31, 2026 12:19:10 AM io.gapi.emulators.netty.HttpVersionRoutingHandler channelRead
INFO: Detected non-HTTP/2 connection.
Aug 31, 2026 12:19:14 AM com.google.cloud.datastore.emulator.impl.util.WrappedStreamObserver onError
WARNING: Operation failed: Java heap space
java.lang.OutOfMemoryError: Java heap space

Aug 31, 2026 12:19:14 AM io.gapi.emulators.netty.HttpHandler$1 onError
INFO: Exception when handling request: UNKNOWN
Aug 31, 2026 12:19:19 AM com.google.cloud.datastore.emulator.impl.util.WrappedStreamObserver onError
WARNING: Operation failed: Java heap space
java.lang.OutOfMemoryError: Java heap space

Aug 31, 2026 12:19:19 AM io.gapi.emulators.netty.HttpHandler$1 onError
INFO: Exception when handling request: UNKNOWN
Aug 31, 2026 12:19:24 AM com.google.cloud.datastore.emulator.impl.util.WrappedStreamObserver onError
WARNING: Operation failed: Java heap space: failed reallocation of scalar replaced objects
java.lang.OutOfMemoryError: Java heap space: failed reallocation of scalar replaced objects

Aug 31, 2026 12:19:24 AM io.gapi.emulators.netty.HttpHandler$1 onError
INFO: Exception when handling request: UNKNOWN
Aug 31, 2026 12:19:29 AM com.google.cloud.datastore.emulator.impl.util.WrappedStreamObserver onError
WARNING: Operation failed: Java heap space
java.lang.OutOfMemoryError: Java heap space

Aug 31, 2026 12:19:29 AM io.gapi.emulators.netty.HttpHandler$1 onError
INFO: Exception when handling request: UNKNOWN
Aug 31, 2026 12:19:34 AM com.google.cloud.datastore.emulator.impl.util.WrappedStreamObserver onError
WARNING: Operation failed: Java heap space
java.lang.OutOfMemoryError: Java heap space

Aug 31, 2026 12:19:34 AM io.gapi.emulators.netty.HttpHandler$1 onError
INFO: Exception when handling request: UNKNOWN
Aug 31, 2026 12:19:34 AM io.gapi.emulators.netty.HttpVersionRoutingHandler channelRead
INFO: Detected non-HTTP/2 connection.
Aug 31, 2026 12:19:34 AM io.netty.channel.AbstractChannel$AbstractUnsafe register
WARNING: Force-closing a channel whose registration task was not accepted by an event loop: [id: 0x55728b44, L:/127.0.0.1:39155 - R:/127.0.0.1:50028]
java.util.concurrent.RejectedExecutionException: event executor terminated
	at io.netty.util.concurrent.SingleThreadEventExecutor.reject(SingleThreadEventExecutor.java:934)
	at io.netty.util.concurrent.SingleThreadEventExecutor.offerTask(SingleThreadEventExecutor.java:353)
	at io.netty.util.concurrent.SingleThreadEventExecutor.addTask(SingleThreadEventExecutor.java:346)
	at io.netty.util.concurrent.SingleThreadEventExecutor.execute(SingleThreadEventExecutor.java:836)
	at io.netty.util.concurrent.SingleThreadEventExecutor.execute0(SingleThreadEventExecutor.java:827)
	at io.netty.util.concurrent.SingleThreadEventExecutor.execute(SingleThreadEventExecutor.java:817)
	at io.netty.channel.AbstractChannel$AbstractUnsafe.register(AbstractChannel.java:482)
	at io.netty.channel.SingleThreadEventLoop.register(SingleThreadEventLoop.java:89)
	at io.netty.channel.SingleThreadEventLoop.register(SingleThreadEventLoop.java:83)
	at io.netty.channel.MultithreadEventLoopGroup.register(MultithreadEventLoopGroup.java:86)
	at io.netty.bootstrap.ServerBootstrap$ServerBootstrapAcceptor.channelRead(ServerBootstrap.java:249)
	at io.netty.channel.AbstractChannelHandlerContext.invokeChannelRead(AbstractChannelHandlerContext.java:444)
	at io.netty.channel.AbstractChannelHandlerContext.invokeChannelRead(AbstractChannelHandlerContext.java:420)
	at io.netty.channel.AbstractChannelHandlerContext.fireChannelRead(AbstractChannelHandlerContext.java:412)
	at io.netty.channel.DefaultChannelPipeline$HeadContext.channelRead(DefaultChannelPipeline.java:1357)
	at io.netty.channel.AbstractChannelHandlerContext.invokeChannelRead(AbstractChannelHandlerContext.java:440)
	at io.netty.channel.AbstractChannelHandlerContext.invokeChannelRead(AbstractChannelHandlerContext.java:420)
	at io.netty.channel.DefaultChannelPipeline.fireChannelRead(DefaultChannelPipeline.java:868)
	at io.netty.channel.nio.AbstractNioMessageChannel$NioMessageUnsafe.read(AbstractNioMessageChannel.java:97)
	at io.netty.channel.nio.NioEventLoop.processSelectedKey(NioEventLoop.java:796)
	at io.netty.channel.nio.NioEventLoop.processSelectedKeysOptimized(NioEventLoop.java:732)
	at io.netty.channel.nio.NioEventLoop.processSelectedKeys(NioEventLoop.java:658)
	at io.netty.channel.nio.NioEventLoop.run(NioEventLoop.java:562)
	at io.netty.util.concurrent.SingleThreadEventExecutor$4.run(SingleThreadEventExecutor.java:998)
	at io.netty.util.internal.ThreadExecutorMap$2.run(ThreadExecutorMap.java:74)
	at io.netty.util.concurrent.FastThreadLocalRunnable.run(FastThreadLocalRunnable.java:30)
	at java.base/java.lang.Thread.run(Thread.java:1583)

Aug 31, 2026 12:19:34 AM io.netty.util.concurrent.DefaultPromise safeExecute
SEVERE: Failed to submit a listener notification task. Event loop shut down?
java.util.concurrent.RejectedExecutionException: event executor terminated
	at io.netty.util.concurrent.SingleThreadEventExecutor.reject(SingleThreadEventExecutor.java:934)
	at io.netty.util.concurrent.SingleThreadEventExecutor.offerTask(SingleThreadEventExecutor.java:353)
	at io.netty.util.concurrent.SingleThreadEventExecutor.addTask(SingleThreadEventExecutor.java:346)
	at io.netty.util.concurrent.SingleThreadEventExecutor.execute(SingleThreadEventExecutor.java:836)
	at io.netty.util.concurrent.SingleThreadEventExecutor.execute0(SingleThreadEventExecutor.java:827)
	at io.netty.util.concurrent.SingleThreadEventExecutor.execute(SingleThreadEventExecutor.java:817)
	at io.netty.util.concurrent.DefaultPromise.safeExecute(DefaultPromise.java:879)
	at io.netty.util.concurrent.DefaultPromise.notifyListeners(DefaultPromise.java:514)
	at io.netty.util.concurrent.DefaultPromise.addListener(DefaultPromise.java:199)
	at io.netty.channel.DefaultChannelPromise.addListener(DefaultChannelPromise.java:95)
	at io.netty.channel.DefaultChannelPromise.addListener(DefaultChannelPromise.java:30)
	at io.netty.bootstrap.ServerBootstrap$ServerBootstrapAcceptor.channelRead(ServerBootstrap.java:249)
	at io.netty.channel.AbstractChannelHandlerContext.invokeChannelRead(AbstractChannelHandlerContext.java:444)
	at io.netty.channel.AbstractChannelHandlerContext.invokeChannelRead(AbstractChannelHandlerContext.java:420)
	at io.netty.channel.AbstractChannelHandlerContext.fireChannelRead(AbstractChannelHandlerContext.java:412)
	at io.netty.channel.DefaultChannelPipeline$HeadContext.channelRead(DefaultChannelPipeline.java:1357)
	at io.netty.channel.AbstractChannelHandlerContext.invokeChannelRead(AbstractChannelHandlerContext.java:440)
	at io.netty.channel.AbstractChannelHandlerContext.invokeChannelRead(AbstractChannelHandlerContext.java:420)
	at io.netty.channel.DefaultChannelPipeline.fireChannelRead(DefaultChannelPipeline.java:868)
	at io.netty.channel.nio.AbstractNioMessageChannel$NioMessageUnsafe.read(AbstractNioMessageChannel.java:97)
	at io.netty.channel.nio.NioEventLoop.processSelectedKey(NioEventLoop.java:796)
	at io.netty.channel.nio.NioEventLoop.processSelectedKeysOptimized(NioEventLoop.java:732)
	at io.netty.channel.nio.NioEventLoop.processSelectedKeys(NioEventLoop.java:658)
	at io.netty.channel.nio.NioEventLoop.run(NioEventLoop.java:562)
	at io.netty.util.concurrent.SingleThreadEventExecutor$4.run(SingleThreadEventExecutor.java:998)
	at io.netty.util.internal.ThreadExecutorMap$2.run(ThreadExecutorMap.java:74)
	at io.netty.util.concurrent.FastThreadLocalRunnable.run(FastThreadLocalRunnable.java:30)
	at java.base/java.lang.Thread.run(Thread.java:1583)

Aug 31, 2026 12:19:35 AM io.gapi.emulators.netty.HttpVersionRoutingHandler channelRead
INFO: Detected non-HTTP/2 connection.
Aug 31, 2026 12:19:35 AM io.gapi.emulators.netty.HttpVersionRoutingHandler channelRead
INFO: Detected non-HTTP/2 connection.
Aug 31, 2026 12:19:35 AM io.gapi.emulators.netty.HttpVersionRoutingHandler channelRead
INFO: Detected non-HTTP/2 connection.
Aug 31, 2026 12:19:35 AM io.gapi.emulators.netty.HttpVersionRoutingHandler channelRead
INFO: Detected non-HTTP/2 connection.
Aug 31, 2026 12:19:35 AM io.gapi.emulators.netty.HttpVersionRoutingHandler channelRead
INFO: Detected non-HTTP/2 connection.
Aug 31, 2026 12:19:35 AM io.netty.channel.AbstractChannel$AbstractUnsafe register
WARNING: Force-closing a channel whose registration task was not accepted by an event loop: [id: 0x279ff844, L:/127.0.0.1:39155 - R:/127.0.0.1:50106]
java.util.concurrent.RejectedExecutionException: event executor terminated
	at io.netty.util.concurrent.SingleThreadEventExecutor.reject(SingleThreadEventExecutor.java:934)
	at io.netty.util.concurrent.SingleThreadEventExecutor.offerTask(SingleThreadEventExecutor.java:353)
	at io.netty.util.concurrent.SingleThreadEventExecutor.addTask(SingleThreadEventExecutor.java:346)
	at io.netty.util.concurrent.SingleThreadEventExecutor.execute(SingleThreadEventExecutor.java:836)
	at io.netty.util.concurrent.SingleThreadEventExecutor.execute0(SingleThreadEventExecutor.java:827)
	at io.netty.util.concurrent.SingleThreadEventExecutor.execute(SingleThreadEventExecutor.java:817)
	at io.netty.channel.AbstractChannel$AbstractUnsafe.register(AbstractChannel.java:482)
	at io.netty.channel.SingleThreadEventLoop.register(SingleThreadEventLoop.java:89)
	at io.netty.channel.SingleThreadEventLoop.register(SingleThreadEventLoop.java:83)
	at io.netty.channel.MultithreadEventLoopGroup.register(MultithreadEventLoopGroup.java:86)
	at io.netty.bootstrap.ServerBootstrap$ServerBootstrapAcceptor.channelRead(ServerBootstrap.java:249)
	at io.netty.channel.AbstractChannelHandlerContext.invokeChannelRead(AbstractChannelHandlerContext.java:444)
	at io.netty.channel.AbstractChannelHandlerContext.invokeChannelRead(AbstractChannelHandlerContext.java:420)
	at io.netty.channel.AbstractChannelHandlerContext.fireChannelRead(AbstractChannelHandlerContext.java:412)
	at io.netty.channel.DefaultChannelPipeline$HeadContext.channelRead(DefaultChannelPipeline.java:1357)
	at io.netty.channel.AbstractChannelHandlerContext.invokeChannelRead(AbstractChannelHandlerContext.java:440)
	at io.netty.channel.AbstractChannelHandlerContext.invokeChannelRead(AbstractChannelHandlerContext.java:420)
	at io.netty.channel.DefaultChannelPipeline.fireChannelRead(DefaultChannelPipeline.java:868)
	at io.netty.channel.nio.AbstractNioMessageChannel$NioMessageUnsafe.read(AbstractNioMessageChannel.java:97)
	at io.netty.channel.nio.NioEventLoop.processSelectedKey(NioEventLoop.java:796)
	at io.netty.channel.nio.NioEventLoop.processSelectedKeysOptimized(NioEventLoop.java:732)
	at io.netty.channel.nio.NioEventLoop.processSelectedKeys(NioEventLoop.java:658)
	at io.netty.channel.nio.NioEventLoop.run(NioEventLoop.java:562)
	at io.netty.util.concurrent.SingleThreadEventExecutor$4.run(SingleThreadEventExecutor.java:998)
	at io.netty.util.internal.ThreadExecutorMap$2.run(ThreadExecutorMap.java:74)
	at io.netty.util.concurrent.FastThreadLocalRunnable.run(FastThreadLocalRunnable.java:30)
	at java.base/java.lang.Thread.run(Thread.java:1583)

Aug 31, 2026 12:19:35 AM io.netty.util.concurrent.DefaultPromise safeExecute
SEVERE: Failed to submit a listener notification task. Event loop shut down?
java.util.concurrent.RejectedExecutionException: event executor terminated
	at io.netty.util.concurrent.SingleThreadEventExecutor.reject(SingleThreadEventExecutor.java:934)
	at io.netty.util.concurrent.SingleThreadEventExecutor.offerTask(SingleThreadEventExecutor.java:353)
	at io.netty.util.concurrent.SingleThreadEventExecutor.addTask(SingleThreadEventExecutor.java:346)
	at io.netty.util.concurrent.SingleThreadEventExecutor.execute(SingleThreadEventExecutor.java:836)
	at io.netty.util.concurrent.SingleThreadEventExecutor.execute0(SingleThreadEventExecutor.java:827)
	at io.netty.util.concurrent.SingleThreadEventExecutor.execute(SingleThreadEventExecutor.java:817)
	at io.netty.util.concurrent.DefaultPromise.safeExecute(DefaultPromise.java:879)
	at io.netty.util.concurrent.DefaultPromise.notifyListeners(DefaultPromise.java:514)
	at io.netty.util.concurrent.DefaultPromise.addListener(DefaultPromise.java:199)
	at io.netty.channel.DefaultChannelPromise.addListener(DefaultChannelPromise.java:95)
	at io.netty.channel.DefaultChannelPromise.addListener(DefaultChannelPromise.java:30)
	at io.netty.bootstrap.ServerBootstrap$ServerBootstrapAcceptor.channelRead(ServerBootstrap.java:249)
	at io.netty.channel.AbstractChannelHandlerContext.invokeChannelRead(AbstractChannelHandlerContext.java:444)
	at io.netty.channel.AbstractChannelHandlerContext.invokeChannelRead(AbstractChannelHandlerContext.java:420)
	at io.netty.channel.AbstractChannelHandlerContext.fireChannelRead(AbstractChannelHandlerContext.java:412)
	at io.netty.channel.DefaultChannelPipeline$HeadContext.channelRead(DefaultChannelPipeline.java:1357)
	at io.netty.channel.AbstractChannelHandlerContext.invokeChannelRead(AbstractChannelHandlerContext.java:440)
	at io.netty.channel.AbstractChannelHandlerContext.invokeChannelRead(AbstractChannelHandlerContext.java:420)
	at io.netty.channel.DefaultChannelPipeline.fireChannelRead(DefaultChannelPipeline.java:868)
	at io.netty.channel.nio.AbstractNioMessageChannel$NioMessageUnsafe.read(AbstractNioMessageChannel.java:97)
	at io.netty.channel.nio.NioEventLoop.processSelectedKey(NioEventLoop.java:796)
	at io.netty.channel.nio.NioEventLoop.processSelectedKeysOptimized(NioEventLoop.java:732)
	at io.netty.channel.nio.NioEventLoop.processSelectedKeys(NioEventLoop.java:658)
	at io.netty.channel.nio.NioEventLoop.run(NioEventLoop.java:562)
	at io.netty.util.concurrent.SingleThreadEventExecutor$4.run(SingleThreadEventExecutor.java:998)
	at io.netty.util.internal.ThreadExecutorMap$2.run(ThreadExecutorMap.java:74)
	at io.netty.util.concurrent.FastThreadLocalRunnable.run(FastThreadLocalRunnable.java:30)
	at java.base/java.lang.Thread.run(Thread.java:1583)

Aug 31, 2026 12:19:35 AM io.gapi.emulators.netty.HttpVersionRoutingHandler channelRead
INFO: Detected non-HTTP/2 connection.
Aug 31, 2026 12:19:35 AM io.gapi.emulators.netty.HttpVersionRoutingHandler channelRead
INFO: Detected non-HTTP/2 connection.
Aug 31, 2026 12:19:35 AM io.gapi.emulators.netty.HttpVersionRoutingHandler channelRead
INFO: Detected non-HTTP/2 connection.
Aug 31, 2026 12:19:35 AM io.gapi.emulators.netty.HttpVersionRoutingHandler channelRead
INFO: Detected non-HTTP/2 connection.
Aug 31, 2026 12:19:35 AM io.gapi.emulators.netty.HttpVersionRoutingHandler channelRead
INFO: Detected non-HTTP/2 connection.
Aug 31, 2026 12:19:35 AM io.gapi.emulators.netty.HttpVersionRoutingHandler channelRead
INFO: Detected non-HTTP/2 connection.
Aug 31, 2026 12:19:35 AM io.gapi.emulators.netty.HttpVersionRoutingHandler channelRead
INFO: Detected non-HTTP/2 connection.
Aug 31, 2026 12:19:35 AM io.gapi.emulators.netty.HttpVersionRoutingHandler channelRead
INFO: Detected non-HTTP/2 connection.
Aug 31, 2026 12:19:35 AM io.gapi.emulators.netty.HttpVersionRoutingHandler channelRead
INFO: Detected non-HTTP/2 connection.
Aug 31, 2026 12:19:35 AM io.gapi.emulators.netty.HttpVersionRoutingHandler channelRead
INFO: Detected non-HTTP/2 connection.
Aug 31, 2026 12:19:35 AM io.gapi.emulators.netty.HttpVersionRoutingHandler channelRead
INFO: Detected non-HTTP/2 connection.
Aug 31, 2026 12:19:35 AM io.gapi.emulators.netty.HttpVersionRoutingHandler channelRead
INFO: Detected non-HTTP/2 connection.
Aug 31, 2026 12:19:36 AM io.gapi.emulators.netty.HttpVersionRoutingHandler channelRead
INFO: Detected non-HTTP/2 connection.
Aug 31, 2026 12:19:38 AM io.gapi.emulators.netty.HttpVersionRoutingHandler channelRead
INFO: Detected non-HTTP/2 connection.
Aug 31, 2026 12:19:39 AM com.google.cloud.datastore.emulator.impl.util.WrappedStreamObserver onError
WARNING: Operation failed: Java heap space: failed reallocation of scalar replaced objects
java.lang.OutOfMemoryError: Java heap space: failed reallocation of scalar replaced objects

Aug 31, 2026 12:19:39 AM io.gapi.emulators.netty.HttpHandler$1 onError
INFO: Exception when handling request: UNKNOWN
Aug 31, 2026 12:19:39 AM io.gapi.emulators.netty.HttpVersionRoutingHandler channelRead
INFO: Detected non-HTTP/2 connection.
Aug 31, 2026 12:19:39 AM io.netty.channel.AbstractChannel$AbstractUnsafe register
WARNING: Force-closing a channel whose registration task was not accepted by an event loop: [id: 0xb94e11ee, L:/127.0.0.1:39155 - R:/127.0.0.1:57010]
java.util.concurrent.RejectedExecutionException: event executor terminated
	at io.netty.util.concurrent.SingleThreadEventExecutor.reject(SingleThreadEventExecutor.java:934)
	at io.netty.util.concurrent.SingleThreadEventExecutor.offerTask(SingleThreadEventExecutor.java:353)
	at io.netty.util.concurrent.SingleThreadEventExecutor.addTask(SingleThreadEventExecutor.java:346)
	at io.netty.util.concurrent.SingleThreadEventExecutor.execute(SingleThreadEventExecutor.java:836)
	at io.netty.util.concurrent.SingleThreadEventExecutor.execute0(SingleThreadEventExecutor.java:827)
	at io.netty.util.concurrent.SingleThreadEventExecutor.execute(SingleThreadEventExecutor.java:817)
	at io.netty.channel.AbstractChannel$AbstractUnsafe.register(AbstractChannel.java:482)
	at io.netty.channel.SingleThreadEventLoop.register(SingleThreadEventLoop.java:89)
	at io.netty.channel.SingleThreadEventLoop.register(SingleThreadEventLoop.java:83)
	at io.netty.channel.MultithreadEventLoopGroup.register(MultithreadEventLoopGroup.java:86)
	at io.netty.bootstrap.ServerBootstrap$ServerBootstrapAcceptor.channelRead(ServerBootstrap.java:249)
	at io.netty.channel.AbstractChannelHandlerContext.invokeChannelRead(AbstractChannelHandlerContext.java:444)
	at io.netty.channel.AbstractChannelHandlerContext.invokeChannelRead(AbstractChannelHandlerContext.java:420)
	at io.netty.channel.AbstractChannelHandlerContext.fireChannelRead(AbstractChannelHandlerContext.java:412)
	at io.netty.channel.DefaultChannelPipeline$HeadContext.channelRead(DefaultChannelPipeline.java:1357)
	at io.netty.channel.AbstractChannelHandlerContext.invokeChannelRead(AbstractChannelHandlerContext.java:440)
	at io.netty.channel.AbstractChannelHandlerContext.invokeChannelRead(AbstractChannelHandlerContext.java:420)
	at io.netty.channel.DefaultChannelPipeline.fireChannelRead(DefaultChannelPipeline.java:868)
	at io.netty.channel.nio.AbstractNioMessageChannel$NioMessageUnsafe.read(AbstractNioMessageChannel.java:97)
	at io.netty.channel.nio.NioEventLoop.processSelectedKey(NioEventLoop.java:796)
	at io.netty.channel.nio.NioEventLoop.processSelectedKeysOptimized(NioEventLoop.java:732)
	at io.netty.channel.nio.NioEventLoop.processSelectedKeys(NioEventLoop.java:658)
	at io.netty.channel.nio.NioEventLoop.run(NioEventLoop.java:562)
	at io.netty.util.concurrent.SingleThreadEventExecutor$4.run(SingleThreadEventExecutor.java:998)
	at io.netty.util.internal.ThreadExecutorMap$2.run(ThreadExecutorMap.java:74)
	at io.netty.util.concurrent.FastThreadLocalRunnable.run(FastThreadLocalRunnable.java:30)
	at java.base/java.lang.Thread.run(Thread.java:1583)

Aug 31, 2026 12:19:39 AM io.netty.util.concurrent.DefaultPromise safeExecute
SEVERE: Failed to submit a listener notification task. Event loop shut down?
java.util.concurrent.RejectedExecutionException: event executor terminated
	at io.netty.util.concurrent.SingleThreadEventExecutor.reject(SingleThreadEventExecutor.java:934)
	at io.netty.util.concurrent.SingleThreadEventExecutor.offerTask(SingleThreadEventExecutor.java:353)
	at io.netty.util.concurrent.SingleThreadEventExecutor.addTask(SingleThreadEventExecutor.java:346)
	at io.netty.util.concurrent.SingleThreadEventExecutor.execute(SingleThreadEventExecutor.java:836)
	at io.netty.util.concurrent.SingleThreadEventExecutor.execute0(SingleThreadEventExecutor.java:827)
	at io.netty.util.concurrent.SingleThreadEventExecutor.execute(SingleThreadEventExecutor.java:817)
	at io.netty.util.concurrent.DefaultPromise.safeExecute(DefaultPromise.java:879)
	at io.netty.util.concurrent.DefaultPromise.notifyListeners(DefaultPromise.java:514)
	at io.netty.util.concurrent.DefaultPromise.addListener(DefaultPromise.java:199)
	at io.netty.channel.DefaultChannelPromise.addListener(DefaultChannelPromise.java:95)
	at io.netty.channel.DefaultChannelPromise.addListener(DefaultChannelPromise.java:30)
	at io.netty.bootstrap.ServerBootstrap$ServerBootstrapAcceptor.channelRead(ServerBootstrap.java:249)
	at io.netty.channel.AbstractChannelHandlerContext.invokeChannelRead(AbstractChannelHandlerContext.java:444)
	at io.netty.channel.AbstractChannelHandlerContext.invokeChannelRead(AbstractChannelHandlerContext.java:420)
	at io.netty.channel.AbstractChannelHandlerContext.fireChannelRead(AbstractChannelHandlerContext.java:412)
	at io.netty.channel.DefaultChannelPipeline$HeadContext.channelRead(DefaultChannelPipeline.java:1357)
	at io.netty.channel.AbstractChannelHandlerContext.invokeChannelRead(AbstractChannelHandlerContext.java:440)
	at io.netty.channel.AbstractChannelHandlerContext.invokeChannelRead(AbstractChannelHandlerContext.java:420)
	at io.netty.channel.DefaultChannelPipeline.fireChannelRead(DefaultChannelPipeline.java:868)
	at io.netty.channel.nio.AbstractNioMessageChannel$NioMessageUnsafe.read(AbstractNioMessageChannel.java:97)
	at io.netty.channel.nio.NioEventLoop.processSelectedKey(NioEventLoop.java:796)
	at io.netty.channel.nio.NioEventLoop.processSelectedKeysOptimized(NioEventLoop.java:732)
	at io.netty.channel.nio.NioEventLoop.processSelectedKeys(NioEventLoop.java:658)
	at io.netty.channel.nio.NioEventLoop.run(NioEventLoop.java:562)
	at io.netty.util.concurrent.SingleThreadEventExecutor$4.run(SingleThreadEventExecutor.java:998)
	at io.netty.util.internal.ThreadExecutorMap$2.run(ThreadExecutorMap.java:74)
	at io.netty.util.concurrent.FastThreadLocalRunnable.run(FastThreadLocalRunnable.java:30)
	at java.base/java.lang.Thread.run(Thread.java:1583)

Aug 31, 2026 12:19:39 AM io.gapi.emulators.netty.HttpVersionRoutingHandler channelRead
INFO: Detected non-HTTP/2 connection.
Aug 31, 2026 12:19:39 AM io.gapi.emulators.netty.HttpVersionRoutingHandler channelRead
INFO: Detected non-HTTP/2 connection.
Aug 31, 2026 12:19:39 AM io.gapi.emulators.netty.HttpVersionRoutingHandler channelRead
INFO: Detected non-HTTP/2 connection.
Aug 31, 2026 12:19:39 AM io.gapi.emulators.netty.HttpVersionRoutingHandler channelRead
INFO: Detected non-HTTP/2 connection.
Aug 31, 2026 12:19:39 AM io.gapi.emulators.netty.HttpVersionRoutingHandler channelRead
INFO: Detected non-HTTP/2 connection.
Aug 31, 2026 12:19:39 AM io.netty.channel.AbstractChannel$AbstractUnsafe register
WARNING: Force-closing a channel whose registration task was not accepted by an event loop: [id: 0x31485501, L:/127.0.0.1:39155 - R:/127.0.0.1:57086]
java.util.concurrent.RejectedExecutionException: event executor terminated
	at io.netty.util.concurrent.SingleThreadEventExecutor.reject(SingleThreadEventExecutor.java:934)
	at io.netty.util.concurrent.SingleThreadEventExecutor.offerTask(SingleThreadEventExecutor.java:353)
	at io.netty.util.concurrent.SingleThreadEventExecutor.addTask(SingleThreadEventExecutor.java:346)
	at io.netty.util.concurrent.SingleThreadEventExecutor.execute(SingleThreadEventExecutor.java:836)
	at io.netty.util.concurrent.SingleThreadEventExecutor.execute0(SingleThreadEventExecutor.java:827)
	at io.netty.util.concurrent.SingleThreadEventExecutor.execute(SingleThreadEventExecutor.java:817)
	at io.netty.channel.AbstractChannel$AbstractUnsafe.register(AbstractChannel.java:482)
	at io.netty.channel.SingleThreadEventLoop.register(SingleThreadEventLoop.java:89)
	at io.netty.channel.SingleThreadEventLoop.register(SingleThreadEventLoop.java:83)
	at io.netty.channel.MultithreadEventLoopGroup.register(MultithreadEventLoopGroup.java:86)
	at io.netty.bootstrap.ServerBootstrap$ServerBootstrapAcceptor.channelRead(ServerBootstrap.java:249)
	at io.netty.channel.AbstractChannelHandlerContext.invokeChannelRead(AbstractChannelHandlerContext.java:444)
	at io.netty.channel.AbstractChannelHandlerContext.invokeChannelRead(AbstractChannelHandlerContext.java:420)
	at io.netty.channel.AbstractChannelHandlerContext.fireChannelRead(AbstractChannelHandlerContext.java:412)
	at io.netty.channel.DefaultChannelPipeline$HeadContext.channelRead(DefaultChannelPipeline.java:1357)
	at io.netty.channel.AbstractChannelHandlerContext.invokeChannelRead(AbstractChannelHandlerContext.java:440)
	at io.netty.channel.AbstractChannelHandlerContext.invokeChannelRead(AbstractChannelHandlerContext.java:420)
	at io.netty.channel.DefaultChannelPipeline.fireChannelRead(DefaultChannelPipeline.java:868)
	at io.netty.channel.nio.AbstractNioMessageChannel$NioMessageUnsafe.read(AbstractNioMessageChannel.java:97)
	at io.netty.channel.nio.NioEventLoop.processSelectedKey(NioEventLoop.java:796)
	at io.netty.channel.nio.NioEventLoop.processSelectedKeysOptimized(NioEventLoop.java:732)
	at io.netty.channel.nio.NioEventLoop.processSelectedKeys(NioEventLoop.java:658)
	at io.netty.channel.nio.NioEventLoop.run(NioEventLoop.java:562)
	at io.netty.util.concurrent.SingleThreadEventExecutor$4.run(SingleThreadEventExecutor.java:998)
	at io.netty.util.internal.ThreadExecutorMap$2.run(ThreadExecutorMap.java:74)
	at io.netty.util.concurrent.FastThreadLocalRunnable.run(FastThreadLocalRunnable.java:30)
	at java.base/java.lang.Thread.run(Thread.java:1583)

Aug 31, 2026 12:19:39 AM io.netty.util.concurrent.DefaultPromise safeExecute
SEVERE: Failed to submit a listener notification task. Event loop shut down?
java.util.concurrent.RejectedExecutionException: event executor terminated
	at io.netty.util.concurrent.SingleThreadEventExecutor.reject(SingleThreadEventExecutor.java:934)
	at io.netty.util.concurrent.SingleThreadEventExecutor.offerTask(SingleThreadEventExecutor.java:353)
	at io.netty.util.concurrent.SingleThreadEventExecutor.addTask(SingleThreadEventExecutor.java:346)
	at io.netty.util.concurrent.SingleThreadEventExecutor.execute(SingleThreadEventExecutor.java:836)
	at io.netty.util.concurrent.SingleThreadEventExecutor.execute0(SingleThreadEventExecutor.java:827)
	at io.netty.util.concurrent.SingleThreadEventExecutor.execute(SingleThreadEventExecutor.java:817)
	at io.netty.util.concurrent.DefaultPromise.safeExecute(DefaultPromise.java:879)
	at io.netty.util.concurrent.DefaultPromise.notifyListeners(DefaultPromise.java:514)
	at io.netty.util.concurrent.DefaultPromise.addListener(DefaultPromise.java:199)
	at io.netty.channel.DefaultChannelPromise.addListener(DefaultChannelPromise.java:95)
	at io.netty.channel.DefaultChannelPromise.addListener(DefaultChannelPromise.java:30)
	at io.netty.bootstrap.ServerBootstrap$ServerBootstrapAcceptor.channelRead(ServerBootstrap.java:249)
	at io.netty.channel.AbstractChannelHandlerContext.invokeChannelRead(AbstractChannelHandlerContext.java:444)
	at io.netty.channel.AbstractChannelHandlerContext.invokeChannelRead(AbstractChannelHandlerContext.java:420)
	at io.netty.channel.AbstractChannelHandlerContext.fireChannelRead(AbstractChannelHandlerContext.java:412)
	at io.netty.channel.DefaultChannelPipeline$HeadContext.channelRead(DefaultChannelPipeline.java:1357)
	at io.netty.channel.AbstractChannelHandlerContext.invokeChannelRead(AbstractChannelHandlerContext.java:440)
	at io.netty.channel.AbstractChannelHandlerContext.invokeChannelRead(AbstractChannelHandlerContext.java:420)
	at io.netty.channel.DefaultChannelPipeline.fireChannelRead(DefaultChannelPipeline.java:868)
	at io.netty.channel.nio.AbstractNioMessageChannel$NioMessageUnsafe.read(AbstractNioMessageChannel.java:97)
	at io.netty.channel.nio.NioEventLoop.processSelectedKey(NioEventLoop.java:796)
	at io.netty.channel.nio.NioEventLoop.processSelectedKeysOptimized(NioEventLoop.java:732)
	at io.netty.channel.nio.NioEventLoop.processSelectedKeys(NioEventLoop.java:658)
	at io.netty.channel.nio.NioEventLoop.run(NioEventLoop.java:562)
	at io.netty.util.concurrent.SingleThreadEventExecutor$4.run(SingleThreadEventExecutor.java:998)
	at io.netty.util.internal.ThreadExecutorMap$2.run(ThreadExecutorMap.java:74)
	at io.netty.util.concurrent.FastThreadLocalRunnable.run(FastThreadLocalRunnable.java:30)
	at java.base/java.lang.Thread.run(Thread.java:1583)

Aug 31, 2026 12:19:39 AM io.gapi.emulators.netty.HttpVersionRoutingHandler channelRead
INFO: Detected non-HTTP/2 connection.
Aug 31, 2026 12:19:39 AM io.gapi.emulators.netty.HttpVersionRoutingHandler channelRead
INFO: Detected non-HTTP/2 connection.
Aug 31, 2026 12:19:39 AM io.gapi.emulators.netty.HttpVersionRoutingHandler channelRead
INFO: Detected non-HTTP/2 connection.
Aug 31, 2026 12:19:39 AM io.gapi.emulators.netty.HttpVersionRoutingHandler channelRead
INFO: Detected non-HTTP/2 connection.
Aug 31, 2026 12:19:39 AM io.gapi.emulators.netty.HttpVersionRoutingHandler channelRead
INFO: Detected non-HTTP/2 connection.
Aug 31, 2026 12:19:39 AM io.gapi.emulators.netty.HttpVersionRoutingHandler channelRead
INFO: Detected non-HTTP/2 connection.
Aug 31, 2026 12:19:44 AM com.google.cloud.datastore.emulator.impl.util.WrappedStreamObserver onError
WARNING: Operation failed: Java heap space
java.lang.OutOfMemoryError: Java heap space

Aug 31, 2026 12:19:44 AM io.gapi.emulators.netty.HttpHandler$1 onError
INFO: Exception when handling request: UNKNOWN
Aug 31, 2026 12:19:49 AM com.google.cloud.datastore.emulator.impl.util.WrappedStreamObserver onError
WARNING: Operation failed: Java heap space: failed reallocation of scalar replaced objects
java.lang.OutOfMemoryError: Java heap space: failed reallocation of scalar replaced objects

Aug 31, 2026 12:19:49 AM io.gapi.emulators.netty.HttpHandler$1 onError
INFO: Exception when handling request: UNKNOWN
Aug 31, 2026 12:19:54 AM com.google.cloud.datastore.emulator.impl.util.WrappedStreamObserver onError
WARNING: Operation failed: Java heap space
java.lang.OutOfMemoryError: Java heap space

Aug 31, 2026 12:19:54 AM io.gapi.emulators.netty.HttpHandler$1 onError
INFO: Exception when handling request: UNKNOWN
Aug 31, 2026 12:19:59 AM com.google.cloud.datastore.emulator.impl.util.WrappedStreamObserver onError
WARNING: Operation failed: Java heap space: failed reallocation of scalar replaced objects
java.lang.OutOfMemoryError: Java heap space: failed reallocation of scalar replaced objects

Aug 31, 2026 12:19:59 AM io.gapi.emulators.netty.HttpHandler$1 onError
INFO: Exception when handling request: UNKNOWN
Aug 31, 2026 12:20:04 AM com.google.cloud.datastore.emulator.impl.util.WrappedStreamObserver onError
WARNING: Operation failed: Java heap space
java.lang.OutOfMemoryError: Java heap space

Aug 31, 2026 12:20:04 AM io.gapi.emulators.netty.HttpVersionRoutingHandler channelRead
INFO: Detected non-HTTP/2 connection.
Aug 31, 2026 12:20:04 AM io.gapi.emulators.netty.HttpHandler$1 onError
INFO: Exception when handling request: UNKNOWN
Aug 31, 2026 12:20:05 AM io.gapi.emulators.netty.HttpVersionRoutingHandler channelRead
INFO: Detected non-HTTP/2 connection.
Aug 31, 2026 12:20:05 AM io.gapi.emulators.netty.HttpVersionRoutingHandler channelRead
INFO: Detected non-HTTP/2 connection.
Aug 31, 2026 12:20:05 AM io.gapi.emulators.netty.HttpVersionRoutingHandler channelRead
INFO: Detected non-HTTP/2 connection.
Aug 31, 2026 12:20:05 AM io.gapi.emulators.netty.HttpVersionRoutingHandler channelRead
INFO: Detected non-HTTP/2 connection.
Aug 31, 2026 12:20:05 AM io.netty.channel.AbstractChannel$AbstractUnsafe register
WARNING: Force-closing a channel whose registration task was not accepted by an event loop: [id: 0x53cb5349, L:/127.0.0.1:39155 - R:/127.0.0.1:37792]
java.util.concurrent.RejectedExecutionException: event executor terminated
	at io.netty.util.concurrent.SingleThreadEventExecutor.reject(SingleThreadEventExecutor.java:934)
	at io.netty.util.concurrent.SingleThreadEventExecutor.offerTask(SingleThreadEventExecutor.java:353)
	at io.netty.util.concurrent.SingleThreadEventExecutor.addTask(SingleThreadEventExecutor.java:346)
	at io.netty.util.concurrent.SingleThreadEventExecutor.execute(SingleThreadEventExecutor.java:836)
	at io.netty.util.concurrent.SingleThreadEventExecutor.execute0(SingleThreadEventExecutor.java:827)
	at io.netty.util.concurrent.SingleThreadEventExecutor.execute(SingleThreadEventExecutor.java:817)
	at io.netty.channel.AbstractChannel$AbstractUnsafe.register(AbstractChannel.java:482)
	at io.netty.channel.SingleThreadEventLoop.register(SingleThreadEventLoop.java:89)
	at io.netty.channel.SingleThreadEventLoop.register(SingleThreadEventLoop.java:83)
	at io.netty.channel.MultithreadEventLoopGroup.register(MultithreadEventLoopGroup.java:86)
	at io.netty.bootstrap.ServerBootstrap$ServerBootstrapAcceptor.channelRead(ServerBootstrap.java:249)
	at io.netty.channel.AbstractChannelHandlerContext.invokeChannelRead(AbstractChannelHandlerContext.java:444)
	at io.netty.channel.AbstractChannelHandlerContext.invokeChannelRead(AbstractChannelHandlerContext.java:420)
	at io.netty.channel.AbstractChannelHandlerContext.fireChannelRead(AbstractChannelHandlerContext.java:412)
	at io.netty.channel.DefaultChannelPipeline$HeadContext.channelRead(DefaultChannelPipeline.java:1357)
	at io.netty.channel.AbstractChannelHandlerContext.invokeChannelRead(AbstractChannelHandlerContext.java:440)
	at io.netty.channel.AbstractChannelHandlerContext.invokeChannelRead(AbstractChannelHandlerContext.java:420)
	at io.netty.channel.DefaultChannelPipeline.fireChannelRead(DefaultChannelPipeline.java:868)
	at io.netty.channel.nio.AbstractNioMessageChannel$NioMessageUnsafe.read(AbstractNioMessageChannel.java:97)
	at io.netty.channel.nio.NioEventLoop.processSelectedKey(NioEventLoop.java:796)
	at io.netty.channel.nio.NioEventLoop.processSelectedKeysOptimized(NioEventLoop.java:732)
	at io.netty.channel.nio.NioEventLoop.processSelectedKeys(NioEventLoop.java:658)
	at io.netty.channel.nio.NioEventLoop.run(NioEventLoop.java:562)
	at io.netty.util.concurrent.SingleThreadEventExecutor$4.run(SingleThreadEventExecutor.java:998)
	at io.netty.util.internal.ThreadExecutorMap$2.run(ThreadExecutorMap.java:74)
	at io.netty.util.concurrent.FastThreadLocalRunnable.run(FastThreadLocalRunnable.java:30)
	at java.base/java.lang.Thread.run(Thread.java:1583)

Aug 31, 2026 12:20:05 AM io.netty.util.concurrent.DefaultPromise safeExecute
SEVERE: Failed to submit a listener notification task. Event loop shut down?
java.util.concurrent.RejectedExecutionException: event executor terminated
	at io.netty.util.concurrent.SingleThreadEventExecutor.reject(SingleThreadEventExecutor.java:934)
	at io.netty.util.concurrent.SingleThreadEventExecutor.offerTask(SingleThreadEventExecutor.java:353)
	at io.netty.util.concurrent.SingleThreadEventExecutor.addTask(SingleThreadEventExecutor.java:346)
	at io.netty.util.concurrent.SingleThreadEventExecutor.execute(SingleThreadEventExecutor.java:836)
	at io.netty.util.concurrent.SingleThreadEventExecutor.execute0(SingleThreadEventExecutor.java:827)
	at io.netty.util.concurrent.SingleThreadEventExecutor.execute(SingleThreadEventExecutor.java:817)
	at io.netty.util.concurrent.DefaultPromise.safeExecute(DefaultPromise.java:879)
	at io.netty.util.concurrent.DefaultPromise.notifyListeners(DefaultPromise.java:514)
	at io.netty.util.concurrent.DefaultPromise.addListener(DefaultPromise.java:199)
	at io.netty.channel.DefaultChannelPromise.addListener(DefaultChannelPromise.java:95)
	at io.netty.channel.DefaultChannelPromise.addListener(DefaultChannelPromise.java:30)
	at io.netty.bootstrap.ServerBootstrap$ServerBootstrapAcceptor.channelRead(ServerBootstrap.java:249)
	at io.netty.channel.AbstractChannelHandlerContext.invokeChannelRead(AbstractChannelHandlerContext.java:444)
	at io.netty.channel.AbstractChannelHandlerContext.invokeChannelRead(AbstractChannelHandlerContext.java:420)
	at io.netty.channel.AbstractChannelHandlerContext.fireChannelRead(AbstractChannelHandlerContext.java:412)
	at io.netty.channel.DefaultChannelPipeline$HeadContext.channelRead(DefaultChannelPipeline.java:1357)
	at io.netty.channel.AbstractChannelHandlerContext.invokeChannelRead(AbstractChannelHandlerContext.java:440)
	at io.netty.channel.AbstractChannelHandlerContext.invokeChannelRead(AbstractChannelHandlerContext.java:420)
	at io.netty.channel.DefaultChannelPipeline.fireChannelRead(DefaultChannelPipeline.java:868)
	at io.netty.channel.nio.AbstractNioMessageChannel$NioMessageUnsafe.read(AbstractNioMessageChannel.java:97)
	at io.netty.channel.nio.NioEventLoop.processSelectedKey(NioEventLoop.java:796)
	at io.netty.channel.nio.NioEventLoop.processSelectedKeysOptimized(NioEventLoop.java:732)
	at io.netty.channel.nio.NioEventLoop.processSelectedKeys(NioEventLoop.java:658)
	at io.netty.channel.nio.NioEventLoop.run(NioEventLoop.java:562)
	at io.netty.util.concurrent.SingleThreadEventExecutor$4.run(SingleThreadEventExecutor.java:998)
	at io.netty.util.internal.ThreadExecutorMap$2.run(ThreadExecutorMap.java:74)
	at io.netty.util.concurrent.FastThreadLocalRunnable.run(FastThreadLocalRunnable.java:30)
	at java.base/java.lang.Thread.run(Thread.java:1583)

Aug 31, 2026 12:20:05 AM io.gapi.emulators.netty.HttpVersionRoutingHandler channelRead
INFO: Detected non-HTTP/2 connection.
Aug 31, 2026 12:20:05 AM io.gapi.emulators.netty.HttpVersionRoutingHandler channelRead
INFO: Detected non-HTTP/2 connection.
Aug 31, 2026 12:20:05 AM io.gapi.emulators.netty.HttpVersionRoutingHandler channelRead
INFO: Detected non-HTTP/2 connection.
Aug 31, 2026 12:20:05 AM io.gapi.emulators.netty.HttpVersionRoutingHandler channelRead
INFO: Detected non-HTTP/2 connection.
Aug 31, 2026 12:20:05 AM io.gapi.emulators.netty.HttpVersionRoutingHandler channelRead
INFO: Detected non-HTTP/2 connection.
Aug 31, 2026 12:20:05 AM io.gapi.emulators.netty.HttpVersionRoutingHandler channelRead
INFO: Detected non-HTTP/2 connection.
Aug 31, 2026 12:20:05 AM io.gapi.emulators.netty.HttpVersionRoutingHandler channelRead
INFO: Detected non-HTTP/2 connection.
Aug 31, 2026 12:20:05 AM io.netty.channel.AbstractChannel$AbstractUnsafe register
WARNING: Force-closing a channel whose registration task was not accepted by an event loop: [id: 0x63ebeabe, L:/127.0.0.1:39155 - R:/127.0.0.1:37874]
java.util.concurrent.RejectedExecutionException: event executor terminated
	at io.netty.util.concurrent.SingleThreadEventExecutor.reject(SingleThreadEventExecutor.java:934)
	at io.netty.util.concurrent.SingleThreadEventExecutor.offerTask(SingleThreadEventExecutor.java:353)
	at io.netty.util.concurrent.SingleThreadEventExecutor.addTask(SingleThreadEventExecutor.java:346)
	at io.netty.util.concurrent.SingleThreadEventExecutor.execute(SingleThreadEventExecutor.java:836)
	at io.netty.util.concurrent.SingleThreadEventExecutor.execute0(SingleThreadEventExecutor.java:827)
	at io.netty.util.concurrent.SingleThreadEventExecutor.execute(SingleThreadEventExecutor.java:817)
	at io.netty.channel.AbstractChannel$AbstractUnsafe.register(AbstractChannel.java:482)
	at io.netty.channel.SingleThreadEventLoop.register(SingleThreadEventLoop.java:89)
	at io.netty.channel.SingleThreadEventLoop.register(SingleThreadEventLoop.java:83)
	at io.netty.channel.MultithreadEventLoopGroup.register(MultithreadEventLoopGroup.java:86)
	at io.netty.bootstrap.ServerBootstrap$ServerBootstrapAcceptor.channelRead(ServerBootstrap.java:249)
	at io.netty.channel.AbstractChannelHandlerContext.invokeChannelRead(AbstractChannelHandlerContext.java:444)
	at io.netty.channel.AbstractChannelHandlerContext.invokeChannelRead(AbstractChannelHandlerContext.java:420)
	at io.netty.channel.AbstractChannelHandlerContext.fireChannelRead(AbstractChannelHandlerContext.java:412)
	at io.netty.channel.DefaultChannelPipeline$HeadContext.channelRead(DefaultChannelPipeline.java:1357)
	at io.netty.channel.AbstractChannelHandlerContext.invokeChannelRead(AbstractChannelHandlerContext.java:440)
	at io.netty.channel.AbstractChannelHandlerContext.invokeChannelRead(AbstractChannelHandlerContext.java:420)
	at io.netty.channel.DefaultChannelPipeline.fireChannelRead(DefaultChannelPipeline.java:868)
	at io.netty.channel.nio.AbstractNioMessageChannel$NioMessageUnsafe.read(AbstractNioMessageChannel.java:97)
	at io.netty.channel.nio.NioEventLoop.processSelectedKey(NioEventLoop.java:796)
	at io.netty.channel.nio.NioEventLoop.processSelectedKeysOptimized(NioEventLoop.java:732)
	at io.netty.channel.nio.NioEventLoop.processSelectedKeys(NioEventLoop.java:658)
	at io.netty.channel.nio.NioEventLoop.run(NioEventLoop.java:562)
	at io.netty.util.concurrent.SingleThreadEventExecutor$4.run(SingleThreadEventExecutor.java:998)
	at io.netty.util.internal.ThreadExecutorMap$2.run(ThreadExecutorMap.java:74)
	at io.netty.util.concurrent.FastThreadLocalRunnable.run(FastThreadLocalRunnable.java:30)
	at java.base/java.lang.Thread.run(Thread.java:1583)

Aug 31, 2026 12:20:05 AM io.netty.util.concurrent.DefaultPromise safeExecute
SEVERE: Failed to submit a listener notification task. Event loop shut down?
java.util.concurrent.RejectedExecutionException: event executor terminated
	at io.netty.util.concurrent.SingleThreadEventExecutor.reject(SingleThreadEventExecutor.java:934)
	at io.netty.util.concurrent.SingleThreadEventExecutor.offerTask(SingleThreadEventExecutor.java:353)
	at io.netty.util.concurrent.SingleThreadEventExecutor.addTask(SingleThreadEventExecutor.java:346)
	at io.netty.util.concurrent.SingleThreadEventExecutor.execute(SingleThreadEventExecutor.java:836)
	at io.netty.util.concurrent.SingleThreadEventExecutor.execute0(SingleThreadEventExecutor.java:827)
	at io.netty.util.concurrent.SingleThreadEventExecutor.execute(SingleThreadEventExecutor.java:817)
	at io.netty.util.concurrent.DefaultPromise.safeExecute(DefaultPromise.java:879)
	at io.netty.util.concurrent.DefaultPromise.notifyListeners(DefaultPromise.java:514)
	at io.netty.util.concurrent.DefaultPromise.addListener(DefaultPromise.java:199)
	at io.netty.channel.DefaultChannelPromise.addListener(DefaultChannelPromise.java:95)
	at io.netty.channel.DefaultChannelPromise.addListener(DefaultChannelPromise.java:30)
	at io.netty.bootstrap.ServerBootstrap$ServerBootstrapAcceptor.channelRead(ServerBootstrap.java:249)
	at io.netty.channel.AbstractChannelHandlerContext.invokeChannelRead(AbstractChannelHandlerContext.java:444)
	at io.netty.channel.AbstractChannelHandlerContext.invokeChannelRead(AbstractChannelHandlerContext.java:420)
	at io.netty.channel.AbstractChannelHandlerContext.fireChannelRead(AbstractChannelHandlerContext.java:412)
	at io.netty.channel.DefaultChannelPipeline$HeadContext.channelRead(DefaultChannelPipeline.java:1357)
	at io.netty.channel.AbstractChannelHandlerContext.invokeChannelRead(AbstractChannelHandlerContext.java:440)
	at io.netty.channel.AbstractChannelHandlerContext.invokeChannelRead(AbstractChannelHandlerContext.java:420)
	at io.netty.channel.DefaultChannelPipeline.fireChannelRead(DefaultChannelPipeline.java:868)
	at io.netty.channel.nio.AbstractNioMessageChannel$NioMessageUnsafe.read(AbstractNioMessageChannel.java:97)
	at io.netty.channel.nio.NioEventLoop.processSelectedKey(NioEventLoop.java:796)
	at io.netty.channel.nio.NioEventLoop.processSelectedKeysOptimized(NioEventLoop.java:732)
	at io.netty.channel.nio.NioEventLoop.processSelectedKeys(NioEventLoop.java:658)
	at io.netty.channel.nio.NioEventLoop.run(NioEventLoop.java:562)
	at io.netty.util.concurrent.SingleThreadEventExecutor$4.run(SingleThreadEventExecutor.java:998)
	at io.netty.util.internal.ThreadExecutorMap$2.run(ThreadExecutorMap.java:74)
	at io.netty.util.concurrent.FastThreadLocalRunnable.run(FastThreadLocalRunnable.java:30)
	at java.base/java.lang.Thread.run(Thread.java:1583)

Aug 31, 2026 12:20:05 AM io.gapi.emulators.netty.HttpVersionRoutingHandler channelRead
INFO: Detected non-HTTP/2 connection.
Aug 31, 2026 12:20:05 AM io.gapi.emulators.netty.HttpVersionRoutingHandler channelRead
INFO: Detected non-HTTP/2 connection.
Aug 31, 2026 12:20:05 AM io.gapi.emulators.netty.HttpVersionRoutingHandler channelRead
INFO: Detected non-HTTP/2 connection.
Aug 31, 2026 12:20:05 AM io.gapi.emulators.netty.HttpVersionRoutingHandler channelRead
INFO: Detected non-HTTP/2 connection.
Aug 31, 2026 12:20:05 AM io.gapi.emulators.netty.HttpVersionRoutingHandler channelRead
INFO: Detected non-HTTP/2 connection.
Aug 31, 2026 12:20:05 AM io.gapi.emulators.netty.HttpVersionRoutingHandler channelRead
INFO: Detected non-HTTP/2 connection.
Aug 31, 2026 12:20:06 AM io.gapi.emulators.netty.HttpVersionRoutingHandler channelRead
INFO: Detected non-HTTP/2 connection.
Aug 31, 2026 12:20:08 AM io.gapi.emulators.netty.HttpVersionRoutingHandler channelRead
INFO: Detected non-HTTP/2 connection.
Aug 31, 2026 12:20:09 AM com.google.cloud.datastore.emulator.impl.util.WrappedStreamObserver onError
WARNING: Operation failed: Java heap space
java.lang.OutOfMemoryError: Java heap space

Aug 31, 2026 12:20:09 AM io.gapi.emulators.netty.HttpVersionRoutingHandler channelRead
INFO: Detected non-HTTP/2 connection.
Aug 31, 2026 12:20:09 AM io.gapi.emulators.netty.HttpVersionRoutingHandler channelRead
INFO: Detected non-HTTP/2 connection.
Aug 31, 2026 12:20:09 AM io.gapi.emulators.netty.HttpVersionRoutingHandler channelRead
INFO: Detected non-HTTP/2 connection.
Aug 31, 2026 12:20:09 AM io.gapi.emulators.netty.HttpVersionRoutingHandler channelRead
INFO: Detected non-HTTP/2 connection.
Aug 31, 2026 12:20:09 AM io.gapi.emulators.netty.HttpVersionRoutingHandler channelRead
INFO: Detected non-HTTP/2 connection.
Aug 31, 2026 12:20:09 AM io.gapi.emulators.netty.HttpVersionRoutingHandler channelRead
INFO: Detected non-HTTP/2 connection.
Aug 31, 2026 12:20:09 AM io.netty.channel.AbstractChannel$AbstractUnsafe register
WARNING: Force-closing a channel whose registration task was not accepted by an event loop: [id: 0x2d9d6509, L:/127.0.0.1:39155 - R:/127.0.0.1:57618]
java.util.concurrent.RejectedExecutionException: event executor terminated
	at io.netty.util.concurrent.SingleThreadEventExecutor.reject(SingleThreadEventExecutor.java:934)
	at io.netty.util.concurrent.SingleThreadEventExecutor.offerTask(SingleThreadEventExecutor.java:353)
	at io.netty.util.concurrent.SingleThreadEventExecutor.addTask(SingleThreadEventExecutor.java:346)
	at io.netty.util.concurrent.SingleThreadEventExecutor.execute(SingleThreadEventExecutor.java:836)
	at io.netty.util.concurrent.SingleThreadEventExecutor.execute0(SingleThreadEventExecutor.java:827)
	at io.netty.util.concurrent.SingleThreadEventExecutor.execute(SingleThreadEventExecutor.java:817)
	at io.netty.channel.AbstractChannel$AbstractUnsafe.register(AbstractChannel.java:482)
	at io.netty.channel.SingleThreadEventLoop.register(SingleThreadEventLoop.java:89)
	at io.netty.channel.SingleThreadEventLoop.register(SingleThreadEventLoop.java:83)
	at io.netty.channel.MultithreadEventLoopGroup.register(MultithreadEventLoopGroup.java:86)
	at io.netty.bootstrap.ServerBootstrap$ServerBootstrapAcceptor.channelRead(ServerBootstrap.java:249)
	at io.netty.channel.AbstractChannelHandlerContext.invokeChannelRead(AbstractChannelHandlerContext.java:444)
	at io.netty.channel.AbstractChannelHandlerContext.invokeChannelRead(AbstractChannelHandlerContext.java:420)
	at io.netty.channel.AbstractChannelHandlerContext.fireChannelRead(AbstractChannelHandlerContext.java:412)
	at io.netty.channel.DefaultChannelPipeline$HeadContext.channelRead(DefaultChannelPipeline.java:1357)
	at io.netty.channel.AbstractChannelHandlerContext.invokeChannelRead(AbstractChannelHandlerContext.java:440)
	at io.netty.channel.AbstractChannelHandlerContext.invokeChannelRead(AbstractChannelHandlerContext.java:420)
	at io.netty.channel.DefaultChannelPipeline.fireChannelRead(DefaultChannelPipeline.java:868)
	at io.netty.channel.nio.AbstractNioMessageChannel$NioMessageUnsafe.read(AbstractNioMessageChannel.java:97)
	at io.netty.channel.nio.NioEventLoop.processSelectedKey(NioEventLoop.java:796)
	at io.netty.channel.nio.NioEventLoop.processSelectedKeysOptimized(NioEventLoop.java:732)
	at io.netty.channel.nio.NioEventLoop.processSelectedKeys(NioEventLoop.java:658)
	at io.netty.channel.nio.NioEventLoop.run(NioEventLoop.java:562)
	at io.netty.util.concurrent.SingleThreadEventExecutor$4.run(SingleThreadEventExecutor.java:998)
	at io.netty.util.internal.ThreadExecutorMap$2.run(ThreadExecutorMap.java:74)
	at io.netty.util.concurrent.FastThreadLocalRunnable.run(FastThreadLocalRunnable.java:30)
	at java.base/java.lang.Thread.run(Thread.java:1583)

Aug 31, 2026 12:20:09 AM io.gapi.emulators.netty.HttpVersionRoutingHandler channelRead
INFO: Detected non-HTTP/2 connection.
Aug 31, 2026 12:20:09 AM io.netty.util.concurrent.DefaultPromise safeExecute
SEVERE: Failed to submit a listener notification task. Event loop shut down?
java.util.concurrent.RejectedExecutionException: event executor terminated
	at io.netty.util.concurrent.SingleThreadEventExecutor.reject(SingleThreadEventExecutor.java:934)
	at io.netty.util.concurrent.SingleThreadEventExecutor.offerTask(SingleThreadEventExecutor.java:353)
	at io.netty.util.concurrent.SingleThreadEventExecutor.addTask(SingleThreadEventExecutor.java:346)
	at io.netty.util.concurrent.SingleThreadEventExecutor.execute(SingleThreadEventExecutor.java:836)
	at io.netty.util.concurrent.SingleThreadEventExecutor.execute0(SingleThreadEventExecutor.java:827)
	at io.netty.util.concurrent.SingleThreadEventExecutor.execute(SingleThreadEventExecutor.java:817)
	at io.netty.util.concurrent.DefaultPromise.safeExecute(DefaultPromise.java:879)
	at io.netty.util.concurrent.DefaultPromise.notifyListeners(DefaultPromise.java:514)
	at io.netty.util.concurrent.DefaultPromise.addListener(DefaultPromise.java:199)
	at io.netty.channel.DefaultChannelPromise.addListener(DefaultChannelPromise.java:95)
	at io.netty.channel.DefaultChannelPromise.addListener(DefaultChannelPromise.java:30)
	at io.netty.bootstrap.ServerBootstrap$ServerBootstrapAcceptor.channelRead(ServerBootstrap.java:249)
	at io.netty.channel.AbstractChannelHandlerContext.invokeChannelRead(AbstractChannelHandlerContext.java:444)
	at io.netty.channel.AbstractChannelHandlerContext.invokeChannelRead(AbstractChannelHandlerContext.java:420)
	at io.netty.channel.AbstractChannelHandlerContext.fireChannelRead(AbstractChannelHandlerContext.java:412)
	at io.netty.channel.DefaultChannelPipeline$HeadContext.channelRead(DefaultChannelPipeline.java:1357)
	at io.netty.channel.AbstractChannelHandlerContext.invokeChannelRead(AbstractChannelHandlerContext.java:440)
	at io.netty.channel.AbstractChannelHandlerContext.invokeChannelRead(AbstractChannelHandlerContext.java:420)
	at io.netty.channel.DefaultChannelPipeline.fireChannelRead(DefaultChannelPipeline.java:868)
	at io.netty.channel.nio.AbstractNioMessageChannel$NioMessageUnsafe.read(AbstractNioMessageChannel.java:97)
	at io.netty.channel.nio.NioEventLoop.processSelectedKey(NioEventLoop.java:796)
	at io.netty.channel.nio.NioEventLoop.processSelectedKeysOptimized(NioEventLoop.java:732)
	at io.netty.channel.nio.NioEventLoop.processSelectedKeys(NioEventLoop.java:658)
	at io.netty.channel.nio.NioEventLoop.run(NioEventLoop.java:562)
	at io.netty.util.concurrent.SingleThreadEventExecutor$4.run(SingleThreadEventExecutor.java:998)
	at io.netty.util.internal.ThreadExecutorMap$2.run(ThreadExecutorMap.java:74)
	at io.netty.util.concurrent.FastThreadLocalRunnable.run(FastThreadLocalRunnable.java:30)
	at java.base/java.lang.Thread.run(Thread.java:1583)

Aug 31, 2026 12:20:09 AM io.gapi.emulators.netty.HttpVersionRoutingHandler channelRead
INFO: Detected non-HTTP/2 connection.
Aug 31, 2026 12:20:09 AM io.gapi.emulators.netty.HttpVersionRoutingHandler channelRead
INFO: Detected non-HTTP/2 connection.
Aug 31, 2026 12:20:09 AM io.gapi.emulators.netty.HttpVersionRoutingHandler channelRead
INFO: Detected non-HTTP/2 connection.
Aug 31, 2026 12:20:09 AM io.netty.channel.AbstractChannel$AbstractUnsafe register
WARNING: Force-closing a channel whose registration task was not accepted by an event loop: [id: 0xa318c5e6, L:/127.0.0.1:39155 - R:/127.0.0.1:57686]
java.util.concurrent.RejectedExecutionException: event executor terminated
	at io.netty.util.concurrent.SingleThreadEventExecutor.reject(SingleThreadEventExecutor.java:934)
	at io.netty.util.concurrent.SingleThreadEventExecutor.offerTask(SingleThreadEventExecutor.java:353)
	at io.netty.util.concurrent.SingleThreadEventExecutor.addTask(SingleThreadEventExecutor.java:346)
	at io.netty.util.concurrent.SingleThreadEventExecutor.execute(SingleThreadEventExecutor.java:836)
	at io.netty.util.concurrent.SingleThreadEventExecutor.execute0(SingleThreadEventExecutor.java:827)
	at io.netty.util.concurrent.SingleThreadEventExecutor.execute(SingleThreadEventExecutor.java:817)
	at io.netty.channel.AbstractChannel$AbstractUnsafe.register(AbstractChannel.java:482)
	at io.netty.channel.SingleThreadEventLoop.register(SingleThreadEventLoop.java:89)
	at io.netty.channel.SingleThreadEventLoop.register(SingleThreadEventLoop.java:83)
	at io.netty.channel.MultithreadEventLoopGroup.register(MultithreadEventLoopGroup.java:86)
	at io.netty.bootstrap.ServerBootstrap$ServerBootstrapAcceptor.channelRead(ServerBootstrap.java:249)
	at io.netty.channel.AbstractChannelHandlerContext.invokeChannelRead(AbstractChannelHandlerContext.java:444)
	at io.netty.channel.AbstractChannelHandlerContext.invokeChannelRead(AbstractChannelHandlerContext.java:420)
	at io.netty.channel.AbstractChannelHandlerContext.fireChannelRead(AbstractChannelHandlerContext.java:412)
	at io.netty.channel.DefaultChannelPipeline$HeadContext.channelRead(DefaultChannelPipeline.java:1357)
	at io.netty.channel.AbstractChannelHandlerContext.invokeChannelRead(AbstractChannelHandlerContext.java:440)
	at io.netty.channel.AbstractChannelHandlerContext.invokeChannelRead(AbstractChannelHandlerContext.java:420)
	at io.netty.channel.DefaultChannelPipeline.fireChannelRead(DefaultChannelPipeline.java:868)
	at io.netty.channel.nio.AbstractNioMessageChannel$NioMessageUnsafe.read(AbstractNioMessageChannel.java:97)
	at io.netty.channel.nio.NioEventLoop.processSelectedKey(NioEventLoop.java:796)
	at io.netty.channel.nio.NioEventLoop.processSelectedKeysOptimized(NioEventLoop.java:732)
	at io.netty.channel.nio.NioEventLoop.processSelectedKeys(NioEventLoop.java:658)
	at io.netty.channel.nio.NioEventLoop.run(NioEventLoop.java:562)
	at io.netty.util.concurrent.SingleThreadEventExecutor$4.run(SingleThreadEventExecutor.java:998)
	at io.netty.util.internal.ThreadExecutorMap$2.run(ThreadExecutorMap.java:74)
	at io.netty.util.concurrent.FastThreadLocalRunnable.run(FastThreadLocalRunnable.java:30)
	at java.base/java.lang.Thread.run(Thread.java:1583)

Aug 31, 2026 12:20:09 AM io.netty.util.concurrent.DefaultPromise safeExecute
SEVERE: Failed to submit a listener notification task. Event loop shut down?
java.util.concurrent.RejectedExecutionException: event executor terminated
	at io.netty.util.concurrent.SingleThreadEventExecutor.reject(SingleThreadEventExecutor.java:934)
	at io.netty.util.concurrent.SingleThreadEventExecutor.offerTask(SingleThreadEventExecutor.java:353)
	at io.netty.util.concurrent.SingleThreadEventExecutor.addTask(SingleThreadEventExecutor.java:346)
	at io.netty.util.concurrent.SingleThreadEventExecutor.execute(SingleThreadEventExecutor.java:836)
	at io.netty.util.concurrent.SingleThreadEventExecutor.execute0(SingleThreadEventExecutor.java:827)
	at io.netty.util.concurrent.SingleThreadEventExecutor.execute(SingleThreadEventExecutor.java:817)
	at io.netty.util.concurrent.DefaultPromise.safeExecute(DefaultPromise.java:879)
	at io.netty.util.concurrent.DefaultPromise.notifyListeners(DefaultPromise.java:514)
	at io.netty.util.concurrent.DefaultPromise.addListener(DefaultPromise.java:199)
	at io.netty.channel.DefaultChannelPromise.addListener(DefaultChannelPromise.java:95)
	at io.netty.channel.DefaultChannelPromise.addListener(DefaultChannelPromise.java:30)
	at io.netty.bootstrap.ServerBootstrap$ServerBootstrapAcceptor.channelRead(ServerBootstrap.java:249)
	at io.netty.channel.AbstractChannelHandlerContext.invokeChannelRead(AbstractChannelHandlerContext.java:444)
	at io.netty.channel.AbstractChannelHandlerContext.invokeChannelRead(AbstractChannelHandlerContext.java:420)
	at io.netty.channel.AbstractChannelHandlerContext.fireChannelRead(AbstractChannelHandlerContext.java:412)
	at io.netty.channel.DefaultChannelPipeline$HeadContext.channelRead(DefaultChannelPipeline.java:1357)
	at io.netty.channel.AbstractChannelHandlerContext.invokeChannelRead(AbstractChannelHandlerContext.java:440)
	at io.netty.channel.AbstractChannelHandlerContext.invokeChannelRead(AbstractChannelHandlerContext.java:420)
	at io.netty.channel.DefaultChannelPipeline.fireChannelRead(DefaultChannelPipeline.java:868)
	at io.netty.channel.nio.AbstractNioMessageChannel$NioMessageUnsafe.read(AbstractNioMessageChannel.java:97)
	at io.netty.channel.nio.NioEventLoop.processSelectedKey(NioEventLoop.java:796)
	at io.netty.channel.nio.NioEventLoop.processSelectedKeysOptimized(NioEventLoop.java:732)
	at io.netty.channel.nio.NioEventLoop.processSelectedKeys(NioEventLoop.java:658)
	at io.netty.channel.nio.NioEventLoop.run(NioEventLoop.java:562)
	at io.netty.util.concurrent.SingleThreadEventExecutor$4.run(SingleThreadEventExecutor.java:998)
	at io.netty.util.internal.ThreadExecutorMap$2.run(ThreadExecutorMap.java:74)
	at io.netty.util.concurrent.FastThreadLocalRunnable.run(FastThreadLocalRunnable.java:30)
	at java.base/java.lang.Thread.run(Thread.java:1583)

Aug 31, 2026 12:20:10 AM io.gapi.emulators.netty.HttpVersionRoutingHandler channelRead
INFO: Detected non-HTTP/2 connection.
Aug 31, 2026 12:20:10 AM io.gapi.emulators.netty.HttpVersionRoutingHandler channelRead
INFO: Detected non-HTTP/2 connection.
Aug 31, 2026 12:20:10 AM io.gapi.emulators.netty.HttpHandler$1 onError
INFO: Exception when handling request: UNKNOWN
Aug 31, 2026 12:20:15 AM com.google.cloud.datastore.emulator.impl.util.WrappedStreamObserver onError
WARNING: Operation failed: Java heap space: failed reallocation of scalar replaced objects
java.lang.OutOfMemoryError: Java heap space: failed reallocation of scalar replaced objects

Aug 31, 2026 12:20:15 AM io.gapi.emulators.netty.HttpHandler$1 onError
INFO: Exception when handling request: UNKNOWN
Aug 31, 2026 12:20:20 AM com.google.cloud.datastore.emulator.impl.util.WrappedStreamObserver onError
WARNING: Operation failed: Java heap space: failed reallocation of scalar replaced objects
java.lang.OutOfMemoryError: Java heap space: failed reallocation of scalar replaced objects

Aug 31, 2026 12:20:20 AM io.gapi.emulators.netty.HttpHandler$1 onError
INFO: Exception when handling request: UNKNOWN
Aug 31, 2026 12:20:24 AM com.google.cloud.datastore.emulator.impl.util.WrappedStreamObserver onError
WARNING: Operation failed: Java heap space
java.lang.OutOfMemoryError: Java heap space

Aug 31, 2026 12:20:24 AM io.gapi.emulators.netty.HttpHandler$1 onError
INFO: Exception when handling request: UNKNOWN
Aug 31, 2026 12:20:29 AM com.google.cloud.datastore.emulator.impl.util.WrappedStreamObserver onError
WARNING: Operation failed: Java heap space
java.lang.OutOfMemoryError: Java heap space

Aug 31, 2026 12:20:29 AM io.gapi.emulators.netty.HttpHandler$1 onError
INFO: Exception when handling request: UNKNOWN
Aug 31, 2026 12:20:34 AM com.google.cloud.datastore.emulator.impl.util.WrappedStreamObserver onError
WARNING: Operation failed: Java heap space
java.lang.OutOfMemoryError: Java heap space

Aug 31, 2026 12:20:34 AM io.gapi.emulators.netty.HttpHandler$1 onError
INFO: Exception when handling request: UNKNOWN
Aug 31, 2026 12:20:34 AM io.gapi.emulators.netty.HttpVersionRoutingHandler channelRead
INFO: Detected non-HTTP/2 connection.
Aug 31, 2026 12:20:35 AM io.gapi.emulators.netty.HttpVersionRoutingHandler channelRead
INFO: Detected non-HTTP/2 connection.
Aug 31, 2026 12:20:35 AM io.gapi.emulators.netty.HttpVersionRoutingHandler channelRead
INFO: Detected non-HTTP/2 connection.
Aug 31, 2026 12:20:35 AM io.gapi.emulators.netty.HttpVersionRoutingHandler channelRead
INFO: Detected non-HTTP/2 connection.
Aug 31, 2026 12:20:35 AM io.gapi.emulators.netty.HttpVersionRoutingHandler channelRead
INFO: Detected non-HTTP/2 connection.
Aug 31, 2026 12:20:35 AM io.gapi.emulators.netty.HttpVersionRoutingHandler channelRead
INFO: Detected non-HTTP/2 connection.
Aug 31, 2026 12:20:35 AM io.gapi.emulators.netty.HttpVersionRoutingHandler channelRead
INFO: Detected non-HTTP/2 connection.
Aug 31, 2026 12:20:35 AM io.gapi.emulators.netty.HttpVersionRoutingHandler channelRead
INFO: Detected non-HTTP/2 connection.
Aug 31, 2026 12:20:35 AM io.gapi.emulators.netty.HttpVersionRoutingHandler channelRead
INFO: Detected non-HTTP/2 connection.
Aug 31, 2026 12:20:35 AM io.gapi.emulators.netty.HttpVersionRoutingHandler channelRead
INFO: Detected non-HTTP/2 connection.
Aug 31, 2026 12:20:35 AM io.gapi.emulators.netty.HttpVersionRoutingHandler channelRead
INFO: Detected non-HTTP/2 connection.
Aug 31, 2026 12:20:35 AM io.gapi.emulators.netty.HttpVersionRoutingHandler channelRead
INFO: Detected non-HTTP/2 connection.
Aug 31, 2026 12:20:35 AM io.netty.channel.AbstractChannel$AbstractUnsafe register
WARNING: Force-closing a channel whose registration task was not accepted by an event loop: [id: 0x85d8e493, L:/127.0.0.1:39155 - R:/127.0.0.1:33410]
java.util.concurrent.RejectedExecutionException: event executor terminated
	at io.netty.util.concurrent.SingleThreadEventExecutor.reject(SingleThreadEventExecutor.java:934)
	at io.netty.util.concurrent.SingleThreadEventExecutor.offerTask(SingleThreadEventExecutor.java:353)
	at io.netty.util.concurrent.SingleThreadEventExecutor.addTask(SingleThreadEventExecutor.java:346)
	at io.netty.util.concurrent.SingleThreadEventExecutor.execute(SingleThreadEventExecutor.java:836)
	at io.netty.util.concurrent.SingleThreadEventExecutor.execute0(SingleThreadEventExecutor.java:827)
	at io.netty.util.concurrent.SingleThreadEventExecutor.execute(SingleThreadEventExecutor.java:817)
	at io.netty.channel.AbstractChannel$AbstractUnsafe.register(AbstractChannel.java:482)
	at io.netty.channel.SingleThreadEventLoop.register(SingleThreadEventLoop.java:89)
	at io.netty.channel.SingleThreadEventLoop.register(SingleThreadEventLoop.java:83)
	at io.netty.channel.MultithreadEventLoopGroup.register(MultithreadEventLoopGroup.java:86)
	at io.netty.bootstrap.ServerBootstrap$ServerBootstrapAcceptor.channelRead(ServerBootstrap.java:249)
	at io.netty.channel.AbstractChannelHandlerContext.invokeChannelRead(AbstractChannelHandlerContext.java:444)
	at io.netty.channel.AbstractChannelHandlerContext.invokeChannelRead(AbstractChannelHandlerContext.java:420)
	at io.netty.channel.AbstractChannelHandlerContext.fireChannelRead(AbstractChannelHandlerContext.java:412)
	at io.netty.channel.DefaultChannelPipeline$HeadContext.channelRead(DefaultChannelPipeline.java:1357)
	at io.netty.channel.AbstractChannelHandlerContext.invokeChannelRead(AbstractChannelHandlerContext.java:440)
	at io.netty.channel.AbstractChannelHandlerContext.invokeChannelRead(AbstractChannelHandlerContext.java:420)
	at io.netty.channel.DefaultChannelPipeline.fireChannelRead(DefaultChannelPipeline.java:868)
	at io.netty.channel.nio.AbstractNioMessageChannel$NioMessageUnsafe.read(AbstractNioMessageChannel.java:97)
	at io.netty.channel.nio.NioEventLoop.processSelectedKey(NioEventLoop.java:796)
	at io.netty.channel.nio.NioEventLoop.processSelectedKeysOptimized(NioEventLoop.java:732)
	at io.netty.channel.nio.NioEventLoop.processSelectedKeys(NioEventLoop.java:658)
	at io.netty.channel.nio.NioEventLoop.run(NioEventLoop.java:562)
	at io.netty.util.concurrent.SingleThreadEventExecutor$4.run(SingleThreadEventExecutor.java:998)
	at io.netty.util.internal.ThreadExecutorMap$2.run(ThreadExecutorMap.java:74)
	at io.netty.util.concurrent.FastThreadLocalRunnable.run(FastThreadLocalRunnable.java:30)
	at java.base/java.lang.Thread.run(Thread.java:1583)

Aug 31, 2026 12:20:35 AM io.netty.util.concurrent.DefaultPromise safeExecute
SEVERE: Failed to submit a listener notification task. Event loop shut down?
java.util.concurrent.RejectedExecutionException: event executor terminated
	at io.netty.util.concurrent.SingleThreadEventExecutor.reject(SingleThreadEventExecutor.java:934)
	at io.netty.util.concurrent.SingleThreadEventExecutor.offerTask(SingleThreadEventExecutor.java:353)
	at io.netty.util.concurrent.SingleThreadEventExecutor.addTask(SingleThreadEventExecutor.java:346)
	at io.netty.util.concurrent.SingleThreadEventExecutor.execute(SingleThreadEventExecutor.java:836)
	at io.netty.util.concurrent.SingleThreadEventExecutor.execute0(SingleThreadEventExecutor.java:827)
	at io.netty.util.concurrent.SingleThreadEventExecutor.execute(SingleThreadEventExecutor.java:817)
	at io.netty.util.concurrent.DefaultPromise.safeExecute(DefaultPromise.java:879)
	at io.netty.util.concurrent.DefaultPromise.notifyListeners(DefaultPromise.java:514)
	at io.netty.util.concurrent.DefaultPromise.addListener(DefaultPromise.java:199)
	at io.netty.channel.DefaultChannelPromise.addListener(DefaultChannelPromise.java:95)
	at io.netty.channel.DefaultChannelPromise.addListener(DefaultChannelPromise.java:30)
	at io.netty.bootstrap.ServerBootstrap$ServerBootstrapAcceptor.channelRead(ServerBootstrap.java:249)
	at io.netty.channel.AbstractChannelHandlerContext.invokeChannelRead(AbstractChannelHandlerContext.java:444)
	at io.netty.channel.AbstractChannelHandlerContext.invokeChannelRead(AbstractChannelHandlerContext.java:420)
	at io.netty.channel.AbstractChannelHandlerContext.fireChannelRead(AbstractChannelHandlerContext.java:412)
	at io.netty.channel.DefaultChannelPipeline$HeadContext.channelRead(DefaultChannelPipeline.java:1357)
	at io.netty.channel.AbstractChannelHandlerContext.invokeChannelRead(AbstractChannelHandlerContext.java:440)
	at io.netty.channel.AbstractChannelHandlerContext.invokeChannelRead(AbstractChannelHandlerContext.java:420)
	at io.netty.channel.DefaultChannelPipeline.fireChannelRead(DefaultChannelPipeline.java:868)
	at io.netty.channel.nio.AbstractNioMessageChannel$NioMessageUnsafe.read(AbstractNioMessageChannel.java:97)
	at io.netty.channel.nio.NioEventLoop.processSelectedKey(NioEventLoop.java:796)
	at io.netty.channel.nio.NioEventLoop.processSelectedKeysOptimized(NioEventLoop.java:732)
	at io.netty.channel.nio.NioEventLoop.processSelectedKeys(NioEventLoop.java:658)
	at io.netty.channel.nio.NioEventLoop.run(NioEventLoop.java:562)
	at io.netty.util.concurrent.SingleThreadEventExecutor$4.run(SingleThreadEventExecutor.java:998)
	at io.netty.util.internal.ThreadExecutorMap$2.run(ThreadExecutorMap.java:74)
	at io.netty.util.concurrent.FastThreadLocalRunnable.run(FastThreadLocalRunnable.java:30)
	at java.base/java.lang.Thread.run(Thread.java:1583)

Aug 31, 2026 12:20:35 AM io.gapi.emulators.netty.HttpVersionRoutingHandler channelRead
INFO: Detected non-HTTP/2 connection.
Aug 31, 2026 12:20:35 AM io.gapi.emulators.netty.HttpVersionRoutingHandler channelRead
INFO: Detected non-HTTP/2 connection.
Aug 31, 2026 12:20:35 AM io.gapi.emulators.netty.HttpVersionRoutingHandler channelRead
INFO: Detected non-HTTP/2 connection.
Aug 31, 2026 12:20:35 AM io.gapi.emulators.netty.HttpVersionRoutingHandler channelRead
INFO: Detected non-HTTP/2 connection.
Aug 31, 2026 12:20:35 AM io.gapi.emulators.netty.HttpVersionRoutingHandler channelRead
INFO: Detected non-HTTP/2 connection.
Aug 31, 2026 12:20:35 AM io.gapi.emulators.netty.HttpVersionRoutingHandler channelRead
INFO: Detected non-HTTP/2 connection.
Aug 31, 2026 12:20:36 AM io.gapi.emulators.netty.HttpVersionRoutingHandler channelRead
INFO: Detected non-HTTP/2 connection.
Aug 31, 2026 12:20:36 AM io.netty.channel.AbstractChannel$AbstractUnsafe register
WARNING: Force-closing a channel whose registration task was not accepted by an event loop: [id: 0x9ea3f452, L:/127.0.0.1:39155 - R:/127.0.0.1:33478]
java.util.concurrent.RejectedExecutionException: event executor terminated
	at io.netty.util.concurrent.SingleThreadEventExecutor.reject(SingleThreadEventExecutor.java:934)
	at io.netty.util.concurrent.SingleThreadEventExecutor.offerTask(SingleThreadEventExecutor.java:353)
	at io.netty.util.concurrent.SingleThreadEventExecutor.addTask(SingleThreadEventExecutor.java:346)
	at io.netty.util.concurrent.SingleThreadEventExecutor.execute(SingleThreadEventExecutor.java:836)
	at io.netty.util.concurrent.SingleThreadEventExecutor.execute0(SingleThreadEventExecutor.java:827)
	at io.netty.util.concurrent.SingleThreadEventExecutor.execute(SingleThreadEventExecutor.java:817)
	at io.netty.channel.AbstractChannel$AbstractUnsafe.register(AbstractChannel.java:482)
	at io.netty.channel.SingleThreadEventLoop.register(SingleThreadEventLoop.java:89)
	at io.netty.channel.SingleThreadEventLoop.register(SingleThreadEventLoop.java:83)
	at io.netty.channel.MultithreadEventLoopGroup.register(MultithreadEventLoopGroup.java:86)
	at io.netty.bootstrap.ServerBootstrap$ServerBootstrapAcceptor.channelRead(ServerBootstrap.java:249)
	at io.netty.channel.AbstractChannelHandlerContext.invokeChannelRead(AbstractChannelHandlerContext.java:444)
	at io.netty.channel.AbstractChannelHandlerContext.invokeChannelRead(AbstractChannelHandlerContext.java:420)
	at io.netty.channel.AbstractChannelHandlerContext.fireChannelRead(AbstractChannelHandlerContext.java:412)
	at io.netty.channel.DefaultChannelPipeline$HeadContext.channelRead(DefaultChannelPipeline.java:1357)
	at io.netty.channel.AbstractChannelHandlerContext.invokeChannelRead(AbstractChannelHandlerContext.java:440)
	at io.netty.channel.AbstractChannelHandlerContext.invokeChannelRead(AbstractChannelHandlerContext.java:420)
	at io.netty.channel.DefaultChannelPipeline.fireChannelRead(DefaultChannelPipeline.java:868)
	at io.netty.channel.nio.AbstractNioMessageChannel$NioMessageUnsafe.read(AbstractNioMessageChannel.java:97)
	at io.netty.channel.nio.NioEventLoop.processSelectedKey(NioEventLoop.java:796)
	at io.netty.channel.nio.NioEventLoop.processSelectedKeysOptimized(NioEventLoop.java:732)
	at io.netty.channel.nio.NioEventLoop.processSelectedKeys(NioEventLoop.java:658)
	at io.netty.channel.nio.NioEventLoop.run(NioEventLoop.java:562)
	at io.netty.util.concurrent.SingleThreadEventExecutor$4.run(SingleThreadEventExecutor.java:998)
	at io.netty.util.internal.ThreadExecutorMap$2.run(ThreadExecutorMap.java:74)
	at io.netty.util.concurrent.FastThreadLocalRunnable.run(FastThreadLocalRunnable.java:30)
	at java.base/java.lang.Thread.run(Thread.java:1583)

Aug 31, 2026 12:20:36 AM io.netty.util.concurrent.DefaultPromise safeExecute
SEVERE: Failed to submit a listener notification task. Event loop shut down?
java.util.concurrent.RejectedExecutionException: event executor terminated
	at io.netty.util.concurrent.SingleThreadEventExecutor.reject(SingleThreadEventExecutor.java:934)
	at io.netty.util.concurrent.SingleThreadEventExecutor.offerTask(SingleThreadEventExecutor.java:353)
	at io.netty.util.concurrent.SingleThreadEventExecutor.addTask(SingleThreadEventExecutor.java:346)
	at io.netty.util.concurrent.SingleThreadEventExecutor.execute(SingleThreadEventExecutor.java:836)
	at io.netty.util.concurrent.SingleThreadEventExecutor.execute0(SingleThreadEventExecutor.java:827)
	at io.netty.util.concurrent.SingleThreadEventExecutor.execute(SingleThreadEventExecutor.java:817)
	at io.netty.util.concurrent.DefaultPromise.safeExecute(DefaultPromise.java:879)
	at io.netty.util.concurrent.DefaultPromise.notifyListeners(DefaultPromise.java:514)
	at io.netty.util.concurrent.DefaultPromise.addListener(DefaultPromise.java:199)
	at io.netty.channel.DefaultChannelPromise.addListener(DefaultChannelPromise.java:95)
	at io.netty.channel.DefaultChannelPromise.addListener(DefaultChannelPromise.java:30)
	at io.netty.bootstrap.ServerBootstrap$ServerBootstrapAcceptor.channelRead(ServerBootstrap.java:249)
	at io.netty.channel.AbstractChannelHandlerContext.invokeChannelRead(AbstractChannelHandlerContext.java:444)
	at io.netty.channel.AbstractChannelHandlerContext.invokeChannelRead(AbstractChannelHandlerContext.java:420)
	at io.netty.channel.AbstractChannelHandlerContext.fireChannelRead(AbstractChannelHandlerContext.java:412)
	at io.netty.channel.DefaultChannelPipeline$HeadContext.channelRead(DefaultChannelPipeline.java:1357)
	at io.netty.channel.AbstractChannelHandlerContext.invokeChannelRead(AbstractChannelHandlerContext.java:440)
	at io.netty.channel.AbstractChannelHandlerContext.invokeChannelRead(AbstractChannelHandlerContext.java:420)
	at io.netty.channel.DefaultChannelPipeline.fireChannelRead(DefaultChannelPipeline.java:868)
	at io.netty.channel.nio.AbstractNioMessageChannel$NioMessageUnsafe.read(AbstractNioMessageChannel.java:97)
	at io.netty.channel.nio.NioEventLoop.processSelectedKey(NioEventLoop.java:796)
	at io.netty.channel.nio.NioEventLoop.processSelectedKeysOptimized(NioEventLoop.java:732)
	at io.netty.channel.nio.NioEventLoop.processSelectedKeys(NioEventLoop.java:658)
	at io.netty.channel.nio.NioEventLoop.run(NioEventLoop.java:562)
	at io.netty.util.concurrent.SingleThreadEventExecutor$4.run(SingleThreadEventExecutor.java:998)
	at io.netty.util.internal.ThreadExecutorMap$2.run(ThreadExecutorMap.java:74)
	at io.netty.util.concurrent.FastThreadLocalRunnable.run(FastThreadLocalRunnable.java:30)
	at java.base/java.lang.Thread.run(Thread.java:1583)

Aug 31, 2026 12:20:38 AM io.gapi.emulators.netty.HttpVersionRoutingHandler channelRead
INFO: Detected non-HTTP/2 connection.
Aug 31, 2026 12:20:39 AM com.google.cloud.datastore.emulator.impl.util.WrappedStreamObserver onError
WARNING: Operation failed: Java heap space
java.lang.OutOfMemoryError: Java heap space

Aug 31, 2026 12:20:39 AM io.gapi.emulators.netty.HttpHandler$1 onError
INFO: Exception when handling request: UNKNOWN
Aug 31, 2026 12:20:39 AM io.gapi.emulators.netty.HttpVersionRoutingHandler channelRead
INFO: Detected non-HTTP/2 connection.
Aug 31, 2026 12:20:39 AM io.gapi.emulators.netty.HttpVersionRoutingHandler channelRead
INFO: Detected non-HTTP/2 connection.
Aug 31, 2026 12:20:39 AM io.gapi.emulators.netty.HttpVersionRoutingHandler channelRead
INFO: Detected non-HTTP/2 connection.
Aug 31, 2026 12:20:39 AM io.gapi.emulators.netty.HttpVersionRoutingHandler channelRead
INFO: Detected non-HTTP/2 connection.
Aug 31, 2026 12:20:39 AM io.gapi.emulators.netty.HttpVersionRoutingHandler channelRead
INFO: Detected non-HTTP/2 connection.
Aug 31, 2026 12:20:39 AM io.gapi.emulators.netty.HttpVersionRoutingHandler channelRead
INFO: Detected non-HTTP/2 connection.
Aug 31, 2026 12:20:39 AM io.gapi.emulators.netty.HttpVersionRoutingHandler channelRead
INFO: Detected non-HTTP/2 connection.
Aug 31, 2026 12:20:39 AM io.gapi.emulators.netty.HttpVersionRoutingHandler channelRead
INFO: Detected non-HTTP/2 connection.
Aug 31, 2026 12:20:39 AM io.gapi.emulators.netty.HttpVersionRoutingHandler channelRead
INFO: Detected non-HTTP/2 connection.
Aug 31, 2026 12:20:39 AM io.gapi.emulators.netty.HttpVersionRoutingHandler channelRead
INFO: Detected non-HTTP/2 connection.
Aug 31, 2026 12:20:40 AM io.gapi.emulators.netty.HttpVersionRoutingHandler channelRead
INFO: Detected non-HTTP/2 connection.
Aug 31, 2026 12:20:40 AM io.netty.channel.AbstractChannel$AbstractUnsafe register
WARNING: Force-closing a channel whose registration task was not accepted by an event loop: [id: 0x72023799, L:/127.0.0.1:39155 - R:/127.0.0.1:34314]
java.util.concurrent.RejectedExecutionException: event executor terminated
	at io.netty.util.concurrent.SingleThreadEventExecutor.reject(SingleThreadEventExecutor.java:934)
	at io.netty.util.concurrent.SingleThreadEventExecutor.offerTask(SingleThreadEventExecutor.java:353)
	at io.netty.util.concurrent.SingleThreadEventExecutor.addTask(SingleThreadEventExecutor.java:346)
	at io.netty.util.concurrent.SingleThreadEventExecutor.execute(SingleThreadEventExecutor.java:836)
	at io.netty.util.concurrent.SingleThreadEventExecutor.execute0(SingleThreadEventExecutor.java:827)
	at io.netty.util.concurrent.SingleThreadEventExecutor.execute(SingleThreadEventExecutor.java:817)
	at io.netty.channel.AbstractChannel$AbstractUnsafe.register(AbstractChannel.java:482)
	at io.netty.channel.SingleThreadEventLoop.register(SingleThreadEventLoop.java:89)
	at io.netty.channel.SingleThreadEventLoop.register(SingleThreadEventLoop.java:83)
	at io.netty.channel.MultithreadEventLoopGroup.register(MultithreadEventLoopGroup.java:86)
	at io.netty.bootstrap.ServerBootstrap$ServerBootstrapAcceptor.channelRead(ServerBootstrap.java:249)
	at io.netty.channel.AbstractChannelHandlerContext.invokeChannelRead(AbstractChannelHandlerContext.java:444)
	at io.netty.channel.AbstractChannelHandlerContext.invokeChannelRead(AbstractChannelHandlerContext.java:420)
	at io.netty.channel.AbstractChannelHandlerContext.fireChannelRead(AbstractChannelHandlerContext.java:412)
	at io.netty.channel.DefaultChannelPipeline$HeadContext.channelRead(DefaultChannelPipeline.java:1357)
	at io.netty.channel.AbstractChannelHandlerContext.invokeChannelRead(AbstractChannelHandlerContext.java:440)
	at io.netty.channel.AbstractChannelHandlerContext.invokeChannelRead(AbstractChannelHandlerContext.java:420)
	at io.netty.channel.DefaultChannelPipeline.fireChannelRead(DefaultChannelPipeline.java:868)
	at io.netty.channel.nio.AbstractNioMessageChannel$NioMessageUnsafe.read(AbstractNioMessageChannel.java:97)
	at io.netty.channel.nio.NioEventLoop.processSelectedKey(NioEventLoop.java:796)
	at io.netty.channel.nio.NioEventLoop.processSelectedKeysOptimized(NioEventLoop.java:732)
	at io.netty.channel.nio.NioEventLoop.processSelectedKeys(NioEventLoop.java:658)
	at io.netty.channel.nio.NioEventLoop.run(NioEventLoop.java:562)
	at io.netty.util.concurrent.SingleThreadEventExecutor$4.run(SingleThreadEventExecutor.java:998)
	at io.netty.util.internal.ThreadExecutorMap$2.run(ThreadExecutorMap.java:74)
	at io.netty.util.concurrent.FastThreadLocalRunnable.run(FastThreadLocalRunnable.java:30)
	at java.base/java.lang.Thread.run(Thread.java:1583)

Aug 31, 2026 12:20:40 AM io.netty.util.concurrent.DefaultPromise safeExecute
SEVERE: Failed to submit a listener notification task. Event loop shut down?
java.util.concurrent.RejectedExecutionException: event executor terminated
	at io.netty.util.concurrent.SingleThreadEventExecutor.reject(SingleThreadEventExecutor.java:934)
	at io.netty.util.concurrent.SingleThreadEventExecutor.offerTask(SingleThreadEventExecutor.java:353)
	at io.netty.util.concurrent.SingleThreadEventExecutor.addTask(SingleThreadEventExecutor.java:346)
	at io.netty.util.concurrent.SingleThreadEventExecutor.execute(SingleThreadEventExecutor.java:836)
	at io.netty.util.concurrent.SingleThreadEventExecutor.execute0(SingleThreadEventExecutor.java:827)
	at io.netty.util.concurrent.SingleThreadEventExecutor.execute(SingleThreadEventExecutor.java:817)
	at io.netty.util.concurrent.DefaultPromise.safeExecute(DefaultPromise.java:879)
	at io.netty.util.concurrent.DefaultPromise.notifyListeners(DefaultPromise.java:514)
	at io.netty.util.concurrent.DefaultPromise.addListener(DefaultPromise.java:199)
	at io.netty.channel.DefaultChannelPromise.addListener(DefaultChannelPromise.java:95)
	at io.netty.channel.DefaultChannelPromise.addListener(DefaultChannelPromise.java:30)
	at io.netty.bootstrap.ServerBootstrap$ServerBootstrapAcceptor.channelRead(ServerBootstrap.java:249)
	at io.netty.channel.AbstractChannelHandlerContext.invokeChannelRead(AbstractChannelHandlerContext.java:444)
	at io.netty.channel.AbstractChannelHandlerContext.invokeChannelRead(AbstractChannelHandlerContext.java:420)
	at io.netty.channel.AbstractChannelHandlerContext.fireChannelRead(AbstractChannelHandlerContext.java:412)
	at io.netty.channel.DefaultChannelPipeline$HeadContext.channelRead(DefaultChannelPipeline.java:1357)
	at io.netty.channel.AbstractChannelHandlerContext.invokeChannelRead(AbstractChannelHandlerContext.java:440)
	at io.netty.channel.AbstractChannelHandlerContext.invokeChannelRead(AbstractChannelHandlerContext.java:420)
	at io.netty.channel.DefaultChannelPipeline.fireChannelRead(DefaultChannelPipeline.java:868)
	at io.netty.channel.nio.AbstractNioMessageChannel$NioMessageUnsafe.read(AbstractNioMessageChannel.java:97)
	at io.netty.channel.nio.NioEventLoop.processSelectedKey(NioEventLoop.java:796)
	at io.netty.channel.nio.NioEventLoop.processSelectedKeysOptimized(NioEventLoop.java:732)
	at io.netty.channel.nio.NioEventLoop.processSelectedKeys(NioEventLoop.java:658)
	at io.netty.channel.nio.NioEventLoop.run(NioEventLoop.java:562)
	at io.netty.util.concurrent.SingleThreadEventExecutor$4.run(SingleThreadEventExecutor.java:998)
	at io.netty.util.internal.ThreadExecutorMap$2.run(ThreadExecutorMap.java:74)
	at io.netty.util.concurrent.FastThreadLocalRunnable.run(FastThreadLocalRunnable.java:30)
	at java.base/java.lang.Thread.run(Thread.java:1583)

Aug 31, 2026 12:20:40 AM io.gapi.emulators.netty.HttpVersionRoutingHandler channelRead
INFO: Detected non-HTTP/2 connection.
Aug 31, 2026 12:20:44 AM com.google.cloud.datastore.emulator.impl.util.WrappedStreamObserver onError
WARNING: Operation failed: Java heap space: failed reallocation of scalar replaced objects
java.lang.OutOfMemoryError: Java heap space: failed reallocation of scalar replaced objects

Aug 31, 2026 12:20:44 AM io.gapi.emulators.netty.HttpHandler$1 onError
INFO: Exception when handling request: UNKNOWN
Aug 31, 2026 12:20:49 AM com.google.cloud.datastore.emulator.impl.util.WrappedStreamObserver onError
WARNING: Operation failed: Java heap space
java.lang.OutOfMemoryError: Java heap space

Aug 31, 2026 12:20:49 AM io.gapi.emulators.netty.HttpHandler$1 onError
INFO: Exception when handling request: UNKNOWN
Aug 31, 2026 12:20:54 AM com.google.cloud.datastore.emulator.impl.util.WrappedStreamObserver onError
WARNING: Operation failed: Java heap space
java.lang.OutOfMemoryError: Java heap space

Aug 31, 2026 12:20:54 AM io.gapi.emulators.netty.HttpHandler$1 onError
INFO: Exception when handling request: UNKNOWN
Aug 31, 2026 12:20:59 AM com.google.cloud.datastore.emulator.impl.util.WrappedStreamObserver onError
WARNING: Operation failed: Java heap space: failed reallocation of scalar replaced objects
java.lang.OutOfMemoryError: Java heap space: failed reallocation of scalar replaced objects

Aug 31, 2026 12:20:59 AM io.gapi.emulators.netty.HttpHandler$1 onError
INFO: Exception when handling request: UNKNOWN
Aug 31, 2026 12:21:04 AM com.google.cloud.datastore.emulator.impl.util.WrappedStreamObserver onError
WARNING: Operation failed: Java heap space: failed reallocation of scalar replaced objects
java.lang.OutOfMemoryError: Java heap space: failed reallocation of scalar replaced objects

Aug 31, 2026 12:21:04 AM io.gapi.emulators.netty.HttpVersionRoutingHandler channelRead
INFO: Detected non-HTTP/2 connection.
Aug 31, 2026 12:21:04 AM io.gapi.emulators.netty.HttpHandler$1 onError
INFO: Exception when handling request: UNKNOWN
Aug 31, 2026 12:21:05 AM io.gapi.emulators.netty.HttpVersionRoutingHandler channelRead
INFO: Detected non-HTTP/2 connection.
Aug 31, 2026 12:21:05 AM io.gapi.emulators.netty.HttpVersionRoutingHandler channelRead
INFO: Detected non-HTTP/2 connection.
Aug 31, 2026 12:21:05 AM io.gapi.emulators.netty.HttpVersionRoutingHandler channelRead
INFO: Detected non-HTTP/2 connection.
Aug 31, 2026 12:21:05 AM io.gapi.emulators.netty.HttpVersionRoutingHandler channelRead
INFO: Detected non-HTTP/2 connection.
Aug 31, 2026 12:21:05 AM io.netty.channel.AbstractChannel$AbstractUnsafe register
WARNING: Force-closing a channel whose registration task was not accepted by an event loop: [id: 0x22cc071f, L:/127.0.0.1:39155 - R:/127.0.0.1:56514]
java.util.concurrent.RejectedExecutionException: event executor terminated
	at io.netty.util.concurrent.SingleThreadEventExecutor.reject(SingleThreadEventExecutor.java:934)
	at io.netty.util.concurrent.SingleThreadEventExecutor.offerTask(SingleThreadEventExecutor.java:353)
	at io.netty.util.concurrent.SingleThreadEventExecutor.addTask(SingleThreadEventExecutor.java:346)
	at io.netty.util.concurrent.SingleThreadEventExecutor.execute(SingleThreadEventExecutor.java:836)
	at io.netty.util.concurrent.SingleThreadEventExecutor.execute0(SingleThreadEventExecutor.java:827)
	at io.netty.util.concurrent.SingleThreadEventExecutor.execute(SingleThreadEventExecutor.java:817)
	at io.netty.channel.AbstractChannel$AbstractUnsafe.register(AbstractChannel.java:482)
	at io.netty.channel.SingleThreadEventLoop.register(SingleThreadEventLoop.java:89)
	at io.netty.channel.SingleThreadEventLoop.register(SingleThreadEventLoop.java:83)
	at io.netty.channel.MultithreadEventLoopGroup.register(MultithreadEventLoopGroup.java:86)
	at io.netty.bootstrap.ServerBootstrap$ServerBootstrapAcceptor.channelRead(ServerBootstrap.java:249)
	at io.netty.channel.AbstractChannelHandlerContext.invokeChannelRead(AbstractChannelHandlerContext.java:444)
	at io.netty.channel.AbstractChannelHandlerContext.invokeChannelRead(AbstractChannelHandlerContext.java:420)
	at io.netty.channel.AbstractChannelHandlerContext.fireChannelRead(AbstractChannelHandlerContext.java:412)
	at io.netty.channel.DefaultChannelPipeline$HeadContext.channelRead(DefaultChannelPipeline.java:1357)
	at io.netty.channel.AbstractChannelHandlerContext.invokeChannelRead(AbstractChannelHandlerContext.java:440)
	at io.netty.channel.AbstractChannelHandlerContext.invokeChannelRead(AbstractChannelHandlerContext.java:420)
	at io.netty.channel.DefaultChannelPipeline.fireChannelRead(DefaultChannelPipeline.java:868)
	at io.netty.channel.nio.AbstractNioMessageChannel$NioMessageUnsafe.read(AbstractNioMessageChannel.java:97)
	at io.netty.channel.nio.NioEventLoop.processSelectedKey(NioEventLoop.java:796)
	at io.netty.channel.nio.NioEventLoop.processSelectedKeysOptimized(NioEventLoop.java:732)
	at io.netty.channel.nio.NioEventLoop.processSelectedKeys(NioEventLoop.java:658)
	at io.netty.channel.nio.NioEventLoop.run(NioEventLoop.java:562)
	at io.netty.util.concurrent.SingleThreadEventExecutor$4.run(SingleThreadEventExecutor.java:998)
	at io.netty.util.internal.ThreadExecutorMap$2.run(ThreadExecutorMap.java:74)
	at io.netty.util.concurrent.FastThreadLocalRunnable.run(FastThreadLocalRunnable.java:30)
	at java.base/java.lang.Thread.run(Thread.java:1583)

Aug 31, 2026 12:21:05 AM io.netty.util.concurrent.DefaultPromise safeExecute
SEVERE: Failed to submit a listener notification task. Event loop shut down?
java.util.concurrent.RejectedExecutionException: event executor terminated
	at io.netty.util.concurrent.SingleThreadEventExecutor.reject(SingleThreadEventExecutor.java:934)
	at io.netty.util.concurrent.SingleThreadEventExecutor.offerTask(SingleThreadEventExecutor.java:353)
	at io.netty.util.concurrent.SingleThreadEventExecutor.addTask(SingleThreadEventExecutor.java:346)
	at io.netty.util.concurrent.SingleThreadEventExecutor.execute(SingleThreadEventExecutor.java:836)
	at io.netty.util.concurrent.SingleThreadEventExecutor.execute0(SingleThreadEventExecutor.java:827)
	at io.netty.util.concurrent.SingleThreadEventExecutor.execute(SingleThreadEventExecutor.java:817)
	at io.netty.util.concurrent.DefaultPromise.safeExecute(DefaultPromise.java:879)
	at io.netty.util.concurrent.DefaultPromise.notifyListeners(DefaultPromise.java:514)
	at io.netty.util.concurrent.DefaultPromise.addListener(DefaultPromise.java:199)
	at io.netty.channel.DefaultChannelPromise.addListener(DefaultChannelPromise.java:95)
	at io.netty.channel.DefaultChannelPromise.addListener(DefaultChannelPromise.java:30)
	at io.netty.bootstrap.ServerBootstrap$ServerBootstrapAcceptor.channelRead(ServerBootstrap.java:249)
	at io.netty.channel.AbstractChannelHandlerContext.invokeChannelRead(AbstractChannelHandlerContext.java:444)
	at io.netty.channel.AbstractChannelHandlerContext.invokeChannelRead(AbstractChannelHandlerContext.java:420)
	at io.netty.channel.AbstractChannelHandlerContext.fireChannelRead(AbstractChannelHandlerContext.java:412)
	at io.netty.channel.DefaultChannelPipeline$HeadContext.channelRead(DefaultChannelPipeline.java:1357)
	at io.netty.channel.AbstractChannelHandlerContext.invokeChannelRead(AbstractChannelHandlerContext.java:440)
	at io.netty.channel.AbstractChannelHandlerContext.invokeChannelRead(AbstractChannelHandlerContext.java:420)
	at io.netty.channel.DefaultChannelPipeline.fireChannelRead(DefaultChannelPipeline.java:868)
	at io.netty.channel.nio.AbstractNioMessageChannel$NioMessageUnsafe.read(AbstractNioMessageChannel.java:97)
	at io.netty.channel.nio.NioEventLoop.processSelectedKey(NioEventLoop.java:796)
	at io.netty.channel.nio.NioEventLoop.processSelectedKeysOptimized(NioEventLoop.java:732)
	at io.netty.channel.nio.NioEventLoop.processSelectedKeys(NioEventLoop.java:658)
	at io.netty.channel.nio.NioEventLoop.run(NioEventLoop.java:562)
	at io.netty.util.concurrent.SingleThreadEventExecutor$4.run(SingleThreadEventExecutor.java:998)
	at io.netty.util.internal.ThreadExecutorMap$2.run(ThreadExecutorMap.java:74)
	at io.netty.util.concurrent.FastThreadLocalRunnable.run(FastThreadLocalRunnable.java:30)
	at java.base/java.lang.Thread.run(Thread.java:1583)

Aug 31, 2026 12:21:05 AM io.gapi.emulators.netty.HttpVersionRoutingHandler channelRead
INFO: Detected non-HTTP/2 connection.
Aug 31, 2026 12:21:05 AM io.gapi.emulators.netty.HttpVersionRoutingHandler channelRead
INFO: Detected non-HTTP/2 connection.
Aug 31, 2026 12:21:05 AM io.gapi.emulators.netty.HttpVersionRoutingHandler channelRead
INFO: Detected non-HTTP/2 connection.
Aug 31, 2026 12:21:05 AM io.gapi.emulators.netty.HttpVersionRoutingHandler channelRead
INFO: Detected non-HTTP/2 connection.
Aug 31, 2026 12:21:05 AM io.gapi.emulators.netty.HttpVersionRoutingHandler channelRead
INFO: Detected non-HTTP/2 connection.
Aug 31, 2026 12:21:05 AM io.gapi.emulators.netty.HttpVersionRoutingHandler channelRead
INFO: Detected non-HTTP/2 connection.
Aug 31, 2026 12:21:05 AM io.gapi.emulators.netty.HttpVersionRoutingHandler channelRead
INFO: Detected non-HTTP/2 connection.
Aug 31, 2026 12:21:05 AM io.gapi.emulators.netty.HttpVersionRoutingHandler channelRead
INFO: Detected non-HTTP/2 connection.
Aug 31, 2026 12:21:05 AM io.gapi.emulators.netty.HttpVersionRoutingHandler channelRead
INFO: Detected non-HTTP/2 connection.
Aug 31, 2026 12:21:05 AM io.gapi.emulators.netty.HttpVersionRoutingHandler channelRead
INFO: Detected non-HTTP/2 connection.
Aug 31, 2026 12:21:05 AM io.gapi.emulators.netty.HttpVersionRoutingHandler channelRead
INFO: Detected non-HTTP/2 connection.
Aug 31, 2026 12:21:05 AM io.gapi.emulators.netty.HttpVersionRoutingHandler channelRead
INFO: Detected non-HTTP/2 connection.
Aug 31, 2026 12:21:05 AM io.gapi.emulators.netty.HttpVersionRoutingHandler channelRead
INFO: Detected non-HTTP/2 connection.
Aug 31, 2026 12:21:06 AM io.gapi.emulators.netty.HttpVersionRoutingHandler channelRead
INFO: Detected non-HTTP/2 connection.
Aug 31, 2026 12:21:08 AM io.gapi.emulators.netty.HttpVersionRoutingHandler channelRead
INFO: Detected non-HTTP/2 connection.
Aug 31, 2026 12:21:08 AM io.netty.channel.AbstractChannel$AbstractUnsafe register
WARNING: Force-closing a channel whose registration task was not accepted by an event loop: [id: 0x8269fd49, L:/127.0.0.1:39155 - R:/127.0.0.1:57364]
java.util.concurrent.RejectedExecutionException: event executor terminated
	at io.netty.util.concurrent.SingleThreadEventExecutor.reject(SingleThreadEventExecutor.java:934)
	at io.netty.util.concurrent.SingleThreadEventExecutor.offerTask(SingleThreadEventExecutor.java:353)
	at io.netty.util.concurrent.SingleThreadEventExecutor.addTask(SingleThreadEventExecutor.java:346)
	at io.netty.util.concurrent.SingleThreadEventExecutor.execute(SingleThreadEventExecutor.java:836)
	at io.netty.util.concurrent.SingleThreadEventExecutor.execute0(SingleThreadEventExecutor.java:827)
	at io.netty.util.concurrent.SingleThreadEventExecutor.execute(SingleThreadEventExecutor.java:817)
	at io.netty.channel.AbstractChannel$AbstractUnsafe.register(AbstractChannel.java:482)
	at io.netty.channel.SingleThreadEventLoop.register(SingleThreadEventLoop.java:89)
	at io.netty.channel.SingleThreadEventLoop.register(SingleThreadEventLoop.java:83)
	at io.netty.channel.MultithreadEventLoopGroup.register(MultithreadEventLoopGroup.java:86)
	at io.netty.bootstrap.ServerBootstrap$ServerBootstrapAcceptor.channelRead(ServerBootstrap.java:249)
	at io.netty.channel.AbstractChannelHandlerContext.invokeChannelRead(AbstractChannelHandlerContext.java:444)
	at io.netty.channel.AbstractChannelHandlerContext.invokeChannelRead(AbstractChannelHandlerContext.java:420)
	at io.netty.channel.AbstractChannelHandlerContext.fireChannelRead(AbstractChannelHandlerContext.java:412)
	at io.netty.channel.DefaultChannelPipeline$HeadContext.channelRead(DefaultChannelPipeline.java:1357)
	at io.netty.channel.AbstractChannelHandlerContext.invokeChannelRead(AbstractChannelHandlerContext.java:440)
	at io.netty.channel.AbstractChannelHandlerContext.invokeChannelRead(AbstractChannelHandlerContext.java:420)
	at io.netty.channel.DefaultChannelPipeline.fireChannelRead(DefaultChannelPipeline.java:868)
	at io.netty.channel.nio.AbstractNioMessageChannel$NioMessageUnsafe.read(AbstractNioMessageChannel.java:97)
	at io.netty.channel.nio.NioEventLoop.processSelectedKey(NioEventLoop.java:796)
	at io.netty.channel.nio.NioEventLoop.processSelectedKeysOptimized(NioEventLoop.java:732)
	at io.netty.channel.nio.NioEventLoop.processSelectedKeys(NioEventLoop.java:658)
	at io.netty.channel.nio.NioEventLoop.run(NioEventLoop.java:562)
	at io.netty.util.concurrent.SingleThreadEventExecutor$4.run(SingleThreadEventExecutor.java:998)
	at io.netty.util.internal.ThreadExecutorMap$2.run(ThreadExecutorMap.java:74)
	at io.netty.util.concurrent.FastThreadLocalRunnable.run(FastThreadLocalRunnable.java:30)
	at java.base/java.lang.Thread.run(Thread.java:1583)

Aug 31, 2026 12:21:08 AM io.netty.util.concurrent.DefaultPromise safeExecute
SEVERE: Failed to submit a listener notification task. Event loop shut down?
java.util.concurrent.RejectedExecutionException: event executor terminated
	at io.netty.util.concurrent.SingleThreadEventExecutor.reject(SingleThreadEventExecutor.java:934)
	at io.netty.util.concurrent.SingleThreadEventExecutor.offerTask(SingleThreadEventExecutor.java:353)
	at io.netty.util.concurrent.SingleThreadEventExecutor.addTask(SingleThreadEventExecutor.java:346)
	at io.netty.util.concurrent.SingleThreadEventExecutor.execute(SingleThreadEventExecutor.java:836)
	at io.netty.util.concurrent.SingleThreadEventExecutor.execute0(SingleThreadEventExecutor.java:827)
	at io.netty.util.concurrent.SingleThreadEventExecutor.execute(SingleThreadEventExecutor.java:817)
	at io.netty.util.concurrent.DefaultPromise.safeExecute(DefaultPromise.java:879)
	at io.netty.util.concurrent.DefaultPromise.notifyListeners(DefaultPromise.java:514)
	at io.netty.util.concurrent.DefaultPromise.addListener(DefaultPromise.java:199)
	at io.netty.channel.DefaultChannelPromise.addListener(DefaultChannelPromise.java:95)
	at io.netty.channel.DefaultChannelPromise.addListener(DefaultChannelPromise.java:30)
	at io.netty.bootstrap.ServerBootstrap$ServerBootstrapAcceptor.channelRead(ServerBootstrap.java:249)
	at io.netty.channel.AbstractChannelHandlerContext.invokeChannelRead(AbstractChannelHandlerContext.java:444)
	at io.netty.channel.AbstractChannelHandlerContext.invokeChannelRead(AbstractChannelHandlerContext.java:420)
	at io.netty.channel.AbstractChannelHandlerContext.fireChannelRead(AbstractChannelHandlerContext.java:412)
	at io.netty.channel.DefaultChannelPipeline$HeadContext.channelRead(DefaultChannelPipeline.java:1357)
	at io.netty.channel.AbstractChannelHandlerContext.invokeChannelRead(AbstractChannelHandlerContext.java:440)
	at io.netty.channel.AbstractChannelHandlerContext.invokeChannelRead(AbstractChannelHandlerContext.java:420)
	at io.netty.channel.DefaultChannelPipeline.fireChannelRead(DefaultChannelPipeline.java:868)
	at io.netty.channel.nio.AbstractNioMessageChannel$NioMessageUnsafe.read(AbstractNioMessageChannel.java:97)
	at io.netty.channel.nio.NioEventLoop.processSelectedKey(NioEventLoop.java:796)
	at io.netty.channel.nio.NioEventLoop.processSelectedKeysOptimized(NioEventLoop.java:732)
	at io.netty.channel.nio.NioEventLoop.processSelectedKeys(NioEventLoop.java:658)
	at io.netty.channel.nio.NioEventLoop.run(NioEventLoop.java:562)
	at io.netty.util.concurrent.SingleThreadEventExecutor$4.run(SingleThreadEventExecutor.java:998)
	at io.netty.util.internal.ThreadExecutorMap$2.run(ThreadExecutorMap.java:74)
	at io.netty.util.concurrent.FastThreadLocalRunnable.run(FastThreadLocalRunnable.java:30)
	at java.base/java.lang.Thread.run(Thread.java:1583)

Aug 31, 2026 12:21:09 AM com.google.cloud.datastore.emulator.impl.util.WrappedStreamObserver onError
WARNING: Operation failed: Java heap space
java.lang.OutOfMemoryError: Java heap space

Aug 31, 2026 12:21:09 AM io.gapi.emulators.netty.HttpHandler$1 onError
INFO: Exception when handling request: UNKNOWN
Aug 31, 2026 12:21:09 AM io.gapi.emulators.netty.HttpVersionRoutingHandler channelRead
INFO: Detected non-HTTP/2 connection.
Aug 31, 2026 12:21:09 AM io.gapi.emulators.netty.HttpVersionRoutingHandler channelRead
INFO: Detected non-HTTP/2 connection.
Aug 31, 2026 12:21:09 AM io.gapi.emulators.netty.HttpVersionRoutingHandler channelRead
INFO: Detected non-HTTP/2 connection.
Aug 31, 2026 12:21:09 AM io.gapi.emulators.netty.HttpVersionRoutingHandler channelRead
INFO: Detected non-HTTP/2 connection.
Aug 31, 2026 12:21:09 AM io.gapi.emulators.netty.HttpVersionRoutingHandler channelRead
INFO: Detected non-HTTP/2 connection.
Aug 31, 2026 12:21:09 AM io.gapi.emulators.netty.HttpVersionRoutingHandler channelRead
INFO: Detected non-HTTP/2 connection.
Aug 31, 2026 12:21:09 AM io.gapi.emulators.netty.HttpVersionRoutingHandler channelRead
INFO: Detected non-HTTP/2 connection.
Aug 31, 2026 12:21:09 AM io.netty.channel.AbstractChannel$AbstractUnsafe register
WARNING: Force-closing a channel whose registration task was not accepted by an event loop: [id: 0x5fbf32e2, L:/127.0.0.1:39155 - R:/127.0.0.1:57448]
java.util.concurrent.RejectedExecutionException: event executor terminated
	at io.netty.util.concurrent.SingleThreadEventExecutor.reject(SingleThreadEventExecutor.java:934)
	at io.netty.util.concurrent.SingleThreadEventExecutor.offerTask(SingleThreadEventExecutor.java:353)
	at io.netty.util.concurrent.SingleThreadEventExecutor.addTask(SingleThreadEventExecutor.java:346)
	at io.netty.util.concurrent.SingleThreadEventExecutor.execute(SingleThreadEventExecutor.java:836)
	at io.netty.util.concurrent.SingleThreadEventExecutor.execute0(SingleThreadEventExecutor.java:827)
	at io.netty.util.concurrent.SingleThreadEventExecutor.execute(SingleThreadEventExecutor.java:817)
	at io.netty.channel.AbstractChannel$AbstractUnsafe.register(AbstractChannel.java:482)
	at io.netty.channel.SingleThreadEventLoop.register(SingleThreadEventLoop.java:89)
	at io.netty.channel.SingleThreadEventLoop.register(SingleThreadEventLoop.java:83)
	at io.netty.channel.MultithreadEventLoopGroup.register(MultithreadEventLoopGroup.java:86)
	at io.netty.bootstrap.ServerBootstrap$ServerBootstrapAcceptor.channelRead(ServerBootstrap.java:249)
	at io.netty.channel.AbstractChannelHandlerContext.invokeChannelRead(AbstractChannelHandlerContext.java:444)
	at io.netty.channel.AbstractChannelHandlerContext.invokeChannelRead(AbstractChannelHandlerContext.java:420)
	at io.netty.channel.AbstractChannelHandlerContext.fireChannelRead(AbstractChannelHandlerContext.java:412)
	at io.netty.channel.DefaultChannelPipeline$HeadContext.channelRead(DefaultChannelPipeline.java:1357)
	at io.netty.channel.AbstractChannelHandlerContext.invokeChannelRead(AbstractChannelHandlerContext.java:440)
	at io.netty.channel.AbstractChannelHandlerContext.invokeChannelRead(AbstractChannelHandlerContext.java:420)
	at io.netty.channel.DefaultChannelPipeline.fireChannelRead(DefaultChannelPipeline.java:868)
	at io.netty.channel.nio.AbstractNioMessageChannel$NioMessageUnsafe.read(AbstractNioMessageChannel.java:97)
	at io.netty.channel.nio.NioEventLoop.processSelectedKey(NioEventLoop.java:796)
	at io.netty.channel.nio.NioEventLoop.processSelectedKeysOptimized(NioEventLoop.java:732)
	at io.netty.channel.nio.NioEventLoop.processSelectedKeys(NioEventLoop.java:658)
	at io.netty.channel.nio.NioEventLoop.run(NioEventLoop.java:562)
	at io.netty.util.concurrent.SingleThreadEventExecutor$4.run(SingleThreadEventExecutor.java:998)
	at io.netty.util.internal.ThreadExecutorMap$2.run(ThreadExecutorMap.java:74)
	at io.netty.util.concurrent.FastThreadLocalRunnable.run(FastThreadLocalRunnable.java:30)
	at java.base/java.lang.Thread.run(Thread.java:1583)

Aug 31, 2026 12:21:09 AM io.netty.util.concurrent.DefaultPromise safeExecute
SEVERE: Failed to submit a listener notification task. Event loop shut down?
java.util.concurrent.RejectedExecutionException: event executor terminated
	at io.netty.util.concurrent.SingleThreadEventExecutor.reject(SingleThreadEventExecutor.java:934)
	at io.netty.util.concurrent.SingleThreadEventExecutor.offerTask(SingleThreadEventExecutor.java:353)
	at io.netty.util.concurrent.SingleThreadEventExecutor.addTask(SingleThreadEventExecutor.java:346)
	at io.netty.util.concurrent.SingleThreadEventExecutor.execute(SingleThreadEventExecutor.java:836)
	at io.netty.util.concurrent.SingleThreadEventExecutor.execute0(SingleThreadEventExecutor.java:827)
	at io.netty.util.concurrent.SingleThreadEventExecutor.execute(SingleThreadEventExecutor.java:817)
	at io.netty.util.concurrent.DefaultPromise.safeExecute(DefaultPromise.java:879)
	at io.netty.util.concurrent.DefaultPromise.notifyListeners(DefaultPromise.java:514)
	at io.netty.util.concurrent.DefaultPromise.addListener(DefaultPromise.java:199)
	at io.netty.channel.DefaultChannelPromise.addListener(DefaultChannelPromise.java:95)
	at io.netty.channel.DefaultChannelPromise.addListener(DefaultChannelPromise.java:30)
	at io.netty.bootstrap.ServerBootstrap$ServerBootstrapAcceptor.channelRead(ServerBootstrap.java:249)
	at io.netty.channel.AbstractChannelHandlerContext.invokeChannelRead(AbstractChannelHandlerContext.java:444)
	at io.netty.channel.AbstractChannelHandlerContext.invokeChannelRead(AbstractChannelHandlerContext.java:420)
	at io.netty.channel.AbstractChannelHandlerContext.fireChannelRead(AbstractChannelHandlerContext.java:412)
	at io.netty.channel.DefaultChannelPipeline$HeadContext.channelRead(DefaultChannelPipeline.java:1357)
	at io.netty.channel.AbstractChannelHandlerContext.invokeChannelRead(AbstractChannelHandlerContext.java:440)
	at io.netty.channel.AbstractChannelHandlerContext.invokeChannelRead(AbstractChannelHandlerContext.java:420)
	at io.netty.channel.DefaultChannelPipeline.fireChannelRead(DefaultChannelPipeline.java:868)
	at io.netty.channel.nio.AbstractNioMessageChannel$NioMessageUnsafe.read(AbstractNioMessageChannel.java:97)
	at io.netty.channel.nio.NioEventLoop.processSelectedKey(NioEventLoop.java:796)
	at io.netty.channel.nio.NioEventLoop.processSelectedKeysOptimized(NioEventLoop.java:732)
	at io.netty.channel.nio.NioEventLoop.processSelectedKeys(NioEventLoop.java:658)
	at io.netty.channel.nio.NioEventLoop.run(NioEventLoop.java:562)
	at io.netty.util.concurrent.SingleThreadEventExecutor$4.run(SingleThreadEventExecutor.java:998)
	at io.netty.util.internal.ThreadExecutorMap$2.run(ThreadExecutorMap.java:74)
	at io.netty.util.concurrent.FastThreadLocalRunnable.run(FastThreadLocalRunnable.java:30)
	at java.base/java.lang.Thread.run(Thread.java:1583)

Aug 31, 2026 12:21:09 AM io.gapi.emulators.netty.HttpVersionRoutingHandler channelRead
INFO: Detected non-HTTP/2 connection.
Aug 31, 2026 12:21:09 AM io.gapi.emulators.netty.HttpVersionRoutingHandler channelRead
INFO: Detected non-HTTP/2 connection.
Aug 31, 2026 12:21:09 AM io.gapi.emulators.netty.HttpVersionRoutingHandler channelRead
INFO: Detected non-HTTP/2 connection.
Aug 31, 2026 12:21:10 AM io.gapi.emulators.netty.HttpVersionRoutingHandler channelRead
INFO: Detected non-HTTP/2 connection.
Aug 31, 2026 12:21:10 AM io.gapi.emulators.netty.HttpVersionRoutingHandler channelRead
INFO: Detected non-HTTP/2 connection.
Aug 31, 2026 12:21:14 AM com.google.cloud.datastore.emulator.impl.util.WrappedStreamObserver onError
WARNING: Operation failed: Java heap space: failed reallocation of scalar replaced objects
java.lang.OutOfMemoryError: Java heap space: failed reallocation of scalar replaced objects

Aug 31, 2026 12:21:14 AM io.gapi.emulators.netty.HttpHandler$1 onError
INFO: Exception when handling request: UNKNOWN
Aug 31, 2026 12:21:20 AM com.google.cloud.datastore.emulator.impl.util.WrappedStreamObserver onError
WARNING: Operation failed: Java heap space: failed reallocation of scalar replaced objects
java.lang.OutOfMemoryError: Java heap space: failed reallocation of scalar replaced objects

Aug 31, 2026 12:21:20 AM io.gapi.emulators.netty.HttpHandler$1 onError
INFO: Exception when handling request: UNKNOWN
Aug 31, 2026 12:21:25 AM com.google.cloud.datastore.emulator.impl.util.WrappedStreamObserver onError
WARNING: Operation failed: Java heap space: failed reallocation of scalar replaced objects
java.lang.OutOfMemoryError: Java heap space: failed reallocation of scalar replaced objects

Aug 31, 2026 12:21:25 AM io.gapi.emulators.netty.HttpHandler$1 onError
INFO: Exception when handling request: UNKNOWN
Aug 31, 2026 12:21:30 AM com.google.cloud.datastore.emulator.impl.util.WrappedStreamObserver onError
WARNING: Operation failed: Java heap space: failed reallocation of scalar replaced objects
java.lang.OutOfMemoryError: Java heap space: failed reallocation of scalar replaced objects

Aug 31, 2026 12:21:30 AM io.gapi.emulators.netty.HttpHandler$1 onError
INFO: Exception when handling request: UNKNOWN
Aug 31, 2026 12:21:34 AM io.gapi.emulators.netty.HttpVersionRoutingHandler channelRead
INFO: Detected non-HTTP/2 connection.
Aug 31, 2026 12:21:35 AM com.google.cloud.datastore.emulator.impl.util.WrappedStreamObserver onError
WARNING: Operation failed: Java heap space
java.lang.OutOfMemoryError: Java heap space

Aug 31, 2026 12:21:35 AM io.gapi.emulators.netty.HttpHandler$1 onError
INFO: Exception when handling request: UNKNOWN
Aug 31, 2026 12:21:35 AM io.gapi.emulators.netty.HttpVersionRoutingHandler channelRead
INFO: Detected non-HTTP/2 connection.
Aug 31, 2026 12:21:35 AM io.gapi.emulators.netty.HttpVersionRoutingHandler channelRead
INFO: Detected non-HTTP/2 connection.
Aug 31, 2026 12:21:35 AM io.gapi.emulators.netty.HttpVersionRoutingHandler channelRead
INFO: Detected non-HTTP/2 connection.
Aug 31, 2026 12:21:35 AM io.gapi.emulators.netty.HttpVersionRoutingHandler channelRead
INFO: Detected non-HTTP/2 connection.
Aug 31, 2026 12:21:35 AM io.gapi.emulators.netty.HttpVersionRoutingHandler channelRead
INFO: Detected non-HTTP/2 connection.
Aug 31, 2026 12:21:35 AM io.gapi.emulators.netty.HttpVersionRoutingHandler channelRead
INFO: Detected non-HTTP/2 connection.
Aug 31, 2026 12:21:35 AM io.gapi.emulators.netty.HttpVersionRoutingHandler channelRead
INFO: Detected non-HTTP/2 connection.
Aug 31, 2026 12:21:35 AM io.netty.channel.AbstractChannel$AbstractUnsafe register
WARNING: Force-closing a channel whose registration task was not accepted by an event loop: [id: 0x1d2395f9, L:/127.0.0.1:39155 - R:/127.0.0.1:53638]
java.util.concurrent.RejectedExecutionException: event executor terminated
	at io.netty.util.concurrent.SingleThreadEventExecutor.reject(SingleThreadEventExecutor.java:934)
	at io.netty.util.concurrent.SingleThreadEventExecutor.offerTask(SingleThreadEventExecutor.java:353)
	at io.netty.util.concurrent.SingleThreadEventExecutor.addTask(SingleThreadEventExecutor.java:346)
	at io.netty.util.concurrent.SingleThreadEventExecutor.execute(SingleThreadEventExecutor.java:836)
	at io.netty.util.concurrent.SingleThreadEventExecutor.execute0(SingleThreadEventExecutor.java:827)
	at io.netty.util.concurrent.SingleThreadEventExecutor.execute(SingleThreadEventExecutor.java:817)
	at io.netty.channel.AbstractChannel$AbstractUnsafe.register(AbstractChannel.java:482)
	at io.netty.channel.SingleThreadEventLoop.register(SingleThreadEventLoop.java:89)
	at io.netty.channel.SingleThreadEventLoop.register(SingleThreadEventLoop.java:83)
	at io.netty.channel.MultithreadEventLoopGroup.register(MultithreadEventLoopGroup.java:86)
	at io.netty.bootstrap.ServerBootstrap$ServerBootstrapAcceptor.channelRead(ServerBootstrap.java:249)
	at io.netty.channel.AbstractChannelHandlerContext.invokeChannelRead(AbstractChannelHandlerContext.java:444)
	at io.netty.channel.AbstractChannelHandlerContext.invokeChannelRead(AbstractChannelHandlerContext.java:420)
	at io.netty.channel.AbstractChannelHandlerContext.fireChannelRead(AbstractChannelHandlerContext.java:412)
	at io.netty.channel.DefaultChannelPipeline$HeadContext.channelRead(DefaultChannelPipeline.java:1357)
	at io.netty.channel.AbstractChannelHandlerContext.invokeChannelRead(AbstractChannelHandlerContext.java:440)
	at io.netty.channel.AbstractChannelHandlerContext.invokeChannelRead(AbstractChannelHandlerContext.java:420)
	at io.netty.channel.DefaultChannelPipeline.fireChannelRead(DefaultChannelPipeline.java:868)
	at io.netty.channel.nio.AbstractNioMessageChannel$NioMessageUnsafe.read(AbstractNioMessageChannel.java:97)
	at io.netty.channel.nio.NioEventLoop.processSelectedKey(NioEventLoop.java:796)
	at io.netty.channel.nio.NioEventLoop.processSelectedKeysOptimized(NioEventLoop.java:732)
	at io.netty.channel.nio.NioEventLoop.processSelectedKeys(NioEventLoop.java:658)
	at io.netty.channel.nio.NioEventLoop.run(NioEventLoop.java:562)
	at io.netty.util.concurrent.SingleThreadEventExecutor$4.run(SingleThreadEventExecutor.java:998)
	at io.netty.util.internal.ThreadExecutorMap$2.run(ThreadExecutorMap.java:74)
	at io.netty.util.concurrent.FastThreadLocalRunnable.run(FastThreadLocalRunnable.java:30)
	at java.base/java.lang.Thread.run(Thread.java:1583)

Aug 31, 2026 12:21:35 AM io.netty.util.concurrent.DefaultPromise safeExecute
SEVERE: Failed to submit a listener notification task. Event loop shut down?
java.util.concurrent.RejectedExecutionException: event executor terminated
	at io.netty.util.concurrent.SingleThreadEventExecutor.reject(SingleThreadEventExecutor.java:934)
	at io.netty.util.concurrent.SingleThreadEventExecutor.offerTask(SingleThreadEventExecutor.java:353)
	at io.netty.util.concurrent.SingleThreadEventExecutor.addTask(SingleThreadEventExecutor.java:346)
	at io.netty.util.concurrent.SingleThreadEventExecutor.execute(SingleThreadEventExecutor.java:836)
	at io.netty.util.concurrent.SingleThreadEventExecutor.execute0(SingleThreadEventExecutor.java:827)
	at io.netty.util.concurrent.SingleThreadEventExecutor.execute(SingleThreadEventExecutor.java:817)
	at io.netty.util.concurrent.DefaultPromise.safeExecute(DefaultPromise.java:879)
	at io.netty.util.concurrent.DefaultPromise.notifyListeners(DefaultPromise.java:514)
	at io.netty.util.concurrent.DefaultPromise.addListener(DefaultPromise.java:199)
	at io.netty.channel.DefaultChannelPromise.addListener(DefaultChannelPromise.java:95)
	at io.netty.channel.DefaultChannelPromise.addListener(DefaultChannelPromise.java:30)
	at io.netty.bootstrap.ServerBootstrap$ServerBootstrapAcceptor.channelRead(ServerBootstrap.java:249)
	at io.netty.channel.AbstractChannelHandlerContext.invokeChannelRead(AbstractChannelHandlerContext.java:444)
	at io.netty.channel.AbstractChannelHandlerContext.invokeChannelRead(AbstractChannelHandlerContext.java:420)
	at io.netty.channel.AbstractChannelHandlerContext.fireChannelRead(AbstractChannelHandlerContext.java:412)
	at io.netty.channel.DefaultChannelPipeline$HeadContext.channelRead(DefaultChannelPipeline.java:1357)
	at io.netty.channel.AbstractChannelHandlerContext.invokeChannelRead(AbstractChannelHandlerContext.java:440)
	at io.netty.channel.AbstractChannelHandlerContext.invokeChannelRead(AbstractChannelHandlerContext.java:420)
	at io.netty.channel.DefaultChannelPipeline.fireChannelRead(DefaultChannelPipeline.java:868)
	at io.netty.channel.nio.AbstractNioMessageChannel$NioMessageUnsafe.read(AbstractNioMessageChannel.java:97)
	at io.netty.channel.nio.NioEventLoop.processSelectedKey(NioEventLoop.java:796)
	at io.netty.channel.nio.NioEventLoop.processSelectedKeysOptimized(NioEventLoop.java:732)
	at io.netty.channel.nio.NioEventLoop.processSelectedKeys(NioEventLoop.java:658)
	at io.netty.channel.nio.NioEventLoop.run(NioEventLoop.java:562)
	at io.netty.util.concurrent.SingleThreadEventExecutor$4.run(SingleThreadEventExecutor.java:998)
	at io.netty.util.internal.ThreadExecutorMap$2.run(ThreadExecutorMap.java:74)
	at io.netty.util.concurrent.FastThreadLocalRunnable.run(FastThreadLocalRunnable.java:30)
	at java.base/java.lang.Thread.run(Thread.java:1583)

Aug 31, 2026 12:21:35 AM io.gapi.emulators.netty.HttpVersionRoutingHandler channelRead
INFO: Detected non-HTTP/2 connection.
Aug 31, 2026 12:21:35 AM io.gapi.emulators.netty.HttpVersionRoutingHandler channelRead
INFO: Detected non-HTTP/2 connection.
Aug 31, 2026 12:21:35 AM io.gapi.emulators.netty.HttpVersionRoutingHandler channelRead
INFO: Detected non-HTTP/2 connection.
Aug 31, 2026 12:21:35 AM io.gapi.emulators.netty.HttpVersionRoutingHandler channelRead
INFO: Detected non-HTTP/2 connection.
Aug 31, 2026 12:21:35 AM io.gapi.emulators.netty.HttpVersionRoutingHandler channelRead
INFO: Detected non-HTTP/2 connection.
Aug 31, 2026 12:21:35 AM io.gapi.emulators.netty.HttpVersionRoutingHandler channelRead
INFO: Detected non-HTTP/2 connection.
Aug 31, 2026 12:21:35 AM io.gapi.emulators.netty.HttpVersionRoutingHandler channelRead
INFO: Detected non-HTTP/2 connection.
Aug 31, 2026 12:21:35 AM io.netty.channel.AbstractChannel$AbstractUnsafe register
WARNING: Force-closing a channel whose registration task was not accepted by an event loop: [id: 0x355f00c9, L:/127.0.0.1:39155 - R:/127.0.0.1:53724]
java.util.concurrent.RejectedExecutionException: event executor terminated
	at io.netty.util.concurrent.SingleThreadEventExecutor.reject(SingleThreadEventExecutor.java:934)
	at io.netty.util.concurrent.SingleThreadEventExecutor.offerTask(SingleThreadEventExecutor.java:353)
	at io.netty.util.concurrent.SingleThreadEventExecutor.addTask(SingleThreadEventExecutor.java:346)
	at io.netty.util.concurrent.SingleThreadEventExecutor.execute(SingleThreadEventExecutor.java:836)
	at io.netty.util.concurrent.SingleThreadEventExecutor.execute0(SingleThreadEventExecutor.java:827)
	at io.netty.util.concurrent.SingleThreadEventExecutor.execute(SingleThreadEventExecutor.java:817)
	at io.netty.channel.AbstractChannel$AbstractUnsafe.register(AbstractChannel.java:482)
	at io.netty.channel.SingleThreadEventLoop.register(SingleThreadEventLoop.java:89)
	at io.netty.channel.SingleThreadEventLoop.register(SingleThreadEventLoop.java:83)
	at io.netty.channel.MultithreadEventLoopGroup.register(MultithreadEventLoopGroup.java:86)
	at io.netty.bootstrap.ServerBootstrap$ServerBootstrapAcceptor.channelRead(ServerBootstrap.java:249)
	at io.netty.channel.AbstractChannelHandlerContext.invokeChannelRead(AbstractChannelHandlerContext.java:444)
	at io.netty.channel.AbstractChannelHandlerContext.invokeChannelRead(AbstractChannelHandlerContext.java:420)
	at io.netty.channel.AbstractChannelHandlerContext.fireChannelRead(AbstractChannelHandlerContext.java:412)
	at io.netty.channel.DefaultChannelPipeline$HeadContext.channelRead(DefaultChannelPipeline.java:1357)
	at io.netty.channel.AbstractChannelHandlerContext.invokeChannelRead(AbstractChannelHandlerContext.java:440)
	at io.netty.channel.AbstractChannelHandlerContext.invokeChannelRead(AbstractChannelHandlerContext.java:420)
	at io.netty.channel.DefaultChannelPipeline.fireChannelRead(DefaultChannelPipeline.java:868)
	at io.netty.channel.nio.AbstractNioMessageChannel$NioMessageUnsafe.read(AbstractNioMessageChannel.java:97)
	at io.netty.channel.nio.NioEventLoop.processSelectedKey(NioEventLoop.java:796)
	at io.netty.channel.nio.NioEventLoop.processSelectedKeysOptimized(NioEventLoop.java:732)
	at io.netty.channel.nio.NioEventLoop.processSelectedKeys(NioEventLoop.java:658)
	at io.netty.channel.nio.NioEventLoop.run(NioEventLoop.java:562)
	at io.netty.util.concurrent.SingleThreadEventExecutor$4.run(SingleThreadEventExecutor.java:998)
	at io.netty.util.internal.ThreadExecutorMap$2.run(ThreadExecutorMap.java:74)
	at io.netty.util.concurrent.FastThreadLocalRunnable.run(FastThreadLocalRunnable.java:30)
	at java.base/java.lang.Thread.run(Thread.java:1583)

Aug 31, 2026 12:21:35 AM io.netty.util.concurrent.DefaultPromise safeExecute
SEVERE: Failed to submit a listener notification task. Event loop shut down?
java.util.concurrent.RejectedExecutionException: event executor terminated
	at io.netty.util.concurrent.SingleThreadEventExecutor.reject(SingleThreadEventExecutor.java:934)
	at io.netty.util.concurrent.SingleThreadEventExecutor.offerTask(SingleThreadEventExecutor.java:353)
	at io.netty.util.concurrent.SingleThreadEventExecutor.addTask(SingleThreadEventExecutor.java:346)
	at io.netty.util.concurrent.SingleThreadEventExecutor.execute(SingleThreadEventExecutor.java:836)
	at io.netty.util.concurrent.SingleThreadEventExecutor.execute0(SingleThreadEventExecutor.java:827)
	at io.netty.util.concurrent.SingleThreadEventExecutor.execute(SingleThreadEventExecutor.java:817)
	at io.netty.util.concurrent.DefaultPromise.safeExecute(DefaultPromise.java:879)
	at io.netty.util.concurrent.DefaultPromise.notifyListeners(DefaultPromise.java:514)
	at io.netty.util.concurrent.DefaultPromise.addListener(DefaultPromise.java:199)
	at io.netty.channel.DefaultChannelPromise.addListener(DefaultChannelPromise.java:95)
	at io.netty.channel.DefaultChannelPromise.addListener(DefaultChannelPromise.java:30)
	at io.netty.bootstrap.ServerBootstrap$ServerBootstrapAcceptor.channelRead(ServerBootstrap.java:249)
	at io.netty.channel.AbstractChannelHandlerContext.invokeChannelRead(AbstractChannelHandlerContext.java:444)
	at io.netty.channel.AbstractChannelHandlerContext.invokeChannelRead(AbstractChannelHandlerContext.java:420)
	at io.netty.channel.AbstractChannelHandlerContext.fireChannelRead(AbstractChannelHandlerContext.java:412)
	at io.netty.channel.DefaultChannelPipeline$HeadContext.channelRead(DefaultChannelPipeline.java:1357)
	at io.netty.channel.AbstractChannelHandlerContext.invokeChannelRead(AbstractChannelHandlerContext.java:440)
	at io.netty.channel.AbstractChannelHandlerContext.invokeChannelRead(AbstractChannelHandlerContext.java:420)
	at io.netty.channel.DefaultChannelPipeline.fireChannelRead(DefaultChannelPipeline.java:868)
	at io.netty.channel.nio.AbstractNioMessageChannel$NioMessageUnsafe.read(AbstractNioMessageChannel.java:97)
	at io.netty.channel.nio.NioEventLoop.processSelectedKey(NioEventLoop.java:796)
	at io.netty.channel.nio.NioEventLoop.processSelectedKeysOptimized(NioEventLoop.java:732)
	at io.netty.channel.nio.NioEventLoop.processSelectedKeys(NioEventLoop.java:658)
	at io.netty.channel.nio.NioEventLoop.run(NioEventLoop.java:562)
	at io.netty.util.concurrent.SingleThreadEventExecutor$4.run(SingleThreadEventExecutor.java:998)
	at io.netty.util.internal.ThreadExecutorMap$2.run(ThreadExecutorMap.java:74)
	at io.netty.util.concurrent.FastThreadLocalRunnable.run(FastThreadLocalRunnable.java:30)
	at java.base/java.lang.Thread.run(Thread.java:1583)

Aug 31, 2026 12:21:35 AM io.gapi.emulators.netty.HttpVersionRoutingHandler channelRead
INFO: Detected non-HTTP/2 connection.
Aug 31, 2026 12:21:35 AM io.gapi.emulators.netty.HttpVersionRoutingHandler channelRead
INFO: Detected non-HTTP/2 connection.
Aug 31, 2026 12:21:35 AM io.gapi.emulators.netty.HttpVersionRoutingHandler channelRead
INFO: Detected non-HTTP/2 connection.
Aug 31, 2026 12:21:36 AM io.gapi.emulators.netty.HttpVersionRoutingHandler channelRead
INFO: Detected non-HTTP/2 connection.
Aug 31, 2026 12:21:38 AM io.gapi.emulators.netty.HttpVersionRoutingHandler channelRead
INFO: Detected non-HTTP/2 connection.
Aug 31, 2026 12:21:39 AM io.gapi.emulators.netty.HttpVersionRoutingHandler channelRead
INFO: Detected non-HTTP/2 connection.
Aug 31, 2026 12:21:39 AM io.gapi.emulators.netty.HttpVersionRoutingHandler channelRead
INFO: Detected non-HTTP/2 connection.
Aug 31, 2026 12:21:39 AM io.gapi.emulators.netty.HttpVersionRoutingHandler channelRead
INFO: Detected non-HTTP/2 connection.
Aug 31, 2026 12:21:39 AM io.gapi.emulators.netty.HttpVersionRoutingHandler channelRead
INFO: Detected non-HTTP/2 connection.
Aug 31, 2026 12:21:39 AM io.gapi.emulators.netty.HttpVersionRoutingHandler channelRead
INFO: Detected non-HTTP/2 connection.
Aug 31, 2026 12:21:40 AM io.gapi.emulators.netty.HttpVersionRoutingHandler channelRead
INFO: Detected non-HTTP/2 connection.
Aug 31, 2026 12:21:40 AM io.gapi.emulators.netty.HttpVersionRoutingHandler channelRead
INFO: Detected non-HTTP/2 connection.
Aug 31, 2026 12:21:40 AM io.gapi.emulators.netty.HttpVersionRoutingHandler channelRead
INFO: Detected non-HTTP/2 connection.
Aug 31, 2026 12:21:40 AM io.gapi.emulators.netty.HttpVersionRoutingHandler channelRead
INFO: Detected non-HTTP/2 connection.
Aug 31, 2026 12:21:42 AM io.netty.channel.AbstractChannelHandlerContext invokeExceptionCaught
WARNING: An exception 'java.lang.OutOfMemoryError: Java heap space' [enable DEBUG level for full stacktrace] was thrown by a user handler's exceptionCaught() method while handling the following exception:
java.lang.OutOfMemoryError: Java heap space

Aug 31, 2026 12:21:42 AM io.netty.channel.DefaultChannelPipeline onUnhandledInboundException
WARNING: An exceptionCaught() event was fired, and it reached at the tail of the pipeline. It usually means the last handler in the pipeline did not handle the exception.
java.lang.OutOfMemoryError: Java heap space

Aug 31, 2026 12:21:42 AM io.netty.channel.DefaultChannelPipeline onUnhandledInboundException
WARNING: An exceptionCaught() event was fired, and it reached at the tail of the pipeline. It usually means the last handler in the pipeline did not handle the exception.
java.lang.OutOfMemoryError: Java heap space

Aug 31, 2026 12:21:42 AM com.google.cloud.datastore.emulator.impl.util.WrappedStreamObserver onError
WARNING: Operation failed: Java heap space: failed reallocation of scalar replaced objects
java.lang.OutOfMemoryError: Java heap space: failed reallocation of scalar replaced objects

Aug 31, 2026 12:21:42 AM io.netty.bootstrap.ServerBootstrap$ServerBootstrapAcceptor forceClose
WARNING: Failed to register an accepted channel: [id: 0x3fa244f3, L:/127.0.0.1:39155 ! R:/127.0.0.1:43220]
java.lang.OutOfMemoryError: Java heap space

Aug 31, 2026 12:21:42 AM io.gapi.emulators.netty.HttpVersionRoutingHandler channelRead
INFO: Detected non-HTTP/2 connection.
Aug 31, 2026 12:21:42 AM io.gapi.emulators.netty.HttpVersionRoutingHandler channelRead
INFO: Detected non-HTTP/2 connection.
Aug 31, 2026 12:21:42 AM io.gapi.emulators.netty.HttpHandler$1 onError
INFO: Exception when handling request: UNKNOWN
Exception in thread "idle-timeout-task" java.lang.OutOfMemoryError: Java heap space
Aug 31, 2026 12:21:48 AM com.google.cloud.datastore.emulator.impl.util.WrappedStreamObserver onError
WARNING: Operation failed: Java heap space: failed reallocation of scalar replaced objects
java.lang.OutOfMemoryError: Java heap space: failed reallocation of scalar replaced objects

Aug 31, 2026 12:21:48 AM io.gapi.emulators.netty.HttpHandler$1 onError
INFO: Exception when handling request: UNKNOWN
Aug 31, 2026 12:21:53 AM com.google.cloud.datastore.emulator.impl.util.WrappedStreamObserver onError
WARNING: Operation failed: Java heap space: failed reallocation of scalar replaced objects
java.lang.OutOfMemoryError: Java heap space: failed reallocation of scalar replaced objects

Aug 31, 2026 12:21:58 AM com.google.cloud.datastore.emulator.impl.util.WrappedStreamObserver onError
WARNING: Operation failed: Java heap space: failed reallocation of scalar replaced objects
java.lang.OutOfMemoryError: Java heap space: failed reallocation of scalar replaced objects

Aug 31, 2026 12:22:03 AM com.google.cloud.datastore.emulator.impl.util.WrappedStreamObserver onError
WARNING: Operation failed: Java heap space
java.lang.OutOfMemoryError: Java heap space

Aug 31, 2026 12:22:04 AM io.gapi.emulators.netty.HttpVersionRoutingHandler channelRead
INFO: Detected non-HTTP/2 connection.
Aug 31, 2026 12:22:05 AM io.gapi.emulators.netty.HttpVersionRoutingHandler channelRead
INFO: Detected non-HTTP/2 connection.
Aug 31, 2026 12:22:05 AM io.netty.channel.AbstractChannel$AbstractUnsafe register
WARNING: Force-closing a channel whose registration task was not accepted by an event loop: [id: 0x480eaa69, L:/127.0.0.1:39155 - R:/127.0.0.1:45652]
java.util.concurrent.RejectedExecutionException: event executor terminated
	at io.netty.util.concurrent.SingleThreadEventExecutor.reject(SingleThreadEventExecutor.java:934)
	at io.netty.util.concurrent.SingleThreadEventExecutor.offerTask(SingleThreadEventExecutor.java:353)
	at io.netty.util.concurrent.SingleThreadEventExecutor.addTask(SingleThreadEventExecutor.java:346)
	at io.netty.util.concurrent.SingleThreadEventExecutor.execute(SingleThreadEventExecutor.java:836)
	at io.netty.util.concurrent.SingleThreadEventExecutor.execute0(SingleThreadEventExecutor.java:827)
	at io.netty.util.concurrent.SingleThreadEventExecutor.execute(SingleThreadEventExecutor.java:817)
	at io.netty.channel.AbstractChannel$AbstractUnsafe.register(AbstractChannel.java:482)
	at io.netty.channel.SingleThreadEventLoop.register(SingleThreadEventLoop.java:89)
	at io.netty.channel.SingleThreadEventLoop.register(SingleThreadEventLoop.java:83)
	at io.netty.channel.MultithreadEventLoopGroup.register(MultithreadEventLoopGroup.java:86)
	at io.netty.bootstrap.ServerBootstrap$ServerBootstrapAcceptor.channelRead(ServerBootstrap.java:249)
	at io.netty.channel.AbstractChannelHandlerContext.invokeChannelRead(AbstractChannelHandlerContext.java:444)
	at io.netty.channel.AbstractChannelHandlerContext.invokeChannelRead(AbstractChannelHandlerContext.java:420)
	at io.netty.channel.AbstractChannelHandlerContext.fireChannelRead(AbstractChannelHandlerContext.java:412)
	at io.netty.channel.DefaultChannelPipeline$HeadContext.channelRead(DefaultChannelPipeline.java:1357)
	at io.netty.channel.AbstractChannelHandlerContext.invokeChannelRead(AbstractChannelHandlerContext.java:440)
	at io.netty.channel.AbstractChannelHandlerContext.invokeChannelRead(AbstractChannelHandlerContext.java:420)
	at io.netty.channel.DefaultChannelPipeline.fireChannelRead(DefaultChannelPipeline.java:868)
	at io.netty.channel.nio.AbstractNioMessageChannel$NioMessageUnsafe.read(AbstractNioMessageChannel.java:97)
	at io.netty.channel.nio.NioEventLoop.processSelectedKey(NioEventLoop.java:796)
	at io.netty.channel.nio.NioEventLoop.processSelectedKeysOptimized(NioEventLoop.java:732)
	at io.netty.channel.nio.NioEventLoop.processSelectedKeys(NioEventLoop.java:658)
	at io.netty.channel.nio.NioEventLoop.run(NioEventLoop.java:562)
	at io.netty.util.concurrent.SingleThreadEventExecutor$4.run(SingleThreadEventExecutor.java:998)
	at io.netty.util.internal.ThreadExecutorMap$2.run(ThreadExecutorMap.java:74)
	at io.netty.util.concurrent.FastThreadLocalRunnable.run(FastThreadLocalRunnable.java:30)
	at java.base/java.lang.Thread.run(Thread.java:1583)

Aug 31, 2026 12:22:05 AM io.netty.util.concurrent.DefaultPromise safeExecute
SEVERE: Failed to submit a listener notification task. Event loop shut down?
java.util.concurrent.RejectedExecutionException: event executor terminated
	at io.netty.util.concurrent.SingleThreadEventExecutor.reject(SingleThreadEventExecutor.java:934)
	at io.netty.util.concurrent.SingleThreadEventExecutor.offerTask(SingleThreadEventExecutor.java:353)
	at io.netty.util.concurrent.SingleThreadEventExecutor.addTask(SingleThreadEventExecutor.java:346)
	at io.netty.util.concurrent.SingleThreadEventExecutor.execute(SingleThreadEventExecutor.java:836)
	at io.netty.util.concurrent.SingleThreadEventExecutor.execute0(SingleThreadEventExecutor.java:827)
	at io.netty.util.concurrent.SingleThreadEventExecutor.execute(SingleThreadEventExecutor.java:817)
	at io.netty.util.concurrent.DefaultPromise.safeExecute(DefaultPromise.java:879)
	at io.netty.util.concurrent.DefaultPromise.notifyListeners(DefaultPromise.java:514)
	at io.netty.util.concurrent.DefaultPromise.addListener(DefaultPromise.java:199)
	at io.netty.channel.DefaultChannelPromise.addListener(DefaultChannelPromise.java:95)
	at io.netty.channel.DefaultChannelPromise.addListener(DefaultChannelPromise.java:30)
	at io.netty.bootstrap.ServerBootstrap$ServerBootstrapAcceptor.channelRead(ServerBootstrap.java:249)
	at io.netty.channel.AbstractChannelHandlerContext.invokeChannelRead(AbstractChannelHandlerContext.java:444)
	at io.netty.channel.AbstractChannelHandlerContext.invokeChannelRead(AbstractChannelHandlerContext.java:420)
	at io.netty.channel.AbstractChannelHandlerContext.fireChannelRead(AbstractChannelHandlerContext.java:412)
	at io.netty.channel.DefaultChannelPipeline$HeadContext.channelRead(DefaultChannelPipeline.java:1357)
	at io.netty.channel.AbstractChannelHandlerContext.invokeChannelRead(AbstractChannelHandlerContext.java:440)
	at io.netty.channel.AbstractChannelHandlerContext.invokeChannelRead(AbstractChannelHandlerContext.java:420)
	at io.netty.channel.DefaultChannelPipeline.fireChannelRead(DefaultChannelPipeline.java:868)
	at io.netty.channel.nio.AbstractNioMessageChannel$NioMessageUnsafe.read(AbstractNioMessageChannel.java:97)
	at io.netty.channel.nio.NioEventLoop.processSelectedKey(NioEventLoop.java:796)
	at io.netty.channel.nio.NioEventLoop.processSelectedKeysOptimized(NioEventLoop.java:732)
	at io.netty.channel.nio.NioEventLoop.processSelectedKeys(NioEventLoop.java:658)
	at io.netty.channel.nio.NioEventLoop.run(NioEventLoop.java:562)
	at io.netty.util.concurrent.SingleThreadEventExecutor$4.run(SingleThreadEventExecutor.java:998)
	at io.netty.util.internal.ThreadExecutorMap$2.run(ThreadExecutorMap.java:74)
	at io.netty.util.concurrent.FastThreadLocalRunnable.run(FastThreadLocalRunnable.java:30)
	at java.base/java.lang.Thread.run(Thread.java:1583)

Aug 31, 2026 12:22:05 AM io.gapi.emulators.netty.HttpVersionRoutingHandler channelRead
INFO: Detected non-HTTP/2 connection.
Aug 31, 2026 12:22:05 AM io.gapi.emulators.netty.HttpVersionRoutingHandler channelRead
INFO: Detected non-HTTP/2 connection.
Aug 31, 2026 12:22:05 AM io.gapi.emulators.netty.HttpVersionRoutingHandler channelRead
INFO: Detected non-HTTP/2 connection.
Aug 31, 2026 12:22:05 AM io.gapi.emulators.netty.HttpVersionRoutingHandler channelRead
INFO: Detected non-HTTP/2 connection.
Aug 31, 2026 12:22:05 AM io.gapi.emulators.netty.HttpVersionRoutingHandler channelRead
INFO: Detected non-HTTP/2 connection.
Aug 31, 2026 12:22:05 AM io.gapi.emulators.netty.HttpVersionRoutingHandler channelRead
INFO: Detected non-HTTP/2 connection.
Aug 31, 2026 12:22:05 AM io.gapi.emulators.netty.HttpVersionRoutingHandler channelRead
INFO: Detected non-HTTP/2 connection.
Aug 31, 2026 12:22:05 AM io.gapi.emulators.netty.HttpVersionRoutingHandler channelRead
INFO: Detected non-HTTP/2 connection.
Aug 31, 2026 12:22:05 AM io.gapi.emulators.netty.HttpVersionRoutingHandler channelRead
INFO: Detected non-HTTP/2 connection.
Aug 31, 2026 12:22:05 AM io.gapi.emulators.netty.HttpVersionRoutingHandler channelRead
INFO: Detected non-HTTP/2 connection.
Aug 31, 2026 12:22:05 AM io.gapi.emulators.netty.HttpVersionRoutingHandler channelRead
INFO: Detected non-HTTP/2 connection.
Aug 31, 2026 12:22:05 AM io.netty.channel.AbstractChannel$AbstractUnsafe register
WARNING: Force-closing a channel whose registration task was not accepted by an event loop: [id: 0xf453aab0, L:/127.0.0.1:39155 - R:/127.0.0.1:45812]
java.util.concurrent.RejectedExecutionException: event executor terminated
	at io.netty.util.concurrent.SingleThreadEventExecutor.reject(SingleThreadEventExecutor.java:934)
	at io.netty.util.concurrent.SingleThreadEventExecutor.offerTask(SingleThreadEventExecutor.java:353)
	at io.netty.util.concurrent.SingleThreadEventExecutor.addTask(SingleThreadEventExecutor.java:346)
	at io.netty.util.concurrent.SingleThreadEventExecutor.execute(SingleThreadEventExecutor.java:836)
	at io.netty.util.concurrent.SingleThreadEventExecutor.execute0(SingleThreadEventExecutor.java:827)
	at io.netty.util.concurrent.SingleThreadEventExecutor.execute(SingleThreadEventExecutor.java:817)
	at io.netty.channel.AbstractChannel$AbstractUnsafe.register(AbstractChannel.java:482)
	at io.netty.channel.SingleThreadEventLoop.register(SingleThreadEventLoop.java:89)
	at io.netty.channel.SingleThreadEventLoop.register(SingleThreadEventLoop.java:83)
	at io.netty.channel.MultithreadEventLoopGroup.register(MultithreadEventLoopGroup.java:86)
	at io.netty.bootstrap.ServerBootstrap$ServerBootstrapAcceptor.channelRead(ServerBootstrap.java:249)
	at io.netty.channel.AbstractChannelHandlerContext.invokeChannelRead(AbstractChannelHandlerContext.java:444)
	at io.netty.channel.AbstractChannelHandlerContext.invokeChannelRead(AbstractChannelHandlerContext.java:420)
	at io.netty.channel.AbstractChannelHandlerContext.fireChannelRead(AbstractChannelHandlerContext.java:412)
	at io.netty.channel.DefaultChannelPipeline$HeadContext.channelRead(DefaultChannelPipeline.java:1357)
	at io.netty.channel.AbstractChannelHandlerContext.invokeChannelRead(AbstractChannelHandlerContext.java:440)
	at io.netty.channel.AbstractChannelHandlerContext.invokeChannelRead(AbstractChannelHandlerContext.java:420)
	at io.netty.channel.DefaultChannelPipeline.fireChannelRead(DefaultChannelPipeline.java:868)
	at io.netty.channel.nio.AbstractNioMessageChannel$NioMessageUnsafe.read(AbstractNioMessageChannel.java:97)
	at io.netty.channel.nio.NioEventLoop.processSelectedKey(NioEventLoop.java:796)
	at io.netty.channel.nio.NioEventLoop.processSelectedKeysOptimized(NioEventLoop.java:732)
	at io.netty.channel.nio.NioEventLoop.processSelectedKeys(NioEventLoop.java:658)
	at io.netty.channel.nio.NioEventLoop.run(NioEventLoop.java:562)
	at io.netty.util.concurrent.SingleThreadEventExecutor$4.run(SingleThreadEventExecutor.java:998)
	at io.netty.util.internal.ThreadExecutorMap$2.run(ThreadExecutorMap.java:74)
	at io.netty.util.concurrent.FastThreadLocalRunnable.run(FastThreadLocalRunnable.java:30)
	at java.base/java.lang.Thread.run(Thread.java:1583)

Aug 31, 2026 12:22:05 AM io.gapi.emulators.netty.HttpVersionRoutingHandler channelRead
INFO: Detected non-HTTP/2 connection.
Aug 31, 2026 12:22:05 AM io.gapi.emulators.netty.HttpVersionRoutingHandler channelRead
INFO: Detected non-HTTP/2 connection.
Aug 31, 2026 12:22:05 AM io.gapi.emulators.netty.HttpVersionRoutingHandler channelRead
INFO: Detected non-HTTP/2 connection.
Aug 31, 2026 12:22:05 AM io.netty.util.concurrent.DefaultPromise safeExecute
SEVERE: Failed to submit a listener notification task. Event loop shut down?
java.util.concurrent.RejectedExecutionException: event executor terminated
	at io.netty.util.concurrent.SingleThreadEventExecutor.reject(SingleThreadEventExecutor.java:934)
	at io.netty.util.concurrent.SingleThreadEventExecutor.offerTask(SingleThreadEventExecutor.java:353)
	at io.netty.util.concurrent.SingleThreadEventExecutor.addTask(SingleThreadEventExecutor.java:346)
	at io.netty.util.concurrent.SingleThreadEventExecutor.execute(SingleThreadEventExecutor.java:836)
	at io.netty.util.concurrent.SingleThreadEventExecutor.execute0(SingleThreadEventExecutor.java:827)
	at io.netty.util.concurrent.SingleThreadEventExecutor.execute(SingleThreadEventExecutor.java:817)
	at io.netty.util.concurrent.DefaultPromise.safeExecute(DefaultPromise.java:879)
	at io.netty.util.concurrent.DefaultPromise.notifyListeners(DefaultPromise.java:514)
	at io.netty.util.concurrent.DefaultPromise.addListener(DefaultPromise.java:199)
	at io.netty.channel.DefaultChannelPromise.addListener(DefaultChannelPromise.java:95)
	at io.netty.channel.DefaultChannelPromise.addListener(DefaultChannelPromise.java:30)
	at io.netty.bootstrap.ServerBootstrap$ServerBootstrapAcceptor.channelRead(ServerBootstrap.java:249)
	at io.netty.channel.AbstractChannelHandlerContext.invokeChannelRead(AbstractChannelHandlerContext.java:444)
	at io.netty.channel.AbstractChannelHandlerContext.invokeChannelRead(AbstractChannelHandlerContext.java:420)
	at io.netty.channel.AbstractChannelHandlerContext.fireChannelRead(AbstractChannelHandlerContext.java:412)
	at io.netty.channel.DefaultChannelPipeline$HeadContext.channelRead(DefaultChannelPipeline.java:1357)
	at io.netty.channel.AbstractChannelHandlerContext.invokeChannelRead(AbstractChannelHandlerContext.java:440)
	at io.netty.channel.AbstractChannelHandlerContext.invokeChannelRead(AbstractChannelHandlerContext.java:420)
	at io.netty.channel.DefaultChannelPipeline.fireChannelRead(DefaultChannelPipeline.java:868)
	at io.netty.channel.nio.AbstractNioMessageChannel$NioMessageUnsafe.read(AbstractNioMessageChannel.java:97)
	at io.netty.channel.nio.NioEventLoop.processSelectedKey(NioEventLoop.java:796)
	at io.netty.channel.nio.NioEventLoop.processSelectedKeysOptimized(NioEventLoop.java:732)
	at io.netty.channel.nio.NioEventLoop.processSelectedKeys(NioEventLoop.java:658)
	at io.netty.channel.nio.NioEventLoop.run(NioEventLoop.java:562)
	at io.netty.util.concurrent.SingleThreadEventExecutor$4.run(SingleThreadEventExecutor.java:998)
	at io.netty.util.internal.ThreadExecutorMap$2.run(ThreadExecutorMap.java:74)
	at io.netty.util.concurrent.FastThreadLocalRunnable.run(FastThreadLocalRunnable.java:30)
	at java.base/java.lang.Thread.run(Thread.java:1583)

Aug 31, 2026 12:22:05 AM io.gapi.emulators.netty.HttpVersionRoutingHandler channelRead
INFO: Detected non-HTTP/2 connection.
Aug 31, 2026 12:22:05 AM io.gapi.emulators.netty.HttpVersionRoutingHandler channelRead
INFO: Detected non-HTTP/2 connection.
Aug 31, 2026 12:22:06 AM io.gapi.emulators.netty.HttpVersionRoutingHandler channelRead
INFO: Detected non-HTTP/2 connection.
Aug 31, 2026 12:22:08 AM io.gapi.emulators.netty.HttpVersionRoutingHandler channelRead
INFO: Detected non-HTTP/2 connection.
Aug 31, 2026 12:22:09 AM io.netty.util.concurrent.SingleThreadEventExecutor$4 run
WARNING: Unexpected exception from an event executor: 
java.lang.OutOfMemoryError: Java heap space

Aug 31, 2026 12:22:09 AM com.google.cloud.datastore.emulator.impl.util.WrappedStreamObserver onError
WARNING: Operation failed: Java heap space: failed reallocation of scalar replaced objects
java.lang.OutOfMemoryError: Java heap space: failed reallocation of scalar replaced objects

Aug 31, 2026 12:22:09 AM io.gapi.emulators.netty.HttpVersionRoutingHandler channelRead
INFO: Detected non-HTTP/2 connection.
Aug 31, 2026 12:22:09 AM io.gapi.emulators.netty.HttpVersionRoutingHandler channelRead
INFO: Detected non-HTTP/2 connection.
Aug 31, 2026 12:22:09 AM io.gapi.emulators.netty.HttpVersionRoutingHandler channelRead
INFO: Detected non-HTTP/2 connection.
Aug 31, 2026 12:22:09 AM io.gapi.emulators.netty.HttpVersionRoutingHandler channelRead
INFO: Detected non-HTTP/2 connection.
Aug 31, 2026 12:22:09 AM io.netty.channel.AbstractChannel$AbstractUnsafe register
WARNING: Force-closing a channel whose registration task was not accepted by an event loop: [id: 0xdfb4ccf7, L:/127.0.0.1:39155 - R:/127.0.0.1:37822]
java.util.concurrent.RejectedExecutionException: event executor terminated
	at io.netty.util.concurrent.SingleThreadEventExecutor.reject(SingleThreadEventExecutor.java:934)
	at io.netty.util.concurrent.SingleThreadEventExecutor.offerTask(SingleThreadEventExecutor.java:353)
	at io.netty.util.concurrent.SingleThreadEventExecutor.addTask(SingleThreadEventExecutor.java:346)
	at io.netty.util.concurrent.SingleThreadEventExecutor.execute(SingleThreadEventExecutor.java:836)
	at io.netty.util.concurrent.SingleThreadEventExecutor.execute0(SingleThreadEventExecutor.java:827)
	at io.netty.util.concurrent.SingleThreadEventExecutor.execute(SingleThreadEventExecutor.java:817)
	at io.netty.channel.AbstractChannel$AbstractUnsafe.register(AbstractChannel.java:482)
	at io.netty.channel.SingleThreadEventLoop.register(SingleThreadEventLoop.java:89)
	at io.netty.channel.SingleThreadEventLoop.register(SingleThreadEventLoop.java:83)
	at io.netty.channel.MultithreadEventLoopGroup.register(MultithreadEventLoopGroup.java:86)
	at io.netty.bootstrap.ServerBootstrap$ServerBootstrapAcceptor.channelRead(ServerBootstrap.java:249)
	at io.netty.channel.AbstractChannelHandlerContext.invokeChannelRead(AbstractChannelHandlerContext.java:444)
	at io.netty.channel.AbstractChannelHandlerContext.invokeChannelRead(AbstractChannelHandlerContext.java:420)
	at io.netty.channel.AbstractChannelHandlerContext.fireChannelRead(AbstractChannelHandlerContext.java:412)
	at io.netty.channel.DefaultChannelPipeline$HeadContext.channelRead(DefaultChannelPipeline.java:1357)
	at io.netty.channel.AbstractChannelHandlerContext.invokeChannelRead(AbstractChannelHandlerContext.java:440)
	at io.netty.channel.AbstractChannelHandlerContext.invokeChannelRead(AbstractChannelHandlerContext.java:420)
	at io.netty.channel.DefaultChannelPipeline.fireChannelRead(DefaultChannelPipeline.java:868)
	at io.netty.channel.nio.AbstractNioMessageChannel$NioMessageUnsafe.read(AbstractNioMessageChannel.java:97)
	at io.netty.channel.nio.NioEventLoop.processSelectedKey(NioEventLoop.java:796)
	at io.netty.channel.nio.NioEventLoop.processSelectedKeysOptimized(NioEventLoop.java:732)
	at io.netty.channel.nio.NioEventLoop.processSelectedKeys(NioEventLoop.java:658)
	at io.netty.channel.nio.NioEventLoop.run(NioEventLoop.java:562)
	at io.netty.util.concurrent.SingleThreadEventExecutor$4.run(SingleThreadEventExecutor.java:998)
	at io.netty.util.internal.ThreadExecutorMap$2.run(ThreadExecutorMap.java:74)
	at io.netty.util.concurrent.FastThreadLocalRunnable.run(FastThreadLocalRunnable.java:30)
	at java.base/java.lang.Thread.run(Thread.java:1583)

Aug 31, 2026 12:22:09 AM io.netty.util.concurrent.DefaultPromise safeExecute
SEVERE: Failed to submit a listener notification task. Event loop shut down?
java.util.concurrent.RejectedExecutionException: event executor terminated
	at io.netty.util.concurrent.SingleThreadEventExecutor.reject(SingleThreadEventExecutor.java:934)
	at io.netty.util.concurrent.SingleThreadEventExecutor.offerTask(SingleThreadEventExecutor.java:353)
	at io.netty.util.concurrent.SingleThreadEventExecutor.addTask(SingleThreadEventExecutor.java:346)
	at io.netty.util.concurrent.SingleThreadEventExecutor.execute(SingleThreadEventExecutor.java:836)
	at io.netty.util.concurrent.SingleThreadEventExecutor.execute0(SingleThreadEventExecutor.java:827)
	at io.netty.util.concurrent.SingleThreadEventExecutor.execute(SingleThreadEventExecutor.java:817)
	at io.netty.util.concurrent.DefaultPromise.safeExecute(DefaultPromise.java:879)
	at io.netty.util.concurrent.DefaultPromise.notifyListeners(DefaultPromise.java:514)
	at io.netty.util.concurrent.DefaultPromise.addListener(DefaultPromise.java:199)
	at io.netty.channel.DefaultChannelPromise.addListener(DefaultChannelPromise.java:95)
	at io.netty.channel.DefaultChannelPromise.addListener(DefaultChannelPromise.java:30)
	at io.netty.bootstrap.ServerBootstrap$ServerBootstrapAcceptor.channelRead(ServerBootstrap.java:249)
	at io.netty.channel.AbstractChannelHandlerContext.invokeChannelRead(AbstractChannelHandlerContext.java:444)
	at io.netty.channel.AbstractChannelHandlerContext.invokeChannelRead(AbstractChannelHandlerContext.java:420)
	at io.netty.channel.AbstractChannelHandlerContext.fireChannelRead(AbstractChannelHandlerContext.java:412)
	at io.netty.channel.DefaultChannelPipeline$HeadContext.channelRead(DefaultChannelPipeline.java:1357)
	at io.netty.channel.AbstractChannelHandlerContext.invokeChannelRead(AbstractChannelHandlerContext.java:440)
	at io.netty.channel.AbstractChannelHandlerContext.invokeChannelRead(AbstractChannelHandlerContext.java:420)
	at io.netty.channel.DefaultChannelPipeline.fireChannelRead(DefaultChannelPipeline.java:868)
	at io.netty.channel.nio.AbstractNioMessageChannel$NioMessageUnsafe.read(AbstractNioMessageChannel.java:97)
	at io.netty.channel.nio.NioEventLoop.processSelectedKey(NioEventLoop.java:796)
	at io.netty.channel.nio.NioEventLoop.processSelectedKeysOptimized(NioEventLoop.java:732)
	at io.netty.channel.nio.NioEventLoop.processSelectedKeys(NioEventLoop.java:658)
	at io.netty.channel.nio.NioEventLoop.run(NioEventLoop.java:562)
	at io.netty.util.concurrent.SingleThreadEventExecutor$4.run(SingleThreadEventExecutor.java:998)
	at io.netty.util.internal.ThreadExecutorMap$2.run(ThreadExecutorMap.java:74)
	at io.netty.util.concurrent.FastThreadLocalRunnable.run(FastThreadLocalRunnable.java:30)
	at java.base/java.lang.Thread.run(Thread.java:1583)

Aug 31, 2026 12:22:09 AM io.gapi.emulators.netty.HttpVersionRoutingHandler channelRead
INFO: Detected non-HTTP/2 connection.
Aug 31, 2026 12:22:09 AM io.gapi.emulators.netty.HttpVersionRoutingHandler channelRead
INFO: Detected non-HTTP/2 connection.
Aug 31, 2026 12:22:09 AM io.gapi.emulators.netty.HttpVersionRoutingHandler channelRead
INFO: Detected non-HTTP/2 connection.
Aug 31, 2026 12:22:09 AM io.gapi.emulators.netty.HttpVersionRoutingHandler channelRead
INFO: Detected non-HTTP/2 connection.
Aug 31, 2026 12:22:09 AM io.gapi.emulators.netty.HttpVersionRoutingHandler channelRead
INFO: Detected non-HTTP/2 connection.
Aug 31, 2026 12:22:09 AM io.gapi.emulators.netty.HttpVersionRoutingHandler channelRead
INFO: Detected non-HTTP/2 connection.
Aug 31, 2026 12:22:10 AM io.gapi.emulators.netty.HttpVersionRoutingHandler channelRead
INFO: Detected non-HTTP/2 connection.
Aug 31, 2026 12:22:11 AM io.gapi.emulators.netty.HttpVersionRoutingHandler channelRead
INFO: Detected non-HTTP/2 connection.
Aug 31, 2026 12:22:15 AM com.google.cloud.datastore.emulator.impl.util.WrappedStreamObserver onError
WARNING: Operation failed: Java heap space: failed reallocation of scalar replaced objects
java.lang.OutOfMemoryError: Java heap space: failed reallocation of scalar replaced objects

Aug 31, 2026 12:22:19 AM com.google.cloud.datastore.emulator.impl.util.WrappedStreamObserver onError
WARNING: Operation failed: Java heap space
java.lang.OutOfMemoryError: Java heap space

Aug 31, 2026 12:22:24 AM com.google.cloud.datastore.emulator.impl.util.WrappedStreamObserver onError
WARNING: Operation failed: Java heap space
java.lang.OutOfMemoryError: Java heap space

Aug 31, 2026 12:22:30 AM com.google.cloud.datastore.emulator.impl.util.WrappedStreamObserver onError
WARNING: Operation failed: Java heap space: failed reallocation of scalar replaced objects
java.lang.OutOfMemoryError: Java heap space: failed reallocation of scalar replaced objects

Aug 31, 2026 12:22:35 AM io.gapi.emulators.netty.HttpVersionRoutingHandler channelRead
INFO: Detected non-HTTP/2 connection.
Aug 31, 2026 12:22:35 AM io.netty.channel.AbstractChannel$AbstractUnsafe register
WARNING: Force-closing a channel whose registration task was not accepted by an event loop: [id: 0x7de9a92e, L:/127.0.0.1:39155 - R:/127.0.0.1:51134]
java.util.concurrent.RejectedExecutionException: event executor terminated
	at io.netty.util.concurrent.SingleThreadEventExecutor.reject(SingleThreadEventExecutor.java:934)
	at io.netty.util.concurrent.SingleThreadEventExecutor.offerTask(SingleThreadEventExecutor.java:353)
	at io.netty.util.concurrent.SingleThreadEventExecutor.addTask(SingleThreadEventExecutor.java:346)
	at io.netty.util.concurrent.SingleThreadEventExecutor.execute(SingleThreadEventExecutor.java:836)
	at io.netty.util.concurrent.SingleThreadEventExecutor.execute0(SingleThreadEventExecutor.java:827)
	at io.netty.util.concurrent.SingleThreadEventExecutor.execute(SingleThreadEventExecutor.java:817)
	at io.netty.channel.AbstractChannel$AbstractUnsafe.register(AbstractChannel.java:482)
	at io.netty.channel.SingleThreadEventLoop.register(SingleThreadEventLoop.java:89)
	at io.netty.channel.SingleThreadEventLoop.register(SingleThreadEventLoop.java:83)
	at io.netty.channel.MultithreadEventLoopGroup.register(MultithreadEventLoopGroup.java:86)
	at io.netty.bootstrap.ServerBootstrap$ServerBootstrapAcceptor.channelRead(ServerBootstrap.java:249)
	at io.netty.channel.AbstractChannelHandlerContext.invokeChannelRead(AbstractChannelHandlerContext.java:444)
	at io.netty.channel.AbstractChannelHandlerContext.invokeChannelRead(AbstractChannelHandlerContext.java:420)
	at io.netty.channel.AbstractChannelHandlerContext.fireChannelRead(AbstractChannelHandlerContext.java:412)
	at io.netty.channel.DefaultChannelPipeline$HeadContext.channelRead(DefaultChannelPipeline.java:1357)
	at io.netty.channel.AbstractChannelHandlerContext.invokeChannelRead(AbstractChannelHandlerContext.java:440)
	at io.netty.channel.AbstractChannelHandlerContext.invokeChannelRead(AbstractChannelHandlerContext.java:420)
	at io.netty.channel.DefaultChannelPipeline.fireChannelRead(DefaultChannelPipeline.java:868)
	at io.netty.channel.nio.AbstractNioMessageChannel$NioMessageUnsafe.read(AbstractNioMessageChannel.java:97)
	at io.netty.channel.nio.NioEventLoop.processSelectedKey(NioEventLoop.java:796)
	at io.netty.channel.nio.NioEventLoop.processSelectedKeysOptimized(NioEventLoop.java:732)
	at io.netty.channel.nio.NioEventLoop.processSelectedKeys(NioEventLoop.java:658)
	at io.netty.channel.nio.NioEventLoop.run(NioEventLoop.java:562)
	at io.netty.util.concurrent.SingleThreadEventExecutor$4.run(SingleThreadEventExecutor.java:998)
	at io.netty.util.internal.ThreadExecutorMap$2.run(ThreadExecutorMap.java:74)
	at io.netty.util.concurrent.FastThreadLocalRunnable.run(FastThreadLocalRunnable.java:30)
	at java.base/java.lang.Thread.run(Thread.java:1583)

Aug 31, 2026 12:22:35 AM io.gapi.emulators.netty.HttpVersionRoutingHandler channelRead
INFO: Detected non-HTTP/2 connection.
Aug 31, 2026 12:22:35 AM com.google.cloud.datastore.emulator.impl.util.WrappedStreamObserver onError
WARNING: Operation failed: Java heap space: failed reallocation of scalar replaced objects
java.lang.OutOfMemoryError: Java heap space: failed reallocation of scalar replaced objects

Aug 31, 2026 12:22:35 AM io.netty.channel.ChannelInitializer exceptionCaught
WARNING: Failed to initialize a channel. Closing: [id: 0x3316fb03, L:/127.0.0.1:39155 - R:/127.0.0.1:51098]
java.lang.OutOfMemoryError: Java heap space

Aug 31, 2026 12:22:35 AM io.netty.util.concurrent.DefaultPromise safeExecute
SEVERE: Failed to submit a listener notification task. Event loop shut down?
java.util.concurrent.RejectedExecutionException: event executor terminated
	at io.netty.util.concurrent.SingleThreadEventExecutor.reject(SingleThreadEventExecutor.java:934)
	at io.netty.util.concurrent.SingleThreadEventExecutor.offerTask(SingleThreadEventExecutor.java:353)
	at io.netty.util.concurrent.SingleThreadEventExecutor.addTask(SingleThreadEventExecutor.java:346)
	at io.netty.util.concurrent.SingleThreadEventExecutor.execute(SingleThreadEventExecutor.java:836)
	at io.netty.util.concurrent.SingleThreadEventExecutor.execute0(SingleThreadEventExecutor.java:827)
	at io.netty.util.concurrent.SingleThreadEventExecutor.execute(SingleThreadEventExecutor.java:817)
	at io.netty.util.concurrent.DefaultPromise.safeExecute(DefaultPromise.java:879)
	at io.netty.util.concurrent.DefaultPromise.notifyListeners(DefaultPromise.java:514)
	at io.netty.util.concurrent.DefaultPromise.addListener(DefaultPromise.java:199)
	at io.netty.channel.DefaultChannelPromise.addListener(DefaultChannelPromise.java:95)
	at io.netty.channel.DefaultChannelPromise.addListener(DefaultChannelPromise.java:30)
	at io.netty.bootstrap.ServerBootstrap$ServerBootstrapAcceptor.channelRead(ServerBootstrap.java:249)
	at io.netty.channel.AbstractChannelHandlerContext.invokeChannelRead(AbstractChannelHandlerContext.java:444)
	at io.netty.channel.AbstractChannelHandlerContext.invokeChannelRead(AbstractChannelHandlerContext.java:420)
	at io.netty.channel.AbstractChannelHandlerContext.fireChannelRead(AbstractChannelHandlerContext.java:412)
	at io.netty.channel.DefaultChannelPipeline$HeadContext.channelRead(DefaultChannelPipeline.java:1357)
	at io.netty.channel.AbstractChannelHandlerContext.invokeChannelRead(AbstractChannelHandlerContext.java:440)
	at io.netty.channel.AbstractChannelHandlerContext.invokeChannelRead(AbstractChannelHandlerContext.java:420)
	at io.netty.channel.DefaultChannelPipeline.fireChannelRead(DefaultChannelPipeline.java:868)
	at io.netty.channel.nio.AbstractNioMessageChannel$NioMessageUnsafe.read(AbstractNioMessageChannel.java:97)
	at io.netty.channel.nio.NioEventLoop.processSelectedKey(NioEventLoop.java:796)
	at io.netty.channel.nio.NioEventLoop.processSelectedKeysOptimized(NioEventLoop.java:732)
	at io.netty.channel.nio.NioEventLoop.processSelectedKeys(NioEventLoop.java:658)
	at io.netty.channel.nio.NioEventLoop.run(NioEventLoop.java:562)
	at io.netty.util.concurrent.SingleThreadEventExecutor$4.run(SingleThreadEventExecutor.java:998)
	at io.netty.util.internal.ThreadExecutorMap$2.run(ThreadExecutorMap.java:74)
	at io.netty.util.concurrent.FastThreadLocalRunnable.run(FastThreadLocalRunnable.java:30)
	at java.base/java.lang.Thread.run(Thread.java:1583)

Aug 31, 2026 12:22:35 AM io.netty.channel.AbstractChannel$AbstractUnsafe register
WARNING: Force-closing a channel whose registration task was not accepted by an event loop: [id: 0xb205e11b, L:/127.0.0.1:39155 - R:/127.0.0.1:51166]
java.util.concurrent.RejectedExecutionException: event executor terminated
	at io.netty.util.concurrent.SingleThreadEventExecutor.reject(SingleThreadEventExecutor.java:934)
	at io.netty.util.concurrent.SingleThreadEventExecutor.offerTask(SingleThreadEventExecutor.java:353)
	at io.netty.util.concurrent.SingleThreadEventExecutor.addTask(SingleThreadEventExecutor.java:346)
	at io.netty.util.concurrent.SingleThreadEventExecutor.execute(SingleThreadEventExecutor.java:836)
	at io.netty.util.concurrent.SingleThreadEventExecutor.execute0(SingleThreadEventExecutor.java:827)
	at io.netty.util.concurrent.SingleThreadEventExecutor.execute(SingleThreadEventExecutor.java:817)
	at io.netty.channel.AbstractChannel$AbstractUnsafe.register(AbstractChannel.java:482)
	at io.netty.channel.SingleThreadEventLoop.register(SingleThreadEventLoop.java:89)
	at io.netty.channel.SingleThreadEventLoop.register(SingleThreadEventLoop.java:83)
	at io.netty.channel.MultithreadEventLoopGroup.register(MultithreadEventLoopGroup.java:86)
	at io.netty.bootstrap.ServerBootstrap$ServerBootstrapAcceptor.channelRead(ServerBootstrap.java:249)
	at io.netty.channel.AbstractChannelHandlerContext.invokeChannelRead(AbstractChannelHandlerContext.java:444)
	at io.netty.channel.AbstractChannelHandlerContext.invokeChannelRead(AbstractChannelHandlerContext.java:420)
	at io.netty.channel.AbstractChannelHandlerContext.fireChannelRead(AbstractChannelHandlerContext.java:412)
	at io.netty.channel.DefaultChannelPipeline$HeadContext.channelRead(DefaultChannelPipeline.java:1357)
	at io.netty.channel.AbstractChannelHandlerContext.invokeChannelRead(AbstractChannelHandlerContext.java:440)
	at io.netty.channel.AbstractChannelHandlerContext.invokeChannelRead(AbstractChannelHandlerContext.java:420)
	at io.netty.channel.DefaultChannelPipeline.fireChannelRead(DefaultChannelPipeline.java:868)
	at io.netty.channel.nio.AbstractNioMessageChannel$NioMessageUnsafe.read(AbstractNioMessageChannel.java:97)
	at io.netty.channel.nio.NioEventLoop.processSelectedKey(NioEventLoop.java:796)
	at io.netty.channel.nio.NioEventLoop.processSelectedKeysOptimized(NioEventLoop.java:732)
	at io.netty.channel.nio.NioEventLoop.processSelectedKeys(NioEventLoop.java:658)
	at io.netty.channel.nio.NioEventLoop.run(NioEventLoop.java:562)
	at io.netty.util.concurrent.SingleThreadEventExecutor$4.run(SingleThreadEventExecutor.java:998)
	at io.netty.util.internal.ThreadExecutorMap$2.run(ThreadExecutorMap.java:74)
	at io.netty.util.concurrent.FastThreadLocalRunnable.run(FastThreadLocalRunnable.java:30)
	at java.base/java.lang.Thread.run(Thread.java:1583)

Aug 31, 2026 12:22:35 AM io.netty.util.concurrent.DefaultPromise safeExecute
SEVERE: Failed to submit a listener notification task. Event loop shut down?
java.util.concurrent.RejectedExecutionException: event executor terminated
	at io.netty.util.concurrent.SingleThreadEventExecutor.reject(SingleThreadEventExecutor.java:934)
	at io.netty.util.concurrent.SingleThreadEventExecutor.offerTask(SingleThreadEventExecutor.java:353)
	at io.netty.util.concurrent.SingleThreadEventExecutor.addTask(SingleThreadEventExecutor.java:346)
	at io.netty.util.concurrent.SingleThreadEventExecutor.execute(SingleThreadEventExecutor.java:836)
	at io.netty.util.concurrent.SingleThreadEventExecutor.execute0(SingleThreadEventExecutor.java:827)
	at io.netty.util.concurrent.SingleThreadEventExecutor.execute(SingleThreadEventExecutor.java:817)
	at io.netty.util.concurrent.DefaultPromise.safeExecute(DefaultPromise.java:879)
	at io.netty.util.concurrent.DefaultPromise.notifyListeners(DefaultPromise.java:514)
	at io.netty.util.concurrent.DefaultPromise.addListener(DefaultPromise.java:199)
	at io.netty.channel.DefaultChannelPromise.addListener(DefaultChannelPromise.java:95)
	at io.netty.channel.DefaultChannelPromise.addListener(DefaultChannelPromise.java:30)
	at io.netty.bootstrap.ServerBootstrap$ServerBootstrapAcceptor.channelRead(ServerBootstrap.java:249)
	at io.netty.channel.AbstractChannelHandlerContext.invokeChannelRead(AbstractChannelHandlerContext.java:444)
	at io.netty.channel.AbstractChannelHandlerContext.invokeChannelRead(AbstractChannelHandlerContext.java:420)
	at io.netty.channel.AbstractChannelHandlerContext.fireChannelRead(AbstractChannelHandlerContext.java:412)
	at io.netty.channel.DefaultChannelPipeline$HeadContext.channelRead(DefaultChannelPipeline.java:1357)
	at io.netty.channel.AbstractChannelHandlerContext.invokeChannelRead(AbstractChannelHandlerContext.java:440)
	at io.netty.channel.AbstractChannelHandlerContext.invokeChannelRead(AbstractChannelHandlerContext.java:420)
	at io.netty.channel.DefaultChannelPipeline.fireChannelRead(DefaultChannelPipeline.java:868)
	at io.netty.channel.nio.AbstractNioMessageChannel$NioMessageUnsafe.read(AbstractNioMessageChannel.java:97)
	at io.netty.channel.nio.NioEventLoop.processSelectedKey(NioEventLoop.java:796)
	at io.netty.channel.nio.NioEventLoop.processSelectedKeysOptimized(NioEventLoop.java:732)
	at io.netty.channel.nio.NioEventLoop.processSelectedKeys(NioEventLoop.java:658)
	at io.netty.channel.nio.NioEventLoop.run(NioEventLoop.java:562)
	at io.netty.util.concurrent.SingleThreadEventExecutor$4.run(SingleThreadEventExecutor.java:998)
	at io.netty.util.internal.ThreadExecutorMap$2.run(ThreadExecutorMap.java:74)
	at io.netty.util.concurrent.FastThreadLocalRunnable.run(FastThreadLocalRunnable.java:30)
	at java.base/java.lang.Thread.run(Thread.java:1583)

Aug 31, 2026 12:22:35 AM io.gapi.emulators.netty.HttpVersionRoutingHandler channelRead
INFO: Detected non-HTTP/2 connection.
Aug 31, 2026 12:22:35 AM io.gapi.emulators.netty.HttpVersionRoutingHandler channelRead
INFO: Detected non-HTTP/2 connection.
Aug 31, 2026 12:22:35 AM io.gapi.emulators.netty.HttpVersionRoutingHandler channelRead
INFO: Detected non-HTTP/2 connection.
Aug 31, 2026 12:22:35 AM io.gapi.emulators.netty.HttpVersionRoutingHandler channelRead
INFO: Detected non-HTTP/2 connection.
Aug 31, 2026 12:22:35 AM io.gapi.emulators.netty.HttpVersionRoutingHandler channelRead
INFO: Detected non-HTTP/2 connection.
Aug 31, 2026 12:22:35 AM io.netty.channel.AbstractChannel$AbstractUnsafe register
WARNING: Force-closing a channel whose registration task was not accepted by an event loop: [id: 0xa1c7bbc5, L:/127.0.0.1:39155 - R:/127.0.0.1:51242]
java.util.concurrent.RejectedExecutionException: event executor terminated
	at io.netty.util.concurrent.SingleThreadEventExecutor.reject(SingleThreadEventExecutor.java:934)
	at io.netty.util.concurrent.SingleThreadEventExecutor.offerTask(SingleThreadEventExecutor.java:353)
	at io.netty.util.concurrent.SingleThreadEventExecutor.addTask(SingleThreadEventExecutor.java:346)
	at io.netty.util.concurrent.SingleThreadEventExecutor.execute(SingleThreadEventExecutor.java:836)
	at io.netty.util.concurrent.SingleThreadEventExecutor.execute0(SingleThreadEventExecutor.java:827)
	at io.netty.util.concurrent.SingleThreadEventExecutor.execute(SingleThreadEventExecutor.java:817)
	at io.netty.channel.AbstractChannel$AbstractUnsafe.register(AbstractChannel.java:482)
	at io.netty.channel.SingleThreadEventLoop.register(SingleThreadEventLoop.java:89)
	at io.netty.channel.SingleThreadEventLoop.register(SingleThreadEventLoop.java:83)
	at io.netty.channel.MultithreadEventLoopGroup.register(MultithreadEventLoopGroup.java:86)
	at io.netty.bootstrap.ServerBootstrap$ServerBootstrapAcceptor.channelRead(ServerBootstrap.java:249)
	at io.netty.channel.AbstractChannelHandlerContext.invokeChannelRead(AbstractChannelHandlerContext.java:444)
	at io.netty.channel.AbstractChannelHandlerContext.invokeChannelRead(AbstractChannelHandlerContext.java:420)
	at io.netty.channel.AbstractChannelHandlerContext.fireChannelRead(AbstractChannelHandlerContext.java:412)
	at io.netty.channel.DefaultChannelPipeline$HeadContext.channelRead(DefaultChannelPipeline.java:1357)
	at io.netty.channel.AbstractChannelHandlerContext.invokeChannelRead(AbstractChannelHandlerContext.java:440)
	at io.netty.channel.AbstractChannelHandlerContext.invokeChannelRead(AbstractChannelHandlerContext.java:420)
	at io.netty.channel.DefaultChannelPipeline.fireChannelRead(DefaultChannelPipeline.java:868)
	at io.netty.channel.nio.AbstractNioMessageChannel$NioMessageUnsafe.read(AbstractNioMessageChannel.java:97)
	at io.netty.channel.nio.NioEventLoop.processSelectedKey(NioEventLoop.java:796)
	at io.netty.channel.nio.NioEventLoop.processSelectedKeysOptimized(NioEventLoop.java:732)
	at io.netty.channel.nio.NioEventLoop.processSelectedKeys(NioEventLoop.java:658)
	at io.netty.channel.nio.NioEventLoop.run(NioEventLoop.java:562)
	at io.netty.util.concurrent.SingleThreadEventExecutor$4.run(SingleThreadEventExecutor.java:998)
	at io.netty.util.internal.ThreadExecutorMap$2.run(ThreadExecutorMap.java:74)
	at io.netty.util.concurrent.FastThreadLocalRunnable.run(FastThreadLocalRunnable.java:30)
	at java.base/java.lang.Thread.run(Thread.java:1583)

Aug 31, 2026 12:22:35 AM io.gapi.emulators.netty.HttpVersionRoutingHandler channelRead
INFO: Detected non-HTTP/2 connection.
Aug 31, 2026 12:22:35 AM io.netty.util.concurrent.DefaultPromise safeExecute
SEVERE: Failed to submit a listener notification task. Event loop shut down?
java.util.concurrent.RejectedExecutionException: event executor terminated
	at io.netty.util.concurrent.SingleThreadEventExecutor.reject(SingleThreadEventExecutor.java:934)
	at io.netty.util.concurrent.SingleThreadEventExecutor.offerTask(SingleThreadEventExecutor.java:353)
	at io.netty.util.concurrent.SingleThreadEventExecutor.addTask(SingleThreadEventExecutor.java:346)
	at io.netty.util.concurrent.SingleThreadEventExecutor.execute(SingleThreadEventExecutor.java:836)
	at io.netty.util.concurrent.SingleThreadEventExecutor.execute0(SingleThreadEventExecutor.java:827)
	at io.netty.util.concurrent.SingleThreadEventExecutor.execute(SingleThreadEventExecutor.java:817)
	at io.netty.util.concurrent.DefaultPromise.safeExecute(DefaultPromise.java:879)
	at io.netty.util.concurrent.DefaultPromise.notifyListeners(DefaultPromise.java:514)
	at io.netty.util.concurrent.DefaultPromise.addListener(DefaultPromise.java:199)
	at io.netty.channel.DefaultChannelPromise.addListener(DefaultChannelPromise.java:95)
	at io.netty.channel.DefaultChannelPromise.addListener(DefaultChannelPromise.java:30)
	at io.netty.bootstrap.ServerBootstrap$ServerBootstrapAcceptor.channelRead(ServerBootstrap.java:249)
	at io.netty.channel.AbstractChannelHandlerContext.invokeChannelRead(AbstractChannelHandlerContext.java:444)
	at io.netty.channel.AbstractChannelHandlerContext.invokeChannelRead(AbstractChannelHandlerContext.java:420)
	at io.netty.channel.AbstractChannelHandlerContext.fireChannelRead(AbstractChannelHandlerContext.java:412)
	at io.netty.channel.DefaultChannelPipeline$HeadContext.channelRead(DefaultChannelPipeline.java:1357)
	at io.netty.channel.AbstractChannelHandlerContext.invokeChannelRead(AbstractChannelHandlerContext.java:440)
	at io.netty.channel.AbstractChannelHandlerContext.invokeChannelRead(AbstractChannelHandlerContext.java:420)
	at io.netty.channel.DefaultChannelPipeline.fireChannelRead(DefaultChannelPipeline.java:868)
	at io.netty.channel.nio.AbstractNioMessageChannel$NioMessageUnsafe.read(AbstractNioMessageChannel.java:97)
	at io.netty.channel.nio.NioEventLoop.processSelectedKey(NioEventLoop.java:796)
	at io.netty.channel.nio.NioEventLoop.processSelectedKeysOptimized(NioEventLoop.java:732)
	at io.netty.channel.nio.NioEventLoop.processSelectedKeys(NioEventLoop.java:658)
	at io.netty.channel.nio.NioEventLoop.run(NioEventLoop.java:562)
	at io.netty.util.concurrent.SingleThreadEventExecutor$4.run(SingleThreadEventExecutor.java:998)
	at io.netty.util.internal.ThreadExecutorMap$2.run(ThreadExecutorMap.java:74)
	at io.netty.util.concurrent.FastThreadLocalRunnable.run(FastThreadLocalRunnable.java:30)
	at java.base/java.lang.Thread.run(Thread.java:1583)

Aug 31, 2026 12:22:35 AM io.gapi.emulators.netty.HttpVersionRoutingHandler channelRead
INFO: Detected non-HTTP/2 connection.
Aug 31, 2026 12:22:35 AM io.gapi.emulators.netty.HttpVersionRoutingHandler channelRead
INFO: Detected non-HTTP/2 connection.
Aug 31, 2026 12:22:35 AM io.gapi.emulators.netty.HttpVersionRoutingHandler channelRead
INFO: Detected non-HTTP/2 connection.
Aug 31, 2026 12:22:35 AM io.gapi.emulators.netty.HttpVersionRoutingHandler channelRead
INFO: Detected non-HTTP/2 connection.
Aug 31, 2026 12:22:35 AM io.gapi.emulators.netty.HttpVersionRoutingHandler channelRead
INFO: Detected non-HTTP/2 connection.
Aug 31, 2026 12:22:35 AM io.gapi.emulators.netty.HttpVersionRoutingHandler channelRead
INFO: Detected non-HTTP/2 connection.
Aug 31, 2026 12:22:35 AM io.gapi.emulators.netty.HttpVersionRoutingHandler channelRead
INFO: Detected non-HTTP/2 connection.
Aug 31, 2026 12:22:35 AM io.gapi.emulators.netty.HttpVersionRoutingHandler channelRead
INFO: Detected non-HTTP/2 connection.
Aug 31, 2026 12:22:35 AM io.gapi.emulators.netty.HttpVersionRoutingHandler channelRead
INFO: Detected non-HTTP/2 connection.
Aug 31, 2026 12:22:35 AM io.gapi.emulators.netty.HttpVersionRoutingHandler channelRead
INFO: Detected non-HTTP/2 connection.
Aug 31, 2026 12:22:36 AM io.gapi.emulators.netty.HttpVersionRoutingHandler channelRead
INFO: Detected non-HTTP/2 connection.
Aug 31, 2026 12:22:38 AM io.gapi.emulators.netty.HttpVersionRoutingHandler channelRead
INFO: Detected non-HTTP/2 connection.
Aug 31, 2026 12:22:39 AM io.gapi.emulators.netty.HttpVersionRoutingHandler channelRead
INFO: Detected non-HTTP/2 connection.
Aug 31, 2026 12:22:39 AM io.gapi.emulators.netty.HttpVersionRoutingHandler channelRead
INFO: Detected non-HTTP/2 connection.
Aug 31, 2026 12:22:39 AM io.gapi.emulators.netty.HttpVersionRoutingHandler channelRead
INFO: Detected non-HTTP/2 connection.
Aug 31, 2026 12:22:39 AM io.netty.channel.AbstractChannel$AbstractUnsafe register
WARNING: Force-closing a channel whose registration task was not accepted by an event loop: [id: 0x04f10bf3, L:/127.0.0.1:39155 - R:/127.0.0.1:58768]
java.util.concurrent.RejectedExecutionException: event executor terminated
	at io.netty.util.concurrent.SingleThreadEventExecutor.reject(SingleThreadEventExecutor.java:934)
	at io.netty.util.concurrent.SingleThreadEventExecutor.offerTask(SingleThreadEventExecutor.java:353)
	at io.netty.util.concurrent.SingleThreadEventExecutor.addTask(SingleThreadEventExecutor.java:346)
	at io.netty.util.concurrent.SingleThreadEventExecutor.execute(SingleThreadEventExecutor.java:836)
	at io.netty.util.concurrent.SingleThreadEventExecutor.execute0(SingleThreadEventExecutor.java:827)
	at io.netty.util.concurrent.SingleThreadEventExecutor.execute(SingleThreadEventExecutor.java:817)
	at io.netty.channel.AbstractChannel$AbstractUnsafe.register(AbstractChannel.java:482)
	at io.netty.channel.SingleThreadEventLoop.register(SingleThreadEventLoop.java:89)
	at io.netty.channel.SingleThreadEventLoop.register(SingleThreadEventLoop.java:83)
	at io.netty.channel.MultithreadEventLoopGroup.register(MultithreadEventLoopGroup.java:86)
	at io.netty.bootstrap.ServerBootstrap$ServerBootstrapAcceptor.channelRead(ServerBootstrap.java:249)
	at io.netty.channel.AbstractChannelHandlerContext.invokeChannelRead(AbstractChannelHandlerContext.java:444)
	at io.netty.channel.AbstractChannelHandlerContext.invokeChannelRead(AbstractChannelHandlerContext.java:420)
	at io.netty.channel.AbstractChannelHandlerContext.fireChannelRead(AbstractChannelHandlerContext.java:412)
	at io.netty.channel.DefaultChannelPipeline$HeadContext.channelRead(DefaultChannelPipeline.java:1357)
	at io.netty.channel.AbstractChannelHandlerContext.invokeChannelRead(AbstractChannelHandlerContext.java:440)
	at io.netty.channel.AbstractChannelHandlerContext.invokeChannelRead(AbstractChannelHandlerContext.java:420)
	at io.netty.channel.DefaultChannelPipeline.fireChannelRead(DefaultChannelPipeline.java:868)
	at io.netty.channel.nio.AbstractNioMessageChannel$NioMessageUnsafe.read(AbstractNioMessageChannel.java:97)
	at io.netty.channel.nio.NioEventLoop.processSelectedKey(NioEventLoop.java:796)
	at io.netty.channel.nio.NioEventLoop.processSelectedKeysOptimized(NioEventLoop.java:732)
	at io.netty.channel.nio.NioEventLoop.processSelectedKeys(NioEventLoop.java:658)
	at io.netty.channel.nio.NioEventLoop.run(NioEventLoop.java:562)
	at io.netty.util.concurrent.SingleThreadEventExecutor$4.run(SingleThreadEventExecutor.java:998)
	at io.netty.util.internal.ThreadExecutorMap$2.run(ThreadExecutorMap.java:74)
	at io.netty.util.concurrent.FastThreadLocalRunnable.run(FastThreadLocalRunnable.java:30)
	at java.base/java.lang.Thread.run(Thread.java:1583)

Aug 31, 2026 12:22:39 AM io.netty.util.concurrent.DefaultPromise safeExecute
SEVERE: Failed to submit a listener notification task. Event loop shut down?
java.util.concurrent.RejectedExecutionException: event executor terminated
	at io.netty.util.concurrent.SingleThreadEventExecutor.reject(SingleThreadEventExecutor.java:934)
	at io.netty.util.concurrent.SingleThreadEventExecutor.offerTask(SingleThreadEventExecutor.java:353)
	at io.netty.util.concurrent.SingleThreadEventExecutor.addTask(SingleThreadEventExecutor.java:346)
	at io.netty.util.concurrent.SingleThreadEventExecutor.execute(SingleThreadEventExecutor.java:836)
	at io.netty.util.concurrent.SingleThreadEventExecutor.execute0(SingleThreadEventExecutor.java:827)
	at io.netty.util.concurrent.SingleThreadEventExecutor.execute(SingleThreadEventExecutor.java:817)
	at io.netty.util.concurrent.DefaultPromise.safeExecute(DefaultPromise.java:879)
	at io.netty.util.concurrent.DefaultPromise.notifyListeners(DefaultPromise.java:514)
	at io.netty.util.concurrent.DefaultPromise.addListener(DefaultPromise.java:199)
	at io.netty.channel.DefaultChannelPromise.addListener(DefaultChannelPromise.java:95)
	at io.netty.channel.DefaultChannelPromise.addListener(DefaultChannelPromise.java:30)
	at io.netty.bootstrap.ServerBootstrap$ServerBootstrapAcceptor.channelRead(ServerBootstrap.java:249)
	at io.netty.channel.AbstractChannelHandlerContext.invokeChannelRead(AbstractChannelHandlerContext.java:444)
	at io.netty.channel.AbstractChannelHandlerContext.invokeChannelRead(AbstractChannelHandlerContext.java:420)
	at io.netty.channel.AbstractChannelHandlerContext.fireChannelRead(AbstractChannelHandlerContext.java:412)
	at io.netty.channel.DefaultChannelPipeline$HeadContext.channelRead(DefaultChannelPipeline.java:1357)
	at io.netty.channel.AbstractChannelHandlerContext.invokeChannelRead(AbstractChannelHandlerContext.java:440)
	at io.netty.channel.AbstractChannelHandlerContext.invokeChannelRead(AbstractChannelHandlerContext.java:420)
	at io.netty.channel.DefaultChannelPipeline.fireChannelRead(DefaultChannelPipeline.java:868)
	at io.netty.channel.nio.AbstractNioMessageChannel$NioMessageUnsafe.read(AbstractNioMessageChannel.java:97)
	at io.netty.channel.nio.NioEventLoop.processSelectedKey(NioEventLoop.java:796)
	at io.netty.channel.nio.NioEventLoop.processSelectedKeysOptimized(NioEventLoop.java:732)
	at io.netty.channel.nio.NioEventLoop.processSelectedKeys(NioEventLoop.java:658)
	at io.netty.channel.nio.NioEventLoop.run(NioEventLoop.java:562)
	at io.netty.util.concurrent.SingleThreadEventExecutor$4.run(SingleThreadEventExecutor.java:998)
	at io.netty.util.internal.ThreadExecutorMap$2.run(ThreadExecutorMap.java:74)
	at io.netty.util.concurrent.FastThreadLocalRunnable.run(FastThreadLocalRunnable.java:30)
	at java.base/java.lang.Thread.run(Thread.java:1583)

Aug 31, 2026 12:22:39 AM io.netty.channel.AbstractChannel$AbstractUnsafe register
WARNING: Force-closing a channel whose registration task was not accepted by an event loop: [id: 0xaeaeb1bb, L:/127.0.0.1:39155 - R:/127.0.0.1:58782]
java.util.concurrent.RejectedExecutionException: event executor terminated
	at io.netty.util.concurrent.SingleThreadEventExecutor.reject(SingleThreadEventExecutor.java:934)
	at io.netty.util.concurrent.SingleThreadEventExecutor.offerTask(SingleThreadEventExecutor.java:353)
	at io.netty.util.concurrent.SingleThreadEventExecutor.addTask(SingleThreadEventExecutor.java:346)
	at io.netty.util.concurrent.SingleThreadEventExecutor.execute(SingleThreadEventExecutor.java:836)
	at io.netty.util.concurrent.SingleThreadEventExecutor.execute0(SingleThreadEventExecutor.java:827)
	at io.netty.util.concurrent.SingleThreadEventExecutor.execute(SingleThreadEventExecutor.java:817)
	at io.netty.channel.AbstractChannel$AbstractUnsafe.register(AbstractChannel.java:482)
	at io.netty.channel.SingleThreadEventLoop.register(SingleThreadEventLoop.java:89)
	at io.netty.channel.SingleThreadEventLoop.register(SingleThreadEventLoop.java:83)
	at io.netty.channel.MultithreadEventLoopGroup.register(MultithreadEventLoopGroup.java:86)
	at io.netty.bootstrap.ServerBootstrap$ServerBootstrapAcceptor.channelRead(ServerBootstrap.java:249)
	at io.netty.channel.AbstractChannelHandlerContext.invokeChannelRead(AbstractChannelHandlerContext.java:444)
	at io.netty.channel.AbstractChannelHandlerContext.invokeChannelRead(AbstractChannelHandlerContext.java:420)
	at io.netty.channel.AbstractChannelHandlerContext.fireChannelRead(AbstractChannelHandlerContext.java:412)
	at io.netty.channel.DefaultChannelPipeline$HeadContext.channelRead(DefaultChannelPipeline.java:1357)
	at io.netty.channel.AbstractChannelHandlerContext.invokeChannelRead(AbstractChannelHandlerContext.java:440)
	at io.netty.channel.AbstractChannelHandlerContext.invokeChannelRead(AbstractChannelHandlerContext.java:420)
	at io.netty.channel.DefaultChannelPipeline.fireChannelRead(DefaultChannelPipeline.java:868)
	at io.netty.channel.nio.AbstractNioMessageChannel$NioMessageUnsafe.read(AbstractNioMessageChannel.java:97)
	at io.netty.channel.nio.NioEventLoop.processSelectedKey(NioEventLoop.java:796)
	at io.netty.channel.nio.NioEventLoop.processSelectedKeysOptimized(NioEventLoop.java:732)
	at io.netty.channel.nio.NioEventLoop.processSelectedKeys(NioEventLoop.java:658)
	at io.netty.channel.nio.NioEventLoop.run(NioEventLoop.java:562)
	at io.netty.util.concurrent.SingleThreadEventExecutor$4.run(SingleThreadEventExecutor.java:998)
	at io.netty.util.internal.ThreadExecutorMap$2.run(ThreadExecutorMap.java:74)
	at io.netty.util.concurrent.FastThreadLocalRunnable.run(FastThreadLocalRunnable.java:30)
	at java.base/java.lang.Thread.run(Thread.java:1583)

Aug 31, 2026 12:22:39 AM io.gapi.emulators.netty.HttpVersionRoutingHandler channelRead
INFO: Detected non-HTTP/2 connection.
Aug 31, 2026 12:22:39 AM io.gapi.emulators.netty.HttpVersionRoutingHandler channelRead
INFO: Detected non-HTTP/2 connection.
Aug 31, 2026 12:22:39 AM io.netty.util.concurrent.DefaultPromise safeExecute
SEVERE: Failed to submit a listener notification task. Event loop shut down?
java.util.concurrent.RejectedExecutionException: event executor terminated
	at io.netty.util.concurrent.SingleThreadEventExecutor.reject(SingleThreadEventExecutor.java:934)
	at io.netty.util.concurrent.SingleThreadEventExecutor.offerTask(SingleThreadEventExecutor.java:353)
	at io.netty.util.concurrent.SingleThreadEventExecutor.addTask(SingleThreadEventExecutor.java:346)
	at io.netty.util.concurrent.SingleThreadEventExecutor.execute(SingleThreadEventExecutor.java:836)
	at io.netty.util.concurrent.SingleThreadEventExecutor.execute0(SingleThreadEventExecutor.java:827)
	at io.netty.util.concurrent.SingleThreadEventExecutor.execute(SingleThreadEventExecutor.java:817)
	at io.netty.util.concurrent.DefaultPromise.safeExecute(DefaultPromise.java:879)
	at io.netty.util.concurrent.DefaultPromise.notifyListeners(DefaultPromise.java:514)
	at io.netty.util.concurrent.DefaultPromise.addListener(DefaultPromise.java:199)
	at io.netty.channel.DefaultChannelPromise.addListener(DefaultChannelPromise.java:95)
	at io.netty.channel.DefaultChannelPromise.addListener(DefaultChannelPromise.java:30)
	at io.netty.bootstrap.ServerBootstrap$ServerBootstrapAcceptor.channelRead(ServerBootstrap.java:249)
	at io.netty.channel.AbstractChannelHandlerContext.invokeChannelRead(AbstractChannelHandlerContext.java:444)
	at io.netty.channel.AbstractChannelHandlerContext.invokeChannelRead(AbstractChannelHandlerContext.java:420)
	at io.netty.channel.AbstractChannelHandlerContext.fireChannelRead(AbstractChannelHandlerContext.java:412)
	at io.netty.channel.DefaultChannelPipeline$HeadContext.channelRead(DefaultChannelPipeline.java:1357)
	at io.netty.channel.AbstractChannelHandlerContext.invokeChannelRead(AbstractChannelHandlerContext.java:440)
	at io.netty.channel.AbstractChannelHandlerContext.invokeChannelRead(AbstractChannelHandlerContext.java:420)
	at io.netty.channel.DefaultChannelPipeline.fireChannelRead(DefaultChannelPipeline.java:868)
	at io.netty.channel.nio.AbstractNioMessageChannel$NioMessageUnsafe.read(AbstractNioMessageChannel.java:97)
	at io.netty.channel.nio.NioEventLoop.processSelectedKey(NioEventLoop.java:796)
	at io.netty.channel.nio.NioEventLoop.processSelectedKeysOptimized(NioEventLoop.java:732)
	at io.netty.channel.nio.NioEventLoop.processSelectedKeys(NioEventLoop.java:658)
	at io.netty.channel.nio.NioEventLoop.run(NioEventLoop.java:562)
	at io.netty.util.concurrent.SingleThreadEventExecutor$4.run(SingleThreadEventExecutor.java:998)
	at io.netty.util.internal.ThreadExecutorMap$2.run(ThreadExecutorMap.java:74)
	at io.netty.util.concurrent.FastThreadLocalRunnable.run(FastThreadLocalRunnable.java:30)
	at java.base/java.lang.Thread.run(Thread.java:1583)

Aug 31, 2026 12:22:39 AM io.gapi.emulators.netty.HttpVersionRoutingHandler channelRead
INFO: Detected non-HTTP/2 connection.
Aug 31, 2026 12:22:39 AM io.gapi.emulators.netty.HttpVersionRoutingHandler channelRead
INFO: Detected non-HTTP/2 connection.
Aug 31, 2026 12:22:39 AM io.gapi.emulators.netty.HttpVersionRoutingHandler channelRead
INFO: Detected non-HTTP/2 connection.
Aug 31, 2026 12:22:39 AM io.gapi.emulators.netty.HttpVersionRoutingHandler channelRead
INFO: Detected non-HTTP/2 connection.
Aug 31, 2026 12:22:40 AM io.gapi.emulators.netty.HttpVersionRoutingHandler channelRead
INFO: Detected non-HTTP/2 connection.
Aug 31, 2026 12:22:40 AM io.netty.channel.AbstractChannel$AbstractUnsafe register
WARNING: Force-closing a channel whose registration task was not accepted by an event loop: [id: 0x72d48063, L:/127.0.0.1:39155 - R:/127.0.0.1:58852]
java.util.concurrent.RejectedExecutionException: event executor terminated
	at io.netty.util.concurrent.SingleThreadEventExecutor.reject(SingleThreadEventExecutor.java:934)
	at io.netty.util.concurrent.SingleThreadEventExecutor.offerTask(SingleThreadEventExecutor.java:353)
	at io.netty.util.concurrent.SingleThreadEventExecutor.addTask(SingleThreadEventExecutor.java:346)
	at io.netty.util.concurrent.SingleThreadEventExecutor.execute(SingleThreadEventExecutor.java:836)
	at io.netty.util.concurrent.SingleThreadEventExecutor.execute0(SingleThreadEventExecutor.java:827)
	at io.netty.util.concurrent.SingleThreadEventExecutor.execute(SingleThreadEventExecutor.java:817)
	at io.netty.channel.AbstractChannel$AbstractUnsafe.register(AbstractChannel.java:482)
	at io.netty.channel.SingleThreadEventLoop.register(SingleThreadEventLoop.java:89)
	at io.netty.channel.SingleThreadEventLoop.register(SingleThreadEventLoop.java:83)
	at io.netty.channel.MultithreadEventLoopGroup.register(MultithreadEventLoopGroup.java:86)
	at io.netty.bootstrap.ServerBootstrap$ServerBootstrapAcceptor.channelRead(ServerBootstrap.java:249)
	at io.netty.channel.AbstractChannelHandlerContext.invokeChannelRead(AbstractChannelHandlerContext.java:444)
	at io.netty.channel.AbstractChannelHandlerContext.invokeChannelRead(AbstractChannelHandlerContext.java:420)
	at io.netty.channel.AbstractChannelHandlerContext.fireChannelRead(AbstractChannelHandlerContext.java:412)
	at io.netty.channel.DefaultChannelPipeline$HeadContext.channelRead(DefaultChannelPipeline.java:1357)
	at io.netty.channel.AbstractChannelHandlerContext.invokeChannelRead(AbstractChannelHandlerContext.java:440)
	at io.netty.channel.AbstractChannelHandlerContext.invokeChannelRead(AbstractChannelHandlerContext.java:420)
	at io.netty.channel.DefaultChannelPipeline.fireChannelRead(DefaultChannelPipeline.java:868)
	at io.netty.channel.nio.AbstractNioMessageChannel$NioMessageUnsafe.read(AbstractNioMessageChannel.java:97)
	at io.netty.channel.nio.NioEventLoop.processSelectedKey(NioEventLoop.java:796)
	at io.netty.channel.nio.NioEventLoop.processSelectedKeysOptimized(NioEventLoop.java:732)
	at io.netty.channel.nio.NioEventLoop.processSelectedKeys(NioEventLoop.java:658)
	at io.netty.channel.nio.NioEventLoop.run(NioEventLoop.java:562)
	at io.netty.util.concurrent.SingleThreadEventExecutor$4.run(SingleThreadEventExecutor.java:998)
	at io.netty.util.internal.ThreadExecutorMap$2.run(ThreadExecutorMap.java:74)
	at io.netty.util.concurrent.FastThreadLocalRunnable.run(FastThreadLocalRunnable.java:30)
	at java.base/java.lang.Thread.run(Thread.java:1583)

Aug 31, 2026 12:22:40 AM io.netty.util.concurrent.DefaultPromise safeExecute
SEVERE: Failed to submit a listener notification task. Event loop shut down?
java.util.concurrent.RejectedExecutionException: event executor terminated
	at io.netty.util.concurrent.SingleThreadEventExecutor.reject(SingleThreadEventExecutor.java:934)
	at io.netty.util.concurrent.SingleThreadEventExecutor.offerTask(SingleThreadEventExecutor.java:353)
	at io.netty.util.concurrent.SingleThreadEventExecutor.addTask(SingleThreadEventExecutor.java:346)
	at io.netty.util.concurrent.SingleThreadEventExecutor.execute(SingleThreadEventExecutor.java:836)
	at io.netty.util.concurrent.SingleThreadEventExecutor.execute0(SingleThreadEventExecutor.java:827)
	at io.netty.util.concurrent.SingleThreadEventExecutor.execute(SingleThreadEventExecutor.java:817)
	at io.netty.util.concurrent.DefaultPromise.safeExecute(DefaultPromise.java:879)
	at io.netty.util.concurrent.DefaultPromise.notifyListeners(DefaultPromise.java:514)
	at io.netty.util.concurrent.DefaultPromise.addListener(DefaultPromise.java:199)
	at io.netty.channel.DefaultChannelPromise.addListener(DefaultChannelPromise.java:95)
	at io.netty.channel.DefaultChannelPromise.addListener(DefaultChannelPromise.java:30)
	at io.netty.bootstrap.ServerBootstrap$ServerBootstrapAcceptor.channelRead(ServerBootstrap.java:249)
	at io.netty.channel.AbstractChannelHandlerContext.invokeChannelRead(AbstractChannelHandlerContext.java:444)
	at io.netty.channel.AbstractChannelHandlerContext.invokeChannelRead(AbstractChannelHandlerContext.java:420)
	at io.netty.channel.AbstractChannelHandlerContext.fireChannelRead(AbstractChannelHandlerContext.java:412)
	at io.netty.channel.DefaultChannelPipeline$HeadContext.channelRead(DefaultChannelPipeline.java:1357)
	at io.netty.channel.AbstractChannelHandlerContext.invokeChannelRead(AbstractChannelHandlerContext.java:440)
	at io.netty.channel.AbstractChannelHandlerContext.invokeChannelRead(AbstractChannelHandlerContext.java:420)
	at io.netty.channel.DefaultChannelPipeline.fireChannelRead(DefaultChannelPipeline.java:868)
	at io.netty.channel.nio.AbstractNioMessageChannel$NioMessageUnsafe.read(AbstractNioMessageChannel.java:97)
	at io.netty.channel.nio.NioEventLoop.processSelectedKey(NioEventLoop.java:796)
	at io.netty.channel.nio.NioEventLoop.processSelectedKeysOptimized(NioEventLoop.java:732)
	at io.netty.channel.nio.NioEventLoop.processSelectedKeys(NioEventLoop.java:658)
	at io.netty.channel.nio.NioEventLoop.run(NioEventLoop.java:562)
	at io.netty.util.concurrent.SingleThreadEventExecutor$4.run(SingleThreadEventExecutor.java:998)
	at io.netty.util.internal.ThreadExecutorMap$2.run(ThreadExecutorMap.java:74)
	at io.netty.util.concurrent.FastThreadLocalRunnable.run(FastThreadLocalRunnable.java:30)
	at java.base/java.lang.Thread.run(Thread.java:1583)

Aug 31, 2026 12:22:40 AM io.gapi.emulators.netty.HttpVersionRoutingHandler channelRead
INFO: Detected non-HTTP/2 connection.
Aug 31, 2026 12:22:40 AM com.google.cloud.datastore.emulator.impl.util.WrappedStreamObserver onError
WARNING: Operation failed: Java heap space
java.lang.OutOfMemoryError: Java heap space

Aug 31, 2026 12:22:41 AM io.gapi.emulators.netty.HttpVersionRoutingHandler channelRead
INFO: Detected non-HTTP/2 connection.
Aug 31, 2026 12:22:45 AM com.google.cloud.datastore.emulator.impl.util.WrappedStreamObserver onError
WARNING: Operation failed: Java heap space
java.lang.OutOfMemoryError: Java heap space

Aug 31, 2026 12:22:50 AM com.google.cloud.datastore.emulator.impl.util.WrappedStreamObserver onError
WARNING: Operation failed: Java heap space
java.lang.OutOfMemoryError: Java heap space

Aug 31, 2026 12:22:56 AM com.google.cloud.datastore.emulator.impl.util.WrappedStreamObserver onError
WARNING: Operation failed: Java heap space: failed reallocation of scalar replaced objects
java.lang.OutOfMemoryError: Java heap space: failed reallocation of scalar replaced objects

Aug 31, 2026 12:23:01 AM com.google.cloud.datastore.emulator.impl.util.WrappedStreamObserver onError
WARNING: Operation failed: Java heap space: failed reallocation of scalar replaced objects
java.lang.OutOfMemoryError: Java heap space: failed reallocation of scalar replaced objects

Aug 31, 2026 12:23:05 AM io.gapi.emulators.netty.HttpVersionRoutingHandler channelRead
INFO: Detected non-HTTP/2 connection.
Aug 31, 2026 12:23:05 AM io.gapi.emulators.netty.HttpVersionRoutingHandler channelRead
INFO: Detected non-HTTP/2 connection.
Aug 31, 2026 12:23:05 AM io.gapi.emulators.netty.HttpVersionRoutingHandler channelRead
INFO: Detected non-HTTP/2 connection.
Aug 31, 2026 12:23:05 AM io.gapi.emulators.netty.HttpVersionRoutingHandler channelRead
INFO: Detected non-HTTP/2 connection.
Aug 31, 2026 12:23:05 AM io.gapi.emulators.netty.HttpVersionRoutingHandler channelRead
INFO: Detected non-HTTP/2 connection.
Aug 31, 2026 12:23:05 AM io.gapi.emulators.netty.HttpVersionRoutingHandler channelRead
INFO: Detected non-HTTP/2 connection.
Aug 31, 2026 12:23:05 AM io.gapi.emulators.netty.HttpVersionRoutingHandler channelRead
INFO: Detected non-HTTP/2 connection.
Aug 31, 2026 12:23:05 AM io.gapi.emulators.netty.HttpVersionRoutingHandler channelRead
INFO: Detected non-HTTP/2 connection.
Aug 31, 2026 12:23:05 AM io.gapi.emulators.netty.HttpVersionRoutingHandler channelRead
INFO: Detected non-HTTP/2 connection.
Aug 31, 2026 12:23:05 AM io.netty.channel.AbstractChannel$AbstractUnsafe register
WARNING: Force-closing a channel whose registration task was not accepted by an event loop: [id: 0x61e80f35, L:/127.0.0.1:39155 - R:/127.0.0.1:43872]
java.util.concurrent.RejectedExecutionException: event executor terminated
	at io.netty.util.concurrent.SingleThreadEventExecutor.reject(SingleThreadEventExecutor.java:934)
	at io.netty.util.concurrent.SingleThreadEventExecutor.offerTask(SingleThreadEventExecutor.java:353)
	at io.netty.util.concurrent.SingleThreadEventExecutor.addTask(SingleThreadEventExecutor.java:346)
	at io.netty.util.concurrent.SingleThreadEventExecutor.execute(SingleThreadEventExecutor.java:836)
	at io.netty.util.concurrent.SingleThreadEventExecutor.execute0(SingleThreadEventExecutor.java:827)
	at io.netty.util.concurrent.SingleThreadEventExecutor.execute(SingleThreadEventExecutor.java:817)
	at io.netty.channel.AbstractChannel$AbstractUnsafe.register(AbstractChannel.java:482)
	at io.netty.channel.SingleThreadEventLoop.register(SingleThreadEventLoop.java:89)
	at io.netty.channel.SingleThreadEventLoop.register(SingleThreadEventLoop.java:83)
	at io.netty.channel.MultithreadEventLoopGroup.register(MultithreadEventLoopGroup.java:86)
	at io.netty.bootstrap.ServerBootstrap$ServerBootstrapAcceptor.channelRead(ServerBootstrap.java:249)
	at io.netty.channel.AbstractChannelHandlerContext.invokeChannelRead(AbstractChannelHandlerContext.java:444)
	at io.netty.channel.AbstractChannelHandlerContext.invokeChannelRead(AbstractChannelHandlerContext.java:420)
	at io.netty.channel.AbstractChannelHandlerContext.fireChannelRead(AbstractChannelHandlerContext.java:412)
	at io.netty.channel.DefaultChannelPipeline$HeadContext.channelRead(DefaultChannelPipeline.java:1357)
	at io.netty.channel.AbstractChannelHandlerContext.invokeChannelRead(AbstractChannelHandlerContext.java:440)
	at io.netty.channel.AbstractChannelHandlerContext.invokeChannelRead(AbstractChannelHandlerContext.java:420)
	at io.netty.channel.DefaultChannelPipeline.fireChannelRead(DefaultChannelPipeline.java:868)
	at io.netty.channel.nio.AbstractNioMessageChannel$NioMessageUnsafe.read(AbstractNioMessageChannel.java:97)
	at io.netty.channel.nio.NioEventLoop.processSelectedKey(NioEventLoop.java:796)
	at io.netty.channel.nio.NioEventLoop.processSelectedKeysOptimized(NioEventLoop.java:732)
	at io.netty.channel.nio.NioEventLoop.processSelectedKeys(NioEventLoop.java:658)
	at io.netty.channel.nio.NioEventLoop.run(NioEventLoop.java:562)
	at io.netty.util.concurrent.SingleThreadEventExecutor$4.run(SingleThreadEventExecutor.java:998)
	at io.netty.util.internal.ThreadExecutorMap$2.run(ThreadExecutorMap.java:74)
	at io.netty.util.concurrent.FastThreadLocalRunnable.run(FastThreadLocalRunnable.java:30)
	at java.base/java.lang.Thread.run(Thread.java:1583)

Aug 31, 2026 12:23:05 AM io.gapi.emulators.netty.HttpVersionRoutingHandler channelRead
INFO: Detected non-HTTP/2 connection.
Aug 31, 2026 12:23:05 AM io.netty.util.concurrent.DefaultPromise safeExecute
SEVERE: Failed to submit a listener notification task. Event loop shut down?
java.util.concurrent.RejectedExecutionException: event executor terminated
	at io.netty.util.concurrent.SingleThreadEventExecutor.reject(SingleThreadEventExecutor.java:934)
	at io.netty.util.concurrent.SingleThreadEventExecutor.offerTask(SingleThreadEventExecutor.java:353)
	at io.netty.util.concurrent.SingleThreadEventExecutor.addTask(SingleThreadEventExecutor.java:346)
	at io.netty.util.concurrent.SingleThreadEventExecutor.execute(SingleThreadEventExecutor.java:836)
	at io.netty.util.concurrent.SingleThreadEventExecutor.execute0(SingleThreadEventExecutor.java:827)
	at io.netty.util.concurrent.SingleThreadEventExecutor.execute(SingleThreadEventExecutor.java:817)
	at io.netty.util.concurrent.DefaultPromise.safeExecute(DefaultPromise.java:879)
	at io.netty.util.concurrent.DefaultPromise.notifyListeners(DefaultPromise.java:514)
	at io.netty.util.concurrent.DefaultPromise.addListener(DefaultPromise.java:199)
	at io.netty.channel.DefaultChannelPromise.addListener(DefaultChannelPromise.java:95)
	at io.netty.channel.DefaultChannelPromise.addListener(DefaultChannelPromise.java:30)
	at io.netty.bootstrap.ServerBootstrap$ServerBootstrapAcceptor.channelRead(ServerBootstrap.java:249)
	at io.netty.channel.AbstractChannelHandlerContext.invokeChannelRead(AbstractChannelHandlerContext.java:444)
	at io.netty.channel.AbstractChannelHandlerContext.invokeChannelRead(AbstractChannelHandlerContext.java:420)
	at io.netty.channel.AbstractChannelHandlerContext.fireChannelRead(AbstractChannelHandlerContext.java:412)
	at io.netty.channel.DefaultChannelPipeline$HeadContext.channelRead(DefaultChannelPipeline.java:1357)
	at io.netty.channel.AbstractChannelHandlerContext.invokeChannelRead(AbstractChannelHandlerContext.java:440)
	at io.netty.channel.AbstractChannelHandlerContext.invokeChannelRead(AbstractChannelHandlerContext.java:420)
	at io.netty.channel.DefaultChannelPipeline.fireChannelRead(DefaultChannelPipeline.java:868)
	at io.netty.channel.nio.AbstractNioMessageChannel$NioMessageUnsafe.read(AbstractNioMessageChannel.java:97)
	at io.netty.channel.nio.NioEventLoop.processSelectedKey(NioEventLoop.java:796)
	at io.netty.channel.nio.NioEventLoop.processSelectedKeysOptimized(NioEventLoop.java:732)
	at io.netty.channel.nio.NioEventLoop.processSelectedKeys(NioEventLoop.java:658)
	at io.netty.channel.nio.NioEventLoop.run(NioEventLoop.java:562)
	at io.netty.util.concurrent.SingleThreadEventExecutor$4.run(SingleThreadEventExecutor.java:998)
	at io.netty.util.internal.ThreadExecutorMap$2.run(ThreadExecutorMap.java:74)
	at io.netty.util.concurrent.FastThreadLocalRunnable.run(FastThreadLocalRunnable.java:30)
	at java.base/java.lang.Thread.run(Thread.java:1583)

Aug 31, 2026 12:23:06 AM com.google.cloud.datastore.emulator.impl.util.WrappedStreamObserver onError
WARNING: Operation failed: Java heap space
java.lang.OutOfMemoryError: Java heap space

Aug 31, 2026 12:23:06 AM io.netty.channel.AbstractChannel$AbstractUnsafe register
WARNING: Force-closing a channel whose registration task was not accepted by an event loop: [id: 0xc44d9502, L:/127.0.0.1:39155 - R:/127.0.0.1:43900]
java.util.concurrent.RejectedExecutionException: event executor terminated
	at io.netty.util.concurrent.SingleThreadEventExecutor.reject(SingleThreadEventExecutor.java:934)
	at io.netty.util.concurrent.SingleThreadEventExecutor.offerTask(SingleThreadEventExecutor.java:353)
	at io.netty.util.concurrent.SingleThreadEventExecutor.addTask(SingleThreadEventExecutor.java:346)
	at io.netty.util.concurrent.SingleThreadEventExecutor.execute(SingleThreadEventExecutor.java:836)
	at io.netty.util.concurrent.SingleThreadEventExecutor.execute0(SingleThreadEventExecutor.java:827)
	at io.netty.util.concurrent.SingleThreadEventExecutor.execute(SingleThreadEventExecutor.java:817)
	at io.netty.channel.AbstractChannel$AbstractUnsafe.register(AbstractChannel.java:482)
	at io.netty.channel.SingleThreadEventLoop.register(SingleThreadEventLoop.java:89)
	at io.netty.channel.SingleThreadEventLoop.register(SingleThreadEventLoop.java:83)
	at io.netty.channel.MultithreadEventLoopGroup.register(MultithreadEventLoopGroup.java:86)
	at io.netty.bootstrap.ServerBootstrap$ServerBootstrapAcceptor.channelRead(ServerBootstrap.java:249)
	at io.netty.channel.AbstractChannelHandlerContext.invokeChannelRead(AbstractChannelHandlerContext.java:444)
	at io.netty.channel.AbstractChannelHandlerContext.invokeChannelRead(AbstractChannelHandlerContext.java:420)
	at io.netty.channel.AbstractChannelHandlerContext.fireChannelRead(AbstractChannelHandlerContext.java:412)
	at io.netty.channel.DefaultChannelPipeline$HeadContext.channelRead(DefaultChannelPipeline.java:1357)
	at io.netty.channel.AbstractChannelHandlerContext.invokeChannelRead(AbstractChannelHandlerContext.java:440)
	at io.netty.channel.AbstractChannelHandlerContext.invokeChannelRead(AbstractChannelHandlerContext.java:420)
	at io.netty.channel.DefaultChannelPipeline.fireChannelRead(DefaultChannelPipeline.java:868)
	at io.netty.channel.nio.AbstractNioMessageChannel$NioMessageUnsafe.read(AbstractNioMessageChannel.java:97)
	at io.netty.channel.nio.NioEventLoop.processSelectedKey(NioEventLoop.java:796)
	at io.netty.channel.nio.NioEventLoop.processSelectedKeysOptimized(NioEventLoop.java:732)
	at io.netty.channel.nio.NioEventLoop.processSelectedKeys(NioEventLoop.java:658)
	at io.netty.channel.nio.NioEventLoop.run(NioEventLoop.java:562)
	at io.netty.util.concurrent.SingleThreadEventExecutor$4.run(SingleThreadEventExecutor.java:998)
	at io.netty.util.internal.ThreadExecutorMap$2.run(ThreadExecutorMap.java:74)
	at io.netty.util.concurrent.FastThreadLocalRunnable.run(FastThreadLocalRunnable.java:30)
	at java.base/java.lang.Thread.run(Thread.java:1583)

Aug 31, 2026 12:23:06 AM io.gapi.emulators.netty.HttpVersionRoutingHandler channelRead
INFO: Detected non-HTTP/2 connection.
Aug 31, 2026 12:23:06 AM io.gapi.emulators.netty.HttpVersionRoutingHandler channelRead
INFO: Detected non-HTTP/2 connection.
Aug 31, 2026 12:23:06 AM io.netty.util.concurrent.DefaultPromise safeExecute
SEVERE: Failed to submit a listener notification task. Event loop shut down?
java.util.concurrent.RejectedExecutionException: event executor terminated
	at io.netty.util.concurrent.SingleThreadEventExecutor.reject(SingleThreadEventExecutor.java:934)
	at io.netty.util.concurrent.SingleThreadEventExecutor.offerTask(SingleThreadEventExecutor.java:353)
	at io.netty.util.concurrent.SingleThreadEventExecutor.addTask(SingleThreadEventExecutor.java:346)
	at io.netty.util.concurrent.SingleThreadEventExecutor.execute(SingleThreadEventExecutor.java:836)
	at io.netty.util.concurrent.SingleThreadEventExecutor.execute0(SingleThreadEventExecutor.java:827)
	at io.netty.util.concurrent.SingleThreadEventExecutor.execute(SingleThreadEventExecutor.java:817)
	at io.netty.util.concurrent.DefaultPromise.safeExecute(DefaultPromise.java:879)
	at io.netty.util.concurrent.DefaultPromise.notifyListeners(DefaultPromise.java:514)
	at io.netty.util.concurrent.DefaultPromise.addListener(DefaultPromise.java:199)
	at io.netty.channel.DefaultChannelPromise.addListener(DefaultChannelPromise.java:95)
	at io.netty.channel.DefaultChannelPromise.addListener(DefaultChannelPromise.java:30)
	at io.netty.bootstrap.ServerBootstrap$ServerBootstrapAcceptor.channelRead(ServerBootstrap.java:249)
	at io.netty.channel.AbstractChannelHandlerContext.invokeChannelRead(AbstractChannelHandlerContext.java:444)
	at io.netty.channel.AbstractChannelHandlerContext.invokeChannelRead(AbstractChannelHandlerContext.java:420)
	at io.netty.channel.AbstractChannelHandlerContext.fireChannelRead(AbstractChannelHandlerContext.java:412)
	at io.netty.channel.DefaultChannelPipeline$HeadContext.channelRead(DefaultChannelPipeline.java:1357)
	at io.netty.channel.AbstractChannelHandlerContext.invokeChannelRead(AbstractChannelHandlerContext.java:440)
	at io.netty.channel.AbstractChannelHandlerContext.invokeChannelRead(AbstractChannelHandlerContext.java:420)
	at io.netty.channel.DefaultChannelPipeline.fireChannelRead(DefaultChannelPipeline.java:868)
	at io.netty.channel.nio.AbstractNioMessageChannel$NioMessageUnsafe.read(AbstractNioMessageChannel.java:97)
	at io.netty.channel.nio.NioEventLoop.processSelectedKey(NioEventLoop.java:796)
	at io.netty.channel.nio.NioEventLoop.processSelectedKeysOptimized(NioEventLoop.java:732)
	at io.netty.channel.nio.NioEventLoop.processSelectedKeys(NioEventLoop.java:658)
	at io.netty.channel.nio.NioEventLoop.run(NioEventLoop.java:562)
	at io.netty.util.concurrent.SingleThreadEventExecutor$4.run(SingleThreadEventExecutor.java:998)
	at io.netty.util.internal.ThreadExecutorMap$2.run(ThreadExecutorMap.java:74)
	at io.netty.util.concurrent.FastThreadLocalRunnable.run(FastThreadLocalRunnable.java:30)
	at java.base/java.lang.Thread.run(Thread.java:1583)

Aug 31, 2026 12:23:06 AM io.gapi.emulators.netty.HttpVersionRoutingHandler channelRead
INFO: Detected non-HTTP/2 connection.
Aug 31, 2026 12:23:06 AM io.gapi.emulators.netty.HttpVersionRoutingHandler channelRead
INFO: Detected non-HTTP/2 connection.
Aug 31, 2026 12:23:06 AM io.gapi.emulators.netty.HttpVersionRoutingHandler channelRead
INFO: Detected non-HTTP/2 connection.
Aug 31, 2026 12:23:06 AM io.netty.channel.AbstractChannel$AbstractUnsafe register
WARNING: Force-closing a channel whose registration task was not accepted by an event loop: [id: 0x816305cd, L:/127.0.0.1:39155 - R:/127.0.0.1:43964]
java.util.concurrent.RejectedExecutionException: event executor terminated
	at io.netty.util.concurrent.SingleThreadEventExecutor.reject(SingleThreadEventExecutor.java:934)
	at io.netty.util.concurrent.SingleThreadEventExecutor.offerTask(SingleThreadEventExecutor.java:353)
	at io.netty.util.concurrent.SingleThreadEventExecutor.addTask(SingleThreadEventExecutor.java:346)
	at io.netty.util.concurrent.SingleThreadEventExecutor.execute(SingleThreadEventExecutor.java:836)
	at io.netty.util.concurrent.SingleThreadEventExecutor.execute0(SingleThreadEventExecutor.java:827)
	at io.netty.util.concurrent.SingleThreadEventExecutor.execute(SingleThreadEventExecutor.java:817)
	at io.netty.channel.AbstractChannel$AbstractUnsafe.register(AbstractChannel.java:482)
	at io.netty.channel.SingleThreadEventLoop.register(SingleThreadEventLoop.java:89)
	at io.netty.channel.SingleThreadEventLoop.register(SingleThreadEventLoop.java:83)
	at io.netty.channel.MultithreadEventLoopGroup.register(MultithreadEventLoopGroup.java:86)
	at io.netty.bootstrap.ServerBootstrap$ServerBootstrapAcceptor.channelRead(ServerBootstrap.java:249)
	at io.netty.channel.AbstractChannelHandlerContext.invokeChannelRead(AbstractChannelHandlerContext.java:444)
	at io.netty.channel.AbstractChannelHandlerContext.invokeChannelRead(AbstractChannelHandlerContext.java:420)
	at io.netty.channel.AbstractChannelHandlerContext.fireChannelRead(AbstractChannelHandlerContext.java:412)
	at io.netty.channel.DefaultChannelPipeline$HeadContext.channelRead(DefaultChannelPipeline.java:1357)
	at io.netty.channel.AbstractChannelHandlerContext.invokeChannelRead(AbstractChannelHandlerContext.java:440)
	at io.netty.channel.AbstractChannelHandlerContext.invokeChannelRead(AbstractChannelHandlerContext.java:420)
	at io.netty.channel.DefaultChannelPipeline.fireChannelRead(DefaultChannelPipeline.java:868)
	at io.netty.channel.nio.AbstractNioMessageChannel$NioMessageUnsafe.read(AbstractNioMessageChannel.java:97)
	at io.netty.channel.nio.NioEventLoop.processSelectedKey(NioEventLoop.java:796)
	at io.netty.channel.nio.NioEventLoop.processSelectedKeysOptimized(NioEventLoop.java:732)
	at io.netty.channel.nio.NioEventLoop.processSelectedKeys(NioEventLoop.java:658)
	at io.netty.channel.nio.NioEventLoop.run(NioEventLoop.java:562)
	at io.netty.util.concurrent.SingleThreadEventExecutor$4.run(SingleThreadEventExecutor.java:998)
	at io.netty.util.internal.ThreadExecutorMap$2.run(ThreadExecutorMap.java:74)
	at io.netty.util.concurrent.FastThreadLocalRunnable.run(FastThreadLocalRunnable.java:30)
	at java.base/java.lang.Thread.run(Thread.java:1583)

Aug 31, 2026 12:23:06 AM io.gapi.emulators.netty.HttpVersionRoutingHandler channelRead
INFO: Detected non-HTTP/2 connection.
Aug 31, 2026 12:23:06 AM io.netty.util.concurrent.DefaultPromise safeExecute
SEVERE: Failed to submit a listener notification task. Event loop shut down?
java.util.concurrent.RejectedExecutionException: event executor terminated
	at io.netty.util.concurrent.SingleThreadEventExecutor.reject(SingleThreadEventExecutor.java:934)
	at io.netty.util.concurrent.SingleThreadEventExecutor.offerTask(SingleThreadEventExecutor.java:353)
	at io.netty.util.concurrent.SingleThreadEventExecutor.addTask(SingleThreadEventExecutor.java:346)
	at io.netty.util.concurrent.SingleThreadEventExecutor.execute(SingleThreadEventExecutor.java:836)
	at io.netty.util.concurrent.SingleThreadEventExecutor.execute0(SingleThreadEventExecutor.java:827)
	at io.netty.util.concurrent.SingleThreadEventExecutor.execute(SingleThreadEventExecutor.java:817)
	at io.netty.util.concurrent.DefaultPromise.safeExecute(DefaultPromise.java:879)
	at io.netty.util.concurrent.DefaultPromise.notifyListeners(DefaultPromise.java:514)
	at io.netty.util.concurrent.DefaultPromise.addListener(DefaultPromise.java:199)
	at io.netty.channel.DefaultChannelPromise.addListener(DefaultChannelPromise.java:95)
	at io.netty.channel.DefaultChannelPromise.addListener(DefaultChannelPromise.java:30)
	at io.netty.bootstrap.ServerBootstrap$ServerBootstrapAcceptor.channelRead(ServerBootstrap.java:249)
	at io.netty.channel.AbstractChannelHandlerContext.invokeChannelRead(AbstractChannelHandlerContext.java:444)
	at io.netty.channel.AbstractChannelHandlerContext.invokeChannelRead(AbstractChannelHandlerContext.java:420)
	at io.netty.channel.AbstractChannelHandlerContext.fireChannelRead(AbstractChannelHandlerContext.java:412)
	at io.netty.channel.DefaultChannelPipeline$HeadContext.channelRead(DefaultChannelPipeline.java:1357)
	at io.netty.channel.AbstractChannelHandlerContext.invokeChannelRead(AbstractChannelHandlerContext.java:440)
	at io.netty.channel.AbstractChannelHandlerContext.invokeChannelRead(AbstractChannelHandlerContext.java:420)
	at io.netty.channel.DefaultChannelPipeline.fireChannelRead(DefaultChannelPipeline.java:868)
	at io.netty.channel.nio.AbstractNioMessageChannel$NioMessageUnsafe.read(AbstractNioMessageChannel.java:97)
	at io.netty.channel.nio.NioEventLoop.processSelectedKey(NioEventLoop.java:796)
	at io.netty.channel.nio.NioEventLoop.processSelectedKeysOptimized(NioEventLoop.java:732)
	at io.netty.channel.nio.NioEventLoop.processSelectedKeys(NioEventLoop.java:658)
	at io.netty.channel.nio.NioEventLoop.run(NioEventLoop.java:562)
	at io.netty.util.concurrent.SingleThreadEventExecutor$4.run(SingleThreadEventExecutor.java:998)
	at io.netty.util.internal.ThreadExecutorMap$2.run(ThreadExecutorMap.java:74)
	at io.netty.util.concurrent.FastThreadLocalRunnable.run(FastThreadLocalRunnable.java:30)
	at java.base/java.lang.Thread.run(Thread.java:1583)

Aug 31, 2026 12:23:06 AM io.gapi.emulators.netty.HttpVersionRoutingHandler channelRead
INFO: Detected non-HTTP/2 connection.
Aug 31, 2026 12:23:06 AM io.gapi.emulators.netty.HttpVersionRoutingHandler channelRead
INFO: Detected non-HTTP/2 connection.
Aug 31, 2026 12:23:06 AM io.gapi.emulators.netty.HttpVersionRoutingHandler channelRead
INFO: Detected non-HTTP/2 connection.
Aug 31, 2026 12:23:08 AM io.gapi.emulators.netty.HttpVersionRoutingHandler channelRead
INFO: Detected non-HTTP/2 connection.
Aug 31, 2026 12:23:09 AM io.gapi.emulators.netty.HttpVersionRoutingHandler channelRead
INFO: Detected non-HTTP/2 connection.
Aug 31, 2026 12:23:09 AM io.gapi.emulators.netty.HttpVersionRoutingHandler channelRead
INFO: Detected non-HTTP/2 connection.
Aug 31, 2026 12:23:09 AM io.gapi.emulators.netty.HttpVersionRoutingHandler channelRead
INFO: Detected non-HTTP/2 connection.
Aug 31, 2026 12:23:09 AM io.gapi.emulators.netty.HttpVersionRoutingHandler channelRead
INFO: Detected non-HTTP/2 connection.
Aug 31, 2026 12:23:09 AM io.netty.channel.AbstractChannel$AbstractUnsafe register
WARNING: Force-closing a channel whose registration task was not accepted by an event loop: [id: 0x092f6ae6, L:/127.0.0.1:39155 - R:/127.0.0.1:37126]
java.util.concurrent.RejectedExecutionException: event executor terminated
	at io.netty.util.concurrent.SingleThreadEventExecutor.reject(SingleThreadEventExecutor.java:934)
	at io.netty.util.concurrent.SingleThreadEventExecutor.offerTask(SingleThreadEventExecutor.java:353)
	at io.netty.util.concurrent.SingleThreadEventExecutor.addTask(SingleThreadEventExecutor.java:346)
	at io.netty.util.concurrent.SingleThreadEventExecutor.execute(SingleThreadEventExecutor.java:836)
	at io.netty.util.concurrent.SingleThreadEventExecutor.execute0(SingleThreadEventExecutor.java:827)
	at io.netty.util.concurrent.SingleThreadEventExecutor.execute(SingleThreadEventExecutor.java:817)
	at io.netty.channel.AbstractChannel$AbstractUnsafe.register(AbstractChannel.java:482)
	at io.netty.channel.SingleThreadEventLoop.register(SingleThreadEventLoop.java:89)
	at io.netty.channel.SingleThreadEventLoop.register(SingleThreadEventLoop.java:83)
	at io.netty.channel.MultithreadEventLoopGroup.register(MultithreadEventLoopGroup.java:86)
	at io.netty.bootstrap.ServerBootstrap$ServerBootstrapAcceptor.channelRead(ServerBootstrap.java:249)
	at io.netty.channel.AbstractChannelHandlerContext.invokeChannelRead(AbstractChannelHandlerContext.java:444)
	at io.netty.channel.AbstractChannelHandlerContext.invokeChannelRead(AbstractChannelHandlerContext.java:420)
	at io.netty.channel.AbstractChannelHandlerContext.fireChannelRead(AbstractChannelHandlerContext.java:412)
	at io.netty.channel.DefaultChannelPipeline$HeadContext.channelRead(DefaultChannelPipeline.java:1357)
	at io.netty.channel.AbstractChannelHandlerContext.invokeChannelRead(AbstractChannelHandlerContext.java:440)
	at io.netty.channel.AbstractChannelHandlerContext.invokeChannelRead(AbstractChannelHandlerContext.java:420)
	at io.netty.channel.DefaultChannelPipeline.fireChannelRead(DefaultChannelPipeline.java:868)
	at io.netty.channel.nio.AbstractNioMessageChannel$NioMessageUnsafe.read(AbstractNioMessageChannel.java:97)
	at io.netty.channel.nio.NioEventLoop.processSelectedKey(NioEventLoop.java:796)
	at io.netty.channel.nio.NioEventLoop.processSelectedKeysOptimized(NioEventLoop.java:732)
	at io.netty.channel.nio.NioEventLoop.processSelectedKeys(NioEventLoop.java:658)
	at io.netty.channel.nio.NioEventLoop.run(NioEventLoop.java:562)
	at io.netty.util.concurrent.SingleThreadEventExecutor$4.run(SingleThreadEventExecutor.java:998)
	at io.netty.util.internal.ThreadExecutorMap$2.run(ThreadExecutorMap.java:74)
	at io.netty.util.concurrent.FastThreadLocalRunnable.run(FastThreadLocalRunnable.java:30)
	at java.base/java.lang.Thread.run(Thread.java:1583)

Aug 31, 2026 12:23:09 AM io.gapi.emulators.netty.HttpVersionRoutingHandler channelRead
INFO: Detected non-HTTP/2 connection.
Aug 31, 2026 12:23:09 AM io.gapi.emulators.netty.HttpVersionRoutingHandler channelRead
INFO: Detected non-HTTP/2 connection.
Aug 31, 2026 12:23:10 AM io.netty.util.concurrent.DefaultPromise safeExecute
SEVERE: Failed to submit a listener notification task. Event loop shut down?
java.util.concurrent.RejectedExecutionException: event executor terminated
	at io.netty.util.concurrent.SingleThreadEventExecutor.reject(SingleThreadEventExecutor.java:934)
	at io.netty.util.concurrent.SingleThreadEventExecutor.offerTask(SingleThreadEventExecutor.java:353)
	at io.netty.util.concurrent.SingleThreadEventExecutor.addTask(SingleThreadEventExecutor.java:346)
	at io.netty.util.concurrent.SingleThreadEventExecutor.execute(SingleThreadEventExecutor.java:836)
	at io.netty.util.concurrent.SingleThreadEventExecutor.execute0(SingleThreadEventExecutor.java:827)
	at io.netty.util.concurrent.SingleThreadEventExecutor.execute(SingleThreadEventExecutor.java:817)
	at io.netty.util.concurrent.DefaultPromise.safeExecute(DefaultPromise.java:879)
	at io.netty.util.concurrent.DefaultPromise.notifyListeners(DefaultPromise.java:514)
	at io.netty.util.concurrent.DefaultPromise.addListener(DefaultPromise.java:199)
	at io.netty.channel.DefaultChannelPromise.addListener(DefaultChannelPromise.java:95)
	at io.netty.channel.DefaultChannelPromise.addListener(DefaultChannelPromise.java:30)
	at io.netty.bootstrap.ServerBootstrap$ServerBootstrapAcceptor.channelRead(ServerBootstrap.java:249)
	at io.netty.channel.AbstractChannelHandlerContext.invokeChannelRead(AbstractChannelHandlerContext.java:444)
	at io.netty.channel.AbstractChannelHandlerContext.invokeChannelRead(AbstractChannelHandlerContext.java:420)
	at io.netty.channel.AbstractChannelHandlerContext.fireChannelRead(AbstractChannelHandlerContext.java:412)
	at io.netty.channel.DefaultChannelPipeline$HeadContext.channelRead(DefaultChannelPipeline.java:1357)
	at io.netty.channel.AbstractChannelHandlerContext.invokeChannelRead(AbstractChannelHandlerContext.java:440)
	at io.netty.channel.AbstractChannelHandlerContext.invokeChannelRead(AbstractChannelHandlerContext.java:420)
	at io.netty.channel.DefaultChannelPipeline.fireChannelRead(DefaultChannelPipeline.java:868)
	at io.netty.channel.nio.AbstractNioMessageChannel$NioMessageUnsafe.read(AbstractNioMessageChannel.java:97)
	at io.netty.channel.nio.NioEventLoop.processSelectedKey(NioEventLoop.java:796)
	at io.netty.channel.nio.NioEventLoop.processSelectedKeysOptimized(NioEventLoop.java:732)
	at io.netty.channel.nio.NioEventLoop.processSelectedKeys(NioEventLoop.java:658)
	at io.netty.channel.nio.NioEventLoop.run(NioEventLoop.java:562)
	at io.netty.util.concurrent.SingleThreadEventExecutor$4.run(SingleThreadEventExecutor.java:998)
	at io.netty.util.internal.ThreadExecutorMap$2.run(ThreadExecutorMap.java:74)
	at io.netty.util.concurrent.FastThreadLocalRunnable.run(FastThreadLocalRunnable.java:30)
	at java.base/java.lang.Thread.run(Thread.java:1583)

Aug 31, 2026 12:23:09 AM io.gapi.emulators.netty.HttpVersionRoutingHandler channelRead
INFO: Detected non-HTTP/2 connection.
Aug 31, 2026 12:23:10 AM io.gapi.emulators.netty.HttpVersionRoutingHandler channelRead
INFO: Detected non-HTTP/2 connection.
Aug 31, 2026 12:23:10 AM io.gapi.emulators.netty.HttpVersionRoutingHandler channelRead
INFO: Detected non-HTTP/2 connection.
Aug 31, 2026 12:23:10 AM io.netty.channel.AbstractChannel$AbstractUnsafe register
WARNING: Force-closing a channel whose registration task was not accepted by an event loop: [id: 0x4d50df30, L:/127.0.0.1:39155 - R:/127.0.0.1:37154]
java.util.concurrent.RejectedExecutionException: event executor terminated
	at io.netty.util.concurrent.SingleThreadEventExecutor.reject(SingleThreadEventExecutor.java:934)
	at io.netty.util.concurrent.SingleThreadEventExecutor.offerTask(SingleThreadEventExecutor.java:353)
	at io.netty.util.concurrent.SingleThreadEventExecutor.addTask(SingleThreadEventExecutor.java:346)
	at io.netty.util.concurrent.SingleThreadEventExecutor.execute(SingleThreadEventExecutor.java:836)
	at io.netty.util.concurrent.SingleThreadEventExecutor.execute0(SingleThreadEventExecutor.java:827)
	at io.netty.util.concurrent.SingleThreadEventExecutor.execute(SingleThreadEventExecutor.java:817)
	at io.netty.channel.AbstractChannel$AbstractUnsafe.register(AbstractChannel.java:482)
	at io.netty.channel.SingleThreadEventLoop.register(SingleThreadEventLoop.java:89)
	at io.netty.channel.SingleThreadEventLoop.register(SingleThreadEventLoop.java:83)
	at io.netty.channel.MultithreadEventLoopGroup.register(MultithreadEventLoopGroup.java:86)
	at io.netty.bootstrap.ServerBootstrap$ServerBootstrapAcceptor.channelRead(ServerBootstrap.java:249)
	at io.netty.channel.AbstractChannelHandlerContext.invokeChannelRead(AbstractChannelHandlerContext.java:444)
	at io.netty.channel.AbstractChannelHandlerContext.invokeChannelRead(AbstractChannelHandlerContext.java:420)
	at io.netty.channel.AbstractChannelHandlerContext.fireChannelRead(AbstractChannelHandlerContext.java:412)
	at io.netty.channel.DefaultChannelPipeline$HeadContext.channelRead(DefaultChannelPipeline.java:1357)
	at io.netty.channel.AbstractChannelHandlerContext.invokeChannelRead(AbstractChannelHandlerContext.java:440)
	at io.netty.channel.AbstractChannelHandlerContext.invokeChannelRead(AbstractChannelHandlerContext.java:420)
	at io.netty.channel.DefaultChannelPipeline.fireChannelRead(DefaultChannelPipeline.java:868)
	at io.netty.channel.nio.AbstractNioMessageChannel$NioMessageUnsafe.read(AbstractNioMessageChannel.java:97)
	at io.netty.channel.nio.NioEventLoop.processSelectedKey(NioEventLoop.java:796)
	at io.netty.channel.nio.NioEventLoop.processSelectedKeysOptimized(NioEventLoop.java:732)
	at io.netty.channel.nio.NioEventLoop.processSelectedKeys(NioEventLoop.java:658)
	at io.netty.channel.nio.NioEventLoop.run(NioEventLoop.java:562)
	at io.netty.util.concurrent.SingleThreadEventExecutor$4.run(SingleThreadEventExecutor.java:998)
	at io.netty.util.internal.ThreadExecutorMap$2.run(ThreadExecutorMap.java:74)
	at io.netty.util.concurrent.FastThreadLocalRunnable.run(FastThreadLocalRunnable.java:30)
	at java.base/java.lang.Thread.run(Thread.java:1583)

Aug 31, 2026 12:23:10 AM io.gapi.emulators.netty.HttpVersionRoutingHandler channelRead
INFO: Detected non-HTTP/2 connection.
Aug 31, 2026 12:23:10 AM io.netty.util.concurrent.DefaultPromise safeExecute
SEVERE: Failed to submit a listener notification task. Event loop shut down?
java.util.concurrent.RejectedExecutionException: event executor terminated
	at io.netty.util.concurrent.SingleThreadEventExecutor.reject(SingleThreadEventExecutor.java:934)
	at io.netty.util.concurrent.SingleThreadEventExecutor.offerTask(SingleThreadEventExecutor.java:353)
	at io.netty.util.concurrent.SingleThreadEventExecutor.addTask(SingleThreadEventExecutor.java:346)
	at io.netty.util.concurrent.SingleThreadEventExecutor.execute(SingleThreadEventExecutor.java:836)
	at io.netty.util.concurrent.SingleThreadEventExecutor.execute0(SingleThreadEventExecutor.java:827)
	at io.netty.util.concurrent.SingleThreadEventExecutor.execute(SingleThreadEventExecutor.java:817)
	at io.netty.util.concurrent.DefaultPromise.safeExecute(DefaultPromise.java:879)
	at io.netty.util.concurrent.DefaultPromise.notifyListeners(DefaultPromise.java:514)
	at io.netty.util.concurrent.DefaultPromise.addListener(DefaultPromise.java:199)
	at io.netty.channel.DefaultChannelPromise.addListener(DefaultChannelPromise.java:95)
	at io.netty.channel.DefaultChannelPromise.addListener(DefaultChannelPromise.java:30)
	at io.netty.bootstrap.ServerBootstrap$ServerBootstrapAcceptor.channelRead(ServerBootstrap.java:249)
	at io.netty.channel.AbstractChannelHandlerContext.invokeChannelRead(AbstractChannelHandlerContext.java:444)
	at io.netty.channel.AbstractChannelHandlerContext.invokeChannelRead(AbstractChannelHandlerContext.java:420)
	at io.netty.channel.AbstractChannelHandlerContext.fireChannelRead(AbstractChannelHandlerContext.java:412)
	at io.netty.channel.DefaultChannelPipeline$HeadContext.channelRead(DefaultChannelPipeline.java:1357)
	at io.netty.channel.AbstractChannelHandlerContext.invokeChannelRead(AbstractChannelHandlerContext.java:440)
	at io.netty.channel.AbstractChannelHandlerContext.invokeChannelRead(AbstractChannelHandlerContext.java:420)
	at io.netty.channel.DefaultChannelPipeline.fireChannelRead(DefaultChannelPipeline.java:868)
	at io.netty.channel.nio.AbstractNioMessageChannel$NioMessageUnsafe.read(AbstractNioMessageChannel.java:97)
	at io.netty.channel.nio.NioEventLoop.processSelectedKey(NioEventLoop.java:796)
	at io.netty.channel.nio.NioEventLoop.processSelectedKeysOptimized(NioEventLoop.java:732)
	at io.netty.channel.nio.NioEventLoop.processSelectedKeys(NioEventLoop.java:658)
	at io.netty.channel.nio.NioEventLoop.run(NioEventLoop.java:562)
	at io.netty.util.concurrent.SingleThreadEventExecutor$4.run(SingleThreadEventExecutor.java:998)
	at io.netty.util.internal.ThreadExecutorMap$2.run(ThreadExecutorMap.java:74)
	at io.netty.util.concurrent.FastThreadLocalRunnable.run(FastThreadLocalRunnable.java:30)
	at java.base/java.lang.Thread.run(Thread.java:1583)

Aug 31, 2026 12:23:10 AM io.gapi.emulators.netty.HttpVersionRoutingHandler channelRead
INFO: Detected non-HTTP/2 connection.
Aug 31, 2026 12:23:11 AM com.google.cloud.datastore.emulator.impl.util.WrappedStreamObserver onError
WARNING: Operation failed: Java heap space
java.lang.OutOfMemoryError: Java heap space

Aug 31, 2026 12:23:11 AM io.gapi.emulators.netty.HttpVersionRoutingHandler channelRead
INFO: Detected non-HTTP/2 connection.
Aug 31, 2026 12:23:16 AM com.google.cloud.datastore.emulator.impl.util.WrappedStreamObserver onError
WARNING: Operation failed: Java heap space
java.lang.OutOfMemoryError: Java heap space

Aug 31, 2026 12:23:20 AM com.google.cloud.datastore.emulator.impl.util.WrappedStreamObserver onError
WARNING: Operation failed: Java heap space
java.lang.OutOfMemoryError: Java heap space

Aug 31, 2026 12:23:25 AM com.google.cloud.datastore.emulator.impl.util.WrappedStreamObserver onError
WARNING: Operation failed: Java heap space
java.lang.OutOfMemoryError: Java heap space

Aug 31, 2026 12:23:30 AM com.google.cloud.datastore.emulator.impl.util.WrappedStreamObserver onError
WARNING: Operation failed: Java heap space: failed reallocation of scalar replaced objects
java.lang.OutOfMemoryError: Java heap space: failed reallocation of scalar replaced objects

Aug 31, 2026 12:23:35 AM io.gapi.emulators.netty.HttpVersionRoutingHandler channelRead
INFO: Detected non-HTTP/2 connection.
Aug 31, 2026 12:23:35 AM io.netty.channel.AbstractChannel$AbstractUnsafe register
WARNING: Force-closing a channel whose registration task was not accepted by an event loop: [id: 0xff97acbf, L:/127.0.0.1:39155 - R:/127.0.0.1:60102]
java.util.concurrent.RejectedExecutionException: event executor terminated
	at io.netty.util.concurrent.SingleThreadEventExecutor.reject(SingleThreadEventExecutor.java:934)
	at io.netty.util.concurrent.SingleThreadEventExecutor.offerTask(SingleThreadEventExecutor.java:353)
	at io.netty.util.concurrent.SingleThreadEventExecutor.addTask(SingleThreadEventExecutor.java:346)
	at io.netty.util.concurrent.SingleThreadEventExecutor.execute(SingleThreadEventExecutor.java:836)
	at io.netty.util.concurrent.SingleThreadEventExecutor.execute0(SingleThreadEventExecutor.java:827)
	at io.netty.util.concurrent.SingleThreadEventExecutor.execute(SingleThreadEventExecutor.java:817)
	at io.netty.channel.AbstractChannel$AbstractUnsafe.register(AbstractChannel.java:482)
	at io.netty.channel.SingleThreadEventLoop.register(SingleThreadEventLoop.java:89)
	at io.netty.channel.SingleThreadEventLoop.register(SingleThreadEventLoop.java:83)
	at io.netty.channel.MultithreadEventLoopGroup.register(MultithreadEventLoopGroup.java:86)
	at io.netty.bootstrap.ServerBootstrap$ServerBootstrapAcceptor.channelRead(ServerBootstrap.java:249)
	at io.netty.channel.AbstractChannelHandlerContext.invokeChannelRead(AbstractChannelHandlerContext.java:444)
	at io.netty.channel.AbstractChannelHandlerContext.invokeChannelRead(AbstractChannelHandlerContext.java:420)
	at io.netty.channel.AbstractChannelHandlerContext.fireChannelRead(AbstractChannelHandlerContext.java:412)
	at io.netty.channel.DefaultChannelPipeline$HeadContext.channelRead(DefaultChannelPipeline.java:1357)
	at io.netty.channel.AbstractChannelHandlerContext.invokeChannelRead(AbstractChannelHandlerContext.java:440)
	at io.netty.channel.AbstractChannelHandlerContext.invokeChannelRead(AbstractChannelHandlerContext.java:420)
	at io.netty.channel.DefaultChannelPipeline.fireChannelRead(DefaultChannelPipeline.java:868)
	at io.netty.channel.nio.AbstractNioMessageChannel$NioMessageUnsafe.read(AbstractNioMessageChannel.java:97)
	at io.netty.channel.nio.NioEventLoop.processSelectedKey(NioEventLoop.java:796)
	at io.netty.channel.nio.NioEventLoop.processSelectedKeysOptimized(NioEventLoop.java:732)
	at io.netty.channel.nio.NioEventLoop.processSelectedKeys(NioEventLoop.java:658)
	at io.netty.channel.nio.NioEventLoop.run(NioEventLoop.java:562)
	at io.netty.util.concurrent.SingleThreadEventExecutor$4.run(SingleThreadEventExecutor.java:998)
	at io.netty.util.internal.ThreadExecutorMap$2.run(ThreadExecutorMap.java:74)
	at io.netty.util.concurrent.FastThreadLocalRunnable.run(FastThreadLocalRunnable.java:30)
	at java.base/java.lang.Thread.run(Thread.java:1583)

Aug 31, 2026 12:23:35 AM io.gapi.emulators.netty.HttpVersionRoutingHandler channelRead
INFO: Detected non-HTTP/2 connection.
Aug 31, 2026 12:23:36 AM com.google.cloud.datastore.emulator.impl.util.WrappedStreamObserver onError
WARNING: Operation failed: Java heap space
java.lang.OutOfMemoryError: Java heap space

Aug 31, 2026 12:23:36 AM io.netty.util.concurrent.DefaultPromise safeExecute
SEVERE: Failed to submit a listener notification task. Event loop shut down?
java.util.concurrent.RejectedExecutionException: event executor terminated
	at io.netty.util.concurrent.SingleThreadEventExecutor.reject(SingleThreadEventExecutor.java:934)
	at io.netty.util.concurrent.SingleThreadEventExecutor.offerTask(SingleThreadEventExecutor.java:353)
	at io.netty.util.concurrent.SingleThreadEventExecutor.addTask(SingleThreadEventExecutor.java:346)
	at io.netty.util.concurrent.SingleThreadEventExecutor.execute(SingleThreadEventExecutor.java:836)
	at io.netty.util.concurrent.SingleThreadEventExecutor.execute0(SingleThreadEventExecutor.java:827)
	at io.netty.util.concurrent.SingleThreadEventExecutor.execute(SingleThreadEventExecutor.java:817)
	at io.netty.util.concurrent.DefaultPromise.safeExecute(DefaultPromise.java:879)
	at io.netty.util.concurrent.DefaultPromise.notifyListeners(DefaultPromise.java:514)
	at io.netty.util.concurrent.DefaultPromise.addListener(DefaultPromise.java:199)
	at io.netty.channel.DefaultChannelPromise.addListener(DefaultChannelPromise.java:95)
	at io.netty.channel.DefaultChannelPromise.addListener(DefaultChannelPromise.java:30)
	at io.netty.bootstrap.ServerBootstrap$ServerBootstrapAcceptor.channelRead(ServerBootstrap.java:249)
	at io.netty.channel.AbstractChannelHandlerContext.invokeChannelRead(AbstractChannelHandlerContext.java:444)
	at io.netty.channel.AbstractChannelHandlerContext.invokeChannelRead(AbstractChannelHandlerContext.java:420)
	at io.netty.channel.AbstractChannelHandlerContext.fireChannelRead(AbstractChannelHandlerContext.java:412)
	at io.netty.channel.DefaultChannelPipeline$HeadContext.channelRead(DefaultChannelPipeline.java:1357)
	at io.netty.channel.AbstractChannelHandlerContext.invokeChannelRead(AbstractChannelHandlerContext.java:440)
	at io.netty.channel.AbstractChannelHandlerContext.invokeChannelRead(AbstractChannelHandlerContext.java:420)
	at io.netty.channel.DefaultChannelPipeline.fireChannelRead(DefaultChannelPipeline.java:868)
	at io.netty.channel.nio.AbstractNioMessageChannel$NioMessageUnsafe.read(AbstractNioMessageChannel.java:97)
	at io.netty.channel.nio.NioEventLoop.processSelectedKey(NioEventLoop.java:796)
	at io.netty.channel.nio.NioEventLoop.processSelectedKeysOptimized(NioEventLoop.java:732)
	at io.netty.channel.nio.NioEventLoop.processSelectedKeys(NioEventLoop.java:658)
	at io.netty.channel.nio.NioEventLoop.run(NioEventLoop.java:562)
	at io.netty.util.concurrent.SingleThreadEventExecutor$4.run(SingleThreadEventExecutor.java:998)
	at io.netty.util.internal.ThreadExecutorMap$2.run(ThreadExecutorMap.java:74)
	at io.netty.util.concurrent.FastThreadLocalRunnable.run(FastThreadLocalRunnable.java:30)
	at java.base/java.lang.Thread.run(Thread.java:1583)

Aug 31, 2026 12:23:36 AM io.gapi.emulators.netty.HttpVersionRoutingHandler channelRead
INFO: Detected non-HTTP/2 connection.
Aug 31, 2026 12:23:36 AM io.gapi.emulators.netty.HttpVersionRoutingHandler channelRead
INFO: Detected non-HTTP/2 connection.
Aug 31, 2026 12:23:36 AM io.gapi.emulators.netty.HttpVersionRoutingHandler channelRead
INFO: Detected non-HTTP/2 connection.
Aug 31, 2026 12:23:36 AM io.gapi.emulators.netty.HttpVersionRoutingHandler channelRead
INFO: Detected non-HTTP/2 connection.
Aug 31, 2026 12:23:36 AM io.gapi.emulators.netty.HttpVersionRoutingHandler channelRead
INFO: Detected non-HTTP/2 connection.
Aug 31, 2026 12:23:36 AM io.gapi.emulators.netty.HttpVersionRoutingHandler channelRead
INFO: Detected non-HTTP/2 connection.
Aug 31, 2026 12:23:36 AM io.gapi.emulators.netty.HttpVersionRoutingHandler channelRead
INFO: Detected non-HTTP/2 connection.
Aug 31, 2026 12:23:36 AM io.gapi.emulators.netty.HttpVersionRoutingHandler channelRead
INFO: Detected non-HTTP/2 connection.
Aug 31, 2026 12:23:36 AM io.gapi.emulators.netty.HttpVersionRoutingHandler channelRead
INFO: Detected non-HTTP/2 connection.
Aug 31, 2026 12:23:36 AM io.gapi.emulators.netty.HttpVersionRoutingHandler channelRead
INFO: Detected non-HTTP/2 connection.
Aug 31, 2026 12:23:36 AM io.netty.channel.AbstractChannel$AbstractUnsafe register
WARNING: Force-closing a channel whose registration task was not accepted by an event loop: [id: 0xdd708adc, L:/127.0.0.1:39155 - R:/127.0.0.1:60220]
java.util.concurrent.RejectedExecutionException: event executor terminated
	at io.netty.util.concurrent.SingleThreadEventExecutor.reject(SingleThreadEventExecutor.java:934)
	at io.netty.util.concurrent.SingleThreadEventExecutor.offerTask(SingleThreadEventExecutor.java:353)
	at io.netty.util.concurrent.SingleThreadEventExecutor.addTask(SingleThreadEventExecutor.java:346)
	at io.netty.util.concurrent.SingleThreadEventExecutor.execute(SingleThreadEventExecutor.java:836)
	at io.netty.util.concurrent.SingleThreadEventExecutor.execute0(SingleThreadEventExecutor.java:827)
	at io.netty.util.concurrent.SingleThreadEventExecutor.execute(SingleThreadEventExecutor.java:817)
	at io.netty.channel.AbstractChannel$AbstractUnsafe.register(AbstractChannel.java:482)
	at io.netty.channel.SingleThreadEventLoop.register(SingleThreadEventLoop.java:89)
	at io.netty.channel.SingleThreadEventLoop.register(SingleThreadEventLoop.java:83)
	at io.netty.channel.MultithreadEventLoopGroup.register(MultithreadEventLoopGroup.java:86)
	at io.netty.bootstrap.ServerBootstrap$ServerBootstrapAcceptor.channelRead(ServerBootstrap.java:249)
	at io.netty.channel.AbstractChannelHandlerContext.invokeChannelRead(AbstractChannelHandlerContext.java:444)
	at io.netty.channel.AbstractChannelHandlerContext.invokeChannelRead(AbstractChannelHandlerContext.java:420)
	at io.netty.channel.AbstractChannelHandlerContext.fireChannelRead(AbstractChannelHandlerContext.java:412)
	at io.netty.channel.DefaultChannelPipeline$HeadContext.channelRead(DefaultChannelPipeline.java:1357)
	at io.netty.channel.AbstractChannelHandlerContext.invokeChannelRead(AbstractChannelHandlerContext.java:440)
	at io.netty.channel.AbstractChannelHandlerContext.invokeChannelRead(AbstractChannelHandlerContext.java:420)
	at io.netty.channel.DefaultChannelPipeline.fireChannelRead(DefaultChannelPipeline.java:868)
	at io.netty.channel.nio.AbstractNioMessageChannel$NioMessageUnsafe.read(AbstractNioMessageChannel.java:97)
	at io.netty.channel.nio.NioEventLoop.processSelectedKey(NioEventLoop.java:796)
	at io.netty.channel.nio.NioEventLoop.processSelectedKeysOptimized(NioEventLoop.java:732)
	at io.netty.channel.nio.NioEventLoop.processSelectedKeys(NioEventLoop.java:658)
	at io.netty.channel.nio.NioEventLoop.run(NioEventLoop.java:562)
	at io.netty.util.concurrent.SingleThreadEventExecutor$4.run(SingleThreadEventExecutor.java:998)
	at io.netty.util.internal.ThreadExecutorMap$2.run(ThreadExecutorMap.java:74)
	at io.netty.util.concurrent.FastThreadLocalRunnable.run(FastThreadLocalRunnable.java:30)
	at java.base/java.lang.Thread.run(Thread.java:1583)

Aug 31, 2026 12:23:36 AM io.gapi.emulators.netty.HttpVersionRoutingHandler channelRead
INFO: Detected non-HTTP/2 connection.
Aug 31, 2026 12:23:36 AM io.gapi.emulators.netty.HttpVersionRoutingHandler channelRead
INFO: Detected non-HTTP/2 connection.
Aug 31, 2026 12:23:36 AM io.netty.util.concurrent.DefaultPromise safeExecute
SEVERE: Failed to submit a listener notification task. Event loop shut down?
java.util.concurrent.RejectedExecutionException: event executor terminated
	at io.netty.util.concurrent.SingleThreadEventExecutor.reject(SingleThreadEventExecutor.java:934)
	at io.netty.util.concurrent.SingleThreadEventExecutor.offerTask(SingleThreadEventExecutor.java:353)
	at io.netty.util.concurrent.SingleThreadEventExecutor.addTask(SingleThreadEventExecutor.java:346)
	at io.netty.util.concurrent.SingleThreadEventExecutor.execute(SingleThreadEventExecutor.java:836)
	at io.netty.util.concurrent.SingleThreadEventExecutor.execute0(SingleThreadEventExecutor.java:827)
	at io.netty.util.concurrent.SingleThreadEventExecutor.execute(SingleThreadEventExecutor.java:817)
	at io.netty.util.concurrent.DefaultPromise.safeExecute(DefaultPromise.java:879)
	at io.netty.util.concurrent.DefaultPromise.notifyListeners(DefaultPromise.java:514)
	at io.netty.util.concurrent.DefaultPromise.addListener(DefaultPromise.java:199)
	at io.netty.channel.DefaultChannelPromise.addListener(DefaultChannelPromise.java:95)
	at io.netty.channel.DefaultChannelPromise.addListener(DefaultChannelPromise.java:30)
	at io.netty.bootstrap.ServerBootstrap$ServerBootstrapAcceptor.channelRead(ServerBootstrap.java:249)
	at io.netty.channel.AbstractChannelHandlerContext.invokeChannelRead(AbstractChannelHandlerContext.java:444)
	at io.netty.channel.AbstractChannelHandlerContext.invokeChannelRead(AbstractChannelHandlerContext.java:420)
	at io.netty.channel.AbstractChannelHandlerContext.fireChannelRead(AbstractChannelHandlerContext.java:412)
	at io.netty.channel.DefaultChannelPipeline$HeadContext.channelRead(DefaultChannelPipeline.java:1357)
	at io.netty.channel.AbstractChannelHandlerContext.invokeChannelRead(AbstractChannelHandlerContext.java:440)
	at io.netty.channel.AbstractChannelHandlerContext.invokeChannelRead(AbstractChannelHandlerContext.java:420)
	at io.netty.channel.DefaultChannelPipeline.fireChannelRead(DefaultChannelPipeline.java:868)
	at io.netty.channel.nio.AbstractNioMessageChannel$NioMessageUnsafe.read(AbstractNioMessageChannel.java:97)
	at io.netty.channel.nio.NioEventLoop.processSelectedKey(NioEventLoop.java:796)
	at io.netty.channel.nio.NioEventLoop.processSelectedKeysOptimized(NioEventLoop.java:732)
	at io.netty.channel.nio.NioEventLoop.processSelectedKeys(NioEventLoop.java:658)
	at io.netty.channel.nio.NioEventLoop.run(NioEventLoop.java:562)
	at io.netty.util.concurrent.SingleThreadEventExecutor$4.run(SingleThreadEventExecutor.java:998)
	at io.netty.util.internal.ThreadExecutorMap$2.run(ThreadExecutorMap.java:74)
	at io.netty.util.concurrent.FastThreadLocalRunnable.run(FastThreadLocalRunnable.java:30)
	at java.base/java.lang.Thread.run(Thread.java:1583)

Aug 31, 2026 12:23:36 AM io.gapi.emulators.netty.HttpVersionRoutingHandler channelRead
INFO: Detected non-HTTP/2 connection.
Aug 31, 2026 12:23:36 AM io.netty.channel.AbstractChannel$AbstractUnsafe register
WARNING: Force-closing a channel whose registration task was not accepted by an event loop: [id: 0x5b59226c, L:/127.0.0.1:39155 - R:/127.0.0.1:60260]
java.util.concurrent.RejectedExecutionException: event executor terminated
	at io.netty.util.concurrent.SingleThreadEventExecutor.reject(SingleThreadEventExecutor.java:934)
	at io.netty.util.concurrent.SingleThreadEventExecutor.offerTask(SingleThreadEventExecutor.java:353)
	at io.netty.util.concurrent.SingleThreadEventExecutor.addTask(SingleThreadEventExecutor.java:346)
	at io.netty.util.concurrent.SingleThreadEventExecutor.execute(SingleThreadEventExecutor.java:836)
	at io.netty.util.concurrent.SingleThreadEventExecutor.execute0(SingleThreadEventExecutor.java:827)
	at io.netty.util.concurrent.SingleThreadEventExecutor.execute(SingleThreadEventExecutor.java:817)
	at io.netty.channel.AbstractChannel$AbstractUnsafe.register(AbstractChannel.java:482)
	at io.netty.channel.SingleThreadEventLoop.register(SingleThreadEventLoop.java:89)
	at io.netty.channel.SingleThreadEventLoop.register(SingleThreadEventLoop.java:83)
	at io.netty.channel.MultithreadEventLoopGroup.register(MultithreadEventLoopGroup.java:86)
	at io.netty.bootstrap.ServerBootstrap$ServerBootstrapAcceptor.channelRead(ServerBootstrap.java:249)
	at io.netty.channel.AbstractChannelHandlerContext.invokeChannelRead(AbstractChannelHandlerContext.java:444)
	at io.netty.channel.AbstractChannelHandlerContext.invokeChannelRead(AbstractChannelHandlerContext.java:420)
	at io.netty.channel.AbstractChannelHandlerContext.fireChannelRead(AbstractChannelHandlerContext.java:412)
	at io.netty.channel.DefaultChannelPipeline$HeadContext.channelRead(DefaultChannelPipeline.java:1357)
	at io.netty.channel.AbstractChannelHandlerContext.invokeChannelRead(AbstractChannelHandlerContext.java:440)
	at io.netty.channel.AbstractChannelHandlerContext.invokeChannelRead(AbstractChannelHandlerContext.java:420)
	at io.netty.channel.DefaultChannelPipeline.fireChannelRead(DefaultChannelPipeline.java:868)
	at io.netty.channel.nio.AbstractNioMessageChannel$NioMessageUnsafe.read(AbstractNioMessageChannel.java:97)
	at io.netty.channel.nio.NioEventLoop.processSelectedKey(NioEventLoop.java:796)
	at io.netty.channel.nio.NioEventLoop.processSelectedKeysOptimized(NioEventLoop.java:732)
	at io.netty.channel.nio.NioEventLoop.processSelectedKeys(NioEventLoop.java:658)
	at io.netty.channel.nio.NioEventLoop.run(NioEventLoop.java:562)
	at io.netty.util.concurrent.SingleThreadEventExecutor$4.run(SingleThreadEventExecutor.java:998)
	at io.netty.util.internal.ThreadExecutorMap$2.run(ThreadExecutorMap.java:74)
	at io.netty.util.concurrent.FastThreadLocalRunnable.run(FastThreadLocalRunnable.java:30)
	at java.base/java.lang.Thread.run(Thread.java:1583)

Aug 31, 2026 12:23:36 AM io.netty.util.concurrent.DefaultPromise safeExecute
SEVERE: Failed to submit a listener notification task. Event loop shut down?
java.util.concurrent.RejectedExecutionException: event executor terminated
	at io.netty.util.concurrent.SingleThreadEventExecutor.reject(SingleThreadEventExecutor.java:934)
	at io.netty.util.concurrent.SingleThreadEventExecutor.offerTask(SingleThreadEventExecutor.java:353)
	at io.netty.util.concurrent.SingleThreadEventExecutor.addTask(SingleThreadEventExecutor.java:346)
	at io.netty.util.concurrent.SingleThreadEventExecutor.execute(SingleThreadEventExecutor.java:836)
	at io.netty.util.concurrent.SingleThreadEventExecutor.execute0(SingleThreadEventExecutor.java:827)
	at io.netty.util.concurrent.SingleThreadEventExecutor.execute(SingleThreadEventExecutor.java:817)
	at io.netty.util.concurrent.DefaultPromise.safeExecute(DefaultPromise.java:879)
	at io.netty.util.concurrent.DefaultPromise.notifyListeners(DefaultPromise.java:514)
	at io.netty.util.concurrent.DefaultPromise.addListener(DefaultPromise.java:199)
	at io.netty.channel.DefaultChannelPromise.addListener(DefaultChannelPromise.java:95)
	at io.netty.channel.DefaultChannelPromise.addListener(DefaultChannelPromise.java:30)
	at io.netty.bootstrap.ServerBootstrap$ServerBootstrapAcceptor.channelRead(ServerBootstrap.java:249)
	at io.netty.channel.AbstractChannelHandlerContext.invokeChannelRead(AbstractChannelHandlerContext.java:444)
	at io.netty.channel.AbstractChannelHandlerContext.invokeChannelRead(AbstractChannelHandlerContext.java:420)
	at io.netty.channel.AbstractChannelHandlerContext.fireChannelRead(AbstractChannelHandlerContext.java:412)
	at io.netty.channel.DefaultChannelPipeline$HeadContext.channelRead(DefaultChannelPipeline.java:1357)
	at io.netty.channel.AbstractChannelHandlerContext.invokeChannelRead(AbstractChannelHandlerContext.java:440)
	at io.netty.channel.AbstractChannelHandlerContext.invokeChannelRead(AbstractChannelHandlerContext.java:420)
	at io.netty.channel.DefaultChannelPipeline.fireChannelRead(DefaultChannelPipeline.java:868)
	at io.netty.channel.nio.AbstractNioMessageChannel$NioMessageUnsafe.read(AbstractNioMessageChannel.java:97)
	at io.netty.channel.nio.NioEventLoop.processSelectedKey(NioEventLoop.java:796)
	at io.netty.channel.nio.NioEventLoop.processSelectedKeysOptimized(NioEventLoop.java:732)
	at io.netty.channel.nio.NioEventLoop.processSelectedKeys(NioEventLoop.java:658)
	at io.netty.channel.nio.NioEventLoop.run(NioEventLoop.java:562)
	at io.netty.util.concurrent.SingleThreadEventExecutor$4.run(SingleThreadEventExecutor.java:998)
	at io.netty.util.internal.ThreadExecutorMap$2.run(ThreadExecutorMap.java:74)
	at io.netty.util.concurrent.FastThreadLocalRunnable.run(FastThreadLocalRunnable.java:30)
	at java.base/java.lang.Thread.run(Thread.java:1583)

Aug 31, 2026 12:23:36 AM io.gapi.emulators.netty.HttpVersionRoutingHandler channelRead
INFO: Detected non-HTTP/2 connection.
Aug 31, 2026 12:23:36 AM io.gapi.emulators.netty.HttpVersionRoutingHandler channelRead
INFO: Detected non-HTTP/2 connection.
Aug 31, 2026 12:23:36 AM io.gapi.emulators.netty.HttpVersionRoutingHandler channelRead
INFO: Detected non-HTTP/2 connection.
Aug 31, 2026 12:23:36 AM io.gapi.emulators.netty.HttpVersionRoutingHandler channelRead
INFO: Detected non-HTTP/2 connection.
Aug 31, 2026 12:23:38 AM io.gapi.emulators.netty.HttpVersionRoutingHandler channelRead
INFO: Detected non-HTTP/2 connection.
Aug 31, 2026 12:23:39 AM io.gapi.emulators.netty.HttpVersionRoutingHandler channelRead
INFO: Detected non-HTTP/2 connection.
Aug 31, 2026 12:23:39 AM io.gapi.emulators.netty.HttpVersionRoutingHandler channelRead
INFO: Detected non-HTTP/2 connection.
Aug 31, 2026 12:23:39 AM io.netty.channel.AbstractChannel$AbstractUnsafe register
WARNING: Force-closing a channel whose registration task was not accepted by an event loop: [id: 0xc4c3d4ff, L:/127.0.0.1:39155 - R:/127.0.0.1:39680]
java.util.concurrent.RejectedExecutionException: event executor terminated
	at io.netty.util.concurrent.SingleThreadEventExecutor.reject(SingleThreadEventExecutor.java:934)
	at io.netty.util.concurrent.SingleThreadEventExecutor.offerTask(SingleThreadEventExecutor.java:353)
	at io.netty.util.concurrent.SingleThreadEventExecutor.addTask(SingleThreadEventExecutor.java:346)
	at io.netty.util.concurrent.SingleThreadEventExecutor.execute(SingleThreadEventExecutor.java:836)
	at io.netty.util.concurrent.SingleThreadEventExecutor.execute0(SingleThreadEventExecutor.java:827)
	at io.netty.util.concurrent.SingleThreadEventExecutor.execute(SingleThreadEventExecutor.java:817)
	at io.netty.channel.AbstractChannel$AbstractUnsafe.register(AbstractChannel.java:482)
	at io.netty.channel.SingleThreadEventLoop.register(SingleThreadEventLoop.java:89)
	at io.netty.channel.SingleThreadEventLoop.register(SingleThreadEventLoop.java:83)
	at io.netty.channel.MultithreadEventLoopGroup.register(MultithreadEventLoopGroup.java:86)
	at io.netty.bootstrap.ServerBootstrap$ServerBootstrapAcceptor.channelRead(ServerBootstrap.java:249)
	at io.netty.channel.AbstractChannelHandlerContext.invokeChannelRead(AbstractChannelHandlerContext.java:444)
	at io.netty.channel.AbstractChannelHandlerContext.invokeChannelRead(AbstractChannelHandlerContext.java:420)
	at io.netty.channel.AbstractChannelHandlerContext.fireChannelRead(AbstractChannelHandlerContext.java:412)
	at io.netty.channel.DefaultChannelPipeline$HeadContext.channelRead(DefaultChannelPipeline.java:1357)
	at io.netty.channel.AbstractChannelHandlerContext.invokeChannelRead(AbstractChannelHandlerContext.java:440)
	at io.netty.channel.AbstractChannelHandlerContext.invokeChannelRead(AbstractChannelHandlerContext.java:420)
	at io.netty.channel.DefaultChannelPipeline.fireChannelRead(DefaultChannelPipeline.java:868)
	at io.netty.channel.nio.AbstractNioMessageChannel$NioMessageUnsafe.read(AbstractNioMessageChannel.java:97)
	at io.netty.channel.nio.NioEventLoop.processSelectedKey(NioEventLoop.java:796)
	at io.netty.channel.nio.NioEventLoop.processSelectedKeysOptimized(NioEventLoop.java:732)
	at io.netty.channel.nio.NioEventLoop.processSelectedKeys(NioEventLoop.java:658)
	at io.netty.channel.nio.NioEventLoop.run(NioEventLoop.java:562)
	at io.netty.util.concurrent.SingleThreadEventExecutor$4.run(SingleThreadEventExecutor.java:998)
	at io.netty.util.internal.ThreadExecutorMap$2.run(ThreadExecutorMap.java:74)
	at io.netty.util.concurrent.FastThreadLocalRunnable.run(FastThreadLocalRunnable.java:30)
	at java.base/java.lang.Thread.run(Thread.java:1583)

Aug 31, 2026 12:23:39 AM io.netty.util.concurrent.DefaultPromise safeExecute
SEVERE: Failed to submit a listener notification task. Event loop shut down?
java.util.concurrent.RejectedExecutionException: event executor terminated
	at io.netty.util.concurrent.SingleThreadEventExecutor.reject(SingleThreadEventExecutor.java:934)
	at io.netty.util.concurrent.SingleThreadEventExecutor.offerTask(SingleThreadEventExecutor.java:353)
	at io.netty.util.concurrent.SingleThreadEventExecutor.addTask(SingleThreadEventExecutor.java:346)
	at io.netty.util.concurrent.SingleThreadEventExecutor.execute(SingleThreadEventExecutor.java:836)
	at io.netty.util.concurrent.SingleThreadEventExecutor.execute0(SingleThreadEventExecutor.java:827)
	at io.netty.util.concurrent.SingleThreadEventExecutor.execute(SingleThreadEventExecutor.java:817)
	at io.netty.util.concurrent.DefaultPromise.safeExecute(DefaultPromise.java:879)
	at io.netty.util.concurrent.DefaultPromise.notifyListeners(DefaultPromise.java:514)
	at io.netty.util.concurrent.DefaultPromise.addListener(DefaultPromise.java:199)
	at io.netty.channel.DefaultChannelPromise.addListener(DefaultChannelPromise.java:95)
	at io.netty.channel.DefaultChannelPromise.addListener(DefaultChannelPromise.java:30)
	at io.netty.bootstrap.ServerBootstrap$ServerBootstrapAcceptor.channelRead(ServerBootstrap.java:249)
	at io.netty.channel.AbstractChannelHandlerContext.invokeChannelRead(AbstractChannelHandlerContext.java:444)
	at io.netty.channel.AbstractChannelHandlerContext.invokeChannelRead(AbstractChannelHandlerContext.java:420)
	at io.netty.channel.AbstractChannelHandlerContext.fireChannelRead(AbstractChannelHandlerContext.java:412)
	at io.netty.channel.DefaultChannelPipeline$HeadContext.channelRead(DefaultChannelPipeline.java:1357)
	at io.netty.channel.AbstractChannelHandlerContext.invokeChannelRead(AbstractChannelHandlerContext.java:440)
	at io.netty.channel.AbstractChannelHandlerContext.invokeChannelRead(AbstractChannelHandlerContext.java:420)
	at io.netty.channel.DefaultChannelPipeline.fireChannelRead(DefaultChannelPipeline.java:868)
	at io.netty.channel.nio.AbstractNioMessageChannel$NioMessageUnsafe.read(AbstractNioMessageChannel.java:97)
	at io.netty.channel.nio.NioEventLoop.processSelectedKey(NioEventLoop.java:796)
	at io.netty.channel.nio.NioEventLoop.processSelectedKeysOptimized(NioEventLoop.java:732)
	at io.netty.channel.nio.NioEventLoop.processSelectedKeys(NioEventLoop.java:658)
	at io.netty.channel.nio.NioEventLoop.run(NioEventLoop.java:562)
	at io.netty.util.concurrent.SingleThreadEventExecutor$4.run(SingleThreadEventExecutor.java:998)
	at io.netty.util.internal.ThreadExecutorMap$2.run(ThreadExecutorMap.java:74)
	at io.netty.util.concurrent.FastThreadLocalRunnable.run(FastThreadLocalRunnable.java:30)
	at java.base/java.lang.Thread.run(Thread.java:1583)

Aug 31, 2026 12:23:39 AM io.gapi.emulators.netty.HttpVersionRoutingHandler channelRead
INFO: Detected non-HTTP/2 connection.
Aug 31, 2026 12:23:39 AM io.gapi.emulators.netty.HttpVersionRoutingHandler channelRead
INFO: Detected non-HTTP/2 connection.
Aug 31, 2026 12:23:39 AM io.gapi.emulators.netty.HttpVersionRoutingHandler channelRead
INFO: Detected non-HTTP/2 connection.
Aug 31, 2026 12:23:39 AM io.gapi.emulators.netty.HttpVersionRoutingHandler channelRead
INFO: Detected non-HTTP/2 connection.
Aug 31, 2026 12:23:39 AM io.gapi.emulators.netty.HttpVersionRoutingHandler channelRead
INFO: Detected non-HTTP/2 connection.
Aug 31, 2026 12:23:39 AM io.gapi.emulators.netty.HttpVersionRoutingHandler channelRead
INFO: Detected non-HTTP/2 connection.
Aug 31, 2026 12:23:40 AM io.gapi.emulators.netty.HttpVersionRoutingHandler channelRead
INFO: Detected non-HTTP/2 connection.
Aug 31, 2026 12:23:40 AM io.gapi.emulators.netty.HttpVersionRoutingHandler channelRead
INFO: Detected non-HTTP/2 connection.
Aug 31, 2026 12:23:40 AM io.gapi.emulators.netty.HttpVersionRoutingHandler channelRead
INFO: Detected non-HTTP/2 connection.
Aug 31, 2026 12:23:40 AM com.google.cloud.datastore.emulator.impl.util.WrappedStreamObserver onError
WARNING: Operation failed: Java heap space
java.lang.OutOfMemoryError: Java heap space

Aug 31, 2026 12:23:41 AM io.gapi.emulators.netty.HttpVersionRoutingHandler channelRead
INFO: Detected non-HTTP/2 connection.
Aug 31, 2026 12:23:46 AM com.google.cloud.datastore.emulator.impl.util.WrappedStreamObserver onError
WARNING: Operation failed: Java heap space: failed reallocation of scalar replaced objects
java.lang.OutOfMemoryError: Java heap space: failed reallocation of scalar replaced objects

Aug 31, 2026 12:23:51 AM com.google.cloud.datastore.emulator.impl.util.WrappedStreamObserver onError
WARNING: Operation failed: Java heap space
java.lang.OutOfMemoryError: Java heap space

Aug 31, 2026 12:23:55 AM com.google.cloud.datastore.emulator.impl.util.WrappedStreamObserver onError
WARNING: Operation failed: Java heap space
java.lang.OutOfMemoryError: Java heap space

Aug 31, 2026 12:24:01 AM com.google.cloud.datastore.emulator.impl.util.WrappedStreamObserver onError
WARNING: Operation failed: Java heap space: failed reallocation of scalar replaced objects
java.lang.OutOfMemoryError: Java heap space: failed reallocation of scalar replaced objects

Aug 31, 2026 12:24:05 AM io.netty.channel.AbstractChannel$AbstractUnsafe register
WARNING: Force-closing a channel whose registration task was not accepted by an event loop: [id: 0x52d83122, L:/127.0.0.1:39155 - R:/127.0.0.1:60588]
java.util.concurrent.RejectedExecutionException: event executor terminated
	at io.netty.util.concurrent.SingleThreadEventExecutor.reject(SingleThreadEventExecutor.java:934)
	at io.netty.util.concurrent.SingleThreadEventExecutor.offerTask(SingleThreadEventExecutor.java:353)
	at io.netty.util.concurrent.SingleThreadEventExecutor.addTask(SingleThreadEventExecutor.java:346)
	at io.netty.util.concurrent.SingleThreadEventExecutor.execute(SingleThreadEventExecutor.java:836)
	at io.netty.util.concurrent.SingleThreadEventExecutor.execute0(SingleThreadEventExecutor.java:827)
	at io.netty.util.concurrent.SingleThreadEventExecutor.execute(SingleThreadEventExecutor.java:817)
	at io.netty.channel.AbstractChannel$AbstractUnsafe.register(AbstractChannel.java:482)
	at io.netty.channel.SingleThreadEventLoop.register(SingleThreadEventLoop.java:89)
	at io.netty.channel.SingleThreadEventLoop.register(SingleThreadEventLoop.java:83)
	at io.netty.channel.MultithreadEventLoopGroup.register(MultithreadEventLoopGroup.java:86)
	at io.netty.bootstrap.ServerBootstrap$ServerBootstrapAcceptor.channelRead(ServerBootstrap.java:249)
	at io.netty.channel.AbstractChannelHandlerContext.invokeChannelRead(AbstractChannelHandlerContext.java:444)
	at io.netty.channel.AbstractChannelHandlerContext.invokeChannelRead(AbstractChannelHandlerContext.java:420)
	at io.netty.channel.AbstractChannelHandlerContext.fireChannelRead(AbstractChannelHandlerContext.java:412)
	at io.netty.channel.DefaultChannelPipeline$HeadContext.channelRead(DefaultChannelPipeline.java:1357)
	at io.netty.channel.AbstractChannelHandlerContext.invokeChannelRead(AbstractChannelHandlerContext.java:440)
	at io.netty.channel.AbstractChannelHandlerContext.invokeChannelRead(AbstractChannelHandlerContext.java:420)
	at io.netty.channel.DefaultChannelPipeline.fireChannelRead(DefaultChannelPipeline.java:868)
	at io.netty.channel.nio.AbstractNioMessageChannel$NioMessageUnsafe.read(AbstractNioMessageChannel.java:97)
	at io.netty.channel.nio.NioEventLoop.processSelectedKey(NioEventLoop.java:796)
	at io.netty.channel.nio.NioEventLoop.processSelectedKeysOptimized(NioEventLoop.java:732)
	at io.netty.channel.nio.NioEventLoop.processSelectedKeys(NioEventLoop.java:658)
	at io.netty.channel.nio.NioEventLoop.run(NioEventLoop.java:562)
	at io.netty.util.concurrent.SingleThreadEventExecutor$4.run(SingleThreadEventExecutor.java:998)
	at io.netty.util.internal.ThreadExecutorMap$2.run(ThreadExecutorMap.java:74)
	at io.netty.util.concurrent.FastThreadLocalRunnable.run(FastThreadLocalRunnable.java:30)
	at java.base/java.lang.Thread.run(Thread.java:1583)

Aug 31, 2026 12:24:05 AM io.netty.util.concurrent.DefaultPromise safeExecute
SEVERE: Failed to submit a listener notification task. Event loop shut down?
java.util.concurrent.RejectedExecutionException: event executor terminated
	at io.netty.util.concurrent.SingleThreadEventExecutor.reject(SingleThreadEventExecutor.java:934)
	at io.netty.util.concurrent.SingleThreadEventExecutor.offerTask(SingleThreadEventExecutor.java:353)
	at io.netty.util.concurrent.SingleThreadEventExecutor.addTask(SingleThreadEventExecutor.java:346)
	at io.netty.util.concurrent.SingleThreadEventExecutor.execute(SingleThreadEventExecutor.java:836)
	at io.netty.util.concurrent.SingleThreadEventExecutor.execute0(SingleThreadEventExecutor.java:827)
	at io.netty.util.concurrent.SingleThreadEventExecutor.execute(SingleThreadEventExecutor.java:817)
	at io.netty.util.concurrent.DefaultPromise.safeExecute(DefaultPromise.java:879)
	at io.netty.util.concurrent.DefaultPromise.notifyListeners(DefaultPromise.java:514)
	at io.netty.util.concurrent.DefaultPromise.addListener(DefaultPromise.java:199)
	at io.netty.channel.DefaultChannelPromise.addListener(DefaultChannelPromise.java:95)
	at io.netty.channel.DefaultChannelPromise.addListener(DefaultChannelPromise.java:30)
	at io.netty.bootstrap.ServerBootstrap$ServerBootstrapAcceptor.channelRead(ServerBootstrap.java:249)
	at io.netty.channel.AbstractChannelHandlerContext.invokeChannelRead(AbstractChannelHandlerContext.java:444)
	at io.netty.channel.AbstractChannelHandlerContext.invokeChannelRead(AbstractChannelHandlerContext.java:420)
	at io.netty.channel.AbstractChannelHandlerContext.fireChannelRead(AbstractChannelHandlerContext.java:412)
	at io.netty.channel.DefaultChannelPipeline$HeadContext.channelRead(DefaultChannelPipeline.java:1357)
	at io.netty.channel.AbstractChannelHandlerContext.invokeChannelRead(AbstractChannelHandlerContext.java:440)
	at io.netty.channel.AbstractChannelHandlerContext.invokeChannelRead(AbstractChannelHandlerContext.java:420)
	at io.netty.channel.DefaultChannelPipeline.fireChannelRead(DefaultChannelPipeline.java:868)
	at io.netty.channel.nio.AbstractNioMessageChannel$NioMessageUnsafe.read(AbstractNioMessageChannel.java:97)
	at io.netty.channel.nio.NioEventLoop.processSelectedKey(NioEventLoop.java:796)
	at io.netty.channel.nio.NioEventLoop.processSelectedKeysOptimized(NioEventLoop.java:732)
	at io.netty.channel.nio.NioEventLoop.processSelectedKeys(NioEventLoop.java:658)
	at io.netty.channel.nio.NioEventLoop.run(NioEventLoop.java:562)
	at io.netty.util.concurrent.SingleThreadEventExecutor$4.run(SingleThreadEventExecutor.java:998)
	at io.netty.util.internal.ThreadExecutorMap$2.run(ThreadExecutorMap.java:74)
	at io.netty.util.concurrent.FastThreadLocalRunnable.run(FastThreadLocalRunnable.java:30)
	at java.base/java.lang.Thread.run(Thread.java:1583)

Aug 31, 2026 12:24:05 AM io.netty.channel.AbstractChannel$AbstractUnsafe register
WARNING: Force-closing a channel whose registration task was not accepted by an event loop: [id: 0xdd9f2d7f, L:/127.0.0.1:39155 - R:/127.0.0.1:60610]
java.util.concurrent.RejectedExecutionException: event executor terminated
	at io.netty.util.concurrent.SingleThreadEventExecutor.reject(SingleThreadEventExecutor.java:934)
	at io.netty.util.concurrent.SingleThreadEventExecutor.offerTask(SingleThreadEventExecutor.java:353)
	at io.netty.util.concurrent.SingleThreadEventExecutor.addTask(SingleThreadEventExecutor.java:346)
	at io.netty.util.concurrent.SingleThreadEventExecutor.execute(SingleThreadEventExecutor.java:836)
	at io.netty.util.concurrent.SingleThreadEventExecutor.execute0(SingleThreadEventExecutor.java:827)
	at io.netty.util.concurrent.SingleThreadEventExecutor.execute(SingleThreadEventExecutor.java:817)
	at io.netty.channel.AbstractChannel$AbstractUnsafe.register(AbstractChannel.java:482)
	at io.netty.channel.SingleThreadEventLoop.register(SingleThreadEventLoop.java:89)
	at io.netty.channel.SingleThreadEventLoop.register(SingleThreadEventLoop.java:83)
	at io.netty.channel.MultithreadEventLoopGroup.register(MultithreadEventLoopGroup.java:86)
	at io.netty.bootstrap.ServerBootstrap$ServerBootstrapAcceptor.channelRead(ServerBootstrap.java:249)
	at io.netty.channel.AbstractChannelHandlerContext.invokeChannelRead(AbstractChannelHandlerContext.java:444)
	at io.netty.channel.AbstractChannelHandlerContext.invokeChannelRead(AbstractChannelHandlerContext.java:420)
	at io.netty.channel.AbstractChannelHandlerContext.fireChannelRead(AbstractChannelHandlerContext.java:412)
	at io.netty.channel.DefaultChannelPipeline$HeadContext.channelRead(DefaultChannelPipeline.java:1357)
	at io.netty.channel.AbstractChannelHandlerContext.invokeChannelRead(AbstractChannelHandlerContext.java:440)
	at io.netty.channel.AbstractChannelHandlerContext.invokeChannelRead(AbstractChannelHandlerContext.java:420)
	at io.netty.channel.DefaultChannelPipeline.fireChannelRead(DefaultChannelPipeline.java:868)
	at io.netty.channel.nio.AbstractNioMessageChannel$NioMessageUnsafe.read(AbstractNioMessageChannel.java:97)
	at io.netty.channel.nio.NioEventLoop.processSelectedKey(NioEventLoop.java:796)
	at io.netty.channel.nio.NioEventLoop.processSelectedKeysOptimized(NioEventLoop.java:732)
	at io.netty.channel.nio.NioEventLoop.processSelectedKeys(NioEventLoop.java:658)
	at io.netty.channel.nio.NioEventLoop.run(NioEventLoop.java:562)
	at io.netty.util.concurrent.SingleThreadEventExecutor$4.run(SingleThreadEventExecutor.java:998)
	at io.netty.util.internal.ThreadExecutorMap$2.run(ThreadExecutorMap.java:74)
	at io.netty.util.concurrent.FastThreadLocalRunnable.run(FastThreadLocalRunnable.java:30)
	at java.base/java.lang.Thread.run(Thread.java:1583)

Aug 31, 2026 12:24:05 AM io.gapi.emulators.netty.HttpVersionRoutingHandler channelRead
INFO: Detected non-HTTP/2 connection.
Aug 31, 2026 12:24:05 AM io.netty.util.concurrent.DefaultPromise safeExecute
SEVERE: Failed to submit a listener notification task. Event loop shut down?
java.util.concurrent.RejectedExecutionException: event executor terminated
	at io.netty.util.concurrent.SingleThreadEventExecutor.reject(SingleThreadEventExecutor.java:934)
	at io.netty.util.concurrent.SingleThreadEventExecutor.offerTask(SingleThreadEventExecutor.java:353)
	at io.netty.util.concurrent.SingleThreadEventExecutor.addTask(SingleThreadEventExecutor.java:346)
	at io.netty.util.concurrent.SingleThreadEventExecutor.execute(SingleThreadEventExecutor.java:836)
	at io.netty.util.concurrent.SingleThreadEventExecutor.execute0(SingleThreadEventExecutor.java:827)
	at io.netty.util.concurrent.SingleThreadEventExecutor.execute(SingleThreadEventExecutor.java:817)
	at io.netty.util.concurrent.DefaultPromise.safeExecute(DefaultPromise.java:879)
	at io.netty.util.concurrent.DefaultPromise.notifyListeners(DefaultPromise.java:514)
	at io.netty.util.concurrent.DefaultPromise.addListener(DefaultPromise.java:199)
	at io.netty.channel.DefaultChannelPromise.addListener(DefaultChannelPromise.java:95)
	at io.netty.channel.DefaultChannelPromise.addListener(DefaultChannelPromise.java:30)
	at io.netty.bootstrap.ServerBootstrap$ServerBootstrapAcceptor.channelRead(ServerBootstrap.java:249)
	at io.netty.channel.AbstractChannelHandlerContext.invokeChannelRead(AbstractChannelHandlerContext.java:444)
	at io.netty.channel.AbstractChannelHandlerContext.invokeChannelRead(AbstractChannelHandlerContext.java:420)
	at io.netty.channel.AbstractChannelHandlerContext.fireChannelRead(AbstractChannelHandlerContext.java:412)
	at io.netty.channel.DefaultChannelPipeline$HeadContext.channelRead(DefaultChannelPipeline.java:1357)
	at io.netty.channel.AbstractChannelHandlerContext.invokeChannelRead(AbstractChannelHandlerContext.java:440)
	at io.netty.channel.AbstractChannelHandlerContext.invokeChannelRead(AbstractChannelHandlerContext.java:420)
	at io.netty.channel.DefaultChannelPipeline.fireChannelRead(DefaultChannelPipeline.java:868)
	at io.netty.channel.nio.AbstractNioMessageChannel$NioMessageUnsafe.read(AbstractNioMessageChannel.java:97)
	at io.netty.channel.nio.NioEventLoop.processSelectedKey(NioEventLoop.java:796)
	at io.netty.channel.nio.NioEventLoop.processSelectedKeysOptimized(NioEventLoop.java:732)
	at io.netty.channel.nio.NioEventLoop.processSelectedKeys(NioEventLoop.java:658)
	at io.netty.channel.nio.NioEventLoop.run(NioEventLoop.java:562)
	at io.netty.util.concurrent.SingleThreadEventExecutor$4.run(SingleThreadEventExecutor.java:998)
	at io.netty.util.internal.ThreadExecutorMap$2.run(ThreadExecutorMap.java:74)
	at io.netty.util.concurrent.FastThreadLocalRunnable.run(FastThreadLocalRunnable.java:30)
	at java.base/java.lang.Thread.run(Thread.java:1583)

Aug 31, 2026 12:24:05 AM io.gapi.emulators.netty.HttpVersionRoutingHandler channelRead
INFO: Detected non-HTTP/2 connection.
Aug 31, 2026 12:24:05 AM io.gapi.emulators.netty.HttpVersionRoutingHandler channelRead
INFO: Detected non-HTTP/2 connection.
Aug 31, 2026 12:24:05 AM io.gapi.emulators.netty.HttpVersionRoutingHandler channelRead
INFO: Detected non-HTTP/2 connection.
Aug 31, 2026 12:24:05 AM io.gapi.emulators.netty.HttpVersionRoutingHandler channelRead
INFO: Detected non-HTTP/2 connection.
Aug 31, 2026 12:24:05 AM io.netty.channel.AbstractChannel$AbstractUnsafe register
WARNING: Force-closing a channel whose registration task was not accepted by an event loop: [id: 0x14740d8d, L:/127.0.0.1:39155 - R:/127.0.0.1:60702]
java.util.concurrent.RejectedExecutionException: event executor terminated
	at io.netty.util.concurrent.SingleThreadEventExecutor.reject(SingleThreadEventExecutor.java:934)
	at io.netty.util.concurrent.SingleThreadEventExecutor.offerTask(SingleThreadEventExecutor.java:353)
	at io.netty.util.concurrent.SingleThreadEventExecutor.addTask(SingleThreadEventExecutor.java:346)
	at io.netty.util.concurrent.SingleThreadEventExecutor.execute(SingleThreadEventExecutor.java:836)
	at io.netty.util.concurrent.SingleThreadEventExecutor.execute0(SingleThreadEventExecutor.java:827)
	at io.netty.util.concurrent.SingleThreadEventExecutor.execute(SingleThreadEventExecutor.java:817)
	at io.netty.channel.AbstractChannel$AbstractUnsafe.register(AbstractChannel.java:482)
	at io.netty.channel.SingleThreadEventLoop.register(SingleThreadEventLoop.java:89)
	at io.netty.channel.SingleThreadEventLoop.register(SingleThreadEventLoop.java:83)
	at io.netty.channel.MultithreadEventLoopGroup.register(MultithreadEventLoopGroup.java:86)
	at io.netty.bootstrap.ServerBootstrap$ServerBootstrapAcceptor.channelRead(ServerBootstrap.java:249)
	at io.netty.channel.AbstractChannelHandlerContext.invokeChannelRead(AbstractChannelHandlerContext.java:444)
	at io.netty.channel.AbstractChannelHandlerContext.invokeChannelRead(AbstractChannelHandlerContext.java:420)
	at io.netty.channel.AbstractChannelHandlerContext.fireChannelRead(AbstractChannelHandlerContext.java:412)
	at io.netty.channel.DefaultChannelPipeline$HeadContext.channelRead(DefaultChannelPipeline.java:1357)
	at io.netty.channel.AbstractChannelHandlerContext.invokeChannelRead(AbstractChannelHandlerContext.java:440)
	at io.netty.channel.AbstractChannelHandlerContext.invokeChannelRead(AbstractChannelHandlerContext.java:420)
	at io.netty.channel.DefaultChannelPipeline.fireChannelRead(DefaultChannelPipeline.java:868)
	at io.netty.channel.nio.AbstractNioMessageChannel$NioMessageUnsafe.read(AbstractNioMessageChannel.java:97)
	at io.netty.channel.nio.NioEventLoop.processSelectedKey(NioEventLoop.java:796)
	at io.netty.channel.nio.NioEventLoop.processSelectedKeysOptimized(NioEventLoop.java:732)
	at io.netty.channel.nio.NioEventLoop.processSelectedKeys(NioEventLoop.java:658)
	at io.netty.channel.nio.NioEventLoop.run(NioEventLoop.java:562)
	at io.netty.util.concurrent.SingleThreadEventExecutor$4.run(SingleThreadEventExecutor.java:998)
	at io.netty.util.internal.ThreadExecutorMap$2.run(ThreadExecutorMap.java:74)
	at io.netty.util.concurrent.FastThreadLocalRunnable.run(FastThreadLocalRunnable.java:30)
	at java.base/java.lang.Thread.run(Thread.java:1583)

Aug 31, 2026 12:24:05 AM io.gapi.emulators.netty.HttpVersionRoutingHandler channelRead
INFO: Detected non-HTTP/2 connection.
Aug 31, 2026 12:24:05 AM io.netty.util.concurrent.DefaultPromise safeExecute
SEVERE: Failed to submit a listener notification task. Event loop shut down?
java.util.concurrent.RejectedExecutionException: event executor terminated
	at io.netty.util.concurrent.SingleThreadEventExecutor.reject(SingleThreadEventExecutor.java:934)
	at io.netty.util.concurrent.SingleThreadEventExecutor.offerTask(SingleThreadEventExecutor.java:353)
	at io.netty.util.concurrent.SingleThreadEventExecutor.addTask(SingleThreadEventExecutor.java:346)
	at io.netty.util.concurrent.SingleThreadEventExecutor.execute(SingleThreadEventExecutor.java:836)
	at io.netty.util.concurrent.SingleThreadEventExecutor.execute0(SingleThreadEventExecutor.java:827)
	at io.netty.util.concurrent.SingleThreadEventExecutor.execute(SingleThreadEventExecutor.java:817)
	at io.netty.util.concurrent.DefaultPromise.safeExecute(DefaultPromise.java:879)
	at io.netty.util.concurrent.DefaultPromise.notifyListeners(DefaultPromise.java:514)
	at io.netty.util.concurrent.DefaultPromise.addListener(DefaultPromise.java:199)
	at io.netty.channel.DefaultChannelPromise.addListener(DefaultChannelPromise.java:95)
	at io.netty.channel.DefaultChannelPromise.addListener(DefaultChannelPromise.java:30)
	at io.netty.bootstrap.ServerBootstrap$ServerBootstrapAcceptor.channelRead(ServerBootstrap.java:249)
	at io.netty.channel.AbstractChannelHandlerContext.invokeChannelRead(AbstractChannelHandlerContext.java:444)
	at io.netty.channel.AbstractChannelHandlerContext.invokeChannelRead(AbstractChannelHandlerContext.java:420)
	at io.netty.channel.AbstractChannelHandlerContext.fireChannelRead(AbstractChannelHandlerContext.java:412)
	at io.netty.channel.DefaultChannelPipeline$HeadContext.channelRead(DefaultChannelPipeline.java:1357)
	at io.netty.channel.AbstractChannelHandlerContext.invokeChannelRead(AbstractChannelHandlerContext.java:440)
	at io.netty.channel.AbstractChannelHandlerContext.invokeChannelRead(AbstractChannelHandlerContext.java:420)
	at io.netty.channel.DefaultChannelPipeline.fireChannelRead(DefaultChannelPipeline.java:868)
	at io.netty.channel.nio.AbstractNioMessageChannel$NioMessageUnsafe.read(AbstractNioMessageChannel.java:97)
	at io.netty.channel.nio.NioEventLoop.processSelectedKey(NioEventLoop.java:796)
	at io.netty.channel.nio.NioEventLoop.processSelectedKeysOptimized(NioEventLoop.java:732)
	at io.netty.channel.nio.NioEventLoop.processSelectedKeys(NioEventLoop.java:658)
	at io.netty.channel.nio.NioEventLoop.run(NioEventLoop.java:562)
	at io.netty.util.concurrent.SingleThreadEventExecutor$4.run(SingleThreadEventExecutor.java:998)
	at io.netty.util.internal.ThreadExecutorMap$2.run(ThreadExecutorMap.java:74)
	at io.netty.util.concurrent.FastThreadLocalRunnable.run(FastThreadLocalRunnable.java:30)
	at java.base/java.lang.Thread.run(Thread.java:1583)

Aug 31, 2026 12:24:05 AM io.gapi.emulators.netty.HttpVersionRoutingHandler channelRead
INFO: Detected non-HTTP/2 connection.
Aug 31, 2026 12:24:05 AM io.gapi.emulators.netty.HttpVersionRoutingHandler channelRead
INFO: Detected non-HTTP/2 connection.
Aug 31, 2026 12:24:05 AM io.gapi.emulators.netty.HttpVersionRoutingHandler channelRead
INFO: Detected non-HTTP/2 connection.
Aug 31, 2026 12:24:05 AM io.gapi.emulators.netty.HttpVersionRoutingHandler channelRead
INFO: Detected non-HTTP/2 connection.
Aug 31, 2026 12:24:05 AM io.gapi.emulators.netty.HttpVersionRoutingHandler channelRead
INFO: Detected non-HTTP/2 connection.
Aug 31, 2026 12:24:05 AM io.gapi.emulators.netty.HttpVersionRoutingHandler channelRead
INFO: Detected non-HTTP/2 connection.
Aug 31, 2026 12:24:05 AM io.gapi.emulators.netty.HttpVersionRoutingHandler channelRead
INFO: Detected non-HTTP/2 connection.
Aug 31, 2026 12:24:05 AM io.gapi.emulators.netty.HttpVersionRoutingHandler channelRead
INFO: Detected non-HTTP/2 connection.
Aug 31, 2026 12:24:05 AM io.gapi.emulators.netty.HttpVersionRoutingHandler channelRead
INFO: Detected non-HTTP/2 connection.
Aug 31, 2026 12:24:05 AM io.gapi.emulators.netty.HttpVersionRoutingHandler channelRead
INFO: Detected non-HTTP/2 connection.
Aug 31, 2026 12:24:06 AM io.gapi.emulators.netty.HttpVersionRoutingHandler channelRead
INFO: Detected non-HTTP/2 connection.
Aug 31, 2026 12:24:06 AM io.netty.channel.AbstractChannel$AbstractUnsafe register
WARNING: Force-closing a channel whose registration task was not accepted by an event loop: [id: 0xbc0f6cd9, L:/127.0.0.1:39155 - R:/127.0.0.1:60820]
java.util.concurrent.RejectedExecutionException: event executor terminated
	at io.netty.util.concurrent.SingleThreadEventExecutor.reject(SingleThreadEventExecutor.java:934)
	at io.netty.util.concurrent.SingleThreadEventExecutor.offerTask(SingleThreadEventExecutor.java:353)
	at io.netty.util.concurrent.SingleThreadEventExecutor.addTask(SingleThreadEventExecutor.java:346)
	at io.netty.util.concurrent.SingleThreadEventExecutor.execute(SingleThreadEventExecutor.java:836)
	at io.netty.util.concurrent.SingleThreadEventExecutor.execute0(SingleThreadEventExecutor.java:827)
	at io.netty.util.concurrent.SingleThreadEventExecutor.execute(SingleThreadEventExecutor.java:817)
	at io.netty.channel.AbstractChannel$AbstractUnsafe.register(AbstractChannel.java:482)
	at io.netty.channel.SingleThreadEventLoop.register(SingleThreadEventLoop.java:89)
	at io.netty.channel.SingleThreadEventLoop.register(SingleThreadEventLoop.java:83)
	at io.netty.channel.MultithreadEventLoopGroup.register(MultithreadEventLoopGroup.java:86)
	at io.netty.bootstrap.ServerBootstrap$ServerBootstrapAcceptor.channelRead(ServerBootstrap.java:249)
	at io.netty.channel.AbstractChannelHandlerContext.invokeChannelRead(AbstractChannelHandlerContext.java:444)
	at io.netty.channel.AbstractChannelHandlerContext.invokeChannelRead(AbstractChannelHandlerContext.java:420)
	at io.netty.channel.AbstractChannelHandlerContext.fireChannelRead(AbstractChannelHandlerContext.java:412)
	at io.netty.channel.DefaultChannelPipeline$HeadContext.channelRead(DefaultChannelPipeline.java:1357)
	at io.netty.channel.AbstractChannelHandlerContext.invokeChannelRead(AbstractChannelHandlerContext.java:440)
	at io.netty.channel.AbstractChannelHandlerContext.invokeChannelRead(AbstractChannelHandlerContext.java:420)
	at io.netty.channel.DefaultChannelPipeline.fireChannelRead(DefaultChannelPipeline.java:868)
	at io.netty.channel.nio.AbstractNioMessageChannel$NioMessageUnsafe.read(AbstractNioMessageChannel.java:97)
	at io.netty.channel.nio.NioEventLoop.processSelectedKey(NioEventLoop.java:796)
	at io.netty.channel.nio.NioEventLoop.processSelectedKeysOptimized(NioEventLoop.java:732)
	at io.netty.channel.nio.NioEventLoop.processSelectedKeys(NioEventLoop.java:658)
	at io.netty.channel.nio.NioEventLoop.run(NioEventLoop.java:562)
	at io.netty.util.concurrent.SingleThreadEventExecutor$4.run(SingleThreadEventExecutor.java:998)
	at io.netty.util.internal.ThreadExecutorMap$2.run(ThreadExecutorMap.java:74)
	at io.netty.util.concurrent.FastThreadLocalRunnable.run(FastThreadLocalRunnable.java:30)
	at java.base/java.lang.Thread.run(Thread.java:1583)

Aug 31, 2026 12:24:06 AM io.gapi.emulators.netty.HttpVersionRoutingHandler channelRead
INFO: Detected non-HTTP/2 connection.
Aug 31, 2026 12:24:06 AM io.gapi.emulators.netty.HttpVersionRoutingHandler channelRead
INFO: Detected non-HTTP/2 connection.
Aug 31, 2026 12:24:06 AM com.google.cloud.datastore.emulator.impl.util.WrappedStreamObserver onError
WARNING: Operation failed: Java heap space: failed reallocation of scalar replaced objects
java.lang.OutOfMemoryError: Java heap space: failed reallocation of scalar replaced objects

Aug 31, 2026 12:24:06 AM io.netty.util.concurrent.DefaultPromise safeExecute
SEVERE: Failed to submit a listener notification task. Event loop shut down?
java.util.concurrent.RejectedExecutionException: event executor terminated
	at io.netty.util.concurrent.SingleThreadEventExecutor.reject(SingleThreadEventExecutor.java:934)
	at io.netty.util.concurrent.SingleThreadEventExecutor.offerTask(SingleThreadEventExecutor.java:353)
	at io.netty.util.concurrent.SingleThreadEventExecutor.addTask(SingleThreadEventExecutor.java:346)
	at io.netty.util.concurrent.SingleThreadEventExecutor.execute(SingleThreadEventExecutor.java:836)
	at io.netty.util.concurrent.SingleThreadEventExecutor.execute0(SingleThreadEventExecutor.java:827)
	at io.netty.util.concurrent.SingleThreadEventExecutor.execute(SingleThreadEventExecutor.java:817)
	at io.netty.util.concurrent.DefaultPromise.safeExecute(DefaultPromise.java:879)
	at io.netty.util.concurrent.DefaultPromise.notifyListeners(DefaultPromise.java:514)
	at io.netty.util.concurrent.DefaultPromise.addListener(DefaultPromise.java:199)
	at io.netty.channel.DefaultChannelPromise.addListener(DefaultChannelPromise.java:95)
	at io.netty.channel.DefaultChannelPromise.addListener(DefaultChannelPromise.java:30)
	at io.netty.bootstrap.ServerBootstrap$ServerBootstrapAcceptor.channelRead(ServerBootstrap.java:249)
	at io.netty.channel.AbstractChannelHandlerContext.invokeChannelRead(AbstractChannelHandlerContext.java:444)
	at io.netty.channel.AbstractChannelHandlerContext.invokeChannelRead(AbstractChannelHandlerContext.java:420)
	at io.netty.channel.AbstractChannelHandlerContext.fireChannelRead(AbstractChannelHandlerContext.java:412)
	at io.netty.channel.DefaultChannelPipeline$HeadContext.channelRead(DefaultChannelPipeline.java:1357)
	at io.netty.channel.AbstractChannelHandlerContext.invokeChannelRead(AbstractChannelHandlerContext.java:440)
	at io.netty.channel.AbstractChannelHandlerContext.invokeChannelRead(AbstractChannelHandlerContext.java:420)
	at io.netty.channel.DefaultChannelPipeline.fireChannelRead(DefaultChannelPipeline.java:868)
	at io.netty.channel.nio.AbstractNioMessageChannel$NioMessageUnsafe.read(AbstractNioMessageChannel.java:97)
	at io.netty.channel.nio.NioEventLoop.processSelectedKey(NioEventLoop.java:796)
	at io.netty.channel.nio.NioEventLoop.processSelectedKeysOptimized(NioEventLoop.java:732)
	at io.netty.channel.nio.NioEventLoop.processSelectedKeys(NioEventLoop.java:658)
	at io.netty.channel.nio.NioEventLoop.run(NioEventLoop.java:562)
	at io.netty.util.concurrent.SingleThreadEventExecutor$4.run(SingleThreadEventExecutor.java:998)
	at io.netty.util.internal.ThreadExecutorMap$2.run(ThreadExecutorMap.java:74)
	at io.netty.util.concurrent.FastThreadLocalRunnable.run(FastThreadLocalRunnable.java:30)
	at java.base/java.lang.Thread.run(Thread.java:1583)

Aug 31, 2026 12:24:08 AM io.gapi.emulators.netty.HttpVersionRoutingHandler channelRead
INFO: Detected non-HTTP/2 connection.
Aug 31, 2026 12:24:09 AM io.gapi.emulators.netty.HttpVersionRoutingHandler channelRead
INFO: Detected non-HTTP/2 connection.
Aug 31, 2026 12:24:09 AM io.netty.channel.AbstractChannel$AbstractUnsafe register
WARNING: Force-closing a channel whose registration task was not accepted by an event loop: [id: 0x6ffdc562, L:/127.0.0.1:39155 - R:/127.0.0.1:36858]
java.util.concurrent.RejectedExecutionException: event executor terminated
	at io.netty.util.concurrent.SingleThreadEventExecutor.reject(SingleThreadEventExecutor.java:934)
	at io.netty.util.concurrent.SingleThreadEventExecutor.offerTask(SingleThreadEventExecutor.java:353)
	at io.netty.util.concurrent.SingleThreadEventExecutor.addTask(SingleThreadEventExecutor.java:346)
	at io.netty.util.concurrent.SingleThreadEventExecutor.execute(SingleThreadEventExecutor.java:836)
	at io.netty.util.concurrent.SingleThreadEventExecutor.execute0(SingleThreadEventExecutor.java:827)
	at io.netty.util.concurrent.SingleThreadEventExecutor.execute(SingleThreadEventExecutor.java:817)
	at io.netty.channel.AbstractChannel$AbstractUnsafe.register(AbstractChannel.java:482)
	at io.netty.channel.SingleThreadEventLoop.register(SingleThreadEventLoop.java:89)
	at io.netty.channel.SingleThreadEventLoop.register(SingleThreadEventLoop.java:83)
	at io.netty.channel.MultithreadEventLoopGroup.register(MultithreadEventLoopGroup.java:86)
	at io.netty.bootstrap.ServerBootstrap$ServerBootstrapAcceptor.channelRead(ServerBootstrap.java:249)
	at io.netty.channel.AbstractChannelHandlerContext.invokeChannelRead(AbstractChannelHandlerContext.java:444)
	at io.netty.channel.AbstractChannelHandlerContext.invokeChannelRead(AbstractChannelHandlerContext.java:420)
	at io.netty.channel.AbstractChannelHandlerContext.fireChannelRead(AbstractChannelHandlerContext.java:412)
	at io.netty.channel.DefaultChannelPipeline$HeadContext.channelRead(DefaultChannelPipeline.java:1357)
	at io.netty.channel.AbstractChannelHandlerContext.invokeChannelRead(AbstractChannelHandlerContext.java:440)
	at io.netty.channel.AbstractChannelHandlerContext.invokeChannelRead(AbstractChannelHandlerContext.java:420)
	at io.netty.channel.DefaultChannelPipeline.fireChannelRead(DefaultChannelPipeline.java:868)
	at io.netty.channel.nio.AbstractNioMessageChannel$NioMessageUnsafe.read(AbstractNioMessageChannel.java:97)
	at io.netty.channel.nio.NioEventLoop.processSelectedKey(NioEventLoop.java:796)
	at io.netty.channel.nio.NioEventLoop.processSelectedKeysOptimized(NioEventLoop.java:732)
	at io.netty.channel.nio.NioEventLoop.processSelectedKeys(NioEventLoop.java:658)
	at io.netty.channel.nio.NioEventLoop.run(NioEventLoop.java:562)
	at io.netty.util.concurrent.SingleThreadEventExecutor$4.run(SingleThreadEventExecutor.java:998)
	at io.netty.util.internal.ThreadExecutorMap$2.run(ThreadExecutorMap.java:74)
	at io.netty.util.concurrent.FastThreadLocalRunnable.run(FastThreadLocalRunnable.java:30)
	at java.base/java.lang.Thread.run(Thread.java:1583)

Aug 31, 2026 12:24:09 AM io.netty.util.concurrent.DefaultPromise safeExecute
SEVERE: Failed to submit a listener notification task. Event loop shut down?
java.util.concurrent.RejectedExecutionException: event executor terminated
	at io.netty.util.concurrent.SingleThreadEventExecutor.reject(SingleThreadEventExecutor.java:934)
	at io.netty.util.concurrent.SingleThreadEventExecutor.offerTask(SingleThreadEventExecutor.java:353)
	at io.netty.util.concurrent.SingleThreadEventExecutor.addTask(SingleThreadEventExecutor.java:346)
	at io.netty.util.concurrent.SingleThreadEventExecutor.execute(SingleThreadEventExecutor.java:836)
	at io.netty.util.concurrent.SingleThreadEventExecutor.execute0(SingleThreadEventExecutor.java:827)
	at io.netty.util.concurrent.SingleThreadEventExecutor.execute(SingleThreadEventExecutor.java:817)
	at io.netty.util.concurrent.DefaultPromise.safeExecute(DefaultPromise.java:879)
	at io.netty.util.concurrent.DefaultPromise.notifyListeners(DefaultPromise.java:514)
	at io.netty.util.concurrent.DefaultPromise.addListener(DefaultPromise.java:199)
	at io.netty.channel.DefaultChannelPromise.addListener(DefaultChannelPromise.java:95)
	at io.netty.channel.DefaultChannelPromise.addListener(DefaultChannelPromise.java:30)
	at io.netty.bootstrap.ServerBootstrap$ServerBootstrapAcceptor.channelRead(ServerBootstrap.java:249)
	at io.netty.channel.AbstractChannelHandlerContext.invokeChannelRead(AbstractChannelHandlerContext.java:444)
	at io.netty.channel.AbstractChannelHandlerContext.invokeChannelRead(AbstractChannelHandlerContext.java:420)
	at io.netty.channel.AbstractChannelHandlerContext.fireChannelRead(AbstractChannelHandlerContext.java:412)
	at io.netty.channel.DefaultChannelPipeline$HeadContext.channelRead(DefaultChannelPipeline.java:1357)
	at io.netty.channel.AbstractChannelHandlerContext.invokeChannelRead(AbstractChannelHandlerContext.java:440)
	at io.netty.channel.AbstractChannelHandlerContext.invokeChannelRead(AbstractChannelHandlerContext.java:420)
	at io.netty.channel.DefaultChannelPipeline.fireChannelRead(DefaultChannelPipeline.java:868)
	at io.netty.channel.nio.AbstractNioMessageChannel$NioMessageUnsafe.read(AbstractNioMessageChannel.java:97)
	at io.netty.channel.nio.NioEventLoop.processSelectedKey(NioEventLoop.java:796)
	at io.netty.channel.nio.NioEventLoop.processSelectedKeysOptimized(NioEventLoop.java:732)
	at io.netty.channel.nio.NioEventLoop.processSelectedKeys(NioEventLoop.java:658)
	at io.netty.channel.nio.NioEventLoop.run(NioEventLoop.java:562)
	at io.netty.util.concurrent.SingleThreadEventExecutor$4.run(SingleThreadEventExecutor.java:998)
	at io.netty.util.internal.ThreadExecutorMap$2.run(ThreadExecutorMap.java:74)
	at io.netty.util.concurrent.FastThreadLocalRunnable.run(FastThreadLocalRunnable.java:30)
	at java.base/java.lang.Thread.run(Thread.java:1583)

Aug 31, 2026 12:24:09 AM io.gapi.emulators.netty.HttpVersionRoutingHandler channelRead
INFO: Detected non-HTTP/2 connection.
Aug 31, 2026 12:24:09 AM io.gapi.emulators.netty.HttpVersionRoutingHandler channelRead
INFO: Detected non-HTTP/2 connection.
Aug 31, 2026 12:24:09 AM io.gapi.emulators.netty.HttpVersionRoutingHandler channelRead
INFO: Detected non-HTTP/2 connection.
Aug 31, 2026 12:24:09 AM io.gapi.emulators.netty.HttpVersionRoutingHandler channelRead
INFO: Detected non-HTTP/2 connection.
Aug 31, 2026 12:24:09 AM io.netty.channel.AbstractChannel$AbstractUnsafe register
WARNING: Force-closing a channel whose registration task was not accepted by an event loop: [id: 0xd920a298, L:/127.0.0.1:39155 - R:/127.0.0.1:36932]
java.util.concurrent.RejectedExecutionException: event executor terminated
	at io.netty.util.concurrent.SingleThreadEventExecutor.reject(SingleThreadEventExecutor.java:934)
	at io.netty.util.concurrent.SingleThreadEventExecutor.offerTask(SingleThreadEventExecutor.java:353)
	at io.netty.util.concurrent.SingleThreadEventExecutor.addTask(SingleThreadEventExecutor.java:346)
	at io.netty.util.concurrent.SingleThreadEventExecutor.execute(SingleThreadEventExecutor.java:836)
	at io.netty.util.concurrent.SingleThreadEventExecutor.execute0(SingleThreadEventExecutor.java:827)
	at io.netty.util.concurrent.SingleThreadEventExecutor.execute(SingleThreadEventExecutor.java:817)
	at io.netty.channel.AbstractChannel$AbstractUnsafe.register(AbstractChannel.java:482)
	at io.netty.channel.SingleThreadEventLoop.register(SingleThreadEventLoop.java:89)
	at io.netty.channel.SingleThreadEventLoop.register(SingleThreadEventLoop.java:83)
	at io.netty.channel.MultithreadEventLoopGroup.register(MultithreadEventLoopGroup.java:86)
	at io.netty.bootstrap.ServerBootstrap$ServerBootstrapAcceptor.channelRead(ServerBootstrap.java:249)
	at io.netty.channel.AbstractChannelHandlerContext.invokeChannelRead(AbstractChannelHandlerContext.java:444)
	at io.netty.channel.AbstractChannelHandlerContext.invokeChannelRead(AbstractChannelHandlerContext.java:420)
	at io.netty.channel.AbstractChannelHandlerContext.fireChannelRead(AbstractChannelHandlerContext.java:412)
	at io.netty.channel.DefaultChannelPipeline$HeadContext.channelRead(DefaultChannelPipeline.java:1357)
	at io.netty.channel.AbstractChannelHandlerContext.invokeChannelRead(AbstractChannelHandlerContext.java:440)
	at io.netty.channel.AbstractChannelHandlerContext.invokeChannelRead(AbstractChannelHandlerContext.java:420)
	at io.netty.channel.DefaultChannelPipeline.fireChannelRead(DefaultChannelPipeline.java:868)
	at io.netty.channel.nio.AbstractNioMessageChannel$NioMessageUnsafe.read(AbstractNioMessageChannel.java:97)
	at io.netty.channel.nio.NioEventLoop.processSelectedKey(NioEventLoop.java:796)
	at io.netty.channel.nio.NioEventLoop.processSelectedKeysOptimized(NioEventLoop.java:732)
	at io.netty.channel.nio.NioEventLoop.processSelectedKeys(NioEventLoop.java:658)
	at io.netty.channel.nio.NioEventLoop.run(NioEventLoop.java:562)
	at io.netty.util.concurrent.SingleThreadEventExecutor$4.run(SingleThreadEventExecutor.java:998)
	at io.netty.util.internal.ThreadExecutorMap$2.run(ThreadExecutorMap.java:74)
	at io.netty.util.concurrent.FastThreadLocalRunnable.run(FastThreadLocalRunnable.java:30)
	at java.base/java.lang.Thread.run(Thread.java:1583)

Aug 31, 2026 12:24:09 AM io.gapi.emulators.netty.HttpVersionRoutingHandler channelRead
INFO: Detected non-HTTP/2 connection.
Aug 31, 2026 12:24:09 AM io.netty.util.concurrent.DefaultPromise safeExecute
SEVERE: Failed to submit a listener notification task. Event loop shut down?
java.util.concurrent.RejectedExecutionException: event executor terminated
	at io.netty.util.concurrent.SingleThreadEventExecutor.reject(SingleThreadEventExecutor.java:934)
	at io.netty.util.concurrent.SingleThreadEventExecutor.offerTask(SingleThreadEventExecutor.java:353)
	at io.netty.util.concurrent.SingleThreadEventExecutor.addTask(SingleThreadEventExecutor.java:346)
	at io.netty.util.concurrent.SingleThreadEventExecutor.execute(SingleThreadEventExecutor.java:836)
	at io.netty.util.concurrent.SingleThreadEventExecutor.execute0(SingleThreadEventExecutor.java:827)
	at io.netty.util.concurrent.SingleThreadEventExecutor.execute(SingleThreadEventExecutor.java:817)
	at io.netty.util.concurrent.DefaultPromise.safeExecute(DefaultPromise.java:879)
	at io.netty.util.concurrent.DefaultPromise.notifyListeners(DefaultPromise.java:514)
	at io.netty.util.concurrent.DefaultPromise.addListener(DefaultPromise.java:199)
	at io.netty.channel.DefaultChannelPromise.addListener(DefaultChannelPromise.java:95)
	at io.netty.channel.DefaultChannelPromise.addListener(DefaultChannelPromise.java:30)
	at io.netty.bootstrap.ServerBootstrap$ServerBootstrapAcceptor.channelRead(ServerBootstrap.java:249)
	at io.netty.channel.AbstractChannelHandlerContext.invokeChannelRead(AbstractChannelHandlerContext.java:444)
	at io.netty.channel.AbstractChannelHandlerContext.invokeChannelRead(AbstractChannelHandlerContext.java:420)
	at io.netty.channel.AbstractChannelHandlerContext.fireChannelRead(AbstractChannelHandlerContext.java:412)
	at io.netty.channel.DefaultChannelPipeline$HeadContext.channelRead(DefaultChannelPipeline.java:1357)
	at io.netty.channel.AbstractChannelHandlerContext.invokeChannelRead(AbstractChannelHandlerContext.java:440)
	at io.netty.channel.AbstractChannelHandlerContext.invokeChannelRead(AbstractChannelHandlerContext.java:420)
	at io.netty.channel.DefaultChannelPipeline.fireChannelRead(DefaultChannelPipeline.java:868)
	at io.netty.channel.nio.AbstractNioMessageChannel$NioMessageUnsafe.read(AbstractNioMessageChannel.java:97)
	at io.netty.channel.nio.NioEventLoop.processSelectedKey(NioEventLoop.java:796)
	at io.netty.channel.nio.NioEventLoop.processSelectedKeysOptimized(NioEventLoop.java:732)
	at io.netty.channel.nio.NioEventLoop.processSelectedKeys(NioEventLoop.java:658)
	at io.netty.channel.nio.NioEventLoop.run(NioEventLoop.java:562)
	at io.netty.util.concurrent.SingleThreadEventExecutor$4.run(SingleThreadEventExecutor.java:998)
	at io.netty.util.internal.ThreadExecutorMap$2.run(ThreadExecutorMap.java:74)
	at io.netty.util.concurrent.FastThreadLocalRunnable.run(FastThreadLocalRunnable.java:30)
	at java.base/java.lang.Thread.run(Thread.java:1583)

Aug 31, 2026 12:24:09 AM io.gapi.emulators.netty.HttpVersionRoutingHandler channelRead
INFO: Detected non-HTTP/2 connection.
Aug 31, 2026 12:24:10 AM io.gapi.emulators.netty.HttpVersionRoutingHandler channelRead
INFO: Detected non-HTTP/2 connection.
Aug 31, 2026 12:24:10 AM io.gapi.emulators.netty.HttpVersionRoutingHandler channelRead
INFO: Detected non-HTTP/2 connection.
Aug 31, 2026 12:24:10 AM io.gapi.emulators.netty.HttpVersionRoutingHandler channelRead
INFO: Detected non-HTTP/2 connection.
Aug 31, 2026 12:24:10 AM io.gapi.emulators.netty.HttpVersionRoutingHandler channelRead
INFO: Detected non-HTTP/2 connection.
Aug 31, 2026 12:24:11 AM io.gapi.emulators.netty.HttpVersionRoutingHandler channelRead
INFO: Detected non-HTTP/2 connection.
Aug 31, 2026 12:24:12 AM com.google.cloud.datastore.emulator.impl.util.WrappedStreamObserver onError
WARNING: Operation failed: Java heap space
java.lang.OutOfMemoryError: Java heap space

Aug 31, 2026 12:24:17 AM com.google.cloud.datastore.emulator.impl.util.WrappedStreamObserver onError
WARNING: Operation failed: Java heap space: failed reallocation of scalar replaced objects
java.lang.OutOfMemoryError: Java heap space: failed reallocation of scalar replaced objects

Aug 31, 2026 12:24:23 AM com.google.cloud.datastore.emulator.impl.util.WrappedStreamObserver onError
WARNING: Operation failed: Java heap space: failed reallocation of scalar replaced objects
java.lang.OutOfMemoryError: Java heap space: failed reallocation of scalar replaced objects

Aug 31, 2026 12:24:28 AM com.google.cloud.datastore.emulator.impl.util.WrappedStreamObserver onError
WARNING: Operation failed: Java heap space: failed reallocation of scalar replaced objects
java.lang.OutOfMemoryError: Java heap space: failed reallocation of scalar replaced objects

Aug 31, 2026 12:24:33 AM com.google.cloud.datastore.emulator.impl.util.WrappedStreamObserver onError
WARNING: Operation failed: Java heap space
java.lang.OutOfMemoryError: Java heap space

Aug 31, 2026 12:24:35 AM io.gapi.emulators.netty.HttpVersionRoutingHandler channelRead
INFO: Detected non-HTTP/2 connection.
Aug 31, 2026 12:24:35 AM io.gapi.emulators.netty.HttpVersionRoutingHandler channelRead
INFO: Detected non-HTTP/2 connection.
Aug 31, 2026 12:24:35 AM io.gapi.emulators.netty.HttpVersionRoutingHandler channelRead
INFO: Detected non-HTTP/2 connection.
Aug 31, 2026 12:24:35 AM io.netty.channel.AbstractChannel$AbstractUnsafe register
WARNING: Force-closing a channel whose registration task was not accepted by an event loop: [id: 0x42b936f4, L:/127.0.0.1:39155 - R:/127.0.0.1:37150]
java.util.concurrent.RejectedExecutionException: event executor terminated
	at io.netty.util.concurrent.SingleThreadEventExecutor.reject(SingleThreadEventExecutor.java:934)
	at io.netty.util.concurrent.SingleThreadEventExecutor.offerTask(SingleThreadEventExecutor.java:353)
	at io.netty.util.concurrent.SingleThreadEventExecutor.addTask(SingleThreadEventExecutor.java:346)
	at io.netty.util.concurrent.SingleThreadEventExecutor.execute(SingleThreadEventExecutor.java:836)
	at io.netty.util.concurrent.SingleThreadEventExecutor.execute0(SingleThreadEventExecutor.java:827)
	at io.netty.util.concurrent.SingleThreadEventExecutor.execute(SingleThreadEventExecutor.java:817)
	at io.netty.channel.AbstractChannel$AbstractUnsafe.register(AbstractChannel.java:482)
	at io.netty.channel.SingleThreadEventLoop.register(SingleThreadEventLoop.java:89)
	at io.netty.channel.SingleThreadEventLoop.register(SingleThreadEventLoop.java:83)
	at io.netty.channel.MultithreadEventLoopGroup.register(MultithreadEventLoopGroup.java:86)
	at io.netty.bootstrap.ServerBootstrap$ServerBootstrapAcceptor.channelRead(ServerBootstrap.java:249)
	at io.netty.channel.AbstractChannelHandlerContext.invokeChannelRead(AbstractChannelHandlerContext.java:444)
	at io.netty.channel.AbstractChannelHandlerContext.invokeChannelRead(AbstractChannelHandlerContext.java:420)
	at io.netty.channel.AbstractChannelHandlerContext.fireChannelRead(AbstractChannelHandlerContext.java:412)
	at io.netty.channel.DefaultChannelPipeline$HeadContext.channelRead(DefaultChannelPipeline.java:1357)
	at io.netty.channel.AbstractChannelHandlerContext.invokeChannelRead(AbstractChannelHandlerContext.java:440)
	at io.netty.channel.AbstractChannelHandlerContext.invokeChannelRead(AbstractChannelHandlerContext.java:420)
	at io.netty.channel.DefaultChannelPipeline.fireChannelRead(DefaultChannelPipeline.java:868)
	at io.netty.channel.nio.AbstractNioMessageChannel$NioMessageUnsafe.read(AbstractNioMessageChannel.java:97)
	at io.netty.channel.nio.NioEventLoop.processSelectedKey(NioEventLoop.java:796)
	at io.netty.channel.nio.NioEventLoop.processSelectedKeysOptimized(NioEventLoop.java:732)
	at io.netty.channel.nio.NioEventLoop.processSelectedKeys(NioEventLoop.java:658)
	at io.netty.channel.nio.NioEventLoop.run(NioEventLoop.java:562)
	at io.netty.util.concurrent.SingleThreadEventExecutor$4.run(SingleThreadEventExecutor.java:998)
	at io.netty.util.internal.ThreadExecutorMap$2.run(ThreadExecutorMap.java:74)
	at io.netty.util.concurrent.FastThreadLocalRunnable.run(FastThreadLocalRunnable.java:30)
	at java.base/java.lang.Thread.run(Thread.java:1583)

Aug 31, 2026 12:24:35 AM io.netty.util.concurrent.DefaultPromise safeExecute
SEVERE: Failed to submit a listener notification task. Event loop shut down?
java.util.concurrent.RejectedExecutionException: event executor terminated
	at io.netty.util.concurrent.SingleThreadEventExecutor.reject(SingleThreadEventExecutor.java:934)
	at io.netty.util.concurrent.SingleThreadEventExecutor.offerTask(SingleThreadEventExecutor.java:353)
	at io.netty.util.concurrent.SingleThreadEventExecutor.addTask(SingleThreadEventExecutor.java:346)
	at io.netty.util.concurrent.SingleThreadEventExecutor.execute(SingleThreadEventExecutor.java:836)
	at io.netty.util.concurrent.SingleThreadEventExecutor.execute0(SingleThreadEventExecutor.java:827)
	at io.netty.util.concurrent.SingleThreadEventExecutor.execute(SingleThreadEventExecutor.java:817)
	at io.netty.util.concurrent.DefaultPromise.safeExecute(DefaultPromise.java:879)
	at io.netty.util.concurrent.DefaultPromise.notifyListeners(DefaultPromise.java:514)
	at io.netty.util.concurrent.DefaultPromise.addListener(DefaultPromise.java:199)
	at io.netty.channel.DefaultChannelPromise.addListener(DefaultChannelPromise.java:95)
	at io.netty.channel.DefaultChannelPromise.addListener(DefaultChannelPromise.java:30)
	at io.netty.bootstrap.ServerBootstrap$ServerBootstrapAcceptor.channelRead(ServerBootstrap.java:249)
	at io.netty.channel.AbstractChannelHandlerContext.invokeChannelRead(AbstractChannelHandlerContext.java:444)
	at io.netty.channel.AbstractChannelHandlerContext.invokeChannelRead(AbstractChannelHandlerContext.java:420)
	at io.netty.channel.AbstractChannelHandlerContext.fireChannelRead(AbstractChannelHandlerContext.java:412)
	at io.netty.channel.DefaultChannelPipeline$HeadContext.channelRead(DefaultChannelPipeline.java:1357)
	at io.netty.channel.AbstractChannelHandlerContext.invokeChannelRead(AbstractChannelHandlerContext.java:440)
	at io.netty.channel.AbstractChannelHandlerContext.invokeChannelRead(AbstractChannelHandlerContext.java:420)
	at io.netty.channel.DefaultChannelPipeline.fireChannelRead(DefaultChannelPipeline.java:868)
	at io.netty.channel.nio.AbstractNioMessageChannel$NioMessageUnsafe.read(AbstractNioMessageChannel.java:97)
	at io.netty.channel.nio.NioEventLoop.processSelectedKey(NioEventLoop.java:796)
	at io.netty.channel.nio.NioEventLoop.processSelectedKeysOptimized(NioEventLoop.java:732)
	at io.netty.channel.nio.NioEventLoop.processSelectedKeys(NioEventLoop.java:658)
	at io.netty.channel.nio.NioEventLoop.run(NioEventLoop.java:562)
	at io.netty.util.concurrent.SingleThreadEventExecutor$4.run(SingleThreadEventExecutor.java:998)
	at io.netty.util.internal.ThreadExecutorMap$2.run(ThreadExecutorMap.java:74)
	at io.netty.util.concurrent.FastThreadLocalRunnable.run(FastThreadLocalRunnable.java:30)
	at java.base/java.lang.Thread.run(Thread.java:1583)

Aug 31, 2026 12:24:35 AM io.gapi.emulators.netty.HttpVersionRoutingHandler channelRead
INFO: Detected non-HTTP/2 connection.
Aug 31, 2026 12:24:35 AM io.gapi.emulators.netty.HttpVersionRoutingHandler channelRead
INFO: Detected non-HTTP/2 connection.
Aug 31, 2026 12:24:35 AM io.gapi.emulators.netty.HttpVersionRoutingHandler channelRead
INFO: Detected non-HTTP/2 connection.
Aug 31, 2026 12:24:35 AM io.netty.channel.AbstractChannel$AbstractUnsafe register
WARNING: Force-closing a channel whose registration task was not accepted by an event loop: [id: 0x93ff59aa, L:/127.0.0.1:39155 - R:/127.0.0.1:37186]
java.util.concurrent.RejectedExecutionException: event executor terminated
	at io.netty.util.concurrent.SingleThreadEventExecutor.reject(SingleThreadEventExecutor.java:934)
	at io.netty.util.concurrent.SingleThreadEventExecutor.offerTask(SingleThreadEventExecutor.java:353)
	at io.netty.util.concurrent.SingleThreadEventExecutor.addTask(SingleThreadEventExecutor.java:346)
	at io.netty.util.concurrent.SingleThreadEventExecutor.execute(SingleThreadEventExecutor.java:836)
	at io.netty.util.concurrent.SingleThreadEventExecutor.execute0(SingleThreadEventExecutor.java:827)
	at io.netty.util.concurrent.SingleThreadEventExecutor.execute(SingleThreadEventExecutor.java:817)
	at io.netty.channel.AbstractChannel$AbstractUnsafe.register(AbstractChannel.java:482)
	at io.netty.channel.SingleThreadEventLoop.register(SingleThreadEventLoop.java:89)
	at io.netty.channel.SingleThreadEventLoop.register(SingleThreadEventLoop.java:83)
	at io.netty.channel.MultithreadEventLoopGroup.register(MultithreadEventLoopGroup.java:86)
	at io.netty.bootstrap.ServerBootstrap$ServerBootstrapAcceptor.channelRead(ServerBootstrap.java:249)
	at io.netty.channel.AbstractChannelHandlerContext.invokeChannelRead(AbstractChannelHandlerContext.java:444)
	at io.netty.channel.AbstractChannelHandlerContext.invokeChannelRead(AbstractChannelHandlerContext.java:420)
	at io.netty.channel.AbstractChannelHandlerContext.fireChannelRead(AbstractChannelHandlerContext.java:412)
	at io.netty.channel.DefaultChannelPipeline$HeadContext.channelRead(DefaultChannelPipeline.java:1357)
	at io.netty.channel.AbstractChannelHandlerContext.invokeChannelRead(AbstractChannelHandlerContext.java:440)
	at io.netty.channel.AbstractChannelHandlerContext.invokeChannelRead(AbstractChannelHandlerContext.java:420)
	at io.netty.channel.DefaultChannelPipeline.fireChannelRead(DefaultChannelPipeline.java:868)
	at io.netty.channel.nio.AbstractNioMessageChannel$NioMessageUnsafe.read(AbstractNioMessageChannel.java:97)
	at io.netty.channel.nio.NioEventLoop.processSelectedKey(NioEventLoop.java:796)
	at io.netty.channel.nio.NioEventLoop.processSelectedKeysOptimized(NioEventLoop.java:732)
	at io.netty.channel.nio.NioEventLoop.processSelectedKeys(NioEventLoop.java:658)
	at io.netty.channel.nio.NioEventLoop.run(NioEventLoop.java:562)
	at io.netty.util.concurrent.SingleThreadEventExecutor$4.run(SingleThreadEventExecutor.java:998)
	at io.netty.util.internal.ThreadExecutorMap$2.run(ThreadExecutorMap.java:74)
	at io.netty.util.concurrent.FastThreadLocalRunnable.run(FastThreadLocalRunnable.java:30)
	at java.base/java.lang.Thread.run(Thread.java:1583)

Aug 31, 2026 12:24:35 AM io.netty.util.concurrent.DefaultPromise safeExecute
SEVERE: Failed to submit a listener notification task. Event loop shut down?
java.util.concurrent.RejectedExecutionException: event executor terminated
	at io.netty.util.concurrent.SingleThreadEventExecutor.reject(SingleThreadEventExecutor.java:934)
	at io.netty.util.concurrent.SingleThreadEventExecutor.offerTask(SingleThreadEventExecutor.java:353)
	at io.netty.util.concurrent.SingleThreadEventExecutor.addTask(SingleThreadEventExecutor.java:346)
	at io.netty.util.concurrent.SingleThreadEventExecutor.execute(SingleThreadEventExecutor.java:836)
	at io.netty.util.concurrent.SingleThreadEventExecutor.execute0(SingleThreadEventExecutor.java:827)
	at io.netty.util.concurrent.SingleThreadEventExecutor.execute(SingleThreadEventExecutor.java:817)
	at io.netty.util.concurrent.DefaultPromise.safeExecute(DefaultPromise.java:879)
	at io.netty.util.concurrent.DefaultPromise.notifyListeners(DefaultPromise.java:514)
	at io.netty.util.concurrent.DefaultPromise.addListener(DefaultPromise.java:199)
	at io.netty.channel.DefaultChannelPromise.addListener(DefaultChannelPromise.java:95)
	at io.netty.channel.DefaultChannelPromise.addListener(DefaultChannelPromise.java:30)
	at io.netty.bootstrap.ServerBootstrap$ServerBootstrapAcceptor.channelRead(ServerBootstrap.java:249)
	at io.netty.channel.AbstractChannelHandlerContext.invokeChannelRead(AbstractChannelHandlerContext.java:444)
	at io.netty.channel.AbstractChannelHandlerContext.invokeChannelRead(AbstractChannelHandlerContext.java:420)
	at io.netty.channel.AbstractChannelHandlerContext.fireChannelRead(AbstractChannelHandlerContext.java:412)
	at io.netty.channel.DefaultChannelPipeline$HeadContext.channelRead(DefaultChannelPipeline.java:1357)
	at io.netty.channel.AbstractChannelHandlerContext.invokeChannelRead(AbstractChannelHandlerContext.java:440)
	at io.netty.channel.AbstractChannelHandlerContext.invokeChannelRead(AbstractChannelHandlerContext.java:420)
	at io.netty.channel.DefaultChannelPipeline.fireChannelRead(DefaultChannelPipeline.java:868)
	at io.netty.channel.nio.AbstractNioMessageChannel$NioMessageUnsafe.read(AbstractNioMessageChannel.java:97)
	at io.netty.channel.nio.NioEventLoop.processSelectedKey(NioEventLoop.java:796)
	at io.netty.channel.nio.NioEventLoop.processSelectedKeysOptimized(NioEventLoop.java:732)
	at io.netty.channel.nio.NioEventLoop.processSelectedKeys(NioEventLoop.java:658)
	at io.netty.channel.nio.NioEventLoop.run(NioEventLoop.java:562)
	at io.netty.util.concurrent.SingleThreadEventExecutor$4.run(SingleThreadEventExecutor.java:998)
	at io.netty.util.internal.ThreadExecutorMap$2.run(ThreadExecutorMap.java:74)
	at io.netty.util.concurrent.FastThreadLocalRunnable.run(FastThreadLocalRunnable.java:30)
	at java.base/java.lang.Thread.run(Thread.java:1583)

Aug 31, 2026 12:24:35 AM io.gapi.emulators.netty.HttpVersionRoutingHandler channelRead
INFO: Detected non-HTTP/2 connection.
Aug 31, 2026 12:24:35 AM io.gapi.emulators.netty.HttpVersionRoutingHandler channelRead
INFO: Detected non-HTTP/2 connection.
Aug 31, 2026 12:24:35 AM io.gapi.emulators.netty.HttpVersionRoutingHandler channelRead
INFO: Detected non-HTTP/2 connection.
Aug 31, 2026 12:24:35 AM io.gapi.emulators.netty.HttpVersionRoutingHandler channelRead
INFO: Detected non-HTTP/2 connection.
Aug 31, 2026 12:24:35 AM io.gapi.emulators.netty.HttpVersionRoutingHandler channelRead
INFO: Detected non-HTTP/2 connection.
Aug 31, 2026 12:24:35 AM io.gapi.emulators.netty.HttpVersionRoutingHandler channelRead
INFO: Detected non-HTTP/2 connection.
Aug 31, 2026 12:24:35 AM io.gapi.emulators.netty.HttpVersionRoutingHandler channelRead
INFO: Detected non-HTTP/2 connection.
Aug 31, 2026 12:24:35 AM io.netty.channel.AbstractChannel$AbstractUnsafe register
WARNING: Force-closing a channel whose registration task was not accepted by an event loop: [id: 0x0cbd2f37, L:/127.0.0.1:39155 - R:/127.0.0.1:37264]
java.util.concurrent.RejectedExecutionException: event executor terminated
	at io.netty.util.concurrent.SingleThreadEventExecutor.reject(SingleThreadEventExecutor.java:934)
	at io.netty.util.concurrent.SingleThreadEventExecutor.offerTask(SingleThreadEventExecutor.java:353)
	at io.netty.util.concurrent.SingleThreadEventExecutor.addTask(SingleThreadEventExecutor.java:346)
	at io.netty.util.concurrent.SingleThreadEventExecutor.execute(SingleThreadEventExecutor.java:836)
	at io.netty.util.concurrent.SingleThreadEventExecutor.execute0(SingleThreadEventExecutor.java:827)
	at io.netty.util.concurrent.SingleThreadEventExecutor.execute(SingleThreadEventExecutor.java:817)
	at io.netty.channel.AbstractChannel$AbstractUnsafe.register(AbstractChannel.java:482)
	at io.netty.channel.SingleThreadEventLoop.register(SingleThreadEventLoop.java:89)
	at io.netty.channel.SingleThreadEventLoop.register(SingleThreadEventLoop.java:83)
	at io.netty.channel.MultithreadEventLoopGroup.register(MultithreadEventLoopGroup.java:86)
	at io.netty.bootstrap.ServerBootstrap$ServerBootstrapAcceptor.channelRead(ServerBootstrap.java:249)
	at io.netty.channel.AbstractChannelHandlerContext.invokeChannelRead(AbstractChannelHandlerContext.java:444)
	at io.netty.channel.AbstractChannelHandlerContext.invokeChannelRead(AbstractChannelHandlerContext.java:420)
	at io.netty.channel.AbstractChannelHandlerContext.fireChannelRead(AbstractChannelHandlerContext.java:412)
	at io.netty.channel.DefaultChannelPipeline$HeadContext.channelRead(DefaultChannelPipeline.java:1357)
	at io.netty.channel.AbstractChannelHandlerContext.invokeChannelRead(AbstractChannelHandlerContext.java:440)
	at io.netty.channel.AbstractChannelHandlerContext.invokeChannelRead(AbstractChannelHandlerContext.java:420)
	at io.netty.channel.DefaultChannelPipeline.fireChannelRead(DefaultChannelPipeline.java:868)
	at io.netty.channel.nio.AbstractNioMessageChannel$NioMessageUnsafe.read(AbstractNioMessageChannel.java:97)
	at io.netty.channel.nio.NioEventLoop.processSelectedKey(NioEventLoop.java:796)
	at io.netty.channel.nio.NioEventLoop.processSelectedKeysOptimized(NioEventLoop.java:732)
	at io.netty.channel.nio.NioEventLoop.processSelectedKeys(NioEventLoop.java:658)
	at io.netty.channel.nio.NioEventLoop.run(NioEventLoop.java:562)
	at io.netty.util.concurrent.SingleThreadEventExecutor$4.run(SingleThreadEventExecutor.java:998)
	at io.netty.util.internal.ThreadExecutorMap$2.run(ThreadExecutorMap.java:74)
	at io.netty.util.concurrent.FastThreadLocalRunnable.run(FastThreadLocalRunnable.java:30)
	at java.base/java.lang.Thread.run(Thread.java:1583)

Aug 31, 2026 12:24:35 AM io.netty.util.concurrent.DefaultPromise safeExecute
SEVERE: Failed to submit a listener notification task. Event loop shut down?
java.util.concurrent.RejectedExecutionException: event executor terminated
	at io.netty.util.concurrent.SingleThreadEventExecutor.reject(SingleThreadEventExecutor.java:934)
	at io.netty.util.concurrent.SingleThreadEventExecutor.offerTask(SingleThreadEventExecutor.java:353)
	at io.netty.util.concurrent.SingleThreadEventExecutor.addTask(SingleThreadEventExecutor.java:346)
	at io.netty.util.concurrent.SingleThreadEventExecutor.execute(SingleThreadEventExecutor.java:836)
	at io.netty.util.concurrent.SingleThreadEventExecutor.execute0(SingleThreadEventExecutor.java:827)
	at io.netty.util.concurrent.SingleThreadEventExecutor.execute(SingleThreadEventExecutor.java:817)
	at io.netty.util.concurrent.DefaultPromise.safeExecute(DefaultPromise.java:879)
	at io.netty.util.concurrent.DefaultPromise.notifyListeners(DefaultPromise.java:514)
	at io.netty.util.concurrent.DefaultPromise.addListener(DefaultPromise.java:199)
	at io.netty.channel.DefaultChannelPromise.addListener(DefaultChannelPromise.java:95)
	at io.netty.channel.DefaultChannelPromise.addListener(DefaultChannelPromise.java:30)
	at io.netty.bootstrap.ServerBootstrap$ServerBootstrapAcceptor.channelRead(ServerBootstrap.java:249)
	at io.netty.channel.AbstractChannelHandlerContext.invokeChannelRead(AbstractChannelHandlerContext.java:444)
	at io.netty.channel.AbstractChannelHandlerContext.invokeChannelRead(AbstractChannelHandlerContext.java:420)
	at io.netty.channel.AbstractChannelHandlerContext.fireChannelRead(AbstractChannelHandlerContext.java:412)
	at io.netty.channel.DefaultChannelPipeline$HeadContext.channelRead(DefaultChannelPipeline.java:1357)
	at io.netty.channel.AbstractChannelHandlerContext.invokeChannelRead(AbstractChannelHandlerContext.java:440)
	at io.netty.channel.AbstractChannelHandlerContext.invokeChannelRead(AbstractChannelHandlerContext.java:420)
	at io.netty.channel.DefaultChannelPipeline.fireChannelRead(DefaultChannelPipeline.java:868)
	at io.netty.channel.nio.AbstractNioMessageChannel$NioMessageUnsafe.read(AbstractNioMessageChannel.java:97)
	at io.netty.channel.nio.NioEventLoop.processSelectedKey(NioEventLoop.java:796)
	at io.netty.channel.nio.NioEventLoop.processSelectedKeysOptimized(NioEventLoop.java:732)
	at io.netty.channel.nio.NioEventLoop.processSelectedKeys(NioEventLoop.java:658)
	at io.netty.channel.nio.NioEventLoop.run(NioEventLoop.java:562)
	at io.netty.util.concurrent.SingleThreadEventExecutor$4.run(SingleThreadEventExecutor.java:998)
	at io.netty.util.internal.ThreadExecutorMap$2.run(ThreadExecutorMap.java:74)
	at io.netty.util.concurrent.FastThreadLocalRunnable.run(FastThreadLocalRunnable.java:30)
	at java.base/java.lang.Thread.run(Thread.java:1583)

Aug 31, 2026 12:24:35 AM io.gapi.emulators.netty.HttpVersionRoutingHandler channelRead
INFO: Detected non-HTTP/2 connection.
Aug 31, 2026 12:24:35 AM io.gapi.emulators.netty.HttpVersionRoutingHandler channelRead
INFO: Detected non-HTTP/2 connection.
Aug 31, 2026 12:24:35 AM io.gapi.emulators.netty.HttpVersionRoutingHandler channelRead
INFO: Detected non-HTTP/2 connection.
Aug 31, 2026 12:24:36 AM io.gapi.emulators.netty.HttpVersionRoutingHandler channelRead
INFO: Detected non-HTTP/2 connection.
Aug 31, 2026 12:24:36 AM io.gapi.emulators.netty.HttpVersionRoutingHandler channelRead
INFO: Detected non-HTTP/2 connection.
Aug 31, 2026 12:24:36 AM io.gapi.emulators.netty.HttpVersionRoutingHandler channelRead
INFO: Detected non-HTTP/2 connection.
Aug 31, 2026 12:24:39 AM io.netty.util.concurrent.SingleThreadEventExecutor$4 run
WARNING: Unexpected exception from an event executor: 
java.lang.OutOfMemoryError: Java heap space

Aug 31, 2026 12:24:39 AM io.netty.util.concurrent.SingleThreadEventExecutor$4 run
WARNING: Unexpected exception from an event executor: 
java.lang.OutOfMemoryError: Java heap space

Aug 31, 2026 12:24:39 AM com.google.cloud.datastore.emulator.impl.util.WrappedStreamObserver onError
WARNING: Operation failed: Java heap space: failed reallocation of scalar replaced objects
java.lang.OutOfMemoryError: Java heap space: failed reallocation of scalar replaced objects

Aug 31, 2026 12:24:44 AM com.google.cloud.datastore.emulator.impl.util.WrappedStreamObserver onError
WARNING: Operation failed: Java heap space: failed reallocation of scalar replaced objects
java.lang.OutOfMemoryError: Java heap space: failed reallocation of scalar replaced objects

Aug 31, 2026 12:24:49 AM com.google.cloud.datastore.emulator.impl.util.WrappedStreamObserver onError
WARNING: Operation failed: Java heap space
java.lang.OutOfMemoryError: Java heap space

Aug 31, 2026 12:24:54 AM com.google.cloud.datastore.emulator.impl.util.WrappedStreamObserver onError
WARNING: Operation failed: Java heap space
java.lang.OutOfMemoryError: Java heap space

Aug 31, 2026 12:24:59 AM com.google.cloud.datastore.emulator.impl.util.WrappedStreamObserver onError
WARNING: Operation failed: Java heap space
java.lang.OutOfMemoryError: Java heap space

Aug 31, 2026 12:25:04 AM com.google.cloud.datastore.emulator.impl.util.WrappedStreamObserver onError
WARNING: Operation failed: Java heap space
java.lang.OutOfMemoryError: Java heap space

Aug 31, 2026 12:25:09 AM com.google.cloud.datastore.emulator.impl.util.WrappedStreamObserver onError
WARNING: Operation failed: Java heap space: failed reallocation of scalar replaced objects
java.lang.OutOfMemoryError: Java heap space: failed reallocation of scalar replaced objects

Aug 31, 2026 12:25:14 AM com.google.cloud.datastore.emulator.impl.util.WrappedStreamObserver onError
WARNING: Operation failed: Java heap space: failed reallocation of scalar replaced objects
java.lang.OutOfMemoryError: Java heap space: failed reallocation of scalar replaced objects

Aug 31, 2026 12:25:20 AM com.google.cloud.datastore.emulator.impl.util.WrappedStreamObserver onError
WARNING: Operation failed: Java heap space: failed reallocation of scalar replaced objects
java.lang.OutOfMemoryError: Java heap space: failed reallocation of scalar replaced objects

Aug 31, 2026 12:25:24 AM com.google.cloud.datastore.emulator.impl.util.WrappedStreamObserver onError
WARNING: Operation failed: Java heap space
java.lang.OutOfMemoryError: Java heap space

Aug 31, 2026 12:25:29 AM com.google.cloud.datastore.emulator.impl.util.WrappedStreamObserver onError
WARNING: Operation failed: Java heap space
java.lang.OutOfMemoryError: Java heap space

Aug 31, 2026 12:25:34 AM com.google.cloud.datastore.emulator.impl.util.WrappedStreamObserver onError
WARNING: Operation failed: Java heap space
java.lang.OutOfMemoryError: Java heap space

Aug 31, 2026 12:25:39 AM com.google.cloud.datastore.emulator.impl.util.WrappedStreamObserver onError
WARNING: Operation failed: Java heap space: failed reallocation of scalar replaced objects
java.lang.OutOfMemoryError: Java heap space: failed reallocation of scalar replaced objects

Aug 31, 2026 12:25:44 AM com.google.cloud.datastore.emulator.impl.util.WrappedStreamObserver onError
WARNING: Operation failed: Java heap space: failed reallocation of scalar replaced objects
java.lang.OutOfMemoryError: Java heap space: failed reallocation of scalar replaced objects

Aug 31, 2026 12:25:49 AM com.google.cloud.datastore.emulator.impl.util.WrappedStreamObserver onError
WARNING: Operation failed: Java heap space
java.lang.OutOfMemoryError: Java heap space

Aug 31, 2026 12:25:54 AM com.google.cloud.datastore.emulator.impl.util.WrappedStreamObserver onError
WARNING: Operation failed: Java heap space
java.lang.OutOfMemoryError: Java heap space

Aug 31, 2026 12:25:59 AM com.google.cloud.datastore.emulator.impl.util.WrappedStreamObserver onError
WARNING: Operation failed: Java heap space: failed reallocation of scalar replaced objects
java.lang.OutOfMemoryError: Java heap space: failed reallocation of scalar replaced objects

Aug 31, 2026 12:26:04 AM com.google.cloud.datastore.emulator.impl.util.WrappedStreamObserver onError
WARNING: Operation failed: Java heap space: failed reallocation of scalar replaced objects
java.lang.OutOfMemoryError: Java heap space: failed reallocation of scalar replaced objects

Aug 31, 2026 12:26:09 AM com.google.cloud.datastore.emulator.impl.util.WrappedStreamObserver onError
WARNING: Operation failed: Java heap space
java.lang.OutOfMemoryError: Java heap space

Aug 31, 2026 12:26:14 AM com.google.cloud.datastore.emulator.impl.util.WrappedStreamObserver onError
WARNING: Operation failed: Java heap space: failed reallocation of scalar replaced objects
java.lang.OutOfMemoryError: Java heap space: failed reallocation of scalar replaced objects

Aug 31, 2026 12:26:19 AM com.google.cloud.datastore.emulator.impl.util.WrappedStreamObserver onError
WARNING: Operation failed: Java heap space
java.lang.OutOfMemoryError: Java heap space

Aug 31, 2026 12:26:25 AM com.google.cloud.datastore.emulator.impl.util.WrappedStreamObserver onError
WARNING: Operation failed: Java heap space: failed reallocation of scalar replaced objects
java.lang.OutOfMemoryError: Java heap space: failed reallocation of scalar replaced objects

Aug 31, 2026 12:26:30 AM com.google.cloud.datastore.emulator.impl.util.WrappedStreamObserver onError
WARNING: Operation failed: Java heap space: failed reallocation of scalar replaced objects
java.lang.OutOfMemoryError: Java heap space: failed reallocation of scalar replaced objects

Aug 31, 2026 12:26:35 AM com.google.cloud.datastore.emulator.impl.util.WrappedStreamObserver onError
WARNING: Operation failed: Java heap space
java.lang.OutOfMemoryError: Java heap space

Aug 31, 2026 12:26:40 AM com.google.cloud.datastore.emulator.impl.util.WrappedStreamObserver onError
WARNING: Operation failed: Java heap space: failed reallocation of scalar replaced objects
java.lang.OutOfMemoryError: Java heap space: failed reallocation of scalar replaced objects

Aug 31, 2026 12:26:45 AM com.google.cloud.datastore.emulator.impl.util.WrappedStreamObserver onError
WARNING: Operation failed: Java heap space
java.lang.OutOfMemoryError: Java heap space

Aug 31, 2026 12:26:50 AM com.google.cloud.datastore.emulator.impl.util.WrappedStreamObserver onError
WARNING: Operation failed: Java heap space: failed reallocation of scalar replaced objects
java.lang.OutOfMemoryError: Java heap space: failed reallocation of scalar replaced objects

Aug 31, 2026 12:26:55 AM com.google.cloud.datastore.emulator.impl.util.WrappedStreamObserver onError
WARNING: Operation failed: Java heap space
java.lang.OutOfMemoryError: Java heap space

Aug 31, 2026 12:27:00 AM com.google.cloud.datastore.emulator.impl.util.WrappedStreamObserver onError
WARNING: Operation failed: Java heap space
java.lang.OutOfMemoryError: Java heap space

Aug 31, 2026 12:27:05 AM com.google.cloud.datastore.emulator.impl.util.WrappedStreamObserver onError
WARNING: Operation failed: Java heap space
java.lang.OutOfMemoryError: Java heap space

Aug 31, 2026 12:27:10 AM com.google.cloud.datastore.emulator.impl.util.WrappedStreamObserver onError
WARNING: Operation failed: Java heap space: failed reallocation of scalar replaced objects
java.lang.OutOfMemoryError: Java heap space: failed reallocation of scalar replaced objects

Aug 31, 2026 12:27:15 AM com.google.cloud.datastore.emulator.impl.util.WrappedStreamObserver onError
WARNING: Operation failed: Java heap space
java.lang.OutOfMemoryError: Java heap space

Aug 31, 2026 12:27:20 AM com.google.cloud.datastore.emulator.impl.util.WrappedStreamObserver onError
WARNING: Operation failed: Java heap space
java.lang.OutOfMemoryError: Java heap space

Aug 31, 2026 12:27:24 AM com.google.cloud.datastore.emulator.impl.util.WrappedStreamObserver onError
WARNING: Operation failed: Java heap space
java.lang.OutOfMemoryError: Java heap space

Aug 31, 2026 12:27:29 AM com.google.cloud.datastore.emulator.impl.util.WrappedStreamObserver onError
WARNING: Operation failed: Java heap space
java.lang.OutOfMemoryError: Java heap space

Aug 31, 2026 12:27:34 AM com.google.cloud.datastore.emulator.impl.util.WrappedStreamObserver onError
WARNING: Operation failed: Java heap space: failed reallocation of scalar replaced objects
java.lang.OutOfMemoryError: Java heap space: failed reallocation of scalar replaced objects

Aug 31, 2026 12:27:39 AM com.google.cloud.datastore.emulator.impl.util.WrappedStreamObserver onError
WARNING: Operation failed: Java heap space
java.lang.OutOfMemoryError: Java heap space

Aug 31, 2026 12:27:44 AM com.google.cloud.datastore.emulator.impl.util.WrappedStreamObserver onError
WARNING: Operation failed: Java heap space
java.lang.OutOfMemoryError: Java heap space

Aug 31, 2026 12:27:49 AM com.google.cloud.datastore.emulator.impl.util.WrappedStreamObserver onError
WARNING: Operation failed: Java heap space: failed reallocation of scalar replaced objects
java.lang.OutOfMemoryError: Java heap space: failed reallocation of scalar replaced objects

Aug 31, 2026 12:27:54 AM com.google.cloud.datastore.emulator.impl.util.WrappedStreamObserver onError
WARNING: Operation failed: Java heap space
java.lang.OutOfMemoryError: Java heap space

Aug 31, 2026 12:27:59 AM com.google.cloud.datastore.emulator.impl.util.WrappedStreamObserver onError
WARNING: Operation failed: Java heap space
java.lang.OutOfMemoryError: Java heap space

Aug 31, 2026 12:28:04 AM com.google.cloud.datastore.emulator.impl.util.WrappedStreamObserver onError
WARNING: Operation failed: Java heap space: failed reallocation of scalar replaced objects
java.lang.OutOfMemoryError: Java heap space: failed reallocation of scalar replaced objects

Aug 31, 2026 12:28:09 AM com.google.cloud.datastore.emulator.impl.util.WrappedStreamObserver onError
WARNING: Operation failed: Java heap space
java.lang.OutOfMemoryError: Java heap space

Aug 31, 2026 12:28:14 AM com.google.cloud.datastore.emulator.impl.util.WrappedStreamObserver onError
WARNING: Operation failed: Java heap space
java.lang.OutOfMemoryError: Java heap space

Aug 31, 2026 12:28:19 AM com.google.cloud.datastore.emulator.impl.util.WrappedStreamObserver onError
WARNING: Operation failed: Java heap space
java.lang.OutOfMemoryError: Java heap space

Aug 31, 2026 12:28:23 AM com.google.cloud.datastore.emulator.impl.util.WrappedStreamObserver onError
WARNING: Operation failed: Java heap space
java.lang.OutOfMemoryError: Java heap space

Aug 31, 2026 12:28:28 AM com.google.cloud.datastore.emulator.impl.util.WrappedStreamObserver onError
WARNING: Operation failed: Java heap space
java.lang.OutOfMemoryError: Java heap space

Aug 31, 2026 12:28:33 AM com.google.cloud.datastore.emulator.impl.util.WrappedStreamObserver onError
WARNING: Operation failed: Java heap space: failed reallocation of scalar replaced objects
java.lang.OutOfMemoryError: Java heap space: failed reallocation of scalar replaced objects

Aug 31, 2026 12:28:39 AM com.google.cloud.datastore.emulator.impl.util.WrappedStreamObserver onError
WARNING: Operation failed: Java heap space: failed reallocation of scalar replaced objects
java.lang.OutOfMemoryError: Java heap space: failed reallocation of scalar replaced objects

Aug 31, 2026 12:28:44 AM com.google.cloud.datastore.emulator.impl.util.WrappedStreamObserver onError
WARNING: Operation failed: Java heap space: failed reallocation of scalar replaced objects
java.lang.OutOfMemoryError: Java heap space: failed reallocation of scalar replaced objects

Aug 31, 2026 12:28:49 AM com.google.cloud.datastore.emulator.impl.util.WrappedStreamObserver onError
WARNING: Operation failed: Java heap space
java.lang.OutOfMemoryError: Java heap space

Aug 31, 2026 12:28:54 AM com.google.cloud.datastore.emulator.impl.util.WrappedStreamObserver onError
WARNING: Operation failed: Java heap space
java.lang.OutOfMemoryError: Java heap space

Aug 31, 2026 12:28:59 AM com.google.cloud.datastore.emulator.impl.util.WrappedStreamObserver onError
WARNING: Operation failed: Java heap space
java.lang.OutOfMemoryError: Java heap space

Aug 31, 2026 12:29:04 AM com.google.cloud.datastore.emulator.impl.util.WrappedStreamObserver onError
WARNING: Operation failed: Java heap space: failed reallocation of scalar replaced objects
java.lang.OutOfMemoryError: Java heap space: failed reallocation of scalar replaced objects

Aug 31, 2026 12:29:09 AM com.google.cloud.datastore.emulator.impl.util.WrappedStreamObserver onError
WARNING: Operation failed: Java heap space
java.lang.OutOfMemoryError: Java heap space

Aug 31, 2026 12:29:14 AM com.google.cloud.datastore.emulator.impl.util.WrappedStreamObserver onError
WARNING: Operation failed: Java heap space
java.lang.OutOfMemoryError: Java heap space

Aug 31, 2026 12:29:19 AM com.google.cloud.datastore.emulator.impl.util.WrappedStreamObserver onError
WARNING: Operation failed: Java heap space
java.lang.OutOfMemoryError: Java heap space

Aug 31, 2026 12:29:24 AM com.google.cloud.datastore.emulator.impl.util.WrappedStreamObserver onError
WARNING: Operation failed: Java heap space
java.lang.OutOfMemoryError: Java heap space

Aug 31, 2026 12:29:29 AM com.google.cloud.datastore.emulator.impl.util.WrappedStreamObserver onError
WARNING: Operation failed: Java heap space: failed reallocation of scalar replaced objects
java.lang.OutOfMemoryError: Java heap space: failed reallocation of scalar replaced objects

Aug 31, 2026 12:29:34 AM com.google.cloud.datastore.emulator.impl.util.WrappedStreamObserver onError
WARNING: Operation failed: Java heap space
java.lang.OutOfMemoryError: Java heap space

Aug 31, 2026 12:29:39 AM com.google.cloud.datastore.emulator.impl.util.WrappedStreamObserver onError
WARNING: Operation failed: Java heap space: failed reallocation of scalar replaced objects
java.lang.OutOfMemoryError: Java heap space: failed reallocation of scalar replaced objects

Aug 31, 2026 12:29:44 AM com.google.cloud.datastore.emulator.impl.util.WrappedStreamObserver onError
WARNING: Operation failed: Java heap space
java.lang.OutOfMemoryError: Java heap space

Aug 31, 2026 12:29:49 AM com.google.cloud.datastore.emulator.impl.util.WrappedStreamObserver onError
WARNING: Operation failed: Java heap space
java.lang.OutOfMemoryError: Java heap space

Aug 31, 2026 12:29:54 AM com.google.cloud.datastore.emulator.impl.util.WrappedStreamObserver onError
WARNING: Operation failed: Java heap space: failed reallocation of scalar replaced objects
java.lang.OutOfMemoryError: Java heap space: failed reallocation of scalar replaced objects

Aug 31, 2026 12:29:59 AM com.google.cloud.datastore.emulator.impl.util.WrappedStreamObserver onError
WARNING: Operation failed: Java heap space
java.lang.OutOfMemoryError: Java heap space

Aug 31, 2026 12:30:04 AM com.google.cloud.datastore.emulator.impl.util.WrappedStreamObserver onError
WARNING: Operation failed: Java heap space
java.lang.OutOfMemoryError: Java heap space

Aug 31, 2026 12:30:09 AM com.google.cloud.datastore.emulator.impl.util.WrappedStreamObserver onError
WARNING: Operation failed: Java heap space: failed reallocation of scalar replaced objects
java.lang.OutOfMemoryError: Java heap space: failed reallocation of scalar replaced objects

Aug 31, 2026 12:30:14 AM com.google.cloud.datastore.emulator.impl.util.WrappedStreamObserver onError
WARNING: Operation failed: Java heap space: failed reallocation of scalar replaced objects
java.lang.OutOfMemoryError: Java heap space: failed reallocation of scalar replaced objects

Aug 31, 2026 12:30:19 AM com.google.cloud.datastore.emulator.impl.util.WrappedStreamObserver onError
WARNING: Operation failed: Java heap space: failed reallocation of scalar replaced objects
java.lang.OutOfMemoryError: Java heap space: failed reallocation of scalar replaced objects

Aug 31, 2026 12:30:24 AM com.google.cloud.datastore.emulator.impl.util.WrappedStreamObserver onError
WARNING: Operation failed: Java heap space
java.lang.OutOfMemoryError: Java heap space

Aug 31, 2026 12:30:29 AM com.google.cloud.datastore.emulator.impl.util.WrappedStreamObserver onError
WARNING: Operation failed: Java heap space
java.lang.OutOfMemoryError: Java heap space

Aug 31, 2026 12:30:34 AM com.google.cloud.datastore.emulator.impl.util.WrappedStreamObserver onError
WARNING: Operation failed: Java heap space: failed reallocation of scalar replaced objects
java.lang.OutOfMemoryError: Java heap space: failed reallocation of scalar replaced objects

Aug 31, 2026 12:30:39 AM com.google.cloud.datastore.emulator.impl.util.WrappedStreamObserver onError
WARNING: Operation failed: Java heap space
java.lang.OutOfMemoryError: Java heap space

Aug 31, 2026 12:30:44 AM com.google.cloud.datastore.emulator.impl.util.WrappedStreamObserver onError
WARNING: Operation failed: Java heap space: failed reallocation of scalar replaced objects
java.lang.OutOfMemoryError: Java heap space: failed reallocation of scalar replaced objects

Aug 31, 2026 12:30:49 AM com.google.cloud.datastore.emulator.impl.util.WrappedStreamObserver onError
WARNING: Operation failed: Java heap space: failed reallocation of scalar replaced objects
java.lang.OutOfMemoryError: Java heap space: failed reallocation of scalar replaced objects

Aug 31, 2026 12:30:54 AM com.google.cloud.datastore.emulator.impl.util.WrappedStreamObserver onError
WARNING: Operation failed: Java heap space
java.lang.OutOfMemoryError: Java heap space

Aug 31, 2026 12:30:58 AM com.google.cloud.datastore.emulator.impl.util.WrappedStreamObserver onError
WARNING: Operation failed: Java heap space
java.lang.OutOfMemoryError: Java heap space

Aug 31, 2026 12:31:04 AM com.google.cloud.datastore.emulator.impl.util.WrappedStreamObserver onError
WARNING: Operation failed: Java heap space: failed reallocation of scalar replaced objects
java.lang.OutOfMemoryError: Java heap space: failed reallocation of scalar replaced objects

Aug 31, 2026 12:31:09 AM com.google.cloud.datastore.emulator.impl.util.WrappedStreamObserver onError
WARNING: Operation failed: Java heap space
java.lang.OutOfMemoryError: Java heap space

Aug 31, 2026 12:31:14 AM com.google.cloud.datastore.emulator.impl.util.WrappedStreamObserver onError
WARNING: Operation failed: Java heap space: failed reallocation of scalar replaced objects
java.lang.OutOfMemoryError: Java heap space: failed reallocation of scalar replaced objects

Aug 31, 2026 12:31:19 AM com.google.cloud.datastore.emulator.impl.util.WrappedStreamObserver onError
WARNING: Operation failed: Java heap space
java.lang.OutOfMemoryError: Java heap space

Aug 31, 2026 12:31:24 AM com.google.cloud.datastore.emulator.impl.util.WrappedStreamObserver onError
WARNING: Operation failed: Java heap space: failed reallocation of scalar replaced objects
java.lang.OutOfMemoryError: Java heap space: failed reallocation of scalar replaced objects

Aug 31, 2026 12:31:29 AM com.google.cloud.datastore.emulator.impl.util.WrappedStreamObserver onError
WARNING: Operation failed: Java heap space: failed reallocation of scalar replaced objects
java.lang.OutOfMemoryError: Java heap space: failed reallocation of scalar replaced objects

Aug 31, 2026 12:31:34 AM com.google.cloud.datastore.emulator.impl.util.WrappedStreamObserver onError
WARNING: Operation failed: Java heap space
java.lang.OutOfMemoryError: Java heap space

Aug 31, 2026 12:31:39 AM com.google.cloud.datastore.emulator.impl.util.WrappedStreamObserver onError
WARNING: Operation failed: Java heap space: failed reallocation of scalar replaced objects
java.lang.OutOfMemoryError: Java heap space: failed reallocation of scalar replaced objects

Aug 31, 2026 12:31:44 AM com.google.cloud.datastore.emulator.impl.util.WrappedStreamObserver onError
WARNING: Operation failed: Java heap space
java.lang.OutOfMemoryError: Java heap space

Aug 31, 2026 12:31:48 AM com.google.cloud.datastore.emulator.impl.util.WrappedStreamObserver onError
WARNING: Operation failed: Java heap space
java.lang.OutOfMemoryError: Java heap space

Aug 31, 2026 12:31:53 AM com.google.cloud.datastore.emulator.impl.util.WrappedStreamObserver onError
WARNING: Operation failed: Java heap space
java.lang.OutOfMemoryError: Java heap space

Aug 31, 2026 12:31:58 AM com.google.cloud.datastore.emulator.impl.util.WrappedStreamObserver onError
WARNING: Operation failed: Java heap space: failed reallocation of scalar replaced objects
java.lang.OutOfMemoryError: Java heap space: failed reallocation of scalar replaced objects

Aug 31, 2026 12:32:03 AM com.google.cloud.datastore.emulator.impl.util.WrappedStreamObserver onError
WARNING: Operation failed: Java heap space
java.lang.OutOfMemoryError: Java heap space

Aug 31, 2026 12:32:08 AM com.google.cloud.datastore.emulator.impl.util.WrappedStreamObserver onError
WARNING: Operation failed: Java heap space
java.lang.OutOfMemoryError: Java heap space

Aug 31, 2026 12:32:13 AM com.google.cloud.datastore.emulator.impl.util.WrappedStreamObserver onError
WARNING: Operation failed: Java heap space
java.lang.OutOfMemoryError: Java heap space

Aug 31, 2026 12:32:18 AM com.google.cloud.datastore.emulator.impl.util.WrappedStreamObserver onError
WARNING: Operation failed: Java heap space: failed reallocation of scalar replaced objects
java.lang.OutOfMemoryError: Java heap space: failed reallocation of scalar replaced objects

Aug 31, 2026 12:32:22 AM com.google.cloud.datastore.emulator.impl.util.WrappedStreamObserver onError
WARNING: Operation failed: Java heap space
java.lang.OutOfMemoryError: Java heap space

Aug 31, 2026 12:32:27 AM com.google.cloud.datastore.emulator.impl.util.WrappedStreamObserver onError
WARNING: Operation failed: Java heap space
java.lang.OutOfMemoryError: Java heap space

Aug 31, 2026 12:32:32 AM com.google.cloud.datastore.emulator.impl.util.WrappedStreamObserver onError
WARNING: Operation failed: Java heap space: failed reallocation of scalar replaced objects
java.lang.OutOfMemoryError: Java heap space: failed reallocation of scalar replaced objects

Aug 31, 2026 12:32:37 AM com.google.cloud.datastore.emulator.impl.util.WrappedStreamObserver onError
WARNING: Operation failed: Java heap space
java.lang.OutOfMemoryError: Java heap space

Aug 31, 2026 12:32:42 AM com.google.cloud.datastore.emulator.impl.util.WrappedStreamObserver onError
WARNING: Operation failed: Java heap space: failed reallocation of scalar replaced objects
java.lang.OutOfMemoryError: Java heap space: failed reallocation of scalar replaced objects

Aug 31, 2026 12:32:47 AM com.google.cloud.datastore.emulator.impl.util.WrappedStreamObserver onError
WARNING: Operation failed: Java heap space
java.lang.OutOfMemoryError: Java heap space

Aug 31, 2026 12:32:52 AM com.google.cloud.datastore.emulator.impl.util.WrappedStreamObserver onError
WARNING: Operation failed: Java heap space: failed reallocation of scalar replaced objects
java.lang.OutOfMemoryError: Java heap space: failed reallocation of scalar replaced objects

Aug 31, 2026 12:32:56 AM com.google.cloud.datastore.emulator.impl.util.WrappedStreamObserver onError
WARNING: Operation failed: Java heap space
java.lang.OutOfMemoryError: Java heap space

Aug 31, 2026 12:33:02 AM com.google.cloud.datastore.emulator.impl.util.WrappedStreamObserver onError
WARNING: Operation failed: Java heap space: failed reallocation of scalar replaced objects
java.lang.OutOfMemoryError: Java heap space: failed reallocation of scalar replaced objects

Aug 31, 2026 12:33:07 AM com.google.cloud.datastore.emulator.impl.util.WrappedStreamObserver onError
WARNING: Operation failed: Java heap space: failed reallocation of scalar replaced objects
java.lang.OutOfMemoryError: Java heap space: failed reallocation of scalar replaced objects

Aug 31, 2026 12:33:11 AM com.google.cloud.datastore.emulator.impl.util.WrappedStreamObserver onError
WARNING: Operation failed: Java heap space
java.lang.OutOfMemoryError: Java heap space

Aug 31, 2026 12:33:16 AM com.google.cloud.datastore.emulator.impl.util.WrappedStreamObserver onError
WARNING: Operation failed: Java heap space
java.lang.OutOfMemoryError: Java heap space

Aug 31, 2026 12:33:21 AM com.google.cloud.datastore.emulator.impl.util.WrappedStreamObserver onError
WARNING: Operation failed: Java heap space
java.lang.OutOfMemoryError: Java heap space

Aug 31, 2026 12:33:25 AM com.google.cloud.datastore.emulator.impl.util.WrappedStreamObserver onError
WARNING: Operation failed: Java heap space
java.lang.OutOfMemoryError: Java heap space

Aug 31, 2026 12:33:30 AM com.google.cloud.datastore.emulator.impl.util.WrappedStreamObserver onError
WARNING: Operation failed: Java heap space: failed reallocation of scalar replaced objects
java.lang.OutOfMemoryError: Java heap space: failed reallocation of scalar replaced objects

Aug 31, 2026 12:33:35 AM com.google.cloud.datastore.emulator.impl.util.WrappedStreamObserver onError
WARNING: Operation failed: Java heap space: failed reallocation of scalar replaced objects
java.lang.OutOfMemoryError: Java heap space: failed reallocation of scalar replaced objects

Aug 31, 2026 12:33:40 AM com.google.cloud.datastore.emulator.impl.util.WrappedStreamObserver onError
WARNING: Operation failed: Java heap space
java.lang.OutOfMemoryError: Java heap space

Aug 31, 2026 12:33:45 AM com.google.cloud.datastore.emulator.impl.util.WrappedStreamObserver onError
WARNING: Operation failed: Java heap space
java.lang.OutOfMemoryError: Java heap space

Aug 31, 2026 12:33:50 AM com.google.cloud.datastore.emulator.impl.util.WrappedStreamObserver onError
WARNING: Operation failed: Java heap space: failed reallocation of scalar replaced objects
java.lang.OutOfMemoryError: Java heap space: failed reallocation of scalar replaced objects

Aug 31, 2026 12:33:55 AM com.google.cloud.datastore.emulator.impl.util.WrappedStreamObserver onError
WARNING: Operation failed: Java heap space
java.lang.OutOfMemoryError: Java heap space

Aug 31, 2026 12:33:59 AM com.google.cloud.datastore.emulator.impl.util.WrappedStreamObserver onError
WARNING: Operation failed: Java heap space
java.lang.OutOfMemoryError: Java heap space

Aug 31, 2026 12:34:04 AM com.google.cloud.datastore.emulator.impl.util.WrappedStreamObserver onError
WARNING: Operation failed: Java heap space: failed reallocation of scalar replaced objects
java.lang.OutOfMemoryError: Java heap space: failed reallocation of scalar replaced objects

Aug 31, 2026 12:34:09 AM com.google.cloud.datastore.emulator.impl.util.WrappedStreamObserver onError
WARNING: Operation failed: Java heap space: failed reallocation of scalar replaced objects
java.lang.OutOfMemoryError: Java heap space: failed reallocation of scalar replaced objects

Aug 31, 2026 12:34:14 AM com.google.cloud.datastore.emulator.impl.util.WrappedStreamObserver onError
WARNING: Operation failed: Java heap space: failed reallocation of scalar replaced objects
java.lang.OutOfMemoryError: Java heap space: failed reallocation of scalar replaced objects

Aug 31, 2026 12:34:19 AM com.google.cloud.datastore.emulator.impl.util.WrappedStreamObserver onError
WARNING: Operation failed: Java heap space: failed reallocation of scalar replaced objects
java.lang.OutOfMemoryError: Java heap space: failed reallocation of scalar replaced objects

Aug 31, 2026 12:34:24 AM com.google.cloud.datastore.emulator.impl.util.WrappedStreamObserver onError
WARNING: Operation failed: Java heap space: failed reallocation of scalar replaced objects
java.lang.OutOfMemoryError: Java heap space: failed reallocation of scalar replaced objects

Aug 31, 2026 12:34:30 AM com.google.cloud.datastore.emulator.impl.util.WrappedStreamObserver onError
WARNING: Operation failed: Java heap space: failed reallocation of scalar replaced objects
java.lang.OutOfMemoryError: Java heap space: failed reallocation of scalar replaced objects

Aug 31, 2026 12:34:34 AM com.google.cloud.datastore.emulator.impl.util.WrappedStreamObserver onError
WARNING: Operation failed: Java heap space
java.lang.OutOfMemoryError: Java heap space

Aug 31, 2026 12:34:39 AM com.google.cloud.datastore.emulator.impl.util.WrappedStreamObserver onError
WARNING: Operation failed: Java heap space: failed reallocation of scalar replaced objects
java.lang.OutOfMemoryError: Java heap space: failed reallocation of scalar replaced objects

Aug 31, 2026 12:34:45 AM com.google.cloud.datastore.emulator.impl.util.WrappedStreamObserver onError
WARNING: Operation failed: Java heap space: failed reallocation of scalar replaced objects
java.lang.OutOfMemoryError: Java heap space: failed reallocation of scalar replaced objects

Aug 31, 2026 12:34:49 AM com.google.cloud.datastore.emulator.impl.util.WrappedStreamObserver onError
WARNING: Operation failed: Java heap space
java.lang.OutOfMemoryError: Java heap space

Aug 31, 2026 12:34:54 AM com.google.cloud.datastore.emulator.impl.util.WrappedStreamObserver onError
WARNING: Operation failed: Java heap space
java.lang.OutOfMemoryError: Java heap space

Aug 31, 2026 12:34:59 AM com.google.cloud.datastore.emulator.impl.util.WrappedStreamObserver onError
WARNING: Operation failed: Java heap space
java.lang.OutOfMemoryError: Java heap space

Aug 31, 2026 12:35:03 AM com.google.cloud.datastore.emulator.impl.util.WrappedStreamObserver onError
WARNING: Operation failed: Java heap space
java.lang.OutOfMemoryError: Java heap space

Aug 31, 2026 12:35:09 AM com.google.cloud.datastore.emulator.impl.util.WrappedStreamObserver onError
WARNING: Operation failed: Java heap space: failed reallocation of scalar replaced objects
java.lang.OutOfMemoryError: Java heap space: failed reallocation of scalar replaced objects

Aug 31, 2026 12:35:13 AM com.google.cloud.datastore.emulator.impl.util.WrappedStreamObserver onError
WARNING: Operation failed: Java heap space
java.lang.OutOfMemoryError: Java heap space

Aug 31, 2026 12:35:18 AM com.google.cloud.datastore.emulator.impl.util.WrappedStreamObserver onError
WARNING: Operation failed: Java heap space: failed reallocation of scalar replaced objects
java.lang.OutOfMemoryError: Java heap space: failed reallocation of scalar replaced objects

Aug 31, 2026 12:35:23 AM com.google.cloud.datastore.emulator.impl.util.WrappedStreamObserver onError
WARNING: Operation failed: Java heap space
java.lang.OutOfMemoryError: Java heap space

Aug 31, 2026 12:35:28 AM com.google.cloud.datastore.emulator.impl.util.WrappedStreamObserver onError
WARNING: Operation failed: Java heap space
java.lang.OutOfMemoryError: Java heap space

Aug 31, 2026 12:35:33 AM com.google.cloud.datastore.emulator.impl.util.WrappedStreamObserver onError
WARNING: Operation failed: Java heap space: failed reallocation of scalar replaced objects
java.lang.OutOfMemoryError: Java heap space: failed reallocation of scalar replaced objects

Aug 31, 2026 12:35:38 AM com.google.cloud.datastore.emulator.impl.util.WrappedStreamObserver onError
WARNING: Operation failed: Java heap space: failed reallocation of scalar replaced objects
java.lang.OutOfMemoryError: Java heap space: failed reallocation of scalar replaced objects

Aug 31, 2026 12:35:43 AM com.google.cloud.datastore.emulator.impl.util.WrappedStreamObserver onError
WARNING: Operation failed: Java heap space
java.lang.OutOfMemoryError: Java heap space

Aug 31, 2026 12:35:48 AM com.google.cloud.datastore.emulator.impl.util.WrappedStreamObserver onError
WARNING: Operation failed: Java heap space: failed reallocation of scalar replaced objects
java.lang.OutOfMemoryError: Java heap space: failed reallocation of scalar replaced objects

Aug 31, 2026 12:35:53 AM com.google.cloud.datastore.emulator.impl.util.WrappedStreamObserver onError
WARNING: Operation failed: Java heap space: failed reallocation of scalar replaced objects
java.lang.OutOfMemoryError: Java heap space: failed reallocation of scalar replaced objects

Aug 31, 2026 12:35:58 AM com.google.cloud.datastore.emulator.impl.util.WrappedStreamObserver onError
WARNING: Operation failed: Java heap space: failed reallocation of scalar replaced objects
java.lang.OutOfMemoryError: Java heap space: failed reallocation of scalar replaced objects

Aug 31, 2026 12:36:03 AM com.google.cloud.datastore.emulator.impl.util.WrappedStreamObserver onError
WARNING: Operation failed: Java heap space: failed reallocation of scalar replaced objects
java.lang.OutOfMemoryError: Java heap space: failed reallocation of scalar replaced objects

Aug 31, 2026 12:36:08 AM com.google.cloud.datastore.emulator.impl.util.WrappedStreamObserver onError
WARNING: Operation failed: Java heap space
java.lang.OutOfMemoryError: Java heap space

Aug 31, 2026 12:36:13 AM com.google.cloud.datastore.emulator.impl.util.WrappedStreamObserver onError
WARNING: Operation failed: Java heap space: failed reallocation of scalar replaced objects
java.lang.OutOfMemoryError: Java heap space: failed reallocation of scalar replaced objects

Aug 31, 2026 12:36:18 AM com.google.cloud.datastore.emulator.impl.util.WrappedStreamObserver onError
WARNING: Operation failed: Java heap space: failed reallocation of scalar replaced objects
java.lang.OutOfMemoryError: Java heap space: failed reallocation of scalar replaced objects

Aug 31, 2026 12:36:22 AM com.google.cloud.datastore.emulator.impl.util.WrappedStreamObserver onError
WARNING: Operation failed: Java heap space
java.lang.OutOfMemoryError: Java heap space

Aug 31, 2026 12:36:27 AM com.google.cloud.datastore.emulator.impl.util.WrappedStreamObserver onError
WARNING: Operation failed: Java heap space
java.lang.OutOfMemoryError: Java heap space

Aug 31, 2026 12:36:32 AM com.google.cloud.datastore.emulator.impl.util.WrappedStreamObserver onError
WARNING: Operation failed: Java heap space
java.lang.OutOfMemoryError: Java heap space

Aug 31, 2026 12:36:37 AM com.google.cloud.datastore.emulator.impl.util.WrappedStreamObserver onError
WARNING: Operation failed: Java heap space: failed reallocation of scalar replaced objects
java.lang.OutOfMemoryError: Java heap space: failed reallocation of scalar replaced objects

Aug 31, 2026 12:36:42 AM com.google.cloud.datastore.emulator.impl.util.WrappedStreamObserver onError
WARNING: Operation failed: Java heap space
java.lang.OutOfMemoryError: Java heap space

Aug 31, 2026 12:36:47 AM com.google.cloud.datastore.emulator.impl.util.WrappedStreamObserver onError
WARNING: Operation failed: Java heap space
java.lang.OutOfMemoryError: Java heap space

Aug 31, 2026 12:36:52 AM com.google.cloud.datastore.emulator.impl.util.WrappedStreamObserver onError
WARNING: Operation failed: Java heap space: failed reallocation of scalar replaced objects
java.lang.OutOfMemoryError: Java heap space: failed reallocation of scalar replaced objects

Aug 31, 2026 12:36:57 AM com.google.cloud.datastore.emulator.impl.util.WrappedStreamObserver onError
WARNING: Operation failed: Java heap space: failed reallocation of scalar replaced objects
java.lang.OutOfMemoryError: Java heap space: failed reallocation of scalar replaced objects

Aug 31, 2026 12:37:01 AM com.google.cloud.datastore.emulator.impl.util.WrappedStreamObserver onError
WARNING: Operation failed: Java heap space
java.lang.OutOfMemoryError: Java heap space

Aug 31, 2026 12:37:06 AM com.google.cloud.datastore.emulator.impl.util.WrappedStreamObserver onError
WARNING: Operation failed: Java heap space: failed reallocation of scalar replaced objects
java.lang.OutOfMemoryError: Java heap space: failed reallocation of scalar replaced objects

Aug 31, 2026 12:37:11 AM com.google.cloud.datastore.emulator.impl.util.WrappedStreamObserver onError
WARNING: Operation failed: Java heap space: failed reallocation of scalar replaced objects
java.lang.OutOfMemoryError: Java heap space: failed reallocation of scalar replaced objects

Aug 31, 2026 12:37:16 AM com.google.cloud.datastore.emulator.impl.util.WrappedStreamObserver onError
WARNING: Operation failed: Java heap space: failed reallocation of scalar replaced objects
java.lang.OutOfMemoryError: Java heap space: failed reallocation of scalar replaced objects

Aug 31, 2026 12:37:21 AM com.google.cloud.datastore.emulator.impl.util.WrappedStreamObserver onError
WARNING: Operation failed: Java heap space
java.lang.OutOfMemoryError: Java heap space

Aug 31, 2026 12:37:26 AM com.google.cloud.datastore.emulator.impl.util.WrappedStreamObserver onError
WARNING: Operation failed: Java heap space
java.lang.OutOfMemoryError: Java heap space

Aug 31, 2026 12:37:30 AM com.google.cloud.datastore.emulator.impl.util.WrappedStreamObserver onError
WARNING: Operation failed: Java heap space
java.lang.OutOfMemoryError: Java heap space

Aug 31, 2026 12:37:35 AM com.google.cloud.datastore.emulator.impl.util.WrappedStreamObserver onError
WARNING: Operation failed: Java heap space: failed reallocation of scalar replaced objects
java.lang.OutOfMemoryError: Java heap space: failed reallocation of scalar replaced objects

Aug 31, 2026 12:37:41 AM com.google.cloud.datastore.emulator.impl.util.WrappedStreamObserver onError
WARNING: Operation failed: Java heap space: failed reallocation of scalar replaced objects
java.lang.OutOfMemoryError: Java heap space: failed reallocation of scalar replaced objects

Aug 31, 2026 12:37:45 AM com.google.cloud.datastore.emulator.impl.util.WrappedStreamObserver onError
WARNING: Operation failed: Java heap space
java.lang.OutOfMemoryError: Java heap space

Aug 31, 2026 12:37:50 AM com.google.cloud.datastore.emulator.impl.util.WrappedStreamObserver onError
WARNING: Operation failed: Java heap space
java.lang.OutOfMemoryError: Java heap space

Aug 31, 2026 12:37:55 AM com.google.cloud.datastore.emulator.impl.util.WrappedStreamObserver onError
WARNING: Operation failed: Java heap space: failed reallocation of scalar replaced objects
java.lang.OutOfMemoryError: Java heap space: failed reallocation of scalar replaced objects

Aug 31, 2026 12:38:00 AM com.google.cloud.datastore.emulator.impl.util.WrappedStreamObserver onError
WARNING: Operation failed: Java heap space: failed reallocation of scalar replaced objects
java.lang.OutOfMemoryError: Java heap space: failed reallocation of scalar replaced objects

Aug 31, 2026 12:38:05 AM com.google.cloud.datastore.emulator.impl.util.WrappedStreamObserver onError
WARNING: Operation failed: Java heap space
java.lang.OutOfMemoryError: Java heap space

Aug 31, 2026 12:38:10 AM com.google.cloud.datastore.emulator.impl.util.WrappedStreamObserver onError
WARNING: Operation failed: Java heap space: failed reallocation of scalar replaced objects
java.lang.OutOfMemoryError: Java heap space: failed reallocation of scalar replaced objects

Aug 31, 2026 12:38:14 AM com.google.cloud.datastore.emulator.impl.util.WrappedStreamObserver onError
WARNING: Operation failed: Java heap space
java.lang.OutOfMemoryError: Java heap space

Aug 31, 2026 12:38:19 AM com.google.cloud.datastore.emulator.impl.util.WrappedStreamObserver onError
WARNING: Operation failed: Java heap space: failed reallocation of scalar replaced objects
java.lang.OutOfMemoryError: Java heap space: failed reallocation of scalar replaced objects

Aug 31, 2026 12:38:24 AM com.google.cloud.datastore.emulator.impl.util.WrappedStreamObserver onError
WARNING: Operation failed: Java heap space
java.lang.OutOfMemoryError: Java heap space

Aug 31, 2026 12:38:29 AM com.google.cloud.datastore.emulator.impl.util.WrappedStreamObserver onError
WARNING: Operation failed: Java heap space: failed reallocation of scalar replaced objects
java.lang.OutOfMemoryError: Java heap space: failed reallocation of scalar replaced objects

Aug 31, 2026 12:38:34 AM com.google.cloud.datastore.emulator.impl.util.WrappedStreamObserver onError
WARNING: Operation failed: Java heap space
java.lang.OutOfMemoryError: Java heap space

Aug 31, 2026 12:38:39 AM com.google.cloud.datastore.emulator.impl.util.WrappedStreamObserver onError
WARNING: Operation failed: Java heap space
java.lang.OutOfMemoryError: Java heap space

Aug 31, 2026 12:38:44 AM com.google.cloud.datastore.emulator.impl.util.WrappedStreamObserver onError
WARNING: Operation failed: Java heap space
java.lang.OutOfMemoryError: Java heap space

Aug 31, 2026 12:38:48 AM com.google.cloud.datastore.emulator.impl.util.WrappedStreamObserver onError
WARNING: Operation failed: Java heap space
java.lang.OutOfMemoryError: Java heap space

Aug 31, 2026 12:38:53 AM com.google.cloud.datastore.emulator.impl.util.WrappedStreamObserver onError
WARNING: Operation failed: Java heap space
java.lang.OutOfMemoryError: Java heap space

Aug 31, 2026 12:38:58 AM com.google.cloud.datastore.emulator.impl.util.WrappedStreamObserver onError
WARNING: Operation failed: Java heap space
java.lang.OutOfMemoryError: Java heap space

Aug 31, 2026 12:39:03 AM com.google.cloud.datastore.emulator.impl.util.WrappedStreamObserver onError
WARNING: Operation failed: Java heap space
java.lang.OutOfMemoryError: Java heap space

Aug 31, 2026 12:39:08 AM com.google.cloud.datastore.emulator.impl.util.WrappedStreamObserver onError
WARNING: Operation failed: Java heap space: failed reallocation of scalar replaced objects
java.lang.OutOfMemoryError: Java heap space: failed reallocation of scalar replaced objects

Aug 31, 2026 12:39:13 AM com.google.cloud.datastore.emulator.impl.util.WrappedStreamObserver onError
WARNING: Operation failed: Java heap space: failed reallocation of scalar replaced objects
java.lang.OutOfMemoryError: Java heap space: failed reallocation of scalar replaced objects

Aug 31, 2026 12:39:17 AM com.google.cloud.datastore.emulator.impl.util.WrappedStreamObserver onError
WARNING: Operation failed: Java heap space
java.lang.OutOfMemoryError: Java heap space

Aug 31, 2026 12:39:22 AM com.google.cloud.datastore.emulator.impl.util.WrappedStreamObserver onError
WARNING: Operation failed: Java heap space: failed reallocation of scalar replaced objects
java.lang.OutOfMemoryError: Java heap space: failed reallocation of scalar replaced objects

Aug 31, 2026 12:39:27 AM com.google.cloud.datastore.emulator.impl.util.WrappedStreamObserver onError
WARNING: Operation failed: Java heap space
java.lang.OutOfMemoryError: Java heap space

Aug 31, 2026 12:39:32 AM com.google.cloud.datastore.emulator.impl.util.WrappedStreamObserver onError
WARNING: Operation failed: Java heap space: failed reallocation of scalar replaced objects
java.lang.OutOfMemoryError: Java heap space: failed reallocation of scalar replaced objects

Aug 31, 2026 12:39:37 AM com.google.cloud.datastore.emulator.impl.util.WrappedStreamObserver onError
WARNING: Operation failed: Java heap space
java.lang.OutOfMemoryError: Java heap space

Aug 31, 2026 12:39:42 AM com.google.cloud.datastore.emulator.impl.util.WrappedStreamObserver onError
WARNING: Operation failed: Java heap space
java.lang.OutOfMemoryError: Java heap space

Aug 31, 2026 12:39:47 AM com.google.cloud.datastore.emulator.impl.util.WrappedStreamObserver onError
WARNING: Operation failed: Java heap space
java.lang.OutOfMemoryError: Java heap space

Aug 31, 2026 12:39:52 AM com.google.cloud.datastore.emulator.impl.util.WrappedStreamObserver onError
WARNING: Operation failed: Java heap space
java.lang.OutOfMemoryError: Java heap space

Aug 31, 2026 12:39:56 AM com.google.cloud.datastore.emulator.impl.util.WrappedStreamObserver onError
WARNING: Operation failed: Java heap space
java.lang.OutOfMemoryError: Java heap space

Aug 31, 2026 12:40:01 AM com.google.cloud.datastore.emulator.impl.util.WrappedStreamObserver onError
WARNING: Operation failed: Java heap space: failed reallocation of scalar replaced objects
java.lang.OutOfMemoryError: Java heap space: failed reallocation of scalar replaced objects

Aug 31, 2026 12:40:06 AM com.google.cloud.datastore.emulator.impl.util.WrappedStreamObserver onError
WARNING: Operation failed: Java heap space
java.lang.OutOfMemoryError: Java heap space

Aug 31, 2026 12:40:11 AM com.google.cloud.datastore.emulator.impl.util.WrappedStreamObserver onError
WARNING: Operation failed: Java heap space
java.lang.OutOfMemoryError: Java heap space

Aug 31, 2026 12:40:15 AM com.google.cloud.datastore.emulator.impl.util.WrappedStreamObserver onError
WARNING: Operation failed: Java heap space
java.lang.OutOfMemoryError: Java heap space

Aug 31, 2026 12:40:20 AM com.google.cloud.datastore.emulator.impl.util.WrappedStreamObserver onError
WARNING: Operation failed: Java heap space: failed reallocation of scalar replaced objects
java.lang.OutOfMemoryError: Java heap space: failed reallocation of scalar replaced objects

Aug 31, 2026 12:40:25 AM com.google.cloud.datastore.emulator.impl.util.WrappedStreamObserver onError
WARNING: Operation failed: Java heap space
java.lang.OutOfMemoryError: Java heap space

Aug 31, 2026 12:40:30 AM com.google.cloud.datastore.emulator.impl.util.WrappedStreamObserver onError
WARNING: Operation failed: Java heap space: failed reallocation of scalar replaced objects
java.lang.OutOfMemoryError: Java heap space: failed reallocation of scalar replaced objects

Aug 31, 2026 12:40:35 AM com.google.cloud.datastore.emulator.impl.util.WrappedStreamObserver onError
WARNING: Operation failed: Java heap space: failed reallocation of scalar replaced objects
java.lang.OutOfMemoryError: Java heap space: failed reallocation of scalar replaced objects

Aug 31, 2026 12:40:39 AM com.google.cloud.datastore.emulator.impl.util.WrappedStreamObserver onError
WARNING: Operation failed: Java heap space
java.lang.OutOfMemoryError: Java heap space

Aug 31, 2026 12:40:44 AM com.google.cloud.datastore.emulator.impl.util.WrappedStreamObserver onError
WARNING: Operation failed: Java heap space
java.lang.OutOfMemoryError: Java heap space

Aug 31, 2026 12:40:49 AM com.google.cloud.datastore.emulator.impl.util.WrappedStreamObserver onError
WARNING: Operation failed: Java heap space
java.lang.OutOfMemoryError: Java heap space

Aug 31, 2026 12:40:54 AM com.google.cloud.datastore.emulator.impl.util.WrappedStreamObserver onError
WARNING: Operation failed: Java heap space
java.lang.OutOfMemoryError: Java heap space

Aug 31, 2026 12:40:58 AM com.google.cloud.datastore.emulator.impl.util.WrappedStreamObserver onError
WARNING: Operation failed: Java heap space
java.lang.OutOfMemoryError: Java heap space

Aug 31, 2026 12:41:03 AM com.google.cloud.datastore.emulator.impl.util.WrappedStreamObserver onError
WARNING: Operation failed: Java heap space
java.lang.OutOfMemoryError: Java heap space

Aug 31, 2026 12:41:07 AM com.google.cloud.datastore.emulator.impl.util.WrappedStreamObserver onError
WARNING: Operation failed: Java heap space
java.lang.OutOfMemoryError: Java heap space

Aug 31, 2026 12:41:12 AM com.google.cloud.datastore.emulator.impl.util.WrappedStreamObserver onError
WARNING: Operation failed: Java heap space
java.lang.OutOfMemoryError: Java heap space

Aug 31, 2026 12:41:17 AM com.google.cloud.datastore.emulator.impl.util.WrappedStreamObserver onError
WARNING: Operation failed: Java heap space: failed reallocation of scalar replaced objects
java.lang.OutOfMemoryError: Java heap space: failed reallocation of scalar replaced objects

Aug 31, 2026 12:41:22 AM com.google.cloud.datastore.emulator.impl.util.WrappedStreamObserver onError
WARNING: Operation failed: Java heap space
java.lang.OutOfMemoryError: Java heap space

Aug 31, 2026 12:41:26 AM com.google.cloud.datastore.emulator.impl.util.WrappedStreamObserver onError
WARNING: Operation failed: Java heap space
java.lang.OutOfMemoryError: Java heap space

Aug 31, 2026 12:41:32 AM com.google.cloud.datastore.emulator.impl.util.WrappedStreamObserver onError
WARNING: Operation failed: Java heap space: failed reallocation of scalar replaced objects
java.lang.OutOfMemoryError: Java heap space: failed reallocation of scalar replaced objects

Aug 31, 2026 12:41:36 AM com.google.cloud.datastore.emulator.impl.util.WrappedStreamObserver onError
WARNING: Operation failed: Java heap space: failed reallocation of scalar replaced objects
java.lang.OutOfMemoryError: Java heap space: failed reallocation of scalar replaced objects

Aug 31, 2026 12:41:42 AM com.google.cloud.datastore.emulator.impl.util.WrappedStreamObserver onError
WARNING: Operation failed: Java heap space: failed reallocation of scalar replaced objects
java.lang.OutOfMemoryError: Java heap space: failed reallocation of scalar replaced objects

Aug 31, 2026 12:41:46 AM com.google.cloud.datastore.emulator.impl.util.WrappedStreamObserver onError
WARNING: Operation failed: Java heap space
java.lang.OutOfMemoryError: Java heap space

Aug 31, 2026 12:41:51 AM com.google.cloud.datastore.emulator.impl.util.WrappedStreamObserver onError
WARNING: Operation failed: Java heap space
java.lang.OutOfMemoryError: Java heap space

Aug 31, 2026 12:41:56 AM com.google.cloud.datastore.emulator.impl.util.WrappedStreamObserver onError
WARNING: Operation failed: Java heap space
java.lang.OutOfMemoryError: Java heap space

Aug 31, 2026 12:42:01 AM com.google.cloud.datastore.emulator.impl.util.WrappedStreamObserver onError
WARNING: Operation failed: Java heap space: failed reallocation of scalar replaced objects
java.lang.OutOfMemoryError: Java heap space: failed reallocation of scalar replaced objects

Aug 31, 2026 12:42:05 AM com.google.cloud.datastore.emulator.impl.util.WrappedStreamObserver onError
WARNING: Operation failed: Java heap space
java.lang.OutOfMemoryError: Java heap space

Aug 31, 2026 12:42:10 AM com.google.cloud.datastore.emulator.impl.util.WrappedStreamObserver onError
WARNING: Operation failed: Java heap space: failed reallocation of scalar replaced objects
java.lang.OutOfMemoryError: Java heap space: failed reallocation of scalar replaced objects

Aug 31, 2026 12:42:15 AM com.google.cloud.datastore.emulator.impl.util.WrappedStreamObserver onError
WARNING: Operation failed: Java heap space
java.lang.OutOfMemoryError: Java heap space

Aug 31, 2026 12:42:20 AM com.google.cloud.datastore.emulator.impl.util.WrappedStreamObserver onError
WARNING: Operation failed: Java heap space: failed reallocation of scalar replaced objects
java.lang.OutOfMemoryError: Java heap space: failed reallocation of scalar replaced objects

Aug 31, 2026 12:42:25 AM com.google.cloud.datastore.emulator.impl.util.WrappedStreamObserver onError
WARNING: Operation failed: Java heap space: failed reallocation of scalar replaced objects
java.lang.OutOfMemoryError: Java heap space: failed reallocation of scalar replaced objects

Aug 31, 2026 12:42:30 AM com.google.cloud.datastore.emulator.impl.util.WrappedStreamObserver onError
WARNING: Operation failed: Java heap space
java.lang.OutOfMemoryError: Java heap space

Aug 31, 2026 12:42:34 AM com.google.cloud.datastore.emulator.impl.util.WrappedStreamObserver onError
WARNING: Operation failed: Java heap space
java.lang.OutOfMemoryError: Java heap space

Aug 31, 2026 12:42:39 AM com.google.cloud.datastore.emulator.impl.util.WrappedStreamObserver onError
WARNING: Operation failed: Java heap space
java.lang.OutOfMemoryError: Java heap space

Aug 31, 2026 12:42:44 AM com.google.cloud.datastore.emulator.impl.util.WrappedStreamObserver onError
WARNING: Operation failed: Java heap space
java.lang.OutOfMemoryError: Java heap space

Aug 31, 2026 12:42:48 AM com.google.cloud.datastore.emulator.impl.util.WrappedStreamObserver onError
WARNING: Operation failed: Java heap space
java.lang.OutOfMemoryError: Java heap space

Aug 31, 2026 12:42:53 AM com.google.cloud.datastore.emulator.impl.util.WrappedStreamObserver onError
WARNING: Operation failed: Java heap space
java.lang.OutOfMemoryError: Java heap space

Aug 31, 2026 12:42:58 AM com.google.cloud.datastore.emulator.impl.util.WrappedStreamObserver onError
WARNING: Operation failed: Java heap space: failed reallocation of scalar replaced objects
java.lang.OutOfMemoryError: Java heap space: failed reallocation of scalar replaced objects

Aug 31, 2026 12:43:03 AM com.google.cloud.datastore.emulator.impl.util.WrappedStreamObserver onError
WARNING: Operation failed: Java heap space: failed reallocation of scalar replaced objects
java.lang.OutOfMemoryError: Java heap space: failed reallocation of scalar replaced objects

Aug 31, 2026 12:43:08 AM com.google.cloud.datastore.emulator.impl.util.WrappedStreamObserver onError
WARNING: Operation failed: Java heap space
java.lang.OutOfMemoryError: Java heap space

Aug 31, 2026 12:43:13 AM com.google.cloud.datastore.emulator.impl.util.WrappedStreamObserver onError
WARNING: Operation failed: Java heap space
java.lang.OutOfMemoryError: Java heap space

Aug 31, 2026 12:43:17 AM com.google.cloud.datastore.emulator.impl.util.WrappedStreamObserver onError
WARNING: Operation failed: Java heap space
java.lang.OutOfMemoryError: Java heap space

Aug 31, 2026 12:43:22 AM com.google.cloud.datastore.emulator.impl.util.WrappedStreamObserver onError
WARNING: Operation failed: Java heap space: failed reallocation of scalar replaced objects
java.lang.OutOfMemoryError: Java heap space: failed reallocation of scalar replaced objects

Aug 31, 2026 12:43:27 AM com.google.cloud.datastore.emulator.impl.util.WrappedStreamObserver onError
WARNING: Operation failed: Java heap space: failed reallocation of scalar replaced objects
java.lang.OutOfMemoryError: Java heap space: failed reallocation of scalar replaced objects

Aug 31, 2026 12:43:32 AM com.google.cloud.datastore.emulator.impl.util.WrappedStreamObserver onError
WARNING: Operation failed: Java heap space: failed reallocation of scalar replaced objects
java.lang.OutOfMemoryError: Java heap space: failed reallocation of scalar replaced objects

Aug 31, 2026 12:43:37 AM com.google.cloud.datastore.emulator.impl.util.WrappedStreamObserver onError
WARNING: Operation failed: Java heap space: failed reallocation of scalar replaced objects
java.lang.OutOfMemoryError: Java heap space: failed reallocation of scalar replaced objects

Aug 31, 2026 12:43:42 AM com.google.cloud.datastore.emulator.impl.util.WrappedStreamObserver onError
WARNING: Operation failed: Java heap space
java.lang.OutOfMemoryError: Java heap space

Aug 31, 2026 12:43:47 AM com.google.cloud.datastore.emulator.impl.util.WrappedStreamObserver onError
WARNING: Operation failed: Java heap space
java.lang.OutOfMemoryError: Java heap space

Aug 31, 2026 12:43:51 AM com.google.cloud.datastore.emulator.impl.util.WrappedStreamObserver onError
WARNING: Operation failed: Java heap space
java.lang.OutOfMemoryError: Java heap space

Aug 31, 2026 12:43:56 AM com.google.cloud.datastore.emulator.impl.util.WrappedStreamObserver onError
WARNING: Operation failed: Java heap space
java.lang.OutOfMemoryError: Java heap space

Aug 31, 2026 12:44:01 AM com.google.cloud.datastore.emulator.impl.util.WrappedStreamObserver onError
WARNING: Operation failed: Java heap space: failed reallocation of scalar replaced objects
java.lang.OutOfMemoryError: Java heap space: failed reallocation of scalar replaced objects

Aug 31, 2026 12:44:05 AM com.google.cloud.datastore.emulator.impl.util.WrappedStreamObserver onError
WARNING: Operation failed: Java heap space
java.lang.OutOfMemoryError: Java heap space

Aug 31, 2026 12:44:11 AM com.google.cloud.datastore.emulator.impl.util.WrappedStreamObserver onError
WARNING: Operation failed: Java heap space: failed reallocation of scalar replaced objects
java.lang.OutOfMemoryError: Java heap space: failed reallocation of scalar replaced objects

Aug 31, 2026 12:44:16 AM com.google.cloud.datastore.emulator.impl.util.WrappedStreamObserver onError
WARNING: Operation failed: Java heap space: failed reallocation of scalar replaced objects
java.lang.OutOfMemoryError: Java heap space: failed reallocation of scalar replaced objects

Aug 31, 2026 12:44:21 AM com.google.cloud.datastore.emulator.impl.util.WrappedStreamObserver onError
WARNING: Operation failed: Java heap space: failed reallocation of scalar replaced objects
java.lang.OutOfMemoryError: Java heap space: failed reallocation of scalar replaced objects

Aug 31, 2026 12:44:26 AM com.google.cloud.datastore.emulator.impl.util.WrappedStreamObserver onError
WARNING: Operation failed: Java heap space
java.lang.OutOfMemoryError: Java heap space

Aug 31, 2026 12:44:30 AM com.google.cloud.datastore.emulator.impl.util.WrappedStreamObserver onError
WARNING: Operation failed: Java heap space
java.lang.OutOfMemoryError: Java heap space

Aug 31, 2026 12:44:35 AM com.google.cloud.datastore.emulator.impl.util.WrappedStreamObserver onError
WARNING: Operation failed: Java heap space
java.lang.OutOfMemoryError: Java heap space

Aug 31, 2026 12:44:40 AM com.google.cloud.datastore.emulator.impl.util.WrappedStreamObserver onError
WARNING: Operation failed: Java heap space
java.lang.OutOfMemoryError: Java heap space

Aug 31, 2026 12:44:44 AM com.google.cloud.datastore.emulator.impl.util.WrappedStreamObserver onError
WARNING: Operation failed: Java heap space
java.lang.OutOfMemoryError: Java heap space

Aug 31, 2026 12:44:49 AM com.google.cloud.datastore.emulator.impl.util.WrappedStreamObserver onError
WARNING: Operation failed: Java heap space: failed reallocation of scalar replaced objects
java.lang.OutOfMemoryError: Java heap space: failed reallocation of scalar replaced objects

Aug 31, 2026 12:44:54 AM com.google.cloud.datastore.emulator.impl.util.WrappedStreamObserver onError
WARNING: Operation failed: Java heap space
java.lang.OutOfMemoryError: Java heap space

Aug 31, 2026 12:44:58 AM com.google.cloud.datastore.emulator.impl.util.WrappedStreamObserver onError
WARNING: Operation failed: Java heap space
java.lang.OutOfMemoryError: Java heap space

Aug 31, 2026 12:45:03 AM com.google.cloud.datastore.emulator.impl.util.WrappedStreamObserver onError
WARNING: Operation failed: Java heap space: failed reallocation of scalar replaced objects
java.lang.OutOfMemoryError: Java heap space: failed reallocation of scalar replaced objects

Aug 31, 2026 12:45:08 AM com.google.cloud.datastore.emulator.impl.util.WrappedStreamObserver onError
WARNING: Operation failed: Java heap space
java.lang.OutOfMemoryError: Java heap space

Aug 31, 2026 12:45:13 AM com.google.cloud.datastore.emulator.impl.util.WrappedStreamObserver onError
WARNING: Operation failed: Java heap space
java.lang.OutOfMemoryError: Java heap space

Aug 31, 2026 12:45:18 AM com.google.cloud.datastore.emulator.impl.util.WrappedStreamObserver onError
WARNING: Operation failed: Java heap space: failed reallocation of scalar replaced objects
java.lang.OutOfMemoryError: Java heap space: failed reallocation of scalar replaced objects

Aug 31, 2026 12:45:23 AM com.google.cloud.datastore.emulator.impl.util.WrappedStreamObserver onError
WARNING: Operation failed: Java heap space
java.lang.OutOfMemoryError: Java heap space

Aug 31, 2026 12:45:28 AM com.google.cloud.datastore.emulator.impl.util.WrappedStreamObserver onError
WARNING: Operation failed: Java heap space
java.lang.OutOfMemoryError: Java heap space

Aug 31, 2026 12:45:32 AM com.google.cloud.datastore.emulator.impl.util.WrappedStreamObserver onError
WARNING: Operation failed: Java heap space
java.lang.OutOfMemoryError: Java heap space

Aug 31, 2026 12:45:37 AM com.google.cloud.datastore.emulator.impl.util.WrappedStreamObserver onError
WARNING: Operation failed: Java heap space
java.lang.OutOfMemoryError: Java heap space

Aug 31, 2026 12:45:42 AM com.google.cloud.datastore.emulator.impl.util.WrappedStreamObserver onError
WARNING: Operation failed: Java heap space
java.lang.OutOfMemoryError: Java heap space

Aug 31, 2026 12:45:47 AM com.google.cloud.datastore.emulator.impl.util.WrappedStreamObserver onError
WARNING: Operation failed: Java heap space: failed reallocation of scalar replaced objects
java.lang.OutOfMemoryError: Java heap space: failed reallocation of scalar replaced objects

Aug 31, 2026 12:45:52 AM com.google.cloud.datastore.emulator.impl.util.WrappedStreamObserver onError
WARNING: Operation failed: Java heap space: failed reallocation of scalar replaced objects
java.lang.OutOfMemoryError: Java heap space: failed reallocation of scalar replaced objects

Aug 31, 2026 12:45:57 AM com.google.cloud.datastore.emulator.impl.util.WrappedStreamObserver onError
WARNING: Operation failed: Java heap space
java.lang.OutOfMemoryError: Java heap space

Aug 31, 2026 12:46:02 AM com.google.cloud.datastore.emulator.impl.util.WrappedStreamObserver onError
WARNING: Operation failed: Java heap space: failed reallocation of scalar replaced objects
java.lang.OutOfMemoryError: Java heap space: failed reallocation of scalar replaced objects

Aug 31, 2026 12:46:06 AM com.google.cloud.datastore.emulator.impl.util.WrappedStreamObserver onError
WARNING: Operation failed: Java heap space
java.lang.OutOfMemoryError: Java heap space

Aug 31, 2026 12:46:11 AM com.google.cloud.datastore.emulator.impl.util.WrappedStreamObserver onError
WARNING: Operation failed: Java heap space
java.lang.OutOfMemoryError: Java heap space

Aug 31, 2026 12:46:16 AM com.google.cloud.datastore.emulator.impl.util.WrappedStreamObserver onError
WARNING: Operation failed: Java heap space: failed reallocation of scalar replaced objects
java.lang.OutOfMemoryError: Java heap space: failed reallocation of scalar replaced objects

Aug 31, 2026 12:46:21 AM com.google.cloud.datastore.emulator.impl.util.WrappedStreamObserver onError
WARNING: Operation failed: Java heap space: failed reallocation of scalar replaced objects
java.lang.OutOfMemoryError: Java heap space: failed reallocation of scalar replaced objects

Aug 31, 2026 12:46:26 AM com.google.cloud.datastore.emulator.impl.util.WrappedStreamObserver onError
WARNING: Operation failed: Java heap space: failed reallocation of scalar replaced objects
java.lang.OutOfMemoryError: Java heap space: failed reallocation of scalar replaced objects

Aug 31, 2026 12:46:31 AM com.google.cloud.datastore.emulator.impl.util.WrappedStreamObserver onError
WARNING: Operation failed: Java heap space: failed reallocation of scalar replaced objects
java.lang.OutOfMemoryError: Java heap space: failed reallocation of scalar replaced objects

Aug 31, 2026 12:46:36 AM com.google.cloud.datastore.emulator.impl.util.WrappedStreamObserver onError
WARNING: Operation failed: Java heap space
java.lang.OutOfMemoryError: Java heap space

Aug 31, 2026 12:46:40 AM com.google.cloud.datastore.emulator.impl.util.WrappedStreamObserver onError
WARNING: Operation failed: Java heap space
java.lang.OutOfMemoryError: Java heap space

Aug 31, 2026 12:46:46 AM com.google.cloud.datastore.emulator.impl.util.WrappedStreamObserver onError
WARNING: Operation failed: Java heap space: failed reallocation of scalar replaced objects
java.lang.OutOfMemoryError: Java heap space: failed reallocation of scalar replaced objects

Aug 31, 2026 12:46:50 AM com.google.cloud.datastore.emulator.impl.util.WrappedStreamObserver onError
WARNING: Operation failed: Java heap space
java.lang.OutOfMemoryError: Java heap space

Aug 31, 2026 12:46:55 AM com.google.cloud.datastore.emulator.impl.util.WrappedStreamObserver onError
WARNING: Operation failed: Java heap space: failed reallocation of scalar replaced objects
java.lang.OutOfMemoryError: Java heap space: failed reallocation of scalar replaced objects

Aug 31, 2026 12:47:00 AM com.google.cloud.datastore.emulator.impl.util.WrappedStreamObserver onError
WARNING: Operation failed: Java heap space
java.lang.OutOfMemoryError: Java heap space

Aug 31, 2026 12:47:05 AM com.google.cloud.datastore.emulator.impl.util.WrappedStreamObserver onError
WARNING: Operation failed: Java heap space: failed reallocation of scalar replaced objects
java.lang.OutOfMemoryError: Java heap space: failed reallocation of scalar replaced objects

Aug 31, 2026 12:47:10 AM com.google.cloud.datastore.emulator.impl.util.WrappedStreamObserver onError
WARNING: Operation failed: Java heap space
java.lang.OutOfMemoryError: Java heap space

Aug 31, 2026 12:47:14 AM com.google.cloud.datastore.emulator.impl.util.WrappedStreamObserver onError
WARNING: Operation failed: Java heap space: failed reallocation of scalar replaced objects
java.lang.OutOfMemoryError: Java heap space: failed reallocation of scalar replaced objects

Aug 31, 2026 12:47:20 AM com.google.cloud.datastore.emulator.impl.util.WrappedStreamObserver onError
WARNING: Operation failed: Java heap space: failed reallocation of scalar replaced objects
java.lang.OutOfMemoryError: Java heap space: failed reallocation of scalar replaced objects

Aug 31, 2026 12:47:24 AM com.google.cloud.datastore.emulator.impl.util.WrappedStreamObserver onError
WARNING: Operation failed: Java heap space
java.lang.OutOfMemoryError: Java heap space

Aug 31, 2026 12:47:29 AM com.google.cloud.datastore.emulator.impl.util.WrappedStreamObserver onError
WARNING: Operation failed: Java heap space
java.lang.OutOfMemoryError: Java heap space

Aug 31, 2026 12:47:34 AM com.google.cloud.datastore.emulator.impl.util.WrappedStreamObserver onError
WARNING: Operation failed: Java heap space: failed reallocation of scalar replaced objects
java.lang.OutOfMemoryError: Java heap space: failed reallocation of scalar replaced objects

Aug 31, 2026 12:47:39 AM com.google.cloud.datastore.emulator.impl.util.WrappedStreamObserver onError
WARNING: Operation failed: Java heap space: failed reallocation of scalar replaced objects
java.lang.OutOfMemoryError: Java heap space: failed reallocation of scalar replaced objects

Aug 31, 2026 12:47:44 AM com.google.cloud.datastore.emulator.impl.util.WrappedStreamObserver onError
WARNING: Operation failed: Java heap space: failed reallocation of scalar replaced objects
java.lang.OutOfMemoryError: Java heap space: failed reallocation of scalar replaced objects

Aug 31, 2026 12:47:49 AM com.google.cloud.datastore.emulator.impl.util.WrappedStreamObserver onError
WARNING: Operation failed: Java heap space: failed reallocation of scalar replaced objects
java.lang.OutOfMemoryError: Java heap space: failed reallocation of scalar replaced objects

Aug 31, 2026 12:47:54 AM com.google.cloud.datastore.emulator.impl.util.WrappedStreamObserver onError
WARNING: Operation failed: Java heap space: failed reallocation of scalar replaced objects
java.lang.OutOfMemoryError: Java heap space: failed reallocation of scalar replaced objects

Aug 31, 2026 12:47:59 AM com.google.cloud.datastore.emulator.impl.util.WrappedStreamObserver onError
WARNING: Operation failed: Java heap space
java.lang.OutOfMemoryError: Java heap space

Aug 31, 2026 12:48:04 AM com.google.cloud.datastore.emulator.impl.util.WrappedStreamObserver onError
WARNING: Operation failed: Java heap space: failed reallocation of scalar replaced objects
java.lang.OutOfMemoryError: Java heap space: failed reallocation of scalar replaced objects

Aug 31, 2026 12:48:09 AM com.google.cloud.datastore.emulator.impl.util.WrappedStreamObserver onError
WARNING: Operation failed: Java heap space: failed reallocation of scalar replaced objects
java.lang.OutOfMemoryError: Java heap space: failed reallocation of scalar replaced objects

Aug 31, 2026 12:48:14 AM com.google.cloud.datastore.emulator.impl.util.WrappedStreamObserver onError
WARNING: Operation failed: Java heap space: failed reallocation of scalar replaced objects
java.lang.OutOfMemoryError: Java heap space: failed reallocation of scalar replaced objects

Aug 31, 2026 12:48:18 AM com.google.cloud.datastore.emulator.impl.util.WrappedStreamObserver onError
WARNING: Operation failed: Java heap space
java.lang.OutOfMemoryError: Java heap space

Aug 31, 2026 12:48:23 AM com.google.cloud.datastore.emulator.impl.util.WrappedStreamObserver onError
WARNING: Operation failed: Java heap space: failed reallocation of scalar replaced objects
java.lang.OutOfMemoryError: Java heap space: failed reallocation of scalar replaced objects

Aug 31, 2026 12:48:28 AM com.google.cloud.datastore.emulator.impl.util.WrappedStreamObserver onError
WARNING: Operation failed: Java heap space: failed reallocation of scalar replaced objects
java.lang.OutOfMemoryError: Java heap space: failed reallocation of scalar replaced objects

Aug 31, 2026 12:48:33 AM com.google.cloud.datastore.emulator.impl.util.WrappedStreamObserver onError
WARNING: Operation failed: Java heap space: failed reallocation of scalar replaced objects
java.lang.OutOfMemoryError: Java heap space: failed reallocation of scalar replaced objects

Aug 31, 2026 12:48:38 AM com.google.cloud.datastore.emulator.impl.util.WrappedStreamObserver onError
WARNING: Operation failed: Java heap space
java.lang.OutOfMemoryError: Java heap space

Aug 31, 2026 12:48:43 AM com.google.cloud.datastore.emulator.impl.util.WrappedStreamObserver onError
WARNING: Operation failed: Java heap space: failed reallocation of scalar replaced objects
java.lang.OutOfMemoryError: Java heap space: failed reallocation of scalar replaced objects

Aug 31, 2026 12:48:48 AM com.google.cloud.datastore.emulator.impl.util.WrappedStreamObserver onError
WARNING: Operation failed: Java heap space: failed reallocation of scalar replaced objects
java.lang.OutOfMemoryError: Java heap space: failed reallocation of scalar replaced objects

Aug 31, 2026 12:48:53 AM com.google.cloud.datastore.emulator.impl.util.WrappedStreamObserver onError
WARNING: Operation failed: Java heap space
java.lang.OutOfMemoryError: Java heap space

Aug 31, 2026 12:48:57 AM com.google.cloud.datastore.emulator.impl.util.WrappedStreamObserver onError
WARNING: Operation failed: Java heap space
java.lang.OutOfMemoryError: Java heap space

Aug 31, 2026 12:49:02 AM com.google.cloud.datastore.emulator.impl.util.WrappedStreamObserver onError
WARNING: Operation failed: Java heap space: failed reallocation of scalar replaced objects
java.lang.OutOfMemoryError: Java heap space: failed reallocation of scalar replaced objects

Aug 31, 2026 12:49:07 AM com.google.cloud.datastore.emulator.impl.util.WrappedStreamObserver onError
WARNING: Operation failed: Java heap space
java.lang.OutOfMemoryError: Java heap space

Aug 31, 2026 12:49:12 AM com.google.cloud.datastore.emulator.impl.util.WrappedStreamObserver onError
WARNING: Operation failed: Java heap space
java.lang.OutOfMemoryError: Java heap space

Aug 31, 2026 12:49:16 AM com.google.cloud.datastore.emulator.impl.util.WrappedStreamObserver onError
WARNING: Operation failed: Java heap space
java.lang.OutOfMemoryError: Java heap space

Aug 31, 2026 12:49:21 AM com.google.cloud.datastore.emulator.impl.util.WrappedStreamObserver onError
WARNING: Operation failed: Java heap space: failed reallocation of scalar replaced objects
java.lang.OutOfMemoryError: Java heap space: failed reallocation of scalar replaced objects

Aug 31, 2026 12:49:26 AM com.google.cloud.datastore.emulator.impl.util.WrappedStreamObserver onError
WARNING: Operation failed: Java heap space
java.lang.OutOfMemoryError: Java heap space

Aug 31, 2026 12:49:31 AM com.google.cloud.datastore.emulator.impl.util.WrappedStreamObserver onError
WARNING: Operation failed: Java heap space
java.lang.OutOfMemoryError: Java heap space

Aug 31, 2026 12:49:35 AM com.google.cloud.datastore.emulator.impl.util.WrappedStreamObserver onError
WARNING: Operation failed: Java heap space
java.lang.OutOfMemoryError: Java heap space

Aug 31, 2026 12:49:40 AM com.google.cloud.datastore.emulator.impl.util.WrappedStreamObserver onError
WARNING: Operation failed: Java heap space
java.lang.OutOfMemoryError: Java heap space

Aug 31, 2026 12:49:45 AM com.google.cloud.datastore.emulator.impl.util.WrappedStreamObserver onError
WARNING: Operation failed: Java heap space
java.lang.OutOfMemoryError: Java heap space

Aug 31, 2026 12:49:50 AM com.google.cloud.datastore.emulator.impl.util.WrappedStreamObserver onError
WARNING: Operation failed: Java heap space: failed reallocation of scalar replaced objects
java.lang.OutOfMemoryError: Java heap space: failed reallocation of scalar replaced objects

Aug 31, 2026 12:49:55 AM com.google.cloud.datastore.emulator.impl.util.WrappedStreamObserver onError
WARNING: Operation failed: Java heap space: failed reallocation of scalar replaced objects
java.lang.OutOfMemoryError: Java heap space: failed reallocation of scalar replaced objects

Aug 31, 2026 12:50:00 AM com.google.cloud.datastore.emulator.impl.util.WrappedStreamObserver onError
WARNING: Operation failed: Java heap space: failed reallocation of scalar replaced objects
java.lang.OutOfMemoryError: Java heap space: failed reallocation of scalar replaced objects

Aug 31, 2026 12:50:05 AM com.google.cloud.datastore.emulator.impl.util.WrappedStreamObserver onError
WARNING: Operation failed: Java heap space
java.lang.OutOfMemoryError: Java heap space

Aug 31, 2026 12:50:09 AM com.google.cloud.datastore.emulator.impl.util.WrappedStreamObserver onError
WARNING: Operation failed: Java heap space
java.lang.OutOfMemoryError: Java heap space

Aug 31, 2026 12:50:14 AM com.google.cloud.datastore.emulator.impl.util.WrappedStreamObserver onError
WARNING: Operation failed: Java heap space: failed reallocation of scalar replaced objects
java.lang.OutOfMemoryError: Java heap space: failed reallocation of scalar replaced objects

Aug 31, 2026 12:50:19 AM com.google.cloud.datastore.emulator.impl.util.WrappedStreamObserver onError
WARNING: Operation failed: Java heap space
java.lang.OutOfMemoryError: Java heap space

Aug 31, 2026 12:50:24 AM com.google.cloud.datastore.emulator.impl.util.WrappedStreamObserver onError
WARNING: Operation failed: Java heap space
java.lang.OutOfMemoryError: Java heap space

Aug 31, 2026 12:50:28 AM com.google.cloud.datastore.emulator.impl.util.WrappedStreamObserver onError
WARNING: Operation failed: Java heap space
java.lang.OutOfMemoryError: Java heap space

Aug 31, 2026 12:50:33 AM com.google.cloud.datastore.emulator.impl.util.WrappedStreamObserver onError
WARNING: Operation failed: Java heap space
java.lang.OutOfMemoryError: Java heap space

Aug 31, 2026 12:50:38 AM com.google.cloud.datastore.emulator.impl.util.WrappedStreamObserver onError
WARNING: Operation failed: Java heap space: failed reallocation of scalar replaced objects
java.lang.OutOfMemoryError: Java heap space: failed reallocation of scalar replaced objects

Aug 31, 2026 12:50:43 AM com.google.cloud.datastore.emulator.impl.util.WrappedStreamObserver onError
WARNING: Operation failed: Java heap space
java.lang.OutOfMemoryError: Java heap space

Aug 31, 2026 12:50:47 AM com.google.cloud.datastore.emulator.impl.util.WrappedStreamObserver onError
WARNING: Operation failed: Java heap space: failed reallocation of scalar replaced objects
java.lang.OutOfMemoryError: Java heap space: failed reallocation of scalar replaced objects

Aug 31, 2026 12:50:53 AM com.google.cloud.datastore.emulator.impl.util.WrappedStreamObserver onError
WARNING: Operation failed: Java heap space: failed reallocation of scalar replaced objects
java.lang.OutOfMemoryError: Java heap space: failed reallocation of scalar replaced objects

Aug 31, 2026 12:50:58 AM com.google.cloud.datastore.emulator.impl.util.WrappedStreamObserver onError
WARNING: Operation failed: Java heap space: failed reallocation of scalar replaced objects
java.lang.OutOfMemoryError: Java heap space: failed reallocation of scalar replaced objects

Aug 31, 2026 12:51:03 AM com.google.cloud.datastore.emulator.impl.util.WrappedStreamObserver onError
WARNING: Operation failed: Java heap space: failed reallocation of scalar replaced objects
java.lang.OutOfMemoryError: Java heap space: failed reallocation of scalar replaced objects

Aug 31, 2026 12:51:07 AM com.google.cloud.datastore.emulator.impl.util.WrappedStreamObserver onError
WARNING: Operation failed: Java heap space: failed reallocation of scalar replaced objects
java.lang.OutOfMemoryError: Java heap space: failed reallocation of scalar replaced objects

Aug 31, 2026 12:51:13 AM com.google.cloud.datastore.emulator.impl.util.WrappedStreamObserver onError
WARNING: Operation failed: Java heap space: failed reallocation of scalar replaced objects
java.lang.OutOfMemoryError: Java heap space: failed reallocation of scalar replaced objects

Aug 31, 2026 12:51:17 AM com.google.cloud.datastore.emulator.impl.util.WrappedStreamObserver onError
WARNING: Operation failed: Java heap space
java.lang.OutOfMemoryError: Java heap space

Aug 31, 2026 12:51:22 AM com.google.cloud.datastore.emulator.impl.util.WrappedStreamObserver onError
WARNING: Operation failed: Java heap space
java.lang.OutOfMemoryError: Java heap space

Aug 31, 2026 12:51:27 AM com.google.cloud.datastore.emulator.impl.util.WrappedStreamObserver onError
WARNING: Operation failed: Java heap space: failed reallocation of scalar replaced objects
java.lang.OutOfMemoryError: Java heap space: failed reallocation of scalar replaced objects

Aug 31, 2026 12:51:32 AM com.google.cloud.datastore.emulator.impl.util.WrappedStreamObserver onError
WARNING: Operation failed: Java heap space: failed reallocation of scalar replaced objects
java.lang.OutOfMemoryError: Java heap space: failed reallocation of scalar replaced objects

Aug 31, 2026 12:51:37 AM com.google.cloud.datastore.emulator.impl.util.WrappedStreamObserver onError
WARNING: Operation failed: Java heap space
java.lang.OutOfMemoryError: Java heap space

Aug 31, 2026 12:51:42 AM com.google.cloud.datastore.emulator.impl.util.WrappedStreamObserver onError
WARNING: Operation failed: Java heap space: failed reallocation of scalar replaced objects
java.lang.OutOfMemoryError: Java heap space: failed reallocation of scalar replaced objects

Aug 31, 2026 12:51:46 AM com.google.cloud.datastore.emulator.impl.util.WrappedStreamObserver onError
WARNING: Operation failed: Java heap space
java.lang.OutOfMemoryError: Java heap space

Aug 31, 2026 12:51:51 AM com.google.cloud.datastore.emulator.impl.util.WrappedStreamObserver onError
WARNING: Operation failed: Java heap space
java.lang.OutOfMemoryError: Java heap space

Aug 31, 2026 12:51:56 AM com.google.cloud.datastore.emulator.impl.util.WrappedStreamObserver onError
WARNING: Operation failed: Java heap space: failed reallocation of scalar replaced objects
java.lang.OutOfMemoryError: Java heap space: failed reallocation of scalar replaced objects

Aug 31, 2026 12:52:00 AM com.google.cloud.datastore.emulator.impl.util.WrappedStreamObserver onError
WARNING: Operation failed: Java heap space
java.lang.OutOfMemoryError: Java heap space

Aug 31, 2026 12:52:05 AM com.google.cloud.datastore.emulator.impl.util.WrappedStreamObserver onError
WARNING: Operation failed: Java heap space
java.lang.OutOfMemoryError: Java heap space

Aug 31, 2026 12:52:10 AM com.google.cloud.datastore.emulator.impl.util.WrappedStreamObserver onError
WARNING: Operation failed: Java heap space: failed reallocation of scalar replaced objects
java.lang.OutOfMemoryError: Java heap space: failed reallocation of scalar replaced objects

Aug 31, 2026 12:52:15 AM com.google.cloud.datastore.emulator.impl.util.WrappedStreamObserver onError
WARNING: Operation failed: Java heap space: failed reallocation of scalar replaced objects
java.lang.OutOfMemoryError: Java heap space: failed reallocation of scalar replaced objects

Aug 31, 2026 12:52:20 AM com.google.cloud.datastore.emulator.impl.util.WrappedStreamObserver onError
WARNING: Operation failed: Java heap space
java.lang.OutOfMemoryError: Java heap space

Aug 31, 2026 12:52:25 AM com.google.cloud.datastore.emulator.impl.util.WrappedStreamObserver onError
WARNING: Operation failed: Java heap space
java.lang.OutOfMemoryError: Java heap space

Aug 31, 2026 12:52:29 AM com.google.cloud.datastore.emulator.impl.util.WrappedStreamObserver onError
WARNING: Operation failed: Java heap space
java.lang.OutOfMemoryError: Java heap space

Aug 31, 2026 12:52:34 AM com.google.cloud.datastore.emulator.impl.util.WrappedStreamObserver onError
WARNING: Operation failed: Java heap space: failed reallocation of scalar replaced objects
java.lang.OutOfMemoryError: Java heap space: failed reallocation of scalar replaced objects

Aug 31, 2026 12:52:39 AM com.google.cloud.datastore.emulator.impl.util.WrappedStreamObserver onError
WARNING: Operation failed: Java heap space: failed reallocation of scalar replaced objects
java.lang.OutOfMemoryError: Java heap space: failed reallocation of scalar replaced objects

Aug 31, 2026 12:52:44 AM com.google.cloud.datastore.emulator.impl.util.WrappedStreamObserver onError
WARNING: Operation failed: Java heap space: failed reallocation of scalar replaced objects
java.lang.OutOfMemoryError: Java heap space: failed reallocation of scalar replaced objects

Aug 31, 2026 12:52:49 AM com.google.cloud.datastore.emulator.impl.util.WrappedStreamObserver onError
WARNING: Operation failed: Java heap space
java.lang.OutOfMemoryError: Java heap space

Aug 31, 2026 12:52:53 AM com.google.cloud.datastore.emulator.impl.util.WrappedStreamObserver onError
WARNING: Operation failed: Java heap space
java.lang.OutOfMemoryError: Java heap space

Aug 31, 2026 12:52:58 AM com.google.cloud.datastore.emulator.impl.util.WrappedStreamObserver onError
WARNING: Operation failed: Java heap space: failed reallocation of scalar replaced objects
java.lang.OutOfMemoryError: Java heap space: failed reallocation of scalar replaced objects

Aug 31, 2026 12:53:03 AM com.google.cloud.datastore.emulator.impl.util.WrappedStreamObserver onError
WARNING: Operation failed: Java heap space
java.lang.OutOfMemoryError: Java heap space

Aug 31, 2026 12:53:08 AM com.google.cloud.datastore.emulator.impl.util.WrappedStreamObserver onError
WARNING: Operation failed: Java heap space
java.lang.OutOfMemoryError: Java heap space

Aug 31, 2026 12:53:13 AM com.google.cloud.datastore.emulator.impl.util.WrappedStreamObserver onError
WARNING: Operation failed: Java heap space
java.lang.OutOfMemoryError: Java heap space

Aug 31, 2026 12:53:18 AM com.google.cloud.datastore.emulator.impl.util.WrappedStreamObserver onError
WARNING: Operation failed: Java heap space: failed reallocation of scalar replaced objects
java.lang.OutOfMemoryError: Java heap space: failed reallocation of scalar replaced objects

Aug 31, 2026 12:53:23 AM com.google.cloud.datastore.emulator.impl.util.WrappedStreamObserver onError
WARNING: Operation failed: Java heap space
java.lang.OutOfMemoryError: Java heap space

Aug 31, 2026 12:53:27 AM com.google.cloud.datastore.emulator.impl.util.WrappedStreamObserver onError
WARNING: Operation failed: Java heap space
java.lang.OutOfMemoryError: Java heap space

Aug 31, 2026 12:53:32 AM com.google.cloud.datastore.emulator.impl.util.WrappedStreamObserver onError
WARNING: Operation failed: Java heap space
java.lang.OutOfMemoryError: Java heap space

Aug 31, 2026 12:53:37 AM com.google.cloud.datastore.emulator.impl.util.WrappedStreamObserver onError
WARNING: Operation failed: Java heap space: failed reallocation of scalar replaced objects
java.lang.OutOfMemoryError: Java heap space: failed reallocation of scalar replaced objects

Aug 31, 2026 12:53:42 AM com.google.cloud.datastore.emulator.impl.util.WrappedStreamObserver onError
WARNING: Operation failed: Java heap space: failed reallocation of scalar replaced objects
java.lang.OutOfMemoryError: Java heap space: failed reallocation of scalar replaced objects

Aug 31, 2026 12:53:47 AM com.google.cloud.datastore.emulator.impl.util.WrappedStreamObserver onError
WARNING: Operation failed: Java heap space
java.lang.OutOfMemoryError: Java heap space

Aug 31, 2026 12:53:52 AM com.google.cloud.datastore.emulator.impl.util.WrappedStreamObserver onError
WARNING: Operation failed: Java heap space: failed reallocation of scalar replaced objects
java.lang.OutOfMemoryError: Java heap space: failed reallocation of scalar replaced objects

Aug 31, 2026 12:53:57 AM com.google.cloud.datastore.emulator.impl.util.WrappedStreamObserver onError
WARNING: Operation failed: Java heap space: failed reallocation of scalar replaced objects
java.lang.OutOfMemoryError: Java heap space: failed reallocation of scalar replaced objects

Aug 31, 2026 12:54:02 AM com.google.cloud.datastore.emulator.impl.util.WrappedStreamObserver onError
WARNING: Operation failed: Java heap space: failed reallocation of scalar replaced objects
java.lang.OutOfMemoryError: Java heap space: failed reallocation of scalar replaced objects

Aug 31, 2026 12:54:07 AM com.google.cloud.datastore.emulator.impl.util.WrappedStreamObserver onError
WARNING: Operation failed: Java heap space
java.lang.OutOfMemoryError: Java heap space

Aug 31, 2026 12:54:12 AM com.google.cloud.datastore.emulator.impl.util.WrappedStreamObserver onError
WARNING: Operation failed: Java heap space: failed reallocation of scalar replaced objects
java.lang.OutOfMemoryError: Java heap space: failed reallocation of scalar replaced objects

Aug 31, 2026 12:54:17 AM com.google.cloud.datastore.emulator.impl.util.WrappedStreamObserver onError
WARNING: Operation failed: Java heap space: failed reallocation of scalar replaced objects
java.lang.OutOfMemoryError: Java heap space: failed reallocation of scalar replaced objects

Aug 31, 2026 12:54:21 AM com.google.cloud.datastore.emulator.impl.util.WrappedStreamObserver onError
WARNING: Operation failed: Java heap space: failed reallocation of scalar replaced objects
java.lang.OutOfMemoryError: Java heap space: failed reallocation of scalar replaced objects

Aug 31, 2026 12:54:26 AM com.google.cloud.datastore.emulator.impl.util.WrappedStreamObserver onError
WARNING: Operation failed: Java heap space
java.lang.OutOfMemoryError: Java heap space

Aug 31, 2026 12:54:31 AM com.google.cloud.datastore.emulator.impl.util.WrappedStreamObserver onError
WARNING: Operation failed: Java heap space
java.lang.OutOfMemoryError: Java heap space

Aug 31, 2026 12:54:36 AM com.google.cloud.datastore.emulator.impl.util.WrappedStreamObserver onError
WARNING: Operation failed: Java heap space
java.lang.OutOfMemoryError: Java heap space

Aug 31, 2026 12:54:40 AM com.google.cloud.datastore.emulator.impl.util.WrappedStreamObserver onError
WARNING: Operation failed: Java heap space
java.lang.OutOfMemoryError: Java heap space

Aug 31, 2026 12:54:45 AM com.google.cloud.datastore.emulator.impl.util.WrappedStreamObserver onError
WARNING: Operation failed: Java heap space: failed reallocation of scalar replaced objects
java.lang.OutOfMemoryError: Java heap space: failed reallocation of scalar replaced objects

Aug 31, 2026 12:54:50 AM com.google.cloud.datastore.emulator.impl.util.WrappedStreamObserver onError
WARNING: Operation failed: Java heap space: failed reallocation of scalar replaced objects
java.lang.OutOfMemoryError: Java heap space: failed reallocation of scalar replaced objects

Aug 31, 2026 12:54:55 AM com.google.cloud.datastore.emulator.impl.util.WrappedStreamObserver onError
WARNING: Operation failed: Java heap space: failed reallocation of scalar replaced objects
java.lang.OutOfMemoryError: Java heap space: failed reallocation of scalar replaced objects

Aug 31, 2026 12:55:00 AM com.google.cloud.datastore.emulator.impl.util.WrappedStreamObserver onError
WARNING: Operation failed: Java heap space
java.lang.OutOfMemoryError: Java heap space

Aug 31, 2026 12:55:05 AM com.google.cloud.datastore.emulator.impl.util.WrappedStreamObserver onError
WARNING: Operation failed: Java heap space
java.lang.OutOfMemoryError: Java heap space

Aug 31, 2026 12:55:09 AM com.google.cloud.datastore.emulator.impl.util.WrappedStreamObserver onError
WARNING: Operation failed: Java heap space: failed reallocation of scalar replaced objects
java.lang.OutOfMemoryError: Java heap space: failed reallocation of scalar replaced objects

Aug 31, 2026 12:55:14 AM com.google.cloud.datastore.emulator.impl.util.WrappedStreamObserver onError
WARNING: Operation failed: Java heap space
java.lang.OutOfMemoryError: Java heap space

Aug 31, 2026 12:55:19 AM com.google.cloud.datastore.emulator.impl.util.WrappedStreamObserver onError
WARNING: Operation failed: Java heap space
java.lang.OutOfMemoryError: Java heap space

Aug 31, 2026 12:55:24 AM com.google.cloud.datastore.emulator.impl.util.WrappedStreamObserver onError
WARNING: Operation failed: Java heap space: failed reallocation of scalar replaced objects
java.lang.OutOfMemoryError: Java heap space: failed reallocation of scalar replaced objects

Aug 31, 2026 12:55:29 AM com.google.cloud.datastore.emulator.impl.util.WrappedStreamObserver onError
WARNING: Operation failed: Java heap space: failed reallocation of scalar replaced objects
java.lang.OutOfMemoryError: Java heap space: failed reallocation of scalar replaced objects

Aug 31, 2026 12:55:34 AM com.google.cloud.datastore.emulator.impl.util.WrappedStreamObserver onError
WARNING: Operation failed: Java heap space: failed reallocation of scalar replaced objects
java.lang.OutOfMemoryError: Java heap space: failed reallocation of scalar replaced objects

Aug 31, 2026 12:55:38 AM com.google.cloud.datastore.emulator.impl.util.WrappedStreamObserver onError
WARNING: Operation failed: Java heap space
java.lang.OutOfMemoryError: Java heap space

Aug 31, 2026 12:55:43 AM com.google.cloud.datastore.emulator.impl.util.WrappedStreamObserver onError
WARNING: Operation failed: Java heap space
java.lang.OutOfMemoryError: Java heap space

Aug 31, 2026 12:55:48 AM com.google.cloud.datastore.emulator.impl.util.WrappedStreamObserver onError
WARNING: Operation failed: Java heap space: failed reallocation of scalar replaced objects
java.lang.OutOfMemoryError: Java heap space: failed reallocation of scalar replaced objects

Aug 31, 2026 12:55:53 AM com.google.cloud.datastore.emulator.impl.util.WrappedStreamObserver onError
WARNING: Operation failed: Java heap space
java.lang.OutOfMemoryError: Java heap space

Aug 31, 2026 12:55:57 AM com.google.cloud.datastore.emulator.impl.util.WrappedStreamObserver onError
WARNING: Operation failed: Java heap space
java.lang.OutOfMemoryError: Java heap space

Aug 31, 2026 12:56:02 AM com.google.cloud.datastore.emulator.impl.util.WrappedStreamObserver onError
WARNING: Operation failed: Java heap space: failed reallocation of scalar replaced objects
java.lang.OutOfMemoryError: Java heap space: failed reallocation of scalar replaced objects

Aug 31, 2026 12:56:07 AM com.google.cloud.datastore.emulator.impl.util.WrappedStreamObserver onError
WARNING: Operation failed: Java heap space
java.lang.OutOfMemoryError: Java heap space

Aug 31, 2026 12:56:12 AM com.google.cloud.datastore.emulator.impl.util.WrappedStreamObserver onError
WARNING: Operation failed: Java heap space: failed reallocation of scalar replaced objects
java.lang.OutOfMemoryError: Java heap space: failed reallocation of scalar replaced objects

Aug 31, 2026 12:56:17 AM com.google.cloud.datastore.emulator.impl.util.WrappedStreamObserver onError
WARNING: Operation failed: Java heap space
java.lang.OutOfMemoryError: Java heap space

Aug 31, 2026 12:56:22 AM com.google.cloud.datastore.emulator.impl.util.WrappedStreamObserver onError
WARNING: Operation failed: Java heap space
java.lang.OutOfMemoryError: Java heap space

Aug 31, 2026 12:56:27 AM com.google.cloud.datastore.emulator.impl.util.WrappedStreamObserver onError
WARNING: Operation failed: Java heap space: failed reallocation of scalar replaced objects
java.lang.OutOfMemoryError: Java heap space: failed reallocation of scalar replaced objects

Aug 31, 2026 12:56:31 AM com.google.cloud.datastore.emulator.impl.util.WrappedStreamObserver onError
WARNING: Operation failed: Java heap space
java.lang.OutOfMemoryError: Java heap space

Aug 31, 2026 12:56:36 AM com.google.cloud.datastore.emulator.impl.util.WrappedStreamObserver onError
WARNING: Operation failed: Java heap space
java.lang.OutOfMemoryError: Java heap space

Aug 31, 2026 12:56:41 AM com.google.cloud.datastore.emulator.impl.util.WrappedStreamObserver onError
WARNING: Operation failed: Java heap space
java.lang.OutOfMemoryError: Java heap space

Aug 31, 2026 12:56:46 AM com.google.cloud.datastore.emulator.impl.util.WrappedStreamObserver onError
WARNING: Operation failed: Java heap space: failed reallocation of scalar replaced objects
java.lang.OutOfMemoryError: Java heap space: failed reallocation of scalar replaced objects

Aug 31, 2026 12:56:50 AM com.google.cloud.datastore.emulator.impl.util.WrappedStreamObserver onError
WARNING: Operation failed: Java heap space
java.lang.OutOfMemoryError: Java heap space

Aug 31, 2026 12:56:55 AM com.google.cloud.datastore.emulator.impl.util.WrappedStreamObserver onError
WARNING: Operation failed: Java heap space
java.lang.OutOfMemoryError: Java heap space

Aug 31, 2026 12:56:59 AM com.google.cloud.datastore.emulator.impl.util.WrappedStreamObserver onError
WARNING: Operation failed: Java heap space
java.lang.OutOfMemoryError: Java heap space

Aug 31, 2026 12:57:04 AM com.google.cloud.datastore.emulator.impl.util.WrappedStreamObserver onError
WARNING: Operation failed: Java heap space: failed reallocation of scalar replaced objects
java.lang.OutOfMemoryError: Java heap space: failed reallocation of scalar replaced objects

Aug 31, 2026 12:57:09 AM com.google.cloud.datastore.emulator.impl.util.WrappedStreamObserver onError
WARNING: Operation failed: Java heap space: failed reallocation of scalar replaced objects
java.lang.OutOfMemoryError: Java heap space: failed reallocation of scalar replaced objects

Aug 31, 2026 12:57:14 AM com.google.cloud.datastore.emulator.impl.util.WrappedStreamObserver onError
WARNING: Operation failed: Java heap space: failed reallocation of scalar replaced objects
java.lang.OutOfMemoryError: Java heap space: failed reallocation of scalar replaced objects

Aug 31, 2026 12:57:19 AM com.google.cloud.datastore.emulator.impl.util.WrappedStreamObserver onError
WARNING: Operation failed: Java heap space: failed reallocation of scalar replaced objects
java.lang.OutOfMemoryError: Java heap space: failed reallocation of scalar replaced objects

Aug 31, 2026 12:57:24 AM com.google.cloud.datastore.emulator.impl.util.WrappedStreamObserver onError
WARNING: Operation failed: Java heap space
java.lang.OutOfMemoryError: Java heap space

Aug 31, 2026 12:57:28 AM com.google.cloud.datastore.emulator.impl.util.WrappedStreamObserver onError
WARNING: Operation failed: Java heap space
java.lang.OutOfMemoryError: Java heap space

Aug 31, 2026 12:57:33 AM com.google.cloud.datastore.emulator.impl.util.WrappedStreamObserver onError
WARNING: Operation failed: Java heap space: failed reallocation of scalar replaced objects
java.lang.OutOfMemoryError: Java heap space: failed reallocation of scalar replaced objects

Aug 31, 2026 12:57:38 AM com.google.cloud.datastore.emulator.impl.util.WrappedStreamObserver onError
WARNING: Operation failed: Java heap space
java.lang.OutOfMemoryError: Java heap space

Aug 31, 2026 12:57:43 AM com.google.cloud.datastore.emulator.impl.util.WrappedStreamObserver onError
WARNING: Operation failed: Java heap space: failed reallocation of scalar replaced objects
java.lang.OutOfMemoryError: Java heap space: failed reallocation of scalar replaced objects

Aug 31, 2026 12:57:48 AM com.google.cloud.datastore.emulator.impl.util.WrappedStreamObserver onError
WARNING: Operation failed: Java heap space: failed reallocation of scalar replaced objects
java.lang.OutOfMemoryError: Java heap space: failed reallocation of scalar replaced objects

Aug 31, 2026 12:57:52 AM com.google.cloud.datastore.emulator.impl.util.WrappedStreamObserver onError
WARNING: Operation failed: Java heap space
java.lang.OutOfMemoryError: Java heap space

Aug 31, 2026 12:57:58 AM com.google.cloud.datastore.emulator.impl.util.WrappedStreamObserver onError
WARNING: Operation failed: Java heap space: failed reallocation of scalar replaced objects
java.lang.OutOfMemoryError: Java heap space: failed reallocation of scalar replaced objects

Aug 31, 2026 12:58:02 AM com.google.cloud.datastore.emulator.impl.util.WrappedStreamObserver onError
WARNING: Operation failed: Java heap space
java.lang.OutOfMemoryError: Java heap space

Aug 31, 2026 12:58:07 AM com.google.cloud.datastore.emulator.impl.util.WrappedStreamObserver onError
WARNING: Operation failed: Java heap space
java.lang.OutOfMemoryError: Java heap space

Aug 31, 2026 12:58:11 AM com.google.cloud.datastore.emulator.impl.util.WrappedStreamObserver onError
WARNING: Operation failed: Java heap space
java.lang.OutOfMemoryError: Java heap space

Aug 31, 2026 12:58:16 AM com.google.cloud.datastore.emulator.impl.util.WrappedStreamObserver onError
WARNING: Operation failed: Java heap space
java.lang.OutOfMemoryError: Java heap space

Aug 31, 2026 12:58:20 AM com.google.cloud.datastore.emulator.impl.util.WrappedStreamObserver onError
WARNING: Operation failed: Java heap space
java.lang.OutOfMemoryError: Java heap space

Aug 31, 2026 12:58:25 AM com.google.cloud.datastore.emulator.impl.util.WrappedStreamObserver onError
WARNING: Operation failed: Java heap space
java.lang.OutOfMemoryError: Java heap space

Aug 31, 2026 12:58:30 AM com.google.cloud.datastore.emulator.impl.util.WrappedStreamObserver onError
WARNING: Operation failed: Java heap space: failed reallocation of scalar replaced objects
java.lang.OutOfMemoryError: Java heap space: failed reallocation of scalar replaced objects

Aug 31, 2026 12:58:35 AM com.google.cloud.datastore.emulator.impl.util.WrappedStreamObserver onError
WARNING: Operation failed: Java heap space
java.lang.OutOfMemoryError: Java heap space

Aug 31, 2026 12:58:40 AM com.google.cloud.datastore.emulator.impl.util.WrappedStreamObserver onError
WARNING: Operation failed: Java heap space: failed reallocation of scalar replaced objects
java.lang.OutOfMemoryError: Java heap space: failed reallocation of scalar replaced objects

Aug 31, 2026 12:58:44 AM com.google.cloud.datastore.emulator.impl.util.WrappedStreamObserver onError
WARNING: Operation failed: Java heap space
java.lang.OutOfMemoryError: Java heap space

Aug 31, 2026 12:58:49 AM com.google.cloud.datastore.emulator.impl.util.WrappedStreamObserver onError
WARNING: Operation failed: Java heap space: failed reallocation of scalar replaced objects
java.lang.OutOfMemoryError: Java heap space: failed reallocation of scalar replaced objects

Aug 31, 2026 12:58:54 AM com.google.cloud.datastore.emulator.impl.util.WrappedStreamObserver onError
WARNING: Operation failed: Java heap space: failed reallocation of scalar replaced objects
java.lang.OutOfMemoryError: Java heap space: failed reallocation of scalar replaced objects

Aug 31, 2026 12:58:59 AM com.google.cloud.datastore.emulator.impl.util.WrappedStreamObserver onError
WARNING: Operation failed: Java heap space
java.lang.OutOfMemoryError: Java heap space

Aug 31, 2026 12:59:04 AM com.google.cloud.datastore.emulator.impl.util.WrappedStreamObserver onError
WARNING: Operation failed: Java heap space
java.lang.OutOfMemoryError: Java heap space

Aug 31, 2026 12:59:08 AM com.google.cloud.datastore.emulator.impl.util.WrappedStreamObserver onError
WARNING: Operation failed: Java heap space
java.lang.OutOfMemoryError: Java heap space

Aug 31, 2026 12:59:13 AM com.google.cloud.datastore.emulator.impl.util.WrappedStreamObserver onError
WARNING: Operation failed: Java heap space: failed reallocation of scalar replaced objects
java.lang.OutOfMemoryError: Java heap space: failed reallocation of scalar replaced objects

Aug 31, 2026 12:59:18 AM com.google.cloud.datastore.emulator.impl.util.WrappedStreamObserver onError
WARNING: Operation failed: Java heap space
java.lang.OutOfMemoryError: Java heap space

Aug 31, 2026 12:59:23 AM com.google.cloud.datastore.emulator.impl.util.WrappedStreamObserver onError
WARNING: Operation failed: Java heap space
java.lang.OutOfMemoryError: Java heap space

Aug 31, 2026 12:59:27 AM com.google.cloud.datastore.emulator.impl.util.WrappedStreamObserver onError
WARNING: Operation failed: Java heap space
java.lang.OutOfMemoryError: Java heap space

Aug 31, 2026 12:59:32 AM com.google.cloud.datastore.emulator.impl.util.WrappedStreamObserver onError
WARNING: Operation failed: Java heap space: failed reallocation of scalar replaced objects
java.lang.OutOfMemoryError: Java heap space: failed reallocation of scalar replaced objects

Aug 31, 2026 12:59:37 AM com.google.cloud.datastore.emulator.impl.util.WrappedStreamObserver onError
WARNING: Operation failed: Java heap space
java.lang.OutOfMemoryError: Java heap space

Aug 31, 2026 12:59:42 AM com.google.cloud.datastore.emulator.impl.util.WrappedStreamObserver onError
WARNING: Operation failed: Java heap space: failed reallocation of scalar replaced objects
java.lang.OutOfMemoryError: Java heap space: failed reallocation of scalar replaced objects

Aug 31, 2026 12:59:46 AM com.google.cloud.datastore.emulator.impl.util.WrappedStreamObserver onError
WARNING: Operation failed: Java heap space
java.lang.OutOfMemoryError: Java heap space

Aug 31, 2026 12:59:51 AM com.google.cloud.datastore.emulator.impl.util.WrappedStreamObserver onError
WARNING: Operation failed: Java heap space
java.lang.OutOfMemoryError: Java heap space

Aug 31, 2026 12:59:55 AM com.google.cloud.datastore.emulator.impl.util.WrappedStreamObserver onError
WARNING: Operation failed: Java heap space
java.lang.OutOfMemoryError: Java heap space

Aug 31, 2026 1:00:00 AM com.google.cloud.datastore.emulator.impl.util.WrappedStreamObserver onError
WARNING: Operation failed: Java heap space: failed reallocation of scalar replaced objects
java.lang.OutOfMemoryError: Java heap space: failed reallocation of scalar replaced objects

Aug 31, 2026 1:00:05 AM com.google.cloud.datastore.emulator.impl.util.WrappedStreamObserver onError
WARNING: Operation failed: Java heap space: failed reallocation of scalar replaced objects
java.lang.OutOfMemoryError: Java heap space: failed reallocation of scalar replaced objects

*** shutting down gRPC server since JVM is shutting down
*** server shut down
