npm notice run fireside-conformance@0.0.1 test:webchannel:firebase-js-sdk
npm notice run node --import tsx src/webchannel/run-firebase-js-sdk.ts --sdk-dir /private/tmp/fireside-phase2-oracles.EJXGdU/firebase-js-sdk --client-persistence persistence --output /Users/sanjevirau/Desktop/fireside/reports/phase-4-metrics/full-gate-20260902T0502+0800-b53f3796/evidence/phase3-regression/evidence/phase2-regression/evidence/.firebase-js-sdk-disk-wal-persistence.json --disk
yarn run v1.22.22
(node:83886) [DEP0169] DeprecationWarning: `url.parse()` behavior is not standardized and prone to errors that have security implications. Use the WHATWG URL API instead. CVEs are not issued for `url.parse()` vulnerabilities.
(Use `node --trace-deprecation ...` to show where the warning was created)
$ lerna run build --scope @firebase/firestore --include-dependencies
lerna notice cli v10.0.0
lerna info versioning independent
lerna notice filter including "@firebase/firestore"
lerna notice filter including dependencies
lerna info filter [ '@firebase/firestore' ]
lerna info run Using the "include-dependencies" option when Nx targets are configured will include both task dependencies detected by Nx and project dependencies detected by Lerna. See https://lerna.js.org/docs/lerna6-obsolete-options#--include-dependencies for details.

 Lerna (powered by Nx)   Running target build for 8 projects:

- @firebase/firestore
- @firebase/app
- @firebase/app-compat
- @firebase/auth
- @firebase/component
- @firebase/logger
- @firebase/util
- @firebase/webchannel-wrapper



> @firebase/logger:build

(node:83919) Warning: The 'NO_COLOR' env is ignored due to the 'FORCE_COLOR' env being set.
(Use `node --trace-warnings ...` to show where the warning was created)
(node:83927) Warning: The 'NO_COLOR' env is ignored due to the 'FORCE_COLOR' env being set.
(Use `node --trace-warnings ...` to show where the warning was created)
(node:83927) [DEP0169] DeprecationWarning: `url.parse()` behavior is not standardized and prone to errors that have security implications. Use the WHATWG URL API instead. CVEs are not issued for `url.parse()` vulnerabilities.
[2K[1G[2m$ rollup -c[22m

index.ts → dist/esm/index.esm.js...
(node:83951) [MODULE_TYPELESS_PACKAGE_JSON] Warning: Module type of file:///private/tmp/fireside-phase2-oracles.EJXGdU/firebase-js-sdk/packages/logger/rollup.config.js is not specified and it doesn't parse as CommonJS.
Reparsing as ES module because module syntax was detected. This incurs a performance overhead.
To eliminate this warning, add "type": "module" to /private/tmp/fireside-phase2-oracles.EJXGdU/firebase-js-sdk/packages/logger/package.json.
(Use `node --trace-warnings ...` to show where the warning was created)
(node:83951) [MODULE_TYPELESS_PACKAGE_JSON] Warning: Module type of file:///private/tmp/fireside-phase2-oracles.EJXGdU/firebase-js-sdk/scripts/build/rollup_emit_module_package_file.js is not specified and it doesn't parse as CommonJS.
Reparsing as ES module because module syntax was detected. This incurs a performance overhead.
To eliminate this warning, add "type": "module" to /private/tmp/fireside-phase2-oracles.EJXGdU/firebase-js-sdk/package.json.
(node:83951) Warning: The 'NO_COLOR' env is ignored due to the 'FORCE_COLOR' env being set.
created dist/esm/index.esm.js in 492ms

index.ts → dist/index.cjs.js...
created dist/index.cjs.js in 48ms

> @firebase/webchannel-wrapper:build

(node:83920) Warning: The 'NO_COLOR' env is ignored due to the 'FORCE_COLOR' env being set.
(Use `node --trace-warnings ...` to show where the warning was created)
(node:83929) Warning: The 'NO_COLOR' env is ignored due to the 'FORCE_COLOR' env being set.
(Use `node --trace-warnings ...` to show where the warning was created)
(node:83929) [DEP0169] DeprecationWarning: `url.parse()` behavior is not standardized and prone to errors that have security implications. Use the WHATWG URL API instead. CVEs are not issued for `url.parse()` vulnerabilities.
[2K[1G[2m$ rollup -c[22m

../../node_modules/closure-net/firebase/webchannel_blob_es2018.js → ./dist/webchannel-blob/esm/webchannel_blob_es2018.js...
(node:83949) [MODULE_TYPELESS_PACKAGE_JSON] Warning: Module type of file:///private/tmp/fireside-phase2-oracles.EJXGdU/firebase-js-sdk/packages/webchannel-wrapper/rollup.config.js is not specified and it doesn't parse as CommonJS.
Reparsing as ES module because module syntax was detected. This incurs a performance overhead.
To eliminate this warning, add "type": "module" to /private/tmp/fireside-phase2-oracles.EJXGdU/firebase-js-sdk/packages/webchannel-wrapper/package.json.
(Use `node --trace-warnings ...` to show where the warning was created)
(node:83949) [MODULE_TYPELESS_PACKAGE_JSON] Warning: Module type of file:///private/tmp/fireside-phase2-oracles.EJXGdU/firebase-js-sdk/scripts/build/rollup_emit_module_package_file.js is not specified and it doesn't parse as CommonJS.
Reparsing as ES module because module syntax was detected. This incurs a performance overhead.
To eliminate this warning, add "type": "module" to /private/tmp/fireside-phase2-oracles.EJXGdU/firebase-js-sdk/package.json.
(node:83949) Warning: The 'NO_COLOR' env is ignored due to the 'FORCE_COLOR' env being set.
created ./dist/webchannel-blob/esm/webchannel_blob_es2018.js in 579ms

../../node_modules/closure-net/firebase/bloom_blob_es2018.js → ./dist/bloom-blob/esm/bloom_blob_es2018.js...
created ./dist/bloom-blob/esm/bloom_blob_es2018.js in 69ms

> @firebase/util:build

(node:83918) Warning: The 'NO_COLOR' env is ignored due to the 'FORCE_COLOR' env being set.
(Use `node --trace-warnings ...` to show where the warning was created)
(node:83928) Warning: The 'NO_COLOR' env is ignored due to the 'FORCE_COLOR' env being set.
(Use `node --trace-warnings ...` to show where the warning was created)
(node:83928) [DEP0169] DeprecationWarning: `url.parse()` behavior is not standardized and prone to errors that have security implications. Use the WHATWG URL API instead. CVEs are not issued for `url.parse()` vulnerabilities.
[2K[1G[2m$ rollup -c && yarn api-report[22m

index.ts → dist/index.esm.js...
(node:83952) [MODULE_TYPELESS_PACKAGE_JSON] Warning: Module type of file:///private/tmp/fireside-phase2-oracles.EJXGdU/firebase-js-sdk/packages/util/rollup.config.js is not specified and it doesn't parse as CommonJS.
Reparsing as ES module because module syntax was detected. This incurs a performance overhead.
To eliminate this warning, add "type": "module" to /private/tmp/fireside-phase2-oracles.EJXGdU/firebase-js-sdk/packages/util/package.json.
(Use `node --trace-warnings ...` to show where the warning was created)
(node:83952) [MODULE_TYPELESS_PACKAGE_JSON] Warning: Module type of file:///private/tmp/fireside-phase2-oracles.EJXGdU/firebase-js-sdk/scripts/build/rollup_emit_module_package_file.js is not specified and it doesn't parse as CommonJS.
Reparsing as ES module because module syntax was detected. This incurs a performance overhead.
To eliminate this warning, add "type": "module" to /private/tmp/fireside-phase2-oracles.EJXGdU/firebase-js-sdk/package.json.
(node:83952) Warning: The 'NO_COLOR' env is ignored due to the 'FORCE_COLOR' env being set.
created dist/index.esm.js in 656ms

index.ts → ./dist/index.cjs.js...
created ./dist/index.cjs.js in 112ms

index.node.ts → dist/index.node.cjs.js...
created dist/index.node.cjs.js in 88ms

index.node.ts → ./dist/node-esm/index.node.esm.js...
created ./dist/node-esm/index.node.esm.js in 83ms

./src/postinstall.ts → ./dist/postinstall.js...
created ./dist/postinstall.js in 32ms

./src/postinstall.ts → ./dist/postinstall.mjs...
created ./dist/postinstall.mjs in 36ms
(node:83957) Warning: The 'NO_COLOR' env is ignored due to the 'FORCE_COLOR' env being set.
(Use `node --trace-warnings ...` to show where the warning was created)
(node:83957) [DEP0169] DeprecationWarning: `url.parse()` behavior is not standardized and prone to errors that have security implications. Use the WHATWG URL API instead. CVEs are not issued for `url.parse()` vulnerabilities.
[2K[1G[2m$ api-extractor run --local --verbose[22m

[1mapi-extractor 0.1.2 [36m - https://api-extractor.com/[39m[22m
[1m[22m
Using configuration from ./api-extractor.json
Analysis will use the bundled TypeScript version 4.1.6
*** The target project appears to use TypeScript 5.5.4 which is newer than the bundled compiler engine; consider upgrading API Extractor.
[36mWriting: /private/tmp/fireside-phase2-oracles.EJXGdU/firebase-js-sdk/packages/util/temp/util.api.json[39m
[36mThe API report is up to date: temp/util.api.md[39m
[36mWriting package typings: /private/tmp/fireside-phase2-oracles.EJXGdU/firebase-js-sdk/packages/util/dist/util-public.d.ts[39m
[36mWriting package typings: /private/tmp/fireside-phase2-oracles.EJXGdU/firebase-js-sdk/packages/util/dist/util.d.ts[39m

API Extractor completed successfully
(node:83964) Warning: The 'NO_COLOR' env is ignored due to the 'FORCE_COLOR' env being set.
(Use `node --trace-warnings ...` to show where the warning was created)

> @firebase/component:build

(node:83983) Warning: The 'NO_COLOR' env is ignored due to the 'FORCE_COLOR' env being set.
(Use `node --trace-warnings ...` to show where the warning was created)
(node:83985) Warning: The 'NO_COLOR' env is ignored due to the 'FORCE_COLOR' env being set.
(Use `node --trace-warnings ...` to show where the warning was created)
(node:83985) [DEP0169] DeprecationWarning: `url.parse()` behavior is not standardized and prone to errors that have security implications. Use the WHATWG URL API instead. CVEs are not issued for `url.parse()` vulnerabilities.
[2K[1G[2m$ rollup -c[22m

index.ts → dist/esm/index.esm.js...
(node:83986) [MODULE_TYPELESS_PACKAGE_JSON] Warning: Module type of file:///private/tmp/fireside-phase2-oracles.EJXGdU/firebase-js-sdk/packages/component/rollup.config.js is not specified and it doesn't parse as CommonJS.
Reparsing as ES module because module syntax was detected. This incurs a performance overhead.
To eliminate this warning, add "type": "module" to /private/tmp/fireside-phase2-oracles.EJXGdU/firebase-js-sdk/packages/component/package.json.
(Use `node --trace-warnings ...` to show where the warning was created)
(node:83986) [MODULE_TYPELESS_PACKAGE_JSON] Warning: Module type of file:///private/tmp/fireside-phase2-oracles.EJXGdU/firebase-js-sdk/scripts/build/rollup_emit_module_package_file.js is not specified and it doesn't parse as CommonJS.
Reparsing as ES module because module syntax was detected. This incurs a performance overhead.
To eliminate this warning, add "type": "module" to /private/tmp/fireside-phase2-oracles.EJXGdU/firebase-js-sdk/package.json.
(node:83986) Warning: The 'NO_COLOR' env is ignored due to the 'FORCE_COLOR' env being set.
created dist/esm/index.esm.js in 404ms

index.ts → dist/index.cjs.js...
created dist/index.cjs.js in 47ms

> @firebase/app:build

(node:83997) Warning: The 'NO_COLOR' env is ignored due to the 'FORCE_COLOR' env being set.
(Use `node --trace-warnings ...` to show where the warning was created)
(node:83999) Warning: The 'NO_COLOR' env is ignored due to the 'FORCE_COLOR' env being set.
(Use `node --trace-warnings ...` to show where the warning was created)
(node:83999) [DEP0169] DeprecationWarning: `url.parse()` behavior is not standardized and prone to errors that have security implications. Use the WHATWG URL API instead. CVEs are not issued for `url.parse()` vulnerabilities.
[2K[1G[2m$ rollup -c && yarn api-report[22m

src/index.ts → dist/esm/index.esm.js...
(node:84002) [MODULE_TYPELESS_PACKAGE_JSON] Warning: Module type of file:///private/tmp/fireside-phase2-oracles.EJXGdU/firebase-js-sdk/packages/app/rollup.config.js is not specified and it doesn't parse as CommonJS.
Reparsing as ES module because module syntax was detected. This incurs a performance overhead.
To eliminate this warning, add "type": "module" to /private/tmp/fireside-phase2-oracles.EJXGdU/firebase-js-sdk/packages/app/package.json.
(Use `node --trace-warnings ...` to show where the warning was created)
(node:84002) [MODULE_TYPELESS_PACKAGE_JSON] Warning: Module type of file:///private/tmp/fireside-phase2-oracles.EJXGdU/firebase-js-sdk/scripts/build/rollup_replace_build_target.js is not specified and it doesn't parse as CommonJS.
Reparsing as ES module because module syntax was detected. This incurs a performance overhead.
To eliminate this warning, add "type": "module" to /private/tmp/fireside-phase2-oracles.EJXGdU/firebase-js-sdk/package.json.
(node:84002) Warning: The 'NO_COLOR' env is ignored due to the 'FORCE_COLOR' env being set.
(!) Circular dependency
src/api.ts -> src/firebaseServerApp.ts -> src/api.ts
created dist/esm/index.esm.js in 492ms

src/index.ts → dist/index.cjs.js...
(!) Circular dependency
src/api.ts -> src/firebaseServerApp.ts -> src/api.ts
created dist/index.cjs.js in 104ms

./dist/app/src/index.d.ts → ./dist/app/src/global_index.d.ts...
created ./dist/app/src/global_index.d.ts in 35ms
(node:84020) Warning: The 'NO_COLOR' env is ignored due to the 'FORCE_COLOR' env being set.
(Use `node --trace-warnings ...` to show where the warning was created)
(node:84020) [DEP0169] DeprecationWarning: `url.parse()` behavior is not standardized and prone to errors that have security implications. Use the WHATWG URL API instead. CVEs are not issued for `url.parse()` vulnerabilities.
[2K[1G[2m$ api-extractor run --local --verbose[22m

[1mapi-extractor 0.1.2 [36m - https://api-extractor.com/[39m[22m
[1m[22m
Using configuration from ./api-extractor.json
Analysis will use the bundled TypeScript version 4.1.6
*** The target project appears to use TypeScript 5.5.4 which is newer than the bundled compiler engine; consider upgrading API Extractor.
[36mFound metadata in /private/tmp/fireside-phase2-oracles.EJXGdU/firebase-js-sdk/packages/util/dist/tsdoc-metadata.json[39m
[36mWriting: /private/tmp/fireside-phase2-oracles.EJXGdU/firebase-js-sdk/packages/app/temp/app.api.json[39m
[36mThe API report is up to date: temp/app.api.md[39m
[36mWriting package typings: /private/tmp/fireside-phase2-oracles.EJXGdU/firebase-js-sdk/packages/app/dist/app-public.d.ts[39m
[36mWriting package typings: /private/tmp/fireside-phase2-oracles.EJXGdU/firebase-js-sdk/packages/app/dist/app.d.ts[39m

API Extractor completed successfully
(node:84021) Warning: The 'NO_COLOR' env is ignored due to the 'FORCE_COLOR' env being set.
(Use `node --trace-warnings ...` to show where the warning was created)

> @firebase/app-compat:build

(node:84029) Warning: The 'NO_COLOR' env is ignored due to the 'FORCE_COLOR' env being set.
(Use `node --trace-warnings ...` to show where the warning was created)
(node:84033) Warning: The 'NO_COLOR' env is ignored due to the 'FORCE_COLOR' env being set.
(Use `node --trace-warnings ...` to show where the warning was created)
(node:84033) [DEP0169] DeprecationWarning: `url.parse()` behavior is not standardized and prone to errors that have security implications. Use the WHATWG URL API instead. CVEs are not issued for `url.parse()` vulnerabilities.
[2K[1G[2m$ rollup -c && yarn api-report[22m

src/index.ts → dist/esm/index.esm.js...
(node:84037) [MODULE_TYPELESS_PACKAGE_JSON] Warning: Module type of file:///private/tmp/fireside-phase2-oracles.EJXGdU/firebase-js-sdk/packages/app-compat/rollup.config.js is not specified and it doesn't parse as CommonJS.
Reparsing as ES module because module syntax was detected. This incurs a performance overhead.
To eliminate this warning, add "type": "module" to /private/tmp/fireside-phase2-oracles.EJXGdU/firebase-js-sdk/packages/app-compat/package.json.
(Use `node --trace-warnings ...` to show where the warning was created)
(node:84037) [MODULE_TYPELESS_PACKAGE_JSON] Warning: Module type of file:///private/tmp/fireside-phase2-oracles.EJXGdU/firebase-js-sdk/scripts/build/rollup_emit_module_package_file.js is not specified and it doesn't parse as CommonJS.
Reparsing as ES module because module syntax was detected. This incurs a performance overhead.
To eliminate this warning, add "type": "module" to /private/tmp/fireside-phase2-oracles.EJXGdU/firebase-js-sdk/package.json.
(node:84037) Warning: The 'NO_COLOR' env is ignored due to the 'FORCE_COLOR' env being set.
created dist/esm/index.esm.js in 565ms

src/index.lite.ts → dist/index.lite.js...
created dist/index.lite.js in 66ms

src/index.ts → dist/index.cjs.js...
created dist/index.cjs.js in 60ms
(node:84051) Warning: The 'NO_COLOR' env is ignored due to the 'FORCE_COLOR' env being set.
(Use `node --trace-warnings ...` to show where the warning was created)
(node:84051) [DEP0169] DeprecationWarning: `url.parse()` behavior is not standardized and prone to errors that have security implications. Use the WHATWG URL API instead. CVEs are not issued for `url.parse()` vulnerabilities.
[2K[1G[2m$ api-extractor run --local --verbose[22m

[1mapi-extractor 0.1.2 [36m - https://api-extractor.com/[39m[22m
[1m[22m
Using configuration from ./api-extractor.json
Analysis will use the bundled TypeScript version 4.1.6
*** The target project appears to use TypeScript 5.5.4 which is newer than the bundled compiler engine; consider upgrading API Extractor.
[36mFound metadata in /private/tmp/fireside-phase2-oracles.EJXGdU/firebase-js-sdk/packages/util/dist/tsdoc-metadata.json[39m
[36mWriting: /private/tmp/fireside-phase2-oracles.EJXGdU/firebase-js-sdk/packages/app-compat/temp/app-compat.api.json[39m
[36mWriting package typings: /private/tmp/fireside-phase2-oracles.EJXGdU/firebase-js-sdk/packages/app-compat/dist/app-compat-public.d.ts[39m
[36mWriting package typings: /private/tmp/fireside-phase2-oracles.EJXGdU/firebase-js-sdk/packages/app-compat/dist/app-compat.d.ts[39m
[33mWarning: dist/src/index.d.ts:23:15 - (ae-missing-release-tag) "firebase" is exported by the package, but it is missing a release tag (@alpha, @beta, @public, or @internal)[39m
[33mWarning: dist/src/public-types.d.ts:46:1 - (ae-forgotten-export) The symbol "_FirebaseApp" needs to be exported by the entry point index.d.ts[39m
[33mWarning: dist/src/public-types.d.ts:46:1 - (ae-missing-release-tag) "FirebaseApp" is exported by the package, but it is missing a release tag (@alpha, @beta, @public, or @internal)[39m
[33mWarning: dist/src/public-types.d.ts:48:1 - (ae-missing-release-tag) "FirebaseNamespace" is exported by the package, but it is missing a release tag (@alpha, @beta, @public, or @internal)[39m
[33mWarning: dist/src/public-types.d.ts:52:8 - (tsdoc-param-tag-missing-hyphen) The @param block should be followed by a parameter name and then a hyphen[39m
[33mWarning: dist/src/public-types.d.ts:53:8 - (tsdoc-param-tag-missing-hyphen) The @param block should be followed by a parameter name and then a hyphen[39m
[33mWarning: dist/src/public-types.d.ts:55:5 - (ae-forgotten-export) The symbol "FirebaseOptions" needs to be exported by the entry point index.d.ts[39m
[33mWarning: dist/src/public-types.d.ts:55:5 - (ae-forgotten-export) The symbol "FirebaseAppConfig" needs to be exported by the entry point index.d.ts[39m
[33mWarning: dist/src/public-types.d.ts:59:8 - (tsdoc-param-tag-missing-hyphen) The @param block should be followed by a parameter name and then a hyphen[39m
[33mWarning: dist/src/public-types.d.ts:60:8 - (tsdoc-param-tag-missing-hyphen) The @param block should be followed by a parameter name and then a hyphen[39m
[33mWarning: dist/src/public-types.d.ts:70:12 - (tsdoc-param-tag-missing-hyphen) The @param block should be followed by a parameter name and then a hyphen[39m
[33mWarning: dist/src/public-types.d.ts:79:9 - (ae-forgotten-export) The symbol "FirebaseAppConstructor" needs to be exported by the entry point index.d.ts[39m
[33mWarning: dist/src/public-types.d.ts:87:8 - (tsdoc-param-tag-missing-hyphen) The @param block should be followed by a parameter name and then a hyphen[39m
[33mWarning: dist/src/public-types.d.ts:88:8 - (tsdoc-param-tag-missing-hyphen) The @param block should be followed by a parameter name and then a hyphen[39m
[33mWarning: dist/src/types.d.ts:31:1 - (ae-missing-release-tag) "_FirebaseService" is exported by the package, but it is missing a release tag (@alpha, @beta, @public, or @internal)[39m
[33mWarning: dist/src/types.d.ts:33:5 - (ae-forgotten-export) The symbol "FirebaseServiceInternals" needs to be exported by the entry point index.d.ts[39m
[33mWarning: dist/src/types.d.ts:47:1 - (ae-missing-release-tag) "_FirebaseNamespace" is exported by the package, but it is missing a release tag (@alpha, @beta, @public, or @internal)[39m
[33mWarning: dist/src/types.d.ts:56:12 - (tsdoc-param-tag-missing-hyphen) The @param block should be followed by a parameter name and then a hyphen[39m
[33mWarning: dist/src/types.d.ts:57:12 - (tsdoc-param-tag-missing-hyphen) The @param block should be followed by a parameter name and then a hyphen[39m
[33mWarning: dist/src/types.d.ts:58:12 - (tsdoc-param-tag-missing-hyphen) The @param block should be followed by a parameter name and then a hyphen[39m
[33mWarning: dist/src/types.d.ts:59:12 - (tsdoc-param-tag-missing-hyphen) The @param block should be followed by a parameter name and then a hyphen[39m
[33mWarning: dist/src/types.d.ts:60:12 - (tsdoc-param-tag-missing-hyphen) The @param block should be followed by a parameter name and then a hyphen[39m
[33mWarning: dist/src/types.d.ts:63:9 - (ae-forgotten-export) The symbol "FirebaseServiceNamespace" needs to be exported by the entry point index.d.ts[39m
[33mWarning: /private/tmp/fireside-phase2-oracles.EJXGdU/firebase-js-sdk/packages/util/dist/src/compat.d.ts:2:4 - (tsdoc-undefined-tag) The TSDoc tag "@license" is not defined in this configuration[39m
(node:84067) Warning: The 'NO_COLOR' env is ignored due to the 'FORCE_COLOR' env being set.
(Use `node --trace-warnings ...` to show where the warning was created)

API Extractor completed successfully

> @firebase/auth:build

(node:84030) Warning: The 'NO_COLOR' env is ignored due to the 'FORCE_COLOR' env being set.
(Use `node --trace-warnings ...` to show where the warning was created)
(node:84034) Warning: The 'NO_COLOR' env is ignored due to the 'FORCE_COLOR' env being set.
(Use `node --trace-warnings ...` to show where the warning was created)
(node:84034) [DEP0169] DeprecationWarning: `url.parse()` behavior is not standardized and prone to errors that have security implications. Use the WHATWG URL API instead. CVEs are not issued for `url.parse()` vulnerabilities.
[2K[1G[2m$ rollup -c && yarn api-report[22m

index.ts, internal/index.ts → dist/esm...
(node:84038) [MODULE_TYPELESS_PACKAGE_JSON] Warning: Module type of file:///private/tmp/fireside-phase2-oracles.EJXGdU/firebase-js-sdk/packages/auth/rollup.config.js is not specified and it doesn't parse as CommonJS.
Reparsing as ES module because module syntax was detected. This incurs a performance overhead.
To eliminate this warning, add "type": "module" to /private/tmp/fireside-phase2-oracles.EJXGdU/firebase-js-sdk/packages/auth/package.json.
(Use `node --trace-warnings ...` to show where the warning was created)
(node:84038) [MODULE_TYPELESS_PACKAGE_JSON] Warning: Module type of file:///private/tmp/fireside-phase2-oracles.EJXGdU/firebase-js-sdk/scripts/build/rollup_replace_build_target.js is not specified and it doesn't parse as CommonJS.
Reparsing as ES module because module syntax was detected. This incurs a performance overhead.
To eliminate this warning, add "type": "module" to /private/tmp/fireside-phase2-oracles.EJXGdU/firebase-js-sdk/package.json.
(node:84038) Warning: The 'NO_COLOR' env is ignored due to the 'FORCE_COLOR' env being set.
created dist/esm in 1.3s

index.ts, internal/index.ts → dist/browser-cjs...
created dist/browser-cjs in 447ms

index.web-extension.ts, internal/index.ts → dist/web-extension-esm...
created dist/web-extension-esm in 339ms

index.web-extension.ts, internal/index.ts → dist/web-extension-cjs...
created dist/web-extension-cjs in 325ms

index.node.ts, internal/index.ts → dist/node...
created dist/node in 311ms

index.node.ts, internal/index.ts → dist/node-esm...
created dist/node-esm in 311ms

index.cordova.ts, internal/index.ts → dist/cordova...
created dist/cordova in 330ms

index.rn.ts, internal/index.ts → dist/rn...
created dist/rn in 346ms

index.webworker.ts → dist/index.webworker.js...
created dist/index.webworker.js in 960ms
(node:84102) Warning: The 'NO_COLOR' env is ignored due to the 'FORCE_COLOR' env being set.
(Use `node --trace-warnings ...` to show where the warning was created)
(node:84102) [DEP0169] DeprecationWarning: `url.parse()` behavior is not standardized and prone to errors that have security implications. Use the WHATWG URL API instead. CVEs are not issued for `url.parse()` vulnerabilities.
[2K[1G[2m$ api-extractor run --local --verbose --config ./api-extractor.json && api-extractor run --local --verbose --config ./web-extension/api-extractor.json && api-extractor run --local --verbose --config ./cordova/api-extractor.json[22m

[1mapi-extractor 0.1.2 [36m - https://api-extractor.com/[39m[22m
[1m[22m
Analysis will use the bundled TypeScript version 4.1.6
*** The target project appears to use TypeScript 5.5.4 which is newer than the bundled compiler engine; consider upgrading API Extractor.
[36mFound metadata in /private/tmp/fireside-phase2-oracles.EJXGdU/firebase-js-sdk/packages/util/dist/tsdoc-metadata.json[39m
[36mFound metadata in /private/tmp/fireside-phase2-oracles.EJXGdU/firebase-js-sdk/packages/app/dist/app/src/tsdoc-metadata.json[39m
[36mWriting: /private/tmp/fireside-phase2-oracles.EJXGdU/firebase-js-sdk/packages/auth/temp/auth.api.json[39m
[36mThe API report is up to date: temp/auth.api.md[39m
[36mWriting package typings: /private/tmp/fireside-phase2-oracles.EJXGdU/firebase-js-sdk/packages/auth/dist/auth-public.d.ts[39m
[36mWriting package typings: /private/tmp/fireside-phase2-oracles.EJXGdU/firebase-js-sdk/packages/auth/dist/auth.d.ts[39m
[33mWarning: dist/esm/src/core/index.d.ts:90:4 - (tsdoc-param-tag-missing-hyphen) The @param block should be followed by a parameter name and then a hyphen[39m
[33mWarning: dist/esm/src/core/index.d.ts:91:4 - (tsdoc-param-tag-missing-hyphen) The @param block should be followed by a parameter name and then a hyphen[39m
[33mWarning: dist/esm/src/core/index.d.ts:123:1 - (ae-missing-release-tag) "beforeAuthStateChanged" is exported by the package, but it is missing a release tag (@alpha, @beta, @public, or @internal)[39m
[33mWarning: dist/esm/src/mfa/assertions/totp.d.ts:33:8 - (tsdoc-param-tag-missing-hyphen) The @param block should be followed by a parameter name and then a hyphen[39m
[33mWarning: dist/esm/src/mfa/assertions/totp.d.ts:34:8 - (tsdoc-param-tag-missing-hyphen) The @param block should be followed by a parameter name and then a hyphen[39m
[33mWarning: dist/esm/src/mfa/assertions/totp.d.ts:43:8 - (tsdoc-param-tag-missing-hyphen) The @param block should be followed by a parameter name and then a hyphen[39m
[33mWarning: dist/esm/src/mfa/assertions/totp.d.ts:44:8 - (tsdoc-param-tag-missing-hyphen) The @param block should be followed by a parameter name and then a hyphen[39m
[33mWarning: dist/esm/src/mfa/assertions/totp.d.ts:55:8 - (tsdoc-param-tag-missing-hyphen) The @param block should be followed by a parameter name and then a hyphen[39m
[33mWarning: dist/esm/src/mfa/assertions/totp.d.ts:119:8 - (tsdoc-param-tag-missing-hyphen) The @param block should be followed by a parameter name and then a hyphen[39m
[33mWarning: dist/esm/src/mfa/assertions/totp.d.ts:120:8 - (tsdoc-param-tag-missing-hyphen) The @param block should be followed by a parameter name and then a hyphen[39m
[33mWarning: dist/esm/src/model/password_policy.d.ts:36:8 - (tsdoc-param-tag-missing-hyphen) The @param block should be followed by a parameter name and then a hyphen[39m
[33mWarning: dist/esm/src/model/public_types.d.ts:1172:1 - (ae-unresolved-link) The @link reference could not be resolved: The package "@firebase/auth" does not have an export "cordovaPopupRedirectResolver"[39m
[33mWarning: dist/esm/src/model/public_types.d.ts:1189:5 - (ae-unresolved-link) The @link reference could not be resolved: The package "@firebase/auth" does not have an export "cordovaPopupRedirectResolver"[39m
[33mWarning: /private/tmp/fireside-phase2-oracles.EJXGdU/firebase-js-sdk/packages/util/dist/src/subscribe.d.ts:2:4 - (tsdoc-undefined-tag) The TSDoc tag "@license" is not defined in this configuration[39m

API Extractor completed successfully
(node:84104) Warning: The 'NO_COLOR' env is ignored due to the 'FORCE_COLOR' env being set.
(Use `node --trace-warnings ...` to show where the warning was created)

[1mapi-extractor 0.1.2 [36m - https://api-extractor.com/[39m[22m
[1m[22m
Analysis will use the bundled TypeScript version 4.1.6
*** The target project appears to use TypeScript 5.5.4 which is newer than the bundled compiler engine; consider upgrading API Extractor.
[36mFound metadata in /private/tmp/fireside-phase2-oracles.EJXGdU/firebase-js-sdk/packages/util/dist/tsdoc-metadata.json[39m
[36mFound metadata in /private/tmp/fireside-phase2-oracles.EJXGdU/firebase-js-sdk/packages/app/dist/app/src/tsdoc-metadata.json[39m
[36mWriting: /private/tmp/fireside-phase2-oracles.EJXGdU/firebase-js-sdk/packages/auth/temp/subpackages/auth-web-extension.api.json[39m
[36mWriting package typings: /private/tmp/fireside-phase2-oracles.EJXGdU/firebase-js-sdk/packages/auth/dist/web-extension-esm/auth-web-extension-public.d.ts[39m
[36mWriting package typings: /private/tmp/fireside-phase2-oracles.EJXGdU/firebase-js-sdk/packages/auth/dist/web-extension-esm/auth-web-extension.d.ts[39m
[33mWarning: /private/tmp/fireside-phase2-oracles.EJXGdU/firebase-js-sdk/packages/auth/dist/web-extension-esm/src/core/action_code_url.d.ts:44:5 - (ae-unresolved-link) The @link reference could not be resolved: The package "@firebase/auth-web-extension" does not have an export "ActionCodeInfo"[39m
[33mWarning: /private/tmp/fireside-phase2-oracles.EJXGdU/firebase-js-sdk/packages/auth/dist/web-extension-esm/src/core/auth/emulator.d.ts:40:1 - (ae-unresolved-link) The @link reference could not be resolved: The package "@firebase/auth-web-extension" does not have an export "Auth"[39m
[33mWarning: /private/tmp/fireside-phase2-oracles.EJXGdU/firebase-js-sdk/packages/auth/dist/web-extension-esm/src/core/auth/emulator.d.ts:40:1 - (ae-unresolved-link) The @link reference could not be resolved: The package "@firebase/auth-web-extension" does not have an export "Auth"[39m
[33mWarning: /private/tmp/fireside-phase2-oracles.EJXGdU/firebase-js-sdk/packages/auth/dist/web-extension-esm/src/core/auth/initialize.d.ts:45:1 - (ae-forgotten-export) The symbol "Dependencies" needs to be exported by the entry point index.web-extension.d.ts[39m
[33mWarning: /private/tmp/fireside-phase2-oracles.EJXGdU/firebase-js-sdk/packages/auth/dist/web-extension-esm/src/core/auth/initialize.d.ts:45:1 - (ae-unresolved-link) The @link reference could not be resolved: The package "@firebase/auth-web-extension" does not have an export "Auth"[39m
[33mWarning: /private/tmp/fireside-phase2-oracles.EJXGdU/firebase-js-sdk/packages/auth/dist/web-extension-esm/src/core/auth/initialize.d.ts:45:1 - (ae-unresolved-link) The @link reference could not be resolved: The package "@firebase/auth-web-extension" does not have an export "Dependencies"[39m
[33mWarning: /private/tmp/fireside-phase2-oracles.EJXGdU/firebase-js-sdk/packages/auth/dist/web-extension-esm/src/core/auth/initialize.d.ts:45:1 - (ae-unresolved-link) The @link reference could not be resolved: The package "@firebase/auth-web-extension" does not have an export "Auth"[39m
[33mWarning: /private/tmp/fireside-phase2-oracles.EJXGdU/firebase-js-sdk/packages/auth/dist/web-extension-esm/src/core/auth/initialize.d.ts:45:1 - (ae-unresolved-link) The @link reference could not be resolved: The package "@firebase/auth-web-extension" does not have an export "Dependencies"[39m
[33mWarning: /private/tmp/fireside-phase2-oracles.EJXGdU/firebase-js-sdk/packages/auth/dist/web-extension-esm/src/core/credentials/auth_credential.d.ts:28:1 - (ae-unresolved-link) The @link reference could not be resolved: The package "@firebase/auth-web-extension" does not have an export "AuthProvider"[39m
[33mWarning: /private/tmp/fireside-phase2-oracles.EJXGdU/firebase-js-sdk/packages/auth/dist/web-extension-esm/src/core/credentials/auth_credential.d.ts:44:5 - (ae-unresolved-link) The @link reference could not be resolved: The package "@firebase/auth-web-extension" does not have an export "SignInMethod"[39m
[33mWarning: /private/tmp/fireside-phase2-oracles.EJXGdU/firebase-js-sdk/packages/auth/dist/web-extension-esm/src/core/credentials/auth_credential.d.ts:44:5 - (ae-unresolved-link) The @link reference could not be resolved: The package "@firebase/auth-web-extension" does not have an export "SignInMethod"[39m
[33mWarning: /private/tmp/fireside-phase2-oracles.EJXGdU/firebase-js-sdk/packages/auth/dist/web-extension-esm/src/core/credentials/auth_credential.d.ts:70:5 - (ae-forgotten-export) The symbol "AuthInternal" needs to be exported by the entry point index.web-extension.d.ts[39m
[33mWarning: /private/tmp/fireside-phase2-oracles.EJXGdU/firebase-js-sdk/packages/auth/dist/web-extension-esm/src/core/credentials/auth_credential.d.ts:70:5 - (ae-forgotten-export) The symbol "PhoneOrOauthTokenResponse" needs to be exported by the entry point index.web-extension.d.ts[39m
[33mWarning: /private/tmp/fireside-phase2-oracles.EJXGdU/firebase-js-sdk/packages/auth/dist/web-extension-esm/src/core/credentials/auth_credential.d.ts:72:5 - (ae-forgotten-export) The symbol "IdTokenResponse" needs to be exported by the entry point index.web-extension.d.ts[39m
[33mWarning: /private/tmp/fireside-phase2-oracles.EJXGdU/firebase-js-sdk/packages/auth/dist/web-extension-esm/src/core/credentials/email.d.ts:30:1 - (ae-unresolved-link) The @link reference could not be resolved: The package "@firebase/auth-web-extension" does not have an export "ProviderId"[39m
[33mWarning: /private/tmp/fireside-phase2-oracles.EJXGdU/firebase-js-sdk/packages/auth/dist/web-extension-esm/src/core/credentials/email.d.ts:30:1 - (ae-unresolved-link) The @link reference could not be resolved: The package "@firebase/auth-web-extension" does not have an export "SignInMethod"[39m
[33mWarning: /private/tmp/fireside-phase2-oracles.EJXGdU/firebase-js-sdk/packages/auth/dist/web-extension-esm/src/core/credentials/email.d.ts:30:1 - (ae-unresolved-link) The @link reference could not be resolved: The package "@firebase/auth-web-extension" does not have an export "SignInMethod"[39m
[33mWarning: /private/tmp/fireside-phase2-oracles.EJXGdU/firebase-js-sdk/packages/auth/dist/web-extension-esm/src/core/credentials/oauth.d.ts:61:5 - (ae-forgotten-export) The symbol "OAuthCredentialParams" needs to be exported by the entry point index.web-extension.d.ts[39m
[33mWarning: /private/tmp/fireside-phase2-oracles.EJXGdU/firebase-js-sdk/packages/auth/dist/web-extension-esm/src/core/credentials/phone.d.ts:33:1 - (ae-unresolved-link) The @link reference could not be resolved: The package "@firebase/auth-web-extension" does not have an export "PhoneAuthProvider"[39m
[33mWarning: /private/tmp/fireside-phase2-oracles.EJXGdU/firebase-js-sdk/packages/auth/dist/web-extension-esm/src/core/credentials/phone.d.ts:47:5 - (ae-forgotten-export) The symbol "SignInWithPhoneNumberRequest" needs to be exported by the entry point index.web-extension.d.ts[39m
[33mWarning: /private/tmp/fireside-phase2-oracles.EJXGdU/firebase-js-sdk/packages/auth/dist/web-extension-esm/src/core/errors.d.ts:147:22 - (ae-forgotten-export) The symbol "AuthErrorMap" needs to be exported by the entry point index.web-extension.d.ts[39m
[33mWarning: /private/tmp/fireside-phase2-oracles.EJXGdU/firebase-js-sdk/packages/auth/dist/web-extension-esm/src/core/errors.d.ts:147:22 - (ae-unresolved-link) The @link reference could not be resolved: The package "@firebase/auth-web-extension" does not have an export "AuthErrorMap"[39m
[33mWarning: /private/tmp/fireside-phase2-oracles.EJXGdU/firebase-js-sdk/packages/auth/dist/web-extension-esm/src/core/errors.d.ts:155:22 - (ae-unresolved-link) The @link reference could not be resolved: The package "@firebase/auth-web-extension" does not have an export "AuthErrorMap"[39m
[33mWarning: /private/tmp/fireside-phase2-oracles.EJXGdU/firebase-js-sdk/packages/auth/dist/web-extension-esm/src/core/index.d.ts:43:1 - (ae-unresolved-link) The @link reference could not be resolved: The package "@firebase/auth-web-extension" does not have an export "Auth"[39m
[33mWarning: /private/tmp/fireside-phase2-oracles.EJXGdU/firebase-js-sdk/packages/auth/dist/web-extension-esm/src/core/index.d.ts:43:1 - (ae-unresolved-link) The @link reference could not be resolved: The package "@firebase/auth-web-extension" does not have an export "Auth"[39m
[33mWarning: /private/tmp/fireside-phase2-oracles.EJXGdU/firebase-js-sdk/packages/auth/dist/web-extension-esm/src/core/index.d.ts:43:1 - (ae-unresolved-link) The @link reference could not be resolved: The package "@firebase/auth-web-extension" does not have an export "Auth"[39m
[33mWarning: /private/tmp/fireside-phase2-oracles.EJXGdU/firebase-js-sdk/packages/auth/dist/web-extension-esm/src/core/index.d.ts:43:1 - (ae-unresolved-link) The @link reference could not be resolved: The package "@firebase/auth-web-extension" does not have an export "Persistence"[39m
[33mWarning: /private/tmp/fireside-phase2-oracles.EJXGdU/firebase-js-sdk/packages/auth/dist/web-extension-esm/src/core/index.d.ts:71:1 - (ae-unresolved-link) The @link reference could not be resolved: The package "@firebase/auth-web-extension" does not have an export "Auth"[39m
[33mWarning: /private/tmp/fireside-phase2-oracles.EJXGdU/firebase-js-sdk/packages/auth/dist/web-extension-esm/src/core/index.d.ts:90:4 - (tsdoc-param-tag-missing-hyphen) The @param block should be followed by a parameter name and then a hyphen[39m
[33mWarning: /private/tmp/fireside-phase2-oracles.EJXGdU/firebase-js-sdk/packages/auth/dist/web-extension-esm/src/core/index.d.ts:91:4 - (tsdoc-param-tag-missing-hyphen) The @param block should be followed by a parameter name and then a hyphen[39m
[33mWarning: /private/tmp/fireside-phase2-oracles.EJXGdU/firebase-js-sdk/packages/auth/dist/web-extension-esm/src/core/index.d.ts:95:1 - (ae-forgotten-export) The symbol "PasswordValidationStatus" needs to be exported by the entry point index.web-extension.d.ts[39m
[33mWarning: /private/tmp/fireside-phase2-oracles.EJXGdU/firebase-js-sdk/packages/auth/dist/web-extension-esm/src/core/index.d.ts:95:1 - (ae-unresolved-link) The @link reference could not be resolved: The package "@firebase/auth-web-extension" does not have an export "Auth"[39m
[33mWarning: /private/tmp/fireside-phase2-oracles.EJXGdU/firebase-js-sdk/packages/auth/dist/web-extension-esm/src/core/index.d.ts:112:1 - (ae-unresolved-link) The @link reference could not be resolved: The package "@firebase/auth-web-extension" does not have an export "User"[39m
[33mWarning: /private/tmp/fireside-phase2-oracles.EJXGdU/firebase-js-sdk/packages/auth/dist/web-extension-esm/src/core/index.d.ts:112:1 - (ae-unresolved-link) The @link reference could not be resolved: The package "@firebase/auth-web-extension" does not have an export "Auth"[39m
[33mWarning: /private/tmp/fireside-phase2-oracles.EJXGdU/firebase-js-sdk/packages/auth/dist/web-extension-esm/src/core/index.d.ts:123:1 - (ae-forgotten-export) The symbol "User" needs to be exported by the entry point index.web-extension.d.ts[39m
[33mWarning: /private/tmp/fireside-phase2-oracles.EJXGdU/firebase-js-sdk/packages/auth/dist/web-extension-esm/src/core/index.d.ts:123:1 - (ae-missing-release-tag) "beforeAuthStateChanged" is exported by the package, but it is missing a release tag (@alpha, @beta, @public, or @internal)[39m
[33mWarning: /private/tmp/fireside-phase2-oracles.EJXGdU/firebase-js-sdk/packages/auth/dist/web-extension-esm/src/core/index.d.ts:123:1 - (ae-unresolved-link) The @link reference could not be resolved: The package "@firebase/auth-web-extension" does not have an export "Auth"[39m
[33mWarning: /private/tmp/fireside-phase2-oracles.EJXGdU/firebase-js-sdk/packages/auth/dist/web-extension-esm/src/core/index.d.ts:139:1 - (ae-forgotten-export) The symbol "NextOrObserver" needs to be exported by the entry point index.web-extension.d.ts[39m
[33mWarning: /private/tmp/fireside-phase2-oracles.EJXGdU/firebase-js-sdk/packages/auth/dist/web-extension-esm/src/core/index.d.ts:139:1 - (ae-unresolved-link) The @link reference could not be resolved: The package "@firebase/auth-web-extension" does not have an export "Auth"[39m
[33mWarning: /private/tmp/fireside-phase2-oracles.EJXGdU/firebase-js-sdk/packages/auth/dist/web-extension-esm/src/core/index.d.ts:147:1 - (ae-unresolved-link) The @link reference could not be resolved: The package "@firebase/auth-web-extension" does not have an export "Auth"[39m
[33mWarning: /private/tmp/fireside-phase2-oracles.EJXGdU/firebase-js-sdk/packages/auth/dist/web-extension-esm/src/core/index.d.ts:169:1 - (ae-unresolved-link) The @link reference could not be resolved: The package "@firebase/auth-web-extension" does not have an export "Auth"[39m
[33mWarning: /private/tmp/fireside-phase2-oracles.EJXGdU/firebase-js-sdk/packages/auth/dist/web-extension-esm/src/core/index.d.ts:169:1 - (ae-unresolved-link) The @link reference could not be resolved: The package "@firebase/auth-web-extension" does not have an export "Auth"[39m
[33mWarning: /private/tmp/fireside-phase2-oracles.EJXGdU/firebase-js-sdk/packages/auth/dist/web-extension-esm/src/core/index.d.ts:169:1 - (ae-unresolved-link) The @link reference could not be resolved: The package "@firebase/auth-web-extension" does not have an export "Auth"[39m
[33mWarning: /private/tmp/fireside-phase2-oracles.EJXGdU/firebase-js-sdk/packages/auth/dist/web-extension-esm/src/core/index.d.ts:169:1 - (ae-unresolved-link) The @link reference could not be resolved: The package "@firebase/auth-web-extension" does not have an export "Auth"[39m
[33mWarning: /private/tmp/fireside-phase2-oracles.EJXGdU/firebase-js-sdk/packages/auth/dist/web-extension-esm/src/core/index.d.ts:169:1 - (ae-unresolved-link) The @link reference could not be resolved: The package "@firebase/auth-web-extension" does not have an export "User"[39m
[33mWarning: /private/tmp/fireside-phase2-oracles.EJXGdU/firebase-js-sdk/packages/auth/dist/web-extension-esm/src/core/index.d.ts:181:1 - (ae-unresolved-link) The @link reference could not be resolved: The package "@firebase/auth-web-extension" does not have an export "Auth"[39m
[33mWarning: /private/tmp/fireside-phase2-oracles.EJXGdU/firebase-js-sdk/packages/auth/dist/web-extension-esm/src/core/index.d.ts:181:1 - (ae-unresolved-link) The @link reference could not be resolved: The package "@firebase/auth-web-extension" does not have an export "Auth"[39m
[33mWarning: /private/tmp/fireside-phase2-oracles.EJXGdU/firebase-js-sdk/packages/auth/dist/web-extension-esm/src/core/index.d.ts:190:1 - (ae-unresolved-link) The @link reference could not be resolved: The package "@firebase/auth-web-extension" does not have an export "Auth"[39m
[33mWarning: /private/tmp/fireside-phase2-oracles.EJXGdU/firebase-js-sdk/packages/auth/dist/web-extension-esm/src/core/persistence/in_memory.d.ts:35:22 - (ae-unresolved-link) The @link reference could not be resolved: The package "@firebase/auth-web-extension" does not have an export "Persistence"[39m
[33mWarning: /private/tmp/fireside-phase2-oracles.EJXGdU/firebase-js-sdk/packages/auth/dist/web-extension-esm/src/core/providers/email.d.ts:24:1 - (ae-forgotten-export) The symbol "AuthProvider" needs to be exported by the entry point index.web-extension.d.ts[39m
[33mWarning: /private/tmp/fireside-phase2-oracles.EJXGdU/firebase-js-sdk/packages/auth/dist/web-extension-esm/src/core/providers/email.d.ts:28:5 - (ae-unresolved-link) The @link reference could not be resolved: The package "@firebase/auth-web-extension" does not have an export "ProviderId"[39m
[33mWarning: /private/tmp/fireside-phase2-oracles.EJXGdU/firebase-js-sdk/packages/auth/dist/web-extension-esm/src/core/providers/email.d.ts:32:5 - (ae-unresolved-link) The @link reference could not be resolved: The package "@firebase/auth-web-extension" does not have an export "SignInMethod"[39m
[33mWarning: /private/tmp/fireside-phase2-oracles.EJXGdU/firebase-js-sdk/packages/auth/dist/web-extension-esm/src/core/providers/email.d.ts:36:5 - (ae-unresolved-link) The @link reference could not be resolved: The package "@firebase/auth-web-extension" does not have an export "SignInMethod"[39m
[33mWarning: /private/tmp/fireside-phase2-oracles.EJXGdU/firebase-js-sdk/packages/auth/dist/web-extension-esm/src/core/providers/email.d.ts:40:5 - (ae-unresolved-link) The @link reference could not be resolved: The package "@firebase/auth-web-extension" does not have an export "ProviderId"[39m
[33mWarning: /private/tmp/fireside-phase2-oracles.EJXGdU/firebase-js-sdk/packages/auth/dist/web-extension-esm/src/core/providers/email.d.ts:82:5 - (ae-unresolved-link) The @link reference could not be resolved: The package "@firebase/auth-web-extension" does not have an export "Auth"[39m
[33mWarning: /private/tmp/fireside-phase2-oracles.EJXGdU/firebase-js-sdk/packages/auth/dist/web-extension-esm/src/core/providers/facebook.d.ts:60:1 - (ae-forgotten-export) The symbol "BaseOAuthProvider" needs to be exported by the entry point index.web-extension.d.ts[39m
[33mWarning: /private/tmp/fireside-phase2-oracles.EJXGdU/firebase-js-sdk/packages/auth/dist/web-extension-esm/src/core/providers/facebook.d.ts:60:1 - (ae-unresolved-link) The @link reference could not be resolved: The package "@firebase/auth-web-extension" does not have an export "ProviderId"[39m
[33mWarning: /private/tmp/fireside-phase2-oracles.EJXGdU/firebase-js-sdk/packages/auth/dist/web-extension-esm/src/core/providers/facebook.d.ts:62:5 - (ae-unresolved-link) The @link reference could not be resolved: The package "@firebase/auth-web-extension" does not have an export "SignInMethod"[39m
[33mWarning: /private/tmp/fireside-phase2-oracles.EJXGdU/firebase-js-sdk/packages/auth/dist/web-extension-esm/src/core/providers/facebook.d.ts:64:5 - (ae-unresolved-link) The @link reference could not be resolved: The package "@firebase/auth-web-extension" does not have an export "ProviderId"[39m
[33mWarning: /private/tmp/fireside-phase2-oracles.EJXGdU/firebase-js-sdk/packages/auth/dist/web-extension-esm/src/core/providers/facebook.d.ts:84:5 - (ae-unresolved-link) The @link reference could not be resolved: The package "@firebase/auth-web-extension" does not have an export "UserCredential"[39m
[33mWarning: /private/tmp/fireside-phase2-oracles.EJXGdU/firebase-js-sdk/packages/auth/dist/web-extension-esm/src/core/providers/facebook.d.ts:91:5 - (ae-unresolved-link) The @link reference could not be resolved: The package "@firebase/auth-web-extension" does not have an export "AuthError"[39m
[33mWarning: /private/tmp/fireside-phase2-oracles.EJXGdU/firebase-js-sdk/packages/auth/dist/web-extension-esm/src/core/providers/github.d.ts:63:1 - (ae-unresolved-link) The @link reference could not be resolved: The package "@firebase/auth-web-extension" does not have an export "ProviderId"[39m
[33mWarning: /private/tmp/fireside-phase2-oracles.EJXGdU/firebase-js-sdk/packages/auth/dist/web-extension-esm/src/core/providers/github.d.ts:63:1 - (ae-unresolved-link) The @link reference could not be resolved: The package "@firebase/auth-web-extension" does not have an export "signInWithPopup"[39m
[33mWarning: /private/tmp/fireside-phase2-oracles.EJXGdU/firebase-js-sdk/packages/auth/dist/web-extension-esm/src/core/providers/github.d.ts:65:5 - (ae-unresolved-link) The @link reference could not be resolved: The package "@firebase/auth-web-extension" does not have an export "SignInMethod"[39m
[33mWarning: /private/tmp/fireside-phase2-oracles.EJXGdU/firebase-js-sdk/packages/auth/dist/web-extension-esm/src/core/providers/github.d.ts:67:5 - (ae-unresolved-link) The @link reference could not be resolved: The package "@firebase/auth-web-extension" does not have an export "ProviderId"[39m
[33mWarning: /private/tmp/fireside-phase2-oracles.EJXGdU/firebase-js-sdk/packages/auth/dist/web-extension-esm/src/core/providers/github.d.ts:80:5 - (ae-unresolved-link) The @link reference could not be resolved: The package "@firebase/auth-web-extension" does not have an export "UserCredential"[39m
[33mWarning: /private/tmp/fireside-phase2-oracles.EJXGdU/firebase-js-sdk/packages/auth/dist/web-extension-esm/src/core/providers/github.d.ts:87:5 - (ae-unresolved-link) The @link reference could not be resolved: The package "@firebase/auth-web-extension" does not have an export "AuthError"[39m
[33mWarning: /private/tmp/fireside-phase2-oracles.EJXGdU/firebase-js-sdk/packages/auth/dist/web-extension-esm/src/core/providers/google.d.ts:62:1 - (ae-unresolved-link) The @link reference could not be resolved: The package "@firebase/auth-web-extension" does not have an export "ProviderId"[39m
[33mWarning: /private/tmp/fireside-phase2-oracles.EJXGdU/firebase-js-sdk/packages/auth/dist/web-extension-esm/src/core/providers/google.d.ts:64:5 - (ae-unresolved-link) The @link reference could not be resolved: The package "@firebase/auth-web-extension" does not have an export "SignInMethod"[39m
[33mWarning: /private/tmp/fireside-phase2-oracles.EJXGdU/firebase-js-sdk/packages/auth/dist/web-extension-esm/src/core/providers/google.d.ts:66:5 - (ae-unresolved-link) The @link reference could not be resolved: The package "@firebase/auth-web-extension" does not have an export "ProviderId"[39m
[33mWarning: /private/tmp/fireside-phase2-oracles.EJXGdU/firebase-js-sdk/packages/auth/dist/web-extension-esm/src/core/providers/google.d.ts:87:5 - (ae-unresolved-link) The @link reference could not be resolved: The package "@firebase/auth-web-extension" does not have an export "UserCredential"[39m
[33mWarning: /private/tmp/fireside-phase2-oracles.EJXGdU/firebase-js-sdk/packages/auth/dist/web-extension-esm/src/core/providers/google.d.ts:94:5 - (ae-unresolved-link) The @link reference could not be resolved: The package "@firebase/auth-web-extension" does not have an export "AuthError"[39m
[33mWarning: /private/tmp/fireside-phase2-oracles.EJXGdU/firebase-js-sdk/packages/auth/dist/web-extension-esm/src/core/providers/oauth.d.ts:142:5 - (ae-unresolved-link) The @link reference could not be resolved: The package "@firebase/auth-web-extension" does not have an export "UserCredential"[39m
[33mWarning: /private/tmp/fireside-phase2-oracles.EJXGdU/firebase-js-sdk/packages/auth/dist/web-extension-esm/src/core/providers/oauth.d.ts:149:5 - (ae-unresolved-link) The @link reference could not be resolved: The package "@firebase/auth-web-extension" does not have an export "AuthError"[39m
[33mWarning: /private/tmp/fireside-phase2-oracles.EJXGdU/firebase-js-sdk/packages/auth/dist/web-extension-esm/src/core/providers/saml.d.ts:26:1 - (ae-forgotten-export) The symbol "FederatedAuthProvider" needs to be exported by the entry point index.web-extension.d.ts[39m
[33mWarning: /private/tmp/fireside-phase2-oracles.EJXGdU/firebase-js-sdk/packages/auth/dist/web-extension-esm/src/core/providers/saml.d.ts:26:1 - (ae-unresolved-link) The @link reference could not be resolved: The package "@firebase/auth-web-extension" does not have an export "AuthProvider"[39m
[33mWarning: /private/tmp/fireside-phase2-oracles.EJXGdU/firebase-js-sdk/packages/auth/dist/web-extension-esm/src/core/providers/saml.d.ts:48:5 - (ae-unresolved-link) The @link reference could not be resolved: The package "@firebase/auth-web-extension" does not have an export "UserCredential"[39m
[33mWarning: /private/tmp/fireside-phase2-oracles.EJXGdU/firebase-js-sdk/packages/auth/dist/web-extension-esm/src/core/providers/saml.d.ts:55:5 - (ae-unresolved-link) The @link reference could not be resolved: The package "@firebase/auth-web-extension" does not have an export "AuthError"[39m
[33mWarning: /private/tmp/fireside-phase2-oracles.EJXGdU/firebase-js-sdk/packages/auth/dist/web-extension-esm/src/core/providers/twitter.d.ts:76:1 - (ae-unresolved-link) The @link reference could not be resolved: The package "@firebase/auth-web-extension" does not have an export "ProviderId"[39m
[33mWarning: /private/tmp/fireside-phase2-oracles.EJXGdU/firebase-js-sdk/packages/auth/dist/web-extension-esm/src/core/providers/twitter.d.ts:78:5 - (ae-unresolved-link) The @link reference could not be resolved: The package "@firebase/auth-web-extension" does not have an export "SignInMethod"[39m
[33mWarning: /private/tmp/fireside-phase2-oracles.EJXGdU/firebase-js-sdk/packages/auth/dist/web-extension-esm/src/core/providers/twitter.d.ts:80:5 - (ae-unresolved-link) The @link reference could not be resolved: The package "@firebase/auth-web-extension" does not have an export "ProviderId"[39m
[33mWarning: /private/tmp/fireside-phase2-oracles.EJXGdU/firebase-js-sdk/packages/auth/dist/web-extension-esm/src/core/providers/twitter.d.ts:94:5 - (ae-unresolved-link) The @link reference could not be resolved: The package "@firebase/auth-web-extension" does not have an export "UserCredential"[39m
[33mWarning: /private/tmp/fireside-phase2-oracles.EJXGdU/firebase-js-sdk/packages/auth/dist/web-extension-esm/src/core/providers/twitter.d.ts:101:5 - (ae-unresolved-link) The @link reference could not be resolved: The package "@firebase/auth-web-extension" does not have an export "AuthError"[39m
[33mWarning: /private/tmp/fireside-phase2-oracles.EJXGdU/firebase-js-sdk/packages/auth/dist/web-extension-esm/src/core/strategies/anonymous.d.ts:32:1 - (ae-unresolved-link) The @link reference could not be resolved: The package "@firebase/auth-web-extension" does not have an export "Auth"[39m
[33mWarning: /private/tmp/fireside-phase2-oracles.EJXGdU/firebase-js-sdk/packages/auth/dist/web-extension-esm/src/core/strategies/anonymous.d.ts:32:1 - (ae-unresolved-link) The @link reference could not be resolved: The package "@firebase/auth-web-extension" does not have an export "Auth"[39m
[33mWarning: /private/tmp/fireside-phase2-oracles.EJXGdU/firebase-js-sdk/packages/auth/dist/web-extension-esm/src/core/strategies/credential.d.ts:35:1 - (ae-unresolved-link) The @link reference could not be resolved: The package "@firebase/auth-web-extension" does not have an export "AuthProvider"[39m
[33mWarning: /private/tmp/fireside-phase2-oracles.EJXGdU/firebase-js-sdk/packages/auth/dist/web-extension-esm/src/core/strategies/credential.d.ts:35:1 - (ae-unresolved-link) The @link reference could not be resolved: The package "@firebase/auth-web-extension" does not have an export "Auth"[39m
[33mWarning: /private/tmp/fireside-phase2-oracles.EJXGdU/firebase-js-sdk/packages/auth/dist/web-extension-esm/src/core/strategies/credential.d.ts:35:1 - (ae-unresolved-link) The @link reference could not be resolved: The package "@firebase/auth-web-extension" does not have an export "Auth"[39m
[33mWarning: /private/tmp/fireside-phase2-oracles.EJXGdU/firebase-js-sdk/packages/auth/dist/web-extension-esm/src/core/strategies/credential.d.ts:47:1 - (ae-unresolved-link) The @link reference could not be resolved: The package "@firebase/auth-web-extension" does not have an export "AuthProvider"[39m
[33mWarning: /private/tmp/fireside-phase2-oracles.EJXGdU/firebase-js-sdk/packages/auth/dist/web-extension-esm/src/core/strategies/credential.d.ts:64:1 - (ae-unresolved-link) The @link reference could not be resolved: The package "@firebase/auth-web-extension" does not have an export "User"[39m
[33mWarning: /private/tmp/fireside-phase2-oracles.EJXGdU/firebase-js-sdk/packages/auth/dist/web-extension-esm/src/core/strategies/credential.d.ts:64:1 - (ae-unresolved-link) The @link reference could not be resolved: The package "@firebase/auth-web-extension" does not have an export "Auth"[39m
[33mWarning: /private/tmp/fireside-phase2-oracles.EJXGdU/firebase-js-sdk/packages/auth/dist/web-extension-esm/src/core/strategies/custom_token.d.ts:37:1 - (ae-unresolved-link) The @link reference could not be resolved: The package "@firebase/auth-web-extension" does not have an export "Auth"[39m
[33mWarning: /private/tmp/fireside-phase2-oracles.EJXGdU/firebase-js-sdk/packages/auth/dist/web-extension-esm/src/core/strategies/custom_token.d.ts:37:1 - (ae-unresolved-link) The @link reference could not be resolved: The package "@firebase/auth-web-extension" does not have an export "Auth"[39m
[33mWarning: /private/tmp/fireside-phase2-oracles.EJXGdU/firebase-js-sdk/packages/auth/dist/web-extension-esm/src/core/strategies/email.d.ts:38:1 - (ae-unresolved-link) The @link reference could not be resolved: The package "@firebase/auth-web-extension" does not have an export "SignInMethod"[39m
[33mWarning: /private/tmp/fireside-phase2-oracles.EJXGdU/firebase-js-sdk/packages/auth/dist/web-extension-esm/src/core/strategies/email.d.ts:38:1 - (ae-unresolved-link) The @link reference could not be resolved: The package "@firebase/auth-web-extension" does not have an export "SignInMethod"[39m
[33mWarning: /private/tmp/fireside-phase2-oracles.EJXGdU/firebase-js-sdk/packages/auth/dist/web-extension-esm/src/core/strategies/email.d.ts:38:1 - (ae-unresolved-link) The @link reference could not be resolved: The package "@firebase/auth-web-extension" does not have an export "Auth"[39m
[33mWarning: /private/tmp/fireside-phase2-oracles.EJXGdU/firebase-js-sdk/packages/auth/dist/web-extension-esm/src/core/strategies/email.d.ts:69:1 - (ae-forgotten-export) The symbol "ActionCodeSettings" needs to be exported by the entry point index.web-extension.d.ts[39m
[33mWarning: /private/tmp/fireside-phase2-oracles.EJXGdU/firebase-js-sdk/packages/auth/dist/web-extension-esm/src/core/strategies/email.d.ts:69:1 - (ae-unresolved-link) The @link reference could not be resolved: The package "@firebase/auth-web-extension" does not have an export "ActionCodeSettings"[39m
[33mWarning: /private/tmp/fireside-phase2-oracles.EJXGdU/firebase-js-sdk/packages/auth/dist/web-extension-esm/src/core/strategies/email.d.ts:104:1 - (ae-unresolved-link) The @link reference could not be resolved: The package "@firebase/auth-web-extension" does not have an export "ActionCodeSettings"[39m
[33mWarning: /private/tmp/fireside-phase2-oracles.EJXGdU/firebase-js-sdk/packages/auth/dist/web-extension-esm/src/core/strategies/email_and_password.d.ts:53:1 - (ae-unresolved-link) The @link reference could not be resolved: The package "@firebase/auth-web-extension" does not have an export "Auth"[39m
[33mWarning: /private/tmp/fireside-phase2-oracles.EJXGdU/firebase-js-sdk/packages/auth/dist/web-extension-esm/src/core/strategies/email_and_password.d.ts:53:1 - (ae-unresolved-link) The @link reference could not be resolved: The package "@firebase/auth-web-extension" does not have an export "ActionCodeSettings"[39m
[33mWarning: /private/tmp/fireside-phase2-oracles.EJXGdU/firebase-js-sdk/packages/auth/dist/web-extension-esm/src/core/strategies/email_and_password.d.ts:63:1 - (ae-unresolved-link) The @link reference could not be resolved: The package "@firebase/auth-web-extension" does not have an export "Auth"[39m
[33mWarning: /private/tmp/fireside-phase2-oracles.EJXGdU/firebase-js-sdk/packages/auth/dist/web-extension-esm/src/core/strategies/email_and_password.d.ts:72:1 - (ae-forgotten-export) The symbol "Auth" needs to be exported by the entry point index.web-extension.d.ts[39m
[33mWarning: /private/tmp/fireside-phase2-oracles.EJXGdU/firebase-js-sdk/packages/auth/dist/web-extension-esm/src/core/strategies/email_and_password.d.ts:72:1 - (ae-unresolved-link) The @link reference could not be resolved: The package "@firebase/auth-web-extension" does not have an export "Auth"[39m
[33mWarning: /private/tmp/fireside-phase2-oracles.EJXGdU/firebase-js-sdk/packages/auth/dist/web-extension-esm/src/core/strategies/email_and_password.d.ts:83:1 - (ae-forgotten-export) The symbol "ActionCodeInfo" needs to be exported by the entry point index.web-extension.d.ts[39m
[33mWarning: /private/tmp/fireside-phase2-oracles.EJXGdU/firebase-js-sdk/packages/auth/dist/web-extension-esm/src/core/strategies/email_and_password.d.ts:83:1 - (ae-unresolved-link) The @link reference could not be resolved: The package "@firebase/auth-web-extension" does not have an export "Auth"[39m
[33mWarning: /private/tmp/fireside-phase2-oracles.EJXGdU/firebase-js-sdk/packages/auth/dist/web-extension-esm/src/core/strategies/email_and_password.d.ts:94:1 - (ae-unresolved-link) The @link reference could not be resolved: The package "@firebase/auth-web-extension" does not have an export "Auth"[39m
[33mWarning: /private/tmp/fireside-phase2-oracles.EJXGdU/firebase-js-sdk/packages/auth/dist/web-extension-esm/src/core/strategies/email_and_password.d.ts:115:1 - (ae-forgotten-export) The symbol "UserCredential" needs to be exported by the entry point index.web-extension.d.ts[39m
[33mWarning: /private/tmp/fireside-phase2-oracles.EJXGdU/firebase-js-sdk/packages/auth/dist/web-extension-esm/src/core/strategies/email_and_password.d.ts:115:1 - (ae-unresolved-link) The @link reference could not be resolved: The package "@firebase/auth-web-extension" does not have an export "Auth"[39m
[33mWarning: /private/tmp/fireside-phase2-oracles.EJXGdU/firebase-js-sdk/packages/auth/dist/web-extension-esm/src/core/strategies/email_and_password.d.ts:115:1 - (ae-unresolved-link) The @link reference could not be resolved: The package "@firebase/auth-web-extension" does not have an export "Auth"[39m
[33mWarning: /private/tmp/fireside-phase2-oracles.EJXGdU/firebase-js-sdk/packages/auth/dist/web-extension-esm/src/core/strategies/email_and_password.d.ts:139:1 - (ae-unresolved-link) The @link reference could not be resolved: The package "@firebase/auth-web-extension" does not have an export "Auth"[39m
[33mWarning: /private/tmp/fireside-phase2-oracles.EJXGdU/firebase-js-sdk/packages/auth/dist/web-extension-esm/src/core/strategies/email_and_password.d.ts:139:1 - (ae-unresolved-link) The @link reference could not be resolved: The package "@firebase/auth-web-extension" does not have an export "Auth"[39m
[33mWarning: /private/tmp/fireside-phase2-oracles.EJXGdU/firebase-js-sdk/packages/auth/dist/web-extension-esm/src/core/strategies/email_link.d.ts:56:1 - (ae-unresolved-link) The @link reference could not be resolved: The package "@firebase/auth-web-extension" does not have an export "Auth"[39m
[33mWarning: /private/tmp/fireside-phase2-oracles.EJXGdU/firebase-js-sdk/packages/auth/dist/web-extension-esm/src/core/strategies/email_link.d.ts:56:1 - (ae-unresolved-link) The @link reference could not be resolved: The package "@firebase/auth-web-extension" does not have an export "ActionCodeSettings"[39m
[33mWarning: /private/tmp/fireside-phase2-oracles.EJXGdU/firebase-js-sdk/packages/auth/dist/web-extension-esm/src/core/strategies/email_link.d.ts:65:1 - (ae-unresolved-link) The @link reference could not be resolved: The package "@firebase/auth-web-extension" does not have an export "Auth"[39m
[33mWarning: /private/tmp/fireside-phase2-oracles.EJXGdU/firebase-js-sdk/packages/auth/dist/web-extension-esm/src/core/strategies/email_link.d.ts:107:1 - (ae-unresolved-link) The @link reference could not be resolved: The package "@firebase/auth-web-extension" does not have an export "Auth"[39m
[33mWarning: /private/tmp/fireside-phase2-oracles.EJXGdU/firebase-js-sdk/packages/auth/dist/web-extension-esm/src/core/strategies/email_link.d.ts:107:1 - (ae-unresolved-link) The @link reference could not be resolved: The package "@firebase/auth-web-extension" does not have an export "Auth"[39m
[33mWarning: /private/tmp/fireside-phase2-oracles.EJXGdU/firebase-js-sdk/packages/auth/dist/web-extension-esm/src/core/user/account_info.d.ts:54:1 - (ae-unresolved-link) The @link reference could not be resolved: The package "@firebase/auth-web-extension" does not have an export "User"[39m
[33mWarning: /private/tmp/fireside-phase2-oracles.EJXGdU/firebase-js-sdk/packages/auth/dist/web-extension-esm/src/core/user/account_info.d.ts:54:1 - (ae-unresolved-link) The @link reference could not be resolved: The package "@firebase/auth-web-extension" does not have an export "Auth"[39m
[33mWarning: /private/tmp/fireside-phase2-oracles.EJXGdU/firebase-js-sdk/packages/auth/dist/web-extension-esm/src/core/user/additional_user_info.d.ts:31:1 - (ae-forgotten-export) The symbol "AdditionalUserInfo" needs to be exported by the entry point index.web-extension.d.ts[39m
[33mWarning: /private/tmp/fireside-phase2-oracles.EJXGdU/firebase-js-sdk/packages/auth/dist/web-extension-esm/src/core/user/additional_user_info.d.ts:31:1 - (ae-unresolved-link) The @link reference could not be resolved: The package "@firebase/auth-web-extension" does not have an export "AdditionalUserInfo"[39m
[33mWarning: /private/tmp/fireside-phase2-oracles.EJXGdU/firebase-js-sdk/packages/auth/dist/web-extension-esm/src/core/user/id_token_result.d.ts:43:1 - (ae-forgotten-export) The symbol "IdTokenResult" needs to be exported by the entry point index.web-extension.d.ts[39m
[33mWarning: /private/tmp/fireside-phase2-oracles.EJXGdU/firebase-js-sdk/packages/auth/dist/web-extension-esm/src/mfa/assertions/totp.d.ts:27:1 - (ae-unresolved-link) The @link reference could not be resolved: The package "@firebase/auth-web-extension" does not have an export "TotpMultiFactorAssertion"[39m
[33mWarning: /private/tmp/fireside-phase2-oracles.EJXGdU/firebase-js-sdk/packages/auth/dist/web-extension-esm/src/mfa/assertions/totp.d.ts:33:8 - (tsdoc-param-tag-missing-hyphen) The @param block should be followed by a parameter name and then a hyphen[39m
[33mWarning: /private/tmp/fireside-phase2-oracles.EJXGdU/firebase-js-sdk/packages/auth/dist/web-extension-esm/src/mfa/assertions/totp.d.ts:34:8 - (tsdoc-param-tag-missing-hyphen) The @param block should be followed by a parameter name and then a hyphen[39m
[33mWarning: /private/tmp/fireside-phase2-oracles.EJXGdU/firebase-js-sdk/packages/auth/dist/web-extension-esm/src/mfa/assertions/totp.d.ts:38:5 - (ae-forgotten-export) The symbol "TotpMultiFactorAssertion" needs to be exported by the entry point index.web-extension.d.ts[39m
[33mWarning: /private/tmp/fireside-phase2-oracles.EJXGdU/firebase-js-sdk/packages/auth/dist/web-extension-esm/src/mfa/assertions/totp.d.ts:38:5 - (ae-unresolved-link) The @link reference could not be resolved: The package "@firebase/auth-web-extension" does not have an export "TotpMultiFactorAssertion"[39m
[33mWarning: /private/tmp/fireside-phase2-oracles.EJXGdU/firebase-js-sdk/packages/auth/dist/web-extension-esm/src/mfa/assertions/totp.d.ts:38:5 - (ae-unresolved-link) The @link reference could not be resolved: The package "@firebase/auth-web-extension" does not have an export "TotpMultiFactorAssertion"[39m
[33mWarning: /private/tmp/fireside-phase2-oracles.EJXGdU/firebase-js-sdk/packages/auth/dist/web-extension-esm/src/mfa/assertions/totp.d.ts:38:5 - (ae-unresolved-link) The @link reference could not be resolved: The package "@firebase/auth-web-extension" does not have an export "MultiFactorUser"[39m
[33mWarning: /private/tmp/fireside-phase2-oracles.EJXGdU/firebase-js-sdk/packages/auth/dist/web-extension-esm/src/mfa/assertions/totp.d.ts:43:8 - (tsdoc-param-tag-missing-hyphen) The @param block should be followed by a parameter name and then a hyphen[39m
[33mWarning: /private/tmp/fireside-phase2-oracles.EJXGdU/firebase-js-sdk/packages/auth/dist/web-extension-esm/src/mfa/assertions/totp.d.ts:44:8 - (tsdoc-param-tag-missing-hyphen) The @param block should be followed by a parameter name and then a hyphen[39m
[33mWarning: /private/tmp/fireside-phase2-oracles.EJXGdU/firebase-js-sdk/packages/auth/dist/web-extension-esm/src/mfa/assertions/totp.d.ts:48:5 - (ae-unresolved-link) The @link reference could not be resolved: The package "@firebase/auth-web-extension" does not have an export "TotpMultiFactorAssertion"[39m
[33mWarning: /private/tmp/fireside-phase2-oracles.EJXGdU/firebase-js-sdk/packages/auth/dist/web-extension-esm/src/mfa/assertions/totp.d.ts:48:5 - (ae-unresolved-link) The @link reference could not be resolved: The package "@firebase/auth-web-extension" does not have an export "TotpMultiFactorAssertion"[39m
[33mWarning: /private/tmp/fireside-phase2-oracles.EJXGdU/firebase-js-sdk/packages/auth/dist/web-extension-esm/src/mfa/assertions/totp.d.ts:48:5 - (ae-unresolved-link) The @link reference could not be resolved: The package "@firebase/auth-web-extension" does not have an export "MultiFactorResolver"[39m
[33mWarning: /private/tmp/fireside-phase2-oracles.EJXGdU/firebase-js-sdk/packages/auth/dist/web-extension-esm/src/mfa/assertions/totp.d.ts:55:8 - (tsdoc-param-tag-missing-hyphen) The @param block should be followed by a parameter name and then a hyphen[39m
[33mWarning: /private/tmp/fireside-phase2-oracles.EJXGdU/firebase-js-sdk/packages/auth/dist/web-extension-esm/src/mfa/assertions/totp.d.ts:58:5 - (ae-forgotten-export) The symbol "MultiFactorSession" needs to be exported by the entry point index.web-extension.d.ts[39m
[33mWarning: /private/tmp/fireside-phase2-oracles.EJXGdU/firebase-js-sdk/packages/auth/dist/web-extension-esm/src/mfa/assertions/totp.d.ts:58:5 - (ae-unresolved-link) The @link reference could not be resolved: The package "@firebase/auth-web-extension" does not have an export "MultiFactorSession"[39m
[33mWarning: /private/tmp/fireside-phase2-oracles.EJXGdU/firebase-js-sdk/packages/auth/dist/web-extension-esm/src/mfa/assertions/totp.d.ts:85:1 - (ae-unresolved-link) The @link reference could not be resolved: The package "@firebase/auth-web-extension" does not have an export "TotpMultiFactorAssertion"[39m
[33mWarning: /private/tmp/fireside-phase2-oracles.EJXGdU/firebase-js-sdk/packages/auth/dist/web-extension-esm/src/mfa/assertions/totp.d.ts:110:5 - (ae-forgotten-export) The symbol "StartTotpMfaEnrollmentResponse" needs to be exported by the entry point index.web-extension.d.ts[39m
[33mWarning: /private/tmp/fireside-phase2-oracles.EJXGdU/firebase-js-sdk/packages/auth/dist/web-extension-esm/src/mfa/assertions/totp.d.ts:112:5 - (ae-forgotten-export) The symbol "TotpVerificationInfo" needs to be exported by the entry point index.web-extension.d.ts[39m
[33mWarning: /private/tmp/fireside-phase2-oracles.EJXGdU/firebase-js-sdk/packages/auth/dist/web-extension-esm/src/mfa/assertions/totp.d.ts:119:8 - (tsdoc-param-tag-missing-hyphen) The @param block should be followed by a parameter name and then a hyphen[39m
[33mWarning: /private/tmp/fireside-phase2-oracles.EJXGdU/firebase-js-sdk/packages/auth/dist/web-extension-esm/src/mfa/assertions/totp.d.ts:120:8 - (tsdoc-param-tag-missing-hyphen) The @param block should be followed by a parameter name and then a hyphen[39m
[33mWarning: /private/tmp/fireside-phase2-oracles.EJXGdU/firebase-js-sdk/packages/auth/dist/web-extension-esm/src/mfa/mfa_resolver.d.ts:41:1 - (ae-forgotten-export) The symbol "MultiFactorError" needs to be exported by the entry point index.web-extension.d.ts[39m
[33mWarning: /private/tmp/fireside-phase2-oracles.EJXGdU/firebase-js-sdk/packages/auth/dist/web-extension-esm/src/mfa/mfa_resolver.d.ts:41:1 - (ae-forgotten-export) The symbol "MultiFactorResolver" needs to be exported by the entry point index.web-extension.d.ts[39m
[33mWarning: /private/tmp/fireside-phase2-oracles.EJXGdU/firebase-js-sdk/packages/auth/dist/web-extension-esm/src/mfa/mfa_resolver.d.ts:41:1 - (ae-unresolved-link) The @link reference could not be resolved: The package "@firebase/auth-web-extension" does not have an export "MultiFactorResolver"[39m
[33mWarning: /private/tmp/fireside-phase2-oracles.EJXGdU/firebase-js-sdk/packages/auth/dist/web-extension-esm/src/mfa/mfa_resolver.d.ts:41:1 - (ae-unresolved-link) The @link reference could not be resolved: The package "@firebase/auth-web-extension" does not have an export "Auth"[39m
[33mWarning: /private/tmp/fireside-phase2-oracles.EJXGdU/firebase-js-sdk/packages/auth/dist/web-extension-esm/src/mfa/mfa_resolver.d.ts:41:1 - (ae-unresolved-link) The @link reference could not be resolved: The package "@firebase/auth-web-extension" does not have an export "MultiFactorError"[39m
[33mWarning: /private/tmp/fireside-phase2-oracles.EJXGdU/firebase-js-sdk/packages/auth/dist/web-extension-esm/src/mfa/mfa_user.d.ts:38:1 - (ae-forgotten-export) The symbol "MultiFactorUser" needs to be exported by the entry point index.web-extension.d.ts[39m
[33mWarning: /private/tmp/fireside-phase2-oracles.EJXGdU/firebase-js-sdk/packages/auth/dist/web-extension-esm/src/mfa/mfa_user.d.ts:38:1 - (ae-unresolved-link) The @link reference could not be resolved: The package "@firebase/auth-web-extension" does not have an export "MultiFactorUser"[39m
[33mWarning: /private/tmp/fireside-phase2-oracles.EJXGdU/firebase-js-sdk/packages/auth/dist/web-extension-esm/src/model/password_policy.d.ts:36:8 - (tsdoc-param-tag-missing-hyphen) The @param block should be followed by a parameter name and then a hyphen[39m
[33mWarning: /private/tmp/fireside-phase2-oracles.EJXGdU/firebase-js-sdk/packages/auth/dist/web-extension-esm/src/platform_browser/persistence/indexed_db.d.ts:33:22 - (ae-forgotten-export) The symbol "Persistence" needs to be exported by the entry point index.web-extension.d.ts[39m
[33mWarning: /private/tmp/fireside-phase2-oracles.EJXGdU/firebase-js-sdk/packages/auth/dist/web-extension-esm/src/platform_browser/persistence/indexed_db.d.ts:33:22 - (ae-unresolved-link) The @link reference could not be resolved: The package "@firebase/auth-web-extension" does not have an export "Persistence"[39m
[33mWarning: /private/tmp/fireside-phase2-oracles.EJXGdU/firebase-js-sdk/packages/util/dist/src/subscribe.d.ts:2:4 - (tsdoc-undefined-tag) The TSDoc tag "@license" is not defined in this configuration[39m

API Extractor completed successfully
(node:84113) Warning: The 'NO_COLOR' env is ignored due to the 'FORCE_COLOR' env being set.
(Use `node --trace-warnings ...` to show where the warning was created)

[1mapi-extractor 0.1.2 [36m - https://api-extractor.com/[39m[22m
[1m[22m
Analysis will use the bundled TypeScript version 4.1.6
*** The target project appears to use TypeScript 5.5.4 which is newer than the bundled compiler engine; consider upgrading API Extractor.
[36mFound metadata in /private/tmp/fireside-phase2-oracles.EJXGdU/firebase-js-sdk/packages/app/dist/app/src/tsdoc-metadata.json[39m
[36mFound metadata in /private/tmp/fireside-phase2-oracles.EJXGdU/firebase-js-sdk/packages/util/dist/tsdoc-metadata.json[39m
[36mWriting: /private/tmp/fireside-phase2-oracles.EJXGdU/firebase-js-sdk/packages/auth/temp/subpackages/auth-cordova.api.json[39m
[36mWriting package typings: /private/tmp/fireside-phase2-oracles.EJXGdU/firebase-js-sdk/packages/auth/dist/cordova/auth-cordova-public.d.ts[39m
[36mWriting package typings: /private/tmp/fireside-phase2-oracles.EJXGdU/firebase-js-sdk/packages/auth/dist/cordova/auth-cordova.d.ts[39m
[33mWarning: /private/tmp/fireside-phase2-oracles.EJXGdU/firebase-js-sdk/packages/auth/dist/cordova/index.cordova.d.ts:32:1 - (ae-missing-release-tag) "getAuth" is exported by the package, but it is missing a release tag (@alpha, @beta, @public, or @internal)[39m
[33mWarning: /private/tmp/fireside-phase2-oracles.EJXGdU/firebase-js-sdk/packages/auth/dist/cordova/src/core/credentials/auth_credential.d.ts:70:5 - (ae-forgotten-export) The symbol "AuthInternal" needs to be exported by the entry point index.cordova.d.ts[39m
[33mWarning: /private/tmp/fireside-phase2-oracles.EJXGdU/firebase-js-sdk/packages/auth/dist/cordova/src/core/credentials/auth_credential.d.ts:70:5 - (ae-forgotten-export) The symbol "PhoneOrOauthTokenResponse" needs to be exported by the entry point index.cordova.d.ts[39m
[33mWarning: /private/tmp/fireside-phase2-oracles.EJXGdU/firebase-js-sdk/packages/auth/dist/cordova/src/core/credentials/auth_credential.d.ts:72:5 - (ae-forgotten-export) The symbol "IdTokenResponse" needs to be exported by the entry point index.cordova.d.ts[39m
[33mWarning: /private/tmp/fireside-phase2-oracles.EJXGdU/firebase-js-sdk/packages/auth/dist/cordova/src/core/credentials/oauth.d.ts:61:5 - (ae-forgotten-export) The symbol "OAuthCredentialParams" needs to be exported by the entry point index.cordova.d.ts[39m
[33mWarning: /private/tmp/fireside-phase2-oracles.EJXGdU/firebase-js-sdk/packages/auth/dist/cordova/src/core/credentials/phone.d.ts:33:1 - (ae-unresolved-link) The @link reference could not be resolved: The package "@firebase/auth-cordova" does not have an export "PhoneAuthProvider"[39m
[33mWarning: /private/tmp/fireside-phase2-oracles.EJXGdU/firebase-js-sdk/packages/auth/dist/cordova/src/core/credentials/phone.d.ts:47:5 - (ae-forgotten-export) The symbol "SignInWithPhoneNumberRequest" needs to be exported by the entry point index.cordova.d.ts[39m
[33mWarning: /private/tmp/fireside-phase2-oracles.EJXGdU/firebase-js-sdk/packages/auth/dist/cordova/src/core/index.d.ts:90:4 - (tsdoc-param-tag-missing-hyphen) The @param block should be followed by a parameter name and then a hyphen[39m
[33mWarning: /private/tmp/fireside-phase2-oracles.EJXGdU/firebase-js-sdk/packages/auth/dist/cordova/src/core/index.d.ts:91:4 - (tsdoc-param-tag-missing-hyphen) The @param block should be followed by a parameter name and then a hyphen[39m
[33mWarning: /private/tmp/fireside-phase2-oracles.EJXGdU/firebase-js-sdk/packages/auth/dist/cordova/src/core/index.d.ts:123:1 - (ae-missing-release-tag) "beforeAuthStateChanged" is exported by the package, but it is missing a release tag (@alpha, @beta, @public, or @internal)[39m
[33mWarning: /private/tmp/fireside-phase2-oracles.EJXGdU/firebase-js-sdk/packages/auth/dist/cordova/src/core/providers/facebook.d.ts:60:1 - (ae-forgotten-export) The symbol "BaseOAuthProvider" needs to be exported by the entry point index.cordova.d.ts[39m
[33mWarning: /private/tmp/fireside-phase2-oracles.EJXGdU/firebase-js-sdk/packages/auth/dist/cordova/src/core/providers/github.d.ts:63:1 - (ae-unresolved-link) The @link reference could not be resolved: The package "@firebase/auth-cordova" does not have an export "signInWithPopup"[39m
[33mWarning: /private/tmp/fireside-phase2-oracles.EJXGdU/firebase-js-sdk/packages/auth/dist/cordova/src/core/providers/saml.d.ts:26:1 - (ae-forgotten-export) The symbol "FederatedAuthProvider" needs to be exported by the entry point index.cordova.d.ts[39m
[33mWarning: /private/tmp/fireside-phase2-oracles.EJXGdU/firebase-js-sdk/packages/auth/dist/cordova/src/model/password_policy.d.ts:36:8 - (tsdoc-param-tag-missing-hyphen) The @param block should be followed by a parameter name and then a hyphen[39m
[33mWarning: /private/tmp/fireside-phase2-oracles.EJXGdU/firebase-js-sdk/packages/auth/dist/cordova/src/model/public_types.d.ts:493:1 - (ae-unresolved-link) The @link reference could not be resolved: The package "@firebase/auth-cordova" does not have an export "RecaptchaVerifier"[39m
[33mWarning: /private/tmp/fireside-phase2-oracles.EJXGdU/firebase-js-sdk/packages/auth/dist/cordova/src/model/public_types.d.ts:823:1 - (ae-unresolved-link) The @link reference could not be resolved: The package "@firebase/auth-cordova" does not have an export "PhoneMultiFactorGenerator"[39m
[33mWarning: /private/tmp/fireside-phase2-oracles.EJXGdU/firebase-js-sdk/packages/auth/dist/cordova/src/model/public_types.d.ts:1097:1 - (ae-unresolved-link) The @link reference could not be resolved: The package "@firebase/auth-cordova" does not have an export "signInWithPopup"[39m
[33mWarning: /private/tmp/fireside-phase2-oracles.EJXGdU/firebase-js-sdk/packages/auth/dist/cordova/src/model/public_types.d.ts:1172:1 - (ae-unresolved-link) The @link reference could not be resolved: The package "@firebase/auth-cordova" does not have an export "browserPopupRedirectResolver"[39m
[33mWarning: /private/tmp/fireside-phase2-oracles.EJXGdU/firebase-js-sdk/packages/auth/dist/cordova/src/model/public_types.d.ts:1189:5 - (ae-unresolved-link) The @link reference could not be resolved: The package "@firebase/auth-cordova" does not have an export "browserPopupRedirectResolver"[39m
[33mWarning: /private/tmp/fireside-phase2-oracles.EJXGdU/firebase-js-sdk/packages/auth/dist/cordova/src/model/public_types.d.ts:1189:5 - (ae-unresolved-link) The @link reference could not be resolved: The package "@firebase/auth-cordova" does not have an export "signInWithPopup"[39m
[33mWarning: /private/tmp/fireside-phase2-oracles.EJXGdU/firebase-js-sdk/packages/auth/dist/cordova/src/model/public_types.d.ts:1202:1 - (ae-unresolved-link) The @link reference could not be resolved: The package "@firebase/auth-cordova" does not have an export "TotpMultiFactorGenerator"[39m
[33mWarning: /private/tmp/fireside-phase2-oracles.EJXGdU/firebase-js-sdk/packages/auth/dist/cordova/src/model/public_types.d.ts:1202:1 - (ae-unresolved-link) The @link reference could not be resolved: The package "@firebase/auth-cordova" does not have an export "TotpMultiFactorGenerator"[39m
[33mWarning: /private/tmp/fireside-phase2-oracles.EJXGdU/firebase-js-sdk/packages/auth/dist/cordova/src/platform_cordova/strategies/redirect.d.ts:18:1 - (ae-missing-release-tag) "signInWithRedirect" is exported by the package, but it is missing a release tag (@alpha, @beta, @public, or @internal)[39m
[33mWarning: /private/tmp/fireside-phase2-oracles.EJXGdU/firebase-js-sdk/packages/auth/dist/cordova/src/platform_cordova/strategies/redirect.d.ts:19:1 - (ae-missing-release-tag) "reauthenticateWithRedirect" is exported by the package, but it is missing a release tag (@alpha, @beta, @public, or @internal)[39m
[33mWarning: /private/tmp/fireside-phase2-oracles.EJXGdU/firebase-js-sdk/packages/auth/dist/cordova/src/platform_cordova/strategies/redirect.d.ts:20:1 - (ae-missing-release-tag) "linkWithRedirect" is exported by the package, but it is missing a release tag (@alpha, @beta, @public, or @internal)[39m
[33mWarning: /private/tmp/fireside-phase2-oracles.EJXGdU/firebase-js-sdk/packages/util/dist/src/subscribe.d.ts:2:4 - (tsdoc-undefined-tag) The TSDoc tag "@license" is not defined in this configuration[39m

API Extractor completed successfully
(node:84115) Warning: The 'NO_COLOR' env is ignored due to the 'FORCE_COLOR' env being set.
(Use `node --trace-warnings ...` to show where the warning was created)

> @firebase/firestore:build

(node:84116) Warning: The 'NO_COLOR' env is ignored due to the 'FORCE_COLOR' env being set.
(Use `node --trace-warnings ...` to show where the warning was created)
(node:84124) Warning: The 'NO_COLOR' env is ignored due to the 'FORCE_COLOR' env being set.
(Use `node --trace-warnings ...` to show where the warning was created)
(node:84124) [DEP0169] DeprecationWarning: `url.parse()` behavior is not standardized and prone to errors that have security implications. Use the WHATWG URL API instead. CVEs are not issued for `url.parse()` vulnerabilities.
[2K[1G[2m$ tsc --emitDeclarationOnly --declaration -p tsconfig.json; yarn api-report[22m
(node:84156) Warning: The 'NO_COLOR' env is ignored due to the 'FORCE_COLOR' env being set.
(Use `node --trace-warnings ...` to show where the warning was created)
(node:84156) [DEP0169] DeprecationWarning: `url.parse()` behavior is not standardized and prone to errors that have security implications. Use the WHATWG URL API instead. CVEs are not issued for `url.parse()` vulnerabilities.
[2K[1G[2m$ run-s --npm-path npm api-report:main api-report:pipelines api-report:lite api-report:lite:pipelines && yarn api-report:api-json[22m
npm warn Unknown env config "version-git-tag". This will error in a future major version of npm. See `npm help npmrc` for supported config options.
npm warn Unknown env config "python". This will error in a future major version of npm. See `npm help npmrc` for supported config options.
npm warn Unknown env config "argv". This will error in a future major version of npm. See `npm help npmrc` for supported config options.
npm warn Unknown env config "version-commit-hooks". This will error in a future major version of npm. See `npm help npmrc` for supported config options.
npm warn Unknown env config "version-git-message". This will error in a future major version of npm. See `npm help npmrc` for supported config options.
npm warn Unknown env config "version-tag-prefix". This will error in a future major version of npm. See `npm help npmrc` for supported config options.
npm notice run @firebase/firestore@4.17.1 api-report:main
npm notice run TS_NODE_COMPILER_OPTIONS='{"module":"commonjs"}' ts-node ../../repo-scripts/prune-dts/extract-public-api.ts --package firestore --packageRoot . --typescriptDts ./dist/firestore/src/index.d.ts --rollupDts ./dist/private.d.ts --untrimmedRollupDts ./dist/internal.d.ts --publicDts ./dist/index.d.ts
Configuring API Extractor for firestore
/private/var/folders/17/97zrc8dn5kj9m8sn51kc0h3w0000gn/T/tmp-84251-mss4DHv3fcR7/api-extractor.json
Analysis will use the bundled TypeScript version 4.1.6
[33mWarning: /private/tmp/fireside-phase2-oracles.EJXGdU/firebase-js-sdk/packages/app/src/firebaseServerApp.ts:64:34 - (TS2315) Type 'FinalizationRegistry' is not generic.[39m
[33mWarning: /private/tmp/fireside-phase2-oracles.EJXGdU/firebase-js-sdk/packages/firestore/dist/firestore/src/api/cache_config.d.ts:22:59 - (tsdoc-reference-missing-dot) Expecting a period before the next component of a declaration reference[39m
[33mWarning: /private/tmp/fireside-phase2-oracles.EJXGdU/firebase-js-sdk/packages/firestore/dist/firestore/src/api/cache_config.d.ts:40:59 - (tsdoc-reference-missing-dot) Expecting a period before the next component of a declaration reference[39m
[33mWarning: /private/tmp/fireside-phase2-oracles.EJXGdU/firebase-js-sdk/packages/firestore/dist/firestore/src/api/cache_config.d.ts:71:26 - (tsdoc-reference-missing-dot) Expecting a period before the next component of a declaration reference[39m
[33mWarning: /private/tmp/fireside-phase2-oracles.EJXGdU/firebase-js-sdk/packages/firestore/dist/firestore/src/api/cache_config.d.ts:90:26 - (tsdoc-reference-missing-dot) Expecting a period before the next component of a declaration reference[39m
[33mWarning: /private/tmp/fireside-phase2-oracles.EJXGdU/firebase-js-sdk/packages/firestore/dist/firestore/src/api/credentials.d.ts:26:1 - (ae-internal-missing-underscore) The name "AuthTokenFactory" should be prefixed with an underscore because the declaration is marked as @internal[39m
[33mWarning: /private/tmp/fireside-phase2-oracles.EJXGdU/firebase-js-sdk/packages/firestore/dist/firestore/src/api/credentials.d.ts:30:1 - (ae-internal-missing-underscore) The name "FirstPartyCredentialsSettings" should be prefixed with an underscore because the declaration is marked as @internal[39m
[33mWarning: /private/tmp/fireside-phase2-oracles.EJXGdU/firebase-js-sdk/packages/firestore/dist/firestore/src/api/database.d.ts:58:5 - (ae-incompatible-release-tags) The symbol "__constructor" is marked as @public, but its signature references "DatabaseId" which is marked as @internal[39m
[33mWarning: /private/tmp/fireside-phase2-oracles.EJXGdU/firebase-js-sdk/packages/firestore/dist/firestore/src/api/database.d.ts:117:1 - (ae-internal-missing-underscore) The name "ensureFirestoreConfigured" should be prefixed with an underscore because the declaration is marked as @internal[39m
[33mWarning: /private/tmp/fireside-phase2-oracles.EJXGdU/firebase-js-sdk/packages/firestore/dist/firestore/src/api/index_configuration.d.ts:40:77 - (tsdoc-code-span-missing-delimiter) The code span is missing its closing backtick[39m
[33mWarning: /private/tmp/fireside-phase2-oracles.EJXGdU/firebase-js-sdk/packages/firestore/dist/firestore/src/api/index_configuration.d.ts:122:69 - (tsdoc-code-span-missing-delimiter) The code span is missing its closing backtick[39m
[33mWarning: /private/tmp/fireside-phase2-oracles.EJXGdU/firebase-js-sdk/packages/firestore/dist/firestore/src/api/index_configuration.d.ts:123:21 - (tsdoc-code-span-missing-delimiter) The code span is missing its closing backtick[39m
[33mWarning: /private/tmp/fireside-phase2-oracles.EJXGdU/firebase-js-sdk/packages/firestore/dist/firestore/src/api/reference_impl.d.ts:635:1 - (ae-internal-missing-underscore) The name "executeWrite" should be prefixed with an underscore because the declaration is marked as @internal[39m
[33mWarning: /private/tmp/fireside-phase2-oracles.EJXGdU/firebase-js-sdk/packages/firestore/dist/firestore/src/api/snapshot.d.ts:231:35 - (tsdoc-reference-missing-colon) Expecting a colon after the identifier because the expression is in parentheses[39m
[33mWarning: /private/tmp/fireside-phase2-oracles.EJXGdU/firebase-js-sdk/packages/firestore/dist/firestore/src/api/snapshot.d.ts:232:15 - (tsdoc-reference-missing-colon) Expecting a colon after the identifier because the expression is in parentheses[39m
[33mWarning: /private/tmp/fireside-phase2-oracles.EJXGdU/firebase-js-sdk/packages/firestore/dist/firestore/src/api/snapshot.d.ts:253:44 - (tsdoc-reference-missing-colon) Expecting a colon after the identifier because the expression is in parentheses[39m
[33mWarning: /private/tmp/fireside-phase2-oracles.EJXGdU/firebase-js-sdk/packages/firestore/dist/firestore/src/api/snapshot.d.ts:358:5 - (ae-incompatible-release-tags) The symbol "__constructor" is marked as @public, but its signature references "AbstractUserDataWriter" which is marked as @internal[39m
[33mWarning: /private/tmp/fireside-phase2-oracles.EJXGdU/firebase-js-sdk/packages/firestore/dist/firestore/src/api/snapshot.d.ts:358:5 - (ae-incompatible-release-tags) The symbol "__constructor" is marked as @public, but its signature references "DocumentKey" which is marked as @internal[39m
[33mWarning: /private/tmp/fireside-phase2-oracles.EJXGdU/firebase-js-sdk/packages/firestore/dist/firestore/src/api/snapshot.d.ts:467:5 - (ae-incompatible-release-tags) The symbol "_userDataWriter" is marked as @public, but its signature references "AbstractUserDataWriter" which is marked as @internal[39m
[33mWarning: /private/tmp/fireside-phase2-oracles.EJXGdU/firebase-js-sdk/packages/firestore/dist/firestore/src/api/snapshot.d.ts:482:5 - (ae-incompatible-release-tags) The symbol "__constructor" is marked as @public, but its signature references "AbstractUserDataWriter" which is marked as @internal[39m
[33mWarning: /private/tmp/fireside-phase2-oracles.EJXGdU/firebase-js-sdk/packages/firestore/dist/firestore/src/lite-api/aggregate.d.ts:82:32 - (tsdoc-code-span-missing-delimiter) The code span is missing its closing backtick[39m
[33mWarning: /private/tmp/fireside-phase2-oracles.EJXGdU/firebase-js-sdk/packages/firestore/dist/firestore/src/lite-api/aggregate_types.d.ts:28:5 - (ae-incompatible-release-tags) The symbol "_internalFieldPath" is marked as @public, but its signature references "FieldPath" which is marked as @internal[39m
[33mWarning: /private/tmp/fireside-phase2-oracles.EJXGdU/firebase-js-sdk/packages/firestore/dist/firestore/src/lite-api/aggregate_types.d.ts:73:5 - (ae-incompatible-release-tags) The symbol "__constructor" is marked as @public, but its signature references "AbstractUserDataWriter" which is marked as @internal[39m
[33mWarning: /private/tmp/fireside-phase2-oracles.EJXGdU/firebase-js-sdk/packages/firestore/dist/firestore/src/lite-api/bytes.d.ts:23:5 - (ae-incompatible-release-tags) The symbol "_byteString" is marked as @public, but its signature references "ByteString" which is marked as @internal[39m
[33mWarning: /private/tmp/fireside-phase2-oracles.EJXGdU/firebase-js-sdk/packages/firestore/dist/firestore/src/lite-api/bytes.d.ts:25:5 - (ae-incompatible-release-tags) The symbol "__constructor" is marked as @public, but its signature references "ByteString" which is marked as @internal[39m
[33mWarning: /private/tmp/fireside-phase2-oracles.EJXGdU/firebase-js-sdk/packages/firestore/dist/firestore/src/lite-api/database.d.ts:153:4 - (tsdoc-param-tag-with-invalid-name) The @param block should be followed by a valid parameter name: The identifier cannot non-word characters[39m
[33mWarning: /private/tmp/fireside-phase2-oracles.EJXGdU/firebase-js-sdk/packages/firestore/dist/firestore/src/lite-api/field_path.d.ts:28:5 - (ae-incompatible-release-tags) The symbol "_internalPath" is marked as @public, but its signature references "FieldPath" which is marked as @internal[39m
[33mWarning: /private/tmp/fireside-phase2-oracles.EJXGdU/firebase-js-sdk/packages/firestore/dist/firestore/src/lite-api/field_value_impl.d.ts:44:13 - (tsdoc-reference-selector-missing-parens) Syntax error in declaration reference: the member selector must be enclosed in parentheses[39m
[33mWarning: /private/tmp/fireside-phase2-oracles.EJXGdU/firebase-js-sdk/packages/firestore/dist/firestore/src/lite-api/query.d.ts:102:5 - (ae-incompatible-release-tags) The symbol "_create" is marked as @public, but its signature references "FieldPath" which is marked as @internal[39m
[33mWarning: /private/tmp/fireside-phase2-oracles.EJXGdU/firebase-js-sdk/packages/firestore/dist/firestore/src/lite-api/query.d.ts:203:5 - (ae-incompatible-release-tags) The symbol "_create" is marked as @public, but its signature references "FieldPath" which is marked as @internal[39m
[33mWarning: /private/tmp/fireside-phase2-oracles.EJXGdU/firebase-js-sdk/packages/firestore/dist/firestore/src/lite-api/reference.d.ts:59:29 - (tsdoc-reference-missing-colon) Expecting a colon after the identifier because the expression is in parentheses[39m
[33mWarning: /private/tmp/fireside-phase2-oracles.EJXGdU/firebase-js-sdk/packages/firestore/dist/firestore/src/lite-api/reference.d.ts:59:85 - (tsdoc-reference-missing-colon) Expecting a colon after the identifier because the expression is in parentheses[39m
[33mWarning: /private/tmp/fireside-phase2-oracles.EJXGdU/firebase-js-sdk/packages/firestore/dist/firestore/src/lite-api/reference.d.ts:129:5 - (ae-incompatible-release-tags) The symbol "_key" is marked as @public, but its signature references "DocumentKey" which is marked as @internal[39m
[33mWarning: /private/tmp/fireside-phase2-oracles.EJXGdU/firebase-js-sdk/packages/firestore/dist/firestore/src/lite-api/reference.d.ts:138:5 - (ae-incompatible-release-tags) The symbol "__constructor" is marked as @public, but its signature references "DocumentKey" which is marked as @internal[39m
[33mWarning: /private/tmp/fireside-phase2-oracles.EJXGdU/firebase-js-sdk/packages/firestore/dist/firestore/src/lite-api/reference.d.ts:143:5 - (ae-incompatible-release-tags) The symbol "_path" is marked as @public, but its signature references "ResourcePath" which is marked as @internal[39m
[33mWarning: /private/tmp/fireside-phase2-oracles.EJXGdU/firebase-js-sdk/packages/firestore/dist/firestore/src/lite-api/reference.d.ts:214:5 - (ae-incompatible-release-tags) The symbol "_path" is marked as @public, but its signature references "ResourcePath" which is marked as @internal[39m
[33mWarning: /private/tmp/fireside-phase2-oracles.EJXGdU/firebase-js-sdk/packages/firestore/dist/firestore/src/lite-api/reference.d.ts:218:5 - (ae-incompatible-release-tags) The symbol "__constructor" is marked as @public, but its signature references "ResourcePath" which is marked as @internal[39m
[33mWarning: /private/tmp/fireside-phase2-oracles.EJXGdU/firebase-js-sdk/packages/firestore/dist/firestore/src/lite-api/settings.d.ts:62:1 - (ae-internal-missing-underscore) The name "PrivateSettings" should be prefixed with an underscore because the declaration is marked as @internal[39m
[33mWarning: /private/tmp/fireside-phase2-oracles.EJXGdU/firebase-js-sdk/packages/firestore/dist/firestore/src/lite-api/snapshot.d.ts:215:40 - (tsdoc-reference-missing-colon) Expecting a colon after the identifier because the expression is in parentheses[39m
[33mWarning: /private/tmp/fireside-phase2-oracles.EJXGdU/firebase-js-sdk/packages/firestore/dist/firestore/src/lite-api/snapshot.d.ts:216:40 - (tsdoc-reference-missing-colon) Expecting a colon after the identifier because the expression is in parentheses[39m
[33mWarning: /private/tmp/fireside-phase2-oracles.EJXGdU/firebase-js-sdk/packages/firestore/dist/firestore/src/lite-api/snapshot.d.ts:227:40 - (tsdoc-reference-missing-colon) Expecting a colon after the identifier because the expression is in parentheses[39m
[33mWarning: /private/tmp/fireside-phase2-oracles.EJXGdU/firebase-js-sdk/packages/firestore/dist/firestore/src/lite-api/snapshot.d.ts:228:40 - (tsdoc-reference-missing-colon) Expecting a colon after the identifier because the expression is in parentheses[39m
[33mWarning: /private/tmp/fireside-phase2-oracles.EJXGdU/firebase-js-sdk/packages/firestore/dist/firestore/src/lite-api/types.d.ts:26:60 - (tsdoc-malformed-inline-tag) Expecting a TSDoc tag starting with "{@"[39m
[33mWarning: /private/tmp/fireside-phase2-oracles.EJXGdU/firebase-js-sdk/packages/firestore/dist/firestore/src/lite-api/types.d.ts:27:17 - (tsdoc-escape-right-brace) The "}" character should be escaped using a backslash to avoid confusion with a TSDoc inline tag[39m
[33mWarning: /private/tmp/fireside-phase2-oracles.EJXGdU/firebase-js-sdk/packages/firestore/dist/firestore/src/lite-api/user_data_writer.d.ts:30:1 - (ae-internal-missing-underscore) The name "AbstractUserDataWriter" should be prefixed with an underscore because the declaration is marked as @internal[39m
[33mWarning: /private/tmp/fireside-phase2-oracles.EJXGdU/firebase-js-sdk/packages/firestore/dist/firestore/src/local/local_documents_view.d.ts:117:8 - (tsdoc-param-tag-missing-hyphen) The @param block should be followed by a parameter name and then a hyphen[39m
[33mWarning: /private/tmp/fireside-phase2-oracles.EJXGdU/firebase-js-sdk/packages/firestore/dist/firestore/src/model/field_index.d.ts:89:50 - (tsdoc-escape-greater-than) The ">" character should be escaped using a backslash to avoid confusion with an HTML tag[39m
[33mWarning: /private/tmp/fireside-phase2-oracles.EJXGdU/firebase-js-sdk/packages/firestore/dist/firestore/src/model/field_index.d.ts:89:54 - (tsdoc-escape-greater-than) The ">" character should be escaped using a backslash to avoid confusion with an HTML tag[39m
[33mWarning: /private/tmp/fireside-phase2-oracles.EJXGdU/firebase-js-sdk/packages/firestore/dist/firestore/src/model/field_index.d.ts:89:39 - (tsdoc-malformed-html-name) Invalid HTML element: Expecting an HTML name[39m
[33mWarning: /private/tmp/fireside-phase2-oracles.EJXGdU/firebase-js-sdk/packages/firestore/dist/firestore/src/model/field_index.d.ts:89:42 - (tsdoc-malformed-html-name) Invalid HTML element: Expecting an HTML name[39m
[33mWarning: /private/tmp/fireside-phase2-oracles.EJXGdU/firebase-js-sdk/packages/firestore/dist/firestore/src/model/field_index.d.ts:93:50 - (tsdoc-escape-greater-than) The ">" character should be escaped using a backslash to avoid confusion with an HTML tag[39m
[33mWarning: /private/tmp/fireside-phase2-oracles.EJXGdU/firebase-js-sdk/packages/firestore/dist/firestore/src/model/field_index.d.ts:93:54 - (tsdoc-escape-greater-than) The ">" character should be escaped using a backslash to avoid confusion with an HTML tag[39m
[33mWarning: /private/tmp/fireside-phase2-oracles.EJXGdU/firebase-js-sdk/packages/firestore/dist/firestore/src/model/field_index.d.ts:93:39 - (tsdoc-malformed-html-name) Invalid HTML element: Expecting an HTML name[39m
[33mWarning: /private/tmp/fireside-phase2-oracles.EJXGdU/firebase-js-sdk/packages/firestore/dist/firestore/src/model/field_index.d.ts:93:42 - (tsdoc-malformed-html-name) Invalid HTML element: Expecting an HTML name[39m
Generated rollup DTS
Pruned DTS file
(node:84251) Warning: The 'NO_COLOR' env is ignored due to the 'FORCE_COLOR' env being set.
(Use `node --trace-warnings ...` to show where the warning was created)
Added blank lines after imports
Removed unused imports
Formatted public DTS with Prettier
/private/var/folders/17/97zrc8dn5kj9m8sn51kc0h3w0000gn/T/tmp-84251-mss4DHv3fcR7/api-extractor.json
Analysis will use the bundled TypeScript version 4.1.6
[33mWarning: /private/tmp/fireside-phase2-oracles.EJXGdU/firebase-js-sdk/packages/app/src/firebaseServerApp.ts:64:34 - (TS2315) Type 'FinalizationRegistry' is not generic.[39m
[33mWarning: /private/tmp/fireside-phase2-oracles.EJXGdU/firebase-js-sdk/packages/firestore/dist/index.d.ts:69:32 - (tsdoc-code-span-missing-delimiter) The code span is missing its closing backtick[39m
[33mWarning: /private/tmp/fireside-phase2-oracles.EJXGdU/firebase-js-sdk/packages/firestore/dist/index.d.ts:175:13 - (tsdoc-reference-selector-missing-parens) Syntax error in declaration reference: the member selector must be enclosed in parentheses[39m
[33mWarning: /private/tmp/fireside-phase2-oracles.EJXGdU/firebase-js-sdk/packages/firestore/dist/index.d.ts:460:4 - (tsdoc-param-tag-with-invalid-name) The @param block should be followed by a valid parameter name: The identifier cannot non-word characters[39m
[33mWarning: /private/tmp/fireside-phase2-oracles.EJXGdU/firebase-js-sdk/packages/firestore/dist/index.d.ts:1296:33 - (tsdoc-reference-missing-colon) Expecting a colon after the identifier because the expression is in parentheses[39m
[33mWarning: /private/tmp/fireside-phase2-oracles.EJXGdU/firebase-js-sdk/packages/firestore/dist/index.d.ts:1297:13 - (tsdoc-reference-missing-colon) Expecting a colon after the identifier because the expression is in parentheses[39m
[33mWarning: /private/tmp/fireside-phase2-oracles.EJXGdU/firebase-js-sdk/packages/firestore/dist/index.d.ts:1321:42 - (tsdoc-reference-missing-colon) Expecting a colon after the identifier because the expression is in parentheses[39m
[33mWarning: /private/tmp/fireside-phase2-oracles.EJXGdU/firebase-js-sdk/packages/firestore/dist/index.d.ts:1857:75 - (tsdoc-code-span-missing-delimiter) The code span is missing its closing backtick[39m
[33mWarning: /private/tmp/fireside-phase2-oracles.EJXGdU/firebase-js-sdk/packages/firestore/dist/index.d.ts:2025:26 - (tsdoc-reference-missing-dot) Expecting a period before the next component of a declaration reference[39m
[33mWarning: /private/tmp/fireside-phase2-oracles.EJXGdU/firebase-js-sdk/packages/firestore/dist/index.d.ts:2050:59 - (tsdoc-reference-missing-dot) Expecting a period before the next component of a declaration reference[39m
[33mWarning: /private/tmp/fireside-phase2-oracles.EJXGdU/firebase-js-sdk/packages/firestore/dist/index.d.ts:2077:26 - (tsdoc-reference-missing-dot) Expecting a period before the next component of a declaration reference[39m
[33mWarning: /private/tmp/fireside-phase2-oracles.EJXGdU/firebase-js-sdk/packages/firestore/dist/index.d.ts:2123:60 - (tsdoc-malformed-inline-tag) Expecting a TSDoc tag starting with "{@"[39m
[33mWarning: /private/tmp/fireside-phase2-oracles.EJXGdU/firebase-js-sdk/packages/firestore/dist/index.d.ts:2124:17 - (tsdoc-escape-right-brace) The "}" character should be escaped using a backslash to avoid confusion with a TSDoc inline tag[39m
[33mWarning: /private/tmp/fireside-phase2-oracles.EJXGdU/firebase-js-sdk/packages/firestore/dist/index.d.ts:2739:59 - (tsdoc-reference-missing-dot) Expecting a period before the next component of a declaration reference[39m
[33mWarning: /private/tmp/fireside-phase2-oracles.EJXGdU/firebase-js-sdk/packages/firestore/dist/index.d.ts:3335:69 - (tsdoc-code-span-missing-delimiter) The code span is missing its closing backtick[39m
[33mWarning: /private/tmp/fireside-phase2-oracles.EJXGdU/firebase-js-sdk/packages/firestore/dist/index.d.ts:3336:21 - (tsdoc-code-span-missing-delimiter) The code span is missing its closing backtick[39m
[33mWarning: /private/tmp/fireside-phase2-oracles.EJXGdU/firebase-js-sdk/packages/firestore/dist/index.d.ts:3373:29 - (tsdoc-reference-missing-colon) Expecting a colon after the identifier because the expression is in parentheses[39m
[33mWarning: /private/tmp/fireside-phase2-oracles.EJXGdU/firebase-js-sdk/packages/firestore/dist/index.d.ts:3373:85 - (tsdoc-reference-missing-colon) Expecting a colon after the identifier because the expression is in parentheses[39m
API report for firestore written to /private/tmp/fireside-phase2-oracles.EJXGdU/firebase-js-sdk/common/api-review
npm warn Unknown env config "version-git-tag". This will error in a future major version of npm. See `npm help npmrc` for supported config options.
npm warn Unknown env config "python". This will error in a future major version of npm. See `npm help npmrc` for supported config options.
npm warn Unknown env config "argv". This will error in a future major version of npm. See `npm help npmrc` for supported config options.
npm warn Unknown env config "version-commit-hooks". This will error in a future major version of npm. See `npm help npmrc` for supported config options.
npm warn Unknown env config "version-git-message". This will error in a future major version of npm. See `npm help npmrc` for supported config options.
npm warn Unknown env config "version-tag-prefix". This will error in a future major version of npm. See `npm help npmrc` for supported config options.
npm notice run @firebase/firestore@4.17.1 api-report:pipelines
npm notice run TS_NODE_COMPILER_OPTIONS='{"module":"commonjs"}' ts-node ../../repo-scripts/prune-dts/extract-public-api.ts --package firestore-pipelines --packageRoot . --typescriptDts ./dist/firestore/pipelines/pipelines.d.ts --rollupDts ./dist/private.pipelines.d.ts --untrimmedRollupDts ./dist/internal.pipelines.d.ts --publicDts ./dist/pipelines.d.ts --otherExportsPublicDtsFiles ./dist/index.d.ts  --excludeForgottenExportWarning && TS_NODE_COMPILER_OPTIONS='{"module":"commonjs"}' ts-node scripts/build-console-ui-types.ts --input ./dist/pipelines.d.ts --output ./dist/pipelines_extra_lib.txt
Configuring API Extractor for firestore-pipelines
/private/var/folders/17/97zrc8dn5kj9m8sn51kc0h3w0000gn/T/tmp-84439-G3PEwRU4tK23/api-extractor.json
Analysis will use the bundled TypeScript version 4.1.6
[33mWarning: /private/tmp/fireside-phase2-oracles.EJXGdU/firebase-js-sdk/packages/app/src/firebaseServerApp.ts:64:34 - (TS2315) Type 'FinalizationRegistry' is not generic.[39m
[33mWarning: /private/tmp/fireside-phase2-oracles.EJXGdU/firebase-js-sdk/packages/firestore/dist/firestore/src/api/cache_config.d.ts:22:59 - (tsdoc-reference-missing-dot) Expecting a period before the next component of a declaration reference[39m
[33mWarning: /private/tmp/fireside-phase2-oracles.EJXGdU/firebase-js-sdk/packages/firestore/dist/firestore/src/api/cache_config.d.ts:40:59 - (tsdoc-reference-missing-dot) Expecting a period before the next component of a declaration reference[39m
[33mWarning: /private/tmp/fireside-phase2-oracles.EJXGdU/firebase-js-sdk/packages/firestore/dist/firestore/src/api/pipeline.d.ts:24:8 - (tsdoc-param-tag-missing-hyphen) The @param block should be followed by a parameter name and then a hyphen[39m
[33mWarning: /private/tmp/fireside-phase2-oracles.EJXGdU/firebase-js-sdk/packages/firestore/dist/firestore/src/api/pipeline.d.ts:25:8 - (tsdoc-param-tag-missing-hyphen) The @param block should be followed by a parameter name and then a hyphen[39m
[33mWarning: /private/tmp/fireside-phase2-oracles.EJXGdU/firebase-js-sdk/packages/firestore/dist/firestore/src/api/pipeline.d.ts:26:8 - (tsdoc-param-tag-missing-hyphen) The @param block should be followed by a parameter name and then a hyphen[39m
[33mWarning: /private/tmp/fireside-phase2-oracles.EJXGdU/firebase-js-sdk/packages/firestore/dist/firestore/src/api/pipeline.d.ts:27:8 - (tsdoc-param-tag-missing-hyphen) The @param block should be followed by a parameter name and then a hyphen[39m
[33mWarning: /private/tmp/fireside-phase2-oracles.EJXGdU/firebase-js-sdk/packages/firestore/dist/firestore/src/api/pipeline.d.ts:28:8 - (tsdoc-param-tag-missing-hyphen) The @param block should be followed by a parameter name and then a hyphen[39m
[33mWarning: /private/tmp/fireside-phase2-oracles.EJXGdU/firebase-js-sdk/packages/firestore/dist/firestore/src/api/snapshot.d.ts:231:35 - (tsdoc-reference-missing-colon) Expecting a colon after the identifier because the expression is in parentheses[39m
[33mWarning: /private/tmp/fireside-phase2-oracles.EJXGdU/firebase-js-sdk/packages/firestore/dist/firestore/src/api/snapshot.d.ts:232:15 - (tsdoc-reference-missing-colon) Expecting a colon after the identifier because the expression is in parentheses[39m
[33mWarning: /private/tmp/fireside-phase2-oracles.EJXGdU/firebase-js-sdk/packages/firestore/dist/firestore/src/api/snapshot.d.ts:253:44 - (tsdoc-reference-missing-colon) Expecting a colon after the identifier because the expression is in parentheses[39m
[33mWarning: /private/tmp/fireside-phase2-oracles.EJXGdU/firebase-js-sdk/packages/firestore/dist/firestore/src/lite-api/expressions.d.ts:1417:8 - (tsdoc-param-tag-missing-hyphen) The @param block should be followed by a parameter name and then a hyphen[39m
[33mWarning: /private/tmp/fireside-phase2-oracles.EJXGdU/firebase-js-sdk/packages/firestore/dist/firestore/src/lite-api/expressions.d.ts:2593:8 - (tsdoc-param-tag-missing-hyphen) The @param block should be followed by a parameter name and then a hyphen[39m
[33mWarning: /private/tmp/fireside-phase2-oracles.EJXGdU/firebase-js-sdk/packages/firestore/dist/firestore/src/lite-api/expressions.d.ts:2699:1 - (ae-internal-mixed-release-tag) Mixed release tags are not allowed for "constant" because one of its declarations is marked as @internal[39m
[33mWarning: /private/tmp/fireside-phase2-oracles.EJXGdU/firebase-js-sdk/packages/firestore/dist/firestore/src/lite-api/expressions.d.ts:8329:4 - (tsdoc-param-tag-missing-hyphen) The @param block should be followed by a parameter name and then a hyphen[39m
[33mWarning: /private/tmp/fireside-phase2-oracles.EJXGdU/firebase-js-sdk/packages/firestore/dist/firestore/src/lite-api/pipeline-result.d.ts:100:8 - (tsdoc-param-tag-missing-hyphen) The @param block should be followed by a parameter name and then a hyphen[39m
[33mWarning: /private/tmp/fireside-phase2-oracles.EJXGdU/firebase-js-sdk/packages/firestore/dist/firestore/src/lite-api/pipeline-result.d.ts:101:8 - (tsdoc-param-tag-missing-hyphen) The @param block should be followed by a parameter name and then a hyphen[39m
[33mWarning: /private/tmp/fireside-phase2-oracles.EJXGdU/firebase-js-sdk/packages/firestore/dist/firestore/src/lite-api/pipeline-result.d.ts:107:8 - (tsdoc-param-tag-missing-hyphen) The @param block should be followed by a parameter name and then a hyphen[39m
[33mWarning: /private/tmp/fireside-phase2-oracles.EJXGdU/firebase-js-sdk/packages/firestore/dist/firestore/src/lite-api/pipeline-result.d.ts:108:8 - (tsdoc-param-tag-missing-hyphen) The @param block should be followed by a parameter name and then a hyphen[39m
[33mWarning: /private/tmp/fireside-phase2-oracles.EJXGdU/firebase-js-sdk/packages/firestore/dist/firestore/src/lite-api/pipeline-result.d.ts:109:8 - (tsdoc-param-tag-missing-hyphen) The @param block should be followed by a parameter name and then a hyphen[39m
[33mWarning: /private/tmp/fireside-phase2-oracles.EJXGdU/firebase-js-sdk/packages/firestore/dist/firestore/src/lite-api/pipeline-result.d.ts:110:8 - (tsdoc-param-tag-missing-hyphen) The @param block should be followed by a parameter name and then a hyphen[39m
[33mWarning: /private/tmp/fireside-phase2-oracles.EJXGdU/firebase-js-sdk/packages/firestore/dist/firestore/src/lite-api/pipeline-result.d.ts:111:8 - (tsdoc-param-tag-missing-hyphen) The @param block should be followed by a parameter name and then a hyphen[39m
[33mWarning: /private/tmp/fireside-phase2-oracles.EJXGdU/firebase-js-sdk/packages/firestore/dist/firestore/src/lite-api/pipeline-source.d.ts:41:8 - (tsdoc-param-tag-missing-hyphen) The @param block should be followed by a parameter name and then a hyphen[39m
[33mWarning: /private/tmp/fireside-phase2-oracles.EJXGdU/firebase-js-sdk/packages/firestore/dist/firestore/src/lite-api/pipeline-source.d.ts:42:8 - (tsdoc-param-tag-missing-hyphen) The @param block should be followed by a parameter name and then a hyphen[39m
[33mWarning: /private/tmp/fireside-phase2-oracles.EJXGdU/firebase-js-sdk/packages/firestore/dist/firestore/src/lite-api/pipeline-source.d.ts:43:8 - (tsdoc-param-tag-missing-hyphen) The @param block should be followed by a parameter name and then a hyphen[39m
[33mWarning: /private/tmp/fireside-phase2-oracles.EJXGdU/firebase-js-sdk/packages/firestore/dist/firestore/src/lite-api/pipeline.d.ts:87:8 - (tsdoc-param-tag-missing-hyphen) The @param block should be followed by a parameter name and then a hyphen[39m
[33mWarning: /private/tmp/fireside-phase2-oracles.EJXGdU/firebase-js-sdk/packages/firestore/dist/firestore/src/lite-api/pipeline.d.ts:88:8 - (tsdoc-param-tag-missing-hyphen) The @param block should be followed by a parameter name and then a hyphen[39m
[33mWarning: /private/tmp/fireside-phase2-oracles.EJXGdU/firebase-js-sdk/packages/firestore/dist/firestore/src/lite-api/pipeline.d.ts:89:8 - (tsdoc-param-tag-missing-hyphen) The @param block should be followed by a parameter name and then a hyphen[39m
[33mWarning: /private/tmp/fireside-phase2-oracles.EJXGdU/firebase-js-sdk/packages/firestore/dist/firestore/src/lite-api/pipeline.d.ts:90:8 - (tsdoc-param-tag-missing-hyphen) The @param block should be followed by a parameter name and then a hyphen[39m
[33mWarning: /private/tmp/fireside-phase2-oracles.EJXGdU/firebase-js-sdk/packages/firestore/dist/firestore/src/lite-api/pipeline.d.ts:1101:8 - (tsdoc-param-tag-missing-hyphen) The @param block should be followed by a parameter name and then a hyphen[39m
[33mWarning: /private/tmp/fireside-phase2-oracles.EJXGdU/firebase-js-sdk/packages/firestore/dist/firestore/src/lite-api/pipeline.d.ts:1102:8 - (tsdoc-param-tag-missing-hyphen) The @param block should be followed by a parameter name and then a hyphen[39m
[33mWarning: /private/tmp/fireside-phase2-oracles.EJXGdU/firebase-js-sdk/packages/firestore/dist/firestore/src/lite-api/pipeline.d.ts:1103:8 - (tsdoc-param-tag-missing-hyphen) The @param block should be followed by a parameter name and then a hyphen[39m
[33mWarning: /private/tmp/fireside-phase2-oracles.EJXGdU/firebase-js-sdk/packages/firestore/dist/firestore/src/lite-api/pipeline.d.ts:1104:8 - (tsdoc-param-tag-missing-hyphen) The @param block should be followed by a parameter name and then a hyphen[39m
[33mWarning: /private/tmp/fireside-phase2-oracles.EJXGdU/firebase-js-sdk/packages/firestore/dist/firestore/src/lite-api/reference.d.ts:59:29 - (tsdoc-reference-missing-colon) Expecting a colon after the identifier because the expression is in parentheses[39m
[33mWarning: /private/tmp/fireside-phase2-oracles.EJXGdU/firebase-js-sdk/packages/firestore/dist/firestore/src/lite-api/reference.d.ts:59:85 - (tsdoc-reference-missing-colon) Expecting a colon after the identifier because the expression is in parentheses[39m
[33mWarning: /private/tmp/fireside-phase2-oracles.EJXGdU/firebase-js-sdk/packages/firestore/dist/firestore/src/lite-api/snapshot.d.ts:215:40 - (tsdoc-reference-missing-colon) Expecting a colon after the identifier because the expression is in parentheses[39m
[33mWarning: /private/tmp/fireside-phase2-oracles.EJXGdU/firebase-js-sdk/packages/firestore/dist/firestore/src/lite-api/snapshot.d.ts:216:40 - (tsdoc-reference-missing-colon) Expecting a colon after the identifier because the expression is in parentheses[39m
[33mWarning: /private/tmp/fireside-phase2-oracles.EJXGdU/firebase-js-sdk/packages/firestore/dist/firestore/src/lite-api/snapshot.d.ts:227:40 - (tsdoc-reference-missing-colon) Expecting a colon after the identifier because the expression is in parentheses[39m
[33mWarning: /private/tmp/fireside-phase2-oracles.EJXGdU/firebase-js-sdk/packages/firestore/dist/firestore/src/lite-api/snapshot.d.ts:228:40 - (tsdoc-reference-missing-colon) Expecting a colon after the identifier because the expression is in parentheses[39m
[33mWarning: /private/tmp/fireside-phase2-oracles.EJXGdU/firebase-js-sdk/packages/firestore/dist/firestore/src/local/local_documents_view.d.ts:117:8 - (tsdoc-param-tag-missing-hyphen) The @param block should be followed by a parameter name and then a hyphen[39m
[33mWarning: /private/tmp/fireside-phase2-oracles.EJXGdU/firebase-js-sdk/packages/firestore/dist/firestore/src/model/field_index.d.ts:89:50 - (tsdoc-escape-greater-than) The ">" character should be escaped using a backslash to avoid confusion with an HTML tag[39m
[33mWarning: /private/tmp/fireside-phase2-oracles.EJXGdU/firebase-js-sdk/packages/firestore/dist/firestore/src/model/field_index.d.ts:89:54 - (tsdoc-escape-greater-than) The ">" character should be escaped using a backslash to avoid confusion with an HTML tag[39m
[33mWarning: /private/tmp/fireside-phase2-oracles.EJXGdU/firebase-js-sdk/packages/firestore/dist/firestore/src/model/field_index.d.ts:89:39 - (tsdoc-malformed-html-name) Invalid HTML element: Expecting an HTML name[39m
[33mWarning: /private/tmp/fireside-phase2-oracles.EJXGdU/firebase-js-sdk/packages/firestore/dist/firestore/src/model/field_index.d.ts:89:42 - (tsdoc-malformed-html-name) Invalid HTML element: Expecting an HTML name[39m
[33mWarning: /private/tmp/fireside-phase2-oracles.EJXGdU/firebase-js-sdk/packages/firestore/dist/firestore/src/model/field_index.d.ts:93:50 - (tsdoc-escape-greater-than) The ">" character should be escaped using a backslash to avoid confusion with an HTML tag[39m
[33mWarning: /private/tmp/fireside-phase2-oracles.EJXGdU/firebase-js-sdk/packages/firestore/dist/firestore/src/model/field_index.d.ts:93:54 - (tsdoc-escape-greater-than) The ">" character should be escaped using a backslash to avoid confusion with an HTML tag[39m
[33mWarning: /private/tmp/fireside-phase2-oracles.EJXGdU/firebase-js-sdk/packages/firestore/dist/firestore/src/model/field_index.d.ts:93:39 - (tsdoc-malformed-html-name) Invalid HTML element: Expecting an HTML name[39m
[33mWarning: /private/tmp/fireside-phase2-oracles.EJXGdU/firebase-js-sdk/packages/firestore/dist/firestore/src/model/field_index.d.ts:93:42 - (tsdoc-malformed-html-name) Invalid HTML element: Expecting an HTML name[39m
Generated rollup DTS
Pruned DTS file
(node:84439) Warning: The 'NO_COLOR' env is ignored due to the 'FORCE_COLOR' env being set.
(Use `node --trace-warnings ...` to show where the warning was created)
Added blank lines after imports
Removed unused imports
Formatted public DTS with Prettier
/private/var/folders/17/97zrc8dn5kj9m8sn51kc0h3w0000gn/T/tmp-84439-G3PEwRU4tK23/api-extractor.json
Analysis will use the bundled TypeScript version 4.1.6
[33mWarning: /private/tmp/fireside-phase2-oracles.EJXGdU/firebase-js-sdk/packages/app/src/firebaseServerApp.ts:64:34 - (TS2315) Type 'FinalizationRegistry' is not generic.[39m
[33mWarning: /private/tmp/fireside-phase2-oracles.EJXGdU/firebase-js-sdk/packages/firestore/dist/pipelines.d.ts:12:1 - (ae-misplaced-package-tag) The @packageDocumentation comment must appear at the top of entry point *.d.ts file[39m
[33mWarning: /private/tmp/fireside-phase2-oracles.EJXGdU/firebase-js-sdk/packages/firestore/dist/pipelines.d.ts:2327:4 - (tsdoc-param-tag-missing-hyphen) The @param block should be followed by a parameter name and then a hyphen[39m
[33mWarning: /private/tmp/fireside-phase2-oracles.EJXGdU/firebase-js-sdk/packages/firestore/dist/pipelines.d.ts:4254:6 - (tsdoc-param-tag-missing-hyphen) The @param block should be followed by a parameter name and then a hyphen[39m
API report for firestore-pipelines written to /private/tmp/fireside-phase2-oracles.EJXGdU/firebase-js-sdk/common/api-review
Successfully generated and verified console UI types at /private/tmp/fireside-phase2-oracles.EJXGdU/firebase-js-sdk/packages/firestore/dist/pipelines_extra_lib.txt
(node:84635) Warning: The 'NO_COLOR' env is ignored due to the 'FORCE_COLOR' env being set.
(Use `node --trace-warnings ...` to show where the warning was created)
npm warn Unknown env config "version-git-tag". This will error in a future major version of npm. See `npm help npmrc` for supported config options.
npm warn Unknown env config "python". This will error in a future major version of npm. See `npm help npmrc` for supported config options.
npm warn Unknown env config "argv". This will error in a future major version of npm. See `npm help npmrc` for supported config options.
npm warn Unknown env config "version-commit-hooks". This will error in a future major version of npm. See `npm help npmrc` for supported config options.
npm warn Unknown env config "version-git-message". This will error in a future major version of npm. See `npm help npmrc` for supported config options.
npm warn Unknown env config "version-tag-prefix". This will error in a future major version of npm. See `npm help npmrc` for supported config options.
npm notice run @firebase/firestore@4.17.1 api-report:lite
npm notice run TS_NODE_COMPILER_OPTIONS='{"module":"commonjs"}' ts-node ../../repo-scripts/prune-dts/extract-public-api.ts --package firestore-lite --packageRoot . --typescriptDts ./dist/firestore/lite/index.d.ts --rollupDts ./dist/lite/private.d.ts --untrimmedRollupDts ./dist/lite/internal.d.ts --publicDts ./dist/lite/index.d.ts
Configuring API Extractor for firestore-lite
/private/var/folders/17/97zrc8dn5kj9m8sn51kc0h3w0000gn/T/tmp-84790-RWN8GdItlB0h/api-extractor.json
Analysis will use the bundled TypeScript version 4.1.6
[33mWarning: /private/tmp/fireside-phase2-oracles.EJXGdU/firebase-js-sdk/packages/app/src/firebaseServerApp.ts:64:34 - (TS2315) Type 'FinalizationRegistry' is not generic.[39m
[33mWarning: /private/tmp/fireside-phase2-oracles.EJXGdU/firebase-js-sdk/packages/firestore/dist/firestore/src/api/cache_config.d.ts:22:59 - (tsdoc-reference-missing-dot) Expecting a period before the next component of a declaration reference[39m
[33mWarning: /private/tmp/fireside-phase2-oracles.EJXGdU/firebase-js-sdk/packages/firestore/dist/firestore/src/api/cache_config.d.ts:40:59 - (tsdoc-reference-missing-dot) Expecting a period before the next component of a declaration reference[39m
[33mWarning: /private/tmp/fireside-phase2-oracles.EJXGdU/firebase-js-sdk/packages/firestore/dist/firestore/src/lite-api/aggregate.d.ts:82:32 - (tsdoc-code-span-missing-delimiter) The code span is missing its closing backtick[39m
[33mWarning: /private/tmp/fireside-phase2-oracles.EJXGdU/firebase-js-sdk/packages/firestore/dist/firestore/src/lite-api/database.d.ts:153:4 - (tsdoc-param-tag-with-invalid-name) The @param block should be followed by a valid parameter name: The identifier cannot non-word characters[39m
[33mWarning: /private/tmp/fireside-phase2-oracles.EJXGdU/firebase-js-sdk/packages/firestore/dist/firestore/src/lite-api/field_value_impl.d.ts:44:13 - (tsdoc-reference-selector-missing-parens) Syntax error in declaration reference: the member selector must be enclosed in parentheses[39m
[33mWarning: /private/tmp/fireside-phase2-oracles.EJXGdU/firebase-js-sdk/packages/firestore/dist/firestore/src/lite-api/reference.d.ts:59:29 - (tsdoc-reference-missing-colon) Expecting a colon after the identifier because the expression is in parentheses[39m
[33mWarning: /private/tmp/fireside-phase2-oracles.EJXGdU/firebase-js-sdk/packages/firestore/dist/firestore/src/lite-api/reference.d.ts:59:85 - (tsdoc-reference-missing-colon) Expecting a colon after the identifier because the expression is in parentheses[39m
[33mWarning: /private/tmp/fireside-phase2-oracles.EJXGdU/firebase-js-sdk/packages/firestore/dist/firestore/src/lite-api/snapshot.d.ts:215:40 - (tsdoc-reference-missing-colon) Expecting a colon after the identifier because the expression is in parentheses[39m
[33mWarning: /private/tmp/fireside-phase2-oracles.EJXGdU/firebase-js-sdk/packages/firestore/dist/firestore/src/lite-api/snapshot.d.ts:216:40 - (tsdoc-reference-missing-colon) Expecting a colon after the identifier because the expression is in parentheses[39m
[33mWarning: /private/tmp/fireside-phase2-oracles.EJXGdU/firebase-js-sdk/packages/firestore/dist/firestore/src/lite-api/snapshot.d.ts:227:40 - (tsdoc-reference-missing-colon) Expecting a colon after the identifier because the expression is in parentheses[39m
[33mWarning: /private/tmp/fireside-phase2-oracles.EJXGdU/firebase-js-sdk/packages/firestore/dist/firestore/src/lite-api/snapshot.d.ts:228:40 - (tsdoc-reference-missing-colon) Expecting a colon after the identifier because the expression is in parentheses[39m
[33mWarning: /private/tmp/fireside-phase2-oracles.EJXGdU/firebase-js-sdk/packages/firestore/dist/firestore/src/lite-api/types.d.ts:26:60 - (tsdoc-malformed-inline-tag) Expecting a TSDoc tag starting with "{@"[39m
[33mWarning: /private/tmp/fireside-phase2-oracles.EJXGdU/firebase-js-sdk/packages/firestore/dist/firestore/src/lite-api/types.d.ts:27:17 - (tsdoc-escape-right-brace) The "}" character should be escaped using a backslash to avoid confusion with a TSDoc inline tag[39m
[33mWarning: /private/tmp/fireside-phase2-oracles.EJXGdU/firebase-js-sdk/packages/firestore/dist/firestore/src/local/local_documents_view.d.ts:117:8 - (tsdoc-param-tag-missing-hyphen) The @param block should be followed by a parameter name and then a hyphen[39m
[33mWarning: /private/tmp/fireside-phase2-oracles.EJXGdU/firebase-js-sdk/packages/firestore/dist/firestore/src/model/field_index.d.ts:89:50 - (tsdoc-escape-greater-than) The ">" character should be escaped using a backslash to avoid confusion with an HTML tag[39m
[33mWarning: /private/tmp/fireside-phase2-oracles.EJXGdU/firebase-js-sdk/packages/firestore/dist/firestore/src/model/field_index.d.ts:89:54 - (tsdoc-escape-greater-than) The ">" character should be escaped using a backslash to avoid confusion with an HTML tag[39m
[33mWarning: /private/tmp/fireside-phase2-oracles.EJXGdU/firebase-js-sdk/packages/firestore/dist/firestore/src/model/field_index.d.ts:89:39 - (tsdoc-malformed-html-name) Invalid HTML element: Expecting an HTML name[39m
[33mWarning: /private/tmp/fireside-phase2-oracles.EJXGdU/firebase-js-sdk/packages/firestore/dist/firestore/src/model/field_index.d.ts:89:42 - (tsdoc-malformed-html-name) Invalid HTML element: Expecting an HTML name[39m
[33mWarning: /private/tmp/fireside-phase2-oracles.EJXGdU/firebase-js-sdk/packages/firestore/dist/firestore/src/model/field_index.d.ts:93:50 - (tsdoc-escape-greater-than) The ">" character should be escaped using a backslash to avoid confusion with an HTML tag[39m
[33mWarning: /private/tmp/fireside-phase2-oracles.EJXGdU/firebase-js-sdk/packages/firestore/dist/firestore/src/model/field_index.d.ts:93:54 - (tsdoc-escape-greater-than) The ">" character should be escaped using a backslash to avoid confusion with an HTML tag[39m
[33mWarning: /private/tmp/fireside-phase2-oracles.EJXGdU/firebase-js-sdk/packages/firestore/dist/firestore/src/model/field_index.d.ts:93:39 - (tsdoc-malformed-html-name) Invalid HTML element: Expecting an HTML name[39m
[33mWarning: /private/tmp/fireside-phase2-oracles.EJXGdU/firebase-js-sdk/packages/firestore/dist/firestore/src/model/field_index.d.ts:93:42 - (tsdoc-malformed-html-name) Invalid HTML element: Expecting an HTML name[39m
Generated rollup DTS
Pruned DTS file
(node:84790) Warning: The 'NO_COLOR' env is ignored due to the 'FORCE_COLOR' env being set.
(Use `node --trace-warnings ...` to show where the warning was created)
Added blank lines after imports
Removed unused imports
Formatted public DTS with Prettier
/private/var/folders/17/97zrc8dn5kj9m8sn51kc0h3w0000gn/T/tmp-84790-RWN8GdItlB0h/api-extractor.json
Analysis will use the bundled TypeScript version 4.1.6
[33mWarning: /private/tmp/fireside-phase2-oracles.EJXGdU/firebase-js-sdk/packages/app/src/firebaseServerApp.ts:64:34 - (TS2315) Type 'FinalizationRegistry' is not generic.[39m
[33mWarning: /private/tmp/fireside-phase2-oracles.EJXGdU/firebase-js-sdk/packages/firestore/dist/lite/index.d.ts:62:32 - (tsdoc-code-span-missing-delimiter) The code span is missing its closing backtick[39m
[33mWarning: /private/tmp/fireside-phase2-oracles.EJXGdU/firebase-js-sdk/packages/firestore/dist/lite/index.d.ts:168:13 - (tsdoc-reference-selector-missing-parens) Syntax error in declaration reference: the member selector must be enclosed in parentheses[39m
[33mWarning: /private/tmp/fireside-phase2-oracles.EJXGdU/firebase-js-sdk/packages/firestore/dist/lite/index.d.ts:416:4 - (tsdoc-param-tag-with-invalid-name) The @param block should be followed by a valid parameter name: The identifier cannot non-word characters[39m
[33mWarning: /private/tmp/fireside-phase2-oracles.EJXGdU/firebase-js-sdk/packages/firestore/dist/lite/index.d.ts:975:38 - (tsdoc-reference-missing-colon) Expecting a colon after the identifier because the expression is in parentheses[39m
[33mWarning: /private/tmp/fireside-phase2-oracles.EJXGdU/firebase-js-sdk/packages/firestore/dist/lite/index.d.ts:976:38 - (tsdoc-reference-missing-colon) Expecting a colon after the identifier because the expression is in parentheses[39m
[33mWarning: /private/tmp/fireside-phase2-oracles.EJXGdU/firebase-js-sdk/packages/firestore/dist/lite/index.d.ts:989:38 - (tsdoc-reference-missing-colon) Expecting a colon after the identifier because the expression is in parentheses[39m
[33mWarning: /private/tmp/fireside-phase2-oracles.EJXGdU/firebase-js-sdk/packages/firestore/dist/lite/index.d.ts:990:38 - (tsdoc-reference-missing-colon) Expecting a colon after the identifier because the expression is in parentheses[39m
[33mWarning: /private/tmp/fireside-phase2-oracles.EJXGdU/firebase-js-sdk/packages/firestore/dist/lite/index.d.ts:1389:60 - (tsdoc-malformed-inline-tag) Expecting a TSDoc tag starting with "{@"[39m
[33mWarning: /private/tmp/fireside-phase2-oracles.EJXGdU/firebase-js-sdk/packages/firestore/dist/lite/index.d.ts:1390:17 - (tsdoc-escape-right-brace) The "}" character should be escaped using a backslash to avoid confusion with a TSDoc inline tag[39m
[33mWarning: /private/tmp/fireside-phase2-oracles.EJXGdU/firebase-js-sdk/packages/firestore/dist/lite/index.d.ts:1856:29 - (tsdoc-reference-missing-colon) Expecting a colon after the identifier because the expression is in parentheses[39m
[33mWarning: /private/tmp/fireside-phase2-oracles.EJXGdU/firebase-js-sdk/packages/firestore/dist/lite/index.d.ts:1856:85 - (tsdoc-reference-missing-colon) Expecting a colon after the identifier because the expression is in parentheses[39m
API report for firestore-lite written to /private/tmp/fireside-phase2-oracles.EJXGdU/firebase-js-sdk/common/api-review
npm warn Unknown env config "version-git-tag". This will error in a future major version of npm. See `npm help npmrc` for supported config options.
npm warn Unknown env config "python". This will error in a future major version of npm. See `npm help npmrc` for supported config options.
npm warn Unknown env config "argv". This will error in a future major version of npm. See `npm help npmrc` for supported config options.
npm warn Unknown env config "version-commit-hooks". This will error in a future major version of npm. See `npm help npmrc` for supported config options.
npm warn Unknown env config "version-git-message". This will error in a future major version of npm. See `npm help npmrc` for supported config options.
npm warn Unknown env config "version-tag-prefix". This will error in a future major version of npm. See `npm help npmrc` for supported config options.
npm notice run @firebase/firestore@4.17.1 api-report:lite:pipelines
npm notice run TS_NODE_COMPILER_OPTIONS='{"module":"commonjs"}' ts-node ../../repo-scripts/prune-dts/extract-public-api.ts --package firestore-lite-pipelines --packageRoot . --typescriptDts ./dist/firestore/lite/pipelines/pipelines.d.ts --rollupDts ./dist/lite/private.pipelines.d.ts --untrimmedRollupDts ./dist/lite/internal.pipelines.d.ts --publicDts ./dist/lite/pipelines.d.ts --otherExportsPublicDtsFiles ./dist/lite/index.d.ts --excludeForgottenExportWarning
Configuring API Extractor for firestore-lite-pipelines
/private/var/folders/17/97zrc8dn5kj9m8sn51kc0h3w0000gn/T/tmp-84947-H2tbV2ByNvpG/api-extractor.json
Analysis will use the bundled TypeScript version 4.1.6
[33mWarning: /private/tmp/fireside-phase2-oracles.EJXGdU/firebase-js-sdk/packages/app/src/firebaseServerApp.ts:64:34 - (TS2315) Type 'FinalizationRegistry' is not generic.[39m
[33mWarning: /private/tmp/fireside-phase2-oracles.EJXGdU/firebase-js-sdk/packages/firestore/dist/firestore/src/api/cache_config.d.ts:22:59 - (tsdoc-reference-missing-dot) Expecting a period before the next component of a declaration reference[39m
[33mWarning: /private/tmp/fireside-phase2-oracles.EJXGdU/firebase-js-sdk/packages/firestore/dist/firestore/src/api/cache_config.d.ts:40:59 - (tsdoc-reference-missing-dot) Expecting a period before the next component of a declaration reference[39m
[33mWarning: /private/tmp/fireside-phase2-oracles.EJXGdU/firebase-js-sdk/packages/firestore/dist/firestore/src/lite-api/expressions.d.ts:1417:8 - (tsdoc-param-tag-missing-hyphen) The @param block should be followed by a parameter name and then a hyphen[39m
[33mWarning: /private/tmp/fireside-phase2-oracles.EJXGdU/firebase-js-sdk/packages/firestore/dist/firestore/src/lite-api/expressions.d.ts:2593:8 - (tsdoc-param-tag-missing-hyphen) The @param block should be followed by a parameter name and then a hyphen[39m
[33mWarning: /private/tmp/fireside-phase2-oracles.EJXGdU/firebase-js-sdk/packages/firestore/dist/firestore/src/lite-api/expressions.d.ts:2664:1 - (ae-internal-missing-underscore) The name "Constant" should be prefixed with an underscore because the declaration is marked as @internal[39m
[33mWarning: /private/tmp/fireside-phase2-oracles.EJXGdU/firebase-js-sdk/packages/firestore/dist/firestore/src/lite-api/expressions.d.ts:2699:1 - (ae-internal-mixed-release-tag) Mixed release tags are not allowed for "constant" because one of its declarations is marked as @internal[39m
[33mWarning: /private/tmp/fireside-phase2-oracles.EJXGdU/firebase-js-sdk/packages/firestore/dist/firestore/src/lite-api/expressions.d.ts:8329:4 - (tsdoc-param-tag-missing-hyphen) The @param block should be followed by a parameter name and then a hyphen[39m
[33mWarning: /private/tmp/fireside-phase2-oracles.EJXGdU/firebase-js-sdk/packages/firestore/dist/firestore/src/lite-api/pipeline-result.d.ts:100:8 - (tsdoc-param-tag-missing-hyphen) The @param block should be followed by a parameter name and then a hyphen[39m
[33mWarning: /private/tmp/fireside-phase2-oracles.EJXGdU/firebase-js-sdk/packages/firestore/dist/firestore/src/lite-api/pipeline-result.d.ts:101:8 - (tsdoc-param-tag-missing-hyphen) The @param block should be followed by a parameter name and then a hyphen[39m
[33mWarning: /private/tmp/fireside-phase2-oracles.EJXGdU/firebase-js-sdk/packages/firestore/dist/firestore/src/lite-api/pipeline-result.d.ts:107:8 - (tsdoc-param-tag-missing-hyphen) The @param block should be followed by a parameter name and then a hyphen[39m
[33mWarning: /private/tmp/fireside-phase2-oracles.EJXGdU/firebase-js-sdk/packages/firestore/dist/firestore/src/lite-api/pipeline-result.d.ts:108:8 - (tsdoc-param-tag-missing-hyphen) The @param block should be followed by a parameter name and then a hyphen[39m
[33mWarning: /private/tmp/fireside-phase2-oracles.EJXGdU/firebase-js-sdk/packages/firestore/dist/firestore/src/lite-api/pipeline-result.d.ts:109:8 - (tsdoc-param-tag-missing-hyphen) The @param block should be followed by a parameter name and then a hyphen[39m
[33mWarning: /private/tmp/fireside-phase2-oracles.EJXGdU/firebase-js-sdk/packages/firestore/dist/firestore/src/lite-api/pipeline-result.d.ts:110:8 - (tsdoc-param-tag-missing-hyphen) The @param block should be followed by a parameter name and then a hyphen[39m
[33mWarning: /private/tmp/fireside-phase2-oracles.EJXGdU/firebase-js-sdk/packages/firestore/dist/firestore/src/lite-api/pipeline-result.d.ts:111:8 - (tsdoc-param-tag-missing-hyphen) The @param block should be followed by a parameter name and then a hyphen[39m
[33mWarning: /private/tmp/fireside-phase2-oracles.EJXGdU/firebase-js-sdk/packages/firestore/dist/firestore/src/lite-api/pipeline-source.d.ts:41:8 - (tsdoc-param-tag-missing-hyphen) The @param block should be followed by a parameter name and then a hyphen[39m
[33mWarning: /private/tmp/fireside-phase2-oracles.EJXGdU/firebase-js-sdk/packages/firestore/dist/firestore/src/lite-api/pipeline-source.d.ts:42:8 - (tsdoc-param-tag-missing-hyphen) The @param block should be followed by a parameter name and then a hyphen[39m
[33mWarning: /private/tmp/fireside-phase2-oracles.EJXGdU/firebase-js-sdk/packages/firestore/dist/firestore/src/lite-api/pipeline-source.d.ts:43:8 - (tsdoc-param-tag-missing-hyphen) The @param block should be followed by a parameter name and then a hyphen[39m
[33mWarning: /private/tmp/fireside-phase2-oracles.EJXGdU/firebase-js-sdk/packages/firestore/dist/firestore/src/lite-api/pipeline.d.ts:87:8 - (tsdoc-param-tag-missing-hyphen) The @param block should be followed by a parameter name and then a hyphen[39m
[33mWarning: /private/tmp/fireside-phase2-oracles.EJXGdU/firebase-js-sdk/packages/firestore/dist/firestore/src/lite-api/pipeline.d.ts:88:8 - (tsdoc-param-tag-missing-hyphen) The @param block should be followed by a parameter name and then a hyphen[39m
[33mWarning: /private/tmp/fireside-phase2-oracles.EJXGdU/firebase-js-sdk/packages/firestore/dist/firestore/src/lite-api/pipeline.d.ts:89:8 - (tsdoc-param-tag-missing-hyphen) The @param block should be followed by a parameter name and then a hyphen[39m
[33mWarning: /private/tmp/fireside-phase2-oracles.EJXGdU/firebase-js-sdk/packages/firestore/dist/firestore/src/lite-api/pipeline.d.ts:90:8 - (tsdoc-param-tag-missing-hyphen) The @param block should be followed by a parameter name and then a hyphen[39m
[33mWarning: /private/tmp/fireside-phase2-oracles.EJXGdU/firebase-js-sdk/packages/firestore/dist/firestore/src/lite-api/pipeline.d.ts:1101:8 - (tsdoc-param-tag-missing-hyphen) The @param block should be followed by a parameter name and then a hyphen[39m
[33mWarning: /private/tmp/fireside-phase2-oracles.EJXGdU/firebase-js-sdk/packages/firestore/dist/firestore/src/lite-api/pipeline.d.ts:1102:8 - (tsdoc-param-tag-missing-hyphen) The @param block should be followed by a parameter name and then a hyphen[39m
[33mWarning: /private/tmp/fireside-phase2-oracles.EJXGdU/firebase-js-sdk/packages/firestore/dist/firestore/src/lite-api/pipeline.d.ts:1103:8 - (tsdoc-param-tag-missing-hyphen) The @param block should be followed by a parameter name and then a hyphen[39m
[33mWarning: /private/tmp/fireside-phase2-oracles.EJXGdU/firebase-js-sdk/packages/firestore/dist/firestore/src/lite-api/pipeline.d.ts:1104:8 - (tsdoc-param-tag-missing-hyphen) The @param block should be followed by a parameter name and then a hyphen[39m
[33mWarning: /private/tmp/fireside-phase2-oracles.EJXGdU/firebase-js-sdk/packages/firestore/dist/firestore/src/lite-api/reference.d.ts:59:29 - (tsdoc-reference-missing-colon) Expecting a colon after the identifier because the expression is in parentheses[39m
[33mWarning: /private/tmp/fireside-phase2-oracles.EJXGdU/firebase-js-sdk/packages/firestore/dist/firestore/src/lite-api/reference.d.ts:59:85 - (tsdoc-reference-missing-colon) Expecting a colon after the identifier because the expression is in parentheses[39m
[33mWarning: /private/tmp/fireside-phase2-oracles.EJXGdU/firebase-js-sdk/packages/firestore/dist/firestore/src/lite-api/snapshot.d.ts:215:40 - (tsdoc-reference-missing-colon) Expecting a colon after the identifier because the expression is in parentheses[39m
[33mWarning: /private/tmp/fireside-phase2-oracles.EJXGdU/firebase-js-sdk/packages/firestore/dist/firestore/src/lite-api/snapshot.d.ts:216:40 - (tsdoc-reference-missing-colon) Expecting a colon after the identifier because the expression is in parentheses[39m
[33mWarning: /private/tmp/fireside-phase2-oracles.EJXGdU/firebase-js-sdk/packages/firestore/dist/firestore/src/lite-api/snapshot.d.ts:227:40 - (tsdoc-reference-missing-colon) Expecting a colon after the identifier because the expression is in parentheses[39m
[33mWarning: /private/tmp/fireside-phase2-oracles.EJXGdU/firebase-js-sdk/packages/firestore/dist/firestore/src/lite-api/snapshot.d.ts:228:40 - (tsdoc-reference-missing-colon) Expecting a colon after the identifier because the expression is in parentheses[39m
[33mWarning: /private/tmp/fireside-phase2-oracles.EJXGdU/firebase-js-sdk/packages/firestore/dist/firestore/src/local/local_documents_view.d.ts:117:8 - (tsdoc-param-tag-missing-hyphen) The @param block should be followed by a parameter name and then a hyphen[39m
[33mWarning: /private/tmp/fireside-phase2-oracles.EJXGdU/firebase-js-sdk/packages/firestore/dist/firestore/src/model/field_index.d.ts:89:50 - (tsdoc-escape-greater-than) The ">" character should be escaped using a backslash to avoid confusion with an HTML tag[39m
[33mWarning: /private/tmp/fireside-phase2-oracles.EJXGdU/firebase-js-sdk/packages/firestore/dist/firestore/src/model/field_index.d.ts:89:54 - (tsdoc-escape-greater-than) The ">" character should be escaped using a backslash to avoid confusion with an HTML tag[39m
[33mWarning: /private/tmp/fireside-phase2-oracles.EJXGdU/firebase-js-sdk/packages/firestore/dist/firestore/src/model/field_index.d.ts:89:39 - (tsdoc-malformed-html-name) Invalid HTML element: Expecting an HTML name[39m
[33mWarning: /private/tmp/fireside-phase2-oracles.EJXGdU/firebase-js-sdk/packages/firestore/dist/firestore/src/model/field_index.d.ts:89:42 - (tsdoc-malformed-html-name) Invalid HTML element: Expecting an HTML name[39m
[33mWarning: /private/tmp/fireside-phase2-oracles.EJXGdU/firebase-js-sdk/packages/firestore/dist/firestore/src/model/field_index.d.ts:93:50 - (tsdoc-escape-greater-than) The ">" character should be escaped using a backslash to avoid confusion with an HTML tag[39m
[33mWarning: /private/tmp/fireside-phase2-oracles.EJXGdU/firebase-js-sdk/packages/firestore/dist/firestore/src/model/field_index.d.ts:93:54 - (tsdoc-escape-greater-than) The ">" character should be escaped using a backslash to avoid confusion with an HTML tag[39m
[33mWarning: /private/tmp/fireside-phase2-oracles.EJXGdU/firebase-js-sdk/packages/firestore/dist/firestore/src/model/field_index.d.ts:93:39 - (tsdoc-malformed-html-name) Invalid HTML element: Expecting an HTML name[39m
[33mWarning: /private/tmp/fireside-phase2-oracles.EJXGdU/firebase-js-sdk/packages/firestore/dist/firestore/src/model/field_index.d.ts:93:42 - (tsdoc-malformed-html-name) Invalid HTML element: Expecting an HTML name[39m
Generated rollup DTS
Pruned DTS file
(node:84947) Warning: The 'NO_COLOR' env is ignored due to the 'FORCE_COLOR' env being set.
(Use `node --trace-warnings ...` to show where the warning was created)
Added blank lines after imports
Removed unused imports
Formatted public DTS with Prettier
/private/var/folders/17/97zrc8dn5kj9m8sn51kc0h3w0000gn/T/tmp-84947-H2tbV2ByNvpG/api-extractor.json
Analysis will use the bundled TypeScript version 4.1.6
[33mWarning: /private/tmp/fireside-phase2-oracles.EJXGdU/firebase-js-sdk/packages/app/src/firebaseServerApp.ts:64:34 - (TS2315) Type 'FinalizationRegistry' is not generic.[39m
[33mWarning: /private/tmp/fireside-phase2-oracles.EJXGdU/firebase-js-sdk/packages/firestore/dist/lite/pipelines.d.ts:12:1 - (ae-misplaced-package-tag) The @packageDocumentation comment must appear at the top of entry point *.d.ts file[39m
[33mWarning: /private/tmp/fireside-phase2-oracles.EJXGdU/firebase-js-sdk/packages/firestore/dist/lite/pipelines.d.ts:2332:4 - (tsdoc-param-tag-missing-hyphen) The @param block should be followed by a parameter name and then a hyphen[39m
[33mWarning: /private/tmp/fireside-phase2-oracles.EJXGdU/firebase-js-sdk/packages/firestore/dist/lite/pipelines.d.ts:4222:6 - (tsdoc-param-tag-missing-hyphen) The @param block should be followed by a parameter name and then a hyphen[39m
API report for firestore-lite-pipelines written to /private/tmp/fireside-phase2-oracles.EJXGdU/firebase-js-sdk/common/api-review
(node:85026) Warning: The 'NO_COLOR' env is ignored due to the 'FORCE_COLOR' env being set.
(Use `node --trace-warnings ...` to show where the warning was created)
(node:85026) [DEP0169] DeprecationWarning: `url.parse()` behavior is not standardized and prone to errors that have security implications. Use the WHATWG URL API instead. CVEs are not issued for `url.parse()` vulnerabilities.
[2K[1G[2m$ rm -rf temp && api-extractor run --local --verbose[22m

[1mapi-extractor 0.1.2 [36m - https://api-extractor.com/[39m[22m
[1m[22m
Using configuration from ./api-extractor.json
Analysis will use the bundled TypeScript version 4.1.6
*** The target project appears to use TypeScript 5.5.4 which is newer than the bundled compiler engine; consider upgrading API Extractor.
[36mFound metadata in /private/tmp/fireside-phase2-oracles.EJXGdU/firebase-js-sdk/packages/app/dist/app/src/tsdoc-metadata.json[39m
[36mFound metadata in /private/tmp/fireside-phase2-oracles.EJXGdU/firebase-js-sdk/packages/util/dist/tsdoc-metadata.json[39m
[36mWriting: /private/tmp/fireside-phase2-oracles.EJXGdU/firebase-js-sdk/packages/firestore/temp/firestore.api.json[39m
[33mWarning: /private/tmp/fireside-phase2-oracles.EJXGdU/firebase-js-sdk/packages/app/src/firebaseServerApp.ts:64:34 - (TS2315) Type 'FinalizationRegistry' is not generic.[39m
[33mWarning: dist/index.d.ts:41:1 - (ae-missing-release-tag) "addDoc" is exported by the package, but it is missing a release tag (@alpha, @beta, @public, or @internal)[39m
[33mWarning: dist/index.d.ts:50:1 - (ae-missing-release-tag) "AddPrefixToKeys" is exported by the package, but it is missing a release tag (@alpha, @beta, @public, or @internal)[39m
[33mWarning: dist/index.d.ts:60:1 - (ae-missing-release-tag) "AggregateField" is exported by the package, but it is missing a release tag (@alpha, @beta, @public, or @internal)[39m
[33mWarning: dist/index.d.ts:69:32 - (tsdoc-code-span-missing-delimiter) The code span is missing its closing backtick[39m
[33mWarning: dist/index.d.ts:74:1 - (ae-missing-release-tag) "aggregateFieldEqual" is exported by the package, but it is missing a release tag (@alpha, @beta, @public, or @internal)[39m
[33mWarning: dist/index.d.ts:82:1 - (ae-missing-release-tag) "AggregateFieldType" is exported by the package, but it is missing a release tag (@alpha, @beta, @public, or @internal)[39m
[33mWarning: dist/index.d.ts:90:1 - (ae-missing-release-tag) "AggregateQuerySnapshot" is exported by the package, but it is missing a release tag (@alpha, @beta, @public, or @internal)[39m
[33mWarning: dist/index.d.ts:130:1 - (ae-missing-release-tag) "aggregateQuerySnapshotEqual" is exported by the package, but it is missing a release tag (@alpha, @beta, @public, or @internal)[39m
[33mWarning: dist/index.d.ts:142:1 - (ae-missing-release-tag) "AggregateSpec" is exported by the package, but it is missing a release tag (@alpha, @beta, @public, or @internal)[39m
[33mWarning: dist/index.d.ts:151:1 - (ae-missing-release-tag) "AggregateSpecData" is exported by the package, but it is missing a release tag (@alpha, @beta, @public, or @internal)[39m
[33mWarning: dist/index.d.ts:158:1 - (ae-missing-release-tag) "AggregateType" is exported by the package, but it is missing a release tag (@alpha, @beta, @public, or @internal)[39m
[33mWarning: dist/index.d.ts:170:1 - (ae-missing-release-tag) "and" is exported by the package, but it is missing a release tag (@alpha, @beta, @public, or @internal)[39m
[33mWarning: dist/index.d.ts:175:13 - (tsdoc-reference-selector-missing-parens) Syntax error in declaration reference: the member selector must be enclosed in parentheses[39m
[33mWarning: dist/index.d.ts:184:1 - (ae-missing-release-tag) "arrayRemove" is exported by the package, but it is missing a release tag (@alpha, @beta, @public, or @internal)[39mDone in 91.79s.
yarn run v1.22.22
(node:85458) [DEP0169] DeprecationWarning: `url.parse()` behavior is not standardized and prone to errors that have security implications. Use the WHATWG URL API instead. CVEs are not issued for `url.parse()` vulnerabilities.
(Use `node --trace-deprecation ...` to show where the warning was created)
$ yarn typings:public && INCLUDE_FIRESTORE_PERSISTENCE=true gulp compile-tests
(node:85460) [DEP0169] DeprecationWarning: `url.parse()` behavior is not standardized and prone to errors that have security implications. Use the WHATWG URL API instead. CVEs are not issued for `url.parse()` vulnerabilities.
(Use `node --trace-deprecation ...` to show where the warning was created)
$ lerna run typings:public --scope="@firebase/app" --scope="@firebase/firestore"
lerna notice cli v10.0.0
lerna info versioning independent
lerna notice filter including ["@firebase/app","@firebase/firestore"]
lerna info filter [ '@firebase/app', '@firebase/firestore' ]

 Lerna (powered by Nx)   Running target typings:public for 2 projects:

- @firebase/app
- @firebase/firestore



> @firebase/app:"typings:public"

(node:85494) Warning: The 'NO_COLOR' env is ignored due to the 'FORCE_COLOR' env being set.
(Use `node --trace-warnings ...` to show where the warning was created)
(node:85500) Warning: The 'NO_COLOR' env is ignored due to the 'FORCE_COLOR' env being set.
(Use `node --trace-warnings ...` to show where the warning was created)
(node:85500) [DEP0169] DeprecationWarning: `url.parse()` behavior is not standardized and prone to errors that have security implications. Use the WHATWG URL API instead. CVEs are not issued for `url.parse()` vulnerabilities.
[2K[1G[2m$ node ../../scripts/build/use_typings.js ./dist/app-public.d.ts[22m
Pointing the typings field in @firebase/app to ./dist/app-public.d.ts
(node:85502) Warning: The 'NO_COLOR' env is ignored due to the 'FORCE_COLOR' env being set.
(Use `node --trace-warnings ...` to show where the warning was created)

> @firebase/firestore:"typings:public"

(node:85495) Warning: The 'NO_COLOR' env is ignored due to the 'FORCE_COLOR' env being set.
(Use `node --trace-warnings ...` to show where the warning was created)
(node:85499) Warning: The 'NO_COLOR' env is ignored due to the 'FORCE_COLOR' env being set.
(Use `node --trace-warnings ...` to show where the warning was created)
(node:85499) [DEP0169] DeprecationWarning: `url.parse()` behavior is not standardized and prone to errors that have security implications. Use the WHATWG URL API instead. CVEs are not issued for `url.parse()` vulnerabilities.
[2K[1G[2m$ node ../../scripts/build/use_typings.js ./dist/index.d.ts[22m
Pointing the typings field in @firebase/firestore to ./dist/index.d.ts
(node:85501) Warning: The 'NO_COLOR' env is ignored due to the 'FORCE_COLOR' env being set.
(Use `node --trace-warnings ...` to show where the warning was created)



 Lerna (powered by Nx)   Successfully ran target typings:public for 2 projects


  Run duration:      738ms
  Cache:             0/2 hit (0%)
  Critical path:     731ms (1 task)
  Recoverable time:  <1ms
[05:38:41] Using gulpfile /private/tmp/fireside-phase2-oracles.EJXGdU/firebase-js-sdk/integration/firestore/gulpfile.js
[05:38:41] Starting 'compile-tests'...
[05:38:41] Starting 'clean'...
[05:38:41] Finished 'clean' after 5.65 ms
[05:38:41] Starting 'copyTests'...
[05:38:41] Finished 'copyTests' after 25 ms
[05:38:41] Starting 'compileWebpack'...
Browserslist: browsers data (caniuse-lite) is 8 months old. Please run:
  npx update-browserslist-db@latest
  Why you should do it regularly: https://github.com/browserslist/update-db#readme
[05:38:44] assets by path temp/test/integration/ 29.1 KiB
  assets by path temp/test/integration/api/*.ts 13.6 KiB
    asset temp/test/integration/api/query.test.d.ts 913 bytes [emitted]
    + 21 assets
  assets by path temp/test/integration/util/*.ts 15.5 KiB
    asset temp/test/integration/util/helpers.d.ts 8.2 KiB [emitted]
    + 4 assets
assets by path temp/test/util/*.ts 3.34 KiB
  asset temp/test/util/mocha_extensions.d.ts 1.38 KiB [emitted]
  asset temp/test/util/equality_matcher.d.ts 1.12 KiB [emitted]
  asset temp/test/util/promise.d.ts 860 bytes [emitted]
assets by path *.ts 1.62 KiB
  asset firebase_export.d.ts 1010 bytes [emitted]
  asset pipeline_export.d.ts 652 bytes [emitted]
asset test-harness.js 11.4 MiB [emitted] (name: main)
  
webpack 5.104.1 compiled successfully
[05:38:44] Finished 'compileWebpack' after 2.64 s
[05:38:44] Finished 'compile-tests' after 2.67 s
Done in 6.07s.
    Finished `dev` profile [unoptimized + debuginfo] target(s) in 0.54s
WARNING: fireside Security Rules are not configured; client access is open
fireside Firestore persistence: /var/folders/17/97zrc8dn5kj9m8sn51kc0h3w0000gn/T/fireside-firebase-js-sdk-fGeQvE/data (write-ahead journal enabled, redb cache 67108864 bytes)
fireside Firestore listening on 127.0.0.1:8080 with 4 runtime worker thread(s); mimalloc purge delay 0 ms, decommit true
yarn run v1.22.22
(node:85633) [DEP0169] DeprecationWarning: `url.parse()` behavior is not standardized and prone to errors that have security implications. Use the WHATWG URL API instead. CVEs are not issued for `url.parse()` vulnerabilities.
(Use `node --trace-deprecation ...` to show where the warning was created)
$ /private/tmp/fireside-phase2-oracles.EJXGdU/firebase-js-sdk/node_modules/.bin/karma start /Users/sanjevirau/Desktop/fireside/conformance/src/webchannel/firebase-js-sdk-karma.conf.cjs --single-run --grep '(?:^\(Persistence=memory_lru_gc\) Count queries(?= |$))'
The 'BROWSERS' environment variable is undefined. Defaulting to 'ChromeHeadless'.
webpack was not included as a framework in karma configuration, setting this automatically...

START:
(node:85635) [DEP0060] DeprecationWarning: The `util._extend` API is deprecated. Please use Object.assign() instead.
(Use `node --trace-deprecation ...` to show where the warning was created)
[32m02 09 2026 05:38:47.699:INFO [karma-server]: [39mKarma v6.4.4 server started at http://localhost:8089/
[32m02 09 2026 05:38:47.700:INFO [launcher]: [39mLaunching browsers ChromeHeadless with concurrency unlimited
[32m02 09 2026 05:38:47.703:INFO [launcher]: [39mStarting browser ChromeHeadless
[32m02 09 2026 05:38:49.407:INFO [Chrome Headless 152.0.0.0 (Mac OS 10.15.7)]: [39mConnected on socket L6hA4KWh3SmyE52xAAAB with id 30420816
Chrome Headless 152.0.0.0 (Mac OS 10.15.7) LOG: 'Default Settings: {"host":"localhost:8080","ssl":false}'
Chrome Headless 152.0.0.0 (Mac OS 10.15.7) LOG: 'Default DatabaseId: "(default)"'
  (Persistence=memory_lru_gc) Count queries
    ✔ can run count query getCountFromServer
    ✔ can run count query getCountFromServer with special chars in the document path: so!@#$%^&*()_+special/sub
    ✔ can run count query getCountFromServer with special chars in the document path: b1/so!@#$%^&*()_+special
    ✔ count query doesn't use converter
    ✔ count query supports collection groups
    ✔ getCountFromServer fails if firestore is terminated
    ✔ terminate doesn't crash when there is count query in flight
    ✖ getCountFromServer fails if user is offline (skipped)
    ✖ getCountFromServer error message contains console link if missing index (skipped)
TOTAL: 7 SUCCESS

Finished in 0.186 secs / 0.181 secs @ 05:38:49 GMT+0800 (Malaysia Time)

SUMMARY:
✔ 7 tests completed
ℹ 2 tests skipped
Done in 2.82s.
yarn run v1.22.22
(node:85691) [DEP0169] DeprecationWarning: `url.parse()` behavior is not standardized and prone to errors that have security implications. Use the WHATWG URL API instead. CVEs are not issued for `url.parse()` vulnerabilities.
(Use `node --trace-deprecation ...` to show where the warning was created)
$ /private/tmp/fireside-phase2-oracles.EJXGdU/firebase-js-sdk/node_modules/.bin/karma start /Users/sanjevirau/Desktop/fireside/conformance/src/webchannel/firebase-js-sdk-karma.conf.cjs --single-run --grep '(?:^\(Persistence=indexeddb\) Count queries(?= |$))'
The 'BROWSERS' environment variable is undefined. Defaulting to 'ChromeHeadless'.
webpack was not included as a framework in karma configuration, setting this automatically...

START:
(node:85692) [DEP0060] DeprecationWarning: The `util._extend` API is deprecated. Please use Object.assign() instead.
(Use `node --trace-deprecation ...` to show where the warning was created)
[32m02 09 2026 05:38:50.464:INFO [karma-server]: [39mKarma v6.4.4 server started at http://localhost:8089/
[32m02 09 2026 05:38:50.465:INFO [launcher]: [39mLaunching browsers ChromeHeadless with concurrency unlimited
[32m02 09 2026 05:38:50.466:INFO [launcher]: [39mStarting browser ChromeHeadless
[32m02 09 2026 05:38:51.498:INFO [Chrome Headless 152.0.0.0 (Mac OS 10.15.7)]: [39mConnected on socket VRYgmwkwZuerXAwNAAAB with id 29589852
Chrome Headless 152.0.0.0 (Mac OS 10.15.7) LOG: 'Default Settings: {"host":"localhost:8080","ssl":false}'
Chrome Headless 152.0.0.0 (Mac OS 10.15.7) LOG: 'Default DatabaseId: "(default)"'
  (Persistence=indexeddb) Count queries
    ✔ can run count query getCountFromServer
    ✔ can run count query getCountFromServer with special chars in the document path: so!@#$%^&*()_+special/sub
    ✔ can run count query getCountFromServer with special chars in the document path: b1/so!@#$%^&*()_+special
    ✔ count query doesn't use converter
    ✔ count query supports collection groups
    ✔ getCountFromServer fails if firestore is terminated
    ✔ terminate doesn't crash when there is count query in flight
    ✖ getCountFromServer fails if user is offline (skipped)
    ✖ getCountFromServer error message contains console link if missing index (skipped)
TOTAL: 7 SUCCESS

Finished in 0.322 secs / 0.317 secs @ 05:38:51 GMT+0800 (Malaysia Time)

SUMMARY:
✔ 7 tests completed
ℹ 2 tests skipped
Done in 2.11s.
yarn run v1.22.22
(node:85793) [DEP0169] DeprecationWarning: `url.parse()` behavior is not standardized and prone to errors that have security implications. Use the WHATWG URL API instead. CVEs are not issued for `url.parse()` vulnerabilities.
(Use `node --trace-deprecation ...` to show where the warning was created)
$ /private/tmp/fireside-phase2-oracles.EJXGdU/firebase-js-sdk/node_modules/.bin/karma start /Users/sanjevirau/Desktop/fireside/conformance/src/webchannel/firebase-js-sdk-karma.conf.cjs --single-run --grep '(?:^\(Persistence=memory_lru_gc\) Aggregation queries(?! (?:- sum / average)(?: |$))(?= |$))'
The 'BROWSERS' environment variable is undefined. Defaulting to 'ChromeHeadless'.
webpack was not included as a framework in karma configuration, setting this automatically...

START:
(node:85794) [DEP0060] DeprecationWarning: The `util._extend` API is deprecated. Please use Object.assign() instead.
(Use `node --trace-deprecation ...` to show where the warning was created)
[32m02 09 2026 05:38:52.634:INFO [karma-server]: [39mKarma v6.4.4 server started at http://localhost:8089/
[32m02 09 2026 05:38:52.635:INFO [launcher]: [39mLaunching browsers ChromeHeadless with concurrency unlimited
[32m02 09 2026 05:38:52.637:INFO [launcher]: [39mStarting browser ChromeHeadless
[32m02 09 2026 05:38:53.541:INFO [Chrome Headless 152.0.0.0 (Mac OS 10.15.7)]: [39mConnected on socket S5nm_W2S-qEdKWHHAAAB with id 9207308
Chrome Headless 152.0.0.0 (Mac OS 10.15.7) LOG: 'Default Settings: {"host":"localhost:8080","ssl":false}'
Chrome Headless 152.0.0.0 (Mac OS 10.15.7) LOG: 'Default DatabaseId: "(default)"'
  (Persistence=memory_lru_gc) Aggregation queries
    ✔ can run count query getAggregationFromServer
    ✔ can alias aggregations using getAggregationFromServer
    ✔ allows special chars in aliases when using getAggregationFromServer
    ✔ allows backticks in aliases when using getAggregationFromServer
    ✔ allows backslash in aliases when using getAggregationFromServer
    ✔ allows aliases with length greater than 1500 bytes
    ✔ can get duplicate aggregations using getAggregationFromServer
    ✔ getAggregationFromServer doesn't use converter
    ✔ aggregate query supports collection groups
    ✔ getAggregateFromServer fails if firestore is terminated
    ✔ terminate doesn't crash when there is aggregate query in flight
    ✖ getAggregateFromServer fails if user is offline (skipped)
    ✖ getAggregateFromServer error message contains console link good if missing index (skipped)
TOTAL: 11 SUCCESS

Finished in 0.259 secs / 0.249 secs @ 05:38:53 GMT+0800 (Malaysia Time)

SUMMARY:
✔ 11 tests completed
ℹ 2 tests skipped
Done in 1.93s.
yarn run v1.22.22
(node:85837) [DEP0169] DeprecationWarning: `url.parse()` behavior is not standardized and prone to errors that have security implications. Use the WHATWG URL API instead. CVEs are not issued for `url.parse()` vulnerabilities.
(Use `node --trace-deprecation ...` to show where the warning was created)
$ /private/tmp/fireside-phase2-oracles.EJXGdU/firebase-js-sdk/node_modules/.bin/karma start /Users/sanjevirau/Desktop/fireside/conformance/src/webchannel/firebase-js-sdk-karma.conf.cjs --single-run --grep '(?:^\(Persistence=indexeddb\) Aggregation queries(?! (?:- sum / average)(?: |$))(?= |$))'
The 'BROWSERS' environment variable is undefined. Defaulting to 'ChromeHeadless'.
webpack was not included as a framework in karma configuration, setting this automatically...

START:
(node:85838) [DEP0060] DeprecationWarning: The `util._extend` API is deprecated. Please use Object.assign() instead.
(Use `node --trace-deprecation ...` to show where the warning was created)
[32m02 09 2026 05:38:54.747:INFO [karma-server]: [39mKarma v6.4.4 server started at http://localhost:8089/
[32m02 09 2026 05:38:54.749:INFO [launcher]: [39mLaunching browsers ChromeHeadless with concurrency unlimited
[32m02 09 2026 05:38:54.751:INFO [launcher]: [39mStarting browser ChromeHeadless
[32m02 09 2026 05:38:55.677:INFO [Chrome Headless 152.0.0.0 (Mac OS 10.15.7)]: [39mConnected on socket Uede3UNY34PVc__XAAAB with id 98586750
Chrome Headless 152.0.0.0 (Mac OS 10.15.7) LOG: 'Default Settings: {"host":"localhost:8080","ssl":false}'
Chrome Headless 152.0.0.0 (Mac OS 10.15.7) LOG: 'Default DatabaseId: "(default)"'
  (Persistence=indexeddb) Aggregation queries
    ✔ can run count query getAggregationFromServer
    ✔ can alias aggregations using getAggregationFromServer
    ✔ allows special chars in aliases when using getAggregationFromServer
    ✔ allows backticks in aliases when using getAggregationFromServer
    ✔ allows backslash in aliases when using getAggregationFromServer
    ✔ allows aliases with length greater than 1500 bytes
    ✔ can get duplicate aggregations using getAggregationFromServer
    ✔ getAggregationFromServer doesn't use converter
    ✔ aggregate query supports collection groups
    ✔ getAggregateFromServer fails if firestore is terminated
    ✔ terminate doesn't crash when there is aggregate query in flight
    ✖ getAggregateFromServer fails if user is offline (skipped)
    ✖ getAggregateFromServer error message contains console link good if missing index (skipped)
TOTAL: 11 SUCCESS

Finished in 0.501 secs / 0.498 secs @ 05:38:56 GMT+0800 (Malaysia Time)

SUMMARY:
✔ 11 tests completed
ℹ 2 tests skipped
Done in 2.22s.
yarn run v1.22.22
(node:85882) [DEP0169] DeprecationWarning: `url.parse()` behavior is not standardized and prone to errors that have security implications. Use the WHATWG URL API instead. CVEs are not issued for `url.parse()` vulnerabilities.
(Use `node --trace-deprecation ...` to show where the warning was created)
$ /private/tmp/fireside-phase2-oracles.EJXGdU/firebase-js-sdk/node_modules/.bin/karma start /Users/sanjevirau/Desktop/fireside/conformance/src/webchannel/firebase-js-sdk-karma.conf.cjs --single-run --grep '(?:^\(Persistence=memory_lru_gc\) Aggregation queries - sum / average(?= |$))'
The 'BROWSERS' environment variable is undefined. Defaulting to 'ChromeHeadless'.
webpack was not included as a framework in karma configuration, setting this automatically...

START:
(node:85883) [DEP0060] DeprecationWarning: The `util._extend` API is deprecated. Please use Object.assign() instead.
(Use `node --trace-deprecation ...` to show where the warning was created)
[32m02 09 2026 05:38:57.052:INFO [karma-server]: [39mKarma v6.4.4 server started at http://localhost:8089/
[32m02 09 2026 05:38:57.053:INFO [launcher]: [39mLaunching browsers ChromeHeadless with concurrency unlimited
[32m02 09 2026 05:38:57.055:INFO [launcher]: [39mStarting browser ChromeHeadless
[32m02 09 2026 05:38:57.949:INFO [Chrome Headless 152.0.0.0 (Mac OS 10.15.7)]: [39mConnected on socket GGDalauXfZAjxnc7AAAB with id 53669210
Chrome Headless 152.0.0.0 (Mac OS 10.15.7) LOG: 'Default Settings: {"host":"localhost:8080","ssl":false}'
Chrome Headless 152.0.0.0 (Mac OS 10.15.7) LOG: 'Default DatabaseId: "(default)"'
  (Persistence=memory_lru_gc) Aggregation queries - sum / average
    ✔ can run sum query getAggregationFromServer
    ✔ can run average query getAggregationFromServer
    ✔ can get multiple aggregations using getAggregationFromServer
    ✔ can get duplicate aggregations using getAggregationFromServer
    ✔ can perform max (5) aggregations using getAggregationFromServer
WARN: '[2026-09-01T21:38:58.250Z]  @firebase/firestore:', 'Firestore (12.18.0): RestConnection', 'RPC 'RunAggregationQuery' 0x5eaceb31 failed with error: ', '{"code":"invalid-argument","name":"FirebaseError"}', 'url: ', 'http://localhost:8080/v1/projects/test-emulator/databases/(default)/documents:runAggregationQuery?key=fake-api-key', 'request:', '{"structuredAggregationQuery":{"aggregations":[{"alias":"aggregate_0","sum":{"field":{"fieldPath":"pages"}}},{"alias":"aggregate_1","avg":{"field":{"fieldPath":"pages"}}},{"alias":"aggregate_2","count":{}},{"alias":"aggregate_3","sum":{"field":{"fieldPath":"pages"}}},{"alias":"aggregate_4","avg":{"field":{"fieldPath":"pages"}}},{"alias":"aggregate_5","count":{}}],"structuredQuery":{"from":[{"collectionId":"oT8PbOb4BZDIxkOfcNOk"}]}}}'
    ✔ fails when exceeding the max (5) aggregations using getAggregationFromServer
    ✔ returns undefined when getting the result of an unrequested aggregation
    ✔ performs aggregates when using `in` operator getAggregationFromServer
    ✔ performs aggregations on nested map values using getAggregationFromServer
    ✔ performs sum that results in float using getAggregationFromServer
    ✔ performs sum of ints and floats that results in an int using getAggregationFromServer
    ✔ performs sum that overflows max int using getAggregationFromServer
    ✔ performs sum that can overflow integer values during accumulation using getAggregationFromServer
    ✔ performs sum that is negative using getAggregationFromServer
    ✔ performs sum that is positive infinity using getAggregationFromServer
    ✔ performs sum that is positive infinity using getAggregationFromServer v2
    ✔ performs sum that is negative infinity using getAggregationFromServer
    ✔ performs sum that is valid but could overflow during aggregation using getAggregationFromServer
    ✔ performs sum that includes NaN using getAggregationFromServer
    ✔ performs sum over a result set of zero documents using getAggregationFromServer
    ✔ performs sum only on numeric fields using getAggregationFromServer
    ✔ performs sum of min IEEE754 using getAggregationFromServer
    ✔ performs average of ints that results in an int using getAggregationFromServer
    ✔ performs average of floats that results in an int using getAggregationFromServer
    ✔ performs average of floats and ints that results in an int using getAggregationFromServer
    ✔ performs average of float that results in float using getAggregationFromServer
    ✔ performs average of floats and ints that results in a float using getAggregationFromServer
    ✔ performs average of ints that results in a float using getAggregationFromServer
    ✔ performs average causing underflow using getAggregationFromServer
    ✔ performs average of min IEEE754 using getAggregationFromServer
    ✔ performs average that overflows IEEE754 during accumulation using getAggregationFromServer
    ✔ performs average that includes NaN using getAggregationFromServer
    ✔ performs average over a result set of zero documents using getAggregationFromServer
    ✔ performs average only on numeric fields using getAggregationFromServer
TOTAL: 34 SUCCESS

Finished in 0.86 secs / 0.85 secs @ 05:38:58 GMT+0800 (Malaysia Time)

SUMMARY:
✔ 34 tests completed
Done in 2.56s.
yarn run v1.22.22
(node:85943) [DEP0169] DeprecationWarning: `url.parse()` behavior is not standardized and prone to errors that have security implications. Use the WHATWG URL API instead. CVEs are not issued for `url.parse()` vulnerabilities.
(Use `node --trace-deprecation ...` to show where the warning was created)
$ /private/tmp/fireside-phase2-oracles.EJXGdU/firebase-js-sdk/node_modules/.bin/karma start /Users/sanjevirau/Desktop/fireside/conformance/src/webchannel/firebase-js-sdk-karma.conf.cjs --single-run --grep '(?:^\(Persistence=indexeddb\) Aggregation queries - sum / average(?= |$))'
The 'BROWSERS' environment variable is undefined. Defaulting to 'ChromeHeadless'.
webpack was not included as a framework in karma configuration, setting this automatically...

START:
(node:85945) [DEP0060] DeprecationWarning: The `util._extend` API is deprecated. Please use Object.assign() instead.
(Use `node --trace-deprecation ...` to show where the warning was created)
[32m02 09 2026 05:38:59.737:INFO [karma-server]: [39mKarma v6.4.4 server started at http://localhost:8089/
[32m02 09 2026 05:38:59.738:INFO [launcher]: [39mLaunching browsers ChromeHeadless with concurrency unlimited
[32m02 09 2026 05:38:59.741:INFO [launcher]: [39mStarting browser ChromeHeadless
[32m02 09 2026 05:39:00.671:INFO [Chrome Headless 152.0.0.0 (Mac OS 10.15.7)]: [39mConnected on socket 0O-0YywVhY8XIRApAAAB with id 63738650
Chrome Headless 152.0.0.0 (Mac OS 10.15.7) LOG: 'Default Settings: {"host":"localhost:8080","ssl":false}'
Chrome Headless 152.0.0.0 (Mac OS 10.15.7) LOG: 'Default DatabaseId: "(default)"'
  (Persistence=indexeddb) Aggregation queries - sum / average
    ✔ can run sum query getAggregationFromServer
    ✔ can run average query getAggregationFromServer
    ✔ can get multiple aggregations using getAggregationFromServer
    ✔ can get duplicate aggregations using getAggregationFromServer
    ✔ can perform max (5) aggregations using getAggregationFromServer
WARN: '[2026-09-01T21:39:01.124Z]  @firebase/firestore:', 'Firestore (12.18.0): RestConnection', 'RPC 'RunAggregationQuery' 0x707f215a failed with error: ', '{"code":"invalid-argument","name":"FirebaseError"}', 'url: ', 'http://localhost:8080/v1/projects/test-emulator/databases/(default)/documents:runAggregationQuery?key=fake-api-key', 'request:', '{"structuredAggregationQuery":{"aggregations":[{"alias":"aggregate_0","sum":{"field":{"fieldPath":"pages"}}},{"alias":"aggregate_1","avg":{"field":{"fieldPath":"pages"}}},{"alias":"aggregate_2","count":{}},{"alias":"aggregate_3","sum":{"field":{"fieldPath":"pages"}}},{"alias":"aggregate_4","avg":{"field":{"fieldPath":"pages"}}},{"alias":"aggregate_5","count":{}}],"structuredQuery":{"from":[{"collectionId":"VnriEK8L0BGFF3Ri0djT"}]}}}'
    ✔ fails when exceeding the max (5) aggregations using getAggregationFromServer
    ✔ returns undefined when getting the result of an unrequested aggregation
    ✔ performs aggregates when using `in` operator getAggregationFromServer
    ✔ performs aggregations on nested map values using getAggregationFromServer
    ✔ performs sum that results in float using getAggregationFromServer
    ✔ performs sum of ints and floats that results in an int using getAggregationFromServer
    ✔ performs sum that overflows max int using getAggregationFromServer
    ✔ performs sum that can overflow integer values during accumulation using getAggregationFromServer
    ✔ performs sum that is negative using getAggregationFromServer
    ✔ performs sum that is positive infinity using getAggregationFromServer
    ✔ performs sum that is positive infinity using getAggregationFromServer v2
    ✔ performs sum that is negative infinity using getAggregationFromServer
    ✔ performs sum that is valid but could overflow during aggregation using getAggregationFromServer
    ✔ performs sum that includes NaN using getAggregationFromServer
    ✔ performs sum over a result set of zero documents using getAggregationFromServer
    ✔ performs sum only on numeric fields using getAggregationFromServer
    ✔ performs sum of min IEEE754 using getAggregationFromServer
    ✔ performs average of ints that results in an int using getAggregationFromServer
    ✔ performs average of floats that results in an int using getAggregationFromServer
    ✔ performs average of floats and ints that results in an int using getAggregationFromServer
    ✔ performs average of float that results in float using getAggregationFromServer
    ✔ performs average of floats and ints that results in a float using getAggregationFromServer
    ✔ performs average of ints that results in a float using getAggregationFromServer
    ✔ performs average causing underflow using getAggregationFromServer
    ✔ performs average of min IEEE754 using getAggregationFromServer
    ✔ performs average that overflows IEEE754 during accumulation using getAggregationFromServer
    ✔ performs average that includes NaN using getAggregationFromServer
    ✔ performs average over a result set of zero documents using getAggregationFromServer
    ✔ performs average only on numeric fields using getAggregationFromServer
TOTAL: 34 SUCCESS

Finished in 1.75 secs / 1.744 secs @ 05:39:02 GMT+0800 (Malaysia Time)

SUMMARY:
✔ 34 tests completed
Done in 3.53s.
yarn run v1.22.22
(node:85999) [DEP0169] DeprecationWarning: `url.parse()` behavior is not standardized and prone to errors that have security implications. Use the WHATWG URL API instead. CVEs are not issued for `url.parse()` vulnerabilities.
(Use `node --trace-deprecation ...` to show where the warning was created)
$ /private/tmp/fireside-phase2-oracles.EJXGdU/firebase-js-sdk/node_modules/.bin/karma start /Users/sanjevirau/Desktop/fireside/conformance/src/webchannel/firebase-js-sdk-karma.conf.cjs --single-run --grep '(?:^\(Persistence=memory_lru_gc\) Array Transforms:(?= |$))'
The 'BROWSERS' environment variable is undefined. Defaulting to 'ChromeHeadless'.
webpack was not included as a framework in karma configuration, setting this automatically...

START:
(node:86000) [DEP0060] DeprecationWarning: The `util._extend` API is deprecated. Please use Object.assign() instead.
(Use `node --trace-deprecation ...` to show where the warning was created)
[32m02 09 2026 05:39:03.315:INFO [karma-server]: [39mKarma v6.4.4 server started at http://localhost:8089/
[32m02 09 2026 05:39:03.316:INFO [launcher]: [39mLaunching browsers ChromeHeadless with concurrency unlimited
[32m02 09 2026 05:39:03.319:INFO [launcher]: [39mStarting browser ChromeHeadless
[32m02 09 2026 05:39:04.210:INFO [Chrome Headless 152.0.0.0 (Mac OS 10.15.7)]: [39mConnected on socket Yg1j77kH53G5ols5AAAB with id 94760401
Chrome Headless 152.0.0.0 (Mac OS 10.15.7) LOG: 'Default Settings: {"host":"localhost:8080","ssl":false}'
Chrome Headless 152.0.0.0 (Mac OS 10.15.7) LOG: 'Default DatabaseId: "(default)"'
  (Persistence=memory_lru_gc) Array Transforms:
    ✔ create document with arrayUnion()
    ✔ append to array via update()
    ✔ append to array via set(..., {merge: true})
    ✔ append object to array via update()
    ✔ remove from array via update()
    ✔ remove from array via set(..., {merge: true})
    ✔ remove object from array via update()
    ✔ arrayUnion() supports DocumentReference
    Server Application: 
      ✔ set() with no cached base doc
      ✔ update() with no cached base doc
      ✔ set(..., {merge}) with no cached based doc
      ✔ update() with cached base doc using arrayUnion()
      ✔ update() with cached base doc using arrayRemove()
TOTAL: 13 SUCCESS

Finished in 0.51 secs / 0.502 secs @ 05:39:04 GMT+0800 (Malaysia Time)

SUMMARY:
✔ 13 tests completed
Done in 2.17s.
yarn run v1.22.22
(node:86043) [DEP0169] DeprecationWarning: `url.parse()` behavior is not standardized and prone to errors that have security implications. Use the WHATWG URL API instead. CVEs are not issued for `url.parse()` vulnerabilities.
(Use `node --trace-deprecation ...` to show where the warning was created)
$ /private/tmp/fireside-phase2-oracles.EJXGdU/firebase-js-sdk/node_modules/.bin/karma start /Users/sanjevirau/Desktop/fireside/conformance/src/webchannel/firebase-js-sdk-karma.conf.cjs --single-run --grep '(?:^\(Persistence=indexeddb\) Array Transforms:(?= |$))'
The 'BROWSERS' environment variable is undefined. Defaulting to 'ChromeHeadless'.
webpack was not included as a framework in karma configuration, setting this automatically...

START:
(node:86044) [DEP0060] DeprecationWarning: The `util._extend` API is deprecated. Please use Object.assign() instead.
(Use `node --trace-deprecation ...` to show where the warning was created)
[32m02 09 2026 05:39:05.599:INFO [karma-server]: [39mKarma v6.4.4 server started at http://localhost:8089/
[32m02 09 2026 05:39:05.600:INFO [launcher]: [39mLaunching browsers ChromeHeadless with concurrency unlimited
[32m02 09 2026 05:39:05.603:INFO [launcher]: [39mStarting browser ChromeHeadless
[32m02 09 2026 05:39:06.603:INFO [Chrome Headless 152.0.0.0 (Mac OS 10.15.7)]: [39mConnected on socket LdSV6ndSrckKmVTmAAAB with id 18454422
Chrome Headless 152.0.0.0 (Mac OS 10.15.7) LOG: 'Default Settings: {"host":"localhost:8080","ssl":false}'
Chrome Headless 152.0.0.0 (Mac OS 10.15.7) LOG: 'Default DatabaseId: "(default)"'
  (Persistence=indexeddb) Array Transforms:
    ✔ create document with arrayUnion()
    ✔ append to array via update()
    ✔ append to array via set(..., {merge: true})
    ✔ append object to array via update()
    ✔ remove from array via update()
    ✔ remove from array via set(..., {merge: true})
    ✔ remove object from array via update()
    ✔ arrayUnion() supports DocumentReference
    Server Application: 
      ✔ set() with no cached base doc
      ✔ update() with no cached base doc
      ✔ set(..., {merge}) with no cached based doc
      ✔ update() with cached base doc using arrayUnion()
      ✔ update() with cached base doc using arrayRemove()
TOTAL: 13 SUCCESS

Finished in 0.86 secs / 0.855 secs @ 05:39:07 GMT+0800 (Malaysia Time)

SUMMARY:
✔ 13 tests completed
Done in 2.65s.
yarn run v1.22.22
(node:86119) [DEP0169] DeprecationWarning: `url.parse()` behavior is not standardized and prone to errors that have security implications. Use the WHATWG URL API instead. CVEs are not issued for `url.parse()` vulnerabilities.
(Use `node --trace-deprecation ...` to show where the warning was created)
$ /private/tmp/fireside-phase2-oracles.EJXGdU/firebase-js-sdk/node_modules/.bin/karma start /Users/sanjevirau/Desktop/fireside/conformance/src/webchannel/firebase-js-sdk-karma.conf.cjs --single-run --grep '(?:^\(Persistence=memory_lru_gc\) Database batch writes(?= |$))'
The 'BROWSERS' environment variable is undefined. Defaulting to 'ChromeHeadless'.
webpack was not included as a framework in karma configuration, setting this automatically...

START:
(node:86120) [DEP0060] DeprecationWarning: The `util._extend` API is deprecated. Please use Object.assign() instead.
(Use `node --trace-deprecation ...` to show where the warning was created)
[32m02 09 2026 05:39:08.336:INFO [karma-server]: [39mKarma v6.4.4 server started at http://localhost:8089/
[32m02 09 2026 05:39:08.338:INFO [launcher]: [39mLaunching browsers ChromeHeadless with concurrency unlimited
[32m02 09 2026 05:39:08.340:INFO [launcher]: [39mStarting browser ChromeHeadless
[32m02 09 2026 05:39:09.229:INFO [Chrome Headless 152.0.0.0 (Mac OS 10.15.7)]: [39mConnected on socket 84OzKSjIoxZtCDMjAAAB with id 34986748
Chrome Headless 152.0.0.0 (Mac OS 10.15.7) LOG: 'Default Settings: {"host":"localhost:8080","ssl":false}'
Chrome Headless 152.0.0.0 (Mac OS 10.15.7) LOG: 'Default DatabaseId: "(default)"'
  (Persistence=memory_lru_gc) Database batch writes
    ✔ supports empty batches
    ✔ can set documents
    ✔ can set documents with merge
    ✔ can update documents
    ✔ can update nested fields
    ✔ can delete documents
    ✔ commit atomically, raising correct events
    ✔ fail atomically, raising correct events
    ✔ write the same server timestamp across writes
    ✔ can write the same document multiple times
    (Persistence=memory_lru_gc) withConverter() support
      ✔ for WriteBatch.set<T>()
    (Persistence=indexeddb) withConverter() support
      ✔ for WriteBatch.set<T>()
TOTAL: 12 SUCCESS

Finished in 0.357 secs / 0.35 secs @ 05:39:09 GMT+0800 (Malaysia Time)

SUMMARY:
✔ 12 tests completed
Done in 2.02s.
yarn run v1.22.22
(node:86165) [DEP0169] DeprecationWarning: `url.parse()` behavior is not standardized and prone to errors that have security implications. Use the WHATWG URL API instead. CVEs are not issued for `url.parse()` vulnerabilities.
(Use `node --trace-deprecation ...` to show where the warning was created)
$ /private/tmp/fireside-phase2-oracles.EJXGdU/firebase-js-sdk/node_modules/.bin/karma start /Users/sanjevirau/Desktop/fireside/conformance/src/webchannel/firebase-js-sdk-karma.conf.cjs --single-run --grep '(?:^\(Persistence=indexeddb\) Database batch writes(?= |$))'
The 'BROWSERS' environment variable is undefined. Defaulting to 'ChromeHeadless'.
webpack was not included as a framework in karma configuration, setting this automatically...

START:
(node:86166) [DEP0060] DeprecationWarning: The `util._extend` API is deprecated. Please use Object.assign() instead.
(Use `node --trace-deprecation ...` to show where the warning was created)
[32m02 09 2026 05:39:10.456:INFO [karma-server]: [39mKarma v6.4.4 server started at http://localhost:8089/
[32m02 09 2026 05:39:10.457:INFO [launcher]: [39mLaunching browsers ChromeHeadless with concurrency unlimited
[32m02 09 2026 05:39:10.459:INFO [launcher]: [39mStarting browser ChromeHeadless
[32m02 09 2026 05:39:11.378:INFO [Chrome Headless 152.0.0.0 (Mac OS 10.15.7)]: [39mConnected on socket WyzJEYKL1l93y_qlAAAB with id 32138528
Chrome Headless 152.0.0.0 (Mac OS 10.15.7) LOG: 'Default Settings: {"host":"localhost:8080","ssl":false}'
Chrome Headless 152.0.0.0 (Mac OS 10.15.7) LOG: 'Default DatabaseId: "(default)"'
  (Persistence=indexeddb) Database batch writes
    ✔ supports empty batches
    ✔ can set documents
    ✔ can set documents with merge
    ✔ can update documents
    ✔ can update nested fields
    ✔ can delete documents
    ✔ commit atomically, raising correct events
    ✔ fail atomically, raising correct events
    ✔ write the same server timestamp across writes
    ✔ can write the same document multiple times
    (Persistence=memory_lru_gc) withConverter() support
      ✔ for WriteBatch.set<T>()
    (Persistence=indexeddb) withConverter() support
      ✔ for WriteBatch.set<T>()
TOTAL: 12 SUCCESS

Finished in 0.612 secs / 0.605 secs @ 05:39:12 GMT+0800 (Malaysia Time)

SUMMARY:
✔ 12 tests completed
Done in 2.30s.
yarn run v1.22.22
(node:86234) [DEP0169] DeprecationWarning: `url.parse()` behavior is not standardized and prone to errors that have security implications. Use the WHATWG URL API instead. CVEs are not issued for `url.parse()` vulnerabilities.
(Use `node --trace-deprecation ...` to show where the warning was created)
$ /private/tmp/fireside-phase2-oracles.EJXGdU/firebase-js-sdk/node_modules/.bin/karma start /Users/sanjevirau/Desktop/fireside/conformance/src/webchannel/firebase-js-sdk-karma.conf.cjs --single-run --grep '(?:^\(Persistence=memory_lru_gc\) Bundles(?= |$))'
The 'BROWSERS' environment variable is undefined. Defaulting to 'ChromeHeadless'.
webpack was not included as a framework in karma configuration, setting this automatically...

START:
(node:86235) [DEP0060] DeprecationWarning: The `util._extend` API is deprecated. Please use Object.assign() instead.
(Use `node --trace-deprecation ...` to show where the warning was created)
[32m02 09 2026 05:39:12.842:INFO [karma-server]: [39mKarma v6.4.4 server started at http://localhost:8089/
[32m02 09 2026 05:39:12.843:INFO [launcher]: [39mLaunching browsers ChromeHeadless with concurrency unlimited
[32m02 09 2026 05:39:12.844:INFO [launcher]: [39mStarting browser ChromeHeadless
[32m02 09 2026 05:39:13.730:INFO [Chrome Headless 152.0.0.0 (Mac OS 10.15.7)]: [39mConnected on socket EFKGh4UeSZcZ83sYAAAB with id 91027486
Chrome Headless 152.0.0.0 (Mac OS 10.15.7) LOG: 'Default Settings: {"host":"localhost:8080","ssl":false}'
Chrome Headless 152.0.0.0 (Mac OS 10.15.7) LOG: 'Default DatabaseId: "(default)"'
ERROR: '[2026-09-01T21:39:13.946Z]  @firebase/firestore:', 'Firestore (12.18.0): Uncaught Error in snapshot listener:', 'FirebaseError: [code=aborted]: Firestore shutting down'
WARN: '[2026-09-01T21:39:13.948Z]  @firebase/firestore:', 'Firestore (12.18.0): SyncEngine', 'Loading bundle failed with FirebaseError: [code=invalid-argument]: Tried to deserialize key from different project: test-emulator vs test-db2'
  (Persistence=memory_lru_gc) Bundles
    ✔ load with documents only with on progress and promise interface
    ✔ load with documents and queries with promise interface
    ✔ load for a second time skips
    ✔ load with documents already pulled from backend
    ✔ loaded documents should not be GC-ed right away
    ✔ load with documents from other projects fails
TOTAL: 6 SUCCESS

Finished in 0.096 secs / 0.089 secs @ 05:39:13 GMT+0800 (Malaysia Time)

SUMMARY:
✔ 6 tests completed
Done in 1.77s.
yarn run v1.22.22
(node:86274) [DEP0169] DeprecationWarning: `url.parse()` behavior is not standardized and prone to errors that have security implications. Use the WHATWG URL API instead. CVEs are not issued for `url.parse()` vulnerabilities.
(Use `node --trace-deprecation ...` to show where the warning was created)
$ /private/tmp/fireside-phase2-oracles.EJXGdU/firebase-js-sdk/node_modules/.bin/karma start /Users/sanjevirau/Desktop/fireside/conformance/src/webchannel/firebase-js-sdk-karma.conf.cjs --single-run --grep '(?:^\(Persistence=indexeddb\) Bundles(?= |$))'
The 'BROWSERS' environment variable is undefined. Defaulting to 'ChromeHeadless'.
webpack was not included as a framework in karma configuration, setting this automatically...

START:
(node:86275) [DEP0060] DeprecationWarning: The `util._extend` API is deprecated. Please use Object.assign() instead.
(Use `node --trace-deprecation ...` to show where the warning was created)
[32m02 09 2026 05:39:15.001:INFO [karma-server]: [39mKarma v6.4.4 server started at http://localhost:8089/
[32m02 09 2026 05:39:15.002:INFO [launcher]: [39mLaunching browsers ChromeHeadless with concurrency unlimited
[32m02 09 2026 05:39:15.004:INFO [launcher]: [39mStarting browser ChromeHeadless
[32m02 09 2026 05:39:15.919:INFO [Chrome Headless 152.0.0.0 (Mac OS 10.15.7)]: [39mConnected on socket 4VAv2bOjHLYehFY8AAAB with id 63610605
Chrome Headless 152.0.0.0 (Mac OS 10.15.7) LOG: 'Default Settings: {"host":"localhost:8080","ssl":false}'
Chrome Headless 152.0.0.0 (Mac OS 10.15.7) LOG: 'Default DatabaseId: "(default)"'
  (Persistence=indexeddb) Bundles
    ✔ load with documents only with on progress and promise interface
    ✔ load with documents and queries with promise interface
    ✔ load for a second time skips
ERROR: '[2026-09-01T21:39:16.215Z]  @firebase/firestore:', 'Firestore (12.18.0): Uncaught Error in snapshot listener:', 'FirebaseError: [code=aborted]: Firestore shutting down'
    ✔ load with documents already pulled from backend
    ✔ loaded documents should not be GC-ed right away
WARN: '[2026-09-01T21:39:16.239Z]  @firebase/firestore:', 'Firestore (12.18.0): SyncEngine', 'Loading bundle failed with FirebaseError: [code=invalid-argument]: Tried to deserialize key from different project: test-emulator vs test-db2'
    ✔ load with documents from other projects fails
TOTAL: 6 SUCCESS

Finished in 0.199 secs / 0.196 secs @ 05:39:16 GMT+0800 (Malaysia Time)

SUMMARY:
✔ 6 tests completed
Done in 2.15s.
yarn run v1.22.22
(node:86317) [DEP0169] DeprecationWarning: `url.parse()` behavior is not standardized and prone to errors that have security implications. Use the WHATWG URL API instead. CVEs are not issued for `url.parse()` vulnerabilities.
(Use `node --trace-deprecation ...` to show where the warning was created)
$ /private/tmp/fireside-phase2-oracles.EJXGdU/firebase-js-sdk/node_modules/.bin/karma start /Users/sanjevirau/Desktop/fireside/conformance/src/webchannel/firebase-js-sdk-karma.conf.cjs --single-run --grep '(?:^\(Persistence=memory_lru_gc\) Composite Index Queries(?= |$))'
The 'BROWSERS' environment variable is undefined. Defaulting to 'ChromeHeadless'.
webpack was not included as a framework in karma configuration, setting this automatically...

START:
(node:86324) [DEP0060] DeprecationWarning: The `util._extend` API is deprecated. Please use Object.assign() instead.
(Use `node --trace-deprecation ...` to show where the warning was created)
[32m02 09 2026 05:39:16.986:INFO [karma-server]: [39mKarma v6.4.4 server started at http://localhost:8089/
[32m02 09 2026 05:39:16.987:INFO [launcher]: [39mLaunching browsers ChromeHeadless with concurrency unlimited
[32m02 09 2026 05:39:16.990:INFO [launcher]: [39mStarting browser ChromeHeadless
[32m02 09 2026 05:39:17.877:INFO [Chrome Headless 152.0.0.0 (Mac OS 10.15.7)]: [39mConnected on socket gWmyUU_4jI7vadf9AAAB with id 78052939
Chrome Headless 152.0.0.0 (Mac OS 10.15.7) LOG: 'Default Settings: {"host":"localhost:8080","ssl":false}'
Chrome Headless 152.0.0.0 (Mac OS 10.15.7) LOG: 'Default DatabaseId: "(default)"'
  (Persistence=memory_lru_gc) Composite Index Queries
    OR Queries
      ✔ can use query overloads
      ✔ can use or queries
    Aggregation queries - sum / average
      ✔ aggregate query supports collection groups - multi-aggregate
      ✖ performs aggregations on documents with all aggregated fields using getAggregationFromServer (skipped)
      ✔ performs aggregates on multiple fields where one aggregate could cause short-circuit due to NaN using getAggregationFromServer
      ✔ performs aggregates when using `array-contains-any` operator getAggregationFromServer
    Multiple Inequality
      ✔ can use multiple inequality filters
      ✔ can use on special values
      ✔ can use with array membership
      ✔ can use with nested field
      ✔ can use with nested composite filters
      ✔ inequality fields will be implicitly ordered lexicographically
      ✔ can use multiple explicit order by field
      ✔ can use in aggregate query
      ✔ can use document ID im multiple inequality query
      ✔ can get documents while offline
      ✔ can get same result from server and cache
      ✔ inequality query will reject if document key is not the last orderBy field
      ✔ inequality query will reject if document key appears only in equality filter
TOTAL: 18 SUCCESS

Finished in 0.651 secs / 0.642 secs @ 05:39:18 GMT+0800 (Malaysia Time)

SUMMARY:
✔ 18 tests completed
ℹ 1 test skipped
Done in 2.29s.
yarn run v1.22.22
(node:86388) [DEP0169] DeprecationWarning: `url.parse()` behavior is not standardized and prone to errors that have security implications. Use the WHATWG URL API instead. CVEs are not issued for `url.parse()` vulnerabilities.
(Use `node --trace-deprecation ...` to show where the warning was created)
$ /private/tmp/fireside-phase2-oracles.EJXGdU/firebase-js-sdk/node_modules/.bin/karma start /Users/sanjevirau/Desktop/fireside/conformance/src/webchannel/firebase-js-sdk-karma.conf.cjs --single-run --grep '(?:^\(Persistence=indexeddb\) Composite Index Queries(?= |$))'
The 'BROWSERS' environment variable is undefined. Defaulting to 'ChromeHeadless'.
webpack was not included as a framework in karma configuration, setting this automatically...

START:
(node:86390) [DEP0060] DeprecationWarning: The `util._extend` API is deprecated. Please use Object.assign() instead.
(Use `node --trace-deprecation ...` to show where the warning was created)
[32m02 09 2026 05:39:19.371:INFO [karma-server]: [39mKarma v6.4.4 server started at http://localhost:8089/
[32m02 09 2026 05:39:19.372:INFO [launcher]: [39mLaunching browsers ChromeHeadless with concurrency unlimited
[32m02 09 2026 05:39:19.375:INFO [launcher]: [39mStarting browser ChromeHeadless
[32m02 09 2026 05:39:20.259:INFO [Chrome Headless 152.0.0.0 (Mac OS 10.15.7)]: [39mConnected on socket qGW6JNy3n5vxPrifAAAB with id 37046565
Chrome Headless 152.0.0.0 (Mac OS 10.15.7) LOG: 'Default Settings: {"host":"localhost:8080","ssl":false}'
Chrome Headless 152.0.0.0 (Mac OS 10.15.7) LOG: 'Default DatabaseId: "(default)"'
  (Persistence=indexeddb) Composite Index Queries
    OR Queries
      ✔ can use query overloads
      ✔ can use or queries
    Aggregation queries - sum / average
      ✔ aggregate query supports collection groups - multi-aggregate
      ✖ performs aggregations on documents with all aggregated fields using getAggregationFromServer (skipped)
      ✔ performs aggregates on multiple fields where one aggregate could cause short-circuit due to NaN using getAggregationFromServer
      ✔ performs aggregates when using `array-contains-any` operator getAggregationFromServer
    Multiple Inequality
      ✔ can use multiple inequality filters
      ✔ can use on special values
      ✔ can use with array membership
      ✔ can use with nested field
      ✔ can use with nested composite filters
      ✔ inequality fields will be implicitly ordered lexicographically
      ✔ can use multiple explicit order by field
      ✔ can use in aggregate query
      ✔ can use document ID im multiple inequality query
      ✔ can get documents while offline
      ✔ can get same result from server and cache
      ✔ inequality query will reject if document key is not the last orderBy field
      ✔ inequality query will reject if document key appears only in equality filter
TOTAL: 18 SUCCESS

Finished in 1.282 secs / 1.274 secs @ 05:39:21 GMT+0800 (Malaysia Time)

SUMMARY:
✔ 18 tests completed
ℹ 1 test skipped
Done in 2.93s.
yarn run v1.22.22
(node:86449) [DEP0169] DeprecationWarning: `url.parse()` behavior is not standardized and prone to errors that have security implications. Use the WHATWG URL API instead. CVEs are not issued for `url.parse()` vulnerabilities.
(Use `node --trace-deprecation ...` to show where the warning was created)
$ /private/tmp/fireside-phase2-oracles.EJXGdU/firebase-js-sdk/node_modules/.bin/karma start /Users/sanjevirau/Desktop/fireside/conformance/src/webchannel/firebase-js-sdk-karma.conf.cjs --single-run --grep '(?:^\(Persistence=memory_lru_gc\) Cursors(?= |$))'
The 'BROWSERS' environment variable is undefined. Defaulting to 'ChromeHeadless'.
webpack was not included as a framework in karma configuration, setting this automatically...

START:
(node:86453) [DEP0060] DeprecationWarning: The `util._extend` API is deprecated. Please use Object.assign() instead.
(Use `node --trace-deprecation ...` to show where the warning was created)
[32m02 09 2026 05:39:22.400:INFO [karma-server]: [39mKarma v6.4.4 server started at http://localhost:8089/
[32m02 09 2026 05:39:22.401:INFO [launcher]: [39mLaunching browsers ChromeHeadless with concurrency unlimited
[32m02 09 2026 05:39:22.403:INFO [launcher]: [39mStarting browser ChromeHeadless
[32m02 09 2026 05:39:23.309:INFO [Chrome Headless 152.0.0.0 (Mac OS 10.15.7)]: [39mConnected on socket 60noi826MrggTzg1AAAB with id 89869501
Chrome Headless 152.0.0.0 (Mac OS 10.15.7) LOG: 'Default Settings: {"host":"localhost:8080","ssl":false}'
Chrome Headless 152.0.0.0 (Mac OS 10.15.7) LOG: 'Default DatabaseId: "(default)"'
  (Persistence=memory_lru_gc) Cursors
    ✔ can page through items
    ✔ can be created from documents
    ✔ can be created from values
    ✔ can be created using document id
    ✔ can be used with reference values
    ✔ can be used in descending queries
    ✔ can accept Timestamps as bounds
    ✔ can accept Timestamps in where clause
    ✔ truncate Timestamps
TOTAL: 9 SUCCESS

Finished in 0.4 secs / 0.398 secs @ 05:39:23 GMT+0800 (Malaysia Time)

SUMMARY:
✔ 9 tests completed
Done in 2.08s.
yarn run v1.22.22
(node:86516) [DEP0169] DeprecationWarning: `url.parse()` behavior is not standardized and prone to errors that have security implications. Use the WHATWG URL API instead. CVEs are not issued for `url.parse()` vulnerabilities.
(Use `node --trace-deprecation ...` to show where the warning was created)
$ /private/tmp/fireside-phase2-oracles.EJXGdU/firebase-js-sdk/node_modules/.bin/karma start /Users/sanjevirau/Desktop/fireside/conformance/src/webchannel/firebase-js-sdk-karma.conf.cjs --single-run --grep '(?:^\(Persistence=indexeddb\) Cursors(?= |$))'
The 'BROWSERS' environment variable is undefined. Defaulting to 'ChromeHeadless'.
webpack was not included as a framework in karma configuration, setting this automatically...

START:
(node:86517) [DEP0060] DeprecationWarning: The `util._extend` API is deprecated. Please use Object.assign() instead.
(Use `node --trace-deprecation ...` to show where the warning was created)
[32m02 09 2026 05:39:24.562:INFO [karma-server]: [39mKarma v6.4.4 server started at http://localhost:8089/
[32m02 09 2026 05:39:24.563:INFO [launcher]: [39mLaunching browsers ChromeHeadless with concurrency unlimited
[32m02 09 2026 05:39:24.565:INFO [launcher]: [39mStarting browser ChromeHeadless
[32m02 09 2026 05:39:25.463:INFO [Chrome Headless 152.0.0.0 (Mac OS 10.15.7)]: [39mConnected on socket nV73ZVzEqxHv3etiAAAB with id 56527866
Chrome Headless 152.0.0.0 (Mac OS 10.15.7) LOG: 'Default Settings: {"host":"localhost:8080","ssl":false}'
Chrome Headless 152.0.0.0 (Mac OS 10.15.7) LOG: 'Default DatabaseId: "(default)"'
  (Persistence=indexeddb) Cursors
    ✔ can page through items
    ✔ can be created from documents
    ✔ can be created from values
    ✔ can be created using document id
    ✔ can be used with reference values
    ✔ can be used in descending queries
    ✔ can accept Timestamps as bounds
    ✔ can accept Timestamps in where clause
    ✔ truncate Timestamps
TOTAL: 9 SUCCESS

Finished in 0.711 secs / 0.707 secs @ 05:39:26 GMT+0800 (Malaysia Time)

SUMMARY:
✔ 9 tests completed
Done in 2.37s.
yarn run v1.22.22
(node:86561) [DEP0169] DeprecationWarning: `url.parse()` behavior is not standardized and prone to errors that have security implications. Use the WHATWG URL API instead. CVEs are not issued for `url.parse()` vulnerabilities.
(Use `node --trace-deprecation ...` to show where the warning was created)
$ /private/tmp/fireside-phase2-oracles.EJXGdU/firebase-js-sdk/node_modules/.bin/karma start /Users/sanjevirau/Desktop/fireside/conformance/src/webchannel/firebase-js-sdk-karma.conf.cjs --single-run --grep '(?:^\(Persistence=memory_lru_gc\) Database (?:(?:can set a document(?= |$)|doc\(\) will auto generate an ID(?= |$)|can delete a document(?= |$)|can update existing document(?= |$)|can retrieve document that does not exist(?= |$))))'
The 'BROWSERS' environment variable is undefined. Defaulting to 'ChromeHeadless'.
webpack was not included as a framework in karma configuration, setting this automatically...

START:
(node:86562) [DEP0060] DeprecationWarning: The `util._extend` API is deprecated. Please use Object.assign() instead.
(Use `node --trace-deprecation ...` to show where the warning was created)
[32m02 09 2026 05:39:27.021:INFO [karma-server]: [39mKarma v6.4.4 server started at http://localhost:8089/
[32m02 09 2026 05:39:27.022:INFO [launcher]: [39mLaunching browsers ChromeHeadless with concurrency unlimited
[32m02 09 2026 05:39:27.024:INFO [launcher]: [39mStarting browser ChromeHeadless
[32m02 09 2026 05:39:27.942:INFO [Chrome Headless 152.0.0.0 (Mac OS 10.15.7)]: [39mConnected on socket 70mnNF-eG86Ao6gIAAAB with id 29410970
Chrome Headless 152.0.0.0 (Mac OS 10.15.7) LOG: 'Default Settings: {"host":"localhost:8080","ssl":false}'
Chrome Headless 152.0.0.0 (Mac OS 10.15.7) LOG: 'Default DatabaseId: "(default)"'
  (Persistence=memory_lru_gc) Database
    ✔ can set a document
    ✔ doc() will auto generate an ID
    ✔ can delete a document
    ✔ can update existing document
    ✔ can retrieve document that does not exist
TOTAL: 5 SUCCESS

Finished in 0.123 secs / 0.119 secs @ 05:39:28 GMT+0800 (Malaysia Time)

SUMMARY:
✔ 5 tests completed
Done in 1.78s.
yarn run v1.22.22
(node:86624) [DEP0169] DeprecationWarning: `url.parse()` behavior is not standardized and prone to errors that have security implications. Use the WHATWG URL API instead. CVEs are not issued for `url.parse()` vulnerabilities.
(Use `node --trace-deprecation ...` to show where the warning was created)
$ /private/tmp/fireside-phase2-oracles.EJXGdU/firebase-js-sdk/node_modules/.bin/karma start /Users/sanjevirau/Desktop/fireside/conformance/src/webchannel/firebase-js-sdk-karma.conf.cjs --single-run --grep '(?:^\(Persistence=indexeddb\) Database (?:(?:can set a document(?= |$)|doc\(\) will auto generate an ID(?= |$)|can delete a document(?= |$)|can update existing document(?= |$)|can retrieve document that does not exist(?= |$))))'
The 'BROWSERS' environment variable is undefined. Defaulting to 'ChromeHeadless'.
webpack was not included as a framework in karma configuration, setting this automatically...

START:
(node:86625) [DEP0060] DeprecationWarning: The `util._extend` API is deprecated. Please use Object.assign() instead.
(Use `node --trace-deprecation ...` to show where the warning was created)
[32m02 09 2026 05:39:28.909:INFO [karma-server]: [39mKarma v6.4.4 server started at http://localhost:8089/
[32m02 09 2026 05:39:28.910:INFO [launcher]: [39mLaunching browsers ChromeHeadless with concurrency unlimited
[32m02 09 2026 05:39:28.912:INFO [launcher]: [39mStarting browser ChromeHeadless
[32m02 09 2026 05:39:29.819:INFO [Chrome Headless 152.0.0.0 (Mac OS 10.15.7)]: [39mConnected on socket aysyV8cCtrkZKnmiAAAB with id 10942209
Chrome Headless 152.0.0.0 (Mac OS 10.15.7) LOG: 'Default Settings: {"host":"localhost:8080","ssl":false}'
Chrome Headless 152.0.0.0 (Mac OS 10.15.7) LOG: 'Default DatabaseId: "(default)"'
  (Persistence=indexeddb) Database
    ✔ can set a document
    ✔ doc() will auto generate an ID
    ✔ can delete a document
    ✔ can update existing document
    ✔ can retrieve document that does not exist
TOTAL: 5 SUCCESS

Finished in 0.2 secs / 0.196 secs @ 05:39:30 GMT+0800 (Malaysia Time)

SUMMARY:
✔ 5 tests completed
Done in 1.86s.
yarn run v1.22.22
(node:86668) [DEP0169] DeprecationWarning: `url.parse()` behavior is not standardized and prone to errors that have security implications. Use the WHATWG URL API instead. CVEs are not issued for `url.parse()` vulnerabilities.
(Use `node --trace-deprecation ...` to show where the warning was created)
$ /private/tmp/fireside-phase2-oracles.EJXGdU/firebase-js-sdk/node_modules/.bin/karma start /Users/sanjevirau/Desktop/fireside/conformance/src/webchannel/firebase-js-sdk-karma.conf.cjs --single-run --grep '(?:^\(Persistence=memory_lru_gc\) Database (?:(?:can update an unknown document(?= |$)|can merge data with an existing document using set(?= |$)|can merge server timestamps(?= |$)|can merge empty object(?= |$)|update with empty object replaces all fields(?= |$))))'
The 'BROWSERS' environment variable is undefined. Defaulting to 'ChromeHeadless'.
webpack was not included as a framework in karma configuration, setting this automatically...

START:
(node:86669) [DEP0060] DeprecationWarning: The `util._extend` API is deprecated. Please use Object.assign() instead.
(Use `node --trace-deprecation ...` to show where the warning was created)
[32m02 09 2026 05:39:30.902:INFO [karma-server]: [39mKarma v6.4.4 server started at http://localhost:8089/
[32m02 09 2026 05:39:30.903:INFO [launcher]: [39mLaunching browsers ChromeHeadless with concurrency unlimited
[32m02 09 2026 05:39:30.906:INFO [launcher]: [39mStarting browser ChromeHeadless
[32m02 09 2026 05:39:31.841:INFO [Chrome Headless 152.0.0.0 (Mac OS 10.15.7)]: [39mConnected on socket IsOvZ5GBcUCTp-TQAAAB with id 5609886
Chrome Headless 152.0.0.0 (Mac OS 10.15.7) LOG: 'Default Settings: {"host":"localhost:8080","ssl":false}'
Chrome Headless 152.0.0.0 (Mac OS 10.15.7) LOG: 'Default DatabaseId: "(default)"'
  (Persistence=memory_lru_gc) Database
    ✔ can update an unknown document
    ✔ can merge data with an existing document using set
    ✔ can merge server timestamps
    ✔ can merge empty object
    ✔ update with empty object replaces all fields
TOTAL: 5 SUCCESS

Finished in 0.244 secs / 0.242 secs @ 05:39:32 GMT+0800 (Malaysia Time)

SUMMARY:
✔ 5 tests completed
Done in 2.01s.
yarn run v1.22.22
(node:86727) [DEP0169] DeprecationWarning: `url.parse()` behavior is not standardized and prone to errors that have security implications. Use the WHATWG URL API instead. CVEs are not issued for `url.parse()` vulnerabilities.
(Use `node --trace-deprecation ...` to show where the warning was created)
$ /private/tmp/fireside-phase2-oracles.EJXGdU/firebase-js-sdk/node_modules/.bin/karma start /Users/sanjevirau/Desktop/fireside/conformance/src/webchannel/firebase-js-sdk-karma.conf.cjs --single-run --grep '(?:^\(Persistence=indexeddb\) Database (?:(?:can update an unknown document(?= |$)|can merge data with an existing document using set(?= |$)|can merge server timestamps(?= |$)|can merge empty object(?= |$)|update with empty object replaces all fields(?= |$))))'
The 'BROWSERS' environment variable is undefined. Defaulting to 'ChromeHeadless'.
webpack was not included as a framework in karma configuration, setting this automatically...

START:
(node:86728) [DEP0060] DeprecationWarning: The `util._extend` API is deprecated. Please use Object.assign() instead.
(Use `node --trace-deprecation ...` to show where the warning was created)
[32m02 09 2026 05:39:32.958:INFO [karma-server]: [39mKarma v6.4.4 server started at http://localhost:8089/
[32m02 09 2026 05:39:32.959:INFO [launcher]: [39mLaunching browsers ChromeHeadless with concurrency unlimited
[32m02 09 2026 05:39:32.962:INFO [launcher]: [39mStarting browser ChromeHeadless
[32m02 09 2026 05:39:33.834:INFO [Chrome Headless 152.0.0.0 (Mac OS 10.15.7)]: [39mConnected on socket jUDqP8thZkvMqkzfAAAB with id 69232144
Chrome Headless 152.0.0.0 (Mac OS 10.15.7) LOG: 'Default Settings: {"host":"localhost:8080","ssl":false}'
Chrome Headless 152.0.0.0 (Mac OS 10.15.7) LOG: 'Default DatabaseId: "(default)"'
  (Persistence=indexeddb) Database
    ✔ can update an unknown document
    ✔ can merge data with an existing document using set
    ✔ can merge server timestamps
    ✔ can merge empty object
    ✔ update with empty object replaces all fields
TOTAL: 5 SUCCESS

Finished in 0.392 secs / 0.387 secs @ 05:39:34 GMT+0800 (Malaysia Time)

SUMMARY:
✔ 5 tests completed
Done in 2.04s.
yarn run v1.22.22
(node:86776) [DEP0169] DeprecationWarning: `url.parse()` behavior is not standardized and prone to errors that have security implications. Use the WHATWG URL API instead. CVEs are not issued for `url.parse()` vulnerabilities.
(Use `node --trace-deprecation ...` to show where the warning was created)
$ /private/tmp/fireside-phase2-oracles.EJXGdU/firebase-js-sdk/node_modules/.bin/karma start /Users/sanjevirau/Desktop/fireside/conformance/src/webchannel/firebase-js-sdk-karma.conf.cjs --single-run --grep '(?:^\(Persistence=memory_lru_gc\) Database (?:(?:merge with empty object replaces all fields(?= |$)|can delete field using merge(?= |$)|can delete field using mergeFields(?= |$)|can set server timestamps using mergeFields(?= |$)|can replace an array by merging using set(?= |$))))'
The 'BROWSERS' environment variable is undefined. Defaulting to 'ChromeHeadless'.
webpack was not included as a framework in karma configuration, setting this automatically...

START:
(node:86777) [DEP0060] DeprecationWarning: The `util._extend` API is deprecated. Please use Object.assign() instead.
(Use `node --trace-deprecation ...` to show where the warning was created)
[32m02 09 2026 05:39:35.093:INFO [karma-server]: [39mKarma v6.4.4 server started at http://localhost:8089/
[32m02 09 2026 05:39:35.094:INFO [launcher]: [39mLaunching browsers ChromeHeadless with concurrency unlimited
[32m02 09 2026 05:39:35.097:INFO [launcher]: [39mStarting browser ChromeHeadless
[32m02 09 2026 05:39:35.990:INFO [Chrome Headless 152.0.0.0 (Mac OS 10.15.7)]: [39mConnected on socket fxzye1XuQxiZtlz5AAAB with id 20314298
Chrome Headless 152.0.0.0 (Mac OS 10.15.7) LOG: 'Default Settings: {"host":"localhost:8080","ssl":false}'
Chrome Headless 152.0.0.0 (Mac OS 10.15.7) LOG: 'Default DatabaseId: "(default)"'
  (Persistence=memory_lru_gc) Database
    ✔ merge with empty object replaces all fields
    ✔ can delete field using merge
    ✔ can delete field using mergeFields
    ✔ can set server timestamps using mergeFields
    ✔ can replace an array by merging using set
TOTAL: 5 SUCCESS

Finished in 0.226 secs / 0.222 secs @ 05:39:36 GMT+0800 (Malaysia Time)

SUMMARY:
✔ 5 tests completed
Done in 1.89s.
yarn run v1.22.22
(node:86834) [DEP0169] DeprecationWarning: `url.parse()` behavior is not standardized and prone to errors that have security implications. Use the WHATWG URL API instead. CVEs are not issued for `url.parse()` vulnerabilities.
(Use `node --trace-deprecation ...` to show where the warning was created)
$ /private/tmp/fireside-phase2-oracles.EJXGdU/firebase-js-sdk/node_modules/.bin/karma start /Users/sanjevirau/Desktop/fireside/conformance/src/webchannel/firebase-js-sdk-karma.conf.cjs --single-run --grep '(?:^\(Persistence=indexeddb\) Database (?:(?:merge with empty object replaces all fields(?= |$)|can delete field using merge(?= |$)|can delete field using mergeFields(?= |$)|can set server timestamps using mergeFields(?= |$)|can replace an array by merging using set(?= |$))))'
The 'BROWSERS' environment variable is undefined. Defaulting to 'ChromeHeadless'.
webpack was not included as a framework in karma configuration, setting this automatically...

START:
(node:86835) [DEP0060] DeprecationWarning: The `util._extend` API is deprecated. Please use Object.assign() instead.
(Use `node --trace-deprecation ...` to show where the warning was created)
[32m02 09 2026 05:39:37.093:INFO [karma-server]: [39mKarma v6.4.4 server started at http://localhost:8089/
[32m02 09 2026 05:39:37.094:INFO [launcher]: [39mLaunching browsers ChromeHeadless with concurrency unlimited
[32m02 09 2026 05:39:37.096:INFO [launcher]: [39mStarting browser ChromeHeadless
[32m02 09 2026 05:39:38.011:INFO [Chrome Headless 152.0.0.0 (Mac OS 10.15.7)]: [39mConnected on socket 1y2_F8tXZuLcGHKoAAAB with id 97223189
Chrome Headless 152.0.0.0 (Mac OS 10.15.7) LOG: 'Default Settings: {"host":"localhost:8080","ssl":false}'
Chrome Headless 152.0.0.0 (Mac OS 10.15.7) LOG: 'Default DatabaseId: "(default)"'
  (Persistence=indexeddb) Database
    ✔ merge with empty object replaces all fields
    ✔ can delete field using merge
    ✔ can delete field using mergeFields
    ✔ can set server timestamps using mergeFields
    ✔ can replace an array by merging using set
TOTAL: 5 SUCCESS

Finished in 0.361 secs / 0.359 secs @ 05:39:38 GMT+0800 (Malaysia Time)

SUMMARY:
✔ 5 tests completed
Done in 2.07s.
yarn run v1.22.22
(node:86880) [DEP0169] DeprecationWarning: `url.parse()` behavior is not standardized and prone to errors that have security implications. Use the WHATWG URL API instead. CVEs are not issued for `url.parse()` vulnerabilities.
(Use `node --trace-deprecation ...` to show where the warning was created)
$ /private/tmp/fireside-phase2-oracles.EJXGdU/firebase-js-sdk/node_modules/.bin/karma start /Users/sanjevirau/Desktop/fireside/conformance/src/webchannel/firebase-js-sdk-karma.conf.cjs --single-run --grep '(?:^\(Persistence=memory_lru_gc\) Database (?:(?:can'\''t specify a field mask for a missing field using set(?= |$)|can set a subset of fields using a field mask(?= |$)|doesn'\''t apply field delete outside of mask(?= |$)|doesn'\''t apply field transform outside of mask(?= |$)|can set an empty field mask(?= |$))))'
The 'BROWSERS' environment variable is undefined. Defaulting to 'ChromeHeadless'.
webpack was not included as a framework in karma configuration, setting this automatically...

START:
(node:86881) [DEP0060] DeprecationWarning: The `util._extend` API is deprecated. Please use Object.assign() instead.
(Use `node --trace-deprecation ...` to show where the warning was created)
[32m02 09 2026 05:39:39.227:INFO [karma-server]: [39mKarma v6.4.4 server started at http://localhost:8089/
[32m02 09 2026 05:39:39.229:INFO [launcher]: [39mLaunching browsers ChromeHeadless with concurrency unlimited
[32m02 09 2026 05:39:39.231:INFO [launcher]: [39mStarting browser ChromeHeadless
[32m02 09 2026 05:39:40.123:INFO [Chrome Headless 152.0.0.0 (Mac OS 10.15.7)]: [39mConnected on socket LPUNVFNXR1VMPQLLAAAB with id 78275531
Chrome Headless 152.0.0.0 (Mac OS 10.15.7) LOG: 'Default Settings: {"host":"localhost:8080","ssl":false}'
Chrome Headless 152.0.0.0 (Mac OS 10.15.7) LOG: 'Default DatabaseId: "(default)"'
  (Persistence=memory_lru_gc) Database
    ✔ can't specify a field mask for a missing field using set
    ✔ can set a subset of fields using a field mask
    ✔ doesn't apply field delete outside of mask
    ✔ doesn't apply field transform outside of mask
    ✔ can set an empty field mask
TOTAL: 5 SUCCESS

Finished in 0.199 secs / 0.196 secs @ 05:39:40 GMT+0800 (Malaysia Time)

SUMMARY:
✔ 5 tests completed
Done in 1.87s.
yarn run v1.22.22
(node:86922) [DEP0169] DeprecationWarning: `url.parse()` behavior is not standardized and prone to errors that have security implications. Use the WHATWG URL API instead. CVEs are not issued for `url.parse()` vulnerabilities.
(Use `node --trace-deprecation ...` to show where the warning was created)
$ /private/tmp/fireside-phase2-oracles.EJXGdU/firebase-js-sdk/node_modules/.bin/karma start /Users/sanjevirau/Desktop/fireside/conformance/src/webchannel/firebase-js-sdk-karma.conf.cjs --single-run --grep '(?:^\(Persistence=indexeddb\) Database (?:(?:can'\''t specify a field mask for a missing field using set(?= |$)|can set a subset of fields using a field mask(?= |$)|doesn'\''t apply field delete outside of mask(?= |$)|doesn'\''t apply field transform outside of mask(?= |$)|can set an empty field mask(?= |$))))'
The 'BROWSERS' environment variable is undefined. Defaulting to 'ChromeHeadless'.
webpack was not included as a framework in karma configuration, setting this automatically...

START:
(node:86923) [DEP0060] DeprecationWarning: The `util._extend` API is deprecated. Please use Object.assign() instead.
(Use `node --trace-deprecation ...` to show where the warning was created)
[32m02 09 2026 05:39:41.212:INFO [karma-server]: [39mKarma v6.4.4 server started at http://localhost:8089/
[32m02 09 2026 05:39:41.213:INFO [launcher]: [39mLaunching browsers ChromeHeadless with concurrency unlimited
[32m02 09 2026 05:39:41.215:INFO [launcher]: [39mStarting browser ChromeHeadless
[32m02 09 2026 05:39:42.109:INFO [Chrome Headless 152.0.0.0 (Mac OS 10.15.7)]: [39mConnected on socket 3QepL6JN-kJZkekyAAAB with id 27593512
Chrome Headless 152.0.0.0 (Mac OS 10.15.7) LOG: 'Default Settings: {"host":"localhost:8080","ssl":false}'
Chrome Headless 152.0.0.0 (Mac OS 10.15.7) LOG: 'Default DatabaseId: "(default)"'
  (Persistence=indexeddb) Database
    ✔ can't specify a field mask for a missing field using set
    ✔ can set a subset of fields using a field mask
    ✔ doesn't apply field delete outside of mask
    ✔ doesn't apply field transform outside of mask
    ✔ can set an empty field mask
TOTAL: 5 SUCCESS

Finished in 0.274 secs / 0.271 secs @ 05:39:42 GMT+0800 (Malaysia Time)

SUMMARY:
✔ 5 tests completed
Done in 1.95s.
yarn run v1.22.22
(node:86967) [DEP0169] DeprecationWarning: `url.parse()` behavior is not standardized and prone to errors that have security implications. Use the WHATWG URL API instead. CVEs are not issued for `url.parse()` vulnerabilities.
(Use `node --trace-deprecation ...` to show where the warning was created)
$ /private/tmp/fireside-phase2-oracles.EJXGdU/firebase-js-sdk/node_modules/.bin/karma start /Users/sanjevirau/Desktop/fireside/conformance/src/webchannel/firebase-js-sdk-karma.conf.cjs --single-run --grep '(?:^\(Persistence=memory_lru_gc\) Database (?:(?:can specify fields multiple times in a field mask(?= |$)|cannot update nonexistent document(?= |$)|can delete a field with an update(?= |$)|can update nested fields(?= |$)|can specify updated field multiple times(?= |$))))'
The 'BROWSERS' environment variable is undefined. Defaulting to 'ChromeHeadless'.
webpack was not included as a framework in karma configuration, setting this automatically...

START:
(node:86968) [DEP0060] DeprecationWarning: The `util._extend` API is deprecated. Please use Object.assign() instead.
(Use `node --trace-deprecation ...` to show where the warning was created)
[32m02 09 2026 05:39:43.246:INFO [karma-server]: [39mKarma v6.4.4 server started at http://localhost:8089/
[32m02 09 2026 05:39:43.247:INFO [launcher]: [39mLaunching browsers ChromeHeadless with concurrency unlimited
[32m02 09 2026 05:39:43.249:INFO [launcher]: [39mStarting browser ChromeHeadless
[32m02 09 2026 05:39:44.153:INFO [Chrome Headless 152.0.0.0 (Mac OS 10.15.7)]: [39mConnected on socket gSakoS3FAU57FxEzAAAB with id 85619198
Chrome Headless 152.0.0.0 (Mac OS 10.15.7) LOG: 'Default Settings: {"host":"localhost:8080","ssl":false}'
Chrome Headless 152.0.0.0 (Mac OS 10.15.7) LOG: 'Default DatabaseId: "(default)"'
  (Persistence=memory_lru_gc) Database
    ✔ can specify fields multiple times in a field mask
    ✔ cannot update nonexistent document
    ✔ can delete a field with an update
    ✔ can update nested fields
    ✔ can specify updated field multiple times
TOTAL: 5 SUCCESS

Finished in 0.191 secs / 0.187 secs @ 05:39:44 GMT+0800 (Malaysia Time)

SUMMARY:
✔ 5 tests completed
Done in 1.85s.
yarn run v1.22.22
(node:87016) [DEP0169] DeprecationWarning: `url.parse()` behavior is not standardized and prone to errors that have security implications. Use the WHATWG URL API instead. CVEs are not issued for `url.parse()` vulnerabilities.
(Use `node --trace-deprecation ...` to show where the warning was created)
$ /private/tmp/fireside-phase2-oracles.EJXGdU/firebase-js-sdk/node_modules/.bin/karma start /Users/sanjevirau/Desktop/fireside/conformance/src/webchannel/firebase-js-sdk-karma.conf.cjs --single-run --grep '(?:^\(Persistence=indexeddb\) Database (?:(?:can specify fields multiple times in a field mask(?= |$)|cannot update nonexistent document(?= |$)|can delete a field with an update(?= |$)|can update nested fields(?= |$)|can specify updated field multiple times(?= |$))))'
The 'BROWSERS' environment variable is undefined. Defaulting to 'ChromeHeadless'.
webpack was not included as a framework in karma configuration, setting this automatically...

START:
(node:87018) [DEP0060] DeprecationWarning: The `util._extend` API is deprecated. Please use Object.assign() instead.
(Use `node --trace-deprecation ...` to show where the warning was created)
[32m02 09 2026 05:39:45.193:INFO [karma-server]: [39mKarma v6.4.4 server started at http://localhost:8089/
[32m02 09 2026 05:39:45.194:INFO [launcher]: [39mLaunching browsers ChromeHeadless with concurrency unlimited
[32m02 09 2026 05:39:45.197:INFO [launcher]: [39mStarting browser ChromeHeadless
[32m02 09 2026 05:39:46.094:INFO [Chrome Headless 152.0.0.0 (Mac OS 10.15.7)]: [39mConnected on socket MsB9T-voyBq65Am4AAAB with id 43167038
Chrome Headless 152.0.0.0 (Mac OS 10.15.7) LOG: 'Default Settings: {"host":"localhost:8080","ssl":false}'
Chrome Headless 152.0.0.0 (Mac OS 10.15.7) LOG: 'Default DatabaseId: "(default)"'
  (Persistence=indexeddb) Database
    ✔ can specify fields multiple times in a field mask
    ✔ cannot update nonexistent document
    ✔ can delete a field with an update
    ✔ can update nested fields
    ✔ can specify updated field multiple times
TOTAL: 5 SUCCESS

Finished in 0.272 secs / 0.269 secs @ 05:39:46 GMT+0800 (Malaysia Time)

SUMMARY:
✔ 5 tests completed
Done in 1.94s.
yarn run v1.22.22
(node:87080) [DEP0169] DeprecationWarning: `url.parse()` behavior is not standardized and prone to errors that have security implications. Use the WHATWG URL API instead. CVEs are not issued for `url.parse()` vulnerabilities.
(Use `node --trace-deprecation ...` to show where the warning was created)
$ /private/tmp/fireside-phase2-oracles.EJXGdU/firebase-js-sdk/node_modules/.bin/karma start /Users/sanjevirau/Desktop/fireside/conformance/src/webchannel/firebase-js-sdk-karma.conf.cjs --single-run --grep '(?:^\(Persistence=memory_lru_gc\) Database (?:(?:vector embeddings(?= |$)|documents: (?= |$)|CollectionRef\.add\(\) resolves with resulting DocumentRef\.(?= |$)|onSnapshotsInSync fires after listeners are in sync(?= |$)|\(Persistence=(?:memory_lru_gc|indexeddb)\) Queries are validated client-side(?= |$))))'
The 'BROWSERS' environment variable is undefined. Defaulting to 'ChromeHeadless'.
webpack was not included as a framework in karma configuration, setting this automatically...

START:
(node:87083) [DEP0060] DeprecationWarning: The `util._extend` API is deprecated. Please use Object.assign() instead.
(Use `node --trace-deprecation ...` to show where the warning was created)
[32m02 09 2026 05:39:47.226:INFO [karma-server]: [39mKarma v6.4.4 server started at http://localhost:8089/
[32m02 09 2026 05:39:47.227:INFO [launcher]: [39mLaunching browsers ChromeHeadless with concurrency unlimited
[32m02 09 2026 05:39:47.229:INFO [launcher]: [39mStarting browser ChromeHeadless
[32m02 09 2026 05:39:48.160:INFO [Chrome Headless 152.0.0.0 (Mac OS 10.15.7)]: [39mConnected on socket M_ozbRaxux34M6GsAAAB with id 25742941
Chrome Headless 152.0.0.0 (Mac OS 10.15.7) LOG: 'Default Settings: {"host":"localhost:8080","ssl":false}'
Chrome Headless 152.0.0.0 (Mac OS 10.15.7) LOG: 'Default DatabaseId: "(default)"'
  (Persistence=memory_lru_gc) Database
    ✔ CollectionRef.add() resolves with resulting DocumentRef.
ERROR: '[2026-09-01T21:39:48.361Z]  @firebase/firestore:', 'Firestore (12.18.0): Uncaught Error in snapshot listener:', 'FirebaseError: [code=aborted]: Firestore shutting down'
    ✔ onSnapshotsInSync fires after listeners are in sync
    vector embeddings
      ✔ can write and read vector embeddings
      ✔ can listen to documents with vectors
      ✔ SDK orders vector field same way as backend
      From Cache
        ✔ SDK orders vector field the same way online and offline
    documents: 
      ✔ set/update should reject: undefined
      ✔ set/update should reject: null
      ✔ set/update should reject: 0
      ✔ set/update should reject: foo
      ✔ set/update should reject: a
      ✔ set/update should reject: Wed Sep 02 2026 05:39:48 GMT+0800 (Malaysia Time)
    (Persistence=memory_lru_gc) Queries are validated client-side
      ✔ same inequality fields works
      ✔ inequality and equality on different fields works
      ✔ inequality on multiple fields works
      ✔ inequality with key fields works
      ✔ inequality and array-contains on different fields works
      ✔ inequality and array-contains-any on different fields works
      ✔ multiple inequality and array-contains on different fields works
      ✔ multiple inequality and array-contains-any on different fields works
      ✔ inequality and IN on different fields works
      ✔ multiple inequality and IN on different fields works
      ✔ inequality and NOT IN on different fields works
      ✔ multiple inequality and NOT IN on different fields works
      ✔ inequality same as orderBy works.
      ✔ != same as orderBy works.
      ✔ equality different than orderBy works
      ✔ inequality different than orderBy works.
      ✔ multiple inequality different from orderBy works.
      ✔ array-contains different than orderBy works
      ✔ IN different than orderBy works
      ✔ array-contains-any different than orderBy works
    (Persistence=indexeddb) Queries are validated client-side
      ✔ same inequality fields works
      ✔ inequality and equality on different fields works
      ✔ inequality on multiple fields works
      ✔ inequality with key fields works
      ✔ inequality and array-contains on different fields works
      ✔ inequality and array-contains-any on different fields works
      ✔ multiple inequality and array-contains on different fields works
      ✔ multiple inequality and array-contains-any on different fields works
      ✔ inequality and IN on different fields works
      ✔ multiple inequality and IN on different fields works
      ✔ inequality and NOT IN on different fields works
      ✔ multiple inequality and NOT IN on different fields works
      ✔ inequality same as orderBy works.
      ✔ != same as orderBy works.
      ✔ equality different than orderBy works
      ✔ inequality different than orderBy works.
      ✔ multiple inequality different from orderBy works.
      ✔ array-contains different than orderBy works
      ✔ IN different than orderBy works
      ✔ array-contains-any different than orderBy works
TOTAL: 52 SUCCESS

Finished in 0.486 secs / 0.373 secs @ 05:39:48 GMT+0800 (Malaysia Time)

SUMMARY:
✔ 52 tests completed
Done in 2.25s.
yarn run v1.22.22
(node:87128) [DEP0169] DeprecationWarning: `url.parse()` behavior is not standardized and prone to errors that have security implications. Use the WHATWG URL API instead. CVEs are not issued for `url.parse()` vulnerabilities.
(Use `node --trace-deprecation ...` to show where the warning was created)
$ /private/tmp/fireside-phase2-oracles.EJXGdU/firebase-js-sdk/node_modules/.bin/karma start /Users/sanjevirau/Desktop/fireside/conformance/src/webchannel/firebase-js-sdk-karma.conf.cjs --single-run --grep '(?:^\(Persistence=indexeddb\) Database (?:(?:vector embeddings(?= |$)|documents: (?= |$)|CollectionRef\.add\(\) resolves with resulting DocumentRef\.(?= |$)|onSnapshotsInSync fires after listeners are in sync(?= |$)|\(Persistence=(?:memory_lru_gc|indexeddb)\) Queries are validated client-side(?= |$))))'
The 'BROWSERS' environment variable is undefined. Defaulting to 'ChromeHeadless'.
webpack was not included as a framework in karma configuration, setting this automatically...

START:
(node:87129) [DEP0060] DeprecationWarning: The `util._extend` API is deprecated. Please use Object.assign() instead.
(Use `node --trace-deprecation ...` to show where the warning was created)
[32m02 09 2026 05:39:49.563:INFO [karma-server]: [39mKarma v6.4.4 server started at http://localhost:8089/
[32m02 09 2026 05:39:49.564:INFO [launcher]: [39mLaunching browsers ChromeHeadless with concurrency unlimited
[32m02 09 2026 05:39:49.567:INFO [launcher]: [39mStarting browser ChromeHeadless
[32m02 09 2026 05:39:50.464:INFO [Chrome Headless 152.0.0.0 (Mac OS 10.15.7)]: [39mConnected on socket zbjvhFswonF9uWqkAAAB with id 91852444
Chrome Headless 152.0.0.0 (Mac OS 10.15.7) LOG: 'Default Settings: {"host":"localhost:8080","ssl":false}'
Chrome Headless 152.0.0.0 (Mac OS 10.15.7) LOG: 'Default DatabaseId: "(default)"'
  (Persistence=indexeddb) Database
    ✔ CollectionRef.add() resolves with resulting DocumentRef.
ERROR: '[2026-09-01T21:39:50.747Z]  @firebase/firestore:', 'Firestore (12.18.0): Uncaught Error in snapshot listener:', 'FirebaseError: [code=aborted]: Firestore shutting down'
    ✔ onSnapshotsInSync fires after listeners are in sync
    vector embeddings
      ✔ can write and read vector embeddings
      ✔ can listen to documents with vectors
      ✔ SDK orders vector field same way as backend
      From Cache
        ✔ SDK orders vector field the same way online and offline
    documents: 
      ✔ set/update should reject: undefined
      ✔ set/update should reject: null
      ✔ set/update should reject: 0
      ✔ set/update should reject: foo
      ✔ set/update should reject: a
      ✔ set/update should reject: Wed Sep 02 2026 05:39:50 GMT+0800 (Malaysia Time)
    (Persistence=memory_lru_gc) Queries are validated client-side
      ✔ same inequality fields works
      ✔ inequality and equality on different fields works
      ✔ inequality on multiple fields works
      ✔ inequality with key fields works
      ✔ inequality and array-contains on different fields works
      ✔ inequality and array-contains-any on different fields works
      ✔ multiple inequality and array-contains on different fields works
      ✔ multiple inequality and array-contains-any on different fields works
      ✔ inequality and IN on different fields works
      ✔ multiple inequality and IN on different fields works
      ✔ inequality and NOT IN on different fields works
      ✔ multiple inequality and NOT IN on different fields works
      ✔ inequality same as orderBy works.
      ✔ != same as orderBy works.
      ✔ equality different than orderBy works
      ✔ inequality different than orderBy works.
      ✔ multiple inequality different from orderBy works.
      ✔ array-contains different than orderBy works
      ✔ IN different than orderBy works
      ✔ array-contains-any different than orderBy works
    (Persistence=indexeddb) Queries are validated client-side
      ✔ same inequality fields works
      ✔ inequality and equality on different fields works
      ✔ inequality on multiple fields works
      ✔ inequality with key fields works
      ✔ inequality and array-contains on different fields works
      ✔ inequality and array-contains-any on different fields works
      ✔ multiple inequality and array-contains on different fields works
      ✔ multiple inequality and array-contains-any on different fields works
      ✔ inequality and IN on different fields works
      ✔ multiple inequality and IN on different fields works
      ✔ inequality and NOT IN on different fields works
      ✔ multiple inequality and NOT IN on different fields works
      ✔ inequality same as orderBy works.
      ✔ != same as orderBy works.
      ✔ equality different than orderBy works
      ✔ inequality different than orderBy works.
      ✔ multiple inequality different from orderBy works.
      ✔ array-contains different than orderBy works
      ✔ IN different than orderBy works
      ✔ array-contains-any different than orderBy works
TOTAL: 52 SUCCESS

Finished in 0.691 secs / 0.613 secs @ 05:39:51 GMT+0800 (Malaysia Time)

SUMMARY:
✔ 52 tests completed
Done in 2.40s.
yarn run v1.22.22
(node:87171) [DEP0169] DeprecationWarning: `url.parse()` behavior is not standardized and prone to errors that have security implications. Use the WHATWG URL API instead. CVEs are not issued for `url.parse()` vulnerabilities.
(Use `node --trace-deprecation ...` to show where the warning was created)
$ /private/tmp/fireside-phase2-oracles.EJXGdU/firebase-js-sdk/node_modules/.bin/karma start /Users/sanjevirau/Desktop/fireside/conformance/src/webchannel/firebase-js-sdk-karma.conf.cjs --single-run --grep '(?:^\(Persistence=memory_lru_gc\) Database (?:(?:DocumentSnapshot events for nonexistent document(?= |$)|DocumentSnapshot events for add data to document(?= |$)|DocumentSnapshot events for change data in document(?= |$)|DocumentSnapshot events for delete data in document(?= |$)|Listen can be called multiple times(?= |$))))'
The 'BROWSERS' environment variable is undefined. Defaulting to 'ChromeHeadless'.
webpack was not included as a framework in karma configuration, setting this automatically...

START:
(node:87172) [DEP0060] DeprecationWarning: The `util._extend` API is deprecated. Please use Object.assign() instead.
(Use `node --trace-deprecation ...` to show where the warning was created)
[32m02 09 2026 05:39:52.074:INFO [karma-server]: [39mKarma v6.4.4 server started at http://localhost:8089/
[32m02 09 2026 05:39:52.075:INFO [launcher]: [39mLaunching browsers ChromeHeadless with concurrency unlimited
[32m02 09 2026 05:39:52.078:INFO [launcher]: [39mStarting browser ChromeHeadless
[32m02 09 2026 05:39:52.969:INFO [Chrome Headless 152.0.0.0 (Mac OS 10.15.7)]: [39mConnected on socket kR9HqqOlC1mLTLQ9AAAB with id 72571318
Chrome Headless 152.0.0.0 (Mac OS 10.15.7) LOG: 'Default Settings: {"host":"localhost:8080","ssl":false}'
Chrome Headless 152.0.0.0 (Mac OS 10.15.7) LOG: 'Default DatabaseId: "(default)"'
ERROR: '[2026-09-01T21:39:53.105Z]  @firebase/firestore:', 'Firestore (12.18.0): Uncaught Error in snapshot listener:', 'FirebaseError: [code=aborted]: Firestore shutting down'
  (Persistence=memory_lru_gc) Database
    ✔ DocumentSnapshot events for nonexistent document
ERROR: '[2026-09-01T21:39:53.129Z]  @firebase/firestore:', 'Firestore (12.18.0): Uncaught Error in snapshot listener:', 'FirebaseError: [code=aborted]: Firestore shutting down'
    ✔ DocumentSnapshot events for add data to document
ERROR: '[2026-09-01T21:39:53.169Z]  @firebase/firestore:', 'Firestore (12.18.0): Uncaught Error in snapshot listener:', 'FirebaseError: [code=aborted]: Firestore shutting down'
    ✔ DocumentSnapshot events for change data in document
ERROR: '[2026-09-01T21:39:53.209Z]  @firebase/firestore:', 'Firestore (12.18.0): Uncaught Error in snapshot listener:', 'FirebaseError: [code=aborted]: Firestore shutting down'
    ✔ DocumentSnapshot events for delete data in document
ERROR: '[2026-09-01T21:39:53.231Z]  @firebase/firestore:', 'Firestore (12.18.0): Uncaught Error in snapshot listener:', 'FirebaseError: [code=aborted]: Firestore shutting down'
ERROR: '[2026-09-01T21:39:53.231Z]  @firebase/firestore:', 'Firestore (12.18.0): Uncaught Error in snapshot listener:', 'FirebaseError: [code=aborted]: Firestore shutting down'
    ✔ Listen can be called multiple times
TOTAL: 5 SUCCESS

Finished in 0.145 secs / 0.141 secs @ 05:39:53 GMT+0800 (Malaysia Time)

SUMMARY:
✔ 5 tests completed
Done in 1.78s.
yarn run v1.22.22
(node:87218) [DEP0169] DeprecationWarning: `url.parse()` behavior is not standardized and prone to errors that have security implications. Use the WHATWG URL API instead. CVEs are not issued for `url.parse()` vulnerabilities.
(Use `node --trace-deprecation ...` to show where the warning was created)
$ /private/tmp/fireside-phase2-oracles.EJXGdU/firebase-js-sdk/node_modules/.bin/karma start /Users/sanjevirau/Desktop/fireside/conformance/src/webchannel/firebase-js-sdk-karma.conf.cjs --single-run --grep '(?:^\(Persistence=indexeddb\) Database (?:(?:DocumentSnapshot events for nonexistent document(?= |$)|DocumentSnapshot events for add data to document(?= |$)|DocumentSnapshot events for change data in document(?= |$)|DocumentSnapshot events for delete data in document(?= |$)|Listen can be called multiple times(?= |$))))'
The 'BROWSERS' environment variable is undefined. Defaulting to 'ChromeHeadless'.
webpack was not included as a framework in karma configuration, setting this automatically...

START:
(node:87219) [DEP0060] DeprecationWarning: The `util._extend` API is deprecated. Please use Object.assign() instead.
(Use `node --trace-deprecation ...` to show where the warning was created)
[32m02 09 2026 05:39:53.947:INFO [karma-server]: [39mKarma v6.4.4 server started at http://localhost:8089/
[32m02 09 2026 05:39:53.948:INFO [launcher]: [39mLaunching browsers ChromeHeadless with concurrency unlimited
[32m02 09 2026 05:39:53.950:INFO [launcher]: [39mStarting browser ChromeHeadless
[32m02 09 2026 05:39:54.842:INFO [Chrome Headless 152.0.0.0 (Mac OS 10.15.7)]: [39mConnected on socket 9mdgRMXmY0MKUe1dAAAB with id 93729047
Chrome Headless 152.0.0.0 (Mac OS 10.15.7) LOG: 'Default Settings: {"host":"localhost:8080","ssl":false}'
Chrome Headless 152.0.0.0 (Mac OS 10.15.7) LOG: 'Default DatabaseId: "(default)"'
ERROR: '[2026-09-01T21:39:55.011Z]  @firebase/firestore:', 'Firestore (12.18.0): Uncaught Error in snapshot listener:', 'FirebaseError: [code=aborted]: Firestore shutting down'
  (Persistence=indexeddb) Database
    ✔ DocumentSnapshot events for nonexistent document
ERROR: '[2026-09-01T21:39:55.053Z]  @firebase/firestore:', 'Firestore (12.18.0): Uncaught Error in snapshot listener:', 'FirebaseError: [code=aborted]: Firestore shutting down'
    ✔ DocumentSnapshot events for add data to document
ERROR: '[2026-09-01T21:39:55.121Z]  @firebase/firestore:', 'Firestore (12.18.0): Uncaught Error in snapshot listener:', 'FirebaseError: [code=aborted]: Firestore shutting down'
    ✔ DocumentSnapshot events for change data in document
ERROR: '[2026-09-01T21:39:55.192Z]  @firebase/firestore:', 'Firestore (12.18.0): Uncaught Error in snapshot listener:', 'FirebaseError: [code=aborted]: Firestore shutting down'
    ✔ DocumentSnapshot events for delete data in document
ERROR: '[2026-09-01T21:39:55.238Z]  @firebase/firestore:', 'Firestore (12.18.0): Uncaught Error in snapshot listener:', 'FirebaseError: [code=aborted]: Firestore shutting down'
ERROR: '[2026-09-01T21:39:55.238Z]  @firebase/firestore:', 'Firestore (12.18.0): Uncaught Error in snapshot listener:', 'FirebaseError: [code=aborted]: Firestore shutting down'
    ✔ Listen can be called multiple times
TOTAL: 5 SUCCESS

Finished in 0.283 secs / 0.281 secs @ 05:39:55 GMT+0800 (Malaysia Time)

SUMMARY:
✔ 5 tests completed
Done in 1.93s.
yarn run v1.22.22
(node:87278) [DEP0169] DeprecationWarning: `url.parse()` behavior is not standardized and prone to errors that have security implications. Use the WHATWG URL API instead. CVEs are not issued for `url.parse()` vulnerabilities.
(Use `node --trace-deprecation ...` to show where the warning was created)
$ /private/tmp/fireside-phase2-oracles.EJXGdU/firebase-js-sdk/node_modules/.bin/karma start /Users/sanjevirau/Desktop/fireside/conformance/src/webchannel/firebase-js-sdk-karma.conf.cjs --single-run --grep '(?:^\(Persistence=memory_lru_gc\) Database (?:(?:DocumentSnapshot events for snapshot created by a bundle(?= |$)|DocumentSnapshot updated doc events in snapshot created by a bundle accumulator(?= |$)|DocumentSnapshot observer events for snapshot created by a bundle(?= |$)|DocumentSnapshot error events for snapshot created by a bundle(?= |$)|DocumentSnapshot observer error events for snapshot created by a bundle(?= |$))))'
The 'BROWSERS' environment variable is undefined. Defaulting to 'ChromeHeadless'.
webpack was not included as a framework in karma configuration, setting this automatically...

START:
(node:87279) [DEP0060] DeprecationWarning: The `util._extend` API is deprecated. Please use Object.assign() instead.
(Use `node --trace-deprecation ...` to show where the warning was created)
[32m02 09 2026 05:39:56.007:INFO [karma-server]: [39mKarma v6.4.4 server started at http://localhost:8089/
[32m02 09 2026 05:39:56.008:INFO [launcher]: [39mLaunching browsers ChromeHeadless with concurrency unlimited
[32m02 09 2026 05:39:56.010:INFO [launcher]: [39mStarting browser ChromeHeadless
[32m02 09 2026 05:39:56.905:INFO [Chrome Headless 152.0.0.0 (Mac OS 10.15.7)]: [39mConnected on socket 8XRQnDzkRkRT6J6CAAAB with id 41221311
Chrome Headless 152.0.0.0 (Mac OS 10.15.7) LOG: 'Default Settings: {"host":"localhost:8080","ssl":false}'
Chrome Headless 152.0.0.0 (Mac OS 10.15.7) LOG: 'Default DatabaseId: "(default)"'
  (Persistence=memory_lru_gc) Database
    ✔ DocumentSnapshot events for snapshot created by a bundle
    ✔ DocumentSnapshot updated doc events in snapshot created by a bundle accumulator
    ✔ DocumentSnapshot observer events for snapshot created by a bundle
WARN: '[2026-09-01T21:39:57.031Z]  @firebase/firestore:', 'Firestore (12.18.0): SyncEngine', 'Loading bundle failed with Error: Invalid bundle format: Reached the end of bundle when a length string is expected.'
    ✔ DocumentSnapshot error events for snapshot created by a bundle
WARN: '[2026-09-01T21:39:57.037Z]  @firebase/firestore:', 'Firestore (12.18.0): SyncEngine', 'Loading bundle failed with Error: Invalid bundle format: Reached the end of bundle when a length string is expected.'
    ✔ DocumentSnapshot observer error events for snapshot created by a bundle
TOTAL: 5 SUCCESS

Finished in 0.023 secs / 0.016 secs @ 05:39:57 GMT+0800 (Malaysia Time)

SUMMARY:
✔ 5 tests completed
Done in 1.70s.
yarn run v1.22.22
(node:87322) [DEP0169] DeprecationWarning: `url.parse()` behavior is not standardized and prone to errors that have security implications. Use the WHATWG URL API instead. CVEs are not issued for `url.parse()` vulnerabilities.
(Use `node --trace-deprecation ...` to show where the warning was created)
$ /private/tmp/fireside-phase2-oracles.EJXGdU/firebase-js-sdk/node_modules/.bin/karma start /Users/sanjevirau/Desktop/fireside/conformance/src/webchannel/firebase-js-sdk-karma.conf.cjs --single-run --grep '(?:^\(Persistence=indexeddb\) Database (?:(?:DocumentSnapshot events for snapshot created by a bundle(?= |$)|DocumentSnapshot updated doc events in snapshot created by a bundle accumulator(?= |$)|DocumentSnapshot observer events for snapshot created by a bundle(?= |$)|DocumentSnapshot error events for snapshot created by a bundle(?= |$)|DocumentSnapshot observer error events for snapshot created by a bundle(?= |$))))'
The 'BROWSERS' environment variable is undefined. Defaulting to 'ChromeHeadless'.
webpack was not included as a framework in karma configuration, setting this automatically...

START:
(node:87323) [DEP0060] DeprecationWarning: The `util._extend` API is deprecated. Please use Object.assign() instead.
(Use `node --trace-deprecation ...` to show where the warning was created)
[32m02 09 2026 05:39:57.752:INFO [karma-server]: [39mKarma v6.4.4 server started at http://localhost:8089/
[32m02 09 2026 05:39:57.753:INFO [launcher]: [39mLaunching browsers ChromeHeadless with concurrency unlimited
[32m02 09 2026 05:39:57.755:INFO [launcher]: [39mStarting browser ChromeHeadless
[32m02 09 2026 05:39:58.644:INFO [Chrome Headless 152.0.0.0 (Mac OS 10.15.7)]: [39mConnected on socket rcVYjwgp0ZZSwRsMAAAB with id 43231353
Chrome Headless 152.0.0.0 (Mac OS 10.15.7) LOG: 'Default Settings: {"host":"localhost:8080","ssl":false}'
Chrome Headless 152.0.0.0 (Mac OS 10.15.7) LOG: 'Default DatabaseId: "(default)"'
  (Persistence=indexeddb) Database
    ✔ DocumentSnapshot events for snapshot created by a bundle
    ✔ DocumentSnapshot updated doc events in snapshot created by a bundle accumulator
    ✔ DocumentSnapshot observer events for snapshot created by a bundle
WARN: '[2026-09-01T21:39:58.807Z]  @firebase/firestore:', 'Firestore (12.18.0): SyncEngine', 'Loading bundle failed with Error: Invalid bundle format: Reached the end of bundle when a length string is expected.'
    ✔ DocumentSnapshot error events for snapshot created by a bundle
WARN: '[2026-09-01T21:39:58.817Z]  @firebase/firestore:', 'Firestore (12.18.0): SyncEngine', 'Loading bundle failed with Error: Invalid bundle format: Reached the end of bundle when a length string is expected.'
    ✔ DocumentSnapshot observer error events for snapshot created by a bundle
TOTAL: 5 SUCCESS

Finished in 0.059 secs / 0.056 secs @ 05:39:58 GMT+0800 (Malaysia Time)

SUMMARY:
✔ 5 tests completed
Done in 1.69s.
yarn run v1.22.22
(node:87374) [DEP0169] DeprecationWarning: `url.parse()` behavior is not standardized and prone to errors that have security implications. Use the WHATWG URL API instead. CVEs are not issued for `url.parse()` vulnerabilities.
(Use `node --trace-deprecation ...` to show where the warning was created)
$ /private/tmp/fireside-phase2-oracles.EJXGdU/firebase-js-sdk/node_modules/.bin/karma start /Users/sanjevirau/Desktop/fireside/conformance/src/webchannel/firebase-js-sdk-karma.conf.cjs --single-run --grep '(?:^\(Persistence=memory_lru_gc\) Database (?:(?:DocumentSnapshot updated doc events in snapshot created by fromJSON bundle(?= |$)|DocumentSnapshot updated doc events in snapshot created by fromJSON doc ref(?= |$)|Querysnapshot events for snapshot created by a bundle(?= |$)|Querysnapshot observer events for snapshot created by a bundle(?= |$)|QuerySnapshot error events for snapshot created by a bundle(?= |$))))'
The 'BROWSERS' environment variable is undefined. Defaulting to 'ChromeHeadless'.
webpack was not included as a framework in karma configuration, setting this automatically...

START:
(node:87375) [DEP0060] DeprecationWarning: The `util._extend` API is deprecated. Please use Object.assign() instead.
(Use `node --trace-deprecation ...` to show where the warning was created)
[32m02 09 2026 05:39:59.541:INFO [karma-server]: [39mKarma v6.4.4 server started at http://localhost:8089/
[32m02 09 2026 05:39:59.542:INFO [launcher]: [39mLaunching browsers ChromeHeadless with concurrency unlimited
[32m02 09 2026 05:39:59.545:INFO [launcher]: [39mStarting browser ChromeHeadless
[32m02 09 2026 05:40:00.472:INFO [Chrome Headless 152.0.0.0 (Mac OS 10.15.7)]: [39mConnected on socket qv8DWvTiJESpXwO-AAAB with id 61883019
Chrome Headless 152.0.0.0 (Mac OS 10.15.7) LOG: 'Default Settings: {"host":"localhost:8080","ssl":false}'
Chrome Headless 152.0.0.0 (Mac OS 10.15.7) LOG: 'Default DatabaseId: "(default)"'
  (Persistence=memory_lru_gc) Database
    ✔ DocumentSnapshot updated doc events in snapshot created by fromJSON bundle
    ✔ DocumentSnapshot updated doc events in snapshot created by fromJSON doc ref
    ✔ Querysnapshot events for snapshot created by a bundle
    ✔ Querysnapshot observer events for snapshot created by a bundle
WARN: '[2026-09-01T21:40:00.610Z]  @firebase/firestore:', 'Firestore (12.18.0): SyncEngine', 'Loading bundle failed with Error: Invalid bundle format: Reached the end of bundle when a length string is expected.'
    ✔ QuerySnapshot error events for snapshot created by a bundle
TOTAL: 5 SUCCESS

Finished in 0.017 secs / 0.01 secs @ 05:40:00 GMT+0800 (Malaysia Time)

SUMMARY:
✔ 5 tests completed
Done in 1.69s.
yarn run v1.22.22
(node:87418) [DEP0169] DeprecationWarning: `url.parse()` behavior is not standardized and prone to errors that have security implications. Use the WHATWG URL API instead. CVEs are not issued for `url.parse()` vulnerabilities.
(Use `node --trace-deprecation ...` to show where the warning was created)
$ /private/tmp/fireside-phase2-oracles.EJXGdU/firebase-js-sdk/node_modules/.bin/karma start /Users/sanjevirau/Desktop/fireside/conformance/src/webchannel/firebase-js-sdk-karma.conf.cjs --single-run --grep '(?:^\(Persistence=indexeddb\) Database (?:(?:DocumentSnapshot updated doc events in snapshot created by fromJSON bundle(?= |$)|DocumentSnapshot updated doc events in snapshot created by fromJSON doc ref(?= |$)|Querysnapshot events for snapshot created by a bundle(?= |$)|Querysnapshot observer events for snapshot created by a bundle(?= |$)|QuerySnapshot error events for snapshot created by a bundle(?= |$))))'
The 'BROWSERS' environment variable is undefined. Defaulting to 'ChromeHeadless'.
webpack was not included as a framework in karma configuration, setting this automatically...

START:
(node:87419) [DEP0060] DeprecationWarning: The `util._extend` API is deprecated. Please use Object.assign() instead.
(Use `node --trace-deprecation ...` to show where the warning was created)
[32m02 09 2026 05:40:01.376:INFO [karma-server]: [39mKarma v6.4.4 server started at http://localhost:8089/
[32m02 09 2026 05:40:01.378:INFO [launcher]: [39mLaunching browsers ChromeHeadless with concurrency unlimited
[32m02 09 2026 05:40:01.380:INFO [launcher]: [39mStarting browser ChromeHeadless
[32m02 09 2026 05:40:02.298:INFO [Chrome Headless 152.0.0.0 (Mac OS 10.15.7)]: [39mConnected on socket RniHM0wM_iG3YZsiAAAB with id 72973243
Chrome Headless 152.0.0.0 (Mac OS 10.15.7) LOG: 'Default Settings: {"host":"localhost:8080","ssl":false}'
Chrome Headless 152.0.0.0 (Mac OS 10.15.7) LOG: 'Default DatabaseId: "(default)"'
WARN: '[2026-09-01T21:40:02.459Z]  @firebase/firestore:', 'Firestore (12.18.0): SyncEngine', 'Loading bundle failed with Error: Invalid bundle format: Reached the end of bundle when a length string is expected.'
  (Persistence=indexeddb) Database
    ✔ DocumentSnapshot updated doc events in snapshot created by fromJSON bundle
    ✔ DocumentSnapshot updated doc events in snapshot created by fromJSON doc ref
    ✔ Querysnapshot events for snapshot created by a bundle
    ✔ Querysnapshot observer events for snapshot created by a bundle
    ✔ QuerySnapshot error events for snapshot created by a bundle
TOTAL: 5 SUCCESS

Finished in 0.051 secs / 0.049 secs @ 05:40:02 GMT+0800 (Malaysia Time)

SUMMARY:
✔ 5 tests completed
Done in 1.76s.
yarn run v1.22.22
(node:87460) [DEP0169] DeprecationWarning: `url.parse()` behavior is not standardized and prone to errors that have security implications. Use the WHATWG URL API instead. CVEs are not issued for `url.parse()` vulnerabilities.
(Use `node --trace-deprecation ...` to show where the warning was created)
$ /private/tmp/fireside-phase2-oracles.EJXGdU/firebase-js-sdk/node_modules/.bin/karma start /Users/sanjevirau/Desktop/fireside/conformance/src/webchannel/firebase-js-sdk-karma.conf.cjs --single-run --grep '(?:^\(Persistence=memory_lru_gc\) Database (?:(?:QuerySnapshot observer error events for snapshot created by a bundle(?= |$)|QuerySnapshot updated doc events in snapshot created by a bundle(?= |$)|QuerySnapshot updated doc events in snapshot created by fromJSON (?= |$)|QuerySnapshot updated doc events in snapshot created by fromJSON query ref(?= |$)|Metadata only changes are not fired when no options provided(?= |$))))'
The 'BROWSERS' environment variable is undefined. Defaulting to 'ChromeHeadless'.
webpack was not included as a framework in karma configuration, setting this automatically...

START:
(node:87461) [DEP0060] DeprecationWarning: The `util._extend` API is deprecated. Please use Object.assign() instead.
(Use `node --trace-deprecation ...` to show where the warning was created)
[32m02 09 2026 05:40:03.193:INFO [karma-server]: [39mKarma v6.4.4 server started at http://localhost:8089/
[32m02 09 2026 05:40:03.194:INFO [launcher]: [39mLaunching browsers ChromeHeadless with concurrency unlimited
[32m02 09 2026 05:40:03.196:INFO [launcher]: [39mStarting browser ChromeHeadless
[32m02 09 2026 05:40:04.069:INFO [Chrome Headless 152.0.0.0 (Mac OS 10.15.7)]: [39mConnected on socket aSu22xok__oTMJ3RAAAB with id 85852548
Chrome Headless 152.0.0.0 (Mac OS 10.15.7) LOG: 'Default Settings: {"host":"localhost:8080","ssl":false}'
Chrome Headless 152.0.0.0 (Mac OS 10.15.7) LOG: 'Default DatabaseId: "(default)"'
WARN: '[2026-09-01T21:40:04.195Z]  @firebase/firestore:', 'Firestore (12.18.0): SyncEngine', 'Loading bundle failed with Error: Invalid bundle format: Reached the end of bundle when a length string is expected.'
  (Persistence=memory_lru_gc) Database
    ✔ QuerySnapshot observer error events for snapshot created by a bundle
    ✔ QuerySnapshot updated doc events in snapshot created by a bundle
    ✔ QuerySnapshot updated doc events in snapshot created by fromJSON 
    ✔ QuerySnapshot updated doc events in snapshot created by fromJSON query ref
    ✔ Metadata only changes are not fired when no options provided
TOTAL: 5 SUCCESS

Finished in 0.051 secs / 0.048 secs @ 05:40:04 GMT+0800 (Malaysia Time)

SUMMARY:
✔ 5 tests completed
Done in 1.68s.
yarn run v1.22.22
(node:87525) [DEP0169] DeprecationWarning: `url.parse()` behavior is not standardized and prone to errors that have security implications. Use the WHATWG URL API instead. CVEs are not issued for `url.parse()` vulnerabilities.
(Use `node --trace-deprecation ...` to show where the warning was created)
$ /private/tmp/fireside-phase2-oracles.EJXGdU/firebase-js-sdk/node_modules/.bin/karma start /Users/sanjevirau/Desktop/fireside/conformance/src/webchannel/firebase-js-sdk-karma.conf.cjs --single-run --grep '(?:^\(Persistence=indexeddb\) Database (?:(?:QuerySnapshot observer error events for snapshot created by a bundle(?= |$)|QuerySnapshot updated doc events in snapshot created by a bundle(?= |$)|QuerySnapshot updated doc events in snapshot created by fromJSON (?= |$)|QuerySnapshot updated doc events in snapshot created by fromJSON query ref(?= |$)|Metadata only changes are not fired when no options provided(?= |$))))'
The 'BROWSERS' environment variable is undefined. Defaulting to 'ChromeHeadless'.
webpack was not included as a framework in karma configuration, setting this automatically...

START:
(node:87526) [DEP0060] DeprecationWarning: The `util._extend` API is deprecated. Please use Object.assign() instead.
(Use `node --trace-deprecation ...` to show where the warning was created)
[32m02 09 2026 05:40:04.952:INFO [karma-server]: [39mKarma v6.4.4 server started at http://localhost:8089/
[32m02 09 2026 05:40:04.953:INFO [launcher]: [39mLaunching browsers ChromeHeadless with concurrency unlimited
[32m02 09 2026 05:40:04.956:INFO [launcher]: [39mStarting browser ChromeHeadless
[32m02 09 2026 05:40:05.893:INFO [Chrome Headless 152.0.0.0 (Mac OS 10.15.7)]: [39mConnected on socket 5jYshBnKvLTzfczgAAAB with id 84064257
Chrome Headless 152.0.0.0 (Mac OS 10.15.7) LOG: 'Default Settings: {"host":"localhost:8080","ssl":false}'
Chrome Headless 152.0.0.0 (Mac OS 10.15.7) LOG: 'Default DatabaseId: "(default)"'
WARN: '[2026-09-01T21:40:06.056Z]  @firebase/firestore:', 'Firestore (12.18.0): SyncEngine', 'Loading bundle failed with Error: Invalid bundle format: Reached the end of bundle when a length string is expected.'
  (Persistence=indexeddb) Database
    ✔ QuerySnapshot observer error events for snapshot created by a bundle
    ✔ QuerySnapshot updated doc events in snapshot created by a bundle
    ✔ QuerySnapshot updated doc events in snapshot created by fromJSON 
    ✔ QuerySnapshot updated doc events in snapshot created by fromJSON query ref
    ✔ Metadata only changes are not fired when no options provided
TOTAL: 5 SUCCESS

Finished in 0.1 secs / 0.098 secs @ 05:40:06 GMT+0800 (Malaysia Time)

SUMMARY:
✔ 5 tests completed
Done in 1.78s.
yarn run v1.22.22
(node:87567) [DEP0169] DeprecationWarning: `url.parse()` behavior is not standardized and prone to errors that have security implications. Use the WHATWG URL API instead. CVEs are not issued for `url.parse()` vulnerabilities.
(Use `node --trace-deprecation ...` to show where the warning was created)
$ /private/tmp/fireside-phase2-oracles.EJXGdU/firebase-js-sdk/node_modules/.bin/karma start /Users/sanjevirau/Desktop/fireside/conformance/src/webchannel/firebase-js-sdk-karma.conf.cjs --single-run --grep '(?:^\(Persistence=memory_lru_gc\) Database (?:(?:Listens are rejected remotely:(?= |$)|exposes "firestore" on document references\.(?= |$)|exposes "firestore" on query references\.(?= |$)|can compare DocumentReference instances with isEqual\(\)\.(?= |$)|can compare Query instances with isEqual\(\)\.(?= |$))))'
The 'BROWSERS' environment variable is undefined. Defaulting to 'ChromeHeadless'.
webpack was not included as a framework in karma configuration, setting this automatically...

START:
(node:87568) [DEP0060] DeprecationWarning: The `util._extend` API is deprecated. Please use Object.assign() instead.
(Use `node --trace-deprecation ...` to show where the warning was created)
[32m02 09 2026 05:40:06.826:INFO [karma-server]: [39mKarma v6.4.4 server started at http://localhost:8089/
[32m02 09 2026 05:40:06.827:INFO [launcher]: [39mLaunching browsers ChromeHeadless with concurrency unlimited
[32m02 09 2026 05:40:06.829:INFO [launcher]: [39mStarting browser ChromeHeadless
[32m02 09 2026 05:40:07.721:INFO [Chrome Headless 152.0.0.0 (Mac OS 10.15.7)]: [39mConnected on socket JjRl6uPMa1lzGs5yAAAB with id 96723043
Chrome Headless 152.0.0.0 (Mac OS 10.15.7) LOG: 'Default Settings: {"host":"localhost:8080","ssl":false}'
Chrome Headless 152.0.0.0 (Mac OS 10.15.7) LOG: 'Default DatabaseId: "(default)"'
  (Persistence=memory_lru_gc) Database
    ✔ exposes "firestore" on document references.
    ✔ exposes "firestore" on query references.
    ✔ can compare DocumentReference instances with isEqual().
    ✔ can compare Query instances with isEqual().
    Listens are rejected remotely:
      ✔ will reject listens
      ✔ will reject same listens twice in a row
      ✔ will reject gets
      ✔ will reject gets twice in a row
TOTAL: 8 SUCCESS

Finished in 0.035 secs / 0.033 secs @ 05:40:07 GMT+0800 (Malaysia Time)

SUMMARY:
✔ 8 tests completed
Done in 1.68s.
yarn run v1.22.22
(node:87610) [DEP0169] DeprecationWarning: `url.parse()` behavior is not standardized and prone to errors that have security implications. Use the WHATWG URL API instead. CVEs are not issued for `url.parse()` vulnerabilities.
(Use `node --trace-deprecation ...` to show where the warning was created)
$ /private/tmp/fireside-phase2-oracles.EJXGdU/firebase-js-sdk/node_modules/.bin/karma start /Users/sanjevirau/Desktop/fireside/conformance/src/webchannel/firebase-js-sdk-karma.conf.cjs --single-run --grep '(?:^\(Persistence=indexeddb\) Database (?:(?:Listens are rejected remotely:(?= |$)|exposes "firestore" on document references\.(?= |$)|exposes "firestore" on query references\.(?= |$)|can compare DocumentReference instances with isEqual\(\)\.(?= |$)|can compare Query instances with isEqual\(\)\.(?= |$))))'
The 'BROWSERS' environment variable is undefined. Defaulting to 'ChromeHeadless'.
webpack was not included as a framework in karma configuration, setting this automatically...

START:
(node:87613) [DEP0060] DeprecationWarning: The `util._extend` API is deprecated. Please use Object.assign() instead.
(Use `node --trace-deprecation ...` to show where the warning was created)
[32m02 09 2026 05:40:08.610:INFO [karma-server]: [39mKarma v6.4.4 server started at http://localhost:8089/
[32m02 09 2026 05:40:08.611:INFO [launcher]: [39mLaunching browsers ChromeHeadless with concurrency unlimited
[32m02 09 2026 05:40:08.612:INFO [launcher]: [39mStarting browser ChromeHeadless
[32m02 09 2026 05:40:09.510:INFO [Chrome Headless 152.0.0.0 (Mac OS 10.15.7)]: [39mConnected on socket zhkk9NER4Su_qWTQAAAB with id 86159738
Chrome Headless 152.0.0.0 (Mac OS 10.15.7) LOG: 'Default Settings: {"host":"localhost:8080","ssl":false}'
Chrome Headless 152.0.0.0 (Mac OS 10.15.7) LOG: 'Default DatabaseId: "(default)"'
  (Persistence=indexeddb) Database
    ✔ exposes "firestore" on document references.
    ✔ exposes "firestore" on query references.
    ✔ can compare DocumentReference instances with isEqual().
    ✔ can compare Query instances with isEqual().
    Listens are rejected remotely:
      ✔ will reject listens
      ✔ will reject same listens twice in a row
      ✔ will reject gets
      ✔ will reject gets twice in a row
TOTAL: 8 SUCCESS

Finished in 0.102 secs / 0.1 secs @ 05:40:09 GMT+0800 (Malaysia Time)

SUMMARY:
✔ 8 tests completed
Done in 1.75s.
yarn run v1.22.22
(node:87655) [DEP0169] DeprecationWarning: `url.parse()` behavior is not standardized and prone to errors that have security implications. Use the WHATWG URL API instead. CVEs are not issued for `url.parse()` vulnerabilities.
(Use `node --trace-deprecation ...` to show where the warning was created)
$ /private/tmp/fireside-phase2-oracles.EJXGdU/firebase-js-sdk/node_modules/.bin/karma start /Users/sanjevirau/Desktop/fireside/conformance/src/webchannel/firebase-js-sdk-karma.conf.cjs --single-run --grep '(?:^\(Persistence=memory_lru_gc\) Database (?:(?:can compare multiple inequality Query instances with isEqual\(\)\.(?= |$)|can traverse collections and documents\.(?= |$)|can traverse collection and document parents\.(?= |$)|can queue writes while offline(?= |$)|offline writes are sent after restart(?= |$))))'
The 'BROWSERS' environment variable is undefined. Defaulting to 'ChromeHeadless'.
webpack was not included as a framework in karma configuration, setting this automatically...

START:
(node:87667) [DEP0060] DeprecationWarning: The `util._extend` API is deprecated. Please use Object.assign() instead.
(Use `node --trace-deprecation ...` to show where the warning was created)
[32m02 09 2026 05:40:10.428:INFO [karma-server]: [39mKarma v6.4.4 server started at http://localhost:8089/
[32m02 09 2026 05:40:10.429:INFO [launcher]: [39mLaunching browsers ChromeHeadless with concurrency unlimited
[32m02 09 2026 05:40:10.430:INFO [launcher]: [39mStarting browser ChromeHeadless
[32m02 09 2026 05:40:11.355:INFO [Chrome Headless 152.0.0.0 (Mac OS 10.15.7)]: [39mConnected on socket ntTuJ_BnBZhFIGXMAAAB with id 48369202
Chrome Headless 152.0.0.0 (Mac OS 10.15.7) LOG: 'Default Settings: {"host":"localhost:8080","ssl":false}'
Chrome Headless 152.0.0.0 (Mac OS 10.15.7) LOG: 'Default DatabaseId: "(default)"'
  (Persistence=memory_lru_gc) Database
    ✔ can compare multiple inequality Query instances with isEqual().
    ✔ can traverse collections and documents.
    ✔ can traverse collection and document parents.
    ✔ can queue writes while offline
    ✖ offline writes are sent after restart (skipped)
TOTAL: 4 SUCCESS

Finished in 0.052 secs / 0.048 secs @ 05:40:11 GMT+0800 (Malaysia Time)

SUMMARY:
✔ 4 tests completed
ℹ 1 test skipped
Done in 1.71s.
yarn run v1.22.22
(node:87712) [DEP0169] DeprecationWarning: `url.parse()` behavior is not standardized and prone to errors that have security implications. Use the WHATWG URL API instead. CVEs are not issued for `url.parse()` vulnerabilities.
(Use `node --trace-deprecation ...` to show where the warning was created)
$ /private/tmp/fireside-phase2-oracles.EJXGdU/firebase-js-sdk/node_modules/.bin/karma start /Users/sanjevirau/Desktop/fireside/conformance/src/webchannel/firebase-js-sdk-karma.conf.cjs --single-run --grep '(?:^\(Persistence=indexeddb\) Database (?:(?:can compare multiple inequality Query instances with isEqual\(\)\.(?= |$)|can traverse collections and documents\.(?= |$)|can traverse collection and document parents\.(?= |$)|can queue writes while offline(?= |$)|offline writes are sent after restart(?= |$))))'
The 'BROWSERS' environment variable is undefined. Defaulting to 'ChromeHeadless'.
webpack was not included as a framework in karma configuration, setting this automatically...

START:
(node:87713) [DEP0060] DeprecationWarning: The `util._extend` API is deprecated. Please use Object.assign() instead.
(Use `node --trace-deprecation ...` to show where the warning was created)
[32m02 09 2026 05:40:12.262:INFO [karma-server]: [39mKarma v6.4.4 server started at http://localhost:8089/
[32m02 09 2026 05:40:12.263:INFO [launcher]: [39mLaunching browsers ChromeHeadless with concurrency unlimited
[32m02 09 2026 05:40:12.266:INFO [launcher]: [39mStarting browser ChromeHeadless
[32m02 09 2026 05:40:13.167:INFO [Chrome Headless 152.0.0.0 (Mac OS 10.15.7)]: [39mConnected on socket nzJ-4TgXFn7Ip4q8AAAB with id 71404982
Chrome Headless 152.0.0.0 (Mac OS 10.15.7) LOG: 'Default Settings: {"host":"localhost:8080","ssl":false}'
Chrome Headless 152.0.0.0 (Mac OS 10.15.7) LOG: 'Default DatabaseId: "(default)"'
  (Persistence=indexeddb) Database
    ✔ can compare multiple inequality Query instances with isEqual().
    ✔ can traverse collections and documents.
    ✔ can traverse collection and document parents.
    ✔ can queue writes while offline
WARN: '[2026-09-01T21:40:13.395Z]  @firebase/firestore:', 'Firestore (12.18.0): enableIndexedDbPersistence() will be deprecated in the future, you can use `FirestoreSettings.cache` instead.'
    ✔ offline writes are sent after restart
TOTAL: 5 SUCCESS

Finished in 0.141 secs / 0.139 secs @ 05:40:13 GMT+0800 (Malaysia Time)

SUMMARY:
✔ 5 tests completed
Done in 1.81s.
yarn run v1.22.22
(node:87760) [DEP0169] DeprecationWarning: `url.parse()` behavior is not standardized and prone to errors that have security implications. Use the WHATWG URL API instead. CVEs are not issued for `url.parse()` vulnerabilities.
(Use `node --trace-deprecation ...` to show where the warning was created)
$ /private/tmp/fireside-phase2-oracles.EJXGdU/firebase-js-sdk/node_modules/.bin/karma start /Users/sanjevirau/Desktop/fireside/conformance/src/webchannel/firebase-js-sdk-karma.conf.cjs --single-run --grep '(?:^\(Persistence=memory_lru_gc\) Database (?:(?:rejects subsequent method calls after terminate\(\) is called(?= |$)|can call terminate\(\) multiple times(?= |$)|maintains persistence after restarting app(?= |$)|can clear persistence if the client has been terminated(?= |$)|can clear persistence if the client has not been initialized(?= |$))))'
The 'BROWSERS' environment variable is undefined. Defaulting to 'ChromeHeadless'.
webpack was not included as a framework in karma configuration, setting this automatically...

START:
(node:87761) [DEP0060] DeprecationWarning: The `util._extend` API is deprecated. Please use Object.assign() instead.
(Use `node --trace-deprecation ...` to show where the warning was created)
[32m02 09 2026 05:40:14.157:INFO [karma-server]: [39mKarma v6.4.4 server started at http://localhost:8089/
[32m02 09 2026 05:40:14.158:INFO [launcher]: [39mLaunching browsers ChromeHeadless with concurrency unlimited
[32m02 09 2026 05:40:14.159:INFO [launcher]: [39mStarting browser ChromeHeadless
[32m02 09 2026 05:40:15.059:INFO [Chrome Headless 152.0.0.0 (Mac OS 10.15.7)]: [39mConnected on socket 5vYKi18-SgH1IDJHAAAB with id 11502431
Chrome Headless 152.0.0.0 (Mac OS 10.15.7) LOG: 'Default Settings: {"host":"localhost:8080","ssl":false}'
Chrome Headless 152.0.0.0 (Mac OS 10.15.7) LOG: 'Default DatabaseId: "(default)"'
  (Persistence=memory_lru_gc) Database
    ✔ rejects subsequent method calls after terminate() is called
    ✔ can call terminate() multiple times
    ✖ maintains persistence after restarting app (skipped)
    ✖ can clear persistence if the client has been terminated (skipped)
    ✖ can clear persistence if the client has not been initialized (skipped)
TOTAL: 2 SUCCESS

Finished in 0.004 secs / 0.002 secs @ 05:40:15 GMT+0800 (Malaysia Time)

SUMMARY:
✔ 2 tests completed
ℹ 3 tests skipped
Done in 1.65s.
yarn run v1.22.22
(node:87804) [DEP0169] DeprecationWarning: `url.parse()` behavior is not standardized and prone to errors that have security implications. Use the WHATWG URL API instead. CVEs are not issued for `url.parse()` vulnerabilities.
(Use `node --trace-deprecation ...` to show where the warning was created)
$ /private/tmp/fireside-phase2-oracles.EJXGdU/firebase-js-sdk/node_modules/.bin/karma start /Users/sanjevirau/Desktop/fireside/conformance/src/webchannel/firebase-js-sdk-karma.conf.cjs --single-run --grep '(?:^\(Persistence=indexeddb\) Database (?:(?:rejects subsequent method calls after terminate\(\) is called(?= |$)|can call terminate\(\) multiple times(?= |$)|maintains persistence after restarting app(?= |$)|can clear persistence if the client has been terminated(?= |$)|can clear persistence if the client has not been initialized(?= |$))))'
The 'BROWSERS' environment variable is undefined. Defaulting to 'ChromeHeadless'.
webpack was not included as a framework in karma configuration, setting this automatically...

START:
(node:87823) [DEP0060] DeprecationWarning: The `util._extend` API is deprecated. Please use Object.assign() instead.
(Use `node --trace-deprecation ...` to show where the warning was created)
[32m02 09 2026 05:40:15.957:INFO [karma-server]: [39mKarma v6.4.4 server started at http://localhost:8089/
[32m02 09 2026 05:40:15.959:INFO [launcher]: [39mLaunching browsers ChromeHeadless with concurrency unlimited
[32m02 09 2026 05:40:15.961:INFO [launcher]: [39mStarting browser ChromeHeadless
[32m02 09 2026 05:40:16.825:INFO [Chrome Headless 152.0.0.0 (Mac OS 10.15.7)]: [39mConnected on socket jn7QCfkY5o74vvZEAAAB with id 84301596
Chrome Headless 152.0.0.0 (Mac OS 10.15.7) LOG: 'Default Settings: {"host":"localhost:8080","ssl":false}'
Chrome Headless 152.0.0.0 (Mac OS 10.15.7) LOG: 'Default DatabaseId: "(default)"'
  (Persistence=indexeddb) Database
    ✔ rejects subsequent method calls after terminate() is called
    ✔ can call terminate() multiple times
WARN: '[2026-09-01T21:40:17.024Z]  @firebase/firestore:', 'Firestore (12.18.0): enableIndexedDbPersistence() will be deprecated in the future, you can use `FirestoreSettings.cache` instead.'
    ✔ maintains persistence after restarting app
WARN: '[2026-09-01T21:40:17.063Z]  @firebase/firestore:', 'Firestore (12.18.0): enableIndexedDbPersistence() will be deprecated in the future, you can use `FirestoreSettings.cache` instead.'
    ✔ can clear persistence if the client has been terminated
WARN: '[2026-09-01T21:40:17.114Z]  @firebase/firestore:', 'Firestore (12.18.0): enableIndexedDbPersistence() will be deprecated in the future, you can use `FirestoreSettings.cache` instead.'
    ✔ can clear persistence if the client has not been initialized
TOTAL: 5 SUCCESS

Finished in 0.173 secs / 0.171 secs @ 05:40:17 GMT+0800 (Malaysia Time)

SUMMARY:
✔ 5 tests completed
Done in 1.86s.
yarn run v1.22.22
(node:87866) [DEP0169] DeprecationWarning: `url.parse()` behavior is not standardized and prone to errors that have security implications. Use the WHATWG URL API instead. CVEs are not issued for `url.parse()` vulnerabilities.
(Use `node --trace-deprecation ...` to show where the warning was created)
$ /private/tmp/fireside-phase2-oracles.EJXGdU/firebase-js-sdk/node_modules/.bin/karma start /Users/sanjevirau/Desktop/fireside/conformance/src/webchannel/firebase-js-sdk-karma.conf.cjs --single-run --grep '(?:^\(Persistence=memory_lru_gc\) Database (?:(?:cannot clear persistence if the client has been initialized(?= |$)|can get documents while offline(?= |$)|can enable and disable networking(?= |$)|can start a new instance after shut down(?= |$)|new operation after termination should throw(?= |$))))'
The 'BROWSERS' environment variable is undefined. Defaulting to 'ChromeHeadless'.
webpack was not included as a framework in karma configuration, setting this automatically...

START:
(node:87867) [DEP0060] DeprecationWarning: The `util._extend` API is deprecated. Please use Object.assign() instead.
(Use `node --trace-deprecation ...` to show where the warning was created)
[32m02 09 2026 05:40:17.914:INFO [karma-server]: [39mKarma v6.4.4 server started at http://localhost:8089/
[32m02 09 2026 05:40:17.915:INFO [launcher]: [39mLaunching browsers ChromeHeadless with concurrency unlimited
[32m02 09 2026 05:40:17.918:INFO [launcher]: [39mStarting browser ChromeHeadless
[32m02 09 2026 05:40:18.870:INFO [Chrome Headless 152.0.0.0 (Mac OS 10.15.7)]: [39mConnected on socket msppE2IvgDlDupkPAAAB with id 48935436
Chrome Headless 152.0.0.0 (Mac OS 10.15.7) LOG: 'Default Settings: {"host":"localhost:8080","ssl":false}'
Chrome Headless 152.0.0.0 (Mac OS 10.15.7) LOG: 'Default DatabaseId: "(default)"'
  (Persistence=memory_lru_gc) Database
    ✖ cannot clear persistence if the client has been initialized (skipped)
    ✔ can get documents while offline
    ✔ can enable and disable networking
    ✔ can start a new instance after shut down
    ✔ new operation after termination should throw
TOTAL: 4 SUCCESS

Finished in 0.069 secs / 0.066 secs @ 05:40:19 GMT+0800 (Malaysia Time)

SUMMARY:
✔ 4 tests completed
ℹ 1 test skipped
Done in 1.82s.
yarn run v1.22.22
(node:87910) [DEP0169] DeprecationWarning: `url.parse()` behavior is not standardized and prone to errors that have security implications. Use the WHATWG URL API instead. CVEs are not issued for `url.parse()` vulnerabilities.
(Use `node --trace-deprecation ...` to show where the warning was created)
$ /private/tmp/fireside-phase2-oracles.EJXGdU/firebase-js-sdk/node_modules/.bin/karma start /Users/sanjevirau/Desktop/fireside/conformance/src/webchannel/firebase-js-sdk-karma.conf.cjs --single-run --grep '(?:^\(Persistence=indexeddb\) Database (?:(?:cannot clear persistence if the client has been initialized(?= |$)|can get documents while offline(?= |$)|can enable and disable networking(?= |$)|can start a new instance after shut down(?= |$)|new operation after termination should throw(?= |$))))'
The 'BROWSERS' environment variable is undefined. Defaulting to 'ChromeHeadless'.
webpack was not included as a framework in karma configuration, setting this automatically...

START:
(node:87911) [DEP0060] DeprecationWarning: The `util._extend` API is deprecated. Please use Object.assign() instead.
(Use `node --trace-deprecation ...` to show where the warning was created)
[32m02 09 2026 05:40:19.789:INFO [karma-server]: [39mKarma v6.4.4 server started at http://localhost:8089/
[32m02 09 2026 05:40:19.790:INFO [launcher]: [39mLaunching browsers ChromeHeadless with concurrency unlimited
[32m02 09 2026 05:40:19.791:INFO [launcher]: [39mStarting browser ChromeHeadless
[32m02 09 2026 05:40:20.720:INFO [Chrome Headless 152.0.0.0 (Mac OS 10.15.7)]: [39mConnected on socket ZtCoGldf0qHDxbgEAAAB with id 14763650
Chrome Headless 152.0.0.0 (Mac OS 10.15.7) LOG: 'Default Settings: {"host":"localhost:8080","ssl":false}'
Chrome Headless 152.0.0.0 (Mac OS 10.15.7) LOG: 'Default DatabaseId: "(default)"'
  (Persistence=indexeddb) Database
    ✔ cannot clear persistence if the client has been initialized
    ✔ can get documents while offline
    ✔ can enable and disable networking
    ✔ can start a new instance after shut down
    ✔ new operation after termination should throw
TOTAL: 5 SUCCESS

Finished in 0.162 secs / 0.161 secs @ 05:40:21 GMT+0800 (Malaysia Time)

SUMMARY:
✔ 5 tests completed
Done in 1.85s.
yarn run v1.22.22
(node:87972) [DEP0169] DeprecationWarning: `url.parse()` behavior is not standardized and prone to errors that have security implications. Use the WHATWG URL API instead. CVEs are not issued for `url.parse()` vulnerabilities.
(Use `node --trace-deprecation ...` to show where the warning was created)
$ /private/tmp/fireside-phase2-oracles.EJXGdU/firebase-js-sdk/node_modules/.bin/karma start /Users/sanjevirau/Desktop/fireside/conformance/src/webchannel/firebase-js-sdk-karma.conf.cjs --single-run --grep '(?:^\(Persistence=memory_lru_gc\) Database (?:(?:calling terminate multiple times should proceed(?= |$)|can unlisten queries after termination(?= |$)|can query after firestore restart(?= |$)|query listener throws error on termination(?= |$)|can wait for pending writes(?= |$))))'
The 'BROWSERS' environment variable is undefined. Defaulting to 'ChromeHeadless'.
webpack was not included as a framework in karma configuration, setting this automatically...

START:
(node:87973) [DEP0060] DeprecationWarning: The `util._extend` API is deprecated. Please use Object.assign() instead.
(Use `node --trace-deprecation ...` to show where the warning was created)
[32m02 09 2026 05:40:21.746:INFO [karma-server]: [39mKarma v6.4.4 server started at http://localhost:8089/
[32m02 09 2026 05:40:21.748:INFO [launcher]: [39mLaunching browsers ChromeHeadless with concurrency unlimited
[32m02 09 2026 05:40:21.750:INFO [launcher]: [39mStarting browser ChromeHeadless
[32m02 09 2026 05:40:22.662:INFO [Chrome Headless 152.0.0.0 (Mac OS 10.15.7)]: [39mConnected on socket Vam97_7wY8nnqzuzAAAB with id 94811968
Chrome Headless 152.0.0.0 (Mac OS 10.15.7) LOG: 'Default Settings: {"host":"localhost:8080","ssl":false}'
Chrome Headless 152.0.0.0 (Mac OS 10.15.7) LOG: 'Default DatabaseId: "(default)"'
ERROR: '[2026-09-01T21:40:22.820Z]  @firebase/firestore:', 'Firestore (12.18.0): Uncaught Error in snapshot listener:', 'FirebaseError: [code=aborted]: Firestore shutting down'
  (Persistence=memory_lru_gc) Database
    ✔ calling terminate multiple times should proceed
    ✔ can unlisten queries after termination
    ✔ can query after firestore restart
    ✔ query listener throws error on termination
    ✔ can wait for pending writes
TOTAL: 5 SUCCESS

Finished in 0.067 secs / 0.064 secs @ 05:40:22 GMT+0800 (Malaysia Time)

SUMMARY:
✔ 5 tests completed
Done in 1.75s.
yarn run v1.22.22
(node:88016) [DEP0169] DeprecationWarning: `url.parse()` behavior is not standardized and prone to errors that have security implications. Use the WHATWG URL API instead. CVEs are not issued for `url.parse()` vulnerabilities.
(Use `node --trace-deprecation ...` to show where the warning was created)
$ /private/tmp/fireside-phase2-oracles.EJXGdU/firebase-js-sdk/node_modules/.bin/karma start /Users/sanjevirau/Desktop/fireside/conformance/src/webchannel/firebase-js-sdk-karma.conf.cjs --single-run --grep '(?:^\(Persistence=indexeddb\) Database (?:(?:calling terminate multiple times should proceed(?= |$)|can unlisten queries after termination(?= |$)|can query after firestore restart(?= |$)|query listener throws error on termination(?= |$)|can wait for pending writes(?= |$))))'
The 'BROWSERS' environment variable is undefined. Defaulting to 'ChromeHeadless'.
webpack was not included as a framework in karma configuration, setting this automatically...

START:
(node:88017) [DEP0060] DeprecationWarning: The `util._extend` API is deprecated. Please use Object.assign() instead.
(Use `node --trace-deprecation ...` to show where the warning was created)
[32m02 09 2026 05:40:23.584:INFO [karma-server]: [39mKarma v6.4.4 server started at http://localhost:8089/
[32m02 09 2026 05:40:23.585:INFO [launcher]: [39mLaunching browsers ChromeHeadless with concurrency unlimited
[32m02 09 2026 05:40:23.587:INFO [launcher]: [39mStarting browser ChromeHeadless
[32m02 09 2026 05:40:24.515:INFO [Chrome Headless 152.0.0.0 (Mac OS 10.15.7)]: [39mConnected on socket sA-IOhYD67-SsFM1AAAB with id 88437835
Chrome Headless 152.0.0.0 (Mac OS 10.15.7) LOG: 'Default Settings: {"host":"localhost:8080","ssl":false}'
Chrome Headless 152.0.0.0 (Mac OS 10.15.7) LOG: 'Default DatabaseId: "(default)"'
ERROR: '[2026-09-01T21:40:24.680Z]  @firebase/firestore:', 'Firestore (12.18.0): Uncaught Error in snapshot listener:', 'FirebaseError: [code=aborted]: Firestore shutting down'
  (Persistence=indexeddb) Database
    ✔ calling terminate multiple times should proceed
    ✔ can unlisten queries after termination
    ✔ can query after firestore restart
    ✔ query listener throws error on termination
    ✔ can wait for pending writes
TOTAL: 5 SUCCESS

Finished in 0.152 secs / 0.149 secs @ 05:40:24 GMT+0800 (Malaysia Time)

SUMMARY:
✔ 5 tests completed
Done in 1.82s.
yarn run v1.22.22
(node:88060) [DEP0169] DeprecationWarning: `url.parse()` behavior is not standardized and prone to errors that have security implications. Use the WHATWG URL API instead. CVEs are not issued for `url.parse()` vulnerabilities.
(Use `node --trace-deprecation ...` to show where the warning was created)
$ /private/tmp/fireside-phase2-oracles.EJXGdU/firebase-js-sdk/node_modules/.bin/karma start /Users/sanjevirau/Desktop/fireside/conformance/src/webchannel/firebase-js-sdk-karma.conf.cjs --single-run --grep '(?:^\(Persistence=memory_lru_gc\) Database (?:(?:waiting for pending writes resolves immediately when offline and no pending writes(?= |$)|\(Persistence=(?:memory_lru_gc|indexeddb)\) withConverter\(\) support(?= |$)|can set and get data with auto detect long polling enabled(?= |$)|can keep docs separate with multi-db when online(?= |$)|can keep docs separate with multi-db when offline(?= |$))))'
The 'BROWSERS' environment variable is undefined. Defaulting to 'ChromeHeadless'.
webpack was not included as a framework in karma configuration, setting this automatically...

START:
(node:88061) [DEP0060] DeprecationWarning: The `util._extend` API is deprecated. Please use Object.assign() instead.
(Use `node --trace-deprecation ...` to show where the warning was created)
[32m02 09 2026 05:40:25.494:INFO [karma-server]: [39mKarma v6.4.4 server started at http://localhost:8089/
[32m02 09 2026 05:40:25.495:INFO [launcher]: [39mLaunching browsers ChromeHeadless with concurrency unlimited
[32m02 09 2026 05:40:25.498:INFO [launcher]: [39mStarting browser ChromeHeadless
[32m02 09 2026 05:40:26.447:INFO [Chrome Headless 152.0.0.0 (Mac OS 10.15.7)]: [39mConnected on socket RRrLurKV3tdlidhSAAAB with id 3968877
Chrome Headless 152.0.0.0 (Mac OS 10.15.7) LOG: 'Default Settings: {"host":"localhost:8080","ssl":false}'
Chrome Headless 152.0.0.0 (Mac OS 10.15.7) LOG: 'Default DatabaseId: "(default)"'
  (Persistence=memory_lru_gc) Database
    ✔ waiting for pending writes resolves immediately when offline and no pending writes
    ✖ can set and get data with auto detect long polling enabled (skipped)
    ✔ can keep docs separate with multi-db when online
    ✔ can keep docs separate with multi-db when offline
    (Persistence=memory_lru_gc) withConverter() support
      ✔ for DocumentReference.withConverter()
      ✔ for DocumentReference.withConverter(null) 
      ✔ for CollectionReference.withConverter()
      ✔ for CollectionReference.withConverter(null)
      ✔ for Query.withConverter()
      ✔ for Query.withConverter(null)
      ✔ requires the correct converter for Partial usage
      ✔ WriteBatch.set() supports partials with merge
      ✔ WriteBatch.set() supports partials with mergeFields
      ✔ Transaction.set() supports partials with merge
      ✔ Transaction.set() supports partials with mergeFields
      ✔ DocumentReference.set() supports partials with merge
      ✔ DocumentReference.set() supports partials with mergeFields
      ✔ calls DocumentSnapshot.data() with specified SnapshotOptions
      ✔ drops the converter when calling CollectionReference<T>.parent()
      ✔ checks converter when comparing with isEqual()
      ✔ Correct snapshot specified to fromFirestore() when registered with DocumentReference
      ✔ Correct snapshot specified to fromFirestore() when registered with CollectionReference
      ✔ Correct snapshot specified to fromFirestore() when registered with Query
      ✔ DocumentReference.withConverter() default DbModelType
      ✔ CollectionReference.withConverter() default DbModelType
      ✔ Query.withConverter() default DbModelType
    (Persistence=indexeddb) withConverter() support
      ✔ for DocumentReference.withConverter()
      ✔ for DocumentReference.withConverter(null) 
      ✔ for CollectionReference.withConverter()
      ✔ for CollectionReference.withConverter(null)
      ✔ for Query.withConverter()
      ✔ for Query.withConverter(null)
      ✔ requires the correct converter for Partial usage
      ✔ WriteBatch.set() supports partials with merge
      ✔ WriteBatch.set() supports partials with mergeFields
      ✔ Transaction.set() supports partials with merge
      ✔ Transaction.set() supports partials with mergeFields
      ✔ DocumentReference.set() supports partials with merge
      ✔ DocumentReference.set() supports partials with mergeFields
      ✔ calls DocumentSnapshot.data() with specified SnapshotOptions
      ✔ drops the converter when calling CollectionReference<T>.parent()
      ✔ checks converter when comparing with isEqual()
      ✔ Correct snapshot specified to fromFirestore() when registered with DocumentReference
      ✔ Correct snapshot specified to fromFirestore() when registered with CollectionReference
      ✔ Correct snapshot specified to fromFirestore() when registered with Query
      ✔ DocumentReference.withConverter() default DbModelType
      ✔ CollectionReference.withConverter() default DbModelType
      ✔ Query.withConverter() default DbModelType
TOTAL: 47 SUCCESS

Finished in 1.578 secs / 1.564 secs @ 05:40:28 GMT+0800 (Malaysia Time)

SUMMARY:
✔ 47 tests completed
ℹ 1 test skipped
Done in 3.28s.
yarn run v1.22.22
(node:88140) [DEP0169] DeprecationWarning: `url.parse()` behavior is not standardized and prone to errors that have security implications. Use the WHATWG URL API instead. CVEs are not issued for `url.parse()` vulnerabilities.
(Use `node --trace-deprecation ...` to show where the warning was created)
$ /private/tmp/fireside-phase2-oracles.EJXGdU/firebase-js-sdk/node_modules/.bin/karma start /Users/sanjevirau/Desktop/fireside/conformance/src/webchannel/firebase-js-sdk-karma.conf.cjs --single-run --grep '(?:^\(Persistence=indexeddb\) Database (?:(?:waiting for pending writes resolves immediately when offline and no pending writes(?= |$)|\(Persistence=(?:memory_lru_gc|indexeddb)\) withConverter\(\) support(?= |$)|can set and get data with auto detect long polling enabled(?= |$)|can keep docs separate with multi-db when online(?= |$)|can keep docs separate with multi-db when offline(?= |$))))'
The 'BROWSERS' environment variable is undefined. Defaulting to 'ChromeHeadless'.
webpack was not included as a framework in karma configuration, setting this automatically...

START:
(node:88141) [DEP0060] DeprecationWarning: The `util._extend` API is deprecated. Please use Object.assign() instead.
(Use `node --trace-deprecation ...` to show where the warning was created)
[32m02 09 2026 05:40:28.877:INFO [karma-server]: [39mKarma v6.4.4 server started at http://localhost:8089/
[32m02 09 2026 05:40:28.878:INFO [launcher]: [39mLaunching browsers ChromeHeadless with concurrency unlimited
[32m02 09 2026 05:40:28.880:INFO [launcher]: [39mStarting browser ChromeHeadless
[32m02 09 2026 05:40:29.813:INFO [Chrome Headless 152.0.0.0 (Mac OS 10.15.7)]: [39mConnected on socket sqSFnFM4vrRQ0m2WAAAB with id 29434240
Chrome Headless 152.0.0.0 (Mac OS 10.15.7) LOG: 'Default Settings: {"host":"localhost:8080","ssl":false}'
Chrome Headless 152.0.0.0 (Mac OS 10.15.7) LOG: 'Default DatabaseId: "(default)"'
  (Persistence=indexeddb) Database
    ✔ waiting for pending writes resolves immediately when offline and no pending writes
    ✖ can set and get data with auto detect long polling enabled (skipped)
    ✔ can keep docs separate with multi-db when online
    ✔ can keep docs separate with multi-db when offline
    (Persistence=memory_lru_gc) withConverter() support
      ✔ for DocumentReference.withConverter()
      ✔ for DocumentReference.withConverter(null) 
      ✔ for CollectionReference.withConverter()
      ✔ for CollectionReference.withConverter(null)
      ✔ for Query.withConverter()
      ✔ for Query.withConverter(null)
      ✔ requires the correct converter for Partial usage
      ✔ WriteBatch.set() supports partials with merge
      ✔ WriteBatch.set() supports partials with mergeFields
      ✔ Transaction.set() supports partials with merge
      ✔ Transaction.set() supports partials with mergeFields
      ✔ DocumentReference.set() supports partials with merge
      ✔ DocumentReference.set() supports partials with mergeFields
      ✔ calls DocumentSnapshot.data() with specified SnapshotOptions
      ✔ drops the converter when calling CollectionReference<T>.parent()
      ✔ checks converter when comparing with isEqual()
      ✔ Correct snapshot specified to fromFirestore() when registered with DocumentReference
      ✔ Correct snapshot specified to fromFirestore() when registered with CollectionReference
      ✔ Correct snapshot specified to fromFirestore() when registered with Query
      ✔ DocumentReference.withConverter() default DbModelType
      ✔ CollectionReference.withConverter() default DbModelType
      ✔ Query.withConverter() default DbModelType
    (Persistence=indexeddb) withConverter() support
      ✔ for DocumentReference.withConverter()
      ✔ for DocumentReference.withConverter(null) 
      ✔ for CollectionReference.withConverter()
      ✔ for CollectionReference.withConverter(null)
      ✔ for Query.withConverter()
      ✔ for Query.withConverter(null)
      ✔ requires the correct converter for Partial usage
      ✔ WriteBatch.set() supports partials with merge
      ✔ WriteBatch.set() supports partials with mergeFields
      ✔ Transaction.set() supports partials with merge
      ✔ Transaction.set() supports partials with mergeFields
      ✔ DocumentReference.set() supports partials with merge
      ✔ DocumentReference.set() supports partials with mergeFields
      ✔ calls DocumentSnapshot.data() with specified SnapshotOptions
      ✔ drops the converter when calling CollectionReference<T>.parent()
      ✔ checks converter when comparing with isEqual()
      ✔ Correct snapshot specified to fromFirestore() when registered with DocumentReference
      ✔ Correct snapshot specified to fromFirestore() when registered with CollectionReference
      ✔ Correct snapshot specified to fromFirestore() when registered with Query
      ✔ DocumentReference.withConverter() default DbModelType
      ✔ CollectionReference.withConverter() default DbModelType
      ✔ Query.withConverter() default DbModelType
TOTAL: 47 SUCCESS

Finished in 1.699 secs / 1.682 secs @ 05:40:31 GMT+0800 (Malaysia Time)

SUMMARY:
✔ 47 tests completed
ℹ 1 test skipped
Done in 3.41s.
yarn run v1.22.22
(node:88194) [DEP0169] DeprecationWarning: `url.parse()` behavior is not standardized and prone to errors that have security implications. Use the WHATWG URL API instead. CVEs are not issued for `url.parse()` vulnerabilities.
(Use `node --trace-deprecation ...` to show where the warning was created)
$ /private/tmp/fireside-phase2-oracles.EJXGdU/firebase-js-sdk/node_modules/.bin/karma start /Users/sanjevirau/Desktop/fireside/conformance/src/webchannel/firebase-js-sdk-karma.conf.cjs --single-run --grep '(?:^\(Persistence=memory_lru_gc\) Database (?:(?:Cannot get document from cache with eager GC enabled\.(?= |$)|Can get document from cache with Lru GC enabled\.(?= |$)|Lru GC is enabled by default\.(?= |$)|sort documents by DocumentId(?= |$)|Sort unicode strings(?= |$))))'
The 'BROWSERS' environment variable is undefined. Defaulting to 'ChromeHeadless'.
webpack was not included as a framework in karma configuration, setting this automatically...

START:
(node:88195) [DEP0060] DeprecationWarning: The `util._extend` API is deprecated. Please use Object.assign() instead.
(Use `node --trace-deprecation ...` to show where the warning was created)
[32m02 09 2026 05:40:32.400:INFO [karma-server]: [39mKarma v6.4.4 server started at http://localhost:8089/
[32m02 09 2026 05:40:32.402:INFO [launcher]: [39mLaunching browsers ChromeHeadless with concurrency unlimited
[32m02 09 2026 05:40:32.404:INFO [launcher]: [39mStarting browser ChromeHeadless
[32m02 09 2026 05:40:33.456:INFO [Chrome Headless 152.0.0.0 (Mac OS 10.15.7)]: [39mConnected on socket eii7QNZ6UpS2ZmytAAAB with id 37421723
Chrome Headless 152.0.0.0 (Mac OS 10.15.7) LOG: 'Default Settings: {"host":"localhost:8080","ssl":false}'
Chrome Headless 152.0.0.0 (Mac OS 10.15.7) LOG: 'Default DatabaseId: "(default)"'
  (Persistence=memory_lru_gc) Database
    ✔ Cannot get document from cache with eager GC enabled.
    ✔ Can get document from cache with Lru GC enabled.
    ✔ Lru GC is enabled by default.
    sort documents by DocumentId
      ✔ snapshot listener sorts query by DocumentId same way as get query
      ✔ snapshot listener sorts filtered query by DocumentId same way as get query
      offline
        ✔ SDK orders query the same way online and offline
    Sort unicode strings
      ✔ snapshot listener sorts unicode strings the same as server
      ✔ snapshot listener sorts unicode strings in array the same  as server
      ✔ snapshot listener sorts unicode strings in map the same as server
      ✔ snapshot listener sorts unicode strings in map key the same as server
      ✔ snapshot listener sorts unicode strings in document key the same as server
      ✔ snapshot listener sorts unicode strings in document key the same as server with persistence
TOTAL: 12 SUCCESS

Finished in 1.316 secs / 1.307 secs @ 05:40:34 GMT+0800 (Malaysia Time)

SUMMARY:
✔ 12 tests completed
Done in 3.21s.
yarn run v1.22.22
(node:88260) [DEP0169] DeprecationWarning: `url.parse()` behavior is not standardized and prone to errors that have security implications. Use the WHATWG URL API instead. CVEs are not issued for `url.parse()` vulnerabilities.
(Use `node --trace-deprecation ...` to show where the warning was created)
$ /private/tmp/fireside-phase2-oracles.EJXGdU/firebase-js-sdk/node_modules/.bin/karma start /Users/sanjevirau/Desktop/fireside/conformance/src/webchannel/firebase-js-sdk-karma.conf.cjs --single-run --grep '(?:^\(Persistence=indexeddb\) Database (?:(?:Cannot get document from cache with eager GC enabled\.(?= |$)|Can get document from cache with Lru GC enabled\.(?= |$)|Lru GC is enabled by default\.(?= |$)|sort documents by DocumentId(?= |$)|Sort unicode strings(?= |$))))'
The 'BROWSERS' environment variable is undefined. Defaulting to 'ChromeHeadless'.
webpack was not included as a framework in karma configuration, setting this automatically...

START:
(node:88261) [DEP0060] DeprecationWarning: The `util._extend` API is deprecated. Please use Object.assign() instead.
(Use `node --trace-deprecation ...` to show where the warning was created)
[32m02 09 2026 05:40:35.712:INFO [karma-server]: [39mKarma v6.4.4 server started at http://localhost:8089/
[32m02 09 2026 05:40:35.713:INFO [launcher]: [39mLaunching browsers ChromeHeadless with concurrency unlimited
[32m02 09 2026 05:40:35.716:INFO [launcher]: [39mStarting browser ChromeHeadless
[32m02 09 2026 05:40:36.695:INFO [Chrome Headless 152.0.0.0 (Mac OS 10.15.7)]: [39mConnected on socket MSgQJPE5X4N2HzFbAAAB with id 76734865
Chrome Headless 152.0.0.0 (Mac OS 10.15.7) LOG: 'Default Settings: {"host":"localhost:8080","ssl":false}'
Chrome Headless 152.0.0.0 (Mac OS 10.15.7) LOG: 'Default DatabaseId: "(default)"'
  (Persistence=indexeddb) Database
    ✔ Cannot get document from cache with eager GC enabled.
    ✔ Can get document from cache with Lru GC enabled.
    ✔ Lru GC is enabled by default.
    sort documents by DocumentId
      ✔ snapshot listener sorts query by DocumentId same way as get query
      ✔ snapshot listener sorts filtered query by DocumentId same way as get query
      offline
        ✔ SDK orders query the same way online and offline
    Sort unicode strings
      ✔ snapshot listener sorts unicode strings the same as server
      ✔ snapshot listener sorts unicode strings in array the same  as server
      ✔ snapshot listener sorts unicode strings in map the same as server
      ✔ snapshot listener sorts unicode strings in map key the same as server
      ✔ snapshot listener sorts unicode strings in document key the same as server
      ✖ snapshot listener sorts unicode strings in document key the same as server with persistence (skipped)
TOTAL: 11 SUCCESS

Finished in 0.875 secs / 0.87 secs @ 05:40:37 GMT+0800 (Malaysia Time)

SUMMARY:
✔ 11 tests completed
ℹ 1 test skipped
Done in 2.61s.
yarn run v1.22.22
(node:88309) [DEP0169] DeprecationWarning: `url.parse()` behavior is not standardized and prone to errors that have security implications. Use the WHATWG URL API instead. CVEs are not issued for `url.parse()` vulnerabilities.
(Use `node --trace-deprecation ...` to show where the warning was created)
$ /private/tmp/fireside-phase2-oracles.EJXGdU/firebase-js-sdk/node_modules/.bin/karma start /Users/sanjevirau/Desktop/fireside/conformance/src/webchannel/firebase-js-sdk-karma.conf.cjs --single-run --grep '(?:^\(Persistence=memory_lru_gc\) Nested Fields(?= |$))'
The 'BROWSERS' environment variable is undefined. Defaulting to 'ChromeHeadless'.
webpack was not included as a framework in karma configuration, setting this automatically...

START:
(node:88310) [DEP0060] DeprecationWarning: The `util._extend` API is deprecated. Please use Object.assign() instead.
(Use `node --trace-deprecation ...` to show where the warning was created)
[32m02 09 2026 05:40:38.379:INFO [karma-server]: [39mKarma v6.4.4 server started at http://localhost:8089/
[32m02 09 2026 05:40:38.380:INFO [launcher]: [39mLaunching browsers ChromeHeadless with concurrency unlimited
[32m02 09 2026 05:40:38.382:INFO [launcher]: [39mStarting browser ChromeHeadless
[32m02 09 2026 05:40:39.284:INFO [Chrome Headless 152.0.0.0 (Mac OS 10.15.7)]: [39mConnected on socket VNGD92vyWcA4H2zJAAAB with id 84121578
Chrome Headless 152.0.0.0 (Mac OS 10.15.7) LOG: 'Default Settings: {"host":"localhost:8080","ssl":false}'
Chrome Headless 152.0.0.0 (Mac OS 10.15.7) LOG: 'Default DatabaseId: "(default)"'
  (Persistence=memory_lru_gc) Nested Fields
    ✔ can be written with set()
    ✔ can be read directly with .get(<string>)
    ✔ can be read directly with .get(<FieldPath>)
    ✔ can be updated with update(<string>)
    ✔ can be updated with update(<FieldPath>)
    ✔ can be used with query.where(<string>).
    ✔ can be used with query.where(<FieldPath>).
    ✔ can be used with query.orderBy(<string>).
    ✔ can be used with query.orderBy(<FieldPath>).
TOTAL: 9 SUCCESS

Finished in 0.294 secs / 0.289 secs @ 05:40:39 GMT+0800 (Malaysia Time)

SUMMARY:
✔ 9 tests completed
Done in 1.93s.
yarn run v1.22.22
(node:88370) [DEP0169] DeprecationWarning: `url.parse()` behavior is not standardized and prone to errors that have security implications. Use the WHATWG URL API instead. CVEs are not issued for `url.parse()` vulnerabilities.
(Use `node --trace-deprecation ...` to show where the warning was created)
$ /private/tmp/fireside-phase2-oracles.EJXGdU/firebase-js-sdk/node_modules/.bin/karma start /Users/sanjevirau/Desktop/fireside/conformance/src/webchannel/firebase-js-sdk-karma.conf.cjs --single-run --grep '(?:^\(Persistence=indexeddb\) Nested Fields(?= |$))'
The 'BROWSERS' environment variable is undefined. Defaulting to 'ChromeHeadless'.
webpack was not included as a framework in karma configuration, setting this automatically...

START:
(node:88371) [DEP0060] DeprecationWarning: The `util._extend` API is deprecated. Please use Object.assign() instead.
(Use `node --trace-deprecation ...` to show where the warning was created)
[32m02 09 2026 05:40:40.414:INFO [karma-server]: [39mKarma v6.4.4 server started at http://localhost:8089/
[32m02 09 2026 05:40:40.415:INFO [launcher]: [39mLaunching browsers ChromeHeadless with concurrency unlimited
[32m02 09 2026 05:40:40.417:INFO [launcher]: [39mStarting browser ChromeHeadless
[32m02 09 2026 05:40:41.315:INFO [Chrome Headless 152.0.0.0 (Mac OS 10.15.7)]: [39mConnected on socket f1Jlt5LZzPNpwhWmAAAB with id 96854330
Chrome Headless 152.0.0.0 (Mac OS 10.15.7) LOG: 'Default Settings: {"host":"localhost:8080","ssl":false}'
Chrome Headless 152.0.0.0 (Mac OS 10.15.7) LOG: 'Default DatabaseId: "(default)"'
  (Persistence=indexeddb) Nested Fields
    ✔ can be written with set()
    ✔ can be read directly with .get(<string>)
    ✔ can be read directly with .get(<FieldPath>)
    ✔ can be updated with update(<string>)
    ✔ can be updated with update(<FieldPath>)
    ✔ can be used with query.where(<string>).
    ✔ can be used with query.where(<FieldPath>).
    ✔ can be used with query.orderBy(<string>).
    ✔ can be used with query.orderBy(<FieldPath>).
TOTAL: 9 SUCCESS

Finished in 0.538 secs / 0.534 secs @ 05:40:41 GMT+0800 (Malaysia Time)

SUMMARY:
✔ 9 tests completed
Done in 2.19s.
yarn run v1.22.22
(node:88414) [DEP0169] DeprecationWarning: `url.parse()` behavior is not standardized and prone to errors that have security implications. Use the WHATWG URL API instead. CVEs are not issued for `url.parse()` vulnerabilities.
(Use `node --trace-deprecation ...` to show where the warning was created)
$ /private/tmp/fireside-phase2-oracles.EJXGdU/firebase-js-sdk/node_modules/.bin/karma start /Users/sanjevirau/Desktop/fireside/conformance/src/webchannel/firebase-js-sdk-karma.conf.cjs --single-run --grep '(?:^\(Persistence=memory_lru_gc\) Fields with special characters(?= |$))'
The 'BROWSERS' environment variable is undefined. Defaulting to 'ChromeHeadless'.
webpack was not included as a framework in karma configuration, setting this automatically...

START:
(node:88416) [DEP0060] DeprecationWarning: The `util._extend` API is deprecated. Please use Object.assign() instead.
(Use `node --trace-deprecation ...` to show where the warning was created)
[32m02 09 2026 05:40:42.704:INFO [karma-server]: [39mKarma v6.4.4 server started at http://localhost:8089/
[32m02 09 2026 05:40:42.705:INFO [launcher]: [39mLaunching browsers ChromeHeadless with concurrency unlimited
[32m02 09 2026 05:40:42.707:INFO [launcher]: [39mStarting browser ChromeHeadless
[32m02 09 2026 05:40:43.597:INFO [Chrome Headless 152.0.0.0 (Mac OS 10.15.7)]: [39mConnected on socket xv4jNCEHaRq9ueqVAAAB with id 96343504
Chrome Headless 152.0.0.0 (Mac OS 10.15.7) LOG: 'Default Settings: {"host":"localhost:8080","ssl":false}'
Chrome Headless 152.0.0.0 (Mac OS 10.15.7) LOG: 'Default DatabaseId: "(default)"'
  (Persistence=memory_lru_gc) Fields with special characters
    ✔ can be written with set()
    ✔ can be read directly with .data(<field>)
    ✔ can be updated with update()
    ✔ can be used in query filters.
    ✔ can be used in a query orderBy.
TOTAL: 5 SUCCESS

Finished in 0.192 secs / 0.189 secs @ 05:40:43 GMT+0800 (Malaysia Time)

SUMMARY:
✔ 5 tests completed
Done in 1.84s.
yarn run v1.22.22
(node:88481) [DEP0169] DeprecationWarning: `url.parse()` behavior is not standardized and prone to errors that have security implications. Use the WHATWG URL API instead. CVEs are not issued for `url.parse()` vulnerabilities.
(Use `node --trace-deprecation ...` to show where the warning was created)
$ /private/tmp/fireside-phase2-oracles.EJXGdU/firebase-js-sdk/node_modules/.bin/karma start /Users/sanjevirau/Desktop/fireside/conformance/src/webchannel/firebase-js-sdk-karma.conf.cjs --single-run --grep '(?:^\(Persistence=indexeddb\) Fields with special characters(?= |$))'
The 'BROWSERS' environment variable is undefined. Defaulting to 'ChromeHeadless'.
webpack was not included as a framework in karma configuration, setting this automatically...

START:
(node:88482) [DEP0060] DeprecationWarning: The `util._extend` API is deprecated. Please use Object.assign() instead.
(Use `node --trace-deprecation ...` to show where the warning was created)
[32m02 09 2026 05:40:44.637:INFO [karma-server]: [39mKarma v6.4.4 server started at http://localhost:8089/
[32m02 09 2026 05:40:44.638:INFO [launcher]: [39mLaunching browsers ChromeHeadless with concurrency unlimited
[32m02 09 2026 05:40:44.640:INFO [launcher]: [39mStarting browser ChromeHeadless
[32m02 09 2026 05:40:45.568:INFO [Chrome Headless 152.0.0.0 (Mac OS 10.15.7)]: [39mConnected on socket TXaD7cyHd7ydjHa0AAAB with id 41149611
Chrome Headless 152.0.0.0 (Mac OS 10.15.7) LOG: 'Default Settings: {"host":"localhost:8080","ssl":false}'
Chrome Headless 152.0.0.0 (Mac OS 10.15.7) LOG: 'Default DatabaseId: "(default)"'
  (Persistence=indexeddb) Fields with special characters
    ✔ can be written with set()
    ✔ can be read directly with .data(<field>)
    ✔ can be updated with update()
    ✔ can be used in query filters.
    ✔ can be used in a query orderBy.
TOTAL: 5 SUCCESS

Finished in 0.34 secs / 0.337 secs @ 05:40:46 GMT+0800 (Malaysia Time)

SUMMARY:
✔ 5 tests completed
Done in 2.02s.
yarn run v1.22.22
(node:88524) [DEP0169] DeprecationWarning: `url.parse()` behavior is not standardized and prone to errors that have security implications. Use the WHATWG URL API instead. CVEs are not issued for `url.parse()` vulnerabilities.
(Use `node --trace-deprecation ...` to show where the warning was created)
$ /private/tmp/fireside-phase2-oracles.EJXGdU/firebase-js-sdk/node_modules/.bin/karma start /Users/sanjevirau/Desktop/fireside/conformance/src/webchannel/firebase-js-sdk-karma.conf.cjs --single-run --grep '(?:^\(Persistence=memory_lru_gc\) Timestamp Fields in snapshots(?= |$))'
The 'BROWSERS' environment variable is undefined. Defaulting to 'ChromeHeadless'.
webpack was not included as a framework in karma configuration, setting this automatically...

START:
(node:88525) [DEP0060] DeprecationWarning: The `util._extend` API is deprecated. Please use Object.assign() instead.
(Use `node --trace-deprecation ...` to show where the warning was created)
[32m02 09 2026 05:40:46.759:INFO [karma-server]: [39mKarma v6.4.4 server started at http://localhost:8089/
[32m02 09 2026 05:40:46.760:INFO [launcher]: [39mLaunching browsers ChromeHeadless with concurrency unlimited
[32m02 09 2026 05:40:46.762:INFO [launcher]: [39mStarting browser ChromeHeadless
[32m02 09 2026 05:40:47.656:INFO [Chrome Headless 152.0.0.0 (Mac OS 10.15.7)]: [39mConnected on socket XBKneTB2KF4H5tepAAAB with id 57239404
Chrome Headless 152.0.0.0 (Mac OS 10.15.7) LOG: 'Default Settings: {"host":"localhost:8080","ssl":false}'
Chrome Headless 152.0.0.0 (Mac OS 10.15.7) LOG: 'Default DatabaseId: "(default)"'
  (Persistence=memory_lru_gc) Timestamp Fields in snapshots
    ✔ are returned as Timestamps
TOTAL: 1 SUCCESS

Finished in 0.05 secs / 0.048 secs @ 05:40:47 GMT+0800 (Malaysia Time)

SUMMARY:
✔ 1 test completed
Done in 1.71s.
yarn run v1.22.22
(node:88562) [DEP0169] DeprecationWarning: `url.parse()` behavior is not standardized and prone to errors that have security implications. Use the WHATWG URL API instead. CVEs are not issued for `url.parse()` vulnerabilities.
(Use `node --trace-deprecation ...` to show where the warning was created)
$ /private/tmp/fireside-phase2-oracles.EJXGdU/firebase-js-sdk/node_modules/.bin/karma start /Users/sanjevirau/Desktop/fireside/conformance/src/webchannel/firebase-js-sdk-karma.conf.cjs --single-run --grep '(?:^\(Persistence=indexeddb\) Timestamp Fields in snapshots(?= |$))'
The 'BROWSERS' environment variable is undefined. Defaulting to 'ChromeHeadless'.
webpack was not included as a framework in karma configuration, setting this automatically...

START:
(node:88563) [DEP0060] DeprecationWarning: The `util._extend` API is deprecated. Please use Object.assign() instead.
(Use `node --trace-deprecation ...` to show where the warning was created)
[32m02 09 2026 05:40:48.571:INFO [karma-server]: [39mKarma v6.4.4 server started at http://localhost:8089/
[32m02 09 2026 05:40:48.573:INFO [launcher]: [39mLaunching browsers ChromeHeadless with concurrency unlimited
[32m02 09 2026 05:40:48.575:INFO [launcher]: [39mStarting browser ChromeHeadless
[32m02 09 2026 05:40:49.501:INFO [Chrome Headless 152.0.0.0 (Mac OS 10.15.7)]: [39mConnected on socket GhLNgBp-eBRb6gz6AAAB with id 30145069
Chrome Headless 152.0.0.0 (Mac OS 10.15.7) LOG: 'Default Settings: {"host":"localhost:8080","ssl":false}'
Chrome Headless 152.0.0.0 (Mac OS 10.15.7) LOG: 'Default DatabaseId: "(default)"'
  (Persistence=indexeddb) Timestamp Fields in snapshots
    ✔ are returned as Timestamps
TOTAL: 1 SUCCESS

Finished in 0.087 secs / 0.085 secs @ 05:40:49 GMT+0800 (Malaysia Time)

SUMMARY:
✔ 1 test completed
Done in 1.78s.
yarn run v1.22.22
(node:88622) [DEP0169] DeprecationWarning: `url.parse()` behavior is not standardized and prone to errors that have security implications. Use the WHATWG URL API instead. CVEs are not issued for `url.parse()` vulnerabilities.
(Use `node --trace-deprecation ...` to show where the warning was created)
$ /private/tmp/fireside-phase2-oracles.EJXGdU/firebase-js-sdk/node_modules/.bin/karma start /Users/sanjevirau/Desktop/fireside/conformance/src/webchannel/firebase-js-sdk-karma.conf.cjs --single-run --grep '(?:^\(Persistence=memory_lru_gc\) `undefined` properties(?= |$))'
The 'BROWSERS' environment variable is undefined. Defaulting to 'ChromeHeadless'.
webpack was not included as a framework in karma configuration, setting this automatically...

START:
(node:88623) [DEP0060] DeprecationWarning: The `util._extend` API is deprecated. Please use Object.assign() instead.
(Use `node --trace-deprecation ...` to show where the warning was created)
[32m02 09 2026 05:40:50.440:INFO [karma-server]: [39mKarma v6.4.4 server started at http://localhost:8089/
[32m02 09 2026 05:40:50.441:INFO [launcher]: [39mLaunching browsers ChromeHeadless with concurrency unlimited
[32m02 09 2026 05:40:50.444:INFO [launcher]: [39mStarting browser ChromeHeadless
[32m02 09 2026 05:40:51.347:INFO [Chrome Headless 152.0.0.0 (Mac OS 10.15.7)]: [39mConnected on socket QqrH-7w0J1K3UTxjAAAB with id 69625840
Chrome Headless 152.0.0.0 (Mac OS 10.15.7) LOG: 'Default Settings: {"host":"localhost:8080","ssl":false}'
Chrome Headless 152.0.0.0 (Mac OS 10.15.7) LOG: 'Default DatabaseId: "(default)"'
  (Persistence=memory_lru_gc) `undefined` properties
    ✔ are ignored in set()
    ✔ are ignored in set({ merge: true })
    ✔ are ignored in update()
    ✔ are ignored in Query.where()
    ✔ are ignored in Query.startAt()
TOTAL: 5 SUCCESS

Finished in 0.21 secs / 0.206 secs @ 05:40:51 GMT+0800 (Malaysia Time)

SUMMARY:
✔ 5 tests completed
Done in 1.90s.
yarn run v1.22.22
(node:88664) [DEP0169] DeprecationWarning: `url.parse()` behavior is not standardized and prone to errors that have security implications. Use the WHATWG URL API instead. CVEs are not issued for `url.parse()` vulnerabilities.
(Use `node --trace-deprecation ...` to show where the warning was created)
$ /private/tmp/fireside-phase2-oracles.EJXGdU/firebase-js-sdk/node_modules/.bin/karma start /Users/sanjevirau/Desktop/fireside/conformance/src/webchannel/firebase-js-sdk-karma.conf.cjs --single-run --grep '(?:^\(Persistence=indexeddb\) `undefined` properties(?= |$))'
The 'BROWSERS' environment variable is undefined. Defaulting to 'ChromeHeadless'.
webpack was not included as a framework in karma configuration, setting this automatically...

START:
(node:88667) [DEP0060] DeprecationWarning: The `util._extend` API is deprecated. Please use Object.assign() instead.
(Use `node --trace-deprecation ...` to show where the warning was created)
[32m02 09 2026 05:40:52.426:INFO [karma-server]: [39mKarma v6.4.4 server started at http://localhost:8089/
[32m02 09 2026 05:40:52.427:INFO [launcher]: [39mLaunching browsers ChromeHeadless with concurrency unlimited
[32m02 09 2026 05:40:52.430:INFO [launcher]: [39mStarting browser ChromeHeadless
[32m02 09 2026 05:40:53.319:INFO [Chrome Headless 152.0.0.0 (Mac OS 10.15.7)]: [39mConnected on socket V7xTfqLdJqOIFixIAAAB with id 82961733
Chrome Headless 152.0.0.0 (Mac OS 10.15.7) LOG: 'Default Settings: {"host":"localhost:8080","ssl":false}'
Chrome Headless 152.0.0.0 (Mac OS 10.15.7) LOG: 'Default DatabaseId: "(default)"'
  (Persistence=indexeddb) `undefined` properties
    ✔ are ignored in set()
    ✔ are ignored in set({ merge: true })
    ✔ are ignored in update()
    ✔ are ignored in Query.where()
    ✔ are ignored in Query.startAt()
TOTAL: 5 SUCCESS

Finished in 0.346 secs / 0.342 secs @ 05:40:53 GMT+0800 (Malaysia Time)

SUMMARY:
✔ 5 tests completed
Done in 1.98s.
yarn run v1.22.22
(node:88710) [DEP0169] DeprecationWarning: `url.parse()` behavior is not standardized and prone to errors that have security implications. Use the WHATWG URL API instead. CVEs are not issued for `url.parse()` vulnerabilities.
(Use `node --trace-deprecation ...` to show where the warning was created)
$ /private/tmp/fireside-phase2-oracles.EJXGdU/firebase-js-sdk/node_modules/.bin/karma start /Users/sanjevirau/Desktop/fireside/conformance/src/webchannel/firebase-js-sdk-karma.conf.cjs --single-run --grep '(?:^\(Persistence=memory_lru_gc\) GetOptions(?= |$))'
The 'BROWSERS' environment variable is undefined. Defaulting to 'ChromeHeadless'.
webpack was not included as a framework in karma configuration, setting this automatically...

START:
(node:88711) [DEP0060] DeprecationWarning: The `util._extend` API is deprecated. Please use Object.assign() instead.
(Use `node --trace-deprecation ...` to show where the warning was created)
[32m02 09 2026 05:40:54.518:INFO [karma-server]: [39mKarma v6.4.4 server started at http://localhost:8089/
[32m02 09 2026 05:40:54.519:INFO [launcher]: [39mLaunching browsers ChromeHeadless with concurrency unlimited
[32m02 09 2026 05:40:54.521:INFO [launcher]: [39mStarting browser ChromeHeadless
[32m02 09 2026 05:40:55.415:INFO [Chrome Headless 152.0.0.0 (Mac OS 10.15.7)]: [39mConnected on socket GnOqdLB1oWvLPZd-AAAB with id 14985534
Chrome Headless 152.0.0.0 (Mac OS 10.15.7) LOG: 'Default Settings: {"host":"localhost:8080","ssl":false}'
Chrome Headless 152.0.0.0 (Mac OS 10.15.7) LOG: 'Default DatabaseId: "(default)"'
  (Persistence=memory_lru_gc) GetOptions
    ✔ get document while online with default get options
    ✔ get collection while online with default get options
    ✔ get document while offline with default get options
ERROR: '[2026-09-01T21:40:55.673Z]  @firebase/firestore:', 'Firestore (12.18.0): Uncaught Error in snapshot listener:', 'FirebaseError: [code=aborted]: Firestore shutting down'
    ✔ get collection while offline with default get options
ERROR: '[2026-09-01T21:40:55.702Z]  @firebase/firestore:', 'Firestore (12.18.0): Uncaught Error in snapshot listener:', 'FirebaseError: [code=aborted]: Firestore shutting down'
    ✔ get document while online with source=cache
ERROR: '[2026-09-01T21:40:55.743Z]  @firebase/firestore:', 'Firestore (12.18.0): Uncaught Error in snapshot listener:', 'FirebaseError: [code=aborted]: Firestore shutting down'
    ✔ get collection while online with source=cache
ERROR: '[2026-09-01T21:40:55.768Z]  @firebase/firestore:', 'Firestore (12.18.0): Uncaught Error in snapshot listener:', 'FirebaseError: [code=aborted]: Firestore shutting down'
    ✔ get document while offline with source=cache
ERROR: '[2026-09-01T21:40:55.803Z]  @firebase/firestore:', 'Firestore (12.18.0): Uncaught Error in snapshot listener:', 'FirebaseError: [code=aborted]: Firestore shutting down'
    ✔ get collection while offline with source=cache
    ✔ get document while online with source=server
    ✔ get collection while online with source=server
    ✔ get document while offline with source=server
    ✔ get collection while offline with source=server
ERROR: '[2026-09-01T21:40:55.956Z]  @firebase/firestore:', 'Firestore (12.18.0): Uncaught Error in snapshot listener:', 'FirebaseError: [code=aborted]: Firestore shutting down'
    ✔ get document while offline with different get options
ERROR: '[2026-09-01T21:40:55.996Z]  @firebase/firestore:', 'Firestore (12.18.0): Uncaught Error in snapshot listener:', 'FirebaseError: [code=aborted]: Firestore shutting down'
    ✔ get collection while offline with different get options
    ✔ get nonexistent doc while online with default get options
    ✔ get nonexistent collection while online with default get options
    ✔ get nonexistent doc while offline with default get options
    ✖ get deleted doc while offline with default get options (skipped)
    ✔ get nonexistent collection while offline with default get options
    ✔ get nonexistent doc while online with source=cache
    ✔ get nonexistent collection while online with source=cache
    ✔ get nonexistent doc while offline with source=cache
    ✔ get deleted doc while offline with source=cache
    ✔ get nonexistent collection while offline with source=cache
    ✔ get nonexistent doc while online with source=server
    ✔ get nonexistent collection while online with source=server
    ✔ get nonexistent doc while offline with source=server
    ✔ get nonexistent collection while offline with source=server
TOTAL: 27 SUCCESS

Finished in 0.594 secs / 0.565 secs @ 05:40:56 GMT+0800 (Malaysia Time)

SUMMARY:
✔ 27 tests completed
ℹ 1 test skipped
Done in 2.27s.
yarn run v1.22.22
(node:88755) [DEP0169] DeprecationWarning: `url.parse()` behavior is not standardized and prone to errors that have security implications. Use the WHATWG URL API instead. CVEs are not issued for `url.parse()` vulnerabilities.
(Use `node --trace-deprecation ...` to show where the warning was created)
$ /private/tmp/fireside-phase2-oracles.EJXGdU/firebase-js-sdk/node_modules/.bin/karma start /Users/sanjevirau/Desktop/fireside/conformance/src/webchannel/firebase-js-sdk-karma.conf.cjs --single-run --grep '(?:^\(Persistence=indexeddb\) GetOptions(?= |$))'
The 'BROWSERS' environment variable is undefined. Defaulting to 'ChromeHeadless'.
webpack was not included as a framework in karma configuration, setting this automatically...

START:
(node:88756) [DEP0060] DeprecationWarning: The `util._extend` API is deprecated. Please use Object.assign() instead.
(Use `node --trace-deprecation ...` to show where the warning was created)
[32m02 09 2026 05:40:56.866:INFO [karma-server]: [39mKarma v6.4.4 server started at http://localhost:8089/
[32m02 09 2026 05:40:56.867:INFO [launcher]: [39mLaunching browsers ChromeHeadless with concurrency unlimited
[32m02 09 2026 05:40:56.869:INFO [launcher]: [39mStarting browser ChromeHeadless
[32m02 09 2026 05:40:57.773:INFO [Chrome Headless 152.0.0.0 (Mac OS 10.15.7)]: [39mConnected on socket SB-PtnEOqHJnGjM_AAAB with id 33765226
Chrome Headless 152.0.0.0 (Mac OS 10.15.7) LOG: 'Default Settings: {"host":"localhost:8080","ssl":false}'
Chrome Headless 152.0.0.0 (Mac OS 10.15.7) LOG: 'Default DatabaseId: "(default)"'
  (Persistence=indexeddb) GetOptions
    ✔ get document while online with default get options
    ✔ get collection while online with default get options
    ✔ get document while offline with default get options
ERROR: '[2026-09-01T21:40:58.124Z]  @firebase/firestore:', 'Firestore (12.18.0): Uncaught Error in snapshot listener:', 'FirebaseError: [code=aborted]: Firestore shutting down'
    ✔ get collection while offline with default get options
ERROR: '[2026-09-01T21:40:58.172Z]  @firebase/firestore:', 'Firestore (12.18.0): Uncaught Error in snapshot listener:', 'FirebaseError: [code=aborted]: Firestore shutting down'
    ✔ get document while online with source=cache
ERROR: '[2026-09-01T21:40:58.230Z]  @firebase/firestore:', 'Firestore (12.18.0): Uncaught Error in snapshot listener:', 'FirebaseError: [code=aborted]: Firestore shutting down'
    ✔ get collection while online with source=cache
ERROR: '[2026-09-01T21:40:58.281Z]  @firebase/firestore:', 'Firestore (12.18.0): Uncaught Error in snapshot listener:', 'FirebaseError: [code=aborted]: Firestore shutting down'
    ✔ get document while offline with source=cache
ERROR: '[2026-09-01T21:40:58.340Z]  @firebase/firestore:', 'Firestore (12.18.0): Uncaught Error in snapshot listener:', 'FirebaseError: [code=aborted]: Firestore shutting down'
    ✔ get collection while offline with source=cache
    ✔ get document while online with source=server
    ✔ get collection while online with source=server
    ✔ get document while offline with source=server
    ✔ get collection while offline with source=server
ERROR: '[2026-09-01T21:40:58.595Z]  @firebase/firestore:', 'Firestore (12.18.0): Uncaught Error in snapshot listener:', 'FirebaseError: [code=aborted]: Firestore shutting down'
    ✔ get document while offline with different get options
ERROR: '[2026-09-01T21:40:58.653Z]  @firebase/firestore:', 'Firestore (12.18.0): Uncaught Error in snapshot listener:', 'FirebaseError: [code=aborted]: Firestore shutting down'
    ✔ get collection while offline with different get options
    ✔ get nonexistent doc while online with default get options
    ✔ get nonexistent collection while online with default get options
    ✔ get nonexistent doc while offline with default get options
    ✖ get deleted doc while offline with default get options (skipped)
    ✔ get nonexistent collection while offline with default get options
    ✔ get nonexistent doc while online with source=cache
    ✔ get nonexistent collection while online with source=cache
    ✔ get nonexistent doc while offline with source=cache
    ✔ get deleted doc while offline with source=cache
    ✔ get nonexistent collection while offline with source=cache
    ✔ get nonexistent doc while online with source=server
    ✔ get nonexistent collection while online with source=server
    ✔ get nonexistent doc while offline with source=server
    ✔ get nonexistent collection while offline with source=server
TOTAL: 27 SUCCESS

Finished in 0.99 secs / 0.98 secs @ 05:40:58 GMT+0800 (Malaysia Time)

SUMMARY:
✔ 27 tests completed
ℹ 1 test skipped
Done in 2.66s.
yarn run v1.22.22
(node:88806) [DEP0169] DeprecationWarning: `url.parse()` behavior is not standardized and prone to errors that have security implications. Use the WHATWG URL API instead. CVEs are not issued for `url.parse()` vulnerabilities.
(Use `node --trace-deprecation ...` to show where the warning was created)
$ /private/tmp/fireside-phase2-oracles.EJXGdU/firebase-js-sdk/node_modules/.bin/karma start /Users/sanjevirau/Desktop/fireside/conformance/src/webchannel/firebase-js-sdk-karma.conf.cjs --single-run --grep '(?:^\(Persistence=memory_lru_gc\) Index Configuration:(?= |$))'
The 'BROWSERS' environment variable is undefined. Defaulting to 'ChromeHeadless'.
webpack was not included as a framework in karma configuration, setting this automatically...

START:
(node:88807) [DEP0060] DeprecationWarning: The `util._extend` API is deprecated. Please use Object.assign() instead.
(Use `node --trace-deprecation ...` to show where the warning was created)
[32m02 09 2026 05:40:59.614:INFO [karma-server]: [39mKarma v6.4.4 server started at http://localhost:8089/
[32m02 09 2026 05:40:59.615:INFO [launcher]: [39mLaunching browsers ChromeHeadless with concurrency unlimited
[32m02 09 2026 05:40:59.618:INFO [launcher]: [39mStarting browser ChromeHeadless
[32m02 09 2026 05:41:00.545:INFO [Chrome Headless 152.0.0.0 (Mac OS 10.15.7)]: [39mConnected on socket rcxb3VhUNpiEMQ2lAAAB with id 26262615
Chrome Headless 152.0.0.0 (Mac OS 10.15.7) LOG: 'Default Settings: {"host":"localhost:8080","ssl":false}'
Chrome Headless 152.0.0.0 (Mac OS 10.15.7) LOG: 'Default DatabaseId: "(default)"'
WARN: '[2026-09-01T21:41:00.660Z]  @firebase/firestore:', 'Firestore (12.18.0): Cannot enable indexes when persistence is disabled'
  (Persistence=memory_lru_gc) Index Configuration:
    ✔ supports JSON
WARN: '[2026-09-01T21:41:00.661Z]  @firebase/firestore:', 'Firestore (12.18.0): Cannot enable indexes when persistence is disabled'
    ✔ supports schema
WARN: '[2026-09-01T21:41:00.661Z]  @firebase/firestore:', 'Firestore (12.18.0): Cannot enable indexes when persistence is disabled'
    ✔ bad JSON does not crash client
WARN: '[2026-09-01T21:41:00.666Z]  @firebase/firestore:', 'Firestore (12.18.0): Cannot enable indexes when persistence is disabled'
    ✔ bad index does not crash client
TOTAL: 4 SUCCESS

Finished in 0.02 secs / 0.007 secs @ 05:41:00 GMT+0800 (Malaysia Time)

SUMMARY:
✔ 4 tests completed
Done in 1.69s.
yarn run v1.22.22
(node:88844) [DEP0169] DeprecationWarning: `url.parse()` behavior is not standardized and prone to errors that have security implications. Use the WHATWG URL API instead. CVEs are not issued for `url.parse()` vulnerabilities.
(Use `node --trace-deprecation ...` to show where the warning was created)
$ /private/tmp/fireside-phase2-oracles.EJXGdU/firebase-js-sdk/node_modules/.bin/karma start /Users/sanjevirau/Desktop/fireside/conformance/src/webchannel/firebase-js-sdk-karma.conf.cjs --single-run --grep '(?:^\(Persistence=indexeddb\) Index Configuration:(?= |$))'
The 'BROWSERS' environment variable is undefined. Defaulting to 'ChromeHeadless'.
webpack was not included as a framework in karma configuration, setting this automatically...

START:
(node:88851) [DEP0060] DeprecationWarning: The `util._extend` API is deprecated. Please use Object.assign() instead.
(Use `node --trace-deprecation ...` to show where the warning was created)
[32m02 09 2026 05:41:01.414:INFO [karma-server]: [39mKarma v6.4.4 server started at http://localhost:8089/
[32m02 09 2026 05:41:01.415:INFO [launcher]: [39mLaunching browsers ChromeHeadless with concurrency unlimited
[32m02 09 2026 05:41:01.418:INFO [launcher]: [39mStarting browser ChromeHeadless
[32m02 09 2026 05:41:02.325:INFO [Chrome Headless 152.0.0.0 (Mac OS 10.15.7)]: [39mConnected on socket 4G3QoG2vsTxNbjQdAAAB with id 27780298
Chrome Headless 152.0.0.0 (Mac OS 10.15.7) LOG: 'Default Settings: {"host":"localhost:8080","ssl":false}'
Chrome Headless 152.0.0.0 (Mac OS 10.15.7) LOG: 'Default DatabaseId: "(default)"'
  (Persistence=indexeddb) Index Configuration:
    ✔ supports JSON
    ✔ supports schema
    ✔ bad JSON does not crash client
    ✔ bad index does not crash client
TOTAL: 4 SUCCESS

Finished in 0.067 secs / 0.066 secs @ 05:41:02 GMT+0800 (Malaysia Time)

SUMMARY:
✔ 4 tests completed
Done in 1.76s.
yarn run v1.22.22
(node:88886) [DEP0169] DeprecationWarning: `url.parse()` behavior is not standardized and prone to errors that have security implications. Use the WHATWG URL API instead. CVEs are not issued for `url.parse()` vulnerabilities.
(Use `node --trace-deprecation ...` to show where the warning was created)
$ /private/tmp/fireside-phase2-oracles.EJXGdU/firebase-js-sdk/node_modules/.bin/karma start /Users/sanjevirau/Desktop/fireside/conformance/src/webchannel/firebase-js-sdk-karma.conf.cjs --single-run --grep '(?:^\(Persistence=memory_lru_gc\) Large Documents(?= |$))'
The 'BROWSERS' environment variable is undefined. Defaulting to 'ChromeHeadless'.
webpack was not included as a framework in karma configuration, setting this automatically...

START:
(node:88887) [DEP0060] DeprecationWarning: The `util._extend` API is deprecated. Please use Object.assign() instead.
(Use `node --trace-deprecation ...` to show where the warning was created)
[32m02 09 2026 05:41:03.271:INFO [karma-server]: [39mKarma v6.4.4 server started at http://localhost:8089/
[32m02 09 2026 05:41:03.272:INFO [launcher]: [39mLaunching browsers ChromeHeadless with concurrency unlimited
[32m02 09 2026 05:41:03.274:INFO [launcher]: [39mStarting browser ChromeHeadless
[32m02 09 2026 05:41:04.178:INFO [Chrome Headless 152.0.0.0 (Mac OS 10.15.7)]: [39mConnected on socket itRVu9uNmHtQ4bOYAAAB with id 32126750
Chrome Headless 152.0.0.0 (Mac OS 10.15.7) LOG: 'Default Settings: {"host":"localhost:8080","ssl":false}'
Chrome Headless 152.0.0.0 (Mac OS 10.15.7) LOG: 'Default DatabaseId: "(default)"'
  (Persistence=memory_lru_gc) Large Documents
    ✖ can read and cache a 15.9MB Unicode document (skipped)
    ✖ cache integrity with multiple large documents (skipped)
    ✖ can run watch snapshot listener on a large document (skipped)
    ✖ can run transaction read-modify-write on a large document (skipped)
    ✖ can query large documents (skipped)
    ✖ query large documents forces local scan (skipped)
    ✖ gracefully rejects oversized payloads (skipped)
    ✖ can write a 15.9MB document (skipped)
TOTAL: 0 SUCCESS

Finished in 0.009 secs / 0 secs @ 05:41:04 GMT+0800 (Malaysia Time)

SUMMARY:
✔ 0 tests completed
ℹ 8 tests skipped
error Command failed with exit code 1.
info Visit https://yarnpkg.com/en/docs/cli/run for documentation about this command.
yarn run v1.22.22
(node:88932) [DEP0169] DeprecationWarning: `url.parse()` behavior is not standardized and prone to errors that have security implications. Use the WHATWG URL API instead. CVEs are not issued for `url.parse()` vulnerabilities.
(Use `node --trace-deprecation ...` to show where the warning was created)
$ /private/tmp/fireside-phase2-oracles.EJXGdU/firebase-js-sdk/node_modules/.bin/karma start /Users/sanjevirau/Desktop/fireside/conformance/src/webchannel/firebase-js-sdk-karma.conf.cjs --single-run --grep '(?:^\(Persistence=indexeddb\) Large Documents(?= |$))'
The 'BROWSERS' environment variable is undefined. Defaulting to 'ChromeHeadless'.
webpack was not included as a framework in karma configuration, setting this automatically...

START:
(node:88933) [DEP0060] DeprecationWarning: The `util._extend` API is deprecated. Please use Object.assign() instead.
(Use `node --trace-deprecation ...` to show where the warning was created)
[32m02 09 2026 05:41:05.015:INFO [karma-server]: [39mKarma v6.4.4 server started at http://localhost:8089/
[32m02 09 2026 05:41:05.016:INFO [launcher]: [39mLaunching browsers ChromeHeadless with concurrency unlimited
[32m02 09 2026 05:41:05.019:INFO [launcher]: [39mStarting browser ChromeHeadless
[32m02 09 2026 05:41:05.911:INFO [Chrome Headless 152.0.0.0 (Mac OS 10.15.7)]: [39mConnected on socket CUs0jTOPuabLH2-ZAAAB with id 28772928
Chrome Headless 152.0.0.0 (Mac OS 10.15.7) LOG: 'Default Settings: {"host":"localhost:8080","ssl":false}'
Chrome Headless 152.0.0.0 (Mac OS 10.15.7) LOG: 'Default DatabaseId: "(default)"'
  (Persistence=indexeddb) Large Documents
    ✖ can read and cache a 15.9MB Unicode document (skipped)
    ✖ cache integrity with multiple large documents (skipped)
    ✖ can run watch snapshot listener on a large document (skipped)
    ✖ can run transaction read-modify-write on a large document (skipped)
    ✖ can query large documents (skipped)
    ✖ query large documents forces local scan (skipped)
    ✖ gracefully rejects oversized payloads (skipped)
    ✖ can write a 15.9MB document (skipped)
TOTAL: 0 SUCCESS

Finished in 0.011 secs / 0 secs @ 05:41:06 GMT+0800 (Malaysia Time)

SUMMARY:
✔ 0 tests completed
ℹ 8 tests skipped
error Command failed with exit code 1.
info Visit https://yarnpkg.com/en/docs/cli/run for documentation about this command.
yarn run v1.22.22
(node:88976) [DEP0169] DeprecationWarning: `url.parse()` behavior is not standardized and prone to errors that have security implications. Use the WHATWG URL API instead. CVEs are not issued for `url.parse()` vulnerabilities.
(Use `node --trace-deprecation ...` to show where the warning was created)
$ /private/tmp/fireside-phase2-oracles.EJXGdU/firebase-js-sdk/node_modules/.bin/karma start /Users/sanjevirau/Desktop/fireside/conformance/src/webchannel/firebase-js-sdk-karma.conf.cjs --single-run --grep '(?:^\(Persistence=memory_lru_gc\) Numeric Transforms:(?= |$))'
The 'BROWSERS' environment variable is undefined. Defaulting to 'ChromeHeadless'.
webpack was not included as a framework in karma configuration, setting this automatically...

START:
(node:88977) [DEP0060] DeprecationWarning: The `util._extend` API is deprecated. Please use Object.assign() instead.
(Use `node --trace-deprecation ...` to show where the warning was created)
[32m02 09 2026 05:41:06.797:INFO [karma-server]: [39mKarma v6.4.4 server started at http://localhost:8089/
[32m02 09 2026 05:41:06.798:INFO [launcher]: [39mLaunching browsers ChromeHeadless with concurrency unlimited
[32m02 09 2026 05:41:06.801:INFO [launcher]: [39mStarting browser ChromeHeadless
[32m02 09 2026 05:41:07.712:INFO [Chrome Headless 152.0.0.0 (Mac OS 10.15.7)]: [39mConnected on socket BAAsTuieqw7nwps1AAAB with id 47287655
Chrome Headless 152.0.0.0 (Mac OS 10.15.7) LOG: 'Default Settings: {"host":"localhost:8080","ssl":false}'
Chrome Headless 152.0.0.0 (Mac OS 10.15.7) LOG: 'Default DatabaseId: "(default)"'
  (Persistence=memory_lru_gc) Numeric Transforms:
    ✔ create document with increment
    ✔ merge on non-existing document with increment
    ✖ increment existing integer with integer (skipped)
    ✔ increment existing double with double
    ✔ increment existing double with integer
    ✔ increment existing integer with double
    ✔ increment existing string with integer
    ✔ increment existing string with double
    ✔ increments with set() and merge:true
    ✖ multiple double increments (skipped)
    ✔ increment twice in a batch
    ✔ increment, delete and increment in a batch
    ✔ increment on top of ServerTimestamp
    ✔ create document with minimum
    ✔ create document with maximum
    ✔ minimum applies to existing value
    ✔ maximum applies to existing value
    ✔ minimum with disableNetwork
    ✔ maximum with disableNetwork
    ✔ minimum with NaN
    ✔ maximum with NaN
TOTAL: 19 SUCCESS

Finished in 0.819 secs / 0.809 secs @ 05:41:08 GMT+0800 (Malaysia Time)

SUMMARY:
✔ 19 tests completed
ℹ 2 tests skipped
Done in 2.50s.
yarn run v1.22.22
(node:89045) [DEP0169] DeprecationWarning: `url.parse()` behavior is not standardized and prone to errors that have security implications. Use the WHATWG URL API instead. CVEs are not issued for `url.parse()` vulnerabilities.
(Use `node --trace-deprecation ...` to show where the warning was created)
$ /private/tmp/fireside-phase2-oracles.EJXGdU/firebase-js-sdk/node_modules/.bin/karma start /Users/sanjevirau/Desktop/fireside/conformance/src/webchannel/firebase-js-sdk-karma.conf.cjs --single-run --grep '(?:^\(Persistence=indexeddb\) Numeric Transforms:(?= |$))'
The 'BROWSERS' environment variable is undefined. Defaulting to 'ChromeHeadless'.
webpack was not included as a framework in karma configuration, setting this automatically...

START:
(node:89046) [DEP0060] DeprecationWarning: The `util._extend` API is deprecated. Please use Object.assign() instead.
(Use `node --trace-deprecation ...` to show where the warning was created)
[32m02 09 2026 05:41:09.396:INFO [karma-server]: [39mKarma v6.4.4 server started at http://localhost:8089/
[32m02 09 2026 05:41:09.397:INFO [launcher]: [39mLaunching browsers ChromeHeadless with concurrency unlimited
[32m02 09 2026 05:41:09.400:INFO [launcher]: [39mStarting browser ChromeHeadless
[32m02 09 2026 05:41:10.280:INFO [Chrome Headless 152.0.0.0 (Mac OS 10.15.7)]: [39mConnected on socket 7mDTQZbRM0hgmyrpAAAB with id 1583276
Chrome Headless 152.0.0.0 (Mac OS 10.15.7) LOG: 'Default Settings: {"host":"localhost:8080","ssl":false}'
Chrome Headless 152.0.0.0 (Mac OS 10.15.7) LOG: 'Default DatabaseId: "(default)"'
  (Persistence=indexeddb) Numeric Transforms:
    ✔ create document with increment
    ✔ merge on non-existing document with increment
    ✖ increment existing integer with integer (skipped)
    ✔ increment existing double with double
    ✔ increment existing double with integer
    ✔ increment existing integer with double
    ✔ increment existing string with integer
    ✔ increment existing string with double
    ✔ increments with set() and merge:true
    ✖ multiple double increments (skipped)
    ✔ increment twice in a batch
    ✔ increment, delete and increment in a batch
    ✔ increment on top of ServerTimestamp
    ✔ create document with minimum
    ✔ create document with maximum
    ✔ minimum applies to existing value
    ✔ maximum applies to existing value
    ✔ minimum with disableNetwork
    ✔ maximum with disableNetwork
    ✔ minimum with NaN
    ✔ maximum with NaN
TOTAL: 19 SUCCESS

Finished in 1.189 secs / 1.184 secs @ 05:41:11 GMT+0800 (Malaysia Time)

SUMMARY:
✔ 19 tests completed
ℹ 2 tests skipped
Done in 2.81s.
yarn run v1.22.22
(node:89094) [DEP0169] DeprecationWarning: `url.parse()` behavior is not standardized and prone to errors that have security implications. Use the WHATWG URL API instead. CVEs are not issued for `url.parse()` vulnerabilities.
(Use `node --trace-deprecation ...` to show where the warning was created)
$ /private/tmp/fireside-phase2-oracles.EJXGdU/firebase-js-sdk/node_modules/.bin/karma start /Users/sanjevirau/Desktop/fireside/conformance/src/webchannel/firebase-js-sdk-karma.conf.cjs --single-run --grep '(?:^\(Persistence=memory_lru_gc\) PersistentCacheIndexManager(?= |$))'
The 'BROWSERS' environment variable is undefined. Defaulting to 'ChromeHeadless'.
webpack was not included as a framework in karma configuration, setting this automatically...

START:
(node:89095) [DEP0060] DeprecationWarning: The `util._extend` API is deprecated. Please use Object.assign() instead.
(Use `node --trace-deprecation ...` to show where the warning was created)
[32m02 09 2026 05:41:12.309:INFO [karma-server]: [39mKarma v6.4.4 server started at http://localhost:8089/
[32m02 09 2026 05:41:12.310:INFO [launcher]: [39mLaunching browsers ChromeHeadless with concurrency unlimited
[32m02 09 2026 05:41:12.312:INFO [launcher]: [39mStarting browser ChromeHeadless
[32m02 09 2026 05:41:13.211:INFO [Chrome Headless 152.0.0.0 (Mac OS 10.15.7)]: [39mConnected on socket 1p3ZGLZyoc2aaeqLAAAB with id 85332869
Chrome Headless 152.0.0.0 (Mac OS 10.15.7) LOG: 'Default Settings: {"host":"localhost:8080","ssl":false}'
Chrome Headless 152.0.0.0 (Mac OS 10.15.7) LOG: 'Default DatabaseId: "(default)"'
  (Persistence=memory_lru_gc) PersistentCacheIndexManager
    getPersistentCacheIndexManager()
      ✔ should return non-null if, and only if, IndexedDB persistence is enabled
      ✔ should always return the same object
      ✔ should fail if invoked after terminate()
TOTAL: 3 SUCCESS

Finished in 0.005 secs / 0.003 secs @ 05:41:13 GMT+0800 (Malaysia Time)

SUMMARY:
✔ 3 tests completed
Done in 1.66s.
yarn run v1.22.22
(node:89133) [DEP0169] DeprecationWarning: `url.parse()` behavior is not standardized and prone to errors that have security implications. Use the WHATWG URL API instead. CVEs are not issued for `url.parse()` vulnerabilities.
(Use `node --trace-deprecation ...` to show where the warning was created)
$ /private/tmp/fireside-phase2-oracles.EJXGdU/firebase-js-sdk/node_modules/.bin/karma start /Users/sanjevirau/Desktop/fireside/conformance/src/webchannel/firebase-js-sdk-karma.conf.cjs --single-run --grep '(?:^\(Persistence=indexeddb\) PersistentCacheIndexManager(?= |$))'
The 'BROWSERS' environment variable is undefined. Defaulting to 'ChromeHeadless'.
webpack was not included as a framework in karma configuration, setting this automatically...

START:
(node:89134) [DEP0060] DeprecationWarning: The `util._extend` API is deprecated. Please use Object.assign() instead.
(Use `node --trace-deprecation ...` to show where the warning was created)
[32m02 09 2026 05:41:14.080:INFO [karma-server]: [39mKarma v6.4.4 server started at http://localhost:8089/
[32m02 09 2026 05:41:14.081:INFO [launcher]: [39mLaunching browsers ChromeHeadless with concurrency unlimited
[32m02 09 2026 05:41:14.083:INFO [launcher]: [39mStarting browser ChromeHeadless
[32m02 09 2026 05:41:14.982:INFO [Chrome Headless 152.0.0.0 (Mac OS 10.15.7)]: [39mConnected on socket L8OebEBxQZ-0i7LNAAAB with id 28310822
Chrome Headless 152.0.0.0 (Mac OS 10.15.7) LOG: 'Default Settings: {"host":"localhost:8080","ssl":false}'
Chrome Headless 152.0.0.0 (Mac OS 10.15.7) LOG: 'Default DatabaseId: "(default)"'
  (Persistence=indexeddb) PersistentCacheIndexManager
    ✔ getPersistentCacheIndexManager() should return distinct instances for distinct Firestore objects
    getPersistentCacheIndexManager()
      ✔ should return non-null if, and only if, IndexedDB persistence is enabled
      ✔ should always return the same object
      ✔ should fail if invoked after terminate()
    enable/disable persistent index auto creation
      ✔ enable on new instance should succeed
      ✔ disable on new instance should succeed
      ✔ enable when already enabled should succeed
      ✔ disable when already disabled should succeed
      ✔ enabling after terminate() should throw
      ✔ disabling after terminate() should throw
      ✔ query returns correct results when index is auto-created
    delete all persistent cache indexes
      ✔ deleteAllPersistentCacheIndexes() on new instance should succeed
      ✔ deleteAllPersistentCacheIndexes() should be successful when auto-indexing is enabled
      ✔ deleteAllPersistentCacheIndexes() should be successful when auto-indexing is disabled
      ✔ deleteAllPersistentCacheIndexes() after terminate() should throw
      ✔ query returns correct results when auto-created index has been deleted
TOTAL: 16 SUCCESS

Finished in 0.439 secs / 0.437 secs @ 05:41:15 GMT+0800 (Malaysia Time)

SUMMARY:
✔ 16 tests completed
Done in 2.09s.
yarn run v1.22.22
(node:89200) [DEP0169] DeprecationWarning: `url.parse()` behavior is not standardized and prone to errors that have security implications. Use the WHATWG URL API instead. CVEs are not issued for `url.parse()` vulnerabilities.
(Use `node --trace-deprecation ...` to show where the warning was created)
$ /private/tmp/fireside-phase2-oracles.EJXGdU/firebase-js-sdk/node_modules/.bin/karma start /Users/sanjevirau/Desktop/fireside/conformance/src/webchannel/firebase-js-sdk-karma.conf.cjs --single-run --grep '(?:^\(Persistence=memory_lru_gc\) Pipelines (?:(?:pipeline results(?= |$))))'
The 'BROWSERS' environment variable is undefined. Defaulting to 'ChromeHeadless'.
webpack was not included as a framework in karma configuration, setting this automatically...

START:
(node:89201) [DEP0060] DeprecationWarning: The `util._extend` API is deprecated. Please use Object.assign() instead.
(Use `node --trace-deprecation ...` to show where the warning was created)
[32m02 09 2026 05:41:16.259:INFO [karma-server]: [39mKarma v6.4.4 server started at http://localhost:8089/
[32m02 09 2026 05:41:16.260:INFO [launcher]: [39mLaunching browsers ChromeHeadless with concurrency unlimited
[32m02 09 2026 05:41:16.263:INFO [launcher]: [39mStarting browser ChromeHeadless
[32m02 09 2026 05:41:17.199:INFO [Chrome Headless 152.0.0.0 (Mac OS 10.15.7)]: [39mConnected on socket oUzZ8ZQOLnBfinYBAAAB with id 47302162
Chrome Headless 152.0.0.0 (Mac OS 10.15.7) LOG: 'Default Settings: {"host":"localhost:8080","ssl":false}'
Chrome Headless 152.0.0.0 (Mac OS 10.15.7) LOG: 'Default DatabaseId: "(default)"'
  (Persistence=memory_lru_gc) Pipelines
    pipeline results
      ✖ empty snapshot as expected (skipped)
      ✖ full snapshot as expected (skipped)
      ✖ result equals works (skipped)
      ✖ returns execution time (skipped)
      ✖ returns execution time for an empty query (skipped)
      ✖ returns create and update time for each document (skipped)
      ✖ returns execution time for an aggregate query (skipped)
      ✖ returns undefined create and update time for each result in an aggregate query (skipped)
TOTAL: 0 SUCCESS

Finished in 0.003 secs / 0 secs @ 05:41:17 GMT+0800 (Malaysia Time)

SUMMARY:
✔ 0 tests completed
ℹ 8 tests skipped
error Command failed with exit code 1.
info Visit https://yarnpkg.com/en/docs/cli/run for documentation about this command.
yarn run v1.22.22
(node:89242) [DEP0169] DeprecationWarning: `url.parse()` behavior is not standardized and prone to errors that have security implications. Use the WHATWG URL API instead. CVEs are not issued for `url.parse()` vulnerabilities.
(Use `node --trace-deprecation ...` to show where the warning was created)
$ /private/tmp/fireside-phase2-oracles.EJXGdU/firebase-js-sdk/node_modules/.bin/karma start /Users/sanjevirau/Desktop/fireside/conformance/src/webchannel/firebase-js-sdk-karma.conf.cjs --single-run --grep '(?:^\(Persistence=indexeddb\) Pipelines (?:(?:pipeline results(?= |$))))'
The 'BROWSERS' environment variable is undefined. Defaulting to 'ChromeHeadless'.
webpack was not included as a framework in karma configuration, setting this automatically...

START:
(node:89243) [DEP0060] DeprecationWarning: The `util._extend` API is deprecated. Please use Object.assign() instead.
(Use `node --trace-deprecation ...` to show where the warning was created)
[32m02 09 2026 05:41:18.034:INFO [karma-server]: [39mKarma v6.4.4 server started at http://localhost:8089/
[32m02 09 2026 05:41:18.036:INFO [launcher]: [39mLaunching browsers ChromeHeadless with concurrency unlimited
[32m02 09 2026 05:41:18.038:INFO [launcher]: [39mStarting browser ChromeHeadless
[32m02 09 2026 05:41:18.917:INFO [Chrome Headless 152.0.0.0 (Mac OS 10.15.7)]: [39mConnected on socket DoG0L421rFU2sanpAAAB with id 43385004
Chrome Headless 152.0.0.0 (Mac OS 10.15.7) LOG: 'Default Settings: {"host":"localhost:8080","ssl":false}'
Chrome Headless 152.0.0.0 (Mac OS 10.15.7) LOG: 'Default DatabaseId: "(default)"'
  (Persistence=indexeddb) Pipelines
    pipeline results
      ✖ empty snapshot as expected (skipped)
      ✖ full snapshot as expected (skipped)
      ✖ result equals works (skipped)
      ✖ returns execution time (skipped)
      ✖ returns execution time for an empty query (skipped)
      ✖ returns create and update time for each document (skipped)
      ✖ returns execution time for an aggregate query (skipped)
      ✖ returns undefined create and update time for each result in an aggregate query (skipped)
TOTAL: 0 SUCCESS

Finished in 0.003 secs / 0 secs @ 05:41:19 GMT+0800 (Malaysia Time)

SUMMARY:
✔ 0 tests completed
ℹ 8 tests skipped
error Command failed with exit code 1.
info Visit https://yarnpkg.com/en/docs/cli/run for documentation about this command.
yarn run v1.22.22
(node:89286) [DEP0169] DeprecationWarning: `url.parse()` behavior is not standardized and prone to errors that have security implications. Use the WHATWG URL API instead. CVEs are not issued for `url.parse()` vulnerabilities.
(Use `node --trace-deprecation ...` to show where the warning was created)
$ /private/tmp/fireside-phase2-oracles.EJXGdU/firebase-js-sdk/node_modules/.bin/karma start /Users/sanjevirau/Desktop/fireside/conformance/src/webchannel/firebase-js-sdk-karma.conf.cjs --single-run --grep '(?:^\(Persistence=memory_lru_gc\) Pipelines (?:(?:pipeline sources(?= |$))))'
The 'BROWSERS' environment variable is undefined. Defaulting to 'ChromeHeadless'.
webpack was not included as a framework in karma configuration, setting this automatically...

START:
(node:89287) [DEP0060] DeprecationWarning: The `util._extend` API is deprecated. Please use Object.assign() instead.
(Use `node --trace-deprecation ...` to show where the warning was created)
[32m02 09 2026 05:41:19.765:INFO [karma-server]: [39mKarma v6.4.4 server started at http://localhost:8089/
[32m02 09 2026 05:41:19.766:INFO [launcher]: [39mLaunching browsers ChromeHeadless with concurrency unlimited
[32m02 09 2026 05:41:19.768:INFO [launcher]: [39mStarting browser ChromeHeadless
[32m02 09 2026 05:41:20.659:INFO [Chrome Headless 152.0.0.0 (Mac OS 10.15.7)]: [39mConnected on socket MdXdVBqlUTt395S6AAAB with id 19620882
Chrome Headless 152.0.0.0 (Mac OS 10.15.7) LOG: 'Default Settings: {"host":"localhost:8080","ssl":false}'
Chrome Headless 152.0.0.0 (Mac OS 10.15.7) LOG: 'Default DatabaseId: "(default)"'
  (Persistence=memory_lru_gc) Pipelines
    pipeline sources
      ✖ supports CollectionReference as source (skipped)
      ✖ supports list of documents as source (skipped)
      ✖ reject CollectionReference for another DB (skipped)
      ✖ reject DocumentReference for another DB (skipped)
      ✖ supports collection group as source (skipped)
      ✖ supports database as source (skipped)
TOTAL: 0 SUCCESS

Finished in 0.003 secs / 0 secs @ 05:41:20 GMT+0800 (Malaysia Time)

SUMMARY:
✔ 0 tests completed
ℹ 6 tests skipped
error Command failed with exit code 1.
info Visit https://yarnpkg.com/en/docs/cli/run for documentation about this command.
yarn run v1.22.22
(node:89348) [DEP0169] DeprecationWarning: `url.parse()` behavior is not standardized and prone to errors that have security implications. Use the WHATWG URL API instead. CVEs are not issued for `url.parse()` vulnerabilities.
(Use `node --trace-deprecation ...` to show where the warning was created)
$ /private/tmp/fireside-phase2-oracles.EJXGdU/firebase-js-sdk/node_modules/.bin/karma start /Users/sanjevirau/Desktop/fireside/conformance/src/webchannel/firebase-js-sdk-karma.conf.cjs --single-run --grep '(?:^\(Persistence=indexeddb\) Pipelines (?:(?:pipeline sources(?= |$))))'
The 'BROWSERS' environment variable is undefined. Defaulting to 'ChromeHeadless'.
webpack was not included as a framework in karma configuration, setting this automatically...

START:
(node:89349) [DEP0060] DeprecationWarning: The `util._extend` API is deprecated. Please use Object.assign() instead.
(Use `node --trace-deprecation ...` to show where the warning was created)
[32m02 09 2026 05:41:21.573:INFO [karma-server]: [39mKarma v6.4.4 server started at http://localhost:8089/
[32m02 09 2026 05:41:21.574:INFO [launcher]: [39mLaunching browsers ChromeHeadless with concurrency unlimited
[32m02 09 2026 05:41:21.576:INFO [launcher]: [39mStarting browser ChromeHeadless
[32m02 09 2026 05:41:22.489:INFO [Chrome Headless 152.0.0.0 (Mac OS 10.15.7)]: [39mConnected on socket 2baJley5SbuB3y8KAAAB with id 72600671
Chrome Headless 152.0.0.0 (Mac OS 10.15.7) LOG: 'Default Settings: {"host":"localhost:8080","ssl":false}'
Chrome Headless 152.0.0.0 (Mac OS 10.15.7) LOG: 'Default DatabaseId: "(default)"'
  (Persistence=indexeddb) Pipelines
    pipeline sources
      ✖ supports CollectionReference as source (skipped)
      ✖ supports list of documents as source (skipped)
      ✖ reject CollectionReference for another DB (skipped)
      ✖ reject DocumentReference for another DB (skipped)
      ✖ supports collection group as source (skipped)
      ✖ supports database as source (skipped)
TOTAL: 0 SUCCESS

Finished in 0.003 secs / 0 secs @ 05:41:22 GMT+0800 (Malaysia Time)

SUMMARY:
✔ 0 tests completed
ℹ 6 tests skipped
error Command failed with exit code 1.
info Visit https://yarnpkg.com/en/docs/cli/run for documentation about this command.
yarn run v1.22.22
(node:89392) [DEP0169] DeprecationWarning: `url.parse()` behavior is not standardized and prone to errors that have security implications. Use the WHATWG URL API instead. CVEs are not issued for `url.parse()` vulnerabilities.
(Use `node --trace-deprecation ...` to show where the warning was created)
$ /private/tmp/fireside-phase2-oracles.EJXGdU/firebase-js-sdk/node_modules/.bin/karma start /Users/sanjevirau/Desktop/fireside/conformance/src/webchannel/firebase-js-sdk-karma.conf.cjs --single-run --grep '(?:^\(Persistence=memory_lru_gc\) Pipelines (?:(?:supported data types(?= |$))))'
The 'BROWSERS' environment variable is undefined. Defaulting to 'ChromeHeadless'.
webpack was not included as a framework in karma configuration, setting this automatically...

START:
(node:89393) [DEP0060] DeprecationWarning: The `util._extend` API is deprecated. Please use Object.assign() instead.
(Use `node --trace-deprecation ...` to show where the warning was created)
[32m02 09 2026 05:41:23.321:INFO [karma-server]: [39mKarma v6.4.4 server started at http://localhost:8089/
[32m02 09 2026 05:41:23.322:INFO [launcher]: [39mLaunching browsers ChromeHeadless with concurrency unlimited
[32m02 09 2026 05:41:23.324:INFO [launcher]: [39mStarting browser ChromeHeadless
[32m02 09 2026 05:41:24.213:INFO [Chrome Headless 152.0.0.0 (Mac OS 10.15.7)]: [39mConnected on socket hWxLXAU9fcGzkD2JAAAB with id 21029880
Chrome Headless 152.0.0.0 (Mac OS 10.15.7) LOG: 'Default Settings: {"host":"localhost:8080","ssl":false}'
Chrome Headless 152.0.0.0 (Mac OS 10.15.7) LOG: 'Default DatabaseId: "(default)"'
  (Persistence=memory_lru_gc) Pipelines
    supported data types
      ✖ accepts and returns all data types (skipped)
      ✖ throws on undefined in a map (skipped)
      ✖ throws on undefined in an array (skipped)
      ✖ converts arrays and plain objects to functionValues if the customer intent is unspecified (skipped)
      ✖ supports boolean value constants as a BooleanExpression (skipped)
TOTAL: 0 SUCCESS

Finished in 0.003 secs / 0 secs @ 05:41:24 GMT+0800 (Malaysia Time)

SUMMARY:
✔ 0 tests completed
ℹ 5 tests skipped
error Command failed with exit code 1.
info Visit https://yarnpkg.com/en/docs/cli/run for documentation about this command.
yarn run v1.22.22
(node:89436) [DEP0169] DeprecationWarning: `url.parse()` behavior is not standardized and prone to errors that have security implications. Use the WHATWG URL API instead. CVEs are not issued for `url.parse()` vulnerabilities.
(Use `node --trace-deprecation ...` to show where the warning was created)
$ /private/tmp/fireside-phase2-oracles.EJXGdU/firebase-js-sdk/node_modules/.bin/karma start /Users/sanjevirau/Desktop/fireside/conformance/src/webchannel/firebase-js-sdk-karma.conf.cjs --single-run --grep '(?:^\(Persistence=indexeddb\) Pipelines (?:(?:supported data types(?= |$))))'
The 'BROWSERS' environment variable is undefined. Defaulting to 'ChromeHeadless'.
webpack was not included as a framework in karma configuration, setting this automatically...

START:
(node:89438) [DEP0060] DeprecationWarning: The `util._extend` API is deprecated. Please use Object.assign() instead.
(Use `node --trace-deprecation ...` to show where the warning was created)
[32m02 09 2026 05:41:25.062:INFO [karma-server]: [39mKarma v6.4.4 server started at http://localhost:8089/
[32m02 09 2026 05:41:25.063:INFO [launcher]: [39mLaunching browsers ChromeHeadless with concurrency unlimited
[32m02 09 2026 05:41:25.065:INFO [launcher]: [39mStarting browser ChromeHeadless
[32m02 09 2026 05:41:26.007:INFO [Chrome Headless 152.0.0.0 (Mac OS 10.15.7)]: [39mConnected on socket YL2JcJhJfwil01OdAAAB with id 83319166
Chrome Headless 152.0.0.0 (Mac OS 10.15.7) LOG: 'Default Settings: {"host":"localhost:8080","ssl":false}'
Chrome Headless 152.0.0.0 (Mac OS 10.15.7) LOG: 'Default DatabaseId: "(default)"'
  (Persistence=indexeddb) Pipelines
    supported data types
      ✖ accepts and returns all data types (skipped)
      ✖ throws on undefined in a map (skipped)
      ✖ throws on undefined in an array (skipped)
      ✖ converts arrays and plain objects to functionValues if the customer intent is unspecified (skipped)
      ✖ supports boolean value constants as a BooleanExpression (skipped)
TOTAL: 0 SUCCESS

Finished in 0.003 secs / 0 secs @ 05:41:26 GMT+0800 (Malaysia Time)

SUMMARY:
✔ 0 tests completed
ℹ 5 tests skipped
error Command failed with exit code 1.
info Visit https://yarnpkg.com/en/docs/cli/run for documentation about this command.
yarn run v1.22.22
(node:89505) [DEP0169] DeprecationWarning: `url.parse()` behavior is not standardized and prone to errors that have security implications. Use the WHATWG URL API instead. CVEs are not issued for `url.parse()` vulnerabilities.
(Use `node --trace-deprecation ...` to show where the warning was created)
$ /private/tmp/fireside-phase2-oracles.EJXGdU/firebase-js-sdk/node_modules/.bin/karma start /Users/sanjevirau/Desktop/fireside/conformance/src/webchannel/firebase-js-sdk-karma.conf.cjs --single-run --grep '(?:^\(Persistence=memory_lru_gc\) Pipelines (?:(?:stages(?= |$))))'
The 'BROWSERS' environment variable is undefined. Defaulting to 'ChromeHeadless'.
webpack was not included as a framework in karma configuration, setting this automatically...

START:
(node:89506) [DEP0060] DeprecationWarning: The `util._extend` API is deprecated. Please use Object.assign() instead.
(Use `node --trace-deprecation ...` to show where the warning was created)
[32m02 09 2026 05:41:26.883:INFO [karma-server]: [39mKarma v6.4.4 server started at http://localhost:8089/
[32m02 09 2026 05:41:26.885:INFO [launcher]: [39mLaunching browsers ChromeHeadless with concurrency unlimited
[32m02 09 2026 05:41:26.887:INFO [launcher]: [39mStarting browser ChromeHeadless
[32m02 09 2026 05:41:27.780:INFO [Chrome Headless 152.0.0.0 (Mac OS 10.15.7)]: [39mConnected on socket GWsbCKOLaJqi3SYsAAAB with id 82808032
Chrome Headless 152.0.0.0 (Mac OS 10.15.7) LOG: 'Default Settings: {"host":"localhost:8080","ssl":false}'
Chrome Headless 152.0.0.0 (Mac OS 10.15.7) LOG: 'Default DatabaseId: "(default)"'
  (Persistence=memory_lru_gc) Pipelines
    stages
      aggregate stage
        ✖ supports aggregate (skipped)
        ✖ throws on Duplicate aliases (skipped)
        ✖ throws on duplicate group aliases (skipped)
        ✖ supports aggregate options (skipped)
        ✖ rejects groups without accumulators (skipped)
        ✖ returns group and accumulate results (skipped)
        ✖ returns min, max, count, and countAll accumulations (skipped)
        ✖ returns first and last accumulations (skipped)
        ✖ returns arrayAgg accumulations (skipped)
        ✖ returns arrayAggDistinct accumulations (skipped)
        ✖ returns countif accumulation (skipped)
        ✖ returns countDistinct accumulation (skipped)
      distinct stage
        ✖ returns distinct values as expected (skipped)
        ✖ supports options (skipped)
      select stage
        ✖ can select fields (skipped)
        ✖ throws on Duplicate aliases (skipped)
        ✖ supports options (skipped)
      addField stage
        ✖ can add fields (skipped)
        ✖ throws on Duplicate aliases (skipped)
        ✖ supports options (skipped)
      removeFields stage
        ✖ can remove fields (skipped)
        ✖ supports options (skipped)
      findNearest stage
        ✖ can find nearest (skipped)
        ✖ supports options (skipped)
      where stage
        ✖ where with and (2 conditions) (skipped)
        ✖ where with and (3 conditions) (skipped)
        ✖ where with or (skipped)
        ✖ where with xor (skipped)
        ✖ where with nor (skipped)
        ✖ supports options (skipped)
      sort, offset, and limit stages
        ✖ supports sort, offset, and limits (skipped)
        ✖ sort, offset, and limit stages support options (skipped)
      raw stage
        ✖ can select fields (skipped)
        ✖ can add fields (skipped)
        ✖ can filter with where (skipped)
        ✖ can limit, offset, and sort (skipped)
        ✖ can perform aggregate query (skipped)
        ✖ can perform distinct query (skipped)
        ✖ can perform FindNearest query (skipped)
      replaceWith stage
        ✖ run pipeline with replaceWith field name (skipped)
        ✖ run pipeline with replaceWith Expr result (skipped)
        ✖ supports options (skipped)
      sample stage
        ✖ run pipeline with sample limit of 3 (skipped)
        ✖ run pipeline with sample limit of {documents: 3} (skipped)
        ✖ run pipeline with sample limit of {percentage: 0.6} (skipped)
      union stage
        ✖ run pipeline with union (skipped)
        ✖ run pipeline with user data with union (skipped)
        ✖ supports options (skipped)
      unnest stage
        ✖ run pipeline with unnest (skipped)
        ✖ unnest with index field (skipped)
        ✖ unnest an expr (skipped)
        ✖ supports options (skipped)
        ✖ run pipeline with findNearest (skipped)
        ✖ optionally returns the computed distance (skipped)
TOTAL: 0 SUCCESS

Finished in 0.006 secs / 0 secs @ 05:41:27 GMT+0800 (Malaysia Time)

SUMMARY:
✔ 0 tests completed
ℹ 54 tests skipped
error Command failed with exit code 1.
info Visit https://yarnpkg.com/en/docs/cli/run for documentation about this command.
yarn run v1.22.22
(node:89564) [DEP0169] DeprecationWarning: `url.parse()` behavior is not standardized and prone to errors that have security implications. Use the WHATWG URL API instead. CVEs are not issued for `url.parse()` vulnerabilities.
(Use `node --trace-deprecation ...` to show where the warning was created)
$ /private/tmp/fireside-phase2-oracles.EJXGdU/firebase-js-sdk/node_modules/.bin/karma start /Users/sanjevirau/Desktop/fireside/conformance/src/webchannel/firebase-js-sdk-karma.conf.cjs --single-run --grep '(?:^\(Persistence=indexeddb\) Pipelines (?:(?:stages(?= |$))))'
The 'BROWSERS' environment variable is undefined. Defaulting to 'ChromeHeadless'.
webpack was not included as a framework in karma configuration, setting this automatically...

START:
(node:89565) [DEP0060] DeprecationWarning: The `util._extend` API is deprecated. Please use Object.assign() instead.
(Use `node --trace-deprecation ...` to show where the warning was created)
[32m02 09 2026 05:41:28.683:INFO [karma-server]: [39mKarma v6.4.4 server started at http://localhost:8089/
[32m02 09 2026 05:41:28.684:INFO [launcher]: [39mLaunching browsers ChromeHeadless with concurrency unlimited
[32m02 09 2026 05:41:28.686:INFO [launcher]: [39mStarting browser ChromeHeadless
[32m02 09 2026 05:41:29.584:INFO [Chrome Headless 152.0.0.0 (Mac OS 10.15.7)]: [39mConnected on socket awfayEh3Y8u5P_hGAAAB with id 67325
Chrome Headless 152.0.0.0 (Mac OS 10.15.7) LOG: 'Default Settings: {"host":"localhost:8080","ssl":false}'
Chrome Headless 152.0.0.0 (Mac OS 10.15.7) LOG: 'Default DatabaseId: "(default)"'
  (Persistence=indexeddb) Pipelines
    stages
      aggregate stage
        ✖ supports aggregate (skipped)
        ✖ throws on Duplicate aliases (skipped)
        ✖ throws on duplicate group aliases (skipped)
        ✖ supports aggregate options (skipped)
        ✖ rejects groups without accumulators (skipped)
        ✖ returns group and accumulate results (skipped)
        ✖ returns min, max, count, and countAll accumulations (skipped)
        ✖ returns first and last accumulations (skipped)
        ✖ returns arrayAgg accumulations (skipped)
        ✖ returns arrayAggDistinct accumulations (skipped)
        ✖ returns countif accumulation (skipped)
        ✖ returns countDistinct accumulation (skipped)
      distinct stage
        ✖ returns distinct values as expected (skipped)
        ✖ supports options (skipped)
      select stage
        ✖ can select fields (skipped)
        ✖ throws on Duplicate aliases (skipped)
        ✖ supports options (skipped)
      addField stage
        ✖ can add fields (skipped)
        ✖ throws on Duplicate aliases (skipped)
        ✖ supports options (skipped)
      removeFields stage
        ✖ can remove fields (skipped)
        ✖ supports options (skipped)
      findNearest stage
        ✖ can find nearest (skipped)
        ✖ supports options (skipped)
      where stage
        ✖ where with and (2 conditions) (skipped)
        ✖ where with and (3 conditions) (skipped)
        ✖ where with or (skipped)
        ✖ where with xor (skipped)
        ✖ where with nor (skipped)
        ✖ supports options (skipped)
      sort, offset, and limit stages
        ✖ supports sort, offset, and limits (skipped)
        ✖ sort, offset, and limit stages support options (skipped)
      raw stage
        ✖ can select fields (skipped)
        ✖ can add fields (skipped)
        ✖ can filter with where (skipped)
        ✖ can limit, offset, and sort (skipped)
        ✖ can perform aggregate query (skipped)
        ✖ can perform distinct query (skipped)
        ✖ can perform FindNearest query (skipped)
      replaceWith stage
        ✖ run pipeline with replaceWith field name (skipped)
        ✖ run pipeline with replaceWith Expr result (skipped)
        ✖ supports options (skipped)
      sample stage
        ✖ run pipeline with sample limit of 3 (skipped)
        ✖ run pipeline with sample limit of {documents: 3} (skipped)
        ✖ run pipeline with sample limit of {percentage: 0.6} (skipped)
      union stage
        ✖ run pipeline with union (skipped)
        ✖ run pipeline with user data with union (skipped)
        ✖ supports options (skipped)
      unnest stage
        ✖ run pipeline with unnest (skipped)
        ✖ unnest with index field (skipped)
        ✖ unnest an expr (skipped)
        ✖ supports options (skipped)
        ✖ run pipeline with findNearest (skipped)
        ✖ optionally returns the computed distance (skipped)
TOTAL: 0 SUCCESS

Finished in 0.004 secs / 0 secs @ 05:41:29 GMT+0800 (Malaysia Time)

SUMMARY:
✔ 0 tests completed
ℹ 54 tests skipped
error Command failed with exit code 1.
info Visit https://yarnpkg.com/en/docs/cli/run for documentation about this command.
yarn run v1.22.22
(node:89607) [DEP0169] DeprecationWarning: `url.parse()` behavior is not standardized and prone to errors that have security implications. Use the WHATWG URL API instead. CVEs are not issued for `url.parse()` vulnerabilities.
(Use `node --trace-deprecation ...` to show where the warning was created)
$ /private/tmp/fireside-phase2-oracles.EJXGdU/firebase-js-sdk/node_modules/.bin/karma start /Users/sanjevirau/Desktop/fireside/conformance/src/webchannel/firebase-js-sdk-karma.conf.cjs --single-run --grep '(?:^\(Persistence=memory_lru_gc\) Pipelines (?:(?:error handling(?= |$))))'
The 'BROWSERS' environment variable is undefined. Defaulting to 'ChromeHeadless'.
webpack was not included as a framework in karma configuration, setting this automatically...

START:
(node:89608) [DEP0060] DeprecationWarning: The `util._extend` API is deprecated. Please use Object.assign() instead.
(Use `node --trace-deprecation ...` to show where the warning was created)
[32m02 09 2026 05:41:30.456:INFO [karma-server]: [39mKarma v6.4.4 server started at http://localhost:8089/
[32m02 09 2026 05:41:30.457:INFO [launcher]: [39mLaunching browsers ChromeHeadless with concurrency unlimited
[32m02 09 2026 05:41:30.459:INFO [launcher]: [39mStarting browser ChromeHeadless
[32m02 09 2026 05:41:31.403:INFO [Chrome Headless 152.0.0.0 (Mac OS 10.15.7)]: [39mConnected on socket lRyd2dvmyndMHgSgAAAB with id 41134236
Chrome Headless 152.0.0.0 (Mac OS 10.15.7) LOG: 'Default Settings: {"host":"localhost:8080","ssl":false}'
Chrome Headless 152.0.0.0 (Mac OS 10.15.7) LOG: 'Default DatabaseId: "(default)"'
  (Persistence=memory_lru_gc) Pipelines
    error handling
      ✖ error properties are propagated from the firestore backend (skipped)
TOTAL: 0 SUCCESS

Finished in 0.003 secs / 0 secs @ 05:41:31 GMT+0800 (Malaysia Time)

SUMMARY:
✔ 0 tests completed
ℹ 1 test skipped
error Command failed with exit code 1.
info Visit https://yarnpkg.com/en/docs/cli/run for documentation about this command.
yarn run v1.22.22
(node:89670) [DEP0169] DeprecationWarning: `url.parse()` behavior is not standardized and prone to errors that have security implications. Use the WHATWG URL API instead. CVEs are not issued for `url.parse()` vulnerabilities.
(Use `node --trace-deprecation ...` to show where the warning was created)
$ /private/tmp/fireside-phase2-oracles.EJXGdU/firebase-js-sdk/node_modules/.bin/karma start /Users/sanjevirau/Desktop/fireside/conformance/src/webchannel/firebase-js-sdk-karma.conf.cjs --single-run --grep '(?:^\(Persistence=indexeddb\) Pipelines (?:(?:error handling(?= |$))))'
The 'BROWSERS' environment variable is undefined. Defaulting to 'ChromeHeadless'.
webpack was not included as a framework in karma configuration, setting this automatically...

START:
(node:89671) [DEP0060] DeprecationWarning: The `util._extend` API is deprecated. Please use Object.assign() instead.
(Use `node --trace-deprecation ...` to show where the warning was created)
[32m02 09 2026 05:41:32.245:INFO [karma-server]: [39mKarma v6.4.4 server started at http://localhost:8089/
[32m02 09 2026 05:41:32.246:INFO [launcher]: [39mLaunching browsers ChromeHeadless with concurrency unlimited
[32m02 09 2026 05:41:32.248:INFO [launcher]: [39mStarting browser ChromeHeadless
[32m02 09 2026 05:41:33.137:INFO [Chrome Headless 152.0.0.0 (Mac OS 10.15.7)]: [39mConnected on socket -NqE35JOR26_K-CaAAAB with id 52717182
Chrome Headless 152.0.0.0 (Mac OS 10.15.7) LOG: 'Default Settings: {"host":"localhost:8080","ssl":false}'
Chrome Headless 152.0.0.0 (Mac OS 10.15.7) LOG: 'Default DatabaseId: "(default)"'
  (Persistence=indexeddb) Pipelines
    error handling
      ✖ error properties are propagated from the firestore backend (skipped)
TOTAL: 0 SUCCESS

Finished in 0.002 secs / 0 secs @ 05:41:33 GMT+0800 (Malaysia Time)

SUMMARY:
✔ 0 tests completed
ℹ 1 test skipped
error Command failed with exit code 1.
info Visit https://yarnpkg.com/en/docs/cli/run for documentation about this command.
yarn run v1.22.22
(node:89712) [DEP0169] DeprecationWarning: `url.parse()` behavior is not standardized and prone to errors that have security implications. Use the WHATWG URL API instead. CVEs are not issued for `url.parse()` vulnerabilities.
(Use `node --trace-deprecation ...` to show where the warning was created)
$ /private/tmp/fireside-phase2-oracles.EJXGdU/firebase-js-sdk/node_modules/.bin/karma start /Users/sanjevirau/Desktop/fireside/conformance/src/webchannel/firebase-js-sdk-karma.conf.cjs --single-run --grep '(?:^\(Persistence=memory_lru_gc\) Pipelines (?:(?:function expressions(?= |$))))'
The 'BROWSERS' environment variable is undefined. Defaulting to 'ChromeHeadless'.
webpack was not included as a framework in karma configuration, setting this automatically...

START:
(node:89713) [DEP0060] DeprecationWarning: The `util._extend` API is deprecated. Please use Object.assign() instead.
(Use `node --trace-deprecation ...` to show where the warning was created)
[32m02 09 2026 05:41:33.995:INFO [karma-server]: [39mKarma v6.4.4 server started at http://localhost:8089/
[32m02 09 2026 05:41:33.996:INFO [launcher]: [39mLaunching browsers ChromeHeadless with concurrency unlimited
[32m02 09 2026 05:41:33.998:INFO [launcher]: [39mStarting browser ChromeHeadless
[32m02 09 2026 05:41:34.877:INFO [Chrome Headless 152.0.0.0 (Mac OS 10.15.7)]: [39mConnected on socket 5G4BADxzw6Dt1giiAAAB with id 34601244
Chrome Headless 152.0.0.0 (Mac OS 10.15.7) LOG: 'Default Settings: {"host":"localhost:8080","ssl":false}'
Chrome Headless 152.0.0.0 (Mac OS 10.15.7) LOG: 'Default DatabaseId: "(default)"'
  (Persistence=memory_lru_gc) Pipelines
    function expressions
      ✖ logical max works (skipped)
      ✖ logical min works (skipped)
      ✖ conditional works (skipped)
      ✖ equalAny works (skipped)
      ✖ notEqualAny works (skipped)
      ✖ arrayContains works (skipped)
      ✖ arrayContainsAny works (skipped)
      ✖ arrayContainsAll works (skipped)
      ✖ arrayLength works (skipped)
      ✖ testStrConcat (skipped)
      ✖ testStartsWith (skipped)
      ✖ testEndsWith (skipped)
      ✖ testStrContains (skipped)
      ✖ testLength (skipped)
      ✖ testLike (skipped)
      ✖ testRegexContains (skipped)
      ✖ testRegexFind (skipped)
      ✖ testRegexFindAll (skipped)
      ✖ testRegexMatches (skipped)
      ✖ testArithmeticOperations (skipped)
      ✖ testComparisonOperators (skipped)
      ✖ testLogicalOperators (skipped)
      ✖ testChecks (skipped)
      ✖ testMapGet (skipped)
      ✖ testDistanceFunctions (skipped)
      ✖ testVectorLength (skipped)
      ✖ testNestedFields (skipped)
      ✖ test mapGet with field name including . notation (skipped)
      ✖ test mapSet (skipped)
      ✖ test mapKeys (skipped)
      ✖ test mapValues (skipped)
      ✖ test mapEntries (skipped)
      ✖ supports array (skipped)
      ✖ evaluates expression in array (skipped)
      ✖ supports arrayGet (skipped)
      ✖ supports arrayFirst (skipped)
      ✖ supports arrayFilter (skipped)
      ✖ supports arrayFilter with mixed types and nulls (skipped)
      ✖ supports arrayTransform and arrayTransformWithIndex (skipped)
      ✖ supports arrayTransform with empty array and nulls (skipped)
      ✖ supports arraySlice (skipped)
      ✖ arraySlice throws error for negative length (skipped)
      ✖ supports arrayFirstN (skipped)
      ✖ supports arrayLast (skipped)
      ✖ supports arrayLastN (skipped)
      ✖ supports arrayMaximum (skipped)
      ✖ supports arrayMaximumN (skipped)
      ✖ supports arrayMinimum (skipped)
      ✖ supports arrayMinimumN (skipped)
      ✖ supports arrayIndexOf (skipped)
      ✖ supports arrayLastIndexOf (skipped)
      ✖ supports arrayIndexOfAll (skipped)
      ✖ supports map (skipped)
      ✖ evaluates expression in map (skipped)
      ✖ supports mapRemove (skipped)
      ✖ supports mapMerge (skipped)
      ✖ supports timestamp conversions (skipped)
      ✖ supports timestamp math (skipped)
      ✖ supports byteLength (skipped)
      ✖ supports not (skipped)
      ✖ can reverse an array (skipped)
      ✖ can reverse an array with the top-level function (skipped)
      ✖ can compute the ceiling of a numeric value (skipped)
      ✖ can compute the ceiling of a numeric value with the top-level function (skipped)
      ✖ can compute the floor of a numeric value (skipped)
      ✖ can compute the floor of a numeric value with the top-level function (skipped)
      ✖ can compute e to the power of a numeric value (skipped)
      ✖ can compute e to the power of a numeric value with the top-level function (skipped)
      ✖ can compute the power of a numeric value (skipped)
      ✖ can compute the power of a numeric value with the top-level function (skipped)
      ✖ testRand (skipped)
      ✖ can round a numeric value (skipped)
      ✖ can round a numeric value with the top-level function (skipped)
      ✖ can round a numeric value away from zero for positive half-way values (skipped)
      ✖ can round a numeric value away from zero for negative half-way values (skipped)
      ✖ can round a numeric value to specified precision (skipped)
      ✖ can truncate a numeric value (skipped)
      ✖ can truncate a numeric value with the top-level function (skipped)
      ✖ can truncate a numeric value to specified precision (skipped)
      ✖ can get the collectionId from a path (skipped)
      ✖ can get the collectionId from a path with the top-level function (skipped)
      ✖ can compute the length of a string value (skipped)
      ✖ can compute the length of a string value with the top-level function (skipped)
      ✖ can compute the length of an array value (skipped)
      ✖ can compute the length of an array value with the top-level function (skipped)
      ✖ can compute the length of a map value (skipped)
      ✖ can compute the length of a vector value (skipped)
      ✖ can compute the length of a bytes value (skipped)
      ✖ can compute the natural logarithm of a numeric value (skipped)
      ✖ can compute the natural logarithm of a numeric value with the top-level function (skipped)
      ✖ can compute the natural logarithm of a numeric value with the top-level function  (skipped)
      ✖ can compute the logarithm of a numeric value (skipped)
      ✖ can compute the logarithm of a numeric value with the top-level function (skipped)
      ✖ can round a numeric value  (skipped)
      ✖ can round a numeric value with the top-level function  (skipped)
      ✖ can compute the square root of a numeric value (skipped)
      ✖ can compute the square root of a numeric value with the top-level function (skipped)
      ✖ can reverse a string (skipped)
      ✖ can reverse a string with the top-level function (skipped)
      ✖ supports Document_id (skipped)
      ✖ supports parent (skipped)
      ✖ supports substring (skipped)
      ✖ supports substring without length (skipped)
      ✖ test toLower (skipped)
      ✖ test toUpper (skipped)
      ✖ testTrim (skipped)
      ✖ testLTrim (skipped)
      ✖ testRTrim (skipped)
      ✖ testStringRepeat (skipped)
      ✖ testStringReplaceAll (skipped)
      ✖ testStringReplaceOne (skipped)
      ✖ testStringIndexOf (skipped)
      ✖ test reverse (skipped)
      ✖ testAbs (skipped)
      ✖ can compute the base-10 logarithm of a numeric value (skipped)
      ✖ can compute the base-10 logarithm of a numeric value with the top-level function (skipped)
      ✖ can concat fields (skipped)
      ✖ supports currentTimestamp (skipped)
      ✖ supports ifAbsent (skipped)
      ✖ supports ifNull (skipped)
      ✖ supports coalesce (skipped)
      ✖ supports join (skipped)
      ✖ can compute the sum of the elements in an array (skipped)
      ✖ can compute the sum of the elements in an array with the top-level function (skipped)
      ✖ truncate timestamp (skipped)
      ✖ supports timestamp difference (skipped)
      ✖ supports timestamp extraction (skipped)
      ✖ supports split (skipped)
      ✖ supports type (skipped)
      ✖ supports isType (skipped)
      ✖ supports nor (skipped)
      rawFunction
        ✖ add selectable (skipped)
        ✖ and (variadic) selectable (skipped)
        ✖ array contains any (skipped)
        ✖ countif aggregate (skipped)
        ✖ sort by char_len (skipped)
      switchOn
        ✖ supports basic switch (skipped)
        ✖ supports multi-branch switch (skipped)
        ✖ throws if no match and no default (skipped)
TOTAL: 0 SUCCESS

Finished in 0.008 secs / 0 secs @ 05:41:35 GMT+0800 (Malaysia Time)

SUMMARY:
✔ 0 tests completed
ℹ 139 tests skipped
error Command failed with exit code 1.
info Visit https://yarnpkg.com/en/docs/cli/run for documentation about this command.
yarn run v1.22.22
(node:89779) [DEP0169] DeprecationWarning: `url.parse()` behavior is not standardized and prone to errors that have security implications. Use the WHATWG URL API instead. CVEs are not issued for `url.parse()` vulnerabilities.
(Use `node --trace-deprecation ...` to show where the warning was created)
$ /private/tmp/fireside-phase2-oracles.EJXGdU/firebase-js-sdk/node_modules/.bin/karma start /Users/sanjevirau/Desktop/fireside/conformance/src/webchannel/firebase-js-sdk-karma.conf.cjs --single-run --grep '(?:^\(Persistence=indexeddb\) Pipelines (?:(?:function expressions(?= |$))))'
The 'BROWSERS' environment variable is undefined. Defaulting to 'ChromeHeadless'.
webpack was not included as a framework in karma configuration, setting this automatically...

START:
(node:89781) [DEP0060] DeprecationWarning: The `util._extend` API is deprecated. Please use Object.assign() instead.
(Use `node --trace-deprecation ...` to show where the warning was created)
[32m02 09 2026 05:41:35.737:INFO [karma-server]: [39mKarma v6.4.4 server started at http://localhost:8089/
[32m02 09 2026 05:41:35.738:INFO [launcher]: [39mLaunching browsers ChromeHeadless with concurrency unlimited
[32m02 09 2026 05:41:35.741:INFO [launcher]: [39mStarting browser ChromeHeadless
[32m02 09 2026 05:41:36.699:INFO [Chrome Headless 152.0.0.0 (Mac OS 10.15.7)]: [39mConnected on socket JEczczL6CKUI-xFzAAAB with id 1933064
Chrome Headless 152.0.0.0 (Mac OS 10.15.7) LOG: 'Default Settings: {"host":"localhost:8080","ssl":false}'
Chrome Headless 152.0.0.0 (Mac OS 10.15.7) LOG: 'Default DatabaseId: "(default)"'
  (Persistence=indexeddb) Pipelines
    function expressions
      ✖ logical max works (skipped)
      ✖ logical min works (skipped)
      ✖ conditional works (skipped)
      ✖ equalAny works (skipped)
      ✖ notEqualAny works (skipped)
      ✖ arrayContains works (skipped)
      ✖ arrayContainsAny works (skipped)
      ✖ arrayContainsAll works (skipped)
      ✖ arrayLength works (skipped)
      ✖ testStrConcat (skipped)
      ✖ testStartsWith (skipped)
      ✖ testEndsWith (skipped)
      ✖ testStrContains (skipped)
      ✖ testLength (skipped)
      ✖ testLike (skipped)
      ✖ testRegexContains (skipped)
      ✖ testRegexFind (skipped)
      ✖ testRegexFindAll (skipped)
      ✖ testRegexMatches (skipped)
      ✖ testArithmeticOperations (skipped)
      ✖ testComparisonOperators (skipped)
      ✖ testLogicalOperators (skipped)
      ✖ testChecks (skipped)
      ✖ testMapGet (skipped)
      ✖ testDistanceFunctions (skipped)
      ✖ testVectorLength (skipped)
      ✖ testNestedFields (skipped)
      ✖ test mapGet with field name including . notation (skipped)
      ✖ test mapSet (skipped)
      ✖ test mapKeys (skipped)
      ✖ test mapValues (skipped)
      ✖ test mapEntries (skipped)
      ✖ supports array (skipped)
      ✖ evaluates expression in array (skipped)
      ✖ supports arrayGet (skipped)
      ✖ supports arrayFirst (skipped)
      ✖ supports arrayFilter (skipped)
      ✖ supports arrayFilter with mixed types and nulls (skipped)
      ✖ supports arrayTransform and arrayTransformWithIndex (skipped)
      ✖ supports arrayTransform with empty array and nulls (skipped)
      ✖ supports arraySlice (skipped)
      ✖ arraySlice throws error for negative length (skipped)
      ✖ supports arrayFirstN (skipped)
      ✖ supports arrayLast (skipped)
      ✖ supports arrayLastN (skipped)
      ✖ supports arrayMaximum (skipped)
      ✖ supports arrayMaximumN (skipped)
      ✖ supports arrayMinimum (skipped)
      ✖ supports arrayMinimumN (skipped)
      ✖ supports arrayIndexOf (skipped)
      ✖ supports arrayLastIndexOf (skipped)
      ✖ supports arrayIndexOfAll (skipped)
      ✖ supports map (skipped)
      ✖ evaluates expression in map (skipped)
      ✖ supports mapRemove (skipped)
      ✖ supports mapMerge (skipped)
      ✖ supports timestamp conversions (skipped)
      ✖ supports timestamp math (skipped)
      ✖ supports byteLength (skipped)
      ✖ supports not (skipped)
      ✖ can reverse an array (skipped)
      ✖ can reverse an array with the top-level function (skipped)
      ✖ can compute the ceiling of a numeric value (skipped)
      ✖ can compute the ceiling of a numeric value with the top-level function (skipped)
      ✖ can compute the floor of a numeric value (skipped)
      ✖ can compute the floor of a numeric value with the top-level function (skipped)
      ✖ can compute e to the power of a numeric value (skipped)
      ✖ can compute e to the power of a numeric value with the top-level function (skipped)
      ✖ can compute the power of a numeric value (skipped)
      ✖ can compute the power of a numeric value with the top-level function (skipped)
      ✖ testRand (skipped)
      ✖ can round a numeric value (skipped)
      ✖ can round a numeric value with the top-level function (skipped)
      ✖ can round a numeric value away from zero for positive half-way values (skipped)
      ✖ can round a numeric value away from zero for negative half-way values (skipped)
      ✖ can round a numeric value to specified precision (skipped)
      ✖ can truncate a numeric value (skipped)
      ✖ can truncate a numeric value with the top-level function (skipped)
      ✖ can truncate a numeric value to specified precision (skipped)
      ✖ can get the collectionId from a path (skipped)
      ✖ can get the collectionId from a path with the top-level function (skipped)
      ✖ can compute the length of a string value (skipped)
      ✖ can compute the length of a string value with the top-level function (skipped)
      ✖ can compute the length of an array value (skipped)
      ✖ can compute the length of an array value with the top-level function (skipped)
      ✖ can compute the length of a map value (skipped)
      ✖ can compute the length of a vector value (skipped)
      ✖ can compute the length of a bytes value (skipped)
      ✖ can compute the natural logarithm of a numeric value (skipped)
      ✖ can compute the natural logarithm of a numeric value with the top-level function (skipped)
      ✖ can compute the natural logarithm of a numeric value with the top-level function  (skipped)
      ✖ can compute the logarithm of a numeric value (skipped)
      ✖ can compute the logarithm of a numeric value with the top-level function (skipped)
      ✖ can round a numeric value  (skipped)
      ✖ can round a numeric value with the top-level function  (skipped)
      ✖ can compute the square root of a numeric value (skipped)
      ✖ can compute the square root of a numeric value with the top-level function (skipped)
      ✖ can reverse a string (skipped)
      ✖ can reverse a string with the top-level function (skipped)
      ✖ supports Document_id (skipped)
      ✖ supports parent (skipped)
      ✖ supports substring (skipped)
      ✖ supports substring without length (skipped)
      ✖ test toLower (skipped)
      ✖ test toUpper (skipped)
      ✖ testTrim (skipped)
      ✖ testLTrim (skipped)
      ✖ testRTrim (skipped)
      ✖ testStringRepeat (skipped)
      ✖ testStringReplaceAll (skipped)
      ✖ testStringReplaceOne (skipped)
      ✖ testStringIndexOf (skipped)
      ✖ test reverse (skipped)
      ✖ testAbs (skipped)
      ✖ can compute the base-10 logarithm of a numeric value (skipped)
      ✖ can compute the base-10 logarithm of a numeric value with the top-level function (skipped)
      ✖ can concat fields (skipped)
      ✖ supports currentTimestamp (skipped)
      ✖ supports ifAbsent (skipped)
      ✖ supports ifNull (skipped)
      ✖ supports coalesce (skipped)
      ✖ supports join (skipped)
      ✖ can compute the sum of the elements in an array (skipped)
      ✖ can compute the sum of the elements in an array with the top-level function (skipped)
      ✖ truncate timestamp (skipped)
      ✖ supports timestamp difference (skipped)
      ✖ supports timestamp extraction (skipped)
      ✖ supports split (skipped)
      ✖ supports type (skipped)
      ✖ supports isType (skipped)
      ✖ supports nor (skipped)
      rawFunction
        ✖ add selectable (skipped)
        ✖ and (variadic) selectable (skipped)
        ✖ array contains any (skipped)
        ✖ countif aggregate (skipped)
        ✖ sort by char_len (skipped)
      switchOn
        ✖ supports basic switch (skipped)
        ✖ supports multi-branch switch (skipped)
        ✖ throws if no match and no default (skipped)
TOTAL: 0 SUCCESS

Finished in 0.008 secs / 0 secs @ 05:41:36 GMT+0800 (Malaysia Time)

SUMMARY:
✔ 0 tests completed
ℹ 139 tests skipped
error Command failed with exit code 1.
info Visit https://yarnpkg.com/en/docs/cli/run for documentation about this command.
yarn run v1.22.22
(node:89836) [DEP0169] DeprecationWarning: `url.parse()` behavior is not standardized and prone to errors that have security implications. Use the WHATWG URL API instead. CVEs are not issued for `url.parse()` vulnerabilities.
(Use `node --trace-deprecation ...` to show where the warning was created)
$ /private/tmp/fireside-phase2-oracles.EJXGdU/firebase-js-sdk/node_modules/.bin/karma start /Users/sanjevirau/Desktop/fireside/conformance/src/webchannel/firebase-js-sdk-karma.conf.cjs --single-run --grep '(?:^\(Persistence=memory_lru_gc\) Pipelines (?:(?:pagination(?= |$))))'
The 'BROWSERS' environment variable is undefined. Defaulting to 'ChromeHeadless'.
webpack was not included as a framework in karma configuration, setting this automatically...

START:
(node:89837) [DEP0060] DeprecationWarning: The `util._extend` API is deprecated. Please use Object.assign() instead.
(Use `node --trace-deprecation ...` to show where the warning was created)
[32m02 09 2026 05:41:37.542:INFO [karma-server]: [39mKarma v6.4.4 server started at http://localhost:8089/
[32m02 09 2026 05:41:37.543:INFO [launcher]: [39mLaunching browsers ChromeHeadless with concurrency unlimited
[32m02 09 2026 05:41:37.545:INFO [launcher]: [39mStarting browser ChromeHeadless
[32m02 09 2026 05:41:38.434:INFO [Chrome Headless 152.0.0.0 (Mac OS 10.15.7)]: [39mConnected on socket cuYJH7Kw1ObYG8eSAAAB with id 24860368
Chrome Headless 152.0.0.0 (Mac OS 10.15.7) LOG: 'Default Settings: {"host":"localhost:8080","ssl":false}'
Chrome Headless 152.0.0.0 (Mac OS 10.15.7) LOG: 'Default DatabaseId: "(default)"'
  (Persistence=memory_lru_gc) Pipelines
    pagination
      ✖ supports pagination with filters (skipped)
      ✖ supports pagination with offsets (skipped)
TOTAL: 0 SUCCESS

Finished in 0.002 secs / 0 secs @ 05:41:38 GMT+0800 (Malaysia Time)

SUMMARY:
✔ 0 tests completed
ℹ 2 tests skipped
error Command failed with exit code 1.
info Visit https://yarnpkg.com/en/docs/cli/run for documentation about this command.
yarn run v1.22.22
(node:89880) [DEP0169] DeprecationWarning: `url.parse()` behavior is not standardized and prone to errors that have security implications. Use the WHATWG URL API instead. CVEs are not issued for `url.parse()` vulnerabilities.
(Use `node --trace-deprecation ...` to show where the warning was created)
$ /private/tmp/fireside-phase2-oracles.EJXGdU/firebase-js-sdk/node_modules/.bin/karma start /Users/sanjevirau/Desktop/fireside/conformance/src/webchannel/firebase-js-sdk-karma.conf.cjs --single-run --grep '(?:^\(Persistence=indexeddb\) Pipelines (?:(?:pagination(?= |$))))'
The 'BROWSERS' environment variable is undefined. Defaulting to 'ChromeHeadless'.
webpack was not included as a framework in karma configuration, setting this automatically...

START:
(node:89881) [DEP0060] DeprecationWarning: The `util._extend` API is deprecated. Please use Object.assign() instead.
(Use `node --trace-deprecation ...` to show where the warning was created)
[32m02 09 2026 05:41:39.299:INFO [karma-server]: [39mKarma v6.4.4 server started at http://localhost:8089/
[32m02 09 2026 05:41:39.300:INFO [launcher]: [39mLaunching browsers ChromeHeadless with concurrency unlimited
[32m02 09 2026 05:41:39.302:INFO [launcher]: [39mStarting browser ChromeHeadless
[32m02 09 2026 05:41:40.197:INFO [Chrome Headless 152.0.0.0 (Mac OS 10.15.7)]: [39mConnected on socket G3qXXqLZOW_xD3imAAAB with id 89659822
Chrome Headless 152.0.0.0 (Mac OS 10.15.7) LOG: 'Default Settings: {"host":"localhost:8080","ssl":false}'
Chrome Headless 152.0.0.0 (Mac OS 10.15.7) LOG: 'Default DatabaseId: "(default)"'
  (Persistence=indexeddb) Pipelines
    pagination
      ✖ supports pagination with filters (skipped)
      ✖ supports pagination with offsets (skipped)
TOTAL: 0 SUCCESS

Finished in 0.002 secs / 0 secs @ 05:41:40 GMT+0800 (Malaysia Time)

SUMMARY:
✔ 0 tests completed
ℹ 2 tests skipped
error Command failed with exit code 1.
info Visit https://yarnpkg.com/en/docs/cli/run for documentation about this command.
yarn run v1.22.22
(node:89922) [DEP0169] DeprecationWarning: `url.parse()` behavior is not standardized and prone to errors that have security implications. Use the WHATWG URL API instead. CVEs are not issued for `url.parse()` vulnerabilities.
(Use `node --trace-deprecation ...` to show where the warning was created)
$ /private/tmp/fireside-phase2-oracles.EJXGdU/firebase-js-sdk/node_modules/.bin/karma start /Users/sanjevirau/Desktop/fireside/conformance/src/webchannel/firebase-js-sdk-karma.conf.cjs --single-run --grep '(?:^\(Persistence=memory_lru_gc\) Pipelines (?:(?:stage options(?= |$))))'
The 'BROWSERS' environment variable is undefined. Defaulting to 'ChromeHeadless'.
webpack was not included as a framework in karma configuration, setting this automatically...

START:
(node:89923) [DEP0060] DeprecationWarning: The `util._extend` API is deprecated. Please use Object.assign() instead.
(Use `node --trace-deprecation ...` to show where the warning was created)
[32m02 09 2026 05:41:41.103:INFO [karma-server]: [39mKarma v6.4.4 server started at http://localhost:8089/
[32m02 09 2026 05:41:41.104:INFO [launcher]: [39mLaunching browsers ChromeHeadless with concurrency unlimited
[32m02 09 2026 05:41:41.105:INFO [launcher]: [39mStarting browser ChromeHeadless
[32m02 09 2026 05:41:42.026:INFO [Chrome Headless 152.0.0.0 (Mac OS 10.15.7)]: [39mConnected on socket TU58J5AR64B0_tLkAAAB with id 2431022
Chrome Headless 152.0.0.0 (Mac OS 10.15.7) LOG: 'Default Settings: {"host":"localhost:8080","ssl":false}'
Chrome Headless 152.0.0.0 (Mac OS 10.15.7) LOG: 'Default DatabaseId: "(default)"'
  (Persistence=memory_lru_gc) Pipelines
    stage options
      forceIndex
        ✖ Collection Stage (skipped)
        ✖ CollectionGroup Stage (skipped)
TOTAL: 0 SUCCESS

Finished in 0.002 secs / 0 secs @ 05:41:42 GMT+0800 (Malaysia Time)

SUMMARY:
✔ 0 tests completed
ℹ 2 tests skipped
error Command failed with exit code 1.
info Visit https://yarnpkg.com/en/docs/cli/run for documentation about this command.
yarn run v1.22.22
(node:89966) [DEP0169] DeprecationWarning: `url.parse()` behavior is not standardized and prone to errors that have security implications. Use the WHATWG URL API instead. CVEs are not issued for `url.parse()` vulnerabilities.
(Use `node --trace-deprecation ...` to show where the warning was created)
$ /private/tmp/fireside-phase2-oracles.EJXGdU/firebase-js-sdk/node_modules/.bin/karma start /Users/sanjevirau/Desktop/fireside/conformance/src/webchannel/firebase-js-sdk-karma.conf.cjs --single-run --grep '(?:^\(Persistence=indexeddb\) Pipelines (?:(?:stage options(?= |$))))'
The 'BROWSERS' environment variable is undefined. Defaulting to 'ChromeHeadless'.
webpack was not included as a framework in karma configuration, setting this automatically...

START:
(node:89967) [DEP0060] DeprecationWarning: The `util._extend` API is deprecated. Please use Object.assign() instead.
(Use `node --trace-deprecation ...` to show where the warning was created)
[32m02 09 2026 05:41:42.903:INFO [karma-server]: [39mKarma v6.4.4 server started at http://localhost:8089/
[32m02 09 2026 05:41:42.904:INFO [launcher]: [39mLaunching browsers ChromeHeadless with concurrency unlimited
[32m02 09 2026 05:41:42.907:INFO [launcher]: [39mStarting browser ChromeHeadless
[32m02 09 2026 05:41:43.806:INFO [Chrome Headless 152.0.0.0 (Mac OS 10.15.7)]: [39mConnected on socket 4fdhEjh9_OFoXBGQAAAB with id 46671579
Chrome Headless 152.0.0.0 (Mac OS 10.15.7) LOG: 'Default Settings: {"host":"localhost:8080","ssl":false}'
Chrome Headless 152.0.0.0 (Mac OS 10.15.7) LOG: 'Default DatabaseId: "(default)"'
  (Persistence=indexeddb) Pipelines
    stage options
      forceIndex
        ✖ Collection Stage (skipped)
        ✖ CollectionGroup Stage (skipped)
TOTAL: 0 SUCCESS

Finished in 0.003 secs / 0 secs @ 05:41:43 GMT+0800 (Malaysia Time)

SUMMARY:
✔ 0 tests completed
ℹ 2 tests skipped
error Command failed with exit code 1.
info Visit https://yarnpkg.com/en/docs/cli/run for documentation about this command.
yarn run v1.22.22
(node:90013) [DEP0169] DeprecationWarning: `url.parse()` behavior is not standardized and prone to errors that have security implications. Use the WHATWG URL API instead. CVEs are not issued for `url.parse()` vulnerabilities.
(Use `node --trace-deprecation ...` to show where the warning was created)
$ /private/tmp/fireside-phase2-oracles.EJXGdU/firebase-js-sdk/node_modules/.bin/karma start /Users/sanjevirau/Desktop/fireside/conformance/src/webchannel/firebase-js-sdk-karma.conf.cjs --single-run --grep '(?:^\(Persistence=memory_lru_gc\) Pipelines (?:(?:subquery(?= |$))))'
The 'BROWSERS' environment variable is undefined. Defaulting to 'ChromeHeadless'.
webpack was not included as a framework in karma configuration, setting this automatically...

START:
(node:90016) [DEP0060] DeprecationWarning: The `util._extend` API is deprecated. Please use Object.assign() instead.
(Use `node --trace-deprecation ...` to show where the warning was created)
[32m02 09 2026 05:41:44.655:INFO [karma-server]: [39mKarma v6.4.4 server started at http://localhost:8089/
[32m02 09 2026 05:41:44.656:INFO [launcher]: [39mLaunching browsers ChromeHeadless with concurrency unlimited
[32m02 09 2026 05:41:44.659:INFO [launcher]: [39mStarting browser ChromeHeadless
[32m02 09 2026 05:41:45.563:INFO [Chrome Headless 152.0.0.0 (Mac OS 10.15.7)]: [39mConnected on socket emt63Bwz48-h27HrAAAB with id 75638516
Chrome Headless 152.0.0.0 (Mac OS 10.15.7) LOG: 'Default Settings: {"host":"localhost:8080","ssl":false}'
Chrome Headless 152.0.0.0 (Mac OS 10.15.7) LOG: 'Default DatabaseId: "(default)"'
  (Persistence=memory_lru_gc) Pipelines
    subquery
      ✖ zero result scalar returns null (skipped)
      ✖ array subquery join and empty result (skipped)
      ✖ multiple array subqueries (skipped)
      ✖ array subquery join multiple fields preserves map (skipped)
      ✖ array subquery in where stage on books (skipped)
      ✖ scalar subquery single aggregation unwrapping (skipped)
      ✖ scalar subquery multiple aggregations map wrapping (skipped)
      ✖ scalar subquery zero results (skipped)
      ✖ scalar subquery multiple results runtime error (skipped)
      ✖ mixed scalar and array subqueries (skipped)
      ✖ single scope variable usage (skipped)
      ✖ explicit field binding scope bridging (skipped)
      ✖ multiple variable bindings (skipped)
      ✖ current document binding (skipped)
      ✖ unbound variable corner case (skipped)
      ✖ variable shadowing collision (skipped)
      ✖ missing field on current document (skipped)
      ✖ 3 level deep join (skipped)
      ✖ deep aggregation (skipped)
      ✖ pipeline stage support 9 layers (skipped)
      ✖ standard subcollection query (skipped)
      ✖ missing subcollection (skipped)
      ✖ direct execution of subcollection pipeline (skipped)
TOTAL: 0 SUCCESS

Finished in 0.004 secs / 0 secs @ 05:41:45 GMT+0800 (Malaysia Time)

SUMMARY:
✔ 0 tests completed
ℹ 23 tests skipped
error Command failed with exit code 1.
info Visit https://yarnpkg.com/en/docs/cli/run for documentation about this command.
yarn run v1.22.22
(node:90078) [DEP0169] DeprecationWarning: `url.parse()` behavior is not standardized and prone to errors that have security implications. Use the WHATWG URL API instead. CVEs are not issued for `url.parse()` vulnerabilities.
(Use `node --trace-deprecation ...` to show where the warning was created)
$ /private/tmp/fireside-phase2-oracles.EJXGdU/firebase-js-sdk/node_modules/.bin/karma start /Users/sanjevirau/Desktop/fireside/conformance/src/webchannel/firebase-js-sdk-karma.conf.cjs --single-run --grep '(?:^\(Persistence=indexeddb\) Pipelines (?:(?:subquery(?= |$))))'
The 'BROWSERS' environment variable is undefined. Defaulting to 'ChromeHeadless'.
webpack was not included as a framework in karma configuration, setting this automatically...

START:
(node:90079) [DEP0060] DeprecationWarning: The `util._extend` API is deprecated. Please use Object.assign() instead.
(Use `node --trace-deprecation ...` to show where the warning was created)
[32m02 09 2026 05:41:46.454:INFO [karma-server]: [39mKarma v6.4.4 server started at http://localhost:8089/
[32m02 09 2026 05:41:46.456:INFO [launcher]: [39mLaunching browsers ChromeHeadless with concurrency unlimited
[32m02 09 2026 05:41:46.458:INFO [launcher]: [39mStarting browser ChromeHeadless
[32m02 09 2026 05:41:47.344:INFO [Chrome Headless 152.0.0.0 (Mac OS 10.15.7)]: [39mConnected on socket tlucDyDjqTBPZ_IkAAAB with id 85182175
Chrome Headless 152.0.0.0 (Mac OS 10.15.7) LOG: 'Default Settings: {"host":"localhost:8080","ssl":false}'
Chrome Headless 152.0.0.0 (Mac OS 10.15.7) LOG: 'Default DatabaseId: "(default)"'
  (Persistence=indexeddb) Pipelines
    subquery
      ✖ zero result scalar returns null (skipped)
      ✖ array subquery join and empty result (skipped)
      ✖ multiple array subqueries (skipped)
      ✖ array subquery join multiple fields preserves map (skipped)
      ✖ array subquery in where stage on books (skipped)
      ✖ scalar subquery single aggregation unwrapping (skipped)
      ✖ scalar subquery multiple aggregations map wrapping (skipped)
      ✖ scalar subquery zero results (skipped)
      ✖ scalar subquery multiple results runtime error (skipped)
      ✖ mixed scalar and array subqueries (skipped)
      ✖ single scope variable usage (skipped)
      ✖ explicit field binding scope bridging (skipped)
      ✖ multiple variable bindings (skipped)
      ✖ current document binding (skipped)
      ✖ unbound variable corner case (skipped)
      ✖ variable shadowing collision (skipped)
      ✖ missing field on current document (skipped)
      ✖ 3 level deep join (skipped)
      ✖ deep aggregation (skipped)
      ✖ pipeline stage support 9 layers (skipped)
      ✖ standard subcollection query (skipped)
      ✖ missing subcollection (skipped)
      ✖ direct execution of subcollection pipeline (skipped)
TOTAL: 0 SUCCESS

Finished in 0.003 secs / 0 secs @ 05:41:47 GMT+0800 (Malaysia Time)

SUMMARY:
✔ 0 tests completed
ℹ 23 tests skipped
error Command failed with exit code 1.
info Visit https://yarnpkg.com/en/docs/cli/run for documentation about this command.
yarn run v1.22.22
(node:90114) [DEP0169] DeprecationWarning: `url.parse()` behavior is not standardized and prone to errors that have security implications. Use the WHATWG URL API instead. CVEs are not issued for `url.parse()` vulnerabilities.
(Use `node --trace-deprecation ...` to show where the warning was created)
$ /private/tmp/fireside-phase2-oracles.EJXGdU/firebase-js-sdk/node_modules/.bin/karma start /Users/sanjevirau/Desktop/fireside/conformance/src/webchannel/firebase-js-sdk-karma.conf.cjs --single-run --grep '(?:^Firestore Provider(?= |$))'
The 'BROWSERS' environment variable is undefined. Defaulting to 'ChromeHeadless'.
webpack was not included as a framework in karma configuration, setting this automatically...

START:
(node:90115) [DEP0060] DeprecationWarning: The `util._extend` API is deprecated. Please use Object.assign() instead.
(Use `node --trace-deprecation ...` to show where the warning was created)
[32m02 09 2026 05:41:48.208:INFO [karma-server]: [39mKarma v6.4.4 server started at http://localhost:8089/
[32m02 09 2026 05:41:48.209:INFO [launcher]: [39mLaunching browsers ChromeHeadless with concurrency unlimited
[32m02 09 2026 05:41:48.211:INFO [launcher]: [39mStarting browser ChromeHeadless
[32m02 09 2026 05:41:49.105:INFO [Chrome Headless 152.0.0.0 (Mac OS 10.15.7)]: [39mConnected on socket aRhdk6tZJXjYYrsdAAAB with id 89094437
Chrome Headless 152.0.0.0 (Mac OS 10.15.7) LOG: 'Default Settings: {"host":"localhost:8080","ssl":false}'
Chrome Headless 152.0.0.0 (Mac OS 10.15.7) LOG: 'Default DatabaseId: "(default)"'
  Firestore Provider
    ✔ can provide setting
    ✔ returns same default instance from named app
    ✔ returns different instance from named app
    ✔ returns same default instance from default app
    ✔ returns different instance from different named app
    ✔ can call initializeFirestore() twice if settings are same
WARN: '[2026-09-01T21:41:49.251Z]  @firebase/firestore:', 'Firestore (12.18.0): enableIndexedDbPersistence() will be deprecated in the future, you can use `FirestoreSettings.cache` instead.'
    ✔ can still use enableIndexedDbPersistence()
WARN: '[2026-09-01T21:41:49.295Z]  @firebase/firestore:', 'Firestore (12.18.0): enableIndexedDbPersistence() will be deprecated in the future, you can use `FirestoreSettings.cache` instead.'
    ✔ cannot mix enableIndexedDbPersistence() and settings.cache
    ✔ cannot use once terminated
    ✔ can call terminate() multiple times
    ✔ passes API key to database info
TOTAL: 11 SUCCESS

Finished in 0.055 secs / 0.051 secs @ 05:41:49 GMT+0800 (Malaysia Time)

SUMMARY:
✔ 11 tests completed
Done in 1.71s.
yarn run v1.22.22
(node:90174) [DEP0169] DeprecationWarning: `url.parse()` behavior is not standardized and prone to errors that have security implications. Use the WHATWG URL API instead. CVEs are not issued for `url.parse()` vulnerabilities.
(Use `node --trace-deprecation ...` to show where the warning was created)
$ /private/tmp/fireside-phase2-oracles.EJXGdU/firebase-js-sdk/node_modules/.bin/karma start /Users/sanjevirau/Desktop/fireside/conformance/src/webchannel/firebase-js-sdk-karma.conf.cjs --single-run --grep '(?:^\(Persistence=memory_lru_gc\) Queries (?:(?:QuerySnapshot\.toJSON bundle getDocFromCache(?= |$)|can issue limit queries(?! (?:using descending sort order)(?: |$))(?= |$)|cannot issue limitToLast queries without explicit order-by(?= |$)|can issue limit queries using descending sort order(?= |$)|can issue limitToLast queries using descending sort order(?= |$))))'
The 'BROWSERS' environment variable is undefined. Defaulting to 'ChromeHeadless'.
webpack was not included as a framework in karma configuration, setting this automatically...

START:
(node:90175) [DEP0060] DeprecationWarning: The `util._extend` API is deprecated. Please use Object.assign() instead.
(Use `node --trace-deprecation ...` to show where the warning was created)
[32m02 09 2026 05:41:50.029:INFO [karma-server]: [39mKarma v6.4.4 server started at http://localhost:8089/
[32m02 09 2026 05:41:50.030:INFO [launcher]: [39mLaunching browsers ChromeHeadless with concurrency unlimited
[32m02 09 2026 05:41:50.032:INFO [launcher]: [39mStarting browser ChromeHeadless
[32m02 09 2026 05:41:50.927:INFO [Chrome Headless 152.0.0.0 (Mac OS 10.15.7)]: [39mConnected on socket HxT1phta2Ogx6jYNAAAB with id 82049617
Chrome Headless 152.0.0.0 (Mac OS 10.15.7) LOG: 'Default Settings: {"host":"localhost:8080","ssl":false}'
Chrome Headless 152.0.0.0 (Mac OS 10.15.7) LOG: 'Default DatabaseId: "(default)"'
  (Persistence=memory_lru_gc) Queries
    ✔ QuerySnapshot.toJSON bundle getDocFromCache
    ✔ can issue limit queries
    ✔ cannot issue limitToLast queries without explicit order-by
    ✔ can issue limit queries using descending sort order
    ✔ can issue limitToLast queries using descending sort order
TOTAL: 5 SUCCESS

Finished in 0.13 secs / 0.128 secs @ 05:41:51 GMT+0800 (Malaysia Time)

SUMMARY:
✔ 5 tests completed
Done in 1.81s.
yarn run v1.22.22
(node:90216) [DEP0169] DeprecationWarning: `url.parse()` behavior is not standardized and prone to errors that have security implications. Use the WHATWG URL API instead. CVEs are not issued for `url.parse()` vulnerabilities.
(Use `node --trace-deprecation ...` to show where the warning was created)
$ /private/tmp/fireside-phase2-oracles.EJXGdU/firebase-js-sdk/node_modules/.bin/karma start /Users/sanjevirau/Desktop/fireside/conformance/src/webchannel/firebase-js-sdk-karma.conf.cjs --single-run --grep '(?:^\(Persistence=indexeddb\) Queries (?:(?:QuerySnapshot\.toJSON bundle getDocFromCache(?= |$)|can issue limit queries(?! (?:using descending sort order)(?: |$))(?= |$)|cannot issue limitToLast queries without explicit order-by(?= |$)|can issue limit queries using descending sort order(?= |$)|can issue limitToLast queries using descending sort order(?= |$))))'
The 'BROWSERS' environment variable is undefined. Defaulting to 'ChromeHeadless'.
webpack was not included as a framework in karma configuration, setting this automatically...

START:
(node:90217) [DEP0060] DeprecationWarning: The `util._extend` API is deprecated. Please use Object.assign() instead.
(Use `node --trace-deprecation ...` to show where the warning was created)
[32m02 09 2026 05:41:51.927:INFO [karma-server]: [39mKarma v6.4.4 server started at http://localhost:8089/
[32m02 09 2026 05:41:51.929:INFO [launcher]: [39mLaunching browsers ChromeHeadless with concurrency unlimited
[32m02 09 2026 05:41:51.931:INFO [launcher]: [39mStarting browser ChromeHeadless
[32m02 09 2026 05:41:52.832:INFO [Chrome Headless 152.0.0.0 (Mac OS 10.15.7)]: [39mConnected on socket hGxlJP5ALdZcVuwIAAAB with id 3092786
Chrome Headless 152.0.0.0 (Mac OS 10.15.7) LOG: 'Default Settings: {"host":"localhost:8080","ssl":false}'
Chrome Headless 152.0.0.0 (Mac OS 10.15.7) LOG: 'Default DatabaseId: "(default)"'
  (Persistence=indexeddb) Queries
    ✔ QuerySnapshot.toJSON bundle getDocFromCache
    ✔ can issue limit queries
    ✔ cannot issue limitToLast queries without explicit order-by
    ✔ can issue limit queries using descending sort order
    ✔ can issue limitToLast queries using descending sort order
TOTAL: 5 SUCCESS

Finished in 0.23 secs / 0.226 secs @ 05:41:53 GMT+0800 (Malaysia Time)

SUMMARY:
✔ 5 tests completed
Done in 1.88s.
yarn run v1.22.22
(node:90261) [DEP0169] DeprecationWarning: `url.parse()` behavior is not standardized and prone to errors that have security implications. Use the WHATWG URL API instead. CVEs are not issued for `url.parse()` vulnerabilities.
(Use `node --trace-deprecation ...` to show where the warning was created)
$ /private/tmp/fireside-phase2-oracles.EJXGdU/firebase-js-sdk/node_modules/.bin/karma start /Users/sanjevirau/Desktop/fireside/conformance/src/webchannel/firebase-js-sdk-karma.conf.cjs --single-run --grep '(?:^\(Persistence=memory_lru_gc\) Queries (?:(?:can listen to limitToLast queries(?= |$)|can listen/unlisten/relisten to mirror queries(?= |$)|can issue limitToLast queries with cursors(?= |$)|key order is descending for descending inequality(?= |$)|can use unary filters(?= |$))))'
The 'BROWSERS' environment variable is undefined. Defaulting to 'ChromeHeadless'.
webpack was not included as a framework in karma configuration, setting this automatically...

START:
(node:90263) [DEP0060] DeprecationWarning: The `util._extend` API is deprecated. Please use Object.assign() instead.
(Use `node --trace-deprecation ...` to show where the warning was created)
[32m02 09 2026 05:41:53.905:INFO [karma-server]: [39mKarma v6.4.4 server started at http://localhost:8089/
[32m02 09 2026 05:41:53.906:INFO [launcher]: [39mLaunching browsers ChromeHeadless with concurrency unlimited
[32m02 09 2026 05:41:53.909:INFO [launcher]: [39mStarting browser ChromeHeadless
[32m02 09 2026 05:41:54.799:INFO [Chrome Headless 152.0.0.0 (Mac OS 10.15.7)]: [39mConnected on socket o3mumuAq4i3e5ctvAAAB with id 62963656
Chrome Headless 152.0.0.0 (Mac OS 10.15.7) LOG: 'Default Settings: {"host":"localhost:8080","ssl":false}'
Chrome Headless 152.0.0.0 (Mac OS 10.15.7) LOG: 'Default DatabaseId: "(default)"'
ERROR: '[2026-09-01T21:41:55.010Z]  @firebase/firestore:', 'Firestore (12.18.0): Uncaught Error in snapshot listener:', 'FirebaseError: [code=aborted]: Firestore shutting down'
  (Persistence=memory_lru_gc) Queries
    ✔ can listen to limitToLast queries
ERROR: '[2026-09-01T21:41:55.077Z]  @firebase/firestore:', 'Firestore (12.18.0): Uncaught Error in snapshot listener:', 'FirebaseError: [code=aborted]: Firestore shutting down'
ERROR: '[2026-09-01T21:41:55.077Z]  @firebase/firestore:', 'Firestore (12.18.0): Uncaught Error in snapshot listener:', 'FirebaseError: [code=aborted]: Firestore shutting down'
    ✔ can listen/unlisten/relisten to mirror queries
    ✔ can issue limitToLast queries with cursors
    ✔ key order is descending for descending inequality
    ✔ can use unary filters
TOTAL: 5 SUCCESS

Finished in 0.28 secs / 0.276 secs @ 05:41:55 GMT+0800 (Malaysia Time)

SUMMARY:
✔ 5 tests completed
Done in 1.94s.
yarn run v1.22.22
(node:90325) [DEP0169] DeprecationWarning: `url.parse()` behavior is not standardized and prone to errors that have security implications. Use the WHATWG URL API instead. CVEs are not issued for `url.parse()` vulnerabilities.
(Use `node --trace-deprecation ...` to show where the warning was created)
$ /private/tmp/fireside-phase2-oracles.EJXGdU/firebase-js-sdk/node_modules/.bin/karma start /Users/sanjevirau/Desktop/fireside/conformance/src/webchannel/firebase-js-sdk-karma.conf.cjs --single-run --grep '(?:^\(Persistence=indexeddb\) Queries (?:(?:can listen to limitToLast queries(?= |$)|can listen/unlisten/relisten to mirror queries(?= |$)|can issue limitToLast queries with cursors(?= |$)|key order is descending for descending inequality(?= |$)|can use unary filters(?= |$))))'
The 'BROWSERS' environment variable is undefined. Defaulting to 'ChromeHeadless'.
webpack was not included as a framework in karma configuration, setting this automatically...

START:
(node:90326) [DEP0060] DeprecationWarning: The `util._extend` API is deprecated. Please use Object.assign() instead.
(Use `node --trace-deprecation ...` to show where the warning was created)
[32m02 09 2026 05:41:55.994:INFO [karma-server]: [39mKarma v6.4.4 server started at http://localhost:8089/
[32m02 09 2026 05:41:55.996:INFO [launcher]: [39mLaunching browsers ChromeHeadless with concurrency unlimited
[32m02 09 2026 05:41:55.998:INFO [launcher]: [39mStarting browser ChromeHeadless
[32m02 09 2026 05:41:56.904:INFO [Chrome Headless 152.0.0.0 (Mac OS 10.15.7)]: [39mConnected on socket K0tcZxRrOzWuUkPuAAAB with id 35745185
Chrome Headless 152.0.0.0 (Mac OS 10.15.7) LOG: 'Default Settings: {"host":"localhost:8080","ssl":false}'
Chrome Headless 152.0.0.0 (Mac OS 10.15.7) LOG: 'Default DatabaseId: "(default)"'
ERROR: '[2026-09-01T21:41:57.137Z]  @firebase/firestore:', 'Firestore (12.18.0): Uncaught Error in snapshot listener:', 'FirebaseError: [code=aborted]: Firestore shutting down'
  (Persistence=indexeddb) Queries
    ✔ can listen to limitToLast queries
ERROR: '[2026-09-01T21:41:57.233Z]  @firebase/firestore:', 'Firestore (12.18.0): Uncaught Error in snapshot listener:', 'FirebaseError: [code=aborted]: Firestore shutting down'
ERROR: '[2026-09-01T21:41:57.233Z]  @firebase/firestore:', 'Firestore (12.18.0): Uncaught Error in snapshot listener:', 'FirebaseError: [code=aborted]: Firestore shutting down'
    ✔ can listen/unlisten/relisten to mirror queries
    ✔ can issue limitToLast queries with cursors
    ✔ key order is descending for descending inequality
    ✔ can use unary filters
TOTAL: 5 SUCCESS

Finished in 0.44 secs / 0.437 secs @ 05:41:57 GMT+0800 (Malaysia Time)

SUMMARY:
✔ 5 tests completed
Done in 2.16s.
yarn run v1.22.22
(node:90369) [DEP0169] DeprecationWarning: `url.parse()` behavior is not standardized and prone to errors that have security implications. Use the WHATWG URL API instead. CVEs are not issued for `url.parse()` vulnerabilities.
(Use `node --trace-deprecation ...` to show where the warning was created)
$ /private/tmp/fireside-phase2-oracles.EJXGdU/firebase-js-sdk/node_modules/.bin/karma start /Users/sanjevirau/Desktop/fireside/conformance/src/webchannel/firebase-js-sdk-karma.conf.cjs --single-run --grep '(?:^\(Persistence=memory_lru_gc\) Queries (?:(?:can filter on infinity(?= |$)|will not get metadata only updates(?= |$)|maintains correct DocumentChange indexes(?= |$)|can listen for the same query with different options(?= |$)|can issue queries with Dates differing in milliseconds(?= |$))))'
The 'BROWSERS' environment variable is undefined. Defaulting to 'ChromeHeadless'.
webpack was not included as a framework in karma configuration, setting this automatically...

START:
(node:90370) [DEP0060] DeprecationWarning: The `util._extend` API is deprecated. Please use Object.assign() instead.
(Use `node --trace-deprecation ...` to show where the warning was created)
[32m02 09 2026 05:41:58.191:INFO [karma-server]: [39mKarma v6.4.4 server started at http://localhost:8089/
[32m02 09 2026 05:41:58.192:INFO [launcher]: [39mLaunching browsers ChromeHeadless with concurrency unlimited
[32m02 09 2026 05:41:58.194:INFO [launcher]: [39mStarting browser ChromeHeadless
[32m02 09 2026 05:41:59.113:INFO [Chrome Headless 152.0.0.0 (Mac OS 10.15.7)]: [39mConnected on socket COLx0YGW-IttyUf2AAAB with id 80298018
Chrome Headless 152.0.0.0 (Mac OS 10.15.7) LOG: 'Default Settings: {"host":"localhost:8080","ssl":false}'
Chrome Headless 152.0.0.0 (Mac OS 10.15.7) LOG: 'Default DatabaseId: "(default)"'
  (Persistence=memory_lru_gc) Queries
    ✔ can filter on infinity
    ✔ will not get metadata only updates
    ✔ maintains correct DocumentChange indexes
    ✖ can listen for the same query with different options (skipped)
    ✔ can issue queries with Dates differing in milliseconds
TOTAL: 4 SUCCESS

Finished in 0.231 secs / 0.228 secs @ 05:41:59 GMT+0800 (Malaysia Time)

SUMMARY:
✔ 4 tests completed
ℹ 1 test skipped
Done in 1.90s.
yarn run v1.22.22
(node:90428) [DEP0169] DeprecationWarning: `url.parse()` behavior is not standardized and prone to errors that have security implications. Use the WHATWG URL API instead. CVEs are not issued for `url.parse()` vulnerabilities.
(Use `node --trace-deprecation ...` to show where the warning was created)
$ /private/tmp/fireside-phase2-oracles.EJXGdU/firebase-js-sdk/node_modules/.bin/karma start /Users/sanjevirau/Desktop/fireside/conformance/src/webchannel/firebase-js-sdk-karma.conf.cjs --single-run --grep '(?:^\(Persistence=indexeddb\) Queries (?:(?:can filter on infinity(?= |$)|will not get metadata only updates(?= |$)|maintains correct DocumentChange indexes(?= |$)|can listen for the same query with different options(?= |$)|can issue queries with Dates differing in milliseconds(?= |$))))'
The 'BROWSERS' environment variable is undefined. Defaulting to 'ChromeHeadless'.
webpack was not included as a framework in karma configuration, setting this automatically...

START:
(node:90429) [DEP0060] DeprecationWarning: The `util._extend` API is deprecated. Please use Object.assign() instead.
(Use `node --trace-deprecation ...` to show where the warning was created)
[32m02 09 2026 05:42:00.187:INFO [karma-server]: [39mKarma v6.4.4 server started at http://localhost:8089/
[32m02 09 2026 05:42:00.188:INFO [launcher]: [39mLaunching browsers ChromeHeadless with concurrency unlimited
[32m02 09 2026 05:42:00.191:INFO [launcher]: [39mStarting browser ChromeHeadless
[32m02 09 2026 05:42:01.055:INFO [Chrome Headless 152.0.0.0 (Mac OS 10.15.7)]: [39mConnected on socket 5d8uU6vPzsJsf3E8AAAB with id 51924934
Chrome Headless 152.0.0.0 (Mac OS 10.15.7) LOG: 'Default Settings: {"host":"localhost:8080","ssl":false}'
Chrome Headless 152.0.0.0 (Mac OS 10.15.7) LOG: 'Default DatabaseId: "(default)"'
  (Persistence=indexeddb) Queries
    ✔ can filter on infinity
    ✔ will not get metadata only updates
    ✔ maintains correct DocumentChange indexes
    ✖ can listen for the same query with different options (skipped)
    ✔ can issue queries with Dates differing in milliseconds
TOTAL: 4 SUCCESS

Finished in 0.373 secs / 0.369 secs @ 05:42:01 GMT+0800 (Malaysia Time)

SUMMARY:
✔ 4 tests completed
ℹ 1 test skipped
Done in 2.00s.
yarn run v1.22.22
(node:90472) [DEP0169] DeprecationWarning: `url.parse()` behavior is not standardized and prone to errors that have security implications. Use the WHATWG URL API instead. CVEs are not issued for `url.parse()` vulnerabilities.
(Use `node --trace-deprecation ...` to show where the warning was created)
$ /private/tmp/fireside-phase2-oracles.EJXGdU/firebase-js-sdk/node_modules/.bin/karma start /Users/sanjevirau/Desktop/fireside/conformance/src/webchannel/firebase-js-sdk-karma.conf.cjs --single-run --grep '(?:^\(Persistence=memory_lru_gc\) Queries (?:(?:can listen for QueryMetadata changes(?= |$)|can listen for metadata changes(?= |$)|can catch error message for missing index with error handler(?= |$)|can explicitly sort by document ID(?= |$)|can query by document ID(?! (?:using refs)(?: |$))(?= |$))))'
The 'BROWSERS' environment variable is undefined. Defaulting to 'ChromeHeadless'.
webpack was not included as a framework in karma configuration, setting this automatically...

START:
(node:90473) [DEP0060] DeprecationWarning: The `util._extend` API is deprecated. Please use Object.assign() instead.
(Use `node --trace-deprecation ...` to show where the warning was created)
[32m02 09 2026 05:42:02.296:INFO [karma-server]: [39mKarma v6.4.4 server started at http://localhost:8089/
[32m02 09 2026 05:42:02.297:INFO [launcher]: [39mLaunching browsers ChromeHeadless with concurrency unlimited
[32m02 09 2026 05:42:02.299:INFO [launcher]: [39mStarting browser ChromeHeadless
[32m02 09 2026 05:42:03.208:INFO [Chrome Headless 152.0.0.0 (Mac OS 10.15.7)]: [39mConnected on socket KhG5SeYa7Ci9DoGqAAAB with id 18883170
Chrome Headless 152.0.0.0 (Mac OS 10.15.7) LOG: 'Default Settings: {"host":"localhost:8080","ssl":false}'
Chrome Headless 152.0.0.0 (Mac OS 10.15.7) LOG: 'Default DatabaseId: "(default)"'
  (Persistence=memory_lru_gc) Queries
    ✔ can listen for QueryMetadata changes
    ✔ can listen for metadata changes
    ✖ can catch error message for missing index with error handler (skipped)
    ✔ can explicitly sort by document ID
    ✔ can query by document ID
TOTAL: 4 SUCCESS

Finished in 0.207 secs / 0.203 secs @ 05:42:03 GMT+0800 (Malaysia Time)

SUMMARY:
✔ 4 tests completed
ℹ 1 test skipped
Done in 1.89s.
yarn run v1.22.22
(node:90530) [DEP0169] DeprecationWarning: `url.parse()` behavior is not standardized and prone to errors that have security implications. Use the WHATWG URL API instead. CVEs are not issued for `url.parse()` vulnerabilities.
(Use `node --trace-deprecation ...` to show where the warning was created)
$ /private/tmp/fireside-phase2-oracles.EJXGdU/firebase-js-sdk/node_modules/.bin/karma start /Users/sanjevirau/Desktop/fireside/conformance/src/webchannel/firebase-js-sdk-karma.conf.cjs --single-run --grep '(?:^\(Persistence=indexeddb\) Queries (?:(?:can listen for QueryMetadata changes(?= |$)|can listen for metadata changes(?= |$)|can catch error message for missing index with error handler(?= |$)|can explicitly sort by document ID(?= |$)|can query by document ID(?! (?:using refs)(?: |$))(?= |$))))'
The 'BROWSERS' environment variable is undefined. Defaulting to 'ChromeHeadless'.
webpack was not included as a framework in karma configuration, setting this automatically...

START:
(node:90531) [DEP0060] DeprecationWarning: The `util._extend` API is deprecated. Please use Object.assign() instead.
(Use `node --trace-deprecation ...` to show where the warning was created)
[32m02 09 2026 05:42:04.274:INFO [karma-server]: [39mKarma v6.4.4 server started at http://localhost:8089/
[32m02 09 2026 05:42:04.275:INFO [launcher]: [39mLaunching browsers ChromeHeadless with concurrency unlimited
[32m02 09 2026 05:42:04.276:INFO [launcher]: [39mStarting browser ChromeHeadless
[32m02 09 2026 05:42:05.170:INFO [Chrome Headless 152.0.0.0 (Mac OS 10.15.7)]: [39mConnected on socket 0fVEu-1cScbtFPkWAAAB with id 46301856
Chrome Headless 152.0.0.0 (Mac OS 10.15.7) LOG: 'Default Settings: {"host":"localhost:8080","ssl":false}'
Chrome Headless 152.0.0.0 (Mac OS 10.15.7) LOG: 'Default DatabaseId: "(default)"'
  (Persistence=indexeddb) Queries
    ✔ can listen for QueryMetadata changes
    ✔ can listen for metadata changes
    ✖ can catch error message for missing index with error handler (skipped)
    ✔ can explicitly sort by document ID
    ✔ can query by document ID
TOTAL: 4 SUCCESS

Finished in 0.309 secs / 0.305 secs @ 05:42:05 GMT+0800 (Malaysia Time)

SUMMARY:
✔ 4 tests completed
ℹ 1 test skipped
Done in 1.97s.
yarn run v1.22.22
(node:90577) [DEP0169] DeprecationWarning: `url.parse()` behavior is not standardized and prone to errors that have security implications. Use the WHATWG URL API instead. CVEs are not issued for `url.parse()` vulnerabilities.
(Use `node --trace-deprecation ...` to show where the warning was created)
$ /private/tmp/fireside-phase2-oracles.EJXGdU/firebase-js-sdk/node_modules/.bin/karma start /Users/sanjevirau/Desktop/fireside/conformance/src/webchannel/firebase-js-sdk-karma.conf.cjs --single-run --grep '(?:^\(Persistence=memory_lru_gc\) Queries (?:(?:can query by document ID using refs(?= |$)|can query while reconnecting to network(?= |$)|trigger with isFromCache=true when offline(?= |$)|can use != filters(?! (?:by document ID)(?: |$))(?= |$)|can use != filters by document ID(?= |$))))'
The 'BROWSERS' environment variable is undefined. Defaulting to 'ChromeHeadless'.
webpack was not included as a framework in karma configuration, setting this automatically...

START:
(node:90578) [DEP0060] DeprecationWarning: The `util._extend` API is deprecated. Please use Object.assign() instead.
(Use `node --trace-deprecation ...` to show where the warning was created)
[32m02 09 2026 05:42:06.318:INFO [karma-server]: [39mKarma v6.4.4 server started at http://localhost:8089/
[32m02 09 2026 05:42:06.319:INFO [launcher]: [39mLaunching browsers ChromeHeadless with concurrency unlimited
[32m02 09 2026 05:42:06.321:INFO [launcher]: [39mStarting browser ChromeHeadless
[32m02 09 2026 05:42:07.222:INFO [Chrome Headless 152.0.0.0 (Mac OS 10.15.7)]: [39mConnected on socket 2kdeeBYesMJvOZNDAAAB with id 66484026
Chrome Headless 152.0.0.0 (Mac OS 10.15.7) LOG: 'Default Settings: {"host":"localhost:8080","ssl":false}'
Chrome Headless 152.0.0.0 (Mac OS 10.15.7) LOG: 'Default DatabaseId: "(default)"'
  (Persistence=memory_lru_gc) Queries
    ✔ can query by document ID using refs
    ✔ can query while reconnecting to network
    ✔ trigger with isFromCache=true when offline
    ✔ can use != filters
    ✔ can use != filters by document ID
TOTAL: 5 SUCCESS

Finished in 0.252 secs / 0.248 secs @ 05:42:07 GMT+0800 (Malaysia Time)

SUMMARY:
✔ 5 tests completed
Done in 1.90s.
yarn run v1.22.22
(node:90619) [DEP0169] DeprecationWarning: `url.parse()` behavior is not standardized and prone to errors that have security implications. Use the WHATWG URL API instead. CVEs are not issued for `url.parse()` vulnerabilities.
(Use `node --trace-deprecation ...` to show where the warning was created)
$ /private/tmp/fireside-phase2-oracles.EJXGdU/firebase-js-sdk/node_modules/.bin/karma start /Users/sanjevirau/Desktop/fireside/conformance/src/webchannel/firebase-js-sdk-karma.conf.cjs --single-run --grep '(?:^\(Persistence=indexeddb\) Queries (?:(?:can query by document ID using refs(?= |$)|can query while reconnecting to network(?= |$)|trigger with isFromCache=true when offline(?= |$)|can use != filters(?! (?:by document ID)(?: |$))(?= |$)|can use != filters by document ID(?= |$))))'
The 'BROWSERS' environment variable is undefined. Defaulting to 'ChromeHeadless'.
webpack was not included as a framework in karma configuration, setting this automatically...

START:
(node:90620) [DEP0060] DeprecationWarning: The `util._extend` API is deprecated. Please use Object.assign() instead.
(Use `node --trace-deprecation ...` to show where the warning was created)
[32m02 09 2026 05:42:08.321:INFO [karma-server]: [39mKarma v6.4.4 server started at http://localhost:8089/
[32m02 09 2026 05:42:08.322:INFO [launcher]: [39mLaunching browsers ChromeHeadless with concurrency unlimited
[32m02 09 2026 05:42:08.324:INFO [launcher]: [39mStarting browser ChromeHeadless
[32m02 09 2026 05:42:09.222:INFO [Chrome Headless 152.0.0.0 (Mac OS 10.15.7)]: [39mConnected on socket DPtkp3JqTRQfM7jmAAAB with id 12563073
Chrome Headless 152.0.0.0 (Mac OS 10.15.7) LOG: 'Default Settings: {"host":"localhost:8080","ssl":false}'
Chrome Headless 152.0.0.0 (Mac OS 10.15.7) LOG: 'Default DatabaseId: "(default)"'
  (Persistence=indexeddb) Queries
    ✔ can query by document ID using refs
    ✔ can query while reconnecting to network
    ✔ trigger with isFromCache=true when offline
    ✔ can use != filters
    ✔ can use != filters by document ID
TOTAL: 5 SUCCESS

Finished in 0.395 secs / 0.39 secs @ 05:42:09 GMT+0800 (Malaysia Time)

SUMMARY:
✔ 5 tests completed
Done in 2.02s.
yarn run v1.22.22
(node:90663) [DEP0169] DeprecationWarning: `url.parse()` behavior is not standardized and prone to errors that have security implications. Use the WHATWG URL API instead. CVEs are not issued for `url.parse()` vulnerabilities.
(Use `node --trace-deprecation ...` to show where the warning was created)
$ /private/tmp/fireside-phase2-oracles.EJXGdU/firebase-js-sdk/node_modules/.bin/karma start /Users/sanjevirau/Desktop/fireside/conformance/src/webchannel/firebase-js-sdk-karma.conf.cjs --single-run --grep '(?:^\(Persistence=memory_lru_gc\) Queries (?:(?:can use array-contains filters(?= |$)|can use IN filters(?! (?:by document ID)(?: |$))(?= |$)|can use IN filters by document ID(?= |$)|can use NOT_IN filters(?! (?:by document ID)(?: |$))(?= |$)|can use NOT_IN filters by document ID(?= |$))))'
The 'BROWSERS' environment variable is undefined. Defaulting to 'ChromeHeadless'.
webpack was not included as a framework in karma configuration, setting this automatically...

START:
(node:90664) [DEP0060] DeprecationWarning: The `util._extend` API is deprecated. Please use Object.assign() instead.
(Use `node --trace-deprecation ...` to show where the warning was created)
[32m02 09 2026 05:42:10.479:INFO [karma-server]: [39mKarma v6.4.4 server started at http://localhost:8089/
[32m02 09 2026 05:42:10.480:INFO [launcher]: [39mLaunching browsers ChromeHeadless with concurrency unlimited
[32m02 09 2026 05:42:10.482:INFO [launcher]: [39mStarting browser ChromeHeadless
[32m02 09 2026 05:42:11.415:INFO [Chrome Headless 152.0.0.0 (Mac OS 10.15.7)]: [39mConnected on socket hmDcVRvktVhjM_lUAAAB with id 25706904
Chrome Headless 152.0.0.0 (Mac OS 10.15.7) LOG: 'Default Settings: {"host":"localhost:8080","ssl":false}'
Chrome Headless 152.0.0.0 (Mac OS 10.15.7) LOG: 'Default DatabaseId: "(default)"'
  (Persistence=memory_lru_gc) Queries
    ✔ can use array-contains filters
    ✔ can use IN filters
    ✔ can use IN filters by document ID
    ✔ can use NOT_IN filters
    ✔ can use NOT_IN filters by document ID
TOTAL: 5 SUCCESS

Finished in 0.324 secs / 0.32 secs @ 05:42:11 GMT+0800 (Malaysia Time)

SUMMARY:
✔ 5 tests completed
Done in 2.05s.
yarn run v1.22.22
(node:90745) [DEP0169] DeprecationWarning: `url.parse()` behavior is not standardized and prone to errors that have security implications. Use the WHATWG URL API instead. CVEs are not issued for `url.parse()` vulnerabilities.
(Use `node --trace-deprecation ...` to show where the warning was created)
$ /private/tmp/fireside-phase2-oracles.EJXGdU/firebase-js-sdk/node_modules/.bin/karma start /Users/sanjevirau/Desktop/fireside/conformance/src/webchannel/firebase-js-sdk-karma.conf.cjs --single-run --grep '(?:^\(Persistence=indexeddb\) Queries (?:(?:can use array-contains filters(?= |$)|can use IN filters(?! (?:by document ID)(?: |$))(?= |$)|can use IN filters by document ID(?= |$)|can use NOT_IN filters(?! (?:by document ID)(?: |$))(?= |$)|can use NOT_IN filters by document ID(?= |$))))'
The 'BROWSERS' environment variable is undefined. Defaulting to 'ChromeHeadless'.
webpack was not included as a framework in karma configuration, setting this automatically...

START:
(node:90748) [DEP0060] DeprecationWarning: The `util._extend` API is deprecated. Please use Object.assign() instead.
(Use `node --trace-deprecation ...` to show where the warning was created)
[32m02 09 2026 05:42:12.583:INFO [karma-server]: [39mKarma v6.4.4 server started at http://localhost:8089/
[32m02 09 2026 05:42:12.584:INFO [launcher]: [39mLaunching browsers ChromeHeadless with concurrency unlimited
[32m02 09 2026 05:42:12.587:INFO [launcher]: [39mStarting browser ChromeHeadless
[32m02 09 2026 05:42:13.487:INFO [Chrome Headless 152.0.0.0 (Mac OS 10.15.7)]: [39mConnected on socket X0TYH1PnR5LWAeNVAAAB with id 11419450
Chrome Headless 152.0.0.0 (Mac OS 10.15.7) LOG: 'Default Settings: {"host":"localhost:8080","ssl":false}'
Chrome Headless 152.0.0.0 (Mac OS 10.15.7) LOG: 'Default DatabaseId: "(default)"'
  (Persistence=indexeddb) Queries
    ✔ can use array-contains filters
    ✔ can use IN filters
    ✔ can use IN filters by document ID
    ✔ can use NOT_IN filters
    ✔ can use NOT_IN filters by document ID
TOTAL: 5 SUCCESS

Finished in 0.543 secs / 0.539 secs @ 05:42:14 GMT+0800 (Malaysia Time)

SUMMARY:
✔ 5 tests completed
Done in 2.22s.
yarn run v1.22.22
(node:90877) [DEP0169] DeprecationWarning: `url.parse()` behavior is not standardized and prone to errors that have security implications. Use the WHATWG URL API instead. CVEs are not issued for `url.parse()` vulnerabilities.
(Use `node --trace-deprecation ...` to show where the warning was created)
$ /private/tmp/fireside-phase2-oracles.EJXGdU/firebase-js-sdk/node_modules/.bin/karma start /Users/sanjevirau/Desktop/fireside/conformance/src/webchannel/firebase-js-sdk-karma.conf.cjs --single-run --grep '(?:^\(Persistence=memory_lru_gc\) Queries (?:(?:can use array-contains-any filters(?= |$)|can query collection groups(?! (?:with startAt / endAt by arbitrary documentId|with where filters on arbitrary documentId)(?: |$))(?= |$)|can query collection groups with startAt / endAt by arbitrary documentId(?= |$)|can query collection groups with where filters on arbitrary documentId(?= |$)|can query custom types(?= |$))))'
The 'BROWSERS' environment variable is undefined. Defaulting to 'ChromeHeadless'.
webpack was not included as a framework in karma configuration, setting this automatically...

START:
(node:90879) [DEP0060] DeprecationWarning: The `util._extend` API is deprecated. Please use Object.assign() instead.
(Use `node --trace-deprecation ...` to show where the warning was created)
[32m02 09 2026 05:42:14.903:INFO [karma-server]: [39mKarma v6.4.4 server started at http://localhost:8089/
[32m02 09 2026 05:42:14.904:INFO [launcher]: [39mLaunching browsers ChromeHeadless with concurrency unlimited
[32m02 09 2026 05:42:14.906:INFO [launcher]: [39mStarting browser ChromeHeadless
[32m02 09 2026 05:42:15.856:INFO [Chrome Headless 152.0.0.0 (Mac OS 10.15.7)]: [39mConnected on socket ILUFSh7lb5kzuXfbAAAB with id 51026843
Chrome Headless 152.0.0.0 (Mac OS 10.15.7) LOG: 'Default Settings: {"host":"localhost:8080","ssl":false}'
Chrome Headless 152.0.0.0 (Mac OS 10.15.7) LOG: 'Default DatabaseId: "(default)"'
  (Persistence=memory_lru_gc) Queries
    ✔ can use array-contains-any filters
    ✔ can query collection groups
    ✔ can query collection groups with startAt / endAt by arbitrary documentId
    ✔ can query collection groups with where filters on arbitrary documentId
    ✔ can query custom types
TOTAL: 5 SUCCESS

Finished in 0.266 secs / 0.262 secs @ 05:42:16 GMT+0800 (Malaysia Time)

SUMMARY:
✔ 5 tests completed
Done in 2.02s.
yarn run v1.22.22
(node:90931) [DEP0169] DeprecationWarning: `url.parse()` behavior is not standardized and prone to errors that have security implications. Use the WHATWG URL API instead. CVEs are not issued for `url.parse()` vulnerabilities.
(Use `node --trace-deprecation ...` to show where the warning was created)
$ /private/tmp/fireside-phase2-oracles.EJXGdU/firebase-js-sdk/node_modules/.bin/karma start /Users/sanjevirau/Desktop/fireside/conformance/src/webchannel/firebase-js-sdk-karma.conf.cjs --single-run --grep '(?:^\(Persistence=indexeddb\) Queries (?:(?:can use array-contains-any filters(?= |$)|can query collection groups(?! (?:with startAt / endAt by arbitrary documentId|with where filters on arbitrary documentId)(?: |$))(?= |$)|can query collection groups with startAt / endAt by arbitrary documentId(?= |$)|can query collection groups with where filters on arbitrary documentId(?= |$)|can query custom types(?= |$))))'
The 'BROWSERS' environment variable is undefined. Defaulting to 'ChromeHeadless'.
webpack was not included as a framework in karma configuration, setting this automatically...

START:
(node:90943) [DEP0060] DeprecationWarning: The `util._extend` API is deprecated. Please use Object.assign() instead.
(Use `node --trace-deprecation ...` to show where the warning was created)
[32m02 09 2026 05:42:17.027:INFO [karma-server]: [39mKarma v6.4.4 server started at http://localhost:8089/
[32m02 09 2026 05:42:17.028:INFO [launcher]: [39mLaunching browsers ChromeHeadless with concurrency unlimited
[32m02 09 2026 05:42:17.031:INFO [launcher]: [39mStarting browser ChromeHeadless
[32m02 09 2026 05:42:17.975:INFO [Chrome Headless 152.0.0.0 (Mac OS 10.15.7)]: [39mConnected on socket e8yrouU_hXS8M38-AAAB with id 25958224
Chrome Headless 152.0.0.0 (Mac OS 10.15.7) LOG: 'Default Settings: {"host":"localhost:8080","ssl":false}'
Chrome Headless 152.0.0.0 (Mac OS 10.15.7) LOG: 'Default DatabaseId: "(default)"'
  (Persistence=indexeddb) Queries
    ✔ can use array-contains-any filters
    ✔ can query collection groups
    ✔ can query collection groups with startAt / endAt by arbitrary documentId
    ✔ can query collection groups with where filters on arbitrary documentId
    ✔ can query custom types
TOTAL: 5 SUCCESS

Finished in 0.416 secs / 0.412 secs @ 05:42:18 GMT+0800 (Malaysia Time)

SUMMARY:
✔ 5 tests completed
Done in 2.12s.
yarn run v1.22.22
(node:90990) [DEP0169] DeprecationWarning: `url.parse()` behavior is not standardized and prone to errors that have security implications. Use the WHATWG URL API instead. CVEs are not issued for `url.parse()` vulnerabilities.
(Use `node --trace-deprecation ...` to show where the warning was created)
$ /private/tmp/fireside-phase2-oracles.EJXGdU/firebase-js-sdk/node_modules/.bin/karma start /Users/sanjevirau/Desktop/fireside/conformance/src/webchannel/firebase-js-sdk-karma.conf.cjs --single-run --grep '(?:^\(Persistence=memory_lru_gc\) Queries (?:(?:can use filter with nested field(?= |$)|OR Queries(?= |$)|Caching empty results(?= |$)|can query large documents with multi-byte character strings(?= |$))))'
The 'BROWSERS' environment variable is undefined. Defaulting to 'ChromeHeadless'.
webpack was not included as a framework in karma configuration, setting this automatically...

START:
(node:90991) [DEP0060] DeprecationWarning: The `util._extend` API is deprecated. Please use Object.assign() instead.
(Use `node --trace-deprecation ...` to show where the warning was created)
[32m02 09 2026 05:42:19.244:INFO [karma-server]: [39mKarma v6.4.4 server started at http://localhost:8089/
[32m02 09 2026 05:42:19.246:INFO [launcher]: [39mLaunching browsers ChromeHeadless with concurrency unlimited
[32m02 09 2026 05:42:19.248:INFO [launcher]: [39mStarting browser ChromeHeadless
[32m02 09 2026 05:42:20.148:INFO [Chrome Headless 152.0.0.0 (Mac OS 10.15.7)]: [39mConnected on socket vFoPzCttgG9H1qZ5AAAB with id 26633251
Chrome Headless 152.0.0.0 (Mac OS 10.15.7) LOG: 'Default Settings: {"host":"localhost:8080","ssl":false}'
Chrome Headless 152.0.0.0 (Mac OS 10.15.7) LOG: 'Default DatabaseId: "(default)"'
  (Persistence=memory_lru_gc) Queries
    ✔ can use filter with nested field
    ✔ can query large documents with multi-byte character strings
    OR Queries
      ✔ can use query overloads
      ✔ can use or queries
      ✔ can use or queries with in
      ✔ can use or queries with array membership
      ✔ supports using in with array contains any
      ✔ supports using in with array contains
      ✔ supports order by equality
      ✔ supports multiple in ops
      ✔ sdk uses != filter same as backend
      ✔ sdk uses not-in filter same as backend
ERROR: '[2026-09-01T21:42:21.815Z]  @firebase/firestore:', 'Firestore (12.18.0): Uncaught Error in snapshot listener:', 'FirebaseError: [code=aborted]: Firestore shutting down'
    Caching empty results
      ✔ can raise initial snapshot from cache, even if it is empty
ERROR: '[2026-09-01T21:42:21.848Z]  @firebase/firestore:', 'Firestore (12.18.0): Uncaught Error in snapshot listener:', 'FirebaseError: [code=aborted]: Firestore shutting down'
      ✔ can raise initial snapshot from cache, even if it has become empty
TOTAL: 14 SUCCESS

Finished in 1.585 secs / 1.576 secs @ 05:42:21 GMT+0800 (Malaysia Time)

SUMMARY:
✔ 14 tests completed
Done in 3.25s.
yarn run v1.22.22
(node:91102) [DEP0169] DeprecationWarning: `url.parse()` behavior is not standardized and prone to errors that have security implications. Use the WHATWG URL API instead. CVEs are not issued for `url.parse()` vulnerabilities.
(Use `node --trace-deprecation ...` to show where the warning was created)
$ /private/tmp/fireside-phase2-oracles.EJXGdU/firebase-js-sdk/node_modules/.bin/karma start /Users/sanjevirau/Desktop/fireside/conformance/src/webchannel/firebase-js-sdk-karma.conf.cjs --single-run --grep '(?:^\(Persistence=indexeddb\) Queries (?:(?:can use filter with nested field(?= |$)|OR Queries(?= |$)|Caching empty results(?= |$)|can query large documents with multi-byte character strings(?= |$))))'
The 'BROWSERS' environment variable is undefined. Defaulting to 'ChromeHeadless'.
webpack was not included as a framework in karma configuration, setting this automatically...

START:
(node:91108) [DEP0060] DeprecationWarning: The `util._extend` API is deprecated. Please use Object.assign() instead.
(Use `node --trace-deprecation ...` to show where the warning was created)
[32m02 09 2026 05:42:22.563:INFO [karma-server]: [39mKarma v6.4.4 server started at http://localhost:8089/
[32m02 09 2026 05:42:22.564:INFO [launcher]: [39mLaunching browsers ChromeHeadless with concurrency unlimited
[32m02 09 2026 05:42:22.567:INFO [launcher]: [39mStarting browser ChromeHeadless
[32m02 09 2026 05:42:23.505:INFO [Chrome Headless 152.0.0.0 (Mac OS 10.15.7)]: [39mConnected on socket e2LI4xqulT6gMgjqAAAB with id 45166769
Chrome Headless 152.0.0.0 (Mac OS 10.15.7) LOG: 'Default Settings: {"host":"localhost:8080","ssl":false}'
Chrome Headless 152.0.0.0 (Mac OS 10.15.7) LOG: 'Default DatabaseId: "(default)"'
  (Persistence=indexeddb) Queries
    ✔ can use filter with nested field
    ✔ can query large documents with multi-byte character strings
    OR Queries
      ✔ can use query overloads
      ✔ can use or queries
      ✔ can use or queries with in
      ✔ can use or queries with array membership
      ✔ supports using in with array contains any
      ✔ supports using in with array contains
      ✔ supports order by equality
      ✔ supports multiple in ops
      ✔ sdk uses != filter same as backend
      ✔ sdk uses not-in filter same as backend
ERROR: '[2026-09-01T21:42:25.803Z]  @firebase/firestore:', 'Firestore (12.18.0): Uncaught Error in snapshot listener:', 'FirebaseError: [code=aborted]: Firestore shutting down'
    Caching empty results
      ✔ can raise initial snapshot from cache, even if it is empty
ERROR: '[2026-09-01T21:42:25.880Z]  @firebase/firestore:', 'Firestore (12.18.0): Uncaught Error in snapshot listener:', 'FirebaseError: [code=aborted]: Firestore shutting down'
      ✔ can raise initial snapshot from cache, even if it has become empty
TOTAL: 14 SUCCESS

Finished in 2.255 secs / 2.245 secs @ 05:42:25 GMT+0800 (Malaysia Time)

SUMMARY:
✔ 14 tests completed
Done in 3.96s.
yarn run v1.22.22
(node:91173) [DEP0169] DeprecationWarning: `url.parse()` behavior is not standardized and prone to errors that have security implications. Use the WHATWG URL API instead. CVEs are not issued for `url.parse()` vulnerabilities.
(Use `node --trace-deprecation ...` to show where the warning was created)
$ /private/tmp/fireside-phase2-oracles.EJXGdU/firebase-js-sdk/node_modules/.bin/karma start /Users/sanjevirau/Desktop/fireside/conformance/src/webchannel/firebase-js-sdk-karma.conf.cjs --single-run --grep '(?:^\(Persistence=memory_lru_gc\) Hanging query issue - #7652(?= |$))'
The 'BROWSERS' environment variable is undefined. Defaulting to 'ChromeHeadless'.
webpack was not included as a framework in karma configuration, setting this automatically...

START:
(node:91180) [DEP0060] DeprecationWarning: The `util._extend` API is deprecated. Please use Object.assign() instead.
(Use `node --trace-deprecation ...` to show where the warning was created)
[32m02 09 2026 05:42:26.648:INFO [karma-server]: [39mKarma v6.4.4 server started at http://localhost:8089/
[32m02 09 2026 05:42:26.649:INFO [launcher]: [39mLaunching browsers ChromeHeadless with concurrency unlimited
[32m02 09 2026 05:42:26.652:INFO [launcher]: [39mStarting browser ChromeHeadless
[32m02 09 2026 05:42:27.585:INFO [Chrome Headless 152.0.0.0 (Mac OS 10.15.7)]: [39mConnected on socket d5otQMhjHb9S1zDSAAAB with id 62562293
Chrome Headless 152.0.0.0 (Mac OS 10.15.7) LOG: 'Default Settings: {"host":"localhost:8080","ssl":false}'
Chrome Headless 152.0.0.0 (Mac OS 10.15.7) LOG: 'Default DatabaseId: "(default)"'
  (Persistence=memory_lru_gc) Hanging query issue - #7652
    ✔ iteration 0
    ✔ iteration 1
    ✔ iteration 2
    ✔ iteration 3
    ✔ iteration 4
    ✔ iteration 5
    ✔ iteration 6
    ✔ iteration 7
    ✔ iteration 8
    ✔ iteration 9
    ✔ iteration 10
    ✔ iteration 11
    ✔ iteration 12
    ✔ iteration 13
    ✔ iteration 14
    ✔ iteration 15
    ✔ iteration 16
    ✔ iteration 17
    ✔ iteration 18
    ✔ iteration 19
TOTAL: 20 SUCCESS

Finished in 1.212 secs / 0.913 secs @ 05:42:28 GMT+0800 (Malaysia Time)

SUMMARY:
✔ 20 tests completed
Done in 2.93s.
yarn run v1.22.22
(node:91222) [DEP0169] DeprecationWarning: `url.parse()` behavior is not standardized and prone to errors that have security implications. Use the WHATWG URL API instead. CVEs are not issued for `url.parse()` vulnerabilities.
(Use `node --trace-deprecation ...` to show where the warning was created)
$ /private/tmp/fireside-phase2-oracles.EJXGdU/firebase-js-sdk/node_modules/.bin/karma start /Users/sanjevirau/Desktop/fireside/conformance/src/webchannel/firebase-js-sdk-karma.conf.cjs --single-run --grep '(?:^\(Persistence=indexeddb\) Hanging query issue - #7652(?= |$))'
The 'BROWSERS' environment variable is undefined. Defaulting to 'ChromeHeadless'.
webpack was not included as a framework in karma configuration, setting this automatically...

START:
(node:91223) [DEP0060] DeprecationWarning: The `util._extend` API is deprecated. Please use Object.assign() instead.
(Use `node --trace-deprecation ...` to show where the warning was created)
[32m02 09 2026 05:42:29.662:INFO [karma-server]: [39mKarma v6.4.4 server started at http://localhost:8089/
[32m02 09 2026 05:42:29.662:INFO [launcher]: [39mLaunching browsers ChromeHeadless with concurrency unlimited
[32m02 09 2026 05:42:29.665:INFO [launcher]: [39mStarting browser ChromeHeadless
[32m02 09 2026 05:42:30.571:INFO [Chrome Headless 152.0.0.0 (Mac OS 10.15.7)]: [39mConnected on socket hjgxq999wq0qs23MAAAB with id 16935439
Chrome Headless 152.0.0.0 (Mac OS 10.15.7) LOG: 'Default Settings: {"host":"localhost:8080","ssl":false}'
Chrome Headless 152.0.0.0 (Mac OS 10.15.7) LOG: 'Default DatabaseId: "(default)"'
  (Persistence=indexeddb) Hanging query issue - #7652
    ✔ iteration 0
    ✔ iteration 1
    ✔ iteration 2
    ✔ iteration 3
    ✔ iteration 4
    ✔ iteration 5
    ✔ iteration 6
    ✔ iteration 7
    ✔ iteration 8
    ✔ iteration 9
    ✔ iteration 10
    ✔ iteration 11
    ✔ iteration 12
    ✔ iteration 13
    ✔ iteration 14
    ✔ iteration 15
    ✔ iteration 16
    ✔ iteration 17
    ✔ iteration 18
    ✔ iteration 19
TOTAL: 20 SUCCESS

Finished in 2.535 secs / 1.785 secs @ 05:42:33 GMT+0800 (Malaysia Time)

SUMMARY:
✔ 20 tests completed
Done in 4.20s.
yarn run v1.22.22
(node:91304) [DEP0169] DeprecationWarning: `url.parse()` behavior is not standardized and prone to errors that have security implications. Use the WHATWG URL API instead. CVEs are not issued for `url.parse()` vulnerabilities.
(Use `node --trace-deprecation ...` to show where the warning was created)
$ /private/tmp/fireside-phase2-oracles.EJXGdU/firebase-js-sdk/node_modules/.bin/karma start /Users/sanjevirau/Desktop/fireside/conformance/src/webchannel/firebase-js-sdk-karma.conf.cjs --single-run --grep '(?:^\(Persistence=memory_lru_gc\) Query to Pipeline (?:(?:supports default query(?= |$)|supports filtered query(?! (?:\(with FieldPath\))(?: |$))(?= |$)|supports filtered query \(with FieldPath\)(?= |$)|supports ordered query \(with default order\)(?= |$)|supports ordered query \(with asc\)(?= |$))))'
The 'BROWSERS' environment variable is undefined. Defaulting to 'ChromeHeadless'.
webpack was not included as a framework in karma configuration, setting this automatically...

START:
(node:91305) [DEP0060] DeprecationWarning: The `util._extend` API is deprecated. Please use Object.assign() instead.
(Use `node --trace-deprecation ...` to show where the warning was created)
[32m02 09 2026 05:42:33.974:INFO [karma-server]: [39mKarma v6.4.4 server started at http://localhost:8089/
[32m02 09 2026 05:42:33.975:INFO [launcher]: [39mLaunching browsers ChromeHeadless with concurrency unlimited
[32m02 09 2026 05:42:33.977:INFO [launcher]: [39mStarting browser ChromeHeadless
[32m02 09 2026 05:42:34.871:INFO [Chrome Headless 152.0.0.0 (Mac OS 10.15.7)]: [39mConnected on socket yp7ppvUiEIHsU2bXAAAB with id 28381942
Chrome Headless 152.0.0.0 (Mac OS 10.15.7) LOG: 'Default Settings: {"host":"localhost:8080","ssl":false}'
Chrome Headless 152.0.0.0 (Mac OS 10.15.7) LOG: 'Default DatabaseId: "(default)"'
  (Persistence=memory_lru_gc) Query to Pipeline
    ✖ supports default query (skipped)
    ✖ supports filtered query (skipped)
    ✖ supports filtered query (with FieldPath) (skipped)
    ✖ supports ordered query (with default order) (skipped)
    ✖ supports ordered query (with asc) (skipped)
TOTAL: 0 SUCCESS

Finished in 0.002 secs / 0 secs @ 05:42:35 GMT+0800 (Malaysia Time)

SUMMARY:
✔ 0 tests completed
ℹ 5 tests skipped
error Command failed with exit code 1.
info Visit https://yarnpkg.com/en/docs/cli/run for documentation about this command.
yarn run v1.22.22
(node:91352) [DEP0169] DeprecationWarning: `url.parse()` behavior is not standardized and prone to errors that have security implications. Use the WHATWG URL API instead. CVEs are not issued for `url.parse()` vulnerabilities.
(Use `node --trace-deprecation ...` to show where the warning was created)
$ /private/tmp/fireside-phase2-oracles.EJXGdU/firebase-js-sdk/node_modules/.bin/karma start /Users/sanjevirau/Desktop/fireside/conformance/src/webchannel/firebase-js-sdk-karma.conf.cjs --single-run --grep '(?:^\(Persistence=indexeddb\) Query to Pipeline (?:(?:supports default query(?= |$)|supports filtered query(?! (?:\(with FieldPath\))(?: |$))(?= |$)|supports filtered query \(with FieldPath\)(?= |$)|supports ordered query \(with default order\)(?= |$)|supports ordered query \(with asc\)(?= |$))))'
The 'BROWSERS' environment variable is undefined. Defaulting to 'ChromeHeadless'.
webpack was not included as a framework in karma configuration, setting this automatically...

START:
(node:91353) [DEP0060] DeprecationWarning: The `util._extend` API is deprecated. Please use Object.assign() instead.
(Use `node --trace-deprecation ...` to show where the warning was created)
[32m02 09 2026 05:42:35.754:INFO [karma-server]: [39mKarma v6.4.4 server started at http://localhost:8089/
[32m02 09 2026 05:42:35.755:INFO [launcher]: [39mLaunching browsers ChromeHeadless with concurrency unlimited
[32m02 09 2026 05:42:35.758:INFO [launcher]: [39mStarting browser ChromeHeadless
[32m02 09 2026 05:42:36.728:INFO [Chrome Headless 152.0.0.0 (Mac OS 10.15.7)]: [39mConnected on socket A_w54sh8JVkQqIqHAAAB with id 23463303
Chrome Headless 152.0.0.0 (Mac OS 10.15.7) LOG: 'Default Settings: {"host":"localhost:8080","ssl":false}'
Chrome Headless 152.0.0.0 (Mac OS 10.15.7) LOG: 'Default DatabaseId: "(default)"'
  (Persistence=indexeddb) Query to Pipeline
    ✖ supports default query (skipped)
    ✖ supports filtered query (skipped)
    ✖ supports filtered query (with FieldPath) (skipped)
    ✖ supports ordered query (with default order) (skipped)
    ✖ supports ordered query (with asc) (skipped)
TOTAL: 0 SUCCESS

Finished in 0.002 secs / 0 secs @ 05:42:36 GMT+0800 (Malaysia Time)

SUMMARY:
✔ 0 tests completed
ℹ 5 tests skipped
error Command failed with exit code 1.
info Visit https://yarnpkg.com/en/docs/cli/run for documentation about this command.
yarn run v1.22.22
(node:91394) [DEP0169] DeprecationWarning: `url.parse()` behavior is not standardized and prone to errors that have security implications. Use the WHATWG URL API instead. CVEs are not issued for `url.parse()` vulnerabilities.
(Use `node --trace-deprecation ...` to show where the warning was created)
$ /private/tmp/fireside-phase2-oracles.EJXGdU/firebase-js-sdk/node_modules/.bin/karma start /Users/sanjevirau/Desktop/fireside/conformance/src/webchannel/firebase-js-sdk-karma.conf.cjs --single-run --grep '(?:^\(Persistence=memory_lru_gc\) Query to Pipeline (?:(?:supports ordered query \(with desc\)(?= |$)|supports limit query(?= |$)|supports limitToLast query(?= |$)|supports startAt(?! (?:with limitToLast|\(with DocumentSnapshot\))(?: |$))(?= |$)|supports startAt with limitToLast(?= |$))))'
The 'BROWSERS' environment variable is undefined. Defaulting to 'ChromeHeadless'.
webpack was not included as a framework in karma configuration, setting this automatically...

START:
(node:91395) [DEP0060] DeprecationWarning: The `util._extend` API is deprecated. Please use Object.assign() instead.
(Use `node --trace-deprecation ...` to show where the warning was created)
[32m02 09 2026 05:42:37.610:INFO [karma-server]: [39mKarma v6.4.4 server started at http://localhost:8089/
[32m02 09 2026 05:42:37.611:INFO [launcher]: [39mLaunching browsers ChromeHeadless with concurrency unlimited
[32m02 09 2026 05:42:37.614:INFO [launcher]: [39mStarting browser ChromeHeadless
[32m02 09 2026 05:42:38.499:INFO [Chrome Headless 152.0.0.0 (Mac OS 10.15.7)]: [39mConnected on socket K4P4E5RnEpPLFTq6AAAB with id 10588913
Chrome Headless 152.0.0.0 (Mac OS 10.15.7) LOG: 'Default Settings: {"host":"localhost:8080","ssl":false}'
Chrome Headless 152.0.0.0 (Mac OS 10.15.7) LOG: 'Default DatabaseId: "(default)"'
  (Persistence=memory_lru_gc) Query to Pipeline
    ✖ supports ordered query (with desc) (skipped)
    ✖ supports limit query (skipped)
    ✖ supports limitToLast query (skipped)
    ✖ supports startAt (skipped)
    ✖ supports startAt with limitToLast (skipped)
TOTAL: 0 SUCCESS

Finished in 0.003 secs / 0 secs @ 05:42:38 GMT+0800 (Malaysia Time)

SUMMARY:
✔ 0 tests completed
ℹ 5 tests skipped
error Command failed with exit code 1.
info Visit https://yarnpkg.com/en/docs/cli/run for documentation about this command.
yarn run v1.22.22
(node:91433) [DEP0169] DeprecationWarning: `url.parse()` behavior is not standardized and prone to errors that have security implications. Use the WHATWG URL API instead. CVEs are not issued for `url.parse()` vulnerabilities.
(Use `node --trace-deprecation ...` to show where the warning was created)
$ /private/tmp/fireside-phase2-oracles.EJXGdU/firebase-js-sdk/node_modules/.bin/karma start /Users/sanjevirau/Desktop/fireside/conformance/src/webchannel/firebase-js-sdk-karma.conf.cjs --single-run --grep '(?:^\(Persistence=indexeddb\) Query to Pipeline (?:(?:supports ordered query \(with desc\)(?= |$)|supports limit query(?= |$)|supports limitToLast query(?= |$)|supports startAt(?! (?:with limitToLast|\(with DocumentSnapshot\))(?: |$))(?= |$)|supports startAt with limitToLast(?= |$))))'
The 'BROWSERS' environment variable is undefined. Defaulting to 'ChromeHeadless'.
webpack was not included as a framework in karma configuration, setting this automatically...

START:
(node:91434) [DEP0060] DeprecationWarning: The `util._extend` API is deprecated. Please use Object.assign() instead.
(Use `node --trace-deprecation ...` to show where the warning was created)
[32m02 09 2026 05:42:39.351:INFO [karma-server]: [39mKarma v6.4.4 server started at http://localhost:8089/
[32m02 09 2026 05:42:39.352:INFO [launcher]: [39mLaunching browsers ChromeHeadless with concurrency unlimited
[32m02 09 2026 05:42:39.354:INFO [launcher]: [39mStarting browser ChromeHeadless
[32m02 09 2026 05:42:40.259:INFO [Chrome Headless 152.0.0.0 (Mac OS 10.15.7)]: [39mConnected on socket bwuDmna9cl2EStemAAAB with id 36267711
Chrome Headless 152.0.0.0 (Mac OS 10.15.7) LOG: 'Default Settings: {"host":"localhost:8080","ssl":false}'
Chrome Headless 152.0.0.0 (Mac OS 10.15.7) LOG: 'Default DatabaseId: "(default)"'
  (Persistence=indexeddb) Query to Pipeline
    ✖ supports ordered query (with desc) (skipped)
    ✖ supports limit query (skipped)
    ✖ supports limitToLast query (skipped)
    ✖ supports startAt (skipped)
    ✖ supports startAt with limitToLast (skipped)
TOTAL: 0 SUCCESS

Finished in 0.003 secs / 0 secs @ 05:42:40 GMT+0800 (Malaysia Time)

SUMMARY:
✔ 0 tests completed
ℹ 5 tests skipped
error Command failed with exit code 1.
info Visit https://yarnpkg.com/en/docs/cli/run for documentation about this command.
yarn run v1.22.22
(node:91498) [DEP0169] DeprecationWarning: `url.parse()` behavior is not standardized and prone to errors that have security implications. Use the WHATWG URL API instead. CVEs are not issued for `url.parse()` vulnerabilities.
(Use `node --trace-deprecation ...` to show where the warning was created)
$ /private/tmp/fireside-phase2-oracles.EJXGdU/firebase-js-sdk/node_modules/.bin/karma start /Users/sanjevirau/Desktop/fireside/conformance/src/webchannel/firebase-js-sdk-karma.conf.cjs --single-run --grep '(?:^\(Persistence=memory_lru_gc\) Query to Pipeline (?:(?:supports endAt with limitToLast(?= |$)|supports startAfter \(with DocumentSnapshot\)(?= |$)|supports startAt \(with DocumentSnapshot\)(?= |$)|supports startAfter(?! (?:\(with DocumentSnapshot\))(?: |$))(?= |$)|supports endAt(?! (?:with limitToLast)(?: |$))(?= |$))))'
The 'BROWSERS' environment variable is undefined. Defaulting to 'ChromeHeadless'.
webpack was not included as a framework in karma configuration, setting this automatically...

START:
(node:91500) [DEP0060] DeprecationWarning: The `util._extend` API is deprecated. Please use Object.assign() instead.
(Use `node --trace-deprecation ...` to show where the warning was created)
[32m02 09 2026 05:42:41.165:INFO [karma-server]: [39mKarma v6.4.4 server started at http://localhost:8089/
[32m02 09 2026 05:42:41.166:INFO [launcher]: [39mLaunching browsers ChromeHeadless with concurrency unlimited
[32m02 09 2026 05:42:41.168:INFO [launcher]: [39mStarting browser ChromeHeadless
[32m02 09 2026 05:42:42.063:INFO [Chrome Headless 152.0.0.0 (Mac OS 10.15.7)]: [39mConnected on socket ypABr0nvET0E0e-aAAAB with id 75270727
Chrome Headless 152.0.0.0 (Mac OS 10.15.7) LOG: 'Default Settings: {"host":"localhost:8080","ssl":false}'
Chrome Headless 152.0.0.0 (Mac OS 10.15.7) LOG: 'Default DatabaseId: "(default)"'
  (Persistence=memory_lru_gc) Query to Pipeline
    ✖ supports endAt with limitToLast (skipped)
    ✖ supports startAfter (with DocumentSnapshot) (skipped)
    ✖ supports startAt (with DocumentSnapshot) (skipped)
    ✖ supports startAfter (skipped)
    ✖ supports endAt (skipped)
TOTAL: 0 SUCCESS

Finished in 0.003 secs / 0 secs @ 05:42:42 GMT+0800 (Malaysia Time)

SUMMARY:
✔ 0 tests completed
ℹ 5 tests skipped
error Command failed with exit code 1.
info Visit https://yarnpkg.com/en/docs/cli/run for documentation about this command.
yarn run v1.22.22
(node:91544) [DEP0169] DeprecationWarning: `url.parse()` behavior is not standardized and prone to errors that have security implications. Use the WHATWG URL API instead. CVEs are not issued for `url.parse()` vulnerabilities.
(Use `node --trace-deprecation ...` to show where the warning was created)
$ /private/tmp/fireside-phase2-oracles.EJXGdU/firebase-js-sdk/node_modules/.bin/karma start /Users/sanjevirau/Desktop/fireside/conformance/src/webchannel/firebase-js-sdk-karma.conf.cjs --single-run --grep '(?:^\(Persistence=indexeddb\) Query to Pipeline (?:(?:supports endAt with limitToLast(?= |$)|supports startAfter \(with DocumentSnapshot\)(?= |$)|supports startAt \(with DocumentSnapshot\)(?= |$)|supports startAfter(?! (?:\(with DocumentSnapshot\))(?: |$))(?= |$)|supports endAt(?! (?:with limitToLast)(?: |$))(?= |$))))'
The 'BROWSERS' environment variable is undefined. Defaulting to 'ChromeHeadless'.
webpack was not included as a framework in karma configuration, setting this automatically...

START:
(node:91545) [DEP0060] DeprecationWarning: The `util._extend` API is deprecated. Please use Object.assign() instead.
(Use `node --trace-deprecation ...` to show where the warning was created)
[32m02 09 2026 05:42:42.937:INFO [karma-server]: [39mKarma v6.4.4 server started at http://localhost:8089/
[32m02 09 2026 05:42:42.938:INFO [launcher]: [39mLaunching browsers ChromeHeadless with concurrency unlimited
[32m02 09 2026 05:42:42.940:INFO [launcher]: [39mStarting browser ChromeHeadless
[32m02 09 2026 05:42:43.848:INFO [Chrome Headless 152.0.0.0 (Mac OS 10.15.7)]: [39mConnected on socket z3pcoqRu8n3r8huEAAAB with id 94000948
Chrome Headless 152.0.0.0 (Mac OS 10.15.7) LOG: 'Default Settings: {"host":"localhost:8080","ssl":false}'
Chrome Headless 152.0.0.0 (Mac OS 10.15.7) LOG: 'Default DatabaseId: "(default)"'
  (Persistence=indexeddb) Query to Pipeline
    ✖ supports endAt with limitToLast (skipped)
    ✖ supports startAfter (with DocumentSnapshot) (skipped)
    ✖ supports startAt (with DocumentSnapshot) (skipped)
    ✖ supports startAfter (skipped)
    ✖ supports endAt (skipped)
TOTAL: 0 SUCCESS

Finished in 0.003 secs / 0 secs @ 05:42:43 GMT+0800 (Malaysia Time)

SUMMARY:
✔ 0 tests completed
ℹ 5 tests skipped
error Command failed with exit code 1.
info Visit https://yarnpkg.com/en/docs/cli/run for documentation about this command.
yarn run v1.22.22
(node:91609) [DEP0169] DeprecationWarning: `url.parse()` behavior is not standardized and prone to errors that have security implications. Use the WHATWG URL API instead. CVEs are not issued for `url.parse()` vulnerabilities.
(Use `node --trace-deprecation ...` to show where the warning was created)
$ /private/tmp/fireside-phase2-oracles.EJXGdU/firebase-js-sdk/node_modules/.bin/karma start /Users/sanjevirau/Desktop/fireside/conformance/src/webchannel/firebase-js-sdk-karma.conf.cjs --single-run --grep '(?:^\(Persistence=memory_lru_gc\) Query to Pipeline (?:(?:supports endBefore(?= |$)|supports pagination(?! (?:on DocumentIds)(?: |$))(?= |$)|supports pagination on DocumentIds(?= |$)|supports collection groups(?= |$)|supports query over collection path with special characters(?= |$))))'
The 'BROWSERS' environment variable is undefined. Defaulting to 'ChromeHeadless'.
webpack was not included as a framework in karma configuration, setting this automatically...

START:
(node:91610) [DEP0060] DeprecationWarning: The `util._extend` API is deprecated. Please use Object.assign() instead.
(Use `node --trace-deprecation ...` to show where the warning was created)
[32m02 09 2026 05:42:44.702:INFO [karma-server]: [39mKarma v6.4.4 server started at http://localhost:8089/
[32m02 09 2026 05:42:44.703:INFO [launcher]: [39mLaunching browsers ChromeHeadless with concurrency unlimited
[32m02 09 2026 05:42:44.706:INFO [launcher]: [39mStarting browser ChromeHeadless
[32m02 09 2026 05:42:45.608:INFO [Chrome Headless 152.0.0.0 (Mac OS 10.15.7)]: [39mConnected on socket i6iWy1qK4I9DfdzDAAAB with id 41002724
Chrome Headless 152.0.0.0 (Mac OS 10.15.7) LOG: 'Default Settings: {"host":"localhost:8080","ssl":false}'
Chrome Headless 152.0.0.0 (Mac OS 10.15.7) LOG: 'Default DatabaseId: "(default)"'
  (Persistence=memory_lru_gc) Query to Pipeline
    ✖ supports endBefore (skipped)
    ✖ supports pagination (skipped)
    ✖ supports pagination on DocumentIds (skipped)
    ✖ supports collection groups (skipped)
    ✖ supports query over collection path with special characters (skipped)
TOTAL: 0 SUCCESS

Finished in 0.002 secs / 0 secs @ 05:42:45 GMT+0800 (Malaysia Time)

SUMMARY:
✔ 0 tests completed
ℹ 5 tests skipped
error Command failed with exit code 1.
info Visit https://yarnpkg.com/en/docs/cli/run for documentation about this command.
yarn run v1.22.22
(node:91653) [DEP0169] DeprecationWarning: `url.parse()` behavior is not standardized and prone to errors that have security implications. Use the WHATWG URL API instead. CVEs are not issued for `url.parse()` vulnerabilities.
(Use `node --trace-deprecation ...` to show where the warning was created)
$ /private/tmp/fireside-phase2-oracles.EJXGdU/firebase-js-sdk/node_modules/.bin/karma start /Users/sanjevirau/Desktop/fireside/conformance/src/webchannel/firebase-js-sdk-karma.conf.cjs --single-run --grep '(?:^\(Persistence=indexeddb\) Query to Pipeline (?:(?:supports endBefore(?= |$)|supports pagination(?! (?:on DocumentIds)(?: |$))(?= |$)|supports pagination on DocumentIds(?= |$)|supports collection groups(?= |$)|supports query over collection path with special characters(?= |$))))'
The 'BROWSERS' environment variable is undefined. Defaulting to 'ChromeHeadless'.
webpack was not included as a framework in karma configuration, setting this automatically...

START:
(node:91654) [DEP0060] DeprecationWarning: The `util._extend` API is deprecated. Please use Object.assign() instead.
(Use `node --trace-deprecation ...` to show where the warning was created)
[32m02 09 2026 05:42:46.544:INFO [karma-server]: [39mKarma v6.4.4 server started at http://localhost:8089/
[32m02 09 2026 05:42:46.545:INFO [launcher]: [39mLaunching browsers ChromeHeadless with concurrency unlimited
[32m02 09 2026 05:42:46.547:INFO [launcher]: [39mStarting browser ChromeHeadless
[32m02 09 2026 05:42:47.448:INFO [Chrome Headless 152.0.0.0 (Mac OS 10.15.7)]: [39mConnected on socket qGYN3u1-YpytDKoRAAAB with id 56890776
Chrome Headless 152.0.0.0 (Mac OS 10.15.7) LOG: 'Default Settings: {"host":"localhost:8080","ssl":false}'
Chrome Headless 152.0.0.0 (Mac OS 10.15.7) LOG: 'Default DatabaseId: "(default)"'
  (Persistence=indexeddb) Query to Pipeline
    ✖ supports endBefore (skipped)
    ✖ supports pagination (skipped)
    ✖ supports pagination on DocumentIds (skipped)
    ✖ supports collection groups (skipped)
    ✖ supports query over collection path with special characters (skipped)
TOTAL: 0 SUCCESS

Finished in 0.003 secs / 0 secs @ 05:42:47 GMT+0800 (Malaysia Time)

SUMMARY:
✔ 0 tests completed
ℹ 5 tests skipped
error Command failed with exit code 1.
info Visit https://yarnpkg.com/en/docs/cli/run for documentation about this command.
yarn run v1.22.22
(node:91712) [DEP0169] DeprecationWarning: `url.parse()` behavior is not standardized and prone to errors that have security implications. Use the WHATWG URL API instead. CVEs are not issued for `url.parse()` vulnerabilities.
(Use `node --trace-deprecation ...` to show where the warning was created)
$ /private/tmp/fireside-phase2-oracles.EJXGdU/firebase-js-sdk/node_modules/.bin/karma start /Users/sanjevirau/Desktop/fireside/conformance/src/webchannel/firebase-js-sdk-karma.conf.cjs --single-run --grep '(?:^\(Persistence=memory_lru_gc\) Query to Pipeline (?:(?:supports multiple inequality on same field(?= |$)|supports multiple inequality on different fields(?= |$)|supports collectionGroup query(?= |$)|supports eq nan(?= |$)|supports neq nan(?= |$))))'
The 'BROWSERS' environment variable is undefined. Defaulting to 'ChromeHeadless'.
webpack was not included as a framework in karma configuration, setting this automatically...

START:
(node:91716) [DEP0060] DeprecationWarning: The `util._extend` API is deprecated. Please use Object.assign() instead.
(Use `node --trace-deprecation ...` to show where the warning was created)
[32m02 09 2026 05:42:48.324:INFO [karma-server]: [39mKarma v6.4.4 server started at http://localhost:8089/
[32m02 09 2026 05:42:48.325:INFO [launcher]: [39mLaunching browsers ChromeHeadless with concurrency unlimited
[32m02 09 2026 05:42:48.327:INFO [launcher]: [39mStarting browser ChromeHeadless
[32m02 09 2026 05:42:49.239:INFO [Chrome Headless 152.0.0.0 (Mac OS 10.15.7)]: [39mConnected on socket uyYrNMpXYzxL4UHxAAAB with id 70338788
Chrome Headless 152.0.0.0 (Mac OS 10.15.7) LOG: 'Default Settings: {"host":"localhost:8080","ssl":false}'
Chrome Headless 152.0.0.0 (Mac OS 10.15.7) LOG: 'Default DatabaseId: "(default)"'
  (Persistence=memory_lru_gc) Query to Pipeline
    ✖ supports multiple inequality on same field (skipped)
    ✖ supports multiple inequality on different fields (skipped)
    ✖ supports collectionGroup query (skipped)
    ✖ supports eq nan (skipped)
    ✖ supports neq nan (skipped)
TOTAL: 0 SUCCESS

Finished in 0.004 secs / 0 secs @ 05:42:49 GMT+0800 (Malaysia Time)

SUMMARY:
✔ 0 tests completed
ℹ 5 tests skipped
error Command failed with exit code 1.
info Visit https://yarnpkg.com/en/docs/cli/run for documentation about this command.
yarn run v1.22.22
(node:91751) [DEP0169] DeprecationWarning: `url.parse()` behavior is not standardized and prone to errors that have security implications. Use the WHATWG URL API instead. CVEs are not issued for `url.parse()` vulnerabilities.
(Use `node --trace-deprecation ...` to show where the warning was created)
$ /private/tmp/fireside-phase2-oracles.EJXGdU/firebase-js-sdk/node_modules/.bin/karma start /Users/sanjevirau/Desktop/fireside/conformance/src/webchannel/firebase-js-sdk-karma.conf.cjs --single-run --grep '(?:^\(Persistence=indexeddb\) Query to Pipeline (?:(?:supports multiple inequality on same field(?= |$)|supports multiple inequality on different fields(?= |$)|supports collectionGroup query(?= |$)|supports eq nan(?= |$)|supports neq nan(?= |$))))'
The 'BROWSERS' environment variable is undefined. Defaulting to 'ChromeHeadless'.
webpack was not included as a framework in karma configuration, setting this automatically...

START:
(node:91759) [DEP0060] DeprecationWarning: The `util._extend` API is deprecated. Please use Object.assign() instead.
(Use `node --trace-deprecation ...` to show where the warning was created)
[32m02 09 2026 05:42:50.116:INFO [karma-server]: [39mKarma v6.4.4 server started at http://localhost:8089/
[32m02 09 2026 05:42:50.117:INFO [launcher]: [39mLaunching browsers ChromeHeadless with concurrency unlimited
[32m02 09 2026 05:42:50.119:INFO [launcher]: [39mStarting browser ChromeHeadless
[32m02 09 2026 05:42:51.007:INFO [Chrome Headless 152.0.0.0 (Mac OS 10.15.7)]: [39mConnected on socket 4rgJgZBr8u08vPafAAAB with id 88672099
Chrome Headless 152.0.0.0 (Mac OS 10.15.7) LOG: 'Default Settings: {"host":"localhost:8080","ssl":false}'
Chrome Headless 152.0.0.0 (Mac OS 10.15.7) LOG: 'Default DatabaseId: "(default)"'
  (Persistence=indexeddb) Query to Pipeline
    ✖ supports multiple inequality on same field (skipped)
    ✖ supports multiple inequality on different fields (skipped)
    ✖ supports collectionGroup query (skipped)
    ✖ supports eq nan (skipped)
    ✖ supports neq nan (skipped)
TOTAL: 0 SUCCESS

Finished in 0.003 secs / 0 secs @ 05:42:51 GMT+0800 (Malaysia Time)

SUMMARY:
✔ 0 tests completed
ℹ 5 tests skipped
error Command failed with exit code 1.
info Visit https://yarnpkg.com/en/docs/cli/run for documentation about this command.
yarn run v1.22.22
(node:91795) [DEP0169] DeprecationWarning: `url.parse()` behavior is not standardized and prone to errors that have security implications. Use the WHATWG URL API instead. CVEs are not issued for `url.parse()` vulnerabilities.
(Use `node --trace-deprecation ...` to show where the warning was created)
$ /private/tmp/fireside-phase2-oracles.EJXGdU/firebase-js-sdk/node_modules/.bin/karma start /Users/sanjevirau/Desktop/fireside/conformance/src/webchannel/firebase-js-sdk-karma.conf.cjs --single-run --grep '(?:^\(Persistence=memory_lru_gc\) Query to Pipeline (?:(?:supports eq null(?= |$)|supports neq null(?= |$)|supports neq(?! (?:nan|null)(?: |$))(?= |$)|supports array contains(?! (?:any)(?: |$))(?= |$)|supports array contains any(?= |$))))'
The 'BROWSERS' environment variable is undefined. Defaulting to 'ChromeHeadless'.
webpack was not included as a framework in karma configuration, setting this automatically...

START:
(node:91796) [DEP0060] DeprecationWarning: The `util._extend` API is deprecated. Please use Object.assign() instead.
(Use `node --trace-deprecation ...` to show where the warning was created)
[32m02 09 2026 05:42:51.875:INFO [karma-server]: [39mKarma v6.4.4 server started at http://localhost:8089/
[32m02 09 2026 05:42:51.876:INFO [launcher]: [39mLaunching browsers ChromeHeadless with concurrency unlimited
[32m02 09 2026 05:42:51.878:INFO [launcher]: [39mStarting browser ChromeHeadless
[32m02 09 2026 05:42:52.799:INFO [Chrome Headless 152.0.0.0 (Mac OS 10.15.7)]: [39mConnected on socket RjkBkVqaDN5eToqPAAAB with id 25596718
Chrome Headless 152.0.0.0 (Mac OS 10.15.7) LOG: 'Default Settings: {"host":"localhost:8080","ssl":false}'
Chrome Headless 152.0.0.0 (Mac OS 10.15.7) LOG: 'Default DatabaseId: "(default)"'
  (Persistence=memory_lru_gc) Query to Pipeline
    ✖ supports eq null (skipped)
    ✖ supports neq null (skipped)
    ✖ supports neq (skipped)
    ✖ supports array contains (skipped)
    ✖ supports array contains any (skipped)
TOTAL: 0 SUCCESS

Finished in 0.002 secs / 0 secs @ 05:42:52 GMT+0800 (Malaysia Time)

SUMMARY:
✔ 0 tests completed
ℹ 5 tests skipped
error Command failed with exit code 1.
info Visit https://yarnpkg.com/en/docs/cli/run for documentation about this command.
yarn run v1.22.22
(node:91858) [DEP0169] DeprecationWarning: `url.parse()` behavior is not standardized and prone to errors that have security implications. Use the WHATWG URL API instead. CVEs are not issued for `url.parse()` vulnerabilities.
(Use `node --trace-deprecation ...` to show where the warning was created)
$ /private/tmp/fireside-phase2-oracles.EJXGdU/firebase-js-sdk/node_modules/.bin/karma start /Users/sanjevirau/Desktop/fireside/conformance/src/webchannel/firebase-js-sdk-karma.conf.cjs --single-run --grep '(?:^\(Persistence=indexeddb\) Query to Pipeline (?:(?:supports eq null(?= |$)|supports neq null(?= |$)|supports neq(?! (?:nan|null)(?: |$))(?= |$)|supports array contains(?! (?:any)(?: |$))(?= |$)|supports array contains any(?= |$))))'
The 'BROWSERS' environment variable is undefined. Defaulting to 'ChromeHeadless'.
webpack was not included as a framework in karma configuration, setting this automatically...

START:
(node:91859) [DEP0060] DeprecationWarning: The `util._extend` API is deprecated. Please use Object.assign() instead.
(Use `node --trace-deprecation ...` to show where the warning was created)
[32m02 09 2026 05:42:53.630:INFO [karma-server]: [39mKarma v6.4.4 server started at http://localhost:8089/
[32m02 09 2026 05:42:53.631:INFO [launcher]: [39mLaunching browsers ChromeHeadless with concurrency unlimited
[32m02 09 2026 05:42:53.633:INFO [launcher]: [39mStarting browser ChromeHeadless
[32m02 09 2026 05:42:54.537:INFO [Chrome Headless 152.0.0.0 (Mac OS 10.15.7)]: [39mConnected on socket utmhU4PS-H-7VWqyAAAB with id 32666266
Chrome Headless 152.0.0.0 (Mac OS 10.15.7) LOG: 'Default Settings: {"host":"localhost:8080","ssl":false}'
Chrome Headless 152.0.0.0 (Mac OS 10.15.7) LOG: 'Default DatabaseId: "(default)"'
  (Persistence=indexeddb) Query to Pipeline
    ✖ supports eq null (skipped)
    ✖ supports neq null (skipped)
    ✖ supports neq (skipped)
    ✖ supports array contains (skipped)
    ✖ supports array contains any (skipped)
TOTAL: 0 SUCCESS

Finished in 0.004 secs / 0 secs @ 05:42:54 GMT+0800 (Malaysia Time)

SUMMARY:
✔ 0 tests completed
ℹ 5 tests skipped
error Command failed with exit code 1.
info Visit https://yarnpkg.com/en/docs/cli/run for documentation about this command.
yarn run v1.22.22
(node:91900) [DEP0169] DeprecationWarning: `url.parse()` behavior is not standardized and prone to errors that have security implications. Use the WHATWG URL API instead. CVEs are not issued for `url.parse()` vulnerabilities.
(Use `node --trace-deprecation ...` to show where the warning was created)
$ /private/tmp/fireside-phase2-oracles.EJXGdU/firebase-js-sdk/node_modules/.bin/karma start /Users/sanjevirau/Desktop/fireside/conformance/src/webchannel/firebase-js-sdk-karma.conf.cjs --single-run --grep '(?:^\(Persistence=memory_lru_gc\) Query to Pipeline (?:(?:supports in(?! (?:with 1)(?: |$))(?= |$)|supports in with 1(?= |$)|supports not in(?! (?:with 1)(?: |$))(?= |$)|supports not in with 1(?= |$)|supports or operator(?= |$))))'
The 'BROWSERS' environment variable is undefined. Defaulting to 'ChromeHeadless'.
webpack was not included as a framework in karma configuration, setting this automatically...

START:
(node:91901) [DEP0060] DeprecationWarning: The `util._extend` API is deprecated. Please use Object.assign() instead.
(Use `node --trace-deprecation ...` to show where the warning was created)
[32m02 09 2026 05:42:55.419:INFO [karma-server]: [39mKarma v6.4.4 server started at http://localhost:8089/
[32m02 09 2026 05:42:55.420:INFO [launcher]: [39mLaunching browsers ChromeHeadless with concurrency unlimited
[32m02 09 2026 05:42:55.422:INFO [launcher]: [39mStarting browser ChromeHeadless
[32m02 09 2026 05:42:56.319:INFO [Chrome Headless 152.0.0.0 (Mac OS 10.15.7)]: [39mConnected on socket RxqNCgMpV2DdndwHAAAB with id 72865349
Chrome Headless 152.0.0.0 (Mac OS 10.15.7) LOG: 'Default Settings: {"host":"localhost:8080","ssl":false}'
Chrome Headless 152.0.0.0 (Mac OS 10.15.7) LOG: 'Default DatabaseId: "(default)"'
  (Persistence=memory_lru_gc) Query to Pipeline
    ✖ supports in (skipped)
    ✖ supports in with 1 (skipped)
    ✖ supports not in (skipped)
    ✖ supports not in with 1 (skipped)
    ✖ supports or operator (skipped)
TOTAL: 0 SUCCESS

Finished in 0.003 secs / 0 secs @ 05:42:56 GMT+0800 (Malaysia Time)

SUMMARY:
✔ 0 tests completed
ℹ 5 tests skipped
error Command failed with exit code 1.
info Visit https://yarnpkg.com/en/docs/cli/run for documentation about this command.
yarn run v1.22.22
(node:91946) [DEP0169] DeprecationWarning: `url.parse()` behavior is not standardized and prone to errors that have security implications. Use the WHATWG URL API instead. CVEs are not issued for `url.parse()` vulnerabilities.
(Use `node --trace-deprecation ...` to show where the warning was created)
$ /private/tmp/fireside-phase2-oracles.EJXGdU/firebase-js-sdk/node_modules/.bin/karma start /Users/sanjevirau/Desktop/fireside/conformance/src/webchannel/firebase-js-sdk-karma.conf.cjs --single-run --grep '(?:^\(Persistence=indexeddb\) Query to Pipeline (?:(?:supports in(?! (?:with 1)(?: |$))(?= |$)|supports in with 1(?= |$)|supports not in(?! (?:with 1)(?: |$))(?= |$)|supports not in with 1(?= |$)|supports or operator(?= |$))))'
The 'BROWSERS' environment variable is undefined. Defaulting to 'ChromeHeadless'.
webpack was not included as a framework in karma configuration, setting this automatically...

START:
(node:91947) [DEP0060] DeprecationWarning: The `util._extend` API is deprecated. Please use Object.assign() instead.
(Use `node --trace-deprecation ...` to show where the warning was created)
[32m02 09 2026 05:42:57.210:INFO [karma-server]: [39mKarma v6.4.4 server started at http://localhost:8089/
[32m02 09 2026 05:42:57.211:INFO [launcher]: [39mLaunching browsers ChromeHeadless with concurrency unlimited
[32m02 09 2026 05:42:57.214:INFO [launcher]: [39mStarting browser ChromeHeadless
[32m02 09 2026 05:42:58.144:INFO [Chrome Headless 152.0.0.0 (Mac OS 10.15.7)]: [39mConnected on socket UJAea-qnDG3K6GKGAAAB with id 62255296
Chrome Headless 152.0.0.0 (Mac OS 10.15.7) LOG: 'Default Settings: {"host":"localhost:8080","ssl":false}'
Chrome Headless 152.0.0.0 (Mac OS 10.15.7) LOG: 'Default DatabaseId: "(default)"'
  (Persistence=indexeddb) Query to Pipeline
    ✖ supports in (skipped)
    ✖ supports in with 1 (skipped)
    ✖ supports not in (skipped)
    ✖ supports not in with 1 (skipped)
    ✖ supports or operator (skipped)
TOTAL: 0 SUCCESS

Finished in 0.002 secs / 0 secs @ 05:42:58 GMT+0800 (Malaysia Time)

SUMMARY:
✔ 0 tests completed
ℹ 5 tests skipped
error Command failed with exit code 1.
info Visit https://yarnpkg.com/en/docs/cli/run for documentation about this command.
yarn run v1.22.22
(node:91988) [DEP0169] DeprecationWarning: `url.parse()` behavior is not standardized and prone to errors that have security implications. Use the WHATWG URL API instead. CVEs are not issued for `url.parse()` vulnerabilities.
(Use `node --trace-deprecation ...` to show where the warning was created)
$ /private/tmp/fireside-phase2-oracles.EJXGdU/firebase-js-sdk/node_modules/.bin/karma start /Users/sanjevirau/Desktop/fireside/conformance/src/webchannel/firebase-js-sdk-karma.conf.cjs --single-run --grep '(?:^\(Persistence=memory_lru_gc\) Query to Pipeline (?:(?:not-in removes existence filter(?= |$)|not-equal removes existence filter(?= |$)|inequality maintains existence filter(?= |$)|explicit order maintains existence filter(?= |$))))'
The 'BROWSERS' environment variable is undefined. Defaulting to 'ChromeHeadless'.
webpack was not included as a framework in karma configuration, setting this automatically...

START:
(node:91990) [DEP0060] DeprecationWarning: The `util._extend` API is deprecated. Please use Object.assign() instead.
(Use `node --trace-deprecation ...` to show where the warning was created)
[32m02 09 2026 05:42:59.025:INFO [karma-server]: [39mKarma v6.4.4 server started at http://localhost:8089/
[32m02 09 2026 05:42:59.026:INFO [launcher]: [39mLaunching browsers ChromeHeadless with concurrency unlimited
[32m02 09 2026 05:42:59.028:INFO [launcher]: [39mStarting browser ChromeHeadless
[32m02 09 2026 05:42:59.924:INFO [Chrome Headless 152.0.0.0 (Mac OS 10.15.7)]: [39mConnected on socket a2icRx1dVyBCC-FtAAAB with id 89509203
Chrome Headless 152.0.0.0 (Mac OS 10.15.7) LOG: 'Default Settings: {"host":"localhost:8080","ssl":false}'
Chrome Headless 152.0.0.0 (Mac OS 10.15.7) LOG: 'Default DatabaseId: "(default)"'
  (Persistence=memory_lru_gc) Query to Pipeline
    ✖ not-in removes existence filter (skipped)
    ✖ not-equal removes existence filter (skipped)
    ✖ inequality maintains existence filter (skipped)
    ✖ explicit order maintains existence filter (skipped)
TOTAL: 0 SUCCESS

Finished in 0.002 secs / 0 secs @ 05:43:00 GMT+0800 (Malaysia Time)

SUMMARY:
✔ 0 tests completed
ℹ 4 tests skipped
error Command failed with exit code 1.
info Visit https://yarnpkg.com/en/docs/cli/run for documentation about this command.
yarn run v1.22.22
(node:92027) [DEP0169] DeprecationWarning: `url.parse()` behavior is not standardized and prone to errors that have security implications. Use the WHATWG URL API instead. CVEs are not issued for `url.parse()` vulnerabilities.
(Use `node --trace-deprecation ...` to show where the warning was created)
$ /private/tmp/fireside-phase2-oracles.EJXGdU/firebase-js-sdk/node_modules/.bin/karma start /Users/sanjevirau/Desktop/fireside/conformance/src/webchannel/firebase-js-sdk-karma.conf.cjs --single-run --grep '(?:^\(Persistence=indexeddb\) Query to Pipeline (?:(?:not-in removes existence filter(?= |$)|not-equal removes existence filter(?= |$)|inequality maintains existence filter(?= |$)|explicit order maintains existence filter(?= |$))))'
The 'BROWSERS' environment variable is undefined. Defaulting to 'ChromeHeadless'.
webpack was not included as a framework in karma configuration, setting this automatically...

START:
(node:92034) [DEP0060] DeprecationWarning: The `util._extend` API is deprecated. Please use Object.assign() instead.
(Use `node --trace-deprecation ...` to show where the warning was created)
[32m02 09 2026 05:43:00.813:INFO [karma-server]: [39mKarma v6.4.4 server started at http://localhost:8089/
[32m02 09 2026 05:43:00.814:INFO [launcher]: [39mLaunching browsers ChromeHeadless with concurrency unlimited
[32m02 09 2026 05:43:00.816:INFO [launcher]: [39mStarting browser ChromeHeadless
[32m02 09 2026 05:43:01.762:INFO [Chrome Headless 152.0.0.0 (Mac OS 10.15.7)]: [39mConnected on socket Lzasmzrmt5weYAnGAAAB with id 86698916
Chrome Headless 152.0.0.0 (Mac OS 10.15.7) LOG: 'Default Settings: {"host":"localhost:8080","ssl":false}'
Chrome Headless 152.0.0.0 (Mac OS 10.15.7) LOG: 'Default DatabaseId: "(default)"'
  (Persistence=indexeddb) Query to Pipeline
    ✖ not-in removes existence filter (skipped)
    ✖ not-equal removes existence filter (skipped)
    ✖ inequality maintains existence filter (skipped)
    ✖ explicit order maintains existence filter (skipped)
TOTAL: 0 SUCCESS

Finished in 0.003 secs / 0 secs @ 05:43:01 GMT+0800 (Malaysia Time)

SUMMARY:
✔ 0 tests completed
ℹ 4 tests skipped
error Command failed with exit code 1.
info Visit https://yarnpkg.com/en/docs/cli/run for documentation about this command.
yarn run v1.22.22
(node:92069) [DEP0169] DeprecationWarning: `url.parse()` behavior is not standardized and prone to errors that have security implications. Use the WHATWG URL API instead. CVEs are not issued for `url.parse()` vulnerabilities.
(Use `node --trace-deprecation ...` to show where the warning was created)
$ /private/tmp/fireside-phase2-oracles.EJXGdU/firebase-js-sdk/node_modules/.bin/karma start /Users/sanjevirau/Desktop/fireside/conformance/src/webchannel/firebase-js-sdk-karma.conf.cjs --single-run --grep '(?:^\(Persistence=memory_lru_gc\) Server Timestamps(?= |$))'
The 'BROWSERS' environment variable is undefined. Defaulting to 'ChromeHeadless'.
webpack was not included as a framework in karma configuration, setting this automatically...

START:
(node:92070) [DEP0060] DeprecationWarning: The `util._extend` API is deprecated. Please use Object.assign() instead.
(Use `node --trace-deprecation ...` to show where the warning was created)
[32m02 09 2026 05:43:02.611:INFO [karma-server]: [39mKarma v6.4.4 server started at http://localhost:8089/
[32m02 09 2026 05:43:02.612:INFO [launcher]: [39mLaunching browsers ChromeHeadless with concurrency unlimited
[32m02 09 2026 05:43:02.615:INFO [launcher]: [39mStarting browser ChromeHeadless
[32m02 09 2026 05:43:03.513:INFO [Chrome Headless 152.0.0.0 (Mac OS 10.15.7)]: [39mConnected on socket 5KF9-X8n6zqsBeyXAAAB with id 30053960
Chrome Headless 152.0.0.0 (Mac OS 10.15.7) LOG: 'Default Settings: {"host":"localhost:8080","ssl":false}'
Chrome Headless 152.0.0.0 (Mac OS 10.15.7) LOG: 'Default DatabaseId: "(default)"'
WARN: '[2026-09-01T21:43:04.004Z]  @firebase/firestore:', 'Firestore (12.18.0): RestConnection', 'RPC 'Commit' 0x883989d9 failed with error: ', '{"code":"not-found","name":"FirebaseError"}', 'url: ', 'http://localhost:8080/v1/projects/test-emulator/databases/(default)/documents:commit?key=fake-api-key', 'request:', '{"writes":[{"update":{"name":"projects/test-emulator/databases/(default)/documents/test-collection/wXtBwsnaRTMgg5UrgCRL","fields":{"deep":{"mapValue":{"fields":{}}}}},"updateMask":{"fieldPaths":["deep"]},"updateTransforms":[{"fieldPath":"when","setToServerValue":"REQUEST_TIME"},{"fieldPath":"deep.when","setToServerValue":"REQUEST_TIME"}],"currentDocument":{"exists":true}}]}'
  (Persistence=memory_lru_gc) Server Timestamps
    ✔ work via set()
    ✔ work via update()
    ✔ work via transaction set()
    ✔ work via transaction update()
    ✔ can return estimated value
    ✔ can return previous value of different type
    ✔ can return previous value through consecutive updates
    ✔ uses previous value from local mutation
    ✔ fail via update() on nonexistent document.
    ✔ fail via transaction update() on nonexistent document.
TOTAL: 10 SUCCESS

Finished in 0.354 secs / 0.351 secs @ 05:43:04 GMT+0800 (Malaysia Time)

SUMMARY:
✔ 10 tests completed
Done in 2.01s.
yarn run v1.22.22
(node:92137) [DEP0169] DeprecationWarning: `url.parse()` behavior is not standardized and prone to errors that have security implications. Use the WHATWG URL API instead. CVEs are not issued for `url.parse()` vulnerabilities.
(Use `node --trace-deprecation ...` to show where the warning was created)
$ /private/tmp/fireside-phase2-oracles.EJXGdU/firebase-js-sdk/node_modules/.bin/karma start /Users/sanjevirau/Desktop/fireside/conformance/src/webchannel/firebase-js-sdk-karma.conf.cjs --single-run --grep '(?:^\(Persistence=indexeddb\) Server Timestamps(?= |$))'
The 'BROWSERS' environment variable is undefined. Defaulting to 'ChromeHeadless'.
webpack was not included as a framework in karma configuration, setting this automatically...

START:
(node:92138) [DEP0060] DeprecationWarning: The `util._extend` API is deprecated. Please use Object.assign() instead.
(Use `node --trace-deprecation ...` to show where the warning was created)
[32m02 09 2026 05:43:04.716:INFO [karma-server]: [39mKarma v6.4.4 server started at http://localhost:8089/
[32m02 09 2026 05:43:04.717:INFO [launcher]: [39mLaunching browsers ChromeHeadless with concurrency unlimited
[32m02 09 2026 05:43:04.719:INFO [launcher]: [39mStarting browser ChromeHeadless
[32m02 09 2026 05:43:05.622:INFO [Chrome Headless 152.0.0.0 (Mac OS 10.15.7)]: [39mConnected on socket ApYlxrsIs5-NCu7wAAAB with id 33097520
Chrome Headless 152.0.0.0 (Mac OS 10.15.7) LOG: 'Default Settings: {"host":"localhost:8080","ssl":false}'
Chrome Headless 152.0.0.0 (Mac OS 10.15.7) LOG: 'Default DatabaseId: "(default)"'
  (Persistence=indexeddb) Server Timestamps
    ✔ work via set()
    ✔ work via update()
    ✔ work via transaction set()
    ✔ work via transaction update()
    ✔ can return estimated value
    ✔ can return previous value of different type
    ✔ can return previous value through consecutive updates
    ✔ uses previous value from local mutation
    ✔ fail via update() on nonexistent document.
WARN: '[2026-09-01T21:43:06.346Z]  @firebase/firestore:', 'Firestore (12.18.0): RestConnection', 'RPC 'Commit' 0x36e48130 failed with error: ', '{"code":"not-found","name":"FirebaseError"}', 'url: ', 'http://localhost:8080/v1/projects/test-emulator/databases/(default)/documents:commit?key=fake-api-key', 'request:', '{"writes":[{"update":{"name":"projects/test-emulator/databases/(default)/documents/test-collection/711XUPESZJHUNdAvsWVl","fields":{"deep":{"mapValue":{"fields":{}}}}},"updateMask":{"fieldPaths":["deep"]},"updateTransforms":[{"fieldPath":"when","setToServerValue":"REQUEST_TIME"},{"fieldPath":"deep.when","setToServerValue":"REQUEST_TIME"}],"currentDocument":{"exists":true}}]}'
    ✔ fail via transaction update() on nonexistent document.
TOTAL: 10 SUCCESS

Finished in 0.602 secs / 0.599 secs @ 05:43:06 GMT+0800 (Malaysia Time)

SUMMARY:
✔ 10 tests completed
Done in 2.27s.
yarn run v1.22.22
(node:92182) [DEP0169] DeprecationWarning: `url.parse()` behavior is not standardized and prone to errors that have security implications. Use the WHATWG URL API instead. CVEs are not issued for `url.parse()` vulnerabilities.
(Use `node --trace-deprecation ...` to show where the warning was created)
$ /private/tmp/fireside-phase2-oracles.EJXGdU/firebase-js-sdk/node_modules/.bin/karma start /Users/sanjevirau/Desktop/fireside/conformance/src/webchannel/firebase-js-sdk-karma.conf.cjs --single-run --grep '(?:^\(Persistence=memory_lru_gc\) Smoke Test(?= |$))'
The 'BROWSERS' environment variable is undefined. Defaulting to 'ChromeHeadless'.
webpack was not included as a framework in karma configuration, setting this automatically...

START:
(node:92189) [DEP0060] DeprecationWarning: The `util._extend` API is deprecated. Please use Object.assign() instead.
(Use `node --trace-deprecation ...` to show where the warning was created)
[32m02 09 2026 05:43:07.084:INFO [karma-server]: [39mKarma v6.4.4 server started at http://localhost:8089/
[32m02 09 2026 05:43:07.085:INFO [launcher]: [39mLaunching browsers ChromeHeadless with concurrency unlimited
[32m02 09 2026 05:43:07.088:INFO [launcher]: [39mStarting browser ChromeHeadless
[32m02 09 2026 05:43:07.983:INFO [Chrome Headless 152.0.0.0 (Mac OS 10.15.7)]: [39mConnected on socket Iux5L-TbwmBQqF6ZAAAB with id 37645921
Chrome Headless 152.0.0.0 (Mac OS 10.15.7) LOG: 'Default Settings: {"host":"localhost:8080","ssl":false}'
Chrome Headless 152.0.0.0 (Mac OS 10.15.7) LOG: 'Default DatabaseId: "(default)"'
  (Persistence=memory_lru_gc) Smoke Test
    ✔ can write a single document
    ✔ can read a written document
    ✔ can read a written document with DocumentKey
    ✔ will fire local and remote events
    ✔ will fire value events for empty collections
    ✔ can get collection query
    ✖ can query by field and use order by (skipped)
TOTAL: 6 SUCCESS

Finished in 0.197 secs / 0.195 secs @ 05:43:08 GMT+0800 (Malaysia Time)

SUMMARY:
✔ 6 tests completed
ℹ 1 test skipped
Done in 1.86s.
yarn run v1.22.22
(node:92226) [DEP0169] DeprecationWarning: `url.parse()` behavior is not standardized and prone to errors that have security implications. Use the WHATWG URL API instead. CVEs are not issued for `url.parse()` vulnerabilities.
(Use `node --trace-deprecation ...` to show where the warning was created)
$ /private/tmp/fireside-phase2-oracles.EJXGdU/firebase-js-sdk/node_modules/.bin/karma start /Users/sanjevirau/Desktop/fireside/conformance/src/webchannel/firebase-js-sdk-karma.conf.cjs --single-run --grep '(?:^\(Persistence=indexeddb\) Smoke Test(?= |$))'
The 'BROWSERS' environment variable is undefined. Defaulting to 'ChromeHeadless'.
webpack was not included as a framework in karma configuration, setting this automatically...

START:
(node:92227) [DEP0060] DeprecationWarning: The `util._extend` API is deprecated. Please use Object.assign() instead.
(Use `node --trace-deprecation ...` to show where the warning was created)
[32m02 09 2026 05:43:09.017:INFO [karma-server]: [39mKarma v6.4.4 server started at http://localhost:8089/
[32m02 09 2026 05:43:09.018:INFO [launcher]: [39mLaunching browsers ChromeHeadless with concurrency unlimited
[32m02 09 2026 05:43:09.021:INFO [launcher]: [39mStarting browser ChromeHeadless
[32m02 09 2026 05:43:09.908:INFO [Chrome Headless 152.0.0.0 (Mac OS 10.15.7)]: [39mConnected on socket VbjFL3YHGh9zWUO7AAAB with id 35319135
Chrome Headless 152.0.0.0 (Mac OS 10.15.7) LOG: 'Default Settings: {"host":"localhost:8080","ssl":false}'
Chrome Headless 152.0.0.0 (Mac OS 10.15.7) LOG: 'Default DatabaseId: "(default)"'
  (Persistence=indexeddb) Smoke Test
    ✔ can write a single document
    ✔ can read a written document
    ✔ can read a written document with DocumentKey
    ✔ will fire local and remote events
    ✔ will fire value events for empty collections
    ✔ can get collection query
    ✖ can query by field and use order by (skipped)
TOTAL: 6 SUCCESS

Finished in 0.33 secs / 0.325 secs @ 05:43:10 GMT+0800 (Malaysia Time)

SUMMARY:
✔ 6 tests completed
ℹ 1 test skipped
Done in 1.94s.
yarn run v1.22.22
(node:92270) [DEP0169] DeprecationWarning: `url.parse()` behavior is not standardized and prone to errors that have security implications. Use the WHATWG URL API instead. CVEs are not issued for `url.parse()` vulnerabilities.
(Use `node --trace-deprecation ...` to show where the warning was created)
$ /private/tmp/fireside-phase2-oracles.EJXGdU/firebase-js-sdk/node_modules/.bin/karma start /Users/sanjevirau/Desktop/fireside/conformance/src/webchannel/firebase-js-sdk-karma.conf.cjs --single-run --grep '(?:^\(Persistence=memory_lru_gc\) Database transactions(?= |$))'
The 'BROWSERS' environment variable is undefined. Defaulting to 'ChromeHeadless'.
webpack was not included as a framework in karma configuration, setting this automatically...

START:
(node:92275) [DEP0060] DeprecationWarning: The `util._extend` API is deprecated. Please use Object.assign() instead.
(Use `node --trace-deprecation ...` to show where the warning was created)
[32m02 09 2026 05:43:11.089:INFO [karma-server]: [39mKarma v6.4.4 server started at http://localhost:8089/
[32m02 09 2026 05:43:11.090:INFO [launcher]: [39mLaunching browsers ChromeHeadless with concurrency unlimited
[32m02 09 2026 05:43:11.093:INFO [launcher]: [39mStarting browser ChromeHeadless
[32m02 09 2026 05:43:11.978:INFO [Chrome Headless 152.0.0.0 (Mac OS 10.15.7)]: [39mConnected on socket EmpW4h1IdxHP26LnAAAB with id 78724497
Chrome Headless 152.0.0.0 (Mac OS 10.15.7) LOG: 'Default Settings: {"host":"localhost:8080","ssl":false}'
Chrome Headless 152.0.0.0 (Mac OS 10.15.7) LOG: 'Default DatabaseId: "(default)"'
WARN: '[2026-09-01T21:43:12.173Z]  @firebase/firestore:', 'Firestore (12.18.0): RestConnection', 'RPC 'Commit' 0x291babbe failed with error: ', '{"code":"invalid-argument","name":"FirebaseError"}', 'url: ', 'http://localhost:8080/v1/projects/test-emulator/databases/(default)/documents:commit?key=fake-api-key', 'request:', '{"writes":[{"delete":"projects/test-emulator/databases/(default)/documents/tester-docref/ofmUNv1SLmwmxyM1M0pi","currentDocument":{"updateTime":"2026-09-01T21:43:12.156471000Z"}},{"update":{"name":"projects/test-emulator/databases/(default)/documents/tester-docref/ofmUNv1SLmwmxyM1M0pi","fields":{"foo":{"stringValue":"bar2"}}},"updateMask":{"fieldPaths":["foo"]},"currentDocument":{"exists":true}}]}'
  (Persistence=memory_lru_gc) Database transactions
    ✔ runs transactions after getting existing document
WARN: '[2026-09-01T21:43:12.416Z]  @firebase/firestore:', 'Firestore (12.18.0): RestConnection', 'RPC 'Commit' 0x291babe3 failed with error: ', '{"code":"invalid-argument","name":"FirebaseError"}', 'url: ', 'http://localhost:8080/v1/projects/test-emulator/databases/(default)/documents:commit?key=fake-api-key', 'request:', '{"writes":[{"delete":"projects/test-emulator/databases/(default)/documents/tester-docref/tghVamDtsAippBZirFT0","currentDocument":{"exists":false}},{"update":{"name":"projects/test-emulator/databases/(default)/documents/tester-docref/tghVamDtsAippBZirFT0","fields":{"foo":{"stringValue":"bar2"}}},"updateMask":{"fieldPaths":["foo"]},"currentDocument":{"exists":true}}]}'
    ✔ runs transactions after getting nonexistent document
WARN: '[2026-09-01T21:43:12.576Z]  @firebase/firestore:', 'Firestore (12.18.0): RestConnection', 'RPC 'Commit' 0x291bac03 failed with error: ', '{"code":"invalid-argument","name":"FirebaseError"}', 'url: ', 'http://localhost:8080/v1/projects/test-emulator/databases/(default)/documents:commit?key=fake-api-key', 'request:', '{"writes":[{"delete":"projects/test-emulator/databases/(default)/documents/tester-docref/hror2HWJr7SsJf4bgYZP","currentDocument":{"exists":false}},{"update":{"name":"projects/test-emulator/databases/(default)/documents/tester-docref/hror2HWJr7SsJf4bgYZP","fields":{"foo":{"stringValue":"bar2"}}},"updateMask":{"fieldPaths":["foo"]},"currentDocument":{"exists":true}}]}'
    ✔ runs transactions after getting a deleted document
WARN: '[2026-09-01T21:43:12.901Z]  @firebase/firestore:', 'Firestore (12.18.0): RestConnection', 'RPC 'Commit' 0x291bac1f failed with error: ', '{"code":"invalid-argument","name":"FirebaseError"}', 'url: ', 'http://localhost:8080/v1/projects/test-emulator/databases/(default)/documents:commit?key=fake-api-key', 'request:', '{"writes":[{"delete":"projects/test-emulator/databases/(default)/documents/tester-docref/zevJhi5PmxWN2jPJMOi1"},{"update":{"name":"projects/test-emulator/databases/(default)/documents/tester-docref/zevJhi5PmxWN2jPJMOi1","fields":{"foo":{"stringValue":"bar2"}}},"updateMask":{"fieldPaths":["foo"]},"currentDocument":{"exists":true}}]}'
    ✔ runs transactions on existing document
WARN: '[2026-09-01T21:43:13.132Z]  @firebase/firestore:', 'Firestore (12.18.0): RestConnection', 'RPC 'Commit' 0x291bac32 failed with error: ', '{"code":"invalid-argument","name":"FirebaseError"}', 'url: ', 'http://localhost:8080/v1/projects/test-emulator/databases/(default)/documents:commit?key=fake-api-key', 'request:', '{"writes":[{"delete":"projects/test-emulator/databases/(default)/documents/tester-docref/BJkbkkmVNmPbCRT2UUfA"},{"update":{"name":"projects/test-emulator/databases/(default)/documents/tester-docref/BJkbkkmVNmPbCRT2UUfA","fields":{"foo":{"stringValue":"bar2"}}},"updateMask":{"fieldPaths":["foo"]},"currentDocument":{"exists":true}}]}'
WARN: '[2026-09-01T21:43:13.153Z]  @firebase/firestore:', 'Firestore (12.18.0): RestConnection', 'RPC 'Commit' 0x291bac36 failed with error: ', '{"code":"not-found","name":"FirebaseError"}', 'url: ', 'http://localhost:8080/v1/projects/test-emulator/databases/(default)/documents:commit?key=fake-api-key', 'request:', '{"writes":[{"update":{"name":"projects/test-emulator/databases/(default)/documents/tester-docref/Y0EtLaaXagzvBw9xZUUU","fields":{"foo":{"stringValue":"bar1"}}},"updateMask":{"fieldPaths":["foo"]},"currentDocument":{"exists":true}},{"delete":"projects/test-emulator/databases/(default)/documents/tester-docref/Y0EtLaaXagzvBw9xZUUU"}]}'
WARN: '[2026-09-01T21:43:13.154Z]  @firebase/firestore:', 'Firestore (12.18.0): RestConnection', 'RPC 'Commit' 0x291bac38 failed with error: ', '{"code":"not-found","name":"FirebaseError"}', 'url: ', 'http://localhost:8080/v1/projects/test-emulator/databases/(default)/documents:commit?key=fake-api-key', 'request:', '{"writes":[{"update":{"name":"projects/test-emulator/databases/(default)/documents/tester-docref/5fjjDYYZyiAYAhVATfoc","fields":{"foo":{"stringValue":"bar1"}}},"updateMask":{"fieldPaths":["foo"]},"currentDocument":{"exists":true}},{"update":{"name":"projects/test-emulator/databases/(default)/documents/tester-docref/5fjjDYYZyiAYAhVATfoc","fields":{"foo":{"stringValue":"bar2"}}},"updateMask":{"fieldPaths":["foo"]},"currentDocument":{"exists":true}}]}'
WARN: '[2026-09-01T21:43:13.154Z]  @firebase/firestore:', 'Firestore (12.18.0): RestConnection', 'RPC 'Commit' 0x291bac3a failed with error: ', '{"code":"not-found","name":"FirebaseError"}', 'url: ', 'http://localhost:8080/v1/projects/test-emulator/databases/(default)/documents:commit?key=fake-api-key', 'request:', '{"writes":[{"update":{"name":"projects/test-emulator/databases/(default)/documents/tester-docref/59JtBdd6TzDTvDEJLUZu","fields":{"foo":{"stringValue":"bar1"}}},"updateMask":{"fieldPaths":["foo"]},"currentDocument":{"exists":true}},{"update":{"name":"projects/test-emulator/databases/(default)/documents/tester-docref/59JtBdd6TzDTvDEJLUZu","fields":{"foo":{"stringValue":"bar1"}}}}]}'
    ✔ runs transactions on nonexistent document
    ✔ set document with merge
    ✔ can update nested fields transactionally
WARN: '[2026-09-01T21:43:13.275Z]  @firebase/firestore:', 'Firestore (12.18.0): RestConnection', 'RPC 'Commit' 0x291bac4b failed with error: ', '{"code":"failed-precondition","name":"FirebaseError"}', 'url: ', 'http://localhost:8080/v1/projects/test-emulator/databases/(default)/documents:commit?key=fake-api-key', 'request:', '{"writes":[{"update":{"name":"projects/test-emulator/databases/(default)/documents/counters/Rgs2uCbhVSHz1b6eKp15","fields":{"count":{"integerValue":"16"}}}},{"verify":"projects/test-emulator/databases/(default)/documents/counters/HkRtThxxQkko6F61CC52","currentDocument":{"updateTime":"2026-09-01T21:43:13.239406000Z"}}]}'
    ✔ retry when a document that was read without being written changes
    ✔ cannot read after writing and does not commit
    ✔ cannot read after writing and does not commit, even if the user transaction does not bubble up the error
    ✔ cannot read nonexistent document then update, even if document is written after the read
    ✔ runTransaction with empty message reject inside
    ✔ can have gets without mutations
    ✔ does not retry on permanent errors
WARN: '[2026-09-01T21:43:14.706Z]  @firebase/firestore:', 'Firestore (12.18.0): RestConnection', 'RPC 'Commit' 0x291bac65 failed with error: ', '{"code":"failed-precondition","name":"FirebaseError"}', 'url: ', 'http://localhost:8080/v1/projects/test-emulator/databases/(default)/documents:commit?key=fake-api-key', 'request:', '{"writes":[{"update":{"name":"projects/test-emulator/databases/(default)/documents/nonexistent/tkebrqgYACEAiWf5Z2HY","fields":{"count":{"integerValue":"2"}}},"currentDocument":{"exists":false}}]}'
    ✔ retries when document already exists
    ✔ are successful with no transaction operations
    ✔ are cancelled on rejected promise
    ✔ are cancelled on throw
    must return a promise:
      ✔ undefined is rejected
      ✔ null is rejected
      ✔ 5 is rejected
      ✔ [object Object] is rejected
      ✔ [object Object] is rejected 
      ✔ [object Object] is rejected 
    (Persistence=memory_lru_gc) withConverter() support
      ✔ for Transaction.set<T>() and Transaction.get<T>()
    (Persistence=indexeddb) withConverter() support
      ✔ for Transaction.set<T>() and Transaction.get<T>()
TOTAL: 26 SUCCESS

Finished in 3.424 secs / 3.391 secs @ 05:43:15 GMT+0800 (Malaysia Time)

SUMMARY:
✔ 26 tests completed
Done in 5.10s.
yarn run v1.22.22
(node:92368) [DEP0169] DeprecationWarning: `url.parse()` behavior is not standardized and prone to errors that have security implications. Use the WHATWG URL API instead. CVEs are not issued for `url.parse()` vulnerabilities.
(Use `node --trace-deprecation ...` to show where the warning was created)
$ /private/tmp/fireside-phase2-oracles.EJXGdU/firebase-js-sdk/node_modules/.bin/karma start /Users/sanjevirau/Desktop/fireside/conformance/src/webchannel/firebase-js-sdk-karma.conf.cjs --single-run --grep '(?:^\(Persistence=indexeddb\) Database transactions(?= |$))'
The 'BROWSERS' environment variable is undefined. Defaulting to 'ChromeHeadless'.
webpack was not included as a framework in karma configuration, setting this automatically...

START:
(node:92369) [DEP0060] DeprecationWarning: The `util._extend` API is deprecated. Please use Object.assign() instead.
(Use `node --trace-deprecation ...` to show where the warning was created)
[32m02 09 2026 05:43:16.279:INFO [karma-server]: [39mKarma v6.4.4 server started at http://localhost:8089/
[32m02 09 2026 05:43:16.280:INFO [launcher]: [39mLaunching browsers ChromeHeadless with concurrency unlimited
[32m02 09 2026 05:43:16.283:INFO [launcher]: [39mStarting browser ChromeHeadless
[32m02 09 2026 05:43:17.194:INFO [Chrome Headless 152.0.0.0 (Mac OS 10.15.7)]: [39mConnected on socket 3R2jZepjIqLGDXmIAAAB with id 58502984
Chrome Headless 152.0.0.0 (Mac OS 10.15.7) LOG: 'Default Settings: {"host":"localhost:8080","ssl":false}'
Chrome Headless 152.0.0.0 (Mac OS 10.15.7) LOG: 'Default DatabaseId: "(default)"'
WARN: '[2026-09-01T21:43:17.415Z]  @firebase/firestore:', 'Firestore (12.18.0): RestConnection', 'RPC 'Commit' 0x55c02319 failed with error: ', '{"code":"invalid-argument","name":"FirebaseError"}', 'url: ', 'http://localhost:8080/v1/projects/test-emulator/databases/(default)/documents:commit?key=fake-api-key', 'request:', '{"writes":[{"delete":"projects/test-emulator/databases/(default)/documents/tester-docref/b7i5YysRULOxBJwrqi3d","currentDocument":{"updateTime":"2026-09-01T21:43:17.399317000Z"}},{"update":{"name":"projects/test-emulator/databases/(default)/documents/tester-docref/b7i5YysRULOxBJwrqi3d","fields":{"foo":{"stringValue":"bar2"}}},"updateMask":{"fieldPaths":["foo"]},"currentDocument":{"exists":true}}]}'
  (Persistence=indexeddb) Database transactions
    ✔ runs transactions after getting existing document
WARN: '[2026-09-01T21:43:17.689Z]  @firebase/firestore:', 'Firestore (12.18.0): RestConnection', 'RPC 'Commit' 0x55c0233e failed with error: ', '{"code":"invalid-argument","name":"FirebaseError"}', 'url: ', 'http://localhost:8080/v1/projects/test-emulator/databases/(default)/documents:commit?key=fake-api-key', 'request:', '{"writes":[{"delete":"projects/test-emulator/databases/(default)/documents/tester-docref/EGXpBltKKPzCPTOPqr3Q","currentDocument":{"exists":false}},{"update":{"name":"projects/test-emulator/databases/(default)/documents/tester-docref/EGXpBltKKPzCPTOPqr3Q","fields":{"foo":{"stringValue":"bar2"}}},"updateMask":{"fieldPaths":["foo"]},"currentDocument":{"exists":true}}]}'
    ✔ runs transactions after getting nonexistent document
WARN: '[2026-09-01T21:43:17.867Z]  @firebase/firestore:', 'Firestore (12.18.0): RestConnection', 'RPC 'Commit' 0x55c0235e failed with error: ', '{"code":"invalid-argument","name":"FirebaseError"}', 'url: ', 'http://localhost:8080/v1/projects/test-emulator/databases/(default)/documents:commit?key=fake-api-key', 'request:', '{"writes":[{"delete":"projects/test-emulator/databases/(default)/documents/tester-docref/xuGF1j1bMBabeqFCcbKv","currentDocument":{"exists":false}},{"update":{"name":"projects/test-emulator/databases/(default)/documents/tester-docref/xuGF1j1bMBabeqFCcbKv","fields":{"foo":{"stringValue":"bar2"}}},"updateMask":{"fieldPaths":["foo"]},"currentDocument":{"exists":true}}]}'
    ✔ runs transactions after getting a deleted document
WARN: '[2026-09-01T21:43:18.241Z]  @firebase/firestore:', 'Firestore (12.18.0): RestConnection', 'RPC 'Commit' 0x55c0237a failed with error: ', '{"code":"invalid-argument","name":"FirebaseError"}', 'url: ', 'http://localhost:8080/v1/projects/test-emulator/databases/(default)/documents:commit?key=fake-api-key', 'request:', '{"writes":[{"delete":"projects/test-emulator/databases/(default)/documents/tester-docref/YPo9ahkqvX8WtK7YAR4i"},{"update":{"name":"projects/test-emulator/databases/(default)/documents/tester-docref/YPo9ahkqvX8WtK7YAR4i","fields":{"foo":{"stringValue":"bar2"}}},"updateMask":{"fieldPaths":["foo"]},"currentDocument":{"exists":true}}]}'
    ✔ runs transactions on existing document
WARN: '[2026-09-01T21:43:18.511Z]  @firebase/firestore:', 'Firestore (12.18.0): RestConnection', 'RPC 'Commit' 0x55c0238d failed with error: ', '{"code":"invalid-argument","name":"FirebaseError"}', 'url: ', 'http://localhost:8080/v1/projects/test-emulator/databases/(default)/documents:commit?key=fake-api-key', 'request:', '{"writes":[{"delete":"projects/test-emulator/databases/(default)/documents/tester-docref/0V4TwbhwpH2shYYqUarL"},{"update":{"name":"projects/test-emulator/databases/(default)/documents/tester-docref/0V4TwbhwpH2shYYqUarL","fields":{"foo":{"stringValue":"bar2"}}},"updateMask":{"fieldPaths":["foo"]},"currentDocument":{"exists":true}}]}'
WARN: '[2026-09-01T21:43:18.528Z]  @firebase/firestore:', 'Firestore (12.18.0): RestConnection', 'RPC 'Commit' 0x55c02391 failed with error: ', '{"code":"not-found","name":"FirebaseError"}', 'url: ', 'http://localhost:8080/v1/projects/test-emulator/databases/(default)/documents:commit?key=fake-api-key', 'request:', '{"writes":[{"update":{"name":"projects/test-emulator/databases/(default)/documents/tester-docref/dpOAgPMOXLNFSRuxyUA7","fields":{"foo":{"stringValue":"bar1"}}},"updateMask":{"fieldPaths":["foo"]},"currentDocument":{"exists":true}},{"delete":"projects/test-emulator/databases/(default)/documents/tester-docref/dpOAgPMOXLNFSRuxyUA7"}]}'
WARN: '[2026-09-01T21:43:18.529Z]  @firebase/firestore:', 'Firestore (12.18.0): RestConnection', 'RPC 'Commit' 0x55c02393 failed with error: ', '{"code":"not-found","name":"FirebaseError"}', 'url: ', 'http://localhost:8080/v1/projects/test-emulator/databases/(default)/documents:commit?key=fake-api-key', 'request:', '{"writes":[{"update":{"name":"projects/test-emulator/databases/(default)/documents/tester-docref/07ohJ019nxNhEQeI8lUR","fields":{"foo":{"stringValue":"bar1"}}},"updateMask":{"fieldPaths":["foo"]},"currentDocument":{"exists":true}},{"update":{"name":"projects/test-emulator/databases/(default)/documents/tester-docref/07ohJ019nxNhEQeI8lUR","fields":{"foo":{"stringValue":"bar2"}}},"updateMask":{"fieldPaths":["foo"]},"currentDocument":{"exists":true}}]}'
WARN: '[2026-09-01T21:43:18.530Z]  @firebase/firestore:', 'Firestore (12.18.0): RestConnection', 'RPC 'Commit' 0x55c02395 failed with error: ', '{"code":"not-found","name":"FirebaseError"}', 'url: ', 'http://localhost:8080/v1/projects/test-emulator/databases/(default)/documents:commit?key=fake-api-key', 'request:', '{"writes":[{"update":{"name":"projects/test-emulator/databases/(default)/documents/tester-docref/Ndxg1tDfb2PQloeopSfx","fields":{"foo":{"stringValue":"bar1"}}},"updateMask":{"fieldPaths":["foo"]},"currentDocument":{"exists":true}},{"update":{"name":"projects/test-emulator/databases/(default)/documents/tester-docref/Ndxg1tDfb2PQloeopSfx","fields":{"foo":{"stringValue":"bar1"}}}}]}'
    ✔ runs transactions on nonexistent document
    ✔ set document with merge
    ✔ can update nested fields transactionally
WARN: '[2026-09-01T21:43:18.688Z]  @firebase/firestore:', 'Firestore (12.18.0): RestConnection', 'RPC 'Commit' 0x55c023a6 failed with error: ', '{"code":"failed-precondition","name":"FirebaseError"}', 'url: ', 'http://localhost:8080/v1/projects/test-emulator/databases/(default)/documents:commit?key=fake-api-key', 'request:', '{"writes":[{"update":{"name":"projects/test-emulator/databases/(default)/documents/counters/TaVltfbZ5x6HKV8wkwNv","fields":{"count":{"integerValue":"16"}}}},{"verify":"projects/test-emulator/databases/(default)/documents/counters/NoY9rCP9NpRJULn6H68O","currentDocument":{"updateTime":"2026-09-01T21:43:18.654699000Z"}}]}'
    ✔ retry when a document that was read without being written changes
    ✔ cannot read after writing and does not commit
    ✔ cannot read after writing and does not commit, even if the user transaction does not bubble up the error
    ✔ cannot read nonexistent document then update, even if document is written after the read
    ✔ runTransaction with empty message reject inside
    ✔ can have gets without mutations
    ✔ does not retry on permanent errors
WARN: '[2026-09-01T21:43:20.083Z]  @firebase/firestore:', 'Firestore (12.18.0): RestConnection', 'RPC 'Commit' 0x55c023c0 failed with error: ', '{"code":"failed-precondition","name":"FirebaseError"}', 'url: ', 'http://localhost:8080/v1/projects/test-emulator/databases/(default)/documents:commit?key=fake-api-key', 'request:', '{"writes":[{"update":{"name":"projects/test-emulator/databases/(default)/documents/nonexistent/vPovoCHfxtNvZi0cVHl7","fields":{"count":{"integerValue":"2"}}},"currentDocument":{"exists":false}}]}'
    ✔ retries when document already exists
    ✔ are successful with no transaction operations
    ✔ are cancelled on rejected promise
    ✔ are cancelled on throw
    must return a promise:
      ✔ undefined is rejected
      ✔ null is rejected
      ✔ 5 is rejected
      ✔ [object Object] is rejected
      ✔ [object Object] is rejected 
      ✔ [object Object] is rejected 
    (Persistence=memory_lru_gc) withConverter() support
      ✔ for Transaction.set<T>() and Transaction.get<T>()
    (Persistence=indexeddb) withConverter() support
      ✔ for Transaction.set<T>() and Transaction.get<T>()
TOTAL: 26 SUCCESS

Finished in 3.649 secs / 3.64 secs @ 05:43:20 GMT+0800 (Malaysia Time)

SUMMARY:
✔ 26 tests completed
Done in 5.34s.
yarn run v1.22.22
(node:92420) [DEP0169] DeprecationWarning: `url.parse()` behavior is not standardized and prone to errors that have security implications. Use the WHATWG URL API instead. CVEs are not issued for `url.parse()` vulnerabilities.
(Use `node --trace-deprecation ...` to show where the warning was created)
$ /private/tmp/fireside-phase2-oracles.EJXGdU/firebase-js-sdk/node_modules/.bin/karma start /Users/sanjevirau/Desktop/fireside/conformance/src/webchannel/firebase-js-sdk-karma.conf.cjs --single-run --grep '(?:^\(Persistence=memory_lru_gc\) Firestore(?= |$))'
The 'BROWSERS' environment variable is undefined. Defaulting to 'ChromeHeadless'.
webpack was not included as a framework in karma configuration, setting this automatically...

START:
(node:92422) [DEP0060] DeprecationWarning: The `util._extend` API is deprecated. Please use Object.assign() instead.
(Use `node --trace-deprecation ...` to show where the warning was created)
[32m02 09 2026 05:43:21.705:INFO [karma-server]: [39mKarma v6.4.4 server started at http://localhost:8089/
[32m02 09 2026 05:43:21.706:INFO [launcher]: [39mLaunching browsers ChromeHeadless with concurrency unlimited
[32m02 09 2026 05:43:21.708:INFO [launcher]: [39mStarting browser ChromeHeadless
[32m02 09 2026 05:43:22.609:INFO [Chrome Headless 152.0.0.0 (Mac OS 10.15.7)]: [39mConnected on socket T5HyYMkrKXQ0BsWuAAAB with id 51295543
Chrome Headless 152.0.0.0 (Mac OS 10.15.7) LOG: 'Default Settings: {"host":"localhost:8080","ssl":false}'
Chrome Headless 152.0.0.0 (Mac OS 10.15.7) LOG: 'Default DatabaseId: "(default)"'
  (Persistence=memory_lru_gc) Firestore
    ✔ can read and write null fields
    ✔ can read and write number fields
    ✔ can read and write array fields
    ✔ can read and write geo point fields
    ✔ can read and write bytes fields
    ✔ can read and write date fields
    ✔ can read and write timestamp fields
    ✔ can read and write document references
    ✔ can read and write document references in an array
TOTAL: 9 SUCCESS

Finished in 0.699 secs / 0.695 secs @ 05:43:23 GMT+0800 (Malaysia Time)

SUMMARY:
✔ 9 tests completed
Done in 2.35s.
yarn run v1.22.22
(node:92465) [DEP0169] DeprecationWarning: `url.parse()` behavior is not standardized and prone to errors that have security implications. Use the WHATWG URL API instead. CVEs are not issued for `url.parse()` vulnerabilities.
(Use `node --trace-deprecation ...` to show where the warning was created)
$ /private/tmp/fireside-phase2-oracles.EJXGdU/firebase-js-sdk/node_modules/.bin/karma start /Users/sanjevirau/Desktop/fireside/conformance/src/webchannel/firebase-js-sdk-karma.conf.cjs --single-run --grep '(?:^\(Persistence=indexeddb\) Firestore(?= |$))'
The 'BROWSERS' environment variable is undefined. Defaulting to 'ChromeHeadless'.
webpack was not included as a framework in karma configuration, setting this automatically...

START:
(node:92472) [DEP0060] DeprecationWarning: The `util._extend` API is deprecated. Please use Object.assign() instead.
(Use `node --trace-deprecation ...` to show where the warning was created)
[32m02 09 2026 05:43:24.142:INFO [karma-server]: [39mKarma v6.4.4 server started at http://localhost:8089/
[32m02 09 2026 05:43:24.143:INFO [launcher]: [39mLaunching browsers ChromeHeadless with concurrency unlimited
[32m02 09 2026 05:43:24.145:INFO [launcher]: [39mStarting browser ChromeHeadless
[32m02 09 2026 05:43:25.042:INFO [Chrome Headless 152.0.0.0 (Mac OS 10.15.7)]: [39mConnected on socket DsWQATRPJCGczkoIAAAB with id 1393476
Chrome Headless 152.0.0.0 (Mac OS 10.15.7) LOG: 'Default Settings: {"host":"localhost:8080","ssl":false}'
Chrome Headless 152.0.0.0 (Mac OS 10.15.7) LOG: 'Default DatabaseId: "(default)"'
  (Persistence=indexeddb) Firestore
    ✔ can read and write null fields
    ✔ can read and write number fields
    ✔ can read and write array fields
    ✔ can read and write geo point fields
    ✔ can read and write bytes fields
    ✔ can read and write date fields
    ✔ can read and write timestamp fields
    ✔ can read and write document references
    ✔ can read and write document references in an array
TOTAL: 9 SUCCESS

Finished in 1.009 secs / 1.006 secs @ 05:43:26 GMT+0800 (Malaysia Time)

SUMMARY:
✔ 9 tests completed
Done in 2.64s.
yarn run v1.22.22
(node:92518) [DEP0169] DeprecationWarning: `url.parse()` behavior is not standardized and prone to errors that have security implications. Use the WHATWG URL API instead. CVEs are not issued for `url.parse()` vulnerabilities.
(Use `node --trace-deprecation ...` to show where the warning was created)
$ /private/tmp/fireside-phase2-oracles.EJXGdU/firebase-js-sdk/node_modules/.bin/karma start /Users/sanjevirau/Desktop/fireside/conformance/src/webchannel/firebase-js-sdk-karma.conf.cjs --single-run --grep '(?:^\(Persistence=memory_lru_gc\) Validation:(?= |$))'
The 'BROWSERS' environment variable is undefined. Defaulting to 'ChromeHeadless'.
webpack was not included as a framework in karma configuration, setting this automatically...

START:
(node:92519) [DEP0060] DeprecationWarning: The `util._extend` API is deprecated. Please use Object.assign() instead.
(Use `node --trace-deprecation ...` to show where the warning was created)
[32m02 09 2026 05:43:26.873:INFO [karma-server]: [39mKarma v6.4.4 server started at http://localhost:8089/
[32m02 09 2026 05:43:26.874:INFO [launcher]: [39mLaunching browsers ChromeHeadless with concurrency unlimited
[32m02 09 2026 05:43:26.876:INFO [launcher]: [39mStarting browser ChromeHeadless
[32m02 09 2026 05:43:27.773:INFO [Chrome Headless 152.0.0.0 (Mac OS 10.15.7)]: [39mConnected on socket bo18dbVxI1rsdFkaAAAB with id 39000601
Chrome Headless 152.0.0.0 (Mac OS 10.15.7) LOG: 'Default Settings: {"host":"localhost:8080","ssl":false}'
Chrome Headless 152.0.0.0 (Mac OS 10.15.7) LOG: 'Default DatabaseId: "(default)"'
  (Persistence=memory_lru_gc) Validation:
    ✔ Batch writes require correct Document References
    ✔ Transaction writes require correct Document References
    ✔ Field paths must not have empty segments
    ✔ Field paths must not have invalid segments
WARN: '[2026-09-01T21:43:28.162Z]  @firebase/firestore:', 'Firestore (12.18.0): Host has been set in both settings() and connectFirestoreEmulator(), emulator host will be used.'
    FirestoreSettings
      ✔ disallows changing settings after use
      ✔ enforces minimum cache size
      ✔ garbage collection can be disabled
      ✔ connectFirestoreEmulator() can set host and port
      ✔ connectFirestoreEmulator() can set mockUserToken object
WARN: '[2026-09-01T21:43:28.188Z]  @firebase/firestore:', 'Firestore (12.18.0): Host has been set in both settings() and connectFirestoreEmulator(), emulator host will be used.'
      ✔ disallows calling connectFirestoreEmulator() for first time after use
WARN: '[2026-09-01T21:43:28.189Z]  @firebase/firestore:', 'Firestore (12.18.0): Host has been set in both settings() and connectFirestoreEmulator(), emulator host will be used.'
      ✔ allows calling connectFirestoreEmulator() after use with same config
WARN: '[2026-09-01T21:43:28.208Z]  @firebase/firestore:', 'Firestore (12.18.0): Host has been set in both settings() and connectFirestoreEmulator(), emulator host will be used.'
WARN: '[2026-09-01T21:43:28.230Z]  @firebase/firestore:', 'Firestore (12.18.0): Host has been set in both settings() and connectFirestoreEmulator(), emulator host will be used.'
      ✔ disallows calling connectFirestoreEmulator() after use with different config
      ✔ connectFirestoreEmulator() can set mockUserToken string
WARN: '[2026-09-01T21:43:28.231Z]  @firebase/firestore:', 'Firestore (12.18.0): Host has been set in both settings() and connectFirestoreEmulator(), emulator host will be used.'
      ✔ throws if sub / user_id is missing in mockUserToken
WARN: '[2026-09-01T21:43:28.233Z]  @firebase/firestore:', 'Firestore (12.18.0): enableIndexedDbPersistence() will be deprecated in the future, you can use `FirestoreSettings.cache` instead.'
    Firestore
      ✔ disallows calling enableIndexedDbPersistence() after use
      ✔ fails transaction if function doesn't return a Promise.
    Collection paths
      ✔ must be non-empty strings
      ✔ must be odd-length
      ✔ must not have empty segments
    Document paths
      ✔ must be strings
      ✔ must be even-length
    Writes
      ✔ must be objects.
      ✔ must not contain custom objects or functions.
      ✔ must not contain field value transforms in arrays
      ✔ must not contain directly nested arrays.
      ✔ may contain indirectly nested arrays.
      ✔ must not contain undefined.
      ✔ must not contain references to a different database
      ✔ must not contain reserved field names.
      ✔ must not contain empty field names.
      ✔ via set() must not contain deleteField()
      ✔ via update() must not contain nested deleteField()
    Array transforms
      ✔ fail in queries
      ✔ reject invalid elements
      ✔ reject arrays
    Numeric transforms
      ✔ fail in queries
    Queries
      ✔ with non-positive limit fail
      ✔ cannot be created from documents missing sort values
ERROR: '[2026-09-01T21:43:28.848Z]  @firebase/firestore:', 'Firestore (12.18.0): Uncaught Error in snapshot listener:', 'FirebaseError: [code=aborted]: Firestore shutting down'
      ✔ cannot be sorted by an uncommitted server timestamp
      ✔ must not have more components than order by.
      ✔ order-by-key bounds must be strings without slashes.
      ✔ with more than one != query fail
      ✔ with != and not-in filters fail
      ✔ with multiple disjunctive filters fail
      ✔ can have an IN filter with an array-contains filter.
      ✔ enforce array requirements for disjunctive filters
      ✔ must not specify starting or ending point after orderBy
      ✔ must be non-empty strings or references when filtering by document ID
      ✔ using IN and document id must have proper document references in array
      ✔ cannot pass undefined as a field value
      ✔ invalid query filters fail
      ✔ passing non-filters to composite operators fails
      ✔ conflicting operators inside a nested composite filter
TOTAL: 53 SUCCESS

Finished in 1.002 secs / 0.922 secs @ 05:43:28 GMT+0800 (Malaysia Time)

SUMMARY:
✔ 53 tests completed
Done in 2.80s.
yarn run v1.22.22
(node:92563) [DEP0169] DeprecationWarning: `url.parse()` behavior is not standardized and prone to errors that have security implications. Use the WHATWG URL API instead. CVEs are not issued for `url.parse()` vulnerabilities.
(Use `node --trace-deprecation ...` to show where the warning was created)
$ /private/tmp/fireside-phase2-oracles.EJXGdU/firebase-js-sdk/node_modules/.bin/karma start /Users/sanjevirau/Desktop/fireside/conformance/src/webchannel/firebase-js-sdk-karma.conf.cjs --single-run --grep '(?:^\(Persistence=indexeddb\) Validation:(?= |$))'
The 'BROWSERS' environment variable is undefined. Defaulting to 'ChromeHeadless'.
webpack was not included as a framework in karma configuration, setting this automatically...

START:
(node:92564) [DEP0060] DeprecationWarning: The `util._extend` API is deprecated. Please use Object.assign() instead.
(Use `node --trace-deprecation ...` to show where the warning was created)
[32m02 09 2026 05:43:29.776:INFO [karma-server]: [39mKarma v6.4.4 server started at http://localhost:8089/
[32m02 09 2026 05:43:29.777:INFO [launcher]: [39mLaunching browsers ChromeHeadless with concurrency unlimited
[32m02 09 2026 05:43:29.779:INFO [launcher]: [39mStarting browser ChromeHeadless
[32m02 09 2026 05:43:30.750:INFO [Chrome Headless 152.0.0.0 (Mac OS 10.15.7)]: [39mConnected on socket 2552d7fFtGITUHibAAAB with id 12289370
Chrome Headless 152.0.0.0 (Mac OS 10.15.7) LOG: 'Default Settings: {"host":"localhost:8080","ssl":false}'
Chrome Headless 152.0.0.0 (Mac OS 10.15.7) LOG: 'Default DatabaseId: "(default)"'
  (Persistence=indexeddb) Validation:
    ✔ Batch writes require correct Document References
    ✔ Transaction writes require correct Document References
    ✔ Field paths must not have empty segments
    ✔ Field paths must not have invalid segments
WARN: '[2026-09-01T21:43:31.923Z]  @firebase/firestore:', 'Firestore (12.18.0): Host has been set in both settings() and connectFirestoreEmulator(), emulator host will be used.'
    FirestoreSettings
      ✔ disallows changing settings after use
      ✔ enforces minimum cache size
      ✔ garbage collection can be disabled
      ✔ connectFirestoreEmulator() can set host and port
      ✔ connectFirestoreEmulator() can set mockUserToken object
WARN: '[2026-09-01T21:43:31.986Z]  @firebase/firestore:', 'Firestore (12.18.0): Host has been set in both settings() and connectFirestoreEmulator(), emulator host will be used.'
      ✔ disallows calling connectFirestoreEmulator() for first time after use
WARN: '[2026-09-01T21:43:31.988Z]  @firebase/firestore:', 'Firestore (12.18.0): Host has been set in both settings() and connectFirestoreEmulator(), emulator host will be used.'
      ✔ allows calling connectFirestoreEmulator() after use with same config
WARN: '[2026-09-01T21:43:32.048Z]  @firebase/firestore:', 'Firestore (12.18.0): Host has been set in both settings() and connectFirestoreEmulator(), emulator host will be used.'
WARN: '[2026-09-01T21:43:32.109Z]  @firebase/firestore:', 'Firestore (12.18.0): Host has been set in both settings() and connectFirestoreEmulator(), emulator host will be used.'
      ✔ disallows calling connectFirestoreEmulator() after use with different config
      ✔ connectFirestoreEmulator() can set mockUserToken string
WARN: '[2026-09-01T21:43:32.112Z]  @firebase/firestore:', 'Firestore (12.18.0): Host has been set in both settings() and connectFirestoreEmulator(), emulator host will be used.'
      ✔ throws if sub / user_id is missing in mockUserToken
WARN: '[2026-09-01T21:43:32.128Z]  @firebase/firestore:', 'Firestore (12.18.0): enableIndexedDbPersistence() will be deprecated in the future, you can use `FirestoreSettings.cache` instead.'
    Firestore
      ✔ disallows calling enableIndexedDbPersistence() after use
      ✔ fails transaction if function doesn't return a Promise.
    Collection paths
      ✔ must be non-empty strings
      ✔ must be odd-length
      ✔ must not have empty segments
    Document paths
      ✔ must be strings
      ✔ must be even-length
    Writes
      ✔ must be objects.
      ✔ must not contain custom objects or functions.
      ✔ must not contain field value transforms in arrays
      ✔ must not contain directly nested arrays.
      ✔ may contain indirectly nested arrays.
      ✔ must not contain undefined.
      ✔ must not contain references to a different database
      ✔ must not contain reserved field names.
      ✔ must not contain empty field names.
      ✔ via set() must not contain deleteField()
      ✔ via update() must not contain nested deleteField()
    Array transforms
      ✔ fail in queries
      ✔ reject invalid elements
      ✔ reject arrays
    Numeric transforms
      ✔ fail in queries
    Queries
      ✔ with non-positive limit fail
      ✔ cannot be created from documents missing sort values
ERROR: '[2026-09-01T21:43:32.942Z]  @firebase/firestore:', 'Firestore (12.18.0): Uncaught Error in snapshot listener:', 'FirebaseError: [code=aborted]: Firestore shutting down'
      ✔ cannot be sorted by an uncommitted server timestamp
      ✔ must not have more components than order by.
      ✔ order-by-key bounds must be strings without slashes.
      ✔ with more than one != query fail
      ✔ with != and not-in filters fail
      ✔ with multiple disjunctive filters fail
      ✔ can have an IN filter with an array-contains filter.
      ✔ enforce array requirements for disjunctive filters
      ✔ must not specify starting or ending point after orderBy
      ✔ must be non-empty strings or references when filtering by document ID
      ✔ using IN and document id must have proper document references in array
      ✔ cannot pass undefined as a field value
      ✔ invalid query filters fail
      ✔ passing non-filters to composite operators fails
      ✔ conflicting operators inside a nested composite filter
TOTAL: 53 SUCCESS

Finished in 2.1 secs / 2.089 secs @ 05:43:32 GMT+0800 (Malaysia Time)

SUMMARY:
✔ 53 tests completed
Done in 3.83s.
{
  "command": "yarn --cwd integration/firestore karma start <fireside emulator-target config> --single-run",
  "clientPersistence": "persistence",
  "completedTests": 1094,
  "completedAt": "2026-09-01T21:43:33.077Z",
  "firebaseJsSdkRevision": "6cde0c0230b4c1da01d4a058333daa7663322fd1",
  "filter": null,
  "mode": "disk-wal",
  "nativeSkipNames": [
    "3 level deep join",
    "Collection Stage",
    "CollectionGroup Stage",
    "accepts and returns all data types",
    "add selectable",
    "and (variadic) selectable",
    "array contains any",
    "array subquery in where stage on books",
    "array subquery join and empty result",
    "array subquery join multiple fields preserves map",
    "arrayContains works",
    "arrayContainsAll works",
    "arrayContainsAny works",
    "arrayLength works",
    "arraySlice throws error for negative length",
    "cache integrity with multiple large documents",
    "can add fields",
    "can catch error message for missing index with error handler",
    "can clear persistence if the client has been terminated",
    "can clear persistence if the client has not been initialized",
    "can compute e to the power of a numeric value",
    "can compute e to the power of a numeric value with the top-level function",
    "can compute the base-10 logarithm of a numeric value",
    "can compute the base-10 logarithm of a numeric value with the top-level function",
    "can compute the ceiling of a numeric value",
    "can compute the ceiling of a numeric value with the top-level function",
    "can compute the floor of a numeric value",
    "can compute the floor of a numeric value with the top-level function",
    "can compute the length of a bytes value",
    "can compute the length of a map value",
    "can compute the length of a string value",
    "can compute the length of a string value with the top-level function",
    "can compute the length of a vector value",
    "can compute the length of an array value",
    "can compute the length of an array value with the top-level function",
    "can compute the logarithm of a numeric value",
    "can compute the logarithm of a numeric value with the top-level function",
    "can compute the natural logarithm of a numeric value",
    "can compute the natural logarithm of a numeric value with the top-level function",
    "can compute the power of a numeric value",
    "can compute the power of a numeric value with the top-level function",
    "can compute the square root of a numeric value",
    "can compute the square root of a numeric value with the top-level function",
    "can compute the sum of the elements in an array",
    "can compute the sum of the elements in an array with the top-level function",
    "can concat fields",
    "can filter with where",
    "can find nearest",
    "can get the collectionId from a path",
    "can get the collectionId from a path with the top-level function",
    "can limit, offset, and sort",
    "can listen for the same query with different options",
    "can perform FindNearest query",
    "can perform aggregate query",
    "can perform distinct query",
    "can query by field and use order by",
    "can query large documents",
    "can read and cache a 15.9MB Unicode document",
    "can remove fields",
    "can reverse a string",
    "can reverse a string with the top-level function",
    "can reverse an array",
    "can reverse an array with the top-level function",
    "can round a numeric value",
    "can round a numeric value away from zero for negative half-way values",
    "can round a numeric value away from zero for positive half-way values",
    "can round a numeric value to specified precision",
    "can round a numeric value with the top-level function",
    "can run transaction read-modify-write on a large document",
    "can run watch snapshot listener on a large document",
    "can select fields",
    "can set and get data with auto detect long polling enabled",
    "can truncate a numeric value",
    "can truncate a numeric value to specified precision",
    "can truncate a numeric value with the top-level function",
    "can write a 15.9MB document",
    "cannot clear persistence if the client has been initialized",
    "conditional works",
    "converts arrays and plain objects to functionValues if the customer intent is unspecified",
    "countif aggregate",
    "current document binding",
    "deep aggregation",
    "direct execution of subcollection pipeline",
    "empty snapshot as expected",
    "equalAny works",
    "error properties are propagated from the firestore backend",
    "evaluates expression in array",
    "evaluates expression in map",
    "explicit field binding scope bridging",
    "explicit order maintains existence filter",
    "full snapshot as expected",
    "get deleted doc while offline with default get options",
    "getAggregateFromServer error message contains console link good if missing index",
    "getAggregateFromServer fails if user is offline",
    "getCountFromServer error message contains console link if missing index",
    "getCountFromServer fails if user is offline",
    "gracefully rejects oversized payloads",
    "increment existing integer with integer",
    "inequality maintains existence filter",
    "logical max works",
    "logical min works",
    "maintains persistence after restarting app",
    "missing field on current document",
    "missing subcollection",
    "mixed scalar and array subqueries",
    "multiple array subqueries",
    "multiple double increments",
    "multiple variable bindings",
    "not-equal removes existence filter",
    "not-in removes existence filter",
    "notEqualAny works",
    "offline writes are sent after restart",
    "optionally returns the computed distance",
    "performs aggregations on documents with all aggregated fields using getAggregationFromServer",
    "pipeline stage support 9 layers",
    "query large documents forces local scan",
    "reject CollectionReference for another DB",
    "reject DocumentReference for another DB",
    "rejects groups without accumulators",
    "result equals works",
    "returns arrayAgg accumulations",
    "returns arrayAggDistinct accumulations",
    "returns countDistinct accumulation",
    "returns countif accumulation",
    "returns create and update time for each document",
    "returns distinct values as expected",
    "returns execution time",
    "returns execution time for an aggregate query",
    "returns execution time for an empty query",
    "returns first and last accumulations",
    "returns group and accumulate results",
    "returns min, max, count, and countAll accumulations",
    "returns undefined create and update time for each result in an aggregate query",
    "run pipeline with findNearest",
    "run pipeline with replaceWith Expr result",
    "run pipeline with replaceWith field name",
    "run pipeline with sample limit of 3",
    "run pipeline with sample limit of {documents: 3}",
    "run pipeline with sample limit of {percentage: 0.6}",
    "run pipeline with union",
    "run pipeline with unnest",
    "run pipeline with user data with union",
    "scalar subquery multiple aggregations map wrapping",
    "scalar subquery multiple results runtime error",
    "scalar subquery single aggregation unwrapping",
    "scalar subquery zero results",
    "single scope variable usage",
    "snapshot listener sorts unicode strings in document key the same as server with persistence",
    "sort by char_len",
    "sort, offset, and limit stages support options",
    "standard subcollection query",
    "supports CollectionReference as source",
    "supports Document_id",
    "supports aggregate",
    "supports aggregate options",
    "supports array",
    "supports array contains",
    "supports array contains any",
    "supports arrayFilter",
    "supports arrayFilter with mixed types and nulls",
    "supports arrayFirst",
    "supports arrayFirstN",
    "supports arrayGet",
    "supports arrayIndexOf",
    "supports arrayIndexOfAll",
    "supports arrayLast",
    "supports arrayLastIndexOf",
    "supports arrayLastN",
    "supports arrayMaximum",
    "supports arrayMaximumN",
    "supports arrayMinimum",
    "supports arrayMinimumN",
    "supports arraySlice",
    "supports arrayTransform and arrayTransformWithIndex",
    "supports arrayTransform with empty array and nulls",
    "supports basic switch",
    "supports boolean value constants as a BooleanExpression",
    "supports byteLength",
    "supports coalesce",
    "supports collection group as source",
    "supports collection groups",
    "supports collectionGroup query",
    "supports currentTimestamp",
    "supports database as source",
    "supports default query",
    "supports endAt",
    "supports endAt with limitToLast",
    "supports endBefore",
    "supports eq nan",
    "supports eq null",
    "supports filtered query",
    "supports filtered query (with FieldPath)",
    "supports ifAbsent",
    "supports ifNull",
    "supports in",
    "supports in with 1",
    "supports isType",
    "supports join",
    "supports limit query",
    "supports limitToLast query",
    "supports list of documents as source",
    "supports map",
    "supports mapMerge",
    "supports mapRemove",
    "supports multi-branch switch",
    "supports multiple inequality on different fields",
    "supports multiple inequality on same field",
    "supports neq",
    "supports neq nan",
    "supports neq null",
    "supports nor",
    "supports not",
    "supports not in",
    "supports not in with 1",
    "supports options",
    "supports or operator",
    "supports ordered query (with asc)",
    "supports ordered query (with default order)",
    "supports ordered query (with desc)",
    "supports pagination",
    "supports pagination on DocumentIds",
    "supports pagination with filters",
    "supports pagination with offsets",
    "supports parent",
    "supports query over collection path with special characters",
    "supports sort, offset, and limits",
    "supports split",
    "supports startAfter",
    "supports startAfter (with DocumentSnapshot)",
    "supports startAt",
    "supports startAt (with DocumentSnapshot)",
    "supports startAt with limitToLast",
    "supports substring",
    "supports substring without length",
    "supports timestamp conversions",
    "supports timestamp difference",
    "supports timestamp extraction",
    "supports timestamp math",
    "supports type",
    "test mapEntries",
    "test mapGet with field name including . notation",
    "test mapKeys",
    "test mapSet",
    "test mapValues",
    "test reverse",
    "test toLower",
    "test toUpper",
    "testAbs",
    "testArithmeticOperations",
    "testChecks",
    "testComparisonOperators",
    "testDistanceFunctions",
    "testEndsWith",
    "testLTrim",
    "testLength",
    "testLike",
    "testLogicalOperators",
    "testMapGet",
    "testNestedFields",
    "testRTrim",
    "testRand",
    "testRegexContains",
    "testRegexFind",
    "testRegexFindAll",
    "testRegexMatches",
    "testStartsWith",
    "testStrConcat",
    "testStrContains",
    "testStringIndexOf",
    "testStringRepeat",
    "testStringReplaceAll",
    "testStringReplaceOne",
    "testTrim",
    "testVectorLength",
    "throws if no match and no default",
    "throws on Duplicate aliases",
    "throws on duplicate group aliases",
    "throws on undefined in a map",
    "throws on undefined in an array",
    "truncate timestamp",
    "unbound variable corner case",
    "unnest an expr",
    "unnest with index field",
    "variable shadowing collision",
    "where with and (2 conditions)",
    "where with and (3 conditions)",
    "where with nor",
    "where with or",
    "where with xor",
    "zero result scalar returns null"
  ],
  "nativeSkips": 604,
  "passed": true,
  "partitionPlanSha256": "80688193a06f9f1dca791ca1e84905a8ba6d1f61ee7d24832eaa14a367ab0a11",
  "processPartitions": [
    {
      "coverageFilter": "(?:^\\(Persistence=memory_lru_gc\\) Count queries(?= |$))",
      "effectiveFilter": "(?:^\\(Persistence=memory_lru_gc\\) Count queries(?= |$))",
      "exitCode": 0,
      "nativeSkipOnly": false,
      "partitionName": "aggregation:1:1@memory_lru_gc",
      "signal": null,
      "completedTests": 7,
      "failedTests": 0,
      "nativeSkipNames": [
        "getCountFromServer error message contains console link if missing index",
        "getCountFromServer fails if user is offline"
      ],
      "nativeSkips": 2
    },
    {
      "coverageFilter": "(?:^\\(Persistence=indexeddb\\) Count queries(?= |$))",
      "effectiveFilter": "(?:^\\(Persistence=indexeddb\\) Count queries(?= |$))",
      "exitCode": 0,
      "nativeSkipOnly": false,
      "partitionName": "aggregation:1:1@indexeddb",
      "signal": null,
      "completedTests": 7,
      "failedTests": 0,
      "nativeSkipNames": [
        "getCountFromServer error message contains console link if missing index",
        "getCountFromServer fails if user is offline"
      ],
      "nativeSkips": 2
    },
    {
      "coverageFilter": "(?:^\\(Persistence=memory_lru_gc\\) Aggregation queries(?! (?:- sum / average)(?: |$))(?= |$))",
      "effectiveFilter": "(?:^\\(Persistence=memory_lru_gc\\) Aggregation queries(?! (?:- sum / average)(?: |$))(?= |$))",
      "exitCode": 0,
      "nativeSkipOnly": false,
      "partitionName": "aggregation:2:1@memory_lru_gc",
      "signal": null,
      "completedTests": 11,
      "failedTests": 0,
      "nativeSkipNames": [
        "getAggregateFromServer error message contains console link good if missing index",
        "getAggregateFromServer fails if user is offline"
      ],
      "nativeSkips": 2
    },
    {
      "coverageFilter": "(?:^\\(Persistence=indexeddb\\) Aggregation queries(?! (?:- sum / average)(?: |$))(?= |$))",
      "effectiveFilter": "(?:^\\(Persistence=indexeddb\\) Aggregation queries(?! (?:- sum / average)(?: |$))(?= |$))",
      "exitCode": 0,
      "nativeSkipOnly": false,
      "partitionName": "aggregation:2:1@indexeddb",
      "signal": null,
      "completedTests": 11,
      "failedTests": 0,
      "nativeSkipNames": [
        "getAggregateFromServer error message contains console link good if missing index",
        "getAggregateFromServer fails if user is offline"
      ],
      "nativeSkips": 2
    },
    {
      "coverageFilter": "(?:^\\(Persistence=memory_lru_gc\\) Aggregation queries - sum / average(?= |$))",
      "effectiveFilter": "(?:^\\(Persistence=memory_lru_gc\\) Aggregation queries - sum / average(?= |$))",
      "exitCode": 0,
      "nativeSkipOnly": false,
      "partitionName": "aggregation:3:1@memory_lru_gc",
      "signal": null,
      "completedTests": 34,
      "failedTests": 0,
      "nativeSkipNames": [],
      "nativeSkips": 0
    },
    {
      "coverageFilter": "(?:^\\(Persistence=indexeddb\\) Aggregation queries - sum / average(?= |$))",
      "effectiveFilter": "(?:^\\(Persistence=indexeddb\\) Aggregation queries - sum / average(?= |$))",
      "exitCode": 0,
      "nativeSkipOnly": false,
      "partitionName": "aggregation:3:1@indexeddb",
      "signal": null,
      "completedTests": 34,
      "failedTests": 0,
      "nativeSkipNames": [],
      "nativeSkips": 0
    },
    {
      "coverageFilter": "(?:^\\(Persistence=memory_lru_gc\\) Array Transforms:(?= |$))",
      "effectiveFilter": "(?:^\\(Persistence=memory_lru_gc\\) Array Transforms:(?= |$))",
      "exitCode": 0,
      "nativeSkipOnly": false,
      "partitionName": "array-transforms:1:1@memory_lru_gc",
      "signal": null,
      "completedTests": 13,
      "failedTests": 0,
      "nativeSkipNames": [],
      "nativeSkips": 0
    },
    {
      "coverageFilter": "(?:^\\(Persistence=indexeddb\\) Array Transforms:(?= |$))",
      "effectiveFilter": "(?:^\\(Persistence=indexeddb\\) Array Transforms:(?= |$))",
      "exitCode": 0,
      "nativeSkipOnly": false,
      "partitionName": "array-transforms:1:1@indexeddb",
      "signal": null,
      "completedTests": 13,
      "failedTests": 0,
      "nativeSkipNames": [],
      "nativeSkips": 0
    },
    {
      "coverageFilter": "(?:^\\(Persistence=memory_lru_gc\\) Database batch writes(?= |$))",
      "effectiveFilter": "(?:^\\(Persistence=memory_lru_gc\\) Database batch writes(?= |$))",
      "exitCode": 0,
      "nativeSkipOnly": false,
      "partitionName": "batch-writes:1:1@memory_lru_gc",
      "signal": null,
      "completedTests": 12,
      "failedTests": 0,
      "nativeSkipNames": [],
      "nativeSkips": 0
    },
    {
      "coverageFilter": "(?:^\\(Persistence=indexeddb\\) Database batch writes(?= |$))",
      "effectiveFilter": "(?:^\\(Persistence=indexeddb\\) Database batch writes(?= |$))",
      "exitCode": 0,
      "nativeSkipOnly": false,
      "partitionName": "batch-writes:1:1@indexeddb",
      "signal": null,
      "completedTests": 12,
      "failedTests": 0,
      "nativeSkipNames": [],
      "nativeSkips": 0
    },
    {
      "coverageFilter": "(?:^\\(Persistence=memory_lru_gc\\) Bundles(?= |$))",
      "effectiveFilter": "(?:^\\(Persistence=memory_lru_gc\\) Bundles(?= |$))",
      "exitCode": 0,
      "nativeSkipOnly": false,
      "partitionName": "bundles:1:1@memory_lru_gc",
      "signal": null,
      "completedTests": 6,
      "failedTests": 0,
      "nativeSkipNames": [],
      "nativeSkips": 0
    },
    {
      "coverageFilter": "(?:^\\(Persistence=indexeddb\\) Bundles(?= |$))",
      "effectiveFilter": "(?:^\\(Persistence=indexeddb\\) Bundles(?= |$))",
      "exitCode": 0,
      "nativeSkipOnly": false,
      "partitionName": "bundles:1:1@indexeddb",
      "signal": null,
      "completedTests": 6,
      "failedTests": 0,
      "nativeSkipNames": [],
      "nativeSkips": 0
    },
    {
      "coverageFilter": "(?:^\\(Persistence=memory_lru_gc\\) Composite Index Queries(?= |$))",
      "effectiveFilter": "(?:^\\(Persistence=memory_lru_gc\\) Composite Index Queries(?= |$))",
      "exitCode": 0,
      "nativeSkipOnly": false,
      "partitionName": "composite-index-query:1:1@memory_lru_gc",
      "signal": null,
      "completedTests": 18,
      "failedTests": 0,
      "nativeSkipNames": [
        "performs aggregations on documents with all aggregated fields using getAggregationFromServer"
      ],
      "nativeSkips": 1
    },
    {
      "coverageFilter": "(?:^\\(Persistence=indexeddb\\) Composite Index Queries(?= |$))",
      "effectiveFilter": "(?:^\\(Persistence=indexeddb\\) Composite Index Queries(?= |$))",
      "exitCode": 0,
      "nativeSkipOnly": false,
      "partitionName": "composite-index-query:1:1@indexeddb",
      "signal": null,
      "completedTests": 18,
      "failedTests": 0,
      "nativeSkipNames": [
        "performs aggregations on documents with all aggregated fields using getAggregationFromServer"
      ],
      "nativeSkips": 1
    },
    {
      "coverageFilter": "(?:^\\(Persistence=memory_lru_gc\\) Cursors(?= |$))",
      "effectiveFilter": "(?:^\\(Persistence=memory_lru_gc\\) Cursors(?= |$))",
      "exitCode": 0,
      "nativeSkipOnly": false,
      "partitionName": "cursors:1:1@memory_lru_gc",
      "signal": null,
      "completedTests": 9,
      "failedTests": 0,
      "nativeSkipNames": [],
      "nativeSkips": 0
    },
    {
      "coverageFilter": "(?:^\\(Persistence=indexeddb\\) Cursors(?= |$))",
      "effectiveFilter": "(?:^\\(Persistence=indexeddb\\) Cursors(?= |$))",
      "exitCode": 0,
      "nativeSkipOnly": false,
      "partitionName": "cursors:1:1@indexeddb",
      "signal": null,
      "completedTests": 9,
      "failedTests": 0,
      "nativeSkipNames": [],
      "nativeSkips": 0
    },
    {
      "coverageFilter": "(?:^\\(Persistence=memory_lru_gc\\) Database (?:(?:can set a document(?= |$)|doc\\(\\) will auto generate an ID(?= |$)|can delete a document(?= |$)|can update existing document(?= |$)|can retrieve document that does not exist(?= |$))))",
      "effectiveFilter": "(?:^\\(Persistence=memory_lru_gc\\) Database (?:(?:can set a document(?= |$)|doc\\(\\) will auto generate an ID(?= |$)|can delete a document(?= |$)|can update existing document(?= |$)|can retrieve document that does not exist(?= |$))))",
      "exitCode": 0,
      "nativeSkipOnly": false,
      "partitionName": "database:1:1@memory_lru_gc",
      "signal": null,
      "completedTests": 5,
      "failedTests": 0,
      "nativeSkipNames": [],
      "nativeSkips": 0
    },
    {
      "coverageFilter": "(?:^\\(Persistence=indexeddb\\) Database (?:(?:can set a document(?= |$)|doc\\(\\) will auto generate an ID(?= |$)|can delete a document(?= |$)|can update existing document(?= |$)|can retrieve document that does not exist(?= |$))))",
      "effectiveFilter": "(?:^\\(Persistence=indexeddb\\) Database (?:(?:can set a document(?= |$)|doc\\(\\) will auto generate an ID(?= |$)|can delete a document(?= |$)|can update existing document(?= |$)|can retrieve document that does not exist(?= |$))))",
      "exitCode": 0,
      "nativeSkipOnly": false,
      "partitionName": "database:1:1@indexeddb",
      "signal": null,
      "completedTests": 5,
      "failedTests": 0,
      "nativeSkipNames": [],
      "nativeSkips": 0
    },
    {
      "coverageFilter": "(?:^\\(Persistence=memory_lru_gc\\) Database (?:(?:can update an unknown document(?= |$)|can merge data with an existing document using set(?= |$)|can merge server timestamps(?= |$)|can merge empty object(?= |$)|update with empty object replaces all fields(?= |$))))",
      "effectiveFilter": "(?:^\\(Persistence=memory_lru_gc\\) Database (?:(?:can update an unknown document(?= |$)|can merge data with an existing document using set(?= |$)|can merge server timestamps(?= |$)|can merge empty object(?= |$)|update with empty object replaces all fields(?= |$))))",
      "exitCode": 0,
      "nativeSkipOnly": false,
      "partitionName": "database:1:2@memory_lru_gc",
      "signal": null,
      "completedTests": 5,
      "failedTests": 0,
      "nativeSkipNames": [],
      "nativeSkips": 0
    },
    {
      "coverageFilter": "(?:^\\(Persistence=indexeddb\\) Database (?:(?:can update an unknown document(?= |$)|can merge data with an existing document using set(?= |$)|can merge server timestamps(?= |$)|can merge empty object(?= |$)|update with empty object replaces all fields(?= |$))))",
      "effectiveFilter": "(?:^\\(Persistence=indexeddb\\) Database (?:(?:can update an unknown document(?= |$)|can merge data with an existing document using set(?= |$)|can merge server timestamps(?= |$)|can merge empty object(?= |$)|update with empty object replaces all fields(?= |$))))",
      "exitCode": 0,
      "nativeSkipOnly": false,
      "partitionName": "database:1:2@indexeddb",
      "signal": null,
      "completedTests": 5,
      "failedTests": 0,
      "nativeSkipNames": [],
      "nativeSkips": 0
    },
    {
      "coverageFilter": "(?:^\\(Persistence=memory_lru_gc\\) Database (?:(?:merge with empty object replaces all fields(?= |$)|can delete field using merge(?= |$)|can delete field using mergeFields(?= |$)|can set server timestamps using mergeFields(?= |$)|can replace an array by merging using set(?= |$))))",
      "effectiveFilter": "(?:^\\(Persistence=memory_lru_gc\\) Database (?:(?:merge with empty object replaces all fields(?= |$)|can delete field using merge(?= |$)|can delete field using mergeFields(?= |$)|can set server timestamps using mergeFields(?= |$)|can replace an array by merging using set(?= |$))))",
      "exitCode": 0,
      "nativeSkipOnly": false,
      "partitionName": "database:1:3@memory_lru_gc",
      "signal": null,
      "completedTests": 5,
      "failedTests": 0,
      "nativeSkipNames": [],
      "nativeSkips": 0
    },
    {
      "coverageFilter": "(?:^\\(Persistence=indexeddb\\) Database (?:(?:merge with empty object replaces all fields(?= |$)|can delete field using merge(?= |$)|can delete field using mergeFields(?= |$)|can set server timestamps using mergeFields(?= |$)|can replace an array by merging using set(?= |$))))",
      "effectiveFilter": "(?:^\\(Persistence=indexeddb\\) Database (?:(?:merge with empty object replaces all fields(?= |$)|can delete field using merge(?= |$)|can delete field using mergeFields(?= |$)|can set server timestamps using mergeFields(?= |$)|can replace an array by merging using set(?= |$))))",
      "exitCode": 0,
      "nativeSkipOnly": false,
      "partitionName": "database:1:3@indexeddb",
      "signal": null,
      "completedTests": 5,
      "failedTests": 0,
      "nativeSkipNames": [],
      "nativeSkips": 0
    },
    {
      "coverageFilter": "(?:^\\(Persistence=memory_lru_gc\\) Database (?:(?:can't specify a field mask for a missing field using set(?= |$)|can set a subset of fields using a field mask(?= |$)|doesn't apply field delete outside of mask(?= |$)|doesn't apply field transform outside of mask(?= |$)|can set an empty field mask(?= |$))))",
      "effectiveFilter": "(?:^\\(Persistence=memory_lru_gc\\) Database (?:(?:can't specify a field mask for a missing field using set(?= |$)|can set a subset of fields using a field mask(?= |$)|doesn't apply field delete outside of mask(?= |$)|doesn't apply field transform outside of mask(?= |$)|can set an empty field mask(?= |$))))",
      "exitCode": 0,
      "nativeSkipOnly": false,
      "partitionName": "database:1:4@memory_lru_gc",
      "signal": null,
      "completedTests": 5,
      "failedTests": 0,
      "nativeSkipNames": [],
      "nativeSkips": 0
    },
    {
      "coverageFilter": "(?:^\\(Persistence=indexeddb\\) Database (?:(?:can't specify a field mask for a missing field using set(?= |$)|can set a subset of fields using a field mask(?= |$)|doesn't apply field delete outside of mask(?= |$)|doesn't apply field transform outside of mask(?= |$)|can set an empty field mask(?= |$))))",
      "effectiveFilter": "(?:^\\(Persistence=indexeddb\\) Database (?:(?:can't specify a field mask for a missing field using set(?= |$)|can set a subset of fields using a field mask(?= |$)|doesn't apply field delete outside of mask(?= |$)|doesn't apply field transform outside of mask(?= |$)|can set an empty field mask(?= |$))))",
      "exitCode": 0,
      "nativeSkipOnly": false,
      "partitionName": "database:1:4@indexeddb",
      "signal": null,
      "completedTests": 5,
      "failedTests": 0,
      "nativeSkipNames": [],
      "nativeSkips": 0
    },
    {
      "coverageFilter": "(?:^\\(Persistence=memory_lru_gc\\) Database (?:(?:can specify fields multiple times in a field mask(?= |$)|cannot update nonexistent document(?= |$)|can delete a field with an update(?= |$)|can update nested fields(?= |$)|can specify updated field multiple times(?= |$))))",
      "effectiveFilter": "(?:^\\(Persistence=memory_lru_gc\\) Database (?:(?:can specify fields multiple times in a field mask(?= |$)|cannot update nonexistent document(?= |$)|can delete a field with an update(?= |$)|can update nested fields(?= |$)|can specify updated field multiple times(?= |$))))",
      "exitCode": 0,
      "nativeSkipOnly": false,
      "partitionName": "database:1:5@memory_lru_gc",
      "signal": null,
      "completedTests": 5,
      "failedTests": 0,
      "nativeSkipNames": [],
      "nativeSkips": 0
    },
    {
      "coverageFilter": "(?:^\\(Persistence=indexeddb\\) Database (?:(?:can specify fields multiple times in a field mask(?= |$)|cannot update nonexistent document(?= |$)|can delete a field with an update(?= |$)|can update nested fields(?= |$)|can specify updated field multiple times(?= |$))))",
      "effectiveFilter": "(?:^\\(Persistence=indexeddb\\) Database (?:(?:can specify fields multiple times in a field mask(?= |$)|cannot update nonexistent document(?= |$)|can delete a field with an update(?= |$)|can update nested fields(?= |$)|can specify updated field multiple times(?= |$))))",
      "exitCode": 0,
      "nativeSkipOnly": false,
      "partitionName": "database:1:5@indexeddb",
      "signal": null,
      "completedTests": 5,
      "failedTests": 0,
      "nativeSkipNames": [],
      "nativeSkips": 0
    },
    {
      "coverageFilter": "(?:^\\(Persistence=memory_lru_gc\\) Database (?:(?:vector embeddings(?= |$)|documents: (?= |$)|CollectionRef\\.add\\(\\) resolves with resulting DocumentRef\\.(?= |$)|onSnapshotsInSync fires after listeners are in sync(?= |$)|\\(Persistence=(?:memory_lru_gc|indexeddb)\\) Queries are validated client-side(?= |$))))",
      "effectiveFilter": "(?:^\\(Persistence=memory_lru_gc\\) Database (?:(?:vector embeddings(?= |$)|documents: (?= |$)|CollectionRef\\.add\\(\\) resolves with resulting DocumentRef\\.(?= |$)|onSnapshotsInSync fires after listeners are in sync(?= |$)|\\(Persistence=(?:memory_lru_gc|indexeddb)\\) Queries are validated client-side(?= |$))))",
      "exitCode": 0,
      "nativeSkipOnly": false,
      "partitionName": "database:1:6@memory_lru_gc",
      "signal": null,
      "completedTests": 52,
      "failedTests": 0,
      "nativeSkipNames": [],
      "nativeSkips": 0
    },
    {
      "coverageFilter": "(?:^\\(Persistence=indexeddb\\) Database (?:(?:vector embeddings(?= |$)|documents: (?= |$)|CollectionRef\\.add\\(\\) resolves with resulting DocumentRef\\.(?= |$)|onSnapshotsInSync fires after listeners are in sync(?= |$)|\\(Persistence=(?:memory_lru_gc|indexeddb)\\) Queries are validated client-side(?= |$))))",
      "effectiveFilter": "(?:^\\(Persistence=indexeddb\\) Database (?:(?:vector embeddings(?= |$)|documents: (?= |$)|CollectionRef\\.add\\(\\) resolves with resulting DocumentRef\\.(?= |$)|onSnapshotsInSync fires after listeners are in sync(?= |$)|\\(Persistence=(?:memory_lru_gc|indexeddb)\\) Queries are validated client-side(?= |$))))",
      "exitCode": 0,
      "nativeSkipOnly": false,
      "partitionName": "database:1:6@indexeddb",
      "signal": null,
      "completedTests": 52,
      "failedTests": 0,
      "nativeSkipNames": [],
      "nativeSkips": 0
    },
    {
      "coverageFilter": "(?:^\\(Persistence=memory_lru_gc\\) Database (?:(?:DocumentSnapshot events for nonexistent document(?= |$)|DocumentSnapshot events for add data to document(?= |$)|DocumentSnapshot events for change data in document(?= |$)|DocumentSnapshot events for delete data in document(?= |$)|Listen can be called multiple times(?= |$))))",
      "effectiveFilter": "(?:^\\(Persistence=memory_lru_gc\\) Database (?:(?:DocumentSnapshot events for nonexistent document(?= |$)|DocumentSnapshot events for add data to document(?= |$)|DocumentSnapshot events for change data in document(?= |$)|DocumentSnapshot events for delete data in document(?= |$)|Listen can be called multiple times(?= |$))))",
      "exitCode": 0,
      "nativeSkipOnly": false,
      "partitionName": "database:1:7@memory_lru_gc",
      "signal": null,
      "completedTests": 5,
      "failedTests": 0,
      "nativeSkipNames": [],
      "nativeSkips": 0
    },
    {
      "coverageFilter": "(?:^\\(Persistence=indexeddb\\) Database (?:(?:DocumentSnapshot events for nonexistent document(?= |$)|DocumentSnapshot events for add data to document(?= |$)|DocumentSnapshot events for change data in document(?= |$)|DocumentSnapshot events for delete data in document(?= |$)|Listen can be called multiple times(?= |$))))",
      "effectiveFilter": "(?:^\\(Persistence=indexeddb\\) Database (?:(?:DocumentSnapshot events for nonexistent document(?= |$)|DocumentSnapshot events for add data to document(?= |$)|DocumentSnapshot events for change data in document(?= |$)|DocumentSnapshot events for delete data in document(?= |$)|Listen can be called multiple times(?= |$))))",
      "exitCode": 0,
      "nativeSkipOnly": false,
      "partitionName": "database:1:7@indexeddb",
      "signal": null,
      "completedTests": 5,
      "failedTests": 0,
      "nativeSkipNames": [],
      "nativeSkips": 0
    },
    {
      "coverageFilter": "(?:^\\(Persistence=memory_lru_gc\\) Database (?:(?:DocumentSnapshot events for snapshot created by a bundle(?= |$)|DocumentSnapshot updated doc events in snapshot created by a bundle accumulator(?= |$)|DocumentSnapshot observer events for snapshot created by a bundle(?= |$)|DocumentSnapshot error events for snapshot created by a bundle(?= |$)|DocumentSnapshot observer error events for snapshot created by a bundle(?= |$))))",
      "effectiveFilter": "(?:^\\(Persistence=memory_lru_gc\\) Database (?:(?:DocumentSnapshot events for snapshot created by a bundle(?= |$)|DocumentSnapshot updated doc events in snapshot created by a bundle accumulator(?= |$)|DocumentSnapshot observer events for snapshot created by a bundle(?= |$)|DocumentSnapshot error events for snapshot created by a bundle(?= |$)|DocumentSnapshot observer error events for snapshot created by a bundle(?= |$))))",
      "exitCode": 0,
      "nativeSkipOnly": false,
      "partitionName": "database:1:8@memory_lru_gc",
      "signal": null,
      "completedTests": 5,
      "failedTests": 0,
      "nativeSkipNames": [],
      "nativeSkips": 0
    },
    {
      "coverageFilter": "(?:^\\(Persistence=indexeddb\\) Database (?:(?:DocumentSnapshot events for snapshot created by a bundle(?= |$)|DocumentSnapshot updated doc events in snapshot created by a bundle accumulator(?= |$)|DocumentSnapshot observer events for snapshot created by a bundle(?= |$)|DocumentSnapshot error events for snapshot created by a bundle(?= |$)|DocumentSnapshot observer error events for snapshot created by a bundle(?= |$))))",
      "effectiveFilter": "(?:^\\(Persistence=indexeddb\\) Database (?:(?:DocumentSnapshot events for snapshot created by a bundle(?= |$)|DocumentSnapshot updated doc events in snapshot created by a bundle accumulator(?= |$)|DocumentSnapshot observer events for snapshot created by a bundle(?= |$)|DocumentSnapshot error events for snapshot created by a bundle(?= |$)|DocumentSnapshot observer error events for snapshot created by a bundle(?= |$))))",
      "exitCode": 0,
      "nativeSkipOnly": false,
      "partitionName": "database:1:8@indexeddb",
      "signal": null,
      "completedTests": 5,
      "failedTests": 0,
      "nativeSkipNames": [],
      "nativeSkips": 0
    },
    {
      "coverageFilter": "(?:^\\(Persistence=memory_lru_gc\\) Database (?:(?:DocumentSnapshot updated doc events in snapshot created by fromJSON bundle(?= |$)|DocumentSnapshot updated doc events in snapshot created by fromJSON doc ref(?= |$)|Querysnapshot events for snapshot created by a bundle(?= |$)|Querysnapshot observer events for snapshot created by a bundle(?= |$)|QuerySnapshot error events for snapshot created by a bundle(?= |$))))",
      "effectiveFilter": "(?:^\\(Persistence=memory_lru_gc\\) Database (?:(?:DocumentSnapshot updated doc events in snapshot created by fromJSON bundle(?= |$)|DocumentSnapshot updated doc events in snapshot created by fromJSON doc ref(?= |$)|Querysnapshot events for snapshot created by a bundle(?= |$)|Querysnapshot observer events for snapshot created by a bundle(?= |$)|QuerySnapshot error events for snapshot created by a bundle(?= |$))))",
      "exitCode": 0,
      "nativeSkipOnly": false,
      "partitionName": "database:1:9@memory_lru_gc",
      "signal": null,
      "completedTests": 5,
      "failedTests": 0,
      "nativeSkipNames": [],
      "nativeSkips": 0
    },
    {
      "coverageFilter": "(?:^\\(Persistence=indexeddb\\) Database (?:(?:DocumentSnapshot updated doc events in snapshot created by fromJSON bundle(?= |$)|DocumentSnapshot updated doc events in snapshot created by fromJSON doc ref(?= |$)|Querysnapshot events for snapshot created by a bundle(?= |$)|Querysnapshot observer events for snapshot created by a bundle(?= |$)|QuerySnapshot error events for snapshot created by a bundle(?= |$))))",
      "effectiveFilter": "(?:^\\(Persistence=indexeddb\\) Database (?:(?:DocumentSnapshot updated doc events in snapshot created by fromJSON bundle(?= |$)|DocumentSnapshot updated doc events in snapshot created by fromJSON doc ref(?= |$)|Querysnapshot events for snapshot created by a bundle(?= |$)|Querysnapshot observer events for snapshot created by a bundle(?= |$)|QuerySnapshot error events for snapshot created by a bundle(?= |$))))",
      "exitCode": 0,
      "nativeSkipOnly": false,
      "partitionName": "database:1:9@indexeddb",
      "signal": null,
      "completedTests": 5,
      "failedTests": 0,
      "nativeSkipNames": [],
      "nativeSkips": 0
    },
    {
      "coverageFilter": "(?:^\\(Persistence=memory_lru_gc\\) Database (?:(?:QuerySnapshot observer error events for snapshot created by a bundle(?= |$)|QuerySnapshot updated doc events in snapshot created by a bundle(?= |$)|QuerySnapshot updated doc events in snapshot created by fromJSON (?= |$)|QuerySnapshot updated doc events in snapshot created by fromJSON query ref(?= |$)|Metadata only changes are not fired when no options provided(?= |$))))",
      "effectiveFilter": "(?:^\\(Persistence=memory_lru_gc\\) Database (?:(?:QuerySnapshot observer error events for snapshot created by a bundle(?= |$)|QuerySnapshot updated doc events in snapshot created by a bundle(?= |$)|QuerySnapshot updated doc events in snapshot created by fromJSON (?= |$)|QuerySnapshot updated doc events in snapshot created by fromJSON query ref(?= |$)|Metadata only changes are not fired when no options provided(?= |$))))",
      "exitCode": 0,
      "nativeSkipOnly": false,
      "partitionName": "database:1:10@memory_lru_gc",
      "signal": null,
      "completedTests": 5,
      "failedTests": 0,
      "nativeSkipNames": [],
      "nativeSkips": 0
    },
    {
      "coverageFilter": "(?:^\\(Persistence=indexeddb\\) Database (?:(?:QuerySnapshot observer error events for snapshot created by a bundle(?= |$)|QuerySnapshot updated doc events in snapshot created by a bundle(?= |$)|QuerySnapshot updated doc events in snapshot created by fromJSON (?= |$)|QuerySnapshot updated doc events in snapshot created by fromJSON query ref(?= |$)|Metadata only changes are not fired when no options provided(?= |$))))",
      "effectiveFilter": "(?:^\\(Persistence=indexeddb\\) Database (?:(?:QuerySnapshot observer error events for snapshot created by a bundle(?= |$)|QuerySnapshot updated doc events in snapshot created by a bundle(?= |$)|QuerySnapshot updated doc events in snapshot created by fromJSON (?= |$)|QuerySnapshot updated doc events in snapshot created by fromJSON query ref(?= |$)|Metadata only changes are not fired when no options provided(?= |$))))",
      "exitCode": 0,
      "nativeSkipOnly": false,
      "partitionName": "database:1:10@indexeddb",
      "signal": null,
      "completedTests": 5,
      "failedTests": 0,
      "nativeSkipNames": [],
      "nativeSkips": 0
    },
    {
      "coverageFilter": "(?:^\\(Persistence=memory_lru_gc\\) Database (?:(?:Listens are rejected remotely:(?= |$)|exposes \"firestore\" on document references\\.(?= |$)|exposes \"firestore\" on query references\\.(?= |$)|can compare DocumentReference instances with isEqual\\(\\)\\.(?= |$)|can compare Query instances with isEqual\\(\\)\\.(?= |$))))",
      "effectiveFilter": "(?:^\\(Persistence=memory_lru_gc\\) Database (?:(?:Listens are rejected remotely:(?= |$)|exposes \"firestore\" on document references\\.(?= |$)|exposes \"firestore\" on query references\\.(?= |$)|can compare DocumentReference instances with isEqual\\(\\)\\.(?= |$)|can compare Query instances with isEqual\\(\\)\\.(?= |$))))",
      "exitCode": 0,
      "nativeSkipOnly": false,
      "partitionName": "database:1:11@memory_lru_gc",
      "signal": null,
      "completedTests": 8,
      "failedTests": 0,
      "nativeSkipNames": [],
      "nativeSkips": 0
    },
    {
      "coverageFilter": "(?:^\\(Persistence=indexeddb\\) Database (?:(?:Listens are rejected remotely:(?= |$)|exposes \"firestore\" on document references\\.(?= |$)|exposes \"firestore\" on query references\\.(?= |$)|can compare DocumentReference instances with isEqual\\(\\)\\.(?= |$)|can compare Query instances with isEqual\\(\\)\\.(?= |$))))",
      "effectiveFilter": "(?:^\\(Persistence=indexeddb\\) Database (?:(?:Listens are rejected remotely:(?= |$)|exposes \"firestore\" on document references\\.(?= |$)|exposes \"firestore\" on query references\\.(?= |$)|can compare DocumentReference instances with isEqual\\(\\)\\.(?= |$)|can compare Query instances with isEqual\\(\\)\\.(?= |$))))",
      "exitCode": 0,
      "nativeSkipOnly": false,
      "partitionName": "database:1:11@indexeddb",
      "signal": null,
      "completedTests": 8,
      "failedTests": 0,
      "nativeSkipNames": [],
      "nativeSkips": 0
    },
    {
      "coverageFilter": "(?:^\\(Persistence=memory_lru_gc\\) Database (?:(?:can compare multiple inequality Query instances with isEqual\\(\\)\\.(?= |$)|can traverse collections and documents\\.(?= |$)|can traverse collection and document parents\\.(?= |$)|can queue writes while offline(?= |$)|offline writes are sent after restart(?= |$))))",
      "effectiveFilter": "(?:^\\(Persistence=memory_lru_gc\\) Database (?:(?:can compare multiple inequality Query instances with isEqual\\(\\)\\.(?= |$)|can traverse collections and documents\\.(?= |$)|can traverse collection and document parents\\.(?= |$)|can queue writes while offline(?= |$)|offline writes are sent after restart(?= |$))))",
      "exitCode": 0,
      "nativeSkipOnly": false,
      "partitionName": "database:1:12@memory_lru_gc",
      "signal": null,
      "completedTests": 4,
      "failedTests": 0,
      "nativeSkipNames": [
        "offline writes are sent after restart"
      ],
      "nativeSkips": 1
    },
    {
      "coverageFilter": "(?:^\\(Persistence=indexeddb\\) Database (?:(?:can compare multiple inequality Query instances with isEqual\\(\\)\\.(?= |$)|can traverse collections and documents\\.(?= |$)|can traverse collection and document parents\\.(?= |$)|can queue writes while offline(?= |$)|offline writes are sent after restart(?= |$))))",
      "effectiveFilter": "(?:^\\(Persistence=indexeddb\\) Database (?:(?:can compare multiple inequality Query instances with isEqual\\(\\)\\.(?= |$)|can traverse collections and documents\\.(?= |$)|can traverse collection and document parents\\.(?= |$)|can queue writes while offline(?= |$)|offline writes are sent after restart(?= |$))))",
      "exitCode": 0,
      "nativeSkipOnly": false,
      "partitionName": "database:1:12@indexeddb",
      "signal": null,
      "completedTests": 5,
      "failedTests": 0,
      "nativeSkipNames": [],
      "nativeSkips": 0
    },
    {
      "coverageFilter": "(?:^\\(Persistence=memory_lru_gc\\) Database (?:(?:rejects subsequent method calls after terminate\\(\\) is called(?= |$)|can call terminate\\(\\) multiple times(?= |$)|maintains persistence after restarting app(?= |$)|can clear persistence if the client has been terminated(?= |$)|can clear persistence if the client has not been initialized(?= |$))))",
      "effectiveFilter": "(?:^\\(Persistence=memory_lru_gc\\) Database (?:(?:rejects subsequent method calls after terminate\\(\\) is called(?= |$)|can call terminate\\(\\) multiple times(?= |$)|maintains persistence after restarting app(?= |$)|can clear persistence if the client has been terminated(?= |$)|can clear persistence if the client has not been initialized(?= |$))))",
      "exitCode": 0,
      "nativeSkipOnly": false,
      "partitionName": "database:1:13@memory_lru_gc",
      "signal": null,
      "completedTests": 2,
      "failedTests": 0,
      "nativeSkipNames": [
        "can clear persistence if the client has been terminated",
        "can clear persistence if the client has not been initialized",
        "maintains persistence after restarting app"
      ],
      "nativeSkips": 3
    },
    {
      "coverageFilter": "(?:^\\(Persistence=indexeddb\\) Database (?:(?:rejects subsequent method calls after terminate\\(\\) is called(?= |$)|can call terminate\\(\\) multiple times(?= |$)|maintains persistence after restarting app(?= |$)|can clear persistence if the client has been terminated(?= |$)|can clear persistence if the client has not been initialized(?= |$))))",
      "effectiveFilter": "(?:^\\(Persistence=indexeddb\\) Database (?:(?:rejects subsequent method calls after terminate\\(\\) is called(?= |$)|can call terminate\\(\\) multiple times(?= |$)|maintains persistence after restarting app(?= |$)|can clear persistence if the client has been terminated(?= |$)|can clear persistence if the client has not been initialized(?= |$))))",
      "exitCode": 0,
      "nativeSkipOnly": false,
      "partitionName": "database:1:13@indexeddb",
      "signal": null,
      "completedTests": 5,
      "failedTests": 0,
      "nativeSkipNames": [],
      "nativeSkips": 0
    },
    {
      "coverageFilter": "(?:^\\(Persistence=memory_lru_gc\\) Database (?:(?:cannot clear persistence if the client has been initialized(?= |$)|can get documents while offline(?= |$)|can enable and disable networking(?= |$)|can start a new instance after shut down(?= |$)|new operation after termination should throw(?= |$))))",
      "effectiveFilter": "(?:^\\(Persistence=memory_lru_gc\\) Database (?:(?:cannot clear persistence if the client has been initialized(?= |$)|can get documents while offline(?= |$)|can enable and disable networking(?= |$)|can start a new instance after shut down(?= |$)|new operation after termination should throw(?= |$))))",
      "exitCode": 0,
      "nativeSkipOnly": false,
      "partitionName": "database:1:14@memory_lru_gc",
      "signal": null,
      "completedTests": 4,
      "failedTests": 0,
      "nativeSkipNames": [
        "cannot clear persistence if the client has been initialized"
      ],
      "nativeSkips": 1
    },
    {
      "coverageFilter": "(?:^\\(Persistence=indexeddb\\) Database (?:(?:cannot clear persistence if the client has been initialized(?= |$)|can get documents while offline(?= |$)|can enable and disable networking(?= |$)|can start a new instance after shut down(?= |$)|new operation after termination should throw(?= |$))))",
      "effectiveFilter": "(?:^\\(Persistence=indexeddb\\) Database (?:(?:cannot clear persistence if the client has been initialized(?= |$)|can get documents while offline(?= |$)|can enable and disable networking(?= |$)|can start a new instance after shut down(?= |$)|new operation after termination should throw(?= |$))))",
      "exitCode": 0,
      "nativeSkipOnly": false,
      "partitionName": "database:1:14@indexeddb",
      "signal": null,
      "completedTests": 5,
      "failedTests": 0,
      "nativeSkipNames": [],
      "nativeSkips": 0
    },
    {
      "coverageFilter": "(?:^\\(Persistence=memory_lru_gc\\) Database (?:(?:calling terminate multiple times should proceed(?= |$)|can unlisten queries after termination(?= |$)|can query after firestore restart(?= |$)|query listener throws error on termination(?= |$)|can wait for pending writes(?= |$))))",
      "effectiveFilter": "(?:^\\(Persistence=memory_lru_gc\\) Database (?:(?:calling terminate multiple times should proceed(?= |$)|can unlisten queries after termination(?= |$)|can query after firestore restart(?= |$)|query listener throws error on termination(?= |$)|can wait for pending writes(?= |$))))",
      "exitCode": 0,
      "nativeSkipOnly": false,
      "partitionName": "database:1:15@memory_lru_gc",
      "signal": null,
      "completedTests": 5,
      "failedTests": 0,
      "nativeSkipNames": [],
      "nativeSkips": 0
    },
    {
      "coverageFilter": "(?:^\\(Persistence=indexeddb\\) Database (?:(?:calling terminate multiple times should proceed(?= |$)|can unlisten queries after termination(?= |$)|can query after firestore restart(?= |$)|query listener throws error on termination(?= |$)|can wait for pending writes(?= |$))))",
      "effectiveFilter": "(?:^\\(Persistence=indexeddb\\) Database (?:(?:calling terminate multiple times should proceed(?= |$)|can unlisten queries after termination(?= |$)|can query after firestore restart(?= |$)|query listener throws error on termination(?= |$)|can wait for pending writes(?= |$))))",
      "exitCode": 0,
      "nativeSkipOnly": false,
      "partitionName": "database:1:15@indexeddb",
      "signal": null,
      "completedTests": 5,
      "failedTests": 0,
      "nativeSkipNames": [],
      "nativeSkips": 0
    },
    {
      "coverageFilter": "(?:^\\(Persistence=memory_lru_gc\\) Database (?:(?:waiting for pending writes resolves immediately when offline and no pending writes(?= |$)|\\(Persistence=(?:memory_lru_gc|indexeddb)\\) withConverter\\(\\) support(?= |$)|can set and get data with auto detect long polling enabled(?= |$)|can keep docs separate with multi-db when online(?= |$)|can keep docs separate with multi-db when offline(?= |$))))",
      "effectiveFilter": "(?:^\\(Persistence=memory_lru_gc\\) Database (?:(?:waiting for pending writes resolves immediately when offline and no pending writes(?= |$)|\\(Persistence=(?:memory_lru_gc|indexeddb)\\) withConverter\\(\\) support(?= |$)|can set and get data with auto detect long polling enabled(?= |$)|can keep docs separate with multi-db when online(?= |$)|can keep docs separate with multi-db when offline(?= |$))))",
      "exitCode": 0,
      "nativeSkipOnly": false,
      "partitionName": "database:1:16@memory_lru_gc",
      "signal": null,
      "completedTests": 47,
      "failedTests": 0,
      "nativeSkipNames": [
        "can set and get data with auto detect long polling enabled"
      ],
      "nativeSkips": 1
    },
    {
      "coverageFilter": "(?:^\\(Persistence=indexeddb\\) Database (?:(?:waiting for pending writes resolves immediately when offline and no pending writes(?= |$)|\\(Persistence=(?:memory_lru_gc|indexeddb)\\) withConverter\\(\\) support(?= |$)|can set and get data with auto detect long polling enabled(?= |$)|can keep docs separate with multi-db when online(?= |$)|can keep docs separate with multi-db when offline(?= |$))))",
      "effectiveFilter": "(?:^\\(Persistence=indexeddb\\) Database (?:(?:waiting for pending writes resolves immediately when offline and no pending writes(?= |$)|\\(Persistence=(?:memory_lru_gc|indexeddb)\\) withConverter\\(\\) support(?= |$)|can set and get data with auto detect long polling enabled(?= |$)|can keep docs separate with multi-db when online(?= |$)|can keep docs separate with multi-db when offline(?= |$))))",
      "exitCode": 0,
      "nativeSkipOnly": false,
      "partitionName": "database:1:16@indexeddb",
      "signal": null,
      "completedTests": 47,
      "failedTests": 0,
      "nativeSkipNames": [
        "can set and get data with auto detect long polling enabled"
      ],
      "nativeSkips": 1
    },
    {
      "coverageFilter": "(?:^\\(Persistence=memory_lru_gc\\) Database (?:(?:Cannot get document from cache with eager GC enabled\\.(?= |$)|Can get document from cache with Lru GC enabled\\.(?= |$)|Lru GC is enabled by default\\.(?= |$)|sort documents by DocumentId(?= |$)|Sort unicode strings(?= |$))))",
      "effectiveFilter": "(?:^\\(Persistence=memory_lru_gc\\) Database (?:(?:Cannot get document from cache with eager GC enabled\\.(?= |$)|Can get document from cache with Lru GC enabled\\.(?= |$)|Lru GC is enabled by default\\.(?= |$)|sort documents by DocumentId(?= |$)|Sort unicode strings(?= |$))))",
      "exitCode": 0,
      "nativeSkipOnly": false,
      "partitionName": "database:1:17@memory_lru_gc",
      "signal": null,
      "completedTests": 12,
      "failedTests": 0,
      "nativeSkipNames": [],
      "nativeSkips": 0
    },
    {
      "coverageFilter": "(?:^\\(Persistence=indexeddb\\) Database (?:(?:Cannot get document from cache with eager GC enabled\\.(?= |$)|Can get document from cache with Lru GC enabled\\.(?= |$)|Lru GC is enabled by default\\.(?= |$)|sort documents by DocumentId(?= |$)|Sort unicode strings(?= |$))))",
      "effectiveFilter": "(?:^\\(Persistence=indexeddb\\) Database (?:(?:Cannot get document from cache with eager GC enabled\\.(?= |$)|Can get document from cache with Lru GC enabled\\.(?= |$)|Lru GC is enabled by default\\.(?= |$)|sort documents by DocumentId(?= |$)|Sort unicode strings(?= |$))))",
      "exitCode": 0,
      "nativeSkipOnly": false,
      "partitionName": "database:1:17@indexeddb",
      "signal": null,
      "completedTests": 11,
      "failedTests": 0,
      "nativeSkipNames": [
        "snapshot listener sorts unicode strings in document key the same as server with persistence"
      ],
      "nativeSkips": 1
    },
    {
      "coverageFilter": "(?:^\\(Persistence=memory_lru_gc\\) Nested Fields(?= |$))",
      "effectiveFilter": "(?:^\\(Persistence=memory_lru_gc\\) Nested Fields(?= |$))",
      "exitCode": 0,
      "nativeSkipOnly": false,
      "partitionName": "fields:1:1@memory_lru_gc",
      "signal": null,
      "completedTests": 9,
      "failedTests": 0,
      "nativeSkipNames": [],
      "nativeSkips": 0
    },
    {
      "coverageFilter": "(?:^\\(Persistence=indexeddb\\) Nested Fields(?= |$))",
      "effectiveFilter": "(?:^\\(Persistence=indexeddb\\) Nested Fields(?= |$))",
      "exitCode": 0,
      "nativeSkipOnly": false,
      "partitionName": "fields:1:1@indexeddb",
      "signal": null,
      "completedTests": 9,
      "failedTests": 0,
      "nativeSkipNames": [],
      "nativeSkips": 0
    },
    {
      "coverageFilter": "(?:^\\(Persistence=memory_lru_gc\\) Fields with special characters(?= |$))",
      "effectiveFilter": "(?:^\\(Persistence=memory_lru_gc\\) Fields with special characters(?= |$))",
      "exitCode": 0,
      "nativeSkipOnly": false,
      "partitionName": "fields:2:1@memory_lru_gc",
      "signal": null,
      "completedTests": 5,
      "failedTests": 0,
      "nativeSkipNames": [],
      "nativeSkips": 0
    },
    {
      "coverageFilter": "(?:^\\(Persistence=indexeddb\\) Fields with special characters(?= |$))",
      "effectiveFilter": "(?:^\\(Persistence=indexeddb\\) Fields with special characters(?= |$))",
      "exitCode": 0,
      "nativeSkipOnly": false,
      "partitionName": "fields:2:1@indexeddb",
      "signal": null,
      "completedTests": 5,
      "failedTests": 0,
      "nativeSkipNames": [],
      "nativeSkips": 0
    },
    {
      "coverageFilter": "(?:^\\(Persistence=memory_lru_gc\\) Timestamp Fields in snapshots(?= |$))",
      "effectiveFilter": "(?:^\\(Persistence=memory_lru_gc\\) Timestamp Fields in snapshots(?= |$))",
      "exitCode": 0,
      "nativeSkipOnly": false,
      "partitionName": "fields:3:1@memory_lru_gc",
      "signal": null,
      "completedTests": 1,
      "failedTests": 0,
      "nativeSkipNames": [],
      "nativeSkips": 0
    },
    {
      "coverageFilter": "(?:^\\(Persistence=indexeddb\\) Timestamp Fields in snapshots(?= |$))",
      "effectiveFilter": "(?:^\\(Persistence=indexeddb\\) Timestamp Fields in snapshots(?= |$))",
      "exitCode": 0,
      "nativeSkipOnly": false,
      "partitionName": "fields:3:1@indexeddb",
      "signal": null,
      "completedTests": 1,
      "failedTests": 0,
      "nativeSkipNames": [],
      "nativeSkips": 0
    },
    {
      "coverageFilter": "(?:^\\(Persistence=memory_lru_gc\\) `undefined` properties(?= |$))",
      "effectiveFilter": "(?:^\\(Persistence=memory_lru_gc\\) `undefined` properties(?= |$))",
      "exitCode": 0,
      "nativeSkipOnly": false,
      "partitionName": "fields:4:1@memory_lru_gc",
      "signal": null,
      "completedTests": 5,
      "failedTests": 0,
      "nativeSkipNames": [],
      "nativeSkips": 0
    },
    {
      "coverageFilter": "(?:^\\(Persistence=indexeddb\\) `undefined` properties(?= |$))",
      "effectiveFilter": "(?:^\\(Persistence=indexeddb\\) `undefined` properties(?= |$))",
      "exitCode": 0,
      "nativeSkipOnly": false,
      "partitionName": "fields:4:1@indexeddb",
      "signal": null,
      "completedTests": 5,
      "failedTests": 0,
      "nativeSkipNames": [],
      "nativeSkips": 0
    },
    {
      "coverageFilter": "(?:^\\(Persistence=memory_lru_gc\\) GetOptions(?= |$))",
      "effectiveFilter": "(?:^\\(Persistence=memory_lru_gc\\) GetOptions(?= |$))",
      "exitCode": 0,
      "nativeSkipOnly": false,
      "partitionName": "get-options:1:1@memory_lru_gc",
      "signal": null,
      "completedTests": 27,
      "failedTests": 0,
      "nativeSkipNames": [
        "get deleted doc while offline with default get options"
      ],
      "nativeSkips": 1
    },
    {
      "coverageFilter": "(?:^\\(Persistence=indexeddb\\) GetOptions(?= |$))",
      "effectiveFilter": "(?:^\\(Persistence=indexeddb\\) GetOptions(?= |$))",
      "exitCode": 0,
      "nativeSkipOnly": false,
      "partitionName": "get-options:1:1@indexeddb",
      "signal": null,
      "completedTests": 27,
      "failedTests": 0,
      "nativeSkipNames": [
        "get deleted doc while offline with default get options"
      ],
      "nativeSkips": 1
    },
    {
      "coverageFilter": "(?:^\\(Persistence=memory_lru_gc\\) Index Configuration:(?= |$))",
      "effectiveFilter": "(?:^\\(Persistence=memory_lru_gc\\) Index Configuration:(?= |$))",
      "exitCode": 0,
      "nativeSkipOnly": false,
      "partitionName": "index-configuration:1:1@memory_lru_gc",
      "signal": null,
      "completedTests": 4,
      "failedTests": 0,
      "nativeSkipNames": [],
      "nativeSkips": 0
    },
    {
      "coverageFilter": "(?:^\\(Persistence=indexeddb\\) Index Configuration:(?= |$))",
      "effectiveFilter": "(?:^\\(Persistence=indexeddb\\) Index Configuration:(?= |$))",
      "exitCode": 0,
      "nativeSkipOnly": false,
      "partitionName": "index-configuration:1:1@indexeddb",
      "signal": null,
      "completedTests": 4,
      "failedTests": 0,
      "nativeSkipNames": [],
      "nativeSkips": 0
    },
    {
      "coverageFilter": "(?:^\\(Persistence=memory_lru_gc\\) Large Documents(?= |$))",
      "effectiveFilter": "(?:^\\(Persistence=memory_lru_gc\\) Large Documents(?= |$))",
      "exitCode": 1,
      "nativeSkipOnly": true,
      "partitionName": "large-document:1:1@memory_lru_gc",
      "signal": null,
      "completedTests": 0,
      "failedTests": 0,
      "nativeSkipNames": [
        "cache integrity with multiple large documents",
        "can query large documents",
        "can read and cache a 15.9MB Unicode document",
        "can run transaction read-modify-write on a large document",
        "can run watch snapshot listener on a large document",
        "can write a 15.9MB document",
        "gracefully rejects oversized payloads",
        "query large documents forces local scan"
      ],
      "nativeSkips": 8
    },
    {
      "coverageFilter": "(?:^\\(Persistence=indexeddb\\) Large Documents(?= |$))",
      "effectiveFilter": "(?:^\\(Persistence=indexeddb\\) Large Documents(?= |$))",
      "exitCode": 1,
      "nativeSkipOnly": true,
      "partitionName": "large-document:1:1@indexeddb",
      "signal": null,
      "completedTests": 0,
      "failedTests": 0,
      "nativeSkipNames": [
        "cache integrity with multiple large documents",
        "can query large documents",
        "can read and cache a 15.9MB Unicode document",
        "can run transaction read-modify-write on a large document",
        "can run watch snapshot listener on a large document",
        "can write a 15.9MB document",
        "gracefully rejects oversized payloads",
        "query large documents forces local scan"
      ],
      "nativeSkips": 8
    },
    {
      "coverageFilter": "(?:^\\(Persistence=memory_lru_gc\\) Numeric Transforms:(?= |$))",
      "effectiveFilter": "(?:^\\(Persistence=memory_lru_gc\\) Numeric Transforms:(?= |$))",
      "exitCode": 0,
      "nativeSkipOnly": false,
      "partitionName": "numeric-transforms:1:1@memory_lru_gc",
      "signal": null,
      "completedTests": 19,
      "failedTests": 0,
      "nativeSkipNames": [
        "increment existing integer with integer",
        "multiple double increments"
      ],
      "nativeSkips": 2
    },
    {
      "coverageFilter": "(?:^\\(Persistence=indexeddb\\) Numeric Transforms:(?= |$))",
      "effectiveFilter": "(?:^\\(Persistence=indexeddb\\) Numeric Transforms:(?= |$))",
      "exitCode": 0,
      "nativeSkipOnly": false,
      "partitionName": "numeric-transforms:1:1@indexeddb",
      "signal": null,
      "completedTests": 19,
      "failedTests": 0,
      "nativeSkipNames": [
        "increment existing integer with integer",
        "multiple double increments"
      ],
      "nativeSkips": 2
    },
    {
      "coverageFilter": "(?:^\\(Persistence=memory_lru_gc\\) PersistentCacheIndexManager(?= |$))",
      "effectiveFilter": "(?:^\\(Persistence=memory_lru_gc\\) PersistentCacheIndexManager(?= |$))",
      "exitCode": 0,
      "nativeSkipOnly": false,
      "partitionName": "persistent-cache-index-manager:1:1@memory_lru_gc",
      "signal": null,
      "completedTests": 3,
      "failedTests": 0,
      "nativeSkipNames": [],
      "nativeSkips": 0
    },
    {
      "coverageFilter": "(?:^\\(Persistence=indexeddb\\) PersistentCacheIndexManager(?= |$))",
      "effectiveFilter": "(?:^\\(Persistence=indexeddb\\) PersistentCacheIndexManager(?= |$))",
      "exitCode": 0,
      "nativeSkipOnly": false,
      "partitionName": "persistent-cache-index-manager:1:1@indexeddb",
      "signal": null,
      "completedTests": 16,
      "failedTests": 0,
      "nativeSkipNames": [],
      "nativeSkips": 0
    },
    {
      "coverageFilter": "(?:^\\(Persistence=memory_lru_gc\\) Pipelines (?:(?:pipeline results(?= |$))))",
      "effectiveFilter": "(?:^\\(Persistence=memory_lru_gc\\) Pipelines (?:(?:pipeline results(?= |$))))",
      "exitCode": 1,
      "nativeSkipOnly": true,
      "partitionName": "pipelines:1:1@memory_lru_gc",
      "signal": null,
      "completedTests": 0,
      "failedTests": 0,
      "nativeSkipNames": [
        "empty snapshot as expected",
        "full snapshot as expected",
        "result equals works",
        "returns create and update time for each document",
        "returns execution time",
        "returns execution time for an aggregate query",
        "returns execution time for an empty query",
        "returns undefined create and update time for each result in an aggregate query"
      ],
      "nativeSkips": 8
    },
    {
      "coverageFilter": "(?:^\\(Persistence=indexeddb\\) Pipelines (?:(?:pipeline results(?= |$))))",
      "effectiveFilter": "(?:^\\(Persistence=indexeddb\\) Pipelines (?:(?:pipeline results(?= |$))))",
      "exitCode": 1,
      "nativeSkipOnly": true,
      "partitionName": "pipelines:1:1@indexeddb",
      "signal": null,
      "completedTests": 0,
      "failedTests": 0,
      "nativeSkipNames": [
        "empty snapshot as expected",
        "full snapshot as expected",
        "result equals works",
        "returns create and update time for each document",
        "returns execution time",
        "returns execution time for an aggregate query",
        "returns execution time for an empty query",
        "returns undefined create and update time for each result in an aggregate query"
      ],
      "nativeSkips": 8
    },
    {
      "coverageFilter": "(?:^\\(Persistence=memory_lru_gc\\) Pipelines (?:(?:pipeline sources(?= |$))))",
      "effectiveFilter": "(?:^\\(Persistence=memory_lru_gc\\) Pipelines (?:(?:pipeline sources(?= |$))))",
      "exitCode": 1,
      "nativeSkipOnly": true,
      "partitionName": "pipelines:1:2@memory_lru_gc",
      "signal": null,
      "completedTests": 0,
      "failedTests": 0,
      "nativeSkipNames": [
        "reject CollectionReference for another DB",
        "reject DocumentReference for another DB",
        "supports CollectionReference as source",
        "supports collection group as source",
        "supports database as source",
        "supports list of documents as source"
      ],
      "nativeSkips": 6
    },
    {
      "coverageFilter": "(?:^\\(Persistence=indexeddb\\) Pipelines (?:(?:pipeline sources(?= |$))))",
      "effectiveFilter": "(?:^\\(Persistence=indexeddb\\) Pipelines (?:(?:pipeline sources(?= |$))))",
      "exitCode": 1,
      "nativeSkipOnly": true,
      "partitionName": "pipelines:1:2@indexeddb",
      "signal": null,
      "completedTests": 0,
      "failedTests": 0,
      "nativeSkipNames": [
        "reject CollectionReference for another DB",
        "reject DocumentReference for another DB",
        "supports CollectionReference as source",
        "supports collection group as source",
        "supports database as source",
        "supports list of documents as source"
      ],
      "nativeSkips": 6
    },
    {
      "coverageFilter": "(?:^\\(Persistence=memory_lru_gc\\) Pipelines (?:(?:supported data types(?= |$))))",
      "effectiveFilter": "(?:^\\(Persistence=memory_lru_gc\\) Pipelines (?:(?:supported data types(?= |$))))",
      "exitCode": 1,
      "nativeSkipOnly": true,
      "partitionName": "pipelines:1:3@memory_lru_gc",
      "signal": null,
      "completedTests": 0,
      "failedTests": 0,
      "nativeSkipNames": [
        "accepts and returns all data types",
        "converts arrays and plain objects to functionValues if the customer intent is unspecified",
        "supports boolean value constants as a BooleanExpression",
        "throws on undefined in a map",
        "throws on undefined in an array"
      ],
      "nativeSkips": 5
    },
    {
      "coverageFilter": "(?:^\\(Persistence=indexeddb\\) Pipelines (?:(?:supported data types(?= |$))))",
      "effectiveFilter": "(?:^\\(Persistence=indexeddb\\) Pipelines (?:(?:supported data types(?= |$))))",
      "exitCode": 1,
      "nativeSkipOnly": true,
      "partitionName": "pipelines:1:3@indexeddb",
      "signal": null,
      "completedTests": 0,
      "failedTests": 0,
      "nativeSkipNames": [
        "accepts and returns all data types",
        "converts arrays and plain objects to functionValues if the customer intent is unspecified",
        "supports boolean value constants as a BooleanExpression",
        "throws on undefined in a map",
        "throws on undefined in an array"
      ],
      "nativeSkips": 5
    },
    {
      "coverageFilter": "(?:^\\(Persistence=memory_lru_gc\\) Pipelines (?:(?:stages(?= |$))))",
      "effectiveFilter": "(?:^\\(Persistence=memory_lru_gc\\) Pipelines (?:(?:stages(?= |$))))",
      "exitCode": 1,
      "nativeSkipOnly": true,
      "partitionName": "pipelines:1:4@memory_lru_gc",
      "signal": null,
      "completedTests": 0,
      "failedTests": 0,
      "nativeSkipNames": [
        "can add fields",
        "can filter with where",
        "can find nearest",
        "can limit, offset, and sort",
        "can perform FindNearest query",
        "can perform aggregate query",
        "can perform distinct query",
        "can remove fields",
        "can select fields",
        "optionally returns the computed distance",
        "rejects groups without accumulators",
        "returns arrayAgg accumulations",
        "returns arrayAggDistinct accumulations",
        "returns countDistinct accumulation",
        "returns countif accumulation",
        "returns distinct values as expected",
        "returns first and last accumulations",
        "returns group and accumulate results",
        "returns min, max, count, and countAll accumulations",
        "run pipeline with findNearest",
        "run pipeline with replaceWith Expr result",
        "run pipeline with replaceWith field name",
        "run pipeline with sample limit of 3",
        "run pipeline with sample limit of {documents: 3}",
        "run pipeline with sample limit of {percentage: 0.6}",
        "run pipeline with union",
        "run pipeline with unnest",
        "run pipeline with user data with union",
        "sort, offset, and limit stages support options",
        "supports aggregate",
        "supports aggregate options",
        "supports options",
        "supports sort, offset, and limits",
        "throws on Duplicate aliases",
        "throws on duplicate group aliases",
        "unnest an expr",
        "unnest with index field",
        "where with and (2 conditions)",
        "where with and (3 conditions)",
        "where with nor",
        "where with or",
        "where with xor"
      ],
      "nativeSkips": 54
    },
    {
      "coverageFilter": "(?:^\\(Persistence=indexeddb\\) Pipelines (?:(?:stages(?= |$))))",
      "effectiveFilter": "(?:^\\(Persistence=indexeddb\\) Pipelines (?:(?:stages(?= |$))))",
      "exitCode": 1,
      "nativeSkipOnly": true,
      "partitionName": "pipelines:1:4@indexeddb",
      "signal": null,
      "completedTests": 0,
      "failedTests": 0,
      "nativeSkipNames": [
        "can add fields",
        "can filter with where",
        "can find nearest",
        "can limit, offset, and sort",
        "can perform FindNearest query",
        "can perform aggregate query",
        "can perform distinct query",
        "can remove fields",
        "can select fields",
        "optionally returns the computed distance",
        "rejects groups without accumulators",
        "returns arrayAgg accumulations",
        "returns arrayAggDistinct accumulations",
        "returns countDistinct accumulation",
        "returns countif accumulation",
        "returns distinct values as expected",
        "returns first and last accumulations",
        "returns group and accumulate results",
        "returns min, max, count, and countAll accumulations",
        "run pipeline with findNearest",
        "run pipeline with replaceWith Expr result",
        "run pipeline with replaceWith field name",
        "run pipeline with sample limit of 3",
        "run pipeline with sample limit of {documents: 3}",
        "run pipeline with sample limit of {percentage: 0.6}",
        "run pipeline with union",
        "run pipeline with unnest",
        "run pipeline with user data with union",
        "sort, offset, and limit stages support options",
        "supports aggregate",
        "supports aggregate options",
        "supports options",
        "supports sort, offset, and limits",
        "throws on Duplicate aliases",
        "throws on duplicate group aliases",
        "unnest an expr",
        "unnest with index field",
        "where with and (2 conditions)",
        "where with and (3 conditions)",
        "where with nor",
        "where with or",
        "where with xor"
      ],
      "nativeSkips": 54
    },
    {
      "coverageFilter": "(?:^\\(Persistence=memory_lru_gc\\) Pipelines (?:(?:error handling(?= |$))))",
      "effectiveFilter": "(?:^\\(Persistence=memory_lru_gc\\) Pipelines (?:(?:error handling(?= |$))))",
      "exitCode": 1,
      "nativeSkipOnly": true,
      "partitionName": "pipelines:1:5@memory_lru_gc",
      "signal": null,
      "completedTests": 0,
      "failedTests": 0,
      "nativeSkipNames": [
        "error properties are propagated from the firestore backend"
      ],
      "nativeSkips": 1
    },
    {
      "coverageFilter": "(?:^\\(Persistence=indexeddb\\) Pipelines (?:(?:error handling(?= |$))))",
      "effectiveFilter": "(?:^\\(Persistence=indexeddb\\) Pipelines (?:(?:error handling(?= |$))))",
      "exitCode": 1,
      "nativeSkipOnly": true,
      "partitionName": "pipelines:1:5@indexeddb",
      "signal": null,
      "completedTests": 0,
      "failedTests": 0,
      "nativeSkipNames": [
        "error properties are propagated from the firestore backend"
      ],
      "nativeSkips": 1
    },
    {
      "coverageFilter": "(?:^\\(Persistence=memory_lru_gc\\) Pipelines (?:(?:function expressions(?= |$))))",
      "effectiveFilter": "(?:^\\(Persistence=memory_lru_gc\\) Pipelines (?:(?:function expressions(?= |$))))",
      "exitCode": 1,
      "nativeSkipOnly": true,
      "partitionName": "pipelines:1:6@memory_lru_gc",
      "signal": null,
      "completedTests": 0,
      "failedTests": 0,
      "nativeSkipNames": [
        "add selectable",
        "and (variadic) selectable",
        "array contains any",
        "arrayContains works",
        "arrayContainsAll works",
        "arrayContainsAny works",
        "arrayLength works",
        "arraySlice throws error for negative length",
        "can compute e to the power of a numeric value",
        "can compute e to the power of a numeric value with the top-level function",
        "can compute the base-10 logarithm of a numeric value",
        "can compute the base-10 logarithm of a numeric value with the top-level function",
        "can compute the ceiling of a numeric value",
        "can compute the ceiling of a numeric value with the top-level function",
        "can compute the floor of a numeric value",
        "can compute the floor of a numeric value with the top-level function",
        "can compute the length of a bytes value",
        "can compute the length of a map value",
        "can compute the length of a string value",
        "can compute the length of a string value with the top-level function",
        "can compute the length of a vector value",
        "can compute the length of an array value",
        "can compute the length of an array value with the top-level function",
        "can compute the logarithm of a numeric value",
        "can compute the logarithm of a numeric value with the top-level function",
        "can compute the natural logarithm of a numeric value",
        "can compute the natural logarithm of a numeric value with the top-level function",
        "can compute the power of a numeric value",
        "can compute the power of a numeric value with the top-level function",
        "can compute the square root of a numeric value",
        "can compute the square root of a numeric value with the top-level function",
        "can compute the sum of the elements in an array",
        "can compute the sum of the elements in an array with the top-level function",
        "can concat fields",
        "can get the collectionId from a path",
        "can get the collectionId from a path with the top-level function",
        "can reverse a string",
        "can reverse a string with the top-level function",
        "can reverse an array",
        "can reverse an array with the top-level function",
        "can round a numeric value",
        "can round a numeric value away from zero for negative half-way values",
        "can round a numeric value away from zero for positive half-way values",
        "can round a numeric value to specified precision",
        "can round a numeric value with the top-level function",
        "can truncate a numeric value",
        "can truncate a numeric value to specified precision",
        "can truncate a numeric value with the top-level function",
        "conditional works",
        "countif aggregate",
        "equalAny works",
        "evaluates expression in array",
        "evaluates expression in map",
        "logical max works",
        "logical min works",
        "notEqualAny works",
        "sort by char_len",
        "supports Document_id",
        "supports array",
        "supports arrayFilter",
        "supports arrayFilter with mixed types and nulls",
        "supports arrayFirst",
        "supports arrayFirstN",
        "supports arrayGet",
        "supports arrayIndexOf",
        "supports arrayIndexOfAll",
        "supports arrayLast",
        "supports arrayLastIndexOf",
        "supports arrayLastN",
        "supports arrayMaximum",
        "supports arrayMaximumN",
        "supports arrayMinimum",
        "supports arrayMinimumN",
        "supports arraySlice",
        "supports arrayTransform and arrayTransformWithIndex",
        "supports arrayTransform with empty array and nulls",
        "supports basic switch",
        "supports byteLength",
        "supports coalesce",
        "supports currentTimestamp",
        "supports ifAbsent",
        "supports ifNull",
        "supports isType",
        "supports join",
        "supports map",
        "supports mapMerge",
        "supports mapRemove",
        "supports multi-branch switch",
        "supports nor",
        "supports not",
        "supports parent",
        "supports split",
        "supports substring",
        "supports substring without length",
        "supports timestamp conversions",
        "supports timestamp difference",
        "supports timestamp extraction",
        "supports timestamp math",
        "supports type",
        "test mapEntries",
        "test mapGet with field name including . notation",
        "test mapKeys",
        "test mapSet",
        "test mapValues",
        "test reverse",
        "test toLower",
        "test toUpper",
        "testAbs",
        "testArithmeticOperations",
        "testChecks",
        "testComparisonOperators",
        "testDistanceFunctions",
        "testEndsWith",
        "testLTrim",
        "testLength",
        "testLike",
        "testLogicalOperators",
        "testMapGet",
        "testNestedFields",
        "testRTrim",
        "testRand",
        "testRegexContains",
        "testRegexFind",
        "testRegexFindAll",
        "testRegexMatches",
        "testStartsWith",
        "testStrConcat",
        "testStrContains",
        "testStringIndexOf",
        "testStringRepeat",
        "testStringReplaceAll",
        "testStringReplaceOne",
        "testTrim",
        "testVectorLength",
        "throws if no match and no default",
        "truncate timestamp"
      ],
      "nativeSkips": 139
    },
    {
      "coverageFilter": "(?:^\\(Persistence=indexeddb\\) Pipelines (?:(?:function expressions(?= |$))))",
      "effectiveFilter": "(?:^\\(Persistence=indexeddb\\) Pipelines (?:(?:function expressions(?= |$))))",
      "exitCode": 1,
      "nativeSkipOnly": true,
      "partitionName": "pipelines:1:6@indexeddb",
      "signal": null,
      "completedTests": 0,
      "failedTests": 0,
      "nativeSkipNames": [
        "add selectable",
        "and (variadic) selectable",
        "array contains any",
        "arrayContains works",
        "arrayContainsAll works",
        "arrayContainsAny works",
        "arrayLength works",
        "arraySlice throws error for negative length",
        "can compute e to the power of a numeric value",
        "can compute e to the power of a numeric value with the top-level function",
        "can compute the base-10 logarithm of a numeric value",
        "can compute the base-10 logarithm of a numeric value with the top-level function",
        "can compute the ceiling of a numeric value",
        "can compute the ceiling of a numeric value with the top-level function",
        "can compute the floor of a numeric value",
        "can compute the floor of a numeric value with the top-level function",
        "can compute the length of a bytes value",
        "can compute the length of a map value",
        "can compute the length of a string value",
        "can compute the length of a string value with the top-level function",
        "can compute the length of a vector value",
        "can compute the length of an array value",
        "can compute the length of an array value with the top-level function",
        "can compute the logarithm of a numeric value",
        "can compute the logarithm of a numeric value with the top-level function",
        "can compute the natural logarithm of a numeric value",
        "can compute the natural logarithm of a numeric value with the top-level function",
        "can compute the power of a numeric value",
        "can compute the power of a numeric value with the top-level function",
        "can compute the square root of a numeric value",
        "can compute the square root of a numeric value with the top-level function",
        "can compute the sum of the elements in an array",
        "can compute the sum of the elements in an array with the top-level function",
        "can concat fields",
        "can get the collectionId from a path",
        "can get the collectionId from a path with the top-level function",
        "can reverse a string",
        "can reverse a string with the top-level function",
        "can reverse an array",
        "can reverse an array with the top-level function",
        "can round a numeric value",
        "can round a numeric value away from zero for negative half-way values",
        "can round a numeric value away from zero for positive half-way values",
        "can round a numeric value to specified precision",
        "can round a numeric value with the top-level function",
        "can truncate a numeric value",
        "can truncate a numeric value to specified precision",
        "can truncate a numeric value with the top-level function",
        "conditional works",
        "countif aggregate",
        "equalAny works",
        "evaluates expression in array",
        "evaluates expression in map",
        "logical max works",
        "logical min works",
        "notEqualAny works",
        "sort by char_len",
        "supports Document_id",
        "supports array",
        "supports arrayFilter",
        "supports arrayFilter with mixed types and nulls",
        "supports arrayFirst",
        "supports arrayFirstN",
        "supports arrayGet",
        "supports arrayIndexOf",
        "supports arrayIndexOfAll",
        "supports arrayLast",
        "supports arrayLastIndexOf",
        "supports arrayLastN",
        "supports arrayMaximum",
        "supports arrayMaximumN",
        "supports arrayMinimum",
        "supports arrayMinimumN",
        "supports arraySlice",
        "supports arrayTransform and arrayTransformWithIndex",
        "supports arrayTransform with empty array and nulls",
        "supports basic switch",
        "supports byteLength",
        "supports coalesce",
        "supports currentTimestamp",
        "supports ifAbsent",
        "supports ifNull",
        "supports isType",
        "supports join",
        "supports map",
        "supports mapMerge",
        "supports mapRemove",
        "supports multi-branch switch",
        "supports nor",
        "supports not",
        "supports parent",
        "supports split",
        "supports substring",
        "supports substring without length",
        "supports timestamp conversions",
        "supports timestamp difference",
        "supports timestamp extraction",
        "supports timestamp math",
        "supports type",
        "test mapEntries",
        "test mapGet with field name including . notation",
        "test mapKeys",
        "test mapSet",
        "test mapValues",
        "test reverse",
        "test toLower",
        "test toUpper",
        "testAbs",
        "testArithmeticOperations",
        "testChecks",
        "testComparisonOperators",
        "testDistanceFunctions",
        "testEndsWith",
        "testLTrim",
        "testLength",
        "testLike",
        "testLogicalOperators",
        "testMapGet",
        "testNestedFields",
        "testRTrim",
        "testRand",
        "testRegexContains",
        "testRegexFind",
        "testRegexFindAll",
        "testRegexMatches",
        "testStartsWith",
        "testStrConcat",
        "testStrContains",
        "testStringIndexOf",
        "testStringRepeat",
        "testStringReplaceAll",
        "testStringReplaceOne",
        "testTrim",
        "testVectorLength",
        "throws if no match and no default",
        "truncate timestamp"
      ],
      "nativeSkips": 139
    },
    {
      "coverageFilter": "(?:^\\(Persistence=memory_lru_gc\\) Pipelines (?:(?:pagination(?= |$))))",
      "effectiveFilter": "(?:^\\(Persistence=memory_lru_gc\\) Pipelines (?:(?:pagination(?= |$))))",
      "exitCode": 1,
      "nativeSkipOnly": true,
      "partitionName": "pipelines:1:7@memory_lru_gc",
      "signal": null,
      "completedTests": 0,
      "failedTests": 0,
      "nativeSkipNames": [
        "supports pagination with filters",
        "supports pagination with offsets"
      ],
      "nativeSkips": 2
    },
    {
      "coverageFilter": "(?:^\\(Persistence=indexeddb\\) Pipelines (?:(?:pagination(?= |$))))",
      "effectiveFilter": "(?:^\\(Persistence=indexeddb\\) Pipelines (?:(?:pagination(?= |$))))",
      "exitCode": 1,
      "nativeSkipOnly": true,
      "partitionName": "pipelines:1:7@indexeddb",
      "signal": null,
      "completedTests": 0,
      "failedTests": 0,
      "nativeSkipNames": [
        "supports pagination with filters",
        "supports pagination with offsets"
      ],
      "nativeSkips": 2
    },
    {
      "coverageFilter": "(?:^\\(Persistence=memory_lru_gc\\) Pipelines (?:(?:stage options(?= |$))))",
      "effectiveFilter": "(?:^\\(Persistence=memory_lru_gc\\) Pipelines (?:(?:stage options(?= |$))))",
      "exitCode": 1,
      "nativeSkipOnly": true,
      "partitionName": "pipelines:1:8@memory_lru_gc",
      "signal": null,
      "completedTests": 0,
      "failedTests": 0,
      "nativeSkipNames": [
        "Collection Stage",
        "CollectionGroup Stage"
      ],
      "nativeSkips": 2
    },
    {
      "coverageFilter": "(?:^\\(Persistence=indexeddb\\) Pipelines (?:(?:stage options(?= |$))))",
      "effectiveFilter": "(?:^\\(Persistence=indexeddb\\) Pipelines (?:(?:stage options(?= |$))))",
      "exitCode": 1,
      "nativeSkipOnly": true,
      "partitionName": "pipelines:1:8@indexeddb",
      "signal": null,
      "completedTests": 0,
      "failedTests": 0,
      "nativeSkipNames": [
        "Collection Stage",
        "CollectionGroup Stage"
      ],
      "nativeSkips": 2
    },
    {
      "coverageFilter": "(?:^\\(Persistence=memory_lru_gc\\) Pipelines (?:(?:subquery(?= |$))))",
      "effectiveFilter": "(?:^\\(Persistence=memory_lru_gc\\) Pipelines (?:(?:subquery(?= |$))))",
      "exitCode": 1,
      "nativeSkipOnly": true,
      "partitionName": "pipelines:1:9@memory_lru_gc",
      "signal": null,
      "completedTests": 0,
      "failedTests": 0,
      "nativeSkipNames": [
        "3 level deep join",
        "array subquery in where stage on books",
        "array subquery join and empty result",
        "array subquery join multiple fields preserves map",
        "current document binding",
        "deep aggregation",
        "direct execution of subcollection pipeline",
        "explicit field binding scope bridging",
        "missing field on current document",
        "missing subcollection",
        "mixed scalar and array subqueries",
        "multiple array subqueries",
        "multiple variable bindings",
        "pipeline stage support 9 layers",
        "scalar subquery multiple aggregations map wrapping",
        "scalar subquery multiple results runtime error",
        "scalar subquery single aggregation unwrapping",
        "scalar subquery zero results",
        "single scope variable usage",
        "standard subcollection query",
        "unbound variable corner case",
        "variable shadowing collision",
        "zero result scalar returns null"
      ],
      "nativeSkips": 23
    },
    {
      "coverageFilter": "(?:^\\(Persistence=indexeddb\\) Pipelines (?:(?:subquery(?= |$))))",
      "effectiveFilter": "(?:^\\(Persistence=indexeddb\\) Pipelines (?:(?:subquery(?= |$))))",
      "exitCode": 1,
      "nativeSkipOnly": true,
      "partitionName": "pipelines:1:9@indexeddb",
      "signal": null,
      "completedTests": 0,
      "failedTests": 0,
      "nativeSkipNames": [
        "3 level deep join",
        "array subquery in where stage on books",
        "array subquery join and empty result",
        "array subquery join multiple fields preserves map",
        "current document binding",
        "deep aggregation",
        "direct execution of subcollection pipeline",
        "explicit field binding scope bridging",
        "missing field on current document",
        "missing subcollection",
        "mixed scalar and array subqueries",
        "multiple array subqueries",
        "multiple variable bindings",
        "pipeline stage support 9 layers",
        "scalar subquery multiple aggregations map wrapping",
        "scalar subquery multiple results runtime error",
        "scalar subquery single aggregation unwrapping",
        "scalar subquery zero results",
        "single scope variable usage",
        "standard subcollection query",
        "unbound variable corner case",
        "variable shadowing collision",
        "zero result scalar returns null"
      ],
      "nativeSkips": 23
    },
    {
      "coverageFilter": "(?:^Firestore Provider(?= |$))",
      "effectiveFilter": "(?:^Firestore Provider(?= |$))",
      "exitCode": 0,
      "nativeSkipOnly": false,
      "partitionName": "provider:1:1",
      "signal": null,
      "completedTests": 11,
      "failedTests": 0,
      "nativeSkipNames": [],
      "nativeSkips": 0
    },
    {
      "coverageFilter": "(?:^\\(Persistence=memory_lru_gc\\) Queries (?:(?:QuerySnapshot\\.toJSON bundle getDocFromCache(?= |$)|can issue limit queries(?! (?:using descending sort order)(?: |$))(?= |$)|cannot issue limitToLast queries without explicit order-by(?= |$)|can issue limit queries using descending sort order(?= |$)|can issue limitToLast queries using descending sort order(?= |$))))",
      "effectiveFilter": "(?:^\\(Persistence=memory_lru_gc\\) Queries (?:(?:QuerySnapshot\\.toJSON bundle getDocFromCache(?= |$)|can issue limit queries(?! (?:using descending sort order)(?: |$))(?= |$)|cannot issue limitToLast queries without explicit order-by(?= |$)|can issue limit queries using descending sort order(?= |$)|can issue limitToLast queries using descending sort order(?= |$))))",
      "exitCode": 0,
      "nativeSkipOnly": false,
      "partitionName": "queries:1:1@memory_lru_gc",
      "signal": null,
      "completedTests": 5,
      "failedTests": 0,
      "nativeSkipNames": [],
      "nativeSkips": 0
    },
    {
      "coverageFilter": "(?:^\\(Persistence=indexeddb\\) Queries (?:(?:QuerySnapshot\\.toJSON bundle getDocFromCache(?= |$)|can issue limit queries(?! (?:using descending sort order)(?: |$))(?= |$)|cannot issue limitToLast queries without explicit order-by(?= |$)|can issue limit queries using descending sort order(?= |$)|can issue limitToLast queries using descending sort order(?= |$))))",
      "effectiveFilter": "(?:^\\(Persistence=indexeddb\\) Queries (?:(?:QuerySnapshot\\.toJSON bundle getDocFromCache(?= |$)|can issue limit queries(?! (?:using descending sort order)(?: |$))(?= |$)|cannot issue limitToLast queries without explicit order-by(?= |$)|can issue limit queries using descending sort order(?= |$)|can issue limitToLast queries using descending sort order(?= |$))))",
      "exitCode": 0,
      "nativeSkipOnly": false,
      "partitionName": "queries:1:1@indexeddb",
      "signal": null,
      "completedTests": 5,
      "failedTests": 0,
      "nativeSkipNames": [],
      "nativeSkips": 0
    },
    {
      "coverageFilter": "(?:^\\(Persistence=memory_lru_gc\\) Queries (?:(?:can listen to limitToLast queries(?= |$)|can listen/unlisten/relisten to mirror queries(?= |$)|can issue limitToLast queries with cursors(?= |$)|key order is descending for descending inequality(?= |$)|can use unary filters(?= |$))))",
      "effectiveFilter": "(?:^\\(Persistence=memory_lru_gc\\) Queries (?:(?:can listen to limitToLast queries(?= |$)|can listen/unlisten/relisten to mirror queries(?= |$)|can issue limitToLast queries with cursors(?= |$)|key order is descending for descending inequality(?= |$)|can use unary filters(?= |$))))",
      "exitCode": 0,
      "nativeSkipOnly": false,
      "partitionName": "queries:1:2@memory_lru_gc",
      "signal": null,
      "completedTests": 5,
      "failedTests": 0,
      "nativeSkipNames": [],
      "nativeSkips": 0
    },
    {
      "coverageFilter": "(?:^\\(Persistence=indexeddb\\) Queries (?:(?:can listen to limitToLast queries(?= |$)|can listen/unlisten/relisten to mirror queries(?= |$)|can issue limitToLast queries with cursors(?= |$)|key order is descending for descending inequality(?= |$)|can use unary filters(?= |$))))",
      "effectiveFilter": "(?:^\\(Persistence=indexeddb\\) Queries (?:(?:can listen to limitToLast queries(?= |$)|can listen/unlisten/relisten to mirror queries(?= |$)|can issue limitToLast queries with cursors(?= |$)|key order is descending for descending inequality(?= |$)|can use unary filters(?= |$))))",
      "exitCode": 0,
      "nativeSkipOnly": false,
      "partitionName": "queries:1:2@indexeddb",
      "signal": null,
      "completedTests": 5,
      "failedTests": 0,
      "nativeSkipNames": [],
      "nativeSkips": 0
    },
    {
      "coverageFilter": "(?:^\\(Persistence=memory_lru_gc\\) Queries (?:(?:can filter on infinity(?= |$)|will not get metadata only updates(?= |$)|maintains correct DocumentChange indexes(?= |$)|can listen for the same query with different options(?= |$)|can issue queries with Dates differing in milliseconds(?= |$))))",
      "effectiveFilter": "(?:^\\(Persistence=memory_lru_gc\\) Queries (?:(?:can filter on infinity(?= |$)|will not get metadata only updates(?= |$)|maintains correct DocumentChange indexes(?= |$)|can listen for the same query with different options(?= |$)|can issue queries with Dates differing in milliseconds(?= |$))))",
      "exitCode": 0,
      "nativeSkipOnly": false,
      "partitionName": "queries:1:3@memory_lru_gc",
      "signal": null,
      "completedTests": 4,
      "failedTests": 0,
      "nativeSkipNames": [
        "can listen for the same query with different options"
      ],
      "nativeSkips": 1
    },
    {
      "coverageFilter": "(?:^\\(Persistence=indexeddb\\) Queries (?:(?:can filter on infinity(?= |$)|will not get metadata only updates(?= |$)|maintains correct DocumentChange indexes(?= |$)|can listen for the same query with different options(?= |$)|can issue queries with Dates differing in milliseconds(?= |$))))",
      "effectiveFilter": "(?:^\\(Persistence=indexeddb\\) Queries (?:(?:can filter on infinity(?= |$)|will not get metadata only updates(?= |$)|maintains correct DocumentChange indexes(?= |$)|can listen for the same query with different options(?= |$)|can issue queries with Dates differing in milliseconds(?= |$))))",
      "exitCode": 0,
      "nativeSkipOnly": false,
      "partitionName": "queries:1:3@indexeddb",
      "signal": null,
      "completedTests": 4,
      "failedTests": 0,
      "nativeSkipNames": [
        "can listen for the same query with different options"
      ],
      "nativeSkips": 1
    },
    {
      "coverageFilter": "(?:^\\(Persistence=memory_lru_gc\\) Queries (?:(?:can listen for QueryMetadata changes(?= |$)|can listen for metadata changes(?= |$)|can catch error message for missing index with error handler(?= |$)|can explicitly sort by document ID(?= |$)|can query by document ID(?! (?:using refs)(?: |$))(?= |$))))",
      "effectiveFilter": "(?:^\\(Persistence=memory_lru_gc\\) Queries (?:(?:can listen for QueryMetadata changes(?= |$)|can listen for metadata changes(?= |$)|can catch error message for missing index with error handler(?= |$)|can explicitly sort by document ID(?= |$)|can query by document ID(?! (?:using refs)(?: |$))(?= |$))))",
      "exitCode": 0,
      "nativeSkipOnly": false,
      "partitionName": "queries:1:4@memory_lru_gc",
      "signal": null,
      "completedTests": 4,
      "failedTests": 0,
      "nativeSkipNames": [
        "can catch error message for missing index with error handler"
      ],
      "nativeSkips": 1
    },
    {
      "coverageFilter": "(?:^\\(Persistence=indexeddb\\) Queries (?:(?:can listen for QueryMetadata changes(?= |$)|can listen for metadata changes(?= |$)|can catch error message for missing index with error handler(?= |$)|can explicitly sort by document ID(?= |$)|can query by document ID(?! (?:using refs)(?: |$))(?= |$))))",
      "effectiveFilter": "(?:^\\(Persistence=indexeddb\\) Queries (?:(?:can listen for QueryMetadata changes(?= |$)|can listen for metadata changes(?= |$)|can catch error message for missing index with error handler(?= |$)|can explicitly sort by document ID(?= |$)|can query by document ID(?! (?:using refs)(?: |$))(?= |$))))",
      "exitCode": 0,
      "nativeSkipOnly": false,
      "partitionName": "queries:1:4@indexeddb",
      "signal": null,
      "completedTests": 4,
      "failedTests": 0,
      "nativeSkipNames": [
        "can catch error message for missing index with error handler"
      ],
      "nativeSkips": 1
    },
    {
      "coverageFilter": "(?:^\\(Persistence=memory_lru_gc\\) Queries (?:(?:can query by document ID using refs(?= |$)|can query while reconnecting to network(?= |$)|trigger with isFromCache=true when offline(?= |$)|can use != filters(?! (?:by document ID)(?: |$))(?= |$)|can use != filters by document ID(?= |$))))",
      "effectiveFilter": "(?:^\\(Persistence=memory_lru_gc\\) Queries (?:(?:can query by document ID using refs(?= |$)|can query while reconnecting to network(?= |$)|trigger with isFromCache=true when offline(?= |$)|can use != filters(?! (?:by document ID)(?: |$))(?= |$)|can use != filters by document ID(?= |$))))",
      "exitCode": 0,
      "nativeSkipOnly": false,
      "partitionName": "queries:1:5@memory_lru_gc",
      "signal": null,
      "completedTests": 5,
      "failedTests": 0,
      "nativeSkipNames": [],
      "nativeSkips": 0
    },
    {
      "coverageFilter": "(?:^\\(Persistence=indexeddb\\) Queries (?:(?:can query by document ID using refs(?= |$)|can query while reconnecting to network(?= |$)|trigger with isFromCache=true when offline(?= |$)|can use != filters(?! (?:by document ID)(?: |$))(?= |$)|can use != filters by document ID(?= |$))))",
      "effectiveFilter": "(?:^\\(Persistence=indexeddb\\) Queries (?:(?:can query by document ID using refs(?= |$)|can query while reconnecting to network(?= |$)|trigger with isFromCache=true when offline(?= |$)|can use != filters(?! (?:by document ID)(?: |$))(?= |$)|can use != filters by document ID(?= |$))))",
      "exitCode": 0,
      "nativeSkipOnly": false,
      "partitionName": "queries:1:5@indexeddb",
      "signal": null,
      "completedTests": 5,
      "failedTests": 0,
      "nativeSkipNames": [],
      "nativeSkips": 0
    },
    {
      "coverageFilter": "(?:^\\(Persistence=memory_lru_gc\\) Queries (?:(?:can use array-contains filters(?= |$)|can use IN filters(?! (?:by document ID)(?: |$))(?= |$)|can use IN filters by document ID(?= |$)|can use NOT_IN filters(?! (?:by document ID)(?: |$))(?= |$)|can use NOT_IN filters by document ID(?= |$))))",
      "effectiveFilter": "(?:^\\(Persistence=memory_lru_gc\\) Queries (?:(?:can use array-contains filters(?= |$)|can use IN filters(?! (?:by document ID)(?: |$))(?= |$)|can use IN filters by document ID(?= |$)|can use NOT_IN filters(?! (?:by document ID)(?: |$))(?= |$)|can use NOT_IN filters by document ID(?= |$))))",
      "exitCode": 0,
      "nativeSkipOnly": false,
      "partitionName": "queries:1:6@memory_lru_gc",
      "signal": null,
      "completedTests": 5,
      "failedTests": 0,
      "nativeSkipNames": [],
      "nativeSkips": 0
    },
    {
      "coverageFilter": "(?:^\\(Persistence=indexeddb\\) Queries (?:(?:can use array-contains filters(?= |$)|can use IN filters(?! (?:by document ID)(?: |$))(?= |$)|can use IN filters by document ID(?= |$)|can use NOT_IN filters(?! (?:by document ID)(?: |$))(?= |$)|can use NOT_IN filters by document ID(?= |$))))",
      "effectiveFilter": "(?:^\\(Persistence=indexeddb\\) Queries (?:(?:can use array-contains filters(?= |$)|can use IN filters(?! (?:by document ID)(?: |$))(?= |$)|can use IN filters by document ID(?= |$)|can use NOT_IN filters(?! (?:by document ID)(?: |$))(?= |$)|can use NOT_IN filters by document ID(?= |$))))",
      "exitCode": 0,
      "nativeSkipOnly": false,
      "partitionName": "queries:1:6@indexeddb",
      "signal": null,
      "completedTests": 5,
      "failedTests": 0,
      "nativeSkipNames": [],
      "nativeSkips": 0
    },
    {
      "coverageFilter": "(?:^\\(Persistence=memory_lru_gc\\) Queries (?:(?:can use array-contains-any filters(?= |$)|can query collection groups(?! (?:with startAt / endAt by arbitrary documentId|with where filters on arbitrary documentId)(?: |$))(?= |$)|can query collection groups with startAt / endAt by arbitrary documentId(?= |$)|can query collection groups with where filters on arbitrary documentId(?= |$)|can query custom types(?= |$))))",
      "effectiveFilter": "(?:^\\(Persistence=memory_lru_gc\\) Queries (?:(?:can use array-contains-any filters(?= |$)|can query collection groups(?! (?:with startAt / endAt by arbitrary documentId|with where filters on arbitrary documentId)(?: |$))(?= |$)|can query collection groups with startAt / endAt by arbitrary documentId(?= |$)|can query collection groups with where filters on arbitrary documentId(?= |$)|can query custom types(?= |$))))",
      "exitCode": 0,
      "nativeSkipOnly": false,
      "partitionName": "queries:1:7@memory_lru_gc",
      "signal": null,
      "completedTests": 5,
      "failedTests": 0,
      "nativeSkipNames": [],
      "nativeSkips": 0
    },
    {
      "coverageFilter": "(?:^\\(Persistence=indexeddb\\) Queries (?:(?:can use array-contains-any filters(?= |$)|can query collection groups(?! (?:with startAt / endAt by arbitrary documentId|with where filters on arbitrary documentId)(?: |$))(?= |$)|can query collection groups with startAt / endAt by arbitrary documentId(?= |$)|can query collection groups with where filters on arbitrary documentId(?= |$)|can query custom types(?= |$))))",
      "effectiveFilter": "(?:^\\(Persistence=indexeddb\\) Queries (?:(?:can use array-contains-any filters(?= |$)|can query collection groups(?! (?:with startAt / endAt by arbitrary documentId|with where filters on arbitrary documentId)(?: |$))(?= |$)|can query collection groups with startAt / endAt by arbitrary documentId(?= |$)|can query collection groups with where filters on arbitrary documentId(?= |$)|can query custom types(?= |$))))",
      "exitCode": 0,
      "nativeSkipOnly": false,
      "partitionName": "queries:1:7@indexeddb",
      "signal": null,
      "completedTests": 5,
      "failedTests": 0,
      "nativeSkipNames": [],
      "nativeSkips": 0
    },
    {
      "coverageFilter": "(?:^\\(Persistence=memory_lru_gc\\) Queries (?:(?:can use filter with nested field(?= |$)|OR Queries(?= |$)|Caching empty results(?= |$)|can query large documents with multi-byte character strings(?= |$))))",
      "effectiveFilter": "(?:^\\(Persistence=memory_lru_gc\\) Queries (?:(?:can use filter with nested field(?= |$)|OR Queries(?= |$)|Caching empty results(?= |$)|can query large documents with multi-byte character strings(?= |$))))",
      "exitCode": 0,
      "nativeSkipOnly": false,
      "partitionName": "queries:1:8@memory_lru_gc",
      "signal": null,
      "completedTests": 14,
      "failedTests": 0,
      "nativeSkipNames": [],
      "nativeSkips": 0
    },
    {
      "coverageFilter": "(?:^\\(Persistence=indexeddb\\) Queries (?:(?:can use filter with nested field(?= |$)|OR Queries(?= |$)|Caching empty results(?= |$)|can query large documents with multi-byte character strings(?= |$))))",
      "effectiveFilter": "(?:^\\(Persistence=indexeddb\\) Queries (?:(?:can use filter with nested field(?= |$)|OR Queries(?= |$)|Caching empty results(?= |$)|can query large documents with multi-byte character strings(?= |$))))",
      "exitCode": 0,
      "nativeSkipOnly": false,
      "partitionName": "queries:1:8@indexeddb",
      "signal": null,
      "completedTests": 14,
      "failedTests": 0,
      "nativeSkipNames": [],
      "nativeSkips": 0
    },
    {
      "coverageFilter": "(?:^\\(Persistence=memory_lru_gc\\) Hanging query issue - #7652(?= |$))",
      "effectiveFilter": "(?:^\\(Persistence=memory_lru_gc\\) Hanging query issue - #7652(?= |$))",
      "exitCode": 0,
      "nativeSkipOnly": false,
      "partitionName": "queries:2:1@memory_lru_gc",
      "signal": null,
      "completedTests": 20,
      "failedTests": 0,
      "nativeSkipNames": [],
      "nativeSkips": 0
    },
    {
      "coverageFilter": "(?:^\\(Persistence=indexeddb\\) Hanging query issue - #7652(?= |$))",
      "effectiveFilter": "(?:^\\(Persistence=indexeddb\\) Hanging query issue - #7652(?= |$))",
      "exitCode": 0,
      "nativeSkipOnly": false,
      "partitionName": "queries:2:1@indexeddb",
      "signal": null,
      "completedTests": 20,
      "failedTests": 0,
      "nativeSkipNames": [],
      "nativeSkips": 0
    },
    {
      "coverageFilter": "(?:^\\(Persistence=memory_lru_gc\\) Query to Pipeline (?:(?:supports default query(?= |$)|supports filtered query(?! (?:\\(with FieldPath\\))(?: |$))(?= |$)|supports filtered query \\(with FieldPath\\)(?= |$)|supports ordered query \\(with default order\\)(?= |$)|supports ordered query \\(with asc\\)(?= |$))))",
      "effectiveFilter": "(?:^\\(Persistence=memory_lru_gc\\) Query to Pipeline (?:(?:supports default query(?= |$)|supports filtered query(?! (?:\\(with FieldPath\\))(?: |$))(?= |$)|supports filtered query \\(with FieldPath\\)(?= |$)|supports ordered query \\(with default order\\)(?= |$)|supports ordered query \\(with asc\\)(?= |$))))",
      "exitCode": 1,
      "nativeSkipOnly": true,
      "partitionName": "query-to-pipeline:1:1@memory_lru_gc",
      "signal": null,
      "completedTests": 0,
      "failedTests": 0,
      "nativeSkipNames": [
        "supports default query",
        "supports filtered query",
        "supports filtered query (with FieldPath)",
        "supports ordered query (with asc)",
        "supports ordered query (with default order)"
      ],
      "nativeSkips": 5
    },
    {
      "coverageFilter": "(?:^\\(Persistence=indexeddb\\) Query to Pipeline (?:(?:supports default query(?= |$)|supports filtered query(?! (?:\\(with FieldPath\\))(?: |$))(?= |$)|supports filtered query \\(with FieldPath\\)(?= |$)|supports ordered query \\(with default order\\)(?= |$)|supports ordered query \\(with asc\\)(?= |$))))",
      "effectiveFilter": "(?:^\\(Persistence=indexeddb\\) Query to Pipeline (?:(?:supports default query(?= |$)|supports filtered query(?! (?:\\(with FieldPath\\))(?: |$))(?= |$)|supports filtered query \\(with FieldPath\\)(?= |$)|supports ordered query \\(with default order\\)(?= |$)|supports ordered query \\(with asc\\)(?= |$))))",
      "exitCode": 1,
      "nativeSkipOnly": true,
      "partitionName": "query-to-pipeline:1:1@indexeddb",
      "signal": null,
      "completedTests": 0,
      "failedTests": 0,
      "nativeSkipNames": [
        "supports default query",
        "supports filtered query",
        "supports filtered query (with FieldPath)",
        "supports ordered query (with asc)",
        "supports ordered query (with default order)"
      ],
      "nativeSkips": 5
    },
    {
      "coverageFilter": "(?:^\\(Persistence=memory_lru_gc\\) Query to Pipeline (?:(?:supports ordered query \\(with desc\\)(?= |$)|supports limit query(?= |$)|supports limitToLast query(?= |$)|supports startAt(?! (?:with limitToLast|\\(with DocumentSnapshot\\))(?: |$))(?= |$)|supports startAt with limitToLast(?= |$))))",
      "effectiveFilter": "(?:^\\(Persistence=memory_lru_gc\\) Query to Pipeline (?:(?:supports ordered query \\(with desc\\)(?= |$)|supports limit query(?= |$)|supports limitToLast query(?= |$)|supports startAt(?! (?:with limitToLast|\\(with DocumentSnapshot\\))(?: |$))(?= |$)|supports startAt with limitToLast(?= |$))))",
      "exitCode": 1,
      "nativeSkipOnly": true,
      "partitionName": "query-to-pipeline:1:2@memory_lru_gc",
      "signal": null,
      "completedTests": 0,
      "failedTests": 0,
      "nativeSkipNames": [
        "supports limit query",
        "supports limitToLast query",
        "supports ordered query (with desc)",
        "supports startAt",
        "supports startAt with limitToLast"
      ],
      "nativeSkips": 5
    },
    {
      "coverageFilter": "(?:^\\(Persistence=indexeddb\\) Query to Pipeline (?:(?:supports ordered query \\(with desc\\)(?= |$)|supports limit query(?= |$)|supports limitToLast query(?= |$)|supports startAt(?! (?:with limitToLast|\\(with DocumentSnapshot\\))(?: |$))(?= |$)|supports startAt with limitToLast(?= |$))))",
      "effectiveFilter": "(?:^\\(Persistence=indexeddb\\) Query to Pipeline (?:(?:supports ordered query \\(with desc\\)(?= |$)|supports limit query(?= |$)|supports limitToLast query(?= |$)|supports startAt(?! (?:with limitToLast|\\(with DocumentSnapshot\\))(?: |$))(?= |$)|supports startAt with limitToLast(?= |$))))",
      "exitCode": 1,
      "nativeSkipOnly": true,
      "partitionName": "query-to-pipeline:1:2@indexeddb",
      "signal": null,
      "completedTests": 0,
      "failedTests": 0,
      "nativeSkipNames": [
        "supports limit query",
        "supports limitToLast query",
        "supports ordered query (with desc)",
        "supports startAt",
        "supports startAt with limitToLast"
      ],
      "nativeSkips": 5
    },
    {
      "coverageFilter": "(?:^\\(Persistence=memory_lru_gc\\) Query to Pipeline (?:(?:supports endAt with limitToLast(?= |$)|supports startAfter \\(with DocumentSnapshot\\)(?= |$)|supports startAt \\(with DocumentSnapshot\\)(?= |$)|supports startAfter(?! (?:\\(with DocumentSnapshot\\))(?: |$))(?= |$)|supports endAt(?! (?:with limitToLast)(?: |$))(?= |$))))",
      "effectiveFilter": "(?:^\\(Persistence=memory_lru_gc\\) Query to Pipeline (?:(?:supports endAt with limitToLast(?= |$)|supports startAfter \\(with DocumentSnapshot\\)(?= |$)|supports startAt \\(with DocumentSnapshot\\)(?= |$)|supports startAfter(?! (?:\\(with DocumentSnapshot\\))(?: |$))(?= |$)|supports endAt(?! (?:with limitToLast)(?: |$))(?= |$))))",
      "exitCode": 1,
      "nativeSkipOnly": true,
      "partitionName": "query-to-pipeline:1:3@memory_lru_gc",
      "signal": null,
      "completedTests": 0,
      "failedTests": 0,
      "nativeSkipNames": [
        "supports endAt",
        "supports endAt with limitToLast",
        "supports startAfter",
        "supports startAfter (with DocumentSnapshot)",
        "supports startAt (with DocumentSnapshot)"
      ],
      "nativeSkips": 5
    },
    {
      "coverageFilter": "(?:^\\(Persistence=indexeddb\\) Query to Pipeline (?:(?:supports endAt with limitToLast(?= |$)|supports startAfter \\(with DocumentSnapshot\\)(?= |$)|supports startAt \\(with DocumentSnapshot\\)(?= |$)|supports startAfter(?! (?:\\(with DocumentSnapshot\\))(?: |$))(?= |$)|supports endAt(?! (?:with limitToLast)(?: |$))(?= |$))))",
      "effectiveFilter": "(?:^\\(Persistence=indexeddb\\) Query to Pipeline (?:(?:supports endAt with limitToLast(?= |$)|supports startAfter \\(with DocumentSnapshot\\)(?= |$)|supports startAt \\(with DocumentSnapshot\\)(?= |$)|supports startAfter(?! (?:\\(with DocumentSnapshot\\))(?: |$))(?= |$)|supports endAt(?! (?:with limitToLast)(?: |$))(?= |$))))",
      "exitCode": 1,
      "nativeSkipOnly": true,
      "partitionName": "query-to-pipeline:1:3@indexeddb",
      "signal": null,
      "completedTests": 0,
      "failedTests": 0,
      "nativeSkipNames": [
        "supports endAt",
        "supports endAt with limitToLast",
        "supports startAfter",
        "supports startAfter (with DocumentSnapshot)",
        "supports startAt (with DocumentSnapshot)"
      ],
      "nativeSkips": 5
    },
    {
      "coverageFilter": "(?:^\\(Persistence=memory_lru_gc\\) Query to Pipeline (?:(?:supports endBefore(?= |$)|supports pagination(?! (?:on DocumentIds)(?: |$))(?= |$)|supports pagination on DocumentIds(?= |$)|supports collection groups(?= |$)|supports query over collection path with special characters(?= |$))))",
      "effectiveFilter": "(?:^\\(Persistence=memory_lru_gc\\) Query to Pipeline (?:(?:supports endBefore(?= |$)|supports pagination(?! (?:on DocumentIds)(?: |$))(?= |$)|supports pagination on DocumentIds(?= |$)|supports collection groups(?= |$)|supports query over collection path with special characters(?= |$))))",
      "exitCode": 1,
      "nativeSkipOnly": true,
      "partitionName": "query-to-pipeline:1:4@memory_lru_gc",
      "signal": null,
      "completedTests": 0,
      "failedTests": 0,
      "nativeSkipNames": [
        "supports collection groups",
        "supports endBefore",
        "supports pagination",
        "supports pagination on DocumentIds",
        "supports query over collection path with special characters"
      ],
      "nativeSkips": 5
    },
    {
      "coverageFilter": "(?:^\\(Persistence=indexeddb\\) Query to Pipeline (?:(?:supports endBefore(?= |$)|supports pagination(?! (?:on DocumentIds)(?: |$))(?= |$)|supports pagination on DocumentIds(?= |$)|supports collection groups(?= |$)|supports query over collection path with special characters(?= |$))))",
      "effectiveFilter": "(?:^\\(Persistence=indexeddb\\) Query to Pipeline (?:(?:supports endBefore(?= |$)|supports pagination(?! (?:on DocumentIds)(?: |$))(?= |$)|supports pagination on DocumentIds(?= |$)|supports collection groups(?= |$)|supports query over collection path with special characters(?= |$))))",
      "exitCode": 1,
      "nativeSkipOnly": true,
      "partitionName": "query-to-pipeline:1:4@indexeddb",
      "signal": null,
      "completedTests": 0,
      "failedTests": 0,
      "nativeSkipNames": [
        "supports collection groups",
        "supports endBefore",
        "supports pagination",
        "supports pagination on DocumentIds",
        "supports query over collection path with special characters"
      ],
      "nativeSkips": 5
    },
    {
      "coverageFilter": "(?:^\\(Persistence=memory_lru_gc\\) Query to Pipeline (?:(?:supports multiple inequality on same field(?= |$)|supports multiple inequality on different fields(?= |$)|supports collectionGroup query(?= |$)|supports eq nan(?= |$)|supports neq nan(?= |$))))",
      "effectiveFilter": "(?:^\\(Persistence=memory_lru_gc\\) Query to Pipeline (?:(?:supports multiple inequality on same field(?= |$)|supports multiple inequality on different fields(?= |$)|supports collectionGroup query(?= |$)|supports eq nan(?= |$)|supports neq nan(?= |$))))",
      "exitCode": 1,
      "nativeSkipOnly": true,
      "partitionName": "query-to-pipeline:1:5@memory_lru_gc",
      "signal": null,
      "completedTests": 0,
      "failedTests": 0,
      "nativeSkipNames": [
        "supports collectionGroup query",
        "supports eq nan",
        "supports multiple inequality on different fields",
        "supports multiple inequality on same field",
        "supports neq nan"
      ],
      "nativeSkips": 5
    },
    {
      "coverageFilter": "(?:^\\(Persistence=indexeddb\\) Query to Pipeline (?:(?:supports multiple inequality on same field(?= |$)|supports multiple inequality on different fields(?= |$)|supports collectionGroup query(?= |$)|supports eq nan(?= |$)|supports neq nan(?= |$))))",
      "effectiveFilter": "(?:^\\(Persistence=indexeddb\\) Query to Pipeline (?:(?:supports multiple inequality on same field(?= |$)|supports multiple inequality on different fields(?= |$)|supports collectionGroup query(?= |$)|supports eq nan(?= |$)|supports neq nan(?= |$))))",
      "exitCode": 1,
      "nativeSkipOnly": true,
      "partitionName": "query-to-pipeline:1:5@indexeddb",
      "signal": null,
      "completedTests": 0,
      "failedTests": 0,
      "nativeSkipNames": [
        "supports collectionGroup query",
        "supports eq nan",
        "supports multiple inequality on different fields",
        "supports multiple inequality on same field",
        "supports neq nan"
      ],
      "nativeSkips": 5
    },
    {
      "coverageFilter": "(?:^\\(Persistence=memory_lru_gc\\) Query to Pipeline (?:(?:supports eq null(?= |$)|supports neq null(?= |$)|supports neq(?! (?:nan|null)(?: |$))(?= |$)|supports array contains(?! (?:any)(?: |$))(?= |$)|supports array contains any(?= |$))))",
      "effectiveFilter": "(?:^\\(Persistence=memory_lru_gc\\) Query to Pipeline (?:(?:supports eq null(?= |$)|supports neq null(?= |$)|supports neq(?! (?:nan|null)(?: |$))(?= |$)|supports array contains(?! (?:any)(?: |$))(?= |$)|supports array contains any(?= |$))))",
      "exitCode": 1,
      "nativeSkipOnly": true,
      "partitionName": "query-to-pipeline:1:6@memory_lru_gc",
      "signal": null,
      "completedTests": 0,
      "failedTests": 0,
      "nativeSkipNames": [
        "supports array contains",
        "supports array contains any",
        "supports eq null",
        "supports neq",
        "supports neq null"
      ],
      "nativeSkips": 5
    },
    {
      "coverageFilter": "(?:^\\(Persistence=indexeddb\\) Query to Pipeline (?:(?:supports eq null(?= |$)|supports neq null(?= |$)|supports neq(?! (?:nan|null)(?: |$))(?= |$)|supports array contains(?! (?:any)(?: |$))(?= |$)|supports array contains any(?= |$))))",
      "effectiveFilter": "(?:^\\(Persistence=indexeddb\\) Query to Pipeline (?:(?:supports eq null(?= |$)|supports neq null(?= |$)|supports neq(?! (?:nan|null)(?: |$))(?= |$)|supports array contains(?! (?:any)(?: |$))(?= |$)|supports array contains any(?= |$))))",
      "exitCode": 1,
      "nativeSkipOnly": true,
      "partitionName": "query-to-pipeline:1:6@indexeddb",
      "signal": null,
      "completedTests": 0,
      "failedTests": 0,
      "nativeSkipNames": [
        "supports array contains",
        "supports array contains any",
        "supports eq null",
        "supports neq",
        "supports neq null"
      ],
      "nativeSkips": 5
    },
    {
      "coverageFilter": "(?:^\\(Persistence=memory_lru_gc\\) Query to Pipeline (?:(?:supports in(?! (?:with 1)(?: |$))(?= |$)|supports in with 1(?= |$)|supports not in(?! (?:with 1)(?: |$))(?= |$)|supports not in with 1(?= |$)|supports or operator(?= |$))))",
      "effectiveFilter": "(?:^\\(Persistence=memory_lru_gc\\) Query to Pipeline (?:(?:supports in(?! (?:with 1)(?: |$))(?= |$)|supports in with 1(?= |$)|supports not in(?! (?:with 1)(?: |$))(?= |$)|supports not in with 1(?= |$)|supports or operator(?= |$))))",
      "exitCode": 1,
      "nativeSkipOnly": true,
      "partitionName": "query-to-pipeline:1:7@memory_lru_gc",
      "signal": null,
      "completedTests": 0,
      "failedTests": 0,
      "nativeSkipNames": [
        "supports in",
        "supports in with 1",
        "supports not in",
        "supports not in with 1",
        "supports or operator"
      ],
      "nativeSkips": 5
    },
    {
      "coverageFilter": "(?:^\\(Persistence=indexeddb\\) Query to Pipeline (?:(?:supports in(?! (?:with 1)(?: |$))(?= |$)|supports in with 1(?= |$)|supports not in(?! (?:with 1)(?: |$))(?= |$)|supports not in with 1(?= |$)|supports or operator(?= |$))))",
      "effectiveFilter": "(?:^\\(Persistence=indexeddb\\) Query to Pipeline (?:(?:supports in(?! (?:with 1)(?: |$))(?= |$)|supports in with 1(?= |$)|supports not in(?! (?:with 1)(?: |$))(?= |$)|supports not in with 1(?= |$)|supports or operator(?= |$))))",
      "exitCode": 1,
      "nativeSkipOnly": true,
      "partitionName": "query-to-pipeline:1:7@indexeddb",
      "signal": null,
      "completedTests": 0,
      "failedTests": 0,
      "nativeSkipNames": [
        "supports in",
        "supports in with 1",
        "supports not in",
        "supports not in with 1",
        "supports or operator"
      ],
      "nativeSkips": 5
    },
    {
      "coverageFilter": "(?:^\\(Persistence=memory_lru_gc\\) Query to Pipeline (?:(?:not-in removes existence filter(?= |$)|not-equal removes existence filter(?= |$)|inequality maintains existence filter(?= |$)|explicit order maintains existence filter(?= |$))))",
      "effectiveFilter": "(?:^\\(Persistence=memory_lru_gc\\) Query to Pipeline (?:(?:not-in removes existence filter(?= |$)|not-equal removes existence filter(?= |$)|inequality maintains existence filter(?= |$)|explicit order maintains existence filter(?= |$))))",
      "exitCode": 1,
      "nativeSkipOnly": true,
      "partitionName": "query-to-pipeline:1:8@memory_lru_gc",
      "signal": null,
      "completedTests": 0,
      "failedTests": 0,
      "nativeSkipNames": [
        "explicit order maintains existence filter",
        "inequality maintains existence filter",
        "not-equal removes existence filter",
        "not-in removes existence filter"
      ],
      "nativeSkips": 4
    },
    {
      "coverageFilter": "(?:^\\(Persistence=indexeddb\\) Query to Pipeline (?:(?:not-in removes existence filter(?= |$)|not-equal removes existence filter(?= |$)|inequality maintains existence filter(?= |$)|explicit order maintains existence filter(?= |$))))",
      "effectiveFilter": "(?:^\\(Persistence=indexeddb\\) Query to Pipeline (?:(?:not-in removes existence filter(?= |$)|not-equal removes existence filter(?= |$)|inequality maintains existence filter(?= |$)|explicit order maintains existence filter(?= |$))))",
      "exitCode": 1,
      "nativeSkipOnly": true,
      "partitionName": "query-to-pipeline:1:8@indexeddb",
      "signal": null,
      "completedTests": 0,
      "failedTests": 0,
      "nativeSkipNames": [
        "explicit order maintains existence filter",
        "inequality maintains existence filter",
        "not-equal removes existence filter",
        "not-in removes existence filter"
      ],
      "nativeSkips": 4
    },
    {
      "coverageFilter": "(?:^\\(Persistence=memory_lru_gc\\) Server Timestamps(?= |$))",
      "effectiveFilter": "(?:^\\(Persistence=memory_lru_gc\\) Server Timestamps(?= |$))",
      "exitCode": 0,
      "nativeSkipOnly": false,
      "partitionName": "server-timestamps:1:1@memory_lru_gc",
      "signal": null,
      "completedTests": 10,
      "failedTests": 0,
      "nativeSkipNames": [],
      "nativeSkips": 0
    },
    {
      "coverageFilter": "(?:^\\(Persistence=indexeddb\\) Server Timestamps(?= |$))",
      "effectiveFilter": "(?:^\\(Persistence=indexeddb\\) Server Timestamps(?= |$))",
      "exitCode": 0,
      "nativeSkipOnly": false,
      "partitionName": "server-timestamps:1:1@indexeddb",
      "signal": null,
      "completedTests": 10,
      "failedTests": 0,
      "nativeSkipNames": [],
      "nativeSkips": 0
    },
    {
      "coverageFilter": "(?:^\\(Persistence=memory_lru_gc\\) Smoke Test(?= |$))",
      "effectiveFilter": "(?:^\\(Persistence=memory_lru_gc\\) Smoke Test(?= |$))",
      "exitCode": 0,
      "nativeSkipOnly": false,
      "partitionName": "smoke:1:1@memory_lru_gc",
      "signal": null,
      "completedTests": 6,
      "failedTests": 0,
      "nativeSkipNames": [
        "can query by field and use order by"
      ],
      "nativeSkips": 1
    },
    {
      "coverageFilter": "(?:^\\(Persistence=indexeddb\\) Smoke Test(?= |$))",
      "effectiveFilter": "(?:^\\(Persistence=indexeddb\\) Smoke Test(?= |$))",
      "exitCode": 0,
      "nativeSkipOnly": false,
      "partitionName": "smoke:1:1@indexeddb",
      "signal": null,
      "completedTests": 6,
      "failedTests": 0,
      "nativeSkipNames": [
        "can query by field and use order by"
      ],
      "nativeSkips": 1
    },
    {
      "coverageFilter": "(?:^\\(Persistence=memory_lru_gc\\) Database transactions(?= |$))",
      "effectiveFilter": "(?:^\\(Persistence=memory_lru_gc\\) Database transactions(?= |$))",
      "exitCode": 0,
      "nativeSkipOnly": false,
      "partitionName": "transactions:1:1@memory_lru_gc",
      "signal": null,
      "completedTests": 26,
      "failedTests": 0,
      "nativeSkipNames": [],
      "nativeSkips": 0
    },
    {
      "coverageFilter": "(?:^\\(Persistence=indexeddb\\) Database transactions(?= |$))",
      "effectiveFilter": "(?:^\\(Persistence=indexeddb\\) Database transactions(?= |$))",
      "exitCode": 0,
      "nativeSkipOnly": false,
      "partitionName": "transactions:1:1@indexeddb",
      "signal": null,
      "completedTests": 26,
      "failedTests": 0,
      "nativeSkipNames": [],
      "nativeSkips": 0
    },
    {
      "coverageFilter": "(?:^\\(Persistence=memory_lru_gc\\) Firestore(?= |$))",
      "effectiveFilter": "(?:^\\(Persistence=memory_lru_gc\\) Firestore(?= |$))",
      "exitCode": 0,
      "nativeSkipOnly": false,
      "partitionName": "types:1:1@memory_lru_gc",
      "signal": null,
      "completedTests": 9,
      "failedTests": 0,
      "nativeSkipNames": [],
      "nativeSkips": 0
    },
    {
      "coverageFilter": "(?:^\\(Persistence=indexeddb\\) Firestore(?= |$))",
      "effectiveFilter": "(?:^\\(Persistence=indexeddb\\) Firestore(?= |$))",
      "exitCode": 0,
      "nativeSkipOnly": false,
      "partitionName": "types:1:1@indexeddb",
      "signal": null,
      "completedTests": 9,
      "failedTests": 0,
      "nativeSkipNames": [],
      "nativeSkips": 0
    },
    {
      "coverageFilter": "(?:^\\(Persistence=memory_lru_gc\\) Validation:(?= |$))",
      "effectiveFilter": "(?:^\\(Persistence=memory_lru_gc\\) Validation:(?= |$))",
      "exitCode": 0,
      "nativeSkipOnly": false,
      "partitionName": "validation:1:1@memory_lru_gc",
      "signal": null,
      "completedTests": 53,
      "failedTests": 0,
      "nativeSkipNames": [],
      "nativeSkips": 0
    },
    {
      "coverageFilter": "(?:^\\(Persistence=indexeddb\\) Validation:(?= |$))",
      "effectiveFilter": "(?:^\\(Persistence=indexeddb\\) Validation:(?= |$))",
      "exitCode": 0,
      "nativeSkipOnly": false,
      "partitionName": "validation:1:1@indexeddb",
      "signal": null,
      "completedTests": 53,
      "failedTests": 0,
      "nativeSkipNames": [],
      "nativeSkips": 0
    }
  ],
  "projectId": "test-emulator",
  "schemaVersion": 1,
  "sdkBuildCommand": "yarn --cwd packages/firestore build:deps && yarn --cwd integration/firestore build:persistence",
  "sdkConfigCommand": "cp config/ci.config.json config/project.json",
  "sourcePackage": "integration/firestore"
}
