npm notice run fireside-conformance@0.0.1 test:webchannel:firebase-js-sdk
npm notice run node --import tsx src/webchannel/run-firebase-js-sdk.ts --sdk-dir /private/tmp/fireside-phase2-oracles.EJXGdU/firebase-js-sdk --client-persistence memory --output /Users/sanjevirau/Desktop/fireside/reports/phase-4-metrics/full-gate-20260902T0502+0800-b53f3796/evidence/phase3-regression/evidence/phase2-regression/evidence/.firebase-js-sdk-memory-memory.json
yarn run v1.22.22
(node:65437) [DEP0169] DeprecationWarning: `url.parse()` behavior is not standardized and prone to errors that have security implications. Use the WHATWG URL API instead. CVEs are not issued for `url.parse()` vulnerabilities.
(Use `node --trace-deprecation ...` to show where the warning was created)
$ lerna run build --scope @firebase/firestore --include-dependencies
lerna notice cli v10.0.0
lerna info versioning independent
lerna notice filter including "@firebase/firestore"
lerna notice filter including dependencies
lerna info filter [ '@firebase/firestore' ]
lerna info run Using the "include-dependencies" option when Nx targets are configured will include both task dependencies detected by Nx and project dependencies detected by Lerna. See https://lerna.js.org/docs/lerna6-obsolete-options#--include-dependencies for details.

 Lerna (powered by Nx)   Running target build for 8 projects:

- @firebase/firestore
- @firebase/app
- @firebase/app-compat
- @firebase/auth
- @firebase/component
- @firebase/logger
- @firebase/util
- @firebase/webchannel-wrapper



> @firebase/logger:build

(node:65463) Warning: The 'NO_COLOR' env is ignored due to the 'FORCE_COLOR' env being set.
(Use `node --trace-warnings ...` to show where the warning was created)
(node:65476) Warning: The 'NO_COLOR' env is ignored due to the 'FORCE_COLOR' env being set.
(Use `node --trace-warnings ...` to show where the warning was created)
(node:65476) [DEP0169] DeprecationWarning: `url.parse()` behavior is not standardized and prone to errors that have security implications. Use the WHATWG URL API instead. CVEs are not issued for `url.parse()` vulnerabilities.
[2K[1G[2m$ rollup -c[22m

index.ts → dist/esm/index.esm.js...
(node:65483) [MODULE_TYPELESS_PACKAGE_JSON] Warning: Module type of file:///private/tmp/fireside-phase2-oracles.EJXGdU/firebase-js-sdk/packages/logger/rollup.config.js is not specified and it doesn't parse as CommonJS.
Reparsing as ES module because module syntax was detected. This incurs a performance overhead.
To eliminate this warning, add "type": "module" to /private/tmp/fireside-phase2-oracles.EJXGdU/firebase-js-sdk/packages/logger/package.json.
(Use `node --trace-warnings ...` to show where the warning was created)
(node:65483) [MODULE_TYPELESS_PACKAGE_JSON] Warning: Module type of file:///private/tmp/fireside-phase2-oracles.EJXGdU/firebase-js-sdk/scripts/build/rollup_emit_module_package_file.js is not specified and it doesn't parse as CommonJS.
Reparsing as ES module because module syntax was detected. This incurs a performance overhead.
To eliminate this warning, add "type": "module" to /private/tmp/fireside-phase2-oracles.EJXGdU/firebase-js-sdk/package.json.
(node:65483) Warning: The 'NO_COLOR' env is ignored due to the 'FORCE_COLOR' env being set.
created dist/esm/index.esm.js in 515ms

index.ts → dist/index.cjs.js...
created dist/index.cjs.js in 89ms

> @firebase/webchannel-wrapper:build

(node:65464) Warning: The 'NO_COLOR' env is ignored due to the 'FORCE_COLOR' env being set.
(Use `node --trace-warnings ...` to show where the warning was created)
(node:65474) Warning: The 'NO_COLOR' env is ignored due to the 'FORCE_COLOR' env being set.
(Use `node --trace-warnings ...` to show where the warning was created)
(node:65474) [DEP0169] DeprecationWarning: `url.parse()` behavior is not standardized and prone to errors that have security implications. Use the WHATWG URL API instead. CVEs are not issued for `url.parse()` vulnerabilities.
[2K[1G[2m$ rollup -c[22m

../../node_modules/closure-net/firebase/webchannel_blob_es2018.js → ./dist/webchannel-blob/esm/webchannel_blob_es2018.js...
(node:65485) [MODULE_TYPELESS_PACKAGE_JSON] Warning: Module type of file:///private/tmp/fireside-phase2-oracles.EJXGdU/firebase-js-sdk/packages/webchannel-wrapper/rollup.config.js is not specified and it doesn't parse as CommonJS.
Reparsing as ES module because module syntax was detected. This incurs a performance overhead.
To eliminate this warning, add "type": "module" to /private/tmp/fireside-phase2-oracles.EJXGdU/firebase-js-sdk/packages/webchannel-wrapper/package.json.
(Use `node --trace-warnings ...` to show where the warning was created)
(node:65485) [MODULE_TYPELESS_PACKAGE_JSON] Warning: Module type of file:///private/tmp/fireside-phase2-oracles.EJXGdU/firebase-js-sdk/scripts/build/rollup_emit_module_package_file.js is not specified and it doesn't parse as CommonJS.
Reparsing as ES module because module syntax was detected. This incurs a performance overhead.
To eliminate this warning, add "type": "module" to /private/tmp/fireside-phase2-oracles.EJXGdU/firebase-js-sdk/package.json.
(node:65485) Warning: The 'NO_COLOR' env is ignored due to the 'FORCE_COLOR' env being set.
created ./dist/webchannel-blob/esm/webchannel_blob_es2018.js in 527ms

../../node_modules/closure-net/firebase/bloom_blob_es2018.js → ./dist/bloom-blob/esm/bloom_blob_es2018.js...
created ./dist/bloom-blob/esm/bloom_blob_es2018.js in 56ms

> @firebase/util:build

(node:65462) Warning: The 'NO_COLOR' env is ignored due to the 'FORCE_COLOR' env being set.
(Use `node --trace-warnings ...` to show where the warning was created)
(node:65475) Warning: The 'NO_COLOR' env is ignored due to the 'FORCE_COLOR' env being set.
(Use `node --trace-warnings ...` to show where the warning was created)
(node:65475) [DEP0169] DeprecationWarning: `url.parse()` behavior is not standardized and prone to errors that have security implications. Use the WHATWG URL API instead. CVEs are not issued for `url.parse()` vulnerabilities.
[2K[1G[2m$ rollup -c && yarn api-report[22m

index.ts → dist/index.esm.js...
(node:65487) [MODULE_TYPELESS_PACKAGE_JSON] Warning: Module type of file:///private/tmp/fireside-phase2-oracles.EJXGdU/firebase-js-sdk/packages/util/rollup.config.js is not specified and it doesn't parse as CommonJS.
Reparsing as ES module because module syntax was detected. This incurs a performance overhead.
To eliminate this warning, add "type": "module" to /private/tmp/fireside-phase2-oracles.EJXGdU/firebase-js-sdk/packages/util/package.json.
(Use `node --trace-warnings ...` to show where the warning was created)
(node:65487) [MODULE_TYPELESS_PACKAGE_JSON] Warning: Module type of file:///private/tmp/fireside-phase2-oracles.EJXGdU/firebase-js-sdk/scripts/build/rollup_emit_module_package_file.js is not specified and it doesn't parse as CommonJS.
Reparsing as ES module because module syntax was detected. This incurs a performance overhead.
To eliminate this warning, add "type": "module" to /private/tmp/fireside-phase2-oracles.EJXGdU/firebase-js-sdk/package.json.
(node:65487) Warning: The 'NO_COLOR' env is ignored due to the 'FORCE_COLOR' env being set.
created dist/index.esm.js in 655ms

index.ts → ./dist/index.cjs.js...
created ./dist/index.cjs.js in 117ms

index.node.ts → dist/index.node.cjs.js...
created dist/index.node.cjs.js in 94ms

index.node.ts → ./dist/node-esm/index.node.esm.js...
created ./dist/node-esm/index.node.esm.js in 84ms

./src/postinstall.ts → ./dist/postinstall.js...
created ./dist/postinstall.js in 33ms

./src/postinstall.ts → ./dist/postinstall.mjs...
created ./dist/postinstall.mjs in 31ms
(node:65502) Warning: The 'NO_COLOR' env is ignored due to the 'FORCE_COLOR' env being set.
(Use `node --trace-warnings ...` to show where the warning was created)
(node:65502) [DEP0169] DeprecationWarning: `url.parse()` behavior is not standardized and prone to errors that have security implications. Use the WHATWG URL API instead. CVEs are not issued for `url.parse()` vulnerabilities.
[2K[1G[2m$ api-extractor run --local --verbose[22m

[1mapi-extractor 0.1.2 [36m - https://api-extractor.com/[39m[22m
[1m[22m
Using configuration from ./api-extractor.json
Analysis will use the bundled TypeScript version 4.1.6
*** The target project appears to use TypeScript 5.5.4 which is newer than the bundled compiler engine; consider upgrading API Extractor.
[36mWriting: /private/tmp/fireside-phase2-oracles.EJXGdU/firebase-js-sdk/packages/util/temp/util.api.json[39m
[36mThe API report is up to date: temp/util.api.md[39m
[36mWriting package typings: /private/tmp/fireside-phase2-oracles.EJXGdU/firebase-js-sdk/packages/util/dist/util-public.d.ts[39m
[36mWriting package typings: /private/tmp/fireside-phase2-oracles.EJXGdU/firebase-js-sdk/packages/util/dist/util.d.ts[39m

API Extractor completed successfully
(node:65504) Warning: The 'NO_COLOR' env is ignored due to the 'FORCE_COLOR' env being set.
(Use `node --trace-warnings ...` to show where the warning was created)

> @firebase/component:build

(node:65513) Warning: The 'NO_COLOR' env is ignored due to the 'FORCE_COLOR' env being set.
(Use `node --trace-warnings ...` to show where the warning was created)
(node:65524) Warning: The 'NO_COLOR' env is ignored due to the 'FORCE_COLOR' env being set.
(Use `node --trace-warnings ...` to show where the warning was created)
(node:65524) [DEP0169] DeprecationWarning: `url.parse()` behavior is not standardized and prone to errors that have security implications. Use the WHATWG URL API instead. CVEs are not issued for `url.parse()` vulnerabilities.
[2K[1G[2m$ rollup -c[22m

index.ts → dist/esm/index.esm.js...
(node:65526) [MODULE_TYPELESS_PACKAGE_JSON] Warning: Module type of file:///private/tmp/fireside-phase2-oracles.EJXGdU/firebase-js-sdk/packages/component/rollup.config.js is not specified and it doesn't parse as CommonJS.
Reparsing as ES module because module syntax was detected. This incurs a performance overhead.
To eliminate this warning, add "type": "module" to /private/tmp/fireside-phase2-oracles.EJXGdU/firebase-js-sdk/packages/component/package.json.
(Use `node --trace-warnings ...` to show where the warning was created)
(node:65526) [MODULE_TYPELESS_PACKAGE_JSON] Warning: Module type of file:///private/tmp/fireside-phase2-oracles.EJXGdU/firebase-js-sdk/scripts/build/rollup_emit_module_package_file.js is not specified and it doesn't parse as CommonJS.
Reparsing as ES module because module syntax was detected. This incurs a performance overhead.
To eliminate this warning, add "type": "module" to /private/tmp/fireside-phase2-oracles.EJXGdU/firebase-js-sdk/package.json.
(node:65526) Warning: The 'NO_COLOR' env is ignored due to the 'FORCE_COLOR' env being set.
created dist/esm/index.esm.js in 430ms

index.ts → dist/index.cjs.js...
created dist/index.cjs.js in 50ms

> @firebase/app:build

(node:65533) Warning: The 'NO_COLOR' env is ignored due to the 'FORCE_COLOR' env being set.
(Use `node --trace-warnings ...` to show where the warning was created)
(node:65535) Warning: The 'NO_COLOR' env is ignored due to the 'FORCE_COLOR' env being set.
(Use `node --trace-warnings ...` to show where the warning was created)
(node:65535) [DEP0169] DeprecationWarning: `url.parse()` behavior is not standardized and prone to errors that have security implications. Use the WHATWG URL API instead. CVEs are not issued for `url.parse()` vulnerabilities.
[2K[1G[2m$ rollup -c && yarn api-report[22m

src/index.ts → dist/esm/index.esm.js...
(node:65538) [MODULE_TYPELESS_PACKAGE_JSON] Warning: Module type of file:///private/tmp/fireside-phase2-oracles.EJXGdU/firebase-js-sdk/packages/app/rollup.config.js is not specified and it doesn't parse as CommonJS.
Reparsing as ES module because module syntax was detected. This incurs a performance overhead.
To eliminate this warning, add "type": "module" to /private/tmp/fireside-phase2-oracles.EJXGdU/firebase-js-sdk/packages/app/package.json.
(Use `node --trace-warnings ...` to show where the warning was created)
(node:65538) [MODULE_TYPELESS_PACKAGE_JSON] Warning: Module type of file:///private/tmp/fireside-phase2-oracles.EJXGdU/firebase-js-sdk/scripts/build/rollup_replace_build_target.js is not specified and it doesn't parse as CommonJS.
Reparsing as ES module because module syntax was detected. This incurs a performance overhead.
To eliminate this warning, add "type": "module" to /private/tmp/fireside-phase2-oracles.EJXGdU/firebase-js-sdk/package.json.
(node:65538) Warning: The 'NO_COLOR' env is ignored due to the 'FORCE_COLOR' env being set.
(!) Circular dependency
src/api.ts -> src/firebaseServerApp.ts -> src/api.ts
created dist/esm/index.esm.js in 532ms

src/index.ts → dist/index.cjs.js...
(!) Circular dependency
src/api.ts -> src/firebaseServerApp.ts -> src/api.ts
created dist/index.cjs.js in 121ms

./dist/app/src/index.d.ts → ./dist/app/src/global_index.d.ts...
created ./dist/app/src/global_index.d.ts in 34ms
(node:65549) Warning: The 'NO_COLOR' env is ignored due to the 'FORCE_COLOR' env being set.
(Use `node --trace-warnings ...` to show where the warning was created)
(node:65549) [DEP0169] DeprecationWarning: `url.parse()` behavior is not standardized and prone to errors that have security implications. Use the WHATWG URL API instead. CVEs are not issued for `url.parse()` vulnerabilities.
[2K[1G[2m$ api-extractor run --local --verbose[22m

[1mapi-extractor 0.1.2 [36m - https://api-extractor.com/[39m[22m
[1m[22m
Using configuration from ./api-extractor.json
Analysis will use the bundled TypeScript version 4.1.6
*** The target project appears to use TypeScript 5.5.4 which is newer than the bundled compiler engine; consider upgrading API Extractor.
[36mFound metadata in /private/tmp/fireside-phase2-oracles.EJXGdU/firebase-js-sdk/packages/util/dist/tsdoc-metadata.json[39m
[36mWriting: /private/tmp/fireside-phase2-oracles.EJXGdU/firebase-js-sdk/packages/app/temp/app.api.json[39m
[36mThe API report is up to date: temp/app.api.md[39m
[36mWriting package typings: /private/tmp/fireside-phase2-oracles.EJXGdU/firebase-js-sdk/packages/app/dist/app-public.d.ts[39m
[36mWriting package typings: /private/tmp/fireside-phase2-oracles.EJXGdU/firebase-js-sdk/packages/app/dist/app.d.ts[39m

API Extractor completed successfully
(node:65550) Warning: The 'NO_COLOR' env is ignored due to the 'FORCE_COLOR' env being set.
(Use `node --trace-warnings ...` to show where the warning was created)

> @firebase/app-compat:build

(node:65553) Warning: The 'NO_COLOR' env is ignored due to the 'FORCE_COLOR' env being set.
(Use `node --trace-warnings ...` to show where the warning was created)
(node:65558) Warning: The 'NO_COLOR' env is ignored due to the 'FORCE_COLOR' env being set.
(Use `node --trace-warnings ...` to show where the warning was created)
(node:65558) [DEP0169] DeprecationWarning: `url.parse()` behavior is not standardized and prone to errors that have security implications. Use the WHATWG URL API instead. CVEs are not issued for `url.parse()` vulnerabilities.
[2K[1G[2m$ rollup -c && yarn api-report[22m

src/index.ts → dist/esm/index.esm.js...
(node:65562) [MODULE_TYPELESS_PACKAGE_JSON] Warning: Module type of file:///private/tmp/fireside-phase2-oracles.EJXGdU/firebase-js-sdk/packages/app-compat/rollup.config.js is not specified and it doesn't parse as CommonJS.
Reparsing as ES module because module syntax was detected. This incurs a performance overhead.
To eliminate this warning, add "type": "module" to /private/tmp/fireside-phase2-oracles.EJXGdU/firebase-js-sdk/packages/app-compat/package.json.
(Use `node --trace-warnings ...` to show where the warning was created)
(node:65562) [MODULE_TYPELESS_PACKAGE_JSON] Warning: Module type of file:///private/tmp/fireside-phase2-oracles.EJXGdU/firebase-js-sdk/scripts/build/rollup_emit_module_package_file.js is not specified and it doesn't parse as CommonJS.
Reparsing as ES module because module syntax was detected. This incurs a performance overhead.
To eliminate this warning, add "type": "module" to /private/tmp/fireside-phase2-oracles.EJXGdU/firebase-js-sdk/package.json.
(node:65562) Warning: The 'NO_COLOR' env is ignored due to the 'FORCE_COLOR' env being set.
created dist/esm/index.esm.js in 490ms

src/index.lite.ts → dist/index.lite.js...
created dist/index.lite.js in 64ms

src/index.ts → dist/index.cjs.js...
created dist/index.cjs.js in 60ms
(node:65592) Warning: The 'NO_COLOR' env is ignored due to the 'FORCE_COLOR' env being set.
(Use `node --trace-warnings ...` to show where the warning was created)
(node:65592) [DEP0169] DeprecationWarning: `url.parse()` behavior is not standardized and prone to errors that have security implications. Use the WHATWG URL API instead. CVEs are not issued for `url.parse()` vulnerabilities.
[2K[1G[2m$ api-extractor run --local --verbose[22m

[1mapi-extractor 0.1.2 [36m - https://api-extractor.com/[39m[22m
[1m[22m
Using configuration from ./api-extractor.json
Analysis will use the bundled TypeScript version 4.1.6
*** The target project appears to use TypeScript 5.5.4 which is newer than the bundled compiler engine; consider upgrading API Extractor.
[36mFound metadata in /private/tmp/fireside-phase2-oracles.EJXGdU/firebase-js-sdk/packages/util/dist/tsdoc-metadata.json[39m
[36mWriting: /private/tmp/fireside-phase2-oracles.EJXGdU/firebase-js-sdk/packages/app-compat/temp/app-compat.api.json[39m
[36mWriting package typings: /private/tmp/fireside-phase2-oracles.EJXGdU/firebase-js-sdk/packages/app-compat/dist/app-compat-public.d.ts[39m
[36mWriting package typings: /private/tmp/fireside-phase2-oracles.EJXGdU/firebase-js-sdk/packages/app-compat/dist/app-compat.d.ts[39m
[33mWarning: dist/src/index.d.ts:23:15 - (ae-missing-release-tag) "firebase" is exported by the package, but it is missing a release tag (@alpha, @beta, @public, or @internal)[39m
[33mWarning: dist/src/public-types.d.ts:46:1 - (ae-forgotten-export) The symbol "_FirebaseApp" needs to be exported by the entry point index.d.ts[39m
[33mWarning: dist/src/public-types.d.ts:46:1 - (ae-missing-release-tag) "FirebaseApp" is exported by the package, but it is missing a release tag (@alpha, @beta, @public, or @internal)[39m
[33mWarning: dist/src/public-types.d.ts:48:1 - (ae-missing-release-tag) "FirebaseNamespace" is exported by the package, but it is missing a release tag (@alpha, @beta, @public, or @internal)[39m
[33mWarning: dist/src/public-types.d.ts:52:8 - (tsdoc-param-tag-missing-hyphen) The @param block should be followed by a parameter name and then a hyphen[39m
[33mWarning: dist/src/public-types.d.ts:53:8 - (tsdoc-param-tag-missing-hyphen) The @param block should be followed by a parameter name and then a hyphen[39m
[33mWarning: dist/src/public-types.d.ts:55:5 - (ae-forgotten-export) The symbol "FirebaseOptions" needs to be exported by the entry point index.d.ts[39m
[33mWarning: dist/src/public-types.d.ts:55:5 - (ae-forgotten-export) The symbol "FirebaseAppConfig" needs to be exported by the entry point index.d.ts[39m
[33mWarning: dist/src/public-types.d.ts:59:8 - (tsdoc-param-tag-missing-hyphen) The @param block should be followed by a parameter name and then a hyphen[39m
[33mWarning: dist/src/public-types.d.ts:60:8 - (tsdoc-param-tag-missing-hyphen) The @param block should be followed by a parameter name and then a hyphen[39m
[33mWarning: dist/src/public-types.d.ts:70:12 - (tsdoc-param-tag-missing-hyphen) The @param block should be followed by a parameter name and then a hyphen[39m
[33mWarning: dist/src/public-types.d.ts:79:9 - (ae-forgotten-export) The symbol "FirebaseAppConstructor" needs to be exported by the entry point index.d.ts[39m
[33mWarning: dist/src/public-types.d.ts:87:8 - (tsdoc-param-tag-missing-hyphen) The @param block should be followed by a parameter name and then a hyphen[39m
[33mWarning: dist/src/public-types.d.ts:88:8 - (tsdoc-param-tag-missing-hyphen) The @param block should be followed by a parameter name and then a hyphen[39m
[33mWarning: dist/src/types.d.ts:31:1 - (ae-missing-release-tag) "_FirebaseService" is exported by the package, but it is missing a release tag (@alpha, @beta, @public, or @internal)[39m
[33mWarning: dist/src/types.d.ts:33:5 - (ae-forgotten-export) The symbol "FirebaseServiceInternals" needs to be exported by the entry point index.d.ts[39m
[33mWarning: dist/src/types.d.ts:47:1 - (ae-missing-release-tag) "_FirebaseNamespace" is exported by the package, but it is missing a release tag (@alpha, @beta, @public, or @internal)[39m
[33mWarning: dist/src/types.d.ts:56:12 - (tsdoc-param-tag-missing-hyphen) The @param block should be followed by a parameter name and then a hyphen[39m
[33mWarning: dist/src/types.d.ts:57:12 - (tsdoc-param-tag-missing-hyphen) The @param block should be followed by a parameter name and then a hyphen[39m
[33mWarning: dist/src/types.d.ts:58:12 - (tsdoc-param-tag-missing-hyphen) The @param block should be followed by a parameter name and then a hyphen[39m
[33mWarning: dist/src/types.d.ts:59:12 - (tsdoc-param-tag-missing-hyphen) The @param block should be followed by a parameter name and then a hyphen[39m
[33mWarning: dist/src/types.d.ts:60:12 - (tsdoc-param-tag-missing-hyphen) The @param block should be followed by a parameter name and then a hyphen[39m
[33mWarning: dist/src/types.d.ts:63:9 - (ae-forgotten-export) The symbol "FirebaseServiceNamespace" needs to be exported by the entry point index.d.ts[39m
[33mWarning: /private/tmp/fireside-phase2-oracles.EJXGdU/firebase-js-sdk/packages/util/dist/src/compat.d.ts:2:4 - (tsdoc-undefined-tag) The TSDoc tag "@license" is not defined in this configuration[39m

API Extractor completed successfully
(node:65598) Warning: The 'NO_COLOR' env is ignored due to the 'FORCE_COLOR' env being set.
(Use `node --trace-warnings ...` to show where the warning was created)

> @firebase/auth:build

(node:65554) Warning: The 'NO_COLOR' env is ignored due to the 'FORCE_COLOR' env being set.
(Use `node --trace-warnings ...` to show where the warning was created)
(node:65559) Warning: The 'NO_COLOR' env is ignored due to the 'FORCE_COLOR' env being set.
(Use `node --trace-warnings ...` to show where the warning was created)
(node:65559) [DEP0169] DeprecationWarning: `url.parse()` behavior is not standardized and prone to errors that have security implications. Use the WHATWG URL API instead. CVEs are not issued for `url.parse()` vulnerabilities.
[2K[1G[2m$ rollup -c && yarn api-report[22m

index.ts, internal/index.ts → dist/esm...
(node:65563) [MODULE_TYPELESS_PACKAGE_JSON] Warning: Module type of file:///private/tmp/fireside-phase2-oracles.EJXGdU/firebase-js-sdk/packages/auth/rollup.config.js is not specified and it doesn't parse as CommonJS.
Reparsing as ES module because module syntax was detected. This incurs a performance overhead.
To eliminate this warning, add "type": "module" to /private/tmp/fireside-phase2-oracles.EJXGdU/firebase-js-sdk/packages/auth/package.json.
(Use `node --trace-warnings ...` to show where the warning was created)
(node:65563) [MODULE_TYPELESS_PACKAGE_JSON] Warning: Module type of file:///private/tmp/fireside-phase2-oracles.EJXGdU/firebase-js-sdk/scripts/build/rollup_replace_build_target.js is not specified and it doesn't parse as CommonJS.
Reparsing as ES module because module syntax was detected. This incurs a performance overhead.
To eliminate this warning, add "type": "module" to /private/tmp/fireside-phase2-oracles.EJXGdU/firebase-js-sdk/package.json.
(node:65563) Warning: The 'NO_COLOR' env is ignored due to the 'FORCE_COLOR' env being set.
created dist/esm in 1.2s

index.ts, internal/index.ts → dist/browser-cjs...
created dist/browser-cjs in 485ms

index.web-extension.ts, internal/index.ts → dist/web-extension-esm...
created dist/web-extension-esm in 449ms

index.web-extension.ts, internal/index.ts → dist/web-extension-cjs...
created dist/web-extension-cjs in 431ms

index.node.ts, internal/index.ts → dist/node...
created dist/node in 501ms

index.node.ts, internal/index.ts → dist/node-esm...
created dist/node-esm in 506ms

index.cordova.ts, internal/index.ts → dist/cordova...
created dist/cordova in 381ms

index.rn.ts, internal/index.ts → dist/rn...
created dist/rn in 368ms

index.webworker.ts → dist/index.webworker.js...
created dist/index.webworker.js in 1s
(node:65622) Warning: The 'NO_COLOR' env is ignored due to the 'FORCE_COLOR' env being set.
(Use `node --trace-warnings ...` to show where the warning was created)
(node:65622) [DEP0169] DeprecationWarning: `url.parse()` behavior is not standardized and prone to errors that have security implications. Use the WHATWG URL API instead. CVEs are not issued for `url.parse()` vulnerabilities.
[2K[1G[2m$ api-extractor run --local --verbose --config ./api-extractor.json && api-extractor run --local --verbose --config ./web-extension/api-extractor.json && api-extractor run --local --verbose --config ./cordova/api-extractor.json[22m

[1mapi-extractor 0.1.2 [36m - https://api-extractor.com/[39m[22m
[1m[22m
Analysis will use the bundled TypeScript version 4.1.6
*** The target project appears to use TypeScript 5.5.4 which is newer than the bundled compiler engine; consider upgrading API Extractor.
[36mFound metadata in /private/tmp/fireside-phase2-oracles.EJXGdU/firebase-js-sdk/packages/util/dist/tsdoc-metadata.json[39m
[36mFound metadata in /private/tmp/fireside-phase2-oracles.EJXGdU/firebase-js-sdk/packages/app/dist/app/src/tsdoc-metadata.json[39m
[36mWriting: /private/tmp/fireside-phase2-oracles.EJXGdU/firebase-js-sdk/packages/auth/temp/auth.api.json[39m
[36mThe API report is up to date: temp/auth.api.md[39m
[36mWriting package typings: /private/tmp/fireside-phase2-oracles.EJXGdU/firebase-js-sdk/packages/auth/dist/auth-public.d.ts[39m
[36mWriting package typings: /private/tmp/fireside-phase2-oracles.EJXGdU/firebase-js-sdk/packages/auth/dist/auth.d.ts[39m
[33mWarning: dist/esm/src/core/index.d.ts:90:4 - (tsdoc-param-tag-missing-hyphen) The @param block should be followed by a parameter name and then a hyphen[39m
[33mWarning: dist/esm/src/core/index.d.ts:91:4 - (tsdoc-param-tag-missing-hyphen) The @param block should be followed by a parameter name and then a hyphen[39m
[33mWarning: dist/esm/src/core/index.d.ts:123:1 - (ae-missing-release-tag) "beforeAuthStateChanged" is exported by the package, but it is missing a release tag (@alpha, @beta, @public, or @internal)[39m
[33mWarning: dist/esm/src/mfa/assertions/totp.d.ts:33:8 - (tsdoc-param-tag-missing-hyphen) The @param block should be followed by a parameter name and then a hyphen[39m
[33mWarning: dist/esm/src/mfa/assertions/totp.d.ts:34:8 - (tsdoc-param-tag-missing-hyphen) The @param block should be followed by a parameter name and then a hyphen[39m
[33mWarning: dist/esm/src/mfa/assertions/totp.d.ts:43:8 - (tsdoc-param-tag-missing-hyphen) The @param block should be followed by a parameter name and then a hyphen[39m
[33mWarning: dist/esm/src/mfa/assertions/totp.d.ts:44:8 - (tsdoc-param-tag-missing-hyphen) The @param block should be followed by a parameter name and then a hyphen[39m
[33mWarning: dist/esm/src/mfa/assertions/totp.d.ts:55:8 - (tsdoc-param-tag-missing-hyphen) The @param block should be followed by a parameter name and then a hyphen[39m
[33mWarning: dist/esm/src/mfa/assertions/totp.d.ts:119:8 - (tsdoc-param-tag-missing-hyphen) The @param block should be followed by a parameter name and then a hyphen[39m
[33mWarning: dist/esm/src/mfa/assertions/totp.d.ts:120:8 - (tsdoc-param-tag-missing-hyphen) The @param block should be followed by a parameter name and then a hyphen[39m
[33mWarning: dist/esm/src/model/password_policy.d.ts:36:8 - (tsdoc-param-tag-missing-hyphen) The @param block should be followed by a parameter name and then a hyphen[39m
[33mWarning: dist/esm/src/model/public_types.d.ts:1172:1 - (ae-unresolved-link) The @link reference could not be resolved: The package "@firebase/auth" does not have an export "cordovaPopupRedirectResolver"[39m
[33mWarning: dist/esm/src/model/public_types.d.ts:1189:5 - (ae-unresolved-link) The @link reference could not be resolved: The package "@firebase/auth" does not have an export "cordovaPopupRedirectResolver"[39m
[33mWarning: /private/tmp/fireside-phase2-oracles.EJXGdU/firebase-js-sdk/packages/util/dist/src/subscribe.d.ts:2:4 - (tsdoc-undefined-tag) The TSDoc tag "@license" is not defined in this configuration[39m

API Extractor completed successfully
(node:65624) Warning: The 'NO_COLOR' env is ignored due to the 'FORCE_COLOR' env being set.
(Use `node --trace-warnings ...` to show where the warning was created)

[1mapi-extractor 0.1.2 [36m - https://api-extractor.com/[39m[22m
[1m[22m
Analysis will use the bundled TypeScript version 4.1.6
*** The target project appears to use TypeScript 5.5.4 which is newer than the bundled compiler engine; consider upgrading API Extractor.
[36mFound metadata in /private/tmp/fireside-phase2-oracles.EJXGdU/firebase-js-sdk/packages/util/dist/tsdoc-metadata.json[39m
[36mFound metadata in /private/tmp/fireside-phase2-oracles.EJXGdU/firebase-js-sdk/packages/app/dist/app/src/tsdoc-metadata.json[39m
[36mWriting: /private/tmp/fireside-phase2-oracles.EJXGdU/firebase-js-sdk/packages/auth/temp/subpackages/auth-web-extension.api.json[39m
[36mWriting package typings: /private/tmp/fireside-phase2-oracles.EJXGdU/firebase-js-sdk/packages/auth/dist/web-extension-esm/auth-web-extension-public.d.ts[39m
[36mWriting package typings: /private/tmp/fireside-phase2-oracles.EJXGdU/firebase-js-sdk/packages/auth/dist/web-extension-esm/auth-web-extension.d.ts[39m
[33mWarning: /private/tmp/fireside-phase2-oracles.EJXGdU/firebase-js-sdk/packages/auth/dist/web-extension-esm/src/core/action_code_url.d.ts:44:5 - (ae-unresolved-link) The @link reference could not be resolved: The package "@firebase/auth-web-extension" does not have an export "ActionCodeInfo"[39m
[33mWarning: /private/tmp/fireside-phase2-oracles.EJXGdU/firebase-js-sdk/packages/auth/dist/web-extension-esm/src/core/auth/emulator.d.ts:40:1 - (ae-unresolved-link) The @link reference could not be resolved: The package "@firebase/auth-web-extension" does not have an export "Auth"[39m
[33mWarning: /private/tmp/fireside-phase2-oracles.EJXGdU/firebase-js-sdk/packages/auth/dist/web-extension-esm/src/core/auth/emulator.d.ts:40:1 - (ae-unresolved-link) The @link reference could not be resolved: The package "@firebase/auth-web-extension" does not have an export "Auth"[39m
[33mWarning: /private/tmp/fireside-phase2-oracles.EJXGdU/firebase-js-sdk/packages/auth/dist/web-extension-esm/src/core/auth/initialize.d.ts:45:1 - (ae-forgotten-export) The symbol "Dependencies" needs to be exported by the entry point index.web-extension.d.ts[39m
[33mWarning: /private/tmp/fireside-phase2-oracles.EJXGdU/firebase-js-sdk/packages/auth/dist/web-extension-esm/src/core/auth/initialize.d.ts:45:1 - (ae-unresolved-link) The @link reference could not be resolved: The package "@firebase/auth-web-extension" does not have an export "Auth"[39m
[33mWarning: /private/tmp/fireside-phase2-oracles.EJXGdU/firebase-js-sdk/packages/auth/dist/web-extension-esm/src/core/auth/initialize.d.ts:45:1 - (ae-unresolved-link) The @link reference could not be resolved: The package "@firebase/auth-web-extension" does not have an export "Dependencies"[39m
[33mWarning: /private/tmp/fireside-phase2-oracles.EJXGdU/firebase-js-sdk/packages/auth/dist/web-extension-esm/src/core/auth/initialize.d.ts:45:1 - (ae-unresolved-link) The @link reference could not be resolved: The package "@firebase/auth-web-extension" does not have an export "Auth"[39m
[33mWarning: /private/tmp/fireside-phase2-oracles.EJXGdU/firebase-js-sdk/packages/auth/dist/web-extension-esm/src/core/auth/initialize.d.ts:45:1 - (ae-unresolved-link) The @link reference could not be resolved: The package "@firebase/auth-web-extension" does not have an export "Dependencies"[39m
[33mWarning: /private/tmp/fireside-phase2-oracles.EJXGdU/firebase-js-sdk/packages/auth/dist/web-extension-esm/src/core/credentials/auth_credential.d.ts:28:1 - (ae-unresolved-link) The @link reference could not be resolved: The package "@firebase/auth-web-extension" does not have an export "AuthProvider"[39m
[33mWarning: /private/tmp/fireside-phase2-oracles.EJXGdU/firebase-js-sdk/packages/auth/dist/web-extension-esm/src/core/credentials/auth_credential.d.ts:44:5 - (ae-unresolved-link) The @link reference could not be resolved: The package "@firebase/auth-web-extension" does not have an export "SignInMethod"[39m
[33mWarning: /private/tmp/fireside-phase2-oracles.EJXGdU/firebase-js-sdk/packages/auth/dist/web-extension-esm/src/core/credentials/auth_credential.d.ts:44:5 - (ae-unresolved-link) The @link reference could not be resolved: The package "@firebase/auth-web-extension" does not have an export "SignInMethod"[39m
[33mWarning: /private/tmp/fireside-phase2-oracles.EJXGdU/firebase-js-sdk/packages/auth/dist/web-extension-esm/src/core/credentials/auth_credential.d.ts:70:5 - (ae-forgotten-export) The symbol "AuthInternal" needs to be exported by the entry point index.web-extension.d.ts[39m
[33mWarning: /private/tmp/fireside-phase2-oracles.EJXGdU/firebase-js-sdk/packages/auth/dist/web-extension-esm/src/core/credentials/auth_credential.d.ts:70:5 - (ae-forgotten-export) The symbol "PhoneOrOauthTokenResponse" needs to be exported by the entry point index.web-extension.d.ts[39m
[33mWarning: /private/tmp/fireside-phase2-oracles.EJXGdU/firebase-js-sdk/packages/auth/dist/web-extension-esm/src/core/credentials/auth_credential.d.ts:72:5 - (ae-forgotten-export) The symbol "IdTokenResponse" needs to be exported by the entry point index.web-extension.d.ts[39m
[33mWarning: /private/tmp/fireside-phase2-oracles.EJXGdU/firebase-js-sdk/packages/auth/dist/web-extension-esm/src/core/credentials/email.d.ts:30:1 - (ae-unresolved-link) The @link reference could not be resolved: The package "@firebase/auth-web-extension" does not have an export "ProviderId"[39m
[33mWarning: /private/tmp/fireside-phase2-oracles.EJXGdU/firebase-js-sdk/packages/auth/dist/web-extension-esm/src/core/credentials/email.d.ts:30:1 - (ae-unresolved-link) The @link reference could not be resolved: The package "@firebase/auth-web-extension" does not have an export "SignInMethod"[39m
[33mWarning: /private/tmp/fireside-phase2-oracles.EJXGdU/firebase-js-sdk/packages/auth/dist/web-extension-esm/src/core/credentials/email.d.ts:30:1 - (ae-unresolved-link) The @link reference could not be resolved: The package "@firebase/auth-web-extension" does not have an export "SignInMethod"[39m
[33mWarning: /private/tmp/fireside-phase2-oracles.EJXGdU/firebase-js-sdk/packages/auth/dist/web-extension-esm/src/core/credentials/oauth.d.ts:61:5 - (ae-forgotten-export) The symbol "OAuthCredentialParams" needs to be exported by the entry point index.web-extension.d.ts[39m
[33mWarning: /private/tmp/fireside-phase2-oracles.EJXGdU/firebase-js-sdk/packages/auth/dist/web-extension-esm/src/core/credentials/phone.d.ts:33:1 - (ae-unresolved-link) The @link reference could not be resolved: The package "@firebase/auth-web-extension" does not have an export "PhoneAuthProvider"[39m
[33mWarning: /private/tmp/fireside-phase2-oracles.EJXGdU/firebase-js-sdk/packages/auth/dist/web-extension-esm/src/core/credentials/phone.d.ts:47:5 - (ae-forgotten-export) The symbol "SignInWithPhoneNumberRequest" needs to be exported by the entry point index.web-extension.d.ts[39m
[33mWarning: /private/tmp/fireside-phase2-oracles.EJXGdU/firebase-js-sdk/packages/auth/dist/web-extension-esm/src/core/errors.d.ts:147:22 - (ae-forgotten-export) The symbol "AuthErrorMap" needs to be exported by the entry point index.web-extension.d.ts[39m
[33mWarning: /private/tmp/fireside-phase2-oracles.EJXGdU/firebase-js-sdk/packages/auth/dist/web-extension-esm/src/core/errors.d.ts:147:22 - (ae-unresolved-link) The @link reference could not be resolved: The package "@firebase/auth-web-extension" does not have an export "AuthErrorMap"[39m
[33mWarning: /private/tmp/fireside-phase2-oracles.EJXGdU/firebase-js-sdk/packages/auth/dist/web-extension-esm/src/core/errors.d.ts:155:22 - (ae-unresolved-link) The @link reference could not be resolved: The package "@firebase/auth-web-extension" does not have an export "AuthErrorMap"[39m
[33mWarning: /private/tmp/fireside-phase2-oracles.EJXGdU/firebase-js-sdk/packages/auth/dist/web-extension-esm/src/core/index.d.ts:43:1 - (ae-unresolved-link) The @link reference could not be resolved: The package "@firebase/auth-web-extension" does not have an export "Auth"[39m
[33mWarning: /private/tmp/fireside-phase2-oracles.EJXGdU/firebase-js-sdk/packages/auth/dist/web-extension-esm/src/core/index.d.ts:43:1 - (ae-unresolved-link) The @link reference could not be resolved: The package "@firebase/auth-web-extension" does not have an export "Auth"[39m
[33mWarning: /private/tmp/fireside-phase2-oracles.EJXGdU/firebase-js-sdk/packages/auth/dist/web-extension-esm/src/core/index.d.ts:43:1 - (ae-unresolved-link) The @link reference could not be resolved: The package "@firebase/auth-web-extension" does not have an export "Auth"[39m
[33mWarning: /private/tmp/fireside-phase2-oracles.EJXGdU/firebase-js-sdk/packages/auth/dist/web-extension-esm/src/core/index.d.ts:43:1 - (ae-unresolved-link) The @link reference could not be resolved: The package "@firebase/auth-web-extension" does not have an export "Persistence"[39m
[33mWarning: /private/tmp/fireside-phase2-oracles.EJXGdU/firebase-js-sdk/packages/auth/dist/web-extension-esm/src/core/index.d.ts:71:1 - (ae-unresolved-link) The @link reference could not be resolved: The package "@firebase/auth-web-extension" does not have an export "Auth"[39m
[33mWarning: /private/tmp/fireside-phase2-oracles.EJXGdU/firebase-js-sdk/packages/auth/dist/web-extension-esm/src/core/index.d.ts:90:4 - (tsdoc-param-tag-missing-hyphen) The @param block should be followed by a parameter name and then a hyphen[39m
[33mWarning: /private/tmp/fireside-phase2-oracles.EJXGdU/firebase-js-sdk/packages/auth/dist/web-extension-esm/src/core/index.d.ts:91:4 - (tsdoc-param-tag-missing-hyphen) The @param block should be followed by a parameter name and then a hyphen[39m
[33mWarning: /private/tmp/fireside-phase2-oracles.EJXGdU/firebase-js-sdk/packages/auth/dist/web-extension-esm/src/core/index.d.ts:95:1 - (ae-forgotten-export) The symbol "PasswordValidationStatus" needs to be exported by the entry point index.web-extension.d.ts[39m
[33mWarning: /private/tmp/fireside-phase2-oracles.EJXGdU/firebase-js-sdk/packages/auth/dist/web-extension-esm/src/core/index.d.ts:95:1 - (ae-unresolved-link) The @link reference could not be resolved: The package "@firebase/auth-web-extension" does not have an export "Auth"[39m
[33mWarning: /private/tmp/fireside-phase2-oracles.EJXGdU/firebase-js-sdk/packages/auth/dist/web-extension-esm/src/core/index.d.ts:112:1 - (ae-unresolved-link) The @link reference could not be resolved: The package "@firebase/auth-web-extension" does not have an export "User"[39m
[33mWarning: /private/tmp/fireside-phase2-oracles.EJXGdU/firebase-js-sdk/packages/auth/dist/web-extension-esm/src/core/index.d.ts:112:1 - (ae-unresolved-link) The @link reference could not be resolved: The package "@firebase/auth-web-extension" does not have an export "Auth"[39m
[33mWarning: /private/tmp/fireside-phase2-oracles.EJXGdU/firebase-js-sdk/packages/auth/dist/web-extension-esm/src/core/index.d.ts:123:1 - (ae-forgotten-export) The symbol "User" needs to be exported by the entry point index.web-extension.d.ts[39m
[33mWarning: /private/tmp/fireside-phase2-oracles.EJXGdU/firebase-js-sdk/packages/auth/dist/web-extension-esm/src/core/index.d.ts:123:1 - (ae-missing-release-tag) "beforeAuthStateChanged" is exported by the package, but it is missing a release tag (@alpha, @beta, @public, or @internal)[39m
[33mWarning: /private/tmp/fireside-phase2-oracles.EJXGdU/firebase-js-sdk/packages/auth/dist/web-extension-esm/src/core/index.d.ts:123:1 - (ae-unresolved-link) The @link reference could not be resolved: The package "@firebase/auth-web-extension" does not have an export "Auth"[39m
[33mWarning: /private/tmp/fireside-phase2-oracles.EJXGdU/firebase-js-sdk/packages/auth/dist/web-extension-esm/src/core/index.d.ts:139:1 - (ae-forgotten-export) The symbol "NextOrObserver" needs to be exported by the entry point index.web-extension.d.ts[39m
[33mWarning: /private/tmp/fireside-phase2-oracles.EJXGdU/firebase-js-sdk/packages/auth/dist/web-extension-esm/src/core/index.d.ts:139:1 - (ae-unresolved-link) The @link reference could not be resolved: The package "@firebase/auth-web-extension" does not have an export "Auth"[39m
[33mWarning: /private/tmp/fireside-phase2-oracles.EJXGdU/firebase-js-sdk/packages/auth/dist/web-extension-esm/src/core/index.d.ts:147:1 - (ae-unresolved-link) The @link reference could not be resolved: The package "@firebase/auth-web-extension" does not have an export "Auth"[39m
[33mWarning: /private/tmp/fireside-phase2-oracles.EJXGdU/firebase-js-sdk/packages/auth/dist/web-extension-esm/src/core/index.d.ts:169:1 - (ae-unresolved-link) The @link reference could not be resolved: The package "@firebase/auth-web-extension" does not have an export "Auth"[39m
[33mWarning: /private/tmp/fireside-phase2-oracles.EJXGdU/firebase-js-sdk/packages/auth/dist/web-extension-esm/src/core/index.d.ts:169:1 - (ae-unresolved-link) The @link reference could not be resolved: The package "@firebase/auth-web-extension" does not have an export "Auth"[39m
[33mWarning: /private/tmp/fireside-phase2-oracles.EJXGdU/firebase-js-sdk/packages/auth/dist/web-extension-esm/src/core/index.d.ts:169:1 - (ae-unresolved-link) The @link reference could not be resolved: The package "@firebase/auth-web-extension" does not have an export "Auth"[39m
[33mWarning: /private/tmp/fireside-phase2-oracles.EJXGdU/firebase-js-sdk/packages/auth/dist/web-extension-esm/src/core/index.d.ts:169:1 - (ae-unresolved-link) The @link reference could not be resolved: The package "@firebase/auth-web-extension" does not have an export "Auth"[39m
[33mWarning: /private/tmp/fireside-phase2-oracles.EJXGdU/firebase-js-sdk/packages/auth/dist/web-extension-esm/src/core/index.d.ts:169:1 - (ae-unresolved-link) The @link reference could not be resolved: The package "@firebase/auth-web-extension" does not have an export "User"[39m
[33mWarning: /private/tmp/fireside-phase2-oracles.EJXGdU/firebase-js-sdk/packages/auth/dist/web-extension-esm/src/core/index.d.ts:181:1 - (ae-unresolved-link) The @link reference could not be resolved: The package "@firebase/auth-web-extension" does not have an export "Auth"[39m
[33mWarning: /private/tmp/fireside-phase2-oracles.EJXGdU/firebase-js-sdk/packages/auth/dist/web-extension-esm/src/core/index.d.ts:181:1 - (ae-unresolved-link) The @link reference could not be resolved: The package "@firebase/auth-web-extension" does not have an export "Auth"[39m
[33mWarning: /private/tmp/fireside-phase2-oracles.EJXGdU/firebase-js-sdk/packages/auth/dist/web-extension-esm/src/core/index.d.ts:190:1 - (ae-unresolved-link) The @link reference could not be resolved: The package "@firebase/auth-web-extension" does not have an export "Auth"[39m
[33mWarning: /private/tmp/fireside-phase2-oracles.EJXGdU/firebase-js-sdk/packages/auth/dist/web-extension-esm/src/core/persistence/in_memory.d.ts:35:22 - (ae-unresolved-link) The @link reference could not be resolved: The package "@firebase/auth-web-extension" does not have an export "Persistence"[39m
[33mWarning: /private/tmp/fireside-phase2-oracles.EJXGdU/firebase-js-sdk/packages/auth/dist/web-extension-esm/src/core/providers/email.d.ts:24:1 - (ae-forgotten-export) The symbol "AuthProvider" needs to be exported by the entry point index.web-extension.d.ts[39m
[33mWarning: /private/tmp/fireside-phase2-oracles.EJXGdU/firebase-js-sdk/packages/auth/dist/web-extension-esm/src/core/providers/email.d.ts:28:5 - (ae-unresolved-link) The @link reference could not be resolved: The package "@firebase/auth-web-extension" does not have an export "ProviderId"[39m
[33mWarning: /private/tmp/fireside-phase2-oracles.EJXGdU/firebase-js-sdk/packages/auth/dist/web-extension-esm/src/core/providers/email.d.ts:32:5 - (ae-unresolved-link) The @link reference could not be resolved: The package "@firebase/auth-web-extension" does not have an export "SignInMethod"[39m
[33mWarning: /private/tmp/fireside-phase2-oracles.EJXGdU/firebase-js-sdk/packages/auth/dist/web-extension-esm/src/core/providers/email.d.ts:36:5 - (ae-unresolved-link) The @link reference could not be resolved: The package "@firebase/auth-web-extension" does not have an export "SignInMethod"[39m
[33mWarning: /private/tmp/fireside-phase2-oracles.EJXGdU/firebase-js-sdk/packages/auth/dist/web-extension-esm/src/core/providers/email.d.ts:40:5 - (ae-unresolved-link) The @link reference could not be resolved: The package "@firebase/auth-web-extension" does not have an export "ProviderId"[39m
[33mWarning: /private/tmp/fireside-phase2-oracles.EJXGdU/firebase-js-sdk/packages/auth/dist/web-extension-esm/src/core/providers/email.d.ts:82:5 - (ae-unresolved-link) The @link reference could not be resolved: The package "@firebase/auth-web-extension" does not have an export "Auth"[39m
[33mWarning: /private/tmp/fireside-phase2-oracles.EJXGdU/firebase-js-sdk/packages/auth/dist/web-extension-esm/src/core/providers/facebook.d.ts:60:1 - (ae-forgotten-export) The symbol "BaseOAuthProvider" needs to be exported by the entry point index.web-extension.d.ts[39m
[33mWarning: /private/tmp/fireside-phase2-oracles.EJXGdU/firebase-js-sdk/packages/auth/dist/web-extension-esm/src/core/providers/facebook.d.ts:60:1 - (ae-unresolved-link) The @link reference could not be resolved: The package "@firebase/auth-web-extension" does not have an export "ProviderId"[39m
[33mWarning: /private/tmp/fireside-phase2-oracles.EJXGdU/firebase-js-sdk/packages/auth/dist/web-extension-esm/src/core/providers/facebook.d.ts:62:5 - (ae-unresolved-link) The @link reference could not be resolved: The package "@firebase/auth-web-extension" does not have an export "SignInMethod"[39m
[33mWarning: /private/tmp/fireside-phase2-oracles.EJXGdU/firebase-js-sdk/packages/auth/dist/web-extension-esm/src/core/providers/facebook.d.ts:64:5 - (ae-unresolved-link) The @link reference could not be resolved: The package "@firebase/auth-web-extension" does not have an export "ProviderId"[39m
[33mWarning: /private/tmp/fireside-phase2-oracles.EJXGdU/firebase-js-sdk/packages/auth/dist/web-extension-esm/src/core/providers/facebook.d.ts:84:5 - (ae-unresolved-link) The @link reference could not be resolved: The package "@firebase/auth-web-extension" does not have an export "UserCredential"[39m
[33mWarning: /private/tmp/fireside-phase2-oracles.EJXGdU/firebase-js-sdk/packages/auth/dist/web-extension-esm/src/core/providers/facebook.d.ts:91:5 - (ae-unresolved-link) The @link reference could not be resolved: The package "@firebase/auth-web-extension" does not have an export "AuthError"[39m
[33mWarning: /private/tmp/fireside-phase2-oracles.EJXGdU/firebase-js-sdk/packages/auth/dist/web-extension-esm/src/core/providers/github.d.ts:63:1 - (ae-unresolved-link) The @link reference could not be resolved: The package "@firebase/auth-web-extension" does not have an export "ProviderId"[39m
[33mWarning: /private/tmp/fireside-phase2-oracles.EJXGdU/firebase-js-sdk/packages/auth/dist/web-extension-esm/src/core/providers/github.d.ts:63:1 - (ae-unresolved-link) The @link reference could not be resolved: The package "@firebase/auth-web-extension" does not have an export "signInWithPopup"[39m
[33mWarning: /private/tmp/fireside-phase2-oracles.EJXGdU/firebase-js-sdk/packages/auth/dist/web-extension-esm/src/core/providers/github.d.ts:65:5 - (ae-unresolved-link) The @link reference could not be resolved: The package "@firebase/auth-web-extension" does not have an export "SignInMethod"[39m
[33mWarning: /private/tmp/fireside-phase2-oracles.EJXGdU/firebase-js-sdk/packages/auth/dist/web-extension-esm/src/core/providers/github.d.ts:67:5 - (ae-unresolved-link) The @link reference could not be resolved: The package "@firebase/auth-web-extension" does not have an export "ProviderId"[39m
[33mWarning: /private/tmp/fireside-phase2-oracles.EJXGdU/firebase-js-sdk/packages/auth/dist/web-extension-esm/src/core/providers/github.d.ts:80:5 - (ae-unresolved-link) The @link reference could not be resolved: The package "@firebase/auth-web-extension" does not have an export "UserCredential"[39m
[33mWarning: /private/tmp/fireside-phase2-oracles.EJXGdU/firebase-js-sdk/packages/auth/dist/web-extension-esm/src/core/providers/github.d.ts:87:5 - (ae-unresolved-link) The @link reference could not be resolved: The package "@firebase/auth-web-extension" does not have an export "AuthError"[39m
[33mWarning: /private/tmp/fireside-phase2-oracles.EJXGdU/firebase-js-sdk/packages/auth/dist/web-extension-esm/src/core/providers/google.d.ts:62:1 - (ae-unresolved-link) The @link reference could not be resolved: The package "@firebase/auth-web-extension" does not have an export "ProviderId"[39m
[33mWarning: /private/tmp/fireside-phase2-oracles.EJXGdU/firebase-js-sdk/packages/auth/dist/web-extension-esm/src/core/providers/google.d.ts:64:5 - (ae-unresolved-link) The @link reference could not be resolved: The package "@firebase/auth-web-extension" does not have an export "SignInMethod"[39m
[33mWarning: /private/tmp/fireside-phase2-oracles.EJXGdU/firebase-js-sdk/packages/auth/dist/web-extension-esm/src/core/providers/google.d.ts:66:5 - (ae-unresolved-link) The @link reference could not be resolved: The package "@firebase/auth-web-extension" does not have an export "ProviderId"[39m
[33mWarning: /private/tmp/fireside-phase2-oracles.EJXGdU/firebase-js-sdk/packages/auth/dist/web-extension-esm/src/core/providers/google.d.ts:87:5 - (ae-unresolved-link) The @link reference could not be resolved: The package "@firebase/auth-web-extension" does not have an export "UserCredential"[39m
[33mWarning: /private/tmp/fireside-phase2-oracles.EJXGdU/firebase-js-sdk/packages/auth/dist/web-extension-esm/src/core/providers/google.d.ts:94:5 - (ae-unresolved-link) The @link reference could not be resolved: The package "@firebase/auth-web-extension" does not have an export "AuthError"[39m
[33mWarning: /private/tmp/fireside-phase2-oracles.EJXGdU/firebase-js-sdk/packages/auth/dist/web-extension-esm/src/core/providers/oauth.d.ts:142:5 - (ae-unresolved-link) The @link reference could not be resolved: The package "@firebase/auth-web-extension" does not have an export "UserCredential"[39m
[33mWarning: /private/tmp/fireside-phase2-oracles.EJXGdU/firebase-js-sdk/packages/auth/dist/web-extension-esm/src/core/providers/oauth.d.ts:149:5 - (ae-unresolved-link) The @link reference could not be resolved: The package "@firebase/auth-web-extension" does not have an export "AuthError"[39m
[33mWarning: /private/tmp/fireside-phase2-oracles.EJXGdU/firebase-js-sdk/packages/auth/dist/web-extension-esm/src/core/providers/saml.d.ts:26:1 - (ae-forgotten-export) The symbol "FederatedAuthProvider" needs to be exported by the entry point index.web-extension.d.ts[39m
[33mWarning: /private/tmp/fireside-phase2-oracles.EJXGdU/firebase-js-sdk/packages/auth/dist/web-extension-esm/src/core/providers/saml.d.ts:26:1 - (ae-unresolved-link) The @link reference could not be resolved: The package "@firebase/auth-web-extension" does not have an export "AuthProvider"[39m
[33mWarning: /private/tmp/fireside-phase2-oracles.EJXGdU/firebase-js-sdk/packages/auth/dist/web-extension-esm/src/core/providers/saml.d.ts:48:5 - (ae-unresolved-link) The @link reference could not be resolved: The package "@firebase/auth-web-extension" does not have an export "UserCredential"[39m
[33mWarning: /private/tmp/fireside-phase2-oracles.EJXGdU/firebase-js-sdk/packages/auth/dist/web-extension-esm/src/core/providers/saml.d.ts:55:5 - (ae-unresolved-link) The @link reference could not be resolved: The package "@firebase/auth-web-extension" does not have an export "AuthError"[39m
[33mWarning: /private/tmp/fireside-phase2-oracles.EJXGdU/firebase-js-sdk/packages/auth/dist/web-extension-esm/src/core/providers/twitter.d.ts:76:1 - (ae-unresolved-link) The @link reference could not be resolved: The package "@firebase/auth-web-extension" does not have an export "ProviderId"[39m
[33mWarning: /private/tmp/fireside-phase2-oracles.EJXGdU/firebase-js-sdk/packages/auth/dist/web-extension-esm/src/core/providers/twitter.d.ts:78:5 - (ae-unresolved-link) The @link reference could not be resolved: The package "@firebase/auth-web-extension" does not have an export "SignInMethod"[39m
[33mWarning: /private/tmp/fireside-phase2-oracles.EJXGdU/firebase-js-sdk/packages/auth/dist/web-extension-esm/src/core/providers/twitter.d.ts:80:5 - (ae-unresolved-link) The @link reference could not be resolved: The package "@firebase/auth-web-extension" does not have an export "ProviderId"[39m
[33mWarning: /private/tmp/fireside-phase2-oracles.EJXGdU/firebase-js-sdk/packages/auth/dist/web-extension-esm/src/core/providers/twitter.d.ts:94:5 - (ae-unresolved-link) The @link reference could not be resolved: The package "@firebase/auth-web-extension" does not have an export "UserCredential"[39m
[33mWarning: /private/tmp/fireside-phase2-oracles.EJXGdU/firebase-js-sdk/packages/auth/dist/web-extension-esm/src/core/providers/twitter.d.ts:101:5 - (ae-unresolved-link) The @link reference could not be resolved: The package "@firebase/auth-web-extension" does not have an export "AuthError"[39m
[33mWarning: /private/tmp/fireside-phase2-oracles.EJXGdU/firebase-js-sdk/packages/auth/dist/web-extension-esm/src/core/strategies/anonymous.d.ts:32:1 - (ae-unresolved-link) The @link reference could not be resolved: The package "@firebase/auth-web-extension" does not have an export "Auth"[39m
[33mWarning: /private/tmp/fireside-phase2-oracles.EJXGdU/firebase-js-sdk/packages/auth/dist/web-extension-esm/src/core/strategies/anonymous.d.ts:32:1 - (ae-unresolved-link) The @link reference could not be resolved: The package "@firebase/auth-web-extension" does not have an export "Auth"[39m
[33mWarning: /private/tmp/fireside-phase2-oracles.EJXGdU/firebase-js-sdk/packages/auth/dist/web-extension-esm/src/core/strategies/credential.d.ts:35:1 - (ae-unresolved-link) The @link reference could not be resolved: The package "@firebase/auth-web-extension" does not have an export "AuthProvider"[39m
[33mWarning: /private/tmp/fireside-phase2-oracles.EJXGdU/firebase-js-sdk/packages/auth/dist/web-extension-esm/src/core/strategies/credential.d.ts:35:1 - (ae-unresolved-link) The @link reference could not be resolved: The package "@firebase/auth-web-extension" does not have an export "Auth"[39m
[33mWarning: /private/tmp/fireside-phase2-oracles.EJXGdU/firebase-js-sdk/packages/auth/dist/web-extension-esm/src/core/strategies/credential.d.ts:35:1 - (ae-unresolved-link) The @link reference could not be resolved: The package "@firebase/auth-web-extension" does not have an export "Auth"[39m
[33mWarning: /private/tmp/fireside-phase2-oracles.EJXGdU/firebase-js-sdk/packages/auth/dist/web-extension-esm/src/core/strategies/credential.d.ts:47:1 - (ae-unresolved-link) The @link reference could not be resolved: The package "@firebase/auth-web-extension" does not have an export "AuthProvider"[39m
[33mWarning: /private/tmp/fireside-phase2-oracles.EJXGdU/firebase-js-sdk/packages/auth/dist/web-extension-esm/src/core/strategies/credential.d.ts:64:1 - (ae-unresolved-link) The @link reference could not be resolved: The package "@firebase/auth-web-extension" does not have an export "User"[39m
[33mWarning: /private/tmp/fireside-phase2-oracles.EJXGdU/firebase-js-sdk/packages/auth/dist/web-extension-esm/src/core/strategies/credential.d.ts:64:1 - (ae-unresolved-link) The @link reference could not be resolved: The package "@firebase/auth-web-extension" does not have an export "Auth"[39m
[33mWarning: /private/tmp/fireside-phase2-oracles.EJXGdU/firebase-js-sdk/packages/auth/dist/web-extension-esm/src/core/strategies/custom_token.d.ts:37:1 - (ae-unresolved-link) The @link reference could not be resolved: The package "@firebase/auth-web-extension" does not have an export "Auth"[39m
[33mWarning: /private/tmp/fireside-phase2-oracles.EJXGdU/firebase-js-sdk/packages/auth/dist/web-extension-esm/src/core/strategies/custom_token.d.ts:37:1 - (ae-unresolved-link) The @link reference could not be resolved: The package "@firebase/auth-web-extension" does not have an export "Auth"[39m
[33mWarning: /private/tmp/fireside-phase2-oracles.EJXGdU/firebase-js-sdk/packages/auth/dist/web-extension-esm/src/core/strategies/email.d.ts:38:1 - (ae-unresolved-link) The @link reference could not be resolved: The package "@firebase/auth-web-extension" does not have an export "SignInMethod"[39m
[33mWarning: /private/tmp/fireside-phase2-oracles.EJXGdU/firebase-js-sdk/packages/auth/dist/web-extension-esm/src/core/strategies/email.d.ts:38:1 - (ae-unresolved-link) The @link reference could not be resolved: The package "@firebase/auth-web-extension" does not have an export "SignInMethod"[39m
[33mWarning: /private/tmp/fireside-phase2-oracles.EJXGdU/firebase-js-sdk/packages/auth/dist/web-extension-esm/src/core/strategies/email.d.ts:38:1 - (ae-unresolved-link) The @link reference could not be resolved: The package "@firebase/auth-web-extension" does not have an export "Auth"[39m
[33mWarning: /private/tmp/fireside-phase2-oracles.EJXGdU/firebase-js-sdk/packages/auth/dist/web-extension-esm/src/core/strategies/email.d.ts:69:1 - (ae-forgotten-export) The symbol "ActionCodeSettings" needs to be exported by the entry point index.web-extension.d.ts[39m
[33mWarning: /private/tmp/fireside-phase2-oracles.EJXGdU/firebase-js-sdk/packages/auth/dist/web-extension-esm/src/core/strategies/email.d.ts:69:1 - (ae-unresolved-link) The @link reference could not be resolved: The package "@firebase/auth-web-extension" does not have an export "ActionCodeSettings"[39m
[33mWarning: /private/tmp/fireside-phase2-oracles.EJXGdU/firebase-js-sdk/packages/auth/dist/web-extension-esm/src/core/strategies/email.d.ts:104:1 - (ae-unresolved-link) The @link reference could not be resolved: The package "@firebase/auth-web-extension" does not have an export "ActionCodeSettings"[39m
[33mWarning: /private/tmp/fireside-phase2-oracles.EJXGdU/firebase-js-sdk/packages/auth/dist/web-extension-esm/src/core/strategies/email_and_password.d.ts:53:1 - (ae-unresolved-link) The @link reference could not be resolved: The package "@firebase/auth-web-extension" does not have an export "Auth"[39m
[33mWarning: /private/tmp/fireside-phase2-oracles.EJXGdU/firebase-js-sdk/packages/auth/dist/web-extension-esm/src/core/strategies/email_and_password.d.ts:53:1 - (ae-unresolved-link) The @link reference could not be resolved: The package "@firebase/auth-web-extension" does not have an export "ActionCodeSettings"[39m
[33mWarning: /private/tmp/fireside-phase2-oracles.EJXGdU/firebase-js-sdk/packages/auth/dist/web-extension-esm/src/core/strategies/email_and_password.d.ts:63:1 - (ae-unresolved-link) The @link reference could not be resolved: The package "@firebase/auth-web-extension" does not have an export "Auth"[39m
[33mWarning: /private/tmp/fireside-phase2-oracles.EJXGdU/firebase-js-sdk/packages/auth/dist/web-extension-esm/src/core/strategies/email_and_password.d.ts:72:1 - (ae-forgotten-export) The symbol "Auth" needs to be exported by the entry point index.web-extension.d.ts[39m
[33mWarning: /private/tmp/fireside-phase2-oracles.EJXGdU/firebase-js-sdk/packages/auth/dist/web-extension-esm/src/core/strategies/email_and_password.d.ts:72:1 - (ae-unresolved-link) The @link reference could not be resolved: The package "@firebase/auth-web-extension" does not have an export "Auth"[39m
[33mWarning: /private/tmp/fireside-phase2-oracles.EJXGdU/firebase-js-sdk/packages/auth/dist/web-extension-esm/src/core/strategies/email_and_password.d.ts:83:1 - (ae-forgotten-export) The symbol "ActionCodeInfo" needs to be exported by the entry point index.web-extension.d.ts[39m
[33mWarning: /private/tmp/fireside-phase2-oracles.EJXGdU/firebase-js-sdk/packages/auth/dist/web-extension-esm/src/core/strategies/email_and_password.d.ts:83:1 - (ae-unresolved-link) The @link reference could not be resolved: The package "@firebase/auth-web-extension" does not have an export "Auth"[39m
[33mWarning: /private/tmp/fireside-phase2-oracles.EJXGdU/firebase-js-sdk/packages/auth/dist/web-extension-esm/src/core/strategies/email_and_password.d.ts:94:1 - (ae-unresolved-link) The @link reference could not be resolved: The package "@firebase/auth-web-extension" does not have an export "Auth"[39m
[33mWarning: /private/tmp/fireside-phase2-oracles.EJXGdU/firebase-js-sdk/packages/auth/dist/web-extension-esm/src/core/strategies/email_and_password.d.ts:115:1 - (ae-forgotten-export) The symbol "UserCredential" needs to be exported by the entry point index.web-extension.d.ts[39m
[33mWarning: /private/tmp/fireside-phase2-oracles.EJXGdU/firebase-js-sdk/packages/auth/dist/web-extension-esm/src/core/strategies/email_and_password.d.ts:115:1 - (ae-unresolved-link) The @link reference could not be resolved: The package "@firebase/auth-web-extension" does not have an export "Auth"[39m
[33mWarning: /private/tmp/fireside-phase2-oracles.EJXGdU/firebase-js-sdk/packages/auth/dist/web-extension-esm/src/core/strategies/email_and_password.d.ts:115:1 - (ae-unresolved-link) The @link reference could not be resolved: The package "@firebase/auth-web-extension" does not have an export "Auth"[39m
[33mWarning: /private/tmp/fireside-phase2-oracles.EJXGdU/firebase-js-sdk/packages/auth/dist/web-extension-esm/src/core/strategies/email_and_password.d.ts:139:1 - (ae-unresolved-link) The @link reference could not be resolved: The package "@firebase/auth-web-extension" does not have an export "Auth"[39m
[33mWarning: /private/tmp/fireside-phase2-oracles.EJXGdU/firebase-js-sdk/packages/auth/dist/web-extension-esm/src/core/strategies/email_and_password.d.ts:139:1 - (ae-unresolved-link) The @link reference could not be resolved: The package "@firebase/auth-web-extension" does not have an export "Auth"[39m
[33mWarning: /private/tmp/fireside-phase2-oracles.EJXGdU/firebase-js-sdk/packages/auth/dist/web-extension-esm/src/core/strategies/email_link.d.ts:56:1 - (ae-unresolved-link) The @link reference could not be resolved: The package "@firebase/auth-web-extension" does not have an export "Auth"[39m
[33mWarning: /private/tmp/fireside-phase2-oracles.EJXGdU/firebase-js-sdk/packages/auth/dist/web-extension-esm/src/core/strategies/email_link.d.ts:56:1 - (ae-unresolved-link) The @link reference could not be resolved: The package "@firebase/auth-web-extension" does not have an export "ActionCodeSettings"[39m
[33mWarning: /private/tmp/fireside-phase2-oracles.EJXGdU/firebase-js-sdk/packages/auth/dist/web-extension-esm/src/core/strategies/email_link.d.ts:65:1 - (ae-unresolved-link) The @link reference could not be resolved: The package "@firebase/auth-web-extension" does not have an export "Auth"[39m
[33mWarning: /private/tmp/fireside-phase2-oracles.EJXGdU/firebase-js-sdk/packages/auth/dist/web-extension-esm/src/core/strategies/email_link.d.ts:107:1 - (ae-unresolved-link) The @link reference could not be resolved: The package "@firebase/auth-web-extension" does not have an export "Auth"[39m
[33mWarning: /private/tmp/fireside-phase2-oracles.EJXGdU/firebase-js-sdk/packages/auth/dist/web-extension-esm/src/core/strategies/email_link.d.ts:107:1 - (ae-unresolved-link) The @link reference could not be resolved: The package "@firebase/auth-web-extension" does not have an export "Auth"[39m
[33mWarning: /private/tmp/fireside-phase2-oracles.EJXGdU/firebase-js-sdk/packages/auth/dist/web-extension-esm/src/core/user/account_info.d.ts:54:1 - (ae-unresolved-link) The @link reference could not be resolved: The package "@firebase/auth-web-extension" does not have an export "User"[39m
[33mWarning: /private/tmp/fireside-phase2-oracles.EJXGdU/firebase-js-sdk/packages/auth/dist/web-extension-esm/src/core/user/account_info.d.ts:54:1 - (ae-unresolved-link) The @link reference could not be resolved: The package "@firebase/auth-web-extension" does not have an export "Auth"[39m
[33mWarning: /private/tmp/fireside-phase2-oracles.EJXGdU/firebase-js-sdk/packages/auth/dist/web-extension-esm/src/core/user/additional_user_info.d.ts:31:1 - (ae-forgotten-export) The symbol "AdditionalUserInfo" needs to be exported by the entry point index.web-extension.d.ts[39m
[33mWarning: /private/tmp/fireside-phase2-oracles.EJXGdU/firebase-js-sdk/packages/auth/dist/web-extension-esm/src/core/user/additional_user_info.d.ts:31:1 - (ae-unresolved-link) The @link reference could not be resolved: The package "@firebase/auth-web-extension" does not have an export "AdditionalUserInfo"[39m
[33mWarning: /private/tmp/fireside-phase2-oracles.EJXGdU/firebase-js-sdk/packages/auth/dist/web-extension-esm/src/core/user/id_token_result.d.ts:43:1 - (ae-forgotten-export) The symbol "IdTokenResult" needs to be exported by the entry point index.web-extension.d.ts[39m
[33mWarning: /private/tmp/fireside-phase2-oracles.EJXGdU/firebase-js-sdk/packages/auth/dist/web-extension-esm/src/mfa/assertions/totp.d.ts:27:1 - (ae-unresolved-link) The @link reference could not be resolved: The package "@firebase/auth-web-extension" does not have an export "TotpMultiFactorAssertion"[39m
[33mWarning: /private/tmp/fireside-phase2-oracles.EJXGdU/firebase-js-sdk/packages/auth/dist/web-extension-esm/src/mfa/assertions/totp.d.ts:33:8 - (tsdoc-param-tag-missing-hyphen) The @param block should be followed by a parameter name and then a hyphen[39m
[33mWarning: /private/tmp/fireside-phase2-oracles.EJXGdU/firebase-js-sdk/packages/auth/dist/web-extension-esm/src/mfa/assertions/totp.d.ts:34:8 - (tsdoc-param-tag-missing-hyphen) The @param block should be followed by a parameter name and then a hyphen[39m
[33mWarning: /private/tmp/fireside-phase2-oracles.EJXGdU/firebase-js-sdk/packages/auth/dist/web-extension-esm/src/mfa/assertions/totp.d.ts:38:5 - (ae-forgotten-export) The symbol "TotpMultiFactorAssertion" needs to be exported by the entry point index.web-extension.d.ts[39m
[33mWarning: /private/tmp/fireside-phase2-oracles.EJXGdU/firebase-js-sdk/packages/auth/dist/web-extension-esm/src/mfa/assertions/totp.d.ts:38:5 - (ae-unresolved-link) The @link reference could not be resolved: The package "@firebase/auth-web-extension" does not have an export "TotpMultiFactorAssertion"[39m
[33mWarning: /private/tmp/fireside-phase2-oracles.EJXGdU/firebase-js-sdk/packages/auth/dist/web-extension-esm/src/mfa/assertions/totp.d.ts:38:5 - (ae-unresolved-link) The @link reference could not be resolved: The package "@firebase/auth-web-extension" does not have an export "TotpMultiFactorAssertion"[39m
[33mWarning: /private/tmp/fireside-phase2-oracles.EJXGdU/firebase-js-sdk/packages/auth/dist/web-extension-esm/src/mfa/assertions/totp.d.ts:38:5 - (ae-unresolved-link) The @link reference could not be resolved: The package "@firebase/auth-web-extension" does not have an export "MultiFactorUser"[39m
[33mWarning: /private/tmp/fireside-phase2-oracles.EJXGdU/firebase-js-sdk/packages/auth/dist/web-extension-esm/src/mfa/assertions/totp.d.ts:43:8 - (tsdoc-param-tag-missing-hyphen) The @param block should be followed by a parameter name and then a hyphen[39m
[33mWarning: /private/tmp/fireside-phase2-oracles.EJXGdU/firebase-js-sdk/packages/auth/dist/web-extension-esm/src/mfa/assertions/totp.d.ts:44:8 - (tsdoc-param-tag-missing-hyphen) The @param block should be followed by a parameter name and then a hyphen[39m
[33mWarning: /private/tmp/fireside-phase2-oracles.EJXGdU/firebase-js-sdk/packages/auth/dist/web-extension-esm/src/mfa/assertions/totp.d.ts:48:5 - (ae-unresolved-link) The @link reference could not be resolved: The package "@firebase/auth-web-extension" does not have an export "TotpMultiFactorAssertion"[39m
[33mWarning: /private/tmp/fireside-phase2-oracles.EJXGdU/firebase-js-sdk/packages/auth/dist/web-extension-esm/src/mfa/assertions/totp.d.ts:48:5 - (ae-unresolved-link) The @link reference could not be resolved: The package "@firebase/auth-web-extension" does not have an export "TotpMultiFactorAssertion"[39m
[33mWarning: /private/tmp/fireside-phase2-oracles.EJXGdU/firebase-js-sdk/packages/auth/dist/web-extension-esm/src/mfa/assertions/totp.d.ts:48:5 - (ae-unresolved-link) The @link reference could not be resolved: The package "@firebase/auth-web-extension" does not have an export "MultiFactorResolver"[39m
[33mWarning: /private/tmp/fireside-phase2-oracles.EJXGdU/firebase-js-sdk/packages/auth/dist/web-extension-esm/src/mfa/assertions/totp.d.ts:55:8 - (tsdoc-param-tag-missing-hyphen) The @param block should be followed by a parameter name and then a hyphen[39m
[33mWarning: /private/tmp/fireside-phase2-oracles.EJXGdU/firebase-js-sdk/packages/auth/dist/web-extension-esm/src/mfa/assertions/totp.d.ts:58:5 - (ae-forgotten-export) The symbol "MultiFactorSession" needs to be exported by the entry point index.web-extension.d.ts[39m
[33mWarning: /private/tmp/fireside-phase2-oracles.EJXGdU/firebase-js-sdk/packages/auth/dist/web-extension-esm/src/mfa/assertions/totp.d.ts:58:5 - (ae-unresolved-link) The @link reference could not be resolved: The package "@firebase/auth-web-extension" does not have an export "MultiFactorSession"[39m
[33mWarning: /private/tmp/fireside-phase2-oracles.EJXGdU/firebase-js-sdk/packages/auth/dist/web-extension-esm/src/mfa/assertions/totp.d.ts:85:1 - (ae-unresolved-link) The @link reference could not be resolved: The package "@firebase/auth-web-extension" does not have an export "TotpMultiFactorAssertion"[39m
[33mWarning: /private/tmp/fireside-phase2-oracles.EJXGdU/firebase-js-sdk/packages/auth/dist/web-extension-esm/src/mfa/assertions/totp.d.ts:110:5 - (ae-forgotten-export) The symbol "StartTotpMfaEnrollmentResponse" needs to be exported by the entry point index.web-extension.d.ts[39m
[33mWarning: /private/tmp/fireside-phase2-oracles.EJXGdU/firebase-js-sdk/packages/auth/dist/web-extension-esm/src/mfa/assertions/totp.d.ts:112:5 - (ae-forgotten-export) The symbol "TotpVerificationInfo" needs to be exported by the entry point index.web-extension.d.ts[39m
[33mWarning: /private/tmp/fireside-phase2-oracles.EJXGdU/firebase-js-sdk/packages/auth/dist/web-extension-esm/src/mfa/assertions/totp.d.ts:119:8 - (tsdoc-param-tag-missing-hyphen) The @param block should be followed by a parameter name and then a hyphen[39m
[33mWarning: /private/tmp/fireside-phase2-oracles.EJXGdU/firebase-js-sdk/packages/auth/dist/web-extension-esm/src/mfa/assertions/totp.d.ts:120:8 - (tsdoc-param-tag-missing-hyphen) The @param block should be followed by a parameter name and then a hyphen[39m
[33mWarning: /private/tmp/fireside-phase2-oracles.EJXGdU/firebase-js-sdk/packages/auth/dist/web-extension-esm/src/mfa/mfa_resolver.d.ts:41:1 - (ae-forgotten-export) The symbol "MultiFactorError" needs to be exported by the entry point index.web-extension.d.ts[39m
[33mWarning: /private/tmp/fireside-phase2-oracles.EJXGdU/firebase-js-sdk/packages/auth/dist/web-extension-esm/src/mfa/mfa_resolver.d.ts:41:1 - (ae-forgotten-export) The symbol "MultiFactorResolver" needs to be exported by the entry point index.web-extension.d.ts[39m
[33mWarning: /private/tmp/fireside-phase2-oracles.EJXGdU/firebase-js-sdk/packages/auth/dist/web-extension-esm/src/mfa/mfa_resolver.d.ts:41:1 - (ae-unresolved-link) The @link reference could not be resolved: The package "@firebase/auth-web-extension" does not have an export "MultiFactorResolver"[39m
[33mWarning: /private/tmp/fireside-phase2-oracles.EJXGdU/firebase-js-sdk/packages/auth/dist/web-extension-esm/src/mfa/mfa_resolver.d.ts:41:1 - (ae-unresolved-link) The @link reference could not be resolved: The package "@firebase/auth-web-extension" does not have an export "Auth"[39m
[33mWarning: /private/tmp/fireside-phase2-oracles.EJXGdU/firebase-js-sdk/packages/auth/dist/web-extension-esm/src/mfa/mfa_resolver.d.ts:41:1 - (ae-unresolved-link) The @link reference could not be resolved: The package "@firebase/auth-web-extension" does not have an export "MultiFactorError"[39m
[33mWarning: /private/tmp/fireside-phase2-oracles.EJXGdU/firebase-js-sdk/packages/auth/dist/web-extension-esm/src/mfa/mfa_user.d.ts:38:1 - (ae-forgotten-export) The symbol "MultiFactorUser" needs to be exported by the entry point index.web-extension.d.ts[39m
[33mWarning: /private/tmp/fireside-phase2-oracles.EJXGdU/firebase-js-sdk/packages/auth/dist/web-extension-esm/src/mfa/mfa_user.d.ts:38:1 - (ae-unresolved-link) The @link reference could not be resolved: The package "@firebase/auth-web-extension" does not have an export "MultiFactorUser"[39m
[33mWarning: /private/tmp/fireside-phase2-oracles.EJXGdU/firebase-js-sdk/packages/auth/dist/web-extension-esm/src/model/password_policy.d.ts:36:8 - (tsdoc-param-tag-missing-hyphen) The @param block should be followed by a parameter name and then a hyphen[39m
[33mWarning: /private/tmp/fireside-phase2-oracles.EJXGdU/firebase-js-sdk/packages/auth/dist/web-extension-esm/src/platform_browser/persistence/indexed_db.d.ts:33:22 - (ae-forgotten-export) The symbol "Persistence" needs to be exported by the entry point index.web-extension.d.ts[39m
[33mWarning: /private/tmp/fireside-phase2-oracles.EJXGdU/firebase-js-sdk/packages/auth/dist/web-extension-esm/src/platform_browser/persistence/indexed_db.d.ts:33:22 - (ae-unresolved-link) The @link reference could not be resolved: The package "@firebase/auth-web-extension" does not have an export "Persistence"[39m
[33mWarning: /private/tmp/fireside-phase2-oracles.EJXGdU/firebase-js-sdk/packages/util/dist/src/subscribe.d.ts:2:4 - (tsdoc-undefined-tag) The TSDoc tag "@license" is not defined in this configuration[39m

API Extractor completed successfully
(node:65633) Warning: The 'NO_COLOR' env is ignored due to the 'FORCE_COLOR' env being set.
(Use `node --trace-warnings ...` to show where the warning was created)

[1mapi-extractor 0.1.2 [36m - https://api-extractor.com/[39m[22m
[1m[22m
Analysis will use the bundled TypeScript version 4.1.6
*** The target project appears to use TypeScript 5.5.4 which is newer than the bundled compiler engine; consider upgrading API Extractor.
[36mFound metadata in /private/tmp/fireside-phase2-oracles.EJXGdU/firebase-js-sdk/packages/app/dist/app/src/tsdoc-metadata.json[39m
[36mFound metadata in /private/tmp/fireside-phase2-oracles.EJXGdU/firebase-js-sdk/packages/util/dist/tsdoc-metadata.json[39m
[36mWriting: /private/tmp/fireside-phase2-oracles.EJXGdU/firebase-js-sdk/packages/auth/temp/subpackages/auth-cordova.api.json[39m
[36mWriting package typings: /private/tmp/fireside-phase2-oracles.EJXGdU/firebase-js-sdk/packages/auth/dist/cordova/auth-cordova-public.d.ts[39m
[36mWriting package typings: /private/tmp/fireside-phase2-oracles.EJXGdU/firebase-js-sdk/packages/auth/dist/cordova/auth-cordova.d.ts[39m
[33mWarning: /private/tmp/fireside-phase2-oracles.EJXGdU/firebase-js-sdk/packages/auth/dist/cordova/index.cordova.d.ts:32:1 - (ae-missing-release-tag) "getAuth" is exported by the package, but it is missing a release tag (@alpha, @beta, @public, or @internal)[39m
[33mWarning: /private/tmp/fireside-phase2-oracles.EJXGdU/firebase-js-sdk/packages/auth/dist/cordova/src/core/credentials/auth_credential.d.ts:70:5 - (ae-forgotten-export) The symbol "AuthInternal" needs to be exported by the entry point index.cordova.d.ts[39m
[33mWarning: /private/tmp/fireside-phase2-oracles.EJXGdU/firebase-js-sdk/packages/auth/dist/cordova/src/core/credentials/auth_credential.d.ts:70:5 - (ae-forgotten-export) The symbol "PhoneOrOauthTokenResponse" needs to be exported by the entry point index.cordova.d.ts[39m
[33mWarning: /private/tmp/fireside-phase2-oracles.EJXGdU/firebase-js-sdk/packages/auth/dist/cordova/src/core/credentials/auth_credential.d.ts:72:5 - (ae-forgotten-export) The symbol "IdTokenResponse" needs to be exported by the entry point index.cordova.d.ts[39m
[33mWarning: /private/tmp/fireside-phase2-oracles.EJXGdU/firebase-js-sdk/packages/auth/dist/cordova/src/core/credentials/oauth.d.ts:61:5 - (ae-forgotten-export) The symbol "OAuthCredentialParams" needs to be exported by the entry point index.cordova.d.ts[39m
[33mWarning: /private/tmp/fireside-phase2-oracles.EJXGdU/firebase-js-sdk/packages/auth/dist/cordova/src/core/credentials/phone.d.ts:33:1 - (ae-unresolved-link) The @link reference could not be resolved: The package "@firebase/auth-cordova" does not have an export "PhoneAuthProvider"[39m
[33mWarning: /private/tmp/fireside-phase2-oracles.EJXGdU/firebase-js-sdk/packages/auth/dist/cordova/src/core/credentials/phone.d.ts:47:5 - (ae-forgotten-export) The symbol "SignInWithPhoneNumberRequest" needs to be exported by the entry point index.cordova.d.ts[39m
[33mWarning: /private/tmp/fireside-phase2-oracles.EJXGdU/firebase-js-sdk/packages/auth/dist/cordova/src/core/index.d.ts:90:4 - (tsdoc-param-tag-missing-hyphen) The @param block should be followed by a parameter name and then a hyphen[39m
[33mWarning: /private/tmp/fireside-phase2-oracles.EJXGdU/firebase-js-sdk/packages/auth/dist/cordova/src/core/index.d.ts:91:4 - (tsdoc-param-tag-missing-hyphen) The @param block should be followed by a parameter name and then a hyphen[39m
[33mWarning: /private/tmp/fireside-phase2-oracles.EJXGdU/firebase-js-sdk/packages/auth/dist/cordova/src/core/index.d.ts:123:1 - (ae-missing-release-tag) "beforeAuthStateChanged" is exported by the package, but it is missing a release tag (@alpha, @beta, @public, or @internal)[39m
[33mWarning: /private/tmp/fireside-phase2-oracles.EJXGdU/firebase-js-sdk/packages/auth/dist/cordova/src/core/providers/facebook.d.ts:60:1 - (ae-forgotten-export) The symbol "BaseOAuthProvider" needs to be exported by the entry point index.cordova.d.ts[39m
[33mWarning: /private/tmp/fireside-phase2-oracles.EJXGdU/firebase-js-sdk/packages/auth/dist/cordova/src/core/providers/github.d.ts:63:1 - (ae-unresolved-link) The @link reference could not be resolved: The package "@firebase/auth-cordova" does not have an export "signInWithPopup"[39m
[33mWarning: /private/tmp/fireside-phase2-oracles.EJXGdU/firebase-js-sdk/packages/auth/dist/cordova/src/core/providers/saml.d.ts:26:1 - (ae-forgotten-export) The symbol "FederatedAuthProvider" needs to be exported by the entry point index.cordova.d.ts[39m
[33mWarning: /private/tmp/fireside-phase2-oracles.EJXGdU/firebase-js-sdk/packages/auth/dist/cordova/src/model/password_policy.d.ts:36:8 - (tsdoc-param-tag-missing-hyphen) The @param block should be followed by a parameter name and then a hyphen[39m
[33mWarning: /private/tmp/fireside-phase2-oracles.EJXGdU/firebase-js-sdk/packages/auth/dist/cordova/src/model/public_types.d.ts:493:1 - (ae-unresolved-link) The @link reference could not be resolved: The package "@firebase/auth-cordova" does not have an export "RecaptchaVerifier"[39m
[33mWarning: /private/tmp/fireside-phase2-oracles.EJXGdU/firebase-js-sdk/packages/auth/dist/cordova/src/model/public_types.d.ts:823:1 - (ae-unresolved-link) The @link reference could not be resolved: The package "@firebase/auth-cordova" does not have an export "PhoneMultiFactorGenerator"[39m
[33mWarning: /private/tmp/fireside-phase2-oracles.EJXGdU/firebase-js-sdk/packages/auth/dist/cordova/src/model/public_types.d.ts:1097:1 - (ae-unresolved-link) The @link reference could not be resolved: The package "@firebase/auth-cordova" does not have an export "signInWithPopup"[39m
[33mWarning: /private/tmp/fireside-phase2-oracles.EJXGdU/firebase-js-sdk/packages/auth/dist/cordova/src/model/public_types.d.ts:1172:1 - (ae-unresolved-link) The @link reference could not be resolved: The package "@firebase/auth-cordova" does not have an export "browserPopupRedirectResolver"[39m
[33mWarning: /private/tmp/fireside-phase2-oracles.EJXGdU/firebase-js-sdk/packages/auth/dist/cordova/src/model/public_types.d.ts:1189:5 - (ae-unresolved-link) The @link reference could not be resolved: The package "@firebase/auth-cordova" does not have an export "browserPopupRedirectResolver"[39m
[33mWarning: /private/tmp/fireside-phase2-oracles.EJXGdU/firebase-js-sdk/packages/auth/dist/cordova/src/model/public_types.d.ts:1189:5 - (ae-unresolved-link) The @link reference could not be resolved: The package "@firebase/auth-cordova" does not have an export "signInWithPopup"[39m
[33mWarning: /private/tmp/fireside-phase2-oracles.EJXGdU/firebase-js-sdk/packages/auth/dist/cordova/src/model/public_types.d.ts:1202:1 - (ae-unresolved-link) The @link reference could not be resolved: The package "@firebase/auth-cordova" does not have an export "TotpMultiFactorGenerator"[39m
[33mWarning: /private/tmp/fireside-phase2-oracles.EJXGdU/firebase-js-sdk/packages/auth/dist/cordova/src/model/public_types.d.ts:1202:1 - (ae-unresolved-link) The @link reference could not be resolved: The package "@firebase/auth-cordova" does not have an export "TotpMultiFactorGenerator"[39m
[33mWarning: /private/tmp/fireside-phase2-oracles.EJXGdU/firebase-js-sdk/packages/auth/dist/cordova/src/platform_cordova/strategies/redirect.d.ts:18:1 - (ae-missing-release-tag) "signInWithRedirect" is exported by the package, but it is missing a release tag (@alpha, @beta, @public, or @internal)[39m
[33mWarning: /private/tmp/fireside-phase2-oracles.EJXGdU/firebase-js-sdk/packages/auth/dist/cordova/src/platform_cordova/strategies/redirect.d.ts:19:1 - (ae-missing-release-tag) "reauthenticateWithRedirect" is exported by the package, but it is missing a release tag (@alpha, @beta, @public, or @internal)[39m
[33mWarning: /private/tmp/fireside-phase2-oracles.EJXGdU/firebase-js-sdk/packages/auth/dist/cordova/src/platform_cordova/strategies/redirect.d.ts:20:1 - (ae-missing-release-tag) "linkWithRedirect" is exported by the package, but it is missing a release tag (@alpha, @beta, @public, or @internal)[39m
[33mWarning: /private/tmp/fireside-phase2-oracles.EJXGdU/firebase-js-sdk/packages/util/dist/src/subscribe.d.ts:2:4 - (tsdoc-undefined-tag) The TSDoc tag "@license" is not defined in this configuration[39m
(node:65637) Warning: The 'NO_COLOR' env is ignored due to the 'FORCE_COLOR' env being set.
(Use `node --trace-warnings ...` to show where the warning was created)

API Extractor completed successfully

> @firebase/firestore:build

(node:65638) Warning: The 'NO_COLOR' env is ignored due to the 'FORCE_COLOR' env being set.
(Use `node --trace-warnings ...` to show where the warning was created)
(node:65646) Warning: The 'NO_COLOR' env is ignored due to the 'FORCE_COLOR' env being set.
(Use `node --trace-warnings ...` to show where the warning was created)
(node:65646) [DEP0169] DeprecationWarning: `url.parse()` behavior is not standardized and prone to errors that have security implications. Use the WHATWG URL API instead. CVEs are not issued for `url.parse()` vulnerabilities.
[2K[1G[2m$ tsc --emitDeclarationOnly --declaration -p tsconfig.json; yarn api-report[22m
(node:65665) Warning: The 'NO_COLOR' env is ignored due to the 'FORCE_COLOR' env being set.
(Use `node --trace-warnings ...` to show where the warning was created)
(node:65665) [DEP0169] DeprecationWarning: `url.parse()` behavior is not standardized and prone to errors that have security implications. Use the WHATWG URL API instead. CVEs are not issued for `url.parse()` vulnerabilities.
[2K[1G[2m$ run-s --npm-path npm api-report:main api-report:pipelines api-report:lite api-report:lite:pipelines && yarn api-report:api-json[22m
npm warn Unknown env config "version-git-tag". This will error in a future major version of npm. See `npm help npmrc` for supported config options.
npm warn Unknown env config "python". This will error in a future major version of npm. See `npm help npmrc` for supported config options.
npm warn Unknown env config "argv". This will error in a future major version of npm. See `npm help npmrc` for supported config options.
npm warn Unknown env config "version-commit-hooks". This will error in a future major version of npm. See `npm help npmrc` for supported config options.
npm warn Unknown env config "version-git-message". This will error in a future major version of npm. See `npm help npmrc` for supported config options.
npm warn Unknown env config "version-tag-prefix". This will error in a future major version of npm. See `npm help npmrc` for supported config options.
npm notice run @firebase/firestore@4.17.1 api-report:main
npm notice run TS_NODE_COMPILER_OPTIONS='{"module":"commonjs"}' ts-node ../../repo-scripts/prune-dts/extract-public-api.ts --package firestore --packageRoot . --typescriptDts ./dist/firestore/src/index.d.ts --rollupDts ./dist/private.d.ts --untrimmedRollupDts ./dist/internal.d.ts --publicDts ./dist/index.d.ts
Configuring API Extractor for firestore
/private/var/folders/17/97zrc8dn5kj9m8sn51kc0h3w0000gn/T/tmp-65760-WxpiJke5B24w/api-extractor.json
Analysis will use the bundled TypeScript version 4.1.6
[33mWarning: /private/tmp/fireside-phase2-oracles.EJXGdU/firebase-js-sdk/packages/app/src/firebaseServerApp.ts:64:34 - (TS2315) Type 'FinalizationRegistry' is not generic.[39m
[33mWarning: /private/tmp/fireside-phase2-oracles.EJXGdU/firebase-js-sdk/packages/firestore/dist/firestore/src/api/cache_config.d.ts:22:59 - (tsdoc-reference-missing-dot) Expecting a period before the next component of a declaration reference[39m
[33mWarning: /private/tmp/fireside-phase2-oracles.EJXGdU/firebase-js-sdk/packages/firestore/dist/firestore/src/api/cache_config.d.ts:40:59 - (tsdoc-reference-missing-dot) Expecting a period before the next component of a declaration reference[39m
[33mWarning: /private/tmp/fireside-phase2-oracles.EJXGdU/firebase-js-sdk/packages/firestore/dist/firestore/src/api/cache_config.d.ts:71:26 - (tsdoc-reference-missing-dot) Expecting a period before the next component of a declaration reference[39m
[33mWarning: /private/tmp/fireside-phase2-oracles.EJXGdU/firebase-js-sdk/packages/firestore/dist/firestore/src/api/cache_config.d.ts:90:26 - (tsdoc-reference-missing-dot) Expecting a period before the next component of a declaration reference[39m
[33mWarning: /private/tmp/fireside-phase2-oracles.EJXGdU/firebase-js-sdk/packages/firestore/dist/firestore/src/api/credentials.d.ts:26:1 - (ae-internal-missing-underscore) The name "AuthTokenFactory" should be prefixed with an underscore because the declaration is marked as @internal[39m
[33mWarning: /private/tmp/fireside-phase2-oracles.EJXGdU/firebase-js-sdk/packages/firestore/dist/firestore/src/api/credentials.d.ts:30:1 - (ae-internal-missing-underscore) The name "FirstPartyCredentialsSettings" should be prefixed with an underscore because the declaration is marked as @internal[39m
[33mWarning: /private/tmp/fireside-phase2-oracles.EJXGdU/firebase-js-sdk/packages/firestore/dist/firestore/src/api/database.d.ts:58:5 - (ae-incompatible-release-tags) The symbol "__constructor" is marked as @public, but its signature references "DatabaseId" which is marked as @internal[39m
[33mWarning: /private/tmp/fireside-phase2-oracles.EJXGdU/firebase-js-sdk/packages/firestore/dist/firestore/src/api/database.d.ts:117:1 - (ae-internal-missing-underscore) The name "ensureFirestoreConfigured" should be prefixed with an underscore because the declaration is marked as @internal[39m
[33mWarning: /private/tmp/fireside-phase2-oracles.EJXGdU/firebase-js-sdk/packages/firestore/dist/firestore/src/api/index_configuration.d.ts:40:77 - (tsdoc-code-span-missing-delimiter) The code span is missing its closing backtick[39m
[33mWarning: /private/tmp/fireside-phase2-oracles.EJXGdU/firebase-js-sdk/packages/firestore/dist/firestore/src/api/index_configuration.d.ts:122:69 - (tsdoc-code-span-missing-delimiter) The code span is missing its closing backtick[39m
[33mWarning: /private/tmp/fireside-phase2-oracles.EJXGdU/firebase-js-sdk/packages/firestore/dist/firestore/src/api/index_configuration.d.ts:123:21 - (tsdoc-code-span-missing-delimiter) The code span is missing its closing backtick[39m
[33mWarning: /private/tmp/fireside-phase2-oracles.EJXGdU/firebase-js-sdk/packages/firestore/dist/firestore/src/api/reference_impl.d.ts:635:1 - (ae-internal-missing-underscore) The name "executeWrite" should be prefixed with an underscore because the declaration is marked as @internal[39m
[33mWarning: /private/tmp/fireside-phase2-oracles.EJXGdU/firebase-js-sdk/packages/firestore/dist/firestore/src/api/snapshot.d.ts:231:35 - (tsdoc-reference-missing-colon) Expecting a colon after the identifier because the expression is in parentheses[39m
[33mWarning: /private/tmp/fireside-phase2-oracles.EJXGdU/firebase-js-sdk/packages/firestore/dist/firestore/src/api/snapshot.d.ts:232:15 - (tsdoc-reference-missing-colon) Expecting a colon after the identifier because the expression is in parentheses[39m
[33mWarning: /private/tmp/fireside-phase2-oracles.EJXGdU/firebase-js-sdk/packages/firestore/dist/firestore/src/api/snapshot.d.ts:253:44 - (tsdoc-reference-missing-colon) Expecting a colon after the identifier because the expression is in parentheses[39m
[33mWarning: /private/tmp/fireside-phase2-oracles.EJXGdU/firebase-js-sdk/packages/firestore/dist/firestore/src/api/snapshot.d.ts:358:5 - (ae-incompatible-release-tags) The symbol "__constructor" is marked as @public, but its signature references "AbstractUserDataWriter" which is marked as @internal[39m
[33mWarning: /private/tmp/fireside-phase2-oracles.EJXGdU/firebase-js-sdk/packages/firestore/dist/firestore/src/api/snapshot.d.ts:358:5 - (ae-incompatible-release-tags) The symbol "__constructor" is marked as @public, but its signature references "DocumentKey" which is marked as @internal[39m
[33mWarning: /private/tmp/fireside-phase2-oracles.EJXGdU/firebase-js-sdk/packages/firestore/dist/firestore/src/api/snapshot.d.ts:467:5 - (ae-incompatible-release-tags) The symbol "_userDataWriter" is marked as @public, but its signature references "AbstractUserDataWriter" which is marked as @internal[39m
[33mWarning: /private/tmp/fireside-phase2-oracles.EJXGdU/firebase-js-sdk/packages/firestore/dist/firestore/src/api/snapshot.d.ts:482:5 - (ae-incompatible-release-tags) The symbol "__constructor" is marked as @public, but its signature references "AbstractUserDataWriter" which is marked as @internal[39m
[33mWarning: /private/tmp/fireside-phase2-oracles.EJXGdU/firebase-js-sdk/packages/firestore/dist/firestore/src/lite-api/aggregate.d.ts:82:32 - (tsdoc-code-span-missing-delimiter) The code span is missing its closing backtick[39m
[33mWarning: /private/tmp/fireside-phase2-oracles.EJXGdU/firebase-js-sdk/packages/firestore/dist/firestore/src/lite-api/aggregate_types.d.ts:28:5 - (ae-incompatible-release-tags) The symbol "_internalFieldPath" is marked as @public, but its signature references "FieldPath" which is marked as @internal[39m
[33mWarning: /private/tmp/fireside-phase2-oracles.EJXGdU/firebase-js-sdk/packages/firestore/dist/firestore/src/lite-api/aggregate_types.d.ts:73:5 - (ae-incompatible-release-tags) The symbol "__constructor" is marked as @public, but its signature references "AbstractUserDataWriter" which is marked as @internal[39m
[33mWarning: /private/tmp/fireside-phase2-oracles.EJXGdU/firebase-js-sdk/packages/firestore/dist/firestore/src/lite-api/bytes.d.ts:23:5 - (ae-incompatible-release-tags) The symbol "_byteString" is marked as @public, but its signature references "ByteString" which is marked as @internal[39m
[33mWarning: /private/tmp/fireside-phase2-oracles.EJXGdU/firebase-js-sdk/packages/firestore/dist/firestore/src/lite-api/bytes.d.ts:25:5 - (ae-incompatible-release-tags) The symbol "__constructor" is marked as @public, but its signature references "ByteString" which is marked as @internal[39m
[33mWarning: /private/tmp/fireside-phase2-oracles.EJXGdU/firebase-js-sdk/packages/firestore/dist/firestore/src/lite-api/database.d.ts:153:4 - (tsdoc-param-tag-with-invalid-name) The @param block should be followed by a valid parameter name: The identifier cannot non-word characters[39m
[33mWarning: /private/tmp/fireside-phase2-oracles.EJXGdU/firebase-js-sdk/packages/firestore/dist/firestore/src/lite-api/field_path.d.ts:28:5 - (ae-incompatible-release-tags) The symbol "_internalPath" is marked as @public, but its signature references "FieldPath" which is marked as @internal[39m
[33mWarning: /private/tmp/fireside-phase2-oracles.EJXGdU/firebase-js-sdk/packages/firestore/dist/firestore/src/lite-api/field_value_impl.d.ts:44:13 - (tsdoc-reference-selector-missing-parens) Syntax error in declaration reference: the member selector must be enclosed in parentheses[39m
[33mWarning: /private/tmp/fireside-phase2-oracles.EJXGdU/firebase-js-sdk/packages/firestore/dist/firestore/src/lite-api/query.d.ts:102:5 - (ae-incompatible-release-tags) The symbol "_create" is marked as @public, but its signature references "FieldPath" which is marked as @internal[39m
[33mWarning: /private/tmp/fireside-phase2-oracles.EJXGdU/firebase-js-sdk/packages/firestore/dist/firestore/src/lite-api/query.d.ts:203:5 - (ae-incompatible-release-tags) The symbol "_create" is marked as @public, but its signature references "FieldPath" which is marked as @internal[39m
[33mWarning: /private/tmp/fireside-phase2-oracles.EJXGdU/firebase-js-sdk/packages/firestore/dist/firestore/src/lite-api/reference.d.ts:59:29 - (tsdoc-reference-missing-colon) Expecting a colon after the identifier because the expression is in parentheses[39m
[33mWarning: /private/tmp/fireside-phase2-oracles.EJXGdU/firebase-js-sdk/packages/firestore/dist/firestore/src/lite-api/reference.d.ts:59:85 - (tsdoc-reference-missing-colon) Expecting a colon after the identifier because the expression is in parentheses[39m
[33mWarning: /private/tmp/fireside-phase2-oracles.EJXGdU/firebase-js-sdk/packages/firestore/dist/firestore/src/lite-api/reference.d.ts:129:5 - (ae-incompatible-release-tags) The symbol "_key" is marked as @public, but its signature references "DocumentKey" which is marked as @internal[39m
[33mWarning: /private/tmp/fireside-phase2-oracles.EJXGdU/firebase-js-sdk/packages/firestore/dist/firestore/src/lite-api/reference.d.ts:138:5 - (ae-incompatible-release-tags) The symbol "__constructor" is marked as @public, but its signature references "DocumentKey" which is marked as @internal[39m
[33mWarning: /private/tmp/fireside-phase2-oracles.EJXGdU/firebase-js-sdk/packages/firestore/dist/firestore/src/lite-api/reference.d.ts:143:5 - (ae-incompatible-release-tags) The symbol "_path" is marked as @public, but its signature references "ResourcePath" which is marked as @internal[39m
[33mWarning: /private/tmp/fireside-phase2-oracles.EJXGdU/firebase-js-sdk/packages/firestore/dist/firestore/src/lite-api/reference.d.ts:214:5 - (ae-incompatible-release-tags) The symbol "_path" is marked as @public, but its signature references "ResourcePath" which is marked as @internal[39m
[33mWarning: /private/tmp/fireside-phase2-oracles.EJXGdU/firebase-js-sdk/packages/firestore/dist/firestore/src/lite-api/reference.d.ts:218:5 - (ae-incompatible-release-tags) The symbol "__constructor" is marked as @public, but its signature references "ResourcePath" which is marked as @internal[39m
[33mWarning: /private/tmp/fireside-phase2-oracles.EJXGdU/firebase-js-sdk/packages/firestore/dist/firestore/src/lite-api/settings.d.ts:62:1 - (ae-internal-missing-underscore) The name "PrivateSettings" should be prefixed with an underscore because the declaration is marked as @internal[39m
[33mWarning: /private/tmp/fireside-phase2-oracles.EJXGdU/firebase-js-sdk/packages/firestore/dist/firestore/src/lite-api/snapshot.d.ts:215:40 - (tsdoc-reference-missing-colon) Expecting a colon after the identifier because the expression is in parentheses[39m
[33mWarning: /private/tmp/fireside-phase2-oracles.EJXGdU/firebase-js-sdk/packages/firestore/dist/firestore/src/lite-api/snapshot.d.ts:216:40 - (tsdoc-reference-missing-colon) Expecting a colon after the identifier because the expression is in parentheses[39m
[33mWarning: /private/tmp/fireside-phase2-oracles.EJXGdU/firebase-js-sdk/packages/firestore/dist/firestore/src/lite-api/snapshot.d.ts:227:40 - (tsdoc-reference-missing-colon) Expecting a colon after the identifier because the expression is in parentheses[39m
[33mWarning: /private/tmp/fireside-phase2-oracles.EJXGdU/firebase-js-sdk/packages/firestore/dist/firestore/src/lite-api/snapshot.d.ts:228:40 - (tsdoc-reference-missing-colon) Expecting a colon after the identifier because the expression is in parentheses[39m
[33mWarning: /private/tmp/fireside-phase2-oracles.EJXGdU/firebase-js-sdk/packages/firestore/dist/firestore/src/lite-api/types.d.ts:26:60 - (tsdoc-malformed-inline-tag) Expecting a TSDoc tag starting with "{@"[39m
[33mWarning: /private/tmp/fireside-phase2-oracles.EJXGdU/firebase-js-sdk/packages/firestore/dist/firestore/src/lite-api/types.d.ts:27:17 - (tsdoc-escape-right-brace) The "}" character should be escaped using a backslash to avoid confusion with a TSDoc inline tag[39m
[33mWarning: /private/tmp/fireside-phase2-oracles.EJXGdU/firebase-js-sdk/packages/firestore/dist/firestore/src/lite-api/user_data_writer.d.ts:30:1 - (ae-internal-missing-underscore) The name "AbstractUserDataWriter" should be prefixed with an underscore because the declaration is marked as @internal[39m
[33mWarning: /private/tmp/fireside-phase2-oracles.EJXGdU/firebase-js-sdk/packages/firestore/dist/firestore/src/local/local_documents_view.d.ts:117:8 - (tsdoc-param-tag-missing-hyphen) The @param block should be followed by a parameter name and then a hyphen[39m
[33mWarning: /private/tmp/fireside-phase2-oracles.EJXGdU/firebase-js-sdk/packages/firestore/dist/firestore/src/model/field_index.d.ts:89:50 - (tsdoc-escape-greater-than) The ">" character should be escaped using a backslash to avoid confusion with an HTML tag[39m
[33mWarning: /private/tmp/fireside-phase2-oracles.EJXGdU/firebase-js-sdk/packages/firestore/dist/firestore/src/model/field_index.d.ts:89:54 - (tsdoc-escape-greater-than) The ">" character should be escaped using a backslash to avoid confusion with an HTML tag[39m
[33mWarning: /private/tmp/fireside-phase2-oracles.EJXGdU/firebase-js-sdk/packages/firestore/dist/firestore/src/model/field_index.d.ts:89:39 - (tsdoc-malformed-html-name) Invalid HTML element: Expecting an HTML name[39m
[33mWarning: /private/tmp/fireside-phase2-oracles.EJXGdU/firebase-js-sdk/packages/firestore/dist/firestore/src/model/field_index.d.ts:89:42 - (tsdoc-malformed-html-name) Invalid HTML element: Expecting an HTML name[39m
[33mWarning: /private/tmp/fireside-phase2-oracles.EJXGdU/firebase-js-sdk/packages/firestore/dist/firestore/src/model/field_index.d.ts:93:50 - (tsdoc-escape-greater-than) The ">" character should be escaped using a backslash to avoid confusion with an HTML tag[39m
[33mWarning: /private/tmp/fireside-phase2-oracles.EJXGdU/firebase-js-sdk/packages/firestore/dist/firestore/src/model/field_index.d.ts:93:54 - (tsdoc-escape-greater-than) The ">" character should be escaped using a backslash to avoid confusion with an HTML tag[39m
[33mWarning: /private/tmp/fireside-phase2-oracles.EJXGdU/firebase-js-sdk/packages/firestore/dist/firestore/src/model/field_index.d.ts:93:39 - (tsdoc-malformed-html-name) Invalid HTML element: Expecting an HTML name[39m
[33mWarning: /private/tmp/fireside-phase2-oracles.EJXGdU/firebase-js-sdk/packages/firestore/dist/firestore/src/model/field_index.d.ts:93:42 - (tsdoc-malformed-html-name) Invalid HTML element: Expecting an HTML name[39m
Generated rollup DTS
Pruned DTS file
(node:65760) Warning: The 'NO_COLOR' env is ignored due to the 'FORCE_COLOR' env being set.
(Use `node --trace-warnings ...` to show where the warning was created)
Added blank lines after imports
Removed unused imports
Formatted public DTS with Prettier
/private/var/folders/17/97zrc8dn5kj9m8sn51kc0h3w0000gn/T/tmp-65760-WxpiJke5B24w/api-extractor.json
Analysis will use the bundled TypeScript version 4.1.6
[33mWarning: /private/tmp/fireside-phase2-oracles.EJXGdU/firebase-js-sdk/packages/app/src/firebaseServerApp.ts:64:34 - (TS2315) Type 'FinalizationRegistry' is not generic.[39m
[33mWarning: /private/tmp/fireside-phase2-oracles.EJXGdU/firebase-js-sdk/packages/firestore/dist/index.d.ts:69:32 - (tsdoc-code-span-missing-delimiter) The code span is missing its closing backtick[39m
[33mWarning: /private/tmp/fireside-phase2-oracles.EJXGdU/firebase-js-sdk/packages/firestore/dist/index.d.ts:175:13 - (tsdoc-reference-selector-missing-parens) Syntax error in declaration reference: the member selector must be enclosed in parentheses[39m
[33mWarning: /private/tmp/fireside-phase2-oracles.EJXGdU/firebase-js-sdk/packages/firestore/dist/index.d.ts:460:4 - (tsdoc-param-tag-with-invalid-name) The @param block should be followed by a valid parameter name: The identifier cannot non-word characters[39m
[33mWarning: /private/tmp/fireside-phase2-oracles.EJXGdU/firebase-js-sdk/packages/firestore/dist/index.d.ts:1296:33 - (tsdoc-reference-missing-colon) Expecting a colon after the identifier because the expression is in parentheses[39m
[33mWarning: /private/tmp/fireside-phase2-oracles.EJXGdU/firebase-js-sdk/packages/firestore/dist/index.d.ts:1297:13 - (tsdoc-reference-missing-colon) Expecting a colon after the identifier because the expression is in parentheses[39m
[33mWarning: /private/tmp/fireside-phase2-oracles.EJXGdU/firebase-js-sdk/packages/firestore/dist/index.d.ts:1321:42 - (tsdoc-reference-missing-colon) Expecting a colon after the identifier because the expression is in parentheses[39m
[33mWarning: /private/tmp/fireside-phase2-oracles.EJXGdU/firebase-js-sdk/packages/firestore/dist/index.d.ts:1857:75 - (tsdoc-code-span-missing-delimiter) The code span is missing its closing backtick[39m
[33mWarning: /private/tmp/fireside-phase2-oracles.EJXGdU/firebase-js-sdk/packages/firestore/dist/index.d.ts:2025:26 - (tsdoc-reference-missing-dot) Expecting a period before the next component of a declaration reference[39m
[33mWarning: /private/tmp/fireside-phase2-oracles.EJXGdU/firebase-js-sdk/packages/firestore/dist/index.d.ts:2050:59 - (tsdoc-reference-missing-dot) Expecting a period before the next component of a declaration reference[39m
[33mWarning: /private/tmp/fireside-phase2-oracles.EJXGdU/firebase-js-sdk/packages/firestore/dist/index.d.ts:2077:26 - (tsdoc-reference-missing-dot) Expecting a period before the next component of a declaration reference[39m
[33mWarning: /private/tmp/fireside-phase2-oracles.EJXGdU/firebase-js-sdk/packages/firestore/dist/index.d.ts:2123:60 - (tsdoc-malformed-inline-tag) Expecting a TSDoc tag starting with "{@"[39m
[33mWarning: /private/tmp/fireside-phase2-oracles.EJXGdU/firebase-js-sdk/packages/firestore/dist/index.d.ts:2124:17 - (tsdoc-escape-right-brace) The "}" character should be escaped using a backslash to avoid confusion with a TSDoc inline tag[39m
[33mWarning: /private/tmp/fireside-phase2-oracles.EJXGdU/firebase-js-sdk/packages/firestore/dist/index.d.ts:2739:59 - (tsdoc-reference-missing-dot) Expecting a period before the next component of a declaration reference[39m
[33mWarning: /private/tmp/fireside-phase2-oracles.EJXGdU/firebase-js-sdk/packages/firestore/dist/index.d.ts:3335:69 - (tsdoc-code-span-missing-delimiter) The code span is missing its closing backtick[39m
[33mWarning: /private/tmp/fireside-phase2-oracles.EJXGdU/firebase-js-sdk/packages/firestore/dist/index.d.ts:3336:21 - (tsdoc-code-span-missing-delimiter) The code span is missing its closing backtick[39m
[33mWarning: /private/tmp/fireside-phase2-oracles.EJXGdU/firebase-js-sdk/packages/firestore/dist/index.d.ts:3373:29 - (tsdoc-reference-missing-colon) Expecting a colon after the identifier because the expression is in parentheses[39m
[33mWarning: /private/tmp/fireside-phase2-oracles.EJXGdU/firebase-js-sdk/packages/firestore/dist/index.d.ts:3373:85 - (tsdoc-reference-missing-colon) Expecting a colon after the identifier because the expression is in parentheses[39m
API report for firestore written to /private/tmp/fireside-phase2-oracles.EJXGdU/firebase-js-sdk/common/api-review
npm warn Unknown env config "version-git-tag". This will error in a future major version of npm. See `npm help npmrc` for supported config options.
npm warn Unknown env config "python". This will error in a future major version of npm. See `npm help npmrc` for supported config options.
npm warn Unknown env config "argv". This will error in a future major version of npm. See `npm help npmrc` for supported config options.
npm warn Unknown env config "version-commit-hooks". This will error in a future major version of npm. See `npm help npmrc` for supported config options.
npm warn Unknown env config "version-git-message". This will error in a future major version of npm. See `npm help npmrc` for supported config options.
npm warn Unknown env config "version-tag-prefix". This will error in a future major version of npm. See `npm help npmrc` for supported config options.
npm notice run @firebase/firestore@4.17.1 api-report:pipelines
npm notice run TS_NODE_COMPILER_OPTIONS='{"module":"commonjs"}' ts-node ../../repo-scripts/prune-dts/extract-public-api.ts --package firestore-pipelines --packageRoot . --typescriptDts ./dist/firestore/pipelines/pipelines.d.ts --rollupDts ./dist/private.pipelines.d.ts --untrimmedRollupDts ./dist/internal.pipelines.d.ts --publicDts ./dist/pipelines.d.ts --otherExportsPublicDtsFiles ./dist/index.d.ts  --excludeForgottenExportWarning && TS_NODE_COMPILER_OPTIONS='{"module":"commonjs"}' ts-node scripts/build-console-ui-types.ts --input ./dist/pipelines.d.ts --output ./dist/pipelines_extra_lib.txt
Configuring API Extractor for firestore-pipelines
/private/var/folders/17/97zrc8dn5kj9m8sn51kc0h3w0000gn/T/tmp-65950-LojSjNe7xQp4/api-extractor.json
Analysis will use the bundled TypeScript version 4.1.6
[33mWarning: /private/tmp/fireside-phase2-oracles.EJXGdU/firebase-js-sdk/packages/app/src/firebaseServerApp.ts:64:34 - (TS2315) Type 'FinalizationRegistry' is not generic.[39m
[33mWarning: /private/tmp/fireside-phase2-oracles.EJXGdU/firebase-js-sdk/packages/firestore/dist/firestore/src/api/cache_config.d.ts:22:59 - (tsdoc-reference-missing-dot) Expecting a period before the next component of a declaration reference[39m
[33mWarning: /private/tmp/fireside-phase2-oracles.EJXGdU/firebase-js-sdk/packages/firestore/dist/firestore/src/api/cache_config.d.ts:40:59 - (tsdoc-reference-missing-dot) Expecting a period before the next component of a declaration reference[39m
[33mWarning: /private/tmp/fireside-phase2-oracles.EJXGdU/firebase-js-sdk/packages/firestore/dist/firestore/src/api/pipeline.d.ts:24:8 - (tsdoc-param-tag-missing-hyphen) The @param block should be followed by a parameter name and then a hyphen[39m
[33mWarning: /private/tmp/fireside-phase2-oracles.EJXGdU/firebase-js-sdk/packages/firestore/dist/firestore/src/api/pipeline.d.ts:25:8 - (tsdoc-param-tag-missing-hyphen) The @param block should be followed by a parameter name and then a hyphen[39m
[33mWarning: /private/tmp/fireside-phase2-oracles.EJXGdU/firebase-js-sdk/packages/firestore/dist/firestore/src/api/pipeline.d.ts:26:8 - (tsdoc-param-tag-missing-hyphen) The @param block should be followed by a parameter name and then a hyphen[39m
[33mWarning: /private/tmp/fireside-phase2-oracles.EJXGdU/firebase-js-sdk/packages/firestore/dist/firestore/src/api/pipeline.d.ts:27:8 - (tsdoc-param-tag-missing-hyphen) The @param block should be followed by a parameter name and then a hyphen[39m
[33mWarning: /private/tmp/fireside-phase2-oracles.EJXGdU/firebase-js-sdk/packages/firestore/dist/firestore/src/api/pipeline.d.ts:28:8 - (tsdoc-param-tag-missing-hyphen) The @param block should be followed by a parameter name and then a hyphen[39m
[33mWarning: /private/tmp/fireside-phase2-oracles.EJXGdU/firebase-js-sdk/packages/firestore/dist/firestore/src/api/snapshot.d.ts:231:35 - (tsdoc-reference-missing-colon) Expecting a colon after the identifier because the expression is in parentheses[39m
[33mWarning: /private/tmp/fireside-phase2-oracles.EJXGdU/firebase-js-sdk/packages/firestore/dist/firestore/src/api/snapshot.d.ts:232:15 - (tsdoc-reference-missing-colon) Expecting a colon after the identifier because the expression is in parentheses[39m
[33mWarning: /private/tmp/fireside-phase2-oracles.EJXGdU/firebase-js-sdk/packages/firestore/dist/firestore/src/api/snapshot.d.ts:253:44 - (tsdoc-reference-missing-colon) Expecting a colon after the identifier because the expression is in parentheses[39m
[33mWarning: /private/tmp/fireside-phase2-oracles.EJXGdU/firebase-js-sdk/packages/firestore/dist/firestore/src/lite-api/expressions.d.ts:1417:8 - (tsdoc-param-tag-missing-hyphen) The @param block should be followed by a parameter name and then a hyphen[39m
[33mWarning: /private/tmp/fireside-phase2-oracles.EJXGdU/firebase-js-sdk/packages/firestore/dist/firestore/src/lite-api/expressions.d.ts:2593:8 - (tsdoc-param-tag-missing-hyphen) The @param block should be followed by a parameter name and then a hyphen[39m
[33mWarning: /private/tmp/fireside-phase2-oracles.EJXGdU/firebase-js-sdk/packages/firestore/dist/firestore/src/lite-api/expressions.d.ts:2699:1 - (ae-internal-mixed-release-tag) Mixed release tags are not allowed for "constant" because one of its declarations is marked as @internal[39m
[33mWarning: /private/tmp/fireside-phase2-oracles.EJXGdU/firebase-js-sdk/packages/firestore/dist/firestore/src/lite-api/expressions.d.ts:8329:4 - (tsdoc-param-tag-missing-hyphen) The @param block should be followed by a parameter name and then a hyphen[39m
[33mWarning: /private/tmp/fireside-phase2-oracles.EJXGdU/firebase-js-sdk/packages/firestore/dist/firestore/src/lite-api/pipeline-result.d.ts:100:8 - (tsdoc-param-tag-missing-hyphen) The @param block should be followed by a parameter name and then a hyphen[39m
[33mWarning: /private/tmp/fireside-phase2-oracles.EJXGdU/firebase-js-sdk/packages/firestore/dist/firestore/src/lite-api/pipeline-result.d.ts:101:8 - (tsdoc-param-tag-missing-hyphen) The @param block should be followed by a parameter name and then a hyphen[39m
[33mWarning: /private/tmp/fireside-phase2-oracles.EJXGdU/firebase-js-sdk/packages/firestore/dist/firestore/src/lite-api/pipeline-result.d.ts:107:8 - (tsdoc-param-tag-missing-hyphen) The @param block should be followed by a parameter name and then a hyphen[39m
[33mWarning: /private/tmp/fireside-phase2-oracles.EJXGdU/firebase-js-sdk/packages/firestore/dist/firestore/src/lite-api/pipeline-result.d.ts:108:8 - (tsdoc-param-tag-missing-hyphen) The @param block should be followed by a parameter name and then a hyphen[39m
[33mWarning: /private/tmp/fireside-phase2-oracles.EJXGdU/firebase-js-sdk/packages/firestore/dist/firestore/src/lite-api/pipeline-result.d.ts:109:8 - (tsdoc-param-tag-missing-hyphen) The @param block should be followed by a parameter name and then a hyphen[39m
[33mWarning: /private/tmp/fireside-phase2-oracles.EJXGdU/firebase-js-sdk/packages/firestore/dist/firestore/src/lite-api/pipeline-result.d.ts:110:8 - (tsdoc-param-tag-missing-hyphen) The @param block should be followed by a parameter name and then a hyphen[39m
[33mWarning: /private/tmp/fireside-phase2-oracles.EJXGdU/firebase-js-sdk/packages/firestore/dist/firestore/src/lite-api/pipeline-result.d.ts:111:8 - (tsdoc-param-tag-missing-hyphen) The @param block should be followed by a parameter name and then a hyphen[39m
[33mWarning: /private/tmp/fireside-phase2-oracles.EJXGdU/firebase-js-sdk/packages/firestore/dist/firestore/src/lite-api/pipeline-source.d.ts:41:8 - (tsdoc-param-tag-missing-hyphen) The @param block should be followed by a parameter name and then a hyphen[39m
[33mWarning: /private/tmp/fireside-phase2-oracles.EJXGdU/firebase-js-sdk/packages/firestore/dist/firestore/src/lite-api/pipeline-source.d.ts:42:8 - (tsdoc-param-tag-missing-hyphen) The @param block should be followed by a parameter name and then a hyphen[39m
[33mWarning: /private/tmp/fireside-phase2-oracles.EJXGdU/firebase-js-sdk/packages/firestore/dist/firestore/src/lite-api/pipeline-source.d.ts:43:8 - (tsdoc-param-tag-missing-hyphen) The @param block should be followed by a parameter name and then a hyphen[39m
[33mWarning: /private/tmp/fireside-phase2-oracles.EJXGdU/firebase-js-sdk/packages/firestore/dist/firestore/src/lite-api/pipeline.d.ts:87:8 - (tsdoc-param-tag-missing-hyphen) The @param block should be followed by a parameter name and then a hyphen[39m
[33mWarning: /private/tmp/fireside-phase2-oracles.EJXGdU/firebase-js-sdk/packages/firestore/dist/firestore/src/lite-api/pipeline.d.ts:88:8 - (tsdoc-param-tag-missing-hyphen) The @param block should be followed by a parameter name and then a hyphen[39m
[33mWarning: /private/tmp/fireside-phase2-oracles.EJXGdU/firebase-js-sdk/packages/firestore/dist/firestore/src/lite-api/pipeline.d.ts:89:8 - (tsdoc-param-tag-missing-hyphen) The @param block should be followed by a parameter name and then a hyphen[39m
[33mWarning: /private/tmp/fireside-phase2-oracles.EJXGdU/firebase-js-sdk/packages/firestore/dist/firestore/src/lite-api/pipeline.d.ts:90:8 - (tsdoc-param-tag-missing-hyphen) The @param block should be followed by a parameter name and then a hyphen[39m
[33mWarning: /private/tmp/fireside-phase2-oracles.EJXGdU/firebase-js-sdk/packages/firestore/dist/firestore/src/lite-api/pipeline.d.ts:1101:8 - (tsdoc-param-tag-missing-hyphen) The @param block should be followed by a parameter name and then a hyphen[39m
[33mWarning: /private/tmp/fireside-phase2-oracles.EJXGdU/firebase-js-sdk/packages/firestore/dist/firestore/src/lite-api/pipeline.d.ts:1102:8 - (tsdoc-param-tag-missing-hyphen) The @param block should be followed by a parameter name and then a hyphen[39m
[33mWarning: /private/tmp/fireside-phase2-oracles.EJXGdU/firebase-js-sdk/packages/firestore/dist/firestore/src/lite-api/pipeline.d.ts:1103:8 - (tsdoc-param-tag-missing-hyphen) The @param block should be followed by a parameter name and then a hyphen[39m
[33mWarning: /private/tmp/fireside-phase2-oracles.EJXGdU/firebase-js-sdk/packages/firestore/dist/firestore/src/lite-api/pipeline.d.ts:1104:8 - (tsdoc-param-tag-missing-hyphen) The @param block should be followed by a parameter name and then a hyphen[39m
[33mWarning: /private/tmp/fireside-phase2-oracles.EJXGdU/firebase-js-sdk/packages/firestore/dist/firestore/src/lite-api/reference.d.ts:59:29 - (tsdoc-reference-missing-colon) Expecting a colon after the identifier because the expression is in parentheses[39m
[33mWarning: /private/tmp/fireside-phase2-oracles.EJXGdU/firebase-js-sdk/packages/firestore/dist/firestore/src/lite-api/reference.d.ts:59:85 - (tsdoc-reference-missing-colon) Expecting a colon after the identifier because the expression is in parentheses[39m
[33mWarning: /private/tmp/fireside-phase2-oracles.EJXGdU/firebase-js-sdk/packages/firestore/dist/firestore/src/lite-api/snapshot.d.ts:215:40 - (tsdoc-reference-missing-colon) Expecting a colon after the identifier because the expression is in parentheses[39m
[33mWarning: /private/tmp/fireside-phase2-oracles.EJXGdU/firebase-js-sdk/packages/firestore/dist/firestore/src/lite-api/snapshot.d.ts:216:40 - (tsdoc-reference-missing-colon) Expecting a colon after the identifier because the expression is in parentheses[39m
[33mWarning: /private/tmp/fireside-phase2-oracles.EJXGdU/firebase-js-sdk/packages/firestore/dist/firestore/src/lite-api/snapshot.d.ts:227:40 - (tsdoc-reference-missing-colon) Expecting a colon after the identifier because the expression is in parentheses[39m
[33mWarning: /private/tmp/fireside-phase2-oracles.EJXGdU/firebase-js-sdk/packages/firestore/dist/firestore/src/lite-api/snapshot.d.ts:228:40 - (tsdoc-reference-missing-colon) Expecting a colon after the identifier because the expression is in parentheses[39m
[33mWarning: /private/tmp/fireside-phase2-oracles.EJXGdU/firebase-js-sdk/packages/firestore/dist/firestore/src/local/local_documents_view.d.ts:117:8 - (tsdoc-param-tag-missing-hyphen) The @param block should be followed by a parameter name and then a hyphen[39m
[33mWarning: /private/tmp/fireside-phase2-oracles.EJXGdU/firebase-js-sdk/packages/firestore/dist/firestore/src/model/field_index.d.ts:89:50 - (tsdoc-escape-greater-than) The ">" character should be escaped using a backslash to avoid confusion with an HTML tag[39m
[33mWarning: /private/tmp/fireside-phase2-oracles.EJXGdU/firebase-js-sdk/packages/firestore/dist/firestore/src/model/field_index.d.ts:89:54 - (tsdoc-escape-greater-than) The ">" character should be escaped using a backslash to avoid confusion with an HTML tag[39m
[33mWarning: /private/tmp/fireside-phase2-oracles.EJXGdU/firebase-js-sdk/packages/firestore/dist/firestore/src/model/field_index.d.ts:89:39 - (tsdoc-malformed-html-name) Invalid HTML element: Expecting an HTML name[39m
[33mWarning: /private/tmp/fireside-phase2-oracles.EJXGdU/firebase-js-sdk/packages/firestore/dist/firestore/src/model/field_index.d.ts:89:42 - (tsdoc-malformed-html-name) Invalid HTML element: Expecting an HTML name[39m
[33mWarning: /private/tmp/fireside-phase2-oracles.EJXGdU/firebase-js-sdk/packages/firestore/dist/firestore/src/model/field_index.d.ts:93:50 - (tsdoc-escape-greater-than) The ">" character should be escaped using a backslash to avoid confusion with an HTML tag[39m
[33mWarning: /private/tmp/fireside-phase2-oracles.EJXGdU/firebase-js-sdk/packages/firestore/dist/firestore/src/model/field_index.d.ts:93:54 - (tsdoc-escape-greater-than) The ">" character should be escaped using a backslash to avoid confusion with an HTML tag[39m
[33mWarning: /private/tmp/fireside-phase2-oracles.EJXGdU/firebase-js-sdk/packages/firestore/dist/firestore/src/model/field_index.d.ts:93:39 - (tsdoc-malformed-html-name) Invalid HTML element: Expecting an HTML name[39m
[33mWarning: /private/tmp/fireside-phase2-oracles.EJXGdU/firebase-js-sdk/packages/firestore/dist/firestore/src/model/field_index.d.ts:93:42 - (tsdoc-malformed-html-name) Invalid HTML element: Expecting an HTML name[39m
Generated rollup DTS
Pruned DTS file
(node:65950) Warning: The 'NO_COLOR' env is ignored due to the 'FORCE_COLOR' env being set.
(Use `node --trace-warnings ...` to show where the warning was created)
Added blank lines after imports
Removed unused imports
Formatted public DTS with Prettier
/private/var/folders/17/97zrc8dn5kj9m8sn51kc0h3w0000gn/T/tmp-65950-LojSjNe7xQp4/api-extractor.json
Analysis will use the bundled TypeScript version 4.1.6
[33mWarning: /private/tmp/fireside-phase2-oracles.EJXGdU/firebase-js-sdk/packages/app/src/firebaseServerApp.ts:64:34 - (TS2315) Type 'FinalizationRegistry' is not generic.[39m
[33mWarning: /private/tmp/fireside-phase2-oracles.EJXGdU/firebase-js-sdk/packages/firestore/dist/pipelines.d.ts:12:1 - (ae-misplaced-package-tag) The @packageDocumentation comment must appear at the top of entry point *.d.ts file[39m
[33mWarning: /private/tmp/fireside-phase2-oracles.EJXGdU/firebase-js-sdk/packages/firestore/dist/pipelines.d.ts:2327:4 - (tsdoc-param-tag-missing-hyphen) The @param block should be followed by a parameter name and then a hyphen[39m
[33mWarning: /private/tmp/fireside-phase2-oracles.EJXGdU/firebase-js-sdk/packages/firestore/dist/pipelines.d.ts:4254:6 - (tsdoc-param-tag-missing-hyphen) The @param block should be followed by a parameter name and then a hyphen[39m
API report for firestore-pipelines written to /private/tmp/fireside-phase2-oracles.EJXGdU/firebase-js-sdk/common/api-review
Successfully generated and verified console UI types at /private/tmp/fireside-phase2-oracles.EJXGdU/firebase-js-sdk/packages/firestore/dist/pipelines_extra_lib.txt
(node:66035) Warning: The 'NO_COLOR' env is ignored due to the 'FORCE_COLOR' env being set.
(Use `node --trace-warnings ...` to show where the warning was created)
npm warn Unknown env config "version-git-tag". This will error in a future major version of npm. See `npm help npmrc` for supported config options.
npm warn Unknown env config "python". This will error in a future major version of npm. See `npm help npmrc` for supported config options.
npm warn Unknown env config "argv". This will error in a future major version of npm. See `npm help npmrc` for supported config options.
npm warn Unknown env config "version-commit-hooks". This will error in a future major version of npm. See `npm help npmrc` for supported config options.
npm warn Unknown env config "version-git-message". This will error in a future major version of npm. See `npm help npmrc` for supported config options.
npm warn Unknown env config "version-tag-prefix". This will error in a future major version of npm. See `npm help npmrc` for supported config options.
npm notice run @firebase/firestore@4.17.1 api-report:lite
npm notice run TS_NODE_COMPILER_OPTIONS='{"module":"commonjs"}' ts-node ../../repo-scripts/prune-dts/extract-public-api.ts --package firestore-lite --packageRoot . --typescriptDts ./dist/firestore/lite/index.d.ts --rollupDts ./dist/lite/private.d.ts --untrimmedRollupDts ./dist/lite/internal.d.ts --publicDts ./dist/lite/index.d.ts
Configuring API Extractor for firestore-lite
/private/var/folders/17/97zrc8dn5kj9m8sn51kc0h3w0000gn/T/tmp-66130-7sEkAgqFWEfY/api-extractor.json
Analysis will use the bundled TypeScript version 4.1.6
[33mWarning: /private/tmp/fireside-phase2-oracles.EJXGdU/firebase-js-sdk/packages/app/src/firebaseServerApp.ts:64:34 - (TS2315) Type 'FinalizationRegistry' is not generic.[39m
[33mWarning: /private/tmp/fireside-phase2-oracles.EJXGdU/firebase-js-sdk/packages/firestore/dist/firestore/src/api/cache_config.d.ts:22:59 - (tsdoc-reference-missing-dot) Expecting a period before the next component of a declaration reference[39m
[33mWarning: /private/tmp/fireside-phase2-oracles.EJXGdU/firebase-js-sdk/packages/firestore/dist/firestore/src/api/cache_config.d.ts:40:59 - (tsdoc-reference-missing-dot) Expecting a period before the next component of a declaration reference[39m
[33mWarning: /private/tmp/fireside-phase2-oracles.EJXGdU/firebase-js-sdk/packages/firestore/dist/firestore/src/lite-api/aggregate.d.ts:82:32 - (tsdoc-code-span-missing-delimiter) The code span is missing its closing backtick[39m
[33mWarning: /private/tmp/fireside-phase2-oracles.EJXGdU/firebase-js-sdk/packages/firestore/dist/firestore/src/lite-api/database.d.ts:153:4 - (tsdoc-param-tag-with-invalid-name) The @param block should be followed by a valid parameter name: The identifier cannot non-word characters[39m
[33mWarning: /private/tmp/fireside-phase2-oracles.EJXGdU/firebase-js-sdk/packages/firestore/dist/firestore/src/lite-api/field_value_impl.d.ts:44:13 - (tsdoc-reference-selector-missing-parens) Syntax error in declaration reference: the member selector must be enclosed in parentheses[39m
[33mWarning: /private/tmp/fireside-phase2-oracles.EJXGdU/firebase-js-sdk/packages/firestore/dist/firestore/src/lite-api/reference.d.ts:59:29 - (tsdoc-reference-missing-colon) Expecting a colon after the identifier because the expression is in parentheses[39m
[33mWarning: /private/tmp/fireside-phase2-oracles.EJXGdU/firebase-js-sdk/packages/firestore/dist/firestore/src/lite-api/reference.d.ts:59:85 - (tsdoc-reference-missing-colon) Expecting a colon after the identifier because the expression is in parentheses[39m
[33mWarning: /private/tmp/fireside-phase2-oracles.EJXGdU/firebase-js-sdk/packages/firestore/dist/firestore/src/lite-api/snapshot.d.ts:215:40 - (tsdoc-reference-missing-colon) Expecting a colon after the identifier because the expression is in parentheses[39m
[33mWarning: /private/tmp/fireside-phase2-oracles.EJXGdU/firebase-js-sdk/packages/firestore/dist/firestore/src/lite-api/snapshot.d.ts:216:40 - (tsdoc-reference-missing-colon) Expecting a colon after the identifier because the expression is in parentheses[39m
[33mWarning: /private/tmp/fireside-phase2-oracles.EJXGdU/firebase-js-sdk/packages/firestore/dist/firestore/src/lite-api/snapshot.d.ts:227:40 - (tsdoc-reference-missing-colon) Expecting a colon after the identifier because the expression is in parentheses[39m
[33mWarning: /private/tmp/fireside-phase2-oracles.EJXGdU/firebase-js-sdk/packages/firestore/dist/firestore/src/lite-api/snapshot.d.ts:228:40 - (tsdoc-reference-missing-colon) Expecting a colon after the identifier because the expression is in parentheses[39m
[33mWarning: /private/tmp/fireside-phase2-oracles.EJXGdU/firebase-js-sdk/packages/firestore/dist/firestore/src/lite-api/types.d.ts:26:60 - (tsdoc-malformed-inline-tag) Expecting a TSDoc tag starting with "{@"[39m
[33mWarning: /private/tmp/fireside-phase2-oracles.EJXGdU/firebase-js-sdk/packages/firestore/dist/firestore/src/lite-api/types.d.ts:27:17 - (tsdoc-escape-right-brace) The "}" character should be escaped using a backslash to avoid confusion with a TSDoc inline tag[39m
[33mWarning: /private/tmp/fireside-phase2-oracles.EJXGdU/firebase-js-sdk/packages/firestore/dist/firestore/src/local/local_documents_view.d.ts:117:8 - (tsdoc-param-tag-missing-hyphen) The @param block should be followed by a parameter name and then a hyphen[39m
[33mWarning: /private/tmp/fireside-phase2-oracles.EJXGdU/firebase-js-sdk/packages/firestore/dist/firestore/src/model/field_index.d.ts:89:50 - (tsdoc-escape-greater-than) The ">" character should be escaped using a backslash to avoid confusion with an HTML tag[39m
[33mWarning: /private/tmp/fireside-phase2-oracles.EJXGdU/firebase-js-sdk/packages/firestore/dist/firestore/src/model/field_index.d.ts:89:54 - (tsdoc-escape-greater-than) The ">" character should be escaped using a backslash to avoid confusion with an HTML tag[39m
[33mWarning: /private/tmp/fireside-phase2-oracles.EJXGdU/firebase-js-sdk/packages/firestore/dist/firestore/src/model/field_index.d.ts:89:39 - (tsdoc-malformed-html-name) Invalid HTML element: Expecting an HTML name[39m
[33mWarning: /private/tmp/fireside-phase2-oracles.EJXGdU/firebase-js-sdk/packages/firestore/dist/firestore/src/model/field_index.d.ts:89:42 - (tsdoc-malformed-html-name) Invalid HTML element: Expecting an HTML name[39m
[33mWarning: /private/tmp/fireside-phase2-oracles.EJXGdU/firebase-js-sdk/packages/firestore/dist/firestore/src/model/field_index.d.ts:93:50 - (tsdoc-escape-greater-than) The ">" character should be escaped using a backslash to avoid confusion with an HTML tag[39m
[33mWarning: /private/tmp/fireside-phase2-oracles.EJXGdU/firebase-js-sdk/packages/firestore/dist/firestore/src/model/field_index.d.ts:93:54 - (tsdoc-escape-greater-than) The ">" character should be escaped using a backslash to avoid confusion with an HTML tag[39m
[33mWarning: /private/tmp/fireside-phase2-oracles.EJXGdU/firebase-js-sdk/packages/firestore/dist/firestore/src/model/field_index.d.ts:93:39 - (tsdoc-malformed-html-name) Invalid HTML element: Expecting an HTML name[39m
[33mWarning: /private/tmp/fireside-phase2-oracles.EJXGdU/firebase-js-sdk/packages/firestore/dist/firestore/src/model/field_index.d.ts:93:42 - (tsdoc-malformed-html-name) Invalid HTML element: Expecting an HTML name[39m
Generated rollup DTS
Pruned DTS file
(node:66130) Warning: The 'NO_COLOR' env is ignored due to the 'FORCE_COLOR' env being set.
(Use `node --trace-warnings ...` to show where the warning was created)
Added blank lines after imports
Removed unused imports
Formatted public DTS with Prettier
/private/var/folders/17/97zrc8dn5kj9m8sn51kc0h3w0000gn/T/tmp-66130-7sEkAgqFWEfY/api-extractor.json
Analysis will use the bundled TypeScript version 4.1.6
[33mWarning: /private/tmp/fireside-phase2-oracles.EJXGdU/firebase-js-sdk/packages/app/src/firebaseServerApp.ts:64:34 - (TS2315) Type 'FinalizationRegistry' is not generic.[39m
[33mWarning: /private/tmp/fireside-phase2-oracles.EJXGdU/firebase-js-sdk/packages/firestore/dist/lite/index.d.ts:62:32 - (tsdoc-code-span-missing-delimiter) The code span is missing its closing backtick[39m
[33mWarning: /private/tmp/fireside-phase2-oracles.EJXGdU/firebase-js-sdk/packages/firestore/dist/lite/index.d.ts:168:13 - (tsdoc-reference-selector-missing-parens) Syntax error in declaration reference: the member selector must be enclosed in parentheses[39m
[33mWarning: /private/tmp/fireside-phase2-oracles.EJXGdU/firebase-js-sdk/packages/firestore/dist/lite/index.d.ts:416:4 - (tsdoc-param-tag-with-invalid-name) The @param block should be followed by a valid parameter name: The identifier cannot non-word characters[39m
[33mWarning: /private/tmp/fireside-phase2-oracles.EJXGdU/firebase-js-sdk/packages/firestore/dist/lite/index.d.ts:975:38 - (tsdoc-reference-missing-colon) Expecting a colon after the identifier because the expression is in parentheses[39m
[33mWarning: /private/tmp/fireside-phase2-oracles.EJXGdU/firebase-js-sdk/packages/firestore/dist/lite/index.d.ts:976:38 - (tsdoc-reference-missing-colon) Expecting a colon after the identifier because the expression is in parentheses[39m
[33mWarning: /private/tmp/fireside-phase2-oracles.EJXGdU/firebase-js-sdk/packages/firestore/dist/lite/index.d.ts:989:38 - (tsdoc-reference-missing-colon) Expecting a colon after the identifier because the expression is in parentheses[39m
[33mWarning: /private/tmp/fireside-phase2-oracles.EJXGdU/firebase-js-sdk/packages/firestore/dist/lite/index.d.ts:990:38 - (tsdoc-reference-missing-colon) Expecting a colon after the identifier because the expression is in parentheses[39m
[33mWarning: /private/tmp/fireside-phase2-oracles.EJXGdU/firebase-js-sdk/packages/firestore/dist/lite/index.d.ts:1389:60 - (tsdoc-malformed-inline-tag) Expecting a TSDoc tag starting with "{@"[39m
[33mWarning: /private/tmp/fireside-phase2-oracles.EJXGdU/firebase-js-sdk/packages/firestore/dist/lite/index.d.ts:1390:17 - (tsdoc-escape-right-brace) The "}" character should be escaped using a backslash to avoid confusion with a TSDoc inline tag[39m
[33mWarning: /private/tmp/fireside-phase2-oracles.EJXGdU/firebase-js-sdk/packages/firestore/dist/lite/index.d.ts:1856:29 - (tsdoc-reference-missing-colon) Expecting a colon after the identifier because the expression is in parentheses[39m
[33mWarning: /private/tmp/fireside-phase2-oracles.EJXGdU/firebase-js-sdk/packages/firestore/dist/lite/index.d.ts:1856:85 - (tsdoc-reference-missing-colon) Expecting a colon after the identifier because the expression is in parentheses[39m
API report for firestore-lite written to /private/tmp/fireside-phase2-oracles.EJXGdU/firebase-js-sdk/common/api-review
npm warn Unknown env config "version-git-tag". This will error in a future major version of npm. See `npm help npmrc` for supported config options.
npm warn Unknown env config "python". This will error in a future major version of npm. See `npm help npmrc` for supported config options.
npm warn Unknown env config "argv". This will error in a future major version of npm. See `npm help npmrc` for supported config options.
npm warn Unknown env config "version-commit-hooks". This will error in a future major version of npm. See `npm help npmrc` for supported config options.
npm warn Unknown env config "version-git-message". This will error in a future major version of npm. See `npm help npmrc` for supported config options.
npm warn Unknown env config "version-tag-prefix". This will error in a future major version of npm. See `npm help npmrc` for supported config options.
npm notice run @firebase/firestore@4.17.1 api-report:lite:pipelines
npm notice run TS_NODE_COMPILER_OPTIONS='{"module":"commonjs"}' ts-node ../../repo-scripts/prune-dts/extract-public-api.ts --package firestore-lite-pipelines --packageRoot . --typescriptDts ./dist/firestore/lite/pipelines/pipelines.d.ts --rollupDts ./dist/lite/private.pipelines.d.ts --untrimmedRollupDts ./dist/lite/internal.pipelines.d.ts --publicDts ./dist/lite/pipelines.d.ts --otherExportsPublicDtsFiles ./dist/lite/index.d.ts --excludeForgottenExportWarning
Configuring API Extractor for firestore-lite-pipelines
/private/var/folders/17/97zrc8dn5kj9m8sn51kc0h3w0000gn/T/tmp-66313-SfLCl5wILAF6/api-extractor.json
Analysis will use the bundled TypeScript version 4.1.6
[33mWarning: /private/tmp/fireside-phase2-oracles.EJXGdU/firebase-js-sdk/packages/app/src/firebaseServerApp.ts:64:34 - (TS2315) Type 'FinalizationRegistry' is not generic.[39m
[33mWarning: /private/tmp/fireside-phase2-oracles.EJXGdU/firebase-js-sdk/packages/firestore/dist/firestore/src/api/cache_config.d.ts:22:59 - (tsdoc-reference-missing-dot) Expecting a period before the next component of a declaration reference[39m
[33mWarning: /private/tmp/fireside-phase2-oracles.EJXGdU/firebase-js-sdk/packages/firestore/dist/firestore/src/api/cache_config.d.ts:40:59 - (tsdoc-reference-missing-dot) Expecting a period before the next component of a declaration reference[39m
[33mWarning: /private/tmp/fireside-phase2-oracles.EJXGdU/firebase-js-sdk/packages/firestore/dist/firestore/src/lite-api/expressions.d.ts:1417:8 - (tsdoc-param-tag-missing-hyphen) The @param block should be followed by a parameter name and then a hyphen[39m
[33mWarning: /private/tmp/fireside-phase2-oracles.EJXGdU/firebase-js-sdk/packages/firestore/dist/firestore/src/lite-api/expressions.d.ts:2593:8 - (tsdoc-param-tag-missing-hyphen) The @param block should be followed by a parameter name and then a hyphen[39m
[33mWarning: /private/tmp/fireside-phase2-oracles.EJXGdU/firebase-js-sdk/packages/firestore/dist/firestore/src/lite-api/expressions.d.ts:2664:1 - (ae-internal-missing-underscore) The name "Constant" should be prefixed with an underscore because the declaration is marked as @internal[39m
[33mWarning: /private/tmp/fireside-phase2-oracles.EJXGdU/firebase-js-sdk/packages/firestore/dist/firestore/src/lite-api/expressions.d.ts:2699:1 - (ae-internal-mixed-release-tag) Mixed release tags are not allowed for "constant" because one of its declarations is marked as @internal[39m
[33mWarning: /private/tmp/fireside-phase2-oracles.EJXGdU/firebase-js-sdk/packages/firestore/dist/firestore/src/lite-api/expressions.d.ts:8329:4 - (tsdoc-param-tag-missing-hyphen) The @param block should be followed by a parameter name and then a hyphen[39m
[33mWarning: /private/tmp/fireside-phase2-oracles.EJXGdU/firebase-js-sdk/packages/firestore/dist/firestore/src/lite-api/pipeline-result.d.ts:100:8 - (tsdoc-param-tag-missing-hyphen) The @param block should be followed by a parameter name and then a hyphen[39m
[33mWarning: /private/tmp/fireside-phase2-oracles.EJXGdU/firebase-js-sdk/packages/firestore/dist/firestore/src/lite-api/pipeline-result.d.ts:101:8 - (tsdoc-param-tag-missing-hyphen) The @param block should be followed by a parameter name and then a hyphen[39m
[33mWarning: /private/tmp/fireside-phase2-oracles.EJXGdU/firebase-js-sdk/packages/firestore/dist/firestore/src/lite-api/pipeline-result.d.ts:107:8 - (tsdoc-param-tag-missing-hyphen) The @param block should be followed by a parameter name and then a hyphen[39m
[33mWarning: /private/tmp/fireside-phase2-oracles.EJXGdU/firebase-js-sdk/packages/firestore/dist/firestore/src/lite-api/pipeline-result.d.ts:108:8 - (tsdoc-param-tag-missing-hyphen) The @param block should be followed by a parameter name and then a hyphen[39m
[33mWarning: /private/tmp/fireside-phase2-oracles.EJXGdU/firebase-js-sdk/packages/firestore/dist/firestore/src/lite-api/pipeline-result.d.ts:109:8 - (tsdoc-param-tag-missing-hyphen) The @param block should be followed by a parameter name and then a hyphen[39m
[33mWarning: /private/tmp/fireside-phase2-oracles.EJXGdU/firebase-js-sdk/packages/firestore/dist/firestore/src/lite-api/pipeline-result.d.ts:110:8 - (tsdoc-param-tag-missing-hyphen) The @param block should be followed by a parameter name and then a hyphen[39m
[33mWarning: /private/tmp/fireside-phase2-oracles.EJXGdU/firebase-js-sdk/packages/firestore/dist/firestore/src/lite-api/pipeline-result.d.ts:111:8 - (tsdoc-param-tag-missing-hyphen) The @param block should be followed by a parameter name and then a hyphen[39m
[33mWarning: /private/tmp/fireside-phase2-oracles.EJXGdU/firebase-js-sdk/packages/firestore/dist/firestore/src/lite-api/pipeline-source.d.ts:41:8 - (tsdoc-param-tag-missing-hyphen) The @param block should be followed by a parameter name and then a hyphen[39m
[33mWarning: /private/tmp/fireside-phase2-oracles.EJXGdU/firebase-js-sdk/packages/firestore/dist/firestore/src/lite-api/pipeline-source.d.ts:42:8 - (tsdoc-param-tag-missing-hyphen) The @param block should be followed by a parameter name and then a hyphen[39m
[33mWarning: /private/tmp/fireside-phase2-oracles.EJXGdU/firebase-js-sdk/packages/firestore/dist/firestore/src/lite-api/pipeline-source.d.ts:43:8 - (tsdoc-param-tag-missing-hyphen) The @param block should be followed by a parameter name and then a hyphen[39m
[33mWarning: /private/tmp/fireside-phase2-oracles.EJXGdU/firebase-js-sdk/packages/firestore/dist/firestore/src/lite-api/pipeline.d.ts:87:8 - (tsdoc-param-tag-missing-hyphen) The @param block should be followed by a parameter name and then a hyphen[39m
[33mWarning: /private/tmp/fireside-phase2-oracles.EJXGdU/firebase-js-sdk/packages/firestore/dist/firestore/src/lite-api/pipeline.d.ts:88:8 - (tsdoc-param-tag-missing-hyphen) The @param block should be followed by a parameter name and then a hyphen[39m
[33mWarning: /private/tmp/fireside-phase2-oracles.EJXGdU/firebase-js-sdk/packages/firestore/dist/firestore/src/lite-api/pipeline.d.ts:89:8 - (tsdoc-param-tag-missing-hyphen) The @param block should be followed by a parameter name and then a hyphen[39m
[33mWarning: /private/tmp/fireside-phase2-oracles.EJXGdU/firebase-js-sdk/packages/firestore/dist/firestore/src/lite-api/pipeline.d.ts:90:8 - (tsdoc-param-tag-missing-hyphen) The @param block should be followed by a parameter name and then a hyphen[39m
[33mWarning: /private/tmp/fireside-phase2-oracles.EJXGdU/firebase-js-sdk/packages/firestore/dist/firestore/src/lite-api/pipeline.d.ts:1101:8 - (tsdoc-param-tag-missing-hyphen) The @param block should be followed by a parameter name and then a hyphen[39m
[33mWarning: /private/tmp/fireside-phase2-oracles.EJXGdU/firebase-js-sdk/packages/firestore/dist/firestore/src/lite-api/pipeline.d.ts:1102:8 - (tsdoc-param-tag-missing-hyphen) The @param block should be followed by a parameter name and then a hyphen[39m
[33mWarning: /private/tmp/fireside-phase2-oracles.EJXGdU/firebase-js-sdk/packages/firestore/dist/firestore/src/lite-api/pipeline.d.ts:1103:8 - (tsdoc-param-tag-missing-hyphen) The @param block should be followed by a parameter name and then a hyphen[39m
[33mWarning: /private/tmp/fireside-phase2-oracles.EJXGdU/firebase-js-sdk/packages/firestore/dist/firestore/src/lite-api/pipeline.d.ts:1104:8 - (tsdoc-param-tag-missing-hyphen) The @param block should be followed by a parameter name and then a hyphen[39m
[33mWarning: /private/tmp/fireside-phase2-oracles.EJXGdU/firebase-js-sdk/packages/firestore/dist/firestore/src/lite-api/reference.d.ts:59:29 - (tsdoc-reference-missing-colon) Expecting a colon after the identifier because the expression is in parentheses[39m
[33mWarning: /private/tmp/fireside-phase2-oracles.EJXGdU/firebase-js-sdk/packages/firestore/dist/firestore/src/lite-api/reference.d.ts:59:85 - (tsdoc-reference-missing-colon) Expecting a colon after the identifier because the expression is in parentheses[39m
[33mWarning: /private/tmp/fireside-phase2-oracles.EJXGdU/firebase-js-sdk/packages/firestore/dist/firestore/src/lite-api/snapshot.d.ts:215:40 - (tsdoc-reference-missing-colon) Expecting a colon after the identifier because the expression is in parentheses[39m
[33mWarning: /private/tmp/fireside-phase2-oracles.EJXGdU/firebase-js-sdk/packages/firestore/dist/firestore/src/lite-api/snapshot.d.ts:216:40 - (tsdoc-reference-missing-colon) Expecting a colon after the identifier because the expression is in parentheses[39m
[33mWarning: /private/tmp/fireside-phase2-oracles.EJXGdU/firebase-js-sdk/packages/firestore/dist/firestore/src/lite-api/snapshot.d.ts:227:40 - (tsdoc-reference-missing-colon) Expecting a colon after the identifier because the expression is in parentheses[39m
[33mWarning: /private/tmp/fireside-phase2-oracles.EJXGdU/firebase-js-sdk/packages/firestore/dist/firestore/src/lite-api/snapshot.d.ts:228:40 - (tsdoc-reference-missing-colon) Expecting a colon after the identifier because the expression is in parentheses[39m
[33mWarning: /private/tmp/fireside-phase2-oracles.EJXGdU/firebase-js-sdk/packages/firestore/dist/firestore/src/local/local_documents_view.d.ts:117:8 - (tsdoc-param-tag-missing-hyphen) The @param block should be followed by a parameter name and then a hyphen[39m
[33mWarning: /private/tmp/fireside-phase2-oracles.EJXGdU/firebase-js-sdk/packages/firestore/dist/firestore/src/model/field_index.d.ts:89:50 - (tsdoc-escape-greater-than) The ">" character should be escaped using a backslash to avoid confusion with an HTML tag[39m
[33mWarning: /private/tmp/fireside-phase2-oracles.EJXGdU/firebase-js-sdk/packages/firestore/dist/firestore/src/model/field_index.d.ts:89:54 - (tsdoc-escape-greater-than) The ">" character should be escaped using a backslash to avoid confusion with an HTML tag[39m
[33mWarning: /private/tmp/fireside-phase2-oracles.EJXGdU/firebase-js-sdk/packages/firestore/dist/firestore/src/model/field_index.d.ts:89:39 - (tsdoc-malformed-html-name) Invalid HTML element: Expecting an HTML name[39m
[33mWarning: /private/tmp/fireside-phase2-oracles.EJXGdU/firebase-js-sdk/packages/firestore/dist/firestore/src/model/field_index.d.ts:89:42 - (tsdoc-malformed-html-name) Invalid HTML element: Expecting an HTML name[39m
[33mWarning: /private/tmp/fireside-phase2-oracles.EJXGdU/firebase-js-sdk/packages/firestore/dist/firestore/src/model/field_index.d.ts:93:50 - (tsdoc-escape-greater-than) The ">" character should be escaped using a backslash to avoid confusion with an HTML tag[39m
[33mWarning: /private/tmp/fireside-phase2-oracles.EJXGdU/firebase-js-sdk/packages/firestore/dist/firestore/src/model/field_index.d.ts:93:54 - (tsdoc-escape-greater-than) The ">" character should be escaped using a backslash to avoid confusion with an HTML tag[39m
[33mWarning: /private/tmp/fireside-phase2-oracles.EJXGdU/firebase-js-sdk/packages/firestore/dist/firestore/src/model/field_index.d.ts:93:39 - (tsdoc-malformed-html-name) Invalid HTML element: Expecting an HTML name[39m
[33mWarning: /private/tmp/fireside-phase2-oracles.EJXGdU/firebase-js-sdk/packages/firestore/dist/firestore/src/model/field_index.d.ts:93:42 - (tsdoc-malformed-html-name) Invalid HTML element: Expecting an HTML name[39m
Generated rollup DTS
Pruned DTS file
(node:66313) Warning: The 'NO_COLOR' env is ignored due to the 'FORCE_COLOR' env being set.
(Use `node --trace-warnings ...` to show where the warning was created)
Added blank lines after imports
Removed unused imports
Formatted public DTS with Prettier
/private/var/folders/17/97zrc8dn5kj9m8sn51kc0h3w0000gn/T/tmp-66313-SfLCl5wILAF6/api-extractor.json
Analysis will use the bundled TypeScript version 4.1.6
[33mWarning: /private/tmp/fireside-phase2-oracles.EJXGdU/firebase-js-sdk/packages/app/src/firebaseServerApp.ts:64:34 - (TS2315) Type 'FinalizationRegistry' is not generic.[39m
[33mWarning: /private/tmp/fireside-phase2-oracles.EJXGdU/firebase-js-sdk/packages/firestore/dist/lite/pipelines.d.ts:12:1 - (ae-misplaced-package-tag) The @packageDocumentation comment must appear at the top of entry point *.d.ts file[39m
[33mWarning: /private/tmp/fireside-phase2-oracles.EJXGdU/firebase-js-sdk/packages/firestore/dist/lite/pipelines.d.ts:2332:4 - (tsdoc-param-tag-missing-hyphen) The @param block should be followed by a parameter name and then a hyphen[39m
[33mWarning: /private/tmp/fireside-phase2-oracles.EJXGdU/firebase-js-sdk/packages/firestore/dist/lite/pipelines.d.ts:4222:6 - (tsdoc-param-tag-missing-hyphen) The @param block should be followed by a parameter name and then a hyphen[39m
API report for firestore-lite-pipelines written to /private/tmp/fireside-phase2-oracles.EJXGdU/firebase-js-sdk/common/api-review
(node:66391) Warning: The 'NO_COLOR' env is ignored due to the 'FORCE_COLOR' env being set.
(Use `node --trace-warnings ...` to show where the warning was created)
(node:66391) [DEP0169] DeprecationWarning: `url.parse()` behavior is not standardized and prone to errors that have security implications. Use the WHATWG URL API instead. CVEs are not issued for `url.parse()` vulnerabilities.
[2K[1G[2m$ rm -rf temp && api-extractor run --local --verbose[22m

[1mapi-extractor 0.1.2 [36m - https://api-extractor.com/[39m[22m
[1m[22m
Using configuration from ./api-extractor.json
Analysis will use the bundled TypeScript version 4.1.6
*** The target project appears to use TypeScript 5.5.4 which is newer than the bundled compiler engine; consider upgrading API Extractor.
[36mFound metadata in /private/tmp/fireside-phase2-oracles.EJXGdU/firebase-js-sdk/packages/app/dist/app/src/tsdoc-metadata.json[39m
[36mFound metadata in /private/tmp/fireside-phase2-oracles.EJXGdU/firebase-js-sdk/packages/util/dist/tsdoc-metadata.json[39m
[36mWriting: /private/tmp/fireside-phase2-oracles.EJXGdU/firebase-js-sdk/packages/firestore/temp/firestore.api.json[39m
[33mWarning: /private/tmp/fireside-phase2-oracles.EJXGdU/firebase-js-sdk/packages/app/src/firebaseServerApp.ts:64:34 - (TS2315) Type 'FinalizationRegistry' is not generic.[39m
[33mWarning: dist/index.d.ts:41:1 - (ae-missing-release-tag) "addDoc" is exported by the package, but it is missing a release tag (@alpha, @beta, @public, or @internal)[39m
[33mWarning: dist/index.d.ts:50:1 - (ae-missing-release-tag) "AddPrefixToKeys" is exported by the package, but it is missing a release tag (@alpha, @beta, @public, or @internal)[39m
[33mWarning: dist/index.d.ts:60:1 - (ae-missing-release-tag) "AggregateField" is exported by the package, but it is missing a release tag (@alpha, @beta, @public, or @internal)[39m
[33mWarning: dist/index.d.ts:69:32 - (tsdoc-code-span-missing-delimiter) The code span is missing its closing backtick[39m
[33mWarning: dist/index.d.ts:74:1 - (ae-missing-release-tag) "aggregateFieldEqual" is exported by the package, but it is missing a release tag (@alpha, @beta, @public, or @internal)[39m
[33mWarning: dist/index.d.ts:82:1 - (ae-missing-release-tag) "AggregateFieldType" is exported by the package, but it is missing a release tag (@alpha, @beta, @public, or @internal)[39m
[33mWarning: dist/index.d.ts:90:1 - (ae-missing-release-tag) "AggregateQuerySnapshot" is exported by the package, but it is missing a release tag (@alpha, @beta, @public, or @internal)[39m
[33mWarning: dist/index.d.ts:130:1 - (ae-missing-release-tag) "aggregateQuerySnapshotEqual" is exported by the package, but it is missing a release tag (@alpha, @beta, @public, or @internal)[39m
[33mWarning: dist/index.d.ts:142:1 - (ae-missing-release-tag) "AggregateSpec" is exported by the package, but it is missing a release tag (@alpha, @beta, @public, or @internal)[39m
[33mWarning: dist/index.d.ts:151:1 - (ae-missing-release-tag) "AggregateSpecData" is exported by the package, but it is missing a release tag (@alpha, @beta, @public, or @internal)[39m
[33mWarning: dist/index.d.ts:158:1 - (ae-missing-release-tag) "AggregateType" is exported by the package, but it is missing a release tag (@alpha, @beta, @public, or @internal)[39m
[33mWarning: dist/index.d.ts:170:1 - (ae-missing-release-tag) "and" is exported by the package, but it is missing a release tag (@alpha, @beta, @public, or @internal)[39m
[33mWarning: dist/index.d.ts:175:13 - (tsdoc-reference-selector-missing-parens) Syntax error in declaration reference: the member selector must be enclosed in parentheses[39m
[33mWarning: dist/index.d.ts:184:1 - (ae-missing-release-tag) "arrayRemove" is exported by the package, but it is missing a release tag (@alpha, @beta, @public, or @internal)[39mDone in 89.63s.
yarn run v1.22.22
(node:66801) [DEP0169] DeprecationWarning: `url.parse()` behavior is not standardized and prone to errors that have security implications. Use the WHATWG URL API instead. CVEs are not issued for `url.parse()` vulnerabilities.
(Use `node --trace-deprecation ...` to show where the warning was created)
$ yarn typings:public && INCLUDE_FIRESTORE_PERSISTENCE=false gulp compile-tests
(node:66803) [DEP0169] DeprecationWarning: `url.parse()` behavior is not standardized and prone to errors that have security implications. Use the WHATWG URL API instead. CVEs are not issued for `url.parse()` vulnerabilities.
(Use `node --trace-deprecation ...` to show where the warning was created)
$ lerna run typings:public --scope="@firebase/app" --scope="@firebase/firestore"
lerna notice cli v10.0.0
lerna info versioning independent
lerna notice filter including ["@firebase/app","@firebase/firestore"]
lerna info filter [ '@firebase/app', '@firebase/firestore' ]

 Lerna (powered by Nx)   Running target typings:public for 2 projects:

- @firebase/app
- @firebase/firestore



> @firebase/app:"typings:public"

(node:66833) Warning: The 'NO_COLOR' env is ignored due to the 'FORCE_COLOR' env being set.
(Use `node --trace-warnings ...` to show where the warning was created)
(node:66838) Warning: The 'NO_COLOR' env is ignored due to the 'FORCE_COLOR' env being set.
(Use `node --trace-warnings ...` to show where the warning was created)
(node:66838) [DEP0169] DeprecationWarning: `url.parse()` behavior is not standardized and prone to errors that have security implications. Use the WHATWG URL API instead. CVEs are not issued for `url.parse()` vulnerabilities.
[2K[1G[2m$ node ../../scripts/build/use_typings.js ./dist/app-public.d.ts[22m
Pointing the typings field in @firebase/app to ./dist/app-public.d.ts
(node:66839) Warning: The 'NO_COLOR' env is ignored due to the 'FORCE_COLOR' env being set.
(Use `node --trace-warnings ...` to show where the warning was created)

> @firebase/firestore:"typings:public"

(node:66834) Warning: The 'NO_COLOR' env is ignored due to the 'FORCE_COLOR' env being set.
(Use `node --trace-warnings ...` to show where the warning was created)
(node:66837) Warning: The 'NO_COLOR' env is ignored due to the 'FORCE_COLOR' env being set.
(Use `node --trace-warnings ...` to show where the warning was created)
(node:66837) [DEP0169] DeprecationWarning: `url.parse()` behavior is not standardized and prone to errors that have security implications. Use the WHATWG URL API instead. CVEs are not issued for `url.parse()` vulnerabilities.
[2K[1G[2m$ node ../../scripts/build/use_typings.js ./dist/index.d.ts[22m
Pointing the typings field in @firebase/firestore to ./dist/index.d.ts
(node:66840) Warning: The 'NO_COLOR' env is ignored due to the 'FORCE_COLOR' env being set.
(Use `node --trace-warnings ...` to show where the warning was created)



 Lerna (powered by Nx)   Successfully ran target typings:public for 2 projects


  Run duration:      663ms
  Cache:             0/2 hit (0%)
  Critical path:     656ms (1 task)
  Recoverable time:  <1ms
[05:24:59] Using gulpfile /private/tmp/fireside-phase2-oracles.EJXGdU/firebase-js-sdk/integration/firestore/gulpfile.js
[05:24:59] Starting 'compile-tests'...
[05:24:59] Starting 'clean'...
[05:24:59] Finished 'clean' after 6.46 ms
[05:24:59] Starting 'copyTests'...
[05:24:59] Finished 'copyTests' after 24 ms
[05:24:59] Starting 'compileWebpack'...
Browserslist: browsers data (caniuse-lite) is 8 months old. Please run:
  npx update-browserslist-db@latest
  Why you should do it regularly: https://github.com/browserslist/update-db#readme
[05:25:02] assets by path temp/test/integration/ 29.1 KiB
  assets by path temp/test/integration/api/*.ts 13.6 KiB
    asset temp/test/integration/api/query.test.d.ts 913 bytes [emitted]
    + 21 assets
  assets by path temp/test/integration/util/*.ts 15.5 KiB
    asset temp/test/integration/util/helpers.d.ts 8.2 KiB [emitted]
    + 4 assets
assets by path temp/test/util/*.ts 3.34 KiB
  asset temp/test/util/mocha_extensions.d.ts 1.38 KiB [emitted]
  asset temp/test/util/equality_matcher.d.ts 1.12 KiB [emitted]
  asset temp/test/util/promise.d.ts 860 bytes [emitted]
assets by path *.ts 1.62 KiB
  asset firebase_export.d.ts 1010 bytes [emitted]
  asset pipeline_export.d.ts 652 bytes [emitted]
asset test-harness.js 11.4 MiB [emitted] (name: main)
  
webpack 5.104.1 compiled successfully
[05:25:02] Finished 'compileWebpack' after 2.75 s
[05:25:02] Finished 'compile-tests' after 2.78 s
Done in 5.97s.
    Finished `dev` profile [unoptimized + debuginfo] target(s) in 0.49s
WARNING: fireside Security Rules are not configured; client access is open
fireside Firestore listening on 127.0.0.1:8080 with 4 runtime worker thread(s); mimalloc purge delay 0 ms, decommit true
yarn run v1.22.22
(node:66971) [DEP0169] DeprecationWarning: `url.parse()` behavior is not standardized and prone to errors that have security implications. Use the WHATWG URL API instead. CVEs are not issued for `url.parse()` vulnerabilities.
(Use `node --trace-deprecation ...` to show where the warning was created)
$ /private/tmp/fireside-phase2-oracles.EJXGdU/firebase-js-sdk/node_modules/.bin/karma start /Users/sanjevirau/Desktop/fireside/conformance/src/webchannel/firebase-js-sdk-karma.conf.cjs --single-run --grep '(?:^\(Persistence=memory_lru_gc\) Count queries(?= |$))'
The 'BROWSERS' environment variable is undefined. Defaulting to 'ChromeHeadless'.
webpack was not included as a framework in karma configuration, setting this automatically...

START:
(node:66976) [DEP0060] DeprecationWarning: The `util._extend` API is deprecated. Please use Object.assign() instead.
(Use `node --trace-deprecation ...` to show where the warning was created)
[32m02 09 2026 05:25:05.519:INFO [karma-server]: [39mKarma v6.4.4 server started at http://localhost:8089/
[32m02 09 2026 05:25:05.520:INFO [launcher]: [39mLaunching browsers ChromeHeadless with concurrency unlimited
[32m02 09 2026 05:25:05.523:INFO [launcher]: [39mStarting browser ChromeHeadless
[32m02 09 2026 05:25:07.158:INFO [Chrome Headless 152.0.0.0 (Mac OS 10.15.7)]: [39mConnected on socket gClATb0m5HLAIat4AAAB with id 16631237
Chrome Headless 152.0.0.0 (Mac OS 10.15.7) LOG: 'Default Settings: {"host":"localhost:8080","ssl":false}'
Chrome Headless 152.0.0.0 (Mac OS 10.15.7) LOG: 'Default DatabaseId: "(default)"'
  (Persistence=memory_lru_gc) Count queries
    ✔ can run count query getCountFromServer
    ✔ can run count query getCountFromServer with special chars in the document path: so!@#$%^&*()_+special/sub
    ✔ can run count query getCountFromServer with special chars in the document path: b1/so!@#$%^&*()_+special
    ✔ count query doesn't use converter
    ✔ count query supports collection groups
    ✔ getCountFromServer fails if firestore is terminated
    ✔ terminate doesn't crash when there is count query in flight
    ✖ getCountFromServer fails if user is offline (skipped)
    ✖ getCountFromServer error message contains console link if missing index (skipped)
TOTAL: 7 SUCCESS

Finished in 0.064 secs / 0.062 secs @ 05:25:07 GMT+0800 (Malaysia Time)

SUMMARY:
✔ 7 tests completed
ℹ 2 tests skipped
Done in 2.72s.
yarn run v1.22.22
(node:67024) [DEP0169] DeprecationWarning: `url.parse()` behavior is not standardized and prone to errors that have security implications. Use the WHATWG URL API instead. CVEs are not issued for `url.parse()` vulnerabilities.
(Use `node --trace-deprecation ...` to show where the warning was created)
$ /private/tmp/fireside-phase2-oracles.EJXGdU/firebase-js-sdk/node_modules/.bin/karma start /Users/sanjevirau/Desktop/fireside/conformance/src/webchannel/firebase-js-sdk-karma.conf.cjs --single-run --grep '(?:^\(Persistence=memory_lru_gc\) Aggregation queries(?! (?:- sum / average)(?: |$))(?= |$))'
The 'BROWSERS' environment variable is undefined. Defaulting to 'ChromeHeadless'.
webpack was not included as a framework in karma configuration, setting this automatically...

START:
(node:67025) [DEP0060] DeprecationWarning: The `util._extend` API is deprecated. Please use Object.assign() instead.
(Use `node --trace-deprecation ...` to show where the warning was created)
[32m02 09 2026 05:25:08.118:INFO [karma-server]: [39mKarma v6.4.4 server started at http://localhost:8089/
[32m02 09 2026 05:25:08.119:INFO [launcher]: [39mLaunching browsers ChromeHeadless with concurrency unlimited
[32m02 09 2026 05:25:08.121:INFO [launcher]: [39mStarting browser ChromeHeadless
[32m02 09 2026 05:25:09.047:INFO [Chrome Headless 152.0.0.0 (Mac OS 10.15.7)]: [39mConnected on socket oRj33XlJ8388ujMGAAAB with id 49436166
Chrome Headless 152.0.0.0 (Mac OS 10.15.7) LOG: 'Default Settings: {"host":"localhost:8080","ssl":false}'
Chrome Headless 152.0.0.0 (Mac OS 10.15.7) LOG: 'Default DatabaseId: "(default)"'
  (Persistence=memory_lru_gc) Aggregation queries
    ✔ can run count query getAggregationFromServer
    ✔ can alias aggregations using getAggregationFromServer
    ✔ allows special chars in aliases when using getAggregationFromServer
    ✔ allows backticks in aliases when using getAggregationFromServer
    ✔ allows backslash in aliases when using getAggregationFromServer
    ✔ allows aliases with length greater than 1500 bytes
    ✔ can get duplicate aggregations using getAggregationFromServer
    ✔ getAggregationFromServer doesn't use converter
    ✔ aggregate query supports collection groups
    ✔ getAggregateFromServer fails if firestore is terminated
    ✔ terminate doesn't crash when there is aggregate query in flight
    ✖ getAggregateFromServer fails if user is offline (skipped)
    ✖ getAggregateFromServer error message contains console link good if missing index (skipped)
TOTAL: 11 SUCCESS

Finished in 0.058 secs / 0.057 secs @ 05:25:09 GMT+0800 (Malaysia Time)

SUMMARY:
✔ 11 tests completed
ℹ 2 tests skipped
Done in 1.76s.
yarn run v1.22.22
(node:67120) [DEP0169] DeprecationWarning: `url.parse()` behavior is not standardized and prone to errors that have security implications. Use the WHATWG URL API instead. CVEs are not issued for `url.parse()` vulnerabilities.
(Use `node --trace-deprecation ...` to show where the warning was created)
$ /private/tmp/fireside-phase2-oracles.EJXGdU/firebase-js-sdk/node_modules/.bin/karma start /Users/sanjevirau/Desktop/fireside/conformance/src/webchannel/firebase-js-sdk-karma.conf.cjs --single-run --grep '(?:^\(Persistence=memory_lru_gc\) Aggregation queries - sum / average(?= |$))'
The 'BROWSERS' environment variable is undefined. Defaulting to 'ChromeHeadless'.
webpack was not included as a framework in karma configuration, setting this automatically...

START:
(node:67121) [DEP0060] DeprecationWarning: The `util._extend` API is deprecated. Please use Object.assign() instead.
(Use `node --trace-deprecation ...` to show where the warning was created)
[32m02 09 2026 05:25:09.994:INFO [karma-server]: [39mKarma v6.4.4 server started at http://localhost:8089/
[32m02 09 2026 05:25:09.996:INFO [launcher]: [39mLaunching browsers ChromeHeadless with concurrency unlimited
[32m02 09 2026 05:25:09.998:INFO [launcher]: [39mStarting browser ChromeHeadless
[32m02 09 2026 05:25:10.989:INFO [Chrome Headless 152.0.0.0 (Mac OS 10.15.7)]: [39mConnected on socket 59jHWOMkvWhCiXwMAAAB with id 62026826
Chrome Headless 152.0.0.0 (Mac OS 10.15.7) LOG: 'Default Settings: {"host":"localhost:8080","ssl":false}'
Chrome Headless 152.0.0.0 (Mac OS 10.15.7) LOG: 'Default DatabaseId: "(default)"'
  (Persistence=memory_lru_gc) Aggregation queries - sum / average
    ✔ can run sum query getAggregationFromServer
    ✔ can run average query getAggregationFromServer
    ✔ can get multiple aggregations using getAggregationFromServer
    ✔ can get duplicate aggregations using getAggregationFromServer
    ✔ can perform max (5) aggregations using getAggregationFromServer
WARN: '[2026-09-01T21:25:11.155Z]  @firebase/firestore:', 'Firestore (12.18.0): RestConnection', 'RPC 'RunAggregationQuery' 0x28c3c643 failed with error: ', '{"code":"invalid-argument","name":"FirebaseError"}', 'url: ', 'http://localhost:8080/v1/projects/test-emulator/databases/(default)/documents:runAggregationQuery?key=fake-api-key', 'request:', '{"structuredAggregationQuery":{"aggregations":[{"alias":"aggregate_0","sum":{"field":{"fieldPath":"pages"}}},{"alias":"aggregate_1","avg":{"field":{"fieldPath":"pages"}}},{"alias":"aggregate_2","count":{}},{"alias":"aggregate_3","sum":{"field":{"fieldPath":"pages"}}},{"alias":"aggregate_4","avg":{"field":{"fieldPath":"pages"}}},{"alias":"aggregate_5","count":{}}],"structuredQuery":{"from":[{"collectionId":"5KnmKblMjiRuIxTOh0f5"}]}}}'
    ✔ fails when exceeding the max (5) aggregations using getAggregationFromServer
    ✔ returns undefined when getting the result of an unrequested aggregation
    ✔ performs aggregates when using `in` operator getAggregationFromServer
    ✔ performs aggregations on nested map values using getAggregationFromServer
    ✔ performs sum that results in float using getAggregationFromServer
    ✔ performs sum of ints and floats that results in an int using getAggregationFromServer
    ✔ performs sum that overflows max int using getAggregationFromServer
    ✔ performs sum that can overflow integer values during accumulation using getAggregationFromServer
    ✔ performs sum that is negative using getAggregationFromServer
    ✔ performs sum that is positive infinity using getAggregationFromServer
    ✔ performs sum that is positive infinity using getAggregationFromServer v2
    ✔ performs sum that is negative infinity using getAggregationFromServer
    ✔ performs sum that is valid but could overflow during aggregation using getAggregationFromServer
    ✔ performs sum that includes NaN using getAggregationFromServer
    ✔ performs sum over a result set of zero documents using getAggregationFromServer
    ✔ performs sum only on numeric fields using getAggregationFromServer
    ✔ performs sum of min IEEE754 using getAggregationFromServer
    ✔ performs average of ints that results in an int using getAggregationFromServer
    ✔ performs average of floats that results in an int using getAggregationFromServer
    ✔ performs average of floats and ints that results in an int using getAggregationFromServer
    ✔ performs average of float that results in float using getAggregationFromServer
    ✔ performs average of floats and ints that results in a float using getAggregationFromServer
    ✔ performs average of ints that results in a float using getAggregationFromServer
    ✔ performs average causing underflow using getAggregationFromServer
    ✔ performs average of min IEEE754 using getAggregationFromServer
    ✔ performs average that overflows IEEE754 during accumulation using getAggregationFromServer
    ✔ performs average that includes NaN using getAggregationFromServer
    ✔ performs average over a result set of zero documents using getAggregationFromServer
    ✔ performs average only on numeric fields using getAggregationFromServer
TOTAL: 34 SUCCESS

Finished in 0.157 secs / 0.152 secs @ 05:25:11 GMT+0800 (Malaysia Time)

SUMMARY:
✔ 34 tests completed
Done in 2.14s.
yarn run v1.22.22
(node:67162) [DEP0169] DeprecationWarning: `url.parse()` behavior is not standardized and prone to errors that have security implications. Use the WHATWG URL API instead. CVEs are not issued for `url.parse()` vulnerabilities.
(Use `node --trace-deprecation ...` to show where the warning was created)
$ /private/tmp/fireside-phase2-oracles.EJXGdU/firebase-js-sdk/node_modules/.bin/karma start /Users/sanjevirau/Desktop/fireside/conformance/src/webchannel/firebase-js-sdk-karma.conf.cjs --single-run --grep '(?:^\(Persistence=memory_lru_gc\) Array Transforms:(?= |$))'
The 'BROWSERS' environment variable is undefined. Defaulting to 'ChromeHeadless'.
webpack was not included as a framework in karma configuration, setting this automatically...

START:
(node:67163) [DEP0060] DeprecationWarning: The `util._extend` API is deprecated. Please use Object.assign() instead.
(Use `node --trace-deprecation ...` to show where the warning was created)
[32m02 09 2026 05:25:12.242:INFO [karma-server]: [39mKarma v6.4.4 server started at http://localhost:8089/
[32m02 09 2026 05:25:12.243:INFO [launcher]: [39mLaunching browsers ChromeHeadless with concurrency unlimited
[32m02 09 2026 05:25:12.245:INFO [launcher]: [39mStarting browser ChromeHeadless
[32m02 09 2026 05:25:13.192:INFO [Chrome Headless 152.0.0.0 (Mac OS 10.15.7)]: [39mConnected on socket eNzvzx-pRU76aiXfAAAB with id 66013078
Chrome Headless 152.0.0.0 (Mac OS 10.15.7) LOG: 'Default Settings: {"host":"localhost:8080","ssl":false}'
Chrome Headless 152.0.0.0 (Mac OS 10.15.7) LOG: 'Default DatabaseId: "(default)"'
  (Persistence=memory_lru_gc) Array Transforms:
    ✔ create document with arrayUnion()
    ✔ append to array via update()
    ✔ append to array via set(..., {merge: true})
    ✔ append object to array via update()
    ✔ remove from array via update()
    ✔ remove from array via set(..., {merge: true})
    ✔ remove object from array via update()
    ✔ arrayUnion() supports DocumentReference
    Server Application: 
      ✔ set() with no cached base doc
      ✔ update() with no cached base doc
      ✔ set(..., {merge}) with no cached based doc
      ✔ update() with cached base doc using arrayUnion()
      ✔ update() with cached base doc using arrayRemove()
TOTAL: 13 SUCCESS

Finished in 0.21 secs / 0.206 secs @ 05:25:13 GMT+0800 (Malaysia Time)

SUMMARY:
✔ 13 tests completed
Done in 1.94s.
yarn run v1.22.22
(node:67207) [DEP0169] DeprecationWarning: `url.parse()` behavior is not standardized and prone to errors that have security implications. Use the WHATWG URL API instead. CVEs are not issued for `url.parse()` vulnerabilities.
(Use `node --trace-deprecation ...` to show where the warning was created)
$ /private/tmp/fireside-phase2-oracles.EJXGdU/firebase-js-sdk/node_modules/.bin/karma start /Users/sanjevirau/Desktop/fireside/conformance/src/webchannel/firebase-js-sdk-karma.conf.cjs --single-run --grep '(?:^\(Persistence=memory_lru_gc\) Database batch writes(?= |$))'
The 'BROWSERS' environment variable is undefined. Defaulting to 'ChromeHeadless'.
webpack was not included as a framework in karma configuration, setting this automatically...

START:
(node:67208) [DEP0060] DeprecationWarning: The `util._extend` API is deprecated. Please use Object.assign() instead.
(Use `node --trace-deprecation ...` to show where the warning was created)
[32m02 09 2026 05:25:14.263:INFO [karma-server]: [39mKarma v6.4.4 server started at http://localhost:8089/
[32m02 09 2026 05:25:14.264:INFO [launcher]: [39mLaunching browsers ChromeHeadless with concurrency unlimited
[32m02 09 2026 05:25:14.265:INFO [launcher]: [39mStarting browser ChromeHeadless
[32m02 09 2026 05:25:15.200:INFO [Chrome Headless 152.0.0.0 (Mac OS 10.15.7)]: [39mConnected on socket K_1Vkr7p63zmoYuNAAAB with id 44699559
Chrome Headless 152.0.0.0 (Mac OS 10.15.7) LOG: 'Default Settings: {"host":"localhost:8080","ssl":false}'
Chrome Headless 152.0.0.0 (Mac OS 10.15.7) LOG: 'Default DatabaseId: "(default)"'
  (Persistence=memory_lru_gc) Database batch writes
    ✔ supports empty batches
    ✔ can set documents
    ✔ can set documents with merge
    ✔ can update documents
    ✔ can update nested fields
    ✔ can delete documents
    ✔ commit atomically, raising correct events
    ✔ fail atomically, raising correct events
    ✔ write the same server timestamp across writes
    ✔ can write the same document multiple times
    (Persistence=memory_lru_gc) withConverter() support
      ✔ for WriteBatch.set<T>()
TOTAL: 11 SUCCESS

Finished in 0.15 secs / 0.162 secs @ 05:25:15 GMT+0800 (Malaysia Time)

SUMMARY:
✔ 11 tests completed
Done in 1.91s.
yarn run v1.22.22
(node:67251) [DEP0169] DeprecationWarning: `url.parse()` behavior is not standardized and prone to errors that have security implications. Use the WHATWG URL API instead. CVEs are not issued for `url.parse()` vulnerabilities.
(Use `node --trace-deprecation ...` to show where the warning was created)
$ /private/tmp/fireside-phase2-oracles.EJXGdU/firebase-js-sdk/node_modules/.bin/karma start /Users/sanjevirau/Desktop/fireside/conformance/src/webchannel/firebase-js-sdk-karma.conf.cjs --single-run --grep '(?:^\(Persistence=memory_lru_gc\) Bundles(?= |$))'
The 'BROWSERS' environment variable is undefined. Defaulting to 'ChromeHeadless'.
webpack was not included as a framework in karma configuration, setting this automatically...

START:
(node:67252) [DEP0060] DeprecationWarning: The `util._extend` API is deprecated. Please use Object.assign() instead.
(Use `node --trace-deprecation ...` to show where the warning was created)
[32m02 09 2026 05:25:16.270:INFO [karma-server]: [39mKarma v6.4.4 server started at http://localhost:8089/
[32m02 09 2026 05:25:16.272:INFO [launcher]: [39mLaunching browsers ChromeHeadless with concurrency unlimited
[32m02 09 2026 05:25:16.274:INFO [launcher]: [39mStarting browser ChromeHeadless
[32m02 09 2026 05:25:17.192:INFO [Chrome Headless 152.0.0.0 (Mac OS 10.15.7)]: [39mConnected on socket f6mye2liFz_QTlJkAAAB with id 14490313
Chrome Headless 152.0.0.0 (Mac OS 10.15.7) LOG: 'Default Settings: {"host":"localhost:8080","ssl":false}'
Chrome Headless 152.0.0.0 (Mac OS 10.15.7) LOG: 'Default DatabaseId: "(default)"'
  (Persistence=memory_lru_gc) Bundles
    ✔ load with documents only with on progress and promise interface
    ✔ load with documents and queries with promise interface
    ✔ load for a second time skips
ERROR: '[2026-09-01T21:25:17.376Z]  @firebase/firestore:', 'Firestore (12.18.0): Uncaught Error in snapshot listener:', 'FirebaseError: [code=aborted]: Firestore shutting down'
    ✔ load with documents already pulled from backend
    ✔ loaded documents should not be GC-ed right away
WARN: '[2026-09-01T21:25:17.379Z]  @firebase/firestore:', 'Firestore (12.18.0): SyncEngine', 'Loading bundle failed with FirebaseError: [code=invalid-argument]: Tried to deserialize key from different project: test-emulator vs test-db2'
    ✔ load with documents from other projects fails
TOTAL: 6 SUCCESS

Finished in 0.053 secs / 0.044 secs @ 05:25:17 GMT+0800 (Malaysia Time)

SUMMARY:
✔ 6 tests completed
Done in 1.74s.
yarn run v1.22.22
(node:67295) [DEP0169] DeprecationWarning: `url.parse()` behavior is not standardized and prone to errors that have security implications. Use the WHATWG URL API instead. CVEs are not issued for `url.parse()` vulnerabilities.
(Use `node --trace-deprecation ...` to show where the warning was created)
$ /private/tmp/fireside-phase2-oracles.EJXGdU/firebase-js-sdk/node_modules/.bin/karma start /Users/sanjevirau/Desktop/fireside/conformance/src/webchannel/firebase-js-sdk-karma.conf.cjs --single-run --grep '(?:^\(Persistence=memory_lru_gc\) Composite Index Queries(?= |$))'
The 'BROWSERS' environment variable is undefined. Defaulting to 'ChromeHeadless'.
webpack was not included as a framework in karma configuration, setting this automatically...

START:
(node:67296) [DEP0060] DeprecationWarning: The `util._extend` API is deprecated. Please use Object.assign() instead.
(Use `node --trace-deprecation ...` to show where the warning was created)
[32m02 09 2026 05:25:18.120:INFO [karma-server]: [39mKarma v6.4.4 server started at http://localhost:8089/
[32m02 09 2026 05:25:18.121:INFO [launcher]: [39mLaunching browsers ChromeHeadless with concurrency unlimited
[32m02 09 2026 05:25:18.124:INFO [launcher]: [39mStarting browser ChromeHeadless
[32m02 09 2026 05:25:19.053:INFO [Chrome Headless 152.0.0.0 (Mac OS 10.15.7)]: [39mConnected on socket OCGZ4N1kpGVpSnEjAAAB with id 20730092
Chrome Headless 152.0.0.0 (Mac OS 10.15.7) LOG: 'Default Settings: {"host":"localhost:8080","ssl":false}'
Chrome Headless 152.0.0.0 (Mac OS 10.15.7) LOG: 'Default DatabaseId: "(default)"'
  (Persistence=memory_lru_gc) Composite Index Queries
    OR Queries
      ✔ can use query overloads
      ✔ can use or queries
    Aggregation queries - sum / average
      ✔ aggregate query supports collection groups - multi-aggregate
      ✖ performs aggregations on documents with all aggregated fields using getAggregationFromServer (skipped)
      ✔ performs aggregates on multiple fields where one aggregate could cause short-circuit due to NaN using getAggregationFromServer
      ✔ performs aggregates when using `array-contains-any` operator getAggregationFromServer
    Multiple Inequality
      ✔ can use multiple inequality filters
      ✔ can use on special values
      ✔ can use with array membership
      ✔ can use with nested field
      ✔ can use with nested composite filters
      ✔ inequality fields will be implicitly ordered lexicographically
      ✔ can use multiple explicit order by field
      ✔ can use in aggregate query
      ✔ can use document ID im multiple inequality query
      ✔ can get documents while offline
      ✔ can get same result from server and cache
      ✔ inequality query will reject if document key is not the last orderBy field
      ✔ inequality query will reject if document key appears only in equality filter
TOTAL: 18 SUCCESS

Finished in 0.188 secs / 0.18 secs @ 05:25:19 GMT+0800 (Malaysia Time)

SUMMARY:
✔ 18 tests completed
ℹ 1 test skipped
Done in 1.87s.
yarn run v1.22.22
(node:67342) [DEP0169] DeprecationWarning: `url.parse()` behavior is not standardized and prone to errors that have security implications. Use the WHATWG URL API instead. CVEs are not issued for `url.parse()` vulnerabilities.
(Use `node --trace-deprecation ...` to show where the warning was created)
$ /private/tmp/fireside-phase2-oracles.EJXGdU/firebase-js-sdk/node_modules/.bin/karma start /Users/sanjevirau/Desktop/fireside/conformance/src/webchannel/firebase-js-sdk-karma.conf.cjs --single-run --grep '(?:^\(Persistence=memory_lru_gc\) Cursors(?= |$))'
The 'BROWSERS' environment variable is undefined. Defaulting to 'ChromeHeadless'.
webpack was not included as a framework in karma configuration, setting this automatically...

START:
(node:67345) [DEP0060] DeprecationWarning: The `util._extend` API is deprecated. Please use Object.assign() instead.
(Use `node --trace-deprecation ...` to show where the warning was created)
[32m02 09 2026 05:25:20.089:INFO [karma-server]: [39mKarma v6.4.4 server started at http://localhost:8089/
[32m02 09 2026 05:25:20.090:INFO [launcher]: [39mLaunching browsers ChromeHeadless with concurrency unlimited
[32m02 09 2026 05:25:20.092:INFO [launcher]: [39mStarting browser ChromeHeadless
[32m02 09 2026 05:25:21.051:INFO [Chrome Headless 152.0.0.0 (Mac OS 10.15.7)]: [39mConnected on socket XH4FHcoi_2FavKxIAAAB with id 86953642
Chrome Headless 152.0.0.0 (Mac OS 10.15.7) LOG: 'Default Settings: {"host":"localhost:8080","ssl":false}'
Chrome Headless 152.0.0.0 (Mac OS 10.15.7) LOG: 'Default DatabaseId: "(default)"'
  (Persistence=memory_lru_gc) Cursors
    ✔ can page through items
    ✔ can be created from documents
    ✔ can be created from values
    ✔ can be created using document id
    ✔ can be used with reference values
    ✔ can be used in descending queries
    ✔ can accept Timestamps as bounds
    ✔ can accept Timestamps in where clause
    ✔ truncate Timestamps
TOTAL: 9 SUCCESS

Finished in 0.085 secs / 0.082 secs @ 05:25:21 GMT+0800 (Malaysia Time)

SUMMARY:
✔ 9 tests completed
Done in 1.80s.
yarn run v1.22.22
(node:67388) [DEP0169] DeprecationWarning: `url.parse()` behavior is not standardized and prone to errors that have security implications. Use the WHATWG URL API instead. CVEs are not issued for `url.parse()` vulnerabilities.
(Use `node --trace-deprecation ...` to show where the warning was created)
$ /private/tmp/fireside-phase2-oracles.EJXGdU/firebase-js-sdk/node_modules/.bin/karma start /Users/sanjevirau/Desktop/fireside/conformance/src/webchannel/firebase-js-sdk-karma.conf.cjs --single-run --grep '(?:^\(Persistence=memory_lru_gc\) Database (?:(?:can set a document(?= |$)|doc\(\) will auto generate an ID(?= |$)|can delete a document(?= |$)|can update existing document(?= |$)|can retrieve document that does not exist(?= |$))))'
The 'BROWSERS' environment variable is undefined. Defaulting to 'ChromeHeadless'.
webpack was not included as a framework in karma configuration, setting this automatically...

START:
(node:67391) [DEP0060] DeprecationWarning: The `util._extend` API is deprecated. Please use Object.assign() instead.
(Use `node --trace-deprecation ...` to show where the warning was created)
[32m02 09 2026 05:25:21.984:INFO [karma-server]: [39mKarma v6.4.4 server started at http://localhost:8089/
[32m02 09 2026 05:25:21.985:INFO [launcher]: [39mLaunching browsers ChromeHeadless with concurrency unlimited
[32m02 09 2026 05:25:21.987:INFO [launcher]: [39mStarting browser ChromeHeadless
[32m02 09 2026 05:25:22.922:INFO [Chrome Headless 152.0.0.0 (Mac OS 10.15.7)]: [39mConnected on socket AeJoCXS1MAVMjVycAAAB with id 72524392
Chrome Headless 152.0.0.0 (Mac OS 10.15.7) LOG: 'Default Settings: {"host":"localhost:8080","ssl":false}'
Chrome Headless 152.0.0.0 (Mac OS 10.15.7) LOG: 'Default DatabaseId: "(default)"'
  (Persistence=memory_lru_gc) Database
    ✔ can set a document
    ✔ doc() will auto generate an ID
    ✔ can delete a document
    ✔ can update existing document
    ✔ can retrieve document that does not exist
TOTAL: 5 SUCCESS

Finished in 0.04 secs / 0.036 secs @ 05:25:23 GMT+0800 (Malaysia Time)

SUMMARY:
✔ 5 tests completed
Done in 1.72s.
yarn run v1.22.22
(node:67445) [DEP0169] DeprecationWarning: `url.parse()` behavior is not standardized and prone to errors that have security implications. Use the WHATWG URL API instead. CVEs are not issued for `url.parse()` vulnerabilities.
(Use `node --trace-deprecation ...` to show where the warning was created)
$ /private/tmp/fireside-phase2-oracles.EJXGdU/firebase-js-sdk/node_modules/.bin/karma start /Users/sanjevirau/Desktop/fireside/conformance/src/webchannel/firebase-js-sdk-karma.conf.cjs --single-run --grep '(?:^\(Persistence=memory_lru_gc\) Database (?:(?:can update an unknown document(?= |$)|can merge data with an existing document using set(?= |$)|can merge server timestamps(?= |$)|can merge empty object(?= |$)|update with empty object replaces all fields(?= |$))))'
The 'BROWSERS' environment variable is undefined. Defaulting to 'ChromeHeadless'.
webpack was not included as a framework in karma configuration, setting this automatically...

START:
(node:67453) [DEP0060] DeprecationWarning: The `util._extend` API is deprecated. Please use Object.assign() instead.
(Use `node --trace-deprecation ...` to show where the warning was created)
[32m02 09 2026 05:25:23.774:INFO [karma-server]: [39mKarma v6.4.4 server started at http://localhost:8089/
[32m02 09 2026 05:25:23.775:INFO [launcher]: [39mLaunching browsers ChromeHeadless with concurrency unlimited
[32m02 09 2026 05:25:23.777:INFO [launcher]: [39mStarting browser ChromeHeadless
[32m02 09 2026 05:25:24.695:INFO [Chrome Headless 152.0.0.0 (Mac OS 10.15.7)]: [39mConnected on socket lrCzlZkdEyPLpHJQAAAB with id 58512736
Chrome Headless 152.0.0.0 (Mac OS 10.15.7) LOG: 'Default Settings: {"host":"localhost:8080","ssl":false}'
Chrome Headless 152.0.0.0 (Mac OS 10.15.7) LOG: 'Default DatabaseId: "(default)"'
  (Persistence=memory_lru_gc) Database
    ✔ can update an unknown document
    ✔ can merge data with an existing document using set
    ✔ can merge server timestamps
    ✔ can merge empty object
    ✔ update with empty object replaces all fields
TOTAL: 5 SUCCESS

Finished in 0.056 secs / 0.055 secs @ 05:25:24 GMT+0800 (Malaysia Time)

SUMMARY:
✔ 5 tests completed
Done in 1.71s.
yarn run v1.22.22
(node:67498) [DEP0169] DeprecationWarning: `url.parse()` behavior is not standardized and prone to errors that have security implications. Use the WHATWG URL API instead. CVEs are not issued for `url.parse()` vulnerabilities.
(Use `node --trace-deprecation ...` to show where the warning was created)
$ /private/tmp/fireside-phase2-oracles.EJXGdU/firebase-js-sdk/node_modules/.bin/karma start /Users/sanjevirau/Desktop/fireside/conformance/src/webchannel/firebase-js-sdk-karma.conf.cjs --single-run --grep '(?:^\(Persistence=memory_lru_gc\) Database (?:(?:merge with empty object replaces all fields(?= |$)|can delete field using merge(?= |$)|can delete field using mergeFields(?= |$)|can set server timestamps using mergeFields(?= |$)|can replace an array by merging using set(?= |$))))'
The 'BROWSERS' environment variable is undefined. Defaulting to 'ChromeHeadless'.
webpack was not included as a framework in karma configuration, setting this automatically...

START:
(node:67499) [DEP0060] DeprecationWarning: The `util._extend` API is deprecated. Please use Object.assign() instead.
(Use `node --trace-deprecation ...` to show where the warning was created)
[32m02 09 2026 05:25:25.671:INFO [karma-server]: [39mKarma v6.4.4 server started at http://localhost:8089/
[32m02 09 2026 05:25:25.672:INFO [launcher]: [39mLaunching browsers ChromeHeadless with concurrency unlimited
[32m02 09 2026 05:25:25.675:INFO [launcher]: [39mStarting browser ChromeHeadless
[32m02 09 2026 05:25:26.703:INFO [Chrome Headless 152.0.0.0 (Mac OS 10.15.7)]: [39mConnected on socket C0jGB8ph7LPzQOyjAAAB with id 87613837
Chrome Headless 152.0.0.0 (Mac OS 10.15.7) LOG: 'Default Settings: {"host":"localhost:8080","ssl":false}'
Chrome Headless 152.0.0.0 (Mac OS 10.15.7) LOG: 'Default DatabaseId: "(default)"'
  (Persistence=memory_lru_gc) Database
    ✔ merge with empty object replaces all fields
    ✔ can delete field using merge
    ✔ can delete field using mergeFields
    ✔ can set server timestamps using mergeFields
    ✔ can replace an array by merging using set
TOTAL: 5 SUCCESS

Finished in 0.051 secs / 0.05 secs @ 05:25:26 GMT+0800 (Malaysia Time)

SUMMARY:
✔ 5 tests completed
Done in 1.93s.
yarn run v1.22.22
(node:67546) [DEP0169] DeprecationWarning: `url.parse()` behavior is not standardized and prone to errors that have security implications. Use the WHATWG URL API instead. CVEs are not issued for `url.parse()` vulnerabilities.
(Use `node --trace-deprecation ...` to show where the warning was created)
$ /private/tmp/fireside-phase2-oracles.EJXGdU/firebase-js-sdk/node_modules/.bin/karma start /Users/sanjevirau/Desktop/fireside/conformance/src/webchannel/firebase-js-sdk-karma.conf.cjs --single-run --grep '(?:^\(Persistence=memory_lru_gc\) Database (?:(?:can'\''t specify a field mask for a missing field using set(?= |$)|can set a subset of fields using a field mask(?= |$)|doesn'\''t apply field delete outside of mask(?= |$)|doesn'\''t apply field transform outside of mask(?= |$)|can set an empty field mask(?= |$))))'
The 'BROWSERS' environment variable is undefined. Defaulting to 'ChromeHeadless'.
webpack was not included as a framework in karma configuration, setting this automatically...

START:
(node:67547) [DEP0060] DeprecationWarning: The `util._extend` API is deprecated. Please use Object.assign() instead.
(Use `node --trace-deprecation ...` to show where the warning was created)
[32m02 09 2026 05:25:27.634:INFO [karma-server]: [39mKarma v6.4.4 server started at http://localhost:8089/
[32m02 09 2026 05:25:27.636:INFO [launcher]: [39mLaunching browsers ChromeHeadless with concurrency unlimited
[32m02 09 2026 05:25:27.638:INFO [launcher]: [39mStarting browser ChromeHeadless
[32m02 09 2026 05:25:28.569:INFO [Chrome Headless 152.0.0.0 (Mac OS 10.15.7)]: [39mConnected on socket -qVOeTgOI5jus7dEAAAB with id 26434384
Chrome Headless 152.0.0.0 (Mac OS 10.15.7) LOG: 'Default Settings: {"host":"localhost:8080","ssl":false}'
Chrome Headless 152.0.0.0 (Mac OS 10.15.7) LOG: 'Default DatabaseId: "(default)"'
  (Persistence=memory_lru_gc) Database
    ✔ can't specify a field mask for a missing field using set
    ✔ can set a subset of fields using a field mask
    ✔ doesn't apply field delete outside of mask
    ✔ doesn't apply field transform outside of mask
    ✔ can set an empty field mask
TOTAL: 5 SUCCESS

Finished in 0.044 secs / 0.042 secs @ 05:25:28 GMT+0800 (Malaysia Time)

SUMMARY:
✔ 5 tests completed
Done in 1.77s.
yarn run v1.22.22
(node:67599) [DEP0169] DeprecationWarning: `url.parse()` behavior is not standardized and prone to errors that have security implications. Use the WHATWG URL API instead. CVEs are not issued for `url.parse()` vulnerabilities.
(Use `node --trace-deprecation ...` to show where the warning was created)
$ /private/tmp/fireside-phase2-oracles.EJXGdU/firebase-js-sdk/node_modules/.bin/karma start /Users/sanjevirau/Desktop/fireside/conformance/src/webchannel/firebase-js-sdk-karma.conf.cjs --single-run --grep '(?:^\(Persistence=memory_lru_gc\) Database (?:(?:can specify fields multiple times in a field mask(?= |$)|cannot update nonexistent document(?= |$)|can delete a field with an update(?= |$)|can update nested fields(?= |$)|can specify updated field multiple times(?= |$))))'
The 'BROWSERS' environment variable is undefined. Defaulting to 'ChromeHeadless'.
webpack was not included as a framework in karma configuration, setting this automatically...

START:
(node:67600) [DEP0060] DeprecationWarning: The `util._extend` API is deprecated. Please use Object.assign() instead.
(Use `node --trace-deprecation ...` to show where the warning was created)
[32m02 09 2026 05:25:29.497:INFO [karma-server]: [39mKarma v6.4.4 server started at http://localhost:8089/
[32m02 09 2026 05:25:29.498:INFO [launcher]: [39mLaunching browsers ChromeHeadless with concurrency unlimited
[32m02 09 2026 05:25:29.501:INFO [launcher]: [39mStarting browser ChromeHeadless
[32m02 09 2026 05:25:30.442:INFO [Chrome Headless 152.0.0.0 (Mac OS 10.15.7)]: [39mConnected on socket QUdfsI1cezY_i1InAAAB with id 53532903
Chrome Headless 152.0.0.0 (Mac OS 10.15.7) LOG: 'Default Settings: {"host":"localhost:8080","ssl":false}'
Chrome Headless 152.0.0.0 (Mac OS 10.15.7) LOG: 'Default DatabaseId: "(default)"'
  (Persistence=memory_lru_gc) Database
    ✔ can specify fields multiple times in a field mask
    ✔ cannot update nonexistent document
    ✔ can delete a field with an update
    ✔ can update nested fields
    ✔ can specify updated field multiple times
TOTAL: 5 SUCCESS

Finished in 0.053 secs / 0.05 secs @ 05:25:30 GMT+0800 (Malaysia Time)

SUMMARY:
✔ 5 tests completed
Done in 1.80s.
yarn run v1.22.22
(node:67646) [DEP0169] DeprecationWarning: `url.parse()` behavior is not standardized and prone to errors that have security implications. Use the WHATWG URL API instead. CVEs are not issued for `url.parse()` vulnerabilities.
(Use `node --trace-deprecation ...` to show where the warning was created)
$ /private/tmp/fireside-phase2-oracles.EJXGdU/firebase-js-sdk/node_modules/.bin/karma start /Users/sanjevirau/Desktop/fireside/conformance/src/webchannel/firebase-js-sdk-karma.conf.cjs --single-run --grep '(?:^\(Persistence=memory_lru_gc\) Database (?:(?:vector embeddings(?= |$)|documents: (?= |$)|CollectionRef\.add\(\) resolves with resulting DocumentRef\.(?= |$)|onSnapshotsInSync fires after listeners are in sync(?= |$)|\(Persistence=(?:memory_lru_gc|indexeddb)\) Queries are validated client-side(?= |$))))'
The 'BROWSERS' environment variable is undefined. Defaulting to 'ChromeHeadless'.
webpack was not included as a framework in karma configuration, setting this automatically...

START:
(node:67648) [DEP0060] DeprecationWarning: The `util._extend` API is deprecated. Please use Object.assign() instead.
(Use `node --trace-deprecation ...` to show where the warning was created)
[32m02 09 2026 05:25:31.468:INFO [karma-server]: [39mKarma v6.4.4 server started at http://localhost:8089/
[32m02 09 2026 05:25:31.470:INFO [launcher]: [39mLaunching browsers ChromeHeadless with concurrency unlimited
[32m02 09 2026 05:25:31.472:INFO [launcher]: [39mStarting browser ChromeHeadless
[32m02 09 2026 05:25:32.536:INFO [Chrome Headless 152.0.0.0 (Mac OS 10.15.7)]: [39mConnected on socket 522v5JFM1C9YIqtnAAAB with id 6973635
Chrome Headless 152.0.0.0 (Mac OS 10.15.7) LOG: 'Default Settings: {"host":"localhost:8080","ssl":false}'
Chrome Headless 152.0.0.0 (Mac OS 10.15.7) LOG: 'Default DatabaseId: "(default)"'
  (Persistence=memory_lru_gc) Database
    ✔ CollectionRef.add() resolves with resulting DocumentRef.
ERROR: '[2026-09-01T21:25:32.741Z]  @firebase/firestore:', 'Firestore (12.18.0): Uncaught Error in snapshot listener:', 'FirebaseError: [code=aborted]: Firestore shutting down'
    ✔ onSnapshotsInSync fires after listeners are in sync
    vector embeddings
      ✔ can write and read vector embeddings
      ✔ can listen to documents with vectors
      ✔ SDK orders vector field same way as backend
      From Cache
        ✔ SDK orders vector field the same way online and offline
    documents: 
      ✔ set/update should reject: undefined
      ✔ set/update should reject: null
      ✔ set/update should reject: 0
      ✔ set/update should reject: foo
      ✔ set/update should reject: a
      ✔ set/update should reject: Wed Sep 02 2026 05:25:32 GMT+0800 (Malaysia Time)
    (Persistence=memory_lru_gc) Queries are validated client-side
      ✔ same inequality fields works
      ✔ inequality and equality on different fields works
      ✔ inequality on multiple fields works
      ✔ inequality with key fields works
      ✔ inequality and array-contains on different fields works
      ✔ inequality and array-contains-any on different fields works
      ✔ multiple inequality and array-contains on different fields works
      ✔ multiple inequality and array-contains-any on different fields works
      ✔ inequality and IN on different fields works
      ✔ multiple inequality and IN on different fields works
      ✔ inequality and NOT IN on different fields works
      ✔ multiple inequality and NOT IN on different fields works
      ✔ inequality same as orderBy works.
      ✔ != same as orderBy works.
      ✔ equality different than orderBy works
      ✔ inequality different than orderBy works.
      ✔ multiple inequality different from orderBy works.
      ✔ array-contains different than orderBy works
      ✔ IN different than orderBy works
      ✔ array-contains-any different than orderBy works
TOTAL: 32 SUCCESS

Finished in 0.207 secs / 0.092 secs @ 05:25:32 GMT+0800 (Malaysia Time)

SUMMARY:
✔ 32 tests completed
Done in 2.13s.
yarn run v1.22.22
(node:67692) [DEP0169] DeprecationWarning: `url.parse()` behavior is not standardized and prone to errors that have security implications. Use the WHATWG URL API instead. CVEs are not issued for `url.parse()` vulnerabilities.
(Use `node --trace-deprecation ...` to show where the warning was created)
$ /private/tmp/fireside-phase2-oracles.EJXGdU/firebase-js-sdk/node_modules/.bin/karma start /Users/sanjevirau/Desktop/fireside/conformance/src/webchannel/firebase-js-sdk-karma.conf.cjs --single-run --grep '(?:^\(Persistence=memory_lru_gc\) Database (?:(?:DocumentSnapshot events for nonexistent document(?= |$)|DocumentSnapshot events for add data to document(?= |$)|DocumentSnapshot events for change data in document(?= |$)|DocumentSnapshot events for delete data in document(?= |$)|Listen can be called multiple times(?= |$))))'
The 'BROWSERS' environment variable is undefined. Defaulting to 'ChromeHeadless'.
webpack was not included as a framework in karma configuration, setting this automatically...

START:
(node:67694) [DEP0060] DeprecationWarning: The `util._extend` API is deprecated. Please use Object.assign() instead.
(Use `node --trace-deprecation ...` to show where the warning was created)
[32m02 09 2026 05:25:33.696:INFO [karma-server]: [39mKarma v6.4.4 server started at http://localhost:8089/
[32m02 09 2026 05:25:33.698:INFO [launcher]: [39mLaunching browsers ChromeHeadless with concurrency unlimited
[32m02 09 2026 05:25:33.700:INFO [launcher]: [39mStarting browser ChromeHeadless
[32m02 09 2026 05:25:34.670:INFO [Chrome Headless 152.0.0.0 (Mac OS 10.15.7)]: [39mConnected on socket GyhLuBCR3i6qXiqDAAAB with id 16709467
Chrome Headless 152.0.0.0 (Mac OS 10.15.7) LOG: 'Default Settings: {"host":"localhost:8080","ssl":false}'
Chrome Headless 152.0.0.0 (Mac OS 10.15.7) LOG: 'Default DatabaseId: "(default)"'
ERROR: '[2026-09-01T21:25:34.861Z]  @firebase/firestore:', 'Firestore (12.18.0): Uncaught Error in snapshot listener:', 'FirebaseError: [code=aborted]: Firestore shutting down'
  (Persistence=memory_lru_gc) Database
    ✔ DocumentSnapshot events for nonexistent document
ERROR: '[2026-09-01T21:25:34.877Z]  @firebase/firestore:', 'Firestore (12.18.0): Uncaught Error in snapshot listener:', 'FirebaseError: [code=aborted]: Firestore shutting down'
    ✔ DocumentSnapshot events for add data to document
ERROR: '[2026-09-01T21:25:34.896Z]  @firebase/firestore:', 'Firestore (12.18.0): Uncaught Error in snapshot listener:', 'FirebaseError: [code=aborted]: Firestore shutting down'
    ✔ DocumentSnapshot events for change data in document
ERROR: '[2026-09-01T21:25:34.907Z]  @firebase/firestore:', 'Firestore (12.18.0): Uncaught Error in snapshot listener:', 'FirebaseError: [code=aborted]: Firestore shutting down'
    ✔ DocumentSnapshot events for delete data in document
ERROR: '[2026-09-01T21:25:34.912Z]  @firebase/firestore:', 'Firestore (12.18.0): Uncaught Error in snapshot listener:', 'FirebaseError: [code=aborted]: Firestore shutting down'
ERROR: '[2026-09-01T21:25:34.912Z]  @firebase/firestore:', 'Firestore (12.18.0): Uncaught Error in snapshot listener:', 'FirebaseError: [code=aborted]: Firestore shutting down'
    ✔ Listen can be called multiple times
TOTAL: 5 SUCCESS

Finished in 0.072 secs / 0.069 secs @ 05:25:34 GMT+0800 (Malaysia Time)

SUMMARY:
✔ 5 tests completed
Done in 1.89s.
yarn run v1.22.22
(node:67738) [DEP0169] DeprecationWarning: `url.parse()` behavior is not standardized and prone to errors that have security implications. Use the WHATWG URL API instead. CVEs are not issued for `url.parse()` vulnerabilities.
(Use `node --trace-deprecation ...` to show where the warning was created)
$ /private/tmp/fireside-phase2-oracles.EJXGdU/firebase-js-sdk/node_modules/.bin/karma start /Users/sanjevirau/Desktop/fireside/conformance/src/webchannel/firebase-js-sdk-karma.conf.cjs --single-run --grep '(?:^\(Persistence=memory_lru_gc\) Database (?:(?:DocumentSnapshot events for snapshot created by a bundle(?= |$)|DocumentSnapshot updated doc events in snapshot created by a bundle accumulator(?= |$)|DocumentSnapshot observer events for snapshot created by a bundle(?= |$)|DocumentSnapshot error events for snapshot created by a bundle(?= |$)|DocumentSnapshot observer error events for snapshot created by a bundle(?= |$))))'
The 'BROWSERS' environment variable is undefined. Defaulting to 'ChromeHeadless'.
webpack was not included as a framework in karma configuration, setting this automatically...

START:
(node:67739) [DEP0060] DeprecationWarning: The `util._extend` API is deprecated. Please use Object.assign() instead.
(Use `node --trace-deprecation ...` to show where the warning was created)
[32m02 09 2026 05:25:35.763:INFO [karma-server]: [39mKarma v6.4.4 server started at http://localhost:8089/
[32m02 09 2026 05:25:35.764:INFO [launcher]: [39mLaunching browsers ChromeHeadless with concurrency unlimited
[32m02 09 2026 05:25:35.767:INFO [launcher]: [39mStarting browser ChromeHeadless
[32m02 09 2026 05:25:36.716:INFO [Chrome Headless 152.0.0.0 (Mac OS 10.15.7)]: [39mConnected on socket -e0D81OXVBouwBxxAAAB with id 62447115
Chrome Headless 152.0.0.0 (Mac OS 10.15.7) LOG: 'Default Settings: {"host":"localhost:8080","ssl":false}'
Chrome Headless 152.0.0.0 (Mac OS 10.15.7) LOG: 'Default DatabaseId: "(default)"'
  (Persistence=memory_lru_gc) Database
    ✔ DocumentSnapshot events for snapshot created by a bundle
    ✔ DocumentSnapshot updated doc events in snapshot created by a bundle accumulator
    ✔ DocumentSnapshot observer events for snapshot created by a bundle
WARN: '[2026-09-01T21:25:36.878Z]  @firebase/firestore:', 'Firestore (12.18.0): SyncEngine', 'Loading bundle failed with Error: Invalid bundle format: Reached the end of bundle when a length string is expected.'
    ✔ DocumentSnapshot error events for snapshot created by a bundle
WARN: '[2026-09-01T21:25:36.884Z]  @firebase/firestore:', 'Firestore (12.18.0): SyncEngine', 'Loading bundle failed with Error: Invalid bundle format: Reached the end of bundle when a length string is expected.'
    ✔ DocumentSnapshot observer error events for snapshot created by a bundle
TOTAL: 5 SUCCESS

Finished in 0.024 secs / 0.017 secs @ 05:25:36 GMT+0800 (Malaysia Time)

SUMMARY:
✔ 5 tests completed
Done in 1.88s.
yarn run v1.22.22
(node:67787) [DEP0169] DeprecationWarning: `url.parse()` behavior is not standardized and prone to errors that have security implications. Use the WHATWG URL API instead. CVEs are not issued for `url.parse()` vulnerabilities.
(Use `node --trace-deprecation ...` to show where the warning was created)
$ /private/tmp/fireside-phase2-oracles.EJXGdU/firebase-js-sdk/node_modules/.bin/karma start /Users/sanjevirau/Desktop/fireside/conformance/src/webchannel/firebase-js-sdk-karma.conf.cjs --single-run --grep '(?:^\(Persistence=memory_lru_gc\) Database (?:(?:DocumentSnapshot updated doc events in snapshot created by fromJSON bundle(?= |$)|DocumentSnapshot updated doc events in snapshot created by fromJSON doc ref(?= |$)|Querysnapshot events for snapshot created by a bundle(?= |$)|Querysnapshot observer events for snapshot created by a bundle(?= |$)|QuerySnapshot error events for snapshot created by a bundle(?= |$))))'
The 'BROWSERS' environment variable is undefined. Defaulting to 'ChromeHeadless'.
webpack was not included as a framework in karma configuration, setting this automatically...

START:
(node:67788) [DEP0060] DeprecationWarning: The `util._extend` API is deprecated. Please use Object.assign() instead.
(Use `node --trace-deprecation ...` to show where the warning was created)
[32m02 09 2026 05:25:37.659:INFO [karma-server]: [39mKarma v6.4.4 server started at http://localhost:8089/
[32m02 09 2026 05:25:37.660:INFO [launcher]: [39mLaunching browsers ChromeHeadless with concurrency unlimited
[32m02 09 2026 05:25:37.662:INFO [launcher]: [39mStarting browser ChromeHeadless
[32m02 09 2026 05:25:38.601:INFO [Chrome Headless 152.0.0.0 (Mac OS 10.15.7)]: [39mConnected on socket ZPX1QzB83cUTNhQvAAAB with id 90215991
Chrome Headless 152.0.0.0 (Mac OS 10.15.7) LOG: 'Default Settings: {"host":"localhost:8080","ssl":false}'
Chrome Headless 152.0.0.0 (Mac OS 10.15.7) LOG: 'Default DatabaseId: "(default)"'
  (Persistence=memory_lru_gc) Database
    ✔ DocumentSnapshot updated doc events in snapshot created by fromJSON bundle
    ✔ DocumentSnapshot updated doc events in snapshot created by fromJSON doc ref
    ✔ Querysnapshot events for snapshot created by a bundle
    ✔ Querysnapshot observer events for snapshot created by a bundle
WARN: '[2026-09-01T21:25:38.733Z]  @firebase/firestore:', 'Firestore (12.18.0): SyncEngine', 'Loading bundle failed with Error: Invalid bundle format: Reached the end of bundle when a length string is expected.'
    ✔ QuerySnapshot error events for snapshot created by a bundle
TOTAL: 5 SUCCESS

Finished in 0.017 secs / 0.01 secs @ 05:25:38 GMT+0800 (Malaysia Time)

SUMMARY:
✔ 5 tests completed
Done in 1.72s.
yarn run v1.22.22
(node:67832) [DEP0169] DeprecationWarning: `url.parse()` behavior is not standardized and prone to errors that have security implications. Use the WHATWG URL API instead. CVEs are not issued for `url.parse()` vulnerabilities.
(Use `node --trace-deprecation ...` to show where the warning was created)
$ /private/tmp/fireside-phase2-oracles.EJXGdU/firebase-js-sdk/node_modules/.bin/karma start /Users/sanjevirau/Desktop/fireside/conformance/src/webchannel/firebase-js-sdk-karma.conf.cjs --single-run --grep '(?:^\(Persistence=memory_lru_gc\) Database (?:(?:QuerySnapshot observer error events for snapshot created by a bundle(?= |$)|QuerySnapshot updated doc events in snapshot created by a bundle(?= |$)|QuerySnapshot updated doc events in snapshot created by fromJSON (?= |$)|QuerySnapshot updated doc events in snapshot created by fromJSON query ref(?= |$)|Metadata only changes are not fired when no options provided(?= |$))))'
The 'BROWSERS' environment variable is undefined. Defaulting to 'ChromeHeadless'.
webpack was not included as a framework in karma configuration, setting this automatically...

START:
(node:67833) [DEP0060] DeprecationWarning: The `util._extend` API is deprecated. Please use Object.assign() instead.
(Use `node --trace-deprecation ...` to show where the warning was created)
[32m02 09 2026 05:25:39.455:INFO [karma-server]: [39mKarma v6.4.4 server started at http://localhost:8089/
[32m02 09 2026 05:25:39.456:INFO [launcher]: [39mLaunching browsers ChromeHeadless with concurrency unlimited
[32m02 09 2026 05:25:39.459:INFO [launcher]: [39mStarting browser ChromeHeadless
[32m02 09 2026 05:25:40.512:INFO [Chrome Headless 152.0.0.0 (Mac OS 10.15.7)]: [39mConnected on socket CB6GEN3Pbr3C4_AgAAAB with id 16765954
Chrome Headless 152.0.0.0 (Mac OS 10.15.7) LOG: 'Default Settings: {"host":"localhost:8080","ssl":false}'
Chrome Headless 152.0.0.0 (Mac OS 10.15.7) LOG: 'Default DatabaseId: "(default)"'
WARN: '[2026-09-01T21:25:40.752Z]  @firebase/firestore:', 'Firestore (12.18.0): SyncEngine', 'Loading bundle failed with Error: Invalid bundle format: Reached the end of bundle when a length string is expected.'
  (Persistence=memory_lru_gc) Database
    ✔ QuerySnapshot observer error events for snapshot created by a bundle
    ✔ QuerySnapshot updated doc events in snapshot created by a bundle
    ✔ QuerySnapshot updated doc events in snapshot created by fromJSON 
    ✔ QuerySnapshot updated doc events in snapshot created by fromJSON query ref
    ✔ Metadata only changes are not fired when no options provided
TOTAL: 5 SUCCESS

Finished in 0.039 secs / 0.036 secs @ 05:25:40 GMT+0800 (Malaysia Time)

SUMMARY:
✔ 5 tests completed
Done in 1.99s.
yarn run v1.22.22
(node:67877) [DEP0169] DeprecationWarning: `url.parse()` behavior is not standardized and prone to errors that have security implications. Use the WHATWG URL API instead. CVEs are not issued for `url.parse()` vulnerabilities.
(Use `node --trace-deprecation ...` to show where the warning was created)
$ /private/tmp/fireside-phase2-oracles.EJXGdU/firebase-js-sdk/node_modules/.bin/karma start /Users/sanjevirau/Desktop/fireside/conformance/src/webchannel/firebase-js-sdk-karma.conf.cjs --single-run --grep '(?:^\(Persistence=memory_lru_gc\) Database (?:(?:Listens are rejected remotely:(?= |$)|exposes "firestore" on document references\.(?= |$)|exposes "firestore" on query references\.(?= |$)|can compare DocumentReference instances with isEqual\(\)\.(?= |$)|can compare Query instances with isEqual\(\)\.(?= |$))))'
The 'BROWSERS' environment variable is undefined. Defaulting to 'ChromeHeadless'.
webpack was not included as a framework in karma configuration, setting this automatically...

START:
(node:67878) [DEP0060] DeprecationWarning: The `util._extend` API is deprecated. Please use Object.assign() instead.
(Use `node --trace-deprecation ...` to show where the warning was created)
[32m02 09 2026 05:25:41.675:INFO [karma-server]: [39mKarma v6.4.4 server started at http://localhost:8089/
[32m02 09 2026 05:25:41.676:INFO [launcher]: [39mLaunching browsers ChromeHeadless with concurrency unlimited
[32m02 09 2026 05:25:41.679:INFO [launcher]: [39mStarting browser ChromeHeadless
[32m02 09 2026 05:25:42.670:INFO [Chrome Headless 152.0.0.0 (Mac OS 10.15.7)]: [39mConnected on socket pqvpBWzXekqJrJwrAAAB with id 65811640
Chrome Headless 152.0.0.0 (Mac OS 10.15.7) LOG: 'Default Settings: {"host":"localhost:8080","ssl":false}'
Chrome Headless 152.0.0.0 (Mac OS 10.15.7) LOG: 'Default DatabaseId: "(default)"'
  (Persistence=memory_lru_gc) Database
    ✔ exposes "firestore" on document references.
    ✔ exposes "firestore" on query references.
    ✔ can compare DocumentReference instances with isEqual().
    ✔ can compare Query instances with isEqual().
    Listens are rejected remotely:
      ✔ will reject listens
      ✔ will reject same listens twice in a row
      ✔ will reject gets
      ✔ will reject gets twice in a row
TOTAL: 8 SUCCESS

Finished in 0.035 secs / 0.032 secs @ 05:25:42 GMT+0800 (Malaysia Time)

SUMMARY:
✔ 8 tests completed
Done in 1.89s.
yarn run v1.22.22
(node:67921) [DEP0169] DeprecationWarning: `url.parse()` behavior is not standardized and prone to errors that have security implications. Use the WHATWG URL API instead. CVEs are not issued for `url.parse()` vulnerabilities.
(Use `node --trace-deprecation ...` to show where the warning was created)
$ /private/tmp/fireside-phase2-oracles.EJXGdU/firebase-js-sdk/node_modules/.bin/karma start /Users/sanjevirau/Desktop/fireside/conformance/src/webchannel/firebase-js-sdk-karma.conf.cjs --single-run --grep '(?:^\(Persistence=memory_lru_gc\) Database (?:(?:can compare multiple inequality Query instances with isEqual\(\)\.(?= |$)|can traverse collections and documents\.(?= |$)|can traverse collection and document parents\.(?= |$)|can queue writes while offline(?= |$)|offline writes are sent after restart(?= |$))))'
The 'BROWSERS' environment variable is undefined. Defaulting to 'ChromeHeadless'.
webpack was not included as a framework in karma configuration, setting this automatically...

START:
(node:67922) [DEP0060] DeprecationWarning: The `util._extend` API is deprecated. Please use Object.assign() instead.
(Use `node --trace-deprecation ...` to show where the warning was created)
[32m02 09 2026 05:25:43.554:INFO [karma-server]: [39mKarma v6.4.4 server started at http://localhost:8089/
[32m02 09 2026 05:25:43.555:INFO [launcher]: [39mLaunching browsers ChromeHeadless with concurrency unlimited
[32m02 09 2026 05:25:43.558:INFO [launcher]: [39mStarting browser ChromeHeadless
[32m02 09 2026 05:25:44.533:INFO [Chrome Headless 152.0.0.0 (Mac OS 10.15.7)]: [39mConnected on socket 2PXtmIpO87iAHtRrAAAB with id 64199941
Chrome Headless 152.0.0.0 (Mac OS 10.15.7) LOG: 'Default Settings: {"host":"localhost:8080","ssl":false}'
Chrome Headless 152.0.0.0 (Mac OS 10.15.7) LOG: 'Default DatabaseId: "(default)"'
  (Persistence=memory_lru_gc) Database
    ✔ can compare multiple inequality Query instances with isEqual().
    ✔ can traverse collections and documents.
    ✔ can traverse collection and document parents.
    ✔ can queue writes while offline
    ✖ offline writes are sent after restart (skipped)
TOTAL: 4 SUCCESS

Finished in 0.026 secs / 0.024 secs @ 05:25:44 GMT+0800 (Malaysia Time)

SUMMARY:
✔ 4 tests completed
ℹ 1 test skipped
Done in 1.78s.
yarn run v1.22.22
(node:67965) [DEP0169] DeprecationWarning: `url.parse()` behavior is not standardized and prone to errors that have security implications. Use the WHATWG URL API instead. CVEs are not issued for `url.parse()` vulnerabilities.
(Use `node --trace-deprecation ...` to show where the warning was created)
$ /private/tmp/fireside-phase2-oracles.EJXGdU/firebase-js-sdk/node_modules/.bin/karma start /Users/sanjevirau/Desktop/fireside/conformance/src/webchannel/firebase-js-sdk-karma.conf.cjs --single-run --grep '(?:^\(Persistence=memory_lru_gc\) Database (?:(?:rejects subsequent method calls after terminate\(\) is called(?= |$)|can call terminate\(\) multiple times(?= |$)|maintains persistence after restarting app(?= |$)|can clear persistence if the client has been terminated(?= |$)|can clear persistence if the client has not been initialized(?= |$))))'
The 'BROWSERS' environment variable is undefined. Defaulting to 'ChromeHeadless'.
webpack was not included as a framework in karma configuration, setting this automatically...

START:
(node:67966) [DEP0060] DeprecationWarning: The `util._extend` API is deprecated. Please use Object.assign() instead.
(Use `node --trace-deprecation ...` to show where the warning was created)
[32m02 09 2026 05:25:45.487:INFO [karma-server]: [39mKarma v6.4.4 server started at http://localhost:8089/
[32m02 09 2026 05:25:45.489:INFO [launcher]: [39mLaunching browsers ChromeHeadless with concurrency unlimited
[32m02 09 2026 05:25:45.492:INFO [launcher]: [39mStarting browser ChromeHeadless
[32m02 09 2026 05:25:46.390:INFO [Chrome Headless 152.0.0.0 (Mac OS 10.15.7)]: [39mConnected on socket bDPcOZiPmDbZzY-YAAAB with id 1586436
Chrome Headless 152.0.0.0 (Mac OS 10.15.7) LOG: 'Default Settings: {"host":"localhost:8080","ssl":false}'
Chrome Headless 152.0.0.0 (Mac OS 10.15.7) LOG: 'Default DatabaseId: "(default)"'
  (Persistence=memory_lru_gc) Database
    ✔ rejects subsequent method calls after terminate() is called
    ✔ can call terminate() multiple times
    ✖ maintains persistence after restarting app (skipped)
    ✖ can clear persistence if the client has been terminated (skipped)
    ✖ can clear persistence if the client has not been initialized (skipped)
TOTAL: 2 SUCCESS

Finished in 0.003 secs / 0.002 secs @ 05:25:46 GMT+0800 (Malaysia Time)

SUMMARY:
✔ 2 tests completed
ℹ 3 tests skipped
Done in 1.71s.
yarn run v1.22.22
(node:68021) [DEP0169] DeprecationWarning: `url.parse()` behavior is not standardized and prone to errors that have security implications. Use the WHATWG URL API instead. CVEs are not issued for `url.parse()` vulnerabilities.
(Use `node --trace-deprecation ...` to show where the warning was created)
$ /private/tmp/fireside-phase2-oracles.EJXGdU/firebase-js-sdk/node_modules/.bin/karma start /Users/sanjevirau/Desktop/fireside/conformance/src/webchannel/firebase-js-sdk-karma.conf.cjs --single-run --grep '(?:^\(Persistence=memory_lru_gc\) Database (?:(?:cannot clear persistence if the client has been initialized(?= |$)|can get documents while offline(?= |$)|can enable and disable networking(?= |$)|can start a new instance after shut down(?= |$)|new operation after termination should throw(?= |$))))'
The 'BROWSERS' environment variable is undefined. Defaulting to 'ChromeHeadless'.
webpack was not included as a framework in karma configuration, setting this automatically...

START:
(node:68022) [DEP0060] DeprecationWarning: The `util._extend` API is deprecated. Please use Object.assign() instead.
(Use `node --trace-deprecation ...` to show where the warning was created)
[32m02 09 2026 05:25:47.234:INFO [karma-server]: [39mKarma v6.4.4 server started at http://localhost:8089/
[32m02 09 2026 05:25:47.236:INFO [launcher]: [39mLaunching browsers ChromeHeadless with concurrency unlimited
[32m02 09 2026 05:25:47.237:INFO [launcher]: [39mStarting browser ChromeHeadless
[32m02 09 2026 05:25:48.107:INFO [Chrome Headless 152.0.0.0 (Mac OS 10.15.7)]: [39mConnected on socket K7LoW2wdNf4kXtQIAAAB with id 89728300
Chrome Headless 152.0.0.0 (Mac OS 10.15.7) LOG: 'Default Settings: {"host":"localhost:8080","ssl":false}'
Chrome Headless 152.0.0.0 (Mac OS 10.15.7) LOG: 'Default DatabaseId: "(default)"'
  (Persistence=memory_lru_gc) Database
    ✖ cannot clear persistence if the client has been initialized (skipped)
    ✔ can get documents while offline
    ✔ can enable and disable networking
    ✔ can start a new instance after shut down
    ✔ new operation after termination should throw
TOTAL: 4 SUCCESS

Finished in 0.032 secs / 0.031 secs @ 05:25:48 GMT+0800 (Malaysia Time)

SUMMARY:
✔ 4 tests completed
ℹ 1 test skipped
Done in 1.64s.
yarn run v1.22.22
(node:68065) [DEP0169] DeprecationWarning: `url.parse()` behavior is not standardized and prone to errors that have security implications. Use the WHATWG URL API instead. CVEs are not issued for `url.parse()` vulnerabilities.
(Use `node --trace-deprecation ...` to show where the warning was created)
$ /private/tmp/fireside-phase2-oracles.EJXGdU/firebase-js-sdk/node_modules/.bin/karma start /Users/sanjevirau/Desktop/fireside/conformance/src/webchannel/firebase-js-sdk-karma.conf.cjs --single-run --grep '(?:^\(Persistence=memory_lru_gc\) Database (?:(?:calling terminate multiple times should proceed(?= |$)|can unlisten queries after termination(?= |$)|can query after firestore restart(?= |$)|query listener throws error on termination(?= |$)|can wait for pending writes(?= |$))))'
The 'BROWSERS' environment variable is undefined. Defaulting to 'ChromeHeadless'.
webpack was not included as a framework in karma configuration, setting this automatically...

START:
(node:68067) [DEP0060] DeprecationWarning: The `util._extend` API is deprecated. Please use Object.assign() instead.
(Use `node --trace-deprecation ...` to show where the warning was created)
[32m02 09 2026 05:25:48.997:INFO [karma-server]: [39mKarma v6.4.4 server started at http://localhost:8089/
[32m02 09 2026 05:25:48.998:INFO [launcher]: [39mLaunching browsers ChromeHeadless with concurrency unlimited
[32m02 09 2026 05:25:49.001:INFO [launcher]: [39mStarting browser ChromeHeadless
[32m02 09 2026 05:25:49.941:INFO [Chrome Headless 152.0.0.0 (Mac OS 10.15.7)]: [39mConnected on socket LD3H7G8LxD2zIbuLAAAB with id 58450307
Chrome Headless 152.0.0.0 (Mac OS 10.15.7) LOG: 'Default Settings: {"host":"localhost:8080","ssl":false}'
Chrome Headless 152.0.0.0 (Mac OS 10.15.7) LOG: 'Default DatabaseId: "(default)"'
  (Persistence=memory_lru_gc) Database
    ✔ calling terminate multiple times should proceed
ERROR: '[2026-09-01T21:25:50.081Z]  @firebase/firestore:', 'Firestore (12.18.0): Uncaught Error in snapshot listener:', 'FirebaseError: [code=aborted]: Firestore shutting down'
    ✔ can unlisten queries after termination
    ✔ can query after firestore restart
    ✔ query listener throws error on termination
    ✔ can wait for pending writes
TOTAL: 5 SUCCESS

Finished in 0.036 secs / 0.033 secs @ 05:25:50 GMT+0800 (Malaysia Time)

SUMMARY:
✔ 5 tests completed
Done in 1.74s.
yarn run v1.22.22
(node:68113) [DEP0169] DeprecationWarning: `url.parse()` behavior is not standardized and prone to errors that have security implications. Use the WHATWG URL API instead. CVEs are not issued for `url.parse()` vulnerabilities.
(Use `node --trace-deprecation ...` to show where the warning was created)
$ /private/tmp/fireside-phase2-oracles.EJXGdU/firebase-js-sdk/node_modules/.bin/karma start /Users/sanjevirau/Desktop/fireside/conformance/src/webchannel/firebase-js-sdk-karma.conf.cjs --single-run --grep '(?:^\(Persistence=memory_lru_gc\) Database (?:(?:waiting for pending writes resolves immediately when offline and no pending writes(?= |$)|\(Persistence=(?:memory_lru_gc|indexeddb)\) withConverter\(\) support(?= |$)|can set and get data with auto detect long polling enabled(?= |$)|can keep docs separate with multi-db when online(?= |$)|can keep docs separate with multi-db when offline(?= |$))))'
The 'BROWSERS' environment variable is undefined. Defaulting to 'ChromeHeadless'.
webpack was not included as a framework in karma configuration, setting this automatically...

START:
(node:68114) [DEP0060] DeprecationWarning: The `util._extend` API is deprecated. Please use Object.assign() instead.
(Use `node --trace-deprecation ...` to show where the warning was created)
[32m02 09 2026 05:25:50.842:INFO [karma-server]: [39mKarma v6.4.4 server started at http://localhost:8089/
[32m02 09 2026 05:25:50.843:INFO [launcher]: [39mLaunching browsers ChromeHeadless with concurrency unlimited
[32m02 09 2026 05:25:50.845:INFO [launcher]: [39mStarting browser ChromeHeadless
[32m02 09 2026 05:25:51.740:INFO [Chrome Headless 152.0.0.0 (Mac OS 10.15.7)]: [39mConnected on socket uPmqEOB_tu2fFa6PAAAB with id 71344382
Chrome Headless 152.0.0.0 (Mac OS 10.15.7) LOG: 'Default Settings: {"host":"localhost:8080","ssl":false}'
Chrome Headless 152.0.0.0 (Mac OS 10.15.7) LOG: 'Default DatabaseId: "(default)"'
  (Persistence=memory_lru_gc) Database
    ✔ waiting for pending writes resolves immediately when offline and no pending writes
    ✖ can set and get data with auto detect long polling enabled (skipped)
    ✔ can keep docs separate with multi-db when online
    ✔ can keep docs separate with multi-db when offline
    (Persistence=memory_lru_gc) withConverter() support
      ✔ for DocumentReference.withConverter()
      ✔ for DocumentReference.withConverter(null) 
      ✔ for CollectionReference.withConverter()
      ✔ for CollectionReference.withConverter(null)
      ✔ for Query.withConverter()
      ✔ for Query.withConverter(null)
      ✔ requires the correct converter for Partial usage
      ✔ WriteBatch.set() supports partials with merge
      ✔ WriteBatch.set() supports partials with mergeFields
      ✔ Transaction.set() supports partials with merge
      ✔ Transaction.set() supports partials with mergeFields
      ✔ DocumentReference.set() supports partials with merge
      ✔ DocumentReference.set() supports partials with mergeFields
      ✔ calls DocumentSnapshot.data() with specified SnapshotOptions
      ✔ drops the converter when calling CollectionReference<T>.parent()
      ✔ checks converter when comparing with isEqual()
      ✔ Correct snapshot specified to fromFirestore() when registered with DocumentReference
      ✔ Correct snapshot specified to fromFirestore() when registered with CollectionReference
      ✔ Correct snapshot specified to fromFirestore() when registered with Query
      ✔ DocumentReference.withConverter() default DbModelType
      ✔ CollectionReference.withConverter() default DbModelType
      ✔ Query.withConverter() default DbModelType
TOTAL: 25 SUCCESS

Finished in 0.118 secs / 0.113 secs @ 05:25:51 GMT+0800 (Malaysia Time)

SUMMARY:
✔ 25 tests completed
ℹ 1 test skipped
Done in 1.97s.
yarn run v1.22.22
(node:68159) [DEP0169] DeprecationWarning: `url.parse()` behavior is not standardized and prone to errors that have security implications. Use the WHATWG URL API instead. CVEs are not issued for `url.parse()` vulnerabilities.
(Use `node --trace-deprecation ...` to show where the warning was created)
$ /private/tmp/fireside-phase2-oracles.EJXGdU/firebase-js-sdk/node_modules/.bin/karma start /Users/sanjevirau/Desktop/fireside/conformance/src/webchannel/firebase-js-sdk-karma.conf.cjs --single-run --grep '(?:^\(Persistence=memory_lru_gc\) Database (?:(?:Cannot get document from cache with eager GC enabled\.(?= |$)|Can get document from cache with Lru GC enabled\.(?= |$)|Lru GC is enabled by default\.(?= |$)|sort documents by DocumentId(?= |$)|Sort unicode strings(?= |$))))'
The 'BROWSERS' environment variable is undefined. Defaulting to 'ChromeHeadless'.
webpack was not included as a framework in karma configuration, setting this automatically...

START:
(node:68160) [DEP0060] DeprecationWarning: The `util._extend` API is deprecated. Please use Object.assign() instead.
(Use `node --trace-deprecation ...` to show where the warning was created)
[32m02 09 2026 05:25:52.896:INFO [karma-server]: [39mKarma v6.4.4 server started at http://localhost:8089/
[32m02 09 2026 05:25:52.898:INFO [launcher]: [39mLaunching browsers ChromeHeadless with concurrency unlimited
[32m02 09 2026 05:25:52.899:INFO [launcher]: [39mStarting browser ChromeHeadless
[32m02 09 2026 05:25:53.839:INFO [Chrome Headless 152.0.0.0 (Mac OS 10.15.7)]: [39mConnected on socket -GmZPZHKPps-jH5gAAAB with id 83887376
Chrome Headless 152.0.0.0 (Mac OS 10.15.7) LOG: 'Default Settings: {"host":"localhost:8080","ssl":false}'
Chrome Headless 152.0.0.0 (Mac OS 10.15.7) LOG: 'Default DatabaseId: "(default)"'
  (Persistence=memory_lru_gc) Database
    ✔ Cannot get document from cache with eager GC enabled.
    ✔ Can get document from cache with Lru GC enabled.
    ✔ Lru GC is enabled by default.
    sort documents by DocumentId
      ✔ snapshot listener sorts query by DocumentId same way as get query
      ✔ snapshot listener sorts filtered query by DocumentId same way as get query
      offline
        ✔ SDK orders query the same way online and offline
    Sort unicode strings
      ✔ snapshot listener sorts unicode strings the same as server
      ✔ snapshot listener sorts unicode strings in array the same  as server
      ✔ snapshot listener sorts unicode strings in map the same as server
      ✔ snapshot listener sorts unicode strings in map key the same as server
      ✔ snapshot listener sorts unicode strings in document key the same as server
      ✔ snapshot listener sorts unicode strings in document key the same as server with persistence
TOTAL: 12 SUCCESS

Finished in 0.147 secs / 0.142 secs @ 05:25:54 GMT+0800 (Malaysia Time)

SUMMARY:
✔ 12 tests completed
Done in 2.33s.
yarn run v1.22.22
(node:68203) [DEP0169] DeprecationWarning: `url.parse()` behavior is not standardized and prone to errors that have security implications. Use the WHATWG URL API instead. CVEs are not issued for `url.parse()` vulnerabilities.
(Use `node --trace-deprecation ...` to show where the warning was created)
$ /private/tmp/fireside-phase2-oracles.EJXGdU/firebase-js-sdk/node_modules/.bin/karma start /Users/sanjevirau/Desktop/fireside/conformance/src/webchannel/firebase-js-sdk-karma.conf.cjs --single-run --grep '(?:^\(Persistence=memory_lru_gc\) Nested Fields(?= |$))'
The 'BROWSERS' environment variable is undefined. Defaulting to 'ChromeHeadless'.
webpack was not included as a framework in karma configuration, setting this automatically...

START:
(node:68204) [DEP0060] DeprecationWarning: The `util._extend` API is deprecated. Please use Object.assign() instead.
(Use `node --trace-deprecation ...` to show where the warning was created)
[32m02 09 2026 05:25:55.319:INFO [karma-server]: [39mKarma v6.4.4 server started at http://localhost:8089/
[32m02 09 2026 05:25:55.320:INFO [launcher]: [39mLaunching browsers ChromeHeadless with concurrency unlimited
[32m02 09 2026 05:25:55.322:INFO [launcher]: [39mStarting browser ChromeHeadless
[32m02 09 2026 05:25:56.283:INFO [Chrome Headless 152.0.0.0 (Mac OS 10.15.7)]: [39mConnected on socket R3S9KKrhXNGK6GhRAAAB with id 77604552
Chrome Headless 152.0.0.0 (Mac OS 10.15.7) LOG: 'Default Settings: {"host":"localhost:8080","ssl":false}'
Chrome Headless 152.0.0.0 (Mac OS 10.15.7) LOG: 'Default DatabaseId: "(default)"'
  (Persistence=memory_lru_gc) Nested Fields
    ✔ can be written with set()
    ✔ can be read directly with .get(<string>)
    ✔ can be read directly with .get(<FieldPath>)
    ✔ can be updated with update(<string>)
    ✔ can be updated with update(<FieldPath>)
    ✔ can be used with query.where(<string>).
    ✔ can be used with query.where(<FieldPath>).
    ✔ can be used with query.orderBy(<string>).
    ✔ can be used with query.orderBy(<FieldPath>).
TOTAL: 9 SUCCESS

Finished in 0.071 secs / 0.068 secs @ 05:25:56 GMT+0800 (Malaysia Time)

SUMMARY:
✔ 9 tests completed
Done in 1.78s.
yarn run v1.22.22
(node:68249) [DEP0169] DeprecationWarning: `url.parse()` behavior is not standardized and prone to errors that have security implications. Use the WHATWG URL API instead. CVEs are not issued for `url.parse()` vulnerabilities.
(Use `node --trace-deprecation ...` to show where the warning was created)
$ /private/tmp/fireside-phase2-oracles.EJXGdU/firebase-js-sdk/node_modules/.bin/karma start /Users/sanjevirau/Desktop/fireside/conformance/src/webchannel/firebase-js-sdk-karma.conf.cjs --single-run --grep '(?:^\(Persistence=memory_lru_gc\) Fields with special characters(?= |$))'
The 'BROWSERS' environment variable is undefined. Defaulting to 'ChromeHeadless'.
webpack was not included as a framework in karma configuration, setting this automatically...

START:
(node:68250) [DEP0060] DeprecationWarning: The `util._extend` API is deprecated. Please use Object.assign() instead.
(Use `node --trace-deprecation ...` to show where the warning was created)
[32m02 09 2026 05:25:57.216:INFO [karma-server]: [39mKarma v6.4.4 server started at http://localhost:8089/
[32m02 09 2026 05:25:57.217:INFO [launcher]: [39mLaunching browsers ChromeHeadless with concurrency unlimited
[32m02 09 2026 05:25:57.219:INFO [launcher]: [39mStarting browser ChromeHeadless
[32m02 09 2026 05:25:58.096:INFO [Chrome Headless 152.0.0.0 (Mac OS 10.15.7)]: [39mConnected on socket T78IWLK2hAtx0tidAAAB with id 51812355
Chrome Headless 152.0.0.0 (Mac OS 10.15.7) LOG: 'Default Settings: {"host":"localhost:8080","ssl":false}'
Chrome Headless 152.0.0.0 (Mac OS 10.15.7) LOG: 'Default DatabaseId: "(default)"'
  (Persistence=memory_lru_gc) Fields with special characters
    ✔ can be written with set()
    ✔ can be read directly with .data(<field>)
    ✔ can be updated with update()
    ✔ can be used in query filters.
    ✔ can be used in a query orderBy.
TOTAL: 5 SUCCESS

Finished in 0.055 secs / 0.051 secs @ 05:25:58 GMT+0800 (Malaysia Time)

SUMMARY:
✔ 5 tests completed
Done in 1.70s.
yarn run v1.22.22
(node:68295) [DEP0169] DeprecationWarning: `url.parse()` behavior is not standardized and prone to errors that have security implications. Use the WHATWG URL API instead. CVEs are not issued for `url.parse()` vulnerabilities.
(Use `node --trace-deprecation ...` to show where the warning was created)
$ /private/tmp/fireside-phase2-oracles.EJXGdU/firebase-js-sdk/node_modules/.bin/karma start /Users/sanjevirau/Desktop/fireside/conformance/src/webchannel/firebase-js-sdk-karma.conf.cjs --single-run --grep '(?:^\(Persistence=memory_lru_gc\) Timestamp Fields in snapshots(?= |$))'
The 'BROWSERS' environment variable is undefined. Defaulting to 'ChromeHeadless'.
webpack was not included as a framework in karma configuration, setting this automatically...

START:
(node:68296) [DEP0060] DeprecationWarning: The `util._extend` API is deprecated. Please use Object.assign() instead.
(Use `node --trace-deprecation ...` to show where the warning was created)
[32m02 09 2026 05:25:58.998:INFO [karma-server]: [39mKarma v6.4.4 server started at http://localhost:8089/
[32m02 09 2026 05:25:58.999:INFO [launcher]: [39mLaunching browsers ChromeHeadless with concurrency unlimited
[32m02 09 2026 05:25:59.001:INFO [launcher]: [39mStarting browser ChromeHeadless
[32m02 09 2026 05:25:59.935:INFO [Chrome Headless 152.0.0.0 (Mac OS 10.15.7)]: [39mConnected on socket CZaBJHl84Z21BMKnAAAB with id 4554134
Chrome Headless 152.0.0.0 (Mac OS 10.15.7) LOG: 'Default Settings: {"host":"localhost:8080","ssl":false}'
Chrome Headless 152.0.0.0 (Mac OS 10.15.7) LOG: 'Default DatabaseId: "(default)"'
  (Persistence=memory_lru_gc) Timestamp Fields in snapshots
    ✔ are returned as Timestamps
TOTAL: 1 SUCCESS

Finished in 0.025 secs / 0.024 secs @ 05:26:00 GMT+0800 (Malaysia Time)

SUMMARY:
✔ 1 test completed
Done in 1.71s.
yarn run v1.22.22
(node:68350) [DEP0169] DeprecationWarning: `url.parse()` behavior is not standardized and prone to errors that have security implications. Use the WHATWG URL API instead. CVEs are not issued for `url.parse()` vulnerabilities.
(Use `node --trace-deprecation ...` to show where the warning was created)
$ /private/tmp/fireside-phase2-oracles.EJXGdU/firebase-js-sdk/node_modules/.bin/karma start /Users/sanjevirau/Desktop/fireside/conformance/src/webchannel/firebase-js-sdk-karma.conf.cjs --single-run --grep '(?:^\(Persistence=memory_lru_gc\) `undefined` properties(?= |$))'
The 'BROWSERS' environment variable is undefined. Defaulting to 'ChromeHeadless'.
webpack was not included as a framework in karma configuration, setting this automatically...

START:
(node:68353) [DEP0060] DeprecationWarning: The `util._extend` API is deprecated. Please use Object.assign() instead.
(Use `node --trace-deprecation ...` to show where the warning was created)
[32m02 09 2026 05:26:00.820:INFO [karma-server]: [39mKarma v6.4.4 server started at http://localhost:8089/
[32m02 09 2026 05:26:00.821:INFO [launcher]: [39mLaunching browsers ChromeHeadless with concurrency unlimited
[32m02 09 2026 05:26:00.823:INFO [launcher]: [39mStarting browser ChromeHeadless
[32m02 09 2026 05:26:01.718:INFO [Chrome Headless 152.0.0.0 (Mac OS 10.15.7)]: [39mConnected on socket 7yotE0Ao1VtjkNOSAAAB with id 77676760
Chrome Headless 152.0.0.0 (Mac OS 10.15.7) LOG: 'Default Settings: {"host":"localhost:8080","ssl":false}'
Chrome Headless 152.0.0.0 (Mac OS 10.15.7) LOG: 'Default DatabaseId: "(default)"'
  (Persistence=memory_lru_gc) `undefined` properties
    ✔ are ignored in set()
    ✔ are ignored in set({ merge: true })
    ✔ are ignored in update()
    ✔ are ignored in Query.where()
    ✔ are ignored in Query.startAt()
TOTAL: 5 SUCCESS

Finished in 0.048 secs / 0.045 secs @ 05:26:01 GMT+0800 (Malaysia Time)

SUMMARY:
✔ 5 tests completed
Done in 1.72s.
yarn run v1.22.22
(node:68398) [DEP0169] DeprecationWarning: `url.parse()` behavior is not standardized and prone to errors that have security implications. Use the WHATWG URL API instead. CVEs are not issued for `url.parse()` vulnerabilities.
(Use `node --trace-deprecation ...` to show where the warning was created)
$ /private/tmp/fireside-phase2-oracles.EJXGdU/firebase-js-sdk/node_modules/.bin/karma start /Users/sanjevirau/Desktop/fireside/conformance/src/webchannel/firebase-js-sdk-karma.conf.cjs --single-run --grep '(?:^\(Persistence=memory_lru_gc\) GetOptions(?= |$))'
The 'BROWSERS' environment variable is undefined. Defaulting to 'ChromeHeadless'.
webpack was not included as a framework in karma configuration, setting this automatically...

START:
(node:68400) [DEP0060] DeprecationWarning: The `util._extend` API is deprecated. Please use Object.assign() instead.
(Use `node --trace-deprecation ...` to show where the warning was created)
[32m02 09 2026 05:26:02.605:INFO [karma-server]: [39mKarma v6.4.4 server started at http://localhost:8089/
[32m02 09 2026 05:26:02.606:INFO [launcher]: [39mLaunching browsers ChromeHeadless with concurrency unlimited
[32m02 09 2026 05:26:02.608:INFO [launcher]: [39mStarting browser ChromeHeadless
[32m02 09 2026 05:26:03.510:INFO [Chrome Headless 152.0.0.0 (Mac OS 10.15.7)]: [39mConnected on socket x81m7ufHBBp8rKOKAAAB with id 53051544
Chrome Headless 152.0.0.0 (Mac OS 10.15.7) LOG: 'Default Settings: {"host":"localhost:8080","ssl":false}'
Chrome Headless 152.0.0.0 (Mac OS 10.15.7) LOG: 'Default DatabaseId: "(default)"'
  (Persistence=memory_lru_gc) GetOptions
    ✔ get document while online with default get options
    ✔ get collection while online with default get options
    ✔ get document while offline with default get options
ERROR: '[2026-09-01T21:26:03.663Z]  @firebase/firestore:', 'Firestore (12.18.0): Uncaught Error in snapshot listener:', 'FirebaseError: [code=aborted]: Firestore shutting down'
    ✔ get collection while offline with default get options
ERROR: '[2026-09-01T21:26:03.668Z]  @firebase/firestore:', 'Firestore (12.18.0): Uncaught Error in snapshot listener:', 'FirebaseError: [code=aborted]: Firestore shutting down'
    ✔ get document while online with source=cache
ERROR: '[2026-09-01T21:26:03.674Z]  @firebase/firestore:', 'Firestore (12.18.0): Uncaught Error in snapshot listener:', 'FirebaseError: [code=aborted]: Firestore shutting down'
    ✔ get collection while online with source=cache
ERROR: '[2026-09-01T21:26:03.678Z]  @firebase/firestore:', 'Firestore (12.18.0): Uncaught Error in snapshot listener:', 'FirebaseError: [code=aborted]: Firestore shutting down'
    ✔ get document while offline with source=cache
ERROR: '[2026-09-01T21:26:03.683Z]  @firebase/firestore:', 'Firestore (12.18.0): Uncaught Error in snapshot listener:', 'FirebaseError: [code=aborted]: Firestore shutting down'
    ✔ get collection while offline with source=cache
    ✔ get document while online with source=server
    ✔ get collection while online with source=server
    ✔ get document while offline with source=server
    ✔ get collection while offline with source=server
ERROR: '[2026-09-01T21:26:03.706Z]  @firebase/firestore:', 'Firestore (12.18.0): Uncaught Error in snapshot listener:', 'FirebaseError: [code=aborted]: Firestore shutting down'
    ✔ get document while offline with different get options
ERROR: '[2026-09-01T21:26:03.716Z]  @firebase/firestore:', 'Firestore (12.18.0): Uncaught Error in snapshot listener:', 'FirebaseError: [code=aborted]: Firestore shutting down'
    ✔ get collection while offline with different get options
    ✔ get nonexistent doc while online with default get options
    ✔ get nonexistent collection while online with default get options
    ✔ get nonexistent doc while offline with default get options
    ✖ get deleted doc while offline with default get options (skipped)
    ✔ get nonexistent collection while offline with default get options
    ✔ get nonexistent doc while online with source=cache
    ✔ get nonexistent collection while online with source=cache
    ✔ get nonexistent doc while offline with source=cache
    ✔ get deleted doc while offline with source=cache
    ✔ get nonexistent collection while offline with source=cache
    ✔ get nonexistent doc while online with source=server
    ✔ get nonexistent collection while online with source=server
    ✔ get nonexistent doc while offline with source=server
    ✔ get nonexistent collection while offline with source=server
TOTAL: 27 SUCCESS

Finished in 0.171 secs / 0.145 secs @ 05:26:03 GMT+0800 (Malaysia Time)

SUMMARY:
✔ 27 tests completed
ℹ 1 test skipped
Done in 1.85s.
yarn run v1.22.22
(node:68443) [DEP0169] DeprecationWarning: `url.parse()` behavior is not standardized and prone to errors that have security implications. Use the WHATWG URL API instead. CVEs are not issued for `url.parse()` vulnerabilities.
(Use `node --trace-deprecation ...` to show where the warning was created)
$ /private/tmp/fireside-phase2-oracles.EJXGdU/firebase-js-sdk/node_modules/.bin/karma start /Users/sanjevirau/Desktop/fireside/conformance/src/webchannel/firebase-js-sdk-karma.conf.cjs --single-run --grep '(?:^\(Persistence=memory_lru_gc\) Index Configuration:(?= |$))'
The 'BROWSERS' environment variable is undefined. Defaulting to 'ChromeHeadless'.
webpack was not included as a framework in karma configuration, setting this automatically...

START:
(node:68450) [DEP0060] DeprecationWarning: The `util._extend` API is deprecated. Please use Object.assign() instead.
(Use `node --trace-deprecation ...` to show where the warning was created)
[32m02 09 2026 05:26:04.552:INFO [karma-server]: [39mKarma v6.4.4 server started at http://localhost:8089/
[32m02 09 2026 05:26:04.553:INFO [launcher]: [39mLaunching browsers ChromeHeadless with concurrency unlimited
[32m02 09 2026 05:26:04.555:INFO [launcher]: [39mStarting browser ChromeHeadless
[32m02 09 2026 05:26:05.461:INFO [Chrome Headless 152.0.0.0 (Mac OS 10.15.7)]: [39mConnected on socket RWDyAt5SPHKxQxa2AAAB with id 26354518
Chrome Headless 152.0.0.0 (Mac OS 10.15.7) LOG: 'Default Settings: {"host":"localhost:8080","ssl":false}'
Chrome Headless 152.0.0.0 (Mac OS 10.15.7) LOG: 'Default DatabaseId: "(default)"'
WARN: '[2026-09-01T21:26:05.598Z]  @firebase/firestore:', 'Firestore (12.18.0): Cannot enable indexes when persistence is disabled'
  (Persistence=memory_lru_gc) Index Configuration:
    ✔ supports JSON
WARN: '[2026-09-01T21:26:05.599Z]  @firebase/firestore:', 'Firestore (12.18.0): Cannot enable indexes when persistence is disabled'
    ✔ supports schema
WARN: '[2026-09-01T21:26:05.599Z]  @firebase/firestore:', 'Firestore (12.18.0): Cannot enable indexes when persistence is disabled'
    ✔ bad JSON does not crash client
WARN: '[2026-09-01T21:26:05.604Z]  @firebase/firestore:', 'Firestore (12.18.0): Cannot enable indexes when persistence is disabled'
    ✔ bad index does not crash client
TOTAL: 4 SUCCESS

Finished in 0.019 secs / 0.006 secs @ 05:26:05 GMT+0800 (Malaysia Time)

SUMMARY:
✔ 4 tests completed
Done in 1.68s.
yarn run v1.22.22
(node:68496) [DEP0169] DeprecationWarning: `url.parse()` behavior is not standardized and prone to errors that have security implications. Use the WHATWG URL API instead. CVEs are not issued for `url.parse()` vulnerabilities.
(Use `node --trace-deprecation ...` to show where the warning was created)
$ /private/tmp/fireside-phase2-oracles.EJXGdU/firebase-js-sdk/node_modules/.bin/karma start /Users/sanjevirau/Desktop/fireside/conformance/src/webchannel/firebase-js-sdk-karma.conf.cjs --single-run --grep '(?:^\(Persistence=memory_lru_gc\) Large Documents(?= |$))'
The 'BROWSERS' environment variable is undefined. Defaulting to 'ChromeHeadless'.
webpack was not included as a framework in karma configuration, setting this automatically...

START:
(node:68497) [DEP0060] DeprecationWarning: The `util._extend` API is deprecated. Please use Object.assign() instead.
(Use `node --trace-deprecation ...` to show where the warning was created)
[32m02 09 2026 05:26:06.336:INFO [karma-server]: [39mKarma v6.4.4 server started at http://localhost:8089/
[32m02 09 2026 05:26:06.337:INFO [launcher]: [39mLaunching browsers ChromeHeadless with concurrency unlimited
[32m02 09 2026 05:26:06.339:INFO [launcher]: [39mStarting browser ChromeHeadless
[32m02 09 2026 05:26:07.260:INFO [Chrome Headless 152.0.0.0 (Mac OS 10.15.7)]: [39mConnected on socket ZaYk9fMNRkBOjZMZAAAB with id 73698600
Chrome Headless 152.0.0.0 (Mac OS 10.15.7) LOG: 'Default Settings: {"host":"localhost:8080","ssl":false}'
Chrome Headless 152.0.0.0 (Mac OS 10.15.7) LOG: 'Default DatabaseId: "(default)"'
  (Persistence=memory_lru_gc) Large Documents
    ✖ can read and cache a 15.9MB Unicode document (skipped)
    ✖ cache integrity with multiple large documents (skipped)
    ✖ can run watch snapshot listener on a large document (skipped)
    ✖ can run transaction read-modify-write on a large document (skipped)
    ✖ can query large documents (skipped)
    ✖ query large documents forces local scan (skipped)
    ✖ gracefully rejects oversized payloads (skipped)
    ✖ can write a 15.9MB document (skipped)
TOTAL: 0 SUCCESS

Finished in 0.011 secs / 0 secs @ 05:26:07 GMT+0800 (Malaysia Time)

SUMMARY:
✔ 0 tests completed
ℹ 8 tests skipped
error Command failed with exit code 1.
info Visit https://yarnpkg.com/en/docs/cli/run for documentation about this command.
yarn run v1.22.22
(node:68540) [DEP0169] DeprecationWarning: `url.parse()` behavior is not standardized and prone to errors that have security implications. Use the WHATWG URL API instead. CVEs are not issued for `url.parse()` vulnerabilities.
(Use `node --trace-deprecation ...` to show where the warning was created)
$ /private/tmp/fireside-phase2-oracles.EJXGdU/firebase-js-sdk/node_modules/.bin/karma start /Users/sanjevirau/Desktop/fireside/conformance/src/webchannel/firebase-js-sdk-karma.conf.cjs --single-run --grep '(?:^\(Persistence=memory_lru_gc\) Numeric Transforms:(?= |$))'
The 'BROWSERS' environment variable is undefined. Defaulting to 'ChromeHeadless'.
webpack was not included as a framework in karma configuration, setting this automatically...

START:
(node:68541) [DEP0060] DeprecationWarning: The `util._extend` API is deprecated. Please use Object.assign() instead.
(Use `node --trace-deprecation ...` to show where the warning was created)
[32m02 09 2026 05:26:08.111:INFO [karma-server]: [39mKarma v6.4.4 server started at http://localhost:8089/
[32m02 09 2026 05:26:08.112:INFO [launcher]: [39mLaunching browsers ChromeHeadless with concurrency unlimited
[32m02 09 2026 05:26:08.115:INFO [launcher]: [39mStarting browser ChromeHeadless
[32m02 09 2026 05:26:09.037:INFO [Chrome Headless 152.0.0.0 (Mac OS 10.15.7)]: [39mConnected on socket mwXQ1UqgwzTnsivsAAAB with id 14539955
Chrome Headless 152.0.0.0 (Mac OS 10.15.7) LOG: 'Default Settings: {"host":"localhost:8080","ssl":false}'
Chrome Headless 152.0.0.0 (Mac OS 10.15.7) LOG: 'Default DatabaseId: "(default)"'
  (Persistence=memory_lru_gc) Numeric Transforms:
    ✔ create document with increment
    ✔ merge on non-existing document with increment
    ✖ increment existing integer with integer (skipped)
    ✔ increment existing double with double
    ✔ increment existing double with integer
    ✔ increment existing integer with double
    ✔ increment existing string with integer
    ✔ increment existing string with double
    ✔ increments with set() and merge:true
    ✖ multiple double increments (skipped)
    ✔ increment twice in a batch
    ✔ increment, delete and increment in a batch
    ✔ increment on top of ServerTimestamp
    ✔ create document with minimum
    ✔ create document with maximum
    ✔ minimum applies to existing value
    ✔ maximum applies to existing value
    ✔ minimum with disableNetwork
    ✔ maximum with disableNetwork
    ✔ minimum with NaN
    ✔ maximum with NaN
TOTAL: 19 SUCCESS

Finished in 0.487 secs / 0.478 secs @ 05:26:09 GMT+0800 (Malaysia Time)

SUMMARY:
✔ 19 tests completed
ℹ 2 tests skipped
Done in 2.16s.
yarn run v1.22.22
(node:68692) [DEP0169] DeprecationWarning: `url.parse()` behavior is not standardized and prone to errors that have security implications. Use the WHATWG URL API instead. CVEs are not issued for `url.parse()` vulnerabilities.
(Use `node --trace-deprecation ...` to show where the warning was created)
$ /private/tmp/fireside-phase2-oracles.EJXGdU/firebase-js-sdk/node_modules/.bin/karma start /Users/sanjevirau/Desktop/fireside/conformance/src/webchannel/firebase-js-sdk-karma.conf.cjs --single-run --grep '(?:^\(Persistence=memory_lru_gc\) PersistentCacheIndexManager(?= |$))'
The 'BROWSERS' environment variable is undefined. Defaulting to 'ChromeHeadless'.
webpack was not included as a framework in karma configuration, setting this automatically...

START:
(node:68693) [DEP0060] DeprecationWarning: The `util._extend` API is deprecated. Please use Object.assign() instead.
(Use `node --trace-deprecation ...` to show where the warning was created)
[32m02 09 2026 05:26:10.452:INFO [karma-server]: [39mKarma v6.4.4 server started at http://localhost:8089/
[32m02 09 2026 05:26:10.453:INFO [launcher]: [39mLaunching browsers ChromeHeadless with concurrency unlimited
[32m02 09 2026 05:26:10.456:INFO [launcher]: [39mStarting browser ChromeHeadless
[32m02 09 2026 05:26:11.377:INFO [Chrome Headless 152.0.0.0 (Mac OS 10.15.7)]: [39mConnected on socket HaQA7mh2QeorV994AAAB with id 78523814
Chrome Headless 152.0.0.0 (Mac OS 10.15.7) LOG: 'Default Settings: {"host":"localhost:8080","ssl":false}'
Chrome Headless 152.0.0.0 (Mac OS 10.15.7) LOG: 'Default DatabaseId: "(default)"'
  (Persistence=memory_lru_gc) PersistentCacheIndexManager
    getPersistentCacheIndexManager()
      ✔ should return non-null if, and only if, IndexedDB persistence is enabled
      ✔ should always return the same object
      ✔ should fail if invoked after terminate()
TOTAL: 3 SUCCESS

Finished in 0.004 secs / 0.001 secs @ 05:26:11 GMT+0800 (Malaysia Time)

SUMMARY:
✔ 3 tests completed
Done in 1.77s.
yarn run v1.22.22
(node:68752) [DEP0169] DeprecationWarning: `url.parse()` behavior is not standardized and prone to errors that have security implications. Use the WHATWG URL API instead. CVEs are not issued for `url.parse()` vulnerabilities.
(Use `node --trace-deprecation ...` to show where the warning was created)
$ /private/tmp/fireside-phase2-oracles.EJXGdU/firebase-js-sdk/node_modules/.bin/karma start /Users/sanjevirau/Desktop/fireside/conformance/src/webchannel/firebase-js-sdk-karma.conf.cjs --single-run --grep '(?:^\(Persistence=memory_lru_gc\) Pipelines (?:(?:pipeline results(?= |$))))'
The 'BROWSERS' environment variable is undefined. Defaulting to 'ChromeHeadless'.
webpack was not included as a framework in karma configuration, setting this automatically...

START:
(node:68753) [DEP0060] DeprecationWarning: The `util._extend` API is deprecated. Please use Object.assign() instead.
(Use `node --trace-deprecation ...` to show where the warning was created)
[32m02 09 2026 05:26:12.251:INFO [karma-server]: [39mKarma v6.4.4 server started at http://localhost:8089/
[32m02 09 2026 05:26:12.252:INFO [launcher]: [39mLaunching browsers ChromeHeadless with concurrency unlimited
[32m02 09 2026 05:26:12.254:INFO [launcher]: [39mStarting browser ChromeHeadless
[32m02 09 2026 05:26:13.176:INFO [Chrome Headless 152.0.0.0 (Mac OS 10.15.7)]: [39mConnected on socket xljTvFF-tu2zdTUfAAAB with id 58565897
Chrome Headless 152.0.0.0 (Mac OS 10.15.7) LOG: 'Default Settings: {"host":"localhost:8080","ssl":false}'
Chrome Headless 152.0.0.0 (Mac OS 10.15.7) LOG: 'Default DatabaseId: "(default)"'
  (Persistence=memory_lru_gc) Pipelines
    pipeline results
      ✖ empty snapshot as expected (skipped)
      ✖ full snapshot as expected (skipped)
      ✖ result equals works (skipped)
      ✖ returns execution time (skipped)
      ✖ returns execution time for an empty query (skipped)
      ✖ returns create and update time for each document (skipped)
      ✖ returns execution time for an aggregate query (skipped)
      ✖ returns undefined create and update time for each result in an aggregate query (skipped)
TOTAL: 0 SUCCESS

Finished in 0.003 secs / 0 secs @ 05:26:13 GMT+0800 (Malaysia Time)

SUMMARY:
✔ 0 tests completed
ℹ 8 tests skipped
error Command failed with exit code 1.
info Visit https://yarnpkg.com/en/docs/cli/run for documentation about this command.
yarn run v1.22.22
(node:68796) [DEP0169] DeprecationWarning: `url.parse()` behavior is not standardized and prone to errors that have security implications. Use the WHATWG URL API instead. CVEs are not issued for `url.parse()` vulnerabilities.
(Use `node --trace-deprecation ...` to show where the warning was created)
$ /private/tmp/fireside-phase2-oracles.EJXGdU/firebase-js-sdk/node_modules/.bin/karma start /Users/sanjevirau/Desktop/fireside/conformance/src/webchannel/firebase-js-sdk-karma.conf.cjs --single-run --grep '(?:^\(Persistence=memory_lru_gc\) Pipelines (?:(?:pipeline sources(?= |$))))'
The 'BROWSERS' environment variable is undefined. Defaulting to 'ChromeHeadless'.
webpack was not included as a framework in karma configuration, setting this automatically...

START:
(node:68797) [DEP0060] DeprecationWarning: The `util._extend` API is deprecated. Please use Object.assign() instead.
(Use `node --trace-deprecation ...` to show where the warning was created)
[32m02 09 2026 05:26:14.060:INFO [karma-server]: [39mKarma v6.4.4 server started at http://localhost:8089/
[32m02 09 2026 05:26:14.062:INFO [launcher]: [39mLaunching browsers ChromeHeadless with concurrency unlimited
[32m02 09 2026 05:26:14.064:INFO [launcher]: [39mStarting browser ChromeHeadless
[32m02 09 2026 05:26:15.072:INFO [Chrome Headless 152.0.0.0 (Mac OS 10.15.7)]: [39mConnected on socket QdZZbpZTF4lHkopZAAAB with id 81225486
Chrome Headless 152.0.0.0 (Mac OS 10.15.7) LOG: 'Default Settings: {"host":"localhost:8080","ssl":false}'
Chrome Headless 152.0.0.0 (Mac OS 10.15.7) LOG: 'Default DatabaseId: "(default)"'
  (Persistence=memory_lru_gc) Pipelines
    pipeline sources
      ✖ supports CollectionReference as source (skipped)
      ✖ supports list of documents as source (skipped)
      ✖ reject CollectionReference for another DB (skipped)
      ✖ reject DocumentReference for another DB (skipped)
      ✖ supports collection group as source (skipped)
      ✖ supports database as source (skipped)
TOTAL: 0 SUCCESS

Finished in 0.003 secs / 0 secs @ 05:26:15 GMT+0800 (Malaysia Time)

SUMMARY:
✔ 0 tests completed
ℹ 6 tests skipped
error Command failed with exit code 1.
info Visit https://yarnpkg.com/en/docs/cli/run for documentation about this command.
yarn run v1.22.22
(node:68841) [DEP0169] DeprecationWarning: `url.parse()` behavior is not standardized and prone to errors that have security implications. Use the WHATWG URL API instead. CVEs are not issued for `url.parse()` vulnerabilities.
(Use `node --trace-deprecation ...` to show where the warning was created)
$ /private/tmp/fireside-phase2-oracles.EJXGdU/firebase-js-sdk/node_modules/.bin/karma start /Users/sanjevirau/Desktop/fireside/conformance/src/webchannel/firebase-js-sdk-karma.conf.cjs --single-run --grep '(?:^\(Persistence=memory_lru_gc\) Pipelines (?:(?:supported data types(?= |$))))'
The 'BROWSERS' environment variable is undefined. Defaulting to 'ChromeHeadless'.
webpack was not included as a framework in karma configuration, setting this automatically...

START:
(node:68842) [DEP0060] DeprecationWarning: The `util._extend` API is deprecated. Please use Object.assign() instead.
(Use `node --trace-deprecation ...` to show where the warning was created)
[32m02 09 2026 05:26:16.078:INFO [karma-server]: [39mKarma v6.4.4 server started at http://localhost:8089/
[32m02 09 2026 05:26:16.080:INFO [launcher]: [39mLaunching browsers ChromeHeadless with concurrency unlimited
[32m02 09 2026 05:26:16.082:INFO [launcher]: [39mStarting browser ChromeHeadless
[32m02 09 2026 05:26:16.985:INFO [Chrome Headless 152.0.0.0 (Mac OS 10.15.7)]: [39mConnected on socket alLFc2tOwiO_ti02AAAB with id 61720000
Chrome Headless 152.0.0.0 (Mac OS 10.15.7) LOG: 'Default Settings: {"host":"localhost:8080","ssl":false}'
Chrome Headless 152.0.0.0 (Mac OS 10.15.7) LOG: 'Default DatabaseId: "(default)"'
  (Persistence=memory_lru_gc) Pipelines
    supported data types
      ✖ accepts and returns all data types (skipped)
      ✖ throws on undefined in a map (skipped)
      ✖ throws on undefined in an array (skipped)
      ✖ converts arrays and plain objects to functionValues if the customer intent is unspecified (skipped)
      ✖ supports boolean value constants as a BooleanExpression (skipped)
TOTAL: 0 SUCCESS

Finished in 0.002 secs / 0 secs @ 05:26:17 GMT+0800 (Malaysia Time)

SUMMARY:
✔ 0 tests completed
ℹ 5 tests skipped
error Command failed with exit code 1.
info Visit https://yarnpkg.com/en/docs/cli/run for documentation about this command.
yarn run v1.22.22
(node:68884) [DEP0169] DeprecationWarning: `url.parse()` behavior is not standardized and prone to errors that have security implications. Use the WHATWG URL API instead. CVEs are not issued for `url.parse()` vulnerabilities.
(Use `node --trace-deprecation ...` to show where the warning was created)
$ /private/tmp/fireside-phase2-oracles.EJXGdU/firebase-js-sdk/node_modules/.bin/karma start /Users/sanjevirau/Desktop/fireside/conformance/src/webchannel/firebase-js-sdk-karma.conf.cjs --single-run --grep '(?:^\(Persistence=memory_lru_gc\) Pipelines (?:(?:stages(?= |$))))'
The 'BROWSERS' environment variable is undefined. Defaulting to 'ChromeHeadless'.
webpack was not included as a framework in karma configuration, setting this automatically...

START:
(node:68885) [DEP0060] DeprecationWarning: The `util._extend` API is deprecated. Please use Object.assign() instead.
(Use `node --trace-deprecation ...` to show where the warning was created)
[32m02 09 2026 05:26:17.859:INFO [karma-server]: [39mKarma v6.4.4 server started at http://localhost:8089/
[32m02 09 2026 05:26:17.860:INFO [launcher]: [39mLaunching browsers ChromeHeadless with concurrency unlimited
[32m02 09 2026 05:26:17.863:INFO [launcher]: [39mStarting browser ChromeHeadless
[32m02 09 2026 05:26:18.761:INFO [Chrome Headless 152.0.0.0 (Mac OS 10.15.7)]: [39mConnected on socket IBLMcsMsi6e1A__lAAAB with id 79718140
Chrome Headless 152.0.0.0 (Mac OS 10.15.7) LOG: 'Default Settings: {"host":"localhost:8080","ssl":false}'
Chrome Headless 152.0.0.0 (Mac OS 10.15.7) LOG: 'Default DatabaseId: "(default)"'
  (Persistence=memory_lru_gc) Pipelines
    stages
      aggregate stage
        ✖ supports aggregate (skipped)
        ✖ throws on Duplicate aliases (skipped)
        ✖ throws on duplicate group aliases (skipped)
        ✖ supports aggregate options (skipped)
        ✖ rejects groups without accumulators (skipped)
        ✖ returns group and accumulate results (skipped)
        ✖ returns min, max, count, and countAll accumulations (skipped)
        ✖ returns first and last accumulations (skipped)
        ✖ returns arrayAgg accumulations (skipped)
        ✖ returns arrayAggDistinct accumulations (skipped)
        ✖ returns countif accumulation (skipped)
        ✖ returns countDistinct accumulation (skipped)
      distinct stage
        ✖ returns distinct values as expected (skipped)
        ✖ supports options (skipped)
      select stage
        ✖ can select fields (skipped)
        ✖ throws on Duplicate aliases (skipped)
        ✖ supports options (skipped)
      addField stage
        ✖ can add fields (skipped)
        ✖ throws on Duplicate aliases (skipped)
        ✖ supports options (skipped)
      removeFields stage
        ✖ can remove fields (skipped)
        ✖ supports options (skipped)
      findNearest stage
        ✖ can find nearest (skipped)
        ✖ supports options (skipped)
      where stage
        ✖ where with and (2 conditions) (skipped)
        ✖ where with and (3 conditions) (skipped)
        ✖ where with or (skipped)
        ✖ where with xor (skipped)
        ✖ where with nor (skipped)
        ✖ supports options (skipped)
      sort, offset, and limit stages
        ✖ supports sort, offset, and limits (skipped)
        ✖ sort, offset, and limit stages support options (skipped)
      raw stage
        ✖ can select fields (skipped)
        ✖ can add fields (skipped)
        ✖ can filter with where (skipped)
        ✖ can limit, offset, and sort (skipped)
        ✖ can perform aggregate query (skipped)
        ✖ can perform distinct query (skipped)
        ✖ can perform FindNearest query (skipped)
      replaceWith stage
        ✖ run pipeline with replaceWith field name (skipped)
        ✖ run pipeline with replaceWith Expr result (skipped)
        ✖ supports options (skipped)
      sample stage
        ✖ run pipeline with sample limit of 3 (skipped)
        ✖ run pipeline with sample limit of {documents: 3} (skipped)
        ✖ run pipeline with sample limit of {percentage: 0.6} (skipped)
      union stage
        ✖ run pipeline with union (skipped)
        ✖ run pipeline with user data with union (skipped)
        ✖ supports options (skipped)
      unnest stage
        ✖ run pipeline with unnest (skipped)
        ✖ unnest with index field (skipped)
        ✖ unnest an expr (skipped)
        ✖ supports options (skipped)
        ✖ run pipeline with findNearest (skipped)
        ✖ optionally returns the computed distance (skipped)
TOTAL: 0 SUCCESS

Finished in 0.004 secs / 0 secs @ 05:26:18 GMT+0800 (Malaysia Time)

SUMMARY:
✔ 0 tests completed
ℹ 54 tests skipped
error Command failed with exit code 1.
info Visit https://yarnpkg.com/en/docs/cli/run for documentation about this command.
yarn run v1.22.22
(node:68944) [DEP0169] DeprecationWarning: `url.parse()` behavior is not standardized and prone to errors that have security implications. Use the WHATWG URL API instead. CVEs are not issued for `url.parse()` vulnerabilities.
(Use `node --trace-deprecation ...` to show where the warning was created)
$ /private/tmp/fireside-phase2-oracles.EJXGdU/firebase-js-sdk/node_modules/.bin/karma start /Users/sanjevirau/Desktop/fireside/conformance/src/webchannel/firebase-js-sdk-karma.conf.cjs --single-run --grep '(?:^\(Persistence=memory_lru_gc\) Pipelines (?:(?:error handling(?= |$))))'
The 'BROWSERS' environment variable is undefined. Defaulting to 'ChromeHeadless'.
webpack was not included as a framework in karma configuration, setting this automatically...

START:
(node:68946) [DEP0060] DeprecationWarning: The `util._extend` API is deprecated. Please use Object.assign() instead.
(Use `node --trace-deprecation ...` to show where the warning was created)
[32m02 09 2026 05:26:19.653:INFO [karma-server]: [39mKarma v6.4.4 server started at http://localhost:8089/
[32m02 09 2026 05:26:19.655:INFO [launcher]: [39mLaunching browsers ChromeHeadless with concurrency unlimited
[32m02 09 2026 05:26:19.657:INFO [launcher]: [39mStarting browser ChromeHeadless
[32m02 09 2026 05:26:20.611:INFO [Chrome Headless 152.0.0.0 (Mac OS 10.15.7)]: [39mConnected on socket YrxK7t-LUurxRh1IAAAB with id 25986115
Chrome Headless 152.0.0.0 (Mac OS 10.15.7) LOG: 'Default Settings: {"host":"localhost:8080","ssl":false}'
Chrome Headless 152.0.0.0 (Mac OS 10.15.7) LOG: 'Default DatabaseId: "(default)"'
  (Persistence=memory_lru_gc) Pipelines
    error handling
      ✖ error properties are propagated from the firestore backend (skipped)
TOTAL: 0 SUCCESS

Finished in 0.001 secs / 0 secs @ 05:26:20 GMT+0800 (Malaysia Time)

SUMMARY:
✔ 0 tests completed
ℹ 1 test skipped
error Command failed with exit code 1.
info Visit https://yarnpkg.com/en/docs/cli/run for documentation about this command.
yarn run v1.22.22
(node:68982) [DEP0169] DeprecationWarning: `url.parse()` behavior is not standardized and prone to errors that have security implications. Use the WHATWG URL API instead. CVEs are not issued for `url.parse()` vulnerabilities.
(Use `node --trace-deprecation ...` to show where the warning was created)
$ /private/tmp/fireside-phase2-oracles.EJXGdU/firebase-js-sdk/node_modules/.bin/karma start /Users/sanjevirau/Desktop/fireside/conformance/src/webchannel/firebase-js-sdk-karma.conf.cjs --single-run --grep '(?:^\(Persistence=memory_lru_gc\) Pipelines (?:(?:function expressions(?= |$))))'
The 'BROWSERS' environment variable is undefined. Defaulting to 'ChromeHeadless'.
webpack was not included as a framework in karma configuration, setting this automatically...

START:
(node:68989) [DEP0060] DeprecationWarning: The `util._extend` API is deprecated. Please use Object.assign() instead.
(Use `node --trace-deprecation ...` to show where the warning was created)
[32m02 09 2026 05:26:21.489:INFO [karma-server]: [39mKarma v6.4.4 server started at http://localhost:8089/
[32m02 09 2026 05:26:21.490:INFO [launcher]: [39mLaunching browsers ChromeHeadless with concurrency unlimited
[32m02 09 2026 05:26:21.491:INFO [launcher]: [39mStarting browser ChromeHeadless
[32m02 09 2026 05:26:22.427:INFO [Chrome Headless 152.0.0.0 (Mac OS 10.15.7)]: [39mConnected on socket ElJl76IMVUi8CNNiAAAB with id 84996032
Chrome Headless 152.0.0.0 (Mac OS 10.15.7) LOG: 'Default Settings: {"host":"localhost:8080","ssl":false}'
Chrome Headless 152.0.0.0 (Mac OS 10.15.7) LOG: 'Default DatabaseId: "(default)"'
  (Persistence=memory_lru_gc) Pipelines
    function expressions
      ✖ logical max works (skipped)
      ✖ logical min works (skipped)
      ✖ conditional works (skipped)
      ✖ equalAny works (skipped)
      ✖ notEqualAny works (skipped)
      ✖ arrayContains works (skipped)
      ✖ arrayContainsAny works (skipped)
      ✖ arrayContainsAll works (skipped)
      ✖ arrayLength works (skipped)
      ✖ testStrConcat (skipped)
      ✖ testStartsWith (skipped)
      ✖ testEndsWith (skipped)
      ✖ testStrContains (skipped)
      ✖ testLength (skipped)
      ✖ testLike (skipped)
      ✖ testRegexContains (skipped)
      ✖ testRegexFind (skipped)
      ✖ testRegexFindAll (skipped)
      ✖ testRegexMatches (skipped)
      ✖ testArithmeticOperations (skipped)
      ✖ testComparisonOperators (skipped)
      ✖ testLogicalOperators (skipped)
      ✖ testChecks (skipped)
      ✖ testMapGet (skipped)
      ✖ testDistanceFunctions (skipped)
      ✖ testVectorLength (skipped)
      ✖ testNestedFields (skipped)
      ✖ test mapGet with field name including . notation (skipped)
      ✖ test mapSet (skipped)
      ✖ test mapKeys (skipped)
      ✖ test mapValues (skipped)
      ✖ test mapEntries (skipped)
      ✖ supports array (skipped)
      ✖ evaluates expression in array (skipped)
      ✖ supports arrayGet (skipped)
      ✖ supports arrayFirst (skipped)
      ✖ supports arrayFilter (skipped)
      ✖ supports arrayFilter with mixed types and nulls (skipped)
      ✖ supports arrayTransform and arrayTransformWithIndex (skipped)
      ✖ supports arrayTransform with empty array and nulls (skipped)
      ✖ supports arraySlice (skipped)
      ✖ arraySlice throws error for negative length (skipped)
      ✖ supports arrayFirstN (skipped)
      ✖ supports arrayLast (skipped)
      ✖ supports arrayLastN (skipped)
      ✖ supports arrayMaximum (skipped)
      ✖ supports arrayMaximumN (skipped)
      ✖ supports arrayMinimum (skipped)
      ✖ supports arrayMinimumN (skipped)
      ✖ supports arrayIndexOf (skipped)
      ✖ supports arrayLastIndexOf (skipped)
      ✖ supports arrayIndexOfAll (skipped)
      ✖ supports map (skipped)
      ✖ evaluates expression in map (skipped)
      ✖ supports mapRemove (skipped)
      ✖ supports mapMerge (skipped)
      ✖ supports timestamp conversions (skipped)
      ✖ supports timestamp math (skipped)
      ✖ supports byteLength (skipped)
      ✖ supports not (skipped)
      ✖ can reverse an array (skipped)
      ✖ can reverse an array with the top-level function (skipped)
      ✖ can compute the ceiling of a numeric value (skipped)
      ✖ can compute the ceiling of a numeric value with the top-level function (skipped)
      ✖ can compute the floor of a numeric value (skipped)
      ✖ can compute the floor of a numeric value with the top-level function (skipped)
      ✖ can compute e to the power of a numeric value (skipped)
      ✖ can compute e to the power of a numeric value with the top-level function (skipped)
      ✖ can compute the power of a numeric value (skipped)
      ✖ can compute the power of a numeric value with the top-level function (skipped)
      ✖ testRand (skipped)
      ✖ can round a numeric value (skipped)
      ✖ can round a numeric value with the top-level function (skipped)
      ✖ can round a numeric value away from zero for positive half-way values (skipped)
      ✖ can round a numeric value away from zero for negative half-way values (skipped)
      ✖ can round a numeric value to specified precision (skipped)
      ✖ can truncate a numeric value (skipped)
      ✖ can truncate a numeric value with the top-level function (skipped)
      ✖ can truncate a numeric value to specified precision (skipped)
      ✖ can get the collectionId from a path (skipped)
      ✖ can get the collectionId from a path with the top-level function (skipped)
      ✖ can compute the length of a string value (skipped)
      ✖ can compute the length of a string value with the top-level function (skipped)
      ✖ can compute the length of an array value (skipped)
      ✖ can compute the length of an array value with the top-level function (skipped)
      ✖ can compute the length of a map value (skipped)
      ✖ can compute the length of a vector value (skipped)
      ✖ can compute the length of a bytes value (skipped)
      ✖ can compute the natural logarithm of a numeric value (skipped)
      ✖ can compute the natural logarithm of a numeric value with the top-level function (skipped)
      ✖ can compute the natural logarithm of a numeric value with the top-level function  (skipped)
      ✖ can compute the logarithm of a numeric value (skipped)
      ✖ can compute the logarithm of a numeric value with the top-level function (skipped)
      ✖ can round a numeric value  (skipped)
      ✖ can round a numeric value with the top-level function  (skipped)
      ✖ can compute the square root of a numeric value (skipped)
      ✖ can compute the square root of a numeric value with the top-level function (skipped)
      ✖ can reverse a string (skipped)
      ✖ can reverse a string with the top-level function (skipped)
      ✖ supports Document_id (skipped)
      ✖ supports parent (skipped)
      ✖ supports substring (skipped)
      ✖ supports substring without length (skipped)
      ✖ test toLower (skipped)
      ✖ test toUpper (skipped)
      ✖ testTrim (skipped)
      ✖ testLTrim (skipped)
      ✖ testRTrim (skipped)
      ✖ testStringRepeat (skipped)
      ✖ testStringReplaceAll (skipped)
      ✖ testStringReplaceOne (skipped)
      ✖ testStringIndexOf (skipped)
      ✖ test reverse (skipped)
      ✖ testAbs (skipped)
      ✖ can compute the base-10 logarithm of a numeric value (skipped)
      ✖ can compute the base-10 logarithm of a numeric value with the top-level function (skipped)
      ✖ can concat fields (skipped)
      ✖ supports currentTimestamp (skipped)
      ✖ supports ifAbsent (skipped)
      ✖ supports ifNull (skipped)
      ✖ supports coalesce (skipped)
      ✖ supports join (skipped)
      ✖ can compute the sum of the elements in an array (skipped)
      ✖ can compute the sum of the elements in an array with the top-level function (skipped)
      ✖ truncate timestamp (skipped)
      ✖ supports timestamp difference (skipped)
      ✖ supports timestamp extraction (skipped)
      ✖ supports split (skipped)
      ✖ supports type (skipped)
      ✖ supports isType (skipped)
      ✖ supports nor (skipped)
      rawFunction
        ✖ add selectable (skipped)
        ✖ and (variadic) selectable (skipped)
        ✖ array contains any (skipped)
        ✖ countif aggregate (skipped)
        ✖ sort by char_len (skipped)
      switchOn
        ✖ supports basic switch (skipped)
        ✖ supports multi-branch switch (skipped)
        ✖ throws if no match and no default (skipped)
TOTAL: 0 SUCCESS

Finished in 0.008 secs / 0 secs @ 05:26:22 GMT+0800 (Malaysia Time)

SUMMARY:
✔ 0 tests completed
ℹ 139 tests skipped
error Command failed with exit code 1.
info Visit https://yarnpkg.com/en/docs/cli/run for documentation about this command.
yarn run v1.22.22
(node:69046) [DEP0169] DeprecationWarning: `url.parse()` behavior is not standardized and prone to errors that have security implications. Use the WHATWG URL API instead. CVEs are not issued for `url.parse()` vulnerabilities.
(Use `node --trace-deprecation ...` to show where the warning was created)
$ /private/tmp/fireside-phase2-oracles.EJXGdU/firebase-js-sdk/node_modules/.bin/karma start /Users/sanjevirau/Desktop/fireside/conformance/src/webchannel/firebase-js-sdk-karma.conf.cjs --single-run --grep '(?:^\(Persistence=memory_lru_gc\) Pipelines (?:(?:pagination(?= |$))))'
The 'BROWSERS' environment variable is undefined. Defaulting to 'ChromeHeadless'.
webpack was not included as a framework in karma configuration, setting this automatically...

START:
(node:69047) [DEP0060] DeprecationWarning: The `util._extend` API is deprecated. Please use Object.assign() instead.
(Use `node --trace-deprecation ...` to show where the warning was created)
[32m02 09 2026 05:26:23.272:INFO [karma-server]: [39mKarma v6.4.4 server started at http://localhost:8089/
[32m02 09 2026 05:26:23.273:INFO [launcher]: [39mLaunching browsers ChromeHeadless with concurrency unlimited
[32m02 09 2026 05:26:23.275:INFO [launcher]: [39mStarting browser ChromeHeadless
[32m02 09 2026 05:26:24.159:INFO [Chrome Headless 152.0.0.0 (Mac OS 10.15.7)]: [39mConnected on socket rJheWnQy9yBIpS05AAAB with id 66118973
Chrome Headless 152.0.0.0 (Mac OS 10.15.7) LOG: 'Default Settings: {"host":"localhost:8080","ssl":false}'
Chrome Headless 152.0.0.0 (Mac OS 10.15.7) LOG: 'Default DatabaseId: "(default)"'
  (Persistence=memory_lru_gc) Pipelines
    pagination
      ✖ supports pagination with filters (skipped)
      ✖ supports pagination with offsets (skipped)
TOTAL: 0 SUCCESS

Finished in 0.002 secs / 0 secs @ 05:26:24 GMT+0800 (Malaysia Time)

SUMMARY:
✔ 0 tests completed
ℹ 2 tests skipped
error Command failed with exit code 1.
info Visit https://yarnpkg.com/en/docs/cli/run for documentation about this command.
yarn run v1.22.22
(node:69093) [DEP0169] DeprecationWarning: `url.parse()` behavior is not standardized and prone to errors that have security implications. Use the WHATWG URL API instead. CVEs are not issued for `url.parse()` vulnerabilities.
(Use `node --trace-deprecation ...` to show where the warning was created)
$ /private/tmp/fireside-phase2-oracles.EJXGdU/firebase-js-sdk/node_modules/.bin/karma start /Users/sanjevirau/Desktop/fireside/conformance/src/webchannel/firebase-js-sdk-karma.conf.cjs --single-run --grep '(?:^\(Persistence=memory_lru_gc\) Pipelines (?:(?:stage options(?= |$))))'
The 'BROWSERS' environment variable is undefined. Defaulting to 'ChromeHeadless'.
webpack was not included as a framework in karma configuration, setting this automatically...

START:
(node:69096) [DEP0060] DeprecationWarning: The `util._extend` API is deprecated. Please use Object.assign() instead.
(Use `node --trace-deprecation ...` to show where the warning was created)
[32m02 09 2026 05:26:25.059:INFO [karma-server]: [39mKarma v6.4.4 server started at http://localhost:8089/
[32m02 09 2026 05:26:25.060:INFO [launcher]: [39mLaunching browsers ChromeHeadless with concurrency unlimited
[32m02 09 2026 05:26:25.063:INFO [launcher]: [39mStarting browser ChromeHeadless
[32m02 09 2026 05:26:26.068:INFO [Chrome Headless 152.0.0.0 (Mac OS 10.15.7)]: [39mConnected on socket E0ymNk14ZncxCWNgAAAB with id 72701386
Chrome Headless 152.0.0.0 (Mac OS 10.15.7) LOG: 'Default Settings: {"host":"localhost:8080","ssl":false}'
Chrome Headless 152.0.0.0 (Mac OS 10.15.7) LOG: 'Default DatabaseId: "(default)"'
  (Persistence=memory_lru_gc) Pipelines
    stage options
      forceIndex
        ✖ Collection Stage (skipped)
        ✖ CollectionGroup Stage (skipped)
TOTAL: 0 SUCCESS

Finished in 0.002 secs / 0 secs @ 05:26:26 GMT+0800 (Malaysia Time)

SUMMARY:
✔ 0 tests completed
ℹ 2 tests skipped
error Command failed with exit code 1.
info Visit https://yarnpkg.com/en/docs/cli/run for documentation about this command.
yarn run v1.22.22
(node:69142) [DEP0169] DeprecationWarning: `url.parse()` behavior is not standardized and prone to errors that have security implications. Use the WHATWG URL API instead. CVEs are not issued for `url.parse()` vulnerabilities.
(Use `node --trace-deprecation ...` to show where the warning was created)
$ /private/tmp/fireside-phase2-oracles.EJXGdU/firebase-js-sdk/node_modules/.bin/karma start /Users/sanjevirau/Desktop/fireside/conformance/src/webchannel/firebase-js-sdk-karma.conf.cjs --single-run --grep '(?:^\(Persistence=memory_lru_gc\) Pipelines (?:(?:subquery(?= |$))))'
The 'BROWSERS' environment variable is undefined. Defaulting to 'ChromeHeadless'.
webpack was not included as a framework in karma configuration, setting this automatically...

START:
(node:69143) [DEP0060] DeprecationWarning: The `util._extend` API is deprecated. Please use Object.assign() instead.
(Use `node --trace-deprecation ...` to show where the warning was created)
[32m02 09 2026 05:26:26.970:INFO [karma-server]: [39mKarma v6.4.4 server started at http://localhost:8089/
[32m02 09 2026 05:26:26.971:INFO [launcher]: [39mLaunching browsers ChromeHeadless with concurrency unlimited
[32m02 09 2026 05:26:26.974:INFO [launcher]: [39mStarting browser ChromeHeadless
[32m02 09 2026 05:26:28.050:INFO [Chrome Headless 152.0.0.0 (Mac OS 10.15.7)]: [39mConnected on socket W5jVsTvBbnDz3K8sAAAB with id 60921462
Chrome Headless 152.0.0.0 (Mac OS 10.15.7) LOG: 'Default Settings: {"host":"localhost:8080","ssl":false}'
Chrome Headless 152.0.0.0 (Mac OS 10.15.7) LOG: 'Default DatabaseId: "(default)"'
  (Persistence=memory_lru_gc) Pipelines
    subquery
      ✖ zero result scalar returns null (skipped)
      ✖ array subquery join and empty result (skipped)
      ✖ multiple array subqueries (skipped)
      ✖ array subquery join multiple fields preserves map (skipped)
      ✖ array subquery in where stage on books (skipped)
      ✖ scalar subquery single aggregation unwrapping (skipped)
      ✖ scalar subquery multiple aggregations map wrapping (skipped)
      ✖ scalar subquery zero results (skipped)
      ✖ scalar subquery multiple results runtime error (skipped)
      ✖ mixed scalar and array subqueries (skipped)
      ✖ single scope variable usage (skipped)
      ✖ explicit field binding scope bridging (skipped)
      ✖ multiple variable bindings (skipped)
      ✖ current document binding (skipped)
      ✖ unbound variable corner case (skipped)
      ✖ variable shadowing collision (skipped)
      ✖ missing field on current document (skipped)
      ✖ 3 level deep join (skipped)
      ✖ deep aggregation (skipped)
      ✖ pipeline stage support 9 layers (skipped)
      ✖ standard subcollection query (skipped)
      ✖ missing subcollection (skipped)
      ✖ direct execution of subcollection pipeline (skipped)
TOTAL: 0 SUCCESS

Finished in 0.003 secs / 0 secs @ 05:26:28 GMT+0800 (Malaysia Time)

SUMMARY:
✔ 0 tests completed
ℹ 23 tests skipped
error Command failed with exit code 1.
info Visit https://yarnpkg.com/en/docs/cli/run for documentation about this command.
yarn run v1.22.22
(node:69184) [DEP0169] DeprecationWarning: `url.parse()` behavior is not standardized and prone to errors that have security implications. Use the WHATWG URL API instead. CVEs are not issued for `url.parse()` vulnerabilities.
(Use `node --trace-deprecation ...` to show where the warning was created)
$ /private/tmp/fireside-phase2-oracles.EJXGdU/firebase-js-sdk/node_modules/.bin/karma start /Users/sanjevirau/Desktop/fireside/conformance/src/webchannel/firebase-js-sdk-karma.conf.cjs --single-run --grep '(?:^Firestore Provider(?= |$))'
The 'BROWSERS' environment variable is undefined. Defaulting to 'ChromeHeadless'.
webpack was not included as a framework in karma configuration, setting this automatically...

START:
(node:69185) [DEP0060] DeprecationWarning: The `util._extend` API is deprecated. Please use Object.assign() instead.
(Use `node --trace-deprecation ...` to show where the warning was created)
[32m02 09 2026 05:26:28.935:INFO [karma-server]: [39mKarma v6.4.4 server started at http://localhost:8089/
[32m02 09 2026 05:26:28.936:INFO [launcher]: [39mLaunching browsers ChromeHeadless with concurrency unlimited
[32m02 09 2026 05:26:28.939:INFO [launcher]: [39mStarting browser ChromeHeadless
[32m02 09 2026 05:26:29.869:INFO [Chrome Headless 152.0.0.0 (Mac OS 10.15.7)]: [39mConnected on socket Rm2jf9vVLDnluzTfAAAB with id 94495198
Chrome Headless 152.0.0.0 (Mac OS 10.15.7) LOG: 'Default Settings: {"host":"localhost:8080","ssl":false}'
Chrome Headless 152.0.0.0 (Mac OS 10.15.7) LOG: 'Default DatabaseId: "(default)"'
  Firestore Provider
    ✔ can provide setting
    ✔ returns same default instance from named app
    ✔ returns different instance from named app
    ✔ returns same default instance from default app
    ✔ returns different instance from different named app
    ✔ can call initializeFirestore() twice if settings are same
WARN: '[2026-09-01T21:26:30.027Z]  @firebase/firestore:', 'Firestore (12.18.0): enableIndexedDbPersistence() will be deprecated in the future, you can use `FirestoreSettings.cache` instead.'
    ✔ can still use enableIndexedDbPersistence()
WARN: '[2026-09-01T21:26:30.090Z]  @firebase/firestore:', 'Firestore (12.18.0): enableIndexedDbPersistence() will be deprecated in the future, you can use `FirestoreSettings.cache` instead.'
    ✔ cannot mix enableIndexedDbPersistence() and settings.cache
    ✔ cannot use once terminated
    ✔ can call terminate() multiple times
    ✔ passes API key to database info
TOTAL: 11 SUCCESS

Finished in 0.075 secs / 0.071 secs @ 05:26:30 GMT+0800 (Malaysia Time)

SUMMARY:
✔ 11 tests completed
Done in 1.81s.
yarn run v1.22.22
(node:69261) [DEP0169] DeprecationWarning: `url.parse()` behavior is not standardized and prone to errors that have security implications. Use the WHATWG URL API instead. CVEs are not issued for `url.parse()` vulnerabilities.
(Use `node --trace-deprecation ...` to show where the warning was created)
$ /private/tmp/fireside-phase2-oracles.EJXGdU/firebase-js-sdk/node_modules/.bin/karma start /Users/sanjevirau/Desktop/fireside/conformance/src/webchannel/firebase-js-sdk-karma.conf.cjs --single-run --grep '(?:^\(Persistence=memory_lru_gc\) Queries (?:(?:QuerySnapshot\.toJSON bundle getDocFromCache(?= |$)|can issue limit queries(?! (?:using descending sort order)(?: |$))(?= |$)|cannot issue limitToLast queries without explicit order-by(?= |$)|can issue limit queries using descending sort order(?= |$)|can issue limitToLast queries using descending sort order(?= |$))))'
The 'BROWSERS' environment variable is undefined. Defaulting to 'ChromeHeadless'.
webpack was not included as a framework in karma configuration, setting this automatically...

START:
(node:69262) [DEP0060] DeprecationWarning: The `util._extend` API is deprecated. Please use Object.assign() instead.
(Use `node --trace-deprecation ...` to show where the warning was created)
[32m02 09 2026 05:26:31.267:INFO [karma-server]: [39mKarma v6.4.4 server started at http://localhost:8089/
[32m02 09 2026 05:26:31.268:INFO [launcher]: [39mLaunching browsers ChromeHeadless with concurrency unlimited
[32m02 09 2026 05:26:31.271:INFO [launcher]: [39mStarting browser ChromeHeadless
[32m02 09 2026 05:26:32.213:INFO [Chrome Headless 152.0.0.0 (Mac OS 10.15.7)]: [39mConnected on socket 5FcIS4KYv3R3zc_AAAAB with id 86837604
Chrome Headless 152.0.0.0 (Mac OS 10.15.7) LOG: 'Default Settings: {"host":"localhost:8080","ssl":false}'
Chrome Headless 152.0.0.0 (Mac OS 10.15.7) LOG: 'Default DatabaseId: "(default)"'
  (Persistence=memory_lru_gc) Queries
    ✔ QuerySnapshot.toJSON bundle getDocFromCache
    ✔ can issue limit queries
    ✔ cannot issue limitToLast queries without explicit order-by
    ✔ can issue limit queries using descending sort order
    ✔ can issue limitToLast queries using descending sort order
TOTAL: 5 SUCCESS

Finished in 0.04 secs / 0.038 secs @ 05:26:32 GMT+0800 (Malaysia Time)

SUMMARY:
✔ 5 tests completed
Done in 2.17s.
yarn run v1.22.22
(node:69304) [DEP0169] DeprecationWarning: `url.parse()` behavior is not standardized and prone to errors that have security implications. Use the WHATWG URL API instead. CVEs are not issued for `url.parse()` vulnerabilities.
(Use `node --trace-deprecation ...` to show where the warning was created)
$ /private/tmp/fireside-phase2-oracles.EJXGdU/firebase-js-sdk/node_modules/.bin/karma start /Users/sanjevirau/Desktop/fireside/conformance/src/webchannel/firebase-js-sdk-karma.conf.cjs --single-run --grep '(?:^\(Persistence=memory_lru_gc\) Queries (?:(?:can listen to limitToLast queries(?= |$)|can listen/unlisten/relisten to mirror queries(?= |$)|can issue limitToLast queries with cursors(?= |$)|key order is descending for descending inequality(?= |$)|can use unary filters(?= |$))))'
The 'BROWSERS' environment variable is undefined. Defaulting to 'ChromeHeadless'.
webpack was not included as a framework in karma configuration, setting this automatically...

START:
(node:69305) [DEP0060] DeprecationWarning: The `util._extend` API is deprecated. Please use Object.assign() instead.
(Use `node --trace-deprecation ...` to show where the warning was created)
[32m02 09 2026 05:26:33.144:INFO [karma-server]: [39mKarma v6.4.4 server started at http://localhost:8089/
[32m02 09 2026 05:26:33.145:INFO [launcher]: [39mLaunching browsers ChromeHeadless with concurrency unlimited
[32m02 09 2026 05:26:33.148:INFO [launcher]: [39mStarting browser ChromeHeadless
[32m02 09 2026 05:26:34.193:INFO [Chrome Headless 152.0.0.0 (Mac OS 10.15.7)]: [39mConnected on socket HH5pD18FQN59R1BOAAAB with id 27015489
Chrome Headless 152.0.0.0 (Mac OS 10.15.7) LOG: 'Default Settings: {"host":"localhost:8080","ssl":false}'
Chrome Headless 152.0.0.0 (Mac OS 10.15.7) LOG: 'Default DatabaseId: "(default)"'
ERROR: '[2026-09-01T21:26:34.365Z]  @firebase/firestore:', 'Firestore (12.18.0): Uncaught Error in snapshot listener:', 'FirebaseError: [code=aborted]: Firestore shutting down'
  (Persistence=memory_lru_gc) Queries
    ✔ can listen to limitToLast queries
ERROR: '[2026-09-01T21:26:34.377Z]  @firebase/firestore:', 'Firestore (12.18.0): Uncaught Error in snapshot listener:', 'FirebaseError: [code=aborted]: Firestore shutting down'
ERROR: '[2026-09-01T21:26:34.377Z]  @firebase/firestore:', 'Firestore (12.18.0): Uncaught Error in snapshot listener:', 'FirebaseError: [code=aborted]: Firestore shutting down'
    ✔ can listen/unlisten/relisten to mirror queries
    ✔ can issue limitToLast queries with cursors
    ✔ key order is descending for descending inequality
    ✔ can use unary filters
TOTAL: 5 SUCCESS

Finished in 0.069 secs / 0.066 secs @ 05:26:34 GMT+0800 (Malaysia Time)

SUMMARY:
✔ 5 tests completed
Done in 1.92s.
yarn run v1.22.22
(node:69360) [DEP0169] DeprecationWarning: `url.parse()` behavior is not standardized and prone to errors that have security implications. Use the WHATWG URL API instead. CVEs are not issued for `url.parse()` vulnerabilities.
(Use `node --trace-deprecation ...` to show where the warning was created)
$ /private/tmp/fireside-phase2-oracles.EJXGdU/firebase-js-sdk/node_modules/.bin/karma start /Users/sanjevirau/Desktop/fireside/conformance/src/webchannel/firebase-js-sdk-karma.conf.cjs --single-run --grep '(?:^\(Persistence=memory_lru_gc\) Queries (?:(?:can filter on infinity(?= |$)|will not get metadata only updates(?= |$)|maintains correct DocumentChange indexes(?= |$)|can listen for the same query with different options(?= |$)|can issue queries with Dates differing in milliseconds(?= |$))))'
The 'BROWSERS' environment variable is undefined. Defaulting to 'ChromeHeadless'.
webpack was not included as a framework in karma configuration, setting this automatically...

START:
(node:69361) [DEP0060] DeprecationWarning: The `util._extend` API is deprecated. Please use Object.assign() instead.
(Use `node --trace-deprecation ...` to show where the warning was created)
[32m02 09 2026 05:26:35.179:INFO [karma-server]: [39mKarma v6.4.4 server started at http://localhost:8089/
[32m02 09 2026 05:26:35.180:INFO [launcher]: [39mLaunching browsers ChromeHeadless with concurrency unlimited
[32m02 09 2026 05:26:35.182:INFO [launcher]: [39mStarting browser ChromeHeadless
[32m02 09 2026 05:26:36.277:INFO [Chrome Headless 152.0.0.0 (Mac OS 10.15.7)]: [39mConnected on socket p6nImLM1hr8B_WJSAAAB with id 77348541
Chrome Headless 152.0.0.0 (Mac OS 10.15.7) LOG: 'Default Settings: {"host":"localhost:8080","ssl":false}'
Chrome Headless 152.0.0.0 (Mac OS 10.15.7) LOG: 'Default DatabaseId: "(default)"'
  (Persistence=memory_lru_gc) Queries
    ✔ can filter on infinity
    ✔ will not get metadata only updates
    ✔ maintains correct DocumentChange indexes
    ✖ can listen for the same query with different options (skipped)
    ✔ can issue queries with Dates differing in milliseconds
TOTAL: 4 SUCCESS

Finished in 0.057 secs / 0.054 secs @ 05:26:36 GMT+0800 (Malaysia Time)

SUMMARY:
✔ 4 tests completed
ℹ 1 test skipped
Done in 1.99s.
yarn run v1.22.22
(node:69404) [DEP0169] DeprecationWarning: `url.parse()` behavior is not standardized and prone to errors that have security implications. Use the WHATWG URL API instead. CVEs are not issued for `url.parse()` vulnerabilities.
(Use `node --trace-deprecation ...` to show where the warning was created)
$ /private/tmp/fireside-phase2-oracles.EJXGdU/firebase-js-sdk/node_modules/.bin/karma start /Users/sanjevirau/Desktop/fireside/conformance/src/webchannel/firebase-js-sdk-karma.conf.cjs --single-run --grep '(?:^\(Persistence=memory_lru_gc\) Queries (?:(?:can listen for QueryMetadata changes(?= |$)|can listen for metadata changes(?= |$)|can catch error message for missing index with error handler(?= |$)|can explicitly sort by document ID(?= |$)|can query by document ID(?! (?:using refs)(?: |$))(?= |$))))'
The 'BROWSERS' environment variable is undefined. Defaulting to 'ChromeHeadless'.
webpack was not included as a framework in karma configuration, setting this automatically...

START:
(node:69405) [DEP0060] DeprecationWarning: The `util._extend` API is deprecated. Please use Object.assign() instead.
(Use `node --trace-deprecation ...` to show where the warning was created)
[32m02 09 2026 05:26:37.256:INFO [karma-server]: [39mKarma v6.4.4 server started at http://localhost:8089/
[32m02 09 2026 05:26:37.257:INFO [launcher]: [39mLaunching browsers ChromeHeadless with concurrency unlimited
[32m02 09 2026 05:26:37.258:INFO [launcher]: [39mStarting browser ChromeHeadless
[32m02 09 2026 05:26:38.204:INFO [Chrome Headless 152.0.0.0 (Mac OS 10.15.7)]: [39mConnected on socket Lorhci-xXb7ygCtkAAAB with id 2827957
Chrome Headless 152.0.0.0 (Mac OS 10.15.7) LOG: 'Default Settings: {"host":"localhost:8080","ssl":false}'
Chrome Headless 152.0.0.0 (Mac OS 10.15.7) LOG: 'Default DatabaseId: "(default)"'
  (Persistence=memory_lru_gc) Queries
    ✔ can listen for QueryMetadata changes
    ✔ can listen for metadata changes
    ✖ can catch error message for missing index with error handler (skipped)
    ✔ can explicitly sort by document ID
    ✔ can query by document ID
TOTAL: 4 SUCCESS

Finished in 0.076 secs / 0.074 secs @ 05:26:38 GMT+0800 (Malaysia Time)

SUMMARY:
✔ 4 tests completed
ℹ 1 test skipped
Done in 1.78s.
yarn run v1.22.22
(node:69450) [DEP0169] DeprecationWarning: `url.parse()` behavior is not standardized and prone to errors that have security implications. Use the WHATWG URL API instead. CVEs are not issued for `url.parse()` vulnerabilities.
(Use `node --trace-deprecation ...` to show where the warning was created)
$ /private/tmp/fireside-phase2-oracles.EJXGdU/firebase-js-sdk/node_modules/.bin/karma start /Users/sanjevirau/Desktop/fireside/conformance/src/webchannel/firebase-js-sdk-karma.conf.cjs --single-run --grep '(?:^\(Persistence=memory_lru_gc\) Queries (?:(?:can query by document ID using refs(?= |$)|can query while reconnecting to network(?= |$)|trigger with isFromCache=true when offline(?= |$)|can use != filters(?! (?:by document ID)(?: |$))(?= |$)|can use != filters by document ID(?= |$))))'
The 'BROWSERS' environment variable is undefined. Defaulting to 'ChromeHeadless'.
webpack was not included as a framework in karma configuration, setting this automatically...

START:
(node:69451) [DEP0060] DeprecationWarning: The `util._extend` API is deprecated. Please use Object.assign() instead.
(Use `node --trace-deprecation ...` to show where the warning was created)
[32m02 09 2026 05:26:39.148:INFO [karma-server]: [39mKarma v6.4.4 server started at http://localhost:8089/
[32m02 09 2026 05:26:39.149:INFO [launcher]: [39mLaunching browsers ChromeHeadless with concurrency unlimited
[32m02 09 2026 05:26:39.151:INFO [launcher]: [39mStarting browser ChromeHeadless
[32m02 09 2026 05:26:40.148:INFO [Chrome Headless 152.0.0.0 (Mac OS 10.15.7)]: [39mConnected on socket aWQW6QCwkZ-xV6ReAAAB with id 47391342
Chrome Headless 152.0.0.0 (Mac OS 10.15.7) LOG: 'Default Settings: {"host":"localhost:8080","ssl":false}'
Chrome Headless 152.0.0.0 (Mac OS 10.15.7) LOG: 'Default DatabaseId: "(default)"'
  (Persistence=memory_lru_gc) Queries
    ✔ can query by document ID using refs
    ✔ can query while reconnecting to network
    ✔ trigger with isFromCache=true when offline
    ✔ can use != filters
    ✔ can use != filters by document ID
TOTAL: 5 SUCCESS

Finished in 0.069 secs / 0.067 secs @ 05:26:40 GMT+0800 (Malaysia Time)

SUMMARY:
✔ 5 tests completed
Done in 2.00s.
yarn run v1.22.22
(node:69495) [DEP0169] DeprecationWarning: `url.parse()` behavior is not standardized and prone to errors that have security implications. Use the WHATWG URL API instead. CVEs are not issued for `url.parse()` vulnerabilities.
(Use `node --trace-deprecation ...` to show where the warning was created)
$ /private/tmp/fireside-phase2-oracles.EJXGdU/firebase-js-sdk/node_modules/.bin/karma start /Users/sanjevirau/Desktop/fireside/conformance/src/webchannel/firebase-js-sdk-karma.conf.cjs --single-run --grep '(?:^\(Persistence=memory_lru_gc\) Queries (?:(?:can use array-contains filters(?= |$)|can use IN filters(?! (?:by document ID)(?: |$))(?= |$)|can use IN filters by document ID(?= |$)|can use NOT_IN filters(?! (?:by document ID)(?: |$))(?= |$)|can use NOT_IN filters by document ID(?= |$))))'
The 'BROWSERS' environment variable is undefined. Defaulting to 'ChromeHeadless'.
webpack was not included as a framework in karma configuration, setting this automatically...

START:
(node:69496) [DEP0060] DeprecationWarning: The `util._extend` API is deprecated. Please use Object.assign() instead.
(Use `node --trace-deprecation ...` to show where the warning was created)
[32m02 09 2026 05:26:41.299:INFO [karma-server]: [39mKarma v6.4.4 server started at http://localhost:8089/
[32m02 09 2026 05:26:41.301:INFO [launcher]: [39mLaunching browsers ChromeHeadless with concurrency unlimited
[32m02 09 2026 05:26:41.303:INFO [launcher]: [39mStarting browser ChromeHeadless
[32m02 09 2026 05:26:42.342:INFO [Chrome Headless 152.0.0.0 (Mac OS 10.15.7)]: [39mConnected on socket AuSKN_H2idaHF1KoAAAB with id 45082296
Chrome Headless 152.0.0.0 (Mac OS 10.15.7) LOG: 'Default Settings: {"host":"localhost:8080","ssl":false}'
Chrome Headless 152.0.0.0 (Mac OS 10.15.7) LOG: 'Default DatabaseId: "(default)"'
  (Persistence=memory_lru_gc) Queries
    ✔ can use array-contains filters
    ✔ can use IN filters
    ✔ can use IN filters by document ID
    ✔ can use NOT_IN filters
    ✔ can use NOT_IN filters by document ID
TOTAL: 5 SUCCESS

Finished in 0.078 secs / 0.077 secs @ 05:26:42 GMT+0800 (Malaysia Time)

SUMMARY:
✔ 5 tests completed
Done in 1.97s.
yarn run v1.22.22
(node:69563) [DEP0169] DeprecationWarning: `url.parse()` behavior is not standardized and prone to errors that have security implications. Use the WHATWG URL API instead. CVEs are not issued for `url.parse()` vulnerabilities.
(Use `node --trace-deprecation ...` to show where the warning was created)
$ /private/tmp/fireside-phase2-oracles.EJXGdU/firebase-js-sdk/node_modules/.bin/karma start /Users/sanjevirau/Desktop/fireside/conformance/src/webchannel/firebase-js-sdk-karma.conf.cjs --single-run --grep '(?:^\(Persistence=memory_lru_gc\) Queries (?:(?:can use array-contains-any filters(?= |$)|can query collection groups(?! (?:with startAt / endAt by arbitrary documentId|with where filters on arbitrary documentId)(?: |$))(?= |$)|can query collection groups with startAt / endAt by arbitrary documentId(?= |$)|can query collection groups with where filters on arbitrary documentId(?= |$)|can query custom types(?= |$))))'
The 'BROWSERS' environment variable is undefined. Defaulting to 'ChromeHeadless'.
webpack was not included as a framework in karma configuration, setting this automatically...

START:
(node:69564) [DEP0060] DeprecationWarning: The `util._extend` API is deprecated. Please use Object.assign() instead.
(Use `node --trace-deprecation ...` to show where the warning was created)
[32m02 09 2026 05:26:43.392:INFO [karma-server]: [39mKarma v6.4.4 server started at http://localhost:8089/
[32m02 09 2026 05:26:43.393:INFO [launcher]: [39mLaunching browsers ChromeHeadless with concurrency unlimited
[32m02 09 2026 05:26:43.396:INFO [launcher]: [39mStarting browser ChromeHeadless
[32m02 09 2026 05:26:44.438:INFO [Chrome Headless 152.0.0.0 (Mac OS 10.15.7)]: [39mConnected on socket H7YIOYqSGQUEDIn9AAAB with id 38485226
Chrome Headless 152.0.0.0 (Mac OS 10.15.7) LOG: 'Default Settings: {"host":"localhost:8080","ssl":false}'
Chrome Headless 152.0.0.0 (Mac OS 10.15.7) LOG: 'Default DatabaseId: "(default)"'
  (Persistence=memory_lru_gc) Queries
    ✔ can use array-contains-any filters
    ✔ can query collection groups
    ✔ can query collection groups with startAt / endAt by arbitrary documentId
    ✔ can query collection groups with where filters on arbitrary documentId
    ✔ can query custom types
TOTAL: 5 SUCCESS

Finished in 0.071 secs / 0.068 secs @ 05:26:44 GMT+0800 (Malaysia Time)

SUMMARY:
✔ 5 tests completed
Done in 2.00s.
yarn run v1.22.22
(node:69618) [DEP0169] DeprecationWarning: `url.parse()` behavior is not standardized and prone to errors that have security implications. Use the WHATWG URL API instead. CVEs are not issued for `url.parse()` vulnerabilities.
(Use `node --trace-deprecation ...` to show where the warning was created)
$ /private/tmp/fireside-phase2-oracles.EJXGdU/firebase-js-sdk/node_modules/.bin/karma start /Users/sanjevirau/Desktop/fireside/conformance/src/webchannel/firebase-js-sdk-karma.conf.cjs --single-run --grep '(?:^\(Persistence=memory_lru_gc\) Queries (?:(?:can use filter with nested field(?= |$)|OR Queries(?= |$)|Caching empty results(?= |$)|can query large documents with multi-byte character strings(?= |$))))'
The 'BROWSERS' environment variable is undefined. Defaulting to 'ChromeHeadless'.
webpack was not included as a framework in karma configuration, setting this automatically...

START:
(node:69619) [DEP0060] DeprecationWarning: The `util._extend` API is deprecated. Please use Object.assign() instead.
(Use `node --trace-deprecation ...` to show where the warning was created)
[32m02 09 2026 05:26:45.827:INFO [karma-server]: [39mKarma v6.4.4 server started at http://localhost:8089/
[32m02 09 2026 05:26:45.830:INFO [launcher]: [39mLaunching browsers ChromeHeadless with concurrency unlimited
[32m02 09 2026 05:26:45.835:INFO [launcher]: [39mStarting browser ChromeHeadless
[32m02 09 2026 05:26:46.992:INFO [Chrome Headless 152.0.0.0 (Mac OS 10.15.7)]: [39mConnected on socket _BRGvaAMkzwx44sqAAAB with id 60533177
Chrome Headless 152.0.0.0 (Mac OS 10.15.7) LOG: 'Default Settings: {"host":"localhost:8080","ssl":false}'
Chrome Headless 152.0.0.0 (Mac OS 10.15.7) LOG: 'Default DatabaseId: "(default)"'
  (Persistence=memory_lru_gc) Queries
    ✔ can use filter with nested field
    ✔ can query large documents with multi-byte character strings
    OR Queries
      ✔ can use query overloads
      ✔ can use or queries
      ✔ can use or queries with in
      ✔ can use or queries with array membership
      ✔ supports using in with array contains any
      ✔ supports using in with array contains
      ✔ supports order by equality
      ✔ supports multiple in ops
      ✔ sdk uses != filter same as backend
      ✔ sdk uses not-in filter same as backend
ERROR: '[2026-09-01T21:26:47.474Z]  @firebase/firestore:', 'Firestore (12.18.0): Uncaught Error in snapshot listener:', 'FirebaseError: [code=aborted]: Firestore shutting down'
    Caching empty results
      ✔ can raise initial snapshot from cache, even if it is empty
ERROR: '[2026-09-01T21:26:47.479Z]  @firebase/firestore:', 'Firestore (12.18.0): Uncaught Error in snapshot listener:', 'FirebaseError: [code=aborted]: Firestore shutting down'
      ✔ can raise initial snapshot from cache, even if it has become empty
TOTAL: 14 SUCCESS

Finished in 0.333 secs / 0.326 secs @ 05:26:47 GMT+0800 (Malaysia Time)

SUMMARY:
✔ 14 tests completed
Done in 2.67s.
yarn run v1.22.22
(node:69682) [DEP0169] DeprecationWarning: `url.parse()` behavior is not standardized and prone to errors that have security implications. Use the WHATWG URL API instead. CVEs are not issued for `url.parse()` vulnerabilities.
(Use `node --trace-deprecation ...` to show where the warning was created)
$ /private/tmp/fireside-phase2-oracles.EJXGdU/firebase-js-sdk/node_modules/.bin/karma start /Users/sanjevirau/Desktop/fireside/conformance/src/webchannel/firebase-js-sdk-karma.conf.cjs --single-run --grep '(?:^\(Persistence=memory_lru_gc\) Hanging query issue - #7652(?= |$))'
The 'BROWSERS' environment variable is undefined. Defaulting to 'ChromeHeadless'.
webpack was not included as a framework in karma configuration, setting this automatically...

START:
(node:69683) [DEP0060] DeprecationWarning: The `util._extend` API is deprecated. Please use Object.assign() instead.
(Use `node --trace-deprecation ...` to show where the warning was created)
[32m02 09 2026 05:26:48.305:INFO [karma-server]: [39mKarma v6.4.4 server started at http://localhost:8089/
[32m02 09 2026 05:26:48.307:INFO [launcher]: [39mLaunching browsers ChromeHeadless with concurrency unlimited
[32m02 09 2026 05:26:48.309:INFO [launcher]: [39mStarting browser ChromeHeadless
[32m02 09 2026 05:26:49.257:INFO [Chrome Headless 152.0.0.0 (Mac OS 10.15.7)]: [39mConnected on socket S5o42JWkOdYtddL8AAAB with id 43204237
Chrome Headless 152.0.0.0 (Mac OS 10.15.7) LOG: 'Default Settings: {"host":"localhost:8080","ssl":false}'
Chrome Headless 152.0.0.0 (Mac OS 10.15.7) LOG: 'Default DatabaseId: "(default)"'
  (Persistence=memory_lru_gc) Hanging query issue - #7652
    ✔ iteration 0
    ✔ iteration 1
    ✔ iteration 2
    ✔ iteration 3
    ✔ iteration 4
    ✔ iteration 5
    ✔ iteration 6
    ✔ iteration 7
    ✔ iteration 8
    ✔ iteration 9
    ✔ iteration 10
    ✔ iteration 11
    ✔ iteration 12
    ✔ iteration 13
    ✔ iteration 14
    ✔ iteration 15
    ✔ iteration 16
    ✔ iteration 17
    ✔ iteration 18
    ✔ iteration 19
TOTAL: 20 SUCCESS

Finished in 0.912 secs / 0.775 secs @ 05:26:50 GMT+0800 (Malaysia Time)

SUMMARY:
✔ 20 tests completed
Done in 2.83s.
yarn run v1.22.22
(node:69732) [DEP0169] DeprecationWarning: `url.parse()` behavior is not standardized and prone to errors that have security implications. Use the WHATWG URL API instead. CVEs are not issued for `url.parse()` vulnerabilities.
(Use `node --trace-deprecation ...` to show where the warning was created)
$ /private/tmp/fireside-phase2-oracles.EJXGdU/firebase-js-sdk/node_modules/.bin/karma start /Users/sanjevirau/Desktop/fireside/conformance/src/webchannel/firebase-js-sdk-karma.conf.cjs --single-run --grep '(?:^\(Persistence=memory_lru_gc\) Query to Pipeline (?:(?:supports default query(?= |$)|supports filtered query(?! (?:\(with FieldPath\))(?: |$))(?= |$)|supports filtered query \(with FieldPath\)(?= |$)|supports ordered query \(with default order\)(?= |$)|supports ordered query \(with asc\)(?= |$))))'
The 'BROWSERS' environment variable is undefined. Defaulting to 'ChromeHeadless'.
webpack was not included as a framework in karma configuration, setting this automatically...

START:
(node:69733) [DEP0060] DeprecationWarning: The `util._extend` API is deprecated. Please use Object.assign() instead.
(Use `node --trace-deprecation ...` to show where the warning was created)
[32m02 09 2026 05:26:51.283:INFO [karma-server]: [39mKarma v6.4.4 server started at http://localhost:8089/
[32m02 09 2026 05:26:51.284:INFO [launcher]: [39mLaunching browsers ChromeHeadless with concurrency unlimited
[32m02 09 2026 05:26:51.287:INFO [launcher]: [39mStarting browser ChromeHeadless
[32m02 09 2026 05:26:52.485:INFO [Chrome Headless 152.0.0.0 (Mac OS 10.15.7)]: [39mConnected on socket qoHbmsS5IKBkpJ7_AAAB with id 13016262
Chrome Headless 152.0.0.0 (Mac OS 10.15.7) LOG: 'Default Settings: {"host":"localhost:8080","ssl":false}'
Chrome Headless 152.0.0.0 (Mac OS 10.15.7) LOG: 'Default DatabaseId: "(default)"'
  (Persistence=memory_lru_gc) Query to Pipeline
    ✖ supports default query (skipped)
    ✖ supports filtered query (skipped)
    ✖ supports filtered query (with FieldPath) (skipped)
    ✖ supports ordered query (with default order) (skipped)
    ✖ supports ordered query (with asc) (skipped)
TOTAL: 0 SUCCESS

Finished in 0.003 secs / 0 secs @ 05:26:52 GMT+0800 (Malaysia Time)

SUMMARY:
✔ 0 tests completed
ℹ 5 tests skipped
error Command failed with exit code 1.
info Visit https://yarnpkg.com/en/docs/cli/run for documentation about this command.
yarn run v1.22.22
(node:69786) [DEP0169] DeprecationWarning: `url.parse()` behavior is not standardized and prone to errors that have security implications. Use the WHATWG URL API instead. CVEs are not issued for `url.parse()` vulnerabilities.
(Use `node --trace-deprecation ...` to show where the warning was created)
$ /private/tmp/fireside-phase2-oracles.EJXGdU/firebase-js-sdk/node_modules/.bin/karma start /Users/sanjevirau/Desktop/fireside/conformance/src/webchannel/firebase-js-sdk-karma.conf.cjs --single-run --grep '(?:^\(Persistence=memory_lru_gc\) Query to Pipeline (?:(?:supports ordered query \(with desc\)(?= |$)|supports limit query(?= |$)|supports limitToLast query(?= |$)|supports startAt(?! (?:with limitToLast|\(with DocumentSnapshot\))(?: |$))(?= |$)|supports startAt with limitToLast(?= |$))))'
The 'BROWSERS' environment variable is undefined. Defaulting to 'ChromeHeadless'.
webpack was not included as a framework in karma configuration, setting this automatically...

START:
(node:69787) [DEP0060] DeprecationWarning: The `util._extend` API is deprecated. Please use Object.assign() instead.
(Use `node --trace-deprecation ...` to show where the warning was created)
[32m02 09 2026 05:26:53.426:INFO [karma-server]: [39mKarma v6.4.4 server started at http://localhost:8089/
[32m02 09 2026 05:26:53.427:INFO [launcher]: [39mLaunching browsers ChromeHeadless with concurrency unlimited
[32m02 09 2026 05:26:53.430:INFO [launcher]: [39mStarting browser ChromeHeadless
[32m02 09 2026 05:26:54.402:INFO [Chrome Headless 152.0.0.0 (Mac OS 10.15.7)]: [39mConnected on socket 1j13IR-9ogqJ4CKAAAAB with id 10985642
Chrome Headless 152.0.0.0 (Mac OS 10.15.7) LOG: 'Default Settings: {"host":"localhost:8080","ssl":false}'
Chrome Headless 152.0.0.0 (Mac OS 10.15.7) LOG: 'Default DatabaseId: "(default)"'
  (Persistence=memory_lru_gc) Query to Pipeline
    ✖ supports ordered query (with desc) (skipped)
    ✖ supports limit query (skipped)
    ✖ supports limitToLast query (skipped)
    ✖ supports startAt (skipped)
    ✖ supports startAt with limitToLast (skipped)
TOTAL: 0 SUCCESS

Finished in 0.003 secs / 0 secs @ 05:26:54 GMT+0800 (Malaysia Time)

SUMMARY:
✔ 0 tests completed
ℹ 5 tests skipped
error Command failed with exit code 1.
info Visit https://yarnpkg.com/en/docs/cli/run for documentation about this command.
yarn run v1.22.22
(node:69828) [DEP0169] DeprecationWarning: `url.parse()` behavior is not standardized and prone to errors that have security implications. Use the WHATWG URL API instead. CVEs are not issued for `url.parse()` vulnerabilities.
(Use `node --trace-deprecation ...` to show where the warning was created)
$ /private/tmp/fireside-phase2-oracles.EJXGdU/firebase-js-sdk/node_modules/.bin/karma start /Users/sanjevirau/Desktop/fireside/conformance/src/webchannel/firebase-js-sdk-karma.conf.cjs --single-run --grep '(?:^\(Persistence=memory_lru_gc\) Query to Pipeline (?:(?:supports endAt with limitToLast(?= |$)|supports startAfter \(with DocumentSnapshot\)(?= |$)|supports startAt \(with DocumentSnapshot\)(?= |$)|supports startAfter(?! (?:\(with DocumentSnapshot\))(?: |$))(?= |$)|supports endAt(?! (?:with limitToLast)(?: |$))(?= |$))))'
The 'BROWSERS' environment variable is undefined. Defaulting to 'ChromeHeadless'.
webpack was not included as a framework in karma configuration, setting this automatically...

START:
(node:69829) [DEP0060] DeprecationWarning: The `util._extend` API is deprecated. Please use Object.assign() instead.
(Use `node --trace-deprecation ...` to show where the warning was created)
[32m02 09 2026 05:26:55.327:INFO [karma-server]: [39mKarma v6.4.4 server started at http://localhost:8089/
[32m02 09 2026 05:26:55.329:INFO [launcher]: [39mLaunching browsers ChromeHeadless with concurrency unlimited
[32m02 09 2026 05:26:55.331:INFO [launcher]: [39mStarting browser ChromeHeadless
[32m02 09 2026 05:26:56.458:INFO [Chrome Headless 152.0.0.0 (Mac OS 10.15.7)]: [39mConnected on socket FdMrvQqoiIZYK6HNAAAB with id 40083545
Chrome Headless 152.0.0.0 (Mac OS 10.15.7) LOG: 'Default Settings: {"host":"localhost:8080","ssl":false}'
Chrome Headless 152.0.0.0 (Mac OS 10.15.7) LOG: 'Default DatabaseId: "(default)"'
  (Persistence=memory_lru_gc) Query to Pipeline
    ✖ supports endAt with limitToLast (skipped)
    ✖ supports startAfter (with DocumentSnapshot) (skipped)
    ✖ supports startAt (with DocumentSnapshot) (skipped)
    ✖ supports startAfter (skipped)
    ✖ supports endAt (skipped)
TOTAL: 0 SUCCESS

Finished in 0.003 secs / 0 secs @ 05:26:56 GMT+0800 (Malaysia Time)

SUMMARY:
✔ 0 tests completed
ℹ 5 tests skipped
error Command failed with exit code 1.
info Visit https://yarnpkg.com/en/docs/cli/run for documentation about this command.
yarn run v1.22.22
(node:69874) [DEP0169] DeprecationWarning: `url.parse()` behavior is not standardized and prone to errors that have security implications. Use the WHATWG URL API instead. CVEs are not issued for `url.parse()` vulnerabilities.
(Use `node --trace-deprecation ...` to show where the warning was created)
$ /private/tmp/fireside-phase2-oracles.EJXGdU/firebase-js-sdk/node_modules/.bin/karma start /Users/sanjevirau/Desktop/fireside/conformance/src/webchannel/firebase-js-sdk-karma.conf.cjs --single-run --grep '(?:^\(Persistence=memory_lru_gc\) Query to Pipeline (?:(?:supports endBefore(?= |$)|supports pagination(?! (?:on DocumentIds)(?: |$))(?= |$)|supports pagination on DocumentIds(?= |$)|supports collection groups(?= |$)|supports query over collection path with special characters(?= |$))))'
The 'BROWSERS' environment variable is undefined. Defaulting to 'ChromeHeadless'.
webpack was not included as a framework in karma configuration, setting this automatically...

START:
(node:69875) [DEP0060] DeprecationWarning: The `util._extend` API is deprecated. Please use Object.assign() instead.
(Use `node --trace-deprecation ...` to show where the warning was created)
[32m02 09 2026 05:26:57.348:INFO [karma-server]: [39mKarma v6.4.4 server started at http://localhost:8089/
[32m02 09 2026 05:26:57.349:INFO [launcher]: [39mLaunching browsers ChromeHeadless with concurrency unlimited
[32m02 09 2026 05:26:57.352:INFO [launcher]: [39mStarting browser ChromeHeadless
[32m02 09 2026 05:26:58.285:INFO [Chrome Headless 152.0.0.0 (Mac OS 10.15.7)]: [39mConnected on socket J1t1TL_L5QFB43fxAAAB with id 92904516
Chrome Headless 152.0.0.0 (Mac OS 10.15.7) LOG: 'Default Settings: {"host":"localhost:8080","ssl":false}'
Chrome Headless 152.0.0.0 (Mac OS 10.15.7) LOG: 'Default DatabaseId: "(default)"'
  (Persistence=memory_lru_gc) Query to Pipeline
    ✖ supports endBefore (skipped)
    ✖ supports pagination (skipped)
    ✖ supports pagination on DocumentIds (skipped)
    ✖ supports collection groups (skipped)
    ✖ supports query over collection path with special characters (skipped)
TOTAL: 0 SUCCESS

Finished in 0.002 secs / 0 secs @ 05:26:58 GMT+0800 (Malaysia Time)

SUMMARY:
✔ 0 tests completed
ℹ 5 tests skipped
error Command failed with exit code 1.
info Visit https://yarnpkg.com/en/docs/cli/run for documentation about this command.
yarn run v1.22.22
(node:69916) [DEP0169] DeprecationWarning: `url.parse()` behavior is not standardized and prone to errors that have security implications. Use the WHATWG URL API instead. CVEs are not issued for `url.parse()` vulnerabilities.
(Use `node --trace-deprecation ...` to show where the warning was created)
$ /private/tmp/fireside-phase2-oracles.EJXGdU/firebase-js-sdk/node_modules/.bin/karma start /Users/sanjevirau/Desktop/fireside/conformance/src/webchannel/firebase-js-sdk-karma.conf.cjs --single-run --grep '(?:^\(Persistence=memory_lru_gc\) Query to Pipeline (?:(?:supports multiple inequality on same field(?= |$)|supports multiple inequality on different fields(?= |$)|supports collectionGroup query(?= |$)|supports eq nan(?= |$)|supports neq nan(?= |$))))'
The 'BROWSERS' environment variable is undefined. Defaulting to 'ChromeHeadless'.
webpack was not included as a framework in karma configuration, setting this automatically...

START:
(node:69917) [DEP0060] DeprecationWarning: The `util._extend` API is deprecated. Please use Object.assign() instead.
(Use `node --trace-deprecation ...` to show where the warning was created)
[32m02 09 2026 05:26:59.162:INFO [karma-server]: [39mKarma v6.4.4 server started at http://localhost:8089/
[32m02 09 2026 05:26:59.164:INFO [launcher]: [39mLaunching browsers ChromeHeadless with concurrency unlimited
[32m02 09 2026 05:26:59.166:INFO [launcher]: [39mStarting browser ChromeHeadless
[32m02 09 2026 05:27:00.109:INFO [Chrome Headless 152.0.0.0 (Mac OS 10.15.7)]: [39mConnected on socket fnrwHtqR0pKcfmc8AAAB with id 61114289
Chrome Headless 152.0.0.0 (Mac OS 10.15.7) LOG: 'Default Settings: {"host":"localhost:8080","ssl":false}'
Chrome Headless 152.0.0.0 (Mac OS 10.15.7) LOG: 'Default DatabaseId: "(default)"'
  (Persistence=memory_lru_gc) Query to Pipeline
    ✖ supports multiple inequality on same field (skipped)
    ✖ supports multiple inequality on different fields (skipped)
    ✖ supports collectionGroup query (skipped)
    ✖ supports eq nan (skipped)
    ✖ supports neq nan (skipped)
TOTAL: 0 SUCCESS

Finished in 0.002 secs / 0 secs @ 05:27:00 GMT+0800 (Malaysia Time)

SUMMARY:
✔ 0 tests completed
ℹ 5 tests skipped
error Command failed with exit code 1.
info Visit https://yarnpkg.com/en/docs/cli/run for documentation about this command.
yarn run v1.22.22
(node:69981) [DEP0169] DeprecationWarning: `url.parse()` behavior is not standardized and prone to errors that have security implications. Use the WHATWG URL API instead. CVEs are not issued for `url.parse()` vulnerabilities.
(Use `node --trace-deprecation ...` to show where the warning was created)
$ /private/tmp/fireside-phase2-oracles.EJXGdU/firebase-js-sdk/node_modules/.bin/karma start /Users/sanjevirau/Desktop/fireside/conformance/src/webchannel/firebase-js-sdk-karma.conf.cjs --single-run --grep '(?:^\(Persistence=memory_lru_gc\) Query to Pipeline (?:(?:supports eq null(?= |$)|supports neq null(?= |$)|supports neq(?! (?:nan|null)(?: |$))(?= |$)|supports array contains(?! (?:any)(?: |$))(?= |$)|supports array contains any(?= |$))))'
The 'BROWSERS' environment variable is undefined. Defaulting to 'ChromeHeadless'.
webpack was not included as a framework in karma configuration, setting this automatically...

START:
(node:69982) [DEP0060] DeprecationWarning: The `util._extend` API is deprecated. Please use Object.assign() instead.
(Use `node --trace-deprecation ...` to show where the warning was created)
[32m02 09 2026 05:27:01.029:INFO [karma-server]: [39mKarma v6.4.4 server started at http://localhost:8089/
[32m02 09 2026 05:27:01.030:INFO [launcher]: [39mLaunching browsers ChromeHeadless with concurrency unlimited
[32m02 09 2026 05:27:01.033:INFO [launcher]: [39mStarting browser ChromeHeadless
[32m02 09 2026 05:27:01.996:INFO [Chrome Headless 152.0.0.0 (Mac OS 10.15.7)]: [39mConnected on socket X_ux1p-VNAA4_wPuAAAB with id 51182481
Chrome Headless 152.0.0.0 (Mac OS 10.15.7) LOG: 'Default Settings: {"host":"localhost:8080","ssl":false}'
Chrome Headless 152.0.0.0 (Mac OS 10.15.7) LOG: 'Default DatabaseId: "(default)"'
  (Persistence=memory_lru_gc) Query to Pipeline
    ✖ supports eq null (skipped)
    ✖ supports neq null (skipped)
    ✖ supports neq (skipped)
    ✖ supports array contains (skipped)
    ✖ supports array contains any (skipped)
TOTAL: 0 SUCCESS

Finished in 0.003 secs / 0 secs @ 05:27:02 GMT+0800 (Malaysia Time)

SUMMARY:
✔ 0 tests completed
ℹ 5 tests skipped
error Command failed with exit code 1.
info Visit https://yarnpkg.com/en/docs/cli/run for documentation about this command.
yarn run v1.22.22
(node:70029) [DEP0169] DeprecationWarning: `url.parse()` behavior is not standardized and prone to errors that have security implications. Use the WHATWG URL API instead. CVEs are not issued for `url.parse()` vulnerabilities.
(Use `node --trace-deprecation ...` to show where the warning was created)
$ /private/tmp/fireside-phase2-oracles.EJXGdU/firebase-js-sdk/node_modules/.bin/karma start /Users/sanjevirau/Desktop/fireside/conformance/src/webchannel/firebase-js-sdk-karma.conf.cjs --single-run --grep '(?:^\(Persistence=memory_lru_gc\) Query to Pipeline (?:(?:supports in(?! (?:with 1)(?: |$))(?= |$)|supports in with 1(?= |$)|supports not in(?! (?:with 1)(?: |$))(?= |$)|supports not in with 1(?= |$)|supports or operator(?= |$))))'
The 'BROWSERS' environment variable is undefined. Defaulting to 'ChromeHeadless'.
webpack was not included as a framework in karma configuration, setting this automatically...

START:
(node:70030) [DEP0060] DeprecationWarning: The `util._extend` API is deprecated. Please use Object.assign() instead.
(Use `node --trace-deprecation ...` to show where the warning was created)
[32m02 09 2026 05:27:02.933:INFO [karma-server]: [39mKarma v6.4.4 server started at http://localhost:8089/
[32m02 09 2026 05:27:02.934:INFO [launcher]: [39mLaunching browsers ChromeHeadless with concurrency unlimited
[32m02 09 2026 05:27:02.936:INFO [launcher]: [39mStarting browser ChromeHeadless
[32m02 09 2026 05:27:03.895:INFO [Chrome Headless 152.0.0.0 (Mac OS 10.15.7)]: [39mConnected on socket lQF-eY3Ct3C4iFLlAAAB with id 28247720
Chrome Headless 152.0.0.0 (Mac OS 10.15.7) LOG: 'Default Settings: {"host":"localhost:8080","ssl":false}'
Chrome Headless 152.0.0.0 (Mac OS 10.15.7) LOG: 'Default DatabaseId: "(default)"'
  (Persistence=memory_lru_gc) Query to Pipeline
    ✖ supports in (skipped)
    ✖ supports in with 1 (skipped)
    ✖ supports not in (skipped)
    ✖ supports not in with 1 (skipped)
    ✖ supports or operator (skipped)
TOTAL: 0 SUCCESS

Finished in 0.002 secs / 0 secs @ 05:27:04 GMT+0800 (Malaysia Time)

SUMMARY:
✔ 0 tests completed
ℹ 5 tests skipped
error Command failed with exit code 1.
info Visit https://yarnpkg.com/en/docs/cli/run for documentation about this command.
yarn run v1.22.22
(node:70071) [DEP0169] DeprecationWarning: `url.parse()` behavior is not standardized and prone to errors that have security implications. Use the WHATWG URL API instead. CVEs are not issued for `url.parse()` vulnerabilities.
(Use `node --trace-deprecation ...` to show where the warning was created)
$ /private/tmp/fireside-phase2-oracles.EJXGdU/firebase-js-sdk/node_modules/.bin/karma start /Users/sanjevirau/Desktop/fireside/conformance/src/webchannel/firebase-js-sdk-karma.conf.cjs --single-run --grep '(?:^\(Persistence=memory_lru_gc\) Query to Pipeline (?:(?:not-in removes existence filter(?= |$)|not-equal removes existence filter(?= |$)|inequality maintains existence filter(?= |$)|explicit order maintains existence filter(?= |$))))'
The 'BROWSERS' environment variable is undefined. Defaulting to 'ChromeHeadless'.
webpack was not included as a framework in karma configuration, setting this automatically...

START:
(node:70075) [DEP0060] DeprecationWarning: The `util._extend` API is deprecated. Please use Object.assign() instead.
(Use `node --trace-deprecation ...` to show where the warning was created)
[32m02 09 2026 05:27:04.932:INFO [karma-server]: [39mKarma v6.4.4 server started at http://localhost:8089/
[32m02 09 2026 05:27:04.935:INFO [launcher]: [39mLaunching browsers ChromeHeadless with concurrency unlimited
[32m02 09 2026 05:27:04.936:INFO [launcher]: [39mStarting browser ChromeHeadless
[32m02 09 2026 05:27:06.151:INFO [Chrome Headless 152.0.0.0 (Mac OS 10.15.7)]: [39mConnected on socket kg1oAKKCiGn5VlMzAAAB with id 65641945
Chrome Headless 152.0.0.0 (Mac OS 10.15.7) LOG: 'Default Settings: {"host":"localhost:8080","ssl":false}'
Chrome Headless 152.0.0.0 (Mac OS 10.15.7) LOG: 'Default DatabaseId: "(default)"'
  (Persistence=memory_lru_gc) Query to Pipeline
    ✖ not-in removes existence filter (skipped)
    ✖ not-equal removes existence filter (skipped)
    ✖ inequality maintains existence filter (skipped)
    ✖ explicit order maintains existence filter (skipped)
TOTAL: 0 SUCCESS

Finished in 0.003 secs / 0 secs @ 05:27:06 GMT+0800 (Malaysia Time)

SUMMARY:
✔ 0 tests completed
ℹ 4 tests skipped
error Command failed with exit code 1.
info Visit https://yarnpkg.com/en/docs/cli/run for documentation about this command.
yarn run v1.22.22
(node:70116) [DEP0169] DeprecationWarning: `url.parse()` behavior is not standardized and prone to errors that have security implications. Use the WHATWG URL API instead. CVEs are not issued for `url.parse()` vulnerabilities.
(Use `node --trace-deprecation ...` to show where the warning was created)
$ /private/tmp/fireside-phase2-oracles.EJXGdU/firebase-js-sdk/node_modules/.bin/karma start /Users/sanjevirau/Desktop/fireside/conformance/src/webchannel/firebase-js-sdk-karma.conf.cjs --single-run --grep '(?:^\(Persistence=memory_lru_gc\) Server Timestamps(?= |$))'
The 'BROWSERS' environment variable is undefined. Defaulting to 'ChromeHeadless'.
webpack was not included as a framework in karma configuration, setting this automatically...

START:
(node:70117) [DEP0060] DeprecationWarning: The `util._extend` API is deprecated. Please use Object.assign() instead.
(Use `node --trace-deprecation ...` to show where the warning was created)
[32m02 09 2026 05:27:07.125:INFO [karma-server]: [39mKarma v6.4.4 server started at http://localhost:8089/
[32m02 09 2026 05:27:07.127:INFO [launcher]: [39mLaunching browsers ChromeHeadless with concurrency unlimited
[32m02 09 2026 05:27:07.129:INFO [launcher]: [39mStarting browser ChromeHeadless
[32m02 09 2026 05:27:08.113:INFO [Chrome Headless 152.0.0.0 (Mac OS 10.15.7)]: [39mConnected on socket AC1B6cTuLfuzcA_ZAAAB with id 86759641
Chrome Headless 152.0.0.0 (Mac OS 10.15.7) LOG: 'Default Settings: {"host":"localhost:8080","ssl":false}'
Chrome Headless 152.0.0.0 (Mac OS 10.15.7) LOG: 'Default DatabaseId: "(default)"'
  (Persistence=memory_lru_gc) Server Timestamps
    ✔ work via set()
    ✔ work via update()
    ✔ work via transaction set()
    ✔ work via transaction update()
    ✔ can return estimated value
    ✔ can return previous value of different type
    ✔ can return previous value through consecutive updates
    ✔ uses previous value from local mutation
    ✔ fail via update() on nonexistent document.
WARN: '[2026-09-01T21:27:08.396Z]  @firebase/firestore:', 'Firestore (12.18.0): RestConnection', 'RPC 'Commit' 0x31746d8e failed with error: ', '{"code":"not-found","name":"FirebaseError"}', 'url: ', 'http://localhost:8080/v1/projects/test-emulator/databases/(default)/documents:commit?key=fake-api-key', 'request:', '{"writes":[{"update":{"name":"projects/test-emulator/databases/(default)/documents/test-collection/LhoaB07jVOodMvSfRhqJ","fields":{"deep":{"mapValue":{"fields":{}}}}},"updateMask":{"fieldPaths":["deep"]},"updateTransforms":[{"fieldPath":"when","setToServerValue":"REQUEST_TIME"},{"fieldPath":"deep.when","setToServerValue":"REQUEST_TIME"}],"currentDocument":{"exists":true}}]}'
    ✔ fail via transaction update() on nonexistent document.
TOTAL: 10 SUCCESS

Finished in 0.148 secs / 0.145 secs @ 05:27:08 GMT+0800 (Malaysia Time)

SUMMARY:
✔ 10 tests completed
Done in 1.97s.
yarn run v1.22.22
(node:70163) [DEP0169] DeprecationWarning: `url.parse()` behavior is not standardized and prone to errors that have security implications. Use the WHATWG URL API instead. CVEs are not issued for `url.parse()` vulnerabilities.
(Use `node --trace-deprecation ...` to show where the warning was created)
$ /private/tmp/fireside-phase2-oracles.EJXGdU/firebase-js-sdk/node_modules/.bin/karma start /Users/sanjevirau/Desktop/fireside/conformance/src/webchannel/firebase-js-sdk-karma.conf.cjs --single-run --grep '(?:^\(Persistence=memory_lru_gc\) Smoke Test(?= |$))'
The 'BROWSERS' environment variable is undefined. Defaulting to 'ChromeHeadless'.
webpack was not included as a framework in karma configuration, setting this automatically...

START:
(node:70164) [DEP0060] DeprecationWarning: The `util._extend` API is deprecated. Please use Object.assign() instead.
(Use `node --trace-deprecation ...` to show where the warning was created)
[32m02 09 2026 05:27:09.185:INFO [karma-server]: [39mKarma v6.4.4 server started at http://localhost:8089/
[32m02 09 2026 05:27:09.187:INFO [launcher]: [39mLaunching browsers ChromeHeadless with concurrency unlimited
[32m02 09 2026 05:27:09.189:INFO [launcher]: [39mStarting browser ChromeHeadless
[32m02 09 2026 05:27:10.193:INFO [Chrome Headless 152.0.0.0 (Mac OS 10.15.7)]: [39mConnected on socket 568_9Ouy3tiZMEOvAAAB with id 5164344
Chrome Headless 152.0.0.0 (Mac OS 10.15.7) LOG: 'Default Settings: {"host":"localhost:8080","ssl":false}'
Chrome Headless 152.0.0.0 (Mac OS 10.15.7) LOG: 'Default DatabaseId: "(default)"'
  (Persistence=memory_lru_gc) Smoke Test
    ✔ can write a single document
    ✔ can read a written document
    ✔ can read a written document with DocumentKey
    ✔ will fire local and remote events
    ✔ will fire value events for empty collections
    ✔ can get collection query
    ✖ can query by field and use order by (skipped)
TOTAL: 6 SUCCESS

Finished in 0.065 secs / 0.062 secs @ 05:27:10 GMT+0800 (Malaysia Time)

SUMMARY:
✔ 6 tests completed
ℹ 1 test skipped
Done in 2.01s.
yarn run v1.22.22
(node:70210) [DEP0169] DeprecationWarning: `url.parse()` behavior is not standardized and prone to errors that have security implications. Use the WHATWG URL API instead. CVEs are not issued for `url.parse()` vulnerabilities.
(Use `node --trace-deprecation ...` to show where the warning was created)
$ /private/tmp/fireside-phase2-oracles.EJXGdU/firebase-js-sdk/node_modules/.bin/karma start /Users/sanjevirau/Desktop/fireside/conformance/src/webchannel/firebase-js-sdk-karma.conf.cjs --single-run --grep '(?:^\(Persistence=memory_lru_gc\) Database transactions(?= |$))'
The 'BROWSERS' environment variable is undefined. Defaulting to 'ChromeHeadless'.
webpack was not included as a framework in karma configuration, setting this automatically...

START:
(node:70211) [DEP0060] DeprecationWarning: The `util._extend` API is deprecated. Please use Object.assign() instead.
(Use `node --trace-deprecation ...` to show where the warning was created)
[32m02 09 2026 05:27:11.349:INFO [karma-server]: [39mKarma v6.4.4 server started at http://localhost:8089/
[32m02 09 2026 05:27:11.350:INFO [launcher]: [39mLaunching browsers ChromeHeadless with concurrency unlimited
[32m02 09 2026 05:27:11.353:INFO [launcher]: [39mStarting browser ChromeHeadless
[32m02 09 2026 05:27:12.320:INFO [Chrome Headless 152.0.0.0 (Mac OS 10.15.7)]: [39mConnected on socket Tn6ZK3bbO3Bi3KatAAAB with id 64619320
Chrome Headless 152.0.0.0 (Mac OS 10.15.7) LOG: 'Default Settings: {"host":"localhost:8080","ssl":false}'
Chrome Headless 152.0.0.0 (Mac OS 10.15.7) LOG: 'Default DatabaseId: "(default)"'
WARN: '[2026-09-01T21:27:12.474Z]  @firebase/firestore:', 'Firestore (12.18.0): RestConnection', 'RPC 'Commit' 0x81866a6e failed with error: ', '{"code":"invalid-argument","name":"FirebaseError"}', 'url: ', 'http://localhost:8080/v1/projects/test-emulator/databases/(default)/documents:commit?key=fake-api-key', 'request:', '{"writes":[{"delete":"projects/test-emulator/databases/(default)/documents/tester-docref/pG6cbKS1wae9PKZvFPUw","currentDocument":{"updateTime":"2026-09-01T21:27:12.472124000Z"}},{"update":{"name":"projects/test-emulator/databases/(default)/documents/tester-docref/pG6cbKS1wae9PKZvFPUw","fields":{"foo":{"stringValue":"bar2"}}},"updateMask":{"fieldPaths":["foo"]},"currentDocument":{"exists":true}}]}'
  (Persistence=memory_lru_gc) Database transactions
    ✔ runs transactions after getting existing document
WARN: '[2026-09-01T21:27:12.507Z]  @firebase/firestore:', 'Firestore (12.18.0): RestConnection', 'RPC 'Commit' 0x81866a93 failed with error: ', '{"code":"invalid-argument","name":"FirebaseError"}', 'url: ', 'http://localhost:8080/v1/projects/test-emulator/databases/(default)/documents:commit?key=fake-api-key', 'request:', '{"writes":[{"delete":"projects/test-emulator/databases/(default)/documents/tester-docref/CF0X9zDqBWgtVWsV1TxS","currentDocument":{"exists":false}},{"update":{"name":"projects/test-emulator/databases/(default)/documents/tester-docref/CF0X9zDqBWgtVWsV1TxS","fields":{"foo":{"stringValue":"bar2"}}},"updateMask":{"fieldPaths":["foo"]},"currentDocument":{"exists":true}}]}'
    ✔ runs transactions after getting nonexistent document
WARN: '[2026-09-01T21:27:12.527Z]  @firebase/firestore:', 'Firestore (12.18.0): RestConnection', 'RPC 'Commit' 0x81866ab3 failed with error: ', '{"code":"invalid-argument","name":"FirebaseError"}', 'url: ', 'http://localhost:8080/v1/projects/test-emulator/databases/(default)/documents:commit?key=fake-api-key', 'request:', '{"writes":[{"delete":"projects/test-emulator/databases/(default)/documents/tester-docref/39lOc9JdMJlhdp9k8Jt0","currentDocument":{"exists":false}},{"update":{"name":"projects/test-emulator/databases/(default)/documents/tester-docref/39lOc9JdMJlhdp9k8Jt0","fields":{"foo":{"stringValue":"bar2"}}},"updateMask":{"fieldPaths":["foo"]},"currentDocument":{"exists":true}}]}'
    ✔ runs transactions after getting a deleted document
WARN: '[2026-09-01T21:27:12.556Z]  @firebase/firestore:', 'Firestore (12.18.0): RestConnection', 'RPC 'Commit' 0x81866acf failed with error: ', '{"code":"invalid-argument","name":"FirebaseError"}', 'url: ', 'http://localhost:8080/v1/projects/test-emulator/databases/(default)/documents:commit?key=fake-api-key', 'request:', '{"writes":[{"delete":"projects/test-emulator/databases/(default)/documents/tester-docref/xwaXFMu5ABp8jMF505NR"},{"update":{"name":"projects/test-emulator/databases/(default)/documents/tester-docref/xwaXFMu5ABp8jMF505NR","fields":{"foo":{"stringValue":"bar2"}}},"updateMask":{"fieldPaths":["foo"]},"currentDocument":{"exists":true}}]}'
    ✔ runs transactions on existing document
WARN: '[2026-09-01T21:27:12.578Z]  @firebase/firestore:', 'Firestore (12.18.0): RestConnection', 'RPC 'Commit' 0x81866ae2 failed with error: ', '{"code":"invalid-argument","name":"FirebaseError"}', 'url: ', 'http://localhost:8080/v1/projects/test-emulator/databases/(default)/documents:commit?key=fake-api-key', 'request:', '{"writes":[{"delete":"projects/test-emulator/databases/(default)/documents/tester-docref/HEhG1LqNe3VLDo6W0yhn"},{"update":{"name":"projects/test-emulator/databases/(default)/documents/tester-docref/HEhG1LqNe3VLDo6W0yhn","fields":{"foo":{"stringValue":"bar2"}}},"updateMask":{"fieldPaths":["foo"]},"currentDocument":{"exists":true}}]}'
WARN: '[2026-09-01T21:27:12.580Z]  @firebase/firestore:', 'Firestore (12.18.0): RestConnection', 'RPC 'Commit' 0x81866ae6 failed with error: ', '{"code":"not-found","name":"FirebaseError"}', 'url: ', 'http://localhost:8080/v1/projects/test-emulator/databases/(default)/documents:commit?key=fake-api-key', 'request:', '{"writes":[{"update":{"name":"projects/test-emulator/databases/(default)/documents/tester-docref/YzMNeHXFsLmRr8q5U5kV","fields":{"foo":{"stringValue":"bar1"}}},"updateMask":{"fieldPaths":["foo"]},"currentDocument":{"exists":true}},{"delete":"projects/test-emulator/databases/(default)/documents/tester-docref/YzMNeHXFsLmRr8q5U5kV"}]}'
WARN: '[2026-09-01T21:27:12.581Z]  @firebase/firestore:', 'Firestore (12.18.0): RestConnection', 'RPC 'Commit' 0x81866ae8 failed with error: ', '{"code":"not-found","name":"FirebaseError"}', 'url: ', 'http://localhost:8080/v1/projects/test-emulator/databases/(default)/documents:commit?key=fake-api-key', 'request:', '{"writes":[{"update":{"name":"projects/test-emulator/databases/(default)/documents/tester-docref/H1PTKqRU300vkD729VGj","fields":{"foo":{"stringValue":"bar1"}}},"updateMask":{"fieldPaths":["foo"]},"currentDocument":{"exists":true}},{"update":{"name":"projects/test-emulator/databases/(default)/documents/tester-docref/H1PTKqRU300vkD729VGj","fields":{"foo":{"stringValue":"bar2"}}},"updateMask":{"fieldPaths":["foo"]},"currentDocument":{"exists":true}}]}'
WARN: '[2026-09-01T21:27:12.582Z]  @firebase/firestore:', 'Firestore (12.18.0): RestConnection', 'RPC 'Commit' 0x81866aea failed with error: ', '{"code":"not-found","name":"FirebaseError"}', 'url: ', 'http://localhost:8080/v1/projects/test-emulator/databases/(default)/documents:commit?key=fake-api-key', 'request:', '{"writes":[{"update":{"name":"projects/test-emulator/databases/(default)/documents/tester-docref/lV0yUKUR6kWbkwBy13YJ","fields":{"foo":{"stringValue":"bar1"}}},"updateMask":{"fieldPaths":["foo"]},"currentDocument":{"exists":true}},{"update":{"name":"projects/test-emulator/databases/(default)/documents/tester-docref/lV0yUKUR6kWbkwBy13YJ","fields":{"foo":{"stringValue":"bar1"}}}}]}'
    ✔ runs transactions on nonexistent document
    ✔ set document with merge
    ✔ can update nested fields transactionally
WARN: '[2026-09-01T21:27:12.599Z]  @firebase/firestore:', 'Firestore (12.18.0): RestConnection', 'RPC 'Commit' 0x81866afb failed with error: ', '{"code":"failed-precondition","name":"FirebaseError"}', 'url: ', 'http://localhost:8080/v1/projects/test-emulator/databases/(default)/documents:commit?key=fake-api-key', 'request:', '{"writes":[{"update":{"name":"projects/test-emulator/databases/(default)/documents/counters/mWVqnZwzDkQHDP5swL0Q","fields":{"count":{"integerValue":"16"}}}},{"verify":"projects/test-emulator/databases/(default)/documents/counters/C9luEgmKC5aOvDAK345Z","currentDocument":{"updateTime":"2026-09-01T21:27:12.597448000Z"}}]}'
    ✔ retry when a document that was read without being written changes
    ✔ cannot read after writing and does not commit
    ✔ cannot read after writing and does not commit, even if the user transaction does not bubble up the error
    ✔ cannot read nonexistent document then update, even if document is written after the read
    ✔ runTransaction with empty message reject inside
    ✔ can have gets without mutations
    ✔ does not retry on permanent errors
WARN: '[2026-09-01T21:27:13.390Z]  @firebase/firestore:', 'Firestore (12.18.0): RestConnection', 'RPC 'Commit' 0x81866b15 failed with error: ', '{"code":"failed-precondition","name":"FirebaseError"}', 'url: ', 'http://localhost:8080/v1/projects/test-emulator/databases/(default)/documents:commit?key=fake-api-key', 'request:', '{"writes":[{"update":{"name":"projects/test-emulator/databases/(default)/documents/nonexistent/KQyJ8II4GlGjpas2hf52","fields":{"count":{"integerValue":"2"}}},"currentDocument":{"exists":false}}]}'
    ✔ retries when document already exists
    ✔ are successful with no transaction operations
    ✔ are cancelled on rejected promise
    ✔ are cancelled on throw
    must return a promise:
      ✔ undefined is rejected
      ✔ null is rejected
      ✔ 5 is rejected
      ✔ [object Object] is rejected
      ✔ [object Object] is rejected 
      ✔ [object Object] is rejected 
    (Persistence=memory_lru_gc) withConverter() support
      ✔ for Transaction.set<T>() and Transaction.get<T>()
TOTAL: 25 SUCCESS

Finished in 1.857 secs / 1.826 secs @ 05:27:14 GMT+0800 (Malaysia Time)

SUMMARY:
✔ 25 tests completed
Done in 3.92s.
yarn run v1.22.22
(node:70267) [DEP0169] DeprecationWarning: `url.parse()` behavior is not standardized and prone to errors that have security implications. Use the WHATWG URL API instead. CVEs are not issued for `url.parse()` vulnerabilities.
(Use `node --trace-deprecation ...` to show where the warning was created)
$ /private/tmp/fireside-phase2-oracles.EJXGdU/firebase-js-sdk/node_modules/.bin/karma start /Users/sanjevirau/Desktop/fireside/conformance/src/webchannel/firebase-js-sdk-karma.conf.cjs --single-run --grep '(?:^\(Persistence=memory_lru_gc\) Firestore(?= |$))'
The 'BROWSERS' environment variable is undefined. Defaulting to 'ChromeHeadless'.
webpack was not included as a framework in karma configuration, setting this automatically...

START:
(node:70268) [DEP0060] DeprecationWarning: The `util._extend` API is deprecated. Please use Object.assign() instead.
(Use `node --trace-deprecation ...` to show where the warning was created)
[32m02 09 2026 05:27:15.368:INFO [karma-server]: [39mKarma v6.4.4 server started at http://localhost:8089/
[32m02 09 2026 05:27:15.369:INFO [launcher]: [39mLaunching browsers ChromeHeadless with concurrency unlimited
[32m02 09 2026 05:27:15.372:INFO [launcher]: [39mStarting browser ChromeHeadless
[32m02 09 2026 05:27:16.435:INFO [Chrome Headless 152.0.0.0 (Mac OS 10.15.7)]: [39mConnected on socket dwJcI5zBey2bSIvhAAAB with id 59715475
Chrome Headless 152.0.0.0 (Mac OS 10.15.7) LOG: 'Default Settings: {"host":"localhost:8080","ssl":false}'
Chrome Headless 152.0.0.0 (Mac OS 10.15.7) LOG: 'Default DatabaseId: "(default)"'
  (Persistence=memory_lru_gc) Firestore
    ✔ can read and write null fields
    ✔ can read and write number fields
    ✔ can read and write array fields
    ✔ can read and write geo point fields
    ✔ can read and write bytes fields
    ✔ can read and write date fields
    ✔ can read and write timestamp fields
    ✔ can read and write document references
    ✔ can read and write document references in an array
TOTAL: 9 SUCCESS

Finished in 0.117 secs / 0.113 secs @ 05:27:16 GMT+0800 (Malaysia Time)

SUMMARY:
✔ 9 tests completed
Done in 1.99s.
yarn run v1.22.22
(node:70311) [DEP0169] DeprecationWarning: `url.parse()` behavior is not standardized and prone to errors that have security implications. Use the WHATWG URL API instead. CVEs are not issued for `url.parse()` vulnerabilities.
(Use `node --trace-deprecation ...` to show where the warning was created)
$ /private/tmp/fireside-phase2-oracles.EJXGdU/firebase-js-sdk/node_modules/.bin/karma start /Users/sanjevirau/Desktop/fireside/conformance/src/webchannel/firebase-js-sdk-karma.conf.cjs --single-run --grep '(?:^\(Persistence=memory_lru_gc\) Validation:(?= |$))'
The 'BROWSERS' environment variable is undefined. Defaulting to 'ChromeHeadless'.
webpack was not included as a framework in karma configuration, setting this automatically...

START:
(node:70312) [DEP0060] DeprecationWarning: The `util._extend` API is deprecated. Please use Object.assign() instead.
(Use `node --trace-deprecation ...` to show where the warning was created)
[32m02 09 2026 05:27:17.387:INFO [karma-server]: [39mKarma v6.4.4 server started at http://localhost:8089/
[32m02 09 2026 05:27:17.388:INFO [launcher]: [39mLaunching browsers ChromeHeadless with concurrency unlimited
[32m02 09 2026 05:27:17.391:INFO [launcher]: [39mStarting browser ChromeHeadless
[32m02 09 2026 05:27:18.316:INFO [Chrome Headless 152.0.0.0 (Mac OS 10.15.7)]: [39mConnected on socket 7UKPWId_wYxr06OvAAAB with id 98780111
Chrome Headless 152.0.0.0 (Mac OS 10.15.7) LOG: 'Default Settings: {"host":"localhost:8080","ssl":false}'
Chrome Headless 152.0.0.0 (Mac OS 10.15.7) LOG: 'Default DatabaseId: "(default)"'
  (Persistence=memory_lru_gc) Validation:
    ✔ Batch writes require correct Document References
    ✔ Transaction writes require correct Document References
    ✔ Field paths must not have empty segments
    ✔ Field paths must not have invalid segments
WARN: '[2026-09-01T21:27:18.461Z]  @firebase/firestore:', 'Firestore (12.18.0): Host has been set in both settings() and connectFirestoreEmulator(), emulator host will be used.'
    FirestoreSettings
      ✔ disallows changing settings after use
      ✔ enforces minimum cache size
      ✔ garbage collection can be disabled
      ✔ connectFirestoreEmulator() can set host and port
      ✔ connectFirestoreEmulator() can set mockUserToken object
WARN: '[2026-09-01T21:27:18.470Z]  @firebase/firestore:', 'Firestore (12.18.0): Host has been set in both settings() and connectFirestoreEmulator(), emulator host will be used.'
      ✔ disallows calling connectFirestoreEmulator() for first time after use
WARN: '[2026-09-01T21:27:18.470Z]  @firebase/firestore:', 'Firestore (12.18.0): Host has been set in both settings() and connectFirestoreEmulator(), emulator host will be used.'
      ✔ allows calling connectFirestoreEmulator() after use with same config
WARN: '[2026-09-01T21:27:18.473Z]  @firebase/firestore:', 'Firestore (12.18.0): Host has been set in both settings() and connectFirestoreEmulator(), emulator host will be used.'
WARN: '[2026-09-01T21:27:18.476Z]  @firebase/firestore:', 'Firestore (12.18.0): Host has been set in both settings() and connectFirestoreEmulator(), emulator host will be used.'
      ✔ disallows calling connectFirestoreEmulator() after use with different config
      ✔ connectFirestoreEmulator() can set mockUserToken string
WARN: '[2026-09-01T21:27:18.477Z]  @firebase/firestore:', 'Firestore (12.18.0): Host has been set in both settings() and connectFirestoreEmulator(), emulator host will be used.'
      ✔ throws if sub / user_id is missing in mockUserToken
WARN: '[2026-09-01T21:27:18.480Z]  @firebase/firestore:', 'Firestore (12.18.0): enableIndexedDbPersistence() will be deprecated in the future, you can use `FirestoreSettings.cache` instead.'
    Firestore
      ✔ disallows calling enableIndexedDbPersistence() after use
      ✔ fails transaction if function doesn't return a Promise.
    Collection paths
      ✔ must be non-empty strings
      ✔ must be odd-length
      ✔ must not have empty segments
    Document paths
      ✔ must be strings
      ✔ must be even-length
    Writes
      ✔ must be objects.
      ✔ must not contain custom objects or functions.
      ✔ must not contain field value transforms in arrays
      ✔ must not contain directly nested arrays.
      ✔ may contain indirectly nested arrays.
      ✔ must not contain undefined.
      ✔ must not contain references to a different database
      ✔ must not contain reserved field names.
      ✔ must not contain empty field names.
      ✔ via set() must not contain deleteField()
      ✔ via update() must not contain nested deleteField()
    Array transforms
      ✔ fail in queries
      ✔ reject invalid elements
      ✔ reject arrays
    Numeric transforms
      ✔ fail in queries
    Queries
      ✔ with non-positive limit fail
      ✔ cannot be created from documents missing sort values
ERROR: '[2026-09-01T21:27:18.567Z]  @firebase/firestore:', 'Firestore (12.18.0): Uncaught Error in snapshot listener:', 'FirebaseError: [code=aborted]: Firestore shutting down'
      ✔ cannot be sorted by an uncommitted server timestamp
      ✔ must not have more components than order by.
      ✔ order-by-key bounds must be strings without slashes.
      ✔ with more than one != query fail
      ✔ with != and not-in filters fail
      ✔ with multiple disjunctive filters fail
      ✔ can have an IN filter with an array-contains filter.
      ✔ enforce array requirements for disjunctive filters
      ✔ must not specify starting or ending point after orderBy
      ✔ must be non-empty strings or references when filtering by document ID
      ✔ using IN and document id must have proper document references in array
      ✔ cannot pass undefined as a field value
      ✔ invalid query filters fail
      ✔ passing non-filters to composite operators fails
      ✔ conflicting operators inside a nested composite filter
TOTAL: 53 SUCCESS

Finished in 0.203 secs / 0.132 secs @ 05:27:18 GMT+0800 (Malaysia Time)

SUMMARY:
✔ 53 tests completed
Done in 1.89s.
{
  "command": "yarn --cwd integration/firestore karma start <fireside emulator-target config> --single-run",
  "clientPersistence": "memory",
  "completedTests": 500,
  "completedAt": "2026-09-01T21:27:18.766Z",
  "firebaseJsSdkRevision": "6cde0c0230b4c1da01d4a058333daa7663322fd1",
  "filter": null,
  "mode": "memory",
  "nativeSkipNames": [
    "3 level deep join",
    "Collection Stage",
    "CollectionGroup Stage",
    "accepts and returns all data types",
    "add selectable",
    "and (variadic) selectable",
    "array contains any",
    "array subquery in where stage on books",
    "array subquery join and empty result",
    "array subquery join multiple fields preserves map",
    "arrayContains works",
    "arrayContainsAll works",
    "arrayContainsAny works",
    "arrayLength works",
    "arraySlice throws error for negative length",
    "cache integrity with multiple large documents",
    "can add fields",
    "can catch error message for missing index with error handler",
    "can clear persistence if the client has been terminated",
    "can clear persistence if the client has not been initialized",
    "can compute e to the power of a numeric value",
    "can compute e to the power of a numeric value with the top-level function",
    "can compute the base-10 logarithm of a numeric value",
    "can compute the base-10 logarithm of a numeric value with the top-level function",
    "can compute the ceiling of a numeric value",
    "can compute the ceiling of a numeric value with the top-level function",
    "can compute the floor of a numeric value",
    "can compute the floor of a numeric value with the top-level function",
    "can compute the length of a bytes value",
    "can compute the length of a map value",
    "can compute the length of a string value",
    "can compute the length of a string value with the top-level function",
    "can compute the length of a vector value",
    "can compute the length of an array value",
    "can compute the length of an array value with the top-level function",
    "can compute the logarithm of a numeric value",
    "can compute the logarithm of a numeric value with the top-level function",
    "can compute the natural logarithm of a numeric value",
    "can compute the natural logarithm of a numeric value with the top-level function",
    "can compute the power of a numeric value",
    "can compute the power of a numeric value with the top-level function",
    "can compute the square root of a numeric value",
    "can compute the square root of a numeric value with the top-level function",
    "can compute the sum of the elements in an array",
    "can compute the sum of the elements in an array with the top-level function",
    "can concat fields",
    "can filter with where",
    "can find nearest",
    "can get the collectionId from a path",
    "can get the collectionId from a path with the top-level function",
    "can limit, offset, and sort",
    "can listen for the same query with different options",
    "can perform FindNearest query",
    "can perform aggregate query",
    "can perform distinct query",
    "can query by field and use order by",
    "can query large documents",
    "can read and cache a 15.9MB Unicode document",
    "can remove fields",
    "can reverse a string",
    "can reverse a string with the top-level function",
    "can reverse an array",
    "can reverse an array with the top-level function",
    "can round a numeric value",
    "can round a numeric value away from zero for negative half-way values",
    "can round a numeric value away from zero for positive half-way values",
    "can round a numeric value to specified precision",
    "can round a numeric value with the top-level function",
    "can run transaction read-modify-write on a large document",
    "can run watch snapshot listener on a large document",
    "can select fields",
    "can set and get data with auto detect long polling enabled",
    "can truncate a numeric value",
    "can truncate a numeric value to specified precision",
    "can truncate a numeric value with the top-level function",
    "can write a 15.9MB document",
    "cannot clear persistence if the client has been initialized",
    "conditional works",
    "converts arrays and plain objects to functionValues if the customer intent is unspecified",
    "countif aggregate",
    "current document binding",
    "deep aggregation",
    "direct execution of subcollection pipeline",
    "empty snapshot as expected",
    "equalAny works",
    "error properties are propagated from the firestore backend",
    "evaluates expression in array",
    "evaluates expression in map",
    "explicit field binding scope bridging",
    "explicit order maintains existence filter",
    "full snapshot as expected",
    "get deleted doc while offline with default get options",
    "getAggregateFromServer error message contains console link good if missing index",
    "getAggregateFromServer fails if user is offline",
    "getCountFromServer error message contains console link if missing index",
    "getCountFromServer fails if user is offline",
    "gracefully rejects oversized payloads",
    "increment existing integer with integer",
    "inequality maintains existence filter",
    "logical max works",
    "logical min works",
    "maintains persistence after restarting app",
    "missing field on current document",
    "missing subcollection",
    "mixed scalar and array subqueries",
    "multiple array subqueries",
    "multiple double increments",
    "multiple variable bindings",
    "not-equal removes existence filter",
    "not-in removes existence filter",
    "notEqualAny works",
    "offline writes are sent after restart",
    "optionally returns the computed distance",
    "performs aggregations on documents with all aggregated fields using getAggregationFromServer",
    "pipeline stage support 9 layers",
    "query large documents forces local scan",
    "reject CollectionReference for another DB",
    "reject DocumentReference for another DB",
    "rejects groups without accumulators",
    "result equals works",
    "returns arrayAgg accumulations",
    "returns arrayAggDistinct accumulations",
    "returns countDistinct accumulation",
    "returns countif accumulation",
    "returns create and update time for each document",
    "returns distinct values as expected",
    "returns execution time",
    "returns execution time for an aggregate query",
    "returns execution time for an empty query",
    "returns first and last accumulations",
    "returns group and accumulate results",
    "returns min, max, count, and countAll accumulations",
    "returns undefined create and update time for each result in an aggregate query",
    "run pipeline with findNearest",
    "run pipeline with replaceWith Expr result",
    "run pipeline with replaceWith field name",
    "run pipeline with sample limit of 3",
    "run pipeline with sample limit of {documents: 3}",
    "run pipeline with sample limit of {percentage: 0.6}",
    "run pipeline with union",
    "run pipeline with unnest",
    "run pipeline with user data with union",
    "scalar subquery multiple aggregations map wrapping",
    "scalar subquery multiple results runtime error",
    "scalar subquery single aggregation unwrapping",
    "scalar subquery zero results",
    "single scope variable usage",
    "sort by char_len",
    "sort, offset, and limit stages support options",
    "standard subcollection query",
    "supports CollectionReference as source",
    "supports Document_id",
    "supports aggregate",
    "supports aggregate options",
    "supports array",
    "supports array contains",
    "supports array contains any",
    "supports arrayFilter",
    "supports arrayFilter with mixed types and nulls",
    "supports arrayFirst",
    "supports arrayFirstN",
    "supports arrayGet",
    "supports arrayIndexOf",
    "supports arrayIndexOfAll",
    "supports arrayLast",
    "supports arrayLastIndexOf",
    "supports arrayLastN",
    "supports arrayMaximum",
    "supports arrayMaximumN",
    "supports arrayMinimum",
    "supports arrayMinimumN",
    "supports arraySlice",
    "supports arrayTransform and arrayTransformWithIndex",
    "supports arrayTransform with empty array and nulls",
    "supports basic switch",
    "supports boolean value constants as a BooleanExpression",
    "supports byteLength",
    "supports coalesce",
    "supports collection group as source",
    "supports collection groups",
    "supports collectionGroup query",
    "supports currentTimestamp",
    "supports database as source",
    "supports default query",
    "supports endAt",
    "supports endAt with limitToLast",
    "supports endBefore",
    "supports eq nan",
    "supports eq null",
    "supports filtered query",
    "supports filtered query (with FieldPath)",
    "supports ifAbsent",
    "supports ifNull",
    "supports in",
    "supports in with 1",
    "supports isType",
    "supports join",
    "supports limit query",
    "supports limitToLast query",
    "supports list of documents as source",
    "supports map",
    "supports mapMerge",
    "supports mapRemove",
    "supports multi-branch switch",
    "supports multiple inequality on different fields",
    "supports multiple inequality on same field",
    "supports neq",
    "supports neq nan",
    "supports neq null",
    "supports nor",
    "supports not",
    "supports not in",
    "supports not in with 1",
    "supports options",
    "supports or operator",
    "supports ordered query (with asc)",
    "supports ordered query (with default order)",
    "supports ordered query (with desc)",
    "supports pagination",
    "supports pagination on DocumentIds",
    "supports pagination with filters",
    "supports pagination with offsets",
    "supports parent",
    "supports query over collection path with special characters",
    "supports sort, offset, and limits",
    "supports split",
    "supports startAfter",
    "supports startAfter (with DocumentSnapshot)",
    "supports startAt",
    "supports startAt (with DocumentSnapshot)",
    "supports startAt with limitToLast",
    "supports substring",
    "supports substring without length",
    "supports timestamp conversions",
    "supports timestamp difference",
    "supports timestamp extraction",
    "supports timestamp math",
    "supports type",
    "test mapEntries",
    "test mapGet with field name including . notation",
    "test mapKeys",
    "test mapSet",
    "test mapValues",
    "test reverse",
    "test toLower",
    "test toUpper",
    "testAbs",
    "testArithmeticOperations",
    "testChecks",
    "testComparisonOperators",
    "testDistanceFunctions",
    "testEndsWith",
    "testLTrim",
    "testLength",
    "testLike",
    "testLogicalOperators",
    "testMapGet",
    "testNestedFields",
    "testRTrim",
    "testRand",
    "testRegexContains",
    "testRegexFind",
    "testRegexFindAll",
    "testRegexMatches",
    "testStartsWith",
    "testStrConcat",
    "testStrContains",
    "testStringIndexOf",
    "testStringRepeat",
    "testStringReplaceAll",
    "testStringReplaceOne",
    "testTrim",
    "testVectorLength",
    "throws if no match and no default",
    "throws on Duplicate aliases",
    "throws on duplicate group aliases",
    "throws on undefined in a map",
    "throws on undefined in an array",
    "truncate timestamp",
    "unbound variable corner case",
    "unnest an expr",
    "unnest with index field",
    "variable shadowing collision",
    "where with and (2 conditions)",
    "where with and (3 conditions)",
    "where with nor",
    "where with or",
    "where with xor",
    "zero result scalar returns null"
  ],
  "nativeSkips": 304,
  "passed": true,
  "partitionPlanSha256": "dc34ccdf301afa74aa9eb83e2c944dc9b7614cd8d01d494c706601b123ed8c11",
  "processPartitions": [
    {
      "coverageFilter": "(?:^\\(Persistence=memory_lru_gc\\) Count queries(?= |$))",
      "effectiveFilter": "(?:^\\(Persistence=memory_lru_gc\\) Count queries(?= |$))",
      "exitCode": 0,
      "nativeSkipOnly": false,
      "partitionName": "aggregation:1:1@memory_lru_gc",
      "signal": null,
      "completedTests": 7,
      "failedTests": 0,
      "nativeSkipNames": [
        "getCountFromServer error message contains console link if missing index",
        "getCountFromServer fails if user is offline"
      ],
      "nativeSkips": 2
    },
    {
      "coverageFilter": "(?:^\\(Persistence=memory_lru_gc\\) Aggregation queries(?! (?:- sum / average)(?: |$))(?= |$))",
      "effectiveFilter": "(?:^\\(Persistence=memory_lru_gc\\) Aggregation queries(?! (?:- sum / average)(?: |$))(?= |$))",
      "exitCode": 0,
      "nativeSkipOnly": false,
      "partitionName": "aggregation:2:1@memory_lru_gc",
      "signal": null,
      "completedTests": 11,
      "failedTests": 0,
      "nativeSkipNames": [
        "getAggregateFromServer error message contains console link good if missing index",
        "getAggregateFromServer fails if user is offline"
      ],
      "nativeSkips": 2
    },
    {
      "coverageFilter": "(?:^\\(Persistence=memory_lru_gc\\) Aggregation queries - sum / average(?= |$))",
      "effectiveFilter": "(?:^\\(Persistence=memory_lru_gc\\) Aggregation queries - sum / average(?= |$))",
      "exitCode": 0,
      "nativeSkipOnly": false,
      "partitionName": "aggregation:3:1@memory_lru_gc",
      "signal": null,
      "completedTests": 34,
      "failedTests": 0,
      "nativeSkipNames": [],
      "nativeSkips": 0
    },
    {
      "coverageFilter": "(?:^\\(Persistence=memory_lru_gc\\) Array Transforms:(?= |$))",
      "effectiveFilter": "(?:^\\(Persistence=memory_lru_gc\\) Array Transforms:(?= |$))",
      "exitCode": 0,
      "nativeSkipOnly": false,
      "partitionName": "array-transforms:1:1@memory_lru_gc",
      "signal": null,
      "completedTests": 13,
      "failedTests": 0,
      "nativeSkipNames": [],
      "nativeSkips": 0
    },
    {
      "coverageFilter": "(?:^\\(Persistence=memory_lru_gc\\) Database batch writes(?= |$))",
      "effectiveFilter": "(?:^\\(Persistence=memory_lru_gc\\) Database batch writes(?= |$))",
      "exitCode": 0,
      "nativeSkipOnly": false,
      "partitionName": "batch-writes:1:1@memory_lru_gc",
      "signal": null,
      "completedTests": 11,
      "failedTests": 0,
      "nativeSkipNames": [],
      "nativeSkips": 0
    },
    {
      "coverageFilter": "(?:^\\(Persistence=memory_lru_gc\\) Bundles(?= |$))",
      "effectiveFilter": "(?:^\\(Persistence=memory_lru_gc\\) Bundles(?= |$))",
      "exitCode": 0,
      "nativeSkipOnly": false,
      "partitionName": "bundles:1:1@memory_lru_gc",
      "signal": null,
      "completedTests": 6,
      "failedTests": 0,
      "nativeSkipNames": [],
      "nativeSkips": 0
    },
    {
      "coverageFilter": "(?:^\\(Persistence=memory_lru_gc\\) Composite Index Queries(?= |$))",
      "effectiveFilter": "(?:^\\(Persistence=memory_lru_gc\\) Composite Index Queries(?= |$))",
      "exitCode": 0,
      "nativeSkipOnly": false,
      "partitionName": "composite-index-query:1:1@memory_lru_gc",
      "signal": null,
      "completedTests": 18,
      "failedTests": 0,
      "nativeSkipNames": [
        "performs aggregations on documents with all aggregated fields using getAggregationFromServer"
      ],
      "nativeSkips": 1
    },
    {
      "coverageFilter": "(?:^\\(Persistence=memory_lru_gc\\) Cursors(?= |$))",
      "effectiveFilter": "(?:^\\(Persistence=memory_lru_gc\\) Cursors(?= |$))",
      "exitCode": 0,
      "nativeSkipOnly": false,
      "partitionName": "cursors:1:1@memory_lru_gc",
      "signal": null,
      "completedTests": 9,
      "failedTests": 0,
      "nativeSkipNames": [],
      "nativeSkips": 0
    },
    {
      "coverageFilter": "(?:^\\(Persistence=memory_lru_gc\\) Database (?:(?:can set a document(?= |$)|doc\\(\\) will auto generate an ID(?= |$)|can delete a document(?= |$)|can update existing document(?= |$)|can retrieve document that does not exist(?= |$))))",
      "effectiveFilter": "(?:^\\(Persistence=memory_lru_gc\\) Database (?:(?:can set a document(?= |$)|doc\\(\\) will auto generate an ID(?= |$)|can delete a document(?= |$)|can update existing document(?= |$)|can retrieve document that does not exist(?= |$))))",
      "exitCode": 0,
      "nativeSkipOnly": false,
      "partitionName": "database:1:1@memory_lru_gc",
      "signal": null,
      "completedTests": 5,
      "failedTests": 0,
      "nativeSkipNames": [],
      "nativeSkips": 0
    },
    {
      "coverageFilter": "(?:^\\(Persistence=memory_lru_gc\\) Database (?:(?:can update an unknown document(?= |$)|can merge data with an existing document using set(?= |$)|can merge server timestamps(?= |$)|can merge empty object(?= |$)|update with empty object replaces all fields(?= |$))))",
      "effectiveFilter": "(?:^\\(Persistence=memory_lru_gc\\) Database (?:(?:can update an unknown document(?= |$)|can merge data with an existing document using set(?= |$)|can merge server timestamps(?= |$)|can merge empty object(?= |$)|update with empty object replaces all fields(?= |$))))",
      "exitCode": 0,
      "nativeSkipOnly": false,
      "partitionName": "database:1:2@memory_lru_gc",
      "signal": null,
      "completedTests": 5,
      "failedTests": 0,
      "nativeSkipNames": [],
      "nativeSkips": 0
    },
    {
      "coverageFilter": "(?:^\\(Persistence=memory_lru_gc\\) Database (?:(?:merge with empty object replaces all fields(?= |$)|can delete field using merge(?= |$)|can delete field using mergeFields(?= |$)|can set server timestamps using mergeFields(?= |$)|can replace an array by merging using set(?= |$))))",
      "effectiveFilter": "(?:^\\(Persistence=memory_lru_gc\\) Database (?:(?:merge with empty object replaces all fields(?= |$)|can delete field using merge(?= |$)|can delete field using mergeFields(?= |$)|can set server timestamps using mergeFields(?= |$)|can replace an array by merging using set(?= |$))))",
      "exitCode": 0,
      "nativeSkipOnly": false,
      "partitionName": "database:1:3@memory_lru_gc",
      "signal": null,
      "completedTests": 5,
      "failedTests": 0,
      "nativeSkipNames": [],
      "nativeSkips": 0
    },
    {
      "coverageFilter": "(?:^\\(Persistence=memory_lru_gc\\) Database (?:(?:can't specify a field mask for a missing field using set(?= |$)|can set a subset of fields using a field mask(?= |$)|doesn't apply field delete outside of mask(?= |$)|doesn't apply field transform outside of mask(?= |$)|can set an empty field mask(?= |$))))",
      "effectiveFilter": "(?:^\\(Persistence=memory_lru_gc\\) Database (?:(?:can't specify a field mask for a missing field using set(?= |$)|can set a subset of fields using a field mask(?= |$)|doesn't apply field delete outside of mask(?= |$)|doesn't apply field transform outside of mask(?= |$)|can set an empty field mask(?= |$))))",
      "exitCode": 0,
      "nativeSkipOnly": false,
      "partitionName": "database:1:4@memory_lru_gc",
      "signal": null,
      "completedTests": 5,
      "failedTests": 0,
      "nativeSkipNames": [],
      "nativeSkips": 0
    },
    {
      "coverageFilter": "(?:^\\(Persistence=memory_lru_gc\\) Database (?:(?:can specify fields multiple times in a field mask(?= |$)|cannot update nonexistent document(?= |$)|can delete a field with an update(?= |$)|can update nested fields(?= |$)|can specify updated field multiple times(?= |$))))",
      "effectiveFilter": "(?:^\\(Persistence=memory_lru_gc\\) Database (?:(?:can specify fields multiple times in a field mask(?= |$)|cannot update nonexistent document(?= |$)|can delete a field with an update(?= |$)|can update nested fields(?= |$)|can specify updated field multiple times(?= |$))))",
      "exitCode": 0,
      "nativeSkipOnly": false,
      "partitionName": "database:1:5@memory_lru_gc",
      "signal": null,
      "completedTests": 5,
      "failedTests": 0,
      "nativeSkipNames": [],
      "nativeSkips": 0
    },
    {
      "coverageFilter": "(?:^\\(Persistence=memory_lru_gc\\) Database (?:(?:vector embeddings(?= |$)|documents: (?= |$)|CollectionRef\\.add\\(\\) resolves with resulting DocumentRef\\.(?= |$)|onSnapshotsInSync fires after listeners are in sync(?= |$)|\\(Persistence=(?:memory_lru_gc|indexeddb)\\) Queries are validated client-side(?= |$))))",
      "effectiveFilter": "(?:^\\(Persistence=memory_lru_gc\\) Database (?:(?:vector embeddings(?= |$)|documents: (?= |$)|CollectionRef\\.add\\(\\) resolves with resulting DocumentRef\\.(?= |$)|onSnapshotsInSync fires after listeners are in sync(?= |$)|\\(Persistence=(?:memory_lru_gc|indexeddb)\\) Queries are validated client-side(?= |$))))",
      "exitCode": 0,
      "nativeSkipOnly": false,
      "partitionName": "database:1:6@memory_lru_gc",
      "signal": null,
      "completedTests": 32,
      "failedTests": 0,
      "nativeSkipNames": [],
      "nativeSkips": 0
    },
    {
      "coverageFilter": "(?:^\\(Persistence=memory_lru_gc\\) Database (?:(?:DocumentSnapshot events for nonexistent document(?= |$)|DocumentSnapshot events for add data to document(?= |$)|DocumentSnapshot events for change data in document(?= |$)|DocumentSnapshot events for delete data in document(?= |$)|Listen can be called multiple times(?= |$))))",
      "effectiveFilter": "(?:^\\(Persistence=memory_lru_gc\\) Database (?:(?:DocumentSnapshot events for nonexistent document(?= |$)|DocumentSnapshot events for add data to document(?= |$)|DocumentSnapshot events for change data in document(?= |$)|DocumentSnapshot events for delete data in document(?= |$)|Listen can be called multiple times(?= |$))))",
      "exitCode": 0,
      "nativeSkipOnly": false,
      "partitionName": "database:1:7@memory_lru_gc",
      "signal": null,
      "completedTests": 5,
      "failedTests": 0,
      "nativeSkipNames": [],
      "nativeSkips": 0
    },
    {
      "coverageFilter": "(?:^\\(Persistence=memory_lru_gc\\) Database (?:(?:DocumentSnapshot events for snapshot created by a bundle(?= |$)|DocumentSnapshot updated doc events in snapshot created by a bundle accumulator(?= |$)|DocumentSnapshot observer events for snapshot created by a bundle(?= |$)|DocumentSnapshot error events for snapshot created by a bundle(?= |$)|DocumentSnapshot observer error events for snapshot created by a bundle(?= |$))))",
      "effectiveFilter": "(?:^\\(Persistence=memory_lru_gc\\) Database (?:(?:DocumentSnapshot events for snapshot created by a bundle(?= |$)|DocumentSnapshot updated doc events in snapshot created by a bundle accumulator(?= |$)|DocumentSnapshot observer events for snapshot created by a bundle(?= |$)|DocumentSnapshot error events for snapshot created by a bundle(?= |$)|DocumentSnapshot observer error events for snapshot created by a bundle(?= |$))))",
      "exitCode": 0,
      "nativeSkipOnly": false,
      "partitionName": "database:1:8@memory_lru_gc",
      "signal": null,
      "completedTests": 5,
      "failedTests": 0,
      "nativeSkipNames": [],
      "nativeSkips": 0
    },
    {
      "coverageFilter": "(?:^\\(Persistence=memory_lru_gc\\) Database (?:(?:DocumentSnapshot updated doc events in snapshot created by fromJSON bundle(?= |$)|DocumentSnapshot updated doc events in snapshot created by fromJSON doc ref(?= |$)|Querysnapshot events for snapshot created by a bundle(?= |$)|Querysnapshot observer events for snapshot created by a bundle(?= |$)|QuerySnapshot error events for snapshot created by a bundle(?= |$))))",
      "effectiveFilter": "(?:^\\(Persistence=memory_lru_gc\\) Database (?:(?:DocumentSnapshot updated doc events in snapshot created by fromJSON bundle(?= |$)|DocumentSnapshot updated doc events in snapshot created by fromJSON doc ref(?= |$)|Querysnapshot events for snapshot created by a bundle(?= |$)|Querysnapshot observer events for snapshot created by a bundle(?= |$)|QuerySnapshot error events for snapshot created by a bundle(?= |$))))",
      "exitCode": 0,
      "nativeSkipOnly": false,
      "partitionName": "database:1:9@memory_lru_gc",
      "signal": null,
      "completedTests": 5,
      "failedTests": 0,
      "nativeSkipNames": [],
      "nativeSkips": 0
    },
    {
      "coverageFilter": "(?:^\\(Persistence=memory_lru_gc\\) Database (?:(?:QuerySnapshot observer error events for snapshot created by a bundle(?= |$)|QuerySnapshot updated doc events in snapshot created by a bundle(?= |$)|QuerySnapshot updated doc events in snapshot created by fromJSON (?= |$)|QuerySnapshot updated doc events in snapshot created by fromJSON query ref(?= |$)|Metadata only changes are not fired when no options provided(?= |$))))",
      "effectiveFilter": "(?:^\\(Persistence=memory_lru_gc\\) Database (?:(?:QuerySnapshot observer error events for snapshot created by a bundle(?= |$)|QuerySnapshot updated doc events in snapshot created by a bundle(?= |$)|QuerySnapshot updated doc events in snapshot created by fromJSON (?= |$)|QuerySnapshot updated doc events in snapshot created by fromJSON query ref(?= |$)|Metadata only changes are not fired when no options provided(?= |$))))",
      "exitCode": 0,
      "nativeSkipOnly": false,
      "partitionName": "database:1:10@memory_lru_gc",
      "signal": null,
      "completedTests": 5,
      "failedTests": 0,
      "nativeSkipNames": [],
      "nativeSkips": 0
    },
    {
      "coverageFilter": "(?:^\\(Persistence=memory_lru_gc\\) Database (?:(?:Listens are rejected remotely:(?= |$)|exposes \"firestore\" on document references\\.(?= |$)|exposes \"firestore\" on query references\\.(?= |$)|can compare DocumentReference instances with isEqual\\(\\)\\.(?= |$)|can compare Query instances with isEqual\\(\\)\\.(?= |$))))",
      "effectiveFilter": "(?:^\\(Persistence=memory_lru_gc\\) Database (?:(?:Listens are rejected remotely:(?= |$)|exposes \"firestore\" on document references\\.(?= |$)|exposes \"firestore\" on query references\\.(?= |$)|can compare DocumentReference instances with isEqual\\(\\)\\.(?= |$)|can compare Query instances with isEqual\\(\\)\\.(?= |$))))",
      "exitCode": 0,
      "nativeSkipOnly": false,
      "partitionName": "database:1:11@memory_lru_gc",
      "signal": null,
      "completedTests": 8,
      "failedTests": 0,
      "nativeSkipNames": [],
      "nativeSkips": 0
    },
    {
      "coverageFilter": "(?:^\\(Persistence=memory_lru_gc\\) Database (?:(?:can compare multiple inequality Query instances with isEqual\\(\\)\\.(?= |$)|can traverse collections and documents\\.(?= |$)|can traverse collection and document parents\\.(?= |$)|can queue writes while offline(?= |$)|offline writes are sent after restart(?= |$))))",
      "effectiveFilter": "(?:^\\(Persistence=memory_lru_gc\\) Database (?:(?:can compare multiple inequality Query instances with isEqual\\(\\)\\.(?= |$)|can traverse collections and documents\\.(?= |$)|can traverse collection and document parents\\.(?= |$)|can queue writes while offline(?= |$)|offline writes are sent after restart(?= |$))))",
      "exitCode": 0,
      "nativeSkipOnly": false,
      "partitionName": "database:1:12@memory_lru_gc",
      "signal": null,
      "completedTests": 4,
      "failedTests": 0,
      "nativeSkipNames": [
        "offline writes are sent after restart"
      ],
      "nativeSkips": 1
    },
    {
      "coverageFilter": "(?:^\\(Persistence=memory_lru_gc\\) Database (?:(?:rejects subsequent method calls after terminate\\(\\) is called(?= |$)|can call terminate\\(\\) multiple times(?= |$)|maintains persistence after restarting app(?= |$)|can clear persistence if the client has been terminated(?= |$)|can clear persistence if the client has not been initialized(?= |$))))",
      "effectiveFilter": "(?:^\\(Persistence=memory_lru_gc\\) Database (?:(?:rejects subsequent method calls after terminate\\(\\) is called(?= |$)|can call terminate\\(\\) multiple times(?= |$)|maintains persistence after restarting app(?= |$)|can clear persistence if the client has been terminated(?= |$)|can clear persistence if the client has not been initialized(?= |$))))",
      "exitCode": 0,
      "nativeSkipOnly": false,
      "partitionName": "database:1:13@memory_lru_gc",
      "signal": null,
      "completedTests": 2,
      "failedTests": 0,
      "nativeSkipNames": [
        "can clear persistence if the client has been terminated",
        "can clear persistence if the client has not been initialized",
        "maintains persistence after restarting app"
      ],
      "nativeSkips": 3
    },
    {
      "coverageFilter": "(?:^\\(Persistence=memory_lru_gc\\) Database (?:(?:cannot clear persistence if the client has been initialized(?= |$)|can get documents while offline(?= |$)|can enable and disable networking(?= |$)|can start a new instance after shut down(?= |$)|new operation after termination should throw(?= |$))))",
      "effectiveFilter": "(?:^\\(Persistence=memory_lru_gc\\) Database (?:(?:cannot clear persistence if the client has been initialized(?= |$)|can get documents while offline(?= |$)|can enable and disable networking(?= |$)|can start a new instance after shut down(?= |$)|new operation after termination should throw(?= |$))))",
      "exitCode": 0,
      "nativeSkipOnly": false,
      "partitionName": "database:1:14@memory_lru_gc",
      "signal": null,
      "completedTests": 4,
      "failedTests": 0,
      "nativeSkipNames": [
        "cannot clear persistence if the client has been initialized"
      ],
      "nativeSkips": 1
    },
    {
      "coverageFilter": "(?:^\\(Persistence=memory_lru_gc\\) Database (?:(?:calling terminate multiple times should proceed(?= |$)|can unlisten queries after termination(?= |$)|can query after firestore restart(?= |$)|query listener throws error on termination(?= |$)|can wait for pending writes(?= |$))))",
      "effectiveFilter": "(?:^\\(Persistence=memory_lru_gc\\) Database (?:(?:calling terminate multiple times should proceed(?= |$)|can unlisten queries after termination(?= |$)|can query after firestore restart(?= |$)|query listener throws error on termination(?= |$)|can wait for pending writes(?= |$))))",
      "exitCode": 0,
      "nativeSkipOnly": false,
      "partitionName": "database:1:15@memory_lru_gc",
      "signal": null,
      "completedTests": 5,
      "failedTests": 0,
      "nativeSkipNames": [],
      "nativeSkips": 0
    },
    {
      "coverageFilter": "(?:^\\(Persistence=memory_lru_gc\\) Database (?:(?:waiting for pending writes resolves immediately when offline and no pending writes(?= |$)|\\(Persistence=(?:memory_lru_gc|indexeddb)\\) withConverter\\(\\) support(?= |$)|can set and get data with auto detect long polling enabled(?= |$)|can keep docs separate with multi-db when online(?= |$)|can keep docs separate with multi-db when offline(?= |$))))",
      "effectiveFilter": "(?:^\\(Persistence=memory_lru_gc\\) Database (?:(?:waiting for pending writes resolves immediately when offline and no pending writes(?= |$)|\\(Persistence=(?:memory_lru_gc|indexeddb)\\) withConverter\\(\\) support(?= |$)|can set and get data with auto detect long polling enabled(?= |$)|can keep docs separate with multi-db when online(?= |$)|can keep docs separate with multi-db when offline(?= |$))))",
      "exitCode": 0,
      "nativeSkipOnly": false,
      "partitionName": "database:1:16@memory_lru_gc",
      "signal": null,
      "completedTests": 25,
      "failedTests": 0,
      "nativeSkipNames": [
        "can set and get data with auto detect long polling enabled"
      ],
      "nativeSkips": 1
    },
    {
      "coverageFilter": "(?:^\\(Persistence=memory_lru_gc\\) Database (?:(?:Cannot get document from cache with eager GC enabled\\.(?= |$)|Can get document from cache with Lru GC enabled\\.(?= |$)|Lru GC is enabled by default\\.(?= |$)|sort documents by DocumentId(?= |$)|Sort unicode strings(?= |$))))",
      "effectiveFilter": "(?:^\\(Persistence=memory_lru_gc\\) Database (?:(?:Cannot get document from cache with eager GC enabled\\.(?= |$)|Can get document from cache with Lru GC enabled\\.(?= |$)|Lru GC is enabled by default\\.(?= |$)|sort documents by DocumentId(?= |$)|Sort unicode strings(?= |$))))",
      "exitCode": 0,
      "nativeSkipOnly": false,
      "partitionName": "database:1:17@memory_lru_gc",
      "signal": null,
      "completedTests": 12,
      "failedTests": 0,
      "nativeSkipNames": [],
      "nativeSkips": 0
    },
    {
      "coverageFilter": "(?:^\\(Persistence=memory_lru_gc\\) Nested Fields(?= |$))",
      "effectiveFilter": "(?:^\\(Persistence=memory_lru_gc\\) Nested Fields(?= |$))",
      "exitCode": 0,
      "nativeSkipOnly": false,
      "partitionName": "fields:1:1@memory_lru_gc",
      "signal": null,
      "completedTests": 9,
      "failedTests": 0,
      "nativeSkipNames": [],
      "nativeSkips": 0
    },
    {
      "coverageFilter": "(?:^\\(Persistence=memory_lru_gc\\) Fields with special characters(?= |$))",
      "effectiveFilter": "(?:^\\(Persistence=memory_lru_gc\\) Fields with special characters(?= |$))",
      "exitCode": 0,
      "nativeSkipOnly": false,
      "partitionName": "fields:2:1@memory_lru_gc",
      "signal": null,
      "completedTests": 5,
      "failedTests": 0,
      "nativeSkipNames": [],
      "nativeSkips": 0
    },
    {
      "coverageFilter": "(?:^\\(Persistence=memory_lru_gc\\) Timestamp Fields in snapshots(?= |$))",
      "effectiveFilter": "(?:^\\(Persistence=memory_lru_gc\\) Timestamp Fields in snapshots(?= |$))",
      "exitCode": 0,
      "nativeSkipOnly": false,
      "partitionName": "fields:3:1@memory_lru_gc",
      "signal": null,
      "completedTests": 1,
      "failedTests": 0,
      "nativeSkipNames": [],
      "nativeSkips": 0
    },
    {
      "coverageFilter": "(?:^\\(Persistence=memory_lru_gc\\) `undefined` properties(?= |$))",
      "effectiveFilter": "(?:^\\(Persistence=memory_lru_gc\\) `undefined` properties(?= |$))",
      "exitCode": 0,
      "nativeSkipOnly": false,
      "partitionName": "fields:4:1@memory_lru_gc",
      "signal": null,
      "completedTests": 5,
      "failedTests": 0,
      "nativeSkipNames": [],
      "nativeSkips": 0
    },
    {
      "coverageFilter": "(?:^\\(Persistence=memory_lru_gc\\) GetOptions(?= |$))",
      "effectiveFilter": "(?:^\\(Persistence=memory_lru_gc\\) GetOptions(?= |$))",
      "exitCode": 0,
      "nativeSkipOnly": false,
      "partitionName": "get-options:1:1@memory_lru_gc",
      "signal": null,
      "completedTests": 27,
      "failedTests": 0,
      "nativeSkipNames": [
        "get deleted doc while offline with default get options"
      ],
      "nativeSkips": 1
    },
    {
      "coverageFilter": "(?:^\\(Persistence=memory_lru_gc\\) Index Configuration:(?= |$))",
      "effectiveFilter": "(?:^\\(Persistence=memory_lru_gc\\) Index Configuration:(?= |$))",
      "exitCode": 0,
      "nativeSkipOnly": false,
      "partitionName": "index-configuration:1:1@memory_lru_gc",
      "signal": null,
      "completedTests": 4,
      "failedTests": 0,
      "nativeSkipNames": [],
      "nativeSkips": 0
    },
    {
      "coverageFilter": "(?:^\\(Persistence=memory_lru_gc\\) Large Documents(?= |$))",
      "effectiveFilter": "(?:^\\(Persistence=memory_lru_gc\\) Large Documents(?= |$))",
      "exitCode": 1,
      "nativeSkipOnly": true,
      "partitionName": "large-document:1:1@memory_lru_gc",
      "signal": null,
      "completedTests": 0,
      "failedTests": 0,
      "nativeSkipNames": [
        "cache integrity with multiple large documents",
        "can query large documents",
        "can read and cache a 15.9MB Unicode document",
        "can run transaction read-modify-write on a large document",
        "can run watch snapshot listener on a large document",
        "can write a 15.9MB document",
        "gracefully rejects oversized payloads",
        "query large documents forces local scan"
      ],
      "nativeSkips": 8
    },
    {
      "coverageFilter": "(?:^\\(Persistence=memory_lru_gc\\) Numeric Transforms:(?= |$))",
      "effectiveFilter": "(?:^\\(Persistence=memory_lru_gc\\) Numeric Transforms:(?= |$))",
      "exitCode": 0,
      "nativeSkipOnly": false,
      "partitionName": "numeric-transforms:1:1@memory_lru_gc",
      "signal": null,
      "completedTests": 19,
      "failedTests": 0,
      "nativeSkipNames": [
        "increment existing integer with integer",
        "multiple double increments"
      ],
      "nativeSkips": 2
    },
    {
      "coverageFilter": "(?:^\\(Persistence=memory_lru_gc\\) PersistentCacheIndexManager(?= |$))",
      "effectiveFilter": "(?:^\\(Persistence=memory_lru_gc\\) PersistentCacheIndexManager(?= |$))",
      "exitCode": 0,
      "nativeSkipOnly": false,
      "partitionName": "persistent-cache-index-manager:1:1@memory_lru_gc",
      "signal": null,
      "completedTests": 3,
      "failedTests": 0,
      "nativeSkipNames": [],
      "nativeSkips": 0
    },
    {
      "coverageFilter": "(?:^\\(Persistence=memory_lru_gc\\) Pipelines (?:(?:pipeline results(?= |$))))",
      "effectiveFilter": "(?:^\\(Persistence=memory_lru_gc\\) Pipelines (?:(?:pipeline results(?= |$))))",
      "exitCode": 1,
      "nativeSkipOnly": true,
      "partitionName": "pipelines:1:1@memory_lru_gc",
      "signal": null,
      "completedTests": 0,
      "failedTests": 0,
      "nativeSkipNames": [
        "empty snapshot as expected",
        "full snapshot as expected",
        "result equals works",
        "returns create and update time for each document",
        "returns execution time",
        "returns execution time for an aggregate query",
        "returns execution time for an empty query",
        "returns undefined create and update time for each result in an aggregate query"
      ],
      "nativeSkips": 8
    },
    {
      "coverageFilter": "(?:^\\(Persistence=memory_lru_gc\\) Pipelines (?:(?:pipeline sources(?= |$))))",
      "effectiveFilter": "(?:^\\(Persistence=memory_lru_gc\\) Pipelines (?:(?:pipeline sources(?= |$))))",
      "exitCode": 1,
      "nativeSkipOnly": true,
      "partitionName": "pipelines:1:2@memory_lru_gc",
      "signal": null,
      "completedTests": 0,
      "failedTests": 0,
      "nativeSkipNames": [
        "reject CollectionReference for another DB",
        "reject DocumentReference for another DB",
        "supports CollectionReference as source",
        "supports collection group as source",
        "supports database as source",
        "supports list of documents as source"
      ],
      "nativeSkips": 6
    },
    {
      "coverageFilter": "(?:^\\(Persistence=memory_lru_gc\\) Pipelines (?:(?:supported data types(?= |$))))",
      "effectiveFilter": "(?:^\\(Persistence=memory_lru_gc\\) Pipelines (?:(?:supported data types(?= |$))))",
      "exitCode": 1,
      "nativeSkipOnly": true,
      "partitionName": "pipelines:1:3@memory_lru_gc",
      "signal": null,
      "completedTests": 0,
      "failedTests": 0,
      "nativeSkipNames": [
        "accepts and returns all data types",
        "converts arrays and plain objects to functionValues if the customer intent is unspecified",
        "supports boolean value constants as a BooleanExpression",
        "throws on undefined in a map",
        "throws on undefined in an array"
      ],
      "nativeSkips": 5
    },
    {
      "coverageFilter": "(?:^\\(Persistence=memory_lru_gc\\) Pipelines (?:(?:stages(?= |$))))",
      "effectiveFilter": "(?:^\\(Persistence=memory_lru_gc\\) Pipelines (?:(?:stages(?= |$))))",
      "exitCode": 1,
      "nativeSkipOnly": true,
      "partitionName": "pipelines:1:4@memory_lru_gc",
      "signal": null,
      "completedTests": 0,
      "failedTests": 0,
      "nativeSkipNames": [
        "can add fields",
        "can filter with where",
        "can find nearest",
        "can limit, offset, and sort",
        "can perform FindNearest query",
        "can perform aggregate query",
        "can perform distinct query",
        "can remove fields",
        "can select fields",
        "optionally returns the computed distance",
        "rejects groups without accumulators",
        "returns arrayAgg accumulations",
        "returns arrayAggDistinct accumulations",
        "returns countDistinct accumulation",
        "returns countif accumulation",
        "returns distinct values as expected",
        "returns first and last accumulations",
        "returns group and accumulate results",
        "returns min, max, count, and countAll accumulations",
        "run pipeline with findNearest",
        "run pipeline with replaceWith Expr result",
        "run pipeline with replaceWith field name",
        "run pipeline with sample limit of 3",
        "run pipeline with sample limit of {documents: 3}",
        "run pipeline with sample limit of {percentage: 0.6}",
        "run pipeline with union",
        "run pipeline with unnest",
        "run pipeline with user data with union",
        "sort, offset, and limit stages support options",
        "supports aggregate",
        "supports aggregate options",
        "supports options",
        "supports sort, offset, and limits",
        "throws on Duplicate aliases",
        "throws on duplicate group aliases",
        "unnest an expr",
        "unnest with index field",
        "where with and (2 conditions)",
        "where with and (3 conditions)",
        "where with nor",
        "where with or",
        "where with xor"
      ],
      "nativeSkips": 54
    },
    {
      "coverageFilter": "(?:^\\(Persistence=memory_lru_gc\\) Pipelines (?:(?:error handling(?= |$))))",
      "effectiveFilter": "(?:^\\(Persistence=memory_lru_gc\\) Pipelines (?:(?:error handling(?= |$))))",
      "exitCode": 1,
      "nativeSkipOnly": true,
      "partitionName": "pipelines:1:5@memory_lru_gc",
      "signal": null,
      "completedTests": 0,
      "failedTests": 0,
      "nativeSkipNames": [
        "error properties are propagated from the firestore backend"
      ],
      "nativeSkips": 1
    },
    {
      "coverageFilter": "(?:^\\(Persistence=memory_lru_gc\\) Pipelines (?:(?:function expressions(?= |$))))",
      "effectiveFilter": "(?:^\\(Persistence=memory_lru_gc\\) Pipelines (?:(?:function expressions(?= |$))))",
      "exitCode": 1,
      "nativeSkipOnly": true,
      "partitionName": "pipelines:1:6@memory_lru_gc",
      "signal": null,
      "completedTests": 0,
      "failedTests": 0,
      "nativeSkipNames": [
        "add selectable",
        "and (variadic) selectable",
        "array contains any",
        "arrayContains works",
        "arrayContainsAll works",
        "arrayContainsAny works",
        "arrayLength works",
        "arraySlice throws error for negative length",
        "can compute e to the power of a numeric value",
        "can compute e to the power of a numeric value with the top-level function",
        "can compute the base-10 logarithm of a numeric value",
        "can compute the base-10 logarithm of a numeric value with the top-level function",
        "can compute the ceiling of a numeric value",
        "can compute the ceiling of a numeric value with the top-level function",
        "can compute the floor of a numeric value",
        "can compute the floor of a numeric value with the top-level function",
        "can compute the length of a bytes value",
        "can compute the length of a map value",
        "can compute the length of a string value",
        "can compute the length of a string value with the top-level function",
        "can compute the length of a vector value",
        "can compute the length of an array value",
        "can compute the length of an array value with the top-level function",
        "can compute the logarithm of a numeric value",
        "can compute the logarithm of a numeric value with the top-level function",
        "can compute the natural logarithm of a numeric value",
        "can compute the natural logarithm of a numeric value with the top-level function",
        "can compute the power of a numeric value",
        "can compute the power of a numeric value with the top-level function",
        "can compute the square root of a numeric value",
        "can compute the square root of a numeric value with the top-level function",
        "can compute the sum of the elements in an array",
        "can compute the sum of the elements in an array with the top-level function",
        "can concat fields",
        "can get the collectionId from a path",
        "can get the collectionId from a path with the top-level function",
        "can reverse a string",
        "can reverse a string with the top-level function",
        "can reverse an array",
        "can reverse an array with the top-level function",
        "can round a numeric value",
        "can round a numeric value away from zero for negative half-way values",
        "can round a numeric value away from zero for positive half-way values",
        "can round a numeric value to specified precision",
        "can round a numeric value with the top-level function",
        "can truncate a numeric value",
        "can truncate a numeric value to specified precision",
        "can truncate a numeric value with the top-level function",
        "conditional works",
        "countif aggregate",
        "equalAny works",
        "evaluates expression in array",
        "evaluates expression in map",
        "logical max works",
        "logical min works",
        "notEqualAny works",
        "sort by char_len",
        "supports Document_id",
        "supports array",
        "supports arrayFilter",
        "supports arrayFilter with mixed types and nulls",
        "supports arrayFirst",
        "supports arrayFirstN",
        "supports arrayGet",
        "supports arrayIndexOf",
        "supports arrayIndexOfAll",
        "supports arrayLast",
        "supports arrayLastIndexOf",
        "supports arrayLastN",
        "supports arrayMaximum",
        "supports arrayMaximumN",
        "supports arrayMinimum",
        "supports arrayMinimumN",
        "supports arraySlice",
        "supports arrayTransform and arrayTransformWithIndex",
        "supports arrayTransform with empty array and nulls",
        "supports basic switch",
        "supports byteLength",
        "supports coalesce",
        "supports currentTimestamp",
        "supports ifAbsent",
        "supports ifNull",
        "supports isType",
        "supports join",
        "supports map",
        "supports mapMerge",
        "supports mapRemove",
        "supports multi-branch switch",
        "supports nor",
        "supports not",
        "supports parent",
        "supports split",
        "supports substring",
        "supports substring without length",
        "supports timestamp conversions",
        "supports timestamp difference",
        "supports timestamp extraction",
        "supports timestamp math",
        "supports type",
        "test mapEntries",
        "test mapGet with field name including . notation",
        "test mapKeys",
        "test mapSet",
        "test mapValues",
        "test reverse",
        "test toLower",
        "test toUpper",
        "testAbs",
        "testArithmeticOperations",
        "testChecks",
        "testComparisonOperators",
        "testDistanceFunctions",
        "testEndsWith",
        "testLTrim",
        "testLength",
        "testLike",
        "testLogicalOperators",
        "testMapGet",
        "testNestedFields",
        "testRTrim",
        "testRand",
        "testRegexContains",
        "testRegexFind",
        "testRegexFindAll",
        "testRegexMatches",
        "testStartsWith",
        "testStrConcat",
        "testStrContains",
        "testStringIndexOf",
        "testStringRepeat",
        "testStringReplaceAll",
        "testStringReplaceOne",
        "testTrim",
        "testVectorLength",
        "throws if no match and no default",
        "truncate timestamp"
      ],
      "nativeSkips": 139
    },
    {
      "coverageFilter": "(?:^\\(Persistence=memory_lru_gc\\) Pipelines (?:(?:pagination(?= |$))))",
      "effectiveFilter": "(?:^\\(Persistence=memory_lru_gc\\) Pipelines (?:(?:pagination(?= |$))))",
      "exitCode": 1,
      "nativeSkipOnly": true,
      "partitionName": "pipelines:1:7@memory_lru_gc",
      "signal": null,
      "completedTests": 0,
      "failedTests": 0,
      "nativeSkipNames": [
        "supports pagination with filters",
        "supports pagination with offsets"
      ],
      "nativeSkips": 2
    },
    {
      "coverageFilter": "(?:^\\(Persistence=memory_lru_gc\\) Pipelines (?:(?:stage options(?= |$))))",
      "effectiveFilter": "(?:^\\(Persistence=memory_lru_gc\\) Pipelines (?:(?:stage options(?= |$))))",
      "exitCode": 1,
      "nativeSkipOnly": true,
      "partitionName": "pipelines:1:8@memory_lru_gc",
      "signal": null,
      "completedTests": 0,
      "failedTests": 0,
      "nativeSkipNames": [
        "Collection Stage",
        "CollectionGroup Stage"
      ],
      "nativeSkips": 2
    },
    {
      "coverageFilter": "(?:^\\(Persistence=memory_lru_gc\\) Pipelines (?:(?:subquery(?= |$))))",
      "effectiveFilter": "(?:^\\(Persistence=memory_lru_gc\\) Pipelines (?:(?:subquery(?= |$))))",
      "exitCode": 1,
      "nativeSkipOnly": true,
      "partitionName": "pipelines:1:9@memory_lru_gc",
      "signal": null,
      "completedTests": 0,
      "failedTests": 0,
      "nativeSkipNames": [
        "3 level deep join",
        "array subquery in where stage on books",
        "array subquery join and empty result",
        "array subquery join multiple fields preserves map",
        "current document binding",
        "deep aggregation",
        "direct execution of subcollection pipeline",
        "explicit field binding scope bridging",
        "missing field on current document",
        "missing subcollection",
        "mixed scalar and array subqueries",
        "multiple array subqueries",
        "multiple variable bindings",
        "pipeline stage support 9 layers",
        "scalar subquery multiple aggregations map wrapping",
        "scalar subquery multiple results runtime error",
        "scalar subquery single aggregation unwrapping",
        "scalar subquery zero results",
        "single scope variable usage",
        "standard subcollection query",
        "unbound variable corner case",
        "variable shadowing collision",
        "zero result scalar returns null"
      ],
      "nativeSkips": 23
    },
    {
      "coverageFilter": "(?:^Firestore Provider(?= |$))",
      "effectiveFilter": "(?:^Firestore Provider(?= |$))",
      "exitCode": 0,
      "nativeSkipOnly": false,
      "partitionName": "provider:1:1",
      "signal": null,
      "completedTests": 11,
      "failedTests": 0,
      "nativeSkipNames": [],
      "nativeSkips": 0
    },
    {
      "coverageFilter": "(?:^\\(Persistence=memory_lru_gc\\) Queries (?:(?:QuerySnapshot\\.toJSON bundle getDocFromCache(?= |$)|can issue limit queries(?! (?:using descending sort order)(?: |$))(?= |$)|cannot issue limitToLast queries without explicit order-by(?= |$)|can issue limit queries using descending sort order(?= |$)|can issue limitToLast queries using descending sort order(?= |$))))",
      "effectiveFilter": "(?:^\\(Persistence=memory_lru_gc\\) Queries (?:(?:QuerySnapshot\\.toJSON bundle getDocFromCache(?= |$)|can issue limit queries(?! (?:using descending sort order)(?: |$))(?= |$)|cannot issue limitToLast queries without explicit order-by(?= |$)|can issue limit queries using descending sort order(?= |$)|can issue limitToLast queries using descending sort order(?= |$))))",
      "exitCode": 0,
      "nativeSkipOnly": false,
      "partitionName": "queries:1:1@memory_lru_gc",
      "signal": null,
      "completedTests": 5,
      "failedTests": 0,
      "nativeSkipNames": [],
      "nativeSkips": 0
    },
    {
      "coverageFilter": "(?:^\\(Persistence=memory_lru_gc\\) Queries (?:(?:can listen to limitToLast queries(?= |$)|can listen/unlisten/relisten to mirror queries(?= |$)|can issue limitToLast queries with cursors(?= |$)|key order is descending for descending inequality(?= |$)|can use unary filters(?= |$))))",
      "effectiveFilter": "(?:^\\(Persistence=memory_lru_gc\\) Queries (?:(?:can listen to limitToLast queries(?= |$)|can listen/unlisten/relisten to mirror queries(?= |$)|can issue limitToLast queries with cursors(?= |$)|key order is descending for descending inequality(?= |$)|can use unary filters(?= |$))))",
      "exitCode": 0,
      "nativeSkipOnly": false,
      "partitionName": "queries:1:2@memory_lru_gc",
      "signal": null,
      "completedTests": 5,
      "failedTests": 0,
      "nativeSkipNames": [],
      "nativeSkips": 0
    },
    {
      "coverageFilter": "(?:^\\(Persistence=memory_lru_gc\\) Queries (?:(?:can filter on infinity(?= |$)|will not get metadata only updates(?= |$)|maintains correct DocumentChange indexes(?= |$)|can listen for the same query with different options(?= |$)|can issue queries with Dates differing in milliseconds(?= |$))))",
      "effectiveFilter": "(?:^\\(Persistence=memory_lru_gc\\) Queries (?:(?:can filter on infinity(?= |$)|will not get metadata only updates(?= |$)|maintains correct DocumentChange indexes(?= |$)|can listen for the same query with different options(?= |$)|can issue queries with Dates differing in milliseconds(?= |$))))",
      "exitCode": 0,
      "nativeSkipOnly": false,
      "partitionName": "queries:1:3@memory_lru_gc",
      "signal": null,
      "completedTests": 4,
      "failedTests": 0,
      "nativeSkipNames": [
        "can listen for the same query with different options"
      ],
      "nativeSkips": 1
    },
    {
      "coverageFilter": "(?:^\\(Persistence=memory_lru_gc\\) Queries (?:(?:can listen for QueryMetadata changes(?= |$)|can listen for metadata changes(?= |$)|can catch error message for missing index with error handler(?= |$)|can explicitly sort by document ID(?= |$)|can query by document ID(?! (?:using refs)(?: |$))(?= |$))))",
      "effectiveFilter": "(?:^\\(Persistence=memory_lru_gc\\) Queries (?:(?:can listen for QueryMetadata changes(?= |$)|can listen for metadata changes(?= |$)|can catch error message for missing index with error handler(?= |$)|can explicitly sort by document ID(?= |$)|can query by document ID(?! (?:using refs)(?: |$))(?= |$))))",
      "exitCode": 0,
      "nativeSkipOnly": false,
      "partitionName": "queries:1:4@memory_lru_gc",
      "signal": null,
      "completedTests": 4,
      "failedTests": 0,
      "nativeSkipNames": [
        "can catch error message for missing index with error handler"
      ],
      "nativeSkips": 1
    },
    {
      "coverageFilter": "(?:^\\(Persistence=memory_lru_gc\\) Queries (?:(?:can query by document ID using refs(?= |$)|can query while reconnecting to network(?= |$)|trigger with isFromCache=true when offline(?= |$)|can use != filters(?! (?:by document ID)(?: |$))(?= |$)|can use != filters by document ID(?= |$))))",
      "effectiveFilter": "(?:^\\(Persistence=memory_lru_gc\\) Queries (?:(?:can query by document ID using refs(?= |$)|can query while reconnecting to network(?= |$)|trigger with isFromCache=true when offline(?= |$)|can use != filters(?! (?:by document ID)(?: |$))(?= |$)|can use != filters by document ID(?= |$))))",
      "exitCode": 0,
      "nativeSkipOnly": false,
      "partitionName": "queries:1:5@memory_lru_gc",
      "signal": null,
      "completedTests": 5,
      "failedTests": 0,
      "nativeSkipNames": [],
      "nativeSkips": 0
    },
    {
      "coverageFilter": "(?:^\\(Persistence=memory_lru_gc\\) Queries (?:(?:can use array-contains filters(?= |$)|can use IN filters(?! (?:by document ID)(?: |$))(?= |$)|can use IN filters by document ID(?= |$)|can use NOT_IN filters(?! (?:by document ID)(?: |$))(?= |$)|can use NOT_IN filters by document ID(?= |$))))",
      "effectiveFilter": "(?:^\\(Persistence=memory_lru_gc\\) Queries (?:(?:can use array-contains filters(?= |$)|can use IN filters(?! (?:by document ID)(?: |$))(?= |$)|can use IN filters by document ID(?= |$)|can use NOT_IN filters(?! (?:by document ID)(?: |$))(?= |$)|can use NOT_IN filters by document ID(?= |$))))",
      "exitCode": 0,
      "nativeSkipOnly": false,
      "partitionName": "queries:1:6@memory_lru_gc",
      "signal": null,
      "completedTests": 5,
      "failedTests": 0,
      "nativeSkipNames": [],
      "nativeSkips": 0
    },
    {
      "coverageFilter": "(?:^\\(Persistence=memory_lru_gc\\) Queries (?:(?:can use array-contains-any filters(?= |$)|can query collection groups(?! (?:with startAt / endAt by arbitrary documentId|with where filters on arbitrary documentId)(?: |$))(?= |$)|can query collection groups with startAt / endAt by arbitrary documentId(?= |$)|can query collection groups with where filters on arbitrary documentId(?= |$)|can query custom types(?= |$))))",
      "effectiveFilter": "(?:^\\(Persistence=memory_lru_gc\\) Queries (?:(?:can use array-contains-any filters(?= |$)|can query collection groups(?! (?:with startAt / endAt by arbitrary documentId|with where filters on arbitrary documentId)(?: |$))(?= |$)|can query collection groups with startAt / endAt by arbitrary documentId(?= |$)|can query collection groups with where filters on arbitrary documentId(?= |$)|can query custom types(?= |$))))",
      "exitCode": 0,
      "nativeSkipOnly": false,
      "partitionName": "queries:1:7@memory_lru_gc",
      "signal": null,
      "completedTests": 5,
      "failedTests": 0,
      "nativeSkipNames": [],
      "nativeSkips": 0
    },
    {
      "coverageFilter": "(?:^\\(Persistence=memory_lru_gc\\) Queries (?:(?:can use filter with nested field(?= |$)|OR Queries(?= |$)|Caching empty results(?= |$)|can query large documents with multi-byte character strings(?= |$))))",
      "effectiveFilter": "(?:^\\(Persistence=memory_lru_gc\\) Queries (?:(?:can use filter with nested field(?= |$)|OR Queries(?= |$)|Caching empty results(?= |$)|can query large documents with multi-byte character strings(?= |$))))",
      "exitCode": 0,
      "nativeSkipOnly": false,
      "partitionName": "queries:1:8@memory_lru_gc",
      "signal": null,
      "completedTests": 14,
      "failedTests": 0,
      "nativeSkipNames": [],
      "nativeSkips": 0
    },
    {
      "coverageFilter": "(?:^\\(Persistence=memory_lru_gc\\) Hanging query issue - #7652(?= |$))",
      "effectiveFilter": "(?:^\\(Persistence=memory_lru_gc\\) Hanging query issue - #7652(?= |$))",
      "exitCode": 0,
      "nativeSkipOnly": false,
      "partitionName": "queries:2:1@memory_lru_gc",
      "signal": null,
      "completedTests": 20,
      "failedTests": 0,
      "nativeSkipNames": [],
      "nativeSkips": 0
    },
    {
      "coverageFilter": "(?:^\\(Persistence=memory_lru_gc\\) Query to Pipeline (?:(?:supports default query(?= |$)|supports filtered query(?! (?:\\(with FieldPath\\))(?: |$))(?= |$)|supports filtered query \\(with FieldPath\\)(?= |$)|supports ordered query \\(with default order\\)(?= |$)|supports ordered query \\(with asc\\)(?= |$))))",
      "effectiveFilter": "(?:^\\(Persistence=memory_lru_gc\\) Query to Pipeline (?:(?:supports default query(?= |$)|supports filtered query(?! (?:\\(with FieldPath\\))(?: |$))(?= |$)|supports filtered query \\(with FieldPath\\)(?= |$)|supports ordered query \\(with default order\\)(?= |$)|supports ordered query \\(with asc\\)(?= |$))))",
      "exitCode": 1,
      "nativeSkipOnly": true,
      "partitionName": "query-to-pipeline:1:1@memory_lru_gc",
      "signal": null,
      "completedTests": 0,
      "failedTests": 0,
      "nativeSkipNames": [
        "supports default query",
        "supports filtered query",
        "supports filtered query (with FieldPath)",
        "supports ordered query (with asc)",
        "supports ordered query (with default order)"
      ],
      "nativeSkips": 5
    },
    {
      "coverageFilter": "(?:^\\(Persistence=memory_lru_gc\\) Query to Pipeline (?:(?:supports ordered query \\(with desc\\)(?= |$)|supports limit query(?= |$)|supports limitToLast query(?= |$)|supports startAt(?! (?:with limitToLast|\\(with DocumentSnapshot\\))(?: |$))(?= |$)|supports startAt with limitToLast(?= |$))))",
      "effectiveFilter": "(?:^\\(Persistence=memory_lru_gc\\) Query to Pipeline (?:(?:supports ordered query \\(with desc\\)(?= |$)|supports limit query(?= |$)|supports limitToLast query(?= |$)|supports startAt(?! (?:with limitToLast|\\(with DocumentSnapshot\\))(?: |$))(?= |$)|supports startAt with limitToLast(?= |$))))",
      "exitCode": 1,
      "nativeSkipOnly": true,
      "partitionName": "query-to-pipeline:1:2@memory_lru_gc",
      "signal": null,
      "completedTests": 0,
      "failedTests": 0,
      "nativeSkipNames": [
        "supports limit query",
        "supports limitToLast query",
        "supports ordered query (with desc)",
        "supports startAt",
        "supports startAt with limitToLast"
      ],
      "nativeSkips": 5
    },
    {
      "coverageFilter": "(?:^\\(Persistence=memory_lru_gc\\) Query to Pipeline (?:(?:supports endAt with limitToLast(?= |$)|supports startAfter \\(with DocumentSnapshot\\)(?= |$)|supports startAt \\(with DocumentSnapshot\\)(?= |$)|supports startAfter(?! (?:\\(with DocumentSnapshot\\))(?: |$))(?= |$)|supports endAt(?! (?:with limitToLast)(?: |$))(?= |$))))",
      "effectiveFilter": "(?:^\\(Persistence=memory_lru_gc\\) Query to Pipeline (?:(?:supports endAt with limitToLast(?= |$)|supports startAfter \\(with DocumentSnapshot\\)(?= |$)|supports startAt \\(with DocumentSnapshot\\)(?= |$)|supports startAfter(?! (?:\\(with DocumentSnapshot\\))(?: |$))(?= |$)|supports endAt(?! (?:with limitToLast)(?: |$))(?= |$))))",
      "exitCode": 1,
      "nativeSkipOnly": true,
      "partitionName": "query-to-pipeline:1:3@memory_lru_gc",
      "signal": null,
      "completedTests": 0,
      "failedTests": 0,
      "nativeSkipNames": [
        "supports endAt",
        "supports endAt with limitToLast",
        "supports startAfter",
        "supports startAfter (with DocumentSnapshot)",
        "supports startAt (with DocumentSnapshot)"
      ],
      "nativeSkips": 5
    },
    {
      "coverageFilter": "(?:^\\(Persistence=memory_lru_gc\\) Query to Pipeline (?:(?:supports endBefore(?= |$)|supports pagination(?! (?:on DocumentIds)(?: |$))(?= |$)|supports pagination on DocumentIds(?= |$)|supports collection groups(?= |$)|supports query over collection path with special characters(?= |$))))",
      "effectiveFilter": "(?:^\\(Persistence=memory_lru_gc\\) Query to Pipeline (?:(?:supports endBefore(?= |$)|supports pagination(?! (?:on DocumentIds)(?: |$))(?= |$)|supports pagination on DocumentIds(?= |$)|supports collection groups(?= |$)|supports query over collection path with special characters(?= |$))))",
      "exitCode": 1,
      "nativeSkipOnly": true,
      "partitionName": "query-to-pipeline:1:4@memory_lru_gc",
      "signal": null,
      "completedTests": 0,
      "failedTests": 0,
      "nativeSkipNames": [
        "supports collection groups",
        "supports endBefore",
        "supports pagination",
        "supports pagination on DocumentIds",
        "supports query over collection path with special characters"
      ],
      "nativeSkips": 5
    },
    {
      "coverageFilter": "(?:^\\(Persistence=memory_lru_gc\\) Query to Pipeline (?:(?:supports multiple inequality on same field(?= |$)|supports multiple inequality on different fields(?= |$)|supports collectionGroup query(?= |$)|supports eq nan(?= |$)|supports neq nan(?= |$))))",
      "effectiveFilter": "(?:^\\(Persistence=memory_lru_gc\\) Query to Pipeline (?:(?:supports multiple inequality on same field(?= |$)|supports multiple inequality on different fields(?= |$)|supports collectionGroup query(?= |$)|supports eq nan(?= |$)|supports neq nan(?= |$))))",
      "exitCode": 1,
      "nativeSkipOnly": true,
      "partitionName": "query-to-pipeline:1:5@memory_lru_gc",
      "signal": null,
      "completedTests": 0,
      "failedTests": 0,
      "nativeSkipNames": [
        "supports collectionGroup query",
        "supports eq nan",
        "supports multiple inequality on different fields",
        "supports multiple inequality on same field",
        "supports neq nan"
      ],
      "nativeSkips": 5
    },
    {
      "coverageFilter": "(?:^\\(Persistence=memory_lru_gc\\) Query to Pipeline (?:(?:supports eq null(?= |$)|supports neq null(?= |$)|supports neq(?! (?:nan|null)(?: |$))(?= |$)|supports array contains(?! (?:any)(?: |$))(?= |$)|supports array contains any(?= |$))))",
      "effectiveFilter": "(?:^\\(Persistence=memory_lru_gc\\) Query to Pipeline (?:(?:supports eq null(?= |$)|supports neq null(?= |$)|supports neq(?! (?:nan|null)(?: |$))(?= |$)|supports array contains(?! (?:any)(?: |$))(?= |$)|supports array contains any(?= |$))))",
      "exitCode": 1,
      "nativeSkipOnly": true,
      "partitionName": "query-to-pipeline:1:6@memory_lru_gc",
      "signal": null,
      "completedTests": 0,
      "failedTests": 0,
      "nativeSkipNames": [
        "supports array contains",
        "supports array contains any",
        "supports eq null",
        "supports neq",
        "supports neq null"
      ],
      "nativeSkips": 5
    },
    {
      "coverageFilter": "(?:^\\(Persistence=memory_lru_gc\\) Query to Pipeline (?:(?:supports in(?! (?:with 1)(?: |$))(?= |$)|supports in with 1(?= |$)|supports not in(?! (?:with 1)(?: |$))(?= |$)|supports not in with 1(?= |$)|supports or operator(?= |$))))",
      "effectiveFilter": "(?:^\\(Persistence=memory_lru_gc\\) Query to Pipeline (?:(?:supports in(?! (?:with 1)(?: |$))(?= |$)|supports in with 1(?= |$)|supports not in(?! (?:with 1)(?: |$))(?= |$)|supports not in with 1(?= |$)|supports or operator(?= |$))))",
      "exitCode": 1,
      "nativeSkipOnly": true,
      "partitionName": "query-to-pipeline:1:7@memory_lru_gc",
      "signal": null,
      "completedTests": 0,
      "failedTests": 0,
      "nativeSkipNames": [
        "supports in",
        "supports in with 1",
        "supports not in",
        "supports not in with 1",
        "supports or operator"
      ],
      "nativeSkips": 5
    },
    {
      "coverageFilter": "(?:^\\(Persistence=memory_lru_gc\\) Query to Pipeline (?:(?:not-in removes existence filter(?= |$)|not-equal removes existence filter(?= |$)|inequality maintains existence filter(?= |$)|explicit order maintains existence filter(?= |$))))",
      "effectiveFilter": "(?:^\\(Persistence=memory_lru_gc\\) Query to Pipeline (?:(?:not-in removes existence filter(?= |$)|not-equal removes existence filter(?= |$)|inequality maintains existence filter(?= |$)|explicit order maintains existence filter(?= |$))))",
      "exitCode": 1,
      "nativeSkipOnly": true,
      "partitionName": "query-to-pipeline:1:8@memory_lru_gc",
      "signal": null,
      "completedTests": 0,
      "failedTests": 0,
      "nativeSkipNames": [
        "explicit order maintains existence filter",
        "inequality maintains existence filter",
        "not-equal removes existence filter",
        "not-in removes existence filter"
      ],
      "nativeSkips": 4
    },
    {
      "coverageFilter": "(?:^\\(Persistence=memory_lru_gc\\) Server Timestamps(?= |$))",
      "effectiveFilter": "(?:^\\(Persistence=memory_lru_gc\\) Server Timestamps(?= |$))",
      "exitCode": 0,
      "nativeSkipOnly": false,
      "partitionName": "server-timestamps:1:1@memory_lru_gc",
      "signal": null,
      "completedTests": 10,
      "failedTests": 0,
      "nativeSkipNames": [],
      "nativeSkips": 0
    },
    {
      "coverageFilter": "(?:^\\(Persistence=memory_lru_gc\\) Smoke Test(?= |$))",
      "effectiveFilter": "(?:^\\(Persistence=memory_lru_gc\\) Smoke Test(?= |$))",
      "exitCode": 0,
      "nativeSkipOnly": false,
      "partitionName": "smoke:1:1@memory_lru_gc",
      "signal": null,
      "completedTests": 6,
      "failedTests": 0,
      "nativeSkipNames": [
        "can query by field and use order by"
      ],
      "nativeSkips": 1
    },
    {
      "coverageFilter": "(?:^\\(Persistence=memory_lru_gc\\) Database transactions(?= |$))",
      "effectiveFilter": "(?:^\\(Persistence=memory_lru_gc\\) Database transactions(?= |$))",
      "exitCode": 0,
      "nativeSkipOnly": false,
      "partitionName": "transactions:1:1@memory_lru_gc",
      "signal": null,
      "completedTests": 25,
      "failedTests": 0,
      "nativeSkipNames": [],
      "nativeSkips": 0
    },
    {
      "coverageFilter": "(?:^\\(Persistence=memory_lru_gc\\) Firestore(?= |$))",
      "effectiveFilter": "(?:^\\(Persistence=memory_lru_gc\\) Firestore(?= |$))",
      "exitCode": 0,
      "nativeSkipOnly": false,
      "partitionName": "types:1:1@memory_lru_gc",
      "signal": null,
      "completedTests": 9,
      "failedTests": 0,
      "nativeSkipNames": [],
      "nativeSkips": 0
    },
    {
      "coverageFilter": "(?:^\\(Persistence=memory_lru_gc\\) Validation:(?= |$))",
      "effectiveFilter": "(?:^\\(Persistence=memory_lru_gc\\) Validation:(?= |$))",
      "exitCode": 0,
      "nativeSkipOnly": false,
      "partitionName": "validation:1:1@memory_lru_gc",
      "signal": null,
      "completedTests": 53,
      "failedTests": 0,
      "nativeSkipNames": [],
      "nativeSkips": 0
    }
  ],
  "projectId": "test-emulator",
  "schemaVersion": 1,
  "sdkBuildCommand": "yarn --cwd packages/firestore build:deps && yarn --cwd integration/firestore build:memory",
  "sdkConfigCommand": "cp config/ci.config.json config/project.json",
  "sourcePackage": "integration/firestore"
}
