npm notice run fireside-conformance@0.0.1 test:webchannel:firebase-js-sdk
npm notice run node --import tsx src/webchannel/run-firebase-js-sdk.ts --sdk-dir /private/tmp/fireside-phase2-oracles.EJXGdU/firebase-js-sdk --client-persistence persistence --output /Users/sanjevirau/Desktop/fireside/reports/phase-4-metrics/full-gate-20260902T0502+0800-b53f3796/evidence/phase3-regression/evidence/phase2-regression/evidence/.firebase-js-sdk-memory-persistence.json
yarn run v1.22.22
(node:70464) [DEP0169] DeprecationWarning: `url.parse()` behavior is not standardized and prone to errors that have security implications. Use the WHATWG URL API instead. CVEs are not issued for `url.parse()` vulnerabilities.
(Use `node --trace-deprecation ...` to show where the warning was created)
$ lerna run build --scope @firebase/firestore --include-dependencies
lerna notice cli v10.0.0
lerna info versioning independent
lerna notice filter including "@firebase/firestore"
lerna notice filter including dependencies
lerna info filter [ '@firebase/firestore' ]
lerna info run Using the "include-dependencies" option when Nx targets are configured will include both task dependencies detected by Nx and project dependencies detected by Lerna. See https://lerna.js.org/docs/lerna6-obsolete-options#--include-dependencies for details.

 Lerna (powered by Nx)   Running target build for 8 projects:

- @firebase/firestore
- @firebase/app
- @firebase/app-compat
- @firebase/auth
- @firebase/component
- @firebase/logger
- @firebase/util
- @firebase/webchannel-wrapper



> @firebase/logger:build

(node:70483) Warning: The 'NO_COLOR' env is ignored due to the 'FORCE_COLOR' env being set.
(Use `node --trace-warnings ...` to show where the warning was created)
(node:70490) Warning: The 'NO_COLOR' env is ignored due to the 'FORCE_COLOR' env being set.
(Use `node --trace-warnings ...` to show where the warning was created)
(node:70490) [DEP0169] DeprecationWarning: `url.parse()` behavior is not standardized and prone to errors that have security implications. Use the WHATWG URL API instead. CVEs are not issued for `url.parse()` vulnerabilities.
[2K[1G[2m$ rollup -c[22m

index.ts → dist/esm/index.esm.js...
(node:70492) [MODULE_TYPELESS_PACKAGE_JSON] Warning: Module type of file:///private/tmp/fireside-phase2-oracles.EJXGdU/firebase-js-sdk/packages/logger/rollup.config.js is not specified and it doesn't parse as CommonJS.
Reparsing as ES module because module syntax was detected. This incurs a performance overhead.
To eliminate this warning, add "type": "module" to /private/tmp/fireside-phase2-oracles.EJXGdU/firebase-js-sdk/packages/logger/package.json.
(Use `node --trace-warnings ...` to show where the warning was created)
(node:70492) [MODULE_TYPELESS_PACKAGE_JSON] Warning: Module type of file:///private/tmp/fireside-phase2-oracles.EJXGdU/firebase-js-sdk/scripts/build/rollup_emit_module_package_file.js is not specified and it doesn't parse as CommonJS.
Reparsing as ES module because module syntax was detected. This incurs a performance overhead.
To eliminate this warning, add "type": "module" to /private/tmp/fireside-phase2-oracles.EJXGdU/firebase-js-sdk/package.json.
(node:70492) Warning: The 'NO_COLOR' env is ignored due to the 'FORCE_COLOR' env being set.
created dist/esm/index.esm.js in 437ms

index.ts → dist/index.cjs.js...
created dist/index.cjs.js in 38ms

> @firebase/webchannel-wrapper:build

(node:70484) Warning: The 'NO_COLOR' env is ignored due to the 'FORCE_COLOR' env being set.
(Use `node --trace-warnings ...` to show where the warning was created)
(node:70489) Warning: The 'NO_COLOR' env is ignored due to the 'FORCE_COLOR' env being set.
(Use `node --trace-warnings ...` to show where the warning was created)
(node:70489) [DEP0169] DeprecationWarning: `url.parse()` behavior is not standardized and prone to errors that have security implications. Use the WHATWG URL API instead. CVEs are not issued for `url.parse()` vulnerabilities.
[2K[1G[2m$ rollup -c[22m

../../node_modules/closure-net/firebase/webchannel_blob_es2018.js → ./dist/webchannel-blob/esm/webchannel_blob_es2018.js...
(node:70493) [MODULE_TYPELESS_PACKAGE_JSON] Warning: Module type of file:///private/tmp/fireside-phase2-oracles.EJXGdU/firebase-js-sdk/packages/webchannel-wrapper/rollup.config.js is not specified and it doesn't parse as CommonJS.
Reparsing as ES module because module syntax was detected. This incurs a performance overhead.
To eliminate this warning, add "type": "module" to /private/tmp/fireside-phase2-oracles.EJXGdU/firebase-js-sdk/packages/webchannel-wrapper/package.json.
(Use `node --trace-warnings ...` to show where the warning was created)
(node:70493) [MODULE_TYPELESS_PACKAGE_JSON] Warning: Module type of file:///private/tmp/fireside-phase2-oracles.EJXGdU/firebase-js-sdk/scripts/build/rollup_emit_module_package_file.js is not specified and it doesn't parse as CommonJS.
Reparsing as ES module because module syntax was detected. This incurs a performance overhead.
To eliminate this warning, add "type": "module" to /private/tmp/fireside-phase2-oracles.EJXGdU/firebase-js-sdk/package.json.
(node:70493) Warning: The 'NO_COLOR' env is ignored due to the 'FORCE_COLOR' env being set.
created ./dist/webchannel-blob/esm/webchannel_blob_es2018.js in 468ms

../../node_modules/closure-net/firebase/bloom_blob_es2018.js → ./dist/bloom-blob/esm/bloom_blob_es2018.js...
created ./dist/bloom-blob/esm/bloom_blob_es2018.js in 53ms

> @firebase/util:build

(node:70482) Warning: The 'NO_COLOR' env is ignored due to the 'FORCE_COLOR' env being set.
(Use `node --trace-warnings ...` to show where the warning was created)
(node:70488) Warning: The 'NO_COLOR' env is ignored due to the 'FORCE_COLOR' env being set.
(Use `node --trace-warnings ...` to show where the warning was created)
(node:70488) [DEP0169] DeprecationWarning: `url.parse()` behavior is not standardized and prone to errors that have security implications. Use the WHATWG URL API instead. CVEs are not issued for `url.parse()` vulnerabilities.
[2K[1G[2m$ rollup -c && yarn api-report[22m

index.ts → dist/index.esm.js...
(node:70494) [MODULE_TYPELESS_PACKAGE_JSON] Warning: Module type of file:///private/tmp/fireside-phase2-oracles.EJXGdU/firebase-js-sdk/packages/util/rollup.config.js is not specified and it doesn't parse as CommonJS.
Reparsing as ES module because module syntax was detected. This incurs a performance overhead.
To eliminate this warning, add "type": "module" to /private/tmp/fireside-phase2-oracles.EJXGdU/firebase-js-sdk/packages/util/package.json.
(Use `node --trace-warnings ...` to show where the warning was created)
(node:70494) [MODULE_TYPELESS_PACKAGE_JSON] Warning: Module type of file:///private/tmp/fireside-phase2-oracles.EJXGdU/firebase-js-sdk/scripts/build/rollup_emit_module_package_file.js is not specified and it doesn't parse as CommonJS.
Reparsing as ES module because module syntax was detected. This incurs a performance overhead.
To eliminate this warning, add "type": "module" to /private/tmp/fireside-phase2-oracles.EJXGdU/firebase-js-sdk/package.json.
(node:70494) Warning: The 'NO_COLOR' env is ignored due to the 'FORCE_COLOR' env being set.
created dist/index.esm.js in 639ms

index.ts → ./dist/index.cjs.js...
created ./dist/index.cjs.js in 118ms

index.node.ts → dist/index.node.cjs.js...
created dist/index.node.cjs.js in 96ms

index.node.ts → ./dist/node-esm/index.node.esm.js...
created ./dist/node-esm/index.node.esm.js in 84ms

./src/postinstall.ts → ./dist/postinstall.js...
created ./dist/postinstall.js in 32ms

./src/postinstall.ts → ./dist/postinstall.mjs...
created ./dist/postinstall.mjs in 35ms
(node:70505) Warning: The 'NO_COLOR' env is ignored due to the 'FORCE_COLOR' env being set.
(Use `node --trace-warnings ...` to show where the warning was created)
(node:70505) [DEP0169] DeprecationWarning: `url.parse()` behavior is not standardized and prone to errors that have security implications. Use the WHATWG URL API instead. CVEs are not issued for `url.parse()` vulnerabilities.
[2K[1G[2m$ api-extractor run --local --verbose[22m

[1mapi-extractor 0.1.2 [36m - https://api-extractor.com/[39m[22m
[1m[22m
Using configuration from ./api-extractor.json
Analysis will use the bundled TypeScript version 4.1.6
*** The target project appears to use TypeScript 5.5.4 which is newer than the bundled compiler engine; consider upgrading API Extractor.
[36mWriting: /private/tmp/fireside-phase2-oracles.EJXGdU/firebase-js-sdk/packages/util/temp/util.api.json[39m
[36mThe API report is up to date: temp/util.api.md[39m
[36mWriting package typings: /private/tmp/fireside-phase2-oracles.EJXGdU/firebase-js-sdk/packages/util/dist/util-public.d.ts[39m
[36mWriting package typings: /private/tmp/fireside-phase2-oracles.EJXGdU/firebase-js-sdk/packages/util/dist/util.d.ts[39m

API Extractor completed successfully
(node:70506) Warning: The 'NO_COLOR' env is ignored due to the 'FORCE_COLOR' env being set.
(Use `node --trace-warnings ...` to show where the warning was created)

> @firebase/component:build

(node:70508) Warning: The 'NO_COLOR' env is ignored due to the 'FORCE_COLOR' env being set.
(Use `node --trace-warnings ...` to show where the warning was created)
(node:70510) Warning: The 'NO_COLOR' env is ignored due to the 'FORCE_COLOR' env being set.
(Use `node --trace-warnings ...` to show where the warning was created)
(node:70510) [DEP0169] DeprecationWarning: `url.parse()` behavior is not standardized and prone to errors that have security implications. Use the WHATWG URL API instead. CVEs are not issued for `url.parse()` vulnerabilities.
[2K[1G[2m$ rollup -c[22m

index.ts → dist/esm/index.esm.js...
(node:70511) [MODULE_TYPELESS_PACKAGE_JSON] Warning: Module type of file:///private/tmp/fireside-phase2-oracles.EJXGdU/firebase-js-sdk/packages/component/rollup.config.js is not specified and it doesn't parse as CommonJS.
Reparsing as ES module because module syntax was detected. This incurs a performance overhead.
To eliminate this warning, add "type": "module" to /private/tmp/fireside-phase2-oracles.EJXGdU/firebase-js-sdk/packages/component/package.json.
(Use `node --trace-warnings ...` to show where the warning was created)
(node:70511) [MODULE_TYPELESS_PACKAGE_JSON] Warning: Module type of file:///private/tmp/fireside-phase2-oracles.EJXGdU/firebase-js-sdk/scripts/build/rollup_emit_module_package_file.js is not specified and it doesn't parse as CommonJS.
Reparsing as ES module because module syntax was detected. This incurs a performance overhead.
To eliminate this warning, add "type": "module" to /private/tmp/fireside-phase2-oracles.EJXGdU/firebase-js-sdk/package.json.
(node:70511) Warning: The 'NO_COLOR' env is ignored due to the 'FORCE_COLOR' env being set.
created dist/esm/index.esm.js in 411ms

index.ts → dist/index.cjs.js...
created dist/index.cjs.js in 49ms

> @firebase/app:build

(node:70518) Warning: The 'NO_COLOR' env is ignored due to the 'FORCE_COLOR' env being set.
(Use `node --trace-warnings ...` to show where the warning was created)
(node:70521) Warning: The 'NO_COLOR' env is ignored due to the 'FORCE_COLOR' env being set.
(Use `node --trace-warnings ...` to show where the warning was created)
(node:70521) [DEP0169] DeprecationWarning: `url.parse()` behavior is not standardized and prone to errors that have security implications. Use the WHATWG URL API instead. CVEs are not issued for `url.parse()` vulnerabilities.
[2K[1G[2m$ rollup -c && yarn api-report[22m

src/index.ts → dist/esm/index.esm.js...
(node:70523) [MODULE_TYPELESS_PACKAGE_JSON] Warning: Module type of file:///private/tmp/fireside-phase2-oracles.EJXGdU/firebase-js-sdk/packages/app/rollup.config.js is not specified and it doesn't parse as CommonJS.
Reparsing as ES module because module syntax was detected. This incurs a performance overhead.
To eliminate this warning, add "type": "module" to /private/tmp/fireside-phase2-oracles.EJXGdU/firebase-js-sdk/packages/app/package.json.
(Use `node --trace-warnings ...` to show where the warning was created)
(node:70523) [MODULE_TYPELESS_PACKAGE_JSON] Warning: Module type of file:///private/tmp/fireside-phase2-oracles.EJXGdU/firebase-js-sdk/scripts/build/rollup_replace_build_target.js is not specified and it doesn't parse as CommonJS.
Reparsing as ES module because module syntax was detected. This incurs a performance overhead.
To eliminate this warning, add "type": "module" to /private/tmp/fireside-phase2-oracles.EJXGdU/firebase-js-sdk/package.json.
(node:70523) Warning: The 'NO_COLOR' env is ignored due to the 'FORCE_COLOR' env being set.
(!) Circular dependency
src/api.ts -> src/firebaseServerApp.ts -> src/api.ts
created dist/esm/index.esm.js in 503ms

src/index.ts → dist/index.cjs.js...
(!) Circular dependency
src/api.ts -> src/firebaseServerApp.ts -> src/api.ts
created dist/index.cjs.js in 97ms

./dist/app/src/index.d.ts → ./dist/app/src/global_index.d.ts...
created ./dist/app/src/global_index.d.ts in 32ms
(node:70526) Warning: The 'NO_COLOR' env is ignored due to the 'FORCE_COLOR' env being set.
(Use `node --trace-warnings ...` to show where the warning was created)
(node:70526) [DEP0169] DeprecationWarning: `url.parse()` behavior is not standardized and prone to errors that have security implications. Use the WHATWG URL API instead. CVEs are not issued for `url.parse()` vulnerabilities.
[2K[1G[2m$ api-extractor run --local --verbose[22m

[1mapi-extractor 0.1.2 [36m - https://api-extractor.com/[39m[22m
[1m[22m
Using configuration from ./api-extractor.json
Analysis will use the bundled TypeScript version 4.1.6
*** The target project appears to use TypeScript 5.5.4 which is newer than the bundled compiler engine; consider upgrading API Extractor.
[36mFound metadata in /private/tmp/fireside-phase2-oracles.EJXGdU/firebase-js-sdk/packages/util/dist/tsdoc-metadata.json[39m
[36mWriting: /private/tmp/fireside-phase2-oracles.EJXGdU/firebase-js-sdk/packages/app/temp/app.api.json[39m
[36mThe API report is up to date: temp/app.api.md[39m
[36mWriting package typings: /private/tmp/fireside-phase2-oracles.EJXGdU/firebase-js-sdk/packages/app/dist/app-public.d.ts[39m
[36mWriting package typings: /private/tmp/fireside-phase2-oracles.EJXGdU/firebase-js-sdk/packages/app/dist/app.d.ts[39m

API Extractor completed successfully
(node:70528) Warning: The 'NO_COLOR' env is ignored due to the 'FORCE_COLOR' env being set.
(Use `node --trace-warnings ...` to show where the warning was created)

> @firebase/app-compat:build

(node:70535) Warning: The 'NO_COLOR' env is ignored due to the 'FORCE_COLOR' env being set.
(Use `node --trace-warnings ...` to show where the warning was created)
(node:70539) Warning: The 'NO_COLOR' env is ignored due to the 'FORCE_COLOR' env being set.
(Use `node --trace-warnings ...` to show where the warning was created)
(node:70539) [DEP0169] DeprecationWarning: `url.parse()` behavior is not standardized and prone to errors that have security implications. Use the WHATWG URL API instead. CVEs are not issued for `url.parse()` vulnerabilities.
[2K[1G[2m$ rollup -c && yarn api-report[22m

src/index.ts → dist/esm/index.esm.js...
(node:70543) [MODULE_TYPELESS_PACKAGE_JSON] Warning: Module type of file:///private/tmp/fireside-phase2-oracles.EJXGdU/firebase-js-sdk/packages/app-compat/rollup.config.js is not specified and it doesn't parse as CommonJS.
Reparsing as ES module because module syntax was detected. This incurs a performance overhead.
To eliminate this warning, add "type": "module" to /private/tmp/fireside-phase2-oracles.EJXGdU/firebase-js-sdk/packages/app-compat/package.json.
(Use `node --trace-warnings ...` to show where the warning was created)
(node:70543) [MODULE_TYPELESS_PACKAGE_JSON] Warning: Module type of file:///private/tmp/fireside-phase2-oracles.EJXGdU/firebase-js-sdk/scripts/build/rollup_emit_module_package_file.js is not specified and it doesn't parse as CommonJS.
Reparsing as ES module because module syntax was detected. This incurs a performance overhead.
To eliminate this warning, add "type": "module" to /private/tmp/fireside-phase2-oracles.EJXGdU/firebase-js-sdk/package.json.
(node:70543) Warning: The 'NO_COLOR' env is ignored due to the 'FORCE_COLOR' env being set.
created dist/esm/index.esm.js in 482ms

src/index.lite.ts → dist/index.lite.js...
created dist/index.lite.js in 61ms

src/index.ts → dist/index.cjs.js...
created dist/index.cjs.js in 52ms
(node:70548) Warning: The 'NO_COLOR' env is ignored due to the 'FORCE_COLOR' env being set.
(Use `node --trace-warnings ...` to show where the warning was created)
(node:70548) [DEP0169] DeprecationWarning: `url.parse()` behavior is not standardized and prone to errors that have security implications. Use the WHATWG URL API instead. CVEs are not issued for `url.parse()` vulnerabilities.
[2K[1G[2m$ api-extractor run --local --verbose[22m

[1mapi-extractor 0.1.2 [36m - https://api-extractor.com/[39m[22m
[1m[22m
Using configuration from ./api-extractor.json
Analysis will use the bundled TypeScript version 4.1.6
*** The target project appears to use TypeScript 5.5.4 which is newer than the bundled compiler engine; consider upgrading API Extractor.
[36mFound metadata in /private/tmp/fireside-phase2-oracles.EJXGdU/firebase-js-sdk/packages/util/dist/tsdoc-metadata.json[39m
[36mWriting: /private/tmp/fireside-phase2-oracles.EJXGdU/firebase-js-sdk/packages/app-compat/temp/app-compat.api.json[39m
[36mWriting package typings: /private/tmp/fireside-phase2-oracles.EJXGdU/firebase-js-sdk/packages/app-compat/dist/app-compat-public.d.ts[39m
[36mWriting package typings: /private/tmp/fireside-phase2-oracles.EJXGdU/firebase-js-sdk/packages/app-compat/dist/app-compat.d.ts[39m
[33mWarning: dist/src/index.d.ts:23:15 - (ae-missing-release-tag) "firebase" is exported by the package, but it is missing a release tag (@alpha, @beta, @public, or @internal)[39m
[33mWarning: dist/src/public-types.d.ts:46:1 - (ae-forgotten-export) The symbol "_FirebaseApp" needs to be exported by the entry point index.d.ts[39m
[33mWarning: dist/src/public-types.d.ts:46:1 - (ae-missing-release-tag) "FirebaseApp" is exported by the package, but it is missing a release tag (@alpha, @beta, @public, or @internal)[39m
[33mWarning: dist/src/public-types.d.ts:48:1 - (ae-missing-release-tag) "FirebaseNamespace" is exported by the package, but it is missing a release tag (@alpha, @beta, @public, or @internal)[39m
[33mWarning: dist/src/public-types.d.ts:52:8 - (tsdoc-param-tag-missing-hyphen) The @param block should be followed by a parameter name and then a hyphen[39m
[33mWarning: dist/src/public-types.d.ts:53:8 - (tsdoc-param-tag-missing-hyphen) The @param block should be followed by a parameter name and then a hyphen[39m
[33mWarning: dist/src/public-types.d.ts:55:5 - (ae-forgotten-export) The symbol "FirebaseOptions" needs to be exported by the entry point index.d.ts[39m
[33mWarning: dist/src/public-types.d.ts:55:5 - (ae-forgotten-export) The symbol "FirebaseAppConfig" needs to be exported by the entry point index.d.ts[39m
[33mWarning: dist/src/public-types.d.ts:59:8 - (tsdoc-param-tag-missing-hyphen) The @param block should be followed by a parameter name and then a hyphen[39m
[33mWarning: dist/src/public-types.d.ts:60:8 - (tsdoc-param-tag-missing-hyphen) The @param block should be followed by a parameter name and then a hyphen[39m
[33mWarning: dist/src/public-types.d.ts:70:12 - (tsdoc-param-tag-missing-hyphen) The @param block should be followed by a parameter name and then a hyphen[39m
[33mWarning: dist/src/public-types.d.ts:79:9 - (ae-forgotten-export) The symbol "FirebaseAppConstructor" needs to be exported by the entry point index.d.ts[39m
[33mWarning: dist/src/public-types.d.ts:87:8 - (tsdoc-param-tag-missing-hyphen) The @param block should be followed by a parameter name and then a hyphen[39m
[33mWarning: dist/src/public-types.d.ts:88:8 - (tsdoc-param-tag-missing-hyphen) The @param block should be followed by a parameter name and then a hyphen[39m
[33mWarning: dist/src/types.d.ts:31:1 - (ae-missing-release-tag) "_FirebaseService" is exported by the package, but it is missing a release tag (@alpha, @beta, @public, or @internal)[39m
[33mWarning: dist/src/types.d.ts:33:5 - (ae-forgotten-export) The symbol "FirebaseServiceInternals" needs to be exported by the entry point index.d.ts[39m
[33mWarning: dist/src/types.d.ts:47:1 - (ae-missing-release-tag) "_FirebaseNamespace" is exported by the package, but it is missing a release tag (@alpha, @beta, @public, or @internal)[39m
[33mWarning: dist/src/types.d.ts:56:12 - (tsdoc-param-tag-missing-hyphen) The @param block should be followed by a parameter name and then a hyphen[39m
[33mWarning: dist/src/types.d.ts:57:12 - (tsdoc-param-tag-missing-hyphen) The @param block should be followed by a parameter name and then a hyphen[39m
[33mWarning: dist/src/types.d.ts:58:12 - (tsdoc-param-tag-missing-hyphen) The @param block should be followed by a parameter name and then a hyphen[39m
[33mWarning: dist/src/types.d.ts:59:12 - (tsdoc-param-tag-missing-hyphen) The @param block should be followed by a parameter name and then a hyphen[39m
[33mWarning: dist/src/types.d.ts:60:12 - (tsdoc-param-tag-missing-hyphen) The @param block should be followed by a parameter name and then a hyphen[39m
[33mWarning: dist/src/types.d.ts:63:9 - (ae-forgotten-export) The symbol "FirebaseServiceNamespace" needs to be exported by the entry point index.d.ts[39m
[33mWarning: /private/tmp/fireside-phase2-oracles.EJXGdU/firebase-js-sdk/packages/util/dist/src/compat.d.ts:2:4 - (tsdoc-undefined-tag) The TSDoc tag "@license" is not defined in this configuration[39m

API Extractor completed successfully
(node:70555) Warning: The 'NO_COLOR' env is ignored due to the 'FORCE_COLOR' env being set.
(Use `node --trace-warnings ...` to show where the warning was created)

> @firebase/auth:build

(node:70536) Warning: The 'NO_COLOR' env is ignored due to the 'FORCE_COLOR' env being set.
(Use `node --trace-warnings ...` to show where the warning was created)
(node:70540) Warning: The 'NO_COLOR' env is ignored due to the 'FORCE_COLOR' env being set.
(Use `node --trace-warnings ...` to show where the warning was created)
(node:70540) [DEP0169] DeprecationWarning: `url.parse()` behavior is not standardized and prone to errors that have security implications. Use the WHATWG URL API instead. CVEs are not issued for `url.parse()` vulnerabilities.
[2K[1G[2m$ rollup -c && yarn api-report[22m

index.ts, internal/index.ts → dist/esm...
(node:70544) [MODULE_TYPELESS_PACKAGE_JSON] Warning: Module type of file:///private/tmp/fireside-phase2-oracles.EJXGdU/firebase-js-sdk/packages/auth/rollup.config.js is not specified and it doesn't parse as CommonJS.
Reparsing as ES module because module syntax was detected. This incurs a performance overhead.
To eliminate this warning, add "type": "module" to /private/tmp/fireside-phase2-oracles.EJXGdU/firebase-js-sdk/packages/auth/package.json.
(Use `node --trace-warnings ...` to show where the warning was created)
(node:70544) [MODULE_TYPELESS_PACKAGE_JSON] Warning: Module type of file:///private/tmp/fireside-phase2-oracles.EJXGdU/firebase-js-sdk/scripts/build/rollup_replace_build_target.js is not specified and it doesn't parse as CommonJS.
Reparsing as ES module because module syntax was detected. This incurs a performance overhead.
To eliminate this warning, add "type": "module" to /private/tmp/fireside-phase2-oracles.EJXGdU/firebase-js-sdk/package.json.
(node:70544) Warning: The 'NO_COLOR' env is ignored due to the 'FORCE_COLOR' env being set.
created dist/esm in 1.2s

index.ts, internal/index.ts → dist/browser-cjs...
created dist/browser-cjs in 465ms

index.web-extension.ts, internal/index.ts → dist/web-extension-esm...
created dist/web-extension-esm in 485ms

index.web-extension.ts, internal/index.ts → dist/web-extension-cjs...
created dist/web-extension-cjs in 363ms

index.node.ts, internal/index.ts → dist/node...
created dist/node in 348ms

index.node.ts, internal/index.ts → dist/node-esm...
created dist/node-esm in 343ms

index.cordova.ts, internal/index.ts → dist/cordova...
created dist/cordova in 389ms

index.rn.ts, internal/index.ts → dist/rn...
created dist/rn in 353ms

index.webworker.ts → dist/index.webworker.js...
created dist/index.webworker.js in 1s
(node:70587) Warning: The 'NO_COLOR' env is ignored due to the 'FORCE_COLOR' env being set.
(Use `node --trace-warnings ...` to show where the warning was created)
(node:70587) [DEP0169] DeprecationWarning: `url.parse()` behavior is not standardized and prone to errors that have security implications. Use the WHATWG URL API instead. CVEs are not issued for `url.parse()` vulnerabilities.
[2K[1G[2m$ api-extractor run --local --verbose --config ./api-extractor.json && api-extractor run --local --verbose --config ./web-extension/api-extractor.json && api-extractor run --local --verbose --config ./cordova/api-extractor.json[22m

[1mapi-extractor 0.1.2 [36m - https://api-extractor.com/[39m[22m
[1m[22m
Analysis will use the bundled TypeScript version 4.1.6
*** The target project appears to use TypeScript 5.5.4 which is newer than the bundled compiler engine; consider upgrading API Extractor.
[36mFound metadata in /private/tmp/fireside-phase2-oracles.EJXGdU/firebase-js-sdk/packages/util/dist/tsdoc-metadata.json[39m
[36mFound metadata in /private/tmp/fireside-phase2-oracles.EJXGdU/firebase-js-sdk/packages/app/dist/app/src/tsdoc-metadata.json[39m
[36mWriting: /private/tmp/fireside-phase2-oracles.EJXGdU/firebase-js-sdk/packages/auth/temp/auth.api.json[39m
[36mThe API report is up to date: temp/auth.api.md[39m
[36mWriting package typings: /private/tmp/fireside-phase2-oracles.EJXGdU/firebase-js-sdk/packages/auth/dist/auth-public.d.ts[39m
[36mWriting package typings: /private/tmp/fireside-phase2-oracles.EJXGdU/firebase-js-sdk/packages/auth/dist/auth.d.ts[39m
[33mWarning: dist/esm/src/core/index.d.ts:90:4 - (tsdoc-param-tag-missing-hyphen) The @param block should be followed by a parameter name and then a hyphen[39m
[33mWarning: dist/esm/src/core/index.d.ts:91:4 - (tsdoc-param-tag-missing-hyphen) The @param block should be followed by a parameter name and then a hyphen[39m
[33mWarning: dist/esm/src/core/index.d.ts:123:1 - (ae-missing-release-tag) "beforeAuthStateChanged" is exported by the package, but it is missing a release tag (@alpha, @beta, @public, or @internal)[39m
[33mWarning: dist/esm/src/mfa/assertions/totp.d.ts:33:8 - (tsdoc-param-tag-missing-hyphen) The @param block should be followed by a parameter name and then a hyphen[39m
[33mWarning: dist/esm/src/mfa/assertions/totp.d.ts:34:8 - (tsdoc-param-tag-missing-hyphen) The @param block should be followed by a parameter name and then a hyphen[39m
[33mWarning: dist/esm/src/mfa/assertions/totp.d.ts:43:8 - (tsdoc-param-tag-missing-hyphen) The @param block should be followed by a parameter name and then a hyphen[39m
[33mWarning: dist/esm/src/mfa/assertions/totp.d.ts:44:8 - (tsdoc-param-tag-missing-hyphen) The @param block should be followed by a parameter name and then a hyphen[39m
[33mWarning: dist/esm/src/mfa/assertions/totp.d.ts:55:8 - (tsdoc-param-tag-missing-hyphen) The @param block should be followed by a parameter name and then a hyphen[39m
[33mWarning: dist/esm/src/mfa/assertions/totp.d.ts:119:8 - (tsdoc-param-tag-missing-hyphen) The @param block should be followed by a parameter name and then a hyphen[39m
[33mWarning: dist/esm/src/mfa/assertions/totp.d.ts:120:8 - (tsdoc-param-tag-missing-hyphen) The @param block should be followed by a parameter name and then a hyphen[39m
[33mWarning: dist/esm/src/model/password_policy.d.ts:36:8 - (tsdoc-param-tag-missing-hyphen) The @param block should be followed by a parameter name and then a hyphen[39m
[33mWarning: dist/esm/src/model/public_types.d.ts:1172:1 - (ae-unresolved-link) The @link reference could not be resolved: The package "@firebase/auth" does not have an export "cordovaPopupRedirectResolver"[39m
[33mWarning: dist/esm/src/model/public_types.d.ts:1189:5 - (ae-unresolved-link) The @link reference could not be resolved: The package "@firebase/auth" does not have an export "cordovaPopupRedirectResolver"[39m
[33mWarning: /private/tmp/fireside-phase2-oracles.EJXGdU/firebase-js-sdk/packages/util/dist/src/subscribe.d.ts:2:4 - (tsdoc-undefined-tag) The TSDoc tag "@license" is not defined in this configuration[39m

API Extractor completed successfully
(node:70594) Warning: The 'NO_COLOR' env is ignored due to the 'FORCE_COLOR' env being set.
(Use `node --trace-warnings ...` to show where the warning was created)

[1mapi-extractor 0.1.2 [36m - https://api-extractor.com/[39m[22m
[1m[22m
Analysis will use the bundled TypeScript version 4.1.6
*** The target project appears to use TypeScript 5.5.4 which is newer than the bundled compiler engine; consider upgrading API Extractor.
[36mFound metadata in /private/tmp/fireside-phase2-oracles.EJXGdU/firebase-js-sdk/packages/util/dist/tsdoc-metadata.json[39m
[36mFound metadata in /private/tmp/fireside-phase2-oracles.EJXGdU/firebase-js-sdk/packages/app/dist/app/src/tsdoc-metadata.json[39m
[36mWriting: /private/tmp/fireside-phase2-oracles.EJXGdU/firebase-js-sdk/packages/auth/temp/subpackages/auth-web-extension.api.json[39m
[36mWriting package typings: /private/tmp/fireside-phase2-oracles.EJXGdU/firebase-js-sdk/packages/auth/dist/web-extension-esm/auth-web-extension-public.d.ts[39m
[36mWriting package typings: /private/tmp/fireside-phase2-oracles.EJXGdU/firebase-js-sdk/packages/auth/dist/web-extension-esm/auth-web-extension.d.ts[39m
[33mWarning: /private/tmp/fireside-phase2-oracles.EJXGdU/firebase-js-sdk/packages/auth/dist/web-extension-esm/src/core/action_code_url.d.ts:44:5 - (ae-unresolved-link) The @link reference could not be resolved: The package "@firebase/auth-web-extension" does not have an export "ActionCodeInfo"[39m
[33mWarning: /private/tmp/fireside-phase2-oracles.EJXGdU/firebase-js-sdk/packages/auth/dist/web-extension-esm/src/core/auth/emulator.d.ts:40:1 - (ae-unresolved-link) The @link reference could not be resolved: The package "@firebase/auth-web-extension" does not have an export "Auth"[39m
[33mWarning: /private/tmp/fireside-phase2-oracles.EJXGdU/firebase-js-sdk/packages/auth/dist/web-extension-esm/src/core/auth/emulator.d.ts:40:1 - (ae-unresolved-link) The @link reference could not be resolved: The package "@firebase/auth-web-extension" does not have an export "Auth"[39m
[33mWarning: /private/tmp/fireside-phase2-oracles.EJXGdU/firebase-js-sdk/packages/auth/dist/web-extension-esm/src/core/auth/initialize.d.ts:45:1 - (ae-forgotten-export) The symbol "Dependencies" needs to be exported by the entry point index.web-extension.d.ts[39m
[33mWarning: /private/tmp/fireside-phase2-oracles.EJXGdU/firebase-js-sdk/packages/auth/dist/web-extension-esm/src/core/auth/initialize.d.ts:45:1 - (ae-unresolved-link) The @link reference could not be resolved: The package "@firebase/auth-web-extension" does not have an export "Auth"[39m
[33mWarning: /private/tmp/fireside-phase2-oracles.EJXGdU/firebase-js-sdk/packages/auth/dist/web-extension-esm/src/core/auth/initialize.d.ts:45:1 - (ae-unresolved-link) The @link reference could not be resolved: The package "@firebase/auth-web-extension" does not have an export "Dependencies"[39m
[33mWarning: /private/tmp/fireside-phase2-oracles.EJXGdU/firebase-js-sdk/packages/auth/dist/web-extension-esm/src/core/auth/initialize.d.ts:45:1 - (ae-unresolved-link) The @link reference could not be resolved: The package "@firebase/auth-web-extension" does not have an export "Auth"[39m
[33mWarning: /private/tmp/fireside-phase2-oracles.EJXGdU/firebase-js-sdk/packages/auth/dist/web-extension-esm/src/core/auth/initialize.d.ts:45:1 - (ae-unresolved-link) The @link reference could not be resolved: The package "@firebase/auth-web-extension" does not have an export "Dependencies"[39m
[33mWarning: /private/tmp/fireside-phase2-oracles.EJXGdU/firebase-js-sdk/packages/auth/dist/web-extension-esm/src/core/credentials/auth_credential.d.ts:28:1 - (ae-unresolved-link) The @link reference could not be resolved: The package "@firebase/auth-web-extension" does not have an export "AuthProvider"[39m
[33mWarning: /private/tmp/fireside-phase2-oracles.EJXGdU/firebase-js-sdk/packages/auth/dist/web-extension-esm/src/core/credentials/auth_credential.d.ts:44:5 - (ae-unresolved-link) The @link reference could not be resolved: The package "@firebase/auth-web-extension" does not have an export "SignInMethod"[39m
[33mWarning: /private/tmp/fireside-phase2-oracles.EJXGdU/firebase-js-sdk/packages/auth/dist/web-extension-esm/src/core/credentials/auth_credential.d.ts:44:5 - (ae-unresolved-link) The @link reference could not be resolved: The package "@firebase/auth-web-extension" does not have an export "SignInMethod"[39m
[33mWarning: /private/tmp/fireside-phase2-oracles.EJXGdU/firebase-js-sdk/packages/auth/dist/web-extension-esm/src/core/credentials/auth_credential.d.ts:70:5 - (ae-forgotten-export) The symbol "AuthInternal" needs to be exported by the entry point index.web-extension.d.ts[39m
[33mWarning: /private/tmp/fireside-phase2-oracles.EJXGdU/firebase-js-sdk/packages/auth/dist/web-extension-esm/src/core/credentials/auth_credential.d.ts:70:5 - (ae-forgotten-export) The symbol "PhoneOrOauthTokenResponse" needs to be exported by the entry point index.web-extension.d.ts[39m
[33mWarning: /private/tmp/fireside-phase2-oracles.EJXGdU/firebase-js-sdk/packages/auth/dist/web-extension-esm/src/core/credentials/auth_credential.d.ts:72:5 - (ae-forgotten-export) The symbol "IdTokenResponse" needs to be exported by the entry point index.web-extension.d.ts[39m
[33mWarning: /private/tmp/fireside-phase2-oracles.EJXGdU/firebase-js-sdk/packages/auth/dist/web-extension-esm/src/core/credentials/email.d.ts:30:1 - (ae-unresolved-link) The @link reference could not be resolved: The package "@firebase/auth-web-extension" does not have an export "ProviderId"[39m
[33mWarning: /private/tmp/fireside-phase2-oracles.EJXGdU/firebase-js-sdk/packages/auth/dist/web-extension-esm/src/core/credentials/email.d.ts:30:1 - (ae-unresolved-link) The @link reference could not be resolved: The package "@firebase/auth-web-extension" does not have an export "SignInMethod"[39m
[33mWarning: /private/tmp/fireside-phase2-oracles.EJXGdU/firebase-js-sdk/packages/auth/dist/web-extension-esm/src/core/credentials/email.d.ts:30:1 - (ae-unresolved-link) The @link reference could not be resolved: The package "@firebase/auth-web-extension" does not have an export "SignInMethod"[39m
[33mWarning: /private/tmp/fireside-phase2-oracles.EJXGdU/firebase-js-sdk/packages/auth/dist/web-extension-esm/src/core/credentials/oauth.d.ts:61:5 - (ae-forgotten-export) The symbol "OAuthCredentialParams" needs to be exported by the entry point index.web-extension.d.ts[39m
[33mWarning: /private/tmp/fireside-phase2-oracles.EJXGdU/firebase-js-sdk/packages/auth/dist/web-extension-esm/src/core/credentials/phone.d.ts:33:1 - (ae-unresolved-link) The @link reference could not be resolved: The package "@firebase/auth-web-extension" does not have an export "PhoneAuthProvider"[39m
[33mWarning: /private/tmp/fireside-phase2-oracles.EJXGdU/firebase-js-sdk/packages/auth/dist/web-extension-esm/src/core/credentials/phone.d.ts:47:5 - (ae-forgotten-export) The symbol "SignInWithPhoneNumberRequest" needs to be exported by the entry point index.web-extension.d.ts[39m
[33mWarning: /private/tmp/fireside-phase2-oracles.EJXGdU/firebase-js-sdk/packages/auth/dist/web-extension-esm/src/core/errors.d.ts:147:22 - (ae-forgotten-export) The symbol "AuthErrorMap" needs to be exported by the entry point index.web-extension.d.ts[39m
[33mWarning: /private/tmp/fireside-phase2-oracles.EJXGdU/firebase-js-sdk/packages/auth/dist/web-extension-esm/src/core/errors.d.ts:147:22 - (ae-unresolved-link) The @link reference could not be resolved: The package "@firebase/auth-web-extension" does not have an export "AuthErrorMap"[39m
[33mWarning: /private/tmp/fireside-phase2-oracles.EJXGdU/firebase-js-sdk/packages/auth/dist/web-extension-esm/src/core/errors.d.ts:155:22 - (ae-unresolved-link) The @link reference could not be resolved: The package "@firebase/auth-web-extension" does not have an export "AuthErrorMap"[39m
[33mWarning: /private/tmp/fireside-phase2-oracles.EJXGdU/firebase-js-sdk/packages/auth/dist/web-extension-esm/src/core/index.d.ts:43:1 - (ae-unresolved-link) The @link reference could not be resolved: The package "@firebase/auth-web-extension" does not have an export "Auth"[39m
[33mWarning: /private/tmp/fireside-phase2-oracles.EJXGdU/firebase-js-sdk/packages/auth/dist/web-extension-esm/src/core/index.d.ts:43:1 - (ae-unresolved-link) The @link reference could not be resolved: The package "@firebase/auth-web-extension" does not have an export "Auth"[39m
[33mWarning: /private/tmp/fireside-phase2-oracles.EJXGdU/firebase-js-sdk/packages/auth/dist/web-extension-esm/src/core/index.d.ts:43:1 - (ae-unresolved-link) The @link reference could not be resolved: The package "@firebase/auth-web-extension" does not have an export "Auth"[39m
[33mWarning: /private/tmp/fireside-phase2-oracles.EJXGdU/firebase-js-sdk/packages/auth/dist/web-extension-esm/src/core/index.d.ts:43:1 - (ae-unresolved-link) The @link reference could not be resolved: The package "@firebase/auth-web-extension" does not have an export "Persistence"[39m
[33mWarning: /private/tmp/fireside-phase2-oracles.EJXGdU/firebase-js-sdk/packages/auth/dist/web-extension-esm/src/core/index.d.ts:71:1 - (ae-unresolved-link) The @link reference could not be resolved: The package "@firebase/auth-web-extension" does not have an export "Auth"[39m
[33mWarning: /private/tmp/fireside-phase2-oracles.EJXGdU/firebase-js-sdk/packages/auth/dist/web-extension-esm/src/core/index.d.ts:90:4 - (tsdoc-param-tag-missing-hyphen) The @param block should be followed by a parameter name and then a hyphen[39m
[33mWarning: /private/tmp/fireside-phase2-oracles.EJXGdU/firebase-js-sdk/packages/auth/dist/web-extension-esm/src/core/index.d.ts:91:4 - (tsdoc-param-tag-missing-hyphen) The @param block should be followed by a parameter name and then a hyphen[39m
[33mWarning: /private/tmp/fireside-phase2-oracles.EJXGdU/firebase-js-sdk/packages/auth/dist/web-extension-esm/src/core/index.d.ts:95:1 - (ae-forgotten-export) The symbol "PasswordValidationStatus" needs to be exported by the entry point index.web-extension.d.ts[39m
[33mWarning: /private/tmp/fireside-phase2-oracles.EJXGdU/firebase-js-sdk/packages/auth/dist/web-extension-esm/src/core/index.d.ts:95:1 - (ae-unresolved-link) The @link reference could not be resolved: The package "@firebase/auth-web-extension" does not have an export "Auth"[39m
[33mWarning: /private/tmp/fireside-phase2-oracles.EJXGdU/firebase-js-sdk/packages/auth/dist/web-extension-esm/src/core/index.d.ts:112:1 - (ae-unresolved-link) The @link reference could not be resolved: The package "@firebase/auth-web-extension" does not have an export "User"[39m
[33mWarning: /private/tmp/fireside-phase2-oracles.EJXGdU/firebase-js-sdk/packages/auth/dist/web-extension-esm/src/core/index.d.ts:112:1 - (ae-unresolved-link) The @link reference could not be resolved: The package "@firebase/auth-web-extension" does not have an export "Auth"[39m
[33mWarning: /private/tmp/fireside-phase2-oracles.EJXGdU/firebase-js-sdk/packages/auth/dist/web-extension-esm/src/core/index.d.ts:123:1 - (ae-forgotten-export) The symbol "User" needs to be exported by the entry point index.web-extension.d.ts[39m
[33mWarning: /private/tmp/fireside-phase2-oracles.EJXGdU/firebase-js-sdk/packages/auth/dist/web-extension-esm/src/core/index.d.ts:123:1 - (ae-missing-release-tag) "beforeAuthStateChanged" is exported by the package, but it is missing a release tag (@alpha, @beta, @public, or @internal)[39m
[33mWarning: /private/tmp/fireside-phase2-oracles.EJXGdU/firebase-js-sdk/packages/auth/dist/web-extension-esm/src/core/index.d.ts:123:1 - (ae-unresolved-link) The @link reference could not be resolved: The package "@firebase/auth-web-extension" does not have an export "Auth"[39m
[33mWarning: /private/tmp/fireside-phase2-oracles.EJXGdU/firebase-js-sdk/packages/auth/dist/web-extension-esm/src/core/index.d.ts:139:1 - (ae-forgotten-export) The symbol "NextOrObserver" needs to be exported by the entry point index.web-extension.d.ts[39m
[33mWarning: /private/tmp/fireside-phase2-oracles.EJXGdU/firebase-js-sdk/packages/auth/dist/web-extension-esm/src/core/index.d.ts:139:1 - (ae-unresolved-link) The @link reference could not be resolved: The package "@firebase/auth-web-extension" does not have an export "Auth"[39m
[33mWarning: /private/tmp/fireside-phase2-oracles.EJXGdU/firebase-js-sdk/packages/auth/dist/web-extension-esm/src/core/index.d.ts:147:1 - (ae-unresolved-link) The @link reference could not be resolved: The package "@firebase/auth-web-extension" does not have an export "Auth"[39m
[33mWarning: /private/tmp/fireside-phase2-oracles.EJXGdU/firebase-js-sdk/packages/auth/dist/web-extension-esm/src/core/index.d.ts:169:1 - (ae-unresolved-link) The @link reference could not be resolved: The package "@firebase/auth-web-extension" does not have an export "Auth"[39m
[33mWarning: /private/tmp/fireside-phase2-oracles.EJXGdU/firebase-js-sdk/packages/auth/dist/web-extension-esm/src/core/index.d.ts:169:1 - (ae-unresolved-link) The @link reference could not be resolved: The package "@firebase/auth-web-extension" does not have an export "Auth"[39m
[33mWarning: /private/tmp/fireside-phase2-oracles.EJXGdU/firebase-js-sdk/packages/auth/dist/web-extension-esm/src/core/index.d.ts:169:1 - (ae-unresolved-link) The @link reference could not be resolved: The package "@firebase/auth-web-extension" does not have an export "Auth"[39m
[33mWarning: /private/tmp/fireside-phase2-oracles.EJXGdU/firebase-js-sdk/packages/auth/dist/web-extension-esm/src/core/index.d.ts:169:1 - (ae-unresolved-link) The @link reference could not be resolved: The package "@firebase/auth-web-extension" does not have an export "Auth"[39m
[33mWarning: /private/tmp/fireside-phase2-oracles.EJXGdU/firebase-js-sdk/packages/auth/dist/web-extension-esm/src/core/index.d.ts:169:1 - (ae-unresolved-link) The @link reference could not be resolved: The package "@firebase/auth-web-extension" does not have an export "User"[39m
[33mWarning: /private/tmp/fireside-phase2-oracles.EJXGdU/firebase-js-sdk/packages/auth/dist/web-extension-esm/src/core/index.d.ts:181:1 - (ae-unresolved-link) The @link reference could not be resolved: The package "@firebase/auth-web-extension" does not have an export "Auth"[39m
[33mWarning: /private/tmp/fireside-phase2-oracles.EJXGdU/firebase-js-sdk/packages/auth/dist/web-extension-esm/src/core/index.d.ts:181:1 - (ae-unresolved-link) The @link reference could not be resolved: The package "@firebase/auth-web-extension" does not have an export "Auth"[39m
[33mWarning: /private/tmp/fireside-phase2-oracles.EJXGdU/firebase-js-sdk/packages/auth/dist/web-extension-esm/src/core/index.d.ts:190:1 - (ae-unresolved-link) The @link reference could not be resolved: The package "@firebase/auth-web-extension" does not have an export "Auth"[39m
[33mWarning: /private/tmp/fireside-phase2-oracles.EJXGdU/firebase-js-sdk/packages/auth/dist/web-extension-esm/src/core/persistence/in_memory.d.ts:35:22 - (ae-unresolved-link) The @link reference could not be resolved: The package "@firebase/auth-web-extension" does not have an export "Persistence"[39m
[33mWarning: /private/tmp/fireside-phase2-oracles.EJXGdU/firebase-js-sdk/packages/auth/dist/web-extension-esm/src/core/providers/email.d.ts:24:1 - (ae-forgotten-export) The symbol "AuthProvider" needs to be exported by the entry point index.web-extension.d.ts[39m
[33mWarning: /private/tmp/fireside-phase2-oracles.EJXGdU/firebase-js-sdk/packages/auth/dist/web-extension-esm/src/core/providers/email.d.ts:28:5 - (ae-unresolved-link) The @link reference could not be resolved: The package "@firebase/auth-web-extension" does not have an export "ProviderId"[39m
[33mWarning: /private/tmp/fireside-phase2-oracles.EJXGdU/firebase-js-sdk/packages/auth/dist/web-extension-esm/src/core/providers/email.d.ts:32:5 - (ae-unresolved-link) The @link reference could not be resolved: The package "@firebase/auth-web-extension" does not have an export "SignInMethod"[39m
[33mWarning: /private/tmp/fireside-phase2-oracles.EJXGdU/firebase-js-sdk/packages/auth/dist/web-extension-esm/src/core/providers/email.d.ts:36:5 - (ae-unresolved-link) The @link reference could not be resolved: The package "@firebase/auth-web-extension" does not have an export "SignInMethod"[39m
[33mWarning: /private/tmp/fireside-phase2-oracles.EJXGdU/firebase-js-sdk/packages/auth/dist/web-extension-esm/src/core/providers/email.d.ts:40:5 - (ae-unresolved-link) The @link reference could not be resolved: The package "@firebase/auth-web-extension" does not have an export "ProviderId"[39m
[33mWarning: /private/tmp/fireside-phase2-oracles.EJXGdU/firebase-js-sdk/packages/auth/dist/web-extension-esm/src/core/providers/email.d.ts:82:5 - (ae-unresolved-link) The @link reference could not be resolved: The package "@firebase/auth-web-extension" does not have an export "Auth"[39m
[33mWarning: /private/tmp/fireside-phase2-oracles.EJXGdU/firebase-js-sdk/packages/auth/dist/web-extension-esm/src/core/providers/facebook.d.ts:60:1 - (ae-forgotten-export) The symbol "BaseOAuthProvider" needs to be exported by the entry point index.web-extension.d.ts[39m
[33mWarning: /private/tmp/fireside-phase2-oracles.EJXGdU/firebase-js-sdk/packages/auth/dist/web-extension-esm/src/core/providers/facebook.d.ts:60:1 - (ae-unresolved-link) The @link reference could not be resolved: The package "@firebase/auth-web-extension" does not have an export "ProviderId"[39m
[33mWarning: /private/tmp/fireside-phase2-oracles.EJXGdU/firebase-js-sdk/packages/auth/dist/web-extension-esm/src/core/providers/facebook.d.ts:62:5 - (ae-unresolved-link) The @link reference could not be resolved: The package "@firebase/auth-web-extension" does not have an export "SignInMethod"[39m
[33mWarning: /private/tmp/fireside-phase2-oracles.EJXGdU/firebase-js-sdk/packages/auth/dist/web-extension-esm/src/core/providers/facebook.d.ts:64:5 - (ae-unresolved-link) The @link reference could not be resolved: The package "@firebase/auth-web-extension" does not have an export "ProviderId"[39m
[33mWarning: /private/tmp/fireside-phase2-oracles.EJXGdU/firebase-js-sdk/packages/auth/dist/web-extension-esm/src/core/providers/facebook.d.ts:84:5 - (ae-unresolved-link) The @link reference could not be resolved: The package "@firebase/auth-web-extension" does not have an export "UserCredential"[39m
[33mWarning: /private/tmp/fireside-phase2-oracles.EJXGdU/firebase-js-sdk/packages/auth/dist/web-extension-esm/src/core/providers/facebook.d.ts:91:5 - (ae-unresolved-link) The @link reference could not be resolved: The package "@firebase/auth-web-extension" does not have an export "AuthError"[39m
[33mWarning: /private/tmp/fireside-phase2-oracles.EJXGdU/firebase-js-sdk/packages/auth/dist/web-extension-esm/src/core/providers/github.d.ts:63:1 - (ae-unresolved-link) The @link reference could not be resolved: The package "@firebase/auth-web-extension" does not have an export "ProviderId"[39m
[33mWarning: /private/tmp/fireside-phase2-oracles.EJXGdU/firebase-js-sdk/packages/auth/dist/web-extension-esm/src/core/providers/github.d.ts:63:1 - (ae-unresolved-link) The @link reference could not be resolved: The package "@firebase/auth-web-extension" does not have an export "signInWithPopup"[39m
[33mWarning: /private/tmp/fireside-phase2-oracles.EJXGdU/firebase-js-sdk/packages/auth/dist/web-extension-esm/src/core/providers/github.d.ts:65:5 - (ae-unresolved-link) The @link reference could not be resolved: The package "@firebase/auth-web-extension" does not have an export "SignInMethod"[39m
[33mWarning: /private/tmp/fireside-phase2-oracles.EJXGdU/firebase-js-sdk/packages/auth/dist/web-extension-esm/src/core/providers/github.d.ts:67:5 - (ae-unresolved-link) The @link reference could not be resolved: The package "@firebase/auth-web-extension" does not have an export "ProviderId"[39m
[33mWarning: /private/tmp/fireside-phase2-oracles.EJXGdU/firebase-js-sdk/packages/auth/dist/web-extension-esm/src/core/providers/github.d.ts:80:5 - (ae-unresolved-link) The @link reference could not be resolved: The package "@firebase/auth-web-extension" does not have an export "UserCredential"[39m
[33mWarning: /private/tmp/fireside-phase2-oracles.EJXGdU/firebase-js-sdk/packages/auth/dist/web-extension-esm/src/core/providers/github.d.ts:87:5 - (ae-unresolved-link) The @link reference could not be resolved: The package "@firebase/auth-web-extension" does not have an export "AuthError"[39m
[33mWarning: /private/tmp/fireside-phase2-oracles.EJXGdU/firebase-js-sdk/packages/auth/dist/web-extension-esm/src/core/providers/google.d.ts:62:1 - (ae-unresolved-link) The @link reference could not be resolved: The package "@firebase/auth-web-extension" does not have an export "ProviderId"[39m
[33mWarning: /private/tmp/fireside-phase2-oracles.EJXGdU/firebase-js-sdk/packages/auth/dist/web-extension-esm/src/core/providers/google.d.ts:64:5 - (ae-unresolved-link) The @link reference could not be resolved: The package "@firebase/auth-web-extension" does not have an export "SignInMethod"[39m
[33mWarning: /private/tmp/fireside-phase2-oracles.EJXGdU/firebase-js-sdk/packages/auth/dist/web-extension-esm/src/core/providers/google.d.ts:66:5 - (ae-unresolved-link) The @link reference could not be resolved: The package "@firebase/auth-web-extension" does not have an export "ProviderId"[39m
[33mWarning: /private/tmp/fireside-phase2-oracles.EJXGdU/firebase-js-sdk/packages/auth/dist/web-extension-esm/src/core/providers/google.d.ts:87:5 - (ae-unresolved-link) The @link reference could not be resolved: The package "@firebase/auth-web-extension" does not have an export "UserCredential"[39m
[33mWarning: /private/tmp/fireside-phase2-oracles.EJXGdU/firebase-js-sdk/packages/auth/dist/web-extension-esm/src/core/providers/google.d.ts:94:5 - (ae-unresolved-link) The @link reference could not be resolved: The package "@firebase/auth-web-extension" does not have an export "AuthError"[39m
[33mWarning: /private/tmp/fireside-phase2-oracles.EJXGdU/firebase-js-sdk/packages/auth/dist/web-extension-esm/src/core/providers/oauth.d.ts:142:5 - (ae-unresolved-link) The @link reference could not be resolved: The package "@firebase/auth-web-extension" does not have an export "UserCredential"[39m
[33mWarning: /private/tmp/fireside-phase2-oracles.EJXGdU/firebase-js-sdk/packages/auth/dist/web-extension-esm/src/core/providers/oauth.d.ts:149:5 - (ae-unresolved-link) The @link reference could not be resolved: The package "@firebase/auth-web-extension" does not have an export "AuthError"[39m
[33mWarning: /private/tmp/fireside-phase2-oracles.EJXGdU/firebase-js-sdk/packages/auth/dist/web-extension-esm/src/core/providers/saml.d.ts:26:1 - (ae-forgotten-export) The symbol "FederatedAuthProvider" needs to be exported by the entry point index.web-extension.d.ts[39m
[33mWarning: /private/tmp/fireside-phase2-oracles.EJXGdU/firebase-js-sdk/packages/auth/dist/web-extension-esm/src/core/providers/saml.d.ts:26:1 - (ae-unresolved-link) The @link reference could not be resolved: The package "@firebase/auth-web-extension" does not have an export "AuthProvider"[39m
[33mWarning: /private/tmp/fireside-phase2-oracles.EJXGdU/firebase-js-sdk/packages/auth/dist/web-extension-esm/src/core/providers/saml.d.ts:48:5 - (ae-unresolved-link) The @link reference could not be resolved: The package "@firebase/auth-web-extension" does not have an export "UserCredential"[39m
[33mWarning: /private/tmp/fireside-phase2-oracles.EJXGdU/firebase-js-sdk/packages/auth/dist/web-extension-esm/src/core/providers/saml.d.ts:55:5 - (ae-unresolved-link) The @link reference could not be resolved: The package "@firebase/auth-web-extension" does not have an export "AuthError"[39m
[33mWarning: /private/tmp/fireside-phase2-oracles.EJXGdU/firebase-js-sdk/packages/auth/dist/web-extension-esm/src/core/providers/twitter.d.ts:76:1 - (ae-unresolved-link) The @link reference could not be resolved: The package "@firebase/auth-web-extension" does not have an export "ProviderId"[39m
[33mWarning: /private/tmp/fireside-phase2-oracles.EJXGdU/firebase-js-sdk/packages/auth/dist/web-extension-esm/src/core/providers/twitter.d.ts:78:5 - (ae-unresolved-link) The @link reference could not be resolved: The package "@firebase/auth-web-extension" does not have an export "SignInMethod"[39m
[33mWarning: /private/tmp/fireside-phase2-oracles.EJXGdU/firebase-js-sdk/packages/auth/dist/web-extension-esm/src/core/providers/twitter.d.ts:80:5 - (ae-unresolved-link) The @link reference could not be resolved: The package "@firebase/auth-web-extension" does not have an export "ProviderId"[39m
[33mWarning: /private/tmp/fireside-phase2-oracles.EJXGdU/firebase-js-sdk/packages/auth/dist/web-extension-esm/src/core/providers/twitter.d.ts:94:5 - (ae-unresolved-link) The @link reference could not be resolved: The package "@firebase/auth-web-extension" does not have an export "UserCredential"[39m
[33mWarning: /private/tmp/fireside-phase2-oracles.EJXGdU/firebase-js-sdk/packages/auth/dist/web-extension-esm/src/core/providers/twitter.d.ts:101:5 - (ae-unresolved-link) The @link reference could not be resolved: The package "@firebase/auth-web-extension" does not have an export "AuthError"[39m
[33mWarning: /private/tmp/fireside-phase2-oracles.EJXGdU/firebase-js-sdk/packages/auth/dist/web-extension-esm/src/core/strategies/anonymous.d.ts:32:1 - (ae-unresolved-link) The @link reference could not be resolved: The package "@firebase/auth-web-extension" does not have an export "Auth"[39m
[33mWarning: /private/tmp/fireside-phase2-oracles.EJXGdU/firebase-js-sdk/packages/auth/dist/web-extension-esm/src/core/strategies/anonymous.d.ts:32:1 - (ae-unresolved-link) The @link reference could not be resolved: The package "@firebase/auth-web-extension" does not have an export "Auth"[39m
[33mWarning: /private/tmp/fireside-phase2-oracles.EJXGdU/firebase-js-sdk/packages/auth/dist/web-extension-esm/src/core/strategies/credential.d.ts:35:1 - (ae-unresolved-link) The @link reference could not be resolved: The package "@firebase/auth-web-extension" does not have an export "AuthProvider"[39m
[33mWarning: /private/tmp/fireside-phase2-oracles.EJXGdU/firebase-js-sdk/packages/auth/dist/web-extension-esm/src/core/strategies/credential.d.ts:35:1 - (ae-unresolved-link) The @link reference could not be resolved: The package "@firebase/auth-web-extension" does not have an export "Auth"[39m
[33mWarning: /private/tmp/fireside-phase2-oracles.EJXGdU/firebase-js-sdk/packages/auth/dist/web-extension-esm/src/core/strategies/credential.d.ts:35:1 - (ae-unresolved-link) The @link reference could not be resolved: The package "@firebase/auth-web-extension" does not have an export "Auth"[39m
[33mWarning: /private/tmp/fireside-phase2-oracles.EJXGdU/firebase-js-sdk/packages/auth/dist/web-extension-esm/src/core/strategies/credential.d.ts:47:1 - (ae-unresolved-link) The @link reference could not be resolved: The package "@firebase/auth-web-extension" does not have an export "AuthProvider"[39m
[33mWarning: /private/tmp/fireside-phase2-oracles.EJXGdU/firebase-js-sdk/packages/auth/dist/web-extension-esm/src/core/strategies/credential.d.ts:64:1 - (ae-unresolved-link) The @link reference could not be resolved: The package "@firebase/auth-web-extension" does not have an export "User"[39m
[33mWarning: /private/tmp/fireside-phase2-oracles.EJXGdU/firebase-js-sdk/packages/auth/dist/web-extension-esm/src/core/strategies/credential.d.ts:64:1 - (ae-unresolved-link) The @link reference could not be resolved: The package "@firebase/auth-web-extension" does not have an export "Auth"[39m
[33mWarning: /private/tmp/fireside-phase2-oracles.EJXGdU/firebase-js-sdk/packages/auth/dist/web-extension-esm/src/core/strategies/custom_token.d.ts:37:1 - (ae-unresolved-link) The @link reference could not be resolved: The package "@firebase/auth-web-extension" does not have an export "Auth"[39m
[33mWarning: /private/tmp/fireside-phase2-oracles.EJXGdU/firebase-js-sdk/packages/auth/dist/web-extension-esm/src/core/strategies/custom_token.d.ts:37:1 - (ae-unresolved-link) The @link reference could not be resolved: The package "@firebase/auth-web-extension" does not have an export "Auth"[39m
[33mWarning: /private/tmp/fireside-phase2-oracles.EJXGdU/firebase-js-sdk/packages/auth/dist/web-extension-esm/src/core/strategies/email.d.ts:38:1 - (ae-unresolved-link) The @link reference could not be resolved: The package "@firebase/auth-web-extension" does not have an export "SignInMethod"[39m
[33mWarning: /private/tmp/fireside-phase2-oracles.EJXGdU/firebase-js-sdk/packages/auth/dist/web-extension-esm/src/core/strategies/email.d.ts:38:1 - (ae-unresolved-link) The @link reference could not be resolved: The package "@firebase/auth-web-extension" does not have an export "SignInMethod"[39m
[33mWarning: /private/tmp/fireside-phase2-oracles.EJXGdU/firebase-js-sdk/packages/auth/dist/web-extension-esm/src/core/strategies/email.d.ts:38:1 - (ae-unresolved-link) The @link reference could not be resolved: The package "@firebase/auth-web-extension" does not have an export "Auth"[39m
[33mWarning: /private/tmp/fireside-phase2-oracles.EJXGdU/firebase-js-sdk/packages/auth/dist/web-extension-esm/src/core/strategies/email.d.ts:69:1 - (ae-forgotten-export) The symbol "ActionCodeSettings" needs to be exported by the entry point index.web-extension.d.ts[39m
[33mWarning: /private/tmp/fireside-phase2-oracles.EJXGdU/firebase-js-sdk/packages/auth/dist/web-extension-esm/src/core/strategies/email.d.ts:69:1 - (ae-unresolved-link) The @link reference could not be resolved: The package "@firebase/auth-web-extension" does not have an export "ActionCodeSettings"[39m
[33mWarning: /private/tmp/fireside-phase2-oracles.EJXGdU/firebase-js-sdk/packages/auth/dist/web-extension-esm/src/core/strategies/email.d.ts:104:1 - (ae-unresolved-link) The @link reference could not be resolved: The package "@firebase/auth-web-extension" does not have an export "ActionCodeSettings"[39m
[33mWarning: /private/tmp/fireside-phase2-oracles.EJXGdU/firebase-js-sdk/packages/auth/dist/web-extension-esm/src/core/strategies/email_and_password.d.ts:53:1 - (ae-unresolved-link) The @link reference could not be resolved: The package "@firebase/auth-web-extension" does not have an export "Auth"[39m
[33mWarning: /private/tmp/fireside-phase2-oracles.EJXGdU/firebase-js-sdk/packages/auth/dist/web-extension-esm/src/core/strategies/email_and_password.d.ts:53:1 - (ae-unresolved-link) The @link reference could not be resolved: The package "@firebase/auth-web-extension" does not have an export "ActionCodeSettings"[39m
[33mWarning: /private/tmp/fireside-phase2-oracles.EJXGdU/firebase-js-sdk/packages/auth/dist/web-extension-esm/src/core/strategies/email_and_password.d.ts:63:1 - (ae-unresolved-link) The @link reference could not be resolved: The package "@firebase/auth-web-extension" does not have an export "Auth"[39m
[33mWarning: /private/tmp/fireside-phase2-oracles.EJXGdU/firebase-js-sdk/packages/auth/dist/web-extension-esm/src/core/strategies/email_and_password.d.ts:72:1 - (ae-forgotten-export) The symbol "Auth" needs to be exported by the entry point index.web-extension.d.ts[39m
[33mWarning: /private/tmp/fireside-phase2-oracles.EJXGdU/firebase-js-sdk/packages/auth/dist/web-extension-esm/src/core/strategies/email_and_password.d.ts:72:1 - (ae-unresolved-link) The @link reference could not be resolved: The package "@firebase/auth-web-extension" does not have an export "Auth"[39m
[33mWarning: /private/tmp/fireside-phase2-oracles.EJXGdU/firebase-js-sdk/packages/auth/dist/web-extension-esm/src/core/strategies/email_and_password.d.ts:83:1 - (ae-forgotten-export) The symbol "ActionCodeInfo" needs to be exported by the entry point index.web-extension.d.ts[39m
[33mWarning: /private/tmp/fireside-phase2-oracles.EJXGdU/firebase-js-sdk/packages/auth/dist/web-extension-esm/src/core/strategies/email_and_password.d.ts:83:1 - (ae-unresolved-link) The @link reference could not be resolved: The package "@firebase/auth-web-extension" does not have an export "Auth"[39m
[33mWarning: /private/tmp/fireside-phase2-oracles.EJXGdU/firebase-js-sdk/packages/auth/dist/web-extension-esm/src/core/strategies/email_and_password.d.ts:94:1 - (ae-unresolved-link) The @link reference could not be resolved: The package "@firebase/auth-web-extension" does not have an export "Auth"[39m
[33mWarning: /private/tmp/fireside-phase2-oracles.EJXGdU/firebase-js-sdk/packages/auth/dist/web-extension-esm/src/core/strategies/email_and_password.d.ts:115:1 - (ae-forgotten-export) The symbol "UserCredential" needs to be exported by the entry point index.web-extension.d.ts[39m
[33mWarning: /private/tmp/fireside-phase2-oracles.EJXGdU/firebase-js-sdk/packages/auth/dist/web-extension-esm/src/core/strategies/email_and_password.d.ts:115:1 - (ae-unresolved-link) The @link reference could not be resolved: The package "@firebase/auth-web-extension" does not have an export "Auth"[39m
[33mWarning: /private/tmp/fireside-phase2-oracles.EJXGdU/firebase-js-sdk/packages/auth/dist/web-extension-esm/src/core/strategies/email_and_password.d.ts:115:1 - (ae-unresolved-link) The @link reference could not be resolved: The package "@firebase/auth-web-extension" does not have an export "Auth"[39m
[33mWarning: /private/tmp/fireside-phase2-oracles.EJXGdU/firebase-js-sdk/packages/auth/dist/web-extension-esm/src/core/strategies/email_and_password.d.ts:139:1 - (ae-unresolved-link) The @link reference could not be resolved: The package "@firebase/auth-web-extension" does not have an export "Auth"[39m
[33mWarning: /private/tmp/fireside-phase2-oracles.EJXGdU/firebase-js-sdk/packages/auth/dist/web-extension-esm/src/core/strategies/email_and_password.d.ts:139:1 - (ae-unresolved-link) The @link reference could not be resolved: The package "@firebase/auth-web-extension" does not have an export "Auth"[39m
[33mWarning: /private/tmp/fireside-phase2-oracles.EJXGdU/firebase-js-sdk/packages/auth/dist/web-extension-esm/src/core/strategies/email_link.d.ts:56:1 - (ae-unresolved-link) The @link reference could not be resolved: The package "@firebase/auth-web-extension" does not have an export "Auth"[39m
[33mWarning: /private/tmp/fireside-phase2-oracles.EJXGdU/firebase-js-sdk/packages/auth/dist/web-extension-esm/src/core/strategies/email_link.d.ts:56:1 - (ae-unresolved-link) The @link reference could not be resolved: The package "@firebase/auth-web-extension" does not have an export "ActionCodeSettings"[39m
[33mWarning: /private/tmp/fireside-phase2-oracles.EJXGdU/firebase-js-sdk/packages/auth/dist/web-extension-esm/src/core/strategies/email_link.d.ts:65:1 - (ae-unresolved-link) The @link reference could not be resolved: The package "@firebase/auth-web-extension" does not have an export "Auth"[39m
[33mWarning: /private/tmp/fireside-phase2-oracles.EJXGdU/firebase-js-sdk/packages/auth/dist/web-extension-esm/src/core/strategies/email_link.d.ts:107:1 - (ae-unresolved-link) The @link reference could not be resolved: The package "@firebase/auth-web-extension" does not have an export "Auth"[39m
[33mWarning: /private/tmp/fireside-phase2-oracles.EJXGdU/firebase-js-sdk/packages/auth/dist/web-extension-esm/src/core/strategies/email_link.d.ts:107:1 - (ae-unresolved-link) The @link reference could not be resolved: The package "@firebase/auth-web-extension" does not have an export "Auth"[39m
[33mWarning: /private/tmp/fireside-phase2-oracles.EJXGdU/firebase-js-sdk/packages/auth/dist/web-extension-esm/src/core/user/account_info.d.ts:54:1 - (ae-unresolved-link) The @link reference could not be resolved: The package "@firebase/auth-web-extension" does not have an export "User"[39m
[33mWarning: /private/tmp/fireside-phase2-oracles.EJXGdU/firebase-js-sdk/packages/auth/dist/web-extension-esm/src/core/user/account_info.d.ts:54:1 - (ae-unresolved-link) The @link reference could not be resolved: The package "@firebase/auth-web-extension" does not have an export "Auth"[39m
[33mWarning: /private/tmp/fireside-phase2-oracles.EJXGdU/firebase-js-sdk/packages/auth/dist/web-extension-esm/src/core/user/additional_user_info.d.ts:31:1 - (ae-forgotten-export) The symbol "AdditionalUserInfo" needs to be exported by the entry point index.web-extension.d.ts[39m
[33mWarning: /private/tmp/fireside-phase2-oracles.EJXGdU/firebase-js-sdk/packages/auth/dist/web-extension-esm/src/core/user/additional_user_info.d.ts:31:1 - (ae-unresolved-link) The @link reference could not be resolved: The package "@firebase/auth-web-extension" does not have an export "AdditionalUserInfo"[39m
[33mWarning: /private/tmp/fireside-phase2-oracles.EJXGdU/firebase-js-sdk/packages/auth/dist/web-extension-esm/src/core/user/id_token_result.d.ts:43:1 - (ae-forgotten-export) The symbol "IdTokenResult" needs to be exported by the entry point index.web-extension.d.ts[39m
[33mWarning: /private/tmp/fireside-phase2-oracles.EJXGdU/firebase-js-sdk/packages/auth/dist/web-extension-esm/src/mfa/assertions/totp.d.ts:27:1 - (ae-unresolved-link) The @link reference could not be resolved: The package "@firebase/auth-web-extension" does not have an export "TotpMultiFactorAssertion"[39m
[33mWarning: /private/tmp/fireside-phase2-oracles.EJXGdU/firebase-js-sdk/packages/auth/dist/web-extension-esm/src/mfa/assertions/totp.d.ts:33:8 - (tsdoc-param-tag-missing-hyphen) The @param block should be followed by a parameter name and then a hyphen[39m
[33mWarning: /private/tmp/fireside-phase2-oracles.EJXGdU/firebase-js-sdk/packages/auth/dist/web-extension-esm/src/mfa/assertions/totp.d.ts:34:8 - (tsdoc-param-tag-missing-hyphen) The @param block should be followed by a parameter name and then a hyphen[39m
[33mWarning: /private/tmp/fireside-phase2-oracles.EJXGdU/firebase-js-sdk/packages/auth/dist/web-extension-esm/src/mfa/assertions/totp.d.ts:38:5 - (ae-forgotten-export) The symbol "TotpMultiFactorAssertion" needs to be exported by the entry point index.web-extension.d.ts[39m
[33mWarning: /private/tmp/fireside-phase2-oracles.EJXGdU/firebase-js-sdk/packages/auth/dist/web-extension-esm/src/mfa/assertions/totp.d.ts:38:5 - (ae-unresolved-link) The @link reference could not be resolved: The package "@firebase/auth-web-extension" does not have an export "TotpMultiFactorAssertion"[39m
[33mWarning: /private/tmp/fireside-phase2-oracles.EJXGdU/firebase-js-sdk/packages/auth/dist/web-extension-esm/src/mfa/assertions/totp.d.ts:38:5 - (ae-unresolved-link) The @link reference could not be resolved: The package "@firebase/auth-web-extension" does not have an export "TotpMultiFactorAssertion"[39m
[33mWarning: /private/tmp/fireside-phase2-oracles.EJXGdU/firebase-js-sdk/packages/auth/dist/web-extension-esm/src/mfa/assertions/totp.d.ts:38:5 - (ae-unresolved-link) The @link reference could not be resolved: The package "@firebase/auth-web-extension" does not have an export "MultiFactorUser"[39m
[33mWarning: /private/tmp/fireside-phase2-oracles.EJXGdU/firebase-js-sdk/packages/auth/dist/web-extension-esm/src/mfa/assertions/totp.d.ts:43:8 - (tsdoc-param-tag-missing-hyphen) The @param block should be followed by a parameter name and then a hyphen[39m
[33mWarning: /private/tmp/fireside-phase2-oracles.EJXGdU/firebase-js-sdk/packages/auth/dist/web-extension-esm/src/mfa/assertions/totp.d.ts:44:8 - (tsdoc-param-tag-missing-hyphen) The @param block should be followed by a parameter name and then a hyphen[39m
[33mWarning: /private/tmp/fireside-phase2-oracles.EJXGdU/firebase-js-sdk/packages/auth/dist/web-extension-esm/src/mfa/assertions/totp.d.ts:48:5 - (ae-unresolved-link) The @link reference could not be resolved: The package "@firebase/auth-web-extension" does not have an export "TotpMultiFactorAssertion"[39m
[33mWarning: /private/tmp/fireside-phase2-oracles.EJXGdU/firebase-js-sdk/packages/auth/dist/web-extension-esm/src/mfa/assertions/totp.d.ts:48:5 - (ae-unresolved-link) The @link reference could not be resolved: The package "@firebase/auth-web-extension" does not have an export "TotpMultiFactorAssertion"[39m
[33mWarning: /private/tmp/fireside-phase2-oracles.EJXGdU/firebase-js-sdk/packages/auth/dist/web-extension-esm/src/mfa/assertions/totp.d.ts:48:5 - (ae-unresolved-link) The @link reference could not be resolved: The package "@firebase/auth-web-extension" does not have an export "MultiFactorResolver"[39m
[33mWarning: /private/tmp/fireside-phase2-oracles.EJXGdU/firebase-js-sdk/packages/auth/dist/web-extension-esm/src/mfa/assertions/totp.d.ts:55:8 - (tsdoc-param-tag-missing-hyphen) The @param block should be followed by a parameter name and then a hyphen[39m
[33mWarning: /private/tmp/fireside-phase2-oracles.EJXGdU/firebase-js-sdk/packages/auth/dist/web-extension-esm/src/mfa/assertions/totp.d.ts:58:5 - (ae-forgotten-export) The symbol "MultiFactorSession" needs to be exported by the entry point index.web-extension.d.ts[39m
[33mWarning: /private/tmp/fireside-phase2-oracles.EJXGdU/firebase-js-sdk/packages/auth/dist/web-extension-esm/src/mfa/assertions/totp.d.ts:58:5 - (ae-unresolved-link) The @link reference could not be resolved: The package "@firebase/auth-web-extension" does not have an export "MultiFactorSession"[39m
[33mWarning: /private/tmp/fireside-phase2-oracles.EJXGdU/firebase-js-sdk/packages/auth/dist/web-extension-esm/src/mfa/assertions/totp.d.ts:85:1 - (ae-unresolved-link) The @link reference could not be resolved: The package "@firebase/auth-web-extension" does not have an export "TotpMultiFactorAssertion"[39m
[33mWarning: /private/tmp/fireside-phase2-oracles.EJXGdU/firebase-js-sdk/packages/auth/dist/web-extension-esm/src/mfa/assertions/totp.d.ts:110:5 - (ae-forgotten-export) The symbol "StartTotpMfaEnrollmentResponse" needs to be exported by the entry point index.web-extension.d.ts[39m
[33mWarning: /private/tmp/fireside-phase2-oracles.EJXGdU/firebase-js-sdk/packages/auth/dist/web-extension-esm/src/mfa/assertions/totp.d.ts:112:5 - (ae-forgotten-export) The symbol "TotpVerificationInfo" needs to be exported by the entry point index.web-extension.d.ts[39m
[33mWarning: /private/tmp/fireside-phase2-oracles.EJXGdU/firebase-js-sdk/packages/auth/dist/web-extension-esm/src/mfa/assertions/totp.d.ts:119:8 - (tsdoc-param-tag-missing-hyphen) The @param block should be followed by a parameter name and then a hyphen[39m
[33mWarning: /private/tmp/fireside-phase2-oracles.EJXGdU/firebase-js-sdk/packages/auth/dist/web-extension-esm/src/mfa/assertions/totp.d.ts:120:8 - (tsdoc-param-tag-missing-hyphen) The @param block should be followed by a parameter name and then a hyphen[39m
[33mWarning: /private/tmp/fireside-phase2-oracles.EJXGdU/firebase-js-sdk/packages/auth/dist/web-extension-esm/src/mfa/mfa_resolver.d.ts:41:1 - (ae-forgotten-export) The symbol "MultiFactorError" needs to be exported by the entry point index.web-extension.d.ts[39m
[33mWarning: /private/tmp/fireside-phase2-oracles.EJXGdU/firebase-js-sdk/packages/auth/dist/web-extension-esm/src/mfa/mfa_resolver.d.ts:41:1 - (ae-forgotten-export) The symbol "MultiFactorResolver" needs to be exported by the entry point index.web-extension.d.ts[39m
[33mWarning: /private/tmp/fireside-phase2-oracles.EJXGdU/firebase-js-sdk/packages/auth/dist/web-extension-esm/src/mfa/mfa_resolver.d.ts:41:1 - (ae-unresolved-link) The @link reference could not be resolved: The package "@firebase/auth-web-extension" does not have an export "MultiFactorResolver"[39m
[33mWarning: /private/tmp/fireside-phase2-oracles.EJXGdU/firebase-js-sdk/packages/auth/dist/web-extension-esm/src/mfa/mfa_resolver.d.ts:41:1 - (ae-unresolved-link) The @link reference could not be resolved: The package "@firebase/auth-web-extension" does not have an export "Auth"[39m
[33mWarning: /private/tmp/fireside-phase2-oracles.EJXGdU/firebase-js-sdk/packages/auth/dist/web-extension-esm/src/mfa/mfa_resolver.d.ts:41:1 - (ae-unresolved-link) The @link reference could not be resolved: The package "@firebase/auth-web-extension" does not have an export "MultiFactorError"[39m
[33mWarning: /private/tmp/fireside-phase2-oracles.EJXGdU/firebase-js-sdk/packages/auth/dist/web-extension-esm/src/mfa/mfa_user.d.ts:38:1 - (ae-forgotten-export) The symbol "MultiFactorUser" needs to be exported by the entry point index.web-extension.d.ts[39m
[33mWarning: /private/tmp/fireside-phase2-oracles.EJXGdU/firebase-js-sdk/packages/auth/dist/web-extension-esm/src/mfa/mfa_user.d.ts:38:1 - (ae-unresolved-link) The @link reference could not be resolved: The package "@firebase/auth-web-extension" does not have an export "MultiFactorUser"[39m
[33mWarning: /private/tmp/fireside-phase2-oracles.EJXGdU/firebase-js-sdk/packages/auth/dist/web-extension-esm/src/model/password_policy.d.ts:36:8 - (tsdoc-param-tag-missing-hyphen) The @param block should be followed by a parameter name and then a hyphen[39m
[33mWarning: /private/tmp/fireside-phase2-oracles.EJXGdU/firebase-js-sdk/packages/auth/dist/web-extension-esm/src/platform_browser/persistence/indexed_db.d.ts:33:22 - (ae-forgotten-export) The symbol "Persistence" needs to be exported by the entry point index.web-extension.d.ts[39m
[33mWarning: /private/tmp/fireside-phase2-oracles.EJXGdU/firebase-js-sdk/packages/auth/dist/web-extension-esm/src/platform_browser/persistence/indexed_db.d.ts:33:22 - (ae-unresolved-link) The @link reference could not be resolved: The package "@firebase/auth-web-extension" does not have an export "Persistence"[39m
[33mWarning: /private/tmp/fireside-phase2-oracles.EJXGdU/firebase-js-sdk/packages/util/dist/src/subscribe.d.ts:2:4 - (tsdoc-undefined-tag) The TSDoc tag "@license" is not defined in this configuration[39m

API Extractor completed successfully
(node:70598) Warning: The 'NO_COLOR' env is ignored due to the 'FORCE_COLOR' env being set.
(Use `node --trace-warnings ...` to show where the warning was created)

[1mapi-extractor 0.1.2 [36m - https://api-extractor.com/[39m[22m
[1m[22m
Analysis will use the bundled TypeScript version 4.1.6
*** The target project appears to use TypeScript 5.5.4 which is newer than the bundled compiler engine; consider upgrading API Extractor.
[36mFound metadata in /private/tmp/fireside-phase2-oracles.EJXGdU/firebase-js-sdk/packages/app/dist/app/src/tsdoc-metadata.json[39m
[36mFound metadata in /private/tmp/fireside-phase2-oracles.EJXGdU/firebase-js-sdk/packages/util/dist/tsdoc-metadata.json[39m
[36mWriting: /private/tmp/fireside-phase2-oracles.EJXGdU/firebase-js-sdk/packages/auth/temp/subpackages/auth-cordova.api.json[39m
[36mWriting package typings: /private/tmp/fireside-phase2-oracles.EJXGdU/firebase-js-sdk/packages/auth/dist/cordova/auth-cordova-public.d.ts[39m
[36mWriting package typings: /private/tmp/fireside-phase2-oracles.EJXGdU/firebase-js-sdk/packages/auth/dist/cordova/auth-cordova.d.ts[39m
[33mWarning: /private/tmp/fireside-phase2-oracles.EJXGdU/firebase-js-sdk/packages/auth/dist/cordova/index.cordova.d.ts:32:1 - (ae-missing-release-tag) "getAuth" is exported by the package, but it is missing a release tag (@alpha, @beta, @public, or @internal)[39m
[33mWarning: /private/tmp/fireside-phase2-oracles.EJXGdU/firebase-js-sdk/packages/auth/dist/cordova/src/core/credentials/auth_credential.d.ts:70:5 - (ae-forgotten-export) The symbol "AuthInternal" needs to be exported by the entry point index.cordova.d.ts[39m
[33mWarning: /private/tmp/fireside-phase2-oracles.EJXGdU/firebase-js-sdk/packages/auth/dist/cordova/src/core/credentials/auth_credential.d.ts:70:5 - (ae-forgotten-export) The symbol "PhoneOrOauthTokenResponse" needs to be exported by the entry point index.cordova.d.ts[39m
[33mWarning: /private/tmp/fireside-phase2-oracles.EJXGdU/firebase-js-sdk/packages/auth/dist/cordova/src/core/credentials/auth_credential.d.ts:72:5 - (ae-forgotten-export) The symbol "IdTokenResponse" needs to be exported by the entry point index.cordova.d.ts[39m
[33mWarning: /private/tmp/fireside-phase2-oracles.EJXGdU/firebase-js-sdk/packages/auth/dist/cordova/src/core/credentials/oauth.d.ts:61:5 - (ae-forgotten-export) The symbol "OAuthCredentialParams" needs to be exported by the entry point index.cordova.d.ts[39m
[33mWarning: /private/tmp/fireside-phase2-oracles.EJXGdU/firebase-js-sdk/packages/auth/dist/cordova/src/core/credentials/phone.d.ts:33:1 - (ae-unresolved-link) The @link reference could not be resolved: The package "@firebase/auth-cordova" does not have an export "PhoneAuthProvider"[39m
[33mWarning: /private/tmp/fireside-phase2-oracles.EJXGdU/firebase-js-sdk/packages/auth/dist/cordova/src/core/credentials/phone.d.ts:47:5 - (ae-forgotten-export) The symbol "SignInWithPhoneNumberRequest" needs to be exported by the entry point index.cordova.d.ts[39m
[33mWarning: /private/tmp/fireside-phase2-oracles.EJXGdU/firebase-js-sdk/packages/auth/dist/cordova/src/core/index.d.ts:90:4 - (tsdoc-param-tag-missing-hyphen) The @param block should be followed by a parameter name and then a hyphen[39m
[33mWarning: /private/tmp/fireside-phase2-oracles.EJXGdU/firebase-js-sdk/packages/auth/dist/cordova/src/core/index.d.ts:91:4 - (tsdoc-param-tag-missing-hyphen) The @param block should be followed by a parameter name and then a hyphen[39m
[33mWarning: /private/tmp/fireside-phase2-oracles.EJXGdU/firebase-js-sdk/packages/auth/dist/cordova/src/core/index.d.ts:123:1 - (ae-missing-release-tag) "beforeAuthStateChanged" is exported by the package, but it is missing a release tag (@alpha, @beta, @public, or @internal)[39m
[33mWarning: /private/tmp/fireside-phase2-oracles.EJXGdU/firebase-js-sdk/packages/auth/dist/cordova/src/core/providers/facebook.d.ts:60:1 - (ae-forgotten-export) The symbol "BaseOAuthProvider" needs to be exported by the entry point index.cordova.d.ts[39m
[33mWarning: /private/tmp/fireside-phase2-oracles.EJXGdU/firebase-js-sdk/packages/auth/dist/cordova/src/core/providers/github.d.ts:63:1 - (ae-unresolved-link) The @link reference could not be resolved: The package "@firebase/auth-cordova" does not have an export "signInWithPopup"[39m
[33mWarning: /private/tmp/fireside-phase2-oracles.EJXGdU/firebase-js-sdk/packages/auth/dist/cordova/src/core/providers/saml.d.ts:26:1 - (ae-forgotten-export) The symbol "FederatedAuthProvider" needs to be exported by the entry point index.cordova.d.ts[39m
[33mWarning: /private/tmp/fireside-phase2-oracles.EJXGdU/firebase-js-sdk/packages/auth/dist/cordova/src/model/password_policy.d.ts:36:8 - (tsdoc-param-tag-missing-hyphen) The @param block should be followed by a parameter name and then a hyphen[39m
[33mWarning: /private/tmp/fireside-phase2-oracles.EJXGdU/firebase-js-sdk/packages/auth/dist/cordova/src/model/public_types.d.ts:493:1 - (ae-unresolved-link) The @link reference could not be resolved: The package "@firebase/auth-cordova" does not have an export "RecaptchaVerifier"[39m
[33mWarning: /private/tmp/fireside-phase2-oracles.EJXGdU/firebase-js-sdk/packages/auth/dist/cordova/src/model/public_types.d.ts:823:1 - (ae-unresolved-link) The @link reference could not be resolved: The package "@firebase/auth-cordova" does not have an export "PhoneMultiFactorGenerator"[39m
[33mWarning: /private/tmp/fireside-phase2-oracles.EJXGdU/firebase-js-sdk/packages/auth/dist/cordova/src/model/public_types.d.ts:1097:1 - (ae-unresolved-link) The @link reference could not be resolved: The package "@firebase/auth-cordova" does not have an export "signInWithPopup"[39m
[33mWarning: /private/tmp/fireside-phase2-oracles.EJXGdU/firebase-js-sdk/packages/auth/dist/cordova/src/model/public_types.d.ts:1172:1 - (ae-unresolved-link) The @link reference could not be resolved: The package "@firebase/auth-cordova" does not have an export "browserPopupRedirectResolver"[39m
[33mWarning: /private/tmp/fireside-phase2-oracles.EJXGdU/firebase-js-sdk/packages/auth/dist/cordova/src/model/public_types.d.ts:1189:5 - (ae-unresolved-link) The @link reference could not be resolved: The package "@firebase/auth-cordova" does not have an export "browserPopupRedirectResolver"[39m
[33mWarning: /private/tmp/fireside-phase2-oracles.EJXGdU/firebase-js-sdk/packages/auth/dist/cordova/src/model/public_types.d.ts:1189:5 - (ae-unresolved-link) The @link reference could not be resolved: The package "@firebase/auth-cordova" does not have an export "signInWithPopup"[39m
[33mWarning: /private/tmp/fireside-phase2-oracles.EJXGdU/firebase-js-sdk/packages/auth/dist/cordova/src/model/public_types.d.ts:1202:1 - (ae-unresolved-link) The @link reference could not be resolved: The package "@firebase/auth-cordova" does not have an export "TotpMultiFactorGenerator"[39m
[33mWarning: /private/tmp/fireside-phase2-oracles.EJXGdU/firebase-js-sdk/packages/auth/dist/cordova/src/model/public_types.d.ts:1202:1 - (ae-unresolved-link) The @link reference could not be resolved: The package "@firebase/auth-cordova" does not have an export "TotpMultiFactorGenerator"[39m
[33mWarning: /private/tmp/fireside-phase2-oracles.EJXGdU/firebase-js-sdk/packages/auth/dist/cordova/src/platform_cordova/strategies/redirect.d.ts:18:1 - (ae-missing-release-tag) "signInWithRedirect" is exported by the package, but it is missing a release tag (@alpha, @beta, @public, or @internal)[39m
[33mWarning: /private/tmp/fireside-phase2-oracles.EJXGdU/firebase-js-sdk/packages/auth/dist/cordova/src/platform_cordova/strategies/redirect.d.ts:19:1 - (ae-missing-release-tag) "reauthenticateWithRedirect" is exported by the package, but it is missing a release tag (@alpha, @beta, @public, or @internal)[39m
[33mWarning: /private/tmp/fireside-phase2-oracles.EJXGdU/firebase-js-sdk/packages/auth/dist/cordova/src/platform_cordova/strategies/redirect.d.ts:20:1 - (ae-missing-release-tag) "linkWithRedirect" is exported by the package, but it is missing a release tag (@alpha, @beta, @public, or @internal)[39m
[33mWarning: /private/tmp/fireside-phase2-oracles.EJXGdU/firebase-js-sdk/packages/util/dist/src/subscribe.d.ts:2:4 - (tsdoc-undefined-tag) The TSDoc tag "@license" is not defined in this configuration[39m

API Extractor completed successfully
(node:70599) Warning: The 'NO_COLOR' env is ignored due to the 'FORCE_COLOR' env being set.
(Use `node --trace-warnings ...` to show where the warning was created)

> @firebase/firestore:build

(node:70607) Warning: The 'NO_COLOR' env is ignored due to the 'FORCE_COLOR' env being set.
(Use `node --trace-warnings ...` to show where the warning was created)
(node:70609) Warning: The 'NO_COLOR' env is ignored due to the 'FORCE_COLOR' env being set.
(Use `node --trace-warnings ...` to show where the warning was created)
(node:70609) [DEP0169] DeprecationWarning: `url.parse()` behavior is not standardized and prone to errors that have security implications. Use the WHATWG URL API instead. CVEs are not issued for `url.parse()` vulnerabilities.
[2K[1G[2m$ tsc --emitDeclarationOnly --declaration -p tsconfig.json; yarn api-report[22m
(node:70644) Warning: The 'NO_COLOR' env is ignored due to the 'FORCE_COLOR' env being set.
(Use `node --trace-warnings ...` to show where the warning was created)
(node:70644) [DEP0169] DeprecationWarning: `url.parse()` behavior is not standardized and prone to errors that have security implications. Use the WHATWG URL API instead. CVEs are not issued for `url.parse()` vulnerabilities.
[2K[1G[2m$ run-s --npm-path npm api-report:main api-report:pipelines api-report:lite api-report:lite:pipelines && yarn api-report:api-json[22m
npm warn Unknown env config "version-git-tag". This will error in a future major version of npm. See `npm help npmrc` for supported config options.
npm warn Unknown env config "python". This will error in a future major version of npm. See `npm help npmrc` for supported config options.
npm warn Unknown env config "argv". This will error in a future major version of npm. See `npm help npmrc` for supported config options.
npm warn Unknown env config "version-commit-hooks". This will error in a future major version of npm. See `npm help npmrc` for supported config options.
npm warn Unknown env config "version-git-message". This will error in a future major version of npm. See `npm help npmrc` for supported config options.
npm warn Unknown env config "version-tag-prefix". This will error in a future major version of npm. See `npm help npmrc` for supported config options.
npm notice run @firebase/firestore@4.17.1 api-report:main
npm notice run TS_NODE_COMPILER_OPTIONS='{"module":"commonjs"}' ts-node ../../repo-scripts/prune-dts/extract-public-api.ts --package firestore --packageRoot . --typescriptDts ./dist/firestore/src/index.d.ts --rollupDts ./dist/private.d.ts --untrimmedRollupDts ./dist/internal.d.ts --publicDts ./dist/index.d.ts
Configuring API Extractor for firestore
/private/var/folders/17/97zrc8dn5kj9m8sn51kc0h3w0000gn/T/tmp-70747-ln1h9N2QbGzw/api-extractor.json
Analysis will use the bundled TypeScript version 4.1.6
[33mWarning: /private/tmp/fireside-phase2-oracles.EJXGdU/firebase-js-sdk/packages/app/src/firebaseServerApp.ts:64:34 - (TS2315) Type 'FinalizationRegistry' is not generic.[39m
[33mWarning: /private/tmp/fireside-phase2-oracles.EJXGdU/firebase-js-sdk/packages/firestore/dist/firestore/src/api/cache_config.d.ts:22:59 - (tsdoc-reference-missing-dot) Expecting a period before the next component of a declaration reference[39m
[33mWarning: /private/tmp/fireside-phase2-oracles.EJXGdU/firebase-js-sdk/packages/firestore/dist/firestore/src/api/cache_config.d.ts:40:59 - (tsdoc-reference-missing-dot) Expecting a period before the next component of a declaration reference[39m
[33mWarning: /private/tmp/fireside-phase2-oracles.EJXGdU/firebase-js-sdk/packages/firestore/dist/firestore/src/api/cache_config.d.ts:71:26 - (tsdoc-reference-missing-dot) Expecting a period before the next component of a declaration reference[39m
[33mWarning: /private/tmp/fireside-phase2-oracles.EJXGdU/firebase-js-sdk/packages/firestore/dist/firestore/src/api/cache_config.d.ts:90:26 - (tsdoc-reference-missing-dot) Expecting a period before the next component of a declaration reference[39m
[33mWarning: /private/tmp/fireside-phase2-oracles.EJXGdU/firebase-js-sdk/packages/firestore/dist/firestore/src/api/credentials.d.ts:26:1 - (ae-internal-missing-underscore) The name "AuthTokenFactory" should be prefixed with an underscore because the declaration is marked as @internal[39m
[33mWarning: /private/tmp/fireside-phase2-oracles.EJXGdU/firebase-js-sdk/packages/firestore/dist/firestore/src/api/credentials.d.ts:30:1 - (ae-internal-missing-underscore) The name "FirstPartyCredentialsSettings" should be prefixed with an underscore because the declaration is marked as @internal[39m
[33mWarning: /private/tmp/fireside-phase2-oracles.EJXGdU/firebase-js-sdk/packages/firestore/dist/firestore/src/api/database.d.ts:58:5 - (ae-incompatible-release-tags) The symbol "__constructor" is marked as @public, but its signature references "DatabaseId" which is marked as @internal[39m
[33mWarning: /private/tmp/fireside-phase2-oracles.EJXGdU/firebase-js-sdk/packages/firestore/dist/firestore/src/api/database.d.ts:117:1 - (ae-internal-missing-underscore) The name "ensureFirestoreConfigured" should be prefixed with an underscore because the declaration is marked as @internal[39m
[33mWarning: /private/tmp/fireside-phase2-oracles.EJXGdU/firebase-js-sdk/packages/firestore/dist/firestore/src/api/index_configuration.d.ts:40:77 - (tsdoc-code-span-missing-delimiter) The code span is missing its closing backtick[39m
[33mWarning: /private/tmp/fireside-phase2-oracles.EJXGdU/firebase-js-sdk/packages/firestore/dist/firestore/src/api/index_configuration.d.ts:122:69 - (tsdoc-code-span-missing-delimiter) The code span is missing its closing backtick[39m
[33mWarning: /private/tmp/fireside-phase2-oracles.EJXGdU/firebase-js-sdk/packages/firestore/dist/firestore/src/api/index_configuration.d.ts:123:21 - (tsdoc-code-span-missing-delimiter) The code span is missing its closing backtick[39m
[33mWarning: /private/tmp/fireside-phase2-oracles.EJXGdU/firebase-js-sdk/packages/firestore/dist/firestore/src/api/reference_impl.d.ts:635:1 - (ae-internal-missing-underscore) The name "executeWrite" should be prefixed with an underscore because the declaration is marked as @internal[39m
[33mWarning: /private/tmp/fireside-phase2-oracles.EJXGdU/firebase-js-sdk/packages/firestore/dist/firestore/src/api/snapshot.d.ts:231:35 - (tsdoc-reference-missing-colon) Expecting a colon after the identifier because the expression is in parentheses[39m
[33mWarning: /private/tmp/fireside-phase2-oracles.EJXGdU/firebase-js-sdk/packages/firestore/dist/firestore/src/api/snapshot.d.ts:232:15 - (tsdoc-reference-missing-colon) Expecting a colon after the identifier because the expression is in parentheses[39m
[33mWarning: /private/tmp/fireside-phase2-oracles.EJXGdU/firebase-js-sdk/packages/firestore/dist/firestore/src/api/snapshot.d.ts:253:44 - (tsdoc-reference-missing-colon) Expecting a colon after the identifier because the expression is in parentheses[39m
[33mWarning: /private/tmp/fireside-phase2-oracles.EJXGdU/firebase-js-sdk/packages/firestore/dist/firestore/src/api/snapshot.d.ts:358:5 - (ae-incompatible-release-tags) The symbol "__constructor" is marked as @public, but its signature references "AbstractUserDataWriter" which is marked as @internal[39m
[33mWarning: /private/tmp/fireside-phase2-oracles.EJXGdU/firebase-js-sdk/packages/firestore/dist/firestore/src/api/snapshot.d.ts:358:5 - (ae-incompatible-release-tags) The symbol "__constructor" is marked as @public, but its signature references "DocumentKey" which is marked as @internal[39m
[33mWarning: /private/tmp/fireside-phase2-oracles.EJXGdU/firebase-js-sdk/packages/firestore/dist/firestore/src/api/snapshot.d.ts:467:5 - (ae-incompatible-release-tags) The symbol "_userDataWriter" is marked as @public, but its signature references "AbstractUserDataWriter" which is marked as @internal[39m
[33mWarning: /private/tmp/fireside-phase2-oracles.EJXGdU/firebase-js-sdk/packages/firestore/dist/firestore/src/api/snapshot.d.ts:482:5 - (ae-incompatible-release-tags) The symbol "__constructor" is marked as @public, but its signature references "AbstractUserDataWriter" which is marked as @internal[39m
[33mWarning: /private/tmp/fireside-phase2-oracles.EJXGdU/firebase-js-sdk/packages/firestore/dist/firestore/src/lite-api/aggregate.d.ts:82:32 - (tsdoc-code-span-missing-delimiter) The code span is missing its closing backtick[39m
[33mWarning: /private/tmp/fireside-phase2-oracles.EJXGdU/firebase-js-sdk/packages/firestore/dist/firestore/src/lite-api/aggregate_types.d.ts:28:5 - (ae-incompatible-release-tags) The symbol "_internalFieldPath" is marked as @public, but its signature references "FieldPath" which is marked as @internal[39m
[33mWarning: /private/tmp/fireside-phase2-oracles.EJXGdU/firebase-js-sdk/packages/firestore/dist/firestore/src/lite-api/aggregate_types.d.ts:73:5 - (ae-incompatible-release-tags) The symbol "__constructor" is marked as @public, but its signature references "AbstractUserDataWriter" which is marked as @internal[39m
[33mWarning: /private/tmp/fireside-phase2-oracles.EJXGdU/firebase-js-sdk/packages/firestore/dist/firestore/src/lite-api/bytes.d.ts:23:5 - (ae-incompatible-release-tags) The symbol "_byteString" is marked as @public, but its signature references "ByteString" which is marked as @internal[39m
[33mWarning: /private/tmp/fireside-phase2-oracles.EJXGdU/firebase-js-sdk/packages/firestore/dist/firestore/src/lite-api/bytes.d.ts:25:5 - (ae-incompatible-release-tags) The symbol "__constructor" is marked as @public, but its signature references "ByteString" which is marked as @internal[39m
[33mWarning: /private/tmp/fireside-phase2-oracles.EJXGdU/firebase-js-sdk/packages/firestore/dist/firestore/src/lite-api/database.d.ts:153:4 - (tsdoc-param-tag-with-invalid-name) The @param block should be followed by a valid parameter name: The identifier cannot non-word characters[39m
[33mWarning: /private/tmp/fireside-phase2-oracles.EJXGdU/firebase-js-sdk/packages/firestore/dist/firestore/src/lite-api/field_path.d.ts:28:5 - (ae-incompatible-release-tags) The symbol "_internalPath" is marked as @public, but its signature references "FieldPath" which is marked as @internal[39m
[33mWarning: /private/tmp/fireside-phase2-oracles.EJXGdU/firebase-js-sdk/packages/firestore/dist/firestore/src/lite-api/field_value_impl.d.ts:44:13 - (tsdoc-reference-selector-missing-parens) Syntax error in declaration reference: the member selector must be enclosed in parentheses[39m
[33mWarning: /private/tmp/fireside-phase2-oracles.EJXGdU/firebase-js-sdk/packages/firestore/dist/firestore/src/lite-api/query.d.ts:102:5 - (ae-incompatible-release-tags) The symbol "_create" is marked as @public, but its signature references "FieldPath" which is marked as @internal[39m
[33mWarning: /private/tmp/fireside-phase2-oracles.EJXGdU/firebase-js-sdk/packages/firestore/dist/firestore/src/lite-api/query.d.ts:203:5 - (ae-incompatible-release-tags) The symbol "_create" is marked as @public, but its signature references "FieldPath" which is marked as @internal[39m
[33mWarning: /private/tmp/fireside-phase2-oracles.EJXGdU/firebase-js-sdk/packages/firestore/dist/firestore/src/lite-api/reference.d.ts:59:29 - (tsdoc-reference-missing-colon) Expecting a colon after the identifier because the expression is in parentheses[39m
[33mWarning: /private/tmp/fireside-phase2-oracles.EJXGdU/firebase-js-sdk/packages/firestore/dist/firestore/src/lite-api/reference.d.ts:59:85 - (tsdoc-reference-missing-colon) Expecting a colon after the identifier because the expression is in parentheses[39m
[33mWarning: /private/tmp/fireside-phase2-oracles.EJXGdU/firebase-js-sdk/packages/firestore/dist/firestore/src/lite-api/reference.d.ts:129:5 - (ae-incompatible-release-tags) The symbol "_key" is marked as @public, but its signature references "DocumentKey" which is marked as @internal[39m
[33mWarning: /private/tmp/fireside-phase2-oracles.EJXGdU/firebase-js-sdk/packages/firestore/dist/firestore/src/lite-api/reference.d.ts:138:5 - (ae-incompatible-release-tags) The symbol "__constructor" is marked as @public, but its signature references "DocumentKey" which is marked as @internal[39m
[33mWarning: /private/tmp/fireside-phase2-oracles.EJXGdU/firebase-js-sdk/packages/firestore/dist/firestore/src/lite-api/reference.d.ts:143:5 - (ae-incompatible-release-tags) The symbol "_path" is marked as @public, but its signature references "ResourcePath" which is marked as @internal[39m
[33mWarning: /private/tmp/fireside-phase2-oracles.EJXGdU/firebase-js-sdk/packages/firestore/dist/firestore/src/lite-api/reference.d.ts:214:5 - (ae-incompatible-release-tags) The symbol "_path" is marked as @public, but its signature references "ResourcePath" which is marked as @internal[39m
[33mWarning: /private/tmp/fireside-phase2-oracles.EJXGdU/firebase-js-sdk/packages/firestore/dist/firestore/src/lite-api/reference.d.ts:218:5 - (ae-incompatible-release-tags) The symbol "__constructor" is marked as @public, but its signature references "ResourcePath" which is marked as @internal[39m
[33mWarning: /private/tmp/fireside-phase2-oracles.EJXGdU/firebase-js-sdk/packages/firestore/dist/firestore/src/lite-api/settings.d.ts:62:1 - (ae-internal-missing-underscore) The name "PrivateSettings" should be prefixed with an underscore because the declaration is marked as @internal[39m
[33mWarning: /private/tmp/fireside-phase2-oracles.EJXGdU/firebase-js-sdk/packages/firestore/dist/firestore/src/lite-api/snapshot.d.ts:215:40 - (tsdoc-reference-missing-colon) Expecting a colon after the identifier because the expression is in parentheses[39m
[33mWarning: /private/tmp/fireside-phase2-oracles.EJXGdU/firebase-js-sdk/packages/firestore/dist/firestore/src/lite-api/snapshot.d.ts:216:40 - (tsdoc-reference-missing-colon) Expecting a colon after the identifier because the expression is in parentheses[39m
[33mWarning: /private/tmp/fireside-phase2-oracles.EJXGdU/firebase-js-sdk/packages/firestore/dist/firestore/src/lite-api/snapshot.d.ts:227:40 - (tsdoc-reference-missing-colon) Expecting a colon after the identifier because the expression is in parentheses[39m
[33mWarning: /private/tmp/fireside-phase2-oracles.EJXGdU/firebase-js-sdk/packages/firestore/dist/firestore/src/lite-api/snapshot.d.ts:228:40 - (tsdoc-reference-missing-colon) Expecting a colon after the identifier because the expression is in parentheses[39m
[33mWarning: /private/tmp/fireside-phase2-oracles.EJXGdU/firebase-js-sdk/packages/firestore/dist/firestore/src/lite-api/types.d.ts:26:60 - (tsdoc-malformed-inline-tag) Expecting a TSDoc tag starting with "{@"[39m
[33mWarning: /private/tmp/fireside-phase2-oracles.EJXGdU/firebase-js-sdk/packages/firestore/dist/firestore/src/lite-api/types.d.ts:27:17 - (tsdoc-escape-right-brace) The "}" character should be escaped using a backslash to avoid confusion with a TSDoc inline tag[39m
[33mWarning: /private/tmp/fireside-phase2-oracles.EJXGdU/firebase-js-sdk/packages/firestore/dist/firestore/src/lite-api/user_data_writer.d.ts:30:1 - (ae-internal-missing-underscore) The name "AbstractUserDataWriter" should be prefixed with an underscore because the declaration is marked as @internal[39m
[33mWarning: /private/tmp/fireside-phase2-oracles.EJXGdU/firebase-js-sdk/packages/firestore/dist/firestore/src/local/local_documents_view.d.ts:117:8 - (tsdoc-param-tag-missing-hyphen) The @param block should be followed by a parameter name and then a hyphen[39m
[33mWarning: /private/tmp/fireside-phase2-oracles.EJXGdU/firebase-js-sdk/packages/firestore/dist/firestore/src/model/field_index.d.ts:89:50 - (tsdoc-escape-greater-than) The ">" character should be escaped using a backslash to avoid confusion with an HTML tag[39m
[33mWarning: /private/tmp/fireside-phase2-oracles.EJXGdU/firebase-js-sdk/packages/firestore/dist/firestore/src/model/field_index.d.ts:89:54 - (tsdoc-escape-greater-than) The ">" character should be escaped using a backslash to avoid confusion with an HTML tag[39m
[33mWarning: /private/tmp/fireside-phase2-oracles.EJXGdU/firebase-js-sdk/packages/firestore/dist/firestore/src/model/field_index.d.ts:89:39 - (tsdoc-malformed-html-name) Invalid HTML element: Expecting an HTML name[39m
[33mWarning: /private/tmp/fireside-phase2-oracles.EJXGdU/firebase-js-sdk/packages/firestore/dist/firestore/src/model/field_index.d.ts:89:42 - (tsdoc-malformed-html-name) Invalid HTML element: Expecting an HTML name[39m
[33mWarning: /private/tmp/fireside-phase2-oracles.EJXGdU/firebase-js-sdk/packages/firestore/dist/firestore/src/model/field_index.d.ts:93:50 - (tsdoc-escape-greater-than) The ">" character should be escaped using a backslash to avoid confusion with an HTML tag[39m
[33mWarning: /private/tmp/fireside-phase2-oracles.EJXGdU/firebase-js-sdk/packages/firestore/dist/firestore/src/model/field_index.d.ts:93:54 - (tsdoc-escape-greater-than) The ">" character should be escaped using a backslash to avoid confusion with an HTML tag[39m
[33mWarning: /private/tmp/fireside-phase2-oracles.EJXGdU/firebase-js-sdk/packages/firestore/dist/firestore/src/model/field_index.d.ts:93:39 - (tsdoc-malformed-html-name) Invalid HTML element: Expecting an HTML name[39m
[33mWarning: /private/tmp/fireside-phase2-oracles.EJXGdU/firebase-js-sdk/packages/firestore/dist/firestore/src/model/field_index.d.ts:93:42 - (tsdoc-malformed-html-name) Invalid HTML element: Expecting an HTML name[39m
Generated rollup DTS
Pruned DTS file
(node:70747) Warning: The 'NO_COLOR' env is ignored due to the 'FORCE_COLOR' env being set.
(Use `node --trace-warnings ...` to show where the warning was created)
Added blank lines after imports
Removed unused imports
Formatted public DTS with Prettier
/private/var/folders/17/97zrc8dn5kj9m8sn51kc0h3w0000gn/T/tmp-70747-ln1h9N2QbGzw/api-extractor.json
Analysis will use the bundled TypeScript version 4.1.6
[33mWarning: /private/tmp/fireside-phase2-oracles.EJXGdU/firebase-js-sdk/packages/app/src/firebaseServerApp.ts:64:34 - (TS2315) Type 'FinalizationRegistry' is not generic.[39m
[33mWarning: /private/tmp/fireside-phase2-oracles.EJXGdU/firebase-js-sdk/packages/firestore/dist/index.d.ts:69:32 - (tsdoc-code-span-missing-delimiter) The code span is missing its closing backtick[39m
[33mWarning: /private/tmp/fireside-phase2-oracles.EJXGdU/firebase-js-sdk/packages/firestore/dist/index.d.ts:175:13 - (tsdoc-reference-selector-missing-parens) Syntax error in declaration reference: the member selector must be enclosed in parentheses[39m
[33mWarning: /private/tmp/fireside-phase2-oracles.EJXGdU/firebase-js-sdk/packages/firestore/dist/index.d.ts:460:4 - (tsdoc-param-tag-with-invalid-name) The @param block should be followed by a valid parameter name: The identifier cannot non-word characters[39m
[33mWarning: /private/tmp/fireside-phase2-oracles.EJXGdU/firebase-js-sdk/packages/firestore/dist/index.d.ts:1296:33 - (tsdoc-reference-missing-colon) Expecting a colon after the identifier because the expression is in parentheses[39m
[33mWarning: /private/tmp/fireside-phase2-oracles.EJXGdU/firebase-js-sdk/packages/firestore/dist/index.d.ts:1297:13 - (tsdoc-reference-missing-colon) Expecting a colon after the identifier because the expression is in parentheses[39m
[33mWarning: /private/tmp/fireside-phase2-oracles.EJXGdU/firebase-js-sdk/packages/firestore/dist/index.d.ts:1321:42 - (tsdoc-reference-missing-colon) Expecting a colon after the identifier because the expression is in parentheses[39m
[33mWarning: /private/tmp/fireside-phase2-oracles.EJXGdU/firebase-js-sdk/packages/firestore/dist/index.d.ts:1857:75 - (tsdoc-code-span-missing-delimiter) The code span is missing its closing backtick[39m
[33mWarning: /private/tmp/fireside-phase2-oracles.EJXGdU/firebase-js-sdk/packages/firestore/dist/index.d.ts:2025:26 - (tsdoc-reference-missing-dot) Expecting a period before the next component of a declaration reference[39m
[33mWarning: /private/tmp/fireside-phase2-oracles.EJXGdU/firebase-js-sdk/packages/firestore/dist/index.d.ts:2050:59 - (tsdoc-reference-missing-dot) Expecting a period before the next component of a declaration reference[39m
[33mWarning: /private/tmp/fireside-phase2-oracles.EJXGdU/firebase-js-sdk/packages/firestore/dist/index.d.ts:2077:26 - (tsdoc-reference-missing-dot) Expecting a period before the next component of a declaration reference[39m
[33mWarning: /private/tmp/fireside-phase2-oracles.EJXGdU/firebase-js-sdk/packages/firestore/dist/index.d.ts:2123:60 - (tsdoc-malformed-inline-tag) Expecting a TSDoc tag starting with "{@"[39m
[33mWarning: /private/tmp/fireside-phase2-oracles.EJXGdU/firebase-js-sdk/packages/firestore/dist/index.d.ts:2124:17 - (tsdoc-escape-right-brace) The "}" character should be escaped using a backslash to avoid confusion with a TSDoc inline tag[39m
[33mWarning: /private/tmp/fireside-phase2-oracles.EJXGdU/firebase-js-sdk/packages/firestore/dist/index.d.ts:2739:59 - (tsdoc-reference-missing-dot) Expecting a period before the next component of a declaration reference[39m
[33mWarning: /private/tmp/fireside-phase2-oracles.EJXGdU/firebase-js-sdk/packages/firestore/dist/index.d.ts:3335:69 - (tsdoc-code-span-missing-delimiter) The code span is missing its closing backtick[39m
[33mWarning: /private/tmp/fireside-phase2-oracles.EJXGdU/firebase-js-sdk/packages/firestore/dist/index.d.ts:3336:21 - (tsdoc-code-span-missing-delimiter) The code span is missing its closing backtick[39m
[33mWarning: /private/tmp/fireside-phase2-oracles.EJXGdU/firebase-js-sdk/packages/firestore/dist/index.d.ts:3373:29 - (tsdoc-reference-missing-colon) Expecting a colon after the identifier because the expression is in parentheses[39m
[33mWarning: /private/tmp/fireside-phase2-oracles.EJXGdU/firebase-js-sdk/packages/firestore/dist/index.d.ts:3373:85 - (tsdoc-reference-missing-colon) Expecting a colon after the identifier because the expression is in parentheses[39m
API report for firestore written to /private/tmp/fireside-phase2-oracles.EJXGdU/firebase-js-sdk/common/api-review
npm warn Unknown env config "version-git-tag". This will error in a future major version of npm. See `npm help npmrc` for supported config options.
npm warn Unknown env config "python". This will error in a future major version of npm. See `npm help npmrc` for supported config options.
npm warn Unknown env config "argv". This will error in a future major version of npm. See `npm help npmrc` for supported config options.
npm warn Unknown env config "version-commit-hooks". This will error in a future major version of npm. See `npm help npmrc` for supported config options.
npm warn Unknown env config "version-git-message". This will error in a future major version of npm. See `npm help npmrc` for supported config options.
npm warn Unknown env config "version-tag-prefix". This will error in a future major version of npm. See `npm help npmrc` for supported config options.
npm notice run @firebase/firestore@4.17.1 api-report:pipelines
npm notice run TS_NODE_COMPILER_OPTIONS='{"module":"commonjs"}' ts-node ../../repo-scripts/prune-dts/extract-public-api.ts --package firestore-pipelines --packageRoot . --typescriptDts ./dist/firestore/pipelines/pipelines.d.ts --rollupDts ./dist/private.pipelines.d.ts --untrimmedRollupDts ./dist/internal.pipelines.d.ts --publicDts ./dist/pipelines.d.ts --otherExportsPublicDtsFiles ./dist/index.d.ts  --excludeForgottenExportWarning && TS_NODE_COMPILER_OPTIONS='{"module":"commonjs"}' ts-node scripts/build-console-ui-types.ts --input ./dist/pipelines.d.ts --output ./dist/pipelines_extra_lib.txt
Configuring API Extractor for firestore-pipelines
/private/var/folders/17/97zrc8dn5kj9m8sn51kc0h3w0000gn/T/tmp-70919-4Er6WWre208L/api-extractor.json
Analysis will use the bundled TypeScript version 4.1.6
[33mWarning: /private/tmp/fireside-phase2-oracles.EJXGdU/firebase-js-sdk/packages/app/src/firebaseServerApp.ts:64:34 - (TS2315) Type 'FinalizationRegistry' is not generic.[39m
[33mWarning: /private/tmp/fireside-phase2-oracles.EJXGdU/firebase-js-sdk/packages/firestore/dist/firestore/src/api/cache_config.d.ts:22:59 - (tsdoc-reference-missing-dot) Expecting a period before the next component of a declaration reference[39m
[33mWarning: /private/tmp/fireside-phase2-oracles.EJXGdU/firebase-js-sdk/packages/firestore/dist/firestore/src/api/cache_config.d.ts:40:59 - (tsdoc-reference-missing-dot) Expecting a period before the next component of a declaration reference[39m
[33mWarning: /private/tmp/fireside-phase2-oracles.EJXGdU/firebase-js-sdk/packages/firestore/dist/firestore/src/api/pipeline.d.ts:24:8 - (tsdoc-param-tag-missing-hyphen) The @param block should be followed by a parameter name and then a hyphen[39m
[33mWarning: /private/tmp/fireside-phase2-oracles.EJXGdU/firebase-js-sdk/packages/firestore/dist/firestore/src/api/pipeline.d.ts:25:8 - (tsdoc-param-tag-missing-hyphen) The @param block should be followed by a parameter name and then a hyphen[39m
[33mWarning: /private/tmp/fireside-phase2-oracles.EJXGdU/firebase-js-sdk/packages/firestore/dist/firestore/src/api/pipeline.d.ts:26:8 - (tsdoc-param-tag-missing-hyphen) The @param block should be followed by a parameter name and then a hyphen[39m
[33mWarning: /private/tmp/fireside-phase2-oracles.EJXGdU/firebase-js-sdk/packages/firestore/dist/firestore/src/api/pipeline.d.ts:27:8 - (tsdoc-param-tag-missing-hyphen) The @param block should be followed by a parameter name and then a hyphen[39m
[33mWarning: /private/tmp/fireside-phase2-oracles.EJXGdU/firebase-js-sdk/packages/firestore/dist/firestore/src/api/pipeline.d.ts:28:8 - (tsdoc-param-tag-missing-hyphen) The @param block should be followed by a parameter name and then a hyphen[39m
[33mWarning: /private/tmp/fireside-phase2-oracles.EJXGdU/firebase-js-sdk/packages/firestore/dist/firestore/src/api/snapshot.d.ts:231:35 - (tsdoc-reference-missing-colon) Expecting a colon after the identifier because the expression is in parentheses[39m
[33mWarning: /private/tmp/fireside-phase2-oracles.EJXGdU/firebase-js-sdk/packages/firestore/dist/firestore/src/api/snapshot.d.ts:232:15 - (tsdoc-reference-missing-colon) Expecting a colon after the identifier because the expression is in parentheses[39m
[33mWarning: /private/tmp/fireside-phase2-oracles.EJXGdU/firebase-js-sdk/packages/firestore/dist/firestore/src/api/snapshot.d.ts:253:44 - (tsdoc-reference-missing-colon) Expecting a colon after the identifier because the expression is in parentheses[39m
[33mWarning: /private/tmp/fireside-phase2-oracles.EJXGdU/firebase-js-sdk/packages/firestore/dist/firestore/src/lite-api/expressions.d.ts:1417:8 - (tsdoc-param-tag-missing-hyphen) The @param block should be followed by a parameter name and then a hyphen[39m
[33mWarning: /private/tmp/fireside-phase2-oracles.EJXGdU/firebase-js-sdk/packages/firestore/dist/firestore/src/lite-api/expressions.d.ts:2593:8 - (tsdoc-param-tag-missing-hyphen) The @param block should be followed by a parameter name and then a hyphen[39m
[33mWarning: /private/tmp/fireside-phase2-oracles.EJXGdU/firebase-js-sdk/packages/firestore/dist/firestore/src/lite-api/expressions.d.ts:2699:1 - (ae-internal-mixed-release-tag) Mixed release tags are not allowed for "constant" because one of its declarations is marked as @internal[39m
[33mWarning: /private/tmp/fireside-phase2-oracles.EJXGdU/firebase-js-sdk/packages/firestore/dist/firestore/src/lite-api/expressions.d.ts:8329:4 - (tsdoc-param-tag-missing-hyphen) The @param block should be followed by a parameter name and then a hyphen[39m
[33mWarning: /private/tmp/fireside-phase2-oracles.EJXGdU/firebase-js-sdk/packages/firestore/dist/firestore/src/lite-api/pipeline-result.d.ts:100:8 - (tsdoc-param-tag-missing-hyphen) The @param block should be followed by a parameter name and then a hyphen[39m
[33mWarning: /private/tmp/fireside-phase2-oracles.EJXGdU/firebase-js-sdk/packages/firestore/dist/firestore/src/lite-api/pipeline-result.d.ts:101:8 - (tsdoc-param-tag-missing-hyphen) The @param block should be followed by a parameter name and then a hyphen[39m
[33mWarning: /private/tmp/fireside-phase2-oracles.EJXGdU/firebase-js-sdk/packages/firestore/dist/firestore/src/lite-api/pipeline-result.d.ts:107:8 - (tsdoc-param-tag-missing-hyphen) The @param block should be followed by a parameter name and then a hyphen[39m
[33mWarning: /private/tmp/fireside-phase2-oracles.EJXGdU/firebase-js-sdk/packages/firestore/dist/firestore/src/lite-api/pipeline-result.d.ts:108:8 - (tsdoc-param-tag-missing-hyphen) The @param block should be followed by a parameter name and then a hyphen[39m
[33mWarning: /private/tmp/fireside-phase2-oracles.EJXGdU/firebase-js-sdk/packages/firestore/dist/firestore/src/lite-api/pipeline-result.d.ts:109:8 - (tsdoc-param-tag-missing-hyphen) The @param block should be followed by a parameter name and then a hyphen[39m
[33mWarning: /private/tmp/fireside-phase2-oracles.EJXGdU/firebase-js-sdk/packages/firestore/dist/firestore/src/lite-api/pipeline-result.d.ts:110:8 - (tsdoc-param-tag-missing-hyphen) The @param block should be followed by a parameter name and then a hyphen[39m
[33mWarning: /private/tmp/fireside-phase2-oracles.EJXGdU/firebase-js-sdk/packages/firestore/dist/firestore/src/lite-api/pipeline-result.d.ts:111:8 - (tsdoc-param-tag-missing-hyphen) The @param block should be followed by a parameter name and then a hyphen[39m
[33mWarning: /private/tmp/fireside-phase2-oracles.EJXGdU/firebase-js-sdk/packages/firestore/dist/firestore/src/lite-api/pipeline-source.d.ts:41:8 - (tsdoc-param-tag-missing-hyphen) The @param block should be followed by a parameter name and then a hyphen[39m
[33mWarning: /private/tmp/fireside-phase2-oracles.EJXGdU/firebase-js-sdk/packages/firestore/dist/firestore/src/lite-api/pipeline-source.d.ts:42:8 - (tsdoc-param-tag-missing-hyphen) The @param block should be followed by a parameter name and then a hyphen[39m
[33mWarning: /private/tmp/fireside-phase2-oracles.EJXGdU/firebase-js-sdk/packages/firestore/dist/firestore/src/lite-api/pipeline-source.d.ts:43:8 - (tsdoc-param-tag-missing-hyphen) The @param block should be followed by a parameter name and then a hyphen[39m
[33mWarning: /private/tmp/fireside-phase2-oracles.EJXGdU/firebase-js-sdk/packages/firestore/dist/firestore/src/lite-api/pipeline.d.ts:87:8 - (tsdoc-param-tag-missing-hyphen) The @param block should be followed by a parameter name and then a hyphen[39m
[33mWarning: /private/tmp/fireside-phase2-oracles.EJXGdU/firebase-js-sdk/packages/firestore/dist/firestore/src/lite-api/pipeline.d.ts:88:8 - (tsdoc-param-tag-missing-hyphen) The @param block should be followed by a parameter name and then a hyphen[39m
[33mWarning: /private/tmp/fireside-phase2-oracles.EJXGdU/firebase-js-sdk/packages/firestore/dist/firestore/src/lite-api/pipeline.d.ts:89:8 - (tsdoc-param-tag-missing-hyphen) The @param block should be followed by a parameter name and then a hyphen[39m
[33mWarning: /private/tmp/fireside-phase2-oracles.EJXGdU/firebase-js-sdk/packages/firestore/dist/firestore/src/lite-api/pipeline.d.ts:90:8 - (tsdoc-param-tag-missing-hyphen) The @param block should be followed by a parameter name and then a hyphen[39m
[33mWarning: /private/tmp/fireside-phase2-oracles.EJXGdU/firebase-js-sdk/packages/firestore/dist/firestore/src/lite-api/pipeline.d.ts:1101:8 - (tsdoc-param-tag-missing-hyphen) The @param block should be followed by a parameter name and then a hyphen[39m
[33mWarning: /private/tmp/fireside-phase2-oracles.EJXGdU/firebase-js-sdk/packages/firestore/dist/firestore/src/lite-api/pipeline.d.ts:1102:8 - (tsdoc-param-tag-missing-hyphen) The @param block should be followed by a parameter name and then a hyphen[39m
[33mWarning: /private/tmp/fireside-phase2-oracles.EJXGdU/firebase-js-sdk/packages/firestore/dist/firestore/src/lite-api/pipeline.d.ts:1103:8 - (tsdoc-param-tag-missing-hyphen) The @param block should be followed by a parameter name and then a hyphen[39m
[33mWarning: /private/tmp/fireside-phase2-oracles.EJXGdU/firebase-js-sdk/packages/firestore/dist/firestore/src/lite-api/pipeline.d.ts:1104:8 - (tsdoc-param-tag-missing-hyphen) The @param block should be followed by a parameter name and then a hyphen[39m
[33mWarning: /private/tmp/fireside-phase2-oracles.EJXGdU/firebase-js-sdk/packages/firestore/dist/firestore/src/lite-api/reference.d.ts:59:29 - (tsdoc-reference-missing-colon) Expecting a colon after the identifier because the expression is in parentheses[39m
[33mWarning: /private/tmp/fireside-phase2-oracles.EJXGdU/firebase-js-sdk/packages/firestore/dist/firestore/src/lite-api/reference.d.ts:59:85 - (tsdoc-reference-missing-colon) Expecting a colon after the identifier because the expression is in parentheses[39m
[33mWarning: /private/tmp/fireside-phase2-oracles.EJXGdU/firebase-js-sdk/packages/firestore/dist/firestore/src/lite-api/snapshot.d.ts:215:40 - (tsdoc-reference-missing-colon) Expecting a colon after the identifier because the expression is in parentheses[39m
[33mWarning: /private/tmp/fireside-phase2-oracles.EJXGdU/firebase-js-sdk/packages/firestore/dist/firestore/src/lite-api/snapshot.d.ts:216:40 - (tsdoc-reference-missing-colon) Expecting a colon after the identifier because the expression is in parentheses[39m
[33mWarning: /private/tmp/fireside-phase2-oracles.EJXGdU/firebase-js-sdk/packages/firestore/dist/firestore/src/lite-api/snapshot.d.ts:227:40 - (tsdoc-reference-missing-colon) Expecting a colon after the identifier because the expression is in parentheses[39m
[33mWarning: /private/tmp/fireside-phase2-oracles.EJXGdU/firebase-js-sdk/packages/firestore/dist/firestore/src/lite-api/snapshot.d.ts:228:40 - (tsdoc-reference-missing-colon) Expecting a colon after the identifier because the expression is in parentheses[39m
[33mWarning: /private/tmp/fireside-phase2-oracles.EJXGdU/firebase-js-sdk/packages/firestore/dist/firestore/src/local/local_documents_view.d.ts:117:8 - (tsdoc-param-tag-missing-hyphen) The @param block should be followed by a parameter name and then a hyphen[39m
[33mWarning: /private/tmp/fireside-phase2-oracles.EJXGdU/firebase-js-sdk/packages/firestore/dist/firestore/src/model/field_index.d.ts:89:50 - (tsdoc-escape-greater-than) The ">" character should be escaped using a backslash to avoid confusion with an HTML tag[39m
[33mWarning: /private/tmp/fireside-phase2-oracles.EJXGdU/firebase-js-sdk/packages/firestore/dist/firestore/src/model/field_index.d.ts:89:54 - (tsdoc-escape-greater-than) The ">" character should be escaped using a backslash to avoid confusion with an HTML tag[39m
[33mWarning: /private/tmp/fireside-phase2-oracles.EJXGdU/firebase-js-sdk/packages/firestore/dist/firestore/src/model/field_index.d.ts:89:39 - (tsdoc-malformed-html-name) Invalid HTML element: Expecting an HTML name[39m
[33mWarning: /private/tmp/fireside-phase2-oracles.EJXGdU/firebase-js-sdk/packages/firestore/dist/firestore/src/model/field_index.d.ts:89:42 - (tsdoc-malformed-html-name) Invalid HTML element: Expecting an HTML name[39m
[33mWarning: /private/tmp/fireside-phase2-oracles.EJXGdU/firebase-js-sdk/packages/firestore/dist/firestore/src/model/field_index.d.ts:93:50 - (tsdoc-escape-greater-than) The ">" character should be escaped using a backslash to avoid confusion with an HTML tag[39m
[33mWarning: /private/tmp/fireside-phase2-oracles.EJXGdU/firebase-js-sdk/packages/firestore/dist/firestore/src/model/field_index.d.ts:93:54 - (tsdoc-escape-greater-than) The ">" character should be escaped using a backslash to avoid confusion with an HTML tag[39m
[33mWarning: /private/tmp/fireside-phase2-oracles.EJXGdU/firebase-js-sdk/packages/firestore/dist/firestore/src/model/field_index.d.ts:93:39 - (tsdoc-malformed-html-name) Invalid HTML element: Expecting an HTML name[39m
[33mWarning: /private/tmp/fireside-phase2-oracles.EJXGdU/firebase-js-sdk/packages/firestore/dist/firestore/src/model/field_index.d.ts:93:42 - (tsdoc-malformed-html-name) Invalid HTML element: Expecting an HTML name[39m
Generated rollup DTS
Pruned DTS file
(node:70919) Warning: The 'NO_COLOR' env is ignored due to the 'FORCE_COLOR' env being set.
(Use `node --trace-warnings ...` to show where the warning was created)
Added blank lines after imports
Removed unused imports
Formatted public DTS with Prettier
/private/var/folders/17/97zrc8dn5kj9m8sn51kc0h3w0000gn/T/tmp-70919-4Er6WWre208L/api-extractor.json
Analysis will use the bundled TypeScript version 4.1.6
[33mWarning: /private/tmp/fireside-phase2-oracles.EJXGdU/firebase-js-sdk/packages/app/src/firebaseServerApp.ts:64:34 - (TS2315) Type 'FinalizationRegistry' is not generic.[39m
[33mWarning: /private/tmp/fireside-phase2-oracles.EJXGdU/firebase-js-sdk/packages/firestore/dist/pipelines.d.ts:12:1 - (ae-misplaced-package-tag) The @packageDocumentation comment must appear at the top of entry point *.d.ts file[39m
[33mWarning: /private/tmp/fireside-phase2-oracles.EJXGdU/firebase-js-sdk/packages/firestore/dist/pipelines.d.ts:2327:4 - (tsdoc-param-tag-missing-hyphen) The @param block should be followed by a parameter name and then a hyphen[39m
[33mWarning: /private/tmp/fireside-phase2-oracles.EJXGdU/firebase-js-sdk/packages/firestore/dist/pipelines.d.ts:4254:6 - (tsdoc-param-tag-missing-hyphen) The @param block should be followed by a parameter name and then a hyphen[39m
API report for firestore-pipelines written to /private/tmp/fireside-phase2-oracles.EJXGdU/firebase-js-sdk/common/api-review
Successfully generated and verified console UI types at /private/tmp/fireside-phase2-oracles.EJXGdU/firebase-js-sdk/packages/firestore/dist/pipelines_extra_lib.txt
(node:70999) Warning: The 'NO_COLOR' env is ignored due to the 'FORCE_COLOR' env being set.
(Use `node --trace-warnings ...` to show where the warning was created)
npm warn Unknown env config "version-git-tag". This will error in a future major version of npm. See `npm help npmrc` for supported config options.
npm warn Unknown env config "python". This will error in a future major version of npm. See `npm help npmrc` for supported config options.
npm warn Unknown env config "argv". This will error in a future major version of npm. See `npm help npmrc` for supported config options.
npm warn Unknown env config "version-commit-hooks". This will error in a future major version of npm. See `npm help npmrc` for supported config options.
npm warn Unknown env config "version-git-message". This will error in a future major version of npm. See `npm help npmrc` for supported config options.
npm warn Unknown env config "version-tag-prefix". This will error in a future major version of npm. See `npm help npmrc` for supported config options.
npm notice run @firebase/firestore@4.17.1 api-report:lite
npm notice run TS_NODE_COMPILER_OPTIONS='{"module":"commonjs"}' ts-node ../../repo-scripts/prune-dts/extract-public-api.ts --package firestore-lite --packageRoot . --typescriptDts ./dist/firestore/lite/index.d.ts --rollupDts ./dist/lite/private.d.ts --untrimmedRollupDts ./dist/lite/internal.d.ts --publicDts ./dist/lite/index.d.ts
Configuring API Extractor for firestore-lite
/private/var/folders/17/97zrc8dn5kj9m8sn51kc0h3w0000gn/T/tmp-71103-DuFbigQjMyXx/api-extractor.json
Analysis will use the bundled TypeScript version 4.1.6
[33mWarning: /private/tmp/fireside-phase2-oracles.EJXGdU/firebase-js-sdk/packages/app/src/firebaseServerApp.ts:64:34 - (TS2315) Type 'FinalizationRegistry' is not generic.[39m
[33mWarning: /private/tmp/fireside-phase2-oracles.EJXGdU/firebase-js-sdk/packages/firestore/dist/firestore/src/api/cache_config.d.ts:22:59 - (tsdoc-reference-missing-dot) Expecting a period before the next component of a declaration reference[39m
[33mWarning: /private/tmp/fireside-phase2-oracles.EJXGdU/firebase-js-sdk/packages/firestore/dist/firestore/src/api/cache_config.d.ts:40:59 - (tsdoc-reference-missing-dot) Expecting a period before the next component of a declaration reference[39m
[33mWarning: /private/tmp/fireside-phase2-oracles.EJXGdU/firebase-js-sdk/packages/firestore/dist/firestore/src/lite-api/aggregate.d.ts:82:32 - (tsdoc-code-span-missing-delimiter) The code span is missing its closing backtick[39m
[33mWarning: /private/tmp/fireside-phase2-oracles.EJXGdU/firebase-js-sdk/packages/firestore/dist/firestore/src/lite-api/database.d.ts:153:4 - (tsdoc-param-tag-with-invalid-name) The @param block should be followed by a valid parameter name: The identifier cannot non-word characters[39m
[33mWarning: /private/tmp/fireside-phase2-oracles.EJXGdU/firebase-js-sdk/packages/firestore/dist/firestore/src/lite-api/field_value_impl.d.ts:44:13 - (tsdoc-reference-selector-missing-parens) Syntax error in declaration reference: the member selector must be enclosed in parentheses[39m
[33mWarning: /private/tmp/fireside-phase2-oracles.EJXGdU/firebase-js-sdk/packages/firestore/dist/firestore/src/lite-api/reference.d.ts:59:29 - (tsdoc-reference-missing-colon) Expecting a colon after the identifier because the expression is in parentheses[39m
[33mWarning: /private/tmp/fireside-phase2-oracles.EJXGdU/firebase-js-sdk/packages/firestore/dist/firestore/src/lite-api/reference.d.ts:59:85 - (tsdoc-reference-missing-colon) Expecting a colon after the identifier because the expression is in parentheses[39m
[33mWarning: /private/tmp/fireside-phase2-oracles.EJXGdU/firebase-js-sdk/packages/firestore/dist/firestore/src/lite-api/snapshot.d.ts:215:40 - (tsdoc-reference-missing-colon) Expecting a colon after the identifier because the expression is in parentheses[39m
[33mWarning: /private/tmp/fireside-phase2-oracles.EJXGdU/firebase-js-sdk/packages/firestore/dist/firestore/src/lite-api/snapshot.d.ts:216:40 - (tsdoc-reference-missing-colon) Expecting a colon after the identifier because the expression is in parentheses[39m
[33mWarning: /private/tmp/fireside-phase2-oracles.EJXGdU/firebase-js-sdk/packages/firestore/dist/firestore/src/lite-api/snapshot.d.ts:227:40 - (tsdoc-reference-missing-colon) Expecting a colon after the identifier because the expression is in parentheses[39m
[33mWarning: /private/tmp/fireside-phase2-oracles.EJXGdU/firebase-js-sdk/packages/firestore/dist/firestore/src/lite-api/snapshot.d.ts:228:40 - (tsdoc-reference-missing-colon) Expecting a colon after the identifier because the expression is in parentheses[39m
[33mWarning: /private/tmp/fireside-phase2-oracles.EJXGdU/firebase-js-sdk/packages/firestore/dist/firestore/src/lite-api/types.d.ts:26:60 - (tsdoc-malformed-inline-tag) Expecting a TSDoc tag starting with "{@"[39m
[33mWarning: /private/tmp/fireside-phase2-oracles.EJXGdU/firebase-js-sdk/packages/firestore/dist/firestore/src/lite-api/types.d.ts:27:17 - (tsdoc-escape-right-brace) The "}" character should be escaped using a backslash to avoid confusion with a TSDoc inline tag[39m
[33mWarning: /private/tmp/fireside-phase2-oracles.EJXGdU/firebase-js-sdk/packages/firestore/dist/firestore/src/local/local_documents_view.d.ts:117:8 - (tsdoc-param-tag-missing-hyphen) The @param block should be followed by a parameter name and then a hyphen[39m
[33mWarning: /private/tmp/fireside-phase2-oracles.EJXGdU/firebase-js-sdk/packages/firestore/dist/firestore/src/model/field_index.d.ts:89:50 - (tsdoc-escape-greater-than) The ">" character should be escaped using a backslash to avoid confusion with an HTML tag[39m
[33mWarning: /private/tmp/fireside-phase2-oracles.EJXGdU/firebase-js-sdk/packages/firestore/dist/firestore/src/model/field_index.d.ts:89:54 - (tsdoc-escape-greater-than) The ">" character should be escaped using a backslash to avoid confusion with an HTML tag[39m
[33mWarning: /private/tmp/fireside-phase2-oracles.EJXGdU/firebase-js-sdk/packages/firestore/dist/firestore/src/model/field_index.d.ts:89:39 - (tsdoc-malformed-html-name) Invalid HTML element: Expecting an HTML name[39m
[33mWarning: /private/tmp/fireside-phase2-oracles.EJXGdU/firebase-js-sdk/packages/firestore/dist/firestore/src/model/field_index.d.ts:89:42 - (tsdoc-malformed-html-name) Invalid HTML element: Expecting an HTML name[39m
[33mWarning: /private/tmp/fireside-phase2-oracles.EJXGdU/firebase-js-sdk/packages/firestore/dist/firestore/src/model/field_index.d.ts:93:50 - (tsdoc-escape-greater-than) The ">" character should be escaped using a backslash to avoid confusion with an HTML tag[39m
[33mWarning: /private/tmp/fireside-phase2-oracles.EJXGdU/firebase-js-sdk/packages/firestore/dist/firestore/src/model/field_index.d.ts:93:54 - (tsdoc-escape-greater-than) The ">" character should be escaped using a backslash to avoid confusion with an HTML tag[39m
[33mWarning: /private/tmp/fireside-phase2-oracles.EJXGdU/firebase-js-sdk/packages/firestore/dist/firestore/src/model/field_index.d.ts:93:39 - (tsdoc-malformed-html-name) Invalid HTML element: Expecting an HTML name[39m
[33mWarning: /private/tmp/fireside-phase2-oracles.EJXGdU/firebase-js-sdk/packages/firestore/dist/firestore/src/model/field_index.d.ts:93:42 - (tsdoc-malformed-html-name) Invalid HTML element: Expecting an HTML name[39m
Generated rollup DTS
Pruned DTS file
(node:71103) Warning: The 'NO_COLOR' env is ignored due to the 'FORCE_COLOR' env being set.
(Use `node --trace-warnings ...` to show where the warning was created)
Added blank lines after imports
Removed unused imports
Formatted public DTS with Prettier
/private/var/folders/17/97zrc8dn5kj9m8sn51kc0h3w0000gn/T/tmp-71103-DuFbigQjMyXx/api-extractor.json
Analysis will use the bundled TypeScript version 4.1.6
[33mWarning: /private/tmp/fireside-phase2-oracles.EJXGdU/firebase-js-sdk/packages/app/src/firebaseServerApp.ts:64:34 - (TS2315) Type 'FinalizationRegistry' is not generic.[39m
[33mWarning: /private/tmp/fireside-phase2-oracles.EJXGdU/firebase-js-sdk/packages/firestore/dist/lite/index.d.ts:62:32 - (tsdoc-code-span-missing-delimiter) The code span is missing its closing backtick[39m
[33mWarning: /private/tmp/fireside-phase2-oracles.EJXGdU/firebase-js-sdk/packages/firestore/dist/lite/index.d.ts:168:13 - (tsdoc-reference-selector-missing-parens) Syntax error in declaration reference: the member selector must be enclosed in parentheses[39m
[33mWarning: /private/tmp/fireside-phase2-oracles.EJXGdU/firebase-js-sdk/packages/firestore/dist/lite/index.d.ts:416:4 - (tsdoc-param-tag-with-invalid-name) The @param block should be followed by a valid parameter name: The identifier cannot non-word characters[39m
[33mWarning: /private/tmp/fireside-phase2-oracles.EJXGdU/firebase-js-sdk/packages/firestore/dist/lite/index.d.ts:975:38 - (tsdoc-reference-missing-colon) Expecting a colon after the identifier because the expression is in parentheses[39m
[33mWarning: /private/tmp/fireside-phase2-oracles.EJXGdU/firebase-js-sdk/packages/firestore/dist/lite/index.d.ts:976:38 - (tsdoc-reference-missing-colon) Expecting a colon after the identifier because the expression is in parentheses[39m
[33mWarning: /private/tmp/fireside-phase2-oracles.EJXGdU/firebase-js-sdk/packages/firestore/dist/lite/index.d.ts:989:38 - (tsdoc-reference-missing-colon) Expecting a colon after the identifier because the expression is in parentheses[39m
[33mWarning: /private/tmp/fireside-phase2-oracles.EJXGdU/firebase-js-sdk/packages/firestore/dist/lite/index.d.ts:990:38 - (tsdoc-reference-missing-colon) Expecting a colon after the identifier because the expression is in parentheses[39m
[33mWarning: /private/tmp/fireside-phase2-oracles.EJXGdU/firebase-js-sdk/packages/firestore/dist/lite/index.d.ts:1389:60 - (tsdoc-malformed-inline-tag) Expecting a TSDoc tag starting with "{@"[39m
[33mWarning: /private/tmp/fireside-phase2-oracles.EJXGdU/firebase-js-sdk/packages/firestore/dist/lite/index.d.ts:1390:17 - (tsdoc-escape-right-brace) The "}" character should be escaped using a backslash to avoid confusion with a TSDoc inline tag[39m
[33mWarning: /private/tmp/fireside-phase2-oracles.EJXGdU/firebase-js-sdk/packages/firestore/dist/lite/index.d.ts:1856:29 - (tsdoc-reference-missing-colon) Expecting a colon after the identifier because the expression is in parentheses[39m
[33mWarning: /private/tmp/fireside-phase2-oracles.EJXGdU/firebase-js-sdk/packages/firestore/dist/lite/index.d.ts:1856:85 - (tsdoc-reference-missing-colon) Expecting a colon after the identifier because the expression is in parentheses[39m
API report for firestore-lite written to /private/tmp/fireside-phase2-oracles.EJXGdU/firebase-js-sdk/common/api-review
npm warn Unknown env config "version-git-tag". This will error in a future major version of npm. See `npm help npmrc` for supported config options.
npm warn Unknown env config "python". This will error in a future major version of npm. See `npm help npmrc` for supported config options.
npm warn Unknown env config "argv". This will error in a future major version of npm. See `npm help npmrc` for supported config options.
npm warn Unknown env config "version-commit-hooks". This will error in a future major version of npm. See `npm help npmrc` for supported config options.
npm warn Unknown env config "version-git-message". This will error in a future major version of npm. See `npm help npmrc` for supported config options.
npm warn Unknown env config "version-tag-prefix". This will error in a future major version of npm. See `npm help npmrc` for supported config options.
npm notice run @firebase/firestore@4.17.1 api-report:lite:pipelines
npm notice run TS_NODE_COMPILER_OPTIONS='{"module":"commonjs"}' ts-node ../../repo-scripts/prune-dts/extract-public-api.ts --package firestore-lite-pipelines --packageRoot . --typescriptDts ./dist/firestore/lite/pipelines/pipelines.d.ts --rollupDts ./dist/lite/private.pipelines.d.ts --untrimmedRollupDts ./dist/lite/internal.pipelines.d.ts --publicDts ./dist/lite/pipelines.d.ts --otherExportsPublicDtsFiles ./dist/lite/index.d.ts --excludeForgottenExportWarning
Configuring API Extractor for firestore-lite-pipelines
/private/var/folders/17/97zrc8dn5kj9m8sn51kc0h3w0000gn/T/tmp-71434-qxLN3qPP0Fq0/api-extractor.json
Analysis will use the bundled TypeScript version 4.1.6
[33mWarning: /private/tmp/fireside-phase2-oracles.EJXGdU/firebase-js-sdk/packages/app/src/firebaseServerApp.ts:64:34 - (TS2315) Type 'FinalizationRegistry' is not generic.[39m
[33mWarning: /private/tmp/fireside-phase2-oracles.EJXGdU/firebase-js-sdk/packages/firestore/dist/firestore/src/api/cache_config.d.ts:22:59 - (tsdoc-reference-missing-dot) Expecting a period before the next component of a declaration reference[39m
[33mWarning: /private/tmp/fireside-phase2-oracles.EJXGdU/firebase-js-sdk/packages/firestore/dist/firestore/src/api/cache_config.d.ts:40:59 - (tsdoc-reference-missing-dot) Expecting a period before the next component of a declaration reference[39m
[33mWarning: /private/tmp/fireside-phase2-oracles.EJXGdU/firebase-js-sdk/packages/firestore/dist/firestore/src/lite-api/expressions.d.ts:1417:8 - (tsdoc-param-tag-missing-hyphen) The @param block should be followed by a parameter name and then a hyphen[39m
[33mWarning: /private/tmp/fireside-phase2-oracles.EJXGdU/firebase-js-sdk/packages/firestore/dist/firestore/src/lite-api/expressions.d.ts:2593:8 - (tsdoc-param-tag-missing-hyphen) The @param block should be followed by a parameter name and then a hyphen[39m
[33mWarning: /private/tmp/fireside-phase2-oracles.EJXGdU/firebase-js-sdk/packages/firestore/dist/firestore/src/lite-api/expressions.d.ts:2664:1 - (ae-internal-missing-underscore) The name "Constant" should be prefixed with an underscore because the declaration is marked as @internal[39m
[33mWarning: /private/tmp/fireside-phase2-oracles.EJXGdU/firebase-js-sdk/packages/firestore/dist/firestore/src/lite-api/expressions.d.ts:2699:1 - (ae-internal-mixed-release-tag) Mixed release tags are not allowed for "constant" because one of its declarations is marked as @internal[39m
[33mWarning: /private/tmp/fireside-phase2-oracles.EJXGdU/firebase-js-sdk/packages/firestore/dist/firestore/src/lite-api/expressions.d.ts:8329:4 - (tsdoc-param-tag-missing-hyphen) The @param block should be followed by a parameter name and then a hyphen[39m
[33mWarning: /private/tmp/fireside-phase2-oracles.EJXGdU/firebase-js-sdk/packages/firestore/dist/firestore/src/lite-api/pipeline-result.d.ts:100:8 - (tsdoc-param-tag-missing-hyphen) The @param block should be followed by a parameter name and then a hyphen[39m
[33mWarning: /private/tmp/fireside-phase2-oracles.EJXGdU/firebase-js-sdk/packages/firestore/dist/firestore/src/lite-api/pipeline-result.d.ts:101:8 - (tsdoc-param-tag-missing-hyphen) The @param block should be followed by a parameter name and then a hyphen[39m
[33mWarning: /private/tmp/fireside-phase2-oracles.EJXGdU/firebase-js-sdk/packages/firestore/dist/firestore/src/lite-api/pipeline-result.d.ts:107:8 - (tsdoc-param-tag-missing-hyphen) The @param block should be followed by a parameter name and then a hyphen[39m
[33mWarning: /private/tmp/fireside-phase2-oracles.EJXGdU/firebase-js-sdk/packages/firestore/dist/firestore/src/lite-api/pipeline-result.d.ts:108:8 - (tsdoc-param-tag-missing-hyphen) The @param block should be followed by a parameter name and then a hyphen[39m
[33mWarning: /private/tmp/fireside-phase2-oracles.EJXGdU/firebase-js-sdk/packages/firestore/dist/firestore/src/lite-api/pipeline-result.d.ts:109:8 - (tsdoc-param-tag-missing-hyphen) The @param block should be followed by a parameter name and then a hyphen[39m
[33mWarning: /private/tmp/fireside-phase2-oracles.EJXGdU/firebase-js-sdk/packages/firestore/dist/firestore/src/lite-api/pipeline-result.d.ts:110:8 - (tsdoc-param-tag-missing-hyphen) The @param block should be followed by a parameter name and then a hyphen[39m
[33mWarning: /private/tmp/fireside-phase2-oracles.EJXGdU/firebase-js-sdk/packages/firestore/dist/firestore/src/lite-api/pipeline-result.d.ts:111:8 - (tsdoc-param-tag-missing-hyphen) The @param block should be followed by a parameter name and then a hyphen[39m
[33mWarning: /private/tmp/fireside-phase2-oracles.EJXGdU/firebase-js-sdk/packages/firestore/dist/firestore/src/lite-api/pipeline-source.d.ts:41:8 - (tsdoc-param-tag-missing-hyphen) The @param block should be followed by a parameter name and then a hyphen[39m
[33mWarning: /private/tmp/fireside-phase2-oracles.EJXGdU/firebase-js-sdk/packages/firestore/dist/firestore/src/lite-api/pipeline-source.d.ts:42:8 - (tsdoc-param-tag-missing-hyphen) The @param block should be followed by a parameter name and then a hyphen[39m
[33mWarning: /private/tmp/fireside-phase2-oracles.EJXGdU/firebase-js-sdk/packages/firestore/dist/firestore/src/lite-api/pipeline-source.d.ts:43:8 - (tsdoc-param-tag-missing-hyphen) The @param block should be followed by a parameter name and then a hyphen[39m
[33mWarning: /private/tmp/fireside-phase2-oracles.EJXGdU/firebase-js-sdk/packages/firestore/dist/firestore/src/lite-api/pipeline.d.ts:87:8 - (tsdoc-param-tag-missing-hyphen) The @param block should be followed by a parameter name and then a hyphen[39m
[33mWarning: /private/tmp/fireside-phase2-oracles.EJXGdU/firebase-js-sdk/packages/firestore/dist/firestore/src/lite-api/pipeline.d.ts:88:8 - (tsdoc-param-tag-missing-hyphen) The @param block should be followed by a parameter name and then a hyphen[39m
[33mWarning: /private/tmp/fireside-phase2-oracles.EJXGdU/firebase-js-sdk/packages/firestore/dist/firestore/src/lite-api/pipeline.d.ts:89:8 - (tsdoc-param-tag-missing-hyphen) The @param block should be followed by a parameter name and then a hyphen[39m
[33mWarning: /private/tmp/fireside-phase2-oracles.EJXGdU/firebase-js-sdk/packages/firestore/dist/firestore/src/lite-api/pipeline.d.ts:90:8 - (tsdoc-param-tag-missing-hyphen) The @param block should be followed by a parameter name and then a hyphen[39m
[33mWarning: /private/tmp/fireside-phase2-oracles.EJXGdU/firebase-js-sdk/packages/firestore/dist/firestore/src/lite-api/pipeline.d.ts:1101:8 - (tsdoc-param-tag-missing-hyphen) The @param block should be followed by a parameter name and then a hyphen[39m
[33mWarning: /private/tmp/fireside-phase2-oracles.EJXGdU/firebase-js-sdk/packages/firestore/dist/firestore/src/lite-api/pipeline.d.ts:1102:8 - (tsdoc-param-tag-missing-hyphen) The @param block should be followed by a parameter name and then a hyphen[39m
[33mWarning: /private/tmp/fireside-phase2-oracles.EJXGdU/firebase-js-sdk/packages/firestore/dist/firestore/src/lite-api/pipeline.d.ts:1103:8 - (tsdoc-param-tag-missing-hyphen) The @param block should be followed by a parameter name and then a hyphen[39m
[33mWarning: /private/tmp/fireside-phase2-oracles.EJXGdU/firebase-js-sdk/packages/firestore/dist/firestore/src/lite-api/pipeline.d.ts:1104:8 - (tsdoc-param-tag-missing-hyphen) The @param block should be followed by a parameter name and then a hyphen[39m
[33mWarning: /private/tmp/fireside-phase2-oracles.EJXGdU/firebase-js-sdk/packages/firestore/dist/firestore/src/lite-api/reference.d.ts:59:29 - (tsdoc-reference-missing-colon) Expecting a colon after the identifier because the expression is in parentheses[39m
[33mWarning: /private/tmp/fireside-phase2-oracles.EJXGdU/firebase-js-sdk/packages/firestore/dist/firestore/src/lite-api/reference.d.ts:59:85 - (tsdoc-reference-missing-colon) Expecting a colon after the identifier because the expression is in parentheses[39m
[33mWarning: /private/tmp/fireside-phase2-oracles.EJXGdU/firebase-js-sdk/packages/firestore/dist/firestore/src/lite-api/snapshot.d.ts:215:40 - (tsdoc-reference-missing-colon) Expecting a colon after the identifier because the expression is in parentheses[39m
[33mWarning: /private/tmp/fireside-phase2-oracles.EJXGdU/firebase-js-sdk/packages/firestore/dist/firestore/src/lite-api/snapshot.d.ts:216:40 - (tsdoc-reference-missing-colon) Expecting a colon after the identifier because the expression is in parentheses[39m
[33mWarning: /private/tmp/fireside-phase2-oracles.EJXGdU/firebase-js-sdk/packages/firestore/dist/firestore/src/lite-api/snapshot.d.ts:227:40 - (tsdoc-reference-missing-colon) Expecting a colon after the identifier because the expression is in parentheses[39m
[33mWarning: /private/tmp/fireside-phase2-oracles.EJXGdU/firebase-js-sdk/packages/firestore/dist/firestore/src/lite-api/snapshot.d.ts:228:40 - (tsdoc-reference-missing-colon) Expecting a colon after the identifier because the expression is in parentheses[39m
[33mWarning: /private/tmp/fireside-phase2-oracles.EJXGdU/firebase-js-sdk/packages/firestore/dist/firestore/src/local/local_documents_view.d.ts:117:8 - (tsdoc-param-tag-missing-hyphen) The @param block should be followed by a parameter name and then a hyphen[39m
[33mWarning: /private/tmp/fireside-phase2-oracles.EJXGdU/firebase-js-sdk/packages/firestore/dist/firestore/src/model/field_index.d.ts:89:50 - (tsdoc-escape-greater-than) The ">" character should be escaped using a backslash to avoid confusion with an HTML tag[39m
[33mWarning: /private/tmp/fireside-phase2-oracles.EJXGdU/firebase-js-sdk/packages/firestore/dist/firestore/src/model/field_index.d.ts:89:54 - (tsdoc-escape-greater-than) The ">" character should be escaped using a backslash to avoid confusion with an HTML tag[39m
[33mWarning: /private/tmp/fireside-phase2-oracles.EJXGdU/firebase-js-sdk/packages/firestore/dist/firestore/src/model/field_index.d.ts:89:39 - (tsdoc-malformed-html-name) Invalid HTML element: Expecting an HTML name[39m
[33mWarning: /private/tmp/fireside-phase2-oracles.EJXGdU/firebase-js-sdk/packages/firestore/dist/firestore/src/model/field_index.d.ts:89:42 - (tsdoc-malformed-html-name) Invalid HTML element: Expecting an HTML name[39m
[33mWarning: /private/tmp/fireside-phase2-oracles.EJXGdU/firebase-js-sdk/packages/firestore/dist/firestore/src/model/field_index.d.ts:93:50 - (tsdoc-escape-greater-than) The ">" character should be escaped using a backslash to avoid confusion with an HTML tag[39m
[33mWarning: /private/tmp/fireside-phase2-oracles.EJXGdU/firebase-js-sdk/packages/firestore/dist/firestore/src/model/field_index.d.ts:93:54 - (tsdoc-escape-greater-than) The ">" character should be escaped using a backslash to avoid confusion with an HTML tag[39m
[33mWarning: /private/tmp/fireside-phase2-oracles.EJXGdU/firebase-js-sdk/packages/firestore/dist/firestore/src/model/field_index.d.ts:93:39 - (tsdoc-malformed-html-name) Invalid HTML element: Expecting an HTML name[39m
[33mWarning: /private/tmp/fireside-phase2-oracles.EJXGdU/firebase-js-sdk/packages/firestore/dist/firestore/src/model/field_index.d.ts:93:42 - (tsdoc-malformed-html-name) Invalid HTML element: Expecting an HTML name[39m
Generated rollup DTS
Pruned DTS file
(node:71434) Warning: The 'NO_COLOR' env is ignored due to the 'FORCE_COLOR' env being set.
(Use `node --trace-warnings ...` to show where the warning was created)
Added blank lines after imports
Removed unused imports
Formatted public DTS with Prettier
/private/var/folders/17/97zrc8dn5kj9m8sn51kc0h3w0000gn/T/tmp-71434-qxLN3qPP0Fq0/api-extractor.json
Analysis will use the bundled TypeScript version 4.1.6
[33mWarning: /private/tmp/fireside-phase2-oracles.EJXGdU/firebase-js-sdk/packages/app/src/firebaseServerApp.ts:64:34 - (TS2315) Type 'FinalizationRegistry' is not generic.[39m
[33mWarning: /private/tmp/fireside-phase2-oracles.EJXGdU/firebase-js-sdk/packages/firestore/dist/lite/pipelines.d.ts:12:1 - (ae-misplaced-package-tag) The @packageDocumentation comment must appear at the top of entry point *.d.ts file[39m
[33mWarning: /private/tmp/fireside-phase2-oracles.EJXGdU/firebase-js-sdk/packages/firestore/dist/lite/pipelines.d.ts:2332:4 - (tsdoc-param-tag-missing-hyphen) The @param block should be followed by a parameter name and then a hyphen[39m
[33mWarning: /private/tmp/fireside-phase2-oracles.EJXGdU/firebase-js-sdk/packages/firestore/dist/lite/pipelines.d.ts:4222:6 - (tsdoc-param-tag-missing-hyphen) The @param block should be followed by a parameter name and then a hyphen[39m
API report for firestore-lite-pipelines written to /private/tmp/fireside-phase2-oracles.EJXGdU/firebase-js-sdk/common/api-review
(node:71646) Warning: The 'NO_COLOR' env is ignored due to the 'FORCE_COLOR' env being set.
(Use `node --trace-warnings ...` to show where the warning was created)
(node:71646) [DEP0169] DeprecationWarning: `url.parse()` behavior is not standardized and prone to errors that have security implications. Use the WHATWG URL API instead. CVEs are not issued for `url.parse()` vulnerabilities.
[2K[1G[2m$ rm -rf temp && api-extractor run --local --verbose[22m

[1mapi-extractor 0.1.2 [36m - https://api-extractor.com/[39m[22m
[1m[22m
Using configuration from ./api-extractor.json
Analysis will use the bundled TypeScript version 4.1.6
*** The target project appears to use TypeScript 5.5.4 which is newer than the bundled compiler engine; consider upgrading API Extractor.
[36mFound metadata in /private/tmp/fireside-phase2-oracles.EJXGdU/firebase-js-sdk/packages/app/dist/app/src/tsdoc-metadata.json[39m
[36mFound metadata in /private/tmp/fireside-phase2-oracles.EJXGdU/firebase-js-sdk/packages/util/dist/tsdoc-metadata.json[39m
[36mWriting: /private/tmp/fireside-phase2-oracles.EJXGdU/firebase-js-sdk/packages/firestore/temp/firestore.api.json[39m
[33mWarning: /private/tmp/fireside-phase2-oracles.EJXGdU/firebase-js-sdk/packages/app/src/firebaseServerApp.ts:64:34 - (TS2315) Type 'FinalizationRegistry' is not generic.[39m
[33mWarning: dist/index.d.ts:41:1 - (ae-missing-release-tag) "addDoc" is exported by the package, but it is missing a release tag (@alpha, @beta, @public, or @internal)[39m
[33mWarning: dist/index.d.ts:50:1 - (ae-missing-release-tag) "AddPrefixToKeys" is exported by the package, but it is missing a release tag (@alpha, @beta, @public, or @internal)[39m
[33mWarning: dist/index.d.ts:60:1 - (ae-missing-release-tag) "AggregateField" is exported by the package, but it is missing a release tag (@alpha, @beta, @public, or @internal)[39m
[33mWarning: dist/index.d.ts:69:32 - (tsdoc-code-span-missing-delimiter) The code span is missing its closing backtick[39m
[33mWarning: dist/index.d.ts:74:1 - (ae-missing-release-tag) "aggregateFieldEqual" is exported by the package, but it is missing a release tag (@alpha, @beta, @public, or @internal)[39m
[33mWarning: dist/index.d.ts:82:1 - (ae-missing-release-tag) "AggregateFieldType" is exported by the package, but it is missing a release tag (@alpha, @beta, @public, or @internal)[39m
[33mWarning: dist/index.d.ts:90:1 - (ae-missing-release-tag) "AggregateQuerySnapshot" is exported by the package, but it is missing a release tag (@alpha, @beta, @public, or @internal)[39m
[33mWarning: dist/index.d.ts:130:1 - (ae-missing-release-tag) "aggregateQuerySnapshotEqual" is exported by the package, but it is missing a release tag (@alpha, @beta, @public, or @internal)[39m
[33mWarning: dist/index.d.ts:142:1 - (ae-missing-release-tag) "AggregateSpec" is exported by the package, but it is missing a release tag (@alpha, @beta, @public, or @internal)[39m
[33mWarning: dist/index.d.ts:151:1 - (ae-missing-release-tag) "AggregateSpecData" is exported by the package, but it is missing a release tag (@alpha, @beta, @public, or @internal)[39m
[33mWarning: dist/index.d.ts:158:1 - (ae-missing-release-tag) "AggregateType" is exported by the package, but it is missing a release tag (@alpha, @beta, @public, or @internal)[39m
[33mWarning: dist/index.d.ts:170:1 - (ae-missing-release-tag) "and" is exported by the package, but it is missing a release tag (@alpha, @beta, @public, or @internal)[39m
[33mWarning: dist/index.d.ts:175:13 - (tsdoc-reference-selector-missing-parens) Syntax error in declaration reference: the member selector must be enclosed in parentheses[39m
[33mWarning: dist/index.d.ts:184:1 - (ae-missing-release-tag) "arrayRemove" is exported by the package, but it is missing a release tag (@alpha, @beta, @public, or @internal)[39mDone in 87.16s.
yarn run v1.22.22
(node:72006) [DEP0169] DeprecationWarning: `url.parse()` behavior is not standardized and prone to errors that have security implications. Use the WHATWG URL API instead. CVEs are not issued for `url.parse()` vulnerabilities.
(Use `node --trace-deprecation ...` to show where the warning was created)
$ yarn typings:public && INCLUDE_FIRESTORE_PERSISTENCE=true gulp compile-tests
(node:72008) [DEP0169] DeprecationWarning: `url.parse()` behavior is not standardized and prone to errors that have security implications. Use the WHATWG URL API instead. CVEs are not issued for `url.parse()` vulnerabilities.
(Use `node --trace-deprecation ...` to show where the warning was created)
$ lerna run typings:public --scope="@firebase/app" --scope="@firebase/firestore"
lerna notice cli v10.0.0
lerna info versioning independent
lerna notice filter including ["@firebase/app","@firebase/firestore"]
lerna info filter [ '@firebase/app', '@firebase/firestore' ]

 Lerna (powered by Nx)   Running target typings:public for 2 projects:

- @firebase/app
- @firebase/firestore



> @firebase/firestore:"typings:public"

(node:72025) Warning: The 'NO_COLOR' env is ignored due to the 'FORCE_COLOR' env being set.
(Use `node --trace-warnings ...` to show where the warning was created)
(node:72029) Warning: The 'NO_COLOR' env is ignored due to the 'FORCE_COLOR' env being set.
(Use `node --trace-warnings ...` to show where the warning was created)
(node:72029) [DEP0169] DeprecationWarning: `url.parse()` behavior is not standardized and prone to errors that have security implications. Use the WHATWG URL API instead. CVEs are not issued for `url.parse()` vulnerabilities.
[2K[1G[2m$ node ../../scripts/build/use_typings.js ./dist/index.d.ts[22m
Pointing the typings field in @firebase/firestore to ./dist/index.d.ts
(node:72034) Warning: The 'NO_COLOR' env is ignored due to the 'FORCE_COLOR' env being set.
(Use `node --trace-warnings ...` to show where the warning was created)

> @firebase/app:"typings:public"

(node:72024) Warning: The 'NO_COLOR' env is ignored due to the 'FORCE_COLOR' env being set.
(Use `node --trace-warnings ...` to show where the warning was created)
(node:72030) Warning: The 'NO_COLOR' env is ignored due to the 'FORCE_COLOR' env being set.
(Use `node --trace-warnings ...` to show where the warning was created)
(node:72030) [DEP0169] DeprecationWarning: `url.parse()` behavior is not standardized and prone to errors that have security implications. Use the WHATWG URL API instead. CVEs are not issued for `url.parse()` vulnerabilities.
[2K[1G[2m$ node ../../scripts/build/use_typings.js ./dist/app-public.d.ts[22m
Pointing the typings field in @firebase/app to ./dist/app-public.d.ts
(node:72033) Warning: The 'NO_COLOR' env is ignored due to the 'FORCE_COLOR' env being set.
(Use `node --trace-warnings ...` to show where the warning was created)



 Lerna (powered by Nx)   Successfully ran target typings:public for 2 projects


  Run duration:      670ms
  Cache:             0/2 hit (0%)
  Critical path:     663ms (1 task)
  Recoverable time:  <1ms
[05:28:50] Using gulpfile /private/tmp/fireside-phase2-oracles.EJXGdU/firebase-js-sdk/integration/firestore/gulpfile.js
[05:28:50] Starting 'compile-tests'...
[05:28:50] Starting 'clean'...
[05:28:50] Finished 'clean' after 4.17 ms
[05:28:50] Starting 'copyTests'...
[05:28:50] Finished 'copyTests' after 24 ms
[05:28:50] Starting 'compileWebpack'...
Browserslist: browsers data (caniuse-lite) is 8 months old. Please run:
  npx update-browserslist-db@latest
  Why you should do it regularly: https://github.com/browserslist/update-db#readme
[05:28:52] assets by path temp/test/integration/ 29.1 KiB
  assets by path temp/test/integration/api/*.ts 13.6 KiB
    asset temp/test/integration/api/query.test.d.ts 913 bytes [emitted]
    + 21 assets
  assets by path temp/test/integration/util/*.ts 15.5 KiB
    asset temp/test/integration/util/helpers.d.ts 8.2 KiB [emitted]
    + 4 assets
assets by path temp/test/util/*.ts 3.34 KiB
  asset temp/test/util/mocha_extensions.d.ts 1.38 KiB [emitted]
  asset temp/test/util/equality_matcher.d.ts 1.12 KiB [emitted]
  asset temp/test/util/promise.d.ts 860 bytes [emitted]
assets by path *.ts 1.62 KiB
  asset firebase_export.d.ts 1010 bytes [emitted]
  asset pipeline_export.d.ts 652 bytes [emitted]
asset test-harness.js 11.4 MiB [emitted] (name: main)
  
webpack 5.104.1 compiled successfully
[05:28:52] Finished 'compileWebpack' after 2.76 s
[05:28:52] Finished 'compile-tests' after 2.79 s
Done in 6.37s.
    Finished `dev` profile [unoptimized + debuginfo] target(s) in 0.40s
WARNING: fireside Security Rules are not configured; client access is open
fireside Firestore listening on 127.0.0.1:8080 with 4 runtime worker thread(s); mimalloc purge delay 0 ms, decommit true
yarn run v1.22.22
(node:72167) [DEP0169] DeprecationWarning: `url.parse()` behavior is not standardized and prone to errors that have security implications. Use the WHATWG URL API instead. CVEs are not issued for `url.parse()` vulnerabilities.
(Use `node --trace-deprecation ...` to show where the warning was created)
$ /private/tmp/fireside-phase2-oracles.EJXGdU/firebase-js-sdk/node_modules/.bin/karma start /Users/sanjevirau/Desktop/fireside/conformance/src/webchannel/firebase-js-sdk-karma.conf.cjs --single-run --grep '(?:^\(Persistence=memory_lru_gc\) Count queries(?= |$))'
The 'BROWSERS' environment variable is undefined. Defaulting to 'ChromeHeadless'.
webpack was not included as a framework in karma configuration, setting this automatically...

START:
(node:72169) [DEP0060] DeprecationWarning: The `util._extend` API is deprecated. Please use Object.assign() instead.
(Use `node --trace-deprecation ...` to show where the warning was created)
[32m02 09 2026 05:28:55.639:INFO [karma-server]: [39mKarma v6.4.4 server started at http://localhost:8089/
[32m02 09 2026 05:28:55.641:INFO [launcher]: [39mLaunching browsers ChromeHeadless with concurrency unlimited
[32m02 09 2026 05:28:55.644:INFO [launcher]: [39mStarting browser ChromeHeadless
[32m02 09 2026 05:28:57.109:INFO [Chrome Headless 152.0.0.0 (Mac OS 10.15.7)]: [39mConnected on socket PAjpb5k41IORkHZAAAAB with id 7384098
Chrome Headless 152.0.0.0 (Mac OS 10.15.7) LOG: 'Default Settings: {"host":"localhost:8080","ssl":false}'
Chrome Headless 152.0.0.0 (Mac OS 10.15.7) LOG: 'Default DatabaseId: "(default)"'
  (Persistence=memory_lru_gc) Count queries
    ✔ can run count query getCountFromServer
    ✔ can run count query getCountFromServer with special chars in the document path: so!@#$%^&*()_+special/sub
    ✔ can run count query getCountFromServer with special chars in the document path: b1/so!@#$%^&*()_+special
    ✔ count query doesn't use converter
    ✔ count query supports collection groups
    ✔ getCountFromServer fails if firestore is terminated
    ✔ terminate doesn't crash when there is count query in flight
    ✖ getCountFromServer fails if user is offline (skipped)
    ✖ getCountFromServer error message contains console link if missing index (skipped)
TOTAL: 7 SUCCESS

Finished in 0.088 secs / 0.085 secs @ 05:28:57 GMT+0800 (Malaysia Time)

SUMMARY:
✔ 7 tests completed
ℹ 2 tests skipped
Done in 2.59s.
yarn run v1.22.22
(node:72235) [DEP0169] DeprecationWarning: `url.parse()` behavior is not standardized and prone to errors that have security implications. Use the WHATWG URL API instead. CVEs are not issued for `url.parse()` vulnerabilities.
(Use `node --trace-deprecation ...` to show where the warning was created)
$ /private/tmp/fireside-phase2-oracles.EJXGdU/firebase-js-sdk/node_modules/.bin/karma start /Users/sanjevirau/Desktop/fireside/conformance/src/webchannel/firebase-js-sdk-karma.conf.cjs --single-run --grep '(?:^\(Persistence=indexeddb\) Count queries(?= |$))'
The 'BROWSERS' environment variable is undefined. Defaulting to 'ChromeHeadless'.
webpack was not included as a framework in karma configuration, setting this automatically...

START:
(node:72236) [DEP0060] DeprecationWarning: The `util._extend` API is deprecated. Please use Object.assign() instead.
(Use `node --trace-deprecation ...` to show where the warning was created)
[32m02 09 2026 05:28:58.101:INFO [karma-server]: [39mKarma v6.4.4 server started at http://localhost:8089/
[32m02 09 2026 05:28:58.102:INFO [launcher]: [39mLaunching browsers ChromeHeadless with concurrency unlimited
[32m02 09 2026 05:28:58.104:INFO [launcher]: [39mStarting browser ChromeHeadless
[32m02 09 2026 05:28:59.039:INFO [Chrome Headless 152.0.0.0 (Mac OS 10.15.7)]: [39mConnected on socket wFMN2tlBEmsShxL6AAAB with id 66153215
Chrome Headless 152.0.0.0 (Mac OS 10.15.7) LOG: 'Default Settings: {"host":"localhost:8080","ssl":false}'
Chrome Headless 152.0.0.0 (Mac OS 10.15.7) LOG: 'Default DatabaseId: "(default)"'
  (Persistence=indexeddb) Count queries
    ✔ can run count query getCountFromServer
    ✔ can run count query getCountFromServer with special chars in the document path: so!@#$%^&*()_+special/sub
    ✔ can run count query getCountFromServer with special chars in the document path: b1/so!@#$%^&*()_+special
    ✔ count query doesn't use converter
    ✔ count query supports collection groups
    ✔ getCountFromServer fails if firestore is terminated
    ✔ terminate doesn't crash when there is count query in flight
    ✖ getCountFromServer fails if user is offline (skipped)
    ✖ getCountFromServer error message contains console link if missing index (skipped)
TOTAL: 7 SUCCESS

Finished in 0.166 secs / 0.161 secs @ 05:28:59 GMT+0800 (Malaysia Time)

SUMMARY:
✔ 7 tests completed
ℹ 2 tests skipped
Done in 1.84s.
yarn run v1.22.22
(node:72278) [DEP0169] DeprecationWarning: `url.parse()` behavior is not standardized and prone to errors that have security implications. Use the WHATWG URL API instead. CVEs are not issued for `url.parse()` vulnerabilities.
(Use `node --trace-deprecation ...` to show where the warning was created)
$ /private/tmp/fireside-phase2-oracles.EJXGdU/firebase-js-sdk/node_modules/.bin/karma start /Users/sanjevirau/Desktop/fireside/conformance/src/webchannel/firebase-js-sdk-karma.conf.cjs --single-run --grep '(?:^\(Persistence=memory_lru_gc\) Aggregation queries(?! (?:- sum / average)(?: |$))(?= |$))'
The 'BROWSERS' environment variable is undefined. Defaulting to 'ChromeHeadless'.
webpack was not included as a framework in karma configuration, setting this automatically...

START:
(node:72279) [DEP0060] DeprecationWarning: The `util._extend` API is deprecated. Please use Object.assign() instead.
(Use `node --trace-deprecation ...` to show where the warning was created)
[32m02 09 2026 05:29:00.029:INFO [karma-server]: [39mKarma v6.4.4 server started at http://localhost:8089/
[32m02 09 2026 05:29:00.030:INFO [launcher]: [39mLaunching browsers ChromeHeadless with concurrency unlimited
[32m02 09 2026 05:29:00.032:INFO [launcher]: [39mStarting browser ChromeHeadless
[32m02 09 2026 05:29:00.953:INFO [Chrome Headless 152.0.0.0 (Mac OS 10.15.7)]: [39mConnected on socket gV3aHc8nKyOROHdsAAAB with id 74884205
Chrome Headless 152.0.0.0 (Mac OS 10.15.7) LOG: 'Default Settings: {"host":"localhost:8080","ssl":false}'
Chrome Headless 152.0.0.0 (Mac OS 10.15.7) LOG: 'Default DatabaseId: "(default)"'
  (Persistence=memory_lru_gc) Aggregation queries
    ✔ can run count query getAggregationFromServer
    ✔ can alias aggregations using getAggregationFromServer
    ✔ allows special chars in aliases when using getAggregationFromServer
    ✔ allows backticks in aliases when using getAggregationFromServer
    ✔ allows backslash in aliases when using getAggregationFromServer
    ✔ allows aliases with length greater than 1500 bytes
    ✔ can get duplicate aggregations using getAggregationFromServer
    ✔ getAggregationFromServer doesn't use converter
    ✔ aggregate query supports collection groups
    ✔ getAggregateFromServer fails if firestore is terminated
    ✔ terminate doesn't crash when there is aggregate query in flight
    ✖ getAggregateFromServer fails if user is offline (skipped)
    ✖ getAggregateFromServer error message contains console link good if missing index (skipped)
TOTAL: 11 SUCCESS

Finished in 0.056 secs / 0.054 secs @ 05:29:01 GMT+0800 (Malaysia Time)

SUMMARY:
✔ 11 tests completed
ℹ 2 tests skipped
Done in 1.73s.
yarn run v1.22.22
(node:72342) [DEP0169] DeprecationWarning: `url.parse()` behavior is not standardized and prone to errors that have security implications. Use the WHATWG URL API instead. CVEs are not issued for `url.parse()` vulnerabilities.
(Use `node --trace-deprecation ...` to show where the warning was created)
$ /private/tmp/fireside-phase2-oracles.EJXGdU/firebase-js-sdk/node_modules/.bin/karma start /Users/sanjevirau/Desktop/fireside/conformance/src/webchannel/firebase-js-sdk-karma.conf.cjs --single-run --grep '(?:^\(Persistence=indexeddb\) Aggregation queries(?! (?:- sum / average)(?: |$))(?= |$))'
The 'BROWSERS' environment variable is undefined. Defaulting to 'ChromeHeadless'.
webpack was not included as a framework in karma configuration, setting this automatically...

START:
(node:72343) [DEP0060] DeprecationWarning: The `util._extend` API is deprecated. Please use Object.assign() instead.
(Use `node --trace-deprecation ...` to show where the warning was created)
[32m02 09 2026 05:29:01.860:INFO [karma-server]: [39mKarma v6.4.4 server started at http://localhost:8089/
[32m02 09 2026 05:29:01.861:INFO [launcher]: [39mLaunching browsers ChromeHeadless with concurrency unlimited
[32m02 09 2026 05:29:01.864:INFO [launcher]: [39mStarting browser ChromeHeadless
[32m02 09 2026 05:29:02.751:INFO [Chrome Headless 152.0.0.0 (Mac OS 10.15.7)]: [39mConnected on socket W8PPyhxdfS9s4ukYAAAB with id 37720314
Chrome Headless 152.0.0.0 (Mac OS 10.15.7) LOG: 'Default Settings: {"host":"localhost:8080","ssl":false}'
Chrome Headless 152.0.0.0 (Mac OS 10.15.7) LOG: 'Default DatabaseId: "(default)"'
  (Persistence=indexeddb) Aggregation queries
    ✔ can run count query getAggregationFromServer
    ✔ can alias aggregations using getAggregationFromServer
    ✔ allows special chars in aliases when using getAggregationFromServer
    ✔ allows backticks in aliases when using getAggregationFromServer
    ✔ allows backslash in aliases when using getAggregationFromServer
    ✔ allows aliases with length greater than 1500 bytes
    ✔ can get duplicate aggregations using getAggregationFromServer
    ✔ getAggregationFromServer doesn't use converter
    ✔ aggregate query supports collection groups
    ✔ getAggregateFromServer fails if firestore is terminated
    ✔ terminate doesn't crash when there is aggregate query in flight
    ✖ getAggregateFromServer fails if user is offline (skipped)
    ✖ getAggregateFromServer error message contains console link good if missing index (skipped)
TOTAL: 11 SUCCESS

Finished in 0.233 secs / 0.229 secs @ 05:29:03 GMT+0800 (Malaysia Time)

SUMMARY:
✔ 11 tests completed
ℹ 2 tests skipped
Done in 1.87s.
yarn run v1.22.22
(node:72388) [DEP0169] DeprecationWarning: `url.parse()` behavior is not standardized and prone to errors that have security implications. Use the WHATWG URL API instead. CVEs are not issued for `url.parse()` vulnerabilities.
(Use `node --trace-deprecation ...` to show where the warning was created)
$ /private/tmp/fireside-phase2-oracles.EJXGdU/firebase-js-sdk/node_modules/.bin/karma start /Users/sanjevirau/Desktop/fireside/conformance/src/webchannel/firebase-js-sdk-karma.conf.cjs --single-run --grep '(?:^\(Persistence=memory_lru_gc\) Aggregation queries - sum / average(?= |$))'
The 'BROWSERS' environment variable is undefined. Defaulting to 'ChromeHeadless'.
webpack was not included as a framework in karma configuration, setting this automatically...

START:
(node:72391) [DEP0060] DeprecationWarning: The `util._extend` API is deprecated. Please use Object.assign() instead.
(Use `node --trace-deprecation ...` to show where the warning was created)
[32m02 09 2026 05:29:03.854:INFO [karma-server]: [39mKarma v6.4.4 server started at http://localhost:8089/
[32m02 09 2026 05:29:03.855:INFO [launcher]: [39mLaunching browsers ChromeHeadless with concurrency unlimited
[32m02 09 2026 05:29:03.858:INFO [launcher]: [39mStarting browser ChromeHeadless
[32m02 09 2026 05:29:04.765:INFO [Chrome Headless 152.0.0.0 (Mac OS 10.15.7)]: [39mConnected on socket q7hhv_1EXU54Myj9AAAB with id 47939581
Chrome Headless 152.0.0.0 (Mac OS 10.15.7) LOG: 'Default Settings: {"host":"localhost:8080","ssl":false}'
Chrome Headless 152.0.0.0 (Mac OS 10.15.7) LOG: 'Default DatabaseId: "(default)"'
  (Persistence=memory_lru_gc) Aggregation queries - sum / average
    ✔ can run sum query getAggregationFromServer
    ✔ can run average query getAggregationFromServer
    ✔ can get multiple aggregations using getAggregationFromServer
    ✔ can get duplicate aggregations using getAggregationFromServer
    ✔ can perform max (5) aggregations using getAggregationFromServer
WARN: '[2026-09-01T21:29:04.917Z]  @firebase/firestore:', 'Firestore (12.18.0): RestConnection', 'RPC 'RunAggregationQuery' 0x4030d083 failed with error: ', '{"code":"invalid-argument","name":"FirebaseError"}', 'url: ', 'http://localhost:8080/v1/projects/test-emulator/databases/(default)/documents:runAggregationQuery?key=fake-api-key', 'request:', '{"structuredAggregationQuery":{"aggregations":[{"alias":"aggregate_0","sum":{"field":{"fieldPath":"pages"}}},{"alias":"aggregate_1","avg":{"field":{"fieldPath":"pages"}}},{"alias":"aggregate_2","count":{}},{"alias":"aggregate_3","sum":{"field":{"fieldPath":"pages"}}},{"alias":"aggregate_4","avg":{"field":{"fieldPath":"pages"}}},{"alias":"aggregate_5","count":{}}],"structuredQuery":{"from":[{"collectionId":"1i1pHLopUbkLlBlAI6WZ"}]}}}'
    ✔ fails when exceeding the max (5) aggregations using getAggregationFromServer
    ✔ returns undefined when getting the result of an unrequested aggregation
    ✔ performs aggregates when using `in` operator getAggregationFromServer
    ✔ performs aggregations on nested map values using getAggregationFromServer
    ✔ performs sum that results in float using getAggregationFromServer
    ✔ performs sum of ints and floats that results in an int using getAggregationFromServer
    ✔ performs sum that overflows max int using getAggregationFromServer
    ✔ performs sum that can overflow integer values during accumulation using getAggregationFromServer
    ✔ performs sum that is negative using getAggregationFromServer
    ✔ performs sum that is positive infinity using getAggregationFromServer
    ✔ performs sum that is positive infinity using getAggregationFromServer v2
    ✔ performs sum that is negative infinity using getAggregationFromServer
    ✔ performs sum that is valid but could overflow during aggregation using getAggregationFromServer
    ✔ performs sum that includes NaN using getAggregationFromServer
    ✔ performs sum over a result set of zero documents using getAggregationFromServer
    ✔ performs sum only on numeric fields using getAggregationFromServer
    ✔ performs sum of min IEEE754 using getAggregationFromServer
    ✔ performs average of ints that results in an int using getAggregationFromServer
    ✔ performs average of floats that results in an int using getAggregationFromServer
    ✔ performs average of floats and ints that results in an int using getAggregationFromServer
    ✔ performs average of float that results in float using getAggregationFromServer
    ✔ performs average of floats and ints that results in a float using getAggregationFromServer
    ✔ performs average of ints that results in a float using getAggregationFromServer
    ✔ performs average causing underflow using getAggregationFromServer
    ✔ performs average of min IEEE754 using getAggregationFromServer
    ✔ performs average that overflows IEEE754 during accumulation using getAggregationFromServer
    ✔ performs average that includes NaN using getAggregationFromServer
    ✔ performs average over a result set of zero documents using getAggregationFromServer
    ✔ performs average only on numeric fields using getAggregationFromServer
TOTAL: 34 SUCCESS

Finished in 0.15 secs / 0.147 secs @ 05:29:05 GMT+0800 (Malaysia Time)

SUMMARY:
✔ 34 tests completed
Done in 2.07s.
yarn run v1.22.22
(node:72440) [DEP0169] DeprecationWarning: `url.parse()` behavior is not standardized and prone to errors that have security implications. Use the WHATWG URL API instead. CVEs are not issued for `url.parse()` vulnerabilities.
(Use `node --trace-deprecation ...` to show where the warning was created)
$ /private/tmp/fireside-phase2-oracles.EJXGdU/firebase-js-sdk/node_modules/.bin/karma start /Users/sanjevirau/Desktop/fireside/conformance/src/webchannel/firebase-js-sdk-karma.conf.cjs --single-run --grep '(?:^\(Persistence=indexeddb\) Aggregation queries - sum / average(?= |$))'
The 'BROWSERS' environment variable is undefined. Defaulting to 'ChromeHeadless'.
webpack was not included as a framework in karma configuration, setting this automatically...

START:
(node:72442) [DEP0060] DeprecationWarning: The `util._extend` API is deprecated. Please use Object.assign() instead.
(Use `node --trace-deprecation ...` to show where the warning was created)
[32m02 09 2026 05:29:06.050:INFO [karma-server]: [39mKarma v6.4.4 server started at http://localhost:8089/
[32m02 09 2026 05:29:06.051:INFO [launcher]: [39mLaunching browsers ChromeHeadless with concurrency unlimited
[32m02 09 2026 05:29:06.054:INFO [launcher]: [39mStarting browser ChromeHeadless
[32m02 09 2026 05:29:06.939:INFO [Chrome Headless 152.0.0.0 (Mac OS 10.15.7)]: [39mConnected on socket WiI9K7AnVVIlNKNnAAAB with id 97749206
Chrome Headless 152.0.0.0 (Mac OS 10.15.7) LOG: 'Default Settings: {"host":"localhost:8080","ssl":false}'
Chrome Headless 152.0.0.0 (Mac OS 10.15.7) LOG: 'Default DatabaseId: "(default)"'
  (Persistence=indexeddb) Aggregation queries - sum / average
    ✔ can run sum query getAggregationFromServer
    ✔ can run average query getAggregationFromServer
    ✔ can get multiple aggregations using getAggregationFromServer
    ✔ can get duplicate aggregations using getAggregationFromServer
    ✔ can perform max (5) aggregations using getAggregationFromServer
WARN: '[2026-09-01T21:29:07.222Z]  @firebase/firestore:', 'Firestore (12.18.0): RestConnection', 'RPC 'RunAggregationQuery' 0x16e25c76 failed with error: ', '{"code":"invalid-argument","name":"FirebaseError"}', 'url: ', 'http://localhost:8080/v1/projects/test-emulator/databases/(default)/documents:runAggregationQuery?key=fake-api-key', 'request:', '{"structuredAggregationQuery":{"aggregations":[{"alias":"aggregate_0","sum":{"field":{"fieldPath":"pages"}}},{"alias":"aggregate_1","avg":{"field":{"fieldPath":"pages"}}},{"alias":"aggregate_2","count":{}},{"alias":"aggregate_3","sum":{"field":{"fieldPath":"pages"}}},{"alias":"aggregate_4","avg":{"field":{"fieldPath":"pages"}}},{"alias":"aggregate_5","count":{}}],"structuredQuery":{"from":[{"collectionId":"klfUw3AzFqLVMsFx6HtL"}]}}}'
    ✔ fails when exceeding the max (5) aggregations using getAggregationFromServer
    ✔ returns undefined when getting the result of an unrequested aggregation
    ✔ performs aggregates when using `in` operator getAggregationFromServer
    ✔ performs aggregations on nested map values using getAggregationFromServer
    ✔ performs sum that results in float using getAggregationFromServer
    ✔ performs sum of ints and floats that results in an int using getAggregationFromServer
    ✔ performs sum that overflows max int using getAggregationFromServer
    ✔ performs sum that can overflow integer values during accumulation using getAggregationFromServer
    ✔ performs sum that is negative using getAggregationFromServer
    ✔ performs sum that is positive infinity using getAggregationFromServer
    ✔ performs sum that is positive infinity using getAggregationFromServer v2
    ✔ performs sum that is negative infinity using getAggregationFromServer
    ✔ performs sum that is valid but could overflow during aggregation using getAggregationFromServer
    ✔ performs sum that includes NaN using getAggregationFromServer
    ✔ performs sum over a result set of zero documents using getAggregationFromServer
    ✔ performs sum only on numeric fields using getAggregationFromServer
    ✔ performs sum of min IEEE754 using getAggregationFromServer
    ✔ performs average of ints that results in an int using getAggregationFromServer
    ✔ performs average of floats that results in an int using getAggregationFromServer
    ✔ performs average of floats and ints that results in an int using getAggregationFromServer
    ✔ performs average of float that results in float using getAggregationFromServer
    ✔ performs average of floats and ints that results in a float using getAggregationFromServer
    ✔ performs average of ints that results in a float using getAggregationFromServer
    ✔ performs average causing underflow using getAggregationFromServer
    ✔ performs average of min IEEE754 using getAggregationFromServer
    ✔ performs average that overflows IEEE754 during accumulation using getAggregationFromServer
    ✔ performs average that includes NaN using getAggregationFromServer
    ✔ performs average over a result set of zero documents using getAggregationFromServer
    ✔ performs average only on numeric fields using getAggregationFromServer
TOTAL: 34 SUCCESS

Finished in 0.775 secs / 0.77 secs @ 05:29:07 GMT+0800 (Malaysia Time)

SUMMARY:
✔ 34 tests completed
Done in 2.42s.
yarn run v1.22.22
(node:72483) [DEP0169] DeprecationWarning: `url.parse()` behavior is not standardized and prone to errors that have security implications. Use the WHATWG URL API instead. CVEs are not issued for `url.parse()` vulnerabilities.
(Use `node --trace-deprecation ...` to show where the warning was created)
$ /private/tmp/fireside-phase2-oracles.EJXGdU/firebase-js-sdk/node_modules/.bin/karma start /Users/sanjevirau/Desktop/fireside/conformance/src/webchannel/firebase-js-sdk-karma.conf.cjs --single-run --grep '(?:^\(Persistence=memory_lru_gc\) Array Transforms:(?= |$))'
The 'BROWSERS' environment variable is undefined. Defaulting to 'ChromeHeadless'.
webpack was not included as a framework in karma configuration, setting this automatically...

START:
(node:72486) [DEP0060] DeprecationWarning: The `util._extend` API is deprecated. Please use Object.assign() instead.
(Use `node --trace-deprecation ...` to show where the warning was created)
[32m02 09 2026 05:29:08.567:INFO [karma-server]: [39mKarma v6.4.4 server started at http://localhost:8089/
[32m02 09 2026 05:29:08.568:INFO [launcher]: [39mLaunching browsers ChromeHeadless with concurrency unlimited
[32m02 09 2026 05:29:08.570:INFO [launcher]: [39mStarting browser ChromeHeadless
[32m02 09 2026 05:29:09.467:INFO [Chrome Headless 152.0.0.0 (Mac OS 10.15.7)]: [39mConnected on socket fkWJBiGtwdN2J0ZXAAAB with id 37887319
Chrome Headless 152.0.0.0 (Mac OS 10.15.7) LOG: 'Default Settings: {"host":"localhost:8080","ssl":false}'
Chrome Headless 152.0.0.0 (Mac OS 10.15.7) LOG: 'Default DatabaseId: "(default)"'
  (Persistence=memory_lru_gc) Array Transforms:
    ✔ create document with arrayUnion()
    ✔ append to array via update()
    ✔ append to array via set(..., {merge: true})
    ✔ append object to array via update()
    ✔ remove from array via update()
    ✔ remove from array via set(..., {merge: true})
    ✔ remove object from array via update()
    ✔ arrayUnion() supports DocumentReference
    Server Application: 
      ✔ set() with no cached base doc
      ✔ update() with no cached base doc
      ✔ set(..., {merge}) with no cached based doc
      ✔ update() with cached base doc using arrayUnion()
      ✔ update() with cached base doc using arrayRemove()
TOTAL: 13 SUCCESS

Finished in 0.213 secs / 0.208 secs @ 05:29:09 GMT+0800 (Malaysia Time)

SUMMARY:
✔ 13 tests completed
Done in 1.88s.
yarn run v1.22.22
(node:72527) [DEP0169] DeprecationWarning: `url.parse()` behavior is not standardized and prone to errors that have security implications. Use the WHATWG URL API instead. CVEs are not issued for `url.parse()` vulnerabilities.
(Use `node --trace-deprecation ...` to show where the warning was created)
$ /private/tmp/fireside-phase2-oracles.EJXGdU/firebase-js-sdk/node_modules/.bin/karma start /Users/sanjevirau/Desktop/fireside/conformance/src/webchannel/firebase-js-sdk-karma.conf.cjs --single-run --grep '(?:^\(Persistence=indexeddb\) Array Transforms:(?= |$))'
The 'BROWSERS' environment variable is undefined. Defaulting to 'ChromeHeadless'.
webpack was not included as a framework in karma configuration, setting this automatically...

START:
(node:72529) [DEP0060] DeprecationWarning: The `util._extend` API is deprecated. Please use Object.assign() instead.
(Use `node --trace-deprecation ...` to show where the warning was created)
[32m02 09 2026 05:29:10.593:INFO [karma-server]: [39mKarma v6.4.4 server started at http://localhost:8089/
[32m02 09 2026 05:29:10.595:INFO [launcher]: [39mLaunching browsers ChromeHeadless with concurrency unlimited
[32m02 09 2026 05:29:10.597:INFO [launcher]: [39mStarting browser ChromeHeadless
[32m02 09 2026 05:29:11.497:INFO [Chrome Headless 152.0.0.0 (Mac OS 10.15.7)]: [39mConnected on socket L1y01SUPqu3AgfpmAAAB with id 25009663
Chrome Headless 152.0.0.0 (Mac OS 10.15.7) LOG: 'Default Settings: {"host":"localhost:8080","ssl":false}'
Chrome Headless 152.0.0.0 (Mac OS 10.15.7) LOG: 'Default DatabaseId: "(default)"'
  (Persistence=indexeddb) Array Transforms:
    ✔ create document with arrayUnion()
    ✔ append to array via update()
    ✔ append to array via set(..., {merge: true})
    ✔ append object to array via update()
    ✔ remove from array via update()
    ✔ remove from array via set(..., {merge: true})
    ✔ remove object from array via update()
    ✔ arrayUnion() supports DocumentReference
    Server Application: 
      ✔ set() with no cached base doc
      ✔ update() with no cached base doc
      ✔ set(..., {merge}) with no cached based doc
      ✔ update() with cached base doc using arrayUnion()
      ✔ update() with cached base doc using arrayRemove()
TOTAL: 13 SUCCESS

Finished in 0.403 secs / 0.401 secs @ 05:29:12 GMT+0800 (Malaysia Time)

SUMMARY:
✔ 13 tests completed
Done in 2.10s.
yarn run v1.22.22
(node:72573) [DEP0169] DeprecationWarning: `url.parse()` behavior is not standardized and prone to errors that have security implications. Use the WHATWG URL API instead. CVEs are not issued for `url.parse()` vulnerabilities.
(Use `node --trace-deprecation ...` to show where the warning was created)
$ /private/tmp/fireside-phase2-oracles.EJXGdU/firebase-js-sdk/node_modules/.bin/karma start /Users/sanjevirau/Desktop/fireside/conformance/src/webchannel/firebase-js-sdk-karma.conf.cjs --single-run --grep '(?:^\(Persistence=memory_lru_gc\) Database batch writes(?= |$))'
The 'BROWSERS' environment variable is undefined. Defaulting to 'ChromeHeadless'.
webpack was not included as a framework in karma configuration, setting this automatically...

START:
(node:72574) [DEP0060] DeprecationWarning: The `util._extend` API is deprecated. Please use Object.assign() instead.
(Use `node --trace-deprecation ...` to show where the warning was created)
[32m02 09 2026 05:29:12.734:INFO [karma-server]: [39mKarma v6.4.4 server started at http://localhost:8089/
[32m02 09 2026 05:29:12.735:INFO [launcher]: [39mLaunching browsers ChromeHeadless with concurrency unlimited
[32m02 09 2026 05:29:12.737:INFO [launcher]: [39mStarting browser ChromeHeadless
[32m02 09 2026 05:29:13.651:INFO [Chrome Headless 152.0.0.0 (Mac OS 10.15.7)]: [39mConnected on socket Qj_DgxWKheucM-K1AAAB with id 33271093
Chrome Headless 152.0.0.0 (Mac OS 10.15.7) LOG: 'Default Settings: {"host":"localhost:8080","ssl":false}'
Chrome Headless 152.0.0.0 (Mac OS 10.15.7) LOG: 'Default DatabaseId: "(default)"'
  (Persistence=memory_lru_gc) Database batch writes
    ✔ supports empty batches
    ✔ can set documents
    ✔ can set documents with merge
    ✔ can update documents
    ✔ can update nested fields
    ✔ can delete documents
    ✔ commit atomically, raising correct events
    ✔ fail atomically, raising correct events
    ✔ write the same server timestamp across writes
    ✔ can write the same document multiple times
    (Persistence=memory_lru_gc) withConverter() support
      ✔ for WriteBatch.set<T>()
    (Persistence=indexeddb) withConverter() support
      ✔ for WriteBatch.set<T>()
TOTAL: 12 SUCCESS

Finished in 0.129 secs / 0.127 secs @ 05:29:13 GMT+0800 (Malaysia Time)

SUMMARY:
✔ 12 tests completed
Done in 1.84s.
yarn run v1.22.22
(node:72641) [DEP0169] DeprecationWarning: `url.parse()` behavior is not standardized and prone to errors that have security implications. Use the WHATWG URL API instead. CVEs are not issued for `url.parse()` vulnerabilities.
(Use `node --trace-deprecation ...` to show where the warning was created)
$ /private/tmp/fireside-phase2-oracles.EJXGdU/firebase-js-sdk/node_modules/.bin/karma start /Users/sanjevirau/Desktop/fireside/conformance/src/webchannel/firebase-js-sdk-karma.conf.cjs --single-run --grep '(?:^\(Persistence=indexeddb\) Database batch writes(?= |$))'
The 'BROWSERS' environment variable is undefined. Defaulting to 'ChromeHeadless'.
webpack was not included as a framework in karma configuration, setting this automatically...

START:
(node:72642) [DEP0060] DeprecationWarning: The `util._extend` API is deprecated. Please use Object.assign() instead.
(Use `node --trace-deprecation ...` to show where the warning was created)
[32m02 09 2026 05:29:14.688:INFO [karma-server]: [39mKarma v6.4.4 server started at http://localhost:8089/
[32m02 09 2026 05:29:14.690:INFO [launcher]: [39mLaunching browsers ChromeHeadless with concurrency unlimited
[32m02 09 2026 05:29:14.692:INFO [launcher]: [39mStarting browser ChromeHeadless
[32m02 09 2026 05:29:15.614:INFO [Chrome Headless 152.0.0.0 (Mac OS 10.15.7)]: [39mConnected on socket KXt66OPWI95K13h5AAAB with id 13158386
Chrome Headless 152.0.0.0 (Mac OS 10.15.7) LOG: 'Default Settings: {"host":"localhost:8080","ssl":false}'
Chrome Headless 152.0.0.0 (Mac OS 10.15.7) LOG: 'Default DatabaseId: "(default)"'
  (Persistence=indexeddb) Database batch writes
    ✔ supports empty batches
    ✔ can set documents
    ✔ can set documents with merge
    ✔ can update documents
    ✔ can update nested fields
    ✔ can delete documents
    ✔ commit atomically, raising correct events
    ✔ fail atomically, raising correct events
    ✔ write the same server timestamp across writes
    ✔ can write the same document multiple times
    (Persistence=memory_lru_gc) withConverter() support
      ✔ for WriteBatch.set<T>()
    (Persistence=indexeddb) withConverter() support
      ✔ for WriteBatch.set<T>()
TOTAL: 12 SUCCESS

Finished in 0.259 secs / 0.255 secs @ 05:29:16 GMT+0800 (Malaysia Time)

SUMMARY:
✔ 12 tests completed
Done in 1.96s.
yarn run v1.22.22
(node:72684) [DEP0169] DeprecationWarning: `url.parse()` behavior is not standardized and prone to errors that have security implications. Use the WHATWG URL API instead. CVEs are not issued for `url.parse()` vulnerabilities.
(Use `node --trace-deprecation ...` to show where the warning was created)
$ /private/tmp/fireside-phase2-oracles.EJXGdU/firebase-js-sdk/node_modules/.bin/karma start /Users/sanjevirau/Desktop/fireside/conformance/src/webchannel/firebase-js-sdk-karma.conf.cjs --single-run --grep '(?:^\(Persistence=memory_lru_gc\) Bundles(?= |$))'
The 'BROWSERS' environment variable is undefined. Defaulting to 'ChromeHeadless'.
webpack was not included as a framework in karma configuration, setting this automatically...

START:
(node:72685) [DEP0060] DeprecationWarning: The `util._extend` API is deprecated. Please use Object.assign() instead.
(Use `node --trace-deprecation ...` to show where the warning was created)
[32m02 09 2026 05:29:16.732:INFO [karma-server]: [39mKarma v6.4.4 server started at http://localhost:8089/
[32m02 09 2026 05:29:16.733:INFO [launcher]: [39mLaunching browsers ChromeHeadless with concurrency unlimited
[32m02 09 2026 05:29:16.735:INFO [launcher]: [39mStarting browser ChromeHeadless
[32m02 09 2026 05:29:17.632:INFO [Chrome Headless 152.0.0.0 (Mac OS 10.15.7)]: [39mConnected on socket oskAAmCiLq4Lq85iAAAB with id 17712356
Chrome Headless 152.0.0.0 (Mac OS 10.15.7) LOG: 'Default Settings: {"host":"localhost:8080","ssl":false}'
Chrome Headless 152.0.0.0 (Mac OS 10.15.7) LOG: 'Default DatabaseId: "(default)"'
  (Persistence=memory_lru_gc) Bundles
    ✔ load with documents only with on progress and promise interface
    ✔ load with documents and queries with promise interface
    ✔ load for a second time skips
ERROR: '[2026-09-01T21:29:17.808Z]  @firebase/firestore:', 'Firestore (12.18.0): Uncaught Error in snapshot listener:', 'FirebaseError: [code=aborted]: Firestore shutting down'
    ✔ load with documents already pulled from backend
    ✔ loaded documents should not be GC-ed right away
WARN: '[2026-09-01T21:29:17.810Z]  @firebase/firestore:', 'Firestore (12.18.0): SyncEngine', 'Loading bundle failed with FirebaseError: [code=invalid-argument]: Tried to deserialize key from different project: test-emulator vs test-db2'
    ✔ load with documents from other projects fails
TOTAL: 6 SUCCESS

Finished in 0.05 secs / 0.04 secs @ 05:29:17 GMT+0800 (Malaysia Time)

SUMMARY:
✔ 6 tests completed
Done in 1.70s.
yarn run v1.22.22
(node:72728) [DEP0169] DeprecationWarning: `url.parse()` behavior is not standardized and prone to errors that have security implications. Use the WHATWG URL API instead. CVEs are not issued for `url.parse()` vulnerabilities.
(Use `node --trace-deprecation ...` to show where the warning was created)
$ /private/tmp/fireside-phase2-oracles.EJXGdU/firebase-js-sdk/node_modules/.bin/karma start /Users/sanjevirau/Desktop/fireside/conformance/src/webchannel/firebase-js-sdk-karma.conf.cjs --single-run --grep '(?:^\(Persistence=indexeddb\) Bundles(?= |$))'
The 'BROWSERS' environment variable is undefined. Defaulting to 'ChromeHeadless'.
webpack was not included as a framework in karma configuration, setting this automatically...

START:
(node:72729) [DEP0060] DeprecationWarning: The `util._extend` API is deprecated. Please use Object.assign() instead.
(Use `node --trace-deprecation ...` to show where the warning was created)
[32m02 09 2026 05:29:18.523:INFO [karma-server]: [39mKarma v6.4.4 server started at http://localhost:8089/
[32m02 09 2026 05:29:18.524:INFO [launcher]: [39mLaunching browsers ChromeHeadless with concurrency unlimited
[32m02 09 2026 05:29:18.526:INFO [launcher]: [39mStarting browser ChromeHeadless
[32m02 09 2026 05:29:19.465:INFO [Chrome Headless 152.0.0.0 (Mac OS 10.15.7)]: [39mConnected on socket fCKpD8K9e5CUcMJ5AAAB with id 98912985
Chrome Headless 152.0.0.0 (Mac OS 10.15.7) LOG: 'Default Settings: {"host":"localhost:8080","ssl":false}'
Chrome Headless 152.0.0.0 (Mac OS 10.15.7) LOG: 'Default DatabaseId: "(default)"'
  (Persistence=indexeddb) Bundles
    ✔ load with documents only with on progress and promise interface
    ✔ load with documents and queries with promise interface
    ✔ load for a second time skips
ERROR: '[2026-09-01T21:29:19.711Z]  @firebase/firestore:', 'Firestore (12.18.0): Uncaught Error in snapshot listener:', 'FirebaseError: [code=aborted]: Firestore shutting down'
    ✔ load with documents already pulled from backend
    ✔ loaded documents should not be GC-ed right away
WARN: '[2026-09-01T21:29:19.734Z]  @firebase/firestore:', 'Firestore (12.18.0): SyncEngine', 'Loading bundle failed with FirebaseError: [code=invalid-argument]: Tried to deserialize key from different project: test-emulator vs test-db2'
    ✔ load with documents from other projects fails
TOTAL: 6 SUCCESS

Finished in 0.151 secs / 0.146 secs @ 05:29:19 GMT+0800 (Malaysia Time)

SUMMARY:
✔ 6 tests completed
Done in 1.85s.
yarn run v1.22.22
(node:72764) [DEP0169] DeprecationWarning: `url.parse()` behavior is not standardized and prone to errors that have security implications. Use the WHATWG URL API instead. CVEs are not issued for `url.parse()` vulnerabilities.
(Use `node --trace-deprecation ...` to show where the warning was created)
$ /private/tmp/fireside-phase2-oracles.EJXGdU/firebase-js-sdk/node_modules/.bin/karma start /Users/sanjevirau/Desktop/fireside/conformance/src/webchannel/firebase-js-sdk-karma.conf.cjs --single-run --grep '(?:^\(Persistence=memory_lru_gc\) Composite Index Queries(?= |$))'
The 'BROWSERS' environment variable is undefined. Defaulting to 'ChromeHeadless'.
webpack was not included as a framework in karma configuration, setting this automatically...

START:
(node:72765) [DEP0060] DeprecationWarning: The `util._extend` API is deprecated. Please use Object.assign() instead.
(Use `node --trace-deprecation ...` to show where the warning was created)
[32m02 09 2026 05:29:20.518:INFO [karma-server]: [39mKarma v6.4.4 server started at http://localhost:8089/
[32m02 09 2026 05:29:20.519:INFO [launcher]: [39mLaunching browsers ChromeHeadless with concurrency unlimited
[32m02 09 2026 05:29:20.522:INFO [launcher]: [39mStarting browser ChromeHeadless
[32m02 09 2026 05:29:21.503:INFO [Chrome Headless 152.0.0.0 (Mac OS 10.15.7)]: [39mConnected on socket 3J-jANKTgb3PhZgxAAAB with id 53149746
Chrome Headless 152.0.0.0 (Mac OS 10.15.7) LOG: 'Default Settings: {"host":"localhost:8080","ssl":false}'
Chrome Headless 152.0.0.0 (Mac OS 10.15.7) LOG: 'Default DatabaseId: "(default)"'
  (Persistence=memory_lru_gc) Composite Index Queries
    OR Queries
      ✔ can use query overloads
      ✔ can use or queries
    Aggregation queries - sum / average
      ✔ aggregate query supports collection groups - multi-aggregate
      ✖ performs aggregations on documents with all aggregated fields using getAggregationFromServer (skipped)
      ✔ performs aggregates on multiple fields where one aggregate could cause short-circuit due to NaN using getAggregationFromServer
      ✔ performs aggregates when using `array-contains-any` operator getAggregationFromServer
    Multiple Inequality
      ✔ can use multiple inequality filters
      ✔ can use on special values
      ✔ can use with array membership
      ✔ can use with nested field
      ✔ can use with nested composite filters
      ✔ inequality fields will be implicitly ordered lexicographically
      ✔ can use multiple explicit order by field
      ✔ can use in aggregate query
      ✔ can use document ID im multiple inequality query
      ✔ can get documents while offline
      ✔ can get same result from server and cache
      ✔ inequality query will reject if document key is not the last orderBy field
      ✔ inequality query will reject if document key appears only in equality filter
TOTAL: 18 SUCCESS

Finished in 0.192 secs / 0.186 secs @ 05:29:21 GMT+0800 (Malaysia Time)

SUMMARY:
✔ 18 tests completed
ℹ 1 test skipped
Done in 2.17s.
yarn run v1.22.22
(node:72824) [DEP0169] DeprecationWarning: `url.parse()` behavior is not standardized and prone to errors that have security implications. Use the WHATWG URL API instead. CVEs are not issued for `url.parse()` vulnerabilities.
(Use `node --trace-deprecation ...` to show where the warning was created)
$ /private/tmp/fireside-phase2-oracles.EJXGdU/firebase-js-sdk/node_modules/.bin/karma start /Users/sanjevirau/Desktop/fireside/conformance/src/webchannel/firebase-js-sdk-karma.conf.cjs --single-run --grep '(?:^\(Persistence=indexeddb\) Composite Index Queries(?= |$))'
The 'BROWSERS' environment variable is undefined. Defaulting to 'ChromeHeadless'.
webpack was not included as a framework in karma configuration, setting this automatically...

START:
(node:72832) [DEP0060] DeprecationWarning: The `util._extend` API is deprecated. Please use Object.assign() instead.
(Use `node --trace-deprecation ...` to show where the warning was created)
[32m02 09 2026 05:29:22.711:INFO [karma-server]: [39mKarma v6.4.4 server started at http://localhost:8089/
[32m02 09 2026 05:29:22.712:INFO [launcher]: [39mLaunching browsers ChromeHeadless with concurrency unlimited
[32m02 09 2026 05:29:22.714:INFO [launcher]: [39mStarting browser ChromeHeadless
[32m02 09 2026 05:29:23.625:INFO [Chrome Headless 152.0.0.0 (Mac OS 10.15.7)]: [39mConnected on socket 5AOE4TSTYhDT9NiDAAAB with id 17861021
Chrome Headless 152.0.0.0 (Mac OS 10.15.7) LOG: 'Default Settings: {"host":"localhost:8080","ssl":false}'
Chrome Headless 152.0.0.0 (Mac OS 10.15.7) LOG: 'Default DatabaseId: "(default)"'
  (Persistence=indexeddb) Composite Index Queries
    OR Queries
      ✔ can use query overloads
      ✔ can use or queries
    Aggregation queries - sum / average
      ✔ aggregate query supports collection groups - multi-aggregate
      ✖ performs aggregations on documents with all aggregated fields using getAggregationFromServer (skipped)
      ✔ performs aggregates on multiple fields where one aggregate could cause short-circuit due to NaN using getAggregationFromServer
      ✔ performs aggregates when using `array-contains-any` operator getAggregationFromServer
    Multiple Inequality
      ✔ can use multiple inequality filters
      ✔ can use on special values
      ✔ can use with array membership
      ✔ can use with nested field
      ✔ can use with nested composite filters
      ✔ inequality fields will be implicitly ordered lexicographically
      ✔ can use multiple explicit order by field
      ✔ can use in aggregate query
      ✔ can use document ID im multiple inequality query
      ✔ can get documents while offline
      ✔ can get same result from server and cache
      ✔ inequality query will reject if document key is not the last orderBy field
      ✔ inequality query will reject if document key appears only in equality filter
TOTAL: 18 SUCCESS

Finished in 0.663 secs / 0.658 secs @ 05:29:24 GMT+0800 (Malaysia Time)

SUMMARY:
✔ 18 tests completed
ℹ 1 test skipped
Done in 2.30s.
yarn run v1.22.22
(node:72875) [DEP0169] DeprecationWarning: `url.parse()` behavior is not standardized and prone to errors that have security implications. Use the WHATWG URL API instead. CVEs are not issued for `url.parse()` vulnerabilities.
(Use `node --trace-deprecation ...` to show where the warning was created)
$ /private/tmp/fireside-phase2-oracles.EJXGdU/firebase-js-sdk/node_modules/.bin/karma start /Users/sanjevirau/Desktop/fireside/conformance/src/webchannel/firebase-js-sdk-karma.conf.cjs --single-run --grep '(?:^\(Persistence=memory_lru_gc\) Cursors(?= |$))'
The 'BROWSERS' environment variable is undefined. Defaulting to 'ChromeHeadless'.
webpack was not included as a framework in karma configuration, setting this automatically...

START:
(node:72876) [DEP0060] DeprecationWarning: The `util._extend` API is deprecated. Please use Object.assign() instead.
(Use `node --trace-deprecation ...` to show where the warning was created)
[32m02 09 2026 05:29:25.138:INFO [karma-server]: [39mKarma v6.4.4 server started at http://localhost:8089/
[32m02 09 2026 05:29:25.140:INFO [launcher]: [39mLaunching browsers ChromeHeadless with concurrency unlimited
[32m02 09 2026 05:29:25.142:INFO [launcher]: [39mStarting browser ChromeHeadless
[32m02 09 2026 05:29:26.099:INFO [Chrome Headless 152.0.0.0 (Mac OS 10.15.7)]: [39mConnected on socket Qto4Sx7pSQmShcBPAAAB with id 37853028
Chrome Headless 152.0.0.0 (Mac OS 10.15.7) LOG: 'Default Settings: {"host":"localhost:8080","ssl":false}'
Chrome Headless 152.0.0.0 (Mac OS 10.15.7) LOG: 'Default DatabaseId: "(default)"'
  (Persistence=memory_lru_gc) Cursors
    ✔ can page through items
    ✔ can be created from documents
    ✔ can be created from values
    ✔ can be created using document id
    ✔ can be used with reference values
    ✔ can be used in descending queries
    ✔ can accept Timestamps as bounds
    ✔ can accept Timestamps in where clause
    ✔ truncate Timestamps
TOTAL: 9 SUCCESS

Finished in 0.09 secs / 0.089 secs @ 05:29:26 GMT+0800 (Malaysia Time)

SUMMARY:
✔ 9 tests completed
Done in 1.81s.
yarn run v1.22.22
(node:72977) [DEP0169] DeprecationWarning: `url.parse()` behavior is not standardized and prone to errors that have security implications. Use the WHATWG URL API instead. CVEs are not issued for `url.parse()` vulnerabilities.
(Use `node --trace-deprecation ...` to show where the warning was created)
$ /private/tmp/fireside-phase2-oracles.EJXGdU/firebase-js-sdk/node_modules/.bin/karma start /Users/sanjevirau/Desktop/fireside/conformance/src/webchannel/firebase-js-sdk-karma.conf.cjs --single-run --grep '(?:^\(Persistence=indexeddb\) Cursors(?= |$))'
The 'BROWSERS' environment variable is undefined. Defaulting to 'ChromeHeadless'.
webpack was not included as a framework in karma configuration, setting this automatically...

START:
(node:72978) [DEP0060] DeprecationWarning: The `util._extend` API is deprecated. Please use Object.assign() instead.
(Use `node --trace-deprecation ...` to show where the warning was created)
[32m02 09 2026 05:29:27.039:INFO [karma-server]: [39mKarma v6.4.4 server started at http://localhost:8089/
[32m02 09 2026 05:29:27.040:INFO [launcher]: [39mLaunching browsers ChromeHeadless with concurrency unlimited
[32m02 09 2026 05:29:27.043:INFO [launcher]: [39mStarting browser ChromeHeadless
[32m02 09 2026 05:29:27.933:INFO [Chrome Headless 152.0.0.0 (Mac OS 10.15.7)]: [39mConnected on socket kLYOuYhEyYm7_Sp1AAAB with id 20544667
Chrome Headless 152.0.0.0 (Mac OS 10.15.7) LOG: 'Default Settings: {"host":"localhost:8080","ssl":false}'
Chrome Headless 152.0.0.0 (Mac OS 10.15.7) LOG: 'Default DatabaseId: "(default)"'
  (Persistence=indexeddb) Cursors
    ✔ can page through items
    ✔ can be created from documents
    ✔ can be created from values
    ✔ can be created using document id
    ✔ can be used with reference values
    ✔ can be used in descending queries
    ✔ can accept Timestamps as bounds
    ✔ can accept Timestamps in where clause
    ✔ truncate Timestamps
TOTAL: 9 SUCCESS

Finished in 0.316 secs / 0.309 secs @ 05:29:28 GMT+0800 (Malaysia Time)

SUMMARY:
✔ 9 tests completed
Done in 1.97s.
yarn run v1.22.22
(node:73014) [DEP0169] DeprecationWarning: `url.parse()` behavior is not standardized and prone to errors that have security implications. Use the WHATWG URL API instead. CVEs are not issued for `url.parse()` vulnerabilities.
(Use `node --trace-deprecation ...` to show where the warning was created)
$ /private/tmp/fireside-phase2-oracles.EJXGdU/firebase-js-sdk/node_modules/.bin/karma start /Users/sanjevirau/Desktop/fireside/conformance/src/webchannel/firebase-js-sdk-karma.conf.cjs --single-run --grep '(?:^\(Persistence=memory_lru_gc\) Database (?:(?:can set a document(?= |$)|doc\(\) will auto generate an ID(?= |$)|can delete a document(?= |$)|can update existing document(?= |$)|can retrieve document that does not exist(?= |$))))'
The 'BROWSERS' environment variable is undefined. Defaulting to 'ChromeHeadless'.
webpack was not included as a framework in karma configuration, setting this automatically...

START:
(node:73021) [DEP0060] DeprecationWarning: The `util._extend` API is deprecated. Please use Object.assign() instead.
(Use `node --trace-deprecation ...` to show where the warning was created)
[32m02 09 2026 05:29:29.099:INFO [karma-server]: [39mKarma v6.4.4 server started at http://localhost:8089/
[32m02 09 2026 05:29:29.100:INFO [launcher]: [39mLaunching browsers ChromeHeadless with concurrency unlimited
[32m02 09 2026 05:29:29.103:INFO [launcher]: [39mStarting browser ChromeHeadless
[32m02 09 2026 05:29:30.031:INFO [Chrome Headless 152.0.0.0 (Mac OS 10.15.7)]: [39mConnected on socket t5xZhekXgdQ-un4rAAAB with id 85367981
Chrome Headless 152.0.0.0 (Mac OS 10.15.7) LOG: 'Default Settings: {"host":"localhost:8080","ssl":false}'
Chrome Headless 152.0.0.0 (Mac OS 10.15.7) LOG: 'Default DatabaseId: "(default)"'
  (Persistence=memory_lru_gc) Database
    ✔ can set a document
    ✔ doc() will auto generate an ID
    ✔ can delete a document
    ✔ can update existing document
    ✔ can retrieve document that does not exist
TOTAL: 5 SUCCESS

Finished in 0.039 secs / 0.038 secs @ 05:29:30 GMT+0800 (Malaysia Time)

SUMMARY:
✔ 5 tests completed
Done in 1.73s.
yarn run v1.22.22
(node:73114) [DEP0169] DeprecationWarning: `url.parse()` behavior is not standardized and prone to errors that have security implications. Use the WHATWG URL API instead. CVEs are not issued for `url.parse()` vulnerabilities.
(Use `node --trace-deprecation ...` to show where the warning was created)
$ /private/tmp/fireside-phase2-oracles.EJXGdU/firebase-js-sdk/node_modules/.bin/karma start /Users/sanjevirau/Desktop/fireside/conformance/src/webchannel/firebase-js-sdk-karma.conf.cjs --single-run --grep '(?:^\(Persistence=indexeddb\) Database (?:(?:can set a document(?= |$)|doc\(\) will auto generate an ID(?= |$)|can delete a document(?= |$)|can update existing document(?= |$)|can retrieve document that does not exist(?= |$))))'
The 'BROWSERS' environment variable is undefined. Defaulting to 'ChromeHeadless'.
webpack was not included as a framework in karma configuration, setting this automatically...

START:
(node:73115) [DEP0060] DeprecationWarning: The `util._extend` API is deprecated. Please use Object.assign() instead.
(Use `node --trace-deprecation ...` to show where the warning was created)
[32m02 09 2026 05:29:30.970:INFO [karma-server]: [39mKarma v6.4.4 server started at http://localhost:8089/
[32m02 09 2026 05:29:30.971:INFO [launcher]: [39mLaunching browsers ChromeHeadless with concurrency unlimited
[32m02 09 2026 05:29:30.973:INFO [launcher]: [39mStarting browser ChromeHeadless
[32m02 09 2026 05:29:31.889:INFO [Chrome Headless 152.0.0.0 (Mac OS 10.15.7)]: [39mConnected on socket TL3iGZq_kyndc94CAAAB with id 3695506
Chrome Headless 152.0.0.0 (Mac OS 10.15.7) LOG: 'Default Settings: {"host":"localhost:8080","ssl":false}'
Chrome Headless 152.0.0.0 (Mac OS 10.15.7) LOG: 'Default DatabaseId: "(default)"'
  (Persistence=indexeddb) Database
    ✔ can set a document
    ✔ doc() will auto generate an ID
    ✔ can delete a document
    ✔ can update existing document
    ✔ can retrieve document that does not exist
TOTAL: 5 SUCCESS

Finished in 0.125 secs / 0.122 secs @ 05:29:32 GMT+0800 (Malaysia Time)

SUMMARY:
✔ 5 tests completed
Done in 1.84s.
yarn run v1.22.22
(node:73166) [DEP0169] DeprecationWarning: `url.parse()` behavior is not standardized and prone to errors that have security implications. Use the WHATWG URL API instead. CVEs are not issued for `url.parse()` vulnerabilities.
(Use `node --trace-deprecation ...` to show where the warning was created)
$ /private/tmp/fireside-phase2-oracles.EJXGdU/firebase-js-sdk/node_modules/.bin/karma start /Users/sanjevirau/Desktop/fireside/conformance/src/webchannel/firebase-js-sdk-karma.conf.cjs --single-run --grep '(?:^\(Persistence=memory_lru_gc\) Database (?:(?:can update an unknown document(?= |$)|can merge data with an existing document using set(?= |$)|can merge server timestamps(?= |$)|can merge empty object(?= |$)|update with empty object replaces all fields(?= |$))))'
The 'BROWSERS' environment variable is undefined. Defaulting to 'ChromeHeadless'.
webpack was not included as a framework in karma configuration, setting this automatically...

START:
(node:73167) [DEP0060] DeprecationWarning: The `util._extend` API is deprecated. Please use Object.assign() instead.
(Use `node --trace-deprecation ...` to show where the warning was created)
[32m02 09 2026 05:29:32.867:INFO [karma-server]: [39mKarma v6.4.4 server started at http://localhost:8089/
[32m02 09 2026 05:29:32.868:INFO [launcher]: [39mLaunching browsers ChromeHeadless with concurrency unlimited
[32m02 09 2026 05:29:32.871:INFO [launcher]: [39mStarting browser ChromeHeadless
[32m02 09 2026 05:29:33.734:INFO [Chrome Headless 152.0.0.0 (Mac OS 10.15.7)]: [39mConnected on socket umr-lPxJMrVwDAU-AAAB with id 55869148
Chrome Headless 152.0.0.0 (Mac OS 10.15.7) LOG: 'Default Settings: {"host":"localhost:8080","ssl":false}'
Chrome Headless 152.0.0.0 (Mac OS 10.15.7) LOG: 'Default DatabaseId: "(default)"'
  (Persistence=memory_lru_gc) Database
    ✔ can update an unknown document
    ✔ can merge data with an existing document using set
    ✔ can merge server timestamps
    ✔ can merge empty object
    ✔ update with empty object replaces all fields
TOTAL: 5 SUCCESS

Finished in 0.055 secs / 0.051 secs @ 05:29:33 GMT+0800 (Malaysia Time)

SUMMARY:
✔ 5 tests completed
Done in 1.67s.
yarn run v1.22.22
(node:73215) [DEP0169] DeprecationWarning: `url.parse()` behavior is not standardized and prone to errors that have security implications. Use the WHATWG URL API instead. CVEs are not issued for `url.parse()` vulnerabilities.
(Use `node --trace-deprecation ...` to show where the warning was created)
$ /private/tmp/fireside-phase2-oracles.EJXGdU/firebase-js-sdk/node_modules/.bin/karma start /Users/sanjevirau/Desktop/fireside/conformance/src/webchannel/firebase-js-sdk-karma.conf.cjs --single-run --grep '(?:^\(Persistence=indexeddb\) Database (?:(?:can update an unknown document(?= |$)|can merge data with an existing document using set(?= |$)|can merge server timestamps(?= |$)|can merge empty object(?= |$)|update with empty object replaces all fields(?= |$))))'
The 'BROWSERS' environment variable is undefined. Defaulting to 'ChromeHeadless'.
webpack was not included as a framework in karma configuration, setting this automatically...

START:
(node:73216) [DEP0060] DeprecationWarning: The `util._extend` API is deprecated. Please use Object.assign() instead.
(Use `node --trace-deprecation ...` to show where the warning was created)
[32m02 09 2026 05:29:34.638:INFO [karma-server]: [39mKarma v6.4.4 server started at http://localhost:8089/
[32m02 09 2026 05:29:34.639:INFO [launcher]: [39mLaunching browsers ChromeHeadless with concurrency unlimited
[32m02 09 2026 05:29:34.642:INFO [launcher]: [39mStarting browser ChromeHeadless
[32m02 09 2026 05:29:35.537:INFO [Chrome Headless 152.0.0.0 (Mac OS 10.15.7)]: [39mConnected on socket f8gJhv7eScMZBwklAAAB with id 20685154
Chrome Headless 152.0.0.0 (Mac OS 10.15.7) LOG: 'Default Settings: {"host":"localhost:8080","ssl":false}'
Chrome Headless 152.0.0.0 (Mac OS 10.15.7) LOG: 'Default DatabaseId: "(default)"'
  (Persistence=indexeddb) Database
    ✔ can update an unknown document
    ✔ can merge data with an existing document using set
    ✔ can merge server timestamps
    ✔ can merge empty object
    ✔ update with empty object replaces all fields
TOTAL: 5 SUCCESS

Finished in 0.18 secs / 0.177 secs @ 05:29:35 GMT+0800 (Malaysia Time)

SUMMARY:
✔ 5 tests completed
Done in 1.87s.
yarn run v1.22.22
(node:73258) [DEP0169] DeprecationWarning: `url.parse()` behavior is not standardized and prone to errors that have security implications. Use the WHATWG URL API instead. CVEs are not issued for `url.parse()` vulnerabilities.
(Use `node --trace-deprecation ...` to show where the warning was created)
$ /private/tmp/fireside-phase2-oracles.EJXGdU/firebase-js-sdk/node_modules/.bin/karma start /Users/sanjevirau/Desktop/fireside/conformance/src/webchannel/firebase-js-sdk-karma.conf.cjs --single-run --grep '(?:^\(Persistence=memory_lru_gc\) Database (?:(?:merge with empty object replaces all fields(?= |$)|can delete field using merge(?= |$)|can delete field using mergeFields(?= |$)|can set server timestamps using mergeFields(?= |$)|can replace an array by merging using set(?= |$))))'
The 'BROWSERS' environment variable is undefined. Defaulting to 'ChromeHeadless'.
webpack was not included as a framework in karma configuration, setting this automatically...

START:
(node:73259) [DEP0060] DeprecationWarning: The `util._extend` API is deprecated. Please use Object.assign() instead.
(Use `node --trace-deprecation ...` to show where the warning was created)
[32m02 09 2026 05:29:36.606:INFO [karma-server]: [39mKarma v6.4.4 server started at http://localhost:8089/
[32m02 09 2026 05:29:36.608:INFO [launcher]: [39mLaunching browsers ChromeHeadless with concurrency unlimited
[32m02 09 2026 05:29:36.610:INFO [launcher]: [39mStarting browser ChromeHeadless
[32m02 09 2026 05:29:37.540:INFO [Chrome Headless 152.0.0.0 (Mac OS 10.15.7)]: [39mConnected on socket SRCruNDiYr_fa3z-AAAB with id 8774375
Chrome Headless 152.0.0.0 (Mac OS 10.15.7) LOG: 'Default Settings: {"host":"localhost:8080","ssl":false}'
Chrome Headless 152.0.0.0 (Mac OS 10.15.7) LOG: 'Default DatabaseId: "(default)"'
  (Persistence=memory_lru_gc) Database
    ✔ merge with empty object replaces all fields
    ✔ can delete field using merge
    ✔ can delete field using mergeFields
    ✔ can set server timestamps using mergeFields
    ✔ can replace an array by merging using set
TOTAL: 5 SUCCESS

Finished in 0.049 secs / 0.047 secs @ 05:29:37 GMT+0800 (Malaysia Time)

SUMMARY:
✔ 5 tests completed
Done in 1.74s.
yarn run v1.22.22
(node:73302) [DEP0169] DeprecationWarning: `url.parse()` behavior is not standardized and prone to errors that have security implications. Use the WHATWG URL API instead. CVEs are not issued for `url.parse()` vulnerabilities.
(Use `node --trace-deprecation ...` to show where the warning was created)
$ /private/tmp/fireside-phase2-oracles.EJXGdU/firebase-js-sdk/node_modules/.bin/karma start /Users/sanjevirau/Desktop/fireside/conformance/src/webchannel/firebase-js-sdk-karma.conf.cjs --single-run --grep '(?:^\(Persistence=indexeddb\) Database (?:(?:merge with empty object replaces all fields(?= |$)|can delete field using merge(?= |$)|can delete field using mergeFields(?= |$)|can set server timestamps using mergeFields(?= |$)|can replace an array by merging using set(?= |$))))'
The 'BROWSERS' environment variable is undefined. Defaulting to 'ChromeHeadless'.
webpack was not included as a framework in karma configuration, setting this automatically...

START:
(node:73321) [DEP0060] DeprecationWarning: The `util._extend` API is deprecated. Please use Object.assign() instead.
(Use `node --trace-deprecation ...` to show where the warning was created)
[32m02 09 2026 05:29:38.429:INFO [karma-server]: [39mKarma v6.4.4 server started at http://localhost:8089/
[32m02 09 2026 05:29:38.431:INFO [launcher]: [39mLaunching browsers ChromeHeadless with concurrency unlimited
[32m02 09 2026 05:29:38.433:INFO [launcher]: [39mStarting browser ChromeHeadless
[32m02 09 2026 05:29:39.364:INFO [Chrome Headless 152.0.0.0 (Mac OS 10.15.7)]: [39mConnected on socket 7SvUn3EwVHI5KbbtAAAB with id 69144601
Chrome Headless 152.0.0.0 (Mac OS 10.15.7) LOG: 'Default Settings: {"host":"localhost:8080","ssl":false}'
Chrome Headless 152.0.0.0 (Mac OS 10.15.7) LOG: 'Default DatabaseId: "(default)"'
  (Persistence=indexeddb) Database
    ✔ merge with empty object replaces all fields
    ✔ can delete field using merge
    ✔ can delete field using mergeFields
    ✔ can set server timestamps using mergeFields
    ✔ can replace an array by merging using set
TOTAL: 5 SUCCESS

Finished in 0.161 secs / 0.158 secs @ 05:29:39 GMT+0800 (Malaysia Time)

SUMMARY:
✔ 5 tests completed
Done in 1.86s.
yarn run v1.22.22
(node:73363) [DEP0169] DeprecationWarning: `url.parse()` behavior is not standardized and prone to errors that have security implications. Use the WHATWG URL API instead. CVEs are not issued for `url.parse()` vulnerabilities.
(Use `node --trace-deprecation ...` to show where the warning was created)
$ /private/tmp/fireside-phase2-oracles.EJXGdU/firebase-js-sdk/node_modules/.bin/karma start /Users/sanjevirau/Desktop/fireside/conformance/src/webchannel/firebase-js-sdk-karma.conf.cjs --single-run --grep '(?:^\(Persistence=memory_lru_gc\) Database (?:(?:can'\''t specify a field mask for a missing field using set(?= |$)|can set a subset of fields using a field mask(?= |$)|doesn'\''t apply field delete outside of mask(?= |$)|doesn'\''t apply field transform outside of mask(?= |$)|can set an empty field mask(?= |$))))'
The 'BROWSERS' environment variable is undefined. Defaulting to 'ChromeHeadless'.
webpack was not included as a framework in karma configuration, setting this automatically...

START:
(node:73364) [DEP0060] DeprecationWarning: The `util._extend` API is deprecated. Please use Object.assign() instead.
(Use `node --trace-deprecation ...` to show where the warning was created)
[32m02 09 2026 05:29:40.390:INFO [karma-server]: [39mKarma v6.4.4 server started at http://localhost:8089/
[32m02 09 2026 05:29:40.391:INFO [launcher]: [39mLaunching browsers ChromeHeadless with concurrency unlimited
[32m02 09 2026 05:29:40.394:INFO [launcher]: [39mStarting browser ChromeHeadless
[32m02 09 2026 05:29:41.353:INFO [Chrome Headless 152.0.0.0 (Mac OS 10.15.7)]: [39mConnected on socket OZJ6PSH74Ba-e8gFAAAB with id 26372422
Chrome Headless 152.0.0.0 (Mac OS 10.15.7) LOG: 'Default Settings: {"host":"localhost:8080","ssl":false}'
Chrome Headless 152.0.0.0 (Mac OS 10.15.7) LOG: 'Default DatabaseId: "(default)"'
  (Persistence=memory_lru_gc) Database
    ✔ can't specify a field mask for a missing field using set
    ✔ can set a subset of fields using a field mask
    ✔ doesn't apply field delete outside of mask
    ✔ doesn't apply field transform outside of mask
    ✔ can set an empty field mask
TOTAL: 5 SUCCESS

Finished in 0.042 secs / 0.04 secs @ 05:29:41 GMT+0800 (Malaysia Time)

SUMMARY:
✔ 5 tests completed
Done in 1.76s.
yarn run v1.22.22
(node:73408) [DEP0169] DeprecationWarning: `url.parse()` behavior is not standardized and prone to errors that have security implications. Use the WHATWG URL API instead. CVEs are not issued for `url.parse()` vulnerabilities.
(Use `node --trace-deprecation ...` to show where the warning was created)
$ /private/tmp/fireside-phase2-oracles.EJXGdU/firebase-js-sdk/node_modules/.bin/karma start /Users/sanjevirau/Desktop/fireside/conformance/src/webchannel/firebase-js-sdk-karma.conf.cjs --single-run --grep '(?:^\(Persistence=indexeddb\) Database (?:(?:can'\''t specify a field mask for a missing field using set(?= |$)|can set a subset of fields using a field mask(?= |$)|doesn'\''t apply field delete outside of mask(?= |$)|doesn'\''t apply field transform outside of mask(?= |$)|can set an empty field mask(?= |$))))'
The 'BROWSERS' environment variable is undefined. Defaulting to 'ChromeHeadless'.
webpack was not included as a framework in karma configuration, setting this automatically...

START:
(node:73409) [DEP0060] DeprecationWarning: The `util._extend` API is deprecated. Please use Object.assign() instead.
(Use `node --trace-deprecation ...` to show where the warning was created)
[32m02 09 2026 05:29:42.236:INFO [karma-server]: [39mKarma v6.4.4 server started at http://localhost:8089/
[32m02 09 2026 05:29:42.237:INFO [launcher]: [39mLaunching browsers ChromeHeadless with concurrency unlimited
[32m02 09 2026 05:29:42.239:INFO [launcher]: [39mStarting browser ChromeHeadless
[32m02 09 2026 05:29:43.134:INFO [Chrome Headless 152.0.0.0 (Mac OS 10.15.7)]: [39mConnected on socket 1KJ0IgFRdTMRBHwyAAAB with id 63013782
Chrome Headless 152.0.0.0 (Mac OS 10.15.7) LOG: 'Default Settings: {"host":"localhost:8080","ssl":false}'
Chrome Headless 152.0.0.0 (Mac OS 10.15.7) LOG: 'Default DatabaseId: "(default)"'
  (Persistence=indexeddb) Database
    ✔ can't specify a field mask for a missing field using set
    ✔ can set a subset of fields using a field mask
    ✔ doesn't apply field delete outside of mask
    ✔ doesn't apply field transform outside of mask
    ✔ can set an empty field mask
TOTAL: 5 SUCCESS

Finished in 0.125 secs / 0.121 secs @ 05:29:43 GMT+0800 (Malaysia Time)

SUMMARY:
✔ 5 tests completed
Done in 1.78s.
yarn run v1.22.22
(node:73451) [DEP0169] DeprecationWarning: `url.parse()` behavior is not standardized and prone to errors that have security implications. Use the WHATWG URL API instead. CVEs are not issued for `url.parse()` vulnerabilities.
(Use `node --trace-deprecation ...` to show where the warning was created)
$ /private/tmp/fireside-phase2-oracles.EJXGdU/firebase-js-sdk/node_modules/.bin/karma start /Users/sanjevirau/Desktop/fireside/conformance/src/webchannel/firebase-js-sdk-karma.conf.cjs --single-run --grep '(?:^\(Persistence=memory_lru_gc\) Database (?:(?:can specify fields multiple times in a field mask(?= |$)|cannot update nonexistent document(?= |$)|can delete a field with an update(?= |$)|can update nested fields(?= |$)|can specify updated field multiple times(?= |$))))'
The 'BROWSERS' environment variable is undefined. Defaulting to 'ChromeHeadless'.
webpack was not included as a framework in karma configuration, setting this automatically...

START:
(node:73452) [DEP0060] DeprecationWarning: The `util._extend` API is deprecated. Please use Object.assign() instead.
(Use `node --trace-deprecation ...` to show where the warning was created)
[32m02 09 2026 05:29:44.118:INFO [karma-server]: [39mKarma v6.4.4 server started at http://localhost:8089/
[32m02 09 2026 05:29:44.119:INFO [launcher]: [39mLaunching browsers ChromeHeadless with concurrency unlimited
[32m02 09 2026 05:29:44.122:INFO [launcher]: [39mStarting browser ChromeHeadless
[32m02 09 2026 05:29:45.071:INFO [Chrome Headless 152.0.0.0 (Mac OS 10.15.7)]: [39mConnected on socket nfEKChaCSenjXlIrAAAB with id 64563773
Chrome Headless 152.0.0.0 (Mac OS 10.15.7) LOG: 'Default Settings: {"host":"localhost:8080","ssl":false}'
Chrome Headless 152.0.0.0 (Mac OS 10.15.7) LOG: 'Default DatabaseId: "(default)"'
  (Persistence=memory_lru_gc) Database
    ✔ can specify fields multiple times in a field mask
    ✔ cannot update nonexistent document
    ✔ can delete a field with an update
    ✔ can update nested fields
    ✔ can specify updated field multiple times
TOTAL: 5 SUCCESS

Finished in 0.051 secs / 0.049 secs @ 05:29:45 GMT+0800 (Malaysia Time)

SUMMARY:
✔ 5 tests completed
Done in 1.76s.
yarn run v1.22.22
(node:73491) [DEP0169] DeprecationWarning: `url.parse()` behavior is not standardized and prone to errors that have security implications. Use the WHATWG URL API instead. CVEs are not issued for `url.parse()` vulnerabilities.
(Use `node --trace-deprecation ...` to show where the warning was created)
$ /private/tmp/fireside-phase2-oracles.EJXGdU/firebase-js-sdk/node_modules/.bin/karma start /Users/sanjevirau/Desktop/fireside/conformance/src/webchannel/firebase-js-sdk-karma.conf.cjs --single-run --grep '(?:^\(Persistence=indexeddb\) Database (?:(?:can specify fields multiple times in a field mask(?= |$)|cannot update nonexistent document(?= |$)|can delete a field with an update(?= |$)|can update nested fields(?= |$)|can specify updated field multiple times(?= |$))))'
The 'BROWSERS' environment variable is undefined. Defaulting to 'ChromeHeadless'.
webpack was not included as a framework in karma configuration, setting this automatically...

START:
(node:73498) [DEP0060] DeprecationWarning: The `util._extend` API is deprecated. Please use Object.assign() instead.
(Use `node --trace-deprecation ...` to show where the warning was created)
[32m02 09 2026 05:29:46.067:INFO [karma-server]: [39mKarma v6.4.4 server started at http://localhost:8089/
[32m02 09 2026 05:29:46.068:INFO [launcher]: [39mLaunching browsers ChromeHeadless with concurrency unlimited
[32m02 09 2026 05:29:46.070:INFO [launcher]: [39mStarting browser ChromeHeadless
[32m02 09 2026 05:29:46.974:INFO [Chrome Headless 152.0.0.0 (Mac OS 10.15.7)]: [39mConnected on socket fcc7ySpRBRxZnBR0AAAB with id 53722657
Chrome Headless 152.0.0.0 (Mac OS 10.15.7) LOG: 'Default Settings: {"host":"localhost:8080","ssl":false}'
Chrome Headless 152.0.0.0 (Mac OS 10.15.7) LOG: 'Default DatabaseId: "(default)"'
  (Persistence=indexeddb) Database
    ✔ can specify fields multiple times in a field mask
    ✔ cannot update nonexistent document
    ✔ can delete a field with an update
    ✔ can update nested fields
    ✔ can specify updated field multiple times
TOTAL: 5 SUCCESS

Finished in 0.149 secs / 0.146 secs @ 05:29:47 GMT+0800 (Malaysia Time)

SUMMARY:
✔ 5 tests completed
Done in 1.89s.
yarn run v1.22.22
(node:73551) [DEP0169] DeprecationWarning: `url.parse()` behavior is not standardized and prone to errors that have security implications. Use the WHATWG URL API instead. CVEs are not issued for `url.parse()` vulnerabilities.
(Use `node --trace-deprecation ...` to show where the warning was created)
$ /private/tmp/fireside-phase2-oracles.EJXGdU/firebase-js-sdk/node_modules/.bin/karma start /Users/sanjevirau/Desktop/fireside/conformance/src/webchannel/firebase-js-sdk-karma.conf.cjs --single-run --grep '(?:^\(Persistence=memory_lru_gc\) Database (?:(?:vector embeddings(?= |$)|documents: (?= |$)|CollectionRef\.add\(\) resolves with resulting DocumentRef\.(?= |$)|onSnapshotsInSync fires after listeners are in sync(?= |$)|\(Persistence=(?:memory_lru_gc|indexeddb)\) Queries are validated client-side(?= |$))))'
The 'BROWSERS' environment variable is undefined. Defaulting to 'ChromeHeadless'.
webpack was not included as a framework in karma configuration, setting this automatically...

START:
(node:73552) [DEP0060] DeprecationWarning: The `util._extend` API is deprecated. Please use Object.assign() instead.
(Use `node --trace-deprecation ...` to show where the warning was created)
[32m02 09 2026 05:29:47.975:INFO [karma-server]: [39mKarma v6.4.4 server started at http://localhost:8089/
[32m02 09 2026 05:29:47.977:INFO [launcher]: [39mLaunching browsers ChromeHeadless with concurrency unlimited
[32m02 09 2026 05:29:47.979:INFO [launcher]: [39mStarting browser ChromeHeadless
[32m02 09 2026 05:29:48.877:INFO [Chrome Headless 152.0.0.0 (Mac OS 10.15.7)]: [39mConnected on socket SrPJ-am-cY_-jJjOAAAB with id 64970816
Chrome Headless 152.0.0.0 (Mac OS 10.15.7) LOG: 'Default Settings: {"host":"localhost:8080","ssl":false}'
Chrome Headless 152.0.0.0 (Mac OS 10.15.7) LOG: 'Default DatabaseId: "(default)"'
  (Persistence=memory_lru_gc) Database
    ✔ CollectionRef.add() resolves with resulting DocumentRef.
ERROR: '[2026-09-01T21:29:49.043Z]  @firebase/firestore:', 'Firestore (12.18.0): Uncaught Error in snapshot listener:', 'FirebaseError: [code=aborted]: Firestore shutting down'
    ✔ onSnapshotsInSync fires after listeners are in sync
    vector embeddings
      ✔ can write and read vector embeddings
      ✔ can listen to documents with vectors
      ✔ SDK orders vector field same way as backend
      From Cache
        ✔ SDK orders vector field the same way online and offline
    documents: 
      ✔ set/update should reject: undefined
      ✔ set/update should reject: null
      ✔ set/update should reject: 0
      ✔ set/update should reject: foo
      ✔ set/update should reject: a
      ✔ set/update should reject: Wed Sep 02 2026 05:29:48 GMT+0800 (Malaysia Time)
    (Persistence=memory_lru_gc) Queries are validated client-side
      ✔ same inequality fields works
      ✔ inequality and equality on different fields works
      ✔ inequality on multiple fields works
      ✔ inequality with key fields works
      ✔ inequality and array-contains on different fields works
      ✔ inequality and array-contains-any on different fields works
      ✔ multiple inequality and array-contains on different fields works
      ✔ multiple inequality and array-contains-any on different fields works
      ✔ inequality and IN on different fields works
      ✔ multiple inequality and IN on different fields works
      ✔ inequality and NOT IN on different fields works
      ✔ multiple inequality and NOT IN on different fields works
      ✔ inequality same as orderBy works.
      ✔ != same as orderBy works.
      ✔ equality different than orderBy works
      ✔ inequality different than orderBy works.
      ✔ multiple inequality different from orderBy works.
      ✔ array-contains different than orderBy works
      ✔ IN different than orderBy works
      ✔ array-contains-any different than orderBy works
    (Persistence=indexeddb) Queries are validated client-side
      ✔ same inequality fields works
      ✔ inequality and equality on different fields works
      ✔ inequality on multiple fields works
      ✔ inequality with key fields works
      ✔ inequality and array-contains on different fields works
      ✔ inequality and array-contains-any on different fields works
      ✔ multiple inequality and array-contains on different fields works
      ✔ multiple inequality and array-contains-any on different fields works
      ✔ inequality and IN on different fields works
      ✔ multiple inequality and IN on different fields works
      ✔ inequality and NOT IN on different fields works
      ✔ multiple inequality and NOT IN on different fields works
      ✔ inequality same as orderBy works.
      ✔ != same as orderBy works.
      ✔ equality different than orderBy works
      ✔ inequality different than orderBy works.
      ✔ multiple inequality different from orderBy works.
      ✔ array-contains different than orderBy works
      ✔ IN different than orderBy works
      ✔ array-contains-any different than orderBy works
TOTAL: 52 SUCCESS

Finished in 0.241 secs / 0.124 secs @ 05:29:49 GMT+0800 (Malaysia Time)

SUMMARY:
✔ 52 tests completed
Done in 1.98s.
yarn run v1.22.22
(node:73596) [DEP0169] DeprecationWarning: `url.parse()` behavior is not standardized and prone to errors that have security implications. Use the WHATWG URL API instead. CVEs are not issued for `url.parse()` vulnerabilities.
(Use `node --trace-deprecation ...` to show where the warning was created)
$ /private/tmp/fireside-phase2-oracles.EJXGdU/firebase-js-sdk/node_modules/.bin/karma start /Users/sanjevirau/Desktop/fireside/conformance/src/webchannel/firebase-js-sdk-karma.conf.cjs --single-run --grep '(?:^\(Persistence=indexeddb\) Database (?:(?:vector embeddings(?= |$)|documents: (?= |$)|CollectionRef\.add\(\) resolves with resulting DocumentRef\.(?= |$)|onSnapshotsInSync fires after listeners are in sync(?= |$)|\(Persistence=(?:memory_lru_gc|indexeddb)\) Queries are validated client-side(?= |$))))'
The 'BROWSERS' environment variable is undefined. Defaulting to 'ChromeHeadless'.
webpack was not included as a framework in karma configuration, setting this automatically...

START:
(node:73597) [DEP0060] DeprecationWarning: The `util._extend` API is deprecated. Please use Object.assign() instead.
(Use `node --trace-deprecation ...` to show where the warning was created)
[32m02 09 2026 05:29:50.073:INFO [karma-server]: [39mKarma v6.4.4 server started at http://localhost:8089/
[32m02 09 2026 05:29:50.074:INFO [launcher]: [39mLaunching browsers ChromeHeadless with concurrency unlimited
[32m02 09 2026 05:29:50.076:INFO [launcher]: [39mStarting browser ChromeHeadless
[32m02 09 2026 05:29:51.033:INFO [Chrome Headless 152.0.0.0 (Mac OS 10.15.7)]: [39mConnected on socket yDOR4zpUH8biHMuGAAAB with id 18722301
Chrome Headless 152.0.0.0 (Mac OS 10.15.7) LOG: 'Default Settings: {"host":"localhost:8080","ssl":false}'
Chrome Headless 152.0.0.0 (Mac OS 10.15.7) LOG: 'Default DatabaseId: "(default)"'
  (Persistence=indexeddb) Database
    ✔ CollectionRef.add() resolves with resulting DocumentRef.
ERROR: '[2026-09-01T21:29:51.389Z]  @firebase/firestore:', 'Firestore (12.18.0): Uncaught Error in snapshot listener:', 'FirebaseError: [code=aborted]: Firestore shutting down'
    ✔ onSnapshotsInSync fires after listeners are in sync
    vector embeddings
      ✔ can write and read vector embeddings
      ✔ can listen to documents with vectors
      ✔ SDK orders vector field same way as backend
      From Cache
        ✔ SDK orders vector field the same way online and offline
    documents: 
      ✔ set/update should reject: undefined
      ✔ set/update should reject: null
      ✔ set/update should reject: 0
      ✔ set/update should reject: foo
      ✔ set/update should reject: a
      ✔ set/update should reject: Wed Sep 02 2026 05:29:51 GMT+0800 (Malaysia Time)
    (Persistence=memory_lru_gc) Queries are validated client-side
      ✔ same inequality fields works
      ✔ inequality and equality on different fields works
      ✔ inequality on multiple fields works
      ✔ inequality with key fields works
      ✔ inequality and array-contains on different fields works
      ✔ inequality and array-contains-any on different fields works
      ✔ multiple inequality and array-contains on different fields works
      ✔ multiple inequality and array-contains-any on different fields works
      ✔ inequality and IN on different fields works
      ✔ multiple inequality and IN on different fields works
      ✔ inequality and NOT IN on different fields works
      ✔ multiple inequality and NOT IN on different fields works
      ✔ inequality same as orderBy works.
      ✔ != same as orderBy works.
      ✔ equality different than orderBy works
      ✔ inequality different than orderBy works.
      ✔ multiple inequality different from orderBy works.
      ✔ array-contains different than orderBy works
      ✔ IN different than orderBy works
      ✔ array-contains-any different than orderBy works
    (Persistence=indexeddb) Queries are validated client-side
      ✔ same inequality fields works
      ✔ inequality and equality on different fields works
      ✔ inequality on multiple fields works
      ✔ inequality with key fields works
      ✔ inequality and array-contains on different fields works
      ✔ inequality and array-contains-any on different fields works
      ✔ multiple inequality and array-contains on different fields works
      ✔ multiple inequality and array-contains-any on different fields works
      ✔ inequality and IN on different fields works
      ✔ multiple inequality and IN on different fields works
      ✔ inequality and NOT IN on different fields works
      ✔ multiple inequality and NOT IN on different fields works
      ✔ inequality same as orderBy works.
      ✔ != same as orderBy works.
      ✔ equality different than orderBy works
      ✔ inequality different than orderBy works.
      ✔ multiple inequality different from orderBy works.
      ✔ array-contains different than orderBy works
      ✔ IN different than orderBy works
      ✔ array-contains-any different than orderBy works
TOTAL: 52 SUCCESS

Finished in 0.521 secs / 0.445 secs @ 05:29:51 GMT+0800 (Malaysia Time)

SUMMARY:
✔ 52 tests completed
Done in 2.33s.
yarn run v1.22.22
(node:73639) [DEP0169] DeprecationWarning: `url.parse()` behavior is not standardized and prone to errors that have security implications. Use the WHATWG URL API instead. CVEs are not issued for `url.parse()` vulnerabilities.
(Use `node --trace-deprecation ...` to show where the warning was created)
$ /private/tmp/fireside-phase2-oracles.EJXGdU/firebase-js-sdk/node_modules/.bin/karma start /Users/sanjevirau/Desktop/fireside/conformance/src/webchannel/firebase-js-sdk-karma.conf.cjs --single-run --grep '(?:^\(Persistence=memory_lru_gc\) Database (?:(?:DocumentSnapshot events for nonexistent document(?= |$)|DocumentSnapshot events for add data to document(?= |$)|DocumentSnapshot events for change data in document(?= |$)|DocumentSnapshot events for delete data in document(?= |$)|Listen can be called multiple times(?= |$))))'
The 'BROWSERS' environment variable is undefined. Defaulting to 'ChromeHeadless'.
webpack was not included as a framework in karma configuration, setting this automatically...

START:
(node:73647) [DEP0060] DeprecationWarning: The `util._extend` API is deprecated. Please use Object.assign() instead.
(Use `node --trace-deprecation ...` to show where the warning was created)
[32m02 09 2026 05:29:52.475:INFO [karma-server]: [39mKarma v6.4.4 server started at http://localhost:8089/
[32m02 09 2026 05:29:52.477:INFO [launcher]: [39mLaunching browsers ChromeHeadless with concurrency unlimited
[32m02 09 2026 05:29:52.479:INFO [launcher]: [39mStarting browser ChromeHeadless
[32m02 09 2026 05:29:53.411:INFO [Chrome Headless 152.0.0.0 (Mac OS 10.15.7)]: [39mConnected on socket T2_gEI9aN9zj-_XIAAAB with id 38697083
Chrome Headless 152.0.0.0 (Mac OS 10.15.7) LOG: 'Default Settings: {"host":"localhost:8080","ssl":false}'
Chrome Headless 152.0.0.0 (Mac OS 10.15.7) LOG: 'Default DatabaseId: "(default)"'
ERROR: '[2026-09-01T21:29:53.552Z]  @firebase/firestore:', 'Firestore (12.18.0): Uncaught Error in snapshot listener:', 'FirebaseError: [code=aborted]: Firestore shutting down'
  (Persistence=memory_lru_gc) Database
    ✔ DocumentSnapshot events for nonexistent document
ERROR: '[2026-09-01T21:29:53.568Z]  @firebase/firestore:', 'Firestore (12.18.0): Uncaught Error in snapshot listener:', 'FirebaseError: [code=aborted]: Firestore shutting down'
    ✔ DocumentSnapshot events for add data to document
ERROR: '[2026-09-01T21:29:53.586Z]  @firebase/firestore:', 'Firestore (12.18.0): Uncaught Error in snapshot listener:', 'FirebaseError: [code=aborted]: Firestore shutting down'
    ✔ DocumentSnapshot events for change data in document
ERROR: '[2026-09-01T21:29:53.593Z]  @firebase/firestore:', 'Firestore (12.18.0): Uncaught Error in snapshot listener:', 'FirebaseError: [code=aborted]: Firestore shutting down'
    ✔ DocumentSnapshot events for delete data in document
ERROR: '[2026-09-01T21:29:53.597Z]  @firebase/firestore:', 'Firestore (12.18.0): Uncaught Error in snapshot listener:', 'FirebaseError: [code=aborted]: Firestore shutting down'
ERROR: '[2026-09-01T21:29:53.597Z]  @firebase/firestore:', 'Firestore (12.18.0): Uncaught Error in snapshot listener:', 'FirebaseError: [code=aborted]: Firestore shutting down'
    ✔ Listen can be called multiple times
TOTAL: 5 SUCCESS

Finished in 0.063 secs / 0.062 secs @ 05:29:53 GMT+0800 (Malaysia Time)

SUMMARY:
✔ 5 tests completed
Done in 1.75s.
yarn run v1.22.22
(node:73683) [DEP0169] DeprecationWarning: `url.parse()` behavior is not standardized and prone to errors that have security implications. Use the WHATWG URL API instead. CVEs are not issued for `url.parse()` vulnerabilities.
(Use `node --trace-deprecation ...` to show where the warning was created)
$ /private/tmp/fireside-phase2-oracles.EJXGdU/firebase-js-sdk/node_modules/.bin/karma start /Users/sanjevirau/Desktop/fireside/conformance/src/webchannel/firebase-js-sdk-karma.conf.cjs --single-run --grep '(?:^\(Persistence=indexeddb\) Database (?:(?:DocumentSnapshot events for nonexistent document(?= |$)|DocumentSnapshot events for add data to document(?= |$)|DocumentSnapshot events for change data in document(?= |$)|DocumentSnapshot events for delete data in document(?= |$)|Listen can be called multiple times(?= |$))))'
The 'BROWSERS' environment variable is undefined. Defaulting to 'ChromeHeadless'.
webpack was not included as a framework in karma configuration, setting this automatically...

START:
(node:73685) [DEP0060] DeprecationWarning: The `util._extend` API is deprecated. Please use Object.assign() instead.
(Use `node --trace-deprecation ...` to show where the warning was created)
[32m02 09 2026 05:29:54.331:INFO [karma-server]: [39mKarma v6.4.4 server started at http://localhost:8089/
[32m02 09 2026 05:29:54.332:INFO [launcher]: [39mLaunching browsers ChromeHeadless with concurrency unlimited
[32m02 09 2026 05:29:54.335:INFO [launcher]: [39mStarting browser ChromeHeadless
[32m02 09 2026 05:29:55.234:INFO [Chrome Headless 152.0.0.0 (Mac OS 10.15.7)]: [39mConnected on socket DRBVoVR-HZzjHctqAAAB with id 78928399
Chrome Headless 152.0.0.0 (Mac OS 10.15.7) LOG: 'Default Settings: {"host":"localhost:8080","ssl":false}'
Chrome Headless 152.0.0.0 (Mac OS 10.15.7) LOG: 'Default DatabaseId: "(default)"'
ERROR: '[2026-09-01T21:29:55.425Z]  @firebase/firestore:', 'Firestore (12.18.0): Uncaught Error in snapshot listener:', 'FirebaseError: [code=aborted]: Firestore shutting down'
  (Persistence=indexeddb) Database
    ✔ DocumentSnapshot events for nonexistent document
ERROR: '[2026-09-01T21:29:55.463Z]  @firebase/firestore:', 'Firestore (12.18.0): Uncaught Error in snapshot listener:', 'FirebaseError: [code=aborted]: Firestore shutting down'
    ✔ DocumentSnapshot events for add data to document
ERROR: '[2026-09-01T21:29:55.517Z]  @firebase/firestore:', 'Firestore (12.18.0): Uncaught Error in snapshot listener:', 'FirebaseError: [code=aborted]: Firestore shutting down'
    ✔ DocumentSnapshot events for change data in document
ERROR: '[2026-09-01T21:29:55.544Z]  @firebase/firestore:', 'Firestore (12.18.0): Uncaught Error in snapshot listener:', 'FirebaseError: [code=aborted]: Firestore shutting down'
    ✔ DocumentSnapshot events for delete data in document
ERROR: '[2026-09-01T21:29:55.561Z]  @firebase/firestore:', 'Firestore (12.18.0): Uncaught Error in snapshot listener:', 'FirebaseError: [code=aborted]: Firestore shutting down'
ERROR: '[2026-09-01T21:29:55.561Z]  @firebase/firestore:', 'Firestore (12.18.0): Uncaught Error in snapshot listener:', 'FirebaseError: [code=aborted]: Firestore shutting down'
    ✔ Listen can be called multiple times
TOTAL: 5 SUCCESS

Finished in 0.194 secs / 0.191 secs @ 05:29:55 GMT+0800 (Malaysia Time)

SUMMARY:
✔ 5 tests completed
Done in 1.88s.
yarn run v1.22.22
(node:73744) [DEP0169] DeprecationWarning: `url.parse()` behavior is not standardized and prone to errors that have security implications. Use the WHATWG URL API instead. CVEs are not issued for `url.parse()` vulnerabilities.
(Use `node --trace-deprecation ...` to show where the warning was created)
$ /private/tmp/fireside-phase2-oracles.EJXGdU/firebase-js-sdk/node_modules/.bin/karma start /Users/sanjevirau/Desktop/fireside/conformance/src/webchannel/firebase-js-sdk-karma.conf.cjs --single-run --grep '(?:^\(Persistence=memory_lru_gc\) Database (?:(?:DocumentSnapshot events for snapshot created by a bundle(?= |$)|DocumentSnapshot updated doc events in snapshot created by a bundle accumulator(?= |$)|DocumentSnapshot observer events for snapshot created by a bundle(?= |$)|DocumentSnapshot error events for snapshot created by a bundle(?= |$)|DocumentSnapshot observer error events for snapshot created by a bundle(?= |$))))'
The 'BROWSERS' environment variable is undefined. Defaulting to 'ChromeHeadless'.
webpack was not included as a framework in karma configuration, setting this automatically...

START:
(node:73745) [DEP0060] DeprecationWarning: The `util._extend` API is deprecated. Please use Object.assign() instead.
(Use `node --trace-deprecation ...` to show where the warning was created)
[32m02 09 2026 05:29:56.306:INFO [karma-server]: [39mKarma v6.4.4 server started at http://localhost:8089/
[32m02 09 2026 05:29:56.307:INFO [launcher]: [39mLaunching browsers ChromeHeadless with concurrency unlimited
[32m02 09 2026 05:29:56.309:INFO [launcher]: [39mStarting browser ChromeHeadless
[32m02 09 2026 05:29:57.196:INFO [Chrome Headless 152.0.0.0 (Mac OS 10.15.7)]: [39mConnected on socket 1stcrikV1K1kuP27AAAB with id 82483732
Chrome Headless 152.0.0.0 (Mac OS 10.15.7) LOG: 'Default Settings: {"host":"localhost:8080","ssl":false}'
Chrome Headless 152.0.0.0 (Mac OS 10.15.7) LOG: 'Default DatabaseId: "(default)"'
  (Persistence=memory_lru_gc) Database
    ✔ DocumentSnapshot events for snapshot created by a bundle
    ✔ DocumentSnapshot updated doc events in snapshot created by a bundle accumulator
    ✔ DocumentSnapshot observer events for snapshot created by a bundle
WARN: '[2026-09-01T21:29:57.319Z]  @firebase/firestore:', 'Firestore (12.18.0): SyncEngine', 'Loading bundle failed with Error: Invalid bundle format: Reached the end of bundle when a length string is expected.'
    ✔ DocumentSnapshot error events for snapshot created by a bundle
WARN: '[2026-09-01T21:29:57.325Z]  @firebase/firestore:', 'Firestore (12.18.0): SyncEngine', 'Loading bundle failed with Error: Invalid bundle format: Reached the end of bundle when a length string is expected.'
    ✔ DocumentSnapshot observer error events for snapshot created by a bundle
TOTAL: 5 SUCCESS

Finished in 0.022 secs / 0.015 secs @ 05:29:57 GMT+0800 (Malaysia Time)

SUMMARY:
✔ 5 tests completed
Done in 1.67s.
yarn run v1.22.22
(node:73788) [DEP0169] DeprecationWarning: `url.parse()` behavior is not standardized and prone to errors that have security implications. Use the WHATWG URL API instead. CVEs are not issued for `url.parse()` vulnerabilities.
(Use `node --trace-deprecation ...` to show where the warning was created)
$ /private/tmp/fireside-phase2-oracles.EJXGdU/firebase-js-sdk/node_modules/.bin/karma start /Users/sanjevirau/Desktop/fireside/conformance/src/webchannel/firebase-js-sdk-karma.conf.cjs --single-run --grep '(?:^\(Persistence=indexeddb\) Database (?:(?:DocumentSnapshot events for snapshot created by a bundle(?= |$)|DocumentSnapshot updated doc events in snapshot created by a bundle accumulator(?= |$)|DocumentSnapshot observer events for snapshot created by a bundle(?= |$)|DocumentSnapshot error events for snapshot created by a bundle(?= |$)|DocumentSnapshot observer error events for snapshot created by a bundle(?= |$))))'
The 'BROWSERS' environment variable is undefined. Defaulting to 'ChromeHeadless'.
webpack was not included as a framework in karma configuration, setting this automatically...

START:
(node:73789) [DEP0060] DeprecationWarning: The `util._extend` API is deprecated. Please use Object.assign() instead.
(Use `node --trace-deprecation ...` to show where the warning was created)
[32m02 09 2026 05:29:58.053:INFO [karma-server]: [39mKarma v6.4.4 server started at http://localhost:8089/
[32m02 09 2026 05:29:58.054:INFO [launcher]: [39mLaunching browsers ChromeHeadless with concurrency unlimited
[32m02 09 2026 05:29:58.057:INFO [launcher]: [39mStarting browser ChromeHeadless
[32m02 09 2026 05:29:58.929:INFO [Chrome Headless 152.0.0.0 (Mac OS 10.15.7)]: [39mConnected on socket g6wwXEikO34Hpy6jAAAB with id 67119945
Chrome Headless 152.0.0.0 (Mac OS 10.15.7) LOG: 'Default Settings: {"host":"localhost:8080","ssl":false}'
Chrome Headless 152.0.0.0 (Mac OS 10.15.7) LOG: 'Default DatabaseId: "(default)"'
  (Persistence=indexeddb) Database
    ✔ DocumentSnapshot events for snapshot created by a bundle
    ✔ DocumentSnapshot updated doc events in snapshot created by a bundle accumulator
    ✔ DocumentSnapshot observer events for snapshot created by a bundle
WARN: '[2026-09-01T21:29:59.090Z]  @firebase/firestore:', 'Firestore (12.18.0): SyncEngine', 'Loading bundle failed with Error: Invalid bundle format: Reached the end of bundle when a length string is expected.'
    ✔ DocumentSnapshot error events for snapshot created by a bundle
WARN: '[2026-09-01T21:29:59.099Z]  @firebase/firestore:', 'Firestore (12.18.0): SyncEngine', 'Loading bundle failed with Error: Invalid bundle format: Reached the end of bundle when a length string is expected.'
    ✔ DocumentSnapshot observer error events for snapshot created by a bundle
TOTAL: 5 SUCCESS

Finished in 0.057 secs / 0.055 secs @ 05:29:59 GMT+0800 (Malaysia Time)

SUMMARY:
✔ 5 tests completed
Done in 1.68s.
yarn run v1.22.22
(node:73830) [DEP0169] DeprecationWarning: `url.parse()` behavior is not standardized and prone to errors that have security implications. Use the WHATWG URL API instead. CVEs are not issued for `url.parse()` vulnerabilities.
(Use `node --trace-deprecation ...` to show where the warning was created)
$ /private/tmp/fireside-phase2-oracles.EJXGdU/firebase-js-sdk/node_modules/.bin/karma start /Users/sanjevirau/Desktop/fireside/conformance/src/webchannel/firebase-js-sdk-karma.conf.cjs --single-run --grep '(?:^\(Persistence=memory_lru_gc\) Database (?:(?:DocumentSnapshot updated doc events in snapshot created by fromJSON bundle(?= |$)|DocumentSnapshot updated doc events in snapshot created by fromJSON doc ref(?= |$)|Querysnapshot events for snapshot created by a bundle(?= |$)|Querysnapshot observer events for snapshot created by a bundle(?= |$)|QuerySnapshot error events for snapshot created by a bundle(?= |$))))'
The 'BROWSERS' environment variable is undefined. Defaulting to 'ChromeHeadless'.
webpack was not included as a framework in karma configuration, setting this automatically...

START:
(node:73832) [DEP0060] DeprecationWarning: The `util._extend` API is deprecated. Please use Object.assign() instead.
(Use `node --trace-deprecation ...` to show where the warning was created)
[32m02 09 2026 05:29:59.820:INFO [karma-server]: [39mKarma v6.4.4 server started at http://localhost:8089/
[32m02 09 2026 05:29:59.821:INFO [launcher]: [39mLaunching browsers ChromeHeadless with concurrency unlimited
[32m02 09 2026 05:29:59.824:INFO [launcher]: [39mStarting browser ChromeHeadless
[32m02 09 2026 05:30:00.723:INFO [Chrome Headless 152.0.0.0 (Mac OS 10.15.7)]: [39mConnected on socket IwTMx89aZYxgWLvxAAAB with id 73062700
Chrome Headless 152.0.0.0 (Mac OS 10.15.7) LOG: 'Default Settings: {"host":"localhost:8080","ssl":false}'
Chrome Headless 152.0.0.0 (Mac OS 10.15.7) LOG: 'Default DatabaseId: "(default)"'
  (Persistence=memory_lru_gc) Database
    ✔ DocumentSnapshot updated doc events in snapshot created by fromJSON bundle
    ✔ DocumentSnapshot updated doc events in snapshot created by fromJSON doc ref
    ✔ Querysnapshot events for snapshot created by a bundle
    ✔ Querysnapshot observer events for snapshot created by a bundle
WARN: '[2026-09-01T21:30:00.863Z]  @firebase/firestore:', 'Firestore (12.18.0): SyncEngine', 'Loading bundle failed with Error: Invalid bundle format: Reached the end of bundle when a length string is expected.'
    ✔ QuerySnapshot error events for snapshot created by a bundle
TOTAL: 5 SUCCESS

Finished in 0.017 secs / 0.01 secs @ 05:30:00 GMT+0800 (Malaysia Time)

SUMMARY:
✔ 5 tests completed
Done in 1.67s.
yarn run v1.22.22
(node:73892) [DEP0169] DeprecationWarning: `url.parse()` behavior is not standardized and prone to errors that have security implications. Use the WHATWG URL API instead. CVEs are not issued for `url.parse()` vulnerabilities.
(Use `node --trace-deprecation ...` to show where the warning was created)
$ /private/tmp/fireside-phase2-oracles.EJXGdU/firebase-js-sdk/node_modules/.bin/karma start /Users/sanjevirau/Desktop/fireside/conformance/src/webchannel/firebase-js-sdk-karma.conf.cjs --single-run --grep '(?:^\(Persistence=indexeddb\) Database (?:(?:DocumentSnapshot updated doc events in snapshot created by fromJSON bundle(?= |$)|DocumentSnapshot updated doc events in snapshot created by fromJSON doc ref(?= |$)|Querysnapshot events for snapshot created by a bundle(?= |$)|Querysnapshot observer events for snapshot created by a bundle(?= |$)|QuerySnapshot error events for snapshot created by a bundle(?= |$))))'
The 'BROWSERS' environment variable is undefined. Defaulting to 'ChromeHeadless'.
webpack was not included as a framework in karma configuration, setting this automatically...

START:
(node:73893) [DEP0060] DeprecationWarning: The `util._extend` API is deprecated. Please use Object.assign() instead.
(Use `node --trace-deprecation ...` to show where the warning was created)
[32m02 09 2026 05:30:01.591:INFO [karma-server]: [39mKarma v6.4.4 server started at http://localhost:8089/
[32m02 09 2026 05:30:01.592:INFO [launcher]: [39mLaunching browsers ChromeHeadless with concurrency unlimited
[32m02 09 2026 05:30:01.594:INFO [launcher]: [39mStarting browser ChromeHeadless
[32m02 09 2026 05:30:02.489:INFO [Chrome Headless 152.0.0.0 (Mac OS 10.15.7)]: [39mConnected on socket puEggLv6p1D2y_55AAAB with id 29992676
Chrome Headless 152.0.0.0 (Mac OS 10.15.7) LOG: 'Default Settings: {"host":"localhost:8080","ssl":false}'
Chrome Headless 152.0.0.0 (Mac OS 10.15.7) LOG: 'Default DatabaseId: "(default)"'
  (Persistence=indexeddb) Database
    ✔ DocumentSnapshot updated doc events in snapshot created by fromJSON bundle
    ✔ DocumentSnapshot updated doc events in snapshot created by fromJSON doc ref
    ✔ Querysnapshot events for snapshot created by a bundle
    ✔ Querysnapshot observer events for snapshot created by a bundle
WARN: '[2026-09-01T21:30:02.670Z]  @firebase/firestore:', 'Firestore (12.18.0): SyncEngine', 'Loading bundle failed with Error: Invalid bundle format: Reached the end of bundle when a length string is expected.'
    ✔ QuerySnapshot error events for snapshot created by a bundle
TOTAL: 5 SUCCESS

Finished in 0.049 secs / 0.048 secs @ 05:30:02 GMT+0800 (Malaysia Time)

SUMMARY:
✔ 5 tests completed
Done in 1.70s.
yarn run v1.22.22
(node:73934) [DEP0169] DeprecationWarning: `url.parse()` behavior is not standardized and prone to errors that have security implications. Use the WHATWG URL API instead. CVEs are not issued for `url.parse()` vulnerabilities.
(Use `node --trace-deprecation ...` to show where the warning was created)
$ /private/tmp/fireside-phase2-oracles.EJXGdU/firebase-js-sdk/node_modules/.bin/karma start /Users/sanjevirau/Desktop/fireside/conformance/src/webchannel/firebase-js-sdk-karma.conf.cjs --single-run --grep '(?:^\(Persistence=memory_lru_gc\) Database (?:(?:QuerySnapshot observer error events for snapshot created by a bundle(?= |$)|QuerySnapshot updated doc events in snapshot created by a bundle(?= |$)|QuerySnapshot updated doc events in snapshot created by fromJSON (?= |$)|QuerySnapshot updated doc events in snapshot created by fromJSON query ref(?= |$)|Metadata only changes are not fired when no options provided(?= |$))))'
The 'BROWSERS' environment variable is undefined. Defaulting to 'ChromeHeadless'.
webpack was not included as a framework in karma configuration, setting this automatically...

START:
(node:73935) [DEP0060] DeprecationWarning: The `util._extend` API is deprecated. Please use Object.assign() instead.
(Use `node --trace-deprecation ...` to show where the warning was created)
[32m02 09 2026 05:30:03.389:INFO [karma-server]: [39mKarma v6.4.4 server started at http://localhost:8089/
[32m02 09 2026 05:30:03.390:INFO [launcher]: [39mLaunching browsers ChromeHeadless with concurrency unlimited
[32m02 09 2026 05:30:03.392:INFO [launcher]: [39mStarting browser ChromeHeadless
[32m02 09 2026 05:30:04.315:INFO [Chrome Headless 152.0.0.0 (Mac OS 10.15.7)]: [39mConnected on socket LHx_vlIldtuqy2kjAAAB with id 27559234
Chrome Headless 152.0.0.0 (Mac OS 10.15.7) LOG: 'Default Settings: {"host":"localhost:8080","ssl":false}'
Chrome Headless 152.0.0.0 (Mac OS 10.15.7) LOG: 'Default DatabaseId: "(default)"'
WARN: '[2026-09-01T21:30:04.449Z]  @firebase/firestore:', 'Firestore (12.18.0): SyncEngine', 'Loading bundle failed with Error: Invalid bundle format: Reached the end of bundle when a length string is expected.'
  (Persistence=memory_lru_gc) Database
    ✔ QuerySnapshot observer error events for snapshot created by a bundle
    ✔ QuerySnapshot updated doc events in snapshot created by a bundle
    ✔ QuerySnapshot updated doc events in snapshot created by fromJSON 
    ✔ QuerySnapshot updated doc events in snapshot created by fromJSON query ref
    ✔ Metadata only changes are not fired when no options provided
TOTAL: 5 SUCCESS

Finished in 0.032 secs / 0.03 secs @ 05:30:04 GMT+0800 (Malaysia Time)

SUMMARY:
✔ 5 tests completed
Done in 1.71s.
yarn run v1.22.22
(node:73975) [DEP0169] DeprecationWarning: `url.parse()` behavior is not standardized and prone to errors that have security implications. Use the WHATWG URL API instead. CVEs are not issued for `url.parse()` vulnerabilities.
(Use `node --trace-deprecation ...` to show where the warning was created)
$ /private/tmp/fireside-phase2-oracles.EJXGdU/firebase-js-sdk/node_modules/.bin/karma start /Users/sanjevirau/Desktop/fireside/conformance/src/webchannel/firebase-js-sdk-karma.conf.cjs --single-run --grep '(?:^\(Persistence=indexeddb\) Database (?:(?:QuerySnapshot observer error events for snapshot created by a bundle(?= |$)|QuerySnapshot updated doc events in snapshot created by a bundle(?= |$)|QuerySnapshot updated doc events in snapshot created by fromJSON (?= |$)|QuerySnapshot updated doc events in snapshot created by fromJSON query ref(?= |$)|Metadata only changes are not fired when no options provided(?= |$))))'
The 'BROWSERS' environment variable is undefined. Defaulting to 'ChromeHeadless'.
webpack was not included as a framework in karma configuration, setting this automatically...

START:
(node:73982) [DEP0060] DeprecationWarning: The `util._extend` API is deprecated. Please use Object.assign() instead.
(Use `node --trace-deprecation ...` to show where the warning was created)
[32m02 09 2026 05:30:05.195:INFO [karma-server]: [39mKarma v6.4.4 server started at http://localhost:8089/
[32m02 09 2026 05:30:05.196:INFO [launcher]: [39mLaunching browsers ChromeHeadless with concurrency unlimited
[32m02 09 2026 05:30:05.197:INFO [launcher]: [39mStarting browser ChromeHeadless
[32m02 09 2026 05:30:06.195:INFO [Chrome Headless 152.0.0.0 (Mac OS 10.15.7)]: [39mConnected on socket iad-eWYYiEjkxAIOAAAB with id 5132374
Chrome Headless 152.0.0.0 (Mac OS 10.15.7) LOG: 'Default Settings: {"host":"localhost:8080","ssl":false}'
Chrome Headless 152.0.0.0 (Mac OS 10.15.7) LOG: 'Default DatabaseId: "(default)"'
WARN: '[2026-09-01T21:30:06.349Z]  @firebase/firestore:', 'Firestore (12.18.0): SyncEngine', 'Loading bundle failed with Error: Invalid bundle format: Reached the end of bundle when a length string is expected.'
  (Persistence=indexeddb) Database
    ✔ QuerySnapshot observer error events for snapshot created by a bundle
    ✔ QuerySnapshot updated doc events in snapshot created by a bundle
    ✔ QuerySnapshot updated doc events in snapshot created by fromJSON 
    ✔ QuerySnapshot updated doc events in snapshot created by fromJSON query ref
    ✔ Metadata only changes are not fired when no options provided
TOTAL: 5 SUCCESS

Finished in 0.071 secs / 0.069 secs @ 05:30:06 GMT+0800 (Malaysia Time)

SUMMARY:
✔ 5 tests completed
Done in 1.81s.
yarn run v1.22.22
(node:74018) [DEP0169] DeprecationWarning: `url.parse()` behavior is not standardized and prone to errors that have security implications. Use the WHATWG URL API instead. CVEs are not issued for `url.parse()` vulnerabilities.
(Use `node --trace-deprecation ...` to show where the warning was created)
$ /private/tmp/fireside-phase2-oracles.EJXGdU/firebase-js-sdk/node_modules/.bin/karma start /Users/sanjevirau/Desktop/fireside/conformance/src/webchannel/firebase-js-sdk-karma.conf.cjs --single-run --grep '(?:^\(Persistence=memory_lru_gc\) Database (?:(?:Listens are rejected remotely:(?= |$)|exposes "firestore" on document references\.(?= |$)|exposes "firestore" on query references\.(?= |$)|can compare DocumentReference instances with isEqual\(\)\.(?= |$)|can compare Query instances with isEqual\(\)\.(?= |$))))'
The 'BROWSERS' environment variable is undefined. Defaulting to 'ChromeHeadless'.
webpack was not included as a framework in karma configuration, setting this automatically...

START:
(node:74019) [DEP0060] DeprecationWarning: The `util._extend` API is deprecated. Please use Object.assign() instead.
(Use `node --trace-deprecation ...` to show where the warning was created)
[32m02 09 2026 05:30:07.101:INFO [karma-server]: [39mKarma v6.4.4 server started at http://localhost:8089/
[32m02 09 2026 05:30:07.102:INFO [launcher]: [39mLaunching browsers ChromeHeadless with concurrency unlimited
[32m02 09 2026 05:30:07.105:INFO [launcher]: [39mStarting browser ChromeHeadless
[32m02 09 2026 05:30:08.011:INFO [Chrome Headless 152.0.0.0 (Mac OS 10.15.7)]: [39mConnected on socket Xw4nORQtrRBUD39-AAAB with id 69842926
Chrome Headless 152.0.0.0 (Mac OS 10.15.7) LOG: 'Default Settings: {"host":"localhost:8080","ssl":false}'
Chrome Headless 152.0.0.0 (Mac OS 10.15.7) LOG: 'Default DatabaseId: "(default)"'
  (Persistence=memory_lru_gc) Database
    ✔ exposes "firestore" on document references.
    ✔ exposes "firestore" on query references.
    ✔ can compare DocumentReference instances with isEqual().
    ✔ can compare Query instances with isEqual().
    Listens are rejected remotely:
      ✔ will reject listens
      ✔ will reject same listens twice in a row
      ✔ will reject gets
      ✔ will reject gets twice in a row
TOTAL: 8 SUCCESS

Finished in 0.033 secs / 0.03 secs @ 05:30:08 GMT+0800 (Malaysia Time)

SUMMARY:
✔ 8 tests completed
Done in 1.67s.
yarn run v1.22.22
(node:74082) [DEP0169] DeprecationWarning: `url.parse()` behavior is not standardized and prone to errors that have security implications. Use the WHATWG URL API instead. CVEs are not issued for `url.parse()` vulnerabilities.
(Use `node --trace-deprecation ...` to show where the warning was created)
$ /private/tmp/fireside-phase2-oracles.EJXGdU/firebase-js-sdk/node_modules/.bin/karma start /Users/sanjevirau/Desktop/fireside/conformance/src/webchannel/firebase-js-sdk-karma.conf.cjs --single-run --grep '(?:^\(Persistence=indexeddb\) Database (?:(?:Listens are rejected remotely:(?= |$)|exposes "firestore" on document references\.(?= |$)|exposes "firestore" on query references\.(?= |$)|can compare DocumentReference instances with isEqual\(\)\.(?= |$)|can compare Query instances with isEqual\(\)\.(?= |$))))'
The 'BROWSERS' environment variable is undefined. Defaulting to 'ChromeHeadless'.
webpack was not included as a framework in karma configuration, setting this automatically...

START:
(node:74083) [DEP0060] DeprecationWarning: The `util._extend` API is deprecated. Please use Object.assign() instead.
(Use `node --trace-deprecation ...` to show where the warning was created)
[32m02 09 2026 05:30:08.874:INFO [karma-server]: [39mKarma v6.4.4 server started at http://localhost:8089/
[32m02 09 2026 05:30:08.875:INFO [launcher]: [39mLaunching browsers ChromeHeadless with concurrency unlimited
[32m02 09 2026 05:30:08.877:INFO [launcher]: [39mStarting browser ChromeHeadless
[32m02 09 2026 05:30:09.787:INFO [Chrome Headless 152.0.0.0 (Mac OS 10.15.7)]: [39mConnected on socket N0-ZQwv8XwaJdf0xAAAB with id 7520024
Chrome Headless 152.0.0.0 (Mac OS 10.15.7) LOG: 'Default Settings: {"host":"localhost:8080","ssl":false}'
Chrome Headless 152.0.0.0 (Mac OS 10.15.7) LOG: 'Default DatabaseId: "(default)"'
  (Persistence=indexeddb) Database
    ✔ exposes "firestore" on document references.
    ✔ exposes "firestore" on query references.
    ✔ can compare DocumentReference instances with isEqual().
    ✔ can compare Query instances with isEqual().
    Listens are rejected remotely:
      ✔ will reject listens
      ✔ will reject same listens twice in a row
      ✔ will reject gets
      ✔ will reject gets twice in a row
TOTAL: 8 SUCCESS

Finished in 0.101 secs / 0.098 secs @ 05:30:10 GMT+0800 (Malaysia Time)

SUMMARY:
✔ 8 tests completed
Done in 1.74s.
yarn run v1.22.22
(node:74126) [DEP0169] DeprecationWarning: `url.parse()` behavior is not standardized and prone to errors that have security implications. Use the WHATWG URL API instead. CVEs are not issued for `url.parse()` vulnerabilities.
(Use `node --trace-deprecation ...` to show where the warning was created)
$ /private/tmp/fireside-phase2-oracles.EJXGdU/firebase-js-sdk/node_modules/.bin/karma start /Users/sanjevirau/Desktop/fireside/conformance/src/webchannel/firebase-js-sdk-karma.conf.cjs --single-run --grep '(?:^\(Persistence=memory_lru_gc\) Database (?:(?:can compare multiple inequality Query instances with isEqual\(\)\.(?= |$)|can traverse collections and documents\.(?= |$)|can traverse collection and document parents\.(?= |$)|can queue writes while offline(?= |$)|offline writes are sent after restart(?= |$))))'
The 'BROWSERS' environment variable is undefined. Defaulting to 'ChromeHeadless'.
webpack was not included as a framework in karma configuration, setting this automatically...

START:
(node:74127) [DEP0060] DeprecationWarning: The `util._extend` API is deprecated. Please use Object.assign() instead.
(Use `node --trace-deprecation ...` to show where the warning was created)
[32m02 09 2026 05:30:10.763:INFO [karma-server]: [39mKarma v6.4.4 server started at http://localhost:8089/
[32m02 09 2026 05:30:10.764:INFO [launcher]: [39mLaunching browsers ChromeHeadless with concurrency unlimited
[32m02 09 2026 05:30:10.766:INFO [launcher]: [39mStarting browser ChromeHeadless
[32m02 09 2026 05:30:11.667:INFO [Chrome Headless 152.0.0.0 (Mac OS 10.15.7)]: [39mConnected on socket BkHUnz6p7XcWs8qBAAAB with id 91072752
Chrome Headless 152.0.0.0 (Mac OS 10.15.7) LOG: 'Default Settings: {"host":"localhost:8080","ssl":false}'
Chrome Headless 152.0.0.0 (Mac OS 10.15.7) LOG: 'Default DatabaseId: "(default)"'
  (Persistence=memory_lru_gc) Database
    ✔ can compare multiple inequality Query instances with isEqual().
    ✔ can traverse collections and documents.
    ✔ can traverse collection and document parents.
    ✔ can queue writes while offline
    ✖ offline writes are sent after restart (skipped)
TOTAL: 4 SUCCESS

Finished in 0.025 secs / 0.023 secs @ 05:30:11 GMT+0800 (Malaysia Time)

SUMMARY:
✔ 4 tests completed
ℹ 1 test skipped
Done in 1.74s.
yarn run v1.22.22
(node:74169) [DEP0169] DeprecationWarning: `url.parse()` behavior is not standardized and prone to errors that have security implications. Use the WHATWG URL API instead. CVEs are not issued for `url.parse()` vulnerabilities.
(Use `node --trace-deprecation ...` to show where the warning was created)
$ /private/tmp/fireside-phase2-oracles.EJXGdU/firebase-js-sdk/node_modules/.bin/karma start /Users/sanjevirau/Desktop/fireside/conformance/src/webchannel/firebase-js-sdk-karma.conf.cjs --single-run --grep '(?:^\(Persistence=indexeddb\) Database (?:(?:can compare multiple inequality Query instances with isEqual\(\)\.(?= |$)|can traverse collections and documents\.(?= |$)|can traverse collection and document parents\.(?= |$)|can queue writes while offline(?= |$)|offline writes are sent after restart(?= |$))))'
The 'BROWSERS' environment variable is undefined. Defaulting to 'ChromeHeadless'.
webpack was not included as a framework in karma configuration, setting this automatically...

START:
(node:74172) [DEP0060] DeprecationWarning: The `util._extend` API is deprecated. Please use Object.assign() instead.
(Use `node --trace-deprecation ...` to show where the warning was created)
[32m02 09 2026 05:30:12.530:INFO [karma-server]: [39mKarma v6.4.4 server started at http://localhost:8089/
[32m02 09 2026 05:30:12.531:INFO [launcher]: [39mLaunching browsers ChromeHeadless with concurrency unlimited
[32m02 09 2026 05:30:12.534:INFO [launcher]: [39mStarting browser ChromeHeadless
[32m02 09 2026 05:30:13.449:INFO [Chrome Headless 152.0.0.0 (Mac OS 10.15.7)]: [39mConnected on socket hMat2PzA6vOmCcLdAAAB with id 500934
Chrome Headless 152.0.0.0 (Mac OS 10.15.7) LOG: 'Default Settings: {"host":"localhost:8080","ssl":false}'
Chrome Headless 152.0.0.0 (Mac OS 10.15.7) LOG: 'Default DatabaseId: "(default)"'
  (Persistence=indexeddb) Database
    ✔ can compare multiple inequality Query instances with isEqual().
    ✔ can traverse collections and documents.
    ✔ can traverse collection and document parents.
    ✔ can queue writes while offline
WARN: '[2026-09-01T21:30:13.653Z]  @firebase/firestore:', 'Firestore (12.18.0): enableIndexedDbPersistence() will be deprecated in the future, you can use `FirestoreSettings.cache` instead.'
    ✔ offline writes are sent after restart
TOTAL: 5 SUCCESS

Finished in 0.098 secs / 0.096 secs @ 05:30:13 GMT+0800 (Malaysia Time)

SUMMARY:
✔ 5 tests completed
Done in 1.76s.
yarn run v1.22.22
(node:74214) [DEP0169] DeprecationWarning: `url.parse()` behavior is not standardized and prone to errors that have security implications. Use the WHATWG URL API instead. CVEs are not issued for `url.parse()` vulnerabilities.
(Use `node --trace-deprecation ...` to show where the warning was created)
$ /private/tmp/fireside-phase2-oracles.EJXGdU/firebase-js-sdk/node_modules/.bin/karma start /Users/sanjevirau/Desktop/fireside/conformance/src/webchannel/firebase-js-sdk-karma.conf.cjs --single-run --grep '(?:^\(Persistence=memory_lru_gc\) Database (?:(?:rejects subsequent method calls after terminate\(\) is called(?= |$)|can call terminate\(\) multiple times(?= |$)|maintains persistence after restarting app(?= |$)|can clear persistence if the client has been terminated(?= |$)|can clear persistence if the client has not been initialized(?= |$))))'
The 'BROWSERS' environment variable is undefined. Defaulting to 'ChromeHeadless'.
webpack was not included as a framework in karma configuration, setting this automatically...

START:
(node:74218) [DEP0060] DeprecationWarning: The `util._extend` API is deprecated. Please use Object.assign() instead.
(Use `node --trace-deprecation ...` to show where the warning was created)
[32m02 09 2026 05:30:14.403:INFO [karma-server]: [39mKarma v6.4.4 server started at http://localhost:8089/
[32m02 09 2026 05:30:14.405:INFO [launcher]: [39mLaunching browsers ChromeHeadless with concurrency unlimited
[32m02 09 2026 05:30:14.407:INFO [launcher]: [39mStarting browser ChromeHeadless
[32m02 09 2026 05:30:15.356:INFO [Chrome Headless 152.0.0.0 (Mac OS 10.15.7)]: [39mConnected on socket 33NjS1QvLmimZ7A4AAAB with id 24785562
Chrome Headless 152.0.0.0 (Mac OS 10.15.7) LOG: 'Default Settings: {"host":"localhost:8080","ssl":false}'
Chrome Headless 152.0.0.0 (Mac OS 10.15.7) LOG: 'Default DatabaseId: "(default)"'
  (Persistence=memory_lru_gc) Database
    ✔ rejects subsequent method calls after terminate() is called
    ✔ can call terminate() multiple times
    ✖ maintains persistence after restarting app (skipped)
    ✖ can clear persistence if the client has been terminated (skipped)
    ✖ can clear persistence if the client has not been initialized (skipped)
TOTAL: 2 SUCCESS

Finished in 0.005 secs / 0.002 secs @ 05:30:15 GMT+0800 (Malaysia Time)

SUMMARY:
✔ 2 tests completed
ℹ 3 tests skipped
Done in 1.73s.
yarn run v1.22.22
(node:74260) [DEP0169] DeprecationWarning: `url.parse()` behavior is not standardized and prone to errors that have security implications. Use the WHATWG URL API instead. CVEs are not issued for `url.parse()` vulnerabilities.
(Use `node --trace-deprecation ...` to show where the warning was created)
$ /private/tmp/fireside-phase2-oracles.EJXGdU/firebase-js-sdk/node_modules/.bin/karma start /Users/sanjevirau/Desktop/fireside/conformance/src/webchannel/firebase-js-sdk-karma.conf.cjs --single-run --grep '(?:^\(Persistence=indexeddb\) Database (?:(?:rejects subsequent method calls after terminate\(\) is called(?= |$)|can call terminate\(\) multiple times(?= |$)|maintains persistence after restarting app(?= |$)|can clear persistence if the client has been terminated(?= |$)|can clear persistence if the client has not been initialized(?= |$))))'
The 'BROWSERS' environment variable is undefined. Defaulting to 'ChromeHeadless'.
webpack was not included as a framework in karma configuration, setting this automatically...

START:
(node:74261) [DEP0060] DeprecationWarning: The `util._extend` API is deprecated. Please use Object.assign() instead.
(Use `node --trace-deprecation ...` to show where the warning was created)
[32m02 09 2026 05:30:16.237:INFO [karma-server]: [39mKarma v6.4.4 server started at http://localhost:8089/
[32m02 09 2026 05:30:16.238:INFO [launcher]: [39mLaunching browsers ChromeHeadless with concurrency unlimited
[32m02 09 2026 05:30:16.240:INFO [launcher]: [39mStarting browser ChromeHeadless
[32m02 09 2026 05:30:17.145:INFO [Chrome Headless 152.0.0.0 (Mac OS 10.15.7)]: [39mConnected on socket W4E3U3FQly0CCxDQAAAB with id 77388389
Chrome Headless 152.0.0.0 (Mac OS 10.15.7) LOG: 'Default Settings: {"host":"localhost:8080","ssl":false}'
Chrome Headless 152.0.0.0 (Mac OS 10.15.7) LOG: 'Default DatabaseId: "(default)"'
  (Persistence=indexeddb) Database
    ✔ rejects subsequent method calls after terminate() is called
    ✔ can call terminate() multiple times
WARN: '[2026-09-01T21:30:17.315Z]  @firebase/firestore:', 'Firestore (12.18.0): enableIndexedDbPersistence() will be deprecated in the future, you can use `FirestoreSettings.cache` instead.'
    ✔ maintains persistence after restarting app
WARN: '[2026-09-01T21:30:17.337Z]  @firebase/firestore:', 'Firestore (12.18.0): enableIndexedDbPersistence() will be deprecated in the future, you can use `FirestoreSettings.cache` instead.'
    ✔ can clear persistence if the client has been terminated
WARN: '[2026-09-01T21:30:17.357Z]  @firebase/firestore:', 'Firestore (12.18.0): enableIndexedDbPersistence() will be deprecated in the future, you can use `FirestoreSettings.cache` instead.'
    ✔ can clear persistence if the client has not been initialized
TOTAL: 5 SUCCESS

Finished in 0.109 secs / 0.106 secs @ 05:30:17 GMT+0800 (Malaysia Time)

SUMMARY:
✔ 5 tests completed
Done in 1.75s.
yarn run v1.22.22
(node:74302) [DEP0169] DeprecationWarning: `url.parse()` behavior is not standardized and prone to errors that have security implications. Use the WHATWG URL API instead. CVEs are not issued for `url.parse()` vulnerabilities.
(Use `node --trace-deprecation ...` to show where the warning was created)
$ /private/tmp/fireside-phase2-oracles.EJXGdU/firebase-js-sdk/node_modules/.bin/karma start /Users/sanjevirau/Desktop/fireside/conformance/src/webchannel/firebase-js-sdk-karma.conf.cjs --single-run --grep '(?:^\(Persistence=memory_lru_gc\) Database (?:(?:cannot clear persistence if the client has been initialized(?= |$)|can get documents while offline(?= |$)|can enable and disable networking(?= |$)|can start a new instance after shut down(?= |$)|new operation after termination should throw(?= |$))))'
The 'BROWSERS' environment variable is undefined. Defaulting to 'ChromeHeadless'.
webpack was not included as a framework in karma configuration, setting this automatically...

START:
(node:74303) [DEP0060] DeprecationWarning: The `util._extend` API is deprecated. Please use Object.assign() instead.
(Use `node --trace-deprecation ...` to show where the warning was created)
[32m02 09 2026 05:30:18.085:INFO [karma-server]: [39mKarma v6.4.4 server started at http://localhost:8089/
[32m02 09 2026 05:30:18.086:INFO [launcher]: [39mLaunching browsers ChromeHeadless with concurrency unlimited
[32m02 09 2026 05:30:18.088:INFO [launcher]: [39mStarting browser ChromeHeadless
[32m02 09 2026 05:30:19.007:INFO [Chrome Headless 152.0.0.0 (Mac OS 10.15.7)]: [39mConnected on socket iV97yuY-H0USwV8BAAAB with id 2785944
Chrome Headless 152.0.0.0 (Mac OS 10.15.7) LOG: 'Default Settings: {"host":"localhost:8080","ssl":false}'
Chrome Headless 152.0.0.0 (Mac OS 10.15.7) LOG: 'Default DatabaseId: "(default)"'
  (Persistence=memory_lru_gc) Database
    ✖ cannot clear persistence if the client has been initialized (skipped)
    ✔ can get documents while offline
    ✔ can enable and disable networking
    ✔ can start a new instance after shut down
    ✔ new operation after termination should throw
TOTAL: 4 SUCCESS

Finished in 0.03 secs / 0.027 secs @ 05:30:19 GMT+0800 (Malaysia Time)

SUMMARY:
✔ 4 tests completed
ℹ 1 test skipped
Done in 1.71s.
yarn run v1.22.22
(node:74340) [DEP0169] DeprecationWarning: `url.parse()` behavior is not standardized and prone to errors that have security implications. Use the WHATWG URL API instead. CVEs are not issued for `url.parse()` vulnerabilities.
(Use `node --trace-deprecation ...` to show where the warning was created)
$ /private/tmp/fireside-phase2-oracles.EJXGdU/firebase-js-sdk/node_modules/.bin/karma start /Users/sanjevirau/Desktop/fireside/conformance/src/webchannel/firebase-js-sdk-karma.conf.cjs --single-run --grep '(?:^\(Persistence=indexeddb\) Database (?:(?:cannot clear persistence if the client has been initialized(?= |$)|can get documents while offline(?= |$)|can enable and disable networking(?= |$)|can start a new instance after shut down(?= |$)|new operation after termination should throw(?= |$))))'
The 'BROWSERS' environment variable is undefined. Defaulting to 'ChromeHeadless'.
webpack was not included as a framework in karma configuration, setting this automatically...

START:
(node:74341) [DEP0060] DeprecationWarning: The `util._extend` API is deprecated. Please use Object.assign() instead.
(Use `node --trace-deprecation ...` to show where the warning was created)
[32m02 09 2026 05:30:19.900:INFO [karma-server]: [39mKarma v6.4.4 server started at http://localhost:8089/
[32m02 09 2026 05:30:19.901:INFO [launcher]: [39mLaunching browsers ChromeHeadless with concurrency unlimited
[32m02 09 2026 05:30:19.903:INFO [launcher]: [39mStarting browser ChromeHeadless
[32m02 09 2026 05:30:20.797:INFO [Chrome Headless 152.0.0.0 (Mac OS 10.15.7)]: [39mConnected on socket 35JeQlmtDXa1NKWxAAAB with id 56804284
Chrome Headless 152.0.0.0 (Mac OS 10.15.7) LOG: 'Default Settings: {"host":"localhost:8080","ssl":false}'
Chrome Headless 152.0.0.0 (Mac OS 10.15.7) LOG: 'Default DatabaseId: "(default)"'
  (Persistence=indexeddb) Database
    ✔ cannot clear persistence if the client has been initialized
    ✔ can get documents while offline
    ✔ can enable and disable networking
    ✔ can start a new instance after shut down
    ✔ new operation after termination should throw
TOTAL: 5 SUCCESS

Finished in 0.102 secs / 0.099 secs @ 05:30:21 GMT+0800 (Malaysia Time)

SUMMARY:
✔ 5 tests completed
Done in 1.78s.
yarn run v1.22.22
(node:74383) [DEP0169] DeprecationWarning: `url.parse()` behavior is not standardized and prone to errors that have security implications. Use the WHATWG URL API instead. CVEs are not issued for `url.parse()` vulnerabilities.
(Use `node --trace-deprecation ...` to show where the warning was created)
$ /private/tmp/fireside-phase2-oracles.EJXGdU/firebase-js-sdk/node_modules/.bin/karma start /Users/sanjevirau/Desktop/fireside/conformance/src/webchannel/firebase-js-sdk-karma.conf.cjs --single-run --grep '(?:^\(Persistence=memory_lru_gc\) Database (?:(?:calling terminate multiple times should proceed(?= |$)|can unlisten queries after termination(?= |$)|can query after firestore restart(?= |$)|query listener throws error on termination(?= |$)|can wait for pending writes(?= |$))))'
The 'BROWSERS' environment variable is undefined. Defaulting to 'ChromeHeadless'.
webpack was not included as a framework in karma configuration, setting this automatically...

START:
(node:74384) [DEP0060] DeprecationWarning: The `util._extend` API is deprecated. Please use Object.assign() instead.
(Use `node --trace-deprecation ...` to show where the warning was created)
[32m02 09 2026 05:30:21.753:INFO [karma-server]: [39mKarma v6.4.4 server started at http://localhost:8089/
[32m02 09 2026 05:30:21.754:INFO [launcher]: [39mLaunching browsers ChromeHeadless with concurrency unlimited
[32m02 09 2026 05:30:21.757:INFO [launcher]: [39mStarting browser ChromeHeadless
[32m02 09 2026 05:30:22.644:INFO [Chrome Headless 152.0.0.0 (Mac OS 10.15.7)]: [39mConnected on socket 3cVNDm96_w6eFwMrAAAB with id 44158139
Chrome Headless 152.0.0.0 (Mac OS 10.15.7) LOG: 'Default Settings: {"host":"localhost:8080","ssl":false}'
Chrome Headless 152.0.0.0 (Mac OS 10.15.7) LOG: 'Default DatabaseId: "(default)"'
  (Persistence=memory_lru_gc) Database
    ✔ calling terminate multiple times should proceed
ERROR: '[2026-09-01T21:30:22.792Z]  @firebase/firestore:', 'Firestore (12.18.0): Uncaught Error in snapshot listener:', 'FirebaseError: [code=aborted]: Firestore shutting down'
    ✔ can unlisten queries after termination
    ✔ can query after firestore restart
    ✔ query listener throws error on termination
    ✔ can wait for pending writes
TOTAL: 5 SUCCESS

Finished in 0.037 secs / 0.035 secs @ 05:30:22 GMT+0800 (Malaysia Time)

SUMMARY:
✔ 5 tests completed
Done in 1.68s.
yarn run v1.22.22
(node:74427) [DEP0169] DeprecationWarning: `url.parse()` behavior is not standardized and prone to errors that have security implications. Use the WHATWG URL API instead. CVEs are not issued for `url.parse()` vulnerabilities.
(Use `node --trace-deprecation ...` to show where the warning was created)
$ /private/tmp/fireside-phase2-oracles.EJXGdU/firebase-js-sdk/node_modules/.bin/karma start /Users/sanjevirau/Desktop/fireside/conformance/src/webchannel/firebase-js-sdk-karma.conf.cjs --single-run --grep '(?:^\(Persistence=indexeddb\) Database (?:(?:calling terminate multiple times should proceed(?= |$)|can unlisten queries after termination(?= |$)|can query after firestore restart(?= |$)|query listener throws error on termination(?= |$)|can wait for pending writes(?= |$))))'
The 'BROWSERS' environment variable is undefined. Defaulting to 'ChromeHeadless'.
webpack was not included as a framework in karma configuration, setting this automatically...

START:
(node:74428) [DEP0060] DeprecationWarning: The `util._extend` API is deprecated. Please use Object.assign() instead.
(Use `node --trace-deprecation ...` to show where the warning was created)
[32m02 09 2026 05:30:23.534:INFO [karma-server]: [39mKarma v6.4.4 server started at http://localhost:8089/
[32m02 09 2026 05:30:23.535:INFO [launcher]: [39mLaunching browsers ChromeHeadless with concurrency unlimited
[32m02 09 2026 05:30:23.537:INFO [launcher]: [39mStarting browser ChromeHeadless
[32m02 09 2026 05:30:24.462:INFO [Chrome Headless 152.0.0.0 (Mac OS 10.15.7)]: [39mConnected on socket UIQDbursQBXuREHWAAAB with id 99500959
Chrome Headless 152.0.0.0 (Mac OS 10.15.7) LOG: 'Default Settings: {"host":"localhost:8080","ssl":false}'
Chrome Headless 152.0.0.0 (Mac OS 10.15.7) LOG: 'Default DatabaseId: "(default)"'
  (Persistence=indexeddb) Database
    ✔ calling terminate multiple times should proceed
ERROR: '[2026-09-01T21:30:24.638Z]  @firebase/firestore:', 'Firestore (12.18.0): Uncaught Error in snapshot listener:', 'FirebaseError: [code=aborted]: Firestore shutting down'
    ✔ can unlisten queries after termination
    ✔ can query after firestore restart
    ✔ query listener throws error on termination
    ✔ can wait for pending writes
TOTAL: 5 SUCCESS

Finished in 0.108 secs / 0.104 secs @ 05:30:24 GMT+0800 (Malaysia Time)

SUMMARY:
✔ 5 tests completed
Done in 1.81s.
yarn run v1.22.22
(node:74471) [DEP0169] DeprecationWarning: `url.parse()` behavior is not standardized and prone to errors that have security implications. Use the WHATWG URL API instead. CVEs are not issued for `url.parse()` vulnerabilities.
(Use `node --trace-deprecation ...` to show where the warning was created)
$ /private/tmp/fireside-phase2-oracles.EJXGdU/firebase-js-sdk/node_modules/.bin/karma start /Users/sanjevirau/Desktop/fireside/conformance/src/webchannel/firebase-js-sdk-karma.conf.cjs --single-run --grep '(?:^\(Persistence=memory_lru_gc\) Database (?:(?:waiting for pending writes resolves immediately when offline and no pending writes(?= |$)|\(Persistence=(?:memory_lru_gc|indexeddb)\) withConverter\(\) support(?= |$)|can set and get data with auto detect long polling enabled(?= |$)|can keep docs separate with multi-db when online(?= |$)|can keep docs separate with multi-db when offline(?= |$))))'
The 'BROWSERS' environment variable is undefined. Defaulting to 'ChromeHeadless'.
webpack was not included as a framework in karma configuration, setting this automatically...

START:
(node:74472) [DEP0060] DeprecationWarning: The `util._extend` API is deprecated. Please use Object.assign() instead.
(Use `node --trace-deprecation ...` to show where the warning was created)
[32m02 09 2026 05:30:25.438:INFO [karma-server]: [39mKarma v6.4.4 server started at http://localhost:8089/
[32m02 09 2026 05:30:25.439:INFO [launcher]: [39mLaunching browsers ChromeHeadless with concurrency unlimited
[32m02 09 2026 05:30:25.449:INFO [launcher]: [39mStarting browser ChromeHeadless
[32m02 09 2026 05:30:26.385:INFO [Chrome Headless 152.0.0.0 (Mac OS 10.15.7)]: [39mConnected on socket 85HA-KXtipM9LDPwAAAB with id 90029984
Chrome Headless 152.0.0.0 (Mac OS 10.15.7) LOG: 'Default Settings: {"host":"localhost:8080","ssl":false}'
Chrome Headless 152.0.0.0 (Mac OS 10.15.7) LOG: 'Default DatabaseId: "(default)"'
  (Persistence=memory_lru_gc) Database
    ✔ waiting for pending writes resolves immediately when offline and no pending writes
    ✖ can set and get data with auto detect long polling enabled (skipped)
    ✔ can keep docs separate with multi-db when online
    ✔ can keep docs separate with multi-db when offline
    (Persistence=memory_lru_gc) withConverter() support
      ✔ for DocumentReference.withConverter()
      ✔ for DocumentReference.withConverter(null) 
      ✔ for CollectionReference.withConverter()
      ✔ for CollectionReference.withConverter(null)
      ✔ for Query.withConverter()
      ✔ for Query.withConverter(null)
      ✔ requires the correct converter for Partial usage
      ✔ WriteBatch.set() supports partials with merge
      ✔ WriteBatch.set() supports partials with mergeFields
      ✔ Transaction.set() supports partials with merge
      ✔ Transaction.set() supports partials with mergeFields
      ✔ DocumentReference.set() supports partials with merge
      ✔ DocumentReference.set() supports partials with mergeFields
      ✔ calls DocumentSnapshot.data() with specified SnapshotOptions
      ✔ drops the converter when calling CollectionReference<T>.parent()
      ✔ checks converter when comparing with isEqual()
      ✔ Correct snapshot specified to fromFirestore() when registered with DocumentReference
      ✔ Correct snapshot specified to fromFirestore() when registered with CollectionReference
      ✔ Correct snapshot specified to fromFirestore() when registered with Query
      ✔ DocumentReference.withConverter() default DbModelType
      ✔ CollectionReference.withConverter() default DbModelType
      ✔ Query.withConverter() default DbModelType
    (Persistence=indexeddb) withConverter() support
      ✔ for DocumentReference.withConverter()
      ✔ for DocumentReference.withConverter(null) 
      ✔ for CollectionReference.withConverter()
      ✔ for CollectionReference.withConverter(null)
      ✔ for Query.withConverter()
      ✔ for Query.withConverter(null)
      ✔ requires the correct converter for Partial usage
      ✔ WriteBatch.set() supports partials with merge
      ✔ WriteBatch.set() supports partials with mergeFields
      ✔ Transaction.set() supports partials with merge
      ✔ Transaction.set() supports partials with mergeFields
      ✔ DocumentReference.set() supports partials with merge
      ✔ DocumentReference.set() supports partials with mergeFields
      ✔ calls DocumentSnapshot.data() with specified SnapshotOptions
      ✔ drops the converter when calling CollectionReference<T>.parent()
      ✔ checks converter when comparing with isEqual()
      ✔ Correct snapshot specified to fromFirestore() when registered with DocumentReference
      ✔ Correct snapshot specified to fromFirestore() when registered with CollectionReference
      ✔ Correct snapshot specified to fromFirestore() when registered with Query
      ✔ DocumentReference.withConverter() default DbModelType
      ✔ CollectionReference.withConverter() default DbModelType
      ✔ Query.withConverter() default DbModelType
TOTAL: 47 SUCCESS

Finished in 0.434 secs / 0.425 secs @ 05:30:26 GMT+0800 (Malaysia Time)

SUMMARY:
✔ 47 tests completed
ℹ 1 test skipped
Done in 2.12s.
yarn run v1.22.22
(node:74515) [DEP0169] DeprecationWarning: `url.parse()` behavior is not standardized and prone to errors that have security implications. Use the WHATWG URL API instead. CVEs are not issued for `url.parse()` vulnerabilities.
(Use `node --trace-deprecation ...` to show where the warning was created)
$ /private/tmp/fireside-phase2-oracles.EJXGdU/firebase-js-sdk/node_modules/.bin/karma start /Users/sanjevirau/Desktop/fireside/conformance/src/webchannel/firebase-js-sdk-karma.conf.cjs --single-run --grep '(?:^\(Persistence=indexeddb\) Database (?:(?:waiting for pending writes resolves immediately when offline and no pending writes(?= |$)|\(Persistence=(?:memory_lru_gc|indexeddb)\) withConverter\(\) support(?= |$)|can set and get data with auto detect long polling enabled(?= |$)|can keep docs separate with multi-db when online(?= |$)|can keep docs separate with multi-db when offline(?= |$))))'
The 'BROWSERS' environment variable is undefined. Defaulting to 'ChromeHeadless'.
webpack was not included as a framework in karma configuration, setting this automatically...

START:
(node:74516) [DEP0060] DeprecationWarning: The `util._extend` API is deprecated. Please use Object.assign() instead.
(Use `node --trace-deprecation ...` to show where the warning was created)
[32m02 09 2026 05:30:27.641:INFO [karma-server]: [39mKarma v6.4.4 server started at http://localhost:8089/
[32m02 09 2026 05:30:27.642:INFO [launcher]: [39mLaunching browsers ChromeHeadless with concurrency unlimited
[32m02 09 2026 05:30:27.644:INFO [launcher]: [39mStarting browser ChromeHeadless
[32m02 09 2026 05:30:28.522:INFO [Chrome Headless 152.0.0.0 (Mac OS 10.15.7)]: [39mConnected on socket X5KgAVPPLA5SLjjWAAAB with id 35303260
Chrome Headless 152.0.0.0 (Mac OS 10.15.7) LOG: 'Default Settings: {"host":"localhost:8080","ssl":false}'
Chrome Headless 152.0.0.0 (Mac OS 10.15.7) LOG: 'Default DatabaseId: "(default)"'
  (Persistence=indexeddb) Database
    ✔ waiting for pending writes resolves immediately when offline and no pending writes
    ✖ can set and get data with auto detect long polling enabled (skipped)
    ✔ can keep docs separate with multi-db when online
    ✔ can keep docs separate with multi-db when offline
    (Persistence=memory_lru_gc) withConverter() support
      ✔ for DocumentReference.withConverter()
      ✔ for DocumentReference.withConverter(null) 
      ✔ for CollectionReference.withConverter()
      ✔ for CollectionReference.withConverter(null)
      ✔ for Query.withConverter()
      ✔ for Query.withConverter(null)
      ✔ requires the correct converter for Partial usage
      ✔ WriteBatch.set() supports partials with merge
      ✔ WriteBatch.set() supports partials with mergeFields
      ✔ Transaction.set() supports partials with merge
      ✔ Transaction.set() supports partials with mergeFields
      ✔ DocumentReference.set() supports partials with merge
      ✔ DocumentReference.set() supports partials with mergeFields
      ✔ calls DocumentSnapshot.data() with specified SnapshotOptions
      ✔ drops the converter when calling CollectionReference<T>.parent()
      ✔ checks converter when comparing with isEqual()
      ✔ Correct snapshot specified to fromFirestore() when registered with DocumentReference
      ✔ Correct snapshot specified to fromFirestore() when registered with CollectionReference
      ✔ Correct snapshot specified to fromFirestore() when registered with Query
      ✔ DocumentReference.withConverter() default DbModelType
      ✔ CollectionReference.withConverter() default DbModelType
      ✔ Query.withConverter() default DbModelType
    (Persistence=indexeddb) withConverter() support
      ✔ for DocumentReference.withConverter()
      ✔ for DocumentReference.withConverter(null) 
      ✔ for CollectionReference.withConverter()
      ✔ for CollectionReference.withConverter(null)
      ✔ for Query.withConverter()
      ✔ for Query.withConverter(null)
      ✔ requires the correct converter for Partial usage
      ✔ WriteBatch.set() supports partials with merge
      ✔ WriteBatch.set() supports partials with mergeFields
      ✔ Transaction.set() supports partials with merge
      ✔ Transaction.set() supports partials with mergeFields
      ✔ DocumentReference.set() supports partials with merge
      ✔ DocumentReference.set() supports partials with mergeFields
      ✔ calls DocumentSnapshot.data() with specified SnapshotOptions
      ✔ drops the converter when calling CollectionReference<T>.parent()
      ✔ checks converter when comparing with isEqual()
      ✔ Correct snapshot specified to fromFirestore() when registered with DocumentReference
      ✔ Correct snapshot specified to fromFirestore() when registered with CollectionReference
      ✔ Correct snapshot specified to fromFirestore() when registered with Query
      ✔ DocumentReference.withConverter() default DbModelType
      ✔ CollectionReference.withConverter() default DbModelType
      ✔ Query.withConverter() default DbModelType
TOTAL: 47 SUCCESS

Finished in 0.505 secs / 0.497 secs @ 05:30:29 GMT+0800 (Malaysia Time)

SUMMARY:
✔ 47 tests completed
ℹ 1 test skipped
Done in 2.14s.
yarn run v1.22.22
(node:74558) [DEP0169] DeprecationWarning: `url.parse()` behavior is not standardized and prone to errors that have security implications. Use the WHATWG URL API instead. CVEs are not issued for `url.parse()` vulnerabilities.
(Use `node --trace-deprecation ...` to show where the warning was created)
$ /private/tmp/fireside-phase2-oracles.EJXGdU/firebase-js-sdk/node_modules/.bin/karma start /Users/sanjevirau/Desktop/fireside/conformance/src/webchannel/firebase-js-sdk-karma.conf.cjs --single-run --grep '(?:^\(Persistence=memory_lru_gc\) Database (?:(?:Cannot get document from cache with eager GC enabled\.(?= |$)|Can get document from cache with Lru GC enabled\.(?= |$)|Lru GC is enabled by default\.(?= |$)|sort documents by DocumentId(?= |$)|Sort unicode strings(?= |$))))'
The 'BROWSERS' environment variable is undefined. Defaulting to 'ChromeHeadless'.
webpack was not included as a framework in karma configuration, setting this automatically...

START:
(node:74559) [DEP0060] DeprecationWarning: The `util._extend` API is deprecated. Please use Object.assign() instead.
(Use `node --trace-deprecation ...` to show where the warning was created)
[32m02 09 2026 05:30:29.897:INFO [karma-server]: [39mKarma v6.4.4 server started at http://localhost:8089/
[32m02 09 2026 05:30:29.898:INFO [launcher]: [39mLaunching browsers ChromeHeadless with concurrency unlimited
[32m02 09 2026 05:30:29.900:INFO [launcher]: [39mStarting browser ChromeHeadless
[32m02 09 2026 05:30:30.779:INFO [Chrome Headless 152.0.0.0 (Mac OS 10.15.7)]: [39mConnected on socket 9oDgF8zvbqQ8itMqAAAB with id 1233163
Chrome Headless 152.0.0.0 (Mac OS 10.15.7) LOG: 'Default Settings: {"host":"localhost:8080","ssl":false}'
Chrome Headless 152.0.0.0 (Mac OS 10.15.7) LOG: 'Default DatabaseId: "(default)"'
  (Persistence=memory_lru_gc) Database
    ✔ Cannot get document from cache with eager GC enabled.
    ✔ Can get document from cache with Lru GC enabled.
    ✔ Lru GC is enabled by default.
    sort documents by DocumentId
      ✔ snapshot listener sorts query by DocumentId same way as get query
      ✔ snapshot listener sorts filtered query by DocumentId same way as get query
      offline
        ✔ SDK orders query the same way online and offline
    Sort unicode strings
      ✔ snapshot listener sorts unicode strings the same as server
      ✔ snapshot listener sorts unicode strings in array the same  as server
      ✔ snapshot listener sorts unicode strings in map the same as server
      ✔ snapshot listener sorts unicode strings in map key the same as server
      ✔ snapshot listener sorts unicode strings in document key the same as server
      ✔ snapshot listener sorts unicode strings in document key the same as server with persistence
TOTAL: 12 SUCCESS

Finished in 0.154 secs / 0.153 secs @ 05:30:31 GMT+0800 (Malaysia Time)

SUMMARY:
✔ 12 tests completed
Done in 1.81s.
yarn run v1.22.22
(node:74602) [DEP0169] DeprecationWarning: `url.parse()` behavior is not standardized and prone to errors that have security implications. Use the WHATWG URL API instead. CVEs are not issued for `url.parse()` vulnerabilities.
(Use `node --trace-deprecation ...` to show where the warning was created)
$ /private/tmp/fireside-phase2-oracles.EJXGdU/firebase-js-sdk/node_modules/.bin/karma start /Users/sanjevirau/Desktop/fireside/conformance/src/webchannel/firebase-js-sdk-karma.conf.cjs --single-run --grep '(?:^\(Persistence=indexeddb\) Database (?:(?:Cannot get document from cache with eager GC enabled\.(?= |$)|Can get document from cache with Lru GC enabled\.(?= |$)|Lru GC is enabled by default\.(?= |$)|sort documents by DocumentId(?= |$)|Sort unicode strings(?= |$))))'
The 'BROWSERS' environment variable is undefined. Defaulting to 'ChromeHeadless'.
webpack was not included as a framework in karma configuration, setting this automatically...

START:
(node:74603) [DEP0060] DeprecationWarning: The `util._extend` API is deprecated. Please use Object.assign() instead.
(Use `node --trace-deprecation ...` to show where the warning was created)
[32m02 09 2026 05:30:31.788:INFO [karma-server]: [39mKarma v6.4.4 server started at http://localhost:8089/
[32m02 09 2026 05:30:31.789:INFO [launcher]: [39mLaunching browsers ChromeHeadless with concurrency unlimited
[32m02 09 2026 05:30:31.792:INFO [launcher]: [39mStarting browser ChromeHeadless
[32m02 09 2026 05:30:32.670:INFO [Chrome Headless 152.0.0.0 (Mac OS 10.15.7)]: [39mConnected on socket 79hh0s_zOSMogG2lAAAB with id 62450028
Chrome Headless 152.0.0.0 (Mac OS 10.15.7) LOG: 'Default Settings: {"host":"localhost:8080","ssl":false}'
Chrome Headless 152.0.0.0 (Mac OS 10.15.7) LOG: 'Default DatabaseId: "(default)"'
  (Persistence=indexeddb) Database
    ✔ Cannot get document from cache with eager GC enabled.
    ✔ Can get document from cache with Lru GC enabled.
    ✔ Lru GC is enabled by default.
    sort documents by DocumentId
      ✔ snapshot listener sorts query by DocumentId same way as get query
      ✔ snapshot listener sorts filtered query by DocumentId same way as get query
      offline
        ✔ SDK orders query the same way online and offline
    Sort unicode strings
      ✔ snapshot listener sorts unicode strings the same as server
      ✔ snapshot listener sorts unicode strings in array the same  as server
      ✔ snapshot listener sorts unicode strings in map the same as server
      ✔ snapshot listener sorts unicode strings in map key the same as server
      ✔ snapshot listener sorts unicode strings in document key the same as server
      ✖ snapshot listener sorts unicode strings in document key the same as server with persistence (skipped)
TOTAL: 11 SUCCESS

Finished in 0.454 secs / 0.446 secs @ 05:30:33 GMT+0800 (Malaysia Time)

SUMMARY:
✔ 11 tests completed
ℹ 1 test skipped
Done in 2.10s.
yarn run v1.22.22
(node:74645) [DEP0169] DeprecationWarning: `url.parse()` behavior is not standardized and prone to errors that have security implications. Use the WHATWG URL API instead. CVEs are not issued for `url.parse()` vulnerabilities.
(Use `node --trace-deprecation ...` to show where the warning was created)
$ /private/tmp/fireside-phase2-oracles.EJXGdU/firebase-js-sdk/node_modules/.bin/karma start /Users/sanjevirau/Desktop/fireside/conformance/src/webchannel/firebase-js-sdk-karma.conf.cjs --single-run --grep '(?:^\(Persistence=memory_lru_gc\) Nested Fields(?= |$))'
The 'BROWSERS' environment variable is undefined. Defaulting to 'ChromeHeadless'.
webpack was not included as a framework in karma configuration, setting this automatically...

START:
(node:74646) [DEP0060] DeprecationWarning: The `util._extend` API is deprecated. Please use Object.assign() instead.
(Use `node --trace-deprecation ...` to show where the warning was created)
[32m02 09 2026 05:30:33.986:INFO [karma-server]: [39mKarma v6.4.4 server started at http://localhost:8089/
[32m02 09 2026 05:30:33.987:INFO [launcher]: [39mLaunching browsers ChromeHeadless with concurrency unlimited
[32m02 09 2026 05:30:33.990:INFO [launcher]: [39mStarting browser ChromeHeadless
[32m02 09 2026 05:30:34.879:INFO [Chrome Headless 152.0.0.0 (Mac OS 10.15.7)]: [39mConnected on socket zAnxBUu29x54oDPgAAAB with id 34293803
Chrome Headless 152.0.0.0 (Mac OS 10.15.7) LOG: 'Default Settings: {"host":"localhost:8080","ssl":false}'
Chrome Headless 152.0.0.0 (Mac OS 10.15.7) LOG: 'Default DatabaseId: "(default)"'
  (Persistence=memory_lru_gc) Nested Fields
    ✔ can be written with set()
    ✔ can be read directly with .get(<string>)
    ✔ can be read directly with .get(<FieldPath>)
    ✔ can be updated with update(<string>)
    ✔ can be updated with update(<FieldPath>)
    ✔ can be used with query.where(<string>).
    ✔ can be used with query.where(<FieldPath>).
    ✔ can be used with query.orderBy(<string>).
    ✔ can be used with query.orderBy(<FieldPath>).
TOTAL: 9 SUCCESS

Finished in 0.072 secs / 0.068 secs @ 05:30:35 GMT+0800 (Malaysia Time)

SUMMARY:
✔ 9 tests completed
Done in 1.74s.
yarn run v1.22.22
(node:74693) [DEP0169] DeprecationWarning: `url.parse()` behavior is not standardized and prone to errors that have security implications. Use the WHATWG URL API instead. CVEs are not issued for `url.parse()` vulnerabilities.
(Use `node --trace-deprecation ...` to show where the warning was created)
$ /private/tmp/fireside-phase2-oracles.EJXGdU/firebase-js-sdk/node_modules/.bin/karma start /Users/sanjevirau/Desktop/fireside/conformance/src/webchannel/firebase-js-sdk-karma.conf.cjs --single-run --grep '(?:^\(Persistence=indexeddb\) Nested Fields(?= |$))'
The 'BROWSERS' environment variable is undefined. Defaulting to 'ChromeHeadless'.
webpack was not included as a framework in karma configuration, setting this automatically...

START:
(node:74694) [DEP0060] DeprecationWarning: The `util._extend` API is deprecated. Please use Object.assign() instead.
(Use `node --trace-deprecation ...` to show where the warning was created)
[32m02 09 2026 05:30:35.851:INFO [karma-server]: [39mKarma v6.4.4 server started at http://localhost:8089/
[32m02 09 2026 05:30:35.852:INFO [launcher]: [39mLaunching browsers ChromeHeadless with concurrency unlimited
[32m02 09 2026 05:30:35.853:INFO [launcher]: [39mStarting browser ChromeHeadless
[32m02 09 2026 05:30:36.748:INFO [Chrome Headless 152.0.0.0 (Mac OS 10.15.7)]: [39mConnected on socket MHTkkiggBq40obpIAAAB with id 4940742
Chrome Headless 152.0.0.0 (Mac OS 10.15.7) LOG: 'Default Settings: {"host":"localhost:8080","ssl":false}'
Chrome Headless 152.0.0.0 (Mac OS 10.15.7) LOG: 'Default DatabaseId: "(default)"'
  (Persistence=indexeddb) Nested Fields
    ✔ can be written with set()
    ✔ can be read directly with .get(<string>)
    ✔ can be read directly with .get(<FieldPath>)
    ✔ can be updated with update(<string>)
    ✔ can be updated with update(<FieldPath>)
    ✔ can be used with query.where(<string>).
    ✔ can be used with query.where(<FieldPath>).
    ✔ can be used with query.orderBy(<string>).
    ✔ can be used with query.orderBy(<FieldPath>).
TOTAL: 9 SUCCESS

Finished in 0.231 secs / 0.228 secs @ 05:30:37 GMT+0800 (Malaysia Time)

SUMMARY:
✔ 9 tests completed
Done in 1.92s.
yarn run v1.22.22
(node:74737) [DEP0169] DeprecationWarning: `url.parse()` behavior is not standardized and prone to errors that have security implications. Use the WHATWG URL API instead. CVEs are not issued for `url.parse()` vulnerabilities.
(Use `node --trace-deprecation ...` to show where the warning was created)
$ /private/tmp/fireside-phase2-oracles.EJXGdU/firebase-js-sdk/node_modules/.bin/karma start /Users/sanjevirau/Desktop/fireside/conformance/src/webchannel/firebase-js-sdk-karma.conf.cjs --single-run --grep '(?:^\(Persistence=memory_lru_gc\) Fields with special characters(?= |$))'
The 'BROWSERS' environment variable is undefined. Defaulting to 'ChromeHeadless'.
webpack was not included as a framework in karma configuration, setting this automatically...

START:
(node:74738) [DEP0060] DeprecationWarning: The `util._extend` API is deprecated. Please use Object.assign() instead.
(Use `node --trace-deprecation ...` to show where the warning was created)
[32m02 09 2026 05:30:37.824:INFO [karma-server]: [39mKarma v6.4.4 server started at http://localhost:8089/
[32m02 09 2026 05:30:37.825:INFO [launcher]: [39mLaunching browsers ChromeHeadless with concurrency unlimited
[32m02 09 2026 05:30:37.828:INFO [launcher]: [39mStarting browser ChromeHeadless
[32m02 09 2026 05:30:38.741:INFO [Chrome Headless 152.0.0.0 (Mac OS 10.15.7)]: [39mConnected on socket 0l4vuIKtGrIHxjfPAAAB with id 46290412
Chrome Headless 152.0.0.0 (Mac OS 10.15.7) LOG: 'Default Settings: {"host":"localhost:8080","ssl":false}'
Chrome Headless 152.0.0.0 (Mac OS 10.15.7) LOG: 'Default DatabaseId: "(default)"'
  (Persistence=memory_lru_gc) Fields with special characters
    ✔ can be written with set()
    ✔ can be read directly with .data(<field>)
    ✔ can be updated with update()
    ✔ can be used in query filters.
    ✔ can be used in a query orderBy.
TOTAL: 5 SUCCESS

Finished in 0.055 secs / 0.052 secs @ 05:30:38 GMT+0800 (Malaysia Time)

SUMMARY:
✔ 5 tests completed
Done in 1.71s.
yarn run v1.22.22
(node:74781) [DEP0169] DeprecationWarning: `url.parse()` behavior is not standardized and prone to errors that have security implications. Use the WHATWG URL API instead. CVEs are not issued for `url.parse()` vulnerabilities.
(Use `node --trace-deprecation ...` to show where the warning was created)
$ /private/tmp/fireside-phase2-oracles.EJXGdU/firebase-js-sdk/node_modules/.bin/karma start /Users/sanjevirau/Desktop/fireside/conformance/src/webchannel/firebase-js-sdk-karma.conf.cjs --single-run --grep '(?:^\(Persistence=indexeddb\) Fields with special characters(?= |$))'
The 'BROWSERS' environment variable is undefined. Defaulting to 'ChromeHeadless'.
webpack was not included as a framework in karma configuration, setting this automatically...

START:
(node:74782) [DEP0060] DeprecationWarning: The `util._extend` API is deprecated. Please use Object.assign() instead.
(Use `node --trace-deprecation ...` to show where the warning was created)
[32m02 09 2026 05:30:39.636:INFO [karma-server]: [39mKarma v6.4.4 server started at http://localhost:8089/
[32m02 09 2026 05:30:39.637:INFO [launcher]: [39mLaunching browsers ChromeHeadless with concurrency unlimited
[32m02 09 2026 05:30:39.640:INFO [launcher]: [39mStarting browser ChromeHeadless
[32m02 09 2026 05:30:40.583:INFO [Chrome Headless 152.0.0.0 (Mac OS 10.15.7)]: [39mConnected on socket kg2zENWUKrqVrsOFAAAB with id 97609142
Chrome Headless 152.0.0.0 (Mac OS 10.15.7) LOG: 'Default Settings: {"host":"localhost:8080","ssl":false}'
Chrome Headless 152.0.0.0 (Mac OS 10.15.7) LOG: 'Default DatabaseId: "(default)"'
  (Persistence=indexeddb) Fields with special characters
    ✔ can be written with set()
    ✔ can be read directly with .data(<field>)
    ✔ can be updated with update()
    ✔ can be used in query filters.
    ✔ can be used in a query orderBy.
TOTAL: 5 SUCCESS

Finished in 0.163 secs / 0.161 secs @ 05:30:40 GMT+0800 (Malaysia Time)

SUMMARY:
✔ 5 tests completed
Done in 1.87s.
yarn run v1.22.22
(node:74827) [DEP0169] DeprecationWarning: `url.parse()` behavior is not standardized and prone to errors that have security implications. Use the WHATWG URL API instead. CVEs are not issued for `url.parse()` vulnerabilities.
(Use `node --trace-deprecation ...` to show where the warning was created)
$ /private/tmp/fireside-phase2-oracles.EJXGdU/firebase-js-sdk/node_modules/.bin/karma start /Users/sanjevirau/Desktop/fireside/conformance/src/webchannel/firebase-js-sdk-karma.conf.cjs --single-run --grep '(?:^\(Persistence=memory_lru_gc\) Timestamp Fields in snapshots(?= |$))'
The 'BROWSERS' environment variable is undefined. Defaulting to 'ChromeHeadless'.
webpack was not included as a framework in karma configuration, setting this automatically...

START:
(node:74828) [DEP0060] DeprecationWarning: The `util._extend` API is deprecated. Please use Object.assign() instead.
(Use `node --trace-deprecation ...` to show where the warning was created)
[32m02 09 2026 05:30:41.596:INFO [karma-server]: [39mKarma v6.4.4 server started at http://localhost:8089/
[32m02 09 2026 05:30:41.597:INFO [launcher]: [39mLaunching browsers ChromeHeadless with concurrency unlimited
[32m02 09 2026 05:30:41.600:INFO [launcher]: [39mStarting browser ChromeHeadless
[32m02 09 2026 05:30:42.505:INFO [Chrome Headless 152.0.0.0 (Mac OS 10.15.7)]: [39mConnected on socket Ahaq7HG2tJJBFJ5aAAAB with id 42796705
Chrome Headless 152.0.0.0 (Mac OS 10.15.7) LOG: 'Default Settings: {"host":"localhost:8080","ssl":false}'
Chrome Headless 152.0.0.0 (Mac OS 10.15.7) LOG: 'Default DatabaseId: "(default)"'
  (Persistence=memory_lru_gc) Timestamp Fields in snapshots
    ✔ are returned as Timestamps
TOTAL: 1 SUCCESS

Finished in 0.024 secs / 0.023 secs @ 05:30:42 GMT+0800 (Malaysia Time)

SUMMARY:
✔ 1 test completed
Done in 1.68s.
yarn run v1.22.22
(node:74865) [DEP0169] DeprecationWarning: `url.parse()` behavior is not standardized and prone to errors that have security implications. Use the WHATWG URL API instead. CVEs are not issued for `url.parse()` vulnerabilities.
(Use `node --trace-deprecation ...` to show where the warning was created)
$ /private/tmp/fireside-phase2-oracles.EJXGdU/firebase-js-sdk/node_modules/.bin/karma start /Users/sanjevirau/Desktop/fireside/conformance/src/webchannel/firebase-js-sdk-karma.conf.cjs --single-run --grep '(?:^\(Persistence=indexeddb\) Timestamp Fields in snapshots(?= |$))'
The 'BROWSERS' environment variable is undefined. Defaulting to 'ChromeHeadless'.
webpack was not included as a framework in karma configuration, setting this automatically...

START:
(node:74866) [DEP0060] DeprecationWarning: The `util._extend` API is deprecated. Please use Object.assign() instead.
(Use `node --trace-deprecation ...` to show where the warning was created)
[32m02 09 2026 05:30:43.373:INFO [karma-server]: [39mKarma v6.4.4 server started at http://localhost:8089/
[32m02 09 2026 05:30:43.374:INFO [launcher]: [39mLaunching browsers ChromeHeadless with concurrency unlimited
[32m02 09 2026 05:30:43.376:INFO [launcher]: [39mStarting browser ChromeHeadless
[32m02 09 2026 05:30:44.299:INFO [Chrome Headless 152.0.0.0 (Mac OS 10.15.7)]: [39mConnected on socket kqYs9H4TzUbLu-pmAAAB with id 85027970
Chrome Headless 152.0.0.0 (Mac OS 10.15.7) LOG: 'Default Settings: {"host":"localhost:8080","ssl":false}'
Chrome Headless 152.0.0.0 (Mac OS 10.15.7) LOG: 'Default DatabaseId: "(default)"'
  (Persistence=indexeddb) Timestamp Fields in snapshots
    ✔ are returned as Timestamps
TOTAL: 1 SUCCESS

Finished in 0.063 secs / 0.061 secs @ 05:30:44 GMT+0800 (Malaysia Time)

SUMMARY:
✔ 1 test completed
Done in 1.74s.
yarn run v1.22.22
(node:74911) [DEP0169] DeprecationWarning: `url.parse()` behavior is not standardized and prone to errors that have security implications. Use the WHATWG URL API instead. CVEs are not issued for `url.parse()` vulnerabilities.
(Use `node --trace-deprecation ...` to show where the warning was created)
$ /private/tmp/fireside-phase2-oracles.EJXGdU/firebase-js-sdk/node_modules/.bin/karma start /Users/sanjevirau/Desktop/fireside/conformance/src/webchannel/firebase-js-sdk-karma.conf.cjs --single-run --grep '(?:^\(Persistence=memory_lru_gc\) `undefined` properties(?= |$))'
The 'BROWSERS' environment variable is undefined. Defaulting to 'ChromeHeadless'.
webpack was not included as a framework in karma configuration, setting this automatically...

START:
(node:74912) [DEP0060] DeprecationWarning: The `util._extend` API is deprecated. Please use Object.assign() instead.
(Use `node --trace-deprecation ...` to show where the warning was created)
[32m02 09 2026 05:30:45.218:INFO [karma-server]: [39mKarma v6.4.4 server started at http://localhost:8089/
[32m02 09 2026 05:30:45.219:INFO [launcher]: [39mLaunching browsers ChromeHeadless with concurrency unlimited
[32m02 09 2026 05:30:45.221:INFO [launcher]: [39mStarting browser ChromeHeadless
[32m02 09 2026 05:30:46.177:INFO [Chrome Headless 152.0.0.0 (Mac OS 10.15.7)]: [39mConnected on socket RwJy7uQTqf5MU_95AAAB with id 56875026
Chrome Headless 152.0.0.0 (Mac OS 10.15.7) LOG: 'Default Settings: {"host":"localhost:8080","ssl":false}'
Chrome Headless 152.0.0.0 (Mac OS 10.15.7) LOG: 'Default DatabaseId: "(default)"'
  (Persistence=memory_lru_gc) `undefined` properties
    ✔ are ignored in set()
    ✔ are ignored in set({ merge: true })
    ✔ are ignored in update()
    ✔ are ignored in Query.where()
    ✔ are ignored in Query.startAt()
TOTAL: 5 SUCCESS

Finished in 0.05 secs / 0.047 secs @ 05:30:46 GMT+0800 (Malaysia Time)

SUMMARY:
✔ 5 tests completed
Done in 1.79s.
yarn run v1.22.22
(node:74954) [DEP0169] DeprecationWarning: `url.parse()` behavior is not standardized and prone to errors that have security implications. Use the WHATWG URL API instead. CVEs are not issued for `url.parse()` vulnerabilities.
(Use `node --trace-deprecation ...` to show where the warning was created)
$ /private/tmp/fireside-phase2-oracles.EJXGdU/firebase-js-sdk/node_modules/.bin/karma start /Users/sanjevirau/Desktop/fireside/conformance/src/webchannel/firebase-js-sdk-karma.conf.cjs --single-run --grep '(?:^\(Persistence=indexeddb\) `undefined` properties(?= |$))'
The 'BROWSERS' environment variable is undefined. Defaulting to 'ChromeHeadless'.
webpack was not included as a framework in karma configuration, setting this automatically...

START:
(node:74955) [DEP0060] DeprecationWarning: The `util._extend` API is deprecated. Please use Object.assign() instead.
(Use `node --trace-deprecation ...` to show where the warning was created)
[32m02 09 2026 05:30:47.112:INFO [karma-server]: [39mKarma v6.4.4 server started at http://localhost:8089/
[32m02 09 2026 05:30:47.114:INFO [launcher]: [39mLaunching browsers ChromeHeadless with concurrency unlimited
[32m02 09 2026 05:30:47.116:INFO [launcher]: [39mStarting browser ChromeHeadless
[32m02 09 2026 05:30:47.991:INFO [Chrome Headless 152.0.0.0 (Mac OS 10.15.7)]: [39mConnected on socket gYUbICeYszVPfcqAAAAB with id 90095337
Chrome Headless 152.0.0.0 (Mac OS 10.15.7) LOG: 'Default Settings: {"host":"localhost:8080","ssl":false}'
Chrome Headless 152.0.0.0 (Mac OS 10.15.7) LOG: 'Default DatabaseId: "(default)"'
  (Persistence=indexeddb) `undefined` properties
    ✔ are ignored in set()
    ✔ are ignored in set({ merge: true })
    ✔ are ignored in update()
    ✔ are ignored in Query.where()
    ✔ are ignored in Query.startAt()
TOTAL: 5 SUCCESS

Finished in 0.164 secs / 0.162 secs @ 05:30:48 GMT+0800 (Malaysia Time)

SUMMARY:
✔ 5 tests completed
Done in 1.82s.
yarn run v1.22.22
(node:75036) [DEP0169] DeprecationWarning: `url.parse()` behavior is not standardized and prone to errors that have security implications. Use the WHATWG URL API instead. CVEs are not issued for `url.parse()` vulnerabilities.
(Use `node --trace-deprecation ...` to show where the warning was created)
$ /private/tmp/fireside-phase2-oracles.EJXGdU/firebase-js-sdk/node_modules/.bin/karma start /Users/sanjevirau/Desktop/fireside/conformance/src/webchannel/firebase-js-sdk-karma.conf.cjs --single-run --grep '(?:^\(Persistence=memory_lru_gc\) GetOptions(?= |$))'
The 'BROWSERS' environment variable is undefined. Defaulting to 'ChromeHeadless'.
webpack was not included as a framework in karma configuration, setting this automatically...

START:
(node:75037) [DEP0060] DeprecationWarning: The `util._extend` API is deprecated. Please use Object.assign() instead.
(Use `node --trace-deprecation ...` to show where the warning was created)
[32m02 09 2026 05:30:48.994:INFO [karma-server]: [39mKarma v6.4.4 server started at http://localhost:8089/
[32m02 09 2026 05:30:48.995:INFO [launcher]: [39mLaunching browsers ChromeHeadless with concurrency unlimited
[32m02 09 2026 05:30:48.998:INFO [launcher]: [39mStarting browser ChromeHeadless
[32m02 09 2026 05:30:49.948:INFO [Chrome Headless 152.0.0.0 (Mac OS 10.15.7)]: [39mConnected on socket hMC50nZIlzFO0zCVAAAB with id 96425002
Chrome Headless 152.0.0.0 (Mac OS 10.15.7) LOG: 'Default Settings: {"host":"localhost:8080","ssl":false}'
Chrome Headless 152.0.0.0 (Mac OS 10.15.7) LOG: 'Default DatabaseId: "(default)"'
ERROR: '[2026-09-01T21:30:50.103Z]  @firebase/firestore:', 'Firestore (12.18.0): Uncaught Error in snapshot listener:', 'FirebaseError: [code=aborted]: Firestore shutting down'
ERROR: '[2026-09-01T21:30:50.108Z]  @firebase/firestore:', 'Firestore (12.18.0): Uncaught Error in snapshot listener:', 'FirebaseError: [code=aborted]: Firestore shutting down'
ERROR: '[2026-09-01T21:30:50.113Z]  @firebase/firestore:', 'Firestore (12.18.0): Uncaught Error in snapshot listener:', 'FirebaseError: [code=aborted]: Firestore shutting down'
ERROR: '[2026-09-01T21:30:50.118Z]  @firebase/firestore:', 'Firestore (12.18.0): Uncaught Error in snapshot listener:', 'FirebaseError: [code=aborted]: Firestore shutting down'
ERROR: '[2026-09-01T21:30:50.123Z]  @firebase/firestore:', 'Firestore (12.18.0): Uncaught Error in snapshot listener:', 'FirebaseError: [code=aborted]: Firestore shutting down'
ERROR: '[2026-09-01T21:30:50.146Z]  @firebase/firestore:', 'Firestore (12.18.0): Uncaught Error in snapshot listener:', 'FirebaseError: [code=aborted]: Firestore shutting down'
ERROR: '[2026-09-01T21:30:50.157Z]  @firebase/firestore:', 'Firestore (12.18.0): Uncaught Error in snapshot listener:', 'FirebaseError: [code=aborted]: Firestore shutting down'
  (Persistence=memory_lru_gc) GetOptions
    ✔ get document while online with default get options
    ✔ get collection while online with default get options
    ✔ get document while offline with default get options
    ✔ get collection while offline with default get options
    ✔ get document while online with source=cache
    ✔ get collection while online with source=cache
    ✔ get document while offline with source=cache
    ✔ get collection while offline with source=cache
    ✔ get document while online with source=server
    ✔ get collection while online with source=server
    ✔ get document while offline with source=server
    ✔ get collection while offline with source=server
    ✔ get document while offline with different get options
    ✔ get collection while offline with different get options
    ✔ get nonexistent doc while online with default get options
    ✔ get nonexistent collection while online with default get options
    ✔ get nonexistent doc while offline with default get options
    ✖ get deleted doc while offline with default get options (skipped)
    ✔ get nonexistent collection while offline with default get options
    ✔ get nonexistent doc while online with source=cache
    ✔ get nonexistent collection while online with source=cache
    ✔ get nonexistent doc while offline with source=cache
    ✔ get deleted doc while offline with source=cache
    ✔ get nonexistent collection while offline with source=cache
    ✔ get nonexistent doc while online with source=server
    ✔ get nonexistent collection while online with source=server
    ✔ get nonexistent doc while offline with source=server
    ✔ get nonexistent collection while offline with source=server
TOTAL: 27 SUCCESS

Finished in 0.179 secs / 0.15 secs @ 05:30:50 GMT+0800 (Malaysia Time)

SUMMARY:
✔ 27 tests completed
ℹ 1 test skipped
Done in 1.89s.
yarn run v1.22.22
(node:75093) [DEP0169] DeprecationWarning: `url.parse()` behavior is not standardized and prone to errors that have security implications. Use the WHATWG URL API instead. CVEs are not issued for `url.parse()` vulnerabilities.
(Use `node --trace-deprecation ...` to show where the warning was created)
$ /private/tmp/fireside-phase2-oracles.EJXGdU/firebase-js-sdk/node_modules/.bin/karma start /Users/sanjevirau/Desktop/fireside/conformance/src/webchannel/firebase-js-sdk-karma.conf.cjs --single-run --grep '(?:^\(Persistence=indexeddb\) GetOptions(?= |$))'
The 'BROWSERS' environment variable is undefined. Defaulting to 'ChromeHeadless'.
webpack was not included as a framework in karma configuration, setting this automatically...

START:
(node:75094) [DEP0060] DeprecationWarning: The `util._extend` API is deprecated. Please use Object.assign() instead.
(Use `node --trace-deprecation ...` to show where the warning was created)
[32m02 09 2026 05:30:51.028:INFO [karma-server]: [39mKarma v6.4.4 server started at http://localhost:8089/
[32m02 09 2026 05:30:51.029:INFO [launcher]: [39mLaunching browsers ChromeHeadless with concurrency unlimited
[32m02 09 2026 05:30:51.031:INFO [launcher]: [39mStarting browser ChromeHeadless
[32m02 09 2026 05:30:51.931:INFO [Chrome Headless 152.0.0.0 (Mac OS 10.15.7)]: [39mConnected on socket Pj5hg6glINemvi0yAAAB with id 57360129
Chrome Headless 152.0.0.0 (Mac OS 10.15.7) LOG: 'Default Settings: {"host":"localhost:8080","ssl":false}'
Chrome Headless 152.0.0.0 (Mac OS 10.15.7) LOG: 'Default DatabaseId: "(default)"'
  (Persistence=indexeddb) GetOptions
    ✔ get document while online with default get options
    ✔ get collection while online with default get options
    ✔ get document while offline with default get options
ERROR: '[2026-09-01T21:30:52.187Z]  @firebase/firestore:', 'Firestore (12.18.0): Uncaught Error in snapshot listener:', 'FirebaseError: [code=aborted]: Firestore shutting down'
    ✔ get collection while offline with default get options
ERROR: '[2026-09-01T21:30:52.207Z]  @firebase/firestore:', 'Firestore (12.18.0): Uncaught Error in snapshot listener:', 'FirebaseError: [code=aborted]: Firestore shutting down'
    ✔ get document while online with source=cache
ERROR: '[2026-09-01T21:30:52.230Z]  @firebase/firestore:', 'Firestore (12.18.0): Uncaught Error in snapshot listener:', 'FirebaseError: [code=aborted]: Firestore shutting down'
    ✔ get collection while online with source=cache
ERROR: '[2026-09-01T21:30:52.250Z]  @firebase/firestore:', 'Firestore (12.18.0): Uncaught Error in snapshot listener:', 'FirebaseError: [code=aborted]: Firestore shutting down'
    ✔ get document while offline with source=cache
ERROR: '[2026-09-01T21:30:52.276Z]  @firebase/firestore:', 'Firestore (12.18.0): Uncaught Error in snapshot listener:', 'FirebaseError: [code=aborted]: Firestore shutting down'
    ✔ get collection while offline with source=cache
    ✔ get document while online with source=server
    ✔ get collection while online with source=server
    ✔ get document while offline with source=server
    ✔ get collection while offline with source=server
ERROR: '[2026-09-01T21:30:52.377Z]  @firebase/firestore:', 'Firestore (12.18.0): Uncaught Error in snapshot listener:', 'FirebaseError: [code=aborted]: Firestore shutting down'
    ✔ get document while offline with different get options
ERROR: '[2026-09-01T21:30:52.401Z]  @firebase/firestore:', 'Firestore (12.18.0): Uncaught Error in snapshot listener:', 'FirebaseError: [code=aborted]: Firestore shutting down'
    ✔ get collection while offline with different get options
    ✔ get nonexistent doc while online with default get options
    ✔ get nonexistent collection while online with default get options
    ✔ get nonexistent doc while offline with default get options
    ✖ get deleted doc while offline with default get options (skipped)
    ✔ get nonexistent collection while offline with default get options
    ✔ get nonexistent doc while online with source=cache
    ✔ get nonexistent collection while online with source=cache
    ✔ get nonexistent doc while offline with source=cache
    ✔ get deleted doc while offline with source=cache
    ✔ get nonexistent collection while offline with source=cache
    ✔ get nonexistent doc while online with source=server
    ✔ get nonexistent collection while online with source=server
    ✔ get nonexistent doc while offline with source=server
    ✔ get nonexistent collection while offline with source=server
TOTAL: 27 SUCCESS

Finished in 0.492 secs / 0.49 secs @ 05:30:52 GMT+0800 (Malaysia Time)

SUMMARY:
✔ 27 tests completed
ℹ 1 test skipped
Done in 2.22s.
yarn run v1.22.22
(node:75137) [DEP0169] DeprecationWarning: `url.parse()` behavior is not standardized and prone to errors that have security implications. Use the WHATWG URL API instead. CVEs are not issued for `url.parse()` vulnerabilities.
(Use `node --trace-deprecation ...` to show where the warning was created)
$ /private/tmp/fireside-phase2-oracles.EJXGdU/firebase-js-sdk/node_modules/.bin/karma start /Users/sanjevirau/Desktop/fireside/conformance/src/webchannel/firebase-js-sdk-karma.conf.cjs --single-run --grep '(?:^\(Persistence=memory_lru_gc\) Index Configuration:(?= |$))'
The 'BROWSERS' environment variable is undefined. Defaulting to 'ChromeHeadless'.
webpack was not included as a framework in karma configuration, setting this automatically...

START:
(node:75138) [DEP0060] DeprecationWarning: The `util._extend` API is deprecated. Please use Object.assign() instead.
(Use `node --trace-deprecation ...` to show where the warning was created)
[32m02 09 2026 05:30:53.290:INFO [karma-server]: [39mKarma v6.4.4 server started at http://localhost:8089/
[32m02 09 2026 05:30:53.292:INFO [launcher]: [39mLaunching browsers ChromeHeadless with concurrency unlimited
[32m02 09 2026 05:30:53.294:INFO [launcher]: [39mStarting browser ChromeHeadless
[32m02 09 2026 05:30:54.200:INFO [Chrome Headless 152.0.0.0 (Mac OS 10.15.7)]: [39mConnected on socket ls8g_eECPGE8sq-KAAAB with id 38690104
Chrome Headless 152.0.0.0 (Mac OS 10.15.7) LOG: 'Default Settings: {"host":"localhost:8080","ssl":false}'
Chrome Headless 152.0.0.0 (Mac OS 10.15.7) LOG: 'Default DatabaseId: "(default)"'
WARN: '[2026-09-01T21:30:54.320Z]  @firebase/firestore:', 'Firestore (12.18.0): Cannot enable indexes when persistence is disabled'
  (Persistence=memory_lru_gc) Index Configuration:
    ✔ supports JSON
WARN: '[2026-09-01T21:30:54.321Z]  @firebase/firestore:', 'Firestore (12.18.0): Cannot enable indexes when persistence is disabled'
    ✔ supports schema
WARN: '[2026-09-01T21:30:54.321Z]  @firebase/firestore:', 'Firestore (12.18.0): Cannot enable indexes when persistence is disabled'
    ✔ bad JSON does not crash client
WARN: '[2026-09-01T21:30:54.327Z]  @firebase/firestore:', 'Firestore (12.18.0): Cannot enable indexes when persistence is disabled'
    ✔ bad index does not crash client
TOTAL: 4 SUCCESS

Finished in 0.019 secs / 0.007 secs @ 05:30:54 GMT+0800 (Malaysia Time)

SUMMARY:
✔ 4 tests completed
Done in 1.68s.
yarn run v1.22.22
(node:75182) [DEP0169] DeprecationWarning: `url.parse()` behavior is not standardized and prone to errors that have security implications. Use the WHATWG URL API instead. CVEs are not issued for `url.parse()` vulnerabilities.
(Use `node --trace-deprecation ...` to show where the warning was created)
$ /private/tmp/fireside-phase2-oracles.EJXGdU/firebase-js-sdk/node_modules/.bin/karma start /Users/sanjevirau/Desktop/fireside/conformance/src/webchannel/firebase-js-sdk-karma.conf.cjs --single-run --grep '(?:^\(Persistence=indexeddb\) Index Configuration:(?= |$))'
The 'BROWSERS' environment variable is undefined. Defaulting to 'ChromeHeadless'.
webpack was not included as a framework in karma configuration, setting this automatically...

START:
(node:75183) [DEP0060] DeprecationWarning: The `util._extend` API is deprecated. Please use Object.assign() instead.
(Use `node --trace-deprecation ...` to show where the warning was created)
[32m02 09 2026 05:30:55.067:INFO [karma-server]: [39mKarma v6.4.4 server started at http://localhost:8089/
[32m02 09 2026 05:30:55.068:INFO [launcher]: [39mLaunching browsers ChromeHeadless with concurrency unlimited
[32m02 09 2026 05:30:55.070:INFO [launcher]: [39mStarting browser ChromeHeadless
[32m02 09 2026 05:30:55.986:INFO [Chrome Headless 152.0.0.0 (Mac OS 10.15.7)]: [39mConnected on socket OXU0TWMkIk3ODVfKAAAB with id 82860411
Chrome Headless 152.0.0.0 (Mac OS 10.15.7) LOG: 'Default Settings: {"host":"localhost:8080","ssl":false}'
Chrome Headless 152.0.0.0 (Mac OS 10.15.7) LOG: 'Default DatabaseId: "(default)"'
  (Persistence=indexeddb) Index Configuration:
    ✔ supports JSON
    ✔ supports schema
    ✔ bad JSON does not crash client
    ✔ bad index does not crash client
TOTAL: 4 SUCCESS

Finished in 0.065 secs / 0.063 secs @ 05:30:56 GMT+0800 (Malaysia Time)

SUMMARY:
✔ 4 tests completed
Done in 1.74s.
yarn run v1.22.22
(node:75241) [DEP0169] DeprecationWarning: `url.parse()` behavior is not standardized and prone to errors that have security implications. Use the WHATWG URL API instead. CVEs are not issued for `url.parse()` vulnerabilities.
(Use `node --trace-deprecation ...` to show where the warning was created)
$ /private/tmp/fireside-phase2-oracles.EJXGdU/firebase-js-sdk/node_modules/.bin/karma start /Users/sanjevirau/Desktop/fireside/conformance/src/webchannel/firebase-js-sdk-karma.conf.cjs --single-run --grep '(?:^\(Persistence=memory_lru_gc\) Large Documents(?= |$))'
The 'BROWSERS' environment variable is undefined. Defaulting to 'ChromeHeadless'.
webpack was not included as a framework in karma configuration, setting this automatically...

START:
(node:75242) [DEP0060] DeprecationWarning: The `util._extend` API is deprecated. Please use Object.assign() instead.
(Use `node --trace-deprecation ...` to show where the warning was created)
[32m02 09 2026 05:30:56.903:INFO [karma-server]: [39mKarma v6.4.4 server started at http://localhost:8089/
[32m02 09 2026 05:30:56.904:INFO [launcher]: [39mLaunching browsers ChromeHeadless with concurrency unlimited
[32m02 09 2026 05:30:56.907:INFO [launcher]: [39mStarting browser ChromeHeadless
[32m02 09 2026 05:30:57.797:INFO [Chrome Headless 152.0.0.0 (Mac OS 10.15.7)]: [39mConnected on socket DwwMtUbwYbnAyg5fAAAB with id 9821987
Chrome Headless 152.0.0.0 (Mac OS 10.15.7) LOG: 'Default Settings: {"host":"localhost:8080","ssl":false}'
Chrome Headless 152.0.0.0 (Mac OS 10.15.7) LOG: 'Default DatabaseId: "(default)"'
  (Persistence=memory_lru_gc) Large Documents
    ✖ can read and cache a 15.9MB Unicode document (skipped)
    ✖ cache integrity with multiple large documents (skipped)
    ✖ can run watch snapshot listener on a large document (skipped)
    ✖ can run transaction read-modify-write on a large document (skipped)
    ✖ can query large documents (skipped)
    ✖ query large documents forces local scan (skipped)
    ✖ gracefully rejects oversized payloads (skipped)
    ✖ can write a 15.9MB document (skipped)
TOTAL: 0 SUCCESS

Finished in 0.009 secs / 0 secs @ 05:30:57 GMT+0800 (Malaysia Time)

SUMMARY:
✔ 0 tests completed
ℹ 8 tests skipped
error Command failed with exit code 1.
info Visit https://yarnpkg.com/en/docs/cli/run for documentation about this command.
yarn run v1.22.22
(node:75283) [DEP0169] DeprecationWarning: `url.parse()` behavior is not standardized and prone to errors that have security implications. Use the WHATWG URL API instead. CVEs are not issued for `url.parse()` vulnerabilities.
(Use `node --trace-deprecation ...` to show where the warning was created)
$ /private/tmp/fireside-phase2-oracles.EJXGdU/firebase-js-sdk/node_modules/.bin/karma start /Users/sanjevirau/Desktop/fireside/conformance/src/webchannel/firebase-js-sdk-karma.conf.cjs --single-run --grep '(?:^\(Persistence=indexeddb\) Large Documents(?= |$))'
The 'BROWSERS' environment variable is undefined. Defaulting to 'ChromeHeadless'.
webpack was not included as a framework in karma configuration, setting this automatically...

START:
(node:75284) [DEP0060] DeprecationWarning: The `util._extend` API is deprecated. Please use Object.assign() instead.
(Use `node --trace-deprecation ...` to show where the warning was created)
[32m02 09 2026 05:30:58.674:INFO [karma-server]: [39mKarma v6.4.4 server started at http://localhost:8089/
[32m02 09 2026 05:30:58.675:INFO [launcher]: [39mLaunching browsers ChromeHeadless with concurrency unlimited
[32m02 09 2026 05:30:58.677:INFO [launcher]: [39mStarting browser ChromeHeadless
[32m02 09 2026 05:30:59.573:INFO [Chrome Headless 152.0.0.0 (Mac OS 10.15.7)]: [39mConnected on socket 9ezmbb7xbbqWVUTkAAAB with id 91851088
Chrome Headless 152.0.0.0 (Mac OS 10.15.7) LOG: 'Default Settings: {"host":"localhost:8080","ssl":false}'
Chrome Headless 152.0.0.0 (Mac OS 10.15.7) LOG: 'Default DatabaseId: "(default)"'
  (Persistence=indexeddb) Large Documents
    ✖ can read and cache a 15.9MB Unicode document (skipped)
    ✖ cache integrity with multiple large documents (skipped)
    ✖ can run watch snapshot listener on a large document (skipped)
    ✖ can run transaction read-modify-write on a large document (skipped)
    ✖ can query large documents (skipped)
    ✖ query large documents forces local scan (skipped)
    ✖ gracefully rejects oversized payloads (skipped)
    ✖ can write a 15.9MB document (skipped)
TOTAL: 0 SUCCESS

Finished in 0.009 secs / 0 secs @ 05:30:59 GMT+0800 (Malaysia Time)

SUMMARY:
✔ 0 tests completed
ℹ 8 tests skipped
error Command failed with exit code 1.
info Visit https://yarnpkg.com/en/docs/cli/run for documentation about this command.
yarn run v1.22.22
(node:75319) [DEP0169] DeprecationWarning: `url.parse()` behavior is not standardized and prone to errors that have security implications. Use the WHATWG URL API instead. CVEs are not issued for `url.parse()` vulnerabilities.
(Use `node --trace-deprecation ...` to show where the warning was created)
$ /private/tmp/fireside-phase2-oracles.EJXGdU/firebase-js-sdk/node_modules/.bin/karma start /Users/sanjevirau/Desktop/fireside/conformance/src/webchannel/firebase-js-sdk-karma.conf.cjs --single-run --grep '(?:^\(Persistence=memory_lru_gc\) Numeric Transforms:(?= |$))'
The 'BROWSERS' environment variable is undefined. Defaulting to 'ChromeHeadless'.
webpack was not included as a framework in karma configuration, setting this automatically...

START:
(node:75322) [DEP0060] DeprecationWarning: The `util._extend` API is deprecated. Please use Object.assign() instead.
(Use `node --trace-deprecation ...` to show where the warning was created)
[32m02 09 2026 05:31:00.538:INFO [karma-server]: [39mKarma v6.4.4 server started at http://localhost:8089/
[32m02 09 2026 05:31:00.539:INFO [launcher]: [39mLaunching browsers ChromeHeadless with concurrency unlimited
[32m02 09 2026 05:31:00.542:INFO [launcher]: [39mStarting browser ChromeHeadless
[32m02 09 2026 05:31:01.441:INFO [Chrome Headless 152.0.0.0 (Mac OS 10.15.7)]: [39mConnected on socket zXranNVl_2OZnVdZAAAB with id 11232492
Chrome Headless 152.0.0.0 (Mac OS 10.15.7) LOG: 'Default Settings: {"host":"localhost:8080","ssl":false}'
Chrome Headless 152.0.0.0 (Mac OS 10.15.7) LOG: 'Default DatabaseId: "(default)"'
  (Persistence=memory_lru_gc) Numeric Transforms:
    ✔ create document with increment
    ✔ merge on non-existing document with increment
    ✖ increment existing integer with integer (skipped)
    ✔ increment existing double with double
    ✔ increment existing double with integer
    ✔ increment existing integer with double
    ✔ increment existing string with integer
    ✔ increment existing string with double
    ✔ increments with set() and merge:true
    ✖ multiple double increments (skipped)
    ✔ increment twice in a batch
    ✔ increment, delete and increment in a batch
    ✔ increment on top of ServerTimestamp
    ✔ create document with minimum
    ✔ create document with maximum
    ✔ minimum applies to existing value
    ✔ maximum applies to existing value
    ✔ minimum with disableNetwork
    ✔ maximum with disableNetwork
    ✔ minimum with NaN
    ✔ maximum with NaN
TOTAL: 19 SUCCESS

Finished in 0.463 secs / 0.455 secs @ 05:31:02 GMT+0800 (Malaysia Time)

SUMMARY:
✔ 19 tests completed
ℹ 2 tests skipped
Done in 2.21s.
yarn run v1.22.22
(node:75364) [DEP0169] DeprecationWarning: `url.parse()` behavior is not standardized and prone to errors that have security implications. Use the WHATWG URL API instead. CVEs are not issued for `url.parse()` vulnerabilities.
(Use `node --trace-deprecation ...` to show where the warning was created)
$ /private/tmp/fireside-phase2-oracles.EJXGdU/firebase-js-sdk/node_modules/.bin/karma start /Users/sanjevirau/Desktop/fireside/conformance/src/webchannel/firebase-js-sdk-karma.conf.cjs --single-run --grep '(?:^\(Persistence=indexeddb\) Numeric Transforms:(?= |$))'
The 'BROWSERS' environment variable is undefined. Defaulting to 'ChromeHeadless'.
webpack was not included as a framework in karma configuration, setting this automatically...

START:
(node:75371) [DEP0060] DeprecationWarning: The `util._extend` API is deprecated. Please use Object.assign() instead.
(Use `node --trace-deprecation ...` to show where the warning was created)
[32m02 09 2026 05:31:02.779:INFO [karma-server]: [39mKarma v6.4.4 server started at http://localhost:8089/
[32m02 09 2026 05:31:02.780:INFO [launcher]: [39mLaunching browsers ChromeHeadless with concurrency unlimited
[32m02 09 2026 05:31:02.782:INFO [launcher]: [39mStarting browser ChromeHeadless
[32m02 09 2026 05:31:03.707:INFO [Chrome Headless 152.0.0.0 (Mac OS 10.15.7)]: [39mConnected on socket lib8N9wizyvJOpBgAAAB with id 19004504
Chrome Headless 152.0.0.0 (Mac OS 10.15.7) LOG: 'Default Settings: {"host":"localhost:8080","ssl":false}'
Chrome Headless 152.0.0.0 (Mac OS 10.15.7) LOG: 'Default DatabaseId: "(default)"'
  (Persistence=indexeddb) Numeric Transforms:
    ✔ create document with increment
    ✔ merge on non-existing document with increment
    ✖ increment existing integer with integer (skipped)
    ✔ increment existing double with double
    ✔ increment existing double with integer
    ✔ increment existing integer with double
    ✔ increment existing string with integer
    ✔ increment existing string with double
    ✔ increments with set() and merge:true
    ✖ multiple double increments (skipped)
    ✔ increment twice in a batch
    ✔ increment, delete and increment in a batch
    ✔ increment on top of ServerTimestamp
    ✔ create document with minimum
    ✔ create document with maximum
    ✔ minimum applies to existing value
    ✔ maximum applies to existing value
    ✔ minimum with disableNetwork
    ✔ maximum with disableNetwork
    ✔ minimum with NaN
    ✔ maximum with NaN
TOTAL: 19 SUCCESS

Finished in 0.715 secs / 0.71 secs @ 05:31:04 GMT+0800 (Malaysia Time)

SUMMARY:
✔ 19 tests completed
ℹ 2 tests skipped
Done in 2.42s.
yarn run v1.22.22
(node:75435) [DEP0169] DeprecationWarning: `url.parse()` behavior is not standardized and prone to errors that have security implications. Use the WHATWG URL API instead. CVEs are not issued for `url.parse()` vulnerabilities.
(Use `node --trace-deprecation ...` to show where the warning was created)
$ /private/tmp/fireside-phase2-oracles.EJXGdU/firebase-js-sdk/node_modules/.bin/karma start /Users/sanjevirau/Desktop/fireside/conformance/src/webchannel/firebase-js-sdk-karma.conf.cjs --single-run --grep '(?:^\(Persistence=memory_lru_gc\) PersistentCacheIndexManager(?= |$))'
The 'BROWSERS' environment variable is undefined. Defaulting to 'ChromeHeadless'.
webpack was not included as a framework in karma configuration, setting this automatically...

START:
(node:75436) [DEP0060] DeprecationWarning: The `util._extend` API is deprecated. Please use Object.assign() instead.
(Use `node --trace-deprecation ...` to show where the warning was created)
[32m02 09 2026 05:31:05.276:INFO [karma-server]: [39mKarma v6.4.4 server started at http://localhost:8089/
[32m02 09 2026 05:31:05.278:INFO [launcher]: [39mLaunching browsers ChromeHeadless with concurrency unlimited
[32m02 09 2026 05:31:05.280:INFO [launcher]: [39mStarting browser ChromeHeadless
[32m02 09 2026 05:31:06.269:INFO [Chrome Headless 152.0.0.0 (Mac OS 10.15.7)]: [39mConnected on socket oydZyGWOOu1ADUM2AAAB with id 2935162
Chrome Headless 152.0.0.0 (Mac OS 10.15.7) LOG: 'Default Settings: {"host":"localhost:8080","ssl":false}'
Chrome Headless 152.0.0.0 (Mac OS 10.15.7) LOG: 'Default DatabaseId: "(default)"'
  (Persistence=memory_lru_gc) PersistentCacheIndexManager
    getPersistentCacheIndexManager()
      ✔ should return non-null if, and only if, IndexedDB persistence is enabled
      ✔ should always return the same object
      ✔ should fail if invoked after terminate()
TOTAL: 3 SUCCESS

Finished in 0.004 secs / 0.001 secs @ 05:31:06 GMT+0800 (Malaysia Time)

SUMMARY:
✔ 3 tests completed
Done in 1.72s.
yarn run v1.22.22
(node:75477) [DEP0169] DeprecationWarning: `url.parse()` behavior is not standardized and prone to errors that have security implications. Use the WHATWG URL API instead. CVEs are not issued for `url.parse()` vulnerabilities.
(Use `node --trace-deprecation ...` to show where the warning was created)
$ /private/tmp/fireside-phase2-oracles.EJXGdU/firebase-js-sdk/node_modules/.bin/karma start /Users/sanjevirau/Desktop/fireside/conformance/src/webchannel/firebase-js-sdk-karma.conf.cjs --single-run --grep '(?:^\(Persistence=indexeddb\) PersistentCacheIndexManager(?= |$))'
The 'BROWSERS' environment variable is undefined. Defaulting to 'ChromeHeadless'.
webpack was not included as a framework in karma configuration, setting this automatically...

START:
(node:75480) [DEP0060] DeprecationWarning: The `util._extend` API is deprecated. Please use Object.assign() instead.
(Use `node --trace-deprecation ...` to show where the warning was created)
[32m02 09 2026 05:31:07.111:INFO [karma-server]: [39mKarma v6.4.4 server started at http://localhost:8089/
[32m02 09 2026 05:31:07.112:INFO [launcher]: [39mLaunching browsers ChromeHeadless with concurrency unlimited
[32m02 09 2026 05:31:07.114:INFO [launcher]: [39mStarting browser ChromeHeadless
[32m02 09 2026 05:31:08.033:INFO [Chrome Headless 152.0.0.0 (Mac OS 10.15.7)]: [39mConnected on socket PdKXJBIhKy1jwyVpAAAB with id 35691507
Chrome Headless 152.0.0.0 (Mac OS 10.15.7) LOG: 'Default Settings: {"host":"localhost:8080","ssl":false}'
Chrome Headless 152.0.0.0 (Mac OS 10.15.7) LOG: 'Default DatabaseId: "(default)"'
  (Persistence=indexeddb) PersistentCacheIndexManager
    ✔ getPersistentCacheIndexManager() should return distinct instances for distinct Firestore objects
    getPersistentCacheIndexManager()
      ✔ should return non-null if, and only if, IndexedDB persistence is enabled
      ✔ should always return the same object
      ✔ should fail if invoked after terminate()
    enable/disable persistent index auto creation
      ✔ enable on new instance should succeed
      ✔ disable on new instance should succeed
      ✔ enable when already enabled should succeed
      ✔ disable when already disabled should succeed
      ✔ enabling after terminate() should throw
      ✔ disabling after terminate() should throw
      ✔ query returns correct results when index is auto-created
    delete all persistent cache indexes
      ✔ deleteAllPersistentCacheIndexes() on new instance should succeed
      ✔ deleteAllPersistentCacheIndexes() should be successful when auto-indexing is enabled
      ✔ deleteAllPersistentCacheIndexes() should be successful when auto-indexing is disabled
      ✔ deleteAllPersistentCacheIndexes() after terminate() should throw
      ✔ query returns correct results when auto-created index has been deleted
TOTAL: 16 SUCCESS

Finished in 0.389 secs / 0.386 secs @ 05:31:08 GMT+0800 (Malaysia Time)

SUMMARY:
✔ 16 tests completed
Done in 2.08s.
yarn run v1.22.22
(node:75528) [DEP0169] DeprecationWarning: `url.parse()` behavior is not standardized and prone to errors that have security implications. Use the WHATWG URL API instead. CVEs are not issued for `url.parse()` vulnerabilities.
(Use `node --trace-deprecation ...` to show where the warning was created)
$ /private/tmp/fireside-phase2-oracles.EJXGdU/firebase-js-sdk/node_modules/.bin/karma start /Users/sanjevirau/Desktop/fireside/conformance/src/webchannel/firebase-js-sdk-karma.conf.cjs --single-run --grep '(?:^\(Persistence=memory_lru_gc\) Pipelines (?:(?:pipeline results(?= |$))))'
The 'BROWSERS' environment variable is undefined. Defaulting to 'ChromeHeadless'.
webpack was not included as a framework in karma configuration, setting this automatically...

START:
(node:75529) [DEP0060] DeprecationWarning: The `util._extend` API is deprecated. Please use Object.assign() instead.
(Use `node --trace-deprecation ...` to show where the warning was created)
[32m02 09 2026 05:31:09.305:INFO [karma-server]: [39mKarma v6.4.4 server started at http://localhost:8089/
[32m02 09 2026 05:31:09.306:INFO [launcher]: [39mLaunching browsers ChromeHeadless with concurrency unlimited
[32m02 09 2026 05:31:09.309:INFO [launcher]: [39mStarting browser ChromeHeadless
[32m02 09 2026 05:31:10.230:INFO [Chrome Headless 152.0.0.0 (Mac OS 10.15.7)]: [39mConnected on socket NSyjHi_rRFIDHn_AAAAB with id 87531299
Chrome Headless 152.0.0.0 (Mac OS 10.15.7) LOG: 'Default Settings: {"host":"localhost:8080","ssl":false}'
Chrome Headless 152.0.0.0 (Mac OS 10.15.7) LOG: 'Default DatabaseId: "(default)"'
  (Persistence=memory_lru_gc) Pipelines
    pipeline results
      ✖ empty snapshot as expected (skipped)
      ✖ full snapshot as expected (skipped)
      ✖ result equals works (skipped)
      ✖ returns execution time (skipped)
      ✖ returns execution time for an empty query (skipped)
      ✖ returns create and update time for each document (skipped)
      ✖ returns execution time for an aggregate query (skipped)
      ✖ returns undefined create and update time for each result in an aggregate query (skipped)
TOTAL: 0 SUCCESS

Finished in 0.003 secs / 0 secs @ 05:31:10 GMT+0800 (Malaysia Time)

SUMMARY:
✔ 0 tests completed
ℹ 8 tests skipped
error Command failed with exit code 1.
info Visit https://yarnpkg.com/en/docs/cli/run for documentation about this command.
yarn run v1.22.22
(node:75564) [DEP0169] DeprecationWarning: `url.parse()` behavior is not standardized and prone to errors that have security implications. Use the WHATWG URL API instead. CVEs are not issued for `url.parse()` vulnerabilities.
(Use `node --trace-deprecation ...` to show where the warning was created)
$ /private/tmp/fireside-phase2-oracles.EJXGdU/firebase-js-sdk/node_modules/.bin/karma start /Users/sanjevirau/Desktop/fireside/conformance/src/webchannel/firebase-js-sdk-karma.conf.cjs --single-run --grep '(?:^\(Persistence=indexeddb\) Pipelines (?:(?:pipeline results(?= |$))))'
The 'BROWSERS' environment variable is undefined. Defaulting to 'ChromeHeadless'.
webpack was not included as a framework in karma configuration, setting this automatically...

START:
(node:75565) [DEP0060] DeprecationWarning: The `util._extend` API is deprecated. Please use Object.assign() instead.
(Use `node --trace-deprecation ...` to show where the warning was created)
[32m02 09 2026 05:31:11.141:INFO [karma-server]: [39mKarma v6.4.4 server started at http://localhost:8089/
[32m02 09 2026 05:31:11.142:INFO [launcher]: [39mLaunching browsers ChromeHeadless with concurrency unlimited
[32m02 09 2026 05:31:11.144:INFO [launcher]: [39mStarting browser ChromeHeadless
[32m02 09 2026 05:31:12.067:INFO [Chrome Headless 152.0.0.0 (Mac OS 10.15.7)]: [39mConnected on socket 4-TXPd3YJ_lT5xQDAAAB with id 93510212
Chrome Headless 152.0.0.0 (Mac OS 10.15.7) LOG: 'Default Settings: {"host":"localhost:8080","ssl":false}'
Chrome Headless 152.0.0.0 (Mac OS 10.15.7) LOG: 'Default DatabaseId: "(default)"'
  (Persistence=indexeddb) Pipelines
    pipeline results
      ✖ empty snapshot as expected (skipped)
      ✖ full snapshot as expected (skipped)
      ✖ result equals works (skipped)
      ✖ returns execution time (skipped)
      ✖ returns execution time for an empty query (skipped)
      ✖ returns create and update time for each document (skipped)
      ✖ returns execution time for an aggregate query (skipped)
      ✖ returns undefined create and update time for each result in an aggregate query (skipped)
TOTAL: 0 SUCCESS

Finished in 0.003 secs / 0 secs @ 05:31:12 GMT+0800 (Malaysia Time)

SUMMARY:
✔ 0 tests completed
ℹ 8 tests skipped
error Command failed with exit code 1.
info Visit https://yarnpkg.com/en/docs/cli/run for documentation about this command.
yarn run v1.22.22
(node:75617) [DEP0169] DeprecationWarning: `url.parse()` behavior is not standardized and prone to errors that have security implications. Use the WHATWG URL API instead. CVEs are not issued for `url.parse()` vulnerabilities.
(Use `node --trace-deprecation ...` to show where the warning was created)
$ /private/tmp/fireside-phase2-oracles.EJXGdU/firebase-js-sdk/node_modules/.bin/karma start /Users/sanjevirau/Desktop/fireside/conformance/src/webchannel/firebase-js-sdk-karma.conf.cjs --single-run --grep '(?:^\(Persistence=memory_lru_gc\) Pipelines (?:(?:pipeline sources(?= |$))))'
The 'BROWSERS' environment variable is undefined. Defaulting to 'ChromeHeadless'.
webpack was not included as a framework in karma configuration, setting this automatically...

START:
(node:75618) [DEP0060] DeprecationWarning: The `util._extend` API is deprecated. Please use Object.assign() instead.
(Use `node --trace-deprecation ...` to show where the warning was created)
[32m02 09 2026 05:31:12.925:INFO [karma-server]: [39mKarma v6.4.4 server started at http://localhost:8089/
[32m02 09 2026 05:31:12.926:INFO [launcher]: [39mLaunching browsers ChromeHeadless with concurrency unlimited
[32m02 09 2026 05:31:12.929:INFO [launcher]: [39mStarting browser ChromeHeadless
[32m02 09 2026 05:31:13.827:INFO [Chrome Headless 152.0.0.0 (Mac OS 10.15.7)]: [39mConnected on socket ZoX6pmuu8Ci-UduaAAAB with id 31518662
Chrome Headless 152.0.0.0 (Mac OS 10.15.7) LOG: 'Default Settings: {"host":"localhost:8080","ssl":false}'
Chrome Headless 152.0.0.0 (Mac OS 10.15.7) LOG: 'Default DatabaseId: "(default)"'
  (Persistence=memory_lru_gc) Pipelines
    pipeline sources
      ✖ supports CollectionReference as source (skipped)
      ✖ supports list of documents as source (skipped)
      ✖ reject CollectionReference for another DB (skipped)
      ✖ reject DocumentReference for another DB (skipped)
      ✖ supports collection group as source (skipped)
      ✖ supports database as source (skipped)
TOTAL: 0 SUCCESS

Finished in 0.004 secs / 0 secs @ 05:31:13 GMT+0800 (Malaysia Time)

SUMMARY:
✔ 0 tests completed
ℹ 6 tests skipped
error Command failed with exit code 1.
info Visit https://yarnpkg.com/en/docs/cli/run for documentation about this command.
yarn run v1.22.22
(node:75661) [DEP0169] DeprecationWarning: `url.parse()` behavior is not standardized and prone to errors that have security implications. Use the WHATWG URL API instead. CVEs are not issued for `url.parse()` vulnerabilities.
(Use `node --trace-deprecation ...` to show where the warning was created)
$ /private/tmp/fireside-phase2-oracles.EJXGdU/firebase-js-sdk/node_modules/.bin/karma start /Users/sanjevirau/Desktop/fireside/conformance/src/webchannel/firebase-js-sdk-karma.conf.cjs --single-run --grep '(?:^\(Persistence=indexeddb\) Pipelines (?:(?:pipeline sources(?= |$))))'
The 'BROWSERS' environment variable is undefined. Defaulting to 'ChromeHeadless'.
webpack was not included as a framework in karma configuration, setting this automatically...

START:
(node:75663) [DEP0060] DeprecationWarning: The `util._extend` API is deprecated. Please use Object.assign() instead.
(Use `node --trace-deprecation ...` to show where the warning was created)
[32m02 09 2026 05:31:14.715:INFO [karma-server]: [39mKarma v6.4.4 server started at http://localhost:8089/
[32m02 09 2026 05:31:14.716:INFO [launcher]: [39mLaunching browsers ChromeHeadless with concurrency unlimited
[32m02 09 2026 05:31:14.718:INFO [launcher]: [39mStarting browser ChromeHeadless
[32m02 09 2026 05:31:15.588:INFO [Chrome Headless 152.0.0.0 (Mac OS 10.15.7)]: [39mConnected on socket gvUJf26Uz1k8ZvNIAAAB with id 61255436
Chrome Headless 152.0.0.0 (Mac OS 10.15.7) LOG: 'Default Settings: {"host":"localhost:8080","ssl":false}'
Chrome Headless 152.0.0.0 (Mac OS 10.15.7) LOG: 'Default DatabaseId: "(default)"'
  (Persistence=indexeddb) Pipelines
    pipeline sources
      ✖ supports CollectionReference as source (skipped)
      ✖ supports list of documents as source (skipped)
      ✖ reject CollectionReference for another DB (skipped)
      ✖ reject DocumentReference for another DB (skipped)
      ✖ supports collection group as source (skipped)
      ✖ supports database as source (skipped)
TOTAL: 0 SUCCESS

Finished in 0.002 secs / 0 secs @ 05:31:15 GMT+0800 (Malaysia Time)

SUMMARY:
✔ 0 tests completed
ℹ 6 tests skipped
error Command failed with exit code 1.
info Visit https://yarnpkg.com/en/docs/cli/run for documentation about this command.
yarn run v1.22.22
(node:75714) [DEP0169] DeprecationWarning: `url.parse()` behavior is not standardized and prone to errors that have security implications. Use the WHATWG URL API instead. CVEs are not issued for `url.parse()` vulnerabilities.
(Use `node --trace-deprecation ...` to show where the warning was created)
$ /private/tmp/fireside-phase2-oracles.EJXGdU/firebase-js-sdk/node_modules/.bin/karma start /Users/sanjevirau/Desktop/fireside/conformance/src/webchannel/firebase-js-sdk-karma.conf.cjs --single-run --grep '(?:^\(Persistence=memory_lru_gc\) Pipelines (?:(?:supported data types(?= |$))))'
The 'BROWSERS' environment variable is undefined. Defaulting to 'ChromeHeadless'.
webpack was not included as a framework in karma configuration, setting this automatically...

START:
(node:75715) [DEP0060] DeprecationWarning: The `util._extend` API is deprecated. Please use Object.assign() instead.
(Use `node --trace-deprecation ...` to show where the warning was created)
[32m02 09 2026 05:31:16.441:INFO [karma-server]: [39mKarma v6.4.4 server started at http://localhost:8089/
[32m02 09 2026 05:31:16.442:INFO [launcher]: [39mLaunching browsers ChromeHeadless with concurrency unlimited
[32m02 09 2026 05:31:16.444:INFO [launcher]: [39mStarting browser ChromeHeadless
[32m02 09 2026 05:31:17.342:INFO [Chrome Headless 152.0.0.0 (Mac OS 10.15.7)]: [39mConnected on socket D_5PRdAIboyfCvZOAAAB with id 42710256
Chrome Headless 152.0.0.0 (Mac OS 10.15.7) LOG: 'Default Settings: {"host":"localhost:8080","ssl":false}'
Chrome Headless 152.0.0.0 (Mac OS 10.15.7) LOG: 'Default DatabaseId: "(default)"'
  (Persistence=memory_lru_gc) Pipelines
    supported data types
      ✖ accepts and returns all data types (skipped)
      ✖ throws on undefined in a map (skipped)
      ✖ throws on undefined in an array (skipped)
      ✖ converts arrays and plain objects to functionValues if the customer intent is unspecified (skipped)
      ✖ supports boolean value constants as a BooleanExpression (skipped)
TOTAL: 0 SUCCESS

Finished in 0.003 secs / 0 secs @ 05:31:17 GMT+0800 (Malaysia Time)

SUMMARY:
✔ 0 tests completed
ℹ 5 tests skipped
error Command failed with exit code 1.
info Visit https://yarnpkg.com/en/docs/cli/run for documentation about this command.
yarn run v1.22.22
(node:75757) [DEP0169] DeprecationWarning: `url.parse()` behavior is not standardized and prone to errors that have security implications. Use the WHATWG URL API instead. CVEs are not issued for `url.parse()` vulnerabilities.
(Use `node --trace-deprecation ...` to show where the warning was created)
$ /private/tmp/fireside-phase2-oracles.EJXGdU/firebase-js-sdk/node_modules/.bin/karma start /Users/sanjevirau/Desktop/fireside/conformance/src/webchannel/firebase-js-sdk-karma.conf.cjs --single-run --grep '(?:^\(Persistence=indexeddb\) Pipelines (?:(?:supported data types(?= |$))))'
The 'BROWSERS' environment variable is undefined. Defaulting to 'ChromeHeadless'.
webpack was not included as a framework in karma configuration, setting this automatically...

START:
(node:75758) [DEP0060] DeprecationWarning: The `util._extend` API is deprecated. Please use Object.assign() instead.
(Use `node --trace-deprecation ...` to show where the warning was created)
[32m02 09 2026 05:31:18.178:INFO [karma-server]: [39mKarma v6.4.4 server started at http://localhost:8089/
[32m02 09 2026 05:31:18.179:INFO [launcher]: [39mLaunching browsers ChromeHeadless with concurrency unlimited
[32m02 09 2026 05:31:18.182:INFO [launcher]: [39mStarting browser ChromeHeadless
[32m02 09 2026 05:31:19.075:INFO [Chrome Headless 152.0.0.0 (Mac OS 10.15.7)]: [39mConnected on socket nf17HoXLwEM-k2ylAAAB with id 60484537
Chrome Headless 152.0.0.0 (Mac OS 10.15.7) LOG: 'Default Settings: {"host":"localhost:8080","ssl":false}'
Chrome Headless 152.0.0.0 (Mac OS 10.15.7) LOG: 'Default DatabaseId: "(default)"'
  (Persistence=indexeddb) Pipelines
    supported data types
      ✖ accepts and returns all data types (skipped)
      ✖ throws on undefined in a map (skipped)
      ✖ throws on undefined in an array (skipped)
      ✖ converts arrays and plain objects to functionValues if the customer intent is unspecified (skipped)
      ✖ supports boolean value constants as a BooleanExpression (skipped)
TOTAL: 0 SUCCESS

Finished in 0.003 secs / 0 secs @ 05:31:19 GMT+0800 (Malaysia Time)

SUMMARY:
✔ 0 tests completed
ℹ 5 tests skipped
error Command failed with exit code 1.
info Visit https://yarnpkg.com/en/docs/cli/run for documentation about this command.
yarn run v1.22.22
(node:75819) [DEP0169] DeprecationWarning: `url.parse()` behavior is not standardized and prone to errors that have security implications. Use the WHATWG URL API instead. CVEs are not issued for `url.parse()` vulnerabilities.
(Use `node --trace-deprecation ...` to show where the warning was created)
$ /private/tmp/fireside-phase2-oracles.EJXGdU/firebase-js-sdk/node_modules/.bin/karma start /Users/sanjevirau/Desktop/fireside/conformance/src/webchannel/firebase-js-sdk-karma.conf.cjs --single-run --grep '(?:^\(Persistence=memory_lru_gc\) Pipelines (?:(?:stages(?= |$))))'
The 'BROWSERS' environment variable is undefined. Defaulting to 'ChromeHeadless'.
webpack was not included as a framework in karma configuration, setting this automatically...

START:
(node:75820) [DEP0060] DeprecationWarning: The `util._extend` API is deprecated. Please use Object.assign() instead.
(Use `node --trace-deprecation ...` to show where the warning was created)
[32m02 09 2026 05:31:20.046:INFO [karma-server]: [39mKarma v6.4.4 server started at http://localhost:8089/
[32m02 09 2026 05:31:20.047:INFO [launcher]: [39mLaunching browsers ChromeHeadless with concurrency unlimited
[32m02 09 2026 05:31:20.050:INFO [launcher]: [39mStarting browser ChromeHeadless
[32m02 09 2026 05:31:21.003:INFO [Chrome Headless 152.0.0.0 (Mac OS 10.15.7)]: [39mConnected on socket dlKnRg2rzvrgqAXHAAAB with id 39957052
Chrome Headless 152.0.0.0 (Mac OS 10.15.7) LOG: 'Default Settings: {"host":"localhost:8080","ssl":false}'
Chrome Headless 152.0.0.0 (Mac OS 10.15.7) LOG: 'Default DatabaseId: "(default)"'
  (Persistence=memory_lru_gc) Pipelines
    stages
      aggregate stage
        ✖ supports aggregate (skipped)
        ✖ throws on Duplicate aliases (skipped)
        ✖ throws on duplicate group aliases (skipped)
        ✖ supports aggregate options (skipped)
        ✖ rejects groups without accumulators (skipped)
        ✖ returns group and accumulate results (skipped)
        ✖ returns min, max, count, and countAll accumulations (skipped)
        ✖ returns first and last accumulations (skipped)
        ✖ returns arrayAgg accumulations (skipped)
        ✖ returns arrayAggDistinct accumulations (skipped)
        ✖ returns countif accumulation (skipped)
        ✖ returns countDistinct accumulation (skipped)
      distinct stage
        ✖ returns distinct values as expected (skipped)
        ✖ supports options (skipped)
      select stage
        ✖ can select fields (skipped)
        ✖ throws on Duplicate aliases (skipped)
        ✖ supports options (skipped)
      addField stage
        ✖ can add fields (skipped)
        ✖ throws on Duplicate aliases (skipped)
        ✖ supports options (skipped)
      removeFields stage
        ✖ can remove fields (skipped)
        ✖ supports options (skipped)
      findNearest stage
        ✖ can find nearest (skipped)
        ✖ supports options (skipped)
      where stage
        ✖ where with and (2 conditions) (skipped)
        ✖ where with and (3 conditions) (skipped)
        ✖ where with or (skipped)
        ✖ where with xor (skipped)
        ✖ where with nor (skipped)
        ✖ supports options (skipped)
      sort, offset, and limit stages
        ✖ supports sort, offset, and limits (skipped)
        ✖ sort, offset, and limit stages support options (skipped)
      raw stage
        ✖ can select fields (skipped)
        ✖ can add fields (skipped)
        ✖ can filter with where (skipped)
        ✖ can limit, offset, and sort (skipped)
        ✖ can perform aggregate query (skipped)
        ✖ can perform distinct query (skipped)
        ✖ can perform FindNearest query (skipped)
      replaceWith stage
        ✖ run pipeline with replaceWith field name (skipped)
        ✖ run pipeline with replaceWith Expr result (skipped)
        ✖ supports options (skipped)
      sample stage
        ✖ run pipeline with sample limit of 3 (skipped)
        ✖ run pipeline with sample limit of {documents: 3} (skipped)
        ✖ run pipeline with sample limit of {percentage: 0.6} (skipped)
      union stage
        ✖ run pipeline with union (skipped)
        ✖ run pipeline with user data with union (skipped)
        ✖ supports options (skipped)
      unnest stage
        ✖ run pipeline with unnest (skipped)
        ✖ unnest with index field (skipped)
        ✖ unnest an expr (skipped)
        ✖ supports options (skipped)
        ✖ run pipeline with findNearest (skipped)
        ✖ optionally returns the computed distance (skipped)
TOTAL: 0 SUCCESS

Finished in 0.006 secs / 0 secs @ 05:31:21 GMT+0800 (Malaysia Time)

SUMMARY:
✔ 0 tests completed
ℹ 54 tests skipped
error Command failed with exit code 1.
info Visit https://yarnpkg.com/en/docs/cli/run for documentation about this command.
yarn run v1.22.22
(node:75855) [DEP0169] DeprecationWarning: `url.parse()` behavior is not standardized and prone to errors that have security implications. Use the WHATWG URL API instead. CVEs are not issued for `url.parse()` vulnerabilities.
(Use `node --trace-deprecation ...` to show where the warning was created)
$ /private/tmp/fireside-phase2-oracles.EJXGdU/firebase-js-sdk/node_modules/.bin/karma start /Users/sanjevirau/Desktop/fireside/conformance/src/webchannel/firebase-js-sdk-karma.conf.cjs --single-run --grep '(?:^\(Persistence=indexeddb\) Pipelines (?:(?:stages(?= |$))))'
The 'BROWSERS' environment variable is undefined. Defaulting to 'ChromeHeadless'.
webpack was not included as a framework in karma configuration, setting this automatically...

START:
(node:75862) [DEP0060] DeprecationWarning: The `util._extend` API is deprecated. Please use Object.assign() instead.
(Use `node --trace-deprecation ...` to show where the warning was created)
[32m02 09 2026 05:31:21.859:INFO [karma-server]: [39mKarma v6.4.4 server started at http://localhost:8089/
[32m02 09 2026 05:31:21.860:INFO [launcher]: [39mLaunching browsers ChromeHeadless with concurrency unlimited
[32m02 09 2026 05:31:21.863:INFO [launcher]: [39mStarting browser ChromeHeadless
[32m02 09 2026 05:31:22.780:INFO [Chrome Headless 152.0.0.0 (Mac OS 10.15.7)]: [39mConnected on socket rWBHgG4wvAJvNgCPAAAB with id 64755610
Chrome Headless 152.0.0.0 (Mac OS 10.15.7) LOG: 'Default Settings: {"host":"localhost:8080","ssl":false}'
Chrome Headless 152.0.0.0 (Mac OS 10.15.7) LOG: 'Default DatabaseId: "(default)"'
  (Persistence=indexeddb) Pipelines
    stages
      aggregate stage
        ✖ supports aggregate (skipped)
        ✖ throws on Duplicate aliases (skipped)
        ✖ throws on duplicate group aliases (skipped)
        ✖ supports aggregate options (skipped)
        ✖ rejects groups without accumulators (skipped)
        ✖ returns group and accumulate results (skipped)
        ✖ returns min, max, count, and countAll accumulations (skipped)
        ✖ returns first and last accumulations (skipped)
        ✖ returns arrayAgg accumulations (skipped)
        ✖ returns arrayAggDistinct accumulations (skipped)
        ✖ returns countif accumulation (skipped)
        ✖ returns countDistinct accumulation (skipped)
      distinct stage
        ✖ returns distinct values as expected (skipped)
        ✖ supports options (skipped)
      select stage
        ✖ can select fields (skipped)
        ✖ throws on Duplicate aliases (skipped)
        ✖ supports options (skipped)
      addField stage
        ✖ can add fields (skipped)
        ✖ throws on Duplicate aliases (skipped)
        ✖ supports options (skipped)
      removeFields stage
        ✖ can remove fields (skipped)
        ✖ supports options (skipped)
      findNearest stage
        ✖ can find nearest (skipped)
        ✖ supports options (skipped)
      where stage
        ✖ where with and (2 conditions) (skipped)
        ✖ where with and (3 conditions) (skipped)
        ✖ where with or (skipped)
        ✖ where with xor (skipped)
        ✖ where with nor (skipped)
        ✖ supports options (skipped)
      sort, offset, and limit stages
        ✖ supports sort, offset, and limits (skipped)
        ✖ sort, offset, and limit stages support options (skipped)
      raw stage
        ✖ can select fields (skipped)
        ✖ can add fields (skipped)
        ✖ can filter with where (skipped)
        ✖ can limit, offset, and sort (skipped)
        ✖ can perform aggregate query (skipped)
        ✖ can perform distinct query (skipped)
        ✖ can perform FindNearest query (skipped)
      replaceWith stage
        ✖ run pipeline with replaceWith field name (skipped)
        ✖ run pipeline with replaceWith Expr result (skipped)
        ✖ supports options (skipped)
      sample stage
        ✖ run pipeline with sample limit of 3 (skipped)
        ✖ run pipeline with sample limit of {documents: 3} (skipped)
        ✖ run pipeline with sample limit of {percentage: 0.6} (skipped)
      union stage
        ✖ run pipeline with union (skipped)
        ✖ run pipeline with user data with union (skipped)
        ✖ supports options (skipped)
      unnest stage
        ✖ run pipeline with unnest (skipped)
        ✖ unnest with index field (skipped)
        ✖ unnest an expr (skipped)
        ✖ supports options (skipped)
        ✖ run pipeline with findNearest (skipped)
        ✖ optionally returns the computed distance (skipped)
TOTAL: 0 SUCCESS

Finished in 0.006 secs / 0 secs @ 05:31:22 GMT+0800 (Malaysia Time)

SUMMARY:
✔ 0 tests completed
ℹ 54 tests skipped
error Command failed with exit code 1.
info Visit https://yarnpkg.com/en/docs/cli/run for documentation about this command.
yarn run v1.22.22
(node:75902) [DEP0169] DeprecationWarning: `url.parse()` behavior is not standardized and prone to errors that have security implications. Use the WHATWG URL API instead. CVEs are not issued for `url.parse()` vulnerabilities.
(Use `node --trace-deprecation ...` to show where the warning was created)
$ /private/tmp/fireside-phase2-oracles.EJXGdU/firebase-js-sdk/node_modules/.bin/karma start /Users/sanjevirau/Desktop/fireside/conformance/src/webchannel/firebase-js-sdk-karma.conf.cjs --single-run --grep '(?:^\(Persistence=memory_lru_gc\) Pipelines (?:(?:error handling(?= |$))))'
The 'BROWSERS' environment variable is undefined. Defaulting to 'ChromeHeadless'.
webpack was not included as a framework in karma configuration, setting this automatically...

START:
(node:75903) [DEP0060] DeprecationWarning: The `util._extend` API is deprecated. Please use Object.assign() instead.
(Use `node --trace-deprecation ...` to show where the warning was created)
[32m02 09 2026 05:31:23.672:INFO [karma-server]: [39mKarma v6.4.4 server started at http://localhost:8089/
[32m02 09 2026 05:31:23.674:INFO [launcher]: [39mLaunching browsers ChromeHeadless with concurrency unlimited
[32m02 09 2026 05:31:23.676:INFO [launcher]: [39mStarting browser ChromeHeadless
[32m02 09 2026 05:31:24.601:INFO [Chrome Headless 152.0.0.0 (Mac OS 10.15.7)]: [39mConnected on socket 1WjYoQrENfRNIexjAAAB with id 85191785
Chrome Headless 152.0.0.0 (Mac OS 10.15.7) LOG: 'Default Settings: {"host":"localhost:8080","ssl":false}'
Chrome Headless 152.0.0.0 (Mac OS 10.15.7) LOG: 'Default DatabaseId: "(default)"'
  (Persistence=memory_lru_gc) Pipelines
    error handling
      ✖ error properties are propagated from the firestore backend (skipped)
TOTAL: 0 SUCCESS

Finished in 0.002 secs / 0 secs @ 05:31:24 GMT+0800 (Malaysia Time)

SUMMARY:
✔ 0 tests completed
ℹ 1 test skipped
error Command failed with exit code 1.
info Visit https://yarnpkg.com/en/docs/cli/run for documentation about this command.
yarn run v1.22.22
(node:75955) [DEP0169] DeprecationWarning: `url.parse()` behavior is not standardized and prone to errors that have security implications. Use the WHATWG URL API instead. CVEs are not issued for `url.parse()` vulnerabilities.
(Use `node --trace-deprecation ...` to show where the warning was created)
$ /private/tmp/fireside-phase2-oracles.EJXGdU/firebase-js-sdk/node_modules/.bin/karma start /Users/sanjevirau/Desktop/fireside/conformance/src/webchannel/firebase-js-sdk-karma.conf.cjs --single-run --grep '(?:^\(Persistence=indexeddb\) Pipelines (?:(?:error handling(?= |$))))'
The 'BROWSERS' environment variable is undefined. Defaulting to 'ChromeHeadless'.
webpack was not included as a framework in karma configuration, setting this automatically...

START:
(node:75956) [DEP0060] DeprecationWarning: The `util._extend` API is deprecated. Please use Object.assign() instead.
(Use `node --trace-deprecation ...` to show where the warning was created)
[32m02 09 2026 05:31:25.551:INFO [karma-server]: [39mKarma v6.4.4 server started at http://localhost:8089/
[32m02 09 2026 05:31:25.553:INFO [launcher]: [39mLaunching browsers ChromeHeadless with concurrency unlimited
[32m02 09 2026 05:31:25.555:INFO [launcher]: [39mStarting browser ChromeHeadless
[32m02 09 2026 05:31:26.510:INFO [Chrome Headless 152.0.0.0 (Mac OS 10.15.7)]: [39mConnected on socket 5b2jHvtpqMXomtmUAAAB with id 4794542
Chrome Headless 152.0.0.0 (Mac OS 10.15.7) LOG: 'Default Settings: {"host":"localhost:8080","ssl":false}'
Chrome Headless 152.0.0.0 (Mac OS 10.15.7) LOG: 'Default DatabaseId: "(default)"'
  (Persistence=indexeddb) Pipelines
    error handling
      ✖ error properties are propagated from the firestore backend (skipped)
TOTAL: 0 SUCCESS

Finished in 0.002 secs / 0 secs @ 05:31:26 GMT+0800 (Malaysia Time)

SUMMARY:
✔ 0 tests completed
ℹ 1 test skipped
error Command failed with exit code 1.
info Visit https://yarnpkg.com/en/docs/cli/run for documentation about this command.
yarn run v1.22.22
(node:75999) [DEP0169] DeprecationWarning: `url.parse()` behavior is not standardized and prone to errors that have security implications. Use the WHATWG URL API instead. CVEs are not issued for `url.parse()` vulnerabilities.
(Use `node --trace-deprecation ...` to show where the warning was created)
$ /private/tmp/fireside-phase2-oracles.EJXGdU/firebase-js-sdk/node_modules/.bin/karma start /Users/sanjevirau/Desktop/fireside/conformance/src/webchannel/firebase-js-sdk-karma.conf.cjs --single-run --grep '(?:^\(Persistence=memory_lru_gc\) Pipelines (?:(?:function expressions(?= |$))))'
The 'BROWSERS' environment variable is undefined. Defaulting to 'ChromeHeadless'.
webpack was not included as a framework in karma configuration, setting this automatically...

START:
(node:76000) [DEP0060] DeprecationWarning: The `util._extend` API is deprecated. Please use Object.assign() instead.
(Use `node --trace-deprecation ...` to show where the warning was created)
[32m02 09 2026 05:31:27.361:INFO [karma-server]: [39mKarma v6.4.4 server started at http://localhost:8089/
[32m02 09 2026 05:31:27.362:INFO [launcher]: [39mLaunching browsers ChromeHeadless with concurrency unlimited
[32m02 09 2026 05:31:27.364:INFO [launcher]: [39mStarting browser ChromeHeadless
[32m02 09 2026 05:31:28.260:INFO [Chrome Headless 152.0.0.0 (Mac OS 10.15.7)]: [39mConnected on socket fHUAlg9ceyHuVLfVAAAB with id 10712732
Chrome Headless 152.0.0.0 (Mac OS 10.15.7) LOG: 'Default Settings: {"host":"localhost:8080","ssl":false}'
Chrome Headless 152.0.0.0 (Mac OS 10.15.7) LOG: 'Default DatabaseId: "(default)"'
  (Persistence=memory_lru_gc) Pipelines
    function expressions
      ✖ logical max works (skipped)
      ✖ logical min works (skipped)
      ✖ conditional works (skipped)
      ✖ equalAny works (skipped)
      ✖ notEqualAny works (skipped)
      ✖ arrayContains works (skipped)
      ✖ arrayContainsAny works (skipped)
      ✖ arrayContainsAll works (skipped)
      ✖ arrayLength works (skipped)
      ✖ testStrConcat (skipped)
      ✖ testStartsWith (skipped)
      ✖ testEndsWith (skipped)
      ✖ testStrContains (skipped)
      ✖ testLength (skipped)
      ✖ testLike (skipped)
      ✖ testRegexContains (skipped)
      ✖ testRegexFind (skipped)
      ✖ testRegexFindAll (skipped)
      ✖ testRegexMatches (skipped)
      ✖ testArithmeticOperations (skipped)
      ✖ testComparisonOperators (skipped)
      ✖ testLogicalOperators (skipped)
      ✖ testChecks (skipped)
      ✖ testMapGet (skipped)
      ✖ testDistanceFunctions (skipped)
      ✖ testVectorLength (skipped)
      ✖ testNestedFields (skipped)
      ✖ test mapGet with field name including . notation (skipped)
      ✖ test mapSet (skipped)
      ✖ test mapKeys (skipped)
      ✖ test mapValues (skipped)
      ✖ test mapEntries (skipped)
      ✖ supports array (skipped)
      ✖ evaluates expression in array (skipped)
      ✖ supports arrayGet (skipped)
      ✖ supports arrayFirst (skipped)
      ✖ supports arrayFilter (skipped)
      ✖ supports arrayFilter with mixed types and nulls (skipped)
      ✖ supports arrayTransform and arrayTransformWithIndex (skipped)
      ✖ supports arrayTransform with empty array and nulls (skipped)
      ✖ supports arraySlice (skipped)
      ✖ arraySlice throws error for negative length (skipped)
      ✖ supports arrayFirstN (skipped)
      ✖ supports arrayLast (skipped)
      ✖ supports arrayLastN (skipped)
      ✖ supports arrayMaximum (skipped)
      ✖ supports arrayMaximumN (skipped)
      ✖ supports arrayMinimum (skipped)
      ✖ supports arrayMinimumN (skipped)
      ✖ supports arrayIndexOf (skipped)
      ✖ supports arrayLastIndexOf (skipped)
      ✖ supports arrayIndexOfAll (skipped)
      ✖ supports map (skipped)
      ✖ evaluates expression in map (skipped)
      ✖ supports mapRemove (skipped)
      ✖ supports mapMerge (skipped)
      ✖ supports timestamp conversions (skipped)
      ✖ supports timestamp math (skipped)
      ✖ supports byteLength (skipped)
      ✖ supports not (skipped)
      ✖ can reverse an array (skipped)
      ✖ can reverse an array with the top-level function (skipped)
      ✖ can compute the ceiling of a numeric value (skipped)
      ✖ can compute the ceiling of a numeric value with the top-level function (skipped)
      ✖ can compute the floor of a numeric value (skipped)
      ✖ can compute the floor of a numeric value with the top-level function (skipped)
      ✖ can compute e to the power of a numeric value (skipped)
      ✖ can compute e to the power of a numeric value with the top-level function (skipped)
      ✖ can compute the power of a numeric value (skipped)
      ✖ can compute the power of a numeric value with the top-level function (skipped)
      ✖ testRand (skipped)
      ✖ can round a numeric value (skipped)
      ✖ can round a numeric value with the top-level function (skipped)
      ✖ can round a numeric value away from zero for positive half-way values (skipped)
      ✖ can round a numeric value away from zero for negative half-way values (skipped)
      ✖ can round a numeric value to specified precision (skipped)
      ✖ can truncate a numeric value (skipped)
      ✖ can truncate a numeric value with the top-level function (skipped)
      ✖ can truncate a numeric value to specified precision (skipped)
      ✖ can get the collectionId from a path (skipped)
      ✖ can get the collectionId from a path with the top-level function (skipped)
      ✖ can compute the length of a string value (skipped)
      ✖ can compute the length of a string value with the top-level function (skipped)
      ✖ can compute the length of an array value (skipped)
      ✖ can compute the length of an array value with the top-level function (skipped)
      ✖ can compute the length of a map value (skipped)
      ✖ can compute the length of a vector value (skipped)
      ✖ can compute the length of a bytes value (skipped)
      ✖ can compute the natural logarithm of a numeric value (skipped)
      ✖ can compute the natural logarithm of a numeric value with the top-level function (skipped)
      ✖ can compute the natural logarithm of a numeric value with the top-level function  (skipped)
      ✖ can compute the logarithm of a numeric value (skipped)
      ✖ can compute the logarithm of a numeric value with the top-level function (skipped)
      ✖ can round a numeric value  (skipped)
      ✖ can round a numeric value with the top-level function  (skipped)
      ✖ can compute the square root of a numeric value (skipped)
      ✖ can compute the square root of a numeric value with the top-level function (skipped)
      ✖ can reverse a string (skipped)
      ✖ can reverse a string with the top-level function (skipped)
      ✖ supports Document_id (skipped)
      ✖ supports parent (skipped)
      ✖ supports substring (skipped)
      ✖ supports substring without length (skipped)
      ✖ test toLower (skipped)
      ✖ test toUpper (skipped)
      ✖ testTrim (skipped)
      ✖ testLTrim (skipped)
      ✖ testRTrim (skipped)
      ✖ testStringRepeat (skipped)
      ✖ testStringReplaceAll (skipped)
      ✖ testStringReplaceOne (skipped)
      ✖ testStringIndexOf (skipped)
      ✖ test reverse (skipped)
      ✖ testAbs (skipped)
      ✖ can compute the base-10 logarithm of a numeric value (skipped)
      ✖ can compute the base-10 logarithm of a numeric value with the top-level function (skipped)
      ✖ can concat fields (skipped)
      ✖ supports currentTimestamp (skipped)
      ✖ supports ifAbsent (skipped)
      ✖ supports ifNull (skipped)
      ✖ supports coalesce (skipped)
      ✖ supports join (skipped)
      ✖ can compute the sum of the elements in an array (skipped)
      ✖ can compute the sum of the elements in an array with the top-level function (skipped)
      ✖ truncate timestamp (skipped)
      ✖ supports timestamp difference (skipped)
      ✖ supports timestamp extraction (skipped)
      ✖ supports split (skipped)
      ✖ supports type (skipped)
      ✖ supports isType (skipped)
      ✖ supports nor (skipped)
      rawFunction
        ✖ add selectable (skipped)
        ✖ and (variadic) selectable (skipped)
        ✖ array contains any (skipped)
        ✖ countif aggregate (skipped)
        ✖ sort by char_len (skipped)
      switchOn
        ✖ supports basic switch (skipped)
        ✖ supports multi-branch switch (skipped)
        ✖ throws if no match and no default (skipped)
TOTAL: 0 SUCCESS

Finished in 0.009 secs / 0 secs @ 05:31:28 GMT+0800 (Malaysia Time)

SUMMARY:
✔ 0 tests completed
ℹ 139 tests skipped
error Command failed with exit code 1.
info Visit https://yarnpkg.com/en/docs/cli/run for documentation about this command.
yarn run v1.22.22
(node:76042) [DEP0169] DeprecationWarning: `url.parse()` behavior is not standardized and prone to errors that have security implications. Use the WHATWG URL API instead. CVEs are not issued for `url.parse()` vulnerabilities.
(Use `node --trace-deprecation ...` to show where the warning was created)
$ /private/tmp/fireside-phase2-oracles.EJXGdU/firebase-js-sdk/node_modules/.bin/karma start /Users/sanjevirau/Desktop/fireside/conformance/src/webchannel/firebase-js-sdk-karma.conf.cjs --single-run --grep '(?:^\(Persistence=indexeddb\) Pipelines (?:(?:function expressions(?= |$))))'
The 'BROWSERS' environment variable is undefined. Defaulting to 'ChromeHeadless'.
webpack was not included as a framework in karma configuration, setting this automatically...

START:
(node:76043) [DEP0060] DeprecationWarning: The `util._extend` API is deprecated. Please use Object.assign() instead.
(Use `node --trace-deprecation ...` to show where the warning was created)
[32m02 09 2026 05:31:29.134:INFO [karma-server]: [39mKarma v6.4.4 server started at http://localhost:8089/
[32m02 09 2026 05:31:29.135:INFO [launcher]: [39mLaunching browsers ChromeHeadless with concurrency unlimited
[32m02 09 2026 05:31:29.138:INFO [launcher]: [39mStarting browser ChromeHeadless
[32m02 09 2026 05:31:30.061:INFO [Chrome Headless 152.0.0.0 (Mac OS 10.15.7)]: [39mConnected on socket VieMOkgXkiTQUs7LAAAB with id 92187944
Chrome Headless 152.0.0.0 (Mac OS 10.15.7) LOG: 'Default Settings: {"host":"localhost:8080","ssl":false}'
Chrome Headless 152.0.0.0 (Mac OS 10.15.7) LOG: 'Default DatabaseId: "(default)"'
  (Persistence=indexeddb) Pipelines
    function expressions
      ✖ logical max works (skipped)
      ✖ logical min works (skipped)
      ✖ conditional works (skipped)
      ✖ equalAny works (skipped)
      ✖ notEqualAny works (skipped)
      ✖ arrayContains works (skipped)
      ✖ arrayContainsAny works (skipped)
      ✖ arrayContainsAll works (skipped)
      ✖ arrayLength works (skipped)
      ✖ testStrConcat (skipped)
      ✖ testStartsWith (skipped)
      ✖ testEndsWith (skipped)
      ✖ testStrContains (skipped)
      ✖ testLength (skipped)
      ✖ testLike (skipped)
      ✖ testRegexContains (skipped)
      ✖ testRegexFind (skipped)
      ✖ testRegexFindAll (skipped)
      ✖ testRegexMatches (skipped)
      ✖ testArithmeticOperations (skipped)
      ✖ testComparisonOperators (skipped)
      ✖ testLogicalOperators (skipped)
      ✖ testChecks (skipped)
      ✖ testMapGet (skipped)
      ✖ testDistanceFunctions (skipped)
      ✖ testVectorLength (skipped)
      ✖ testNestedFields (skipped)
      ✖ test mapGet with field name including . notation (skipped)
      ✖ test mapSet (skipped)
      ✖ test mapKeys (skipped)
      ✖ test mapValues (skipped)
      ✖ test mapEntries (skipped)
      ✖ supports array (skipped)
      ✖ evaluates expression in array (skipped)
      ✖ supports arrayGet (skipped)
      ✖ supports arrayFirst (skipped)
      ✖ supports arrayFilter (skipped)
      ✖ supports arrayFilter with mixed types and nulls (skipped)
      ✖ supports arrayTransform and arrayTransformWithIndex (skipped)
      ✖ supports arrayTransform with empty array and nulls (skipped)
      ✖ supports arraySlice (skipped)
      ✖ arraySlice throws error for negative length (skipped)
      ✖ supports arrayFirstN (skipped)
      ✖ supports arrayLast (skipped)
      ✖ supports arrayLastN (skipped)
      ✖ supports arrayMaximum (skipped)
      ✖ supports arrayMaximumN (skipped)
      ✖ supports arrayMinimum (skipped)
      ✖ supports arrayMinimumN (skipped)
      ✖ supports arrayIndexOf (skipped)
      ✖ supports arrayLastIndexOf (skipped)
      ✖ supports arrayIndexOfAll (skipped)
      ✖ supports map (skipped)
      ✖ evaluates expression in map (skipped)
      ✖ supports mapRemove (skipped)
      ✖ supports mapMerge (skipped)
      ✖ supports timestamp conversions (skipped)
      ✖ supports timestamp math (skipped)
      ✖ supports byteLength (skipped)
      ✖ supports not (skipped)
      ✖ can reverse an array (skipped)
      ✖ can reverse an array with the top-level function (skipped)
      ✖ can compute the ceiling of a numeric value (skipped)
      ✖ can compute the ceiling of a numeric value with the top-level function (skipped)
      ✖ can compute the floor of a numeric value (skipped)
      ✖ can compute the floor of a numeric value with the top-level function (skipped)
      ✖ can compute e to the power of a numeric value (skipped)
      ✖ can compute e to the power of a numeric value with the top-level function (skipped)
      ✖ can compute the power of a numeric value (skipped)
      ✖ can compute the power of a numeric value with the top-level function (skipped)
      ✖ testRand (skipped)
      ✖ can round a numeric value (skipped)
      ✖ can round a numeric value with the top-level function (skipped)
      ✖ can round a numeric value away from zero for positive half-way values (skipped)
      ✖ can round a numeric value away from zero for negative half-way values (skipped)
      ✖ can round a numeric value to specified precision (skipped)
      ✖ can truncate a numeric value (skipped)
      ✖ can truncate a numeric value with the top-level function (skipped)
      ✖ can truncate a numeric value to specified precision (skipped)
      ✖ can get the collectionId from a path (skipped)
      ✖ can get the collectionId from a path with the top-level function (skipped)
      ✖ can compute the length of a string value (skipped)
      ✖ can compute the length of a string value with the top-level function (skipped)
      ✖ can compute the length of an array value (skipped)
      ✖ can compute the length of an array value with the top-level function (skipped)
      ✖ can compute the length of a map value (skipped)
      ✖ can compute the length of a vector value (skipped)
      ✖ can compute the length of a bytes value (skipped)
      ✖ can compute the natural logarithm of a numeric value (skipped)
      ✖ can compute the natural logarithm of a numeric value with the top-level function (skipped)
      ✖ can compute the natural logarithm of a numeric value with the top-level function  (skipped)
      ✖ can compute the logarithm of a numeric value (skipped)
      ✖ can compute the logarithm of a numeric value with the top-level function (skipped)
      ✖ can round a numeric value  (skipped)
      ✖ can round a numeric value with the top-level function  (skipped)
      ✖ can compute the square root of a numeric value (skipped)
      ✖ can compute the square root of a numeric value with the top-level function (skipped)
      ✖ can reverse a string (skipped)
      ✖ can reverse a string with the top-level function (skipped)
      ✖ supports Document_id (skipped)
      ✖ supports parent (skipped)
      ✖ supports substring (skipped)
      ✖ supports substring without length (skipped)
      ✖ test toLower (skipped)
      ✖ test toUpper (skipped)
      ✖ testTrim (skipped)
      ✖ testLTrim (skipped)
      ✖ testRTrim (skipped)
      ✖ testStringRepeat (skipped)
      ✖ testStringReplaceAll (skipped)
      ✖ testStringReplaceOne (skipped)
      ✖ testStringIndexOf (skipped)
      ✖ test reverse (skipped)
      ✖ testAbs (skipped)
      ✖ can compute the base-10 logarithm of a numeric value (skipped)
      ✖ can compute the base-10 logarithm of a numeric value with the top-level function (skipped)
      ✖ can concat fields (skipped)
      ✖ supports currentTimestamp (skipped)
      ✖ supports ifAbsent (skipped)
      ✖ supports ifNull (skipped)
      ✖ supports coalesce (skipped)
      ✖ supports join (skipped)
      ✖ can compute the sum of the elements in an array (skipped)
      ✖ can compute the sum of the elements in an array with the top-level function (skipped)
      ✖ truncate timestamp (skipped)
      ✖ supports timestamp difference (skipped)
      ✖ supports timestamp extraction (skipped)
      ✖ supports split (skipped)
      ✖ supports type (skipped)
      ✖ supports isType (skipped)
      ✖ supports nor (skipped)
      rawFunction
        ✖ add selectable (skipped)
        ✖ and (variadic) selectable (skipped)
        ✖ array contains any (skipped)
        ✖ countif aggregate (skipped)
        ✖ sort by char_len (skipped)
      switchOn
        ✖ supports basic switch (skipped)
        ✖ supports multi-branch switch (skipped)
        ✖ throws if no match and no default (skipped)
TOTAL: 0 SUCCESS

Finished in 0.009 secs / 0 secs @ 05:31:30 GMT+0800 (Malaysia Time)

SUMMARY:
✔ 0 tests completed
ℹ 139 tests skipped
error Command failed with exit code 1.
info Visit https://yarnpkg.com/en/docs/cli/run for documentation about this command.
yarn run v1.22.22
(node:76088) [DEP0169] DeprecationWarning: `url.parse()` behavior is not standardized and prone to errors that have security implications. Use the WHATWG URL API instead. CVEs are not issued for `url.parse()` vulnerabilities.
(Use `node --trace-deprecation ...` to show where the warning was created)
$ /private/tmp/fireside-phase2-oracles.EJXGdU/firebase-js-sdk/node_modules/.bin/karma start /Users/sanjevirau/Desktop/fireside/conformance/src/webchannel/firebase-js-sdk-karma.conf.cjs --single-run --grep '(?:^\(Persistence=memory_lru_gc\) Pipelines (?:(?:pagination(?= |$))))'
The 'BROWSERS' environment variable is undefined. Defaulting to 'ChromeHeadless'.
webpack was not included as a framework in karma configuration, setting this automatically...

START:
(node:76089) [DEP0060] DeprecationWarning: The `util._extend` API is deprecated. Please use Object.assign() instead.
(Use `node --trace-deprecation ...` to show where the warning was created)
[32m02 09 2026 05:31:30.924:INFO [karma-server]: [39mKarma v6.4.4 server started at http://localhost:8089/
[32m02 09 2026 05:31:30.925:INFO [launcher]: [39mLaunching browsers ChromeHeadless with concurrency unlimited
[32m02 09 2026 05:31:30.928:INFO [launcher]: [39mStarting browser ChromeHeadless
[32m02 09 2026 05:31:31.863:INFO [Chrome Headless 152.0.0.0 (Mac OS 10.15.7)]: [39mConnected on socket aL36vx3JQQb1-b4qAAAB with id 300697
Chrome Headless 152.0.0.0 (Mac OS 10.15.7) LOG: 'Default Settings: {"host":"localhost:8080","ssl":false}'
Chrome Headless 152.0.0.0 (Mac OS 10.15.7) LOG: 'Default DatabaseId: "(default)"'
  (Persistence=memory_lru_gc) Pipelines
    pagination
      ✖ supports pagination with filters (skipped)
      ✖ supports pagination with offsets (skipped)
TOTAL: 0 SUCCESS

Finished in 0.003 secs / 0 secs @ 05:31:31 GMT+0800 (Malaysia Time)

SUMMARY:
✔ 0 tests completed
ℹ 2 tests skipped
error Command failed with exit code 1.
info Visit https://yarnpkg.com/en/docs/cli/run for documentation about this command.
yarn run v1.22.22
(node:76152) [DEP0169] DeprecationWarning: `url.parse()` behavior is not standardized and prone to errors that have security implications. Use the WHATWG URL API instead. CVEs are not issued for `url.parse()` vulnerabilities.
(Use `node --trace-deprecation ...` to show where the warning was created)
$ /private/tmp/fireside-phase2-oracles.EJXGdU/firebase-js-sdk/node_modules/.bin/karma start /Users/sanjevirau/Desktop/fireside/conformance/src/webchannel/firebase-js-sdk-karma.conf.cjs --single-run --grep '(?:^\(Persistence=indexeddb\) Pipelines (?:(?:pagination(?= |$))))'
The 'BROWSERS' environment variable is undefined. Defaulting to 'ChromeHeadless'.
webpack was not included as a framework in karma configuration, setting this automatically...

START:
(node:76153) [DEP0060] DeprecationWarning: The `util._extend` API is deprecated. Please use Object.assign() instead.
(Use `node --trace-deprecation ...` to show where the warning was created)
[32m02 09 2026 05:31:32.693:INFO [karma-server]: [39mKarma v6.4.4 server started at http://localhost:8089/
[32m02 09 2026 05:31:32.694:INFO [launcher]: [39mLaunching browsers ChromeHeadless with concurrency unlimited
[32m02 09 2026 05:31:32.697:INFO [launcher]: [39mStarting browser ChromeHeadless
[32m02 09 2026 05:31:33.626:INFO [Chrome Headless 152.0.0.0 (Mac OS 10.15.7)]: [39mConnected on socket TL2-yphtI6ZA_oaEAAAB with id 54377429
Chrome Headless 152.0.0.0 (Mac OS 10.15.7) LOG: 'Default Settings: {"host":"localhost:8080","ssl":false}'
Chrome Headless 152.0.0.0 (Mac OS 10.15.7) LOG: 'Default DatabaseId: "(default)"'
  (Persistence=indexeddb) Pipelines
    pagination
      ✖ supports pagination with filters (skipped)
      ✖ supports pagination with offsets (skipped)
TOTAL: 0 SUCCESS

Finished in 0.002 secs / 0 secs @ 05:31:33 GMT+0800 (Malaysia Time)

SUMMARY:
✔ 0 tests completed
ℹ 2 tests skipped
error Command failed with exit code 1.
info Visit https://yarnpkg.com/en/docs/cli/run for documentation about this command.
yarn run v1.22.22
(node:76191) [DEP0169] DeprecationWarning: `url.parse()` behavior is not standardized and prone to errors that have security implications. Use the WHATWG URL API instead. CVEs are not issued for `url.parse()` vulnerabilities.
(Use `node --trace-deprecation ...` to show where the warning was created)
$ /private/tmp/fireside-phase2-oracles.EJXGdU/firebase-js-sdk/node_modules/.bin/karma start /Users/sanjevirau/Desktop/fireside/conformance/src/webchannel/firebase-js-sdk-karma.conf.cjs --single-run --grep '(?:^\(Persistence=memory_lru_gc\) Pipelines (?:(?:stage options(?= |$))))'
The 'BROWSERS' environment variable is undefined. Defaulting to 'ChromeHeadless'.
webpack was not included as a framework in karma configuration, setting this automatically...

START:
(node:76193) [DEP0060] DeprecationWarning: The `util._extend` API is deprecated. Please use Object.assign() instead.
(Use `node --trace-deprecation ...` to show where the warning was created)
[32m02 09 2026 05:31:34.466:INFO [karma-server]: [39mKarma v6.4.4 server started at http://localhost:8089/
[32m02 09 2026 05:31:34.467:INFO [launcher]: [39mLaunching browsers ChromeHeadless with concurrency unlimited
[32m02 09 2026 05:31:34.468:INFO [launcher]: [39mStarting browser ChromeHeadless
[32m02 09 2026 05:31:35.415:INFO [Chrome Headless 152.0.0.0 (Mac OS 10.15.7)]: [39mConnected on socket u8P73PF5vpsWYJwhAAAB with id 19977540
Chrome Headless 152.0.0.0 (Mac OS 10.15.7) LOG: 'Default Settings: {"host":"localhost:8080","ssl":false}'
Chrome Headless 152.0.0.0 (Mac OS 10.15.7) LOG: 'Default DatabaseId: "(default)"'
  (Persistence=memory_lru_gc) Pipelines
    stage options
      forceIndex
        ✖ Collection Stage (skipped)
        ✖ CollectionGroup Stage (skipped)
TOTAL: 0 SUCCESS

Finished in 0.002 secs / 0 secs @ 05:31:35 GMT+0800 (Malaysia Time)

SUMMARY:
✔ 0 tests completed
ℹ 2 tests skipped
error Command failed with exit code 1.
info Visit https://yarnpkg.com/en/docs/cli/run for documentation about this command.
yarn run v1.22.22
(node:76239) [DEP0169] DeprecationWarning: `url.parse()` behavior is not standardized and prone to errors that have security implications. Use the WHATWG URL API instead. CVEs are not issued for `url.parse()` vulnerabilities.
(Use `node --trace-deprecation ...` to show where the warning was created)
$ /private/tmp/fireside-phase2-oracles.EJXGdU/firebase-js-sdk/node_modules/.bin/karma start /Users/sanjevirau/Desktop/fireside/conformance/src/webchannel/firebase-js-sdk-karma.conf.cjs --single-run --grep '(?:^\(Persistence=indexeddb\) Pipelines (?:(?:stage options(?= |$))))'
The 'BROWSERS' environment variable is undefined. Defaulting to 'ChromeHeadless'.
webpack was not included as a framework in karma configuration, setting this automatically...

START:
(node:76240) [DEP0060] DeprecationWarning: The `util._extend` API is deprecated. Please use Object.assign() instead.
(Use `node --trace-deprecation ...` to show where the warning was created)
[32m02 09 2026 05:31:36.294:INFO [karma-server]: [39mKarma v6.4.4 server started at http://localhost:8089/
[32m02 09 2026 05:31:36.295:INFO [launcher]: [39mLaunching browsers ChromeHeadless with concurrency unlimited
[32m02 09 2026 05:31:36.297:INFO [launcher]: [39mStarting browser ChromeHeadless
[32m02 09 2026 05:31:37.180:INFO [Chrome Headless 152.0.0.0 (Mac OS 10.15.7)]: [39mConnected on socket u1o4uiQWw94EIZlNAAAB with id 61369029
Chrome Headless 152.0.0.0 (Mac OS 10.15.7) LOG: 'Default Settings: {"host":"localhost:8080","ssl":false}'
Chrome Headless 152.0.0.0 (Mac OS 10.15.7) LOG: 'Default DatabaseId: "(default)"'
  (Persistence=indexeddb) Pipelines
    stage options
      forceIndex
        ✖ Collection Stage (skipped)
        ✖ CollectionGroup Stage (skipped)
TOTAL: 0 SUCCESS

Finished in 0.002 secs / 0 secs @ 05:31:37 GMT+0800 (Malaysia Time)

SUMMARY:
✔ 0 tests completed
ℹ 2 tests skipped
error Command failed with exit code 1.
info Visit https://yarnpkg.com/en/docs/cli/run for documentation about this command.
yarn run v1.22.22
(node:76281) [DEP0169] DeprecationWarning: `url.parse()` behavior is not standardized and prone to errors that have security implications. Use the WHATWG URL API instead. CVEs are not issued for `url.parse()` vulnerabilities.
(Use `node --trace-deprecation ...` to show where the warning was created)
$ /private/tmp/fireside-phase2-oracles.EJXGdU/firebase-js-sdk/node_modules/.bin/karma start /Users/sanjevirau/Desktop/fireside/conformance/src/webchannel/firebase-js-sdk-karma.conf.cjs --single-run --grep '(?:^\(Persistence=memory_lru_gc\) Pipelines (?:(?:subquery(?= |$))))'
The 'BROWSERS' environment variable is undefined. Defaulting to 'ChromeHeadless'.
webpack was not included as a framework in karma configuration, setting this automatically...

START:
(node:76282) [DEP0060] DeprecationWarning: The `util._extend` API is deprecated. Please use Object.assign() instead.
(Use `node --trace-deprecation ...` to show where the warning was created)
[32m02 09 2026 05:31:38.008:INFO [karma-server]: [39mKarma v6.4.4 server started at http://localhost:8089/
[32m02 09 2026 05:31:38.009:INFO [launcher]: [39mLaunching browsers ChromeHeadless with concurrency unlimited
[32m02 09 2026 05:31:38.011:INFO [launcher]: [39mStarting browser ChromeHeadless
[32m02 09 2026 05:31:38.893:INFO [Chrome Headless 152.0.0.0 (Mac OS 10.15.7)]: [39mConnected on socket _wn3fOPuAD3HqHskAAAB with id 90711477
Chrome Headless 152.0.0.0 (Mac OS 10.15.7) LOG: 'Default Settings: {"host":"localhost:8080","ssl":false}'
Chrome Headless 152.0.0.0 (Mac OS 10.15.7) LOG: 'Default DatabaseId: "(default)"'
  (Persistence=memory_lru_gc) Pipelines
    subquery
      ✖ zero result scalar returns null (skipped)
      ✖ array subquery join and empty result (skipped)
      ✖ multiple array subqueries (skipped)
      ✖ array subquery join multiple fields preserves map (skipped)
      ✖ array subquery in where stage on books (skipped)
      ✖ scalar subquery single aggregation unwrapping (skipped)
      ✖ scalar subquery multiple aggregations map wrapping (skipped)
      ✖ scalar subquery zero results (skipped)
      ✖ scalar subquery multiple results runtime error (skipped)
      ✖ mixed scalar and array subqueries (skipped)
      ✖ single scope variable usage (skipped)
      ✖ explicit field binding scope bridging (skipped)
      ✖ multiple variable bindings (skipped)
      ✖ current document binding (skipped)
      ✖ unbound variable corner case (skipped)
      ✖ variable shadowing collision (skipped)
      ✖ missing field on current document (skipped)
      ✖ 3 level deep join (skipped)
      ✖ deep aggregation (skipped)
      ✖ pipeline stage support 9 layers (skipped)
      ✖ standard subcollection query (skipped)
      ✖ missing subcollection (skipped)
      ✖ direct execution of subcollection pipeline (skipped)
TOTAL: 0 SUCCESS

Finished in 0.004 secs / 0 secs @ 05:31:39 GMT+0800 (Malaysia Time)

SUMMARY:
✔ 0 tests completed
ℹ 23 tests skipped
error Command failed with exit code 1.
info Visit https://yarnpkg.com/en/docs/cli/run for documentation about this command.
yarn run v1.22.22
(node:76328) [DEP0169] DeprecationWarning: `url.parse()` behavior is not standardized and prone to errors that have security implications. Use the WHATWG URL API instead. CVEs are not issued for `url.parse()` vulnerabilities.
(Use `node --trace-deprecation ...` to show where the warning was created)
$ /private/tmp/fireside-phase2-oracles.EJXGdU/firebase-js-sdk/node_modules/.bin/karma start /Users/sanjevirau/Desktop/fireside/conformance/src/webchannel/firebase-js-sdk-karma.conf.cjs --single-run --grep '(?:^\(Persistence=indexeddb\) Pipelines (?:(?:subquery(?= |$))))'
The 'BROWSERS' environment variable is undefined. Defaulting to 'ChromeHeadless'.
webpack was not included as a framework in karma configuration, setting this automatically...

START:
(node:76329) [DEP0060] DeprecationWarning: The `util._extend` API is deprecated. Please use Object.assign() instead.
(Use `node --trace-deprecation ...` to show where the warning was created)
[32m02 09 2026 05:31:39.750:INFO [karma-server]: [39mKarma v6.4.4 server started at http://localhost:8089/
[32m02 09 2026 05:31:39.752:INFO [launcher]: [39mLaunching browsers ChromeHeadless with concurrency unlimited
[32m02 09 2026 05:31:39.754:INFO [launcher]: [39mStarting browser ChromeHeadless
[32m02 09 2026 05:31:40.661:INFO [Chrome Headless 152.0.0.0 (Mac OS 10.15.7)]: [39mConnected on socket LFGXXYocFQopCNGuAAAB with id 58479635
Chrome Headless 152.0.0.0 (Mac OS 10.15.7) LOG: 'Default Settings: {"host":"localhost:8080","ssl":false}'
Chrome Headless 152.0.0.0 (Mac OS 10.15.7) LOG: 'Default DatabaseId: "(default)"'
  (Persistence=indexeddb) Pipelines
    subquery
      ✖ zero result scalar returns null (skipped)
      ✖ array subquery join and empty result (skipped)
      ✖ multiple array subqueries (skipped)
      ✖ array subquery join multiple fields preserves map (skipped)
      ✖ array subquery in where stage on books (skipped)
      ✖ scalar subquery single aggregation unwrapping (skipped)
      ✖ scalar subquery multiple aggregations map wrapping (skipped)
      ✖ scalar subquery zero results (skipped)
      ✖ scalar subquery multiple results runtime error (skipped)
      ✖ mixed scalar and array subqueries (skipped)
      ✖ single scope variable usage (skipped)
      ✖ explicit field binding scope bridging (skipped)
      ✖ multiple variable bindings (skipped)
      ✖ current document binding (skipped)
      ✖ unbound variable corner case (skipped)
      ✖ variable shadowing collision (skipped)
      ✖ missing field on current document (skipped)
      ✖ 3 level deep join (skipped)
      ✖ deep aggregation (skipped)
      ✖ pipeline stage support 9 layers (skipped)
      ✖ standard subcollection query (skipped)
      ✖ missing subcollection (skipped)
      ✖ direct execution of subcollection pipeline (skipped)
TOTAL: 0 SUCCESS

Finished in 0.005 secs / 0 secs @ 05:31:40 GMT+0800 (Malaysia Time)

SUMMARY:
✔ 0 tests completed
ℹ 23 tests skipped
error Command failed with exit code 1.
info Visit https://yarnpkg.com/en/docs/cli/run for documentation about this command.
yarn run v1.22.22
(node:76371) [DEP0169] DeprecationWarning: `url.parse()` behavior is not standardized and prone to errors that have security implications. Use the WHATWG URL API instead. CVEs are not issued for `url.parse()` vulnerabilities.
(Use `node --trace-deprecation ...` to show where the warning was created)
$ /private/tmp/fireside-phase2-oracles.EJXGdU/firebase-js-sdk/node_modules/.bin/karma start /Users/sanjevirau/Desktop/fireside/conformance/src/webchannel/firebase-js-sdk-karma.conf.cjs --single-run --grep '(?:^Firestore Provider(?= |$))'
The 'BROWSERS' environment variable is undefined. Defaulting to 'ChromeHeadless'.
webpack was not included as a framework in karma configuration, setting this automatically...

START:
(node:76372) [DEP0060] DeprecationWarning: The `util._extend` API is deprecated. Please use Object.assign() instead.
(Use `node --trace-deprecation ...` to show where the warning was created)
[32m02 09 2026 05:31:41.524:INFO [karma-server]: [39mKarma v6.4.4 server started at http://localhost:8089/
[32m02 09 2026 05:31:41.525:INFO [launcher]: [39mLaunching browsers ChromeHeadless with concurrency unlimited
[32m02 09 2026 05:31:41.527:INFO [launcher]: [39mStarting browser ChromeHeadless
[32m02 09 2026 05:31:42.430:INFO [Chrome Headless 152.0.0.0 (Mac OS 10.15.7)]: [39mConnected on socket tmQcv0JsVO1Mha-PAAAB with id 36814655
Chrome Headless 152.0.0.0 (Mac OS 10.15.7) LOG: 'Default Settings: {"host":"localhost:8080","ssl":false}'
Chrome Headless 152.0.0.0 (Mac OS 10.15.7) LOG: 'Default DatabaseId: "(default)"'
  Firestore Provider
    ✔ can provide setting
    ✔ returns same default instance from named app
    ✔ returns different instance from named app
    ✔ returns same default instance from default app
    ✔ returns different instance from different named app
    ✔ can call initializeFirestore() twice if settings are same
WARN: '[2026-09-01T21:31:42.575Z]  @firebase/firestore:', 'Firestore (12.18.0): enableIndexedDbPersistence() will be deprecated in the future, you can use `FirestoreSettings.cache` instead.'
    ✔ can still use enableIndexedDbPersistence()
WARN: '[2026-09-01T21:31:42.653Z]  @firebase/firestore:', 'Firestore (12.18.0): enableIndexedDbPersistence() will be deprecated in the future, you can use `FirestoreSettings.cache` instead.'
    ✔ cannot mix enableIndexedDbPersistence() and settings.cache
    ✔ cannot use once terminated
    ✔ can call terminate() multiple times
    ✔ passes API key to database info
TOTAL: 11 SUCCESS

Finished in 0.091 secs / 0.084 secs @ 05:31:42 GMT+0800 (Malaysia Time)

SUMMARY:
✔ 11 tests completed
Done in 1.75s.
yarn run v1.22.22
(node:76415) [DEP0169] DeprecationWarning: `url.parse()` behavior is not standardized and prone to errors that have security implications. Use the WHATWG URL API instead. CVEs are not issued for `url.parse()` vulnerabilities.
(Use `node --trace-deprecation ...` to show where the warning was created)
$ /private/tmp/fireside-phase2-oracles.EJXGdU/firebase-js-sdk/node_modules/.bin/karma start /Users/sanjevirau/Desktop/fireside/conformance/src/webchannel/firebase-js-sdk-karma.conf.cjs --single-run --grep '(?:^\(Persistence=memory_lru_gc\) Queries (?:(?:QuerySnapshot\.toJSON bundle getDocFromCache(?= |$)|can issue limit queries(?! (?:using descending sort order)(?: |$))(?= |$)|cannot issue limitToLast queries without explicit order-by(?= |$)|can issue limit queries using descending sort order(?= |$)|can issue limitToLast queries using descending sort order(?= |$))))'
The 'BROWSERS' environment variable is undefined. Defaulting to 'ChromeHeadless'.
webpack was not included as a framework in karma configuration, setting this automatically...

START:
(node:76416) [DEP0060] DeprecationWarning: The `util._extend` API is deprecated. Please use Object.assign() instead.
(Use `node --trace-deprecation ...` to show where the warning was created)
[32m02 09 2026 05:31:43.378:INFO [karma-server]: [39mKarma v6.4.4 server started at http://localhost:8089/
[32m02 09 2026 05:31:43.379:INFO [launcher]: [39mLaunching browsers ChromeHeadless with concurrency unlimited
[32m02 09 2026 05:31:43.381:INFO [launcher]: [39mStarting browser ChromeHeadless
[32m02 09 2026 05:31:44.280:INFO [Chrome Headless 152.0.0.0 (Mac OS 10.15.7)]: [39mConnected on socket 3fe2kRtKWl_Dv2oXAAAB with id 68559922
Chrome Headless 152.0.0.0 (Mac OS 10.15.7) LOG: 'Default Settings: {"host":"localhost:8080","ssl":false}'
Chrome Headless 152.0.0.0 (Mac OS 10.15.7) LOG: 'Default DatabaseId: "(default)"'
  (Persistence=memory_lru_gc) Queries
    ✔ QuerySnapshot.toJSON bundle getDocFromCache
    ✔ can issue limit queries
    ✔ cannot issue limitToLast queries without explicit order-by
    ✔ can issue limit queries using descending sort order
    ✔ can issue limitToLast queries using descending sort order
TOTAL: 5 SUCCESS

Finished in 0.045 secs / 0.044 secs @ 05:31:44 GMT+0800 (Malaysia Time)

SUMMARY:
✔ 5 tests completed
Done in 1.68s.
yarn run v1.22.22
(node:76454) [DEP0169] DeprecationWarning: `url.parse()` behavior is not standardized and prone to errors that have security implications. Use the WHATWG URL API instead. CVEs are not issued for `url.parse()` vulnerabilities.
(Use `node --trace-deprecation ...` to show where the warning was created)
$ /private/tmp/fireside-phase2-oracles.EJXGdU/firebase-js-sdk/node_modules/.bin/karma start /Users/sanjevirau/Desktop/fireside/conformance/src/webchannel/firebase-js-sdk-karma.conf.cjs --single-run --grep '(?:^\(Persistence=indexeddb\) Queries (?:(?:QuerySnapshot\.toJSON bundle getDocFromCache(?= |$)|can issue limit queries(?! (?:using descending sort order)(?: |$))(?= |$)|cannot issue limitToLast queries without explicit order-by(?= |$)|can issue limit queries using descending sort order(?= |$)|can issue limitToLast queries using descending sort order(?= |$))))'
The 'BROWSERS' environment variable is undefined. Defaulting to 'ChromeHeadless'.
webpack was not included as a framework in karma configuration, setting this automatically...

START:
(node:76455) [DEP0060] DeprecationWarning: The `util._extend` API is deprecated. Please use Object.assign() instead.
(Use `node --trace-deprecation ...` to show where the warning was created)
[32m02 09 2026 05:31:45.164:INFO [karma-server]: [39mKarma v6.4.4 server started at http://localhost:8089/
[32m02 09 2026 05:31:45.165:INFO [launcher]: [39mLaunching browsers ChromeHeadless with concurrency unlimited
[32m02 09 2026 05:31:45.167:INFO [launcher]: [39mStarting browser ChromeHeadless
[32m02 09 2026 05:31:46.152:INFO [Chrome Headless 152.0.0.0 (Mac OS 10.15.7)]: [39mConnected on socket WpjOnQLA2nLA__3hAAAB with id 61445134
Chrome Headless 152.0.0.0 (Mac OS 10.15.7) LOG: 'Default Settings: {"host":"localhost:8080","ssl":false}'
Chrome Headless 152.0.0.0 (Mac OS 10.15.7) LOG: 'Default DatabaseId: "(default)"'
  (Persistence=indexeddb) Queries
    ✔ QuerySnapshot.toJSON bundle getDocFromCache
    ✔ can issue limit queries
    ✔ cannot issue limitToLast queries without explicit order-by
    ✔ can issue limit queries using descending sort order
    ✔ can issue limitToLast queries using descending sort order
TOTAL: 5 SUCCESS

Finished in 0.136 secs / 0.132 secs @ 05:31:46 GMT+0800 (Malaysia Time)

SUMMARY:
✔ 5 tests completed
Done in 1.96s.
yarn run v1.22.22
(node:76508) [DEP0169] DeprecationWarning: `url.parse()` behavior is not standardized and prone to errors that have security implications. Use the WHATWG URL API instead. CVEs are not issued for `url.parse()` vulnerabilities.
(Use `node --trace-deprecation ...` to show where the warning was created)
$ /private/tmp/fireside-phase2-oracles.EJXGdU/firebase-js-sdk/node_modules/.bin/karma start /Users/sanjevirau/Desktop/fireside/conformance/src/webchannel/firebase-js-sdk-karma.conf.cjs --single-run --grep '(?:^\(Persistence=memory_lru_gc\) Queries (?:(?:can listen to limitToLast queries(?= |$)|can listen/unlisten/relisten to mirror queries(?= |$)|can issue limitToLast queries with cursors(?= |$)|key order is descending for descending inequality(?= |$)|can use unary filters(?= |$))))'
The 'BROWSERS' environment variable is undefined. Defaulting to 'ChromeHeadless'.
webpack was not included as a framework in karma configuration, setting this automatically...

START:
(node:76509) [DEP0060] DeprecationWarning: The `util._extend` API is deprecated. Please use Object.assign() instead.
(Use `node --trace-deprecation ...` to show where the warning was created)
[32m02 09 2026 05:31:47.197:INFO [karma-server]: [39mKarma v6.4.4 server started at http://localhost:8089/
[32m02 09 2026 05:31:47.198:INFO [launcher]: [39mLaunching browsers ChromeHeadless with concurrency unlimited
[32m02 09 2026 05:31:47.201:INFO [launcher]: [39mStarting browser ChromeHeadless
[32m02 09 2026 05:31:48.123:INFO [Chrome Headless 152.0.0.0 (Mac OS 10.15.7)]: [39mConnected on socket 4lVwi2IKqOyw6YWGAAAB with id 30294194
Chrome Headless 152.0.0.0 (Mac OS 10.15.7) LOG: 'Default Settings: {"host":"localhost:8080","ssl":false}'
Chrome Headless 152.0.0.0 (Mac OS 10.15.7) LOG: 'Default DatabaseId: "(default)"'
ERROR: '[2026-09-01T21:31:48.266Z]  @firebase/firestore:', 'Firestore (12.18.0): Uncaught Error in snapshot listener:', 'FirebaseError: [code=aborted]: Firestore shutting down'
  (Persistence=memory_lru_gc) Queries
    ✔ can listen to limitToLast queries
ERROR: '[2026-09-01T21:31:48.279Z]  @firebase/firestore:', 'Firestore (12.18.0): Uncaught Error in snapshot listener:', 'FirebaseError: [code=aborted]: Firestore shutting down'
ERROR: '[2026-09-01T21:31:48.279Z]  @firebase/firestore:', 'Firestore (12.18.0): Uncaught Error in snapshot listener:', 'FirebaseError: [code=aborted]: Firestore shutting down'
    ✔ can listen/unlisten/relisten to mirror queries
    ✔ can issue limitToLast queries with cursors
    ✔ key order is descending for descending inequality
    ✔ can use unary filters
TOTAL: 5 SUCCESS

Finished in 0.077 secs / 0.073 secs @ 05:31:48 GMT+0800 (Malaysia Time)

SUMMARY:
✔ 5 tests completed
Done in 1.71s.
yarn run v1.22.22
(node:76552) [DEP0169] DeprecationWarning: `url.parse()` behavior is not standardized and prone to errors that have security implications. Use the WHATWG URL API instead. CVEs are not issued for `url.parse()` vulnerabilities.
(Use `node --trace-deprecation ...` to show where the warning was created)
$ /private/tmp/fireside-phase2-oracles.EJXGdU/firebase-js-sdk/node_modules/.bin/karma start /Users/sanjevirau/Desktop/fireside/conformance/src/webchannel/firebase-js-sdk-karma.conf.cjs --single-run --grep '(?:^\(Persistence=indexeddb\) Queries (?:(?:can listen to limitToLast queries(?= |$)|can listen/unlisten/relisten to mirror queries(?= |$)|can issue limitToLast queries with cursors(?= |$)|key order is descending for descending inequality(?= |$)|can use unary filters(?= |$))))'
The 'BROWSERS' environment variable is undefined. Defaulting to 'ChromeHeadless'.
webpack was not included as a framework in karma configuration, setting this automatically...

START:
(node:76553) [DEP0060] DeprecationWarning: The `util._extend` API is deprecated. Please use Object.assign() instead.
(Use `node --trace-deprecation ...` to show where the warning was created)
[32m02 09 2026 05:31:49.018:INFO [karma-server]: [39mKarma v6.4.4 server started at http://localhost:8089/
[32m02 09 2026 05:31:49.019:INFO [launcher]: [39mLaunching browsers ChromeHeadless with concurrency unlimited
[32m02 09 2026 05:31:49.022:INFO [launcher]: [39mStarting browser ChromeHeadless
[32m02 09 2026 05:31:49.959:INFO [Chrome Headless 152.0.0.0 (Mac OS 10.15.7)]: [39mConnected on socket LNiyHtW5xxpP_MubAAAB with id 10833134
Chrome Headless 152.0.0.0 (Mac OS 10.15.7) LOG: 'Default Settings: {"host":"localhost:8080","ssl":false}'
Chrome Headless 152.0.0.0 (Mac OS 10.15.7) LOG: 'Default DatabaseId: "(default)"'
ERROR: '[2026-09-01T21:31:50.166Z]  @firebase/firestore:', 'Firestore (12.18.0): Uncaught Error in snapshot listener:', 'FirebaseError: [code=aborted]: Firestore shutting down'
  (Persistence=indexeddb) Queries
    ✔ can listen to limitToLast queries
ERROR: '[2026-09-01T21:31:50.209Z]  @firebase/firestore:', 'Firestore (12.18.0): Uncaught Error in snapshot listener:', 'FirebaseError: [code=aborted]: Firestore shutting down'
ERROR: '[2026-09-01T21:31:50.209Z]  @firebase/firestore:', 'Firestore (12.18.0): Uncaught Error in snapshot listener:', 'FirebaseError: [code=aborted]: Firestore shutting down'
    ✔ can listen/unlisten/relisten to mirror queries
    ✔ can issue limitToLast queries with cursors
    ✔ key order is descending for descending inequality
    ✔ can use unary filters
TOTAL: 5 SUCCESS

Finished in 0.226 secs / 0.223 secs @ 05:31:50 GMT+0800 (Malaysia Time)

SUMMARY:
✔ 5 tests completed
Done in 1.93s.
yarn run v1.22.22
(node:76595) [DEP0169] DeprecationWarning: `url.parse()` behavior is not standardized and prone to errors that have security implications. Use the WHATWG URL API instead. CVEs are not issued for `url.parse()` vulnerabilities.
(Use `node --trace-deprecation ...` to show where the warning was created)
$ /private/tmp/fireside-phase2-oracles.EJXGdU/firebase-js-sdk/node_modules/.bin/karma start /Users/sanjevirau/Desktop/fireside/conformance/src/webchannel/firebase-js-sdk-karma.conf.cjs --single-run --grep '(?:^\(Persistence=memory_lru_gc\) Queries (?:(?:can filter on infinity(?= |$)|will not get metadata only updates(?= |$)|maintains correct DocumentChange indexes(?= |$)|can listen for the same query with different options(?= |$)|can issue queries with Dates differing in milliseconds(?= |$))))'
The 'BROWSERS' environment variable is undefined. Defaulting to 'ChromeHeadless'.
webpack was not included as a framework in karma configuration, setting this automatically...

START:
(node:76597) [DEP0060] DeprecationWarning: The `util._extend` API is deprecated. Please use Object.assign() instead.
(Use `node --trace-deprecation ...` to show where the warning was created)
[32m02 09 2026 05:31:51.122:INFO [karma-server]: [39mKarma v6.4.4 server started at http://localhost:8089/
[32m02 09 2026 05:31:51.124:INFO [launcher]: [39mLaunching browsers ChromeHeadless with concurrency unlimited
[32m02 09 2026 05:31:51.126:INFO [launcher]: [39mStarting browser ChromeHeadless
[32m02 09 2026 05:31:52.147:INFO [Chrome Headless 152.0.0.0 (Mac OS 10.15.7)]: [39mConnected on socket xJVbdAdt23FkUqROAAAB with id 43228820
Chrome Headless 152.0.0.0 (Mac OS 10.15.7) LOG: 'Default Settings: {"host":"localhost:8080","ssl":false}'
Chrome Headless 152.0.0.0 (Mac OS 10.15.7) LOG: 'Default DatabaseId: "(default)"'
  (Persistence=memory_lru_gc) Queries
    ✔ can filter on infinity
    ✔ will not get metadata only updates
    ✔ maintains correct DocumentChange indexes
    ✖ can listen for the same query with different options (skipped)
    ✔ can issue queries with Dates differing in milliseconds
TOTAL: 4 SUCCESS

Finished in 0.055 secs / 0.051 secs @ 05:31:52 GMT+0800 (Malaysia Time)

SUMMARY:
✔ 4 tests completed
ℹ 1 test skipped
Done in 1.87s.
yarn run v1.22.22
(node:76640) [DEP0169] DeprecationWarning: `url.parse()` behavior is not standardized and prone to errors that have security implications. Use the WHATWG URL API instead. CVEs are not issued for `url.parse()` vulnerabilities.
(Use `node --trace-deprecation ...` to show where the warning was created)
$ /private/tmp/fireside-phase2-oracles.EJXGdU/firebase-js-sdk/node_modules/.bin/karma start /Users/sanjevirau/Desktop/fireside/conformance/src/webchannel/firebase-js-sdk-karma.conf.cjs --single-run --grep '(?:^\(Persistence=indexeddb\) Queries (?:(?:can filter on infinity(?= |$)|will not get metadata only updates(?= |$)|maintains correct DocumentChange indexes(?= |$)|can listen for the same query with different options(?= |$)|can issue queries with Dates differing in milliseconds(?= |$))))'
The 'BROWSERS' environment variable is undefined. Defaulting to 'ChromeHeadless'.
webpack was not included as a framework in karma configuration, setting this automatically...

START:
(node:76641) [DEP0060] DeprecationWarning: The `util._extend` API is deprecated. Please use Object.assign() instead.
(Use `node --trace-deprecation ...` to show where the warning was created)
[32m02 09 2026 05:31:53.070:INFO [karma-server]: [39mKarma v6.4.4 server started at http://localhost:8089/
[32m02 09 2026 05:31:53.071:INFO [launcher]: [39mLaunching browsers ChromeHeadless with concurrency unlimited
[32m02 09 2026 05:31:53.073:INFO [launcher]: [39mStarting browser ChromeHeadless
[32m02 09 2026 05:31:53.997:INFO [Chrome Headless 152.0.0.0 (Mac OS 10.15.7)]: [39mConnected on socket aDzRBLAptuRWKvfAAAAB with id 57049065
Chrome Headless 152.0.0.0 (Mac OS 10.15.7) LOG: 'Default Settings: {"host":"localhost:8080","ssl":false}'
Chrome Headless 152.0.0.0 (Mac OS 10.15.7) LOG: 'Default DatabaseId: "(default)"'
  (Persistence=indexeddb) Queries
    ✔ can filter on infinity
    ✔ will not get metadata only updates
    ✔ maintains correct DocumentChange indexes
    ✖ can listen for the same query with different options (skipped)
    ✔ can issue queries with Dates differing in milliseconds
TOTAL: 4 SUCCESS

Finished in 0.177 secs / 0.173 secs @ 05:31:54 GMT+0800 (Malaysia Time)

SUMMARY:
✔ 4 tests completed
ℹ 1 test skipped
Done in 1.87s.
yarn run v1.22.22
(node:76682) [DEP0169] DeprecationWarning: `url.parse()` behavior is not standardized and prone to errors that have security implications. Use the WHATWG URL API instead. CVEs are not issued for `url.parse()` vulnerabilities.
(Use `node --trace-deprecation ...` to show where the warning was created)
$ /private/tmp/fireside-phase2-oracles.EJXGdU/firebase-js-sdk/node_modules/.bin/karma start /Users/sanjevirau/Desktop/fireside/conformance/src/webchannel/firebase-js-sdk-karma.conf.cjs --single-run --grep '(?:^\(Persistence=memory_lru_gc\) Queries (?:(?:can listen for QueryMetadata changes(?= |$)|can listen for metadata changes(?= |$)|can catch error message for missing index with error handler(?= |$)|can explicitly sort by document ID(?= |$)|can query by document ID(?! (?:using refs)(?: |$))(?= |$))))'
The 'BROWSERS' environment variable is undefined. Defaulting to 'ChromeHeadless'.
webpack was not included as a framework in karma configuration, setting this automatically...

START:
(node:76683) [DEP0060] DeprecationWarning: The `util._extend` API is deprecated. Please use Object.assign() instead.
(Use `node --trace-deprecation ...` to show where the warning was created)
[32m02 09 2026 05:31:55.047:INFO [karma-server]: [39mKarma v6.4.4 server started at http://localhost:8089/
[32m02 09 2026 05:31:55.048:INFO [launcher]: [39mLaunching browsers ChromeHeadless with concurrency unlimited
[32m02 09 2026 05:31:55.049:INFO [launcher]: [39mStarting browser ChromeHeadless
[32m02 09 2026 05:31:55.951:INFO [Chrome Headless 152.0.0.0 (Mac OS 10.15.7)]: [39mConnected on socket 3tyq5kLB7ObLvQwgAAAB with id 73812532
Chrome Headless 152.0.0.0 (Mac OS 10.15.7) LOG: 'Default Settings: {"host":"localhost:8080","ssl":false}'
Chrome Headless 152.0.0.0 (Mac OS 10.15.7) LOG: 'Default DatabaseId: "(default)"'
  (Persistence=memory_lru_gc) Queries
    ✔ can listen for QueryMetadata changes
    ✔ can listen for metadata changes
    ✖ can catch error message for missing index with error handler (skipped)
    ✔ can explicitly sort by document ID
    ✔ can query by document ID
TOTAL: 4 SUCCESS

Finished in 0.065 secs / 0.061 secs @ 05:31:56 GMT+0800 (Malaysia Time)

SUMMARY:
✔ 4 tests completed
ℹ 1 test skipped
Done in 1.74s.
yarn run v1.22.22
(node:76747) [DEP0169] DeprecationWarning: `url.parse()` behavior is not standardized and prone to errors that have security implications. Use the WHATWG URL API instead. CVEs are not issued for `url.parse()` vulnerabilities.
(Use `node --trace-deprecation ...` to show where the warning was created)
$ /private/tmp/fireside-phase2-oracles.EJXGdU/firebase-js-sdk/node_modules/.bin/karma start /Users/sanjevirau/Desktop/fireside/conformance/src/webchannel/firebase-js-sdk-karma.conf.cjs --single-run --grep '(?:^\(Persistence=indexeddb\) Queries (?:(?:can listen for QueryMetadata changes(?= |$)|can listen for metadata changes(?= |$)|can catch error message for missing index with error handler(?= |$)|can explicitly sort by document ID(?= |$)|can query by document ID(?! (?:using refs)(?: |$))(?= |$))))'
The 'BROWSERS' environment variable is undefined. Defaulting to 'ChromeHeadless'.
webpack was not included as a framework in karma configuration, setting this automatically...

START:
(node:76748) [DEP0060] DeprecationWarning: The `util._extend` API is deprecated. Please use Object.assign() instead.
(Use `node --trace-deprecation ...` to show where the warning was created)
[32m02 09 2026 05:31:56.874:INFO [karma-server]: [39mKarma v6.4.4 server started at http://localhost:8089/
[32m02 09 2026 05:31:56.875:INFO [launcher]: [39mLaunching browsers ChromeHeadless with concurrency unlimited
[32m02 09 2026 05:31:56.878:INFO [launcher]: [39mStarting browser ChromeHeadless
[32m02 09 2026 05:31:57.850:INFO [Chrome Headless 152.0.0.0 (Mac OS 10.15.7)]: [39mConnected on socket _mRtxBQG1WojyV28AAAB with id 90776251
Chrome Headless 152.0.0.0 (Mac OS 10.15.7) LOG: 'Default Settings: {"host":"localhost:8080","ssl":false}'
Chrome Headless 152.0.0.0 (Mac OS 10.15.7) LOG: 'Default DatabaseId: "(default)"'
  (Persistence=indexeddb) Queries
    ✔ can listen for QueryMetadata changes
    ✔ can listen for metadata changes
    ✖ can catch error message for missing index with error handler (skipped)
    ✔ can explicitly sort by document ID
    ✔ can query by document ID
TOTAL: 4 SUCCESS

Finished in 0.189 secs / 0.187 secs @ 05:31:58 GMT+0800 (Malaysia Time)

SUMMARY:
✔ 4 tests completed
ℹ 1 test skipped
Done in 1.91s.
yarn run v1.22.22
(node:76799) [DEP0169] DeprecationWarning: `url.parse()` behavior is not standardized and prone to errors that have security implications. Use the WHATWG URL API instead. CVEs are not issued for `url.parse()` vulnerabilities.
(Use `node --trace-deprecation ...` to show where the warning was created)
$ /private/tmp/fireside-phase2-oracles.EJXGdU/firebase-js-sdk/node_modules/.bin/karma start /Users/sanjevirau/Desktop/fireside/conformance/src/webchannel/firebase-js-sdk-karma.conf.cjs --single-run --grep '(?:^\(Persistence=memory_lru_gc\) Queries (?:(?:can query by document ID using refs(?= |$)|can query while reconnecting to network(?= |$)|trigger with isFromCache=true when offline(?= |$)|can use != filters(?! (?:by document ID)(?: |$))(?= |$)|can use != filters by document ID(?= |$))))'
The 'BROWSERS' environment variable is undefined. Defaulting to 'ChromeHeadless'.
webpack was not included as a framework in karma configuration, setting this automatically...

START:
(node:76800) [DEP0060] DeprecationWarning: The `util._extend` API is deprecated. Please use Object.assign() instead.
(Use `node --trace-deprecation ...` to show where the warning was created)
[32m02 09 2026 05:31:58.891:INFO [karma-server]: [39mKarma v6.4.4 server started at http://localhost:8089/
[32m02 09 2026 05:31:58.893:INFO [launcher]: [39mLaunching browsers ChromeHeadless with concurrency unlimited
[32m02 09 2026 05:31:58.895:INFO [launcher]: [39mStarting browser ChromeHeadless
[32m02 09 2026 05:31:59.800:INFO [Chrome Headless 152.0.0.0 (Mac OS 10.15.7)]: [39mConnected on socket 2TKJAHTrmJa4rFI7AAAB with id 63903978
Chrome Headless 152.0.0.0 (Mac OS 10.15.7) LOG: 'Default Settings: {"host":"localhost:8080","ssl":false}'
Chrome Headless 152.0.0.0 (Mac OS 10.15.7) LOG: 'Default DatabaseId: "(default)"'
  (Persistence=memory_lru_gc) Queries
    ✔ can query by document ID using refs
    ✔ can query while reconnecting to network
    ✔ trigger with isFromCache=true when offline
    ✔ can use != filters
    ✔ can use != filters by document ID
TOTAL: 5 SUCCESS

Finished in 0.069 secs / 0.064 secs @ 05:32:00 GMT+0800 (Malaysia Time)

SUMMARY:
✔ 5 tests completed
Done in 1.72s.
yarn run v1.22.22
(node:76843) [DEP0169] DeprecationWarning: `url.parse()` behavior is not standardized and prone to errors that have security implications. Use the WHATWG URL API instead. CVEs are not issued for `url.parse()` vulnerabilities.
(Use `node --trace-deprecation ...` to show where the warning was created)
$ /private/tmp/fireside-phase2-oracles.EJXGdU/firebase-js-sdk/node_modules/.bin/karma start /Users/sanjevirau/Desktop/fireside/conformance/src/webchannel/firebase-js-sdk-karma.conf.cjs --single-run --grep '(?:^\(Persistence=indexeddb\) Queries (?:(?:can query by document ID using refs(?= |$)|can query while reconnecting to network(?= |$)|trigger with isFromCache=true when offline(?= |$)|can use != filters(?! (?:by document ID)(?: |$))(?= |$)|can use != filters by document ID(?= |$))))'
The 'BROWSERS' environment variable is undefined. Defaulting to 'ChromeHeadless'.
webpack was not included as a framework in karma configuration, setting this automatically...

START:
(node:76844) [DEP0060] DeprecationWarning: The `util._extend` API is deprecated. Please use Object.assign() instead.
(Use `node --trace-deprecation ...` to show where the warning was created)
[32m02 09 2026 05:32:00.775:INFO [karma-server]: [39mKarma v6.4.4 server started at http://localhost:8089/
[32m02 09 2026 05:32:00.776:INFO [launcher]: [39mLaunching browsers ChromeHeadless with concurrency unlimited
[32m02 09 2026 05:32:00.778:INFO [launcher]: [39mStarting browser ChromeHeadless
[32m02 09 2026 05:32:01.659:INFO [Chrome Headless 152.0.0.0 (Mac OS 10.15.7)]: [39mConnected on socket EDpNJMJFB8eEeY_7AAAB with id 20109820
Chrome Headless 152.0.0.0 (Mac OS 10.15.7) LOG: 'Default Settings: {"host":"localhost:8080","ssl":false}'
Chrome Headless 152.0.0.0 (Mac OS 10.15.7) LOG: 'Default DatabaseId: "(default)"'
  (Persistence=indexeddb) Queries
    ✔ can query by document ID using refs
    ✔ can query while reconnecting to network
    ✔ trigger with isFromCache=true when offline
    ✔ can use != filters
    ✔ can use != filters by document ID
TOTAL: 5 SUCCESS

Finished in 0.219 secs / 0.217 secs @ 05:32:01 GMT+0800 (Malaysia Time)

SUMMARY:
✔ 5 tests completed
Done in 1.89s.
yarn run v1.22.22
(node:76903) [DEP0169] DeprecationWarning: `url.parse()` behavior is not standardized and prone to errors that have security implications. Use the WHATWG URL API instead. CVEs are not issued for `url.parse()` vulnerabilities.
(Use `node --trace-deprecation ...` to show where the warning was created)
$ /private/tmp/fireside-phase2-oracles.EJXGdU/firebase-js-sdk/node_modules/.bin/karma start /Users/sanjevirau/Desktop/fireside/conformance/src/webchannel/firebase-js-sdk-karma.conf.cjs --single-run --grep '(?:^\(Persistence=memory_lru_gc\) Queries (?:(?:can use array-contains filters(?= |$)|can use IN filters(?! (?:by document ID)(?: |$))(?= |$)|can use IN filters by document ID(?= |$)|can use NOT_IN filters(?! (?:by document ID)(?: |$))(?= |$)|can use NOT_IN filters by document ID(?= |$))))'
The 'BROWSERS' environment variable is undefined. Defaulting to 'ChromeHeadless'.
webpack was not included as a framework in karma configuration, setting this automatically...

START:
(node:76904) [DEP0060] DeprecationWarning: The `util._extend` API is deprecated. Please use Object.assign() instead.
(Use `node --trace-deprecation ...` to show where the warning was created)
[32m02 09 2026 05:32:02.706:INFO [karma-server]: [39mKarma v6.4.4 server started at http://localhost:8089/
[32m02 09 2026 05:32:02.707:INFO [launcher]: [39mLaunching browsers ChromeHeadless with concurrency unlimited
[32m02 09 2026 05:32:02.709:INFO [launcher]: [39mStarting browser ChromeHeadless
[32m02 09 2026 05:32:03.600:INFO [Chrome Headless 152.0.0.0 (Mac OS 10.15.7)]: [39mConnected on socket fYwqHvRYcuFEzGsbAAAB with id 13867671
Chrome Headless 152.0.0.0 (Mac OS 10.15.7) LOG: 'Default Settings: {"host":"localhost:8080","ssl":false}'
Chrome Headless 152.0.0.0 (Mac OS 10.15.7) LOG: 'Default DatabaseId: "(default)"'
  (Persistence=memory_lru_gc) Queries
    ✔ can use array-contains filters
    ✔ can use IN filters
    ✔ can use IN filters by document ID
    ✔ can use NOT_IN filters
    ✔ can use NOT_IN filters by document ID
TOTAL: 5 SUCCESS

Finished in 0.085 secs / 0.08 secs @ 05:32:03 GMT+0800 (Malaysia Time)

SUMMARY:
✔ 5 tests completed
Done in 1.74s.
yarn run v1.22.22
(node:76955) [DEP0169] DeprecationWarning: `url.parse()` behavior is not standardized and prone to errors that have security implications. Use the WHATWG URL API instead. CVEs are not issued for `url.parse()` vulnerabilities.
(Use `node --trace-deprecation ...` to show where the warning was created)
$ /private/tmp/fireside-phase2-oracles.EJXGdU/firebase-js-sdk/node_modules/.bin/karma start /Users/sanjevirau/Desktop/fireside/conformance/src/webchannel/firebase-js-sdk-karma.conf.cjs --single-run --grep '(?:^\(Persistence=indexeddb\) Queries (?:(?:can use array-contains filters(?= |$)|can use IN filters(?! (?:by document ID)(?: |$))(?= |$)|can use IN filters by document ID(?= |$)|can use NOT_IN filters(?! (?:by document ID)(?: |$))(?= |$)|can use NOT_IN filters by document ID(?= |$))))'
The 'BROWSERS' environment variable is undefined. Defaulting to 'ChromeHeadless'.
webpack was not included as a framework in karma configuration, setting this automatically...

START:
(node:76958) [DEP0060] DeprecationWarning: The `util._extend` API is deprecated. Please use Object.assign() instead.
(Use `node --trace-deprecation ...` to show where the warning was created)
[32m02 09 2026 05:32:04.529:INFO [karma-server]: [39mKarma v6.4.4 server started at http://localhost:8089/
[32m02 09 2026 05:32:04.530:INFO [launcher]: [39mLaunching browsers ChromeHeadless with concurrency unlimited
[32m02 09 2026 05:32:04.532:INFO [launcher]: [39mStarting browser ChromeHeadless
[32m02 09 2026 05:32:05.444:INFO [Chrome Headless 152.0.0.0 (Mac OS 10.15.7)]: [39mConnected on socket kgCk1CKpeVrC2fawAAAB with id 89467403
Chrome Headless 152.0.0.0 (Mac OS 10.15.7) LOG: 'Default Settings: {"host":"localhost:8080","ssl":false}'
Chrome Headless 152.0.0.0 (Mac OS 10.15.7) LOG: 'Default DatabaseId: "(default)"'
  (Persistence=indexeddb) Queries
    ✔ can use array-contains filters
    ✔ can use IN filters
    ✔ can use IN filters by document ID
    ✔ can use NOT_IN filters
    ✔ can use NOT_IN filters by document ID
TOTAL: 5 SUCCESS

Finished in 0.271 secs / 0.267 secs @ 05:32:05 GMT+0800 (Malaysia Time)

SUMMARY:
✔ 5 tests completed
Done in 1.98s.
yarn run v1.22.22
(node:76996) [DEP0169] DeprecationWarning: `url.parse()` behavior is not standardized and prone to errors that have security implications. Use the WHATWG URL API instead. CVEs are not issued for `url.parse()` vulnerabilities.
(Use `node --trace-deprecation ...` to show where the warning was created)
$ /private/tmp/fireside-phase2-oracles.EJXGdU/firebase-js-sdk/node_modules/.bin/karma start /Users/sanjevirau/Desktop/fireside/conformance/src/webchannel/firebase-js-sdk-karma.conf.cjs --single-run --grep '(?:^\(Persistence=memory_lru_gc\) Queries (?:(?:can use array-contains-any filters(?= |$)|can query collection groups(?! (?:with startAt / endAt by arbitrary documentId|with where filters on arbitrary documentId)(?: |$))(?= |$)|can query collection groups with startAt / endAt by arbitrary documentId(?= |$)|can query collection groups with where filters on arbitrary documentId(?= |$)|can query custom types(?= |$))))'
The 'BROWSERS' environment variable is undefined. Defaulting to 'ChromeHeadless'.
webpack was not included as a framework in karma configuration, setting this automatically...

START:
(node:77003) [DEP0060] DeprecationWarning: The `util._extend` API is deprecated. Please use Object.assign() instead.
(Use `node --trace-deprecation ...` to show where the warning was created)
[32m02 09 2026 05:32:06.617:INFO [karma-server]: [39mKarma v6.4.4 server started at http://localhost:8089/
[32m02 09 2026 05:32:06.618:INFO [launcher]: [39mLaunching browsers ChromeHeadless with concurrency unlimited
[32m02 09 2026 05:32:06.621:INFO [launcher]: [39mStarting browser ChromeHeadless
[32m02 09 2026 05:32:07.512:INFO [Chrome Headless 152.0.0.0 (Mac OS 10.15.7)]: [39mConnected on socket 4AYWZbNqmpJ14U25AAAB with id 22544554
Chrome Headless 152.0.0.0 (Mac OS 10.15.7) LOG: 'Default Settings: {"host":"localhost:8080","ssl":false}'
Chrome Headless 152.0.0.0 (Mac OS 10.15.7) LOG: 'Default DatabaseId: "(default)"'
  (Persistence=memory_lru_gc) Queries
    ✔ can use array-contains-any filters
    ✔ can query collection groups
    ✔ can query collection groups with startAt / endAt by arbitrary documentId
    ✔ can query collection groups with where filters on arbitrary documentId
    ✔ can query custom types
TOTAL: 5 SUCCESS

Finished in 0.071 secs / 0.067 secs @ 05:32:07 GMT+0800 (Malaysia Time)

SUMMARY:
✔ 5 tests completed
Done in 1.72s.
yarn run v1.22.22
(node:77046) [DEP0169] DeprecationWarning: `url.parse()` behavior is not standardized and prone to errors that have security implications. Use the WHATWG URL API instead. CVEs are not issued for `url.parse()` vulnerabilities.
(Use `node --trace-deprecation ...` to show where the warning was created)
$ /private/tmp/fireside-phase2-oracles.EJXGdU/firebase-js-sdk/node_modules/.bin/karma start /Users/sanjevirau/Desktop/fireside/conformance/src/webchannel/firebase-js-sdk-karma.conf.cjs --single-run --grep '(?:^\(Persistence=indexeddb\) Queries (?:(?:can use array-contains-any filters(?= |$)|can query collection groups(?! (?:with startAt / endAt by arbitrary documentId|with where filters on arbitrary documentId)(?: |$))(?= |$)|can query collection groups with startAt / endAt by arbitrary documentId(?= |$)|can query collection groups with where filters on arbitrary documentId(?= |$)|can query custom types(?= |$))))'
The 'BROWSERS' environment variable is undefined. Defaulting to 'ChromeHeadless'.
webpack was not included as a framework in karma configuration, setting this automatically...

START:
(node:77047) [DEP0060] DeprecationWarning: The `util._extend` API is deprecated. Please use Object.assign() instead.
(Use `node --trace-deprecation ...` to show where the warning was created)
[32m02 09 2026 05:32:08.418:INFO [karma-server]: [39mKarma v6.4.4 server started at http://localhost:8089/
[32m02 09 2026 05:32:08.419:INFO [launcher]: [39mLaunching browsers ChromeHeadless with concurrency unlimited
[32m02 09 2026 05:32:08.421:INFO [launcher]: [39mStarting browser ChromeHeadless
[32m02 09 2026 05:32:09.310:INFO [Chrome Headless 152.0.0.0 (Mac OS 10.15.7)]: [39mConnected on socket zL6usb2jDZJx2wyfAAAB with id 88642175
Chrome Headless 152.0.0.0 (Mac OS 10.15.7) LOG: 'Default Settings: {"host":"localhost:8080","ssl":false}'
Chrome Headless 152.0.0.0 (Mac OS 10.15.7) LOG: 'Default DatabaseId: "(default)"'
  (Persistence=indexeddb) Queries
    ✔ can use array-contains-any filters
    ✔ can query collection groups
    ✔ can query collection groups with startAt / endAt by arbitrary documentId
    ✔ can query collection groups with where filters on arbitrary documentId
    ✔ can query custom types
TOTAL: 5 SUCCESS

Finished in 0.204 secs / 0.202 secs @ 05:32:09 GMT+0800 (Malaysia Time)

SUMMARY:
✔ 5 tests completed
Done in 1.83s.
yarn run v1.22.22
(node:77090) [DEP0169] DeprecationWarning: `url.parse()` behavior is not standardized and prone to errors that have security implications. Use the WHATWG URL API instead. CVEs are not issued for `url.parse()` vulnerabilities.
(Use `node --trace-deprecation ...` to show where the warning was created)
$ /private/tmp/fireside-phase2-oracles.EJXGdU/firebase-js-sdk/node_modules/.bin/karma start /Users/sanjevirau/Desktop/fireside/conformance/src/webchannel/firebase-js-sdk-karma.conf.cjs --single-run --grep '(?:^\(Persistence=memory_lru_gc\) Queries (?:(?:can use filter with nested field(?= |$)|OR Queries(?= |$)|Caching empty results(?= |$)|can query large documents with multi-byte character strings(?= |$))))'
The 'BROWSERS' environment variable is undefined. Defaulting to 'ChromeHeadless'.
webpack was not included as a framework in karma configuration, setting this automatically...

START:
(node:77091) [DEP0060] DeprecationWarning: The `util._extend` API is deprecated. Please use Object.assign() instead.
(Use `node --trace-deprecation ...` to show where the warning was created)
[32m02 09 2026 05:32:10.393:INFO [karma-server]: [39mKarma v6.4.4 server started at http://localhost:8089/
[32m02 09 2026 05:32:10.394:INFO [launcher]: [39mLaunching browsers ChromeHeadless with concurrency unlimited
[32m02 09 2026 05:32:10.396:INFO [launcher]: [39mStarting browser ChromeHeadless
[32m02 09 2026 05:32:11.433:INFO [Chrome Headless 152.0.0.0 (Mac OS 10.15.7)]: [39mConnected on socket hH8f5EpGYJ3LufZVAAAB with id 13502973
Chrome Headless 152.0.0.0 (Mac OS 10.15.7) LOG: 'Default Settings: {"host":"localhost:8080","ssl":false}'
Chrome Headless 152.0.0.0 (Mac OS 10.15.7) LOG: 'Default DatabaseId: "(default)"'
  (Persistence=memory_lru_gc) Queries
    ✔ can use filter with nested field
    ✔ can query large documents with multi-byte character strings
    OR Queries
      ✔ can use query overloads
      ✔ can use or queries
      ✔ can use or queries with in
      ✔ can use or queries with array membership
      ✔ supports using in with array contains any
      ✔ supports using in with array contains
      ✔ supports order by equality
      ✔ supports multiple in ops
      ✔ sdk uses != filter same as backend
      ✔ sdk uses not-in filter same as backend
ERROR: '[2026-09-01T21:32:11.884Z]  @firebase/firestore:', 'Firestore (12.18.0): Uncaught Error in snapshot listener:', 'FirebaseError: [code=aborted]: Firestore shutting down'
    Caching empty results
      ✔ can raise initial snapshot from cache, even if it is empty
ERROR: '[2026-09-01T21:32:11.889Z]  @firebase/firestore:', 'Firestore (12.18.0): Uncaught Error in snapshot listener:', 'FirebaseError: [code=aborted]: Firestore shutting down'
      ✔ can raise initial snapshot from cache, even if it has become empty
TOTAL: 14 SUCCESS

Finished in 0.352 secs / 0.347 secs @ 05:32:11 GMT+0800 (Malaysia Time)

SUMMARY:
✔ 14 tests completed
Done in 2.21s.
yarn run v1.22.22
(node:77182) [DEP0169] DeprecationWarning: `url.parse()` behavior is not standardized and prone to errors that have security implications. Use the WHATWG URL API instead. CVEs are not issued for `url.parse()` vulnerabilities.
(Use `node --trace-deprecation ...` to show where the warning was created)
$ /private/tmp/fireside-phase2-oracles.EJXGdU/firebase-js-sdk/node_modules/.bin/karma start /Users/sanjevirau/Desktop/fireside/conformance/src/webchannel/firebase-js-sdk-karma.conf.cjs --single-run --grep '(?:^\(Persistence=indexeddb\) Queries (?:(?:can use filter with nested field(?= |$)|OR Queries(?= |$)|Caching empty results(?= |$)|can query large documents with multi-byte character strings(?= |$))))'
The 'BROWSERS' environment variable is undefined. Defaulting to 'ChromeHeadless'.
webpack was not included as a framework in karma configuration, setting this automatically...

START:
(node:77185) [DEP0060] DeprecationWarning: The `util._extend` API is deprecated. Please use Object.assign() instead.
(Use `node --trace-deprecation ...` to show where the warning was created)
[32m02 09 2026 05:32:12.625:INFO [karma-server]: [39mKarma v6.4.4 server started at http://localhost:8089/
[32m02 09 2026 05:32:12.626:INFO [launcher]: [39mLaunching browsers ChromeHeadless with concurrency unlimited
[32m02 09 2026 05:32:12.628:INFO [launcher]: [39mStarting browser ChromeHeadless
[32m02 09 2026 05:32:13.514:INFO [Chrome Headless 152.0.0.0 (Mac OS 10.15.7)]: [39mConnected on socket -ttpt6S-SKFpvyfEAAAB with id 20645390
Chrome Headless 152.0.0.0 (Mac OS 10.15.7) LOG: 'Default Settings: {"host":"localhost:8080","ssl":false}'
Chrome Headless 152.0.0.0 (Mac OS 10.15.7) LOG: 'Default DatabaseId: "(default)"'
ERROR: '[2026-09-01T21:32:14.685Z]  @firebase/firestore:', 'Firestore (12.18.0): Uncaught Error in snapshot listener:', 'FirebaseError: [code=aborted]: Firestore shutting down'
ERROR: '[2026-09-01T21:32:14.721Z]  @firebase/firestore:', 'Firestore (12.18.0): Uncaught Error in snapshot listener:', 'FirebaseError: [code=aborted]: Firestore shutting down'
  (Persistence=indexeddb) Queries
    ✔ can use filter with nested field
    ✔ can query large documents with multi-byte character strings
    OR Queries
      ✔ can use query overloads
      ✔ can use or queries
      ✔ can use or queries with in
      ✔ can use or queries with array membership
      ✔ supports using in with array contains any
      ✔ supports using in with array contains
      ✔ supports order by equality
      ✔ supports multiple in ops
      ✔ sdk uses != filter same as backend
      ✔ sdk uses not-in filter same as backend
    Caching empty results
      ✔ can raise initial snapshot from cache, even if it is empty
      ✔ can raise initial snapshot from cache, even if it has become empty
TOTAL: 14 SUCCESS

Finished in 1.092 secs / 1.087 secs @ 05:32:14 GMT+0800 (Malaysia Time)

SUMMARY:
✔ 14 tests completed
Done in 2.73s.
yarn run v1.22.22
(node:77253) [DEP0169] DeprecationWarning: `url.parse()` behavior is not standardized and prone to errors that have security implications. Use the WHATWG URL API instead. CVEs are not issued for `url.parse()` vulnerabilities.
(Use `node --trace-deprecation ...` to show where the warning was created)
$ /private/tmp/fireside-phase2-oracles.EJXGdU/firebase-js-sdk/node_modules/.bin/karma start /Users/sanjevirau/Desktop/fireside/conformance/src/webchannel/firebase-js-sdk-karma.conf.cjs --single-run --grep '(?:^\(Persistence=memory_lru_gc\) Hanging query issue - #7652(?= |$))'
The 'BROWSERS' environment variable is undefined. Defaulting to 'ChromeHeadless'.
webpack was not included as a framework in karma configuration, setting this automatically...

START:
(node:77254) [DEP0060] DeprecationWarning: The `util._extend` API is deprecated. Please use Object.assign() instead.
(Use `node --trace-deprecation ...` to show where the warning was created)
[32m02 09 2026 05:32:15.509:INFO [karma-server]: [39mKarma v6.4.4 server started at http://localhost:8089/
[32m02 09 2026 05:32:15.519:INFO [launcher]: [39mLaunching browsers ChromeHeadless with concurrency unlimited
[32m02 09 2026 05:32:15.522:INFO [launcher]: [39mStarting browser ChromeHeadless
[32m02 09 2026 05:32:16.430:INFO [Chrome Headless 152.0.0.0 (Mac OS 10.15.7)]: [39mConnected on socket qIOJmHHgKY6ldDwjAAAB with id 11513369
Chrome Headless 152.0.0.0 (Mac OS 10.15.7) LOG: 'Default Settings: {"host":"localhost:8080","ssl":false}'
Chrome Headless 152.0.0.0 (Mac OS 10.15.7) LOG: 'Default DatabaseId: "(default)"'
  (Persistence=memory_lru_gc) Hanging query issue - #7652
    ✔ iteration 0
    ✔ iteration 1
    ✔ iteration 2
    ✔ iteration 3
    ✔ iteration 4
    ✔ iteration 5
    ✔ iteration 6
    ✔ iteration 7
    ✔ iteration 8
    ✔ iteration 9
    ✔ iteration 10
    ✔ iteration 11
    ✔ iteration 12
    ✔ iteration 13
    ✔ iteration 14
    ✔ iteration 15
    ✔ iteration 16
    ✔ iteration 17
    ✔ iteration 18
    ✔ iteration 19
TOTAL: 20 SUCCESS

Finished in 0.771 secs / 0.657 secs @ 05:32:17 GMT+0800 (Malaysia Time)

SUMMARY:
✔ 20 tests completed
Done in 2.46s.
yarn run v1.22.22
(node:77298) [DEP0169] DeprecationWarning: `url.parse()` behavior is not standardized and prone to errors that have security implications. Use the WHATWG URL API instead. CVEs are not issued for `url.parse()` vulnerabilities.
(Use `node --trace-deprecation ...` to show where the warning was created)
$ /private/tmp/fireside-phase2-oracles.EJXGdU/firebase-js-sdk/node_modules/.bin/karma start /Users/sanjevirau/Desktop/fireside/conformance/src/webchannel/firebase-js-sdk-karma.conf.cjs --single-run --grep '(?:^\(Persistence=indexeddb\) Hanging query issue - #7652(?= |$))'
The 'BROWSERS' environment variable is undefined. Defaulting to 'ChromeHeadless'.
webpack was not included as a framework in karma configuration, setting this automatically...

START:
(node:77299) [DEP0060] DeprecationWarning: The `util._extend` API is deprecated. Please use Object.assign() instead.
(Use `node --trace-deprecation ...` to show where the warning was created)
[32m02 09 2026 05:32:18.035:INFO [karma-server]: [39mKarma v6.4.4 server started at http://localhost:8089/
[32m02 09 2026 05:32:18.036:INFO [launcher]: [39mLaunching browsers ChromeHeadless with concurrency unlimited
[32m02 09 2026 05:32:18.038:INFO [launcher]: [39mStarting browser ChromeHeadless
[32m02 09 2026 05:32:18.932:INFO [Chrome Headless 152.0.0.0 (Mac OS 10.15.7)]: [39mConnected on socket nCIY5meGVEIoCESVAAAB with id 99805095
Chrome Headless 152.0.0.0 (Mac OS 10.15.7) LOG: 'Default Settings: {"host":"localhost:8080","ssl":false}'
Chrome Headless 152.0.0.0 (Mac OS 10.15.7) LOG: 'Default DatabaseId: "(default)"'
  (Persistence=indexeddb) Hanging query issue - #7652
    ✔ iteration 0
    ✔ iteration 1
    ✔ iteration 2
    ✔ iteration 3
    ✔ iteration 4
    ✔ iteration 5
    ✔ iteration 6
    ✔ iteration 7
    ✔ iteration 8
    ✔ iteration 9
    ✔ iteration 10
    ✔ iteration 11
    ✔ iteration 12
    ✔ iteration 13
    ✔ iteration 14
    ✔ iteration 15
    ✔ iteration 16
    ✔ iteration 17
    ✔ iteration 18
    ✔ iteration 19
TOTAL: 20 SUCCESS

Finished in 2.094 secs / 1.581 secs @ 05:32:21 GMT+0800 (Malaysia Time)

SUMMARY:
✔ 20 tests completed
Done in 3.76s.
yarn run v1.22.22
(node:77365) [DEP0169] DeprecationWarning: `url.parse()` behavior is not standardized and prone to errors that have security implications. Use the WHATWG URL API instead. CVEs are not issued for `url.parse()` vulnerabilities.
(Use `node --trace-deprecation ...` to show where the warning was created)
$ /private/tmp/fireside-phase2-oracles.EJXGdU/firebase-js-sdk/node_modules/.bin/karma start /Users/sanjevirau/Desktop/fireside/conformance/src/webchannel/firebase-js-sdk-karma.conf.cjs --single-run --grep '(?:^\(Persistence=memory_lru_gc\) Query to Pipeline (?:(?:supports default query(?= |$)|supports filtered query(?! (?:\(with FieldPath\))(?: |$))(?= |$)|supports filtered query \(with FieldPath\)(?= |$)|supports ordered query \(with default order\)(?= |$)|supports ordered query \(with asc\)(?= |$))))'
The 'BROWSERS' environment variable is undefined. Defaulting to 'ChromeHeadless'.
webpack was not included as a framework in karma configuration, setting this automatically...

START:
(node:77366) [DEP0060] DeprecationWarning: The `util._extend` API is deprecated. Please use Object.assign() instead.
(Use `node --trace-deprecation ...` to show where the warning was created)
[32m02 09 2026 05:32:21.885:INFO [karma-server]: [39mKarma v6.4.4 server started at http://localhost:8089/
[32m02 09 2026 05:32:21.886:INFO [launcher]: [39mLaunching browsers ChromeHeadless with concurrency unlimited
[32m02 09 2026 05:32:21.889:INFO [launcher]: [39mStarting browser ChromeHeadless
[32m02 09 2026 05:32:22.833:INFO [Chrome Headless 152.0.0.0 (Mac OS 10.15.7)]: [39mConnected on socket ojHFbHpuelFdogGDAAAB with id 29813820
Chrome Headless 152.0.0.0 (Mac OS 10.15.7) LOG: 'Default Settings: {"host":"localhost:8080","ssl":false}'
Chrome Headless 152.0.0.0 (Mac OS 10.15.7) LOG: 'Default DatabaseId: "(default)"'
  (Persistence=memory_lru_gc) Query to Pipeline
    ✖ supports default query (skipped)
    ✖ supports filtered query (skipped)
    ✖ supports filtered query (with FieldPath) (skipped)
    ✖ supports ordered query (with default order) (skipped)
    ✖ supports ordered query (with asc) (skipped)
TOTAL: 0 SUCCESS

Finished in 0.003 secs / 0 secs @ 05:32:22 GMT+0800 (Malaysia Time)

SUMMARY:
✔ 0 tests completed
ℹ 5 tests skipped
error Command failed with exit code 1.
info Visit https://yarnpkg.com/en/docs/cli/run for documentation about this command.
yarn run v1.22.22
(node:77403) [DEP0169] DeprecationWarning: `url.parse()` behavior is not standardized and prone to errors that have security implications. Use the WHATWG URL API instead. CVEs are not issued for `url.parse()` vulnerabilities.
(Use `node --trace-deprecation ...` to show where the warning was created)
$ /private/tmp/fireside-phase2-oracles.EJXGdU/firebase-js-sdk/node_modules/.bin/karma start /Users/sanjevirau/Desktop/fireside/conformance/src/webchannel/firebase-js-sdk-karma.conf.cjs --single-run --grep '(?:^\(Persistence=indexeddb\) Query to Pipeline (?:(?:supports default query(?= |$)|supports filtered query(?! (?:\(with FieldPath\))(?: |$))(?= |$)|supports filtered query \(with FieldPath\)(?= |$)|supports ordered query \(with default order\)(?= |$)|supports ordered query \(with asc\)(?= |$))))'
The 'BROWSERS' environment variable is undefined. Defaulting to 'ChromeHeadless'.
webpack was not included as a framework in karma configuration, setting this automatically...

START:
(node:77410) [DEP0060] DeprecationWarning: The `util._extend` API is deprecated. Please use Object.assign() instead.
(Use `node --trace-deprecation ...` to show where the warning was created)
[32m02 09 2026 05:32:23.661:INFO [karma-server]: [39mKarma v6.4.4 server started at http://localhost:8089/
[32m02 09 2026 05:32:23.662:INFO [launcher]: [39mLaunching browsers ChromeHeadless with concurrency unlimited
[32m02 09 2026 05:32:23.665:INFO [launcher]: [39mStarting browser ChromeHeadless
[32m02 09 2026 05:32:24.572:INFO [Chrome Headless 152.0.0.0 (Mac OS 10.15.7)]: [39mConnected on socket rtZOUlbe_Ty6V1xZAAAB with id 57363088
Chrome Headless 152.0.0.0 (Mac OS 10.15.7) LOG: 'Default Settings: {"host":"localhost:8080","ssl":false}'
Chrome Headless 152.0.0.0 (Mac OS 10.15.7) LOG: 'Default DatabaseId: "(default)"'
  (Persistence=indexeddb) Query to Pipeline
    ✖ supports default query (skipped)
    ✖ supports filtered query (skipped)
    ✖ supports filtered query (with FieldPath) (skipped)
    ✖ supports ordered query (with default order) (skipped)
    ✖ supports ordered query (with asc) (skipped)
TOTAL: 0 SUCCESS

Finished in 0.003 secs / 0 secs @ 05:32:24 GMT+0800 (Malaysia Time)

SUMMARY:
✔ 0 tests completed
ℹ 5 tests skipped
error Command failed with exit code 1.
info Visit https://yarnpkg.com/en/docs/cli/run for documentation about this command.
yarn run v1.22.22
(node:77445) [DEP0169] DeprecationWarning: `url.parse()` behavior is not standardized and prone to errors that have security implications. Use the WHATWG URL API instead. CVEs are not issued for `url.parse()` vulnerabilities.
(Use `node --trace-deprecation ...` to show where the warning was created)
$ /private/tmp/fireside-phase2-oracles.EJXGdU/firebase-js-sdk/node_modules/.bin/karma start /Users/sanjevirau/Desktop/fireside/conformance/src/webchannel/firebase-js-sdk-karma.conf.cjs --single-run --grep '(?:^\(Persistence=memory_lru_gc\) Query to Pipeline (?:(?:supports ordered query \(with desc\)(?= |$)|supports limit query(?= |$)|supports limitToLast query(?= |$)|supports startAt(?! (?:with limitToLast|\(with DocumentSnapshot\))(?: |$))(?= |$)|supports startAt with limitToLast(?= |$))))'
The 'BROWSERS' environment variable is undefined. Defaulting to 'ChromeHeadless'.
webpack was not included as a framework in karma configuration, setting this automatically...

START:
(node:77446) [DEP0060] DeprecationWarning: The `util._extend` API is deprecated. Please use Object.assign() instead.
(Use `node --trace-deprecation ...` to show where the warning was created)
[32m02 09 2026 05:32:25.424:INFO [karma-server]: [39mKarma v6.4.4 server started at http://localhost:8089/
[32m02 09 2026 05:32:25.425:INFO [launcher]: [39mLaunching browsers ChromeHeadless with concurrency unlimited
[32m02 09 2026 05:32:25.428:INFO [launcher]: [39mStarting browser ChromeHeadless
[32m02 09 2026 05:32:26.419:INFO [Chrome Headless 152.0.0.0 (Mac OS 10.15.7)]: [39mConnected on socket VKisDnxBm3FE8-X-AAAB with id 96216554
Chrome Headless 152.0.0.0 (Mac OS 10.15.7) LOG: 'Default Settings: {"host":"localhost:8080","ssl":false}'
Chrome Headless 152.0.0.0 (Mac OS 10.15.7) LOG: 'Default DatabaseId: "(default)"'
  (Persistence=memory_lru_gc) Query to Pipeline
    ✖ supports ordered query (with desc) (skipped)
    ✖ supports limit query (skipped)
    ✖ supports limitToLast query (skipped)
    ✖ supports startAt (skipped)
    ✖ supports startAt with limitToLast (skipped)
TOTAL: 0 SUCCESS

Finished in 0.003 secs / 0 secs @ 05:32:26 GMT+0800 (Malaysia Time)

SUMMARY:
✔ 0 tests completed
ℹ 5 tests skipped
error Command failed with exit code 1.
info Visit https://yarnpkg.com/en/docs/cli/run for documentation about this command.
yarn run v1.22.22
(node:77491) [DEP0169] DeprecationWarning: `url.parse()` behavior is not standardized and prone to errors that have security implications. Use the WHATWG URL API instead. CVEs are not issued for `url.parse()` vulnerabilities.
(Use `node --trace-deprecation ...` to show where the warning was created)
$ /private/tmp/fireside-phase2-oracles.EJXGdU/firebase-js-sdk/node_modules/.bin/karma start /Users/sanjevirau/Desktop/fireside/conformance/src/webchannel/firebase-js-sdk-karma.conf.cjs --single-run --grep '(?:^\(Persistence=indexeddb\) Query to Pipeline (?:(?:supports ordered query \(with desc\)(?= |$)|supports limit query(?= |$)|supports limitToLast query(?= |$)|supports startAt(?! (?:with limitToLast|\(with DocumentSnapshot\))(?: |$))(?= |$)|supports startAt with limitToLast(?= |$))))'
The 'BROWSERS' environment variable is undefined. Defaulting to 'ChromeHeadless'.
webpack was not included as a framework in karma configuration, setting this automatically...

START:
(node:77492) [DEP0060] DeprecationWarning: The `util._extend` API is deprecated. Please use Object.assign() instead.
(Use `node --trace-deprecation ...` to show where the warning was created)
[32m02 09 2026 05:32:27.253:INFO [karma-server]: [39mKarma v6.4.4 server started at http://localhost:8089/
[32m02 09 2026 05:32:27.254:INFO [launcher]: [39mLaunching browsers ChromeHeadless with concurrency unlimited
[32m02 09 2026 05:32:27.256:INFO [launcher]: [39mStarting browser ChromeHeadless
[32m02 09 2026 05:32:28.155:INFO [Chrome Headless 152.0.0.0 (Mac OS 10.15.7)]: [39mConnected on socket ju5T-RS0oDs-YnJZAAAB with id 78812586
Chrome Headless 152.0.0.0 (Mac OS 10.15.7) LOG: 'Default Settings: {"host":"localhost:8080","ssl":false}'
Chrome Headless 152.0.0.0 (Mac OS 10.15.7) LOG: 'Default DatabaseId: "(default)"'
  (Persistence=indexeddb) Query to Pipeline
    ✖ supports ordered query (with desc) (skipped)
    ✖ supports limit query (skipped)
    ✖ supports limitToLast query (skipped)
    ✖ supports startAt (skipped)
    ✖ supports startAt with limitToLast (skipped)
TOTAL: 0 SUCCESS

Finished in 0.003 secs / 0 secs @ 05:32:28 GMT+0800 (Malaysia Time)

SUMMARY:
✔ 0 tests completed
ℹ 5 tests skipped
error Command failed with exit code 1.
info Visit https://yarnpkg.com/en/docs/cli/run for documentation about this command.
yarn run v1.22.22
(node:77534) [DEP0169] DeprecationWarning: `url.parse()` behavior is not standardized and prone to errors that have security implications. Use the WHATWG URL API instead. CVEs are not issued for `url.parse()` vulnerabilities.
(Use `node --trace-deprecation ...` to show where the warning was created)
$ /private/tmp/fireside-phase2-oracles.EJXGdU/firebase-js-sdk/node_modules/.bin/karma start /Users/sanjevirau/Desktop/fireside/conformance/src/webchannel/firebase-js-sdk-karma.conf.cjs --single-run --grep '(?:^\(Persistence=memory_lru_gc\) Query to Pipeline (?:(?:supports endAt with limitToLast(?= |$)|supports startAfter \(with DocumentSnapshot\)(?= |$)|supports startAt \(with DocumentSnapshot\)(?= |$)|supports startAfter(?! (?:\(with DocumentSnapshot\))(?: |$))(?= |$)|supports endAt(?! (?:with limitToLast)(?: |$))(?= |$))))'
The 'BROWSERS' environment variable is undefined. Defaulting to 'ChromeHeadless'.
webpack was not included as a framework in karma configuration, setting this automatically...

START:
(node:77535) [DEP0060] DeprecationWarning: The `util._extend` API is deprecated. Please use Object.assign() instead.
(Use `node --trace-deprecation ...` to show where the warning was created)
[32m02 09 2026 05:32:29.010:INFO [karma-server]: [39mKarma v6.4.4 server started at http://localhost:8089/
[32m02 09 2026 05:32:29.011:INFO [launcher]: [39mLaunching browsers ChromeHeadless with concurrency unlimited
[32m02 09 2026 05:32:29.014:INFO [launcher]: [39mStarting browser ChromeHeadless
[32m02 09 2026 05:32:29.892:INFO [Chrome Headless 152.0.0.0 (Mac OS 10.15.7)]: [39mConnected on socket pd-GwzrTv9-8eW-ZAAAB with id 81721920
Chrome Headless 152.0.0.0 (Mac OS 10.15.7) LOG: 'Default Settings: {"host":"localhost:8080","ssl":false}'
Chrome Headless 152.0.0.0 (Mac OS 10.15.7) LOG: 'Default DatabaseId: "(default)"'
  (Persistence=memory_lru_gc) Query to Pipeline
    ✖ supports endAt with limitToLast (skipped)
    ✖ supports startAfter (with DocumentSnapshot) (skipped)
    ✖ supports startAt (with DocumentSnapshot) (skipped)
    ✖ supports startAfter (skipped)
    ✖ supports endAt (skipped)
TOTAL: 0 SUCCESS

Finished in 0.003 secs / 0 secs @ 05:32:30 GMT+0800 (Malaysia Time)

SUMMARY:
✔ 0 tests completed
ℹ 5 tests skipped
error Command failed with exit code 1.
info Visit https://yarnpkg.com/en/docs/cli/run for documentation about this command.
yarn run v1.22.22
(node:77578) [DEP0169] DeprecationWarning: `url.parse()` behavior is not standardized and prone to errors that have security implications. Use the WHATWG URL API instead. CVEs are not issued for `url.parse()` vulnerabilities.
(Use `node --trace-deprecation ...` to show where the warning was created)
$ /private/tmp/fireside-phase2-oracles.EJXGdU/firebase-js-sdk/node_modules/.bin/karma start /Users/sanjevirau/Desktop/fireside/conformance/src/webchannel/firebase-js-sdk-karma.conf.cjs --single-run --grep '(?:^\(Persistence=indexeddb\) Query to Pipeline (?:(?:supports endAt with limitToLast(?= |$)|supports startAfter \(with DocumentSnapshot\)(?= |$)|supports startAt \(with DocumentSnapshot\)(?= |$)|supports startAfter(?! (?:\(with DocumentSnapshot\))(?: |$))(?= |$)|supports endAt(?! (?:with limitToLast)(?: |$))(?= |$))))'
The 'BROWSERS' environment variable is undefined. Defaulting to 'ChromeHeadless'.
webpack was not included as a framework in karma configuration, setting this automatically...

START:
(node:77579) [DEP0060] DeprecationWarning: The `util._extend` API is deprecated. Please use Object.assign() instead.
(Use `node --trace-deprecation ...` to show where the warning was created)
[32m02 09 2026 05:32:30.762:INFO [karma-server]: [39mKarma v6.4.4 server started at http://localhost:8089/
[32m02 09 2026 05:32:30.763:INFO [launcher]: [39mLaunching browsers ChromeHeadless with concurrency unlimited
[32m02 09 2026 05:32:30.765:INFO [launcher]: [39mStarting browser ChromeHeadless
[32m02 09 2026 05:32:31.681:INFO [Chrome Headless 152.0.0.0 (Mac OS 10.15.7)]: [39mConnected on socket lPHWHfvtS2Od0vLaAAAB with id 64349539
Chrome Headless 152.0.0.0 (Mac OS 10.15.7) LOG: 'Default Settings: {"host":"localhost:8080","ssl":false}'
Chrome Headless 152.0.0.0 (Mac OS 10.15.7) LOG: 'Default DatabaseId: "(default)"'
  (Persistence=indexeddb) Query to Pipeline
    ✖ supports endAt with limitToLast (skipped)
    ✖ supports startAfter (with DocumentSnapshot) (skipped)
    ✖ supports startAt (with DocumentSnapshot) (skipped)
    ✖ supports startAfter (skipped)
    ✖ supports endAt (skipped)
TOTAL: 0 SUCCESS

Finished in 0.002 secs / 0 secs @ 05:32:31 GMT+0800 (Malaysia Time)

SUMMARY:
✔ 0 tests completed
ℹ 5 tests skipped
error Command failed with exit code 1.
info Visit https://yarnpkg.com/en/docs/cli/run for documentation about this command.
yarn run v1.22.22
(node:77635) [DEP0169] DeprecationWarning: `url.parse()` behavior is not standardized and prone to errors that have security implications. Use the WHATWG URL API instead. CVEs are not issued for `url.parse()` vulnerabilities.
(Use `node --trace-deprecation ...` to show where the warning was created)
$ /private/tmp/fireside-phase2-oracles.EJXGdU/firebase-js-sdk/node_modules/.bin/karma start /Users/sanjevirau/Desktop/fireside/conformance/src/webchannel/firebase-js-sdk-karma.conf.cjs --single-run --grep '(?:^\(Persistence=memory_lru_gc\) Query to Pipeline (?:(?:supports endBefore(?= |$)|supports pagination(?! (?:on DocumentIds)(?: |$))(?= |$)|supports pagination on DocumentIds(?= |$)|supports collection groups(?= |$)|supports query over collection path with special characters(?= |$))))'
The 'BROWSERS' environment variable is undefined. Defaulting to 'ChromeHeadless'.
webpack was not included as a framework in karma configuration, setting this automatically...

START:
(node:77636) [DEP0060] DeprecationWarning: The `util._extend` API is deprecated. Please use Object.assign() instead.
(Use `node --trace-deprecation ...` to show where the warning was created)
[32m02 09 2026 05:32:32.516:INFO [karma-server]: [39mKarma v6.4.4 server started at http://localhost:8089/
[32m02 09 2026 05:32:32.517:INFO [launcher]: [39mLaunching browsers ChromeHeadless with concurrency unlimited
[32m02 09 2026 05:32:32.519:INFO [launcher]: [39mStarting browser ChromeHeadless
[32m02 09 2026 05:32:33.418:INFO [Chrome Headless 152.0.0.0 (Mac OS 10.15.7)]: [39mConnected on socket RYbrQN3aHf_mDYgUAAAB with id 38879783
Chrome Headless 152.0.0.0 (Mac OS 10.15.7) LOG: 'Default Settings: {"host":"localhost:8080","ssl":false}'
Chrome Headless 152.0.0.0 (Mac OS 10.15.7) LOG: 'Default DatabaseId: "(default)"'
  (Persistence=memory_lru_gc) Query to Pipeline
    ✖ supports endBefore (skipped)
    ✖ supports pagination (skipped)
    ✖ supports pagination on DocumentIds (skipped)
    ✖ supports collection groups (skipped)
    ✖ supports query over collection path with special characters (skipped)
TOTAL: 0 SUCCESS

Finished in 0.002 secs / 0 secs @ 05:32:33 GMT+0800 (Malaysia Time)

SUMMARY:
✔ 0 tests completed
ℹ 5 tests skipped
error Command failed with exit code 1.
info Visit https://yarnpkg.com/en/docs/cli/run for documentation about this command.
yarn run v1.22.22
(node:77671) [DEP0169] DeprecationWarning: `url.parse()` behavior is not standardized and prone to errors that have security implications. Use the WHATWG URL API instead. CVEs are not issued for `url.parse()` vulnerabilities.
(Use `node --trace-deprecation ...` to show where the warning was created)
$ /private/tmp/fireside-phase2-oracles.EJXGdU/firebase-js-sdk/node_modules/.bin/karma start /Users/sanjevirau/Desktop/fireside/conformance/src/webchannel/firebase-js-sdk-karma.conf.cjs --single-run --grep '(?:^\(Persistence=indexeddb\) Query to Pipeline (?:(?:supports endBefore(?= |$)|supports pagination(?! (?:on DocumentIds)(?: |$))(?= |$)|supports pagination on DocumentIds(?= |$)|supports collection groups(?= |$)|supports query over collection path with special characters(?= |$))))'
The 'BROWSERS' environment variable is undefined. Defaulting to 'ChromeHeadless'.
webpack was not included as a framework in karma configuration, setting this automatically...

START:
(node:77680) [DEP0060] DeprecationWarning: The `util._extend` API is deprecated. Please use Object.assign() instead.
(Use `node --trace-deprecation ...` to show where the warning was created)
[32m02 09 2026 05:32:34.263:INFO [karma-server]: [39mKarma v6.4.4 server started at http://localhost:8089/
[32m02 09 2026 05:32:34.264:INFO [launcher]: [39mLaunching browsers ChromeHeadless with concurrency unlimited
[32m02 09 2026 05:32:34.266:INFO [launcher]: [39mStarting browser ChromeHeadless
[32m02 09 2026 05:32:35.163:INFO [Chrome Headless 152.0.0.0 (Mac OS 10.15.7)]: [39mConnected on socket qfZGRcWMLD8KJIh1AAAB with id 2454240
Chrome Headless 152.0.0.0 (Mac OS 10.15.7) LOG: 'Default Settings: {"host":"localhost:8080","ssl":false}'
Chrome Headless 152.0.0.0 (Mac OS 10.15.7) LOG: 'Default DatabaseId: "(default)"'
  (Persistence=indexeddb) Query to Pipeline
    ✖ supports endBefore (skipped)
    ✖ supports pagination (skipped)
    ✖ supports pagination on DocumentIds (skipped)
    ✖ supports collection groups (skipped)
    ✖ supports query over collection path with special characters (skipped)
TOTAL: 0 SUCCESS

Finished in 0.002 secs / 0 secs @ 05:32:35 GMT+0800 (Malaysia Time)

SUMMARY:
✔ 0 tests completed
ℹ 5 tests skipped
error Command failed with exit code 1.
info Visit https://yarnpkg.com/en/docs/cli/run for documentation about this command.
yarn run v1.22.22
(node:77718) [DEP0169] DeprecationWarning: `url.parse()` behavior is not standardized and prone to errors that have security implications. Use the WHATWG URL API instead. CVEs are not issued for `url.parse()` vulnerabilities.
(Use `node --trace-deprecation ...` to show where the warning was created)
$ /private/tmp/fireside-phase2-oracles.EJXGdU/firebase-js-sdk/node_modules/.bin/karma start /Users/sanjevirau/Desktop/fireside/conformance/src/webchannel/firebase-js-sdk-karma.conf.cjs --single-run --grep '(?:^\(Persistence=memory_lru_gc\) Query to Pipeline (?:(?:supports multiple inequality on same field(?= |$)|supports multiple inequality on different fields(?= |$)|supports collectionGroup query(?= |$)|supports eq nan(?= |$)|supports neq nan(?= |$))))'
The 'BROWSERS' environment variable is undefined. Defaulting to 'ChromeHeadless'.
webpack was not included as a framework in karma configuration, setting this automatically...

START:
(node:77720) [DEP0060] DeprecationWarning: The `util._extend` API is deprecated. Please use Object.assign() instead.
(Use `node --trace-deprecation ...` to show where the warning was created)
[32m02 09 2026 05:32:36.046:INFO [karma-server]: [39mKarma v6.4.4 server started at http://localhost:8089/
[32m02 09 2026 05:32:36.047:INFO [launcher]: [39mLaunching browsers ChromeHeadless with concurrency unlimited
[32m02 09 2026 05:32:36.049:INFO [launcher]: [39mStarting browser ChromeHeadless
[32m02 09 2026 05:32:36.953:INFO [Chrome Headless 152.0.0.0 (Mac OS 10.15.7)]: [39mConnected on socket xcIV6ST29p2JrjmDAAAB with id 18826946
Chrome Headless 152.0.0.0 (Mac OS 10.15.7) LOG: 'Default Settings: {"host":"localhost:8080","ssl":false}'
Chrome Headless 152.0.0.0 (Mac OS 10.15.7) LOG: 'Default DatabaseId: "(default)"'
  (Persistence=memory_lru_gc) Query to Pipeline
    ✖ supports multiple inequality on same field (skipped)
    ✖ supports multiple inequality on different fields (skipped)
    ✖ supports collectionGroup query (skipped)
    ✖ supports eq nan (skipped)
    ✖ supports neq nan (skipped)
TOTAL: 0 SUCCESS

Finished in 0.002 secs / 0 secs @ 05:32:37 GMT+0800 (Malaysia Time)

SUMMARY:
✔ 0 tests completed
ℹ 5 tests skipped
error Command failed with exit code 1.
info Visit https://yarnpkg.com/en/docs/cli/run for documentation about this command.
yarn run v1.22.22
(node:77761) [DEP0169] DeprecationWarning: `url.parse()` behavior is not standardized and prone to errors that have security implications. Use the WHATWG URL API instead. CVEs are not issued for `url.parse()` vulnerabilities.
(Use `node --trace-deprecation ...` to show where the warning was created)
$ /private/tmp/fireside-phase2-oracles.EJXGdU/firebase-js-sdk/node_modules/.bin/karma start /Users/sanjevirau/Desktop/fireside/conformance/src/webchannel/firebase-js-sdk-karma.conf.cjs --single-run --grep '(?:^\(Persistence=indexeddb\) Query to Pipeline (?:(?:supports multiple inequality on same field(?= |$)|supports multiple inequality on different fields(?= |$)|supports collectionGroup query(?= |$)|supports eq nan(?= |$)|supports neq nan(?= |$))))'
The 'BROWSERS' environment variable is undefined. Defaulting to 'ChromeHeadless'.
webpack was not included as a framework in karma configuration, setting this automatically...

START:
(node:77762) [DEP0060] DeprecationWarning: The `util._extend` API is deprecated. Please use Object.assign() instead.
(Use `node --trace-deprecation ...` to show where the warning was created)
[32m02 09 2026 05:32:37.795:INFO [karma-server]: [39mKarma v6.4.4 server started at http://localhost:8089/
[32m02 09 2026 05:32:37.796:INFO [launcher]: [39mLaunching browsers ChromeHeadless with concurrency unlimited
[32m02 09 2026 05:32:37.798:INFO [launcher]: [39mStarting browser ChromeHeadless
[32m02 09 2026 05:32:38.676:INFO [Chrome Headless 152.0.0.0 (Mac OS 10.15.7)]: [39mConnected on socket yR_3nMAIttm0ksJTAAAB with id 27351216
Chrome Headless 152.0.0.0 (Mac OS 10.15.7) LOG: 'Default Settings: {"host":"localhost:8080","ssl":false}'
Chrome Headless 152.0.0.0 (Mac OS 10.15.7) LOG: 'Default DatabaseId: "(default)"'
  (Persistence=indexeddb) Query to Pipeline
    ✖ supports multiple inequality on same field (skipped)
    ✖ supports multiple inequality on different fields (skipped)
    ✖ supports collectionGroup query (skipped)
    ✖ supports eq nan (skipped)
    ✖ supports neq nan (skipped)
TOTAL: 0 SUCCESS

Finished in 0.002 secs / 0 secs @ 05:32:38 GMT+0800 (Malaysia Time)

SUMMARY:
✔ 0 tests completed
ℹ 5 tests skipped
error Command failed with exit code 1.
info Visit https://yarnpkg.com/en/docs/cli/run for documentation about this command.
yarn run v1.22.22
(node:77805) [DEP0169] DeprecationWarning: `url.parse()` behavior is not standardized and prone to errors that have security implications. Use the WHATWG URL API instead. CVEs are not issued for `url.parse()` vulnerabilities.
(Use `node --trace-deprecation ...` to show where the warning was created)
$ /private/tmp/fireside-phase2-oracles.EJXGdU/firebase-js-sdk/node_modules/.bin/karma start /Users/sanjevirau/Desktop/fireside/conformance/src/webchannel/firebase-js-sdk-karma.conf.cjs --single-run --grep '(?:^\(Persistence=memory_lru_gc\) Query to Pipeline (?:(?:supports eq null(?= |$)|supports neq null(?= |$)|supports neq(?! (?:nan|null)(?: |$))(?= |$)|supports array contains(?! (?:any)(?: |$))(?= |$)|supports array contains any(?= |$))))'
The 'BROWSERS' environment variable is undefined. Defaulting to 'ChromeHeadless'.
webpack was not included as a framework in karma configuration, setting this automatically...

START:
(node:77807) [DEP0060] DeprecationWarning: The `util._extend` API is deprecated. Please use Object.assign() instead.
(Use `node --trace-deprecation ...` to show where the warning was created)
[32m02 09 2026 05:32:39.506:INFO [karma-server]: [39mKarma v6.4.4 server started at http://localhost:8089/
[32m02 09 2026 05:32:39.507:INFO [launcher]: [39mLaunching browsers ChromeHeadless with concurrency unlimited
[32m02 09 2026 05:32:39.509:INFO [launcher]: [39mStarting browser ChromeHeadless
[32m02 09 2026 05:32:40.420:INFO [Chrome Headless 152.0.0.0 (Mac OS 10.15.7)]: [39mConnected on socket uPz9mIo5JYB3_kw9AAAB with id 50782663
Chrome Headless 152.0.0.0 (Mac OS 10.15.7) LOG: 'Default Settings: {"host":"localhost:8080","ssl":false}'
Chrome Headless 152.0.0.0 (Mac OS 10.15.7) LOG: 'Default DatabaseId: "(default)"'
  (Persistence=memory_lru_gc) Query to Pipeline
    ✖ supports eq null (skipped)
    ✖ supports neq null (skipped)
    ✖ supports neq (skipped)
    ✖ supports array contains (skipped)
    ✖ supports array contains any (skipped)
TOTAL: 0 SUCCESS

Finished in 0.003 secs / 0 secs @ 05:32:40 GMT+0800 (Malaysia Time)

SUMMARY:
✔ 0 tests completed
ℹ 5 tests skipped
error Command failed with exit code 1.
info Visit https://yarnpkg.com/en/docs/cli/run for documentation about this command.
yarn run v1.22.22
(node:77848) [DEP0169] DeprecationWarning: `url.parse()` behavior is not standardized and prone to errors that have security implications. Use the WHATWG URL API instead. CVEs are not issued for `url.parse()` vulnerabilities.
(Use `node --trace-deprecation ...` to show where the warning was created)
$ /private/tmp/fireside-phase2-oracles.EJXGdU/firebase-js-sdk/node_modules/.bin/karma start /Users/sanjevirau/Desktop/fireside/conformance/src/webchannel/firebase-js-sdk-karma.conf.cjs --single-run --grep '(?:^\(Persistence=indexeddb\) Query to Pipeline (?:(?:supports eq null(?= |$)|supports neq null(?= |$)|supports neq(?! (?:nan|null)(?: |$))(?= |$)|supports array contains(?! (?:any)(?: |$))(?= |$)|supports array contains any(?= |$))))'
The 'BROWSERS' environment variable is undefined. Defaulting to 'ChromeHeadless'.
webpack was not included as a framework in karma configuration, setting this automatically...

START:
(node:77864) [DEP0060] DeprecationWarning: The `util._extend` API is deprecated. Please use Object.assign() instead.
(Use `node --trace-deprecation ...` to show where the warning was created)
[32m02 09 2026 05:32:41.291:INFO [karma-server]: [39mKarma v6.4.4 server started at http://localhost:8089/
[32m02 09 2026 05:32:41.292:INFO [launcher]: [39mLaunching browsers ChromeHeadless with concurrency unlimited
[32m02 09 2026 05:32:41.295:INFO [launcher]: [39mStarting browser ChromeHeadless
[32m02 09 2026 05:32:42.196:INFO [Chrome Headless 152.0.0.0 (Mac OS 10.15.7)]: [39mConnected on socket a_4_s_fYsiygqTbyAAAB with id 48094528
Chrome Headless 152.0.0.0 (Mac OS 10.15.7) LOG: 'Default Settings: {"host":"localhost:8080","ssl":false}'
Chrome Headless 152.0.0.0 (Mac OS 10.15.7) LOG: 'Default DatabaseId: "(default)"'
  (Persistence=indexeddb) Query to Pipeline
    ✖ supports eq null (skipped)
    ✖ supports neq null (skipped)
    ✖ supports neq (skipped)
    ✖ supports array contains (skipped)
    ✖ supports array contains any (skipped)
TOTAL: 0 SUCCESS

Finished in 0.003 secs / 0 secs @ 05:32:42 GMT+0800 (Malaysia Time)

SUMMARY:
✔ 0 tests completed
ℹ 5 tests skipped
error Command failed with exit code 1.
info Visit https://yarnpkg.com/en/docs/cli/run for documentation about this command.
yarn run v1.22.22
(node:77908) [DEP0169] DeprecationWarning: `url.parse()` behavior is not standardized and prone to errors that have security implications. Use the WHATWG URL API instead. CVEs are not issued for `url.parse()` vulnerabilities.
(Use `node --trace-deprecation ...` to show where the warning was created)
$ /private/tmp/fireside-phase2-oracles.EJXGdU/firebase-js-sdk/node_modules/.bin/karma start /Users/sanjevirau/Desktop/fireside/conformance/src/webchannel/firebase-js-sdk-karma.conf.cjs --single-run --grep '(?:^\(Persistence=memory_lru_gc\) Query to Pipeline (?:(?:supports in(?! (?:with 1)(?: |$))(?= |$)|supports in with 1(?= |$)|supports not in(?! (?:with 1)(?: |$))(?= |$)|supports not in with 1(?= |$)|supports or operator(?= |$))))'
The 'BROWSERS' environment variable is undefined. Defaulting to 'ChromeHeadless'.
webpack was not included as a framework in karma configuration, setting this automatically...

START:
(node:77909) [DEP0060] DeprecationWarning: The `util._extend` API is deprecated. Please use Object.assign() instead.
(Use `node --trace-deprecation ...` to show where the warning was created)
[32m02 09 2026 05:32:43.056:INFO [karma-server]: [39mKarma v6.4.4 server started at http://localhost:8089/
[32m02 09 2026 05:32:43.057:INFO [launcher]: [39mLaunching browsers ChromeHeadless with concurrency unlimited
[32m02 09 2026 05:32:43.060:INFO [launcher]: [39mStarting browser ChromeHeadless
[32m02 09 2026 05:32:43.992:INFO [Chrome Headless 152.0.0.0 (Mac OS 10.15.7)]: [39mConnected on socket Pcm30r8V0j199a-eAAAB with id 40028211
Chrome Headless 152.0.0.0 (Mac OS 10.15.7) LOG: 'Default Settings: {"host":"localhost:8080","ssl":false}'
Chrome Headless 152.0.0.0 (Mac OS 10.15.7) LOG: 'Default DatabaseId: "(default)"'
  (Persistence=memory_lru_gc) Query to Pipeline
    ✖ supports in (skipped)
    ✖ supports in with 1 (skipped)
    ✖ supports not in (skipped)
    ✖ supports not in with 1 (skipped)
    ✖ supports or operator (skipped)
TOTAL: 0 SUCCESS

Finished in 0.003 secs / 0 secs @ 05:32:44 GMT+0800 (Malaysia Time)

SUMMARY:
✔ 0 tests completed
ℹ 5 tests skipped
error Command failed with exit code 1.
info Visit https://yarnpkg.com/en/docs/cli/run for documentation about this command.
yarn run v1.22.22
(node:77946) [DEP0169] DeprecationWarning: `url.parse()` behavior is not standardized and prone to errors that have security implications. Use the WHATWG URL API instead. CVEs are not issued for `url.parse()` vulnerabilities.
(Use `node --trace-deprecation ...` to show where the warning was created)
$ /private/tmp/fireside-phase2-oracles.EJXGdU/firebase-js-sdk/node_modules/.bin/karma start /Users/sanjevirau/Desktop/fireside/conformance/src/webchannel/firebase-js-sdk-karma.conf.cjs --single-run --grep '(?:^\(Persistence=indexeddb\) Query to Pipeline (?:(?:supports in(?! (?:with 1)(?: |$))(?= |$)|supports in with 1(?= |$)|supports not in(?! (?:with 1)(?: |$))(?= |$)|supports not in with 1(?= |$)|supports or operator(?= |$))))'
The 'BROWSERS' environment variable is undefined. Defaulting to 'ChromeHeadless'.
webpack was not included as a framework in karma configuration, setting this automatically...

START:
(node:77947) [DEP0060] DeprecationWarning: The `util._extend` API is deprecated. Please use Object.assign() instead.
(Use `node --trace-deprecation ...` to show where the warning was created)
[32m02 09 2026 05:32:44.831:INFO [karma-server]: [39mKarma v6.4.4 server started at http://localhost:8089/
[32m02 09 2026 05:32:44.832:INFO [launcher]: [39mLaunching browsers ChromeHeadless with concurrency unlimited
[32m02 09 2026 05:32:44.834:INFO [launcher]: [39mStarting browser ChromeHeadless
[32m02 09 2026 05:32:45.697:INFO [Chrome Headless 152.0.0.0 (Mac OS 10.15.7)]: [39mConnected on socket fgXFzHd0RSlreFOlAAAB with id 18967769
Chrome Headless 152.0.0.0 (Mac OS 10.15.7) LOG: 'Default Settings: {"host":"localhost:8080","ssl":false}'
Chrome Headless 152.0.0.0 (Mac OS 10.15.7) LOG: 'Default DatabaseId: "(default)"'
  (Persistence=indexeddb) Query to Pipeline
    ✖ supports in (skipped)
    ✖ supports in with 1 (skipped)
    ✖ supports not in (skipped)
    ✖ supports not in with 1 (skipped)
    ✖ supports or operator (skipped)
TOTAL: 0 SUCCESS

Finished in 0.002 secs / 0 secs @ 05:32:45 GMT+0800 (Malaysia Time)

SUMMARY:
✔ 0 tests completed
ℹ 5 tests skipped
error Command failed with exit code 1.
info Visit https://yarnpkg.com/en/docs/cli/run for documentation about this command.
yarn run v1.22.22
(node:77990) [DEP0169] DeprecationWarning: `url.parse()` behavior is not standardized and prone to errors that have security implications. Use the WHATWG URL API instead. CVEs are not issued for `url.parse()` vulnerabilities.
(Use `node --trace-deprecation ...` to show where the warning was created)
$ /private/tmp/fireside-phase2-oracles.EJXGdU/firebase-js-sdk/node_modules/.bin/karma start /Users/sanjevirau/Desktop/fireside/conformance/src/webchannel/firebase-js-sdk-karma.conf.cjs --single-run --grep '(?:^\(Persistence=memory_lru_gc\) Query to Pipeline (?:(?:not-in removes existence filter(?= |$)|not-equal removes existence filter(?= |$)|inequality maintains existence filter(?= |$)|explicit order maintains existence filter(?= |$))))'
The 'BROWSERS' environment variable is undefined. Defaulting to 'ChromeHeadless'.
webpack was not included as a framework in karma configuration, setting this automatically...

START:
(node:77991) [DEP0060] DeprecationWarning: The `util._extend` API is deprecated. Please use Object.assign() instead.
(Use `node --trace-deprecation ...` to show where the warning was created)
[32m02 09 2026 05:32:46.537:INFO [karma-server]: [39mKarma v6.4.4 server started at http://localhost:8089/
[32m02 09 2026 05:32:46.538:INFO [launcher]: [39mLaunching browsers ChromeHeadless with concurrency unlimited
[32m02 09 2026 05:32:46.540:INFO [launcher]: [39mStarting browser ChromeHeadless
[32m02 09 2026 05:32:47.446:INFO [Chrome Headless 152.0.0.0 (Mac OS 10.15.7)]: [39mConnected on socket LaPSduAjDXYqEE_0AAAB with id 83669353
Chrome Headless 152.0.0.0 (Mac OS 10.15.7) LOG: 'Default Settings: {"host":"localhost:8080","ssl":false}'
Chrome Headless 152.0.0.0 (Mac OS 10.15.7) LOG: 'Default DatabaseId: "(default)"'
  (Persistence=memory_lru_gc) Query to Pipeline
    ✖ not-in removes existence filter (skipped)
    ✖ not-equal removes existence filter (skipped)
    ✖ inequality maintains existence filter (skipped)
    ✖ explicit order maintains existence filter (skipped)
TOTAL: 0 SUCCESS

Finished in 0.003 secs / 0 secs @ 05:32:47 GMT+0800 (Malaysia Time)

SUMMARY:
✔ 0 tests completed
ℹ 4 tests skipped
error Command failed with exit code 1.
info Visit https://yarnpkg.com/en/docs/cli/run for documentation about this command.
yarn run v1.22.22
(node:78032) [DEP0169] DeprecationWarning: `url.parse()` behavior is not standardized and prone to errors that have security implications. Use the WHATWG URL API instead. CVEs are not issued for `url.parse()` vulnerabilities.
(Use `node --trace-deprecation ...` to show where the warning was created)
$ /private/tmp/fireside-phase2-oracles.EJXGdU/firebase-js-sdk/node_modules/.bin/karma start /Users/sanjevirau/Desktop/fireside/conformance/src/webchannel/firebase-js-sdk-karma.conf.cjs --single-run --grep '(?:^\(Persistence=indexeddb\) Query to Pipeline (?:(?:not-in removes existence filter(?= |$)|not-equal removes existence filter(?= |$)|inequality maintains existence filter(?= |$)|explicit order maintains existence filter(?= |$))))'
The 'BROWSERS' environment variable is undefined. Defaulting to 'ChromeHeadless'.
webpack was not included as a framework in karma configuration, setting this automatically...

START:
(node:78033) [DEP0060] DeprecationWarning: The `util._extend` API is deprecated. Please use Object.assign() instead.
(Use `node --trace-deprecation ...` to show where the warning was created)
[32m02 09 2026 05:32:48.280:INFO [karma-server]: [39mKarma v6.4.4 server started at http://localhost:8089/
[32m02 09 2026 05:32:48.281:INFO [launcher]: [39mLaunching browsers ChromeHeadless with concurrency unlimited
[32m02 09 2026 05:32:48.284:INFO [launcher]: [39mStarting browser ChromeHeadless
[32m02 09 2026 05:32:49.189:INFO [Chrome Headless 152.0.0.0 (Mac OS 10.15.7)]: [39mConnected on socket 4ht24VLhuQebjHQVAAAB with id 26298174
Chrome Headless 152.0.0.0 (Mac OS 10.15.7) LOG: 'Default Settings: {"host":"localhost:8080","ssl":false}'
Chrome Headless 152.0.0.0 (Mac OS 10.15.7) LOG: 'Default DatabaseId: "(default)"'
  (Persistence=indexeddb) Query to Pipeline
    ✖ not-in removes existence filter (skipped)
    ✖ not-equal removes existence filter (skipped)
    ✖ inequality maintains existence filter (skipped)
    ✖ explicit order maintains existence filter (skipped)
TOTAL: 0 SUCCESS

Finished in 0.003 secs / 0 secs @ 05:32:49 GMT+0800 (Malaysia Time)

SUMMARY:
✔ 0 tests completed
ℹ 4 tests skipped
error Command failed with exit code 1.
info Visit https://yarnpkg.com/en/docs/cli/run for documentation about this command.
yarn run v1.22.22
(node:78106) [DEP0169] DeprecationWarning: `url.parse()` behavior is not standardized and prone to errors that have security implications. Use the WHATWG URL API instead. CVEs are not issued for `url.parse()` vulnerabilities.
(Use `node --trace-deprecation ...` to show where the warning was created)
$ /private/tmp/fireside-phase2-oracles.EJXGdU/firebase-js-sdk/node_modules/.bin/karma start /Users/sanjevirau/Desktop/fireside/conformance/src/webchannel/firebase-js-sdk-karma.conf.cjs --single-run --grep '(?:^\(Persistence=memory_lru_gc\) Server Timestamps(?= |$))'
The 'BROWSERS' environment variable is undefined. Defaulting to 'ChromeHeadless'.
webpack was not included as a framework in karma configuration, setting this automatically...

START:
(node:78107) [DEP0060] DeprecationWarning: The `util._extend` API is deprecated. Please use Object.assign() instead.
(Use `node --trace-deprecation ...` to show where the warning was created)
[32m02 09 2026 05:32:50.010:INFO [karma-server]: [39mKarma v6.4.4 server started at http://localhost:8089/
[32m02 09 2026 05:32:50.011:INFO [launcher]: [39mLaunching browsers ChromeHeadless with concurrency unlimited
[32m02 09 2026 05:32:50.013:INFO [launcher]: [39mStarting browser ChromeHeadless
[32m02 09 2026 05:32:50.917:INFO [Chrome Headless 152.0.0.0 (Mac OS 10.15.7)]: [39mConnected on socket RBsh-vWmrAzORpKZAAAB with id 84767622
Chrome Headless 152.0.0.0 (Mac OS 10.15.7) LOG: 'Default Settings: {"host":"localhost:8080","ssl":false}'
Chrome Headless 152.0.0.0 (Mac OS 10.15.7) LOG: 'Default DatabaseId: "(default)"'
  (Persistence=memory_lru_gc) Server Timestamps
    ✔ work via set()
    ✔ work via update()
    ✔ work via transaction set()
    ✔ work via transaction update()
    ✔ can return estimated value
    ✔ can return previous value of different type
    ✔ can return previous value through consecutive updates
    ✔ uses previous value from local mutation
    ✔ fail via update() on nonexistent document.
WARN: '[2026-09-01T21:32:51.169Z]  @firebase/firestore:', 'Firestore (12.18.0): RestConnection', 'RPC 'Commit' 0x3f5379e6 failed with error: ', '{"code":"not-found","name":"FirebaseError"}', 'url: ', 'http://localhost:8080/v1/projects/test-emulator/databases/(default)/documents:commit?key=fake-api-key', 'request:', '{"writes":[{"update":{"name":"projects/test-emulator/databases/(default)/documents/test-collection/N7OyfsDCaxu00cgNMJOF","fields":{"deep":{"mapValue":{"fields":{}}}}},"updateMask":{"fieldPaths":["deep"]},"updateTransforms":[{"fieldPath":"when","setToServerValue":"REQUEST_TIME"},{"fieldPath":"deep.when","setToServerValue":"REQUEST_TIME"}],"currentDocument":{"exists":true}}]}'
    ✔ fail via transaction update() on nonexistent document.
TOTAL: 10 SUCCESS

Finished in 0.138 secs / 0.135 secs @ 05:32:51 GMT+0800 (Malaysia Time)

SUMMARY:
✔ 10 tests completed
Done in 1.93s.
yarn run v1.22.22
(node:78151) [DEP0169] DeprecationWarning: `url.parse()` behavior is not standardized and prone to errors that have security implications. Use the WHATWG URL API instead. CVEs are not issued for `url.parse()` vulnerabilities.
(Use `node --trace-deprecation ...` to show where the warning was created)
$ /private/tmp/fireside-phase2-oracles.EJXGdU/firebase-js-sdk/node_modules/.bin/karma start /Users/sanjevirau/Desktop/fireside/conformance/src/webchannel/firebase-js-sdk-karma.conf.cjs --single-run --grep '(?:^\(Persistence=indexeddb\) Server Timestamps(?= |$))'
The 'BROWSERS' environment variable is undefined. Defaulting to 'ChromeHeadless'.
webpack was not included as a framework in karma configuration, setting this automatically...

START:
(node:78167) [DEP0060] DeprecationWarning: The `util._extend` API is deprecated. Please use Object.assign() instead.
(Use `node --trace-deprecation ...` to show where the warning was created)
[32m02 09 2026 05:32:52.040:INFO [karma-server]: [39mKarma v6.4.4 server started at http://localhost:8089/
[32m02 09 2026 05:32:52.041:INFO [launcher]: [39mLaunching browsers ChromeHeadless with concurrency unlimited
[32m02 09 2026 05:32:52.043:INFO [launcher]: [39mStarting browser ChromeHeadless
[32m02 09 2026 05:32:52.920:INFO [Chrome Headless 152.0.0.0 (Mac OS 10.15.7)]: [39mConnected on socket JbykVabVfPK_CDrFAAAB with id 9112006
Chrome Headless 152.0.0.0 (Mac OS 10.15.7) LOG: 'Default Settings: {"host":"localhost:8080","ssl":false}'
Chrome Headless 152.0.0.0 (Mac OS 10.15.7) LOG: 'Default DatabaseId: "(default)"'
  (Persistence=indexeddb) Server Timestamps
    ✔ work via set()
    ✔ work via update()
    ✔ work via transaction set()
    ✔ work via transaction update()
    ✔ can return estimated value
    ✔ can return previous value of different type
    ✔ can return previous value through consecutive updates
    ✔ uses previous value from local mutation
    ✔ fail via update() on nonexistent document.
WARN: '[2026-09-01T21:32:53.352Z]  @firebase/firestore:', 'Firestore (12.18.0): RestConnection', 'RPC 'Commit' 0x47d4ba2b failed with error: ', '{"code":"not-found","name":"FirebaseError"}', 'url: ', 'http://localhost:8080/v1/projects/test-emulator/databases/(default)/documents:commit?key=fake-api-key', 'request:', '{"writes":[{"update":{"name":"projects/test-emulator/databases/(default)/documents/test-collection/gw1MmntNhDQu6myU6WWK","fields":{"deep":{"mapValue":{"fields":{}}}}},"updateMask":{"fieldPaths":["deep"]},"updateTransforms":[{"fieldPath":"when","setToServerValue":"REQUEST_TIME"},{"fieldPath":"deep.when","setToServerValue":"REQUEST_TIME"}],"currentDocument":{"exists":true}}]}'
    ✔ fail via transaction update() on nonexistent document.
TOTAL: 10 SUCCESS

Finished in 0.317 secs / 0.313 secs @ 05:32:53 GMT+0800 (Malaysia Time)

SUMMARY:
✔ 10 tests completed
Done in 1.94s.
yarn run v1.22.22
(node:78210) [DEP0169] DeprecationWarning: `url.parse()` behavior is not standardized and prone to errors that have security implications. Use the WHATWG URL API instead. CVEs are not issued for `url.parse()` vulnerabilities.
(Use `node --trace-deprecation ...` to show where the warning was created)
$ /private/tmp/fireside-phase2-oracles.EJXGdU/firebase-js-sdk/node_modules/.bin/karma start /Users/sanjevirau/Desktop/fireside/conformance/src/webchannel/firebase-js-sdk-karma.conf.cjs --single-run --grep '(?:^\(Persistence=memory_lru_gc\) Smoke Test(?= |$))'
The 'BROWSERS' environment variable is undefined. Defaulting to 'ChromeHeadless'.
webpack was not included as a framework in karma configuration, setting this automatically...

START:
(node:78211) [DEP0060] DeprecationWarning: The `util._extend` API is deprecated. Please use Object.assign() instead.
(Use `node --trace-deprecation ...` to show where the warning was created)
[32m02 09 2026 05:32:54.076:INFO [karma-server]: [39mKarma v6.4.4 server started at http://localhost:8089/
[32m02 09 2026 05:32:54.078:INFO [launcher]: [39mLaunching browsers ChromeHeadless with concurrency unlimited
[32m02 09 2026 05:32:54.080:INFO [launcher]: [39mStarting browser ChromeHeadless
[32m02 09 2026 05:32:54.983:INFO [Chrome Headless 152.0.0.0 (Mac OS 10.15.7)]: [39mConnected on socket Ak3P-1BcfpRORceFAAAB with id 92894621
Chrome Headless 152.0.0.0 (Mac OS 10.15.7) LOG: 'Default Settings: {"host":"localhost:8080","ssl":false}'
Chrome Headless 152.0.0.0 (Mac OS 10.15.7) LOG: 'Default DatabaseId: "(default)"'
  (Persistence=memory_lru_gc) Smoke Test
    ✔ can write a single document
    ✔ can read a written document
    ✔ can read a written document with DocumentKey
    ✔ will fire local and remote events
    ✔ will fire value events for empty collections
    ✔ can get collection query
    ✖ can query by field and use order by (skipped)
TOTAL: 6 SUCCESS

Finished in 0.051 secs / 0.049 secs @ 05:32:55 GMT+0800 (Malaysia Time)

SUMMARY:
✔ 6 tests completed
ℹ 1 test skipped
Done in 1.70s.
yarn run v1.22.22
(node:78252) [DEP0169] DeprecationWarning: `url.parse()` behavior is not standardized and prone to errors that have security implications. Use the WHATWG URL API instead. CVEs are not issued for `url.parse()` vulnerabilities.
(Use `node --trace-deprecation ...` to show where the warning was created)
$ /private/tmp/fireside-phase2-oracles.EJXGdU/firebase-js-sdk/node_modules/.bin/karma start /Users/sanjevirau/Desktop/fireside/conformance/src/webchannel/firebase-js-sdk-karma.conf.cjs --single-run --grep '(?:^\(Persistence=indexeddb\) Smoke Test(?= |$))'
The 'BROWSERS' environment variable is undefined. Defaulting to 'ChromeHeadless'.
webpack was not included as a framework in karma configuration, setting this automatically...

START:
(node:78253) [DEP0060] DeprecationWarning: The `util._extend` API is deprecated. Please use Object.assign() instead.
(Use `node --trace-deprecation ...` to show where the warning was created)
[32m02 09 2026 05:32:55.884:INFO [karma-server]: [39mKarma v6.4.4 server started at http://localhost:8089/
[32m02 09 2026 05:32:55.886:INFO [launcher]: [39mLaunching browsers ChromeHeadless with concurrency unlimited
[32m02 09 2026 05:32:55.888:INFO [launcher]: [39mStarting browser ChromeHeadless
[32m02 09 2026 05:32:56.814:INFO [Chrome Headless 152.0.0.0 (Mac OS 10.15.7)]: [39mConnected on socket UPpqwiVW-qdhZFDIAAAB with id 88245068
Chrome Headless 152.0.0.0 (Mac OS 10.15.7) LOG: 'Default Settings: {"host":"localhost:8080","ssl":false}'
Chrome Headless 152.0.0.0 (Mac OS 10.15.7) LOG: 'Default DatabaseId: "(default)"'
  (Persistence=indexeddb) Smoke Test
    ✔ can write a single document
    ✔ can read a written document
    ✔ can read a written document with DocumentKey
    ✔ will fire local and remote events
    ✔ will fire value events for empty collections
    ✔ can get collection query
    ✖ can query by field and use order by (skipped)
TOTAL: 6 SUCCESS

Finished in 0.179 secs / 0.174 secs @ 05:32:57 GMT+0800 (Malaysia Time)

SUMMARY:
✔ 6 tests completed
ℹ 1 test skipped
Done in 1.89s.
yarn run v1.22.22
(node:78299) [DEP0169] DeprecationWarning: `url.parse()` behavior is not standardized and prone to errors that have security implications. Use the WHATWG URL API instead. CVEs are not issued for `url.parse()` vulnerabilities.
(Use `node --trace-deprecation ...` to show where the warning was created)
$ /private/tmp/fireside-phase2-oracles.EJXGdU/firebase-js-sdk/node_modules/.bin/karma start /Users/sanjevirau/Desktop/fireside/conformance/src/webchannel/firebase-js-sdk-karma.conf.cjs --single-run --grep '(?:^\(Persistence=memory_lru_gc\) Database transactions(?= |$))'
The 'BROWSERS' environment variable is undefined. Defaulting to 'ChromeHeadless'.
webpack was not included as a framework in karma configuration, setting this automatically...

START:
(node:78300) [DEP0060] DeprecationWarning: The `util._extend` API is deprecated. Please use Object.assign() instead.
(Use `node --trace-deprecation ...` to show where the warning was created)
[32m02 09 2026 05:32:57.851:INFO [karma-server]: [39mKarma v6.4.4 server started at http://localhost:8089/
[32m02 09 2026 05:32:57.852:INFO [launcher]: [39mLaunching browsers ChromeHeadless with concurrency unlimited
[32m02 09 2026 05:32:57.854:INFO [launcher]: [39mStarting browser ChromeHeadless
[32m02 09 2026 05:32:58.757:INFO [Chrome Headless 152.0.0.0 (Mac OS 10.15.7)]: [39mConnected on socket iG_Afn4npD0XRFJtAAAB with id 16100077
Chrome Headless 152.0.0.0 (Mac OS 10.15.7) LOG: 'Default Settings: {"host":"localhost:8080","ssl":false}'
Chrome Headless 152.0.0.0 (Mac OS 10.15.7) LOG: 'Default DatabaseId: "(default)"'
WARN: '[2026-09-01T21:32:58.915Z]  @firebase/firestore:', 'Firestore (12.18.0): RestConnection', 'RPC 'Commit' 0x73f13f76 failed with error: ', '{"code":"invalid-argument","name":"FirebaseError"}', 'url: ', 'http://localhost:8080/v1/projects/test-emulator/databases/(default)/documents:commit?key=fake-api-key', 'request:', '{"writes":[{"delete":"projects/test-emulator/databases/(default)/documents/tester-docref/UoyPbBrlUezaABGUfKZi","currentDocument":{"updateTime":"2026-09-01T21:32:58.914120000Z"}},{"update":{"name":"projects/test-emulator/databases/(default)/documents/tester-docref/UoyPbBrlUezaABGUfKZi","fields":{"foo":{"stringValue":"bar2"}}},"updateMask":{"fieldPaths":["foo"]},"currentDocument":{"exists":true}}]}'
  (Persistence=memory_lru_gc) Database transactions
    ✔ runs transactions after getting existing document
WARN: '[2026-09-01T21:32:58.946Z]  @firebase/firestore:', 'Firestore (12.18.0): RestConnection', 'RPC 'Commit' 0x73f13f9b failed with error: ', '{"code":"invalid-argument","name":"FirebaseError"}', 'url: ', 'http://localhost:8080/v1/projects/test-emulator/databases/(default)/documents:commit?key=fake-api-key', 'request:', '{"writes":[{"delete":"projects/test-emulator/databases/(default)/documents/tester-docref/uxUYKEZErPl9RPnJz9Sz","currentDocument":{"exists":false}},{"update":{"name":"projects/test-emulator/databases/(default)/documents/tester-docref/uxUYKEZErPl9RPnJz9Sz","fields":{"foo":{"stringValue":"bar2"}}},"updateMask":{"fieldPaths":["foo"]},"currentDocument":{"exists":true}}]}'
    ✔ runs transactions after getting nonexistent document
WARN: '[2026-09-01T21:32:58.967Z]  @firebase/firestore:', 'Firestore (12.18.0): RestConnection', 'RPC 'Commit' 0x73f13fbb failed with error: ', '{"code":"invalid-argument","name":"FirebaseError"}', 'url: ', 'http://localhost:8080/v1/projects/test-emulator/databases/(default)/documents:commit?key=fake-api-key', 'request:', '{"writes":[{"delete":"projects/test-emulator/databases/(default)/documents/tester-docref/fy5h9GMSXgbZCVAJSWoL","currentDocument":{"exists":false}},{"update":{"name":"projects/test-emulator/databases/(default)/documents/tester-docref/fy5h9GMSXgbZCVAJSWoL","fields":{"foo":{"stringValue":"bar2"}}},"updateMask":{"fieldPaths":["foo"]},"currentDocument":{"exists":true}}]}'
    ✔ runs transactions after getting a deleted document
WARN: '[2026-09-01T21:32:58.990Z]  @firebase/firestore:', 'Firestore (12.18.0): RestConnection', 'RPC 'Commit' 0x73f13fd7 failed with error: ', '{"code":"invalid-argument","name":"FirebaseError"}', 'url: ', 'http://localhost:8080/v1/projects/test-emulator/databases/(default)/documents:commit?key=fake-api-key', 'request:', '{"writes":[{"delete":"projects/test-emulator/databases/(default)/documents/tester-docref/v5PqyJwic3rydTsHIiUT"},{"update":{"name":"projects/test-emulator/databases/(default)/documents/tester-docref/v5PqyJwic3rydTsHIiUT","fields":{"foo":{"stringValue":"bar2"}}},"updateMask":{"fieldPaths":["foo"]},"currentDocument":{"exists":true}}]}'
    ✔ runs transactions on existing document
WARN: '[2026-09-01T21:32:59.011Z]  @firebase/firestore:', 'Firestore (12.18.0): RestConnection', 'RPC 'Commit' 0x73f13fea failed with error: ', '{"code":"invalid-argument","name":"FirebaseError"}', 'url: ', 'http://localhost:8080/v1/projects/test-emulator/databases/(default)/documents:commit?key=fake-api-key', 'request:', '{"writes":[{"delete":"projects/test-emulator/databases/(default)/documents/tester-docref/ESdLO0kHl1P0UTKvF84i"},{"update":{"name":"projects/test-emulator/databases/(default)/documents/tester-docref/ESdLO0kHl1P0UTKvF84i","fields":{"foo":{"stringValue":"bar2"}}},"updateMask":{"fieldPaths":["foo"]},"currentDocument":{"exists":true}}]}'
WARN: '[2026-09-01T21:32:59.013Z]  @firebase/firestore:', 'Firestore (12.18.0): RestConnection', 'RPC 'Commit' 0x73f13fee failed with error: ', '{"code":"not-found","name":"FirebaseError"}', 'url: ', 'http://localhost:8080/v1/projects/test-emulator/databases/(default)/documents:commit?key=fake-api-key', 'request:', '{"writes":[{"update":{"name":"projects/test-emulator/databases/(default)/documents/tester-docref/EAw18VuLlD2Ejzdd0MvY","fields":{"foo":{"stringValue":"bar1"}}},"updateMask":{"fieldPaths":["foo"]},"currentDocument":{"exists":true}},{"delete":"projects/test-emulator/databases/(default)/documents/tester-docref/EAw18VuLlD2Ejzdd0MvY"}]}'
WARN: '[2026-09-01T21:32:59.013Z]  @firebase/firestore:', 'Firestore (12.18.0): RestConnection', 'RPC 'Commit' 0x73f13ff0 failed with error: ', '{"code":"not-found","name":"FirebaseError"}', 'url: ', 'http://localhost:8080/v1/projects/test-emulator/databases/(default)/documents:commit?key=fake-api-key', 'request:', '{"writes":[{"update":{"name":"projects/test-emulator/databases/(default)/documents/tester-docref/4xpxVup2sz9Yu7bYnoah","fields":{"foo":{"stringValue":"bar1"}}},"updateMask":{"fieldPaths":["foo"]},"currentDocument":{"exists":true}},{"update":{"name":"projects/test-emulator/databases/(default)/documents/tester-docref/4xpxVup2sz9Yu7bYnoah","fields":{"foo":{"stringValue":"bar2"}}},"updateMask":{"fieldPaths":["foo"]},"currentDocument":{"exists":true}}]}'
WARN: '[2026-09-01T21:32:59.014Z]  @firebase/firestore:', 'Firestore (12.18.0): RestConnection', 'RPC 'Commit' 0x73f13ff2 failed with error: ', '{"code":"not-found","name":"FirebaseError"}', 'url: ', 'http://localhost:8080/v1/projects/test-emulator/databases/(default)/documents:commit?key=fake-api-key', 'request:', '{"writes":[{"update":{"name":"projects/test-emulator/databases/(default)/documents/tester-docref/MYpu7Kqli8Np69PmBSrx","fields":{"foo":{"stringValue":"bar1"}}},"updateMask":{"fieldPaths":["foo"]},"currentDocument":{"exists":true}},{"update":{"name":"projects/test-emulator/databases/(default)/documents/tester-docref/MYpu7Kqli8Np69PmBSrx","fields":{"foo":{"stringValue":"bar1"}}}}]}'
    ✔ runs transactions on nonexistent document
    ✔ set document with merge
    ✔ can update nested fields transactionally
WARN: '[2026-09-01T21:32:59.028Z]  @firebase/firestore:', 'Firestore (12.18.0): RestConnection', 'RPC 'Commit' 0x73f14003 failed with error: ', '{"code":"failed-precondition","name":"FirebaseError"}', 'url: ', 'http://localhost:8080/v1/projects/test-emulator/databases/(default)/documents:commit?key=fake-api-key', 'request:', '{"writes":[{"update":{"name":"projects/test-emulator/databases/(default)/documents/counters/yePvG2QBplh7NbnfznnO","fields":{"count":{"integerValue":"16"}}}},{"verify":"projects/test-emulator/databases/(default)/documents/counters/75sEjJHgqP4YPZevYjpS","currentDocument":{"updateTime":"2026-09-01T21:32:59.026667000Z"}}]}'
    ✔ retry when a document that was read without being written changes
    ✔ cannot read after writing and does not commit
    ✔ cannot read after writing and does not commit, even if the user transaction does not bubble up the error
    ✔ cannot read nonexistent document then update, even if document is written after the read
    ✔ runTransaction with empty message reject inside
    ✔ can have gets without mutations
    ✔ does not retry on permanent errors
WARN: '[2026-09-01T21:32:59.914Z]  @firebase/firestore:', 'Firestore (12.18.0): RestConnection', 'RPC 'Commit' 0x73f1401d failed with error: ', '{"code":"failed-precondition","name":"FirebaseError"}', 'url: ', 'http://localhost:8080/v1/projects/test-emulator/databases/(default)/documents:commit?key=fake-api-key', 'request:', '{"writes":[{"update":{"name":"projects/test-emulator/databases/(default)/documents/nonexistent/t1Wles1isEL5abwFx1Eh","fields":{"count":{"integerValue":"2"}}},"currentDocument":{"exists":false}}]}'
    ✔ retries when document already exists
    ✔ are successful with no transaction operations
    ✔ are cancelled on rejected promise
    ✔ are cancelled on throw
    must return a promise:
      ✔ undefined is rejected
      ✔ null is rejected
      ✔ 5 is rejected
      ✔ [object Object] is rejected
      ✔ [object Object] is rejected 
      ✔ [object Object] is rejected 
    (Persistence=memory_lru_gc) withConverter() support
      ✔ for Transaction.set<T>() and Transaction.get<T>()
    (Persistence=indexeddb) withConverter() support
      ✔ for Transaction.set<T>() and Transaction.get<T>()
TOTAL: 26 SUCCESS

Finished in 2.498 secs / 2.466 secs @ 05:33:01 GMT+0800 (Malaysia Time)

SUMMARY:
✔ 26 tests completed
Done in 4.19s.
yarn run v1.22.22
(node:78352) [DEP0169] DeprecationWarning: `url.parse()` behavior is not standardized and prone to errors that have security implications. Use the WHATWG URL API instead. CVEs are not issued for `url.parse()` vulnerabilities.
(Use `node --trace-deprecation ...` to show where the warning was created)
$ /private/tmp/fireside-phase2-oracles.EJXGdU/firebase-js-sdk/node_modules/.bin/karma start /Users/sanjevirau/Desktop/fireside/conformance/src/webchannel/firebase-js-sdk-karma.conf.cjs --single-run --grep '(?:^\(Persistence=indexeddb\) Database transactions(?= |$))'
The 'BROWSERS' environment variable is undefined. Defaulting to 'ChromeHeadless'.
webpack was not included as a framework in karma configuration, setting this automatically...

START:
(node:78353) [DEP0060] DeprecationWarning: The `util._extend` API is deprecated. Please use Object.assign() instead.
(Use `node --trace-deprecation ...` to show where the warning was created)
[32m02 09 2026 05:33:02.140:INFO [karma-server]: [39mKarma v6.4.4 server started at http://localhost:8089/
[32m02 09 2026 05:33:02.141:INFO [launcher]: [39mLaunching browsers ChromeHeadless with concurrency unlimited
[32m02 09 2026 05:33:02.144:INFO [launcher]: [39mStarting browser ChromeHeadless
[32m02 09 2026 05:33:03.055:INFO [Chrome Headless 152.0.0.0 (Mac OS 10.15.7)]: [39mConnected on socket bubZxn7Slk5HPzguAAAB with id 54416671
Chrome Headless 152.0.0.0 (Mac OS 10.15.7) LOG: 'Default Settings: {"host":"localhost:8080","ssl":false}'
Chrome Headless 152.0.0.0 (Mac OS 10.15.7) LOG: 'Default DatabaseId: "(default)"'
WARN: '[2026-09-01T21:33:03.237Z]  @firebase/firestore:', 'Firestore (12.18.0): RestConnection', 'RPC 'Commit' 0x63b6e5f4 failed with error: ', '{"code":"invalid-argument","name":"FirebaseError"}', 'url: ', 'http://localhost:8080/v1/projects/test-emulator/databases/(default)/documents:commit?key=fake-api-key', 'request:', '{"writes":[{"delete":"projects/test-emulator/databases/(default)/documents/tester-docref/SAEOQYidLR16HFqfeicV","currentDocument":{"updateTime":"2026-09-01T21:33:03.235021000Z"}},{"update":{"name":"projects/test-emulator/databases/(default)/documents/tester-docref/SAEOQYidLR16HFqfeicV","fields":{"foo":{"stringValue":"bar2"}}},"updateMask":{"fieldPaths":["foo"]},"currentDocument":{"exists":true}}]}'
  (Persistence=indexeddb) Database transactions
    ✔ runs transactions after getting existing document
WARN: '[2026-09-01T21:33:03.311Z]  @firebase/firestore:', 'Firestore (12.18.0): RestConnection', 'RPC 'Commit' 0x63b6e619 failed with error: ', '{"code":"invalid-argument","name":"FirebaseError"}', 'url: ', 'http://localhost:8080/v1/projects/test-emulator/databases/(default)/documents:commit?key=fake-api-key', 'request:', '{"writes":[{"delete":"projects/test-emulator/databases/(default)/documents/tester-docref/9Refb0MEK532ok6Bfm05","currentDocument":{"exists":false}},{"update":{"name":"projects/test-emulator/databases/(default)/documents/tester-docref/9Refb0MEK532ok6Bfm05","fields":{"foo":{"stringValue":"bar2"}}},"updateMask":{"fieldPaths":["foo"]},"currentDocument":{"exists":true}}]}'
    ✔ runs transactions after getting nonexistent document
WARN: '[2026-09-01T21:33:03.356Z]  @firebase/firestore:', 'Firestore (12.18.0): RestConnection', 'RPC 'Commit' 0x63b6e639 failed with error: ', '{"code":"invalid-argument","name":"FirebaseError"}', 'url: ', 'http://localhost:8080/v1/projects/test-emulator/databases/(default)/documents:commit?key=fake-api-key', 'request:', '{"writes":[{"delete":"projects/test-emulator/databases/(default)/documents/tester-docref/m5eLDhQgV3LgKyHxrsC3","currentDocument":{"exists":false}},{"update":{"name":"projects/test-emulator/databases/(default)/documents/tester-docref/m5eLDhQgV3LgKyHxrsC3","fields":{"foo":{"stringValue":"bar2"}}},"updateMask":{"fieldPaths":["foo"]},"currentDocument":{"exists":true}}]}'
    ✔ runs transactions after getting a deleted document
WARN: '[2026-09-01T21:33:03.438Z]  @firebase/firestore:', 'Firestore (12.18.0): RestConnection', 'RPC 'Commit' 0x63b6e655 failed with error: ', '{"code":"invalid-argument","name":"FirebaseError"}', 'url: ', 'http://localhost:8080/v1/projects/test-emulator/databases/(default)/documents:commit?key=fake-api-key', 'request:', '{"writes":[{"delete":"projects/test-emulator/databases/(default)/documents/tester-docref/2gIJNMPUu8MmTHIC9YbX"},{"update":{"name":"projects/test-emulator/databases/(default)/documents/tester-docref/2gIJNMPUu8MmTHIC9YbX","fields":{"foo":{"stringValue":"bar2"}}},"updateMask":{"fieldPaths":["foo"]},"currentDocument":{"exists":true}}]}'
    ✔ runs transactions on existing document
WARN: '[2026-09-01T21:33:03.497Z]  @firebase/firestore:', 'Firestore (12.18.0): RestConnection', 'RPC 'Commit' 0x63b6e668 failed with error: ', '{"code":"invalid-argument","name":"FirebaseError"}', 'url: ', 'http://localhost:8080/v1/projects/test-emulator/databases/(default)/documents:commit?key=fake-api-key', 'request:', '{"writes":[{"delete":"projects/test-emulator/databases/(default)/documents/tester-docref/Apo5uQkRhLHOHC61a6Kq"},{"update":{"name":"projects/test-emulator/databases/(default)/documents/tester-docref/Apo5uQkRhLHOHC61a6Kq","fields":{"foo":{"stringValue":"bar2"}}},"updateMask":{"fieldPaths":["foo"]},"currentDocument":{"exists":true}}]}'
WARN: '[2026-09-01T21:33:03.500Z]  @firebase/firestore:', 'Firestore (12.18.0): RestConnection', 'RPC 'Commit' 0x63b6e66c failed with error: ', '{"code":"not-found","name":"FirebaseError"}', 'url: ', 'http://localhost:8080/v1/projects/test-emulator/databases/(default)/documents:commit?key=fake-api-key', 'request:', '{"writes":[{"update":{"name":"projects/test-emulator/databases/(default)/documents/tester-docref/FqlpOGQrl1NcgFunLjH1","fields":{"foo":{"stringValue":"bar1"}}},"updateMask":{"fieldPaths":["foo"]},"currentDocument":{"exists":true}},{"delete":"projects/test-emulator/databases/(default)/documents/tester-docref/FqlpOGQrl1NcgFunLjH1"}]}'
WARN: '[2026-09-01T21:33:03.503Z]  @firebase/firestore:', 'Firestore (12.18.0): RestConnection', 'RPC 'Commit' 0x63b6e66e failed with error: ', '{"code":"not-found","name":"FirebaseError"}', 'url: ', 'http://localhost:8080/v1/projects/test-emulator/databases/(default)/documents:commit?key=fake-api-key', 'request:', '{"writes":[{"update":{"name":"projects/test-emulator/databases/(default)/documents/tester-docref/yOXy0lKNxp7TfBnffEFW","fields":{"foo":{"stringValue":"bar1"}}},"updateMask":{"fieldPaths":["foo"]},"currentDocument":{"exists":true}},{"update":{"name":"projects/test-emulator/databases/(default)/documents/tester-docref/yOXy0lKNxp7TfBnffEFW","fields":{"foo":{"stringValue":"bar2"}}},"updateMask":{"fieldPaths":["foo"]},"currentDocument":{"exists":true}}]}'
WARN: '[2026-09-01T21:33:03.504Z]  @firebase/firestore:', 'Firestore (12.18.0): RestConnection', 'RPC 'Commit' 0x63b6e670 failed with error: ', '{"code":"not-found","name":"FirebaseError"}', 'url: ', 'http://localhost:8080/v1/projects/test-emulator/databases/(default)/documents:commit?key=fake-api-key', 'request:', '{"writes":[{"update":{"name":"projects/test-emulator/databases/(default)/documents/tester-docref/tsnS2lqWqbAOLmpNM5G5","fields":{"foo":{"stringValue":"bar1"}}},"updateMask":{"fieldPaths":["foo"]},"currentDocument":{"exists":true}},{"update":{"name":"projects/test-emulator/databases/(default)/documents/tester-docref/tsnS2lqWqbAOLmpNM5G5","fields":{"foo":{"stringValue":"bar1"}}}}]}'
    ✔ runs transactions on nonexistent document
    ✔ set document with merge
    ✔ can update nested fields transactionally
WARN: '[2026-09-01T21:33:03.563Z]  @firebase/firestore:', 'Firestore (12.18.0): RestConnection', 'RPC 'Commit' 0x63b6e681 failed with error: ', '{"code":"failed-precondition","name":"FirebaseError"}', 'url: ', 'http://localhost:8080/v1/projects/test-emulator/databases/(default)/documents:commit?key=fake-api-key', 'request:', '{"writes":[{"update":{"name":"projects/test-emulator/databases/(default)/documents/counters/VK2y1a1pmmW04ibuoboG","fields":{"count":{"integerValue":"16"}}}},{"verify":"projects/test-emulator/databases/(default)/documents/counters/t9af2IJkCPC3Zpx7m513","currentDocument":{"updateTime":"2026-09-01T21:33:03.556908000Z"}}]}'
    ✔ retry when a document that was read without being written changes
    ✔ cannot read after writing and does not commit
    ✔ cannot read after writing and does not commit, even if the user transaction does not bubble up the error
    ✔ cannot read nonexistent document then update, even if document is written after the read
    ✔ runTransaction with empty message reject inside
    ✔ can have gets without mutations
    ✔ does not retry on permanent errors
WARN: '[2026-09-01T21:33:04.759Z]  @firebase/firestore:', 'Firestore (12.18.0): RestConnection', 'RPC 'Commit' 0x63b6e69b failed with error: ', '{"code":"failed-precondition","name":"FirebaseError"}', 'url: ', 'http://localhost:8080/v1/projects/test-emulator/databases/(default)/documents:commit?key=fake-api-key', 'request:', '{"writes":[{"update":{"name":"projects/test-emulator/databases/(default)/documents/nonexistent/vPKBcM1toJvRXNfOujlk","fields":{"count":{"integerValue":"2"}}},"currentDocument":{"exists":false}}]}'
    ✔ retries when document already exists
    ✔ are successful with no transaction operations
    ✔ are cancelled on rejected promise
    ✔ are cancelled on throw
    must return a promise:
      ✔ undefined is rejected
      ✔ null is rejected
      ✔ 5 is rejected
      ✔ [object Object] is rejected
      ✔ [object Object] is rejected 
      ✔ [object Object] is rejected 
    (Persistence=memory_lru_gc) withConverter() support
      ✔ for Transaction.set<T>() and Transaction.get<T>()
    (Persistence=indexeddb) withConverter() support
      ✔ for Transaction.set<T>() and Transaction.get<T>()
TOTAL: 26 SUCCESS

Finished in 3.02 secs / 3.015 secs @ 05:33:06 GMT+0800 (Malaysia Time)

SUMMARY:
✔ 26 tests completed
Done in 4.69s.
yarn run v1.22.22
(node:78427) [DEP0169] DeprecationWarning: `url.parse()` behavior is not standardized and prone to errors that have security implications. Use the WHATWG URL API instead. CVEs are not issued for `url.parse()` vulnerabilities.
(Use `node --trace-deprecation ...` to show where the warning was created)
$ /private/tmp/fireside-phase2-oracles.EJXGdU/firebase-js-sdk/node_modules/.bin/karma start /Users/sanjevirau/Desktop/fireside/conformance/src/webchannel/firebase-js-sdk-karma.conf.cjs --single-run --grep '(?:^\(Persistence=memory_lru_gc\) Firestore(?= |$))'
The 'BROWSERS' environment variable is undefined. Defaulting to 'ChromeHeadless'.
webpack was not included as a framework in karma configuration, setting this automatically...

START:
(node:78428) [DEP0060] DeprecationWarning: The `util._extend` API is deprecated. Please use Object.assign() instead.
(Use `node --trace-deprecation ...` to show where the warning was created)
[32m02 09 2026 05:33:06.907:INFO [karma-server]: [39mKarma v6.4.4 server started at http://localhost:8089/
[32m02 09 2026 05:33:06.908:INFO [launcher]: [39mLaunching browsers ChromeHeadless with concurrency unlimited
[32m02 09 2026 05:33:06.910:INFO [launcher]: [39mStarting browser ChromeHeadless
[32m02 09 2026 05:33:07.839:INFO [Chrome Headless 152.0.0.0 (Mac OS 10.15.7)]: [39mConnected on socket I9Ft6lpsqHY81czPAAAB with id 62502334
Chrome Headless 152.0.0.0 (Mac OS 10.15.7) LOG: 'Default Settings: {"host":"localhost:8080","ssl":false}'
Chrome Headless 152.0.0.0 (Mac OS 10.15.7) LOG: 'Default DatabaseId: "(default)"'
  (Persistence=memory_lru_gc) Firestore
    ✔ can read and write null fields
    ✔ can read and write number fields
    ✔ can read and write array fields
    ✔ can read and write geo point fields
    ✔ can read and write bytes fields
    ✔ can read and write date fields
    ✔ can read and write timestamp fields
    ✔ can read and write document references
    ✔ can read and write document references in an array
TOTAL: 9 SUCCESS

Finished in 0.127 secs / 0.121 secs @ 05:33:08 GMT+0800 (Malaysia Time)

SUMMARY:
✔ 9 tests completed
Done in 1.80s.
yarn run v1.22.22
(node:78489) [DEP0169] DeprecationWarning: `url.parse()` behavior is not standardized and prone to errors that have security implications. Use the WHATWG URL API instead. CVEs are not issued for `url.parse()` vulnerabilities.
(Use `node --trace-deprecation ...` to show where the warning was created)
$ /private/tmp/fireside-phase2-oracles.EJXGdU/firebase-js-sdk/node_modules/.bin/karma start /Users/sanjevirau/Desktop/fireside/conformance/src/webchannel/firebase-js-sdk-karma.conf.cjs --single-run --grep '(?:^\(Persistence=indexeddb\) Firestore(?= |$))'
The 'BROWSERS' environment variable is undefined. Defaulting to 'ChromeHeadless'.
webpack was not included as a framework in karma configuration, setting this automatically...

START:
(node:78497) [DEP0060] DeprecationWarning: The `util._extend` API is deprecated. Please use Object.assign() instead.
(Use `node --trace-deprecation ...` to show where the warning was created)
[32m02 09 2026 05:33:08.781:INFO [karma-server]: [39mKarma v6.4.4 server started at http://localhost:8089/
[32m02 09 2026 05:33:08.782:INFO [launcher]: [39mLaunching browsers ChromeHeadless with concurrency unlimited
[32m02 09 2026 05:33:08.785:INFO [launcher]: [39mStarting browser ChromeHeadless
[32m02 09 2026 05:33:09.687:INFO [Chrome Headless 152.0.0.0 (Mac OS 10.15.7)]: [39mConnected on socket QqHs9VAqm9VPR_vrAAAB with id 36063518
Chrome Headless 152.0.0.0 (Mac OS 10.15.7) LOG: 'Default Settings: {"host":"localhost:8080","ssl":false}'
Chrome Headless 152.0.0.0 (Mac OS 10.15.7) LOG: 'Default DatabaseId: "(default)"'
  (Persistence=indexeddb) Firestore
    ✔ can read and write null fields
    ✔ can read and write number fields
    ✔ can read and write array fields
    ✔ can read and write geo point fields
    ✔ can read and write bytes fields
    ✔ can read and write date fields
    ✔ can read and write timestamp fields
    ✔ can read and write document references
    ✔ can read and write document references in an array
TOTAL: 9 SUCCESS

Finished in 0.33 secs / 0.327 secs @ 05:33:10 GMT+0800 (Malaysia Time)

SUMMARY:
✔ 9 tests completed
Done in 1.96s.
yarn run v1.22.22
(node:78542) [DEP0169] DeprecationWarning: `url.parse()` behavior is not standardized and prone to errors that have security implications. Use the WHATWG URL API instead. CVEs are not issued for `url.parse()` vulnerabilities.
(Use `node --trace-deprecation ...` to show where the warning was created)
$ /private/tmp/fireside-phase2-oracles.EJXGdU/firebase-js-sdk/node_modules/.bin/karma start /Users/sanjevirau/Desktop/fireside/conformance/src/webchannel/firebase-js-sdk-karma.conf.cjs --single-run --grep '(?:^\(Persistence=memory_lru_gc\) Validation:(?= |$))'
The 'BROWSERS' environment variable is undefined. Defaulting to 'ChromeHeadless'.
webpack was not included as a framework in karma configuration, setting this automatically...

START:
(node:78543) [DEP0060] DeprecationWarning: The `util._extend` API is deprecated. Please use Object.assign() instead.
(Use `node --trace-deprecation ...` to show where the warning was created)
[32m02 09 2026 05:33:10.880:INFO [karma-server]: [39mKarma v6.4.4 server started at http://localhost:8089/
[32m02 09 2026 05:33:10.881:INFO [launcher]: [39mLaunching browsers ChromeHeadless with concurrency unlimited
[32m02 09 2026 05:33:10.883:INFO [launcher]: [39mStarting browser ChromeHeadless
[32m02 09 2026 05:33:11.777:INFO [Chrome Headless 152.0.0.0 (Mac OS 10.15.7)]: [39mConnected on socket 4ou4FvzSM4Lc1WJBAAAB with id 46828395
Chrome Headless 152.0.0.0 (Mac OS 10.15.7) LOG: 'Default Settings: {"host":"localhost:8080","ssl":false}'
Chrome Headless 152.0.0.0 (Mac OS 10.15.7) LOG: 'Default DatabaseId: "(default)"'
  (Persistence=memory_lru_gc) Validation:
    ✔ Batch writes require correct Document References
    ✔ Transaction writes require correct Document References
    ✔ Field paths must not have empty segments
    ✔ Field paths must not have invalid segments
WARN: '[2026-09-01T21:33:11.955Z]  @firebase/firestore:', 'Firestore (12.18.0): Host has been set in both settings() and connectFirestoreEmulator(), emulator host will be used.'
    FirestoreSettings
      ✔ disallows changing settings after use
      ✔ enforces minimum cache size
      ✔ garbage collection can be disabled
      ✔ connectFirestoreEmulator() can set host and port
      ✔ connectFirestoreEmulator() can set mockUserToken object
WARN: '[2026-09-01T21:33:11.966Z]  @firebase/firestore:', 'Firestore (12.18.0): Host has been set in both settings() and connectFirestoreEmulator(), emulator host will be used.'
      ✔ disallows calling connectFirestoreEmulator() for first time after use
WARN: '[2026-09-01T21:33:11.966Z]  @firebase/firestore:', 'Firestore (12.18.0): Host has been set in both settings() and connectFirestoreEmulator(), emulator host will be used.'
      ✔ allows calling connectFirestoreEmulator() after use with same config
WARN: '[2026-09-01T21:33:11.969Z]  @firebase/firestore:', 'Firestore (12.18.0): Host has been set in both settings() and connectFirestoreEmulator(), emulator host will be used.'
WARN: '[2026-09-01T21:33:11.971Z]  @firebase/firestore:', 'Firestore (12.18.0): Host has been set in both settings() and connectFirestoreEmulator(), emulator host will be used.'
      ✔ disallows calling connectFirestoreEmulator() after use with different config
      ✔ connectFirestoreEmulator() can set mockUserToken string
WARN: '[2026-09-01T21:33:11.973Z]  @firebase/firestore:', 'Firestore (12.18.0): Host has been set in both settings() and connectFirestoreEmulator(), emulator host will be used.'
      ✔ throws if sub / user_id is missing in mockUserToken
WARN: '[2026-09-01T21:33:11.976Z]  @firebase/firestore:', 'Firestore (12.18.0): enableIndexedDbPersistence() will be deprecated in the future, you can use `FirestoreSettings.cache` instead.'
    Firestore
      ✔ disallows calling enableIndexedDbPersistence() after use
      ✔ fails transaction if function doesn't return a Promise.
    Collection paths
      ✔ must be non-empty strings
      ✔ must be odd-length
      ✔ must not have empty segments
    Document paths
      ✔ must be strings
      ✔ must be even-length
    Writes
      ✔ must be objects.
      ✔ must not contain custom objects or functions.
      ✔ must not contain field value transforms in arrays
      ✔ must not contain directly nested arrays.
      ✔ may contain indirectly nested arrays.
      ✔ must not contain undefined.
      ✔ must not contain references to a different database
      ✔ must not contain reserved field names.
      ✔ must not contain empty field names.
      ✔ via set() must not contain deleteField()
      ✔ via update() must not contain nested deleteField()
    Array transforms
      ✔ fail in queries
      ✔ reject invalid elements
      ✔ reject arrays
    Numeric transforms
      ✔ fail in queries
    Queries
      ✔ with non-positive limit fail
      ✔ cannot be created from documents missing sort values
ERROR: '[2026-09-01T21:33:12.057Z]  @firebase/firestore:', 'Firestore (12.18.0): Uncaught Error in snapshot listener:', 'FirebaseError: [code=aborted]: Firestore shutting down'
      ✔ cannot be sorted by an uncommitted server timestamp
      ✔ must not have more components than order by.
      ✔ order-by-key bounds must be strings without slashes.
      ✔ with more than one != query fail
      ✔ with != and not-in filters fail
      ✔ with multiple disjunctive filters fail
      ✔ can have an IN filter with an array-contains filter.
      ✔ enforce array requirements for disjunctive filters
      ✔ must not specify starting or ending point after orderBy
      ✔ must be non-empty strings or references when filtering by document ID
      ✔ using IN and document id must have proper document references in array
      ✔ cannot pass undefined as a field value
      ✔ invalid query filters fail
      ✔ passing non-filters to composite operators fails
      ✔ conflicting operators inside a nested composite filter
TOTAL: 53 SUCCESS

Finished in 0.201 secs / 0.126 secs @ 05:33:12 GMT+0800 (Malaysia Time)

SUMMARY:
✔ 53 tests completed
Done in 1.90s.
yarn run v1.22.22
(node:78587) [DEP0169] DeprecationWarning: `url.parse()` behavior is not standardized and prone to errors that have security implications. Use the WHATWG URL API instead. CVEs are not issued for `url.parse()` vulnerabilities.
(Use `node --trace-deprecation ...` to show where the warning was created)
$ /private/tmp/fireside-phase2-oracles.EJXGdU/firebase-js-sdk/node_modules/.bin/karma start /Users/sanjevirau/Desktop/fireside/conformance/src/webchannel/firebase-js-sdk-karma.conf.cjs --single-run --grep '(?:^\(Persistence=indexeddb\) Validation:(?= |$))'
The 'BROWSERS' environment variable is undefined. Defaulting to 'ChromeHeadless'.
webpack was not included as a framework in karma configuration, setting this automatically...

START:
(node:78589) [DEP0060] DeprecationWarning: The `util._extend` API is deprecated. Please use Object.assign() instead.
(Use `node --trace-deprecation ...` to show where the warning was created)
[32m02 09 2026 05:33:12.866:INFO [karma-server]: [39mKarma v6.4.4 server started at http://localhost:8089/
[32m02 09 2026 05:33:12.868:INFO [launcher]: [39mLaunching browsers ChromeHeadless with concurrency unlimited
[32m02 09 2026 05:33:12.870:INFO [launcher]: [39mStarting browser ChromeHeadless
[32m02 09 2026 05:33:13.760:INFO [Chrome Headless 152.0.0.0 (Mac OS 10.15.7)]: [39mConnected on socket nUTdEPcOlkyt8wc0AAAB with id 44104841
Chrome Headless 152.0.0.0 (Mac OS 10.15.7) LOG: 'Default Settings: {"host":"localhost:8080","ssl":false}'
Chrome Headless 152.0.0.0 (Mac OS 10.15.7) LOG: 'Default DatabaseId: "(default)"'
  (Persistence=indexeddb) Validation:
    ✔ Batch writes require correct Document References
    ✔ Transaction writes require correct Document References
    ✔ Field paths must not have empty segments
    ✔ Field paths must not have invalid segments
WARN: '[2026-09-01T21:33:14.029Z]  @firebase/firestore:', 'Firestore (12.18.0): Host has been set in both settings() and connectFirestoreEmulator(), emulator host will be used.'
    FirestoreSettings
      ✔ disallows changing settings after use
      ✔ enforces minimum cache size
      ✔ garbage collection can be disabled
      ✔ connectFirestoreEmulator() can set host and port
      ✔ connectFirestoreEmulator() can set mockUserToken object
WARN: '[2026-09-01T21:33:14.047Z]  @firebase/firestore:', 'Firestore (12.18.0): Host has been set in both settings() and connectFirestoreEmulator(), emulator host will be used.'
      ✔ disallows calling connectFirestoreEmulator() for first time after use
WARN: '[2026-09-01T21:33:14.049Z]  @firebase/firestore:', 'Firestore (12.18.0): Host has been set in both settings() and connectFirestoreEmulator(), emulator host will be used.'
      ✔ allows calling connectFirestoreEmulator() after use with same config
WARN: '[2026-09-01T21:33:14.067Z]  @firebase/firestore:', 'Firestore (12.18.0): Host has been set in both settings() and connectFirestoreEmulator(), emulator host will be used.'
WARN: '[2026-09-01T21:33:14.081Z]  @firebase/firestore:', 'Firestore (12.18.0): Host has been set in both settings() and connectFirestoreEmulator(), emulator host will be used.'
      ✔ disallows calling connectFirestoreEmulator() after use with different config
      ✔ connectFirestoreEmulator() can set mockUserToken string
WARN: '[2026-09-01T21:33:14.084Z]  @firebase/firestore:', 'Firestore (12.18.0): Host has been set in both settings() and connectFirestoreEmulator(), emulator host will be used.'
      ✔ throws if sub / user_id is missing in mockUserToken
WARN: '[2026-09-01T21:33:14.099Z]  @firebase/firestore:', 'Firestore (12.18.0): enableIndexedDbPersistence() will be deprecated in the future, you can use `FirestoreSettings.cache` instead.'
    Firestore
      ✔ disallows calling enableIndexedDbPersistence() after use
      ✔ fails transaction if function doesn't return a Promise.
    Collection paths
      ✔ must be non-empty strings
      ✔ must be odd-length
      ✔ must not have empty segments
    Document paths
      ✔ must be strings
      ✔ must be even-length
    Writes
      ✔ must be objects.
      ✔ must not contain custom objects or functions.
      ✔ must not contain field value transforms in arrays
      ✔ must not contain directly nested arrays.
      ✔ may contain indirectly nested arrays.
      ✔ must not contain undefined.
      ✔ must not contain references to a different database
      ✔ must not contain reserved field names.
      ✔ must not contain empty field names.
      ✔ via set() must not contain deleteField()
      ✔ via update() must not contain nested deleteField()
    Array transforms
      ✔ fail in queries
      ✔ reject invalid elements
      ✔ reject arrays
    Numeric transforms
      ✔ fail in queries
    Queries
      ✔ with non-positive limit fail
      ✔ cannot be created from documents missing sort values
ERROR: '[2026-09-01T21:33:14.304Z]  @firebase/firestore:', 'Firestore (12.18.0): Uncaught Error in snapshot listener:', 'FirebaseError: [code=aborted]: Firestore shutting down'
      ✔ cannot be sorted by an uncommitted server timestamp
      ✔ must not have more components than order by.
      ✔ order-by-key bounds must be strings without slashes.
      ✔ with more than one != query fail
      ✔ with != and not-in filters fail
      ✔ with multiple disjunctive filters fail
      ✔ can have an IN filter with an array-contains filter.
      ✔ enforce array requirements for disjunctive filters
      ✔ must not specify starting or ending point after orderBy
      ✔ must be non-empty strings or references when filtering by document ID
      ✔ using IN and document id must have proper document references in array
      ✔ cannot pass undefined as a field value
      ✔ invalid query filters fail
      ✔ passing non-filters to composite operators fails
      ✔ conflicting operators inside a nested composite filter
TOTAL: 53 SUCCESS

Finished in 0.421 secs / 0.416 secs @ 05:33:14 GMT+0800 (Malaysia Time)

SUMMARY:
✔ 53 tests completed
Done in 2.11s.
{
  "command": "yarn --cwd integration/firestore karma start <fireside emulator-target config> --single-run",
  "clientPersistence": "persistence",
  "completedTests": 1094,
  "completedAt": "2026-09-01T21:33:14.438Z",
  "firebaseJsSdkRevision": "6cde0c0230b4c1da01d4a058333daa7663322fd1",
  "filter": null,
  "mode": "memory",
  "nativeSkipNames": [
    "3 level deep join",
    "Collection Stage",
    "CollectionGroup Stage",
    "accepts and returns all data types",
    "add selectable",
    "and (variadic) selectable",
    "array contains any",
    "array subquery in where stage on books",
    "array subquery join and empty result",
    "array subquery join multiple fields preserves map",
    "arrayContains works",
    "arrayContainsAll works",
    "arrayContainsAny works",
    "arrayLength works",
    "arraySlice throws error for negative length",
    "cache integrity with multiple large documents",
    "can add fields",
    "can catch error message for missing index with error handler",
    "can clear persistence if the client has been terminated",
    "can clear persistence if the client has not been initialized",
    "can compute e to the power of a numeric value",
    "can compute e to the power of a numeric value with the top-level function",
    "can compute the base-10 logarithm of a numeric value",
    "can compute the base-10 logarithm of a numeric value with the top-level function",
    "can compute the ceiling of a numeric value",
    "can compute the ceiling of a numeric value with the top-level function",
    "can compute the floor of a numeric value",
    "can compute the floor of a numeric value with the top-level function",
    "can compute the length of a bytes value",
    "can compute the length of a map value",
    "can compute the length of a string value",
    "can compute the length of a string value with the top-level function",
    "can compute the length of a vector value",
    "can compute the length of an array value",
    "can compute the length of an array value with the top-level function",
    "can compute the logarithm of a numeric value",
    "can compute the logarithm of a numeric value with the top-level function",
    "can compute the natural logarithm of a numeric value",
    "can compute the natural logarithm of a numeric value with the top-level function",
    "can compute the power of a numeric value",
    "can compute the power of a numeric value with the top-level function",
    "can compute the square root of a numeric value",
    "can compute the square root of a numeric value with the top-level function",
    "can compute the sum of the elements in an array",
    "can compute the sum of the elements in an array with the top-level function",
    "can concat fields",
    "can filter with where",
    "can find nearest",
    "can get the collectionId from a path",
    "can get the collectionId from a path with the top-level function",
    "can limit, offset, and sort",
    "can listen for the same query with different options",
    "can perform FindNearest query",
    "can perform aggregate query",
    "can perform distinct query",
    "can query by field and use order by",
    "can query large documents",
    "can read and cache a 15.9MB Unicode document",
    "can remove fields",
    "can reverse a string",
    "can reverse a string with the top-level function",
    "can reverse an array",
    "can reverse an array with the top-level function",
    "can round a numeric value",
    "can round a numeric value away from zero for negative half-way values",
    "can round a numeric value away from zero for positive half-way values",
    "can round a numeric value to specified precision",
    "can round a numeric value with the top-level function",
    "can run transaction read-modify-write on a large document",
    "can run watch snapshot listener on a large document",
    "can select fields",
    "can set and get data with auto detect long polling enabled",
    "can truncate a numeric value",
    "can truncate a numeric value to specified precision",
    "can truncate a numeric value with the top-level function",
    "can write a 15.9MB document",
    "cannot clear persistence if the client has been initialized",
    "conditional works",
    "converts arrays and plain objects to functionValues if the customer intent is unspecified",
    "countif aggregate",
    "current document binding",
    "deep aggregation",
    "direct execution of subcollection pipeline",
    "empty snapshot as expected",
    "equalAny works",
    "error properties are propagated from the firestore backend",
    "evaluates expression in array",
    "evaluates expression in map",
    "explicit field binding scope bridging",
    "explicit order maintains existence filter",
    "full snapshot as expected",
    "get deleted doc while offline with default get options",
    "getAggregateFromServer error message contains console link good if missing index",
    "getAggregateFromServer fails if user is offline",
    "getCountFromServer error message contains console link if missing index",
    "getCountFromServer fails if user is offline",
    "gracefully rejects oversized payloads",
    "increment existing integer with integer",
    "inequality maintains existence filter",
    "logical max works",
    "logical min works",
    "maintains persistence after restarting app",
    "missing field on current document",
    "missing subcollection",
    "mixed scalar and array subqueries",
    "multiple array subqueries",
    "multiple double increments",
    "multiple variable bindings",
    "not-equal removes existence filter",
    "not-in removes existence filter",
    "notEqualAny works",
    "offline writes are sent after restart",
    "optionally returns the computed distance",
    "performs aggregations on documents with all aggregated fields using getAggregationFromServer",
    "pipeline stage support 9 layers",
    "query large documents forces local scan",
    "reject CollectionReference for another DB",
    "reject DocumentReference for another DB",
    "rejects groups without accumulators",
    "result equals works",
    "returns arrayAgg accumulations",
    "returns arrayAggDistinct accumulations",
    "returns countDistinct accumulation",
    "returns countif accumulation",
    "returns create and update time for each document",
    "returns distinct values as expected",
    "returns execution time",
    "returns execution time for an aggregate query",
    "returns execution time for an empty query",
    "returns first and last accumulations",
    "returns group and accumulate results",
    "returns min, max, count, and countAll accumulations",
    "returns undefined create and update time for each result in an aggregate query",
    "run pipeline with findNearest",
    "run pipeline with replaceWith Expr result",
    "run pipeline with replaceWith field name",
    "run pipeline with sample limit of 3",
    "run pipeline with sample limit of {documents: 3}",
    "run pipeline with sample limit of {percentage: 0.6}",
    "run pipeline with union",
    "run pipeline with unnest",
    "run pipeline with user data with union",
    "scalar subquery multiple aggregations map wrapping",
    "scalar subquery multiple results runtime error",
    "scalar subquery single aggregation unwrapping",
    "scalar subquery zero results",
    "single scope variable usage",
    "snapshot listener sorts unicode strings in document key the same as server with persistence",
    "sort by char_len",
    "sort, offset, and limit stages support options",
    "standard subcollection query",
    "supports CollectionReference as source",
    "supports Document_id",
    "supports aggregate",
    "supports aggregate options",
    "supports array",
    "supports array contains",
    "supports array contains any",
    "supports arrayFilter",
    "supports arrayFilter with mixed types and nulls",
    "supports arrayFirst",
    "supports arrayFirstN",
    "supports arrayGet",
    "supports arrayIndexOf",
    "supports arrayIndexOfAll",
    "supports arrayLast",
    "supports arrayLastIndexOf",
    "supports arrayLastN",
    "supports arrayMaximum",
    "supports arrayMaximumN",
    "supports arrayMinimum",
    "supports arrayMinimumN",
    "supports arraySlice",
    "supports arrayTransform and arrayTransformWithIndex",
    "supports arrayTransform with empty array and nulls",
    "supports basic switch",
    "supports boolean value constants as a BooleanExpression",
    "supports byteLength",
    "supports coalesce",
    "supports collection group as source",
    "supports collection groups",
    "supports collectionGroup query",
    "supports currentTimestamp",
    "supports database as source",
    "supports default query",
    "supports endAt",
    "supports endAt with limitToLast",
    "supports endBefore",
    "supports eq nan",
    "supports eq null",
    "supports filtered query",
    "supports filtered query (with FieldPath)",
    "supports ifAbsent",
    "supports ifNull",
    "supports in",
    "supports in with 1",
    "supports isType",
    "supports join",
    "supports limit query",
    "supports limitToLast query",
    "supports list of documents as source",
    "supports map",
    "supports mapMerge",
    "supports mapRemove",
    "supports multi-branch switch",
    "supports multiple inequality on different fields",
    "supports multiple inequality on same field",
    "supports neq",
    "supports neq nan",
    "supports neq null",
    "supports nor",
    "supports not",
    "supports not in",
    "supports not in with 1",
    "supports options",
    "supports or operator",
    "supports ordered query (with asc)",
    "supports ordered query (with default order)",
    "supports ordered query (with desc)",
    "supports pagination",
    "supports pagination on DocumentIds",
    "supports pagination with filters",
    "supports pagination with offsets",
    "supports parent",
    "supports query over collection path with special characters",
    "supports sort, offset, and limits",
    "supports split",
    "supports startAfter",
    "supports startAfter (with DocumentSnapshot)",
    "supports startAt",
    "supports startAt (with DocumentSnapshot)",
    "supports startAt with limitToLast",
    "supports substring",
    "supports substring without length",
    "supports timestamp conversions",
    "supports timestamp difference",
    "supports timestamp extraction",
    "supports timestamp math",
    "supports type",
    "test mapEntries",
    "test mapGet with field name including . notation",
    "test mapKeys",
    "test mapSet",
    "test mapValues",
    "test reverse",
    "test toLower",
    "test toUpper",
    "testAbs",
    "testArithmeticOperations",
    "testChecks",
    "testComparisonOperators",
    "testDistanceFunctions",
    "testEndsWith",
    "testLTrim",
    "testLength",
    "testLike",
    "testLogicalOperators",
    "testMapGet",
    "testNestedFields",
    "testRTrim",
    "testRand",
    "testRegexContains",
    "testRegexFind",
    "testRegexFindAll",
    "testRegexMatches",
    "testStartsWith",
    "testStrConcat",
    "testStrContains",
    "testStringIndexOf",
    "testStringRepeat",
    "testStringReplaceAll",
    "testStringReplaceOne",
    "testTrim",
    "testVectorLength",
    "throws if no match and no default",
    "throws on Duplicate aliases",
    "throws on duplicate group aliases",
    "throws on undefined in a map",
    "throws on undefined in an array",
    "truncate timestamp",
    "unbound variable corner case",
    "unnest an expr",
    "unnest with index field",
    "variable shadowing collision",
    "where with and (2 conditions)",
    "where with and (3 conditions)",
    "where with nor",
    "where with or",
    "where with xor",
    "zero result scalar returns null"
  ],
  "nativeSkips": 604,
  "passed": true,
  "partitionPlanSha256": "80688193a06f9f1dca791ca1e84905a8ba6d1f61ee7d24832eaa14a367ab0a11",
  "processPartitions": [
    {
      "coverageFilter": "(?:^\\(Persistence=memory_lru_gc\\) Count queries(?= |$))",
      "effectiveFilter": "(?:^\\(Persistence=memory_lru_gc\\) Count queries(?= |$))",
      "exitCode": 0,
      "nativeSkipOnly": false,
      "partitionName": "aggregation:1:1@memory_lru_gc",
      "signal": null,
      "completedTests": 7,
      "failedTests": 0,
      "nativeSkipNames": [
        "getCountFromServer error message contains console link if missing index",
        "getCountFromServer fails if user is offline"
      ],
      "nativeSkips": 2
    },
    {
      "coverageFilter": "(?:^\\(Persistence=indexeddb\\) Count queries(?= |$))",
      "effectiveFilter": "(?:^\\(Persistence=indexeddb\\) Count queries(?= |$))",
      "exitCode": 0,
      "nativeSkipOnly": false,
      "partitionName": "aggregation:1:1@indexeddb",
      "signal": null,
      "completedTests": 7,
      "failedTests": 0,
      "nativeSkipNames": [
        "getCountFromServer error message contains console link if missing index",
        "getCountFromServer fails if user is offline"
      ],
      "nativeSkips": 2
    },
    {
      "coverageFilter": "(?:^\\(Persistence=memory_lru_gc\\) Aggregation queries(?! (?:- sum / average)(?: |$))(?= |$))",
      "effectiveFilter": "(?:^\\(Persistence=memory_lru_gc\\) Aggregation queries(?! (?:- sum / average)(?: |$))(?= |$))",
      "exitCode": 0,
      "nativeSkipOnly": false,
      "partitionName": "aggregation:2:1@memory_lru_gc",
      "signal": null,
      "completedTests": 11,
      "failedTests": 0,
      "nativeSkipNames": [
        "getAggregateFromServer error message contains console link good if missing index",
        "getAggregateFromServer fails if user is offline"
      ],
      "nativeSkips": 2
    },
    {
      "coverageFilter": "(?:^\\(Persistence=indexeddb\\) Aggregation queries(?! (?:- sum / average)(?: |$))(?= |$))",
      "effectiveFilter": "(?:^\\(Persistence=indexeddb\\) Aggregation queries(?! (?:- sum / average)(?: |$))(?= |$))",
      "exitCode": 0,
      "nativeSkipOnly": false,
      "partitionName": "aggregation:2:1@indexeddb",
      "signal": null,
      "completedTests": 11,
      "failedTests": 0,
      "nativeSkipNames": [
        "getAggregateFromServer error message contains console link good if missing index",
        "getAggregateFromServer fails if user is offline"
      ],
      "nativeSkips": 2
    },
    {
      "coverageFilter": "(?:^\\(Persistence=memory_lru_gc\\) Aggregation queries - sum / average(?= |$))",
      "effectiveFilter": "(?:^\\(Persistence=memory_lru_gc\\) Aggregation queries - sum / average(?= |$))",
      "exitCode": 0,
      "nativeSkipOnly": false,
      "partitionName": "aggregation:3:1@memory_lru_gc",
      "signal": null,
      "completedTests": 34,
      "failedTests": 0,
      "nativeSkipNames": [],
      "nativeSkips": 0
    },
    {
      "coverageFilter": "(?:^\\(Persistence=indexeddb\\) Aggregation queries - sum / average(?= |$))",
      "effectiveFilter": "(?:^\\(Persistence=indexeddb\\) Aggregation queries - sum / average(?= |$))",
      "exitCode": 0,
      "nativeSkipOnly": false,
      "partitionName": "aggregation:3:1@indexeddb",
      "signal": null,
      "completedTests": 34,
      "failedTests": 0,
      "nativeSkipNames": [],
      "nativeSkips": 0
    },
    {
      "coverageFilter": "(?:^\\(Persistence=memory_lru_gc\\) Array Transforms:(?= |$))",
      "effectiveFilter": "(?:^\\(Persistence=memory_lru_gc\\) Array Transforms:(?= |$))",
      "exitCode": 0,
      "nativeSkipOnly": false,
      "partitionName": "array-transforms:1:1@memory_lru_gc",
      "signal": null,
      "completedTests": 13,
      "failedTests": 0,
      "nativeSkipNames": [],
      "nativeSkips": 0
    },
    {
      "coverageFilter": "(?:^\\(Persistence=indexeddb\\) Array Transforms:(?= |$))",
      "effectiveFilter": "(?:^\\(Persistence=indexeddb\\) Array Transforms:(?= |$))",
      "exitCode": 0,
      "nativeSkipOnly": false,
      "partitionName": "array-transforms:1:1@indexeddb",
      "signal": null,
      "completedTests": 13,
      "failedTests": 0,
      "nativeSkipNames": [],
      "nativeSkips": 0
    },
    {
      "coverageFilter": "(?:^\\(Persistence=memory_lru_gc\\) Database batch writes(?= |$))",
      "effectiveFilter": "(?:^\\(Persistence=memory_lru_gc\\) Database batch writes(?= |$))",
      "exitCode": 0,
      "nativeSkipOnly": false,
      "partitionName": "batch-writes:1:1@memory_lru_gc",
      "signal": null,
      "completedTests": 12,
      "failedTests": 0,
      "nativeSkipNames": [],
      "nativeSkips": 0
    },
    {
      "coverageFilter": "(?:^\\(Persistence=indexeddb\\) Database batch writes(?= |$))",
      "effectiveFilter": "(?:^\\(Persistence=indexeddb\\) Database batch writes(?= |$))",
      "exitCode": 0,
      "nativeSkipOnly": false,
      "partitionName": "batch-writes:1:1@indexeddb",
      "signal": null,
      "completedTests": 12,
      "failedTests": 0,
      "nativeSkipNames": [],
      "nativeSkips": 0
    },
    {
      "coverageFilter": "(?:^\\(Persistence=memory_lru_gc\\) Bundles(?= |$))",
      "effectiveFilter": "(?:^\\(Persistence=memory_lru_gc\\) Bundles(?= |$))",
      "exitCode": 0,
      "nativeSkipOnly": false,
      "partitionName": "bundles:1:1@memory_lru_gc",
      "signal": null,
      "completedTests": 6,
      "failedTests": 0,
      "nativeSkipNames": [],
      "nativeSkips": 0
    },
    {
      "coverageFilter": "(?:^\\(Persistence=indexeddb\\) Bundles(?= |$))",
      "effectiveFilter": "(?:^\\(Persistence=indexeddb\\) Bundles(?= |$))",
      "exitCode": 0,
      "nativeSkipOnly": false,
      "partitionName": "bundles:1:1@indexeddb",
      "signal": null,
      "completedTests": 6,
      "failedTests": 0,
      "nativeSkipNames": [],
      "nativeSkips": 0
    },
    {
      "coverageFilter": "(?:^\\(Persistence=memory_lru_gc\\) Composite Index Queries(?= |$))",
      "effectiveFilter": "(?:^\\(Persistence=memory_lru_gc\\) Composite Index Queries(?= |$))",
      "exitCode": 0,
      "nativeSkipOnly": false,
      "partitionName": "composite-index-query:1:1@memory_lru_gc",
      "signal": null,
      "completedTests": 18,
      "failedTests": 0,
      "nativeSkipNames": [
        "performs aggregations on documents with all aggregated fields using getAggregationFromServer"
      ],
      "nativeSkips": 1
    },
    {
      "coverageFilter": "(?:^\\(Persistence=indexeddb\\) Composite Index Queries(?= |$))",
      "effectiveFilter": "(?:^\\(Persistence=indexeddb\\) Composite Index Queries(?= |$))",
      "exitCode": 0,
      "nativeSkipOnly": false,
      "partitionName": "composite-index-query:1:1@indexeddb",
      "signal": null,
      "completedTests": 18,
      "failedTests": 0,
      "nativeSkipNames": [
        "performs aggregations on documents with all aggregated fields using getAggregationFromServer"
      ],
      "nativeSkips": 1
    },
    {
      "coverageFilter": "(?:^\\(Persistence=memory_lru_gc\\) Cursors(?= |$))",
      "effectiveFilter": "(?:^\\(Persistence=memory_lru_gc\\) Cursors(?= |$))",
      "exitCode": 0,
      "nativeSkipOnly": false,
      "partitionName": "cursors:1:1@memory_lru_gc",
      "signal": null,
      "completedTests": 9,
      "failedTests": 0,
      "nativeSkipNames": [],
      "nativeSkips": 0
    },
    {
      "coverageFilter": "(?:^\\(Persistence=indexeddb\\) Cursors(?= |$))",
      "effectiveFilter": "(?:^\\(Persistence=indexeddb\\) Cursors(?= |$))",
      "exitCode": 0,
      "nativeSkipOnly": false,
      "partitionName": "cursors:1:1@indexeddb",
      "signal": null,
      "completedTests": 9,
      "failedTests": 0,
      "nativeSkipNames": [],
      "nativeSkips": 0
    },
    {
      "coverageFilter": "(?:^\\(Persistence=memory_lru_gc\\) Database (?:(?:can set a document(?= |$)|doc\\(\\) will auto generate an ID(?= |$)|can delete a document(?= |$)|can update existing document(?= |$)|can retrieve document that does not exist(?= |$))))",
      "effectiveFilter": "(?:^\\(Persistence=memory_lru_gc\\) Database (?:(?:can set a document(?= |$)|doc\\(\\) will auto generate an ID(?= |$)|can delete a document(?= |$)|can update existing document(?= |$)|can retrieve document that does not exist(?= |$))))",
      "exitCode": 0,
      "nativeSkipOnly": false,
      "partitionName": "database:1:1@memory_lru_gc",
      "signal": null,
      "completedTests": 5,
      "failedTests": 0,
      "nativeSkipNames": [],
      "nativeSkips": 0
    },
    {
      "coverageFilter": "(?:^\\(Persistence=indexeddb\\) Database (?:(?:can set a document(?= |$)|doc\\(\\) will auto generate an ID(?= |$)|can delete a document(?= |$)|can update existing document(?= |$)|can retrieve document that does not exist(?= |$))))",
      "effectiveFilter": "(?:^\\(Persistence=indexeddb\\) Database (?:(?:can set a document(?= |$)|doc\\(\\) will auto generate an ID(?= |$)|can delete a document(?= |$)|can update existing document(?= |$)|can retrieve document that does not exist(?= |$))))",
      "exitCode": 0,
      "nativeSkipOnly": false,
      "partitionName": "database:1:1@indexeddb",
      "signal": null,
      "completedTests": 5,
      "failedTests": 0,
      "nativeSkipNames": [],
      "nativeSkips": 0
    },
    {
      "coverageFilter": "(?:^\\(Persistence=memory_lru_gc\\) Database (?:(?:can update an unknown document(?= |$)|can merge data with an existing document using set(?= |$)|can merge server timestamps(?= |$)|can merge empty object(?= |$)|update with empty object replaces all fields(?= |$))))",
      "effectiveFilter": "(?:^\\(Persistence=memory_lru_gc\\) Database (?:(?:can update an unknown document(?= |$)|can merge data with an existing document using set(?= |$)|can merge server timestamps(?= |$)|can merge empty object(?= |$)|update with empty object replaces all fields(?= |$))))",
      "exitCode": 0,
      "nativeSkipOnly": false,
      "partitionName": "database:1:2@memory_lru_gc",
      "signal": null,
      "completedTests": 5,
      "failedTests": 0,
      "nativeSkipNames": [],
      "nativeSkips": 0
    },
    {
      "coverageFilter": "(?:^\\(Persistence=indexeddb\\) Database (?:(?:can update an unknown document(?= |$)|can merge data with an existing document using set(?= |$)|can merge server timestamps(?= |$)|can merge empty object(?= |$)|update with empty object replaces all fields(?= |$))))",
      "effectiveFilter": "(?:^\\(Persistence=indexeddb\\) Database (?:(?:can update an unknown document(?= |$)|can merge data with an existing document using set(?= |$)|can merge server timestamps(?= |$)|can merge empty object(?= |$)|update with empty object replaces all fields(?= |$))))",
      "exitCode": 0,
      "nativeSkipOnly": false,
      "partitionName": "database:1:2@indexeddb",
      "signal": null,
      "completedTests": 5,
      "failedTests": 0,
      "nativeSkipNames": [],
      "nativeSkips": 0
    },
    {
      "coverageFilter": "(?:^\\(Persistence=memory_lru_gc\\) Database (?:(?:merge with empty object replaces all fields(?= |$)|can delete field using merge(?= |$)|can delete field using mergeFields(?= |$)|can set server timestamps using mergeFields(?= |$)|can replace an array by merging using set(?= |$))))",
      "effectiveFilter": "(?:^\\(Persistence=memory_lru_gc\\) Database (?:(?:merge with empty object replaces all fields(?= |$)|can delete field using merge(?= |$)|can delete field using mergeFields(?= |$)|can set server timestamps using mergeFields(?= |$)|can replace an array by merging using set(?= |$))))",
      "exitCode": 0,
      "nativeSkipOnly": false,
      "partitionName": "database:1:3@memory_lru_gc",
      "signal": null,
      "completedTests": 5,
      "failedTests": 0,
      "nativeSkipNames": [],
      "nativeSkips": 0
    },
    {
      "coverageFilter": "(?:^\\(Persistence=indexeddb\\) Database (?:(?:merge with empty object replaces all fields(?= |$)|can delete field using merge(?= |$)|can delete field using mergeFields(?= |$)|can set server timestamps using mergeFields(?= |$)|can replace an array by merging using set(?= |$))))",
      "effectiveFilter": "(?:^\\(Persistence=indexeddb\\) Database (?:(?:merge with empty object replaces all fields(?= |$)|can delete field using merge(?= |$)|can delete field using mergeFields(?= |$)|can set server timestamps using mergeFields(?= |$)|can replace an array by merging using set(?= |$))))",
      "exitCode": 0,
      "nativeSkipOnly": false,
      "partitionName": "database:1:3@indexeddb",
      "signal": null,
      "completedTests": 5,
      "failedTests": 0,
      "nativeSkipNames": [],
      "nativeSkips": 0
    },
    {
      "coverageFilter": "(?:^\\(Persistence=memory_lru_gc\\) Database (?:(?:can't specify a field mask for a missing field using set(?= |$)|can set a subset of fields using a field mask(?= |$)|doesn't apply field delete outside of mask(?= |$)|doesn't apply field transform outside of mask(?= |$)|can set an empty field mask(?= |$))))",
      "effectiveFilter": "(?:^\\(Persistence=memory_lru_gc\\) Database (?:(?:can't specify a field mask for a missing field using set(?= |$)|can set a subset of fields using a field mask(?= |$)|doesn't apply field delete outside of mask(?= |$)|doesn't apply field transform outside of mask(?= |$)|can set an empty field mask(?= |$))))",
      "exitCode": 0,
      "nativeSkipOnly": false,
      "partitionName": "database:1:4@memory_lru_gc",
      "signal": null,
      "completedTests": 5,
      "failedTests": 0,
      "nativeSkipNames": [],
      "nativeSkips": 0
    },
    {
      "coverageFilter": "(?:^\\(Persistence=indexeddb\\) Database (?:(?:can't specify a field mask for a missing field using set(?= |$)|can set a subset of fields using a field mask(?= |$)|doesn't apply field delete outside of mask(?= |$)|doesn't apply field transform outside of mask(?= |$)|can set an empty field mask(?= |$))))",
      "effectiveFilter": "(?:^\\(Persistence=indexeddb\\) Database (?:(?:can't specify a field mask for a missing field using set(?= |$)|can set a subset of fields using a field mask(?= |$)|doesn't apply field delete outside of mask(?= |$)|doesn't apply field transform outside of mask(?= |$)|can set an empty field mask(?= |$))))",
      "exitCode": 0,
      "nativeSkipOnly": false,
      "partitionName": "database:1:4@indexeddb",
      "signal": null,
      "completedTests": 5,
      "failedTests": 0,
      "nativeSkipNames": [],
      "nativeSkips": 0
    },
    {
      "coverageFilter": "(?:^\\(Persistence=memory_lru_gc\\) Database (?:(?:can specify fields multiple times in a field mask(?= |$)|cannot update nonexistent document(?= |$)|can delete a field with an update(?= |$)|can update nested fields(?= |$)|can specify updated field multiple times(?= |$))))",
      "effectiveFilter": "(?:^\\(Persistence=memory_lru_gc\\) Database (?:(?:can specify fields multiple times in a field mask(?= |$)|cannot update nonexistent document(?= |$)|can delete a field with an update(?= |$)|can update nested fields(?= |$)|can specify updated field multiple times(?= |$))))",
      "exitCode": 0,
      "nativeSkipOnly": false,
      "partitionName": "database:1:5@memory_lru_gc",
      "signal": null,
      "completedTests": 5,
      "failedTests": 0,
      "nativeSkipNames": [],
      "nativeSkips": 0
    },
    {
      "coverageFilter": "(?:^\\(Persistence=indexeddb\\) Database (?:(?:can specify fields multiple times in a field mask(?= |$)|cannot update nonexistent document(?= |$)|can delete a field with an update(?= |$)|can update nested fields(?= |$)|can specify updated field multiple times(?= |$))))",
      "effectiveFilter": "(?:^\\(Persistence=indexeddb\\) Database (?:(?:can specify fields multiple times in a field mask(?= |$)|cannot update nonexistent document(?= |$)|can delete a field with an update(?= |$)|can update nested fields(?= |$)|can specify updated field multiple times(?= |$))))",
      "exitCode": 0,
      "nativeSkipOnly": false,
      "partitionName": "database:1:5@indexeddb",
      "signal": null,
      "completedTests": 5,
      "failedTests": 0,
      "nativeSkipNames": [],
      "nativeSkips": 0
    },
    {
      "coverageFilter": "(?:^\\(Persistence=memory_lru_gc\\) Database (?:(?:vector embeddings(?= |$)|documents: (?= |$)|CollectionRef\\.add\\(\\) resolves with resulting DocumentRef\\.(?= |$)|onSnapshotsInSync fires after listeners are in sync(?= |$)|\\(Persistence=(?:memory_lru_gc|indexeddb)\\) Queries are validated client-side(?= |$))))",
      "effectiveFilter": "(?:^\\(Persistence=memory_lru_gc\\) Database (?:(?:vector embeddings(?= |$)|documents: (?= |$)|CollectionRef\\.add\\(\\) resolves with resulting DocumentRef\\.(?= |$)|onSnapshotsInSync fires after listeners are in sync(?= |$)|\\(Persistence=(?:memory_lru_gc|indexeddb)\\) Queries are validated client-side(?= |$))))",
      "exitCode": 0,
      "nativeSkipOnly": false,
      "partitionName": "database:1:6@memory_lru_gc",
      "signal": null,
      "completedTests": 52,
      "failedTests": 0,
      "nativeSkipNames": [],
      "nativeSkips": 0
    },
    {
      "coverageFilter": "(?:^\\(Persistence=indexeddb\\) Database (?:(?:vector embeddings(?= |$)|documents: (?= |$)|CollectionRef\\.add\\(\\) resolves with resulting DocumentRef\\.(?= |$)|onSnapshotsInSync fires after listeners are in sync(?= |$)|\\(Persistence=(?:memory_lru_gc|indexeddb)\\) Queries are validated client-side(?= |$))))",
      "effectiveFilter": "(?:^\\(Persistence=indexeddb\\) Database (?:(?:vector embeddings(?= |$)|documents: (?= |$)|CollectionRef\\.add\\(\\) resolves with resulting DocumentRef\\.(?= |$)|onSnapshotsInSync fires after listeners are in sync(?= |$)|\\(Persistence=(?:memory_lru_gc|indexeddb)\\) Queries are validated client-side(?= |$))))",
      "exitCode": 0,
      "nativeSkipOnly": false,
      "partitionName": "database:1:6@indexeddb",
      "signal": null,
      "completedTests": 52,
      "failedTests": 0,
      "nativeSkipNames": [],
      "nativeSkips": 0
    },
    {
      "coverageFilter": "(?:^\\(Persistence=memory_lru_gc\\) Database (?:(?:DocumentSnapshot events for nonexistent document(?= |$)|DocumentSnapshot events for add data to document(?= |$)|DocumentSnapshot events for change data in document(?= |$)|DocumentSnapshot events for delete data in document(?= |$)|Listen can be called multiple times(?= |$))))",
      "effectiveFilter": "(?:^\\(Persistence=memory_lru_gc\\) Database (?:(?:DocumentSnapshot events for nonexistent document(?= |$)|DocumentSnapshot events for add data to document(?= |$)|DocumentSnapshot events for change data in document(?= |$)|DocumentSnapshot events for delete data in document(?= |$)|Listen can be called multiple times(?= |$))))",
      "exitCode": 0,
      "nativeSkipOnly": false,
      "partitionName": "database:1:7@memory_lru_gc",
      "signal": null,
      "completedTests": 5,
      "failedTests": 0,
      "nativeSkipNames": [],
      "nativeSkips": 0
    },
    {
      "coverageFilter": "(?:^\\(Persistence=indexeddb\\) Database (?:(?:DocumentSnapshot events for nonexistent document(?= |$)|DocumentSnapshot events for add data to document(?= |$)|DocumentSnapshot events for change data in document(?= |$)|DocumentSnapshot events for delete data in document(?= |$)|Listen can be called multiple times(?= |$))))",
      "effectiveFilter": "(?:^\\(Persistence=indexeddb\\) Database (?:(?:DocumentSnapshot events for nonexistent document(?= |$)|DocumentSnapshot events for add data to document(?= |$)|DocumentSnapshot events for change data in document(?= |$)|DocumentSnapshot events for delete data in document(?= |$)|Listen can be called multiple times(?= |$))))",
      "exitCode": 0,
      "nativeSkipOnly": false,
      "partitionName": "database:1:7@indexeddb",
      "signal": null,
      "completedTests": 5,
      "failedTests": 0,
      "nativeSkipNames": [],
      "nativeSkips": 0
    },
    {
      "coverageFilter": "(?:^\\(Persistence=memory_lru_gc\\) Database (?:(?:DocumentSnapshot events for snapshot created by a bundle(?= |$)|DocumentSnapshot updated doc events in snapshot created by a bundle accumulator(?= |$)|DocumentSnapshot observer events for snapshot created by a bundle(?= |$)|DocumentSnapshot error events for snapshot created by a bundle(?= |$)|DocumentSnapshot observer error events for snapshot created by a bundle(?= |$))))",
      "effectiveFilter": "(?:^\\(Persistence=memory_lru_gc\\) Database (?:(?:DocumentSnapshot events for snapshot created by a bundle(?= |$)|DocumentSnapshot updated doc events in snapshot created by a bundle accumulator(?= |$)|DocumentSnapshot observer events for snapshot created by a bundle(?= |$)|DocumentSnapshot error events for snapshot created by a bundle(?= |$)|DocumentSnapshot observer error events for snapshot created by a bundle(?= |$))))",
      "exitCode": 0,
      "nativeSkipOnly": false,
      "partitionName": "database:1:8@memory_lru_gc",
      "signal": null,
      "completedTests": 5,
      "failedTests": 0,
      "nativeSkipNames": [],
      "nativeSkips": 0
    },
    {
      "coverageFilter": "(?:^\\(Persistence=indexeddb\\) Database (?:(?:DocumentSnapshot events for snapshot created by a bundle(?= |$)|DocumentSnapshot updated doc events in snapshot created by a bundle accumulator(?= |$)|DocumentSnapshot observer events for snapshot created by a bundle(?= |$)|DocumentSnapshot error events for snapshot created by a bundle(?= |$)|DocumentSnapshot observer error events for snapshot created by a bundle(?= |$))))",
      "effectiveFilter": "(?:^\\(Persistence=indexeddb\\) Database (?:(?:DocumentSnapshot events for snapshot created by a bundle(?= |$)|DocumentSnapshot updated doc events in snapshot created by a bundle accumulator(?= |$)|DocumentSnapshot observer events for snapshot created by a bundle(?= |$)|DocumentSnapshot error events for snapshot created by a bundle(?= |$)|DocumentSnapshot observer error events for snapshot created by a bundle(?= |$))))",
      "exitCode": 0,
      "nativeSkipOnly": false,
      "partitionName": "database:1:8@indexeddb",
      "signal": null,
      "completedTests": 5,
      "failedTests": 0,
      "nativeSkipNames": [],
      "nativeSkips": 0
    },
    {
      "coverageFilter": "(?:^\\(Persistence=memory_lru_gc\\) Database (?:(?:DocumentSnapshot updated doc events in snapshot created by fromJSON bundle(?= |$)|DocumentSnapshot updated doc events in snapshot created by fromJSON doc ref(?= |$)|Querysnapshot events for snapshot created by a bundle(?= |$)|Querysnapshot observer events for snapshot created by a bundle(?= |$)|QuerySnapshot error events for snapshot created by a bundle(?= |$))))",
      "effectiveFilter": "(?:^\\(Persistence=memory_lru_gc\\) Database (?:(?:DocumentSnapshot updated doc events in snapshot created by fromJSON bundle(?= |$)|DocumentSnapshot updated doc events in snapshot created by fromJSON doc ref(?= |$)|Querysnapshot events for snapshot created by a bundle(?= |$)|Querysnapshot observer events for snapshot created by a bundle(?= |$)|QuerySnapshot error events for snapshot created by a bundle(?= |$))))",
      "exitCode": 0,
      "nativeSkipOnly": false,
      "partitionName": "database:1:9@memory_lru_gc",
      "signal": null,
      "completedTests": 5,
      "failedTests": 0,
      "nativeSkipNames": [],
      "nativeSkips": 0
    },
    {
      "coverageFilter": "(?:^\\(Persistence=indexeddb\\) Database (?:(?:DocumentSnapshot updated doc events in snapshot created by fromJSON bundle(?= |$)|DocumentSnapshot updated doc events in snapshot created by fromJSON doc ref(?= |$)|Querysnapshot events for snapshot created by a bundle(?= |$)|Querysnapshot observer events for snapshot created by a bundle(?= |$)|QuerySnapshot error events for snapshot created by a bundle(?= |$))))",
      "effectiveFilter": "(?:^\\(Persistence=indexeddb\\) Database (?:(?:DocumentSnapshot updated doc events in snapshot created by fromJSON bundle(?= |$)|DocumentSnapshot updated doc events in snapshot created by fromJSON doc ref(?= |$)|Querysnapshot events for snapshot created by a bundle(?= |$)|Querysnapshot observer events for snapshot created by a bundle(?= |$)|QuerySnapshot error events for snapshot created by a bundle(?= |$))))",
      "exitCode": 0,
      "nativeSkipOnly": false,
      "partitionName": "database:1:9@indexeddb",
      "signal": null,
      "completedTests": 5,
      "failedTests": 0,
      "nativeSkipNames": [],
      "nativeSkips": 0
    },
    {
      "coverageFilter": "(?:^\\(Persistence=memory_lru_gc\\) Database (?:(?:QuerySnapshot observer error events for snapshot created by a bundle(?= |$)|QuerySnapshot updated doc events in snapshot created by a bundle(?= |$)|QuerySnapshot updated doc events in snapshot created by fromJSON (?= |$)|QuerySnapshot updated doc events in snapshot created by fromJSON query ref(?= |$)|Metadata only changes are not fired when no options provided(?= |$))))",
      "effectiveFilter": "(?:^\\(Persistence=memory_lru_gc\\) Database (?:(?:QuerySnapshot observer error events for snapshot created by a bundle(?= |$)|QuerySnapshot updated doc events in snapshot created by a bundle(?= |$)|QuerySnapshot updated doc events in snapshot created by fromJSON (?= |$)|QuerySnapshot updated doc events in snapshot created by fromJSON query ref(?= |$)|Metadata only changes are not fired when no options provided(?= |$))))",
      "exitCode": 0,
      "nativeSkipOnly": false,
      "partitionName": "database:1:10@memory_lru_gc",
      "signal": null,
      "completedTests": 5,
      "failedTests": 0,
      "nativeSkipNames": [],
      "nativeSkips": 0
    },
    {
      "coverageFilter": "(?:^\\(Persistence=indexeddb\\) Database (?:(?:QuerySnapshot observer error events for snapshot created by a bundle(?= |$)|QuerySnapshot updated doc events in snapshot created by a bundle(?= |$)|QuerySnapshot updated doc events in snapshot created by fromJSON (?= |$)|QuerySnapshot updated doc events in snapshot created by fromJSON query ref(?= |$)|Metadata only changes are not fired when no options provided(?= |$))))",
      "effectiveFilter": "(?:^\\(Persistence=indexeddb\\) Database (?:(?:QuerySnapshot observer error events for snapshot created by a bundle(?= |$)|QuerySnapshot updated doc events in snapshot created by a bundle(?= |$)|QuerySnapshot updated doc events in snapshot created by fromJSON (?= |$)|QuerySnapshot updated doc events in snapshot created by fromJSON query ref(?= |$)|Metadata only changes are not fired when no options provided(?= |$))))",
      "exitCode": 0,
      "nativeSkipOnly": false,
      "partitionName": "database:1:10@indexeddb",
      "signal": null,
      "completedTests": 5,
      "failedTests": 0,
      "nativeSkipNames": [],
      "nativeSkips": 0
    },
    {
      "coverageFilter": "(?:^\\(Persistence=memory_lru_gc\\) Database (?:(?:Listens are rejected remotely:(?= |$)|exposes \"firestore\" on document references\\.(?= |$)|exposes \"firestore\" on query references\\.(?= |$)|can compare DocumentReference instances with isEqual\\(\\)\\.(?= |$)|can compare Query instances with isEqual\\(\\)\\.(?= |$))))",
      "effectiveFilter": "(?:^\\(Persistence=memory_lru_gc\\) Database (?:(?:Listens are rejected remotely:(?= |$)|exposes \"firestore\" on document references\\.(?= |$)|exposes \"firestore\" on query references\\.(?= |$)|can compare DocumentReference instances with isEqual\\(\\)\\.(?= |$)|can compare Query instances with isEqual\\(\\)\\.(?= |$))))",
      "exitCode": 0,
      "nativeSkipOnly": false,
      "partitionName": "database:1:11@memory_lru_gc",
      "signal": null,
      "completedTests": 8,
      "failedTests": 0,
      "nativeSkipNames": [],
      "nativeSkips": 0
    },
    {
      "coverageFilter": "(?:^\\(Persistence=indexeddb\\) Database (?:(?:Listens are rejected remotely:(?= |$)|exposes \"firestore\" on document references\\.(?= |$)|exposes \"firestore\" on query references\\.(?= |$)|can compare DocumentReference instances with isEqual\\(\\)\\.(?= |$)|can compare Query instances with isEqual\\(\\)\\.(?= |$))))",
      "effectiveFilter": "(?:^\\(Persistence=indexeddb\\) Database (?:(?:Listens are rejected remotely:(?= |$)|exposes \"firestore\" on document references\\.(?= |$)|exposes \"firestore\" on query references\\.(?= |$)|can compare DocumentReference instances with isEqual\\(\\)\\.(?= |$)|can compare Query instances with isEqual\\(\\)\\.(?= |$))))",
      "exitCode": 0,
      "nativeSkipOnly": false,
      "partitionName": "database:1:11@indexeddb",
      "signal": null,
      "completedTests": 8,
      "failedTests": 0,
      "nativeSkipNames": [],
      "nativeSkips": 0
    },
    {
      "coverageFilter": "(?:^\\(Persistence=memory_lru_gc\\) Database (?:(?:can compare multiple inequality Query instances with isEqual\\(\\)\\.(?= |$)|can traverse collections and documents\\.(?= |$)|can traverse collection and document parents\\.(?= |$)|can queue writes while offline(?= |$)|offline writes are sent after restart(?= |$))))",
      "effectiveFilter": "(?:^\\(Persistence=memory_lru_gc\\) Database (?:(?:can compare multiple inequality Query instances with isEqual\\(\\)\\.(?= |$)|can traverse collections and documents\\.(?= |$)|can traverse collection and document parents\\.(?= |$)|can queue writes while offline(?= |$)|offline writes are sent after restart(?= |$))))",
      "exitCode": 0,
      "nativeSkipOnly": false,
      "partitionName": "database:1:12@memory_lru_gc",
      "signal": null,
      "completedTests": 4,
      "failedTests": 0,
      "nativeSkipNames": [
        "offline writes are sent after restart"
      ],
      "nativeSkips": 1
    },
    {
      "coverageFilter": "(?:^\\(Persistence=indexeddb\\) Database (?:(?:can compare multiple inequality Query instances with isEqual\\(\\)\\.(?= |$)|can traverse collections and documents\\.(?= |$)|can traverse collection and document parents\\.(?= |$)|can queue writes while offline(?= |$)|offline writes are sent after restart(?= |$))))",
      "effectiveFilter": "(?:^\\(Persistence=indexeddb\\) Database (?:(?:can compare multiple inequality Query instances with isEqual\\(\\)\\.(?= |$)|can traverse collections and documents\\.(?= |$)|can traverse collection and document parents\\.(?= |$)|can queue writes while offline(?= |$)|offline writes are sent after restart(?= |$))))",
      "exitCode": 0,
      "nativeSkipOnly": false,
      "partitionName": "database:1:12@indexeddb",
      "signal": null,
      "completedTests": 5,
      "failedTests": 0,
      "nativeSkipNames": [],
      "nativeSkips": 0
    },
    {
      "coverageFilter": "(?:^\\(Persistence=memory_lru_gc\\) Database (?:(?:rejects subsequent method calls after terminate\\(\\) is called(?= |$)|can call terminate\\(\\) multiple times(?= |$)|maintains persistence after restarting app(?= |$)|can clear persistence if the client has been terminated(?= |$)|can clear persistence if the client has not been initialized(?= |$))))",
      "effectiveFilter": "(?:^\\(Persistence=memory_lru_gc\\) Database (?:(?:rejects subsequent method calls after terminate\\(\\) is called(?= |$)|can call terminate\\(\\) multiple times(?= |$)|maintains persistence after restarting app(?= |$)|can clear persistence if the client has been terminated(?= |$)|can clear persistence if the client has not been initialized(?= |$))))",
      "exitCode": 0,
      "nativeSkipOnly": false,
      "partitionName": "database:1:13@memory_lru_gc",
      "signal": null,
      "completedTests": 2,
      "failedTests": 0,
      "nativeSkipNames": [
        "can clear persistence if the client has been terminated",
        "can clear persistence if the client has not been initialized",
        "maintains persistence after restarting app"
      ],
      "nativeSkips": 3
    },
    {
      "coverageFilter": "(?:^\\(Persistence=indexeddb\\) Database (?:(?:rejects subsequent method calls after terminate\\(\\) is called(?= |$)|can call terminate\\(\\) multiple times(?= |$)|maintains persistence after restarting app(?= |$)|can clear persistence if the client has been terminated(?= |$)|can clear persistence if the client has not been initialized(?= |$))))",
      "effectiveFilter": "(?:^\\(Persistence=indexeddb\\) Database (?:(?:rejects subsequent method calls after terminate\\(\\) is called(?= |$)|can call terminate\\(\\) multiple times(?= |$)|maintains persistence after restarting app(?= |$)|can clear persistence if the client has been terminated(?= |$)|can clear persistence if the client has not been initialized(?= |$))))",
      "exitCode": 0,
      "nativeSkipOnly": false,
      "partitionName": "database:1:13@indexeddb",
      "signal": null,
      "completedTests": 5,
      "failedTests": 0,
      "nativeSkipNames": [],
      "nativeSkips": 0
    },
    {
      "coverageFilter": "(?:^\\(Persistence=memory_lru_gc\\) Database (?:(?:cannot clear persistence if the client has been initialized(?= |$)|can get documents while offline(?= |$)|can enable and disable networking(?= |$)|can start a new instance after shut down(?= |$)|new operation after termination should throw(?= |$))))",
      "effectiveFilter": "(?:^\\(Persistence=memory_lru_gc\\) Database (?:(?:cannot clear persistence if the client has been initialized(?= |$)|can get documents while offline(?= |$)|can enable and disable networking(?= |$)|can start a new instance after shut down(?= |$)|new operation after termination should throw(?= |$))))",
      "exitCode": 0,
      "nativeSkipOnly": false,
      "partitionName": "database:1:14@memory_lru_gc",
      "signal": null,
      "completedTests": 4,
      "failedTests": 0,
      "nativeSkipNames": [
        "cannot clear persistence if the client has been initialized"
      ],
      "nativeSkips": 1
    },
    {
      "coverageFilter": "(?:^\\(Persistence=indexeddb\\) Database (?:(?:cannot clear persistence if the client has been initialized(?= |$)|can get documents while offline(?= |$)|can enable and disable networking(?= |$)|can start a new instance after shut down(?= |$)|new operation after termination should throw(?= |$))))",
      "effectiveFilter": "(?:^\\(Persistence=indexeddb\\) Database (?:(?:cannot clear persistence if the client has been initialized(?= |$)|can get documents while offline(?= |$)|can enable and disable networking(?= |$)|can start a new instance after shut down(?= |$)|new operation after termination should throw(?= |$))))",
      "exitCode": 0,
      "nativeSkipOnly": false,
      "partitionName": "database:1:14@indexeddb",
      "signal": null,
      "completedTests": 5,
      "failedTests": 0,
      "nativeSkipNames": [],
      "nativeSkips": 0
    },
    {
      "coverageFilter": "(?:^\\(Persistence=memory_lru_gc\\) Database (?:(?:calling terminate multiple times should proceed(?= |$)|can unlisten queries after termination(?= |$)|can query after firestore restart(?= |$)|query listener throws error on termination(?= |$)|can wait for pending writes(?= |$))))",
      "effectiveFilter": "(?:^\\(Persistence=memory_lru_gc\\) Database (?:(?:calling terminate multiple times should proceed(?= |$)|can unlisten queries after termination(?= |$)|can query after firestore restart(?= |$)|query listener throws error on termination(?= |$)|can wait for pending writes(?= |$))))",
      "exitCode": 0,
      "nativeSkipOnly": false,
      "partitionName": "database:1:15@memory_lru_gc",
      "signal": null,
      "completedTests": 5,
      "failedTests": 0,
      "nativeSkipNames": [],
      "nativeSkips": 0
    },
    {
      "coverageFilter": "(?:^\\(Persistence=indexeddb\\) Database (?:(?:calling terminate multiple times should proceed(?= |$)|can unlisten queries after termination(?= |$)|can query after firestore restart(?= |$)|query listener throws error on termination(?= |$)|can wait for pending writes(?= |$))))",
      "effectiveFilter": "(?:^\\(Persistence=indexeddb\\) Database (?:(?:calling terminate multiple times should proceed(?= |$)|can unlisten queries after termination(?= |$)|can query after firestore restart(?= |$)|query listener throws error on termination(?= |$)|can wait for pending writes(?= |$))))",
      "exitCode": 0,
      "nativeSkipOnly": false,
      "partitionName": "database:1:15@indexeddb",
      "signal": null,
      "completedTests": 5,
      "failedTests": 0,
      "nativeSkipNames": [],
      "nativeSkips": 0
    },
    {
      "coverageFilter": "(?:^\\(Persistence=memory_lru_gc\\) Database (?:(?:waiting for pending writes resolves immediately when offline and no pending writes(?= |$)|\\(Persistence=(?:memory_lru_gc|indexeddb)\\) withConverter\\(\\) support(?= |$)|can set and get data with auto detect long polling enabled(?= |$)|can keep docs separate with multi-db when online(?= |$)|can keep docs separate with multi-db when offline(?= |$))))",
      "effectiveFilter": "(?:^\\(Persistence=memory_lru_gc\\) Database (?:(?:waiting for pending writes resolves immediately when offline and no pending writes(?= |$)|\\(Persistence=(?:memory_lru_gc|indexeddb)\\) withConverter\\(\\) support(?= |$)|can set and get data with auto detect long polling enabled(?= |$)|can keep docs separate with multi-db when online(?= |$)|can keep docs separate with multi-db when offline(?= |$))))",
      "exitCode": 0,
      "nativeSkipOnly": false,
      "partitionName": "database:1:16@memory_lru_gc",
      "signal": null,
      "completedTests": 47,
      "failedTests": 0,
      "nativeSkipNames": [
        "can set and get data with auto detect long polling enabled"
      ],
      "nativeSkips": 1
    },
    {
      "coverageFilter": "(?:^\\(Persistence=indexeddb\\) Database (?:(?:waiting for pending writes resolves immediately when offline and no pending writes(?= |$)|\\(Persistence=(?:memory_lru_gc|indexeddb)\\) withConverter\\(\\) support(?= |$)|can set and get data with auto detect long polling enabled(?= |$)|can keep docs separate with multi-db when online(?= |$)|can keep docs separate with multi-db when offline(?= |$))))",
      "effectiveFilter": "(?:^\\(Persistence=indexeddb\\) Database (?:(?:waiting for pending writes resolves immediately when offline and no pending writes(?= |$)|\\(Persistence=(?:memory_lru_gc|indexeddb)\\) withConverter\\(\\) support(?= |$)|can set and get data with auto detect long polling enabled(?= |$)|can keep docs separate with multi-db when online(?= |$)|can keep docs separate with multi-db when offline(?= |$))))",
      "exitCode": 0,
      "nativeSkipOnly": false,
      "partitionName": "database:1:16@indexeddb",
      "signal": null,
      "completedTests": 47,
      "failedTests": 0,
      "nativeSkipNames": [
        "can set and get data with auto detect long polling enabled"
      ],
      "nativeSkips": 1
    },
    {
      "coverageFilter": "(?:^\\(Persistence=memory_lru_gc\\) Database (?:(?:Cannot get document from cache with eager GC enabled\\.(?= |$)|Can get document from cache with Lru GC enabled\\.(?= |$)|Lru GC is enabled by default\\.(?= |$)|sort documents by DocumentId(?= |$)|Sort unicode strings(?= |$))))",
      "effectiveFilter": "(?:^\\(Persistence=memory_lru_gc\\) Database (?:(?:Cannot get document from cache with eager GC enabled\\.(?= |$)|Can get document from cache with Lru GC enabled\\.(?= |$)|Lru GC is enabled by default\\.(?= |$)|sort documents by DocumentId(?= |$)|Sort unicode strings(?= |$))))",
      "exitCode": 0,
      "nativeSkipOnly": false,
      "partitionName": "database:1:17@memory_lru_gc",
      "signal": null,
      "completedTests": 12,
      "failedTests": 0,
      "nativeSkipNames": [],
      "nativeSkips": 0
    },
    {
      "coverageFilter": "(?:^\\(Persistence=indexeddb\\) Database (?:(?:Cannot get document from cache with eager GC enabled\\.(?= |$)|Can get document from cache with Lru GC enabled\\.(?= |$)|Lru GC is enabled by default\\.(?= |$)|sort documents by DocumentId(?= |$)|Sort unicode strings(?= |$))))",
      "effectiveFilter": "(?:^\\(Persistence=indexeddb\\) Database (?:(?:Cannot get document from cache with eager GC enabled\\.(?= |$)|Can get document from cache with Lru GC enabled\\.(?= |$)|Lru GC is enabled by default\\.(?= |$)|sort documents by DocumentId(?= |$)|Sort unicode strings(?= |$))))",
      "exitCode": 0,
      "nativeSkipOnly": false,
      "partitionName": "database:1:17@indexeddb",
      "signal": null,
      "completedTests": 11,
      "failedTests": 0,
      "nativeSkipNames": [
        "snapshot listener sorts unicode strings in document key the same as server with persistence"
      ],
      "nativeSkips": 1
    },
    {
      "coverageFilter": "(?:^\\(Persistence=memory_lru_gc\\) Nested Fields(?= |$))",
      "effectiveFilter": "(?:^\\(Persistence=memory_lru_gc\\) Nested Fields(?= |$))",
      "exitCode": 0,
      "nativeSkipOnly": false,
      "partitionName": "fields:1:1@memory_lru_gc",
      "signal": null,
      "completedTests": 9,
      "failedTests": 0,
      "nativeSkipNames": [],
      "nativeSkips": 0
    },
    {
      "coverageFilter": "(?:^\\(Persistence=indexeddb\\) Nested Fields(?= |$))",
      "effectiveFilter": "(?:^\\(Persistence=indexeddb\\) Nested Fields(?= |$))",
      "exitCode": 0,
      "nativeSkipOnly": false,
      "partitionName": "fields:1:1@indexeddb",
      "signal": null,
      "completedTests": 9,
      "failedTests": 0,
      "nativeSkipNames": [],
      "nativeSkips": 0
    },
    {
      "coverageFilter": "(?:^\\(Persistence=memory_lru_gc\\) Fields with special characters(?= |$))",
      "effectiveFilter": "(?:^\\(Persistence=memory_lru_gc\\) Fields with special characters(?= |$))",
      "exitCode": 0,
      "nativeSkipOnly": false,
      "partitionName": "fields:2:1@memory_lru_gc",
      "signal": null,
      "completedTests": 5,
      "failedTests": 0,
      "nativeSkipNames": [],
      "nativeSkips": 0
    },
    {
      "coverageFilter": "(?:^\\(Persistence=indexeddb\\) Fields with special characters(?= |$))",
      "effectiveFilter": "(?:^\\(Persistence=indexeddb\\) Fields with special characters(?= |$))",
      "exitCode": 0,
      "nativeSkipOnly": false,
      "partitionName": "fields:2:1@indexeddb",
      "signal": null,
      "completedTests": 5,
      "failedTests": 0,
      "nativeSkipNames": [],
      "nativeSkips": 0
    },
    {
      "coverageFilter": "(?:^\\(Persistence=memory_lru_gc\\) Timestamp Fields in snapshots(?= |$))",
      "effectiveFilter": "(?:^\\(Persistence=memory_lru_gc\\) Timestamp Fields in snapshots(?= |$))",
      "exitCode": 0,
      "nativeSkipOnly": false,
      "partitionName": "fields:3:1@memory_lru_gc",
      "signal": null,
      "completedTests": 1,
      "failedTests": 0,
      "nativeSkipNames": [],
      "nativeSkips": 0
    },
    {
      "coverageFilter": "(?:^\\(Persistence=indexeddb\\) Timestamp Fields in snapshots(?= |$))",
      "effectiveFilter": "(?:^\\(Persistence=indexeddb\\) Timestamp Fields in snapshots(?= |$))",
      "exitCode": 0,
      "nativeSkipOnly": false,
      "partitionName": "fields:3:1@indexeddb",
      "signal": null,
      "completedTests": 1,
      "failedTests": 0,
      "nativeSkipNames": [],
      "nativeSkips": 0
    },
    {
      "coverageFilter": "(?:^\\(Persistence=memory_lru_gc\\) `undefined` properties(?= |$))",
      "effectiveFilter": "(?:^\\(Persistence=memory_lru_gc\\) `undefined` properties(?= |$))",
      "exitCode": 0,
      "nativeSkipOnly": false,
      "partitionName": "fields:4:1@memory_lru_gc",
      "signal": null,
      "completedTests": 5,
      "failedTests": 0,
      "nativeSkipNames": [],
      "nativeSkips": 0
    },
    {
      "coverageFilter": "(?:^\\(Persistence=indexeddb\\) `undefined` properties(?= |$))",
      "effectiveFilter": "(?:^\\(Persistence=indexeddb\\) `undefined` properties(?= |$))",
      "exitCode": 0,
      "nativeSkipOnly": false,
      "partitionName": "fields:4:1@indexeddb",
      "signal": null,
      "completedTests": 5,
      "failedTests": 0,
      "nativeSkipNames": [],
      "nativeSkips": 0
    },
    {
      "coverageFilter": "(?:^\\(Persistence=memory_lru_gc\\) GetOptions(?= |$))",
      "effectiveFilter": "(?:^\\(Persistence=memory_lru_gc\\) GetOptions(?= |$))",
      "exitCode": 0,
      "nativeSkipOnly": false,
      "partitionName": "get-options:1:1@memory_lru_gc",
      "signal": null,
      "completedTests": 27,
      "failedTests": 0,
      "nativeSkipNames": [
        "get deleted doc while offline with default get options"
      ],
      "nativeSkips": 1
    },
    {
      "coverageFilter": "(?:^\\(Persistence=indexeddb\\) GetOptions(?= |$))",
      "effectiveFilter": "(?:^\\(Persistence=indexeddb\\) GetOptions(?= |$))",
      "exitCode": 0,
      "nativeSkipOnly": false,
      "partitionName": "get-options:1:1@indexeddb",
      "signal": null,
      "completedTests": 27,
      "failedTests": 0,
      "nativeSkipNames": [
        "get deleted doc while offline with default get options"
      ],
      "nativeSkips": 1
    },
    {
      "coverageFilter": "(?:^\\(Persistence=memory_lru_gc\\) Index Configuration:(?= |$))",
      "effectiveFilter": "(?:^\\(Persistence=memory_lru_gc\\) Index Configuration:(?= |$))",
      "exitCode": 0,
      "nativeSkipOnly": false,
      "partitionName": "index-configuration:1:1@memory_lru_gc",
      "signal": null,
      "completedTests": 4,
      "failedTests": 0,
      "nativeSkipNames": [],
      "nativeSkips": 0
    },
    {
      "coverageFilter": "(?:^\\(Persistence=indexeddb\\) Index Configuration:(?= |$))",
      "effectiveFilter": "(?:^\\(Persistence=indexeddb\\) Index Configuration:(?= |$))",
      "exitCode": 0,
      "nativeSkipOnly": false,
      "partitionName": "index-configuration:1:1@indexeddb",
      "signal": null,
      "completedTests": 4,
      "failedTests": 0,
      "nativeSkipNames": [],
      "nativeSkips": 0
    },
    {
      "coverageFilter": "(?:^\\(Persistence=memory_lru_gc\\) Large Documents(?= |$))",
      "effectiveFilter": "(?:^\\(Persistence=memory_lru_gc\\) Large Documents(?= |$))",
      "exitCode": 1,
      "nativeSkipOnly": true,
      "partitionName": "large-document:1:1@memory_lru_gc",
      "signal": null,
      "completedTests": 0,
      "failedTests": 0,
      "nativeSkipNames": [
        "cache integrity with multiple large documents",
        "can query large documents",
        "can read and cache a 15.9MB Unicode document",
        "can run transaction read-modify-write on a large document",
        "can run watch snapshot listener on a large document",
        "can write a 15.9MB document",
        "gracefully rejects oversized payloads",
        "query large documents forces local scan"
      ],
      "nativeSkips": 8
    },
    {
      "coverageFilter": "(?:^\\(Persistence=indexeddb\\) Large Documents(?= |$))",
      "effectiveFilter": "(?:^\\(Persistence=indexeddb\\) Large Documents(?= |$))",
      "exitCode": 1,
      "nativeSkipOnly": true,
      "partitionName": "large-document:1:1@indexeddb",
      "signal": null,
      "completedTests": 0,
      "failedTests": 0,
      "nativeSkipNames": [
        "cache integrity with multiple large documents",
        "can query large documents",
        "can read and cache a 15.9MB Unicode document",
        "can run transaction read-modify-write on a large document",
        "can run watch snapshot listener on a large document",
        "can write a 15.9MB document",
        "gracefully rejects oversized payloads",
        "query large documents forces local scan"
      ],
      "nativeSkips": 8
    },
    {
      "coverageFilter": "(?:^\\(Persistence=memory_lru_gc\\) Numeric Transforms:(?= |$))",
      "effectiveFilter": "(?:^\\(Persistence=memory_lru_gc\\) Numeric Transforms:(?= |$))",
      "exitCode": 0,
      "nativeSkipOnly": false,
      "partitionName": "numeric-transforms:1:1@memory_lru_gc",
      "signal": null,
      "completedTests": 19,
      "failedTests": 0,
      "nativeSkipNames": [
        "increment existing integer with integer",
        "multiple double increments"
      ],
      "nativeSkips": 2
    },
    {
      "coverageFilter": "(?:^\\(Persistence=indexeddb\\) Numeric Transforms:(?= |$))",
      "effectiveFilter": "(?:^\\(Persistence=indexeddb\\) Numeric Transforms:(?= |$))",
      "exitCode": 0,
      "nativeSkipOnly": false,
      "partitionName": "numeric-transforms:1:1@indexeddb",
      "signal": null,
      "completedTests": 19,
      "failedTests": 0,
      "nativeSkipNames": [
        "increment existing integer with integer",
        "multiple double increments"
      ],
      "nativeSkips": 2
    },
    {
      "coverageFilter": "(?:^\\(Persistence=memory_lru_gc\\) PersistentCacheIndexManager(?= |$))",
      "effectiveFilter": "(?:^\\(Persistence=memory_lru_gc\\) PersistentCacheIndexManager(?= |$))",
      "exitCode": 0,
      "nativeSkipOnly": false,
      "partitionName": "persistent-cache-index-manager:1:1@memory_lru_gc",
      "signal": null,
      "completedTests": 3,
      "failedTests": 0,
      "nativeSkipNames": [],
      "nativeSkips": 0
    },
    {
      "coverageFilter": "(?:^\\(Persistence=indexeddb\\) PersistentCacheIndexManager(?= |$))",
      "effectiveFilter": "(?:^\\(Persistence=indexeddb\\) PersistentCacheIndexManager(?= |$))",
      "exitCode": 0,
      "nativeSkipOnly": false,
      "partitionName": "persistent-cache-index-manager:1:1@indexeddb",
      "signal": null,
      "completedTests": 16,
      "failedTests": 0,
      "nativeSkipNames": [],
      "nativeSkips": 0
    },
    {
      "coverageFilter": "(?:^\\(Persistence=memory_lru_gc\\) Pipelines (?:(?:pipeline results(?= |$))))",
      "effectiveFilter": "(?:^\\(Persistence=memory_lru_gc\\) Pipelines (?:(?:pipeline results(?= |$))))",
      "exitCode": 1,
      "nativeSkipOnly": true,
      "partitionName": "pipelines:1:1@memory_lru_gc",
      "signal": null,
      "completedTests": 0,
      "failedTests": 0,
      "nativeSkipNames": [
        "empty snapshot as expected",
        "full snapshot as expected",
        "result equals works",
        "returns create and update time for each document",
        "returns execution time",
        "returns execution time for an aggregate query",
        "returns execution time for an empty query",
        "returns undefined create and update time for each result in an aggregate query"
      ],
      "nativeSkips": 8
    },
    {
      "coverageFilter": "(?:^\\(Persistence=indexeddb\\) Pipelines (?:(?:pipeline results(?= |$))))",
      "effectiveFilter": "(?:^\\(Persistence=indexeddb\\) Pipelines (?:(?:pipeline results(?= |$))))",
      "exitCode": 1,
      "nativeSkipOnly": true,
      "partitionName": "pipelines:1:1@indexeddb",
      "signal": null,
      "completedTests": 0,
      "failedTests": 0,
      "nativeSkipNames": [
        "empty snapshot as expected",
        "full snapshot as expected",
        "result equals works",
        "returns create and update time for each document",
        "returns execution time",
        "returns execution time for an aggregate query",
        "returns execution time for an empty query",
        "returns undefined create and update time for each result in an aggregate query"
      ],
      "nativeSkips": 8
    },
    {
      "coverageFilter": "(?:^\\(Persistence=memory_lru_gc\\) Pipelines (?:(?:pipeline sources(?= |$))))",
      "effectiveFilter": "(?:^\\(Persistence=memory_lru_gc\\) Pipelines (?:(?:pipeline sources(?= |$))))",
      "exitCode": 1,
      "nativeSkipOnly": true,
      "partitionName": "pipelines:1:2@memory_lru_gc",
      "signal": null,
      "completedTests": 0,
      "failedTests": 0,
      "nativeSkipNames": [
        "reject CollectionReference for another DB",
        "reject DocumentReference for another DB",
        "supports CollectionReference as source",
        "supports collection group as source",
        "supports database as source",
        "supports list of documents as source"
      ],
      "nativeSkips": 6
    },
    {
      "coverageFilter": "(?:^\\(Persistence=indexeddb\\) Pipelines (?:(?:pipeline sources(?= |$))))",
      "effectiveFilter": "(?:^\\(Persistence=indexeddb\\) Pipelines (?:(?:pipeline sources(?= |$))))",
      "exitCode": 1,
      "nativeSkipOnly": true,
      "partitionName": "pipelines:1:2@indexeddb",
      "signal": null,
      "completedTests": 0,
      "failedTests": 0,
      "nativeSkipNames": [
        "reject CollectionReference for another DB",
        "reject DocumentReference for another DB",
        "supports CollectionReference as source",
        "supports collection group as source",
        "supports database as source",
        "supports list of documents as source"
      ],
      "nativeSkips": 6
    },
    {
      "coverageFilter": "(?:^\\(Persistence=memory_lru_gc\\) Pipelines (?:(?:supported data types(?= |$))))",
      "effectiveFilter": "(?:^\\(Persistence=memory_lru_gc\\) Pipelines (?:(?:supported data types(?= |$))))",
      "exitCode": 1,
      "nativeSkipOnly": true,
      "partitionName": "pipelines:1:3@memory_lru_gc",
      "signal": null,
      "completedTests": 0,
      "failedTests": 0,
      "nativeSkipNames": [
        "accepts and returns all data types",
        "converts arrays and plain objects to functionValues if the customer intent is unspecified",
        "supports boolean value constants as a BooleanExpression",
        "throws on undefined in a map",
        "throws on undefined in an array"
      ],
      "nativeSkips": 5
    },
    {
      "coverageFilter": "(?:^\\(Persistence=indexeddb\\) Pipelines (?:(?:supported data types(?= |$))))",
      "effectiveFilter": "(?:^\\(Persistence=indexeddb\\) Pipelines (?:(?:supported data types(?= |$))))",
      "exitCode": 1,
      "nativeSkipOnly": true,
      "partitionName": "pipelines:1:3@indexeddb",
      "signal": null,
      "completedTests": 0,
      "failedTests": 0,
      "nativeSkipNames": [
        "accepts and returns all data types",
        "converts arrays and plain objects to functionValues if the customer intent is unspecified",
        "supports boolean value constants as a BooleanExpression",
        "throws on undefined in a map",
        "throws on undefined in an array"
      ],
      "nativeSkips": 5
    },
    {
      "coverageFilter": "(?:^\\(Persistence=memory_lru_gc\\) Pipelines (?:(?:stages(?= |$))))",
      "effectiveFilter": "(?:^\\(Persistence=memory_lru_gc\\) Pipelines (?:(?:stages(?= |$))))",
      "exitCode": 1,
      "nativeSkipOnly": true,
      "partitionName": "pipelines:1:4@memory_lru_gc",
      "signal": null,
      "completedTests": 0,
      "failedTests": 0,
      "nativeSkipNames": [
        "can add fields",
        "can filter with where",
        "can find nearest",
        "can limit, offset, and sort",
        "can perform FindNearest query",
        "can perform aggregate query",
        "can perform distinct query",
        "can remove fields",
        "can select fields",
        "optionally returns the computed distance",
        "rejects groups without accumulators",
        "returns arrayAgg accumulations",
        "returns arrayAggDistinct accumulations",
        "returns countDistinct accumulation",
        "returns countif accumulation",
        "returns distinct values as expected",
        "returns first and last accumulations",
        "returns group and accumulate results",
        "returns min, max, count, and countAll accumulations",
        "run pipeline with findNearest",
        "run pipeline with replaceWith Expr result",
        "run pipeline with replaceWith field name",
        "run pipeline with sample limit of 3",
        "run pipeline with sample limit of {documents: 3}",
        "run pipeline with sample limit of {percentage: 0.6}",
        "run pipeline with union",
        "run pipeline with unnest",
        "run pipeline with user data with union",
        "sort, offset, and limit stages support options",
        "supports aggregate",
        "supports aggregate options",
        "supports options",
        "supports sort, offset, and limits",
        "throws on Duplicate aliases",
        "throws on duplicate group aliases",
        "unnest an expr",
        "unnest with index field",
        "where with and (2 conditions)",
        "where with and (3 conditions)",
        "where with nor",
        "where with or",
        "where with xor"
      ],
      "nativeSkips": 54
    },
    {
      "coverageFilter": "(?:^\\(Persistence=indexeddb\\) Pipelines (?:(?:stages(?= |$))))",
      "effectiveFilter": "(?:^\\(Persistence=indexeddb\\) Pipelines (?:(?:stages(?= |$))))",
      "exitCode": 1,
      "nativeSkipOnly": true,
      "partitionName": "pipelines:1:4@indexeddb",
      "signal": null,
      "completedTests": 0,
      "failedTests": 0,
      "nativeSkipNames": [
        "can add fields",
        "can filter with where",
        "can find nearest",
        "can limit, offset, and sort",
        "can perform FindNearest query",
        "can perform aggregate query",
        "can perform distinct query",
        "can remove fields",
        "can select fields",
        "optionally returns the computed distance",
        "rejects groups without accumulators",
        "returns arrayAgg accumulations",
        "returns arrayAggDistinct accumulations",
        "returns countDistinct accumulation",
        "returns countif accumulation",
        "returns distinct values as expected",
        "returns first and last accumulations",
        "returns group and accumulate results",
        "returns min, max, count, and countAll accumulations",
        "run pipeline with findNearest",
        "run pipeline with replaceWith Expr result",
        "run pipeline with replaceWith field name",
        "run pipeline with sample limit of 3",
        "run pipeline with sample limit of {documents: 3}",
        "run pipeline with sample limit of {percentage: 0.6}",
        "run pipeline with union",
        "run pipeline with unnest",
        "run pipeline with user data with union",
        "sort, offset, and limit stages support options",
        "supports aggregate",
        "supports aggregate options",
        "supports options",
        "supports sort, offset, and limits",
        "throws on Duplicate aliases",
        "throws on duplicate group aliases",
        "unnest an expr",
        "unnest with index field",
        "where with and (2 conditions)",
        "where with and (3 conditions)",
        "where with nor",
        "where with or",
        "where with xor"
      ],
      "nativeSkips": 54
    },
    {
      "coverageFilter": "(?:^\\(Persistence=memory_lru_gc\\) Pipelines (?:(?:error handling(?= |$))))",
      "effectiveFilter": "(?:^\\(Persistence=memory_lru_gc\\) Pipelines (?:(?:error handling(?= |$))))",
      "exitCode": 1,
      "nativeSkipOnly": true,
      "partitionName": "pipelines:1:5@memory_lru_gc",
      "signal": null,
      "completedTests": 0,
      "failedTests": 0,
      "nativeSkipNames": [
        "error properties are propagated from the firestore backend"
      ],
      "nativeSkips": 1
    },
    {
      "coverageFilter": "(?:^\\(Persistence=indexeddb\\) Pipelines (?:(?:error handling(?= |$))))",
      "effectiveFilter": "(?:^\\(Persistence=indexeddb\\) Pipelines (?:(?:error handling(?= |$))))",
      "exitCode": 1,
      "nativeSkipOnly": true,
      "partitionName": "pipelines:1:5@indexeddb",
      "signal": null,
      "completedTests": 0,
      "failedTests": 0,
      "nativeSkipNames": [
        "error properties are propagated from the firestore backend"
      ],
      "nativeSkips": 1
    },
    {
      "coverageFilter": "(?:^\\(Persistence=memory_lru_gc\\) Pipelines (?:(?:function expressions(?= |$))))",
      "effectiveFilter": "(?:^\\(Persistence=memory_lru_gc\\) Pipelines (?:(?:function expressions(?= |$))))",
      "exitCode": 1,
      "nativeSkipOnly": true,
      "partitionName": "pipelines:1:6@memory_lru_gc",
      "signal": null,
      "completedTests": 0,
      "failedTests": 0,
      "nativeSkipNames": [
        "add selectable",
        "and (variadic) selectable",
        "array contains any",
        "arrayContains works",
        "arrayContainsAll works",
        "arrayContainsAny works",
        "arrayLength works",
        "arraySlice throws error for negative length",
        "can compute e to the power of a numeric value",
        "can compute e to the power of a numeric value with the top-level function",
        "can compute the base-10 logarithm of a numeric value",
        "can compute the base-10 logarithm of a numeric value with the top-level function",
        "can compute the ceiling of a numeric value",
        "can compute the ceiling of a numeric value with the top-level function",
        "can compute the floor of a numeric value",
        "can compute the floor of a numeric value with the top-level function",
        "can compute the length of a bytes value",
        "can compute the length of a map value",
        "can compute the length of a string value",
        "can compute the length of a string value with the top-level function",
        "can compute the length of a vector value",
        "can compute the length of an array value",
        "can compute the length of an array value with the top-level function",
        "can compute the logarithm of a numeric value",
        "can compute the logarithm of a numeric value with the top-level function",
        "can compute the natural logarithm of a numeric value",
        "can compute the natural logarithm of a numeric value with the top-level function",
        "can compute the power of a numeric value",
        "can compute the power of a numeric value with the top-level function",
        "can compute the square root of a numeric value",
        "can compute the square root of a numeric value with the top-level function",
        "can compute the sum of the elements in an array",
        "can compute the sum of the elements in an array with the top-level function",
        "can concat fields",
        "can get the collectionId from a path",
        "can get the collectionId from a path with the top-level function",
        "can reverse a string",
        "can reverse a string with the top-level function",
        "can reverse an array",
        "can reverse an array with the top-level function",
        "can round a numeric value",
        "can round a numeric value away from zero for negative half-way values",
        "can round a numeric value away from zero for positive half-way values",
        "can round a numeric value to specified precision",
        "can round a numeric value with the top-level function",
        "can truncate a numeric value",
        "can truncate a numeric value to specified precision",
        "can truncate a numeric value with the top-level function",
        "conditional works",
        "countif aggregate",
        "equalAny works",
        "evaluates expression in array",
        "evaluates expression in map",
        "logical max works",
        "logical min works",
        "notEqualAny works",
        "sort by char_len",
        "supports Document_id",
        "supports array",
        "supports arrayFilter",
        "supports arrayFilter with mixed types and nulls",
        "supports arrayFirst",
        "supports arrayFirstN",
        "supports arrayGet",
        "supports arrayIndexOf",
        "supports arrayIndexOfAll",
        "supports arrayLast",
        "supports arrayLastIndexOf",
        "supports arrayLastN",
        "supports arrayMaximum",
        "supports arrayMaximumN",
        "supports arrayMinimum",
        "supports arrayMinimumN",
        "supports arraySlice",
        "supports arrayTransform and arrayTransformWithIndex",
        "supports arrayTransform with empty array and nulls",
        "supports basic switch",
        "supports byteLength",
        "supports coalesce",
        "supports currentTimestamp",
        "supports ifAbsent",
        "supports ifNull",
        "supports isType",
        "supports join",
        "supports map",
        "supports mapMerge",
        "supports mapRemove",
        "supports multi-branch switch",
        "supports nor",
        "supports not",
        "supports parent",
        "supports split",
        "supports substring",
        "supports substring without length",
        "supports timestamp conversions",
        "supports timestamp difference",
        "supports timestamp extraction",
        "supports timestamp math",
        "supports type",
        "test mapEntries",
        "test mapGet with field name including . notation",
        "test mapKeys",
        "test mapSet",
        "test mapValues",
        "test reverse",
        "test toLower",
        "test toUpper",
        "testAbs",
        "testArithmeticOperations",
        "testChecks",
        "testComparisonOperators",
        "testDistanceFunctions",
        "testEndsWith",
        "testLTrim",
        "testLength",
        "testLike",
        "testLogicalOperators",
        "testMapGet",
        "testNestedFields",
        "testRTrim",
        "testRand",
        "testRegexContains",
        "testRegexFind",
        "testRegexFindAll",
        "testRegexMatches",
        "testStartsWith",
        "testStrConcat",
        "testStrContains",
        "testStringIndexOf",
        "testStringRepeat",
        "testStringReplaceAll",
        "testStringReplaceOne",
        "testTrim",
        "testVectorLength",
        "throws if no match and no default",
        "truncate timestamp"
      ],
      "nativeSkips": 139
    },
    {
      "coverageFilter": "(?:^\\(Persistence=indexeddb\\) Pipelines (?:(?:function expressions(?= |$))))",
      "effectiveFilter": "(?:^\\(Persistence=indexeddb\\) Pipelines (?:(?:function expressions(?= |$))))",
      "exitCode": 1,
      "nativeSkipOnly": true,
      "partitionName": "pipelines:1:6@indexeddb",
      "signal": null,
      "completedTests": 0,
      "failedTests": 0,
      "nativeSkipNames": [
        "add selectable",
        "and (variadic) selectable",
        "array contains any",
        "arrayContains works",
        "arrayContainsAll works",
        "arrayContainsAny works",
        "arrayLength works",
        "arraySlice throws error for negative length",
        "can compute e to the power of a numeric value",
        "can compute e to the power of a numeric value with the top-level function",
        "can compute the base-10 logarithm of a numeric value",
        "can compute the base-10 logarithm of a numeric value with the top-level function",
        "can compute the ceiling of a numeric value",
        "can compute the ceiling of a numeric value with the top-level function",
        "can compute the floor of a numeric value",
        "can compute the floor of a numeric value with the top-level function",
        "can compute the length of a bytes value",
        "can compute the length of a map value",
        "can compute the length of a string value",
        "can compute the length of a string value with the top-level function",
        "can compute the length of a vector value",
        "can compute the length of an array value",
        "can compute the length of an array value with the top-level function",
        "can compute the logarithm of a numeric value",
        "can compute the logarithm of a numeric value with the top-level function",
        "can compute the natural logarithm of a numeric value",
        "can compute the natural logarithm of a numeric value with the top-level function",
        "can compute the power of a numeric value",
        "can compute the power of a numeric value with the top-level function",
        "can compute the square root of a numeric value",
        "can compute the square root of a numeric value with the top-level function",
        "can compute the sum of the elements in an array",
        "can compute the sum of the elements in an array with the top-level function",
        "can concat fields",
        "can get the collectionId from a path",
        "can get the collectionId from a path with the top-level function",
        "can reverse a string",
        "can reverse a string with the top-level function",
        "can reverse an array",
        "can reverse an array with the top-level function",
        "can round a numeric value",
        "can round a numeric value away from zero for negative half-way values",
        "can round a numeric value away from zero for positive half-way values",
        "can round a numeric value to specified precision",
        "can round a numeric value with the top-level function",
        "can truncate a numeric value",
        "can truncate a numeric value to specified precision",
        "can truncate a numeric value with the top-level function",
        "conditional works",
        "countif aggregate",
        "equalAny works",
        "evaluates expression in array",
        "evaluates expression in map",
        "logical max works",
        "logical min works",
        "notEqualAny works",
        "sort by char_len",
        "supports Document_id",
        "supports array",
        "supports arrayFilter",
        "supports arrayFilter with mixed types and nulls",
        "supports arrayFirst",
        "supports arrayFirstN",
        "supports arrayGet",
        "supports arrayIndexOf",
        "supports arrayIndexOfAll",
        "supports arrayLast",
        "supports arrayLastIndexOf",
        "supports arrayLastN",
        "supports arrayMaximum",
        "supports arrayMaximumN",
        "supports arrayMinimum",
        "supports arrayMinimumN",
        "supports arraySlice",
        "supports arrayTransform and arrayTransformWithIndex",
        "supports arrayTransform with empty array and nulls",
        "supports basic switch",
        "supports byteLength",
        "supports coalesce",
        "supports currentTimestamp",
        "supports ifAbsent",
        "supports ifNull",
        "supports isType",
        "supports join",
        "supports map",
        "supports mapMerge",
        "supports mapRemove",
        "supports multi-branch switch",
        "supports nor",
        "supports not",
        "supports parent",
        "supports split",
        "supports substring",
        "supports substring without length",
        "supports timestamp conversions",
        "supports timestamp difference",
        "supports timestamp extraction",
        "supports timestamp math",
        "supports type",
        "test mapEntries",
        "test mapGet with field name including . notation",
        "test mapKeys",
        "test mapSet",
        "test mapValues",
        "test reverse",
        "test toLower",
        "test toUpper",
        "testAbs",
        "testArithmeticOperations",
        "testChecks",
        "testComparisonOperators",
        "testDistanceFunctions",
        "testEndsWith",
        "testLTrim",
        "testLength",
        "testLike",
        "testLogicalOperators",
        "testMapGet",
        "testNestedFields",
        "testRTrim",
        "testRand",
        "testRegexContains",
        "testRegexFind",
        "testRegexFindAll",
        "testRegexMatches",
        "testStartsWith",
        "testStrConcat",
        "testStrContains",
        "testStringIndexOf",
        "testStringRepeat",
        "testStringReplaceAll",
        "testStringReplaceOne",
        "testTrim",
        "testVectorLength",
        "throws if no match and no default",
        "truncate timestamp"
      ],
      "nativeSkips": 139
    },
    {
      "coverageFilter": "(?:^\\(Persistence=memory_lru_gc\\) Pipelines (?:(?:pagination(?= |$))))",
      "effectiveFilter": "(?:^\\(Persistence=memory_lru_gc\\) Pipelines (?:(?:pagination(?= |$))))",
      "exitCode": 1,
      "nativeSkipOnly": true,
      "partitionName": "pipelines:1:7@memory_lru_gc",
      "signal": null,
      "completedTests": 0,
      "failedTests": 0,
      "nativeSkipNames": [
        "supports pagination with filters",
        "supports pagination with offsets"
      ],
      "nativeSkips": 2
    },
    {
      "coverageFilter": "(?:^\\(Persistence=indexeddb\\) Pipelines (?:(?:pagination(?= |$))))",
      "effectiveFilter": "(?:^\\(Persistence=indexeddb\\) Pipelines (?:(?:pagination(?= |$))))",
      "exitCode": 1,
      "nativeSkipOnly": true,
      "partitionName": "pipelines:1:7@indexeddb",
      "signal": null,
      "completedTests": 0,
      "failedTests": 0,
      "nativeSkipNames": [
        "supports pagination with filters",
        "supports pagination with offsets"
      ],
      "nativeSkips": 2
    },
    {
      "coverageFilter": "(?:^\\(Persistence=memory_lru_gc\\) Pipelines (?:(?:stage options(?= |$))))",
      "effectiveFilter": "(?:^\\(Persistence=memory_lru_gc\\) Pipelines (?:(?:stage options(?= |$))))",
      "exitCode": 1,
      "nativeSkipOnly": true,
      "partitionName": "pipelines:1:8@memory_lru_gc",
      "signal": null,
      "completedTests": 0,
      "failedTests": 0,
      "nativeSkipNames": [
        "Collection Stage",
        "CollectionGroup Stage"
      ],
      "nativeSkips": 2
    },
    {
      "coverageFilter": "(?:^\\(Persistence=indexeddb\\) Pipelines (?:(?:stage options(?= |$))))",
      "effectiveFilter": "(?:^\\(Persistence=indexeddb\\) Pipelines (?:(?:stage options(?= |$))))",
      "exitCode": 1,
      "nativeSkipOnly": true,
      "partitionName": "pipelines:1:8@indexeddb",
      "signal": null,
      "completedTests": 0,
      "failedTests": 0,
      "nativeSkipNames": [
        "Collection Stage",
        "CollectionGroup Stage"
      ],
      "nativeSkips": 2
    },
    {
      "coverageFilter": "(?:^\\(Persistence=memory_lru_gc\\) Pipelines (?:(?:subquery(?= |$))))",
      "effectiveFilter": "(?:^\\(Persistence=memory_lru_gc\\) Pipelines (?:(?:subquery(?= |$))))",
      "exitCode": 1,
      "nativeSkipOnly": true,
      "partitionName": "pipelines:1:9@memory_lru_gc",
      "signal": null,
      "completedTests": 0,
      "failedTests": 0,
      "nativeSkipNames": [
        "3 level deep join",
        "array subquery in where stage on books",
        "array subquery join and empty result",
        "array subquery join multiple fields preserves map",
        "current document binding",
        "deep aggregation",
        "direct execution of subcollection pipeline",
        "explicit field binding scope bridging",
        "missing field on current document",
        "missing subcollection",
        "mixed scalar and array subqueries",
        "multiple array subqueries",
        "multiple variable bindings",
        "pipeline stage support 9 layers",
        "scalar subquery multiple aggregations map wrapping",
        "scalar subquery multiple results runtime error",
        "scalar subquery single aggregation unwrapping",
        "scalar subquery zero results",
        "single scope variable usage",
        "standard subcollection query",
        "unbound variable corner case",
        "variable shadowing collision",
        "zero result scalar returns null"
      ],
      "nativeSkips": 23
    },
    {
      "coverageFilter": "(?:^\\(Persistence=indexeddb\\) Pipelines (?:(?:subquery(?= |$))))",
      "effectiveFilter": "(?:^\\(Persistence=indexeddb\\) Pipelines (?:(?:subquery(?= |$))))",
      "exitCode": 1,
      "nativeSkipOnly": true,
      "partitionName": "pipelines:1:9@indexeddb",
      "signal": null,
      "completedTests": 0,
      "failedTests": 0,
      "nativeSkipNames": [
        "3 level deep join",
        "array subquery in where stage on books",
        "array subquery join and empty result",
        "array subquery join multiple fields preserves map",
        "current document binding",
        "deep aggregation",
        "direct execution of subcollection pipeline",
        "explicit field binding scope bridging",
        "missing field on current document",
        "missing subcollection",
        "mixed scalar and array subqueries",
        "multiple array subqueries",
        "multiple variable bindings",
        "pipeline stage support 9 layers",
        "scalar subquery multiple aggregations map wrapping",
        "scalar subquery multiple results runtime error",
        "scalar subquery single aggregation unwrapping",
        "scalar subquery zero results",
        "single scope variable usage",
        "standard subcollection query",
        "unbound variable corner case",
        "variable shadowing collision",
        "zero result scalar returns null"
      ],
      "nativeSkips": 23
    },
    {
      "coverageFilter": "(?:^Firestore Provider(?= |$))",
      "effectiveFilter": "(?:^Firestore Provider(?= |$))",
      "exitCode": 0,
      "nativeSkipOnly": false,
      "partitionName": "provider:1:1",
      "signal": null,
      "completedTests": 11,
      "failedTests": 0,
      "nativeSkipNames": [],
      "nativeSkips": 0
    },
    {
      "coverageFilter": "(?:^\\(Persistence=memory_lru_gc\\) Queries (?:(?:QuerySnapshot\\.toJSON bundle getDocFromCache(?= |$)|can issue limit queries(?! (?:using descending sort order)(?: |$))(?= |$)|cannot issue limitToLast queries without explicit order-by(?= |$)|can issue limit queries using descending sort order(?= |$)|can issue limitToLast queries using descending sort order(?= |$))))",
      "effectiveFilter": "(?:^\\(Persistence=memory_lru_gc\\) Queries (?:(?:QuerySnapshot\\.toJSON bundle getDocFromCache(?= |$)|can issue limit queries(?! (?:using descending sort order)(?: |$))(?= |$)|cannot issue limitToLast queries without explicit order-by(?= |$)|can issue limit queries using descending sort order(?= |$)|can issue limitToLast queries using descending sort order(?= |$))))",
      "exitCode": 0,
      "nativeSkipOnly": false,
      "partitionName": "queries:1:1@memory_lru_gc",
      "signal": null,
      "completedTests": 5,
      "failedTests": 0,
      "nativeSkipNames": [],
      "nativeSkips": 0
    },
    {
      "coverageFilter": "(?:^\\(Persistence=indexeddb\\) Queries (?:(?:QuerySnapshot\\.toJSON bundle getDocFromCache(?= |$)|can issue limit queries(?! (?:using descending sort order)(?: |$))(?= |$)|cannot issue limitToLast queries without explicit order-by(?= |$)|can issue limit queries using descending sort order(?= |$)|can issue limitToLast queries using descending sort order(?= |$))))",
      "effectiveFilter": "(?:^\\(Persistence=indexeddb\\) Queries (?:(?:QuerySnapshot\\.toJSON bundle getDocFromCache(?= |$)|can issue limit queries(?! (?:using descending sort order)(?: |$))(?= |$)|cannot issue limitToLast queries without explicit order-by(?= |$)|can issue limit queries using descending sort order(?= |$)|can issue limitToLast queries using descending sort order(?= |$))))",
      "exitCode": 0,
      "nativeSkipOnly": false,
      "partitionName": "queries:1:1@indexeddb",
      "signal": null,
      "completedTests": 5,
      "failedTests": 0,
      "nativeSkipNames": [],
      "nativeSkips": 0
    },
    {
      "coverageFilter": "(?:^\\(Persistence=memory_lru_gc\\) Queries (?:(?:can listen to limitToLast queries(?= |$)|can listen/unlisten/relisten to mirror queries(?= |$)|can issue limitToLast queries with cursors(?= |$)|key order is descending for descending inequality(?= |$)|can use unary filters(?= |$))))",
      "effectiveFilter": "(?:^\\(Persistence=memory_lru_gc\\) Queries (?:(?:can listen to limitToLast queries(?= |$)|can listen/unlisten/relisten to mirror queries(?= |$)|can issue limitToLast queries with cursors(?= |$)|key order is descending for descending inequality(?= |$)|can use unary filters(?= |$))))",
      "exitCode": 0,
      "nativeSkipOnly": false,
      "partitionName": "queries:1:2@memory_lru_gc",
      "signal": null,
      "completedTests": 5,
      "failedTests": 0,
      "nativeSkipNames": [],
      "nativeSkips": 0
    },
    {
      "coverageFilter": "(?:^\\(Persistence=indexeddb\\) Queries (?:(?:can listen to limitToLast queries(?= |$)|can listen/unlisten/relisten to mirror queries(?= |$)|can issue limitToLast queries with cursors(?= |$)|key order is descending for descending inequality(?= |$)|can use unary filters(?= |$))))",
      "effectiveFilter": "(?:^\\(Persistence=indexeddb\\) Queries (?:(?:can listen to limitToLast queries(?= |$)|can listen/unlisten/relisten to mirror queries(?= |$)|can issue limitToLast queries with cursors(?= |$)|key order is descending for descending inequality(?= |$)|can use unary filters(?= |$))))",
      "exitCode": 0,
      "nativeSkipOnly": false,
      "partitionName": "queries:1:2@indexeddb",
      "signal": null,
      "completedTests": 5,
      "failedTests": 0,
      "nativeSkipNames": [],
      "nativeSkips": 0
    },
    {
      "coverageFilter": "(?:^\\(Persistence=memory_lru_gc\\) Queries (?:(?:can filter on infinity(?= |$)|will not get metadata only updates(?= |$)|maintains correct DocumentChange indexes(?= |$)|can listen for the same query with different options(?= |$)|can issue queries with Dates differing in milliseconds(?= |$))))",
      "effectiveFilter": "(?:^\\(Persistence=memory_lru_gc\\) Queries (?:(?:can filter on infinity(?= |$)|will not get metadata only updates(?= |$)|maintains correct DocumentChange indexes(?= |$)|can listen for the same query with different options(?= |$)|can issue queries with Dates differing in milliseconds(?= |$))))",
      "exitCode": 0,
      "nativeSkipOnly": false,
      "partitionName": "queries:1:3@memory_lru_gc",
      "signal": null,
      "completedTests": 4,
      "failedTests": 0,
      "nativeSkipNames": [
        "can listen for the same query with different options"
      ],
      "nativeSkips": 1
    },
    {
      "coverageFilter": "(?:^\\(Persistence=indexeddb\\) Queries (?:(?:can filter on infinity(?= |$)|will not get metadata only updates(?= |$)|maintains correct DocumentChange indexes(?= |$)|can listen for the same query with different options(?= |$)|can issue queries with Dates differing in milliseconds(?= |$))))",
      "effectiveFilter": "(?:^\\(Persistence=indexeddb\\) Queries (?:(?:can filter on infinity(?= |$)|will not get metadata only updates(?= |$)|maintains correct DocumentChange indexes(?= |$)|can listen for the same query with different options(?= |$)|can issue queries with Dates differing in milliseconds(?= |$))))",
      "exitCode": 0,
      "nativeSkipOnly": false,
      "partitionName": "queries:1:3@indexeddb",
      "signal": null,
      "completedTests": 4,
      "failedTests": 0,
      "nativeSkipNames": [
        "can listen for the same query with different options"
      ],
      "nativeSkips": 1
    },
    {
      "coverageFilter": "(?:^\\(Persistence=memory_lru_gc\\) Queries (?:(?:can listen for QueryMetadata changes(?= |$)|can listen for metadata changes(?= |$)|can catch error message for missing index with error handler(?= |$)|can explicitly sort by document ID(?= |$)|can query by document ID(?! (?:using refs)(?: |$))(?= |$))))",
      "effectiveFilter": "(?:^\\(Persistence=memory_lru_gc\\) Queries (?:(?:can listen for QueryMetadata changes(?= |$)|can listen for metadata changes(?= |$)|can catch error message for missing index with error handler(?= |$)|can explicitly sort by document ID(?= |$)|can query by document ID(?! (?:using refs)(?: |$))(?= |$))))",
      "exitCode": 0,
      "nativeSkipOnly": false,
      "partitionName": "queries:1:4@memory_lru_gc",
      "signal": null,
      "completedTests": 4,
      "failedTests": 0,
      "nativeSkipNames": [
        "can catch error message for missing index with error handler"
      ],
      "nativeSkips": 1
    },
    {
      "coverageFilter": "(?:^\\(Persistence=indexeddb\\) Queries (?:(?:can listen for QueryMetadata changes(?= |$)|can listen for metadata changes(?= |$)|can catch error message for missing index with error handler(?= |$)|can explicitly sort by document ID(?= |$)|can query by document ID(?! (?:using refs)(?: |$))(?= |$))))",
      "effectiveFilter": "(?:^\\(Persistence=indexeddb\\) Queries (?:(?:can listen for QueryMetadata changes(?= |$)|can listen for metadata changes(?= |$)|can catch error message for missing index with error handler(?= |$)|can explicitly sort by document ID(?= |$)|can query by document ID(?! (?:using refs)(?: |$))(?= |$))))",
      "exitCode": 0,
      "nativeSkipOnly": false,
      "partitionName": "queries:1:4@indexeddb",
      "signal": null,
      "completedTests": 4,
      "failedTests": 0,
      "nativeSkipNames": [
        "can catch error message for missing index with error handler"
      ],
      "nativeSkips": 1
    },
    {
      "coverageFilter": "(?:^\\(Persistence=memory_lru_gc\\) Queries (?:(?:can query by document ID using refs(?= |$)|can query while reconnecting to network(?= |$)|trigger with isFromCache=true when offline(?= |$)|can use != filters(?! (?:by document ID)(?: |$))(?= |$)|can use != filters by document ID(?= |$))))",
      "effectiveFilter": "(?:^\\(Persistence=memory_lru_gc\\) Queries (?:(?:can query by document ID using refs(?= |$)|can query while reconnecting to network(?= |$)|trigger with isFromCache=true when offline(?= |$)|can use != filters(?! (?:by document ID)(?: |$))(?= |$)|can use != filters by document ID(?= |$))))",
      "exitCode": 0,
      "nativeSkipOnly": false,
      "partitionName": "queries:1:5@memory_lru_gc",
      "signal": null,
      "completedTests": 5,
      "failedTests": 0,
      "nativeSkipNames": [],
      "nativeSkips": 0
    },
    {
      "coverageFilter": "(?:^\\(Persistence=indexeddb\\) Queries (?:(?:can query by document ID using refs(?= |$)|can query while reconnecting to network(?= |$)|trigger with isFromCache=true when offline(?= |$)|can use != filters(?! (?:by document ID)(?: |$))(?= |$)|can use != filters by document ID(?= |$))))",
      "effectiveFilter": "(?:^\\(Persistence=indexeddb\\) Queries (?:(?:can query by document ID using refs(?= |$)|can query while reconnecting to network(?= |$)|trigger with isFromCache=true when offline(?= |$)|can use != filters(?! (?:by document ID)(?: |$))(?= |$)|can use != filters by document ID(?= |$))))",
      "exitCode": 0,
      "nativeSkipOnly": false,
      "partitionName": "queries:1:5@indexeddb",
      "signal": null,
      "completedTests": 5,
      "failedTests": 0,
      "nativeSkipNames": [],
      "nativeSkips": 0
    },
    {
      "coverageFilter": "(?:^\\(Persistence=memory_lru_gc\\) Queries (?:(?:can use array-contains filters(?= |$)|can use IN filters(?! (?:by document ID)(?: |$))(?= |$)|can use IN filters by document ID(?= |$)|can use NOT_IN filters(?! (?:by document ID)(?: |$))(?= |$)|can use NOT_IN filters by document ID(?= |$))))",
      "effectiveFilter": "(?:^\\(Persistence=memory_lru_gc\\) Queries (?:(?:can use array-contains filters(?= |$)|can use IN filters(?! (?:by document ID)(?: |$))(?= |$)|can use IN filters by document ID(?= |$)|can use NOT_IN filters(?! (?:by document ID)(?: |$))(?= |$)|can use NOT_IN filters by document ID(?= |$))))",
      "exitCode": 0,
      "nativeSkipOnly": false,
      "partitionName": "queries:1:6@memory_lru_gc",
      "signal": null,
      "completedTests": 5,
      "failedTests": 0,
      "nativeSkipNames": [],
      "nativeSkips": 0
    },
    {
      "coverageFilter": "(?:^\\(Persistence=indexeddb\\) Queries (?:(?:can use array-contains filters(?= |$)|can use IN filters(?! (?:by document ID)(?: |$))(?= |$)|can use IN filters by document ID(?= |$)|can use NOT_IN filters(?! (?:by document ID)(?: |$))(?= |$)|can use NOT_IN filters by document ID(?= |$))))",
      "effectiveFilter": "(?:^\\(Persistence=indexeddb\\) Queries (?:(?:can use array-contains filters(?= |$)|can use IN filters(?! (?:by document ID)(?: |$))(?= |$)|can use IN filters by document ID(?= |$)|can use NOT_IN filters(?! (?:by document ID)(?: |$))(?= |$)|can use NOT_IN filters by document ID(?= |$))))",
      "exitCode": 0,
      "nativeSkipOnly": false,
      "partitionName": "queries:1:6@indexeddb",
      "signal": null,
      "completedTests": 5,
      "failedTests": 0,
      "nativeSkipNames": [],
      "nativeSkips": 0
    },
    {
      "coverageFilter": "(?:^\\(Persistence=memory_lru_gc\\) Queries (?:(?:can use array-contains-any filters(?= |$)|can query collection groups(?! (?:with startAt / endAt by arbitrary documentId|with where filters on arbitrary documentId)(?: |$))(?= |$)|can query collection groups with startAt / endAt by arbitrary documentId(?= |$)|can query collection groups with where filters on arbitrary documentId(?= |$)|can query custom types(?= |$))))",
      "effectiveFilter": "(?:^\\(Persistence=memory_lru_gc\\) Queries (?:(?:can use array-contains-any filters(?= |$)|can query collection groups(?! (?:with startAt / endAt by arbitrary documentId|with where filters on arbitrary documentId)(?: |$))(?= |$)|can query collection groups with startAt / endAt by arbitrary documentId(?= |$)|can query collection groups with where filters on arbitrary documentId(?= |$)|can query custom types(?= |$))))",
      "exitCode": 0,
      "nativeSkipOnly": false,
      "partitionName": "queries:1:7@memory_lru_gc",
      "signal": null,
      "completedTests": 5,
      "failedTests": 0,
      "nativeSkipNames": [],
      "nativeSkips": 0
    },
    {
      "coverageFilter": "(?:^\\(Persistence=indexeddb\\) Queries (?:(?:can use array-contains-any filters(?= |$)|can query collection groups(?! (?:with startAt / endAt by arbitrary documentId|with where filters on arbitrary documentId)(?: |$))(?= |$)|can query collection groups with startAt / endAt by arbitrary documentId(?= |$)|can query collection groups with where filters on arbitrary documentId(?= |$)|can query custom types(?= |$))))",
      "effectiveFilter": "(?:^\\(Persistence=indexeddb\\) Queries (?:(?:can use array-contains-any filters(?= |$)|can query collection groups(?! (?:with startAt / endAt by arbitrary documentId|with where filters on arbitrary documentId)(?: |$))(?= |$)|can query collection groups with startAt / endAt by arbitrary documentId(?= |$)|can query collection groups with where filters on arbitrary documentId(?= |$)|can query custom types(?= |$))))",
      "exitCode": 0,
      "nativeSkipOnly": false,
      "partitionName": "queries:1:7@indexeddb",
      "signal": null,
      "completedTests": 5,
      "failedTests": 0,
      "nativeSkipNames": [],
      "nativeSkips": 0
    },
    {
      "coverageFilter": "(?:^\\(Persistence=memory_lru_gc\\) Queries (?:(?:can use filter with nested field(?= |$)|OR Queries(?= |$)|Caching empty results(?= |$)|can query large documents with multi-byte character strings(?= |$))))",
      "effectiveFilter": "(?:^\\(Persistence=memory_lru_gc\\) Queries (?:(?:can use filter with nested field(?= |$)|OR Queries(?= |$)|Caching empty results(?= |$)|can query large documents with multi-byte character strings(?= |$))))",
      "exitCode": 0,
      "nativeSkipOnly": false,
      "partitionName": "queries:1:8@memory_lru_gc",
      "signal": null,
      "completedTests": 14,
      "failedTests": 0,
      "nativeSkipNames": [],
      "nativeSkips": 0
    },
    {
      "coverageFilter": "(?:^\\(Persistence=indexeddb\\) Queries (?:(?:can use filter with nested field(?= |$)|OR Queries(?= |$)|Caching empty results(?= |$)|can query large documents with multi-byte character strings(?= |$))))",
      "effectiveFilter": "(?:^\\(Persistence=indexeddb\\) Queries (?:(?:can use filter with nested field(?= |$)|OR Queries(?= |$)|Caching empty results(?= |$)|can query large documents with multi-byte character strings(?= |$))))",
      "exitCode": 0,
      "nativeSkipOnly": false,
      "partitionName": "queries:1:8@indexeddb",
      "signal": null,
      "completedTests": 14,
      "failedTests": 0,
      "nativeSkipNames": [],
      "nativeSkips": 0
    },
    {
      "coverageFilter": "(?:^\\(Persistence=memory_lru_gc\\) Hanging query issue - #7652(?= |$))",
      "effectiveFilter": "(?:^\\(Persistence=memory_lru_gc\\) Hanging query issue - #7652(?= |$))",
      "exitCode": 0,
      "nativeSkipOnly": false,
      "partitionName": "queries:2:1@memory_lru_gc",
      "signal": null,
      "completedTests": 20,
      "failedTests": 0,
      "nativeSkipNames": [],
      "nativeSkips": 0
    },
    {
      "coverageFilter": "(?:^\\(Persistence=indexeddb\\) Hanging query issue - #7652(?= |$))",
      "effectiveFilter": "(?:^\\(Persistence=indexeddb\\) Hanging query issue - #7652(?= |$))",
      "exitCode": 0,
      "nativeSkipOnly": false,
      "partitionName": "queries:2:1@indexeddb",
      "signal": null,
      "completedTests": 20,
      "failedTests": 0,
      "nativeSkipNames": [],
      "nativeSkips": 0
    },
    {
      "coverageFilter": "(?:^\\(Persistence=memory_lru_gc\\) Query to Pipeline (?:(?:supports default query(?= |$)|supports filtered query(?! (?:\\(with FieldPath\\))(?: |$))(?= |$)|supports filtered query \\(with FieldPath\\)(?= |$)|supports ordered query \\(with default order\\)(?= |$)|supports ordered query \\(with asc\\)(?= |$))))",
      "effectiveFilter": "(?:^\\(Persistence=memory_lru_gc\\) Query to Pipeline (?:(?:supports default query(?= |$)|supports filtered query(?! (?:\\(with FieldPath\\))(?: |$))(?= |$)|supports filtered query \\(with FieldPath\\)(?= |$)|supports ordered query \\(with default order\\)(?= |$)|supports ordered query \\(with asc\\)(?= |$))))",
      "exitCode": 1,
      "nativeSkipOnly": true,
      "partitionName": "query-to-pipeline:1:1@memory_lru_gc",
      "signal": null,
      "completedTests": 0,
      "failedTests": 0,
      "nativeSkipNames": [
        "supports default query",
        "supports filtered query",
        "supports filtered query (with FieldPath)",
        "supports ordered query (with asc)",
        "supports ordered query (with default order)"
      ],
      "nativeSkips": 5
    },
    {
      "coverageFilter": "(?:^\\(Persistence=indexeddb\\) Query to Pipeline (?:(?:supports default query(?= |$)|supports filtered query(?! (?:\\(with FieldPath\\))(?: |$))(?= |$)|supports filtered query \\(with FieldPath\\)(?= |$)|supports ordered query \\(with default order\\)(?= |$)|supports ordered query \\(with asc\\)(?= |$))))",
      "effectiveFilter": "(?:^\\(Persistence=indexeddb\\) Query to Pipeline (?:(?:supports default query(?= |$)|supports filtered query(?! (?:\\(with FieldPath\\))(?: |$))(?= |$)|supports filtered query \\(with FieldPath\\)(?= |$)|supports ordered query \\(with default order\\)(?= |$)|supports ordered query \\(with asc\\)(?= |$))))",
      "exitCode": 1,
      "nativeSkipOnly": true,
      "partitionName": "query-to-pipeline:1:1@indexeddb",
      "signal": null,
      "completedTests": 0,
      "failedTests": 0,
      "nativeSkipNames": [
        "supports default query",
        "supports filtered query",
        "supports filtered query (with FieldPath)",
        "supports ordered query (with asc)",
        "supports ordered query (with default order)"
      ],
      "nativeSkips": 5
    },
    {
      "coverageFilter": "(?:^\\(Persistence=memory_lru_gc\\) Query to Pipeline (?:(?:supports ordered query \\(with desc\\)(?= |$)|supports limit query(?= |$)|supports limitToLast query(?= |$)|supports startAt(?! (?:with limitToLast|\\(with DocumentSnapshot\\))(?: |$))(?= |$)|supports startAt with limitToLast(?= |$))))",
      "effectiveFilter": "(?:^\\(Persistence=memory_lru_gc\\) Query to Pipeline (?:(?:supports ordered query \\(with desc\\)(?= |$)|supports limit query(?= |$)|supports limitToLast query(?= |$)|supports startAt(?! (?:with limitToLast|\\(with DocumentSnapshot\\))(?: |$))(?= |$)|supports startAt with limitToLast(?= |$))))",
      "exitCode": 1,
      "nativeSkipOnly": true,
      "partitionName": "query-to-pipeline:1:2@memory_lru_gc",
      "signal": null,
      "completedTests": 0,
      "failedTests": 0,
      "nativeSkipNames": [
        "supports limit query",
        "supports limitToLast query",
        "supports ordered query (with desc)",
        "supports startAt",
        "supports startAt with limitToLast"
      ],
      "nativeSkips": 5
    },
    {
      "coverageFilter": "(?:^\\(Persistence=indexeddb\\) Query to Pipeline (?:(?:supports ordered query \\(with desc\\)(?= |$)|supports limit query(?= |$)|supports limitToLast query(?= |$)|supports startAt(?! (?:with limitToLast|\\(with DocumentSnapshot\\))(?: |$))(?= |$)|supports startAt with limitToLast(?= |$))))",
      "effectiveFilter": "(?:^\\(Persistence=indexeddb\\) Query to Pipeline (?:(?:supports ordered query \\(with desc\\)(?= |$)|supports limit query(?= |$)|supports limitToLast query(?= |$)|supports startAt(?! (?:with limitToLast|\\(with DocumentSnapshot\\))(?: |$))(?= |$)|supports startAt with limitToLast(?= |$))))",
      "exitCode": 1,
      "nativeSkipOnly": true,
      "partitionName": "query-to-pipeline:1:2@indexeddb",
      "signal": null,
      "completedTests": 0,
      "failedTests": 0,
      "nativeSkipNames": [
        "supports limit query",
        "supports limitToLast query",
        "supports ordered query (with desc)",
        "supports startAt",
        "supports startAt with limitToLast"
      ],
      "nativeSkips": 5
    },
    {
      "coverageFilter": "(?:^\\(Persistence=memory_lru_gc\\) Query to Pipeline (?:(?:supports endAt with limitToLast(?= |$)|supports startAfter \\(with DocumentSnapshot\\)(?= |$)|supports startAt \\(with DocumentSnapshot\\)(?= |$)|supports startAfter(?! (?:\\(with DocumentSnapshot\\))(?: |$))(?= |$)|supports endAt(?! (?:with limitToLast)(?: |$))(?= |$))))",
      "effectiveFilter": "(?:^\\(Persistence=memory_lru_gc\\) Query to Pipeline (?:(?:supports endAt with limitToLast(?= |$)|supports startAfter \\(with DocumentSnapshot\\)(?= |$)|supports startAt \\(with DocumentSnapshot\\)(?= |$)|supports startAfter(?! (?:\\(with DocumentSnapshot\\))(?: |$))(?= |$)|supports endAt(?! (?:with limitToLast)(?: |$))(?= |$))))",
      "exitCode": 1,
      "nativeSkipOnly": true,
      "partitionName": "query-to-pipeline:1:3@memory_lru_gc",
      "signal": null,
      "completedTests": 0,
      "failedTests": 0,
      "nativeSkipNames": [
        "supports endAt",
        "supports endAt with limitToLast",
        "supports startAfter",
        "supports startAfter (with DocumentSnapshot)",
        "supports startAt (with DocumentSnapshot)"
      ],
      "nativeSkips": 5
    },
    {
      "coverageFilter": "(?:^\\(Persistence=indexeddb\\) Query to Pipeline (?:(?:supports endAt with limitToLast(?= |$)|supports startAfter \\(with DocumentSnapshot\\)(?= |$)|supports startAt \\(with DocumentSnapshot\\)(?= |$)|supports startAfter(?! (?:\\(with DocumentSnapshot\\))(?: |$))(?= |$)|supports endAt(?! (?:with limitToLast)(?: |$))(?= |$))))",
      "effectiveFilter": "(?:^\\(Persistence=indexeddb\\) Query to Pipeline (?:(?:supports endAt with limitToLast(?= |$)|supports startAfter \\(with DocumentSnapshot\\)(?= |$)|supports startAt \\(with DocumentSnapshot\\)(?= |$)|supports startAfter(?! (?:\\(with DocumentSnapshot\\))(?: |$))(?= |$)|supports endAt(?! (?:with limitToLast)(?: |$))(?= |$))))",
      "exitCode": 1,
      "nativeSkipOnly": true,
      "partitionName": "query-to-pipeline:1:3@indexeddb",
      "signal": null,
      "completedTests": 0,
      "failedTests": 0,
      "nativeSkipNames": [
        "supports endAt",
        "supports endAt with limitToLast",
        "supports startAfter",
        "supports startAfter (with DocumentSnapshot)",
        "supports startAt (with DocumentSnapshot)"
      ],
      "nativeSkips": 5
    },
    {
      "coverageFilter": "(?:^\\(Persistence=memory_lru_gc\\) Query to Pipeline (?:(?:supports endBefore(?= |$)|supports pagination(?! (?:on DocumentIds)(?: |$))(?= |$)|supports pagination on DocumentIds(?= |$)|supports collection groups(?= |$)|supports query over collection path with special characters(?= |$))))",
      "effectiveFilter": "(?:^\\(Persistence=memory_lru_gc\\) Query to Pipeline (?:(?:supports endBefore(?= |$)|supports pagination(?! (?:on DocumentIds)(?: |$))(?= |$)|supports pagination on DocumentIds(?= |$)|supports collection groups(?= |$)|supports query over collection path with special characters(?= |$))))",
      "exitCode": 1,
      "nativeSkipOnly": true,
      "partitionName": "query-to-pipeline:1:4@memory_lru_gc",
      "signal": null,
      "completedTests": 0,
      "failedTests": 0,
      "nativeSkipNames": [
        "supports collection groups",
        "supports endBefore",
        "supports pagination",
        "supports pagination on DocumentIds",
        "supports query over collection path with special characters"
      ],
      "nativeSkips": 5
    },
    {
      "coverageFilter": "(?:^\\(Persistence=indexeddb\\) Query to Pipeline (?:(?:supports endBefore(?= |$)|supports pagination(?! (?:on DocumentIds)(?: |$))(?= |$)|supports pagination on DocumentIds(?= |$)|supports collection groups(?= |$)|supports query over collection path with special characters(?= |$))))",
      "effectiveFilter": "(?:^\\(Persistence=indexeddb\\) Query to Pipeline (?:(?:supports endBefore(?= |$)|supports pagination(?! (?:on DocumentIds)(?: |$))(?= |$)|supports pagination on DocumentIds(?= |$)|supports collection groups(?= |$)|supports query over collection path with special characters(?= |$))))",
      "exitCode": 1,
      "nativeSkipOnly": true,
      "partitionName": "query-to-pipeline:1:4@indexeddb",
      "signal": null,
      "completedTests": 0,
      "failedTests": 0,
      "nativeSkipNames": [
        "supports collection groups",
        "supports endBefore",
        "supports pagination",
        "supports pagination on DocumentIds",
        "supports query over collection path with special characters"
      ],
      "nativeSkips": 5
    },
    {
      "coverageFilter": "(?:^\\(Persistence=memory_lru_gc\\) Query to Pipeline (?:(?:supports multiple inequality on same field(?= |$)|supports multiple inequality on different fields(?= |$)|supports collectionGroup query(?= |$)|supports eq nan(?= |$)|supports neq nan(?= |$))))",
      "effectiveFilter": "(?:^\\(Persistence=memory_lru_gc\\) Query to Pipeline (?:(?:supports multiple inequality on same field(?= |$)|supports multiple inequality on different fields(?= |$)|supports collectionGroup query(?= |$)|supports eq nan(?= |$)|supports neq nan(?= |$))))",
      "exitCode": 1,
      "nativeSkipOnly": true,
      "partitionName": "query-to-pipeline:1:5@memory_lru_gc",
      "signal": null,
      "completedTests": 0,
      "failedTests": 0,
      "nativeSkipNames": [
        "supports collectionGroup query",
        "supports eq nan",
        "supports multiple inequality on different fields",
        "supports multiple inequality on same field",
        "supports neq nan"
      ],
      "nativeSkips": 5
    },
    {
      "coverageFilter": "(?:^\\(Persistence=indexeddb\\) Query to Pipeline (?:(?:supports multiple inequality on same field(?= |$)|supports multiple inequality on different fields(?= |$)|supports collectionGroup query(?= |$)|supports eq nan(?= |$)|supports neq nan(?= |$))))",
      "effectiveFilter": "(?:^\\(Persistence=indexeddb\\) Query to Pipeline (?:(?:supports multiple inequality on same field(?= |$)|supports multiple inequality on different fields(?= |$)|supports collectionGroup query(?= |$)|supports eq nan(?= |$)|supports neq nan(?= |$))))",
      "exitCode": 1,
      "nativeSkipOnly": true,
      "partitionName": "query-to-pipeline:1:5@indexeddb",
      "signal": null,
      "completedTests": 0,
      "failedTests": 0,
      "nativeSkipNames": [
        "supports collectionGroup query",
        "supports eq nan",
        "supports multiple inequality on different fields",
        "supports multiple inequality on same field",
        "supports neq nan"
      ],
      "nativeSkips": 5
    },
    {
      "coverageFilter": "(?:^\\(Persistence=memory_lru_gc\\) Query to Pipeline (?:(?:supports eq null(?= |$)|supports neq null(?= |$)|supports neq(?! (?:nan|null)(?: |$))(?= |$)|supports array contains(?! (?:any)(?: |$))(?= |$)|supports array contains any(?= |$))))",
      "effectiveFilter": "(?:^\\(Persistence=memory_lru_gc\\) Query to Pipeline (?:(?:supports eq null(?= |$)|supports neq null(?= |$)|supports neq(?! (?:nan|null)(?: |$))(?= |$)|supports array contains(?! (?:any)(?: |$))(?= |$)|supports array contains any(?= |$))))",
      "exitCode": 1,
      "nativeSkipOnly": true,
      "partitionName": "query-to-pipeline:1:6@memory_lru_gc",
      "signal": null,
      "completedTests": 0,
      "failedTests": 0,
      "nativeSkipNames": [
        "supports array contains",
        "supports array contains any",
        "supports eq null",
        "supports neq",
        "supports neq null"
      ],
      "nativeSkips": 5
    },
    {
      "coverageFilter": "(?:^\\(Persistence=indexeddb\\) Query to Pipeline (?:(?:supports eq null(?= |$)|supports neq null(?= |$)|supports neq(?! (?:nan|null)(?: |$))(?= |$)|supports array contains(?! (?:any)(?: |$))(?= |$)|supports array contains any(?= |$))))",
      "effectiveFilter": "(?:^\\(Persistence=indexeddb\\) Query to Pipeline (?:(?:supports eq null(?= |$)|supports neq null(?= |$)|supports neq(?! (?:nan|null)(?: |$))(?= |$)|supports array contains(?! (?:any)(?: |$))(?= |$)|supports array contains any(?= |$))))",
      "exitCode": 1,
      "nativeSkipOnly": true,
      "partitionName": "query-to-pipeline:1:6@indexeddb",
      "signal": null,
      "completedTests": 0,
      "failedTests": 0,
      "nativeSkipNames": [
        "supports array contains",
        "supports array contains any",
        "supports eq null",
        "supports neq",
        "supports neq null"
      ],
      "nativeSkips": 5
    },
    {
      "coverageFilter": "(?:^\\(Persistence=memory_lru_gc\\) Query to Pipeline (?:(?:supports in(?! (?:with 1)(?: |$))(?= |$)|supports in with 1(?= |$)|supports not in(?! (?:with 1)(?: |$))(?= |$)|supports not in with 1(?= |$)|supports or operator(?= |$))))",
      "effectiveFilter": "(?:^\\(Persistence=memory_lru_gc\\) Query to Pipeline (?:(?:supports in(?! (?:with 1)(?: |$))(?= |$)|supports in with 1(?= |$)|supports not in(?! (?:with 1)(?: |$))(?= |$)|supports not in with 1(?= |$)|supports or operator(?= |$))))",
      "exitCode": 1,
      "nativeSkipOnly": true,
      "partitionName": "query-to-pipeline:1:7@memory_lru_gc",
      "signal": null,
      "completedTests": 0,
      "failedTests": 0,
      "nativeSkipNames": [
        "supports in",
        "supports in with 1",
        "supports not in",
        "supports not in with 1",
        "supports or operator"
      ],
      "nativeSkips": 5
    },
    {
      "coverageFilter": "(?:^\\(Persistence=indexeddb\\) Query to Pipeline (?:(?:supports in(?! (?:with 1)(?: |$))(?= |$)|supports in with 1(?= |$)|supports not in(?! (?:with 1)(?: |$))(?= |$)|supports not in with 1(?= |$)|supports or operator(?= |$))))",
      "effectiveFilter": "(?:^\\(Persistence=indexeddb\\) Query to Pipeline (?:(?:supports in(?! (?:with 1)(?: |$))(?= |$)|supports in with 1(?= |$)|supports not in(?! (?:with 1)(?: |$))(?= |$)|supports not in with 1(?= |$)|supports or operator(?= |$))))",
      "exitCode": 1,
      "nativeSkipOnly": true,
      "partitionName": "query-to-pipeline:1:7@indexeddb",
      "signal": null,
      "completedTests": 0,
      "failedTests": 0,
      "nativeSkipNames": [
        "supports in",
        "supports in with 1",
        "supports not in",
        "supports not in with 1",
        "supports or operator"
      ],
      "nativeSkips": 5
    },
    {
      "coverageFilter": "(?:^\\(Persistence=memory_lru_gc\\) Query to Pipeline (?:(?:not-in removes existence filter(?= |$)|not-equal removes existence filter(?= |$)|inequality maintains existence filter(?= |$)|explicit order maintains existence filter(?= |$))))",
      "effectiveFilter": "(?:^\\(Persistence=memory_lru_gc\\) Query to Pipeline (?:(?:not-in removes existence filter(?= |$)|not-equal removes existence filter(?= |$)|inequality maintains existence filter(?= |$)|explicit order maintains existence filter(?= |$))))",
      "exitCode": 1,
      "nativeSkipOnly": true,
      "partitionName": "query-to-pipeline:1:8@memory_lru_gc",
      "signal": null,
      "completedTests": 0,
      "failedTests": 0,
      "nativeSkipNames": [
        "explicit order maintains existence filter",
        "inequality maintains existence filter",
        "not-equal removes existence filter",
        "not-in removes existence filter"
      ],
      "nativeSkips": 4
    },
    {
      "coverageFilter": "(?:^\\(Persistence=indexeddb\\) Query to Pipeline (?:(?:not-in removes existence filter(?= |$)|not-equal removes existence filter(?= |$)|inequality maintains existence filter(?= |$)|explicit order maintains existence filter(?= |$))))",
      "effectiveFilter": "(?:^\\(Persistence=indexeddb\\) Query to Pipeline (?:(?:not-in removes existence filter(?= |$)|not-equal removes existence filter(?= |$)|inequality maintains existence filter(?= |$)|explicit order maintains existence filter(?= |$))))",
      "exitCode": 1,
      "nativeSkipOnly": true,
      "partitionName": "query-to-pipeline:1:8@indexeddb",
      "signal": null,
      "completedTests": 0,
      "failedTests": 0,
      "nativeSkipNames": [
        "explicit order maintains existence filter",
        "inequality maintains existence filter",
        "not-equal removes existence filter",
        "not-in removes existence filter"
      ],
      "nativeSkips": 4
    },
    {
      "coverageFilter": "(?:^\\(Persistence=memory_lru_gc\\) Server Timestamps(?= |$))",
      "effectiveFilter": "(?:^\\(Persistence=memory_lru_gc\\) Server Timestamps(?= |$))",
      "exitCode": 0,
      "nativeSkipOnly": false,
      "partitionName": "server-timestamps:1:1@memory_lru_gc",
      "signal": null,
      "completedTests": 10,
      "failedTests": 0,
      "nativeSkipNames": [],
      "nativeSkips": 0
    },
    {
      "coverageFilter": "(?:^\\(Persistence=indexeddb\\) Server Timestamps(?= |$))",
      "effectiveFilter": "(?:^\\(Persistence=indexeddb\\) Server Timestamps(?= |$))",
      "exitCode": 0,
      "nativeSkipOnly": false,
      "partitionName": "server-timestamps:1:1@indexeddb",
      "signal": null,
      "completedTests": 10,
      "failedTests": 0,
      "nativeSkipNames": [],
      "nativeSkips": 0
    },
    {
      "coverageFilter": "(?:^\\(Persistence=memory_lru_gc\\) Smoke Test(?= |$))",
      "effectiveFilter": "(?:^\\(Persistence=memory_lru_gc\\) Smoke Test(?= |$))",
      "exitCode": 0,
      "nativeSkipOnly": false,
      "partitionName": "smoke:1:1@memory_lru_gc",
      "signal": null,
      "completedTests": 6,
      "failedTests": 0,
      "nativeSkipNames": [
        "can query by field and use order by"
      ],
      "nativeSkips": 1
    },
    {
      "coverageFilter": "(?:^\\(Persistence=indexeddb\\) Smoke Test(?= |$))",
      "effectiveFilter": "(?:^\\(Persistence=indexeddb\\) Smoke Test(?= |$))",
      "exitCode": 0,
      "nativeSkipOnly": false,
      "partitionName": "smoke:1:1@indexeddb",
      "signal": null,
      "completedTests": 6,
      "failedTests": 0,
      "nativeSkipNames": [
        "can query by field and use order by"
      ],
      "nativeSkips": 1
    },
    {
      "coverageFilter": "(?:^\\(Persistence=memory_lru_gc\\) Database transactions(?= |$))",
      "effectiveFilter": "(?:^\\(Persistence=memory_lru_gc\\) Database transactions(?= |$))",
      "exitCode": 0,
      "nativeSkipOnly": false,
      "partitionName": "transactions:1:1@memory_lru_gc",
      "signal": null,
      "completedTests": 26,
      "failedTests": 0,
      "nativeSkipNames": [],
      "nativeSkips": 0
    },
    {
      "coverageFilter": "(?:^\\(Persistence=indexeddb\\) Database transactions(?= |$))",
      "effectiveFilter": "(?:^\\(Persistence=indexeddb\\) Database transactions(?= |$))",
      "exitCode": 0,
      "nativeSkipOnly": false,
      "partitionName": "transactions:1:1@indexeddb",
      "signal": null,
      "completedTests": 26,
      "failedTests": 0,
      "nativeSkipNames": [],
      "nativeSkips": 0
    },
    {
      "coverageFilter": "(?:^\\(Persistence=memory_lru_gc\\) Firestore(?= |$))",
      "effectiveFilter": "(?:^\\(Persistence=memory_lru_gc\\) Firestore(?= |$))",
      "exitCode": 0,
      "nativeSkipOnly": false,
      "partitionName": "types:1:1@memory_lru_gc",
      "signal": null,
      "completedTests": 9,
      "failedTests": 0,
      "nativeSkipNames": [],
      "nativeSkips": 0
    },
    {
      "coverageFilter": "(?:^\\(Persistence=indexeddb\\) Firestore(?= |$))",
      "effectiveFilter": "(?:^\\(Persistence=indexeddb\\) Firestore(?= |$))",
      "exitCode": 0,
      "nativeSkipOnly": false,
      "partitionName": "types:1:1@indexeddb",
      "signal": null,
      "completedTests": 9,
      "failedTests": 0,
      "nativeSkipNames": [],
      "nativeSkips": 0
    },
    {
      "coverageFilter": "(?:^\\(Persistence=memory_lru_gc\\) Validation:(?= |$))",
      "effectiveFilter": "(?:^\\(Persistence=memory_lru_gc\\) Validation:(?= |$))",
      "exitCode": 0,
      "nativeSkipOnly": false,
      "partitionName": "validation:1:1@memory_lru_gc",
      "signal": null,
      "completedTests": 53,
      "failedTests": 0,
      "nativeSkipNames": [],
      "nativeSkips": 0
    },
    {
      "coverageFilter": "(?:^\\(Persistence=indexeddb\\) Validation:(?= |$))",
      "effectiveFilter": "(?:^\\(Persistence=indexeddb\\) Validation:(?= |$))",
      "exitCode": 0,
      "nativeSkipOnly": false,
      "partitionName": "validation:1:1@indexeddb",
      "signal": null,
      "completedTests": 53,
      "failedTests": 0,
      "nativeSkipNames": [],
      "nativeSkips": 0
    }
  ],
  "projectId": "test-emulator",
  "schemaVersion": 1,
  "sdkBuildCommand": "yarn --cwd packages/firestore build:deps && yarn --cwd integration/firestore build:persistence",
  "sdkConfigCommand": "cp config/ci.config.json config/project.json",
  "sourcePackage": "integration/firestore"
}
