timestamp,elapsed_seconds,write_count,write_p50_ms,write_p95_ms,write_p99_ms,write_max_ms,listener_count,listener_p50_ms,listener_p95_ms,listener_p99_ms,listener_max_ms
2026-08-30T12:13:37.556Z,10.002,500,2.8000499978661537,7.106428999453783,8.102288998663425,35.02863400056958,50,2.7295190021395683,3.664969000965357,7.960448998957872,7.960448998957872
2026-08-30T12:13:47.555Z,20.002,500,2.369659997522831,6.321858998388052,6.695449002087116,14.616688001900911,50,2.5675889998674393,2.792519997805357,3.1594990007579327,3.1594990007579327
2026-08-30T12:13:57.556Z,30.002,500,2.362670000642538,6.292129002511501,6.526369001716375,10.137439001351595,50,2.3698990009725094,2.7510400004684925,2.8691090010106564,2.8691090010106564
2026-08-30T12:14:07.555Z,40.003,501,2.3656299971044064,6.3416489996016026,6.5591589994728565,8.892379000782967,50,2.568969000130892,2.788739003241062,3.044929001480341,3.044929001480341
2026-08-30T12:14:17.555Z,50.003,500,2.184739999473095,5.978948999196291,6.283319000154734,10.243397999554873,50,2.2214700020849705,2.7778399996459484,9.838927999138832,9.838927999138832
2026-08-30T12:14:27.557Z,60.003,500,1.8945690020918846,5.347329001873732,5.6202589981257915,10.064569000154734,50,1.9599299989640713,2.1458790004253387,2.4413189999759197,2.4413189999759197
2026-08-30T12:14:37.556Z,70.003,500,2.0811100006103516,5.834989000111818,5.95600900053978,9.06963799893856,50,2.257098998874426,2.409790001809597,2.440090000629425,2.440090000629425
2026-08-30T12:14:47.556Z,80.003,500,2.1961300000548363,5.9537890031933784,6.244779001921415,13.248408000916243,50,2.3492499999701977,2.5515989996492863,2.959688998758793,2.959688998758793
2026-08-30T12:14:57.557Z,90.003,500,2.150289997458458,5.839799001812935,6.081799000501633,7.362959001213312,50,2.205308999866247,2.572739999741316,2.9455699995160103,2.9455699995160103
2026-08-30T12:15:07.556Z,100.002,500,2.095440000295639,5.656188998371363,5.903328999876976,9.268569000065327,50,2.1604500003159046,2.371798999607563,3.496999002993107,3.496999002993107
2026-08-30T12:15:17.555Z,110.002,500,2.1070099994540215,5.638339001685381,5.837239000946283,9.5039889998734,50,2.1318599991500378,2.422479998320341,2.4959699995815754,2.4959699995815754
2026-08-30T12:15:27.557Z,120.005,500,2.08703999966383,5.657738998532295,6.162268999963999,12.252267003059387,50,2.0585190020501614,2.458399999886751,3.4442699998617172,3.4442699998617172
2026-08-30T12:15:37.559Z,130.005,500,1.9983900003135204,5.551789000630379,5.815318997949362,13.11301800236106,50,2.059918999671936,2.3756089992821217,6.350659001618624,6.350659001618624
2026-08-30T12:15:47.559Z,140.005,500,1.997459001839161,5.53125,5.82981900125742,8.916978001594543,50,2.0781399980187416,2.301409997045994,2.477129999548197,2.477129999548197
2026-08-30T12:15:57.558Z,150.006,500,1.9835800006985664,5.485898997634649,5.777359001338482,24.04397600144148,50,2.0639800019562244,2.2353999987244606,3.4987200014293194,3.4987200014293194
2026-08-30T12:16:07.558Z,160.005,500,2.006420001387596,5.470819000154734,5.669038999825716,11.251568000763655,50,2.0637089982628822,2.3691199980676174,3.456650000065565,3.456650000065565
2026-08-30T12:16:17.560Z,170.006,500,1.904289998114109,5.37830900028348,5.551438998430967,8.877538997679949,50,2.0142389982938766,2.2469899989664555,2.8097600005567074,2.8097600005567074
2026-08-30T12:16:27.559Z,180.007,500,1.8540899977087975,5.243668999522924,5.5262189991772175,9.017897997051477,50,1.9349989965558052,2.1390499994158745,3.377410002052784,3.377410002052784
2026-08-30T12:16:37.558Z,190.007,500,1.7937390021979809,5.157949000597,5.355530001223087,8.222608998417854,50,1.8561099991202354,2.0813990011811256,3.0858500003814697,3.0858500003814697
2026-08-30T12:16:47.559Z,200.006,500,2.007038999348879,5.439669001847506,5.676020000129938,8.659869000315666,50,2.031620003283024,2.3458600006997585,3.249980002641678,3.249980002641678
2026-08-30T12:16:57.561Z,210.007,500,1.9925290010869503,5.413099002093077,5.569738999009132,11.60504800081253,50,2.065880000591278,2.389589998871088,3.7553189992904663,3.7553189992904663
2026-08-30T12:17:07.559Z,220.006,500,2.0106199979782104,5.416179001331329,5.638468999415636,8.885118000209332,50,2.1136099994182587,2.4471099972724915,3.1132600009441376,3.1132600009441376
2026-08-30T12:17:17.559Z,230.006,500,1.8176600001752377,5.192259002476931,5.507179003208876,9.641937997192144,50,1.8676999993622303,2.2562200017273426,3.6152200028300285,3.6152200028300285
2026-08-30T12:17:27.561Z,240.007,500,1.8042290024459362,5.163409002125263,5.230818998068571,8.853979002684355,50,1.8637500032782555,2.0463699996471405,2.2452800013124943,2.2452800013124943
2026-08-30T12:17:37.560Z,250.008,500,1.905409999191761,5.304159000515938,5.556609001010656,9.523237999528646,50,1.950449999421835,2.1780099980533123,2.1937399990856647,2.1937399990856647
2026-08-30T12:17:47.562Z,260.007,500,1.857109997421503,5.26468899846077,5.505779001861811,12.45991799980402,50,1.9254989996552467,2.182530000805855,3.1783489994704723,3.1783489994704723
2026-08-30T12:17:57.562Z,270.008,500,1.8849599994719028,5.336498998105526,5.537709999829531,23.008776001632214,50,1.9602100029587746,2.3184500001370907,8.865209002047777,8.865209002047777
2026-08-30T12:18:07.561Z,280.009,500,1.8527400009334087,5.216508999466896,5.4005989991128445,9.385538998991251,50,1.907200001180172,2.1337189972400665,9.066178999841213,9.066178999841213
2026-08-30T12:18:17.561Z,290.008,500,2.0547700002789497,5.56750899925828,5.689518999308348,5.7258289977908134,50,2.043579999357462,2.3414690010249615,2.5878889970481396,2.5878889970481396
2026-08-30T12:18:27.561Z,300.008,500,1.9650300033390522,5.316429000347853,5.482059001922607,10.622328002005816,50,1.9825190007686615,2.376840002834797,3.115719001740217,3.115719001740217
2026-08-30T12:18:37.562Z,310.008,500,1.9606290012598038,5.25959999859333,5.44454900175333,11.655197996646166,50,1.9804589971899986,2.230449002236128,3.173209000378847,3.173209000378847
2026-08-30T12:18:47.561Z,320.008,500,1.9828599989414215,5.400358997285366,5.597169000655413,9.019658997654915,50,2.0660190023481846,2.300298999994993,3.830809999257326,3.830809999257326
2026-08-30T12:18:57.562Z,330.008,500,1.9703589975833893,5.350389000028372,5.499809000641108,12.549177996814251,50,2.000349998474121,2.223200000822544,2.4836099967360497,2.4836099967360497
2026-08-30T12:19:07.561Z,340.008,500,2.094268999993801,5.552119001746178,5.772799000144005,11.174548000097275,50,2.1136489994823933,2.3822900019586086,3.5266590006649494,3.5266590006649494
2026-08-30T12:19:17.562Z,350.008,500,2.004510000348091,5.420818999409676,5.687348999083042,12.428798001259565,50,2.040108997374773,2.209960002452135,3.537388999015093,3.537388999015093
2026-08-30T12:19:27.561Z,360.009,500,2.0311590023338795,5.436358999460936,5.520059000700712,12.593618001788855,50,2.139919999986887,2.294268999248743,3.6616789996623993,3.6616789996623993
2026-08-30T12:19:37.562Z,370.008,500,2.048200000077486,5.45847899839282,5.599648997187614,9.111097998917103,50,2.1287590004503727,2.7770600020885468,8.839267998933792,8.839267998933792
2026-08-30T12:19:47.563Z,380.008,500,1.9691700004041195,5.294488999992609,5.622968997806311,22.257745999842882,50,1.971280001103878,2.205740001052618,2.674600001424551,2.674600001424551
2026-08-30T12:19:57.563Z,390.009,500,2.14486900344491,5.627018999308348,5.778569001704454,9.803399000316858,50,2.2762789987027645,2.4604599997401237,2.7112900018692017,2.7112900018692017
2026-08-30T12:20:07.563Z,400.009,500,2.0571100004017353,5.476059000939131,5.70108899846673,6.707299001514912,50,2.093079000711441,2.359758999198675,2.5291900001466274,2.5291900001466274
2026-08-30T12:20:17.561Z,410.008,500,2.0534099973738194,5.494839001446962,5.584059000015259,9.753528002649546,50,2.123700000345707,2.4071989990770817,4.074628997594118,4.074628997594118
2026-08-30T12:20:27.561Z,420.008,500,2.048930000513792,5.485838998109102,5.601599000394344,9.021788999438286,50,2.09315899759531,2.3012190014123917,2.4559900015592575,2.4559900015592575
2026-08-30T12:20:37.561Z,430.009,500,2.0586300007998943,5.523639000952244,5.773148998618126,8.894547998905182,50,2.140810001641512,2.3897989988327026,2.497639000415802,2.497639000415802
2026-08-30T12:20:47.561Z,440.008,500,1.992859996855259,5.4209690019488335,5.609439000487328,8.14010900259018,50,2.016119997948408,2.3006500005722046,2.4356190003454685,2.4356190003454685
2026-08-30T12:20:57.561Z,450.009,500,2.0620700009167194,5.520728997886181,5.604228999465704,6.03345900028944,50,2.0724500007927418,2.3288490027189255,2.391269002109766,2.391269002109766
2026-08-30T12:21:07.562Z,460.008,500,2.0903200022876263,5.567579999566078,5.6960489973425865,9.80790900066495,50,2.126799002289772,2.4072290025651455,2.8762289993464947,2.8762289993464947
2026-08-30T12:21:17.561Z,470.008,500,2.048159997910261,5.5091079995036125,5.779458999633789,8.918099001049995,50,2.1071800030767918,2.3493090011179447,2.475179001688957,2.475179001688957
2026-08-30T12:21:27.563Z,480.009,500,2.0352600030601025,5.426639001816511,5.6690590009093285,19.17313700169325,50,2.068130001425743,2.2849389985203743,2.4867389984428883,2.4867389984428883
2026-08-30T12:21:37.564Z,490.01,500,1.9604899995028973,5.343958999961615,5.5528089962899685,12.680358000099659,50,2.016408998519182,2.3429300002753735,3.5444590002298355,3.5444590002298355
2026-08-30T12:21:47.562Z,500.01,500,2.0457900017499924,5.474128998816013,5.594080001115799,8.883697997778654,50,2.1100099980831146,2.2779500000178814,2.5143890008330345,2.5143890008330345
2026-08-30T12:21:57.562Z,510.01,500,1.9675500020384789,5.367509000003338,5.567689001560211,8.73080899938941,50,2.007539000362158,2.3012299984693527,3.3817390017211437,3.3817390017211437
2026-08-30T12:22:07.562Z,520.009,500,1.9334199987351894,5.357358999550343,5.643518999218941,9.961757998913527,50,1.9779700003564358,2.3564890027046204,2.674839001148939,2.674839001148939
2026-08-30T12:22:17.563Z,530.009,500,1.9722700007259846,5.307769000530243,5.527029000222683,6.123668998479843,50,2.058559000492096,2.308660000562668,2.6628689989447594,2.6628689989447594
2026-08-30T12:22:27.564Z,540.01,500,1.9463099986314774,5.362298998981714,5.456969000399113,8.999939002096653,50,2.0450100004673004,2.330579999834299,2.7345089986920357,2.7345089986920357
2026-08-30T12:22:37.562Z,550.009,500,1.9589200019836426,5.313269000500441,5.472788996994495,11.455967999994755,50,2.0144400000572205,2.2705199979245663,2.706479001790285,2.706479001790285
2026-08-30T12:22:47.564Z,560.01,500,1.9264199994504452,5.263299997895956,5.377939000725746,5.77182899788022,50,1.9938299991190434,2.1789299994707108,2.4296890012919903,2.4296890012919903
2026-08-30T12:22:57.562Z,570.01,500,1.966660000383854,5.321198999881744,5.441359002143145,8.97588800266385,50,2.027479998767376,2.2853900007903576,2.514229003340006,2.514229003340006
2026-08-30T12:23:07.562Z,580.009,500,1.999650001525879,5.338618997484446,5.458288997411728,9.761658001691103,50,2.122179999947548,2.2868600003421307,2.4213389977812767,2.4213389977812767
2026-08-30T12:23:17.562Z,590.01,500,2.0540199987590313,5.400949001312256,5.531998999416828,9.049117997288704,50,2.1280790008604527,2.35708000138402,2.4727800004184246,2.4727800004184246
2026-08-30T12:23:27.563Z,600.009,500,1.9434689991176128,5.318879000842571,5.503888998180628,8.409067999571562,50,1.954220000654459,2.3549389988183975,2.356120001524687,2.356120001524687
2026-08-30T12:23:37.563Z,610.01,500,2.0276600010693073,5.460078999400139,5.580148998647928,10.279139000922441,50,2.177529998123646,2.793378997594118,8.559379000216722,8.559379000216722
2026-08-30T12:23:47.564Z,620.01,500,2.041678998619318,5.348198998719454,5.523398999124765,11.106587998569012,50,2.1319390013813972,2.3017399981617928,2.4259290024638176,2.4259290024638176
2026-08-30T12:23:57.563Z,630.01,500,1.997919999063015,5.416990000754595,5.517848998308182,20.388146996498108,50,2.072028998285532,2.342408999800682,20.116536997258663,20.116536997258663
2026-08-30T12:24:07.563Z,640.01,500,2.0471689999103546,5.409949000924826,5.631039001047611,39.13994399830699,50,2.153480000793934,2.2960800006985664,2.4415800012648106,2.4415800012648106
2026-08-30T12:24:17.564Z,650.01,500,1.9633799977600574,5.295888997614384,5.49040899798274,9.075398996472359,50,2.029500000178814,2.2421500012278557,2.3837599977850914,2.3837599977850914
2026-08-30T12:24:27.565Z,660.01,500,1.9554800018668175,5.26850900053978,5.361588999629021,5.972388997673988,50,1.969650000333786,2.227828998118639,2.8715399987995625,2.8715399987995625
2026-08-30T12:24:37.566Z,670.011,500,1.9591199979186058,5.239778999239206,5.4171599969267845,11.597767997533083,50,1.9787590019404888,2.276349999010563,2.3931690007448196,2.3931690007448196
2026-08-30T12:24:47.564Z,680.011,500,2.05027000233531,5.34943900257349,5.455478999763727,6.3590890020132065,50,2.122308999300003,2.3651899993419647,2.450849000364542,2.450849000364542
2026-08-30T12:24:57.566Z,690.012,500,1.988850001245737,5.304699998348951,5.435088999569416,8.136279001832008,50,2.044989999383688,2.171688999980688,2.2159900031983852,2.2159900031983852
2026-08-30T12:25:07.564Z,700.011,500,1.9829099997878075,5.281550001353025,5.369979001581669,7.514818999916315,50,2.0546500012278557,2.2218689993023872,2.5570599995553493,2.5570599995553493
2026-08-30T12:25:17.565Z,710.011,500,1.9190099984407425,5.206718999892473,5.350788999348879,9.052868999540806,50,1.9579089991748333,2.202010001987219,8.454119000583887,8.454119000583887
2026-08-30T12:25:27.566Z,720.015,500,1.7690099999308586,5.042369000613689,5.149339001625776,7.575449001044035,50,1.839368999004364,2.009390000253916,2.033380001783371,2.033380001783371
2026-08-30T12:25:37.568Z,730.015,500,1.863740000873804,5.150538999587297,5.2911489978432655,10.72452799975872,50,1.9065500013530254,2.2438190020620823,2.9185599982738495,2.9185599982738495
2026-08-30T12:25:47.568Z,740.015,500,2.029100000858307,5.347968999296427,5.495289001613855,11.481988999992609,50,2.032159999012947,2.2413090020418167,2.70992000028491,2.70992000028491
2026-08-30T12:25:57.568Z,750.016,500,1.9744799993932247,5.303288999944925,5.430038999766111,8.490288000553846,50,2.0896090008318424,2.3210799992084503,8.021728999912739,8.021728999912739
2026-08-30T12:26:07.569Z,760.015,500,1.990388996899128,5.288258999586105,5.370489001274109,6.973809000104666,50,2.025379002094269,2.290709000080824,2.481350000947714,2.481350000947714
2026-08-30T12:26:17.568Z,770.015,500,1.9759999997913837,5.296138998121023,5.396859001368284,17.72572699934244,50,1.9978789985179901,2.2983390018343925,2.5157399997115135,2.5157399997115135
2026-08-30T12:26:27.568Z,780.016,500,1.915429998189211,5.276848997920752,5.412860002368689,5.7611889988183975,50,1.9729989990592003,2.2486399970948696,2.4113599993288517,2.4113599993288517
2026-08-30T12:26:37.569Z,790.016,500,1.791838999837637,5.1219989992678165,5.318799000233412,29.434745002537966,50,1.8616899996995926,2.148479998111725,2.2459500022232533,2.2459500022232533
2026-08-30T12:26:47.569Z,800.015,500,1.980759996920824,5.3200289979577065,5.576409000903368,11.277998000383377,50,2.040649998933077,2.4249600023031235,3.464410003274679,3.464410003274679
2026-08-30T12:26:57.568Z,810.015,500,1.9439089968800545,5.270988997071981,5.448649000376463,9.464217998087406,50,1.9813299998641014,2.151959002017975,3.3584000021219254,3.3584000021219254
2026-08-30T12:27:07.570Z,820.015,500,1.9968989975750446,5.271888997405767,5.401459001004696,9.628858000040054,50,2.0263700000941753,2.261829998344183,3.4980599991977215,3.4980599991977215
2026-08-30T12:27:17.568Z,830.015,500,2.048219997435808,5.43087900057435,5.562779001891613,9.676188003271818,50,2.1690300032496452,2.3671300001442432,4.090119998902082,4.090119998902082
2026-08-30T12:27:27.567Z,840.016,500,2.10011900216341,5.433469001203775,5.565359000116587,9.698178000748158,50,2.1227799989283085,2.4609399996697903,4.7629790008068085,4.7629790008068085
2026-08-30T12:27:37.570Z,850.016,500,2.0300399996340275,5.41618900001049,5.571090001612902,13.362308003008366,50,2.0969800017774105,2.3544090017676353,4.017880000174046,4.017880000174046
2026-08-30T12:27:47.570Z,860.016,500,1.9257599972188473,5.285109002143145,5.413929000496864,13.051677998155355,50,2.006530001759529,2.2710790000855923,2.6662500016391277,2.6662500016391277
2026-08-30T12:27:57.570Z,870.016,500,1.9285189993679523,5.245029002428055,5.403208997100592,10.088498000055552,50,2.0505499988794327,2.310428999364376,9.824867997318506,9.824867997318506
2026-08-30T12:28:07.569Z,880.017,500,1.9484300017356873,5.366578999906778,5.862369000911713,8.800968997180462,50,2.029049001634121,2.637429002672434,3.014970000833273,3.014970000833273
2026-08-30T12:28:17.570Z,890.016,500,2.014139998704195,5.258278999477625,5.471149001270533,12.877988003194332,50,2.0406690016388893,2.2144800014793873,3.4664799980819225,3.4664799980819225
2026-08-30T12:28:27.570Z,900.016,500,2.053370002657175,5.411488998681307,5.6031899973750114,13.176618002355099,50,2.135029997676611,2.340209998190403,2.446738999336958,2.446738999336958
2026-08-30T12:28:37.570Z,910.017,500,2.0144900009036064,5.326008997857571,5.478169001638889,13.091468002647161,50,2.086168996989727,2.2861100025475025,2.295618999749422,2.295618999749422
2026-08-30T12:28:47.569Z,920.016,500,1.825799997895956,5.044929001480341,5.3878189995884895,26.018875997513533,50,1.8433800004422665,2.213780000805855,5.255899000912905,5.255899000912905
2026-08-30T12:28:57.571Z,930.017,500,1.9428000003099442,5.244239002466202,5.362449001520872,11.32811800017953,50,2.0240000002086163,2.3202489987015724,9.670919001102448,9.670919001102448
2026-08-30T12:29:07.571Z,940.017,500,1.975100003182888,5.2778990007936954,5.4363490007817745,9.548948001116514,50,2.097750000655651,2.3153400011360645,2.4076790027320385,2.4076790027320385
2026-08-30T12:29:17.571Z,950.018,500,2.014479998499155,5.307299003005028,5.455478999763727,13.171488001942635,50,2.0314599983394146,2.3162500001490116,3.4750399999320507,3.4750399999320507
2026-08-30T12:29:27.570Z,960.018,500,1.8709600009024143,5.177958998829126,5.337269000709057,11.557718001306057,50,1.9579600021243095,2.1934590004384518,2.82905999943614,2.82905999943614
2026-08-30T12:29:37.571Z,970.018,500,2.0804999992251396,5.437258999794722,5.5570289976894855,9.356078002601862,50,2.1102799996733665,2.298429999500513,2.482439000159502,2.482439000159502
2026-08-30T12:29:47.573Z,980.018,500,1.8882500007748604,5.1426490023732185,5.2965999990701675,8.544937998056412,50,1.9717990010976791,2.1960300020873547,2.6140400022268295,2.6140400022268295
2026-08-30T12:29:57.571Z,990.018,500,1.9532300010323524,5.22885899990797,5.3723889999091625,12.150607999414206,50,2.000569999217987,2.201179001480341,3.590828999876976,3.590828999876976
2026-08-30T12:30:07.571Z,1000.018,500,1.9737299978733063,5.255199000239372,5.380838997662067,8.790309000760317,50,2.0379300005733967,2.3507689982652664,3.247098997235298,3.247098997235298
2026-08-30T12:30:17.572Z,1010.019,500,1.9260389991104603,5.2577589973807335,5.394259002059698,8.865508999675512,50,1.9930589981377125,2.294479001313448,3.1626590006053448,3.1626590006053448
2026-08-30T12:30:27.573Z,1020.019,500,2.0332089997828007,5.345638997852802,5.441159997135401,8.869348999112844,50,2.1521699987351894,2.322358999401331,3.6290290020406246,3.6290290020406246
2026-08-30T12:30:37.572Z,1030.018,500,1.798939999192953,5.042539000511169,5.150609001517296,8.356117997318506,50,1.8956390023231506,3.126919001340866,8.080197997391224,8.080197997391224
2026-08-30T12:30:47.572Z,1040.018,500,1.8335289992392063,5.1241500005126,5.301869001239538,8.421059001237154,50,1.9315700009465218,2.403219997882843,8.099729001522064,8.099729001522064
2026-08-30T12:30:57.571Z,1050.019,500,1.8988399989902973,5.145498998463154,5.230538997799158,9.139277998358011,50,1.968520000576973,2.3445100001990795,8.877588000148535,8.877588000148535
2026-08-30T12:31:07.573Z,1060.019,500,1.9917199984192848,5.307538997381926,5.549949001520872,9.172837998718023,50,2.091228999197483,2.4699699990451336,8.90684799849987,8.90684799849987
2026-08-30T12:31:17.571Z,1070.018,500,1.9007500000298023,5.284579999744892,5.410390000790358,10.121247999370098,50,1.9151200018823147,2.64571899920702,9.840428002178669,9.840428002178669
2026-08-30T12:31:27.569Z,1080.018,500,1.80714999884367,5.102258998900652,5.253318998962641,5.789699003100395,50,1.9036500006914139,2.140140000730753,2.661609001457691,2.661609001457691
2026-08-30T12:31:37.571Z,1090.018,500,1.8539099991321564,5.192718997597694,5.504998996853828,8.916978999972343,50,1.936319999396801,2.294929999858141,2.6881689988076687,2.6881689988076687
2026-08-30T12:31:47.571Z,1100.018,500,1.9112799987196922,5.193838998675346,5.283909000456333,5.971679002046585,50,2.022309999912977,2.274819999933243,3.8691090010106564,3.8691090010106564
2026-08-30T12:31:57.571Z,1110.018,500,1.951739002019167,5.228959001600742,5.450679998844862,9.44097900018096,50,2.0460890009999275,2.4506999999284744,3.5268389992415905,3.5268389992415905
2026-08-30T12:32:07.572Z,1120.019,500,1.9611299969255924,5.23114899918437,5.436719000339508,31.923374999314547,50,2.028388999402523,2.388739001005888,3.604348998516798,3.604348998516798
2026-08-30T12:32:17.572Z,1130.018,500,1.9582690000534058,5.245168998837471,5.434539001435041,5.977179002016783,50,2.0576889999210835,2.2780600003898144,3.115268997848034,3.115268997848034
2026-08-30T12:32:27.573Z,1140.019,500,1.9635590016841888,5.216789003461599,5.390948999673128,9.648198999464512,50,2.031479999423027,2.2093889974057674,4.263638999313116,4.263638999313116
2026-08-30T12:32:37.573Z,1150.019,500,1.9319600015878677,5.220129996538162,5.34807899966836,9.782068997621536,50,2.056328997015953,2.325260002166033,3.551908999681473,3.551908999681473
2026-08-30T12:32:47.572Z,1160.018,500,2.044508997350931,5.388199001550674,5.55697900056839,10.5813580006361,50,2.116948999464512,2.267638999968767,2.4292399995028973,2.4292399995028973
2026-08-30T12:32:57.573Z,1170.019,500,1.8317900002002716,5.148079000413418,5.3873089998960495,10.436468999832869,50,1.8823600001633167,2.1474290005862713,2.7239699997007847,2.7239699997007847
2026-08-30T12:33:07.573Z,1180.019,500,1.8064800016582012,5.102988999336958,5.385119002312422,12.195687998086214,50,1.7925599999725819,2.2177690006792545,3.1874289996922016,3.1874289996922016
2026-08-30T12:33:17.572Z,1190.019,500,1.8339900001883507,5.105249002575874,5.349968999624252,10.853877998888493,50,1.8772100023925304,2.3230499997735023,2.7434390000998974,2.7434390000998974
2026-08-30T12:33:27.570Z,1200.019,500,1.9351189993321896,5.189698997884989,5.447249002754688,8.141249001026154,50,1.9906399995088577,2.1651590019464493,2.2148299999535084,2.2148299999535084
2026-08-30T12:33:37.572Z,1210.019,500,1.8627000004053116,5.142278999090195,5.329449001699686,11.917737998068333,50,1.92111000046134,2.2767099998891354,2.699949000030756,2.699949000030756
2026-08-30T12:33:47.572Z,1220.02,500,1.9330000020563602,5.1480189971625805,5.332949001342058,9.510038997977972,50,1.9687490016222,2.153328999876976,2.5079089999198914,2.5079089999198914
2026-08-30T12:33:57.572Z,1230.019,500,1.9769699983298779,5.260389000177383,5.353419002145529,9.677487999200821,50,2.0634589977562428,2.3041300028562546,2.5386589989066124,2.5386589989066124
2026-08-30T12:34:07.573Z,1240.02,500,1.9707989990711212,5.234559997916222,5.328848998993635,10.074707999825478,50,2.087999999523163,2.3632600009441376,9.804827999323606,9.804827999323606
2026-08-30T12:34:17.575Z,1250.02,500,1.9886390008032322,5.280179001390934,5.382849000394344,11.983507998287678,50,2.0826900005340576,2.2632590010762215,2.5709289982914925,2.5709289982914925
2026-08-30T12:34:27.573Z,1260.021,500,1.9746100008487701,5.28880900144577,5.404798999428749,10.002339001744986,50,2.0977600030601025,2.333279002457857,9.706249002367258,9.706249002367258
2026-08-30T12:34:37.575Z,1270.021,500,1.7597099989652634,5.034748997539282,5.221198998391628,8.445528000593185,50,1.8221400007605553,1.9480200000107288,8.184578001499176,8.184578001499176
2026-08-30T12:34:47.573Z,1280.021,500,1.9035199992358685,5.2060989998281,5.355879001319408,8.26799900084734,50,1.909570001065731,2.141298998147249,2.256300002336502,2.256300002336502
2026-08-30T12:34:57.573Z,1290.02,500,1.9727899990975857,5.256528999656439,5.437610000371933,13.230457998812199,50,2.057810001075268,2.3018399998545647,7.97316799685359,7.97316799685359
2026-08-30T12:35:07.574Z,1300.02,500,1.9543990008533,5.242598999291658,5.398079000413418,9.151978999376297,50,2.0204889997839928,2.269609998911619,2.333620000630617,2.333620000630617
2026-08-30T12:35:17.575Z,1310.021,500,1.9227089993655682,5.238458998501301,6.520218998193741,29.867976002395153,50,1.93699000030756,2.2617200016975403,7.705047998577356,7.705047998577356
2026-08-30T12:35:27.573Z,1320.022,500,2.0396500006318092,5.354628998786211,5.495618999004364,9.876517999917269,50,1.9973799996078014,2.1897789984941483,2.3504399992525578,2.3504399992525578
2026-08-30T12:35:37.576Z,1330.022,500,1.9906199984252453,5.316469002515078,5.580379001796246,9.692047998309135,50,2.0509999990463257,2.334170002490282,6.980869002640247,6.980869002640247
2026-08-30T12:35:47.576Z,1340.022,501,1.9778390005230904,5.297949001193047,5.552758999168873,9.701197996735573,51,2.0477200001478195,2.345890000462532,7.756358999758959,7.756358999758959
2026-08-30T12:35:57.575Z,1350.022,499,1.9399500004947186,5.228039000183344,5.438048999756575,9.543169002979994,50,1.9849299974739552,2.1537990011274815,2.679848998785019,2.679848998785019
2026-08-30T12:36:07.576Z,1360.022,501,1.950449999421835,5.243370000272989,5.401539001613855,12.931078001856804,50,1.9970589987933636,2.2205389998853207,2.654348999261856,2.654348999261856
2026-08-30T12:36:17.576Z,1370.022,500,1.9454200007021427,5.242768999189138,5.339909002184868,12.83381799980998,50,1.9790289998054504,2.170128997415304,2.5926099978387356,2.5926099978387356
2026-08-30T12:36:27.577Z,1380.022,499,1.9624800011515617,5.268049001693726,5.415950000286102,11.044447999447584,49,1.9926600009202957,2.26384000107646,2.9702990017831326,2.9702990017831326
2026-08-30T12:36:37.575Z,1390.022,500,2.0377690009772778,5.357808999717236,5.544199001044035,8.989838998764753,50,2.0690600015223026,2.430070001631975,8.739629000425339,8.739629000425339
2026-08-30T12:36:47.575Z,1400.022,501,1.9717199988663197,5.275329999625683,5.369669001549482,12.001007996499538,51,2.08237000182271,2.2848189994692802,8.507409002631903,8.507409002631903
2026-08-30T12:36:57.576Z,1410.022,499,1.9854599982500076,5.298888999968767,5.536958999931812,9.545138001441956,49,2.018479999154806,2.239970002323389,2.7776199989020824,2.7776199989020824
2026-08-30T12:37:07.575Z,1420.022,500,2.108650002628565,5.48539899662137,5.564628999680281,9.753257997334003,50,2.188210003077984,2.34077899903059,8.915188997983932,8.915188997983932
2026-08-30T12:37:17.575Z,1430.022,500,1.9996300004422665,5.207899000495672,5.636499002575874,10.031748000532389,50,1.9524400010704994,2.264589998871088,9.760517999529839,9.760517999529839
2026-08-30T12:37:27.574Z,1440.022,501,1.8519100025296211,5.2144489996135235,5.411699000746012,11.163989000022411,51,1.9272699989378452,2.2089900001883507,8.569028999656439,8.569028999656439
2026-08-30T12:37:37.575Z,1450.022,499,1.9849599972367287,5.37380900233984,5.510069001466036,13.043667998164892,49,1.9796999990940094,2.2766789980232716,2.442970000207424,2.442970000207424
2026-08-30T12:37:47.575Z,1460.022,500,1.9978790022432804,5.326139003038406,5.602199003100395,12.636657997965813,50,2.0336300022900105,2.255139999091625,7.70133899897337,7.70133899897337
2026-08-30T12:37:57.576Z,1470.022,500,2.022019997239113,5.354608997702599,5.522258996963501,10.055588997900486,50,2.025790002197027,2.7338690012693405,9.693718999624252,9.693718999624252
2026-08-30T12:38:07.575Z,1480.022,500,2.037229999899864,5.393529001623392,6.259188998490572,26.405086003243923,50,2.093340002000332,2.403089001774788,10.603188000619411,10.603188000619411
2026-08-30T12:38:17.575Z,1490.022,500,1.9861800000071526,5.24914899840951,5.648759000003338,12.176618002355099,50,2.0876200012862682,2.4093290008604527,7.529908001422882,7.529908001422882
2026-08-30T12:38:27.575Z,1500.022,501,1.8664290010929108,5.130269002169371,5.354358997195959,10.192439001053572,51,1.885709997266531,2.1904789991676807,9.899328999221325,9.899328999221325
2026-08-30T12:38:37.576Z,1510.022,500,1.8623699992895126,5.162799000740051,5.55332900211215,11.505828000605106,50,1.9836389981210232,2.2652499973773956,8.014399003237486,8.014399003237486
2026-08-30T12:38:47.575Z,1520.022,499,1.955129001289606,5.284368999302387,5.432939000427723,12.06580800190568,49,1.9881790019571781,2.2093290016055107,2.2300489991903305,2.2300489991903305
2026-08-30T12:38:57.575Z,1530.022,500,1.9850500002503395,5.2929389998316765,5.496809002012014,9.779148001223803,50,1.9381490014493465,2.305729001760483,6.7182090021669865,6.7182090021669865
2026-08-30T12:39:07.576Z,1540.022,500,1.9458799995481968,5.191089000552893,5.352958999574184,9.621828000992537,50,1.9618499986827374,2.2917499989271164,7.186778999865055,7.186778999865055
2026-08-30T12:39:17.575Z,1550.022,500,1.9174989983439445,5.222128998488188,5.3621290028095245,9.48072899878025,50,2.0099290013313293,2.276019997894764,8.61573900282383,8.61573900282383
2026-08-30T12:39:27.574Z,1560.023,500,2.015099000185728,5.2467689998447895,5.367088999599218,9.514559000730515,50,2.0026689991354942,2.3710700012743473,7.5927690006792545,7.5927690006792545
2026-08-30T12:39:37.578Z,1570.024,501,1.985589999705553,5.313409000635147,5.433008998632431,9.644127998501062,51,2.014809001237154,2.177240002900362,7.161709003150463,7.161709003150463
2026-08-30T12:39:47.577Z,1580.023,500,1.9082599990069866,5.182268999516964,5.410799000412226,11.493838001042604,50,1.9109400026500225,2.2582390010356903,3.631130002439022,3.631130002439022
2026-08-30T12:39:57.577Z,1590.023,500,1.9827499985694885,5.238919001072645,5.347688999027014,9.506177999079227,50,2.02903900295496,2.169460002332926,2.301859002560377,2.301859002560377
2026-08-30T12:40:07.576Z,1600.023,500,1.9286799989640713,5.209260001778603,5.3618490025401115,11.233748000115156,50,1.9565089978277683,2.1035099998116493,2.6821699999272823,2.6821699999272823
2026-08-30T12:40:17.577Z,1610.023,500,2.0039100013673306,5.242339000105858,5.35461900010705,5.627349000424147,50,2.0552799999713898,2.2836400009691715,2.3416390009224415,2.3416390009224415
2026-08-30T12:40:27.576Z,1620.023,500,2.0080789998173714,5.301839001476765,5.442108999937773,12.166497997939587,50,2.0655889995396137,2.313029997050762,2.3605690002441406,2.3605690002441406
2026-08-30T12:40:37.576Z,1630.023,500,1.9933700002729893,5.295499000698328,5.409019000828266,8.730227999389172,50,2.0919799990952015,2.2655100002884865,2.457839000970125,2.457839000970125
2026-08-30T12:40:47.576Z,1640.024,500,1.962958998978138,5.216788999736309,5.294298999011517,10.706237997859716,50,2.0545199997723103,2.212399996817112,3.247488997876644,3.247488997876644
2026-08-30T12:40:57.577Z,1650.023,500,1.949108999222517,5.248058997094631,5.336008999496698,8.723188001662493,50,2.0383200012147427,2.2491500005126,2.3258000016212463,2.3258000016212463
2026-08-30T12:41:07.577Z,1660.023,500,1.954389002174139,5.23445899784565,5.359448999166489,8.801529001444578,50,2.0120700001716614,2.2025690004229546,2.2597590014338493,2.2597590014338493
2026-08-30T12:41:17.576Z,1670.023,500,1.9570399969816208,5.249678999185562,5.305229000747204,12.020537998527288,50,2.0365800000727177,2.2176500000059605,3.349039003252983,3.349039003252983
2026-08-30T12:41:27.575Z,1680.024,500,1.9566989988088608,5.255328997969627,5.400520000606775,8.405518997460604,50,1.9681599996984005,2.207169998437166,2.3099489994347095,2.3099489994347095
2026-08-30T12:41:37.578Z,1690.024,500,1.9506600014865398,5.272849000990391,5.400949001312256,8.232207998633385,50,1.8811590000987053,2.1276389993727207,2.187610000371933,2.187610000371933
2026-08-30T12:41:47.576Z,1700.023,500,1.9462299980223179,5.223129000514746,5.328818999230862,8.945287998765707,50,2.0223200023174286,2.214579999446869,2.3153599984943867,2.3153599984943867
2026-08-30T12:41:57.577Z,1710.023,500,1.9788790009915829,5.289799001067877,5.377108998596668,11.406718999147415,50,2.026289001107216,2.222139999270439,2.362440001219511,2.362440001219511
2026-08-30T12:42:07.577Z,1720.023,500,1.964859999716282,5.204449001699686,5.34569900110364,8.914007999002934,50,2.023479003459215,2.3040700033307076,2.3954799994826317,2.3954799994826317
2026-08-30T12:42:17.577Z,1730.023,500,1.9106699973344803,5.233828999102116,5.371299002319574,12.511098001152277,50,1.952318999916315,2.1560300029814243,2.2145400010049343,2.2145400010049343
2026-08-30T12:42:27.576Z,1740.024,500,1.9817400015890598,5.2908589988946915,5.445608999580145,11.180768001824617,50,2.0306699983775616,2.3530200012028217,3.2997500002384186,3.2997500002384186
2026-08-30T12:42:37.578Z,1750.024,500,1.9444799982011318,5.210420001298189,5.341090001165867,8.620028998702765,50,1.9660700000822544,2.191229999065399,8.326288998126984,8.326288998126984
2026-08-30T12:42:47.576Z,1760.024,500,1.7432090006768703,5.0187690034508705,5.294989001005888,37.265333998948336,50,1.7774490006268024,2.0156690031290054,2.0885890014469624,2.0885890014469624
2026-08-30T12:42:57.577Z,1770.023,500,1.7956290021538734,5.090069003403187,5.373429000377655,9.032827999442816,50,1.7980390004813671,2.072680000215769,2.2903300002217293,2.2903300002217293
2026-08-30T12:43:07.576Z,1780.023,500,1.9586089998483658,5.226419001817703,5.478909000754356,11.496988002210855,50,1.9178799986839294,2.1707589998841286,2.405900001525879,2.405900001525879
2026-08-30T12:43:17.577Z,1790.024,500,1.9969999976456165,5.2944089993834496,5.487208999693394,10.721427999436855,50,2.0294600017368793,2.1880890019237995,2.446570001542568,2.446570001542568
2026-08-30T12:43:27.577Z,1800.024,500,1.9868390001356602,5.222139000892639,5.33015900105238,11.251217998564243,50,2.0381399989128113,2.3134499974548817,2.3754899986088276,2.3754899986088276
2026-08-30T12:43:37.577Z,1810.025,500,1.9771599993109703,5.244129002094269,5.37100899964571,8.841129001230001,50,2.0750100016593933,2.2067499980330467,2.305799998342991,2.305799998342991
2026-08-30T12:43:47.579Z,1820.025,500,2.0410300008952618,5.312218997627497,5.492130000144243,10.862048000097275,50,2.03005900233984,2.2924389988183975,2.3839100003242493,2.3839100003242493
2026-08-30T12:43:57.578Z,1830.025,500,1.9924199990928173,5.2609689980745316,5.385159000754356,8.86735899746418,50,2.062830001115799,2.249039001762867,2.972748998552561,2.972748998552561
2026-08-30T12:44:07.580Z,1840.026,500,2.011599000543356,5.345128998160362,5.442179001867771,12.163508001714945,50,2.1275199986994267,2.2565600015223026,2.2720399983227253,2.2720399983227253
2026-08-30T12:44:17.578Z,1850.025,500,1.9827200025320053,5.248078998178244,5.356618996709585,8.922738999128342,50,2.0418189987540245,2.1892790012061596,2.2424889989197254,2.2424889989197254
2026-08-30T12:44:27.578Z,1860.025,500,1.9593189992010593,5.251918997615576,5.3896690011024475,8.789598997682333,50,2.0363599993288517,2.170219998806715,2.2516600005328655,2.2516600005328655
2026-08-30T12:44:37.578Z,1870.026,500,2.022010002285242,5.303829997777939,5.457329001277685,9.409028001129627,50,2.0836989991366863,2.3326900005340576,9.14147800207138,9.14147800207138
2026-08-30T12:44:47.581Z,1880.027,500,1.9784700013697147,5.253038998693228,5.371468998491764,12.623527999967337,50,2.0661399997770786,2.3013499975204468,2.448020000010729,2.448020000010729
2026-08-30T12:44:57.580Z,1890.026,500,1.951969999819994,5.235788997262716,5.3389389999210835,11.585988000035286,50,1.9959299974143505,2.274438999593258,4.124448999762535,4.124448999762535
2026-08-30T12:45:07.579Z,1900.026,500,1.9717690013349056,5.1848790012300014,5.314229000359774,6.705368999391794,50,1.9997000023722649,2.1653300002217293,2.360318999737501,2.360318999737501
2026-08-30T12:45:17.580Z,1910.026,500,1.7454789988696575,5.016088999807835,5.224658999592066,8.694919001311064,50,1.7749399989843369,2.0067790001630783,2.090070001780987,2.090070001780987
2026-08-30T12:45:27.579Z,1920.027,500,1.918318998068571,5.165979001671076,5.30366900190711,9.432958997786045,50,1.9265099987387657,2.173750001937151,2.205680001527071,2.205680001527071
2026-08-30T12:45:37.580Z,1930.027,500,2.0308589972555637,5.308839000761509,5.404778998345137,5.5335290022194386,50,1.9770299978554249,2.2928289994597435,2.5030690021812916,2.5030690021812916
2026-08-30T12:45:47.581Z,1940.027,500,2.0146199986338615,5.31266899779439,6.008349001407623,37.69360399991274,50,2.079270001500845,2.3037500008940697,2.4282499998807907,2.4282499998807907
2026-08-30T12:45:57.581Z,1950.027,500,2.04534899815917,5.3563989996910095,5.527488999068737,9.788697998970747,50,2.062990002334118,2.2785700000822544,2.4718090035021305,2.4718090035021305
2026-08-30T12:46:07.580Z,1960.028,500,2.014220003038645,5.332040000706911,5.441468998789787,12.058148000389338,50,2.0484500005841255,2.2651100009679794,2.8590589985251427,2.8590589985251427
2026-08-30T12:46:17.582Z,1970.028,500,2.011529002338648,5.290118999779224,5.492329001426697,10.45192800089717,50,2.0005900003015995,2.208569999784231,2.423410002142191,2.423410002142191
2026-08-30T12:46:27.579Z,1980.027,500,2.0325199998915195,5.30196899920702,5.483418997377157,10.796647999435663,50,2.088798999786377,2.251120001077652,2.262719001621008,2.262719001621008
2026-08-30T12:46:37.581Z,1990.027,500,2.0506500005722046,5.3859689980745316,5.5916390009224415,11.840238001197577,50,2.0832690000534058,2.2985689975321293,2.721249997615814,2.721249997615814
2026-08-30T12:46:47.580Z,2000.027,500,1.9932200014591217,5.394968997687101,5.595458999276161,12.089278001338243,50,1.933109998703003,2.219709999859333,2.3097389973700047,2.3097389973700047
2026-08-30T12:46:57.581Z,2010.027,500,1.8422400020062923,5.161748997867107,5.380499001592398,12.388298001140356,50,1.920830000191927,2.000450000166893,2.079009000211954,2.079009000211954
2026-08-30T12:47:07.580Z,2020.027,500,1.9772390015423298,5.327348999679089,5.450378999114037,7.225368998944759,50,2.025779999792576,2.187638998031616,2.2896699979901314,2.2896699979901314
2026-08-30T12:47:17.580Z,2030.027,500,2.041388999670744,5.349569998681545,5.4497490003705025,12.381787996739149,50,2.074679996818304,2.22910999879241,2.2752390019595623,2.2752390019595623
2026-08-30T12:47:27.580Z,2040.027,500,2.0205789990723133,5.28931900113821,5.455238997936249,9.663959000259638,50,1.9917799979448318,2.198828998953104,2.5556589998304844,2.5556589998304844
2026-08-30T12:47:37.580Z,2050.027,500,1.8537099994719028,5.172799002379179,5.44378000125289,8.012259002774954,50,1.935198999941349,2.1306699998676777,2.2160790003836155,2.2160790003836155
2026-08-30T12:47:47.581Z,2060.027,500,1.8862299993634224,5.212968997657299,5.395279001444578,11.368108000606298,50,1.9254999980330467,2.1502499990165234,2.236608996987343,2.236608996987343
2026-08-30T12:47:57.581Z,2070.027,500,1.9641100019216537,5.2616989985108376,5.363689001649618,9.476358000189066,50,1.9943590015172958,2.137049999088049,2.228378999978304,2.228378999978304
2026-08-30T12:48:07.582Z,2080.028,500,2.0536900013685226,5.33219899982214,5.473048999905586,9.936857998371124,50,2.1222590021789074,2.2799100019037724,2.799260001629591,2.799260001629591
2026-08-30T12:48:17.581Z,2090.028,500,2.063579000532627,5.41533900052309,5.535599000751972,11.716687999665737,50,2.018879998475313,2.236558999866247,2.3328690007328987,2.3328690007328987
2026-08-30T12:48:27.582Z,2100.028,500,2.0753799974918365,5.428049001842737,5.55570899695158,6.40055900067091,50,2.157999999821186,2.3530099987983704,3.4250390008091927,3.4250390008091927
2026-08-30T12:48:37.581Z,2110.028,500,2.0541790015995502,5.4208690002560616,5.570599000900984,9.68155800178647,50,2.0761500000953674,2.2708490006625652,2.4380589984357357,2.4380589984357357
2026-08-30T12:48:47.583Z,2120.029,500,1.966669999063015,5.229168999940157,5.4376990012824535,11.467578001320362,50,2.0054900012910366,2.1790399998426437,2.2759790010750294,2.2759790010750294
2026-08-30T12:48:57.581Z,2130.028,500,1.9565000012516975,5.195429001003504,5.344328999519348,9.842447999864817,50,1.9845400005578995,2.262779999524355,9.560518000274897,9.560518000274897
2026-08-30T12:49:07.582Z,2140.029,500,1.9790790006518364,5.264368999749422,5.533988997340202,31.60641499981284,50,2.000909000635147,2.217160001397133,2.4317489974200726,2.4317489974200726
2026-08-30T12:49:17.582Z,2150.028,500,2.016449999064207,5.2662390023469925,5.367808997631073,9.82549799978733,50,1.9583700001239777,2.34961000084877,9.555668000131845,9.555668000131845
2026-08-30T12:49:27.579Z,2160.028,500,1.9752299971878529,5.253589000552893,5.437759000808001,12.422247998416424,50,2.030239000916481,2.2923600003123283,3.2952890023589134,3.2952890023589134
2026-08-30T12:49:37.581Z,2170.029,500,1.9626989997923374,5.218968998640776,5.389959000051022,11.228808000683784,50,2.048779997974634,2.3067299984395504,7.056327998638153,7.056327998638153
2026-08-30T12:49:47.583Z,2180.029,500,1.9701100029051304,5.23182899877429,5.3299890011549,9.50611799955368,50,2.0160499997437,2.328959997743368,2.5446290001273155,2.5446290001273155
2026-08-30T12:49:57.581Z,2190.028,500,1.9857800006866455,5.250528998672962,5.382619000971317,12.182608999311924,50,2.066949002444744,2.2462599985301495,3.6093299984931946,3.6093299984931946
2026-08-30T12:50:07.582Z,2200.029,500,1.9795500002801418,5.366599000990391,5.4826899990439415,9.256078001111746,50,1.9928290024399757,2.3066000007092953,2.3731699995696545,2.3731699995696545
2026-08-30T12:50:17.583Z,2210.029,500,1.8188790008425713,5.054469998925924,5.392339002341032,9.037738997489214,50,1.8823500014841557,2.1337700001895428,8.771918997168541,8.771918997168541
2026-08-30T12:50:27.582Z,2220.029,500,2.0238890014588833,5.284019000828266,5.499529000371695,9.963527999818325,50,2.0615889988839626,2.220058999955654,9.70991799980402,9.70991799980402
2026-08-30T12:50:37.582Z,2230.03,500,1.9857090003788471,5.251228999346495,5.3590390011668205,5.445278998464346,50,2.0705989971756935,2.2335790023207664,2.352129001170397,2.352129001170397
2026-08-30T12:50:47.583Z,2240.029,500,1.9657990001142025,5.236418999731541,5.510829001665115,9.638227999210358,50,1.983490001410246,2.1710499972105026,2.34358000010252,2.34358000010252
2026-08-30T12:50:57.584Z,2250.03,500,1.9766499996185303,5.234138999134302,5.3276790007948875,13.027218002825975,50,2.047919999808073,2.157760001718998,3.8669900000095367,3.8669900000095367
2026-08-30T12:51:07.584Z,2260.031,500,2.026459999382496,5.279399000108242,5.49948900192976,12.525357998907566,50,2.052410002797842,2.2196899987757206,9.758548997342587,9.758548997342587
2026-08-30T12:51:17.585Z,2270.031,500,2.0608489997684956,5.376049000769854,5.548838999122381,8.967909000813961,50,2.0938999988138676,2.3175599984824657,2.3632299974560738,2.3632299974560738
2026-08-30T12:51:27.582Z,2280.031,500,2.056699998676777,5.350189998745918,5.456128999590874,8.979689002037048,50,2.0883200019598007,2.2639990001916885,2.3525499999523163,2.3525499999523163
2026-08-30T12:51:37.586Z,2290.031,500,2.0687799975275993,5.376800000667572,5.520988997071981,7.116369001567364,50,2.028200000524521,2.2870399989187717,2.369718998670578,2.369718998670578
2026-08-30T12:51:47.585Z,2300.031,500,2.014198999851942,5.2600589990615845,5.490699000656605,9.31640800088644,50,2.0448900014162064,2.2325289994478226,2.353490002453327,2.353490002453327
2026-08-30T12:51:57.586Z,2310.032,500,1.9749700017273426,5.265649002045393,5.444239001721144,8.591488000005484,50,2.0780699998140335,2.239479001611471,2.325210001319647,2.325210001319647
2026-08-30T12:52:07.584Z,2320.031,500,1.9931799992918968,5.287519000470638,5.4794289991259575,11.168247997760773,50,2.067689999938011,2.2307200022041798,2.4065189994871616,2.4065189994871616
2026-08-30T12:52:17.585Z,2330.031,500,1.9634299986064434,5.2467189989984035,5.3910190016031265,11.222298000007868,50,2.036550000309944,2.184510000050068,2.1970499977469444,2.1970499977469444
2026-08-30T12:52:27.585Z,2340.031,500,1.9741690009832382,5.256939001381397,5.442098997533321,9.835758000612259,50,2.0383700020611286,2.2018290013074875,2.2214399985969067,2.2214399985969067
2026-08-30T12:52:37.584Z,2350.031,500,2.0204790011048317,5.261448998004198,5.519848998636007,12.336828000843525,50,2.0440090000629425,2.2706489972770214,2.307590000331402,2.307590000331402
2026-08-30T12:52:47.586Z,2360.031,500,2.005630001425743,5.289818998426199,5.4296889975667,8.784528002142906,50,2.0645099990069866,2.2379390001296997,2.712269999086857,2.712269999086857
2026-08-30T12:52:57.586Z,2370.031,500,1.9171399995684624,5.225439000874758,5.363409001380205,11.387428998947144,50,1.9543989971280098,2.2104489989578724,2.3414600007236004,2.3414600007236004
2026-08-30T12:53:07.586Z,2380.032,500,1.8689200021326542,5.159458998590708,5.3261099979281425,8.7736979983747,50,1.8982499986886978,2.076248999685049,2.207990001887083,2.207990001887083
2026-08-30T12:53:17.584Z,2390.031,500,1.954280000180006,5.25687900185585,5.351909000426531,12.08237800002098,50,2.005529999732971,2.2281700000166893,8.736877996474504,8.736877996474504
2026-08-30T12:53:27.584Z,2400.031,500,2.023250002413988,5.275759000331163,5.438968997448683,8.751808997243643,50,1.995569996535778,2.19055899977684,2.2613689973950386,2.2613689973950386
2026-08-30T12:53:37.584Z,2410.031,500,1.8609789982438087,5.140280000865459,5.379909001290798,8.708039000630379,50,1.8346089981496334,2.1718199998140335,2.2829499989748,2.2829499989748
2026-08-30T12:53:47.586Z,2420.032,500,2.04763999953866,5.4012189991772175,5.511559002101421,7.7644390016794205,50,2.0705099999904633,2.2187899984419346,7.442729000002146,7.442729000002146
2026-08-30T12:53:57.585Z,2430.032,500,1.8707999996840954,5.084199000149965,5.34552900120616,8.767127998173237,50,1.8774999976158142,2.1232700012624264,3.2073500007390976,3.2073500007390976
2026-08-30T12:54:07.587Z,2440.032,500,1.9749599993228912,5.241969000548124,5.368818998336792,5.52275899797678,50,1.9929290004074574,2.175679001957178,2.6834699995815754,2.6834699995815754
2026-08-30T12:54:17.588Z,2450.032,500,1.9675589986145496,5.24413900077343,5.427369002252817,11.482437998056412,50,2.0256900005042553,2.1709889993071556,3.398760002106428,3.398760002106428
2026-08-30T12:54:27.585Z,2460.033,500,2.023649998009205,5.343338999897242,5.551398999989033,44.15903199836612,50,2.0794899985194206,2.2935000024735928,22.810937002301216,22.810937002301216
2026-08-30T12:54:37.587Z,2470.032,500,2.0041589997708797,5.289448998868465,5.416889000684023,11.177838999778032,50,1.9684899970889091,2.1647190004587173,2.2737489975988865,2.2737489975988865
2026-08-30T12:54:47.586Z,2480.032,500,1.9434089995920658,5.187448997050524,5.403549000620842,11.648307997733355,50,1.9603499993681908,2.1734489984810352,2.377928998321295,2.377928998321295
2026-08-30T12:54:57.585Z,2490.032,500,1.94802999868989,5.207159001380205,5.355029001832008,8.26494899764657,50,2.044259998947382,2.1881699971854687,2.234819997102022,2.234819997102022
2026-08-30T12:55:07.586Z,2500.032,500,1.9672799967229366,5.245889998972416,5.38833000138402,11.829797998070717,50,2.017119999974966,2.1539889983832836,2.359179999679327,2.359179999679327
2026-08-30T12:55:17.586Z,2510.033,500,1.936599001288414,5.216889999806881,5.374499998986721,11.723068002611399,50,1.9186500012874603,2.12236899882555,2.1304790005087852,2.1304790005087852
2026-08-30T12:55:27.584Z,2520.033,500,1.9773999974131584,5.27377900108695,5.387099001556635,8.280508998781443,50,2.003210000693798,2.1884700022637844,2.3193590007722378,2.3193590007722378
2026-08-30T12:55:37.587Z,2530.033,500,1.9944689981639385,5.239248998463154,5.3436090014874935,8.983977999538183,50,2.061089001595974,2.2491890005767345,2.296918999403715,2.296918999403715
2026-08-30T12:55:47.587Z,2540.033,500,1.9566389992833138,5.255368996411562,5.362498998641968,6.975868999958038,50,1.960208997130394,2.2205800004303455,2.2816489972174168,2.2816489972174168
2026-08-30T12:55:57.585Z,2550.032,500,1.964919000864029,5.253468997776508,5.3370889984071255,5.888918999582529,50,1.9770590029656887,2.2658900022506714,2.636779997497797,2.636779997497797
2026-08-30T12:56:07.587Z,2560.032,500,1.954110000282526,5.26120899990201,5.424559000879526,8.055048998445272,50,2.044299002736807,2.174329001456499,2.2270490005612373,2.2270490005612373
2026-08-30T12:56:17.587Z,2570.033,500,1.965879999101162,5.264319002628326,5.401379000395536,8.1461489982903,50,2.0254989974200726,2.18112999945879,2.237559996545315,2.237559996545315
2026-08-30T12:56:27.585Z,2580.032,500,1.8344389982521534,5.131758999079466,5.401118997484446,8.88535800203681,50,1.878250002861023,2.0412990003824234,2.0895000025629997,2.0895000025629997
2026-08-30T12:56:37.585Z,2590.032,500,2.0256390012800694,5.369589000940323,5.490759000182152,6.27343900129199,50,1.9793500006198883,2.217170000076294,3.0267690010368824,3.0267690010368824
2026-08-30T12:56:47.586Z,2600.032,500,1.8826590031385422,5.1382599994540215,5.300719000399113,8.26680899783969,50,1.9134490005671978,2.0778300017118454,2.2353589981794357,2.2353589981794357
2026-08-30T12:56:57.587Z,2610.033,500,1.8392289988696575,5.096629001200199,5.216839000582695,8.957168001681566,50,1.8765389993786812,1.9901599995791912,8.658408001065254,8.658408001065254
2026-08-30T12:57:07.586Z,2620.032,500,1.776689998805523,5.009589001536369,5.164379000663757,10.267227999866009,50,1.8071889989078045,1.950799997895956,2.029880002140999,2.029880002140999
2026-08-30T12:57:17.586Z,2630.032,500,2.0027390010654926,5.243298999965191,5.396049000322819,8.74210900068283,50,1.9928800016641617,2.192630000412464,2.2250900007784367,2.2250900007784367
2026-08-30T12:57:27.584Z,2640.033,500,2.055800002068281,5.363779000937939,5.5759890004992485,10.925967998802662,50,2.0909799970686436,2.375179000198841,2.50569000095129,2.50569000095129
2026-08-30T12:57:37.586Z,2650.032,500,1.9906589984893799,5.268199000507593,5.360249001532793,11.268378999084234,50,2.067069999873638,2.250009998679161,3.296220000833273,3.296220000833273
2026-08-30T12:57:47.586Z,2660.032,500,2.0217499993741512,5.368838999420404,5.530958998948336,12.621977999806404,50,2.0579000003635883,2.306239999830723,3.300628997385502,3.300628997385502
2026-08-30T12:57:57.586Z,2670.032,500,1.8135900013148785,5.0802490003407,5.246780000627041,7.974468000233173,50,1.851868998259306,2.0763399973511696,2.0978899970650673,2.0978899970650673
2026-08-30T12:58:07.586Z,2680.032,500,1.8865590021014214,5.169998999685049,6.215649001300335,9.339408002793789,50,1.89223999902606,2.1505800001323223,9.082838002592325,9.082838002592325
2026-08-30T12:58:17.586Z,2690.032,500,1.9308900013566017,5.284949000924826,6.314288999885321,9.654079001396894,50,1.9548289999365807,2.179439999163151,5.813168998807669,5.813168998807669
2026-08-30T12:58:27.584Z,2700.031,500,1.9848389998078346,5.273019999265671,6.238579001277685,9.517007999122143,50,2.0101400017738342,2.2437900006771088,2.3221599981188774,2.3221599981188774
2026-08-30T12:58:37.585Z,2710.031,500,1.9648000001907349,5.246908999979496,5.348888996988535,8.918787997215986,50,1.9827200025320053,2.2124600000679493,2.265889998525381,2.265889998525381
2026-08-30T12:58:47.585Z,2720.032,500,1.9603199996054173,5.240460000932217,5.309639003127813,10.999788001179695,50,1.9630490019917488,2.309078998863697,3.518079999834299,3.518079999834299
2026-08-30T12:58:57.586Z,2730.032,500,1.8309300020337105,5.0979400016367435,6.065588999539614,42.10485300049186,50,1.8060699999332428,2.205409999936819,3.401899002492428,3.401899002492428
2026-08-30T12:59:07.585Z,2740.032,500,1.963688999414444,5.256159000098705,5.395068999379873,10.332678001374006,50,2.0701799988746643,2.177529998123646,2.4014700017869473,2.4014700017869473
2026-08-30T12:59:17.585Z,2750.032,500,1.9695089980959892,5.228098999708891,5.401978999376297,12.288598001003265,50,1.997630000114441,2.1428299993276596,3.4369699992239475,3.4369699992239475
2026-08-30T12:59:27.585Z,2760.033,500,1.9533300027251244,5.22027899697423,5.359528999775648,10.84935799986124,50,1.9200889989733696,2.1752490028738976,2.2298099994659424,2.2298099994659424
2026-08-30T12:59:37.586Z,2770.033,500,2.0033099986612797,5.267729002982378,5.385088998824358,12.6492879986763,50,2.0264989994466305,2.152318999171257,2.963109999895096,2.963109999895096
2026-08-30T12:59:47.585Z,2780.032,500,2.0356299988925457,5.346388999372721,5.552809000015259,8.832568001002073,50,2.076919998973608,2.208289001137018,2.217830002307892,2.217830002307892
2026-08-30T12:59:57.585Z,2790.032,500,2.0659899972379208,5.375959001481533,5.519489001482725,11.94785800203681,50,2.0950700007379055,2.38824899867177,2.448048997670412,2.448048997670412
2026-08-30T13:00:07.585Z,2800.033,500,2.0303299985826015,5.352308999747038,5.503078997135162,11.994607999920845,50,2.0033900029957294,2.2103299982845783,2.2967099994421005,2.2967099994421005
2026-08-30T13:00:17.587Z,2810.033,500,2.0210799984633923,5.207888998091221,5.42586899921298,11.682288002222776,50,2.0642790012061596,2.168689999729395,2.9466089978814125,2.9466089978814125
2026-08-30T13:00:27.585Z,2820.033,500,2.0830789990723133,5.41168899834156,5.515678998082876,9.033299002796412,50,2.1321099996566772,2.3404599986970425,2.5256000012159348,2.5256000012159348
2026-08-30T13:00:37.588Z,2830.033,500,2.0743499994277954,5.4215890020132065,5.81037899851799,11.039197999984026,50,2.108330000191927,2.336369000375271,2.407839000225067,2.407839000225067
2026-08-30T13:00:47.585Z,2840.033,500,2.059969998896122,5.441619001328945,5.628029000014067,10.481277998536825,50,2.081369999796152,2.2865189984440804,2.8035289980471134,2.8035289980471134
2026-08-30T13:00:57.587Z,2850.032,500,2.042270001024008,5.376938998699188,5.640698999166489,10.937137998640537,50,2.0377600006759167,2.3130300007760525,2.368129998445511,2.368129998445511
2026-08-30T13:01:07.587Z,2860.033,500,1.8908599987626076,5.18189899995923,5.346869997680187,10.60732900351286,50,1.9455000013113022,2.1402489989995956,2.2551600001752377,2.2551600001752377
2026-08-30T13:01:17.586Z,2870.033,500,1.9442300014197826,5.271629001945257,5.591729000210762,8.107709001749754,50,1.9617299996316433,2.334189001470804,2.4083689972758293,2.4083689972758293
2026-08-30T13:01:27.586Z,2880.034,500,2.096798997372389,5.423959001898766,5.645218998193741,8.966598998755217,50,2.1299300007522106,2.379680000245571,2.5183999985456467,2.5183999985456467
2026-08-30T13:01:37.588Z,2890.034,500,1.980519000440836,5.284238997846842,5.635159000754356,8.07888900116086,50,1.9934800006449223,2.2841189987957478,2.584809999912977,2.584809999912977
2026-08-30T13:01:47.588Z,2900.034,500,1.8923100009560585,5.240028999745846,5.462229002267122,8.978329002857208,50,1.94166000187397,2.278599999845028,8.667488999664783,8.667488999664783
2026-08-30T13:01:57.588Z,2910.034,500,1.840649999678135,5.155499000102282,5.295648999512196,8.227957997471094,50,1.9648500010371208,2.155850000679493,2.2522989995777607,2.2522989995777607
2026-08-30T13:02:07.587Z,2920.034,500,1.9774900004267693,5.230168998241425,5.444118998944759,9.127647999674082,50,2.0459700003266335,2.214639000594616,2.2563289999961853,2.2563289999961853
2026-08-30T13:02:17.588Z,2930.034,500,1.8547190017998219,5.125528998672962,5.357878997921944,10.492568001151085,50,1.986379001289606,2.0818990021944046,2.182939000427723,2.182939000427723
2026-08-30T13:02:27.588Z,2940.034,500,1.916109997779131,5.164039000868797,5.28625899925828,8.253759000450373,50,2.0197289995849133,2.1893489994108677,2.2605590000748634,2.2605590000748634
2026-08-30T13:02:37.589Z,2950.034,500,1.9306790009140968,5.1558290012180805,5.255809001624584,8.969529002904892,50,2.0250300019979477,2.290558997541666,3.1722899973392487,3.1722899973392487
2026-08-30T13:02:47.589Z,2960.035,500,1.8690290004014969,5.1059489995241165,5.351068999618292,8.097079001367092,50,1.9499199986457825,2.156570002436638,2.192919000983238,2.192919000983238
2026-08-30T13:02:57.588Z,2970.034,500,1.9809300005435944,5.239829000085592,5.4869590029120445,39.454022999852896,50,2.0143299996852875,2.241999000310898,2.8856590017676353,2.8856590017676353
2026-08-30T13:03:07.587Z,2980.034,500,2.1049790009856224,5.419528998434544,5.582979001104832,6.8406889997422695,50,2.0867399983108044,2.290539000183344,2.5295890010893345,2.5295890010893345
2026-08-30T13:03:17.587Z,2990.034,500,1.9125590026378632,5.2915389984846115,5.42594900354743,8.680778998881578,50,1.8336989991366863,2.2077890001237392,2.5133790001273155,2.5133790001273155
2026-08-30T13:03:27.585Z,3000.034,500,1.9761689975857735,5.347939997911453,5.5460890009999275,10.928767997771502,50,1.9863699972629547,2.2579200007021427,2.492229998111725,2.492229998111725
2026-08-30T13:03:37.587Z,3010.035,500,1.953669998794794,5.183919001370668,5.371958997100592,8.496109001338482,50,1.954220000654459,2.081480000168085,2.338119998574257,2.338119998574257
2026-08-30T13:03:47.587Z,3020.035,500,1.9703590013086796,5.178089000284672,5.408259000629187,8.622547999024391,50,1.9805589988827705,2.207669999450445,2.3164000026881695,2.3164000026881695
2026-08-30T13:03:57.589Z,3030.035,500,1.8848999999463558,5.225988999009132,5.447339002043009,9.07769799977541,50,2.0034100003540516,2.2397699989378452,8.793687999248505,8.793687999248505
2026-08-30T13:04:07.589Z,3040.035,500,1.877650000154972,5.095008999109268,5.2700389996171,11.312637999653816,50,1.8973900005221367,2.075610000640154,2.9542689993977547,2.9542689993977547
2026-08-30T13:04:17.588Z,3050.035,500,1.8978690020740032,5.169039998203516,5.2483390010893345,9.562308002263308,50,1.9198390021920204,2.0489999987185,2.075610000640154,2.075610000640154
2026-08-30T13:04:27.589Z,3060.035,500,1.9478600025177002,5.205389000475407,5.356479000300169,9.509628001600504,50,1.9571589976549149,2.292780000716448,3.190948996692896,3.190948996692896
2026-08-30T13:04:37.590Z,3070.036,500,1.883738998323679,5.168299000710249,5.266718998551369,8.714058000594378,50,1.9506900012493134,2.142129998654127,2.24134000018239,2.24134000018239
2026-08-30T13:04:47.591Z,3080.037,500,1.9764890000224113,5.2447489984333515,5.3753590025007725,8.819329001009464,50,2.0588500015437603,2.26035999879241,2.263258997350931,2.263258997350931
2026-08-30T13:04:57.590Z,3090.037,500,2.000688999891281,5.226089000701904,5.471389997750521,8.87907399982214,50,2.036878999322653,2.29220799729228,2.4079780019819736,2.4079780019819736
2026-08-30T13:05:07.591Z,3100.037,500,2.108067996799946,5.411186002194881,5.527237001806498,9.570682998746634,50,2.1942890025675297,2.4028079994022846,2.4783679991960526,2.4783679991960526
2026-08-30T13:05:17.591Z,3110.037,500,2.0204680003225803,5.340456001460552,5.4849659986793995,10.970851998776197,50,2.056919001042843,2.344827998429537,2.8402880020439625,2.8402880020439625
2026-08-30T13:05:27.590Z,3120.037,500,2.0248490013182163,5.3292859978973866,5.448806002736092,5.513025999069214,50,2.0503279976546764,2.216819003224373,2.2651780024170876,2.2651780024170876
2026-08-30T13:05:37.590Z,3130.037,500,2.0425079986453056,5.2992059998214245,5.558016002178192,12.221222002059221,50,2.0979989990592003,2.351358000189066,9.019853997975588,9.019853997975588
2026-08-30T13:05:47.607Z,3140.038,500,1.9411690011620522,5.183175999671221,5.373876001685858,8.855004001408815,50,2.0039790011942387,2.255469001829624,2.441669002175331,2.441669002175331
2026-08-30T13:05:57.590Z,3150.038,500,1.8422580026090145,5.085207000374794,5.227856997400522,8.975913997739553,50,1.9037679992616177,2.13017899915576,8.71875400096178,8.71875400096178
2026-08-30T13:06:07.591Z,3160.037,500,1.9518180005252361,5.156406998634338,5.373146999627352,9.863733001053333,50,2.0048389993608,2.239918999373913,2.964827999472618,2.964827999472618
2026-08-30T13:06:17.591Z,3170.038,500,1.993028998374939,5.194455999881029,5.3630059994757175,12.019042000174522,50,1.989427998661995,2.24617800116539,2.517698001116514,2.517698001116514
2026-08-30T13:06:27.591Z,3180.039,500,1.8809489980340004,5.12355599924922,5.331996001303196,9.627333000302315,50,1.9284390024840832,2.216857999563217,9.31378299742937,9.31378299742937
2026-08-30T13:06:37.591Z,3190.039,500,2.02292799949646,5.288545999675989,5.436966001987457,5.507936000823975,50,2.0271690003573895,2.276267997920513,2.3290279991924763,2.3290279991924763
2026-08-30T13:06:47.593Z,3200.039,500,1.9924490004777908,5.357025999575853,5.491315998136997,6.012275997549295,50,1.9421880021691322,2.2681179977953434,2.6874090023338795,2.6874090023338795
2026-08-30T13:06:57.594Z,3210.04,500,1.8514989987015724,5.1449160017073154,5.321536999195814,5.772555999457836,50,1.9035979993641376,2.1266090013086796,2.224559001624584,2.224559001624584
2026-08-30T13:07:07.592Z,3220.039,500,1.8890080004930496,5.108045998960733,5.239285998046398,10.151602998375893,50,1.9012080021202564,2.0922179967164993,2.3375889994204044,2.3375889994204044
2026-08-30T13:07:17.594Z,3230.04,500,1.9508790001273155,5.230757001787424,5.333016000688076,5.520165998488665,50,1.9818589985370636,2.1442389972507954,2.1751079969108105,2.1751079969108105
2026-08-30T13:07:27.593Z,3240.04,500,1.9528289996087551,5.2321059964597225,5.325826000422239,7.8297840021550655,50,1.978388998657465,2.1891280002892017,2.232117999345064,2.232117999345064
2026-08-30T13:07:37.594Z,3250.04,500,2.0165780000388622,5.32345699891448,5.541127000004053,10.778772000223398,50,2.0934290029108524,2.2395990006625652,2.309239000082016,2.309239000082016
2026-08-30T13:07:47.593Z,3260.04,500,2.0175990015268326,5.327306002378464,5.454966001212597,10.505892999470234,50,2.077709000557661,2.2819590009748936,2.312738001346588,2.312738001346588
2026-08-30T13:07:57.594Z,3270.04,500,2.009289000183344,5.327086001634598,5.453236002475023,10.517692998051643,50,2.0449180006980896,2.3441880010068417,9.090454000979662,9.090454000979662
2026-08-30T13:08:07.593Z,3280.04,500,1.961888998746872,5.324126999825239,5.465566001832485,11.202462002635002,50,2.0719579979777336,2.2475079968571663,2.344028003513813,2.344028003513813
2026-08-30T13:08:17.594Z,3290.04,500,2.0011589974164963,5.258085999637842,5.406116001307964,11.263972003012896,50,2.0378779992461205,2.268588002771139,3.679977998137474,3.679977998137474
2026-08-30T13:08:27.593Z,3300.041,500,1.9719580002129078,5.256485998630524,5.375965997576714,10.352012999355793,50,2.0511179976165295,2.205088999122381,2.3224079981446266,2.3224079981446266
2026-08-30T13:08:37.595Z,3310.041,500,1.972469002008438,5.248226001858711,5.461456000804901,11.589662000536919,50,2.044879000633955,2.2696989998221397,2.718147002160549,2.718147002160549
2026-08-30T13:08:47.593Z,3320.04,500,1.9263789989054203,5.249166999012232,5.694605000317097,55.359161000698805,50,1.9631089977920055,2.2175079993903637,2.28591899946332,2.28591899946332
2026-08-30T13:08:57.594Z,3330.041,500,1.8939089998602867,5.148485999554396,5.293995998799801,11.960212003439665,50,1.9114289991557598,2.0477389991283417,2.0817479975521564,2.0817479975521564
2026-08-30T13:09:07.595Z,3340.041,500,1.8486390002071857,5.09799699857831,5.1789770014584064,12.136420998722315,50,1.8199589997529984,1.9931190013885498,2.002249002456665,2.002249002456665
2026-08-30T13:09:17.596Z,3350.041,500,1.868868999183178,5.136685997247696,5.346305999904871,10.766672000288963,50,1.8958690017461777,2.080399002879858,2.864358000457287,2.864358000457287
2026-08-30T13:09:27.593Z,3360.042,500,1.8991979993879795,5.192635998129845,5.305615998804569,11.445871997624636,50,1.9379290007054806,2.193129003047943,9.001654002815485,9.001654002815485
2026-08-30T13:09:37.595Z,3370.041,500,1.948139000684023,5.227647002786398,5.394335996359587,10.613921999931335,50,1.9811690002679825,2.201478000730276,2.310418002307415,2.310418002307415
2026-08-30T13:09:47.594Z,3380.042,500,1.9286090023815632,5.209756001830101,5.273116998374462,10.736763000488281,50,2.0129479989409447,2.1854490004479885,2.2392180003225803,2.2392180003225803
2026-08-30T13:09:57.595Z,3390.041,500,1.9565990008413792,5.232326000928879,5.33279599994421,11.462871998548508,50,1.9964479990303516,2.2962180003523827,2.5431789979338646,2.5431789979338646
2026-08-30T13:10:07.595Z,3400.041,500,1.949159000068903,5.2663869969546795,5.351835999637842,11.577581997960806,50,2.0405090004205704,2.3222889974713326,3.1110880002379417,3.1110880002379417
2026-08-30T13:10:17.596Z,3410.042,500,1.94887899979949,5.213865999132395,5.31776599958539,11.484901998192072,50,1.975137997418642,2.2245090007781982,2.225948002189398,2.225948002189398
2026-08-30T13:10:27.595Z,3420.041,500,1.9752789996564388,5.221377000212669,5.382036000490189,10.855941999703646,50,2.0349589996039867,2.19683900102973,2.3281489983201027,2.3281489983201027
2026-08-30T13:10:37.594Z,3430.041,500,1.94887899979949,5.26732699945569,5.394046999514103,10.568051997572184,50,1.9674379974603653,2.297139000147581,2.8065189979970455,2.8065189979970455
2026-08-30T13:10:47.595Z,3440.042,500,1.9419989995658398,5.219615999609232,5.31377699971199,13.325291000306606,50,2.0340480022132397,2.1882090009748936,2.3379780016839504,2.3379780016839504
2026-08-30T13:10:57.594Z,3450.041,500,1.8953980021178722,5.202266000211239,5.301586002111435,11.820411998778582,50,1.9169789999723434,2.093929000198841,2.275857999920845,2.275857999920845
2026-08-30T13:11:07.595Z,3460.041,500,1.9687879979610443,5.272576000541449,5.3752859979867935,11.37806200236082,50,2.045467998832464,2.2535189986228943,2.359519001096487,2.359519001096487
2026-08-30T13:11:17.596Z,3470.041,500,1.972477998584509,5.305766999721527,5.522876001894474,11.665372002869844,50,2.040869001299143,2.15123800188303,2.3638189993798733,2.3638189993798733
2026-08-30T13:11:27.592Z,3480.041,500,1.9958189986646175,5.288966000080109,5.475786998867989,11.693801999092102,50,1.9601590000092983,2.20040800049901,2.2635480016469955,2.2635480016469955
2026-08-30T13:11:37.596Z,3490.042,500,1.979858998209238,5.291546002030373,5.399825997650623,9.920673999935389,50,2.0298680029809475,2.2330879978835583,7.9828840009868145,7.9828840009868145
2026-08-30T13:11:47.596Z,3500.042,500,1.9755790010094643,5.2836659997701645,5.403916001319885,11.66364200040698,50,2.01876899972558,2.181037999689579,2.257837999612093,2.257837999612093
2026-08-30T13:11:57.596Z,3510.043,500,1.996628999710083,5.269225999712944,5.397916000336409,11.453392002731562,50,1.9934989996254444,2.2085790000855923,2.4242380000650883,2.4242380000650883
2026-08-30T13:12:07.597Z,3520.044,500,1.9685490019619465,5.265376999974251,5.360706001520157,10.813591998070478,50,1.9639079980552197,2.1827990002930164,2.964358001947403,2.964358001947403
2026-08-30T13:12:17.599Z,3530.045,500,1.820948999375105,5.103735998272896,5.3801160007715225,10.720212999731302,50,1.8486689999699593,2.104477997869253,2.204518999904394,2.204518999904394
2026-08-30T13:12:27.599Z,3540.045,500,2.000808998942375,5.290116000920534,5.451675999909639,10.73013199865818,50,2.056598998606205,2.2539889998733997,2.6537580005824566,2.6537580005824566
2026-08-30T13:12:37.597Z,3550.044,501,2.0011090002954006,5.28659700229764,5.440616998821497,11.565372001379728,50,2.0381990000605583,2.1758290007710457,2.378897998481989,2.378897998481989
2026-08-30T13:12:47.599Z,3560.045,499,1.9777990020811558,5.234145998954773,5.367965999990702,11.100852001458406,50,2.011478003114462,2.139589000493288,3.4630079977214336,3.4630079977214336
2026-08-30T13:12:57.598Z,3570.046,501,1.9031889997422695,5.122405998408794,5.347876001149416,11.591091997921467,50,1.9322790019214153,2.0646889992058277,3.408687997609377,3.408687997609377
2026-08-30T13:13:07.598Z,3580.046,500,1.8899590000510216,5.157506000250578,5.275296002626419,12.543800998479128,50,1.965199001133442,2.1348280012607574,2.2498879991471767,2.2498879991471767
2026-08-30T13:13:17.598Z,3590.045,500,1.962388999760151,5.262086000293493,5.385716002434492,8.325584001839161,50,1.9646680019795895,2.202888000756502,2.300788000226021,2.300788000226021
2026-08-30T13:13:27.597Z,3600.046,500,2.0151280015707016,5.297246001660824,5.659586001187563,8.076403997838497,50,2.054898999631405,2.4014179967343807,2.4730589985847473,2.4730589985847473
2026-08-30T13:13:37.599Z,3610.045,499,1.9583790004253387,5.192405998706818,5.340686999261379,8.255714997649193,50,2.0492080003023148,2.2508290000259876,2.4373780004680157,2.4373780004680157
2026-08-30T13:13:47.598Z,3620.045,500,1.948598999530077,5.177756998687983,5.307676997035742,10.538022000342607,50,2.027878999710083,2.2988489978015423,8.400484997779131,8.400484997779131
2026-08-30T13:13:57.599Z,3630.045,500,1.9931189976632595,5.2683460004627705,5.4686959981918335,11.22129200026393,50,1.9958779998123646,2.2836490012705326,2.424267999827862,2.424267999827862
2026-08-30T13:14:07.598Z,3640.045,501,1.9117590002715588,5.194726001471281,5.472957000136375,10.99397300183773,50,1.935818001627922,2.2532379999756813,2.560648001730442,2.560648001730442
2026-08-30T13:14:17.598Z,3650.046,499,1.88824899867177,5.245186999440193,5.7214559987187386,37.061783999204636,50,1.9454680010676384,2.244428999722004,2.338537998497486,2.338537998497486
2026-08-30T13:14:27.599Z,3660.045,501,2.0353889986872673,5.330016002058983,5.433655999600887,11.413961999118328,50,2.0163589976727962,2.1637689992785454,2.2993689998984337,2.2993689998984337
2026-08-30T13:14:37.598Z,3670.046,500,2.0375789999961853,5.34154599905014,5.431965999305248,6.069515999406576,50,2.057158999145031,2.2426089979708195,2.329918000847101,2.329918000847101
2026-08-30T13:14:47.600Z,3680.046,500,1.8519090004265308,5.169757001101971,5.383555997163057,10.740343000739813,50,1.9989689998328686,2.1427880004048347,2.9383380003273487,2.9383380003273487
2026-08-30T13:14:57.600Z,3690.046,500,1.9349279999732971,5.180975999683142,5.408805999904871,9.87559299916029,50,1.9753490015864372,2.245318002998829,2.2688289992511272,2.2688289992511272
2026-08-30T13:15:07.598Z,3700.045,500,1.9647180028259754,5.284747000783682,5.42747699841857,9.571982998400927,50,1.9733389988541603,2.169567998498678,2.3794979974627495,2.3794979974627495
2026-08-30T13:15:17.599Z,3710.045,500,1.9018490016460419,5.227655999362469,5.371396001428366,11.540472000837326,50,1.9486680030822754,2.1676179990172386,2.249738998711109,2.249738998711109
2026-08-30T13:15:27.596Z,3720.045,499,1.874898999929428,5.169066000729799,5.468345999717712,12.239001002162695,50,1.932718001306057,2.1458089984953403,2.218478001654148,2.218478001654148
2026-08-30T13:15:37.598Z,3730.045,500,1.8990189991891384,5.241346001625061,5.4052959978580475,9.582963000983,50,1.9725679978728294,2.196219000965357,2.24065899848938,2.24065899848938
2026-08-30T13:15:47.598Z,3740.046,500,1.9560489989817142,5.3217670023441315,5.633885998278856,11.001063000410795,50,1.9696189984679222,2.4428189992904663,2.703908000141382,2.703908000141382
2026-08-30T13:15:57.598Z,3750.045,501,2.0166989974677563,5.28379699960351,5.451806001365185,11.206902999430895,50,2.00305899977684,2.2536889985203743,2.3680390007793903,2.3680390007793903
2026-08-30T13:16:07.598Z,3760.045,499,2.050788000226021,5.333035998046398,5.4468870013952255,8.583684001117945,50,2.091398000717163,2.296679001301527,8.30910400301218,8.30910400301218
2026-08-30T13:16:17.598Z,3770.046,501,2.0302179977297783,5.320006001740694,5.4871559999883175,11.271682001650333,50,2.1051689982414246,2.3061189986765385,2.360539000481367,2.360539000481367
2026-08-30T13:16:27.599Z,3780.045,500,2.0509289987385273,5.299806002527475,5.420646000653505,8.837483998388052,50,2.096958000212908,2.2677280008792877,2.351757999509573,2.351757999509573
2026-08-30T13:16:37.598Z,3790.045,499,2.064318999648094,5.342266000807285,5.442735999822617,8.482453998178244,50,2.1569279991090298,2.3291079998016357,2.456698000431061,2.456698000431061
2026-08-30T13:16:47.599Z,3800.046,501,2.0057280026376247,5.264226000756025,5.387226998806,12.195581000298262,50,2.047139000147581,2.26587900146842,2.340939000248909,2.340939000248909
2026-08-30T13:16:57.599Z,3810.045,500,1.9667990021407604,5.256886001676321,5.410925999283791,8.39656399935484,50,2.0355679988861084,2.2261379994452,2.297258999198675,2.297258999198675
2026-08-30T13:17:07.598Z,3820.045,499,1.9820879995822906,5.236186001449823,5.327637001872063,9.123234000056982,50,2.052698999643326,2.2921990007162094,2.7936279997229576,2.7936279997229576
2026-08-30T13:17:17.599Z,3830.045,501,1.9838190004229546,5.2407569997012615,5.387287002056837,10.756331998854876,50,2.045288000255823,2.27224799990654,2.372258000075817,2.372258000075817
2026-08-30T13:17:27.597Z,3840.046,499,1.9793689996004105,5.2567370012402534,5.439855996519327,9.282423000782728,50,2.020619001239538,2.3061379976570606,8.997273001819849,8.997273001819849
2026-08-30T13:17:37.598Z,3850.045,501,1.9689489975571632,5.211736001074314,5.399055998772383,9.614403001964092,50,2.015448000282049,2.156818002462387,2.3685990013182163,2.3685990013182163
2026-08-30T13:17:47.599Z,3860.045,500,1.937279000878334,5.221546001732349,5.373695999383926,8.090295001864433,50,1.9770580008625984,2.264759000390768,2.3293780013918877,2.3293780013918877
2026-08-30T13:17:57.600Z,3870.046,500,1.980629000812769,5.219036001712084,5.318826999515295,11.184092000126839,50,2.074788000434637,2.330629002302885,2.4217280000448227,2.4217280000448227
2026-08-30T13:18:07.600Z,3880.047,500,1.9294390007853508,5.211426001042128,5.32651599869132,8.142124000936747,50,1.9553789980709553,2.1196579970419407,2.4517779983580112,2.4517779983580112
2026-08-30T13:18:17.600Z,3890.048,500,1.9713589996099472,5.185476001352072,5.3207370005548,5.699526000767946,50,1.991788998246193,2.2217190004885197,2.273019000887871,2.273019000887871
2026-08-30T13:18:27.600Z,3900.048,500,1.9342780001461506,5.246547002345324,5.383765999227762,9.101273998618126,50,2.0328189991414547,2.2253089994192123,8.827713999897242,8.827713999897242
2026-08-30T13:18:37.601Z,3910.048,500,1.978227999061346,5.233176000416279,5.3440859988331795,8.775093998759985,50,2.052209001034498,2.194827999919653,2.281208001077175,2.281208001077175
2026-08-30T13:18:47.602Z,3920.047,500,2.0044190026819706,5.248636998236179,5.408466000109911,9.711653001606464,50,1.9795389994978905,2.2856290005147457,2.448567997664213,2.448567997664213
2026-08-30T13:18:57.600Z,3930.048,500,1.9884890019893646,5.244247000664473,5.497157000005245,12.080100998282433,50,2.068518001586199,2.30952800065279,2.6847379989922047,2.6847379989922047
2026-08-30T13:19:07.600Z,3940.047,500,2.0354479998350143,5.4385059997439384,5.863575998693705,43.785018999129534,50,2.093938998878002,2.324668999761343,3.8161469995975494,3.8161469995975494
2026-08-30T13:19:17.600Z,3950.047,500,2.0846580006182194,5.372605998069048,5.480225998908281,5.632025998085737,50,2.119428999722004,2.3023890033364296,2.312389001250267,2.312389001250267
2026-08-30T13:19:27.600Z,3960.048,500,1.9468789994716644,5.2372669987380505,5.369405999779701,9.662474002689123,50,1.9447380006313324,2.1579080000519753,2.38272899761796,2.38272899761796
2026-08-30T13:19:37.602Z,3970.048,500,1.9730280004441738,5.302286997437477,5.362035997211933,5.549515999853611,50,2.0470990017056465,2.3062280006706715,2.335758000612259,2.335758000612259
2026-08-30T13:19:47.601Z,3980.048,500,1.9753990024328232,5.303277000784874,5.418946001678705,12.971581000834703,50,2.061668999493122,2.307677999138832,2.322339002043009,2.322339002043009
2026-08-30T13:19:57.602Z,3990.048,500,2.048457995057106,5.3185160011053085,5.489195998758078,5.959895998239517,50,2.0800080001354218,2.315179005265236,3.5943669974803925,3.5943669974803925
2026-08-30T13:20:07.601Z,4000.049,500,2.015268996357918,5.260875999927521,5.459646001458168,9.667303003370762,50,2.0505490005016327,2.3223079964518547,3.272797003388405,3.272797003388405
2026-08-30T13:20:17.601Z,4010.048,500,1.929757997393608,5.212266996502876,5.31326599419117,11.098032005131245,50,1.9663689956068993,2.281069003045559,2.8587480038404465,2.8587480038404465
2026-08-30T13:20:27.602Z,4020.049,500,1.964258998632431,5.235895998775959,5.423096001148224,11.210991993546486,50,1.9751479998230934,2.2701890021562576,2.3263280019164085,2.3263280019164085
2026-08-30T13:20:37.603Z,4030.049,500,2.0322879999876022,5.268895998597145,5.427965998649597,9.697813004255295,50,2.056758999824524,2.27640900015831,2.367899000644684,2.367899000644684
2026-08-30T13:20:47.603Z,4040.048,500,1.989038996398449,5.250856995582581,5.520346000790596,12.919971004128456,50,2.0663489997386932,2.301367998123169,2.4674790054559708,2.4674790054559708
2026-08-30T13:20:57.601Z,4050.049,500,1.930298000574112,5.177185997366905,5.387046001851559,12.766070999205112,50,1.9281990006566048,2.1432889997959137,2.3518680036067963,2.3518680036067963
2026-08-30T13:21:07.602Z,4060.049,500,2.028558999300003,5.316736005246639,5.429555997252464,9.545712999999523,50,2.056398995220661,2.1939890012145042,2.2076080068945885,2.2076080068945885
2026-08-30T13:21:17.603Z,4070.049,500,1.993098996579647,5.2394759953022,5.418795995414257,9.68520400673151,50,2.026859000325203,2.158558003604412,2.185249000787735,2.185249000787735
2026-08-30T13:21:27.602Z,4080.049,500,1.9805689975619316,5.243916004896164,5.395335994660854,9.547183997929096,50,2.089657999575138,2.2389090061187744,2.321549005806446,2.321549005806446
2026-08-30T13:21:37.602Z,4090.049,500,2.0188580006361008,5.269185997545719,5.4059769958257675,9.927963003516197,50,2.0694089978933334,2.3054190054535866,9.665202997624874,9.665202997624874
2026-08-30T13:21:47.604Z,4100.05,500,2.0255190059542656,5.328726001083851,5.459165997803211,9.843382999300957,50,2.047987997531891,2.2791979983448982,9.57804299890995,9.57804299890995
2026-08-30T13:21:57.604Z,4110.049,500,2.023248001933098,5.282406002283096,5.384487003087997,5.5425360053777695,50,2.0459090024232864,2.27538800239563,2.3828879967331886,2.3828879967331886
2026-08-30T13:22:07.602Z,4120.049,500,1.9693179950118065,5.236345998942852,5.425095997750759,12.272611998021603,50,2.0111289992928505,2.2350390031933784,2.25593900680542,2.25593900680542
2026-08-30T13:22:17.604Z,4130.05,500,2.0469489991664886,5.3830960020422935,5.431966997683048,9.598553001880646,50,2.057529002428055,2.2624090015888214,2.342927999794483,2.342927999794483
2026-08-30T13:22:27.603Z,4140.05,500,2.015778996050358,5.29959599673748,5.45881599932909,9.67382299900055,50,2.065039001405239,2.2566789984703064,3.82260699570179,3.82260699570179
2026-08-30T13:22:37.605Z,4150.05,500,1.9446280002593994,5.2569660022854805,5.411456003785133,9.574442997574806,50,2.0441389977931976,2.2897780016064644,2.317178003489971,2.317178003489971
2026-08-30T13:22:47.603Z,4160.05,500,2.024998001754284,5.290897004306316,5.397515997290611,9.670922994613647,50,2.0514990016818047,2.267877995967865,2.822767995297909,2.822767995297909
2026-08-30T13:22:57.603Z,4170.051,500,1.9756789952516556,5.235285997390747,5.341186001896858,12.473292000591755,50,1.9227889999747276,2.1663279980421066,2.275248996913433,2.275248996913433
2026-08-30T13:23:07.605Z,4180.051,500,2.050958998501301,5.295317001640797,5.4435160011053085,12.362740993499756,50,2.103287994861603,2.325147993862629,2.6023079976439476,2.6023079976439476
2026-08-30T13:23:17.603Z,4190.051,500,2.006089001893997,5.298546001315117,5.428785994648933,12.335560999810696,50,2.082477994263172,2.2661089971661568,2.362277999520302,2.362277999520302
2026-08-30T13:23:27.601Z,4200.05,500,2.00364800542593,5.283027000725269,5.494506999850273,9.677703000605106,50,1.8754789978265762,2.1608380004763603,2.392528995871544,2.392528995871544
2026-08-30T13:23:37.605Z,4210.05,500,2.04831899702549,5.40039599686861,5.522965997457504,9.960622996091843,50,1.9977889955043793,2.2621679976582527,9.626212999224663,9.626212999224663
2026-08-30T13:23:47.603Z,4220.051,500,1.7769989967346191,5.025806002318859,5.213137000799179,8.667154006659985,50,1.808899000287056,1.994617998600006,2.082558996975422,2.082558996975422
2026-08-30T13:23:57.603Z,4230.05,500,2.054288998246193,5.301686003804207,5.435626000165939,5.801175996661186,50,2.1384780034422874,2.453477993607521,2.6638079956173897,2.6638079956173897
2026-08-30T13:24:07.604Z,4240.051,500,1.9586580023169518,5.233875997364521,5.383436001837254,9.687053002417088,50,1.9578990042209625,2.1596679985523224,2.23369799554348,2.23369799554348
2026-08-30T13:24:17.604Z,4250.05,500,1.9133689999580383,5.176296003162861,5.304545998573303,12.158781997859478,50,1.93036799877882,2.0433680042624474,2.184978000819683,2.184978000819683
2026-08-30T13:24:27.603Z,4260.051,500,1.956828996539116,5.26893600076437,5.415446005761623,11.71119200438261,50,2.0384379997849464,2.370567999780178,2.899407997727394,2.899407997727394
2026-08-30T13:24:37.603Z,4270.05,500,2.025398001074791,5.301926001906395,5.457635998725891,9.525484003126621,50,2.0713189989328384,2.3563079982995987,3.288276992738247,3.288276992738247
2026-08-30T13:24:47.603Z,4280.05,500,2.029408998787403,5.244176000356674,5.407516002655029,9.458412997424603,50,2.02640800178051,2.226849004626274,2.318399004638195,2.318399004638195
2026-08-30T13:24:57.603Z,4290.05,500,1.9428189992904663,5.233817003667355,5.804586000740528,73.07502800226212,50,1.9430280029773712,2.152308002114296,2.347308002412319,2.347308002412319
2026-08-30T13:25:07.603Z,4300.05,500,1.9248879998922348,5.214236006140709,5.412225998938084,10.748792000114918,50,1.9300980046391487,2.186438001692295,2.2149779945611954,2.2149779945611954
2026-08-30T13:25:17.604Z,4310.051,500,2.0446780025959015,5.32481699436903,5.402276001870632,8.851092994213104,50,2.0721879974007607,2.275527998805046,2.722748003900051,2.722748003900051
2026-08-30T13:25:27.604Z,4320.051,500,2.0060279965400696,5.3095859959721565,5.4481160044670105,11.271542005240917,50,2.058319002389908,2.196307994425297,2.767077997326851,2.767077997326851
2026-08-30T13:25:37.605Z,4330.052,500,2.003129005432129,5.3149169981479645,5.392085999250412,5.711305998265743,50,2.0423990041017532,2.3532280027866364,2.3854879960417747,2.3854879960417747
2026-08-30T13:25:47.605Z,4340.052,500,2.0723489969968796,5.368527002632618,5.4699259996414185,9.17051400244236,50,2.1450389996170998,2.4178180024027824,8.89648400247097,8.89648400247097
2026-08-30T13:25:57.605Z,4350.052,500,2.0065080001950264,5.317646995186806,5.452425993978977,6.512965001165867,50,2.0033879950642586,2.1795690059661865,2.305868998169899,2.305868998169899
2026-08-30T13:26:07.605Z,4360.053,500,2.0409189984202385,5.278007000684738,5.357865996658802,11.313872002065182,50,2.080988995730877,2.32880799472332,8.768494002521038,8.768494002521038
2026-08-30T13:26:17.606Z,4370.053,500,1.7623779997229576,5.05680700391531,5.357355996966362,11.268281996250153,50,1.7906479984521866,2.0404080003499985,3.0411479994654655,3.0411479994654655
2026-08-30T13:26:27.606Z,4380.053,500,1.8538289964199066,5.1240469962358475,5.3191860020160675,10.86311200261116,50,1.810359001159668,2.110877998173237,8.735344000160694,8.735344000160694
2026-08-30T13:26:37.606Z,4390.053,500,1.967568002641201,5.246285997331142,5.35623599588871,12.219020999968052,50,1.964528001844883,2.2194379940629005,2.243908002972603,2.243908002972603
2026-08-30T13:26:47.607Z,4400.053,500,2.0447780042886734,5.265476003289223,5.351546995341778,10.079133003950119,50,2.0578679963946342,2.289578005671501,2.420987993478775,2.420987993478775
2026-08-30T13:26:57.607Z,4410.053,500,1.9862480014562607,5.274925999343395,5.601406000554562,9.899723000824451,50,1.9791480004787445,2.2511579990386963,2.3044790029525757,2.3044790029525757
2026-08-30T13:27:07.608Z,4420.054,500,1.997478999197483,5.304896004498005,6.305854998528957,8.943473003804684,50,2.011447995901108,2.2862289994955063,2.435768000781536,2.435768000781536
2026-08-30T13:27:17.607Z,4430.054,500,1.8409589976072311,5.077236004173756,5.437426000833511,10.468561999499798,50,1.7844190001487732,2.080598995089531,2.175238996744156,2.175238996744156
2026-08-30T13:27:27.607Z,4440.054,500,1.9772979989647865,5.2519659996032715,5.395695999264717,8.905983999371529,50,2.0108179971575737,2.2883679941296577,2.3354590013623238,2.3354590013623238
2026-08-30T13:27:37.608Z,4450.055,500,2.0489680022001266,5.362456001341343,5.4638059958815575,6.035205997526646,50,2.065998002886772,2.330917999148369,2.5541980043053627,2.5541980043053627
2026-08-30T13:27:47.609Z,4460.055,500,1.9716489985585213,5.229376003146172,5.367225997149944,5.63884599506855,50,2.0478680059313774,2.2963280007243156,2.3373690024018288,2.3373690024018288
2026-08-30T13:27:57.607Z,4470.055,500,1.9647979959845543,5.188207000494003,5.336796000599861,8.784684002399445,50,2.0421480014920235,2.2365280017256737,2.746389001607895,2.746389001607895
2026-08-30T13:28:07.608Z,4480.055,500,2.0097379982471466,5.321295998990536,5.485425993800163,12.232920996844769,50,2.1004690006375313,2.283529005944729,2.3514890000224113,2.3514890000224113
2026-08-30T13:28:17.608Z,4490.055,500,1.9108290001749992,5.1964370012283325,5.37457700073719,6.98284500092268,50,1.9432590007781982,2.1225089952349663,2.4855580031871796,2.4855580031871796
2026-08-30T13:28:27.608Z,4500.055,500,1.998378001153469,5.263716004788876,5.397495999932289,12.35045100003481,50,1.9730880036950111,2.344369001686573,3.2601070031523705,3.2601070031523705
2026-08-30T13:28:37.609Z,4510.055,500,1.8057680055499077,5.087897002696991,5.410056002438068,12.309041000902653,50,1.8023080006241798,2.2007289975881577,2.575637996196747,2.575637996196747
2026-08-30T13:28:47.608Z,4520.054,500,1.9504880011081696,5.2960269972682,5.435066998004913,8.287553995847702,50,1.866448000073433,2.157228000462055,2.1633590012788773,2.1633590012788773
2026-08-30T13:28:57.607Z,4530.055,500,1.9000379964709282,5.274147003889084,5.456746004521847,7.27301499992609,50,1.840328000485897,2.1492790058255196,2.6359290033578873,2.6359290033578873
2026-08-30T13:29:07.609Z,4540.055,500,1.8851479962468147,5.109515994787216,5.253335997462273,11.810192003846169,50,1.9208390042185783,2.07846899330616,3.0073779970407486,3.0073779970407486
2026-08-30T13:29:17.609Z,4550.055,500,1.9570289999246597,5.241205997765064,5.313365995883942,5.519516997039318,50,1.9452279955148697,2.1760490015149117,2.307778999209404,2.307778999209404
2026-08-30T13:29:27.606Z,4560.055,500,1.9742579981684685,5.258106000721455,5.322246000170708,8.877094000577927,50,2.027438998222351,2.1887869983911514,2.359697997570038,2.359697997570038
2026-08-30T13:29:37.609Z,4570.055,500,1.9601580053567886,5.280902996659279,5.393213003873825,7.6302299946546555,50,1.962337002158165,2.14894799888134,3.1445260047912598,3.1445260047912598
2026-08-30T13:29:47.608Z,4580.055,500,1.966667003929615,5.2549930065870285,5.370713002979755,9.141788005828857,50,2.058817006647587,2.219387002289295,2.6791759952902794,2.6791759952902794
2026-08-30T13:29:57.608Z,4590.055,500,1.967468000948429,5.241863004863262,5.4007430002093315,12.06708399951458,50,1.9641779959201813,2.2644670009613037,2.2664870023727417,2.2664870023727417
2026-08-30T13:30:07.608Z,4600.055,500,1.9332479983568192,5.244303002953529,5.406983003020287,8.762028001248837,50,1.9622980058193207,2.1701769977808,2.4071169942617416,2.4071169942617416
2026-08-30T13:30:17.608Z,4610.056,500,1.903318002820015,5.223113000392914,5.46136300265789,8.386179000139236,50,1.9650069996714592,2.2827569991350174,8.123929999768734,8.123929999768734
2026-08-30T13:30:27.609Z,4620.057,500,2.027037002146244,5.3079530000686646,5.446892999112606,11.336945004761219,50,2.0399969965219498,2.3565670028328896,2.8919870033860207,2.8919870033860207
2026-08-30T13:30:37.611Z,4630.057,500,2.0737169981002808,5.375081993639469,5.496863000094891,5.989741995930672,50,2.056237004697323,2.36209699511528,3.296834997832775,3.296834997832775
2026-08-30T13:30:47.610Z,4640.056,500,1.853416994214058,5.112002998590469,5.275822997093201,8.872727997601032,50,1.8673370033502579,2.090707004070282,8.606968998908997,8.606968998908997
2026-08-30T13:30:57.609Z,4650.056,500,1.9125070050358772,5.208243004977703,5.518143005669117,8.351859003305435,50,2.004627004265785,2.3873369991779327,8.087149001657963,8.087149001657963
2026-08-30T13:31:07.610Z,4660.056,500,1.8267280012369156,5.116982996463776,6.544050998985767,44.84267100691795,50,1.86200799793005,8.00321999937296,23.658078998327255,23.658078998327255
2026-08-30T13:31:17.609Z,4670.056,500,1.84306800365448,5.0843639969825745,5.225102998316288,8.385458998382092,50,1.9110480025410652,2.054237000644207,8.127508997917175,8.127508997917175
2026-08-30T13:31:27.607Z,4680.056,500,2.025458000600338,5.35130300372839,5.499683000147343,8.549718998372555,50,1.987236998975277,2.2471269965171814,8.293638996779919,8.293638996779919
2026-08-30T13:31:37.610Z,4690.056,500,1.8749770000576973,5.152414001524448,5.288542993366718,8.296059004962444,50,1.914288006722927,2.2145769968628883,3.1855849996209145,3.1855849996209145
2026-08-30T13:31:47.609Z,4700.056,500,2.036717005074024,5.2753029987216,5.487893000245094,8.710198998451233,50,2.0332179963588715,2.3510169982910156,3.2780449986457825,3.2780449986457825
2026-08-30T13:31:57.610Z,4710.056,500,2.1859069988131523,5.54458300024271,5.729241997003555,8.879528000950813,50,2.205516993999481,2.5254369974136353,2.790855996310711,2.790855996310711
2026-08-30T13:32:07.609Z,4720.056,500,2.084707997739315,5.409722998738289,5.555152997374535,7.500919997692108,50,2.088307999074459,2.3753269985318184,2.798475995659828,2.798475995659828
2026-08-30T13:32:17.609Z,4730.057,500,2.061607003211975,5.3622429966926575,5.435433000326157,5.707972995936871,50,2.159748002886772,2.3464270010590553,2.4259270057082176,2.4259270057082176
2026-08-30T13:32:27.610Z,4740.056,500,2.0959069952368736,5.32600300014019,5.423211999237537,5.572223000228405,50,2.1656970009207726,2.3606870025396347,2.7659770026803017,2.7659770026803017
2026-08-30T13:32:37.609Z,4750.056,500,1.9728469997644424,5.320163004100323,5.5543520003557205,8.30477000027895,50,1.991797000169754,2.3056769967079163,2.5278169959783554,2.5278169959783554
2026-08-30T13:32:47.611Z,4760.057,500,1.936808004975319,5.207433000206947,5.368453003466129,11.848205000162125,50,2.011897996068001,2.2178469970822334,2.2519470006227493,2.2519470006227493
2026-08-30T13:32:57.609Z,4770.056,500,2.070296995341778,5.388153001666069,5.477452002465725,11.45236499607563,50,2.1553779989480972,2.338297002017498,2.9716759994626045,2.9716759994626045
2026-08-30T13:33:07.609Z,4780.057,500,2.0461580008268356,5.398423001170158,5.571823000907898,10.982874996960163,50,2.0662769973278046,2.299667000770569,2.35266699641943,2.35266699641943
2026-08-30T13:33:17.609Z,4790.056,500,2.0554380044341087,5.380913004279137,5.48318300396204,5.5890330001711845,50,2.0739380046725273,2.3168369978666306,2.9706360027194023,2.9706360027194023
2026-08-30T13:33:27.608Z,4800.057,500,2.0602869987487793,5.419142998754978,5.5475529953837395,12.088884003460407,50,2.087756998836994,2.39614699780941,2.8713160008192062,2.8713160008192062
2026-08-30T13:33:37.609Z,4810.056,500,1.987407997250557,5.27539299428463,5.435052998363972,6.4885310009121895,50,2.0396979972720146,2.2261969968676567,3.038485996425152,3.038485996425152
2026-08-30T13:33:47.610Z,4820.056,500,1.8037769943475723,5.0990130007267,5.23013299703598,11.331225000321865,50,1.8162479996681213,2.0679769963026047,2.9368560016155243,2.9368560016155243
2026-08-30T13:33:57.611Z,4830.057,500,1.87380700558424,5.079323001205921,5.231562994420528,8.346318997442722,50,1.838197000324726,1.997118003666401,2.0626379996538162,2.0626379996538162
2026-08-30T13:34:07.610Z,4840.057,500,1.896986998617649,5.1537730023264885,5.262403003871441,8.660398997366428,50,2.0084379985928535,2.170796997845173,8.3938589990139,8.3938589990139
2026-08-30T13:34:17.611Z,4850.056,500,1.939238004386425,5.152052998542786,5.261113002896309,8.645247995853424,50,2.0095869973301888,2.2565569952130318,8.358968995511532,8.358968995511532
2026-08-30T13:34:27.610Z,4860.057,500,1.8523169979453087,5.1243830025196075,5.228734001517296,11.716014996170998,50,1.929187998175621,2.0808180049061775,2.2498169988393784,2.2498169988393784
2026-08-30T13:34:37.610Z,4870.057,500,1.90191700309515,5.173433005809784,5.316002994775772,10.867986001074314,50,1.9834470003843307,2.2918469980359077,2.423505999147892,2.423505999147892
2026-08-30T13:34:47.610Z,4880.057,500,1.9690570011734962,5.348393000662327,5.459123000502586,8.448638997972012,50,1.9646280035376549,2.333586998283863,2.8399659991264343,2.8399659991264343
2026-08-30T13:34:57.610Z,4890.057,500,2.0673779994249344,5.379712998867035,5.493233002722263,8.373289994895458,50,2.1345869973301888,2.3886970058083534,2.886175997555256,2.886175997555256
2026-08-30T13:35:07.611Z,4900.058,500,2.057737000286579,5.349063001573086,5.435232996940613,8.363998003304005,50,2.146477997303009,2.273717999458313,2.779416002333164,2.779416002333164
2026-08-30T13:35:17.610Z,4910.058,500,2.0596769973635674,5.353143006563187,5.46331300586462,9.194367997348309,50,2.14410699903965,2.3470169976353645,2.827376998960972,2.827376998960972
2026-08-30T13:35:27.609Z,4920.057,500,1.8472569957375526,5.1186439990997314,5.195433005690575,8.736167997121811,50,1.995378002524376,2.144396997988224,3.0662259981036186,3.0662259981036186
2026-08-30T13:35:37.612Z,4930.057,500,1.9468469992280006,5.211812995374203,5.370012000203133,12.060773998498917,50,1.9758379980921745,2.244626998901367,3.111065998673439,3.111065998673439
2026-08-30T13:35:47.610Z,4940.057,500,1.92484799772501,5.222502999007702,5.3992829993367195,9.253467999398708,50,1.9232970029115677,2.182346999645233,2.308988004922867,2.308988004922867
2026-08-30T13:35:57.612Z,4950.058,500,1.8571180030703545,5.107073001563549,5.29492300003767,8.05655899643898,50,1.9515269994735718,2.078276999294758,3.2777549996972084,3.2777549996972084
2026-08-30T13:36:07.613Z,4960.059,500,1.9883370026946068,5.2463430017232895,5.464353002607822,10.853395998477936,50,1.9665179997682571,2.262246996164322,2.3582470044493675,2.3582470044493675
2026-08-30T13:36:17.612Z,4970.058,500,1.8910180032253265,5.1428829953074455,5.264793001115322,7.681060001254082,50,1.9470570012927055,2.1590370014309883,2.3018470034003258,2.3018470034003258
2026-08-30T13:36:27.611Z,4980.058,500,1.85470699518919,5.136903002858162,5.551422998309135,46.98618799448013,50,1.9148669987916946,2.1212369948625565,2.4445369988679886,2.4445369988679886
2026-08-30T13:36:37.612Z,4990.058,500,1.8779769986867905,5.157833002507687,5.317402996122837,11.245255000889301,50,1.9052379950881004,2.189207002520561,2.2589270025491714,2.2589270025491714
2026-08-30T13:36:47.613Z,5000.058,500,1.9169280007481575,5.276003003120422,5.4901629984378815,8.10044900327921,50,2.0013879984617233,2.249337002635002,2.3268570005893707,2.3268570005893707
2026-08-30T13:36:57.613Z,5010.059,500,2.0709469988942146,5.353293001651764,5.4839329943060875,8.775949001312256,50,2.0388569980859756,2.2966070026159286,2.4545170068740845,2.4545170068740845
2026-08-30T13:37:07.614Z,5020.06,500,2.086647003889084,5.404232993721962,5.527242004871368,9.189167998731136,50,2.0782480016350746,2.4583869948983192,8.902457997202873,8.902457997202873
2026-08-30T13:37:17.614Z,5030.061,500,2.111907996237278,5.43877299875021,5.546242006123066,8.220568999648094,50,2.17085699737072,2.4526370018720627,2.577266998589039,2.577266998589039
2026-08-30T13:37:27.614Z,5040.061,500,1.8781670033931732,5.142622999846935,5.230983003973961,11.951073996722698,50,1.8893480002880096,2.1291669979691505,2.212898001074791,2.212898001074791
2026-08-30T13:37:37.614Z,5050.061,500,1.8559070006012917,5.117592997848988,5.329222999513149,6.127332001924515,50,1.9074869975447655,2.1078170016407967,3.075346000492573,3.075346000492573
2026-08-30T13:37:47.616Z,5060.062,500,1.9056169986724854,5.177684001624584,5.470092996954918,11.038396000862122,50,1.925086997449398,2.2279970049858093,3.1873049959540367,3.1873049959540367
2026-08-30T13:37:57.614Z,5070.061,500,1.8349580019712448,5.114762999117374,5.3882129937410355,10.524906001985073,50,1.8828670009970665,2.1850869953632355,3.111845999956131,3.111845999956131
2026-08-30T13:38:07.615Z,5080.061,500,2.1029369980096817,5.438302002847195,5.535362996160984,9.313996993005276,50,2.1107470020651817,2.4339169934391975,2.5744860023260117,2.5744860023260117
2026-08-30T13:38:17.616Z,5090.062,500,2.0616270005702972,5.370023004710674,5.4971830025315285,8.73344899713993,50,2.0072669982910156,2.268676996231079,2.3107270002365112,2.3107270002365112
2026-08-30T13:38:27.615Z,5100.061,500,1.9834470003843307,5.2395429983735085,5.387852996587753,8.969778999686241,50,2.063457004725933,2.297836996614933,2.456886999309063,2.456886999309063
2026-08-30T13:38:37.616Z,5110.062,501,1.9666669964790344,5.25637399405241,5.335533000528812,8.85759899765253,50,1.9694069996476173,2.2006779983639717,3.5660260021686554,3.5660260021686554
2026-08-30T13:38:47.615Z,5120.062,499,1.9723270013928413,5.2758530005812645,5.484002999961376,12.26061400026083,50,2.0271680057048798,2.181667000055313,3.1097060069441795,3.1097060069441795
2026-08-30T13:38:57.614Z,5130.061,500,1.957497999072075,5.255642995238304,5.4903929978609085,8.875188000500202,50,1.9939269945025444,2.2030180022120476,3.086216002702713,3.086216002702713
2026-08-30T13:39:07.616Z,5140.062,501,1.9950869977474213,5.2665329948067665,5.501772001385689,12.000823996961117,50,2.026687003672123,2.3230170011520386,8.875578999519348,8.875578999519348
2026-08-30T13:39:17.614Z,5150.061,499,1.9651179984211922,5.258143000304699,5.372092999517918,12.787232995033264,50,1.9452980011701584,2.1294669955968857,3.770594999194145,3.770594999194145
2026-08-30T13:39:27.613Z,5160.061,501,1.902197003364563,5.145133003592491,5.28328300267458,8.931317999958992,50,1.9594480022788048,2.0901069939136505,2.0960169956088066,2.0960169956088066
2026-08-30T13:39:37.614Z,5170.062,499,1.898957997560501,5.154793001711369,5.269123002886772,10.549235999584198,50,1.964818000793457,2.087347000837326,2.2386570051312447,2.2386570051312447
2026-08-30T13:39:47.614Z,5180.062,500,1.9550179988145828,5.1512529999017715,5.289412997663021,8.186099000275135,50,1.9489580020308495,2.1298279985785484,2.1753670051693916,2.1753670051693916
2026-08-30T13:39:57.616Z,5190.062,501,1.8459369987249374,5.10113300383091,5.162502996623516,12.100864000618458,50,1.8328879997134209,2.076326996088028,2.3712269961833954,2.3712269961833954
2026-08-30T13:40:07.616Z,5200.063,500,1.8951070010662079,5.147413000464439,5.225513003766537,7.5121499970555305,50,1.9511869996786118,2.042146995663643,2.0622079968452454,2.0622079968452454
2026-08-30T13:40:17.615Z,5210.062,500,1.9171480014920235,5.157412998378277,5.254673004150391,9.348407998681068,50,1.984196998178959,2.1216679960489273,2.9937359988689423,2.9937359988689423
2026-08-30T13:40:27.615Z,5220.062,500,1.90174800157547,5.172283001244068,5.33738300204277,11.010846003890038,50,1.8773579970002174,2.215787000954151,2.5574859976768494,2.5574859976768494
2026-08-30T13:40:37.616Z,5230.062,500,1.8307580053806305,5.123734004795551,5.239683002233505,7.90777999907732,50,1.8925670012831688,2.0369369983673096,7.619551002979279,7.619551002979279
2026-08-30T13:40:47.617Z,5240.063,500,1.928516998887062,5.09859299659729,5.224853001534939,11.738374002277851,50,1.8787880018353462,2.0348780006170273,2.119157001376152,2.119157001376152
2026-08-30T13:40:57.615Z,5250.062,499,1.9290469959378242,5.21170299500227,5.413742996752262,8.921998001635075,50,1.9774469956755638,2.183607004582882,2.2796669974923134,2.2796669974923134
2026-08-30T13:41:07.615Z,5260.062,501,1.9251779988408089,5.140613004565239,5.368772998452187,7.430291004478931,50,1.8191079944372177,2.149407997727394,2.2915970012545586,2.2915970012545586
2026-08-30T13:41:17.615Z,5270.063,500,1.9299470037221909,5.153012998402119,5.32268300652504,11.256575003266335,50,2.0001569986343384,2.144226998090744,2.324636995792389,2.324636995792389
2026-08-30T13:41:27.614Z,5280.062,499,1.8570680022239685,5.157673001289368,5.444853000342846,6.70847100019455,50,1.9532980024814606,2.2721670046448708,2.4501670002937317,2.4501670002937317
2026-08-30T13:41:37.615Z,5290.063,501,1.9660769999027252,5.268123000860214,5.43656300008297,8.59663899987936,50,2.0125870034098625,2.250177003443241,2.3546970039606094,2.3546970039606094
2026-08-30T13:41:47.616Z,5300.062,500,2.0407180041074753,5.337312996387482,5.5541229993104935,6.512450993061066,50,2.0659379959106445,2.264086998999119,3.233676001429558,3.233676001429558
2026-08-30T13:41:57.615Z,5310.062,499,2.037976995110512,5.366613000631332,5.5316430032253265,12.191704995930195,50,2.053787000477314,2.274157002568245,2.583375997841358,2.583375997841358
2026-08-30T13:42:07.617Z,5320.062,501,2.074316993355751,5.385773003101349,5.665482997894287,8.940329000353813,50,2.1323769986629486,2.3313870057463646,2.5017770007252693,2.5017770007252693
2026-08-30T13:42:17.615Z,5330.062,500,1.990956999361515,5.269123002886772,5.3936729952692986,9.163157999515533,50,1.992707997560501,2.2136869952082634,2.496157005429268,2.496157005429268
2026-08-30T13:42:27.616Z,5340.062,499,1.994867004454136,5.279312998056412,5.6104529947042465,8.780338004231453,50,2.072546996176243,2.249667003750801,2.3387469947338104,2.3387469947338104
2026-08-30T13:42:37.615Z,5350.062,500,1.960147000849247,5.256092995405197,5.379272997379303,9.65921799838543,50,2.0390570014715195,2.274897001683712,3.800445005297661,3.800445005297661
2026-08-30T13:42:47.617Z,5360.063,501,1.935467004776001,5.173892997205257,7.7653999999165535,73.97191300243139,50,1.9278170019388199,2.1932969987392426,9.77725700289011,9.77725700289011
2026-08-30T13:42:57.616Z,5370.062,500,2.0198070034384727,5.215913996100426,5.415963001549244,12.080774001777172,50,2.0043979957699776,2.1959370002150536,2.4221770018339157,2.4221770018339157
2026-08-30T13:43:07.617Z,5380.063,500,1.8895880058407784,5.20304299890995,5.345553003251553,8.676597997546196,50,1.9202580004930496,2.111896999180317,2.1979859992861748,2.1979859992861748
2026-08-30T13:43:17.615Z,5390.063,500,1.9860979989171028,5.2497730031609535,5.391483001410961,12.877783998847008,50,2.0395269989967346,2.187907002866268,2.337787002325058,2.337787002325058
2026-08-30T13:43:27.615Z,5400.063,500,1.9793870002031326,5.270562998950481,5.4375029951334,9.487847000360489,50,1.957727000117302,2.2441269978880882,2.325586996972561,2.325586996972561
2026-08-30T13:43:37.617Z,5410.063,500,2.055647000670433,5.3345329985022545,5.406433001160622,8.755707994103432,50,2.065147005021572,2.340227000415325,2.406867004930973,2.406867004930973
2026-08-30T13:43:47.615Z,5420.063,500,2.0067970007658005,5.331473000347614,5.448732994496822,11.142215996980667,50,2.0745670050382614,2.2826169952750206,2.340067006647587,2.340067006647587
2026-08-30T13:43:57.615Z,5430.062,500,2.0335579961538315,5.338222995400429,5.420523002743721,9.710097998380661,50,2.098796993494034,2.2590069994330406,2.331726998090744,2.331726998090744
2026-08-30T13:44:07.615Z,5440.062,500,1.9328269958496094,5.192442998290062,5.4315930008888245,9.609936997294426,50,1.9167269989848137,2.1282569989562035,2.2186879962682724,2.2186879962682724
2026-08-30T13:44:17.616Z,5450.062,500,1.9564270004630089,5.226713001728058,5.2965429946780205,9.088348001241684,50,2.013936996459961,2.1973569989204407,2.3280970007181168,2.3280970007181168
2026-08-30T13:44:27.615Z,5460.062,500,1.9762480035424232,5.263983003795147,5.364803001284599,5.518282003700733,50,2.039046995341778,2.20592699944973,2.3599970042705536,2.3599970042705536
2026-08-30T13:44:37.617Z,5470.063,500,1.9850170016288757,5.314043000340462,5.383853003382683,11.147655993700027,50,1.9724680036306381,2.2112669944763184,2.8178360015153885,2.8178360015153885
2026-08-30T13:44:47.615Z,5480.063,500,1.9439669996500015,5.19913399964571,5.271713003516197,9.002668000757694,50,1.9954569935798645,2.1912569999694824,2.242206998169422,2.242206998169422
2026-08-30T13:44:57.615Z,5490.062,500,1.8222180008888245,5.066293001174927,5.323293000459671,5.837763004004955,50,1.867568001151085,2.1016680002212524,2.116986997425556,2.116986997425556
2026-08-30T13:45:07.616Z,5500.062,500,1.9724769964814186,5.262582994997501,5.3342029973864555,7.2734910026192665,50,2.042137995362282,2.2001070007681847,2.2397270053625107,2.2397270053625107
2026-08-30T13:45:17.616Z,5510.062,499,1.9877570047974586,5.284232996404171,5.503383003175259,7.566650003194809,50,1.9629779979586601,2.2283369973301888,2.3244969993829727,2.3244969993829727
2026-08-30T13:45:27.615Z,5520.062,501,1.9539180025458336,5.245293006300926,5.342073000967503,11.49941499531269,50,2.0350079983472824,2.2826770022511482,2.336727000772953,2.336727000772953
2026-08-30T13:45:37.617Z,5530.063,500,1.9370069950819016,5.250882998108864,5.328682996332645,6.54925199598074,50,2.0482470020651817,2.2636370062828064,2.4350669980049133,2.4350669980049133
2026-08-30T13:45:47.617Z,5540.064,500,1.9441780000925064,5.232353001832962,5.371892996132374,11.613324999809265,50,1.9687779992818832,2.1775869950652122,3.2524060010910034,3.2524060010910034
2026-08-30T13:45:57.618Z,5550.065,500,1.9563970044255257,5.230313003063202,5.352033004164696,9.044778004288673,50,1.9555270001292229,2.2208869978785515,8.771889001131058,8.771889001131058
2026-08-30T13:46:07.618Z,5560.066,500,1.977686993777752,5.263133004307747,5.422813005745411,12.213714003562927,50,2.0763970017433167,2.334307000041008,3.2556359991431236,3.2556359991431236
2026-08-30T13:46:17.618Z,5570.066,500,1.9150579944252968,5.230112999677658,5.375992998480797,11.114275000989437,50,1.9794669970870018,2.173796996474266,2.296066999435425,2.296066999435425
2026-08-30T13:46:27.620Z,5580.066,500,1.8925480023026466,5.125532999634743,5.262782998383045,8.770007997751236,50,1.8719279989600182,2.0939569994807243,2.141696996986866,2.141696996986866
2026-08-30T13:46:37.620Z,5590.066,500,1.9234379976987839,5.186512999236584,5.443423002958298,8.694748997688293,50,2.0129370018839836,2.17832800000906,2.401216998696327,2.401216998696327
2026-08-30T13:46:47.619Z,5600.065,500,1.9620880037546158,5.182132996618748,5.319628000259399,11.287773005664349,50,2.01044100522995,2.2080110013484955,2.302429996430874,2.302429996430874
2026-08-30T13:46:57.619Z,5610.065,500,1.9765519946813583,5.188648998737335,5.345668002963066,12.379258997738361,50,2.056941993534565,2.3014100044965744,2.3093110024929047,2.3093110024929047
2026-08-30T13:47:07.620Z,5620.066,500,1.920582003891468,5.153809003531933,5.394386999309063,11.472932003438473,50,1.9496919959783554,2.1221910044550896,2.231181003153324,2.231181003153324
2026-08-30T13:47:17.619Z,5630.066,500,1.962851993739605,5.2280279994010925,5.330157995223999,8.849212996661663,50,2.0220910012722015,2.161841005086899,2.3352610021829605,2.3352610021829605
2026-08-30T13:47:27.618Z,5640.065,500,1.947122000157833,5.229059003293514,5.31631800532341,8.427714996039867,50,2.0115819945931435,2.219921000301838,2.3494599983096123,2.3494599983096123
2026-08-30T13:47:37.618Z,5650.066,500,1.9643419981002808,5.25857799500227,5.390617996454239,5.651967003941536,50,2.0509909987449646,2.1704709976911545,2.341380998492241,2.341380998492241
2026-08-30T13:47:47.620Z,5660.065,500,1.9565920010209084,5.269597999751568,5.397018000483513,5.937804996967316,50,2.0044020041823387,2.22758100181818,2.972357004880905,2.972357004880905
2026-08-30T13:47:57.620Z,5670.066,500,1.8693930059671402,5.1130290031433105,5.299957998096943,9.774470001459122,50,1.9011719971895218,2.1308209970593452,2.1714510023593903,2.1714510023593903
2026-08-30T13:48:07.620Z,5680.066,500,2.0166019946336746,5.286608003079891,5.407247997820377,5.973714999854565,50,2.0714319944381714,2.1865710020065308,2.315181002020836,2.315181002020836
2026-08-30T13:48:17.618Z,5690.065,500,1.8619320020079613,5.134638994932175,5.224999003112316,5.580957002937794,50,1.9693920016288757,2.1244020015001297,2.18597099930048,2.18597099930048
2026-08-30T13:48:27.618Z,5700.066,500,1.9639220014214516,5.219199001789093,5.366787001490593,11.426173001527786,50,1.9935519993305206,2.3007210046052933,6.135914996266365,6.135914996266365
2026-08-30T13:48:37.619Z,5710.066,500,2.0549919977784157,5.353498004376888,5.469467997550964,8.884122997522354,50,2.1413310021162033,2.3115110024809837,2.462068997323513,2.462068997323513
2026-08-30T13:48:47.620Z,5720.067,500,1.9789619967341423,5.241408005356789,5.4135079979896545,6.097534000873566,50,2.069871999323368,2.2049700021743774,2.2952700033783913,2.2952700033783913
2026-08-30T13:48:57.621Z,5730.066,500,1.9685119986534119,5.258787997066975,5.455956995487213,8.809294000267982,50,2.0473809987306595,2.3307999968528748,2.6908489987254143,2.6908489987254143
2026-08-30T13:49:07.620Z,5740.066,500,1.9851719960570335,5.252677999436855,5.342448003590107,8.706002995371819,50,2.065251998603344,2.189841002225876,2.2819599956274033,2.2819599956274033
2026-08-30T13:49:17.619Z,5750.066,500,1.9834819957613945,5.25008799880743,5.381548002362251,5.6011670008301735,50,2.043512001633644,2.311590999364853,2.399949997663498,2.399949997663498
2026-08-30T13:49:27.620Z,5760.067,500,1.9614720046520233,5.255648002028465,5.4051269963383675,9.07872200012207,50,2.070521004498005,2.3099810034036636,8.803313001990318,8.803313001990318
2026-08-30T13:49:37.621Z,5770.066,500,1.8945820033550262,5.178988002240658,5.314988002181053,11.678540997207165,50,1.9269519969820976,2.215649999678135,2.4463699981570244,2.4463699981570244
2026-08-30T13:49:47.620Z,5780.067,500,1.9274419993162155,5.247698001563549,5.397307001054287,54.894992001354694,50,2.022832006216049,2.198171004652977,14.533179000020027,14.533179000020027
2026-08-30T13:49:57.619Z,5790.066,500,1.9570920020341873,5.224008001387119,5.3216679990291595,11.453832000494003,50,1.9698019996285439,2.253380000591278,2.3433999940752983,2.3433999940752983
2026-08-30T13:50:07.619Z,5800.067,500,1.9727610051631927,5.235958002507687,5.395517997443676,11.389221996068954,50,1.9731010049581528,2.1665209978818893,2.226810999214649,2.226810999214649
2026-08-30T13:50:17.620Z,5810.067,500,1.9866609945893288,5.256508000195026,5.539157003164291,9.79161899536848,50,2.000331997871399,2.2295909970998764,2.282700002193451,2.282700002193451
2026-08-30T13:50:27.621Z,5820.067,500,1.9294320046901703,5.182077996432781,5.335037998855114,8.75619400292635,50,1.9927809983491898,2.135891005396843,2.252659998834133,2.252659998834133
2026-08-30T13:50:37.619Z,5830.067,500,1.9415120035409927,5.196189001202583,5.350338004529476,9.382291004061699,50,1.9868120029568672,2.1716509982943535,2.3931699991226196,2.3931699991226196
2026-08-30T13:50:47.622Z,5840.067,500,1.8948220014572144,5.196527995169163,5.396517001092434,8.670823998749256,50,1.8683930039405823,2.122580997645855,2.2874809950590134,2.2874809950590134
2026-08-30T13:50:57.621Z,5850.067,500,2.038602001965046,5.264767996966839,5.367847003042698,5.432598002254963,50,2.0806310027837753,2.2109910026192665,2.404440000653267,2.404440000653267
2026-08-30T13:51:07.619Z,5860.066,500,1.9888710007071495,5.2552379965782166,5.400247000157833,8.889252997934818,50,2.067471995949745,2.2189910039305687,2.25195100158453,2.25195100158453
2026-08-30T13:51:17.620Z,5870.067,500,1.975872002542019,5.257108002901077,5.412848003208637,40.639571003615856,50,1.9854120016098022,2.178490996360779,2.3414710015058517,2.3414710015058517
2026-08-30T13:51:27.620Z,5880.067,500,1.9950909987092018,5.25441800057888,5.524837002158165,11.228462994098663,50,2.0367720052599907,2.3536200001835823,3.931504003703594,3.931504003703594
2026-08-30T13:51:37.622Z,5890.068,500,1.7953329980373383,5.119787998497486,5.236259005963802,6.189543999731541,50,1.8369320034980774,2.028210997581482,2.528048999607563,2.528048999607563
2026-08-30T13:51:47.622Z,5900.068,500,1.8935719951987267,5.222258999943733,5.399866998195648,8.773743003606796,50,1.913672000169754,2.0569410026073456,2.2921999990940094,2.2921999990940094
2026-08-30T13:51:57.620Z,5910.067,500,1.8613130003213882,5.138479001820087,5.387837998569012,8.698564000427723,50,1.7909529954195023,2.094490997493267,2.1388610005378723,2.1388610005378723
2026-08-30T13:52:07.620Z,5920.068,500,1.972921997308731,5.273418001830578,5.408577002584934,9.727810002863407,50,2.0263320058584213,2.2382310032844543,2.769678995013237,2.769678995013237
2026-08-30T13:52:17.621Z,5930.067,500,1.9649519994854927,5.329498000442982,5.451036997139454,8.91856300085783,50,1.9790720045566559,2.290700003504753,2.3379800021648407,2.3379800021648407
2026-08-30T13:52:27.622Z,5940.068,500,1.888372004032135,5.2507979944348335,5.41312700510025,10.73776499927044,50,1.948902003467083,2.1962609961628914,2.2954000011086464,2.2954000011086464
2026-08-30T13:52:37.622Z,5950.068,500,2.0157919973134995,5.320667997002602,5.511417001485825,11.485931999981403,50,2.025010995566845,2.236861005425453,7.947806999087334,7.947806999087334
2026-08-30T13:52:47.620Z,5960.067,500,1.8381320014595985,5.15471900254488,5.335226997733116,6.95160099864006,50,1.880231998860836,2.1459310054779053,2.198871001601219,2.198871001601219
2026-08-30T13:52:57.622Z,5970.068,500,2.0531010031700134,5.418527998030186,5.63170699775219,11.221732996404171,50,2.1669109985232353,2.338469997048378,2.4128599986433983,2.4128599986433983
2026-08-30T13:53:07.621Z,5980.067,500,2.101212002336979,5.465667001903057,5.581367000937462,11.249643996357918,50,2.1325209960341454,2.352301001548767,2.4527300000190735,2.4527300000190735
2026-08-30T13:53:17.622Z,5990.067,500,2.0463609993457794,5.386947996914387,5.585476003587246,8.739854000508785,50,2.102481000125408,2.371380001306534,2.7688790038228035,2.7688790038228035
2026-08-30T13:53:27.620Z,6000.067,500,2.0726609975099564,5.4077779948711395,5.525807999074459,11.575772002339363,50,2.1190109997987747,2.3574799969792366,2.39970999956131,2.39970999956131
2026-08-30T13:53:37.621Z,6010.067,500,2.010182000696659,5.287517994642258,5.403898000717163,8.85147300362587,50,2.0614620000123978,2.252581000328064,7.606987997889519,7.606987997889519
2026-08-30T13:53:47.622Z,6020.068,500,1.7780919969081879,5.027479000389576,5.204429000616074,10.48233599960804,50,1.7733530029654503,1.9556820020079613,2.5495389997959137,2.5495389997959137
2026-08-30T13:53:57.621Z,6030.067,500,1.7683629989624023,5.02436900138855,5.152008004486561,9.007661998271942,50,1.7972629964351654,1.9774409979581833,2.8633580058813095,2.8633580058813095
2026-08-30T13:54:07.620Z,6040.067,500,1.808062992990017,5.154149003326893,5.353437997400761,11.523561999201775,50,1.8395420014858246,2.1855010017752647,2.2417410016059875,2.2417410016059875
2026-08-30T13:54:17.620Z,6050.067,500,2.065820999443531,5.322288006544113,5.474026992917061,8.92120299488306,50,2.1114009991288185,2.257971003651619,2.3518799990415573,2.3518799990415573
2026-08-30T13:54:27.620Z,6060.067,500,1.9631619974970818,5.212747998535633,5.387507997453213,11.27301400154829,50,2.0286810025572777,2.3220009952783585,2.9800679981708527,2.9800679981708527
2026-08-30T13:54:37.620Z,6070.067,500,2.06284199655056,5.329277001321316,5.43928799778223,9.159671999514103,50,2.093010999262333,2.3410010039806366,8.882372997701168,8.882372997701168
2026-08-30T13:54:47.620Z,6080.067,500,2.0283810049295425,5.279258005321026,5.540666997432709,11.261483006179333,50,2.064391002058983,2.2681009992957115,8.405835002660751,8.405835002660751
2026-08-30T13:54:57.622Z,6090.068,500,2.0000420063734055,5.288918003439903,5.4347569942474365,8.78430400043726,50,2.033041000366211,2.2608300000429153,2.418970003724098,2.418970003724098
2026-08-30T13:55:07.621Z,6100.067,500,2.0226709991693497,5.275348000228405,5.404008001089096,12.04474999755621,50,2.011792004108429,2.3005600050091743,2.3245199993252754,2.3245199993252754
2026-08-30T13:55:17.621Z,6110.067,500,1.948582001030445,5.277688004076481,5.446017995476723,9.687630005180836,50,1.9899120032787323,2.2134800031781197,2.312689997255802,2.312689997255802
2026-08-30T13:55:27.620Z,6120.067,500,1.9637220054864883,5.225448004901409,5.31071799993515,8.896083004772663,50,2.0504110008478165,2.2315009981393814,2.318620003759861,2.318620003759861
2026-08-30T13:55:37.622Z,6130.067,500,1.9837419986724854,5.2645480036735535,5.406007997691631,8.9702830016613,50,1.9798209965229034,2.2149510011076927,2.32515000551939,2.32515000551939
2026-08-30T13:55:47.620Z,6140.067,500,2.0484220013022423,5.307677999138832,5.441107004880905,9.542231000959873,50,2.1120819970965385,2.31199099868536,9.264062002301216,9.264062002301216
2026-08-30T13:55:57.620Z,6150.067,500,1.9925520047545433,5.298068001866341,5.418287999927998,10.892674997448921,50,2.100620999932289,2.257931001484394,8.183825999498367,8.183825999498367
2026-08-30T13:56:07.621Z,6160.068,500,1.9869719967246056,5.264527998864651,5.418738000094891,11.586602002382278,50,2.0468419939279556,2.2382199987769127,2.3026410043239594,2.3026410043239594
2026-08-30T13:56:17.622Z,6170.068,500,2.0438219979405403,5.332118004560471,5.4412179961800575,11.730331003665924,50,2.054001994431019,2.259111002087593,2.446110002696514,2.446110002696514
2026-08-30T13:56:27.623Z,6180.069,500,2.0726809948682785,5.362557999789715,5.516377002000809,9.066541999578476,50,2.1529610008001328,2.3340800032019615,2.368680000305176,2.368680000305176
2026-08-30T13:56:37.622Z,6190.069,500,1.973531998693943,5.242228001356125,5.395847000181675,12.685696996748447,50,2.006122000515461,2.3005400002002716,7.14767000079155,7.14767000079155
2026-08-30T13:56:47.624Z,6200.069,500,1.979522004723549,5.283058002591133,5.402038000524044,11.503722004592419,50,2.0673520043492317,2.2344909980893135,2.2925999984145164,2.2925999984145164
2026-08-30T13:56:57.623Z,6210.07,500,2.0842709988355637,5.345317997038364,5.546966001391411,9.171890996396542,50,2.1072809994220734,2.2918199971318245,2.3945899978280067,2.3945899978280067
2026-08-30T13:57:07.623Z,6220.069,500,1.9658519998192787,5.207478001713753,5.342128001153469,8.989142000675201,50,2.0605510026216507,2.3050310015678406,2.678548000752926,2.678548000752926
2026-08-30T13:57:17.622Z,6230.069,500,1.9919620007276535,5.246717996895313,5.403677999973297,8.814232997596264,50,2.0617220029234886,2.1653609946370125,2.3212499991059303,2.3212499991059303
2026-08-30T13:57:27.622Z,6240.069,500,1.9859110042452812,5.261528000235558,5.5016269981861115,39.810335002839565,50,1.9840010032057762,2.1760110035538673,2.3431900069117546,2.3431900069117546
2026-08-30T13:57:37.624Z,6250.07,500,1.9818819984793663,5.282228000462055,5.409127004444599,12.291738003492355,50,2.0556520000100136,2.35012000054121,3.9271829947829247,3.9271829947829247
2026-08-30T13:57:47.624Z,6260.07,500,1.9853119999170303,5.224019005894661,5.345527999103069,12.319678999483585,50,2.0534119978547096,2.2790010049939156,2.598689004778862,2.598689004778862
2026-08-30T13:57:57.622Z,6270.07,500,1.9111009985208511,5.184317998588085,5.389617003500462,9.511070996522903,50,1.9110120013356209,2.1219110041856766,2.191771000623703,2.191771000623703
2026-08-30T13:58:07.624Z,6280.07,500,1.9022720009088516,5.155088998377323,5.44998699426651,5.736886002123356,50,1.9023629948496819,2.274819999933243,2.774429000914097,2.774429000914097
2026-08-30T13:58:17.623Z,6290.069,500,1.9034930020570755,5.195589005947113,5.412188000977039,9.482220999896526,50,1.924572005867958,2.2316009998321533,2.259791001677513,2.259791001677513
2026-08-30T13:58:27.622Z,6300.069,500,1.890912003815174,5.18936900049448,5.298897996544838,5.859995000064373,50,1.9147120043635368,2.0550620034337044,2.2632910013198853,2.2632910013198853
2026-08-30T13:58:37.622Z,6310.069,500,1.970371998846531,5.224048994481564,5.489936999976635,9.641800001263618,50,1.9283619970083237,2.257490999996662,2.3346699997782707,2.3346699997782707
2026-08-30T13:58:47.624Z,6320.07,500,1.8936820030212402,5.126878000795841,5.365966998040676,11.907379999756813,50,1.8804520070552826,2.147580996155739,2.4492399990558624,2.4492399990558624
2026-08-30T13:58:57.623Z,6330.069,500,1.9529919996857643,5.187198996543884,5.2966480031609535,11.424751996994019,50,1.9898009970784187,2.181770995259285,3.4209549948573112,3.4209549948573112
2026-08-30T13:59:07.624Z,6340.07,500,1.9718220010399818,5.244268000125885,5.362607002258301,5.569366000592709,50,2.0161610022187233,2.317240998148918,2.491499997675419,2.491499997675419
2026-08-30T13:59:17.622Z,6350.07,500,1.8952319994568825,5.193818002939224,5.403086997568607,12.702666997909546,50,1.8438919931650162,2.1359409987926483,2.288531005382538,2.288531005382538
2026-08-30T13:59:27.620Z,6360.069,500,1.7810729965567589,5.0167500004172325,5.177118994295597,11.085624001920223,50,1.7753119990229607,1.9070420041680336,2.010072000324726,2.010072000324726
2026-08-30T13:59:37.623Z,6370.069,500,1.785252995789051,5.035368993878365,5.215828001499176,9.101172000169754,50,1.8368119969964027,2.0252710059285164,2.8771979957818985,2.8771979957818985
2026-08-30T13:59:47.624Z,6380.07,500,1.8117929995059967,5.110768996179104,5.270138002932072,11.213092997670174,50,1.8853729963302612,2.075101003050804,3.024957999587059,3.024957999587059
2026-08-30T13:59:57.622Z,6390.07,500,1.884832002222538,5.11709900200367,5.208757996559143,9.434170000255108,50,1.8778520002961159,2.0556119978427887,2.211310997605324,2.211310997605324
2026-08-30T14:00:07.620Z,6400.069,500,1.8933319970965385,5.102058999240398,5.203317999839783,9.33381099998951,50,1.8850330039858818,2.00654199719429,2.0578019991517067,2.0578019991517067
2026-08-30T14:00:17.624Z,6410.069,500,1.9747320041060448,5.239827997982502,5.3893880024552345,12.113210000097752,50,2.0189709961414337,2.257421001791954,2.9537680000066757,2.9537680000066757
2026-08-30T14:00:27.623Z,6420.069,500,1.9717120006680489,5.188478000462055,5.355747997760773,13.043504998087883,50,2.0396019965410233,2.248190000653267,2.3535000011324883,2.3535000011324883
2026-08-30T14:00:37.623Z,6430.07,500,1.9945320039987564,5.259867995977402,5.373397000133991,9.833779007196426,50,2.076991006731987,2.3128699958324432,9.578220002353191,9.578220002353191
2026-08-30T14:00:47.624Z,6440.07,500,1.966501995921135,5.231949001550674,5.349068000912666,11.99014999717474,50,1.9592319950461388,2.138891004025936,2.1718610003590584,2.1718610003590584
2026-08-30T14:00:57.624Z,6450.07,500,1.9057319983839989,5.158238001167774,5.410706996917725,9.566339999437332,50,1.9172319993376732,2.218570999801159,9.274852000176907,9.274852000176907
2026-08-30T14:01:07.624Z,6460.07,500,1.94879200309515,5.179949000477791,5.28617800027132,9.381991006433964,50,1.875061996281147,2.069081000983715,2.0841019973158836,2.0841019973158836
2026-08-30T14:01:17.622Z,6470.069,500,1.9289419949054718,5.179298005998135,5.381378002464771,9.467940002679825,50,1.9255120009183884,2.1191410049796104,2.185320995748043,2.185320995748043
2026-08-30T14:01:27.622Z,6480.07,500,2.0242110043764114,5.307297997176647,5.488266997039318,12.883905999362469,50,1.975171998143196,2.4252199977636337,3.4654150009155273,3.4654150009155273
2026-08-30T14:01:37.622Z,6490.069,500,1.966681994497776,5.208168998360634,5.385078005492687,9.537730000913143,50,1.9761319980025291,2.130781002342701,2.132741004228592,2.132741004228592
2026-08-30T14:01:47.624Z,6500.069,500,1.941261999309063,5.159898996353149,5.299258001148701,9.798078998923302,50,1.887743003666401,2.1266510039567947,9.417140997946262,9.417140997946262
2026-08-30T14:01:57.622Z,6510.069,500,2.010421998798847,5.314837999641895,5.406837001442909,9.82558899372816,50,2.098181001842022,2.380140006542206,2.676028996706009,2.676028996706009
2026-08-30T14:02:07.624Z,6520.069,500,1.9823519960045815,5.2586579993367195,5.3787779957056046,12.369188003242016,50,2.064272001385689,2.182880997657776,2.1971409991383553,2.1971409991383553
2026-08-30T14:02:17.623Z,6530.07,500,1.9363310039043427,5.199777998030186,5.304747000336647,12.786375999450684,50,1.9516509994864464,2.155760996043682,3.0759280025959015,3.0759280025959015
2026-08-30T14:02:27.624Z,6540.07,500,2.0818020030856133,5.384626999497414,5.6045970022678375,6.385503999888897,50,2.1140019968152046,2.346030004322529,2.8911579996347427,2.8911579996347427
2026-08-30T14:02:37.623Z,6550.07,500,1.7705329954624176,5.029308997094631,5.26791799813509,6.077155001461506,50,1.8028820008039474,1.9692220017313957,2.1545210033655167,2.1545210033655167
2026-08-30T14:02:47.624Z,6560.07,500,1.7988620027899742,5.081298999488354,5.208918005228043,8.255375996232033,50,1.8059820011258125,2.008781999349594,7.909026995301247,7.909026995301247
2026-08-30T14:02:57.623Z,6570.07,500,1.8311730027198792,5.123969003558159,5.231947995722294,8.68800400197506,50,1.906871996819973,2.096751995384693,2.158330999314785,2.158330999314785
2026-08-30T14:03:07.638Z,6580.069,500,1.9531119987368584,5.168568998575211,5.269798003137112,12.152610003948212,50,1.9381619989871979,2.1884810030460358,2.8531780019402504,2.8531780019402504
2026-08-30T14:03:17.622Z,6590.069,500,1.9710920006036758,5.255108997225761,5.4104169979691505,5.970734998583794,50,2.034920997917652,2.2306309938430786,2.3187299966812134,2.3187299966812134
2026-08-30T14:03:27.621Z,6600.069,500,2.0159219950437546,5.3114879950881,5.48445799946785,6.018744997680187,50,2.0178020000457764,2.315420001745224,5.764926001429558,5.764926001429558
2026-08-30T14:03:37.622Z,6610.069,500,1.9899820014834404,5.286658003926277,5.452287003397942,12.543297998607159,50,2.0824510008096695,2.1804810017347336,7.57591800391674,7.57591800391674
2026-08-30T14:03:47.622Z,6620.069,500,1.977622002363205,5.2964280024170876,5.455327995121479,9.995848998427391,50,2.063581995666027,2.2309210002422333,9.711800001561642,9.711800001561642
2026-08-30T14:03:57.624Z,6630.07,500,1.985102005302906,5.263957999646664,5.370318002998829,11.805679999291897,50,2.037142001092434,2.185731001198292,2.317660003900528,2.317660003900528
2026-08-30T14:04:07.624Z,6640.07,500,1.9653619974851608,5.268578000366688,5.441937007009983,12.252479001879692,50,2.057711996138096,2.3518909960985184,7.297118999063969,7.297118999063969
2026-08-30T14:04:17.623Z,6650.07,500,1.9498519971966743,5.252098001539707,5.414046995341778,9.980278998613358,50,1.9941620007157326,2.2032599970698357,9.678399994969368,9.678399994969368
2026-08-30T14:04:27.625Z,6660.071,500,1.92204200476408,5.240648999810219,5.523146994411945,74.3013110011816,50,1.9201819971203804,2.0941610038280487,2.2917499989271164,2.2917499989271164
2026-08-30T14:04:37.623Z,6670.07,500,1.9510819986462593,5.241137996315956,5.350588001310825,5.52309700101614,50,2.004911996424198,2.1677799969911575,2.279529996216297,2.279529996216297
2026-08-30T14:04:47.623Z,6680.07,500,1.976662002503872,5.224318005144596,5.295957997441292,12.932676002383232,50,2.041432000696659,2.2029310017824173,4.122143000364304,4.122143000364304
2026-08-30T14:04:57.625Z,6690.071,500,1.9686120003461838,5.243638001382351,5.345028005540371,9.898399002850056,50,2.0089719966053963,2.24652099609375,9.607790000736713,9.607790000736713
2026-08-30T14:05:07.624Z,6700.07,500,2.0122819989919662,5.2523179948329926,5.368138000369072,9.716248996555805,50,2.0194320008158684,2.2512010037899017,2.34214099496603,2.34214099496603
2026-08-30T14:05:17.623Z,6710.07,500,1.8985820040106773,5.164348006248474,5.52649699896574,10.81377499550581,50,1.9165120050311089,2.232641004025936,2.3306909948587418,2.3306909948587418
2026-08-30T14:05:27.621Z,6720.07,500,1.9523719996213913,5.179627999663353,5.389757998287678,9.561159998178482,50,2.007421001791954,2.154941000044346,2.2630600035190582,2.2630600035190582
2026-08-30T14:05:37.625Z,6730.071,500,1.9489019960165024,5.256488002836704,5.390218004584312,12.246578998863697,50,2.0439609959721565,2.246920995414257,2.3592310026288033,2.3592310026288033
2026-08-30T14:05:47.624Z,6740.07,500,1.9510719999670982,5.212089002132416,5.313628003001213,10.834985002875328,50,2.0440619960427284,2.2518909946084023,3.097867004573345,3.097867004573345
2026-08-30T14:05:57.623Z,6750.07,500,1.9571819975972176,5.240337997674942,5.370198003947735,8.700903996825218,50,1.9306810051202774,2.2086810022592545,2.2203910052776337,2.2203910052776337
2026-08-30T14:06:07.625Z,6760.07,500,1.7626730054616928,5.011988997459412,5.148548997938633,9.071972005069256,50,1.7819920033216476,2.000331997871399,2.041512005031109,2.041512005031109
2026-08-30T14:06:17.623Z,6770.071,500,1.9104919955134392,5.226838998496532,5.331557996571064,5.41626800596714,50,1.9784619957208633,2.196201004087925,2.714398004114628,2.714398004114628
2026-08-30T14:06:27.624Z,6780.07,500,1.8820619955658913,5.179598994553089,5.466567002236843,8.860063001513481,50,1.9292820021510124,2.2057199999690056,2.2635210007429123,2.2635210007429123
2026-08-30T14:06:37.624Z,6790.071,500,1.8812119960784912,5.156658001244068,5.279048003256321,8.727472998201847,50,1.8732319995760918,2.1148609966039658,2.218341000378132,2.218341000378132
2026-08-30T14:06:47.623Z,6800.071,500,1.8942219987511635,5.1910479962825775,5.299407996237278,10.886445000767708,50,1.912271998822689,2.1199310049414635,2.1450309976935387,2.1450309976935387
2026-08-30T14:06:57.623Z,6810.07,500,1.757973000407219,5.035558998584747,5.172478996217251,6.3826940059661865,50,1.785122998058796,1.9303120002150536,1.945592001080513,1.945592001080513
2026-08-30T14:07:07.624Z,6820.07,500,1.9750820025801659,5.285447999835014,5.392317995429039,11.612111002206802,50,2.022800996899605,2.218671001493931,2.2343899980187416,2.2343899980187416
2026-08-30T14:07:17.623Z,6830.07,500,1.8392829969525337,5.100527994334698,5.27232800424099,8.957642994821072,50,1.8230430036783218,2.127181001007557,2.35266100615263,2.35266100615263
2026-08-30T14:07:27.622Z,6840.07,500,1.780631996691227,5.110768996179104,5.433997996151447,11.264462999999523,50,1.7810430005192757,2.2275109961628914,5.136448003351688,5.136448003351688
2026-08-30T14:07:37.623Z,6850.071,500,1.9583519995212555,5.221958003938198,5.311358004808426,9.020732000470161,50,1.9213019981980324,2.2139610052108765,2.337110996246338,2.337110996246338
2026-08-30T14:07:47.625Z,6860.071,500,1.974082000553608,5.246867999434471,5.3616180047392845,8.605604000389576,50,1.9776520058512688,2.240059994161129,2.363469995558262,2.363469995558262
2026-08-30T14:07:57.623Z,6870.07,500,1.8979419991374016,5.171047002077103,5.357718005776405,9.140903994441032,50,1.941091999411583,2.1021509990096092,8.871823996305466,8.871823996305466
2026-08-30T14:08:07.623Z,6880.07,500,1.8459389954805374,5.052635997533798,5.180886000394821,8.547314003109932,50,1.8514690026640892,2.0811990052461624,2.227079004049301,2.227079004049301
2026-08-30T14:08:17.623Z,6890.071,500,1.840278998017311,5.131866000592709,5.450465999543667,9.849403001368046,50,1.8863790035247803,2.1479179933667183,3.180077999830246,3.180077999830246
2026-08-30T14:08:27.625Z,6900.071,500,1.7588889971375465,5.004985995590687,5.203216001391411,9.845403000712395,50,1.7664690017700195,1.9535380005836487,1.9861290007829666,1.9861290007829666
2026-08-30T14:08:37.623Z,6910.07,500,1.861407995223999,5.16253599524498,5.270195998251438,9.380162999033928,50,1.9186889976263046,2.093258999288082,9.115753002464771,9.115753002464771
2026-08-30T14:08:47.623Z,6920.07,500,1.8882689997553825,5.127775996923447,5.251215994358063,8.79831399768591,50,1.9241689965128899,2.1377879977226257,3.29568699747324,3.29568699747324
2026-08-30T14:08:57.624Z,6930.071,500,1.937339000403881,5.270897001028061,5.492126002907753,11.187862001359463,50,1.9232280030846596,2.3582279980182648,3.2139069959521294,3.2139069959521294
2026-08-30T14:09:07.626Z,6940.072,500,1.8305889964103699,5.072026006877422,5.251217000186443,8.113254003226757,50,1.8835680037736893,2.0667579993605614,2.1971680000424385,2.1971680000424385
2026-08-30T14:09:17.626Z,6950.071,500,1.809758998453617,5.083767004311085,5.23904699832201,7.958834998309612,50,1.889217995107174,2.1453590020537376,2.215878002345562,2.215878002345562
2026-08-30T14:09:27.622Z,6960.071,500,2.0840880051255226,5.4048459976911545,5.5389960035681725,9.149082995951176,50,2.075147993862629,2.4906780049204826,2.5044379979372025,2.5044379979372025
2026-08-30T14:09:37.624Z,6970.072,500,2.082957997918129,5.465657003223896,5.574266001582146,9.454592995345592,50,2.085808001458645,2.3227480053901672,2.9243780001997948,2.9243780001997948
2026-08-30T14:09:47.625Z,6980.072,500,2.093229003250599,5.432966001331806,5.578575998544693,8.64622399955988,50,2.0812380015850067,2.294397994875908,2.5633179992437363,2.5633179992437363
2026-08-30T14:09:57.625Z,6990.073,500,1.8700690045952797,5.1364660039544106,5.303095996379852,12.233420997858047,50,1.9326480031013489,2.1323390007019043,2.1848889961838722,2.1848889961838722
2026-08-30T14:10:07.627Z,7000.072,500,1.8527280017733574,5.142485998570919,5.5144870057702065,11.234501995146275,50,1.9147690013051033,2.1649489998817444,2.2854079976677895,2.2854079976677895
2026-08-30T14:10:17.626Z,7010.072,500,1.9450189992785454,5.1666470021009445,5.294565998017788,8.907343000173569,50,1.9490589946508408,2.14155799895525,2.2050490006804466,2.2050490006804466
2026-08-30T14:10:27.625Z,7020.073,500,1.900288000702858,5.144166000187397,5.379005998373032,12.311881005764008,50,1.9144380018115044,2.121908001601696,2.2508289963006973,2.2508289963006973
2026-08-30T14:10:37.625Z,7030.072,500,1.9015390053391457,5.140657000243664,5.234315998852253,5.967065006494522,50,1.9079879969358444,2.036069005727768,3.4941979944705963,3.4941979944705963
2026-08-30T14:10:47.625Z,7040.072,500,1.8806890025734901,5.068845994770527,5.281545996665955,12.138831995427608,50,1.910298004746437,2.0473980009555817,2.834357999265194,2.834357999265194
2026-08-30T14:10:57.625Z,7050.072,500,2.028007999062538,5.286945998668671,5.441636994481087,11.572322003543377,50,2.0794180035591125,2.2695480063557625,3.6039879992604256,3.6039879992604256
2026-08-30T14:11:07.625Z,7060.072,500,1.9813089966773987,5.2189159989356995,5.347446002066135,11.203961998224258,50,2.052038997411728,2.2868380025029182,3.3171980008482933,3.3171980008482933
2026-08-30T14:11:17.625Z,7070.073,500,1.9852980002760887,5.275255993008614,5.348216004669666,11.626391001045704,50,2.020868994295597,2.246598996222019,3.5754970014095306,3.5754970014095306
2026-08-30T14:11:27.625Z,7080.073,500,1.9560889974236488,5.23556599766016,5.461536005139351,10.744111999869347,50,1.9614190012216568,2.1689179986715317,3.411068007349968,3.411068007349968
2026-08-30T14:11:37.626Z,7090.072,500,1.9719489961862564,5.268016003072262,5.36294599622488,6.033655993640423,50,2.0674379989504814,2.2869779989123344,3.1931079998612404,3.1931079998612404
2026-08-30T14:11:47.626Z,7100.072,500,1.9757390022277832,5.295536994934082,5.483535997569561,9.657893002033234,50,2.0205990001559258,2.246738001704216,2.360957995057106,2.360957995057106
2026-08-30T14:11:57.625Z,7110.073,500,1.8950389996170998,5.194736003875732,5.398745998740196,67.56623200327158,50,1.8717179968953133,2.1563479974865913,2.212998002767563,2.212998002767563
2026-08-30T14:12:07.625Z,7120.073,500,1.9089989960193634,5.126007005572319,5.3146959990262985,12.111022002995014,50,1.8852589949965477,2.11540899425745,2.1643180027604103,2.1643180027604103
2026-08-30T14:12:17.626Z,7130.072,500,2.00101900100708,5.254316002130508,5.507706001400948,9.718692995607853,50,2.0731189996004105,2.221459001302719,2.3553579971194267,2.3553579971194267
2026-08-30T14:12:27.627Z,7140.073,500,1.9587889984250069,5.2230269983410835,5.414265997707844,10.8552919998765,50,2.0347989946603775,2.190479002892971,2.2585180029273033,2.2585180029273033
2026-08-30T14:12:37.626Z,7150.072,500,1.9799490049481392,5.311116002500057,5.471866004168987,10.028043001890182,50,2.048897996544838,2.208747997879982,2.706657998263836,2.706657998263836
2026-08-30T14:12:47.628Z,7160.073,500,2.028269000351429,5.261315993964672,5.354655995965004,12.903971001505852,50,2.0640179961919785,2.1941090002655983,2.211998000741005,2.211998000741005
2026-08-30T14:12:57.627Z,7170.073,500,1.9853589981794357,5.242807000875473,5.36939600110054,6.1887950003147125,50,2.0691879987716675,2.266568996012211,2.714777998626232,2.714777998626232
2026-08-30T14:13:07.626Z,7180.073,500,2.0019179955124855,5.268886998295784,5.420985996723175,12.370861999690533,50,2.0376389995217323,2.2228280007839203,2.365038000047207,2.365038000047207
2026-08-30T14:13:17.628Z,7190.074,500,1.8243680000305176,5.052036002278328,5.235406994819641,11.130202002823353,50,1.8271080031991005,2.1308479979634285,3.1958779990673065,3.1958779990673065
2026-08-30T14:13:27.625Z,7200.074,500,1.963647998869419,5.305395998060703,5.471306003630161,9.403603002429008,50,1.9346690028905869,2.4873180016875267,5.080206997692585,5.080206997692585
2026-08-30T14:13:37.626Z,7210.073,500,1.9574289992451668,5.201016001403332,5.327126003801823,5.487446002662182,50,1.9511789977550507,2.126679003238678,2.4859779998660088,2.4859779998660088
2026-08-30T14:13:47.627Z,7220.073,500,2.04084799438715,5.351096004247665,6.331765003502369,12.089141003787518,50,2.0689880028367043,2.336199000477791,2.359667994081974,2.359667994081974
2026-08-30T14:13:57.626Z,7230.074,500,1.959138996899128,5.166925996541977,6.284024998545647,8.582634001970291,50,1.9586080014705658,2.1155979931354523,2.2641480043530464,2.2641480043530464
2026-08-30T14:14:07.626Z,7240.074,500,1.9716489985585213,5.2557860016822815,5.445776000618935,11.280171997845173,50,2.0667489990592003,2.239377997815609,2.9249280020594597,2.9249280020594597
2026-08-30T14:14:17.627Z,7250.073,500,2.061278000473976,5.37474600225687,5.477625995874405,9.63757299631834,50,2.148469001054764,2.3129789978265762,2.3818280026316643,2.3818280026316643
2026-08-30T14:14:27.627Z,7260.073,500,2.027698002755642,5.294107005000114,5.40794599801302,13.212361000478268,50,2.054197996854782,2.2030880004167557,2.3487679958343506,2.3487679958343506
2026-08-30T14:14:37.626Z,7270.073,500,1.8007979989051819,5.034365996718407,5.322796002030373,5.931875996291637,50,1.7997679933905602,2.064468003809452,2.2018079981207848,2.2018079981207848
2026-08-30T14:14:47.627Z,7280.073,500,1.9440890029072762,5.215897001326084,5.432456001639366,11.026642002165318,50,1.9612690061330795,2.156488999724388,5.540245994925499,5.540245994925499
2026-08-30T14:14:57.626Z,7290.073,500,1.989147998392582,5.243907004594803,5.426435999572277,12.556451000273228,50,2.032618999481201,2.1927279978990555,2.340048000216484,2.340048000216484
2026-08-30T14:15:07.627Z,7300.073,500,1.993438996374607,5.240345999598503,5.412745997309685,10.582012005150318,50,2.0483679994940758,2.200817994773388,7.419485002756119,7.419485002756119
2026-08-30T14:15:17.626Z,7310.074,500,1.9938690066337585,5.219056002795696,5.276616007089615,12.84128100425005,50,2.0517389997839928,2.245779000222683,2.709178000688553,2.709178000688553
2026-08-30T14:15:27.626Z,7320.073,500,1.9450080022215843,5.192966006696224,5.374145999550819,9.800533004105091,50,1.935249000787735,2.182989001274109,2.2666980028152466,2.2666980028152466
2026-08-30T14:15:37.626Z,7330.073,500,2.062209002673626,5.311926998198032,5.484425999224186,10.256632998585701,50,2.028708003461361,2.3551490008831024,9.977483004331589,9.977483004331589
2026-08-30T14:15:47.626Z,7340.074,500,2.0119090005755424,5.301385998725891,5.465286001563072,8.786872997879982,50,2.080577999353409,2.3374379947781563,2.3461380004882812,2.3461380004882812
2026-08-30T14:15:57.628Z,7350.074,500,2.0076889991760254,5.301306001842022,5.47333499789238,9.068183995783329,50,2.0758989974856377,2.313739001750946,8.80316399782896,8.80316399782896
2026-08-30T14:16:07.626Z,7360.074,500,1.9460079967975616,5.205125994980335,5.472726002335548,11.016272000968456,50,1.9840990006923676,2.23250799626112,8.860873997211456,8.860873997211456
2026-08-30T14:16:17.629Z,7370.075,500,2.0049389973282814,5.263835996389389,5.515776000916958,8.983683995902538,50,2.0431680008769035,2.193919003009796,2.2974290028214455,2.2974290028214455
2026-08-30T14:16:27.629Z,7380.076,500,1.9811979979276657,5.263705998659134,5.333506003022194,12.096231997013092,50,2.0670989975333214,2.3714979961514473,8.719813995063305,8.719813995063305
2026-08-30T14:16:37.629Z,7390.075,500,1.7784689962863922,5.0034359991550446,5.313806004822254,8.126313999295235,50,1.747248001396656,2.1400989964604378,2.554117999970913,2.554117999970913
2026-08-30T14:16:47.629Z,7400.076,500,2.007099002599716,5.2840659990906715,5.477816000580788,11.246371999382973,50,1.9611780047416687,2.133668005466461,2.3854980021715164,2.3854980021715164
2026-08-30T14:16:57.630Z,7410.077,500,1.94377900660038,5.25764599442482,5.41176600009203,6.748745001852512,50,1.972069002687931,2.216268002986908,2.7646379992365837,2.7646379992365837
2026-08-30T14:17:07.630Z,7420.076,500,2.0689189955592155,5.371506005525589,5.519486002624035,10.580343000590801,50,2.0945279970765114,2.3824080005288124,2.4842990040779114,2.4842990040779114
2026-08-30T14:17:17.629Z,7430.076,500,2.0247990041971207,5.286205999553204,5.411786004900932,13.19591099768877,50,2.056529000401497,2.2952290028333664,2.3740889951586723,2.3740889951586723
2026-08-30T14:17:27.630Z,7440.077,500,1.9825989976525307,5.233245998620987,5.3098069950938225,12.162520997226238,50,1.9489990025758743,2.1861779987812042,2.3643380030989647,2.3643380030989647
2026-08-30T14:17:37.631Z,7450.076,500,1.9803390055894852,5.238576993346214,5.343065999448299,11.360381998121738,50,2.0809580013155937,2.2831889986991882,3.406138002872467,3.406138002872467
2026-08-30T14:17:47.631Z,7460.076,500,1.8709790036082268,5.144225999712944,5.374246001243591,8.85784400254488,50,1.9549579992890358,2.159419000148773,2.393748000264168,2.393748000264168
2026-08-30T14:17:57.629Z,7470.076,500,1.962968997657299,5.189985997974873,5.314176000654697,10.372312001883984,50,1.9502179995179176,2.176998995244503,10.106613002717495,10.106613002717495
2026-08-30T14:18:07.631Z,7480.077,500,1.879429005086422,5.153466999530792,5.374347001314163,11.32677199691534,50,1.93087899684906,2.366177998483181,8.70932400226593,8.70932400226593
2026-08-30T14:18:17.630Z,7490.077,500,1.8842890039086342,5.210135996341705,5.331227004528046,8.76138299703598,50,1.9539979994297028,2.213188998401165,2.4065579995512962,2.4065579995512962
2026-08-30T14:18:27.631Z,7500.077,500,1.7824079990386963,4.974735997617245,5.429196000099182,12.068931005895138,50,1.802118994295597,2.120177999138832,2.2940789982676506,2.2940789982676506
2026-08-30T14:18:37.629Z,7510.076,500,1.93698800355196,5.201736003160477,5.92416600137949,44.364248000085354,50,1.9432490020990372,2.1689289957284927,3.4170380011200905,3.4170380011200905
2026-08-30T14:18:47.631Z,7520.077,500,2.0177990049123764,5.2892860025167465,5.40803600102663,9.120433002710342,50,2.034919001162052,2.361098997294903,8.849403001368046,8.849403001368046
2026-08-30T14:18:57.629Z,7530.076,500,1.78557800501585,5.065976999700069,5.234246000647545,7.986473999917507,50,1.7827389985322952,1.9359989985823631,1.997088998556137,1.997088998556137
2026-08-30T14:19:07.631Z,7540.077,500,1.7534990012645721,5.025105997920036,5.156375996768475,8.043024003505707,50,1.746229000389576,1.9845490008592606,2.522348001599312,2.522348001599312
2026-08-30T14:19:17.629Z,7550.077,500,1.7648489996790886,5.011626996099949,5.170035995543003,5.2852360010147095,50,1.7751489952206612,1.9242179989814758,1.9923290014266968,1.9923290014266968
2026-08-30T14:19:27.628Z,7560.077,500,1.897427998483181,5.209887005388737,5.455196000635624,5.71577600389719,50,1.9410089999437332,2.310189001262188,4.940116994082928,4.940116994082928
2026-08-30T14:19:37.630Z,7570.077,500,1.9588690027594566,5.263236999511719,5.521866001188755,9.416552998125553,50,2.029357999563217,2.3501079976558685,9.147303000092506,9.147303000092506
2026-08-30T14:19:47.632Z,7580.078,500,2.0151690021157265,5.233235999941826,5.351795993745327,6.572356000542641,50,2.0209590047597885,2.1416589990258217,2.149027995765209,2.149027995765209
2026-08-30T14:19:57.631Z,7590.078,500,1.9900289997458458,5.266956001520157,5.407067000865936,12.667520999908447,50,1.9751479998230934,2.1986979991197586,3.424267999827862,3.424267999827862
2026-08-30T14:20:07.631Z,7600.078,500,2.113018997013569,5.473715998232365,5.605506002902985,12.334301002323627,50,2.1974290013313293,2.373227998614311,2.5157980024814606,2.5157980024814606
2026-08-30T14:20:17.633Z,7610.079,500,2.124548003077507,5.440856002271175,5.557186000049114,9.200583003461361,50,2.1652479991316795,2.3555879965424538,2.426487997174263,2.426487997174263
2026-08-30T14:20:27.631Z,7620.079,500,2.046298995614052,5.354095995426178,5.579885996878147,11.106201998889446,50,2.0358189940452576,2.3183880001306534,2.392597995698452,2.392597995698452
2026-08-30T14:20:37.633Z,7630.078,500,1.8098789975047112,5.084486998617649,5.339046001434326,12.095741003751755,50,1.8319090008735657,2.0454979985952377,2.085698999464512,2.085698999464512
2026-08-30T14:20:47.631Z,7640.078,500,1.904168002307415,5.152166001498699,5.383585996925831,8.741354003548622,50,1.9170189946889877,2.1976279988884926,2.2998090013861656,2.2998090013861656
2026-08-30T14:20:57.631Z,7650.079,500,1.9908090010285378,5.267926000058651,5.464956000447273,12.112311005592346,50,1.9983379989862442,2.2214479967951775,2.4130780026316643,2.4130780026316643
2026-08-30T14:21:07.633Z,7660.079,500,1.9782880023121834,5.1823369935154915,5.323045998811722,10.630782000720501,50,1.9801390022039413,2.2018890008330345,2.345439001917839,2.345439001917839
2026-08-30T14:21:17.631Z,7670.079,500,2.002829000353813,5.258135996758938,5.443245999515057,11.52377200126648,50,2.062338002026081,2.3117489963769913,3.3284870013594627,3.3284870013594627
2026-08-30T14:21:27.630Z,7680.079,500,1.9802379980683327,5.2825950011610985,5.41397500038147,9.161462001502514,50,2.022007994353771,2.245708003640175,2.3023980036377907,2.3023980036377907
2026-08-30T14:21:37.632Z,7690.078,500,1.8196289986371994,5.156325004994869,5.433865003287792,12.257030002772808,50,1.828867994248867,2.239137999713421,2.277998000383377,2.277998000383377
2026-08-30T14:21:47.631Z,7700.078,500,1.8732879981398582,5.187624998390675,5.386385001242161,12.657599002122879,50,1.8482579961419106,2.1667979955673218,2.20957800000906,2.20957800000906
2026-08-30T14:21:57.633Z,7710.079,500,1.9415079951286316,5.218035005033016,5.377005994319916,8.043362997472286,50,1.9947579950094223,2.2667580023407936,7.204024001955986,7.204024001955986
2026-08-30T14:22:07.631Z,7720.078,500,1.8264679983258247,5.1481659933924675,5.358124993741512,8.481192000210285,50,1.8380790054798126,2.1343079954385757,2.3501779958605766,2.3501779958605766
2026-08-30T14:22:17.631Z,7730.079,500,1.8851979970932007,5.151216000318527,5.326974995434284,11.624090000987053,50,1.8480880036950111,2.1127680018544197,2.1605679988861084,2.1605679988861084
2026-08-30T14:22:27.631Z,7740.078,500,1.8246790021657944,5.084505997598171,5.2836659997701645,5.393945001065731,50,1.860777996480465,2.0896690040826797,2.205237999558449,2.205237999558449
2026-08-30T14:22:37.633Z,7750.079,500,1.9169190004467964,5.155436001718044,5.373755998909473,8.795832000672817,50,1.935988001525402,2.202317997813225,2.9834370017051697,2.9834370017051697
2026-08-30T14:22:47.632Z,7760.078,500,2.0295989960432053,5.331574998795986,5.457515001296997,9.148152001202106,50,2.089667998254299,2.362957999110222,8.843532994389534,8.843532994389534
2026-08-30T14:22:57.631Z,7770.079,500,2.050408996641636,5.3121649995446205,5.449545003473759,8.680501997470856,50,2.0789180025458336,2.366888001561165,8.383023001253605,8.383023001253605
2026-08-30T14:23:07.633Z,7780.079,500,1.7817789986729622,5.063035994768143,5.215755999088287,12.000560000538826,50,1.8066780045628548,2.0474679991602898,8.320182003080845,8.320182003080845
2026-08-30T14:23:17.633Z,7790.079,500,1.966549001634121,5.222415998578072,5.343365006148815,11.319070003926754,50,2.0064579993486404,2.177639000117779,3.705546997487545,3.705546997487545
2026-08-30T14:23:27.630Z,7800.078,500,1.982127994298935,5.278776004910469,5.507376000285149,10.984021000564098,50,1.9536179974675179,2.5160479992628098,8.76571200042963,8.76571200042963
2026-08-30T14:23:37.631Z,7810.078,500,1.9125379994511604,5.157794997096062,5.686855003237724,11.17621000111103,50,1.9503180012106895,2.274888001382351,2.866957999765873,2.866957999765873
2026-08-30T14:23:47.633Z,7820.079,500,1.8854179978370667,5.120974995195866,5.313415005803108,10.330470994114876,50,1.8805280029773712,2.0729079991579056,2.9094770029187202,2.9094770029187202
2026-08-30T14:23:57.632Z,7830.079,500,1.9724680036306381,5.2165049985051155,5.297464996576309,8.75993199646473,50,2.0578490048646927,2.2806579992175102,3.074186995625496,3.074186995625496
2026-08-30T14:24:07.634Z,7840.081,500,1.9659079983830452,5.239425003528595,5.356815993785858,10.744829997420311,50,1.9802479967474937,2.1958680003881454,3.361296996474266,3.361296996474266
2026-08-30T14:24:17.636Z,7850.082,500,2.0958479940891266,5.481804996728897,5.607514999806881,11.211231000721455,50,2.1282579973340034,2.341747999191284,3.2879069969058037,3.2879069969058037
2026-08-30T14:24:27.634Z,7860.081,501,1.9799690023064613,5.217675000429153,5.52573499828577,50.15734700113535,50,1.9929579943418503,2.1784590035676956,10.951499998569489,10.951499998569489
2026-08-30T14:24:37.633Z,7870.082,499,1.9794480055570602,5.222666002810001,5.354045003652573,11.114029996097088,50,1.8772689998149872,2.1169080063700676,2.187398001551628,2.187398001551628
2026-08-30T14:24:47.635Z,7880.082,500,2.0026680007576942,5.238245002925396,5.364094994962215,8.840681999921799,50,1.93562900274992,2.1685580015182495,2.300797998905182,2.300797998905182
2026-08-30T14:24:57.637Z,7890.083,501,1.9805479943752289,5.232995994389057,5.313805997371674,8.979822002351284,50,1.9659089967608452,2.142297998070717,2.163147993385792,2.163147993385792
2026-08-30T14:25:07.635Z,7900.082,499,2.0003479942679405,5.264236003160477,5.3383049964904785,6.831073999404907,50,2.003379002213478,2.1371980011463165,2.241807997226715,2.241807997226715
2026-08-30T14:25:17.635Z,7910.083,501,2.0339780002832413,5.3170550018548965,5.451795004308224,9.809122003614902,50,1.9849880039691925,2.2302279993891716,3.577707000076771,3.577707000076771
2026-08-30T14:25:27.635Z,7920.082,499,2.0155880004167557,5.298754997551441,5.419485002756119,12.341298997402191,50,2.088928997516632,2.3284980058670044,2.7026380002498627,2.7026380002498627
2026-08-30T14:25:37.636Z,7930.082,500,2.0023379996418953,5.3038360029459,5.431465998291969,6.261114001274109,50,2.0789790004491806,2.212728001177311,2.4204979985952377,2.4204979985952377
2026-08-30T14:25:47.635Z,7940.082,500,1.9628979936242104,5.235964998602867,5.45448499917984,8.585282996296883,50,1.9791480004787445,2.2867179960012436,3.9617870002985,3.9617870002985
2026-08-30T14:25:57.636Z,7950.083,501,2.0050479993224144,5.266465000808239,5.516484998166561,10.49371100217104,50,2.0484680011868477,2.1932379975914955,2.3233980014920235,2.3233980014920235
2026-08-30T14:26:07.635Z,7960.083,500,2.056907996535301,5.3464950025081635,5.433625005185604,9.587691999971867,50,2.0692089945077896,2.3246079981327057,2.391527995467186,2.391527995467186
2026-08-30T14:26:17.635Z,7970.082,499,2.0104179978370667,5.248865999281406,5.447504997253418,12.15201000124216,50,2.0751689970493317,2.2707480043172836,2.3509079962968826,2.3509079962968826
2026-08-30T14:26:27.635Z,7980.082,501,1.9870580062270164,5.260315999388695,5.372715003788471,9.801231004297733,50,1.993638001382351,2.1375579982995987,3.1507179960608482,3.1507179960608482
2026-08-30T14:26:37.637Z,7990.082,500,2.0071889981627464,5.279934994876385,5.423895001411438,9.578671000897884,50,2.0743089988827705,2.33610799908638,2.6668980047106743,2.6668980047106743
2026-08-30T14:26:47.637Z,8000.083,500,1.988257996737957,5.271515995264053,5.383654996752739,7.6457230001688,50,2.0768579989671707,2.274467997252941,2.339547999203205,2.339547999203205
2026-08-30T14:26:57.635Z,8010.082,500,2.0443779975175858,5.358385995030403,5.46102499961853,11.362539999186993,50,2.126648001372814,2.2823679968714714,3.0091879963874817,3.0091879963874817
2026-08-30T14:27:07.636Z,8020.082,499,2.035588003695011,5.361565999686718,5.518844999372959,10.053171999752522,50,2.0150480046868324,2.2292990013957024,9.764381997287273,9.764381997287273
2026-08-30T14:27:17.635Z,8030.083,501,2.044217996299267,5.361845999956131,5.4748750030994415,9.690921999514103,50,2.1108679994940758,2.269767999649048,2.4040979966521263,2.4040979966521263
2026-08-30T14:27:27.635Z,8040.083,500,2.0259180068969727,5.356626003980637,5.560935005545616,7.422903001308441,50,2.1016279980540276,2.420797996222973,2.7997080013155937,2.7997080013155937
2026-08-30T14:27:37.638Z,8050.084,500,1.9741780012845993,5.271985001862049,5.377066001296043,9.931941002607346,50,1.9878180027008057,2.328167997300625,2.463716998696327,2.463716998696327
2026-08-30T14:27:47.636Z,8060.083,500,1.9751280024647713,5.215736001729965,5.363765999674797,9.658052004873753,50,2.0363779962062836,2.2341380044817924,2.3291980028152466,2.3291980028152466
2026-08-30T14:27:57.637Z,8070.083,500,2.0436479970812798,5.304444998502731,5.414635002613068,12.046599999070168,50,2.1305579990148544,2.314038001000881,2.3857780024409294,2.3857780024409294
2026-08-30T14:28:07.637Z,8080.084,500,2.0071379989385605,5.2509559988975525,5.373075000941753,12.137179993093014,50,2.048378996551037,2.2475579977035522,2.3525980040431023,2.3525980040431023
2026-08-30T14:28:17.636Z,8090.083,500,2.0356879979372025,5.297335997223854,5.453855000436306,12.271269001066685,50,2.0325279980897903,2.252168007194996,2.343148000538349,2.343148000538349
2026-08-30T14:28:27.637Z,8100.083,500,2.004049003124237,5.248755998909473,5.409365996718407,12.35444899648428,50,2.0365579947829247,2.250719003379345,2.3420479968190193,2.3420479968190193
2026-08-30T14:28:37.636Z,8110.084,500,1.9727680012583733,5.265995003283024,5.4397450014948845,5.983534000813961,50,2.0949679985642433,2.213508002460003,2.256419003009796,2.256419003009796
2026-08-30T14:28:47.636Z,8120.083,500,1.7598289996385574,5.020576000213623,5.1531059965491295,8.810503005981445,50,1.775407999753952,1.990887999534607,2.0074479952454567,2.0074479952454567
2026-08-30T14:28:57.638Z,8130.084,500,1.9009290039539337,5.186175003647804,5.368744999170303,8.056623004376888,50,1.9172490015625954,2.1656880006194115,2.217298001050949,2.217298001050949
2026-08-30T14:29:07.638Z,8140.084,500,1.7762179970741272,5.037306003272533,5.121765002608299,11.384709998965263,50,1.810238003730774,1.9335889965295792,2.0985089987516403,2.0985089987516403
2026-08-30T14:29:17.638Z,8150.083,500,1.9172280058264732,5.178026005625725,5.339565001428127,8.776872999966145,50,1.9481189996004105,2.1402790024876595,2.3471179977059364,2.3471179977059364
2026-08-30T14:29:27.636Z,8160.083,500,1.9750789999961853,5.239615000784397,5.451735004782677,11.105599999427795,50,2.051707997918129,2.2644079998135567,8.777562998235226,8.777562998235226
2026-08-30T14:29:37.636Z,8170.083,500,1.9676179960370064,5.208006002008915,5.421384997665882,12.475498996675014,50,1.9901379942893982,2.151178002357483,2.161978006362915,2.161978006362915
2026-08-30T14:29:47.637Z,8180.083,500,2.1075180023908615,5.422435998916626,5.563654996454716,11.959520004689693,50,2.1905879974365234,2.487767994403839,3.0980469956994057,3.0980469956994057
2026-08-30T14:29:57.637Z,8190.083,500,1.8949880003929138,5.181735999882221,5.37992499768734,9.045022003352642,50,1.8983590006828308,2.1031590029597282,8.575613006949425,8.575613006949425
2026-08-30T14:30:07.636Z,8200.083,500,1.9165279939770699,5.156235001981258,5.337585002183914,12.305270001292229,50,1.8868980035185814,2.07973799854517,2.171967998147011,2.171967998147011
2026-08-30T14:30:17.636Z,8210.083,500,1.9786679968237877,5.2419149950146675,5.371895000338554,9.062182001769543,50,2.063579000532627,2.2835779935121536,2.3561270013451576,2.3561270013451576
2026-08-30T14:30:27.638Z,8220.084,500,1.9705090001225471,5.215734995901585,5.355726003646851,8.847592003643513,50,1.9956879988312721,2.2576680034399033,2.3587980046868324,2.3587980046868324
2026-08-30T14:30:37.638Z,8230.084,500,2.0012089982628822,5.264284998178482,5.3977649956941605,8.949511997401714,50,2.061328999698162,2.3012180030345917,2.3696579933166504,2.3696579933166504
2026-08-30T14:30:47.637Z,8240.084,500,1.9997380003333092,5.225834995508194,5.350724995136261,11.306590996682644,50,2.000788003206253,2.1965790018439293,2.302667997777462,2.302667997777462
2026-08-30T14:30:57.638Z,8250.084,500,1.8097779974341393,5.081406004726887,5.2529250010848045,9.788861997425556,50,1.7978090047836304,2.0864279940724373,2.0968279987573624,2.0968279987573624
2026-08-30T14:31:07.639Z,8260.085,500,1.7424889951944351,5.027975000441074,5.791315004229546,67.58078200370073,50,1.7826879993081093,1.9720180034637451,26.305417001247406,26.305417001247406
2026-08-30T14:31:17.638Z,8270.085,500,1.8546379953622818,5.181295000016689,5.377875000238419,8.6407919973135,50,1.8641379997134209,2.2089880034327507,2.2555980011820793,2.2555980011820793
2026-08-30T14:31:27.636Z,8280.085,500,1.9845879971981049,5.239294998347759,5.4491860046982765,9.66075100004673,50,1.9976080060005188,2.2792579978704453,5.252334997057915,5.252334997057915
2026-08-30T14:31:37.638Z,8290.085,500,1.9802879989147186,5.237085998058319,5.399255000054836,10.94268000125885,50,2.053577996790409,2.2889779955148697,2.3187279999256134,2.3187279999256134
2026-08-30T14:31:47.639Z,8300.085,500,2.028218999505043,5.285464994609356,5.466014996170998,9.73191200196743,50,2.056968003511429,2.2209279984235764,2.281568005681038,2.281568005681038
2026-08-30T14:31:57.638Z,8310.085,500,1.958417996764183,5.1879450008273125,5.280815996229649,9.535292007029057,50,1.94063900411129,2.2320080026984215,2.3584780022501945,2.3584780022501945
2026-08-30T14:32:07.638Z,8320.086,500,1.7907580062747002,5.024376004934311,5.28541499376297,8.760252997279167,50,1.8033180013298988,2.083747997879982,2.195608004927635,2.195608004927635
2026-08-30T14:32:17.638Z,8330.086,500,1.9764279946684837,5.2257160022854805,5.361015997827053,12.045560002326965,50,1.902318000793457,2.1562480032444,2.277787998318672,2.277787998318672
2026-08-30T14:32:27.638Z,8340.086,500,1.777538001537323,5.0353560000658035,5.22800599783659,11.855650000274181,50,1.8029289990663528,2.2152280062437057,8.086392998695374,8.086392998695374
2026-08-30T14:32:37.640Z,8350.086,500,1.9604090005159378,5.21518499404192,5.331926003098488,5.567375995218754,50,2.0079389959573746,2.3253180012106895,2.611766993999481,2.611766993999481
2026-08-30T14:32:47.639Z,8360.086,500,1.8814979940652847,5.143146000802517,5.252004995942116,11.766920000314713,50,1.9031279981136322,2.0425779968500137,2.146067999303341,2.146067999303341
2026-08-30T14:32:57.639Z,8370.086,500,1.967839002609253,5.242685995995998,5.32795500010252,8.858962006866932,50,2.0309589952230453,2.244447998702526,2.3032980039715767,2.3032980039715767
2026-08-30T14:33:07.639Z,8380.087,500,1.9952480047941208,5.220515005290508,5.2836060002446175,5.380625002086163,50,2.031428001821041,2.23887799680233,2.6023779958486557,2.6023779958486557
2026-08-30T14:33:17.640Z,8390.086,500,1.991468995809555,5.216635003685951,5.3164360001683235,11.363560006022453,50,2.0578480064868927,2.2071380019187927,2.271407999098301,2.271407999098301
2026-08-30T14:33:27.639Z,8400.086,500,1.9165190011262894,5.1584450006484985,5.39724600315094,9.824280999600887,50,1.80349799990654,2.1870979964733124,2.3233079984784126,2.3233079984784126
2026-08-30T14:33:37.639Z,8410.087,500,1.9439779967069626,5.203265003859997,5.314985997974873,11.312259994447231,50,1.9511990025639534,2.1631890013813972,2.32243699580431,2.32243699580431
2026-08-30T14:33:47.641Z,8420.087,500,1.7759790048003197,5.0183360055089,5.173875004053116,7.9280629977583885,50,1.7909279987215996,2.0056779980659485,2.041309006512165,2.041309006512165
2026-08-30T14:33:57.639Z,8430.087,500,1.802038997411728,5.114915996789932,5.20295599848032,12.239429995417595,50,1.846099004149437,2.0760580003261566,3.070778004825115,3.070778004825115
2026-08-30T14:34:07.640Z,8440.087,500,1.774008996784687,5.025594994425774,5.180935002863407,8.290463000535965,50,1.7635690048336983,2.062068000435829,2.1410680040717125,2.1410680040717125
2026-08-30T14:34:17.641Z,8450.087,500,1.7616689950227737,4.996536001563072,5.181584998965263,8.106543004512787,50,1.7836779952049255,2.0078089982271194,2.122088000178337,2.122088000178337
2026-08-30T14:34:27.640Z,8460.087,500,1.9624390006065369,5.1549059972167015,5.376765005290508,9.099561996757984,50,1.8992790058255196,2.339008003473282,8.83688199520111,8.83688199520111
2026-08-30T14:34:37.639Z,8470.088,500,1.75050900131464,4.9987149983644485,5.111625000834465,12.026289999485016,50,1.7396280020475388,1.903379000723362,2.857986994087696,2.857986994087696
2026-08-30T14:34:47.640Z,8480.087,500,1.9551180005073547,5.270516000688076,5.417665995657444,10.760070994496346,50,1.9102989956736565,2.2320879995822906,2.3564480021595955,2.3564480021595955
2026-08-30T14:34:57.641Z,8490.087,500,1.966338001191616,5.1883950009942055,5.916724994778633,53.19928400218487,50,1.9161589965224266,2.154878005385399,2.3445179983973503,2.3445179983973503
2026-08-30T14:35:07.641Z,8500.087,500,1.930808998644352,5.228544995188713,5.421604998409748,10.577080003917217,50,1.8846880048513412,2.1615779995918274,2.2949979975819588,2.2949979975819588
2026-08-30T14:35:17.641Z,8510.088,500,1.8214579969644547,5.102935999631882,5.31988500058651,8.029192999005318,50,1.7935580015182495,2.1038479954004288,2.124198004603386,2.124198004603386
2026-08-30T14:35:27.641Z,8520.088,500,1.931327998638153,5.246714994311333,5.42323499917984,8.905703000724316,50,1.8532290011644363,2.136989004909992,6.538283996284008,6.538283996284008
2026-08-30T14:35:37.642Z,8530.088,500,2.0108679980039597,5.243024997413158,5.398874998092651,8.885553002357483,50,2.079127997159958,2.3188979998230934,2.335468001663685,2.335468001663685
2026-08-30T14:35:47.641Z,8540.089,500,1.7544590011239052,5.0264759957790375,5.147186003625393,12.140298999845982,50,1.8013880029320717,1.9738780036568642,2.0072279945015907,2.0072279945015907
2026-08-30T14:35:57.643Z,8550.089,500,1.9983379989862442,5.3159260004758835,5.404574997723103,11.9976199939847,50,2.0164889991283417,2.2003979980945587,2.3189579993486404,2.3189579993486404
2026-08-30T14:36:07.642Z,8560.089,500,1.993919000029564,5.259795993566513,5.430215999484062,11.410020001232624,50,2.0279279947280884,2.222478002309799,3.0714780017733574,3.0714780017733574
2026-08-30T14:36:17.642Z,8570.088,500,1.9890089929103851,5.245935000479221,5.395135000348091,11.808720000088215,50,2.0603379979729652,2.2898679971694946,2.319638006389141,2.319638006389141
2026-08-30T14:36:27.642Z,8580.088,500,2.028017997741699,5.3186850026249886,5.423156000673771,12.378700003027916,50,2.101639002561569,2.2339280024170876,2.394057996571064,2.394057996571064
2026-08-30T14:36:37.641Z,8590.089,500,1.8290380015969276,5.13527599722147,5.454235002398491,11.327500000596046,50,1.8144079968333244,2.139937996864319,2.244688004255295,2.244688004255295
2026-08-30T14:36:47.642Z,8600.088,500,1.77207899838686,5.035305000841618,5.137495994567871,7.543163001537323,50,1.8064590021967888,1.9274789988994598,2.093298003077507,2.093298003077507
2026-08-30T14:36:57.641Z,8610.089,500,2.0097580030560493,5.334435001015663,5.482615001499653,10.864930003881454,50,1.9528679996728897,2.215227998793125,2.2946880012750626,2.2946880012750626
2026-08-30T14:37:07.642Z,8620.089,500,1.802768997848034,5.089126005768776,5.272466003894806,9.766500994563103,50,1.8348890021443367,2.05358799546957,2.684958003461361,2.684958003461361
2026-08-30T14:37:17.641Z,8630.089,500,1.832947999238968,5.118225999176502,5.299005001783371,8.847601994872093,50,1.9062279984354973,2.1281780004501343,2.6884969994425774,2.6884969994425774
2026-08-30T14:37:27.640Z,8640.088,500,1.8664180040359497,5.120384998619556,5.285204999148846,11.125821001827717,50,1.9143889993429184,2.17671799659729,2.211808003485203,2.211808003485203
2026-08-30T14:37:37.643Z,8650.089,500,1.8765380010008812,5.212315000593662,5.386165000498295,8.227471999824047,50,1.9289790019392967,2.139667995274067,2.3542570024728775,2.3542570024728775
2026-08-30T14:37:47.642Z,8660.088,500,1.9511680006980896,5.170775003731251,5.357854999601841,11.560300000011921,50,1.9511389955878258,2.1086179986596107,2.161148004233837,2.161148004233837
2026-08-30T14:37:57.643Z,8670.089,500,2.0125880017876625,5.348344996571541,5.608324997127056,10.647321000695229,50,1.998548001050949,2.373167999088764,2.5016279965639114,2.5016279965639114
2026-08-30T14:38:07.641Z,8680.089,500,2.045057997107506,5.278804995119572,5.372294999659061,9.01860199868679,50,2.1023779958486557,2.2948179990053177,2.364817999303341,2.364817999303341
2026-08-30T14:38:17.641Z,8690.088,500,1.839487999677658,5.140486001968384,5.313254997134209,9.79314199835062,50,1.9171890020370483,2.1070979982614517,3.313918001949787,3.313918001949787
2026-08-30T14:38:27.643Z,8700.089,500,1.9034589976072311,5.17603500187397,5.298974998295307,5.962984994053841,50,1.9964379966259003,2.191818006336689,3.0204070061445236,3.0204070061445236
2026-08-30T14:38:37.643Z,8710.089,500,1.8685759976506233,5.130234993994236,9.838197000324726,90.67444900423288,50,1.8757250010967255,2.3773779943585396,72.0816420018673,72.0816420018673
2026-08-30T14:38:47.643Z,8720.089,500,1.9726160019636154,5.1976180002093315,5.346037998795509,6.419114999473095,50,1.984756000339985,2.139865003526211,2.332354001700878,2.332354001700878
2026-08-30T14:38:57.641Z,8730.089,500,1.956376001238823,5.188468001782894,5.371597997844219,12.01358199864626,50,1.933216005563736,2.1276950016617775,2.2094049975275993,2.2094049975275993
2026-08-30T14:39:07.643Z,8740.089,500,1.9469259977340698,5.184068001806736,5.356017999351025,11.92510300129652,50,1.9334059953689575,2.1004450023174286,2.179735004901886,2.179735004901886
2026-08-30T14:39:17.641Z,8750.089,500,2.018445000052452,5.267767995595932,5.4146279990673065,6.560115002095699,50,2.0289750024676323,2.1627250015735626,2.230535000562668,2.230535000562668
2026-08-30T14:39:27.639Z,8760.088,500,1.94811499863863,5.273837998509407,5.413416996598244,8.51366999745369,50,2.012884996831417,2.201214998960495,5.427338004112244,5.427338004112244
2026-08-30T14:39:37.642Z,8770.088,500,1.8810160011053085,5.152457997202873,5.468117006123066,12.311581000685692,50,1.9108459949493408,2.205995000898838,3.286182999610901,3.286182999610901
2026-08-30T14:39:47.642Z,8780.089,500,2.0491049960255623,5.351636998355389,5.520317003130913,8.176842004060745,50,2.0091450065374374,2.2510650008916855,2.315823994576931,2.315823994576931
2026-08-30T14:39:57.642Z,8790.089,500,1.9014860019087791,5.104388996958733,5.3177770003676414,8.1603310033679,50,1.9740549996495247,2.139755003154278,2.3211250007152557,2.3211250007152557
2026-08-30T14:40:07.644Z,8800.09,500,1.9513650014996529,5.198807999491692,5.40157800167799,5.706036999821663,50,1.947494998574257,2.201305001974106,2.329195000231266,2.329195000231266
2026-08-30T14:40:17.642Z,8810.089,500,1.8686449974775314,5.119998000562191,5.216067999601364,11.219713993370533,50,1.829975001513958,1.9946659952402115,2.048046000301838,2.048046000301838
2026-08-30T14:40:27.643Z,8820.089,500,1.8760350048542023,5.086047999560833,5.184058003127575,12.352340996265411,50,1.8355859965085983,2.0280359983444214,2.1227950006723404,2.1227950006723404
2026-08-30T14:40:37.642Z,8830.09,500,1.88612499833107,5.1589679941535,5.244878001511097,11.706392996013165,50,1.8904750049114227,2.1351150050759315,2.304984003305435,2.304984003305435
2026-08-30T14:40:47.643Z,8840.089,500,1.9651659950613976,5.266336999833584,5.356098003685474,10.559995003044605,50,2.0362560003995895,2.278504006564617,3.070082999765873,3.070082999765873
2026-08-30T14:40:57.642Z,8850.089,500,1.9498950019478798,5.280836999416351,5.392536997795105,8.885659001767635,50,1.978414997458458,2.124905005097389,2.172904998064041,2.172904998064041
2026-08-30T14:41:07.642Z,8860.089,500,1.9692349955439568,5.225418001413345,5.383897997438908,8.788989998400211,50,2.0045650005340576,2.220093995332718,2.2826250046491623,2.2826250046491623
2026-08-30T14:41:17.644Z,8870.089,500,1.956885002553463,5.201838001608849,5.302007004618645,7.909691005945206,50,2.046075001358986,2.174205005168915,2.2683639973402023,2.2683639973402023
2026-08-30T14:41:27.642Z,8880.089,500,1.9687149971723557,5.239218004047871,5.451818004250526,7.974582001566887,50,2.0319549962878227,2.1590550020337105,6.669454999268055,6.669454999268055
2026-08-30T14:41:37.642Z,8890.09,500,1.9459460005164146,5.246898002922535,5.345846995711327,8.11659099906683,50,1.9539350047707558,2.167814999818802,2.348853997886181,2.348853997886181
2026-08-30T14:41:47.643Z,8900.089,500,1.9452660009264946,5.2030670046806335,5.278778001666069,5.476747006177902,50,1.9760349988937378,2.166414998471737,2.7734140008687973,2.7734140008687973
2026-08-30T14:41:57.643Z,8910.089,500,1.9460749998688698,5.172848001122475,5.36268799751997,8.258540995419025,50,1.9518559947609901,2.16771499812603,2.245045006275177,2.245045006275177
2026-08-30T14:42:07.642Z,8920.089,500,1.786645993590355,5.0734080001711845,5.1847879961133,8.949268996715546,50,1.8127259984612465,2.007914997637272,2.0156049951910973,2.0156049951910973
2026-08-30T14:42:17.643Z,8930.089,500,1.8087959960103035,5.050708003342152,5.342038005590439,11.434304006397724,50,1.8420960009098053,1.984215997159481,2.5816139951348305,2.5816139951348305
2026-08-30T14:42:27.643Z,8940.09,500,1.823635995388031,5.138787999749184,5.383688002824783,9.734097003936768,50,1.8335249945521355,2.134384997189045,2.1915049999952316,2.1915049999952316
2026-08-30T14:42:37.643Z,8950.089,500,1.9857460036873817,5.290208004415035,5.515577003359795,8.182451002299786,50,2.0401950031518936,2.3103249967098236,3.4323820024728775,3.4323820024728775
2026-08-30T14:42:47.644Z,8960.09,500,1.9321359992027283,5.1391580030322075,5.436967000365257,13.020830005407333,50,1.9664949998259544,2.248375006020069,3.349872000515461,3.349872000515461
2026-08-30T14:42:57.643Z,8970.09,500,1.8893960043787956,5.1696180030703545,5.37788699567318,8.824429996311665,50,1.9487060010433197,2.2164139971137047,2.6154339984059334,2.6154339984059334
2026-08-30T14:43:07.643Z,8980.09,500,1.9864850044250488,5.286157004535198,5.401738002896309,7.664311997592449,50,2.0769450068473816,2.1897249966859818,2.420164994895458,2.420164994895458
2026-08-30T14:43:17.645Z,8990.091,500,1.9021660014986992,5.101098001003265,5.34824800491333,11.665812999010086,50,1.8608560040593147,2.169303998351097,3.3604429960250854,3.3604429960250854
2026-08-30T14:43:27.641Z,9000.09,500,1.976354993879795,5.223538003861904,5.355917997658253,9.515858002007008,50,1.9558149948716164,2.23335500061512,9.246818996965885,9.246818996965885
2026-08-30T14:43:37.643Z,9010.09,500,1.9777950048446655,5.262026995420456,5.3571780025959015,8.419979996979237,50,2.0417460054159164,2.2763139978051186,2.3487849980592728,2.3487849980592728
2026-08-30T14:43:47.644Z,9020.09,500,1.8793650045990944,5.128898002207279,5.376267001032829,9.087519004940987,50,1.8895950019359589,2.05400500446558,2.22384399920702,2.22384399920702
2026-08-30T14:43:57.643Z,9030.09,500,1.7887360006570816,5.061518996953964,5.165628001093864,12.29891199618578,50,1.78974599391222,2.00713599473238,2.0290850028395653,2.0290850028395653
2026-08-30T14:44:07.644Z,9040.091,500,2.007774993777275,5.289307996630669,5.513256996870041,10.242395997047424,50,1.8809060007333755,2.276605002582073,2.4422250017523766,2.4422250017523766
2026-08-30T14:44:17.643Z,9050.09,500,1.9631259962916374,5.2922080010175705,5.414716996252537,10.703354999423027,50,2.0469450056552887,2.229635000228882,2.3156749978661537,2.3156749978661537
2026-08-30T14:44:27.644Z,9060.09,500,1.9675959944725037,5.228987999260426,5.336507000029087,10.887853994965553,50,1.9656250029802322,2.2536749988794327,2.8940230011940002,2.8940230011940002
2026-08-30T14:44:37.644Z,9070.09,500,1.9042550027370453,5.175318002700806,5.307078003883362,8.484439998865128,50,1.9288349971175194,2.1184649989008904,2.350313998758793,2.350313998758793
2026-08-30T14:44:47.643Z,9080.09,500,1.9041950032114983,5.16448800265789,5.300797998905182,5.458787001669407,50,1.9439160004258156,2.1490850001573563,2.2036550045013428,2.2036550045013428
2026-08-30T14:44:57.646Z,9090.09,500,1.9191350042819977,5.248458005487919,5.364268004894257,6.419594995677471,50,1.983654998242855,2.167844995856285,2.2254050001502037,2.2254050001502037
2026-08-30T14:45:07.644Z,9100.09,500,1.956445999443531,5.2325170040130615,5.32073800265789,8.256131000816822,50,1.9881349951028824,2.176105000078678,2.3761840015649796,2.3761840015649796
2026-08-30T14:45:17.645Z,9110.091,500,1.9479350000619888,5.190907999873161,5.2859769985079765,8.434939995408058,50,1.9883960038423538,2.1896850019693375,2.394815005362034,2.394815005362034
2026-08-30T14:45:27.642Z,9120.09,500,1.8168549984693527,4.991668000817299,5.363637998700142,11.28983400017023,50,1.8022449985146523,2.1189649999141693,5.212257996201515,5.212257996201515
2026-08-30T14:45:37.643Z,9130.09,500,1.8090960010886192,4.990667998790741,5.29763799905777,11.316762998700142,50,1.8260560035705566,2.101834997534752,3.1423119977116585,3.1423119977116585
2026-08-30T14:45:47.644Z,9140.091,500,1.9678150042891502,5.224736995995045,5.571186996996403,52.145507998764515,50,1.9660750031471252,2.1878449991345406,2.262845002114773,2.262845002114773
2026-08-30T14:45:57.646Z,9150.092,500,1.9943550005555153,5.259567998349667,5.424367003142834,9.359758995473385,50,2.0041560009121895,2.209715001285076,8.90319999307394,8.90319999307394
2026-08-30T14:46:07.645Z,9160.092,500,1.9568649977445602,5.235468000173569,5.301838003098965,10.763034999370575,50,2.017025999724865,2.2621749937534332,2.295254997909069,2.295254997909069
2026-08-30T14:46:17.645Z,9170.092,500,1.974874995648861,5.2310080006718636,5.32786700129509,12.45398099720478,50,2.0044160038232803,2.2847440019249916,2.394904002547264,2.394904002547264
2026-08-30T14:46:27.647Z,9180.092,500,1.9567550048232079,5.221138000488281,5.380428001284599,12.329031996428967,50,1.943624995648861,2.148445002734661,2.316594995558262,2.316594995558262
2026-08-30T14:46:37.645Z,9190.093,500,1.793155997991562,5.018877997994423,5.262557998299599,8.109621994197369,50,1.7723960056900978,2.0343450009822845,2.1152549982070923,2.1152549982070923
2026-08-30T14:46:47.647Z,9200.092,500,1.8765050023794174,5.104128003120422,5.216008000075817,8.6438599973917,50,1.839126005768776,2.044375002384186,2.2049149945378304,2.2049149945378304
2026-08-30T14:46:57.647Z,9210.092,500,1.826505996286869,5.05867899954319,5.295048005878925,9.765697993338108,50,1.7924759984016418,2.053216002881527,2.67153400182724,2.67153400182724
2026-08-30T14:47:07.646Z,9220.093,500,1.8917250037193298,5.066587999463081,5.383177995681763,5.652236998081207,50,1.8927360028028488,2.039244994521141,2.6181640028953552,2.6181640028953552
2026-08-30T14:47:17.646Z,9230.093,500,1.818234995007515,5.087388001382351,5.227388001978397,5.6917160004377365,50,1.8526050001382828,2.131164997816086,2.1949450001120567,2.1949450001120567
2026-08-30T14:47:27.645Z,9240.093,500,1.9849750027060509,5.270977005362511,5.491148002445698,9.223818004131317,50,2.0371249988675117,2.275195002555847,6.063826002180576,6.063826002180576
2026-08-30T14:47:37.648Z,9250.094,500,1.9902649968862534,5.282618001103401,5.442347005009651,12.239992000162601,50,1.9956860020756721,2.2537939995527267,2.9595630019903183,2.9595630019903183
2026-08-30T14:47:47.646Z,9260.093,500,2.0730650052428246,5.393737003207207,5.532806999981403,9.076298996806145,50,2.1610850021243095,2.368324004113674,8.794988997280598,8.794988997280598
2026-08-30T14:47:57.648Z,9270.093,500,1.810126006603241,5.079258002340794,5.249297998845577,9.103478997945786,50,1.7668960019946098,2.384024001657963,2.7162239998579025,2.7162239998579025
2026-08-30T14:48:07.646Z,9280.093,500,1.9351850003004074,5.185768000781536,5.36625699698925,10.155887000262737,50,1.9239359945058823,2.0856359973549843,2.3339049965143204,2.3339049965143204
2026-08-30T14:48:17.648Z,9290.093,500,1.9336460009217262,5.175857998430729,5.33126799762249,12.329351000487804,50,1.916135996580124,2.1499149948358536,2.25925499945879,2.25925499945879
2026-08-30T14:48:27.647Z,9300.093,500,1.7973059937357903,5.032297998666763,5.32489799708128,10.944454997777939,50,1.8384159952402115,2.027825005352497,2.178995005786419,2.178995005786419
2026-08-30T14:48:37.648Z,9310.094,500,1.94548499584198,5.184118002653122,5.313498005270958,5.623586997389793,50,1.9243349954485893,2.129384994506836,2.154625006020069,2.154625006020069
2026-08-30T14:48:47.647Z,9320.093,500,1.865115001797676,5.097108006477356,5.258198000490665,9.442457996308804,50,1.8396449983119965,2.0019460022449493,2.234404996037483,2.234404996037483
2026-08-30T14:48:57.646Z,9330.093,500,1.9002759978175163,5.152477994561195,5.21620799601078,12.845461003482342,50,1.9260549992322922,2.046324998140335,2.451194003224373,2.451194003224373
2026-08-30T14:49:07.646Z,9340.093,500,1.9632060006260872,5.239087998867035,5.429297000169754,9.26613800227642,50,2.023786000907421,2.1908240020275116,2.2534049972891808,2.2534049972891808
2026-08-30T14:49:17.648Z,9350.094,500,1.8926249966025352,5.120608001947403,5.223877005279064,13.146090000867844,50,1.8991959989070892,2.0361649990081787,2.179055005311966,2.179055005311966
2026-08-30T14:49:27.646Z,9360.095,500,2.020525999367237,5.31088799983263,5.47876799851656,5.698857001960278,50,2.016805000603199,2.254984997212887,5.400967001914978,5.400967001914978
2026-08-30T14:49:37.647Z,9370.095,500,1.9725759997963905,5.2904080003499985,5.386777997016907,9.960717000067234,50,2.0825949981808662,2.32311499863863,9.704608000814915,9.704608000814915
2026-08-30T14:49:47.647Z,9380.094,500,1.9457950070500374,5.261217996478081,5.474176995456219,9.553047999739647,50,2.0338649973273277,2.1804649978876114,2.3595650047063828,2.3595650047063828
2026-08-30T14:49:57.649Z,9390.095,500,1.8861159980297089,5.174557998776436,5.269368000328541,9.459367997944355,50,1.8766060024499893,2.057166002690792,2.337734006345272,2.337734006345272
2026-08-30T14:50:07.647Z,9400.095,500,1.9029050022363663,5.13187900185585,5.2565170004963875,12.45533100515604,50,1.886015996336937,2.107064999639988,2.453823998570442,2.453823998570442
2026-08-30T14:50:17.646Z,9410.095,500,1.8781350031495094,5.108008004724979,5.283477999269962,9.435938000679016,50,1.8699559941887856,2.041175000369549,7.7963119968771935,7.7963119968771935
2026-08-30T14:50:27.649Z,9420.095,500,1.864206001162529,5.062088996171951,5.249268002808094,6.741673998534679,50,1.8620349988341331,2.118095003068447,2.2769749984145164,2.2769749984145164
2026-08-30T14:50:37.648Z,9430.096,500,1.889564998447895,5.1004379987716675,5.2316780015826225,12.654500000178814,50,1.8823850005865097,2.0704760029911995,2.1254149973392487,2.1254149973392487
2026-08-30T14:50:47.650Z,9440.096,500,1.8989059999585152,5.153577998280525,5.23989799618721,9.432088002562523,50,1.9450649991631508,2.109684996306896,2.156825006008148,2.156825006008148
2026-08-30T14:50:57.650Z,9450.096,500,1.9695060029625893,5.263037994503975,5.4061379954218864,9.119369000196457,50,2.075034998357296,2.289944998919964,2.3610439971089363,2.3610439971089363
2026-08-30T14:51:07.650Z,9460.096,500,1.9967349991202354,5.287948004901409,5.385537996888161,6.1228159964084625,50,2.0627250000834465,2.2481549978256226,3.4526719972491264,3.4526719972491264
2026-08-30T14:51:17.648Z,9470.095,500,1.9860949963331223,5.231747999787331,5.40565799921751,13.48734900355339,50,1.9958650022745132,2.289903998374939,2.761894002556801,2.761894002556801
2026-08-30T14:51:27.647Z,9480.096,500,2.0101960003376007,5.266617998480797,5.4477270022034645,7.005573995411396,50,2.0411050021648407,2.2477649971842766,5.4341869950294495,5.4341869950294495
2026-08-30T14:51:37.649Z,9490.095,500,2.0073250010609627,5.27691800147295,5.4375069960951805,11.544384002685547,50,2.08101499825716,2.2784949988126755,9.16924899816513,9.16924899816513
2026-08-30T14:51:47.649Z,9500.095,500,1.9721060022711754,5.273028001189232,5.369738005101681,11.028494000434875,50,2.017136000096798,2.3493650034070015,3.385622002184391,3.385622002184391
2026-08-30T14:51:57.649Z,9510.095,500,2.079154998064041,5.319797001779079,5.43231800198555,9.394597999751568,50,2.146755002439022,2.295835003256798,9.1163389980793,9.1163389980793
2026-08-30T14:52:07.648Z,9520.095,500,1.9440060034394264,5.228487998247147,5.420806996524334,50.45709300041199,50,1.9981350004673004,2.1594149991869926,2.321304000914097,2.321304000914097
2026-08-30T14:52:17.650Z,9530.096,500,1.981784999370575,5.196847997605801,5.367596998810768,11.630042999982834,50,2.047224998474121,2.292953997850418,5.491957999765873,5.491957999765873
2026-08-30T14:52:27.648Z,9540.095,500,2.0376660004258156,5.327468000352383,5.445948004722595,11.904692001640797,50,2.0190249979496,2.3452240005135536,9.59706799685955,9.59706799685955
2026-08-30T14:52:37.649Z,9550.096,500,2.0011560022830963,5.251907996833324,5.36412700265646,9.787087999284267,50,2.0929049998521805,2.311584994196892,9.532738000154495,9.532738000154495
2026-08-30T14:52:47.651Z,9560.097,500,2.0024959966540337,5.238047994673252,5.450176998972893,11.149934001266956,50,2.0670360028743744,2.2769649997353554,2.5815839990973473,2.5815839990973473
2026-08-30T14:52:57.651Z,9570.096,500,1.9587159976363182,5.20728799700737,5.411407001316547,12.004363000392914,50,2.02989499270916,2.235123999416828,5.695556998252869,5.695556998252869
2026-08-30T14:53:07.650Z,9580.096,500,1.930476002395153,5.161917999386787,5.373106993734837,10.771284997463226,50,1.9071660041809082,2.2149550020694733,8.74447900056839,8.74447900056839
2026-08-30T14:53:17.650Z,9590.097,500,1.8345060050487518,5.1328079998493195,5.236827999353409,8.6762899979949,50,1.901305004954338,2.068394996225834,2.1336050033569336,2.1336050033569336
2026-08-30T14:53:27.649Z,9600.097,500,1.8746460005640984,5.1078580021858215,5.280336998403072,9.004039004445076,50,1.9320949986577034,2.6808139979839325,8.718279004096985,8.718279004096985
2026-08-30T14:53:37.652Z,9610.097,500,1.739926002919674,4.947478003799915,5.0920679941773415,8.680469997227192,50,1.771816000342369,1.9734359979629517,2.100754998624325,2.100754998624325
2026-08-30T14:53:47.650Z,9620.096,500,2.0202859938144684,5.258306995034218,5.5333369970321655,10.966444998979568,50,2.0557250007987022,2.296474002301693,7.285172998905182,7.285172998905182
2026-08-30T14:53:57.649Z,9630.096,500,2.080435998737812,5.378687001764774,5.486478000879288,11.51409300416708,50,2.1542849987745285,2.3333839997649193,3.944961003959179,3.944961003959179
2026-08-30T14:54:07.650Z,9640.096,500,2.078874997794628,5.311967998743057,5.438747003674507,11.340313002467155,50,2.1299550011754036,2.353964000940323,2.4350740015506744,2.4350740015506744
2026-08-30T14:54:17.649Z,9650.097,500,1.9098559990525246,5.14741799980402,5.308108001947403,5.949715994298458,50,1.8933460041880608,2.1349050030112267,2.207024998962879,2.207024998962879
2026-08-30T14:54:27.649Z,9660.097,500,2.021295003592968,5.292066998779774,5.419486999511719,12.58177100121975,50,2.0009649991989136,2.207225002348423,2.2852740064263344,2.2852740064263344
2026-08-30T14:54:37.651Z,9670.097,500,1.9451950043439865,5.292466998100281,5.450497001409531,11.662412002682686,50,2.0046650022268295,2.2794049978256226,2.7779529988765717,2.7779529988765717
2026-08-30T14:54:47.649Z,9680.096,500,1.919565998017788,5.209337994456291,5.463217996060848,12.786670997738838,50,1.921695999801159,2.2668250054121017,2.906062997877598,2.906062997877598
2026-08-30T14:54:57.649Z,9690.096,500,2.011874996125698,5.272386997938156,5.465957000851631,12.304211005568504,50,2.052876003086567,2.3164049983024597,2.3746149986982346,2.3746149986982346
2026-08-30T14:55:07.651Z,9700.097,500,1.9931550025939941,5.275327995419502,5.429677002131939,9.679237000644207,50,2.0542149990797043,2.2771739959716797,2.4691139981150627,2.4691139981150627
2026-08-30T14:55:17.650Z,9710.096,500,2.010935999453068,5.300076998770237,5.436297997832298,6.617905005812645,50,2.058476001024246,2.300575003027916,2.3297349959611893,2.3297349959611893
2026-08-30T14:55:27.648Z,9720.097,500,2.041065998375416,5.343727000057697,5.49261699616909,12.40999099612236,50,2.0693350061774254,2.294134996831417,6.172186002135277,6.172186002135277
2026-08-30T14:55:37.649Z,9730.096,500,1.9733359962701797,5.236937999725342,5.3541480004787445,9.821347005665302,50,2.020395003259182,2.2495850026607513,2.35878399759531,2.35878399759531
2026-08-30T14:55:47.651Z,9740.097,500,2.0305569991469383,5.321061998605728,5.414986997842789,9.464526996016502,50,2.0641969963908195,2.2352649942040443,2.397726997733116,2.397726997733116
2026-08-30T14:55:57.650Z,9750.096,500,2.0260069966316223,5.300012998282909,5.489743001759052,13.333571001887321,50,2.048286996781826,2.297315999865532,2.3469870015978813,2.3469870015978813
2026-08-30T14:56:07.649Z,9760.097,500,1.9885070025920868,5.279761999845505,5.372382000088692,9.834855996072292,50,1.9728479981422424,2.202556997537613,2.6983759999275208,2.6983759999275208
2026-08-30T14:56:17.652Z,9770.098,500,1.953116998076439,5.219333000481129,5.402442999184132,10.150016002357006,50,2.017486996948719,2.1958970054984093,2.328736998140812,2.328736998140812
2026-08-30T14:56:27.650Z,9780.098,500,1.9580579996109009,5.23250300437212,5.407582998275757,12.142432004213333,50,2.0411970019340515,2.203606002032757,2.30171699821949,2.30171699821949
2026-08-30T14:56:37.651Z,9790.097,500,1.973978005349636,5.239842996001244,5.364922001957893,12.973462000489235,50,1.9731569960713387,2.2511559948325157,2.403717003762722,2.403717003762722
2026-08-30T14:56:47.650Z,9800.097,500,2.0010869950056076,5.28405299782753,5.4010830000042915,12.127933003008366,50,2.0679169967770576,2.201705999672413,2.397537000477314,2.397537000477314
2026-08-30T14:56:57.650Z,9810.097,500,1.9701969996094704,5.26426200568676,5.371972002089024,11.38485399633646,50,2.071986995637417,2.2271569967269897,2.3229259997606277,2.3229259997606277
2026-08-30T14:57:07.652Z,9820.097,500,1.9795970022678375,5.2091419994831085,5.364792004227638,8.735876999795437,50,2.0646279975771904,2.213927000761032,2.302766002714634,2.302766002714634
2026-08-30T14:57:17.651Z,9830.097,500,1.9483279958367348,5.258012004196644,5.40964300185442,11.211514003574848,50,1.9542270004749298,2.2302370071411133,2.7643360048532486,2.7643360048532486
2026-08-30T14:57:27.649Z,9840.098,500,2.0670170038938522,5.307711996138096,5.612681999802589,12.466852001845837,50,2.1577970013022423,2.4195160046219826,7.093690000474453,7.093690000474453
2026-08-30T14:57:37.651Z,9850.097,500,1.9796070009469986,5.274701997637749,5.506322003901005,9.635416999459267,50,2.080536998808384,2.2221570014953613,3.210046000778675,3.210046000778675
2026-08-30T14:57:47.650Z,9860.098,500,1.963018000125885,5.2655219957232475,5.449572995305061,9.582046002149582,50,2.013027995824814,2.1929569989442825,2.3154470026493073,2.3154470026493073
2026-08-30T14:57:57.650Z,9870.097,500,1.968527004122734,5.249612003564835,5.374552004039288,9.56912700086832,50,2.0077369958162308,2.185947000980377,2.2196369990706444,2.2196369990706444
2026-08-30T14:58:07.652Z,9880.097,500,2.0125370025634766,5.283753000199795,5.467542000114918,12.380751997232437,50,2.1021369993686676,2.2553969994187355,2.4158470034599304,2.4158470034599304
2026-08-30T14:58:17.652Z,9890.098,500,2.045786999166012,5.330702997744083,5.809722006320953,70.62489100545645,50,2.0976869985461235,2.3730169981718063,70.33179099857807,70.33179099857807
2026-08-30T14:58:27.650Z,9900.097,500,1.8436480015516281,5.095522999763489,5.344272993505001,9.733286000788212,50,1.8373569995164871,2.1351670026779175,2.2852469980716705,2.2852469980716705
2026-08-30T14:58:37.652Z,9910.097,500,1.9648969992995262,5.205012999475002,5.49881199747324,12.069752998650074,50,1.9669170007109642,2.1542569994926453,2.1657570004463196,2.1657570004463196
2026-08-30T14:58:47.652Z,9920.098,500,1.899847000837326,5.137791998684406,5.3054229989647865,9.496036000549793,50,1.9574870020151138,2.1050079986453056,2.20524699985981,2.20524699985981
2026-08-30T14:58:57.650Z,9930.098,500,1.986566998064518,5.2754629999399185,5.477852001786232,11.700422994792461,50,2.0491480007767677,2.2523469999432564,6.948869995772839,6.948869995772839
2026-08-30T14:59:07.650Z,9940.098,500,1.9758670032024384,5.268132999539375,5.414333000779152,5.4704320058226585,50,1.9749170020222664,2.214046999812126,2.2229969948530197,2.2229969948530197
2026-08-30T14:59:17.652Z,9950.097,500,1.993827998638153,5.257041998207569,5.346741996705532,5.665881998836994,50,2.042256996035576,2.2884670048952103,2.333856999874115,2.333856999874115
2026-08-30T14:59:27.650Z,9960.097,500,1.957566998898983,5.215592995285988,5.290272995829582,5.976691000163555,50,1.9469470009207726,2.2500469982624054,5.728422001004219,5.728422001004219
2026-08-30T14:59:37.651Z,9970.097,500,1.967857003211975,5.218782998621464,5.36396199464798,12.59842199832201,50,2.0415270030498505,2.2823970019817352,2.302046999335289,2.302046999335289
2026-08-30T14:59:47.651Z,9980.098,500,1.965037003159523,5.238491997122765,5.439002998173237,11.431694000959396,50,1.9411670044064522,2.4218670055270195,9.637345999479294,9.637345999479294
2026-08-30T14:59:57.652Z,9990.098,500,1.9451569989323616,5.2431920021772385,5.411692999303341,9.643966995179653,50,1.9664679989218712,2.235096998512745,3.785623997449875,3.785623997449875
2026-08-30T15:00:07.652Z,10000.097,500,1.9859279990196228,5.2457230016589165,5.375353001058102,11.054304003715515,50,2.0157470032572746,2.2164259999990463,2.3326370045542717,2.3326370045542717
2026-08-30T15:00:17.650Z,10010.097,500,2.042356997728348,5.354102998971939,5.512682996690273,9.736396998167038,50,2.0399380028247833,2.2193970009684563,2.2489669993519783,2.2489669993519783
2026-08-30T15:00:27.651Z,10020.099,500,1.9828869998455048,5.226433001458645,5.308192998170853,9.634865999221802,50,1.9480680003762245,2.1889469996094704,2.336537003517151,2.336537003517151
2026-08-30T15:00:37.653Z,10030.099,500,1.8439069986343384,5.1839530020952225,5.409192003309727,8.69956799596548,50,1.8537470027804375,2.07761699706316,2.2265169993042946,2.2265169993042946
2026-08-30T15:00:47.651Z,10040.099,500,1.9264570027589798,5.192463003098965,5.351501993834972,9.820876002311707,50,1.9551670029759407,2.1686469987034798,2.3435560017824173,2.3435560017824173
2026-08-30T15:00:57.649Z,10050.098,500,1.9574370011687279,5.230672001838684,5.459233000874519,9.671305999159813,50,1.9644469991326332,2.213467001914978,2.336526997387409,2.336526997387409
2026-08-30T15:01:07.651Z,10060.098,500,1.9916969984769821,5.253512002527714,5.4294620007276535,7.784099005162716,50,2.0417470037937164,2.216187000274658,2.3616360053420067,2.3616360053420067
2026-08-30T15:01:17.652Z,10070.098,500,1.9628169983625412,5.2350029945373535,5.335392005741596,5.386952005326748,50,2.0396770015358925,2.177335999906063,2.329375997185707,2.329375997185707
2026-08-30T15:01:27.650Z,10080.099,500,2.0090570002794266,5.287403002381325,5.387792006134987,11.835903994739056,50,1.9691669940948486,2.183687001466751,5.2145830020308495,5.2145830020308495
2026-08-30T15:01:37.653Z,10090.099,500,1.9809169992804527,5.262692995369434,5.41780199855566,9.515096001327038,50,2.0458570048213005,2.2263770028948784,2.2842670008540154,2.2842670008540154
2026-08-30T15:01:47.654Z,10100.101,500,1.989597000181675,5.254022002220154,5.540702998638153,9.530937001109123,50,2.05086699873209,2.2177169993519783,2.3554470017552376,2.3554470017552376
2026-08-30T15:01:57.654Z,10110.101,500,1.9635469987988472,5.239283002912998,5.353723004460335,8.38187799602747,50,2.055096998810768,2.2018560022115707,2.518826000392437,2.518826000392437
2026-08-30T15:02:07.653Z,10120.102,500,1.9739380031824112,5.227431997656822,5.319771997630596,8.332978002727032,50,2.045186996459961,2.307497002184391,2.3449859991669655,2.3449859991669655
2026-08-30T15:02:17.655Z,10130.101,501,1.9697879999876022,5.232282996177673,5.402443006634712,11.162523999810219,50,2.05273699760437,2.2236069962382317,2.2958570048213005,2.2958570048213005
2026-08-30T15:02:27.656Z,10140.102,499,1.957446999847889,5.246243000030518,5.37517199665308,8.75857800245285,50,2.0606869980692863,2.1972770020365715,2.2143969982862473,2.2143969982862473
2026-08-30T15:02:37.654Z,10150.101,501,1.9766969978809357,5.234302997589111,5.373732000589371,7.991958998143673,50,2.0596269965171814,2.2245469987392426,3.7578950002789497,3.7578950002789497
2026-08-30T15:02:47.656Z,10160.101,499,1.9698380008339882,5.225123003125191,5.438702002167702,9.498536996543407,50,2.028157003223896,2.2584270015358925,2.3575370013713837,2.3575370013713837
2026-08-30T15:02:57.656Z,10170.102,500,2.002767004072666,5.267551995813847,5.379061996936798,9.674816004931927,50,2.056327000260353,2.186667002737522,2.251517005264759,2.251517005264759
2026-08-30T15:03:07.654Z,10180.102,501,1.9857180044054985,5.336592994630337,5.561782002449036,8.676278002560139,50,1.9798679947853088,2.29449699819088,2.329406000673771,2.329406000673771
2026-08-30T15:03:17.656Z,10190.101,499,1.8444580063223839,5.157223001122475,5.403591997921467,11.39537400007248,50,1.8889480009675026,2.086047001183033,2.1630569994449615,2.1630569994449615
2026-08-30T15:03:27.653Z,10200.102,500,1.8832070007920265,5.122002996504307,5.401652999222279,11.225164003670216,50,1.8476670011878014,2.138706997036934,5.082533001899719,5.082533001899719
2026-08-30T15:03:37.654Z,10210.101,500,1.9632079973816872,5.222153000533581,5.366653002798557,7.217349998652935,50,2.0042480006814003,2.2333370000123978,2.303226999938488,2.303226999938488
2026-08-30T15:03:47.655Z,10220.102,500,1.9768470004200935,5.221932001411915,5.3435830026865005,7.279490001499653,50,2.055307999253273,2.237216003239155,2.2841069996356964,2.2841069996356964
2026-08-30T15:03:57.656Z,10230.103,501,1.967277005314827,5.237033002078533,5.321402996778488,8.79338700324297,50,2.088596999645233,2.295476995408535,2.429296001791954,2.429296001791954
2026-08-30T15:04:07.655Z,10240.102,500,1.9470970034599304,5.185371994972229,5.319262996315956,11.826124005019665,50,1.9905870035290718,2.2946970015764236,3.2169859930872917,3.2169859930872917
2026-08-30T15:04:17.655Z,10250.102,500,1.9108369946479797,5.1710220053792,5.366222999989986,9.02402699738741,50,1.9182069972157478,2.1337969973683357,8.771807998418808,8.771807998418808
2026-08-30T15:04:27.655Z,10260.103,500,1.899337001144886,5.153981998562813,5.2143130004405975,12.22775300592184,50,1.9205680042505264,2.122137002646923,2.157957002520561,2.157957002520561
2026-08-30T15:04:37.655Z,10270.103,500,1.8930770009756088,5.120232999324799,5.258341997861862,11.049033999443054,50,1.9101570025086403,2.081147000193596,2.206556998193264,2.206556998193264
2026-08-30T15:04:47.657Z,10280.103,500,1.9901970028877258,5.26367200165987,5.403222993016243,12.187462002038956,50,2.0571469962596893,2.270286999642849,2.3182569965720177,2.3182569965720177
2026-08-30T15:04:57.657Z,10290.102,500,1.9766279980540276,5.260882005095482,5.447241999208927,5.563372999429703,50,2.025586999952793,2.147867001593113,2.3298370018601418,2.3298370018601418
2026-08-30T15:05:07.657Z,10300.103,500,2.023077003657818,5.334573000669479,5.434092000126839,5.586461998522282,50,1.990717999637127,2.176196999847889,2.2107469961047173,2.2107469961047173
2026-08-30T15:05:17.657Z,10310.102,500,2.046996995806694,5.291073001921177,5.451201997697353,9.188386999070644,50,2.088927000761032,2.369956001639366,8.925177000463009,8.925177000463009
2026-08-30T15:05:27.653Z,10320.102,500,2.023126997053623,5.3079420030117035,6.646040000021458,74.94461499899626,50,2.0806470066308975,2.4458170011639595,74.78825499862432,74.78825499862432
2026-08-30T15:05:37.655Z,10330.102,500,1.9756970033049583,5.251071996986866,5.398931995034218,8.93953699618578,50,1.9835570007562637,2.275067001581192,2.5104160010814667,2.5104160010814667
2026-08-30T15:05:47.656Z,10340.102,499,1.8303570002317429,5.147442996501923,5.365931995213032,9.30103600025177,50,1.8212869986891747,2.118266999721527,2.1532659977674484,2.1532659977674484
2026-08-30T15:05:57.655Z,10350.102,501,1.9814070016145706,5.221623003482819,5.38018199801445,11.585634000599384,50,2.0055669993162155,2.2291270047426224,2.331817001104355,2.331817001104355
2026-08-30T15:06:07.655Z,10360.103,500,2.0341769978404045,5.320302002131939,5.441501997411251,8.760657995939255,50,2.1336779966950417,2.344876006245613,2.705977000296116,2.705977000296116
2026-08-30T15:06:17.655Z,10370.102,500,1.949756994843483,5.248153001070023,5.536661997437477,10.449884995818138,50,1.9551870003342628,2.23666600137949,2.3425769954919815,2.3425769954919815
2026-08-30T15:06:27.656Z,10380.102,500,2.0491470023989677,5.282511994242668,5.490482002496719,11.336263999342918,50,2.0160470008850098,2.296176999807358,2.713426001369953,2.713426001369953
2026-08-30T15:06:37.655Z,10390.103,500,2.047536998987198,5.305743001401424,5.4319320023059845,8.84535799920559,50,2.1301969960331917,2.2940369993448257,2.375847004354,2.375847004354
2026-08-30T15:06:47.657Z,10400.103,500,1.9787880033254623,5.246652998030186,5.318433001637459,8.783277995884418,50,2.056307002902031,2.203836999833584,2.676576003432274,2.676576003432274
2026-08-30T15:06:57.657Z,10410.103,500,1.9448869973421097,5.2704019993543625,5.553702004253864,12.61761199682951,50,1.9470169991254807,2.182057000696659,2.2167169973254204,2.2167169973254204
2026-08-30T15:07:07.657Z,10420.103,500,1.9845070019364357,5.240373000502586,5.431911997497082,9.551495999097824,50,2.0750569999217987,2.2859359979629517,2.3177160024642944,2.3177160024642944
2026-08-30T15:07:17.655Z,10430.102,500,1.8830280005931854,5.128343001008034,5.286292999982834,48.01410199701786,50,1.9021170064806938,2.0425769984722137,3.2869650050997734,3.2869650050997734
2026-08-30T15:07:27.655Z,10440.102,500,1.9216179996728897,5.192742995917797,5.337823003530502,11.557272993028164,50,1.9183479994535446,2.2865969985723495,9.772346004843712,9.772346004843712
2026-08-30T15:07:37.655Z,10450.103,500,1.9528279975056648,5.148423001170158,5.267612993717194,9.886405996978283,50,1.9577070027589798,2.253277003765106,2.338846005499363,2.338846005499363
2026-08-30T15:07:47.657Z,10460.103,500,1.9716579988598824,5.231163002550602,5.328443005681038,9.723096005618572,50,2.053167000412941,2.1658570021390915,2.197046995162964,2.197046995162964
2026-08-30T15:07:57.656Z,10470.103,500,1.9707579985260963,5.190572001039982,5.296442992985249,13.065290994942188,50,1.9773570001125336,2.1909669935703278,2.2895170003175735,2.2895170003175735
2026-08-30T15:08:07.658Z,10480.103,500,1.927827998995781,5.24524299800396,5.432282999157906,12.873721994459629,50,1.9466079995036125,2.1521869972348213,2.2128869965672493,2.2128869965672493
2026-08-30T15:08:17.656Z,10490.104,500,1.992816999554634,5.294883005321026,5.431562997400761,13.11370100080967,50,2.0600669980049133,2.235276997089386,2.291725993156433,2.291725993156433
2026-08-30T15:08:27.657Z,10500.104,500,1.895787000656128,5.192072995007038,5.302622996270657,11.59375400096178,50,1.9421369954943657,2.1641470044851303,2.3229270055890083,2.3229270055890083
2026-08-30T15:08:37.658Z,10510.104,500,2.0047569945454597,5.262902997434139,5.446901999413967,12.499261997640133,50,2.0676669999957085,2.2608070001006126,2.304826997220516,2.304826997220516
2026-08-30T15:08:47.659Z,10520.105,500,2.0045170038938522,5.271882005035877,5.3876019939780235,9.636346995830536,50,1.9969270005822182,2.32744599878788,2.708516001701355,2.708516001701355
2026-08-30T15:08:57.657Z,10530.104,500,1.9754870012402534,5.239932000637054,5.454622000455856,11.862282998859882,50,2.048886999487877,2.206247001886368,2.6977860033512115,2.6977860033512115
2026-08-30T15:09:07.659Z,10540.105,500,2.032057002186775,5.293103002011776,5.479353003203869,12.284083001315594,50,2.1066370010375977,2.272006995975971,2.4148669987916946,2.4148669987916946
2026-08-30T15:09:17.657Z,10550.104,500,1.953846998512745,5.257872000336647,5.393292002379894,11.27241399884224,50,1.9837480038404465,2.293455995619297,8.020669005811214,8.020669005811214
2026-08-30T15:09:27.656Z,10560.105,500,1.957786999642849,5.217362999916077,5.373543001711369,9.471497006714344,50,1.989757001399994,2.17781700193882,5.58415199816227,5.58415199816227
2026-08-30T15:09:37.658Z,10570.105,500,1.956626996397972,5.273753002285957,5.366713002324104,9.454287000000477,50,1.9681079983711243,2.2230470031499863,3.1404260024428368,3.1404260024428368
2026-08-30T15:09:47.656Z,10580.105,500,1.9619169980287552,5.201623000204563,5.285521999001503,12.555902004241943,50,1.9524269998073578,2.1863669976592064,2.274126999080181,2.274126999080181
2026-08-30T15:09:57.659Z,10590.105,500,1.9774179980158806,5.2438730001449585,5.390363000333309,13.034001000225544,50,1.993987001478672,2.2193459942936897,3.139175996184349,3.139175996184349
2026-08-30T15:10:07.659Z,10600.106,500,2.0447570011019707,5.243692003190517,5.373212993144989,9.831456005573273,50,2.0682070031762123,2.295586995780468,2.4305360019207,2.4305360019207
2026-08-30T15:10:17.659Z,10610.106,500,1.997627004981041,5.283503003418446,5.4962920024991035,10.827885001897812,50,2.0989670008420944,2.244237005710602,10.552186004817486,10.552186004817486
2026-08-30T15:10:27.659Z,10620.106,500,2.003218002617359,5.29339300096035,5.373782999813557,9.523207001388073,50,2.0784870013594627,2.300206996500492,2.33576700091362,2.33576700091362
2026-08-30T15:10:37.661Z,10630.106,500,2.012466996908188,5.332422003149986,5.444232001900673,9.62439600378275,50,2.0209969952702522,2.251087002456188,2.299856998026371,2.299856998026371
2026-08-30T15:10:47.659Z,10640.106,500,1.8800670057535172,5.086283005774021,5.253793001174927,9.425595998764038,50,1.917996995151043,2.114877000451088,2.1509969979524612,2.1509969979524612
2026-08-30T15:10:57.660Z,10650.106,500,1.8881679996848106,5.106132999062538,5.231972999870777,11.377563998103142,50,1.8588970005512238,2.0177070051431656,2.3148669973015785,2.3148669973015785
2026-08-30T15:11:07.659Z,10660.107,500,1.890297994017601,5.129202999174595,5.292301997542381,12.245232999324799,50,1.9075269997119904,2.0437670052051544,2.948445998132229,2.948445998132229
2026-08-30T15:11:17.659Z,10670.106,500,1.8135280013084412,5.06555300205946,5.343361996114254,11.360264003276825,50,1.872647002339363,2.1121570020914078,2.2377170026302338,2.2377170026302338
2026-08-30T15:11:27.659Z,10680.106,500,1.9193869978189468,5.1553530022501945,5.393011994659901,12.613471999764442,50,1.89342699944973,2.152506999671459,6.940750002861023,6.940750002861023
2026-08-30T15:11:37.659Z,10690.106,500,1.9388669952750206,5.18622300028801,5.400922000408173,9.309637002646923,50,1.8837369978427887,2.1365270018577576,2.1708270013332367,2.1708270013332367
2026-08-30T15:11:47.659Z,10700.107,500,1.898956999182701,5.137212999165058,5.3691020011901855,6.637711003422737,50,1.9389780014753342,2.078356996178627,2.173597000539303,2.173597000539303
2026-08-30T15:11:57.660Z,10710.107,500,1.9704070016741753,5.260762996971607,5.397563003003597,8.965817004442215,50,2.0023370012640953,2.2851260006427765,2.464427001774311,2.464427001774311
2026-08-30T15:12:07.661Z,10720.107,500,1.9711470007896423,5.297623001039028,6.236962005496025,11.049564003944397,50,2.02530799806118,2.2039970010519028,2.310317002236843,2.310317002236843
2026-08-30T15:12:17.661Z,10730.107,500,2.0116770043969154,5.348433002829552,5.476442001760006,8.824326999485493,50,2.0655969977378845,2.196816995739937,2.715716004371643,2.715716004371643
2026-08-30T15:12:27.662Z,10740.108,500,1.9671470001339912,5.226062998175621,5.453482002019882,47.8196519985795,50,1.9707570001482964,2.178396999835968,2.2602569982409477,2.2602569982409477
2026-08-30T15:12:37.660Z,10750.108,500,1.9744969978928566,5.255873002111912,5.34052300453186,5.688412003219128,50,2.0411669984459877,2.2456069961190224,2.311037003993988,2.311037003993988
2026-08-30T15:12:47.662Z,10760.108,500,1.9698769971728325,5.2371929958462715,5.33967299759388,11.60954400151968,50,2.0361080020666122,2.2835059985518456,2.728395998477936,2.728395998477936
2026-08-30T15:12:57.662Z,10770.108,500,1.9801770001649857,5.26783199608326,5.389421999454498,11.409172996878624,50,2.021897003054619,2.243776999413967,3.0466660037636757,3.0466660037636757
2026-08-30T15:13:07.663Z,10780.109,500,1.991627000272274,5.240132994949818,5.362760998308659,8.76655700057745,50,2.024026997387409,2.1679560020565987,2.2900969982147217,2.2900969982147217
2026-08-30T15:13:17.661Z,10790.108,500,1.9502469971776009,5.233461998403072,5.34103199839592,9.005817003548145,50,1.982406996190548,2.187397003173828,2.2286069989204407,2.2286069989204407
2026-08-30T15:13:27.661Z,10800.109,500,2.0083770006895065,5.2759620025753975,5.4292419999837875,9.2584960013628,50,2.0449070036411285,2.3298370018601418,7.477929003536701,7.477929003536701
2026-08-30T15:13:37.661Z,10810.109,500,1.9765269979834557,5.263902001082897,5.473981998860836,5.695071004331112,50,1.955866999924183,2.1779959946870804,2.2122059985995293,2.2122059985995293
2026-08-30T15:13:47.663Z,10820.108,500,1.8935480043292046,5.141832001507282,5.238632000982761,12.154611997306347,50,1.9229269996285439,2.046996995806694,2.149686999619007,2.149686999619007
2026-08-30T15:13:57.663Z,10830.108,500,1.9056469947099686,5.189531996846199,5.286801993846893,12.012501999735832,50,1.8833070024847984,2.107056997716427,2.8561760038137436,2.8561760038137436
2026-08-30T15:14:07.663Z,10840.109,500,1.9057269990444183,5.1731119975447655,5.299412004649639,8.622397005558014,50,1.9391369968652725,2.0606769993901253,2.3579770028591156,2.3579770028591156
2026-08-30T15:14:17.662Z,10850.11,500,1.9809470027685165,5.2311819940805435,5.395712003111839,9.25432600080967,50,2.0034369975328445,2.2521260008215904,8.959857001900673,8.959857001900673
2026-08-30T15:14:27.663Z,10860.109,500,1.9739679992198944,5.2610819935798645,5.377141997218132,11.056143000721931,50,2.018577001988888,2.523855999112129,8.91057600080967,8.91057600080967
2026-08-30T15:14:37.664Z,10870.11,500,1.9095069989562035,5.170892000198364,5.245041996240616,12.027522005140781,50,1.9148470014333725,2.1278970018029213,2.2459859997034073,2.2459859997034073
2026-08-30T15:14:47.664Z,10880.109,500,1.9060069993138313,5.162142001092434,5.25985199958086,9.562274999916553,50,1.8723869994282722,2.1115170046687126,2.2522559985518456,2.2522559985518456
2026-08-30T15:14:57.662Z,10890.11,500,1.8996569961309433,5.137511998414993,5.255312003195286,12.75025099515915,50,1.9157369956374168,2.0737270042300224,3.014225997030735,3.014225997030735
2026-08-30T15:15:07.663Z,10900.11,500,1.9543270021677017,5.231421999633312,5.325192004442215,12.85045100003481,50,2.0086869969964027,2.2256070002913475,3.788663998246193,3.788663998246193
2026-08-30T15:15:17.664Z,10910.11,500,1.9892969951033592,5.287352003157139,5.47707200050354,5.80842100083828,50,1.955086998641491,2.306377001106739,2.3445260003209114,2.3445260003209114
2026-08-30T15:15:27.661Z,10920.109,500,1.9201680049300194,5.224763005971909,5.408341996371746,11.19964299350977,50,1.9103270024061203,2.181166999042034,5.757972002029419,5.757972002029419
2026-08-30T15:15:37.662Z,10930.109,500,1.9749670028686523,5.25135300308466,5.349661998450756,12.311680994927883,50,2.0447270050644875,2.2577169984579086,2.393785998225212,2.393785998225212
2026-08-30T15:15:47.663Z,10940.11,500,1.9639870002865791,5.244181998074055,5.3642119988799095,8.697217002511024,50,2.043606996536255,2.1834869980812073,2.1932369992136955,2.1932369992136955
2026-08-30T15:15:57.664Z,10950.109,500,1.9554570019245148,5.256441995501518,5.347350999712944,8.843727000057697,50,1.9702470004558563,2.1644069999456406,3.29415400326252,3.29415400326252
2026-08-30T15:16:07.663Z,10960.11,500,1.957327000796795,5.258741997182369,5.411061994731426,11.825483001768589,50,2.042866997420788,2.305596001446247,3.3768350034952164,3.3768350034952164
2026-08-30T15:16:17.663Z,10970.11,500,1.9695369973778725,5.256701998412609,5.373541995882988,8.858476996421814,50,2.043946996331215,2.1703170016407967,2.212967000901699,2.212967000901699
2026-08-30T15:16:27.666Z,10980.111,500,1.9585469961166382,5.270492002367973,5.351863004267216,12.231041997671127,50,2.044716998934746,2.2530059963464737,2.330067001283169,2.330067001283169
2026-08-30T15:16:37.664Z,10990.111,500,1.9448970034718513,5.231381997466087,5.3031719997525215,5.601641997694969,50,1.9797070026397705,2.164625994861126,2.2191359996795654,2.2191359996795654
2026-08-30T15:16:47.664Z,11000.111,500,1.9029669985175133,5.159532994031906,5.258611999452114,9.102886997163296,50,1.92433699965477,2.0634870007634163,8.817796997725964,8.817796997725964
2026-08-30T15:16:57.664Z,11010.112,500,1.92654699832201,5.262331999838352,5.39266199618578,12.094361998140812,50,1.959376998245716,2.3494269996881485,8.869807004928589,8.869807004928589
2026-08-30T15:17:07.665Z,11020.112,500,1.980106994509697,5.278761997818947,5.405451998114586,8.857356995344162,50,1.9937869980931282,2.2192360013723373,2.26469599455595,2.26469599455595
2026-08-30T15:17:17.666Z,11030.112,500,1.9519070014357567,5.23463200032711,5.381311997771263,8.609317004680634,50,1.9696479961276054,2.17586699873209,2.305807001888752,2.305807001888752
2026-08-30T15:17:27.664Z,11040.112,500,1.9701969996094704,5.285722002387047,5.438132002949715,11.330773003399372,50,2.0493170022964478,2.3205360025167465,5.248311996459961,5.248311996459961
2026-08-30T15:17:37.666Z,11050.112,500,1.8878270015120506,5.168002001941204,5.264071993529797,5.423941999673843,50,1.9330869987607002,2.1647370010614395,2.203865997493267,2.203865997493267
2026-08-30T15:17:47.665Z,11060.113,500,1.9580369964241982,5.249242998659611,5.387152001261711,5.6436109989881516,50,1.9692870005965233,2.15726700425148,2.2564060017466545,2.2564060017466545
2026-08-30T15:17:57.667Z,11070.113,500,1.9755169972777367,5.256952002644539,5.323761999607086,11.368242993950844,50,2.053877003490925,2.2489160001277924,2.4769259989261627,2.4769259989261627
2026-08-30T15:18:07.665Z,11080.112,500,1.8855469971895218,5.06037200242281,5.291972003877163,8.721937000751495,50,1.8865170031785965,2.173877000808716,3.0356649979948997,3.0356649979948997
2026-08-30T15:18:17.665Z,11090.113,500,1.9847370013594627,5.2343319952487946,5.39699200540781,11.7523820027709,50,1.992627002298832,2.193247005343437,2.3577070012688637,2.3577070012688637
2026-08-30T15:18:27.666Z,11100.113,500,1.8822569996118546,5.076272003352642,5.221391998231411,9.570254996418953,50,1.9051380008459091,2.1617369949817657,9.305075995624065,9.305075995624065
2026-08-30T15:18:37.666Z,11110.114,500,1.841897003352642,5.046902999281883,5.338241994380951,52.54187200218439,50,1.8591769933700562,2.04933699965477,33.50908900052309,33.50908900052309
2026-08-30T15:18:47.667Z,11120.113,500,1.831767998635769,5.064332999289036,5.208452001214027,10.554953999817371,50,1.8504469990730286,2.0013870000839233,2.8607659935951233,2.8607659935951233
2026-08-30T15:18:57.667Z,11130.114,500,1.9472469985485077,5.213772006332874,5.380131997168064,8.134727999567986,50,1.935147002339363,2.208976998925209,2.3409160003066063,2.3409160003066063
2026-08-30T15:19:07.666Z,11140.113,500,1.9360869973897934,5.154201999306679,5.274311996996403,11.780691996216774,50,1.8826069980859756,2.1439570039510727,2.146687000989914,2.146687000989914
2026-08-30T15:19:17.666Z,11150.114,500,1.9025769978761673,5.103243000805378,5.251322001218796,5.411102004349232,50,1.92637799680233,2.174327000975609,2.292415998876095,2.292415998876095
2026-08-30T15:19:27.664Z,11160.113,500,1.993137001991272,5.253161996603012,5.455781996250153,12.297081001102924,50,2.0426170006394386,2.3149470016360283,5.770320996642113,5.770320996642113
2026-08-30T15:19:37.666Z,11170.113,500,1.923886999487877,5.170072004199028,5.286901995539665,11.624261997640133,50,1.9485570043325424,2.1670770049095154,2.201035998761654,2.201035998761654
2026-08-30T15:19:47.665Z,11180.114,500,2.0102270022034645,5.222943000495434,5.333022005856037,8.852876998484135,50,2.04509699344635,2.1659869998693466,2.272556997835636,2.272556997835636
2026-08-30T15:19:57.667Z,11190.113,500,1.9801470041275024,5.245931997895241,5.356751002371311,9.959035001695156,50,2.055757001042366,2.2264760062098503,2.3099559992551804,2.3099559992551804
2026-08-30T15:20:07.668Z,11200.113,500,1.997357003390789,5.276621997356415,5.367161996662617,12.262202002108097,50,2.058467000722885,2.1924770027399063,2.4005059972405434,2.4005059972405434
2026-08-30T15:20:17.669Z,11210.113,500,1.9412170052528381,5.198812000453472,5.335861995816231,11.585032001137733,50,1.9412470012903214,2.2606070041656494,2.9483150020241737,2.9483150020241737
2026-08-30T15:20:27.666Z,11220.113,500,1.9689880013465881,5.225611999630928,5.387161999940872,12.23981099575758,50,2.0465270057320595,2.1674970015883446,2.324025996029377,2.324025996029377
2026-08-30T15:20:37.668Z,11230.114,500,1.971508003771305,5.2760120034217834,5.376662001013756,11.307943001389503,50,2.0327269956469536,2.215817004442215,2.2871370017528534,2.2871370017528534
2026-08-30T15:20:47.667Z,11240.115,500,1.9750069975852966,5.27165199816227,5.353992000222206,8.921427004039288,50,1.9528970047831535,2.204766996204853,2.6561049968004227,2.6561049968004227
2026-08-30T15:20:57.669Z,11250.115,500,1.9561770036816597,5.21586299687624,5.304501995444298,8.85648600012064,50,1.98335699737072,2.175365999341011,2.335956998169422,2.335956998169422
2026-08-30T15:21:07.670Z,11260.115,500,1.9676769971847534,5.272352002561092,5.391992002725601,9.013567000627518,50,2.0181570053100586,2.3204060047864914,3.4695149958133698,3.4695149958133698
2026-08-30T15:21:17.669Z,11270.116,500,1.9717469960451126,5.247673004865646,5.367342002689838,10.969973996281624,50,2.0448560044169426,2.236236996948719,2.3235969990491867,2.3235969990491867
2026-08-30T15:21:27.668Z,11280.116,500,1.964807003736496,5.259032003581524,5.3691020011901855,8.328357994556427,50,1.9679270014166832,2.217927001416683,5.629762001335621,5.629762001335621
2026-08-30T15:21:37.671Z,11290.117,500,1.95974700152874,5.167771995067596,5.300532005727291,5.553301997482777,50,1.9977469965815544,2.1263469979166985,2.1888770014047623,2.1888770014047623
2026-08-30T15:21:47.671Z,11300.118,500,1.9107370004057884,5.144983001053333,5.405251994729042,8.900336995720863,50,1.930297002196312,2.115837000310421,2.3569170013070107,2.3569170013070107
2026-08-30T15:21:57.670Z,11310.118,500,1.9381369948387146,5.154611997306347,5.274571999907494,5.405982002615929,50,1.9512870013713837,2.10674699395895,2.1194269955158234,2.1194269955158234
2026-08-30T15:22:07.672Z,11320.118,500,2.0260669961571693,5.233921997249126,5.42714200168848,8.415277004241943,50,2.053487002849579,2.23581600189209,7.19981000572443,7.19981000572443
2026-08-30T15:22:17.668Z,11330.117,500,1.8368680030107498,5.019222006201744,5.145361997187138,9.113936997950077,50,1.8348379954695702,1.9809269979596138,1.992476999759674,1.992476999759674
2026-08-30T15:22:27.670Z,11340.118,500,1.8739970028400421,5.1500129997730255,5.32210199534893,11.793411999940872,50,1.9370569959282875,2.154167003929615,2.5381960049271584,2.5381960049271584
2026-08-30T15:22:37.671Z,11350.117,500,1.9125970005989075,5.170042999088764,5.352613002061844,11.585212998092175,50,1.8934070020914078,2.186847001314163,2.7575559988617897,2.7575559988617897
2026-08-30T15:22:47.672Z,11360.118,500,1.8557670041918755,5.0603530034422874,5.313961997628212,12.407040998339653,50,1.8949769958853722,2.0952470004558563,2.681846000254154,2.681846000254154
2026-08-30T15:22:57.670Z,11370.118,500,1.8803369998931885,5.166193000972271,5.461032003164291,9.25560600310564,50,1.843057006597519,2.4117769971489906,2.7567059993743896,2.7567059993743896
2026-08-30T15:23:07.672Z,11380.118,500,1.8452780023217201,5.142883002758026,5.418251998722553,9.184075996279716,50,1.9200070053339005,2.1249669939279556,2.17620699852705,2.17620699852705
2026-08-30T15:23:17.671Z,11390.117,500,1.9976869970560074,5.425472006201744,6.133781000971794,11.868791997432709,50,1.9795669987797737,2.457235999405384,3.567723996937275,3.567723996937275
2026-08-30T15:23:27.670Z,11400.119,500,2.0987970009446144,5.443911999464035,5.667811997234821,11.701363004744053,50,2.153377003967762,3.020746000111103,9.002495996654034,9.002495996654034
2026-08-30T15:23:37.672Z,11410.12,500,1.927676998078823,5.189662002027035,5.3037919998168945,8.476436994969845,50,1.9961169958114624,2.215276002883911,2.3532960042357445,2.3532960042357445
2026-08-30T15:23:47.674Z,11420.12,500,1.962957002222538,5.265822000801563,5.389842003583908,8.307596996426582,50,2.046176999807358,2.1891169995069504,2.3514560014009476,2.3514560014009476
2026-08-30T15:23:57.673Z,11430.119,500,1.9912670031189919,5.217522002756596,5.3407120034098625,5.666211001574993,50,2.0460970029234886,2.149406999349594,2.3164360001683235,2.3164360001683235
2026-08-30T15:24:07.672Z,11440.12,500,1.958416998386383,5.233832001686096,5.386202000081539,10.68664400279522,50,2.0555759966373444,2.216687001287937,2.2973170056939125,2.2973170056939125
2026-08-30T15:24:17.672Z,11450.12,500,1.9339669942855835,5.196353003382683,5.267451994121075,8.189338006079197,50,1.9840470030903816,2.2423569932579994,2.269307002425194,2.269307002425194
2026-08-30T15:24:27.673Z,11460.119,500,1.8818970024585724,5.119161993265152,5.222921997308731,11.758841998875141,50,1.8686769977211952,2.0373569950461388,2.049226999282837,2.049226999282837
2026-08-30T15:24:37.672Z,11470.119,500,1.8829279989004135,5.168512001633644,5.273741997778416,8.387446999549866,50,1.9216269999742508,2.0965860038995743,2.147597000002861,2.147597000002861
2026-08-30T15:24:47.674Z,11480.119,500,1.9811469987034798,5.274911999702454,5.462442003190517,62.65831600129604,50,2.0236969962716103,2.32608699798584,2.4140560030937195,2.4140560030937195
2026-08-30T15:24:57.673Z,11490.119,500,1.9738869965076447,5.209552004933357,5.37712199985981,11.512942999601364,50,1.9974969998002052,2.225096993148327,2.270356997847557,2.270356997847557
2026-08-30T15:25:07.673Z,11500.12,500,1.9426769986748695,5.257182002067566,5.384332001209259,9.017265997827053,50,1.9428770020604134,2.1637770012021065,2.1918559968471527,2.1918559968471527
2026-08-30T15:25:17.674Z,11510.121,500,1.959986999630928,5.250691995024681,5.420892000198364,12.361221000552177,50,2.020727001130581,2.200475998222828,2.276996999979019,2.276996999979019
2026-08-30T15:25:27.674Z,11520.122,500,1.9417970031499863,5.2304419949650764,5.433472000062466,10.436084993183613,50,1.964307002723217,2.1693269982934,7.256398998200893,7.256398998200893
2026-08-30T15:25:37.674Z,11530.121,501,1.9791870042681694,5.296052001416683,5.446042001247406,11.253782995045185,50,1.9750369936227798,2.1837669983506203,2.3207769989967346,2.3207769989967346
2026-08-30T15:25:47.674Z,11540.122,499,1.985456995666027,5.2718119993805885,5.470012001693249,8.471997998654842,50,1.9723370000720024,2.184096999466419,2.6564460024237633,2.6564460024237633
2026-08-30T15:25:57.674Z,11550.121,500,1.9774269983172417,5.28940200060606,5.520542003214359,9.120296001434326,50,2.0670169964432716,2.2011170014739037,2.322975993156433,2.322975993156433
2026-08-30T15:26:07.675Z,11560.121,500,1.9597770050168037,5.222471997141838,5.444852001965046,9.226585999131203,50,1.9498670026659966,2.1433470025658607,8.93231699615717,8.93231699615717
2026-08-30T15:26:17.675Z,11570.122,500,1.8911679983139038,5.132652997970581,5.298442006111145,11.652991995215416,50,1.8455569967627525,2.016366995871067,2.0664170011878014,2.0664170011878014
2026-08-30T15:26:27.675Z,11580.122,501,1.8902970030903816,5.165821999311447,5.366140998899937,8.908786997199059,50,1.8811069950461388,2.0613169968128204,2.1863059997558594,2.1863059997558594
2026-08-30T15:26:37.676Z,11590.122,499,1.962237000465393,5.248222000896931,5.346701003611088,11.286472998559475,50,2.045356996357441,2.203236997127533,2.325606994330883,2.325606994330883
2026-08-30T15:26:47.675Z,11600.122,500,1.9738769978284836,5.2404420003294945,5.322763003408909,13.080020003020763,50,2.0359570011496544,2.2215059995651245,2.2770459949970245,2.2770459949970245
2026-08-30T15:26:57.675Z,11610.123,501,2.111437000334263,5.419032000005245,5.500071994960308,12.905220992863178,50,2.096737004816532,2.3565070033073425,2.4131259992718697,2.4131259992718697
2026-08-30T15:27:07.675Z,11620.123,500,2.087447002530098,5.378212004899979,5.56326100230217,8.94922599941492,50,2.0992069989442825,2.2694070041179657,2.363847002387047,2.363847002387047
2026-08-30T15:27:17.677Z,11630.123,500,2.0232270061969757,5.294032000005245,5.481812000274658,8.193287998437881,50,2.024617001414299,2.248946003615856,2.866016000509262,2.866016000509262
2026-08-30T15:27:27.675Z,11640.122,500,1.959596998989582,5.200502000749111,5.448352001607418,10.349324002861977,50,1.9759170040488243,2.216126002371311,7.624348998069763,7.624348998069763
2026-08-30T15:27:37.677Z,11650.123,500,1.92552699893713,5.180441997945309,5.328982003033161,9.324266001582146,50,1.9695369973778725,2.1019370034337044,2.1797570064663887,2.1797570064663887
2026-08-30T15:27:47.677Z,11660.123,500,1.9832070022821426,5.341010995209217,5.465021997690201,8.845066994428635,50,1.9901970028877258,2.2526070028543472,2.463156998157501,2.463156998157501
2026-08-30T15:27:57.677Z,11670.122,500,2.070525996387005,5.372420996427536,5.566101998090744,8.91423700004816,50,2.0920569971203804,2.3040759935975075,2.4120360016822815,2.4120360016822815
2026-08-30T15:28:07.675Z,11680.123,500,1.928066998720169,5.20389299839735,5.450212001800537,8.84323699772358,50,1.9497570022940636,2.3247970044612885,2.7579459995031357,2.7579459995031357
2026-08-30T15:28:17.675Z,11690.122,500,1.9646769985556602,5.2385919988155365,5.346092000603676,10.813933998346329,50,2.033237002789974,2.170756995677948,2.29814600199461,2.29814600199461
2026-08-30T15:28:27.676Z,11700.123,500,1.992957003414631,5.236642003059387,5.44158199429512,7.880208000540733,50,2.0441770032048225,2.2488959953188896,2.3071569949388504,2.3071569949388504
2026-08-30T15:28:37.677Z,11710.124,500,1.8731580004096031,5.145332001149654,5.338752001523972,9.7100860029459,50,1.9173180013895035,2.1070870012044907,2.1928469985723495,2.1928469985723495
2026-08-30T15:28:47.677Z,11720.124,500,1.895847000181675,5.125741995871067,5.268862999975681,6.4503099992871284,50,1.8768469989299774,2.0949269980192184,2.2830170020461082,2.2830170020461082
2026-08-30T15:28:57.676Z,11730.124,500,1.9353469982743263,5.2448330000042915,5.4340720027685165,8.171557001769543,50,1.9631070047616959,2.2774269953370094,7.058058999478817,7.058058999478817
2026-08-30T15:29:07.676Z,11740.124,500,1.8598570004105568,5.0630030035972595,5.284581996500492,11.90743200480938,50,1.8170970007777214,2.0405170023441315,2.8250060006976128,2.8250060006976128
2026-08-30T15:29:17.676Z,11750.123,500,1.9466369971632957,5.1737819984555244,5.415221996605396,9.275545999407768,50,1.9299269989132881,2.195855997502804,8.922917000949383,8.922917000949383
2026-08-30T15:29:27.676Z,11760.123,500,1.8902769982814789,5.1191520020365715,5.2701819986104965,11.733533002436161,50,1.9484269991517067,2.2169770002365112,7.514029003679752,7.514029003679752
2026-08-30T15:29:37.676Z,11770.123,500,1.9455069974064827,5.2145019993186,5.4598719999194145,8.898566998541355,50,2.0043160021305084,2.209757000207901,2.490386001765728,2.490386001765728
2026-08-30T15:29:47.677Z,11780.123,500,1.932707004249096,5.219291999936104,5.352931998670101,9.056396998465061,50,1.9532269984483719,2.140646994113922,2.2020870000123978,2.2020870000123978
2026-08-30T15:29:57.676Z,11790.124,500,1.9768169969320297,5.268582001328468,5.363332003355026,10.217325001955032,50,1.99481700360775,2.170795999467373,2.308746002614498,2.308746002614498
2026-08-30T15:30:07.677Z,11800.124,500,1.9527270048856735,5.228762000799179,5.292752005159855,5.392101995646954,50,2.016526997089386,2.188697002828121,2.732556000351906,2.732556000351906
2026-08-30T15:30:17.677Z,11810.125,500,1.9645779952406883,5.27420400083065,5.41338200122118,11.06079699844122,50,2.0386279970407486,2.2145869955420494,3.4092760011553764,3.4092760011553764
2026-08-30T15:30:27.680Z,11820.126,500,1.963018000125885,5.267803996801376,5.4641439989209175,8.723350003361702,50,1.9752279967069626,2.208567000925541,2.494437001645565,2.494437001645565
2026-08-30T15:30:37.678Z,11830.126,500,1.9788269996643066,5.217523999512196,5.336713001132011,11.376317001879215,50,1.9788580015301704,2.1787869930267334,2.3097169995307922,2.3097169995307922
2026-08-30T15:30:47.680Z,11840.126,500,1.962016999721527,5.265124000608921,5.400774002075195,12.282926000654697,50,2.064927004277706,2.251148000359535,2.4484769999980927,2.4484769999980927
2026-08-30T15:30:57.678Z,11850.126,500,1.954587996006012,5.235954001545906,5.365454003214836,11.39384699612856,50,2.066057004034519,2.177107997238636,2.3719479963183403,2.3719479963183403
2026-08-30T15:31:07.678Z,11860.125,500,1.9192080050706863,5.282413996756077,5.394894003868103,11.23827699571848,50,1.9533379971981049,2.1951569989323616,2.2183379977941513,2.2183379977941513
2026-08-30T15:31:17.679Z,11870.125,500,1.9787380024790764,5.241733998060226,5.415613994002342,11.486096002161503,50,2.05960800498724,2.2500879988074303,2.341917000710964,2.341917000710964
2026-08-30T15:31:27.677Z,11880.126,500,1.8869279995560646,5.132483996450901,5.2751339972019196,11.624196998775005,50,1.9180079996585846,2.0426879972219467,5.171233996748924,5.171233996748924
2026-08-30T15:31:37.679Z,11890.125,500,2.086347997188568,5.380134001374245,5.507183000445366,11.408726997673512,50,2.0819180011749268,2.2703980058431625,2.396437995135784,2.396437995135784
2026-08-30T15:31:47.680Z,11900.126,500,1.959867998957634,5.199514001607895,5.81793300062418,74.31132400035858,50,2.0087380036711693,2.2030180022120476,14.122002996504307,14.122002996504307
2026-08-30T15:31:57.680Z,11910.126,500,1.862457998096943,5.05248399823904,5.165233999490738,8.896169997751713,50,1.869157999753952,2.0783779993653297,3.533595994114876,3.533595994114876
2026-08-30T15:32:07.680Z,11920.127,500,1.8962080031633377,5.099964998662472,5.205034002661705,8.970260001718998,50,1.9381079971790314,2.1208369955420494,2.137017995119095,2.137017995119095
2026-08-30T15:32:17.679Z,11930.127,500,1.8808979988098145,5.1209539994597435,5.36013400554657,10.627937994897366,50,1.8363580033183098,2.218187004327774,2.640236996114254,2.640236996114254
2026-08-30T15:32:27.680Z,11940.126,500,1.9629380032420158,5.238424003124237,5.421273998916149,12.391185998916626,50,1.988807998597622,2.235927000641823,2.8489869982004166,2.8489869982004166
2026-08-30T15:32:37.680Z,11950.126,500,1.9900780022144318,5.386953994631767,5.4834329932928085,9.33866000175476,50,2.0428479984402657,2.251068003475666,2.581307001411915,2.581307001411915
2026-08-30T15:32:47.679Z,11960.127,500,1.871917001903057,5.202553994953632,5.516244001686573,9.010710000991821,50,1.942608006298542,2.184087000787258,8.731279999017715,8.731279999017715
2026-08-30T15:32:57.681Z,11970.127,500,2.0612469986081123,5.404223993420601,5.528283998370171,12.367795005440712,50,1.9772979989647865,2.3537970036268234,3.119786001741886,3.119786001741886
2026-08-30T15:33:07.679Z,11980.127,500,2.0916579961776733,5.403584003448486,5.5032040029764175,9.517939001321793,50,2.0267269983887672,2.3105779960751534,2.5422570034861565,2.5422570034861565
2026-08-30T15:33:17.680Z,11990.126,500,1.964767001569271,5.3360039964318275,5.449482999742031,9.100189000368118,50,1.9104180037975311,2.231117993593216,2.2617669999599457,2.2617669999599457
2026-08-30T15:33:27.678Z,12000.127,500,1.8714479953050613,5.126963995397091,5.296973995864391,11.475196994841099,50,1.9541080072522163,2.1508269980549812,5.685272999107838,5.685272999107838
2026-08-30T15:33:37.681Z,12010.126,500,1.8379379957914352,5.180684000253677,5.333934001624584,8.850689999759197,50,1.9609070047736168,2.116608001291752,2.200986996293068,2.200986996293068
2026-08-30T15:33:47.680Z,12020.126,500,1.9264280050992966,5.2184740006923676,5.368493996560574,11.786827005445957,50,1.996288001537323,2.1277379989624023,2.181878000497818,2.181878000497818
2026-08-30T15:33:57.681Z,12030.127,500,1.8528970032930374,5.1156739965081215,5.213933996856213,11.466416999697685,50,1.9980570003390312,2.1221869960427284,2.1699570044875145,2.1699570044875145
2026-08-30T15:34:07.679Z,12040.126,500,1.8455580025911331,5.1141539961099625,5.292054004967213,11.584777005016804,50,1.9956079944968224,2.0737570002675056,2.155257001519203,2.155257001519203
2026-08-30T15:34:17.681Z,12050.126,500,1.8634880036115646,5.120044000446796,5.28779299557209,12.445014998316765,50,1.9046979993581772,2.0696679949760437,2.5972770005464554,2.5972770005464554
2026-08-30T15:34:27.680Z,12060.127,500,1.9275780022144318,5.167654000222683,5.374703995883465,8.954979002475739,50,1.8864179998636246,2.117486998438835,2.2267069965600967,2.2267069965600967
2026-08-30T15:34:37.680Z,12070.126,500,1.8746179938316345,5.176674000918865,5.436183996498585,8.871229998767376,50,1.9278680011630058,2.2275869995355606,2.427917003631592,2.427917003631592
2026-08-30T15:34:47.679Z,12080.126,500,1.8197880014777184,5.079845003783703,5.181343995034695,5.683383002877235,50,1.9127480015158653,2.0449080020189285,2.1642580032348633,2.1642580032348633
2026-08-30T15:34:57.680Z,12090.126,500,1.9784270003437996,5.24159300327301,5.3412140011787415,9.12601900100708,50,2.046937994658947,2.2502179965376854,2.338137000799179,2.338137000799179
2026-08-30T15:35:07.679Z,12100.126,500,2.0130180045962334,5.257164001464844,5.3430240005254745,9.034680001437664,50,2.0497680008411407,2.216897003352642,3.244716003537178,3.244716003537178
2026-08-30T15:35:17.681Z,12110.126,500,1.9257979989051819,5.23590400069952,5.34935399889946,6.689883001148701,50,1.9297080039978027,2.1365970000624657,3.0056769996881485,3.0056769996881485
2026-08-30T15:35:27.677Z,12120.126,500,1.9690980017185211,5.240304000675678,5.418274000287056,9.419558994472027,50,2.051017001271248,3.3360859975218773,9.158478997647762,9.158478997647762
2026-08-30T15:35:37.681Z,12130.127,500,1.9743579998612404,5.270562998950481,5.429652996361256,11.516316995024681,50,2.052887998521328,2.205647997558117,3.2579960003495216,3.2579960003495216
2026-08-30T15:35:47.681Z,12140.126,500,1.9646379947662354,5.257774002850056,5.773813001811504,10.731467001140118,50,2.055228002369404,2.2721080034971237,3.1832359954714775,3.1832359954714775
2026-08-30T15:35:57.679Z,12150.127,500,1.9281880035996437,5.20473500341177,5.492333002388477,8.706730000674725,50,1.9564570039510727,2.2181679978966713,3.1608360037207603,3.1608360037207603
2026-08-30T15:36:07.679Z,12160.127,500,1.9547979980707169,5.226964004337788,5.389472998678684,9.408858999609947,50,1.9972379952669144,2.2205469980835915,9.136279001832008,9.136279001832008
2026-08-30T15:36:17.679Z,12170.126,500,1.9569580033421516,5.257314004004002,5.460563994944096,11.028627000749111,50,2.0465880036354065,2.2170369997620583,2.3168369978666306,2.3168369978666306
2026-08-30T15:36:27.681Z,12180.127,500,1.8173080012202263,5.084314003586769,5.246103994548321,9.09681000560522,50,1.8439479991793633,2.001708000898361,2.0934669971466064,2.0934669971466064
2026-08-30T15:36:37.681Z,12190.127,500,1.9672579988837242,5.180594004690647,5.361113995313644,11.370876997709274,50,1.9475880041718483,2.1367169991135597,2.985376998782158,2.985376998782158
2026-08-30T15:36:47.680Z,12200.126,500,1.7939879968762398,5.074433997273445,5.220413997769356,5.3779140040278435,50,1.8480580002069473,1.9757080003619194,2.0453180000185966,2.0453180000185966
2026-08-30T15:36:57.679Z,12210.127,500,1.9710879996418953,5.22834400087595,5.405813999474049,9.04983900487423,50,1.9939980059862137,2.2231080010533333,2.745796002447605,2.745796002447605
2026-08-30T15:37:07.680Z,12220.127,500,2.0077779963612556,5.276124000549316,5.355963997542858,11.681596003472805,50,2.0066770017147064,2.2233270034193993,2.374907001852989,2.374907001852989
2026-08-30T15:37:17.680Z,12230.127,500,1.9707870036363602,5.239183999598026,5.361713998019695,12.50152599811554,50,2.042316995561123,2.2170069962739944,2.649097003042698,2.649097003042698
2026-08-30T15:37:27.680Z,12240.128,500,1.9701879993081093,5.26061400026083,5.417223997414112,8.931599996984005,50,2.0744369998574257,2.3777069970965385,6.776721999049187,6.776721999049187
2026-08-30T15:37:37.680Z,12250.127,500,2.0059069991111755,5.29466400295496,5.386163994669914,8.348441004753113,50,2.0924679934978485,2.3767969980835915,8.072041004896164,8.072041004896164
2026-08-30T15:37:47.682Z,12260.128,500,1.9680480062961578,5.285804003477097,5.378943003714085,8.35988000035286,50,1.9710680022835732,2.2536579966545105,2.2906080037355423,2.2906080037355423
2026-08-30T15:37:57.680Z,12270.127,500,1.9821070060133934,5.252233996987343,5.4273829981684685,8.600879997015,50,2.025498002767563,2.20830699801445,8.3248910009861,8.3248910009861
2026-08-30T15:38:07.682Z,12280.127,500,1.9839970022439957,5.288493998348713,5.401773996651173,8.284999996423721,50,2.055267997086048,2.2543369978666306,2.3521369993686676,2.3521369993686676
2026-08-30T15:38:17.680Z,12290.128,500,1.9822780042886734,5.2854640036821365,5.380284003913403,11.830376997590065,50,2.0721170008182526,2.337497003376484,2.6728870049118996,2.6728870049118996
2026-08-30T15:38:27.682Z,12300.127,500,1.9825470000505447,5.2453939989209175,5.405664004385471,11.615615993738174,50,2.0090079978108406,2.215137004852295,2.3845769986510277,2.3845769986510277
2026-08-30T15:38:37.680Z,12310.127,500,1.96823800355196,5.262574002146721,5.370694003999233,10.901097998023033,50,2.0725580006837845,2.238687999546528,2.4598270058631897,2.4598270058631897
2026-08-30T15:38:47.681Z,12320.127,500,1.9779379963874817,5.248953998088837,5.481312997639179,47.69386500120163,50,1.998918004333973,2.269988000392914,26.844568997621536,26.844568997621536
2026-08-30T15:38:57.682Z,12330.127,500,1.9793469980359077,5.224263995885849,5.342523999512196,11.088956996798515,50,2.0152079984545708,2.203167997300625,2.2499770000576973,2.2499770000576973
2026-08-30T15:39:07.682Z,12340.128,500,1.9695179983973503,5.216293998062611,5.349444001913071,8.126931004226208,50,1.9699079990386963,2.236937001347542,2.397348001599312,2.397348001599312
2026-08-30T15:39:17.681Z,12350.129,500,1.9339779987931252,5.180954001843929,5.294444002211094,11.38934700191021,50,2.0100079998373985,2.182498000562191,2.264086998999119,2.264086998999119
2026-08-30T15:39:27.681Z,12360.128,500,1.9669579938054085,5.274863995611668,5.42213399708271,8.735959999263287,50,1.953737996518612,2.2535870000720024,2.5356569960713387,2.5356569960713387
2026-08-30T15:39:37.682Z,12370.128,500,1.9696979969739914,5.22792399674654,5.361634001135826,11.55111700296402,50,1.998657003045082,2.3229769989848137,2.3590070009231567,2.3590070009231567
2026-08-30T15:39:47.683Z,12380.128,500,1.9639879986643791,5.264683999121189,5.397363997995853,6.830951996147633,50,2.0319579988718033,2.136617995798588,2.2933370023965836,2.2933370023965836
2026-08-30T15:39:57.681Z,12390.128,500,1.9488079994916916,5.231643997132778,5.458203993737698,9.96305900067091,50,2.01655799895525,2.1576979979872704,9.662759006023407,9.662759006023407
2026-08-30T15:40:07.683Z,12400.129,500,1.8424270004034042,5.090793997049332,5.179883994162083,6.417743004858494,50,1.787598006427288,1.9879980012774467,2.0764669999480247,2.0764669999480247
2026-08-30T15:40:17.683Z,12410.129,500,1.8742579966783524,5.1119240000844,5.255323998630047,11.811167001724243,50,1.8524679988622665,2.0691369995474815,2.861097000539303,2.861097000539303
2026-08-30T15:40:27.683Z,12420.128,500,1.844208002090454,5.146003998816013,5.24422299861908,8.652470000088215,50,1.8801779970526695,2.0544780045747757,2.3101279959082603,2.3101279959082603
2026-08-30T15:40:37.681Z,12430.128,500,1.8939679935574532,5.128464005887508,5.293574005365372,11.331297002732754,50,1.9119070023298264,2.0687479972839355,2.110576994717121,2.110576994717121
2026-08-30T15:40:47.683Z,12440.128,500,1.894547000527382,5.143454000353813,5.274704001843929,11.357217006385326,50,1.9140679985284805,2.042136996984482,2.061238005757332,2.061238005757332
2026-08-30T15:40:57.681Z,12450.129,500,1.9615969955921173,5.212243996560574,5.391493998467922,6.0225329995155334,50,1.9427080005407333,2.236236996948719,2.3549180030822754,2.3549180030822754
2026-08-30T15:41:07.681Z,12460.129,500,1.931657999753952,5.231643997132778,5.3077839985489845,8.85019999742508,50,2.0195280015468597,2.147968001663685,2.2953080013394356,2.2953080013394356
2026-08-30T15:41:17.684Z,12470.129,500,1.9565480053424835,5.266184002161026,5.417934000492096,9.826119005680084,50,2.0278779938817024,2.2321380004286766,3.230265997350216,3.230265997350216
2026-08-30T15:41:27.681Z,12480.13,500,1.9764579981565475,5.262474000453949,5.445602998137474,10.228798002004623,50,2.0063979998230934,2.2854769974946976,9.930178001523018,9.930178001523018
2026-08-30T15:41:37.684Z,12490.129,500,1.941158004105091,5.261854000389576,5.428022995591164,11.176678001880646,50,1.953926995396614,2.237727999687195,2.9805060029029846,2.9805060029029846
2026-08-30T15:41:47.683Z,12500.129,500,1.8798869997262955,5.128713995218277,5.312363997101784,9.020139999687672,50,1.864477999508381,2.015276998281479,8.76188000291586,8.76188000291586
2026-08-30T15:41:57.684Z,12510.13,500,1.9559670016169548,5.258634001016617,5.393913999199867,12.078685998916626,50,1.9827179983258247,2.210627995431423,2.2952480018138885,2.2952480018138885
2026-08-30T15:42:07.684Z,12520.13,500,1.963798001408577,5.272103995084763,5.495612993836403,11.362747006118298,50,2.017867997288704,2.188918001949787,2.3090079948306084,2.3090079948306084
2026-08-30T15:42:17.683Z,12530.129,500,1.9447880014777184,5.2697339951992035,5.368114002048969,12.122685998678207,50,2.0371280014514923,2.251858003437519,2.3240680024027824,2.3240680024027824
2026-08-30T15:42:27.684Z,12540.129,500,1.9505879953503609,5.266713999211788,5.426834002137184,11.77369700372219,50,2.0280779972672462,2.2515970021486282,2.2887080013751984,2.2887080013751984
2026-08-30T15:42:37.684Z,12550.129,500,1.9323080033063889,5.230783998966217,5.381893999874592,12.056285999715328,50,1.9436379969120026,2.18460700660944,3.1659560054540634,3.1659560054540634
2026-08-30T15:42:47.682Z,12560.129,500,1.9137380048632622,5.171723999083042,5.31640399992466,12.077756002545357,50,1.9145179986953735,2.2001579999923706,2.2824169993400574,2.2824169993400574
2026-08-30T15:42:57.685Z,12570.13,500,1.9422580003738403,5.196763999760151,5.282894000411034,5.6756429970264435,50,1.9871679991483688,2.2067180052399635,2.447736993432045,2.447736993432045
2026-08-30T15:43:07.685Z,12580.131,500,1.985497996211052,5.3091240003705025,5.460073001682758,9.78744900226593,50,2.052707999944687,2.2693580016493797,2.3256170004606247,2.3256170004606247
2026-08-30T15:43:17.686Z,12590.131,500,1.9658579975366592,5.229914002120495,5.3375639989972115,5.479993999004364,50,1.958797998726368,2.2631480023264885,2.3182779997587204,2.3182779997587204
2026-08-30T15:43:27.683Z,12600.132,500,1.9061679989099503,5.163304001092911,5.388604000210762,8.940499998629093,50,1.8997579962015152,2.189418002963066,5.413254000246525,5.413254000246525
2026-08-30T15:43:37.684Z,12610.132,500,1.7132579982280731,4.947583995759487,5.063694000244141,10.911127999424934,50,1.7165379971265793,1.8725679963827133,1.9388680011034012,1.9388680011034012
2026-08-30T15:43:47.685Z,12620.131,500,1.9398579970002174,5.248443998396397,5.409864000976086,8.826820001006126,50,1.879368007183075,2.1546579971909523,2.237236998975277,2.237236998975277
2026-08-30T15:43:57.687Z,12630.132,500,1.9421770051121712,5.202044002711773,5.306444004178047,11.060436993837357,50,2.0492780059576035,2.209707997739315,2.333517000079155,2.333517000079155
2026-08-30T15:44:07.685Z,12640.131,500,1.954436995089054,5.255362994968891,5.458714000880718,11.262387000024319,50,2.0462170019745827,2.297546997666359,3.3369359970092773,3.3369359970092773
2026-08-30T15:44:17.685Z,12650.131,500,1.9425669983029366,5.237194001674652,5.404703997075558,6.770902998745441,50,1.986166998744011,2.1869079992175102,2.241866998374462,2.241866998374462
2026-08-30T15:44:27.685Z,12660.132,500,1.9547379985451698,5.205393999814987,5.305514000356197,9.971577994525433,50,1.9593469947576523,2.3012680038809776,9.707088999450207,9.707088999450207
2026-08-30T15:44:37.684Z,12670.132,500,2.0067479982972145,5.220904000103474,5.343123994767666,10.790647998452187,50,2.057268001139164,2.261186994612217,2.278057999908924,2.278057999908924
2026-08-30T15:44:47.686Z,12680.132,500,1.9604579955339432,5.2109939977526665,5.322654001414776,8.850758999586105,50,2.0612969994544983,2.218117006123066,2.331726998090744,2.331726998090744
2026-08-30T15:44:57.687Z,12690.132,500,1.909118004143238,5.16992399841547,5.344022996723652,53.75297799706459,50,1.873418003320694,2.0733780041337013,2.142737999558449,2.142737999558449
2026-08-30T15:45:07.685Z,12700.132,500,1.8657679930329323,5.072234004735947,5.200033999979496,8.145561002194881,50,1.8546679988503456,1.9949769973754883,2.1677680015563965,2.1677680015563965
2026-08-30T15:45:17.687Z,12710.132,500,1.9193680062890053,5.235364004969597,5.308013997972012,8.011679999530315,50,2.017196998000145,2.1261769980192184,2.181798003613949,2.181798003613949
2026-08-30T15:45:27.686Z,12720.133,500,2.081317998468876,5.390633001923561,5.6133629977703094,8.701139993965626,50,2.1254979968070984,2.3832880035042763,8.423699997365475,8.423699997365475
2026-08-30T15:45:37.689Z,12730.133,500,2.0413869991898537,5.344283998012543,5.491694003343582,11.469146996736526,50,2.024227999150753,2.240276999771595,3.1307459995150566,3.1307459995150566
2026-08-30T15:45:47.687Z,12740.134,500,1.983706995844841,5.226663999259472,5.435443997383118,8.783930003643036,50,2.0433980002999306,2.264956995844841,2.3555380031466484,2.3555380031466484
2026-08-30T15:45:57.688Z,12750.133,500,1.9841280058026314,5.2762539982795715,5.448343999683857,8.80417899787426,50,2.056657999753952,2.215847000479698,2.298427000641823,2.298427000641823
2026-08-30T15:46:07.686Z,12760.133,500,1.9789680019021034,5.281052999198437,5.449603997170925,9.07235000282526,50,1.9623369947075844,2.303057998418808,8.801169998943806,8.801169998943806
2026-08-30T15:46:17.689Z,12770.134,500,1.9772280007600784,5.198384001851082,5.323774002492428,11.245107002556324,50,1.9786470010876656,2.2909770011901855,2.674966998398304,2.674966998398304
2026-08-30T15:46:27.686Z,12780.133,500,1.8701480031013489,5.214744001626968,5.4430540055036545,10.490777999162674,50,1.834037996828556,2.146136999130249,2.17416799813509,2.17416799813509
2026-08-30T15:46:37.688Z,12790.134,500,1.960867002606392,5.215874001383781,5.38511299341917,9.59493900090456,50,1.9942369982600212,2.186998002231121,2.3522370010614395,2.3522370010614395
2026-08-30T15:46:47.686Z,12800.133,500,1.9701879993081093,5.265983998775482,5.364604003727436,7.5553620010614395,50,2.0160380005836487,2.253318004310131,2.324456997215748,2.324456997215748
2026-08-30T15:46:57.687Z,12810.134,500,1.9711879938840866,5.2181340008974075,5.313733994960785,12.068415999412537,50,2.0418070033192635,2.1875270009040833,2.309036999940872,2.309036999940872
2026-08-30T15:47:07.688Z,12820.134,500,1.9211769998073578,5.25823400169611,5.33101399987936,9.542749993503094,50,1.9650779962539673,2.2577669993042946,2.2869969978928566,2.2869969978928566
2026-08-30T15:47:17.686Z,12830.133,500,1.8325780034065247,5.114564001560211,5.382853999733925,10.333858005702496,50,1.8691780045628548,2.148236997425556,2.3964370042085648,2.3964370042085648
2026-08-30T15:47:27.686Z,12840.133,500,1.8126979991793633,5.070603996515274,5.214393995702267,11.873429000377655,50,1.8539180010557175,2.241278000175953,6.826412998139858,6.826412998139858
2026-08-30T15:47:37.687Z,12850.134,500,1.927277997136116,5.132634997367859,5.290514998137951,11.242819003760815,50,1.93180800229311,2.122417002916336,2.185018002986908,2.185018002986908
2026-08-30T15:47:47.687Z,12860.133,500,1.9426779970526695,5.209475003182888,5.399444997310638,9.634781002998352,50,1.9899380058050156,2.1921769976615906,2.405528001487255,2.405528001487255
2026-08-30T15:47:57.689Z,12870.134,500,1.9500180035829544,5.241275005042553,5.392714999616146,9.84647100418806,50,1.961777999997139,2.2002470046281815,9.567970998585224,9.567970998585224
2026-08-30T15:48:07.687Z,12880.135,500,1.9567479938268661,5.239655002951622,5.415375001728535,12.22833800315857,50,2.020837999880314,2.303287997841835,2.367897003889084,2.367897003889084
2026-08-30T15:48:17.689Z,12890.134,500,1.8500979989767075,5.176814995706081,5.346905000507832,9.910590998828411,50,1.9088479951024055,2.206698000431061,9.651360996067524,9.651360996067524
2026-08-30T15:48:27.687Z,12900.134,500,1.9069079980254173,5.190804995596409,5.36574500054121,11.858719006180763,50,1.9224679991602898,2.1115080043673515,2.9418070018291473,2.9418070018291473
2026-08-30T15:48:37.688Z,12910.135,500,1.8993590027093887,5.224895000457764,5.450614996254444,11.302240006625652,50,1.8876079991459846,2.1616180017590523,2.9743769988417625,2.9743769988417625
2026-08-30T15:48:47.690Z,12920.135,500,1.9579080045223236,5.214445002377033,5.364615000784397,9.336760997772217,50,1.9630480036139488,2.1094480007886887,2.207497999072075,2.207497999072075
2026-08-30T15:48:57.689Z,12930.135,500,1.9244690015912056,5.216935001313686,5.33432500064373,9.737231001257896,50,1.9794590026140213,2.2567280009388924,9.38697100430727,9.38697100430727
2026-08-30T15:49:07.689Z,12940.135,500,1.8441679999232292,5.125684998929501,5.219185002148151,5.477295003831387,50,1.9307180047035217,2.084788002073765,2.121628001332283,2.121628001332283
2026-08-30T15:49:17.690Z,12950.136,500,1.9789479970932007,5.325094997882843,5.5021950006484985,9.78235000371933,50,1.9760880023241043,2.2577780038118362,9.469970002770424,9.469970002770424
2026-08-30T15:49:27.688Z,12960.136,500,1.8237680047750473,5.110796004533768,5.38561499863863,12.173368997871876,50,1.9075580015778542,2.145526997745037,9.610871002078056,9.610871002078056
2026-08-30T15:49:37.691Z,12970.136,500,1.9612579941749573,5.285374000668526,5.421034999191761,11.052579998970032,50,2.025058001279831,2.251048006117344,2.3504779934883118,2.3504779934883118
2026-08-30T15:49:47.689Z,12980.135,500,2.0033480003476143,5.290304996073246,5.45975499600172,9.496111005544662,50,2.0702279955148697,2.279928006231785,2.333448000252247,2.333448000252247
2026-08-30T15:49:57.688Z,12990.135,500,1.865447998046875,5.1234849989414215,5.364084005355835,11.710368998348713,50,1.8648380041122437,2.185188002884388,3.1433970034122467,3.1433970034122467
2026-08-30T15:50:07.690Z,13000.135,500,1.9487879946827888,5.176704995334148,5.446385003626347,10.720550000667572,50,1.9311179965734482,2.2912380024790764,2.3896770030260086,2.3896770030260086
2026-08-30T15:50:17.688Z,13010.135,500,1.967108003795147,5.235574997961521,5.363685004413128,5.491923995316029,50,2.045017994940281,2.2546379938721657,2.3502469956874847,2.3502469956874847
2026-08-30T15:50:27.689Z,13020.135,500,2.0302979946136475,5.3154150024056435,5.4370549991726875,13.171647004783154,50,2.026317998766899,2.2280780002474785,2.4087570011615753,2.4087570011615753
2026-08-30T15:50:37.688Z,13030.135,500,2.0709680020809174,5.346145004034042,5.638234004378319,8.359921999275684,50,2.1306079998612404,2.2727780044078827,2.4089180007576942,2.4089180007576942
2026-08-30T15:50:47.690Z,13040.135,500,2.0418180003762245,5.30511400103569,5.429585002362728,12.29526899755001,50,2.117927998304367,2.272398002445698,2.4036579951643944,2.4036579951643944
2026-08-30T15:50:57.690Z,13050.136,500,1.8915880024433136,5.171394996345043,5.520495004951954,59.77843200415373,50,1.930638000369072,2.201657995581627,2.305637001991272,2.305637001991272
2026-08-30T15:51:07.688Z,13060.136,500,1.9846680015325546,5.357984997332096,5.527955003082752,11.386408999562263,50,1.9183190017938614,2.240028001368046,2.702656999230385,2.702656999230385
2026-08-30T15:51:17.691Z,13070.136,500,1.8489779978990555,5.14784500002861,5.25628499686718,8.5631820037961,50,1.867257997393608,2.0402079969644547,2.1657079979777336,2.1657079979777336
2026-08-30T15:51:27.688Z,13080.135,500,1.9786879941821098,5.210474997758865,5.447695001959801,9.553601004183292,50,2.020617999136448,2.1916270032525063,4.364405997097492,4.364405997097492
2026-08-30T15:51:37.689Z,13090.135,500,1.9464479982852936,5.242245003581047,5.387204997241497,12.618657000362873,50,1.9549980014562607,2.1601580008864403,2.2962279990315437,2.2962279990315437
2026-08-30T15:51:47.690Z,13100.135,500,1.9793080016970634,5.254785001277924,5.442754000425339,9.609260998666286,50,2.052928000688553,2.2240180000662804,2.3951970040798187,2.3951970040798187
2026-08-30T15:51:57.688Z,13110.135,500,1.9601790010929108,5.249505005776882,5.370565004646778,12.303809002041817,50,2.051187999546528,2.1748680025339127,2.3240479975938797,2.3240479975938797
2026-08-30T15:52:07.690Z,13120.136,500,1.9792880043387413,5.268125005066395,5.385214999318123,8.979552000761032,50,2.0474480018019676,2.243787996470928,2.3572580069303513,2.3572580069303513
2026-08-30T15:52:17.690Z,13130.135,500,1.9500080049037933,5.206785000860691,5.329745002090931,9.61183100193739,50,1.9409679993987083,2.217628002166748,2.2996580004692078,2.2996580004692078
2026-08-30T15:52:27.689Z,13140.135,500,1.964528001844883,5.2211150005459785,5.323824994266033,5.839713998138905,50,2.0353479981422424,2.153208002448082,2.1736380010843277,2.1736380010843277
2026-08-30T15:52:37.688Z,13150.135,500,1.8891879990696907,5.128574997186661,5.302655003964901,6.86506299674511,50,1.8955579996109009,2.0937779992818832,2.179278001189232,2.179278001189232
2026-08-30T15:52:47.691Z,13160.135,500,1.9448879957199097,5.215795002877712,5.3089649975299835,8.89445099979639,50,1.9358479976654053,2.1697380021214485,2.239736996591091,2.239736996591091
2026-08-30T15:52:57.689Z,13170.135,500,1.8956090062856674,5.1561949998140335,5.24312499910593,5.465284004807472,50,1.8615380004048347,2.120397999882698,2.183788001537323,2.183788001537323
2026-08-30T15:53:07.688Z,13180.135,500,1.9479480013251305,5.231885001063347,5.318995006382465,8.812781997025013,50,2.029168002307415,2.221338003873825,2.338537998497486,2.338537998497486
2026-08-30T15:53:17.689Z,13190.135,500,1.960818000137806,5.2520750015974045,5.394675001502037,10.12049999833107,50,1.9942280054092407,2.2663670033216476,2.3355080038309097,2.3355080038309097
2026-08-30T15:53:27.687Z,13200.136,500,1.9534780010581017,5.21153499931097,5.4607739970088005,11.956808999180794,50,1.9792080000042915,2.2584279999136925,5.659854002296925,5.659854002296925
2026-08-30T15:53:37.690Z,13210.136,500,1.9385280013084412,5.194775000214577,5.305335000157356,9.505250997841358,50,2.0458480045199394,2.2006480023264885,3.176567003130913,3.176567003130913
2026-08-30T15:53:47.690Z,13220.136,500,1.8872180059552193,5.133095003664494,5.233594998717308,9.532341003417969,50,1.8382279947400093,2.1081480011343956,2.1396480053663254,2.1396480053663254
2026-08-30T15:53:57.687Z,13230.136,500,1.9586080014705658,5.2163949981331825,5.377334997057915,12.19929800182581,50,1.9688890054821968,2.217737004160881,3.1984269991517067,3.1984269991517067
2026-08-30T15:54:07.691Z,13240.137,500,1.869388997554779,5.092605002224445,5.257674999535084,9.604980997741222,50,1.868877999484539,2.1173580065369606,2.2314380034804344,2.2314380034804344
2026-08-30T15:54:17.691Z,13250.137,500,1.87881900370121,5.149865001440048,5.2455850020051,9.270731002092361,50,1.8818880021572113,2.055987998843193,2.2527280002832413,2.2527280002832413
2026-08-30T15:54:27.692Z,13260.137,500,1.9358990043401718,5.172985002398491,5.317235000431538,12.48429799824953,50,1.9286480024456978,2.08491799980402,2.1680270060896873,2.1680270060896873
2026-08-30T15:54:37.693Z,13270.138,500,1.8904180005192757,5.147385001182556,5.266924999654293,5.464354000985622,50,1.8923880010843277,2.08304800093174,2.119488000869751,2.119488000869751
2026-08-30T15:54:47.691Z,13280.138,500,1.8681180030107498,5.09137500077486,5.272354997694492,10.665380001068115,50,1.8641379997134209,2.0239590033888817,2.564568005502224,2.564568005502224
2026-08-30T15:54:57.692Z,13290.137,500,1.8675080016255379,5.036375999450684,5.256914995610714,8.196532003581524,50,1.8425479978322983,2.0119780004024506,2.0847280025482178,2.0847280025482178
2026-08-30T15:55:07.690Z,13300.138,500,1.8874979987740517,5.133565001189709,5.356805004179478,12.415408000349998,50,1.9042580053210258,2.0705180019140244,2.8442369997501373,2.8442369997501373
2026-08-30T15:55:17.693Z,13310.138,500,1.9446180015802383,5.198075003921986,5.484334997832775,10.072741001844406,50,1.89877799898386,2.1154380068182945,9.805931001901627,9.805931001901627
2026-08-30T15:55:27.689Z,13320.138,500,1.87346900254488,5.107795000076294,5.288184002041817,8.797031998634338,50,1.8782479986548424,2.1335370019078255,5.410495005548,5.410495005548
2026-08-30T15:55:37.692Z,13330.138,500,1.9468579962849617,5.238865002989769,5.342545002698898,8.885181002318859,50,2.0591579973697662,2.2301879972219467,3.1304769963026047,3.1304769963026047
2026-08-30T15:55:47.690Z,13340.138,500,1.994538001716137,5.275685004889965,5.3789350017905235,11.648627996444702,50,2.057808004319668,2.215328000485897,2.274137996137142,2.274137996137142
2026-08-30T15:55:57.691Z,13350.137,500,1.9898579940199852,5.262054994702339,5.353574998676777,10.32480999827385,50,2.0179880037903786,2.330027997493744,10.02836000174284,10.02836000174284
2026-08-30T15:56:07.691Z,13360.138,500,1.8467389941215515,5.140175998210907,5.309675000607967,8.692921005189419,50,1.8296480029821396,2.1708379983901978,2.68087799847126,2.68087799847126
2026-08-30T15:56:17.693Z,13370.139,500,1.8809980005025864,5.146865002810955,5.281185001134872,8.811362005770206,50,1.929757997393608,2.427377998828888,2.7009680047631264,2.7009680047631264
2026-08-30T15:56:27.691Z,13380.139,500,2.030178003013134,5.357064999639988,5.442235000431538,9.701860003173351,50,2.0414990037679672,2.2687370032072067,2.3503680005669594,2.3503680005669594
2026-08-30T15:56:37.693Z,13390.139,500,1.7950880005955696,5.053324997425079,5.287744998931885,9.9149100035429,50,1.804867997765541,2.076537996530533,9.653240002691746,9.653240002691746
2026-08-30T15:56:47.694Z,13400.14,500,1.9536779969930649,5.227214999496937,5.3369539976119995,9.701021000742912,50,2.0064579993486404,2.2020480036735535,2.571136996150017,2.571136996150017
2026-08-30T15:56:57.693Z,13410.14,500,1.9695779979228973,5.231564998626709,5.429554000496864,9.64929100126028,50,2.0030779987573624,2.245237998664379,2.575587995350361,2.575587995350361
2026-08-30T15:57:07.694Z,13420.14,500,1.9753680005669594,5.2309750020504,5.380995005369186,9.693259999155998,50,2.0341480001807213,2.217587999999523,2.5458180010318756,2.5458180010318756
2026-08-30T15:57:17.694Z,13430.14,500,1.8686679974198341,5.19853500276804,5.425714001059532,9.701461002230644,50,1.8921380043029785,2.294557996094227,4.026356004178524,4.026356004178524
2026-08-30T15:57:27.691Z,13440.14,500,1.9569680020213127,5.257394999265671,5.570035003125668,16.041124001145363,50,2.0231180042028427,2.2936879992485046,11.646088004112244,11.646088004112244
2026-08-30T15:57:37.695Z,13450.141,500,1.9413990005850792,5.1899650022387505,5.3104849979281425,11.604558996856213,50,1.9004790037870407,2.1446580067276955,2.95346699655056,2.95346699655056
2026-08-30T15:57:47.695Z,13460.14,500,1.905518002808094,5.204864993691444,5.621835000813007,77.98256499320269,50,1.887417994439602,2.0530379936099052,2.2699680030345917,2.2699680030345917
2026-08-30T15:57:57.695Z,13470.141,500,1.8795579969882965,5.147073999047279,5.294694997370243,12.736487999558449,50,1.869108997285366,2.0628679990768433,2.096738003194332,2.096738003194332
2026-08-30T15:58:07.693Z,13480.141,500,1.909548006951809,5.180316001176834,5.35232499986887,9.745121002197266,50,1.902998000383377,2.1306979954242706,9.355401001870632,9.355401001870632
2026-08-30T15:58:17.695Z,13490.14,500,1.9829979985952377,5.288394995033741,5.511314995586872,10.419030003249645,50,1.9758780002593994,2.1990379989147186,3.7445359975099564,3.7445359975099564
2026-08-30T15:58:27.693Z,13500.141,500,2.031667999923229,5.396353997290134,5.4908949956297874,11.837338998913765,50,2.1168580055236816,2.246697999536991,2.8469879999756813,2.8469879999756813
2026-08-30T15:58:37.694Z,13510.14,500,1.9669689983129501,5.2565750032663345,5.431224003434181,12.002587996423244,50,2.0074479952454567,2.3056070059537888,9.75,9.75
2026-08-30T15:58:47.694Z,13520.141,500,2.0138479992747307,5.337154999375343,5.580724999308586,12.170997999608517,50,2.0720480009913445,2.3293780013918877,9.692529998719692,9.692529998719692
2026-08-30T15:58:57.693Z,13530.14,500,2.0400680005550385,5.348043993115425,5.474105000495911,6.784112997353077,50,2.0363779962062836,2.3338180035352707,2.6857270002365112,2.6857270002365112
2026-08-30T15:59:07.695Z,13540.14,500,1.9433379992842674,5.230745002627373,5.359935000538826,9.819229997694492,50,1.972798004746437,2.206957995891571,9.410250999033451,9.410250999033451
2026-08-30T15:59:17.693Z,13550.14,500,1.9787180051207542,5.21900499612093,5.384895004332066,5.872824005782604,50,2.003859005868435,2.243788003921509,2.7962070032954216,2.7962070032954216
2026-08-30T15:59:27.694Z,13560.141,500,1.9837980046868324,5.292504996061325,5.448334999382496,5.66193500161171,50,1.9956879988312721,2.4487479999661446,5.82379399985075,5.82379399985075
2026-08-30T15:59:37.695Z,13570.14,500,1.9786780029535294,5.222564995288849,5.325105004012585,11.017118997871876,50,1.9671389982104301,2.1256079971790314,2.8033570051193237,2.8033570051193237
2026-08-30T15:59:47.695Z,13580.141,500,1.9772680029273033,5.309715002775192,5.440154999494553,13.060087002813816,50,2.054937995970249,2.2637980058789253,3.6080670058727264,3.6080670058727264
2026-08-30T15:59:57.692Z,13590.141,500,1.9704779982566833,5.2448849976062775,5.341195002198219,13.359477996826172,50,2.021817997097969,2.2871880009770393,3.587796002626419,3.587796002626419
2026-08-30T16:00:07.694Z,13600.141,500,1.9457980021834373,5.232095003128052,5.442915000021458,11.098310001194477,50,1.9479779973626137,2.2605280056595802,7.555433005094528,7.555433005094528
2026-08-30T16:00:17.694Z,13610.141,500,2.0403579995036125,5.298615001142025,5.534494005143642,9.765730999410152,50,2.115988001227379,2.4887280017137527,3.4976160004734993,3.4976160004734993
2026-08-30T16:00:27.695Z,13620.142,500,1.746448002755642,4.971444994211197,5.1568050011992455,11.299750000238419,50,1.7730180025100708,1.9216680005192757,2.6326470002532005,2.6326470002532005
2026-08-30T16:00:37.694Z,13630.141,500,1.8587680011987686,5.1354950070381165,5.288644999265671,11.281019002199173,50,1.9011090025305748,2.126908004283905,3.1654269993305206,3.1654269993305206
2026-08-30T16:00:47.696Z,13640.142,500,1.961658000946045,5.226905003190041,5.356325000524521,10.38756000250578,50,2.0410879999399185,2.313638001680374,3.6939769983291626,3.6939769983291626
2026-08-30T16:00:57.694Z,13650.141,500,1.9567880034446716,5.213035002350807,5.48191499710083,12.116358004510403,50,1.9469380006194115,2.2385480031371117,4.480265997350216,4.480265997350216
2026-08-30T16:01:07.696Z,13660.142,500,1.993418000638485,5.279035001993179,5.44607499986887,12.233057998120785,50,2.0353779941797256,2.269818000495434,4.97910600155592,4.97910600155592
2026-08-30T16:01:17.694Z,13670.141,500,1.9419279992580414,5.210954993963242,5.332905001938343,12.191938996315002,50,1.9300579950213432,2.1858479976654053,2.353538006544113,2.353538006544113
2026-08-30T16:01:27.692Z,13680.141,500,1.9442679956555367,5.253245003521442,5.4604449942708015,11.90607900172472,50,1.8676680028438568,2.2010980024933815,4.427525997161865,4.427525997161865
2026-08-30T16:01:37.697Z,13690.142,500,1.8611389994621277,5.144826002418995,5.369685001671314,10.670529000461102,50,1.8789179995656013,2.175567999482155,2.2962279990315437,2.2962279990315437
2026-08-30T16:01:47.694Z,13700.142,500,1.909509003162384,5.225725002586842,5.387424997985363,12.447138004004955,50,1.8556279987096786,2.2162769958376884,8.808732002973557,8.808732002973557
2026-08-30T16:01:57.696Z,13710.142,500,2.0449379980564117,5.347835004329681,5.510234996676445,11.638989001512527,50,2.06003800034523,2.2600980028510094,2.5651770010590553,2.5651770010590553
2026-08-30T16:02:07.694Z,13720.142,500,1.9986680001020432,5.338885001838207,5.523984998464584,11.658768996596336,50,2.0689480006694794,2.3110569939017296,3.482946999371052,3.482946999371052
2026-08-30T16:02:17.696Z,13730.141,500,1.9754879996180534,5.245804995298386,5.461565002799034,56.69716499745846,50,1.9623090028762817,2.245177999138832,2.409398004412651,2.409398004412651
2026-08-30T16:02:27.696Z,13740.141,500,1.985287994146347,5.22426500171423,5.342025004327297,12.171688996255398,50,1.9218380004167557,2.0736979991197586,2.119368001818657,2.119368001818657
2026-08-30T16:02:37.694Z,13750.142,500,1.9373189955949783,5.155945003032684,5.312484994530678,11.250188998878002,50,1.9267880022525787,2.1252679973840714,2.257488004863262,2.257488004863262
2026-08-30T16:02:47.694Z,13760.142,500,1.841168001294136,5.121015004813671,5.261315003037453,11.718167997896671,50,1.826607994735241,2.005918003618717,3.1808669939637184,3.1808669939637184
2026-08-30T16:02:57.694Z,13770.141,500,2.020347997546196,5.310654997825623,5.502535000443459,11.584459006786346,50,2.02912800014019,2.26129799336195,2.3485179990530014,2.3485179990530014
2026-08-30T16:03:07.694Z,13780.141,500,1.8541079983115196,5.165895000100136,5.374875001609325,12.29815799742937,50,1.811358004808426,2.120357997715473,2.247388005256653,2.247388005256653
2026-08-30T16:03:17.696Z,13790.141,500,1.9480379968881607,5.333635002374649,5.497955001890659,13.276616998016834,50,1.9281380027532578,2.2345679998397827,2.3424079939723015,2.3424079939723015
2026-08-30T16:03:27.692Z,13800.141,500,1.96543899923563,5.242495000362396,5.4310939982533455,12.56835799664259,50,2.0021679997444153,2.4125779941678047,4.767506003379822,4.767506003379822
2026-08-30T16:03:37.694Z,13810.141,500,1.9837980046868324,5.300235003232956,5.498245000839233,12.709558002650738,50,1.9767479971051216,2.157018005847931,2.287777006626129,2.287777006626129
2026-08-30T16:03:47.695Z,13820.141,500,1.9827980026602745,5.265574999153614,5.429664999246597,12.166248001158237,50,2.0669979974627495,2.190828002989292,2.3185370042920113,2.3185370042920113
2026-08-30T16:03:57.694Z,13830.141,500,2.052897997200489,5.390594996511936,5.582335002720356,10.304829999804497,50,2.1405180022120476,2.2540979981422424,2.3686279952526093,2.3686279952526093
2026-08-30T16:04:07.695Z,13840.141,500,2.0452880039811134,5.3737649992108345,5.451214000582695,11.34450899809599,50,2.151178002357483,2.2863880023360252,2.378588005900383,2.378588005900383
2026-08-30T16:04:17.694Z,13850.142,500,2.022188000380993,5.3513950034976006,5.482914999127388,10.741909995675087,50,2.0146890059113503,2.3084969967603683,2.425407998263836,2.425407998263836
2026-08-30T16:04:27.697Z,13860.142,500,2.056947998702526,5.332304999232292,5.505315005779266,12.358598001301289,50,2.1246579959988594,2.3191279992461205,2.3526379987597466,2.3526379987597466
2026-08-30T16:04:37.695Z,13870.141,500,2.0204190015792847,5.318487003445625,5.434626996517181,13.739616997539997,50,2.089689001441002,2.2539179995656013,2.432808004319668,2.432808004319668
2026-08-30T16:04:47.695Z,13880.141,500,1.9971779957413673,5.265956997871399,5.565666005015373,12.252591997385025,50,2.059389002621174,2.307698003947735,2.3908189982175827,2.3908189982175827
2026-08-30T16:04:57.694Z,13890.142,500,1.9742389991879463,5.226756997406483,5.325606994330883,10.428524002432823,50,1.9898580014705658,2.310388997197151,3.184788003563881,3.184788003563881
2026-08-30T16:05:07.695Z,13900.142,500,1.9615590050816536,5.263466998934746,5.434707000851631,11.180134005844593,50,2.0659689977765083,2.242398999631405,3.805898003280163,3.805898003280163
2026-08-30T16:05:17.694Z,13910.142,500,1.931928999722004,5.174906998872757,5.320637002587318,11.994641996920109,50,1.933449000120163,2.1107480004429817,2.1798690035939217,2.1798690035939217
2026-08-30T16:05:27.694Z,13920.141,500,1.9727879986166954,5.228506997227669,5.500877000391483,11.284613005816936,50,1.9678990021348,4.696517005562782,9.482133999466896,9.482133999466896
2026-08-30T16:05:37.695Z,13930.142,500,1.9865190014243126,5.249376997351646,5.39681700617075,12.995012000203133,50,2.00220900028944,2.1701389998197556,2.302948996424675,2.302948996424675
2026-08-30T16:05:47.696Z,13940.142,500,1.9708489999175072,5.2321270033717155,5.397647000849247,11.539192996919155,50,1.9994189962744713,2.1357489973306656,2.2950790002942085,2.2950790002942085
2026-08-30T16:05:57.694Z,13950.141,500,2.0725279971957207,5.355956993997097,5.526257000863552,11.703332997858524,50,2.121108002960682,2.2923489958047867,2.4181779995560646,2.4181779995560646
2026-08-30T16:06:07.696Z,13960.142,500,1.9865790009498596,5.298676997423172,5.439647004008293,10.298012994229794,50,1.9763079956173897,2.244548998773098,2.2982180044054985,2.2982180044054985
2026-08-30T16:06:17.696Z,13970.141,500,1.9830490052700043,5.262696996331215,5.488425999879837,11.496903002262115,50,2.0719180032610893,2.2331489995121956,3.618226997554302,3.618226997554302
2026-08-30T16:06:27.695Z,13980.141,500,1.9462679997086525,5.253847002983093,5.371507003903389,12.16058300435543,50,2.053428001701832,2.300228998064995,2.3564079999923706,2.3564079999923706
2026-08-30T16:06:37.695Z,13990.142,500,1.8601789996027946,5.219537004828453,5.442076995968819,10.204704001545906,50,1.9193079993128777,2.1971789970993996,2.3895590007305145,2.3895590007305145
2026-08-30T16:06:47.696Z,14000.142,500,1.8970990031957626,5.135237000882626,5.250067003071308,11.812293000519276,50,1.94012900441885,2.172478996217251,9.424993999302387,9.424993999302387
2026-08-30T16:06:57.696Z,14010.142,500,1.9061089977622032,5.245677001774311,5.5061869993805885,12.151043005287647,50,1.9091689959168434,2.400619000196457,2.90200899541378,2.90200899541378
2026-08-30T16:07:07.696Z,14020.141,500,2.040149003267288,5.298577003180981,5.459017001092434,12.197792999446392,50,2.0895189940929413,2.2620680034160614,3.2627080008387566,3.2627080008387566
2026-08-30T16:07:17.694Z,14030.141,500,1.995628997683525,5.310077004134655,5.428107000887394,10.846533000469208,50,1.9790580049157143,2.2223889976739883,3.232837997376919,3.232837997376919
2026-08-30T16:07:27.695Z,14040.141,500,2.049398995935917,5.352946996688843,5.494516000151634,10.25951400399208,50,2.1317880004644394,2.300918996334076,4.776357002556324,4.776357002556324
2026-08-30T16:07:37.695Z,14050.142,500,1.9588490054011345,5.23700699955225,5.398745998740196,12.354162000119686,50,1.9868789985775948,2.218299001455307,2.871578000485897,2.871578000485897
2026-08-30T16:07:47.695Z,14060.142,500,1.990938000380993,5.271556995809078,5.397857002913952,12.318662002682686,50,2.035649001598358,2.311189003288746,3.2691680043935776,3.2691680043935776
2026-08-30T16:07:57.696Z,14070.142,500,1.937719002366066,5.210996001958847,5.351856999099255,10.114023998379707,50,1.9570489972829819,2.1489590033888817,2.373328998684883,2.373328998684883
2026-08-30T16:08:07.697Z,14080.142,500,1.9903190061450005,5.269216999411583,5.494745999574661,12.289022006094456,50,2.0640479996800423,2.3160689994692802,2.7246979996562004,2.7246979996562004
2026-08-30T16:08:17.697Z,14090.143,500,1.7819689959287643,5.043747000396252,5.274437002837658,12.621762000024319,50,1.8183590024709702,2.4223080053925514,3.4729380011558533,3.4729380011558533
2026-08-30T16:08:27.695Z,14100.142,500,1.8881380036473274,5.235776998102665,5.495786003768444,12.106342002749443,50,1.9556289985775948,2.2310680001974106,2.2843189984560013,2.2843189984560013
2026-08-30T16:08:37.697Z,14110.142,500,1.882699005305767,5.267565995454788,5.459526002407074,11.959842003881931,50,1.9198589995503426,2.282939001917839,2.4670679941773415,2.4670679941773415
2026-08-30T16:08:47.695Z,14120.142,500,1.8212390020489693,5.174147002398968,10.658733002841473,49.778820000588894,50,1.905959002673626,2.2069390043616295,29.830881997942924,29.830881997942924
2026-08-30T16:08:57.696Z,14130.142,500,1.9906990006566048,5.258856996893883,5.443207003176212,11.88247299939394,50,2.0538590028882027,2.1976889967918396,2.339608997106552,2.339608997106552
2026-08-30T16:09:07.697Z,14140.143,500,1.9521389976143837,5.2225769981741905,5.418976999819279,11.179243005812168,50,1.9441789984703064,2.1685779988765717,2.190029002726078,2.190029002726078
2026-08-30T16:09:17.696Z,14150.142,500,2.067859001457691,5.3487470000982285,5.473706997931004,13.749610997736454,50,2.123249001801014,2.3883180022239685,8.794693998992443,8.794693998992443
2026-08-30T16:09:27.695Z,14160.142,500,1.9742689952254295,5.236676000058651,5.377537004649639,11.189383998513222,50,2.0128490030765533,2.3410289958119392,4.282737001776695,4.282737001776695
2026-08-30T16:09:37.695Z,14170.142,500,1.9914980009198189,5.263126000761986,5.407087005674839,9.265144996345043,50,2.0415989980101585,2.284949004650116,2.5699680000543594,2.5699680000543594
2026-08-30T16:09:47.695Z,14180.142,500,1.7641489952802658,5.001047000288963,5.203876994550228,10.949853003025055,50,1.7431290000677109,1.9589090049266815,2.693128004670143,2.693128004670143
2026-08-30T16:09:57.695Z,14190.142,500,1.8570389971137047,5.147877000272274,6.081777006387711,12.469892002642155,50,1.8475989997386932,2.1706679984927177,3.776436999440193,3.776436999440193
2026-08-30T16:10:07.695Z,14200.142,500,1.962838999927044,5.27386699616909,6.40616700053215,11.984843000769615,50,1.9529989957809448,2.2080590054392815,2.3740179985761642,2.3740179985761642
2026-08-30T16:10:17.697Z,14210.143,500,2.0436189994215965,5.307686999440193,5.4116970002651215,12.218703001737595,50,2.0329080000519753,2.2193479984998703,2.2843279987573624,2.2843279987573624
2026-08-30T16:10:27.696Z,14220.142,500,2.035759001970291,5.264596998691559,5.435477003455162,11.317542999982834,50,2.0503890067338943,2.360707998275757,8.767285004258156,8.767285004258156
2026-08-30T16:10:37.695Z,14230.143,500,2.0083479955792427,5.3064959943294525,5.426756002008915,11.75705300271511,50,2.0849990025162697,2.358377993106842,3.495357997715473,3.495357997715473
2026-08-30T16:10:47.695Z,14240.142,500,1.9811789989471436,5.271045997738838,5.467077001929283,11.224032998085022,50,2.0342089980840683,2.2547079995274544,4.35724700242281,4.35724700242281
2026-08-30T16:10:57.696Z,14250.142,500,1.9750489965081215,5.230737000703812,5.4617259949445724,11.699083000421524,50,2.025508999824524,2.1444789990782738,2.335188999772072,2.335188999772072
2026-08-30T16:11:07.697Z,14260.143,500,1.970099002122879,5.2452269941568375,5.483736999332905,11.942042998969555,50,2.045709006488323,2.2086490020155907,6.221246004104614,6.221246004104614
2026-08-30T16:11:17.697Z,14270.142,500,1.9646290019154549,5.244596004486084,5.372247003018856,11.778912998735905,50,2.0484090000391006,2.251978002488613,2.367427997291088,2.367427997291088
2026-08-30T16:11:27.695Z,14280.142,500,1.9801589995622635,5.245277002453804,5.360426999628544,13.02029299736023,50,1.9824689999222755,2.2842089980840683,4.053866997361183,4.053866997361183
2026-08-30T16:11:37.695Z,14290.142,500,1.9625990018248558,5.204787001013756,5.340017005801201,9.844554997980595,50,2.0182989984750748,2.29789799451828,3.7381680011749268,3.7381680011749268
2026-08-30T16:11:47.697Z,14300.143,500,1.990947999060154,5.263217002153397,5.391995996236801,12.095762997865677,50,2.0537990033626556,2.2438679933547974,7.616955004632473,7.616955004632473
2026-08-30T16:11:57.696Z,14310.142,500,1.9778380021452904,5.219186998903751,5.377846993505955,13.907931998372078,50,2.0560779944062233,2.222019001841545,2.326038993895054,2.326038993895054
2026-08-30T16:12:07.695Z,14320.142,500,1.8825489953160286,5.237887002527714,5.399956993758678,9.94234400242567,50,1.8580389991402626,2.165369004011154,2.1931079998612404,2.1931079998612404
2026-08-30T16:12:17.696Z,14330.142,500,1.8650880008935928,5.165936999022961,5.413116998970509,11.388632997870445,50,1.8733490034937859,2.1942889988422394,9.695374995470047,9.695374995470047
2026-08-30T16:12:27.697Z,14340.142,500,1.9425589963793755,5.211377002298832,5.343137003481388,11.417344003915787,50,1.9832190051674843,2.276349000632763,3.749948002398014,3.749948002398014
2026-08-30T16:12:37.697Z,14350.142,500,1.8902890011668205,5.123356997966766,5.472837001085281,12.792851999402046,50,1.8573890030384064,2.220568999648094,2.3932080045342445,2.3932080045342445
2026-08-30T16:12:47.695Z,14360.142,500,1.8853590041399002,5.108337000012398,5.283447004854679,14.416531004011631,50,1.8973290026187897,2.146558001637459,2.1909289956092834,2.1909289956092834
2026-08-30T16:12:57.697Z,14370.143,500,1.8634689971804619,5.081647001206875,5.236506998538971,11.94599299877882,50,1.803627997636795,2.0527990013360977,2.2591979950666428,2.2591979950666428
2026-08-30T16:13:07.696Z,14380.142,500,1.9817090034484863,5.212577000260353,5.486887000501156,13.790712006390095,50,1.9777089953422546,2.3318990021944046,3.3807379975914955,3.3807379975914955
2026-08-30T16:13:17.695Z,14390.142,500,1.8575590029358864,5.126977004110813,5.29585699737072,12.25569299608469,50,1.8179389983415604,2.11531899869442,9.436583995819092,9.436583995819092
2026-08-30T16:13:27.535Z,14399.981,493,1.9085289984941483,5.133397005498409,5.448327004909515,11.491694003343582,49,1.9139590039849281,2.1143990010023117,3.019947998225689,3.019947998225689
