timestamp,elapsed_seconds,rss_bytes,peak_rss_bytes,process_swap_bytes,pss_bytes,anonymous_bytes,private_clean_bytes,private_dirty_bytes,shared_clean_bytes,shared_dirty_bytes,lazy_free_bytes,anonymous_huge_pages_bytes,system_available_bytes,system_swap_used_bytes,load_1
2026-08-30T12:13:27.588Z,0.038,1341427712,1341427712,0,1338529792,1317949440,20467712,1317982208,2981888,0,0,0,12362993664,942080,2.05
2026-08-30T12:13:37.613Z,10.063,1348120576,1348120576,0,1345218560,1324638208,20467712,1324670976,2981888,0,0,0,12351909888,942080,1.73
2026-08-30T12:13:47.614Z,20.064,1359839232,1359839232,0,1357047808,1336467456,20467712,1336500224,2981888,0,0,0,12346810368,942080,1.54
2026-08-30T12:13:57.594Z,30.044,1386799104,1386799104,0,1383946240,1363365888,20467712,1363398656,2981888,0,0,0,12314124288,942080,1.31
2026-08-30T12:14:07.614Z,40.064,1413009408,1414017024,0,1410181120,1389600768,20467712,1389633536,2981888,0,0,0,12281245696,942080,1.59
2026-08-30T12:14:17.619Z,50.069,1435484160,1435484160,0,1432582144,1412001792,20467712,1412034560,2981888,0,0,0,12446494720,942080,1.34
2026-08-30T12:14:27.614Z,60.064,1439219712,1439358976,0,1436211200,1415630848,20467712,1415663616,2981888,0,0,0,12444692480,942080,1.13
2026-08-30T12:14:37.596Z,70.046,1439158272,1439358976,0,1436256256,1415675904,20467712,1415708672,2981888,0,0,0,12444233728,942080,0.96
2026-08-30T12:14:47.614Z,80.064,1457561600,1457561600,0,1454729216,1434148864,20467712,1434181632,2981888,0,0,0,12424433664,942080,0.97
2026-08-30T12:14:57.609Z,90.059,1482448896,1482448896,0,1479596032,1459015680,20467712,1459048448,2981888,0,0,0,12396879872,942080,0.89
2026-08-30T12:15:07.617Z,100.067,1506562048,1506562048,0,1503770624,1483190272,20467712,1483223040,2981888,0,0,0,12368781312,942080,0.75
2026-08-30T12:15:17.615Z,110.065,1530703872,1530703872,0,1527904256,1507323904,20467712,1507356672,2981888,0,0,0,12351565824,942080,0.64
2026-08-30T12:15:27.625Z,120.075,1553854464,1556578304,0,1551172608,1530593280,20467712,1530626048,2981888,0,0,0,12326854656,942080,0.54
2026-08-30T12:15:37.619Z,130.069,1577041920,1577041920,0,1574245376,1553666048,20467712,1553698816,2981888,0,0,0,12295897088,942080,0.46
2026-08-30T12:15:47.620Z,140.07,1600987136,1600987136,0,1598194688,1577615360,20467712,1577648128,2981888,0,0,0,12274225152,942080,0.47
2026-08-30T12:15:57.621Z,150.071,1652510720,1652510720,0,1649677312,1629097984,20467712,1629130752,2981888,0,0,0,12108423168,942080,0.39
2026-08-30T12:16:07.625Z,160.075,1653178368,1653178368,0,1650275328,1629696000,20467712,1629728768,2981888,0,0,0,12110147584,942080,0.33
2026-08-30T12:16:17.624Z,170.074,1653202944,1653202944,0,1650299904,1629720576,20467712,1629753344,2981888,0,0,0,12109869056,942080,0.36
2026-08-30T12:16:27.624Z,180.074,1653329920,1653329920,0,1650426880,1629847552,20467712,1629880320,2981888,0,0,0,12108476416,942080,0.31
2026-08-30T12:16:37.619Z,190.069,1654198272,1654198272,0,1651295232,1630715904,20467712,1630748672,2981888,0,0,0,12107501568,942080,0.33
2026-08-30T12:16:47.622Z,200.072,1654255616,1654255616,0,1651352576,1630773248,20467712,1630806016,2981888,0,0,0,12107501568,942080,0.28
2026-08-30T12:16:57.625Z,210.075,1654161408,1654161408,0,1651258368,1630679040,20467712,1630711808,2981888,0,0,0,12107505664,942080,0.24
2026-08-30T12:17:07.622Z,220.072,1654165504,1654165504,0,1651262464,1630683136,20467712,1630715904,2981888,0,0,0,12106039296,942080,0.35
2026-08-30T12:17:17.621Z,230.071,1654759424,1654759424,0,1651856384,1631277056,20467712,1631309824,2981888,0,0,0,12105555968,942080,0.45
2026-08-30T12:17:27.625Z,240.075,1654808576,1654808576,0,1651905536,1631326208,20467712,1631358976,2981888,0,0,0,12105330688,942080,0.38
2026-08-30T12:17:37.622Z,250.072,1654820864,1654820864,0,1651917824,1631338496,20467712,1631371264,2981888,0,0,0,12105101312,942080,0.4
2026-08-30T12:17:47.608Z,260.058,1661898752,1661898752,0,1659039744,1638461440,20467712,1638494208,2981888,0,0,0,12100714496,942080,0.34
2026-08-30T12:17:57.625Z,270.075,1708724224,1708724224,0,1705820160,1685241856,20467712,1685274624,2981888,0,0,0,12045307904,942080,0.28
2026-08-30T12:18:07.618Z,280.068,1708744704,1708744704,0,1705840640,1685262336,20467712,1685295104,2981888,0,0,0,12050214912,942080,0.32
2026-08-30T12:18:17.627Z,290.077,1708777472,1708777472,0,1705873408,1685295104,20467712,1685327872,2981888,0,0,0,12050669568,942080,0.43
2026-08-30T12:18:27.624Z,300.074,1708789760,1708789760,0,1705885696,1685307392,20467712,1685340160,2981888,0,0,0,12051214336,942080,0.36
2026-08-30T12:18:37.620Z,310.07,1708793856,1708793856,0,1705889792,1685311488,20467712,1685344256,2981888,0,0,0,12051214336,942080,0.3
2026-08-30T12:18:47.625Z,320.075,1708793856,1708793856,0,1705889792,1685311488,20467712,1685344256,2981888,0,0,0,12050755584,942080,0.26
2026-08-30T12:18:57.607Z,330.057,1708802048,1708802048,0,1705897984,1685319680,20467712,1685352448,2981888,0,0,0,12049608704,942080,0.22
2026-08-30T12:19:07.625Z,340.075,1709305856,1709305856,0,1706401792,1685823488,20467712,1685856256,2981888,0,0,0,12049379328,942080,0.18
2026-08-30T12:19:17.617Z,350.067,1709305856,1709305856,0,1706401792,1685823488,20467712,1685856256,2981888,0,0,0,12049149952,942080,0.23
2026-08-30T12:19:27.631Z,360.081,1709318144,1709318144,0,1706414080,1685835776,20467712,1685868544,2981888,0,0,0,12049149952,942080,0.2
2026-08-30T12:19:37.608Z,370.058,1710391296,1710391296,0,1707485184,1686908928,20467712,1686941696,2981888,0,0,0,12049182720,942080,0.24
2026-08-30T12:19:47.626Z,380.076,1729806336,1729806336,0,1727047680,1706471424,20467712,1706504192,2981888,0,0,0,12026224640,942080,0.2
2026-08-30T12:19:57.626Z,390.076,1753751552,1753751552,0,1750992896,1730416640,20467712,1730449408,2981888,0,0,0,11992018944,942080,0.17
2026-08-30T12:20:07.626Z,400.076,1777684480,1777684480,0,1774925824,1754349568,20467712,1754382336,2981888,0,0,0,11969921024,942080,0.3
2026-08-30T12:20:17.627Z,410.077,1801682944,1801682944,0,1798924288,1778348032,20467712,1778380800,2981888,0,0,0,11954913280,942080,0.33
2026-08-30T12:20:27.628Z,420.078,1825689600,1825689600,0,1822930944,1802354688,20467712,1802387456,2981888,0,0,0,12058640384,942080,0.28
2026-08-30T12:20:37.628Z,430.078,1849683968,1849683968,0,1846925312,1826349056,20467712,1826381824,2981888,0,0,0,12034490368,942080,0.23
2026-08-30T12:20:47.629Z,440.079,1874489344,1874489344,0,1871726592,1851150336,20467712,1851183104,2981888,0,0,0,12004347904,942080,0.2
2026-08-30T12:20:57.628Z,450.078,1898479616,1898479616,0,1895720960,1875144704,20467712,1875177472,2981888,0,0,0,11978383360,942080,0.17
2026-08-30T12:21:07.628Z,460.078,1922473984,1922473984,0,1919715328,1899139072,20467712,1899171840,2981888,0,0,0,11957739520,942080,0.14
2026-08-30T12:21:17.629Z,470.079,1946464256,1946464256,0,1943709696,1923133440,20467712,1923166208,2981888,0,0,0,11930198016,942080,0.12
2026-08-30T12:21:27.633Z,480.083,1953619968,1953619968,0,1950712832,1930137600,20467712,1930170368,2981888,0,0,0,11913625600,942080,0.33
2026-08-30T12:21:37.632Z,490.082,1953701888,1953701888,0,1950794752,1930219520,20467712,1930252288,2981888,0,0,0,11913469952,942080,0.28
2026-08-30T12:21:47.614Z,500.064,1953751040,1953751040,0,1950843904,1930268672,20467712,1930301440,2981888,0,0,0,11913011200,942080,0.23
2026-08-30T12:21:57.632Z,510.082,1953751040,1953751040,0,1950843904,1930268672,20467712,1930301440,2981888,0,0,0,11913932800,942080,0.2
2026-08-30T12:22:07.631Z,520.081,1953013760,1961615360,0,1950106624,1929531392,20467712,1929564160,2981888,0,0,0,11919835136,942080,0.17
2026-08-30T12:22:17.629Z,530.079,1953087488,1961615360,0,1950180352,1929605120,20467712,1929637888,2981888,0,0,0,11919577088,942080,0.14
2026-08-30T12:22:27.631Z,540.081,1955991552,1961615360,0,1953084416,1932509184,20467712,1932541952,2981888,0,0,0,11914932224,942080,0.2
2026-08-30T12:22:37.631Z,550.081,1956003840,1961615360,0,1953096704,1932521472,20467712,1932554240,2981888,0,0,0,11914932224,942080,0.17
2026-08-30T12:22:47.631Z,560.081,1956007936,1961615360,0,1953100800,1932525568,20467712,1932558336,2981888,0,0,0,11915227136,942080,0.14
2026-08-30T12:22:57.632Z,570.082,1956007936,1961615360,0,1953100800,1932525568,20467712,1932558336,2981888,0,0,0,11915227136,942080,0.12
2026-08-30T12:23:07.631Z,580.081,1956007936,1961615360,0,1953100800,1932525568,20467712,1932558336,2981888,0,0,0,11915231232,942080,0.26
2026-08-30T12:23:17.631Z,590.081,1956007936,1961615360,0,1953100800,1932525568,20467712,1932558336,2981888,0,0,0,11915001856,942080,0.22
2026-08-30T12:23:27.635Z,600.085,1956007936,1961615360,0,1953100800,1932525568,20467712,1932558336,2981888,0,0,0,11914088448,942080,0.19
2026-08-30T12:23:37.631Z,610.081,1956007936,1961615360,0,1953100800,1932525568,20467712,1932558336,2981888,0,0,0,11914092544,942080,0.16
2026-08-30T12:23:47.628Z,620.078,1956007936,1961615360,0,1953100800,1932525568,20467712,1932558336,2981888,0,0,0,11914092544,942080,0.13
2026-08-30T12:23:57.633Z,630.083,1955926016,1961615360,0,1953018880,1932443648,20467712,1932476416,2981888,0,0,0,11914092544,942080,0.19
2026-08-30T12:24:07.617Z,640.067,2023997440,2023997440,0,2021110784,2000535552,20467712,2000568320,2981888,0,0,0,11893305344,942080,0.16
2026-08-30T12:24:17.632Z,650.082,2024128512,2024128512,0,2021221376,2000646144,20467712,2000678912,2981888,0,0,0,11890929664,942080,0.13
2026-08-30T12:24:27.617Z,660.067,2024165376,2024165376,0,2021258240,2000683008,20467712,2000715776,2981888,0,0,0,11880386560,942080,0.11
2026-08-30T12:24:37.632Z,670.082,2024165376,2024165376,0,2021258240,2000683008,20467712,2000715776,2981888,0,0,0,11879448576,942080,0.09
2026-08-30T12:24:47.616Z,680.066,2024165376,2024165376,0,2021258240,2000683008,20467712,2000715776,2981888,0,0,0,11877355520,942080,0.24
2026-08-30T12:24:57.626Z,690.076,2024165376,2024165376,0,2021258240,2000683008,20467712,2000715776,2981888,0,0,0,11876896768,942080,0.28
2026-08-30T12:25:07.641Z,700.091,2024165376,2024165376,0,2021258240,2000683008,20467712,2000715776,2981888,0,0,0,11876208640,942080,0.23
2026-08-30T12:25:17.609Z,710.059,2024165376,2024165376,0,2021258240,2000683008,20467712,2000715776,2981888,0,0,0,11875045376,942080,0.27
2026-08-30T12:25:27.636Z,720.086,2024091648,2024091648,0,2021184512,2000609280,20467712,2000642048,2981888,0,0,0,11873415168,942080,0.23
2026-08-30T12:25:37.639Z,730.089,2024091648,2024091648,0,2021184512,2000609280,20467712,2000642048,2981888,0,0,0,11873415168,942080,0.19
2026-08-30T12:25:47.632Z,740.082,2024091648,2024091648,0,2021184512,2000609280,20467712,2000642048,2981888,0,0,0,11873251328,942080,0.16
2026-08-30T12:25:57.629Z,750.079,2024091648,2024091648,0,2021184512,2000609280,20467712,2000642048,2981888,0,0,0,11872563200,942080,0.14
2026-08-30T12:26:07.615Z,760.065,2024091648,2024091648,0,2021254144,2000678912,20467712,2000711680,2981888,0,0,0,11872563200,942080,0.12
2026-08-30T12:26:17.638Z,770.088,2024185856,2024185856,0,2021278720,2000703488,20467712,2000736256,2981888,0,0,0,11872563200,942080,0.1
2026-08-30T12:26:27.615Z,780.065,2024185856,2024185856,0,2021278720,2000703488,20467712,2000736256,2981888,0,0,0,11872104448,942080,0.08
2026-08-30T12:26:37.635Z,790.085,2063024128,2063024128,0,2060264448,2039689216,20467712,2039721984,2981888,0,0,0,11832365056,942080,0.07
2026-08-30T12:26:47.640Z,800.09,2087002112,2087002112,0,2084242432,2063667200,20467712,2063699968,2981888,0,0,0,11800711168,942080,0.06
2026-08-30T12:26:57.625Z,810.075,2110988288,2110988288,0,2108224512,2087649280,20467712,2087682048,2981888,0,0,0,11776712704,942080,0.13
2026-08-30T12:27:07.625Z,820.075,2134966272,2134966272,0,2132153344,2111578112,20467712,2111610880,2981888,0,0,0,11752554496,942080,0.11
2026-08-30T12:27:17.640Z,830.09,2161373184,2161373184,0,2158613504,2138038272,20467712,2138071040,2981888,0,0,0,11722174464,942080,0.09
2026-08-30T12:27:27.640Z,840.09,2185367552,2185367552,0,2182607872,2162032640,20467712,2162065408,2981888,0,0,0,11696664576,942080,0.08
2026-08-30T12:27:37.651Z,850.101,2209341440,2209341440,0,2206622720,2186047488,20467712,2186080256,2981888,0,0,0,11676307456,942080,0.06
2026-08-30T12:27:47.642Z,860.092,2233319424,2233319424,0,2230555648,2209980416,20467712,2210013184,2981888,0,0,0,11656146944,942080,0.14
2026-08-30T12:27:57.642Z,870.092,2257285120,2257285120,0,2254525440,2233950208,20467712,2233982976,2981888,0,0,0,11625975808,942080,0.19
2026-08-30T12:28:07.620Z,880.07,2281254912,2281254912,0,2278384640,2257809408,20467712,2257842176,2981888,0,0,0,11631984640,942080,0.24
2026-08-30T12:28:17.643Z,890.093,2305146880,2305146880,0,2302387200,2281811968,20467712,2281844736,2981888,0,0,0,11591680000,942080,0.2
2026-08-30T12:28:27.643Z,900.093,2329108480,2329108480,0,2326348800,2305773568,20467712,2305806336,2981888,0,0,0,11564507136,942080,0.32
2026-08-30T12:28:37.637Z,910.087,2349830144,2349830144,0,2346947584,2326372352,20467712,2326405120,2981888,0,0,0,11532537856,942080,0.27
2026-08-30T12:28:47.647Z,920.097,2354880512,2354880512,0,2351973376,2331398144,20467712,2331430912,2981888,0,0,0,11529809920,942080,0.39
2026-08-30T12:28:57.643Z,930.093,2354933760,2354933760,0,2352026624,2331451392,20467712,2331484160,2981888,0,0,0,11522621440,942080,0.41
2026-08-30T12:29:07.624Z,940.074,2354933760,2354933760,0,2352026624,2331451392,20467712,2331484160,2981888,0,0,0,11522621440,942080,0.34
2026-08-30T12:29:17.641Z,950.091,2354950144,2354950144,0,2352043008,2331467776,20467712,2331500544,2981888,0,0,0,11522453504,942080,0.36
2026-08-30T12:29:27.642Z,960.092,2355195904,2355195904,0,2352288768,2331713536,20467712,2331746304,2981888,0,0,0,11522052096,942080,0.38
2026-08-30T12:29:37.613Z,970.063,2355195904,2355195904,0,2352288768,2331713536,20467712,2331746304,2981888,0,0,0,11520684032,942080,0.32
2026-08-30T12:29:47.623Z,980.073,2355109888,2355109888,0,2352202752,2331627520,20467712,2331660288,2981888,0,0,0,11520790528,942080,0.35
2026-08-30T12:29:57.636Z,990.086,2355109888,2355109888,0,2352202752,2331627520,20467712,2331660288,2981888,0,0,0,11520303104,942080,0.3
2026-08-30T12:30:07.638Z,1000.088,2355109888,2355109888,0,2352202752,2331627520,20467712,2331660288,2981888,0,0,0,11521658880,942080,0.25
2026-08-30T12:30:17.629Z,1010.079,2355109888,2355109888,0,2352202752,2331627520,20467712,2331660288,2981888,0,0,0,11521683456,942080,0.21
2026-08-30T12:30:27.637Z,1020.087,2355109888,2355109888,0,2352202752,2331627520,20467712,2331660288,2981888,0,0,0,11521224704,942080,0.26
2026-08-30T12:30:37.638Z,1030.088,2355109888,2355109888,0,2352202752,2331627520,20467712,2331660288,2981888,0,0,0,11521167360,942080,0.22
2026-08-30T12:30:47.623Z,1040.073,2355109888,2355109888,0,2352202752,2331627520,20467712,2331660288,2981888,0,0,0,11519561728,942080,0.18
2026-08-30T12:30:57.638Z,1050.088,2355109888,2355109888,0,2352202752,2331627520,20467712,2331660288,2981888,0,0,0,11519332352,942080,0.16
2026-08-30T12:31:07.640Z,1060.09,2355109888,2355109888,0,2352202752,2331627520,20467712,2331660288,2981888,0,0,0,11519332352,942080,0.13
2026-08-30T12:31:17.638Z,1070.088,2355109888,2355109888,0,2352202752,2331627520,20467712,2331660288,2981888,0,0,0,11518873600,942080,0.11
2026-08-30T12:31:27.638Z,1080.088,2355109888,2355109888,0,2352202752,2331627520,20467712,2331660288,2981888,0,0,0,11519004672,942080,0.25
2026-08-30T12:31:37.639Z,1090.089,2355109888,2355109888,0,2352201728,2331627520,20467712,2331660288,2981888,0,0,0,11518668800,942080,0.28
2026-08-30T12:31:47.637Z,1100.087,2355109888,2355109888,0,2352201728,2331627520,20467712,2331660288,2981888,0,0,0,11518672896,942080,0.24
2026-08-30T12:31:57.641Z,1110.091,2355109888,2355109888,0,2352201728,2331627520,20467712,2331660288,2981888,0,0,0,11518152704,942080,0.2
2026-08-30T12:32:07.625Z,1120.075,2355933184,2355933184,0,2353025024,2332450816,20467712,2332483584,2981888,0,0,0,11520319488,942080,0.17
2026-08-30T12:32:17.638Z,1130.088,2356592640,2356592640,0,2353684480,2333110272,20467712,2333143040,2981888,0,0,0,11521085440,942080,0.22
2026-08-30T12:32:27.623Z,1140.073,2356592640,2356592640,0,2353684480,2333110272,20467712,2333143040,2981888,0,0,0,11521085440,942080,0.19
2026-08-30T12:32:37.637Z,1150.087,2356592640,2356592640,0,2353684480,2333110272,20467712,2333143040,2981888,0,0,0,11521085440,942080,0.16
2026-08-30T12:32:47.639Z,1160.089,2356592640,2356592640,0,2353684480,2333110272,20467712,2333143040,2981888,0,0,0,11520397312,942080,0.13
2026-08-30T12:32:57.640Z,1170.09,2356592640,2356592640,0,2353684480,2333110272,20467712,2333143040,2981888,0,0,0,11520430080,942080,0.19
2026-08-30T12:33:07.638Z,1180.088,2356592640,2356592640,0,2353684480,2333110272,20467712,2333143040,2981888,0,0,0,11520438272,942080,0.31
2026-08-30T12:33:17.640Z,1190.09,2356592640,2356592640,0,2353684480,2333110272,20467712,2333143040,2981888,0,0,0,11519950848,942080,0.34
2026-08-30T12:33:27.646Z,1200.096,2356592640,2356592640,0,2353684480,2333110272,20467712,2333143040,2981888,0,0,0,11515240448,942080,0.29
2026-08-30T12:33:37.624Z,1210.074,2356592640,2356592640,0,2353684480,2333110272,20467712,2333143040,2981888,0,0,0,11520098304,942080,0.24
2026-08-30T12:33:47.625Z,1220.075,2356592640,2356592640,0,2353684480,2333110272,20467712,2333143040,2981888,0,0,0,11520618496,942080,0.28
2026-08-30T12:33:57.651Z,1230.101,2356592640,2356592640,0,2353684480,2333110272,20467712,2333143040,2981888,0,0,0,11520634880,942080,0.24
2026-08-30T12:34:07.634Z,1240.084,2356592640,2356592640,0,2353684480,2333110272,20467712,2333143040,2981888,0,0,0,11521003520,942080,0.28
2026-08-30T12:34:17.649Z,1250.099,2356592640,2356592640,0,2353684480,2333110272,20467712,2333143040,2981888,0,0,0,11521003520,942080,0.24
2026-08-30T12:34:27.650Z,1260.1,2356592640,2356592640,0,2353684480,2333110272,20467712,2333143040,2981888,0,0,0,11520774144,942080,0.2
2026-08-30T12:34:37.649Z,1270.099,2356592640,2356592640,0,2353684480,2333110272,20467712,2333143040,2981888,0,0,0,11520774144,942080,0.17
2026-08-30T12:34:47.656Z,1280.106,2356592640,2356592640,0,2353684480,2333110272,20467712,2333143040,2981888,0,0,0,11520086016,942080,0.3
2026-08-30T12:34:57.649Z,1290.099,2356592640,2356592640,0,2353684480,2333110272,20467712,2333143040,2981888,0,0,0,11519631360,942080,0.25
2026-08-30T12:35:07.647Z,1300.097,2356592640,2356592640,0,2353684480,2333110272,20467712,2333143040,2981888,0,0,0,11519631360,942080,0.21
2026-08-30T12:35:17.635Z,1310.085,2368286720,2368286720,0,2365378560,2344804352,20467712,2344837120,2981888,0,0,0,11516792832,942080,0.18
2026-08-30T12:35:27.651Z,1320.101,2390827008,2390827008,0,2388054016,2367479808,20467712,2367512576,2981888,0,0,0,11495145472,942080,0.23
2026-08-30T12:35:37.643Z,1330.093,2414751744,2414751744,0,2412019712,2391445504,20467712,2391478272,2981888,0,0,0,11472703488,942080,0.28
2026-08-30T12:35:47.650Z,1340.1,2438754304,2438754304,0,2435977216,2415403008,20467712,2415435776,2981888,0,0,0,11449995264,942080,0.23
2026-08-30T12:35:57.643Z,1350.093,2462670848,2462670848,0,2459934720,2439360512,20467712,2439393280,2981888,0,0,0,11425521664,942080,0.2
2026-08-30T12:36:07.652Z,1360.102,2486669312,2486669312,0,2483900416,2463326208,20467712,2463358976,2981888,0,0,0,11405385728,942080,0.25
2026-08-30T12:36:17.652Z,1370.102,2510544896,2510544896,0,2507771904,2487197696,20467712,2487230464,2981888,0,0,0,11384762368,942080,0.21
2026-08-30T12:36:27.631Z,1380.081,2534461440,2534461440,0,2531700736,2511126528,20467712,2511159296,2981888,0,0,0,11355144192,942080,0.58
2026-08-30T12:36:37.646Z,1390.096,2558431232,2558431232,0,2555686912,2535112704,20467712,2535145472,2981888,0,0,0,11321098240,942080,0.97
2026-08-30T12:36:47.655Z,1400.105,2582409216,2582409216,0,2579636224,2559062016,20467712,2559094784,2981888,0,0,0,11307532288,942080,0.97
2026-08-30T12:36:57.647Z,1410.097,2606338048,2606338048,0,2603593728,2583019520,20467712,2583052288,2981888,0,0,0,11278512128,942080,0.82
2026-08-30T12:37:07.648Z,1420.098,2630291456,2630291456,0,2627547136,2606972928,20467712,2607005696,2981888,0,0,0,11249582080,942080,1.1
2026-08-30T12:37:17.652Z,1430.102,2654236672,2654236672,0,2651504640,2630930432,20467712,2630963200,2981888,0,0,0,11226742784,942080,0.93
2026-08-30T12:37:27.647Z,1440.097,2678218752,2678218752,0,2675486720,2654912512,20467712,2654945280,2981888,0,0,0,11200249856,942080,0.79
2026-08-30T12:37:37.657Z,1450.107,2702221312,2702221312,0,2699444224,2678870016,20467712,2678902784,2981888,0,0,0,11173576704,942080,0.66
2026-08-30T12:37:47.648Z,1460.098,2726125568,2726125568,0,2723393536,2702819328,20467712,2702852096,2981888,0,0,0,11163668480,942080,0.56
2026-08-30T12:37:57.648Z,1470.098,2741497856,2741497856,0,2738589696,2718015488,20467712,2718048256,2981888,0,0,0,11145404416,942080,0.47
2026-08-30T12:38:07.649Z,1480.099,2741698560,2741698560,0,2738790400,2718216192,20467712,2718248960,2981888,0,0,0,11144978432,942080,0.48
2026-08-30T12:38:17.654Z,1490.104,2741698560,2741698560,0,2738790400,2718216192,20467712,2718248960,2981888,0,0,0,11144519680,942080,0.41
2026-08-30T12:38:27.648Z,1500.098,2741698560,2741698560,0,2738790400,2718216192,20467712,2718248960,2981888,0,0,0,11144105984,942080,0.42
2026-08-30T12:38:37.659Z,1510.109,2741702656,2741702656,0,2738794496,2718220288,20467712,2718253056,2981888,0,0,0,11144105984,942080,0.35
2026-08-30T12:38:47.652Z,1520.102,2741702656,2741702656,0,2738794496,2718220288,20467712,2718253056,2981888,0,0,0,11143655424,942080,0.3
2026-08-30T12:38:57.661Z,1530.111,2741706752,2741706752,0,2738798592,2718224384,20467712,2718257152,2981888,0,0,0,11142881280,942080,0.25
2026-08-30T12:39:07.648Z,1540.098,2741706752,2741706752,0,2738798592,2718224384,20467712,2718257152,2981888,0,0,0,11142885376,942080,0.21
2026-08-30T12:39:17.648Z,1550.098,2741706752,2741706752,0,2738798592,2718224384,20467712,2718257152,2981888,0,0,0,11142885376,942080,0.18
2026-08-30T12:39:27.659Z,1560.109,2741706752,2741706752,0,2738798592,2718224384,20467712,2718257152,2981888,0,0,0,11136229376,942080,0.15
2026-08-30T12:39:37.649Z,1570.099,2741706752,2741706752,0,2738798592,2718224384,20467712,2718257152,2981888,0,0,0,11136147456,942080,0.13
2026-08-30T12:39:47.656Z,1580.106,2741706752,2741706752,0,2738798592,2718224384,20467712,2718257152,2981888,0,0,0,11136147456,942080,0.19
2026-08-30T12:39:57.650Z,1590.1,2741706752,2741706752,0,2738798592,2718224384,20467712,2718257152,2981888,0,0,0,11137388544,942080,0.23
2026-08-30T12:40:07.653Z,1600.103,2741706752,2741706752,0,2738798592,2718224384,20467712,2718257152,2981888,0,0,0,11137724416,942080,0.2
2026-08-30T12:40:17.657Z,1610.107,2741706752,2741706752,0,2738798592,2718224384,20467712,2718257152,2981888,0,0,0,11136806912,942080,0.25
2026-08-30T12:40:27.657Z,1620.107,2741706752,2741706752,0,2738798592,2718224384,20467712,2718257152,2981888,0,0,0,11137888256,942080,0.21
2026-08-30T12:40:37.657Z,1630.107,2741706752,2741706752,0,2738798592,2718224384,20467712,2718257152,2981888,0,0,0,11137658880,942080,0.25
2026-08-30T12:40:47.649Z,1640.099,2741706752,2741706752,0,2738798592,2718224384,20467712,2718257152,2981888,0,0,0,11137200128,942080,0.29
2026-08-30T12:40:57.660Z,1650.11,2741706752,2741706752,0,2738798592,2718224384,20467712,2718257152,2981888,0,0,0,11137200128,942080,0.24
2026-08-30T12:41:07.665Z,1660.115,2741706752,2741706752,0,2738798592,2718224384,20467712,2718257152,2981888,0,0,0,11137200128,942080,0.2
2026-08-30T12:41:17.642Z,1670.092,2741706752,2741706752,0,2738798592,2718224384,20467712,2718257152,2981888,0,0,0,11136970752,942080,0.17
2026-08-30T12:41:27.651Z,1680.101,2741706752,2741706752,0,2738798592,2718224384,20467712,2718257152,2981888,0,0,0,11136970752,942080,0.22
2026-08-30T12:41:37.657Z,1690.107,2741710848,2741710848,0,2738802688,2718228480,20467712,2718261248,2981888,0,0,0,11136970752,942080,0.19
2026-08-30T12:41:47.650Z,1700.1,2741710848,2741710848,0,2738802688,2718228480,20467712,2718261248,2981888,0,0,0,11136970752,942080,0.16
2026-08-30T12:41:57.659Z,1710.109,2741710848,2741710848,0,2738802688,2718228480,20467712,2718261248,2981888,0,0,0,11136724992,942080,0.14
2026-08-30T12:42:07.657Z,1720.107,2741710848,2741710848,0,2738802688,2718228480,20467712,2718261248,2981888,0,0,0,11136040960,942080,0.11
2026-08-30T12:42:17.657Z,1730.107,2741710848,2741710848,0,2738802688,2718228480,20467712,2718261248,2981888,0,0,0,11136040960,942080,0.17
2026-08-30T12:42:27.669Z,1740.119,2741710848,2741710848,0,2738802688,2718228480,20467712,2718261248,2981888,0,0,0,11136516096,942080,0.14
2026-08-30T12:42:37.658Z,1750.108,2741710848,2741710848,0,2738802688,2718228480,20467712,2718261248,2981888,0,0,0,11136577536,942080,0.12
2026-08-30T12:42:47.656Z,1760.106,2741981184,2741981184,0,2739073024,2718498816,20467712,2718531584,2981888,0,0,0,11136122880,942080,0.1
2026-08-30T12:42:57.666Z,1770.116,2741981184,2741981184,0,2739073024,2718498816,20467712,2718531584,2981888,0,0,0,11135893504,942080,0.09
2026-08-30T12:43:07.667Z,1780.117,2741981184,2741981184,0,2739073024,2718498816,20467712,2718531584,2981888,0,0,0,11135897600,942080,0.3
2026-08-30T12:43:17.659Z,1790.109,2741981184,2741981184,0,2739073024,2718498816,20467712,2718531584,2981888,0,0,0,11135905792,942080,0.33
2026-08-30T12:43:27.654Z,1800.104,2741981184,2741981184,0,2739073024,2718498816,20467712,2718531584,2981888,0,0,0,11135913984,942080,0.28
2026-08-30T12:43:37.658Z,1810.108,2741981184,2741981184,0,2739073024,2718498816,20467712,2718531584,2981888,0,0,0,11135668224,942080,0.23
2026-08-30T12:43:47.643Z,1820.093,2741981184,2741981184,0,2739073024,2718498816,20467712,2718531584,2981888,0,0,0,11135668224,942080,0.2
2026-08-30T12:43:57.659Z,1830.109,2741981184,2741981184,0,2739073024,2718498816,20467712,2718531584,2981888,0,0,0,11135668224,942080,0.24
2026-08-30T12:44:07.659Z,1840.109,2741981184,2741981184,0,2739073024,2718498816,20467712,2718531584,2981888,0,0,0,11135672320,942080,0.2
2026-08-30T12:44:17.659Z,1850.109,2741981184,2741981184,0,2739073024,2718498816,20467712,2718531584,2981888,0,0,0,11135672320,942080,0.17
2026-08-30T12:44:27.658Z,1860.108,2741981184,2741981184,0,2739073024,2718498816,20467712,2718531584,2981888,0,0,0,11135696896,942080,0.22
2026-08-30T12:44:37.645Z,1870.095,2741981184,2741981184,0,2739073024,2718498816,20467712,2718531584,2981888,0,0,0,11135696896,942080,0.18
2026-08-30T12:44:47.653Z,1880.103,2741981184,2741981184,0,2739073024,2718498816,20467712,2718531584,2981888,0,0,0,11135696896,942080,0.16
2026-08-30T12:44:57.660Z,1890.11,2741981184,2741981184,0,2739073024,2718498816,20467712,2718531584,2981888,0,0,0,11136417792,942080,0.21
2026-08-30T12:45:07.660Z,1900.11,2741981184,2741981184,0,2739073024,2718498816,20467712,2718531584,2981888,0,0,0,11136417792,942080,0.33
2026-08-30T12:45:17.659Z,1910.109,2741981184,2741981184,0,2739073024,2718498816,20467712,2718531584,2981888,0,0,0,11136421888,942080,0.36
2026-08-30T12:45:27.645Z,1920.095,2741981184,2741981184,0,2739073024,2718498816,20467712,2718531584,2981888,0,0,0,11135774720,942080,0.31
2026-08-30T12:45:37.661Z,1930.111,2741981184,2741981184,0,2739073024,2718498816,20467712,2718531584,2981888,0,0,0,11141292032,942080,0.26
2026-08-30T12:45:47.646Z,1940.096,2761728000,2761728000,0,2758955008,2738380800,20467712,2738413568,2981888,0,0,0,11133575168,942080,0.22
2026-08-30T12:45:57.647Z,1950.097,2785673216,2785673216,0,2782900224,2762326016,20467712,2762358784,2981888,0,0,0,11107860480,942080,0.18
2026-08-30T12:46:07.657Z,1960.107,2811056128,2811056128,0,2808279040,2787704832,20467712,2787737600,2981888,0,0,0,11080388608,942080,0.31
2026-08-30T12:46:17.659Z,1970.109,2835013632,2835013632,0,2832240640,2811666432,20467712,2811699200,2981888,0,0,0,11051749376,942080,0.26
2026-08-30T12:46:27.642Z,1980.092,2858967040,2858967040,0,2856157184,2835582976,20467712,2835615744,2981888,0,0,0,11028594688,942080,0.38
2026-08-30T12:46:37.656Z,1990.106,2882920448,2882920448,0,2880147456,2859573248,20467712,2859606016,2981888,0,0,0,11004293120,942080,0.39
2026-08-30T12:46:47.663Z,2000.113,2906869760,2906869760,0,2904096768,2883522560,20467712,2883555328,2981888,0,0,0,10979278848,942080,0.33
2026-08-30T12:46:57.658Z,2010.108,2931744768,2931744768,0,2928967680,2908393472,20467712,2908426240,2981888,0,0,0,10951757824,942080,0.28
2026-08-30T12:47:07.659Z,2020.109,2955698176,2955698176,0,2952929280,2932355072,20467712,2932387840,2981888,0,0,0,10925133824,942080,0.24
2026-08-30T12:47:17.665Z,2030.115,2979647488,2979647488,0,2976890880,2956316672,20467712,2956349440,2981888,0,0,0,10908528640,942080,0.2
2026-08-30T12:47:27.662Z,2040.112,3003637760,3003637760,0,3000864768,2980290560,20467712,2980323328,2981888,0,0,0,10890186752,942080,0.17
2026-08-30T12:47:37.659Z,2050.109,3027533824,3027533824,0,3024760832,3004186624,20467712,3004219392,2981888,0,0,0,10859810816,942080,0.22
2026-08-30T12:47:47.673Z,2060.123,3051483136,3051483136,0,3048751104,3028176896,20467712,3028209664,2981888,0,0,0,10839941120,942080,0.18
2026-08-30T12:47:57.665Z,2070.115,3075440640,3075440640,0,3072667648,3052093440,20467712,3052126208,2981888,0,0,0,10821582848,942080,0.23
2026-08-30T12:48:07.668Z,2080.118,3099582464,3099582464,0,3096846336,3076272128,20467712,3076304896,2981888,0,0,0,10800721920,942080,0.27
2026-08-30T12:48:17.667Z,2090.117,3126001664,3126001664,0,3123228672,3102654464,20467712,3102687232,2981888,0,0,0,10777284608,942080,0.3
2026-08-30T12:48:27.668Z,2100.118,3149955072,3149955072,0,3147177984,3126603776,20467712,3126636544,2981888,0,0,0,10767843328,942080,0.26
2026-08-30T12:48:37.662Z,2110.112,3173904384,3173904384,0,3171131392,3150557184,20467712,3150589952,2981888,0,0,0,10728579072,942080,0.22
2026-08-30T12:48:47.647Z,2120.097,3189952512,3189952512,0,3187044352,3166470144,20467712,3166502912,2981888,0,0,0,10709004288,942080,0.18
2026-08-30T12:48:57.657Z,2130.107,3189956608,3189956608,0,3187048448,3166474240,20467712,3166507008,2981888,0,0,0,10714898432,942080,0.15
2026-08-30T12:49:07.657Z,2140.107,3190140928,3190140928,0,3187232768,3166658560,20467712,3166691328,2981888,0,0,0,10713960448,942080,0.13
2026-08-30T12:49:17.668Z,2150.118,3190140928,3190140928,0,3187232768,3166658560,20467712,3166691328,2981888,0,0,0,10714025984,942080,0.11
2026-08-30T12:49:27.649Z,2160.099,3190140928,3190140928,0,3187232768,3166658560,20467712,3166691328,2981888,0,0,0,10713071616,942080,0.09
2026-08-30T12:49:37.662Z,2170.112,3190140928,3190140928,0,3187232768,3166658560,20467712,3166691328,2981888,0,0,0,10711879680,942080,0.08
2026-08-30T12:49:47.662Z,2180.112,3190140928,3190140928,0,3187232768,3166658560,20467712,3166691328,2981888,0,0,0,10711687168,942080,0.22
2026-08-30T12:49:57.669Z,2190.119,3190140928,3190140928,0,3187232768,3166658560,20467712,3166691328,2981888,0,0,0,10711650304,942080,0.26
2026-08-30T12:50:07.663Z,2200.113,3190120448,3190120448,0,3187212288,3166638080,20467712,3166670848,2981888,0,0,0,10710274048,942080,0.22
2026-08-30T12:50:17.667Z,2210.117,3190120448,3190120448,0,3187212288,3166638080,20467712,3166670848,2981888,0,0,0,10710872064,942080,0.33
2026-08-30T12:50:27.666Z,2220.116,3190120448,3190120448,0,3187212288,3166638080,20467712,3166670848,2981888,0,0,0,10709110784,942080,0.28
2026-08-30T12:50:37.661Z,2230.111,3190120448,3190120448,0,3187212288,3166638080,20467712,3166670848,2981888,0,0,0,10709897216,942080,0.32
2026-08-30T12:50:47.638Z,2240.088,3190120448,3190120448,0,3187212288,3166638080,20467712,3166670848,2981888,0,0,0,10708979712,942080,0.27
2026-08-30T12:50:57.661Z,2250.111,3190120448,3190120448,0,3187212288,3166638080,20467712,3166670848,2981888,0,0,0,10708733952,942080,0.23
2026-08-30T12:51:07.662Z,2260.112,3190120448,3190120448,0,3187212288,3166638080,20467712,3166670848,2981888,0,0,0,10708504576,942080,0.19
2026-08-30T12:51:17.663Z,2270.113,3190120448,3190120448,0,3187212288,3166638080,20467712,3166670848,2981888,0,0,0,10708504576,942080,0.16
2026-08-30T12:51:27.663Z,2280.113,3190120448,3190120448,0,3187212288,3166638080,20467712,3166670848,2981888,0,0,0,10707251200,942080,0.36
2026-08-30T12:51:37.662Z,2290.112,3190435840,3190435840,0,3187527680,3166953472,20467712,3166986240,2981888,0,0,0,10707464192,942080,0.54
2026-08-30T12:51:47.662Z,2300.112,3190435840,3190435840,0,3187527680,3166953472,20467712,3166986240,2981888,0,0,0,10707546112,942080,0.61
2026-08-30T12:51:57.664Z,2310.114,3190435840,3190435840,0,3187527680,3166953472,20467712,3166986240,2981888,0,0,0,10707374080,942080,0.59
2026-08-30T12:52:07.665Z,2320.115,3190435840,3190435840,0,3187527680,3166953472,20467712,3166986240,2981888,0,0,0,10707046400,942080,0.65
2026-08-30T12:52:17.666Z,2330.116,3190435840,3190435840,0,3187527680,3166953472,20467712,3166986240,2981888,0,0,0,10707079168,942080,0.55
2026-08-30T12:52:27.648Z,2340.098,3190435840,3190435840,0,3187527680,3166953472,20467712,3166986240,2981888,0,0,0,10707079168,942080,0.47
2026-08-30T12:52:37.665Z,2350.115,3190435840,3190435840,0,3187527680,3166953472,20467712,3166986240,2981888,0,0,0,10706849792,942080,0.39
2026-08-30T12:52:47.663Z,2360.113,3190435840,3190435840,0,3187527680,3166953472,20467712,3166986240,2981888,0,0,0,10706718720,942080,0.33
2026-08-30T12:52:57.663Z,2370.113,3190435840,3190435840,0,3187527680,3166953472,20467712,3166986240,2981888,0,0,0,10702475264,942080,0.36
2026-08-30T12:53:07.662Z,2380.112,3190435840,3190435840,0,3187527680,3166953472,20467712,3166986240,2981888,0,0,0,10702245888,942080,0.3
2026-08-30T12:53:17.667Z,2390.117,3190435840,3190435840,0,3187527680,3166953472,20467712,3166986240,2981888,0,0,0,10702999552,942080,0.33
2026-08-30T12:53:27.663Z,2400.113,3190435840,3190435840,0,3187527680,3166953472,20467712,3166986240,2981888,0,0,0,10702753792,942080,0.43
2026-08-30T12:53:37.664Z,2410.114,3190435840,3190435840,0,3187527680,3166953472,20467712,3166986240,2981888,0,0,0,10701611008,942080,0.36
2026-08-30T12:53:47.661Z,2420.111,3190435840,3190435840,0,3187527680,3166953472,20467712,3166986240,2981888,0,0,0,10701611008,942080,0.31
2026-08-30T12:53:57.648Z,2430.098,3190435840,3190435840,0,3187527680,3166953472,20467712,3166986240,2981888,0,0,0,10701381632,942080,0.26
2026-08-30T12:54:07.663Z,2440.113,3190435840,3190435840,0,3187527680,3166953472,20467712,3166986240,2981888,0,0,0,10701381632,942080,0.22
2026-08-30T12:54:17.649Z,2450.099,3190435840,3190435840,0,3187527680,3166953472,20467712,3166986240,2981888,0,0,0,10700922880,942080,0.18
2026-08-30T12:54:27.652Z,2460.102,3190853632,3190853632,0,3187945472,3167371264,20467712,3167404032,2981888,0,0,0,10700922880,942080,0.16
2026-08-30T12:54:37.667Z,2470.117,3190853632,3190853632,0,3187945472,3167371264,20467712,3167404032,2981888,0,0,0,10700922880,942080,0.13
2026-08-30T12:54:47.670Z,2480.12,3190853632,3190853632,0,3187945472,3167371264,20467712,3167404032,2981888,0,0,0,10700234752,942080,0.27
2026-08-30T12:54:57.651Z,2490.101,3190853632,3190853632,0,3187945472,3167371264,20467712,3167404032,2981888,0,0,0,10700234752,942080,0.3
2026-08-30T12:55:07.654Z,2500.104,3190853632,3190853632,0,3187945472,3167371264,20467712,3167404032,2981888,0,0,0,10700005376,942080,0.25
2026-08-30T12:55:17.665Z,2510.115,3190853632,3190853632,0,3187945472,3167371264,20467712,3167404032,2981888,0,0,0,10699776000,942080,0.21
2026-08-30T12:55:27.666Z,2520.116,3190784000,3190784000,0,3187875840,3167301632,20467712,3167334400,2981888,0,0,0,10699780096,942080,0.18
2026-08-30T12:55:37.674Z,2530.124,3190784000,3190784000,0,3187875840,3167301632,20467712,3167334400,2981888,0,0,0,10699534336,942080,0.31
2026-08-30T12:55:47.641Z,2540.091,3190784000,3190784000,0,3187875840,3167301632,20467712,3167334400,2981888,0,0,0,10699534336,942080,0.26
2026-08-30T12:55:57.673Z,2550.123,3190784000,3190784000,0,3187875840,3167301632,20467712,3167334400,2981888,0,0,0,10699145216,942080,0.29
2026-08-30T12:56:07.673Z,2560.123,3190784000,3190784000,0,3187875840,3167301632,20467712,3167334400,2981888,0,0,0,10697588736,942080,0.25
2026-08-30T12:56:17.666Z,2570.116,3190784000,3190784000,0,3187875840,3167301632,20467712,3167334400,2981888,0,0,0,10697588736,942080,0.21
2026-08-30T12:56:27.658Z,2580.108,3190784000,3190784000,0,3187875840,3167301632,20467712,3167334400,2981888,0,0,0,10697596928,942080,0.33
2026-08-30T12:56:37.652Z,2590.102,3190784000,3190784000,0,3187875840,3167301632,20467712,3167334400,2981888,0,0,0,10697596928,942080,0.35
2026-08-30T12:56:47.668Z,2600.118,3190784000,3190784000,0,3187875840,3167301632,20467712,3167334400,2981888,0,0,0,10697367552,942080,0.3
2026-08-30T12:56:57.671Z,2610.121,3190784000,3190784000,0,3187875840,3167301632,20467712,3167334400,2981888,0,0,0,10697367552,942080,0.25
2026-08-30T12:57:07.652Z,2620.102,3190784000,3190784000,0,3187875840,3167301632,20467712,3167334400,2981888,0,0,0,10697138176,942080,0.21
2026-08-30T12:57:17.658Z,2630.108,3190784000,3190784000,0,3187875840,3167301632,20467712,3167334400,2981888,0,0,0,10696458240,942080,0.18
2026-08-30T12:57:27.670Z,2640.12,3190784000,3190784000,0,3187875840,3167301632,20467712,3167334400,2981888,0,0,0,10696454144,942080,0.31
2026-08-30T12:57:37.658Z,2650.108,3190784000,3190784000,0,3187875840,3167301632,20467712,3167334400,2981888,0,0,0,10697347072,942080,0.26
2026-08-30T12:57:47.652Z,2660.102,3190784000,3190784000,0,3187875840,3167301632,20467712,3167334400,2981888,0,0,0,10697347072,942080,0.29
2026-08-30T12:57:57.659Z,2670.109,3190784000,3190784000,0,3187875840,3167301632,20467712,3167334400,2981888,0,0,0,10697121792,942080,0.25
2026-08-30T12:58:07.676Z,2680.126,3190784000,3190784000,0,3187875840,3167301632,20467712,3167334400,2981888,0,0,0,10696892416,942080,0.37
2026-08-30T12:58:17.673Z,2690.123,3190784000,3190784000,0,3187875840,3167301632,20467712,3167334400,2981888,0,0,0,10696663040,942080,0.39
2026-08-30T12:58:27.658Z,2700.108,3190784000,3190784000,0,3187875840,3167301632,20467712,3167334400,2981888,0,0,0,10696663040,942080,0.33
2026-08-30T12:58:37.673Z,2710.123,3190784000,3190784000,0,3187875840,3167301632,20467712,3167334400,2981888,0,0,0,10696663040,942080,0.27
2026-08-30T12:58:47.658Z,2720.108,3190784000,3190784000,0,3187875840,3167301632,20467712,3167334400,2981888,0,0,0,10696204288,942080,0.23
2026-08-30T12:58:57.671Z,2730.121,3200516096,3200516096,0,3197607936,3177033728,20467712,3177066496,2981888,0,0,0,10694397952,942080,0.2
2026-08-30T12:59:07.673Z,2740.123,3203764224,3203764224,0,3200856064,3180281856,20467712,3180314624,2981888,0,0,0,10692603904,942080,0.16
2026-08-30T12:59:17.673Z,2750.123,3206103040,3206103040,0,3203194880,3182620672,20467712,3182653440,2981888,0,0,0,10689765376,942080,0.21
2026-08-30T12:59:27.672Z,2760.122,3207692288,3207692288,0,3204784128,3184209920,20467712,3184242688,2981888,0,0,0,10689507328,942080,0.26
2026-08-30T12:59:37.677Z,2770.127,3220471808,3220471808,0,3217731584,3197157376,20467712,3197190144,2981888,0,0,0,10676862976,942080,0.22
2026-08-30T12:59:47.672Z,2780.122,3244417024,3244417024,0,3241689088,3221114880,20467712,3221147648,2981888,0,0,0,10644766720,942080,0.42
2026-08-30T12:59:57.664Z,2790.114,3268378624,3268378624,0,3265617920,3245043712,20467712,3245076480,2981888,0,0,0,10632814592,942080,0.43
2026-08-30T13:00:07.660Z,2800.11,3292336128,3292336128,0,3289563136,3268988928,20467712,3269021696,2981888,0,0,0,10607812608,942080,0.36
2026-08-30T13:00:17.661Z,2810.111,3316297728,3316297728,0,3313524736,3292950528,20467712,3292983296,2981888,0,0,0,10577199104,942080,0.31
2026-08-30T13:00:27.680Z,2820.13,3340255232,3340255232,0,3337519104,3316944896,20467712,3316977664,2981888,0,0,0,10545823744,942080,0.26
2026-08-30T13:00:37.662Z,2830.112,3364200448,3364200448,0,3361427456,3340853248,20467712,3340886016,2981888,0,0,0,10518056960,942080,0.29
2026-08-30T13:00:47.681Z,2840.131,3388096512,3388096512,0,3385356288,3364782080,20467712,3364814848,2981888,0,0,0,10515922944,942080,0.25
2026-08-30T13:00:57.677Z,2850.127,3414589440,3414589440,0,3411857408,3391283200,20467712,3391315968,2981888,0,0,0,10482618368,937984,0.21
2026-08-30T13:01:07.663Z,2860.113,3438551040,3438551040,0,3435769856,3415195648,20467712,3415228416,2981888,0,0,0,10456395776,937984,0.18
2026-08-30T13:01:17.683Z,2870.133,3462504448,3462504448,0,3459764224,3439190016,20467712,3439222784,2981888,0,0,0,10431127552,937984,0.3
2026-08-30T13:01:27.663Z,2880.113,3486478336,3486478336,0,3483705344,3463131136,20467712,3463163904,2981888,0,0,0,10410106880,937984,0.26
2026-08-30T13:01:37.683Z,2890.133,3510431744,3510431744,0,3507699712,3487125504,20467712,3487158272,2981888,0,0,0,10383343616,937984,0.22
2026-08-30T13:01:47.684Z,2900.134,3522473984,3522473984,0,3519565824,3498991616,20467712,3499024384,2981888,0,0,0,10379206656,937984,0.26
2026-08-30T13:01:57.684Z,2910.134,3522404352,3522404352,0,3519496192,3498921984,20467712,3498954752,2981888,0,0,0,10379206656,937984,0.29
2026-08-30T13:02:07.666Z,2920.115,3522404352,3522404352,0,3519496192,3498921984,20467712,3498954752,2981888,0,0,0,10378289152,937984,0.32
2026-08-30T13:02:17.680Z,2930.13,3522404352,3522404352,0,3519496192,3498921984,20467712,3498954752,2981888,0,0,0,10378289152,937984,0.27
2026-08-30T13:02:27.685Z,2940.135,3522404352,3522404352,0,3519496192,3498921984,20467712,3498954752,2981888,0,0,0,10378289152,937984,0.23
2026-08-30T13:02:37.685Z,2950.135,3522404352,3522404352,0,3519496192,3498921984,20467712,3498954752,2981888,0,0,0,10378289152,937984,0.19
2026-08-30T13:02:47.668Z,2960.118,3522404352,3522404352,0,3519496192,3498921984,20467712,3498954752,2981888,0,0,0,10378289152,937984,0.16
2026-08-30T13:02:57.684Z,2970.134,3522748416,3522748416,0,3519840256,3499266048,20467712,3499298816,2981888,0,0,0,10378047488,937984,0.14
2026-08-30T13:03:07.666Z,2980.116,3522748416,3522748416,0,3519840256,3499266048,20467712,3499298816,2981888,0,0,0,10378047488,937984,0.2
2026-08-30T13:03:17.685Z,2990.135,3522748416,3522748416,0,3519840256,3499266048,20467712,3499298816,2981888,0,0,0,10378047488,937984,0.24
2026-08-30T13:03:27.664Z,3000.114,3522748416,3522748416,0,3519840256,3499266048,20467712,3499298816,2981888,0,0,0,10369970176,937984,0.2
2026-08-30T13:03:37.665Z,3010.115,3522748416,3522748416,0,3519840256,3499266048,20467712,3499298816,2981888,0,0,0,10372599808,937984,0.17
2026-08-30T13:03:47.666Z,3020.116,3522981888,3522981888,0,3520073728,3499499520,20467712,3499532288,2981888,0,0,0,10372530176,937984,0.14
2026-08-30T13:03:57.667Z,3030.117,3522912256,3522912256,0,3520004096,3499429888,20467712,3499462656,2981888,0,0,0,10372562944,937984,0.12
2026-08-30T13:04:07.681Z,3040.131,3522920448,3522920448,0,3520012288,3499438080,20467712,3499470848,2981888,0,0,0,10373251072,937984,0.1
2026-08-30T13:04:17.675Z,3050.125,3522920448,3522920448,0,3520012288,3499438080,20467712,3499470848,2981888,0,0,0,10372333568,937984,0.09
2026-08-30T13:04:27.680Z,3060.13,3522920448,3522920448,0,3520012288,3499438080,20467712,3499470848,2981888,0,0,0,10372337664,937984,0.15
2026-08-30T13:04:37.679Z,3070.129,3522920448,3522920448,0,3520012288,3499438080,20467712,3499470848,2981888,0,0,0,10372337664,937984,0.2
2026-08-30T13:04:47.676Z,3080.126,3523158016,3523158016,0,3520249856,3499675648,20467712,3499708416,2981888,0,0,0,10360147968,937984,0.41
2026-08-30T13:04:57.660Z,3090.11,3523158016,3523158016,0,3520245760,3499675648,20467712,3499708416,2981888,0,0,0,10361327616,937984,0.42
2026-08-30T13:05:07.679Z,3100.129,3523170304,3523170304,0,3520262144,3499687936,20467712,3499720704,2981888,0,0,0,10362191872,937984,0.35
2026-08-30T13:05:17.676Z,3110.126,3523170304,3523170304,0,3520262144,3499687936,20467712,3499720704,2981888,0,0,0,10364063744,937984,0.37
2026-08-30T13:05:27.678Z,3120.128,3523170304,3523170304,0,3520262144,3499687936,20467712,3499720704,2981888,0,0,0,10364321792,937984,0.31
2026-08-30T13:05:37.679Z,3130.129,3523170304,3523170304,0,3520262144,3499687936,20467712,3499720704,2981888,0,0,0,10364321792,937984,0.27
2026-08-30T13:05:47.675Z,3140.125,3523170304,3523170304,0,3520262144,3499687936,20467712,3499720704,2981888,0,0,0,10364321792,937984,0.22
2026-08-30T13:05:57.661Z,3150.111,3523170304,3523170304,0,3520262144,3499687936,20467712,3499720704,2981888,0,0,0,10364321792,937984,0.19
2026-08-30T13:06:07.660Z,3160.11,3523170304,3523170304,0,3520262144,3499687936,20467712,3499720704,2981888,0,0,0,10364321792,937984,0.16
2026-08-30T13:06:17.660Z,3170.11,3523170304,3523170304,0,3520262144,3499687936,20467712,3499720704,2981888,0,0,0,10364321792,937984,0.21
2026-08-30T13:06:27.678Z,3180.128,3523170304,3523170304,0,3520262144,3499687936,20467712,3499720704,2981888,0,0,0,10364321792,937984,0.34
2026-08-30T13:06:37.662Z,3190.112,3523170304,3523170304,0,3520262144,3499687936,20467712,3499720704,2981888,0,0,0,10364338176,937984,0.36
2026-08-30T13:06:47.677Z,3200.127,3523170304,3523170304,0,3520262144,3499687936,20467712,3499720704,2981888,0,0,0,10364342272,937984,0.31
2026-08-30T13:06:57.663Z,3210.113,3523170304,3523170304,0,3520262144,3499687936,20467712,3499720704,2981888,0,0,0,10364604416,937984,0.26
2026-08-30T13:07:07.672Z,3220.122,3523170304,3523170304,0,3520262144,3499687936,20467712,3499720704,2981888,0,0,0,10364604416,937984,0.22
2026-08-30T13:07:17.676Z,3230.126,3523170304,3523170304,0,3520262144,3499687936,20467712,3499720704,2981888,0,0,0,10364604416,937984,0.18
2026-08-30T13:07:27.689Z,3240.139,3523170304,3523170304,0,3520262144,3499687936,20467712,3499720704,2981888,0,0,0,10364604416,937984,0.16
2026-08-30T13:07:37.680Z,3250.13,3523170304,3523170304,0,3520262144,3499687936,20467712,3499720704,2981888,0,0,0,10364608512,937984,0.21
2026-08-30T13:07:47.677Z,3260.127,3523170304,3523170304,0,3520262144,3499687936,20467712,3499720704,2981888,0,0,0,10364612608,937984,0.18
2026-08-30T13:07:57.655Z,3270.105,3523170304,3523170304,0,3520262144,3499687936,20467712,3499720704,2981888,0,0,0,10364612608,937984,0.22
2026-08-30T13:08:07.679Z,3280.129,3523170304,3523170304,0,3520262144,3499687936,20467712,3499720704,2981888,0,0,0,10364616704,937984,0.27
2026-08-30T13:08:17.680Z,3290.13,3523170304,3523170304,0,3520262144,3499687936,20467712,3499720704,2981888,0,0,0,10364616704,937984,0.3
2026-08-30T13:08:27.662Z,3300.112,3523170304,3523170304,0,3520262144,3499687936,20467712,3499720704,2981888,0,0,0,10364616704,937984,0.26
2026-08-30T13:08:37.661Z,3310.111,3523170304,3523170304,0,3520262144,3499687936,20467712,3499720704,2981888,0,0,0,10364387328,937984,0.22
2026-08-30T13:08:47.651Z,3320.101,3523928064,3523928064,0,3521019904,3500445696,20467712,3500478464,2981888,0,0,0,10364387328,937984,0.26
2026-08-30T13:08:57.673Z,3330.123,3524743168,3524743168,0,3521835008,3501260800,20467712,3501293568,2981888,0,0,0,10364387328,937984,0.22
2026-08-30T13:09:07.689Z,3340.139,3525566464,3525566464,0,3522658304,3502084096,20467712,3502116864,2981888,0,0,0,10364387328,937984,0.18
2026-08-30T13:09:17.689Z,3350.139,3525566464,3525566464,0,3522658304,3502084096,20467712,3502116864,2981888,0,0,0,10364387328,937984,0.15
2026-08-30T13:09:27.676Z,3360.126,3525566464,3525566464,0,3522658304,3502084096,20467712,3502116864,2981888,0,0,0,10359062528,937984,0.13
2026-08-30T13:09:37.662Z,3370.112,3525918720,3525918720,0,3523010560,3502436352,20467712,3502469120,2981888,0,0,0,10359046144,937984,0.11
2026-08-30T13:09:47.676Z,3380.126,3525849088,3525849088,0,3522940928,3502366720,20467712,3502399488,2981888,0,0,0,10358931456,937984,0.09
2026-08-30T13:09:57.650Z,3390.1,3525849088,3525849088,0,3522940928,3502366720,20467712,3502399488,2981888,0,0,0,10359488512,937984,0.16
2026-08-30T13:10:07.679Z,3400.129,3525849088,3525849088,0,3522940928,3502366720,20467712,3502399488,2981888,0,0,0,10357739520,937984,0.29
2026-08-30T13:10:17.664Z,3410.114,3525849088,3525849088,0,3522940928,3502366720,20467712,3502399488,2981888,0,0,0,10357743616,937984,0.24
2026-08-30T13:10:27.682Z,3420.132,3525849088,3525849088,0,3522940928,3502366720,20467712,3502399488,2981888,0,0,0,10357481472,937984,0.29
2026-08-30T13:10:37.678Z,3430.128,3525849088,3525849088,0,3522940928,3502366720,20467712,3502399488,2981888,0,0,0,10357121024,937984,0.24
2026-08-30T13:10:47.674Z,3440.124,3525849088,3525849088,0,3522940928,3502366720,20467712,3502399488,2981888,0,0,0,10357121024,937984,0.2
2026-08-30T13:10:57.678Z,3450.128,3525849088,3525849088,0,3522940928,3502366720,20467712,3502399488,2981888,0,0,0,10357121024,937984,0.17
2026-08-30T13:11:07.688Z,3460.138,3525849088,3525849088,0,3522940928,3502366720,20467712,3502399488,2981888,0,0,0,10356662272,937984,0.22
2026-08-30T13:11:17.682Z,3470.132,3525849088,3525849088,0,3522940928,3502366720,20467712,3502399488,2981888,0,0,0,10359435264,937984,0.26
2026-08-30T13:11:27.663Z,3480.113,3525849088,3525849088,0,3522940928,3502366720,20467712,3502399488,2981888,0,0,0,10359513088,937984,0.3
2026-08-30T13:11:37.664Z,3490.114,3525849088,3525849088,0,3522940928,3502366720,20467712,3502399488,2981888,0,0,0,10359513088,937984,0.33
2026-08-30T13:11:47.663Z,3500.113,3525849088,3525849088,0,3522940928,3502366720,20467712,3502399488,2981888,0,0,0,10359377920,937984,0.28
2026-08-30T13:11:57.663Z,3510.113,3525849088,3525849088,0,3522940928,3502366720,20467712,3502399488,2981888,0,0,0,10359377920,937984,0.23
2026-08-30T13:12:07.663Z,3520.113,3525849088,3525849088,0,3522940928,3502366720,20467712,3502399488,2981888,0,0,0,10359451648,937984,0.28
2026-08-30T13:12:17.663Z,3530.113,3525849088,3525849088,0,3522940928,3502366720,20467712,3502399488,2981888,0,0,0,10358992896,937984,0.31
2026-08-30T13:12:27.682Z,3540.132,3525849088,3525849088,0,3522940928,3502366720,20467712,3502399488,2981888,0,0,0,10358992896,937984,0.27
2026-08-30T13:12:37.678Z,3550.128,3525849088,3525849088,0,3522940928,3502366720,20467712,3502399488,2981888,0,0,0,10358992896,937984,0.22
2026-08-30T13:12:47.678Z,3560.128,3525849088,3525849088,0,3522940928,3502366720,20467712,3502399488,2981888,0,0,0,10358767616,937984,0.19
2026-08-30T13:12:57.688Z,3570.138,3525849088,3525849088,0,3522940928,3502366720,20467712,3502399488,2981888,0,0,0,10359029760,937984,0.24
2026-08-30T13:13:07.689Z,3580.139,3525849088,3525849088,0,3522940928,3502366720,20467712,3502399488,2981888,0,0,0,10359029760,937984,0.36
2026-08-30T13:13:17.653Z,3590.103,3525849088,3525849088,0,3522940928,3502366720,20467712,3502399488,2981888,0,0,0,10359291904,937984,0.53
2026-08-30T13:13:27.663Z,3600.113,3525849088,3525849088,0,3522940928,3502366720,20467712,3502399488,2981888,0,0,0,10360508416,937984,0.45
2026-08-30T13:13:37.678Z,3610.128,3525849088,3525849088,0,3522940928,3502366720,20467712,3502399488,2981888,0,0,0,10360508416,937984,0.46
2026-08-30T13:13:47.669Z,3620.119,3525849088,3525849088,0,3522940928,3502366720,20467712,3502399488,2981888,0,0,0,10360541184,937984,0.39
2026-08-30T13:13:57.664Z,3630.114,3525849088,3525849088,0,3522940928,3502366720,20467712,3502399488,2981888,0,0,0,10356842496,937984,0.33
2026-08-30T13:14:07.687Z,3640.137,3525849088,3525849088,0,3522940928,3502366720,20467712,3502399488,2981888,0,0,0,10357436416,937984,0.28
2026-08-30T13:14:17.688Z,3650.138,3532922880,3532922880,0,3530014720,3509440512,20467712,3509473280,2981888,0,0,0,10357436416,937984,0.23
2026-08-30T13:14:27.656Z,3660.106,3532922880,3532922880,0,3530014720,3509440512,20467712,3509473280,2981888,0,0,0,10357436416,937984,0.28
2026-08-30T13:14:37.664Z,3670.114,3532922880,3532922880,0,3530014720,3509440512,20467712,3509473280,2981888,0,0,0,10357698560,937984,0.24
2026-08-30T13:14:47.688Z,3680.138,3532922880,3532922880,0,3530014720,3509440512,20467712,3509473280,2981888,0,0,0,10358222848,937984,0.27
2026-08-30T13:14:57.678Z,3690.128,3532922880,3532922880,0,3530014720,3509440512,20467712,3509473280,2981888,0,0,0,10357534720,937984,0.3
2026-08-30T13:15:07.664Z,3700.114,3548917760,3548917760,0,3546181632,3525607424,20467712,3525640192,2981888,0,0,0,10347257856,937984,0.26
2026-08-30T13:15:17.676Z,3710.126,3571847168,3571847168,0,3569115136,3548540928,20467712,3548573696,2981888,0,0,0,10326179840,937984,0.22
2026-08-30T13:15:27.691Z,3720.141,3595829248,3595829248,0,3593129984,3572555776,20467712,3572588544,2981888,0,0,0,10293334016,937984,0.26
2026-08-30T13:15:37.678Z,3730.128,3619790848,3619790848,0,3617050624,3596476416,20467712,3596509184,2981888,0,0,0,10277392384,937984,0.22
2026-08-30T13:15:47.682Z,3740.132,3643744256,3643744256,0,3641004032,3620429824,20467712,3620462592,2981888,0,0,0,10251358208,937984,0.19
2026-08-30T13:15:57.683Z,3750.133,3667701760,3667701760,0,3664965632,3644391424,20467712,3644424192,2981888,0,0,0,10232688640,937984,0.16
2026-08-30T13:16:07.693Z,3760.143,3691651072,3691651072,0,3688951808,3668377600,20467712,3668410368,2981888,0,0,0,10209296384,937984,0.13
2026-08-30T13:16:17.669Z,3770.119,3704115200,3704115200,0,3701207040,3680632832,20467712,3680665600,2981888,0,0,0,10198228992,937984,0.11
2026-08-30T13:16:27.684Z,3780.134,3704119296,3704119296,0,3701211136,3680636928,20467712,3680669696,2981888,0,0,0,10198290432,937984,0.25
2026-08-30T13:16:37.673Z,3790.123,3704119296,3704119296,0,3701211136,3680636928,20467712,3680669696,2981888,0,0,0,10198290432,937984,0.29
2026-08-30T13:16:47.670Z,3800.12,3704119296,3704119296,0,3701211136,3680636928,20467712,3680669696,2981888,0,0,0,10197602304,937984,0.24
2026-08-30T13:16:57.678Z,3810.128,3704049664,3704049664,0,3701141504,3680567296,20467712,3680600064,2981888,0,0,0,10197606400,937984,0.2
2026-08-30T13:17:07.673Z,3820.123,3704049664,3704049664,0,3701141504,3680567296,20467712,3680600064,2981888,0,0,0,10197098496,937984,0.25
2026-08-30T13:17:17.688Z,3830.138,3704049664,3704049664,0,3701145600,3680571392,20467712,3680604160,2981888,0,0,0,10197393408,937984,0.21
2026-08-30T13:17:27.690Z,3840.14,3704053760,3704053760,0,3701145600,3680571392,20467712,3680604160,2981888,0,0,0,10197397504,937984,0.17
2026-08-30T13:17:37.670Z,3850.12,3704053760,3704053760,0,3701145600,3680571392,20467712,3680604160,2981888,0,0,0,10197168128,937984,0.15
2026-08-30T13:17:47.697Z,3860.147,3704053760,3704053760,0,3701145600,3680571392,20467712,3680604160,2981888,0,0,0,10197237760,937984,0.12
2026-08-30T13:17:57.696Z,3870.146,3704053760,3704053760,0,3701145600,3680571392,20467712,3680604160,2981888,0,0,0,10197237760,937984,0.1
2026-08-30T13:18:07.688Z,3880.138,3704053760,3704053760,0,3701145600,3680571392,20467712,3680604160,2981888,0,0,0,10196779008,937984,0.17
2026-08-30T13:18:17.674Z,3890.124,3704053760,3704053760,0,3701145600,3680571392,20467712,3680604160,2981888,0,0,0,10197041152,937984,0.14
2026-08-30T13:18:27.695Z,3900.145,3704053760,3704053760,0,3701145600,3680571392,20467712,3680604160,2981888,0,0,0,10197303296,937984,0.35
2026-08-30T13:18:37.684Z,3910.134,3704053760,3704053760,0,3701145600,3680571392,20467712,3680604160,2981888,0,0,0,10193244160,937984,0.3
2026-08-30T13:18:47.658Z,3920.108,3704053760,3704053760,0,3701145600,3680571392,20467712,3680604160,2981888,0,0,0,10193244160,937984,0.25
2026-08-30T13:18:57.688Z,3930.138,3704053760,3704053760,0,3701145600,3680571392,20467712,3680604160,2981888,0,0,0,10193244160,937984,0.21
2026-08-30T13:19:07.686Z,3940.136,3706781696,3706781696,0,3703873536,3683299328,20467712,3683332096,2981888,0,0,0,10193248256,937984,0.18
2026-08-30T13:19:17.686Z,3950.136,3706781696,3706781696,0,3703873536,3683299328,20467712,3683332096,2981888,0,0,0,10193248256,937984,0.15
2026-08-30T13:19:27.685Z,3960.135,3706781696,3706781696,0,3703873536,3683299328,20467712,3683332096,2981888,0,0,0,10192990208,937984,0.2
2026-08-30T13:19:37.686Z,3970.136,3706781696,3706781696,0,3703873536,3683299328,20467712,3683332096,2981888,0,0,0,10192990208,937984,0.17
2026-08-30T13:19:47.666Z,3980.116,3706781696,3706781696,0,3703873536,3683299328,20467712,3683332096,2981888,0,0,0,10192990208,937984,0.22
2026-08-30T13:19:57.685Z,3990.135,3706781696,3706781696,0,3703873536,3683299328,20467712,3683332096,2981888,0,0,0,10192539648,937984,0.19
2026-08-30T13:20:07.670Z,4000.12,3706642432,3706642432,0,3703734272,3683160064,20467712,3683192832,2981888,0,0,0,10192539648,937984,0.16
2026-08-30T13:20:17.688Z,4010.138,3706642432,3706642432,0,3703734272,3683160064,20467712,3683192832,2981888,0,0,0,10192539648,937984,0.21
2026-08-30T13:20:27.672Z,4020.122,3706642432,3706642432,0,3703734272,3683160064,20467712,3683192832,2981888,0,0,0,10192539648,937984,0.18
2026-08-30T13:20:37.689Z,4030.139,3706642432,3706642432,0,3703734272,3683160064,20467712,3683192832,2981888,0,0,0,10192539648,937984,0.23
2026-08-30T13:20:47.689Z,4040.139,3707412480,3707412480,0,3704504320,3683930112,20467712,3683962880,2981888,0,0,0,10191355904,937984,0.27
2026-08-30T13:20:57.686Z,4050.136,3707412480,3707412480,0,3704504320,3683930112,20467712,3683962880,2981888,0,0,0,10191355904,937984,0.23
2026-08-30T13:21:07.686Z,4060.136,3707412480,3707412480,0,3704504320,3683930112,20467712,3683962880,2981888,0,0,0,10191355904,937984,0.19
2026-08-30T13:21:17.689Z,4070.139,3707412480,3707412480,0,3704504320,3683930112,20467712,3683962880,2981888,0,0,0,10191187968,937984,0.16
2026-08-30T13:21:27.672Z,4080.122,3707412480,3707412480,0,3704504320,3683930112,20467712,3683962880,2981888,0,0,0,10189914112,937984,0.29
2026-08-30T13:21:37.691Z,4090.141,3707412480,3707412480,0,3704504320,3683930112,20467712,3683962880,2981888,0,0,0,10191990784,937984,0.25
2026-08-30T13:21:47.689Z,4100.139,3707412480,3707412480,0,3704504320,3683930112,20467712,3683962880,2981888,0,0,0,10191302656,937984,0.21
2026-08-30T13:21:57.661Z,4110.111,3707412480,3707412480,0,3704504320,3683930112,20467712,3683962880,2981888,0,0,0,10191593472,937984,0.18
2026-08-30T13:22:07.674Z,4120.124,3707412480,3707412480,0,3704504320,3683930112,20467712,3683962880,2981888,0,0,0,10191593472,937984,0.15
2026-08-30T13:22:17.691Z,4130.141,3707412480,3707412480,0,3704504320,3683930112,20467712,3683962880,2981888,0,0,0,10191593472,937984,0.13
2026-08-30T13:22:27.672Z,4140.122,3707412480,3707412480,0,3704504320,3683930112,20467712,3683962880,2981888,0,0,0,10191593472,937984,0.11
2026-08-30T13:22:37.672Z,4150.122,3707412480,3707412480,0,3704504320,3683930112,20467712,3683962880,2981888,0,0,0,10191597568,937984,0.09
2026-08-30T13:22:47.687Z,4160.137,3707482112,3707482112,0,3704573952,3683999744,20467712,3684032512,2981888,0,0,0,10191392768,937984,0.08
2026-08-30T13:22:57.681Z,4170.131,3707482112,3707482112,0,3704573952,3683999744,20467712,3684032512,2981888,0,0,0,10191392768,937984,0.14
2026-08-30T13:23:07.668Z,4180.118,3707482112,3707482112,0,3704573952,3683999744,20467712,3684032512,2981888,0,0,0,10188652544,937984,0.2
2026-08-30T13:23:17.698Z,4190.148,3707482112,3707482112,0,3704573952,3683999744,20467712,3684032512,2981888,0,0,0,10188652544,937984,0.24
2026-08-30T13:23:27.690Z,4200.14,3707482112,3707482112,0,3704573952,3683999744,20467712,3684032512,2981888,0,0,0,10188652544,937984,0.2
2026-08-30T13:23:37.689Z,4210.139,3707482112,3707482112,0,3704573952,3683999744,20467712,3684032512,2981888,0,0,0,10189012992,937984,0.17
2026-08-30T13:23:47.676Z,4220.126,3707412480,3707412480,0,3704504320,3683930112,20467712,3683962880,2981888,0,0,0,10189012992,937984,0.14
2026-08-30T13:23:57.688Z,4230.138,3707420672,3707420672,0,3704512512,3683938304,20467712,3683971072,2981888,0,0,0,10189012992,937984,0.2
2026-08-30T13:24:07.674Z,4240.124,3707420672,3707420672,0,3704512512,3683938304,20467712,3683971072,2981888,0,0,0,10189017088,937984,0.17
2026-08-30T13:24:17.676Z,4250.126,3707420672,3707420672,0,3704512512,3683938304,20467712,3683971072,2981888,0,0,0,10189017088,937984,0.14
2026-08-30T13:24:27.674Z,4260.124,3707420672,3707420672,0,3704512512,3683938304,20467712,3683971072,2981888,0,0,0,10186256384,937984,0.12
2026-08-30T13:24:37.677Z,4270.127,3707420672,3707420672,0,3704512512,3683938304,20467712,3683971072,2981888,0,0,0,10186256384,937984,0.1
2026-08-30T13:24:47.689Z,4280.139,3707420672,3707420672,0,3704512512,3683938304,20467712,3683971072,2981888,0,0,0,10186256384,937984,0.17
2026-08-30T13:24:57.687Z,4290.137,3736383488,3736383488,0,3733475328,3712901120,20467712,3712933888,2981888,0,0,0,10167418880,937984,0.29
2026-08-30T13:25:07.690Z,4300.14,3736383488,3736383488,0,3733475328,3712901120,20467712,3712933888,2981888,0,0,0,10167418880,937984,0.32
2026-08-30T13:25:17.689Z,4310.139,3736383488,3736383488,0,3733475328,3712901120,20467712,3712933888,2981888,0,0,0,10167418880,937984,0.35
2026-08-30T13:25:27.688Z,4320.138,3736383488,3736383488,0,3733475328,3712901120,20467712,3712933888,2981888,0,0,0,10167189504,937984,0.29
2026-08-30T13:25:37.688Z,4330.138,3736383488,3736383488,0,3733475328,3712901120,20467712,3712933888,2981888,0,0,0,10166960128,937984,0.33
2026-08-30T13:25:47.667Z,4340.117,3736383488,3736383488,0,3733475328,3712901120,20467712,3712933888,2981888,0,0,0,10166960128,937984,0.28
2026-08-30T13:25:57.695Z,4350.145,3736244224,3736244224,0,3733336064,3712761856,20467712,3712794624,2981888,0,0,0,10166960128,937984,0.31
2026-08-30T13:26:07.690Z,4360.14,3736244224,3736244224,0,3733336064,3712761856,20467712,3712794624,2981888,0,0,0,10166960128,937984,0.26
2026-08-30T13:26:17.691Z,4370.141,3736244224,3736244224,0,3733336064,3712761856,20467712,3712794624,2981888,0,0,0,10166505472,937984,0.3
2026-08-30T13:26:27.664Z,4380.114,3736244224,3736244224,0,3733336064,3712761856,20467712,3712794624,2981888,0,0,0,10166276096,937984,0.25
2026-08-30T13:26:37.689Z,4390.139,3736244224,3736244224,0,3733336064,3712761856,20467712,3712794624,2981888,0,0,0,10166276096,937984,0.29
2026-08-30T13:26:47.689Z,4400.139,3736244224,3736244224,0,3733336064,3712761856,20467712,3712794624,2981888,0,0,0,10166276096,937984,0.48
2026-08-30T13:26:57.677Z,4410.127,3736244224,3736244224,0,3733336064,3712761856,20467712,3712794624,2981888,0,0,0,10166280192,937984,0.41
2026-08-30T13:27:07.690Z,4420.14,3736244224,3736244224,0,3733336064,3712761856,20467712,3712794624,2981888,0,0,0,10166050816,937984,0.35
2026-08-30T13:27:17.691Z,4430.141,3736244224,3736244224,0,3733336064,3712761856,20467712,3712794624,2981888,0,0,0,10166050816,937984,0.29
2026-08-30T13:27:27.690Z,4440.14,3736244224,3736244224,0,3733336064,3712761856,20467712,3712794624,2981888,0,0,0,10169536512,937984,0.25
2026-08-30T13:27:37.685Z,4450.135,3736244224,3736244224,0,3733336064,3712761856,20467712,3712794624,2981888,0,0,0,10166312960,937984,0.21
2026-08-30T13:27:47.676Z,4460.126,3736244224,3736244224,0,3733336064,3712761856,20467712,3712794624,2981888,0,0,0,10166312960,937984,0.18
2026-08-30T13:27:57.691Z,4470.141,3736244224,3736244224,0,3733336064,3712761856,20467712,3712794624,2981888,0,0,0,10165624832,937984,0.15
2026-08-30T13:28:07.692Z,4480.142,3736244224,3736244224,0,3733336064,3712761856,20467712,3712794624,2981888,0,0,0,10165624832,937984,0.28
2026-08-30T13:28:17.693Z,4490.143,3736244224,3736244224,0,3733336064,3712761856,20467712,3712794624,2981888,0,0,0,10165624832,937984,0.24
2026-08-30T13:28:27.692Z,4500.142,3736244224,3736244224,0,3733336064,3712761856,20467712,3712794624,2981888,0,0,0,10165624832,937984,0.2
2026-08-30T13:28:37.693Z,4510.143,3736244224,3736244224,0,3733336064,3712761856,20467712,3712794624,2981888,0,0,0,10165624832,937984,0.17
2026-08-30T13:28:47.697Z,4520.147,3736244224,3736244224,0,3733336064,3712761856,20467712,3712794624,2981888,0,0,0,10164936704,937984,0.14
2026-08-30T13:28:57.695Z,4530.145,3736244224,3736244224,0,3733336064,3712761856,20467712,3712794624,2981888,0,0,0,10164936704,937984,0.12
2026-08-30T13:29:07.667Z,4540.117,3736244224,3736244224,0,3733336064,3712761856,20467712,3712794624,2981888,0,0,0,10164477952,937984,0.1
2026-08-30T13:29:17.693Z,4550.143,3736244224,3736244224,0,3733336064,3712761856,20467712,3712794624,2981888,0,0,0,10164248576,937984,0.08
2026-08-30T13:29:27.692Z,4560.142,3736244224,3736244224,0,3733336064,3712761856,20467712,3712794624,2981888,0,0,0,10163789824,937984,0.07
2026-08-30T13:29:37.699Z,4570.149,3736244224,3736244224,0,3733336064,3712761856,20467712,3712794624,2981888,0,0,0,10163564544,937984,0.06
2026-08-30T13:29:47.691Z,4580.141,3736244224,3736244224,0,3733336064,3712761856,20467712,3712794624,2981888,0,0,0,10163564544,937984,0.2
2026-08-30T13:29:57.678Z,4590.128,3736244224,3736244224,0,3733336064,3712761856,20467712,3712794624,2981888,0,0,0,10163568640,937984,0.25
2026-08-30T13:30:07.693Z,4600.143,3736244224,3736244224,0,3733336064,3712761856,20467712,3712794624,2981888,0,0,0,10161500160,937984,0.36
2026-08-30T13:30:17.670Z,4610.12,3736244224,3736244224,0,3733336064,3712761856,20467712,3712794624,2981888,0,0,0,10161500160,937984,0.31
2026-08-30T13:30:27.695Z,4620.145,3736244224,3736244224,0,3733336064,3712761856,20467712,3712794624,2981888,0,0,0,10161258496,937984,0.33
2026-08-30T13:30:37.692Z,4630.142,3736244224,3736244224,0,3733336064,3712761856,20467712,3712794624,2981888,0,0,0,10161262592,937984,0.36
2026-08-30T13:30:47.678Z,4640.128,3736244224,3736244224,0,3733336064,3712761856,20467712,3712794624,2981888,0,0,0,10161033216,937984,0.38
2026-08-30T13:30:57.692Z,4650.142,3736244224,3736244224,0,3733336064,3712761856,20467712,3712794624,2981888,0,0,0,10160185344,937984,0.32
2026-08-30T13:31:07.695Z,4660.145,3746410496,3746410496,0,3743502336,3722928128,20467712,3722960896,2981888,0,0,0,10152730624,937984,0.27
2026-08-30T13:31:17.694Z,4670.144,3746410496,3746410496,0,3743502336,3722928128,20467712,3722960896,2981888,0,0,0,10152730624,937984,0.23
2026-08-30T13:31:27.693Z,4680.143,3746410496,3746410496,0,3743502336,3722928128,20467712,3722960896,2981888,0,0,0,10152271872,937984,0.42
2026-08-30T13:31:37.693Z,4690.143,3746410496,3746410496,0,3743502336,3722928128,20467712,3722960896,2981888,0,0,0,10152271872,937984,0.36
2026-08-30T13:31:47.692Z,4700.142,3746410496,3746410496,0,3743502336,3722928128,20467712,3722960896,2981888,0,0,0,10152042496,937984,0.3
2026-08-30T13:31:57.694Z,4710.144,3767214080,3767214080,0,3764453376,3743879168,20467712,3743911936,2981888,0,0,0,10143866880,937984,0.25
2026-08-30T13:32:07.680Z,4720.13,3791097856,3791097856,0,3788300288,3767726080,20467712,3767758848,2981888,0,0,0,10114338816,937984,0.22
2026-08-30T13:32:17.697Z,4730.147,3815055360,3815055360,0,3812286464,3791712256,20467712,3791745024,2981888,0,0,0,10085085184,937984,0.18
2026-08-30T13:32:27.698Z,4740.148,3839008768,3839008768,0,3836248064,3815673856,20467712,3815706624,2981888,0,0,0,10057261056,937984,0.15
2026-08-30T13:32:37.671Z,4750.121,3862958080,3862958080,0,3860160512,3839586304,20467712,3839619072,2981888,0,0,0,10036154368,937984,0.21
2026-08-30T13:32:47.681Z,4760.131,3886911488,3886911488,0,3884109824,3863535616,20467712,3863568384,2981888,0,0,0,10016006144,937984,0.18
2026-08-30T13:32:57.694Z,4770.144,3910873088,3910873088,0,3908104192,3887529984,20467712,3887562752,2981888,0,0,0,9996787712,937984,0.22
2026-08-30T13:33:07.682Z,4780.132,3934822400,3934822400,0,3932020736,3911446528,20467712,3911479296,2981888,0,0,0,9964171264,937984,0.42
2026-08-30T13:33:17.698Z,4790.148,3958771712,3958771712,0,3956011008,3935436800,20467712,3935469568,2981888,0,0,0,9941491712,937984,0.43
2026-08-30T13:33:27.699Z,4800.149,3982757888,3982757888,0,3979993088,3959418880,20467712,3959451648,2981888,0,0,0,9919991808,937984,0.37
2026-08-30T13:33:37.703Z,4810.153,4006715392,4006715392,0,4003950592,3983376384,20467712,3983409152,2981888,0,0,0,9899081728,937984,0.38
2026-08-30T13:33:47.678Z,4820.128,4010573824,4010573824,0,4007665664,3987091456,20467712,3987124224,2981888,0,0,0,9889820672,937984,0.32
2026-08-30T13:33:57.707Z,4830.157,4010573824,4010573824,0,4007665664,3987091456,20467712,3987124224,2981888,0,0,0,9891024896,937984,0.27
2026-08-30T13:34:07.706Z,4840.156,4010573824,4010573824,0,4007665664,3987091456,20467712,3987124224,2981888,0,0,0,9890795520,937984,0.31
2026-08-30T13:34:17.704Z,4850.154,4010573824,4010573824,0,4007665664,3987091456,20467712,3987124224,2981888,0,0,0,9890566144,937984,0.26
2026-08-30T13:34:27.704Z,4860.154,4010573824,4010573824,0,4007665664,3987091456,20467712,3987124224,2981888,0,0,0,9890594816,937984,0.22
2026-08-30T13:34:37.685Z,4870.135,4010573824,4010573824,0,4007665664,3987091456,20467712,3987124224,2981888,0,0,0,9889447936,937984,0.19
2026-08-30T13:34:47.702Z,4880.152,4010573824,4010573824,0,4007665664,3987091456,20467712,3987124224,2981888,0,0,0,9889218560,937984,0.16
2026-08-30T13:34:57.707Z,4890.157,4010573824,4010573824,0,4007665664,3987091456,20467712,3987124224,2981888,0,0,0,9873956864,937984,0.29
2026-08-30T13:35:07.679Z,4900.129,4010573824,4010573824,0,4007665664,3987091456,20467712,3987124224,2981888,0,0,0,9875996672,937984,0.32
2026-08-30T13:35:17.690Z,4910.14,4010573824,4010573824,0,4007665664,3987091456,20467712,3987124224,2981888,0,0,0,9876025344,937984,0.35
2026-08-30T13:35:27.704Z,4920.154,4010573824,4010573824,0,4007665664,3987091456,20467712,3987124224,2981888,0,0,0,9876025344,937984,0.37
2026-08-30T13:35:37.705Z,4930.155,4010573824,4010573824,0,4007665664,3987091456,20467712,3987124224,2981888,0,0,0,9876029440,937984,0.32
2026-08-30T13:35:47.705Z,4940.155,4010573824,4010573824,0,4007665664,3987091456,20467712,3987124224,2981888,0,0,0,9875341312,937984,0.34
2026-08-30T13:35:57.679Z,4950.129,4010573824,4010573824,0,4007665664,3987091456,20467712,3987124224,2981888,0,0,0,9875718144,937984,0.29
2026-08-30T13:36:07.705Z,4960.155,4010573824,4010573824,0,4007665664,3987091456,20467712,3987124224,2981888,0,0,0,9875488768,937984,0.24
2026-08-30T13:36:17.706Z,4970.156,4010573824,4010573824,0,4007665664,3987091456,20467712,3987124224,2981888,0,0,0,9875259392,937984,0.29
2026-08-30T13:36:27.706Z,4980.156,4014694400,4014694400,0,4011786240,3991212032,20467712,3991244800,2981888,0,0,0,9874317312,937984,0.32
2026-08-30T13:36:37.705Z,4990.155,4014694400,4014694400,0,4011786240,3991212032,20467712,3991244800,2981888,0,0,0,9885786112,937984,0.27
2026-08-30T13:36:47.680Z,5000.13,4014694400,4014694400,0,4011786240,3991212032,20467712,3991244800,2981888,0,0,0,9885818880,937984,0.31
2026-08-30T13:36:57.708Z,5010.158,4014694400,4014694400,0,4011786240,3991212032,20467712,3991244800,2981888,0,0,0,9885196288,937984,0.26
2026-08-30T13:37:07.705Z,5020.155,4014694400,4014694400,0,4011786240,3991212032,20467712,3991244800,2981888,0,0,0,9885507584,937984,0.22
2026-08-30T13:37:17.708Z,5030.158,4014694400,4014694400,0,4011786240,3991212032,20467712,3991244800,2981888,0,0,0,9885331456,937984,0.34
2026-08-30T13:37:27.705Z,5040.155,4014628864,4014628864,0,4011720704,3991146496,20467712,3991179264,2981888,0,0,0,9885331456,937984,0.29
2026-08-30T13:37:37.708Z,5050.158,4014628864,4014628864,0,4011720704,3991146496,20467712,3991179264,2981888,0,0,0,9884876800,937984,0.24
2026-08-30T13:37:47.707Z,5060.157,4014628864,4014628864,0,4011720704,3991146496,20467712,3991179264,2981888,0,0,0,9884909568,937984,0.21
2026-08-30T13:37:57.679Z,5070.129,4014628864,4014628864,0,4011720704,3991146496,20467712,3991179264,2981888,0,0,0,9884655616,937984,0.17
2026-08-30T13:38:07.705Z,5080.155,4014628864,4014628864,0,4011720704,3991146496,20467712,3991179264,2981888,0,0,0,9884426240,937984,0.3
2026-08-30T13:38:17.704Z,5090.154,4014628864,4014628864,0,4011720704,3991146496,20467712,3991179264,2981888,0,0,0,9883541504,937984,0.33
2026-08-30T13:38:27.705Z,5100.155,4014628864,4014628864,0,4011720704,3991146496,20467712,3991179264,2981888,0,0,0,9883312128,937984,0.28
2026-08-30T13:38:37.680Z,5110.13,4014628864,4014628864,0,4011720704,3991146496,20467712,3991179264,2981888,0,0,0,9883312128,937984,0.23
2026-08-30T13:38:47.690Z,5120.14,4014628864,4014628864,0,4011720704,3991146496,20467712,3991179264,2981888,0,0,0,9883312128,937984,0.2
2026-08-30T13:38:57.701Z,5130.151,4014637056,4014637056,0,4011728896,3991154688,20467712,3991187456,2981888,0,0,0,9883312128,937984,0.17
2026-08-30T13:39:07.703Z,5140.153,4014637056,4014637056,0,4011728896,3991154688,20467712,3991187456,2981888,0,0,0,9883312128,937984,0.14
2026-08-30T13:39:17.690Z,5150.14,4014637056,4014637056,0,4011728896,3991154688,20467712,3991187456,2981888,0,0,0,9883316224,937984,0.12
2026-08-30T13:39:27.705Z,5160.155,4014637056,4014637056,0,4011728896,3991154688,20467712,3991187456,2981888,0,0,0,9878179840,937984,0.1
2026-08-30T13:39:37.704Z,5170.154,4014637056,4014637056,0,4011728896,3991154688,20467712,3991187456,2981888,0,0,0,9881300992,937984,0.08
2026-08-30T13:39:47.691Z,5180.141,4014641152,4014641152,0,4011732992,3991158784,20467712,3991191552,2981888,0,0,0,9880846336,937984,0.15
2026-08-30T13:39:57.704Z,5190.154,4014649344,4014649344,0,4011741184,3991166976,20467712,3991199744,2981888,0,0,0,9880944640,937984,0.13
2026-08-30T13:40:07.679Z,5200.129,4014653440,4014653440,0,4011745280,3991171072,20467712,3991203840,2981888,0,0,0,9880485888,937984,0.18
2026-08-30T13:40:17.690Z,5210.14,4014657536,4014657536,0,4011749376,3991175168,20467712,3991207936,2981888,0,0,0,9880514560,937984,0.15
2026-08-30T13:40:27.704Z,5220.154,4014661632,4014661632,0,4011753472,3991179264,20467712,3991212032,2981888,0,0,0,9880838144,937984,0.13
2026-08-30T13:40:37.707Z,5230.157,4014661632,4014661632,0,4011753472,3991179264,20467712,3991212032,2981888,0,0,0,9880838144,937984,0.11
2026-08-30T13:40:47.680Z,5240.13,4014665728,4014665728,0,4011757568,3991183360,20467712,3991216128,2981888,0,0,0,9880612864,937984,0.17
2026-08-30T13:40:57.705Z,5250.155,4014669824,4014669824,0,4011761664,3991187456,20467712,3991220224,2981888,0,0,0,9880387584,937984,0.23
2026-08-30T13:41:07.705Z,5260.155,4014673920,4014673920,0,4011765760,3991191552,20467712,3991224320,2981888,0,0,0,9876873216,937984,0.19
2026-08-30T13:41:17.712Z,5270.162,4014678016,4014678016,0,4011769856,3991195648,20467712,3991228416,2981888,0,0,0,9876643840,937984,0.16
2026-08-30T13:41:27.709Z,5280.159,4014682112,4014682112,0,4011773952,3991199744,20467712,3991232512,2981888,0,0,0,9876414464,937984,0.3
2026-08-30T13:41:37.709Z,5290.159,4014690304,4014690304,0,4011782144,3991207936,20467712,3991240704,2981888,0,0,0,9876414464,937984,0.32
2026-08-30T13:41:47.706Z,5300.156,4014694400,4014694400,0,4011786240,3991212032,20467712,3991244800,2981888,0,0,0,9876185088,937984,0.27
2026-08-30T13:41:57.705Z,5310.155,4014698496,4014698496,0,4011790336,3991216128,20467712,3991248896,2981888,0,0,0,9875726336,937984,0.23
2026-08-30T13:42:07.705Z,5320.155,4014698496,4014698496,0,4011790336,3991216128,20467712,3991248896,2981888,0,0,0,9875480576,937984,0.2
2026-08-30T13:42:17.705Z,5330.155,4014702592,4014702592,0,4011794432,3991220224,20467712,3991252992,2981888,0,0,0,9876451328,937984,0.16
2026-08-30T13:42:27.704Z,5340.154,4014706688,4014706688,0,4011798528,3991224320,20467712,3991257088,2981888,0,0,0,9876451328,937984,0.22
2026-08-30T13:42:37.709Z,5350.159,4014710784,4014710784,0,4011802624,3991228416,20467712,3991261184,2981888,0,0,0,9876455424,937984,0.18
2026-08-30T13:42:47.706Z,5360.156,4015124480,4015124480,0,4012216320,3991642112,20467712,3991674880,2981888,0,0,0,9875980288,937984,0.16
2026-08-30T13:42:57.680Z,5370.13,4015124480,4015124480,0,4012216320,3991642112,20467712,3991674880,2981888,0,0,0,9875980288,937984,0.13
2026-08-30T13:43:07.704Z,5380.154,4015124480,4015124480,0,4012216320,3991642112,20467712,3991674880,2981888,0,0,0,9875980288,937984,0.11
2026-08-30T13:43:17.680Z,5390.13,4015124480,4015124480,0,4012216320,3991642112,20467712,3991674880,2981888,0,0,0,9875750912,937984,0.17
2026-08-30T13:43:27.711Z,5400.161,4015124480,4015124480,0,4012216320,3991642112,20467712,3991674880,2981888,0,0,0,9875750912,937984,0.22
2026-08-30T13:43:37.709Z,5410.159,4016906240,4016906240,0,4013998080,3993423872,20467712,3993456640,2981888,0,0,0,9875234816,937984,0.19
2026-08-30T13:43:47.691Z,5420.141,4016775168,4016775168,0,4013867008,3993292800,20467712,3993325568,2981888,0,0,0,9875243008,937984,0.17
2026-08-30T13:43:57.691Z,5430.141,4016775168,4016775168,0,4013867008,3993292800,20467712,3993325568,2981888,0,0,0,9875243008,937984,0.14
2026-08-30T13:44:07.706Z,5440.156,4016775168,4016775168,0,4013867008,3993292800,20467712,3993325568,2981888,0,0,0,9875013632,937984,0.12
2026-08-30T13:44:17.718Z,5450.168,4016775168,4016775168,0,4013867008,3993292800,20467712,3993325568,2981888,0,0,0,9874784256,937984,0.1
2026-08-30T13:44:27.692Z,5460.142,4016775168,4016775168,0,4013867008,3993292800,20467712,3993325568,2981888,0,0,0,9874788352,937984,0.09
2026-08-30T13:44:37.702Z,5470.152,4016775168,4016775168,0,4013867008,3993292800,20467712,3993325568,2981888,0,0,0,9874788352,937984,0.22
2026-08-30T13:44:47.681Z,5480.131,4016775168,4016775168,0,4013867008,3993292800,20467712,3993325568,2981888,0,0,0,9874788352,937984,0.34
2026-08-30T13:44:57.691Z,5490.141,4016775168,4016775168,0,4013865984,3993292800,20467712,3993325568,2981888,0,0,0,9874329600,937984,0.44
2026-08-30T13:45:07.691Z,5500.141,4016775168,4016775168,0,4013865984,3993292800,20467712,3993325568,2981888,0,0,0,9874100224,937984,0.52
2026-08-30T13:45:17.703Z,5510.153,4016775168,4016775168,0,4013865984,3993292800,20467712,3993325568,2981888,0,0,0,9874100224,937984,0.66
2026-08-30T13:45:27.705Z,5520.155,4016775168,4016775168,0,4013865984,3993292800,20467712,3993325568,2981888,0,0,0,9868083200,937984,0.78
2026-08-30T13:45:37.690Z,5530.14,4016775168,4016775168,0,4013865984,3993292800,20467712,3993325568,2981888,0,0,0,9868111872,937984,0.81
2026-08-30T13:45:47.710Z,5540.16,4016775168,4016775168,0,4013865984,3993292800,20467712,3993325568,2981888,0,0,0,9867681792,937984,0.76
2026-08-30T13:45:57.708Z,5550.158,4016775168,4016775168,0,4013865984,3993292800,20467712,3993325568,2981888,0,0,0,9867681792,937984,0.8
2026-08-30T13:46:07.691Z,5560.141,4016775168,4016775168,0,4013865984,3993292800,20467712,3993325568,2981888,0,0,0,9868677120,937984,0.83
2026-08-30T13:46:17.692Z,5570.142,4016775168,4016775168,0,4013865984,3993292800,20467712,3993325568,2981888,0,0,0,9868218368,937984,0.78
2026-08-30T13:46:27.710Z,5580.16,4016775168,4016775168,0,4013865984,3993292800,20467712,3993325568,2981888,0,0,0,9867988992,937984,0.73
2026-08-30T13:46:37.706Z,5590.156,4016775168,4016775168,0,4013865984,3993292800,20467712,3993325568,2981888,0,0,0,9867743232,937984,0.85
2026-08-30T13:46:47.709Z,5600.159,4016775168,4016775168,0,4013865984,3993292800,20467712,3993325568,2981888,0,0,0,9868595200,937984,0.79
2026-08-30T13:46:57.709Z,5610.159,4016775168,4016775168,0,4013865984,3993292800,20467712,3993325568,2981888,0,0,0,9868595200,937984,0.75
2026-08-30T13:47:07.691Z,5620.141,4016775168,4016775168,0,4013865984,3993292800,20467712,3993325568,2981888,0,0,0,9868595200,937984,0.7
2026-08-30T13:47:17.706Z,5630.156,4016775168,4016775168,0,4013865984,3993292800,20467712,3993325568,2981888,0,0,0,9868595200,937984,0.67
2026-08-30T13:47:27.680Z,5640.13,4016775168,4016775168,0,4013865984,3993292800,20467712,3993325568,2981888,0,0,0,9868595200,937984,0.64
2026-08-30T13:47:37.707Z,5650.157,4016775168,4016775168,0,4013865984,3993292800,20467712,3993325568,2981888,0,0,0,9868861440,937984,0.69
2026-08-30T13:47:47.706Z,5660.156,4016775168,4016775168,0,4013865984,3993292800,20467712,3993325568,2981888,0,0,0,9868865536,937984,0.74
2026-08-30T13:47:57.706Z,5670.156,4016775168,4016775168,0,4013865984,3993292800,20467712,3993325568,2981888,0,0,0,9868865536,937984,0.7
2026-08-30T13:48:07.707Z,5680.157,4016775168,4016775168,0,4013865984,3993292800,20467712,3993325568,2981888,0,0,0,9868869632,937984,0.66
2026-08-30T13:48:17.707Z,5690.157,4016775168,4016775168,0,4013865984,3993292800,20467712,3993325568,2981888,0,0,0,9868873728,937984,0.94
2026-08-30T13:48:27.683Z,5700.133,4016775168,4016775168,0,4013865984,3993292800,20467712,3993325568,2981888,0,0,0,9868873728,937984,0.87
2026-08-30T13:48:37.705Z,5710.155,4016775168,4016775168,0,4013865984,3993292800,20467712,3993325568,2981888,0,0,0,9868873728,937984,0.81
2026-08-30T13:48:47.718Z,5720.168,4016775168,4016775168,0,4013865984,3993292800,20467712,3993325568,2981888,0,0,0,9868873728,937984,0.76
2026-08-30T13:48:57.708Z,5730.158,4016775168,4016775168,0,4013865984,3993292800,20467712,3993325568,2981888,0,0,0,9868873728,937984,0.72
2026-08-30T13:49:07.716Z,5740.166,4016775168,4016775168,0,4013865984,3993292800,20467712,3993325568,2981888,0,0,0,9868877824,937984,0.68
2026-08-30T13:49:17.705Z,5750.155,4016775168,4016775168,0,4013865984,3993292800,20467712,3993325568,2981888,0,0,0,9868877824,937984,0.65
2026-08-30T13:49:27.705Z,5760.155,4016775168,4016775168,0,4013865984,3993292800,20467712,3993325568,2981888,0,0,0,9868877824,937984,0.78
2026-08-30T13:49:37.706Z,5770.156,4016775168,4016775168,0,4013865984,3993292800,20467712,3993325568,2981888,0,0,0,9868877824,937984,0.89
2026-08-30T13:49:47.705Z,5780.155,4019474432,4019474432,0,4016548864,3995992064,20434944,3996024832,3014656,0,0,0,9868615680,937984,0.82
2026-08-30T13:49:57.703Z,5790.153,4019478528,4019478528,0,4016569344,3995996160,20467712,3996028928,2981888,0,0,0,9867665408,937984,1
2026-08-30T13:50:07.708Z,5800.158,4019478528,4019478528,0,4016569344,3995996160,20467712,3996028928,2981888,0,0,0,9865625600,937984,0.92
2026-08-30T13:50:17.706Z,5810.156,4019478528,4019478528,0,4016569344,3995996160,20467712,3996028928,2981888,0,0,0,9865625600,937984,1
2026-08-30T13:50:27.714Z,5820.164,4019478528,4019478528,0,4016569344,3995996160,20467712,3996028928,2981888,0,0,0,9865670656,937984,0.92
2026-08-30T13:50:37.683Z,5830.133,4020285440,4020285440,0,4017376256,3996803072,20467712,3996835840,2981888,0,0,0,9865674752,937984,0.85
2026-08-30T13:50:47.711Z,5840.161,4020215808,4020215808,0,4017306624,3996733440,20467712,3996766208,2981888,0,0,0,9865678848,937984,0.87
2026-08-30T13:50:57.681Z,5850.131,4020215808,4020215808,0,4017306624,3996733440,20467712,3996766208,2981888,0,0,0,9865678848,937984,0.88
2026-08-30T13:51:07.722Z,5860.172,4020215808,4020215808,0,4017306624,3996733440,20467712,3996766208,2981888,0,0,0,9865433088,937984,0.75
2026-08-30T13:51:17.696Z,5870.146,4026363904,4026363904,0,4023454720,4002881536,20467712,4002914304,2981888,0,0,0,9865433088,937984,0.7
2026-08-30T13:51:27.694Z,5880.144,4026363904,4026363904,0,4023454720,4002881536,20467712,4002914304,2981888,0,0,0,9860399104,937984,0.74
2026-08-30T13:51:37.708Z,5890.158,4026363904,4026363904,0,4023454720,4002881536,20467712,4002914304,2981888,0,0,0,9866964992,937984,0.78
2026-08-30T13:51:47.706Z,5900.156,4026363904,4026363904,0,4023454720,4002881536,20467712,4002914304,2981888,0,0,0,9866362880,937984,0.89
2026-08-30T13:51:57.707Z,5910.157,4026363904,4026363904,0,4023454720,4002881536,20467712,4002914304,2981888,0,0,0,9866358784,937984,0.97
2026-08-30T13:52:07.682Z,5920.132,4030668800,4030668800,0,4027870208,4007297024,20467712,4007329792,2981888,0,0,0,9863806976,937984,0.9
2026-08-30T13:52:17.693Z,5930.143,4054536192,4054536192,0,4051778560,4031205376,20467712,4031238144,2981888,0,0,0,9833959424,937984,0.76
2026-08-30T13:52:27.706Z,5940.156,4078489600,4078489600,0,4075785216,4055212032,20467712,4055244800,2981888,0,0,0,9812828160,937984,0.64
2026-08-30T13:52:37.722Z,5950.172,4102443008,4102443008,0,4099738624,4079165440,20467712,4079198208,2981888,0,0,0,9794330624,937984,0.69
2026-08-30T13:52:47.694Z,5960.144,4126396416,4126396416,0,4123634688,4103061504,20467712,4103094272,2981888,0,0,0,9767272448,937984,0.66
2026-08-30T13:52:57.684Z,5970.134,4150353920,4150353920,0,4147551232,4126978048,20467712,4127010816,2981888,0,0,0,9741119488,937984,0.63
2026-08-30T13:53:07.696Z,5980.146,4174303232,4174303232,0,4171541504,4150968320,20467712,4151001088,2981888,0,0,0,9719742464,937984,0.69
2026-08-30T13:53:17.720Z,5990.17,4200804352,4200804352,0,4198104064,4177530880,20467712,4177563648,2981888,0,0,0,9688371200,937984,0.81
2026-08-30T13:53:27.708Z,6000.158,4224225280,4224225280,0,4221344768,4200771584,20467712,4200804352,2981888,0,0,0,9674158080,937984,0.83
2026-08-30T13:53:37.712Z,6010.162,4224827392,4224827392,0,4221918208,4201345024,20467712,4201377792,2981888,0,0,0,9673641984,937984,0.78
2026-08-30T13:53:47.723Z,6020.173,4224827392,4224827392,0,4221918208,4201345024,20467712,4201377792,2981888,0,0,0,9672728576,937984,0.66
2026-08-30T13:53:57.695Z,6030.145,4224827392,4224827392,0,4221918208,4201345024,20467712,4201377792,2981888,0,0,0,9672728576,937984,0.63
2026-08-30T13:54:07.727Z,6040.177,4224827392,4224827392,0,4221918208,4201345024,20467712,4201377792,2981888,0,0,0,9672269824,937984,0.53
2026-08-30T13:54:17.715Z,6050.165,4224765952,4224765952,0,4221856768,4201283584,20467712,4201316352,2981888,0,0,0,9672269824,937984,0.52
2026-08-30T13:54:27.714Z,6060.164,4224765952,4224765952,0,4221856768,4201283584,20467712,4201316352,2981888,0,0,0,9672269824,937984,0.44
2026-08-30T13:54:37.715Z,6070.165,4224765952,4224765952,0,4221856768,4201283584,20467712,4201316352,2981888,0,0,0,9669447680,937984,0.45
2026-08-30T13:54:47.716Z,6080.166,4224765952,4224765952,0,4221856768,4201283584,20467712,4201316352,2981888,0,0,0,9669447680,937984,0.53
2026-08-30T13:54:57.715Z,6090.165,4224765952,4224765952,0,4221856768,4201283584,20467712,4201316352,2981888,0,0,0,9669447680,937984,0.6
2026-08-30T13:55:07.687Z,6100.137,4224765952,4224765952,0,4221856768,4201283584,20467712,4201316352,2981888,0,0,0,9669505024,937984,0.51
2026-08-30T13:55:17.706Z,6110.156,4224765952,4224765952,0,4221856768,4201283584,20467712,4201316352,2981888,0,0,0,9669275648,937984,0.5
2026-08-30T13:55:27.697Z,6120.147,4224765952,4224765952,0,4221856768,4201283584,20467712,4201316352,2981888,0,0,0,9669279744,937984,0.58
2026-08-30T13:55:37.712Z,6130.162,4224765952,4224765952,0,4221856768,4201283584,20467712,4201316352,2981888,0,0,0,9669279744,937984,0.49
2026-08-30T13:55:47.713Z,6140.163,4224765952,4224765952,0,4221856768,4201283584,20467712,4201316352,2981888,0,0,0,9669283840,937984,0.57
2026-08-30T13:55:57.712Z,6150.162,4224765952,4224765952,0,4221856768,4201283584,20467712,4201316352,2981888,0,0,0,9663365120,937984,0.55
2026-08-30T13:56:07.704Z,6160.154,4224765952,4224765952,0,4221856768,4201283584,20467712,4201316352,2981888,0,0,0,9663365120,937984,0.54
2026-08-30T13:56:17.697Z,6170.147,4224765952,4224765952,0,4221856768,4201283584,20467712,4201316352,2981888,0,0,0,9663365120,937984,0.53
2026-08-30T13:56:27.696Z,6180.146,4224765952,4224765952,0,4221856768,4201283584,20467712,4201316352,2981888,0,0,0,9663365120,937984,0.61
2026-08-30T13:56:37.698Z,6190.148,4224765952,4224765952,0,4221856768,4201283584,20467712,4201316352,2981888,0,0,0,9663365120,937984,0.67
2026-08-30T13:56:47.713Z,6200.163,4224765952,4224765952,0,4221856768,4201283584,20467712,4201316352,2981888,0,0,0,9663135744,937984,0.64
2026-08-30T13:56:57.713Z,6210.163,4224765952,4224765952,0,4221856768,4201283584,20467712,4201316352,2981888,0,0,0,9663135744,937984,0.62
2026-08-30T13:57:07.715Z,6220.165,4224765952,4224765952,0,4221856768,4201283584,20467712,4201316352,2981888,0,0,0,9662681088,937984,0.52
2026-08-30T13:57:17.711Z,6230.161,4224765952,4224765952,0,4221856768,4201283584,20467712,4201316352,2981888,0,0,0,9662685184,937984,0.6
2026-08-30T13:57:27.714Z,6240.164,4226465792,4226465792,0,4223556608,4202983424,20467712,4203016192,2981888,0,0,0,9661014016,937984,0.5
2026-08-30T13:57:37.698Z,6250.148,4226465792,4226465792,0,4223556608,4202983424,20467712,4203016192,2981888,0,0,0,9666719744,937984,0.43
2026-08-30T13:57:47.713Z,6260.163,4226465792,4226465792,0,4223556608,4202983424,20467712,4203016192,2981888,0,0,0,9666719744,937984,0.52
2026-08-30T13:57:57.715Z,6270.165,4226465792,4226465792,0,4223556608,4202983424,20467712,4203016192,2981888,0,0,0,9666748416,937984,0.52
2026-08-30T13:58:07.701Z,6280.151,4226465792,4226465792,0,4223556608,4202983424,20467712,4203016192,2981888,0,0,0,9667076096,937984,0.51
2026-08-30T13:58:17.699Z,6290.149,4226465792,4226465792,0,4223556608,4202983424,20467712,4203016192,2981888,0,0,0,9667076096,937984,0.51
2026-08-30T13:58:27.713Z,6300.163,4226396160,4226396160,0,4223486976,4202913792,20467712,4202946560,2981888,0,0,0,9667076096,937984,0.43
2026-08-30T13:58:37.715Z,6310.165,4226396160,4226396160,0,4223486976,4202913792,20467712,4202946560,2981888,0,0,0,9667080192,937984,0.36
2026-08-30T13:58:47.713Z,6320.163,4226396160,4226396160,0,4223486976,4202913792,20467712,4202946560,2981888,0,0,0,9667080192,937984,0.38
2026-08-30T13:58:57.686Z,6330.136,4226396160,4226396160,0,4223486976,4202913792,20467712,4202946560,2981888,0,0,0,9667084288,937984,0.32
2026-08-30T13:59:07.715Z,6340.165,4226396160,4226396160,0,4223486976,4202913792,20467712,4202946560,2981888,0,0,0,9666879488,937984,0.27
2026-08-30T13:59:17.699Z,6350.149,4226396160,4226396160,0,4223486976,4202913792,20467712,4202946560,2981888,0,0,0,9666191360,937984,0.23
2026-08-30T13:59:27.712Z,6360.162,4227149824,4227149824,0,4224240640,4203667456,20467712,4203700224,2981888,0,0,0,9666191360,937984,0.19
2026-08-30T13:59:37.689Z,6370.139,4227162112,4227162112,0,4224252928,4203679744,20467712,4203712512,2981888,0,0,0,9666248704,937984,0.24
2026-08-30T13:59:47.713Z,6380.163,4227162112,4227162112,0,4224252928,4203679744,20467712,4203712512,2981888,0,0,0,9666105344,937984,0.2
2026-08-30T13:59:57.722Z,6390.172,4227162112,4227162112,0,4224252928,4203679744,20467712,4203712512,2981888,0,0,0,9666105344,937984,0.17
2026-08-30T14:00:07.704Z,6400.154,4227162112,4227162112,0,4224252928,4203679744,20467712,4203712512,2981888,0,0,0,9666109440,937984,0.3
2026-08-30T14:00:17.726Z,6410.176,4227162112,4227162112,0,4224252928,4203679744,20467712,4203712512,2981888,0,0,0,9664819200,937984,0.33
2026-08-30T14:00:27.700Z,6420.15,4227162112,4227162112,0,4224252928,4203679744,20467712,4203712512,2981888,0,0,0,9664819200,937984,0.27
2026-08-30T14:00:37.713Z,6430.163,4227162112,4227162112,0,4224252928,4203679744,20467712,4203712512,2981888,0,0,0,9665081344,937984,0.23
2026-08-30T14:00:47.716Z,6440.166,4227162112,4227162112,0,4224252928,4203679744,20467712,4203712512,2981888,0,0,0,9665081344,937984,0.2
2026-08-30T14:00:57.710Z,6450.16,4227162112,4227162112,0,4224252928,4203679744,20467712,4203712512,2981888,0,0,0,9665081344,937984,0.16
2026-08-30T14:01:07.714Z,6460.164,4227162112,4227162112,0,4224252928,4203679744,20467712,4203712512,2981888,0,0,0,9665081344,937984,0.14
2026-08-30T14:01:17.714Z,6470.164,4227162112,4227162112,0,4224252928,4203679744,20467712,4203712512,2981888,0,0,0,9665081344,937984,0.12
2026-08-30T14:01:27.713Z,6480.163,4227162112,4227162112,0,4224252928,4203679744,20467712,4203712512,2981888,0,0,0,9664851968,937984,0.1
2026-08-30T14:01:37.717Z,6490.167,4227162112,4227162112,0,4224252928,4203679744,20467712,4203712512,2981888,0,0,0,9664856064,937984,0.24
2026-08-30T14:01:47.714Z,6500.164,4227162112,4227162112,0,4224252928,4203679744,20467712,4203712512,2981888,0,0,0,9664856064,937984,0.2
2026-08-30T14:01:57.713Z,6510.163,4227162112,4227162112,0,4224252928,4203679744,20467712,4203712512,2981888,0,0,0,9664860160,937984,0.17
2026-08-30T14:02:07.701Z,6520.151,4227162112,4227162112,0,4224252928,4203679744,20467712,4203712512,2981888,0,0,0,9664860160,937984,0.22
2026-08-30T14:02:17.717Z,6530.167,4227162112,4227162112,0,4224252928,4203679744,20467712,4203712512,2981888,0,0,0,9664860160,937984,0.26
2026-08-30T14:02:27.702Z,6540.152,4227162112,4227162112,0,4224252928,4203679744,20467712,4203712512,2981888,0,0,0,9665155072,937984,0.29
2026-08-30T14:02:37.718Z,6550.168,4227162112,4227162112,0,4224252928,4203679744,20467712,4203712512,2981888,0,0,0,9665163264,937984,0.33
2026-08-30T14:02:47.720Z,6560.17,4227162112,4227162112,0,4224252928,4203679744,20467712,4203712512,2981888,0,0,0,9665163264,937984,0.28
2026-08-30T14:02:57.721Z,6570.171,4227162112,4227162112,0,4224252928,4203679744,20467712,4203712512,2981888,0,0,0,9665163264,937984,0.23
2026-08-30T14:03:07.721Z,6580.171,4227162112,4227162112,0,4224252928,4203679744,20467712,4203712512,2981888,0,0,0,9665163264,937984,0.2
2026-08-30T14:03:17.703Z,6590.153,4227162112,4227162112,0,4224252928,4203679744,20467712,4203712512,2981888,0,0,0,9664704512,937984,0.32
2026-08-30T14:03:27.717Z,6600.167,4227162112,4227162112,0,4224252928,4203679744,20467712,4203712512,2981888,0,0,0,9665638400,937984,0.27
2026-08-30T14:03:37.720Z,6610.17,4227162112,4227162112,0,4224252928,4203679744,20467712,4203712512,2981888,0,0,0,9660612608,937984,0.23
2026-08-30T14:03:47.714Z,6620.164,4227162112,4227162112,0,4224252928,4203679744,20467712,4203712512,2981888,0,0,0,9659953152,937984,0.27
2026-08-30T14:03:57.716Z,6630.166,4227162112,4227162112,0,4224252928,4203679744,20467712,4203712512,2981888,0,0,0,9659953152,937984,0.23
2026-08-30T14:04:07.695Z,6640.145,4227162112,4227162112,0,4224252928,4203679744,20467712,4203712512,2981888,0,0,0,9659723776,937984,0.19
2026-08-30T14:04:17.706Z,6650.156,4227162112,4227162112,0,4224252928,4203679744,20467712,4203712512,2981888,0,0,0,9659559936,937984,0.23
2026-08-30T14:04:27.719Z,6660.169,4227588096,4227588096,0,4224678912,4204105728,20467712,4204138496,2981888,0,0,0,9659559936,937984,0.2
2026-08-30T14:04:37.722Z,6670.172,4227588096,4227588096,0,4224678912,4204105728,20467712,4204138496,2981888,0,0,0,9659559936,937984,0.17
2026-08-30T14:04:47.718Z,6680.168,4227588096,4227588096,0,4224678912,4204105728,20467712,4204138496,2981888,0,0,0,9659559936,937984,0.3
2026-08-30T14:04:57.693Z,6690.143,4227588096,4227588096,0,4224678912,4204105728,20467712,4204138496,2981888,0,0,0,9659817984,937984,0.4
2026-08-30T14:05:07.718Z,6700.168,4227588096,4227588096,0,4224678912,4204105728,20467712,4204138496,2981888,0,0,0,9659822080,937984,0.34
2026-08-30T14:05:17.694Z,6710.144,4227588096,4227588096,0,4224678912,4204105728,20467712,4204138496,2981888,0,0,0,9659576320,937984,0.28
2026-08-30T14:05:27.704Z,6720.154,4227448832,4227448832,0,4224539648,4203966464,20467712,4203999232,2981888,0,0,0,9659576320,937984,0.31
2026-08-30T14:05:37.720Z,6730.17,4227448832,4227448832,0,4224539648,4203966464,20467712,4203999232,2981888,0,0,0,9659576320,937984,0.27
2026-08-30T14:05:47.705Z,6740.155,4227448832,4227448832,0,4224539648,4203966464,20467712,4203999232,2981888,0,0,0,9659576320,937984,0.22
2026-08-30T14:05:57.716Z,6750.166,4227448832,4227448832,0,4224539648,4203966464,20467712,4203999232,2981888,0,0,0,9659576320,937984,0.19
2026-08-30T14:06:07.723Z,6760.173,4227448832,4227448832,0,4224539648,4203966464,20467712,4203999232,2981888,0,0,0,9659576320,937984,0.16
2026-08-30T14:06:17.720Z,6770.17,4227448832,4227448832,0,4224539648,4203966464,20467712,4203999232,2981888,0,0,0,9659580416,937984,0.21
2026-08-30T14:06:27.717Z,6780.167,4227448832,4227448832,0,4224539648,4203966464,20467712,4203999232,2981888,0,0,0,9658306560,937984,0.26
2026-08-30T14:06:37.705Z,6790.155,4227448832,4227448832,0,4224539648,4203966464,20467712,4203999232,2981888,0,0,0,9658306560,937984,0.3
2026-08-30T14:06:47.704Z,6800.154,4227448832,4227448832,0,4224539648,4203966464,20467712,4203999232,2981888,0,0,0,9658306560,937984,0.33
2026-08-30T14:06:57.704Z,6810.154,4227448832,4227448832,0,4224539648,4203966464,20467712,4203999232,2981888,0,0,0,9658081280,937984,0.28
2026-08-30T14:07:07.704Z,6820.154,4227448832,4227448832,0,4224539648,4203966464,20467712,4203999232,2981888,0,0,0,9658081280,937984,0.24
2026-08-30T14:07:17.705Z,6830.155,4227448832,4227448832,0,4224539648,4203966464,20467712,4203999232,2981888,0,0,0,9658343424,937984,0.2
2026-08-30T14:07:27.720Z,6840.17,4227448832,4227448832,0,4224539648,4203966464,20467712,4203999232,2981888,0,0,0,9658343424,937984,0.17
2026-08-30T14:07:37.719Z,6850.169,4227448832,4227448832,0,4224539648,4203966464,20467712,4203999232,2981888,0,0,0,9658101760,937984,0.22
2026-08-30T14:07:47.719Z,6860.169,4227448832,4227448832,0,4224539648,4203966464,20467712,4203999232,2981888,0,0,0,9658101760,937984,0.19
2026-08-30T14:07:57.720Z,6870.17,4227448832,4227448832,0,4224539648,4203966464,20467712,4203999232,2981888,0,0,0,9658101760,937984,0.16
2026-08-30T14:08:07.719Z,6880.169,4227448832,4227448832,0,4224539648,4203966464,20467712,4203999232,2981888,0,0,0,9656307712,937984,0.13
2026-08-30T14:08:17.719Z,6890.169,4227448832,4227448832,0,4224539648,4203966464,20467712,4203999232,2981888,0,0,0,9656901632,937984,0.11
2026-08-30T14:08:27.720Z,6900.17,4227448832,4227448832,0,4224539648,4203966464,20467712,4203999232,2981888,0,0,0,9656901632,937984,0.25
2026-08-30T14:08:37.721Z,6910.171,4227448832,4227448832,0,4224539648,4203966464,20467712,4203999232,2981888,0,0,0,9656901632,937984,0.21
2026-08-30T14:08:47.694Z,6920.144,4227448832,4227448832,0,4224539648,4203966464,20467712,4203999232,2981888,0,0,0,9656901632,937984,0.18
2026-08-30T14:08:57.721Z,6930.171,4227448832,4227448832,0,4224539648,4203966464,20467712,4203999232,2981888,0,0,0,9656909824,937984,0.23
2026-08-30T14:09:07.720Z,6940.17,4227448832,4227448832,0,4224539648,4203966464,20467712,4203999232,2981888,0,0,0,9656942592,937984,0.28
2026-08-30T14:09:17.722Z,6950.172,4227448832,4227448832,0,4224539648,4203966464,20467712,4203999232,2981888,0,0,0,9656942592,937984,0.23
2026-08-30T14:09:27.722Z,6960.172,4227448832,4227448832,0,4224539648,4203966464,20467712,4203999232,2981888,0,0,0,9669230592,937984,0.27
2026-08-30T14:09:37.723Z,6970.173,4227448832,4227448832,0,4224539648,4203966464,20467712,4203999232,2981888,0,0,0,9669492736,937984,0.23
2026-08-30T14:09:47.720Z,6980.17,4227448832,4227448832,0,4224539648,4203966464,20467712,4203999232,2981888,0,0,0,9669033984,937984,0.19
2026-08-30T14:09:57.717Z,6990.167,4227448832,4227448832,0,4224539648,4203966464,20467712,4203999232,2981888,0,0,0,9668550656,937984,0.32
2026-08-30T14:10:07.719Z,7000.169,4227448832,4227448832,0,4224539648,4203966464,20467712,4203999232,2981888,0,0,0,9665970176,937984,0.27
2026-08-30T14:10:17.718Z,7010.168,4227448832,4227448832,0,4224539648,4203966464,20467712,4203999232,2981888,0,0,0,9666240512,937984,0.23
2026-08-30T14:10:27.719Z,7020.169,4227448832,4227448832,0,4224539648,4203966464,20467712,4203999232,2981888,0,0,0,9666240512,937984,0.27
2026-08-30T14:10:37.718Z,7030.168,4227448832,4227448832,0,4224539648,4203966464,20467712,4203999232,2981888,0,0,0,9666011136,937984,0.23
2026-08-30T14:10:47.719Z,7040.169,4227448832,4227448832,0,4224539648,4203966464,20467712,4203999232,2981888,0,0,0,9666015232,937984,0.19
2026-08-30T14:10:57.725Z,7050.175,4227448832,4227448832,0,4224539648,4203966464,20467712,4203999232,2981888,0,0,0,9665785856,937984,0.16
2026-08-30T14:11:07.723Z,7060.173,4227518464,4227518464,0,4224609280,4204036096,20467712,4204068864,2981888,0,0,0,9665556480,937984,0.14
2026-08-30T14:11:17.695Z,7070.145,4227518464,4227518464,0,4224609280,4204036096,20467712,4204068864,2981888,0,0,0,9665097728,937984,0.12
2026-08-30T14:11:27.718Z,7080.167,4227518464,4227518464,0,4224609280,4204036096,20467712,4204068864,2981888,0,0,0,9665097728,937984,0.1
2026-08-30T14:11:37.694Z,7090.144,4227518464,4227518464,0,4224609280,4204036096,20467712,4204068864,2981888,0,0,0,9665097728,937984,0.32
2026-08-30T14:11:47.693Z,7100.143,4227518464,4227518464,0,4224609280,4204036096,20467712,4204068864,2981888,0,0,0,9664868352,937984,0.34
2026-08-30T14:11:57.718Z,7110.168,4229095424,4229095424,0,4226186240,4205613056,20467712,4205645824,2981888,0,0,0,9663148032,937984,0.29
2026-08-30T14:12:07.719Z,7120.169,4229095424,4229095424,0,4226186240,4205613056,20467712,4205645824,2981888,0,0,0,9663148032,937984,0.32
2026-08-30T14:12:17.705Z,7130.155,4229095424,4229095424,0,4226186240,4205613056,20467712,4205645824,2981888,0,0,0,9663148032,937984,0.27
2026-08-30T14:12:27.723Z,7140.173,4229095424,4229095424,0,4226186240,4205613056,20467712,4205645824,2981888,0,0,0,9663148032,937984,0.23
2026-08-30T14:12:37.718Z,7150.168,4229095424,4229095424,0,4226186240,4205613056,20467712,4205645824,2981888,0,0,0,9660846080,937984,0.19
2026-08-30T14:12:47.694Z,7160.144,4229095424,4229095424,0,4226186240,4205613056,20467712,4205645824,2981888,0,0,0,9660940288,937984,0.16
2026-08-30T14:12:57.719Z,7170.169,4228890624,4228890624,0,4225981440,4205408256,20467712,4205441024,2981888,0,0,0,9663766528,937984,0.14
2026-08-30T14:13:07.719Z,7180.169,4228890624,4228890624,0,4225981440,4205408256,20467712,4205441024,2981888,0,0,0,9663791104,937984,0.19
2026-08-30T14:13:17.720Z,7190.17,4228890624,4228890624,0,4225981440,4205408256,20467712,4205441024,2981888,0,0,0,9659097088,937984,0.32
2026-08-30T14:13:27.719Z,7200.169,4228890624,4228890624,0,4225981440,4205408256,20467712,4205441024,2981888,0,0,0,9658671104,937984,0.27
2026-08-30T14:13:37.724Z,7210.173,4228890624,4228890624,0,4225981440,4205408256,20467712,4205441024,2981888,0,0,0,9658277888,937984,0.23
2026-08-30T14:13:47.694Z,7220.144,4228890624,4228890624,0,4225981440,4205408256,20467712,4205441024,2981888,0,0,0,9658277888,937984,0.19
2026-08-30T14:13:57.718Z,7230.168,4228890624,4228890624,0,4225981440,4205408256,20467712,4205441024,2981888,0,0,0,9658048512,937984,0.16
2026-08-30T14:14:07.696Z,7240.146,4228890624,4228890624,0,4225981440,4205408256,20467712,4205441024,2981888,0,0,0,9658048512,937984,0.14
2026-08-30T14:14:17.716Z,7250.166,4228890624,4228890624,0,4225981440,4205408256,20467712,4205441024,2981888,0,0,0,9658048512,937984,0.12
2026-08-30T14:14:27.719Z,7260.169,4228890624,4228890624,0,4225981440,4205408256,20467712,4205441024,2981888,0,0,0,9658048512,937984,0.1
2026-08-30T14:14:37.727Z,7270.177,4228890624,4228890624,0,4225981440,4205408256,20467712,4205441024,2981888,0,0,0,9657360384,937984,0.08
2026-08-30T14:14:47.694Z,7280.144,4228890624,4228890624,0,4225981440,4205408256,20467712,4205441024,2981888,0,0,0,9657483264,937984,0.07
2026-08-30T14:14:57.723Z,7290.173,4228890624,4228890624,0,4225981440,4205408256,20467712,4205441024,2981888,0,0,0,9657483264,937984,0.21
2026-08-30T14:15:07.720Z,7300.17,4228890624,4228890624,0,4225981440,4205408256,20467712,4205441024,2981888,0,0,0,9657483264,937984,0.25
2026-08-30T14:15:17.721Z,7310.171,4228890624,4228890624,0,4225981440,4205408256,20467712,4205441024,2981888,0,0,0,9657495552,937984,0.21
2026-08-30T14:15:27.719Z,7320.169,4228890624,4228890624,0,4225981440,4205408256,20467712,4205441024,2981888,0,0,0,9658417152,937984,0.18
2026-08-30T14:15:37.720Z,7330.17,4228890624,4228890624,0,4225981440,4205408256,20467712,4205441024,2981888,0,0,0,9660350464,937984,0.23
2026-08-30T14:15:47.732Z,7340.182,4228890624,4228890624,0,4225981440,4205408256,20467712,4205441024,2981888,0,0,0,9659891712,937984,0.2
2026-08-30T14:15:57.719Z,7350.169,4228890624,4228890624,0,4225981440,4205408256,20467712,4205441024,2981888,0,0,0,9659691008,937984,0.25
2026-08-30T14:16:07.721Z,7360.171,4228890624,4228890624,0,4225981440,4205408256,20467712,4205441024,2981888,0,0,0,9659691008,937984,0.21
2026-08-30T14:16:17.720Z,7370.17,4228890624,4228890624,0,4225981440,4205408256,20467712,4205441024,2981888,0,0,0,9659691008,937984,0.17
2026-08-30T14:16:27.719Z,7380.169,4228890624,4228890624,0,4225981440,4205408256,20467712,4205441024,2981888,0,0,0,9659691008,937984,0.15
2026-08-30T14:16:37.693Z,7390.143,4228890624,4228890624,0,4225981440,4205408256,20467712,4205441024,2981888,0,0,0,9659232256,937984,0.36
2026-08-30T14:16:47.694Z,7400.144,4228890624,4228890624,0,4225981440,4205408256,20467712,4205441024,2981888,0,0,0,9659232256,937984,0.54
2026-08-30T14:16:57.717Z,7410.167,4228890624,4228890624,0,4225981440,4205408256,20467712,4205441024,2981888,0,0,0,9654521856,937984,0.45
2026-08-30T14:17:07.724Z,7420.174,4228890624,4228890624,0,4225981440,4205408256,20467712,4205441024,2981888,0,0,0,9654149120,937984,0.46
2026-08-30T14:17:17.704Z,7430.154,4228890624,4228890624,0,4225981440,4205408256,20467712,4205441024,2981888,0,0,0,9654218752,937984,0.39
2026-08-30T14:17:27.719Z,7440.169,4228890624,4228890624,0,4225981440,4205408256,20467712,4205441024,2981888,0,0,0,9654222848,937984,0.33
2026-08-30T14:17:37.719Z,7450.169,4228890624,4228890624,0,4225981440,4205408256,20467712,4205441024,2981888,0,0,0,9654222848,937984,0.28
2026-08-30T14:17:47.719Z,7460.169,4228890624,4228890624,0,4225981440,4205408256,20467712,4205441024,2981888,0,0,0,9653542912,937984,0.24
2026-08-30T14:17:57.719Z,7470.169,4228890624,4228890624,0,4225981440,4205408256,20467712,4205441024,2981888,0,0,0,9653542912,937984,0.28
2026-08-30T14:18:07.718Z,7480.168,4228890624,4228890624,0,4225981440,4205408256,20467712,4205441024,2981888,0,0,0,9653555200,937984,0.24
2026-08-30T14:18:17.717Z,7490.167,4228890624,4228890624,0,4225981440,4205408256,20467712,4205441024,2981888,0,0,0,9653555200,937984,0.35
2026-08-30T14:18:27.723Z,7500.173,4228890624,4228890624,0,4225981440,4205408256,20467712,4205441024,2981888,0,0,0,9652981760,937984,0.3
2026-08-30T14:18:37.722Z,7510.172,4233322496,4233322496,0,4230413312,4209840128,20467712,4209872896,2981888,0,0,0,9654345728,937984,0.33
2026-08-30T14:18:47.704Z,7520.154,4233322496,4233322496,0,4230413312,4209840128,20467712,4209872896,2981888,0,0,0,9654345728,937984,0.28
2026-08-30T14:18:57.721Z,7530.171,4233322496,4233322496,0,4230413312,4209840128,20467712,4209872896,2981888,0,0,0,9653428224,937984,0.24
2026-08-30T14:19:07.720Z,7540.17,4233322496,4233322496,0,4230413312,4209840128,20467712,4209872896,2981888,0,0,0,9653428224,937984,0.2
2026-08-30T14:19:17.696Z,7550.146,4233322496,4233322496,0,4230413312,4209840128,20467712,4209872896,2981888,0,0,0,9653432320,937984,0.24
2026-08-30T14:19:27.721Z,7560.171,4233322496,4233322496,0,4230413312,4209840128,20467712,4209872896,2981888,0,0,0,9653432320,937984,0.28
2026-08-30T14:19:37.726Z,7570.176,4255944704,4255944704,0,4253240320,4232667136,20467712,4232699904,2981888,0,0,0,9641562112,937984,0.24
2026-08-30T14:19:47.718Z,7580.168,4279894016,4279894016,0,4277156864,4256583680,20467712,4256616448,2981888,0,0,0,9613692928,937984,0.2
2026-08-30T14:19:57.714Z,7590.164,4303847424,4303847424,0,4301110272,4280537088,20467712,4280569856,2981888,0,0,0,9595170816,937984,0.25
2026-08-30T14:20:07.709Z,7600.159,4327800832,4327800832,0,4325059584,4304486400,20467712,4304519168,2981888,0,0,0,9567203328,937984,0.21
2026-08-30T14:20:17.710Z,7610.16,4351754240,4351754240,0,4349017088,4328443904,20467712,4328476672,2981888,0,0,0,9546301440,937984,0.18
2026-08-30T14:20:27.724Z,7620.174,4375904256,4375904256,0,4373167104,4352593920,20467712,4352626688,2981888,0,0,0,9517359104,937984,0.22
2026-08-30T14:20:37.729Z,7630.179,4386344960,4386344960,0,4383435776,4362862592,20467712,4362895360,2981888,0,0,0,9508671488,937984,0.26
2026-08-30T14:20:47.701Z,7640.151,4386344960,4386344960,0,4383435776,4362862592,20467712,4362895360,2981888,0,0,0,9511198720,937984,0.3
2026-08-30T14:20:57.716Z,7650.166,4386344960,4386344960,0,4383435776,4362862592,20467712,4362895360,2981888,0,0,0,9511231488,937984,0.26
2026-08-30T14:21:07.727Z,7660.177,4386344960,4386344960,0,4383435776,4362862592,20467712,4362895360,2981888,0,0,0,9510940672,937984,0.22
2026-08-30T14:21:17.700Z,7670.15,4386344960,4386344960,0,4383435776,4362862592,20467712,4362895360,2981888,0,0,0,9510940672,937984,0.26
2026-08-30T14:21:27.726Z,7680.176,4386275328,4386275328,0,4383366144,4362792960,20467712,4362825728,2981888,0,0,0,9501732864,937984,0.3
2026-08-30T14:21:37.700Z,7690.15,4386275328,4386275328,0,4383366144,4362792960,20467712,4362825728,2981888,0,0,0,9495990272,937984,0.34
2026-08-30T14:21:47.732Z,7700.182,4386275328,4386275328,0,4383366144,4362792960,20467712,4362825728,2981888,0,0,0,9497653248,937984,0.28
2026-08-30T14:21:57.725Z,7710.175,4386275328,4386275328,0,4383366144,4362792960,20467712,4362825728,2981888,0,0,0,9498353664,937984,0.32
2026-08-30T14:22:07.725Z,7720.175,4386275328,4386275328,0,4383366144,4362792960,20467712,4362825728,2981888,0,0,0,9498124288,937984,0.27
2026-08-30T14:22:17.700Z,7730.15,4386275328,4386275328,0,4383366144,4362792960,20467712,4362825728,2981888,0,0,0,9496031232,937984,0.23
2026-08-30T14:22:27.727Z,7740.177,4386275328,4386275328,0,4383366144,4362792960,20467712,4362825728,2981888,0,0,0,9494945792,937984,0.19
2026-08-30T14:22:37.722Z,7750.172,4386275328,4386275328,0,4383366144,4362792960,20467712,4362825728,2981888,0,0,0,9495425024,937984,0.16
2026-08-30T14:22:47.727Z,7760.177,4386275328,4386275328,0,4383366144,4362792960,20467712,4362825728,2981888,0,0,0,9495658496,937984,0.22
2026-08-30T14:22:57.728Z,7770.178,4386275328,4386275328,0,4383366144,4362792960,20467712,4362825728,2981888,0,0,0,9495658496,937984,0.18
2026-08-30T14:23:07.701Z,7780.151,4386275328,4386275328,0,4383366144,4362792960,20467712,4362825728,2981888,0,0,0,9495658496,937984,0.16
2026-08-30T14:23:17.726Z,7790.176,4386275328,4386275328,0,4383366144,4362792960,20467712,4362825728,2981888,0,0,0,9495658496,937984,0.13
2026-08-30T14:23:27.727Z,7800.177,4386275328,4386275328,0,4383366144,4362792960,20467712,4362825728,2981888,0,0,0,9495658496,937984,0.11
2026-08-30T14:23:37.726Z,7810.176,4386275328,4386275328,0,4383366144,4362792960,20467712,4362825728,2981888,0,0,0,9495429120,937984,0.09
2026-08-30T14:23:47.725Z,7820.175,4386275328,4386275328,0,4383366144,4362792960,20467712,4362825728,2981888,0,0,0,9495199744,937984,0.16
2026-08-30T14:23:57.730Z,7830.18,4386275328,4386275328,0,4383366144,4362792960,20467712,4362825728,2981888,0,0,0,9495199744,937984,0.13
2026-08-30T14:24:07.727Z,7840.177,4386275328,4386275328,0,4383366144,4362792960,20467712,4362825728,2981888,0,0,0,9495252992,937984,0.11
2026-08-30T14:24:17.737Z,7850.187,4386275328,4386275328,0,4383366144,4362792960,20467712,4362825728,2981888,0,0,0,9495252992,937984,0.17
2026-08-30T14:24:27.700Z,7860.15,4387495936,4387495936,0,4384586752,4364013568,20467712,4364046336,2981888,0,0,0,9495638016,937984,0.22
2026-08-30T14:24:37.727Z,7870.177,4387495936,4387495936,0,4384586752,4364013568,20467712,4364046336,2981888,0,0,0,9495642112,937984,0.27
2026-08-30T14:24:47.723Z,7880.173,4387495936,4387495936,0,4384586752,4364013568,20467712,4364046336,2981888,0,0,0,9496231936,937984,0.23
2026-08-30T14:24:57.725Z,7890.175,4387495936,4387495936,0,4384586752,4364013568,20467712,4364046336,2981888,0,0,0,9496297472,937984,0.27
2026-08-30T14:25:07.725Z,7900.175,4387495936,4387495936,0,4384586752,4364013568,20467712,4364046336,2981888,0,0,0,9496297472,937984,0.46
2026-08-30T14:25:17.726Z,7910.176,4387495936,4387495936,0,4384586752,4364013568,20467712,4364046336,2981888,0,0,0,9496051712,937984,0.46
2026-08-30T14:25:27.728Z,7920.178,4387356672,4387356672,0,4384447488,4363874304,20467712,4363907072,2981888,0,0,0,9496051712,937984,0.39
2026-08-30T14:25:37.725Z,7930.175,4387356672,4387356672,0,4384447488,4363874304,20467712,4363907072,2981888,0,0,0,9496051712,937984,0.33
2026-08-30T14:25:47.712Z,7940.162,4387356672,4387356672,0,4384447488,4363874304,20467712,4363907072,2981888,0,0,0,9495965696,937984,0.36
2026-08-30T14:25:57.726Z,7950.176,4387356672,4387356672,0,4384447488,4363874304,20467712,4363907072,2981888,0,0,0,9495965696,937984,0.3
2026-08-30T14:26:07.701Z,7960.151,4387356672,4387356672,0,4384447488,4363874304,20467712,4363907072,2981888,0,0,0,9493413888,937984,0.26
2026-08-30T14:26:17.726Z,7970.176,4387426304,4387426304,0,4384517120,4363943936,20467712,4363976704,2981888,0,0,0,9493528576,937984,0.22
2026-08-30T14:26:27.740Z,7980.19,4387438592,4387438592,0,4384529408,4363956224,20467712,4363988992,2981888,0,0,0,9493528576,937984,0.18
2026-08-30T14:26:37.702Z,7990.152,4387438592,4387438592,0,4384529408,4363956224,20467712,4363988992,2981888,0,0,0,9493528576,937984,0.23
2026-08-30T14:26:47.727Z,8000.177,4387438592,4387438592,0,4384529408,4363956224,20467712,4363988992,2981888,0,0,0,9493528576,937984,0.27
2026-08-30T14:26:57.739Z,8010.189,4387438592,4387438592,0,4384529408,4363956224,20467712,4363988992,2981888,0,0,0,9493528576,937984,0.23
2026-08-30T14:27:07.726Z,8020.176,4387438592,4387438592,0,4384529408,4363956224,20467712,4363988992,2981888,0,0,0,9493528576,937984,0.19
2026-08-30T14:27:17.729Z,8030.179,4387438592,4387438592,0,4384529408,4363956224,20467712,4363988992,2981888,0,0,0,9493528576,937984,0.23
2026-08-30T14:27:27.725Z,8040.175,4387438592,4387438592,0,4384529408,4363956224,20467712,4363988992,2981888,0,0,0,9489043456,937984,0.2
2026-08-30T14:27:37.711Z,8050.161,4387438592,4387438592,0,4384529408,4363956224,20467712,4363988992,2981888,0,0,0,9494622208,937984,0.25
2026-08-30T14:27:47.728Z,8060.178,4387438592,4387438592,0,4384529408,4363956224,20467712,4363988992,2981888,0,0,0,9496059904,937984,0.21
2026-08-30T14:27:57.726Z,8070.176,4387438592,4387438592,0,4384529408,4363956224,20467712,4363988992,2981888,0,0,0,9496059904,937984,0.18
2026-08-30T14:28:07.739Z,8080.189,4387438592,4387438592,0,4384529408,4363956224,20467712,4363988992,2981888,0,0,0,9496064000,937984,0.23
2026-08-30T14:28:17.727Z,8090.177,4387438592,4387438592,0,4384529408,4363956224,20467712,4363988992,2981888,0,0,0,9496064000,937984,0.43
2026-08-30T14:28:27.726Z,8100.176,4387438592,4387438592,0,4384529408,4363956224,20467712,4363988992,2981888,0,0,0,9497079808,937984,0.36
2026-08-30T14:28:37.728Z,8110.178,4387438592,4387438592,0,4384529408,4363956224,20467712,4363988992,2981888,0,0,0,9497079808,937984,0.31
2026-08-30T14:28:47.725Z,8120.175,4387438592,4387438592,0,4384529408,4363956224,20467712,4363988992,2981888,0,0,0,9496858624,937984,0.26
2026-08-30T14:28:57.727Z,8130.177,4387438592,4387438592,0,4384529408,4363956224,20467712,4363988992,2981888,0,0,0,9495711744,937984,0.22
2026-08-30T14:29:07.728Z,8140.178,4387438592,4387438592,0,4384529408,4363956224,20467712,4363988992,2981888,0,0,0,9495711744,937984,0.18
2026-08-30T14:29:17.740Z,8150.19,4387438592,4387438592,0,4384529408,4363956224,20467712,4363988992,2981888,0,0,0,9495711744,937984,0.16
2026-08-30T14:29:27.729Z,8160.179,4387438592,4387438592,0,4384529408,4363956224,20467712,4363988992,2981888,0,0,0,9495785472,937984,0.13
2026-08-30T14:29:37.728Z,8170.178,4387438592,4387438592,0,4384529408,4363956224,20467712,4363988992,2981888,0,0,0,9495314432,937984,0.18
2026-08-30T14:29:47.741Z,8180.191,4387438592,4387438592,0,4384529408,4363956224,20467712,4363988992,2981888,0,0,0,9495838720,937984,0.16
2026-08-30T14:29:57.730Z,8190.18,4387438592,4387438592,0,4384529408,4363956224,20467712,4363988992,2981888,0,0,0,9495838720,937984,0.21
2026-08-30T14:30:07.733Z,8200.183,4387438592,4387438592,0,4384529408,4363956224,20467712,4363988992,2981888,0,0,0,9497030656,937984,0.17
2026-08-30T14:30:17.730Z,8210.18,4387438592,4387438592,0,4384529408,4363956224,20467712,4363988992,2981888,0,0,0,9496342528,937984,0.22
2026-08-30T14:30:27.704Z,8220.154,4387438592,4387438592,0,4384529408,4363956224,20467712,4363988992,2981888,0,0,0,9496342528,937984,0.19
2026-08-30T14:30:37.713Z,8230.163,4387438592,4387438592,0,4384529408,4363956224,20467712,4363988992,2981888,0,0,0,9495969792,937984,0.16
2026-08-30T14:30:47.725Z,8240.175,4387438592,4387438592,0,4384529408,4363956224,20467712,4363988992,2981888,0,0,0,9496289280,937984,0.13
2026-08-30T14:30:57.724Z,8250.174,4387438592,4387438592,0,4384529408,4363956224,20467712,4363988992,2981888,0,0,0,9496289280,937984,0.11
2026-08-30T14:31:07.732Z,8260.182,4387815424,4387815424,0,4384906240,4364333056,20467712,4364365824,2981888,0,0,0,9496096768,937984,0.09
2026-08-30T14:31:17.729Z,8270.179,4387815424,4387815424,0,4384906240,4364333056,20467712,4364365824,2981888,0,0,0,9496096768,937984,0.16
2026-08-30T14:31:27.716Z,8280.166,4387815424,4387815424,0,4384906240,4364333056,20467712,4364365824,2981888,0,0,0,9495871488,937984,0.21
2026-08-30T14:31:37.716Z,8290.166,4387815424,4387815424,0,4384906240,4364333056,20467712,4364365824,2981888,0,0,0,9495871488,937984,0.32
2026-08-30T14:31:47.736Z,8300.186,4387815424,4387815424,0,4384906240,4364333056,20467712,4364365824,2981888,0,0,0,9495875584,937984,0.27
2026-08-30T14:31:57.730Z,8310.18,4387815424,4387815424,0,4384906240,4364333056,20467712,4364365824,2981888,0,0,0,9495875584,937984,0.23
2026-08-30T14:32:07.733Z,8320.183,4387745792,4387745792,0,4384836608,4364263424,20467712,4364296192,2981888,0,0,0,9495875584,937984,0.2
2026-08-30T14:32:17.703Z,8330.153,4387676160,4387676160,0,4384766976,4364193792,20467712,4364226560,2981888,0,0,0,9495875584,937984,0.16
2026-08-30T14:32:27.713Z,8340.163,4387676160,4387676160,0,4384766976,4364193792,20467712,4364226560,2981888,0,0,0,9495650304,937984,0.14
2026-08-30T14:32:37.741Z,8350.191,4387676160,4387676160,0,4384766976,4364193792,20467712,4364226560,2981888,0,0,0,9495728128,937984,0.12
2026-08-30T14:32:47.703Z,8360.153,4387676160,4387676160,0,4384766976,4364193792,20467712,4364226560,2981888,0,0,0,9495040000,937984,0.1
2026-08-30T14:32:57.741Z,8370.191,4387676160,4387676160,0,4384766976,4364193792,20467712,4364226560,2981888,0,0,0,9495044096,937984,0.08
2026-08-30T14:33:07.716Z,8380.166,4387676160,4387676160,0,4384766976,4364193792,20467712,4364226560,2981888,0,0,0,9494798336,937984,0.07
2026-08-30T14:33:17.728Z,8390.178,4387676160,4387676160,0,4384766976,4364193792,20467712,4364226560,2981888,0,0,0,9494798336,937984,0.06
2026-08-30T14:33:27.704Z,8400.154,4387676160,4387676160,0,4384766976,4364193792,20467712,4364226560,2981888,0,0,0,9494962176,937984,0.2
2026-08-30T14:33:37.725Z,8410.175,4387676160,4387676160,0,4384766976,4364193792,20467712,4364226560,2981888,0,0,0,9495408640,937984,0.17
2026-08-30T14:33:47.703Z,8420.153,4387676160,4387676160,0,4384766976,4364193792,20467712,4364226560,2981888,0,0,0,9496346624,937984,0.15
2026-08-30T14:33:57.730Z,8430.18,4387680256,4387680256,0,4384771072,4364197888,20467712,4364230656,2981888,0,0,0,9496346624,937984,0.12
2026-08-30T14:34:07.733Z,8440.183,4387684352,4387684352,0,4384775168,4364201984,20467712,4364234752,2981888,0,0,0,9496346624,937984,0.1
2026-08-30T14:34:17.729Z,8450.179,4387688448,4387688448,0,4384779264,4364206080,20467712,4364238848,2981888,0,0,0,9496412160,937984,0.09
2026-08-30T14:34:27.729Z,8460.179,4387688448,4387688448,0,4384779264,4364206080,20467712,4364238848,2981888,0,0,0,9496182784,937984,0.07
2026-08-30T14:34:37.729Z,8470.179,4387692544,4387692544,0,4384783360,4364210176,20467712,4364242944,2981888,0,0,0,9496182784,937984,0.14
2026-08-30T14:34:47.732Z,8480.182,4387696640,4387696640,0,4384787456,4364214272,20467712,4364247040,2981888,0,0,0,9496182784,937984,0.27
2026-08-30T14:34:57.701Z,8490.151,4387860480,4387860480,0,4384951296,4364378112,20467712,4364410880,2981888,0,0,0,9496182784,937984,0.38
2026-08-30T14:35:07.714Z,8500.164,4387860480,4387860480,0,4384951296,4364378112,20467712,4364410880,2981888,0,0,0,9492246528,937984,0.32
2026-08-30T14:35:17.727Z,8510.177,4387860480,4387860480,0,4384951296,4364378112,20467712,4364410880,2981888,0,0,0,9492353024,937984,0.27
2026-08-30T14:35:27.728Z,8520.178,4387860480,4387860480,0,4384951296,4364378112,20467712,4364410880,2981888,0,0,0,9492353024,937984,0.31
2026-08-30T14:35:37.731Z,8530.181,4387860480,4387860480,0,4384951296,4364378112,20467712,4364410880,2981888,0,0,0,9491894272,937984,0.34
2026-08-30T14:35:47.734Z,8540.184,4387860480,4387860480,0,4384951296,4364378112,20467712,4364410880,2981888,0,0,0,9491664896,937984,0.29
2026-08-30T14:35:57.704Z,8550.154,4387729408,4387729408,0,4384820224,4364247040,20467712,4364279808,2981888,0,0,0,9491206144,937984,0.25
2026-08-30T14:36:07.731Z,8560.181,4387729408,4387729408,0,4384820224,4364247040,20467712,4364279808,2981888,0,0,0,9491206144,937984,0.21
2026-08-30T14:36:17.730Z,8570.18,4387729408,4387729408,0,4384820224,4364247040,20467712,4364279808,2981888,0,0,0,9490976768,937984,0.17
2026-08-30T14:36:27.716Z,8580.166,4387729408,4387729408,0,4384820224,4364247040,20467712,4364279808,2981888,0,0,0,9491304448,937984,0.15
2026-08-30T14:36:37.733Z,8590.183,4387729408,4387729408,0,4384820224,4364247040,20467712,4364279808,2981888,0,0,0,9491304448,937984,0.27
2026-08-30T14:36:47.734Z,8600.184,4387729408,4387729408,0,4384820224,4364247040,20467712,4364279808,2981888,0,0,0,9491058688,937984,0.23
2026-08-30T14:36:57.729Z,8610.179,4387729408,4387729408,0,4384820224,4364247040,20467712,4364279808,2981888,0,0,0,9491058688,937984,0.27
2026-08-30T14:37:07.731Z,8620.181,4387729408,4387729408,0,4384820224,4364247040,20467712,4364279808,2981888,0,0,0,9491058688,937984,0.31
2026-08-30T14:37:17.733Z,8630.183,4387729408,4387729408,0,4384820224,4364247040,20467712,4364279808,2981888,0,0,0,9491058688,937984,0.26
2026-08-30T14:37:27.733Z,8640.183,4387729408,4387729408,0,4384820224,4364247040,20467712,4364279808,2981888,0,0,0,9491062784,937984,0.22
2026-08-30T14:37:37.706Z,8650.156,4387729408,4387729408,0,4384820224,4364247040,20467712,4364279808,2981888,0,0,0,9491062784,937984,0.18
2026-08-30T14:37:47.716Z,8660.166,4387729408,4387729408,0,4384820224,4364247040,20467712,4364279808,2981888,0,0,0,9491066880,937984,0.16
2026-08-30T14:37:57.734Z,8670.184,4387729408,4387729408,0,4384820224,4364247040,20467712,4364279808,2981888,0,0,0,9487360000,937984,0.13
2026-08-30T14:38:07.736Z,8680.186,4387729408,4387729408,0,4384820224,4364247040,20467712,4364279808,2981888,0,0,0,9487618048,937984,0.19
2026-08-30T14:38:17.726Z,8690.176,4387729408,4387729408,0,4384820224,4364247040,20467712,4364279808,2981888,0,0,0,9487618048,937984,0.31
2026-08-30T14:38:27.733Z,8700.183,4387729408,4387729408,0,4384820224,4364247040,20467712,4364279808,2981888,0,0,0,9487618048,937984,0.26
2026-08-30T14:38:37.714Z,8710.164,4388716544,4388716544,0,4385807360,4365234176,20467712,4365266944,2981888,0,0,0,9487618048,937984,0.22
2026-08-30T14:38:47.715Z,8720.165,4388716544,4388716544,0,4385807360,4365234176,20467712,4365266944,2981888,0,0,0,9488076800,937984,0.19
2026-08-30T14:38:57.731Z,8730.181,4388716544,4388716544,0,4385807360,4365234176,20467712,4365266944,2981888,0,0,0,9488080896,937984,0.16
2026-08-30T14:39:07.731Z,8740.181,4388716544,4388716544,0,4385807360,4365234176,20467712,4365266944,2981888,0,0,0,9488080896,937984,0.13
2026-08-30T14:39:17.734Z,8750.184,4388716544,4388716544,0,4385807360,4365234176,20467712,4365266944,2981888,0,0,0,9488080896,937984,0.11
2026-08-30T14:39:27.732Z,8760.182,4388786176,4388786176,0,4385876992,4365303808,20467712,4365336576,2981888,0,0,0,9486770176,937984,0.17
2026-08-30T14:39:37.732Z,8770.182,4388577280,4388577280,0,4385668096,4365094912,20467712,4365127680,2981888,0,0,0,9488441344,937984,0.15
2026-08-30T14:39:47.731Z,8780.181,4388577280,4388577280,0,4385668096,4365094912,20467712,4365127680,2981888,0,0,0,9489154048,937984,0.12
2026-08-30T14:39:57.734Z,8790.184,4388577280,4388577280,0,4385668096,4365094912,20467712,4365127680,2981888,0,0,0,9489158144,937984,0.26
2026-08-30T14:40:07.706Z,8800.156,4388577280,4388577280,0,4385668096,4365094912,20467712,4365127680,2981888,0,0,0,9489010688,937984,0.22
2026-08-30T14:40:17.731Z,8810.181,4388577280,4388577280,0,4385668096,4365094912,20467712,4365127680,2981888,0,0,0,9488551936,937984,0.27
2026-08-30T14:40:27.718Z,8820.167,4388646912,4388646912,0,4385737728,4365164544,20467712,4365197312,2981888,0,0,0,9489965056,937984,0.22
2026-08-30T14:40:37.732Z,8830.182,4388646912,4388646912,0,4385737728,4365164544,20467712,4365197312,2981888,0,0,0,9489735680,937984,0.19
2026-08-30T14:40:47.730Z,8840.18,4388646912,4388646912,0,4385737728,4365164544,20467712,4365197312,2981888,0,0,0,9489735680,937984,0.16
2026-08-30T14:40:57.733Z,8850.183,4388646912,4388646912,0,4385737728,4365164544,20467712,4365197312,2981888,0,0,0,9489276928,937984,0.13
2026-08-30T14:41:07.736Z,8860.186,4388646912,4388646912,0,4385737728,4365164544,20467712,4365197312,2981888,0,0,0,9489276928,937984,0.11
2026-08-30T14:41:17.733Z,8870.183,4388646912,4388646912,0,4385737728,4365164544,20467712,4365197312,2981888,0,0,0,9489534976,937984,0.18
2026-08-30T14:41:27.735Z,8880.185,4388577280,4388577280,0,4385668096,4365094912,20467712,4365127680,2981888,0,0,0,9489534976,937984,0.15
2026-08-30T14:41:37.733Z,8890.183,4388577280,4388577280,0,4385668096,4365094912,20467712,4365127680,2981888,0,0,0,9489534976,937984,0.12
2026-08-30T14:41:47.744Z,8900.194,4388577280,4388577280,0,4385668096,4365094912,20467712,4365127680,2981888,0,0,0,9489534976,937984,0.26
2026-08-30T14:41:57.736Z,8910.186,4388577280,4388577280,0,4385668096,4365094912,20467712,4365127680,2981888,0,0,0,9489534976,937984,0.29
2026-08-30T14:42:07.738Z,8920.188,4388577280,4388577280,0,4385668096,4365094912,20467712,4365127680,2981888,0,0,0,9489534976,937984,0.25
2026-08-30T14:42:17.740Z,8930.19,4388577280,4388577280,0,4385668096,4365094912,20467712,4365127680,2981888,0,0,0,9489534976,937984,0.21
2026-08-30T14:42:27.737Z,8940.187,4388577280,4388577280,0,4385668096,4365094912,20467712,4365127680,2981888,0,0,0,9489539072,937984,0.18
2026-08-30T14:42:37.743Z,8950.193,4388577280,4388577280,0,4385668096,4365094912,20467712,4365127680,2981888,0,0,0,9489543168,937984,0.15
2026-08-30T14:42:47.739Z,8960.189,4388577280,4388577280,0,4385668096,4365094912,20467712,4365127680,2981888,0,0,0,9489543168,937984,0.13
2026-08-30T14:42:57.734Z,8970.183,4388577280,4388577280,0,4385668096,4365094912,20467712,4365127680,2981888,0,0,0,9489543168,937984,0.19
2026-08-30T14:43:07.737Z,8980.187,4388577280,4388577280,0,4385668096,4365094912,20467712,4365127680,2981888,0,0,0,9489547264,937984,0.16
2026-08-30T14:43:17.733Z,8990.183,4388577280,4388577280,0,4385668096,4365094912,20467712,4365127680,2981888,0,0,0,9489547264,937984,0.21
2026-08-30T14:43:27.722Z,9000.172,4388577280,4388577280,0,4385668096,4365094912,20467712,4365127680,2981888,0,0,0,9489547264,937984,0.17
2026-08-30T14:43:37.734Z,9010.184,4388577280,4388577280,0,4385668096,4365094912,20467712,4365127680,2981888,0,0,0,9490333696,937984,0.15
2026-08-30T14:43:47.739Z,9020.189,4388577280,4388577280,0,4385668096,4365094912,20467712,4365127680,2981888,0,0,0,9490337792,937984,0.2
2026-08-30T14:43:57.721Z,9030.171,4388577280,4388577280,0,4385668096,4365094912,20467712,4365127680,2981888,0,0,0,9490092032,937984,0.25
2026-08-30T14:44:07.711Z,9040.161,4388577280,4388577280,0,4385668096,4365094912,20467712,4365127680,2981888,0,0,0,9489121280,937984,0.36
2026-08-30T14:44:17.733Z,9050.183,4388577280,4388577280,0,4385668096,4365094912,20467712,4365127680,2981888,0,0,0,9489203200,937984,0.31
2026-08-30T14:44:27.722Z,9060.172,4388577280,4388577280,0,4385668096,4365094912,20467712,4365127680,2981888,0,0,0,9489203200,937984,0.26
2026-08-30T14:44:37.735Z,9070.185,4388577280,4388577280,0,4385668096,4365094912,20467712,4365127680,2981888,0,0,0,9489203200,937984,0.22
2026-08-30T14:44:47.721Z,9080.171,4388577280,4388577280,0,4385668096,4365094912,20467712,4365127680,2981888,0,0,0,9489203200,937984,0.27
2026-08-30T14:44:57.737Z,9090.187,4388577280,4388577280,0,4385668096,4365094912,20467712,4365127680,2981888,0,0,0,9489764352,937984,0.3
2026-08-30T14:45:07.721Z,9100.171,4388577280,4388577280,0,4385668096,4365094912,20467712,4365127680,2981888,0,0,0,9489764352,937984,0.25
2026-08-30T14:45:17.734Z,9110.184,4388577280,4388577280,0,4385668096,4365094912,20467712,4365127680,2981888,0,0,0,9489764352,937984,0.21
2026-08-30T14:45:27.737Z,9120.187,4388577280,4388577280,0,4385668096,4365094912,20467712,4365127680,2981888,0,0,0,9494257664,937984,0.18
2026-08-30T14:45:37.712Z,9130.162,4388577280,4388577280,0,4385668096,4365094912,20467712,4365127680,2981888,0,0,0,9494814720,937984,0.15
2026-08-30T14:45:47.723Z,9140.173,4389355520,4389355520,0,4386446336,4365873152,20467712,4365905920,2981888,0,0,0,9494355968,937984,0.13
2026-08-30T14:45:57.723Z,9150.173,4389355520,4389355520,0,4386446336,4365873152,20467712,4365905920,2981888,0,0,0,9494126592,937984,0.19
2026-08-30T14:46:07.737Z,9160.187,4389355520,4389355520,0,4386446336,4365873152,20467712,4365905920,2981888,0,0,0,9493667840,937984,0.24
2026-08-30T14:46:17.737Z,9170.187,4389355520,4389355520,0,4386446336,4365873152,20467712,4365905920,2981888,0,0,0,9493671936,937984,0.2
2026-08-30T14:46:27.740Z,9180.19,4389355520,4389355520,0,4386446336,4365873152,20467712,4365905920,2981888,0,0,0,9493671936,937984,0.24
2026-08-30T14:46:37.742Z,9190.192,4390412288,4390412288,0,4387503104,4366929920,20467712,4366962688,2981888,0,0,0,9493442560,937984,0.29
2026-08-30T14:46:47.736Z,9200.186,4390506496,4390506496,0,4387597312,4367024128,20467712,4367056896,2981888,0,0,0,9493573632,937984,0.32
2026-08-30T14:46:57.739Z,9210.188,4390506496,4390506496,0,4387597312,4367024128,20467712,4367056896,2981888,0,0,0,9492885504,937984,0.27
2026-08-30T14:47:07.739Z,9220.189,4390506496,4390506496,0,4387597312,4367024128,20467712,4367056896,2981888,0,0,0,9492656128,937984,0.23
2026-08-30T14:47:17.740Z,9230.19,4390506496,4390506496,0,4387597312,4367024128,20467712,4367056896,2981888,0,0,0,9492660224,937984,0.19
2026-08-30T14:47:27.722Z,9240.172,4390506496,4390506496,0,4387597312,4367024128,20467712,4367056896,2981888,0,0,0,9492664320,937984,0.25
2026-08-30T14:47:37.721Z,9250.171,4390506496,4390506496,0,4387597312,4367024128,20467712,4367056896,2981888,0,0,0,9492664320,937984,0.21
2026-08-30T14:47:47.736Z,9260.186,4390506496,4390506496,0,4387597312,4367024128,20467712,4367056896,2981888,0,0,0,9492205568,937984,0.26
2026-08-30T14:47:57.747Z,9270.197,4390506496,4390506496,0,4387597312,4367024128,20467712,4367056896,2981888,0,0,0,9492205568,937984,0.22
2026-08-30T14:48:07.730Z,9280.18,4390506496,4390506496,0,4387597312,4367024128,20467712,4367056896,2981888,0,0,0,9492205568,937984,0.18
2026-08-30T14:48:17.749Z,9290.199,4390506496,4390506496,0,4387597312,4367024128,20467712,4367056896,2981888,0,0,0,9492205568,937984,0.39
2026-08-30T14:48:27.722Z,9300.172,4390506496,4390506496,0,4387597312,4367024128,20467712,4367056896,2981888,0,0,0,9490124800,937984,0.33
2026-08-30T14:48:37.745Z,9310.195,4390506496,4390506496,0,4387597312,4367024128,20467712,4367056896,2981888,0,0,0,9490644992,937984,0.28
2026-08-30T14:48:47.721Z,9320.171,4390506496,4390506496,0,4387597312,4367024128,20467712,4367056896,2981888,0,0,0,9490706432,937984,0.23
2026-08-30T14:48:57.746Z,9330.196,4390506496,4390506496,0,4387597312,4367024128,20467712,4367056896,2981888,0,0,0,9490706432,937984,0.2
2026-08-30T14:49:07.741Z,9340.191,4390506496,4390506496,0,4387597312,4367024128,20467712,4367056896,2981888,0,0,0,9491066880,937984,0.17
2026-08-30T14:49:17.713Z,9350.163,4390506496,4390506496,0,4387597312,4367024128,20467712,4367056896,2981888,0,0,0,9491128320,937984,0.14
2026-08-30T14:49:27.739Z,9360.189,4390506496,4390506496,0,4387597312,4367024128,20467712,4367056896,2981888,0,0,0,9490882560,937984,0.12
2026-08-30T14:49:37.733Z,9370.183,4390506496,4390506496,0,4387597312,4367024128,20467712,4367056896,2981888,0,0,0,9490882560,937984,0.1
2026-08-30T14:49:47.722Z,9380.172,4390506496,4390506496,0,4387597312,4367024128,20467712,4367056896,2981888,0,0,0,9490882560,937984,0.08
2026-08-30T14:49:57.740Z,9390.189,4390506496,4390506496,0,4387597312,4367024128,20467712,4367056896,2981888,0,0,0,9490886656,937984,0.07
2026-08-30T14:50:07.712Z,9400.162,4390506496,4390506496,0,4387597312,4367024128,20467712,4367056896,2981888,0,0,0,9490886656,937984,0.21
2026-08-30T14:50:17.753Z,9410.203,4390506496,4390506496,0,4387597312,4367024128,20467712,4367056896,2981888,0,0,0,9490886656,937984,0.25
2026-08-30T14:50:27.739Z,9420.189,4390506496,4390506496,0,4387597312,4367024128,20467712,4367056896,2981888,0,0,0,9492369408,937984,0.22
2026-08-30T14:50:37.736Z,9430.186,4390506496,4390506496,0,4387597312,4367024128,20467712,4367056896,2981888,0,0,0,9492369408,937984,0.18
2026-08-30T14:50:47.724Z,9440.174,4390506496,4390506496,0,4387597312,4367024128,20467712,4367056896,2981888,0,0,0,9492369408,937984,0.15
2026-08-30T14:50:57.740Z,9450.19,4390506496,4390506496,0,4387597312,4367024128,20467712,4367056896,2981888,0,0,0,9492369408,937984,0.13
2026-08-30T14:51:07.741Z,9460.191,4390506496,4390506496,0,4387597312,4367024128,20467712,4367056896,2981888,0,0,0,9492381696,937984,0.11
2026-08-30T14:51:17.723Z,9470.173,4390506496,4390506496,0,4387597312,4367024128,20467712,4367056896,2981888,0,0,0,9492381696,937984,0.09
2026-08-30T14:51:27.752Z,9480.202,4390506496,4390506496,0,4387597312,4367024128,20467712,4367056896,2981888,0,0,0,9494294528,937984,0.16
2026-08-30T14:51:37.741Z,9490.191,4390506496,4390506496,0,4387597312,4367024128,20467712,4367056896,2981888,0,0,0,9494294528,937984,0.21
2026-08-30T14:51:47.741Z,9500.191,4390506496,4390506496,0,4387597312,4367024128,20467712,4367056896,2981888,0,0,0,9494294528,937984,0.17
2026-08-30T14:51:57.723Z,9510.173,4390506496,4390506496,0,4387597312,4367024128,20467712,4367056896,2981888,0,0,0,9494294528,937984,0.15
2026-08-30T14:52:07.726Z,9520.176,4393111552,4393111552,0,4390202368,4369629184,20467712,4369661952,2981888,0,0,0,9494327296,937984,0.2
2026-08-30T14:52:17.737Z,9530.187,4393111552,4393111552,0,4390202368,4369629184,20467712,4369661952,2981888,0,0,0,9494327296,937984,0.17
2026-08-30T14:52:27.735Z,9540.185,4393111552,4393111552,0,4390202368,4369629184,20467712,4369661952,2981888,0,0,0,9494331392,937984,0.15
2026-08-30T14:52:37.738Z,9550.188,4393111552,4393111552,0,4390202368,4369629184,20467712,4369661952,2981888,0,0,0,9494331392,937984,0.28
2026-08-30T14:52:47.725Z,9560.175,4393111552,4393111552,0,4390202368,4369629184,20467712,4369661952,2981888,0,0,0,9494331392,937984,0.23
2026-08-30T14:52:57.742Z,9570.192,4393111552,4393111552,0,4390202368,4369629184,20467712,4369661952,2981888,0,0,0,9494331392,937984,0.27
2026-08-30T14:53:07.740Z,9580.19,4393041920,4393041920,0,4390132736,4369559552,20467712,4369592320,2981888,0,0,0,9493839872,937984,0.39
2026-08-30T14:53:17.721Z,9590.171,4393041920,4393041920,0,4390132736,4369559552,20467712,4369592320,2981888,0,0,0,9493839872,937984,0.4
2026-08-30T14:53:27.725Z,9600.175,4393041920,4393041920,0,4390132736,4369559552,20467712,4369592320,2981888,0,0,0,9493381120,937984,0.34
2026-08-30T14:53:37.742Z,9610.192,4393041920,4393041920,0,4390132736,4369559552,20467712,4369592320,2981888,0,0,0,9494048768,937984,0.36
2026-08-30T14:53:47.739Z,9620.189,4393041920,4393041920,0,4390132736,4369559552,20467712,4369592320,2981888,0,0,0,9493688320,937984,0.31
2026-08-30T14:53:57.723Z,9630.173,4393041920,4393041920,0,4390132736,4369559552,20467712,4369592320,2981888,0,0,0,9493688320,937984,0.26
2026-08-30T14:54:07.740Z,9640.19,4393041920,4393041920,0,4390132736,4369559552,20467712,4369592320,2981888,0,0,0,9493688320,937984,0.22
2026-08-30T14:54:17.713Z,9650.163,4393041920,4393041920,0,4390132736,4369559552,20467712,4369592320,2981888,0,0,0,9492860928,937984,0.18
2026-08-30T14:54:27.723Z,9660.173,4393041920,4393041920,0,4390132736,4369559552,20467712,4369592320,2981888,0,0,0,9492860928,937984,0.16
2026-08-30T14:54:37.731Z,9670.181,4393041920,4393041920,0,4390132736,4369559552,20467712,4369592320,2981888,0,0,0,9492865024,937984,0.13
2026-08-30T14:54:47.739Z,9680.189,4393041920,4393041920,0,4390132736,4369559552,20467712,4369592320,2981888,0,0,0,9492635648,937984,0.11
2026-08-30T14:54:57.723Z,9690.173,4393041920,4393041920,0,4390132736,4369559552,20467712,4369592320,2981888,0,0,0,9492635648,937984,0.17
2026-08-30T14:55:07.732Z,9700.182,4393041920,4393041920,0,4390132736,4369559552,20467712,4369592320,2981888,0,0,0,9492635648,937984,0.14
2026-08-30T14:55:17.725Z,9710.175,4393041920,4393041920,0,4390132736,4369559552,20467712,4369592320,2981888,0,0,0,9493909504,937984,0.19
2026-08-30T14:55:27.736Z,9720.186,4393041920,4393041920,0,4390132736,4369559552,20467712,4369592320,2981888,0,0,0,9493704704,937984,0.16
2026-08-30T14:55:37.740Z,9730.19,4393041920,4393041920,0,4390132736,4369559552,20467712,4369592320,2981888,0,0,0,9493704704,937984,0.14
2026-08-30T14:55:47.750Z,9740.2,4393041920,4393041920,0,4390132736,4369559552,20467712,4369592320,2981888,0,0,0,9493528576,937984,0.12
2026-08-30T14:55:57.733Z,9750.183,4393041920,4393041920,0,4390132736,4369559552,20467712,4369592320,2981888,0,0,0,9493557248,937984,0.1
2026-08-30T14:56:07.741Z,9760.191,4393041920,4393041920,0,4390132736,4369559552,20467712,4369592320,2981888,0,0,0,9493557248,937984,0.08
2026-08-30T14:56:17.741Z,9770.19,4393041920,4393041920,0,4390132736,4369559552,20467712,4369592320,2981888,0,0,0,9493565440,937984,0.22
2026-08-30T14:56:27.715Z,9780.165,4393041920,4393041920,0,4390132736,4369559552,20467712,4369592320,2981888,0,0,0,9493565440,937984,0.27
2026-08-30T14:56:37.742Z,9790.192,4393041920,4393041920,0,4390132736,4369559552,20467712,4369592320,2981888,0,0,0,9493925888,937984,0.38
2026-08-30T14:56:47.741Z,9800.191,4393041920,4393041920,0,4390132736,4369559552,20467712,4369592320,2981888,0,0,0,9493925888,937984,0.32
2026-08-30T14:56:57.739Z,9810.189,4393041920,4393041920,0,4390132736,4369559552,20467712,4369592320,2981888,0,0,0,9493925888,937984,0.35
2026-08-30T14:57:07.741Z,9820.191,4393041920,4393041920,0,4390132736,4369559552,20467712,4369592320,2981888,0,0,0,9493929984,937984,0.38
2026-08-30T14:57:17.740Z,9830.19,4393041920,4393041920,0,4390132736,4369559552,20467712,4369592320,2981888,0,0,0,9493929984,937984,0.32
2026-08-30T14:57:27.741Z,9840.191,4393041920,4393041920,0,4390132736,4369559552,20467712,4369592320,2981888,0,0,0,9497260032,937984,0.34
2026-08-30T14:57:37.723Z,9850.173,4393041920,4393041920,0,4390132736,4369559552,20467712,4369592320,2981888,0,0,0,9494175744,937984,0.29
2026-08-30T14:57:47.729Z,9860.179,4393041920,4393041920,0,4390132736,4369559552,20467712,4369592320,2981888,0,0,0,9493233664,937984,0.25
2026-08-30T14:57:57.743Z,9870.193,4393041920,4393041920,0,4390132736,4369559552,20467712,4369592320,2981888,0,0,0,9493233664,937984,0.21
2026-08-30T14:58:07.746Z,9880.196,4393041920,4393041920,0,4390132736,4369559552,20467712,4369592320,2981888,0,0,0,9493118976,937984,0.18
2026-08-30T14:58:17.741Z,9890.191,4393373696,4393373696,0,4390464512,4369891328,20467712,4369924096,2981888,0,0,0,9493118976,937984,0.15
2026-08-30T14:58:27.753Z,9900.203,4393373696,4393373696,0,4390464512,4369891328,20467712,4369924096,2981888,0,0,0,9492889600,937984,0.28
2026-08-30T14:58:37.743Z,9910.193,4393373696,4393373696,0,4390464512,4369891328,20467712,4369924096,2981888,0,0,0,9492987904,937984,0.32
2026-08-30T14:58:47.752Z,9920.202,4393373696,4393373696,0,4390464512,4369891328,20467712,4369924096,2981888,0,0,0,9492758528,937984,0.27
2026-08-30T14:58:57.744Z,9930.194,4393373696,4393373696,0,4390464512,4369891328,20467712,4369924096,2981888,0,0,0,9492398080,937984,0.23
2026-08-30T14:59:07.740Z,9940.19,4393373696,4393373696,0,4390464512,4369891328,20467712,4369924096,2981888,0,0,0,9492168704,937984,0.19
2026-08-30T14:59:17.714Z,9950.164,4393168896,4393168896,0,4390259712,4369686528,20467712,4369719296,2981888,0,0,0,9491922944,937984,0.16
2026-08-30T14:59:27.742Z,9960.192,4393168896,4393168896,0,4390259712,4369686528,20467712,4369719296,2981888,0,0,0,9491234816,937984,0.14
2026-08-30T14:59:37.757Z,9970.207,4393168896,4393168896,0,4390259712,4369686528,20467712,4369719296,2981888,0,0,0,9491234816,937984,0.11
2026-08-30T14:59:47.741Z,9980.191,4393168896,4393168896,0,4390259712,4369686528,20467712,4369719296,2981888,0,0,0,9491234816,937984,0.18
2026-08-30T14:59:57.742Z,9990.192,4393168896,4393168896,0,4390259712,4369686528,20467712,4369719296,2981888,0,0,0,9491496960,937984,0.3
2026-08-30T15:00:07.741Z,10000.191,4393168896,4393168896,0,4390259712,4369686528,20467712,4369719296,2981888,0,0,0,9491496960,937984,0.26
2026-08-30T15:00:17.744Z,10010.194,4393168896,4393168896,0,4390259712,4369686528,20467712,4369719296,2981888,0,0,0,9490698240,937984,0.22
2026-08-30T15:00:27.752Z,10020.202,4393168896,4393168896,0,4390259712,4369686528,20467712,4369719296,2981888,0,0,0,9490472960,937984,0.18
2026-08-30T15:00:37.742Z,10030.192,4393168896,4393168896,0,4390259712,4369686528,20467712,4369719296,2981888,0,0,0,9489784832,937984,0.15
2026-08-30T15:00:47.741Z,10040.191,4393168896,4393168896,0,4390259712,4369686528,20467712,4369719296,2981888,0,0,0,9490071552,937984,0.28
2026-08-30T15:00:57.717Z,10050.167,4393168896,4393168896,0,4390259712,4369686528,20467712,4369719296,2981888,0,0,0,9490071552,937984,0.24
2026-08-30T15:01:07.743Z,10060.193,4393168896,4393168896,0,4390259712,4369686528,20467712,4369719296,2981888,0,0,0,9490071552,937984,0.2
2026-08-30T15:01:17.742Z,10070.192,4393168896,4393168896,0,4390259712,4369686528,20467712,4369719296,2981888,0,0,0,9490071552,937984,0.17
2026-08-30T15:01:27.717Z,10080.167,4393168896,4393168896,0,4390259712,4369686528,20467712,4369719296,2981888,0,0,0,9490071552,937984,0.3
2026-08-30T15:01:37.740Z,10090.19,4393168896,4393168896,0,4390259712,4369686528,20467712,4369719296,2981888,0,0,0,9490071552,937984,0.33
2026-08-30T15:01:47.744Z,10100.194,4393168896,4393168896,0,4390259712,4369686528,20467712,4369719296,2981888,0,0,0,9490071552,937984,0.28
2026-08-30T15:01:57.717Z,10110.167,4393168896,4393168896,0,4390259712,4369686528,20467712,4369719296,2981888,0,0,0,9490071552,937984,0.23
2026-08-30T15:02:07.742Z,10120.192,4393168896,4393168896,0,4390259712,4369686528,20467712,4369719296,2981888,0,0,0,9490141184,937984,0.2
2026-08-30T15:02:17.740Z,10130.19,4393168896,4393168896,0,4390259712,4369686528,20467712,4369719296,2981888,0,0,0,9489514496,937984,0.17
2026-08-30T15:02:27.717Z,10140.167,4393168896,4393168896,0,4390259712,4369686528,20467712,4369719296,2981888,0,0,0,9489518592,937984,0.14
2026-08-30T15:02:37.756Z,10150.206,4393168896,4393168896,0,4390259712,4369686528,20467712,4369719296,2981888,0,0,0,9489518592,937984,0.2
2026-08-30T15:02:47.749Z,10160.199,4393168896,4393168896,0,4390259712,4369686528,20467712,4369719296,2981888,0,0,0,9489518592,937984,0.17
2026-08-30T15:02:57.743Z,10170.193,4393168896,4393168896,0,4390259712,4369686528,20467712,4369719296,2981888,0,0,0,9489289216,937984,0.14
2026-08-30T15:03:07.748Z,10180.198,4393168896,4393168896,0,4390259712,4369686528,20467712,4369719296,2981888,0,0,0,9489289216,937984,0.2
2026-08-30T15:03:17.756Z,10190.206,4393168896,4393168896,0,4390259712,4369686528,20467712,4369719296,2981888,0,0,0,9488601088,937984,0.48
2026-08-30T15:03:27.744Z,10200.194,4393168896,4393168896,0,4390259712,4369686528,20467712,4369719296,2981888,0,0,0,9488662528,937984,0.48
2026-08-30T15:03:37.756Z,10210.206,4393168896,4393168896,0,4390259712,4369686528,20467712,4369719296,2981888,0,0,0,9495719936,937984,0.48
2026-08-30T15:03:47.745Z,10220.195,4393168896,4393168896,0,4390259712,4369686528,20467712,4369719296,2981888,0,0,0,9495748608,937984,0.41
2026-08-30T15:03:57.727Z,10230.177,4393168896,4393168896,0,4390259712,4369686528,20467712,4369719296,2981888,0,0,0,9495519232,937984,0.35
2026-08-30T15:04:07.747Z,10240.197,4393168896,4393168896,0,4390259712,4369686528,20467712,4369719296,2981888,0,0,0,9495519232,937984,0.29
2026-08-30T15:04:17.759Z,10250.209,4393168896,4393168896,0,4390259712,4369686528,20467712,4369719296,2981888,0,0,0,9495519232,937984,0.25
2026-08-30T15:04:27.740Z,10260.19,4393168896,4393168896,0,4390259712,4369686528,20467712,4369719296,2981888,0,0,0,9495523328,937984,0.28
2026-08-30T15:04:37.743Z,10270.193,4393168896,4393168896,0,4390259712,4369686528,20467712,4369719296,2981888,0,0,0,9495523328,937984,0.31
2026-08-30T15:04:47.718Z,10280.168,4393168896,4393168896,0,4390259712,4369686528,20467712,4369719296,2981888,0,0,0,9495293952,937984,0.34
2026-08-30T15:04:57.743Z,10290.193,4393168896,4393168896,0,4390259712,4369686528,20467712,4369719296,2981888,0,0,0,9495293952,937984,0.36
2026-08-30T15:05:07.743Z,10300.193,4393168896,4393168896,0,4390259712,4369686528,20467712,4369719296,2981888,0,0,0,9495064576,937984,0.31
2026-08-30T15:05:17.743Z,10310.193,4393168896,4393168896,0,4390259712,4369686528,20467712,4369719296,2981888,0,0,0,9495064576,937984,0.26
2026-08-30T15:05:27.720Z,10320.17,4394958848,4394958848,0,4392049664,4371476480,20467712,4371509248,2981888,0,0,0,9495072768,937984,0.3
2026-08-30T15:05:37.728Z,10330.178,4394958848,4394958848,0,4392049664,4371476480,20467712,4371509248,2981888,0,0,0,9495072768,937984,0.25
2026-08-30T15:05:47.729Z,10340.179,4394958848,4394958848,0,4392049664,4371476480,20467712,4371509248,2981888,0,0,0,9495072768,937984,0.21
2026-08-30T15:05:57.728Z,10350.178,4394958848,4394958848,0,4392049664,4371476480,20467712,4371509248,2981888,0,0,0,9495072768,937984,0.18
2026-08-30T15:06:07.746Z,10360.196,4394958848,4394958848,0,4392049664,4371476480,20467712,4371509248,2981888,0,0,0,9494843392,937984,0.15
2026-08-30T15:06:17.744Z,10370.194,4394958848,4394958848,0,4392049664,4371476480,20467712,4371509248,2981888,0,0,0,9494843392,937984,0.13
2026-08-30T15:06:27.742Z,10380.192,4394819584,4394819584,0,4391910400,4371337216,20467712,4371369984,2981888,0,0,0,9494585344,937984,0.26
2026-08-30T15:06:37.715Z,10390.165,4394819584,4394819584,0,4391910400,4371337216,20467712,4371369984,2981888,0,0,0,9492987904,937984,0.22
2026-08-30T15:06:47.718Z,10400.168,4394819584,4394819584,0,4391910400,4371337216,20467712,4371369984,2981888,0,0,0,9492414464,937984,0.34
2026-08-30T15:06:57.743Z,10410.193,4394819584,4394819584,0,4391910400,4371337216,20467712,4371369984,2981888,0,0,0,9492185088,937984,0.44
2026-08-30T15:07:07.743Z,10420.193,4394819584,4394819584,0,4391910400,4371337216,20467712,4371369984,2981888,0,0,0,9492250624,937984,0.45
2026-08-30T15:07:17.718Z,10430.168,4394889216,4394889216,0,4391980032,4371406848,20467712,4371439616,2981888,0,0,0,9492025344,937984,0.38
2026-08-30T15:07:27.759Z,10440.209,4394889216,4394889216,0,4391980032,4371406848,20467712,4371439616,2981888,0,0,0,9492029440,937984,0.32
2026-08-30T15:07:37.742Z,10450.192,4394889216,4394889216,0,4391980032,4371406848,20467712,4371439616,2981888,0,0,0,9491345408,937984,0.27
2026-08-30T15:07:47.740Z,10460.19,4394889216,4394889216,0,4391980032,4371406848,20467712,4371439616,2981888,0,0,0,9491345408,937984,0.3
2026-08-30T15:07:57.742Z,10470.192,4394889216,4394889216,0,4391980032,4371406848,20467712,4371439616,2981888,0,0,0,9491345408,937984,0.26
2026-08-30T15:08:07.755Z,10480.205,4394889216,4394889216,0,4391910400,4371337216,20467712,4371369984,2981888,0,0,0,9491349504,937984,0.22
2026-08-30T15:08:17.718Z,10490.167,4394819584,4394819584,0,4391910400,4371337216,20467712,4371369984,2981888,0,0,0,9491349504,937984,0.26
2026-08-30T15:08:27.751Z,10500.201,4394819584,4394819584,0,4391910400,4371337216,20467712,4371369984,2981888,0,0,0,9491349504,937984,0.22
2026-08-30T15:08:37.744Z,10510.194,4394819584,4394819584,0,4391910400,4371337216,20467712,4371369984,2981888,0,0,0,9491349504,937984,0.34
2026-08-30T15:08:47.752Z,10520.202,4394819584,4394819584,0,4391910400,4371337216,20467712,4371369984,2981888,0,0,0,9490890752,937984,0.29
2026-08-30T15:08:57.728Z,10530.178,4394819584,4394819584,0,4391910400,4371337216,20467712,4371369984,2981888,0,0,0,9490890752,937984,0.24
2026-08-30T15:09:07.744Z,10540.194,4394819584,4394819584,0,4391910400,4371337216,20467712,4371369984,2981888,0,0,0,9490890752,937984,0.2
2026-08-30T15:09:17.744Z,10550.194,4394819584,4394819584,0,4391910400,4371337216,20467712,4371369984,2981888,0,0,0,9490890752,937984,0.25
2026-08-30T15:09:27.731Z,10560.181,4394819584,4394819584,0,4391910400,4371337216,20467712,4371369984,2981888,0,0,0,9485983744,937984,0.29
2026-08-30T15:09:37.726Z,10570.176,4394819584,4394819584,0,4391910400,4371337216,20467712,4371369984,2981888,0,0,0,9486274560,937984,0.24
2026-08-30T15:09:47.745Z,10580.195,4394819584,4394819584,0,4391910400,4371337216,20467712,4371369984,2981888,0,0,0,9486340096,937984,0.29
2026-08-30T15:09:57.749Z,10590.199,4394819584,4394819584,0,4391910400,4371337216,20467712,4371369984,2981888,0,0,0,9487478784,937984,0.4
2026-08-30T15:10:07.742Z,10600.192,4394819584,4394819584,0,4391910400,4371337216,20467712,4371369984,2981888,0,0,0,9487478784,937984,0.34
2026-08-30T15:10:17.742Z,10610.192,4394819584,4394819584,0,4391910400,4371337216,20467712,4371369984,2981888,0,0,0,9488375808,937984,0.29
2026-08-30T15:10:27.741Z,10620.191,4394819584,4394819584,0,4391910400,4371337216,20467712,4371369984,2981888,0,0,0,9488375808,937984,0.24
2026-08-30T15:10:37.744Z,10630.194,4394819584,4394819584,0,4391910400,4371337216,20467712,4371369984,2981888,0,0,0,9488375808,937984,0.2
2026-08-30T15:10:47.743Z,10640.193,4394819584,4394819584,0,4391910400,4371337216,20467712,4371369984,2981888,0,0,0,9488134144,937984,0.17
2026-08-30T15:10:57.742Z,10650.192,4394819584,4394819584,0,4391910400,4371337216,20467712,4371369984,2981888,0,0,0,9488134144,937984,0.15
2026-08-30T15:11:07.745Z,10660.195,4394819584,4394819584,0,4391910400,4371337216,20467712,4371369984,2981888,0,0,0,9488142336,937984,0.12
2026-08-30T15:11:17.741Z,10670.191,4394819584,4394819584,0,4391910400,4371337216,20467712,4371369984,2981888,0,0,0,9487618048,937984,0.1
2026-08-30T15:11:27.746Z,10680.196,4394819584,4394819584,0,4391910400,4371337216,20467712,4371369984,2981888,0,0,0,9487618048,937984,0.09
2026-08-30T15:11:37.743Z,10690.193,4394819584,4394819584,0,4391910400,4371337216,20467712,4371369984,2981888,0,0,0,9487622144,937984,0.15
2026-08-30T15:11:47.743Z,10700.193,4394819584,4394819584,0,4391910400,4371337216,20467712,4371369984,2981888,0,0,0,9487622144,937984,0.12
2026-08-30T15:11:57.743Z,10710.193,4394819584,4394819584,0,4391910400,4371337216,20467712,4371369984,2981888,0,0,0,9487622144,937984,0.1
2026-08-30T15:12:07.716Z,10720.166,4394819584,4394819584,0,4391910400,4371337216,20467712,4371369984,2981888,0,0,0,9487622144,937984,0.09
2026-08-30T15:12:17.729Z,10730.179,4394819584,4394819584,0,4391910400,4371337216,20467712,4371369984,2981888,0,0,0,9487626240,937984,0.07
2026-08-30T15:12:27.729Z,10740.179,4395298816,4395298816,0,4392389632,4371816448,20467712,4371849216,2981888,0,0,0,9487630336,937984,0.06
2026-08-30T15:12:37.729Z,10750.179,4395298816,4395298816,0,4392389632,4371816448,20467712,4371849216,2981888,0,0,0,9487589376,937984,0.05
2026-08-30T15:12:47.728Z,10760.178,4395298816,4395298816,0,4392389632,4371816448,20467712,4371849216,2981888,0,0,0,9487589376,937984,0.04
2026-08-30T15:12:57.742Z,10770.192,4395298816,4395298816,0,4392389632,4371816448,20467712,4371849216,2981888,0,0,0,9487589376,937984,0.11
2026-08-30T15:13:07.716Z,10780.166,4395298816,4395298816,0,4392389632,4371816448,20467712,4371849216,2981888,0,0,0,9487589376,937984,0.25
2026-08-30T15:13:17.741Z,10790.191,4395298816,4395298816,0,4392389632,4371816448,20467712,4371849216,2981888,0,0,0,9487360000,937984,0.29
2026-08-30T15:13:27.743Z,10800.193,4395159552,4395159552,0,4392250368,4371677184,20467712,4371709952,2981888,0,0,0,9487360000,937984,0.32
2026-08-30T15:13:37.743Z,10810.193,4395159552,4395159552,0,4392250368,4371677184,20467712,4371709952,2981888,0,0,0,9487360000,937984,0.35
2026-08-30T15:13:47.743Z,10820.193,4395159552,4395159552,0,4392250368,4371677184,20467712,4371709952,2981888,0,0,0,9487360000,937984,0.29
2026-08-30T15:13:57.756Z,10830.206,4395159552,4395159552,0,4392250368,4371677184,20467712,4371709952,2981888,0,0,0,9487781888,937984,0.25
2026-08-30T15:14:07.756Z,10840.206,4395159552,4395159552,0,4392250368,4371677184,20467712,4371709952,2981888,0,0,0,9487781888,937984,0.21
2026-08-30T15:14:17.747Z,10850.197,4395159552,4395159552,0,4392250368,4371677184,20467712,4371709952,2981888,0,0,0,9488371712,937984,0.18
2026-08-30T15:14:27.743Z,10860.193,4395159552,4395159552,0,4392250368,4371677184,20467712,4371709952,2981888,0,0,0,9488568320,937984,0.15
2026-08-30T15:14:37.717Z,10870.167,4395159552,4395159552,0,4392250368,4371677184,20467712,4371709952,2981888,0,0,0,9488568320,937984,0.13
2026-08-30T15:14:47.743Z,10880.193,4395159552,4395159552,0,4392250368,4371677184,20467712,4371709952,2981888,0,0,0,9488568320,937984,0.11
2026-08-30T15:14:57.746Z,10890.196,4395159552,4395159552,0,4392250368,4371677184,20467712,4371709952,2981888,0,0,0,9488572416,937984,0.24
2026-08-30T15:15:07.719Z,10900.169,4395159552,4395159552,0,4392250368,4371677184,20467712,4371709952,2981888,0,0,0,9488572416,937984,0.29
2026-08-30T15:15:17.741Z,10910.191,4395159552,4395159552,0,4392250368,4371677184,20467712,4371709952,2981888,0,0,0,9488576512,937984,0.4
2026-08-30T15:15:27.718Z,10920.168,4395159552,4395159552,0,4392250368,4371677184,20467712,4371709952,2981888,0,0,0,9490145280,937984,0.41
2026-08-30T15:15:37.743Z,10930.193,4395159552,4395159552,0,4392250368,4371677184,20467712,4371709952,2981888,0,0,0,9490255872,937984,0.35
2026-08-30T15:15:47.745Z,10940.195,4395159552,4395159552,0,4392250368,4371677184,20467712,4371709952,2981888,0,0,0,9488265216,937984,0.29
2026-08-30T15:15:57.718Z,10950.168,4395159552,4395159552,0,4392250368,4371677184,20467712,4371709952,2981888,0,0,0,9488363520,937984,0.25
2026-08-30T15:16:07.751Z,10960.201,4395159552,4395159552,0,4392250368,4371677184,20467712,4371709952,2981888,0,0,0,9488363520,937984,0.21
2026-08-30T15:16:17.756Z,10970.206,4395159552,4395159552,0,4392250368,4371677184,20467712,4371709952,2981888,0,0,0,9488625664,937984,0.18
2026-08-30T15:16:27.717Z,10980.167,4395159552,4395159552,0,4392250368,4371677184,20467712,4371709952,2981888,0,0,0,9488625664,937984,0.15
2026-08-30T15:16:37.743Z,10990.193,4395159552,4395159552,0,4392250368,4371677184,20467712,4371709952,2981888,0,0,0,9487937536,937984,0.2
2026-08-30T15:16:47.745Z,11000.195,4395159552,4395159552,0,4392250368,4371677184,20467712,4371709952,2981888,0,0,0,9487937536,937984,0.17
2026-08-30T15:16:57.742Z,11010.192,4395159552,4395159552,0,4392250368,4371677184,20467712,4371709952,2981888,0,0,0,9487937536,937984,0.14
2026-08-30T15:17:07.717Z,11020.167,4395159552,4395159552,0,4392250368,4371677184,20467712,4371709952,2981888,0,0,0,9487937536,937984,0.12
2026-08-30T15:17:17.728Z,11030.178,4395159552,4395159552,0,4392250368,4371677184,20467712,4371709952,2981888,0,0,0,9487941632,937984,0.1
2026-08-30T15:17:27.731Z,11040.181,4395159552,4395159552,0,4392250368,4371677184,20467712,4371709952,2981888,0,0,0,9487712256,937984,0.08
2026-08-30T15:17:37.747Z,11050.197,4395159552,4395159552,0,4392250368,4371677184,20467712,4371709952,2981888,0,0,0,9487712256,937984,0.07
2026-08-30T15:17:47.740Z,11060.19,4395159552,4395159552,0,4392250368,4371677184,20467712,4371709952,2981888,0,0,0,9487712256,937984,0.06
2026-08-30T15:17:57.730Z,11070.18,4395159552,4395159552,0,4392250368,4371677184,20467712,4371709952,2981888,0,0,0,9487712256,937984,0.05
2026-08-30T15:18:07.742Z,11080.192,4395159552,4395159552,0,4392250368,4371677184,20467712,4371709952,2981888,0,0,0,9487716352,937984,0.04
2026-08-30T15:18:17.718Z,11090.168,4395159552,4395159552,0,4392250368,4371677184,20467712,4371709952,2981888,0,0,0,9487486976,937984,0.11
2026-08-30T15:18:27.745Z,11100.195,4395159552,4395159552,0,4392250368,4371677184,20467712,4371709952,2981888,0,0,0,9487491072,937984,0.09
2026-08-30T15:18:37.746Z,11110.196,4395298816,4395298816,0,4392389632,4371816448,20467712,4371849216,2981888,0,0,0,9487015936,937984,0.16
2026-08-30T15:18:47.746Z,11120.196,4395298816,4395298816,0,4392389632,4371816448,20467712,4371849216,2981888,0,0,0,9487278080,937984,0.29
2026-08-30T15:18:57.719Z,11130.169,4395298816,4395298816,0,4392389632,4371816448,20467712,4371849216,2981888,0,0,0,9487282176,937984,0.32
2026-08-30T15:19:07.729Z,11140.179,4395298816,4395298816,0,4392389632,4371816448,20467712,4371849216,2981888,0,0,0,9487282176,937984,0.27
2026-08-30T15:19:17.748Z,11150.198,4395298816,4395298816,0,4392389632,4371816448,20467712,4371849216,2981888,0,0,0,9487282176,937984,0.31
2026-08-30T15:19:27.719Z,11160.169,4395298816,4395298816,0,4392389632,4371816448,20467712,4371849216,2981888,0,0,0,9487052800,937984,0.26
2026-08-30T15:19:37.745Z,11170.195,4395229184,4395229184,0,4392320000,4371746816,20467712,4371779584,2981888,0,0,0,9486823424,937984,0.22
2026-08-30T15:19:47.742Z,11180.192,4395229184,4395229184,0,4392320000,4371746816,20467712,4371779584,2981888,0,0,0,9486823424,937984,0.34
2026-08-30T15:19:57.720Z,11190.17,4395229184,4395229184,0,4392320000,4371746816,20467712,4371779584,2981888,0,0,0,9485979648,937984,0.36
2026-08-30T15:20:07.745Z,11200.195,4395229184,4395229184,0,4392320000,4371746816,20467712,4371779584,2981888,0,0,0,9486962688,937984,0.31
2026-08-30T15:20:17.745Z,11210.195,4395229184,4395229184,0,4392320000,4371746816,20467712,4371779584,2981888,0,0,0,9486737408,937984,0.26
2026-08-30T15:20:27.723Z,11220.173,4395229184,4395229184,0,4392320000,4371746816,20467712,4371779584,2981888,0,0,0,9486737408,937984,0.22
2026-08-30T15:20:37.746Z,11230.196,4395229184,4395229184,0,4392320000,4371746816,20467712,4371779584,2981888,0,0,0,9486737408,937984,0.18
2026-08-30T15:20:47.720Z,11240.17,4395229184,4395229184,0,4392320000,4371746816,20467712,4371779584,2981888,0,0,0,9486741504,937984,0.16
2026-08-30T15:20:57.745Z,11250.195,4395229184,4395229184,0,4392320000,4371746816,20467712,4371779584,2981888,0,0,0,9486741504,937984,0.13
2026-08-30T15:21:07.750Z,11260.2,4395229184,4395229184,0,4392320000,4371746816,20467712,4371779584,2981888,0,0,0,9487331328,937984,0.11
2026-08-30T15:21:17.745Z,11270.195,4395229184,4395229184,0,4392320000,4371746816,20467712,4371779584,2981888,0,0,0,9487527936,937984,0.09
2026-08-30T15:21:27.720Z,11280.17,4395229184,4395229184,0,4392320000,4371746816,20467712,4371779584,2981888,0,0,0,9485303808,937984,0.08
2026-08-30T15:21:37.746Z,11290.196,4395229184,4395229184,0,4392320000,4371746816,20467712,4371779584,2981888,0,0,0,9485303808,937984,0.22
2026-08-30T15:21:47.721Z,11300.171,4395229184,4395229184,0,4392320000,4371746816,20467712,4371779584,2981888,0,0,0,9485303808,937984,0.19
2026-08-30T15:21:57.746Z,11310.196,4395229184,4395229184,0,4392320000,4371746816,20467712,4371779584,2981888,0,0,0,9485303808,937984,0.16
2026-08-30T15:22:07.749Z,11320.199,4395229184,4395229184,0,4392320000,4371746816,20467712,4371779584,2981888,0,0,0,9485303808,937984,0.13
2026-08-30T15:22:17.721Z,11330.171,4395229184,4395229184,0,4392320000,4371746816,20467712,4371779584,2981888,0,0,0,9485307904,937984,0.11
2026-08-30T15:22:27.732Z,11340.182,4395229184,4395229184,0,4392320000,4371746816,20467712,4371779584,2981888,0,0,0,9485312000,937984,0.09
2026-08-30T15:22:37.751Z,11350.201,4395229184,4395229184,0,4392320000,4371746816,20467712,4371779584,2981888,0,0,0,9485312000,937984,0.08
2026-08-30T15:22:47.750Z,11360.2,4395229184,4395229184,0,4392320000,4371746816,20467712,4371779584,2981888,0,0,0,9485705216,937984,0.07
2026-08-30T15:22:57.750Z,11370.2,4395229184,4395229184,0,4392320000,4371746816,20467712,4371779584,2981888,0,0,0,9485705216,937984,0.06
2026-08-30T15:23:07.751Z,11380.201,4395229184,4395229184,0,4392320000,4371746816,20467712,4371779584,2981888,0,0,0,9485479936,937984,0.05
2026-08-30T15:23:17.731Z,11390.181,4395229184,4395229184,0,4392320000,4371746816,20467712,4371779584,2981888,0,0,0,9485545472,937984,0.12
2026-08-30T15:23:27.734Z,11400.184,4395229184,4395229184,0,4392320000,4371746816,20467712,4371779584,2981888,0,0,0,9484627968,937984,0.26
2026-08-30T15:23:37.748Z,11410.198,4395229184,4395229184,0,4392320000,4371746816,20467712,4371779584,2981888,0,0,0,9484627968,937984,0.29
2026-08-30T15:23:47.751Z,11420.201,4395229184,4395229184,0,4392320000,4371746816,20467712,4371779584,2981888,0,0,0,9484627968,937984,0.25
2026-08-30T15:23:57.727Z,11430.177,4395229184,4395229184,0,4392320000,4371746816,20467712,4371779584,2981888,0,0,0,9484398592,937984,0.21
2026-08-30T15:24:07.749Z,11440.199,4395229184,4395229184,0,4392320000,4371746816,20467712,4371779584,2981888,0,0,0,9484398592,937984,0.25
2026-08-30T15:24:17.733Z,11450.183,4395298816,4395298816,0,4392389632,4371816448,20467712,4371849216,2981888,0,0,0,9484664832,937984,0.21
2026-08-30T15:24:27.751Z,11460.201,4395298816,4395298816,0,4392389632,4371816448,20467712,4371849216,2981888,0,0,0,9484664832,937984,0.18
2026-08-30T15:24:37.725Z,11470.175,4395298816,4395298816,0,4392389632,4371816448,20467712,4371849216,2981888,0,0,0,9484664832,937984,0.15
2026-08-30T15:24:47.723Z,11480.173,4395417600,4395417600,0,4392508416,4371935232,20467712,4371968000,2981888,0,0,0,9483784192,937984,0.13
2026-08-30T15:24:57.750Z,11490.2,4395417600,4395417600,0,4392508416,4371935232,20467712,4371968000,2981888,0,0,0,9483784192,937984,0.11
2026-08-30T15:25:07.750Z,11500.2,4395417600,4395417600,0,4392508416,4371935232,20467712,4371968000,2981888,0,0,0,9483554816,937984,0.09
2026-08-30T15:25:17.751Z,11510.201,4395417600,4395417600,0,4392508416,4371935232,20467712,4371968000,2981888,0,0,0,9483554816,937984,0.08
2026-08-30T15:25:27.752Z,11520.202,4395417600,4395417600,0,4392508416,4371935232,20467712,4371968000,2981888,0,0,0,9483325440,937984,0.14
2026-08-30T15:25:37.724Z,11530.174,4395417600,4395417600,0,4392508416,4371935232,20467712,4371968000,2981888,0,0,0,9483325440,937984,0.2
2026-08-30T15:25:47.748Z,11540.198,4395278336,4395278336,0,4392369152,4371795968,20467712,4371828736,2981888,0,0,0,9483325440,937984,0.24
2026-08-30T15:25:57.735Z,11550.185,4395278336,4395278336,0,4392369152,4371795968,20467712,4371828736,2981888,0,0,0,9483407360,937984,0.28
2026-08-30T15:26:07.752Z,11560.202,4395347968,4395347968,0,4392438784,4371865600,20467712,4371898368,2981888,0,0,0,9483411456,937984,0.24
2026-08-30T15:26:17.724Z,11570.174,4395347968,4395347968,0,4392438784,4371865600,20467712,4371898368,2981888,0,0,0,9483182080,937984,0.2
2026-08-30T15:26:27.735Z,11580.185,4395347968,4395347968,0,4392438784,4371865600,20467712,4371898368,2981888,0,0,0,9489129472,937984,0.32
2026-08-30T15:26:37.751Z,11590.201,4395347968,4395347968,0,4392438784,4371865600,20467712,4371898368,2981888,0,0,0,9488900096,937984,0.43
2026-08-30T15:26:47.723Z,11600.173,4395347968,4395347968,0,4392438784,4371865600,20467712,4371898368,2981888,0,0,0,9484521472,937984,0.36
2026-08-30T15:26:57.750Z,11610.2,4395347968,4395347968,0,4392438784,4371865600,20467712,4371898368,2981888,0,0,0,9484779520,937984,0.39
2026-08-30T15:27:07.753Z,11620.203,4395278336,4395278336,0,4392369152,4371795968,20467712,4371828736,2981888,0,0,0,9484783616,937984,0.33
2026-08-30T15:27:17.750Z,11630.2,4395278336,4395278336,0,4392369152,4371795968,20467712,4371828736,2981888,0,0,0,9484791808,937984,0.28
2026-08-30T15:27:27.753Z,11640.203,4395278336,4395278336,0,4392369152,4371795968,20467712,4371828736,2981888,0,0,0,9487024128,937984,0.31
2026-08-30T15:27:37.751Z,11650.201,4395278336,4395278336,0,4392369152,4371795968,20467712,4371828736,2981888,0,0,0,9487024128,937984,0.26
2026-08-30T15:27:47.753Z,11660.203,4395278336,4395278336,0,4392369152,4371795968,20467712,4371828736,2981888,0,0,0,9487024128,937984,0.29
2026-08-30T15:27:57.735Z,11670.185,4395278336,4395278336,0,4392369152,4371795968,20467712,4371828736,2981888,0,0,0,9487024128,937984,0.25
2026-08-30T15:28:07.753Z,11680.203,4395278336,4395278336,0,4392369152,4371795968,20467712,4371828736,2981888,0,0,0,9487024128,937984,0.29
2026-08-30T15:28:17.752Z,11690.202,4395278336,4395278336,0,4392369152,4371795968,20467712,4371828736,2981888,0,0,0,9487024128,937984,0.32
2026-08-30T15:28:27.753Z,11700.203,4395278336,4395278336,0,4392369152,4371795968,20467712,4371828736,2981888,0,0,0,9487024128,937984,0.27
2026-08-30T15:28:37.751Z,11710.201,4395278336,4395278336,0,4392369152,4371795968,20467712,4371828736,2981888,0,0,0,9487286272,937984,0.23
2026-08-30T15:28:47.753Z,11720.203,4395278336,4395278336,0,4392369152,4371795968,20467712,4371828736,2981888,0,0,0,9486827520,937984,0.27
2026-08-30T15:28:57.724Z,11730.174,4395278336,4395278336,0,4392369152,4371795968,20467712,4371828736,2981888,0,0,0,9486598144,937984,0.3
2026-08-30T15:29:07.754Z,11740.204,4395278336,4395278336,0,4392369152,4371795968,20467712,4371828736,2981888,0,0,0,9486598144,937984,0.26
2026-08-30T15:29:17.754Z,11750.204,4395278336,4395278336,0,4392369152,4371795968,20467712,4371828736,2981888,0,0,0,9484795904,937984,0.3
2026-08-30T15:29:27.725Z,11760.175,4395278336,4395278336,0,4392369152,4371795968,20467712,4371828736,2981888,0,0,0,9484795904,937984,0.25
2026-08-30T15:29:37.735Z,11770.185,4395278336,4395278336,0,4392369152,4371795968,20467712,4371828736,2981888,0,0,0,9484857344,937984,0.21
2026-08-30T15:29:47.751Z,11780.201,4395347968,4395347968,0,4392438784,4371865600,20467712,4371898368,2981888,0,0,0,9484861440,937984,0.18
2026-08-30T15:29:57.725Z,11790.175,4395347968,4395347968,0,4392438784,4371865600,20467712,4371898368,2981888,0,0,0,9484861440,937984,0.23
2026-08-30T15:30:07.748Z,11800.198,4395347968,4395347968,0,4392438784,4371865600,20467712,4371898368,2981888,0,0,0,9485156352,937984,0.19
2026-08-30T15:30:17.756Z,11810.206,4395347968,4395347968,0,4392438784,4371865600,20467712,4371898368,2981888,0,0,0,9484472320,937984,0.16
2026-08-30T15:30:27.751Z,11820.201,4395347968,4395347968,0,4392438784,4371865600,20467712,4371898368,2981888,0,0,0,9480515584,937984,0.14
2026-08-30T15:30:37.751Z,11830.201,4395347968,4395347968,0,4392438784,4371865600,20467712,4371898368,2981888,0,0,0,9480515584,937984,0.19
2026-08-30T15:30:47.751Z,11840.201,4395278336,4395278336,0,4392369152,4371795968,20467712,4371828736,2981888,0,0,0,9480286208,937984,0.16
2026-08-30T15:30:57.735Z,11850.185,4395278336,4395278336,0,4392369152,4371795968,20467712,4371828736,2981888,0,0,0,9480298496,937984,0.14
2026-08-30T15:31:07.753Z,11860.203,4395278336,4395278336,0,4392369152,4371795968,20467712,4371828736,2981888,0,0,0,9480298496,937984,0.12
2026-08-30T15:31:17.743Z,11870.193,4395278336,4395278336,0,4392369152,4371795968,20467712,4371828736,2981888,0,0,0,9480298496,937984,0.1
2026-08-30T15:31:27.753Z,11880.203,4395278336,4395278336,0,4392369152,4371795968,20467712,4371828736,2981888,0,0,0,9480298496,937984,0.16
2026-08-30T15:31:37.737Z,11890.187,4395278336,4395278336,0,4392369152,4371795968,20467712,4371828736,2981888,0,0,0,9480298496,937984,0.21
2026-08-30T15:31:47.755Z,11900.205,4395921408,4395921408,0,4393012224,4372439040,20467712,4372471808,2981888,0,0,0,9480073216,937984,0.33
2026-08-30T15:31:57.726Z,11910.176,4395921408,4395921408,0,4393012224,4372439040,20467712,4372471808,2981888,0,0,0,9480290304,937984,0.36
2026-08-30T15:32:07.736Z,11920.186,4395921408,4395921408,0,4393012224,4372439040,20467712,4372471808,2981888,0,0,0,9480294400,937984,0.3
2026-08-30T15:32:17.737Z,11930.187,4395921408,4395921408,0,4393012224,4372439040,20467712,4372471808,2981888,0,0,0,9480294400,937984,0.25
2026-08-30T15:32:27.754Z,11940.204,4395921408,4395921408,0,4393012224,4372439040,20467712,4372471808,2981888,0,0,0,9480294400,937984,0.21
2026-08-30T15:32:37.753Z,11950.203,4395921408,4395921408,0,4393012224,4372439040,20467712,4372471808,2981888,0,0,0,9480294400,937984,0.26
2026-08-30T15:32:47.736Z,11960.186,4395851776,4395851776,0,4392942592,4372369408,20467712,4372402176,2981888,0,0,0,9480589312,937984,0.3
2026-08-30T15:32:57.737Z,11970.187,4395851776,4395851776,0,4392942592,4372369408,20467712,4372402176,2981888,0,0,0,9481588736,937984,0.25
2026-08-30T15:33:07.737Z,11980.187,4395851776,4395851776,0,4392942592,4372369408,20467712,4372402176,2981888,0,0,0,9481129984,937984,0.29
2026-08-30T15:33:17.753Z,11990.203,4395851776,4395851776,0,4392942592,4372369408,20467712,4372402176,2981888,0,0,0,9481134080,937984,0.4
2026-08-30T15:33:27.752Z,12000.202,4395851776,4395851776,0,4392942592,4372369408,20467712,4372402176,2981888,0,0,0,9486704640,937984,0.33
2026-08-30T15:33:37.754Z,12010.204,4395851776,4395851776,0,4392942592,4372369408,20467712,4372402176,2981888,0,0,0,9486458880,937984,0.28
2026-08-30T15:33:47.756Z,12020.206,4395851776,4395851776,0,4392942592,4372369408,20467712,4372402176,2981888,0,0,0,9484148736,937984,0.24
2026-08-30T15:33:57.753Z,12030.203,4395851776,4395851776,0,4392942592,4372369408,20467712,4372402176,2981888,0,0,0,9483546624,937984,0.2
2026-08-30T15:34:07.752Z,12040.202,4395851776,4395851776,0,4392942592,4372369408,20467712,4372402176,2981888,0,0,0,9483591680,937984,0.17
2026-08-30T15:34:17.752Z,12050.202,4395851776,4395851776,0,4392942592,4372369408,20467712,4372402176,2981888,0,0,0,9483427840,937984,0.14
2026-08-30T15:34:27.737Z,12060.187,4395851776,4395851776,0,4392942592,4372369408,20467712,4372402176,2981888,0,0,0,9483436032,937984,0.12
2026-08-30T15:34:37.756Z,12070.206,4395851776,4395851776,0,4392942592,4372369408,20467712,4372402176,2981888,0,0,0,9482977280,937984,0.1
2026-08-30T15:34:47.737Z,12080.187,4395851776,4395851776,0,4392942592,4372369408,20467712,4372402176,2981888,0,0,0,9482993664,937984,0.09
2026-08-30T15:34:57.753Z,12090.203,4395851776,4395851776,0,4392942592,4372369408,20467712,4372402176,2981888,0,0,0,9482993664,937984,0.23
2026-08-30T15:35:07.752Z,12100.202,4395851776,4395851776,0,4392942592,4372369408,20467712,4372402176,2981888,0,0,0,9482993664,937984,0.19
2026-08-30T15:35:17.753Z,12110.203,4395921408,4395921408,0,4393012224,4372439040,20467712,4372471808,2981888,0,0,0,9482993664,937984,0.16
2026-08-30T15:35:27.737Z,12120.187,4395921408,4395921408,0,4393012224,4372439040,20467712,4372471808,2981888,0,0,0,9482993664,937984,0.14
2026-08-30T15:35:37.755Z,12130.204,4395921408,4395921408,0,4393012224,4372439040,20467712,4372471808,2981888,0,0,0,9482534912,937984,0.19
2026-08-30T15:35:47.752Z,12140.202,4395921408,4395921408,0,4393012224,4372439040,20467712,4372471808,2981888,0,0,0,9482534912,937984,0.16
2026-08-30T15:35:57.755Z,12150.205,4395921408,4395921408,0,4393012224,4372439040,20467712,4372471808,2981888,0,0,0,9482305536,937984,0.21
2026-08-30T15:36:07.728Z,12160.178,4395921408,4395921408,0,4393012224,4372439040,20467712,4372471808,2981888,0,0,0,9482305536,937984,0.18
2026-08-30T15:36:17.752Z,12170.202,4395921408,4395921408,0,4393012224,4372439040,20467712,4372471808,2981888,0,0,0,9482305536,937984,0.15
2026-08-30T15:36:27.756Z,12180.206,4395851776,4395851776,0,4392942592,4372369408,20467712,4372402176,2981888,0,0,0,9482305536,937984,0.12
2026-08-30T15:36:37.752Z,12190.202,4395851776,4395851776,0,4392942592,4372369408,20467712,4372402176,2981888,0,0,0,9482567680,937984,0.18
2026-08-30T15:36:47.738Z,12200.188,4395851776,4395851776,0,4392942592,4372369408,20467712,4372402176,2981888,0,0,0,9481879552,937984,0.15
2026-08-30T15:36:57.732Z,12210.182,4395851776,4395851776,0,4392942592,4372369408,20467712,4372402176,2981888,0,0,0,9481654272,937984,0.13
2026-08-30T15:37:07.753Z,12220.203,4395851776,4395851776,0,4392942592,4372369408,20467712,4372402176,2981888,0,0,0,9481658368,937984,0.18
2026-08-30T15:37:17.727Z,12230.176,4395851776,4395851776,0,4392942592,4372369408,20467712,4372402176,2981888,0,0,0,9481658368,937984,0.23
2026-08-30T15:37:27.737Z,12240.187,4395851776,4395851776,0,4392942592,4372369408,20467712,4372402176,2981888,0,0,0,9481658368,937984,0.2
2026-08-30T15:37:37.752Z,12250.202,4395851776,4395851776,0,4392942592,4372369408,20467712,4372402176,2981888,0,0,0,9481662464,937984,0.17
2026-08-30T15:37:47.726Z,12260.176,4395851776,4395851776,0,4392942592,4372369408,20467712,4372402176,2981888,0,0,0,9481662464,937984,0.14
2026-08-30T15:37:57.752Z,12270.202,4395851776,4395851776,0,4392942592,4372369408,20467712,4372402176,2981888,0,0,0,9481662464,937984,0.12
2026-08-30T15:38:07.753Z,12280.203,4395851776,4395851776,0,4392942592,4372369408,20467712,4372402176,2981888,0,0,0,9481662464,937984,0.1
2026-08-30T15:38:17.751Z,12290.201,4395851776,4395851776,0,4392942592,4372369408,20467712,4372402176,2981888,0,0,0,9479680000,937984,0.16
2026-08-30T15:38:27.766Z,12300.216,4395851776,4395851776,0,4392942592,4372369408,20467712,4372402176,2981888,0,0,0,9479680000,937984,0.21
2026-08-30T15:38:37.726Z,12310.176,4395851776,4395851776,0,4392942592,4372369408,20467712,4372402176,2981888,0,0,0,9479680000,937984,0.26
2026-08-30T15:38:47.737Z,12320.187,4396994560,4396994560,0,4394085376,4373512192,20467712,4373544960,2981888,0,0,0,9479680000,937984,0.54
2026-08-30T15:38:57.752Z,12330.202,4396994560,4396994560,0,4394085376,4373512192,20467712,4373544960,2981888,0,0,0,9479680000,937984,0.45
2026-08-30T15:39:07.753Z,12340.203,4396994560,4396994560,0,4394085376,4373512192,20467712,4373544960,2981888,0,0,0,9479680000,937984,0.46
2026-08-30T15:39:17.752Z,12350.202,4396994560,4396994560,0,4394085376,4373512192,20467712,4373544960,2981888,0,0,0,9479680000,937984,0.39
2026-08-30T15:39:27.764Z,12360.214,4396994560,4396994560,0,4394085376,4373512192,20467712,4373544960,2981888,0,0,0,9479884800,937984,0.41
2026-08-30T15:39:37.761Z,12370.211,4396994560,4396994560,0,4394085376,4373512192,20467712,4373544960,2981888,0,0,0,9480146944,937984,0.42
2026-08-30T15:39:47.739Z,12380.189,4396929024,4396929024,0,4394019840,4373446656,20467712,4373479424,2981888,0,0,0,9480220672,937984,0.35
2026-08-30T15:39:57.765Z,12390.215,4396929024,4396929024,0,4394019840,4373446656,20467712,4373479424,2981888,0,0,0,9480220672,937984,0.3
2026-08-30T15:40:07.753Z,12400.203,4396929024,4396929024,0,4394019840,4373446656,20467712,4373479424,2981888,0,0,0,9480249344,937984,0.41
2026-08-30T15:40:17.753Z,12410.203,4396929024,4396929024,0,4394019840,4373446656,20467712,4373479424,2981888,0,0,0,9480249344,937984,0.42
2026-08-30T15:40:27.728Z,12420.178,4396859392,4396859392,0,4393950208,4373377024,20467712,4373409792,2981888,0,0,0,9480257536,937984,0.35
2026-08-30T15:40:37.755Z,12430.205,4396859392,4396859392,0,4393950208,4373377024,20467712,4373409792,2981888,0,0,0,9481945088,937984,0.37
2026-08-30T15:40:47.754Z,12440.204,4396859392,4396859392,0,4393950208,4373377024,20467712,4373409792,2981888,0,0,0,9481945088,937984,0.31
2026-08-30T15:40:57.746Z,12450.196,4396859392,4396859392,0,4393950208,4373377024,20467712,4373409792,2981888,0,0,0,9477808128,937984,0.27
2026-08-30T15:41:07.765Z,12460.215,4396859392,4396859392,0,4393950208,4373377024,20467712,4373409792,2981888,0,0,0,9480097792,937984,0.22
2026-08-30T15:41:17.754Z,12470.204,4396859392,4396859392,0,4393950208,4373377024,20467712,4373409792,2981888,0,0,0,9480097792,937984,0.26
2026-08-30T15:41:27.758Z,12480.208,4396929024,4396929024,0,4394019840,4373446656,20467712,4373479424,2981888,0,0,0,9480355840,937984,0.22
2026-08-30T15:41:37.752Z,12490.202,4396929024,4396929024,0,4394019840,4373446656,20467712,4373479424,2981888,0,0,0,9480355840,937984,0.34
2026-08-30T15:41:47.752Z,12500.202,4396929024,4396929024,0,4394019840,4373446656,20467712,4373479424,2981888,0,0,0,9480355840,937984,0.29
2026-08-30T15:41:57.756Z,12510.206,4396929024,4396929024,0,4394019840,4373446656,20467712,4373479424,2981888,0,0,0,9480355840,937984,0.24
2026-08-30T15:42:07.728Z,12520.178,4396929024,4396929024,0,4394019840,4373446656,20467712,4373479424,2981888,0,0,0,9480359936,937984,0.21
2026-08-30T15:42:17.754Z,12530.204,4396929024,4396929024,0,4394019840,4373446656,20467712,4373479424,2981888,0,0,0,9480359936,937984,0.17
2026-08-30T15:42:27.754Z,12540.204,4396859392,4396859392,0,4393950208,4373377024,20467712,4373409792,2981888,0,0,0,9480359936,937984,0.15
2026-08-30T15:42:37.729Z,12550.179,4396859392,4396859392,0,4393950208,4373377024,20467712,4373409792,2981888,0,0,0,9480130560,937984,0.12
2026-08-30T15:42:47.754Z,12560.204,4396859392,4396859392,0,4393950208,4373377024,20467712,4373409792,2981888,0,0,0,9475670016,937984,0.1
2026-08-30T15:42:57.753Z,12570.203,4396929024,4396929024,0,4394019840,4373446656,20467712,4373479424,2981888,0,0,0,9475670016,937984,0.09
2026-08-30T15:43:07.729Z,12580.179,4396929024,4396929024,0,4394019840,4373446656,20467712,4373479424,2981888,0,0,0,9475670016,937984,0.15
2026-08-30T15:43:17.741Z,12590.191,4396929024,4396929024,0,4394019840,4373446656,20467712,4373479424,2981888,0,0,0,9477144576,937984,0.28
2026-08-30T15:43:27.757Z,12600.207,4396929024,4396929024,0,4394019840,4373446656,20467712,4373479424,2981888,0,0,0,9476227072,937984,0.32
2026-08-30T15:43:37.765Z,12610.215,4396929024,4396929024,0,4394019840,4373446656,20467712,4373479424,2981888,0,0,0,9476227072,937984,0.35
2026-08-30T15:43:47.754Z,12620.204,4396929024,4396929024,0,4394019840,4373446656,20467712,4373479424,2981888,0,0,0,9475768320,937984,0.3
2026-08-30T15:43:57.754Z,12630.204,4396859392,4396859392,0,4393950208,4373377024,20467712,4373409792,2981888,0,0,0,9475768320,937984,0.25
2026-08-30T15:44:07.754Z,12640.204,4396859392,4396859392,0,4393950208,4373377024,20467712,4373409792,2981888,0,0,0,9475772416,937984,0.21
2026-08-30T15:44:17.728Z,12650.178,4396859392,4396859392,0,4393950208,4373377024,20467712,4373409792,2981888,0,0,0,9475772416,937984,0.18
2026-08-30T15:44:27.742Z,12660.192,4396859392,4396859392,0,4393950208,4373377024,20467712,4373409792,2981888,0,0,0,9475772416,937984,0.15
2026-08-30T15:44:37.747Z,12670.197,4396859392,4396859392,0,4393950208,4373377024,20467712,4373409792,2981888,0,0,0,9475772416,937984,0.21
2026-08-30T15:44:47.740Z,12680.19,4396859392,4396859392,0,4393950208,4373377024,20467712,4373409792,2981888,0,0,0,9476132864,937984,0.18
2026-08-30T15:44:57.754Z,12690.204,4397211648,4397211648,0,4394302464,4373729280,20467712,4373762048,2981888,0,0,0,9476395008,937984,0.15
2026-08-30T15:45:07.755Z,12700.205,4397211648,4397211648,0,4394302464,4373729280,20467712,4373762048,2981888,0,0,0,9476395008,937984,0.12
2026-08-30T15:45:17.755Z,12710.205,4397211648,4397211648,0,4394302464,4373729280,20467712,4373762048,2981888,0,0,0,9476395008,937984,0.11
2026-08-30T15:45:27.753Z,12720.203,4397211648,4397211648,0,4394302464,4373729280,20467712,4373762048,2981888,0,0,0,9483599872,937984,0.09
2026-08-30T15:45:37.756Z,12730.206,4397211648,4397211648,0,4394302464,4373729280,20467712,4373762048,2981888,0,0,0,9483370496,937984,0.15
2026-08-30T15:45:47.758Z,12740.208,4397211648,4397211648,0,4394302464,4373729280,20467712,4373762048,2981888,0,0,0,9483370496,937984,0.13
2026-08-30T15:45:57.743Z,12750.193,4397142016,4397142016,0,4394232832,4373659648,20467712,4373692416,2981888,0,0,0,9483628544,937984,0.11
2026-08-30T15:46:07.760Z,12760.21,4397142016,4397142016,0,4394232832,4373659648,20467712,4373692416,2981888,0,0,0,9483628544,937984,0.09
2026-08-30T15:46:17.732Z,12770.182,4397142016,4397142016,0,4394232832,4373659648,20467712,4373692416,2981888,0,0,0,9483628544,937984,0.08
2026-08-30T15:46:27.757Z,12780.207,4397142016,4397142016,0,4394232832,4373659648,20467712,4373692416,2981888,0,0,0,9483628544,937984,0.06
2026-08-30T15:46:37.757Z,12790.207,4397142016,4397142016,0,4394232832,4373659648,20467712,4373692416,2981888,0,0,0,9483628544,937984,0.13
2026-08-30T15:46:47.757Z,12800.207,4397142016,4397142016,0,4394232832,4373659648,20467712,4373692416,2981888,0,0,0,9483657216,937984,0.11
2026-08-30T15:46:57.749Z,12810.198,4397142016,4397142016,0,4394232832,4373659648,20467712,4373692416,2981888,0,0,0,9483202560,937984,0.18
2026-08-30T15:47:07.732Z,12820.182,4397142016,4397142016,0,4394232832,4373659648,20467712,4373692416,2981888,0,0,0,9483202560,937984,0.15
2026-08-30T15:47:17.759Z,12830.209,4397142016,4397142016,0,4394232832,4373659648,20467712,4373692416,2981888,0,0,0,9481228288,937984,0.12
2026-08-30T15:47:27.731Z,12840.181,4397142016,4397142016,0,4394232832,4373659648,20467712,4373692416,2981888,0,0,0,9480310784,937984,0.18
2026-08-30T15:47:37.741Z,12850.191,4397142016,4397142016,0,4394232832,4373659648,20467712,4373692416,2981888,0,0,0,9480310784,937984,0.15
2026-08-30T15:47:47.742Z,12860.192,4397142016,4397142016,0,4394232832,4373659648,20467712,4373692416,2981888,0,0,0,9480314880,937984,0.2
2026-08-30T15:47:57.743Z,12870.193,4397142016,4397142016,0,4394232832,4373659648,20467712,4373692416,2981888,0,0,0,9480314880,937984,0.24
2026-08-30T15:48:07.772Z,12880.222,4397142016,4397142016,0,4394232832,4373659648,20467712,4373692416,2981888,0,0,0,9480314880,937984,0.21
2026-08-30T15:48:17.765Z,12890.215,4397142016,4397142016,0,4394232832,4373659648,20467712,4373692416,2981888,0,0,0,9480314880,937984,0.17
2026-08-30T15:48:27.770Z,12900.22,4397142016,4397142016,0,4394232832,4373659648,20467712,4373692416,2981888,0,0,0,9480314880,937984,0.31
2026-08-30T15:48:37.760Z,12910.21,4397142016,4397142016,0,4394232832,4373659648,20467712,4373692416,2981888,0,0,0,9480314880,937984,0.33
2026-08-30T15:48:47.757Z,12920.207,4397142016,4397142016,0,4394232832,4373659648,20467712,4373692416,2981888,0,0,0,9480314880,937984,0.28
2026-08-30T15:48:57.733Z,12930.183,4397142016,4397142016,0,4394232832,4373659648,20467712,4373692416,2981888,0,0,0,9480323072,937984,0.24
2026-08-30T15:49:07.742Z,12940.192,4397142016,4397142016,0,4394232832,4373659648,20467712,4373692416,2981888,0,0,0,9480323072,937984,0.2
2026-08-30T15:49:17.759Z,12950.209,4397142016,4397142016,0,4394232832,4373659648,20467712,4373692416,2981888,0,0,0,9480323072,937984,0.25
2026-08-30T15:49:27.758Z,12960.208,4397142016,4397142016,0,4394232832,4373659648,20467712,4373692416,2981888,0,0,0,9480323072,937984,0.21
2026-08-30T15:49:37.761Z,12970.211,4397142016,4397142016,0,4394232832,4373659648,20467712,4373692416,2981888,0,0,0,9480077312,937984,0.18
2026-08-30T15:49:47.761Z,12980.211,4397142016,4397142016,0,4394232832,4373659648,20467712,4373692416,2981888,0,0,0,9480077312,937984,0.15
2026-08-30T15:49:57.762Z,12990.212,4397240320,4397240320,0,4394331136,4373757952,20467712,4373790720,2981888,0,0,0,9480077312,937984,0.2
2026-08-30T15:50:07.744Z,13000.194,4397240320,4397240320,0,4394331136,4373757952,20467712,4373790720,2981888,0,0,0,9480077312,937984,0.17
2026-08-30T15:50:17.762Z,13010.212,4397240320,4397240320,0,4394331136,4373757952,20467712,4373790720,2981888,0,0,0,9480077312,937984,0.14
2026-08-30T15:50:27.774Z,13020.224,4397240320,4397240320,0,4394331136,4373757952,20467712,4373790720,2981888,0,0,0,9482203136,937984,0.12
2026-08-30T15:50:37.761Z,13030.211,4397240320,4397240320,0,4394331136,4373757952,20467712,4373790720,2981888,0,0,0,9482203136,937984,0.18
2026-08-30T15:50:47.733Z,13040.183,4397240320,4397240320,0,4394331136,4373757952,20467712,4373790720,2981888,0,0,0,9482207232,937984,0.23
2026-08-30T15:50:57.763Z,13050.213,4397350912,4397350912,0,4394441728,4373868544,20467712,4373901312,2981888,0,0,0,9482211328,937984,0.35
2026-08-30T15:51:07.751Z,13060.201,4397350912,4397350912,0,4394441728,4373868544,20467712,4373901312,2981888,0,0,0,9482469376,937984,0.3
2026-08-30T15:51:17.738Z,13070.188,4397350912,4397350912,0,4394441728,4373868544,20467712,4373901312,2981888,0,0,0,9482469376,937984,0.25
2026-08-30T15:51:27.759Z,13080.209,4397350912,4397350912,0,4394441728,4373868544,20467712,4373901312,2981888,0,0,0,9477869568,937984,0.21
2026-08-30T15:51:37.761Z,13090.211,4397350912,4397350912,0,4394441728,4373868544,20467712,4373901312,2981888,0,0,0,9478107136,937984,0.25
2026-08-30T15:51:47.760Z,13100.21,4397350912,4397350912,0,4394441728,4373868544,20467712,4373901312,2981888,0,0,0,9477103616,937984,0.21
2026-08-30T15:51:57.757Z,13110.207,4397281280,4397281280,0,4394372096,4373798912,20467712,4373831680,2981888,0,0,0,9477107712,937984,0.18
2026-08-30T15:52:07.759Z,13120.209,4397281280,4397281280,0,4394372096,4373798912,20467712,4373831680,2981888,0,0,0,9476878336,937984,0.23
2026-08-30T15:52:17.761Z,13130.211,4397281280,4397281280,0,4394372096,4373798912,20467712,4373831680,2981888,0,0,0,9476935680,937984,0.27
2026-08-30T15:52:27.759Z,13140.209,4397211648,4397211648,0,4394302464,4373729280,20467712,4373762048,2981888,0,0,0,9476935680,937984,0.23
2026-08-30T15:52:37.750Z,13150.2,4397211648,4397211648,0,4394302464,4373729280,20467712,4373762048,2981888,0,0,0,9476935680,937984,0.19
2026-08-30T15:52:47.733Z,13160.183,4397211648,4397211648,0,4394302464,4373729280,20467712,4373762048,2981888,0,0,0,9476939776,937984,0.16
2026-08-30T15:52:57.759Z,13170.209,4397211648,4397211648,0,4394302464,4373729280,20467712,4373762048,2981888,0,0,0,9476939776,937984,0.21
2026-08-30T15:53:07.762Z,13180.212,4397211648,4397211648,0,4394302464,4373729280,20467712,4373762048,2981888,0,0,0,9476939776,937984,0.18
2026-08-30T15:53:17.761Z,13190.211,4397211648,4397211648,0,4394302464,4373729280,20467712,4373762048,2981888,0,0,0,9476939776,937984,0.22
2026-08-30T15:53:27.758Z,13200.208,4397211648,4397211648,0,4394302464,4373729280,20467712,4373762048,2981888,0,0,0,9477206016,937984,0.19
2026-08-30T15:53:37.744Z,13210.194,4397211648,4397211648,0,4394302464,4373729280,20467712,4373762048,2981888,0,0,0,9477214208,937984,0.16
2026-08-30T15:53:47.774Z,13220.224,4397211648,4397211648,0,4394302464,4373729280,20467712,4373762048,2981888,0,0,0,9477214208,937984,0.21
2026-08-30T15:53:57.760Z,13230.21,4397211648,4397211648,0,4394302464,4373729280,20467712,4373762048,2981888,0,0,0,9477214208,937984,0.25
2026-08-30T15:54:07.758Z,13240.208,4397211648,4397211648,0,4394302464,4373729280,20467712,4373762048,2981888,0,0,0,9477218304,937984,0.21
2026-08-30T15:54:17.745Z,13250.195,4397211648,4397211648,0,4394302464,4373729280,20467712,4373762048,2981888,0,0,0,9477218304,937984,0.18
2026-08-30T15:54:27.760Z,13260.21,4397211648,4397211648,0,4394302464,4373729280,20467712,4373762048,2981888,0,0,0,9476759552,937984,0.15
2026-08-30T15:54:37.762Z,13270.212,4397211648,4397211648,0,4394302464,4373729280,20467712,4373762048,2981888,0,0,0,9476759552,937984,0.13
2026-08-30T15:54:47.759Z,13280.209,4397211648,4397211648,0,4394302464,4373729280,20467712,4373762048,2981888,0,0,0,9476759552,937984,0.11
2026-08-30T15:54:57.762Z,13290.212,4397211648,4397211648,0,4394302464,4373729280,20467712,4373762048,2981888,0,0,0,9476763648,937984,0.25
2026-08-30T15:55:07.759Z,13300.209,4397211648,4397211648,0,4394302464,4373729280,20467712,4373762048,2981888,0,0,0,9477058560,937984,0.28
2026-08-30T15:55:17.744Z,13310.194,4397211648,4397211648,0,4394302464,4373729280,20467712,4373762048,2981888,0,0,0,9477320704,937984,0.24
2026-08-30T15:55:27.762Z,13320.212,4397211648,4397211648,0,4394302464,4373729280,20467712,4373762048,2981888,0,0,0,9476632576,937984,0.2
2026-08-30T15:55:37.759Z,13330.209,4397211648,4397211648,0,4394302464,4373729280,20467712,4373762048,2981888,0,0,0,9476894720,937984,0.17
2026-08-30T15:55:47.734Z,13340.184,4397211648,4397211648,0,4394302464,4373729280,20467712,4373762048,2981888,0,0,0,9476665344,937984,0.22
2026-08-30T15:55:57.745Z,13350.195,4397211648,4397211648,0,4394302464,4373729280,20467712,4373762048,2981888,0,0,0,9476665344,937984,0.18
2026-08-30T15:56:07.735Z,13360.185,4397211648,4397211648,0,4394302464,4373729280,20467712,4373762048,2981888,0,0,0,9476190208,937984,0.15
2026-08-30T15:56:17.760Z,13370.21,4397211648,4397211648,0,4394302464,4373729280,20467712,4373762048,2981888,0,0,0,9476624384,937984,0.21
2026-08-30T15:56:27.735Z,13380.185,4397211648,4397211648,0,4394302464,4373729280,20467712,4373762048,2981888,0,0,0,9476624384,937984,0.18
2026-08-30T15:56:37.745Z,13390.195,4397211648,4397211648,0,4394302464,4373729280,20467712,4373762048,2981888,0,0,0,9476886528,937984,0.3
2026-08-30T15:56:47.761Z,13400.211,4397211648,4397211648,0,4394302464,4373729280,20467712,4373762048,2981888,0,0,0,9476886528,937984,0.34
2026-08-30T15:56:57.761Z,13410.211,4397211648,4397211648,0,4394302464,4373729280,20467712,4373762048,2981888,0,0,0,9476890624,937984,0.44
2026-08-30T15:57:07.735Z,13420.185,4397211648,4397211648,0,4394302464,4373729280,20467712,4373762048,2981888,0,0,0,9476890624,937984,0.45
2026-08-30T15:57:17.747Z,13430.197,4397211648,4397211648,0,4394302464,4373729280,20467712,4373762048,2981888,0,0,0,9476431872,937984,0.38
2026-08-30T15:57:27.747Z,13440.197,4397281280,4397281280,0,4394372096,4373798912,20467712,4373831680,2981888,0,0,0,9480024064,937984,0.4
2026-08-30T15:57:37.761Z,13450.211,4397281280,4397281280,0,4394372096,4373798912,20467712,4373831680,2981888,0,0,0,9480024064,937984,0.34
2026-08-30T15:57:47.763Z,13460.213,4398080000,4398080000,0,4395170816,4374597632,20467712,4374630400,2981888,0,0,0,9479823360,937984,0.36
2026-08-30T15:57:57.762Z,13470.212,4398080000,4398080000,0,4395170816,4374597632,20467712,4374630400,2981888,0,0,0,9479823360,937984,0.31
2026-08-30T15:58:07.749Z,13480.199,4398080000,4398080000,0,4395170816,4374597632,20467712,4374630400,2981888,0,0,0,9479593984,937984,0.26
2026-08-30T15:58:17.745Z,13490.195,4398080000,4398080000,0,4395170816,4374597632,20467712,4374630400,2981888,0,0,0,9479852032,937984,0.37
2026-08-30T15:58:27.777Z,13500.227,4398080000,4398080000,0,4395170816,4374597632,20467712,4374630400,2981888,0,0,0,9479856128,937984,0.4
2026-08-30T15:58:37.766Z,13510.216,4398080000,4398080000,0,4395170816,4374597632,20467712,4374630400,2981888,0,0,0,9479860224,937984,0.33
2026-08-30T15:58:47.739Z,13520.189,4397875200,4397875200,0,4394966016,4374392832,20467712,4374425600,2981888,0,0,0,9479860224,937984,0.28
2026-08-30T15:58:57.764Z,13530.214,4397875200,4397875200,0,4394966016,4374392832,20467712,4374425600,2981888,0,0,0,9479860224,937984,0.24
2026-08-30T15:59:07.764Z,13540.214,4397875200,4397875200,0,4394966016,4374392832,20467712,4374425600,2981888,0,0,0,9479860224,937984,0.2
2026-08-30T15:59:17.763Z,13550.213,4397875200,4397875200,0,4394966016,4374392832,20467712,4374425600,2981888,0,0,0,9479630848,937984,0.17
2026-08-30T15:59:27.764Z,13560.214,4397887488,4397887488,0,4394978304,4374405120,20467712,4374437888,2981888,0,0,0,9479634944,937984,0.14
2026-08-30T15:59:37.763Z,13570.213,4397887488,4397887488,0,4394978304,4374405120,20467712,4374437888,2981888,0,0,0,9479634944,937984,0.2
2026-08-30T15:59:47.739Z,13580.189,4397887488,4397887488,0,4394978304,4374405120,20467712,4374437888,2981888,0,0,0,9479634944,937984,0.16
2026-08-30T15:59:57.764Z,13590.214,4397887488,4397887488,0,4394978304,4374405120,20467712,4374437888,2981888,0,0,0,9479634944,937984,0.29
2026-08-30T16:00:07.740Z,13600.19,4397887488,4397887488,0,4394978304,4374405120,20467712,4374437888,2981888,0,0,0,9479159808,937984,0.25
2026-08-30T16:00:17.765Z,13610.215,4397887488,4397887488,0,4394978304,4374405120,20467712,4374437888,2981888,0,0,0,9479176192,937984,0.28
2026-08-30T16:00:27.779Z,13620.229,4397887488,4397887488,0,4394978304,4374405120,20467712,4374437888,2981888,0,0,0,9478262784,937984,0.24
2026-08-30T16:00:37.763Z,13630.213,4397887488,4397887488,0,4394978304,4374405120,20467712,4374437888,2981888,0,0,0,9478819840,937984,0.28
2026-08-30T16:00:47.740Z,13640.19,4397887488,4397887488,0,4394978304,4374405120,20467712,4374437888,2981888,0,0,0,9477472256,937984,0.23
2026-08-30T16:00:57.772Z,13650.222,4397887488,4397887488,0,4394978304,4374405120,20467712,4374437888,2981888,0,0,0,9480671232,937984,0.2
2026-08-30T16:01:07.767Z,13660.217,4397887488,4397887488,0,4394978304,4374405120,20467712,4374437888,2981888,0,0,0,9484460032,937984,0.17
2026-08-30T16:01:17.761Z,13670.211,4397887488,4397887488,0,4394978304,4374405120,20467712,4374437888,2981888,0,0,0,9484840960,937984,0.14
2026-08-30T16:01:27.760Z,13680.21,4397957120,4397957120,0,4395047936,4374474752,20467712,4374507520,2981888,0,0,0,9485824000,937984,0.12
2026-08-30T16:01:37.767Z,13690.217,4397957120,4397957120,0,4395047936,4374474752,20467712,4374507520,2981888,0,0,0,9485828096,937984,0.17
2026-08-30T16:01:47.743Z,13700.193,4397957120,4397957120,0,4395047936,4374474752,20467712,4374507520,2981888,0,0,0,9485828096,937984,0.15
2026-08-30T16:01:57.751Z,13710.201,4397957120,4397957120,0,4395047936,4374474752,20467712,4374507520,2981888,0,0,0,9480892416,937984,0.12
2026-08-30T16:02:07.772Z,13720.222,4397957120,4397957120,0,4395047936,4374474752,20467712,4374507520,2981888,0,0,0,9480204288,937984,0.1
2026-08-30T16:02:17.768Z,13730.218,4400070656,4400070656,0,4397161472,4376588288,20467712,4376621056,2981888,0,0,0,9480568832,937984,0.09
2026-08-30T16:02:27.740Z,13740.19,4400070656,4400070656,0,4397161472,4376588288,20467712,4376621056,2981888,0,0,0,9480568832,937984,0.07
2026-08-30T16:02:37.752Z,13750.202,4400070656,4400070656,0,4397161472,4376588288,20467712,4376621056,2981888,0,0,0,9479880704,937984,0.06
2026-08-30T16:02:47.778Z,13760.228,4400070656,4400070656,0,4397161472,4376588288,20467712,4376621056,2981888,0,0,0,9479880704,937984,0.05
2026-08-30T16:02:57.742Z,13770.192,4400070656,4400070656,0,4397161472,4376588288,20467712,4376621056,2981888,0,0,0,9479880704,937984,0.04
2026-08-30T16:03:07.765Z,13780.215,4400070656,4400070656,0,4397161472,4376588288,20467712,4376621056,2981888,0,0,0,9479651328,937984,0.04
2026-08-30T16:03:17.765Z,13790.215,4399939584,4399939584,0,4397030400,4376457216,20467712,4376489984,2981888,0,0,0,9479651328,937984,0.11
2026-08-30T16:03:27.767Z,13800.217,4400009216,4400009216,0,4397100032,4376526848,20467712,4376559616,2981888,0,0,0,9486843904,937984,0.09
2026-08-30T16:03:37.782Z,13810.232,4400009216,4400009216,0,4397100032,4376526848,20467712,4376559616,2981888,0,0,0,9486184448,937984,0.16
2026-08-30T16:03:47.742Z,13820.192,4400009216,4400009216,0,4397100032,4376526848,20467712,4376559616,2981888,0,0,0,9485496320,937984,0.21
2026-08-30T16:03:57.742Z,13830.192,4400009216,4400009216,0,4397100032,4376526848,20467712,4376559616,2981888,0,0,0,9485496320,937984,0.18
2026-08-30T16:04:07.773Z,13840.223,4400009216,4400009216,0,4397100032,4376526848,20467712,4376559616,2981888,0,0,0,9485496320,937984,0.15
2026-08-30T16:04:17.753Z,13850.203,4400009216,4400009216,0,4397100032,4376526848,20467712,4376559616,2981888,0,0,0,9485496320,937984,0.13
2026-08-30T16:04:27.768Z,13860.218,4399939584,4399939584,0,4397030400,4376457216,20467712,4376489984,2981888,0,0,0,9485496320,937984,0.11
2026-08-30T16:04:37.768Z,13870.218,4399939584,4399939584,0,4397030400,4376457216,20467712,4376489984,2981888,0,0,0,9485496320,937984,0.09
2026-08-30T16:04:47.771Z,13880.221,4399939584,4399939584,0,4397030400,4376457216,20467712,4376489984,2981888,0,0,0,9485496320,937984,0.08
2026-08-30T16:04:57.754Z,13890.204,4399939584,4399939584,0,4397030400,4376457216,20467712,4376489984,2981888,0,0,0,9485266944,937984,0.06
2026-08-30T16:05:07.754Z,13900.204,4399939584,4399939584,0,4397030400,4376457216,20467712,4376489984,2981888,0,0,0,9485537280,937984,0.05
2026-08-30T16:05:17.773Z,13910.223,4399939584,4399939584,0,4397030400,4376457216,20467712,4376489984,2981888,0,0,0,9482743808,937984,0.28
2026-08-30T16:05:27.743Z,13920.193,4400009216,4400009216,0,4397100032,4376526848,20467712,4376559616,2981888,0,0,0,9482809344,937984,0.24
2026-08-30T16:05:37.754Z,13930.204,4400009216,4400009216,0,4397100032,4376526848,20467712,4376559616,2981888,0,0,0,9482809344,937984,0.2
2026-08-30T16:05:47.772Z,13940.222,4400009216,4400009216,0,4397100032,4376526848,20467712,4376559616,2981888,0,0,0,9483599872,937984,0.25
2026-08-30T16:05:57.768Z,13950.218,4400009216,4400009216,0,4397100032,4376526848,20467712,4376559616,2981888,0,0,0,9483603968,937984,0.29
2026-08-30T16:06:07.743Z,13960.193,4400009216,4400009216,0,4397100032,4376526848,20467712,4376559616,2981888,0,0,0,9483374592,937984,0.32
2026-08-30T16:06:17.754Z,13970.204,4400009216,4400009216,0,4397100032,4376526848,20467712,4376559616,2981888,0,0,0,9482686464,937984,0.27
2026-08-30T16:06:27.754Z,13980.204,4399939584,4399939584,0,4397030400,4376457216,20467712,4376489984,2981888,0,0,0,9481469952,937984,0.31
2026-08-30T16:06:37.769Z,13990.219,4399939584,4399939584,0,4397030400,4376457216,20467712,4376489984,2981888,0,0,0,9479323648,937984,0.42
2026-08-30T16:06:47.772Z,14000.222,4399939584,4399939584,0,4397030400,4376457216,20467712,4376489984,2981888,0,0,0,9479327744,937984,0.35
2026-08-30T16:06:57.769Z,14010.219,4399939584,4399939584,0,4397030400,4376457216,20467712,4376489984,2981888,0,0,0,9479327744,937984,0.3
2026-08-30T16:07:07.772Z,14020.222,4399939584,4399939584,0,4397030400,4376457216,20467712,4376489984,2981888,0,0,0,9482563584,937984,0.33
2026-08-30T16:07:17.768Z,14030.218,4399939584,4399939584,0,4397030400,4376457216,20467712,4376489984,2981888,0,0,0,9482772480,937984,0.28
2026-08-30T16:07:27.772Z,14040.222,4400009216,4400009216,0,4397100032,4376526848,20467712,4376559616,2981888,0,0,0,9482776576,937984,0.24
2026-08-30T16:07:37.781Z,14050.231,4400009216,4400009216,0,4397100032,4376526848,20467712,4376559616,2981888,0,0,0,9482776576,937984,0.2
2026-08-30T16:07:47.754Z,14060.204,4400009216,4400009216,0,4397100032,4376526848,20467712,4376559616,2981888,0,0,0,9482817536,937984,0.17
2026-08-30T16:07:57.774Z,14070.224,4400009216,4400009216,0,4397100032,4376526848,20467712,4376559616,2981888,0,0,0,9482817536,937984,0.14
2026-08-30T16:08:07.770Z,14080.22,4400009216,4400009216,0,4397100032,4376526848,20467712,4376559616,2981888,0,0,0,9482936320,937984,0.2
2026-08-30T16:08:17.773Z,14090.223,4400009216,4400009216,0,4397100032,4376526848,20467712,4376559616,2981888,0,0,0,9482936320,937984,0.24
2026-08-30T16:08:27.770Z,14100.22,4399939584,4399939584,0,4397030400,4376457216,20467712,4376489984,2981888,0,0,0,9482977280,937984,0.21
2026-08-30T16:08:37.771Z,14110.221,4399939584,4399939584,0,4397030400,4376457216,20467712,4376489984,2981888,0,0,0,9482977280,937984,0.17
2026-08-30T16:08:47.768Z,14120.218,4401262592,4401262592,0,4398353408,4377780224,20467712,4377812992,2981888,0,0,0,9482977280,937984,0.15
2026-08-30T16:08:57.745Z,14130.195,4401262592,4401262592,0,4398353408,4377780224,20467712,4377812992,2981888,0,0,0,9482977280,937984,0.12
2026-08-30T16:09:07.769Z,14140.219,4401262592,4401262592,0,4398353408,4377780224,20467712,4377812992,2981888,0,0,0,9482977280,937984,0.1
2026-08-30T16:09:17.745Z,14150.195,4401262592,4401262592,0,4398353408,4377780224,20467712,4377812992,2981888,0,0,0,9482977280,937984,0.09
2026-08-30T16:09:27.771Z,14160.221,4401262592,4401262592,0,4398353408,4377780224,20467712,4377812992,2981888,0,0,0,9477079040,937984,0.07
2026-08-30T16:09:37.770Z,14170.22,4401262592,4401262592,0,4398353408,4377780224,20467712,4377812992,2981888,0,0,0,9483509760,937984,0.06
2026-08-30T16:09:47.781Z,14180.231,4401197056,4401197056,0,4398287872,4377714688,20467712,4377747456,2981888,0,0,0,9477959680,937984,0.13
2026-08-30T16:09:57.756Z,14190.206,4401197056,4401197056,0,4398287872,4377714688,20467712,4377747456,2981888,0,0,0,9478266880,937984,0.18
2026-08-30T16:10:07.775Z,14200.225,4401197056,4401197056,0,4398287872,4377714688,20467712,4377747456,2981888,0,0,0,9477607424,937984,0.16
2026-08-30T16:10:17.772Z,14210.222,4401197056,4401197056,0,4398287872,4377714688,20467712,4377747456,2981888,0,0,0,9477640192,937984,0.13
2026-08-30T16:10:27.771Z,14220.221,4401127424,4401127424,0,4398218240,4377645056,20467712,4377677824,2981888,0,0,0,9477906432,937984,0.18
2026-08-30T16:10:37.771Z,14230.221,4401127424,4401127424,0,4398218240,4377645056,20467712,4377677824,2981888,0,0,0,9477677056,937984,0.16
2026-08-30T16:10:47.784Z,14240.234,4401127424,4401127424,0,4398218240,4377645056,20467712,4377677824,2981888,0,0,0,9477476352,937984,0.13
2026-08-30T16:10:57.747Z,14250.197,4401127424,4401127424,0,4398218240,4377645056,20467712,4377677824,2981888,0,0,0,9477734400,937984,0.11
2026-08-30T16:11:07.774Z,14260.224,4401127424,4401127424,0,4398218240,4377645056,20467712,4377677824,2981888,0,0,0,9477738496,937984,0.09
2026-08-30T16:11:17.773Z,14270.223,4401127424,4401127424,0,4398218240,4377645056,20467712,4377677824,2981888,0,0,0,9477050368,937984,0.16
2026-08-30T16:11:27.748Z,14280.198,4401127424,4401127424,0,4398218240,4377645056,20467712,4377677824,2981888,0,0,0,9476591616,937984,0.13
2026-08-30T16:11:37.774Z,14290.224,4401127424,4401127424,0,4398218240,4377645056,20467712,4377677824,2981888,0,0,0,9476362240,937984,0.19
2026-08-30T16:11:47.773Z,14300.223,4401127424,4401127424,0,4398218240,4377645056,20467712,4377677824,2981888,0,0,0,9476370432,937984,0.16
2026-08-30T16:11:57.748Z,14310.198,4401127424,4401127424,0,4398218240,4377645056,20467712,4377677824,2981888,0,0,0,9476124672,937984,0.13
2026-08-30T16:12:07.759Z,14320.209,4401127424,4401127424,0,4398218240,4377645056,20467712,4377677824,2981888,0,0,0,9476124672,937984,0.11
2026-08-30T16:12:17.773Z,14330.223,4401127424,4401127424,0,4398218240,4377645056,20467712,4377677824,2981888,0,0,0,9476124672,937984,0.09
2026-08-30T16:12:27.773Z,14340.223,4401127424,4401127424,0,4398218240,4377645056,20467712,4377677824,2981888,0,0,0,9476128768,937984,0.16
2026-08-30T16:12:37.779Z,14350.228,4401127424,4401127424,0,4398218240,4377645056,20467712,4377677824,2981888,0,0,0,9476128768,937984,0.13
2026-08-30T16:12:47.778Z,14360.228,4401127424,4401127424,0,4398218240,4377645056,20467712,4377677824,2981888,0,0,0,9475899392,937984,0.11
2026-08-30T16:12:57.778Z,14370.228,4401127424,4401127424,0,4398218240,4377645056,20467712,4377677824,2981888,0,0,0,9475899392,937984,0.1
2026-08-30T16:13:07.776Z,14380.226,4401127424,4401127424,0,4398218240,4377645056,20467712,4377677824,2981888,0,0,0,9473683456,937984,0.08
2026-08-30T16:13:17.752Z,14390.202,4401127424,4401127424,0,4398218240,4377645056,20467712,4377677824,2981888,0,0,0,9474093056,937984,0.07
2026-08-30T16:13:27.646Z,14400.096,4401127424,4401127424,0,4398218240,4377645056,20467712,4377677824,2981888,0,0,0,9474093056,937984,0.21
