WARNING: A terminally deprecated method in sun.misc.Unsafe has been called
WARNING: sun.misc.Unsafe::allocateMemory has been called by io.netty.util.internal.PlatformDependent0$2 (file:/Users/sanjevirau/.cache/firebase/emulators/cloud-firestore-emulator-v1.21.0.jar)
WARNING: Please consider reporting this to the maintainers of class io.netty.util.internal.PlatformDependent0$2
WARNING: sun.misc.Unsafe::allocateMemory will be removed in a future release
Sep 03, 2026 8:59:41 PM com.google.cloud.datastore.emulator.firestore.websocket.WebSocketServer start
INFO: Started WebSocket server on ws://127.0.0.1:60660

API endpoint: http://127.0.0.1:60655
Database Edition: STANDARD
Database Mode: CLOUD_FIRESTORE

If you are using a library that supports the FIRESTORE_EMULATOR_HOST environment variable, run:

   export FIRESTORE_EMULATOR_HOST=127.0.0.1:60655

If you are running a Firestore in Datastore Mode project, run:

   export DATASTORE_EMULATOR_HOST=127.0.0.1:60655

Note: Support for Datastore Mode is in preview. If you encounter any bugs please file at https://github.com/firebase/firebase-tools/issues.
Dev App Server is now running.

Sep 03, 2026 8:59:42 PM io.gapi.emulators.netty.HttpVersionRoutingHandler channelRead
INFO: Detected non-HTTP/2 connection.
Sep 03, 2026 8:59:42 PM io.gapi.emulators.netty.HttpVersionRoutingHandler channelRead
INFO: Detected HTTP/2 connection.
Sep 03, 2026 8:59:42 PM io.grpc.netty.TcpMetrics loadEpollInfo
INFO: Epoll available during static init of TcpMetrics:false
Sep 03, 2026 8:59:42 PM com.google.cloud.datastore.emulator.impl.util.WrappedStreamObserver onError
WARNING: Operation failed: 
Property createdBy is undefined on object. for 'list' @ L9
com.google.cloud.datastore.core.exception.DatastoreException: 
Property createdBy is undefined on object. for 'list' @ L9
	at com.google.cloud.datastore.core.exception.DatastoreException$Builder.build(DatastoreException.java:152)
	at com.google.cloud.datastore.emulator.impl.rules.DefaultEmulatorRulesAuthorizer.verboseError(DefaultEmulatorRulesAuthorizer.java:349)
	at com.google.cloud.datastore.emulator.impl.rules.DefaultEmulatorRulesAuthorizer.withVerboseErrors(DefaultEmulatorRulesAuthorizer.java:326)
	at com.google.cloud.datastore.emulator.impl.rules.DefaultEmulatorRulesAuthorizer.checkQuery(DefaultEmulatorRulesAuthorizer.java:193)
	at com.google.cloud.datastore.emulator.impl.firestore.FirestoreEmulatorHelper.ruleAuthorizeAndReadEntities(FirestoreEmulatorHelper.java:811)
	at com.google.cloud.datastore.emulator.impl.firestore.FirestoreEmulatorHelper.snapshotAggregationQuery(FirestoreEmulatorHelper.java:723)
	at com.google.cloud.datastore.emulator.impl.firestore.FirestoreEmulatorHelper.lambda$aggregationQuery$0(FirestoreEmulatorHelper.java:705)
	at com.google.cloud.datastore.emulator.impl.transactions.EmulatorTransactionManager$ReadOnlyTransaction.fold(EmulatorTransactionManager.java:432)
	at com.google.cloud.datastore.emulator.impl.firestore.FirestoreEmulatorHelper.aggregationQuery(FirestoreEmulatorHelper.java:704)
	at com.google.cloud.datastore.emulator.impl.firestore.CloudFirestoreV1.runAggregationQueryStandardEdition(CloudFirestoreV1.java:776)
	at com.google.cloud.datastore.emulator.impl.firestore.CloudFirestoreV1.runAggregationQuery(CloudFirestoreV1.java:751)
	at com.google.cloud.datastore.emulator.impl.firestore.CloudFirestoreV1Router.runAggregationQuery(CloudFirestoreV1Router.java:197)
	at com.google.cloud.datastore.emulator.firestore.v1.FirestoreV1GrpcAdapter$1.lambda$runAggregationQuery$0(FirestoreV1GrpcAdapter.java:185)
	at com.google.cloud.datastore.emulator.firestore.v1.FirestoreV1GrpcAdapter.streaming(FirestoreV1GrpcAdapter.java:82)
	at com.google.cloud.datastore.emulator.firestore.v1.FirestoreV1GrpcAdapter$1.runAggregationQuery(FirestoreV1GrpcAdapter.java:185)
	at com.google.firestore.v1.FirestoreGrpc$MethodHandlers.invoke(FirestoreGrpc.java:1420)
	at io.grpc.stub.ServerCalls$UnaryServerCallHandler$UnaryServerCallListener.onHalfClose(ServerCalls.java:182)
	at io.grpc.PartialForwardingServerCallListener.onHalfClose(PartialForwardingServerCallListener.java:35)
	at io.grpc.ForwardingServerCallListener.onHalfClose(ForwardingServerCallListener.java:23)
	at io.grpc.ForwardingServerCallListener$SimpleForwardingServerCallListener.onHalfClose(ForwardingServerCallListener.java:40)
	at io.grpc.Contexts$ContextualizedServerCallListener.onHalfClose(Contexts.java:86)
	at io.grpc.PartialForwardingServerCallListener.onHalfClose(PartialForwardingServerCallListener.java:35)
	at io.grpc.ForwardingServerCallListener.onHalfClose(ForwardingServerCallListener.java:23)
	at io.grpc.ForwardingServerCallListener$SimpleForwardingServerCallListener.onHalfClose(ForwardingServerCallListener.java:40)
	at io.grpc.Contexts$ContextualizedServerCallListener.onHalfClose(Contexts.java:86)
	at io.grpc.internal.ServerCallImpl$ServerStreamListenerImpl.halfClosed(ServerCallImpl.java:356)
	at io.grpc.internal.ServerImpl$JumpToApplicationThreadServerStreamListener$1HalfClosed.runInContext(ServerImpl.java:861)
	at io.grpc.internal.ContextRunnable.run(ContextRunnable.java:37)
	at io.grpc.internal.SerializingExecutor.run(SerializingExecutor.java:133)
	at java.base/java.util.concurrent.ThreadPoolExecutor.runWorker(ThreadPoolExecutor.java:1090)
	at java.base/java.util.concurrent.ThreadPoolExecutor$Worker.run(ThreadPoolExecutor.java:614)
	at java.base/java.lang.Thread.run(Thread.java:1516)

Sep 03, 2026 8:59:42 PM com.google.cloud.datastore.emulator.impl.util.WrappedStreamObserver onError
WARNING: Operation failed: 
Property createdBy is undefined on object. for 'list' @ L8
com.google.cloud.datastore.core.exception.DatastoreException: 
Property createdBy is undefined on object. for 'list' @ L8
	at com.google.cloud.datastore.core.exception.DatastoreException$Builder.build(DatastoreException.java:152)
	at com.google.cloud.datastore.emulator.impl.rules.DefaultEmulatorRulesAuthorizer.verboseError(DefaultEmulatorRulesAuthorizer.java:349)
	at com.google.cloud.datastore.emulator.impl.rules.DefaultEmulatorRulesAuthorizer.withVerboseErrors(DefaultEmulatorRulesAuthorizer.java:326)
	at com.google.cloud.datastore.emulator.impl.rules.DefaultEmulatorRulesAuthorizer.checkQuery(DefaultEmulatorRulesAuthorizer.java:193)
	at com.google.cloud.datastore.emulator.impl.firestore.FirestoreEmulatorHelper.ruleAuthorizeAndReadEntities(FirestoreEmulatorHelper.java:811)
	at com.google.cloud.datastore.emulator.impl.firestore.FirestoreEmulatorHelper.snapshotQuery(FirestoreEmulatorHelper.java:661)
	at com.google.cloud.datastore.emulator.impl.firestore.FirestoreEmulatorHelper.lambda$query$0(FirestoreEmulatorHelper.java:645)
	at com.google.cloud.datastore.emulator.impl.transactions.EmulatorTransactionManager$ReadOnlyTransaction.fold(EmulatorTransactionManager.java:432)
	at com.google.cloud.datastore.emulator.impl.firestore.FirestoreEmulatorHelper.query(FirestoreEmulatorHelper.java:643)
	at com.google.cloud.datastore.emulator.impl.firestore.CloudFirestoreV1.runQueryStandardEdition(CloudFirestoreV1.java:656)
	at com.google.cloud.datastore.emulator.impl.firestore.CloudFirestoreV1.runQuery(CloudFirestoreV1.java:632)
	at com.google.cloud.datastore.emulator.impl.firestore.CloudFirestoreV1Router.runQuery(CloudFirestoreV1Router.java:190)
	at com.google.cloud.datastore.emulator.firestore.v1.FirestoreV1GrpcAdapter$1.lambda$runQuery$0(FirestoreV1GrpcAdapter.java:178)
	at com.google.cloud.datastore.emulator.firestore.v1.FirestoreV1GrpcAdapter.streaming(FirestoreV1GrpcAdapter.java:82)
	at com.google.cloud.datastore.emulator.firestore.v1.FirestoreV1GrpcAdapter$1.runQuery(FirestoreV1GrpcAdapter.java:178)
	at com.google.firestore.v1.FirestoreGrpc$MethodHandlers.invoke(FirestoreGrpc.java:1412)
	at io.grpc.stub.ServerCalls$UnaryServerCallHandler$UnaryServerCallListener.onHalfClose(ServerCalls.java:182)
	at io.grpc.PartialForwardingServerCallListener.onHalfClose(PartialForwardingServerCallListener.java:35)
	at io.grpc.ForwardingServerCallListener.onHalfClose(ForwardingServerCallListener.java:23)
	at io.grpc.ForwardingServerCallListener$SimpleForwardingServerCallListener.onHalfClose(ForwardingServerCallListener.java:40)
	at io.grpc.Contexts$ContextualizedServerCallListener.onHalfClose(Contexts.java:86)
	at io.grpc.PartialForwardingServerCallListener.onHalfClose(PartialForwardingServerCallListener.java:35)
	at io.grpc.ForwardingServerCallListener.onHalfClose(ForwardingServerCallListener.java:23)
	at io.grpc.ForwardingServerCallListener$SimpleForwardingServerCallListener.onHalfClose(ForwardingServerCallListener.java:40)
	at io.grpc.Contexts$ContextualizedServerCallListener.onHalfClose(Contexts.java:86)
	at io.grpc.internal.ServerCallImpl$ServerStreamListenerImpl.halfClosed(ServerCallImpl.java:356)
	at io.grpc.internal.ServerImpl$JumpToApplicationThreadServerStreamListener$1HalfClosed.runInContext(ServerImpl.java:861)
	at io.grpc.internal.ContextRunnable.run(ContextRunnable.java:37)
	at io.grpc.internal.SerializingExecutor.run(SerializingExecutor.java:133)
	at java.base/java.util.concurrent.ThreadPoolExecutor.runWorker(ThreadPoolExecutor.java:1090)
	at java.base/java.util.concurrent.ThreadPoolExecutor$Worker.run(ThreadPoolExecutor.java:614)
	at java.base/java.lang.Thread.run(Thread.java:1516)

Sep 03, 2026 8:59:42 PM com.google.cloud.datastore.emulator.impl.util.WrappedStreamObserver onError
WARNING: Operation failed: 
Property createdBy is undefined on object. for 'list' @ L8
com.google.cloud.datastore.core.exception.DatastoreException: 
Property createdBy is undefined on object. for 'list' @ L8
	at com.google.cloud.datastore.core.exception.DatastoreException$Builder.build(DatastoreException.java:152)
	at com.google.cloud.datastore.emulator.impl.rules.DefaultEmulatorRulesAuthorizer.verboseError(DefaultEmulatorRulesAuthorizer.java:349)
	at com.google.cloud.datastore.emulator.impl.rules.DefaultEmulatorRulesAuthorizer.withVerboseErrors(DefaultEmulatorRulesAuthorizer.java:326)
	at com.google.cloud.datastore.emulator.impl.rules.DefaultEmulatorRulesAuthorizer.checkQuery(DefaultEmulatorRulesAuthorizer.java:193)
	at com.google.cloud.datastore.emulator.impl.firestore.FirestoreEmulatorHelper.ruleAuthorizeAndReadEntities(FirestoreEmulatorHelper.java:811)
	at com.google.cloud.datastore.emulator.impl.firestore.FirestoreEmulatorHelper.snapshotAggregationQuery(FirestoreEmulatorHelper.java:723)
	at com.google.cloud.datastore.emulator.impl.firestore.FirestoreEmulatorHelper.lambda$aggregationQuery$0(FirestoreEmulatorHelper.java:705)
	at com.google.cloud.datastore.emulator.impl.transactions.EmulatorTransactionManager$ReadOnlyTransaction.fold(EmulatorTransactionManager.java:432)
	at com.google.cloud.datastore.emulator.impl.firestore.FirestoreEmulatorHelper.aggregationQuery(FirestoreEmulatorHelper.java:704)
	at com.google.cloud.datastore.emulator.impl.firestore.CloudFirestoreV1.runAggregationQueryStandardEdition(CloudFirestoreV1.java:776)
	at com.google.cloud.datastore.emulator.impl.firestore.CloudFirestoreV1.runAggregationQuery(CloudFirestoreV1.java:751)
	at com.google.cloud.datastore.emulator.impl.firestore.CloudFirestoreV1Router.runAggregationQuery(CloudFirestoreV1Router.java:197)
	at com.google.cloud.datastore.emulator.firestore.v1.FirestoreV1GrpcAdapter$1.lambda$runAggregationQuery$0(FirestoreV1GrpcAdapter.java:185)
	at com.google.cloud.datastore.emulator.firestore.v1.FirestoreV1GrpcAdapter.streaming(FirestoreV1GrpcAdapter.java:82)
	at com.google.cloud.datastore.emulator.firestore.v1.FirestoreV1GrpcAdapter$1.runAggregationQuery(FirestoreV1GrpcAdapter.java:185)
	at com.google.firestore.v1.FirestoreGrpc$MethodHandlers.invoke(FirestoreGrpc.java:1420)
	at io.grpc.stub.ServerCalls$UnaryServerCallHandler$UnaryServerCallListener.onHalfClose(ServerCalls.java:182)
	at io.grpc.PartialForwardingServerCallListener.onHalfClose(PartialForwardingServerCallListener.java:35)
	at io.grpc.ForwardingServerCallListener.onHalfClose(ForwardingServerCallListener.java:23)
	at io.grpc.ForwardingServerCallListener$SimpleForwardingServerCallListener.onHalfClose(ForwardingServerCallListener.java:40)
	at io.grpc.Contexts$ContextualizedServerCallListener.onHalfClose(Contexts.java:86)
	at io.grpc.PartialForwardingServerCallListener.onHalfClose(PartialForwardingServerCallListener.java:35)
	at io.grpc.ForwardingServerCallListener.onHalfClose(ForwardingServerCallListener.java:23)
	at io.grpc.ForwardingServerCallListener$SimpleForwardingServerCallListener.onHalfClose(ForwardingServerCallListener.java:40)
	at io.grpc.Contexts$ContextualizedServerCallListener.onHalfClose(Contexts.java:86)
	at io.grpc.internal.ServerCallImpl$ServerStreamListenerImpl.halfClosed(ServerCallImpl.java:356)
	at io.grpc.internal.ServerImpl$JumpToApplicationThreadServerStreamListener$1HalfClosed.runInContext(ServerImpl.java:861)
	at io.grpc.internal.ContextRunnable.run(ContextRunnable.java:37)
	at io.grpc.internal.SerializingExecutor.run(SerializingExecutor.java:133)
	at java.base/java.util.concurrent.ThreadPoolExecutor.runWorker(ThreadPoolExecutor.java:1090)
	at java.base/java.util.concurrent.ThreadPoolExecutor$Worker.run(ThreadPoolExecutor.java:614)
	at java.base/java.lang.Thread.run(Thread.java:1516)

Sep 03, 2026 8:59:42 PM com.google.cloud.datastore.emulator.impl.util.WrappedStreamObserver onError
WARNING: Operation failed: 
Property createdBy is undefined on object. for 'list' @ L9
com.google.cloud.datastore.core.exception.DatastoreException: 
Property createdBy is undefined on object. for 'list' @ L9
	at com.google.cloud.datastore.core.exception.DatastoreException$Builder.build(DatastoreException.java:152)
	at com.google.cloud.datastore.emulator.impl.rules.DefaultEmulatorRulesAuthorizer.verboseError(DefaultEmulatorRulesAuthorizer.java:349)
	at com.google.cloud.datastore.emulator.impl.rules.DefaultEmulatorRulesAuthorizer.withVerboseErrors(DefaultEmulatorRulesAuthorizer.java:326)
	at com.google.cloud.datastore.emulator.impl.rules.DefaultEmulatorRulesAuthorizer.checkQuery(DefaultEmulatorRulesAuthorizer.java:193)
	at com.google.cloud.datastore.emulator.impl.firestore.FirestoreEmulatorHelper.ruleAuthorizeAndReadEntities(FirestoreEmulatorHelper.java:811)
	at com.google.cloud.datastore.emulator.impl.firestore.FirestoreEmulatorHelper.snapshotQuery(FirestoreEmulatorHelper.java:661)
	at com.google.cloud.datastore.emulator.impl.firestore.FirestoreEmulatorHelper.lambda$query$0(FirestoreEmulatorHelper.java:645)
	at com.google.cloud.datastore.emulator.impl.transactions.EmulatorTransactionManager$ReadOnlyTransaction.fold(EmulatorTransactionManager.java:432)
	at com.google.cloud.datastore.emulator.impl.firestore.FirestoreEmulatorHelper.query(FirestoreEmulatorHelper.java:643)
	at com.google.cloud.datastore.emulator.impl.firestore.CloudFirestoreV1.runQueryStandardEdition(CloudFirestoreV1.java:656)
	at com.google.cloud.datastore.emulator.impl.firestore.CloudFirestoreV1.runQuery(CloudFirestoreV1.java:632)
	at com.google.cloud.datastore.emulator.impl.firestore.CloudFirestoreV1Router.runQuery(CloudFirestoreV1Router.java:190)
	at com.google.cloud.datastore.emulator.firestore.v1.FirestoreV1GrpcAdapter$1.lambda$runQuery$0(FirestoreV1GrpcAdapter.java:178)
	at com.google.cloud.datastore.emulator.firestore.v1.FirestoreV1GrpcAdapter.streaming(FirestoreV1GrpcAdapter.java:82)
	at com.google.cloud.datastore.emulator.firestore.v1.FirestoreV1GrpcAdapter$1.runQuery(FirestoreV1GrpcAdapter.java:178)
	at com.google.firestore.v1.FirestoreGrpc$MethodHandlers.invoke(FirestoreGrpc.java:1412)
	at io.grpc.stub.ServerCalls$UnaryServerCallHandler$UnaryServerCallListener.onHalfClose(ServerCalls.java:182)
	at io.grpc.PartialForwardingServerCallListener.onHalfClose(PartialForwardingServerCallListener.java:35)
	at io.grpc.ForwardingServerCallListener.onHalfClose(ForwardingServerCallListener.java:23)
	at io.grpc.ForwardingServerCallListener$SimpleForwardingServerCallListener.onHalfClose(ForwardingServerCallListener.java:40)
	at io.grpc.Contexts$ContextualizedServerCallListener.onHalfClose(Contexts.java:86)
	at io.grpc.PartialForwardingServerCallListener.onHalfClose(PartialForwardingServerCallListener.java:35)
	at io.grpc.ForwardingServerCallListener.onHalfClose(ForwardingServerCallListener.java:23)
	at io.grpc.ForwardingServerCallListener$SimpleForwardingServerCallListener.onHalfClose(ForwardingServerCallListener.java:40)
	at io.grpc.Contexts$ContextualizedServerCallListener.onHalfClose(Contexts.java:86)
	at io.grpc.internal.ServerCallImpl$ServerStreamListenerImpl.halfClosed(ServerCallImpl.java:356)
	at io.grpc.internal.ServerImpl$JumpToApplicationThreadServerStreamListener$1HalfClosed.runInContext(ServerImpl.java:861)
	at io.grpc.internal.ContextRunnable.run(ContextRunnable.java:37)
	at io.grpc.internal.SerializingExecutor.run(SerializingExecutor.java:133)
	at java.base/java.util.concurrent.ThreadPoolExecutor.runWorker(ThreadPoolExecutor.java:1090)
	at java.base/java.util.concurrent.ThreadPoolExecutor$Worker.run(ThreadPoolExecutor.java:614)
	at java.base/java.lang.Thread.run(Thread.java:1516)

Sep 03, 2026 8:59:42 PM com.google.cloud.datastore.emulator.impl.util.WrappedStreamObserver onError
WARNING: Operation failed: 
Null value error. for 'list' @ L28, Null value error. for 'list' @ L28
com.google.cloud.datastore.core.exception.DatastoreException: 
Null value error. for 'list' @ L28, Null value error. for 'list' @ L28
	at com.google.cloud.datastore.core.exception.DatastoreException$Builder.build(DatastoreException.java:152)
	at com.google.cloud.datastore.emulator.impl.rules.DefaultEmulatorRulesAuthorizer.verboseError(DefaultEmulatorRulesAuthorizer.java:349)
	at com.google.cloud.datastore.emulator.impl.rules.DefaultEmulatorRulesAuthorizer.withVerboseErrors(DefaultEmulatorRulesAuthorizer.java:326)
	at com.google.cloud.datastore.emulator.impl.rules.DefaultEmulatorRulesAuthorizer.checkQuery(DefaultEmulatorRulesAuthorizer.java:193)
	at com.google.cloud.datastore.emulator.impl.firestore.FirestoreEmulatorHelper.ruleAuthorizeAndReadEntities(FirestoreEmulatorHelper.java:811)
	at com.google.cloud.datastore.emulator.impl.firestore.FirestoreEmulatorHelper.snapshotAggregationQuery(FirestoreEmulatorHelper.java:723)
	at com.google.cloud.datastore.emulator.impl.firestore.FirestoreEmulatorHelper.lambda$aggregationQuery$0(FirestoreEmulatorHelper.java:705)
	at com.google.cloud.datastore.emulator.impl.transactions.EmulatorTransactionManager$ReadOnlyTransaction.fold(EmulatorTransactionManager.java:432)
	at com.google.cloud.datastore.emulator.impl.firestore.FirestoreEmulatorHelper.aggregationQuery(FirestoreEmulatorHelper.java:704)
	at com.google.cloud.datastore.emulator.impl.firestore.CloudFirestoreV1.runAggregationQueryStandardEdition(CloudFirestoreV1.java:776)
	at com.google.cloud.datastore.emulator.impl.firestore.CloudFirestoreV1.runAggregationQuery(CloudFirestoreV1.java:751)
	at com.google.cloud.datastore.emulator.impl.firestore.CloudFirestoreV1Router.runAggregationQuery(CloudFirestoreV1Router.java:197)
	at com.google.cloud.datastore.emulator.firestore.v1.FirestoreV1GrpcAdapter$1.lambda$runAggregationQuery$0(FirestoreV1GrpcAdapter.java:185)
	at com.google.cloud.datastore.emulator.firestore.v1.FirestoreV1GrpcAdapter.streaming(FirestoreV1GrpcAdapter.java:82)
	at com.google.cloud.datastore.emulator.firestore.v1.FirestoreV1GrpcAdapter$1.runAggregationQuery(FirestoreV1GrpcAdapter.java:185)
	at com.google.firestore.v1.FirestoreGrpc$MethodHandlers.invoke(FirestoreGrpc.java:1420)
	at io.grpc.stub.ServerCalls$UnaryServerCallHandler$UnaryServerCallListener.onHalfClose(ServerCalls.java:182)
	at io.grpc.PartialForwardingServerCallListener.onHalfClose(PartialForwardingServerCallListener.java:35)
	at io.grpc.ForwardingServerCallListener.onHalfClose(ForwardingServerCallListener.java:23)
	at io.grpc.ForwardingServerCallListener$SimpleForwardingServerCallListener.onHalfClose(ForwardingServerCallListener.java:40)
	at io.grpc.Contexts$ContextualizedServerCallListener.onHalfClose(Contexts.java:86)
	at io.grpc.PartialForwardingServerCallListener.onHalfClose(PartialForwardingServerCallListener.java:35)
	at io.grpc.ForwardingServerCallListener.onHalfClose(ForwardingServerCallListener.java:23)
	at io.grpc.ForwardingServerCallListener$SimpleForwardingServerCallListener.onHalfClose(ForwardingServerCallListener.java:40)
	at io.grpc.Contexts$ContextualizedServerCallListener.onHalfClose(Contexts.java:86)
	at io.grpc.internal.ServerCallImpl$ServerStreamListenerImpl.halfClosed(ServerCallImpl.java:356)
	at io.grpc.internal.ServerImpl$JumpToApplicationThreadServerStreamListener$1HalfClosed.runInContext(ServerImpl.java:861)
	at io.grpc.internal.ContextRunnable.run(ContextRunnable.java:37)
	at io.grpc.internal.SerializingExecutor.run(SerializingExecutor.java:133)
	at java.base/java.util.concurrent.ThreadPoolExecutor.runWorker(ThreadPoolExecutor.java:1090)
	at java.base/java.util.concurrent.ThreadPoolExecutor$Worker.run(ThreadPoolExecutor.java:614)
	at java.base/java.lang.Thread.run(Thread.java:1516)
Caused by: com.google.firebase.rules.runtime.common.EvaluationException: Error: /var/folders/17/97zrc8dn5kj9m8sn51kc0h3w0000gn/T/fireside-query-rules-mmhX4C/firestore.rules line [28], column [100]. Null value error.
	at com.google.firebase.rules.runtime.impl.DefaultEvaluator$TransformEvaluationException.apply(DefaultEvaluator.java:275)
	at com.google.firebase.rules.runtime.impl.DefaultEvaluator$TransformEvaluationException.apply(DefaultEvaluator.java:261)
	at com.google.common.util.concurrent.AbstractCatchingFuture$AsyncCatchingFuture.doFallback(AbstractCatchingFuture.java:207)
	at com.google.common.util.concurrent.AbstractCatchingFuture$AsyncCatchingFuture.doFallback(AbstractCatchingFuture.java:194)
	at com.google.common.util.concurrent.AbstractCatchingFuture.run(AbstractCatchingFuture.java:136)
	at com.google.common.util.concurrent.DirectExecutor.execute(DirectExecutor.java:30)
	at com.google.common.util.concurrent.AbstractFuture.executeListener(AbstractFuture.java:1024)
	at com.google.common.util.concurrent.AbstractFuture.addListener(AbstractFuture.java:486)
	at com.google.common.util.concurrent.FluentFuture$TrustedFuture.addListener(FluentFuture.java:122)
	at com.google.common.util.concurrent.AbstractCatchingFuture.createAsync(AbstractCatchingFuture.java:58)
	at com.google.common.util.concurrent.Futures.catchingAsync(Futures.java:409)
	at com.google.firebase.rules.runtime.impl.DefaultEvaluator.evaluate(DefaultEvaluator.java:177)
	at com.google.cloud.datastore.emulator.impl.rules.EmulatorRuleClient$EmulatorRuleEvaluator.evaluate(EmulatorRuleClient.java:88)
	at com.google.cloud.datastore.core.auth.rules.AsyncTwoPhaseRulesAuthorizer.lambda$fullEvaluate$0(AsyncTwoPhaseRulesAuthorizer.java:1001)
	at com.google.cloud.datastore.computation.Computation.tryCatch(Computation.java:469)
	at com.google.cloud.datastore.core.auth.rules.AsyncTwoPhaseRulesAuthorizer.fullEvaluate(AsyncTwoPhaseRulesAuthorizer.java:1000)
	at com.google.cloud.datastore.core.auth.rules.AsyncTwoPhaseRulesAuthorizer.checkResource(AsyncTwoPhaseRulesAuthorizer.java:711)
	at com.google.cloud.datastore.core.auth.rules.AsyncTwoPhaseRulesAuthorizer.lambda$checkResources$0(AsyncTwoPhaseRulesAuthorizer.java:691)
	at com.google.cloud.datastore.computation.Computation.lambda$forEach$0(Computation.java:128)
	at com.google.cloud.datastore.computation.Computation.doWhile(Computation.java:212)
	at com.google.cloud.datastore.computation.Computation.lambda$whileTrue$2(Computation.java:151)
	at com.google.cloud.datastore.computation.Remainder$Completed.thenCompose(Remainder.java:726)
	at com.google.cloud.datastore.computation.Remainder.thenCompose(Remainder.java:452)
	at com.google.cloud.datastore.computation.Computation.whileTrue(Computation.java:151)
	at com.google.cloud.datastore.computation.Computation.whileTrue(Computation.java:133)
	at com.google.cloud.datastore.computation.Computation.forEach(Computation.java:128)
	at com.google.cloud.datastore.computation.Computation.forEach(Computation.java:123)
	at com.google.cloud.datastore.core.auth.rules.AsyncTwoPhaseRulesAuthorizer.checkResources(AsyncTwoPhaseRulesAuthorizer.java:689)
	at com.google.cloud.datastore.core.auth.rules.AsyncTwoPhaseRulesAuthorizer.handlePhaseOneInfo(AsyncTwoPhaseRulesAuthorizer.java:191)
	at com.google.cloud.datastore.core.auth.rules.AsyncTwoPhaseRulesAuthorizer.lambda$checkQueryRequest$0(AsyncTwoPhaseRulesAuthorizer.java:148)
	at com.google.cloud.datastore.computation.Remainder$Completed.thenCompose(Remainder.java:726)
	at com.google.cloud.datastore.computation.Remainder.thenCompose(Remainder.java:452)
	at com.google.cloud.datastore.core.auth.rules.AsyncTwoPhaseRulesAuthorizer.checkQueryRequest(AsyncTwoPhaseRulesAuthorizer.java:143)
	at com.google.cloud.datastore.emulator.impl.rules.DefaultEmulatorRulesAuthorizer.lambda$checkQuery$1(DefaultEmulatorRulesAuthorizer.java:198)
	at com.google.cloud.datastore.computation.Computation.run(Computation.java:81)
	at com.google.cloud.datastore.computation.Computation$Terminated.toFuture(Computation.java:947)
	at com.google.cloud.datastore.computation.Computation.toFuture(Computation.java:92)
	at com.google.cloud.datastore.emulator.impl.rules.DefaultEmulatorRulesAuthorizer.finish(DefaultEmulatorRulesAuthorizer.java:308)
	at com.google.cloud.datastore.emulator.impl.rules.DefaultEmulatorRulesAuthorizer.lambda$checkQuery$0(DefaultEmulatorRulesAuthorizer.java:195)
	at com.google.cloud.datastore.emulator.impl.rules.DefaultEmulatorRulesAuthorizer.withVerboseErrors(DefaultEmulatorRulesAuthorizer.java:321)
	... 29 more

Sep 03, 2026 8:59:42 PM com.google.cloud.datastore.emulator.impl.util.WrappedStreamObserver onError
WARNING: Operation failed: 
Null value error. for 'list' @ L28, Null value error. for 'list' @ L28
com.google.cloud.datastore.core.exception.DatastoreException: 
Null value error. for 'list' @ L28, Null value error. for 'list' @ L28
	at com.google.cloud.datastore.core.exception.DatastoreException$Builder.build(DatastoreException.java:152)
	at com.google.cloud.datastore.emulator.impl.rules.DefaultEmulatorRulesAuthorizer.verboseError(DefaultEmulatorRulesAuthorizer.java:349)
	at com.google.cloud.datastore.emulator.impl.rules.DefaultEmulatorRulesAuthorizer.withVerboseErrors(DefaultEmulatorRulesAuthorizer.java:326)
	at com.google.cloud.datastore.emulator.impl.rules.DefaultEmulatorRulesAuthorizer.checkQuery(DefaultEmulatorRulesAuthorizer.java:193)
	at com.google.cloud.datastore.emulator.impl.firestore.FirestoreEmulatorHelper.ruleAuthorizeAndReadEntities(FirestoreEmulatorHelper.java:811)
	at com.google.cloud.datastore.emulator.impl.firestore.FirestoreEmulatorHelper.snapshotQuery(FirestoreEmulatorHelper.java:661)
	at com.google.cloud.datastore.emulator.impl.firestore.FirestoreEmulatorHelper.lambda$query$0(FirestoreEmulatorHelper.java:645)
	at com.google.cloud.datastore.emulator.impl.transactions.EmulatorTransactionManager$ReadOnlyTransaction.fold(EmulatorTransactionManager.java:432)
	at com.google.cloud.datastore.emulator.impl.firestore.FirestoreEmulatorHelper.query(FirestoreEmulatorHelper.java:643)
	at com.google.cloud.datastore.emulator.impl.firestore.CloudFirestoreV1.runQueryStandardEdition(CloudFirestoreV1.java:656)
	at com.google.cloud.datastore.emulator.impl.firestore.CloudFirestoreV1.runQuery(CloudFirestoreV1.java:632)
	at com.google.cloud.datastore.emulator.impl.firestore.CloudFirestoreV1Router.runQuery(CloudFirestoreV1Router.java:190)
	at com.google.cloud.datastore.emulator.firestore.v1.FirestoreV1GrpcAdapter$1.lambda$runQuery$0(FirestoreV1GrpcAdapter.java:178)
	at com.google.cloud.datastore.emulator.firestore.v1.FirestoreV1GrpcAdapter.streaming(FirestoreV1GrpcAdapter.java:82)
	at com.google.cloud.datastore.emulator.firestore.v1.FirestoreV1GrpcAdapter$1.runQuery(FirestoreV1GrpcAdapter.java:178)
	at com.google.firestore.v1.FirestoreGrpc$MethodHandlers.invoke(FirestoreGrpc.java:1412)
	at io.grpc.stub.ServerCalls$UnaryServerCallHandler$UnaryServerCallListener.onHalfClose(ServerCalls.java:182)
	at io.grpc.PartialForwardingServerCallListener.onHalfClose(PartialForwardingServerCallListener.java:35)
	at io.grpc.ForwardingServerCallListener.onHalfClose(ForwardingServerCallListener.java:23)
	at io.grpc.ForwardingServerCallListener$SimpleForwardingServerCallListener.onHalfClose(ForwardingServerCallListener.java:40)
	at io.grpc.Contexts$ContextualizedServerCallListener.onHalfClose(Contexts.java:86)
	at io.grpc.PartialForwardingServerCallListener.onHalfClose(PartialForwardingServerCallListener.java:35)
	at io.grpc.ForwardingServerCallListener.onHalfClose(ForwardingServerCallListener.java:23)
	at io.grpc.ForwardingServerCallListener$SimpleForwardingServerCallListener.onHalfClose(ForwardingServerCallListener.java:40)
	at io.grpc.Contexts$ContextualizedServerCallListener.onHalfClose(Contexts.java:86)
	at io.grpc.internal.ServerCallImpl$ServerStreamListenerImpl.halfClosed(ServerCallImpl.java:356)
	at io.grpc.internal.ServerImpl$JumpToApplicationThreadServerStreamListener$1HalfClosed.runInContext(ServerImpl.java:861)
	at io.grpc.internal.ContextRunnable.run(ContextRunnable.java:37)
	at io.grpc.internal.SerializingExecutor.run(SerializingExecutor.java:133)
	at java.base/java.util.concurrent.ThreadPoolExecutor.runWorker(ThreadPoolExecutor.java:1090)
	at java.base/java.util.concurrent.ThreadPoolExecutor$Worker.run(ThreadPoolExecutor.java:614)
	at java.base/java.lang.Thread.run(Thread.java:1516)
Caused by: com.google.firebase.rules.runtime.common.EvaluationException: Error: /var/folders/17/97zrc8dn5kj9m8sn51kc0h3w0000gn/T/fireside-query-rules-mmhX4C/firestore.rules line [28], column [100]. Null value error.
	at com.google.firebase.rules.runtime.impl.DefaultEvaluator$TransformEvaluationException.apply(DefaultEvaluator.java:275)
	at com.google.firebase.rules.runtime.impl.DefaultEvaluator$TransformEvaluationException.apply(DefaultEvaluator.java:261)
	at com.google.common.util.concurrent.AbstractCatchingFuture$AsyncCatchingFuture.doFallback(AbstractCatchingFuture.java:207)
	at com.google.common.util.concurrent.AbstractCatchingFuture$AsyncCatchingFuture.doFallback(AbstractCatchingFuture.java:194)
	at com.google.common.util.concurrent.AbstractCatchingFuture.run(AbstractCatchingFuture.java:136)
	at com.google.common.util.concurrent.DirectExecutor.execute(DirectExecutor.java:30)
	at com.google.common.util.concurrent.AbstractFuture.executeListener(AbstractFuture.java:1024)
	at com.google.common.util.concurrent.AbstractFuture.addListener(AbstractFuture.java:486)
	at com.google.common.util.concurrent.FluentFuture$TrustedFuture.addListener(FluentFuture.java:122)
	at com.google.common.util.concurrent.AbstractCatchingFuture.createAsync(AbstractCatchingFuture.java:58)
	at com.google.common.util.concurrent.Futures.catchingAsync(Futures.java:409)
	at com.google.firebase.rules.runtime.impl.DefaultEvaluator.evaluate(DefaultEvaluator.java:177)
	at com.google.cloud.datastore.emulator.impl.rules.EmulatorRuleClient$EmulatorRuleEvaluator.evaluate(EmulatorRuleClient.java:88)
	at com.google.cloud.datastore.core.auth.rules.AsyncTwoPhaseRulesAuthorizer.lambda$fullEvaluate$0(AsyncTwoPhaseRulesAuthorizer.java:1001)
	at com.google.cloud.datastore.computation.Computation.tryCatch(Computation.java:469)
	at com.google.cloud.datastore.core.auth.rules.AsyncTwoPhaseRulesAuthorizer.fullEvaluate(AsyncTwoPhaseRulesAuthorizer.java:1000)
	at com.google.cloud.datastore.core.auth.rules.AsyncTwoPhaseRulesAuthorizer.checkResource(AsyncTwoPhaseRulesAuthorizer.java:711)
	at com.google.cloud.datastore.core.auth.rules.AsyncTwoPhaseRulesAuthorizer.lambda$checkResources$0(AsyncTwoPhaseRulesAuthorizer.java:691)
	at com.google.cloud.datastore.computation.Computation.lambda$forEach$0(Computation.java:128)
	at com.google.cloud.datastore.computation.Computation.doWhile(Computation.java:212)
	at com.google.cloud.datastore.computation.Computation.lambda$whileTrue$2(Computation.java:151)
	at com.google.cloud.datastore.computation.Remainder$Completed.thenCompose(Remainder.java:726)
	at com.google.cloud.datastore.computation.Remainder.thenCompose(Remainder.java:452)
	at com.google.cloud.datastore.computation.Computation.whileTrue(Computation.java:151)
	at com.google.cloud.datastore.computation.Computation.whileTrue(Computation.java:133)
	at com.google.cloud.datastore.computation.Computation.forEach(Computation.java:128)
	at com.google.cloud.datastore.computation.Computation.forEach(Computation.java:123)
	at com.google.cloud.datastore.core.auth.rules.AsyncTwoPhaseRulesAuthorizer.checkResources(AsyncTwoPhaseRulesAuthorizer.java:689)
	at com.google.cloud.datastore.core.auth.rules.AsyncTwoPhaseRulesAuthorizer.handlePhaseOneInfo(AsyncTwoPhaseRulesAuthorizer.java:191)
	at com.google.cloud.datastore.core.auth.rules.AsyncTwoPhaseRulesAuthorizer.lambda$checkQueryRequest$0(AsyncTwoPhaseRulesAuthorizer.java:148)
	at com.google.cloud.datastore.computation.Remainder$Completed.thenCompose(Remainder.java:726)
	at com.google.cloud.datastore.computation.Remainder.thenCompose(Remainder.java:452)
	at com.google.cloud.datastore.core.auth.rules.AsyncTwoPhaseRulesAuthorizer.checkQueryRequest(AsyncTwoPhaseRulesAuthorizer.java:143)
	at com.google.cloud.datastore.emulator.impl.rules.DefaultEmulatorRulesAuthorizer.lambda$checkQuery$1(DefaultEmulatorRulesAuthorizer.java:198)
	at com.google.cloud.datastore.computation.Computation.run(Computation.java:81)
	at com.google.cloud.datastore.computation.Computation$Terminated.toFuture(Computation.java:947)
	at com.google.cloud.datastore.computation.Computation.toFuture(Computation.java:92)
	at com.google.cloud.datastore.emulator.impl.rules.DefaultEmulatorRulesAuthorizer.finish(DefaultEmulatorRulesAuthorizer.java:308)
	at com.google.cloud.datastore.emulator.impl.rules.DefaultEmulatorRulesAuthorizer.lambda$checkQuery$0(DefaultEmulatorRulesAuthorizer.java:195)
	at com.google.cloud.datastore.emulator.impl.rules.DefaultEmulatorRulesAuthorizer.withVerboseErrors(DefaultEmulatorRulesAuthorizer.java:321)
	... 29 more

Sep 03, 2026 8:59:42 PM com.google.cloud.datastore.emulator.impl.util.WrappedStreamObserver onError
WARNING: Operation failed: 
Null value error. for 'list' @ L28, Null value error. for 'list' @ L28
com.google.cloud.datastore.core.exception.DatastoreException: 
Null value error. for 'list' @ L28, Null value error. for 'list' @ L28
	at com.google.cloud.datastore.core.exception.DatastoreException$Builder.build(DatastoreException.java:152)
	at com.google.cloud.datastore.emulator.impl.rules.DefaultEmulatorRulesAuthorizer.verboseError(DefaultEmulatorRulesAuthorizer.java:349)
	at com.google.cloud.datastore.emulator.impl.rules.DefaultEmulatorRulesAuthorizer.withVerboseErrors(DefaultEmulatorRulesAuthorizer.java:326)
	at com.google.cloud.datastore.emulator.impl.rules.DefaultEmulatorRulesAuthorizer.checkQuery(DefaultEmulatorRulesAuthorizer.java:193)
	at com.google.cloud.datastore.emulator.impl.firestore.FirestoreEmulatorHelper.ruleAuthorizeAndReadEntities(FirestoreEmulatorHelper.java:811)
	at com.google.cloud.datastore.emulator.impl.firestore.FirestoreEmulatorHelper.snapshotQuery(FirestoreEmulatorHelper.java:661)
	at com.google.cloud.datastore.emulator.impl.firestore.FirestoreEmulatorHelper.lambda$query$0(FirestoreEmulatorHelper.java:645)
	at com.google.cloud.datastore.emulator.impl.transactions.EmulatorTransactionManager$ReadOnlyTransaction.fold(EmulatorTransactionManager.java:432)
	at com.google.cloud.datastore.emulator.impl.firestore.FirestoreEmulatorHelper.query(FirestoreEmulatorHelper.java:643)
	at com.google.cloud.datastore.emulator.impl.firestore.CloudFirestoreV1.runQueryStandardEdition(CloudFirestoreV1.java:656)
	at com.google.cloud.datastore.emulator.impl.firestore.CloudFirestoreV1.runQuery(CloudFirestoreV1.java:632)
	at com.google.cloud.datastore.emulator.impl.firestore.CloudFirestoreV1Router.runQuery(CloudFirestoreV1Router.java:190)
	at com.google.cloud.datastore.emulator.firestore.v1.FirestoreV1GrpcAdapter$1.lambda$runQuery$0(FirestoreV1GrpcAdapter.java:178)
	at com.google.cloud.datastore.emulator.firestore.v1.FirestoreV1GrpcAdapter.streaming(FirestoreV1GrpcAdapter.java:82)
	at com.google.cloud.datastore.emulator.firestore.v1.FirestoreV1GrpcAdapter$1.runQuery(FirestoreV1GrpcAdapter.java:178)
	at com.google.firestore.v1.FirestoreGrpc$MethodHandlers.invoke(FirestoreGrpc.java:1412)
	at io.grpc.stub.ServerCalls$UnaryServerCallHandler$UnaryServerCallListener.onHalfClose(ServerCalls.java:182)
	at io.grpc.PartialForwardingServerCallListener.onHalfClose(PartialForwardingServerCallListener.java:35)
	at io.grpc.ForwardingServerCallListener.onHalfClose(ForwardingServerCallListener.java:23)
	at io.grpc.ForwardingServerCallListener$SimpleForwardingServerCallListener.onHalfClose(ForwardingServerCallListener.java:40)
	at io.grpc.Contexts$ContextualizedServerCallListener.onHalfClose(Contexts.java:86)
	at io.grpc.PartialForwardingServerCallListener.onHalfClose(PartialForwardingServerCallListener.java:35)
	at io.grpc.ForwardingServerCallListener.onHalfClose(ForwardingServerCallListener.java:23)
	at io.grpc.ForwardingServerCallListener$SimpleForwardingServerCallListener.onHalfClose(ForwardingServerCallListener.java:40)
	at io.grpc.Contexts$ContextualizedServerCallListener.onHalfClose(Contexts.java:86)
	at io.grpc.internal.ServerCallImpl$ServerStreamListenerImpl.halfClosed(ServerCallImpl.java:356)
	at io.grpc.internal.ServerImpl$JumpToApplicationThreadServerStreamListener$1HalfClosed.runInContext(ServerImpl.java:861)
	at io.grpc.internal.ContextRunnable.run(ContextRunnable.java:37)
	at io.grpc.internal.SerializingExecutor.run(SerializingExecutor.java:133)
	at java.base/java.util.concurrent.ThreadPoolExecutor.runWorker(ThreadPoolExecutor.java:1090)
	at java.base/java.util.concurrent.ThreadPoolExecutor$Worker.run(ThreadPoolExecutor.java:614)
	at java.base/java.lang.Thread.run(Thread.java:1516)
Caused by: com.google.firebase.rules.runtime.common.EvaluationException: Error: /var/folders/17/97zrc8dn5kj9m8sn51kc0h3w0000gn/T/fireside-query-rules-mmhX4C/firestore.rules line [28], column [100]. Null value error.
	at com.google.firebase.rules.runtime.impl.DefaultEvaluator$TransformEvaluationException.apply(DefaultEvaluator.java:275)
	at com.google.firebase.rules.runtime.impl.DefaultEvaluator$TransformEvaluationException.apply(DefaultEvaluator.java:261)
	at com.google.common.util.concurrent.AbstractCatchingFuture$AsyncCatchingFuture.doFallback(AbstractCatchingFuture.java:207)
	at com.google.common.util.concurrent.AbstractCatchingFuture$AsyncCatchingFuture.doFallback(AbstractCatchingFuture.java:194)
	at com.google.common.util.concurrent.AbstractCatchingFuture.run(AbstractCatchingFuture.java:136)
	at com.google.common.util.concurrent.DirectExecutor.execute(DirectExecutor.java:30)
	at com.google.common.util.concurrent.AbstractFuture.executeListener(AbstractFuture.java:1024)
	at com.google.common.util.concurrent.AbstractFuture.addListener(AbstractFuture.java:486)
	at com.google.common.util.concurrent.FluentFuture$TrustedFuture.addListener(FluentFuture.java:122)
	at com.google.common.util.concurrent.AbstractCatchingFuture.createAsync(AbstractCatchingFuture.java:58)
	at com.google.common.util.concurrent.Futures.catchingAsync(Futures.java:409)
	at com.google.firebase.rules.runtime.impl.DefaultEvaluator.evaluate(DefaultEvaluator.java:177)
	at com.google.cloud.datastore.emulator.impl.rules.EmulatorRuleClient$EmulatorRuleEvaluator.evaluate(EmulatorRuleClient.java:88)
	at com.google.cloud.datastore.core.auth.rules.AsyncTwoPhaseRulesAuthorizer.lambda$fullEvaluate$0(AsyncTwoPhaseRulesAuthorizer.java:1001)
	at com.google.cloud.datastore.computation.Computation.tryCatch(Computation.java:469)
	at com.google.cloud.datastore.core.auth.rules.AsyncTwoPhaseRulesAuthorizer.fullEvaluate(AsyncTwoPhaseRulesAuthorizer.java:1000)
	at com.google.cloud.datastore.core.auth.rules.AsyncTwoPhaseRulesAuthorizer.checkResource(AsyncTwoPhaseRulesAuthorizer.java:711)
	at com.google.cloud.datastore.core.auth.rules.AsyncTwoPhaseRulesAuthorizer.lambda$checkResources$0(AsyncTwoPhaseRulesAuthorizer.java:691)
	at com.google.cloud.datastore.computation.Computation.lambda$forEach$0(Computation.java:128)
	at com.google.cloud.datastore.computation.Computation.doWhile(Computation.java:212)
	at com.google.cloud.datastore.computation.Computation.lambda$whileTrue$2(Computation.java:151)
	at com.google.cloud.datastore.computation.Remainder$Completed.thenCompose(Remainder.java:726)
	at com.google.cloud.datastore.computation.Remainder.thenCompose(Remainder.java:452)
	at com.google.cloud.datastore.computation.Computation.whileTrue(Computation.java:151)
	at com.google.cloud.datastore.computation.Computation.whileTrue(Computation.java:133)
	at com.google.cloud.datastore.computation.Computation.forEach(Computation.java:128)
	at com.google.cloud.datastore.computation.Computation.forEach(Computation.java:123)
	at com.google.cloud.datastore.core.auth.rules.AsyncTwoPhaseRulesAuthorizer.checkResources(AsyncTwoPhaseRulesAuthorizer.java:689)
	at com.google.cloud.datastore.core.auth.rules.AsyncTwoPhaseRulesAuthorizer.handlePhaseOneInfo(AsyncTwoPhaseRulesAuthorizer.java:191)
	at com.google.cloud.datastore.core.auth.rules.AsyncTwoPhaseRulesAuthorizer.lambda$checkQueryRequest$0(AsyncTwoPhaseRulesAuthorizer.java:148)
	at com.google.cloud.datastore.computation.Remainder$Completed.thenCompose(Remainder.java:726)
	at com.google.cloud.datastore.computation.Remainder.thenCompose(Remainder.java:452)
	at com.google.cloud.datastore.core.auth.rules.AsyncTwoPhaseRulesAuthorizer.checkQueryRequest(AsyncTwoPhaseRulesAuthorizer.java:143)
	at com.google.cloud.datastore.emulator.impl.rules.DefaultEmulatorRulesAuthorizer.lambda$checkQuery$1(DefaultEmulatorRulesAuthorizer.java:198)
	at com.google.cloud.datastore.computation.Computation.run(Computation.java:81)
	at com.google.cloud.datastore.computation.Computation$Terminated.toFuture(Computation.java:947)
	at com.google.cloud.datastore.computation.Computation.toFuture(Computation.java:92)
	at com.google.cloud.datastore.emulator.impl.rules.DefaultEmulatorRulesAuthorizer.finish(DefaultEmulatorRulesAuthorizer.java:308)
	at com.google.cloud.datastore.emulator.impl.rules.DefaultEmulatorRulesAuthorizer.lambda$checkQuery$0(DefaultEmulatorRulesAuthorizer.java:195)
	at com.google.cloud.datastore.emulator.impl.rules.DefaultEmulatorRulesAuthorizer.withVerboseErrors(DefaultEmulatorRulesAuthorizer.java:321)
	... 29 more

Sep 03, 2026 8:59:42 PM com.google.cloud.datastore.emulator.impl.util.WrappedStreamObserver onError
WARNING: Operation failed: 
Null value error. for 'list' @ L28, Null value error. for 'list' @ L28
com.google.cloud.datastore.core.exception.DatastoreException: 
Null value error. for 'list' @ L28, Null value error. for 'list' @ L28
	at com.google.cloud.datastore.core.exception.DatastoreException$Builder.build(DatastoreException.java:152)
	at com.google.cloud.datastore.emulator.impl.rules.DefaultEmulatorRulesAuthorizer.verboseError(DefaultEmulatorRulesAuthorizer.java:349)
	at com.google.cloud.datastore.emulator.impl.rules.DefaultEmulatorRulesAuthorizer.withVerboseErrors(DefaultEmulatorRulesAuthorizer.java:326)
	at com.google.cloud.datastore.emulator.impl.rules.DefaultEmulatorRulesAuthorizer.checkQuery(DefaultEmulatorRulesAuthorizer.java:193)
	at com.google.cloud.datastore.emulator.impl.firestore.FirestoreEmulatorHelper.ruleAuthorizeAndReadEntities(FirestoreEmulatorHelper.java:811)
	at com.google.cloud.datastore.emulator.impl.firestore.FirestoreEmulatorHelper.snapshotAggregationQuery(FirestoreEmulatorHelper.java:723)
	at com.google.cloud.datastore.emulator.impl.firestore.FirestoreEmulatorHelper.lambda$aggregationQuery$0(FirestoreEmulatorHelper.java:705)
	at com.google.cloud.datastore.emulator.impl.transactions.EmulatorTransactionManager$ReadOnlyTransaction.fold(EmulatorTransactionManager.java:432)
	at com.google.cloud.datastore.emulator.impl.firestore.FirestoreEmulatorHelper.aggregationQuery(FirestoreEmulatorHelper.java:704)
	at com.google.cloud.datastore.emulator.impl.firestore.CloudFirestoreV1.runAggregationQueryStandardEdition(CloudFirestoreV1.java:776)
	at com.google.cloud.datastore.emulator.impl.firestore.CloudFirestoreV1.runAggregationQuery(CloudFirestoreV1.java:751)
	at com.google.cloud.datastore.emulator.impl.firestore.CloudFirestoreV1Router.runAggregationQuery(CloudFirestoreV1Router.java:197)
	at com.google.cloud.datastore.emulator.firestore.v1.FirestoreV1GrpcAdapter$1.lambda$runAggregationQuery$0(FirestoreV1GrpcAdapter.java:185)
	at com.google.cloud.datastore.emulator.firestore.v1.FirestoreV1GrpcAdapter.streaming(FirestoreV1GrpcAdapter.java:82)
	at com.google.cloud.datastore.emulator.firestore.v1.FirestoreV1GrpcAdapter$1.runAggregationQuery(FirestoreV1GrpcAdapter.java:185)
	at com.google.firestore.v1.FirestoreGrpc$MethodHandlers.invoke(FirestoreGrpc.java:1420)
	at io.grpc.stub.ServerCalls$UnaryServerCallHandler$UnaryServerCallListener.onHalfClose(ServerCalls.java:182)
	at io.grpc.PartialForwardingServerCallListener.onHalfClose(PartialForwardingServerCallListener.java:35)
	at io.grpc.ForwardingServerCallListener.onHalfClose(ForwardingServerCallListener.java:23)
	at io.grpc.ForwardingServerCallListener$SimpleForwardingServerCallListener.onHalfClose(ForwardingServerCallListener.java:40)
	at io.grpc.Contexts$ContextualizedServerCallListener.onHalfClose(Contexts.java:86)
	at io.grpc.PartialForwardingServerCallListener.onHalfClose(PartialForwardingServerCallListener.java:35)
	at io.grpc.ForwardingServerCallListener.onHalfClose(ForwardingServerCallListener.java:23)
	at io.grpc.ForwardingServerCallListener$SimpleForwardingServerCallListener.onHalfClose(ForwardingServerCallListener.java:40)
	at io.grpc.Contexts$ContextualizedServerCallListener.onHalfClose(Contexts.java:86)
	at io.grpc.internal.ServerCallImpl$ServerStreamListenerImpl.halfClosed(ServerCallImpl.java:356)
	at io.grpc.internal.ServerImpl$JumpToApplicationThreadServerStreamListener$1HalfClosed.runInContext(ServerImpl.java:861)
	at io.grpc.internal.ContextRunnable.run(ContextRunnable.java:37)
	at io.grpc.internal.SerializingExecutor.run(SerializingExecutor.java:133)
	at java.base/java.util.concurrent.ThreadPoolExecutor.runWorker(ThreadPoolExecutor.java:1090)
	at java.base/java.util.concurrent.ThreadPoolExecutor$Worker.run(ThreadPoolExecutor.java:614)
	at java.base/java.lang.Thread.run(Thread.java:1516)
Caused by: com.google.firebase.rules.runtime.common.EvaluationException: Error: /var/folders/17/97zrc8dn5kj9m8sn51kc0h3w0000gn/T/fireside-query-rules-mmhX4C/firestore.rules line [28], column [100]. Null value error.
	at com.google.firebase.rules.runtime.impl.DefaultEvaluator$TransformEvaluationException.apply(DefaultEvaluator.java:275)
	at com.google.firebase.rules.runtime.impl.DefaultEvaluator$TransformEvaluationException.apply(DefaultEvaluator.java:261)
	at com.google.common.util.concurrent.AbstractCatchingFuture$AsyncCatchingFuture.doFallback(AbstractCatchingFuture.java:207)
	at com.google.common.util.concurrent.AbstractCatchingFuture$AsyncCatchingFuture.doFallback(AbstractCatchingFuture.java:194)
	at com.google.common.util.concurrent.AbstractCatchingFuture.run(AbstractCatchingFuture.java:136)
	at com.google.common.util.concurrent.DirectExecutor.execute(DirectExecutor.java:30)
	at com.google.common.util.concurrent.AbstractFuture.executeListener(AbstractFuture.java:1024)
	at com.google.common.util.concurrent.AbstractFuture.addListener(AbstractFuture.java:486)
	at com.google.common.util.concurrent.FluentFuture$TrustedFuture.addListener(FluentFuture.java:122)
	at com.google.common.util.concurrent.AbstractCatchingFuture.createAsync(AbstractCatchingFuture.java:58)
	at com.google.common.util.concurrent.Futures.catchingAsync(Futures.java:409)
	at com.google.firebase.rules.runtime.impl.DefaultEvaluator.evaluate(DefaultEvaluator.java:177)
	at com.google.cloud.datastore.emulator.impl.rules.EmulatorRuleClient$EmulatorRuleEvaluator.evaluate(EmulatorRuleClient.java:88)
	at com.google.cloud.datastore.core.auth.rules.AsyncTwoPhaseRulesAuthorizer.lambda$fullEvaluate$0(AsyncTwoPhaseRulesAuthorizer.java:1001)
	at com.google.cloud.datastore.computation.Computation.tryCatch(Computation.java:469)
	at com.google.cloud.datastore.core.auth.rules.AsyncTwoPhaseRulesAuthorizer.fullEvaluate(AsyncTwoPhaseRulesAuthorizer.java:1000)
	at com.google.cloud.datastore.core.auth.rules.AsyncTwoPhaseRulesAuthorizer.checkResource(AsyncTwoPhaseRulesAuthorizer.java:711)
	at com.google.cloud.datastore.core.auth.rules.AsyncTwoPhaseRulesAuthorizer.lambda$checkResources$0(AsyncTwoPhaseRulesAuthorizer.java:691)
	at com.google.cloud.datastore.computation.Computation.lambda$forEach$0(Computation.java:128)
	at com.google.cloud.datastore.computation.Computation.doWhile(Computation.java:212)
	at com.google.cloud.datastore.computation.Computation.lambda$whileTrue$2(Computation.java:151)
	at com.google.cloud.datastore.computation.Remainder$Completed.thenCompose(Remainder.java:726)
	at com.google.cloud.datastore.computation.Remainder.thenCompose(Remainder.java:452)
	at com.google.cloud.datastore.computation.Computation.whileTrue(Computation.java:151)
	at com.google.cloud.datastore.computation.Computation.whileTrue(Computation.java:133)
	at com.google.cloud.datastore.computation.Computation.forEach(Computation.java:128)
	at com.google.cloud.datastore.computation.Computation.forEach(Computation.java:123)
	at com.google.cloud.datastore.core.auth.rules.AsyncTwoPhaseRulesAuthorizer.checkResources(AsyncTwoPhaseRulesAuthorizer.java:689)
	at com.google.cloud.datastore.core.auth.rules.AsyncTwoPhaseRulesAuthorizer.handlePhaseOneInfo(AsyncTwoPhaseRulesAuthorizer.java:191)
	at com.google.cloud.datastore.core.auth.rules.AsyncTwoPhaseRulesAuthorizer.lambda$checkQueryRequest$0(AsyncTwoPhaseRulesAuthorizer.java:148)
	at com.google.cloud.datastore.computation.Remainder$Completed.thenCompose(Remainder.java:726)
	at com.google.cloud.datastore.computation.Remainder.thenCompose(Remainder.java:452)
	at com.google.cloud.datastore.core.auth.rules.AsyncTwoPhaseRulesAuthorizer.checkQueryRequest(AsyncTwoPhaseRulesAuthorizer.java:143)
	at com.google.cloud.datastore.emulator.impl.rules.DefaultEmulatorRulesAuthorizer.lambda$checkQuery$1(DefaultEmulatorRulesAuthorizer.java:198)
	at com.google.cloud.datastore.computation.Computation.run(Computation.java:81)
	at com.google.cloud.datastore.computation.Computation$Terminated.toFuture(Computation.java:947)
	at com.google.cloud.datastore.computation.Computation.toFuture(Computation.java:92)
	at com.google.cloud.datastore.emulator.impl.rules.DefaultEmulatorRulesAuthorizer.finish(DefaultEmulatorRulesAuthorizer.java:308)
	at com.google.cloud.datastore.emulator.impl.rules.DefaultEmulatorRulesAuthorizer.lambda$checkQuery$0(DefaultEmulatorRulesAuthorizer.java:195)
	at com.google.cloud.datastore.emulator.impl.rules.DefaultEmulatorRulesAuthorizer.withVerboseErrors(DefaultEmulatorRulesAuthorizer.java:321)
	... 29 more

Sep 03, 2026 8:59:43 PM com.google.cloud.datastore.emulator.impl.util.WrappedStreamObserver onError
WARNING: Operation failed: 
Null value error. for 'list' @ L31, Null value error. for 'list' @ L31
com.google.cloud.datastore.core.exception.DatastoreException: 
Null value error. for 'list' @ L31, Null value error. for 'list' @ L31
	at com.google.cloud.datastore.core.exception.DatastoreException$Builder.build(DatastoreException.java:152)
	at com.google.cloud.datastore.emulator.impl.rules.DefaultEmulatorRulesAuthorizer.verboseError(DefaultEmulatorRulesAuthorizer.java:349)
	at com.google.cloud.datastore.emulator.impl.rules.DefaultEmulatorRulesAuthorizer.withVerboseErrors(DefaultEmulatorRulesAuthorizer.java:326)
	at com.google.cloud.datastore.emulator.impl.rules.DefaultEmulatorRulesAuthorizer.checkQuery(DefaultEmulatorRulesAuthorizer.java:193)
	at com.google.cloud.datastore.emulator.impl.firestore.FirestoreEmulatorHelper.ruleAuthorizeAndReadEntities(FirestoreEmulatorHelper.java:811)
	at com.google.cloud.datastore.emulator.impl.firestore.FirestoreEmulatorHelper.snapshotAggregationQuery(FirestoreEmulatorHelper.java:723)
	at com.google.cloud.datastore.emulator.impl.firestore.FirestoreEmulatorHelper.lambda$aggregationQuery$0(FirestoreEmulatorHelper.java:705)
	at com.google.cloud.datastore.emulator.impl.transactions.EmulatorTransactionManager$ReadOnlyTransaction.fold(EmulatorTransactionManager.java:432)
	at com.google.cloud.datastore.emulator.impl.firestore.FirestoreEmulatorHelper.aggregationQuery(FirestoreEmulatorHelper.java:704)
	at com.google.cloud.datastore.emulator.impl.firestore.CloudFirestoreV1.runAggregationQueryStandardEdition(CloudFirestoreV1.java:776)
	at com.google.cloud.datastore.emulator.impl.firestore.CloudFirestoreV1.runAggregationQuery(CloudFirestoreV1.java:751)
	at com.google.cloud.datastore.emulator.impl.firestore.CloudFirestoreV1Router.runAggregationQuery(CloudFirestoreV1Router.java:197)
	at com.google.cloud.datastore.emulator.firestore.v1.FirestoreV1GrpcAdapter$1.lambda$runAggregationQuery$0(FirestoreV1GrpcAdapter.java:185)
	at com.google.cloud.datastore.emulator.firestore.v1.FirestoreV1GrpcAdapter.streaming(FirestoreV1GrpcAdapter.java:82)
	at com.google.cloud.datastore.emulator.firestore.v1.FirestoreV1GrpcAdapter$1.runAggregationQuery(FirestoreV1GrpcAdapter.java:185)
	at com.google.firestore.v1.FirestoreGrpc$MethodHandlers.invoke(FirestoreGrpc.java:1420)
	at io.grpc.stub.ServerCalls$UnaryServerCallHandler$UnaryServerCallListener.onHalfClose(ServerCalls.java:182)
	at io.grpc.PartialForwardingServerCallListener.onHalfClose(PartialForwardingServerCallListener.java:35)
	at io.grpc.ForwardingServerCallListener.onHalfClose(ForwardingServerCallListener.java:23)
	at io.grpc.ForwardingServerCallListener$SimpleForwardingServerCallListener.onHalfClose(ForwardingServerCallListener.java:40)
	at io.grpc.Contexts$ContextualizedServerCallListener.onHalfClose(Contexts.java:86)
	at io.grpc.PartialForwardingServerCallListener.onHalfClose(PartialForwardingServerCallListener.java:35)
	at io.grpc.ForwardingServerCallListener.onHalfClose(ForwardingServerCallListener.java:23)
	at io.grpc.ForwardingServerCallListener$SimpleForwardingServerCallListener.onHalfClose(ForwardingServerCallListener.java:40)
	at io.grpc.Contexts$ContextualizedServerCallListener.onHalfClose(Contexts.java:86)
	at io.grpc.internal.ServerCallImpl$ServerStreamListenerImpl.halfClosed(ServerCallImpl.java:356)
	at io.grpc.internal.ServerImpl$JumpToApplicationThreadServerStreamListener$1HalfClosed.runInContext(ServerImpl.java:861)
	at io.grpc.internal.ContextRunnable.run(ContextRunnable.java:37)
	at io.grpc.internal.SerializingExecutor.run(SerializingExecutor.java:133)
	at java.base/java.util.concurrent.ThreadPoolExecutor.runWorker(ThreadPoolExecutor.java:1090)
	at java.base/java.util.concurrent.ThreadPoolExecutor$Worker.run(ThreadPoolExecutor.java:614)
	at java.base/java.lang.Thread.run(Thread.java:1516)
Caused by: com.google.firebase.rules.runtime.common.EvaluationException: Error: /var/folders/17/97zrc8dn5kj9m8sn51kc0h3w0000gn/T/fireside-query-rules-mmhX4C/firestore.rules line [31], column [99]. Null value error.
	at com.google.firebase.rules.runtime.impl.DefaultEvaluator$TransformEvaluationException.apply(DefaultEvaluator.java:275)
	at com.google.firebase.rules.runtime.impl.DefaultEvaluator$TransformEvaluationException.apply(DefaultEvaluator.java:261)
	at com.google.common.util.concurrent.AbstractCatchingFuture$AsyncCatchingFuture.doFallback(AbstractCatchingFuture.java:207)
	at com.google.common.util.concurrent.AbstractCatchingFuture$AsyncCatchingFuture.doFallback(AbstractCatchingFuture.java:194)
	at com.google.common.util.concurrent.AbstractCatchingFuture.run(AbstractCatchingFuture.java:136)
	at com.google.common.util.concurrent.DirectExecutor.execute(DirectExecutor.java:30)
	at com.google.common.util.concurrent.AbstractFuture.executeListener(AbstractFuture.java:1024)
	at com.google.common.util.concurrent.AbstractFuture.addListener(AbstractFuture.java:486)
	at com.google.common.util.concurrent.FluentFuture$TrustedFuture.addListener(FluentFuture.java:122)
	at com.google.common.util.concurrent.AbstractCatchingFuture.createAsync(AbstractCatchingFuture.java:58)
	at com.google.common.util.concurrent.Futures.catchingAsync(Futures.java:409)
	at com.google.firebase.rules.runtime.impl.DefaultEvaluator.evaluate(DefaultEvaluator.java:177)
	at com.google.cloud.datastore.emulator.impl.rules.EmulatorRuleClient$EmulatorRuleEvaluator.evaluate(EmulatorRuleClient.java:88)
	at com.google.cloud.datastore.core.auth.rules.AsyncTwoPhaseRulesAuthorizer.lambda$fullEvaluate$0(AsyncTwoPhaseRulesAuthorizer.java:1001)
	at com.google.cloud.datastore.computation.Computation.tryCatch(Computation.java:469)
	at com.google.cloud.datastore.core.auth.rules.AsyncTwoPhaseRulesAuthorizer.fullEvaluate(AsyncTwoPhaseRulesAuthorizer.java:1000)
	at com.google.cloud.datastore.core.auth.rules.AsyncTwoPhaseRulesAuthorizer.checkResource(AsyncTwoPhaseRulesAuthorizer.java:711)
	at com.google.cloud.datastore.core.auth.rules.AsyncTwoPhaseRulesAuthorizer.lambda$checkResources$0(AsyncTwoPhaseRulesAuthorizer.java:691)
	at com.google.cloud.datastore.computation.Computation.lambda$forEach$0(Computation.java:128)
	at com.google.cloud.datastore.computation.Computation.doWhile(Computation.java:212)
	at com.google.cloud.datastore.computation.Computation.lambda$whileTrue$2(Computation.java:151)
	at com.google.cloud.datastore.computation.Remainder$Completed.thenCompose(Remainder.java:726)
	at com.google.cloud.datastore.computation.Remainder.thenCompose(Remainder.java:452)
	at com.google.cloud.datastore.computation.Computation.whileTrue(Computation.java:151)
	at com.google.cloud.datastore.computation.Computation.whileTrue(Computation.java:133)
	at com.google.cloud.datastore.computation.Computation.forEach(Computation.java:128)
	at com.google.cloud.datastore.computation.Computation.forEach(Computation.java:123)
	at com.google.cloud.datastore.core.auth.rules.AsyncTwoPhaseRulesAuthorizer.checkResources(AsyncTwoPhaseRulesAuthorizer.java:689)
	at com.google.cloud.datastore.core.auth.rules.AsyncTwoPhaseRulesAuthorizer.handlePhaseOneInfo(AsyncTwoPhaseRulesAuthorizer.java:191)
	at com.google.cloud.datastore.core.auth.rules.AsyncTwoPhaseRulesAuthorizer.lambda$checkQueryRequest$0(AsyncTwoPhaseRulesAuthorizer.java:148)
	at com.google.cloud.datastore.computation.Remainder$Completed.thenCompose(Remainder.java:726)
	at com.google.cloud.datastore.computation.Remainder.thenCompose(Remainder.java:452)
	at com.google.cloud.datastore.core.auth.rules.AsyncTwoPhaseRulesAuthorizer.checkQueryRequest(AsyncTwoPhaseRulesAuthorizer.java:143)
	at com.google.cloud.datastore.emulator.impl.rules.DefaultEmulatorRulesAuthorizer.lambda$checkQuery$1(DefaultEmulatorRulesAuthorizer.java:198)
	at com.google.cloud.datastore.computation.Computation.run(Computation.java:81)
	at com.google.cloud.datastore.computation.Computation$Terminated.toFuture(Computation.java:947)
	at com.google.cloud.datastore.computation.Computation.toFuture(Computation.java:92)
	at com.google.cloud.datastore.emulator.impl.rules.DefaultEmulatorRulesAuthorizer.finish(DefaultEmulatorRulesAuthorizer.java:308)
	at com.google.cloud.datastore.emulator.impl.rules.DefaultEmulatorRulesAuthorizer.lambda$checkQuery$0(DefaultEmulatorRulesAuthorizer.java:195)
	at com.google.cloud.datastore.emulator.impl.rules.DefaultEmulatorRulesAuthorizer.withVerboseErrors(DefaultEmulatorRulesAuthorizer.java:321)
	... 29 more

Sep 03, 2026 8:59:43 PM com.google.cloud.datastore.emulator.impl.util.WrappedStreamObserver onError
WARNING: Operation failed: 
Null value error. for 'list' @ L31, Null value error. for 'list' @ L31
com.google.cloud.datastore.core.exception.DatastoreException: 
Null value error. for 'list' @ L31, Null value error. for 'list' @ L31
	at com.google.cloud.datastore.core.exception.DatastoreException$Builder.build(DatastoreException.java:152)
	at com.google.cloud.datastore.emulator.impl.rules.DefaultEmulatorRulesAuthorizer.verboseError(DefaultEmulatorRulesAuthorizer.java:349)
	at com.google.cloud.datastore.emulator.impl.rules.DefaultEmulatorRulesAuthorizer.withVerboseErrors(DefaultEmulatorRulesAuthorizer.java:326)
	at com.google.cloud.datastore.emulator.impl.rules.DefaultEmulatorRulesAuthorizer.checkQuery(DefaultEmulatorRulesAuthorizer.java:193)
	at com.google.cloud.datastore.emulator.impl.firestore.FirestoreEmulatorHelper.ruleAuthorizeAndReadEntities(FirestoreEmulatorHelper.java:811)
	at com.google.cloud.datastore.emulator.impl.firestore.FirestoreEmulatorHelper.snapshotQuery(FirestoreEmulatorHelper.java:661)
	at com.google.cloud.datastore.emulator.impl.firestore.FirestoreEmulatorHelper.lambda$query$0(FirestoreEmulatorHelper.java:645)
	at com.google.cloud.datastore.emulator.impl.transactions.EmulatorTransactionManager$ReadOnlyTransaction.fold(EmulatorTransactionManager.java:432)
	at com.google.cloud.datastore.emulator.impl.firestore.FirestoreEmulatorHelper.query(FirestoreEmulatorHelper.java:643)
	at com.google.cloud.datastore.emulator.impl.firestore.CloudFirestoreV1.runQueryStandardEdition(CloudFirestoreV1.java:656)
	at com.google.cloud.datastore.emulator.impl.firestore.CloudFirestoreV1.runQuery(CloudFirestoreV1.java:632)
	at com.google.cloud.datastore.emulator.impl.firestore.CloudFirestoreV1Router.runQuery(CloudFirestoreV1Router.java:190)
	at com.google.cloud.datastore.emulator.firestore.v1.FirestoreV1GrpcAdapter$1.lambda$runQuery$0(FirestoreV1GrpcAdapter.java:178)
	at com.google.cloud.datastore.emulator.firestore.v1.FirestoreV1GrpcAdapter.streaming(FirestoreV1GrpcAdapter.java:82)
	at com.google.cloud.datastore.emulator.firestore.v1.FirestoreV1GrpcAdapter$1.runQuery(FirestoreV1GrpcAdapter.java:178)
	at com.google.firestore.v1.FirestoreGrpc$MethodHandlers.invoke(FirestoreGrpc.java:1412)
	at io.grpc.stub.ServerCalls$UnaryServerCallHandler$UnaryServerCallListener.onHalfClose(ServerCalls.java:182)
	at io.grpc.PartialForwardingServerCallListener.onHalfClose(PartialForwardingServerCallListener.java:35)
	at io.grpc.ForwardingServerCallListener.onHalfClose(ForwardingServerCallListener.java:23)
	at io.grpc.ForwardingServerCallListener$SimpleForwardingServerCallListener.onHalfClose(ForwardingServerCallListener.java:40)
	at io.grpc.Contexts$ContextualizedServerCallListener.onHalfClose(Contexts.java:86)
	at io.grpc.PartialForwardingServerCallListener.onHalfClose(PartialForwardingServerCallListener.java:35)
	at io.grpc.ForwardingServerCallListener.onHalfClose(ForwardingServerCallListener.java:23)
	at io.grpc.ForwardingServerCallListener$SimpleForwardingServerCallListener.onHalfClose(ForwardingServerCallListener.java:40)
	at io.grpc.Contexts$ContextualizedServerCallListener.onHalfClose(Contexts.java:86)
	at io.grpc.internal.ServerCallImpl$ServerStreamListenerImpl.halfClosed(ServerCallImpl.java:356)
	at io.grpc.internal.ServerImpl$JumpToApplicationThreadServerStreamListener$1HalfClosed.runInContext(ServerImpl.java:861)
	at io.grpc.internal.ContextRunnable.run(ContextRunnable.java:37)
	at io.grpc.internal.SerializingExecutor.run(SerializingExecutor.java:133)
	at java.base/java.util.concurrent.ThreadPoolExecutor.runWorker(ThreadPoolExecutor.java:1090)
	at java.base/java.util.concurrent.ThreadPoolExecutor$Worker.run(ThreadPoolExecutor.java:614)
	at java.base/java.lang.Thread.run(Thread.java:1516)
Caused by: com.google.firebase.rules.runtime.common.EvaluationException: Error: /var/folders/17/97zrc8dn5kj9m8sn51kc0h3w0000gn/T/fireside-query-rules-mmhX4C/firestore.rules line [31], column [99]. Null value error.
	at com.google.firebase.rules.runtime.impl.DefaultEvaluator$TransformEvaluationException.apply(DefaultEvaluator.java:275)
	at com.google.firebase.rules.runtime.impl.DefaultEvaluator$TransformEvaluationException.apply(DefaultEvaluator.java:261)
	at com.google.common.util.concurrent.AbstractCatchingFuture$AsyncCatchingFuture.doFallback(AbstractCatchingFuture.java:207)
	at com.google.common.util.concurrent.AbstractCatchingFuture$AsyncCatchingFuture.doFallback(AbstractCatchingFuture.java:194)
	at com.google.common.util.concurrent.AbstractCatchingFuture.run(AbstractCatchingFuture.java:136)
	at com.google.common.util.concurrent.DirectExecutor.execute(DirectExecutor.java:30)
	at com.google.common.util.concurrent.AbstractFuture.executeListener(AbstractFuture.java:1024)
	at com.google.common.util.concurrent.AbstractFuture.addListener(AbstractFuture.java:486)
	at com.google.common.util.concurrent.FluentFuture$TrustedFuture.addListener(FluentFuture.java:122)
	at com.google.common.util.concurrent.AbstractCatchingFuture.createAsync(AbstractCatchingFuture.java:58)
	at com.google.common.util.concurrent.Futures.catchingAsync(Futures.java:409)
	at com.google.firebase.rules.runtime.impl.DefaultEvaluator.evaluate(DefaultEvaluator.java:177)
	at com.google.cloud.datastore.emulator.impl.rules.EmulatorRuleClient$EmulatorRuleEvaluator.evaluate(EmulatorRuleClient.java:88)
	at com.google.cloud.datastore.core.auth.rules.AsyncTwoPhaseRulesAuthorizer.lambda$fullEvaluate$0(AsyncTwoPhaseRulesAuthorizer.java:1001)
	at com.google.cloud.datastore.computation.Computation.tryCatch(Computation.java:469)
	at com.google.cloud.datastore.core.auth.rules.AsyncTwoPhaseRulesAuthorizer.fullEvaluate(AsyncTwoPhaseRulesAuthorizer.java:1000)
	at com.google.cloud.datastore.core.auth.rules.AsyncTwoPhaseRulesAuthorizer.checkResource(AsyncTwoPhaseRulesAuthorizer.java:711)
	at com.google.cloud.datastore.core.auth.rules.AsyncTwoPhaseRulesAuthorizer.lambda$checkResources$0(AsyncTwoPhaseRulesAuthorizer.java:691)
	at com.google.cloud.datastore.computation.Computation.lambda$forEach$0(Computation.java:128)
	at com.google.cloud.datastore.computation.Computation.doWhile(Computation.java:212)
	at com.google.cloud.datastore.computation.Computation.lambda$whileTrue$2(Computation.java:151)
	at com.google.cloud.datastore.computation.Remainder$Completed.thenCompose(Remainder.java:726)
	at com.google.cloud.datastore.computation.Remainder.thenCompose(Remainder.java:452)
	at com.google.cloud.datastore.computation.Computation.whileTrue(Computation.java:151)
	at com.google.cloud.datastore.computation.Computation.whileTrue(Computation.java:133)
	at com.google.cloud.datastore.computation.Computation.forEach(Computation.java:128)
	at com.google.cloud.datastore.computation.Computation.forEach(Computation.java:123)
	at com.google.cloud.datastore.core.auth.rules.AsyncTwoPhaseRulesAuthorizer.checkResources(AsyncTwoPhaseRulesAuthorizer.java:689)
	at com.google.cloud.datastore.core.auth.rules.AsyncTwoPhaseRulesAuthorizer.handlePhaseOneInfo(AsyncTwoPhaseRulesAuthorizer.java:191)
	at com.google.cloud.datastore.core.auth.rules.AsyncTwoPhaseRulesAuthorizer.lambda$checkQueryRequest$0(AsyncTwoPhaseRulesAuthorizer.java:148)
	at com.google.cloud.datastore.computation.Remainder$Completed.thenCompose(Remainder.java:726)
	at com.google.cloud.datastore.computation.Remainder.thenCompose(Remainder.java:452)
	at com.google.cloud.datastore.core.auth.rules.AsyncTwoPhaseRulesAuthorizer.checkQueryRequest(AsyncTwoPhaseRulesAuthorizer.java:143)
	at com.google.cloud.datastore.emulator.impl.rules.DefaultEmulatorRulesAuthorizer.lambda$checkQuery$1(DefaultEmulatorRulesAuthorizer.java:198)
	at com.google.cloud.datastore.computation.Computation.run(Computation.java:81)
	at com.google.cloud.datastore.computation.Computation$Terminated.toFuture(Computation.java:947)
	at com.google.cloud.datastore.computation.Computation.toFuture(Computation.java:92)
	at com.google.cloud.datastore.emulator.impl.rules.DefaultEmulatorRulesAuthorizer.finish(DefaultEmulatorRulesAuthorizer.java:308)
	at com.google.cloud.datastore.emulator.impl.rules.DefaultEmulatorRulesAuthorizer.lambda$checkQuery$0(DefaultEmulatorRulesAuthorizer.java:195)
	at com.google.cloud.datastore.emulator.impl.rules.DefaultEmulatorRulesAuthorizer.withVerboseErrors(DefaultEmulatorRulesAuthorizer.java:321)
	... 29 more

Sep 03, 2026 8:59:43 PM com.google.cloud.datastore.emulator.impl.util.WrappedStreamObserver onError
WARNING: Operation failed: 
Null value error. for 'list' @ L31, Null value error. for 'list' @ L31
com.google.cloud.datastore.core.exception.DatastoreException: 
Null value error. for 'list' @ L31, Null value error. for 'list' @ L31
	at com.google.cloud.datastore.core.exception.DatastoreException$Builder.build(DatastoreException.java:152)
	at com.google.cloud.datastore.emulator.impl.rules.DefaultEmulatorRulesAuthorizer.verboseError(DefaultEmulatorRulesAuthorizer.java:349)
	at com.google.cloud.datastore.emulator.impl.rules.DefaultEmulatorRulesAuthorizer.withVerboseErrors(DefaultEmulatorRulesAuthorizer.java:326)
	at com.google.cloud.datastore.emulator.impl.rules.DefaultEmulatorRulesAuthorizer.checkQuery(DefaultEmulatorRulesAuthorizer.java:193)
	at com.google.cloud.datastore.emulator.impl.firestore.FirestoreEmulatorHelper.ruleAuthorizeAndReadEntities(FirestoreEmulatorHelper.java:811)
	at com.google.cloud.datastore.emulator.impl.firestore.FirestoreEmulatorHelper.snapshotQuery(FirestoreEmulatorHelper.java:661)
	at com.google.cloud.datastore.emulator.impl.firestore.FirestoreEmulatorHelper.lambda$query$0(FirestoreEmulatorHelper.java:645)
	at com.google.cloud.datastore.emulator.impl.transactions.EmulatorTransactionManager$ReadOnlyTransaction.fold(EmulatorTransactionManager.java:432)
	at com.google.cloud.datastore.emulator.impl.firestore.FirestoreEmulatorHelper.query(FirestoreEmulatorHelper.java:643)
	at com.google.cloud.datastore.emulator.impl.firestore.CloudFirestoreV1.runQueryStandardEdition(CloudFirestoreV1.java:656)
	at com.google.cloud.datastore.emulator.impl.firestore.CloudFirestoreV1.runQuery(CloudFirestoreV1.java:632)
	at com.google.cloud.datastore.emulator.impl.firestore.CloudFirestoreV1Router.runQuery(CloudFirestoreV1Router.java:190)
	at com.google.cloud.datastore.emulator.firestore.v1.FirestoreV1GrpcAdapter$1.lambda$runQuery$0(FirestoreV1GrpcAdapter.java:178)
	at com.google.cloud.datastore.emulator.firestore.v1.FirestoreV1GrpcAdapter.streaming(FirestoreV1GrpcAdapter.java:82)
	at com.google.cloud.datastore.emulator.firestore.v1.FirestoreV1GrpcAdapter$1.runQuery(FirestoreV1GrpcAdapter.java:178)
	at com.google.firestore.v1.FirestoreGrpc$MethodHandlers.invoke(FirestoreGrpc.java:1412)
	at io.grpc.stub.ServerCalls$UnaryServerCallHandler$UnaryServerCallListener.onHalfClose(ServerCalls.java:182)
	at io.grpc.PartialForwardingServerCallListener.onHalfClose(PartialForwardingServerCallListener.java:35)
	at io.grpc.ForwardingServerCallListener.onHalfClose(ForwardingServerCallListener.java:23)
	at io.grpc.ForwardingServerCallListener$SimpleForwardingServerCallListener.onHalfClose(ForwardingServerCallListener.java:40)
	at io.grpc.Contexts$ContextualizedServerCallListener.onHalfClose(Contexts.java:86)
	at io.grpc.PartialForwardingServerCallListener.onHalfClose(PartialForwardingServerCallListener.java:35)
	at io.grpc.ForwardingServerCallListener.onHalfClose(ForwardingServerCallListener.java:23)
	at io.grpc.ForwardingServerCallListener$SimpleForwardingServerCallListener.onHalfClose(ForwardingServerCallListener.java:40)
	at io.grpc.Contexts$ContextualizedServerCallListener.onHalfClose(Contexts.java:86)
	at io.grpc.internal.ServerCallImpl$ServerStreamListenerImpl.halfClosed(ServerCallImpl.java:356)
	at io.grpc.internal.ServerImpl$JumpToApplicationThreadServerStreamListener$1HalfClosed.runInContext(ServerImpl.java:861)
	at io.grpc.internal.ContextRunnable.run(ContextRunnable.java:37)
	at io.grpc.internal.SerializingExecutor.run(SerializingExecutor.java:133)
	at java.base/java.util.concurrent.ThreadPoolExecutor.runWorker(ThreadPoolExecutor.java:1090)
	at java.base/java.util.concurrent.ThreadPoolExecutor$Worker.run(ThreadPoolExecutor.java:614)
	at java.base/java.lang.Thread.run(Thread.java:1516)
Caused by: com.google.firebase.rules.runtime.common.EvaluationException: Error: /var/folders/17/97zrc8dn5kj9m8sn51kc0h3w0000gn/T/fireside-query-rules-mmhX4C/firestore.rules line [31], column [99]. Null value error.
	at com.google.firebase.rules.runtime.impl.DefaultEvaluator$TransformEvaluationException.apply(DefaultEvaluator.java:275)
	at com.google.firebase.rules.runtime.impl.DefaultEvaluator$TransformEvaluationException.apply(DefaultEvaluator.java:261)
	at com.google.common.util.concurrent.AbstractCatchingFuture$AsyncCatchingFuture.doFallback(AbstractCatchingFuture.java:207)
	at com.google.common.util.concurrent.AbstractCatchingFuture$AsyncCatchingFuture.doFallback(AbstractCatchingFuture.java:194)
	at com.google.common.util.concurrent.AbstractCatchingFuture.run(AbstractCatchingFuture.java:136)
	at com.google.common.util.concurrent.DirectExecutor.execute(DirectExecutor.java:30)
	at com.google.common.util.concurrent.AbstractFuture.executeListener(AbstractFuture.java:1024)
	at com.google.common.util.concurrent.AbstractFuture.addListener(AbstractFuture.java:486)
	at com.google.common.util.concurrent.FluentFuture$TrustedFuture.addListener(FluentFuture.java:122)
	at com.google.common.util.concurrent.AbstractCatchingFuture.createAsync(AbstractCatchingFuture.java:58)
	at com.google.common.util.concurrent.Futures.catchingAsync(Futures.java:409)
	at com.google.firebase.rules.runtime.impl.DefaultEvaluator.evaluate(DefaultEvaluator.java:177)
	at com.google.cloud.datastore.emulator.impl.rules.EmulatorRuleClient$EmulatorRuleEvaluator.evaluate(EmulatorRuleClient.java:88)
	at com.google.cloud.datastore.core.auth.rules.AsyncTwoPhaseRulesAuthorizer.lambda$fullEvaluate$0(AsyncTwoPhaseRulesAuthorizer.java:1001)
	at com.google.cloud.datastore.computation.Computation.tryCatch(Computation.java:469)
	at com.google.cloud.datastore.core.auth.rules.AsyncTwoPhaseRulesAuthorizer.fullEvaluate(AsyncTwoPhaseRulesAuthorizer.java:1000)
	at com.google.cloud.datastore.core.auth.rules.AsyncTwoPhaseRulesAuthorizer.checkResource(AsyncTwoPhaseRulesAuthorizer.java:711)
	at com.google.cloud.datastore.core.auth.rules.AsyncTwoPhaseRulesAuthorizer.lambda$checkResources$0(AsyncTwoPhaseRulesAuthorizer.java:691)
	at com.google.cloud.datastore.computation.Computation.lambda$forEach$0(Computation.java:128)
	at com.google.cloud.datastore.computation.Computation.doWhile(Computation.java:212)
	at com.google.cloud.datastore.computation.Computation.lambda$whileTrue$2(Computation.java:151)
	at com.google.cloud.datastore.computation.Remainder$Completed.thenCompose(Remainder.java:726)
	at com.google.cloud.datastore.computation.Remainder.thenCompose(Remainder.java:452)
	at com.google.cloud.datastore.computation.Computation.whileTrue(Computation.java:151)
	at com.google.cloud.datastore.computation.Computation.whileTrue(Computation.java:133)
	at com.google.cloud.datastore.computation.Computation.forEach(Computation.java:128)
	at com.google.cloud.datastore.computation.Computation.forEach(Computation.java:123)
	at com.google.cloud.datastore.core.auth.rules.AsyncTwoPhaseRulesAuthorizer.checkResources(AsyncTwoPhaseRulesAuthorizer.java:689)
	at com.google.cloud.datastore.core.auth.rules.AsyncTwoPhaseRulesAuthorizer.handlePhaseOneInfo(AsyncTwoPhaseRulesAuthorizer.java:191)
	at com.google.cloud.datastore.core.auth.rules.AsyncTwoPhaseRulesAuthorizer.lambda$checkQueryRequest$0(AsyncTwoPhaseRulesAuthorizer.java:148)
	at com.google.cloud.datastore.computation.Remainder$Completed.thenCompose(Remainder.java:726)
	at com.google.cloud.datastore.computation.Remainder.thenCompose(Remainder.java:452)
	at com.google.cloud.datastore.core.auth.rules.AsyncTwoPhaseRulesAuthorizer.checkQueryRequest(AsyncTwoPhaseRulesAuthorizer.java:143)
	at com.google.cloud.datastore.emulator.impl.rules.DefaultEmulatorRulesAuthorizer.lambda$checkQuery$1(DefaultEmulatorRulesAuthorizer.java:198)
	at com.google.cloud.datastore.computation.Computation.run(Computation.java:81)
	at com.google.cloud.datastore.computation.Computation$Terminated.toFuture(Computation.java:947)
	at com.google.cloud.datastore.computation.Computation.toFuture(Computation.java:92)
	at com.google.cloud.datastore.emulator.impl.rules.DefaultEmulatorRulesAuthorizer.finish(DefaultEmulatorRulesAuthorizer.java:308)
	at com.google.cloud.datastore.emulator.impl.rules.DefaultEmulatorRulesAuthorizer.lambda$checkQuery$0(DefaultEmulatorRulesAuthorizer.java:195)
	at com.google.cloud.datastore.emulator.impl.rules.DefaultEmulatorRulesAuthorizer.withVerboseErrors(DefaultEmulatorRulesAuthorizer.java:321)
	... 29 more

Sep 03, 2026 8:59:43 PM com.google.cloud.datastore.emulator.impl.util.WrappedStreamObserver onError
WARNING: Operation failed: 
Null value error. for 'list' @ L31, Null value error. for 'list' @ L31
com.google.cloud.datastore.core.exception.DatastoreException: 
Null value error. for 'list' @ L31, Null value error. for 'list' @ L31
	at com.google.cloud.datastore.core.exception.DatastoreException$Builder.build(DatastoreException.java:152)
	at com.google.cloud.datastore.emulator.impl.rules.DefaultEmulatorRulesAuthorizer.verboseError(DefaultEmulatorRulesAuthorizer.java:349)
	at com.google.cloud.datastore.emulator.impl.rules.DefaultEmulatorRulesAuthorizer.withVerboseErrors(DefaultEmulatorRulesAuthorizer.java:326)
	at com.google.cloud.datastore.emulator.impl.rules.DefaultEmulatorRulesAuthorizer.checkQuery(DefaultEmulatorRulesAuthorizer.java:193)
	at com.google.cloud.datastore.emulator.impl.firestore.FirestoreEmulatorHelper.ruleAuthorizeAndReadEntities(FirestoreEmulatorHelper.java:811)
	at com.google.cloud.datastore.emulator.impl.firestore.FirestoreEmulatorHelper.snapshotAggregationQuery(FirestoreEmulatorHelper.java:723)
	at com.google.cloud.datastore.emulator.impl.firestore.FirestoreEmulatorHelper.lambda$aggregationQuery$0(FirestoreEmulatorHelper.java:705)
	at com.google.cloud.datastore.emulator.impl.transactions.EmulatorTransactionManager$ReadOnlyTransaction.fold(EmulatorTransactionManager.java:432)
	at com.google.cloud.datastore.emulator.impl.firestore.FirestoreEmulatorHelper.aggregationQuery(FirestoreEmulatorHelper.java:704)
	at com.google.cloud.datastore.emulator.impl.firestore.CloudFirestoreV1.runAggregationQueryStandardEdition(CloudFirestoreV1.java:776)
	at com.google.cloud.datastore.emulator.impl.firestore.CloudFirestoreV1.runAggregationQuery(CloudFirestoreV1.java:751)
	at com.google.cloud.datastore.emulator.impl.firestore.CloudFirestoreV1Router.runAggregationQuery(CloudFirestoreV1Router.java:197)
	at com.google.cloud.datastore.emulator.firestore.v1.FirestoreV1GrpcAdapter$1.lambda$runAggregationQuery$0(FirestoreV1GrpcAdapter.java:185)
	at com.google.cloud.datastore.emulator.firestore.v1.FirestoreV1GrpcAdapter.streaming(FirestoreV1GrpcAdapter.java:82)
	at com.google.cloud.datastore.emulator.firestore.v1.FirestoreV1GrpcAdapter$1.runAggregationQuery(FirestoreV1GrpcAdapter.java:185)
	at com.google.firestore.v1.FirestoreGrpc$MethodHandlers.invoke(FirestoreGrpc.java:1420)
	at io.grpc.stub.ServerCalls$UnaryServerCallHandler$UnaryServerCallListener.onHalfClose(ServerCalls.java:182)
	at io.grpc.PartialForwardingServerCallListener.onHalfClose(PartialForwardingServerCallListener.java:35)
	at io.grpc.ForwardingServerCallListener.onHalfClose(ForwardingServerCallListener.java:23)
	at io.grpc.ForwardingServerCallListener$SimpleForwardingServerCallListener.onHalfClose(ForwardingServerCallListener.java:40)
	at io.grpc.Contexts$ContextualizedServerCallListener.onHalfClose(Contexts.java:86)
	at io.grpc.PartialForwardingServerCallListener.onHalfClose(PartialForwardingServerCallListener.java:35)
	at io.grpc.ForwardingServerCallListener.onHalfClose(ForwardingServerCallListener.java:23)
	at io.grpc.ForwardingServerCallListener$SimpleForwardingServerCallListener.onHalfClose(ForwardingServerCallListener.java:40)
	at io.grpc.Contexts$ContextualizedServerCallListener.onHalfClose(Contexts.java:86)
	at io.grpc.internal.ServerCallImpl$ServerStreamListenerImpl.halfClosed(ServerCallImpl.java:356)
	at io.grpc.internal.ServerImpl$JumpToApplicationThreadServerStreamListener$1HalfClosed.runInContext(ServerImpl.java:861)
	at io.grpc.internal.ContextRunnable.run(ContextRunnable.java:37)
	at io.grpc.internal.SerializingExecutor.run(SerializingExecutor.java:133)
	at java.base/java.util.concurrent.ThreadPoolExecutor.runWorker(ThreadPoolExecutor.java:1090)
	at java.base/java.util.concurrent.ThreadPoolExecutor$Worker.run(ThreadPoolExecutor.java:614)
	at java.base/java.lang.Thread.run(Thread.java:1516)
Caused by: com.google.firebase.rules.runtime.common.EvaluationException: Error: /var/folders/17/97zrc8dn5kj9m8sn51kc0h3w0000gn/T/fireside-query-rules-mmhX4C/firestore.rules line [31], column [99]. Null value error.
	at com.google.firebase.rules.runtime.impl.DefaultEvaluator$TransformEvaluationException.apply(DefaultEvaluator.java:275)
	at com.google.firebase.rules.runtime.impl.DefaultEvaluator$TransformEvaluationException.apply(DefaultEvaluator.java:261)
	at com.google.common.util.concurrent.AbstractCatchingFuture$AsyncCatchingFuture.doFallback(AbstractCatchingFuture.java:207)
	at com.google.common.util.concurrent.AbstractCatchingFuture$AsyncCatchingFuture.doFallback(AbstractCatchingFuture.java:194)
	at com.google.common.util.concurrent.AbstractCatchingFuture.run(AbstractCatchingFuture.java:136)
	at com.google.common.util.concurrent.DirectExecutor.execute(DirectExecutor.java:30)
	at com.google.common.util.concurrent.AbstractFuture.executeListener(AbstractFuture.java:1024)
	at com.google.common.util.concurrent.AbstractFuture.addListener(AbstractFuture.java:486)
	at com.google.common.util.concurrent.FluentFuture$TrustedFuture.addListener(FluentFuture.java:122)
	at com.google.common.util.concurrent.AbstractCatchingFuture.createAsync(AbstractCatchingFuture.java:58)
	at com.google.common.util.concurrent.Futures.catchingAsync(Futures.java:409)
	at com.google.firebase.rules.runtime.impl.DefaultEvaluator.evaluate(DefaultEvaluator.java:177)
	at com.google.cloud.datastore.emulator.impl.rules.EmulatorRuleClient$EmulatorRuleEvaluator.evaluate(EmulatorRuleClient.java:88)
	at com.google.cloud.datastore.core.auth.rules.AsyncTwoPhaseRulesAuthorizer.lambda$fullEvaluate$0(AsyncTwoPhaseRulesAuthorizer.java:1001)
	at com.google.cloud.datastore.computation.Computation.tryCatch(Computation.java:469)
	at com.google.cloud.datastore.core.auth.rules.AsyncTwoPhaseRulesAuthorizer.fullEvaluate(AsyncTwoPhaseRulesAuthorizer.java:1000)
	at com.google.cloud.datastore.core.auth.rules.AsyncTwoPhaseRulesAuthorizer.checkResource(AsyncTwoPhaseRulesAuthorizer.java:711)
	at com.google.cloud.datastore.core.auth.rules.AsyncTwoPhaseRulesAuthorizer.lambda$checkResources$0(AsyncTwoPhaseRulesAuthorizer.java:691)
	at com.google.cloud.datastore.computation.Computation.lambda$forEach$0(Computation.java:128)
	at com.google.cloud.datastore.computation.Computation.doWhile(Computation.java:212)
	at com.google.cloud.datastore.computation.Computation.lambda$whileTrue$2(Computation.java:151)
	at com.google.cloud.datastore.computation.Remainder$Completed.thenCompose(Remainder.java:726)
	at com.google.cloud.datastore.computation.Remainder.thenCompose(Remainder.java:452)
	at com.google.cloud.datastore.computation.Computation.whileTrue(Computation.java:151)
	at com.google.cloud.datastore.computation.Computation.whileTrue(Computation.java:133)
	at com.google.cloud.datastore.computation.Computation.forEach(Computation.java:128)
	at com.google.cloud.datastore.computation.Computation.forEach(Computation.java:123)
	at com.google.cloud.datastore.core.auth.rules.AsyncTwoPhaseRulesAuthorizer.checkResources(AsyncTwoPhaseRulesAuthorizer.java:689)
	at com.google.cloud.datastore.core.auth.rules.AsyncTwoPhaseRulesAuthorizer.handlePhaseOneInfo(AsyncTwoPhaseRulesAuthorizer.java:191)
	at com.google.cloud.datastore.core.auth.rules.AsyncTwoPhaseRulesAuthorizer.lambda$checkQueryRequest$0(AsyncTwoPhaseRulesAuthorizer.java:148)
	at com.google.cloud.datastore.computation.Remainder$Completed.thenCompose(Remainder.java:726)
	at com.google.cloud.datastore.computation.Remainder.thenCompose(Remainder.java:452)
	at com.google.cloud.datastore.core.auth.rules.AsyncTwoPhaseRulesAuthorizer.checkQueryRequest(AsyncTwoPhaseRulesAuthorizer.java:143)
	at com.google.cloud.datastore.emulator.impl.rules.DefaultEmulatorRulesAuthorizer.lambda$checkQuery$1(DefaultEmulatorRulesAuthorizer.java:198)
	at com.google.cloud.datastore.computation.Computation.run(Computation.java:81)
	at com.google.cloud.datastore.computation.Computation$Terminated.toFuture(Computation.java:947)
	at com.google.cloud.datastore.computation.Computation.toFuture(Computation.java:92)
	at com.google.cloud.datastore.emulator.impl.rules.DefaultEmulatorRulesAuthorizer.finish(DefaultEmulatorRulesAuthorizer.java:308)
	at com.google.cloud.datastore.emulator.impl.rules.DefaultEmulatorRulesAuthorizer.lambda$checkQuery$0(DefaultEmulatorRulesAuthorizer.java:195)
	at com.google.cloud.datastore.emulator.impl.rules.DefaultEmulatorRulesAuthorizer.withVerboseErrors(DefaultEmulatorRulesAuthorizer.java:321)
	... 29 more

Sep 03, 2026 8:59:43 PM com.google.cloud.datastore.emulator.impl.util.WrappedStreamObserver onError
WARNING: Operation failed: 
Null value error. for 'list' @ L33, Null value error. for 'list' @ L33
com.google.cloud.datastore.core.exception.DatastoreException: 
Null value error. for 'list' @ L33, Null value error. for 'list' @ L33
	at com.google.cloud.datastore.core.exception.DatastoreException$Builder.build(DatastoreException.java:152)
	at com.google.cloud.datastore.emulator.impl.rules.DefaultEmulatorRulesAuthorizer.verboseError(DefaultEmulatorRulesAuthorizer.java:349)
	at com.google.cloud.datastore.emulator.impl.rules.DefaultEmulatorRulesAuthorizer.withVerboseErrors(DefaultEmulatorRulesAuthorizer.java:326)
	at com.google.cloud.datastore.emulator.impl.rules.DefaultEmulatorRulesAuthorizer.checkQuery(DefaultEmulatorRulesAuthorizer.java:193)
	at com.google.cloud.datastore.emulator.impl.firestore.FirestoreEmulatorHelper.ruleAuthorizeAndReadEntities(FirestoreEmulatorHelper.java:811)
	at com.google.cloud.datastore.emulator.impl.firestore.FirestoreEmulatorHelper.snapshotQuery(FirestoreEmulatorHelper.java:661)
	at com.google.cloud.datastore.emulator.impl.firestore.FirestoreEmulatorHelper.lambda$query$0(FirestoreEmulatorHelper.java:645)
	at com.google.cloud.datastore.emulator.impl.transactions.EmulatorTransactionManager$ReadOnlyTransaction.fold(EmulatorTransactionManager.java:432)
	at com.google.cloud.datastore.emulator.impl.firestore.FirestoreEmulatorHelper.query(FirestoreEmulatorHelper.java:643)
	at com.google.cloud.datastore.emulator.impl.firestore.CloudFirestoreV1.runQueryStandardEdition(CloudFirestoreV1.java:656)
	at com.google.cloud.datastore.emulator.impl.firestore.CloudFirestoreV1.runQuery(CloudFirestoreV1.java:632)
	at com.google.cloud.datastore.emulator.impl.firestore.CloudFirestoreV1Router.runQuery(CloudFirestoreV1Router.java:190)
	at com.google.cloud.datastore.emulator.firestore.v1.FirestoreV1GrpcAdapter$1.lambda$runQuery$0(FirestoreV1GrpcAdapter.java:178)
	at com.google.cloud.datastore.emulator.firestore.v1.FirestoreV1GrpcAdapter.streaming(FirestoreV1GrpcAdapter.java:82)
	at com.google.cloud.datastore.emulator.firestore.v1.FirestoreV1GrpcAdapter$1.runQuery(FirestoreV1GrpcAdapter.java:178)
	at com.google.firestore.v1.FirestoreGrpc$MethodHandlers.invoke(FirestoreGrpc.java:1412)
	at io.grpc.stub.ServerCalls$UnaryServerCallHandler$UnaryServerCallListener.onHalfClose(ServerCalls.java:182)
	at io.grpc.PartialForwardingServerCallListener.onHalfClose(PartialForwardingServerCallListener.java:35)
	at io.grpc.ForwardingServerCallListener.onHalfClose(ForwardingServerCallListener.java:23)
	at io.grpc.ForwardingServerCallListener$SimpleForwardingServerCallListener.onHalfClose(ForwardingServerCallListener.java:40)
	at io.grpc.Contexts$ContextualizedServerCallListener.onHalfClose(Contexts.java:86)
	at io.grpc.PartialForwardingServerCallListener.onHalfClose(PartialForwardingServerCallListener.java:35)
	at io.grpc.ForwardingServerCallListener.onHalfClose(ForwardingServerCallListener.java:23)
	at io.grpc.ForwardingServerCallListener$SimpleForwardingServerCallListener.onHalfClose(ForwardingServerCallListener.java:40)
	at io.grpc.Contexts$ContextualizedServerCallListener.onHalfClose(Contexts.java:86)
	at io.grpc.internal.ServerCallImpl$ServerStreamListenerImpl.halfClosed(ServerCallImpl.java:356)
	at io.grpc.internal.ServerImpl$JumpToApplicationThreadServerStreamListener$1HalfClosed.runInContext(ServerImpl.java:861)
	at io.grpc.internal.ContextRunnable.run(ContextRunnable.java:37)
	at io.grpc.internal.SerializingExecutor.run(SerializingExecutor.java:133)
	at java.base/java.util.concurrent.ThreadPoolExecutor.runWorker(ThreadPoolExecutor.java:1090)
	at java.base/java.util.concurrent.ThreadPoolExecutor$Worker.run(ThreadPoolExecutor.java:614)
	at java.base/java.lang.Thread.run(Thread.java:1516)
Caused by: com.google.firebase.rules.runtime.common.EvaluationException: Error: /var/folders/17/97zrc8dn5kj9m8sn51kc0h3w0000gn/T/fireside-query-rules-mmhX4C/firestore.rules line [33], column [65]. Null value error.
	at com.google.firebase.rules.runtime.impl.DefaultEvaluator$TransformEvaluationException.apply(DefaultEvaluator.java:275)
	at com.google.firebase.rules.runtime.impl.DefaultEvaluator$TransformEvaluationException.apply(DefaultEvaluator.java:261)
	at com.google.common.util.concurrent.AbstractCatchingFuture$AsyncCatchingFuture.doFallback(AbstractCatchingFuture.java:207)
	at com.google.common.util.concurrent.AbstractCatchingFuture$AsyncCatchingFuture.doFallback(AbstractCatchingFuture.java:194)
	at com.google.common.util.concurrent.AbstractCatchingFuture.run(AbstractCatchingFuture.java:136)
	at com.google.common.util.concurrent.DirectExecutor.execute(DirectExecutor.java:30)
	at com.google.common.util.concurrent.AbstractFuture.executeListener(AbstractFuture.java:1024)
	at com.google.common.util.concurrent.AbstractFuture.addListener(AbstractFuture.java:486)
	at com.google.common.util.concurrent.FluentFuture$TrustedFuture.addListener(FluentFuture.java:122)
	at com.google.common.util.concurrent.AbstractCatchingFuture.createAsync(AbstractCatchingFuture.java:58)
	at com.google.common.util.concurrent.Futures.catchingAsync(Futures.java:409)
	at com.google.firebase.rules.runtime.impl.DefaultEvaluator.evaluate(DefaultEvaluator.java:177)
	at com.google.cloud.datastore.emulator.impl.rules.EmulatorRuleClient$EmulatorRuleEvaluator.evaluate(EmulatorRuleClient.java:88)
	at com.google.cloud.datastore.core.auth.rules.AsyncTwoPhaseRulesAuthorizer.lambda$fullEvaluate$0(AsyncTwoPhaseRulesAuthorizer.java:1001)
	at com.google.cloud.datastore.computation.Computation.tryCatch(Computation.java:469)
	at com.google.cloud.datastore.core.auth.rules.AsyncTwoPhaseRulesAuthorizer.fullEvaluate(AsyncTwoPhaseRulesAuthorizer.java:1000)
	at com.google.cloud.datastore.core.auth.rules.AsyncTwoPhaseRulesAuthorizer.checkResource(AsyncTwoPhaseRulesAuthorizer.java:711)
	at com.google.cloud.datastore.core.auth.rules.AsyncTwoPhaseRulesAuthorizer.lambda$checkResources$0(AsyncTwoPhaseRulesAuthorizer.java:691)
	at com.google.cloud.datastore.computation.Computation.lambda$forEach$0(Computation.java:128)
	at com.google.cloud.datastore.computation.Computation.doWhile(Computation.java:212)
	at com.google.cloud.datastore.computation.Computation.lambda$whileTrue$2(Computation.java:151)
	at com.google.cloud.datastore.computation.Remainder$Completed.thenCompose(Remainder.java:726)
	at com.google.cloud.datastore.computation.Remainder.thenCompose(Remainder.java:452)
	at com.google.cloud.datastore.computation.Computation.whileTrue(Computation.java:151)
	at com.google.cloud.datastore.computation.Computation.whileTrue(Computation.java:133)
	at com.google.cloud.datastore.computation.Computation.forEach(Computation.java:128)
	at com.google.cloud.datastore.computation.Computation.forEach(Computation.java:123)
	at com.google.cloud.datastore.core.auth.rules.AsyncTwoPhaseRulesAuthorizer.checkResources(AsyncTwoPhaseRulesAuthorizer.java:689)
	at com.google.cloud.datastore.core.auth.rules.AsyncTwoPhaseRulesAuthorizer.handlePhaseOneInfo(AsyncTwoPhaseRulesAuthorizer.java:191)
	at com.google.cloud.datastore.core.auth.rules.AsyncTwoPhaseRulesAuthorizer.lambda$checkQueryRequest$0(AsyncTwoPhaseRulesAuthorizer.java:148)
	at com.google.cloud.datastore.computation.Remainder$Completed.thenCompose(Remainder.java:726)
	at com.google.cloud.datastore.computation.Remainder.thenCompose(Remainder.java:452)
	at com.google.cloud.datastore.core.auth.rules.AsyncTwoPhaseRulesAuthorizer.checkQueryRequest(AsyncTwoPhaseRulesAuthorizer.java:143)
	at com.google.cloud.datastore.emulator.impl.rules.DefaultEmulatorRulesAuthorizer.lambda$checkQuery$1(DefaultEmulatorRulesAuthorizer.java:198)
	at com.google.cloud.datastore.computation.Computation.run(Computation.java:81)
	at com.google.cloud.datastore.computation.Computation$Terminated.toFuture(Computation.java:947)
	at com.google.cloud.datastore.computation.Computation.toFuture(Computation.java:92)
	at com.google.cloud.datastore.emulator.impl.rules.DefaultEmulatorRulesAuthorizer.finish(DefaultEmulatorRulesAuthorizer.java:308)
	at com.google.cloud.datastore.emulator.impl.rules.DefaultEmulatorRulesAuthorizer.lambda$checkQuery$0(DefaultEmulatorRulesAuthorizer.java:195)
	at com.google.cloud.datastore.emulator.impl.rules.DefaultEmulatorRulesAuthorizer.withVerboseErrors(DefaultEmulatorRulesAuthorizer.java:321)
	... 29 more

Sep 03, 2026 8:59:43 PM com.google.cloud.datastore.emulator.impl.util.WrappedStreamObserver onError
WARNING: Operation failed: 
Null value error. for 'list' @ L33, Null value error. for 'list' @ L33
com.google.cloud.datastore.core.exception.DatastoreException: 
Null value error. for 'list' @ L33, Null value error. for 'list' @ L33
	at com.google.cloud.datastore.core.exception.DatastoreException$Builder.build(DatastoreException.java:152)
	at com.google.cloud.datastore.emulator.impl.rules.DefaultEmulatorRulesAuthorizer.verboseError(DefaultEmulatorRulesAuthorizer.java:349)
	at com.google.cloud.datastore.emulator.impl.rules.DefaultEmulatorRulesAuthorizer.withVerboseErrors(DefaultEmulatorRulesAuthorizer.java:326)
	at com.google.cloud.datastore.emulator.impl.rules.DefaultEmulatorRulesAuthorizer.checkQuery(DefaultEmulatorRulesAuthorizer.java:193)
	at com.google.cloud.datastore.emulator.impl.firestore.FirestoreEmulatorHelper.ruleAuthorizeAndReadEntities(FirestoreEmulatorHelper.java:811)
	at com.google.cloud.datastore.emulator.impl.firestore.FirestoreEmulatorHelper.snapshotAggregationQuery(FirestoreEmulatorHelper.java:723)
	at com.google.cloud.datastore.emulator.impl.firestore.FirestoreEmulatorHelper.lambda$aggregationQuery$0(FirestoreEmulatorHelper.java:705)
	at com.google.cloud.datastore.emulator.impl.transactions.EmulatorTransactionManager$ReadOnlyTransaction.fold(EmulatorTransactionManager.java:432)
	at com.google.cloud.datastore.emulator.impl.firestore.FirestoreEmulatorHelper.aggregationQuery(FirestoreEmulatorHelper.java:704)
	at com.google.cloud.datastore.emulator.impl.firestore.CloudFirestoreV1.runAggregationQueryStandardEdition(CloudFirestoreV1.java:776)
	at com.google.cloud.datastore.emulator.impl.firestore.CloudFirestoreV1.runAggregationQuery(CloudFirestoreV1.java:751)
	at com.google.cloud.datastore.emulator.impl.firestore.CloudFirestoreV1Router.runAggregationQuery(CloudFirestoreV1Router.java:197)
	at com.google.cloud.datastore.emulator.firestore.v1.FirestoreV1GrpcAdapter$1.lambda$runAggregationQuery$0(FirestoreV1GrpcAdapter.java:185)
	at com.google.cloud.datastore.emulator.firestore.v1.FirestoreV1GrpcAdapter.streaming(FirestoreV1GrpcAdapter.java:82)
	at com.google.cloud.datastore.emulator.firestore.v1.FirestoreV1GrpcAdapter$1.runAggregationQuery(FirestoreV1GrpcAdapter.java:185)
	at com.google.firestore.v1.FirestoreGrpc$MethodHandlers.invoke(FirestoreGrpc.java:1420)
	at io.grpc.stub.ServerCalls$UnaryServerCallHandler$UnaryServerCallListener.onHalfClose(ServerCalls.java:182)
	at io.grpc.PartialForwardingServerCallListener.onHalfClose(PartialForwardingServerCallListener.java:35)
	at io.grpc.ForwardingServerCallListener.onHalfClose(ForwardingServerCallListener.java:23)
	at io.grpc.ForwardingServerCallListener$SimpleForwardingServerCallListener.onHalfClose(ForwardingServerCallListener.java:40)
	at io.grpc.Contexts$ContextualizedServerCallListener.onHalfClose(Contexts.java:86)
	at io.grpc.PartialForwardingServerCallListener.onHalfClose(PartialForwardingServerCallListener.java:35)
	at io.grpc.ForwardingServerCallListener.onHalfClose(ForwardingServerCallListener.java:23)
	at io.grpc.ForwardingServerCallListener$SimpleForwardingServerCallListener.onHalfClose(ForwardingServerCallListener.java:40)
	at io.grpc.Contexts$ContextualizedServerCallListener.onHalfClose(Contexts.java:86)
	at io.grpc.internal.ServerCallImpl$ServerStreamListenerImpl.halfClosed(ServerCallImpl.java:356)
	at io.grpc.internal.ServerImpl$JumpToApplicationThreadServerStreamListener$1HalfClosed.runInContext(ServerImpl.java:861)
	at io.grpc.internal.ContextRunnable.run(ContextRunnable.java:37)
	at io.grpc.internal.SerializingExecutor.run(SerializingExecutor.java:133)
	at java.base/java.util.concurrent.ThreadPoolExecutor.runWorker(ThreadPoolExecutor.java:1090)
	at java.base/java.util.concurrent.ThreadPoolExecutor$Worker.run(ThreadPoolExecutor.java:614)
	at java.base/java.lang.Thread.run(Thread.java:1516)
Caused by: com.google.firebase.rules.runtime.common.EvaluationException: Error: /var/folders/17/97zrc8dn5kj9m8sn51kc0h3w0000gn/T/fireside-query-rules-mmhX4C/firestore.rules line [33], column [65]. Null value error.
	at com.google.firebase.rules.runtime.impl.DefaultEvaluator$TransformEvaluationException.apply(DefaultEvaluator.java:275)
	at com.google.firebase.rules.runtime.impl.DefaultEvaluator$TransformEvaluationException.apply(DefaultEvaluator.java:261)
	at com.google.common.util.concurrent.AbstractCatchingFuture$AsyncCatchingFuture.doFallback(AbstractCatchingFuture.java:207)
	at com.google.common.util.concurrent.AbstractCatchingFuture$AsyncCatchingFuture.doFallback(AbstractCatchingFuture.java:194)
	at com.google.common.util.concurrent.AbstractCatchingFuture.run(AbstractCatchingFuture.java:136)
	at com.google.common.util.concurrent.DirectExecutor.execute(DirectExecutor.java:30)
	at com.google.common.util.concurrent.AbstractFuture.executeListener(AbstractFuture.java:1024)
	at com.google.common.util.concurrent.AbstractFuture.addListener(AbstractFuture.java:486)
	at com.google.common.util.concurrent.FluentFuture$TrustedFuture.addListener(FluentFuture.java:122)
	at com.google.common.util.concurrent.AbstractCatchingFuture.createAsync(AbstractCatchingFuture.java:58)
	at com.google.common.util.concurrent.Futures.catchingAsync(Futures.java:409)
	at com.google.firebase.rules.runtime.impl.DefaultEvaluator.evaluate(DefaultEvaluator.java:177)
	at com.google.cloud.datastore.emulator.impl.rules.EmulatorRuleClient$EmulatorRuleEvaluator.evaluate(EmulatorRuleClient.java:88)
	at com.google.cloud.datastore.core.auth.rules.AsyncTwoPhaseRulesAuthorizer.lambda$fullEvaluate$0(AsyncTwoPhaseRulesAuthorizer.java:1001)
	at com.google.cloud.datastore.computation.Computation.tryCatch(Computation.java:469)
	at com.google.cloud.datastore.core.auth.rules.AsyncTwoPhaseRulesAuthorizer.fullEvaluate(AsyncTwoPhaseRulesAuthorizer.java:1000)
	at com.google.cloud.datastore.core.auth.rules.AsyncTwoPhaseRulesAuthorizer.checkResource(AsyncTwoPhaseRulesAuthorizer.java:711)
	at com.google.cloud.datastore.core.auth.rules.AsyncTwoPhaseRulesAuthorizer.lambda$checkResources$0(AsyncTwoPhaseRulesAuthorizer.java:691)
	at com.google.cloud.datastore.computation.Computation.lambda$forEach$0(Computation.java:128)
	at com.google.cloud.datastore.computation.Computation.doWhile(Computation.java:212)
	at com.google.cloud.datastore.computation.Computation.lambda$whileTrue$2(Computation.java:151)
	at com.google.cloud.datastore.computation.Remainder$Completed.thenCompose(Remainder.java:726)
	at com.google.cloud.datastore.computation.Remainder.thenCompose(Remainder.java:452)
	at com.google.cloud.datastore.computation.Computation.whileTrue(Computation.java:151)
	at com.google.cloud.datastore.computation.Computation.whileTrue(Computation.java:133)
	at com.google.cloud.datastore.computation.Computation.forEach(Computation.java:128)
	at com.google.cloud.datastore.computation.Computation.forEach(Computation.java:123)
	at com.google.cloud.datastore.core.auth.rules.AsyncTwoPhaseRulesAuthorizer.checkResources(AsyncTwoPhaseRulesAuthorizer.java:689)
	at com.google.cloud.datastore.core.auth.rules.AsyncTwoPhaseRulesAuthorizer.handlePhaseOneInfo(AsyncTwoPhaseRulesAuthorizer.java:191)
	at com.google.cloud.datastore.core.auth.rules.AsyncTwoPhaseRulesAuthorizer.lambda$checkQueryRequest$0(AsyncTwoPhaseRulesAuthorizer.java:148)
	at com.google.cloud.datastore.computation.Remainder$Completed.thenCompose(Remainder.java:726)
	at com.google.cloud.datastore.computation.Remainder.thenCompose(Remainder.java:452)
	at com.google.cloud.datastore.core.auth.rules.AsyncTwoPhaseRulesAuthorizer.checkQueryRequest(AsyncTwoPhaseRulesAuthorizer.java:143)
	at com.google.cloud.datastore.emulator.impl.rules.DefaultEmulatorRulesAuthorizer.lambda$checkQuery$1(DefaultEmulatorRulesAuthorizer.java:198)
	at com.google.cloud.datastore.computation.Computation.run(Computation.java:81)
	at com.google.cloud.datastore.computation.Computation$Terminated.toFuture(Computation.java:947)
	at com.google.cloud.datastore.computation.Computation.toFuture(Computation.java:92)
	at com.google.cloud.datastore.emulator.impl.rules.DefaultEmulatorRulesAuthorizer.finish(DefaultEmulatorRulesAuthorizer.java:308)
	at com.google.cloud.datastore.emulator.impl.rules.DefaultEmulatorRulesAuthorizer.lambda$checkQuery$0(DefaultEmulatorRulesAuthorizer.java:195)
	at com.google.cloud.datastore.emulator.impl.rules.DefaultEmulatorRulesAuthorizer.withVerboseErrors(DefaultEmulatorRulesAuthorizer.java:321)
	... 29 more

Sep 03, 2026 8:59:43 PM com.google.cloud.datastore.emulator.impl.util.WrappedStreamObserver onError
WARNING: Operation failed: 
Null value error. for 'list' @ L33, Null value error. for 'list' @ L33
com.google.cloud.datastore.core.exception.DatastoreException: 
Null value error. for 'list' @ L33, Null value error. for 'list' @ L33
	at com.google.cloud.datastore.core.exception.DatastoreException$Builder.build(DatastoreException.java:152)
	at com.google.cloud.datastore.emulator.impl.rules.DefaultEmulatorRulesAuthorizer.verboseError(DefaultEmulatorRulesAuthorizer.java:349)
	at com.google.cloud.datastore.emulator.impl.rules.DefaultEmulatorRulesAuthorizer.withVerboseErrors(DefaultEmulatorRulesAuthorizer.java:326)
	at com.google.cloud.datastore.emulator.impl.rules.DefaultEmulatorRulesAuthorizer.checkQuery(DefaultEmulatorRulesAuthorizer.java:193)
	at com.google.cloud.datastore.emulator.impl.firestore.FirestoreEmulatorHelper.ruleAuthorizeAndReadEntities(FirestoreEmulatorHelper.java:811)
	at com.google.cloud.datastore.emulator.impl.firestore.FirestoreEmulatorHelper.snapshotQuery(FirestoreEmulatorHelper.java:661)
	at com.google.cloud.datastore.emulator.impl.firestore.FirestoreEmulatorHelper.lambda$query$0(FirestoreEmulatorHelper.java:645)
	at com.google.cloud.datastore.emulator.impl.transactions.EmulatorTransactionManager$ReadOnlyTransaction.fold(EmulatorTransactionManager.java:432)
	at com.google.cloud.datastore.emulator.impl.firestore.FirestoreEmulatorHelper.query(FirestoreEmulatorHelper.java:643)
	at com.google.cloud.datastore.emulator.impl.firestore.CloudFirestoreV1.runQueryStandardEdition(CloudFirestoreV1.java:656)
	at com.google.cloud.datastore.emulator.impl.firestore.CloudFirestoreV1.runQuery(CloudFirestoreV1.java:632)
	at com.google.cloud.datastore.emulator.impl.firestore.CloudFirestoreV1Router.runQuery(CloudFirestoreV1Router.java:190)
	at com.google.cloud.datastore.emulator.firestore.v1.FirestoreV1GrpcAdapter$1.lambda$runQuery$0(FirestoreV1GrpcAdapter.java:178)
	at com.google.cloud.datastore.emulator.firestore.v1.FirestoreV1GrpcAdapter.streaming(FirestoreV1GrpcAdapter.java:82)
	at com.google.cloud.datastore.emulator.firestore.v1.FirestoreV1GrpcAdapter$1.runQuery(FirestoreV1GrpcAdapter.java:178)
	at com.google.firestore.v1.FirestoreGrpc$MethodHandlers.invoke(FirestoreGrpc.java:1412)
	at io.grpc.stub.ServerCalls$UnaryServerCallHandler$UnaryServerCallListener.onHalfClose(ServerCalls.java:182)
	at io.grpc.PartialForwardingServerCallListener.onHalfClose(PartialForwardingServerCallListener.java:35)
	at io.grpc.ForwardingServerCallListener.onHalfClose(ForwardingServerCallListener.java:23)
	at io.grpc.ForwardingServerCallListener$SimpleForwardingServerCallListener.onHalfClose(ForwardingServerCallListener.java:40)
	at io.grpc.Contexts$ContextualizedServerCallListener.onHalfClose(Contexts.java:86)
	at io.grpc.PartialForwardingServerCallListener.onHalfClose(PartialForwardingServerCallListener.java:35)
	at io.grpc.ForwardingServerCallListener.onHalfClose(ForwardingServerCallListener.java:23)
	at io.grpc.ForwardingServerCallListener$SimpleForwardingServerCallListener.onHalfClose(ForwardingServerCallListener.java:40)
	at io.grpc.Contexts$ContextualizedServerCallListener.onHalfClose(Contexts.java:86)
	at io.grpc.internal.ServerCallImpl$ServerStreamListenerImpl.halfClosed(ServerCallImpl.java:356)
	at io.grpc.internal.ServerImpl$JumpToApplicationThreadServerStreamListener$1HalfClosed.runInContext(ServerImpl.java:861)
	at io.grpc.internal.ContextRunnable.run(ContextRunnable.java:37)
	at io.grpc.internal.SerializingExecutor.run(SerializingExecutor.java:133)
	at java.base/java.util.concurrent.ThreadPoolExecutor.runWorker(ThreadPoolExecutor.java:1090)
	at java.base/java.util.concurrent.ThreadPoolExecutor$Worker.run(ThreadPoolExecutor.java:614)
	at java.base/java.lang.Thread.run(Thread.java:1516)
Caused by: com.google.firebase.rules.runtime.common.EvaluationException: Error: /var/folders/17/97zrc8dn5kj9m8sn51kc0h3w0000gn/T/fireside-query-rules-mmhX4C/firestore.rules line [33], column [65]. Null value error.
	at com.google.firebase.rules.runtime.impl.DefaultEvaluator$TransformEvaluationException.apply(DefaultEvaluator.java:275)
	at com.google.firebase.rules.runtime.impl.DefaultEvaluator$TransformEvaluationException.apply(DefaultEvaluator.java:261)
	at com.google.common.util.concurrent.AbstractCatchingFuture$AsyncCatchingFuture.doFallback(AbstractCatchingFuture.java:207)
	at com.google.common.util.concurrent.AbstractCatchingFuture$AsyncCatchingFuture.doFallback(AbstractCatchingFuture.java:194)
	at com.google.common.util.concurrent.AbstractCatchingFuture.run(AbstractCatchingFuture.java:136)
	at com.google.common.util.concurrent.DirectExecutor.execute(DirectExecutor.java:30)
	at com.google.common.util.concurrent.AbstractFuture.executeListener(AbstractFuture.java:1024)
	at com.google.common.util.concurrent.AbstractFuture.addListener(AbstractFuture.java:486)
	at com.google.common.util.concurrent.FluentFuture$TrustedFuture.addListener(FluentFuture.java:122)
	at com.google.common.util.concurrent.AbstractCatchingFuture.createAsync(AbstractCatchingFuture.java:58)
	at com.google.common.util.concurrent.Futures.catchingAsync(Futures.java:409)
	at com.google.firebase.rules.runtime.impl.DefaultEvaluator.evaluate(DefaultEvaluator.java:177)
	at com.google.cloud.datastore.emulator.impl.rules.EmulatorRuleClient$EmulatorRuleEvaluator.evaluate(EmulatorRuleClient.java:88)
	at com.google.cloud.datastore.core.auth.rules.AsyncTwoPhaseRulesAuthorizer.lambda$fullEvaluate$0(AsyncTwoPhaseRulesAuthorizer.java:1001)
	at com.google.cloud.datastore.computation.Computation.tryCatch(Computation.java:469)
	at com.google.cloud.datastore.core.auth.rules.AsyncTwoPhaseRulesAuthorizer.fullEvaluate(AsyncTwoPhaseRulesAuthorizer.java:1000)
	at com.google.cloud.datastore.core.auth.rules.AsyncTwoPhaseRulesAuthorizer.checkResource(AsyncTwoPhaseRulesAuthorizer.java:711)
	at com.google.cloud.datastore.core.auth.rules.AsyncTwoPhaseRulesAuthorizer.lambda$checkResources$0(AsyncTwoPhaseRulesAuthorizer.java:691)
	at com.google.cloud.datastore.computation.Computation.lambda$forEach$0(Computation.java:128)
	at com.google.cloud.datastore.computation.Computation.doWhile(Computation.java:212)
	at com.google.cloud.datastore.computation.Computation.lambda$whileTrue$2(Computation.java:151)
	at com.google.cloud.datastore.computation.Remainder$Completed.thenCompose(Remainder.java:726)
	at com.google.cloud.datastore.computation.Remainder.thenCompose(Remainder.java:452)
	at com.google.cloud.datastore.computation.Computation.whileTrue(Computation.java:151)
	at com.google.cloud.datastore.computation.Computation.whileTrue(Computation.java:133)
	at com.google.cloud.datastore.computation.Computation.forEach(Computation.java:128)
	at com.google.cloud.datastore.computation.Computation.forEach(Computation.java:123)
	at com.google.cloud.datastore.core.auth.rules.AsyncTwoPhaseRulesAuthorizer.checkResources(AsyncTwoPhaseRulesAuthorizer.java:689)
	at com.google.cloud.datastore.core.auth.rules.AsyncTwoPhaseRulesAuthorizer.handlePhaseOneInfo(AsyncTwoPhaseRulesAuthorizer.java:191)
	at com.google.cloud.datastore.core.auth.rules.AsyncTwoPhaseRulesAuthorizer.lambda$checkQueryRequest$0(AsyncTwoPhaseRulesAuthorizer.java:148)
	at com.google.cloud.datastore.computation.Remainder$Completed.thenCompose(Remainder.java:726)
	at com.google.cloud.datastore.computation.Remainder.thenCompose(Remainder.java:452)
	at com.google.cloud.datastore.core.auth.rules.AsyncTwoPhaseRulesAuthorizer.checkQueryRequest(AsyncTwoPhaseRulesAuthorizer.java:143)
	at com.google.cloud.datastore.emulator.impl.rules.DefaultEmulatorRulesAuthorizer.lambda$checkQuery$1(DefaultEmulatorRulesAuthorizer.java:198)
	at com.google.cloud.datastore.computation.Computation.run(Computation.java:81)
	at com.google.cloud.datastore.computation.Computation$Terminated.toFuture(Computation.java:947)
	at com.google.cloud.datastore.computation.Computation.toFuture(Computation.java:92)
	at com.google.cloud.datastore.emulator.impl.rules.DefaultEmulatorRulesAuthorizer.finish(DefaultEmulatorRulesAuthorizer.java:308)
	at com.google.cloud.datastore.emulator.impl.rules.DefaultEmulatorRulesAuthorizer.lambda$checkQuery$0(DefaultEmulatorRulesAuthorizer.java:195)
	at com.google.cloud.datastore.emulator.impl.rules.DefaultEmulatorRulesAuthorizer.withVerboseErrors(DefaultEmulatorRulesAuthorizer.java:321)
	... 29 more

Sep 03, 2026 8:59:43 PM com.google.cloud.datastore.emulator.impl.util.WrappedStreamObserver onError
WARNING: Operation failed: 
evaluation error at L35:24 for 'list' @ L35, Null value error. for 'list' @ L35
com.google.cloud.datastore.core.exception.DatastoreException: 
evaluation error at L35:24 for 'list' @ L35, Null value error. for 'list' @ L35
	at com.google.cloud.datastore.core.exception.DatastoreException$Builder.build(DatastoreException.java:152)
	at com.google.cloud.datastore.emulator.impl.rules.DefaultEmulatorRulesAuthorizer.verboseError(DefaultEmulatorRulesAuthorizer.java:349)
	at com.google.cloud.datastore.emulator.impl.rules.DefaultEmulatorRulesAuthorizer.withVerboseErrors(DefaultEmulatorRulesAuthorizer.java:326)
	at com.google.cloud.datastore.emulator.impl.rules.DefaultEmulatorRulesAuthorizer.checkQuery(DefaultEmulatorRulesAuthorizer.java:193)
	at com.google.cloud.datastore.emulator.impl.firestore.FirestoreEmulatorHelper.ruleAuthorizeAndReadEntities(FirestoreEmulatorHelper.java:811)
	at com.google.cloud.datastore.emulator.impl.firestore.FirestoreEmulatorHelper.snapshotAggregationQuery(FirestoreEmulatorHelper.java:723)
	at com.google.cloud.datastore.emulator.impl.firestore.FirestoreEmulatorHelper.lambda$aggregationQuery$0(FirestoreEmulatorHelper.java:705)
	at com.google.cloud.datastore.emulator.impl.transactions.EmulatorTransactionManager$ReadOnlyTransaction.fold(EmulatorTransactionManager.java:432)
	at com.google.cloud.datastore.emulator.impl.firestore.FirestoreEmulatorHelper.aggregationQuery(FirestoreEmulatorHelper.java:704)
	at com.google.cloud.datastore.emulator.impl.firestore.CloudFirestoreV1.runAggregationQueryStandardEdition(CloudFirestoreV1.java:776)
	at com.google.cloud.datastore.emulator.impl.firestore.CloudFirestoreV1.runAggregationQuery(CloudFirestoreV1.java:751)
	at com.google.cloud.datastore.emulator.impl.firestore.CloudFirestoreV1Router.runAggregationQuery(CloudFirestoreV1Router.java:197)
	at com.google.cloud.datastore.emulator.firestore.v1.FirestoreV1GrpcAdapter$1.lambda$runAggregationQuery$0(FirestoreV1GrpcAdapter.java:185)
	at com.google.cloud.datastore.emulator.firestore.v1.FirestoreV1GrpcAdapter.streaming(FirestoreV1GrpcAdapter.java:82)
	at com.google.cloud.datastore.emulator.firestore.v1.FirestoreV1GrpcAdapter$1.runAggregationQuery(FirestoreV1GrpcAdapter.java:185)
	at com.google.firestore.v1.FirestoreGrpc$MethodHandlers.invoke(FirestoreGrpc.java:1420)
	at io.grpc.stub.ServerCalls$UnaryServerCallHandler$UnaryServerCallListener.onHalfClose(ServerCalls.java:182)
	at io.grpc.PartialForwardingServerCallListener.onHalfClose(PartialForwardingServerCallListener.java:35)
	at io.grpc.ForwardingServerCallListener.onHalfClose(ForwardingServerCallListener.java:23)
	at io.grpc.ForwardingServerCallListener$SimpleForwardingServerCallListener.onHalfClose(ForwardingServerCallListener.java:40)
	at io.grpc.Contexts$ContextualizedServerCallListener.onHalfClose(Contexts.java:86)
	at io.grpc.PartialForwardingServerCallListener.onHalfClose(PartialForwardingServerCallListener.java:35)
	at io.grpc.ForwardingServerCallListener.onHalfClose(ForwardingServerCallListener.java:23)
	at io.grpc.ForwardingServerCallListener$SimpleForwardingServerCallListener.onHalfClose(ForwardingServerCallListener.java:40)
	at io.grpc.Contexts$ContextualizedServerCallListener.onHalfClose(Contexts.java:86)
	at io.grpc.internal.ServerCallImpl$ServerStreamListenerImpl.halfClosed(ServerCallImpl.java:356)
	at io.grpc.internal.ServerImpl$JumpToApplicationThreadServerStreamListener$1HalfClosed.runInContext(ServerImpl.java:861)
	at io.grpc.internal.ContextRunnable.run(ContextRunnable.java:37)
	at io.grpc.internal.SerializingExecutor.run(SerializingExecutor.java:133)
	at java.base/java.util.concurrent.ThreadPoolExecutor.runWorker(ThreadPoolExecutor.java:1090)
	at java.base/java.util.concurrent.ThreadPoolExecutor$Worker.run(ThreadPoolExecutor.java:614)
	at java.base/java.lang.Thread.run(Thread.java:1516)
Caused by: com.google.firebase.rules.runtime.common.EvaluationException: Error: /var/folders/17/97zrc8dn5kj9m8sn51kc0h3w0000gn/T/fireside-query-rules-mmhX4C/firestore.rules line [35], column [125]. Null value error.
	at com.google.firebase.rules.runtime.impl.DefaultEvaluator$TransformEvaluationException.apply(DefaultEvaluator.java:275)
	at com.google.firebase.rules.runtime.impl.DefaultEvaluator$TransformEvaluationException.apply(DefaultEvaluator.java:261)
	at com.google.common.util.concurrent.AbstractCatchingFuture$AsyncCatchingFuture.doFallback(AbstractCatchingFuture.java:207)
	at com.google.common.util.concurrent.AbstractCatchingFuture$AsyncCatchingFuture.doFallback(AbstractCatchingFuture.java:194)
	at com.google.common.util.concurrent.AbstractCatchingFuture.run(AbstractCatchingFuture.java:136)
	at com.google.common.util.concurrent.DirectExecutor.execute(DirectExecutor.java:30)
	at com.google.common.util.concurrent.AbstractFuture.executeListener(AbstractFuture.java:1024)
	at com.google.common.util.concurrent.AbstractFuture.addListener(AbstractFuture.java:486)
	at com.google.common.util.concurrent.FluentFuture$TrustedFuture.addListener(FluentFuture.java:122)
	at com.google.common.util.concurrent.AbstractCatchingFuture.createAsync(AbstractCatchingFuture.java:58)
	at com.google.common.util.concurrent.Futures.catchingAsync(Futures.java:409)
	at com.google.firebase.rules.runtime.impl.DefaultEvaluator.evaluate(DefaultEvaluator.java:177)
	at com.google.cloud.datastore.emulator.impl.rules.EmulatorRuleClient$EmulatorRuleEvaluator.evaluate(EmulatorRuleClient.java:88)
	at com.google.cloud.datastore.core.auth.rules.AsyncTwoPhaseRulesAuthorizer.lambda$fullEvaluate$0(AsyncTwoPhaseRulesAuthorizer.java:1001)
	at com.google.cloud.datastore.computation.Computation.tryCatch(Computation.java:469)
	at com.google.cloud.datastore.core.auth.rules.AsyncTwoPhaseRulesAuthorizer.fullEvaluate(AsyncTwoPhaseRulesAuthorizer.java:1000)
	at com.google.cloud.datastore.core.auth.rules.AsyncTwoPhaseRulesAuthorizer.checkResource(AsyncTwoPhaseRulesAuthorizer.java:711)
	at com.google.cloud.datastore.core.auth.rules.AsyncTwoPhaseRulesAuthorizer.lambda$checkResources$0(AsyncTwoPhaseRulesAuthorizer.java:691)
	at com.google.cloud.datastore.computation.Computation.lambda$forEach$0(Computation.java:128)
	at com.google.cloud.datastore.computation.Computation.doWhile(Computation.java:212)
	at com.google.cloud.datastore.computation.Computation.lambda$whileTrue$2(Computation.java:151)
	at com.google.cloud.datastore.computation.Remainder$Completed.thenCompose(Remainder.java:726)
	at com.google.cloud.datastore.computation.Remainder.thenCompose(Remainder.java:452)
	at com.google.cloud.datastore.computation.Computation.whileTrue(Computation.java:151)
	at com.google.cloud.datastore.computation.Computation.whileTrue(Computation.java:133)
	at com.google.cloud.datastore.computation.Computation.forEach(Computation.java:128)
	at com.google.cloud.datastore.computation.Computation.forEach(Computation.java:123)
	at com.google.cloud.datastore.core.auth.rules.AsyncTwoPhaseRulesAuthorizer.checkResources(AsyncTwoPhaseRulesAuthorizer.java:689)
	at com.google.cloud.datastore.core.auth.rules.AsyncTwoPhaseRulesAuthorizer.handlePhaseOneInfo(AsyncTwoPhaseRulesAuthorizer.java:191)
	at com.google.cloud.datastore.core.auth.rules.AsyncTwoPhaseRulesAuthorizer.lambda$checkQueryRequest$0(AsyncTwoPhaseRulesAuthorizer.java:148)
	at com.google.cloud.datastore.computation.Remainder$Completed.thenCompose(Remainder.java:726)
	at com.google.cloud.datastore.computation.Remainder.thenCompose(Remainder.java:452)
	at com.google.cloud.datastore.core.auth.rules.AsyncTwoPhaseRulesAuthorizer.checkQueryRequest(AsyncTwoPhaseRulesAuthorizer.java:143)
	at com.google.cloud.datastore.emulator.impl.rules.DefaultEmulatorRulesAuthorizer.lambda$checkQuery$1(DefaultEmulatorRulesAuthorizer.java:198)
	at com.google.cloud.datastore.computation.Computation.run(Computation.java:81)
	at com.google.cloud.datastore.computation.Computation$Terminated.toFuture(Computation.java:947)
	at com.google.cloud.datastore.computation.Computation.toFuture(Computation.java:92)
	at com.google.cloud.datastore.emulator.impl.rules.DefaultEmulatorRulesAuthorizer.finish(DefaultEmulatorRulesAuthorizer.java:308)
	at com.google.cloud.datastore.emulator.impl.rules.DefaultEmulatorRulesAuthorizer.lambda$checkQuery$0(DefaultEmulatorRulesAuthorizer.java:195)
	at com.google.cloud.datastore.emulator.impl.rules.DefaultEmulatorRulesAuthorizer.withVerboseErrors(DefaultEmulatorRulesAuthorizer.java:321)
	... 29 more

Sep 03, 2026 8:59:43 PM com.google.cloud.datastore.emulator.impl.util.WrappedStreamObserver onError
WARNING: Operation failed: 
Null value error. for 'list' @ L33, Null value error. for 'list' @ L33
com.google.cloud.datastore.core.exception.DatastoreException: 
Null value error. for 'list' @ L33, Null value error. for 'list' @ L33
	at com.google.cloud.datastore.core.exception.DatastoreException$Builder.build(DatastoreException.java:152)
	at com.google.cloud.datastore.emulator.impl.rules.DefaultEmulatorRulesAuthorizer.verboseError(DefaultEmulatorRulesAuthorizer.java:349)
	at com.google.cloud.datastore.emulator.impl.rules.DefaultEmulatorRulesAuthorizer.withVerboseErrors(DefaultEmulatorRulesAuthorizer.java:326)
	at com.google.cloud.datastore.emulator.impl.rules.DefaultEmulatorRulesAuthorizer.checkQuery(DefaultEmulatorRulesAuthorizer.java:193)
	at com.google.cloud.datastore.emulator.impl.firestore.FirestoreEmulatorHelper.ruleAuthorizeAndReadEntities(FirestoreEmulatorHelper.java:811)
	at com.google.cloud.datastore.emulator.impl.firestore.FirestoreEmulatorHelper.snapshotAggregationQuery(FirestoreEmulatorHelper.java:723)
	at com.google.cloud.datastore.emulator.impl.firestore.FirestoreEmulatorHelper.lambda$aggregationQuery$0(FirestoreEmulatorHelper.java:705)
	at com.google.cloud.datastore.emulator.impl.transactions.EmulatorTransactionManager$ReadOnlyTransaction.fold(EmulatorTransactionManager.java:432)
	at com.google.cloud.datastore.emulator.impl.firestore.FirestoreEmulatorHelper.aggregationQuery(FirestoreEmulatorHelper.java:704)
	at com.google.cloud.datastore.emulator.impl.firestore.CloudFirestoreV1.runAggregationQueryStandardEdition(CloudFirestoreV1.java:776)
	at com.google.cloud.datastore.emulator.impl.firestore.CloudFirestoreV1.runAggregationQuery(CloudFirestoreV1.java:751)
	at com.google.cloud.datastore.emulator.impl.firestore.CloudFirestoreV1Router.runAggregationQuery(CloudFirestoreV1Router.java:197)
	at com.google.cloud.datastore.emulator.firestore.v1.FirestoreV1GrpcAdapter$1.lambda$runAggregationQuery$0(FirestoreV1GrpcAdapter.java:185)
	at com.google.cloud.datastore.emulator.firestore.v1.FirestoreV1GrpcAdapter.streaming(FirestoreV1GrpcAdapter.java:82)
	at com.google.cloud.datastore.emulator.firestore.v1.FirestoreV1GrpcAdapter$1.runAggregationQuery(FirestoreV1GrpcAdapter.java:185)
	at com.google.firestore.v1.FirestoreGrpc$MethodHandlers.invoke(FirestoreGrpc.java:1420)
	at io.grpc.stub.ServerCalls$UnaryServerCallHandler$UnaryServerCallListener.onHalfClose(ServerCalls.java:182)
	at io.grpc.PartialForwardingServerCallListener.onHalfClose(PartialForwardingServerCallListener.java:35)
	at io.grpc.ForwardingServerCallListener.onHalfClose(ForwardingServerCallListener.java:23)
	at io.grpc.ForwardingServerCallListener$SimpleForwardingServerCallListener.onHalfClose(ForwardingServerCallListener.java:40)
	at io.grpc.Contexts$ContextualizedServerCallListener.onHalfClose(Contexts.java:86)
	at io.grpc.PartialForwardingServerCallListener.onHalfClose(PartialForwardingServerCallListener.java:35)
	at io.grpc.ForwardingServerCallListener.onHalfClose(ForwardingServerCallListener.java:23)
	at io.grpc.ForwardingServerCallListener$SimpleForwardingServerCallListener.onHalfClose(ForwardingServerCallListener.java:40)
	at io.grpc.Contexts$ContextualizedServerCallListener.onHalfClose(Contexts.java:86)
	at io.grpc.internal.ServerCallImpl$ServerStreamListenerImpl.halfClosed(ServerCallImpl.java:356)
	at io.grpc.internal.ServerImpl$JumpToApplicationThreadServerStreamListener$1HalfClosed.runInContext(ServerImpl.java:861)
	at io.grpc.internal.ContextRunnable.run(ContextRunnable.java:37)
	at io.grpc.internal.SerializingExecutor.run(SerializingExecutor.java:133)
	at java.base/java.util.concurrent.ThreadPoolExecutor.runWorker(ThreadPoolExecutor.java:1090)
	at java.base/java.util.concurrent.ThreadPoolExecutor$Worker.run(ThreadPoolExecutor.java:614)
	at java.base/java.lang.Thread.run(Thread.java:1516)
Caused by: com.google.firebase.rules.runtime.common.EvaluationException: Error: /var/folders/17/97zrc8dn5kj9m8sn51kc0h3w0000gn/T/fireside-query-rules-mmhX4C/firestore.rules line [33], column [65]. Null value error.
	at com.google.firebase.rules.runtime.impl.DefaultEvaluator$TransformEvaluationException.apply(DefaultEvaluator.java:275)
	at com.google.firebase.rules.runtime.impl.DefaultEvaluator$TransformEvaluationException.apply(DefaultEvaluator.java:261)
	at com.google.common.util.concurrent.AbstractCatchingFuture$AsyncCatchingFuture.doFallback(AbstractCatchingFuture.java:207)
	at com.google.common.util.concurrent.AbstractCatchingFuture$AsyncCatchingFuture.doFallback(AbstractCatchingFuture.java:194)
	at com.google.common.util.concurrent.AbstractCatchingFuture.run(AbstractCatchingFuture.java:136)
	at com.google.common.util.concurrent.DirectExecutor.execute(DirectExecutor.java:30)
	at com.google.common.util.concurrent.AbstractFuture.executeListener(AbstractFuture.java:1024)
	at com.google.common.util.concurrent.AbstractFuture.addListener(AbstractFuture.java:486)
	at com.google.common.util.concurrent.FluentFuture$TrustedFuture.addListener(FluentFuture.java:122)
	at com.google.common.util.concurrent.AbstractCatchingFuture.createAsync(AbstractCatchingFuture.java:58)
	at com.google.common.util.concurrent.Futures.catchingAsync(Futures.java:409)
	at com.google.firebase.rules.runtime.impl.DefaultEvaluator.evaluate(DefaultEvaluator.java:177)
	at com.google.cloud.datastore.emulator.impl.rules.EmulatorRuleClient$EmulatorRuleEvaluator.evaluate(EmulatorRuleClient.java:88)
	at com.google.cloud.datastore.core.auth.rules.AsyncTwoPhaseRulesAuthorizer.lambda$fullEvaluate$0(AsyncTwoPhaseRulesAuthorizer.java:1001)
	at com.google.cloud.datastore.computation.Computation.tryCatch(Computation.java:469)
	at com.google.cloud.datastore.core.auth.rules.AsyncTwoPhaseRulesAuthorizer.fullEvaluate(AsyncTwoPhaseRulesAuthorizer.java:1000)
	at com.google.cloud.datastore.core.auth.rules.AsyncTwoPhaseRulesAuthorizer.checkResource(AsyncTwoPhaseRulesAuthorizer.java:711)
	at com.google.cloud.datastore.core.auth.rules.AsyncTwoPhaseRulesAuthorizer.lambda$checkResources$0(AsyncTwoPhaseRulesAuthorizer.java:691)
	at com.google.cloud.datastore.computation.Computation.lambda$forEach$0(Computation.java:128)
	at com.google.cloud.datastore.computation.Computation.doWhile(Computation.java:212)
	at com.google.cloud.datastore.computation.Computation.lambda$whileTrue$2(Computation.java:151)
	at com.google.cloud.datastore.computation.Remainder$Completed.thenCompose(Remainder.java:726)
	at com.google.cloud.datastore.computation.Remainder.thenCompose(Remainder.java:452)
	at com.google.cloud.datastore.computation.Computation.whileTrue(Computation.java:151)
	at com.google.cloud.datastore.computation.Computation.whileTrue(Computation.java:133)
	at com.google.cloud.datastore.computation.Computation.forEach(Computation.java:128)
	at com.google.cloud.datastore.computation.Computation.forEach(Computation.java:123)
	at com.google.cloud.datastore.core.auth.rules.AsyncTwoPhaseRulesAuthorizer.checkResources(AsyncTwoPhaseRulesAuthorizer.java:689)
	at com.google.cloud.datastore.core.auth.rules.AsyncTwoPhaseRulesAuthorizer.handlePhaseOneInfo(AsyncTwoPhaseRulesAuthorizer.java:191)
	at com.google.cloud.datastore.core.auth.rules.AsyncTwoPhaseRulesAuthorizer.lambda$checkQueryRequest$0(AsyncTwoPhaseRulesAuthorizer.java:148)
	at com.google.cloud.datastore.computation.Remainder$Completed.thenCompose(Remainder.java:726)
	at com.google.cloud.datastore.computation.Remainder.thenCompose(Remainder.java:452)
	at com.google.cloud.datastore.core.auth.rules.AsyncTwoPhaseRulesAuthorizer.checkQueryRequest(AsyncTwoPhaseRulesAuthorizer.java:143)
	at com.google.cloud.datastore.emulator.impl.rules.DefaultEmulatorRulesAuthorizer.lambda$checkQuery$1(DefaultEmulatorRulesAuthorizer.java:198)
	at com.google.cloud.datastore.computation.Computation.run(Computation.java:81)
	at com.google.cloud.datastore.computation.Computation$Terminated.toFuture(Computation.java:947)
	at com.google.cloud.datastore.computation.Computation.toFuture(Computation.java:92)
	at com.google.cloud.datastore.emulator.impl.rules.DefaultEmulatorRulesAuthorizer.finish(DefaultEmulatorRulesAuthorizer.java:308)
	at com.google.cloud.datastore.emulator.impl.rules.DefaultEmulatorRulesAuthorizer.lambda$checkQuery$0(DefaultEmulatorRulesAuthorizer.java:195)
	at com.google.cloud.datastore.emulator.impl.rules.DefaultEmulatorRulesAuthorizer.withVerboseErrors(DefaultEmulatorRulesAuthorizer.java:321)
	... 29 more

Sep 03, 2026 8:59:43 PM com.google.cloud.datastore.emulator.impl.util.WrappedStreamObserver onError
WARNING: Operation failed: 
evaluation error at L35:24 for 'list' @ L35, Null value error. for 'list' @ L35
com.google.cloud.datastore.core.exception.DatastoreException: 
evaluation error at L35:24 for 'list' @ L35, Null value error. for 'list' @ L35
	at com.google.cloud.datastore.core.exception.DatastoreException$Builder.build(DatastoreException.java:152)
	at com.google.cloud.datastore.emulator.impl.rules.DefaultEmulatorRulesAuthorizer.verboseError(DefaultEmulatorRulesAuthorizer.java:349)
	at com.google.cloud.datastore.emulator.impl.rules.DefaultEmulatorRulesAuthorizer.withVerboseErrors(DefaultEmulatorRulesAuthorizer.java:326)
	at com.google.cloud.datastore.emulator.impl.rules.DefaultEmulatorRulesAuthorizer.checkQuery(DefaultEmulatorRulesAuthorizer.java:193)
	at com.google.cloud.datastore.emulator.impl.firestore.FirestoreEmulatorHelper.ruleAuthorizeAndReadEntities(FirestoreEmulatorHelper.java:811)
	at com.google.cloud.datastore.emulator.impl.firestore.FirestoreEmulatorHelper.snapshotQuery(FirestoreEmulatorHelper.java:661)
	at com.google.cloud.datastore.emulator.impl.firestore.FirestoreEmulatorHelper.lambda$query$0(FirestoreEmulatorHelper.java:645)
	at com.google.cloud.datastore.emulator.impl.transactions.EmulatorTransactionManager$ReadOnlyTransaction.fold(EmulatorTransactionManager.java:432)
	at com.google.cloud.datastore.emulator.impl.firestore.FirestoreEmulatorHelper.query(FirestoreEmulatorHelper.java:643)
	at com.google.cloud.datastore.emulator.impl.firestore.CloudFirestoreV1.runQueryStandardEdition(CloudFirestoreV1.java:656)
	at com.google.cloud.datastore.emulator.impl.firestore.CloudFirestoreV1.runQuery(CloudFirestoreV1.java:632)
	at com.google.cloud.datastore.emulator.impl.firestore.CloudFirestoreV1Router.runQuery(CloudFirestoreV1Router.java:190)
	at com.google.cloud.datastore.emulator.firestore.v1.FirestoreV1GrpcAdapter$1.lambda$runQuery$0(FirestoreV1GrpcAdapter.java:178)
	at com.google.cloud.datastore.emulator.firestore.v1.FirestoreV1GrpcAdapter.streaming(FirestoreV1GrpcAdapter.java:82)
	at com.google.cloud.datastore.emulator.firestore.v1.FirestoreV1GrpcAdapter$1.runQuery(FirestoreV1GrpcAdapter.java:178)
	at com.google.firestore.v1.FirestoreGrpc$MethodHandlers.invoke(FirestoreGrpc.java:1412)
	at io.grpc.stub.ServerCalls$UnaryServerCallHandler$UnaryServerCallListener.onHalfClose(ServerCalls.java:182)
	at io.grpc.PartialForwardingServerCallListener.onHalfClose(PartialForwardingServerCallListener.java:35)
	at io.grpc.ForwardingServerCallListener.onHalfClose(ForwardingServerCallListener.java:23)
	at io.grpc.ForwardingServerCallListener$SimpleForwardingServerCallListener.onHalfClose(ForwardingServerCallListener.java:40)
	at io.grpc.Contexts$ContextualizedServerCallListener.onHalfClose(Contexts.java:86)
	at io.grpc.PartialForwardingServerCallListener.onHalfClose(PartialForwardingServerCallListener.java:35)
	at io.grpc.ForwardingServerCallListener.onHalfClose(ForwardingServerCallListener.java:23)
	at io.grpc.ForwardingServerCallListener$SimpleForwardingServerCallListener.onHalfClose(ForwardingServerCallListener.java:40)
	at io.grpc.Contexts$ContextualizedServerCallListener.onHalfClose(Contexts.java:86)
	at io.grpc.internal.ServerCallImpl$ServerStreamListenerImpl.halfClosed(ServerCallImpl.java:356)
	at io.grpc.internal.ServerImpl$JumpToApplicationThreadServerStreamListener$1HalfClosed.runInContext(ServerImpl.java:861)
	at io.grpc.internal.ContextRunnable.run(ContextRunnable.java:37)
	at io.grpc.internal.SerializingExecutor.run(SerializingExecutor.java:133)
	at java.base/java.util.concurrent.ThreadPoolExecutor.runWorker(ThreadPoolExecutor.java:1090)
	at java.base/java.util.concurrent.ThreadPoolExecutor$Worker.run(ThreadPoolExecutor.java:614)
	at java.base/java.lang.Thread.run(Thread.java:1516)
Caused by: com.google.firebase.rules.runtime.common.EvaluationException: Error: /var/folders/17/97zrc8dn5kj9m8sn51kc0h3w0000gn/T/fireside-query-rules-mmhX4C/firestore.rules line [35], column [125]. Null value error.
	at com.google.firebase.rules.runtime.impl.DefaultEvaluator$TransformEvaluationException.apply(DefaultEvaluator.java:275)
	at com.google.firebase.rules.runtime.impl.DefaultEvaluator$TransformEvaluationException.apply(DefaultEvaluator.java:261)
	at com.google.common.util.concurrent.AbstractCatchingFuture$AsyncCatchingFuture.doFallback(AbstractCatchingFuture.java:207)
	at com.google.common.util.concurrent.AbstractCatchingFuture$AsyncCatchingFuture.doFallback(AbstractCatchingFuture.java:194)
	at com.google.common.util.concurrent.AbstractCatchingFuture.run(AbstractCatchingFuture.java:136)
	at com.google.common.util.concurrent.DirectExecutor.execute(DirectExecutor.java:30)
	at com.google.common.util.concurrent.AbstractFuture.executeListener(AbstractFuture.java:1024)
	at com.google.common.util.concurrent.AbstractFuture.addListener(AbstractFuture.java:486)
	at com.google.common.util.concurrent.FluentFuture$TrustedFuture.addListener(FluentFuture.java:122)
	at com.google.common.util.concurrent.AbstractCatchingFuture.createAsync(AbstractCatchingFuture.java:58)
	at com.google.common.util.concurrent.Futures.catchingAsync(Futures.java:409)
	at com.google.firebase.rules.runtime.impl.DefaultEvaluator.evaluate(DefaultEvaluator.java:177)
	at com.google.cloud.datastore.emulator.impl.rules.EmulatorRuleClient$EmulatorRuleEvaluator.evaluate(EmulatorRuleClient.java:88)
	at com.google.cloud.datastore.core.auth.rules.AsyncTwoPhaseRulesAuthorizer.lambda$fullEvaluate$0(AsyncTwoPhaseRulesAuthorizer.java:1001)
	at com.google.cloud.datastore.computation.Computation.tryCatch(Computation.java:469)
	at com.google.cloud.datastore.core.auth.rules.AsyncTwoPhaseRulesAuthorizer.fullEvaluate(AsyncTwoPhaseRulesAuthorizer.java:1000)
	at com.google.cloud.datastore.core.auth.rules.AsyncTwoPhaseRulesAuthorizer.checkResource(AsyncTwoPhaseRulesAuthorizer.java:711)
	at com.google.cloud.datastore.core.auth.rules.AsyncTwoPhaseRulesAuthorizer.lambda$checkResources$0(AsyncTwoPhaseRulesAuthorizer.java:691)
	at com.google.cloud.datastore.computation.Computation.lambda$forEach$0(Computation.java:128)
	at com.google.cloud.datastore.computation.Computation.doWhile(Computation.java:212)
	at com.google.cloud.datastore.computation.Computation.lambda$whileTrue$2(Computation.java:151)
	at com.google.cloud.datastore.computation.Remainder$Completed.thenCompose(Remainder.java:726)
	at com.google.cloud.datastore.computation.Remainder.thenCompose(Remainder.java:452)
	at com.google.cloud.datastore.computation.Computation.whileTrue(Computation.java:151)
	at com.google.cloud.datastore.computation.Computation.whileTrue(Computation.java:133)
	at com.google.cloud.datastore.computation.Computation.forEach(Computation.java:128)
	at com.google.cloud.datastore.computation.Computation.forEach(Computation.java:123)
	at com.google.cloud.datastore.core.auth.rules.AsyncTwoPhaseRulesAuthorizer.checkResources(AsyncTwoPhaseRulesAuthorizer.java:689)
	at com.google.cloud.datastore.core.auth.rules.AsyncTwoPhaseRulesAuthorizer.handlePhaseOneInfo(AsyncTwoPhaseRulesAuthorizer.java:191)
	at com.google.cloud.datastore.core.auth.rules.AsyncTwoPhaseRulesAuthorizer.lambda$checkQueryRequest$0(AsyncTwoPhaseRulesAuthorizer.java:148)
	at com.google.cloud.datastore.computation.Remainder$Completed.thenCompose(Remainder.java:726)
	at com.google.cloud.datastore.computation.Remainder.thenCompose(Remainder.java:452)
	at com.google.cloud.datastore.core.auth.rules.AsyncTwoPhaseRulesAuthorizer.checkQueryRequest(AsyncTwoPhaseRulesAuthorizer.java:143)
	at com.google.cloud.datastore.emulator.impl.rules.DefaultEmulatorRulesAuthorizer.lambda$checkQuery$1(DefaultEmulatorRulesAuthorizer.java:198)
	at com.google.cloud.datastore.computation.Computation.run(Computation.java:81)
	at com.google.cloud.datastore.computation.Computation$Terminated.toFuture(Computation.java:947)
	at com.google.cloud.datastore.computation.Computation.toFuture(Computation.java:92)
	at com.google.cloud.datastore.emulator.impl.rules.DefaultEmulatorRulesAuthorizer.finish(DefaultEmulatorRulesAuthorizer.java:308)
	at com.google.cloud.datastore.emulator.impl.rules.DefaultEmulatorRulesAuthorizer.lambda$checkQuery$0(DefaultEmulatorRulesAuthorizer.java:195)
	at com.google.cloud.datastore.emulator.impl.rules.DefaultEmulatorRulesAuthorizer.withVerboseErrors(DefaultEmulatorRulesAuthorizer.java:321)
	... 29 more

Sep 03, 2026 8:59:43 PM com.google.cloud.datastore.emulator.impl.util.WrappedStreamObserver onError
WARNING: Operation failed: 
Null value error. for 'list' @ L37
com.google.cloud.datastore.core.exception.DatastoreException: 
Null value error. for 'list' @ L37
	at com.google.cloud.datastore.core.exception.DatastoreException$Builder.build(DatastoreException.java:152)
	at com.google.cloud.datastore.emulator.impl.rules.DefaultEmulatorRulesAuthorizer.verboseError(DefaultEmulatorRulesAuthorizer.java:349)
	at com.google.cloud.datastore.emulator.impl.rules.DefaultEmulatorRulesAuthorizer.withVerboseErrors(DefaultEmulatorRulesAuthorizer.java:326)
	at com.google.cloud.datastore.emulator.impl.rules.DefaultEmulatorRulesAuthorizer.checkQuery(DefaultEmulatorRulesAuthorizer.java:193)
	at com.google.cloud.datastore.emulator.impl.firestore.FirestoreEmulatorHelper.ruleAuthorizeAndReadEntities(FirestoreEmulatorHelper.java:811)
	at com.google.cloud.datastore.emulator.impl.firestore.FirestoreEmulatorHelper.snapshotQuery(FirestoreEmulatorHelper.java:661)
	at com.google.cloud.datastore.emulator.impl.firestore.FirestoreEmulatorHelper.lambda$query$0(FirestoreEmulatorHelper.java:645)
	at com.google.cloud.datastore.emulator.impl.transactions.EmulatorTransactionManager$ReadOnlyTransaction.fold(EmulatorTransactionManager.java:432)
	at com.google.cloud.datastore.emulator.impl.firestore.FirestoreEmulatorHelper.query(FirestoreEmulatorHelper.java:643)
	at com.google.cloud.datastore.emulator.impl.firestore.CloudFirestoreV1.runQueryStandardEdition(CloudFirestoreV1.java:656)
	at com.google.cloud.datastore.emulator.impl.firestore.CloudFirestoreV1.runQuery(CloudFirestoreV1.java:632)
	at com.google.cloud.datastore.emulator.impl.firestore.CloudFirestoreV1Router.runQuery(CloudFirestoreV1Router.java:190)
	at com.google.cloud.datastore.emulator.firestore.v1.FirestoreV1GrpcAdapter$1.lambda$runQuery$0(FirestoreV1GrpcAdapter.java:178)
	at com.google.cloud.datastore.emulator.firestore.v1.FirestoreV1GrpcAdapter.streaming(FirestoreV1GrpcAdapter.java:82)
	at com.google.cloud.datastore.emulator.firestore.v1.FirestoreV1GrpcAdapter$1.runQuery(FirestoreV1GrpcAdapter.java:178)
	at com.google.firestore.v1.FirestoreGrpc$MethodHandlers.invoke(FirestoreGrpc.java:1412)
	at io.grpc.stub.ServerCalls$UnaryServerCallHandler$UnaryServerCallListener.onHalfClose(ServerCalls.java:182)
	at io.grpc.PartialForwardingServerCallListener.onHalfClose(PartialForwardingServerCallListener.java:35)
	at io.grpc.ForwardingServerCallListener.onHalfClose(ForwardingServerCallListener.java:23)
	at io.grpc.ForwardingServerCallListener$SimpleForwardingServerCallListener.onHalfClose(ForwardingServerCallListener.java:40)
	at io.grpc.Contexts$ContextualizedServerCallListener.onHalfClose(Contexts.java:86)
	at io.grpc.PartialForwardingServerCallListener.onHalfClose(PartialForwardingServerCallListener.java:35)
	at io.grpc.ForwardingServerCallListener.onHalfClose(ForwardingServerCallListener.java:23)
	at io.grpc.ForwardingServerCallListener$SimpleForwardingServerCallListener.onHalfClose(ForwardingServerCallListener.java:40)
	at io.grpc.Contexts$ContextualizedServerCallListener.onHalfClose(Contexts.java:86)
	at io.grpc.internal.ServerCallImpl$ServerStreamListenerImpl.halfClosed(ServerCallImpl.java:356)
	at io.grpc.internal.ServerImpl$JumpToApplicationThreadServerStreamListener$1HalfClosed.runInContext(ServerImpl.java:861)
	at io.grpc.internal.ContextRunnable.run(ContextRunnable.java:37)
	at io.grpc.internal.SerializingExecutor.run(SerializingExecutor.java:133)
	at java.base/java.util.concurrent.ThreadPoolExecutor.runWorker(ThreadPoolExecutor.java:1090)
	at java.base/java.util.concurrent.ThreadPoolExecutor$Worker.run(ThreadPoolExecutor.java:614)
	at java.base/java.lang.Thread.run(Thread.java:1516)

Sep 03, 2026 8:59:43 PM com.google.cloud.datastore.emulator.impl.util.WrappedStreamObserver onError
WARNING: Operation failed: 
Null value error. for 'list' @ L37
com.google.cloud.datastore.core.exception.DatastoreException: 
Null value error. for 'list' @ L37
	at com.google.cloud.datastore.core.exception.DatastoreException$Builder.build(DatastoreException.java:152)
	at com.google.cloud.datastore.emulator.impl.rules.DefaultEmulatorRulesAuthorizer.verboseError(DefaultEmulatorRulesAuthorizer.java:349)
	at com.google.cloud.datastore.emulator.impl.rules.DefaultEmulatorRulesAuthorizer.withVerboseErrors(DefaultEmulatorRulesAuthorizer.java:326)
	at com.google.cloud.datastore.emulator.impl.rules.DefaultEmulatorRulesAuthorizer.checkQuery(DefaultEmulatorRulesAuthorizer.java:193)
	at com.google.cloud.datastore.emulator.impl.firestore.FirestoreEmulatorHelper.ruleAuthorizeAndReadEntities(FirestoreEmulatorHelper.java:811)
	at com.google.cloud.datastore.emulator.impl.firestore.FirestoreEmulatorHelper.snapshotAggregationQuery(FirestoreEmulatorHelper.java:723)
	at com.google.cloud.datastore.emulator.impl.firestore.FirestoreEmulatorHelper.lambda$aggregationQuery$0(FirestoreEmulatorHelper.java:705)
	at com.google.cloud.datastore.emulator.impl.transactions.EmulatorTransactionManager$ReadOnlyTransaction.fold(EmulatorTransactionManager.java:432)
	at com.google.cloud.datastore.emulator.impl.firestore.FirestoreEmulatorHelper.aggregationQuery(FirestoreEmulatorHelper.java:704)
	at com.google.cloud.datastore.emulator.impl.firestore.CloudFirestoreV1.runAggregationQueryStandardEdition(CloudFirestoreV1.java:776)
	at com.google.cloud.datastore.emulator.impl.firestore.CloudFirestoreV1.runAggregationQuery(CloudFirestoreV1.java:751)
	at com.google.cloud.datastore.emulator.impl.firestore.CloudFirestoreV1Router.runAggregationQuery(CloudFirestoreV1Router.java:197)
	at com.google.cloud.datastore.emulator.firestore.v1.FirestoreV1GrpcAdapter$1.lambda$runAggregationQuery$0(FirestoreV1GrpcAdapter.java:185)
	at com.google.cloud.datastore.emulator.firestore.v1.FirestoreV1GrpcAdapter.streaming(FirestoreV1GrpcAdapter.java:82)
	at com.google.cloud.datastore.emulator.firestore.v1.FirestoreV1GrpcAdapter$1.runAggregationQuery(FirestoreV1GrpcAdapter.java:185)
	at com.google.firestore.v1.FirestoreGrpc$MethodHandlers.invoke(FirestoreGrpc.java:1420)
	at io.grpc.stub.ServerCalls$UnaryServerCallHandler$UnaryServerCallListener.onHalfClose(ServerCalls.java:182)
	at io.grpc.PartialForwardingServerCallListener.onHalfClose(PartialForwardingServerCallListener.java:35)
	at io.grpc.ForwardingServerCallListener.onHalfClose(ForwardingServerCallListener.java:23)
	at io.grpc.ForwardingServerCallListener$SimpleForwardingServerCallListener.onHalfClose(ForwardingServerCallListener.java:40)
	at io.grpc.Contexts$ContextualizedServerCallListener.onHalfClose(Contexts.java:86)
	at io.grpc.PartialForwardingServerCallListener.onHalfClose(PartialForwardingServerCallListener.java:35)
	at io.grpc.ForwardingServerCallListener.onHalfClose(ForwardingServerCallListener.java:23)
	at io.grpc.ForwardingServerCallListener$SimpleForwardingServerCallListener.onHalfClose(ForwardingServerCallListener.java:40)
	at io.grpc.Contexts$ContextualizedServerCallListener.onHalfClose(Contexts.java:86)
	at io.grpc.internal.ServerCallImpl$ServerStreamListenerImpl.halfClosed(ServerCallImpl.java:356)
	at io.grpc.internal.ServerImpl$JumpToApplicationThreadServerStreamListener$1HalfClosed.runInContext(ServerImpl.java:861)
	at io.grpc.internal.ContextRunnable.run(ContextRunnable.java:37)
	at io.grpc.internal.SerializingExecutor.run(SerializingExecutor.java:133)
	at java.base/java.util.concurrent.ThreadPoolExecutor.runWorker(ThreadPoolExecutor.java:1090)
	at java.base/java.util.concurrent.ThreadPoolExecutor$Worker.run(ThreadPoolExecutor.java:614)
	at java.base/java.lang.Thread.run(Thread.java:1516)

Sep 03, 2026 8:59:43 PM com.google.cloud.datastore.emulator.impl.util.WrappedStreamObserver onError
WARNING: Operation failed: 
Null value error. for 'list' @ L37
com.google.cloud.datastore.core.exception.DatastoreException: 
Null value error. for 'list' @ L37
	at com.google.cloud.datastore.core.exception.DatastoreException$Builder.build(DatastoreException.java:152)
	at com.google.cloud.datastore.emulator.impl.rules.DefaultEmulatorRulesAuthorizer.verboseError(DefaultEmulatorRulesAuthorizer.java:349)
	at com.google.cloud.datastore.emulator.impl.rules.DefaultEmulatorRulesAuthorizer.withVerboseErrors(DefaultEmulatorRulesAuthorizer.java:326)
	at com.google.cloud.datastore.emulator.impl.rules.DefaultEmulatorRulesAuthorizer.checkQuery(DefaultEmulatorRulesAuthorizer.java:193)
	at com.google.cloud.datastore.emulator.impl.firestore.FirestoreEmulatorHelper.ruleAuthorizeAndReadEntities(FirestoreEmulatorHelper.java:811)
	at com.google.cloud.datastore.emulator.impl.firestore.FirestoreEmulatorHelper.snapshotQuery(FirestoreEmulatorHelper.java:661)
	at com.google.cloud.datastore.emulator.impl.firestore.FirestoreEmulatorHelper.lambda$query$0(FirestoreEmulatorHelper.java:645)
	at com.google.cloud.datastore.emulator.impl.transactions.EmulatorTransactionManager$ReadOnlyTransaction.fold(EmulatorTransactionManager.java:432)
	at com.google.cloud.datastore.emulator.impl.firestore.FirestoreEmulatorHelper.query(FirestoreEmulatorHelper.java:643)
	at com.google.cloud.datastore.emulator.impl.firestore.CloudFirestoreV1.runQueryStandardEdition(CloudFirestoreV1.java:656)
	at com.google.cloud.datastore.emulator.impl.firestore.CloudFirestoreV1.runQuery(CloudFirestoreV1.java:632)
	at com.google.cloud.datastore.emulator.impl.firestore.CloudFirestoreV1Router.runQuery(CloudFirestoreV1Router.java:190)
	at com.google.cloud.datastore.emulator.firestore.v1.FirestoreV1GrpcAdapter$1.lambda$runQuery$0(FirestoreV1GrpcAdapter.java:178)
	at com.google.cloud.datastore.emulator.firestore.v1.FirestoreV1GrpcAdapter.streaming(FirestoreV1GrpcAdapter.java:82)
	at com.google.cloud.datastore.emulator.firestore.v1.FirestoreV1GrpcAdapter$1.runQuery(FirestoreV1GrpcAdapter.java:178)
	at com.google.firestore.v1.FirestoreGrpc$MethodHandlers.invoke(FirestoreGrpc.java:1412)
	at io.grpc.stub.ServerCalls$UnaryServerCallHandler$UnaryServerCallListener.onHalfClose(ServerCalls.java:182)
	at io.grpc.PartialForwardingServerCallListener.onHalfClose(PartialForwardingServerCallListener.java:35)
	at io.grpc.ForwardingServerCallListener.onHalfClose(ForwardingServerCallListener.java:23)
	at io.grpc.ForwardingServerCallListener$SimpleForwardingServerCallListener.onHalfClose(ForwardingServerCallListener.java:40)
	at io.grpc.Contexts$ContextualizedServerCallListener.onHalfClose(Contexts.java:86)
	at io.grpc.PartialForwardingServerCallListener.onHalfClose(PartialForwardingServerCallListener.java:35)
	at io.grpc.ForwardingServerCallListener.onHalfClose(ForwardingServerCallListener.java:23)
	at io.grpc.ForwardingServerCallListener$SimpleForwardingServerCallListener.onHalfClose(ForwardingServerCallListener.java:40)
	at io.grpc.Contexts$ContextualizedServerCallListener.onHalfClose(Contexts.java:86)
	at io.grpc.internal.ServerCallImpl$ServerStreamListenerImpl.halfClosed(ServerCallImpl.java:356)
	at io.grpc.internal.ServerImpl$JumpToApplicationThreadServerStreamListener$1HalfClosed.runInContext(ServerImpl.java:861)
	at io.grpc.internal.ContextRunnable.run(ContextRunnable.java:37)
	at io.grpc.internal.SerializingExecutor.run(SerializingExecutor.java:133)
	at java.base/java.util.concurrent.ThreadPoolExecutor.runWorker(ThreadPoolExecutor.java:1090)
	at java.base/java.util.concurrent.ThreadPoolExecutor$Worker.run(ThreadPoolExecutor.java:614)
	at java.base/java.lang.Thread.run(Thread.java:1516)

Sep 03, 2026 8:59:43 PM com.google.cloud.datastore.emulator.impl.util.WrappedStreamObserver onError
WARNING: Operation failed: 
Null value error. for 'list' @ L37
com.google.cloud.datastore.core.exception.DatastoreException: 
Null value error. for 'list' @ L37
	at com.google.cloud.datastore.core.exception.DatastoreException$Builder.build(DatastoreException.java:152)
	at com.google.cloud.datastore.emulator.impl.rules.DefaultEmulatorRulesAuthorizer.verboseError(DefaultEmulatorRulesAuthorizer.java:349)
	at com.google.cloud.datastore.emulator.impl.rules.DefaultEmulatorRulesAuthorizer.withVerboseErrors(DefaultEmulatorRulesAuthorizer.java:326)
	at com.google.cloud.datastore.emulator.impl.rules.DefaultEmulatorRulesAuthorizer.checkQuery(DefaultEmulatorRulesAuthorizer.java:193)
	at com.google.cloud.datastore.emulator.impl.firestore.FirestoreEmulatorHelper.ruleAuthorizeAndReadEntities(FirestoreEmulatorHelper.java:811)
	at com.google.cloud.datastore.emulator.impl.firestore.FirestoreEmulatorHelper.snapshotAggregationQuery(FirestoreEmulatorHelper.java:723)
	at com.google.cloud.datastore.emulator.impl.firestore.FirestoreEmulatorHelper.lambda$aggregationQuery$0(FirestoreEmulatorHelper.java:705)
	at com.google.cloud.datastore.emulator.impl.transactions.EmulatorTransactionManager$ReadOnlyTransaction.fold(EmulatorTransactionManager.java:432)
	at com.google.cloud.datastore.emulator.impl.firestore.FirestoreEmulatorHelper.aggregationQuery(FirestoreEmulatorHelper.java:704)
	at com.google.cloud.datastore.emulator.impl.firestore.CloudFirestoreV1.runAggregationQueryStandardEdition(CloudFirestoreV1.java:776)
	at com.google.cloud.datastore.emulator.impl.firestore.CloudFirestoreV1.runAggregationQuery(CloudFirestoreV1.java:751)
	at com.google.cloud.datastore.emulator.impl.firestore.CloudFirestoreV1Router.runAggregationQuery(CloudFirestoreV1Router.java:197)
	at com.google.cloud.datastore.emulator.firestore.v1.FirestoreV1GrpcAdapter$1.lambda$runAggregationQuery$0(FirestoreV1GrpcAdapter.java:185)
	at com.google.cloud.datastore.emulator.firestore.v1.FirestoreV1GrpcAdapter.streaming(FirestoreV1GrpcAdapter.java:82)
	at com.google.cloud.datastore.emulator.firestore.v1.FirestoreV1GrpcAdapter$1.runAggregationQuery(FirestoreV1GrpcAdapter.java:185)
	at com.google.firestore.v1.FirestoreGrpc$MethodHandlers.invoke(FirestoreGrpc.java:1420)
	at io.grpc.stub.ServerCalls$UnaryServerCallHandler$UnaryServerCallListener.onHalfClose(ServerCalls.java:182)
	at io.grpc.PartialForwardingServerCallListener.onHalfClose(PartialForwardingServerCallListener.java:35)
	at io.grpc.ForwardingServerCallListener.onHalfClose(ForwardingServerCallListener.java:23)
	at io.grpc.ForwardingServerCallListener$SimpleForwardingServerCallListener.onHalfClose(ForwardingServerCallListener.java:40)
	at io.grpc.Contexts$ContextualizedServerCallListener.onHalfClose(Contexts.java:86)
	at io.grpc.PartialForwardingServerCallListener.onHalfClose(PartialForwardingServerCallListener.java:35)
	at io.grpc.ForwardingServerCallListener.onHalfClose(ForwardingServerCallListener.java:23)
	at io.grpc.ForwardingServerCallListener$SimpleForwardingServerCallListener.onHalfClose(ForwardingServerCallListener.java:40)
	at io.grpc.Contexts$ContextualizedServerCallListener.onHalfClose(Contexts.java:86)
	at io.grpc.internal.ServerCallImpl$ServerStreamListenerImpl.halfClosed(ServerCallImpl.java:356)
	at io.grpc.internal.ServerImpl$JumpToApplicationThreadServerStreamListener$1HalfClosed.runInContext(ServerImpl.java:861)
	at io.grpc.internal.ContextRunnable.run(ContextRunnable.java:37)
	at io.grpc.internal.SerializingExecutor.run(SerializingExecutor.java:133)
	at java.base/java.util.concurrent.ThreadPoolExecutor.runWorker(ThreadPoolExecutor.java:1090)
	at java.base/java.util.concurrent.ThreadPoolExecutor$Worker.run(ThreadPoolExecutor.java:614)
	at java.base/java.lang.Thread.run(Thread.java:1516)

Sep 03, 2026 8:59:43 PM com.google.cloud.datastore.emulator.impl.util.WrappedStreamObserver onError
WARNING: Operation failed: 
Null value error. for 'list' @ L37
com.google.cloud.datastore.core.exception.DatastoreException: 
Null value error. for 'list' @ L37
	at com.google.cloud.datastore.core.exception.DatastoreException$Builder.build(DatastoreException.java:152)
	at com.google.cloud.datastore.emulator.impl.rules.DefaultEmulatorRulesAuthorizer.verboseError(DefaultEmulatorRulesAuthorizer.java:349)
	at com.google.cloud.datastore.emulator.impl.rules.DefaultEmulatorRulesAuthorizer.withVerboseErrors(DefaultEmulatorRulesAuthorizer.java:326)
	at com.google.cloud.datastore.emulator.impl.rules.DefaultEmulatorRulesAuthorizer.checkQuery(DefaultEmulatorRulesAuthorizer.java:193)
	at com.google.cloud.datastore.emulator.impl.firestore.FirestoreEmulatorHelper.ruleAuthorizeAndReadEntities(FirestoreEmulatorHelper.java:811)
	at com.google.cloud.datastore.emulator.impl.firestore.FirestoreEmulatorHelper.snapshotAggregationQuery(FirestoreEmulatorHelper.java:723)
	at com.google.cloud.datastore.emulator.impl.firestore.FirestoreEmulatorHelper.lambda$aggregationQuery$0(FirestoreEmulatorHelper.java:705)
	at com.google.cloud.datastore.emulator.impl.transactions.EmulatorTransactionManager$ReadOnlyTransaction.fold(EmulatorTransactionManager.java:432)
	at com.google.cloud.datastore.emulator.impl.firestore.FirestoreEmulatorHelper.aggregationQuery(FirestoreEmulatorHelper.java:704)
	at com.google.cloud.datastore.emulator.impl.firestore.CloudFirestoreV1.runAggregationQueryStandardEdition(CloudFirestoreV1.java:776)
	at com.google.cloud.datastore.emulator.impl.firestore.CloudFirestoreV1.runAggregationQuery(CloudFirestoreV1.java:751)
	at com.google.cloud.datastore.emulator.impl.firestore.CloudFirestoreV1Router.runAggregationQuery(CloudFirestoreV1Router.java:197)
	at com.google.cloud.datastore.emulator.firestore.v1.FirestoreV1GrpcAdapter$1.lambda$runAggregationQuery$0(FirestoreV1GrpcAdapter.java:185)
	at com.google.cloud.datastore.emulator.firestore.v1.FirestoreV1GrpcAdapter.streaming(FirestoreV1GrpcAdapter.java:82)
	at com.google.cloud.datastore.emulator.firestore.v1.FirestoreV1GrpcAdapter$1.runAggregationQuery(FirestoreV1GrpcAdapter.java:185)
	at com.google.firestore.v1.FirestoreGrpc$MethodHandlers.invoke(FirestoreGrpc.java:1420)
	at io.grpc.stub.ServerCalls$UnaryServerCallHandler$UnaryServerCallListener.onHalfClose(ServerCalls.java:182)
	at io.grpc.PartialForwardingServerCallListener.onHalfClose(PartialForwardingServerCallListener.java:35)
	at io.grpc.ForwardingServerCallListener.onHalfClose(ForwardingServerCallListener.java:23)
	at io.grpc.ForwardingServerCallListener$SimpleForwardingServerCallListener.onHalfClose(ForwardingServerCallListener.java:40)
	at io.grpc.Contexts$ContextualizedServerCallListener.onHalfClose(Contexts.java:86)
	at io.grpc.PartialForwardingServerCallListener.onHalfClose(PartialForwardingServerCallListener.java:35)
	at io.grpc.ForwardingServerCallListener.onHalfClose(ForwardingServerCallListener.java:23)
	at io.grpc.ForwardingServerCallListener$SimpleForwardingServerCallListener.onHalfClose(ForwardingServerCallListener.java:40)
	at io.grpc.Contexts$ContextualizedServerCallListener.onHalfClose(Contexts.java:86)
	at io.grpc.internal.ServerCallImpl$ServerStreamListenerImpl.halfClosed(ServerCallImpl.java:356)
	at io.grpc.internal.ServerImpl$JumpToApplicationThreadServerStreamListener$1HalfClosed.runInContext(ServerImpl.java:861)
	at io.grpc.internal.ContextRunnable.run(ContextRunnable.java:37)
	at io.grpc.internal.SerializingExecutor.run(SerializingExecutor.java:133)
	at java.base/java.util.concurrent.ThreadPoolExecutor.runWorker(ThreadPoolExecutor.java:1090)
	at java.base/java.util.concurrent.ThreadPoolExecutor$Worker.run(ThreadPoolExecutor.java:614)
	at java.base/java.lang.Thread.run(Thread.java:1516)

Sep 03, 2026 8:59:43 PM com.google.cloud.datastore.emulator.impl.util.WrappedStreamObserver onError
WARNING: Operation failed: 
Null value error. for 'list' @ L37
com.google.cloud.datastore.core.exception.DatastoreException: 
Null value error. for 'list' @ L37
	at com.google.cloud.datastore.core.exception.DatastoreException$Builder.build(DatastoreException.java:152)
	at com.google.cloud.datastore.emulator.impl.rules.DefaultEmulatorRulesAuthorizer.verboseError(DefaultEmulatorRulesAuthorizer.java:349)
	at com.google.cloud.datastore.emulator.impl.rules.DefaultEmulatorRulesAuthorizer.withVerboseErrors(DefaultEmulatorRulesAuthorizer.java:326)
	at com.google.cloud.datastore.emulator.impl.rules.DefaultEmulatorRulesAuthorizer.checkQuery(DefaultEmulatorRulesAuthorizer.java:193)
	at com.google.cloud.datastore.emulator.impl.firestore.FirestoreEmulatorHelper.ruleAuthorizeAndReadEntities(FirestoreEmulatorHelper.java:811)
	at com.google.cloud.datastore.emulator.impl.firestore.FirestoreEmulatorHelper.snapshotQuery(FirestoreEmulatorHelper.java:661)
	at com.google.cloud.datastore.emulator.impl.firestore.FirestoreEmulatorHelper.lambda$query$0(FirestoreEmulatorHelper.java:645)
	at com.google.cloud.datastore.emulator.impl.transactions.EmulatorTransactionManager$ReadOnlyTransaction.fold(EmulatorTransactionManager.java:432)
	at com.google.cloud.datastore.emulator.impl.firestore.FirestoreEmulatorHelper.query(FirestoreEmulatorHelper.java:643)
	at com.google.cloud.datastore.emulator.impl.firestore.CloudFirestoreV1.runQueryStandardEdition(CloudFirestoreV1.java:656)
	at com.google.cloud.datastore.emulator.impl.firestore.CloudFirestoreV1.runQuery(CloudFirestoreV1.java:632)
	at com.google.cloud.datastore.emulator.impl.firestore.CloudFirestoreV1Router.runQuery(CloudFirestoreV1Router.java:190)
	at com.google.cloud.datastore.emulator.firestore.v1.FirestoreV1GrpcAdapter$1.lambda$runQuery$0(FirestoreV1GrpcAdapter.java:178)
	at com.google.cloud.datastore.emulator.firestore.v1.FirestoreV1GrpcAdapter.streaming(FirestoreV1GrpcAdapter.java:82)
	at com.google.cloud.datastore.emulator.firestore.v1.FirestoreV1GrpcAdapter$1.runQuery(FirestoreV1GrpcAdapter.java:178)
	at com.google.firestore.v1.FirestoreGrpc$MethodHandlers.invoke(FirestoreGrpc.java:1412)
	at io.grpc.stub.ServerCalls$UnaryServerCallHandler$UnaryServerCallListener.onHalfClose(ServerCalls.java:182)
	at io.grpc.PartialForwardingServerCallListener.onHalfClose(PartialForwardingServerCallListener.java:35)
	at io.grpc.ForwardingServerCallListener.onHalfClose(ForwardingServerCallListener.java:23)
	at io.grpc.ForwardingServerCallListener$SimpleForwardingServerCallListener.onHalfClose(ForwardingServerCallListener.java:40)
	at io.grpc.Contexts$ContextualizedServerCallListener.onHalfClose(Contexts.java:86)
	at io.grpc.PartialForwardingServerCallListener.onHalfClose(PartialForwardingServerCallListener.java:35)
	at io.grpc.ForwardingServerCallListener.onHalfClose(ForwardingServerCallListener.java:23)
	at io.grpc.ForwardingServerCallListener$SimpleForwardingServerCallListener.onHalfClose(ForwardingServerCallListener.java:40)
	at io.grpc.Contexts$ContextualizedServerCallListener.onHalfClose(Contexts.java:86)
	at io.grpc.internal.ServerCallImpl$ServerStreamListenerImpl.halfClosed(ServerCallImpl.java:356)
	at io.grpc.internal.ServerImpl$JumpToApplicationThreadServerStreamListener$1HalfClosed.runInContext(ServerImpl.java:861)
	at io.grpc.internal.ContextRunnable.run(ContextRunnable.java:37)
	at io.grpc.internal.SerializingExecutor.run(SerializingExecutor.java:133)
	at java.base/java.util.concurrent.ThreadPoolExecutor.runWorker(ThreadPoolExecutor.java:1090)
	at java.base/java.util.concurrent.ThreadPoolExecutor$Worker.run(ThreadPoolExecutor.java:614)
	at java.base/java.lang.Thread.run(Thread.java:1516)

Sep 03, 2026 8:59:43 PM com.google.cloud.datastore.emulator.impl.util.WrappedStreamObserver onError
WARNING: Operation failed: 
evaluation error at L35:24 for 'list' @ L35, Null value error. for 'list' @ L35
com.google.cloud.datastore.core.exception.DatastoreException: 
evaluation error at L35:24 for 'list' @ L35, Null value error. for 'list' @ L35
	at com.google.cloud.datastore.core.exception.DatastoreException$Builder.build(DatastoreException.java:152)
	at com.google.cloud.datastore.emulator.impl.rules.DefaultEmulatorRulesAuthorizer.verboseError(DefaultEmulatorRulesAuthorizer.java:349)
	at com.google.cloud.datastore.emulator.impl.rules.DefaultEmulatorRulesAuthorizer.withVerboseErrors(DefaultEmulatorRulesAuthorizer.java:326)
	at com.google.cloud.datastore.emulator.impl.rules.DefaultEmulatorRulesAuthorizer.checkQuery(DefaultEmulatorRulesAuthorizer.java:193)
	at com.google.cloud.datastore.emulator.impl.firestore.FirestoreEmulatorHelper.ruleAuthorizeAndReadEntities(FirestoreEmulatorHelper.java:811)
	at com.google.cloud.datastore.emulator.impl.firestore.FirestoreEmulatorHelper.snapshotQuery(FirestoreEmulatorHelper.java:661)
	at com.google.cloud.datastore.emulator.impl.firestore.FirestoreEmulatorHelper.lambda$query$0(FirestoreEmulatorHelper.java:645)
	at com.google.cloud.datastore.emulator.impl.transactions.EmulatorTransactionManager$ReadOnlyTransaction.fold(EmulatorTransactionManager.java:432)
	at com.google.cloud.datastore.emulator.impl.firestore.FirestoreEmulatorHelper.query(FirestoreEmulatorHelper.java:643)
	at com.google.cloud.datastore.emulator.impl.firestore.CloudFirestoreV1.runQueryStandardEdition(CloudFirestoreV1.java:656)
	at com.google.cloud.datastore.emulator.impl.firestore.CloudFirestoreV1.runQuery(CloudFirestoreV1.java:632)
	at com.google.cloud.datastore.emulator.impl.firestore.CloudFirestoreV1Router.runQuery(CloudFirestoreV1Router.java:190)
	at com.google.cloud.datastore.emulator.firestore.v1.FirestoreV1GrpcAdapter$1.lambda$runQuery$0(FirestoreV1GrpcAdapter.java:178)
	at com.google.cloud.datastore.emulator.firestore.v1.FirestoreV1GrpcAdapter.streaming(FirestoreV1GrpcAdapter.java:82)
	at com.google.cloud.datastore.emulator.firestore.v1.FirestoreV1GrpcAdapter$1.runQuery(FirestoreV1GrpcAdapter.java:178)
	at com.google.firestore.v1.FirestoreGrpc$MethodHandlers.invoke(FirestoreGrpc.java:1412)
	at io.grpc.stub.ServerCalls$UnaryServerCallHandler$UnaryServerCallListener.onHalfClose(ServerCalls.java:182)
	at io.grpc.PartialForwardingServerCallListener.onHalfClose(PartialForwardingServerCallListener.java:35)
	at io.grpc.ForwardingServerCallListener.onHalfClose(ForwardingServerCallListener.java:23)
	at io.grpc.ForwardingServerCallListener$SimpleForwardingServerCallListener.onHalfClose(ForwardingServerCallListener.java:40)
	at io.grpc.Contexts$ContextualizedServerCallListener.onHalfClose(Contexts.java:86)
	at io.grpc.PartialForwardingServerCallListener.onHalfClose(PartialForwardingServerCallListener.java:35)
	at io.grpc.ForwardingServerCallListener.onHalfClose(ForwardingServerCallListener.java:23)
	at io.grpc.ForwardingServerCallListener$SimpleForwardingServerCallListener.onHalfClose(ForwardingServerCallListener.java:40)
	at io.grpc.Contexts$ContextualizedServerCallListener.onHalfClose(Contexts.java:86)
	at io.grpc.internal.ServerCallImpl$ServerStreamListenerImpl.halfClosed(ServerCallImpl.java:356)
	at io.grpc.internal.ServerImpl$JumpToApplicationThreadServerStreamListener$1HalfClosed.runInContext(ServerImpl.java:861)
	at io.grpc.internal.ContextRunnable.run(ContextRunnable.java:37)
	at io.grpc.internal.SerializingExecutor.run(SerializingExecutor.java:133)
	at java.base/java.util.concurrent.ThreadPoolExecutor.runWorker(ThreadPoolExecutor.java:1090)
	at java.base/java.util.concurrent.ThreadPoolExecutor$Worker.run(ThreadPoolExecutor.java:614)
	at java.base/java.lang.Thread.run(Thread.java:1516)
Caused by: com.google.firebase.rules.runtime.common.EvaluationException: Error: /var/folders/17/97zrc8dn5kj9m8sn51kc0h3w0000gn/T/fireside-query-rules-mmhX4C/firestore.rules line [25], column [39]. Null value error.
	at com.google.firebase.rules.runtime.impl.DefaultEvaluator$TransformEvaluationException.apply(DefaultEvaluator.java:275)
	at com.google.firebase.rules.runtime.impl.DefaultEvaluator$TransformEvaluationException.apply(DefaultEvaluator.java:261)
	at com.google.common.util.concurrent.AbstractCatchingFuture$AsyncCatchingFuture.doFallback(AbstractCatchingFuture.java:207)
	at com.google.common.util.concurrent.AbstractCatchingFuture$AsyncCatchingFuture.doFallback(AbstractCatchingFuture.java:194)
	at com.google.common.util.concurrent.AbstractCatchingFuture.run(AbstractCatchingFuture.java:136)
	at com.google.common.util.concurrent.DirectExecutor.execute(DirectExecutor.java:30)
	at com.google.common.util.concurrent.AbstractFuture.executeListener(AbstractFuture.java:1024)
	at com.google.common.util.concurrent.AbstractFuture.addListener(AbstractFuture.java:486)
	at com.google.common.util.concurrent.FluentFuture$TrustedFuture.addListener(FluentFuture.java:122)
	at com.google.common.util.concurrent.AbstractCatchingFuture.createAsync(AbstractCatchingFuture.java:58)
	at com.google.common.util.concurrent.Futures.catchingAsync(Futures.java:409)
	at com.google.firebase.rules.runtime.impl.DefaultEvaluator.evaluate(DefaultEvaluator.java:177)
	at com.google.cloud.datastore.emulator.impl.rules.EmulatorRuleClient$EmulatorRuleEvaluator.evaluate(EmulatorRuleClient.java:88)
	at com.google.cloud.datastore.core.auth.rules.AsyncTwoPhaseRulesAuthorizer.lambda$fullEvaluate$0(AsyncTwoPhaseRulesAuthorizer.java:1001)
	at com.google.cloud.datastore.computation.Computation.tryCatch(Computation.java:469)
	at com.google.cloud.datastore.core.auth.rules.AsyncTwoPhaseRulesAuthorizer.fullEvaluate(AsyncTwoPhaseRulesAuthorizer.java:1000)
	at com.google.cloud.datastore.core.auth.rules.AsyncTwoPhaseRulesAuthorizer.checkResource(AsyncTwoPhaseRulesAuthorizer.java:711)
	at com.google.cloud.datastore.core.auth.rules.AsyncTwoPhaseRulesAuthorizer.lambda$checkResources$0(AsyncTwoPhaseRulesAuthorizer.java:691)
	at com.google.cloud.datastore.computation.Computation.lambda$forEach$0(Computation.java:128)
	at com.google.cloud.datastore.computation.Computation.doWhile(Computation.java:212)
	at com.google.cloud.datastore.computation.Computation.lambda$whileTrue$2(Computation.java:151)
	at com.google.cloud.datastore.computation.Remainder$Completed.thenCompose(Remainder.java:726)
	at com.google.cloud.datastore.computation.Remainder.thenCompose(Remainder.java:452)
	at com.google.cloud.datastore.computation.Computation.whileTrue(Computation.java:151)
	at com.google.cloud.datastore.computation.Computation.whileTrue(Computation.java:133)
	at com.google.cloud.datastore.computation.Computation.forEach(Computation.java:128)
	at com.google.cloud.datastore.computation.Computation.forEach(Computation.java:123)
	at com.google.cloud.datastore.core.auth.rules.AsyncTwoPhaseRulesAuthorizer.checkResources(AsyncTwoPhaseRulesAuthorizer.java:689)
	at com.google.cloud.datastore.core.auth.rules.AsyncTwoPhaseRulesAuthorizer.handlePhaseOneInfo(AsyncTwoPhaseRulesAuthorizer.java:191)
	at com.google.cloud.datastore.core.auth.rules.AsyncTwoPhaseRulesAuthorizer.lambda$checkQueryRequest$0(AsyncTwoPhaseRulesAuthorizer.java:148)
	at com.google.cloud.datastore.computation.Remainder$Completed.thenCompose(Remainder.java:726)
	at com.google.cloud.datastore.computation.Remainder.thenCompose(Remainder.java:452)
	at com.google.cloud.datastore.core.auth.rules.AsyncTwoPhaseRulesAuthorizer.checkQueryRequest(AsyncTwoPhaseRulesAuthorizer.java:143)
	at com.google.cloud.datastore.emulator.impl.rules.DefaultEmulatorRulesAuthorizer.lambda$checkQuery$1(DefaultEmulatorRulesAuthorizer.java:198)
	at com.google.cloud.datastore.computation.Computation.run(Computation.java:81)
	at com.google.cloud.datastore.computation.Computation$Terminated.toFuture(Computation.java:947)
	at com.google.cloud.datastore.computation.Computation.toFuture(Computation.java:92)
	at com.google.cloud.datastore.emulator.impl.rules.DefaultEmulatorRulesAuthorizer.finish(DefaultEmulatorRulesAuthorizer.java:308)
	at com.google.cloud.datastore.emulator.impl.rules.DefaultEmulatorRulesAuthorizer.lambda$checkQuery$0(DefaultEmulatorRulesAuthorizer.java:195)
	at com.google.cloud.datastore.emulator.impl.rules.DefaultEmulatorRulesAuthorizer.withVerboseErrors(DefaultEmulatorRulesAuthorizer.java:321)
	... 29 more

Sep 03, 2026 8:59:43 PM com.google.cloud.datastore.emulator.impl.util.WrappedStreamObserver onError
WARNING: Operation failed: 
evaluation error at L35:24 for 'list' @ L35, Null value error. for 'list' @ L35
com.google.cloud.datastore.core.exception.DatastoreException: 
evaluation error at L35:24 for 'list' @ L35, Null value error. for 'list' @ L35
	at com.google.cloud.datastore.core.exception.DatastoreException$Builder.build(DatastoreException.java:152)
	at com.google.cloud.datastore.emulator.impl.rules.DefaultEmulatorRulesAuthorizer.verboseError(DefaultEmulatorRulesAuthorizer.java:349)
	at com.google.cloud.datastore.emulator.impl.rules.DefaultEmulatorRulesAuthorizer.withVerboseErrors(DefaultEmulatorRulesAuthorizer.java:326)
	at com.google.cloud.datastore.emulator.impl.rules.DefaultEmulatorRulesAuthorizer.checkQuery(DefaultEmulatorRulesAuthorizer.java:193)
	at com.google.cloud.datastore.emulator.impl.firestore.FirestoreEmulatorHelper.ruleAuthorizeAndReadEntities(FirestoreEmulatorHelper.java:811)
	at com.google.cloud.datastore.emulator.impl.firestore.FirestoreEmulatorHelper.snapshotAggregationQuery(FirestoreEmulatorHelper.java:723)
	at com.google.cloud.datastore.emulator.impl.firestore.FirestoreEmulatorHelper.lambda$aggregationQuery$0(FirestoreEmulatorHelper.java:705)
	at com.google.cloud.datastore.emulator.impl.transactions.EmulatorTransactionManager$ReadOnlyTransaction.fold(EmulatorTransactionManager.java:432)
	at com.google.cloud.datastore.emulator.impl.firestore.FirestoreEmulatorHelper.aggregationQuery(FirestoreEmulatorHelper.java:704)
	at com.google.cloud.datastore.emulator.impl.firestore.CloudFirestoreV1.runAggregationQueryStandardEdition(CloudFirestoreV1.java:776)
	at com.google.cloud.datastore.emulator.impl.firestore.CloudFirestoreV1.runAggregationQuery(CloudFirestoreV1.java:751)
	at com.google.cloud.datastore.emulator.impl.firestore.CloudFirestoreV1Router.runAggregationQuery(CloudFirestoreV1Router.java:197)
	at com.google.cloud.datastore.emulator.firestore.v1.FirestoreV1GrpcAdapter$1.lambda$runAggregationQuery$0(FirestoreV1GrpcAdapter.java:185)
	at com.google.cloud.datastore.emulator.firestore.v1.FirestoreV1GrpcAdapter.streaming(FirestoreV1GrpcAdapter.java:82)
	at com.google.cloud.datastore.emulator.firestore.v1.FirestoreV1GrpcAdapter$1.runAggregationQuery(FirestoreV1GrpcAdapter.java:185)
	at com.google.firestore.v1.FirestoreGrpc$MethodHandlers.invoke(FirestoreGrpc.java:1420)
	at io.grpc.stub.ServerCalls$UnaryServerCallHandler$UnaryServerCallListener.onHalfClose(ServerCalls.java:182)
	at io.grpc.PartialForwardingServerCallListener.onHalfClose(PartialForwardingServerCallListener.java:35)
	at io.grpc.ForwardingServerCallListener.onHalfClose(ForwardingServerCallListener.java:23)
	at io.grpc.ForwardingServerCallListener$SimpleForwardingServerCallListener.onHalfClose(ForwardingServerCallListener.java:40)
	at io.grpc.Contexts$ContextualizedServerCallListener.onHalfClose(Contexts.java:86)
	at io.grpc.PartialForwardingServerCallListener.onHalfClose(PartialForwardingServerCallListener.java:35)
	at io.grpc.ForwardingServerCallListener.onHalfClose(ForwardingServerCallListener.java:23)
	at io.grpc.ForwardingServerCallListener$SimpleForwardingServerCallListener.onHalfClose(ForwardingServerCallListener.java:40)
	at io.grpc.Contexts$ContextualizedServerCallListener.onHalfClose(Contexts.java:86)
	at io.grpc.internal.ServerCallImpl$ServerStreamListenerImpl.halfClosed(ServerCallImpl.java:356)
	at io.grpc.internal.ServerImpl$JumpToApplicationThreadServerStreamListener$1HalfClosed.runInContext(ServerImpl.java:861)
	at io.grpc.internal.ContextRunnable.run(ContextRunnable.java:37)
	at io.grpc.internal.SerializingExecutor.run(SerializingExecutor.java:133)
	at java.base/java.util.concurrent.ThreadPoolExecutor.runWorker(ThreadPoolExecutor.java:1090)
	at java.base/java.util.concurrent.ThreadPoolExecutor$Worker.run(ThreadPoolExecutor.java:614)
	at java.base/java.lang.Thread.run(Thread.java:1516)
Caused by: com.google.firebase.rules.runtime.common.EvaluationException: Error: /var/folders/17/97zrc8dn5kj9m8sn51kc0h3w0000gn/T/fireside-query-rules-mmhX4C/firestore.rules line [25], column [39]. Null value error.
	at com.google.firebase.rules.runtime.impl.DefaultEvaluator$TransformEvaluationException.apply(DefaultEvaluator.java:275)
	at com.google.firebase.rules.runtime.impl.DefaultEvaluator$TransformEvaluationException.apply(DefaultEvaluator.java:261)
	at com.google.common.util.concurrent.AbstractCatchingFuture$AsyncCatchingFuture.doFallback(AbstractCatchingFuture.java:207)
	at com.google.common.util.concurrent.AbstractCatchingFuture$AsyncCatchingFuture.doFallback(AbstractCatchingFuture.java:194)
	at com.google.common.util.concurrent.AbstractCatchingFuture.run(AbstractCatchingFuture.java:136)
	at com.google.common.util.concurrent.DirectExecutor.execute(DirectExecutor.java:30)
	at com.google.common.util.concurrent.AbstractFuture.executeListener(AbstractFuture.java:1024)
	at com.google.common.util.concurrent.AbstractFuture.addListener(AbstractFuture.java:486)
	at com.google.common.util.concurrent.FluentFuture$TrustedFuture.addListener(FluentFuture.java:122)
	at com.google.common.util.concurrent.AbstractCatchingFuture.createAsync(AbstractCatchingFuture.java:58)
	at com.google.common.util.concurrent.Futures.catchingAsync(Futures.java:409)
	at com.google.firebase.rules.runtime.impl.DefaultEvaluator.evaluate(DefaultEvaluator.java:177)
	at com.google.cloud.datastore.emulator.impl.rules.EmulatorRuleClient$EmulatorRuleEvaluator.evaluate(EmulatorRuleClient.java:88)
	at com.google.cloud.datastore.core.auth.rules.AsyncTwoPhaseRulesAuthorizer.lambda$fullEvaluate$0(AsyncTwoPhaseRulesAuthorizer.java:1001)
	at com.google.cloud.datastore.computation.Computation.tryCatch(Computation.java:469)
	at com.google.cloud.datastore.core.auth.rules.AsyncTwoPhaseRulesAuthorizer.fullEvaluate(AsyncTwoPhaseRulesAuthorizer.java:1000)
	at com.google.cloud.datastore.core.auth.rules.AsyncTwoPhaseRulesAuthorizer.checkResource(AsyncTwoPhaseRulesAuthorizer.java:711)
	at com.google.cloud.datastore.core.auth.rules.AsyncTwoPhaseRulesAuthorizer.lambda$checkResources$0(AsyncTwoPhaseRulesAuthorizer.java:691)
	at com.google.cloud.datastore.computation.Computation.lambda$forEach$0(Computation.java:128)
	at com.google.cloud.datastore.computation.Computation.doWhile(Computation.java:212)
	at com.google.cloud.datastore.computation.Computation.lambda$whileTrue$2(Computation.java:151)
	at com.google.cloud.datastore.computation.Remainder$Completed.thenCompose(Remainder.java:726)
	at com.google.cloud.datastore.computation.Remainder.thenCompose(Remainder.java:452)
	at com.google.cloud.datastore.computation.Computation.whileTrue(Computation.java:151)
	at com.google.cloud.datastore.computation.Computation.whileTrue(Computation.java:133)
	at com.google.cloud.datastore.computation.Computation.forEach(Computation.java:128)
	at com.google.cloud.datastore.computation.Computation.forEach(Computation.java:123)
	at com.google.cloud.datastore.core.auth.rules.AsyncTwoPhaseRulesAuthorizer.checkResources(AsyncTwoPhaseRulesAuthorizer.java:689)
	at com.google.cloud.datastore.core.auth.rules.AsyncTwoPhaseRulesAuthorizer.handlePhaseOneInfo(AsyncTwoPhaseRulesAuthorizer.java:191)
	at com.google.cloud.datastore.core.auth.rules.AsyncTwoPhaseRulesAuthorizer.lambda$checkQueryRequest$0(AsyncTwoPhaseRulesAuthorizer.java:148)
	at com.google.cloud.datastore.computation.Remainder$Completed.thenCompose(Remainder.java:726)
	at com.google.cloud.datastore.computation.Remainder.thenCompose(Remainder.java:452)
	at com.google.cloud.datastore.core.auth.rules.AsyncTwoPhaseRulesAuthorizer.checkQueryRequest(AsyncTwoPhaseRulesAuthorizer.java:143)
	at com.google.cloud.datastore.emulator.impl.rules.DefaultEmulatorRulesAuthorizer.lambda$checkQuery$1(DefaultEmulatorRulesAuthorizer.java:198)
	at com.google.cloud.datastore.computation.Computation.run(Computation.java:81)
	at com.google.cloud.datastore.computation.Computation$Terminated.toFuture(Computation.java:947)
	at com.google.cloud.datastore.computation.Computation.toFuture(Computation.java:92)
	at com.google.cloud.datastore.emulator.impl.rules.DefaultEmulatorRulesAuthorizer.finish(DefaultEmulatorRulesAuthorizer.java:308)
	at com.google.cloud.datastore.emulator.impl.rules.DefaultEmulatorRulesAuthorizer.lambda$checkQuery$0(DefaultEmulatorRulesAuthorizer.java:195)
	at com.google.cloud.datastore.emulator.impl.rules.DefaultEmulatorRulesAuthorizer.withVerboseErrors(DefaultEmulatorRulesAuthorizer.java:321)
	... 29 more

Sep 03, 2026 8:59:43 PM com.google.cloud.datastore.emulator.impl.util.WrappedStreamObserver onError
WARNING: Operation failed: 
Null value error. for 'list' @ L28, Null value error. for 'list' @ L28
com.google.cloud.datastore.core.exception.DatastoreException: 
Null value error. for 'list' @ L28, Null value error. for 'list' @ L28
	at com.google.cloud.datastore.core.exception.DatastoreException$Builder.build(DatastoreException.java:152)
	at com.google.cloud.datastore.emulator.impl.rules.DefaultEmulatorRulesAuthorizer.verboseError(DefaultEmulatorRulesAuthorizer.java:349)
	at com.google.cloud.datastore.emulator.impl.rules.DefaultEmulatorRulesAuthorizer.withVerboseErrors(DefaultEmulatorRulesAuthorizer.java:326)
	at com.google.cloud.datastore.emulator.impl.rules.DefaultEmulatorRulesAuthorizer.checkQuery(DefaultEmulatorRulesAuthorizer.java:193)
	at com.google.cloud.datastore.emulator.impl.firestore.FirestoreEmulatorHelper.ruleAuthorizeAndReadEntities(FirestoreEmulatorHelper.java:811)
	at com.google.cloud.datastore.emulator.impl.firestore.FirestoreEmulatorHelper.snapshotQuery(FirestoreEmulatorHelper.java:661)
	at com.google.cloud.datastore.emulator.impl.firestore.FirestoreEmulatorHelper.lambda$query$0(FirestoreEmulatorHelper.java:645)
	at com.google.cloud.datastore.emulator.impl.transactions.EmulatorTransactionManager$ReadOnlyTransaction.fold(EmulatorTransactionManager.java:432)
	at com.google.cloud.datastore.emulator.impl.firestore.FirestoreEmulatorHelper.query(FirestoreEmulatorHelper.java:643)
	at com.google.cloud.datastore.emulator.impl.firestore.CloudFirestoreV1.runQueryStandardEdition(CloudFirestoreV1.java:656)
	at com.google.cloud.datastore.emulator.impl.firestore.CloudFirestoreV1.runQuery(CloudFirestoreV1.java:632)
	at com.google.cloud.datastore.emulator.impl.firestore.CloudFirestoreV1Router.runQuery(CloudFirestoreV1Router.java:190)
	at com.google.cloud.datastore.emulator.firestore.v1.FirestoreV1GrpcAdapter$1.lambda$runQuery$0(FirestoreV1GrpcAdapter.java:178)
	at com.google.cloud.datastore.emulator.firestore.v1.FirestoreV1GrpcAdapter.streaming(FirestoreV1GrpcAdapter.java:82)
	at com.google.cloud.datastore.emulator.firestore.v1.FirestoreV1GrpcAdapter$1.runQuery(FirestoreV1GrpcAdapter.java:178)
	at com.google.firestore.v1.FirestoreGrpc$MethodHandlers.invoke(FirestoreGrpc.java:1412)
	at io.grpc.stub.ServerCalls$UnaryServerCallHandler$UnaryServerCallListener.onHalfClose(ServerCalls.java:182)
	at io.grpc.PartialForwardingServerCallListener.onHalfClose(PartialForwardingServerCallListener.java:35)
	at io.grpc.ForwardingServerCallListener.onHalfClose(ForwardingServerCallListener.java:23)
	at io.grpc.ForwardingServerCallListener$SimpleForwardingServerCallListener.onHalfClose(ForwardingServerCallListener.java:40)
	at io.grpc.Contexts$ContextualizedServerCallListener.onHalfClose(Contexts.java:86)
	at io.grpc.PartialForwardingServerCallListener.onHalfClose(PartialForwardingServerCallListener.java:35)
	at io.grpc.ForwardingServerCallListener.onHalfClose(ForwardingServerCallListener.java:23)
	at io.grpc.ForwardingServerCallListener$SimpleForwardingServerCallListener.onHalfClose(ForwardingServerCallListener.java:40)
	at io.grpc.Contexts$ContextualizedServerCallListener.onHalfClose(Contexts.java:86)
	at io.grpc.internal.ServerCallImpl$ServerStreamListenerImpl.halfClosed(ServerCallImpl.java:356)
	at io.grpc.internal.ServerImpl$JumpToApplicationThreadServerStreamListener$1HalfClosed.runInContext(ServerImpl.java:861)
	at io.grpc.internal.ContextRunnable.run(ContextRunnable.java:37)
	at io.grpc.internal.SerializingExecutor.run(SerializingExecutor.java:133)
	at java.base/java.util.concurrent.ThreadPoolExecutor.runWorker(ThreadPoolExecutor.java:1090)
	at java.base/java.util.concurrent.ThreadPoolExecutor$Worker.run(ThreadPoolExecutor.java:614)
	at java.base/java.lang.Thread.run(Thread.java:1516)
Caused by: com.google.firebase.rules.runtime.common.EvaluationException: Error: /var/folders/17/97zrc8dn5kj9m8sn51kc0h3w0000gn/T/fireside-query-rules-mmhX4C/firestore.rules line [28], column [100]. Null value error.
	at com.google.firebase.rules.runtime.impl.DefaultEvaluator$TransformEvaluationException.apply(DefaultEvaluator.java:275)
	at com.google.firebase.rules.runtime.impl.DefaultEvaluator$TransformEvaluationException.apply(DefaultEvaluator.java:261)
	at com.google.common.util.concurrent.AbstractCatchingFuture$AsyncCatchingFuture.doFallback(AbstractCatchingFuture.java:207)
	at com.google.common.util.concurrent.AbstractCatchingFuture$AsyncCatchingFuture.doFallback(AbstractCatchingFuture.java:194)
	at com.google.common.util.concurrent.AbstractCatchingFuture.run(AbstractCatchingFuture.java:136)
	at com.google.common.util.concurrent.DirectExecutor.execute(DirectExecutor.java:30)
	at com.google.common.util.concurrent.AbstractFuture.executeListener(AbstractFuture.java:1024)
	at com.google.common.util.concurrent.AbstractFuture.addListener(AbstractFuture.java:486)
	at com.google.common.util.concurrent.FluentFuture$TrustedFuture.addListener(FluentFuture.java:122)
	at com.google.common.util.concurrent.AbstractCatchingFuture.createAsync(AbstractCatchingFuture.java:58)
	at com.google.common.util.concurrent.Futures.catchingAsync(Futures.java:409)
	at com.google.firebase.rules.runtime.impl.DefaultEvaluator.evaluate(DefaultEvaluator.java:177)
	at com.google.cloud.datastore.emulator.impl.rules.EmulatorRuleClient$EmulatorRuleEvaluator.evaluate(EmulatorRuleClient.java:88)
	at com.google.cloud.datastore.core.auth.rules.AsyncTwoPhaseRulesAuthorizer.lambda$fullEvaluate$0(AsyncTwoPhaseRulesAuthorizer.java:1001)
	at com.google.cloud.datastore.computation.Computation.tryCatch(Computation.java:469)
	at com.google.cloud.datastore.core.auth.rules.AsyncTwoPhaseRulesAuthorizer.fullEvaluate(AsyncTwoPhaseRulesAuthorizer.java:1000)
	at com.google.cloud.datastore.core.auth.rules.AsyncTwoPhaseRulesAuthorizer.checkResource(AsyncTwoPhaseRulesAuthorizer.java:711)
	at com.google.cloud.datastore.core.auth.rules.AsyncTwoPhaseRulesAuthorizer.lambda$checkResources$0(AsyncTwoPhaseRulesAuthorizer.java:691)
	at com.google.cloud.datastore.computation.Computation.lambda$forEach$0(Computation.java:128)
	at com.google.cloud.datastore.computation.Computation.doWhile(Computation.java:212)
	at com.google.cloud.datastore.computation.Computation.lambda$whileTrue$2(Computation.java:151)
	at com.google.cloud.datastore.computation.Remainder$Completed.thenCompose(Remainder.java:726)
	at com.google.cloud.datastore.computation.Remainder.thenCompose(Remainder.java:452)
	at com.google.cloud.datastore.computation.Computation.whileTrue(Computation.java:151)
	at com.google.cloud.datastore.computation.Computation.whileTrue(Computation.java:133)
	at com.google.cloud.datastore.computation.Computation.forEach(Computation.java:128)
	at com.google.cloud.datastore.computation.Computation.forEach(Computation.java:123)
	at com.google.cloud.datastore.core.auth.rules.AsyncTwoPhaseRulesAuthorizer.checkResources(AsyncTwoPhaseRulesAuthorizer.java:689)
	at com.google.cloud.datastore.core.auth.rules.AsyncTwoPhaseRulesAuthorizer.handlePhaseOneInfo(AsyncTwoPhaseRulesAuthorizer.java:191)
	at com.google.cloud.datastore.core.auth.rules.AsyncTwoPhaseRulesAuthorizer.lambda$checkQueryRequest$0(AsyncTwoPhaseRulesAuthorizer.java:148)
	at com.google.cloud.datastore.computation.Remainder$Completed.thenCompose(Remainder.java:726)
	at com.google.cloud.datastore.computation.Remainder.thenCompose(Remainder.java:452)
	at com.google.cloud.datastore.core.auth.rules.AsyncTwoPhaseRulesAuthorizer.checkQueryRequest(AsyncTwoPhaseRulesAuthorizer.java:143)
	at com.google.cloud.datastore.emulator.impl.rules.DefaultEmulatorRulesAuthorizer.lambda$checkQuery$1(DefaultEmulatorRulesAuthorizer.java:198)
	at com.google.cloud.datastore.computation.Computation.run(Computation.java:81)
	at com.google.cloud.datastore.computation.Computation$Terminated.toFuture(Computation.java:947)
	at com.google.cloud.datastore.computation.Computation.toFuture(Computation.java:92)
	at com.google.cloud.datastore.emulator.impl.rules.DefaultEmulatorRulesAuthorizer.finish(DefaultEmulatorRulesAuthorizer.java:308)
	at com.google.cloud.datastore.emulator.impl.rules.DefaultEmulatorRulesAuthorizer.lambda$checkQuery$0(DefaultEmulatorRulesAuthorizer.java:195)
	at com.google.cloud.datastore.emulator.impl.rules.DefaultEmulatorRulesAuthorizer.withVerboseErrors(DefaultEmulatorRulesAuthorizer.java:321)
	... 29 more

Sep 03, 2026 8:59:43 PM com.google.cloud.datastore.emulator.impl.util.WrappedStreamObserver onError
WARNING: Operation failed: 
Null value error. for 'list' @ L28, Null value error. for 'list' @ L28
com.google.cloud.datastore.core.exception.DatastoreException: 
Null value error. for 'list' @ L28, Null value error. for 'list' @ L28
	at com.google.cloud.datastore.core.exception.DatastoreException$Builder.build(DatastoreException.java:152)
	at com.google.cloud.datastore.emulator.impl.rules.DefaultEmulatorRulesAuthorizer.verboseError(DefaultEmulatorRulesAuthorizer.java:349)
	at com.google.cloud.datastore.emulator.impl.rules.DefaultEmulatorRulesAuthorizer.withVerboseErrors(DefaultEmulatorRulesAuthorizer.java:326)
	at com.google.cloud.datastore.emulator.impl.rules.DefaultEmulatorRulesAuthorizer.checkQuery(DefaultEmulatorRulesAuthorizer.java:193)
	at com.google.cloud.datastore.emulator.impl.firestore.FirestoreEmulatorHelper.ruleAuthorizeAndReadEntities(FirestoreEmulatorHelper.java:811)
	at com.google.cloud.datastore.emulator.impl.firestore.FirestoreEmulatorHelper.snapshotAggregationQuery(FirestoreEmulatorHelper.java:723)
	at com.google.cloud.datastore.emulator.impl.firestore.FirestoreEmulatorHelper.lambda$aggregationQuery$0(FirestoreEmulatorHelper.java:705)
	at com.google.cloud.datastore.emulator.impl.transactions.EmulatorTransactionManager$ReadOnlyTransaction.fold(EmulatorTransactionManager.java:432)
	at com.google.cloud.datastore.emulator.impl.firestore.FirestoreEmulatorHelper.aggregationQuery(FirestoreEmulatorHelper.java:704)
	at com.google.cloud.datastore.emulator.impl.firestore.CloudFirestoreV1.runAggregationQueryStandardEdition(CloudFirestoreV1.java:776)
	at com.google.cloud.datastore.emulator.impl.firestore.CloudFirestoreV1.runAggregationQuery(CloudFirestoreV1.java:751)
	at com.google.cloud.datastore.emulator.impl.firestore.CloudFirestoreV1Router.runAggregationQuery(CloudFirestoreV1Router.java:197)
	at com.google.cloud.datastore.emulator.firestore.v1.FirestoreV1GrpcAdapter$1.lambda$runAggregationQuery$0(FirestoreV1GrpcAdapter.java:185)
	at com.google.cloud.datastore.emulator.firestore.v1.FirestoreV1GrpcAdapter.streaming(FirestoreV1GrpcAdapter.java:82)
	at com.google.cloud.datastore.emulator.firestore.v1.FirestoreV1GrpcAdapter$1.runAggregationQuery(FirestoreV1GrpcAdapter.java:185)
	at com.google.firestore.v1.FirestoreGrpc$MethodHandlers.invoke(FirestoreGrpc.java:1420)
	at io.grpc.stub.ServerCalls$UnaryServerCallHandler$UnaryServerCallListener.onHalfClose(ServerCalls.java:182)
	at io.grpc.PartialForwardingServerCallListener.onHalfClose(PartialForwardingServerCallListener.java:35)
	at io.grpc.ForwardingServerCallListener.onHalfClose(ForwardingServerCallListener.java:23)
	at io.grpc.ForwardingServerCallListener$SimpleForwardingServerCallListener.onHalfClose(ForwardingServerCallListener.java:40)
	at io.grpc.Contexts$ContextualizedServerCallListener.onHalfClose(Contexts.java:86)
	at io.grpc.PartialForwardingServerCallListener.onHalfClose(PartialForwardingServerCallListener.java:35)
	at io.grpc.ForwardingServerCallListener.onHalfClose(ForwardingServerCallListener.java:23)
	at io.grpc.ForwardingServerCallListener$SimpleForwardingServerCallListener.onHalfClose(ForwardingServerCallListener.java:40)
	at io.grpc.Contexts$ContextualizedServerCallListener.onHalfClose(Contexts.java:86)
	at io.grpc.internal.ServerCallImpl$ServerStreamListenerImpl.halfClosed(ServerCallImpl.java:356)
	at io.grpc.internal.ServerImpl$JumpToApplicationThreadServerStreamListener$1HalfClosed.runInContext(ServerImpl.java:861)
	at io.grpc.internal.ContextRunnable.run(ContextRunnable.java:37)
	at io.grpc.internal.SerializingExecutor.run(SerializingExecutor.java:133)
	at java.base/java.util.concurrent.ThreadPoolExecutor.runWorker(ThreadPoolExecutor.java:1090)
	at java.base/java.util.concurrent.ThreadPoolExecutor$Worker.run(ThreadPoolExecutor.java:614)
	at java.base/java.lang.Thread.run(Thread.java:1516)
Caused by: com.google.firebase.rules.runtime.common.EvaluationException: Error: /var/folders/17/97zrc8dn5kj9m8sn51kc0h3w0000gn/T/fireside-query-rules-mmhX4C/firestore.rules line [28], column [100]. Null value error.
	at com.google.firebase.rules.runtime.impl.DefaultEvaluator$TransformEvaluationException.apply(DefaultEvaluator.java:275)
	at com.google.firebase.rules.runtime.impl.DefaultEvaluator$TransformEvaluationException.apply(DefaultEvaluator.java:261)
	at com.google.common.util.concurrent.AbstractCatchingFuture$AsyncCatchingFuture.doFallback(AbstractCatchingFuture.java:207)
	at com.google.common.util.concurrent.AbstractCatchingFuture$AsyncCatchingFuture.doFallback(AbstractCatchingFuture.java:194)
	at com.google.common.util.concurrent.AbstractCatchingFuture.run(AbstractCatchingFuture.java:136)
	at com.google.common.util.concurrent.DirectExecutor.execute(DirectExecutor.java:30)
	at com.google.common.util.concurrent.AbstractFuture.executeListener(AbstractFuture.java:1024)
	at com.google.common.util.concurrent.AbstractFuture.addListener(AbstractFuture.java:486)
	at com.google.common.util.concurrent.FluentFuture$TrustedFuture.addListener(FluentFuture.java:122)
	at com.google.common.util.concurrent.AbstractCatchingFuture.createAsync(AbstractCatchingFuture.java:58)
	at com.google.common.util.concurrent.Futures.catchingAsync(Futures.java:409)
	at com.google.firebase.rules.runtime.impl.DefaultEvaluator.evaluate(DefaultEvaluator.java:177)
	at com.google.cloud.datastore.emulator.impl.rules.EmulatorRuleClient$EmulatorRuleEvaluator.evaluate(EmulatorRuleClient.java:88)
	at com.google.cloud.datastore.core.auth.rules.AsyncTwoPhaseRulesAuthorizer.lambda$fullEvaluate$0(AsyncTwoPhaseRulesAuthorizer.java:1001)
	at com.google.cloud.datastore.computation.Computation.tryCatch(Computation.java:469)
	at com.google.cloud.datastore.core.auth.rules.AsyncTwoPhaseRulesAuthorizer.fullEvaluate(AsyncTwoPhaseRulesAuthorizer.java:1000)
	at com.google.cloud.datastore.core.auth.rules.AsyncTwoPhaseRulesAuthorizer.checkResource(AsyncTwoPhaseRulesAuthorizer.java:711)
	at com.google.cloud.datastore.core.auth.rules.AsyncTwoPhaseRulesAuthorizer.lambda$checkResources$0(AsyncTwoPhaseRulesAuthorizer.java:691)
	at com.google.cloud.datastore.computation.Computation.lambda$forEach$0(Computation.java:128)
	at com.google.cloud.datastore.computation.Computation.doWhile(Computation.java:212)
	at com.google.cloud.datastore.computation.Computation.lambda$whileTrue$2(Computation.java:151)
	at com.google.cloud.datastore.computation.Remainder$Completed.thenCompose(Remainder.java:726)
	at com.google.cloud.datastore.computation.Remainder.thenCompose(Remainder.java:452)
	at com.google.cloud.datastore.computation.Computation.whileTrue(Computation.java:151)
	at com.google.cloud.datastore.computation.Computation.whileTrue(Computation.java:133)
	at com.google.cloud.datastore.computation.Computation.forEach(Computation.java:128)
	at com.google.cloud.datastore.computation.Computation.forEach(Computation.java:123)
	at com.google.cloud.datastore.core.auth.rules.AsyncTwoPhaseRulesAuthorizer.checkResources(AsyncTwoPhaseRulesAuthorizer.java:689)
	at com.google.cloud.datastore.core.auth.rules.AsyncTwoPhaseRulesAuthorizer.handlePhaseOneInfo(AsyncTwoPhaseRulesAuthorizer.java:191)
	at com.google.cloud.datastore.core.auth.rules.AsyncTwoPhaseRulesAuthorizer.lambda$checkQueryRequest$0(AsyncTwoPhaseRulesAuthorizer.java:148)
	at com.google.cloud.datastore.computation.Remainder$Completed.thenCompose(Remainder.java:726)
	at com.google.cloud.datastore.computation.Remainder.thenCompose(Remainder.java:452)
	at com.google.cloud.datastore.core.auth.rules.AsyncTwoPhaseRulesAuthorizer.checkQueryRequest(AsyncTwoPhaseRulesAuthorizer.java:143)
	at com.google.cloud.datastore.emulator.impl.rules.DefaultEmulatorRulesAuthorizer.lambda$checkQuery$1(DefaultEmulatorRulesAuthorizer.java:198)
	at com.google.cloud.datastore.computation.Computation.run(Computation.java:81)
	at com.google.cloud.datastore.computation.Computation$Terminated.toFuture(Computation.java:947)
	at com.google.cloud.datastore.computation.Computation.toFuture(Computation.java:92)
	at com.google.cloud.datastore.emulator.impl.rules.DefaultEmulatorRulesAuthorizer.finish(DefaultEmulatorRulesAuthorizer.java:308)
	at com.google.cloud.datastore.emulator.impl.rules.DefaultEmulatorRulesAuthorizer.lambda$checkQuery$0(DefaultEmulatorRulesAuthorizer.java:195)
	at com.google.cloud.datastore.emulator.impl.rules.DefaultEmulatorRulesAuthorizer.withVerboseErrors(DefaultEmulatorRulesAuthorizer.java:321)
	... 29 more

Sep 03, 2026 8:59:43 PM com.google.cloud.datastore.emulator.impl.util.WrappedStreamObserver onError
WARNING: Operation failed: 
Property createdBy is undefined on object. for 'list' @ L8
com.google.cloud.datastore.core.exception.DatastoreException: 
Property createdBy is undefined on object. for 'list' @ L8
	at com.google.cloud.datastore.core.exception.DatastoreException$Builder.build(DatastoreException.java:152)
	at com.google.cloud.datastore.emulator.impl.rules.DefaultEmulatorRulesAuthorizer.verboseError(DefaultEmulatorRulesAuthorizer.java:349)
	at com.google.cloud.datastore.emulator.impl.rules.DefaultEmulatorRulesAuthorizer.withVerboseErrors(DefaultEmulatorRulesAuthorizer.java:326)
	at com.google.cloud.datastore.emulator.impl.rules.DefaultEmulatorRulesAuthorizer.checkQuery(DefaultEmulatorRulesAuthorizer.java:193)
	at com.google.cloud.datastore.emulator.impl.firestore.FirestoreEmulatorHelper.ruleAuthorizeAndReadEntities(FirestoreEmulatorHelper.java:811)
	at com.google.cloud.datastore.emulator.impl.firestore.FirestoreEmulatorHelper.snapshotQuery(FirestoreEmulatorHelper.java:661)
	at com.google.cloud.datastore.emulator.impl.firestore.FirestoreEmulatorHelper.lambda$query$0(FirestoreEmulatorHelper.java:645)
	at com.google.cloud.datastore.emulator.impl.transactions.EmulatorTransactionManager$ReadOnlyTransaction.fold(EmulatorTransactionManager.java:432)
	at com.google.cloud.datastore.emulator.impl.firestore.FirestoreEmulatorHelper.query(FirestoreEmulatorHelper.java:643)
	at com.google.cloud.datastore.emulator.impl.firestore.CloudFirestoreV1.listDocuments(CloudFirestoreV1.java:364)
	at com.google.cloud.datastore.emulator.impl.firestore.CloudFirestoreV1Router.listDocuments(CloudFirestoreV1Router.java:138)
	at com.google.cloud.datastore.emulator.firestore.v1.FirestoreV1GrpcAdapter$1.lambda$listDocuments$0(FirestoreV1GrpcAdapter.java:120)
	at com.google.cloud.datastore.emulator.firestore.v1.FirestoreV1GrpcAdapter.unary(FirestoreV1GrpcAdapter.java:72)
	at com.google.cloud.datastore.emulator.firestore.v1.FirestoreV1GrpcAdapter$1.listDocuments(FirestoreV1GrpcAdapter.java:120)
	at com.google.firestore.v1.FirestoreGrpc$MethodHandlers.invoke(FirestoreGrpc.java:1384)
	at io.grpc.stub.ServerCalls$UnaryServerCallHandler$UnaryServerCallListener.onHalfClose(ServerCalls.java:182)
	at io.grpc.PartialForwardingServerCallListener.onHalfClose(PartialForwardingServerCallListener.java:35)
	at io.grpc.ForwardingServerCallListener.onHalfClose(ForwardingServerCallListener.java:23)
	at io.grpc.ForwardingServerCallListener$SimpleForwardingServerCallListener.onHalfClose(ForwardingServerCallListener.java:40)
	at io.grpc.Contexts$ContextualizedServerCallListener.onHalfClose(Contexts.java:86)
	at io.grpc.PartialForwardingServerCallListener.onHalfClose(PartialForwardingServerCallListener.java:35)
	at io.grpc.ForwardingServerCallListener.onHalfClose(ForwardingServerCallListener.java:23)
	at io.grpc.ForwardingServerCallListener$SimpleForwardingServerCallListener.onHalfClose(ForwardingServerCallListener.java:40)
	at io.grpc.Contexts$ContextualizedServerCallListener.onHalfClose(Contexts.java:86)
	at io.grpc.internal.ServerCallImpl$ServerStreamListenerImpl.halfClosed(ServerCallImpl.java:356)
	at io.grpc.internal.ServerImpl$JumpToApplicationThreadServerStreamListener$1HalfClosed.runInContext(ServerImpl.java:861)
	at io.grpc.internal.ContextRunnable.run(ContextRunnable.java:37)
	at io.grpc.internal.SerializingExecutor.run(SerializingExecutor.java:133)
	at java.base/java.util.concurrent.ThreadPoolExecutor.runWorker(ThreadPoolExecutor.java:1090)
	at java.base/java.util.concurrent.ThreadPoolExecutor$Worker.run(ThreadPoolExecutor.java:614)
	at java.base/java.lang.Thread.run(Thread.java:1516)

Sep 03, 2026 8:59:43 PM com.google.cloud.datastore.emulator.impl.util.WrappedStreamObserver onError
WARNING: Operation failed: 
Property createdBy is undefined on object. for 'list' @ L9
com.google.cloud.datastore.core.exception.DatastoreException: 
Property createdBy is undefined on object. for 'list' @ L9
	at com.google.cloud.datastore.core.exception.DatastoreException$Builder.build(DatastoreException.java:152)
	at com.google.cloud.datastore.emulator.impl.rules.DefaultEmulatorRulesAuthorizer.verboseError(DefaultEmulatorRulesAuthorizer.java:349)
	at com.google.cloud.datastore.emulator.impl.rules.DefaultEmulatorRulesAuthorizer.withVerboseErrors(DefaultEmulatorRulesAuthorizer.java:326)
	at com.google.cloud.datastore.emulator.impl.rules.DefaultEmulatorRulesAuthorizer.checkQuery(DefaultEmulatorRulesAuthorizer.java:193)
	at com.google.cloud.datastore.emulator.impl.firestore.FirestoreEmulatorHelper.ruleAuthorizeAndReadEntities(FirestoreEmulatorHelper.java:811)
	at com.google.cloud.datastore.emulator.impl.firestore.FirestoreEmulatorHelper.snapshotQuery(FirestoreEmulatorHelper.java:661)
	at com.google.cloud.datastore.emulator.impl.firestore.FirestoreEmulatorHelper.lambda$query$0(FirestoreEmulatorHelper.java:645)
	at com.google.cloud.datastore.emulator.impl.transactions.EmulatorTransactionManager$ReadOnlyTransaction.fold(EmulatorTransactionManager.java:432)
	at com.google.cloud.datastore.emulator.impl.firestore.FirestoreEmulatorHelper.query(FirestoreEmulatorHelper.java:643)
	at com.google.cloud.datastore.emulator.impl.firestore.CloudFirestoreV1.listDocuments(CloudFirestoreV1.java:364)
	at com.google.cloud.datastore.emulator.impl.firestore.CloudFirestoreV1Router.listDocuments(CloudFirestoreV1Router.java:138)
	at com.google.cloud.datastore.emulator.firestore.v1.FirestoreV1GrpcAdapter$1.lambda$listDocuments$0(FirestoreV1GrpcAdapter.java:120)
	at com.google.cloud.datastore.emulator.firestore.v1.FirestoreV1GrpcAdapter.unary(FirestoreV1GrpcAdapter.java:72)
	at com.google.cloud.datastore.emulator.firestore.v1.FirestoreV1GrpcAdapter$1.listDocuments(FirestoreV1GrpcAdapter.java:120)
	at com.google.firestore.v1.FirestoreGrpc$MethodHandlers.invoke(FirestoreGrpc.java:1384)
	at io.grpc.stub.ServerCalls$UnaryServerCallHandler$UnaryServerCallListener.onHalfClose(ServerCalls.java:182)
	at io.grpc.PartialForwardingServerCallListener.onHalfClose(PartialForwardingServerCallListener.java:35)
	at io.grpc.ForwardingServerCallListener.onHalfClose(ForwardingServerCallListener.java:23)
	at io.grpc.ForwardingServerCallListener$SimpleForwardingServerCallListener.onHalfClose(ForwardingServerCallListener.java:40)
	at io.grpc.Contexts$ContextualizedServerCallListener.onHalfClose(Contexts.java:86)
	at io.grpc.PartialForwardingServerCallListener.onHalfClose(PartialForwardingServerCallListener.java:35)
	at io.grpc.ForwardingServerCallListener.onHalfClose(ForwardingServerCallListener.java:23)
	at io.grpc.ForwardingServerCallListener$SimpleForwardingServerCallListener.onHalfClose(ForwardingServerCallListener.java:40)
	at io.grpc.Contexts$ContextualizedServerCallListener.onHalfClose(Contexts.java:86)
	at io.grpc.internal.ServerCallImpl$ServerStreamListenerImpl.halfClosed(ServerCallImpl.java:356)
	at io.grpc.internal.ServerImpl$JumpToApplicationThreadServerStreamListener$1HalfClosed.runInContext(ServerImpl.java:861)
	at io.grpc.internal.ContextRunnable.run(ContextRunnable.java:37)
	at io.grpc.internal.SerializingExecutor.run(SerializingExecutor.java:133)
	at java.base/java.util.concurrent.ThreadPoolExecutor.runWorker(ThreadPoolExecutor.java:1090)
	at java.base/java.util.concurrent.ThreadPoolExecutor$Worker.run(ThreadPoolExecutor.java:614)
	at java.base/java.lang.Thread.run(Thread.java:1516)

Sep 03, 2026 8:59:43 PM com.google.cloud.datastore.emulator.impl.util.WrappedStreamObserver onError
WARNING: Operation failed: 
Null value error. for 'list' @ L28, Null value error. for 'list' @ L28
com.google.cloud.datastore.core.exception.DatastoreException: 
Null value error. for 'list' @ L28, Null value error. for 'list' @ L28
	at com.google.cloud.datastore.core.exception.DatastoreException$Builder.build(DatastoreException.java:152)
	at com.google.cloud.datastore.emulator.impl.rules.DefaultEmulatorRulesAuthorizer.verboseError(DefaultEmulatorRulesAuthorizer.java:349)
	at com.google.cloud.datastore.emulator.impl.rules.DefaultEmulatorRulesAuthorizer.withVerboseErrors(DefaultEmulatorRulesAuthorizer.java:326)
	at com.google.cloud.datastore.emulator.impl.rules.DefaultEmulatorRulesAuthorizer.checkQuery(DefaultEmulatorRulesAuthorizer.java:193)
	at com.google.cloud.datastore.emulator.impl.firestore.FirestoreEmulatorHelper.ruleAuthorizeAndReadEntities(FirestoreEmulatorHelper.java:811)
	at com.google.cloud.datastore.emulator.impl.firestore.FirestoreEmulatorHelper.snapshotQuery(FirestoreEmulatorHelper.java:661)
	at com.google.cloud.datastore.emulator.impl.firestore.FirestoreEmulatorHelper.lambda$query$0(FirestoreEmulatorHelper.java:645)
	at com.google.cloud.datastore.emulator.impl.transactions.EmulatorTransactionManager$ReadOnlyTransaction.fold(EmulatorTransactionManager.java:432)
	at com.google.cloud.datastore.emulator.impl.firestore.FirestoreEmulatorHelper.query(FirestoreEmulatorHelper.java:643)
	at com.google.cloud.datastore.emulator.impl.firestore.CloudFirestoreV1.listDocuments(CloudFirestoreV1.java:364)
	at com.google.cloud.datastore.emulator.impl.firestore.CloudFirestoreV1Router.listDocuments(CloudFirestoreV1Router.java:138)
	at com.google.cloud.datastore.emulator.firestore.v1.FirestoreV1GrpcAdapter$1.lambda$listDocuments$0(FirestoreV1GrpcAdapter.java:120)
	at com.google.cloud.datastore.emulator.firestore.v1.FirestoreV1GrpcAdapter.unary(FirestoreV1GrpcAdapter.java:72)
	at com.google.cloud.datastore.emulator.firestore.v1.FirestoreV1GrpcAdapter$1.listDocuments(FirestoreV1GrpcAdapter.java:120)
	at com.google.firestore.v1.FirestoreGrpc$MethodHandlers.invoke(FirestoreGrpc.java:1384)
	at io.grpc.stub.ServerCalls$UnaryServerCallHandler$UnaryServerCallListener.onHalfClose(ServerCalls.java:182)
	at io.grpc.PartialForwardingServerCallListener.onHalfClose(PartialForwardingServerCallListener.java:35)
	at io.grpc.ForwardingServerCallListener.onHalfClose(ForwardingServerCallListener.java:23)
	at io.grpc.ForwardingServerCallListener$SimpleForwardingServerCallListener.onHalfClose(ForwardingServerCallListener.java:40)
	at io.grpc.Contexts$ContextualizedServerCallListener.onHalfClose(Contexts.java:86)
	at io.grpc.PartialForwardingServerCallListener.onHalfClose(PartialForwardingServerCallListener.java:35)
	at io.grpc.ForwardingServerCallListener.onHalfClose(ForwardingServerCallListener.java:23)
	at io.grpc.ForwardingServerCallListener$SimpleForwardingServerCallListener.onHalfClose(ForwardingServerCallListener.java:40)
	at io.grpc.Contexts$ContextualizedServerCallListener.onHalfClose(Contexts.java:86)
	at io.grpc.internal.ServerCallImpl$ServerStreamListenerImpl.halfClosed(ServerCallImpl.java:356)
	at io.grpc.internal.ServerImpl$JumpToApplicationThreadServerStreamListener$1HalfClosed.runInContext(ServerImpl.java:861)
	at io.grpc.internal.ContextRunnable.run(ContextRunnable.java:37)
	at io.grpc.internal.SerializingExecutor.run(SerializingExecutor.java:133)
	at java.base/java.util.concurrent.ThreadPoolExecutor.runWorker(ThreadPoolExecutor.java:1090)
	at java.base/java.util.concurrent.ThreadPoolExecutor$Worker.run(ThreadPoolExecutor.java:614)
	at java.base/java.lang.Thread.run(Thread.java:1516)
Caused by: com.google.firebase.rules.runtime.common.EvaluationException: Error: /var/folders/17/97zrc8dn5kj9m8sn51kc0h3w0000gn/T/fireside-query-rules-mmhX4C/firestore.rules line [28], column [100]. Null value error.
	at com.google.firebase.rules.runtime.impl.DefaultEvaluator$TransformEvaluationException.apply(DefaultEvaluator.java:275)
	at com.google.firebase.rules.runtime.impl.DefaultEvaluator$TransformEvaluationException.apply(DefaultEvaluator.java:261)
	at com.google.common.util.concurrent.AbstractCatchingFuture$AsyncCatchingFuture.doFallback(AbstractCatchingFuture.java:207)
	at com.google.common.util.concurrent.AbstractCatchingFuture$AsyncCatchingFuture.doFallback(AbstractCatchingFuture.java:194)
	at com.google.common.util.concurrent.AbstractCatchingFuture.run(AbstractCatchingFuture.java:136)
	at com.google.common.util.concurrent.DirectExecutor.execute(DirectExecutor.java:30)
	at com.google.common.util.concurrent.AbstractFuture.executeListener(AbstractFuture.java:1024)
	at com.google.common.util.concurrent.AbstractFuture.addListener(AbstractFuture.java:486)
	at com.google.common.util.concurrent.FluentFuture$TrustedFuture.addListener(FluentFuture.java:122)
	at com.google.common.util.concurrent.AbstractCatchingFuture.createAsync(AbstractCatchingFuture.java:58)
	at com.google.common.util.concurrent.Futures.catchingAsync(Futures.java:409)
	at com.google.firebase.rules.runtime.impl.DefaultEvaluator.evaluate(DefaultEvaluator.java:177)
	at com.google.cloud.datastore.emulator.impl.rules.EmulatorRuleClient$EmulatorRuleEvaluator.evaluate(EmulatorRuleClient.java:88)
	at com.google.cloud.datastore.core.auth.rules.AsyncTwoPhaseRulesAuthorizer.lambda$fullEvaluate$0(AsyncTwoPhaseRulesAuthorizer.java:1001)
	at com.google.cloud.datastore.computation.Computation.tryCatch(Computation.java:469)
	at com.google.cloud.datastore.core.auth.rules.AsyncTwoPhaseRulesAuthorizer.fullEvaluate(AsyncTwoPhaseRulesAuthorizer.java:1000)
	at com.google.cloud.datastore.core.auth.rules.AsyncTwoPhaseRulesAuthorizer.checkResource(AsyncTwoPhaseRulesAuthorizer.java:711)
	at com.google.cloud.datastore.core.auth.rules.AsyncTwoPhaseRulesAuthorizer.lambda$checkResources$0(AsyncTwoPhaseRulesAuthorizer.java:691)
	at com.google.cloud.datastore.computation.Computation.lambda$forEach$0(Computation.java:128)
	at com.google.cloud.datastore.computation.Computation.doWhile(Computation.java:212)
	at com.google.cloud.datastore.computation.Computation.lambda$whileTrue$2(Computation.java:151)
	at com.google.cloud.datastore.computation.Remainder$Completed.thenCompose(Remainder.java:726)
	at com.google.cloud.datastore.computation.Remainder.thenCompose(Remainder.java:452)
	at com.google.cloud.datastore.computation.Computation.whileTrue(Computation.java:151)
	at com.google.cloud.datastore.computation.Computation.whileTrue(Computation.java:133)
	at com.google.cloud.datastore.computation.Computation.forEach(Computation.java:128)
	at com.google.cloud.datastore.computation.Computation.forEach(Computation.java:123)
	at com.google.cloud.datastore.core.auth.rules.AsyncTwoPhaseRulesAuthorizer.checkResources(AsyncTwoPhaseRulesAuthorizer.java:689)
	at com.google.cloud.datastore.core.auth.rules.AsyncTwoPhaseRulesAuthorizer.handlePhaseOneInfo(AsyncTwoPhaseRulesAuthorizer.java:191)
	at com.google.cloud.datastore.core.auth.rules.AsyncTwoPhaseRulesAuthorizer.lambda$checkQueryRequest$0(AsyncTwoPhaseRulesAuthorizer.java:148)
	at com.google.cloud.datastore.computation.Remainder$Completed.thenCompose(Remainder.java:726)
	at com.google.cloud.datastore.computation.Remainder.thenCompose(Remainder.java:452)
	at com.google.cloud.datastore.core.auth.rules.AsyncTwoPhaseRulesAuthorizer.checkQueryRequest(AsyncTwoPhaseRulesAuthorizer.java:143)
	at com.google.cloud.datastore.emulator.impl.rules.DefaultEmulatorRulesAuthorizer.lambda$checkQuery$1(DefaultEmulatorRulesAuthorizer.java:198)
	at com.google.cloud.datastore.computation.Computation.run(Computation.java:81)
	at com.google.cloud.datastore.computation.Computation$Terminated.toFuture(Computation.java:947)
	at com.google.cloud.datastore.computation.Computation.toFuture(Computation.java:92)
	at com.google.cloud.datastore.emulator.impl.rules.DefaultEmulatorRulesAuthorizer.finish(DefaultEmulatorRulesAuthorizer.java:308)
	at com.google.cloud.datastore.emulator.impl.rules.DefaultEmulatorRulesAuthorizer.lambda$checkQuery$0(DefaultEmulatorRulesAuthorizer.java:195)
	at com.google.cloud.datastore.emulator.impl.rules.DefaultEmulatorRulesAuthorizer.withVerboseErrors(DefaultEmulatorRulesAuthorizer.java:321)
	... 28 more

capture proxy listening on 127.0.0.1:60696; fixture endpoint /__fireside_capture/fixture
capture proxy listening on 127.0.0.1:60703; fixture endpoint /__fireside_capture/fixture
Sep 03, 2026 8:59:44 PM io.gapi.emulators.netty.HttpVersionRoutingHandler channelRead
INFO: Detected non-HTTP/2 connection.
Sep 03, 2026 8:59:44 PM io.gapi.emulators.netty.HttpVersionRoutingHandler channelRead
INFO: Detected non-HTTP/2 connection.
Sep 03, 2026 8:59:44 PM io.gapi.emulators.netty.HttpVersionRoutingHandler channelRead
INFO: Detected non-HTTP/2 connection.
Sep 03, 2026 8:59:44 PM io.gapi.emulators.netty.HttpVersionRoutingHandler channelRead
INFO: Detected non-HTTP/2 connection.
Sep 03, 2026 8:59:44 PM com.google.cloud.datastore.emulator.firestore.webchannel.FirestoreV1WebChannelAdapter$FirestoreListenHandler onClose
INFO: channel closed
Sep 03, 2026 8:59:44 PM io.gapi.emulators.netty.HttpVersionRoutingHandler channelRead
INFO: Detected non-HTTP/2 connection.
Sep 03, 2026 8:59:44 PM io.gapi.emulators.netty.HttpVersionRoutingHandler channelRead
INFO: Detected HTTP/2 connection.
Sep 03, 2026 8:59:44 PM io.gapi.emulators.netty.HttpVersionRoutingHandler channelRead
INFO: Detected non-HTTP/2 connection.
Sep 03, 2026 8:59:44 PM io.gapi.emulators.netty.HttpVersionRoutingHandler channelRead
INFO: Detected non-HTTP/2 connection.
Sep 03, 2026 8:59:44 PM io.gapi.emulators.netty.HttpVersionRoutingHandler channelRead
INFO: Detected non-HTTP/2 connection.
Sep 03, 2026 8:59:44 PM io.gapi.emulators.netty.HttpVersionRoutingHandler channelRead
INFO: Detected non-HTTP/2 connection.
Sep 03, 2026 8:59:44 PM com.google.cloud.datastore.emulator.firestore.webchannel.FirestoreV1WebChannelAdapter$FirestoreListenHandler onClose
INFO: channel closed
Sep 03, 2026 8:59:44 PM com.google.cloud.datastore.emulator.impl.util.WrappedStreamObserver onError
WARNING: Operation failed: 
Property createdBy is undefined on object. for 'list' @ L8
com.google.cloud.datastore.core.exception.DatastoreException: 
Property createdBy is undefined on object. for 'list' @ L8
	at com.google.cloud.datastore.core.exception.DatastoreException$Builder.build(DatastoreException.java:152)
	at com.google.cloud.datastore.emulator.impl.rules.DefaultEmulatorRulesAuthorizer.verboseError(DefaultEmulatorRulesAuthorizer.java:349)
	at com.google.cloud.datastore.emulator.impl.rules.DefaultEmulatorRulesAuthorizer.withVerboseErrors(DefaultEmulatorRulesAuthorizer.java:326)
	at com.google.cloud.datastore.emulator.impl.rules.DefaultEmulatorRulesAuthorizer.checkQuery(DefaultEmulatorRulesAuthorizer.java:193)
	at com.google.cloud.datastore.emulator.impl.firestore.FirestoreEmulatorHelper.ruleAuthorizeAndReadEntities(FirestoreEmulatorHelper.java:811)
	at com.google.cloud.datastore.emulator.impl.firestore.FirestoreEmulatorHelper.snapshotAggregationQuery(FirestoreEmulatorHelper.java:723)
	at com.google.cloud.datastore.emulator.impl.firestore.FirestoreEmulatorHelper.lambda$aggregationQuery$0(FirestoreEmulatorHelper.java:705)
	at com.google.cloud.datastore.emulator.impl.transactions.EmulatorTransactionManager$ReadOnlyTransaction.fold(EmulatorTransactionManager.java:432)
	at com.google.cloud.datastore.emulator.impl.firestore.FirestoreEmulatorHelper.aggregationQuery(FirestoreEmulatorHelper.java:704)
	at com.google.cloud.datastore.emulator.impl.firestore.CloudFirestoreV1.runAggregationQueryStandardEdition(CloudFirestoreV1.java:776)
	at com.google.cloud.datastore.emulator.impl.firestore.CloudFirestoreV1.runAggregationQuery(CloudFirestoreV1.java:751)
	at com.google.cloud.datastore.emulator.impl.firestore.CloudFirestoreV1Router.runAggregationQuery(CloudFirestoreV1Router.java:197)
	at com.google.cloud.datastore.emulator.firestore.v1.FirestoreV1GrpcAdapter$1.lambda$runAggregationQuery$0(FirestoreV1GrpcAdapter.java:185)
	at com.google.cloud.datastore.emulator.firestore.v1.FirestoreV1GrpcAdapter.streaming(FirestoreV1GrpcAdapter.java:82)
	at com.google.cloud.datastore.emulator.firestore.v1.FirestoreV1GrpcAdapter$1.runAggregationQuery(FirestoreV1GrpcAdapter.java:185)
	at com.google.firestore.v1.FirestoreGrpc$MethodHandlers.invoke(FirestoreGrpc.java:1420)
	at io.grpc.stub.ServerCalls$UnaryServerCallHandler$UnaryServerCallListener.onHalfClose(ServerCalls.java:182)
	at io.grpc.PartialForwardingServerCallListener.onHalfClose(PartialForwardingServerCallListener.java:35)
	at io.grpc.ForwardingServerCallListener.onHalfClose(ForwardingServerCallListener.java:23)
	at io.grpc.ForwardingServerCallListener$SimpleForwardingServerCallListener.onHalfClose(ForwardingServerCallListener.java:40)
	at io.grpc.Contexts$ContextualizedServerCallListener.onHalfClose(Contexts.java:86)
	at io.grpc.PartialForwardingServerCallListener.onHalfClose(PartialForwardingServerCallListener.java:35)
	at io.grpc.ForwardingServerCallListener.onHalfClose(ForwardingServerCallListener.java:23)
	at io.grpc.ForwardingServerCallListener$SimpleForwardingServerCallListener.onHalfClose(ForwardingServerCallListener.java:40)
	at io.grpc.Contexts$ContextualizedServerCallListener.onHalfClose(Contexts.java:86)
	at io.grpc.internal.ServerCallImpl$ServerStreamListenerImpl.halfClosed(ServerCallImpl.java:356)
	at io.grpc.internal.ServerImpl$JumpToApplicationThreadServerStreamListener$1HalfClosed.runInContext(ServerImpl.java:861)
	at io.grpc.internal.ContextRunnable.run(ContextRunnable.java:37)
	at io.grpc.internal.SerializingExecutor.run(SerializingExecutor.java:133)
	at java.base/java.util.concurrent.ThreadPoolExecutor.runWorker(ThreadPoolExecutor.java:1090)
	at java.base/java.util.concurrent.ThreadPoolExecutor$Worker.run(ThreadPoolExecutor.java:614)
	at java.base/java.lang.Thread.run(Thread.java:1516)

Sep 03, 2026 8:59:44 PM io.gapi.emulators.netty.HttpHandler$1 onError
INFO: Exception when handling request: PERMISSION_DENIED: 
Property createdBy is undefined on object. for 'list' @ L8
Sep 03, 2026 8:59:44 PM io.gapi.emulators.netty.HttpVersionRoutingHandler channelRead
INFO: Detected non-HTTP/2 connection.
Sep 03, 2026 8:59:44 PM io.gapi.emulators.netty.HttpVersionRoutingHandler channelRead
INFO: Detected non-HTTP/2 connection.
Sep 03, 2026 8:59:44 PM io.gapi.emulators.netty.HttpVersionRoutingHandler channelRead
INFO: Detected non-HTTP/2 connection.
Sep 03, 2026 8:59:44 PM com.google.cloud.datastore.emulator.firestore.webchannel.FirestoreV1WebChannelAdapter$FirestoreListenHandler onClose
INFO: channel closed
Sep 03, 2026 8:59:44 PM com.google.cloud.datastore.emulator.impl.util.WrappedStreamObserver onError
WARNING: Operation failed: 
Property createdBy is undefined on object. for 'list' @ L9
com.google.cloud.datastore.core.exception.DatastoreException: 
Property createdBy is undefined on object. for 'list' @ L9
	at com.google.cloud.datastore.core.exception.DatastoreException$Builder.build(DatastoreException.java:152)
	at com.google.cloud.datastore.emulator.impl.rules.DefaultEmulatorRulesAuthorizer.verboseError(DefaultEmulatorRulesAuthorizer.java:349)
	at com.google.cloud.datastore.emulator.impl.rules.DefaultEmulatorRulesAuthorizer.withVerboseErrors(DefaultEmulatorRulesAuthorizer.java:326)
	at com.google.cloud.datastore.emulator.impl.rules.DefaultEmulatorRulesAuthorizer.checkQuery(DefaultEmulatorRulesAuthorizer.java:193)
	at com.google.cloud.datastore.emulator.impl.firestore.FirestoreEmulatorHelper.ruleAuthorizeAndReadEntities(FirestoreEmulatorHelper.java:811)
	at com.google.cloud.datastore.emulator.impl.firestore.FirestoreEmulatorHelper.snapshotAggregationQuery(FirestoreEmulatorHelper.java:723)
	at com.google.cloud.datastore.emulator.impl.firestore.FirestoreEmulatorHelper.lambda$aggregationQuery$0(FirestoreEmulatorHelper.java:705)
	at com.google.cloud.datastore.emulator.impl.transactions.EmulatorTransactionManager$ReadOnlyTransaction.fold(EmulatorTransactionManager.java:432)
	at com.google.cloud.datastore.emulator.impl.firestore.FirestoreEmulatorHelper.aggregationQuery(FirestoreEmulatorHelper.java:704)
	at com.google.cloud.datastore.emulator.impl.firestore.CloudFirestoreV1.runAggregationQueryStandardEdition(CloudFirestoreV1.java:776)
	at com.google.cloud.datastore.emulator.impl.firestore.CloudFirestoreV1.runAggregationQuery(CloudFirestoreV1.java:751)
	at com.google.cloud.datastore.emulator.impl.firestore.CloudFirestoreV1Router.runAggregationQuery(CloudFirestoreV1Router.java:197)
	at com.google.cloud.datastore.emulator.firestore.v1.FirestoreV1GrpcAdapter$1.lambda$runAggregationQuery$0(FirestoreV1GrpcAdapter.java:185)
	at com.google.cloud.datastore.emulator.firestore.v1.FirestoreV1GrpcAdapter.streaming(FirestoreV1GrpcAdapter.java:82)
	at com.google.cloud.datastore.emulator.firestore.v1.FirestoreV1GrpcAdapter$1.runAggregationQuery(FirestoreV1GrpcAdapter.java:185)
	at com.google.firestore.v1.FirestoreGrpc$MethodHandlers.invoke(FirestoreGrpc.java:1420)
	at io.grpc.stub.ServerCalls$UnaryServerCallHandler$UnaryServerCallListener.onHalfClose(ServerCalls.java:182)
	at io.grpc.PartialForwardingServerCallListener.onHalfClose(PartialForwardingServerCallListener.java:35)
	at io.grpc.ForwardingServerCallListener.onHalfClose(ForwardingServerCallListener.java:23)
	at io.grpc.ForwardingServerCallListener$SimpleForwardingServerCallListener.onHalfClose(ForwardingServerCallListener.java:40)
	at io.grpc.Contexts$ContextualizedServerCallListener.onHalfClose(Contexts.java:86)
	at io.grpc.PartialForwardingServerCallListener.onHalfClose(PartialForwardingServerCallListener.java:35)
	at io.grpc.ForwardingServerCallListener.onHalfClose(ForwardingServerCallListener.java:23)
	at io.grpc.ForwardingServerCallListener$SimpleForwardingServerCallListener.onHalfClose(ForwardingServerCallListener.java:40)
	at io.grpc.Contexts$ContextualizedServerCallListener.onHalfClose(Contexts.java:86)
	at io.grpc.internal.ServerCallImpl$ServerStreamListenerImpl.halfClosed(ServerCallImpl.java:356)
	at io.grpc.internal.ServerImpl$JumpToApplicationThreadServerStreamListener$1HalfClosed.runInContext(ServerImpl.java:861)
	at io.grpc.internal.ContextRunnable.run(ContextRunnable.java:37)
	at io.grpc.internal.SerializingExecutor.run(SerializingExecutor.java:133)
	at java.base/java.util.concurrent.ThreadPoolExecutor.runWorker(ThreadPoolExecutor.java:1090)
	at java.base/java.util.concurrent.ThreadPoolExecutor$Worker.run(ThreadPoolExecutor.java:614)
	at java.base/java.lang.Thread.run(Thread.java:1516)

Sep 03, 2026 8:59:44 PM io.gapi.emulators.netty.HttpHandler$1 onError
INFO: Exception when handling request: PERMISSION_DENIED: 
Property createdBy is undefined on object. for 'list' @ L9
Sep 03, 2026 8:59:44 PM io.gapi.emulators.netty.HttpVersionRoutingHandler channelRead
INFO: Detected non-HTTP/2 connection.
Sep 03, 2026 8:59:44 PM io.gapi.emulators.netty.HttpVersionRoutingHandler channelRead
INFO: Detected non-HTTP/2 connection.
Sep 03, 2026 8:59:44 PM io.gapi.emulators.netty.HttpVersionRoutingHandler channelRead
INFO: Detected non-HTTP/2 connection.
Sep 03, 2026 8:59:44 PM io.gapi.emulators.netty.HttpVersionRoutingHandler channelRead
INFO: Detected non-HTTP/2 connection.
Sep 03, 2026 8:59:44 PM com.google.cloud.datastore.emulator.firestore.webchannel.FirestoreV1WebChannelAdapter$FirestoreListenHandler onClose
INFO: channel closed
Sep 03, 2026 8:59:44 PM io.gapi.emulators.netty.HttpVersionRoutingHandler channelRead
INFO: Detected non-HTTP/2 connection.
Sep 03, 2026 8:59:44 PM io.gapi.emulators.netty.HttpVersionRoutingHandler channelRead
INFO: Detected non-HTTP/2 connection.
Sep 03, 2026 8:59:44 PM io.gapi.emulators.netty.HttpVersionRoutingHandler channelRead
INFO: Detected non-HTTP/2 connection.
Sep 03, 2026 8:59:44 PM io.gapi.emulators.netty.HttpVersionRoutingHandler channelRead
INFO: Detected non-HTTP/2 connection.
Sep 03, 2026 8:59:44 PM com.google.cloud.datastore.emulator.firestore.webchannel.FirestoreV1WebChannelAdapter$FirestoreListenHandler onClose
INFO: channel closed
Sep 03, 2026 8:59:44 PM io.gapi.emulators.netty.HttpVersionRoutingHandler channelRead
INFO: Detected non-HTTP/2 connection.
Sep 03, 2026 8:59:44 PM io.gapi.emulators.netty.HttpVersionRoutingHandler channelRead
INFO: Detected non-HTTP/2 connection.
Sep 03, 2026 8:59:44 PM io.gapi.emulators.netty.HttpVersionRoutingHandler channelRead
INFO: Detected non-HTTP/2 connection.
Sep 03, 2026 8:59:44 PM io.gapi.emulators.netty.HttpVersionRoutingHandler channelRead
INFO: Detected non-HTTP/2 connection.
Sep 03, 2026 8:59:44 PM com.google.cloud.datastore.emulator.firestore.webchannel.FirestoreV1WebChannelAdapter$FirestoreListenHandler onClose
INFO: channel closed
Sep 03, 2026 8:59:44 PM io.gapi.emulators.netty.HttpVersionRoutingHandler channelRead
INFO: Detected non-HTTP/2 connection.
Sep 03, 2026 8:59:44 PM io.gapi.emulators.netty.HttpVersionRoutingHandler channelRead
INFO: Detected non-HTTP/2 connection.
Sep 03, 2026 8:59:44 PM io.gapi.emulators.netty.HttpVersionRoutingHandler channelRead
INFO: Detected non-HTTP/2 connection.
Sep 03, 2026 8:59:44 PM com.google.cloud.datastore.emulator.firestore.webchannel.FirestoreV1WebChannelAdapter$FirestoreListenHandler onClose
INFO: channel closed
Sep 03, 2026 8:59:44 PM com.google.cloud.datastore.emulator.impl.util.WrappedStreamObserver onError
WARNING: Operation failed: 
Null value error. for 'list' @ L28, Null value error. for 'list' @ L28
com.google.cloud.datastore.core.exception.DatastoreException: 
Null value error. for 'list' @ L28, Null value error. for 'list' @ L28
	at com.google.cloud.datastore.core.exception.DatastoreException$Builder.build(DatastoreException.java:152)
	at com.google.cloud.datastore.emulator.impl.rules.DefaultEmulatorRulesAuthorizer.verboseError(DefaultEmulatorRulesAuthorizer.java:349)
	at com.google.cloud.datastore.emulator.impl.rules.DefaultEmulatorRulesAuthorizer.withVerboseErrors(DefaultEmulatorRulesAuthorizer.java:326)
	at com.google.cloud.datastore.emulator.impl.rules.DefaultEmulatorRulesAuthorizer.checkQuery(DefaultEmulatorRulesAuthorizer.java:193)
	at com.google.cloud.datastore.emulator.impl.firestore.FirestoreEmulatorHelper.ruleAuthorizeAndReadEntities(FirestoreEmulatorHelper.java:811)
	at com.google.cloud.datastore.emulator.impl.firestore.FirestoreEmulatorHelper.snapshotAggregationQuery(FirestoreEmulatorHelper.java:723)
	at com.google.cloud.datastore.emulator.impl.firestore.FirestoreEmulatorHelper.lambda$aggregationQuery$0(FirestoreEmulatorHelper.java:705)
	at com.google.cloud.datastore.emulator.impl.transactions.EmulatorTransactionManager$ReadOnlyTransaction.fold(EmulatorTransactionManager.java:432)
	at com.google.cloud.datastore.emulator.impl.firestore.FirestoreEmulatorHelper.aggregationQuery(FirestoreEmulatorHelper.java:704)
	at com.google.cloud.datastore.emulator.impl.firestore.CloudFirestoreV1.runAggregationQueryStandardEdition(CloudFirestoreV1.java:776)
	at com.google.cloud.datastore.emulator.impl.firestore.CloudFirestoreV1.runAggregationQuery(CloudFirestoreV1.java:751)
	at com.google.cloud.datastore.emulator.impl.firestore.CloudFirestoreV1Router.runAggregationQuery(CloudFirestoreV1Router.java:197)
	at com.google.cloud.datastore.emulator.firestore.v1.FirestoreV1GrpcAdapter$1.lambda$runAggregationQuery$0(FirestoreV1GrpcAdapter.java:185)
	at com.google.cloud.datastore.emulator.firestore.v1.FirestoreV1GrpcAdapter.streaming(FirestoreV1GrpcAdapter.java:82)
	at com.google.cloud.datastore.emulator.firestore.v1.FirestoreV1GrpcAdapter$1.runAggregationQuery(FirestoreV1GrpcAdapter.java:185)
	at com.google.firestore.v1.FirestoreGrpc$MethodHandlers.invoke(FirestoreGrpc.java:1420)
	at io.grpc.stub.ServerCalls$UnaryServerCallHandler$UnaryServerCallListener.onHalfClose(ServerCalls.java:182)
	at io.grpc.PartialForwardingServerCallListener.onHalfClose(PartialForwardingServerCallListener.java:35)
	at io.grpc.ForwardingServerCallListener.onHalfClose(ForwardingServerCallListener.java:23)
	at io.grpc.ForwardingServerCallListener$SimpleForwardingServerCallListener.onHalfClose(ForwardingServerCallListener.java:40)
	at io.grpc.Contexts$ContextualizedServerCallListener.onHalfClose(Contexts.java:86)
	at io.grpc.PartialForwardingServerCallListener.onHalfClose(PartialForwardingServerCallListener.java:35)
	at io.grpc.ForwardingServerCallListener.onHalfClose(ForwardingServerCallListener.java:23)
	at io.grpc.ForwardingServerCallListener$SimpleForwardingServerCallListener.onHalfClose(ForwardingServerCallListener.java:40)
	at io.grpc.Contexts$ContextualizedServerCallListener.onHalfClose(Contexts.java:86)
	at io.grpc.internal.ServerCallImpl$ServerStreamListenerImpl.halfClosed(ServerCallImpl.java:356)
	at io.grpc.internal.ServerImpl$JumpToApplicationThreadServerStreamListener$1HalfClosed.runInContext(ServerImpl.java:861)
	at io.grpc.internal.ContextRunnable.run(ContextRunnable.java:37)
	at io.grpc.internal.SerializingExecutor.run(SerializingExecutor.java:133)
	at java.base/java.util.concurrent.ThreadPoolExecutor.runWorker(ThreadPoolExecutor.java:1090)
	at java.base/java.util.concurrent.ThreadPoolExecutor$Worker.run(ThreadPoolExecutor.java:614)
	at java.base/java.lang.Thread.run(Thread.java:1516)
Caused by: com.google.firebase.rules.runtime.common.EvaluationException: Error: /var/folders/17/97zrc8dn5kj9m8sn51kc0h3w0000gn/T/fireside-query-rules-mmhX4C/firestore.rules line [28], column [100]. Null value error.
	at com.google.firebase.rules.runtime.impl.DefaultEvaluator$TransformEvaluationException.apply(DefaultEvaluator.java:275)
	at com.google.firebase.rules.runtime.impl.DefaultEvaluator$TransformEvaluationException.apply(DefaultEvaluator.java:261)
	at com.google.common.util.concurrent.AbstractCatchingFuture$AsyncCatchingFuture.doFallback(AbstractCatchingFuture.java:207)
	at com.google.common.util.concurrent.AbstractCatchingFuture$AsyncCatchingFuture.doFallback(AbstractCatchingFuture.java:194)
	at com.google.common.util.concurrent.AbstractCatchingFuture.run(AbstractCatchingFuture.java:136)
	at com.google.common.util.concurrent.DirectExecutor.execute(DirectExecutor.java:30)
	at com.google.common.util.concurrent.AbstractFuture.executeListener(AbstractFuture.java:1024)
	at com.google.common.util.concurrent.AbstractFuture.addListener(AbstractFuture.java:486)
	at com.google.common.util.concurrent.FluentFuture$TrustedFuture.addListener(FluentFuture.java:122)
	at com.google.common.util.concurrent.AbstractCatchingFuture.createAsync(AbstractCatchingFuture.java:58)
	at com.google.common.util.concurrent.Futures.catchingAsync(Futures.java:409)
	at com.google.firebase.rules.runtime.impl.DefaultEvaluator.evaluate(DefaultEvaluator.java:177)
	at com.google.cloud.datastore.emulator.impl.rules.EmulatorRuleClient$EmulatorRuleEvaluator.evaluate(EmulatorRuleClient.java:88)
	at com.google.cloud.datastore.core.auth.rules.AsyncTwoPhaseRulesAuthorizer.lambda$fullEvaluate$0(AsyncTwoPhaseRulesAuthorizer.java:1001)
	at com.google.cloud.datastore.computation.Computation.tryCatch(Computation.java:469)
	at com.google.cloud.datastore.core.auth.rules.AsyncTwoPhaseRulesAuthorizer.fullEvaluate(AsyncTwoPhaseRulesAuthorizer.java:1000)
	at com.google.cloud.datastore.core.auth.rules.AsyncTwoPhaseRulesAuthorizer.checkResource(AsyncTwoPhaseRulesAuthorizer.java:711)
	at com.google.cloud.datastore.core.auth.rules.AsyncTwoPhaseRulesAuthorizer.lambda$checkResources$0(AsyncTwoPhaseRulesAuthorizer.java:691)
	at com.google.cloud.datastore.computation.Computation.lambda$forEach$0(Computation.java:128)
	at com.google.cloud.datastore.computation.Computation.doWhile(Computation.java:212)
	at com.google.cloud.datastore.computation.Computation.lambda$whileTrue$2(Computation.java:151)
	at com.google.cloud.datastore.computation.Remainder$Completed.thenCompose(Remainder.java:726)
	at com.google.cloud.datastore.computation.Remainder.thenCompose(Remainder.java:452)
	at com.google.cloud.datastore.computation.Computation.whileTrue(Computation.java:151)
	at com.google.cloud.datastore.computation.Computation.whileTrue(Computation.java:133)
	at com.google.cloud.datastore.computation.Computation.forEach(Computation.java:128)
	at com.google.cloud.datastore.computation.Computation.forEach(Computation.java:123)
	at com.google.cloud.datastore.core.auth.rules.AsyncTwoPhaseRulesAuthorizer.checkResources(AsyncTwoPhaseRulesAuthorizer.java:689)
	at com.google.cloud.datastore.core.auth.rules.AsyncTwoPhaseRulesAuthorizer.handlePhaseOneInfo(AsyncTwoPhaseRulesAuthorizer.java:191)
	at com.google.cloud.datastore.core.auth.rules.AsyncTwoPhaseRulesAuthorizer.lambda$checkQueryRequest$0(AsyncTwoPhaseRulesAuthorizer.java:148)
	at com.google.cloud.datastore.computation.Remainder$Completed.thenCompose(Remainder.java:726)
	at com.google.cloud.datastore.computation.Remainder.thenCompose(Remainder.java:452)
	at com.google.cloud.datastore.core.auth.rules.AsyncTwoPhaseRulesAuthorizer.checkQueryRequest(AsyncTwoPhaseRulesAuthorizer.java:143)
	at com.google.cloud.datastore.emulator.impl.rules.DefaultEmulatorRulesAuthorizer.lambda$checkQuery$1(DefaultEmulatorRulesAuthorizer.java:198)
	at com.google.cloud.datastore.computation.Computation.run(Computation.java:81)
	at com.google.cloud.datastore.computation.Computation$Terminated.toFuture(Computation.java:947)
	at com.google.cloud.datastore.computation.Computation.toFuture(Computation.java:92)
	at com.google.cloud.datastore.emulator.impl.rules.DefaultEmulatorRulesAuthorizer.finish(DefaultEmulatorRulesAuthorizer.java:308)
	at com.google.cloud.datastore.emulator.impl.rules.DefaultEmulatorRulesAuthorizer.lambda$checkQuery$0(DefaultEmulatorRulesAuthorizer.java:195)
	at com.google.cloud.datastore.emulator.impl.rules.DefaultEmulatorRulesAuthorizer.withVerboseErrors(DefaultEmulatorRulesAuthorizer.java:321)
	... 29 more

Sep 03, 2026 8:59:44 PM io.gapi.emulators.netty.HttpHandler$1 onError
INFO: Exception when handling request: PERMISSION_DENIED: 
Null value error. for 'list' @ L28, Null value error. for 'list' @ L28
Sep 03, 2026 8:59:44 PM io.gapi.emulators.netty.HttpVersionRoutingHandler channelRead
INFO: Detected non-HTTP/2 connection.
Sep 03, 2026 8:59:44 PM io.gapi.emulators.netty.HttpVersionRoutingHandler channelRead
INFO: Detected non-HTTP/2 connection.
Sep 03, 2026 8:59:44 PM io.gapi.emulators.netty.HttpVersionRoutingHandler channelRead
INFO: Detected non-HTTP/2 connection.
Sep 03, 2026 8:59:44 PM com.google.cloud.datastore.emulator.firestore.webchannel.FirestoreV1WebChannelAdapter$FirestoreListenHandler onClose
INFO: channel closed
Sep 03, 2026 8:59:44 PM com.google.cloud.datastore.emulator.impl.util.WrappedStreamObserver onError
WARNING: Operation failed: 
Null value error. for 'list' @ L28, Null value error. for 'list' @ L28
com.google.cloud.datastore.core.exception.DatastoreException: 
Null value error. for 'list' @ L28, Null value error. for 'list' @ L28
	at com.google.cloud.datastore.core.exception.DatastoreException$Builder.build(DatastoreException.java:152)
	at com.google.cloud.datastore.emulator.impl.rules.DefaultEmulatorRulesAuthorizer.verboseError(DefaultEmulatorRulesAuthorizer.java:349)
	at com.google.cloud.datastore.emulator.impl.rules.DefaultEmulatorRulesAuthorizer.withVerboseErrors(DefaultEmulatorRulesAuthorizer.java:326)
	at com.google.cloud.datastore.emulator.impl.rules.DefaultEmulatorRulesAuthorizer.checkQuery(DefaultEmulatorRulesAuthorizer.java:193)
	at com.google.cloud.datastore.emulator.impl.firestore.FirestoreEmulatorHelper.ruleAuthorizeAndReadEntities(FirestoreEmulatorHelper.java:811)
	at com.google.cloud.datastore.emulator.impl.firestore.FirestoreEmulatorHelper.snapshotAggregationQuery(FirestoreEmulatorHelper.java:723)
	at com.google.cloud.datastore.emulator.impl.firestore.FirestoreEmulatorHelper.lambda$aggregationQuery$0(FirestoreEmulatorHelper.java:705)
	at com.google.cloud.datastore.emulator.impl.transactions.EmulatorTransactionManager$ReadOnlyTransaction.fold(EmulatorTransactionManager.java:432)
	at com.google.cloud.datastore.emulator.impl.firestore.FirestoreEmulatorHelper.aggregationQuery(FirestoreEmulatorHelper.java:704)
	at com.google.cloud.datastore.emulator.impl.firestore.CloudFirestoreV1.runAggregationQueryStandardEdition(CloudFirestoreV1.java:776)
	at com.google.cloud.datastore.emulator.impl.firestore.CloudFirestoreV1.runAggregationQuery(CloudFirestoreV1.java:751)
	at com.google.cloud.datastore.emulator.impl.firestore.CloudFirestoreV1Router.runAggregationQuery(CloudFirestoreV1Router.java:197)
	at com.google.cloud.datastore.emulator.firestore.v1.FirestoreV1GrpcAdapter$1.lambda$runAggregationQuery$0(FirestoreV1GrpcAdapter.java:185)
	at com.google.cloud.datastore.emulator.firestore.v1.FirestoreV1GrpcAdapter.streaming(FirestoreV1GrpcAdapter.java:82)
	at com.google.cloud.datastore.emulator.firestore.v1.FirestoreV1GrpcAdapter$1.runAggregationQuery(FirestoreV1GrpcAdapter.java:185)
	at com.google.firestore.v1.FirestoreGrpc$MethodHandlers.invoke(FirestoreGrpc.java:1420)
	at io.grpc.stub.ServerCalls$UnaryServerCallHandler$UnaryServerCallListener.onHalfClose(ServerCalls.java:182)
	at io.grpc.PartialForwardingServerCallListener.onHalfClose(PartialForwardingServerCallListener.java:35)
	at io.grpc.ForwardingServerCallListener.onHalfClose(ForwardingServerCallListener.java:23)
	at io.grpc.ForwardingServerCallListener$SimpleForwardingServerCallListener.onHalfClose(ForwardingServerCallListener.java:40)
	at io.grpc.Contexts$ContextualizedServerCallListener.onHalfClose(Contexts.java:86)
	at io.grpc.PartialForwardingServerCallListener.onHalfClose(PartialForwardingServerCallListener.java:35)
	at io.grpc.ForwardingServerCallListener.onHalfClose(ForwardingServerCallListener.java:23)
	at io.grpc.ForwardingServerCallListener$SimpleForwardingServerCallListener.onHalfClose(ForwardingServerCallListener.java:40)
	at io.grpc.Contexts$ContextualizedServerCallListener.onHalfClose(Contexts.java:86)
	at io.grpc.internal.ServerCallImpl$ServerStreamListenerImpl.halfClosed(ServerCallImpl.java:356)
	at io.grpc.internal.ServerImpl$JumpToApplicationThreadServerStreamListener$1HalfClosed.runInContext(ServerImpl.java:861)
	at io.grpc.internal.ContextRunnable.run(ContextRunnable.java:37)
	at io.grpc.internal.SerializingExecutor.run(SerializingExecutor.java:133)
	at java.base/java.util.concurrent.ThreadPoolExecutor.runWorker(ThreadPoolExecutor.java:1090)
	at java.base/java.util.concurrent.ThreadPoolExecutor$Worker.run(ThreadPoolExecutor.java:614)
	at java.base/java.lang.Thread.run(Thread.java:1516)
Caused by: com.google.firebase.rules.runtime.common.EvaluationException: Error: /var/folders/17/97zrc8dn5kj9m8sn51kc0h3w0000gn/T/fireside-query-rules-mmhX4C/firestore.rules line [28], column [100]. Null value error.
	at com.google.firebase.rules.runtime.impl.DefaultEvaluator$TransformEvaluationException.apply(DefaultEvaluator.java:275)
	at com.google.firebase.rules.runtime.impl.DefaultEvaluator$TransformEvaluationException.apply(DefaultEvaluator.java:261)
	at com.google.common.util.concurrent.AbstractCatchingFuture$AsyncCatchingFuture.doFallback(AbstractCatchingFuture.java:207)
	at com.google.common.util.concurrent.AbstractCatchingFuture$AsyncCatchingFuture.doFallback(AbstractCatchingFuture.java:194)
	at com.google.common.util.concurrent.AbstractCatchingFuture.run(AbstractCatchingFuture.java:136)
	at com.google.common.util.concurrent.DirectExecutor.execute(DirectExecutor.java:30)
	at com.google.common.util.concurrent.AbstractFuture.executeListener(AbstractFuture.java:1024)
	at com.google.common.util.concurrent.AbstractFuture.addListener(AbstractFuture.java:486)
	at com.google.common.util.concurrent.FluentFuture$TrustedFuture.addListener(FluentFuture.java:122)
	at com.google.common.util.concurrent.AbstractCatchingFuture.createAsync(AbstractCatchingFuture.java:58)
	at com.google.common.util.concurrent.Futures.catchingAsync(Futures.java:409)
	at com.google.firebase.rules.runtime.impl.DefaultEvaluator.evaluate(DefaultEvaluator.java:177)
	at com.google.cloud.datastore.emulator.impl.rules.EmulatorRuleClient$EmulatorRuleEvaluator.evaluate(EmulatorRuleClient.java:88)
	at com.google.cloud.datastore.core.auth.rules.AsyncTwoPhaseRulesAuthorizer.lambda$fullEvaluate$0(AsyncTwoPhaseRulesAuthorizer.java:1001)
	at com.google.cloud.datastore.computation.Computation.tryCatch(Computation.java:469)
	at com.google.cloud.datastore.core.auth.rules.AsyncTwoPhaseRulesAuthorizer.fullEvaluate(AsyncTwoPhaseRulesAuthorizer.java:1000)
	at com.google.cloud.datastore.core.auth.rules.AsyncTwoPhaseRulesAuthorizer.checkResource(AsyncTwoPhaseRulesAuthorizer.java:711)
	at com.google.cloud.datastore.core.auth.rules.AsyncTwoPhaseRulesAuthorizer.lambda$checkResources$0(AsyncTwoPhaseRulesAuthorizer.java:691)
	at com.google.cloud.datastore.computation.Computation.lambda$forEach$0(Computation.java:128)
	at com.google.cloud.datastore.computation.Computation.doWhile(Computation.java:212)
	at com.google.cloud.datastore.computation.Computation.lambda$whileTrue$2(Computation.java:151)
	at com.google.cloud.datastore.computation.Remainder$Completed.thenCompose(Remainder.java:726)
	at com.google.cloud.datastore.computation.Remainder.thenCompose(Remainder.java:452)
	at com.google.cloud.datastore.computation.Computation.whileTrue(Computation.java:151)
	at com.google.cloud.datastore.computation.Computation.whileTrue(Computation.java:133)
	at com.google.cloud.datastore.computation.Computation.forEach(Computation.java:128)
	at com.google.cloud.datastore.computation.Computation.forEach(Computation.java:123)
	at com.google.cloud.datastore.core.auth.rules.AsyncTwoPhaseRulesAuthorizer.checkResources(AsyncTwoPhaseRulesAuthorizer.java:689)
	at com.google.cloud.datastore.core.auth.rules.AsyncTwoPhaseRulesAuthorizer.handlePhaseOneInfo(AsyncTwoPhaseRulesAuthorizer.java:191)
	at com.google.cloud.datastore.core.auth.rules.AsyncTwoPhaseRulesAuthorizer.lambda$checkQueryRequest$0(AsyncTwoPhaseRulesAuthorizer.java:148)
	at com.google.cloud.datastore.computation.Remainder$Completed.thenCompose(Remainder.java:726)
	at com.google.cloud.datastore.computation.Remainder.thenCompose(Remainder.java:452)
	at com.google.cloud.datastore.core.auth.rules.AsyncTwoPhaseRulesAuthorizer.checkQueryRequest(AsyncTwoPhaseRulesAuthorizer.java:143)
	at com.google.cloud.datastore.emulator.impl.rules.DefaultEmulatorRulesAuthorizer.lambda$checkQuery$1(DefaultEmulatorRulesAuthorizer.java:198)
	at com.google.cloud.datastore.computation.Computation.run(Computation.java:81)
	at com.google.cloud.datastore.computation.Computation$Terminated.toFuture(Computation.java:947)
	at com.google.cloud.datastore.computation.Computation.toFuture(Computation.java:92)
	at com.google.cloud.datastore.emulator.impl.rules.DefaultEmulatorRulesAuthorizer.finish(DefaultEmulatorRulesAuthorizer.java:308)
	at com.google.cloud.datastore.emulator.impl.rules.DefaultEmulatorRulesAuthorizer.lambda$checkQuery$0(DefaultEmulatorRulesAuthorizer.java:195)
	at com.google.cloud.datastore.emulator.impl.rules.DefaultEmulatorRulesAuthorizer.withVerboseErrors(DefaultEmulatorRulesAuthorizer.java:321)
	... 29 more

Sep 03, 2026 8:59:44 PM io.gapi.emulators.netty.HttpHandler$1 onError
INFO: Exception when handling request: PERMISSION_DENIED: 
Null value error. for 'list' @ L28, Null value error. for 'list' @ L28
Sep 03, 2026 8:59:44 PM io.gapi.emulators.netty.HttpVersionRoutingHandler channelRead
INFO: Detected non-HTTP/2 connection.
Sep 03, 2026 8:59:44 PM io.gapi.emulators.netty.HttpVersionRoutingHandler channelRead
INFO: Detected non-HTTP/2 connection.
Sep 03, 2026 8:59:44 PM io.gapi.emulators.netty.HttpVersionRoutingHandler channelRead
INFO: Detected non-HTTP/2 connection.
Sep 03, 2026 8:59:44 PM io.gapi.emulators.netty.HttpVersionRoutingHandler channelRead
INFO: Detected non-HTTP/2 connection.
Sep 03, 2026 8:59:44 PM com.google.cloud.datastore.emulator.firestore.webchannel.FirestoreV1WebChannelAdapter$FirestoreListenHandler onClose
INFO: channel closed
Sep 03, 2026 8:59:44 PM io.gapi.emulators.netty.HttpVersionRoutingHandler channelRead
INFO: Detected non-HTTP/2 connection.
Sep 03, 2026 8:59:44 PM io.gapi.emulators.netty.HttpVersionRoutingHandler channelRead
INFO: Detected non-HTTP/2 connection.
Sep 03, 2026 8:59:44 PM io.gapi.emulators.netty.HttpVersionRoutingHandler channelRead
INFO: Detected non-HTTP/2 connection.
Sep 03, 2026 8:59:44 PM com.google.cloud.datastore.emulator.firestore.webchannel.FirestoreV1WebChannelAdapter$FirestoreListenHandler onClose
INFO: channel closed
Sep 03, 2026 8:59:44 PM com.google.cloud.datastore.emulator.impl.util.WrappedStreamObserver onError
WARNING: Operation failed: 
Null value error. for 'list' @ L31, Null value error. for 'list' @ L31
com.google.cloud.datastore.core.exception.DatastoreException: 
Null value error. for 'list' @ L31, Null value error. for 'list' @ L31
	at com.google.cloud.datastore.core.exception.DatastoreException$Builder.build(DatastoreException.java:152)
	at com.google.cloud.datastore.emulator.impl.rules.DefaultEmulatorRulesAuthorizer.verboseError(DefaultEmulatorRulesAuthorizer.java:349)
	at com.google.cloud.datastore.emulator.impl.rules.DefaultEmulatorRulesAuthorizer.withVerboseErrors(DefaultEmulatorRulesAuthorizer.java:326)
	at com.google.cloud.datastore.emulator.impl.rules.DefaultEmulatorRulesAuthorizer.checkQuery(DefaultEmulatorRulesAuthorizer.java:193)
	at com.google.cloud.datastore.emulator.impl.firestore.FirestoreEmulatorHelper.ruleAuthorizeAndReadEntities(FirestoreEmulatorHelper.java:811)
	at com.google.cloud.datastore.emulator.impl.firestore.FirestoreEmulatorHelper.snapshotAggregationQuery(FirestoreEmulatorHelper.java:723)
	at com.google.cloud.datastore.emulator.impl.firestore.FirestoreEmulatorHelper.lambda$aggregationQuery$0(FirestoreEmulatorHelper.java:705)
	at com.google.cloud.datastore.emulator.impl.transactions.EmulatorTransactionManager$ReadOnlyTransaction.fold(EmulatorTransactionManager.java:432)
	at com.google.cloud.datastore.emulator.impl.firestore.FirestoreEmulatorHelper.aggregationQuery(FirestoreEmulatorHelper.java:704)
	at com.google.cloud.datastore.emulator.impl.firestore.CloudFirestoreV1.runAggregationQueryStandardEdition(CloudFirestoreV1.java:776)
	at com.google.cloud.datastore.emulator.impl.firestore.CloudFirestoreV1.runAggregationQuery(CloudFirestoreV1.java:751)
	at com.google.cloud.datastore.emulator.impl.firestore.CloudFirestoreV1Router.runAggregationQuery(CloudFirestoreV1Router.java:197)
	at com.google.cloud.datastore.emulator.firestore.v1.FirestoreV1GrpcAdapter$1.lambda$runAggregationQuery$0(FirestoreV1GrpcAdapter.java:185)
	at com.google.cloud.datastore.emulator.firestore.v1.FirestoreV1GrpcAdapter.streaming(FirestoreV1GrpcAdapter.java:82)
	at com.google.cloud.datastore.emulator.firestore.v1.FirestoreV1GrpcAdapter$1.runAggregationQuery(FirestoreV1GrpcAdapter.java:185)
	at com.google.firestore.v1.FirestoreGrpc$MethodHandlers.invoke(FirestoreGrpc.java:1420)
	at io.grpc.stub.ServerCalls$UnaryServerCallHandler$UnaryServerCallListener.onHalfClose(ServerCalls.java:182)
	at io.grpc.PartialForwardingServerCallListener.onHalfClose(PartialForwardingServerCallListener.java:35)
	at io.grpc.ForwardingServerCallListener.onHalfClose(ForwardingServerCallListener.java:23)
	at io.grpc.ForwardingServerCallListener$SimpleForwardingServerCallListener.onHalfClose(ForwardingServerCallListener.java:40)
	at io.grpc.Contexts$ContextualizedServerCallListener.onHalfClose(Contexts.java:86)
	at io.grpc.PartialForwardingServerCallListener.onHalfClose(PartialForwardingServerCallListener.java:35)
	at io.grpc.ForwardingServerCallListener.onHalfClose(ForwardingServerCallListener.java:23)
	at io.grpc.ForwardingServerCallListener$SimpleForwardingServerCallListener.onHalfClose(ForwardingServerCallListener.java:40)
	at io.grpc.Contexts$ContextualizedServerCallListener.onHalfClose(Contexts.java:86)
	at io.grpc.internal.ServerCallImpl$ServerStreamListenerImpl.halfClosed(ServerCallImpl.java:356)
	at io.grpc.internal.ServerImpl$JumpToApplicationThreadServerStreamListener$1HalfClosed.runInContext(ServerImpl.java:861)
	at io.grpc.internal.ContextRunnable.run(ContextRunnable.java:37)
	at io.grpc.internal.SerializingExecutor.run(SerializingExecutor.java:133)
	at java.base/java.util.concurrent.ThreadPoolExecutor.runWorker(ThreadPoolExecutor.java:1090)
	at java.base/java.util.concurrent.ThreadPoolExecutor$Worker.run(ThreadPoolExecutor.java:614)
	at java.base/java.lang.Thread.run(Thread.java:1516)
Caused by: com.google.firebase.rules.runtime.common.EvaluationException: Error: /var/folders/17/97zrc8dn5kj9m8sn51kc0h3w0000gn/T/fireside-query-rules-mmhX4C/firestore.rules line [31], column [99]. Null value error.
	at com.google.firebase.rules.runtime.impl.DefaultEvaluator$TransformEvaluationException.apply(DefaultEvaluator.java:275)
	at com.google.firebase.rules.runtime.impl.DefaultEvaluator$TransformEvaluationException.apply(DefaultEvaluator.java:261)
	at com.google.common.util.concurrent.AbstractCatchingFuture$AsyncCatchingFuture.doFallback(AbstractCatchingFuture.java:207)
	at com.google.common.util.concurrent.AbstractCatchingFuture$AsyncCatchingFuture.doFallback(AbstractCatchingFuture.java:194)
	at com.google.common.util.concurrent.AbstractCatchingFuture.run(AbstractCatchingFuture.java:136)
	at com.google.common.util.concurrent.DirectExecutor.execute(DirectExecutor.java:30)
	at com.google.common.util.concurrent.AbstractFuture.executeListener(AbstractFuture.java:1024)
	at com.google.common.util.concurrent.AbstractFuture.addListener(AbstractFuture.java:486)
	at com.google.common.util.concurrent.FluentFuture$TrustedFuture.addListener(FluentFuture.java:122)
	at com.google.common.util.concurrent.AbstractCatchingFuture.createAsync(AbstractCatchingFuture.java:58)
	at com.google.common.util.concurrent.Futures.catchingAsync(Futures.java:409)
	at com.google.firebase.rules.runtime.impl.DefaultEvaluator.evaluate(DefaultEvaluator.java:177)
	at com.google.cloud.datastore.emulator.impl.rules.EmulatorRuleClient$EmulatorRuleEvaluator.evaluate(EmulatorRuleClient.java:88)
	at com.google.cloud.datastore.core.auth.rules.AsyncTwoPhaseRulesAuthorizer.lambda$fullEvaluate$0(AsyncTwoPhaseRulesAuthorizer.java:1001)
	at com.google.cloud.datastore.computation.Computation.tryCatch(Computation.java:469)
	at com.google.cloud.datastore.core.auth.rules.AsyncTwoPhaseRulesAuthorizer.fullEvaluate(AsyncTwoPhaseRulesAuthorizer.java:1000)
	at com.google.cloud.datastore.core.auth.rules.AsyncTwoPhaseRulesAuthorizer.checkResource(AsyncTwoPhaseRulesAuthorizer.java:711)
	at com.google.cloud.datastore.core.auth.rules.AsyncTwoPhaseRulesAuthorizer.lambda$checkResources$0(AsyncTwoPhaseRulesAuthorizer.java:691)
	at com.google.cloud.datastore.computation.Computation.lambda$forEach$0(Computation.java:128)
	at com.google.cloud.datastore.computation.Computation.doWhile(Computation.java:212)
	at com.google.cloud.datastore.computation.Computation.lambda$whileTrue$2(Computation.java:151)
	at com.google.cloud.datastore.computation.Remainder$Completed.thenCompose(Remainder.java:726)
	at com.google.cloud.datastore.computation.Remainder.thenCompose(Remainder.java:452)
	at com.google.cloud.datastore.computation.Computation.whileTrue(Computation.java:151)
	at com.google.cloud.datastore.computation.Computation.whileTrue(Computation.java:133)
	at com.google.cloud.datastore.computation.Computation.forEach(Computation.java:128)
	at com.google.cloud.datastore.computation.Computation.forEach(Computation.java:123)
	at com.google.cloud.datastore.core.auth.rules.AsyncTwoPhaseRulesAuthorizer.checkResources(AsyncTwoPhaseRulesAuthorizer.java:689)
	at com.google.cloud.datastore.core.auth.rules.AsyncTwoPhaseRulesAuthorizer.handlePhaseOneInfo(AsyncTwoPhaseRulesAuthorizer.java:191)
	at com.google.cloud.datastore.core.auth.rules.AsyncTwoPhaseRulesAuthorizer.lambda$checkQueryRequest$0(AsyncTwoPhaseRulesAuthorizer.java:148)
	at com.google.cloud.datastore.computation.Remainder$Completed.thenCompose(Remainder.java:726)
	at com.google.cloud.datastore.computation.Remainder.thenCompose(Remainder.java:452)
	at com.google.cloud.datastore.core.auth.rules.AsyncTwoPhaseRulesAuthorizer.checkQueryRequest(AsyncTwoPhaseRulesAuthorizer.java:143)
	at com.google.cloud.datastore.emulator.impl.rules.DefaultEmulatorRulesAuthorizer.lambda$checkQuery$1(DefaultEmulatorRulesAuthorizer.java:198)
	at com.google.cloud.datastore.computation.Computation.run(Computation.java:81)
	at com.google.cloud.datastore.computation.Computation$Terminated.toFuture(Computation.java:947)
	at com.google.cloud.datastore.computation.Computation.toFuture(Computation.java:92)
	at com.google.cloud.datastore.emulator.impl.rules.DefaultEmulatorRulesAuthorizer.finish(DefaultEmulatorRulesAuthorizer.java:308)
	at com.google.cloud.datastore.emulator.impl.rules.DefaultEmulatorRulesAuthorizer.lambda$checkQuery$0(DefaultEmulatorRulesAuthorizer.java:195)
	at com.google.cloud.datastore.emulator.impl.rules.DefaultEmulatorRulesAuthorizer.withVerboseErrors(DefaultEmulatorRulesAuthorizer.java:321)
	... 29 more

Sep 03, 2026 8:59:44 PM io.gapi.emulators.netty.HttpHandler$1 onError
INFO: Exception when handling request: PERMISSION_DENIED: 
Null value error. for 'list' @ L31, Null value error. for 'list' @ L31
Sep 03, 2026 8:59:44 PM io.gapi.emulators.netty.HttpVersionRoutingHandler channelRead
INFO: Detected non-HTTP/2 connection.
Sep 03, 2026 8:59:44 PM io.gapi.emulators.netty.HttpVersionRoutingHandler channelRead
INFO: Detected non-HTTP/2 connection.
Sep 03, 2026 8:59:44 PM io.gapi.emulators.netty.HttpVersionRoutingHandler channelRead
INFO: Detected non-HTTP/2 connection.
Sep 03, 2026 8:59:44 PM io.gapi.emulators.netty.HttpVersionRoutingHandler channelRead
INFO: Detected non-HTTP/2 connection.
Sep 03, 2026 8:59:44 PM com.google.cloud.datastore.emulator.firestore.webchannel.FirestoreV1WebChannelAdapter$FirestoreListenHandler onClose
INFO: channel closed
Sep 03, 2026 8:59:44 PM com.google.cloud.datastore.emulator.impl.util.WrappedStreamObserver onError
WARNING: Operation failed: 
Null value error. for 'list' @ L31, Null value error. for 'list' @ L31
com.google.cloud.datastore.core.exception.DatastoreException: 
Null value error. for 'list' @ L31, Null value error. for 'list' @ L31
	at com.google.cloud.datastore.core.exception.DatastoreException$Builder.build(DatastoreException.java:152)
	at com.google.cloud.datastore.emulator.impl.rules.DefaultEmulatorRulesAuthorizer.verboseError(DefaultEmulatorRulesAuthorizer.java:349)
	at com.google.cloud.datastore.emulator.impl.rules.DefaultEmulatorRulesAuthorizer.withVerboseErrors(DefaultEmulatorRulesAuthorizer.java:326)
	at com.google.cloud.datastore.emulator.impl.rules.DefaultEmulatorRulesAuthorizer.checkQuery(DefaultEmulatorRulesAuthorizer.java:193)
	at com.google.cloud.datastore.emulator.impl.firestore.FirestoreEmulatorHelper.ruleAuthorizeAndReadEntities(FirestoreEmulatorHelper.java:811)
	at com.google.cloud.datastore.emulator.impl.firestore.FirestoreEmulatorHelper.snapshotAggregationQuery(FirestoreEmulatorHelper.java:723)
	at com.google.cloud.datastore.emulator.impl.firestore.FirestoreEmulatorHelper.lambda$aggregationQuery$0(FirestoreEmulatorHelper.java:705)
	at com.google.cloud.datastore.emulator.impl.transactions.EmulatorTransactionManager$ReadOnlyTransaction.fold(EmulatorTransactionManager.java:432)
	at com.google.cloud.datastore.emulator.impl.firestore.FirestoreEmulatorHelper.aggregationQuery(FirestoreEmulatorHelper.java:704)
	at com.google.cloud.datastore.emulator.impl.firestore.CloudFirestoreV1.runAggregationQueryStandardEdition(CloudFirestoreV1.java:776)
	at com.google.cloud.datastore.emulator.impl.firestore.CloudFirestoreV1.runAggregationQuery(CloudFirestoreV1.java:751)
	at com.google.cloud.datastore.emulator.impl.firestore.CloudFirestoreV1Router.runAggregationQuery(CloudFirestoreV1Router.java:197)
	at com.google.cloud.datastore.emulator.firestore.v1.FirestoreV1GrpcAdapter$1.lambda$runAggregationQuery$0(FirestoreV1GrpcAdapter.java:185)
	at com.google.cloud.datastore.emulator.firestore.v1.FirestoreV1GrpcAdapter.streaming(FirestoreV1GrpcAdapter.java:82)
	at com.google.cloud.datastore.emulator.firestore.v1.FirestoreV1GrpcAdapter$1.runAggregationQuery(FirestoreV1GrpcAdapter.java:185)
	at com.google.firestore.v1.FirestoreGrpc$MethodHandlers.invoke(FirestoreGrpc.java:1420)
	at io.grpc.stub.ServerCalls$UnaryServerCallHandler$UnaryServerCallListener.onHalfClose(ServerCalls.java:182)
	at io.grpc.PartialForwardingServerCallListener.onHalfClose(PartialForwardingServerCallListener.java:35)
	at io.grpc.ForwardingServerCallListener.onHalfClose(ForwardingServerCallListener.java:23)
	at io.grpc.ForwardingServerCallListener$SimpleForwardingServerCallListener.onHalfClose(ForwardingServerCallListener.java:40)
	at io.grpc.Contexts$ContextualizedServerCallListener.onHalfClose(Contexts.java:86)
	at io.grpc.PartialForwardingServerCallListener.onHalfClose(PartialForwardingServerCallListener.java:35)
	at io.grpc.ForwardingServerCallListener.onHalfClose(ForwardingServerCallListener.java:23)
	at io.grpc.ForwardingServerCallListener$SimpleForwardingServerCallListener.onHalfClose(ForwardingServerCallListener.java:40)
	at io.grpc.Contexts$ContextualizedServerCallListener.onHalfClose(Contexts.java:86)
	at io.grpc.internal.ServerCallImpl$ServerStreamListenerImpl.halfClosed(ServerCallImpl.java:356)
	at io.grpc.internal.ServerImpl$JumpToApplicationThreadServerStreamListener$1HalfClosed.runInContext(ServerImpl.java:861)
	at io.grpc.internal.ContextRunnable.run(ContextRunnable.java:37)
	at io.grpc.internal.SerializingExecutor.run(SerializingExecutor.java:133)
	at java.base/java.util.concurrent.ThreadPoolExecutor.runWorker(ThreadPoolExecutor.java:1090)
	at java.base/java.util.concurrent.ThreadPoolExecutor$Worker.run(ThreadPoolExecutor.java:614)
	at java.base/java.lang.Thread.run(Thread.java:1516)
Caused by: com.google.firebase.rules.runtime.common.EvaluationException: Error: /var/folders/17/97zrc8dn5kj9m8sn51kc0h3w0000gn/T/fireside-query-rules-mmhX4C/firestore.rules line [31], column [99]. Null value error.
	at com.google.firebase.rules.runtime.impl.DefaultEvaluator$TransformEvaluationException.apply(DefaultEvaluator.java:275)
	at com.google.firebase.rules.runtime.impl.DefaultEvaluator$TransformEvaluationException.apply(DefaultEvaluator.java:261)
	at com.google.common.util.concurrent.AbstractCatchingFuture$AsyncCatchingFuture.doFallback(AbstractCatchingFuture.java:207)
	at com.google.common.util.concurrent.AbstractCatchingFuture$AsyncCatchingFuture.doFallback(AbstractCatchingFuture.java:194)
	at com.google.common.util.concurrent.AbstractCatchingFuture.run(AbstractCatchingFuture.java:136)
	at com.google.common.util.concurrent.DirectExecutor.execute(DirectExecutor.java:30)
	at com.google.common.util.concurrent.AbstractFuture.executeListener(AbstractFuture.java:1024)
	at com.google.common.util.concurrent.AbstractFuture.addListener(AbstractFuture.java:486)
	at com.google.common.util.concurrent.FluentFuture$TrustedFuture.addListener(FluentFuture.java:122)
	at com.google.common.util.concurrent.AbstractCatchingFuture.createAsync(AbstractCatchingFuture.java:58)
	at com.google.common.util.concurrent.Futures.catchingAsync(Futures.java:409)
	at com.google.firebase.rules.runtime.impl.DefaultEvaluator.evaluate(DefaultEvaluator.java:177)
	at com.google.cloud.datastore.emulator.impl.rules.EmulatorRuleClient$EmulatorRuleEvaluator.evaluate(EmulatorRuleClient.java:88)
	at com.google.cloud.datastore.core.auth.rules.AsyncTwoPhaseRulesAuthorizer.lambda$fullEvaluate$0(AsyncTwoPhaseRulesAuthorizer.java:1001)
	at com.google.cloud.datastore.computation.Computation.tryCatch(Computation.java:469)
	at com.google.cloud.datastore.core.auth.rules.AsyncTwoPhaseRulesAuthorizer.fullEvaluate(AsyncTwoPhaseRulesAuthorizer.java:1000)
	at com.google.cloud.datastore.core.auth.rules.AsyncTwoPhaseRulesAuthorizer.checkResource(AsyncTwoPhaseRulesAuthorizer.java:711)
	at com.google.cloud.datastore.core.auth.rules.AsyncTwoPhaseRulesAuthorizer.lambda$checkResources$0(AsyncTwoPhaseRulesAuthorizer.java:691)
	at com.google.cloud.datastore.computation.Computation.lambda$forEach$0(Computation.java:128)
	at com.google.cloud.datastore.computation.Computation.doWhile(Computation.java:212)
	at com.google.cloud.datastore.computation.Computation.lambda$whileTrue$2(Computation.java:151)
	at com.google.cloud.datastore.computation.Remainder$Completed.thenCompose(Remainder.java:726)
	at com.google.cloud.datastore.computation.Remainder.thenCompose(Remainder.java:452)
	at com.google.cloud.datastore.computation.Computation.whileTrue(Computation.java:151)
	at com.google.cloud.datastore.computation.Computation.whileTrue(Computation.java:133)
	at com.google.cloud.datastore.computation.Computation.forEach(Computation.java:128)
	at com.google.cloud.datastore.computation.Computation.forEach(Computation.java:123)
	at com.google.cloud.datastore.core.auth.rules.AsyncTwoPhaseRulesAuthorizer.checkResources(AsyncTwoPhaseRulesAuthorizer.java:689)
	at com.google.cloud.datastore.core.auth.rules.AsyncTwoPhaseRulesAuthorizer.handlePhaseOneInfo(AsyncTwoPhaseRulesAuthorizer.java:191)
	at com.google.cloud.datastore.core.auth.rules.AsyncTwoPhaseRulesAuthorizer.lambda$checkQueryRequest$0(AsyncTwoPhaseRulesAuthorizer.java:148)
	at com.google.cloud.datastore.computation.Remainder$Completed.thenCompose(Remainder.java:726)
	at com.google.cloud.datastore.computation.Remainder.thenCompose(Remainder.java:452)
	at com.google.cloud.datastore.core.auth.rules.AsyncTwoPhaseRulesAuthorizer.checkQueryRequest(AsyncTwoPhaseRulesAuthorizer.java:143)
	at com.google.cloud.datastore.emulator.impl.rules.DefaultEmulatorRulesAuthorizer.lambda$checkQuery$1(DefaultEmulatorRulesAuthorizer.java:198)
	at com.google.cloud.datastore.computation.Computation.run(Computation.java:81)
	at com.google.cloud.datastore.computation.Computation$Terminated.toFuture(Computation.java:947)
	at com.google.cloud.datastore.computation.Computation.toFuture(Computation.java:92)
	at com.google.cloud.datastore.emulator.impl.rules.DefaultEmulatorRulesAuthorizer.finish(DefaultEmulatorRulesAuthorizer.java:308)
	at com.google.cloud.datastore.emulator.impl.rules.DefaultEmulatorRulesAuthorizer.lambda$checkQuery$0(DefaultEmulatorRulesAuthorizer.java:195)
	at com.google.cloud.datastore.emulator.impl.rules.DefaultEmulatorRulesAuthorizer.withVerboseErrors(DefaultEmulatorRulesAuthorizer.java:321)
	... 29 more

Sep 03, 2026 8:59:44 PM io.gapi.emulators.netty.HttpHandler$1 onError
INFO: Exception when handling request: PERMISSION_DENIED: 
Null value error. for 'list' @ L31, Null value error. for 'list' @ L31
Sep 03, 2026 8:59:44 PM io.gapi.emulators.netty.HttpVersionRoutingHandler channelRead
INFO: Detected non-HTTP/2 connection.
Sep 03, 2026 8:59:44 PM io.gapi.emulators.netty.HttpVersionRoutingHandler channelRead
INFO: Detected non-HTTP/2 connection.
Sep 03, 2026 8:59:44 PM io.gapi.emulators.netty.HttpVersionRoutingHandler channelRead
INFO: Detected non-HTTP/2 connection.
Sep 03, 2026 8:59:44 PM io.gapi.emulators.netty.HttpVersionRoutingHandler channelRead
INFO: Detected non-HTTP/2 connection.
Sep 03, 2026 8:59:44 PM com.google.cloud.datastore.emulator.firestore.webchannel.FirestoreV1WebChannelAdapter$FirestoreListenHandler onClose
INFO: channel closed
Sep 03, 2026 8:59:44 PM io.gapi.emulators.netty.HttpVersionRoutingHandler channelRead
INFO: Detected non-HTTP/2 connection.
Sep 03, 2026 8:59:44 PM io.gapi.emulators.netty.HttpVersionRoutingHandler channelRead
INFO: Detected non-HTTP/2 connection.
Sep 03, 2026 8:59:44 PM io.gapi.emulators.netty.HttpVersionRoutingHandler channelRead
INFO: Detected non-HTTP/2 connection.
Sep 03, 2026 8:59:44 PM io.gapi.emulators.netty.HttpVersionRoutingHandler channelRead
INFO: Detected non-HTTP/2 connection.
Sep 03, 2026 8:59:44 PM com.google.cloud.datastore.emulator.firestore.webchannel.FirestoreV1WebChannelAdapter$FirestoreListenHandler onClose
INFO: channel closed
Sep 03, 2026 8:59:44 PM com.google.cloud.datastore.emulator.impl.util.WrappedStreamObserver onError
WARNING: Operation failed: 
Null value error. for 'list' @ L33, Null value error. for 'list' @ L33
com.google.cloud.datastore.core.exception.DatastoreException: 
Null value error. for 'list' @ L33, Null value error. for 'list' @ L33
	at com.google.cloud.datastore.core.exception.DatastoreException$Builder.build(DatastoreException.java:152)
	at com.google.cloud.datastore.emulator.impl.rules.DefaultEmulatorRulesAuthorizer.verboseError(DefaultEmulatorRulesAuthorizer.java:349)
	at com.google.cloud.datastore.emulator.impl.rules.DefaultEmulatorRulesAuthorizer.withVerboseErrors(DefaultEmulatorRulesAuthorizer.java:326)
	at com.google.cloud.datastore.emulator.impl.rules.DefaultEmulatorRulesAuthorizer.checkQuery(DefaultEmulatorRulesAuthorizer.java:193)
	at com.google.cloud.datastore.emulator.impl.firestore.FirestoreEmulatorHelper.ruleAuthorizeAndReadEntities(FirestoreEmulatorHelper.java:811)
	at com.google.cloud.datastore.emulator.impl.firestore.FirestoreEmulatorHelper.snapshotAggregationQuery(FirestoreEmulatorHelper.java:723)
	at com.google.cloud.datastore.emulator.impl.firestore.FirestoreEmulatorHelper.lambda$aggregationQuery$0(FirestoreEmulatorHelper.java:705)
	at com.google.cloud.datastore.emulator.impl.transactions.EmulatorTransactionManager$ReadOnlyTransaction.fold(EmulatorTransactionManager.java:432)
	at com.google.cloud.datastore.emulator.impl.firestore.FirestoreEmulatorHelper.aggregationQuery(FirestoreEmulatorHelper.java:704)
	at com.google.cloud.datastore.emulator.impl.firestore.CloudFirestoreV1.runAggregationQueryStandardEdition(CloudFirestoreV1.java:776)
	at com.google.cloud.datastore.emulator.impl.firestore.CloudFirestoreV1.runAggregationQuery(CloudFirestoreV1.java:751)
	at com.google.cloud.datastore.emulator.impl.firestore.CloudFirestoreV1Router.runAggregationQuery(CloudFirestoreV1Router.java:197)
	at com.google.cloud.datastore.emulator.firestore.v1.FirestoreV1GrpcAdapter$1.lambda$runAggregationQuery$0(FirestoreV1GrpcAdapter.java:185)
	at com.google.cloud.datastore.emulator.firestore.v1.FirestoreV1GrpcAdapter.streaming(FirestoreV1GrpcAdapter.java:82)
	at com.google.cloud.datastore.emulator.firestore.v1.FirestoreV1GrpcAdapter$1.runAggregationQuery(FirestoreV1GrpcAdapter.java:185)
	at com.google.firestore.v1.FirestoreGrpc$MethodHandlers.invoke(FirestoreGrpc.java:1420)
	at io.grpc.stub.ServerCalls$UnaryServerCallHandler$UnaryServerCallListener.onHalfClose(ServerCalls.java:182)
	at io.grpc.PartialForwardingServerCallListener.onHalfClose(PartialForwardingServerCallListener.java:35)
	at io.grpc.ForwardingServerCallListener.onHalfClose(ForwardingServerCallListener.java:23)
	at io.grpc.ForwardingServerCallListener$SimpleForwardingServerCallListener.onHalfClose(ForwardingServerCallListener.java:40)
	at io.grpc.Contexts$ContextualizedServerCallListener.onHalfClose(Contexts.java:86)
	at io.grpc.PartialForwardingServerCallListener.onHalfClose(PartialForwardingServerCallListener.java:35)
	at io.grpc.ForwardingServerCallListener.onHalfClose(ForwardingServerCallListener.java:23)
	at io.grpc.ForwardingServerCallListener$SimpleForwardingServerCallListener.onHalfClose(ForwardingServerCallListener.java:40)
	at io.grpc.Contexts$ContextualizedServerCallListener.onHalfClose(Contexts.java:86)
	at io.grpc.internal.ServerCallImpl$ServerStreamListenerImpl.halfClosed(ServerCallImpl.java:356)
	at io.grpc.internal.ServerImpl$JumpToApplicationThreadServerStreamListener$1HalfClosed.runInContext(ServerImpl.java:861)
	at io.grpc.internal.ContextRunnable.run(ContextRunnable.java:37)
	at io.grpc.internal.SerializingExecutor.run(SerializingExecutor.java:133)
	at java.base/java.util.concurrent.ThreadPoolExecutor.runWorker(ThreadPoolExecutor.java:1090)
	at java.base/java.util.concurrent.ThreadPoolExecutor$Worker.run(ThreadPoolExecutor.java:614)
	at java.base/java.lang.Thread.run(Thread.java:1516)
Caused by: com.google.firebase.rules.runtime.common.EvaluationException: Error: /var/folders/17/97zrc8dn5kj9m8sn51kc0h3w0000gn/T/fireside-query-rules-mmhX4C/firestore.rules line [33], column [65]. Null value error.
	at com.google.firebase.rules.runtime.impl.DefaultEvaluator$TransformEvaluationException.apply(DefaultEvaluator.java:275)
	at com.google.firebase.rules.runtime.impl.DefaultEvaluator$TransformEvaluationException.apply(DefaultEvaluator.java:261)
	at com.google.common.util.concurrent.AbstractCatchingFuture$AsyncCatchingFuture.doFallback(AbstractCatchingFuture.java:207)
	at com.google.common.util.concurrent.AbstractCatchingFuture$AsyncCatchingFuture.doFallback(AbstractCatchingFuture.java:194)
	at com.google.common.util.concurrent.AbstractCatchingFuture.run(AbstractCatchingFuture.java:136)
	at com.google.common.util.concurrent.DirectExecutor.execute(DirectExecutor.java:30)
	at com.google.common.util.concurrent.AbstractFuture.executeListener(AbstractFuture.java:1024)
	at com.google.common.util.concurrent.AbstractFuture.addListener(AbstractFuture.java:486)
	at com.google.common.util.concurrent.FluentFuture$TrustedFuture.addListener(FluentFuture.java:122)
	at com.google.common.util.concurrent.AbstractCatchingFuture.createAsync(AbstractCatchingFuture.java:58)
	at com.google.common.util.concurrent.Futures.catchingAsync(Futures.java:409)
	at com.google.firebase.rules.runtime.impl.DefaultEvaluator.evaluate(DefaultEvaluator.java:177)
	at com.google.cloud.datastore.emulator.impl.rules.EmulatorRuleClient$EmulatorRuleEvaluator.evaluate(EmulatorRuleClient.java:88)
	at com.google.cloud.datastore.core.auth.rules.AsyncTwoPhaseRulesAuthorizer.lambda$fullEvaluate$0(AsyncTwoPhaseRulesAuthorizer.java:1001)
	at com.google.cloud.datastore.computation.Computation.tryCatch(Computation.java:469)
	at com.google.cloud.datastore.core.auth.rules.AsyncTwoPhaseRulesAuthorizer.fullEvaluate(AsyncTwoPhaseRulesAuthorizer.java:1000)
	at com.google.cloud.datastore.core.auth.rules.AsyncTwoPhaseRulesAuthorizer.checkResource(AsyncTwoPhaseRulesAuthorizer.java:711)
	at com.google.cloud.datastore.core.auth.rules.AsyncTwoPhaseRulesAuthorizer.lambda$checkResources$0(AsyncTwoPhaseRulesAuthorizer.java:691)
	at com.google.cloud.datastore.computation.Computation.lambda$forEach$0(Computation.java:128)
	at com.google.cloud.datastore.computation.Computation.doWhile(Computation.java:212)
	at com.google.cloud.datastore.computation.Computation.lambda$whileTrue$2(Computation.java:151)
	at com.google.cloud.datastore.computation.Remainder$Completed.thenCompose(Remainder.java:726)
	at com.google.cloud.datastore.computation.Remainder.thenCompose(Remainder.java:452)
	at com.google.cloud.datastore.computation.Computation.whileTrue(Computation.java:151)
	at com.google.cloud.datastore.computation.Computation.whileTrue(Computation.java:133)
	at com.google.cloud.datastore.computation.Computation.forEach(Computation.java:128)
	at com.google.cloud.datastore.computation.Computation.forEach(Computation.java:123)
	at com.google.cloud.datastore.core.auth.rules.AsyncTwoPhaseRulesAuthorizer.checkResources(AsyncTwoPhaseRulesAuthorizer.java:689)
	at com.google.cloud.datastore.core.auth.rules.AsyncTwoPhaseRulesAuthorizer.handlePhaseOneInfo(AsyncTwoPhaseRulesAuthorizer.java:191)
	at com.google.cloud.datastore.core.auth.rules.AsyncTwoPhaseRulesAuthorizer.lambda$checkQueryRequest$0(AsyncTwoPhaseRulesAuthorizer.java:148)
	at com.google.cloud.datastore.computation.Remainder$Completed.thenCompose(Remainder.java:726)
	at com.google.cloud.datastore.computation.Remainder.thenCompose(Remainder.java:452)
	at com.google.cloud.datastore.core.auth.rules.AsyncTwoPhaseRulesAuthorizer.checkQueryRequest(AsyncTwoPhaseRulesAuthorizer.java:143)
	at com.google.cloud.datastore.emulator.impl.rules.DefaultEmulatorRulesAuthorizer.lambda$checkQuery$1(DefaultEmulatorRulesAuthorizer.java:198)
	at com.google.cloud.datastore.computation.Computation.run(Computation.java:81)
	at com.google.cloud.datastore.computation.Computation$Terminated.toFuture(Computation.java:947)
	at com.google.cloud.datastore.computation.Computation.toFuture(Computation.java:92)
	at com.google.cloud.datastore.emulator.impl.rules.DefaultEmulatorRulesAuthorizer.finish(DefaultEmulatorRulesAuthorizer.java:308)
	at com.google.cloud.datastore.emulator.impl.rules.DefaultEmulatorRulesAuthorizer.lambda$checkQuery$0(DefaultEmulatorRulesAuthorizer.java:195)
	at com.google.cloud.datastore.emulator.impl.rules.DefaultEmulatorRulesAuthorizer.withVerboseErrors(DefaultEmulatorRulesAuthorizer.java:321)
	... 29 more

Sep 03, 2026 8:59:44 PM io.gapi.emulators.netty.HttpHandler$1 onError
INFO: Exception when handling request: PERMISSION_DENIED: 
Null value error. for 'list' @ L33, Null value error. for 'list' @ L33
Sep 03, 2026 8:59:44 PM io.gapi.emulators.netty.HttpVersionRoutingHandler channelRead
INFO: Detected non-HTTP/2 connection.
Sep 03, 2026 8:59:44 PM io.gapi.emulators.netty.HttpVersionRoutingHandler channelRead
INFO: Detected non-HTTP/2 connection.
Sep 03, 2026 8:59:44 PM io.gapi.emulators.netty.HttpVersionRoutingHandler channelRead
INFO: Detected non-HTTP/2 connection.
Sep 03, 2026 8:59:44 PM com.google.cloud.datastore.emulator.firestore.webchannel.FirestoreV1WebChannelAdapter$FirestoreListenHandler onClose
INFO: channel closed
Sep 03, 2026 8:59:44 PM com.google.cloud.datastore.emulator.impl.util.WrappedStreamObserver onError
WARNING: Operation failed: 
Null value error. for 'list' @ L33, Null value error. for 'list' @ L33
com.google.cloud.datastore.core.exception.DatastoreException: 
Null value error. for 'list' @ L33, Null value error. for 'list' @ L33
	at com.google.cloud.datastore.core.exception.DatastoreException$Builder.build(DatastoreException.java:152)
	at com.google.cloud.datastore.emulator.impl.rules.DefaultEmulatorRulesAuthorizer.verboseError(DefaultEmulatorRulesAuthorizer.java:349)
	at com.google.cloud.datastore.emulator.impl.rules.DefaultEmulatorRulesAuthorizer.withVerboseErrors(DefaultEmulatorRulesAuthorizer.java:326)
	at com.google.cloud.datastore.emulator.impl.rules.DefaultEmulatorRulesAuthorizer.checkQuery(DefaultEmulatorRulesAuthorizer.java:193)
	at com.google.cloud.datastore.emulator.impl.firestore.FirestoreEmulatorHelper.ruleAuthorizeAndReadEntities(FirestoreEmulatorHelper.java:811)
	at com.google.cloud.datastore.emulator.impl.firestore.FirestoreEmulatorHelper.snapshotAggregationQuery(FirestoreEmulatorHelper.java:723)
	at com.google.cloud.datastore.emulator.impl.firestore.FirestoreEmulatorHelper.lambda$aggregationQuery$0(FirestoreEmulatorHelper.java:705)
	at com.google.cloud.datastore.emulator.impl.transactions.EmulatorTransactionManager$ReadOnlyTransaction.fold(EmulatorTransactionManager.java:432)
	at com.google.cloud.datastore.emulator.impl.firestore.FirestoreEmulatorHelper.aggregationQuery(FirestoreEmulatorHelper.java:704)
	at com.google.cloud.datastore.emulator.impl.firestore.CloudFirestoreV1.runAggregationQueryStandardEdition(CloudFirestoreV1.java:776)
	at com.google.cloud.datastore.emulator.impl.firestore.CloudFirestoreV1.runAggregationQuery(CloudFirestoreV1.java:751)
	at com.google.cloud.datastore.emulator.impl.firestore.CloudFirestoreV1Router.runAggregationQuery(CloudFirestoreV1Router.java:197)
	at com.google.cloud.datastore.emulator.firestore.v1.FirestoreV1GrpcAdapter$1.lambda$runAggregationQuery$0(FirestoreV1GrpcAdapter.java:185)
	at com.google.cloud.datastore.emulator.firestore.v1.FirestoreV1GrpcAdapter.streaming(FirestoreV1GrpcAdapter.java:82)
	at com.google.cloud.datastore.emulator.firestore.v1.FirestoreV1GrpcAdapter$1.runAggregationQuery(FirestoreV1GrpcAdapter.java:185)
	at com.google.firestore.v1.FirestoreGrpc$MethodHandlers.invoke(FirestoreGrpc.java:1420)
	at io.grpc.stub.ServerCalls$UnaryServerCallHandler$UnaryServerCallListener.onHalfClose(ServerCalls.java:182)
	at io.grpc.PartialForwardingServerCallListener.onHalfClose(PartialForwardingServerCallListener.java:35)
	at io.grpc.ForwardingServerCallListener.onHalfClose(ForwardingServerCallListener.java:23)
	at io.grpc.ForwardingServerCallListener$SimpleForwardingServerCallListener.onHalfClose(ForwardingServerCallListener.java:40)
	at io.grpc.Contexts$ContextualizedServerCallListener.onHalfClose(Contexts.java:86)
	at io.grpc.PartialForwardingServerCallListener.onHalfClose(PartialForwardingServerCallListener.java:35)
	at io.grpc.ForwardingServerCallListener.onHalfClose(ForwardingServerCallListener.java:23)
	at io.grpc.ForwardingServerCallListener$SimpleForwardingServerCallListener.onHalfClose(ForwardingServerCallListener.java:40)
	at io.grpc.Contexts$ContextualizedServerCallListener.onHalfClose(Contexts.java:86)
	at io.grpc.internal.ServerCallImpl$ServerStreamListenerImpl.halfClosed(ServerCallImpl.java:356)
	at io.grpc.internal.ServerImpl$JumpToApplicationThreadServerStreamListener$1HalfClosed.runInContext(ServerImpl.java:861)
	at io.grpc.internal.ContextRunnable.run(ContextRunnable.java:37)
	at io.grpc.internal.SerializingExecutor.run(SerializingExecutor.java:133)
	at java.base/java.util.concurrent.ThreadPoolExecutor.runWorker(ThreadPoolExecutor.java:1090)
	at java.base/java.util.concurrent.ThreadPoolExecutor$Worker.run(ThreadPoolExecutor.java:614)
	at java.base/java.lang.Thread.run(Thread.java:1516)
Caused by: com.google.firebase.rules.runtime.common.EvaluationException: Error: /var/folders/17/97zrc8dn5kj9m8sn51kc0h3w0000gn/T/fireside-query-rules-mmhX4C/firestore.rules line [33], column [65]. Null value error.
	at com.google.firebase.rules.runtime.impl.DefaultEvaluator$TransformEvaluationException.apply(DefaultEvaluator.java:275)
	at com.google.firebase.rules.runtime.impl.DefaultEvaluator$TransformEvaluationException.apply(DefaultEvaluator.java:261)
	at com.google.common.util.concurrent.AbstractCatchingFuture$AsyncCatchingFuture.doFallback(AbstractCatchingFuture.java:207)
	at com.google.common.util.concurrent.AbstractCatchingFuture$AsyncCatchingFuture.doFallback(AbstractCatchingFuture.java:194)
	at com.google.common.util.concurrent.AbstractCatchingFuture.run(AbstractCatchingFuture.java:136)
	at com.google.common.util.concurrent.DirectExecutor.execute(DirectExecutor.java:30)
	at com.google.common.util.concurrent.AbstractFuture.executeListener(AbstractFuture.java:1024)
	at com.google.common.util.concurrent.AbstractFuture.addListener(AbstractFuture.java:486)
	at com.google.common.util.concurrent.FluentFuture$TrustedFuture.addListener(FluentFuture.java:122)
	at com.google.common.util.concurrent.AbstractCatchingFuture.createAsync(AbstractCatchingFuture.java:58)
	at com.google.common.util.concurrent.Futures.catchingAsync(Futures.java:409)
	at com.google.firebase.rules.runtime.impl.DefaultEvaluator.evaluate(DefaultEvaluator.java:177)
	at com.google.cloud.datastore.emulator.impl.rules.EmulatorRuleClient$EmulatorRuleEvaluator.evaluate(EmulatorRuleClient.java:88)
	at com.google.cloud.datastore.core.auth.rules.AsyncTwoPhaseRulesAuthorizer.lambda$fullEvaluate$0(AsyncTwoPhaseRulesAuthorizer.java:1001)
	at com.google.cloud.datastore.computation.Computation.tryCatch(Computation.java:469)
	at com.google.cloud.datastore.core.auth.rules.AsyncTwoPhaseRulesAuthorizer.fullEvaluate(AsyncTwoPhaseRulesAuthorizer.java:1000)
	at com.google.cloud.datastore.core.auth.rules.AsyncTwoPhaseRulesAuthorizer.checkResource(AsyncTwoPhaseRulesAuthorizer.java:711)
	at com.google.cloud.datastore.core.auth.rules.AsyncTwoPhaseRulesAuthorizer.lambda$checkResources$0(AsyncTwoPhaseRulesAuthorizer.java:691)
	at com.google.cloud.datastore.computation.Computation.lambda$forEach$0(Computation.java:128)
	at com.google.cloud.datastore.computation.Computation.doWhile(Computation.java:212)
	at com.google.cloud.datastore.computation.Computation.lambda$whileTrue$2(Computation.java:151)
	at com.google.cloud.datastore.computation.Remainder$Completed.thenCompose(Remainder.java:726)
	at com.google.cloud.datastore.computation.Remainder.thenCompose(Remainder.java:452)
	at com.google.cloud.datastore.computation.Computation.whileTrue(Computation.java:151)
	at com.google.cloud.datastore.computation.Computation.whileTrue(Computation.java:133)
	at com.google.cloud.datastore.computation.Computation.forEach(Computation.java:128)
	at com.google.cloud.datastore.computation.Computation.forEach(Computation.java:123)
	at com.google.cloud.datastore.core.auth.rules.AsyncTwoPhaseRulesAuthorizer.checkResources(AsyncTwoPhaseRulesAuthorizer.java:689)
	at com.google.cloud.datastore.core.auth.rules.AsyncTwoPhaseRulesAuthorizer.handlePhaseOneInfo(AsyncTwoPhaseRulesAuthorizer.java:191)
	at com.google.cloud.datastore.core.auth.rules.AsyncTwoPhaseRulesAuthorizer.lambda$checkQueryRequest$0(AsyncTwoPhaseRulesAuthorizer.java:148)
	at com.google.cloud.datastore.computation.Remainder$Completed.thenCompose(Remainder.java:726)
	at com.google.cloud.datastore.computation.Remainder.thenCompose(Remainder.java:452)
	at com.google.cloud.datastore.core.auth.rules.AsyncTwoPhaseRulesAuthorizer.checkQueryRequest(AsyncTwoPhaseRulesAuthorizer.java:143)
	at com.google.cloud.datastore.emulator.impl.rules.DefaultEmulatorRulesAuthorizer.lambda$checkQuery$1(DefaultEmulatorRulesAuthorizer.java:198)
	at com.google.cloud.datastore.computation.Computation.run(Computation.java:81)
	at com.google.cloud.datastore.computation.Computation$Terminated.toFuture(Computation.java:947)
	at com.google.cloud.datastore.computation.Computation.toFuture(Computation.java:92)
	at com.google.cloud.datastore.emulator.impl.rules.DefaultEmulatorRulesAuthorizer.finish(DefaultEmulatorRulesAuthorizer.java:308)
	at com.google.cloud.datastore.emulator.impl.rules.DefaultEmulatorRulesAuthorizer.lambda$checkQuery$0(DefaultEmulatorRulesAuthorizer.java:195)
	at com.google.cloud.datastore.emulator.impl.rules.DefaultEmulatorRulesAuthorizer.withVerboseErrors(DefaultEmulatorRulesAuthorizer.java:321)
	... 29 more

Sep 03, 2026 8:59:44 PM io.gapi.emulators.netty.HttpHandler$1 onError
INFO: Exception when handling request: PERMISSION_DENIED: 
Null value error. for 'list' @ L33, Null value error. for 'list' @ L33
Sep 03, 2026 8:59:44 PM io.gapi.emulators.netty.HttpVersionRoutingHandler channelRead
INFO: Detected non-HTTP/2 connection.
Sep 03, 2026 8:59:44 PM io.gapi.emulators.netty.HttpVersionRoutingHandler channelRead
INFO: Detected non-HTTP/2 connection.
Sep 03, 2026 8:59:44 PM io.gapi.emulators.netty.HttpVersionRoutingHandler channelRead
INFO: Detected non-HTTP/2 connection.
Sep 03, 2026 8:59:44 PM io.gapi.emulators.netty.HttpVersionRoutingHandler channelRead
INFO: Detected non-HTTP/2 connection.
Sep 03, 2026 8:59:44 PM com.google.cloud.datastore.emulator.firestore.webchannel.FirestoreV1WebChannelAdapter$FirestoreListenHandler onClose
INFO: channel closed
Sep 03, 2026 8:59:44 PM io.gapi.emulators.netty.HttpVersionRoutingHandler channelRead
INFO: Detected non-HTTP/2 connection.
Sep 03, 2026 8:59:44 PM io.gapi.emulators.netty.HttpVersionRoutingHandler channelRead
INFO: Detected non-HTTP/2 connection.
Sep 03, 2026 8:59:44 PM io.gapi.emulators.netty.HttpVersionRoutingHandler channelRead
INFO: Detected non-HTTP/2 connection.
Sep 03, 2026 8:59:44 PM io.gapi.emulators.netty.HttpVersionRoutingHandler channelRead
INFO: Detected non-HTTP/2 connection.
Sep 03, 2026 8:59:44 PM com.google.cloud.datastore.emulator.firestore.webchannel.FirestoreV1WebChannelAdapter$FirestoreListenHandler onClose
INFO: channel closed
Sep 03, 2026 8:59:44 PM com.google.cloud.datastore.emulator.impl.util.WrappedStreamObserver onError
WARNING: Operation failed: 
evaluation error at L35:24 for 'list' @ L35, Null value error. for 'list' @ L35
com.google.cloud.datastore.core.exception.DatastoreException: 
evaluation error at L35:24 for 'list' @ L35, Null value error. for 'list' @ L35
	at com.google.cloud.datastore.core.exception.DatastoreException$Builder.build(DatastoreException.java:152)
	at com.google.cloud.datastore.emulator.impl.rules.DefaultEmulatorRulesAuthorizer.verboseError(DefaultEmulatorRulesAuthorizer.java:349)
	at com.google.cloud.datastore.emulator.impl.rules.DefaultEmulatorRulesAuthorizer.withVerboseErrors(DefaultEmulatorRulesAuthorizer.java:326)
	at com.google.cloud.datastore.emulator.impl.rules.DefaultEmulatorRulesAuthorizer.checkQuery(DefaultEmulatorRulesAuthorizer.java:193)
	at com.google.cloud.datastore.emulator.impl.firestore.FirestoreEmulatorHelper.ruleAuthorizeAndReadEntities(FirestoreEmulatorHelper.java:811)
	at com.google.cloud.datastore.emulator.impl.firestore.FirestoreEmulatorHelper.snapshotAggregationQuery(FirestoreEmulatorHelper.java:723)
	at com.google.cloud.datastore.emulator.impl.firestore.FirestoreEmulatorHelper.lambda$aggregationQuery$0(FirestoreEmulatorHelper.java:705)
	at com.google.cloud.datastore.emulator.impl.transactions.EmulatorTransactionManager$ReadOnlyTransaction.fold(EmulatorTransactionManager.java:432)
	at com.google.cloud.datastore.emulator.impl.firestore.FirestoreEmulatorHelper.aggregationQuery(FirestoreEmulatorHelper.java:704)
	at com.google.cloud.datastore.emulator.impl.firestore.CloudFirestoreV1.runAggregationQueryStandardEdition(CloudFirestoreV1.java:776)
	at com.google.cloud.datastore.emulator.impl.firestore.CloudFirestoreV1.runAggregationQuery(CloudFirestoreV1.java:751)
	at com.google.cloud.datastore.emulator.impl.firestore.CloudFirestoreV1Router.runAggregationQuery(CloudFirestoreV1Router.java:197)
	at com.google.cloud.datastore.emulator.firestore.v1.FirestoreV1GrpcAdapter$1.lambda$runAggregationQuery$0(FirestoreV1GrpcAdapter.java:185)
	at com.google.cloud.datastore.emulator.firestore.v1.FirestoreV1GrpcAdapter.streaming(FirestoreV1GrpcAdapter.java:82)
	at com.google.cloud.datastore.emulator.firestore.v1.FirestoreV1GrpcAdapter$1.runAggregationQuery(FirestoreV1GrpcAdapter.java:185)
	at com.google.firestore.v1.FirestoreGrpc$MethodHandlers.invoke(FirestoreGrpc.java:1420)
	at io.grpc.stub.ServerCalls$UnaryServerCallHandler$UnaryServerCallListener.onHalfClose(ServerCalls.java:182)
	at io.grpc.PartialForwardingServerCallListener.onHalfClose(PartialForwardingServerCallListener.java:35)
	at io.grpc.ForwardingServerCallListener.onHalfClose(ForwardingServerCallListener.java:23)
	at io.grpc.ForwardingServerCallListener$SimpleForwardingServerCallListener.onHalfClose(ForwardingServerCallListener.java:40)
	at io.grpc.Contexts$ContextualizedServerCallListener.onHalfClose(Contexts.java:86)
	at io.grpc.PartialForwardingServerCallListener.onHalfClose(PartialForwardingServerCallListener.java:35)
	at io.grpc.ForwardingServerCallListener.onHalfClose(ForwardingServerCallListener.java:23)
	at io.grpc.ForwardingServerCallListener$SimpleForwardingServerCallListener.onHalfClose(ForwardingServerCallListener.java:40)
	at io.grpc.Contexts$ContextualizedServerCallListener.onHalfClose(Contexts.java:86)
	at io.grpc.internal.ServerCallImpl$ServerStreamListenerImpl.halfClosed(ServerCallImpl.java:356)
	at io.grpc.internal.ServerImpl$JumpToApplicationThreadServerStreamListener$1HalfClosed.runInContext(ServerImpl.java:861)
	at io.grpc.internal.ContextRunnable.run(ContextRunnable.java:37)
	at io.grpc.internal.SerializingExecutor.run(SerializingExecutor.java:133)
	at java.base/java.util.concurrent.ThreadPoolExecutor.runWorker(ThreadPoolExecutor.java:1090)
	at java.base/java.util.concurrent.ThreadPoolExecutor$Worker.run(ThreadPoolExecutor.java:614)
	at java.base/java.lang.Thread.run(Thread.java:1516)
Caused by: com.google.firebase.rules.runtime.common.EvaluationException: Error: /var/folders/17/97zrc8dn5kj9m8sn51kc0h3w0000gn/T/fireside-query-rules-mmhX4C/firestore.rules line [35], column [125]. Null value error.
	at com.google.firebase.rules.runtime.impl.DefaultEvaluator$TransformEvaluationException.apply(DefaultEvaluator.java:275)
	at com.google.firebase.rules.runtime.impl.DefaultEvaluator$TransformEvaluationException.apply(DefaultEvaluator.java:261)
	at com.google.common.util.concurrent.AbstractCatchingFuture$AsyncCatchingFuture.doFallback(AbstractCatchingFuture.java:207)
	at com.google.common.util.concurrent.AbstractCatchingFuture$AsyncCatchingFuture.doFallback(AbstractCatchingFuture.java:194)
	at com.google.common.util.concurrent.AbstractCatchingFuture.run(AbstractCatchingFuture.java:136)
	at com.google.common.util.concurrent.DirectExecutor.execute(DirectExecutor.java:30)
	at com.google.common.util.concurrent.AbstractFuture.executeListener(AbstractFuture.java:1024)
	at com.google.common.util.concurrent.AbstractFuture.addListener(AbstractFuture.java:486)
	at com.google.common.util.concurrent.FluentFuture$TrustedFuture.addListener(FluentFuture.java:122)
	at com.google.common.util.concurrent.AbstractCatchingFuture.createAsync(AbstractCatchingFuture.java:58)
	at com.google.common.util.concurrent.Futures.catchingAsync(Futures.java:409)
	at com.google.firebase.rules.runtime.impl.DefaultEvaluator.evaluate(DefaultEvaluator.java:177)
	at com.google.cloud.datastore.emulator.impl.rules.EmulatorRuleClient$EmulatorRuleEvaluator.evaluate(EmulatorRuleClient.java:88)
	at com.google.cloud.datastore.core.auth.rules.AsyncTwoPhaseRulesAuthorizer.lambda$fullEvaluate$0(AsyncTwoPhaseRulesAuthorizer.java:1001)
	at com.google.cloud.datastore.computation.Computation.tryCatch(Computation.java:469)
	at com.google.cloud.datastore.core.auth.rules.AsyncTwoPhaseRulesAuthorizer.fullEvaluate(AsyncTwoPhaseRulesAuthorizer.java:1000)
	at com.google.cloud.datastore.core.auth.rules.AsyncTwoPhaseRulesAuthorizer.checkResource(AsyncTwoPhaseRulesAuthorizer.java:711)
	at com.google.cloud.datastore.core.auth.rules.AsyncTwoPhaseRulesAuthorizer.lambda$checkResources$0(AsyncTwoPhaseRulesAuthorizer.java:691)
	at com.google.cloud.datastore.computation.Computation.lambda$forEach$0(Computation.java:128)
	at com.google.cloud.datastore.computation.Computation.doWhile(Computation.java:212)
	at com.google.cloud.datastore.computation.Computation.lambda$whileTrue$2(Computation.java:151)
	at com.google.cloud.datastore.computation.Remainder$Completed.thenCompose(Remainder.java:726)
	at com.google.cloud.datastore.computation.Remainder.thenCompose(Remainder.java:452)
	at com.google.cloud.datastore.computation.Computation.whileTrue(Computation.java:151)
	at com.google.cloud.datastore.computation.Computation.whileTrue(Computation.java:133)
	at com.google.cloud.datastore.computation.Computation.forEach(Computation.java:128)
	at com.google.cloud.datastore.computation.Computation.forEach(Computation.java:123)
	at com.google.cloud.datastore.core.auth.rules.AsyncTwoPhaseRulesAuthorizer.checkResources(AsyncTwoPhaseRulesAuthorizer.java:689)
	at com.google.cloud.datastore.core.auth.rules.AsyncTwoPhaseRulesAuthorizer.handlePhaseOneInfo(AsyncTwoPhaseRulesAuthorizer.java:191)
	at com.google.cloud.datastore.core.auth.rules.AsyncTwoPhaseRulesAuthorizer.lambda$checkQueryRequest$0(AsyncTwoPhaseRulesAuthorizer.java:148)
	at com.google.cloud.datastore.computation.Remainder$Completed.thenCompose(Remainder.java:726)
	at com.google.cloud.datastore.computation.Remainder.thenCompose(Remainder.java:452)
	at com.google.cloud.datastore.core.auth.rules.AsyncTwoPhaseRulesAuthorizer.checkQueryRequest(AsyncTwoPhaseRulesAuthorizer.java:143)
	at com.google.cloud.datastore.emulator.impl.rules.DefaultEmulatorRulesAuthorizer.lambda$checkQuery$1(DefaultEmulatorRulesAuthorizer.java:198)
	at com.google.cloud.datastore.computation.Computation.run(Computation.java:81)
	at com.google.cloud.datastore.computation.Computation$Terminated.toFuture(Computation.java:947)
	at com.google.cloud.datastore.computation.Computation.toFuture(Computation.java:92)
	at com.google.cloud.datastore.emulator.impl.rules.DefaultEmulatorRulesAuthorizer.finish(DefaultEmulatorRulesAuthorizer.java:308)
	at com.google.cloud.datastore.emulator.impl.rules.DefaultEmulatorRulesAuthorizer.lambda$checkQuery$0(DefaultEmulatorRulesAuthorizer.java:195)
	at com.google.cloud.datastore.emulator.impl.rules.DefaultEmulatorRulesAuthorizer.withVerboseErrors(DefaultEmulatorRulesAuthorizer.java:321)
	... 29 more

Sep 03, 2026 8:59:44 PM io.gapi.emulators.netty.HttpHandler$1 onError
INFO: Exception when handling request: PERMISSION_DENIED: 
evaluation error at L35:24 for 'list' @ L35, Null value error. for 'list' @ L35
Sep 03, 2026 8:59:44 PM io.gapi.emulators.netty.HttpVersionRoutingHandler channelRead
INFO: Detected non-HTTP/2 connection.
Sep 03, 2026 8:59:44 PM io.gapi.emulators.netty.HttpVersionRoutingHandler channelRead
INFO: Detected non-HTTP/2 connection.
Sep 03, 2026 8:59:44 PM io.gapi.emulators.netty.HttpVersionRoutingHandler channelRead
INFO: Detected non-HTTP/2 connection.
Sep 03, 2026 8:59:44 PM com.google.cloud.datastore.emulator.firestore.webchannel.FirestoreV1WebChannelAdapter$FirestoreListenHandler onClose
INFO: channel closed
Sep 03, 2026 8:59:44 PM com.google.cloud.datastore.emulator.impl.util.WrappedStreamObserver onError
WARNING: Operation failed: 
evaluation error at L35:24 for 'list' @ L35, Null value error. for 'list' @ L35
com.google.cloud.datastore.core.exception.DatastoreException: 
evaluation error at L35:24 for 'list' @ L35, Null value error. for 'list' @ L35
	at com.google.cloud.datastore.core.exception.DatastoreException$Builder.build(DatastoreException.java:152)
	at com.google.cloud.datastore.emulator.impl.rules.DefaultEmulatorRulesAuthorizer.verboseError(DefaultEmulatorRulesAuthorizer.java:349)
	at com.google.cloud.datastore.emulator.impl.rules.DefaultEmulatorRulesAuthorizer.withVerboseErrors(DefaultEmulatorRulesAuthorizer.java:326)
	at com.google.cloud.datastore.emulator.impl.rules.DefaultEmulatorRulesAuthorizer.checkQuery(DefaultEmulatorRulesAuthorizer.java:193)
	at com.google.cloud.datastore.emulator.impl.firestore.FirestoreEmulatorHelper.ruleAuthorizeAndReadEntities(FirestoreEmulatorHelper.java:811)
	at com.google.cloud.datastore.emulator.impl.firestore.FirestoreEmulatorHelper.snapshotAggregationQuery(FirestoreEmulatorHelper.java:723)
	at com.google.cloud.datastore.emulator.impl.firestore.FirestoreEmulatorHelper.lambda$aggregationQuery$0(FirestoreEmulatorHelper.java:705)
	at com.google.cloud.datastore.emulator.impl.transactions.EmulatorTransactionManager$ReadOnlyTransaction.fold(EmulatorTransactionManager.java:432)
	at com.google.cloud.datastore.emulator.impl.firestore.FirestoreEmulatorHelper.aggregationQuery(FirestoreEmulatorHelper.java:704)
	at com.google.cloud.datastore.emulator.impl.firestore.CloudFirestoreV1.runAggregationQueryStandardEdition(CloudFirestoreV1.java:776)
	at com.google.cloud.datastore.emulator.impl.firestore.CloudFirestoreV1.runAggregationQuery(CloudFirestoreV1.java:751)
	at com.google.cloud.datastore.emulator.impl.firestore.CloudFirestoreV1Router.runAggregationQuery(CloudFirestoreV1Router.java:197)
	at com.google.cloud.datastore.emulator.firestore.v1.FirestoreV1GrpcAdapter$1.lambda$runAggregationQuery$0(FirestoreV1GrpcAdapter.java:185)
	at com.google.cloud.datastore.emulator.firestore.v1.FirestoreV1GrpcAdapter.streaming(FirestoreV1GrpcAdapter.java:82)
	at com.google.cloud.datastore.emulator.firestore.v1.FirestoreV1GrpcAdapter$1.runAggregationQuery(FirestoreV1GrpcAdapter.java:185)
	at com.google.firestore.v1.FirestoreGrpc$MethodHandlers.invoke(FirestoreGrpc.java:1420)
	at io.grpc.stub.ServerCalls$UnaryServerCallHandler$UnaryServerCallListener.onHalfClose(ServerCalls.java:182)
	at io.grpc.PartialForwardingServerCallListener.onHalfClose(PartialForwardingServerCallListener.java:35)
	at io.grpc.ForwardingServerCallListener.onHalfClose(ForwardingServerCallListener.java:23)
	at io.grpc.ForwardingServerCallListener$SimpleForwardingServerCallListener.onHalfClose(ForwardingServerCallListener.java:40)
	at io.grpc.Contexts$ContextualizedServerCallListener.onHalfClose(Contexts.java:86)
	at io.grpc.PartialForwardingServerCallListener.onHalfClose(PartialForwardingServerCallListener.java:35)
	at io.grpc.ForwardingServerCallListener.onHalfClose(ForwardingServerCallListener.java:23)
	at io.grpc.ForwardingServerCallListener$SimpleForwardingServerCallListener.onHalfClose(ForwardingServerCallListener.java:40)
	at io.grpc.Contexts$ContextualizedServerCallListener.onHalfClose(Contexts.java:86)
	at io.grpc.internal.ServerCallImpl$ServerStreamListenerImpl.halfClosed(ServerCallImpl.java:356)
	at io.grpc.internal.ServerImpl$JumpToApplicationThreadServerStreamListener$1HalfClosed.runInContext(ServerImpl.java:861)
	at io.grpc.internal.ContextRunnable.run(ContextRunnable.java:37)
	at io.grpc.internal.SerializingExecutor.run(SerializingExecutor.java:133)
	at java.base/java.util.concurrent.ThreadPoolExecutor.runWorker(ThreadPoolExecutor.java:1090)
	at java.base/java.util.concurrent.ThreadPoolExecutor$Worker.run(ThreadPoolExecutor.java:614)
	at java.base/java.lang.Thread.run(Thread.java:1516)
Caused by: com.google.firebase.rules.runtime.common.EvaluationException: Error: /var/folders/17/97zrc8dn5kj9m8sn51kc0h3w0000gn/T/fireside-query-rules-mmhX4C/firestore.rules line [25], column [39]. Null value error.
	at com.google.firebase.rules.runtime.impl.DefaultEvaluator$TransformEvaluationException.apply(DefaultEvaluator.java:275)
	at com.google.firebase.rules.runtime.impl.DefaultEvaluator$TransformEvaluationException.apply(DefaultEvaluator.java:261)
	at com.google.common.util.concurrent.AbstractCatchingFuture$AsyncCatchingFuture.doFallback(AbstractCatchingFuture.java:207)
	at com.google.common.util.concurrent.AbstractCatchingFuture$AsyncCatchingFuture.doFallback(AbstractCatchingFuture.java:194)
	at com.google.common.util.concurrent.AbstractCatchingFuture.run(AbstractCatchingFuture.java:136)
	at com.google.common.util.concurrent.DirectExecutor.execute(DirectExecutor.java:30)
	at com.google.common.util.concurrent.AbstractFuture.executeListener(AbstractFuture.java:1024)
	at com.google.common.util.concurrent.AbstractFuture.addListener(AbstractFuture.java:486)
	at com.google.common.util.concurrent.FluentFuture$TrustedFuture.addListener(FluentFuture.java:122)
	at com.google.common.util.concurrent.AbstractCatchingFuture.createAsync(AbstractCatchingFuture.java:58)
	at com.google.common.util.concurrent.Futures.catchingAsync(Futures.java:409)
	at com.google.firebase.rules.runtime.impl.DefaultEvaluator.evaluate(DefaultEvaluator.java:177)
	at com.google.cloud.datastore.emulator.impl.rules.EmulatorRuleClient$EmulatorRuleEvaluator.evaluate(EmulatorRuleClient.java:88)
	at com.google.cloud.datastore.core.auth.rules.AsyncTwoPhaseRulesAuthorizer.lambda$fullEvaluate$0(AsyncTwoPhaseRulesAuthorizer.java:1001)
	at com.google.cloud.datastore.computation.Computation.tryCatch(Computation.java:469)
	at com.google.cloud.datastore.core.auth.rules.AsyncTwoPhaseRulesAuthorizer.fullEvaluate(AsyncTwoPhaseRulesAuthorizer.java:1000)
	at com.google.cloud.datastore.core.auth.rules.AsyncTwoPhaseRulesAuthorizer.checkResource(AsyncTwoPhaseRulesAuthorizer.java:711)
	at com.google.cloud.datastore.core.auth.rules.AsyncTwoPhaseRulesAuthorizer.lambda$checkResources$0(AsyncTwoPhaseRulesAuthorizer.java:691)
	at com.google.cloud.datastore.computation.Computation.lambda$forEach$0(Computation.java:128)
	at com.google.cloud.datastore.computation.Computation.doWhile(Computation.java:212)
	at com.google.cloud.datastore.computation.Computation.lambda$whileTrue$2(Computation.java:151)
	at com.google.cloud.datastore.computation.Remainder$Completed.thenCompose(Remainder.java:726)
	at com.google.cloud.datastore.computation.Remainder.thenCompose(Remainder.java:452)
	at com.google.cloud.datastore.computation.Computation.whileTrue(Computation.java:151)
	at com.google.cloud.datastore.computation.Computation.whileTrue(Computation.java:133)
	at com.google.cloud.datastore.computation.Computation.forEach(Computation.java:128)
	at com.google.cloud.datastore.computation.Computation.forEach(Computation.java:123)
	at com.google.cloud.datastore.core.auth.rules.AsyncTwoPhaseRulesAuthorizer.checkResources(AsyncTwoPhaseRulesAuthorizer.java:689)
	at com.google.cloud.datastore.core.auth.rules.AsyncTwoPhaseRulesAuthorizer.handlePhaseOneInfo(AsyncTwoPhaseRulesAuthorizer.java:191)
	at com.google.cloud.datastore.core.auth.rules.AsyncTwoPhaseRulesAuthorizer.lambda$checkQueryRequest$0(AsyncTwoPhaseRulesAuthorizer.java:148)
	at com.google.cloud.datastore.computation.Remainder$Completed.thenCompose(Remainder.java:726)
	at com.google.cloud.datastore.computation.Remainder.thenCompose(Remainder.java:452)
	at com.google.cloud.datastore.core.auth.rules.AsyncTwoPhaseRulesAuthorizer.checkQueryRequest(AsyncTwoPhaseRulesAuthorizer.java:143)
	at com.google.cloud.datastore.emulator.impl.rules.DefaultEmulatorRulesAuthorizer.lambda$checkQuery$1(DefaultEmulatorRulesAuthorizer.java:198)
	at com.google.cloud.datastore.computation.Computation.run(Computation.java:81)
	at com.google.cloud.datastore.computation.Computation$Terminated.toFuture(Computation.java:947)
	at com.google.cloud.datastore.computation.Computation.toFuture(Computation.java:92)
	at com.google.cloud.datastore.emulator.impl.rules.DefaultEmulatorRulesAuthorizer.finish(DefaultEmulatorRulesAuthorizer.java:308)
	at com.google.cloud.datastore.emulator.impl.rules.DefaultEmulatorRulesAuthorizer.lambda$checkQuery$0(DefaultEmulatorRulesAuthorizer.java:195)
	at com.google.cloud.datastore.emulator.impl.rules.DefaultEmulatorRulesAuthorizer.withVerboseErrors(DefaultEmulatorRulesAuthorizer.java:321)
	... 29 more

Sep 03, 2026 8:59:44 PM io.gapi.emulators.netty.HttpHandler$1 onError
INFO: Exception when handling request: PERMISSION_DENIED: 
evaluation error at L35:24 for 'list' @ L35, Null value error. for 'list' @ L35
Sep 03, 2026 8:59:44 PM io.gapi.emulators.netty.HttpVersionRoutingHandler channelRead
INFO: Detected non-HTTP/2 connection.
Sep 03, 2026 8:59:44 PM io.gapi.emulators.netty.HttpVersionRoutingHandler channelRead
INFO: Detected non-HTTP/2 connection.
Sep 03, 2026 8:59:44 PM io.gapi.emulators.netty.HttpVersionRoutingHandler channelRead
INFO: Detected non-HTTP/2 connection.
Sep 03, 2026 8:59:44 PM com.google.cloud.datastore.emulator.firestore.webchannel.FirestoreV1WebChannelAdapter$FirestoreListenHandler onClose
INFO: channel closed
Sep 03, 2026 8:59:44 PM com.google.cloud.datastore.emulator.impl.util.WrappedStreamObserver onError
WARNING: Operation failed: 
Null value error. for 'list' @ L37
com.google.cloud.datastore.core.exception.DatastoreException: 
Null value error. for 'list' @ L37
	at com.google.cloud.datastore.core.exception.DatastoreException$Builder.build(DatastoreException.java:152)
	at com.google.cloud.datastore.emulator.impl.rules.DefaultEmulatorRulesAuthorizer.verboseError(DefaultEmulatorRulesAuthorizer.java:349)
	at com.google.cloud.datastore.emulator.impl.rules.DefaultEmulatorRulesAuthorizer.withVerboseErrors(DefaultEmulatorRulesAuthorizer.java:326)
	at com.google.cloud.datastore.emulator.impl.rules.DefaultEmulatorRulesAuthorizer.checkQuery(DefaultEmulatorRulesAuthorizer.java:193)
	at com.google.cloud.datastore.emulator.impl.firestore.FirestoreEmulatorHelper.ruleAuthorizeAndReadEntities(FirestoreEmulatorHelper.java:811)
	at com.google.cloud.datastore.emulator.impl.firestore.FirestoreEmulatorHelper.snapshotAggregationQuery(FirestoreEmulatorHelper.java:723)
	at com.google.cloud.datastore.emulator.impl.firestore.FirestoreEmulatorHelper.lambda$aggregationQuery$0(FirestoreEmulatorHelper.java:705)
	at com.google.cloud.datastore.emulator.impl.transactions.EmulatorTransactionManager$ReadOnlyTransaction.fold(EmulatorTransactionManager.java:432)
	at com.google.cloud.datastore.emulator.impl.firestore.FirestoreEmulatorHelper.aggregationQuery(FirestoreEmulatorHelper.java:704)
	at com.google.cloud.datastore.emulator.impl.firestore.CloudFirestoreV1.runAggregationQueryStandardEdition(CloudFirestoreV1.java:776)
	at com.google.cloud.datastore.emulator.impl.firestore.CloudFirestoreV1.runAggregationQuery(CloudFirestoreV1.java:751)
	at com.google.cloud.datastore.emulator.impl.firestore.CloudFirestoreV1Router.runAggregationQuery(CloudFirestoreV1Router.java:197)
	at com.google.cloud.datastore.emulator.firestore.v1.FirestoreV1GrpcAdapter$1.lambda$runAggregationQuery$0(FirestoreV1GrpcAdapter.java:185)
	at com.google.cloud.datastore.emulator.firestore.v1.FirestoreV1GrpcAdapter.streaming(FirestoreV1GrpcAdapter.java:82)
	at com.google.cloud.datastore.emulator.firestore.v1.FirestoreV1GrpcAdapter$1.runAggregationQuery(FirestoreV1GrpcAdapter.java:185)
	at com.google.firestore.v1.FirestoreGrpc$MethodHandlers.invoke(FirestoreGrpc.java:1420)
	at io.grpc.stub.ServerCalls$UnaryServerCallHandler$UnaryServerCallListener.onHalfClose(ServerCalls.java:182)
	at io.grpc.PartialForwardingServerCallListener.onHalfClose(PartialForwardingServerCallListener.java:35)
	at io.grpc.ForwardingServerCallListener.onHalfClose(ForwardingServerCallListener.java:23)
	at io.grpc.ForwardingServerCallListener$SimpleForwardingServerCallListener.onHalfClose(ForwardingServerCallListener.java:40)
	at io.grpc.Contexts$ContextualizedServerCallListener.onHalfClose(Contexts.java:86)
	at io.grpc.PartialForwardingServerCallListener.onHalfClose(PartialForwardingServerCallListener.java:35)
	at io.grpc.ForwardingServerCallListener.onHalfClose(ForwardingServerCallListener.java:23)
	at io.grpc.ForwardingServerCallListener$SimpleForwardingServerCallListener.onHalfClose(ForwardingServerCallListener.java:40)
	at io.grpc.Contexts$ContextualizedServerCallListener.onHalfClose(Contexts.java:86)
	at io.grpc.internal.ServerCallImpl$ServerStreamListenerImpl.halfClosed(ServerCallImpl.java:356)
	at io.grpc.internal.ServerImpl$JumpToApplicationThreadServerStreamListener$1HalfClosed.runInContext(ServerImpl.java:861)
	at io.grpc.internal.ContextRunnable.run(ContextRunnable.java:37)
	at io.grpc.internal.SerializingExecutor.run(SerializingExecutor.java:133)
	at java.base/java.util.concurrent.ThreadPoolExecutor.runWorker(ThreadPoolExecutor.java:1090)
	at java.base/java.util.concurrent.ThreadPoolExecutor$Worker.run(ThreadPoolExecutor.java:614)
	at java.base/java.lang.Thread.run(Thread.java:1516)

Sep 03, 2026 8:59:44 PM io.gapi.emulators.netty.HttpHandler$1 onError
INFO: Exception when handling request: PERMISSION_DENIED: 
Null value error. for 'list' @ L37
Sep 03, 2026 8:59:44 PM io.gapi.emulators.netty.HttpVersionRoutingHandler channelRead
INFO: Detected non-HTTP/2 connection.
Sep 03, 2026 8:59:44 PM io.gapi.emulators.netty.HttpVersionRoutingHandler channelRead
INFO: Detected non-HTTP/2 connection.
Sep 03, 2026 8:59:44 PM io.gapi.emulators.netty.HttpVersionRoutingHandler channelRead
INFO: Detected non-HTTP/2 connection.
Sep 03, 2026 8:59:44 PM io.gapi.emulators.netty.HttpVersionRoutingHandler channelRead
INFO: Detected non-HTTP/2 connection.
Sep 03, 2026 8:59:44 PM com.google.cloud.datastore.emulator.firestore.webchannel.FirestoreV1WebChannelAdapter$FirestoreListenHandler onClose
INFO: channel closed
Sep 03, 2026 8:59:44 PM com.google.cloud.datastore.emulator.impl.util.WrappedStreamObserver onError
WARNING: Operation failed: 
Null value error. for 'list' @ L37
com.google.cloud.datastore.core.exception.DatastoreException: 
Null value error. for 'list' @ L37
	at com.google.cloud.datastore.core.exception.DatastoreException$Builder.build(DatastoreException.java:152)
	at com.google.cloud.datastore.emulator.impl.rules.DefaultEmulatorRulesAuthorizer.verboseError(DefaultEmulatorRulesAuthorizer.java:349)
	at com.google.cloud.datastore.emulator.impl.rules.DefaultEmulatorRulesAuthorizer.withVerboseErrors(DefaultEmulatorRulesAuthorizer.java:326)
	at com.google.cloud.datastore.emulator.impl.rules.DefaultEmulatorRulesAuthorizer.checkQuery(DefaultEmulatorRulesAuthorizer.java:193)
	at com.google.cloud.datastore.emulator.impl.firestore.FirestoreEmulatorHelper.ruleAuthorizeAndReadEntities(FirestoreEmulatorHelper.java:811)
	at com.google.cloud.datastore.emulator.impl.firestore.FirestoreEmulatorHelper.snapshotAggregationQuery(FirestoreEmulatorHelper.java:723)
	at com.google.cloud.datastore.emulator.impl.firestore.FirestoreEmulatorHelper.lambda$aggregationQuery$0(FirestoreEmulatorHelper.java:705)
	at com.google.cloud.datastore.emulator.impl.transactions.EmulatorTransactionManager$ReadOnlyTransaction.fold(EmulatorTransactionManager.java:432)
	at com.google.cloud.datastore.emulator.impl.firestore.FirestoreEmulatorHelper.aggregationQuery(FirestoreEmulatorHelper.java:704)
	at com.google.cloud.datastore.emulator.impl.firestore.CloudFirestoreV1.runAggregationQueryStandardEdition(CloudFirestoreV1.java:776)
	at com.google.cloud.datastore.emulator.impl.firestore.CloudFirestoreV1.runAggregationQuery(CloudFirestoreV1.java:751)
	at com.google.cloud.datastore.emulator.impl.firestore.CloudFirestoreV1Router.runAggregationQuery(CloudFirestoreV1Router.java:197)
	at com.google.cloud.datastore.emulator.firestore.v1.FirestoreV1GrpcAdapter$1.lambda$runAggregationQuery$0(FirestoreV1GrpcAdapter.java:185)
	at com.google.cloud.datastore.emulator.firestore.v1.FirestoreV1GrpcAdapter.streaming(FirestoreV1GrpcAdapter.java:82)
	at com.google.cloud.datastore.emulator.firestore.v1.FirestoreV1GrpcAdapter$1.runAggregationQuery(FirestoreV1GrpcAdapter.java:185)
	at com.google.firestore.v1.FirestoreGrpc$MethodHandlers.invoke(FirestoreGrpc.java:1420)
	at io.grpc.stub.ServerCalls$UnaryServerCallHandler$UnaryServerCallListener.onHalfClose(ServerCalls.java:182)
	at io.grpc.PartialForwardingServerCallListener.onHalfClose(PartialForwardingServerCallListener.java:35)
	at io.grpc.ForwardingServerCallListener.onHalfClose(ForwardingServerCallListener.java:23)
	at io.grpc.ForwardingServerCallListener$SimpleForwardingServerCallListener.onHalfClose(ForwardingServerCallListener.java:40)
	at io.grpc.Contexts$ContextualizedServerCallListener.onHalfClose(Contexts.java:86)
	at io.grpc.PartialForwardingServerCallListener.onHalfClose(PartialForwardingServerCallListener.java:35)
	at io.grpc.ForwardingServerCallListener.onHalfClose(ForwardingServerCallListener.java:23)
	at io.grpc.ForwardingServerCallListener$SimpleForwardingServerCallListener.onHalfClose(ForwardingServerCallListener.java:40)
	at io.grpc.Contexts$ContextualizedServerCallListener.onHalfClose(Contexts.java:86)
	at io.grpc.internal.ServerCallImpl$ServerStreamListenerImpl.halfClosed(ServerCallImpl.java:356)
	at io.grpc.internal.ServerImpl$JumpToApplicationThreadServerStreamListener$1HalfClosed.runInContext(ServerImpl.java:861)
	at io.grpc.internal.ContextRunnable.run(ContextRunnable.java:37)
	at io.grpc.internal.SerializingExecutor.run(SerializingExecutor.java:133)
	at java.base/java.util.concurrent.ThreadPoolExecutor.runWorker(ThreadPoolExecutor.java:1090)
	at java.base/java.util.concurrent.ThreadPoolExecutor$Worker.run(ThreadPoolExecutor.java:614)
	at java.base/java.lang.Thread.run(Thread.java:1516)

Sep 03, 2026 8:59:44 PM io.gapi.emulators.netty.HttpHandler$1 onError
INFO: Exception when handling request: PERMISSION_DENIED: 
Null value error. for 'list' @ L37
Sep 03, 2026 8:59:44 PM io.gapi.emulators.netty.HttpVersionRoutingHandler channelRead
INFO: Detected non-HTTP/2 connection.
Sep 03, 2026 8:59:44 PM io.gapi.emulators.netty.HttpVersionRoutingHandler channelRead
INFO: Detected non-HTTP/2 connection.
Sep 03, 2026 8:59:44 PM io.gapi.emulators.netty.HttpVersionRoutingHandler channelRead
INFO: Detected non-HTTP/2 connection.
Sep 03, 2026 8:59:44 PM com.google.cloud.datastore.emulator.firestore.webchannel.FirestoreV1WebChannelAdapter$FirestoreListenHandler onClose
INFO: channel closed
Sep 03, 2026 8:59:44 PM com.google.cloud.datastore.emulator.impl.util.WrappedStreamObserver onError
WARNING: Operation failed: 
Null value error. for 'list' @ L37
com.google.cloud.datastore.core.exception.DatastoreException: 
Null value error. for 'list' @ L37
	at com.google.cloud.datastore.core.exception.DatastoreException$Builder.build(DatastoreException.java:152)
	at com.google.cloud.datastore.emulator.impl.rules.DefaultEmulatorRulesAuthorizer.verboseError(DefaultEmulatorRulesAuthorizer.java:349)
	at com.google.cloud.datastore.emulator.impl.rules.DefaultEmulatorRulesAuthorizer.withVerboseErrors(DefaultEmulatorRulesAuthorizer.java:326)
	at com.google.cloud.datastore.emulator.impl.rules.DefaultEmulatorRulesAuthorizer.checkQuery(DefaultEmulatorRulesAuthorizer.java:193)
	at com.google.cloud.datastore.emulator.impl.firestore.FirestoreEmulatorHelper.ruleAuthorizeAndReadEntities(FirestoreEmulatorHelper.java:811)
	at com.google.cloud.datastore.emulator.impl.firestore.FirestoreEmulatorHelper.snapshotAggregationQuery(FirestoreEmulatorHelper.java:723)
	at com.google.cloud.datastore.emulator.impl.firestore.FirestoreEmulatorHelper.lambda$aggregationQuery$0(FirestoreEmulatorHelper.java:705)
	at com.google.cloud.datastore.emulator.impl.transactions.EmulatorTransactionManager$ReadOnlyTransaction.fold(EmulatorTransactionManager.java:432)
	at com.google.cloud.datastore.emulator.impl.firestore.FirestoreEmulatorHelper.aggregationQuery(FirestoreEmulatorHelper.java:704)
	at com.google.cloud.datastore.emulator.impl.firestore.CloudFirestoreV1.runAggregationQueryStandardEdition(CloudFirestoreV1.java:776)
	at com.google.cloud.datastore.emulator.impl.firestore.CloudFirestoreV1.runAggregationQuery(CloudFirestoreV1.java:751)
	at com.google.cloud.datastore.emulator.impl.firestore.CloudFirestoreV1Router.runAggregationQuery(CloudFirestoreV1Router.java:197)
	at com.google.cloud.datastore.emulator.firestore.v1.FirestoreV1GrpcAdapter$1.lambda$runAggregationQuery$0(FirestoreV1GrpcAdapter.java:185)
	at com.google.cloud.datastore.emulator.firestore.v1.FirestoreV1GrpcAdapter.streaming(FirestoreV1GrpcAdapter.java:82)
	at com.google.cloud.datastore.emulator.firestore.v1.FirestoreV1GrpcAdapter$1.runAggregationQuery(FirestoreV1GrpcAdapter.java:185)
	at com.google.firestore.v1.FirestoreGrpc$MethodHandlers.invoke(FirestoreGrpc.java:1420)
	at io.grpc.stub.ServerCalls$UnaryServerCallHandler$UnaryServerCallListener.onHalfClose(ServerCalls.java:182)
	at io.grpc.PartialForwardingServerCallListener.onHalfClose(PartialForwardingServerCallListener.java:35)
	at io.grpc.ForwardingServerCallListener.onHalfClose(ForwardingServerCallListener.java:23)
	at io.grpc.ForwardingServerCallListener$SimpleForwardingServerCallListener.onHalfClose(ForwardingServerCallListener.java:40)
	at io.grpc.Contexts$ContextualizedServerCallListener.onHalfClose(Contexts.java:86)
	at io.grpc.PartialForwardingServerCallListener.onHalfClose(PartialForwardingServerCallListener.java:35)
	at io.grpc.ForwardingServerCallListener.onHalfClose(ForwardingServerCallListener.java:23)
	at io.grpc.ForwardingServerCallListener$SimpleForwardingServerCallListener.onHalfClose(ForwardingServerCallListener.java:40)
	at io.grpc.Contexts$ContextualizedServerCallListener.onHalfClose(Contexts.java:86)
	at io.grpc.internal.ServerCallImpl$ServerStreamListenerImpl.halfClosed(ServerCallImpl.java:356)
	at io.grpc.internal.ServerImpl$JumpToApplicationThreadServerStreamListener$1HalfClosed.runInContext(ServerImpl.java:861)
	at io.grpc.internal.ContextRunnable.run(ContextRunnable.java:37)
	at io.grpc.internal.SerializingExecutor.run(SerializingExecutor.java:133)
	at java.base/java.util.concurrent.ThreadPoolExecutor.runWorker(ThreadPoolExecutor.java:1090)
	at java.base/java.util.concurrent.ThreadPoolExecutor$Worker.run(ThreadPoolExecutor.java:614)
	at java.base/java.lang.Thread.run(Thread.java:1516)

Sep 03, 2026 8:59:44 PM io.gapi.emulators.netty.HttpHandler$1 onError
INFO: Exception when handling request: PERMISSION_DENIED: 
Null value error. for 'list' @ L37
Sep 03, 2026 8:59:44 PM io.gapi.emulators.netty.HttpVersionRoutingHandler channelRead
INFO: Detected non-HTTP/2 connection.
Sep 03, 2026 8:59:44 PM io.gapi.emulators.netty.HttpVersionRoutingHandler channelRead
INFO: Detected non-HTTP/2 connection.
Sep 03, 2026 8:59:44 PM io.gapi.emulators.netty.HttpVersionRoutingHandler channelRead
INFO: Detected non-HTTP/2 connection.
Sep 03, 2026 8:59:44 PM io.gapi.emulators.netty.HttpVersionRoutingHandler channelRead
INFO: Detected non-HTTP/2 connection.
Sep 03, 2026 8:59:44 PM com.google.cloud.datastore.emulator.firestore.webchannel.FirestoreV1WebChannelAdapter$FirestoreListenHandler onClose
INFO: channel closed
Sep 03, 2026 8:59:44 PM io.gapi.emulators.netty.HttpVersionRoutingHandler channelRead
INFO: Detected non-HTTP/2 connection.
Sep 03, 2026 8:59:44 PM io.gapi.emulators.netty.HttpVersionRoutingHandler channelRead
INFO: Detected non-HTTP/2 connection.
Sep 03, 2026 8:59:44 PM io.gapi.emulators.netty.HttpVersionRoutingHandler channelRead
INFO: Detected non-HTTP/2 connection.
Sep 03, 2026 8:59:44 PM io.gapi.emulators.netty.HttpVersionRoutingHandler channelRead
INFO: Detected non-HTTP/2 connection.
Sep 03, 2026 8:59:45 PM com.google.cloud.datastore.emulator.firestore.webchannel.FirestoreV1WebChannelAdapter$FirestoreListenHandler onClose
INFO: channel closed
Sep 03, 2026 8:59:45 PM io.gapi.emulators.netty.HttpVersionRoutingHandler channelRead
INFO: Detected non-HTTP/2 connection.
Sep 03, 2026 8:59:45 PM io.gapi.emulators.netty.HttpVersionRoutingHandler channelRead
INFO: Detected non-HTTP/2 connection.
Sep 03, 2026 8:59:45 PM io.gapi.emulators.netty.HttpVersionRoutingHandler channelRead
INFO: Detected non-HTTP/2 connection.
Sep 03, 2026 8:59:45 PM io.gapi.emulators.netty.HttpVersionRoutingHandler channelRead
INFO: Detected non-HTTP/2 connection.
Sep 03, 2026 8:59:45 PM com.google.cloud.datastore.emulator.firestore.webchannel.FirestoreV1WebChannelAdapter$FirestoreListenHandler onClose
INFO: channel closed
Sep 03, 2026 8:59:45 PM io.gapi.emulators.netty.HttpVersionRoutingHandler channelRead
INFO: Detected non-HTTP/2 connection.
Sep 03, 2026 8:59:45 PM io.gapi.emulators.netty.HttpVersionRoutingHandler channelRead
INFO: Detected non-HTTP/2 connection.
Sep 03, 2026 8:59:45 PM io.gapi.emulators.netty.HttpVersionRoutingHandler channelRead
INFO: Detected non-HTTP/2 connection.
Sep 03, 2026 8:59:45 PM io.gapi.emulators.netty.HttpVersionRoutingHandler channelRead
INFO: Detected non-HTTP/2 connection.
Sep 03, 2026 8:59:45 PM com.google.cloud.datastore.emulator.firestore.webchannel.FirestoreV1WebChannelAdapter$FirestoreListenHandler onClose
INFO: channel closed
Sep 03, 2026 8:59:45 PM io.gapi.emulators.netty.HttpVersionRoutingHandler channelRead
INFO: Detected non-HTTP/2 connection.
Sep 03, 2026 8:59:45 PM io.gapi.emulators.netty.HttpVersionRoutingHandler channelRead
INFO: Detected non-HTTP/2 connection.
Sep 03, 2026 8:59:45 PM io.gapi.emulators.netty.HttpVersionRoutingHandler channelRead
INFO: Detected non-HTTP/2 connection.
Sep 03, 2026 8:59:45 PM io.gapi.emulators.netty.HttpVersionRoutingHandler channelRead
INFO: Detected non-HTTP/2 connection.
Sep 03, 2026 8:59:45 PM com.google.cloud.datastore.emulator.firestore.webchannel.FirestoreV1WebChannelAdapter$FirestoreListenHandler onClose
INFO: channel closed
Sep 03, 2026 8:59:45 PM io.gapi.emulators.netty.HttpVersionRoutingHandler channelRead
INFO: Detected non-HTTP/2 connection.
Sep 03, 2026 8:59:45 PM io.gapi.emulators.netty.HttpVersionRoutingHandler channelRead
INFO: Detected non-HTTP/2 connection.
Sep 03, 2026 8:59:45 PM io.gapi.emulators.netty.HttpVersionRoutingHandler channelRead
INFO: Detected non-HTTP/2 connection.
Sep 03, 2026 8:59:45 PM io.gapi.emulators.netty.HttpVersionRoutingHandler channelRead
INFO: Detected non-HTTP/2 connection.
Sep 03, 2026 8:59:45 PM com.google.cloud.datastore.emulator.firestore.webchannel.FirestoreV1WebChannelAdapter$FirestoreListenHandler onClose
INFO: channel closed
Sep 03, 2026 8:59:45 PM io.gapi.emulators.netty.HttpVersionRoutingHandler channelRead
INFO: Detected non-HTTP/2 connection.
Sep 03, 2026 8:59:45 PM io.gapi.emulators.netty.HttpVersionRoutingHandler channelRead
INFO: Detected non-HTTP/2 connection.
Sep 03, 2026 8:59:45 PM io.gapi.emulators.netty.HttpVersionRoutingHandler channelRead
INFO: Detected non-HTTP/2 connection.
Sep 03, 2026 8:59:45 PM com.google.cloud.datastore.emulator.firestore.webchannel.FirestoreV1WebChannelAdapter$FirestoreListenHandler onClose
INFO: channel closed
Sep 03, 2026 8:59:45 PM io.gapi.emulators.netty.HttpVersionRoutingHandler channelRead
INFO: Detected non-HTTP/2 connection.
Sep 03, 2026 8:59:45 PM io.gapi.emulators.netty.HttpVersionRoutingHandler channelRead
INFO: Detected non-HTTP/2 connection.
Sep 03, 2026 8:59:45 PM io.gapi.emulators.netty.HttpVersionRoutingHandler channelRead
INFO: Detected non-HTTP/2 connection.
Sep 03, 2026 8:59:45 PM io.gapi.emulators.netty.HttpVersionRoutingHandler channelRead
INFO: Detected non-HTTP/2 connection.
Sep 03, 2026 8:59:45 PM com.google.cloud.datastore.emulator.firestore.webchannel.FirestoreV1WebChannelAdapter$FirestoreListenHandler onClose
INFO: channel closed
Sep 03, 2026 8:59:45 PM io.gapi.emulators.netty.HttpVersionRoutingHandler channelRead
INFO: Detected non-HTTP/2 connection.
Sep 03, 2026 8:59:45 PM io.gapi.emulators.netty.HttpVersionRoutingHandler channelRead
INFO: Detected non-HTTP/2 connection.
Sep 03, 2026 8:59:45 PM io.gapi.emulators.netty.HttpVersionRoutingHandler channelRead
INFO: Detected non-HTTP/2 connection.
Sep 03, 2026 8:59:45 PM io.gapi.emulators.netty.HttpVersionRoutingHandler channelRead
INFO: Detected non-HTTP/2 connection.
Sep 03, 2026 8:59:45 PM com.google.cloud.datastore.emulator.firestore.webchannel.FirestoreV1WebChannelAdapter$FirestoreListenHandler onClose
INFO: channel closed
Sep 03, 2026 8:59:45 PM io.gapi.emulators.netty.HttpVersionRoutingHandler channelRead
INFO: Detected non-HTTP/2 connection.
Sep 03, 2026 8:59:45 PM io.gapi.emulators.netty.HttpVersionRoutingHandler channelRead
INFO: Detected non-HTTP/2 connection.
Sep 03, 2026 8:59:45 PM io.gapi.emulators.netty.HttpVersionRoutingHandler channelRead
INFO: Detected non-HTTP/2 connection.
Sep 03, 2026 8:59:45 PM io.gapi.emulators.netty.HttpVersionRoutingHandler channelRead
INFO: Detected non-HTTP/2 connection.
Sep 03, 2026 8:59:45 PM com.google.cloud.datastore.emulator.firestore.webchannel.FirestoreV1WebChannelAdapter$FirestoreListenHandler onClose
INFO: channel closed
Sep 03, 2026 8:59:45 PM io.gapi.emulators.netty.HttpVersionRoutingHandler channelRead
INFO: Detected non-HTTP/2 connection.
Sep 03, 2026 8:59:45 PM io.gapi.emulators.netty.HttpVersionRoutingHandler channelRead
INFO: Detected non-HTTP/2 connection.
Sep 03, 2026 8:59:45 PM io.gapi.emulators.netty.HttpVersionRoutingHandler channelRead
INFO: Detected non-HTTP/2 connection.
Sep 03, 2026 8:59:45 PM io.gapi.emulators.netty.HttpVersionRoutingHandler channelRead
INFO: Detected non-HTTP/2 connection.
Sep 03, 2026 8:59:45 PM com.google.cloud.datastore.emulator.firestore.webchannel.FirestoreV1WebChannelAdapter$FirestoreListenHandler onClose
INFO: channel closed
Sep 03, 2026 8:59:45 PM io.gapi.emulators.netty.HttpVersionRoutingHandler channelRead
INFO: Detected non-HTTP/2 connection.
Sep 03, 2026 8:59:45 PM io.gapi.emulators.netty.HttpVersionRoutingHandler channelRead
INFO: Detected non-HTTP/2 connection.
Sep 03, 2026 8:59:45 PM io.gapi.emulators.netty.HttpVersionRoutingHandler channelRead
INFO: Detected non-HTTP/2 connection.
Sep 03, 2026 8:59:45 PM io.gapi.emulators.netty.HttpVersionRoutingHandler channelRead
INFO: Detected non-HTTP/2 connection.
Sep 03, 2026 8:59:45 PM com.google.cloud.datastore.emulator.firestore.webchannel.FirestoreV1WebChannelAdapter$FirestoreListenHandler onClose
INFO: channel closed
Sep 03, 2026 8:59:45 PM io.gapi.emulators.netty.HttpVersionRoutingHandler channelRead
INFO: Detected non-HTTP/2 connection.
Sep 03, 2026 8:59:45 PM io.gapi.emulators.netty.HttpVersionRoutingHandler channelRead
INFO: Detected non-HTTP/2 connection.
Sep 03, 2026 8:59:45 PM io.gapi.emulators.netty.HttpVersionRoutingHandler channelRead
INFO: Detected non-HTTP/2 connection.
Sep 03, 2026 8:59:45 PM com.google.cloud.datastore.emulator.firestore.webchannel.FirestoreV1WebChannelAdapter$FirestoreListenHandler onClose
INFO: channel closed
Sep 03, 2026 8:59:45 PM io.gapi.emulators.netty.HttpVersionRoutingHandler channelRead
INFO: Detected non-HTTP/2 connection.
Sep 03, 2026 8:59:45 PM io.gapi.emulators.netty.HttpVersionRoutingHandler channelRead
INFO: Detected non-HTTP/2 connection.
Sep 03, 2026 8:59:45 PM io.gapi.emulators.netty.HttpVersionRoutingHandler channelRead
INFO: Detected non-HTTP/2 connection.
Sep 03, 2026 8:59:45 PM io.gapi.emulators.netty.HttpVersionRoutingHandler channelRead
INFO: Detected non-HTTP/2 connection.
Sep 03, 2026 8:59:45 PM com.google.cloud.datastore.emulator.firestore.webchannel.FirestoreV1WebChannelAdapter$FirestoreListenHandler onClose
INFO: channel closed
Sep 03, 2026 8:59:45 PM io.gapi.emulators.netty.HttpVersionRoutingHandler channelRead
INFO: Detected non-HTTP/2 connection.
Sep 03, 2026 8:59:45 PM io.gapi.emulators.netty.HttpVersionRoutingHandler channelRead
INFO: Detected non-HTTP/2 connection.
Sep 03, 2026 8:59:45 PM io.gapi.emulators.netty.HttpVersionRoutingHandler channelRead
INFO: Detected non-HTTP/2 connection.
Sep 03, 2026 8:59:45 PM com.google.cloud.datastore.emulator.firestore.webchannel.FirestoreV1WebChannelAdapter$FirestoreListenHandler onClose
INFO: channel closed
Sep 03, 2026 8:59:45 PM io.gapi.emulators.netty.HttpVersionRoutingHandler channelRead
INFO: Detected non-HTTP/2 connection.
Sep 03, 2026 8:59:45 PM io.gapi.emulators.netty.HttpVersionRoutingHandler channelRead
INFO: Detected non-HTTP/2 connection.
Sep 03, 2026 8:59:45 PM io.gapi.emulators.netty.HttpVersionRoutingHandler channelRead
INFO: Detected non-HTTP/2 connection.
Sep 03, 2026 8:59:45 PM com.google.cloud.datastore.emulator.firestore.webchannel.FirestoreV1WebChannelAdapter$FirestoreListenHandler onClose
INFO: channel closed
Sep 03, 2026 8:59:45 PM io.gapi.emulators.netty.HttpVersionRoutingHandler channelRead
INFO: Detected non-HTTP/2 connection.
Sep 03, 2026 8:59:45 PM io.gapi.emulators.netty.HttpVersionRoutingHandler channelRead
INFO: Detected non-HTTP/2 connection.
Sep 03, 2026 8:59:45 PM io.gapi.emulators.netty.HttpVersionRoutingHandler channelRead
INFO: Detected non-HTTP/2 connection.
Sep 03, 2026 8:59:45 PM com.google.cloud.datastore.emulator.firestore.webchannel.FirestoreV1WebChannelAdapter$FirestoreListenHandler onClose
INFO: channel closed
Sep 03, 2026 8:59:45 PM com.google.cloud.datastore.emulator.impl.util.WrappedStreamObserver onError
WARNING: Operation failed: 
Null value error. for 'list' @ L28, Null value error. for 'list' @ L28
com.google.cloud.datastore.core.exception.DatastoreException: 
Null value error. for 'list' @ L28, Null value error. for 'list' @ L28
	at com.google.cloud.datastore.core.exception.DatastoreException$Builder.build(DatastoreException.java:152)
	at com.google.cloud.datastore.emulator.impl.rules.DefaultEmulatorRulesAuthorizer.verboseError(DefaultEmulatorRulesAuthorizer.java:349)
	at com.google.cloud.datastore.emulator.impl.rules.DefaultEmulatorRulesAuthorizer.withVerboseErrors(DefaultEmulatorRulesAuthorizer.java:326)
	at com.google.cloud.datastore.emulator.impl.rules.DefaultEmulatorRulesAuthorizer.checkQuery(DefaultEmulatorRulesAuthorizer.java:193)
	at com.google.cloud.datastore.emulator.impl.firestore.FirestoreEmulatorHelper.ruleAuthorizeAndReadEntities(FirestoreEmulatorHelper.java:811)
	at com.google.cloud.datastore.emulator.impl.firestore.FirestoreEmulatorHelper.snapshotAggregationQuery(FirestoreEmulatorHelper.java:723)
	at com.google.cloud.datastore.emulator.impl.firestore.FirestoreEmulatorHelper.lambda$aggregationQuery$0(FirestoreEmulatorHelper.java:705)
	at com.google.cloud.datastore.emulator.impl.transactions.EmulatorTransactionManager$ReadOnlyTransaction.fold(EmulatorTransactionManager.java:432)
	at com.google.cloud.datastore.emulator.impl.firestore.FirestoreEmulatorHelper.aggregationQuery(FirestoreEmulatorHelper.java:704)
	at com.google.cloud.datastore.emulator.impl.firestore.CloudFirestoreV1.runAggregationQueryStandardEdition(CloudFirestoreV1.java:776)
	at com.google.cloud.datastore.emulator.impl.firestore.CloudFirestoreV1.runAggregationQuery(CloudFirestoreV1.java:751)
	at com.google.cloud.datastore.emulator.impl.firestore.CloudFirestoreV1Router.runAggregationQuery(CloudFirestoreV1Router.java:197)
	at com.google.cloud.datastore.emulator.firestore.v1.FirestoreV1GrpcAdapter$1.lambda$runAggregationQuery$0(FirestoreV1GrpcAdapter.java:185)
	at com.google.cloud.datastore.emulator.firestore.v1.FirestoreV1GrpcAdapter.streaming(FirestoreV1GrpcAdapter.java:82)
	at com.google.cloud.datastore.emulator.firestore.v1.FirestoreV1GrpcAdapter$1.runAggregationQuery(FirestoreV1GrpcAdapter.java:185)
	at com.google.firestore.v1.FirestoreGrpc$MethodHandlers.invoke(FirestoreGrpc.java:1420)
	at io.grpc.stub.ServerCalls$UnaryServerCallHandler$UnaryServerCallListener.onHalfClose(ServerCalls.java:182)
	at io.grpc.PartialForwardingServerCallListener.onHalfClose(PartialForwardingServerCallListener.java:35)
	at io.grpc.ForwardingServerCallListener.onHalfClose(ForwardingServerCallListener.java:23)
	at io.grpc.ForwardingServerCallListener$SimpleForwardingServerCallListener.onHalfClose(ForwardingServerCallListener.java:40)
	at io.grpc.Contexts$ContextualizedServerCallListener.onHalfClose(Contexts.java:86)
	at io.grpc.PartialForwardingServerCallListener.onHalfClose(PartialForwardingServerCallListener.java:35)
	at io.grpc.ForwardingServerCallListener.onHalfClose(ForwardingServerCallListener.java:23)
	at io.grpc.ForwardingServerCallListener$SimpleForwardingServerCallListener.onHalfClose(ForwardingServerCallListener.java:40)
	at io.grpc.Contexts$ContextualizedServerCallListener.onHalfClose(Contexts.java:86)
	at io.grpc.internal.ServerCallImpl$ServerStreamListenerImpl.halfClosed(ServerCallImpl.java:356)
	at io.grpc.internal.ServerImpl$JumpToApplicationThreadServerStreamListener$1HalfClosed.runInContext(ServerImpl.java:861)
	at io.grpc.internal.ContextRunnable.run(ContextRunnable.java:37)
	at io.grpc.internal.SerializingExecutor.run(SerializingExecutor.java:133)
	at java.base/java.util.concurrent.ThreadPoolExecutor.runWorker(ThreadPoolExecutor.java:1090)
	at java.base/java.util.concurrent.ThreadPoolExecutor$Worker.run(ThreadPoolExecutor.java:614)
	at java.base/java.lang.Thread.run(Thread.java:1516)
Caused by: com.google.firebase.rules.runtime.common.EvaluationException: Error: /var/folders/17/97zrc8dn5kj9m8sn51kc0h3w0000gn/T/fireside-query-rules-mmhX4C/firestore.rules line [28], column [100]. Null value error.
	at com.google.firebase.rules.runtime.impl.DefaultEvaluator$TransformEvaluationException.apply(DefaultEvaluator.java:275)
	at com.google.firebase.rules.runtime.impl.DefaultEvaluator$TransformEvaluationException.apply(DefaultEvaluator.java:261)
	at com.google.common.util.concurrent.AbstractCatchingFuture$AsyncCatchingFuture.doFallback(AbstractCatchingFuture.java:207)
	at com.google.common.util.concurrent.AbstractCatchingFuture$AsyncCatchingFuture.doFallback(AbstractCatchingFuture.java:194)
	at com.google.common.util.concurrent.AbstractCatchingFuture.run(AbstractCatchingFuture.java:136)
	at com.google.common.util.concurrent.DirectExecutor.execute(DirectExecutor.java:30)
	at com.google.common.util.concurrent.AbstractFuture.executeListener(AbstractFuture.java:1024)
	at com.google.common.util.concurrent.AbstractFuture.addListener(AbstractFuture.java:486)
	at com.google.common.util.concurrent.FluentFuture$TrustedFuture.addListener(FluentFuture.java:122)
	at com.google.common.util.concurrent.AbstractCatchingFuture.createAsync(AbstractCatchingFuture.java:58)
	at com.google.common.util.concurrent.Futures.catchingAsync(Futures.java:409)
	at com.google.firebase.rules.runtime.impl.DefaultEvaluator.evaluate(DefaultEvaluator.java:177)
	at com.google.cloud.datastore.emulator.impl.rules.EmulatorRuleClient$EmulatorRuleEvaluator.evaluate(EmulatorRuleClient.java:88)
	at com.google.cloud.datastore.core.auth.rules.AsyncTwoPhaseRulesAuthorizer.lambda$fullEvaluate$0(AsyncTwoPhaseRulesAuthorizer.java:1001)
	at com.google.cloud.datastore.computation.Computation.tryCatch(Computation.java:469)
	at com.google.cloud.datastore.core.auth.rules.AsyncTwoPhaseRulesAuthorizer.fullEvaluate(AsyncTwoPhaseRulesAuthorizer.java:1000)
	at com.google.cloud.datastore.core.auth.rules.AsyncTwoPhaseRulesAuthorizer.checkResource(AsyncTwoPhaseRulesAuthorizer.java:711)
	at com.google.cloud.datastore.core.auth.rules.AsyncTwoPhaseRulesAuthorizer.lambda$checkResources$0(AsyncTwoPhaseRulesAuthorizer.java:691)
	at com.google.cloud.datastore.computation.Computation.lambda$forEach$0(Computation.java:128)
	at com.google.cloud.datastore.computation.Computation.doWhile(Computation.java:212)
	at com.google.cloud.datastore.computation.Computation.lambda$whileTrue$2(Computation.java:151)
	at com.google.cloud.datastore.computation.Remainder$Completed.thenCompose(Remainder.java:726)
	at com.google.cloud.datastore.computation.Remainder.thenCompose(Remainder.java:452)
	at com.google.cloud.datastore.computation.Computation.whileTrue(Computation.java:151)
	at com.google.cloud.datastore.computation.Computation.whileTrue(Computation.java:133)
	at com.google.cloud.datastore.computation.Computation.forEach(Computation.java:128)
	at com.google.cloud.datastore.computation.Computation.forEach(Computation.java:123)
	at com.google.cloud.datastore.core.auth.rules.AsyncTwoPhaseRulesAuthorizer.checkResources(AsyncTwoPhaseRulesAuthorizer.java:689)
	at com.google.cloud.datastore.core.auth.rules.AsyncTwoPhaseRulesAuthorizer.handlePhaseOneInfo(AsyncTwoPhaseRulesAuthorizer.java:191)
	at com.google.cloud.datastore.core.auth.rules.AsyncTwoPhaseRulesAuthorizer.lambda$checkQueryRequest$0(AsyncTwoPhaseRulesAuthorizer.java:148)
	at com.google.cloud.datastore.computation.Remainder$Completed.thenCompose(Remainder.java:726)
	at com.google.cloud.datastore.computation.Remainder.thenCompose(Remainder.java:452)
	at com.google.cloud.datastore.core.auth.rules.AsyncTwoPhaseRulesAuthorizer.checkQueryRequest(AsyncTwoPhaseRulesAuthorizer.java:143)
	at com.google.cloud.datastore.emulator.impl.rules.DefaultEmulatorRulesAuthorizer.lambda$checkQuery$1(DefaultEmulatorRulesAuthorizer.java:198)
	at com.google.cloud.datastore.computation.Computation.run(Computation.java:81)
	at com.google.cloud.datastore.computation.Computation$Terminated.toFuture(Computation.java:947)
	at com.google.cloud.datastore.computation.Computation.toFuture(Computation.java:92)
	at com.google.cloud.datastore.emulator.impl.rules.DefaultEmulatorRulesAuthorizer.finish(DefaultEmulatorRulesAuthorizer.java:308)
	at com.google.cloud.datastore.emulator.impl.rules.DefaultEmulatorRulesAuthorizer.lambda$checkQuery$0(DefaultEmulatorRulesAuthorizer.java:195)
	at com.google.cloud.datastore.emulator.impl.rules.DefaultEmulatorRulesAuthorizer.withVerboseErrors(DefaultEmulatorRulesAuthorizer.java:321)
	... 29 more

Sep 03, 2026 8:59:45 PM io.gapi.emulators.netty.HttpHandler$1 onError
INFO: Exception when handling request: PERMISSION_DENIED: 
Null value error. for 'list' @ L28, Null value error. for 'list' @ L28
Sep 03, 2026 8:59:45 PM io.gapi.emulators.netty.HttpVersionRoutingHandler channelRead
INFO: Detected non-HTTP/2 connection.
Sep 03, 2026 8:59:45 PM io.gapi.emulators.netty.HttpVersionRoutingHandler channelRead
INFO: Detected non-HTTP/2 connection.
Sep 03, 2026 8:59:45 PM io.gapi.emulators.netty.HttpVersionRoutingHandler channelRead
INFO: Detected non-HTTP/2 connection.
Sep 03, 2026 8:59:45 PM io.gapi.emulators.netty.HttpVersionRoutingHandler channelRead
INFO: Detected non-HTTP/2 connection.
Sep 03, 2026 8:59:45 PM io.gapi.emulators.netty.HttpVersionRoutingHandler channelRead
INFO: Detected non-HTTP/2 connection.
Sep 03, 2026 8:59:45 PM io.gapi.emulators.netty.HttpVersionRoutingHandler channelRead
INFO: Detected non-HTTP/2 connection.
Sep 03, 2026 8:59:45 PM io.gapi.emulators.netty.HttpVersionRoutingHandler channelRead
INFO: Detected non-HTTP/2 connection.
Sep 03, 2026 8:59:45 PM io.gapi.emulators.netty.HttpVersionRoutingHandler channelRead
INFO: Detected non-HTTP/2 connection.
Sep 03, 2026 8:59:45 PM io.gapi.emulators.netty.HttpVersionRoutingHandler channelRead
INFO: Detected non-HTTP/2 connection.
Sep 03, 2026 8:59:45 PM com.google.cloud.datastore.emulator.firestore.webchannel.FirestoreV1WebChannelAdapter$FirestoreListenHandler onClose
INFO: channel closed
capture proxy listening on 127.0.0.1:61139; fixture endpoint /__fireside_capture/fixture
capture proxy listening on 127.0.0.1:61175; fixture endpoint /__fireside_capture/fixture
Sep 03, 2026 8:59:45 PM io.gapi.emulators.netty.HttpVersionRoutingHandler channelRead
INFO: Detected non-HTTP/2 connection.
Sep 03, 2026 8:59:45 PM io.gapi.emulators.netty.HttpVersionRoutingHandler channelRead
INFO: Detected non-HTTP/2 connection.
Sep 03, 2026 8:59:45 PM io.gapi.emulators.netty.HttpVersionRoutingHandler channelRead
INFO: Detected non-HTTP/2 connection.
Sep 03, 2026 8:59:45 PM io.gapi.emulators.netty.HttpVersionRoutingHandler channelRead
INFO: Detected non-HTTP/2 connection.
Sep 03, 2026 8:59:45 PM com.google.cloud.datastore.emulator.firestore.webchannel.FirestoreV1WebChannelAdapter$FirestoreListenHandler onClose
INFO: channel closed
Sep 03, 2026 8:59:45 PM io.gapi.emulators.netty.HttpVersionRoutingHandler channelRead
INFO: Detected non-HTTP/2 connection.
Sep 03, 2026 8:59:45 PM io.gapi.emulators.netty.HttpVersionRoutingHandler channelRead
INFO: Detected non-HTTP/2 connection.
Sep 03, 2026 8:59:45 PM io.gapi.emulators.netty.HttpVersionRoutingHandler channelRead
INFO: Detected non-HTTP/2 connection.
Sep 03, 2026 8:59:45 PM io.gapi.emulators.netty.HttpVersionRoutingHandler channelRead
INFO: Detected non-HTTP/2 connection.
Sep 03, 2026 8:59:45 PM com.google.cloud.datastore.emulator.firestore.webchannel.FirestoreV1WebChannelAdapter$FirestoreListenHandler onClose
INFO: channel closed
Sep 03, 2026 8:59:46 PM com.google.cloud.datastore.emulator.impl.util.WrappedStreamObserver onError
WARNING: Operation failed: 
Property createdBy is undefined on object. for 'list' @ L8
com.google.cloud.datastore.core.exception.DatastoreException: 
Property createdBy is undefined on object. for 'list' @ L8
	at com.google.cloud.datastore.core.exception.DatastoreException$Builder.build(DatastoreException.java:152)
	at com.google.cloud.datastore.emulator.impl.rules.DefaultEmulatorRulesAuthorizer.verboseError(DefaultEmulatorRulesAuthorizer.java:349)
	at com.google.cloud.datastore.emulator.impl.rules.DefaultEmulatorRulesAuthorizer.withVerboseErrors(DefaultEmulatorRulesAuthorizer.java:326)
	at com.google.cloud.datastore.emulator.impl.rules.DefaultEmulatorRulesAuthorizer.checkQuery(DefaultEmulatorRulesAuthorizer.java:193)
	at com.google.cloud.datastore.emulator.impl.firestore.FirestoreEmulatorHelper.ruleAuthorizeAndReadEntities(FirestoreEmulatorHelper.java:811)
	at com.google.cloud.datastore.emulator.impl.firestore.FirestoreEmulatorHelper.snapshotAggregationQuery(FirestoreEmulatorHelper.java:723)
	at com.google.cloud.datastore.emulator.impl.firestore.FirestoreEmulatorHelper.lambda$aggregationQuery$0(FirestoreEmulatorHelper.java:705)
	at com.google.cloud.datastore.emulator.impl.transactions.EmulatorTransactionManager$ReadOnlyTransaction.fold(EmulatorTransactionManager.java:432)
	at com.google.cloud.datastore.emulator.impl.firestore.FirestoreEmulatorHelper.aggregationQuery(FirestoreEmulatorHelper.java:704)
	at com.google.cloud.datastore.emulator.impl.firestore.CloudFirestoreV1.runAggregationQueryStandardEdition(CloudFirestoreV1.java:776)
	at com.google.cloud.datastore.emulator.impl.firestore.CloudFirestoreV1.runAggregationQuery(CloudFirestoreV1.java:751)
	at com.google.cloud.datastore.emulator.impl.firestore.CloudFirestoreV1Router.runAggregationQuery(CloudFirestoreV1Router.java:197)
	at com.google.cloud.datastore.emulator.firestore.v1.FirestoreV1GrpcAdapter$1.lambda$runAggregationQuery$0(FirestoreV1GrpcAdapter.java:185)
	at com.google.cloud.datastore.emulator.firestore.v1.FirestoreV1GrpcAdapter.streaming(FirestoreV1GrpcAdapter.java:82)
	at com.google.cloud.datastore.emulator.firestore.v1.FirestoreV1GrpcAdapter$1.runAggregationQuery(FirestoreV1GrpcAdapter.java:185)
	at com.google.firestore.v1.FirestoreGrpc$MethodHandlers.invoke(FirestoreGrpc.java:1420)
	at io.grpc.stub.ServerCalls$UnaryServerCallHandler$UnaryServerCallListener.onHalfClose(ServerCalls.java:182)
	at io.grpc.PartialForwardingServerCallListener.onHalfClose(PartialForwardingServerCallListener.java:35)
	at io.grpc.ForwardingServerCallListener.onHalfClose(ForwardingServerCallListener.java:23)
	at io.grpc.ForwardingServerCallListener$SimpleForwardingServerCallListener.onHalfClose(ForwardingServerCallListener.java:40)
	at io.grpc.Contexts$ContextualizedServerCallListener.onHalfClose(Contexts.java:86)
	at io.grpc.PartialForwardingServerCallListener.onHalfClose(PartialForwardingServerCallListener.java:35)
	at io.grpc.ForwardingServerCallListener.onHalfClose(ForwardingServerCallListener.java:23)
	at io.grpc.ForwardingServerCallListener$SimpleForwardingServerCallListener.onHalfClose(ForwardingServerCallListener.java:40)
	at io.grpc.Contexts$ContextualizedServerCallListener.onHalfClose(Contexts.java:86)
	at io.grpc.internal.ServerCallImpl$ServerStreamListenerImpl.halfClosed(ServerCallImpl.java:356)
	at io.grpc.internal.ServerImpl$JumpToApplicationThreadServerStreamListener$1HalfClosed.runInContext(ServerImpl.java:861)
	at io.grpc.internal.ContextRunnable.run(ContextRunnable.java:37)
	at io.grpc.internal.SerializingExecutor.run(SerializingExecutor.java:133)
	at java.base/java.util.concurrent.ThreadPoolExecutor.runWorker(ThreadPoolExecutor.java:1090)
	at java.base/java.util.concurrent.ThreadPoolExecutor$Worker.run(ThreadPoolExecutor.java:614)
	at java.base/java.lang.Thread.run(Thread.java:1516)

Sep 03, 2026 8:59:46 PM io.gapi.emulators.netty.HttpHandler$1 onError
INFO: Exception when handling request: PERMISSION_DENIED: 
Property createdBy is undefined on object. for 'list' @ L8
Sep 03, 2026 8:59:46 PM io.gapi.emulators.netty.HttpVersionRoutingHandler channelRead
INFO: Detected non-HTTP/2 connection.
Sep 03, 2026 8:59:46 PM io.gapi.emulators.netty.HttpVersionRoutingHandler channelRead
INFO: Detected non-HTTP/2 connection.
Sep 03, 2026 8:59:46 PM io.gapi.emulators.netty.HttpVersionRoutingHandler channelRead
INFO: Detected non-HTTP/2 connection.
Sep 03, 2026 8:59:46 PM com.google.cloud.datastore.emulator.firestore.webchannel.FirestoreV1WebChannelAdapter$FirestoreListenHandler onClose
INFO: channel closed
Sep 03, 2026 8:59:46 PM com.google.cloud.datastore.emulator.impl.util.WrappedStreamObserver onError
WARNING: Operation failed: 
Property createdBy is undefined on object. for 'list' @ L9
com.google.cloud.datastore.core.exception.DatastoreException: 
Property createdBy is undefined on object. for 'list' @ L9
	at com.google.cloud.datastore.core.exception.DatastoreException$Builder.build(DatastoreException.java:152)
	at com.google.cloud.datastore.emulator.impl.rules.DefaultEmulatorRulesAuthorizer.verboseError(DefaultEmulatorRulesAuthorizer.java:349)
	at com.google.cloud.datastore.emulator.impl.rules.DefaultEmulatorRulesAuthorizer.withVerboseErrors(DefaultEmulatorRulesAuthorizer.java:326)
	at com.google.cloud.datastore.emulator.impl.rules.DefaultEmulatorRulesAuthorizer.checkQuery(DefaultEmulatorRulesAuthorizer.java:193)
	at com.google.cloud.datastore.emulator.impl.firestore.FirestoreEmulatorHelper.ruleAuthorizeAndReadEntities(FirestoreEmulatorHelper.java:811)
	at com.google.cloud.datastore.emulator.impl.firestore.FirestoreEmulatorHelper.snapshotAggregationQuery(FirestoreEmulatorHelper.java:723)
	at com.google.cloud.datastore.emulator.impl.firestore.FirestoreEmulatorHelper.lambda$aggregationQuery$0(FirestoreEmulatorHelper.java:705)
	at com.google.cloud.datastore.emulator.impl.transactions.EmulatorTransactionManager$ReadOnlyTransaction.fold(EmulatorTransactionManager.java:432)
	at com.google.cloud.datastore.emulator.impl.firestore.FirestoreEmulatorHelper.aggregationQuery(FirestoreEmulatorHelper.java:704)
	at com.google.cloud.datastore.emulator.impl.firestore.CloudFirestoreV1.runAggregationQueryStandardEdition(CloudFirestoreV1.java:776)
	at com.google.cloud.datastore.emulator.impl.firestore.CloudFirestoreV1.runAggregationQuery(CloudFirestoreV1.java:751)
	at com.google.cloud.datastore.emulator.impl.firestore.CloudFirestoreV1Router.runAggregationQuery(CloudFirestoreV1Router.java:197)
	at com.google.cloud.datastore.emulator.firestore.v1.FirestoreV1GrpcAdapter$1.lambda$runAggregationQuery$0(FirestoreV1GrpcAdapter.java:185)
	at com.google.cloud.datastore.emulator.firestore.v1.FirestoreV1GrpcAdapter.streaming(FirestoreV1GrpcAdapter.java:82)
	at com.google.cloud.datastore.emulator.firestore.v1.FirestoreV1GrpcAdapter$1.runAggregationQuery(FirestoreV1GrpcAdapter.java:185)
	at com.google.firestore.v1.FirestoreGrpc$MethodHandlers.invoke(FirestoreGrpc.java:1420)
	at io.grpc.stub.ServerCalls$UnaryServerCallHandler$UnaryServerCallListener.onHalfClose(ServerCalls.java:182)
	at io.grpc.PartialForwardingServerCallListener.onHalfClose(PartialForwardingServerCallListener.java:35)
	at io.grpc.ForwardingServerCallListener.onHalfClose(ForwardingServerCallListener.java:23)
	at io.grpc.ForwardingServerCallListener$SimpleForwardingServerCallListener.onHalfClose(ForwardingServerCallListener.java:40)
	at io.grpc.Contexts$ContextualizedServerCallListener.onHalfClose(Contexts.java:86)
	at io.grpc.PartialForwardingServerCallListener.onHalfClose(PartialForwardingServerCallListener.java:35)
	at io.grpc.ForwardingServerCallListener.onHalfClose(ForwardingServerCallListener.java:23)
	at io.grpc.ForwardingServerCallListener$SimpleForwardingServerCallListener.onHalfClose(ForwardingServerCallListener.java:40)
	at io.grpc.Contexts$ContextualizedServerCallListener.onHalfClose(Contexts.java:86)
	at io.grpc.internal.ServerCallImpl$ServerStreamListenerImpl.halfClosed(ServerCallImpl.java:356)
	at io.grpc.internal.ServerImpl$JumpToApplicationThreadServerStreamListener$1HalfClosed.runInContext(ServerImpl.java:861)
	at io.grpc.internal.ContextRunnable.run(ContextRunnable.java:37)
	at io.grpc.internal.SerializingExecutor.run(SerializingExecutor.java:133)
	at java.base/java.util.concurrent.ThreadPoolExecutor.runWorker(ThreadPoolExecutor.java:1090)
	at java.base/java.util.concurrent.ThreadPoolExecutor$Worker.run(ThreadPoolExecutor.java:614)
	at java.base/java.lang.Thread.run(Thread.java:1516)

Sep 03, 2026 8:59:46 PM io.gapi.emulators.netty.HttpHandler$1 onError
INFO: Exception when handling request: PERMISSION_DENIED: 
Property createdBy is undefined on object. for 'list' @ L9
Sep 03, 2026 8:59:46 PM io.gapi.emulators.netty.HttpVersionRoutingHandler channelRead
INFO: Detected non-HTTP/2 connection.
Sep 03, 2026 8:59:46 PM io.gapi.emulators.netty.HttpVersionRoutingHandler channelRead
INFO: Detected non-HTTP/2 connection.
Sep 03, 2026 8:59:46 PM io.gapi.emulators.netty.HttpVersionRoutingHandler channelRead
INFO: Detected non-HTTP/2 connection.
Sep 03, 2026 8:59:46 PM com.google.cloud.datastore.emulator.firestore.webchannel.FirestoreV1WebChannelAdapter$FirestoreListenHandler onClose
INFO: channel closed
Sep 03, 2026 8:59:46 PM io.gapi.emulators.netty.HttpVersionRoutingHandler channelRead
INFO: Detected non-HTTP/2 connection.
Sep 03, 2026 8:59:46 PM io.gapi.emulators.netty.HttpVersionRoutingHandler channelRead
INFO: Detected non-HTTP/2 connection.
Sep 03, 2026 8:59:46 PM io.gapi.emulators.netty.HttpVersionRoutingHandler channelRead
INFO: Detected non-HTTP/2 connection.
Sep 03, 2026 8:59:46 PM io.gapi.emulators.netty.HttpVersionRoutingHandler channelRead
INFO: Detected non-HTTP/2 connection.
Sep 03, 2026 8:59:46 PM com.google.cloud.datastore.emulator.firestore.webchannel.FirestoreV1WebChannelAdapter$FirestoreListenHandler onClose
INFO: channel closed
Sep 03, 2026 8:59:46 PM io.gapi.emulators.netty.HttpVersionRoutingHandler channelRead
INFO: Detected non-HTTP/2 connection.
Sep 03, 2026 8:59:46 PM io.gapi.emulators.netty.HttpVersionRoutingHandler channelRead
INFO: Detected non-HTTP/2 connection.
Sep 03, 2026 8:59:46 PM io.gapi.emulators.netty.HttpVersionRoutingHandler channelRead
INFO: Detected non-HTTP/2 connection.
Sep 03, 2026 8:59:46 PM com.google.cloud.datastore.emulator.firestore.webchannel.FirestoreV1WebChannelAdapter$FirestoreListenHandler onClose
INFO: channel closed
Sep 03, 2026 8:59:46 PM io.gapi.emulators.netty.HttpVersionRoutingHandler channelRead
INFO: Detected non-HTTP/2 connection.
Sep 03, 2026 8:59:46 PM io.gapi.emulators.netty.HttpVersionRoutingHandler channelRead
INFO: Detected non-HTTP/2 connection.
Sep 03, 2026 8:59:46 PM io.gapi.emulators.netty.HttpVersionRoutingHandler channelRead
INFO: Detected non-HTTP/2 connection.
Sep 03, 2026 8:59:46 PM com.google.cloud.datastore.emulator.firestore.webchannel.FirestoreV1WebChannelAdapter$FirestoreListenHandler onClose
INFO: channel closed
Sep 03, 2026 8:59:46 PM com.google.cloud.datastore.emulator.impl.util.WrappedStreamObserver onError
WARNING: Operation failed: 
Null value error. for 'list' @ L28, Null value error. for 'list' @ L28
com.google.cloud.datastore.core.exception.DatastoreException: 
Null value error. for 'list' @ L28, Null value error. for 'list' @ L28
	at com.google.cloud.datastore.core.exception.DatastoreException$Builder.build(DatastoreException.java:152)
	at com.google.cloud.datastore.emulator.impl.rules.DefaultEmulatorRulesAuthorizer.verboseError(DefaultEmulatorRulesAuthorizer.java:349)
	at com.google.cloud.datastore.emulator.impl.rules.DefaultEmulatorRulesAuthorizer.withVerboseErrors(DefaultEmulatorRulesAuthorizer.java:326)
	at com.google.cloud.datastore.emulator.impl.rules.DefaultEmulatorRulesAuthorizer.checkQuery(DefaultEmulatorRulesAuthorizer.java:193)
	at com.google.cloud.datastore.emulator.impl.firestore.FirestoreEmulatorHelper.ruleAuthorizeAndReadEntities(FirestoreEmulatorHelper.java:811)
	at com.google.cloud.datastore.emulator.impl.firestore.FirestoreEmulatorHelper.snapshotAggregationQuery(FirestoreEmulatorHelper.java:723)
	at com.google.cloud.datastore.emulator.impl.firestore.FirestoreEmulatorHelper.lambda$aggregationQuery$0(FirestoreEmulatorHelper.java:705)
	at com.google.cloud.datastore.emulator.impl.transactions.EmulatorTransactionManager$ReadOnlyTransaction.fold(EmulatorTransactionManager.java:432)
	at com.google.cloud.datastore.emulator.impl.firestore.FirestoreEmulatorHelper.aggregationQuery(FirestoreEmulatorHelper.java:704)
	at com.google.cloud.datastore.emulator.impl.firestore.CloudFirestoreV1.runAggregationQueryStandardEdition(CloudFirestoreV1.java:776)
	at com.google.cloud.datastore.emulator.impl.firestore.CloudFirestoreV1.runAggregationQuery(CloudFirestoreV1.java:751)
	at com.google.cloud.datastore.emulator.impl.firestore.CloudFirestoreV1Router.runAggregationQuery(CloudFirestoreV1Router.java:197)
	at com.google.cloud.datastore.emulator.firestore.v1.FirestoreV1GrpcAdapter$1.lambda$runAggregationQuery$0(FirestoreV1GrpcAdapter.java:185)
	at com.google.cloud.datastore.emulator.firestore.v1.FirestoreV1GrpcAdapter.streaming(FirestoreV1GrpcAdapter.java:82)
	at com.google.cloud.datastore.emulator.firestore.v1.FirestoreV1GrpcAdapter$1.runAggregationQuery(FirestoreV1GrpcAdapter.java:185)
	at com.google.firestore.v1.FirestoreGrpc$MethodHandlers.invoke(FirestoreGrpc.java:1420)
	at io.grpc.stub.ServerCalls$UnaryServerCallHandler$UnaryServerCallListener.onHalfClose(ServerCalls.java:182)
	at io.grpc.PartialForwardingServerCallListener.onHalfClose(PartialForwardingServerCallListener.java:35)
	at io.grpc.ForwardingServerCallListener.onHalfClose(ForwardingServerCallListener.java:23)
	at io.grpc.ForwardingServerCallListener$SimpleForwardingServerCallListener.onHalfClose(ForwardingServerCallListener.java:40)
	at io.grpc.Contexts$ContextualizedServerCallListener.onHalfClose(Contexts.java:86)
	at io.grpc.PartialForwardingServerCallListener.onHalfClose(PartialForwardingServerCallListener.java:35)
	at io.grpc.ForwardingServerCallListener.onHalfClose(ForwardingServerCallListener.java:23)
	at io.grpc.ForwardingServerCallListener$SimpleForwardingServerCallListener.onHalfClose(ForwardingServerCallListener.java:40)
	at io.grpc.Contexts$ContextualizedServerCallListener.onHalfClose(Contexts.java:86)
	at io.grpc.internal.ServerCallImpl$ServerStreamListenerImpl.halfClosed(ServerCallImpl.java:356)
	at io.grpc.internal.ServerImpl$JumpToApplicationThreadServerStreamListener$1HalfClosed.runInContext(ServerImpl.java:861)
	at io.grpc.internal.ContextRunnable.run(ContextRunnable.java:37)
	at io.grpc.internal.SerializingExecutor.run(SerializingExecutor.java:133)
	at java.base/java.util.concurrent.ThreadPoolExecutor.runWorker(ThreadPoolExecutor.java:1090)
	at java.base/java.util.concurrent.ThreadPoolExecutor$Worker.run(ThreadPoolExecutor.java:614)
	at java.base/java.lang.Thread.run(Thread.java:1516)
Caused by: com.google.firebase.rules.runtime.common.EvaluationException: Error: /var/folders/17/97zrc8dn5kj9m8sn51kc0h3w0000gn/T/fireside-query-rules-mmhX4C/firestore.rules line [28], column [100]. Null value error.
	at com.google.firebase.rules.runtime.impl.DefaultEvaluator$TransformEvaluationException.apply(DefaultEvaluator.java:275)
	at com.google.firebase.rules.runtime.impl.DefaultEvaluator$TransformEvaluationException.apply(DefaultEvaluator.java:261)
	at com.google.common.util.concurrent.AbstractCatchingFuture$AsyncCatchingFuture.doFallback(AbstractCatchingFuture.java:207)
	at com.google.common.util.concurrent.AbstractCatchingFuture$AsyncCatchingFuture.doFallback(AbstractCatchingFuture.java:194)
	at com.google.common.util.concurrent.AbstractCatchingFuture.run(AbstractCatchingFuture.java:136)
	at com.google.common.util.concurrent.DirectExecutor.execute(DirectExecutor.java:30)
	at com.google.common.util.concurrent.AbstractFuture.executeListener(AbstractFuture.java:1024)
	at com.google.common.util.concurrent.AbstractFuture.addListener(AbstractFuture.java:486)
	at com.google.common.util.concurrent.FluentFuture$TrustedFuture.addListener(FluentFuture.java:122)
	at com.google.common.util.concurrent.AbstractCatchingFuture.createAsync(AbstractCatchingFuture.java:58)
	at com.google.common.util.concurrent.Futures.catchingAsync(Futures.java:409)
	at com.google.firebase.rules.runtime.impl.DefaultEvaluator.evaluate(DefaultEvaluator.java:177)
	at com.google.cloud.datastore.emulator.impl.rules.EmulatorRuleClient$EmulatorRuleEvaluator.evaluate(EmulatorRuleClient.java:88)
	at com.google.cloud.datastore.core.auth.rules.AsyncTwoPhaseRulesAuthorizer.lambda$fullEvaluate$0(AsyncTwoPhaseRulesAuthorizer.java:1001)
	at com.google.cloud.datastore.computation.Computation.tryCatch(Computation.java:469)
	at com.google.cloud.datastore.core.auth.rules.AsyncTwoPhaseRulesAuthorizer.fullEvaluate(AsyncTwoPhaseRulesAuthorizer.java:1000)
	at com.google.cloud.datastore.core.auth.rules.AsyncTwoPhaseRulesAuthorizer.checkResource(AsyncTwoPhaseRulesAuthorizer.java:711)
	at com.google.cloud.datastore.core.auth.rules.AsyncTwoPhaseRulesAuthorizer.lambda$checkResources$0(AsyncTwoPhaseRulesAuthorizer.java:691)
	at com.google.cloud.datastore.computation.Computation.lambda$forEach$0(Computation.java:128)
	at com.google.cloud.datastore.computation.Computation.doWhile(Computation.java:212)
	at com.google.cloud.datastore.computation.Computation.lambda$whileTrue$2(Computation.java:151)
	at com.google.cloud.datastore.computation.Remainder$Completed.thenCompose(Remainder.java:726)
	at com.google.cloud.datastore.computation.Remainder.thenCompose(Remainder.java:452)
	at com.google.cloud.datastore.computation.Computation.whileTrue(Computation.java:151)
	at com.google.cloud.datastore.computation.Computation.whileTrue(Computation.java:133)
	at com.google.cloud.datastore.computation.Computation.forEach(Computation.java:128)
	at com.google.cloud.datastore.computation.Computation.forEach(Computation.java:123)
	at com.google.cloud.datastore.core.auth.rules.AsyncTwoPhaseRulesAuthorizer.checkResources(AsyncTwoPhaseRulesAuthorizer.java:689)
	at com.google.cloud.datastore.core.auth.rules.AsyncTwoPhaseRulesAuthorizer.handlePhaseOneInfo(AsyncTwoPhaseRulesAuthorizer.java:191)
	at com.google.cloud.datastore.core.auth.rules.AsyncTwoPhaseRulesAuthorizer.lambda$checkQueryRequest$0(AsyncTwoPhaseRulesAuthorizer.java:148)
	at com.google.cloud.datastore.computation.Remainder$Completed.thenCompose(Remainder.java:726)
	at com.google.cloud.datastore.computation.Remainder.thenCompose(Remainder.java:452)
	at com.google.cloud.datastore.core.auth.rules.AsyncTwoPhaseRulesAuthorizer.checkQueryRequest(AsyncTwoPhaseRulesAuthorizer.java:143)
	at com.google.cloud.datastore.emulator.impl.rules.DefaultEmulatorRulesAuthorizer.lambda$checkQuery$1(DefaultEmulatorRulesAuthorizer.java:198)
	at com.google.cloud.datastore.computation.Computation.run(Computation.java:81)
	at com.google.cloud.datastore.computation.Computation$Terminated.toFuture(Computation.java:947)
	at com.google.cloud.datastore.computation.Computation.toFuture(Computation.java:92)
	at com.google.cloud.datastore.emulator.impl.rules.DefaultEmulatorRulesAuthorizer.finish(DefaultEmulatorRulesAuthorizer.java:308)
	at com.google.cloud.datastore.emulator.impl.rules.DefaultEmulatorRulesAuthorizer.lambda$checkQuery$0(DefaultEmulatorRulesAuthorizer.java:195)
	at com.google.cloud.datastore.emulator.impl.rules.DefaultEmulatorRulesAuthorizer.withVerboseErrors(DefaultEmulatorRulesAuthorizer.java:321)
	... 29 more

Sep 03, 2026 8:59:46 PM io.gapi.emulators.netty.HttpHandler$1 onError
INFO: Exception when handling request: PERMISSION_DENIED: 
Null value error. for 'list' @ L28, Null value error. for 'list' @ L28
Sep 03, 2026 8:59:46 PM io.gapi.emulators.netty.HttpVersionRoutingHandler channelRead
INFO: Detected non-HTTP/2 connection.
Sep 03, 2026 8:59:46 PM io.gapi.emulators.netty.HttpVersionRoutingHandler channelRead
INFO: Detected non-HTTP/2 connection.
Sep 03, 2026 8:59:46 PM io.gapi.emulators.netty.HttpVersionRoutingHandler channelRead
INFO: Detected non-HTTP/2 connection.
Sep 03, 2026 8:59:46 PM com.google.cloud.datastore.emulator.firestore.webchannel.FirestoreV1WebChannelAdapter$FirestoreListenHandler onClose
INFO: channel closed
Sep 03, 2026 8:59:46 PM com.google.cloud.datastore.emulator.impl.util.WrappedStreamObserver onError
WARNING: Operation failed: 
Null value error. for 'list' @ L28, Null value error. for 'list' @ L28
com.google.cloud.datastore.core.exception.DatastoreException: 
Null value error. for 'list' @ L28, Null value error. for 'list' @ L28
	at com.google.cloud.datastore.core.exception.DatastoreException$Builder.build(DatastoreException.java:152)
	at com.google.cloud.datastore.emulator.impl.rules.DefaultEmulatorRulesAuthorizer.verboseError(DefaultEmulatorRulesAuthorizer.java:349)
	at com.google.cloud.datastore.emulator.impl.rules.DefaultEmulatorRulesAuthorizer.withVerboseErrors(DefaultEmulatorRulesAuthorizer.java:326)
	at com.google.cloud.datastore.emulator.impl.rules.DefaultEmulatorRulesAuthorizer.checkQuery(DefaultEmulatorRulesAuthorizer.java:193)
	at com.google.cloud.datastore.emulator.impl.firestore.FirestoreEmulatorHelper.ruleAuthorizeAndReadEntities(FirestoreEmulatorHelper.java:811)
	at com.google.cloud.datastore.emulator.impl.firestore.FirestoreEmulatorHelper.snapshotAggregationQuery(FirestoreEmulatorHelper.java:723)
	at com.google.cloud.datastore.emulator.impl.firestore.FirestoreEmulatorHelper.lambda$aggregationQuery$0(FirestoreEmulatorHelper.java:705)
	at com.google.cloud.datastore.emulator.impl.transactions.EmulatorTransactionManager$ReadOnlyTransaction.fold(EmulatorTransactionManager.java:432)
	at com.google.cloud.datastore.emulator.impl.firestore.FirestoreEmulatorHelper.aggregationQuery(FirestoreEmulatorHelper.java:704)
	at com.google.cloud.datastore.emulator.impl.firestore.CloudFirestoreV1.runAggregationQueryStandardEdition(CloudFirestoreV1.java:776)
	at com.google.cloud.datastore.emulator.impl.firestore.CloudFirestoreV1.runAggregationQuery(CloudFirestoreV1.java:751)
	at com.google.cloud.datastore.emulator.impl.firestore.CloudFirestoreV1Router.runAggregationQuery(CloudFirestoreV1Router.java:197)
	at com.google.cloud.datastore.emulator.firestore.v1.FirestoreV1GrpcAdapter$1.lambda$runAggregationQuery$0(FirestoreV1GrpcAdapter.java:185)
	at com.google.cloud.datastore.emulator.firestore.v1.FirestoreV1GrpcAdapter.streaming(FirestoreV1GrpcAdapter.java:82)
	at com.google.cloud.datastore.emulator.firestore.v1.FirestoreV1GrpcAdapter$1.runAggregationQuery(FirestoreV1GrpcAdapter.java:185)
	at com.google.firestore.v1.FirestoreGrpc$MethodHandlers.invoke(FirestoreGrpc.java:1420)
	at io.grpc.stub.ServerCalls$UnaryServerCallHandler$UnaryServerCallListener.onHalfClose(ServerCalls.java:182)
	at io.grpc.PartialForwardingServerCallListener.onHalfClose(PartialForwardingServerCallListener.java:35)
	at io.grpc.ForwardingServerCallListener.onHalfClose(ForwardingServerCallListener.java:23)
	at io.grpc.ForwardingServerCallListener$SimpleForwardingServerCallListener.onHalfClose(ForwardingServerCallListener.java:40)
	at io.grpc.Contexts$ContextualizedServerCallListener.onHalfClose(Contexts.java:86)
	at io.grpc.PartialForwardingServerCallListener.onHalfClose(PartialForwardingServerCallListener.java:35)
	at io.grpc.ForwardingServerCallListener.onHalfClose(ForwardingServerCallListener.java:23)
	at io.grpc.ForwardingServerCallListener$SimpleForwardingServerCallListener.onHalfClose(ForwardingServerCallListener.java:40)
	at io.grpc.Contexts$ContextualizedServerCallListener.onHalfClose(Contexts.java:86)
	at io.grpc.internal.ServerCallImpl$ServerStreamListenerImpl.halfClosed(ServerCallImpl.java:356)
	at io.grpc.internal.ServerImpl$JumpToApplicationThreadServerStreamListener$1HalfClosed.runInContext(ServerImpl.java:861)
	at io.grpc.internal.ContextRunnable.run(ContextRunnable.java:37)
	at io.grpc.internal.SerializingExecutor.run(SerializingExecutor.java:133)
	at java.base/java.util.concurrent.ThreadPoolExecutor.runWorker(ThreadPoolExecutor.java:1090)
	at java.base/java.util.concurrent.ThreadPoolExecutor$Worker.run(ThreadPoolExecutor.java:614)
	at java.base/java.lang.Thread.run(Thread.java:1516)
Caused by: com.google.firebase.rules.runtime.common.EvaluationException: Error: /var/folders/17/97zrc8dn5kj9m8sn51kc0h3w0000gn/T/fireside-query-rules-mmhX4C/firestore.rules line [28], column [100]. Null value error.
	at com.google.firebase.rules.runtime.impl.DefaultEvaluator$TransformEvaluationException.apply(DefaultEvaluator.java:275)
	at com.google.firebase.rules.runtime.impl.DefaultEvaluator$TransformEvaluationException.apply(DefaultEvaluator.java:261)
	at com.google.common.util.concurrent.AbstractCatchingFuture$AsyncCatchingFuture.doFallback(AbstractCatchingFuture.java:207)
	at com.google.common.util.concurrent.AbstractCatchingFuture$AsyncCatchingFuture.doFallback(AbstractCatchingFuture.java:194)
	at com.google.common.util.concurrent.AbstractCatchingFuture.run(AbstractCatchingFuture.java:136)
	at com.google.common.util.concurrent.DirectExecutor.execute(DirectExecutor.java:30)
	at com.google.common.util.concurrent.AbstractFuture.executeListener(AbstractFuture.java:1024)
	at com.google.common.util.concurrent.AbstractFuture.addListener(AbstractFuture.java:486)
	at com.google.common.util.concurrent.FluentFuture$TrustedFuture.addListener(FluentFuture.java:122)
	at com.google.common.util.concurrent.AbstractCatchingFuture.createAsync(AbstractCatchingFuture.java:58)
	at com.google.common.util.concurrent.Futures.catchingAsync(Futures.java:409)
	at com.google.firebase.rules.runtime.impl.DefaultEvaluator.evaluate(DefaultEvaluator.java:177)
	at com.google.cloud.datastore.emulator.impl.rules.EmulatorRuleClient$EmulatorRuleEvaluator.evaluate(EmulatorRuleClient.java:88)
	at com.google.cloud.datastore.core.auth.rules.AsyncTwoPhaseRulesAuthorizer.lambda$fullEvaluate$0(AsyncTwoPhaseRulesAuthorizer.java:1001)
	at com.google.cloud.datastore.computation.Computation.tryCatch(Computation.java:469)
	at com.google.cloud.datastore.core.auth.rules.AsyncTwoPhaseRulesAuthorizer.fullEvaluate(AsyncTwoPhaseRulesAuthorizer.java:1000)
	at com.google.cloud.datastore.core.auth.rules.AsyncTwoPhaseRulesAuthorizer.checkResource(AsyncTwoPhaseRulesAuthorizer.java:711)
	at com.google.cloud.datastore.core.auth.rules.AsyncTwoPhaseRulesAuthorizer.lambda$checkResources$0(AsyncTwoPhaseRulesAuthorizer.java:691)
	at com.google.cloud.datastore.computation.Computation.lambda$forEach$0(Computation.java:128)
	at com.google.cloud.datastore.computation.Computation.doWhile(Computation.java:212)
	at com.google.cloud.datastore.computation.Computation.lambda$whileTrue$2(Computation.java:151)
	at com.google.cloud.datastore.computation.Remainder$Completed.thenCompose(Remainder.java:726)
	at com.google.cloud.datastore.computation.Remainder.thenCompose(Remainder.java:452)
	at com.google.cloud.datastore.computation.Computation.whileTrue(Computation.java:151)
	at com.google.cloud.datastore.computation.Computation.whileTrue(Computation.java:133)
	at com.google.cloud.datastore.computation.Computation.forEach(Computation.java:128)
	at com.google.cloud.datastore.computation.Computation.forEach(Computation.java:123)
	at com.google.cloud.datastore.core.auth.rules.AsyncTwoPhaseRulesAuthorizer.checkResources(AsyncTwoPhaseRulesAuthorizer.java:689)
	at com.google.cloud.datastore.core.auth.rules.AsyncTwoPhaseRulesAuthorizer.handlePhaseOneInfo(AsyncTwoPhaseRulesAuthorizer.java:191)
	at com.google.cloud.datastore.core.auth.rules.AsyncTwoPhaseRulesAuthorizer.lambda$checkQueryRequest$0(AsyncTwoPhaseRulesAuthorizer.java:148)
	at com.google.cloud.datastore.computation.Remainder$Completed.thenCompose(Remainder.java:726)
	at com.google.cloud.datastore.computation.Remainder.thenCompose(Remainder.java:452)
	at com.google.cloud.datastore.core.auth.rules.AsyncTwoPhaseRulesAuthorizer.checkQueryRequest(AsyncTwoPhaseRulesAuthorizer.java:143)
	at com.google.cloud.datastore.emulator.impl.rules.DefaultEmulatorRulesAuthorizer.lambda$checkQuery$1(DefaultEmulatorRulesAuthorizer.java:198)
	at com.google.cloud.datastore.computation.Computation.run(Computation.java:81)
	at com.google.cloud.datastore.computation.Computation$Terminated.toFuture(Computation.java:947)
	at com.google.cloud.datastore.computation.Computation.toFuture(Computation.java:92)
	at com.google.cloud.datastore.emulator.impl.rules.DefaultEmulatorRulesAuthorizer.finish(DefaultEmulatorRulesAuthorizer.java:308)
	at com.google.cloud.datastore.emulator.impl.rules.DefaultEmulatorRulesAuthorizer.lambda$checkQuery$0(DefaultEmulatorRulesAuthorizer.java:195)
	at com.google.cloud.datastore.emulator.impl.rules.DefaultEmulatorRulesAuthorizer.withVerboseErrors(DefaultEmulatorRulesAuthorizer.java:321)
	... 29 more

Sep 03, 2026 8:59:46 PM io.gapi.emulators.netty.HttpHandler$1 onError
INFO: Exception when handling request: PERMISSION_DENIED: 
Null value error. for 'list' @ L28, Null value error. for 'list' @ L28
Sep 03, 2026 8:59:46 PM io.gapi.emulators.netty.HttpVersionRoutingHandler channelRead
INFO: Detected non-HTTP/2 connection.
Sep 03, 2026 8:59:46 PM io.gapi.emulators.netty.HttpVersionRoutingHandler channelRead
INFO: Detected non-HTTP/2 connection.
Sep 03, 2026 8:59:46 PM io.gapi.emulators.netty.HttpVersionRoutingHandler channelRead
INFO: Detected non-HTTP/2 connection.
Sep 03, 2026 8:59:46 PM com.google.cloud.datastore.emulator.firestore.webchannel.FirestoreV1WebChannelAdapter$FirestoreListenHandler onClose
INFO: channel closed
Sep 03, 2026 8:59:46 PM io.gapi.emulators.netty.HttpVersionRoutingHandler channelRead
INFO: Detected non-HTTP/2 connection.
Sep 03, 2026 8:59:46 PM io.gapi.emulators.netty.HttpVersionRoutingHandler channelRead
INFO: Detected non-HTTP/2 connection.
Sep 03, 2026 8:59:46 PM io.gapi.emulators.netty.HttpVersionRoutingHandler channelRead
INFO: Detected non-HTTP/2 connection.
Sep 03, 2026 8:59:46 PM com.google.cloud.datastore.emulator.firestore.webchannel.FirestoreV1WebChannelAdapter$FirestoreListenHandler onClose
INFO: channel closed
Sep 03, 2026 8:59:46 PM com.google.cloud.datastore.emulator.impl.util.WrappedStreamObserver onError
WARNING: Operation failed: 
Null value error. for 'list' @ L31, Null value error. for 'list' @ L31
com.google.cloud.datastore.core.exception.DatastoreException: 
Null value error. for 'list' @ L31, Null value error. for 'list' @ L31
	at com.google.cloud.datastore.core.exception.DatastoreException$Builder.build(DatastoreException.java:152)
	at com.google.cloud.datastore.emulator.impl.rules.DefaultEmulatorRulesAuthorizer.verboseError(DefaultEmulatorRulesAuthorizer.java:349)
	at com.google.cloud.datastore.emulator.impl.rules.DefaultEmulatorRulesAuthorizer.withVerboseErrors(DefaultEmulatorRulesAuthorizer.java:326)
	at com.google.cloud.datastore.emulator.impl.rules.DefaultEmulatorRulesAuthorizer.checkQuery(DefaultEmulatorRulesAuthorizer.java:193)
	at com.google.cloud.datastore.emulator.impl.firestore.FirestoreEmulatorHelper.ruleAuthorizeAndReadEntities(FirestoreEmulatorHelper.java:811)
	at com.google.cloud.datastore.emulator.impl.firestore.FirestoreEmulatorHelper.snapshotAggregationQuery(FirestoreEmulatorHelper.java:723)
	at com.google.cloud.datastore.emulator.impl.firestore.FirestoreEmulatorHelper.lambda$aggregationQuery$0(FirestoreEmulatorHelper.java:705)
	at com.google.cloud.datastore.emulator.impl.transactions.EmulatorTransactionManager$ReadOnlyTransaction.fold(EmulatorTransactionManager.java:432)
	at com.google.cloud.datastore.emulator.impl.firestore.FirestoreEmulatorHelper.aggregationQuery(FirestoreEmulatorHelper.java:704)
	at com.google.cloud.datastore.emulator.impl.firestore.CloudFirestoreV1.runAggregationQueryStandardEdition(CloudFirestoreV1.java:776)
	at com.google.cloud.datastore.emulator.impl.firestore.CloudFirestoreV1.runAggregationQuery(CloudFirestoreV1.java:751)
	at com.google.cloud.datastore.emulator.impl.firestore.CloudFirestoreV1Router.runAggregationQuery(CloudFirestoreV1Router.java:197)
	at com.google.cloud.datastore.emulator.firestore.v1.FirestoreV1GrpcAdapter$1.lambda$runAggregationQuery$0(FirestoreV1GrpcAdapter.java:185)
	at com.google.cloud.datastore.emulator.firestore.v1.FirestoreV1GrpcAdapter.streaming(FirestoreV1GrpcAdapter.java:82)
	at com.google.cloud.datastore.emulator.firestore.v1.FirestoreV1GrpcAdapter$1.runAggregationQuery(FirestoreV1GrpcAdapter.java:185)
	at com.google.firestore.v1.FirestoreGrpc$MethodHandlers.invoke(FirestoreGrpc.java:1420)
	at io.grpc.stub.ServerCalls$UnaryServerCallHandler$UnaryServerCallListener.onHalfClose(ServerCalls.java:182)
	at io.grpc.PartialForwardingServerCallListener.onHalfClose(PartialForwardingServerCallListener.java:35)
	at io.grpc.ForwardingServerCallListener.onHalfClose(ForwardingServerCallListener.java:23)
	at io.grpc.ForwardingServerCallListener$SimpleForwardingServerCallListener.onHalfClose(ForwardingServerCallListener.java:40)
	at io.grpc.Contexts$ContextualizedServerCallListener.onHalfClose(Contexts.java:86)
	at io.grpc.PartialForwardingServerCallListener.onHalfClose(PartialForwardingServerCallListener.java:35)
	at io.grpc.ForwardingServerCallListener.onHalfClose(ForwardingServerCallListener.java:23)
	at io.grpc.ForwardingServerCallListener$SimpleForwardingServerCallListener.onHalfClose(ForwardingServerCallListener.java:40)
	at io.grpc.Contexts$ContextualizedServerCallListener.onHalfClose(Contexts.java:86)
	at io.grpc.internal.ServerCallImpl$ServerStreamListenerImpl.halfClosed(ServerCallImpl.java:356)
	at io.grpc.internal.ServerImpl$JumpToApplicationThreadServerStreamListener$1HalfClosed.runInContext(ServerImpl.java:861)
	at io.grpc.internal.ContextRunnable.run(ContextRunnable.java:37)
	at io.grpc.internal.SerializingExecutor.run(SerializingExecutor.java:133)
	at java.base/java.util.concurrent.ThreadPoolExecutor.runWorker(ThreadPoolExecutor.java:1090)
	at java.base/java.util.concurrent.ThreadPoolExecutor$Worker.run(ThreadPoolExecutor.java:614)
	at java.base/java.lang.Thread.run(Thread.java:1516)
Caused by: com.google.firebase.rules.runtime.common.EvaluationException: Error: /var/folders/17/97zrc8dn5kj9m8sn51kc0h3w0000gn/T/fireside-query-rules-mmhX4C/firestore.rules line [31], column [99]. Null value error.
	at com.google.firebase.rules.runtime.impl.DefaultEvaluator$TransformEvaluationException.apply(DefaultEvaluator.java:275)
	at com.google.firebase.rules.runtime.impl.DefaultEvaluator$TransformEvaluationException.apply(DefaultEvaluator.java:261)
	at com.google.common.util.concurrent.AbstractCatchingFuture$AsyncCatchingFuture.doFallback(AbstractCatchingFuture.java:207)
	at com.google.common.util.concurrent.AbstractCatchingFuture$AsyncCatchingFuture.doFallback(AbstractCatchingFuture.java:194)
	at com.google.common.util.concurrent.AbstractCatchingFuture.run(AbstractCatchingFuture.java:136)
	at com.google.common.util.concurrent.DirectExecutor.execute(DirectExecutor.java:30)
	at com.google.common.util.concurrent.AbstractFuture.executeListener(AbstractFuture.java:1024)
	at com.google.common.util.concurrent.AbstractFuture.addListener(AbstractFuture.java:486)
	at com.google.common.util.concurrent.FluentFuture$TrustedFuture.addListener(FluentFuture.java:122)
	at com.google.common.util.concurrent.AbstractCatchingFuture.createAsync(AbstractCatchingFuture.java:58)
	at com.google.common.util.concurrent.Futures.catchingAsync(Futures.java:409)
	at com.google.firebase.rules.runtime.impl.DefaultEvaluator.evaluate(DefaultEvaluator.java:177)
	at com.google.cloud.datastore.emulator.impl.rules.EmulatorRuleClient$EmulatorRuleEvaluator.evaluate(EmulatorRuleClient.java:88)
	at com.google.cloud.datastore.core.auth.rules.AsyncTwoPhaseRulesAuthorizer.lambda$fullEvaluate$0(AsyncTwoPhaseRulesAuthorizer.java:1001)
	at com.google.cloud.datastore.computation.Computation.tryCatch(Computation.java:469)
	at com.google.cloud.datastore.core.auth.rules.AsyncTwoPhaseRulesAuthorizer.fullEvaluate(AsyncTwoPhaseRulesAuthorizer.java:1000)
	at com.google.cloud.datastore.core.auth.rules.AsyncTwoPhaseRulesAuthorizer.checkResource(AsyncTwoPhaseRulesAuthorizer.java:711)
	at com.google.cloud.datastore.core.auth.rules.AsyncTwoPhaseRulesAuthorizer.lambda$checkResources$0(AsyncTwoPhaseRulesAuthorizer.java:691)
	at com.google.cloud.datastore.computation.Computation.lambda$forEach$0(Computation.java:128)
	at com.google.cloud.datastore.computation.Computation.doWhile(Computation.java:212)
	at com.google.cloud.datastore.computation.Computation.lambda$whileTrue$2(Computation.java:151)
	at com.google.cloud.datastore.computation.Remainder$Completed.thenCompose(Remainder.java:726)
	at com.google.cloud.datastore.computation.Remainder.thenCompose(Remainder.java:452)
	at com.google.cloud.datastore.computation.Computation.whileTrue(Computation.java:151)
	at com.google.cloud.datastore.computation.Computation.whileTrue(Computation.java:133)
	at com.google.cloud.datastore.computation.Computation.forEach(Computation.java:128)
	at com.google.cloud.datastore.computation.Computation.forEach(Computation.java:123)
	at com.google.cloud.datastore.core.auth.rules.AsyncTwoPhaseRulesAuthorizer.checkResources(AsyncTwoPhaseRulesAuthorizer.java:689)
	at com.google.cloud.datastore.core.auth.rules.AsyncTwoPhaseRulesAuthorizer.handlePhaseOneInfo(AsyncTwoPhaseRulesAuthorizer.java:191)
	at com.google.cloud.datastore.core.auth.rules.AsyncTwoPhaseRulesAuthorizer.lambda$checkQueryRequest$0(AsyncTwoPhaseRulesAuthorizer.java:148)
	at com.google.cloud.datastore.computation.Remainder$Completed.thenCompose(Remainder.java:726)
	at com.google.cloud.datastore.computation.Remainder.thenCompose(Remainder.java:452)
	at com.google.cloud.datastore.core.auth.rules.AsyncTwoPhaseRulesAuthorizer.checkQueryRequest(AsyncTwoPhaseRulesAuthorizer.java:143)
	at com.google.cloud.datastore.emulator.impl.rules.DefaultEmulatorRulesAuthorizer.lambda$checkQuery$1(DefaultEmulatorRulesAuthorizer.java:198)
	at com.google.cloud.datastore.computation.Computation.run(Computation.java:81)
	at com.google.cloud.datastore.computation.Computation$Terminated.toFuture(Computation.java:947)
	at com.google.cloud.datastore.computation.Computation.toFuture(Computation.java:92)
	at com.google.cloud.datastore.emulator.impl.rules.DefaultEmulatorRulesAuthorizer.finish(DefaultEmulatorRulesAuthorizer.java:308)
	at com.google.cloud.datastore.emulator.impl.rules.DefaultEmulatorRulesAuthorizer.lambda$checkQuery$0(DefaultEmulatorRulesAuthorizer.java:195)
	at com.google.cloud.datastore.emulator.impl.rules.DefaultEmulatorRulesAuthorizer.withVerboseErrors(DefaultEmulatorRulesAuthorizer.java:321)
	... 29 more

Sep 03, 2026 8:59:46 PM io.gapi.emulators.netty.HttpHandler$1 onError
INFO: Exception when handling request: PERMISSION_DENIED: 
Null value error. for 'list' @ L31, Null value error. for 'list' @ L31
Sep 03, 2026 8:59:46 PM io.gapi.emulators.netty.HttpVersionRoutingHandler channelRead
INFO: Detected non-HTTP/2 connection.
Sep 03, 2026 8:59:46 PM io.gapi.emulators.netty.HttpVersionRoutingHandler channelRead
INFO: Detected non-HTTP/2 connection.
Sep 03, 2026 8:59:46 PM io.gapi.emulators.netty.HttpVersionRoutingHandler channelRead
INFO: Detected non-HTTP/2 connection.
Sep 03, 2026 8:59:46 PM com.google.cloud.datastore.emulator.firestore.webchannel.FirestoreV1WebChannelAdapter$FirestoreListenHandler onClose
INFO: channel closed
Sep 03, 2026 8:59:46 PM com.google.cloud.datastore.emulator.impl.util.WrappedStreamObserver onError
WARNING: Operation failed: 
Null value error. for 'list' @ L31, Null value error. for 'list' @ L31
com.google.cloud.datastore.core.exception.DatastoreException: 
Null value error. for 'list' @ L31, Null value error. for 'list' @ L31
	at com.google.cloud.datastore.core.exception.DatastoreException$Builder.build(DatastoreException.java:152)
	at com.google.cloud.datastore.emulator.impl.rules.DefaultEmulatorRulesAuthorizer.verboseError(DefaultEmulatorRulesAuthorizer.java:349)
	at com.google.cloud.datastore.emulator.impl.rules.DefaultEmulatorRulesAuthorizer.withVerboseErrors(DefaultEmulatorRulesAuthorizer.java:326)
	at com.google.cloud.datastore.emulator.impl.rules.DefaultEmulatorRulesAuthorizer.checkQuery(DefaultEmulatorRulesAuthorizer.java:193)
	at com.google.cloud.datastore.emulator.impl.firestore.FirestoreEmulatorHelper.ruleAuthorizeAndReadEntities(FirestoreEmulatorHelper.java:811)
	at com.google.cloud.datastore.emulator.impl.firestore.FirestoreEmulatorHelper.snapshotAggregationQuery(FirestoreEmulatorHelper.java:723)
	at com.google.cloud.datastore.emulator.impl.firestore.FirestoreEmulatorHelper.lambda$aggregationQuery$0(FirestoreEmulatorHelper.java:705)
	at com.google.cloud.datastore.emulator.impl.transactions.EmulatorTransactionManager$ReadOnlyTransaction.fold(EmulatorTransactionManager.java:432)
	at com.google.cloud.datastore.emulator.impl.firestore.FirestoreEmulatorHelper.aggregationQuery(FirestoreEmulatorHelper.java:704)
	at com.google.cloud.datastore.emulator.impl.firestore.CloudFirestoreV1.runAggregationQueryStandardEdition(CloudFirestoreV1.java:776)
	at com.google.cloud.datastore.emulator.impl.firestore.CloudFirestoreV1.runAggregationQuery(CloudFirestoreV1.java:751)
	at com.google.cloud.datastore.emulator.impl.firestore.CloudFirestoreV1Router.runAggregationQuery(CloudFirestoreV1Router.java:197)
	at com.google.cloud.datastore.emulator.firestore.v1.FirestoreV1GrpcAdapter$1.lambda$runAggregationQuery$0(FirestoreV1GrpcAdapter.java:185)
	at com.google.cloud.datastore.emulator.firestore.v1.FirestoreV1GrpcAdapter.streaming(FirestoreV1GrpcAdapter.java:82)
	at com.google.cloud.datastore.emulator.firestore.v1.FirestoreV1GrpcAdapter$1.runAggregationQuery(FirestoreV1GrpcAdapter.java:185)
	at com.google.firestore.v1.FirestoreGrpc$MethodHandlers.invoke(FirestoreGrpc.java:1420)
	at io.grpc.stub.ServerCalls$UnaryServerCallHandler$UnaryServerCallListener.onHalfClose(ServerCalls.java:182)
	at io.grpc.PartialForwardingServerCallListener.onHalfClose(PartialForwardingServerCallListener.java:35)
	at io.grpc.ForwardingServerCallListener.onHalfClose(ForwardingServerCallListener.java:23)
	at io.grpc.ForwardingServerCallListener$SimpleForwardingServerCallListener.onHalfClose(ForwardingServerCallListener.java:40)
	at io.grpc.Contexts$ContextualizedServerCallListener.onHalfClose(Contexts.java:86)
	at io.grpc.PartialForwardingServerCallListener.onHalfClose(PartialForwardingServerCallListener.java:35)
	at io.grpc.ForwardingServerCallListener.onHalfClose(ForwardingServerCallListener.java:23)
	at io.grpc.ForwardingServerCallListener$SimpleForwardingServerCallListener.onHalfClose(ForwardingServerCallListener.java:40)
	at io.grpc.Contexts$ContextualizedServerCallListener.onHalfClose(Contexts.java:86)
	at io.grpc.internal.ServerCallImpl$ServerStreamListenerImpl.halfClosed(ServerCallImpl.java:356)
	at io.grpc.internal.ServerImpl$JumpToApplicationThreadServerStreamListener$1HalfClosed.runInContext(ServerImpl.java:861)
	at io.grpc.internal.ContextRunnable.run(ContextRunnable.java:37)
	at io.grpc.internal.SerializingExecutor.run(SerializingExecutor.java:133)
	at java.base/java.util.concurrent.ThreadPoolExecutor.runWorker(ThreadPoolExecutor.java:1090)
	at java.base/java.util.concurrent.ThreadPoolExecutor$Worker.run(ThreadPoolExecutor.java:614)
	at java.base/java.lang.Thread.run(Thread.java:1516)
Caused by: com.google.firebase.rules.runtime.common.EvaluationException: Error: /var/folders/17/97zrc8dn5kj9m8sn51kc0h3w0000gn/T/fireside-query-rules-mmhX4C/firestore.rules line [31], column [99]. Null value error.
	at com.google.firebase.rules.runtime.impl.DefaultEvaluator$TransformEvaluationException.apply(DefaultEvaluator.java:275)
	at com.google.firebase.rules.runtime.impl.DefaultEvaluator$TransformEvaluationException.apply(DefaultEvaluator.java:261)
	at com.google.common.util.concurrent.AbstractCatchingFuture$AsyncCatchingFuture.doFallback(AbstractCatchingFuture.java:207)
	at com.google.common.util.concurrent.AbstractCatchingFuture$AsyncCatchingFuture.doFallback(AbstractCatchingFuture.java:194)
	at com.google.common.util.concurrent.AbstractCatchingFuture.run(AbstractCatchingFuture.java:136)
	at com.google.common.util.concurrent.DirectExecutor.execute(DirectExecutor.java:30)
	at com.google.common.util.concurrent.AbstractFuture.executeListener(AbstractFuture.java:1024)
	at com.google.common.util.concurrent.AbstractFuture.addListener(AbstractFuture.java:486)
	at com.google.common.util.concurrent.FluentFuture$TrustedFuture.addListener(FluentFuture.java:122)
	at com.google.common.util.concurrent.AbstractCatchingFuture.createAsync(AbstractCatchingFuture.java:58)
	at com.google.common.util.concurrent.Futures.catchingAsync(Futures.java:409)
	at com.google.firebase.rules.runtime.impl.DefaultEvaluator.evaluate(DefaultEvaluator.java:177)
	at com.google.cloud.datastore.emulator.impl.rules.EmulatorRuleClient$EmulatorRuleEvaluator.evaluate(EmulatorRuleClient.java:88)
	at com.google.cloud.datastore.core.auth.rules.AsyncTwoPhaseRulesAuthorizer.lambda$fullEvaluate$0(AsyncTwoPhaseRulesAuthorizer.java:1001)
	at com.google.cloud.datastore.computation.Computation.tryCatch(Computation.java:469)
	at com.google.cloud.datastore.core.auth.rules.AsyncTwoPhaseRulesAuthorizer.fullEvaluate(AsyncTwoPhaseRulesAuthorizer.java:1000)
	at com.google.cloud.datastore.core.auth.rules.AsyncTwoPhaseRulesAuthorizer.checkResource(AsyncTwoPhaseRulesAuthorizer.java:711)
	at com.google.cloud.datastore.core.auth.rules.AsyncTwoPhaseRulesAuthorizer.lambda$checkResources$0(AsyncTwoPhaseRulesAuthorizer.java:691)
	at com.google.cloud.datastore.computation.Computation.lambda$forEach$0(Computation.java:128)
	at com.google.cloud.datastore.computation.Computation.doWhile(Computation.java:212)
	at com.google.cloud.datastore.computation.Computation.lambda$whileTrue$2(Computation.java:151)
	at com.google.cloud.datastore.computation.Remainder$Completed.thenCompose(Remainder.java:726)
	at com.google.cloud.datastore.computation.Remainder.thenCompose(Remainder.java:452)
	at com.google.cloud.datastore.computation.Computation.whileTrue(Computation.java:151)
	at com.google.cloud.datastore.computation.Computation.whileTrue(Computation.java:133)
	at com.google.cloud.datastore.computation.Computation.forEach(Computation.java:128)
	at com.google.cloud.datastore.computation.Computation.forEach(Computation.java:123)
	at com.google.cloud.datastore.core.auth.rules.AsyncTwoPhaseRulesAuthorizer.checkResources(AsyncTwoPhaseRulesAuthorizer.java:689)
	at com.google.cloud.datastore.core.auth.rules.AsyncTwoPhaseRulesAuthorizer.handlePhaseOneInfo(AsyncTwoPhaseRulesAuthorizer.java:191)
	at com.google.cloud.datastore.core.auth.rules.AsyncTwoPhaseRulesAuthorizer.lambda$checkQueryRequest$0(AsyncTwoPhaseRulesAuthorizer.java:148)
	at com.google.cloud.datastore.computation.Remainder$Completed.thenCompose(Remainder.java:726)
	at com.google.cloud.datastore.computation.Remainder.thenCompose(Remainder.java:452)
	at com.google.cloud.datastore.core.auth.rules.AsyncTwoPhaseRulesAuthorizer.checkQueryRequest(AsyncTwoPhaseRulesAuthorizer.java:143)
	at com.google.cloud.datastore.emulator.impl.rules.DefaultEmulatorRulesAuthorizer.lambda$checkQuery$1(DefaultEmulatorRulesAuthorizer.java:198)
	at com.google.cloud.datastore.computation.Computation.run(Computation.java:81)
	at com.google.cloud.datastore.computation.Computation$Terminated.toFuture(Computation.java:947)
	at com.google.cloud.datastore.computation.Computation.toFuture(Computation.java:92)
	at com.google.cloud.datastore.emulator.impl.rules.DefaultEmulatorRulesAuthorizer.finish(DefaultEmulatorRulesAuthorizer.java:308)
	at com.google.cloud.datastore.emulator.impl.rules.DefaultEmulatorRulesAuthorizer.lambda$checkQuery$0(DefaultEmulatorRulesAuthorizer.java:195)
	at com.google.cloud.datastore.emulator.impl.rules.DefaultEmulatorRulesAuthorizer.withVerboseErrors(DefaultEmulatorRulesAuthorizer.java:321)
	... 29 more

Sep 03, 2026 8:59:46 PM io.gapi.emulators.netty.HttpHandler$1 onError
INFO: Exception when handling request: PERMISSION_DENIED: 
Null value error. for 'list' @ L31, Null value error. for 'list' @ L31
Sep 03, 2026 8:59:46 PM io.gapi.emulators.netty.HttpVersionRoutingHandler channelRead
INFO: Detected non-HTTP/2 connection.
Sep 03, 2026 8:59:46 PM io.gapi.emulators.netty.HttpVersionRoutingHandler channelRead
INFO: Detected non-HTTP/2 connection.
Sep 03, 2026 8:59:46 PM io.gapi.emulators.netty.HttpVersionRoutingHandler channelRead
INFO: Detected non-HTTP/2 connection.
Sep 03, 2026 8:59:46 PM com.google.cloud.datastore.emulator.firestore.webchannel.FirestoreV1WebChannelAdapter$FirestoreListenHandler onClose
INFO: channel closed
Sep 03, 2026 8:59:46 PM io.gapi.emulators.netty.HttpVersionRoutingHandler channelRead
INFO: Detected non-HTTP/2 connection.
Sep 03, 2026 8:59:46 PM io.gapi.emulators.netty.HttpVersionRoutingHandler channelRead
INFO: Detected non-HTTP/2 connection.
Sep 03, 2026 8:59:46 PM io.gapi.emulators.netty.HttpVersionRoutingHandler channelRead
INFO: Detected non-HTTP/2 connection.
Sep 03, 2026 8:59:46 PM com.google.cloud.datastore.emulator.firestore.webchannel.FirestoreV1WebChannelAdapter$FirestoreListenHandler onClose
INFO: channel closed
Sep 03, 2026 8:59:46 PM com.google.cloud.datastore.emulator.impl.util.WrappedStreamObserver onError
WARNING: Operation failed: 
Null value error. for 'list' @ L33, Null value error. for 'list' @ L33
com.google.cloud.datastore.core.exception.DatastoreException: 
Null value error. for 'list' @ L33, Null value error. for 'list' @ L33
	at com.google.cloud.datastore.core.exception.DatastoreException$Builder.build(DatastoreException.java:152)
	at com.google.cloud.datastore.emulator.impl.rules.DefaultEmulatorRulesAuthorizer.verboseError(DefaultEmulatorRulesAuthorizer.java:349)
	at com.google.cloud.datastore.emulator.impl.rules.DefaultEmulatorRulesAuthorizer.withVerboseErrors(DefaultEmulatorRulesAuthorizer.java:326)
	at com.google.cloud.datastore.emulator.impl.rules.DefaultEmulatorRulesAuthorizer.checkQuery(DefaultEmulatorRulesAuthorizer.java:193)
	at com.google.cloud.datastore.emulator.impl.firestore.FirestoreEmulatorHelper.ruleAuthorizeAndReadEntities(FirestoreEmulatorHelper.java:811)
	at com.google.cloud.datastore.emulator.impl.firestore.FirestoreEmulatorHelper.snapshotAggregationQuery(FirestoreEmulatorHelper.java:723)
	at com.google.cloud.datastore.emulator.impl.firestore.FirestoreEmulatorHelper.lambda$aggregationQuery$0(FirestoreEmulatorHelper.java:705)
	at com.google.cloud.datastore.emulator.impl.transactions.EmulatorTransactionManager$ReadOnlyTransaction.fold(EmulatorTransactionManager.java:432)
	at com.google.cloud.datastore.emulator.impl.firestore.FirestoreEmulatorHelper.aggregationQuery(FirestoreEmulatorHelper.java:704)
	at com.google.cloud.datastore.emulator.impl.firestore.CloudFirestoreV1.runAggregationQueryStandardEdition(CloudFirestoreV1.java:776)
	at com.google.cloud.datastore.emulator.impl.firestore.CloudFirestoreV1.runAggregationQuery(CloudFirestoreV1.java:751)
	at com.google.cloud.datastore.emulator.impl.firestore.CloudFirestoreV1Router.runAggregationQuery(CloudFirestoreV1Router.java:197)
	at com.google.cloud.datastore.emulator.firestore.v1.FirestoreV1GrpcAdapter$1.lambda$runAggregationQuery$0(FirestoreV1GrpcAdapter.java:185)
	at com.google.cloud.datastore.emulator.firestore.v1.FirestoreV1GrpcAdapter.streaming(FirestoreV1GrpcAdapter.java:82)
	at com.google.cloud.datastore.emulator.firestore.v1.FirestoreV1GrpcAdapter$1.runAggregationQuery(FirestoreV1GrpcAdapter.java:185)
	at com.google.firestore.v1.FirestoreGrpc$MethodHandlers.invoke(FirestoreGrpc.java:1420)
	at io.grpc.stub.ServerCalls$UnaryServerCallHandler$UnaryServerCallListener.onHalfClose(ServerCalls.java:182)
	at io.grpc.PartialForwardingServerCallListener.onHalfClose(PartialForwardingServerCallListener.java:35)
	at io.grpc.ForwardingServerCallListener.onHalfClose(ForwardingServerCallListener.java:23)
	at io.grpc.ForwardingServerCallListener$SimpleForwardingServerCallListener.onHalfClose(ForwardingServerCallListener.java:40)
	at io.grpc.Contexts$ContextualizedServerCallListener.onHalfClose(Contexts.java:86)
	at io.grpc.PartialForwardingServerCallListener.onHalfClose(PartialForwardingServerCallListener.java:35)
	at io.grpc.ForwardingServerCallListener.onHalfClose(ForwardingServerCallListener.java:23)
	at io.grpc.ForwardingServerCallListener$SimpleForwardingServerCallListener.onHalfClose(ForwardingServerCallListener.java:40)
	at io.grpc.Contexts$ContextualizedServerCallListener.onHalfClose(Contexts.java:86)
	at io.grpc.internal.ServerCallImpl$ServerStreamListenerImpl.halfClosed(ServerCallImpl.java:356)
	at io.grpc.internal.ServerImpl$JumpToApplicationThreadServerStreamListener$1HalfClosed.runInContext(ServerImpl.java:861)
	at io.grpc.internal.ContextRunnable.run(ContextRunnable.java:37)
	at io.grpc.internal.SerializingExecutor.run(SerializingExecutor.java:133)
	at java.base/java.util.concurrent.ThreadPoolExecutor.runWorker(ThreadPoolExecutor.java:1090)
	at java.base/java.util.concurrent.ThreadPoolExecutor$Worker.run(ThreadPoolExecutor.java:614)
	at java.base/java.lang.Thread.run(Thread.java:1516)
Caused by: com.google.firebase.rules.runtime.common.EvaluationException: Error: /var/folders/17/97zrc8dn5kj9m8sn51kc0h3w0000gn/T/fireside-query-rules-mmhX4C/firestore.rules line [33], column [65]. Null value error.
	at com.google.firebase.rules.runtime.impl.DefaultEvaluator$TransformEvaluationException.apply(DefaultEvaluator.java:275)
	at com.google.firebase.rules.runtime.impl.DefaultEvaluator$TransformEvaluationException.apply(DefaultEvaluator.java:261)
	at com.google.common.util.concurrent.AbstractCatchingFuture$AsyncCatchingFuture.doFallback(AbstractCatchingFuture.java:207)
	at com.google.common.util.concurrent.AbstractCatchingFuture$AsyncCatchingFuture.doFallback(AbstractCatchingFuture.java:194)
	at com.google.common.util.concurrent.AbstractCatchingFuture.run(AbstractCatchingFuture.java:136)
	at com.google.common.util.concurrent.DirectExecutor.execute(DirectExecutor.java:30)
	at com.google.common.util.concurrent.AbstractFuture.executeListener(AbstractFuture.java:1024)
	at com.google.common.util.concurrent.AbstractFuture.addListener(AbstractFuture.java:486)
	at com.google.common.util.concurrent.FluentFuture$TrustedFuture.addListener(FluentFuture.java:122)
	at com.google.common.util.concurrent.AbstractCatchingFuture.createAsync(AbstractCatchingFuture.java:58)
	at com.google.common.util.concurrent.Futures.catchingAsync(Futures.java:409)
	at com.google.firebase.rules.runtime.impl.DefaultEvaluator.evaluate(DefaultEvaluator.java:177)
	at com.google.cloud.datastore.emulator.impl.rules.EmulatorRuleClient$EmulatorRuleEvaluator.evaluate(EmulatorRuleClient.java:88)
	at com.google.cloud.datastore.core.auth.rules.AsyncTwoPhaseRulesAuthorizer.lambda$fullEvaluate$0(AsyncTwoPhaseRulesAuthorizer.java:1001)
	at com.google.cloud.datastore.computation.Computation.tryCatch(Computation.java:469)
	at com.google.cloud.datastore.core.auth.rules.AsyncTwoPhaseRulesAuthorizer.fullEvaluate(AsyncTwoPhaseRulesAuthorizer.java:1000)
	at com.google.cloud.datastore.core.auth.rules.AsyncTwoPhaseRulesAuthorizer.checkResource(AsyncTwoPhaseRulesAuthorizer.java:711)
	at com.google.cloud.datastore.core.auth.rules.AsyncTwoPhaseRulesAuthorizer.lambda$checkResources$0(AsyncTwoPhaseRulesAuthorizer.java:691)
	at com.google.cloud.datastore.computation.Computation.lambda$forEach$0(Computation.java:128)
	at com.google.cloud.datastore.computation.Computation.doWhile(Computation.java:212)
	at com.google.cloud.datastore.computation.Computation.lambda$whileTrue$2(Computation.java:151)
	at com.google.cloud.datastore.computation.Remainder$Completed.thenCompose(Remainder.java:726)
	at com.google.cloud.datastore.computation.Remainder.thenCompose(Remainder.java:452)
	at com.google.cloud.datastore.computation.Computation.whileTrue(Computation.java:151)
	at com.google.cloud.datastore.computation.Computation.whileTrue(Computation.java:133)
	at com.google.cloud.datastore.computation.Computation.forEach(Computation.java:128)
	at com.google.cloud.datastore.computation.Computation.forEach(Computation.java:123)
	at com.google.cloud.datastore.core.auth.rules.AsyncTwoPhaseRulesAuthorizer.checkResources(AsyncTwoPhaseRulesAuthorizer.java:689)
	at com.google.cloud.datastore.core.auth.rules.AsyncTwoPhaseRulesAuthorizer.handlePhaseOneInfo(AsyncTwoPhaseRulesAuthorizer.java:191)
	at com.google.cloud.datastore.core.auth.rules.AsyncTwoPhaseRulesAuthorizer.lambda$checkQueryRequest$0(AsyncTwoPhaseRulesAuthorizer.java:148)
	at com.google.cloud.datastore.computation.Remainder$Completed.thenCompose(Remainder.java:726)
	at com.google.cloud.datastore.computation.Remainder.thenCompose(Remainder.java:452)
	at com.google.cloud.datastore.core.auth.rules.AsyncTwoPhaseRulesAuthorizer.checkQueryRequest(AsyncTwoPhaseRulesAuthorizer.java:143)
	at com.google.cloud.datastore.emulator.impl.rules.DefaultEmulatorRulesAuthorizer.lambda$checkQuery$1(DefaultEmulatorRulesAuthorizer.java:198)
	at com.google.cloud.datastore.computation.Computation.run(Computation.java:81)
	at com.google.cloud.datastore.computation.Computation$Terminated.toFuture(Computation.java:947)
	at com.google.cloud.datastore.computation.Computation.toFuture(Computation.java:92)
	at com.google.cloud.datastore.emulator.impl.rules.DefaultEmulatorRulesAuthorizer.finish(DefaultEmulatorRulesAuthorizer.java:308)
	at com.google.cloud.datastore.emulator.impl.rules.DefaultEmulatorRulesAuthorizer.lambda$checkQuery$0(DefaultEmulatorRulesAuthorizer.java:195)
	at com.google.cloud.datastore.emulator.impl.rules.DefaultEmulatorRulesAuthorizer.withVerboseErrors(DefaultEmulatorRulesAuthorizer.java:321)
	... 29 more

Sep 03, 2026 8:59:46 PM io.gapi.emulators.netty.HttpHandler$1 onError
INFO: Exception when handling request: PERMISSION_DENIED: 
Null value error. for 'list' @ L33, Null value error. for 'list' @ L33
Sep 03, 2026 8:59:46 PM io.gapi.emulators.netty.HttpVersionRoutingHandler channelRead
INFO: Detected non-HTTP/2 connection.
Sep 03, 2026 8:59:46 PM io.gapi.emulators.netty.HttpVersionRoutingHandler channelRead
INFO: Detected non-HTTP/2 connection.
Sep 03, 2026 8:59:46 PM io.gapi.emulators.netty.HttpVersionRoutingHandler channelRead
INFO: Detected non-HTTP/2 connection.
Sep 03, 2026 8:59:46 PM com.google.cloud.datastore.emulator.firestore.webchannel.FirestoreV1WebChannelAdapter$FirestoreListenHandler onClose
INFO: channel closed
Sep 03, 2026 8:59:46 PM com.google.cloud.datastore.emulator.impl.util.WrappedStreamObserver onError
WARNING: Operation failed: 
Null value error. for 'list' @ L33, Null value error. for 'list' @ L33
com.google.cloud.datastore.core.exception.DatastoreException: 
Null value error. for 'list' @ L33, Null value error. for 'list' @ L33
	at com.google.cloud.datastore.core.exception.DatastoreException$Builder.build(DatastoreException.java:152)
	at com.google.cloud.datastore.emulator.impl.rules.DefaultEmulatorRulesAuthorizer.verboseError(DefaultEmulatorRulesAuthorizer.java:349)
	at com.google.cloud.datastore.emulator.impl.rules.DefaultEmulatorRulesAuthorizer.withVerboseErrors(DefaultEmulatorRulesAuthorizer.java:326)
	at com.google.cloud.datastore.emulator.impl.rules.DefaultEmulatorRulesAuthorizer.checkQuery(DefaultEmulatorRulesAuthorizer.java:193)
	at com.google.cloud.datastore.emulator.impl.firestore.FirestoreEmulatorHelper.ruleAuthorizeAndReadEntities(FirestoreEmulatorHelper.java:811)
	at com.google.cloud.datastore.emulator.impl.firestore.FirestoreEmulatorHelper.snapshotAggregationQuery(FirestoreEmulatorHelper.java:723)
	at com.google.cloud.datastore.emulator.impl.firestore.FirestoreEmulatorHelper.lambda$aggregationQuery$0(FirestoreEmulatorHelper.java:705)
	at com.google.cloud.datastore.emulator.impl.transactions.EmulatorTransactionManager$ReadOnlyTransaction.fold(EmulatorTransactionManager.java:432)
	at com.google.cloud.datastore.emulator.impl.firestore.FirestoreEmulatorHelper.aggregationQuery(FirestoreEmulatorHelper.java:704)
	at com.google.cloud.datastore.emulator.impl.firestore.CloudFirestoreV1.runAggregationQueryStandardEdition(CloudFirestoreV1.java:776)
	at com.google.cloud.datastore.emulator.impl.firestore.CloudFirestoreV1.runAggregationQuery(CloudFirestoreV1.java:751)
	at com.google.cloud.datastore.emulator.impl.firestore.CloudFirestoreV1Router.runAggregationQuery(CloudFirestoreV1Router.java:197)
	at com.google.cloud.datastore.emulator.firestore.v1.FirestoreV1GrpcAdapter$1.lambda$runAggregationQuery$0(FirestoreV1GrpcAdapter.java:185)
	at com.google.cloud.datastore.emulator.firestore.v1.FirestoreV1GrpcAdapter.streaming(FirestoreV1GrpcAdapter.java:82)
	at com.google.cloud.datastore.emulator.firestore.v1.FirestoreV1GrpcAdapter$1.runAggregationQuery(FirestoreV1GrpcAdapter.java:185)
	at com.google.firestore.v1.FirestoreGrpc$MethodHandlers.invoke(FirestoreGrpc.java:1420)
	at io.grpc.stub.ServerCalls$UnaryServerCallHandler$UnaryServerCallListener.onHalfClose(ServerCalls.java:182)
	at io.grpc.PartialForwardingServerCallListener.onHalfClose(PartialForwardingServerCallListener.java:35)
	at io.grpc.ForwardingServerCallListener.onHalfClose(ForwardingServerCallListener.java:23)
	at io.grpc.ForwardingServerCallListener$SimpleForwardingServerCallListener.onHalfClose(ForwardingServerCallListener.java:40)
	at io.grpc.Contexts$ContextualizedServerCallListener.onHalfClose(Contexts.java:86)
	at io.grpc.PartialForwardingServerCallListener.onHalfClose(PartialForwardingServerCallListener.java:35)
	at io.grpc.ForwardingServerCallListener.onHalfClose(ForwardingServerCallListener.java:23)
	at io.grpc.ForwardingServerCallListener$SimpleForwardingServerCallListener.onHalfClose(ForwardingServerCallListener.java:40)
	at io.grpc.Contexts$ContextualizedServerCallListener.onHalfClose(Contexts.java:86)
	at io.grpc.internal.ServerCallImpl$ServerStreamListenerImpl.halfClosed(ServerCallImpl.java:356)
	at io.grpc.internal.ServerImpl$JumpToApplicationThreadServerStreamListener$1HalfClosed.runInContext(ServerImpl.java:861)
	at io.grpc.internal.ContextRunnable.run(ContextRunnable.java:37)
	at io.grpc.internal.SerializingExecutor.run(SerializingExecutor.java:133)
	at java.base/java.util.concurrent.ThreadPoolExecutor.runWorker(ThreadPoolExecutor.java:1090)
	at java.base/java.util.concurrent.ThreadPoolExecutor$Worker.run(ThreadPoolExecutor.java:614)
	at java.base/java.lang.Thread.run(Thread.java:1516)
Caused by: com.google.firebase.rules.runtime.common.EvaluationException: Error: /var/folders/17/97zrc8dn5kj9m8sn51kc0h3w0000gn/T/fireside-query-rules-mmhX4C/firestore.rules line [33], column [65]. Null value error.
	at com.google.firebase.rules.runtime.impl.DefaultEvaluator$TransformEvaluationException.apply(DefaultEvaluator.java:275)
	at com.google.firebase.rules.runtime.impl.DefaultEvaluator$TransformEvaluationException.apply(DefaultEvaluator.java:261)
	at com.google.common.util.concurrent.AbstractCatchingFuture$AsyncCatchingFuture.doFallback(AbstractCatchingFuture.java:207)
	at com.google.common.util.concurrent.AbstractCatchingFuture$AsyncCatchingFuture.doFallback(AbstractCatchingFuture.java:194)
	at com.google.common.util.concurrent.AbstractCatchingFuture.run(AbstractCatchingFuture.java:136)
	at com.google.common.util.concurrent.DirectExecutor.execute(DirectExecutor.java:30)
	at com.google.common.util.concurrent.AbstractFuture.executeListener(AbstractFuture.java:1024)
	at com.google.common.util.concurrent.AbstractFuture.addListener(AbstractFuture.java:486)
	at com.google.common.util.concurrent.FluentFuture$TrustedFuture.addListener(FluentFuture.java:122)
	at com.google.common.util.concurrent.AbstractCatchingFuture.createAsync(AbstractCatchingFuture.java:58)
	at com.google.common.util.concurrent.Futures.catchingAsync(Futures.java:409)
	at com.google.firebase.rules.runtime.impl.DefaultEvaluator.evaluate(DefaultEvaluator.java:177)
	at com.google.cloud.datastore.emulator.impl.rules.EmulatorRuleClient$EmulatorRuleEvaluator.evaluate(EmulatorRuleClient.java:88)
	at com.google.cloud.datastore.core.auth.rules.AsyncTwoPhaseRulesAuthorizer.lambda$fullEvaluate$0(AsyncTwoPhaseRulesAuthorizer.java:1001)
	at com.google.cloud.datastore.computation.Computation.tryCatch(Computation.java:469)
	at com.google.cloud.datastore.core.auth.rules.AsyncTwoPhaseRulesAuthorizer.fullEvaluate(AsyncTwoPhaseRulesAuthorizer.java:1000)
	at com.google.cloud.datastore.core.auth.rules.AsyncTwoPhaseRulesAuthorizer.checkResource(AsyncTwoPhaseRulesAuthorizer.java:711)
	at com.google.cloud.datastore.core.auth.rules.AsyncTwoPhaseRulesAuthorizer.lambda$checkResources$0(AsyncTwoPhaseRulesAuthorizer.java:691)
	at com.google.cloud.datastore.computation.Computation.lambda$forEach$0(Computation.java:128)
	at com.google.cloud.datastore.computation.Computation.doWhile(Computation.java:212)
	at com.google.cloud.datastore.computation.Computation.lambda$whileTrue$2(Computation.java:151)
	at com.google.cloud.datastore.computation.Remainder$Completed.thenCompose(Remainder.java:726)
	at com.google.cloud.datastore.computation.Remainder.thenCompose(Remainder.java:452)
	at com.google.cloud.datastore.computation.Computation.whileTrue(Computation.java:151)
	at com.google.cloud.datastore.computation.Computation.whileTrue(Computation.java:133)
	at com.google.cloud.datastore.computation.Computation.forEach(Computation.java:128)
	at com.google.cloud.datastore.computation.Computation.forEach(Computation.java:123)
	at com.google.cloud.datastore.core.auth.rules.AsyncTwoPhaseRulesAuthorizer.checkResources(AsyncTwoPhaseRulesAuthorizer.java:689)
	at com.google.cloud.datastore.core.auth.rules.AsyncTwoPhaseRulesAuthorizer.handlePhaseOneInfo(AsyncTwoPhaseRulesAuthorizer.java:191)
	at com.google.cloud.datastore.core.auth.rules.AsyncTwoPhaseRulesAuthorizer.lambda$checkQueryRequest$0(AsyncTwoPhaseRulesAuthorizer.java:148)
	at com.google.cloud.datastore.computation.Remainder$Completed.thenCompose(Remainder.java:726)
	at com.google.cloud.datastore.computation.Remainder.thenCompose(Remainder.java:452)
	at com.google.cloud.datastore.core.auth.rules.AsyncTwoPhaseRulesAuthorizer.checkQueryRequest(AsyncTwoPhaseRulesAuthorizer.java:143)
	at com.google.cloud.datastore.emulator.impl.rules.DefaultEmulatorRulesAuthorizer.lambda$checkQuery$1(DefaultEmulatorRulesAuthorizer.java:198)
	at com.google.cloud.datastore.computation.Computation.run(Computation.java:81)
	at com.google.cloud.datastore.computation.Computation$Terminated.toFuture(Computation.java:947)
	at com.google.cloud.datastore.computation.Computation.toFuture(Computation.java:92)
	at com.google.cloud.datastore.emulator.impl.rules.DefaultEmulatorRulesAuthorizer.finish(DefaultEmulatorRulesAuthorizer.java:308)
	at com.google.cloud.datastore.emulator.impl.rules.DefaultEmulatorRulesAuthorizer.lambda$checkQuery$0(DefaultEmulatorRulesAuthorizer.java:195)
	at com.google.cloud.datastore.emulator.impl.rules.DefaultEmulatorRulesAuthorizer.withVerboseErrors(DefaultEmulatorRulesAuthorizer.java:321)
	... 29 more

Sep 03, 2026 8:59:46 PM io.gapi.emulators.netty.HttpHandler$1 onError
INFO: Exception when handling request: PERMISSION_DENIED: 
Null value error. for 'list' @ L33, Null value error. for 'list' @ L33
Sep 03, 2026 8:59:46 PM io.gapi.emulators.netty.HttpVersionRoutingHandler channelRead
INFO: Detected non-HTTP/2 connection.
Sep 03, 2026 8:59:46 PM io.gapi.emulators.netty.HttpVersionRoutingHandler channelRead
INFO: Detected non-HTTP/2 connection.
Sep 03, 2026 8:59:46 PM io.gapi.emulators.netty.HttpVersionRoutingHandler channelRead
INFO: Detected non-HTTP/2 connection.
Sep 03, 2026 8:59:46 PM com.google.cloud.datastore.emulator.firestore.webchannel.FirestoreV1WebChannelAdapter$FirestoreListenHandler onClose
INFO: channel closed
Sep 03, 2026 8:59:46 PM io.gapi.emulators.netty.HttpVersionRoutingHandler channelRead
INFO: Detected non-HTTP/2 connection.
Sep 03, 2026 8:59:46 PM io.gapi.emulators.netty.HttpVersionRoutingHandler channelRead
INFO: Detected non-HTTP/2 connection.
Sep 03, 2026 8:59:46 PM io.gapi.emulators.netty.HttpVersionRoutingHandler channelRead
INFO: Detected non-HTTP/2 connection.
Sep 03, 2026 8:59:46 PM com.google.cloud.datastore.emulator.firestore.webchannel.FirestoreV1WebChannelAdapter$FirestoreListenHandler onClose
INFO: channel closed
Sep 03, 2026 8:59:46 PM com.google.cloud.datastore.emulator.impl.util.WrappedStreamObserver onError
WARNING: Operation failed: 
evaluation error at L35:24 for 'list' @ L35, Null value error. for 'list' @ L35
com.google.cloud.datastore.core.exception.DatastoreException: 
evaluation error at L35:24 for 'list' @ L35, Null value error. for 'list' @ L35
	at com.google.cloud.datastore.core.exception.DatastoreException$Builder.build(DatastoreException.java:152)
	at com.google.cloud.datastore.emulator.impl.rules.DefaultEmulatorRulesAuthorizer.verboseError(DefaultEmulatorRulesAuthorizer.java:349)
	at com.google.cloud.datastore.emulator.impl.rules.DefaultEmulatorRulesAuthorizer.withVerboseErrors(DefaultEmulatorRulesAuthorizer.java:326)
	at com.google.cloud.datastore.emulator.impl.rules.DefaultEmulatorRulesAuthorizer.checkQuery(DefaultEmulatorRulesAuthorizer.java:193)
	at com.google.cloud.datastore.emulator.impl.firestore.FirestoreEmulatorHelper.ruleAuthorizeAndReadEntities(FirestoreEmulatorHelper.java:811)
	at com.google.cloud.datastore.emulator.impl.firestore.FirestoreEmulatorHelper.snapshotAggregationQuery(FirestoreEmulatorHelper.java:723)
	at com.google.cloud.datastore.emulator.impl.firestore.FirestoreEmulatorHelper.lambda$aggregationQuery$0(FirestoreEmulatorHelper.java:705)
	at com.google.cloud.datastore.emulator.impl.transactions.EmulatorTransactionManager$ReadOnlyTransaction.fold(EmulatorTransactionManager.java:432)
	at com.google.cloud.datastore.emulator.impl.firestore.FirestoreEmulatorHelper.aggregationQuery(FirestoreEmulatorHelper.java:704)
	at com.google.cloud.datastore.emulator.impl.firestore.CloudFirestoreV1.runAggregationQueryStandardEdition(CloudFirestoreV1.java:776)
	at com.google.cloud.datastore.emulator.impl.firestore.CloudFirestoreV1.runAggregationQuery(CloudFirestoreV1.java:751)
	at com.google.cloud.datastore.emulator.impl.firestore.CloudFirestoreV1Router.runAggregationQuery(CloudFirestoreV1Router.java:197)
	at com.google.cloud.datastore.emulator.firestore.v1.FirestoreV1GrpcAdapter$1.lambda$runAggregationQuery$0(FirestoreV1GrpcAdapter.java:185)
	at com.google.cloud.datastore.emulator.firestore.v1.FirestoreV1GrpcAdapter.streaming(FirestoreV1GrpcAdapter.java:82)
	at com.google.cloud.datastore.emulator.firestore.v1.FirestoreV1GrpcAdapter$1.runAggregationQuery(FirestoreV1GrpcAdapter.java:185)
	at com.google.firestore.v1.FirestoreGrpc$MethodHandlers.invoke(FirestoreGrpc.java:1420)
	at io.grpc.stub.ServerCalls$UnaryServerCallHandler$UnaryServerCallListener.onHalfClose(ServerCalls.java:182)
	at io.grpc.PartialForwardingServerCallListener.onHalfClose(PartialForwardingServerCallListener.java:35)
	at io.grpc.ForwardingServerCallListener.onHalfClose(ForwardingServerCallListener.java:23)
	at io.grpc.ForwardingServerCallListener$SimpleForwardingServerCallListener.onHalfClose(ForwardingServerCallListener.java:40)
	at io.grpc.Contexts$ContextualizedServerCallListener.onHalfClose(Contexts.java:86)
	at io.grpc.PartialForwardingServerCallListener.onHalfClose(PartialForwardingServerCallListener.java:35)
	at io.grpc.ForwardingServerCallListener.onHalfClose(ForwardingServerCallListener.java:23)
	at io.grpc.ForwardingServerCallListener$SimpleForwardingServerCallListener.onHalfClose(ForwardingServerCallListener.java:40)
	at io.grpc.Contexts$ContextualizedServerCallListener.onHalfClose(Contexts.java:86)
	at io.grpc.internal.ServerCallImpl$ServerStreamListenerImpl.halfClosed(ServerCallImpl.java:356)
	at io.grpc.internal.ServerImpl$JumpToApplicationThreadServerStreamListener$1HalfClosed.runInContext(ServerImpl.java:861)
	at io.grpc.internal.ContextRunnable.run(ContextRunnable.java:37)
	at io.grpc.internal.SerializingExecutor.run(SerializingExecutor.java:133)
	at java.base/java.util.concurrent.ThreadPoolExecutor.runWorker(ThreadPoolExecutor.java:1090)
	at java.base/java.util.concurrent.ThreadPoolExecutor$Worker.run(ThreadPoolExecutor.java:614)
	at java.base/java.lang.Thread.run(Thread.java:1516)
Caused by: com.google.firebase.rules.runtime.common.EvaluationException: Error: /var/folders/17/97zrc8dn5kj9m8sn51kc0h3w0000gn/T/fireside-query-rules-mmhX4C/firestore.rules line [35], column [125]. Null value error.
	at com.google.firebase.rules.runtime.impl.DefaultEvaluator$TransformEvaluationException.apply(DefaultEvaluator.java:275)
	at com.google.firebase.rules.runtime.impl.DefaultEvaluator$TransformEvaluationException.apply(DefaultEvaluator.java:261)
	at com.google.common.util.concurrent.AbstractCatchingFuture$AsyncCatchingFuture.doFallback(AbstractCatchingFuture.java:207)
	at com.google.common.util.concurrent.AbstractCatchingFuture$AsyncCatchingFuture.doFallback(AbstractCatchingFuture.java:194)
	at com.google.common.util.concurrent.AbstractCatchingFuture.run(AbstractCatchingFuture.java:136)
	at com.google.common.util.concurrent.DirectExecutor.execute(DirectExecutor.java:30)
	at com.google.common.util.concurrent.AbstractFuture.executeListener(AbstractFuture.java:1024)
	at com.google.common.util.concurrent.AbstractFuture.addListener(AbstractFuture.java:486)
	at com.google.common.util.concurrent.FluentFuture$TrustedFuture.addListener(FluentFuture.java:122)
	at com.google.common.util.concurrent.AbstractCatchingFuture.createAsync(AbstractCatchingFuture.java:58)
	at com.google.common.util.concurrent.Futures.catchingAsync(Futures.java:409)
	at com.google.firebase.rules.runtime.impl.DefaultEvaluator.evaluate(DefaultEvaluator.java:177)
	at com.google.cloud.datastore.emulator.impl.rules.EmulatorRuleClient$EmulatorRuleEvaluator.evaluate(EmulatorRuleClient.java:88)
	at com.google.cloud.datastore.core.auth.rules.AsyncTwoPhaseRulesAuthorizer.lambda$fullEvaluate$0(AsyncTwoPhaseRulesAuthorizer.java:1001)
	at com.google.cloud.datastore.computation.Computation.tryCatch(Computation.java:469)
	at com.google.cloud.datastore.core.auth.rules.AsyncTwoPhaseRulesAuthorizer.fullEvaluate(AsyncTwoPhaseRulesAuthorizer.java:1000)
	at com.google.cloud.datastore.core.auth.rules.AsyncTwoPhaseRulesAuthorizer.checkResource(AsyncTwoPhaseRulesAuthorizer.java:711)
	at com.google.cloud.datastore.core.auth.rules.AsyncTwoPhaseRulesAuthorizer.lambda$checkResources$0(AsyncTwoPhaseRulesAuthorizer.java:691)
	at com.google.cloud.datastore.computation.Computation.lambda$forEach$0(Computation.java:128)
	at com.google.cloud.datastore.computation.Computation.doWhile(Computation.java:212)
	at com.google.cloud.datastore.computation.Computation.lambda$whileTrue$2(Computation.java:151)
	at com.google.cloud.datastore.computation.Remainder$Completed.thenCompose(Remainder.java:726)
	at com.google.cloud.datastore.computation.Remainder.thenCompose(Remainder.java:452)
	at com.google.cloud.datastore.computation.Computation.whileTrue(Computation.java:151)
	at com.google.cloud.datastore.computation.Computation.whileTrue(Computation.java:133)
	at com.google.cloud.datastore.computation.Computation.forEach(Computation.java:128)
	at com.google.cloud.datastore.computation.Computation.forEach(Computation.java:123)
	at com.google.cloud.datastore.core.auth.rules.AsyncTwoPhaseRulesAuthorizer.checkResources(AsyncTwoPhaseRulesAuthorizer.java:689)
	at com.google.cloud.datastore.core.auth.rules.AsyncTwoPhaseRulesAuthorizer.handlePhaseOneInfo(AsyncTwoPhaseRulesAuthorizer.java:191)
	at com.google.cloud.datastore.core.auth.rules.AsyncTwoPhaseRulesAuthorizer.lambda$checkQueryRequest$0(AsyncTwoPhaseRulesAuthorizer.java:148)
	at com.google.cloud.datastore.computation.Remainder$Completed.thenCompose(Remainder.java:726)
	at com.google.cloud.datastore.computation.Remainder.thenCompose(Remainder.java:452)
	at com.google.cloud.datastore.core.auth.rules.AsyncTwoPhaseRulesAuthorizer.checkQueryRequest(AsyncTwoPhaseRulesAuthorizer.java:143)
	at com.google.cloud.datastore.emulator.impl.rules.DefaultEmulatorRulesAuthorizer.lambda$checkQuery$1(DefaultEmulatorRulesAuthorizer.java:198)
	at com.google.cloud.datastore.computation.Computation.run(Computation.java:81)
	at com.google.cloud.datastore.computation.Computation$Terminated.toFuture(Computation.java:947)
	at com.google.cloud.datastore.computation.Computation.toFuture(Computation.java:92)
	at com.google.cloud.datastore.emulator.impl.rules.DefaultEmulatorRulesAuthorizer.finish(DefaultEmulatorRulesAuthorizer.java:308)
	at com.google.cloud.datastore.emulator.impl.rules.DefaultEmulatorRulesAuthorizer.lambda$checkQuery$0(DefaultEmulatorRulesAuthorizer.java:195)
	at com.google.cloud.datastore.emulator.impl.rules.DefaultEmulatorRulesAuthorizer.withVerboseErrors(DefaultEmulatorRulesAuthorizer.java:321)
	... 29 more

Sep 03, 2026 8:59:46 PM io.gapi.emulators.netty.HttpHandler$1 onError
INFO: Exception when handling request: PERMISSION_DENIED: 
evaluation error at L35:24 for 'list' @ L35, Null value error. for 'list' @ L35
Sep 03, 2026 8:59:46 PM io.gapi.emulators.netty.HttpVersionRoutingHandler channelRead
INFO: Detected non-HTTP/2 connection.
Sep 03, 2026 8:59:46 PM io.gapi.emulators.netty.HttpVersionRoutingHandler channelRead
INFO: Detected non-HTTP/2 connection.
Sep 03, 2026 8:59:46 PM io.gapi.emulators.netty.HttpVersionRoutingHandler channelRead
INFO: Detected non-HTTP/2 connection.
Sep 03, 2026 8:59:46 PM com.google.cloud.datastore.emulator.firestore.webchannel.FirestoreV1WebChannelAdapter$FirestoreListenHandler onClose
INFO: channel closed
Sep 03, 2026 8:59:46 PM com.google.cloud.datastore.emulator.impl.util.WrappedStreamObserver onError
WARNING: Operation failed: 
evaluation error at L35:24 for 'list' @ L35, Null value error. for 'list' @ L35
com.google.cloud.datastore.core.exception.DatastoreException: 
evaluation error at L35:24 for 'list' @ L35, Null value error. for 'list' @ L35
	at com.google.cloud.datastore.core.exception.DatastoreException$Builder.build(DatastoreException.java:152)
	at com.google.cloud.datastore.emulator.impl.rules.DefaultEmulatorRulesAuthorizer.verboseError(DefaultEmulatorRulesAuthorizer.java:349)
	at com.google.cloud.datastore.emulator.impl.rules.DefaultEmulatorRulesAuthorizer.withVerboseErrors(DefaultEmulatorRulesAuthorizer.java:326)
	at com.google.cloud.datastore.emulator.impl.rules.DefaultEmulatorRulesAuthorizer.checkQuery(DefaultEmulatorRulesAuthorizer.java:193)
	at com.google.cloud.datastore.emulator.impl.firestore.FirestoreEmulatorHelper.ruleAuthorizeAndReadEntities(FirestoreEmulatorHelper.java:811)
	at com.google.cloud.datastore.emulator.impl.firestore.FirestoreEmulatorHelper.snapshotAggregationQuery(FirestoreEmulatorHelper.java:723)
	at com.google.cloud.datastore.emulator.impl.firestore.FirestoreEmulatorHelper.lambda$aggregationQuery$0(FirestoreEmulatorHelper.java:705)
	at com.google.cloud.datastore.emulator.impl.transactions.EmulatorTransactionManager$ReadOnlyTransaction.fold(EmulatorTransactionManager.java:432)
	at com.google.cloud.datastore.emulator.impl.firestore.FirestoreEmulatorHelper.aggregationQuery(FirestoreEmulatorHelper.java:704)
	at com.google.cloud.datastore.emulator.impl.firestore.CloudFirestoreV1.runAggregationQueryStandardEdition(CloudFirestoreV1.java:776)
	at com.google.cloud.datastore.emulator.impl.firestore.CloudFirestoreV1.runAggregationQuery(CloudFirestoreV1.java:751)
	at com.google.cloud.datastore.emulator.impl.firestore.CloudFirestoreV1Router.runAggregationQuery(CloudFirestoreV1Router.java:197)
	at com.google.cloud.datastore.emulator.firestore.v1.FirestoreV1GrpcAdapter$1.lambda$runAggregationQuery$0(FirestoreV1GrpcAdapter.java:185)
	at com.google.cloud.datastore.emulator.firestore.v1.FirestoreV1GrpcAdapter.streaming(FirestoreV1GrpcAdapter.java:82)
	at com.google.cloud.datastore.emulator.firestore.v1.FirestoreV1GrpcAdapter$1.runAggregationQuery(FirestoreV1GrpcAdapter.java:185)
	at com.google.firestore.v1.FirestoreGrpc$MethodHandlers.invoke(FirestoreGrpc.java:1420)
	at io.grpc.stub.ServerCalls$UnaryServerCallHandler$UnaryServerCallListener.onHalfClose(ServerCalls.java:182)
	at io.grpc.PartialForwardingServerCallListener.onHalfClose(PartialForwardingServerCallListener.java:35)
	at io.grpc.ForwardingServerCallListener.onHalfClose(ForwardingServerCallListener.java:23)
	at io.grpc.ForwardingServerCallListener$SimpleForwardingServerCallListener.onHalfClose(ForwardingServerCallListener.java:40)
	at io.grpc.Contexts$ContextualizedServerCallListener.onHalfClose(Contexts.java:86)
	at io.grpc.PartialForwardingServerCallListener.onHalfClose(PartialForwardingServerCallListener.java:35)
	at io.grpc.ForwardingServerCallListener.onHalfClose(ForwardingServerCallListener.java:23)
	at io.grpc.ForwardingServerCallListener$SimpleForwardingServerCallListener.onHalfClose(ForwardingServerCallListener.java:40)
	at io.grpc.Contexts$ContextualizedServerCallListener.onHalfClose(Contexts.java:86)
	at io.grpc.internal.ServerCallImpl$ServerStreamListenerImpl.halfClosed(ServerCallImpl.java:356)
	at io.grpc.internal.ServerImpl$JumpToApplicationThreadServerStreamListener$1HalfClosed.runInContext(ServerImpl.java:861)
	at io.grpc.internal.ContextRunnable.run(ContextRunnable.java:37)
	at io.grpc.internal.SerializingExecutor.run(SerializingExecutor.java:133)
	at java.base/java.util.concurrent.ThreadPoolExecutor.runWorker(ThreadPoolExecutor.java:1090)
	at java.base/java.util.concurrent.ThreadPoolExecutor$Worker.run(ThreadPoolExecutor.java:614)
	at java.base/java.lang.Thread.run(Thread.java:1516)
Caused by: com.google.firebase.rules.runtime.common.EvaluationException: Error: /var/folders/17/97zrc8dn5kj9m8sn51kc0h3w0000gn/T/fireside-query-rules-mmhX4C/firestore.rules line [25], column [39]. Null value error.
	at com.google.firebase.rules.runtime.impl.DefaultEvaluator$TransformEvaluationException.apply(DefaultEvaluator.java:275)
	at com.google.firebase.rules.runtime.impl.DefaultEvaluator$TransformEvaluationException.apply(DefaultEvaluator.java:261)
	at com.google.common.util.concurrent.AbstractCatchingFuture$AsyncCatchingFuture.doFallback(AbstractCatchingFuture.java:207)
	at com.google.common.util.concurrent.AbstractCatchingFuture$AsyncCatchingFuture.doFallback(AbstractCatchingFuture.java:194)
	at com.google.common.util.concurrent.AbstractCatchingFuture.run(AbstractCatchingFuture.java:136)
	at com.google.common.util.concurrent.DirectExecutor.execute(DirectExecutor.java:30)
	at com.google.common.util.concurrent.AbstractFuture.executeListener(AbstractFuture.java:1024)
	at com.google.common.util.concurrent.AbstractFuture.addListener(AbstractFuture.java:486)
	at com.google.common.util.concurrent.FluentFuture$TrustedFuture.addListener(FluentFuture.java:122)
	at com.google.common.util.concurrent.AbstractCatchingFuture.createAsync(AbstractCatchingFuture.java:58)
	at com.google.common.util.concurrent.Futures.catchingAsync(Futures.java:409)
	at com.google.firebase.rules.runtime.impl.DefaultEvaluator.evaluate(DefaultEvaluator.java:177)
	at com.google.cloud.datastore.emulator.impl.rules.EmulatorRuleClient$EmulatorRuleEvaluator.evaluate(EmulatorRuleClient.java:88)
	at com.google.cloud.datastore.core.auth.rules.AsyncTwoPhaseRulesAuthorizer.lambda$fullEvaluate$0(AsyncTwoPhaseRulesAuthorizer.java:1001)
	at com.google.cloud.datastore.computation.Computation.tryCatch(Computation.java:469)
	at com.google.cloud.datastore.core.auth.rules.AsyncTwoPhaseRulesAuthorizer.fullEvaluate(AsyncTwoPhaseRulesAuthorizer.java:1000)
	at com.google.cloud.datastore.core.auth.rules.AsyncTwoPhaseRulesAuthorizer.checkResource(AsyncTwoPhaseRulesAuthorizer.java:711)
	at com.google.cloud.datastore.core.auth.rules.AsyncTwoPhaseRulesAuthorizer.lambda$checkResources$0(AsyncTwoPhaseRulesAuthorizer.java:691)
	at com.google.cloud.datastore.computation.Computation.lambda$forEach$0(Computation.java:128)
	at com.google.cloud.datastore.computation.Computation.doWhile(Computation.java:212)
	at com.google.cloud.datastore.computation.Computation.lambda$whileTrue$2(Computation.java:151)
	at com.google.cloud.datastore.computation.Remainder$Completed.thenCompose(Remainder.java:726)
	at com.google.cloud.datastore.computation.Remainder.thenCompose(Remainder.java:452)
	at com.google.cloud.datastore.computation.Computation.whileTrue(Computation.java:151)
	at com.google.cloud.datastore.computation.Computation.whileTrue(Computation.java:133)
	at com.google.cloud.datastore.computation.Computation.forEach(Computation.java:128)
	at com.google.cloud.datastore.computation.Computation.forEach(Computation.java:123)
	at com.google.cloud.datastore.core.auth.rules.AsyncTwoPhaseRulesAuthorizer.checkResources(AsyncTwoPhaseRulesAuthorizer.java:689)
	at com.google.cloud.datastore.core.auth.rules.AsyncTwoPhaseRulesAuthorizer.handlePhaseOneInfo(AsyncTwoPhaseRulesAuthorizer.java:191)
	at com.google.cloud.datastore.core.auth.rules.AsyncTwoPhaseRulesAuthorizer.lambda$checkQueryRequest$0(AsyncTwoPhaseRulesAuthorizer.java:148)
	at com.google.cloud.datastore.computation.Remainder$Completed.thenCompose(Remainder.java:726)
	at com.google.cloud.datastore.computation.Remainder.thenCompose(Remainder.java:452)
	at com.google.cloud.datastore.core.auth.rules.AsyncTwoPhaseRulesAuthorizer.checkQueryRequest(AsyncTwoPhaseRulesAuthorizer.java:143)
	at com.google.cloud.datastore.emulator.impl.rules.DefaultEmulatorRulesAuthorizer.lambda$checkQuery$1(DefaultEmulatorRulesAuthorizer.java:198)
	at com.google.cloud.datastore.computation.Computation.run(Computation.java:81)
	at com.google.cloud.datastore.computation.Computation$Terminated.toFuture(Computation.java:947)
	at com.google.cloud.datastore.computation.Computation.toFuture(Computation.java:92)
	at com.google.cloud.datastore.emulator.impl.rules.DefaultEmulatorRulesAuthorizer.finish(DefaultEmulatorRulesAuthorizer.java:308)
	at com.google.cloud.datastore.emulator.impl.rules.DefaultEmulatorRulesAuthorizer.lambda$checkQuery$0(DefaultEmulatorRulesAuthorizer.java:195)
	at com.google.cloud.datastore.emulator.impl.rules.DefaultEmulatorRulesAuthorizer.withVerboseErrors(DefaultEmulatorRulesAuthorizer.java:321)
	... 29 more

Sep 03, 2026 8:59:46 PM io.gapi.emulators.netty.HttpHandler$1 onError
INFO: Exception when handling request: PERMISSION_DENIED: 
evaluation error at L35:24 for 'list' @ L35, Null value error. for 'list' @ L35
Sep 03, 2026 8:59:46 PM io.gapi.emulators.netty.HttpVersionRoutingHandler channelRead
INFO: Detected non-HTTP/2 connection.
Sep 03, 2026 8:59:46 PM io.gapi.emulators.netty.HttpVersionRoutingHandler channelRead
INFO: Detected non-HTTP/2 connection.
Sep 03, 2026 8:59:46 PM io.gapi.emulators.netty.HttpVersionRoutingHandler channelRead
INFO: Detected non-HTTP/2 connection.
Sep 03, 2026 8:59:46 PM com.google.cloud.datastore.emulator.firestore.webchannel.FirestoreV1WebChannelAdapter$FirestoreListenHandler onClose
INFO: channel closed
Sep 03, 2026 8:59:46 PM com.google.cloud.datastore.emulator.impl.util.WrappedStreamObserver onError
WARNING: Operation failed: 
Null value error. for 'list' @ L37
com.google.cloud.datastore.core.exception.DatastoreException: 
Null value error. for 'list' @ L37
	at com.google.cloud.datastore.core.exception.DatastoreException$Builder.build(DatastoreException.java:152)
	at com.google.cloud.datastore.emulator.impl.rules.DefaultEmulatorRulesAuthorizer.verboseError(DefaultEmulatorRulesAuthorizer.java:349)
	at com.google.cloud.datastore.emulator.impl.rules.DefaultEmulatorRulesAuthorizer.withVerboseErrors(DefaultEmulatorRulesAuthorizer.java:326)
	at com.google.cloud.datastore.emulator.impl.rules.DefaultEmulatorRulesAuthorizer.checkQuery(DefaultEmulatorRulesAuthorizer.java:193)
	at com.google.cloud.datastore.emulator.impl.firestore.FirestoreEmulatorHelper.ruleAuthorizeAndReadEntities(FirestoreEmulatorHelper.java:811)
	at com.google.cloud.datastore.emulator.impl.firestore.FirestoreEmulatorHelper.snapshotAggregationQuery(FirestoreEmulatorHelper.java:723)
	at com.google.cloud.datastore.emulator.impl.firestore.FirestoreEmulatorHelper.lambda$aggregationQuery$0(FirestoreEmulatorHelper.java:705)
	at com.google.cloud.datastore.emulator.impl.transactions.EmulatorTransactionManager$ReadOnlyTransaction.fold(EmulatorTransactionManager.java:432)
	at com.google.cloud.datastore.emulator.impl.firestore.FirestoreEmulatorHelper.aggregationQuery(FirestoreEmulatorHelper.java:704)
	at com.google.cloud.datastore.emulator.impl.firestore.CloudFirestoreV1.runAggregationQueryStandardEdition(CloudFirestoreV1.java:776)
	at com.google.cloud.datastore.emulator.impl.firestore.CloudFirestoreV1.runAggregationQuery(CloudFirestoreV1.java:751)
	at com.google.cloud.datastore.emulator.impl.firestore.CloudFirestoreV1Router.runAggregationQuery(CloudFirestoreV1Router.java:197)
	at com.google.cloud.datastore.emulator.firestore.v1.FirestoreV1GrpcAdapter$1.lambda$runAggregationQuery$0(FirestoreV1GrpcAdapter.java:185)
	at com.google.cloud.datastore.emulator.firestore.v1.FirestoreV1GrpcAdapter.streaming(FirestoreV1GrpcAdapter.java:82)
	at com.google.cloud.datastore.emulator.firestore.v1.FirestoreV1GrpcAdapter$1.runAggregationQuery(FirestoreV1GrpcAdapter.java:185)
	at com.google.firestore.v1.FirestoreGrpc$MethodHandlers.invoke(FirestoreGrpc.java:1420)
	at io.grpc.stub.ServerCalls$UnaryServerCallHandler$UnaryServerCallListener.onHalfClose(ServerCalls.java:182)
	at io.grpc.PartialForwardingServerCallListener.onHalfClose(PartialForwardingServerCallListener.java:35)
	at io.grpc.ForwardingServerCallListener.onHalfClose(ForwardingServerCallListener.java:23)
	at io.grpc.ForwardingServerCallListener$SimpleForwardingServerCallListener.onHalfClose(ForwardingServerCallListener.java:40)
	at io.grpc.Contexts$ContextualizedServerCallListener.onHalfClose(Contexts.java:86)
	at io.grpc.PartialForwardingServerCallListener.onHalfClose(PartialForwardingServerCallListener.java:35)
	at io.grpc.ForwardingServerCallListener.onHalfClose(ForwardingServerCallListener.java:23)
	at io.grpc.ForwardingServerCallListener$SimpleForwardingServerCallListener.onHalfClose(ForwardingServerCallListener.java:40)
	at io.grpc.Contexts$ContextualizedServerCallListener.onHalfClose(Contexts.java:86)
	at io.grpc.internal.ServerCallImpl$ServerStreamListenerImpl.halfClosed(ServerCallImpl.java:356)
	at io.grpc.internal.ServerImpl$JumpToApplicationThreadServerStreamListener$1HalfClosed.runInContext(ServerImpl.java:861)
	at io.grpc.internal.ContextRunnable.run(ContextRunnable.java:37)
	at io.grpc.internal.SerializingExecutor.run(SerializingExecutor.java:133)
	at java.base/java.util.concurrent.ThreadPoolExecutor.runWorker(ThreadPoolExecutor.java:1090)
	at java.base/java.util.concurrent.ThreadPoolExecutor$Worker.run(ThreadPoolExecutor.java:614)
	at java.base/java.lang.Thread.run(Thread.java:1516)

Sep 03, 2026 8:59:46 PM io.gapi.emulators.netty.HttpHandler$1 onError
INFO: Exception when handling request: PERMISSION_DENIED: 
Null value error. for 'list' @ L37
Sep 03, 2026 8:59:46 PM io.gapi.emulators.netty.HttpVersionRoutingHandler channelRead
INFO: Detected non-HTTP/2 connection.
Sep 03, 2026 8:59:46 PM io.gapi.emulators.netty.HttpVersionRoutingHandler channelRead
INFO: Detected non-HTTP/2 connection.
Sep 03, 2026 8:59:46 PM io.gapi.emulators.netty.HttpVersionRoutingHandler channelRead
INFO: Detected non-HTTP/2 connection.
Sep 03, 2026 8:59:46 PM com.google.cloud.datastore.emulator.firestore.webchannel.FirestoreV1WebChannelAdapter$FirestoreListenHandler onClose
INFO: channel closed
Sep 03, 2026 8:59:46 PM com.google.cloud.datastore.emulator.impl.util.WrappedStreamObserver onError
WARNING: Operation failed: 
Null value error. for 'list' @ L37
com.google.cloud.datastore.core.exception.DatastoreException: 
Null value error. for 'list' @ L37
	at com.google.cloud.datastore.core.exception.DatastoreException$Builder.build(DatastoreException.java:152)
	at com.google.cloud.datastore.emulator.impl.rules.DefaultEmulatorRulesAuthorizer.verboseError(DefaultEmulatorRulesAuthorizer.java:349)
	at com.google.cloud.datastore.emulator.impl.rules.DefaultEmulatorRulesAuthorizer.withVerboseErrors(DefaultEmulatorRulesAuthorizer.java:326)
	at com.google.cloud.datastore.emulator.impl.rules.DefaultEmulatorRulesAuthorizer.checkQuery(DefaultEmulatorRulesAuthorizer.java:193)
	at com.google.cloud.datastore.emulator.impl.firestore.FirestoreEmulatorHelper.ruleAuthorizeAndReadEntities(FirestoreEmulatorHelper.java:811)
	at com.google.cloud.datastore.emulator.impl.firestore.FirestoreEmulatorHelper.snapshotAggregationQuery(FirestoreEmulatorHelper.java:723)
	at com.google.cloud.datastore.emulator.impl.firestore.FirestoreEmulatorHelper.lambda$aggregationQuery$0(FirestoreEmulatorHelper.java:705)
	at com.google.cloud.datastore.emulator.impl.transactions.EmulatorTransactionManager$ReadOnlyTransaction.fold(EmulatorTransactionManager.java:432)
	at com.google.cloud.datastore.emulator.impl.firestore.FirestoreEmulatorHelper.aggregationQuery(FirestoreEmulatorHelper.java:704)
	at com.google.cloud.datastore.emulator.impl.firestore.CloudFirestoreV1.runAggregationQueryStandardEdition(CloudFirestoreV1.java:776)
	at com.google.cloud.datastore.emulator.impl.firestore.CloudFirestoreV1.runAggregationQuery(CloudFirestoreV1.java:751)
	at com.google.cloud.datastore.emulator.impl.firestore.CloudFirestoreV1Router.runAggregationQuery(CloudFirestoreV1Router.java:197)
	at com.google.cloud.datastore.emulator.firestore.v1.FirestoreV1GrpcAdapter$1.lambda$runAggregationQuery$0(FirestoreV1GrpcAdapter.java:185)
	at com.google.cloud.datastore.emulator.firestore.v1.FirestoreV1GrpcAdapter.streaming(FirestoreV1GrpcAdapter.java:82)
	at com.google.cloud.datastore.emulator.firestore.v1.FirestoreV1GrpcAdapter$1.runAggregationQuery(FirestoreV1GrpcAdapter.java:185)
	at com.google.firestore.v1.FirestoreGrpc$MethodHandlers.invoke(FirestoreGrpc.java:1420)
	at io.grpc.stub.ServerCalls$UnaryServerCallHandler$UnaryServerCallListener.onHalfClose(ServerCalls.java:182)
	at io.grpc.PartialForwardingServerCallListener.onHalfClose(PartialForwardingServerCallListener.java:35)
	at io.grpc.ForwardingServerCallListener.onHalfClose(ForwardingServerCallListener.java:23)
	at io.grpc.ForwardingServerCallListener$SimpleForwardingServerCallListener.onHalfClose(ForwardingServerCallListener.java:40)
	at io.grpc.Contexts$ContextualizedServerCallListener.onHalfClose(Contexts.java:86)
	at io.grpc.PartialForwardingServerCallListener.onHalfClose(PartialForwardingServerCallListener.java:35)
	at io.grpc.ForwardingServerCallListener.onHalfClose(ForwardingServerCallListener.java:23)
	at io.grpc.ForwardingServerCallListener$SimpleForwardingServerCallListener.onHalfClose(ForwardingServerCallListener.java:40)
	at io.grpc.Contexts$ContextualizedServerCallListener.onHalfClose(Contexts.java:86)
	at io.grpc.internal.ServerCallImpl$ServerStreamListenerImpl.halfClosed(ServerCallImpl.java:356)
	at io.grpc.internal.ServerImpl$JumpToApplicationThreadServerStreamListener$1HalfClosed.runInContext(ServerImpl.java:861)
	at io.grpc.internal.ContextRunnable.run(ContextRunnable.java:37)
	at io.grpc.internal.SerializingExecutor.run(SerializingExecutor.java:133)
	at java.base/java.util.concurrent.ThreadPoolExecutor.runWorker(ThreadPoolExecutor.java:1090)
	at java.base/java.util.concurrent.ThreadPoolExecutor$Worker.run(ThreadPoolExecutor.java:614)
	at java.base/java.lang.Thread.run(Thread.java:1516)

Sep 03, 2026 8:59:46 PM io.gapi.emulators.netty.HttpHandler$1 onError
INFO: Exception when handling request: PERMISSION_DENIED: 
Null value error. for 'list' @ L37
Sep 03, 2026 8:59:46 PM io.gapi.emulators.netty.HttpVersionRoutingHandler channelRead
INFO: Detected non-HTTP/2 connection.
Sep 03, 2026 8:59:46 PM io.gapi.emulators.netty.HttpVersionRoutingHandler channelRead
INFO: Detected non-HTTP/2 connection.
Sep 03, 2026 8:59:46 PM io.gapi.emulators.netty.HttpVersionRoutingHandler channelRead
INFO: Detected non-HTTP/2 connection.
Sep 03, 2026 8:59:46 PM com.google.cloud.datastore.emulator.firestore.webchannel.FirestoreV1WebChannelAdapter$FirestoreListenHandler onClose
INFO: channel closed
Sep 03, 2026 8:59:46 PM com.google.cloud.datastore.emulator.impl.util.WrappedStreamObserver onError
WARNING: Operation failed: 
Null value error. for 'list' @ L37
com.google.cloud.datastore.core.exception.DatastoreException: 
Null value error. for 'list' @ L37
	at com.google.cloud.datastore.core.exception.DatastoreException$Builder.build(DatastoreException.java:152)
	at com.google.cloud.datastore.emulator.impl.rules.DefaultEmulatorRulesAuthorizer.verboseError(DefaultEmulatorRulesAuthorizer.java:349)
	at com.google.cloud.datastore.emulator.impl.rules.DefaultEmulatorRulesAuthorizer.withVerboseErrors(DefaultEmulatorRulesAuthorizer.java:326)
	at com.google.cloud.datastore.emulator.impl.rules.DefaultEmulatorRulesAuthorizer.checkQuery(DefaultEmulatorRulesAuthorizer.java:193)
	at com.google.cloud.datastore.emulator.impl.firestore.FirestoreEmulatorHelper.ruleAuthorizeAndReadEntities(FirestoreEmulatorHelper.java:811)
	at com.google.cloud.datastore.emulator.impl.firestore.FirestoreEmulatorHelper.snapshotAggregationQuery(FirestoreEmulatorHelper.java:723)
	at com.google.cloud.datastore.emulator.impl.firestore.FirestoreEmulatorHelper.lambda$aggregationQuery$0(FirestoreEmulatorHelper.java:705)
	at com.google.cloud.datastore.emulator.impl.transactions.EmulatorTransactionManager$ReadOnlyTransaction.fold(EmulatorTransactionManager.java:432)
	at com.google.cloud.datastore.emulator.impl.firestore.FirestoreEmulatorHelper.aggregationQuery(FirestoreEmulatorHelper.java:704)
	at com.google.cloud.datastore.emulator.impl.firestore.CloudFirestoreV1.runAggregationQueryStandardEdition(CloudFirestoreV1.java:776)
	at com.google.cloud.datastore.emulator.impl.firestore.CloudFirestoreV1.runAggregationQuery(CloudFirestoreV1.java:751)
	at com.google.cloud.datastore.emulator.impl.firestore.CloudFirestoreV1Router.runAggregationQuery(CloudFirestoreV1Router.java:197)
	at com.google.cloud.datastore.emulator.firestore.v1.FirestoreV1GrpcAdapter$1.lambda$runAggregationQuery$0(FirestoreV1GrpcAdapter.java:185)
	at com.google.cloud.datastore.emulator.firestore.v1.FirestoreV1GrpcAdapter.streaming(FirestoreV1GrpcAdapter.java:82)
	at com.google.cloud.datastore.emulator.firestore.v1.FirestoreV1GrpcAdapter$1.runAggregationQuery(FirestoreV1GrpcAdapter.java:185)
	at com.google.firestore.v1.FirestoreGrpc$MethodHandlers.invoke(FirestoreGrpc.java:1420)
	at io.grpc.stub.ServerCalls$UnaryServerCallHandler$UnaryServerCallListener.onHalfClose(ServerCalls.java:182)
	at io.grpc.PartialForwardingServerCallListener.onHalfClose(PartialForwardingServerCallListener.java:35)
	at io.grpc.ForwardingServerCallListener.onHalfClose(ForwardingServerCallListener.java:23)
	at io.grpc.ForwardingServerCallListener$SimpleForwardingServerCallListener.onHalfClose(ForwardingServerCallListener.java:40)
	at io.grpc.Contexts$ContextualizedServerCallListener.onHalfClose(Contexts.java:86)
	at io.grpc.PartialForwardingServerCallListener.onHalfClose(PartialForwardingServerCallListener.java:35)
	at io.grpc.ForwardingServerCallListener.onHalfClose(ForwardingServerCallListener.java:23)
	at io.grpc.ForwardingServerCallListener$SimpleForwardingServerCallListener.onHalfClose(ForwardingServerCallListener.java:40)
	at io.grpc.Contexts$ContextualizedServerCallListener.onHalfClose(Contexts.java:86)
	at io.grpc.internal.ServerCallImpl$ServerStreamListenerImpl.halfClosed(ServerCallImpl.java:356)
	at io.grpc.internal.ServerImpl$JumpToApplicationThreadServerStreamListener$1HalfClosed.runInContext(ServerImpl.java:861)
	at io.grpc.internal.ContextRunnable.run(ContextRunnable.java:37)
	at io.grpc.internal.SerializingExecutor.run(SerializingExecutor.java:133)
	at java.base/java.util.concurrent.ThreadPoolExecutor.runWorker(ThreadPoolExecutor.java:1090)
	at java.base/java.util.concurrent.ThreadPoolExecutor$Worker.run(ThreadPoolExecutor.java:614)
	at java.base/java.lang.Thread.run(Thread.java:1516)

Sep 03, 2026 8:59:46 PM io.gapi.emulators.netty.HttpHandler$1 onError
INFO: Exception when handling request: PERMISSION_DENIED: 
Null value error. for 'list' @ L37
Sep 03, 2026 8:59:46 PM io.gapi.emulators.netty.HttpVersionRoutingHandler channelRead
INFO: Detected non-HTTP/2 connection.
Sep 03, 2026 8:59:46 PM io.gapi.emulators.netty.HttpVersionRoutingHandler channelRead
INFO: Detected non-HTTP/2 connection.
Sep 03, 2026 8:59:46 PM io.gapi.emulators.netty.HttpVersionRoutingHandler channelRead
INFO: Detected non-HTTP/2 connection.
Sep 03, 2026 8:59:46 PM com.google.cloud.datastore.emulator.firestore.webchannel.FirestoreV1WebChannelAdapter$FirestoreListenHandler onClose
INFO: channel closed
Sep 03, 2026 8:59:46 PM io.gapi.emulators.netty.HttpVersionRoutingHandler channelRead
INFO: Detected non-HTTP/2 connection.
Sep 03, 2026 8:59:46 PM io.gapi.emulators.netty.HttpVersionRoutingHandler channelRead
INFO: Detected non-HTTP/2 connection.
Sep 03, 2026 8:59:46 PM io.gapi.emulators.netty.HttpVersionRoutingHandler channelRead
INFO: Detected non-HTTP/2 connection.
Sep 03, 2026 8:59:46 PM com.google.cloud.datastore.emulator.firestore.webchannel.FirestoreV1WebChannelAdapter$FirestoreListenHandler onClose
INFO: channel closed
Sep 03, 2026 8:59:46 PM io.gapi.emulators.netty.HttpVersionRoutingHandler channelRead
INFO: Detected non-HTTP/2 connection.
Sep 03, 2026 8:59:46 PM io.gapi.emulators.netty.HttpVersionRoutingHandler channelRead
INFO: Detected non-HTTP/2 connection.
Sep 03, 2026 8:59:46 PM io.gapi.emulators.netty.HttpVersionRoutingHandler channelRead
INFO: Detected non-HTTP/2 connection.
Sep 03, 2026 8:59:46 PM com.google.cloud.datastore.emulator.firestore.webchannel.FirestoreV1WebChannelAdapter$FirestoreListenHandler onClose
INFO: channel closed
Sep 03, 2026 8:59:46 PM io.gapi.emulators.netty.HttpVersionRoutingHandler channelRead
INFO: Detected non-HTTP/2 connection.
Sep 03, 2026 8:59:46 PM io.gapi.emulators.netty.HttpVersionRoutingHandler channelRead
INFO: Detected non-HTTP/2 connection.
Sep 03, 2026 8:59:46 PM io.gapi.emulators.netty.HttpVersionRoutingHandler channelRead
INFO: Detected non-HTTP/2 connection.
Sep 03, 2026 8:59:46 PM com.google.cloud.datastore.emulator.firestore.webchannel.FirestoreV1WebChannelAdapter$FirestoreListenHandler onClose
INFO: channel closed
Sep 03, 2026 8:59:46 PM io.gapi.emulators.netty.HttpVersionRoutingHandler channelRead
INFO: Detected non-HTTP/2 connection.
Sep 03, 2026 8:59:46 PM io.gapi.emulators.netty.HttpVersionRoutingHandler channelRead
INFO: Detected non-HTTP/2 connection.
Sep 03, 2026 8:59:46 PM io.gapi.emulators.netty.HttpVersionRoutingHandler channelRead
INFO: Detected non-HTTP/2 connection.
Sep 03, 2026 8:59:46 PM com.google.cloud.datastore.emulator.firestore.webchannel.FirestoreV1WebChannelAdapter$FirestoreListenHandler onClose
INFO: channel closed
Sep 03, 2026 8:59:46 PM io.gapi.emulators.netty.HttpVersionRoutingHandler channelRead
INFO: Detected non-HTTP/2 connection.
Sep 03, 2026 8:59:46 PM io.gapi.emulators.netty.HttpVersionRoutingHandler channelRead
INFO: Detected non-HTTP/2 connection.
Sep 03, 2026 8:59:46 PM io.gapi.emulators.netty.HttpVersionRoutingHandler channelRead
INFO: Detected non-HTTP/2 connection.
Sep 03, 2026 8:59:46 PM com.google.cloud.datastore.emulator.firestore.webchannel.FirestoreV1WebChannelAdapter$FirestoreListenHandler onClose
INFO: channel closed
Sep 03, 2026 8:59:46 PM io.gapi.emulators.netty.HttpVersionRoutingHandler channelRead
INFO: Detected non-HTTP/2 connection.
Sep 03, 2026 8:59:46 PM io.gapi.emulators.netty.HttpVersionRoutingHandler channelRead
INFO: Detected non-HTTP/2 connection.
Sep 03, 2026 8:59:46 PM io.gapi.emulators.netty.HttpVersionRoutingHandler channelRead
INFO: Detected non-HTTP/2 connection.
Sep 03, 2026 8:59:46 PM com.google.cloud.datastore.emulator.firestore.webchannel.FirestoreV1WebChannelAdapter$FirestoreListenHandler onClose
INFO: channel closed
Sep 03, 2026 8:59:46 PM io.gapi.emulators.netty.HttpVersionRoutingHandler channelRead
INFO: Detected non-HTTP/2 connection.
Sep 03, 2026 8:59:46 PM io.gapi.emulators.netty.HttpVersionRoutingHandler channelRead
INFO: Detected non-HTTP/2 connection.
Sep 03, 2026 8:59:46 PM io.gapi.emulators.netty.HttpVersionRoutingHandler channelRead
INFO: Detected non-HTTP/2 connection.
Sep 03, 2026 8:59:46 PM com.google.cloud.datastore.emulator.firestore.webchannel.FirestoreV1WebChannelAdapter$FirestoreListenHandler onClose
INFO: channel closed
Sep 03, 2026 8:59:46 PM io.gapi.emulators.netty.HttpVersionRoutingHandler channelRead
INFO: Detected non-HTTP/2 connection.
Sep 03, 2026 8:59:46 PM io.gapi.emulators.netty.HttpVersionRoutingHandler channelRead
INFO: Detected non-HTTP/2 connection.
Sep 03, 2026 8:59:46 PM io.gapi.emulators.netty.HttpVersionRoutingHandler channelRead
INFO: Detected non-HTTP/2 connection.
Sep 03, 2026 8:59:46 PM com.google.cloud.datastore.emulator.firestore.webchannel.FirestoreV1WebChannelAdapter$FirestoreListenHandler onClose
INFO: channel closed
Sep 03, 2026 8:59:46 PM io.gapi.emulators.netty.HttpVersionRoutingHandler channelRead
INFO: Detected non-HTTP/2 connection.
Sep 03, 2026 8:59:46 PM io.gapi.emulators.netty.HttpVersionRoutingHandler channelRead
INFO: Detected non-HTTP/2 connection.
Sep 03, 2026 8:59:46 PM io.gapi.emulators.netty.HttpVersionRoutingHandler channelRead
INFO: Detected non-HTTP/2 connection.
Sep 03, 2026 8:59:46 PM com.google.cloud.datastore.emulator.firestore.webchannel.FirestoreV1WebChannelAdapter$FirestoreListenHandler onClose
INFO: channel closed
Sep 03, 2026 8:59:46 PM io.gapi.emulators.netty.HttpVersionRoutingHandler channelRead
INFO: Detected non-HTTP/2 connection.
Sep 03, 2026 8:59:46 PM io.gapi.emulators.netty.HttpVersionRoutingHandler channelRead
INFO: Detected non-HTTP/2 connection.
Sep 03, 2026 8:59:46 PM io.gapi.emulators.netty.HttpVersionRoutingHandler channelRead
INFO: Detected non-HTTP/2 connection.
Sep 03, 2026 8:59:46 PM com.google.cloud.datastore.emulator.firestore.webchannel.FirestoreV1WebChannelAdapter$FirestoreListenHandler onClose
INFO: channel closed
Sep 03, 2026 8:59:46 PM io.gapi.emulators.netty.HttpVersionRoutingHandler channelRead
INFO: Detected non-HTTP/2 connection.
Sep 03, 2026 8:59:46 PM io.gapi.emulators.netty.HttpVersionRoutingHandler channelRead
INFO: Detected non-HTTP/2 connection.
Sep 03, 2026 8:59:46 PM io.gapi.emulators.netty.HttpVersionRoutingHandler channelRead
INFO: Detected non-HTTP/2 connection.
Sep 03, 2026 8:59:46 PM com.google.cloud.datastore.emulator.firestore.webchannel.FirestoreV1WebChannelAdapter$FirestoreListenHandler onClose
INFO: channel closed
Sep 03, 2026 8:59:46 PM io.gapi.emulators.netty.HttpVersionRoutingHandler channelRead
INFO: Detected non-HTTP/2 connection.
Sep 03, 2026 8:59:46 PM io.gapi.emulators.netty.HttpVersionRoutingHandler channelRead
INFO: Detected non-HTTP/2 connection.
Sep 03, 2026 8:59:46 PM io.gapi.emulators.netty.HttpVersionRoutingHandler channelRead
INFO: Detected non-HTTP/2 connection.
Sep 03, 2026 8:59:46 PM com.google.cloud.datastore.emulator.firestore.webchannel.FirestoreV1WebChannelAdapter$FirestoreListenHandler onClose
INFO: channel closed
Sep 03, 2026 8:59:46 PM io.gapi.emulators.netty.HttpVersionRoutingHandler channelRead
INFO: Detected non-HTTP/2 connection.
Sep 03, 2026 8:59:46 PM io.gapi.emulators.netty.HttpVersionRoutingHandler channelRead
INFO: Detected non-HTTP/2 connection.
Sep 03, 2026 8:59:46 PM io.gapi.emulators.netty.HttpVersionRoutingHandler channelRead
INFO: Detected non-HTTP/2 connection.
Sep 03, 2026 8:59:46 PM com.google.cloud.datastore.emulator.firestore.webchannel.FirestoreV1WebChannelAdapter$FirestoreListenHandler onClose
INFO: channel closed
Sep 03, 2026 8:59:46 PM io.gapi.emulators.netty.HttpVersionRoutingHandler channelRead
INFO: Detected non-HTTP/2 connection.
Sep 03, 2026 8:59:46 PM io.gapi.emulators.netty.HttpVersionRoutingHandler channelRead
INFO: Detected non-HTTP/2 connection.
Sep 03, 2026 8:59:46 PM io.gapi.emulators.netty.HttpVersionRoutingHandler channelRead
INFO: Detected non-HTTP/2 connection.
Sep 03, 2026 8:59:46 PM com.google.cloud.datastore.emulator.firestore.webchannel.FirestoreV1WebChannelAdapter$FirestoreListenHandler onClose
INFO: channel closed
Sep 03, 2026 8:59:46 PM io.gapi.emulators.netty.HttpVersionRoutingHandler channelRead
INFO: Detected non-HTTP/2 connection.
Sep 03, 2026 8:59:46 PM io.gapi.emulators.netty.HttpVersionRoutingHandler channelRead
INFO: Detected non-HTTP/2 connection.
Sep 03, 2026 8:59:46 PM io.gapi.emulators.netty.HttpVersionRoutingHandler channelRead
INFO: Detected non-HTTP/2 connection.
Sep 03, 2026 8:59:46 PM com.google.cloud.datastore.emulator.firestore.webchannel.FirestoreV1WebChannelAdapter$FirestoreListenHandler onClose
INFO: channel closed
Sep 03, 2026 8:59:46 PM io.gapi.emulators.netty.HttpVersionRoutingHandler channelRead
INFO: Detected non-HTTP/2 connection.
Sep 03, 2026 8:59:46 PM io.gapi.emulators.netty.HttpVersionRoutingHandler channelRead
INFO: Detected non-HTTP/2 connection.
Sep 03, 2026 8:59:46 PM io.gapi.emulators.netty.HttpVersionRoutingHandler channelRead
INFO: Detected non-HTTP/2 connection.
Sep 03, 2026 8:59:46 PM com.google.cloud.datastore.emulator.firestore.webchannel.FirestoreV1WebChannelAdapter$FirestoreListenHandler onClose
INFO: channel closed
Sep 03, 2026 8:59:46 PM com.google.cloud.datastore.emulator.impl.util.WrappedStreamObserver onError
WARNING: Operation failed: 
Null value error. for 'list' @ L28, Null value error. for 'list' @ L28
com.google.cloud.datastore.core.exception.DatastoreException: 
Null value error. for 'list' @ L28, Null value error. for 'list' @ L28
	at com.google.cloud.datastore.core.exception.DatastoreException$Builder.build(DatastoreException.java:152)
	at com.google.cloud.datastore.emulator.impl.rules.DefaultEmulatorRulesAuthorizer.verboseError(DefaultEmulatorRulesAuthorizer.java:349)
	at com.google.cloud.datastore.emulator.impl.rules.DefaultEmulatorRulesAuthorizer.withVerboseErrors(DefaultEmulatorRulesAuthorizer.java:326)
	at com.google.cloud.datastore.emulator.impl.rules.DefaultEmulatorRulesAuthorizer.checkQuery(DefaultEmulatorRulesAuthorizer.java:193)
	at com.google.cloud.datastore.emulator.impl.firestore.FirestoreEmulatorHelper.ruleAuthorizeAndReadEntities(FirestoreEmulatorHelper.java:811)
	at com.google.cloud.datastore.emulator.impl.firestore.FirestoreEmulatorHelper.snapshotAggregationQuery(FirestoreEmulatorHelper.java:723)
	at com.google.cloud.datastore.emulator.impl.firestore.FirestoreEmulatorHelper.lambda$aggregationQuery$0(FirestoreEmulatorHelper.java:705)
	at com.google.cloud.datastore.emulator.impl.transactions.EmulatorTransactionManager$ReadOnlyTransaction.fold(EmulatorTransactionManager.java:432)
	at com.google.cloud.datastore.emulator.impl.firestore.FirestoreEmulatorHelper.aggregationQuery(FirestoreEmulatorHelper.java:704)
	at com.google.cloud.datastore.emulator.impl.firestore.CloudFirestoreV1.runAggregationQueryStandardEdition(CloudFirestoreV1.java:776)
	at com.google.cloud.datastore.emulator.impl.firestore.CloudFirestoreV1.runAggregationQuery(CloudFirestoreV1.java:751)
	at com.google.cloud.datastore.emulator.impl.firestore.CloudFirestoreV1Router.runAggregationQuery(CloudFirestoreV1Router.java:197)
	at com.google.cloud.datastore.emulator.firestore.v1.FirestoreV1GrpcAdapter$1.lambda$runAggregationQuery$0(FirestoreV1GrpcAdapter.java:185)
	at com.google.cloud.datastore.emulator.firestore.v1.FirestoreV1GrpcAdapter.streaming(FirestoreV1GrpcAdapter.java:82)
	at com.google.cloud.datastore.emulator.firestore.v1.FirestoreV1GrpcAdapter$1.runAggregationQuery(FirestoreV1GrpcAdapter.java:185)
	at com.google.firestore.v1.FirestoreGrpc$MethodHandlers.invoke(FirestoreGrpc.java:1420)
	at io.grpc.stub.ServerCalls$UnaryServerCallHandler$UnaryServerCallListener.onHalfClose(ServerCalls.java:182)
	at io.grpc.PartialForwardingServerCallListener.onHalfClose(PartialForwardingServerCallListener.java:35)
	at io.grpc.ForwardingServerCallListener.onHalfClose(ForwardingServerCallListener.java:23)
	at io.grpc.ForwardingServerCallListener$SimpleForwardingServerCallListener.onHalfClose(ForwardingServerCallListener.java:40)
	at io.grpc.Contexts$ContextualizedServerCallListener.onHalfClose(Contexts.java:86)
	at io.grpc.PartialForwardingServerCallListener.onHalfClose(PartialForwardingServerCallListener.java:35)
	at io.grpc.ForwardingServerCallListener.onHalfClose(ForwardingServerCallListener.java:23)
	at io.grpc.ForwardingServerCallListener$SimpleForwardingServerCallListener.onHalfClose(ForwardingServerCallListener.java:40)
	at io.grpc.Contexts$ContextualizedServerCallListener.onHalfClose(Contexts.java:86)
	at io.grpc.internal.ServerCallImpl$ServerStreamListenerImpl.halfClosed(ServerCallImpl.java:356)
	at io.grpc.internal.ServerImpl$JumpToApplicationThreadServerStreamListener$1HalfClosed.runInContext(ServerImpl.java:861)
	at io.grpc.internal.ContextRunnable.run(ContextRunnable.java:37)
	at io.grpc.internal.SerializingExecutor.run(SerializingExecutor.java:133)
	at java.base/java.util.concurrent.ThreadPoolExecutor.runWorker(ThreadPoolExecutor.java:1090)
	at java.base/java.util.concurrent.ThreadPoolExecutor$Worker.run(ThreadPoolExecutor.java:614)
	at java.base/java.lang.Thread.run(Thread.java:1516)
Caused by: com.google.firebase.rules.runtime.common.EvaluationException: Error: /var/folders/17/97zrc8dn5kj9m8sn51kc0h3w0000gn/T/fireside-query-rules-mmhX4C/firestore.rules line [28], column [100]. Null value error.
	at com.google.firebase.rules.runtime.impl.DefaultEvaluator$TransformEvaluationException.apply(DefaultEvaluator.java:275)
	at com.google.firebase.rules.runtime.impl.DefaultEvaluator$TransformEvaluationException.apply(DefaultEvaluator.java:261)
	at com.google.common.util.concurrent.AbstractCatchingFuture$AsyncCatchingFuture.doFallback(AbstractCatchingFuture.java:207)
	at com.google.common.util.concurrent.AbstractCatchingFuture$AsyncCatchingFuture.doFallback(AbstractCatchingFuture.java:194)
	at com.google.common.util.concurrent.AbstractCatchingFuture.run(AbstractCatchingFuture.java:136)
	at com.google.common.util.concurrent.DirectExecutor.execute(DirectExecutor.java:30)
	at com.google.common.util.concurrent.AbstractFuture.executeListener(AbstractFuture.java:1024)
	at com.google.common.util.concurrent.AbstractFuture.addListener(AbstractFuture.java:486)
	at com.google.common.util.concurrent.FluentFuture$TrustedFuture.addListener(FluentFuture.java:122)
	at com.google.common.util.concurrent.AbstractCatchingFuture.createAsync(AbstractCatchingFuture.java:58)
	at com.google.common.util.concurrent.Futures.catchingAsync(Futures.java:409)
	at com.google.firebase.rules.runtime.impl.DefaultEvaluator.evaluate(DefaultEvaluator.java:177)
	at com.google.cloud.datastore.emulator.impl.rules.EmulatorRuleClient$EmulatorRuleEvaluator.evaluate(EmulatorRuleClient.java:88)
	at com.google.cloud.datastore.core.auth.rules.AsyncTwoPhaseRulesAuthorizer.lambda$fullEvaluate$0(AsyncTwoPhaseRulesAuthorizer.java:1001)
	at com.google.cloud.datastore.computation.Computation.tryCatch(Computation.java:469)
	at com.google.cloud.datastore.core.auth.rules.AsyncTwoPhaseRulesAuthorizer.fullEvaluate(AsyncTwoPhaseRulesAuthorizer.java:1000)
	at com.google.cloud.datastore.core.auth.rules.AsyncTwoPhaseRulesAuthorizer.checkResource(AsyncTwoPhaseRulesAuthorizer.java:711)
	at com.google.cloud.datastore.core.auth.rules.AsyncTwoPhaseRulesAuthorizer.lambda$checkResources$0(AsyncTwoPhaseRulesAuthorizer.java:691)
	at com.google.cloud.datastore.computation.Computation.lambda$forEach$0(Computation.java:128)
	at com.google.cloud.datastore.computation.Computation.doWhile(Computation.java:212)
	at com.google.cloud.datastore.computation.Computation.lambda$whileTrue$2(Computation.java:151)
	at com.google.cloud.datastore.computation.Remainder$Completed.thenCompose(Remainder.java:726)
	at com.google.cloud.datastore.computation.Remainder.thenCompose(Remainder.java:452)
	at com.google.cloud.datastore.computation.Computation.whileTrue(Computation.java:151)
	at com.google.cloud.datastore.computation.Computation.whileTrue(Computation.java:133)
	at com.google.cloud.datastore.computation.Computation.forEach(Computation.java:128)
	at com.google.cloud.datastore.computation.Computation.forEach(Computation.java:123)
	at com.google.cloud.datastore.core.auth.rules.AsyncTwoPhaseRulesAuthorizer.checkResources(AsyncTwoPhaseRulesAuthorizer.java:689)
	at com.google.cloud.datastore.core.auth.rules.AsyncTwoPhaseRulesAuthorizer.handlePhaseOneInfo(AsyncTwoPhaseRulesAuthorizer.java:191)
	at com.google.cloud.datastore.core.auth.rules.AsyncTwoPhaseRulesAuthorizer.lambda$checkQueryRequest$0(AsyncTwoPhaseRulesAuthorizer.java:148)
	at com.google.cloud.datastore.computation.Remainder$Completed.thenCompose(Remainder.java:726)
	at com.google.cloud.datastore.computation.Remainder.thenCompose(Remainder.java:452)
	at com.google.cloud.datastore.core.auth.rules.AsyncTwoPhaseRulesAuthorizer.checkQueryRequest(AsyncTwoPhaseRulesAuthorizer.java:143)
	at com.google.cloud.datastore.emulator.impl.rules.DefaultEmulatorRulesAuthorizer.lambda$checkQuery$1(DefaultEmulatorRulesAuthorizer.java:198)
	at com.google.cloud.datastore.computation.Computation.run(Computation.java:81)
	at com.google.cloud.datastore.computation.Computation$Terminated.toFuture(Computation.java:947)
	at com.google.cloud.datastore.computation.Computation.toFuture(Computation.java:92)
	at com.google.cloud.datastore.emulator.impl.rules.DefaultEmulatorRulesAuthorizer.finish(DefaultEmulatorRulesAuthorizer.java:308)
	at com.google.cloud.datastore.emulator.impl.rules.DefaultEmulatorRulesAuthorizer.lambda$checkQuery$0(DefaultEmulatorRulesAuthorizer.java:195)
	at com.google.cloud.datastore.emulator.impl.rules.DefaultEmulatorRulesAuthorizer.withVerboseErrors(DefaultEmulatorRulesAuthorizer.java:321)
	... 29 more

Sep 03, 2026 8:59:46 PM io.gapi.emulators.netty.HttpHandler$1 onError
INFO: Exception when handling request: PERMISSION_DENIED: 
Null value error. for 'list' @ L28, Null value error. for 'list' @ L28
Sep 03, 2026 8:59:46 PM io.gapi.emulators.netty.HttpVersionRoutingHandler channelRead
INFO: Detected non-HTTP/2 connection.
Sep 03, 2026 8:59:46 PM io.gapi.emulators.netty.HttpVersionRoutingHandler channelRead
INFO: Detected non-HTTP/2 connection.
Sep 03, 2026 8:59:46 PM io.gapi.emulators.netty.HttpVersionRoutingHandler channelRead
INFO: Detected non-HTTP/2 connection.
Sep 03, 2026 8:59:46 PM io.gapi.emulators.netty.HttpVersionRoutingHandler channelRead
INFO: Detected non-HTTP/2 connection.
Sep 03, 2026 8:59:46 PM com.google.cloud.datastore.emulator.firestore.webchannel.FirestoreV1WebChannelAdapter$FirestoreListenHandler onClose
INFO: channel closed
*** shutting down gRPC server since JVM is shutting down
*** server shut down
