timestamp,elapsed_seconds,write_count,write_p50_ms,write_p95_ms,write_p99_ms,write_max_ms,listener_count,listener_p50_ms,listener_p95_ms,listener_p99_ms,listener_max_ms
2026-08-30T08:09:48.565Z,10.003,500,6.934395000338554,10.85959200002253,16.80412800051272,33.470615999773145,50,6.86888499930501,14.600569000467658,21.308715000748634,21.308715000748634
2026-08-30T08:09:58.567Z,20.004,500,7.097005000337958,10.806742999702692,17.070977998897433,34.54088499955833,50,7.022425001487136,18.32157700136304,20.442325999960303,20.442325999960303
2026-08-30T08:10:08.567Z,30.004,500,7.059135001152754,10.759452000260353,16.25007800012827,32.63032700121403,50,6.960495000705123,9.467972999438643,18.61005700007081,18.61005700007081
2026-08-30T08:10:18.567Z,40.004,500,6.938875000923872,10.982421999797225,16.81558799929917,33.47518599964678,50,7.01371500082314,9.022134000435472,21.114635000005364,21.114635000005364
2026-08-30T08:10:28.567Z,50.004,500,6.688974998891354,10.097932999953628,18.004976999014616,32.504716999828815,50,6.806855000555515,10.368793001398444,19.966485999524593,19.966485999524593
2026-08-30T08:10:38.568Z,60.005,500,6.654145000502467,10.480051999911666,17.485407000407577,33.653435999527574,50,6.8134550005197525,10.46344199962914,19.923356000334024,19.923356000334024
2026-08-30T08:10:48.568Z,70.005,500,7.260785000398755,10.848162000998855,15.089080000296235,29.968927999958396,50,7.182754999026656,8.592044001445174,17.734778000041842,17.734778000041842
2026-08-30T08:10:58.567Z,80.006,500,7.212735000997782,10.876521999016404,15.715788001194596,31.954626999795437,50,7.001255000010133,15.732808999717236,21.454214999452233,21.454214999452233
2026-08-30T08:11:08.569Z,90.007,500,6.746375000104308,11.006031999364495,15.703678999096155,29.92335900105536,50,6.826444998383522,14.759139999747276,16.294758999720216,16.294758999720216
2026-08-30T08:11:18.569Z,100.008,500,6.828745998442173,10.913651999086142,15.038929000496864,31.288998000323772,50,6.798905000090599,14.442800000309944,17.5567179992795,17.5567179992795
2026-08-30T08:11:28.571Z,110.008,501,6.599515998736024,9.764872999861836,14.734110001474619,30.11599799990654,50,6.703635999932885,15.629319000989199,21.695535000413656,21.695535000413656
2026-08-30T08:11:38.572Z,120.01,500,7.109153999015689,10.918363001197577,15.778919000178576,31.59053799882531,50,7.057484999299049,11.51503200083971,18.61269700154662,18.61269700154662
2026-08-30T08:11:48.573Z,130.01,500,6.635435000061989,10.06968299858272,15.971047999337316,31.669268000870943,50,6.879295000806451,11.838261999189854,22.189294001087546,22.189294001087546
2026-08-30T08:11:58.573Z,140.011,500,6.776535000652075,10.712712999433279,13.385600000619888,33.18607699871063,50,6.996015001088381,11.936201000586152,19.655094999819994,19.655094999819994
2026-08-30T08:12:08.573Z,150.01,500,6.668825000524521,10.695251999422908,14.602270001545548,31.804827000945807,50,6.787985999137163,14.253129998221993,17.77864699997008,17.77864699997008
2026-08-30T08:12:18.573Z,160.011,500,6.581935999915004,10.166113000363111,14.556689999997616,34.41147599928081,50,6.847315000370145,11.783831000328064,21.327075000852346,21.327075000852346
2026-08-30T08:12:28.573Z,170.01,500,6.755315998569131,10.156143000349402,14.961559001356363,35.3643439989537,50,6.899706000462174,12.248351000249386,20.421265998855233,20.421265998855233
2026-08-30T08:12:38.571Z,180.01,500,6.582654999569058,10.155292998999357,16.147609001025558,33.99338600039482,50,6.811165001243353,12.942780999466777,22.206524001434445,22.206524001434445
2026-08-30T08:12:48.573Z,190.011,500,6.533154999837279,9.729972999542952,14.05845999903977,35.718534000217915,50,6.80273599922657,14.324878999963403,30.535358998924494,30.535358998924494
2026-08-30T08:12:58.574Z,200.012,500,6.607005000114441,9.969632999971509,15.137918999418616,31.302207000553608,50,6.8603050000965595,14.927679998800159,16.854897998273373,16.854897998273373
2026-08-30T08:13:08.574Z,210.011,500,7.015184998512268,10.831792000681162,14.49184999987483,32.20271700061858,50,6.979754999279976,11.284611999988556,16.973757000640035,16.973757000640035
2026-08-30T08:13:18.573Z,220.011,500,6.65663499943912,10.197343001142144,16.86231799982488,37.669273000210524,50,6.67879500053823,11.231452001258731,26.553051000460982,26.553051000460982
2026-08-30T08:13:28.572Z,230.011,500,6.851614998653531,10.74257200025022,14.844018999487162,32.97965699993074,50,6.915955001488328,12.213421000167727,20.27076500095427,20.27076500095427
2026-08-30T08:13:38.575Z,240.014,500,6.823805000633001,10.80528200045228,14.422918999567628,34.48966499976814,50,6.969415001571178,14.611479001119733,20.88952500000596,20.88952500000596
2026-08-30T08:13:48.577Z,250.015,500,6.635516000911593,10.427542999386787,15.070918999612331,35.87035499885678,50,6.869005000218749,11.730671999976039,22.449564000591636,22.449564000591636
2026-08-30T08:13:58.577Z,260.015,500,6.738265000283718,10.58628199994564,14.555770000442863,31.43149800039828,50,6.859394999220967,11.8676120005548,18.768316000699997,18.768316000699997
2026-08-30T08:14:08.577Z,270.014,500,7.246224999427795,11.108392000198364,14.395530000329018,35.3291049990803,50,7.3415639996528625,13.830769998952746,22.85330400057137,22.85330400057137
2026-08-30T08:14:18.577Z,280.014,500,6.8569249995052814,10.750081999227405,15.311318999156356,33.4824160002172,50,7.077395001426339,11.656581999734044,21.243805000558496,21.243805000558496
2026-08-30T08:14:28.575Z,290.014,500,6.8601350001990795,10.918422000482678,14.21114999987185,33.05457600019872,50,6.969794999808073,14.496749999001622,22.454755000770092,22.454755000770092
2026-08-30T08:14:38.577Z,300.015,500,6.819285001605749,10.060813000425696,14.205288998782635,33.20761600136757,50,7.063825000077486,12.035282000899315,18.86564699932933,18.86564699932933
2026-08-30T08:14:48.576Z,310.015,500,7.3771950006484985,10.97520300000906,16.818978000432253,35.381194999441504,50,7.888303998857737,12.440461000427604,21.138544999063015,21.138544999063015
2026-08-30T08:14:58.578Z,320.016,500,6.636854998767376,9.811213001608849,15.632938999682665,32.45429700054228,50,6.724506000056863,15.903718998655677,22.43651399947703,22.43651399947703
2026-08-30T08:15:08.578Z,330.015,500,7.694444000720978,10.997341999784112,14.773330001160502,33.88037599995732,50,7.897834001109004,12.32039099931717,20.40578499995172,20.40578499995172
2026-08-30T08:15:18.579Z,340.016,500,6.781224999576807,10.101653000339866,15.603738998994231,34.1102249994874,50,7.028894999995828,11.796491000801325,21.28172400034964,21.28172400034964
2026-08-30T08:15:28.578Z,350.015,500,7.255274001508951,11.080431999638677,17.138088000938296,32.81111599877477,50,7.542264999821782,12.842720998451114,21.13420500047505,21.13420500047505
2026-08-30T08:15:38.578Z,360.015,500,7.084145000204444,10.926813000813127,14.64818900078535,32.40025700069964,50,8.11536500044167,12.158241000026464,17.83753800019622,17.83753800019622
2026-08-30T08:15:48.578Z,370.015,500,6.87317500077188,10.414363000541925,15.239659000188112,35.30484499968588,50,7.019935000687838,15.2058390006423,22.11851399950683,22.11851399950683
2026-08-30T08:15:58.578Z,380.015,500,7.328515000641346,10.955063000321388,15.986678000539541,30.825428999960423,50,7.452154999598861,12.54938100092113,16.74023799970746,16.74023799970746
2026-08-30T08:16:08.578Z,390.015,500,6.887864999473095,10.929891999810934,15.916078999638557,32.81286599859595,50,7.063504999503493,12.252411000430584,18.985787000507116,18.985787000507116
2026-08-30T08:16:18.578Z,400.015,500,6.773105001077056,10.507742999121547,16.675628000870347,34.31357599981129,50,6.897334998473525,11.948301000520587,21.211054999381304,21.211054999381304
2026-08-30T08:16:28.578Z,410.015,500,6.797794999554753,9.958322999998927,17.798378000035882,32.44181600026786,50,6.967255000025034,11.965220998972654,19.737175999209285,19.737175999209285
2026-08-30T08:16:38.578Z,420.016,500,6.905165001749992,10.77522199973464,14.33053999952972,31.022928001359105,50,7.036085000261664,11.913071999326348,18.615455999970436,18.615455999970436
2026-08-30T08:16:48.579Z,430.016,500,7.7787740007042885,10.950621999800205,15.00177999958396,32.79338699951768,50,8.003775000572205,15.264110000804067,18.313797000795603,18.313797000795603
2026-08-30T08:16:58.579Z,440.016,500,6.800414999946952,10.584203001111746,15.314649000763893,31.623077999800444,50,6.935744998976588,12.120582001283765,18.711086999624968,18.711086999624968
2026-08-30T08:17:08.579Z,450.017,500,6.7676250003278255,10.087782999500632,17.855847999453545,35.90967500023544,50,6.918785000219941,15.261169001460075,21.465935001149774,21.465935001149774
2026-08-30T08:17:18.579Z,460.016,500,6.731355000287294,10.173552999272943,15.082638999447227,35.60910500027239,50,6.8904849998652935,15.62694900110364,21.748424001038074,21.748424001038074
2026-08-30T08:17:28.579Z,470.017,500,7.883353998884559,11.193531999364495,14.694818999618292,33.50876599922776,50,7.989395000040531,12.473900999873877,21.109704999253154,21.109704999253154
2026-08-30T08:17:38.578Z,480.017,500,6.916704999282956,11.303942000493407,18.17250700108707,35.64357499964535,50,7.372925000265241,11.911961000412703,24.451873000711203,24.451873000711203
2026-08-30T08:17:48.579Z,490.016,500,6.8113749995827675,10.211873000487685,15.766129000112414,43.16213899850845,50,6.953224999830127,13.308029999956489,27.469900999218225,27.469900999218225
2026-08-30T08:17:58.579Z,500.016,500,6.8127250000834465,10.244903000071645,15.814089000225067,36.13606400042772,50,6.94488500058651,12.560321001335979,25.33704200014472,25.33704200014472
2026-08-30T08:18:08.578Z,510.016,500,7.2573249991983175,11.00127200037241,16.963588001206517,34.7463649995625,50,8.178643999621272,15.044839000329375,22.186434000730515,22.186434000730515
2026-08-30T08:18:18.579Z,520.017,500,6.793035998940468,10.20767300017178,16.850937999784946,34.45823600143194,50,7.1163849998265505,16.097418999299407,20.28495599888265,20.28495599888265
2026-08-30T08:18:28.579Z,530.017,500,6.9479150008410215,10.855601999908686,14.844298999756575,35.16964500024915,50,7.160985000431538,14.362880000844598,21.5453050006181,21.5453050006181
2026-08-30T08:18:38.579Z,540.017,500,6.815844999626279,10.208923000842333,16.85711800120771,34.40231600031257,50,6.985725000500679,13.02960000000894,24.84847200103104,24.84847200103104
2026-08-30T08:18:48.577Z,550.016,500,6.556944999843836,9.917953001335263,13.704050000756979,31.45057800039649,50,6.853666000068188,15.64941900037229,24.691782999783754,24.691782999783754
2026-08-30T08:18:58.577Z,560.017,500,3.6726280003786087,6.895115001127124,7.814984999597073,27.3001799993217,50,5.699895998463035,12.008111998438835,15.227330001071095,15.227330001071095
2026-08-30T08:19:08.577Z,570.016,500,3.6970069985836744,6.836474999785423,9.26451300084591,26.979200998321176,50,4.949587000533938,12.055640999227762,12.332351000979543,12.332351000979543
2026-08-30T08:19:18.578Z,580.017,500,3.6758970003575087,6.734015000984073,8.061474001035094,26.213331000879407,50,5.826945999637246,12.09057099930942,13.88323000073433,13.88323000073433
2026-08-30T08:19:28.578Z,590.017,500,3.766448000445962,6.868694998323917,8.981053998693824,26.857220999896526,50,4.924476999789476,12.073011999949813,16.559208000078797,16.559208000078797
2026-08-30T08:19:38.578Z,600.018,500,3.7091680001467466,6.907194999977946,11.241051999852061,48.278395999222994,50,4.926477000117302,12.028420999646187,36.08133400045335,36.08133400045335
2026-08-30T08:19:48.578Z,610.017,500,3.7627769988030195,6.829695001244545,7.782834999263287,27.589230999350548,50,5.75666599906981,12.022051000967622,12.113722000271082,12.113722000271082
2026-08-30T08:19:58.578Z,620.018,500,3.7618669997900724,6.86574500054121,9.764592999592423,26.499130999669433,50,5.813456000760198,12.036660999059677,15.123198999091983,15.123198999091983
2026-08-30T08:20:08.578Z,630.017,500,3.734867999330163,6.877635000273585,8.175854999572039,28.58585000038147,50,5.812955999746919,12.199490999802947,13.675930999219418,13.675930999219418
2026-08-30T08:20:18.578Z,640.018,500,3.7053969986736774,6.765404999256134,10.950213000178337,30.946817999705672,50,5.782325001433492,11.950891999527812,14.070110000669956,14.070110000669956
2026-08-30T08:20:28.578Z,650.017,500,3.6962269991636276,6.769404999911785,7.854714000597596,23.109423000365496,50,5.82706500031054,11.972852000966668,11.998891999945045,11.998891999945045
2026-08-30T08:20:38.578Z,660.018,500,3.7753079999238253,6.857974998652935,9.454134000465274,27.195930998772383,50,5.833356000483036,12.151670999825,14.349819999188185,14.349819999188185
2026-08-30T08:20:48.581Z,670.018,500,58.82907800003886,437.2698889989406,608.2812470011413,698.7896929997951,50,68.58832099847496,430.83100399933755,580.4884780012071,580.4884780012071
2026-08-30T08:20:58.578Z,680.018,500,3.691398000344634,6.830494999885559,10.208552999421954,26.514380998909473,50,5.941005999222398,12.057132000103593,16.819478001445532,16.819478001445532
2026-08-30T08:21:08.578Z,690.017,500,3.695558000355959,6.792284999042749,8.148213999345899,24.907782999798656,50,5.0478559993207455,12.059531999751925,12.203661000356078,12.203661000356078
2026-08-30T08:21:18.578Z,700.017,500,3.698547000065446,6.829085001721978,12.787591001018882,30.119417998939753,50,5.806665999814868,13.752390000969172,21.87864499911666,21.87864499911666
2026-08-30T08:21:28.578Z,710.017,500,3.70333700068295,6.8753949999809265,9.067474000155926,28.022400001063943,50,5.864716000854969,12.020491000264883,14.439530000090599,14.439530000090599
2026-08-30T08:21:38.578Z,720.017,500,3.734748000279069,6.854015000164509,8.164133999496698,25.756400998681784,50,5.216935999691486,12.09634199924767,12.150572000071406,12.150572000071406
2026-08-30T08:21:48.578Z,730.018,500,3.6894569993019104,6.791695000603795,11.192332001402974,33.55713599920273,50,5.7845060005784035,11.94064100086689,21.618474999442697,21.618474999442697
2026-08-30T08:21:58.579Z,740.018,500,3.746027000248432,6.9282149989157915,8.920013001188636,26.747601000592113,50,5.772485999390483,12.159140998497605,13.435580000281334,13.435580000281334
2026-08-30T08:22:08.579Z,750.019,500,3.7260570004582405,6.798794999718666,8.345953999087214,25.871772000566125,50,9.807032998651266,12.088410999625921,12.147051999345422,12.147051999345422
2026-08-30T08:22:18.579Z,760.019,500,3.7081669997423887,6.767884999513626,8.502733999863267,25.514981999993324,50,6.650104999542236,12.003111999481916,12.133270999416709,12.133270999416709
2026-08-30T08:22:28.579Z,770.019,500,3.663757000118494,6.735174998641014,10.134363001212478,25.910002000629902,50,6.201844999566674,11.941131001338363,12.476680999621749,12.476680999621749
2026-08-30T08:22:38.579Z,780.018,500,3.7556769996881485,6.818044999614358,7.769814999774098,24.78948200121522,50,5.889866000041366,11.952692000195384,12.236690999940038,12.236690999940038
2026-08-30T08:22:48.579Z,790.018,500,3.7350570000708103,6.787174999713898,9.860752999782562,28.58460900001228,50,9.682762999087572,12.121190998703241,12.199101999402046,12.199101999402046
2026-08-30T08:22:58.579Z,800.018,500,3.69263699837029,6.84353500045836,9.000853000208735,25.8254810012877,50,9.771503001451492,12.173081999644637,14.16173000074923,14.16173000074923
2026-08-30T08:23:08.579Z,810.019,500,3.690037999302149,6.735065000131726,9.38659300096333,24.320282999426126,50,9.499373000115156,11.993830999359488,12.208660999312997,12.208660999312997
2026-08-30T08:23:18.579Z,820.019,500,3.691507000476122,6.732424998655915,7.520654998719692,24.95575200021267,50,5.927786000072956,11.934381999075413,12.07714099995792,12.07714099995792
2026-08-30T08:23:28.579Z,830.019,500,3.7179870009422302,6.792944999411702,10.421161999925971,27.97975100018084,50,9.786482999101281,12.157671000808477,13.591089999303222,13.591089999303222
2026-08-30T08:23:38.579Z,840.019,500,3.688358001410961,6.763044999912381,10.003682998940349,25.597681999206543,50,5.939596001058817,12.398071000352502,16.231038000434637,16.231038000434637
2026-08-30T08:23:48.579Z,850.018,500,3.7005369998514652,6.8439750000834465,9.86731299944222,28.95342900045216,50,9.149813000112772,12.147841000929475,12.312371000647545,12.312371000647545
2026-08-30T08:23:58.579Z,860.018,500,3.695558000355959,6.824555000290275,10.072072999551892,26.88513999991119,50,8.908642999827862,11.91283099912107,15.469039000570774,15.469039000570774
2026-08-30T08:24:08.580Z,870.019,500,3.719327999278903,6.7480050008744,7.728223999962211,23.64695299975574,50,9.48343300074339,11.990402000024915,12.205760998651385,12.205760998651385
2026-08-30T08:24:18.581Z,880.02,500,3.718598000705242,6.815565001219511,9.158813999965787,25.8496620003134,50,9.160822998732328,12.181390998885036,12.442440999671817,12.442440999671817
2026-08-30T08:24:28.581Z,890.021,500,3.7272469997406006,6.744034999981523,8.818462999537587,25.84938200004399,50,9.572282999753952,12.120351001620293,12.388931000605226,12.388931000605226
2026-08-30T08:24:38.582Z,900.022,500,3.754117999225855,6.864784998819232,10.028672998771071,25.378171999007463,50,8.914382999762893,12.186011999845505,14.550549998879433,14.550549998879433
2026-08-30T08:24:48.582Z,910.022,500,3.6832570005208254,6.7940349988639355,9.036062998697162,26.104242000728846,50,9.85899299941957,12.031392000615597,12.070961998775601,12.070961998775601
2026-08-30T08:24:58.582Z,920.022,500,3.7918870002031326,6.891364999115467,8.665753999724984,25.79466100037098,50,9.041973000392318,11.412971999496222,12.103631999343634,12.103631999343634
2026-08-30T08:25:08.583Z,930.022,500,3.698157001286745,6.717424999922514,7.90264399908483,25.278491999953985,50,8.895363999530673,11.362441999837756,12.257161000743508,12.257161000743508
2026-08-30T08:25:18.583Z,940.022,500,3.7549569997936487,6.787735000252724,8.171174000948668,31.738557999953628,50,9.29165400005877,12.046961000189185,15.454478999599814,15.454478999599814
2026-08-30T08:25:28.583Z,950.022,500,3.795288000255823,6.859394999220967,9.330802999436855,27.886229999363422,50,9.66826399974525,12.138341000303626,12.2304210010916,12.2304210010916
2026-08-30T08:25:38.583Z,960.022,500,3.7536469995975494,6.93970499932766,10.727043000981212,24.259742999449372,50,9.914712999016047,12.164201000705361,12.368331000208855,12.368331000208855
2026-08-30T08:25:48.586Z,970.026,500,3.7520869988948107,6.847304999828339,7.687893999740481,40.68217100016773,50,9.901843000203371,12.162500999867916,29.58062000013888,29.58062000013888
2026-08-30T08:25:58.586Z,980.025,501,3.724447999149561,6.782384999096394,7.984655000269413,25.278532000258565,50,9.955152999609709,12.092931000515819,12.24032099917531,12.24032099917531
2026-08-30T08:26:08.595Z,990.025,489,3.8091080002486706,25.92621099948883,125.70023100078106,322.4102599993348,49,10.005162999033928,21.585245000198483,71.97731900028884,71.97731900028884
2026-08-30T08:26:18.588Z,1000.025,427,262.0186340007931,517.900502000004,677.1025280002505,858.7575300000608,43,321.58754100091755,508.14286799915135,520.7977499999106,520.7977499999106
2026-08-30T08:26:28.586Z,1010.025,583,3.7443070001900196,112.85770900174975,352.73610899969935,671.2802830003202,58,10.153402999043465,145.40731600113213,341.3563170004636,341.3563170004636
2026-08-30T08:26:38.587Z,1020.026,500,3.7443470004945993,6.85848500020802,7.753414999693632,24.885561998933554,50,9.905542999505997,11.933741001412272,13.955620000138879,13.955620000138879
2026-08-30T08:26:48.587Z,1030.027,501,3.699967999011278,6.7800149992108345,9.936002999544144,26.13278100080788,50,9.963013000786304,12.177432000637054,13.639590999111533,13.639590999111533
2026-08-30T08:26:58.588Z,1040.028,500,3.6416480001062155,6.745765998959541,8.30421399883926,25.983982000499964,50,9.844703000038862,12.04756199941039,12.130700999870896,12.130700999870896
2026-08-30T08:27:08.588Z,1050.028,500,3.6751569993793964,6.814644999802113,9.344914000481367,26.29648100025952,51,9.714572999626398,11.944472000002861,12.281371001154184,12.281371001154184
2026-08-30T08:27:18.589Z,1060.028,500,3.7109679989516735,6.761215001344681,7.5610449984669685,27.370911000296474,49,9.97745299898088,12.15098100155592,13.931959999725223,13.931959999725223
2026-08-30T08:27:28.589Z,1070.029,500,3.75199699960649,6.834484999999404,9.371243000030518,25.118941999971867,51,9.920793000608683,11.906282000243664,12.12007199972868,12.12007199972868
2026-08-30T08:27:38.591Z,1080.031,499,3.6904070004820824,6.728544998914003,8.270913999527693,25.665232000872493,49,9.84646299853921,12.036780999973416,12.174952000379562,12.174952000379562
2026-08-30T08:27:48.591Z,1090.031,501,3.730767000466585,6.829815000295639,9.446433000266552,25.35806200094521,50,9.964182998985052,12.092561000958085,13.134871000424027,13.134871000424027
2026-08-30T08:27:58.592Z,1100.031,500,3.6660469993948936,6.757504999637604,7.7088949996978045,25.12870300002396,51,9.941712999716401,12.25989199988544,13.706110000610352,13.706110000610352
2026-08-30T08:28:08.592Z,1110.031,500,3.6619170010089874,6.735124999657273,10.391672998666763,27.625740999355912,50,9.831292999908328,11.978370999917388,12.091342000290751,12.091342000290751
2026-08-30T08:28:18.592Z,1120.031,500,3.692358000203967,6.800774998962879,10.810412999242544,34.24257499910891,50,9.89979299902916,11.977552000433207,19.25649599917233,19.25649599917233
2026-08-30T08:28:28.592Z,1130.032,500,3.693716999143362,6.734984999522567,8.264915000647306,24.473913000896573,50,9.840502999722958,12.043960999697447,12.309931000694633,12.309931000694633
2026-08-30T08:28:38.592Z,1140.032,500,3.691186999902129,6.800665000453591,10.5238620005548,41.621430998668075,50,9.89104299992323,13.718890000134706,29.494078999385238,29.494078999385238
2026-08-30T08:28:48.593Z,1150.032,500,3.6986279990524054,6.9436349999159575,7.5411050003021955,24.796272000297904,50,9.880612999200821,12.164902001619339,14.036779999732971,14.036779999732971
2026-08-30T08:28:58.593Z,1160.032,500,3.733857000246644,6.8390150014311075,9.41885400004685,27.286660999059677,50,9.822043001651764,12.051831999793649,12.239531999453902,12.239531999453902
2026-08-30T08:29:08.593Z,1170.033,500,3.6812569983303547,6.747154999524355,7.992283999919891,26.11455100029707,50,9.964602999389172,12.085711998865008,12.226440999656916,12.226440999656916
2026-08-30T08:29:18.594Z,1180.034,500,3.6931670010089874,6.848745001479983,7.645524000748992,24.94960300065577,50,9.912522999569774,12.078941000625491,14.245529999956489,14.245529999956489
2026-08-30T08:29:28.594Z,1190.033,500,3.6997480001300573,6.893105000257492,10.897182000800967,27.439450999721885,50,9.831362999975681,12.052701000124216,12.128041001036763,12.128041001036763
2026-08-30T08:29:38.594Z,1200.034,500,3.7609869986772537,6.874614998698235,10.84430200047791,47.91695600003004,50,9.877923000603914,11.489552000537515,11.95177200064063,11.95177200064063
2026-08-30T08:29:48.622Z,1210.034,331,4.490236999467015,875.9275170005858,1259.177064999938,1704.4371679984033,32,10.086113000288606,974.0674380008131,1304.8054719995707,1304.8054719995707
2026-08-30T08:29:58.601Z,1220.035,336,343.58900499902666,735.89178599976,924.2562520001084,1067.8903310000896,34,372.65999500080943,770.1970419995487,970.8738989997655,970.8738989997655
2026-08-30T08:30:08.598Z,1230.035,452,250.20824199914932,541.080454999581,694.3028560001403,822.5424349997193,46,272.82186600007117,514.6587940007448,574.2623420003802,574.2623420003802
2026-08-30T08:30:18.597Z,1240.035,881,45.280198000371456,114.19964900054038,145.8158270008862,181.53342100046575,88,59.71017700061202,104.89326499961317,157.25081899948418,157.25081899948418
2026-08-30T08:30:28.598Z,1250.035,500,7.4623850006610155,10.991741999983788,18.98527600057423,33.98911499977112,50,9.846433999016881,19.221915999427438,20.96879499964416,20.96879499964416
2026-08-30T08:30:38.598Z,1260.035,500,6.762915998697281,10.724101999774575,16.47088799998164,34.89701600000262,50,10.24269299954176,12.246891001239419,25.15319199860096,25.15319199860096
2026-08-30T08:30:48.598Z,1270.036,500,7.616713998839259,10.965881999582052,14.87928899936378,35.139425000175834,50,10.13472199998796,13.114691000431776,22.584043998271227,22.584043998271227
2026-08-30T08:30:58.600Z,1280.036,499,6.673495000228286,10.112622000277042,15.183519000187516,32.55662699975073,49,9.805882999673486,12.003022000193596,19.582946000620723,19.582946000620723
2026-08-30T08:31:08.597Z,1290.036,501,6.8754549995064735,11.117512000724673,16.331367999315262,31.369937999174,51,9.91342299990356,18.56015699915588,22.351113999262452,22.351113999262452
2026-08-30T08:31:18.597Z,1300.036,500,6.82239499874413,10.127473000437021,14.281178999692202,36.715574000030756,50,9.94650299847126,13.86528000049293,25.250741999596357,25.250741999596357
2026-08-30T08:31:28.598Z,1310.036,500,6.730265000835061,10.02870300039649,14.319649999961257,32.859957000240684,50,10.000951999798417,12.496620999649167,20.951875001192093,20.951875001192093
2026-08-30T08:31:38.597Z,1320.036,500,7.193475000560284,11.075341999530792,17.83116700127721,33.39332599937916,50,10.223642999306321,19.947996001690626,22.240893999114633,22.240893999114633
2026-08-30T08:31:48.600Z,1330.037,499,6.653436001390219,9.897233000025153,17.32046800106764,32.48132700100541,49,9.834163000807166,13.48403099924326,20.372825998812914,20.372825998812914
2026-08-30T08:31:58.600Z,1340.038,501,6.8334449995309114,10.838633000850677,15.168978998437524,35.553744999691844,51,9.833363000303507,15.205438999459147,23.623192999511957,23.623192999511957
2026-08-30T08:32:08.600Z,1350.038,500,7.515014000236988,11.106532000005245,17.44090799987316,33.315345998853445,50,9.773493001237512,19.5424259994179,22.543843999505043,22.543843999505043
2026-08-30T08:32:18.599Z,1360.037,499,6.678794998675585,10.262373000383377,15.582169000059366,32.42810699902475,49,9.825672999024391,11.904922001063824,19.871555998921394,19.871555998921394
2026-08-30T08:32:28.600Z,1370.037,501,6.864184999838471,10.513992000371218,16.535678001120687,32.504457000643015,51,9.866702999919653,19.369017001241446,21.997704001143575,21.997704001143575
2026-08-30T08:32:38.598Z,1380.037,500,6.770645000040531,10.740812998265028,17.8259069994092,33.115026999264956,49,9.768742999061942,19.05685699917376,20.615415001288056,20.615415001288056
2026-08-30T08:32:48.600Z,1390.037,499,6.8561860006302595,10.196512000635266,17.569868000224233,33.515635998919606,50,10.088353000581264,18.852006999775767,22.540443999692798,22.540443999692798
2026-08-30T08:32:58.600Z,1400.038,501,7.620005000382662,11.121902000159025,17.86492699943483,33.67731599882245,50,9.803093001246452,19.526745999231935,22.51716399937868,22.51716399937868
2026-08-30T08:33:08.602Z,1410.039,500,6.827584998682141,10.842722998932004,15.10950900055468,33.33077599853277,51,10.434452999383211,19.600336000323296,23.4873130004853,23.4873130004853
2026-08-30T08:33:18.602Z,1420.04,500,7.013705000281334,11.129062000662088,29.186458999291062,72.07905900105834,50,10.083072999492288,16.51256899908185,72.31750900112092,72.31750900112092
2026-08-30T08:33:28.602Z,1430.039,500,6.891034999862313,11.051562000066042,18.38345699943602,34.597664998844266,50,10.180583000183105,19.378026999533176,20.741884998977184,20.741884998977184
2026-08-30T08:33:38.600Z,1440.039,500,6.696604998782277,10.219883000478148,15.76073900051415,33.67156600020826,50,10.369733000174165,16.06551899947226,22.54866399988532,22.54866399988532
2026-08-30T08:33:48.602Z,1450.039,500,7.832063999027014,11.262592000886798,16.788357999175787,34.19262499921024,50,9.816653000190854,19.478466998785734,21.576994998380542,21.576994998380542
2026-08-30T08:33:58.602Z,1460.04,500,6.711294999346137,10.123162999749184,15.790229000151157,31.190767999738455,50,9.902493000030518,16.074508000165224,18.982256999239326,18.982256999239326
2026-08-30T08:34:08.601Z,1470.039,500,7.100275000557303,11.054641999304295,14.851890001446009,36.02689399942756,50,9.95843300037086,15.576748000457883,23.450774000957608,23.450774000957608
2026-08-30T08:34:18.602Z,1480.039,500,6.980775000527501,10.896851999685168,16.21164800040424,32.07175699993968,50,9.995263000950217,15.266619000583887,19.814956000074744,19.814956000074744
2026-08-30T08:34:28.601Z,1490.039,500,6.782594999298453,10.884121999144554,15.957719000056386,34.00485600158572,50,10.201752999797463,18.70740699954331,21.601004000753164,21.601004000753164
2026-08-30T08:34:38.602Z,1500.04,500,7.022985000163317,11.048313001170754,15.172748999670148,33.68215600028634,50,9.684642998501658,13.569390000775456,20.550905000418425,20.550905000418425
2026-08-30T08:34:48.600Z,1510.039,500,6.724835000932217,10.129862001165748,15.645558999851346,31.842237999662757,50,9.908662999048829,13.83347100019455,21.74876500107348,21.74876500107348
2026-08-30T08:34:58.602Z,1520.039,500,6.8722360003739595,10.58751199953258,19.230205999687314,35.100744999945164,50,9.945042999461293,14.223279999569058,23.001993998885155,23.001993998885155
2026-08-30T08:35:08.602Z,1530.04,500,6.733804998919368,10.222802000120282,15.586779000237584,34.12179499864578,50,10.080062000080943,15.807137999683619,19.610925998538733,19.610925998538733
2026-08-30T08:35:18.602Z,1540.039,500,7.183505000546575,11.254871999844909,15.284190000966191,33.681175999343395,50,9.968633001670241,16.61506799980998,21.443483998999,21.443483998999
2026-08-30T08:35:28.602Z,1550.04,500,6.878544999286532,10.942912001162767,17.353307999670506,34.30957500077784,50,9.879202999174595,15.14117000065744,20.64598499983549,20.64598499983549
2026-08-30T08:35:38.603Z,1560.04,499,6.847884999588132,10.36553299985826,16.425187999382615,31.659667998552322,49,9.804612999781966,11.771112000569701,18.570686999708414,18.570686999708414
2026-08-30T08:35:48.602Z,1570.04,501,6.814445000141859,10.29806200042367,17.645457999780774,37.44720300100744,51,10.125062000006437,19.73042600043118,27.80315100029111,27.80315100029111
2026-08-30T08:35:58.603Z,1580.041,500,7.120604999363422,11.093741999939084,16.494388999417424,33.93172600120306,49,9.887692999094725,11.836101001128554,20.43394500017166,20.43394500017166
2026-08-30T08:36:08.604Z,1590.042,499,6.7726349998265505,10.760742001235485,17.652007998898625,32.35300699993968,50,9.987763000652194,19.769825998693705,24.65791199915111,24.65791199915111
2026-08-30T08:36:18.604Z,1600.042,501,6.986376000568271,11.143271999433637,19.85116600058973,32.42681699991226,51,10.186892999336123,19.671876000240445,27.120050000026822,27.120050000026822
2026-08-30T08:36:28.604Z,1610.042,500,6.882124999538064,10.741862999275327,18.32036699913442,33.57033699937165,50,9.871593000367284,19.398755999282002,20.117646001279354,20.117646001279354
2026-08-30T08:36:38.604Z,1620.042,500,6.774776000529528,10.86816200055182,16.130398999899626,32.52300599962473,50,9.717933000996709,14.38994999974966,20.517094999551773,20.517094999551773
2026-08-30T08:36:48.604Z,1630.042,500,7.5615950003266335,11.304441999644041,17.09175799973309,35.99981500022113,50,9.955723000690341,19.26953599974513,21.86838399991393,21.86838399991393
2026-08-30T08:36:58.614Z,1640.052,499,6.933244001120329,10.76350300014019,16.673757998272777,33.360646000131965,49,9.721963999792933,13.681840000674129,20.52266599982977,20.52266599982977
2026-08-30T08:37:08.612Z,1650.051,502,6.661614999175072,10.2255830001086,16.490128001198173,35.76264400035143,51,10.619402999058366,19.5589359998703,35.705854000523686,35.705854000523686
2026-08-30T08:37:18.612Z,1660.051,499,6.872616000473499,10.915482999756932,18.29004699923098,32.717145999893546,50,9.757663000375032,15.06254900060594,20.499175000935793,20.499175000935793
2026-08-30T08:37:28.613Z,1670.052,501,6.831915000453591,10.695251999422908,15.76010899990797,35.75072400085628,50,9.962172999978065,19.8371760006994,23.487803000956774,23.487803000956774
2026-08-30T08:37:38.614Z,1680.052,500,6.851146001368761,11.298671999946237,19.0402070004493,37.57179299928248,50,9.981971999630332,14.477729000151157,28.36959999985993,28.36959999985993
2026-08-30T08:37:48.613Z,1690.052,499,7.274054998531938,11.040921999141574,20.217785999178886,33.77494600042701,50,9.963462999090552,19.311077000573277,21.090435000136495,21.090435000136495
2026-08-30T08:37:58.614Z,1700.051,501,7.312974998727441,10.950841998681426,18.45370600000024,33.69437599927187,50,10.172152999788523,21.01430500112474,22.103923998773098,22.103923998773098
2026-08-30T08:38:08.612Z,1710.051,500,7.045564999803901,11.185391999781132,18.853057000786066,33.741855999454856,50,9.870563000440598,19.403516000136733,22.529683999717236,22.529683999717236
2026-08-30T08:38:18.612Z,1720.051,500,6.776695000007749,10.078993000090122,15.54228900000453,35.49887500144541,50,9.838472999632359,16.02912800014019,22.793193999677896,22.793193999677896
2026-08-30T08:38:28.612Z,1730.051,499,6.866284999996424,10.477272000163794,17.73746700026095,34.35102600045502,50,9.855032999068499,14.474759999662638,22.470904000103474,22.470904000103474
2026-08-30T08:38:38.613Z,1740.051,501,6.636815000325441,10.21165299974382,17.68353799916804,34.91522500105202,50,9.921182999387383,19.8060560002923,21.057494999840856,21.057494999840856
2026-08-30T08:38:48.612Z,1750.051,500,6.828245999291539,10.75738300010562,17.540047999471426,33.017837001010776,50,9.776172999292612,19.60317699983716,20.9206360001117,20.9206360001117
2026-08-30T08:38:58.613Z,1760.051,500,6.878025999292731,10.706263000145555,15.49112900160253,33.15701700001955,50,9.850622998550534,15.72758900001645,20.493116000667214,20.493116000667214
2026-08-30T08:39:08.613Z,1770.052,499,6.767315000295639,10.034992000088096,15.743938999250531,34.83646600134671,50,9.867132999002934,11.639740999788046,21.188835000619292,21.188835000619292
2026-08-30T08:39:18.614Z,1780.051,501,6.7648649998009205,10.31870299950242,15.44959899969399,31.852428000420332,50,9.889883000403643,13.762019999325275,19.134725999087095,19.134725999087095
2026-08-30T08:39:28.613Z,1790.052,500,7.0403150003403425,10.953783001750708,16.47931900061667,37.11881399899721,50,9.939113000407815,11.876891000196338,23.55378399975598,23.55378399975598
2026-08-30T08:39:38.613Z,1800.05,500,7.726505000144243,10.914331998676062,19.291417000815272,51.653142999857664,50,9.98781300149858,14.957488998770714,19.97699600085616,19.97699600085616
2026-08-30T08:39:48.614Z,1810.052,500,6.9060750007629395,10.972431998699903,16.404067998751998,35.33910500071943,50,9.845883000642061,18.603316999971867,22.7442539986223,22.7442539986223
2026-08-30T08:39:58.612Z,1820.051,500,6.887165000662208,10.37410300038755,15.484899001196027,36.46901400014758,50,9.800183000043035,21.4588139988482,23.664712999016047,23.664712999016047
2026-08-30T08:40:08.613Z,1830.052,499,7.3497749995440245,10.834183000028133,21.415194001048803,37.67621299996972,50,9.889042999595404,19.803775999695063,25.27841299958527,25.27841299958527
2026-08-30T08:40:18.613Z,1840.051,500,6.834304999560118,10.739483000710607,19.95897500216961,33.94948599860072,50,9.703772999346256,15.732229001820087,21.689934000372887,21.689934000372887
2026-08-30T08:40:28.614Z,1850.052,500,6.712494999170303,10.678762998431921,16.592187996953726,31.478987999260426,50,10.396033000200987,18.55323600023985,23.415612999349833,23.415612999349833
2026-08-30T08:40:38.612Z,1860.051,501,6.757954999804497,10.232733000069857,15.453578997403383,34.07083600014448,50,9.739402998238802,11.832141999155283,20.452246002852917,20.452246002852917
2026-08-30T08:40:48.614Z,1870.051,500,6.920354999601841,10.882121998816729,17.52648799866438,35.42105500027537,50,9.976893000304699,18.319527000188828,21.713694002479315,21.713694002479315
2026-08-30T08:40:58.612Z,1880.051,500,6.860684998333454,10.74329200014472,16.3153080008924,34.61419599875808,50,10.149082999676466,12.00068200007081,21.914425000548363,21.914425000548363
2026-08-30T08:41:08.612Z,1890.051,500,6.836355000734329,10.48259299993515,14.762548997998238,32.899746000766754,50,9.800882998853922,11.874562002718449,19.797256000339985,19.797256000339985
2026-08-30T08:41:18.614Z,1900.052,499,6.747615002095699,10.265772998332977,18.90709599852562,34.045385997742414,50,9.826962999999523,19.974245999008417,21.925884000957012,21.925884000957012
2026-08-30T08:41:28.612Z,1910.051,501,6.70134500041604,10.425302997231483,20.11752599850297,33.33560599759221,50,9.906803000718355,19.098235998302698,21.967585001140833,21.967585001140833
2026-08-30T08:41:38.615Z,1920.052,499,6.788134999573231,10.193982999771833,18.639116998761892,31.52767700329423,50,9.868652999401093,16.78905799984932,24.47095200046897,24.47095200046897
2026-08-30T08:41:48.614Z,1930.052,500,7.737234000116587,11.199161998927593,15.125838998705149,35.500985000282526,50,9.912562999874353,18.362107001245022,22.270684000104666,22.270684000104666
2026-08-30T08:41:58.614Z,1940.052,500,6.9916550032794476,10.971453003585339,20.747065000236034,36.816612999886274,50,9.779623001813889,19.17058600112796,24.16627299785614,24.16627299785614
2026-08-30T08:42:08.615Z,1950.052,500,7.1256750002503395,11.238322000950575,15.136399000883102,34.481276001781225,50,9.791842997074127,12.051302000880241,20.24465499818325,20.24465499818325
2026-08-30T08:42:18.614Z,1960.052,500,7.735264997929335,11.054972000420094,16.32522799819708,35.813563998788595,50,10.278163000941277,11.874602001160383,23.22012299671769,23.22012299671769
2026-08-30T08:42:28.614Z,1970.052,500,7.090344998985529,10.910902000963688,15.404099002480507,31.645437996834517,50,10.09357300028205,18.666057001799345,21.957434996962547,21.957434996962547
2026-08-30T08:42:38.615Z,1980.052,500,6.883145000785589,10.958751998841763,15.464898999780416,33.744615998119116,50,9.806591998785734,11.892721999436617,19.63874599710107,19.63874599710107
2026-08-30T08:42:48.616Z,1990.053,500,6.838534999638796,10.711812000721693,14.363499999046326,36.07692399993539,50,10.31767300143838,11.90463200211525,22.122134000062943,22.122134000062943
2026-08-30T08:42:58.614Z,2000.053,501,7.291505001485348,10.986382998526096,18.97156599909067,35.48198500275612,50,9.883772999048233,11.930750999599695,21.882954999804497,21.882954999804497
2026-08-30T08:43:08.615Z,2010.052,499,6.711015000939369,10.07278199866414,16.52164800092578,32.03522799909115,50,9.833693001419306,11.713002000004053,20.624846000224352,20.624846000224352
2026-08-30T08:43:18.616Z,2020.052,500,11.294952001422644,66.74983299896121,138.70393100008368,222.11340199783444,50,11.809631999582052,77.15073600038886,118.99714600294828,118.99714600294828
2026-08-30T08:43:28.615Z,2030.052,500,7.134814001619816,11.005851998925209,17.910127997398376,35.910114999860525,50,9.852972999215126,12.14156199991703,22.89953399822116,22.89953399822116
2026-08-30T08:43:38.615Z,2040.053,500,7.690515000373125,11.138452000916004,17.64273799955845,33.57427600026131,50,9.863812997937202,14.716448999941349,20.298465996980667,20.298465996980667
2026-08-30T08:43:48.614Z,2050.052,501,6.845894999802113,10.71425199881196,14.336068999022245,31.079638000577688,50,10.041453000158072,13.170571003109217,21.33168500289321,21.33168500289321
2026-08-30T08:43:58.614Z,2060.052,499,7.5025850012898445,10.994131997227669,15.238320000469685,34.528915002942085,50,10.544222000986338,12.292300999164581,22.12609399855137,22.12609399855137
2026-08-30T08:44:08.614Z,2070.053,501,6.800005000084639,10.347842000424862,16.494548000395298,32.36658699810505,50,9.954122997820377,20.502104997634888,26.871620997786522,26.871620997786522
2026-08-30T08:44:18.613Z,2080.053,500,6.417426001280546,9.857783000916243,12.29313199967146,28.07550000026822,50,10.626662001013756,11.871982000768185,21.61998499929905,21.61998499929905
2026-08-30T08:44:28.613Z,2090.053,500,3.6498170010745525,6.656385000795126,8.120893999934196,24.73284200206399,50,10.027993001043797,11.940671999007463,26.09375200048089,26.09375200048089
2026-08-30T08:44:38.613Z,2100.053,500,3.7502169981598854,6.8172260001301765,8.8817039988935,26.25797100365162,50,10.008682001382113,11.117251999676228,23.838933002203703,23.838933002203703
2026-08-30T08:44:48.613Z,2110.052,500,3.722817000001669,6.8453850001096725,8.975193999707699,25.704962000250816,50,9.942462000995874,12.009052000939846,21.70150399953127,21.70150399953127
2026-08-30T08:44:58.613Z,2120.052,500,3.69641700014472,6.794305998831987,7.450654998421669,24.792842000722885,50,9.823293000459671,12.125702001154423,22.158983998000622,22.158983998000622
2026-08-30T08:45:08.613Z,2130.052,500,3.6503779999911785,6.808025002479553,10.174662999808788,27.052760001271963,50,9.80104300007224,11.935740999877453,25.078022003173828,25.078022003173828
2026-08-30T08:45:18.613Z,2140.052,500,3.687237001955509,6.751885000616312,8.994463000446558,24.095933001488447,50,10.064693000167608,11.949191000312567,23.217454001307487,23.217454001307487
2026-08-30T08:45:28.613Z,2150.052,500,3.7406180016696453,6.813914999365807,9.669973000884056,25.82150200009346,50,10.041803002357483,11.99041099846363,21.785004001110792,21.785004001110792
2026-08-30T08:45:38.613Z,2160.052,500,3.6986979991197586,6.7989760003983974,7.590564999729395,24.8079219982028,50,9.99906199797988,11.799292001873255,22.90505399927497,22.90505399927497
2026-08-30T08:45:48.613Z,2170.053,500,3.7635070011019707,6.757584996521473,9.020603999495506,24.666411999613047,50,9.848302997648716,11.873352002352476,21.988914001733065,21.988914001733065
2026-08-30T08:45:58.613Z,2180.052,500,3.6969980001449585,6.739585001021624,8.467674002051353,25.931671001017094,50,9.892013002187014,12.009982001036406,22.496713001281023,22.496713001281023
2026-08-30T08:46:08.613Z,2190.052,500,3.746197998523712,6.843855999410152,8.27004400268197,25.95542199909687,50,10.116962999105453,12.072161000221968,23.200192999094725,23.200192999094725
2026-08-30T08:46:18.614Z,2200.053,499,60.98327600210905,457.05885599926114,601.951252002269,729.880759999156,50,68.87471099942923,491.3313100002706,576.7884500026703,576.7884500026703
2026-08-30T08:46:28.613Z,2210.053,501,7.74142399802804,110.99715099856257,334.2353430017829,528.2755650021136,50,10.074603002518415,170.85947800055146,421.74362000077963,421.74362000077963
2026-08-30T08:46:38.613Z,2220.052,500,3.6968370005488396,6.757464997470379,7.845075000077486,24.11182300001383,50,9.873683001846075,11.963291998952627,21.263044003397226,21.263044003397226
2026-08-30T08:46:48.614Z,2230.053,500,3.7539369985461235,6.854724999517202,8.293604001402855,26.407930999994278,50,9.946233000606298,12.20797099918127,21.338284999132156,21.338284999132156
2026-08-30T08:46:58.613Z,2240.052,500,3.7169269993901253,6.801255002617836,8.636334002017975,24.34376299753785,50,9.83212300017476,11.862632002681494,27.433279998600483,27.433279998600483
2026-08-30T08:47:08.613Z,2250.052,500,3.68027800321579,6.706914998590946,8.274504002183676,34.41924600303173,50,9.787672996520996,12.123611997812986,23.706282999366522,23.706282999366522
2026-08-30T08:47:18.613Z,2260.052,500,3.731808003038168,6.844675000756979,9.572472997009754,26.686700999736786,50,9.807303000241518,12.047771003097296,22.38824400305748,22.38824400305748
2026-08-30T08:47:28.613Z,2270.052,500,3.661707002669573,6.8080049976706505,8.710443999618292,25.793202001601458,50,9.843203000724316,11.982641000300646,22.5320050008595,22.5320050008595
2026-08-30T08:47:38.613Z,2280.052,500,3.6941280029714108,6.8940750025212765,10.153303001075983,25.770191002637148,50,9.784501999616623,11.96968199685216,12.068162001669407,12.068162001669407
2026-08-30T08:47:48.613Z,2290.053,500,3.688126999884844,6.82073500007391,8.010544002056122,25.834052000194788,50,9.939312998205423,11.743411999195814,22.68564400076866,22.68564400076866
2026-08-30T08:47:58.613Z,2300.052,500,3.718818001449108,6.8284350000321865,7.827844001352787,24.58595199882984,50,10.053612999618053,12.24252099916339,22.70559399947524,22.70559399947524
2026-08-30T08:48:08.613Z,2310.053,500,3.7165780030190945,6.7524650022387505,7.714414000511169,26.89793099835515,50,10.270592000335455,12.215730998665094,23.21356400102377,23.21356400102377
2026-08-30T08:48:18.613Z,2320.052,500,3.730037000030279,6.783644996583462,8.234593998640776,24.132573001086712,50,9.963493000715971,11.823022000491619,26.05128100141883,26.05128100141883
2026-08-30T08:48:28.613Z,2330.052,500,3.726376999169588,6.785694997757673,9.063983999192715,25.822570998221636,50,9.987491998821497,12.098941002041101,23.654874000698328,23.654874000698328
2026-08-30T08:48:38.613Z,2340.053,500,3.726067002862692,6.7341849990189075,7.51375500112772,25.157142002135515,50,9.987633001059294,11.811071000993252,23.015823997557163,23.015823997557163
2026-08-30T08:48:48.614Z,2350.053,500,3.7326369993388653,6.808274999260902,9.127452999353409,26.615550998598337,50,9.98488299921155,11.822042003273964,22.383005000650883,22.383005000650883
2026-08-30T08:48:58.614Z,2360.054,500,3.7286569997668266,6.810824997723103,8.575344000011683,25.904991000890732,50,9.987622998654842,11.80341099947691,22.275744002312422,22.275744002312422
2026-08-30T08:49:08.614Z,2370.053,500,3.7436369992792606,6.835034999996424,8.900003999471664,25.839991997927427,50,9.814633000642061,11.909061998128891,22.88221400231123,22.88221400231123
2026-08-30T08:49:18.614Z,2380.053,500,3.6975070014595985,6.753894999623299,7.9812350012362,26.214741002768278,50,9.780473001301289,11.279102001339197,12.006751000881195,12.006751000881195
2026-08-30T08:49:28.614Z,2390.054,500,3.741926997900009,6.810325000435114,8.696453999727964,28.47605000063777,50,10.040903002023697,11.797121997922659,25.42451200261712,25.42451200261712
2026-08-30T08:49:38.615Z,2400.055,500,3.743987001478672,6.818805001676083,12.78108099848032,49.014564998447895,50,9.88544299826026,12.08305099979043,26.24956199899316,26.24956199899316
2026-08-30T08:49:48.615Z,2410.054,500,3.6731179989874363,6.863455001264811,8.743554003536701,24.961483001708984,50,10.29433299973607,11.856440998613834,11.879710998386145,11.879710998386145
2026-08-30T08:49:58.615Z,2420.054,500,3.7329670004546642,6.89733500033617,8.594623997807503,37.11546399816871,50,10.777901999652386,12.239880997687578,21.074793998152018,21.074793998152018
2026-08-30T08:50:08.615Z,2430.054,500,3.719097997993231,6.799185000360012,8.191114000976086,25.12687199935317,50,10.168511997908354,11.878512002527714,12.498371001332998,12.498371001332998
2026-08-30T08:50:18.615Z,2440.054,500,3.728796999901533,6.759275000542402,9.53550300002098,24.818732999265194,50,10.073003001511097,11.971030998975039,12.033782001584768,12.033782001584768
2026-08-30T08:50:28.615Z,2450.054,500,3.677257999777794,6.800544999539852,8.998743999749422,25.505492001771927,50,10.654422000050545,11.222511999309063,12.185490999370813,12.185490999370813
2026-08-30T08:50:38.627Z,2460.054,497,3.7574770003557205,17.507596999406815,39.33722199872136,76.9846349991858,49,10.877101998776197,14.25738999992609,30.71703800186515,30.71703800186515
2026-08-30T08:50:48.628Z,2470.054,435,251.93477099761367,508.82110799849033,711.5197240002453,815.7476999983191,44,309.1935200020671,590.264059998095,707.5367060005665,707.5367060005665
2026-08-30T08:50:58.615Z,2480.054,568,3.7218270003795624,168.07414999976754,408.37090899795294,531.7241820022464,57,10.853291999548674,231.83012600243092,454.3465570025146,454.3465570025146
2026-08-30T08:51:08.616Z,2490.055,500,3.7172170020639896,6.769686002284288,9.190203998237848,24.453702997416258,50,10.776372000575066,11.809551000595093,12.041972000151873,12.041972000151873
2026-08-30T08:51:18.616Z,2500.055,500,3.6869070008397102,6.7491049990057945,9.872473001480103,24.02903300151229,50,10.527192000299692,11.858132001012564,12.080832000821829,12.080832000821829
2026-08-30T08:51:28.616Z,2510.055,500,3.7436870001256466,6.840314999222755,8.569143999367952,26.941380001604557,50,10.08984300121665,11.782372001558542,12.043342001736164,12.043342001736164
2026-08-30T08:51:38.616Z,2520.056,500,3.7377070002257824,6.83814499899745,10.279101997613907,23.3180239982903,50,10.68453199788928,11.925391998142004,23.940742999315262,23.940742999315262
2026-08-30T08:51:48.617Z,2530.056,500,3.702046997845173,6.727064996957779,9.221413999795914,24.964701998978853,50,10.050572998821735,11.914891000837088,12.074182000011206,12.074182000011206
2026-08-30T08:51:58.617Z,2540.056,500,3.7291169986128807,6.733906000852585,9.39155299961567,36.17400399968028,50,10.118662998080254,12.051810998469591,23.762613002210855,23.762613002210855
2026-08-30T08:52:08.617Z,2550.056,500,3.804136998951435,6.967204999178648,9.705462999641895,26.743521001189947,50,10.547791998833418,11.959162000566721,12.234101001173258,12.234101001173258
2026-08-30T08:52:18.617Z,2560.057,500,3.8920970000326633,7.262955002486706,23.871562998741865,66.43989299982786,50,10.103113003075123,12.03651100024581,66.79302199929953,66.79302199929953
2026-08-30T08:52:28.617Z,2570.056,500,3.7196479998528957,6.785435002297163,10.318773001432419,24.59231300279498,50,10.749301999807358,11.93537100031972,25.433651998639107,25.433651998639107
2026-08-30T08:52:38.617Z,2580.057,500,3.7252070009708405,7.014225002378225,23.155942998826504,70.16551999747753,50,10.842003002762794,11.874090999364853,41.999019999057055,41.999019999057055
2026-08-30T08:52:48.617Z,2590.056,500,3.7048369981348515,6.741115000098944,8.57999400049448,25.344411998987198,50,9.937973000109196,11.116962000727654,11.789971999824047,11.789971999824047
2026-08-30T08:52:58.617Z,2600.057,500,3.7932680025696754,6.990545000880957,9.519812997430563,25.138202000409365,50,9.865053001791239,12.032331001013517,24.691211998462677,24.691211998462677
2026-08-30T08:53:08.617Z,2610.056,500,3.7489080019295216,6.873415000736713,9.453563001006842,26.490351002663374,50,10.126223001629114,11.81658199802041,25.656721998006105,25.656721998006105
2026-08-30T08:53:18.617Z,2620.057,500,3.763068001717329,6.81640500202775,8.596763998270035,26.282660998404026,50,10.03218299895525,11.838961999863386,12.037041001021862,12.037041001021862
2026-08-30T08:53:28.619Z,2630.057,434,235.40276199951768,515.5415240004659,633.7613190002739,797.8004220016301,43,258.2613359987736,523.4364480003715,736.6097659990191,736.6097659990191
2026-08-30T08:53:38.619Z,2640.056,527,205.48790400102735,529.0526040010154,695.1712159998715,849.9376449994743,53,217.85128499940038,634.1677890010178,646.0484010018408,646.0484010018408
2026-08-30T08:53:48.617Z,2650.057,539,6.7232450023293495,62.71838600188494,111.18300100043416,159.82343700155616,54,10.507013000547886,56.101940002292395,97.36016099900007,97.36016099900007
2026-08-30T08:53:58.617Z,2660.056,500,3.70057700201869,6.740214999765158,8.495313998311758,25.294951997697353,50,10.075512003153563,12.376042000949383,24.25816300138831,24.25816300138831
2026-08-30T08:54:08.617Z,2670.057,500,3.7443980015814304,6.856795001775026,7.573414999991655,25.627902001142502,50,9.938372999429703,12.237030997872353,12.391020998358727,12.391020998358727
2026-08-30T08:54:18.617Z,2680.057,500,3.6983570009469986,6.745005998760462,9.772353000938892,24.996812000870705,50,9.930502999573946,12.12602100148797,12.326450999826193,12.326450999826193
2026-08-30T08:54:28.617Z,2690.057,500,3.688418000936508,6.793255001306534,7.702754996716976,25.210901997983456,50,9.97232300043106,11.401311002671719,12.002950999885798,12.002950999885798
2026-08-30T08:54:38.617Z,2700.057,500,3.714826997369528,6.796584997326136,9.51690299808979,24.054793000221252,50,10.09256299957633,11.460551999509335,12.363551001995802,12.363551001995802
2026-08-30T08:54:48.618Z,2710.057,500,3.7203470021486282,6.788744997233152,10.536632001399994,24.86235300078988,50,10.072542000561953,11.359691999852657,12.260301001369953,12.260301001369953
2026-08-30T08:54:58.618Z,2720.057,500,3.7261769995093346,6.827635001391172,10.11684300005436,27.070551000535488,50,10.118053000420332,12.041921000927687,12.083110999315977,12.083110999315977
2026-08-30T08:55:08.617Z,2730.056,500,3.6904269978404045,6.76044600084424,8.69905399903655,23.67103300243616,50,9.84272300079465,11.324112001806498,12.178981997072697,12.178981997072697
2026-08-30T08:55:18.617Z,2740.056,500,3.743937000632286,6.801874998956919,9.867293000221252,26.379631001502275,50,9.804023001343012,11.48395100235939,12.140400998294353,12.140400998294353
2026-08-30T08:55:28.617Z,2750.056,500,3.7117870002985,6.724004998803139,9.783823002129793,23.8366930000484,50,10.041932001709938,12.269201997667551,19.08288599923253,19.08288599923253
2026-08-30T08:55:38.617Z,2760.057,500,3.6940770000219345,6.8647450022399426,8.257454000413418,24.644652999937534,50,9.94344300031662,11.965640999376774,26.2196709997952,26.2196709997952
2026-08-30T08:55:48.617Z,2770.056,500,3.724148001521826,6.771324999630451,10.756512001156807,25.15683199837804,50,10.08746299892664,11.969930998980999,28.21652999892831,28.21652999892831
2026-08-30T08:55:58.617Z,2780.057,500,3.638137999922037,6.709594998508692,8.289423998445272,23.15599299967289,50,9.92179299890995,11.347281999886036,12.111882001161575,12.111882001161575
2026-08-30T08:56:08.617Z,2790.057,500,3.701827999204397,6.926835000514984,9.379602998495102,24.402592997998,50,10.383942000567913,12.05647199973464,12.426141001284122,12.426141001284122
2026-08-30T08:56:18.617Z,2800.056,500,3.6960880011320114,6.749304998666048,8.49694399908185,23.4450530000031,50,10.777642000466585,11.996281001716852,12.344491001218557,12.344491001218557
2026-08-30T08:56:28.617Z,2810.056,500,3.714766997843981,6.824294999241829,9.468464002013206,44.08643800020218,50,9.854173000901937,12.061471000313759,31.224238000810146,31.224238000810146
2026-08-30T08:56:38.617Z,2820.057,500,3.6867970004677773,6.772994998842478,9.969492997974157,24.839952003210783,50,10.05094300210476,12.06241099908948,12.22537199780345,12.22537199780345
2026-08-30T08:56:48.617Z,2830.057,500,3.6914180032908916,6.793384999036789,10.527822997421026,27.24531999975443,50,10.208513002842665,11.809491999447346,12.073270998895168,12.073270998895168
2026-08-30T08:56:58.617Z,2840.057,500,3.6871370002627373,6.703754998743534,9.708612997084856,25.92179200053215,50,10.228142000734806,11.893970999866724,12.13400200009346,12.13400200009346
2026-08-30T08:57:08.617Z,2850.057,500,3.667757000774145,6.860486000776291,8.236083999276161,25.342321999371052,50,10.641842000186443,11.971322000026703,26.778301000595093,26.778301000595093
2026-08-30T08:57:18.617Z,2860.057,500,3.6465069986879826,6.711495000869036,8.922673996537924,25.083013001829386,50,10.8619230017066,11.972952000796795,12.353220999240875,12.353220999240875
2026-08-30T08:57:28.618Z,2870.058,500,3.6922769993543625,6.705465000122786,8.938464000821114,24.377863001078367,50,10.183392003178596,11.65770099684596,25.05663200095296,25.05663200095296
2026-08-30T08:57:38.618Z,2880.057,500,3.6492579989135265,6.671865001320839,9.730503000319004,25.789521001279354,50,10.411823000758886,11.244861997663975,12.046261001378298,12.046261001378298
2026-08-30T08:57:48.618Z,2890.057,500,3.7095880024135113,6.783565003424883,7.601514000445604,22.732574000954628,50,9.970063000917435,11.844032000750303,12.108880996704102,12.108880996704102
2026-08-30T08:57:58.618Z,2900.058,500,3.709486998617649,6.77734600007534,10.261352002620697,26.78431100025773,50,10.370343003422022,11.60301100090146,11.971411000937223,11.971411000937223
2026-08-30T08:58:08.618Z,2910.057,500,3.6782380007207394,6.7330559976398945,8.824974000453949,25.101001996546984,50,10.104393001645803,11.934741999953985,12.320291001349688,12.320291001349688
2026-08-30T08:58:18.619Z,2920.058,500,3.6858970001339912,6.76783500239253,8.724564000964165,24.44353299960494,50,9.922522999346256,12.136620998382568,12.66338099911809,12.66338099911809
2026-08-30T08:58:28.619Z,2930.058,500,3.663876999169588,6.74133500084281,10.127833001315594,24.562961999326944,50,10.191971998661757,11.933791000396013,11.962832000106573,11.962832000106573
2026-08-30T08:58:38.619Z,2940.058,500,3.7373170033097267,6.855794999748468,10.203402999788523,25.01367199793458,50,10.08220300078392,12.123631000518799,12.340030997991562,12.340030997991562
2026-08-30T08:58:48.619Z,2950.058,500,3.7166570015251637,6.772204998880625,8.81496400013566,21.307774998247623,50,10.034591998904943,12.095761001110077,12.752990998327732,12.752990998327732
2026-08-30T08:58:58.619Z,2960.058,500,3.6619779989123344,6.714565999805927,9.462522998452187,23.988732997328043,50,10.141881998628378,12.127922002226114,12.269301000982523,12.269301000982523
2026-08-30T08:59:08.619Z,2970.059,500,3.6615379974246025,6.819825001060963,10.65344200283289,25.196443002671003,50,10.113122999668121,12.048670999705791,22.457593999803066,22.457593999803066
2026-08-30T08:59:18.619Z,2980.058,500,3.6404680013656616,6.67781500145793,10.648701999336481,26.921430997550488,50,10.224073000252247,11.585271999239922,11.984331998974085,11.984331998974085
2026-08-30T08:59:28.619Z,2990.058,500,3.6685580015182495,6.705765001475811,9.757592998445034,24.20720299705863,50,10.204082999378443,11.80850100144744,12.285601001232862,12.285601001232862
2026-08-30T08:59:38.619Z,3000.059,500,3.647547997534275,6.792465999722481,12.97817999869585,46.976005997508764,50,9.99651299789548,11.725021999329329,12.058100998401642,12.058100998401642
2026-08-30T08:59:48.619Z,3010.058,500,3.751766998320818,6.777166001498699,8.60495300218463,24.25195299834013,50,10.174442000687122,12.026792000979185,12.248521000146866,12.248521000146866
2026-08-30T08:59:58.628Z,3020.058,311,95.9190419986844,807.7886350005865,1066.302691001445,1266.045529998839,30,10.990862000733614,803.661999002099,828.5338510014117,828.5338510014117
2026-08-30T09:00:08.629Z,3030.058,339,338.74708899855614,710.8415450006723,952.9918919987977,1166.4033310003579,34,415.71411400288343,932.5995469987392,1163.0011529996991,1163.0011529996991
2026-08-30T09:00:18.628Z,3040.058,430,263.05918299779296,553.3422960005701,653.0745750032365,863.861496001482,44,320.6479919999838,560.0579219982028,594.1813080012798,594.1813080012798
2026-08-30T09:00:28.621Z,3050.058,919,52.758882001042366,155.69453899934888,386.30576599761844,690.0602490007877,92,67.10452299937606,125.38198100030422,577.9966390021145,577.9966390021145
2026-08-30T09:00:38.620Z,3060.059,501,7.606213998049498,11.072732001543045,19.84639599919319,33.067207001149654,50,10.340713001787663,12.576350998133421,20.923946000635624,20.923946000635624
2026-08-30T09:00:48.621Z,3070.059,500,6.760634999722242,10.165702998638153,15.748369000852108,32.472356997430325,50,10.648912001401186,12.599080998450518,19.888205002993345,19.888205002993345
2026-08-30T09:00:58.621Z,3080.059,500,6.987076003104448,10.669781997799873,16.12634800001979,34.157995998859406,50,10.42680300027132,13.142531000077724,21.612463999539614,21.612463999539614
2026-08-30T09:01:08.622Z,3090.059,500,6.829815000295639,10.973432999104261,25.86047200113535,78.18712500110269,50,10.468393001705408,20.446775998920202,78.45826499909163,78.45826499909163
2026-08-30T09:01:18.622Z,3100.059,500,6.830984998494387,10.989732000976801,14.386659998446703,31.35708799958229,50,10.242203000932932,12.25127100199461,21.450594998896122,21.450594998896122
2026-08-30T09:01:28.622Z,3110.06,500,7.134844999760389,10.791983000934124,15.474618997424841,32.79662699997425,50,10.344142999500036,12.316521000117064,19.02888599783182,19.02888599783182
2026-08-30T09:01:38.622Z,3120.06,500,7.634093999862671,10.856881998479366,14.738779999315739,33.309746000915766,50,10.131742998957634,12.244842000305653,21.289875000715256,21.289875000715256
2026-08-30T09:01:48.622Z,3130.06,500,6.833554998040199,10.333542998880148,19.11539600044489,34.11182599887252,50,10.730572000145912,12.388900998979807,21.716914001852274,21.716914001852274
2026-08-30T09:01:58.622Z,3140.059,500,6.902405001223087,10.598361998796463,15.620528999716043,30.95804799720645,50,9.972952999174595,12.089911997318268,21.37048500031233,21.37048500031233
2026-08-30T09:02:08.622Z,3150.059,500,6.708255000412464,10.125553000718355,17.689477000385523,33.78088599815965,50,10.531371999531984,14.210560001432896,20.82227499783039,20.82227499783039
2026-08-30T09:02:18.622Z,3160.06,500,6.975984998047352,10.943652000278234,16.834607999771833,30.53209899738431,50,10.412643000483513,12.279031999409199,21.80393400043249,21.80393400043249
2026-08-30T09:02:28.622Z,3170.059,499,6.852036003023386,10.536041997373104,16.882588002830744,31.86913700029254,50,10.732703000307083,12.127071000635624,21.052035000175238,21.052035000175238
2026-08-30T09:02:38.622Z,3180.059,501,6.729825001209974,10.030582997947931,17.60301700234413,32.92792600020766,50,10.244783002883196,12.24346099793911,20.594626002013683,20.594626002013683
2026-08-30T09:02:48.622Z,3190.06,500,6.89478500187397,10.929361999034882,15.26094999909401,32.87123699858785,50,10.669441998004913,12.567380998283625,20.569084998220205,20.569084998220205
2026-08-30T09:02:58.622Z,3200.059,500,6.781325001269579,10.603183001279831,16.539677999913692,31.04288800060749,50,10.525482002645731,12.447581000626087,20.522454999387264,20.522454999387264
2026-08-30T09:03:08.622Z,3210.059,499,7.433554999530315,11.334251001477242,16.721147999167442,31.89877700060606,50,10.407742001116276,12.168410997837782,20.720084998756647,20.720084998756647
2026-08-30T09:03:18.622Z,3220.06,501,6.8564249984920025,10.790713001042604,15.866319000720978,31.8806880004704,50,10.579521998763084,12.2635009996593,21.41084500029683,21.41084500029683
2026-08-30T09:03:28.622Z,3230.06,500,6.8449250012636185,10.126772999763489,15.73742900043726,31.150748003274202,50,10.256012998521328,12.15302100032568,19.891426000744104,19.891426000744104
2026-08-30T09:03:38.622Z,3240.06,500,6.968375001102686,10.454361997544765,16.628528002649546,36.17533399909735,50,10.1758630014956,12.819621000438929,22.132333997637033,22.132333997637033
2026-08-30T09:03:48.624Z,3250.061,500,6.969015002250671,11.080272000283003,15.605478998273611,35.50027499720454,50,9.958083000034094,12.64206100255251,22.71357300132513,22.71357300132513
2026-08-30T09:03:58.624Z,3260.061,500,6.929125998169184,10.562212001532316,17.790396999567747,37.31699299812317,50,10.041561998426914,12.27021200209856,21.5956149995327,21.5956149995327
2026-08-30T09:04:08.625Z,3270.062,500,6.8442550003528595,10.24151299893856,15.26791900023818,30.316189002245665,50,10.866132002323866,12.452470999211073,16.242377996444702,16.242377996444702
2026-08-30T09:04:18.622Z,3280.061,500,7.464454997330904,10.964112002402544,15.391428999602795,33.5799660012126,50,10.208451997488737,12.915040999650955,20.64462500065565,20.64462500065565
2026-08-30T09:04:28.624Z,3290.062,500,6.910885002464056,10.71747300028801,16.95158800110221,31.037588000297546,50,10.513492997735739,15.750188998878002,22.086174000054598,22.086174000054598
2026-08-30T09:04:38.624Z,3300.062,500,6.856864999979734,10.874391999095678,15.461488999426365,32.37519700080156,50,10.685582999140024,12.5146109983325,21.711973998695612,21.711973998695612
2026-08-30T09:04:48.624Z,3310.062,500,6.763815000653267,10.114692997187376,14.928518999367952,31.64793799817562,50,10.096152998507023,12.128020998090506,21.0328550003469,21.0328550003469
2026-08-30T09:04:58.625Z,3320.062,500,6.8263049982488155,10.274422999471426,20.264665998518467,33.563655998557806,50,10.151461999863386,19.43945699930191,21.378375001251698,21.378375001251698
2026-08-30T09:05:08.625Z,3330.063,500,6.8168760016560555,10.71425199881196,16.01238800212741,32.53414700180292,50,9.984813001006842,12.25518099963665,21.109165001660585,21.109165001660585
2026-08-30T09:05:18.625Z,3340.063,500,6.8883350007236,10.341492999345064,14.89613899961114,31.71943699941039,50,10.171163000166416,12.158760998398066,22.809654001146555,22.809654001146555
2026-08-30T09:05:28.624Z,3350.063,500,6.855514999479055,10.493841998279095,15.443169001489878,32.378257002681494,50,10.64394200220704,12.123400997370481,19.82344599813223,19.82344599813223
2026-08-30T09:05:38.624Z,3360.062,499,6.773035001009703,10.870813000947237,17.752516999840736,35.36305499821901,50,10.438481997698545,12.362251002341509,20.700385000556707,20.700385000556707
2026-08-30T09:05:48.625Z,3370.063,501,6.840764999389648,10.248502001166344,18.343856997787952,34.69287500157952,50,10.397022999823093,11.976930998265743,20.559085000306368,20.559085000306368
2026-08-30T09:05:58.625Z,3380.063,500,7.007154997438192,10.911162998527288,16.63825799897313,33.599395997822285,50,10.065462999045849,15.133868999779224,22.237633999437094,22.237633999437094
2026-08-30T09:06:08.625Z,3390.063,500,6.675974998623133,10.622742999345064,17.110328000038862,32.227887000888586,50,10.151452999562025,12.4535509981215,20.800204999744892,20.800204999744892
2026-08-30T09:06:18.625Z,3400.063,500,6.983984999358654,10.808381997048855,16.526458002626896,31.45209699869156,50,10.214223001152277,12.487211000174284,21.7724939994514,21.7724939994514
2026-08-30T09:06:28.625Z,3410.063,500,6.874634999781847,10.848492998629808,15.125399999320507,32.681525997817516,50,10.289983000606298,12.197811998426914,21.546655002981424,21.546655002981424
2026-08-30T09:06:38.627Z,3420.064,500,6.85241499915719,10.79365200176835,20.388605002313852,32.56895700097084,50,10.645821999758482,11.964960999786854,22.19846400246024,22.19846400246024
2026-08-30T09:06:48.626Z,3430.063,500,7.66703499853611,10.81624299660325,17.15088799968362,32.082678001374006,50,10.323052998632193,12.013571999967098,20.492746002972126,20.492746002972126
2026-08-30T09:06:58.625Z,3440.063,500,6.752344999462366,9.998493000864983,18.520106997340918,32.27129700034857,50,10.404523000121117,12.09969099983573,21.749134998768568,21.749134998768568
2026-08-30T09:07:08.626Z,3450.063,500,6.785475000739098,10.497492998838425,18.540996998548508,32.79646700248122,50,10.52539300173521,15.94963899999857,20.694405999034643,20.694405999034643
2026-08-30T09:07:18.625Z,3460.063,500,7.377275001257658,10.80443199723959,15.717078998684883,32.29756699874997,50,10.02607300132513,11.983791001141071,19.34214600175619,19.34214600175619
2026-08-30T09:07:28.626Z,3470.063,500,7.796043999493122,11.058401998132467,16.660468999296427,33.40515600144863,50,10.107103001326323,12.0872110016644,20.02699600160122,20.02699600160122
2026-08-30T09:07:38.625Z,3480.063,500,7.8204539977014065,11.578821003437042,15.778067998588085,32.75308600068092,50,10.313733000308275,11.50756200030446,20.257275000214577,20.257275000214577
2026-08-30T09:07:48.625Z,3490.063,500,6.898664999753237,11.226201999932528,15.988338999450207,31.84399800002575,50,10.821373000741005,12.547581002116203,19.781215000897646,19.781215000897646
2026-08-30T09:07:58.625Z,3500.063,500,7.077165000140667,10.945981997996569,15.633299000561237,31.646338000893593,50,10.896561998873949,12.548220999538898,20.022485002875328,20.022485002875328
2026-08-30T09:08:08.626Z,3510.064,500,6.844074998050928,10.817632999271154,15.480709001421928,32.422935999929905,50,10.788422003388405,12.236480999737978,21.028135001659393,21.028135001659393
2026-08-30T09:08:18.625Z,3520.063,500,6.911575000733137,10.775522001087666,17.63756699860096,33.876496002078056,50,10.777701999992132,16.516618002206087,22.090745002031326,22.090745002031326
2026-08-30T09:08:28.626Z,3530.063,500,6.877934999763966,10.883292000740767,16.618838001042604,31.768496997654438,50,10.702493000775576,13.444990999996662,20.77233500033617,20.77233500033617
2026-08-30T09:08:38.626Z,3540.063,499,6.831804998219013,10.402913000434637,17.19328700006008,35.2424249984324,50,10.719202000647783,14.414009999483824,23.03489299863577,23.03489299863577
2026-08-30T09:08:48.625Z,3550.064,501,7.07583399862051,10.886491999030113,20.69641499966383,29.916737999767065,50,10.65276199951768,12.468821000307798,20.943805001676083,20.943805001676083
2026-08-30T09:08:58.625Z,3560.063,499,6.910064999014139,11.007102001458406,17.53352800011635,33.04851600155234,50,10.544032998383045,12.366220999509096,22.276693999767303,22.276693999767303
2026-08-30T09:09:08.625Z,3570.063,501,6.893655002117157,10.589283000677824,15.641749002039433,33.28335699811578,50,10.537911999970675,14.784839000552893,19.68674600124359,19.68674600124359
2026-08-30T09:09:18.625Z,3580.063,500,6.94989500194788,10.937453001737595,17.616987001150846,30.864996999502182,50,10.356603000313044,15.093398999422789,20.879145000129938,20.879145000129938
2026-08-30T09:09:28.625Z,3590.063,500,7.303983997553587,10.997072000056505,14.500440001487732,32.802276000380516,50,10.536412000656128,12.381310999393463,22.661203000694513,22.661203000694513
2026-08-30T09:09:38.626Z,3600.063,500,6.938874997198582,11.09876199811697,23.53719300031662,52.789792001247406,50,10.170281998813152,14.938078999519348,53.047942001372576,53.047942001372576
2026-08-30T09:09:48.626Z,3610.063,500,6.868005000054836,10.713083002716303,15.964699000120163,34.08449599891901,50,10.881443001329899,12.15879200026393,22.952343996614218,22.952343996614218
2026-08-30T09:09:58.625Z,3620.064,500,6.692484997212887,10.618781998753548,14.798780001699924,29.40411899983883,50,10.825991999357939,11.96595200151205,14.117940001189709,14.117940001189709
2026-08-30T09:10:08.626Z,3630.063,499,6.833714999258518,10.508503001183271,16.680668000131845,31.49890699982643,50,10.745183002203703,12.385741997510195,20.485075000673532,20.485075000673532
2026-08-30T09:10:18.626Z,3640.064,501,6.996235001832247,10.837501998990774,19.71287599951029,36.87364400178194,50,10.756292998790741,12.200020998716354,21.8974939994514,21.8974939994514
2026-08-30T09:10:28.626Z,3650.064,499,6.86956600099802,10.321402002125978,16.084368001669645,34.06513600051403,50,10.76205199956894,12.11837100237608,22.656193997710943,22.656193997710943
2026-08-30T09:10:38.625Z,3660.063,501,6.816084999591112,10.062463000416756,18.22451699897647,32.63826700299978,50,10.758421998471022,12.03737099841237,20.67271499708295,20.67271499708295
2026-08-30T09:10:48.626Z,3670.063,500,7.200224999338388,11.058231998234987,15.568928997963667,36.51911399886012,50,10.815712001174688,12.094420999288559,24.302962999790907,24.302962999790907
2026-08-30T09:10:58.626Z,3680.063,500,6.981195002794266,10.750452000647783,15.807877998799086,32.228467002511024,50,10.780591998249292,15.59841900318861,21.54278500005603,21.54278500005603
2026-08-30T09:11:08.626Z,3690.064,499,6.888806000351906,10.947081997990608,16.23674799874425,31.991896998137236,50,10.824962001293898,12.194230999797583,21.14623500034213,21.14623500034213
2026-08-30T09:11:18.626Z,3700.064,501,7.12245499715209,10.91313200071454,18.37721699848771,32.77071600034833,50,10.713762000203133,12.026910997927189,20.583954997360706,20.583954997360706
2026-08-30T09:11:28.625Z,3710.064,500,7.403574999421835,11.059302002191544,16.929478000849485,31.392466999590397,50,10.715881999582052,16.32490899786353,21.433803997933865,21.433803997933865
2026-08-30T09:11:38.626Z,3720.063,500,6.881924998015165,10.904091998934746,17.939736999571323,33.1708370000124,50,10.715222001075745,11.916002001613379,21.53854500129819,21.53854500129819
2026-08-30T09:11:48.625Z,3730.064,499,6.7308149971067905,9.994323000311852,14.741369001567364,30.160039000213146,50,10.872122999280691,12.021751999855042,17.466657999902964,17.466657999902964
2026-08-30T09:11:58.627Z,3740.064,500,6.981164999306202,10.970851998776197,16.438888996839523,32.18412699922919,50,10.76520299911499,12.084881998598576,21.024585999548435,21.024585999548435
2026-08-30T09:12:08.625Z,3750.063,500,7.2615549974143505,10.959672998636961,19.652375999838114,32.159837000072,50,10.714471999555826,12.303681999444962,19.581236001104116,19.581236001104116
2026-08-30T09:12:18.626Z,3760.063,500,7.135405000299215,10.783562000840902,17.331828001886606,33.44124599918723,50,10.723352000117302,15.95584899932146,21.703145001083612,21.703145001083612
2026-08-30T09:12:28.627Z,3770.064,500,6.9177449978888035,10.61472199857235,17.693216998130083,32.874967001378536,50,10.668781999498606,11.89096200093627,21.28498499840498,21.28498499840498
2026-08-30T09:12:38.625Z,3780.064,500,7.233845002949238,10.897091999650002,19.765346001833677,32.35910700261593,50,10.710501998662949,11.99134099856019,19.72596599906683,19.72596599906683
2026-08-30T09:12:48.626Z,3790.063,500,6.582125000655651,10.145712997764349,17.5609669983387,32.79095700010657,50,10.633512999862432,21.20364500209689,21.822123996913433,21.822123996913433
2026-08-30T09:12:58.625Z,3800.064,500,6.779736001044512,10.346142001450062,17.480698000639677,34.539865002036095,50,10.71518300101161,12.085441000759602,23.178344000130892,23.178344000130892
2026-08-30T09:13:08.625Z,3810.064,500,6.880334999412298,10.878761999309063,21.526955001056194,34.40607599914074,50,10.709281999617815,15.531038999557495,23.406803000718355,23.406803000718355
2026-08-30T09:13:18.628Z,3820.065,501,7.151484999805689,11.016113001853228,16.58941799774766,33.3965959995985,50,10.642303001135588,12.015161000192165,21.09926500171423,21.09926500171423
2026-08-30T09:13:28.628Z,3830.066,499,6.759044997394085,10.279423002153635,15.600338999181986,34.85213600099087,50,10.825771998614073,12.826740998774767,21.7114339992404,21.7114339992404
2026-08-30T09:13:38.627Z,3840.065,500,6.947134997695684,11.02293200045824,19.043266002088785,35.10131499916315,50,10.803772997111082,12.293231002986431,21.710824999958277,21.710824999958277
2026-08-30T09:13:48.626Z,3850.065,500,6.94361500069499,11.105532001703978,16.112327996641397,35.75561499968171,50,10.836491998285055,12.24720099940896,22.607904002070427,22.607904002070427
2026-08-30T09:13:58.628Z,3860.065,500,7.073665000498295,10.83177199959755,15.771928999572992,33.13161699846387,50,10.906212002038956,12.002241998910904,22.79118400067091,22.79118400067091
2026-08-30T09:14:08.627Z,3870.065,500,6.944514997303486,10.725563000887632,16.59985800087452,33.145677000284195,50,10.605082999914885,16.43613800033927,21.509904999285936,21.509904999285936
2026-08-30T09:14:18.628Z,3880.065,500,6.938025001436472,10.83254300057888,17.62397699803114,34.377934999763966,50,11.030022002756596,11.913681000471115,23.349403999745846,23.349403999745846
2026-08-30T09:14:28.628Z,3890.065,500,7.208234999328852,11.08330199867487,16.137287996709347,31.201138000935316,50,11.167392000555992,12.020082000643015,17.232547000050545,17.232547000050545
2026-08-30T09:14:38.628Z,3900.066,500,6.8435849994421005,10.562631998211145,16.636188000440598,32.53042700141668,50,10.754912998527288,16.114997997879982,22.323564000427723,22.323564000427723
2026-08-30T09:14:48.628Z,3910.066,500,7.616144999861717,10.813081998378038,16.712188001722097,35.47832399979234,50,11.072141997516155,11.964472003281116,23.077394001185894,23.077394001185894
2026-08-30T09:14:58.628Z,3920.065,500,6.856614999473095,10.83890200033784,16.60927800089121,32.715307001024485,50,10.89172200113535,12.117210999131203,22.59128399938345,22.59128399938345
2026-08-30T09:15:08.628Z,3930.065,500,7.554994001984596,10.980011999607086,16.485798001289368,35.28542499989271,50,10.823681998997927,14.41882000118494,24.344833001494408,24.344833001494408
2026-08-30T09:15:18.632Z,3940.069,500,7.208124998956919,10.905931998044252,20.011145997792482,37.889403000473976,50,10.866071999073029,12.092182002961636,22.135383997112513,22.135383997112513
2026-08-30T09:15:28.633Z,3950.07,501,6.820954997092485,10.866871997714043,16.37498800083995,39.563570998609066,50,11.033842001110315,12.402991000562906,16.403317999094725,16.403317999094725
2026-08-30T09:15:38.632Z,3960.069,500,6.776706002652645,10.35573199763894,15.083289001137018,34.33914499729872,50,10.819951999932528,11.994071003049612,21.505634002387524,21.505634002387524
2026-08-30T09:15:48.634Z,3970.07,499,6.9160049967467785,10.80774300172925,21.62363500148058,37.6737639978528,50,11.008441999554634,12.144252002239227,20.969155002385378,20.969155002385378
2026-08-30T09:15:58.632Z,3980.069,501,7.0013450011610985,11.025121998041868,20.36557500064373,37.24134400114417,50,11.068983003497124,12.391270998865366,20.603974997997284,20.603974997997284
2026-08-30T09:16:08.632Z,3990.069,499,6.803654998540878,10.768521998077631,16.517778001725674,31.71238800138235,50,10.820882998406887,11.886431001126766,17.604857999831438,17.604857999831438
2026-08-30T09:16:18.630Z,4000.069,502,4.078777000308037,9.530773002654314,16.91626799851656,36.05084399878979,50,10.838352002203465,11.837662000209093,11.931230999529362,11.931230999529362
2026-08-30T09:16:28.630Z,4010.07,500,3.6137779988348484,6.607145000249147,9.27224300056696,25.974651999771595,50,10.76256199926138,11.771812003105879,11.872001998126507,11.872001998126507
2026-08-30T09:16:38.630Z,4020.069,500,3.6729179993271828,6.705085001885891,10.869692001491785,25.12093200162053,50,10.834083002060652,11.953861001878977,12.00747100263834,12.00747100263834
2026-08-30T09:16:48.630Z,4030.069,500,3.6397569999098778,6.77615499868989,8.5826329998672,26.65752100199461,50,10.773631997406483,11.856761999428272,11.900552000850439,11.900552000850439
2026-08-30T09:16:58.630Z,4040.069,500,3.710527002811432,6.751644998788834,10.323682997375727,26.634961001574993,50,10.758042998611927,11.813281998038292,11.982121996581554,11.982121996581554
2026-08-30T09:17:08.630Z,4050.07,500,3.638367000967264,6.671316001564264,9.625892996788025,26.34928099811077,50,10.788782000541687,11.919461000710726,12.01614100113511,12.01614100113511
2026-08-30T09:17:18.630Z,4060.069,500,3.7049480006098747,6.784424997866154,10.450171999633312,26.0461209975183,50,10.7552620023489,11.78167200088501,11.902452003210783,11.902452003210783
2026-08-30T09:17:28.630Z,4070.07,499,3.725857000797987,6.979104999452829,12.074281003326178,27.410300999879837,50,10.80273300036788,11.720461998134851,22.46356399729848,22.46356399729848
2026-08-30T09:17:38.630Z,4080.069,500,3.7427369989454746,6.774695001542568,9.053704001009464,26.811870999634266,50,10.864922001957893,12.194990999996662,12.244690999388695,12.244690999388695
2026-08-30T09:17:48.630Z,4090.069,501,3.7601680010557175,6.8172750025987625,10.873502001166344,29.650528002530336,50,10.905902996659279,12.053901001811028,12.311511997133493,12.311511997133493
2026-08-30T09:17:58.630Z,4100.07,500,3.725467000156641,6.750865001231432,7.774085000157356,26.222341001033783,50,10.808361999690533,11.893620997667313,11.991101000458002,11.991101000458002
2026-08-30T09:18:08.630Z,4110.069,500,3.7356179989874363,6.78031500056386,10.457833003252745,26.394340999424458,50,10.716053001582623,11.855061002075672,11.946231998503208,11.946231998503208
2026-08-30T09:18:18.630Z,4120.069,500,3.650227002799511,6.7347950004041195,8.196954000741243,24.98710200190544,50,10.640131998807192,11.807370997965336,11.910051003098488,11.910051003098488
2026-08-30T09:18:28.630Z,4130.069,500,3.6661669984459877,6.697365000844002,11.51205199956894,28.74412999674678,50,10.748091999441385,11.884821001440287,11.943091999739408,11.943091999739408
2026-08-30T09:18:38.630Z,4140.07,500,3.626807000488043,6.6396949999034405,7.605005003511906,26.16974100098014,50,10.774361997842789,11.880511000752449,11.947682000696659,11.947682000696659
2026-08-30T09:18:48.630Z,4150.069,500,3.703737001866102,6.75263499841094,9.865752998739481,27.83619999885559,50,10.768141999840736,11.91534199938178,12.08798100054264,12.08798100054264
2026-08-30T09:18:58.630Z,4160.069,500,3.6561979986727238,6.726234998553991,8.12959399819374,26.350940998643637,50,10.807601999491453,11.908080998808146,12.023882001638412,12.023882001638412
2026-08-30T09:19:08.630Z,4170.069,500,3.731766998767853,6.788735002279282,9.473393999040127,29.3176690004766,50,10.68894300237298,11.900912001729012,12.033321000635624,12.033321000635624
2026-08-30T09:19:18.630Z,4180.07,500,3.737678002566099,6.796725001186132,10.806583002209663,24.84494199976325,50,10.831362001597881,11.893481999635696,12.058971002697945,12.058971002697945
2026-08-30T09:19:28.630Z,4190.07,500,3.7452569976449013,6.752474997192621,8.633804000914097,24.063143000006676,50,10.80724199861288,12.072752002626657,12.790831003338099,12.790831003338099
2026-08-30T09:19:38.630Z,4200.07,500,3.7873769998550415,6.861515000462532,11.776980999857187,46.78708700090647,50,10.877021998167038,11.959761999547482,32.093036998063326,32.093036998063326
2026-08-30T09:19:48.630Z,4210.07,500,3.6801079995930195,6.665516000241041,9.113292999565601,27.087671000510454,50,10.81165200099349,11.898302000015974,12.26401099935174,12.26401099935174
2026-08-30T09:19:58.629Z,4220.069,500,3.6966580003499985,6.797634996473789,9.9233130030334,26.782370999455452,50,10.694072999060154,11.895031999796629,12.122890997678041,12.122890997678041
2026-08-30T09:20:08.630Z,4230.07,500,3.672708000987768,6.730394996702671,8.448833998292685,25.227172002196312,50,10.818331997841597,11.94887100160122,12.664110999554396,12.664110999554396
2026-08-30T09:20:18.630Z,4240.069,500,3.755587998777628,6.791974999010563,7.666425000876188,24.600261997431517,50,10.847221996635199,12.067602001130581,12.263211000710726,12.263211000710726
2026-08-30T09:20:28.630Z,4250.07,500,3.7662669979035854,6.783415000885725,10.250183001160622,24.512962002307177,50,10.858801998198032,12.147540997713804,12.48531099781394,12.48531099781394
2026-08-30T09:20:38.630Z,4260.07,500,3.7672270014882088,6.7985749989748,9.09494300186634,27.251651000231504,50,10.777661997824907,12.013092000037432,13.483890999108553,13.483890999108553
2026-08-30T09:20:48.630Z,4270.069,500,3.8284670002758503,6.852745000272989,10.268273003399372,27.519239999353886,50,10.81046199798584,12.194860998541117,12.34715199843049,12.34715199843049
2026-08-30T09:20:58.630Z,4280.069,500,3.6798870004713535,6.7014649994671345,8.325794000178576,25.083702001720667,50,10.840312000364065,11.936591997742653,11.98955100029707,11.98955100029707
2026-08-30T09:21:08.630Z,4290.069,500,3.7547670006752014,6.953245002776384,8.578494999557734,27.684220001101494,50,10.804021999239922,12.018501002341509,12.054731000214815,12.054731000214815
2026-08-30T09:21:18.630Z,4300.069,500,3.7238080017268658,6.750705000013113,8.72248400002718,25.609742000699043,50,10.86116200312972,11.991481997072697,12.474420998245478,12.474420998245478
2026-08-30T09:21:28.630Z,4310.069,500,3.828448001295328,7.053634997457266,9.557674001902342,26.22028100118041,50,10.8383219987154,12.245890997350216,12.328910999000072,12.328910999000072
2026-08-30T09:21:38.630Z,4320.07,500,3.7540270015597343,6.758754998445511,9.494833000004292,26.72164100036025,50,10.850933000445366,12.070342000573874,12.557930998504162,12.557930998504162
2026-08-30T09:21:48.630Z,4330.069,500,3.713587000966072,6.762196000665426,9.21637300029397,24.63070300221443,50,10.73854300007224,12.048521999269724,12.158410999923944,12.158410999923944
2026-08-30T09:21:58.630Z,4340.069,500,3.761337000876665,6.81241500005126,7.610534999519587,24.678722999989986,50,10.9166119992733,11.961830999702215,13.058700002729893,13.058700002729893
2026-08-30T09:22:08.630Z,4350.07,500,3.7003169991075993,6.707644999027252,8.4083740003407,24.21551300212741,50,10.744431998580694,11.951471999287605,12.676571000367403,12.676571000367403
2026-08-30T09:22:18.650Z,4360.07,422,3.7715569995343685,509.2209680005908,757.0911719985306,942.19212000072,42,10.827471997588873,649.2677079997957,849.3945459984243,849.3945459984243
2026-08-30T09:22:28.654Z,4370.07,236,471.9393449984491,926.7019609995186,1192.8392719998956,1248.1735820025206,23,558.7898130007088,893.0967849977314,905.610145997256,905.610145997256
2026-08-30T09:22:38.638Z,4380.07,402,267.59681000187993,635.6955480016768,915.6287989988923,1151.9984610006213,40,374.12161400169134,664.8280469998717,841.6893509998918,841.6893509998918
2026-08-30T09:22:48.634Z,4390.071,858,80.72771199792624,437.29544899985194,607.1017979979515,758.25223999843,86,100.68266800045967,381.7970690019429,503.5274219997227,503.5274219997227
2026-08-30T09:22:58.633Z,4400.07,581,7.4806349985301495,78.5431239977479,126.04638100042939,160.53541599959135,59,11.370512001216412,101.19537800177932,122.45570300146937,122.45570300146937
2026-08-30T09:23:08.632Z,4410.07,500,6.927485000342131,10.694761998951435,16.22596900165081,33.388296000659466,50,10.555802997201681,21.448764998465776,21.99142399802804,21.99142399802804
2026-08-30T09:23:18.632Z,4420.071,500,7.041225001215935,11.07090300321579,15.44114900007844,33.488156002014875,50,11.136771999299526,12.359910998493433,23.48071299865842,23.48071299865842
2026-08-30T09:23:28.633Z,4430.071,501,6.675085000693798,10.080012999475002,15.464539002627134,32.3529070019722,50,10.648233000189066,12.490981001406908,20.779164999723434,20.779164999723434
2026-08-30T09:23:38.636Z,4440.073,499,6.915375001728535,10.855962999165058,15.19505900144577,33.21308699995279,50,10.832212001085281,14.08679000288248,22.685504000633955,22.685504000633955
2026-08-30T09:23:48.636Z,4450.073,501,6.993494998663664,10.827201999723911,28.497768998146057,83.47264000028372,50,10.605262000113726,12.089942000806332,17.481197997927666,17.481197997927666
2026-08-30T09:23:58.635Z,4460.073,500,7.113184999674559,10.927251998335123,14.80502999946475,36.48998399823904,50,10.663093000650406,14.700479000806808,24.18723299726844,24.18723299726844
2026-08-30T09:24:08.636Z,4470.074,500,7.195203997194767,11.118861999362707,14.797569002956152,32.95194699987769,50,10.54586299881339,12.39444100111723,18.364407002925873,18.364407002925873
2026-08-30T09:24:18.637Z,4480.074,500,6.768375001847744,10.62533299997449,14.511059001088142,33.00152700021863,50,10.909931998699903,14.34713999927044,20.202344998717308,20.202344998717308
2026-08-30T09:24:28.637Z,4490.074,500,6.936514999717474,10.772303000092506,16.851517997682095,33.336316000670195,50,10.679712001234293,12.289460998028517,21.13993499800563,21.13993499800563
2026-08-30T09:24:38.637Z,4500.075,500,6.949854999780655,10.766922000795603,14.647140000015497,33.303465999662876,50,10.792842000722885,12.145790997892618,20.02877600118518,20.02877600118518
2026-08-30T09:24:48.637Z,4510.075,500,6.799646001309156,10.623582001775503,14.148749999701977,31.701228000223637,50,10.761172000318766,12.524931002408266,17.28295800089836,17.28295800089836
2026-08-30T09:24:58.637Z,4520.075,500,6.801164999604225,10.873701997101307,16.22222799807787,32.44485700130463,50,10.753162000328302,12.336891002953053,20.2722560018301,20.2722560018301
2026-08-30T09:25:08.638Z,4530.076,500,6.826534997671843,10.36982299759984,14.015420001000166,32.68717700242996,50,10.746332999318838,12.339940998703241,20.388475000858307,20.388475000858307
2026-08-30T09:25:18.638Z,4540.075,500,6.787556000053883,10.174401998519897,13.472380999475718,33.74873600155115,50,10.695422001183033,12.091400999575853,22.62983400002122,22.62983400002122
2026-08-30T09:25:28.638Z,4550.075,500,7.027674999088049,10.987881999462843,17.9827680028975,34.138625998049974,50,10.713872000575066,12.364950999617577,20.623955000191927,20.623955000191927
2026-08-30T09:25:38.638Z,4560.075,500,6.788065001368523,10.557792000472546,14.900090001523495,30.460018999874592,50,10.748323000967503,12.380132000893354,16.287418000400066,16.287418000400066
2026-08-30T09:25:48.637Z,4570.076,500,7.095064997673035,10.652802001684904,13.39479099959135,31.862047001719475,50,8.704263001680374,12.24583100154996,22.153903998434544,22.153903998434544
2026-08-30T09:25:58.637Z,4580.076,500,7.154795002192259,10.960292000323534,17.374437998980284,35.560685001313686,50,10.645573001354933,12.233731001615524,23.165133997797966,23.165133997797966
2026-08-30T09:26:08.638Z,4590.075,500,6.813866000622511,10.140831999480724,13.708010002970695,34.93233500048518,50,10.881743002682924,12.256590999662876,23.578343000262976,23.578343000262976
2026-08-30T09:26:18.638Z,4600.075,500,6.849516000598669,10.404061999171972,14.677639000117779,34.026536002755165,50,9.990863002836704,12.119281001389027,21.904194001108408,21.904194001108408
2026-08-30T09:26:28.638Z,4610.076,500,6.893565997481346,10.67544199898839,13.658860001713037,32.83566600084305,50,8.143354002386332,12.194832000881433,20.805154997855425,20.805154997855425
2026-08-30T09:26:38.638Z,4620.076,500,7.083905000239611,10.99151199683547,15.053508996963501,32.23036699742079,50,10.65132200345397,12.277031000703573,19.892375998198986,19.892375998198986
2026-08-30T09:26:48.640Z,4630.077,500,6.634165000170469,10.478782001882792,14.183720000088215,33.32343700155616,50,8.903973001986742,12.31547099724412,18.93885599821806,18.93885599821806
2026-08-30T09:26:58.640Z,4640.077,500,6.6416050009429455,9.932042997330427,16.638298001140356,34.07793599739671,50,10.81615199893713,12.046081002801657,21.6954050026834,21.6954050026834
2026-08-30T09:27:08.639Z,4650.077,500,6.898155000060797,10.796902999281883,16.822327997535467,32.4173170030117,50,9.35946300253272,15.83983900025487,21.67322399839759,21.67322399839759
2026-08-30T09:27:18.640Z,4660.078,500,6.84281500056386,10.823671996593475,13.999669998884201,32.2343979999423,50,10.338362999260426,12.04399199783802,19.17213600128889,19.17213600128889
2026-08-30T09:27:28.640Z,4670.078,500,6.7952149994671345,10.698972001671791,13.877689998596907,31.859147001057863,50,10.67289299890399,13.955230001360178,19.05154599994421,19.05154599994421
2026-08-30T09:27:38.640Z,4680.078,500,6.848425000905991,10.551341999322176,20.258035998791456,33.65854599699378,50,10.533892001956701,12.12372099980712,22.34885400161147,22.34885400161147
2026-08-30T09:27:48.640Z,4690.078,500,7.206554997712374,11.057091999799013,14.9160200022161,34.545905001461506,50,8.046264000236988,11.855431001633406,21.71491400152445,21.71491400152445
2026-08-30T09:27:58.640Z,4700.078,500,6.972224999219179,10.235952999442816,16.821187999099493,39.11887200176716,50,8.471074000000954,17.054317999631166,32.21779699996114,32.21779699996114
2026-08-30T09:28:08.641Z,4710.078,500,6.933414999395609,10.960812002420425,15.226918999105692,32.117566999047995,50,8.488344002515078,12.10691099986434,17.90624699741602,17.90624699741602
2026-08-30T09:28:18.641Z,4720.079,500,6.817515000700951,10.129193000495434,16.065848000347614,33.692896001040936,50,8.052714001387358,12.271040998399258,20.963424999266863,20.963424999266863
2026-08-30T09:28:28.641Z,4730.078,500,6.973035000264645,10.84340200200677,14.813939999789,30.941337000578642,50,8.375733997672796,15.064379997551441,21.092275001108646,21.092275001108646
2026-08-30T09:28:38.641Z,4740.078,500,6.822394996881485,10.056881997734308,14.179250001907349,34.43404600024223,50,7.676474999636412,12.13383200019598,23.486602999269962,23.486602999269962
2026-08-30T09:28:48.641Z,4750.079,500,6.898885998874903,10.713762000203133,15.274978999048471,35.325525000691414,50,8.49465300142765,12.542020998895168,24.065923001617193,24.065923001617193
2026-08-30T09:28:58.640Z,4760.079,500,6.90599500015378,10.96433199942112,16.11226799711585,35.69286499917507,50,8.438753999769688,12.38052099943161,22.097093999385834,22.097093999385834
2026-08-30T09:29:08.642Z,4770.08,500,6.76910499855876,10.576012000441551,16.13825799897313,33.85089600086212,50,8.469743996858597,12.327971000224352,21.425804998725653,21.425804998725653
2026-08-30T09:29:18.642Z,4780.079,500,7.0280449986457825,10.857773002237082,16.433467999100685,34.74762599915266,50,8.536203999072313,12.673200998455286,26.340312000364065,26.340312000364065
2026-08-30T09:29:28.642Z,4790.079,500,6.633165001869202,10.530293002724648,14.764918997883797,31.75491699948907,50,8.364734001457691,12.390430998057127,16.820147998631,16.820147998631
2026-08-30T09:29:38.642Z,4800.079,500,6.701434999704361,10.661961998790503,20.658096000552177,53.82450100034475,50,7.890474997460842,13.166600000113249,54.06163100153208,54.06163100153208
2026-08-30T09:29:48.642Z,4810.079,500,6.790865000337362,10.269892998039722,18.522727001458406,33.99215600267053,50,7.2074250020086765,12.220840997993946,22.174894001334906,22.174894001334906
2026-08-30T09:29:58.642Z,4820.08,500,6.786074999719858,10.497772999107838,15.78473800048232,34.810685001313686,50,7.059654999524355,12.98835999891162,23.530633002519608,23.530633002519608
2026-08-30T09:30:08.642Z,4830.079,500,7.363694999366999,10.779601998627186,15.440249998122454,30.670217998325825,50,7.251335002481937,12.056581001728773,16.314849000424147,16.314849000424147
2026-08-30T09:30:18.642Z,4840.08,500,6.636694997549057,9.909683000296354,13.997039999812841,33.18809700012207,50,6.992545001208782,12.370351999998093,19.51603600010276,19.51603600010276
2026-08-30T09:30:28.641Z,4850.079,500,6.751945000141859,10.814471997320652,14.643810000270605,47.243236001580954,50,7.2954440005123615,11.732521999627352,33.174136999994516,33.174136999994516
2026-08-30T09:30:38.642Z,4860.079,500,6.707855001091957,10.632102001458406,16.45311800017953,32.61004700139165,50,7.4183639995753765,12.47410099953413,23.084464002400637,23.084464002400637
2026-08-30T09:30:48.642Z,4870.079,500,6.712574999779463,10.717333000153303,15.015059001743793,32.40058699995279,50,7.005644999444485,12.386261001229286,18.535716999322176,18.535716999322176
2026-08-30T09:30:58.642Z,4880.079,500,6.788764998316765,10.352882001549006,16.125808998942375,34.85285500064492,50,7.863394998013973,17.42576799914241,23.80654300004244,23.80654300004244
2026-08-30T09:31:08.642Z,4890.079,500,7.513034999370575,10.73514200001955,15.52250899747014,33.308305997401476,50,7.970463998615742,12.123100999742746,21.020345002412796,21.020345002412796
2026-08-30T09:31:18.642Z,4900.079,500,6.631804998964071,9.880163002759218,16.705869000405073,38.03917299956083,50,6.8891359977424145,12.431200999766588,28.357470002025366,28.357470002025366
2026-08-30T09:31:28.642Z,4910.079,500,6.693475998938084,10.579183001071215,16.118768997490406,34.61312599852681,50,7.131554998457432,12.825611002743244,23.849082998931408,23.849082998931408
2026-08-30T09:31:38.642Z,4920.08,500,6.62678499892354,10.47299199923873,14.279020000249147,33.89454599842429,50,6.829985000193119,12.463720999658108,20.40063500031829,20.40063500031829
2026-08-30T09:31:48.642Z,4930.079,500,6.756894998252392,10.539442997425795,14.760379999876022,32.3585470020771,50,7.039135001599789,11.914072003215551,17.088018000125885,17.088018000125885
2026-08-30T09:31:58.641Z,4940.08,500,6.683875001966953,10.707681998610497,15.878717999905348,30.57471800222993,50,6.830814998596907,12.20966200158,17.225738000124693,17.225738000124693
2026-08-30T09:32:08.642Z,4950.079,500,6.514746002852917,9.700963001698256,15.589558999985456,32.76585600152612,50,6.729784999042749,13.794220000505447,20.994004998356104,20.994004998356104
2026-08-30T09:32:18.642Z,4960.08,500,6.608814999461174,10.087612997740507,14.155080001801252,32.48998700082302,50,6.864355001598597,11.930571001023054,18.07346699759364,18.07346699759364
2026-08-30T09:32:28.642Z,4970.079,500,6.6943550035357475,10.26707299798727,14.912818998098373,32.60956700146198,50,7.060274999588728,12.473441999405622,18.011328000575304,18.011328000575304
2026-08-30T09:32:38.641Z,4980.079,500,6.6244449988007545,9.88943300023675,15.295758999884129,34.182536002248526,50,6.994625002145767,12.237650997936726,22.63239399716258,22.63239399716258
2026-08-30T09:32:48.642Z,4990.079,500,6.61710499972105,10.12016300112009,14.031460002064705,31.725186999887228,50,6.695264998823404,12.284751001745462,16.690528001636267,16.690528001636267
2026-08-30T09:32:58.642Z,5000.079,500,6.619285002350807,9.96552300080657,14.788239002227783,31.881758000701666,50,6.779444999992847,12.270522002130747,17.424378000199795,17.424378000199795
2026-08-30T09:33:08.642Z,5010.079,500,6.85079599916935,10.797563001513481,15.41066899895668,33.12160599976778,50,7.772903997451067,14.033579997718334,20.946715001016855,20.946715001016855
2026-08-30T09:33:18.642Z,5020.08,500,6.690845001488924,10.77743200212717,15.584038998931646,31.198258001357317,50,6.8492060005664825,12.875201001763344,18.607296999543905,18.607296999543905
2026-08-30T09:33:28.641Z,5030.079,500,6.943555001169443,10.727462999522686,15.910218998789787,34.42668600007892,50,7.82617400214076,12.406210999935865,23.8145530000329,23.8145530000329
2026-08-30T09:33:38.642Z,5040.079,500,6.7530350014567375,10.648002002388239,15.454408999532461,30.467278998345137,50,7.023065000772476,15.988328997045755,21.434375002980232,21.434375002980232
2026-08-30T09:33:48.642Z,5050.08,500,6.707934997975826,10.21578299999237,14.717849001288414,31.86708700284362,50,7.083344999700785,12.302441000938416,17.183228000998497,17.183228000998497
2026-08-30T09:33:58.642Z,5060.08,500,6.960615999996662,10.770612001419067,14.271900001913309,32.64996600151062,50,6.989874999970198,12.002760998904705,18.38273699954152,18.38273699954152
2026-08-30T09:34:08.641Z,5070.08,500,6.699315000325441,10.520272001624107,17.392977997660637,32.823146998882294,50,6.860124997794628,12.481221001595259,19.49854599684477,19.49854599684477
2026-08-30T09:34:18.643Z,5080.08,500,6.676556002348661,10.006162997335196,15.394769001752138,34.789784997701645,50,6.847134999930859,12.445321001112461,24.48351300135255,24.48351300135255
2026-08-30T09:34:28.643Z,5090.08,500,6.755695000290871,10.170443002134562,15.842948999255896,30.97419799864292,50,6.9662849977612495,12.027802001684904,16.567218001931906,16.567218001931906
2026-08-30T09:34:38.643Z,5100.08,500,6.857305001467466,10.34163200110197,13.680440001189709,35.77970499917865,50,7.10147500038147,13.737750001251698,22.541923999786377,22.541923999786377
2026-08-30T09:34:48.642Z,5110.08,500,6.795035000890493,10.670333001762629,14.389309000223875,32.644397001713514,50,6.907484997063875,11.897132001817226,17.978656999766827,17.978656999766827
2026-08-30T09:34:58.644Z,5120.081,500,6.785914998501539,9.997092999517918,14.499699000269175,33.00447700172663,50,6.971175000071526,12.277960997074842,18.554285999387503,18.554285999387503
2026-08-30T09:35:08.646Z,5130.082,500,6.785294998437166,10.135542999953032,16.49149800091982,32.345156997442245,50,6.963275000452995,13.385030001401901,18.98512700200081,18.98512700200081
2026-08-30T09:35:18.643Z,5140.081,500,6.899014998227358,10.623192999511957,16.116367999464273,32.74607700109482,50,7.1444750018417835,12.60020099952817,18.768536001443863,18.768536001443863
2026-08-30T09:35:28.645Z,5150.082,500,6.995084997266531,10.432622000575066,16.128109000623226,32.864177003502846,50,7.206584997475147,12.186811000108719,18.83746600151062,18.83746600151062
2026-08-30T09:35:38.644Z,5160.082,500,7.102084998041391,10.926392000168562,17.368418000638485,32.39886699989438,50,7.339224997907877,12.060701001435518,17.640258003026247,17.640258003026247
2026-08-30T09:35:48.643Z,5170.081,500,6.828984998166561,10.668522000312805,17.502917002886534,30.92578800022602,50,7.256085000932217,12.481081001460552,18.42068700119853,18.42068700119853
2026-08-30T09:35:58.644Z,5180.082,500,6.657974999397993,9.935513000935316,16.001647997647524,32.355436999350786,50,6.880164999514818,12.215902000665665,23.289212998002768,23.289212998002768
2026-08-30T09:36:08.643Z,5190.081,500,6.6425659991800785,10.411392997950315,14.808398999273777,31.12770799919963,50,7.008434999734163,15.034838996827602,21.12117499858141,21.12117499858141
2026-08-30T09:36:18.643Z,5200.082,500,6.70745500177145,10.057133000344038,14.868088997900486,33.0646959990263,50,6.952856000512838,12.168231002986431,19.554495997726917,19.554495997726917
2026-08-30T09:36:28.644Z,5210.082,500,6.589156001806259,9.906812999397516,16.22835800051689,32.2415269985795,50,6.772576000541449,12.172191999852657,18.598016999661922,18.598016999661922
2026-08-30T09:36:38.644Z,5220.082,500,6.706155002117157,10.68206200003624,14.425879001617432,29.89198800176382,50,6.940715000033379,13.01383999735117,16.627838000655174,16.627838000655174
2026-08-30T09:36:48.646Z,5230.083,500,6.875995002686977,10.228973001241684,13.965750001370907,32.426576998084784,50,7.101574998348951,12.395070999860764,18.695117000490427,18.695117000490427
2026-08-30T09:36:58.645Z,5240.083,500,7.022604998201132,10.84384199976921,16.750377997756004,33.00669699907303,50,7.161924999207258,12.072051998227835,23.260892998427153,23.260892998427153
2026-08-30T09:37:08.645Z,5250.083,500,6.90370500087738,10.843011997640133,14.7646099999547,40.990691002458334,50,6.876245003193617,12.198180999606848,24.049802999943495,24.049802999943495
2026-08-30T09:37:18.644Z,5260.082,500,11.190182000398636,111.11712099984288,204.75700400024652,266.38176000118256,50,11.957862000912428,111.82958000153303,128.54676900058985,128.54676900058985
2026-08-30T09:37:28.644Z,5270.083,500,6.695815000683069,10.153333000838757,14.1599099971354,33.63724600151181,50,7.294844999909401,12.187621001154184,22.496134001761675,22.496134001761675
2026-08-30T09:37:38.646Z,5280.083,500,6.773655001074076,10.646762002259493,14.593029998242855,30.873757999390364,50,6.903415001928806,12.462561000138521,15.812619000673294,15.812619000673294
2026-08-30T09:37:48.645Z,5290.084,500,6.772275999188423,10.348262999206781,14.930468998849392,33.27158699929714,50,6.944474998861551,12.529110997915268,26.115092001855373,26.115092001855373
2026-08-30T09:37:58.645Z,5300.084,500,6.679054997861385,10.026823002845049,13.424451000988483,32.809475999325514,50,6.884165000170469,12.305821001529694,22.502243999391794,22.502243999391794
2026-08-30T09:38:08.644Z,5310.083,500,6.5848460011184216,10.197223000228405,16.461658999323845,31.702077001333237,50,6.888895001262426,12.037730999290943,19.57438599690795,19.57438599690795
2026-08-30T09:38:18.644Z,5320.083,500,3.631657000631094,6.751775000244379,7.8083939999341965,24.63943199813366,50,3.935557998716831,12.002440996468067,12.92366100102663,12.92366100102663
2026-08-30T09:38:28.644Z,5330.083,500,3.6880580000579357,6.702515002340078,11.337372001260519,24.897273000329733,50,3.9723870009183884,11.813822001218796,13.314511001110077,13.314511001110077
2026-08-30T09:38:38.644Z,5340.083,500,3.650908000767231,6.694775000214577,8.53430400043726,25.17628199979663,50,3.9714270010590553,11.931311000138521,13.49991099908948,13.49991099908948
2026-08-30T09:38:48.644Z,5350.083,501,3.6786470003426075,6.73055500164628,8.195833999663591,24.628782000392675,50,3.9810569994151592,11.985100999474525,12.209272000938654,12.209272000938654
2026-08-30T09:38:58.643Z,5360.083,500,3.6536280028522015,6.707055002450943,10.631232000887394,23.253623999655247,50,3.898576997220516,11.786400999873877,11.959870997816324,11.959870997816324
2026-08-30T09:39:08.644Z,5370.083,499,3.6917680017650127,6.800225000828505,9.817953001707792,22.711993999779224,50,3.943197999149561,11.93971099704504,12.288240998983383,12.288240998983383
2026-08-30T09:39:18.644Z,5380.084,500,3.6847469992935658,6.835064999759197,8.716213997453451,25.56250200048089,50,3.916586998850107,11.860832002013922,12.66067199781537,12.66067199781537
2026-08-30T09:39:28.645Z,5390.085,501,3.664156999439001,6.696105998009443,10.074602000415325,28.56912900134921,50,3.9711470007896423,12.066380999982357,13.069511000066996,13.069511000066996
2026-08-30T09:39:38.679Z,5400.119,498,3.733406998217106,6.82761500030756,21.634744998067617,48.12018600106239,50,3.9880470000207424,11.968981999903917,12.762010999023914,12.762010999023914
2026-08-30T09:39:48.682Z,5410.121,500,3.652378000319004,6.711715001612902,9.243662998080254,59.64624699950218,50,3.9315469972789288,11.894012000411749,12.338070999830961,12.338070999830961
2026-08-30T09:39:58.682Z,5420.121,501,3.6430580019950867,6.7134149968624115,9.639084000140429,62.989344999194145,50,3.9073170013725758,11.998340997844934,13.067981000989676,13.067981000989676
2026-08-30T09:40:08.683Z,5430.122,500,3.6758469976484776,6.718814998865128,9.694562997668982,61.79993599653244,50,4.152506999671459,12.164840999990702,21.726773999631405,21.726773999631405
2026-08-30T09:40:18.688Z,5440.127,499,3.707667000591755,6.78388499841094,10.25578199699521,24.874931998550892,50,4.228076998144388,11.986970998346806,13.037271000444889,13.037271000444889
2026-08-30T09:40:28.688Z,5450.127,502,3.766636997461319,6.921974997967482,12.458120997995138,69.2907610014081,50,4.089196998625994,12.129631001502275,13.630240000784397,13.630240000784397
2026-08-30T09:40:38.688Z,5460.127,501,3.745866999030113,6.765726000070572,8.835014000535011,63.182435002177954,50,3.972477000206709,11.912761002779007,12.503951001912355,12.503951001912355
2026-08-30T09:40:48.688Z,5470.128,499,3.6612480022013187,6.765064999461174,12.50204099714756,65.10041399672627,50,3.957076996564865,11.807420998811722,12.068592000752687,12.068592000752687
2026-08-30T09:40:58.688Z,5480.127,502,3.6259480006992817,6.616135001182556,7.669973999261856,63.00015499815345,50,3.9145369976758957,11.740191999822855,12.33916100114584,12.33916100114584
2026-08-30T09:41:08.688Z,5490.128,499,3.704346999526024,6.787994999438524,8.782123997807503,62.3484959974885,50,4.014747001230717,12.019591998308897,12.274390999227762,12.274390999227762
2026-08-30T09:41:18.688Z,5500.127,500,3.640376999974251,6.80477499961853,9.352673001587391,64.02206400036812,50,3.935928001999855,11.899351999163628,12.482971001416445,12.482971001416445
2026-08-30T09:41:28.688Z,5510.127,501,3.6523169986903667,6.675074998289347,9.042892999947071,57.850339002907276,50,3.9386069998145103,11.867111001163721,12.816081002354622,12.816081002354622
2026-08-30T09:41:38.688Z,5520.127,499,3.64639800041914,6.719395000487566,12.89597100019455,63.47460500150919,50,3.9478069990873337,12.479081001132727,23.04331399872899,23.04331399872899
2026-08-30T09:41:48.688Z,5530.128,501,3.630527000874281,6.665644999593496,7.719944998621941,59.3149079978466,50,4.048096999526024,11.999270997941494,13.290180999785662,13.290180999785662
2026-08-30T09:41:58.688Z,5540.128,499,3.662718001753092,6.719105999916792,8.7045640014112,62.148306000977755,50,4.2919270023703575,11.944501001387835,12.370461001992226,12.370461001992226
2026-08-30T09:42:08.688Z,5550.127,500,3.6522969976067543,6.727274999022484,8.311113998293877,62.98760499805212,50,3.909706998616457,11.826522000133991,11.940690997987986,11.940690997987986
2026-08-30T09:42:18.688Z,5560.127,500,3.7057869993150234,6.937125001102686,9.952462002635002,62.403055999428034,50,3.9504569992423058,12.179960999637842,14.381689999252558,14.381689999252558
2026-08-30T09:42:28.688Z,5570.128,500,3.6237969994544983,6.709566000849009,9.712943002581596,62.72658600285649,50,3.908517003059387,12.002502001821995,13.625410001724958,13.625410001724958
2026-08-30T09:42:38.687Z,5580.127,499,3.706427998840809,6.7684560008347034,10.58959199860692,63.43231499940157,50,4.463957000523806,12.000350996851921,23.464193999767303,23.464193999767303
2026-08-30T09:42:48.688Z,5590.127,502,3.7980180010199547,6.896184999495745,10.411061998456717,60.78700700029731,50,4.184507001191378,12.208350997418165,13.42875000089407,13.42875000089407
2026-08-30T09:42:58.688Z,5600.127,500,3.6703570000827312,6.751435000449419,11.020622000098228,60.51011700183153,50,3.959927000105381,12.127921998500824,13.484820999205112,13.484820999205112
2026-08-30T09:43:08.688Z,5610.127,499,3.642476998269558,6.835014998912811,11.28345200046897,62.63491600006819,50,3.965676996856928,11.879461001604795,12.47334099933505,12.47334099933505
2026-08-30T09:43:18.688Z,5620.127,500,3.6484570018947124,6.664774999022484,11.6319620013237,63.08534500002861,50,3.900237001478672,11.84443100169301,13.440280999988317,13.440280999988317
2026-08-30T09:43:28.687Z,5630.127,500,3.681707002222538,6.7333349995315075,10.917941998690367,63.84895500168204,50,3.9641979970037937,11.867212001234293,13.034871000796556,13.034871000796556
2026-08-30T09:43:38.688Z,5640.127,500,3.6045470014214516,6.646205000579357,8.654543999582529,62.0858660005033,50,3.843757998198271,12.133531000465155,12.980460997670889,12.980460997670889
2026-08-30T09:43:48.688Z,5650.128,499,3.66584799811244,6.699165001511574,10.363692998886108,64.9464929997921,50,4.535935997962952,11.967831999063492,13.74015100300312,13.74015100300312
2026-08-30T09:43:58.688Z,5660.128,499,3.6095470003783703,6.71229499951005,10.061943002045155,67.77042200043797,50,4.0382770001888275,11.908502001315355,13.287611000239849,13.287611000239849
2026-08-30T09:44:08.688Z,5670.127,502,3.6733470000326633,6.756496001034975,7.563184998929501,63.80352500081062,50,4.414106998592615,12.035902000963688,12.261321000754833,12.261321000754833
2026-08-30T09:44:18.719Z,5680.127,313,7.9029339998960495,797.8284729979932,1153.4501399993896,1423.8117070011795,31,11.989110998809338,810.0405239984393,818.7431880012155,818.7431880012155
2026-08-30T09:44:28.696Z,5690.127,285,386.0073159970343,869.9941719993949,1132.3611040003598,1162.8132230006158,29,480.8970879986882,949.9340239986777,1063.9755930006504,1063.9755930006504
2026-08-30T09:44:38.701Z,5700.127,432,252.77764999866486,535.9625190012157,696.5368850007653,870.4982400014997,44,334.11444199830294,560.316371999681,731.9504799991846,731.9504799991846
2026-08-30T09:44:48.689Z,5710.128,968,60.08476800099015,295.1002199985087,525.7730659991503,820.7559860013425,96,73.15365799888968,246.91056400164962,497.48249699920416,497.48249699920416
2026-08-30T09:44:58.695Z,5720.132,499,6.647014997899532,10.008502997457981,20.524585999548435,35.820514000952244,50,6.964735001325607,11.913492001593113,23.776302997022867,23.776302997022867
2026-08-30T09:45:08.696Z,5730.133,502,6.947125002741814,11.006652001291513,21.558055002242327,76.90220599994063,50,8.280443999916315,12.19710099697113,23.228992998600006,23.228992998600006
2026-08-30T09:45:18.695Z,5740.133,499,6.804634999483824,10.817201998084784,18.662077002227306,69.21951099857688,50,7.016844999045134,12.040692001581192,17.42797799780965,17.42797799780965
2026-08-30T09:45:28.696Z,5750.133,500,6.7362659983336926,10.21756299957633,17.13926799967885,68.97250099852681,50,7.186085000634193,12.000110998749733,17.36582800000906,17.36582800000906
2026-08-30T09:45:38.695Z,5760.134,499,6.801314998418093,10.924152996391058,23.79629299789667,34.131164997816086,50,7.646733999252319,12.03295100107789,22.07481399923563,22.07481399923563
2026-08-30T09:45:48.695Z,5770.133,501,6.80044499784708,10.195792999118567,20.301686000078917,77.62781500071287,50,7.264614000916481,12.218630999326706,21.93147500231862,21.93147500231862
2026-08-30T09:45:58.696Z,5780.134,501,6.862904999405146,10.851971998810768,19.768146000802517,67.79394200071692,50,8.181143999099731,12.33237100020051,21.753945000469685,21.753945000469685
2026-08-30T09:46:08.695Z,5790.134,499,6.83143499866128,10.926061999052763,19.077057000249624,70.28649999946356,50,11.101172000169754,12.364511001855135,22.272393997758627,22.272393997758627
2026-08-30T09:46:18.694Z,5800.133,500,6.824875000864267,10.860183000564575,16.989488001912832,69.98053999990225,50,7.82396499812603,16.018727999180555,17.20592800155282,17.20592800155282
2026-08-30T09:46:28.694Z,5810.133,500,6.743325002491474,10.724342998117208,32.95101600140333,83.38294000178576,50,7.055125001817942,12.377430997788906,30.229768998920918,30.229768998920918
2026-08-30T09:46:38.695Z,5820.133,500,6.796775002032518,10.747321996837854,19.935336001217365,67.56929199770093,50,8.152114000171423,12.480080999433994,23.226174000650644,23.226174000650644
2026-08-30T09:46:48.696Z,5830.133,500,6.809394996613264,10.764292001724243,19.346845999360085,69.16343099996448,50,8.1265340000391,12.525260999798775,22.801224000751972,22.801224000751972
2026-08-30T09:46:58.695Z,5840.134,500,6.717315003275871,10.195433001965284,15.497698999941349,74.75091699883342,50,7.117045000195503,14.921678997576237,22.681003998965025,22.681003998965025
2026-08-30T09:47:08.695Z,5850.133,502,6.633005000650883,10.310001999139786,21.203595001250505,66.77535200119019,50,7.134464003145695,12.39080100134015,22.70908400043845,22.70908400043845
2026-08-30T09:47:18.695Z,5860.134,498,6.6920450031757355,10.576472997665405,17.10742700099945,72.86323799937963,50,7.897514998912811,12.11099099740386,19.542565997689962,19.542565997689962
2026-08-30T09:47:28.695Z,5870.134,501,6.751655001193285,10.551011998206377,21.19767500087619,67.20702200010419,50,7.191734999418259,12.350671999156475,24.10350299999118,24.10350299999118
2026-08-30T09:47:38.698Z,5880.134,500,6.702995002269745,10.791422002017498,18.567127000540495,69.74021999910474,50,8.32201500236988,12.291420999914408,19.53871599957347,19.53871599957347
2026-08-30T09:47:48.697Z,5890.134,499,6.6727249994874,10.730572000145912,24.049713000655174,70.14711100235581,50,6.976835001260042,11.89113200083375,27.077171001583338,27.077171001583338
2026-08-30T09:47:58.697Z,5900.134,500,6.619326002895832,9.833062998950481,18.7289469987154,70.00775000080466,50,6.9063550010323524,12.160691000521183,21.901535000652075,21.901535000652075
2026-08-30T09:48:08.697Z,5910.134,501,6.718876000493765,10.463162999600172,17.52266700193286,69.54214999824762,50,7.011745002120733,11.975141000002623,22.63663399964571,22.63663399964571
2026-08-30T09:48:18.695Z,5920.135,500,6.950694996863604,10.87117199972272,17.8064570017159,68.05724100023508,50,7.975535001605749,14.202080000191927,18.035617001354694,18.035617001354694
2026-08-30T09:48:28.696Z,5930.135,499,7.778425000607967,11.138403002172709,20.99168499931693,71.60800899937749,50,8.314224001020193,12.091552000492811,23.46212299913168,23.46212299913168
2026-08-30T09:48:38.698Z,5940.135,501,6.845234997570515,10.659181997179985,19.9631559997797,69.36616099998355,50,7.082214999943972,12.140312001109123,22.390764001756907,22.390764001756907
2026-08-30T09:48:48.697Z,5950.134,499,6.7797949984669685,10.905532002449036,21.57651500031352,68.91460999846458,50,8.15913400053978,12.028990998864174,24.46918300166726,24.46918300166726
2026-08-30T09:48:58.696Z,5960.135,500,6.565694998949766,9.923762999475002,19.833666000515223,74.63943700119853,50,7.049465000629425,18.086247000843287,21.788445003330708,21.788445003330708
2026-08-30T09:49:08.697Z,5970.135,500,6.874005001038313,10.807851999998093,18.627397000789642,73.03414800018072,50,7.106444999575615,12.192300997674465,16.625468000769615,16.625468000769615
2026-08-30T09:49:18.700Z,5980.136,500,6.851085998117924,10.81522299721837,19.033436000347137,69.9352810010314,50,8.208853997290134,12.215211998671293,23.493342999368906,23.493342999368906
2026-08-30T09:49:28.697Z,5990.136,501,6.730434998869896,10.677381999790668,21.50211500003934,70.51247000321746,50,7.471735000610352,14.748888999223709,24.58101199939847,24.58101199939847
2026-08-30T09:49:38.700Z,6000.137,500,6.729315999895334,10.093613002449274,25.298602003604174,67.05883199721575,50,7.111444998532534,12.00628199800849,25.1592220030725,25.1592220030725
2026-08-30T09:49:48.701Z,6010.138,500,6.818165000528097,10.818962998688221,21.04526500031352,73.83307800069451,50,7.0961150005459785,12.242891002446413,28.821209002286196,28.821209002286196
2026-08-30T09:49:58.698Z,6020.137,501,6.832175001502037,10.733901999890804,19.410365998744965,66.42692299932241,50,7.00237500295043,12.09876099973917,21.6156539991498,21.6156539991498
2026-08-30T09:50:08.701Z,6030.138,499,6.642255000770092,10.539203003048897,20.83763499930501,71.02773899957538,50,7.854894001036882,12.219062000513077,23.37262399867177,23.37262399867177
2026-08-30T09:50:18.701Z,6040.139,499,6.676224999129772,9.982993002980947,21.793414998799562,72.84322799742222,50,7.044505000114441,12.102521996945143,23.18250299990177,23.18250299990177
2026-08-30T09:50:28.701Z,6050.139,501,6.821835000067949,10.794392999261618,20.874014999717474,69.84531999751925,50,7.239645000547171,11.876800999045372,24.498742997646332,24.498742997646332
2026-08-30T09:50:38.701Z,6060.138,500,6.6864349991083145,10.538782000541687,17.69369699805975,69.46555099636316,50,6.975445002317429,12.029451999813318,17.924536999315023,17.924536999315023
2026-08-30T09:50:48.701Z,6070.139,500,6.756985001266003,10.73785299807787,17.804247997701168,70.57637000083923,50,7.175894998013973,12.094161000102758,21.6311849988997,21.6311849988997
2026-08-30T09:50:58.702Z,6080.139,500,6.593454997986555,10.078143000602722,19.43893600255251,66.9707819968462,50,6.8738150000572205,12.355010997503996,17.97858700156212,17.97858700156212
2026-08-30T09:51:08.700Z,6090.139,500,7.180324997752905,11.095561999827623,21.657503999769688,71.76144900172949,50,7.4982040002942085,12.203830998390913,28.328510001301765,28.328510001301765
2026-08-30T09:51:18.702Z,6100.14,499,6.874364998191595,10.555512998253107,19.227115999907255,75.7611659988761,50,7.466524999588728,12.519090998917818,22.232993997633457,22.232993997633457
2026-08-30T09:51:28.700Z,6110.139,501,6.7221750020980835,10.595212999731302,20.64343500137329,71.51596999913454,50,8.193204998970032,11.880791999399662,22.851622998714447,22.851622998714447
2026-08-30T09:51:38.702Z,6120.139,500,6.585455000400543,9.895513001829386,20.77046599984169,69.26267099753022,50,6.792445000261068,12.009360998868942,23.669853001832962,23.669853001832962
2026-08-30T09:51:48.702Z,6130.14,500,6.623265001922846,9.947613000869751,18.043197002261877,71.92613900080323,50,6.951675001531839,12.109791997820139,18.2757270000875,18.2757270000875
2026-08-30T09:51:58.702Z,6140.14,500,7.393695000559092,10.800071999430656,16.771258000284433,71.33185900002718,50,8.445593997836113,12.21552200242877,18.134066998958588,18.134066998958588
2026-08-30T09:52:08.700Z,6150.139,500,6.723814997822046,10.780241999775171,19.05518699809909,71.38166899979115,50,7.161495000123978,11.954861998558044,17.57532700151205,17.57532700151205
2026-08-30T09:52:18.703Z,6160.14,500,6.652784999459982,10.653671998530626,17.13859799876809,70.61661000177264,50,6.736384999006987,11.865031000226736,17.065937999635935,17.065937999635935
2026-08-30T09:52:28.702Z,6170.139,500,6.783464998006821,10.59146299958229,20.218375999480486,70.14899000152946,50,7.320415001362562,11.898200999945402,20.14938599988818,20.14938599988818
2026-08-30T09:52:38.702Z,6180.14,500,6.791544999927282,10.844381999224424,20.609734997153282,72.38936899974942,50,7.009235002100468,17.288867000490427,21.90668499842286,21.90668499842286
2026-08-30T09:52:48.700Z,6190.139,500,6.793666001409292,10.630102999508381,16.496148001402617,71.02748899906874,50,8.08942399919033,12.209711998701096,16.717258002609015,16.717258002609015
2026-08-30T09:52:58.703Z,6200.139,500,6.785146001726389,10.257702000439167,19.6274559982121,71.64216900244355,50,8.128714002668858,12.764700997620821,23.134573999792337,23.134573999792337
2026-08-30T09:53:08.709Z,6210.148,498,6.784204997122288,10.75204200297594,18.047857001423836,30.84348800033331,50,6.998354997485876,12.003081999719143,18.29322700202465,18.29322700202465
2026-08-30T09:53:18.710Z,6220.148,503,6.668765000998974,10.56275299936533,21.284414999186993,88.90998700261116,50,7.126564998179674,12.218391001224518,23.194912999868393,23.194912999868393
2026-08-30T09:53:28.710Z,6230.147,500,6.627004999667406,10.481093000620604,18.51918599754572,75.3394760005176,50,7.1385740004479885,12.089771997183561,17.94582699984312,17.94582699984312
2026-08-30T09:53:38.710Z,6240.147,500,6.910634998232126,10.751662001013756,20.615254998207092,71.12147900089622,50,7.774363998323679,12.004631999880075,23.50321300327778,23.50321300327778
2026-08-30T09:53:48.710Z,6250.147,501,6.736384999006987,10.82150200009346,21.351254001259804,69.57352999970317,50,7.057184997946024,12.185640998184681,23.347003001719713,23.347003001719713
2026-08-30T09:53:58.710Z,6260.148,499,6.663405001163483,10.754133000969887,17.797997999936342,71.55885900184512,50,6.936694998294115,11.996592000126839,17.674398001283407,17.674398001283407
2026-08-30T09:54:08.709Z,6270.148,500,6.6566749997437,10.482223000377417,21.54866499826312,70.92406000196934,50,6.964564997702837,12.50459099933505,23.283583000302315,23.283583000302315
2026-08-30T09:54:18.709Z,6280.147,501,7.286545000970364,10.80587200075388,18.088167000561953,30.0406689979136,50,8.064654000103474,12.18147100135684,18.32303699851036,18.32303699851036
2026-08-30T09:54:28.709Z,6290.147,500,6.921575002372265,10.948842000216246,15.207338999956846,33.75780600309372,50,8.294294003397226,12.231861002743244,22.954332999885082,22.954332999885082
2026-08-30T09:54:38.710Z,6300.147,500,6.734675001353025,10.217522002756596,17.10895700007677,68.94926100224257,50,7.1716849990189075,12.005332000553608,19.9565949998796,19.9565949998796
2026-08-30T09:54:48.710Z,6310.148,499,6.614155001938343,10.18470299988985,24.405182998627424,73.0049580000341,50,6.994385000318289,12.560440998524427,16.660459000617266,16.660459000617266
2026-08-30T09:54:58.708Z,6320.147,500,6.521866001188755,10.015022996813059,18.784375999122858,72.29101900011301,50,6.856775000691414,11.813051000237465,16.517528999596834,16.517528999596834
2026-08-30T09:55:08.708Z,6330.147,500,6.788644999265671,10.247392002493143,16.81429800018668,30.855597998946905,50,6.950814999639988,12.0782919973135,17.03855700045824,17.03855700045824
2026-08-30T09:55:18.709Z,6340.147,499,6.618395000696182,10.085502002388239,19.0698160007596,34.12262599915266,50,6.9565249979496,11.889711998403072,21.7237549982965,21.7237549982965
2026-08-30T09:55:28.710Z,6350.148,501,7.02411499992013,10.916591998189688,21.678775001317263,57.94481899961829,50,8.376933999359608,12.077072001993656,17.196988001465797,17.196988001465797
2026-08-30T09:55:38.710Z,6360.147,499,6.8001650013029575,10.530372999608517,16.954107999801636,62.813536003232,50,7.079174999147654,15.482368998229504,22.936524000018835,22.936524000018835
2026-08-30T09:55:48.710Z,6370.147,501,6.863214999437332,10.709862999618053,16.808747999370098,33.459865998476744,50,7.079244997352362,12.261660996824503,22.88467400148511,22.88467400148511
2026-08-30T09:55:58.709Z,6380.148,500,6.819594997912645,10.790631998330355,21.456754997372627,32.83254699781537,50,7.556453999131918,12.47691099718213,22.567563999444246,22.567563999444246
2026-08-30T09:56:08.710Z,6390.147,499,6.733166001737118,10.48946300148964,19.161226000636816,31.018918000161648,50,6.920586001127958,12.23387099802494,16.63033800199628,16.63033800199628
2026-08-30T09:56:18.709Z,6400.147,501,6.7233050018548965,10.633592002093792,18.128958001732826,31.92644700035453,50,6.95575400069356,15.880838003009558,19.596266001462936,19.596266001462936
2026-08-30T09:56:28.709Z,6410.148,500,7.49057500064373,11.087061997503042,20.664455000311136,33.57820599898696,50,8.150464002043009,14.211969997733831,19.085117001086473,19.085117001086473
2026-08-30T09:56:38.708Z,6420.147,500,7.461054001003504,10.911662001162767,15.084899000823498,33.030957002192736,50,8.377324000000954,12.422741997987032,22.603463999927044,22.603463999927044
2026-08-30T09:56:48.711Z,6430.148,500,6.826125998049974,10.747662000358105,18.77165599912405,34.493085000663996,50,7.672194000333548,12.126711998134851,26.8070710003376,26.8070710003376
2026-08-30T09:56:58.708Z,6440.147,502,6.829405002295971,10.806572001427412,21.738515000790358,70.31915000081062,50,7.039164997637272,12.184911999851465,21.984264001250267,21.984264001250267
2026-08-30T09:57:08.711Z,6450.148,498,6.662055000662804,10.599091999232769,15.803348999470472,35.027224998921156,50,7.018674999475479,12.484310999512672,23.966653000563383,23.966653000563383
2026-08-30T09:57:18.711Z,6460.148,500,6.7033249996602535,10.5109519995749,17.712427001446486,31.189226999878883,50,7.006415002048016,11.982122000306845,18.053286999464035,18.053286999464035
2026-08-30T09:57:28.711Z,6470.149,500,6.93019500002265,10.8670220002532,20.241284999996424,60.04180699959397,50,7.291515000164509,12.42833099886775,19.677625998854637,19.677625998854637
2026-08-30T09:57:38.711Z,6480.148,500,7.60198400169611,11.450282000005245,20.331815999001265,37.2742630019784,50,8.043084003031254,12.602691002190113,25.455111999064684,25.455111999064684
2026-08-30T09:57:48.712Z,6490.148,500,7.216425001621246,11.096152000129223,17.291498001664877,32.060336999595165,50,7.346434999257326,11.855250999331474,17.52028800174594,17.52028800174594
2026-08-30T09:57:58.711Z,6500.148,500,6.784524999558926,10.951711997389793,21.574275001883507,36.80181300267577,50,6.977646000683308,12.506092000752687,28.746569000184536,28.746569000184536
2026-08-30T09:58:08.711Z,6510.149,500,6.707185000181198,10.695033002644777,21.185835000127554,59.276277996599674,50,6.929134998470545,12.375291001051664,18.62389599904418,18.62389599904418
2026-08-30T09:58:18.710Z,6520.148,500,6.611675001680851,10.040713001042604,17.71638699993491,38.67687300220132,50,6.882405001670122,12.454420998692513,25.397032000124454,25.397032000124454
2026-08-30T09:58:28.711Z,6530.149,500,6.877064999192953,10.972111999988556,21.273545000702143,61.7547670006752,50,7.053544998168945,12.427880998700857,17.784447997808456,17.784447997808456
2026-08-30T09:58:38.712Z,6540.149,500,6.786395002156496,10.952661998569965,21.543244998902082,61.597786001861095,50,6.925944998860359,12.802420999854803,19.072537001222372,19.072537001222372
2026-08-30T09:58:48.711Z,6550.148,500,6.584975000470877,9.801862999796867,19.615186002105474,31.525107000023127,50,6.875654999166727,16.00329799950123,22.119584999978542,22.119584999978542
2026-08-30T09:58:58.711Z,6560.148,501,7.104405000805855,10.73513200134039,20.916455000638962,57.844629000872374,50,7.303813997656107,12.377140998840332,23.04204399883747,23.04204399883747
2026-08-30T09:59:08.713Z,6570.149,498,6.632865000516176,9.934312999248505,21.148145001381636,65.71570299938321,50,6.898585002869368,12.362630996853113,23.810782998800278,23.810782998800278
2026-08-30T09:59:18.711Z,6580.149,501,6.707585997879505,10.848941996693611,18.946226000785828,35.100584998726845,50,6.877605002373457,11.933492001146078,22.16313400119543,22.16313400119543
2026-08-30T09:59:28.712Z,6590.149,500,6.684006001800299,10.16202300041914,19.86701500043273,61.48175700008869,50,6.934945002198219,12.156861998140812,18.569656997919083,18.569656997919083
2026-08-30T09:59:38.711Z,6600.15,500,7.438224997371435,10.981931999325752,24.624083001166582,52.402662999928,50,7.96144400164485,12.493151001632214,22.30875399708748,22.30875399708748
2026-08-30T09:59:48.711Z,6610.15,501,7.253514997661114,10.910202998667955,20.139045000076294,35.58647499978542,50,7.317364998161793,14.292148999869823,23.23311299830675,23.23311299830675
2026-08-30T09:59:58.710Z,6620.15,501,6.41796500235796,10.012033000588417,15.609648998826742,54.17410200089216,50,7.075264997780323,12.421740997582674,16.82098799943924,16.82098799943924
2026-08-30T10:00:08.711Z,6630.151,500,3.573497001081705,6.567706000059843,9.359574001282454,33.01075600087643,50,3.824796997010708,11.988832000643015,16.513558998703957,16.513558998703957
2026-08-30T10:00:18.712Z,6640.152,500,3.7078169994056225,6.993495002388954,9.227634001523256,26.92136099934578,50,4.0678369998931885,12.032481998205185,12.436611000448465,12.436611000448465
2026-08-30T10:00:28.712Z,6650.152,500,3.621017001569271,6.627134997397661,8.74558399990201,30.696027997881174,50,3.9028670005500317,11.910351999104023,14.065069999545813,14.065069999545813
2026-08-30T10:00:38.712Z,6660.151,500,3.6841770000755787,6.696665000170469,9.1093740016222,28.068210002034903,50,3.927626997232437,11.863721001893282,13.008980002254248,13.008980002254248
2026-08-30T10:00:48.712Z,6670.152,500,3.6664870008826256,6.745275001972914,9.284882999956608,26.90939100086689,50,4.162756998091936,11.902870997786522,12.97818099707365,12.97818099707365
2026-08-30T10:00:58.712Z,6680.151,500,3.72197699919343,6.799986001104116,9.246934000402689,35.23749500140548,50,3.9786470010876656,12.039331998676062,22.189733996987343,22.189733996987343
2026-08-30T10:01:08.712Z,6690.151,500,3.670448001474142,6.79025499895215,10.187851998955011,25.004191998392344,50,3.9816370010375977,11.951292000710964,12.345742002129555,12.345742002129555
2026-08-30T10:01:18.711Z,6700.151,500,3.6794170029461384,6.770905002951622,9.770052999258041,55.317540999501944,50,3.9418070018291473,11.88018099963665,12.338021002709866,12.338021002709866
2026-08-30T10:01:28.712Z,6710.152,500,3.76112699881196,6.931115001440048,9.141313001513481,33.98080600053072,50,3.979467999190092,12.037902001291513,23.546943001449108,23.546943001449108
2026-08-30T10:01:38.712Z,6720.151,500,3.784628000110388,6.820624999701977,8.513823997229338,54.457910999655724,50,4.048436999320984,12.050960998982191,12.19005100056529,12.19005100056529
2026-08-30T10:01:48.712Z,6730.152,500,3.8071469999849796,6.958765000104904,9.588134001940489,27.65210099890828,50,4.093557000160217,12.395480997860432,13.186301000416279,13.186301000416279
2026-08-30T10:01:58.712Z,6740.152,500,3.7125669978559017,6.7501159980893135,8.055643998086452,55.84908000007272,50,3.938126999884844,12.06310199946165,12.333751000463963,12.333751000463963
2026-08-30T10:02:08.713Z,6750.152,500,3.741856999695301,6.806476000696421,9.431272998452187,58.77578799799085,50,4.4885569997131824,11.980710998177528,14.47052900120616,14.47052900120616
2026-08-30T10:02:18.713Z,6760.152,500,3.7503780014812946,6.818815000355244,10.15413299947977,54.586061000823975,50,3.988946996629238,12.093971997499466,12.917171001434326,12.917171001434326
2026-08-30T10:02:28.713Z,6770.153,500,3.8231879994273186,6.843674998730421,7.683574002236128,25.783051997423172,50,4.118386998772621,12.197571001946926,14.30765100196004,14.30765100196004
2026-08-30T10:02:38.713Z,6780.152,500,3.8215870000422,6.90641600266099,9.199312999844551,57.721559997648,50,4.174966998398304,11.97749200090766,12.0737119987607,12.0737119987607
2026-08-30T10:02:48.713Z,6790.153,500,3.7748480029404163,6.842925000935793,7.721774000674486,22.4525349996984,50,4.073357000946999,12.083021000027657,12.235461000353098,12.235461000353098
2026-08-30T10:02:58.713Z,6800.153,500,3.7803469970822334,6.7765849977731705,10.033402998000383,54.8363620005548,50,4.074618000537157,12.163270998746157,13.402821000665426,13.402821000665426
2026-08-30T10:03:08.714Z,6810.153,500,3.7034670002758503,6.693496000021696,9.898683000355959,55.757431000471115,50,4.27776699885726,12.086892001330853,13.96527000144124,13.96527000144124
2026-08-30T10:03:18.714Z,6820.154,500,3.7914479970932007,6.812594998627901,8.347563996911049,24.55340299755335,50,4.113586999475956,12.001201000064611,13.68622099980712,13.68622099980712
2026-08-30T10:03:28.714Z,6830.154,500,3.803207002580166,6.784885000437498,10.114413000643253,56.72437000274658,50,4.195206999778748,12.400881998240948,22.311435002833605,22.311435002833605
2026-08-30T10:03:38.714Z,6840.153,500,3.8220579996705055,6.8440850004553795,9.680062998086214,54.92920200154185,50,4.0686869993805885,12.072461999952793,12.404051002115011,12.404051002115011
2026-08-30T10:03:48.714Z,6850.153,500,3.7787170000374317,6.817334998399019,10.09561299905181,53.14195300266147,50,4.116957999765873,12.08203100040555,12.137922000139952,12.137922000139952
2026-08-30T10:03:58.714Z,6860.154,500,3.801587000489235,6.929304998368025,10.119902998209,53.83808200061321,50,4.09247700124979,12.058451000601053,12.934071000665426,12.934071000665426
2026-08-30T10:04:08.714Z,6870.154,500,3.8185570016503334,6.965966001152992,9.558263000100851,25.899941999465227,50,4.092806998640299,12.093541998416185,14.48003999888897,14.48003999888897
2026-08-30T10:04:18.715Z,6880.155,500,3.763866998255253,6.7827659994363785,9.98462300002575,30.577378999441862,50,4.801735997200012,12.107691001147032,13.966140002012253,13.966140002012253
2026-08-30T10:04:28.715Z,6890.155,500,3.7980769984424114,6.884525001049042,8.913693998008966,56.01137100160122,50,4.221457000821829,12.110890999436378,12.155590999871492,12.155590999871492
2026-08-30T10:04:38.716Z,6900.155,500,3.7680680006742477,6.797945000231266,7.964634999632835,33.255316998809576,50,4.079077001661062,12.23785199970007,14.341830000281334,14.341830000281334
2026-08-30T10:04:48.716Z,6910.155,500,3.9094470031559467,7.007564999163151,8.66592400148511,55.36560200154781,50,4.3793269991874695,12.148391000926495,13.094131000339985,13.094131000339985
2026-08-30T10:04:58.716Z,6920.156,500,3.7953570000827312,6.883935000747442,9.458523999899626,25.56310299783945,50,4.466146998107433,12.02012199908495,12.877060998231173,12.877060998231173
2026-08-30T10:05:08.716Z,6930.155,500,3.7493270002305508,6.851445000618696,8.993753001093864,54.73864100128412,50,4.134817000478506,11.971282001584768,12.29678200185299,12.29678200185299
2026-08-30T10:05:18.716Z,6940.156,500,3.768917001783848,6.853705000132322,11.409962002187967,53.91875299811363,50,4.75806600227952,12.136870998889208,21.50833499804139,21.50833499804139
2026-08-30T10:05:28.716Z,6950.156,500,3.757088001817465,6.786694999784231,7.877373997122049,54.156302999705076,50,4.094797000288963,12.06692200154066,13.182129997760057,13.182129997760057
2026-08-30T10:05:38.717Z,6960.157,500,3.728457000106573,6.8274859972298145,9.47987300157547,53.59639199823141,50,4.002947002649307,11.909510999917984,12.533851999789476,12.533851999789476
2026-08-30T10:05:48.717Z,6970.157,500,3.676697999238968,6.738154999911785,9.06682400032878,42.17585000023246,50,5.369405999779701,11.961001001298428,12.16466100141406,12.16466100141406
2026-08-30T10:05:58.717Z,6980.157,500,3.7941369973123074,6.8441950008273125,7.9844640009105206,26.40531200170517,50,4.839887000620365,12.175082001835108,12.365880999714136,12.365880999714136
2026-08-30T10:06:08.755Z,6990.158,249,414.8147610016167,937.222448002547,1293.3995999991894,1391.9855910018086,24,472.22742199897766,954.3962449990213,1161.0263320021331,1161.0263320021331
2026-08-30T10:06:18.729Z,7000.159,337,322.00253599882126,776.4919189997017,1045.015843000263,1407.2465000003576,35,369.3728729970753,902.830501999706,914.3803340010345,914.3803340010345
2026-08-30T10:06:28.722Z,7010.159,428,268.87112199887633,521.7460260018706,650.8822870030999,743.2434320002794,42,331.6249089986086,501.59338099882007,709.409526001662,709.409526001662
2026-08-30T10:06:38.722Z,7020.16,986,51.87095399945974,117.09539800137281,150.46868500113487,415.8902899995446,99,62.59501599892974,128.91217999905348,269.7303829975426,269.7303829975426
2026-08-30T10:06:48.722Z,7030.16,500,6.873945001512766,10.51121300086379,17.41227800026536,58.773138999938965,50,7.46042400225997,12.412731003016233,23.29492400214076,23.29492400214076
2026-08-30T10:06:58.722Z,7040.16,500,7.206724997609854,10.928452000021935,16.8360089994967,60.202058002352715,50,7.628155000507832,12.272782001644373,18.914967000484467,18.914967000484467
2026-08-30T10:07:08.724Z,7050.16,499,6.957664996385574,10.850981999188662,17.938707999885082,61.40743800252676,50,8.276103999465704,12.451621003448963,17.9135669991374,17.9135669991374
2026-08-30T10:07:18.722Z,7060.16,501,6.731775000691414,10.460843000560999,20.726025998592377,60.81985799968243,50,6.866356000304222,12.51283199712634,16.005148001015186,16.005148001015186
2026-08-30T10:07:28.722Z,7070.16,500,6.97681500017643,10.509882003068924,18.706126999109983,33.36376700177789,50,7.619573999196291,12.303690999746323,19.539536003023386,19.539536003023386
2026-08-30T10:07:38.723Z,7080.16,500,6.900544997304678,10.734983000904322,18.64597700163722,34.881486002355814,50,7.490513999015093,12.439252000302076,22.33161399886012,22.33161399886012
2026-08-30T10:07:48.722Z,7090.16,500,7.123454999178648,11.009283002465963,21.285875000059605,59.05250899866223,50,7.440935000777245,14.533949997276068,29.39809000119567,29.39809000119567
2026-08-30T10:07:58.724Z,7100.16,499,6.632775999605656,10.06870299950242,19.201816000044346,35.524996001273394,50,6.703644998371601,12.418232001364231,24.483582999557257,24.483582999557257
2026-08-30T10:08:08.721Z,7110.16,501,6.691874999552965,10.352981999516487,21.29500500112772,58.40032900124788,50,7.871984001249075,16.081967998296022,24.85021300241351,24.85021300241351
2026-08-30T10:08:18.723Z,7120.161,500,6.709995001554489,10.016083002090454,21.208195000886917,58.33315899968147,50,7.045065000653267,12.629721000790596,24.366472996771336,24.366472996771336
2026-08-30T10:08:28.722Z,7130.16,500,6.926925998181105,10.845892000943422,16.653829000890255,59.177868999540806,50,7.2459549978375435,12.45083099976182,21.982404999434948,21.982404999434948
2026-08-30T10:08:38.723Z,7140.161,500,7.375314999371767,11.23615200072527,17.736177999526262,62.001577001065016,50,7.900545001029968,12.408211000263691,20.094875998795033,20.094875998795033
2026-08-30T10:08:48.724Z,7150.16,499,6.884435001760721,10.315701998770237,21.65999500080943,63.920645002275705,50,7.080155000090599,12.214231997728348,19.459427002817392,19.459427002817392
2026-08-30T10:08:58.723Z,7160.161,501,6.6394159980118275,10.196012999862432,18.6292470023036,59.67886899784207,50,6.903485000133514,13.285481002181768,18.859606999903917,18.859606999903917
2026-08-30T10:09:08.723Z,7170.16,500,6.908484999090433,10.949411999434233,33.16281700134277,85.93127999827266,50,8.019205000251532,16.411968000233173,23.150794003158808,23.150794003158808
2026-08-30T10:09:18.723Z,7180.16,500,6.817464999854565,10.466922998428345,19.413826998323202,60.92170799896121,50,7.302194997668266,13.927009999752045,20.815674997866154,20.815674997866154
2026-08-30T10:09:28.723Z,7190.16,500,6.788414999842644,10.993192002177238,16.932607997208834,60.81910699978471,50,7.193025000393391,12.375702001154423,23.057703997939825,23.057703997939825
2026-08-30T10:09:38.721Z,7200.16,499,7.114254999905825,11.022532001137733,27.24704099819064,62.56894600018859,50,7.998615000396967,13.118451002985239,52.73181300237775,52.73181300237775
2026-08-30T10:09:48.723Z,7210.16,501,7.16049500182271,11.26452199742198,18.599057000130415,60.89664800092578,50,7.2673249989748,12.399341002106667,18.539186999201775,18.539186999201775
2026-08-30T10:09:58.723Z,7220.161,500,6.88018499687314,11.037341997027397,17.836807999759912,61.95394599810243,50,7.189205002039671,12.485551998019218,19.569166999310255,19.569166999310255
2026-08-30T10:10:08.723Z,7230.161,500,6.798055000603199,10.303102001547813,15.983849000185728,59.93859799951315,50,7.178096000105143,12.388181999325752,15.938668999820948,15.938668999820948
2026-08-30T10:10:18.723Z,7240.161,500,6.876484997570515,10.830342002213001,21.66507500037551,61.66539699956775,50,7.195745002478361,13.99159000068903,22.71432499960065,22.71432499960065
2026-08-30T10:10:28.723Z,7250.16,500,6.60725500062108,9.938992999494076,17.880738001316786,35.31906499713659,50,6.818944998085499,12.569771002978086,22.847954999655485,22.847954999655485
2026-08-30T10:10:38.722Z,7260.16,500,6.813025999814272,10.807032000273466,16.350818999111652,60.524757999926805,50,7.0131749995052814,12.201032001525164,16.122168999165297,16.122168999165297
2026-08-30T10:10:48.722Z,7270.16,500,7.8780850023031235,11.128511998802423,16.126067999750376,60.317389000207186,50,8.505594000220299,12.359131000936031,16.2740279994905,16.2740279994905
2026-08-30T10:10:58.723Z,7280.161,500,6.904654998332262,10.530873000621796,15.964478999376297,57.4299699999392,50,7.132835999131203,16.22656900063157,21.029316000640392,21.029316000640392
2026-08-30T10:11:08.724Z,7290.161,500,6.7644249983131886,9.97317299991846,16.112118002027273,59.43444900214672,50,6.9354249984025955,12.687211997807026,18.12753700092435,18.12753700092435
2026-08-30T10:11:18.724Z,7300.162,500,7.007716000080109,10.936501998454332,18.068568002432585,61.51938699930906,50,7.372094999998808,12.0089219994843,18.478496998548508,18.478496998548508
2026-08-30T10:11:28.724Z,7310.161,500,7.672934003174305,10.919302001595497,19.447877001017332,59.578347999602556,50,7.516794998198748,12.235751997679472,20.549266003072262,20.549266003072262
2026-08-30T10:11:38.724Z,7320.161,500,7.011535000056028,11.051272001117468,19.717256002128124,62.5454570017755,50,8.054463997483253,11.924582000821829,21.79866500198841,21.79866500198841
2026-08-30T10:11:48.723Z,7330.162,499,6.849654998630285,10.362542998045683,23.971944000571966,64.18246600031853,50,7.321644999086857,12.487241998314857,32.87128699943423,32.87128699943423
2026-08-30T10:11:58.724Z,7340.163,501,7.380024001002312,11.00968199968338,17.20397800207138,61.991376999765635,50,7.828455001115799,12.611150998622179,23.05928400158882,23.05928400158882
2026-08-30T10:12:08.723Z,7350.162,500,6.938016001135111,10.871782001107931,20.538024999201298,60.25596800073981,50,7.163525000214577,12.451332002878189,22.407593999058008,22.407593999058008
2026-08-30T10:12:18.724Z,7360.162,500,6.787964999675751,10.790623001754284,16.050039000809193,59.56886899843812,50,7.510285001248121,12.155370999127626,22.663864001631737,22.663864001631737
2026-08-30T10:12:28.724Z,7370.163,500,6.883205000311136,10.724173001945019,17.90811799839139,61.47250699996948,50,7.462925001978874,12.407850999385118,23.030373997986317,23.030373997986317
2026-08-30T10:12:38.726Z,7380.163,500,6.763284999877214,10.170313000679016,21.169734999537468,61.32744799926877,50,7.162074998021126,12.222181998193264,23.425974000245333,23.425974000245333
2026-08-30T10:12:48.724Z,7390.162,500,6.893495000898838,10.825732998549938,20.571635000407696,60.17308899760246,50,7.164334997534752,12.784970998764038,22.50162499770522,22.50162499770522
2026-08-30T10:12:58.725Z,7400.163,500,7.372745003551245,11.01563199982047,16.79280799999833,64.2439350001514,50,7.7206650003790855,12.459711000323296,17.091428998857737,17.091428998857737
2026-08-30T10:13:08.725Z,7410.162,500,6.8598549999296665,10.378241997212172,17.81208799779415,60.1464780010283,50,7.237534999847412,14.701379001140594,23.21136400103569,23.21136400103569
2026-08-30T10:13:18.724Z,7420.163,500,6.85156499966979,10.725152000784874,16.465548999607563,47.56564699858427,50,7.634924001991749,12.405200999230146,37.04398499801755,37.04398499801755
2026-08-30T10:13:28.725Z,7430.162,500,6.70380599796772,10.332952998578548,16.965647999197245,59.50212899968028,50,7.133644998073578,12.020531002432108,23.027923997491598,23.027923997491598
2026-08-30T10:13:38.724Z,7440.161,500,7.0131249986588955,10.974812000989914,16.79568799957633,59.038329001516104,50,7.82090499997139,13.050400000065565,19.146336998790503,19.146336998790503
2026-08-30T10:13:48.725Z,7450.163,500,6.91822500154376,11.013682000339031,19.87432599812746,59.55453800037503,50,8.445624001324177,15.124699998646975,23.755474001169205,23.755474001169205
2026-08-30T10:13:58.724Z,7460.162,500,7.304974999278784,10.871752999722958,16.292767997831106,61.41008700057864,50,7.639003999531269,12.194132000207901,23.661533001810312,23.661533001810312
2026-08-30T10:14:08.725Z,7470.163,500,6.881684999912977,10.114853002130985,17.174147997051477,63.20133600011468,50,7.4056840017437935,12.07447199895978,24.54544300213456,24.54544300213456
2026-08-30T10:14:18.723Z,7480.162,500,7.615203998982906,11.208891998976469,17.84280800074339,57.57847000285983,50,8.323734000325203,12.126810997724533,22.344964999705553,22.344964999705553
2026-08-30T10:14:28.723Z,7490.162,500,7.604044999927282,11.0697220005095,16.96858900040388,60.69259699806571,50,8.882233999669552,12.374260999262333,22.299625001847744,22.299625001847744
2026-08-30T10:14:38.724Z,7500.162,500,6.999455001205206,10.750811997801065,16.68545899912715,33.03355700150132,50,7.553984999656677,12.626041002571583,19.345646999776363,19.345646999776363
2026-08-30T10:14:48.724Z,7510.163,500,6.913095999509096,10.357213001698256,17.64054800197482,56.45033099874854,50,8.364344000816345,12.305831000208855,22.589545000344515,22.589545000344515
2026-08-30T10:14:58.725Z,7520.163,500,6.886375002563,10.900911998003721,18.42882699891925,60.13185799866915,50,9.807854000478983,12.297000996768475,22.147193998098373,22.147193998098373
2026-08-30T10:15:08.723Z,7530.162,500,7.815834000706673,11.216742999851704,16.29016800224781,60.427618000656366,50,8.336673997342587,12.214521996676922,17.32997800037265,17.32997800037265
2026-08-30T10:15:18.724Z,7540.162,500,7.735725000500679,11.13527199998498,16.866707999259233,60.38656800240278,50,8.362874001264572,12.406260997056961,23.13783299922943,23.13783299922943
2026-08-30T10:15:28.725Z,7550.162,500,7.696903999894857,11.311032000929117,18.92832700163126,61.76654700189829,50,8.051065001636744,14.21314999833703,22.045885000377893,22.045885000377893
2026-08-30T10:15:38.724Z,7560.163,500,6.7453250028193,10.076163001358509,15.845209002494812,59.7478989996016,50,7.128584999591112,12.252841997891665,18.180838000029325,18.180838000029325
2026-08-30T10:15:48.724Z,7570.162,500,6.794234998524189,10.194582998752594,16.723358001559973,58.994598999619484,50,7.133755002170801,12.079381000250578,22.216244000941515,22.216244000941515
2026-08-30T10:15:58.725Z,7580.163,500,7.26698499917984,11.036591999232769,15.769038997590542,60.16603799909353,50,8.165105000138283,13.347270000725985,22.695513997226954,22.695513997226954
2026-08-30T10:16:08.724Z,7590.162,500,6.796725999563932,10.84095299988985,16.45805900171399,34.14510599896312,50,7.0504450015723705,12.755820997059345,21.519735001027584,21.519735001027584
2026-08-30T10:16:18.726Z,7600.163,500,6.964265000075102,11.075603000819683,20.103715997189283,59.75137900188565,50,7.330444999039173,12.172991998493671,22.042755000293255,22.042755000293255
2026-08-30T10:16:28.724Z,7610.162,500,6.9627349972724915,10.91083300113678,19.65463599935174,62.6399160027504,50,7.781123999506235,16.016189001500607,22.778124000877142,22.778124000877142
2026-08-30T10:16:38.724Z,7620.163,500,6.827234998345375,10.895693000406027,17.83032799884677,60.07930799946189,50,7.583745002746582,12.214990999549627,23.384663999080658,23.384663999080658
2026-08-30T10:16:48.725Z,7630.163,500,7.430594000965357,10.925923001021147,16.31581899896264,63.77554599940777,50,8.425084996968508,13.140641000121832,18.256986998021603,18.256986998021603
2026-08-30T10:16:58.723Z,7640.162,499,6.675415001809597,10.820942003279924,19.48742699995637,76.41070600226521,50,7.731724999845028,11.947490997612476,19.421227000653744,19.421227000653744
2026-08-30T10:17:08.726Z,7650.163,501,6.946125000715256,10.909872997552156,18.451917000114918,60.3012179993093,50,8.284663997590542,12.982901003211737,29.006000000983477,29.006000000983477
2026-08-30T10:17:18.724Z,7660.162,500,7.06054500117898,10.729412999004126,16.407127998769283,58.32251900061965,50,7.389745000749826,16.634738001972437,21.683375000953674,21.683375000953674
2026-08-30T10:17:28.724Z,7670.162,500,7.415954999625683,10.934001997113228,17.07345800101757,65.94201399758458,50,8.132443998008966,11.966001000255346,21.95687500014901,21.95687500014901
2026-08-30T10:17:38.724Z,7680.163,500,7.257824998348951,11.122483000159264,16.705138001590967,35.4267149977386,50,7.297325000166893,12.100072000175714,23.89545300230384,23.89545300230384
2026-08-30T10:17:48.725Z,7690.162,499,6.821035001426935,10.14368299767375,21.043196000158787,67.02669299766421,50,7.27360500022769,12.593880999833345,22.169015001505613,22.169015001505613
2026-08-30T10:17:58.725Z,7700.163,501,6.865465000271797,10.296852998435497,16.4280590005219,31.55018799751997,50,7.168124999850988,12.363381002098322,19.598896998912096,19.598896998912096
2026-08-30T10:18:08.724Z,7710.162,500,6.85869599878788,10.82336299866438,18.866726998239756,64.35859499871731,50,7.3610350005328655,12.540790997445583,21.145155999809504,21.145155999809504
2026-08-30T10:18:18.725Z,7720.163,500,6.6722950004041195,10.34800300002098,17.035459000617266,66.78370299935341,50,6.880934998393059,12.245860997587442,21.38738500326872,21.38738500326872
2026-08-30T10:18:28.724Z,7730.163,500,6.7816959992051125,10.81191299855709,17.801327999681234,62.94352599978447,50,7.063664998859167,12.284212000668049,21.72909500077367,21.72909500077367
2026-08-30T10:18:38.724Z,7740.162,499,6.905115999281406,10.428112998604774,18.99431699886918,33.71880599856377,50,7.26375500112772,15.57191900163889,22.30410499870777,22.30410499870777
2026-08-30T10:18:48.726Z,7750.163,501,7.384704999625683,11.349732000380754,18.80340699851513,66.71348400041461,50,8.27428499981761,13.927340000867844,21.76850500330329,21.76850500330329
2026-08-30T10:18:58.725Z,7760.162,499,7.937913998961449,11.363412000238895,21.5304949991405,70.97929100319743,50,8.422083999961615,12.754960998892784,23.840453002601862,23.840453002601862
2026-08-30T10:19:08.725Z,7770.162,501,6.896014999598265,10.608642999082804,19.51767599955201,60.120538000017405,50,7.182805001735687,12.347952000796795,21.935334999114275,21.935334999114275
2026-08-30T10:19:18.725Z,7780.162,498,6.894914999604225,10.527821999043226,21.869943998754025,74.67141800001264,50,7.0616049990057945,12.392841998487711,33.98103700205684,33.98103700205684
2026-08-30T10:19:28.724Z,7790.163,501,6.90888499841094,10.687352001667023,19.26893699914217,66.78305299952626,50,7.288134999573231,12.31538200005889,21.147034998983145,21.147034998983145
2026-08-30T10:19:38.724Z,7800.162,501,6.758315000683069,11.217163000255823,24.667482998222113,60.07525800168514,50,6.995205000042915,12.069490998983383,24.908592998981476,24.908592998981476
2026-08-30T10:19:48.723Z,7810.162,500,7.547784999012947,11.15310199931264,17.667187999933958,61.44419700279832,50,7.989544998854399,12.789331000298262,17.894228000193834,17.894228000193834
2026-08-30T10:19:58.724Z,7820.163,500,6.887155998498201,10.631743002682924,15.601778998970985,32.68944799900055,50,7.187154997140169,12.309412002563477,18.265768002718687,18.265768002718687
2026-08-30T10:20:08.725Z,7830.164,499,6.770884998142719,10.77309300005436,19.644926998764277,68.05703300237656,50,7.165425002574921,12.46952099725604,21.81631499901414,21.81631499901414
2026-08-30T10:20:18.727Z,7840.164,501,7.036844998598099,11.190451998263597,20.89927500113845,64.00147499889135,50,7.224634997546673,12.189892001450062,22.399863999336958,22.399863999336958
2026-08-30T10:20:28.726Z,7850.163,500,6.786474999040365,10.53541200235486,16.32464899867773,64.8671649992466,50,7.200995001941919,12.39589200168848,16.603328000754118,16.603328000754118
2026-08-30T10:20:38.727Z,7860.164,500,7.5446049980819225,11.164751999080181,16.7086489982903,63.94490600004792,50,7.714294001460075,15.409198999404907,24.013884000480175,24.013884000480175
2026-08-30T10:20:48.724Z,7870.163,501,6.8918959982693195,10.628862999379635,20.12091599777341,58.836918000131845,50,7.491905000060797,12.463871002197266,22.082174997776747,22.082174997776747
2026-08-30T10:20:58.724Z,7880.163,499,7.13221500068903,11.07803300023079,17.193298000842333,63.97196500003338,50,8.152734998613596,12.456871002912521,22.656983997672796,22.656983997672796
2026-08-30T10:21:08.725Z,7890.164,500,7.065675001591444,11.23284200206399,16.97298900038004,65.86342399939895,50,7.772655002772808,12.554280996322632,21.599034998565912,21.599034998565912
2026-08-30T10:21:18.726Z,7900.164,500,6.837995000183582,10.81063299998641,17.541138000786304,65.95054399967194,50,8.016543999314308,12.680640999227762,18.090666998177767,18.090666998177767
2026-08-30T10:21:28.728Z,7910.165,500,6.65251599997282,10.947481997311115,21.047834999859333,65.1155839972198,50,8.22274399921298,13.24822100251913,21.730255000293255,21.730255000293255
2026-08-30T10:21:38.729Z,7920.165,500,6.894255001097918,10.61090200021863,18.18189799785614,62.794447001069784,50,7.289525002241135,12.058412000536919,23.371894001960754,23.371894001960754
2026-08-30T10:21:48.726Z,7930.165,501,4.611117001622915,9.785974003374577,14.049490001052618,58.7879290021956,50,6.725405998528004,12.09154099971056,12.322121001780033,12.322121001780033
2026-08-30T10:21:58.726Z,7940.165,500,3.7540870010852814,6.812516000121832,8.170104999095201,58.99648899957538,50,4.022276997566223,12.124460998922586,12.935351002961397,12.935351002961397
2026-08-30T10:22:08.726Z,7950.165,500,3.791806999593973,6.889195002615452,9.968503002077341,59.10366899892688,50,4.070446997880936,12.26333099976182,24.859062001109123,24.859062001109123
2026-08-30T10:22:18.726Z,7960.165,500,3.717027999460697,6.717796001583338,8.673503998667002,59.81000800058246,50,3.9615670032799244,12.046091999858618,13.11583099886775,13.11583099886775
2026-08-30T10:22:28.725Z,7970.165,500,3.7582580000162125,6.84383499994874,11.104841999709606,60.9440379999578,50,4.13544699922204,12.32040100172162,13.487809997051954,13.487809997051954
2026-08-30T10:22:38.726Z,7980.165,500,3.735028002411127,6.757396001368761,9.664413001388311,61.96221699938178,50,4.0222270004451275,12.080661997199059,14.425739999860525,14.425739999860525
2026-08-30T10:22:48.726Z,7990.165,500,3.708618000149727,6.733984999358654,7.809154000133276,64.8205250017345,50,3.969896998256445,12.181852001696825,12.754571001976728,12.754571001976728
2026-08-30T10:22:58.726Z,8000.165,500,3.7334179989993572,6.89028499647975,12.607050999999046,60.725848000496626,50,4.024848002940416,11.745560999959707,12.077031001448631,12.077031001448631
2026-08-30T10:23:08.726Z,8010.165,500,3.7319069989025593,6.780055999755859,9.954592999070883,61.093117997050285,50,3.976496998220682,12.155471000820398,12.9197509996593,12.9197509996593
2026-08-30T10:23:18.726Z,8020.166,500,3.679077997803688,6.725504998117685,11.085802998393774,61.090827997773886,50,4.030466999858618,11.874622002243996,12.01274199783802,12.01274199783802
2026-08-30T10:23:28.726Z,8030.165,500,3.7163369990885258,6.815765000879765,8.401084002107382,61.69530700147152,50,4.030366998165846,11.936161998659372,12.178291000425816,12.178291000425816
2026-08-30T10:23:38.726Z,8040.166,500,3.7310480028390884,6.789735000580549,13.424989998340607,59.71512800082564,50,3.9258270002901554,12.191521998494864,13.216520998626947,13.216520998626947
2026-08-30T10:23:48.726Z,8050.165,500,3.6847780011594296,6.720075000077486,9.223053000867367,62.225577000528574,50,3.9596269987523556,12.077631000429392,12.168871998786926,12.168871998786926
2026-08-30T10:23:58.735Z,8060.174,495,3.7690269984304905,6.872844997793436,9.52802399918437,24.41770299896598,50,4.120366998016834,12.329962000250816,14.76893999800086,14.76893999800086
2026-08-30T10:24:08.734Z,8070.174,505,3.7268470004200935,6.910484999418259,10.276002999395132,95.34472300112247,50,4.087386999279261,12.204371001571417,13.731759998947382,13.731759998947382
2026-08-30T10:24:18.734Z,8080.173,500,3.7347769998013973,6.7556760013103485,8.908952999860048,66.13351399824023,50,4.041997000575066,11.975942000746727,12.003160998225212,12.003160998225212
2026-08-30T10:24:28.734Z,8090.174,500,3.6380579993128777,6.685615003108978,9.276562999933958,62.8500059992075,50,3.9243570007383823,11.854351997375488,12.460521001368761,12.460521001368761
2026-08-30T10:24:38.734Z,8100.173,500,3.640948001295328,6.6756159998476505,9.115033000707626,62.028667002916336,50,3.8855169974267483,11.901811998337507,12.927011001855135,12.927011001855135
2026-08-30T10:24:48.734Z,8110.173,500,3.7985180020332336,6.861044999212027,13.170230999588966,61.895766999572515,50,4.067577999085188,12.19454099982977,14.814950000494719,14.814950000494719
2026-08-30T10:24:58.734Z,8120.173,500,3.7930179983377457,6.880205001682043,8.004994001239538,63.65056600049138,50,3.9986770004034042,11.928431000560522,12.072391998022795,12.072391998022795
2026-08-30T10:25:08.734Z,8130.174,500,3.8244969993829727,6.874086000025272,9.74015400186181,66.14779399707913,50,4.140917997807264,12.259690999984741,12.955621000379324,12.955621000379324
2026-08-30T10:25:18.734Z,8140.174,500,3.7385479994118214,6.879295002669096,9.159173000603914,61.301408000290394,50,4.017086997628212,12.041211999952793,14.089451000094414,14.089451000094414
2026-08-30T10:25:28.735Z,8150.174,500,3.7730369977653027,6.829154998064041,10.005732998251915,62.61837600171566,50,4.035767000168562,12.196911003440619,12.429611999541521,12.429611999541521
2026-08-30T10:25:38.734Z,8160.173,500,3.6860870011150837,6.835096001625061,10.984152000397444,62.502167001366615,50,3.9297969974577427,11.958372000604868,12.130921002477407,12.130921002477407
2026-08-30T10:25:48.735Z,8170.174,500,3.6954269967973232,6.822044998407364,8.235633999109268,62.09085700288415,50,3.947427999228239,11.868142001330853,13.185150999575853,13.185150999575853
2026-08-30T10:25:58.735Z,8180.174,500,3.7000479996204376,6.779745001345873,10.000953000038862,65.96440399810672,50,3.9545970000326633,11.881161998957396,13.196301002055407,13.196301002055407
2026-08-30T10:26:08.735Z,8190.174,500,3.687858000397682,6.746085003018379,7.796644002199173,66.49292299896479,50,3.984697997570038,12.08551199734211,12.715450998395681,12.715450998395681
2026-08-30T10:26:18.735Z,8200.174,500,3.748157002031803,6.806995000690222,11.017012000083923,66.3117440007627,50,4.015527002513409,11.92519199848175,12.171891998499632,12.171891998499632
2026-08-30T10:26:28.735Z,8210.175,500,3.7704580016434193,6.872275002300739,8.194585002958775,67.02103399857879,50,4.122396998107433,12.11718099936843,12.248771999031305,12.248771999031305
2026-08-30T10:26:38.735Z,8220.174,500,3.8688879981637,6.906266000121832,10.077592998743057,63.979736000299454,50,4.098847001791,12.229692000895739,12.302581001073122,12.302581001073122
2026-08-30T10:26:48.735Z,8230.175,500,3.7879770025610924,6.811694998294115,9.228714000433683,63.556015998125076,50,4.117456998676062,12.142420999705791,12.92239100113511,12.92239100113511
2026-08-30T10:26:58.735Z,8240.174,500,3.683457002043724,6.791375000029802,9.090543001890182,66.21973399817944,50,3.914427001029253,11.85224200040102,12.271441001445055,12.271441001445055
2026-08-30T10:27:08.735Z,8250.175,500,3.7085379995405674,6.731835000216961,10.693033002316952,68.99688199907541,50,3.900687001645565,12.050962001085281,12.542580999433994,12.542580999433994
2026-08-30T10:27:18.735Z,8260.175,500,3.7763379998505116,6.820255000144243,9.002673998475075,64.86169499903917,50,4.022017002105713,12.043701998889446,12.909970998764038,12.909970998764038
2026-08-30T10:27:28.735Z,8270.175,500,3.770966999232769,6.838135998696089,10.255362000316381,62.91650599986315,50,4.008388001471758,12.003512002527714,13.647519998252392,13.647519998252392
2026-08-30T10:27:38.735Z,8280.175,500,3.7322980016469955,6.823414999991655,7.577014997601509,53.97730199992657,50,3.9627679996192455,11.97690200060606,12.298670999705791,12.298670999705791
2026-08-30T10:27:48.759Z,8290.175,439,3.838537000119686,438.439595002681,661.6789989992976,953.9653859995306,44,4.103566996753216,483.66230399906635,703.2860700003803,703.2860700003803
2026-08-30T10:27:58.753Z,8300.175,234,471.1284430027008,1013.4224749989808,1286.9476939998567,1529.189945999533,24,530.3182010017335,954.3520160019398,1133.497611001134,1133.497611001134
2026-08-30T10:28:08.743Z,8310.176,390,286.0780800022185,670.4640130028129,946.9791599996388,1298.7732959985733,38,344.04047000035644,619.7172579988837,623.5444660000503,623.5444660000503
2026-08-30T10:28:18.766Z,8320.203,801,86.00635000318289,447.7884080000222,563.5151579976082,757.2438930012286,80,111.06733299791813,439.6269339993596,597.3383239991963,597.3383239991963
2026-08-30T10:28:28.765Z,8330.203,637,8.241193998605013,98.23525200039148,129.17438999935985,173.7922690026462,64,8.384263999760151,105.54363700002432,127.96583100035787,127.96583100035787
2026-08-30T10:28:38.764Z,8340.203,500,6.948805000633001,10.249853000044823,15.860348999500275,68.83016199991107,50,7.070215001702309,12.560901001095772,20.428856000304222,20.428856000304222
2026-08-30T10:28:48.764Z,8350.202,500,6.988144997507334,11.02963299676776,18.79229700192809,68.72874199971557,50,7.015274997800589,11.735532000660896,19.02013700082898,19.02013700082898
2026-08-30T10:28:58.764Z,8360.203,500,6.856246002018452,10.03362299874425,17.790968000888824,68.80639199912548,50,7.0502750016748905,11.972552001476288,22.911224000155926,22.911224000155926
2026-08-30T10:29:08.765Z,8370.202,500,7.105684999376535,10.979291997849941,18.122686997056007,71.55795999988914,50,7.299644999206066,12.264911998063326,22.479814000427723,22.479814000427723
2026-08-30T10:29:18.767Z,8380.203,500,7.151025000959635,10.980021998286247,18.87789699807763,69.83465100079775,50,7.2327149994671345,11.990201998502016,19.22621700167656,19.22621700167656
2026-08-30T10:29:28.764Z,8390.202,500,6.888985000550747,10.357312999665737,18.316798001527786,67.27801400050521,50,7.03872499987483,12.57048200070858,31.977347999811172,31.977347999811172
2026-08-30T10:29:38.764Z,8400.203,500,7.587244000285864,11.245521999895573,24.237893000245094,70.03013100102544,50,8.173003997653723,16.45251800119877,37.73146300017834,37.73146300017834
2026-08-30T10:29:48.765Z,8410.202,500,7.097644999623299,10.992643002420664,16.088938999921083,68.69015199691057,50,7.007504999637604,11.679792001843452,23.480583999305964,23.480583999305964
2026-08-30T10:29:58.765Z,8420.202,500,7.276055000722408,11.129141997545958,18.111736997961998,67.6740930005908,50,7.12737499922514,12.057642001658678,19.202826000750065,19.202826000750065
2026-08-30T10:30:08.764Z,8430.202,500,6.850246001034975,10.506682999432087,18.196178000420332,68.1376519985497,50,7.104885000735521,12.24422100186348,20.076106000691652,20.076106000691652
2026-08-30T10:30:18.765Z,8440.202,500,6.877575002610683,10.35826300084591,18.01028700172901,74.74437800049782,50,6.970264997333288,12.392161998897791,22.835233997553587,22.835233997553587
2026-08-30T10:30:28.765Z,8450.203,500,6.837705001235008,10.366771999746561,21.457436002790928,70.52106099948287,50,6.951145000755787,12.348120998591185,21.616735000163317,21.616735000163317
2026-08-30T10:30:38.764Z,8460.202,500,6.886195000261068,10.564842998981476,16.96153799816966,68.23020299896598,50,7.013425000011921,12.115921001881361,18.89155700057745,18.89155700057745
2026-08-30T10:30:48.764Z,8470.202,500,6.995234999805689,11.000583000481129,18.475147001445293,68.18283199891448,50,7.146695002913475,12.591141000390053,18.703747000545263,18.703747000545263
2026-08-30T10:30:58.764Z,8480.203,500,6.912865001708269,10.632802996784449,18.776216998696327,66.4395040012896,50,7.115945000201464,18.83007699996233,22.61609399691224,22.61609399691224
2026-08-30T10:31:08.765Z,8490.203,500,6.772985998541117,9.932812999933958,18.77240800112486,68.7170720025897,50,6.787815999239683,11.401951998472214,21.981805000454187,21.981805000454187
2026-08-30T10:31:18.765Z,8500.203,500,6.946806002408266,10.73063300177455,18.077647000551224,70.04556100070477,50,7.05511499941349,12.490132000297308,18.662567000836134,18.662567000836134
2026-08-30T10:31:28.766Z,8510.203,500,6.84884499758482,10.892672002315521,17.30486800149083,69.82663099840283,50,6.978316001594067,11.985810998827219,17.51985800266266,17.51985800266266
2026-08-30T10:31:38.765Z,8520.203,500,6.9881050027906895,10.908082000911236,20.484315998852253,69.85741100087762,50,7.223375000059605,12.546991001814604,22.625824000686407,22.625824000686407
2026-08-30T10:31:48.765Z,8530.203,500,6.713844999670982,10.998511999845505,31.37763799726963,83.2739119976759,50,6.833325996994972,11.399822000414133,17.363738000392914,17.363738000392914
2026-08-30T10:31:58.765Z,8540.203,500,6.7980359978973866,10.152753002941608,16.677547998726368,71.1697500012815,50,6.98904500156641,12.188721999526024,19.99449599906802,19.99449599906802
2026-08-30T10:32:08.764Z,8550.202,500,6.853384997695684,10.404831998050213,19.009827002882957,69.32894099876285,50,6.86752500012517,12.1138820014894,19.240877002477646,19.240877002477646
2026-08-30T10:32:18.764Z,8560.202,500,6.8279259987175465,10.334111999720335,17.565278001129627,70.94356000050902,50,6.999286003410816,12.146811001002789,17.793667998164892,17.793667998164892
2026-08-30T10:32:28.765Z,8570.203,500,6.8723049983382225,10.90285200253129,21.129535000771284,77.29417600110173,50,6.969246000051498,11.696371998637915,23.044113997370005,23.044113997370005
2026-08-30T10:32:38.764Z,8580.203,500,6.884054999798536,10.218632999807596,20.298026002943516,69.41839099675417,50,6.867514997720718,11.736252002418041,22.47495400160551,22.47495400160551
2026-08-30T10:32:48.764Z,8590.203,500,6.830564998090267,10.458672001957893,16.37984899803996,70.60601099953055,50,6.958824999630451,12.204932000488043,21.625725001096725,21.625725001096725
2026-08-30T10:32:58.765Z,8600.204,500,6.84120599925518,10.246123000979424,19.742587000131607,69.99578199908137,50,7.0033150017261505,11.818861000239849,20.091515999287367,20.091515999287367
2026-08-30T10:33:08.766Z,8610.203,500,6.842994999140501,11.033013001084328,16.35417900234461,71.52252000197768,50,6.975584998726845,11.842962000519037,21.71212499961257,21.71212499961257
2026-08-30T10:33:18.766Z,8620.203,500,6.7670550011098385,11.112443000078201,21.571115002036095,69.1472119987011,50,6.852804999798536,12.211590997874737,23.659193001687527,23.659193001687527
2026-08-30T10:33:28.765Z,8630.204,500,6.70643600076437,10.44421200081706,19.04907700046897,71.25050999969244,50,6.909515000879765,12.115341998636723,28.680850002914667,28.680850002914667
2026-08-30T10:33:38.766Z,8640.204,500,7.105085000395775,10.6207519993186,18.3892780020833,71.06867099925876,50,7.134654998779297,11.925630997866392,18.610527001321316,18.610527001321316
2026-08-30T10:33:48.765Z,8650.204,500,6.943135000765324,10.49983299896121,21.85495500266552,70.41932100057602,50,7.039614997804165,12.156872000545263,23.02156399935484,23.02156399935484
2026-08-30T10:33:58.768Z,8660.204,500,6.813425000756979,10.921631999313831,17.860507000237703,71.75772000104189,50,6.947815001010895,12.198592003434896,18.090496998280287,18.090496998280287
2026-08-30T10:34:08.768Z,8670.205,500,7.190114997327328,10.909121997654438,19.308226998895407,70.33258099853992,50,6.940324999392033,14.557310000061989,21.61700500175357,21.61700500175357
2026-08-30T10:34:18.767Z,8680.204,500,6.8618160001933575,11.032382998615503,20.447455000132322,69.88554099947214,50,6.995395001024008,11.927111998200417,20.288416001945734,20.288416001945734
2026-08-30T10:34:28.767Z,8690.205,500,6.887534998357296,10.689123000949621,16.823688000440598,69.8676120005548,50,6.996975999325514,16.438157998025417,17.967236999422312,17.967236999422312
2026-08-30T10:34:38.766Z,8700.205,500,6.993864998221397,10.829532001167536,17.40727800130844,74.17494800314307,50,7.126254998147488,12.137100998312235,19.34993600100279,19.34993600100279
2026-08-30T10:34:48.765Z,8710.204,500,6.836405001580715,10.831732999533415,18.896086998283863,68.73692199960351,50,7.12975499778986,12.32847199961543,19.267096001654863,19.267096001654863
2026-08-30T10:34:58.766Z,8720.205,500,7.328853998333216,11.151963002979755,20.733405999839306,70.18748199939728,50,7.257324997335672,11.663262002170086,25.51731200143695,25.51731200143695
2026-08-30T10:35:08.767Z,8730.204,500,6.837896000593901,10.188543003052473,18.051848001778126,71.16538999974728,50,6.916115000844002,12.008352000266314,18.27674699947238,18.27674699947238
2026-08-30T10:35:18.768Z,8740.204,500,6.685045000165701,10.868271999061108,18.328608002513647,73.63261900097132,50,6.769164998084307,11.734851997345686,18.749446999281645,18.749446999281645
2026-08-30T10:35:28.767Z,8750.205,500,6.785594999790192,10.680401999503374,17.06522799655795,73.10370899736881,50,6.885735001415014,12.502560999244452,17.279407996684313,17.279407996684313
2026-08-30T10:35:38.768Z,8760.205,500,6.728645998984575,10.754443001002073,21.249704997986555,75.06115800142288,50,6.808754999190569,11.993221998214722,31.049777999520302,31.049777999520302
2026-08-30T10:35:48.768Z,8770.205,500,6.882294997572899,10.160953000187874,19.541246999055147,69.25102099776268,50,7.009674999862909,11.5436419993639,19.824507001787424,19.824507001787424
2026-08-30T10:35:58.769Z,8780.206,500,7.012175999581814,10.867062002420425,19.361295998096466,73.84734800085425,50,7.091144997626543,14.159430000931025,19.302965998649597,19.302965998649597
2026-08-30T10:36:08.769Z,8790.206,500,6.834945999085903,10.670673001557589,17.336387999355793,73.30948899686337,50,6.913814999163151,8.543944001197815,19.06827700138092,19.06827700138092
2026-08-30T10:36:18.768Z,8800.206,501,6.874984998255968,10.667302999645472,19.24151699990034,74.09835800155997,50,7.0318650007247925,9.297543998807669,19.489746998995543,19.489746998995543
2026-08-30T10:36:28.768Z,8810.206,499,6.855535000562668,10.465501997619867,24.710063003003597,70.19074099883437,50,6.980245999991894,12.737221002578735,20.95721499994397,20.95721499994397
2026-08-30T10:36:38.768Z,8820.206,501,6.849114999175072,10.289723001420498,21.229555003345013,76.01254700124264,50,6.983535002917051,9.81988300010562,22.737583998590708,22.737583998590708
2026-08-30T10:36:48.768Z,8830.206,500,6.929476000368595,10.427893001586199,14.474670000374317,31.880138002336025,50,7.07073500007391,8.509384002536535,17.613478001207113,17.613478001207113
2026-08-30T10:36:58.770Z,8840.207,499,6.834274999797344,10.8380629979074,21.06257500126958,73.65980900079012,50,6.908585999161005,13.603109996765852,24.366542998701334,24.366542998701334
2026-08-30T10:37:08.768Z,8850.206,500,6.8277059979736805,10.286632999777794,17.42773699760437,31.761587999761105,50,6.9803649969398975,10.533862996846437,17.945346999913454,17.945346999913454
2026-08-30T10:37:18.769Z,8860.206,500,6.929214999079704,10.804663002490997,17.82956800237298,31.835117999464273,50,7.068945001810789,18.052438002079725,21.84282499924302,21.84282499924302
2026-08-30T10:37:28.768Z,8870.206,500,6.9090050011873245,10.316882003098726,15.234610002487898,33.47087699919939,50,7.03846600279212,11.74779199808836,19.644156999886036,19.644156999886036
2026-08-30T10:37:38.768Z,8880.207,501,7.203143998980522,11.42969300225377,20.148495998233557,59.12250899896026,50,7.175324998795986,15.659368999302387,23.426513999700546,23.426513999700546
2026-08-30T10:37:48.770Z,8890.208,500,6.817175000905991,10.12670300155878,20.003886997699738,57.715809997171164,50,6.935605000704527,10.371963001787663,20.683205999433994,20.683205999433994
2026-08-30T10:37:58.769Z,8900.208,500,7.004154998809099,10.244102999567986,20.238425999879837,61.99815699830651,50,7.092165000736713,8.684034001082182,24.132693000137806,24.132693000137806
2026-08-30T10:38:08.770Z,8910.209,500,7.050066001713276,11.059882000088692,17.665636997669935,33.10400700196624,50,7.102465000003576,11.515092000365257,19.54008600115776,19.54008600115776
2026-08-30T10:38:18.770Z,8920.209,500,6.812766000628471,10.137692999094725,17.625308003276587,61.61585799977183,50,6.8855250030756,9.495312999933958,17.53362800180912,17.53362800180912
2026-08-30T10:38:28.770Z,8930.209,500,6.8406049981713295,10.285643000155687,18.17195699736476,60.75083800032735,50,6.933754999190569,9.624784000217915,18.42696699872613,18.42696699872613
2026-08-30T10:38:38.769Z,8940.208,500,7.116265002638102,10.912762001156807,15.888708002865314,31.82216800004244,50,6.9534350000321865,10.353023000061512,19.10239700227976,19.10239700227976
2026-08-30T10:38:48.770Z,8950.209,500,6.847936000674963,11.143751997500658,16.972417999058962,34.82363599911332,50,6.9640750028193,13.867829997092485,23.60607399791479,23.60607399791479
2026-08-30T10:38:58.769Z,8960.208,500,6.887934997677803,10.452973000705242,15.81385899707675,33.40804599970579,50,6.965415000915527,8.784803997725248,17.832486998289824,17.832486998289824
2026-08-30T10:39:08.769Z,8970.208,500,7.077265001833439,10.636133000254631,16.665208999067545,30.075089000165462,50,7.107645001262426,10.667272001504898,16.889807999134064,16.889807999134064
2026-08-30T10:39:18.769Z,8980.208,500,6.696984998881817,10.215792998671532,16.518148999661207,34.148227002471685,50,6.792575001716614,8.121913999319077,22.858574002981186,22.858574002981186
2026-08-30T10:39:28.770Z,8990.208,499,6.8794360011816025,10.821551997214556,18.33524699881673,32.19820800051093,50,6.853705998510122,10.259103000164032,18.54926699772477,18.54926699772477
2026-08-30T10:39:38.769Z,9000.208,501,6.871364999562502,10.910392001271248,22.932143997401,57.05085100233555,50,6.927444998174906,9.611682999879122,23.869354002177715,23.869354002177715
2026-08-30T10:39:48.770Z,9010.209,500,6.9527550004422665,10.987842001020908,19.92144599929452,63.04166600108147,50,6.916965000331402,9.277203999459743,20.204686000943184,20.204686000943184
2026-08-30T10:39:58.769Z,9020.208,500,6.8273050002753735,10.764473002403975,18.034857999533415,31.02741900086403,50,6.850284997373819,8.456884000450373,18.261067997664213,18.261067997664213
2026-08-30T10:40:08.769Z,9030.208,500,6.664845999330282,10.158812999725342,17.18360799923539,32.30588700249791,50,6.737144999206066,10.662321999669075,20.137335997074842,20.137335997074842
2026-08-30T10:40:18.769Z,9040.208,500,6.775685001164675,10.466212999075651,19.96553599834442,32.832077000290155,50,6.959724999964237,9.194443996995687,20.19803600013256,20.19803600013256
2026-08-30T10:40:28.769Z,9050.208,500,6.6450360007584095,10.011133000254631,16.909237999469042,31.77708699926734,50,6.741514999419451,14.905360002070665,21.79042499884963,21.79042499884963
2026-08-30T10:40:38.771Z,9060.208,500,6.980425998568535,10.588693000376225,15.3660789988935,56.46696100011468,50,7.130805000662804,11.77217099815607,15.592349000275135,15.592349000275135
2026-08-30T10:40:48.769Z,9070.208,500,6.8863849975168705,10.860572002828121,20.972975999116898,60.65949799865484,50,6.984615001827478,9.28549399971962,21.34841500222683,21.34841500222683
2026-08-30T10:40:58.769Z,9080.208,500,7.220745000988245,11.00016200169921,17.9804579988122,30.11218999698758,50,7.088925000280142,14.228290002793074,21.613414999097586,21.613414999097586
2026-08-30T10:41:08.770Z,9090.209,500,6.985534999519587,10.879641998559237,16.478487998247147,32.647386997938156,50,7.096935000270605,9.163483999669552,18.307266999036074,18.307266999036074
2026-08-30T10:41:18.769Z,9100.208,500,6.930065002292395,10.374513000249863,14.91889899969101,32.69269699975848,50,7.079254999756813,8.689674001187086,19.359255999326706,19.359255999326706
2026-08-30T10:41:28.770Z,9110.209,500,6.942235000431538,10.647913001477718,18.128878001123667,59.318399000912905,50,7.116695001721382,14.544759999960661,18.381557002663612,18.381557002663612
2026-08-30T10:41:38.769Z,9120.208,500,7.049395002424717,10.915381997823715,17.566438000649214,33.72118599712849,50,6.907675001770258,8.738584000617266,19.393906999379396,19.393906999379396
2026-08-30T10:41:48.769Z,9130.208,500,7.005125001072884,11.029102999716997,16.881007999181747,59.668608002364635,50,7.003244999796152,8.735194001346827,23.386923998594284,23.386923998594284
2026-08-30T10:41:58.770Z,9140.209,500,7.188754998147488,10.96230199933052,17.231538001447916,34.427256003022194,50,7.080635000020266,11.274581998586655,20.73173599690199,20.73173599690199
2026-08-30T10:42:08.770Z,9150.209,500,6.879354998469353,10.453453000634909,18.0276869982481,32.794197998940945,50,6.942885000258684,17.221087001264095,21.6305949985981,21.6305949985981
2026-08-30T10:42:18.769Z,9160.208,500,6.865185000002384,10.107273001223803,16.54279800131917,33.40981699898839,50,7.069044999778271,10.511492997407913,21.61498500034213,21.61498500034213
2026-08-30T10:42:28.771Z,9170.208,500,6.821455001831055,10.624343000352383,19.93027599900961,33.60341599956155,50,6.983585000038147,18.028916999697685,22.642944000661373,22.642944000661373
2026-08-30T10:42:38.769Z,9180.208,500,6.7390660010278225,10.114663001149893,18.1051269993186,59.19159799814224,50,6.771754998713732,11.61991199851036,24.339062999933958,24.339062999933958
2026-08-30T10:42:48.770Z,9190.209,500,7.06241500005126,11.039011999964714,16.61140799894929,32.369957998394966,50,7.0944849997758865,8.874924000352621,18.982806000858545,18.982806000858545
2026-08-30T10:42:58.769Z,9200.208,499,6.877924997359514,10.376731999218464,17.24252799898386,31.872927997261286,50,7.038185000419617,8.741763997823,17.471508000046015,17.471508000046015
2026-08-30T10:43:08.769Z,9210.208,501,7.661674998700619,11.050992000848055,20.547426000237465,33.318746998906136,50,7.226325001567602,10.363632999360561,20.799205999821424,20.799205999821424
2026-08-30T10:43:18.770Z,9220.208,499,6.902905002236366,10.255393002182245,21.929305002093315,63.16004600003362,50,6.9194349981844425,8.575722999870777,20.50839500129223,20.50839500129223
2026-08-30T10:43:28.770Z,9230.209,501,6.971244998276234,10.821032002568245,16.817568000406027,60.51366800069809,50,6.9852450005710125,10.349963001906872,19.07497699931264,19.07497699931264
2026-08-30T10:43:38.770Z,9240.21,500,3.7813579998910427,7.778255000710487,10.989672001451254,23.602203000336885,50,4.062046997249126,7.030365001410246,8.222923997789621,8.222923997789621
2026-08-30T10:43:48.770Z,9250.21,500,3.829966999590397,6.859335001558065,7.659405000507832,55.14269199967384,50,4.0721179991960526,5.082896001636982,5.134155999869108,5.134155999869108
2026-08-30T10:43:58.769Z,9260.209,500,3.819616999477148,6.86098499968648,10.671303000301123,28.46271999925375,50,4.10869699716568,6.113136000931263,14.531970001757145,14.531970001757145
2026-08-30T10:44:08.770Z,9270.209,500,3.7885069996118546,6.889396000653505,9.543432999402285,55.5032109990716,50,4.119716998189688,4.9764470010995865,14.291489999741316,14.291489999741316
2026-08-30T10:44:18.770Z,9280.209,500,3.753406997770071,6.9060849994421005,12.861281000077724,53.603313002735376,50,4.005357000976801,4.9588369987905025,14.73335000127554,14.73335000127554
2026-08-30T10:44:28.770Z,9290.209,500,3.7597469985485077,6.828455001115799,10.067713003605604,53.98956299945712,50,4.058177001774311,5.533296000212431,14.431790001690388,14.431790001690388
2026-08-30T10:44:38.770Z,9300.209,500,3.773247003555298,6.8957660011947155,8.563483998179436,54.29253199696541,50,4.075056999921799,5.157546002417803,5.758365999907255,5.758365999907255
2026-08-30T10:44:48.770Z,9310.209,500,3.746468000113964,6.803784999996424,7.804834999144077,23.792272999882698,50,3.9864769987761974,5.134555999189615,6.9402059987187386,6.9402059987187386
2026-08-30T10:44:58.770Z,9320.209,500,3.7992970012128353,6.855515997856855,9.455953001976013,53.228652998805046,50,4.0240780003368855,5.388636000454426,13.226670999079943,13.226670999079943
2026-08-30T10:45:08.770Z,9330.209,500,3.816526997834444,6.8745450004935265,8.808294001966715,24.876501999795437,50,4.136787001043558,5.435405999422073,5.9149560034275055,5.9149560034275055
2026-08-30T10:45:18.770Z,9340.21,500,3.8117970004677773,6.8558049984276295,9.672533001750708,54.404082000255585,50,4.067477002739906,4.95414699986577,14.480519998818636,14.480519998818636
2026-08-30T10:45:28.770Z,9350.209,500,3.8429070003330708,6.843795999884605,9.402653001248837,56.146180998533964,50,4.138737000524998,5.055477000772953,13.98454100266099,13.98454100266099
2026-08-30T10:45:38.770Z,9360.209,500,3.7371480017900467,6.7800159975886345,7.639633998274803,53.931162003427744,50,4.080237001180649,5.044456001371145,13.226069997996092,13.226069997996092
2026-08-30T10:45:48.770Z,9370.209,500,3.7805169969797134,6.890545003116131,9.32778300344944,56.979400001466274,50,4.069027002900839,5.097616001963615,6.822304997593164,6.822304997593164
2026-08-30T10:45:58.770Z,9380.21,500,3.759826999157667,6.7913949973881245,7.860114999115467,54.14470300078392,50,4.118286997079849,5.023086000233889,15.499189000576735,15.499189000576735
2026-08-30T10:46:08.770Z,9390.209,500,3.793597999960184,6.83831500262022,8.861074000597,54.8395720012486,50,4.094817001372576,5.086217001080513,6.085225000977516,6.085225000977516
2026-08-30T10:46:18.770Z,9400.21,500,3.7860170006752014,6.845054998993874,10.38409299775958,57.88456999883056,50,4.051776997745037,5.023936998099089,12.717450998723507,12.717450998723507
2026-08-30T10:46:28.771Z,9410.21,500,3.7981269992887974,6.864365998655558,8.780953999608755,55.16134199872613,50,4.06402700021863,4.925857000052929,5.913645997643471,5.913645997643471
2026-08-30T10:46:38.771Z,9420.21,500,3.793757002800703,6.821065001189709,10.054143000394106,54.387522000819445,50,4.104908000677824,5.289815999567509,5.716805998235941,5.716805998235941
2026-08-30T10:46:48.771Z,9430.211,500,3.7163169980049133,6.784634999930859,9.819932997226715,57.11445999890566,50,3.9681669995188713,4.948036998510361,12.50246100127697,12.50246100127697
2026-08-30T10:46:58.771Z,9440.21,500,3.7322480008006096,6.78617599979043,9.041454002261162,56.59339000284672,50,4.012536998838186,5.198885999619961,13.150621000677347,13.150621000677347
2026-08-30T10:47:08.771Z,9450.21,500,3.6838780008256435,6.708565000444651,9.704833999276161,55.24737199768424,50,3.996747002005577,4.877576000988483,15.006140001118183,15.006140001118183
2026-08-30T10:47:18.771Z,9460.21,500,3.800806999206543,6.902205001562834,11.317651998251677,60.72936699911952,50,4.079256996512413,5.265815999358892,6.633935999125242,6.633935999125242
2026-08-30T10:47:28.771Z,9470.211,500,3.7610780000686646,6.858594998717308,8.793104000389576,54.94928199797869,50,3.991457000374794,4.983366001397371,5.528455998748541,5.528455998748541
2026-08-30T10:47:38.771Z,9480.211,500,3.7671470008790493,6.782465998083353,9.606242999434471,56.290890999138355,50,4.011277001351118,5.103266000747681,14.723649997264147,14.723649997264147
2026-08-30T10:47:48.771Z,9490.211,500,3.7604679986834526,6.83483500033617,10.931952998042107,52.916393000632524,50,4.0377670004963875,5.102026000618935,6.3024160005152225,6.3024160005152225
2026-08-30T10:47:58.770Z,9500.21,500,3.757887002080679,6.801394999027252,9.496283002197742,59.18442799896002,50,4.00186700001359,5.070806000381708,13.43189000338316,13.43189000338316
2026-08-30T10:48:08.771Z,9510.211,500,3.7957680001854897,6.911585997790098,9.884603001177311,60.78045800328255,50,4.073576997965574,5.0517870001494884,13.862209998071194,13.862209998071194
2026-08-30T10:48:18.771Z,9520.21,500,3.7562870010733604,6.7656549997627735,8.568144001066685,51.79380399733782,50,4.041848000138998,5.110366001725197,14.262581001967192,14.262581001967192
2026-08-30T10:48:28.771Z,9530.21,500,3.7695570029318333,6.946764998137951,9.507102999836206,54.163352999836206,50,3.9934269972145557,5.131587002426386,13.8231910020113,13.8231910020113
2026-08-30T10:48:38.771Z,9540.21,500,3.758337002247572,6.825135000050068,9.830122999846935,55.24780200049281,50,3.990736998617649,5.205536000430584,14.132670000195503,14.132670000195503
2026-08-30T10:48:48.771Z,9550.21,500,3.7838770002126694,6.819745000451803,11.404752001166344,53.95802300050855,50,4.057057000696659,13.098960999399424,15.118589002639055,15.118589002639055
2026-08-30T10:48:58.771Z,9560.21,500,3.7701970003545284,6.828986000269651,10.363493002951145,54.68399199843407,50,3.9734869971871376,5.0366970002651215,13.55121000111103,13.55121000111103
2026-08-30T10:49:08.771Z,9570.211,500,3.7725470028817654,6.880045998841524,10.159662999212742,54.64238100126386,50,4.056346997618675,12.304131999611855,13.251140002161264,13.251140002161264
2026-08-30T10:49:18.771Z,9580.211,500,3.787387002259493,6.932725001126528,9.933722998946905,54.240962002426386,50,4.086256999522448,5.238605998456478,13.569849997758865,13.569849997758865
2026-08-30T10:49:28.772Z,9590.211,500,3.7452470026910305,6.782555002719164,8.83169399946928,59.322569001466036,50,3.999006997793913,5.0038169994950294,5.438047003000975,5.438047003000975
2026-08-30T10:49:38.797Z,9600.211,373,4.013236999511719,677.9358780011535,977.7145700007677,1114.4328840002418,37,4.822666998952627,832.2977610006928,1157.4515139982104,1157.4515139982104
2026-08-30T10:49:48.784Z,9610.211,240,493.1597869992256,905.2938800007105,1078.795529000461,1263.5712299980223,25,591.1720189973712,934.3151890002191,1048.8017299994826,1048.8017299994826
2026-08-30T10:49:58.792Z,9620.212,431,251.55682500079274,575.484249997884,764.0732280015945,862.9301090016961,43,369.0423729978502,577.1047490015626,659.9621310010552,659.9621310010552
2026-08-30T10:50:08.773Z,9630.212,956,69.26043199747801,369.6722330003977,560.0073399990797,717.5890210010111,95,80.51172300055623,481.06945500150323,646.042999997735,646.042999997735
2026-08-30T10:50:18.774Z,9640.213,500,6.707744996994734,10.185012999922037,16.696057997643948,64.38499500229955,50,6.862424999475479,13.813900999724865,22.694234997034073,22.694234997034073
2026-08-30T10:50:28.775Z,9650.213,500,6.738144997507334,10.185642998665571,20.673356000334024,60.8278870023787,50,6.962246000766754,11.071442000567913,20.927205998450518,20.927205998450518
2026-08-30T10:50:38.773Z,9660.212,500,6.827895000576973,11.063902001827955,18.03847799822688,55.12829199805856,50,6.962774999439716,11.47291199862957,24.590642999857664,24.590642999857664
2026-08-30T10:50:48.773Z,9670.212,500,7.004645001143217,10.825381997972727,16.48411799967289,64.58692499995232,50,7.212024997919798,12.029761001467705,18.70490700006485,18.70490700006485
2026-08-30T10:50:58.774Z,9680.213,500,6.865345999598503,10.16372300311923,19.47519600018859,59.7465780004859,50,6.975655000656843,10.740623001009226,20.548725999891758,20.548725999891758
2026-08-30T10:51:08.773Z,9690.213,500,6.787514999508858,10.270013000816107,20.65769599750638,60.60213799774647,50,6.979816000908613,10.500443000346422,33.83788599818945,33.83788599818945
2026-08-30T10:51:18.775Z,9700.212,500,6.7613760009408,10.19573299959302,16.003759000450373,60.641428001224995,50,6.999085001647472,11.67179200053215,16.22493899986148,16.22493899986148
2026-08-30T10:51:28.773Z,9710.212,500,6.693816002458334,10.135133001953363,16.81938800215721,62.39901699870825,50,6.895194999873638,10.765391997992992,23.322903003543615,23.322903003543615
2026-08-30T10:51:38.773Z,9720.212,500,7.504975002259016,11.204861998558044,22.02946399897337,60.50389799848199,50,7.320094998925924,11.465351998806,24.141282998025417,24.141282998025417
2026-08-30T10:51:48.773Z,9730.212,500,6.685994997620583,10.051862999796867,18.16364800184965,60.6825180016458,50,6.964275002479553,10.584871999919415,18.536987002938986,18.536987002938986
2026-08-30T10:51:58.773Z,9740.213,500,6.998605001717806,10.814752999693155,17.943647000938654,62.62728700041771,50,7.129744999110699,14.384050000458956,25.64453199878335,25.64453199878335
2026-08-30T10:52:08.774Z,9750.213,500,7.062525000423193,11.026252999901772,18.49372699856758,62.05254700034857,50,7.20134599879384,11.120912000536919,18.49913699924946,18.49913699924946
2026-08-30T10:52:18.774Z,9760.213,500,7.035335000604391,10.876472000032663,15.490359000861645,59.75084799900651,50,7.14852499961853,10.613262001425028,19.143056999891996,19.143056999891996
2026-08-30T10:52:28.773Z,9770.212,500,7.3880149982869625,11.083673000335693,17.78522700071335,60.97777700051665,50,7.2797849997878075,11.459281999617815,19.04074700176716,19.04074700176716
2026-08-30T10:52:38.774Z,9780.213,500,6.832745999097824,10.187431998550892,17.130327999591827,57.52871000021696,50,7.007445998489857,12.038581997156143,18.0983280017972,18.0983280017972
2026-08-30T10:52:48.774Z,9790.213,500,6.823394998908043,10.737541999667883,16.067359000444412,62.15719700232148,50,6.96484600007534,11.125893000513315,18.323226999491453,18.323226999491453
2026-08-30T10:52:58.774Z,9800.213,500,6.724064998328686,10.118282999843359,17.393408000469208,62.104406997561455,50,6.815405998378992,11.293682001531124,17.626068003475666,17.626068003475666
2026-08-30T10:53:08.774Z,9810.213,500,6.851534999907017,10.743651997298002,17.692906998097897,65.47069400176406,50,6.981875002384186,10.973211999982595,17.956156998872757,17.956156998872757
2026-08-30T10:53:18.774Z,9820.213,500,7.304964002221823,11.151811998337507,21.422254998236895,66.22726399824023,50,7.270433999598026,11.27352200075984,24.648033000528812,24.648033000528812
2026-08-30T10:53:28.775Z,9830.214,500,6.756565000861883,10.014852996915579,16.046428997069597,63.85114599764347,50,6.857606001198292,11.278942000120878,22.72317400202155,22.72317400202155
2026-08-30T10:53:38.774Z,9840.213,500,6.768316000699997,9.967722997069359,17.572147998958826,60.51279800012708,50,6.896864999085665,11.092251997441053,22.355094000697136,22.355094000697136
2026-08-30T10:53:48.775Z,9850.214,500,6.836536001414061,11.004362002015114,18.770705997943878,66.18158400058746,50,6.955064997076988,11.440651997923851,19.118106000125408,19.118106000125408
2026-08-30T10:53:58.775Z,9860.214,500,6.722614999860525,10.875902000814676,16.68521900102496,66.7081740014255,50,6.850974999368191,16.65888799726963,21.730505000799894,21.730505000799894
2026-08-30T10:54:08.775Z,9870.214,500,6.647095996886492,9.923553001135588,15.196019001305103,60.75136799737811,50,6.8044350035488605,11.156032998114824,22.202715002000332,22.202715002000332
2026-08-30T10:54:18.774Z,9880.213,500,6.715385001152754,10.785452999174595,17.96298800036311,61.48674799874425,50,6.759316001087427,17.143128000199795,19.00306599959731,19.00306599959731
2026-08-30T10:54:28.774Z,9890.213,500,6.66635499894619,10.699272997677326,28.5943400003016,77.40462600067258,50,6.884364999830723,11.442781999707222,28.98539999872446,28.98539999872446
2026-08-30T10:54:38.775Z,9900.214,500,7.622675001621246,11.198162000626326,16.366217996925116,31.768388003110886,50,7.443424999713898,11.02674300223589,19.590916000306606,19.590916000306606
2026-08-30T10:54:48.776Z,9910.213,500,6.708175998181105,10.489773001521826,21.71508499979973,61.08535799756646,50,6.993625000119209,11.179531998932362,24.87067300081253,24.87067300081253
2026-08-30T10:54:58.774Z,9920.213,500,6.880996000021696,10.923202000558376,20.095675997436047,65.0479849986732,50,7.0314249992370605,10.9256030023098,23.23564299941063,23.23564299941063
2026-08-30T10:55:08.775Z,9930.214,500,6.758535001426935,10.541482999920845,17.18113800138235,65.81425400078297,50,6.899565000087023,10.621102001518011,18.369506999850273,18.369506999850273
2026-08-30T10:55:18.776Z,9940.215,500,6.622485000640154,9.868852999061346,15.607629001140594,34.08582600206137,50,6.828846000134945,10.688572000712156,19.46187700331211,19.46187700331211
2026-08-30T10:55:28.775Z,9950.214,500,6.682525999844074,10.109162997454405,17.010297998785973,34.36438600346446,50,6.8089350014925,10.51596299931407,24.100903000682592,24.100903000682592
2026-08-30T10:55:38.776Z,9960.214,500,6.605085998773575,10.192693002521992,17.529858000576496,68.65885299816728,50,6.8333760015666485,10.674821998924017,22.890594001859426,22.890594001859426
2026-08-30T10:55:48.775Z,9970.214,500,6.8923459984362125,10.688722997903824,17.656726997345686,63.785785999149084,50,6.992945000529289,11.377232000231743,18.132527001202106,18.132527001202106
2026-08-30T10:55:58.775Z,9980.215,500,6.707745999097824,10.422322999686003,17.024558000266552,33.35861700028181,50,6.873624999076128,15.549918998032808,21.241864997893572,21.241864997893572
2026-08-30T10:56:08.776Z,9990.215,500,6.601034998893738,9.858552999794483,17.863157000392675,63.59323599934578,50,6.714935000985861,10.685662001371384,19.09705700352788,19.09705700352788
2026-08-30T10:56:18.776Z,10000.215,500,6.659364998340607,9.943323001265526,16.323777999728918,31.544877998530865,50,6.829966001212597,10.708882998675108,18.933205999433994,18.933205999433994
2026-08-30T10:56:28.777Z,10010.215,500,6.664795000106096,10.170292999595404,17.503947999328375,32.1194770000875,50,6.695156000554562,11.617672000080347,17.741147998720407,17.741147998720407
2026-08-30T10:56:38.775Z,10020.214,500,6.929384998977184,10.765992000699043,19.031697001308203,34.855076000094414,50,7.034655001014471,11.108582001179457,22.210404999554157,22.210404999554157
2026-08-30T10:56:48.776Z,10030.215,500,6.827165998518467,10.638553000986576,17.60224800184369,64.51413499936461,50,6.987726002931595,12.425001002848148,17.857998002320528,17.857998002320528
2026-08-30T10:56:58.776Z,10040.215,500,6.613764997571707,10.06106299906969,17.73462799936533,63.820785000920296,50,6.901875000447035,12.822630997747183,18.4981369972229,18.4981369972229
2026-08-30T10:57:08.775Z,10050.214,500,6.7372660003602505,10.997832000255585,19.718256000429392,66.69367399811745,50,6.919744998216629,10.267332997173071,20.08499599993229,20.08499599993229
2026-08-30T10:57:18.776Z,10060.215,500,6.652814999222755,10.092923000454903,17.052697997540236,66.34643399715424,50,6.876775000244379,11.3636220023036,17.29704799875617,17.29704799875617
2026-08-30T10:57:28.775Z,10070.214,500,6.775595001876354,10.732562001794577,17.179467998445034,64.71012499928474,50,6.877764999866486,11.298712000250816,18.773376002907753,18.773376002907753
2026-08-30T10:57:38.775Z,10080.214,500,6.755164999514818,10.51962299644947,18.310698002576828,65.77852400019765,50,6.929825000464916,13.223921000957489,18.55637700110674,18.55637700110674
2026-08-30T10:57:48.775Z,10090.214,500,6.5907760001719,10.055252999067307,17.837857000529766,64.45842500030994,50,6.750585000962019,11.400091998279095,18.817537002265453,18.817537002265453
2026-08-30T10:57:58.775Z,10100.214,500,7.123454999178648,10.779192999005318,16.968437999486923,70.2760310024023,50,7.169235002249479,11.482772000133991,22.77810400351882,22.77810400351882
2026-08-30T10:58:08.775Z,10110.214,500,6.662634998559952,10.265162996947765,19.07014599815011,67.04132400080562,50,6.805444996803999,11.397411998361349,19.300085999071598,19.300085999071598
2026-08-30T10:58:18.775Z,10120.214,500,6.58050600066781,9.82422300055623,17.3915680013597,67.5354030020535,50,6.758125998079777,10.931823000311852,18.31259699910879,18.31259699910879
2026-08-30T10:58:28.776Z,10130.215,500,6.59850499778986,9.937992997467518,16.79109799861908,67.10700299963355,50,6.749855998903513,13.07039099931717,17.27896799892187,17.27896799892187
2026-08-30T10:58:38.776Z,10140.215,500,6.635175000876188,10.633212000131607,17.395278003066778,64.13946500048041,50,6.865615002810955,10.566523000597954,17.667418003082275,17.667418003082275
2026-08-30T10:58:48.776Z,10150.215,500,6.585645999759436,9.927783001214266,16.575598001480103,66.2845540009439,50,6.745834998786449,10.361983001232147,19.544895999133587,19.544895999133587
2026-08-30T10:58:58.777Z,10160.214,500,7.15089500322938,10.884213000535965,15.887098997831345,42.80047000199556,50,7.6437450014054775,13.013181000947952,21.203274998813868,21.203274998813868
2026-08-30T10:59:08.777Z,10170.214,500,6.626825999468565,10.632272999733686,18.145496997982264,69.0323820002377,50,6.83958500251174,11.43673200160265,17.986177999526262,17.986177999526262
2026-08-30T10:59:18.775Z,10180.214,500,6.786584999412298,10.915432002395391,20.639055997133255,69.72771099954844,50,6.973714999854565,13.941160000860691,22.794044997543097,22.794044997543097
2026-08-30T10:59:28.777Z,10190.214,500,6.645076002925634,10.562002997845411,18.66084699705243,70.6515510007739,50,6.8149159997701645,10.823751997202635,22.739674001932144,22.739674001932144
2026-08-30T10:59:38.776Z,10200.215,500,7.246753998100758,11.519301999360323,26.854001998901367,67.37209299951792,50,7.203524999320507,14.378079999238253,23.16948400065303,23.16948400065303
2026-08-30T10:59:48.776Z,10210.215,500,6.769264999777079,10.498223003000021,19.575645998120308,67.85277299955487,50,6.9786749966442585,10.708872999995947,19.82906600087881,19.82906600087881
2026-08-30T10:59:58.777Z,10220.214,500,6.707124996930361,10.763621997088194,17.51731799915433,74.60721800103784,50,6.859984997659922,12.46713100001216,18.643387999385595,18.643387999385595
2026-08-30T11:00:08.775Z,10230.214,500,6.945165000855923,10.669463001191616,17.45389800146222,67.26740300282836,50,7.156434997916222,12.523320998996496,24.64759200066328,24.64759200066328
2026-08-30T11:00:18.776Z,10240.215,500,6.854926001280546,10.439932998269796,21.716584999114275,69.69818199798465,50,7.008085001260042,10.821511998772621,22.69124399870634,22.69124399870634
2026-08-30T11:00:28.777Z,10250.214,500,6.770225998014212,10.101583000272512,21.561015002429485,70.95183100178838,50,6.944175001233816,14.168020002543926,21.80536499992013,21.80536499992013
2026-08-30T11:00:38.777Z,10260.214,500,6.833565000444651,10.850572001188993,21.082435999065638,71.97176000103354,50,7.028905000537634,10.883271999657154,23.219234000891447,23.219234000891447
2026-08-30T11:00:48.777Z,10270.215,500,6.9733550027012825,10.912432000041008,20.44464600086212,70.90354099869728,50,6.931524999439716,11.44998199865222,22.61151399835944,22.61151399835944
2026-08-30T11:00:58.775Z,10280.214,500,6.810025002807379,10.62839299812913,20.431255999952555,67.07712399959564,50,7.057075001299381,11.656651999801397,23.74720399826765,23.74720399826765
2026-08-30T11:01:08.778Z,10290.215,500,6.750195000320673,10.1317030005157,18.074097000062466,67.40313299745321,50,6.841575000435114,13.393710002303123,21.741464998573065,21.741464998573065
2026-08-30T11:01:18.776Z,10300.215,500,6.738145001232624,10.281452998518944,17.284268997609615,67.35007299855351,50,6.8864349983632565,10.58679299801588,20.223235998302698,20.223235998302698
2026-08-30T11:01:28.775Z,10310.214,500,7.556115001440048,11.010931998491287,17.709187999367714,66.11672399938107,50,7.201455000787973,11.360941998660564,17.961327999830246,17.961327999830246
2026-08-30T11:01:38.777Z,10320.215,500,6.818904999643564,10.593231998383999,16.936117999255657,72.47244900092483,50,6.999625001102686,11.164792001247406,17.161308001726866,17.161308001726866
2026-08-30T11:01:48.775Z,10330.214,500,7.046085000038147,10.913421999663115,21.857964999973774,68.22850299999118,50,7.011025000363588,10.522061999887228,22.103365000337362,22.103365000337362
2026-08-30T11:01:58.776Z,10340.215,500,6.79144499823451,10.691202998161316,20.843004997819662,66.68742400035262,50,6.857395000755787,10.727793000638485,24.02597299963236,24.02597299963236
2026-08-30T11:02:08.775Z,10350.214,500,6.9009860008955,10.744281999766827,17.38016699999571,67.03744299709797,50,7.036205001175404,10.630061998963356,17.854057997465134,17.854057997465134
2026-08-30T11:02:18.777Z,10360.215,500,7.073975000530481,10.894983001053333,18.034527000039816,68.41726300120354,50,7.254324998706579,11.545712001621723,23.304384000599384,23.304384000599384
2026-08-30T11:02:28.776Z,10370.215,500,6.79356499761343,10.253632999956608,16.357807997614145,66.66311400011182,50,6.874186001718044,10.99965200200677,17.48158700019121,17.48158700019121
2026-08-30T11:02:38.775Z,10380.214,500,6.942274998873472,10.95635199919343,16.453669000416994,67.22384299710393,50,7.103075001388788,10.081532999873161,16.697388999164104,16.697388999164104
2026-08-30T11:02:48.777Z,10390.215,500,6.763645000755787,10.084443002939224,18.324336998164654,74.73038800060749,50,6.8922259993851185,10.797272000461817,18.571386996656656,18.571386996656656
2026-08-30T11:02:58.777Z,10400.214,500,7.69684399664402,10.956223003566265,17.80960800126195,72.4035800024867,50,7.85801500082016,10.589963000267744,18.042497999966145,18.042497999966145
2026-08-30T11:03:08.777Z,10410.214,500,6.764965001493692,10.693881999701262,21.152234997600317,70.9627799987793,50,6.907024998217821,15.439298998564482,22.15786400064826,22.15786400064826
2026-08-30T11:03:18.777Z,10420.214,500,6.672924999147654,10.836461998522282,17.650538001209497,73.26799900084734,50,6.881475001573563,11.01825200021267,17.939908001571894,17.939908001571894
2026-08-30T11:03:28.777Z,10430.214,500,6.6474460028111935,9.88859299942851,20.91533599793911,70.68156100064516,50,6.768135998398066,15.868558999150991,23.353404000401497,23.353404000401497
2026-08-30T11:03:38.775Z,10440.215,500,6.995555996894836,10.987403001636267,19.143396999686956,68.38256200030446,50,7.0954350009560585,11.636911999434233,22.334133997559547,22.334133997559547
2026-08-30T11:03:48.777Z,10450.215,500,6.74201600253582,10.251713000237942,18.09993799775839,70.5113999992609,50,6.898214999586344,13.349041000008583,18.329777996987104,18.329777996987104
2026-08-30T11:03:58.777Z,10460.215,500,6.968614999204874,10.904371999204159,16.683889001607895,69.30454199761152,50,7.150405000895262,11.815280999988317,19.387026000767946,19.387026000767946
2026-08-30T11:04:08.777Z,10470.215,500,7.2995450012385845,10.99253299832344,21.400195002555847,67.31848400086164,50,7.4656649976968765,16.178779002279043,21.989574998617172,21.989574998617172
2026-08-30T11:04:18.776Z,10480.215,500,7.340064998716116,10.963162999600172,17.04220800101757,67.86851200088859,50,7.4822649993002415,12.114071000367403,17.268697999417782,17.268697999417782
2026-08-30T11:04:28.778Z,10490.216,500,6.841425001621246,10.594131998717785,18.93453699722886,70.53769100084901,50,7.058135002851486,11.410682000219822,19.16914699971676,19.16914699971676
2026-08-30T11:04:38.778Z,10500.215,500,6.679976001381874,10.090672999620438,18.23403700068593,73.20586900040507,50,6.987404998391867,11.118612002581358,18.49889700114727,18.49889700114727
2026-08-30T11:04:48.778Z,10510.215,500,7.535785000771284,11.23514200001955,18.098278000950813,69.59276200085878,50,7.190235000103712,11.877150997519493,17.250537998974323,17.250537998974323
2026-08-30T11:04:58.778Z,10520.215,500,6.8162050023674965,10.277013000100851,15.921068999916315,30.593628998845816,50,7.1559149995446205,10.400272998958826,17.345667999237776,17.345667999237776
2026-08-30T11:05:08.777Z,10530.216,500,6.786945000290871,10.229552999138832,15.350979998707771,31.320617999881506,50,7.025785002857447,11.583712000399828,18.706627000123262,18.706627000123262
2026-08-30T11:05:18.776Z,10540.216,500,3.613136999309063,7.879233997315168,11.636421997100115,25.08339200168848,50,4.608816999942064,10.844413001090288,14.590489998459816,14.590489998459816
2026-08-30T11:05:28.778Z,10550.217,500,3.7465070001780987,6.801215000450611,9.270613998174667,65.53256500139832,50,4.080057997256517,11.019692998379469,13.782110001891851,13.782110001891851
2026-08-30T11:05:38.778Z,10560.217,500,3.7446469999849796,6.808896001428366,9.77989299967885,64.61840499937534,50,4.668626997619867,11.878951996564865,23.233754001557827,23.233754001557827
2026-08-30T11:05:48.778Z,10570.218,500,3.7784279994666576,6.774525001645088,8.563884001225233,67.8327520005405,50,4.10979700088501,5.30604699999094,6.172035999596119,6.172035999596119
2026-08-30T11:05:58.778Z,10580.218,500,3.8244169987738132,6.899205002933741,9.04016299918294,72.64305000007153,50,4.096507001668215,5.979795001447201,6.969395000487566,6.969395000487566
2026-08-30T11:06:08.778Z,10590.218,500,3.8000270016491413,6.880254998803139,10.230583000928164,65.42597400024533,50,4.030807998031378,5.015975996851921,6.186365000903606,6.186365000903606
2026-08-30T11:06:18.778Z,10600.218,500,3.8183270022273064,6.8422349989414215,9.603123001754284,65.42503400146961,50,4.056756999343634,12.708001002669334,13.856819998472929,13.856819998472929
2026-08-30T11:06:28.779Z,10610.219,500,3.7526970021426678,6.752656001597643,7.611844997853041,64.4754549972713,50,4.006668001413345,6.089715998619795,7.010435000061989,7.010435000061989
2026-08-30T11:06:38.779Z,10620.218,500,3.79517700150609,6.836476001888514,8.53175400197506,66.23680399730802,50,4.148927003145218,5.994326002895832,12.271901000291109,12.271901000291109
2026-08-30T11:06:48.779Z,10630.218,500,3.7410979978740215,6.789606001228094,8.787223998457193,64.98894499987364,50,4.052667003124952,5.466606002300978,13.89613999798894,13.89613999798894
2026-08-30T11:06:58.780Z,10640.219,500,3.756606999784708,6.82124499976635,8.276945002377033,69.72497199848294,50,4.030917000025511,6.119334999471903,13.641031000763178,13.641031000763178
2026-08-30T11:07:08.779Z,10650.219,500,3.8307280018925667,6.7945859991014,10.321223001927137,65.31062499806285,50,4.105867002159357,5.753755997866392,12.251341000199318,12.251341000199318
2026-08-30T11:07:18.780Z,10660.219,500,3.7577570006251335,6.890125002712011,8.185365002602339,64.77151500061154,50,3.9906379990279675,6.034015998244286,14.364120002835989,14.364120002835989
2026-08-30T11:07:28.779Z,10670.218,500,3.806276999413967,6.856395002454519,9.463003002107143,66.97668299824,50,4.048007000237703,6.073674999177456,26.184170998632908,26.184170998632908
2026-08-30T11:07:38.779Z,10680.218,500,3.757107000797987,6.842875000089407,7.931024000048637,65.58796400204301,50,4.029017999768257,11.131911996752024,13.389421001076698,13.389421001076698
2026-08-30T11:07:48.779Z,10690.219,500,3.81487799808383,6.788735002279282,10.370182000100613,70.88775999844074,50,4.082786999642849,11.141681998968124,12.267140999436378,12.267140999436378
2026-08-30T11:07:58.779Z,10700.218,500,3.7199169993400574,6.8268049992620945,9.712393000721931,65.61948399990797,50,4.125217001885176,11.899481996893883,12.691211000084877,12.691211000084877
2026-08-30T11:08:08.779Z,10710.218,500,3.759807001799345,6.767264999449253,8.932124000042677,65.38877400010824,50,4.0865270011126995,11.926451001316309,14.530378997325897,14.530378997325897
2026-08-30T11:08:18.779Z,10720.219,500,3.7565179988741875,6.806074999272823,9.13493299856782,66.46819299831986,50,4.034467000514269,12.392772000283003,12.9676409997046,12.9676409997046
2026-08-30T11:08:28.779Z,10730.219,500,3.74371699988842,6.766034997999668,7.83254499733448,66.09596399962902,50,4.022838000208139,11.808391999453306,11.834301996976137,11.834301996976137
2026-08-30T11:08:38.779Z,10740.219,500,3.6791570000350475,6.810265999287367,10.304583001881838,67.74265300109982,50,3.9314869977533817,11.990722000598907,13.334541000425816,13.334541000425816
2026-08-30T11:08:48.780Z,10750.219,500,3.7757270000874996,6.808974999934435,8.937524002045393,65.78045400232077,50,4.074037000536919,11.991360999643803,13.088851001113653,13.088851001113653
2026-08-30T11:08:58.781Z,10760.22,500,3.8114770017564297,6.841706000268459,10.412503000348806,65.40597500279546,50,4.077587001025677,12.134022001177073,13.900421001017094,13.900421001017094
2026-08-30T11:09:08.781Z,10770.22,500,3.7659869976341724,6.841915000230074,8.031945001333952,66.73538400232792,50,3.9641769975423813,11.732742000371218,12.784490998834372,12.784490998834372
2026-08-30T11:09:18.781Z,10780.22,500,3.8135080002248287,6.888654999434948,10.103543002158403,66.52340300008655,50,4.17798699811101,11.97690200060606,12.694062002003193,12.694062002003193
2026-08-30T11:09:28.782Z,10790.221,500,3.7981670014560223,6.7983059994876385,8.167514000087976,65.46924499794841,50,4.126817002892494,12.261432003229856,19.261735998094082,19.261735998094082
2026-08-30T11:09:38.781Z,10800.22,500,3.7938669994473457,6.823734998703003,10.641162000596523,66.1674140021205,50,4.178787000477314,12.18283100053668,13.355141002684832,13.355141002684832
2026-08-30T11:09:48.781Z,10810.22,500,3.785358000546694,6.855995997786522,9.23360399901867,66.95155300199986,50,4.052666999399662,11.885171998292208,12.39691200107336,12.39691200107336
2026-08-30T11:09:58.781Z,10820.221,500,3.743157997727394,6.759996000677347,8.605333998799324,70.01405199989676,50,4.106506999582052,12.305051002651453,14.400710001587868,14.400710001587868
2026-08-30T11:10:08.781Z,10830.22,500,3.7559569999575615,6.811496000736952,9.101973999291658,70.53518100082874,50,4.085666999220848,12.056292001157999,14.136509999632835,14.136509999632835
2026-08-30T11:10:18.781Z,10840.221,500,3.701698001474142,6.684484999626875,8.115015000104904,71.38306000083685,50,3.9796070009469986,11.646412000060081,13.357621002942324,13.357621002942324
2026-08-30T11:10:28.781Z,10850.22,500,3.7961070016026497,6.850055001676083,9.930803000926971,65.73342400044203,50,4.08007699996233,12.43020199984312,12.910031002014875,12.910031002014875
2026-08-30T11:10:38.781Z,10860.22,500,3.7328869998455048,6.765195000916719,8.838752999901772,65.84590400010347,50,3.950527001172304,12.136271998286247,14.787999000400305,14.787999000400305
2026-08-30T11:10:48.781Z,10870.22,500,3.686208002269268,6.724744997918606,8.372914001345634,65.16491500288248,50,3.929388001561165,11.864472001791,14.620939999818802,14.620939999818802
2026-08-30T11:10:58.781Z,10880.221,500,3.7088680006563663,6.7953349985182285,9.288952998816967,65.19631499797106,50,4.087286997586489,12.750140998512506,14.49362999945879,14.49362999945879
2026-08-30T11:11:08.780Z,10890.22,500,3.727097000926733,6.798736002296209,9.224424000829458,66.53372399881482,50,4.034277003258467,12.29365200176835,13.326270997524261,13.326270997524261
2026-08-30T11:11:18.799Z,10900.221,380,3.9564479999244213,686.4778219982982,887.6323020011187,1249.0468509979546,38,4.2743070013821125,969.2365550026298,988.2514619976282,988.2514619976282
2026-08-30T11:11:28.788Z,10910.221,235,474.34880999848247,909.2624570019543,1159.1852030009031,1412.9096060022712,23,644.7280209995806,869.0369060002267,951.7070280015469,951.7070280015469
2026-08-30T11:11:38.799Z,10920.221,431,266.10662500187755,578.9741269983351,722.8054170012474,952.1224069967866,44,288.5020489990711,536.8928969986737,733.8041699975729,733.8041699975729
2026-08-30T11:11:48.781Z,10930.22,954,70.89352000132203,372.24142099916935,596.3477950021625,714.5261419974267,95,89.10402799770236,443.66011099889874,547.5421090014279,547.5421090014279
2026-08-30T11:11:58.783Z,10940.221,500,6.7460649982094765,10.926021996885538,17.065708000212908,72.97430999949574,50,7.018404997885227,12.449501000344753,22.73207399994135,22.73207399994135
2026-08-30T11:12:08.782Z,10950.221,500,6.978615000844002,10.906183000653982,15.95100899785757,66.9633929990232,50,7.047095000743866,12.03371199965477,23.94726399704814,23.94726399704814
2026-08-30T11:12:18.783Z,10960.221,500,6.8424549996852875,10.24303200095892,21.53590500354767,74.60287800058722,50,7.0944849997758865,17.92406800016761,22.619754001498222,22.619754001498222
2026-08-30T11:12:28.782Z,10970.221,500,7.028374999761581,10.653523001819849,16.597248002886772,73.9702380001545,50,7.0961150005459785,14.109450001269579,23.70304299890995,23.70304299890995
2026-08-30T11:12:38.781Z,10980.22,500,6.8788750022649765,10.705211997032166,18.882347002625465,75.78696700185537,50,7.07073500007391,9.7521230019629,19.115697000175714,19.115697000175714
2026-08-30T11:12:48.784Z,10990.221,500,6.927995000034571,10.855612996965647,22.426863998174667,74.67204799875617,50,7.199914999306202,22.419344998896122,23.567112997174263,23.567112997174263
2026-08-30T11:12:58.784Z,11000.221,500,6.865435000509024,10.896131999790668,17.666797999292612,71.80590999871492,50,7.1726350001990795,12.004091002047062,17.89683699980378,17.89683699980378
2026-08-30T11:13:08.782Z,11010.221,500,7.00008599832654,10.870772000402212,21.677164997905493,71.12632999941707,50,7.243355002254248,13.449690997600555,22.79100399836898,22.79100399836898
2026-08-30T11:13:18.784Z,11020.222,500,6.932244997471571,10.97707200050354,19.64427600055933,70.4092710018158,50,6.991204999387264,11.5086620002985,19.87008599936962,19.87008599936962
2026-08-30T11:13:28.785Z,11030.223,500,6.877905998378992,10.781661998480558,16.41619800031185,76.34633699804544,50,7.146914999932051,16.640097998082638,21.874113999307156,21.874113999307156
2026-08-30T11:13:38.786Z,11040.223,500,6.800535000860691,10.315882999449968,19.488677002489567,70.72149999812245,50,7.011094998568296,12.16050099954009,22.720975000411272,22.720975000411272
2026-08-30T11:13:48.785Z,11050.223,500,6.674345999956131,10.179922997951508,18.676167000085115,70.43189100176096,50,6.973705001175404,12.645671002566814,21.278655000030994,21.278655000030994
2026-08-30T11:13:58.785Z,11060.223,500,6.695605996996164,9.98326300084591,21.29694500193,70.65031100064516,50,6.897824998944998,13.528650000691414,22.49117400124669,22.49117400124669
2026-08-30T11:14:08.785Z,11070.223,500,7.063584998250008,11.036551997065544,16.04907900094986,70.57607099786401,50,7.358194999396801,12.244502000510693,16.004808999598026,16.004808999598026
2026-08-30T11:14:18.783Z,11080.222,500,6.781174998730421,10.123422998934984,20.720764998346567,76.21142600104213,50,6.984006002545357,12.091431997716427,17.672787997871637,17.672787997871637
2026-08-30T11:14:28.785Z,11090.222,500,6.835834998637438,10.301513001322746,21.495724998414516,70.24592100083828,50,7.041075002402067,11.90566200017929,21.74491500109434,21.74491500109434
2026-08-30T11:14:38.785Z,11100.222,500,7.008905999362469,11.00739200040698,19.730955999344587,75.03756799921393,50,7.172744996845722,11.803741998970509,19.982976000756025,19.982976000756025
2026-08-30T11:14:48.786Z,11110.223,500,6.834355998784304,10.181783001869917,18.804117001593113,70.94894099980593,50,7.065845999866724,11.800401996821165,19.152626998722553,19.152626998722553
2026-08-30T11:14:58.785Z,11120.223,500,6.9695350006222725,10.883772000670433,20.64903499931097,70.78180100023746,50,7.416154999285936,12.238561000674963,19.327847000211477,19.327847000211477
2026-08-30T11:15:08.785Z,11130.222,500,6.856504999101162,10.747163001447916,18.098137002438307,70.94138000160456,50,6.949074998497963,11.314361996948719,21.277315001934767,21.277315001934767
2026-08-30T11:15:18.785Z,11140.222,500,6.846994999796152,10.234912998974323,20.387015998363495,69.57679200172424,50,7.001435000449419,13.190840996801853,20.754874996840954,20.754874996840954
2026-08-30T11:15:28.785Z,11150.223,500,6.74269600212574,10.315462999045849,17.454277999699116,73.70936800166965,50,6.771634999662638,12.245602000504732,18.52896700054407,18.52896700054407
2026-08-30T11:15:38.785Z,11160.223,500,7.18928499892354,11.040141999721527,16.354687999933958,69.6406009979546,50,7.51061499863863,13.820000000298023,16.594467997550964,16.594467997550964
2026-08-30T11:15:48.785Z,11170.223,500,6.7959459982812405,10.26265300065279,19.8536159992218,70.28940099850297,50,6.953255999833345,11.387962996959686,22.951813999563456,22.951813999563456
2026-08-30T11:15:58.785Z,11180.222,500,6.7684650011360645,10.663153000175953,17.43452700227499,67.04598399996758,50,6.923165999352932,11.906971998512745,20.01433600112796,20.01433600112796
2026-08-30T11:16:08.785Z,11190.222,500,6.629805002361536,10.274573002010584,16.084048997610807,72.13366900011897,50,6.845494996756315,12.050800997763872,19.103245999664068,19.103245999664068
2026-08-30T11:16:18.785Z,11200.222,500,6.87423499673605,10.794541999697685,17.539788000285625,71.6380500011146,50,7.026875000447035,13.011861000210047,21.74498499929905,21.74498499929905
2026-08-30T11:16:28.785Z,11210.222,500,6.78413499891758,10.389462001621723,16.550379000604153,32.59032699838281,50,7.06394499912858,12.415152002125978,21.200215000659227,21.200215000659227
2026-08-30T11:16:38.784Z,11220.222,500,7.646924000233412,11.079981997609138,16.32948900014162,71.85991000011563,50,7.844045002013445,11.824742000550032,20.308906000107527,20.308906000107527
2026-08-30T11:16:48.785Z,11230.222,500,6.810936000198126,10.163272999227047,17.889038000255823,65.69718400016427,50,7.037756003439426,10.40812300145626,17.144888997077942,17.144888997077942
2026-08-30T11:16:58.784Z,11240.223,500,6.727634999901056,10.685342997312546,16.959727998822927,29.98376899957657,50,7.030975002795458,11.768332000821829,17.18977800011635,17.18977800011635
2026-08-30T11:17:08.784Z,11250.223,500,7.19641499966383,10.959901999682188,29.392039000988007,83.5565520003438,50,7.222935002297163,15.072680000215769,36.526204999536276,36.526204999536276
2026-08-30T11:17:18.784Z,11260.223,500,6.949835002422333,10.648322001099586,17.037737999111414,30.38892899826169,50,7.002224996685982,10.221953000873327,19.40241700038314,19.40241700038314
2026-08-30T11:17:28.786Z,11270.223,500,6.907584998756647,10.712353002279997,17.471958000212908,34.353356000036,50,7.17739500105381,12.426872000098228,19.914677001535892,19.914677001535892
2026-08-30T11:17:38.785Z,11280.222,500,6.992345999926329,11.28855200111866,18.01852699741721,35.37115500122309,50,7.286543998867273,11.884832002222538,23.800393998622894,23.800393998622894
2026-08-30T11:17:48.783Z,11290.222,500,6.930475000292063,10.528473000973463,16.026027999818325,32.35094700008631,50,7.0165450014173985,12.215921003371477,18.33882699906826,18.33882699906826
2026-08-30T11:17:58.784Z,11300.222,500,6.815264999866486,10.367402996867895,16.264368999749422,31.199707999825478,50,6.896306000649929,11.006562002003193,18.362987998872995,18.362987998872995
2026-08-30T11:18:08.784Z,11310.223,500,6.845675002783537,10.417532999068499,19.88511600345373,33.297517001628876,50,6.965224999934435,18.953786998987198,22.32871399819851,22.32871399819851
2026-08-30T11:18:18.783Z,11320.222,500,6.750535000115633,10.667913001030684,15.94963899999857,33.37720699980855,50,6.954265002161264,12.271112002432346,19.867316000163555,19.867316000163555
2026-08-30T11:18:28.783Z,11330.222,500,7.175984997302294,11.088493000715971,15.451248999685049,29.534928999841213,50,7.610424000769854,14.580559998750687,21.55612500011921,21.55612500011921
2026-08-30T11:18:38.785Z,11340.223,500,6.977724999189377,10.666542999446392,16.20330899953842,30.86727899685502,50,7.164154998958111,11.325341999530792,19.035807002335787,19.035807002335787
2026-08-30T11:18:48.784Z,11350.223,500,7.53965499997139,11.197361998260021,18.751327000558376,58.804469000548124,50,7.790884997695684,12.745560999959707,22.236604999750853,22.236604999750853
2026-08-30T11:18:58.786Z,11360.223,500,6.735124997794628,10.040972996503115,19.99175599962473,34.881485000252724,50,7.00577500090003,11.781402003020048,23.367714002728462,23.367714002728462
2026-08-30T11:19:08.784Z,11370.223,500,6.720975000411272,10.77777300029993,19.317625999450684,59.06251899898052,50,6.847725000232458,12.464441999793053,21.005835000425577,21.005835000425577
2026-08-30T11:19:18.784Z,11380.222,500,7.155774999409914,11.241312999278307,18.969276998192072,57.93375900015235,50,7.249804999679327,11.907722000032663,19.770946998149157,19.770946998149157
2026-08-30T11:19:28.785Z,11390.223,500,6.792064998298883,10.63375199958682,16.373879000544548,32.146097999066114,50,7.186344999819994,11.342551998794079,19.675905998796225,19.675905998796225
2026-08-30T11:19:38.785Z,11400.223,500,6.9194949977099895,11.150552000850439,28.62371999770403,73.07111999765038,50,6.959005001932383,12.299132000654936,23.09401400014758,23.09401400014758
2026-08-30T11:19:48.785Z,11410.222,500,6.70575499907136,10.120903000235558,18.370186999440193,32.04633799940348,50,7.003185000270605,11.484261997044086,22.60087400302291,22.60087400302291
2026-08-30T11:19:58.784Z,11420.223,500,6.7202059999108315,10.859501998871565,19.055247001349926,35.014306001365185,50,6.76681599766016,11.696212001144886,20.703235000371933,20.703235000371933
2026-08-30T11:20:08.784Z,11430.223,500,7.097874999046326,10.832242999225855,16.306827999651432,32.32789700105786,50,7.321775000542402,13.462080001831055,32.57967700064182,32.57967700064182
2026-08-30T11:20:18.786Z,11440.223,500,6.826995000243187,10.132022999227047,20.52123599871993,74.05722800269723,50,7.171245001256466,12.209521003067493,22.636193998157978,22.636193998157978
2026-08-30T11:20:28.785Z,11450.223,500,6.652334999293089,10.519992999732494,22.163763999938965,48.40177600085735,50,6.88417499884963,11.954252000898123,31.609928000718355,31.609928000718355
2026-08-30T11:20:38.784Z,11460.223,500,6.923314999789,10.803391996771097,19.88002599775791,61.18969799950719,50,7.150174997746944,11.778152000159025,22.507513999938965,22.507513999938965
2026-08-30T11:20:48.784Z,11470.223,500,7.086014997214079,11.03023199737072,14.237749997526407,31.716227997094393,50,7.931115001440048,12.426991000771523,19.08890699967742,19.08890699967742
2026-08-30T11:20:58.784Z,11480.222,500,6.785735998302698,10.553802996873856,17.64232800155878,59.45016900077462,50,7.0322050005197525,16.304299000650644,21.622735001146793,21.622735001146793
2026-08-30T11:21:08.785Z,11490.223,500,6.845414999872446,10.65905200317502,15.465409003198147,31.51926900073886,50,6.911544997245073,11.948901999741793,16.67628799751401,16.67628799751401
2026-08-30T11:21:18.786Z,11500.223,500,6.850214999169111,10.099252998828888,14.193160999566317,31.097628001123667,50,7.14911499992013,12.33755199983716,19.907896000891924,19.907896000891924
2026-08-30T11:21:28.785Z,11510.224,500,6.772615000605583,10.8068119995296,20.366135999560356,35.52261499688029,50,6.956195000559092,12.025031000375748,22.471993997693062,22.471993997693062
2026-08-30T11:21:38.787Z,11520.224,500,6.852014999836683,10.7285219989717,16.223358999937773,29.57193899899721,50,7.292405001819134,12.041501998901367,17.091837998479605,17.091837998479605
2026-08-30T11:21:48.785Z,11530.223,500,6.84043500199914,10.997341997921467,16.408559001982212,33.022286999970675,50,6.980275001376867,11.94413199648261,21.746054999530315,21.746054999530315
2026-08-30T11:21:58.785Z,11540.223,500,6.943305000662804,10.818903002887964,17.932176999747753,58.67142900079489,50,7.4156039990484715,12.354581002146006,18.764316998422146,18.764316998422146
2026-08-30T11:22:08.785Z,11550.223,500,6.675075002014637,9.939933001995087,16.665548000484705,32.76749699935317,50,6.896095000207424,12.266241997480392,19.393796999007463,19.393796999007463
2026-08-30T11:22:18.785Z,11560.224,500,6.961844999343157,10.848301999270916,15.75390900298953,34.065847001969814,50,7.130644999444485,12.541290998458862,23.48326399922371,23.48326399922371
2026-08-30T11:22:28.785Z,11570.224,500,6.688595000654459,10.552492000162601,19.575775999575853,33.019487001001835,50,6.972915001213551,12.02794099971652,22.717284001410007,22.717284001410007
2026-08-30T11:22:38.787Z,11580.224,500,6.814786002039909,10.310762997716665,20.46493599936366,35.31095499917865,50,7.087145999073982,11.960902001708746,21.05622499808669,21.05622499808669
2026-08-30T11:22:48.787Z,11590.223,500,6.792135000228882,10.500841997563839,19.25909599661827,59.62449900060892,50,7.253084000200033,11.743532001972198,22.564323998987675,22.564323998987675
2026-08-30T11:22:58.786Z,11600.223,500,6.782645002007484,10.672713000327349,19.72538600116968,61.5120370015502,50,7.097495000809431,12.649932000786066,21.937904000282288,21.937904000282288
2026-08-30T11:23:08.785Z,11610.223,500,6.8422849997878075,10.789952002465725,18.766496997326612,31.981618002057076,50,7.245274998247623,12.034081999212503,18.993396997451782,18.993396997451782
2026-08-30T11:23:18.785Z,11620.224,500,7.78778500109911,10.992291998118162,15.995848998427391,29.706309001892805,50,7.973345000296831,11.490092001855373,19.841525997966528,19.841525997966528
2026-08-30T11:23:28.784Z,11630.223,500,7.791175000369549,11.149823002517223,18.901356998831034,34.70439599826932,50,7.991604000329971,12.3695710003376,22.52665499970317,22.52665499970317
2026-08-30T11:23:38.787Z,11640.223,500,6.907855000346899,10.883501999080181,20.07337599992752,62.46656600013375,50,7.139314997941256,17.089978002011776,21.670965000987053,21.670965000987053
2026-08-30T11:23:48.787Z,11650.224,500,6.793675001710653,10.869672000408173,16.329778999090195,31.585797999054193,50,7.1680249981582165,12.016371998935938,16.63476900011301,16.63476900011301
2026-08-30T11:23:58.785Z,11660.223,500,6.894406002014875,10.685162000358105,17.773997999727726,31.770737998187542,50,7.2022750005126,18.050457999110222,21.799995001405478,21.799995001405478
2026-08-30T11:24:08.785Z,11670.223,500,6.9875550009310246,10.876072999089956,15.693408999592066,57.125050000846386,50,7.260475002229214,12.072762001305819,19.50788699835539,19.50788699835539
2026-08-30T11:24:18.785Z,11680.223,500,6.755215000361204,10.017813000828028,17.157667998224497,32.718798000365496,50,7.053175002336502,11.981122002005577,22.382074002176523,22.382074002176523
2026-08-30T11:24:28.787Z,11690.224,500,7.142684999853373,11.060852002352476,17.72944699972868,31.81384800001979,50,7.289414998143911,11.652302000671625,18.527027998119593,18.527027998119593
2026-08-30T11:24:38.787Z,11700.224,500,6.863885998725891,10.932863000780344,15.950089000165462,31.823667999356985,50,7.364314999431372,12.153032001107931,18.32743800058961,18.32743800058961
2026-08-30T11:24:48.788Z,11710.225,500,6.856465000659227,10.780093003064394,20.055845998227596,34.60256600007415,50,7.435234002768993,18.80393699929118,21.760405000299215,21.760405000299215
2026-08-30T11:24:58.786Z,11720.225,500,6.995335999876261,11.02233200147748,20.162386000156403,36.57251499965787,50,7.087345000356436,12.108711000531912,26.464221999049187,26.464221999049187
2026-08-30T11:25:08.788Z,11730.225,500,6.834125000983477,10.27811300009489,20.49302599951625,35.127346001565456,50,6.912124998867512,12.373400997370481,23.664094001054764,23.664094001054764
2026-08-30T11:25:18.787Z,11740.226,500,6.922435998916626,10.684933003038168,20.246535997837782,36.5386140011251,50,7.38620500266552,22.06240399926901,23.941293999552727,23.941293999552727
2026-08-30T11:25:28.788Z,11750.225,500,6.7205450013279915,10.73599299788475,16.83558899909258,59.331309001892805,50,7.197344999760389,12.542572002857924,18.746297001838684,18.746297001838684
2026-08-30T11:25:38.788Z,11760.226,500,6.74252500012517,11.068092998117208,19.988506000488997,34.191277001053095,50,7.118964999914169,12.413481999188662,22.248114999383688,22.248114999383688
2026-08-30T11:25:48.786Z,11770.225,500,6.744445998221636,10.626792997121811,21.19446500018239,60.53336800262332,50,6.994125999510288,12.49235199764371,18.88840700313449,18.88840700313449
2026-08-30T11:25:58.788Z,11780.226,500,6.696056000888348,10.004742998629808,16.91644899919629,34.32134599983692,50,6.901255000382662,11.852301999926567,21.646425001323223,21.646425001323223
2026-08-30T11:26:08.788Z,11790.225,500,6.79704600200057,10.88587300106883,15.751689001917839,32.388787001371384,50,7.2484349980950356,12.537342000752687,19.592946998775005,19.592946998775005
2026-08-30T11:26:18.788Z,11800.225,500,6.708544999361038,10.240563001483679,17.246468000113964,34.008196998387575,50,6.930695999413729,12.534761000424623,21.566445000469685,21.566445000469685
2026-08-30T11:26:28.788Z,11810.225,500,6.7636949978768826,10.487992998212576,18.166056998074055,32.88180699944496,50,7.01129499822855,11.963171001523733,33.136686999350786,33.136686999350786
2026-08-30T11:26:38.787Z,11820.226,500,7.489435002207756,11.197041999548674,18.890257000923157,57.68061999976635,50,8.07769399881363,12.140392001718283,19.141947001218796,19.141947001218796
2026-08-30T11:26:48.786Z,11830.225,501,4.452186997979879,10.700093001127243,13.00348100066185,54.241981998085976,51,6.057805001735687,11.803931999951601,12.01953199878335,12.01953199878335
2026-08-30T11:26:58.786Z,11840.225,500,3.748946998268366,6.805405002087355,9.058134000748396,55.07074199989438,50,4.084417998790741,12.284361001104116,13.023830998688936,13.023830998688936
2026-08-30T11:27:08.786Z,11850.225,500,3.70405799895525,6.877905000001192,9.6207529976964,28.213961001485586,50,4.633106000721455,11.991011999547482,12.137130998075008,12.137130998075008
2026-08-30T11:27:18.785Z,11860.225,500,3.70405799895525,6.761255998164415,8.930723000317812,24.11047299951315,50,4.542696997523308,11.842280998826027,13.171240996569395,13.171240996569395
2026-08-30T11:27:28.786Z,11870.225,500,3.7516570016741753,6.867725998163223,9.995043002068996,26.603371001780033,50,4.311125997453928,12.095012001693249,13.160021003335714,13.160021003335714
2026-08-30T11:27:38.786Z,11880.225,500,3.68639700114727,6.745134998112917,11.077511999756098,54.870191998779774,50,4.32464699819684,12.218051999807358,12.953251000493765,12.953251000493765
2026-08-30T11:27:48.786Z,11890.226,500,3.7968770004808903,6.814306002110243,7.957604996860027,26.997912000864744,50,4.132526997476816,12.165741000324488,13.152490999549627,13.152490999549627
2026-08-30T11:27:58.786Z,11900.225,500,3.727128002792597,6.806765999644995,11.644071999937296,54.981370996683836,50,4.090167999267578,11.909621998667717,12.991311002522707,12.991311002522707
2026-08-30T11:28:08.786Z,11910.225,500,3.725687000900507,6.76613499969244,8.9573739990592,23.716984000056982,50,4.031647000461817,12.001910999417305,13.495981000363827,13.495981000363827
2026-08-30T11:28:18.786Z,11920.226,500,3.696137998253107,6.740864999592304,10.119131997227669,54.90463199838996,50,4.029846999794245,11.931191999465227,13.274771001189947,13.274771001189947
2026-08-30T11:28:28.786Z,11930.226,500,3.714206997305155,6.854595001786947,9.295723002403975,25.331891998648643,50,4.197397001087666,11.883331000804901,12.048072002828121,12.048072002828121
2026-08-30T11:28:38.786Z,11940.225,500,3.7278370000422,6.974625002592802,10.419041998684406,54.079272996634245,49,4.164776999503374,12.097332000732422,13.872579999268055,13.872579999268055
2026-08-30T11:28:48.786Z,11950.225,500,3.7018570005893707,6.752525996416807,8.680974002927542,31.00042900070548,51,4.326367001980543,12.203432001173496,13.637871000915766,13.637871000915766
2026-08-30T11:28:58.786Z,11960.226,500,3.8443379998207092,6.983286000788212,11.296742998063564,55.13959499821067,50,4.177147001028061,12.237471997737885,13.391661997884512,13.391661997884512
2026-08-30T11:29:08.786Z,11970.225,500,3.736657999455929,6.805134996771812,9.618914000689983,28.69336200132966,50,4.038066998124123,12.088381998240948,12.945282001048326,12.945282001048326
2026-08-30T11:29:18.786Z,11980.225,500,3.795626997947693,6.810336001217365,10.50738300010562,55.87303499877453,49,4.083227999508381,12.151641998440027,13.707690998911858,13.707690998911858
2026-08-30T11:29:28.786Z,11990.226,500,3.717686999589205,6.791496001183987,9.890893999487162,25.061243999749422,51,4.068367000669241,11.879092000424862,13.598551999777555,13.598551999777555
2026-08-30T11:29:38.787Z,12000.227,500,3.736047998070717,6.865775000303984,10.011452998965979,47.84663999825716,50,4.006378002464771,12.088862001895905,34.174708999693394,34.174708999693394
2026-08-30T11:29:48.787Z,12010.227,500,3.769708000123501,6.808295998722315,9.787553999572992,55.242325000464916,50,4.112238001078367,12.074772000312805,12.933351997286081,12.933351997286081
2026-08-30T11:29:58.787Z,12020.227,500,3.7243980020284653,6.775205999612808,8.84850500151515,25.729063998907804,50,3.9930370002985,5.990455999970436,13.938442002981901,13.938442002981901
2026-08-30T11:30:08.787Z,12030.226,500,3.7347280010581017,6.758786000311375,10.668623000383377,56.24670399725437,50,3.9853280000388622,11.927103001624346,14.004002001136541,14.004002001136541
2026-08-30T11:30:18.787Z,12040.227,500,3.686168000102043,6.770255997776985,9.458243999630213,55.661124996840954,50,3.9435580000281334,11.871041998267174,12.701462000608444,12.701462000608444
2026-08-30T11:30:28.787Z,12050.227,500,3.7272880002856255,6.793375998735428,9.194284997880459,24.77905500307679,50,4.00466800108552,11.86252299696207,12.068172998726368,12.068172998726368
2026-08-30T11:30:38.788Z,12060.227,500,3.722968000918627,6.80366599932313,9.198614999651909,25.502264000475407,50,3.993647001683712,11.926052998751402,13.568350996822119,13.568350996822119
2026-08-30T11:30:48.788Z,12070.228,500,3.792766999453306,6.829834997653961,8.153415001928806,24.461125001311302,50,4.074478000402451,12.215581998229027,13.110531002283096,13.110531002283096
2026-08-30T11:30:58.789Z,12080.229,500,3.7408779971301556,6.778076000511646,9.950764000415802,54.813816003501415,50,4.102678000926971,12.303381998091936,22.247945997864008,22.247945997864008
2026-08-30T11:31:08.788Z,12090.228,500,3.7341079972684383,6.781876001507044,8.798054996877909,25.228153999894857,50,4.058178000152111,12.058102000504732,12.150833003222942,12.150833003222942
2026-08-30T11:31:18.789Z,12100.229,500,3.762498002499342,6.8160350024700165,9.478374000638723,24.362874999642372,50,4.02496699988842,11.15862300246954,12.010642997920513,12.010642997920513
2026-08-30T11:31:28.789Z,12110.228,500,3.752647001296282,6.747205998748541,7.896455001085997,24.50195400044322,50,4.035518001765013,12.06122199818492,12.292061999440193,12.292061999440193
2026-08-30T11:31:38.789Z,12120.228,500,3.7984570004045963,6.8338760025799274,10.950642999261618,56.01548499986529,50,4.180776998400688,11.960812002420425,12.127921998500824,12.127921998500824
2026-08-30T11:31:48.788Z,12130.228,500,3.745466999709606,6.823274999856949,8.927345000207424,54.94944600015879,50,4.054526999592781,12.197323001921177,13.325602002441883,13.325602002441883
2026-08-30T11:31:58.789Z,12140.228,500,3.8051070012152195,6.7928860001266,7.928004998713732,24.950774002820253,50,4.106458000838757,12.232183001935482,13.813161000609398,13.813161000609398
2026-08-30T11:32:08.789Z,12150.229,500,3.750528000295162,6.899415999650955,9.943923998624086,54.080127000808716,50,4.145926997065544,12.226741999387741,14.262671999633312,14.262671999633312
2026-08-30T11:32:18.789Z,12160.228,500,3.7553279995918274,6.826386000961065,8.781405001878738,24.909164998680353,50,3.9833679981529713,12.066763002425432,12.26614299789071,12.26614299789071
2026-08-30T11:32:28.789Z,12170.229,500,3.753787998110056,6.844905000180006,8.985445000231266,24.069004997611046,50,4.09485699981451,12.152901999652386,12.962881997227669,12.962881997227669
2026-08-30T11:32:38.790Z,12180.229,500,3.748438000679016,6.8112049996852875,7.570115000009537,23.479336000978947,50,4.114117000252008,11.923701997846365,12.20024299994111,12.20024299994111
2026-08-30T11:32:48.822Z,12190.229,429,3.8544280007481575,516.5248179994524,877.3464329987764,1129.4591649994254,43,4.21849799901247,719.1534209996462,864.1886310018599,864.1886310018599
2026-08-30T11:32:58.814Z,12200.23,239,470.3134870007634,897.3213399983943,1038.7187720015645,1102.7756020016968,24,625.6481200009584,994.7111589983106,1172.3029690012336,1172.3029690012336
2026-08-30T11:33:08.831Z,12210.257,398,276.22666700184345,677.5560769997537,921.838194001466,1127.3178060017526,39,337.47826899960637,692.3709179982543,747.4675530008972,747.4675530008972
2026-08-30T11:33:18.820Z,12220.258,844,85.36780700087547,416.90444000065327,563.815028000623,769.7511599995196,85,86.0686360001564,453.3983470015228,663.028395999223,663.028395999223
2026-08-30T11:33:28.818Z,12230.257,591,7.240894999355078,77.51771200075746,122.66709300130606,147.07395799830556,59,7.081675998866558,85.64120600000024,124.32473200187087,124.32473200187087
2026-08-30T11:33:38.818Z,12240.257,500,6.846866000443697,10.266124002635479,18.46925900131464,57.15065399929881,50,6.992136001586914,15.869550000876188,18.994117997586727,18.994117997586727
2026-08-30T11:33:48.820Z,12250.257,500,6.739365998655558,10.114654000848532,18.846657998859882,57.761344000697136,50,6.883995000272989,16.154020000249147,21.344787001609802,21.344787001609802
2026-08-30T11:33:58.819Z,12260.258,500,7.00509599968791,10.873164001852274,16.31973000243306,32.71832999959588,50,7.203894998878241,12.090371999889612,19.445358000695705,19.445358000695705
2026-08-30T11:34:08.820Z,12270.258,500,7.000836003571749,11.040272999554873,17.448918998241425,57.42988399788737,50,7.107875999063253,15.977940000593662,21.899925999343395,21.899925999343395
2026-08-30T11:34:18.819Z,12280.257,500,7.3144650012254715,11.022213000804186,21.629177000373602,56.544545002281666,50,7.470235999673605,12.105401996523142,22.923725999891758,22.923725999891758
2026-08-30T11:34:28.818Z,12290.257,500,6.721315998584032,10.195032998919487,16.960540000349283,31.561530999839306,50,6.848615001887083,11.795912999659777,21.64044599980116,21.64044599980116
2026-08-30T11:34:38.819Z,12300.258,500,6.69259599968791,10.569582998752594,18.159529000520706,60.88206199929118,50,6.813825998455286,11.652403000742197,22.953334998339415,22.953334998339415
2026-08-30T11:34:48.820Z,12310.257,500,6.672795999795198,10.294183999300003,15.431329999119043,31.01215000078082,50,6.907385997474194,11.995382998138666,16.755379002541304,16.755379002541304
2026-08-30T11:34:58.819Z,12320.257,500,6.708885997533798,10.692562997341156,20.84460699930787,63.64801000058651,50,6.900696001946926,19.23257800191641,21.753355998545885,21.753355998545885
2026-08-30T11:35:08.818Z,12330.257,500,6.628696002066135,9.84145400300622,20.168277997523546,60.374711997807026,50,6.648995999246836,11.50823299959302,20.10529799759388,20.10529799759388
2026-08-30T11:35:18.818Z,12340.257,500,6.592076003551483,9.911793999373913,16.91220000013709,58.583863999694586,50,6.7652559988200665,11.839003000408411,22.71304599940777,22.71304599940777
2026-08-30T11:35:28.818Z,12350.257,500,6.671435996890068,10.164243001490831,15.568240001797676,32.65639000013471,50,6.853316001594067,15.672120001167059,18.30925900116563,18.30925900116563
2026-08-30T11:35:38.819Z,12360.258,500,6.740635998547077,10.77861300110817,16.217969000339508,57.300473999232054,50,6.7934249974787235,11.644073002040386,15.944709997624159,15.944709997624159
2026-08-30T11:35:48.818Z,12370.257,500,6.697826001793146,9.863803997635841,18.294358000159264,58.938133001327515,50,6.828675001859665,11.857323002070189,22.595065999776125,22.595065999776125
2026-08-30T11:35:58.820Z,12380.258,500,6.675735998898745,10.203343000262976,19.784188002347946,32.289279997348785,50,6.7470260001719,11.560653001070023,20.036497998982668,20.036497998982668
2026-08-30T11:36:08.819Z,12390.258,500,6.864294998347759,10.634302999824286,17.97894899919629,60.20897300168872,50,6.930906001478434,12.190271999686956,23.229385998100042,23.229385998100042
2026-08-30T11:36:18.820Z,12400.259,500,7.036885000765324,10.806972999125719,17.63050900027156,60.426502000540495,50,7.063545998185873,11.512272998690605,19.946786999702454,19.946786999702454
2026-08-30T11:36:28.822Z,12410.259,500,6.846695002168417,10.788933999836445,18.12311900034547,61.18861199915409,50,6.813496001064777,11.811523001641035,18.383429002016783,18.383429002016783
2026-08-30T11:36:38.821Z,12420.259,500,6.833466000854969,10.613302998244762,21.533355999737978,56.49208499863744,50,7.016086000949144,16.510419998317957,24.566174998879433,24.566174998879433
2026-08-30T11:36:48.820Z,12430.259,500,6.790805999189615,10.16542400047183,15.779091000556946,33.83949799835682,50,6.768095999956131,13.089021999388933,24.292475000023842,24.292475000023842
2026-08-30T11:36:58.820Z,12440.259,500,6.789625998586416,10.134874001145363,16.84373899921775,33.32345899939537,50,6.879686001688242,13.443932000547647,22.236855998635292,22.236855998635292
2026-08-30T11:37:08.822Z,12450.259,500,6.890815999358892,10.679193999618292,15.100891001522541,33.244098998606205,50,7.017414998263121,11.827151998877525,21.884066000580788,21.884066000580788
2026-08-30T11:37:18.822Z,12460.26,500,6.555395998060703,9.784933999180794,18.4383490011096,57.83730399981141,50,6.6431760005652905,12.213472999632359,18.17338900268078,18.17338900268078
2026-08-30T11:37:28.822Z,12470.26,500,6.7396850027143955,10.441362999379635,15.63001000136137,58.436533998697996,50,6.778316002339125,12.191853001713753,24.30996500328183,24.30996500328183
2026-08-30T11:37:38.820Z,12480.259,500,6.822615999728441,10.746733002364635,19.88654699921608,32.547169998288155,50,6.991886001080275,11.927113000303507,20.11386699974537,20.11386699974537
2026-08-30T11:37:48.820Z,12490.259,500,6.740775998681784,10.52929400280118,16.903919000178576,60.48030199855566,50,6.87958599999547,16.051699999719858,22.447046000510454,22.447046000510454
2026-08-30T11:37:58.822Z,12500.26,500,7.080935001373291,10.781553000211716,18.331499002873898,60.65252299979329,50,7.278206001967192,12.030512001365423,19.875637996941805,19.875637996941805
2026-08-30T11:38:08.823Z,12510.26,500,6.7203859984874725,10.194663003087044,17.710209000855684,57.993923999369144,50,6.8923350013792515,11.834642000496387,18.853368997573853,18.853368997573853
2026-08-30T11:38:18.823Z,12520.261,500,6.805746000260115,10.046303998678923,21.570606999099255,61.71491199731827,50,6.912525996565819,11.734873000532389,23.71517600119114,23.71517600119114
2026-08-30T11:38:28.822Z,12530.261,500,6.901455998420715,10.69353300333023,20.03429799899459,61.484751999378204,50,6.947236001491547,10.58067299798131,23.140666000545025,23.140666000545025
2026-08-30T11:38:38.825Z,12540.262,500,6.763535998761654,10.775423001497984,18.677328001707792,59.71265299990773,50,6.886625003069639,11.83823299780488,19.999598000198603,19.999598000198603
2026-08-30T11:38:48.824Z,12550.261,500,6.782616000622511,10.867382999509573,20.163616999983788,63.43010099977255,50,6.917045000940561,11.553153000772,23.545645002275705,23.545645002275705
2026-08-30T11:38:58.824Z,12560.261,500,6.865465998649597,10.703623000532389,20.57259700074792,61.27930200099945,50,6.901976000517607,11.975751999765635,18.01229800283909,18.01229800283909
2026-08-30T11:39:08.824Z,12570.262,500,6.742926001548767,10.45338299870491,17.087069001048803,59.407232999801636,50,6.941165000200272,11.831791996955872,18.35970899835229,18.35970899835229
2026-08-30T11:39:18.824Z,12580.261,500,6.786615002900362,10.788563001900911,19.24845799803734,62.00749099999666,50,6.9032159969210625,11.635563001036644,21.25415699928999,21.25415699928999
2026-08-30T11:39:28.824Z,12590.262,500,6.94276500120759,10.825673002749681,16.516849998384714,29.777701001614332,50,6.955276001244783,16.66177900135517,22.28905599936843,22.28905599936843
2026-08-30T11:39:38.823Z,12600.261,500,6.6949160024523735,10.60258399695158,23.794215999543667,62.08756100013852,50,6.812006000429392,11.815032999962568,23.98733499646187,23.98733499646187
2026-08-30T11:39:48.824Z,12610.262,500,6.71068599820137,10.768412999808788,34.6246690005064,83.38624799996614,50,6.66567500308156,19.935138002038002,71.66136500239372,71.66136500239372
2026-08-30T11:39:58.824Z,12620.262,500,7.096905998885632,11.027143001556396,19.460318002849817,61.66644199937582,50,6.958885997533798,10.441612999886274,23.390225000679493,23.390225000679493
2026-08-30T11:40:08.824Z,12630.261,500,7.310685999691486,10.892253998667002,18.83399799838662,57.89705399796367,50,7.17637500166893,9.078494999557734,19.65208800137043,19.65208800137043
2026-08-30T11:40:18.824Z,12640.261,500,6.725016001611948,10.887132998555899,19.71264800056815,62.977030999958515,50,6.858934998512268,10.986972998827696,19.96671799942851,19.96671799942851
2026-08-30T11:40:28.824Z,12650.261,500,6.610515002161264,9.988404002040625,17.82354899868369,59.00315300002694,50,6.691465999931097,8.503683999180794,15.161150999367237,15.161150999367237
2026-08-30T11:40:38.824Z,12660.261,500,6.628714997321367,10.000293999910355,17.60700900107622,59.22513299807906,50,6.735005997121334,14.60530100017786,21.845165997743607,21.845165997743607
2026-08-30T11:40:48.824Z,12670.261,500,6.574514999985695,10.21204299852252,18.20033799856901,63.239250000566244,50,6.665936000645161,13.815060999244452,18.831997998058796,18.831997998058796
2026-08-30T11:40:58.824Z,12680.262,500,6.82727600261569,10.606703996658325,21.5879670009017,59.61692200228572,50,6.828015998005867,10.769743002951145,24.923254001885653,24.923254001885653
2026-08-30T11:41:08.825Z,12690.262,500,6.649275999516249,10.604414001107216,17.35103899985552,58.686023999005556,50,6.704126000404358,8.490304999053478,17.601068999618292,17.601068999618292
2026-08-30T11:41:18.824Z,12700.262,500,6.611896000802517,10.009153999388218,17.835409000515938,59.81860300153494,50,6.742076002061367,10.179843001067638,19.184388000518084,19.184388000518084
2026-08-30T11:41:28.824Z,12710.261,500,6.678316000849009,10.302704002708197,17.29745899885893,65.32156899943948,50,6.827505998313427,8.41771500185132,19.950346998870373,19.950346998870373
2026-08-30T11:41:38.824Z,12720.262,500,7.422334998846054,10.930314000695944,18.10197899863124,63.37752100080252,50,7.16660600155592,10.615194000303745,18.040979001671076,18.040979001671076
2026-08-30T11:41:48.825Z,12730.262,500,6.819165997207165,10.24185299873352,17.25883999839425,61.65666200220585,50,6.890945997089148,9.111135002225637,17.72248899936676,17.72248899936676
2026-08-30T11:41:58.825Z,12740.262,500,6.739585999399424,10.639343000948429,19.162828002125025,62.263541001826525,50,6.865125998854637,10.126513998955488,19.169948000460863,19.169948000460863
2026-08-30T11:42:08.825Z,12750.263,500,6.6762860007584095,10.735553000122309,18.777367997914553,66.18475800007582,50,6.744025997817516,9.566343996673822,23.644655998796225,23.644655998796225
2026-08-30T11:42:18.825Z,12760.262,500,6.8939759992063046,10.399273000657558,18.20041899755597,60.48693300038576,50,6.906495999544859,8.58330400288105,18.803478002548218,18.803478002548218
2026-08-30T11:42:28.825Z,12770.262,500,7.236285001039505,11.039302997291088,18.934728000313044,62.729151003062725,50,7.2563560009002686,10.556432999670506,19.44557799771428,19.44557799771428
2026-08-30T11:42:38.824Z,12780.263,500,7.244416002184153,11.271092999726534,21.192125998437405,68.00775700062513,50,7.105314999818802,14.074371002614498,23.562725000083447,23.562725000083447
2026-08-30T11:42:48.823Z,12790.262,500,7.071565996855497,11.018063001334667,17.643488001078367,60.987991999834776,50,7.060994997620583,10.272813998162746,17.897798001766205,17.897798001766205
2026-08-30T11:42:58.825Z,12800.262,500,6.859916001558304,10.747763000428677,18.631128001958132,63.492320001125336,50,6.97129499912262,8.899774998426437,23.735024999827147,23.735024999827147
2026-08-30T11:43:08.823Z,12810.262,500,7.103835999965668,11.112153001129627,18.477217998355627,66.5438079982996,50,7.253984998911619,15.398850999772549,21.620795998722315,21.620795998722315
2026-08-30T11:43:18.825Z,12820.262,500,6.753725998103619,10.203583996742964,18.604039002209902,64.12498999759555,50,6.865015000104904,8.607215002179146,23.044706001877785,23.044706001877785
2026-08-30T11:43:28.825Z,12830.263,500,6.766465999186039,10.953412998467684,18.183747999370098,63.87735999748111,50,6.7424960024654865,15.005830999463797,21.92067600041628,21.92067600041628
2026-08-30T11:43:38.824Z,12840.262,500,6.817575998604298,10.353842999786139,21.11710700020194,64.75292000174522,50,6.9672949984669685,10.471662998199463,23.541835997253656,23.541835997253656
2026-08-30T11:43:48.824Z,12850.263,500,6.7983159981667995,10.99907299876213,18.226579003036022,63.79984000325203,50,6.82039600238204,16.81692000105977,21.328057002276182,21.328057002276182
2026-08-30T11:43:58.824Z,12860.263,500,7.02836599946022,10.99890299886465,15.09595999866724,31.561710000038147,50,7.071186002343893,10.891153000295162,18.854217998683453,18.854217998683453
2026-08-30T11:44:08.823Z,12870.263,500,6.929205998778343,10.7842230014503,18.36668900027871,67.01711799949408,50,7.05052600055933,8.863924000412226,18.717498000711203,18.717498000711203
2026-08-30T11:44:18.824Z,12880.262,500,7.577426001429558,11.245862998068333,16.992979001253843,66.30002899840474,50,7.253895998001099,8.777055002748966,16.488910000771284,16.488910000771284
2026-08-30T11:44:28.825Z,12890.263,500,7.112786002457142,10.94438300281763,17.439299002289772,67.42015800252557,50,7.197834998369217,11.208712000399828,19.477106999605894,19.477106999605894
2026-08-30T11:44:38.826Z,12900.263,500,7.226075001060963,10.992322999984026,18.385318998247385,69.92592700198293,50,7.213194999843836,9.092043999582529,18.75924799963832,18.75924799963832
2026-08-30T11:44:48.825Z,12910.262,500,6.922906000167131,10.783732999116182,17.68978899717331,67.56973800063133,50,7.0114949978888035,14.489711001515388,22.324425999075174,22.324425999075174
2026-08-30T11:44:58.825Z,12920.262,500,6.775325000286102,9.980543997138739,18.072558999061584,68.07614799961448,50,6.869715999811888,8.479125000536442,18.33550899848342,18.33550899848342
2026-08-30T11:45:08.824Z,12930.263,500,7.006905000656843,10.981173001229763,17.459118999540806,66.96907800063491,50,6.951865002512932,15.377860002219677,21.246206998825073,21.246206998825073
2026-08-30T11:45:18.825Z,12940.263,500,7.793766003102064,11.105573002249002,17.730188999325037,67.41708800196648,50,7.406114999204874,10.556223001331091,17.9521090015769,17.9521090015769
2026-08-30T11:45:28.825Z,12950.262,500,7.06997599825263,10.864153999835253,20.078868001699448,69.35549600049853,50,7.079025000333786,8.853645000606775,20.452258002012968,20.452258002012968
2026-08-30T11:45:38.825Z,12960.263,500,7.020385999232531,11.069163002073765,17.50779899954796,66.58059899881482,50,7.150465000420809,9.928313001990318,19.20210799947381,19.20210799947381
2026-08-30T11:45:48.825Z,12970.262,500,6.856855001300573,10.841974001377821,19.73735800012946,70.42276600003242,50,6.9222359992563725,10.544433999806643,19.412498001009226,19.412498001009226
2026-08-30T11:45:58.824Z,12980.262,500,6.830445002764463,10.352083999663591,18.517427999526262,66.35628800094128,50,6.925565999001265,18.53208800032735,30.640220999717712,30.640220999717712
2026-08-30T11:46:08.825Z,12990.262,500,7.061844997107983,10.89342300221324,18.029488999396563,67.62992700189352,50,7.102515000849962,10.867412999272346,18.667488001286983,18.667488001286983
2026-08-30T11:46:18.826Z,13000.262,500,6.724582001566887,10.200562998652458,19.78686599805951,70.46910199895501,50,6.884266000241041,8.4362250007689,20.44538700208068,20.44538700208068
2026-08-30T11:46:28.824Z,13010.262,500,6.821761999279261,10.982303999364376,20.923197001218796,66.31476100161672,50,6.940073002129793,8.952813003212214,27.671057999134064,27.671057999134064
2026-08-30T11:46:38.825Z,13020.262,500,6.856171999126673,10.300073999911547,19.788685999810696,69.46630199998617,50,6.839001998305321,9.199142999947071,20.445777002722025,20.445777002722025
2026-08-30T11:46:48.824Z,13030.263,500,7.027721997350454,10.85860300064087,16.94761599972844,67.10660200193524,50,7.096142001450062,9.078343000262976,19.449066001921892,19.449066001921892
2026-08-30T11:46:58.825Z,13040.262,500,7.960692998021841,11.473534002900124,19.30104599893093,66.76875200122595,50,7.541402999311686,10.984692998230457,19.541825998574495,19.541825998574495
2026-08-30T11:47:08.826Z,13050.262,500,7.11863199993968,11.114113997668028,17.285955999046564,69.10695200040936,50,7.043081998825073,16.915955003350973,21.70270700007677,21.70270700007677
2026-08-30T11:47:18.825Z,13060.262,500,6.949381999671459,10.521473001688719,17.3333160020411,67.89042299985886,50,7.013012997806072,14.450604997575283,22.993767999112606,22.993767999112606
2026-08-30T11:47:28.825Z,13070.263,500,6.896362002938986,10.632323998957872,18.097945999354124,67.24017199873924,50,6.978021997958422,8.771442998200655,22.744357001036406,22.744357001036406
2026-08-30T11:47:38.825Z,13080.262,500,6.984992001205683,10.883512999862432,18.569756001234055,67.40083200111985,50,6.96917200088501,9.410062998533249,18.78515600040555,18.78515600040555
2026-08-30T11:47:48.825Z,13090.263,500,6.933571998029947,10.106732998043299,16.82972500100732,67.21357199922204,50,7.044193003326654,10.382403001189232,21.168276999145746,21.168276999145746
2026-08-30T11:47:58.823Z,13100.262,500,6.893072001636028,10.893952999264002,20.145176000893116,69.05324300006032,50,6.960721999406815,15.093713998794556,21.84740699827671,21.84740699827671
2026-08-30T11:48:08.825Z,13110.262,500,6.7590120024979115,10.127902999520302,16.80962600186467,67.12672099843621,50,6.820892002433538,10.34978299960494,20.08017699792981,20.08017699792981
2026-08-30T11:48:18.825Z,13120.262,500,6.953102000057697,10.975663997232914,17.767064999789,68.20207199826837,50,6.872202001512051,9.184452999383211,18.01996499672532,18.01996499672532
2026-08-30T11:48:28.823Z,13130.262,500,4.053031001240015,9.813723001629114,12.43113399669528,63.04961999878287,50,5.660792000591755,8.317452002316713,8.415323000401258,8.415323000401258
2026-08-30T11:48:38.823Z,13140.263,500,3.7028509974479675,6.8325619995594025,9.45448300242424,64.54663100093603,50,5.273002002388239,7.053402002900839,7.25492200255394,7.25492200255394
2026-08-30T11:48:48.823Z,13150.262,500,3.722162000834942,6.822672002017498,9.915263999253511,69.55315199866891,50,4.970760997384787,7.000323001295328,7.8623619973659515,7.8623619973659515
2026-08-30T11:48:58.822Z,13160.262,500,3.683330997824669,6.7593020014464855,8.956973001360893,66.28584200143814,50,5.6770519986748695,7.20355200022459,15.494784999638796,15.494784999638796
2026-08-30T11:49:08.824Z,13170.263,501,3.6990709975361824,6.758821997791529,8.582181997597218,63.719970997422934,50,4.913600999861956,6.96730300039053,7.01936199888587,7.01936199888587
2026-08-30T11:49:18.825Z,13180.264,499,3.6797109991312027,6.806862000375986,10.384824000298977,66.1064010001719,50,4.9862419962883,6.871713001281023,7.23743199929595,7.23743199929595
2026-08-30T11:49:28.825Z,13190.264,501,3.7493910007178783,6.84502299875021,9.292272999882698,62.067989997565746,50,4.976322002708912,7.126932002604008,7.225943002849817,7.225943002849817
2026-08-30T11:49:38.825Z,13200.264,500,3.7442109994590282,7.031543001532555,23.63426800072193,68.40225199982524,50,4.977802000939846,6.987872999161482,14.943084001541138,14.943084001541138
2026-08-30T11:49:48.825Z,13210.264,500,3.7326820008456707,6.8399830013513565,9.77657300233841,65.18508100137115,50,5.454291000962257,7.0999619998037815,7.159762002527714,7.159762002527714
2026-08-30T11:49:58.825Z,13220.264,499,3.76588099822402,6.885522000491619,10.576612997800112,68.02923199906945,50,5.027901001274586,7.195192001760006,7.440012000501156,7.440012000501156
2026-08-30T11:50:08.825Z,13230.264,500,3.6837010011076927,6.838191997259855,8.973792999982834,56.20433900132775,50,4.957172002643347,6.862291999161243,6.980882000178099,6.980882000178099
2026-08-30T11:50:18.825Z,13240.264,501,3.7158320024609566,6.832642000168562,10.116613000631332,66.12739099934697,50,5.112342000007629,6.998442001640797,13.514285001903772,13.514285001903772
2026-08-30T11:50:28.825Z,13250.264,500,3.7117809988558292,6.863232001662254,8.765993002802134,69.31712200120091,50,5.792562000453472,6.904182001948357,7.081823002547026,7.081823002547026
2026-08-30T11:50:38.826Z,13260.264,499,3.7081710025668144,6.951862998306751,9.527163002640009,63.76631100103259,50,5.32660199701786,7.141421999782324,14.340305000543594,14.340305000543594
2026-08-30T11:50:48.825Z,13270.264,501,3.6793610006570816,6.809512998908758,7.891741998493671,64.25202099978924,50,4.946630999445915,7.0240529999136925,7.8843520022928715,7.8843520022928715
2026-08-30T11:50:58.825Z,13280.264,499,3.771501000970602,6.979492999613285,10.605622999370098,65.89840099960566,50,5.604391001164913,7.092762000858784,14.637325000017881,14.637325000017881
2026-08-30T11:51:08.825Z,13290.264,501,3.7216810025274754,6.990142997354269,9.770463000983,69.58836299926043,50,5.029491998255253,7.152123000472784,15.08925500139594,15.08925500139594
2026-08-30T11:51:18.825Z,13300.264,499,3.7307609990239143,6.838911999017,8.644092999398708,70.13343299925327,50,5.039951998740435,7.076981998980045,16.066194999963045,16.066194999963045
2026-08-30T11:51:28.825Z,13310.264,500,3.764511000365019,6.894721999764442,10.00841400027275,65.327651001513,50,5.063291996717453,6.949022002518177,14.283245000988245,14.283245000988245
2026-08-30T11:51:38.825Z,13320.265,501,3.7665809988975525,6.8667620010674,8.243132002651691,65.07308100163937,50,4.978041000664234,7.034582998603582,14.784754000604153,14.784754000604153
2026-08-30T11:51:48.826Z,13330.265,500,3.6853910014033318,6.823472000658512,10.063824001699686,65.6458420008421,50,5.376570999622345,6.933621998876333,25.141368001699448,25.141368001699448
2026-08-30T11:51:58.826Z,13340.265,500,3.632201999425888,6.770991999655962,7.996052000671625,70.63273300230503,50,5.599330998957157,6.815891999751329,6.962161999195814,6.962161999195814
2026-08-30T11:52:08.826Z,13350.266,500,3.7380409985780716,6.891782000660896,10.222273003309965,64.93122200295329,50,4.897980999201536,7.028162002563477,7.172093000262976,7.172093000262976
2026-08-30T11:52:18.826Z,13360.265,500,3.696570999920368,6.774071998894215,10.05851400271058,64.91804099828005,50,5.200902000069618,6.841822002083063,7.026333000510931,7.026333000510931
2026-08-30T11:52:28.826Z,13370.265,500,3.75034099817276,6.870471999049187,9.571203000843525,68.23071200028062,50,5.032972000539303,7.1179120019078255,15.5821149982512,15.5821149982512
2026-08-30T11:52:38.826Z,13380.265,500,3.745041001588106,6.9117319993674755,9.260222997516394,64.84826099872589,50,5.579112000763416,7.022851999849081,7.110861998051405,7.110861998051405
2026-08-30T11:52:48.826Z,13390.266,500,3.763860996812582,6.825771998614073,9.586513001471758,64.52230099961162,50,5.046741999685764,7.10122200101614,14.814474999904633,14.814474999904633
2026-08-30T11:52:58.826Z,13400.266,500,3.785130999982357,6.9146020002663136,8.975192997604609,65.09494100138545,50,5.029992002993822,7.249431997537613,14.14936500042677,14.14936500042677
2026-08-30T11:53:08.826Z,13410.265,500,3.686461001634598,6.765411999076605,9.31317299976945,66.0389220006764,50,5.698331996798515,9.232023000717163,15.63035500049591,15.63035500049591
2026-08-30T11:53:18.826Z,13420.266,500,3.807430997490883,6.951891999691725,10.198832999914885,65.35639099776745,50,5.053101997822523,7.158903002738953,14.332894001156092,14.332894001156092
2026-08-30T11:53:28.826Z,13430.265,500,3.7164110019803047,6.860521998256445,8.58678299933672,65.44686100259423,50,5.268422000110149,6.944141998887062,7.263202000409365,7.263202000409365
2026-08-30T11:53:38.827Z,13440.266,500,3.7360009998083115,6.885131999850273,9.915694002062082,63.91549099981785,50,5.015420999377966,7.098802000284195,15.33542600274086,15.33542600274086
2026-08-30T11:53:48.826Z,13450.265,500,3.6949619986116886,6.809061996638775,10.764462999999523,66.84373199939728,50,5.35691199824214,6.915802001953125,15.007355000823736,15.007355000823736
2026-08-30T11:53:58.826Z,13460.265,500,3.724380999803543,6.816381998360157,10.677714001387358,68.44577299803495,50,5.059772003442049,7.212761998176575,8.390523001551628,8.390523001551628
2026-08-30T11:54:08.826Z,13470.265,500,3.7260410003364086,6.845201998949051,11.306883998215199,64.78776099905372,50,5.016312003135681,6.306912001222372,6.968351997435093,6.968351997435093
2026-08-30T11:54:18.826Z,13480.266,500,3.6510509997606277,6.746831998229027,9.490952998399734,65.3655609972775,50,5.182661999017,6.966143000870943,7.067781999707222,7.067781999707222
2026-08-30T11:54:28.850Z,13490.266,414,3.823692001402378,556.5985310003161,897.9367429986596,1159.073477998376,41,5.901792000979185,646.3319500014186,879.429826002568,879.429826002568
2026-08-30T11:54:38.873Z,13500.269,236,479.3323270007968,1017.3597110025585,1118.2244639992714,1213.5489860028028,24,559.2764419987798,893.9765310026705,1015.3666910007596,1015.3666910007596
2026-08-30T11:54:48.848Z,13510.269,413,272.59560899809003,603.7386670000851,782.939154997468,1271.9151550009847,40,328.6876170001924,615.2796000018716,732.8627389967442,732.8627389967442
2026-08-30T11:54:58.833Z,13520.27,913,77.42802499979734,421.3821469992399,578.8949790000916,740.6736609973013,92,91.8555989973247,497.5541719980538,686.2334930002689,686.2334930002689
2026-08-30T11:55:08.832Z,13530.271,524,7.96331299841404,34.75408099964261,89.24308900162578,131.4820129983127,53,8.052763000130653,35.880641996860504,99.66561200097203,99.66561200097203
2026-08-30T11:55:18.831Z,13540.27,500,6.87687199935317,10.175092998892069,21.25567699968815,70.1770430020988,50,7.036751996725798,11.43418299779296,21.50926700234413,21.50926700234413
2026-08-30T11:55:28.832Z,13550.271,500,7.009282000362873,10.927933998405933,18.935486000031233,31.35716999694705,50,7.012731999158859,8.822163000702858,19.156367000192404,19.156367000192404
2026-08-30T11:55:38.832Z,13560.271,500,6.836481999605894,10.312943000346422,14.95805500075221,32.993590999394655,50,7.006342999637127,8.616953000426292,18.286155998706818,18.286155998706818
2026-08-30T11:55:48.833Z,13570.271,500,7.038391999900341,10.900573000311852,15.637926001101732,31.38773000240326,50,7.05927199870348,9.05128300189972,18.881335999816656,18.881335999816656
2026-08-30T11:55:58.832Z,13580.271,500,6.764382001012564,10.680904000997543,20.367495998740196,34.08588099852204,50,6.833232000470161,15.799955997616053,20.651025999337435,20.651025999337435
2026-08-30T11:56:08.833Z,13590.271,500,6.769382998347282,10.075342997908592,20.988925997167826,71.20809400081635,50,6.886182002723217,9.360553000122309,21.285046998411417,21.285046998411417
2026-08-30T11:56:18.832Z,13600.271,500,7.094572000205517,11.206512998789549,16.996234998106956,34.232220999896526,50,7.197301998734474,17.224384997040033,21.756136998534203,21.756136998534203
2026-08-30T11:56:28.833Z,13610.27,500,6.852182000875473,10.29900299757719,14.961864996701479,33.91191099956632,50,7.0101420022547245,10.479563999921083,20.496826000511646,20.496826000511646
2026-08-30T11:56:38.832Z,13620.271,500,6.88884199783206,11.043274000287056,16.937456000596285,45.81069499999285,50,6.98616299778223,8.812462996691465,36.340231001377106,36.340231001377106
2026-08-30T11:56:48.831Z,13630.27,500,6.9140629991889,10.61361400038004,17.69640600308776,82.46240700036287,50,6.907942000776529,9.787803001701832,19.20627599954605,19.20627599954605
2026-08-30T11:56:58.832Z,13640.271,500,6.860112998634577,10.354713000357151,18.087066002190113,33.678192000836134,50,6.909641999751329,10.607633002102375,20.142097000032663,20.142097000032663
2026-08-30T11:57:08.832Z,13650.271,500,6.879142001271248,10.731933999806643,21.20499699935317,79.60507600009441,50,6.904313001781702,17.95321600139141,21.88874700292945,21.88874700292945
2026-08-30T11:57:18.831Z,13660.27,500,6.886032000184059,10.734744001179934,20.700637001544237,66.4213320016861,50,6.9430320002138615,10.934824001044035,22.216227997094393,22.216227997094393
2026-08-30T11:57:28.832Z,13670.271,500,6.721832003444433,10.378503002226353,18.037085998803377,36.139821998775005,50,6.835792999714613,15.027714997529984,23.549646999686956,23.549646999686956
2026-08-30T11:57:38.833Z,13680.271,500,6.876242000609636,10.951123997569084,18.68315599858761,79.24988599866629,50,6.861101999878883,8.69879300147295,19.041735999286175,19.041735999286175
2026-08-30T11:57:48.831Z,13690.27,500,6.939991999417543,10.799373000860214,18.107375998049974,33.24635000154376,50,6.908043000847101,11.584653999656439,19.97631699964404,19.97631699964404
2026-08-30T11:57:58.832Z,13700.271,500,6.923771999776363,10.82668299973011,15.987445998936892,32.33362999930978,50,7.026732001453638,8.952623002231121,18.549876000732183,18.549876000732183
2026-08-30T11:58:08.832Z,13710.271,500,6.871541999280453,10.490054000169039,19.44812599942088,34.45369099825621,50,6.901611998677254,15.07209499925375,22.02028800174594,22.02028800174594
2026-08-30T11:58:18.832Z,13720.271,500,6.523201998323202,9.750693000853062,16.99822499975562,33.273150999099016,50,6.673721998929977,9.140223000198603,20.999166999012232,20.999166999012232
2026-08-30T11:58:28.831Z,13730.27,500,6.840443000197411,10.718273997306824,15.148754999041557,30.314929999411106,50,6.9123420007526875,15.395534999668598,21.804057002067566,21.804057002067566
2026-08-30T11:58:38.834Z,13740.271,500,6.646083001047373,9.916873000562191,17.024225998669863,80.76504699885845,50,6.830202002078295,8.324482999742031,19.43273599818349,19.43273599818349
2026-08-30T11:58:48.831Z,13750.27,500,6.590822000056505,10.095172997564077,20.201277002692223,34.678201001137495,50,6.637762002646923,10.190083000808954,20.458517000079155,20.458517000079155
2026-08-30T11:58:58.831Z,13760.27,500,6.649752002209425,10.850343998521566,16.32352600246668,33.98768100142479,50,6.774151999503374,9.20193300023675,22.90905699878931,22.90905699878931
2026-08-30T11:59:08.831Z,13770.27,500,6.596572000533342,9.959773000329733,16.857894998043776,31.247060000896454,50,6.688273001462221,11.373572997748852,19.003805998712778,19.003805998712778
2026-08-30T11:59:18.832Z,13780.271,500,6.783532999455929,10.65039299800992,19.56087600067258,33.90445100143552,50,6.926222000271082,15.480285000056028,21.500407002866268,21.500407002866268
2026-08-30T11:59:28.832Z,13790.271,500,6.575812000781298,10.051713000983,16.814605999737978,32.67415999993682,50,6.790972001850605,10.42264400050044,18.637545999139547,18.637545999139547
2026-08-30T11:59:38.832Z,13800.271,500,6.708232000470161,10.668423000723124,23.989167999476194,53.46468700096011,50,6.8017129972577095,16.984846003353596,38.39298200234771,38.39298200234771
2026-08-30T11:59:48.832Z,13810.271,500,6.6751919984817505,10.528583999723196,17.43844600021839,32.40862999856472,50,6.617202002555132,10.419254001230001,18.020245999097824,18.020245999097824
2026-08-30T11:59:58.831Z,13820.27,500,6.6058129966259,10.149923998862505,15.002385001629591,34.85077100247145,50,6.731322001665831,8.410112999379635,22.914847001433372,22.914847001433372
2026-08-30T12:00:08.832Z,13830.271,500,6.880392998456955,10.256864000111818,14.53574500232935,32.1221209987998,50,6.885042000561953,8.739422999322414,19.831077001988888,19.831077001988888
2026-08-30T12:00:18.832Z,13840.271,500,6.87364200130105,10.849334001541138,14.246194999665022,32.92512100189924,50,6.942331999540329,11.79611400142312,19.649755999445915,19.649755999445915
2026-08-30T12:00:28.832Z,13850.271,500,6.8044620007276535,10.924644000828266,13.77081399783492,28.980788998305798,50,6.850142002105713,13.37118499726057,21.80401699990034,21.80401699990034
2026-08-30T12:00:38.833Z,13860.27,500,6.680292002856731,10.28804299980402,17.101156000047922,34.66898100078106,50,6.839062999933958,10.537243001163006,22.869858000427485,22.869858000427485
2026-08-30T12:00:48.832Z,13870.271,500,6.643021997064352,9.929423000663519,17.829795997589827,78.29578499868512,50,6.773651998490095,9.087822999805212,18.063306000083685,18.063306000083685
2026-08-30T12:00:58.831Z,13880.27,500,6.778181999921799,10.683552999049425,20.675565999001265,35.38146100193262,50,6.87389200180769,16.951655998826027,22.213766999542713,22.213766999542713
2026-08-30T12:01:08.831Z,13890.27,500,6.7930830009281635,10.091343000531197,17.373485002666712,33.55366099998355,50,6.865981999784708,8.817272998392582,21.328447002917528,21.328447002917528
2026-08-30T12:01:18.832Z,13900.271,500,6.8699420019984245,10.334143001586199,21.946517001837492,68.1717329993844,50,6.965222999453545,15.605605002492666,24.4592380002141,24.4592380002141
2026-08-30T12:01:28.831Z,13910.27,500,6.857841998338699,10.562973000109196,18.98693599924445,33.91422099992633,50,6.949512001127005,16.126995000988245,19.215206000953913,19.215206000953913
2026-08-30T12:01:38.832Z,13920.271,500,6.637701999396086,10.258903000503778,15.360104002058506,32.66372099891305,50,6.667751997709274,8.758892998099327,18.341646000742912,18.341646000742912
2026-08-30T12:01:48.833Z,13930.27,500,6.779821999371052,10.68715300038457,15.743005000054836,32.63627099990845,50,6.856441996991634,10.217483002692461,18.29840600118041,18.29840600118041
2026-08-30T12:01:58.833Z,13940.27,500,6.799601998180151,11.08644299954176,19.27854600176215,33.06062100082636,50,6.823972001671791,16.93366499990225,21.11830599978566,21.11830599978566
2026-08-30T12:02:08.831Z,13950.27,500,6.648641999810934,10.604573000222445,16.556955002248287,80.44207600131631,50,6.710441999137402,10.1763829998672,23.296638000756502,23.296638000756502
2026-08-30T12:02:18.832Z,13960.271,500,6.733642999082804,10.270564001053572,16.364776000380516,32.13500100001693,50,6.778712000697851,8.499382998794317,17.731345999985933,17.731345999985933
2026-08-30T12:02:28.833Z,13970.271,500,6.791363000869751,10.640423998236656,16.738395001739264,80.95120599865913,50,6.82736200094223,14.552184998989105,21.827997002750635,21.827997002750635
2026-08-30T12:02:38.832Z,13980.271,500,6.701432000845671,10.69896299764514,32.75161100178957,84.1652870029211,50,6.785622000694275,10.553803000599146,19.113666001707315,19.113666001707315
2026-08-30T12:02:48.834Z,13990.271,500,6.946391999721527,10.852203000336885,21.84543700143695,75.10770399868488,50,6.941022999584675,14.276473999023438,18.04797600209713,18.04797600209713
2026-08-30T12:02:58.834Z,14000.272,500,7.109921999275684,10.996674001216888,21.47460700199008,69.90231300145388,50,7.181731998920441,16.927345998585224,24.47578800097108,24.47578800097108
2026-08-30T12:03:08.833Z,14010.272,500,7.188871998339891,11.061253000050783,15.66507500037551,79.43388599902391,50,6.9802930019795895,13.829955000430346,21.326126996427774,21.326126996427774
2026-08-30T12:03:18.833Z,14020.272,500,6.639322001487017,10.02208399772644,19.38392600044608,76.03265500068665,50,6.6317219994962215,10.262454003095627,19.605105999857187,19.605105999857187
2026-08-30T12:03:28.834Z,14030.273,500,6.683769002556801,10.090957999229431,19.384187001734972,69.95290900021791,50,6.743358999490738,9.252437997609377,19.39631700143218,19.39631700143218
2026-08-30T12:03:38.833Z,14040.272,500,6.726928997784853,11.054377999156713,21.506407000124454,67.65065899863839,50,6.692189000546932,9.187488000839949,20.370546001940966,20.370546001940966
2026-08-30T12:03:48.833Z,14050.272,500,6.830598998814821,10.683707997202873,15.431338001042604,80.41781700029969,50,6.891957998275757,9.213698998093605,18.364427000284195,18.364427000284195
2026-08-30T12:03:58.833Z,14060.272,500,6.7423889972269535,10.634988002479076,17.981266997754574,66.37569899857044,50,6.921218998730183,9.026869002729654,15.79297699779272,15.79297699779272
2026-08-30T12:04:08.833Z,14070.272,500,6.831679001450539,10.547308001667261,15.508427999913692,31.633434999734163,50,6.882608998566866,10.200758997350931,17.07150699943304,17.07150699943304
2026-08-30T12:04:18.834Z,14080.273,500,6.615398999303579,10.701328001916409,17.604426998645067,65.72357900068164,50,6.769409000873566,8.956658996641636,17.490707002580166,17.490707002580166
2026-08-30T12:04:28.835Z,14090.274,500,6.941229000687599,10.873507998883724,18.78005699813366,72.86759799718857,50,6.903769001364708,13.88663800060749,14.594317000359297,14.594317000359297
2026-08-30T12:04:38.836Z,14100.273,500,6.639458000659943,9.857119001448154,17.056346997618675,78.97005699947476,50,6.798039000481367,15.294567998498678,20.37677700072527,20.37677700072527
2026-08-30T12:04:48.835Z,14110.274,500,6.622228998690844,10.710317999124527,19.99200600013137,78.16997699812055,50,6.670908998697996,8.604388002306223,20.339136000722647,20.339136000722647
2026-08-30T12:04:58.835Z,14120.274,500,6.63620899990201,10.68104799836874,20.70508600026369,67.37290899828076,50,6.814458999782801,13.135757997632027,19.228316999971867,19.228316999971867
2026-08-30T12:05:08.836Z,14130.275,500,6.689628999680281,10.621447999030352,21.48810600116849,70.30623799934983,50,6.699989002197981,8.548458002507687,24.007364999502897,24.007364999502897
2026-08-30T12:05:18.837Z,14140.276,500,6.670448999851942,10.159588001668453,17.846916999667883,75.03336799889803,50,6.789339002221823,10.366659000515938,17.519506998360157,17.519506998360157
2026-08-30T12:05:28.837Z,14150.276,500,6.609868999570608,10.283358000218868,18.498867001384497,68.78019899874926,50,6.670209001749754,9.30493799969554,18.74082700163126,18.74082700163126
2026-08-30T12:05:38.837Z,14160.276,500,6.617798998951912,10.082658000290394,17.517986997961998,75.52772800251842,50,6.754398997873068,13.668548002839088,17.739367000758648,17.739367000758648
2026-08-30T12:05:48.837Z,14170.276,500,6.636159002780914,10.267949000000954,20.38790699839592,80.48290700092912,50,6.753139000386,10.498358000069857,20.709617000073195,20.709617000073195
2026-08-30T12:05:58.836Z,14180.275,500,6.567738998681307,10.018378999084234,16.565928000956774,78.73178699985147,50,6.71390900015831,15.646977998316288,21.905267000198364,21.905267000198364
2026-08-30T12:06:08.837Z,14190.276,500,6.677859000861645,10.112587999552488,18.10359700024128,71.54466800019145,50,6.789299000054598,10.353498000651598,15.89834799990058,15.89834799990058
2026-08-30T12:06:18.838Z,14200.276,500,6.7123689986765385,10.61624899879098,19.532976999878883,66.28859899938107,50,6.84595900028944,16.42984700202942,17.221786998212337,17.221786998212337
2026-08-30T12:06:28.837Z,14210.276,500,6.7227389998734,10.164689000695944,21.029025997966528,65.43583899736404,50,6.863138999789953,19.425836998969316,31.285105001181364,31.285105001181364
2026-08-30T12:06:38.837Z,14220.276,500,6.725558999925852,10.870728999376297,18.967266000807285,83.22693600133061,50,6.953248001635075,9.98055800050497,19.223566003143787,19.223566003143787
2026-08-30T12:06:48.838Z,14230.277,500,6.750779002904892,10.7582379989326,19.488987002521753,70.68587800115347,50,6.780538998544216,14.354777000844479,18.044987998902798,18.044987998902798
2026-08-30T12:06:58.840Z,14240.278,500,6.778219003230333,10.898228000849485,21.20898700132966,69.24025900289416,50,6.913519002497196,14.682128001004457,23.471086997538805,23.471086997538805
2026-08-30T12:07:08.838Z,14250.277,500,6.846567999571562,10.685577999800444,18.548516999930143,67.02857900038362,50,6.895048998296261,8.636727999895811,18.77234699949622,18.77234699949622
2026-08-30T12:07:18.840Z,14260.278,500,6.824268996715546,10.266458000987768,21.33339700102806,65.74510899931192,50,6.922009002417326,10.938308000564575,19.73563700169325,19.73563700169325
2026-08-30T12:07:28.839Z,14270.277,500,6.702149000018835,11.133448000997305,21.50976699963212,79.71908700093627,50,6.699319001287222,16.399767000228167,19.25118700042367,19.25118700042367
2026-08-30T12:07:38.839Z,14280.278,500,6.707439001649618,10.894048999994993,18.26724699884653,70.98534800112247,50,6.767938997596502,8.710648000240326,17.75925699993968,17.75925699993968
2026-08-30T12:07:48.838Z,14290.277,500,6.7170390002429485,10.026769001036882,18.913086999207735,66.26658900082111,50,6.822937998920679,9.175708997994661,19.140676997601986,19.140676997601986
2026-08-30T12:07:58.839Z,14300.278,500,6.655528999865055,10.360348999500275,18.52955700084567,73.30977800115943,50,6.752198997884989,9.069158002734184,18.87942700088024,18.87942700088024
2026-08-30T12:08:08.840Z,14310.277,500,6.826588999480009,10.792768999934196,19.83321699872613,69.41053799912333,50,6.953198999166489,13.97078799828887,20.120906997472048,20.120906997472048
2026-08-30T12:08:18.838Z,14320.277,500,6.762018997222185,10.656727999448776,17.086638003587723,68.57724799960852,50,6.748408999294043,15.238037999719381,17.313068002462387,17.313068002462387
2026-08-30T12:08:28.838Z,14330.277,500,6.803559001535177,10.79228799790144,20.316476996988058,69.10856800153852,50,6.87253900244832,15.393727999180555,21.935677003115416,21.935677003115416
2026-08-30T12:08:38.839Z,14340.278,500,6.647939000278711,10.592658001929522,20.736636999994516,70.83793799951673,50,6.754029002040625,9.990717999637127,17.692477002739906,17.692477002739906
2026-08-30T12:08:48.839Z,14350.277,500,6.754878997802734,10.692908000200987,20.825116999447346,71.65642800182104,50,6.670897997915745,11.126348998397589,28.74847500026226,28.74847500026226
2026-08-30T12:08:58.840Z,14360.278,500,6.7483390010893345,10.34722899645567,18.808217000216246,69.53268799930811,50,6.813797999173403,11.758907999843359,18.636666998267174,18.636666998267174
2026-08-30T12:09:08.840Z,14370.278,500,7.30468900129199,11.086578000336885,21.52811599895358,65.74762899801135,50,7.175427999347448,10.35810799896717,26.514246001839638,26.514246001839638
2026-08-30T12:09:18.840Z,14380.278,500,7.563629001379013,11.076188001781702,19.40479700267315,72.36157799884677,50,7.089018996804953,14.66142699867487,19.632536999881268,19.632536999881268
2026-08-30T12:09:28.841Z,14390.279,500,7.448598001152277,11.0447490029037,20.46144700050354,66.77585899829865,50,7.240208998322487,15.775377001613379,20.7465070001781,20.7465070001781
2026-08-30T12:09:38.551Z,14399.988,486,7.240619000047445,10.998227998614311,25.77852600067854,54.047250997275114,48,7.00976900011301,19.130646999925375,22.052946001291275,22.052946001291275
