timestamp,elapsed_seconds,rss_bytes,peak_rss_bytes,process_swap_bytes,pss_bytes,anonymous_bytes,private_clean_bytes,private_dirty_bytes,shared_clean_bytes,shared_dirty_bytes,lazy_free_bytes,anonymous_huge_pages_bytes,system_available_bytes,system_swap_used_bytes,load_1
2026-08-30T08:09:38.598Z,0.038,645361664,647094272,0,642817024,637345792,5427200,637345792,2629632,0,0,0,13166563328,0,1.49
2026-08-30T08:09:48.601Z,10.041,651415552,652169216,0,648883200,643399680,5439488,643399680,2629632,0,0,0,13160562688,0,1.41
2026-08-30T08:09:58.605Z,20.045,660602880,661766144,0,658017280,652533760,5439488,652533760,2629632,0,0,0,13154209792,0,1.34
2026-08-30T08:10:08.600Z,30.04,666963968,667430912,0,664456192,658972672,5439488,658972672,2629632,0,0,0,13147893760,0,1.28
2026-08-30T08:10:18.603Z,40.043,674840576,675217408,0,672361472,666877952,5439488,666877952,2629632,0,0,0,13140705280,0,1.23
2026-08-30T08:10:28.605Z,50.045,682020864,682205184,0,679435264,673951744,5439488,673951744,2629632,0,0,0,13132824576,0,1.11
2026-08-30T08:10:38.603Z,60.043,689680384,689688576,0,687143936,681660416,5439488,681660416,2629632,0,0,0,13127561216,0,1.09
2026-08-30T08:10:48.596Z,70.036,494125056,689954816,0,491539456,486055936,5439488,486055936,2629632,0,0,0,13307195392,0,1.08
2026-08-30T08:10:58.589Z,80.029,226652160,689954816,0,224066560,218583040,5439488,218583040,2629632,0,0,0,13550223360,0,1.14
2026-08-30T08:11:08.582Z,90.022,174014464,689954816,0,171572224,166088704,5439488,166088704,2629632,0,0,0,13610688512,0,1.27
2026-08-30T08:11:18.584Z,100.024,173924352,689954816,0,171338752,165855232,5439488,165855232,2629632,0,0,0,13624557568,0,1.31
2026-08-30T08:11:28.583Z,110.023,175357952,689954816,0,172817408,167333888,5439488,167333888,2629632,0,0,0,13622988800,0,1.19
2026-08-30T08:11:38.585Z,120.025,177213440,689954816,0,174668800,169185280,5439488,169185280,2629632,0,0,0,13625167872,0,1
2026-08-30T08:11:48.584Z,130.024,174780416,689954816,0,172309504,166825984,5439488,166825984,2629632,0,0,0,13625950208,0,0.85
2026-08-30T08:11:58.583Z,140.023,170029056,689954816,0,167586816,162103296,5439488,162103296,2629632,0,0,0,13635248128,0,0.72
2026-08-30T08:12:08.584Z,150.024,170741760,689954816,0,168246272,162762752,5439488,162762752,2629632,0,0,0,13632626688,0,0.61
2026-08-30T08:12:18.584Z,160.024,171655168,689954816,0,169139200,163655680,5439488,163655680,2629632,0,0,0,13629739008,0,0.67
2026-08-30T08:12:28.583Z,170.023,171134976,689954816,0,168598528,163115008,5439488,163115008,2629632,0,0,0,13628588032,0,0.8
2026-08-30T08:12:38.583Z,180.023,172138496,689954816,0,169696256,164212736,5439488,164212736,2629632,0,0,0,13622530048,0,0.98
2026-08-30T08:12:48.583Z,190.023,174362624,689954816,0,171691008,166207488,5439488,166207488,2629632,0,0,0,13626761216,0,0.98
2026-08-30T08:12:58.580Z,200.02,174673920,689954816,0,171904000,166420480,5439488,166420480,2629632,0,0,0,13626736640,0,1.07
2026-08-30T08:13:08.581Z,210.021,174067712,689954816,0,171383808,165900288,5439488,165900288,2629632,0,0,0,13627768832,0,0.91
2026-08-30T08:13:18.584Z,220.024,174047232,689954816,0,171396096,165912576,5439488,165912576,2629632,0,0,0,13624635392,0,0.77
2026-08-30T08:13:28.585Z,230.025,175407104,689954816,0,172858368,167374848,5439488,167374848,2629632,0,0,0,13623361536,0,0.73
2026-08-30T08:13:38.584Z,240.024,175726592,689954816,0,173177856,167694336,5439488,167694336,2629632,0,0,0,13626777600,0,0.62
2026-08-30T08:13:48.584Z,250.024,175398912,689954816,0,172936192,167452672,5439488,167452672,2629632,0,0,0,13628567552,0,0.52
2026-08-30T08:13:58.583Z,260.023,176037888,689954816,0,173493248,168009728,5439488,168009728,2629632,0,0,0,13628182528,0,0.52
2026-08-30T08:14:08.582Z,270.022,177823744,689954816,0,175123456,169639936,5439488,169639936,2629632,0,0,0,13628628992,0,0.75
2026-08-30T08:14:18.582Z,280.022,178532352,689954816,0,175758336,170274816,5439488,170274816,2629632,0,0,0,13627011072,0,0.87
2026-08-30T08:14:28.585Z,290.025,178089984,689954816,0,175549440,170065920,5439488,170065920,2629632,0,0,0,13628579840,0,0.96
2026-08-30T08:14:38.581Z,300.021,177672192,689954816,0,175123456,169639936,5439488,169639936,2629632,0,0,0,13628428288,0,0.81
2026-08-30T08:14:48.581Z,310.021,177082368,689954816,0,174578688,169095168,5439488,169095168,2629632,0,0,0,13629800448,0,0.69
2026-08-30T08:14:58.583Z,320.023,173195264,689954816,0,170646528,165163008,5439488,165163008,2629632,0,0,0,13633200128,0,0.58
2026-08-30T08:15:08.583Z,330.023,169779200,689954816,0,167230464,161746944,5439488,161746944,2629632,0,0,0,13633617920,0,0.49
2026-08-30T08:15:18.584Z,340.024,168939520,689954816,0,166390784,160907264,5439488,160907264,2629632,0,0,0,13635862528,0,0.42
2026-08-30T08:15:28.582Z,350.022,171724800,689954816,0,169176064,163692544,5439488,163692544,2629632,0,0,0,13634768896,0,0.35
2026-08-30T08:15:38.584Z,360.024,172548096,689954816,0,169987072,164503552,5439488,164503552,2629632,0,0,0,13633679360,0,0.45
2026-08-30T08:15:48.583Z,370.023,174919680,689954816,0,172411904,166928384,5439488,166928384,2629632,0,0,0,13634056192,0,0.69
2026-08-30T08:15:58.583Z,380.023,174333952,689954816,0,171789312,166305792,5439488,166305792,2629632,0,0,0,13635346432,0,0.74
2026-08-30T08:16:08.584Z,390.024,176230400,689954816,0,173792256,168308736,5439488,168308736,2629632,0,0,0,13636669440,0,0.7
2026-08-30T08:16:18.583Z,400.023,177623040,689954816,0,175078400,169594880,5439488,169594880,2629632,0,0,0,13636542464,0,0.59
2026-08-30T08:16:28.584Z,410.024,177369088,689954816,0,174820352,169336832,5439488,169336832,2629632,0,0,0,13636501504,0,0.5
2026-08-30T08:16:38.583Z,420.023,173580288,689954816,0,171031552,165548032,5439488,165548032,2629632,0,0,0,13641068544,0,0.42
2026-08-30T08:16:48.584Z,430.024,175767552,689954816,0,173218816,167735296,5439488,167735296,2629632,0,0,0,13636976640,0,0.36
2026-08-30T08:16:58.586Z,440.026,172068864,689954816,0,169593856,164110336,5439488,164110336,2629632,0,0,0,13636616192,0,0.3
2026-08-30T08:17:08.586Z,450.026,174063616,689954816,0,171518976,166035456,5439488,166035456,2629632,0,0,0,13634609152,0,0.4
2026-08-30T08:17:18.584Z,460.024,175525888,689954816,0,173022208,167538688,5439488,167538688,2629632,0,0,0,13638488064,0,0.5
2026-08-30T08:17:28.586Z,470.026,176590848,689954816,0,173812736,168329216,5439488,168329216,2629632,0,0,0,13636423680,0,0.73
2026-08-30T08:17:38.587Z,480.027,178384896,689954816,0,175836160,170352640,5439488,170352640,2629632,0,0,0,13633421312,0,0.77
2026-08-30T08:17:48.584Z,490.024,179105792,689954816,0,176561152,171077632,5439488,171077632,2629632,0,0,0,13633892352,0,0.65
2026-08-30T08:17:58.586Z,500.026,180199424,689954816,0,177650688,172167168,5439488,172167168,2629632,0,0,0,13634805760,0,0.55
2026-08-30T08:18:08.587Z,510.027,179699712,689954816,0,176962560,171479040,5439488,171479040,2629632,0,0,0,13629259776,0,0.54
2026-08-30T08:18:18.586Z,520.026,179814400,689954816,0,177269760,171786240,5439488,171786240,2629632,0,0,0,13631467520,0,0.46
2026-08-30T08:18:28.585Z,530.025,181014528,689954816,0,178465792,172982272,5439488,172982272,2629632,0,0,0,13631922176,0,0.39
2026-08-30T08:18:38.586Z,540.026,180465664,689954816,0,177925120,172441600,5439488,172441600,2629632,0,0,0,13631545344,0,0.33
2026-08-30T08:18:48.583Z,550.023,180592640,689954816,0,177998848,172515328,5439488,172515328,2629632,0,0,0,13633044480,0,0.28
2026-08-30T08:18:58.585Z,560.025,177577984,689954816,0,174799872,169316352,5439488,169316352,2629632,0,0,0,13626843136,0,0.23
2026-08-30T08:19:08.586Z,570.026,172781568,689954816,0,170236928,164753408,5439488,164753408,2629632,0,0,0,13636108288,0,0.28
2026-08-30T08:19:18.584Z,580.024,175505408,689954816,0,173014016,167530496,5439488,167530496,2629632,0,0,0,13630738432,0,0.55
2026-08-30T08:19:28.584Z,590.024,175915008,689954816,0,173399040,167915520,5439488,167915520,2629632,0,0,0,13634646016,0,0.54
2026-08-30T08:19:38.586Z,600.026,176332800,689954816,0,173784064,168300544,5439488,168300544,2629632,0,0,0,13635186688,0,0.45
2026-08-30T08:19:48.586Z,610.026,173400064,689954816,0,170855424,165371904,5439488,165371904,2629632,0,0,0,13635448832,0,0.38
2026-08-30T08:19:58.584Z,620.024,172949504,689954816,0,170171392,164687872,5439488,164687872,2629632,0,0,0,13634646016,0,0.32
2026-08-30T08:20:08.585Z,630.025,175464448,689954816,0,172915712,167432192,5439488,167432192,2629632,0,0,0,13634666496,0,0.27
2026-08-30T08:20:18.586Z,640.026,176758784,689954816,0,174214144,168730624,5439488,168730624,2629632,0,0,0,13630746624,0,0.23
2026-08-30T08:20:28.586Z,650.026,176996352,689954816,0,174451712,168968192,5439488,168968192,2629632,0,0,0,13634265088,0,0.27
2026-08-30T08:20:38.586Z,660.026,177291264,689954816,0,174779392,169295872,5439488,169295872,2629632,0,0,0,13632262144,0,0.31
2026-08-30T08:20:48.587Z,670.027,178917376,689954816,0,176376832,170893312,5439488,170893312,2629632,0,0,0,13630803968,0,0.5
2026-08-30T08:20:58.585Z,680.025,179048448,689954816,0,176499712,171016192,5439488,171016192,2629632,0,0,0,13632872448,0,0.65
2026-08-30T08:21:08.588Z,690.028,178454528,689954816,0,175905792,170422272,5439488,170422272,2629632,0,0,0,13632999424,0,0.55
2026-08-30T08:21:18.584Z,700.024,179724288,689954816,0,177236992,171753472,5439488,171753472,2629632,0,0,0,13631119360,0,0.47
2026-08-30T08:21:28.585Z,710.025,175726592,689954816,0,173177856,167694336,5439488,167694336,2629632,0,0,0,13634121728,0,0.47
2026-08-30T08:21:38.588Z,720.028,177901568,689954816,0,175352832,169869312,5439488,169869312,2629632,0,0,0,13630144512,0,0.4
2026-08-30T08:21:48.586Z,730.026,178180096,689954816,0,175627264,170143744,5439488,170143744,2629632,0,0,0,13630660608,0,0.34
2026-08-30T08:21:58.586Z,740.026,179650560,689954816,0,177110016,171626496,5439488,171626496,2629632,0,0,0,13630676992,0,0.29
2026-08-30T08:22:08.585Z,750.025,180215808,689954816,0,177671168,172187648,5439488,172187648,2629632,0,0,0,13630083072,0,0.24
2026-08-30T08:22:18.585Z,760.025,180281344,689954816,0,177732608,172249088,5439488,172249088,2629632,0,0,0,13629132800,0,0.29
2026-08-30T08:22:28.584Z,770.024,176123904,689954816,0,173345792,167862272,5439488,167862272,2629632,0,0,0,13634932736,0,0.4
2026-08-30T08:22:38.584Z,780.024,175955968,689954816,0,173448192,167964672,5439488,167964672,2629632,0,0,0,13634404352,0,0.33
2026-08-30T08:22:48.587Z,790.027,178905088,689954816,0,176356352,170872832,5439488,170872832,2629632,0,0,0,13633028096,0,0.28
2026-08-30T08:22:58.585Z,800.025,178200576,689954816,0,175639552,170156032,5439488,170156032,2629632,0,0,0,13633314816,0,0.24
2026-08-30T08:23:08.584Z,810.024,177676288,689954816,0,175156224,169672704,5439488,169672704,2629632,0,0,0,13633191936,0,0.2
2026-08-30T08:23:18.585Z,820.025,179716096,689954816,0,177196032,171712512,5439488,171712512,2629632,0,0,0,13634330624,0,0.17
2026-08-30T08:23:28.586Z,830.026,179179520,689954816,0,176577536,171094016,5439488,171094016,2629632,0,0,0,13631811584,0,0.14
2026-08-30T08:23:38.587Z,840.027,175157248,689954816,0,172637184,167153664,5439488,167153664,2629632,0,0,0,13635358720,0,0.12
2026-08-30T08:23:48.584Z,850.024,177528832,689954816,0,175000576,169517056,5439488,169517056,2629632,0,0,0,13636415488,0,0.1
2026-08-30T08:23:58.585Z,860.024,177651712,689954816,0,175102976,169619456,5439488,169619456,2629632,0,0,0,13634912256,0,0.17
2026-08-30T08:24:08.584Z,870.024,177713152,689954816,0,175168512,169684992,5439488,169684992,2629632,0,0,0,13636009984,0,0.29
2026-08-30T08:24:18.585Z,880.025,180178944,689954816,0,177540096,172056576,5439488,172056576,2629632,0,0,0,13632032768,0,0.32
2026-08-30T08:24:28.587Z,890.027,180871168,689954816,0,178334720,172851200,5439488,172851200,2629632,0,0,0,13630545920,0,0.27
2026-08-30T08:24:38.586Z,900.025,181760000,689954816,0,179223552,173740032,5439488,173740032,2629632,0,0,0,13627019264,0,0.23
2026-08-30T08:24:48.586Z,910.026,182353920,689954816,0,179809280,174325760,5439488,174325760,2629632,0,0,0,13626179584,0,0.19
2026-08-30T08:24:58.586Z,920.026,181694464,689954816,0,179145728,173662208,5439488,173662208,2629632,0,0,0,13626703872,0,0.16
2026-08-30T08:25:08.587Z,930.027,179879936,689954816,0,177331200,171847680,5439488,171847680,2629632,0,0,0,13630402560,0,0.14
2026-08-30T08:25:18.587Z,940.027,178528256,689954816,0,175967232,170483712,5439488,170483712,2629632,0,0,0,13629984768,0,0.12
2026-08-30T08:25:28.587Z,950.027,179335168,689954816,0,176790528,171307008,5439488,171307008,2629632,0,0,0,13628456960,0,0.17
2026-08-30T08:25:38.587Z,960.027,178864128,689954816,0,176086016,170602496,5439488,170602496,2629632,0,0,0,13629509632,0,0.3
2026-08-30T08:25:48.584Z,970.024,176254976,689954816,0,173812736,168329216,5439488,168329216,2629632,0,0,0,13634568192,0,0.41
2026-08-30T08:25:58.589Z,980.029,175886336,689954816,0,173337600,167854080,5439488,167854080,2629632,0,0,0,13635411968,0,0.42
2026-08-30T08:26:08.999Z,990.439,178839552,689954816,0,176253952,170770432,5439488,170770432,2629632,0,0,0,13631107072,0,0.35
2026-08-30T08:26:18.812Z,1000.252,175673344,689954816,0,173087744,167604224,5439488,167604224,2629632,0,0,0,13633695744,0,0.53
2026-08-30T08:26:28.589Z,1010.029,176148480,689954816,0,173591552,168108032,5439488,168108032,2629632,0,0,0,13634109440,0,0.53
2026-08-30T08:26:38.584Z,1020.024,176345088,689954816,0,173816832,168333312,5439488,168333312,2629632,0,0,0,13635588096,0,0.52
2026-08-30T08:26:48.584Z,1030.024,179388416,689954816,0,176831488,171347968,5439488,171347968,2629632,0,0,0,13631348736,0,0.44
2026-08-30T08:26:58.584Z,1040.024,178601984,689954816,0,176053248,170569728,5439488,170569728,2629632,0,0,0,13630922752,0,0.37
2026-08-30T08:27:08.585Z,1050.025,178708480,689954816,0,176159744,170676224,5439488,170676224,2629632,0,0,0,13631868928,0,0.31
2026-08-30T08:27:18.587Z,1060.027,178679808,689954816,0,176131072,170647552,5439488,170647552,2629632,0,0,0,13629243392,0,0.26
2026-08-30T08:27:28.584Z,1070.024,178712576,689954816,0,176151552,170668032,5439488,170668032,2629632,0,0,0,13629022208,0,0.3
2026-08-30T08:27:38.589Z,1080.029,181350400,689954816,0,178805760,173322240,5439488,173322240,2629632,0,0,0,13628215296,0,0.56
2026-08-30T08:27:48.585Z,1090.025,181399552,689954816,0,178625536,173142016,5439488,173142016,2629632,0,0,0,13628788736,0,0.63
2026-08-30T08:27:58.585Z,1100.025,173858816,689954816,0,171314176,165830656,5439488,165830656,2629632,0,0,0,13635891200,0,0.53
2026-08-30T08:28:08.584Z,1110.024,177229824,689954816,0,174574592,169091072,5439488,169091072,2629632,0,0,0,13632311296,0,0.45
2026-08-30T08:28:18.584Z,1120.024,178991104,689954816,0,176294912,170811392,5439488,170811392,2629632,0,0,0,13629710336,0,0.38
2026-08-30T08:28:28.584Z,1130.024,180199424,689954816,0,177650688,172167168,5439488,172167168,2629632,0,0,0,13631447040,0,0.32
2026-08-30T08:28:38.585Z,1140.025,181895168,689954816,0,179350528,173867008,5439488,173867008,2629632,0,0,0,13627822080,0,0.27
2026-08-30T08:28:48.585Z,1150.025,180772864,689954816,0,178215936,172732416,5439488,172732416,2629632,0,0,0,13628960768,0,0.23
2026-08-30T08:28:58.586Z,1160.026,180658176,689954816,0,178162688,172679168,5439488,172679168,2629632,0,0,0,13633568768,0,0.43
2026-08-30T08:29:08.586Z,1170.026,178053120,689954816,0,175504384,170020864,5439488,170020864,2629632,0,0,0,13634035712,0,0.44
2026-08-30T08:29:18.585Z,1180.025,172335104,689954816,0,169774080,164290560,5439488,164290560,2629632,0,0,0,13635895296,0,0.37
2026-08-30T08:29:28.585Z,1190.025,173481984,689954816,0,170830848,165347328,5439488,165347328,2629632,0,0,0,13630373888,0,0.31
2026-08-30T08:29:38.586Z,1200.026,172982272,689954816,0,170454016,164970496,5439488,164970496,2629632,0,0,0,13635608576,0,0.26
2026-08-30T08:29:49.398Z,1210.838,176242688,689954816,0,173657088,168173568,5439488,168173568,2629632,0,0,0,13630984192,0,0.46
2026-08-30T08:29:58.663Z,1220.103,175247360,689954816,0,172661760,167178240,5439488,167178240,2629632,0,0,0,13632921600,0,0.69
2026-08-30T08:30:08.644Z,1230.084,174940160,689954816,0,172354560,166871040,5439488,166871040,2629632,0,0,0,13634138112,0,0.9
2026-08-30T08:30:18.587Z,1240.027,174379008,689954816,0,171878400,166395904,5439488,166395904,2629632,0,0,0,13625917440,0,0.91
2026-08-30T08:30:28.587Z,1250.027,175435776,689954816,0,172874752,167391232,5439488,167391232,2629632,0,0,0,13624397824,0,0.84
2026-08-30T08:30:38.586Z,1260.026,176181248,689954816,0,173620224,168136704,5439488,168136704,2629632,0,0,0,13629325312,0,0.87
2026-08-30T08:30:48.586Z,1270.026,172408832,689954816,0,169847808,164364288,5439488,164364288,2629632,0,0,0,13632131072,0,1.05
2026-08-30T08:30:58.588Z,1280.028,173182976,689954816,0,170712064,165228544,5439488,165228544,2629632,0,0,0,13631074304,0,1.04
2026-08-30T08:31:08.586Z,1290.026,176308224,689954816,0,173661184,168177664,5439488,168177664,2629632,0,0,0,13627842560,0,0.95
2026-08-30T08:31:18.586Z,1300.026,177225728,689954816,0,174676992,169193472,5439488,169193472,2629632,0,0,0,13627772928,0,0.8
2026-08-30T08:31:28.586Z,1310.026,177537024,689954816,0,174988288,169504768,5439488,169504768,2629632,0,0,0,13628538880,0,0.68
2026-08-30T08:31:38.586Z,1320.026,175931392,689954816,0,173394944,167911424,5439488,167911424,2629632,0,0,0,13626863616,0,0.58
2026-08-30T08:31:48.591Z,1330.031,178638848,689954816,0,176077824,170594304,5439488,170594304,2629632,0,0,0,13626802176,0,0.49
2026-08-30T08:31:58.587Z,1340.027,180334592,689954816,0,177847296,172363776,5439488,172363776,2629632,0,0,0,13622157312,0,0.41
2026-08-30T08:32:08.588Z,1350.028,182087680,689954816,0,179538944,174055424,5439488,174055424,2629632,0,0,0,13620563968,0,0.35
2026-08-30T08:32:18.589Z,1360.029,180203520,689954816,0,177593344,172109824,5439488,172109824,2629632,0,0,0,13621166080,0,0.45
2026-08-30T08:32:28.588Z,1370.028,180436992,689954816,0,177888256,172404736,5439488,172404736,2629632,0,0,0,13624958976,0,0.62
2026-08-30T08:32:38.588Z,1380.028,182341632,689954816,0,179792896,174309376,5439488,174309376,2629632,0,0,0,13623459840,0,0.68
2026-08-30T08:32:48.592Z,1390.032,177098752,689954816,0,174566400,169082880,5439488,169082880,2629632,0,0,0,13628096512,0,0.73
2026-08-30T08:32:58.591Z,1400.031,178761728,689954816,0,176200704,170717184,5439488,170717184,2629632,0,0,0,13627879424,0,0.62
2026-08-30T08:33:08.589Z,1410.029,178634752,689954816,0,176139264,170655744,5439488,170655744,2629632,0,0,0,13623906304,0,0.6
2026-08-30T08:33:18.588Z,1420.028,179707904,689954816,0,177191936,171708416,5439488,171708416,2629632,0,0,0,13622861824,0,0.51
2026-08-30T08:33:28.590Z,1430.03,182067200,689954816,0,179522560,174039040,5439488,174039040,2629632,0,0,0,13620011008,0,0.5
2026-08-30T08:33:38.588Z,1440.028,181866496,689954816,0,179334144,173850624,5439488,173850624,2629632,0,0,0,13624573952,0,0.42
2026-08-30T08:33:48.588Z,1450.028,179036160,689954816,0,176487424,171003904,5439488,171003904,2629632,0,0,0,13629018112,0,0.36
2026-08-30T08:33:58.589Z,1460.029,179470336,689954816,0,176905216,171421696,5439488,171421696,2629632,0,0,0,13627658240,0,0.38
2026-08-30T08:34:08.588Z,1470.028,177381376,689954816,0,174824448,169340928,5439488,169340928,2629632,0,0,0,13630169088,0,0.55
2026-08-30T08:34:18.588Z,1480.028,177590272,689954816,0,175062016,169578496,5439488,169578496,2629632,0,0,0,13629054976,0,0.7
2026-08-30T08:34:28.592Z,1490.032,176717824,689954816,0,174181376,168697856,5439488,168697856,2629632,0,0,0,13631254528,0,0.91
2026-08-30T08:34:38.588Z,1500.028,176099328,689954816,0,173448192,167964672,5439488,167964672,2629632,0,0,0,13627850752,0,0.77
2026-08-30T08:34:48.588Z,1510.028,174682112,689954816,0,172030976,166547456,5439488,166547456,2629632,0,0,0,13633048576,0,0.65
2026-08-30T08:34:58.588Z,1520.028,177926144,689954816,0,175369216,169885696,5439488,169885696,2629632,0,0,0,13630951424,0,0.55
2026-08-30T08:35:08.588Z,1530.028,178171904,689954816,0,175688704,170205184,5439488,170205184,2629632,0,0,0,13633110016,0,0.46
2026-08-30T08:35:18.588Z,1540.028,175038464,689954816,0,172579840,167096320,5439488,167096320,2629632,0,0,0,13633744896,0,0.39
2026-08-30T08:35:28.588Z,1550.028,177131520,689954816,0,174558208,169074688,5439488,169074688,2629632,0,0,0,13631279104,0,0.33
2026-08-30T08:35:38.593Z,1560.033,177000448,689954816,0,174439424,168955904,5439488,168955904,2629632,0,0,0,13629399040,0,0.28
2026-08-30T08:35:48.590Z,1570.03,180400128,689954816,0,177851392,172367872,5439488,172367872,2629632,0,0,0,13626707968,0,0.4
2026-08-30T08:35:58.592Z,1580.032,181985280,689954816,0,179534848,174051328,5439488,174051328,2629632,0,0,0,13623726080,0,0.65
2026-08-30T08:36:08.594Z,1590.034,183304192,689954816,0,180849664,175366144,5439488,175366144,2629632,0,0,0,13627760640,0,0.78
2026-08-30T08:36:18.591Z,1600.031,182702080,689954816,0,180100096,174616576,5439488,174616576,2629632,0,0,0,13626576896,0,0.89
2026-08-30T08:36:28.593Z,1610.033,178040832,689954816,0,175389696,169906176,5439488,169906176,2629632,0,0,0,13631066112,0,0.76
2026-08-30T08:36:38.592Z,1620.032,178540544,689954816,0,176000000,170516480,5439488,170516480,2629632,0,0,0,13625131008,0,0.64
2026-08-30T08:36:48.593Z,1630.033,177119232,689954816,0,174570496,169086976,5439488,169086976,2629632,0,0,0,13628596224,0,0.54
2026-08-30T08:36:58.593Z,1640.033,179105792,689954816,0,176557056,171073536,5439488,171073536,2629632,0,0,0,13624229888,0,0.46
2026-08-30T08:37:08.591Z,1650.031,176656384,689954816,0,174111744,168628224,5439488,168628224,2629632,0,0,0,13627539456,0,0.46
2026-08-30T08:37:18.591Z,1660.031,175390720,689954816,0,172928000,167444480,5439488,167444480,2629632,0,0,0,13632974848,0,0.54
2026-08-30T08:37:28.594Z,1670.034,176046080,689954816,0,173464576,167981056,5439488,167981056,2629632,0,0,0,13630377984,0,0.61
2026-08-30T08:37:38.591Z,1680.031,175558656,689954816,0,173009920,167526400,5439488,167526400,2629632,0,0,0,13635670016,0,0.67
2026-08-30T08:37:48.592Z,1690.032,177668096,689954816,0,175160320,169676800,5439488,169676800,2629632,0,0,0,13630885888,0,0.88
2026-08-30T08:37:58.592Z,1700.032,178712576,689954816,0,176151552,170668032,5439488,170668032,2629632,0,0,0,13629587456,0,0.74
2026-08-30T08:38:08.593Z,1710.033,175239168,689954816,0,172690432,167206912,5439488,167206912,2629632,0,0,0,13630300160,0,0.63
2026-08-30T08:38:18.593Z,1720.033,176381952,689954816,0,173833216,168349696,5439488,168349696,2629632,0,0,0,13627072512,0,0.53
2026-08-30T08:38:28.593Z,1730.033,177856512,689954816,0,175270912,169787392,5439488,169787392,2629632,0,0,0,13628743680,0,0.45
2026-08-30T08:38:38.592Z,1740.032,177860608,689954816,0,175205376,169721856,5439488,169721856,2629632,0,0,0,13630906368,0,0.38
2026-08-30T08:38:48.592Z,1750.032,177401856,689954816,0,174803968,169320448,5439488,169320448,2629632,0,0,0,13630316544,0,0.32
2026-08-30T08:38:58.592Z,1760.032,176119808,689954816,0,173571072,168087552,5439488,168087552,2629632,0,0,0,13631426560,0,0.5
2026-08-30T08:39:08.594Z,1770.034,178307072,689954816,0,175758336,170274816,5439488,170274816,2629632,0,0,0,13629779968,0,0.58
2026-08-30T08:39:18.594Z,1780.034,179855360,689954816,0,177310720,171827200,5439488,171827200,2629632,0,0,0,13625102336,0,0.64
2026-08-30T08:39:28.594Z,1790.034,180400128,689954816,0,177687552,172204032,5439488,172204032,2629632,0,0,0,13618958336,0,0.77
2026-08-30T08:39:38.591Z,1800.031,179445760,689954816,0,176897024,171413504,5439488,171413504,2629632,0,0,0,13627547648,0,0.65
2026-08-30T08:39:48.593Z,1810.033,180891648,689954816,0,178330624,172847104,5439488,172847104,2629632,0,0,0,13626392576,0,0.55
2026-08-30T08:39:58.594Z,1820.034,181555200,689954816,0,178994176,173510656,5439488,173510656,2629632,0,0,0,13617651712,0,0.47
2026-08-30T08:40:08.595Z,1830.035,180891648,689954816,0,178306048,172822528,5439488,172822528,2629632,0,0,0,13617385472,0,0.39
2026-08-30T08:40:18.593Z,1840.033,177934336,689954816,0,175348736,169865216,5439488,169865216,2629632,0,0,0,13621686272,0,0.33
2026-08-30T08:40:28.596Z,1850.036,173297664,689954816,0,170712064,165228544,5439488,165228544,2629632,0,0,0,13624741888,0,0.28
2026-08-30T08:40:38.593Z,1860.033,174084096,689954816,0,171609088,166125568,5439488,166125568,2629632,0,0,0,13624340480,0,0.32
2026-08-30T08:40:48.597Z,1870.037,177426432,689954816,0,174951424,169467904,5439488,169467904,2629632,0,0,0,13623136256,0,0.5
2026-08-30T08:40:58.595Z,1880.035,175124480,689954816,0,172538880,167055360,5439488,167055360,2629632,0,0,0,13625970688,0,0.73
2026-08-30T08:41:08.593Z,1890.033,172777472,689954816,0,170028032,164544512,5439488,164544512,2629632,0,0,0,13626937344,0,0.69
2026-08-30T08:41:18.594Z,1900.034,174563328,689954816,0,171977728,166494208,5439488,166494208,2629632,0,0,0,13625307136,0,0.74
2026-08-30T08:41:28.595Z,1910.035,174514176,689954816,0,171928576,166445056,5439488,166445056,2629632,0,0,0,13628035072,0,0.63
2026-08-30T08:41:38.596Z,1920.036,175366144,689954816,0,172817408,167333888,5439488,167333888,2629632,0,0,0,13626593280,0,0.53
2026-08-30T08:41:48.596Z,1930.036,175702016,689954816,0,172928000,167444480,5439488,167444480,2629632,0,0,0,13625995264,0,0.45
2026-08-30T08:41:58.597Z,1940.037,175783936,689954816,0,173128704,167645184,5439488,167645184,2629632,0,0,0,13623676928,0,0.38
2026-08-30T08:42:08.598Z,1950.038,176406528,689954816,0,173857792,168374272,5439488,168374272,2629632,0,0,0,13622550528,0,0.32
2026-08-30T08:42:18.600Z,1960.04,177586176,689954816,0,175025152,169541632,5439488,169541632,2629632,0,0,0,13622108160,0,0.43
2026-08-30T08:42:28.603Z,1970.043,176967680,689954816,0,174410752,168927232,5439488,168927232,2629632,0,0,0,13622845440,0,0.67
2026-08-30T08:42:38.600Z,1980.04,179093504,689954816,0,176507904,171024384,5439488,171024384,2629632,0,0,0,13621682176,0,0.72
2026-08-30T08:42:48.602Z,1990.042,179052544,689954816,0,176503808,171020288,5439488,171020288,2629632,0,0,0,13618991104,0,0.76
2026-08-30T08:42:58.599Z,2000.039,179912704,689954816,0,177363968,171880448,5439488,171880448,2629632,0,0,0,13617082368,0,0.71
2026-08-30T08:43:08.600Z,2010.04,180199424,689954816,0,177650688,172167168,5439488,172167168,2629632,0,0,0,13619183616,0,0.6
2026-08-30T08:43:18.602Z,2020.042,176484352,689954816,0,173816832,168333312,5439488,168333312,2629632,0,0,0,13625688064,0,0.67
2026-08-30T08:43:28.599Z,2030.039,174821376,689954816,0,172272640,166789120,5439488,166789120,2629632,0,0,0,13624754176,0,0.57
2026-08-30T08:43:38.599Z,2040.039,177344512,689954816,0,174885888,169402368,5439488,169402368,2629632,0,0,0,13623820288,0,0.56
2026-08-30T08:43:48.599Z,2050.039,178409472,689954816,0,175860736,170377216,5439488,170377216,2629632,0,0,0,13624389632,0,0.47
2026-08-30T08:43:58.602Z,2060.042,178511872,689954816,0,175733760,170250240,5439488,170250240,2629632,0,0,0,13621035008,0,0.48
2026-08-30T08:44:08.603Z,2070.043,178634752,689954816,0,176090112,170606592,5439488,170606592,2629632,0,0,0,13622288384,0,0.49
2026-08-30T08:44:18.600Z,2080.04,178585600,689954816,0,176036864,170553344,5439488,170553344,2629632,0,0,0,13624950784,0,0.64
2026-08-30T08:44:28.604Z,2090.044,178200576,689954816,0,175651840,170168320,5439488,170168320,2629632,0,0,0,13625249792,0,0.69
2026-08-30T08:44:38.602Z,2100.042,180273152,689954816,0,177753088,172269568,5439488,172269568,2629632,0,0,0,13621067776,0,0.58
2026-08-30T08:44:48.600Z,2110.04,180543488,689954816,0,177957888,172474368,5439488,172474368,2629632,0,0,0,13622546432,0,0.49
2026-08-30T08:44:58.600Z,2120.04,176910336,689954816,0,174361600,168878080,5439488,168878080,2629632,0,0,0,13627006976,0,0.42
2026-08-30T08:45:08.604Z,2130.044,178704384,689954816,0,176053248,170569728,5439488,170569728,2629632,0,0,0,13624094720,0,0.35
2026-08-30T08:45:18.602Z,2140.042,178880512,689954816,0,176323584,170840064,5439488,170840064,2629632,0,0,0,13625856000,0,0.3
2026-08-30T08:45:28.600Z,2150.04,174608384,689954816,0,172080128,166596608,5439488,166596608,2629632,0,0,0,13621047296,0,0.25
2026-08-30T08:45:38.601Z,2160.041,174678016,689954816,0,172116992,166633472,5439488,166633472,2629632,0,0,0,13624639488,0,0.29
2026-08-30T08:45:48.600Z,2170.04,174301184,689954816,0,171740160,166256640,5439488,166256640,2629632,0,0,0,13623263232,0,0.48
2026-08-30T08:45:58.600Z,2180.04,177025024,689954816,0,174476288,168992768,5439488,168992768,2629632,0,0,0,13622620160,0,0.48
2026-08-30T08:46:08.601Z,2190.041,176021504,689954816,0,173476864,167993344,5439488,167993344,2629632,0,0,0,13623193600,0,0.41
2026-08-30T08:46:18.603Z,2200.043,175783936,689954816,0,173231104,167747584,5439488,167747584,2629632,0,0,0,13619544064,0,0.5
2026-08-30T08:46:28.600Z,2210.04,177324032,689954816,0,174877696,169394176,5439488,169394176,2629632,0,0,0,13620383744,0,0.58
2026-08-30T08:46:38.600Z,2220.04,177012736,689954816,0,174562304,169078784,5439488,169078784,2629632,0,0,0,13622362112,0,0.49
2026-08-30T08:46:48.600Z,2230.04,177512448,689954816,0,174967808,169484288,5439488,169484288,2629632,0,0,0,13621956608,0,0.42
2026-08-30T08:46:58.605Z,2240.045,177561600,689954816,0,175016960,169533440,5439488,169533440,2629632,0,0,0,13621657600,0,0.35
2026-08-30T08:47:08.601Z,2250.041,178143232,689954816,0,175594496,170110976,5439488,170110976,2629632,0,0,0,13622759424,0,0.3
2026-08-30T08:47:18.601Z,2260.041,178491392,689954816,0,175836160,170352640,5439488,170352640,2629632,0,0,0,13617958912,0,0.41
2026-08-30T08:47:28.601Z,2270.041,175816704,689954816,0,173169664,167686144,5439488,167686144,2629632,0,0,0,13621813248,0,0.66
2026-08-30T08:47:38.604Z,2280.044,177037312,689954816,0,174533632,169050112,5439488,169050112,2629632,0,0,0,13622427648,0,0.56
2026-08-30T08:47:48.601Z,2290.041,177745920,689954816,0,175197184,169713664,5439488,169713664,2629632,0,0,0,13623238656,0,0.54
2026-08-30T08:47:58.601Z,2300.041,175947776,689954816,0,173399040,167915520,5439488,167915520,2629632,0,0,0,13624913920,0,0.46
2026-08-30T08:48:08.601Z,2310.041,178720768,689954816,0,176245760,170762240,5439488,170762240,2629632,0,0,0,13619560448,0,0.39
2026-08-30T08:48:18.605Z,2320.045,177872896,689954816,0,175324160,169840640,5439488,169840640,2629632,0,0,0,13619224576,0,0.33
2026-08-30T08:48:28.601Z,2330.041,178978816,689954816,0,176417792,170934272,5439488,170934272,2629632,0,0,0,13620686848,0,0.28
2026-08-30T08:48:38.601Z,2340.041,177041408,689954816,0,174521344,169037824,5439488,169037824,2629632,0,0,0,13622173696,0,0.23
2026-08-30T08:48:48.601Z,2350.041,173883392,689954816,0,171355136,165871616,5439488,165871616,2629632,0,0,0,13622951936,0,0.28
2026-08-30T08:48:58.601Z,2360.041,176820224,689954816,0,174259200,168775680,5439488,168775680,2629632,0,0,0,13622767616,0,0.32
2026-08-30T08:49:08.601Z,2370.041,175419392,689954816,0,172874752,167391232,5439488,167391232,2629632,0,0,0,13623418880,0,0.41
2026-08-30T08:49:18.601Z,2380.041,174006272,689954816,0,171449344,165965824,5439488,165965824,2629632,0,0,0,13620998144,0,0.35
2026-08-30T08:49:28.603Z,2390.043,174153728,689954816,0,171400192,165916672,5439488,165916672,2629632,0,0,0,13621178368,0,0.3
2026-08-30T08:49:38.606Z,2400.046,173719552,689954816,0,171191296,165707776,5439488,165707776,2629632,0,0,0,13625794560,0,0.25
2026-08-30T08:49:48.604Z,2410.044,172634112,689954816,0,170085376,164601856,5439488,164601856,2629632,0,0,0,13624287232,0,0.21
2026-08-30T08:49:58.602Z,2420.042,173326336,689954816,0,170777600,165294080,5439488,165294080,2629632,0,0,0,13621116928,0,0.18
2026-08-30T08:50:08.606Z,2430.046,175353856,689954816,0,172755968,167272448,5439488,167272448,2629632,0,0,0,13623709696,0,0.15
2026-08-30T08:50:18.602Z,2440.042,174288896,689954816,0,171744256,166260736,5439488,166260736,2629632,0,0,0,13623336960,0,0.13
2026-08-30T08:50:28.602Z,2450.042,174616576,689954816,0,172022784,166539264,5439488,166539264,2629632,0,0,0,13616553984,0,0.11
2026-08-30T08:50:38.645Z,2460.085,174583808,689954816,0,171998208,166514688,5439488,166514688,2629632,0,0,0,13619085312,0,0.25
2026-08-30T08:50:48.781Z,2470.221,177930240,689954816,0,175344640,169861120,5439488,169861120,2629632,0,0,0,13615837184,0,0.52
2026-08-30T08:50:58.603Z,2480.043,176680960,689954816,0,174119936,168636416,5439488,168636416,2629632,0,0,0,13618475008,0,0.51
2026-08-30T08:51:08.602Z,2490.042,174895104,689954816,0,172346368,166862848,5439488,166862848,2629632,0,0,0,13619249152,0,0.43
2026-08-30T08:51:18.602Z,2500.042,176197632,689954816,0,173652992,168169472,5439488,168169472,2629632,0,0,0,13619666944,0,0.37
2026-08-30T08:51:28.602Z,2510.042,174100480,689954816,0,171584512,166100992,5439488,166100992,2629632,0,0,0,13617442816,0,0.31
2026-08-30T08:51:38.602Z,2520.042,173330432,689954816,0,170556416,165072896,5439488,165072896,2629632,0,0,0,13621534720,0,0.26
2026-08-30T08:51:48.602Z,2530.042,174792704,689954816,0,172248064,166764544,5439488,166764544,2629632,0,0,0,13624729600,0,0.22
2026-08-30T08:51:58.602Z,2540.042,176574464,689954816,0,174025728,168542208,5439488,168542208,2629632,0,0,0,13619167232,0,0.19
2026-08-30T08:52:08.603Z,2550.043,178200576,689954816,0,175671296,170188800,5439488,170188800,2629632,0,0,0,13566152704,0,0.16
2026-08-30T08:52:18.602Z,2560.042,178970624,689954816,0,176466944,170983424,5439488,170983424,2629632,0,0,0,13562408960,0,0.36
2026-08-30T08:52:28.603Z,2570.043,178057216,689954816,0,175508480,170024960,5439488,170024960,2629632,0,0,0,13601554432,0,0.46
2026-08-30T08:52:38.603Z,2580.043,177008640,689954816,0,174537728,169054208,5439488,169054208,2629632,0,0,0,13613133824,0,0.54
2026-08-30T08:52:48.603Z,2590.043,179068928,689954816,0,176417792,170934272,5439488,170934272,2629632,0,0,0,13610164224,0,0.68
2026-08-30T08:52:58.603Z,2600.043,179449856,689954816,0,176745472,171261952,5439488,171261952,2629632,0,0,0,13595566080,0,0.58
2026-08-30T08:53:08.603Z,2610.043,179376128,689954816,0,176892928,171409408,5439488,171409408,2629632,0,0,0,13608148992,0,0.49
2026-08-30T08:53:18.607Z,2620.047,181764096,689954816,0,179280896,173797376,5439488,173797376,2629632,0,0,0,13608464384,0,0.41
2026-08-30T08:53:28.742Z,2630.182,180277248,689954816,0,177691648,172208128,5439488,172208128,2629632,0,0,0,13615812608,0,0.58
2026-08-30T08:53:38.671Z,2640.111,181018624,689954816,0,178441216,172957696,5439488,172957696,2629632,0,0,0,13614596096,0,0.65
2026-08-30T08:53:48.604Z,2650.044,179171328,689954816,0,176716800,171233280,5439488,171233280,2629632,0,0,0,13613264896,0,0.55
2026-08-30T08:53:58.602Z,2660.042,180719616,689954816,0,178195456,172711936,5439488,172711936,2629632,0,0,0,13610061824,0,0.62
2026-08-30T08:54:08.605Z,2670.045,183083008,689954816,0,180313088,174829568,5439488,174829568,2629632,0,0,0,13607292928,0,0.75
2026-08-30T08:54:18.603Z,2680.043,181915648,689954816,0,179354624,173871104,5439488,173871104,2629632,0,0,0,13610721280,0,0.64
2026-08-30T08:54:28.604Z,2690.044,181547008,689954816,0,178990080,173506560,5439488,173506560,2629632,0,0,0,13609832448,0,0.54
2026-08-30T08:54:38.603Z,2700.043,182296576,689954816,0,179747840,174264320,5439488,174264320,2629632,0,0,0,13609611264,0,0.46
2026-08-30T08:54:48.602Z,2710.042,184827904,689954816,0,182279168,176795648,5439488,176795648,2629632,0,0,0,13608710144,0,0.39
2026-08-30T08:54:58.603Z,2720.043,183496704,689954816,0,180952064,175468544,5439488,175468544,2629632,0,0,0,13605367808,0,0.33
2026-08-30T08:55:08.604Z,2730.044,184860672,689954816,0,182082560,176599040,5439488,176599040,2629632,0,0,0,13604986880,0,0.28
2026-08-30T08:55:18.603Z,2740.043,182833152,689954816,0,180284416,174800896,5439488,174800896,2629632,0,0,0,13610491904,0,0.23
2026-08-30T08:55:28.605Z,2750.045,181805056,689954816,0,179260416,173776896,5439488,173776896,2629632,0,0,0,13612548096,0,0.2
2026-08-30T08:55:38.605Z,2760.045,183939072,689954816,0,181394432,175910912,5439488,175910912,2629632,0,0,0,13610110976,0,0.25
2026-08-30T08:55:48.607Z,2770.047,184655872,689954816,0,182107136,176623616,5439488,176623616,2629632,0,0,0,13608325120,0,0.36
2026-08-30T08:55:58.603Z,2780.043,183255040,689954816,0,180804608,175321088,5439488,175321088,2629632,0,0,0,13610926080,0,0.31
2026-08-30T08:56:08.608Z,2790.048,184639488,689954816,0,182090752,176607232,5439488,176607232,2629632,0,0,0,13610729472,0,0.26
2026-08-30T08:56:18.604Z,2800.044,184233984,689954816,0,181685248,176201728,5439488,176201728,2629632,0,0,0,13612548096,0,0.22
2026-08-30T08:56:28.604Z,2810.044,183046144,689954816,0,180501504,175017984,5439488,175017984,2629632,0,0,0,13615587328,0,0.18
2026-08-30T08:56:38.604Z,2820.044,181157888,689954816,0,178613248,173129728,5439488,173129728,2629632,0,0,0,13618507776,0,0.16
2026-08-30T08:56:48.607Z,2830.047,181342208,689954816,0,178744320,173260800,5439488,173260800,2629632,0,0,0,13615460352,0,0.13
2026-08-30T08:56:58.605Z,2840.045,182661120,689954816,0,180120576,174637056,5439488,174637056,2629632,0,0,0,13610024960,0,0.11
2026-08-30T08:57:08.604Z,2850.044,182890496,689954816,0,180341760,174858240,5439488,174858240,2629632,0,0,0,13611909120,0,0.09
2026-08-30T08:57:18.604Z,2860.044,182046720,689954816,0,179485696,174002176,5439488,174002176,2629632,0,0,0,13612449792,0,0.16
2026-08-30T08:57:28.603Z,2870.043,182841344,689954816,0,180341760,174858240,5439488,174858240,2629632,0,0,0,13614710784,0,0.37
2026-08-30T08:57:38.604Z,2880.044,184135680,689954816,0,181574656,176091136,5439488,176091136,2629632,0,0,0,13621116928,0,0.39
2026-08-30T08:57:48.605Z,2890.045,183582720,689954816,0,181021696,175538176,5439488,175538176,2629632,0,0,0,13624324096,0,0.33
2026-08-30T08:57:58.607Z,2900.047,177029120,689954816,0,174533632,169050112,5439488,169050112,2629632,0,0,0,13631836160,0,0.35
2026-08-30T08:58:08.608Z,2910.048,178225152,689954816,0,175676416,170192896,5439488,170192896,2629632,0,0,0,13629431808,0,0.3
2026-08-30T08:58:18.606Z,2920.046,178503680,689954816,0,175946752,170463232,5439488,170463232,2629632,0,0,0,13627527168,0,0.25
2026-08-30T08:58:28.606Z,2930.046,178151424,689954816,0,175496192,170012672,5439488,170012672,2629632,0,0,0,13628473344,0,0.29
2026-08-30T08:58:38.605Z,2940.045,177668096,689954816,0,175119360,169635840,5439488,169635840,2629632,0,0,0,13628665856,0,0.24
2026-08-30T08:58:48.606Z,2950.046,177926144,689954816,0,175275008,169791488,5439488,169791488,2629632,0,0,0,13631295488,0,0.2
2026-08-30T08:58:58.605Z,2960.045,174669824,689954816,0,172121088,166637568,5439488,166637568,2629632,0,0,0,13634740224,0,0.25
2026-08-30T08:59:08.607Z,2970.047,174579712,689954816,0,172035072,166551552,5439488,166551552,2629632,0,0,0,13632479232,0,0.52
2026-08-30T08:59:18.609Z,2980.049,173731840,689954816,0,171187200,165703680,5439488,165703680,2629632,0,0,0,13636030464,0,0.52
2026-08-30T08:59:28.606Z,2990.046,174243840,689954816,0,171695104,166211584,5439488,166211584,2629632,0,0,0,13635452928,0,0.44
2026-08-30T08:59:38.607Z,3000.047,173862912,689954816,0,171334656,165851136,5439488,165851136,2629632,0,0,0,13636280320,0,0.45
2026-08-30T08:59:48.609Z,3010.049,170328064,689954816,0,167779328,162295808,5439488,162295808,2629632,0,0,0,13635231744,0,0.38
2026-08-30T08:59:59.238Z,3020.678,172830720,689954816,0,170245120,164761600,5439488,164761600,2629632,0,0,0,13638307840,0,0.48
2026-08-30T09:00:09.099Z,3030.539,170819584,689954816,0,168233984,162750464,5439488,162750464,2629632,0,0,0,13637234688,0,0.64
2026-08-30T09:00:18.643Z,3040.083,172740608,689954816,0,170155008,164671488,5439488,164671488,2629632,0,0,0,13629804544,0,0.85
2026-08-30T09:00:28.609Z,3050.049,175243264,689954816,0,172592128,167108608,5439488,167108608,2629632,0,0,0,13632651264,0,0.79
2026-08-30T09:00:38.606Z,3060.046,173191168,689954816,0,170662912,165179392,5439488,165179392,2629632,0,0,0,13631549440,0,0.67
2026-08-30T09:00:48.606Z,3070.046,173506560,689954816,0,170851328,165367808,5439488,165367808,2629632,0,0,0,13632413696,0,0.72
2026-08-30T09:00:58.606Z,3080.046,173596672,689954816,0,171097088,165613568,5439488,165613568,2629632,0,0,0,13623328768,0,0.76
2026-08-30T09:01:08.605Z,3090.045,176209920,689954816,0,173661184,168177664,5439488,168177664,2629632,0,0,0,13625012224,0,0.87
2026-08-30T09:01:18.605Z,3100.045,176771072,689954816,0,174226432,168742912,5439488,168742912,2629632,0,0,0,13627125760,0,0.89
2026-08-30T09:01:28.607Z,3110.047,178810880,689954816,0,176155648,170672128,5439488,170672128,2629632,0,0,0,13625094144,0,0.83
2026-08-30T09:01:38.598Z,3120.038,178696192,689954816,0,176151552,170668032,5439488,170668032,2629632,0,0,0,13625368576,0,0.7
2026-08-30T09:01:48.609Z,3130.049,178405376,689954816,0,175844352,170360832,5439488,170360832,2629632,0,0,0,13624537088,0,0.59
2026-08-30T09:01:58.607Z,3140.047,178049024,689954816,0,175500288,170016768,5439488,170016768,2629632,0,0,0,13622099968,0,0.5
2026-08-30T09:02:08.609Z,3150.049,175742976,689954816,0,173243392,167759872,5439488,167759872,2629632,0,0,0,13621501952,0,0.42
2026-08-30T09:02:18.606Z,3160.046,172494848,689954816,0,169946112,164462592,5439488,164462592,2629632,0,0,0,13625257984,0,0.59
2026-08-30T09:02:28.608Z,3170.048,171134976,689954816,0,168586240,163102720,5439488,163102720,2629632,0,0,0,13625946112,0,0.65
2026-08-30T09:02:38.607Z,3180.047,173957120,689954816,0,171318272,165834752,5439488,165834752,2629632,0,0,0,13625905152,0,0.78
2026-08-30T09:02:48.608Z,3190.048,175763456,689954816,0,173202432,167718912,5439488,167718912,2629632,0,0,0,13621772288,0,0.97
2026-08-30T09:02:58.606Z,3200.046,176242688,689954816,0,173591552,168108032,5439488,168108032,2629632,0,0,0,13624889344,0,0.82
2026-08-30T09:03:08.609Z,3210.049,177565696,689954816,0,175016960,169533440,5439488,169533440,2629632,0,0,0,13625212928,0,0.7
2026-08-30T09:03:18.607Z,3220.047,176992256,689954816,0,174431232,168947712,5439488,168947712,2629632,0,0,0,13622259712,0,0.59
2026-08-30T09:03:28.607Z,3230.047,175869952,689954816,0,173308928,167825408,5439488,167825408,2629632,0,0,0,13623029760,0,0.57
2026-08-30T09:03:38.608Z,3240.048,177745920,689954816,0,175184896,169701376,5439488,169701376,2629632,0,0,0,13622005760,0,0.48
2026-08-30T09:03:48.607Z,3250.047,176664576,689954816,0,174119936,168636416,5439488,168636416,2629632,0,0,0,13621379072,0,0.41
2026-08-30T09:03:58.607Z,3260.047,178458624,689954816,0,175909888,170426368,5439488,170426368,2629632,0,0,0,13621682176,0,0.43
2026-08-30T09:04:08.607Z,3270.047,173981696,689954816,0,171432960,165949440,5439488,165949440,2629632,0,0,0,13628391424,0,0.59
2026-08-30T09:04:18.608Z,3280.048,175562752,689954816,0,173014016,167530496,5439488,167530496,2629632,0,0,0,13625004032,0,0.74
2026-08-30T09:04:28.609Z,3290.049,177278976,689954816,0,174717952,169234432,5439488,169234432,2629632,0,0,0,13624332288,0,0.93
2026-08-30T09:04:38.608Z,3300.048,178876416,689954816,0,176315392,170831872,5439488,170831872,2629632,0,0,0,13626392576,0,0.79
2026-08-30T09:04:48.607Z,3310.047,179126272,689954816,0,176577536,171094016,5439488,171094016,2629632,0,0,0,13625044992,0,0.67
2026-08-30T09:04:58.609Z,3320.049,179544064,689954816,0,176995328,171511808,5439488,171511808,2629632,0,0,0,13626105856,0,0.56
2026-08-30T09:05:08.608Z,3330.048,181923840,689954816,0,179362816,173879296,5439488,173879296,2629632,0,0,0,13622657024,0,0.48
2026-08-30T09:05:18.610Z,3340.05,183021568,689954816,0,180485120,175001600,5439488,175001600,2629632,0,0,0,13620817920,0,0.4
2026-08-30T09:05:28.609Z,3350.049,181805056,689954816,0,179256320,173772800,5439488,173772800,2629632,0,0,0,13623881728,0,0.34
2026-08-30T09:05:38.612Z,3360.052,184590336,689954816,0,182045696,176562176,5439488,176562176,2629632,0,0,0,13620768768,0,0.37
2026-08-30T09:05:48.608Z,3370.048,186142720,689954816,0,183593984,178110464,5439488,178110464,2629632,0,0,0,13614477312,0,0.47
2026-08-30T09:05:58.610Z,3380.05,182067200,689954816,0,179518464,174034944,5439488,174034944,2629632,0,0,0,13614145536,0,0.7
2026-08-30T09:06:08.608Z,3390.048,179580928,689954816,0,177036288,171552768,5439488,171552768,2629632,0,0,0,13619908608,0,0.59
2026-08-30T09:06:18.610Z,3400.05,180023296,689954816,0,177466368,171982848,5439488,171982848,2629632,0,0,0,13619036160,0,0.65
2026-08-30T09:06:28.612Z,3410.052,179720192,689954816,0,177183744,171700224,5439488,171700224,2629632,0,0,0,13617831936,0,0.55
2026-08-30T09:06:38.610Z,3420.05,181309440,689954816,0,178760704,173277184,5439488,173277184,2629632,0,0,0,13619232768,0,0.46
2026-08-30T09:06:48.608Z,3430.048,180715520,689954816,0,178203648,172720128,5439488,172720128,2629632,0,0,0,13618614272,0,0.39
2026-08-30T09:06:58.608Z,3440.048,180805632,689954816,0,178256896,172773376,5439488,172773376,2629632,0,0,0,13619630080,0,0.33
2026-08-30T09:07:08.608Z,3450.048,181555200,689954816,0,179014656,173531136,5439488,173531136,2629632,0,0,0,13619474432,0,0.28
2026-08-30T09:07:18.608Z,3460.048,181002240,689954816,0,178453504,172969984,5439488,172969984,2629632,0,0,0,13620551680,0,0.4
2026-08-30T09:07:28.609Z,3470.049,178348032,689954816,0,175787008,170303488,5439488,170303488,2629632,0,0,0,13624500224,0,0.64
2026-08-30T09:07:38.609Z,3480.049,177786880,689954816,0,175242240,169758720,5439488,169758720,2629632,0,0,0,13623463936,0,0.7
2026-08-30T09:07:48.609Z,3490.049,178786304,689954816,0,176249856,170766336,5439488,170766336,2629632,0,0,0,13625090048,0,0.97
2026-08-30T09:07:58.608Z,3500.048,178483200,689954816,0,175922176,170438656,5439488,170438656,2629632,0,0,0,13624209408,0,0.97
2026-08-30T09:08:08.611Z,3510.051,178180096,689954816,0,175516672,170033152,5439488,170033152,2629632,0,0,0,13623771136,0,1.06
2026-08-30T09:08:18.613Z,3520.053,178044928,689954816,0,175520768,170037248,5439488,170037248,2629632,0,0,0,13620617216,0,0.9
2026-08-30T09:08:28.610Z,3530.05,178786304,689954816,0,176237568,170754048,5439488,170754048,2629632,0,0,0,13622718464,0,0.76
2026-08-30T09:08:38.613Z,3540.053,179961856,689954816,0,177417216,171933696,5439488,171933696,2629632,0,0,0,13620248576,0,0.72
2026-08-30T09:08:48.611Z,3550.051,178790400,689954816,0,176245760,170762240,5439488,170762240,2629632,0,0,0,13622870016,0,0.61
2026-08-30T09:08:58.615Z,3560.055,179585024,689954816,0,176946176,171462656,5439488,171462656,2629632,0,0,0,13622181888,0,0.51
2026-08-30T09:09:08.612Z,3570.052,180785152,689954816,0,178260992,172777472,5439488,172777472,2629632,0,0,0,13619576832,0,0.43
2026-08-30T09:09:18.612Z,3580.052,181383168,689954816,0,178887680,173404160,5439488,173404160,2629632,0,0,0,13621239808,0,0.59
2026-08-30T09:09:28.612Z,3590.052,177917952,689954816,0,175266816,169783296,5439488,169783296,2629632,0,0,0,13618237440,0,0.66
2026-08-30T09:09:38.612Z,3600.052,180637696,689954816,0,178088960,172605440,5439488,172605440,2629632,0,0,0,13625462784,0,0.79
2026-08-30T09:09:48.612Z,3610.052,175800320,689954816,0,173272064,167788544,5439488,167788544,2629632,0,0,0,13630529536,0,0.82
2026-08-30T09:09:58.612Z,3620.052,176988160,689954816,0,174443520,168960000,5439488,168960000,2629632,0,0,0,13629882368,0,0.69
2026-08-30T09:10:08.616Z,3630.056,178401280,689954816,0,175852544,170369024,5439488,170369024,2629632,0,0,0,13628784640,0,0.58
2026-08-30T09:10:18.612Z,3640.052,178290688,689954816,0,175746048,170262528,5439488,170262528,2629632,0,0,0,13626609664,0,0.49
2026-08-30T09:10:28.613Z,3650.053,177373184,689954816,0,174812160,169328640,5439488,169328640,2629632,0,0,0,13627994112,0,0.42
2026-08-30T09:10:38.612Z,3660.052,174133248,689954816,0,171645952,166162432,5439488,166162432,2629632,0,0,0,13633867776,0,0.58
2026-08-30T09:10:48.612Z,3670.052,175439872,689954816,0,172887040,167403520,5439488,167403520,2629632,0,0,0,13627985920,0,0.72
2026-08-30T09:10:58.612Z,3680.052,176066560,689954816,0,173505536,168022016,5439488,168022016,2629632,0,0,0,13631234048,0,0.76
2026-08-30T09:11:08.614Z,3690.054,175579136,689954816,0,173018112,167534592,5439488,167534592,2629632,0,0,0,13629480960,0,0.87
2026-08-30T09:11:18.613Z,3700.053,175050752,689954816,0,172489728,167006208,5439488,167006208,2629632,0,0,0,13631946752,0,0.74
2026-08-30T09:11:28.614Z,3710.054,176967680,689954816,0,174439424,168955904,5439488,168955904,2629632,0,0,0,13619478528,0,0.62
2026-08-30T09:11:38.613Z,3720.053,178405376,689954816,0,175844352,170360832,5439488,170360832,2629632,0,0,0,13619429376,0,0.53
2026-08-30T09:11:48.617Z,3730.057,178225152,689954816,0,175762432,170278912,5439488,170278912,2629632,0,0,0,13619691520,0,0.45
2026-08-30T09:11:58.614Z,3740.054,174284800,689954816,0,171723776,166240256,5439488,166240256,2629632,0,0,0,13622636544,0,0.38
2026-08-30T09:12:08.615Z,3750.055,177770496,689954816,0,175221760,169738240,5439488,169738240,2629632,0,0,0,13620887552,0,0.32
2026-08-30T09:12:18.615Z,3760.055,178335744,689954816,0,175774720,170291200,5439488,170291200,2629632,0,0,0,13620572160,0,0.42
2026-08-30T09:12:28.615Z,3770.055,179265536,689954816,0,176704512,171220992,5439488,171220992,2629632,0,0,0,13616381952,0,0.59
2026-08-30T09:12:38.616Z,3780.056,179191808,689954816,0,176708608,171225088,5439488,171225088,2629632,0,0,0,13616422912,0,0.8
2026-08-30T09:12:48.616Z,3790.056,178663424,689954816,0,176126976,170643456,5439488,170643456,2629632,0,0,0,13618610176,0,0.91
2026-08-30T09:12:58.615Z,3800.055,175194112,689954816,0,172633088,167149568,5439488,167149568,2629632,0,0,0,13624999936,0,0.77
2026-08-30T09:13:08.619Z,3810.059,176295936,689954816,0,173739008,168255488,5439488,168255488,2629632,0,0,0,13623930880,0,0.72
2026-08-30T09:13:18.614Z,3820.054,174002176,689954816,0,171453440,165969920,5439488,165969920,2629632,0,0,0,13624160256,0,0.61
2026-08-30T09:13:28.615Z,3830.055,174559232,689954816,0,172010496,166526976,5439488,166526976,2629632,0,0,0,13623672832,0,0.52
2026-08-30T09:13:38.619Z,3840.059,175800320,689954816,0,173341696,167858176,5439488,167858176,2629632,0,0,0,13621301248,0,0.44
2026-08-30T09:13:48.619Z,3850.059,175931392,689954816,0,173345792,167862272,5439488,167862272,2629632,0,0,0,13622362112,0,0.37
2026-08-30T09:13:58.616Z,3860.056,176517120,689954816,0,173861888,168378368,5439488,168378368,2629632,0,0,0,13625548800,0,0.39
2026-08-30T09:14:08.616Z,3870.056,176189440,689954816,0,173603840,168120320,5439488,168120320,2629632,0,0,0,13623058432,0,0.49
2026-08-30T09:14:18.616Z,3880.056,176730112,689954816,0,174197760,168714240,5439488,168714240,2629632,0,0,0,13620854784,0,0.57
2026-08-30T09:14:28.616Z,3890.056,178847744,689954816,0,176303104,170819584,5439488,170819584,2629632,0,0,0,13623672832,0,0.71
2026-08-30T09:14:38.617Z,3900.057,175910912,689954816,0,173325312,167841792,5439488,167841792,2629632,0,0,0,13626449920,0,0.6
2026-08-30T09:14:48.618Z,3910.058,179228672,689954816,0,176679936,171196416,5439488,171196416,2629632,0,0,0,13623570432,0,0.51
2026-08-30T09:14:58.617Z,3920.057,180457472,689954816,0,177921024,172437504,5439488,172437504,2629632,0,0,0,13622300672,0,0.51
2026-08-30T09:15:08.618Z,3930.058,182743040,689954816,0,180210688,174727168,5439488,174727168,2629632,0,0,0,13623107584,0,0.43
2026-08-30T09:15:18.623Z,3940.063,177561600,689954816,0,175057920,169574400,5439488,169574400,2629632,0,0,0,13618700288,0,0.36
2026-08-30T09:15:28.619Z,3950.059,178847744,689954816,0,176299008,170815488,5439488,170815488,2629632,0,0,0,13621923840,0,0.46
2026-08-30T09:15:38.617Z,3960.057,178339840,689954816,0,175840256,170356736,5439488,170356736,2629632,0,0,0,13623660544,0,0.54
2026-08-30T09:15:48.619Z,3970.059,179961856,689954816,0,177376256,171892736,5439488,171892736,2629632,0,0,0,13621821440,0,0.69
2026-08-30T09:15:58.617Z,3980.057,183398400,689954816,0,180841472,175357952,5439488,175357952,2629632,0,0,0,13615620096,0,0.74
2026-08-30T09:16:08.618Z,3990.058,184479744,689954816,0,181918720,176435200,5439488,176435200,2629632,0,0,0,13617958912,0,0.86
2026-08-30T09:16:18.617Z,4000.057,183078912,689954816,0,180493312,175009792,5439488,175009792,2629632,0,0,0,13619613696,0,0.72
2026-08-30T09:16:28.618Z,4010.058,184664064,689954816,0,182078464,176594944,5439488,176594944,2629632,0,0,0,13617516544,0,0.61
2026-08-30T09:16:38.619Z,4020.059,185405440,689954816,0,182844416,177360896,5439488,177360896,2629632,0,0,0,13615734784,0,0.52
2026-08-30T09:16:48.619Z,4030.059,185184256,689954816,0,182623232,177139712,5439488,177139712,2629632,0,0,0,13619556352,0,0.51
2026-08-30T09:16:58.618Z,4040.058,184967168,689954816,0,182496256,177012736,5439488,177012736,2629632,0,0,0,13618573312,0,0.43
2026-08-30T09:17:08.620Z,4050.06,182751232,689954816,0,180206592,174723072,5439488,174723072,2629632,0,0,0,13619982336,0,0.44
2026-08-30T09:17:18.619Z,4060.059,184143872,689954816,0,181591040,176107520,5439488,176107520,2629632,0,0,0,13619781632,0,0.45
2026-08-30T09:17:28.620Z,4070.06,184029184,689954816,0,181419008,175935488,5439488,175935488,2629632,0,0,0,13620199424,0,0.46
2026-08-30T09:17:38.620Z,4080.06,184365056,689954816,0,181804032,176320512,5439488,176320512,2629632,0,0,0,13622243328,0,0.62
2026-08-30T09:17:48.620Z,4090.06,184422400,689954816,0,181861376,176377856,5439488,176377856,2629632,0,0,0,13620768768,0,0.6
2026-08-30T09:17:58.620Z,4100.06,180715520,689954816,0,178154496,172670976,5439488,172670976,2629632,0,0,0,13621411840,0,0.51
2026-08-30T09:18:08.620Z,4110.06,182063104,689954816,0,179567616,174084096,5439488,174084096,2629632,0,0,0,13619027968,0,0.5
2026-08-30T09:18:18.618Z,4120.058,180449280,689954816,0,177998848,172515328,5439488,172515328,2629632,0,0,0,13622149120,0,0.51
2026-08-30T09:18:28.625Z,4130.065,185049088,689954816,0,182553600,177070080,5439488,177070080,2629632,0,0,0,13617426432,0,0.43
2026-08-30T09:18:38.618Z,4140.058,184971264,689954816,0,182303744,176820224,5439488,176820224,2629632,0,0,0,13615968256,0,0.44
2026-08-30T09:18:48.617Z,4150.057,184373248,689954816,0,181816320,176332800,5439488,176332800,2629632,0,0,0,13615267840,0,0.37
2026-08-30T09:18:58.620Z,4160.06,181374976,689954816,0,178826240,173342720,5439488,173342720,2629632,0,0,0,13620047872,0,0.55
2026-08-30T09:19:08.620Z,4170.06,181788672,689954816,0,179125248,173641728,5439488,173641728,2629632,0,0,0,13617225728,0,0.62
2026-08-30T09:19:18.618Z,4180.058,181702656,689954816,0,179162112,173678592,5439488,173678592,2629632,0,0,0,13617692672,0,0.52
2026-08-30T09:19:28.623Z,4190.063,182509568,689954816,0,180001792,174518272,5439488,174518272,2629632,0,0,0,13618765824,0,0.52
2026-08-30T09:19:38.622Z,4200.062,183967744,689954816,0,181459968,175976448,5439488,175976448,2629632,0,0,0,13618114560,0,0.44
2026-08-30T09:19:48.619Z,4210.059,183164928,689954816,0,180616192,175132672,5439488,175132672,2629632,0,0,0,13622915072,0,0.37
2026-08-30T09:19:58.624Z,4220.064,180621312,689954816,0,178117632,172634112,5439488,172634112,2629632,0,0,0,13624541184,0,0.31
2026-08-30T09:20:08.621Z,4230.061,177844224,689954816,0,175283200,169799680,5439488,169799680,2629632,0,0,0,13624320000,0,0.26
2026-08-30T09:20:18.618Z,4240.058,179130368,689954816,0,176581632,171098112,5439488,171098112,2629632,0,0,0,13625155584,0,0.22
2026-08-30T09:20:28.618Z,4250.058,179179520,689954816,0,176618496,171134976,5439488,171134976,2629632,0,0,0,13626359808,0,0.19
2026-08-30T09:20:38.619Z,4260.059,175984640,689954816,0,173431808,167948288,5439488,167948288,2629632,0,0,0,13629788160,0,0.32
2026-08-30T09:20:48.622Z,4270.062,176455680,689954816,0,173902848,168419328,5439488,168419328,2629632,0,0,0,13632479232,0,0.42
2026-08-30T09:20:58.621Z,4280.061,176459776,689954816,0,173911040,168427520,5439488,168427520,2629632,0,0,0,13633839104,0,0.36
2026-08-30T09:21:08.620Z,4290.06,176697344,689954816,0,174042112,168558592,5439488,168558592,2629632,0,0,0,13630365696,0,0.3
2026-08-30T09:21:18.624Z,4300.064,172830720,689954816,0,170277888,164794368,5439488,164794368,2629632,0,0,0,13632589824,0,0.26
2026-08-30T09:21:28.619Z,4310.059,173137920,689954816,0,170576896,165093376,5439488,165093376,2629632,0,0,0,13626974208,0,0.22
2026-08-30T09:21:38.622Z,4320.062,176410624,689954816,0,173857792,168374272,5439488,168374272,2629632,0,0,0,13626728448,0,0.18
2026-08-30T09:21:48.622Z,4330.061,176414720,689954816,0,173865984,168382464,5439488,168382464,2629632,0,0,0,13627899904,0,0.15
2026-08-30T09:21:58.620Z,4340.06,176168960,689954816,0,173624320,168140800,5439488,168140800,2629632,0,0,0,13618753536,0,0.13
2026-08-30T09:22:08.622Z,4350.062,176820224,689954816,0,174283776,168800256,5439488,168800256,2629632,0,0,0,13618016256,0,0.11
2026-08-30T09:22:19.356Z,4360.796,177770496,689954816,0,175184896,169701376,5439488,169701376,2629632,0,0,0,13624856576,0,0.17
2026-08-30T09:22:29.183Z,4370.623,177131520,689954816,0,174545920,169062400,5439488,169062400,2629632,0,0,0,13624713216,0,0.45
2026-08-30T09:22:39.133Z,4380.573,177549312,689954816,0,174963712,169480192,5439488,169480192,2629632,0,0,0,13623980032,0,0.61
2026-08-30T09:22:48.671Z,4390.111,179769344,689954816,0,177187840,171704320,5439488,171704320,2629632,0,0,0,13616324608,0,0.9
2026-08-30T09:22:58.626Z,4400.066,180559872,689954816,0,177974272,172490752,5439488,172490752,2629632,0,0,0,13621104640,0,0.76
2026-08-30T09:23:08.624Z,4410.064,178581504,689954816,0,176032768,170549248,5439488,170549248,2629632,0,0,0,13622616064,0,0.64
2026-08-30T09:23:18.625Z,4420.065,175063040,689954816,0,172502016,167018496,5439488,167018496,2629632,0,0,0,13621436416,0,0.54
2026-08-30T09:23:28.623Z,4430.063,176046080,689954816,0,173485056,168001536,5439488,168001536,2629632,0,0,0,13623685120,0,0.46
2026-08-30T09:23:38.627Z,4440.067,176357376,689954816,0,173796352,168312832,5439488,168312832,2629632,0,0,0,13621760000,0,0.39
2026-08-30T09:23:48.625Z,4450.065,176189440,689954816,0,173640704,168157184,5439488,168157184,2629632,0,0,0,13625729024,0,0.33
2026-08-30T09:23:58.623Z,4460.063,174481408,689954816,0,171924480,166440960,5439488,166440960,2629632,0,0,0,13626511360,0,0.36
2026-08-30T09:24:08.625Z,4470.065,176390144,689954816,0,173829120,168345600,5439488,168345600,2629632,0,0,0,13623357440,0,0.46
2026-08-30T09:24:18.623Z,4480.063,175128576,689954816,0,172579840,167096320,5439488,167096320,2629632,0,0,0,13622665216,0,0.62
2026-08-30T09:24:28.623Z,4490.063,177524736,689954816,0,175004672,169521152,5439488,169521152,2629632,0,0,0,13623275520,0,0.6
2026-08-30T09:24:38.624Z,4500.064,178270208,689954816,0,175721472,170237952,5439488,170237952,2629632,0,0,0,13627240448,0,0.51
2026-08-30T09:24:48.623Z,4510.063,178053120,689954816,0,175492096,170008576,5439488,170008576,2629632,0,0,0,13628678144,0,0.43
2026-08-30T09:24:58.624Z,4520.064,180482048,689954816,0,177957888,172474368,5439488,172474368,2629632,0,0,0,13623672832,0,0.36
2026-08-30T09:25:08.623Z,4530.063,180498432,689954816,0,177884160,172400640,5439488,172400640,2629632,0,0,0,13625188352,0,0.31
2026-08-30T09:25:18.624Z,4540.064,181256192,689954816,0,178695168,173211648,5439488,173211648,2629632,0,0,0,13623836672,0,0.33
2026-08-30T09:25:28.627Z,4550.067,181596160,689954816,0,179051520,173568000,5439488,173568000,2629632,0,0,0,13623697408,0,0.28
2026-08-30T09:25:38.623Z,4560.063,179187712,689954816,0,176630784,171147264,5439488,171147264,2629632,0,0,0,13628088320,0,0.24
2026-08-30T09:25:48.623Z,4570.063,179081216,689954816,0,176536576,171053056,5439488,171053056,2629632,0,0,0,13626834944,0,0.35
2026-08-30T09:25:58.628Z,4580.068,179040256,689954816,0,176479232,170995712,5439488,170995712,2629632,0,0,0,13625294848,0,0.53
2026-08-30T09:26:08.623Z,4590.063,178671616,689954816,0,176167936,170684416,5439488,170684416,2629632,0,0,0,13625204736,0,0.6
2026-08-30T09:26:18.627Z,4600.067,179875840,689954816,0,177327104,171843584,5439488,171843584,2629632,0,0,0,13621927936,0,0.66
2026-08-30T09:26:28.623Z,4610.063,179539968,689954816,0,176991232,171507712,5439488,171507712,2629632,0,0,0,13621358592,0,0.56
2026-08-30T09:26:38.626Z,4620.066,179912704,689954816,0,177363968,171880448,5439488,171880448,2629632,0,0,0,13623984128,0,0.47
2026-08-30T09:26:48.624Z,4630.064,181452800,689954816,0,178699264,173215744,5439488,173215744,2629632,0,0,0,13623320576,0,0.4
2026-08-30T09:26:58.623Z,4640.063,181497856,689954816,0,178953216,173469696,5439488,173469696,2629632,0,0,0,13620367360,0,0.34
2026-08-30T09:27:08.628Z,4650.068,183484416,689954816,0,180939776,175456256,5439488,175456256,2629632,0,0,0,13618769920,0,0.29
2026-08-30T09:27:18.624Z,4660.064,180609024,689954816,0,178064384,172580864,5439488,172580864,2629632,0,0,0,13621710848,0,0.32
2026-08-30T09:27:28.624Z,4670.064,180563968,689954816,0,178015232,172531712,5439488,172531712,2629632,0,0,0,13613637632,0,0.5
2026-08-30T09:27:38.623Z,4680.063,180252672,689954816,0,177720320,172236800,5439488,172236800,2629632,0,0,0,13620985856,0,0.58
2026-08-30T09:27:48.626Z,4690.066,178634752,689954816,0,176090112,170606592,5439488,170606592,2629632,0,0,0,13621374976,0,0.72
2026-08-30T09:27:58.626Z,4700.066,180445184,689954816,0,177884160,172400640,5439488,172400640,2629632,0,0,0,13621383168,0,0.61
2026-08-30T09:28:08.630Z,4710.07,176881664,689954816,0,174296064,168812544,5439488,168812544,2629632,0,0,0,13623271424,0,0.51
2026-08-30T09:28:18.628Z,4720.068,177410048,689954816,0,174898176,169414656,5439488,169414656,2629632,0,0,0,13623746560,0,0.43
2026-08-30T09:28:28.625Z,4730.065,177082368,689954816,0,174521344,169037824,5439488,169037824,2629632,0,0,0,13627781120,0,0.37
2026-08-30T09:28:38.624Z,4740.064,175013888,689954816,0,172465152,166981632,5439488,166981632,2629632,0,0,0,13625606144,0,0.31
2026-08-30T09:28:48.624Z,4750.064,175915008,689954816,0,173366272,167882752,5439488,167882752,2629632,0,0,0,13624520704,0,0.26
2026-08-30T09:28:58.627Z,4760.067,177209344,689954816,0,174697472,169213952,5439488,169213952,2629632,0,0,0,13622575104,0,0.38
2026-08-30T09:29:08.627Z,4770.067,173391872,689954816,0,170843136,165359616,5439488,165359616,2629632,0,0,0,13620187136,0,0.48
2026-08-30T09:29:18.626Z,4780.066,173588480,689954816,0,170933248,165449728,5439488,165449728,2629632,0,0,0,13622157312,0,0.56
2026-08-30T09:29:28.625Z,4790.065,174174208,689954816,0,171658240,166174720,5439488,166174720,2629632,0,0,0,13622157312,0,0.62
2026-08-30T09:29:38.624Z,4800.064,173797376,689954816,0,171334656,165851136,5439488,165851136,2629632,0,0,0,13621760000,0,0.52
2026-08-30T09:29:48.627Z,4810.067,174346240,689954816,0,171826176,166342656,5439488,166342656,2629632,0,0,0,13620793344,0,0.44
2026-08-30T09:29:58.627Z,4820.067,175030272,689954816,0,172469248,166985728,5439488,166985728,2629632,0,0,0,13621571584,0,0.37
2026-08-30T09:30:08.626Z,4830.066,175738880,689954816,0,173247488,167763968,5439488,167763968,2629632,0,0,0,13621456896,0,0.32
2026-08-30T09:30:18.625Z,4840.065,176852992,689954816,0,174304256,168820736,5439488,168820736,2629632,0,0,0,13616074752,0,0.42
2026-08-30T09:30:28.625Z,4850.065,176467968,689954816,0,173976576,168493056,5439488,168493056,2629632,0,0,0,13618671616,0,0.36
2026-08-30T09:30:38.627Z,4860.067,177045504,689954816,0,174500864,169017344,5439488,169017344,2629632,0,0,0,13621854208,0,0.46
2026-08-30T09:30:48.625Z,4870.065,176529408,689954816,0,174054400,168570880,5439488,168570880,2629632,0,0,0,13623517184,0,0.54
2026-08-30T09:30:58.628Z,4880.068,178872320,689954816,0,176380928,170897408,5439488,170897408,2629632,0,0,0,13615661056,0,0.68
2026-08-30T09:31:08.628Z,4890.068,175652864,689954816,0,173104128,167620608,5439488,167620608,2629632,0,0,0,13618548736,0,0.81
2026-08-30T09:31:18.627Z,4900.067,178331648,689954816,0,175787008,170303488,5439488,170303488,2629632,0,0,0,13616152576,0,0.76
2026-08-30T09:31:28.625Z,4910.065,179793920,689954816,0,177331200,171847680,5439488,171847680,2629632,0,0,0,13617020928,0,0.89
2026-08-30T09:31:38.624Z,4920.064,179625984,689954816,0,177077248,171593728,5439488,171593728,2629632,0,0,0,13615579136,0,0.91
2026-08-30T09:31:48.625Z,4930.065,180510720,689954816,0,177855488,172371968,5439488,172371968,2629632,0,0,0,13614137344,0,0.93
2026-08-30T09:31:58.627Z,4940.067,180633600,689954816,0,178154496,172670976,5439488,172670976,2629632,0,0,0,13619695616,0,0.87
2026-08-30T09:32:08.627Z,4950.067,182788096,689954816,0,180227072,174743552,5439488,174743552,2629632,0,0,0,13616537600,0,0.81
2026-08-30T09:32:18.625Z,4960.065,179167232,689954816,0,176606208,171122688,5439488,171122688,2629632,0,0,0,13615669248,0,0.92
2026-08-30T09:32:28.625Z,4970.065,179965952,689954816,0,177417216,171933696,5439488,171933696,2629632,0,0,0,13614157824,0,1.01
2026-08-30T09:32:38.625Z,4980.065,180445184,689954816,0,177814528,172331008,5439488,172331008,2629632,0,0,0,13614768128,0,1.01
2026-08-30T09:32:48.629Z,4990.069,179347456,689954816,0,176798720,171315200,5439488,171315200,2629632,0,0,0,13616021504,0,1.01
2026-08-30T09:32:58.625Z,5000.065,175886336,689954816,0,173325312,167841792,5439488,167841792,2629632,0,0,0,13618110464,0,1.01
2026-08-30T09:33:08.626Z,5010.066,176926720,689954816,0,174377984,168894464,5439488,168894464,2629632,0,0,0,13617479680,0,1.02
2026-08-30T09:33:18.625Z,5020.065,172761088,689954816,0,170245120,164761600,5439488,164761600,2629632,0,0,0,13619253248,0,0.94
2026-08-30T09:33:28.626Z,5030.066,174268416,689954816,0,171719680,166236160,5439488,166236160,2629632,0,0,0,13614010368,0,0.96
2026-08-30T09:33:38.625Z,5040.065,173584384,689954816,0,171035648,165552128,5439488,165552128,2629632,0,0,0,13618225152,0,0.81
2026-08-30T09:33:48.626Z,5050.066,173191168,689954816,0,170642432,165158912,5439488,165158912,2629632,0,0,0,13620318208,0,0.76
2026-08-30T09:33:58.626Z,5060.066,174964736,689954816,0,172456960,166973440,5439488,166973440,2629632,0,0,0,13620563968,0,0.64
2026-08-30T09:34:08.638Z,5070.078,176738304,689954816,0,174152704,168669184,5439488,168669184,2629632,0,0,0,13622812672,0,0.54
2026-08-30T09:34:18.625Z,5080.065,175575040,689954816,0,173042688,167559168,5439488,167559168,2629632,0,0,0,13622337536,0,0.69
2026-08-30T09:34:28.625Z,5090.065,176209920,689954816,0,173698048,168214528,5439488,168214528,2629632,0,0,0,13621964800,0,0.81
2026-08-30T09:34:38.627Z,5100.067,175427584,689954816,0,172645376,167161856,5439488,167161856,2629632,0,0,0,13623767040,0,0.92
2026-08-30T09:34:48.626Z,5110.066,174125056,689954816,0,171576320,166092800,5439488,166092800,2629632,0,0,0,13624770560,0,0.92
2026-08-30T09:34:58.626Z,5120.066,174927872,689954816,0,172358656,166875136,5439488,166875136,2629632,0,0,0,13624246272,0,0.78
2026-08-30T09:35:08.626Z,5130.066,174911488,689954816,0,172145664,166662144,5439488,166662144,2629632,0,0,0,13623033856,0,0.66
2026-08-30T09:35:18.625Z,5140.065,173756416,689954816,0,171289600,165806080,5439488,165806080,2629632,0,0,0,13622906880,0,0.56
2026-08-30T09:35:28.625Z,5150.065,171712512,689954816,0,169163776,163680256,5439488,163680256,2629632,0,0,0,13625413632,0,0.47
2026-08-30T09:35:38.626Z,5160.066,173862912,689954816,0,171375616,165892096,5439488,165892096,2629632,0,0,0,13624213504,0,0.55
2026-08-30T09:35:48.626Z,5170.066,176054272,689954816,0,173505536,168022016,5439488,168022016,2629632,0,0,0,13621932032,0,0.78
2026-08-30T09:35:58.626Z,5180.066,176259072,689954816,0,173607936,168124416,5439488,168124416,2629632,0,0,0,13622001664,0,0.81
2026-08-30T09:36:08.628Z,5190.068,173989888,689954816,0,171445248,165961728,5439488,165961728,2629632,0,0,0,13622743040,0,0.99
2026-08-30T09:36:18.627Z,5200.067,175083520,689954816,0,172522496,167038976,5439488,167038976,2629632,0,0,0,13621010432,0,0.84
2026-08-30T09:36:28.625Z,5210.065,173600768,689954816,0,171121664,165638144,5439488,165638144,2629632,0,0,0,13624901632,0,0.71
2026-08-30T09:36:38.625Z,5220.065,173654016,689954816,0,171105280,165621760,5439488,165621760,2629632,0,0,0,13622292480,0,0.75
2026-08-30T09:36:48.626Z,5230.066,170979328,689954816,0,168434688,162951168,5439488,162951168,2629632,0,0,0,13623631872,0,0.63
2026-08-30T09:36:58.626Z,5240.066,173670400,689954816,0,171146240,165662720,5439488,165662720,2629632,0,0,0,13622657024,0,0.54
2026-08-30T09:37:08.628Z,5250.068,169918464,689954816,0,167406592,161923072,5439488,161923072,2629632,0,0,0,13624860672,0,0.45
2026-08-30T09:37:18.625Z,5260.065,171483136,689954816,0,168709120,163225600,5439488,163225600,2629632,0,0,0,13626413056,0,0.7
2026-08-30T09:37:28.626Z,5270.066,171020288,689954816,0,168471552,162988032,5439488,162988032,2629632,0,0,0,13621637120,0,0.82
2026-08-30T09:37:38.625Z,5280.065,171511808,689954816,0,168963072,163479552,5439488,163479552,2629632,0,0,0,13625864192,0,0.85
2026-08-30T09:37:48.626Z,5290.066,172437504,689954816,0,169888768,164405248,5439488,164405248,2629632,0,0,0,13624180736,0,1.02
2026-08-30T09:37:58.626Z,5300.066,174768128,689954816,0,172219392,166735872,5439488,166735872,2629632,0,0,0,13624406016,0,0.87
2026-08-30T09:38:08.630Z,5310.07,175247360,689954816,0,172698624,167215104,5439488,167215104,2629632,0,0,0,13622255616,0,0.73
2026-08-30T09:38:18.627Z,5320.067,174628864,689954816,0,172104704,166621184,5439488,166621184,2629632,0,0,0,13624397824,0,0.62
2026-08-30T09:38:28.629Z,5330.069,178061312,689954816,0,175541248,170057728,5439488,170057728,2629632,0,0,0,13623111680,0,0.52
2026-08-30T09:38:38.627Z,5340.067,178937856,689954816,0,176376832,170893312,5439488,170893312,2629632,0,0,0,13619589120,0,0.44
2026-08-30T09:38:48.627Z,5350.067,180080640,689954816,0,177417216,171933696,5439488,171933696,2629632,0,0,0,13618876416,0,0.37
2026-08-30T09:38:58.631Z,5360.071,178958336,689954816,0,176454656,170971136,5439488,170971136,2629632,0,0,0,13622124544,0,0.4
2026-08-30T09:39:08.630Z,5370.07,179286016,689954816,0,176802816,171319296,5439488,171319296,2629632,0,0,0,13620994048,0,0.49
2026-08-30T09:39:18.626Z,5380.066,179847168,689954816,0,177200128,171716608,5439488,171716608,2629632,0,0,0,13618237440,0,0.49
2026-08-30T09:39:28.630Z,5390.07,180772864,689954816,0,178256896,172773376,5439488,172773376,2629632,0,0,0,13614936064,0,0.41
2026-08-30T09:39:38.627Z,5400.067,176644096,689954816,0,174156800,168673280,5439488,168673280,2629632,0,0,0,13619396608,0,0.35
2026-08-30T09:39:48.628Z,5410.068,177016832,689954816,0,174574592,169091072,5439488,169091072,2629632,0,0,0,13622398976,0,0.29
2026-08-30T09:39:58.629Z,5420.069,176103424,689954816,0,173558784,168075264,5439488,168075264,2629632,0,0,0,13621403648,0,0.25
2026-08-30T09:40:08.628Z,5430.068,176246784,689954816,0,173698048,168214528,5439488,168214528,2629632,0,0,0,13621641216,0,0.21
2026-08-30T09:40:18.632Z,5440.072,177823744,689954816,0,175369216,169885696,5439488,169885696,2629632,0,0,0,13623373824,0,0.25
2026-08-30T09:40:28.631Z,5450.071,177614848,689954816,0,175111168,169627648,5439488,169627648,2629632,0,0,0,13620625408,0,0.21
2026-08-30T09:40:38.628Z,5460.068,178847744,689954816,0,176352256,170868736,5439488,170868736,2629632,0,0,0,13622984704,0,0.41
2026-08-30T09:40:48.630Z,5470.07,178233344,689954816,0,175684608,170201088,5439488,170201088,2629632,0,0,0,13623816192,0,0.58
2026-08-30T09:40:58.628Z,5480.068,173441024,689954816,0,170896384,165412864,5439488,165412864,2629632,0,0,0,13625303040,0,0.49
2026-08-30T09:41:08.628Z,5490.068,172670976,689954816,0,170171392,164687872,5439488,164687872,2629632,0,0,0,13626306560,0,0.42
2026-08-30T09:41:18.631Z,5500.071,173383680,689954816,0,170859520,165376000,5439488,165376000,2629632,0,0,0,13626400768,0,0.35
2026-08-30T09:41:28.627Z,5510.067,173416448,689954816,0,170867712,165384192,5439488,165384192,2629632,0,0,0,13628129280,0,0.3
2026-08-30T09:41:38.630Z,5520.07,173436928,689954816,0,170888192,165404672,5439488,165404672,2629632,0,0,0,13628583936,0,0.25
2026-08-30T09:41:48.628Z,5530.068,172040192,689954816,0,169491456,164007936,5439488,164007936,2629632,0,0,0,13625081856,0,0.29
2026-08-30T09:41:58.628Z,5540.068,173674496,689954816,0,171129856,165646336,5439488,165646336,2629632,0,0,0,13631553536,0,0.25
2026-08-30T09:42:08.632Z,5550.072,173809664,689954816,0,171281408,165797888,5439488,165797888,2629632,0,0,0,13630648320,0,0.21
2026-08-30T09:42:18.629Z,5560.069,173887488,689954816,0,171351040,165867520,5439488,165867520,2629632,0,0,0,13627543552,0,0.18
2026-08-30T09:42:28.628Z,5570.068,175595520,689954816,0,173046784,167563264,5439488,167563264,2629632,0,0,0,13627092992,0,0.23
2026-08-30T09:42:38.631Z,5580.071,178319360,689954816,0,175758336,170274816,5439488,170274816,2629632,0,0,0,13628567552,0,0.43
2026-08-30T09:42:48.629Z,5590.069,181665792,689954816,0,179117056,173633536,5439488,173633536,2629632,0,0,0,13632671744,0,0.59
2026-08-30T09:42:58.629Z,5600.069,180326400,689954816,0,177855488,172371968,5439488,172371968,2629632,0,0,0,13618184192,0,0.65
2026-08-30T09:43:08.630Z,5610.07,182013952,689954816,0,179567616,174084096,5439488,174084096,2629632,0,0,0,13615788032,0,0.55
2026-08-30T09:43:18.630Z,5620.07,184414208,689954816,0,181943296,176459776,5439488,176459776,2629632,0,0,0,13612290048,0,0.47
2026-08-30T09:43:28.631Z,5630.071,180387840,689954816,0,177880064,172396544,5439488,172396544,2629632,0,0,0,13618610176,0,0.4
2026-08-30T09:43:38.630Z,5640.07,181735424,689954816,0,179223552,173740032,5439488,173740032,2629632,0,0,0,13616480256,0,0.33
2026-08-30T09:43:48.631Z,5650.071,183123968,689954816,0,180575232,175091712,5439488,175091712,2629632,0,0,0,13617205248,0,0.28
2026-08-30T09:43:58.634Z,5660.074,180895744,689954816,0,178441216,172957696,5439488,172957696,2629632,0,0,0,13618618368,0,0.32
2026-08-30T09:44:08.631Z,5670.071,180088832,689954816,0,177613824,172130304,5439488,172130304,2629632,0,0,0,13620842496,0,0.58
2026-08-30T09:44:19.445Z,5680.885,182136832,689954816,0,179555328,174071808,5439488,174071808,2629632,0,0,0,13620576256,0,0.64
2026-08-30T09:44:28.995Z,5690.435,181272576,689954816,0,178686976,173203456,5439488,173203456,2629632,0,0,0,13620514816,0,0.85
2026-08-30T09:44:38.922Z,5700.362,180121600,689954816,0,177536000,172052480,5439488,172052480,2629632,0,0,0,13620523008,0,0.95
2026-08-30T09:44:48.632Z,5710.072,182222848,689954816,0,179719168,174235648,5439488,174235648,2629632,0,0,0,13617610752,0,1.19
2026-08-30T09:44:58.636Z,5720.076,181559296,689954816,0,178867200,173383680,5439488,173383680,2629632,0,0,0,13619249152,0,1
2026-08-30T09:45:08.632Z,5730.072,180940800,689954816,0,178379776,172896256,5439488,172896256,2629632,0,0,0,13619929088,0,0.85
2026-08-30T09:45:18.632Z,5740.072,180600832,689954816,0,177880064,172396544,5439488,172396544,2629632,0,0,0,13616881664,0,0.72
2026-08-30T09:45:28.631Z,5750.071,180936704,689954816,0,178387968,172904448,5439488,172904448,2629632,0,0,0,13611659264,0,0.69
2026-08-30T09:45:38.636Z,5760.076,180117504,689954816,0,177572864,172089344,5439488,172089344,2629632,0,0,0,13617192960,0,0.66
2026-08-30T09:45:48.632Z,5770.072,180498432,689954816,0,177982464,172498944,5439488,172498944,2629632,0,0,0,13618352128,0,0.79
2026-08-30T09:45:58.631Z,5780.071,180641792,689954816,0,178088960,172605440,5439488,172605440,2629632,0,0,0,13619183616,0,0.82
2026-08-30T09:46:08.632Z,5790.072,180207616,689954816,0,177617920,172134400,5439488,172134400,2629632,0,0,0,13616939008,0,0.85
2026-08-30T09:46:18.632Z,5800.072,180617216,689954816,0,178068480,172584960,5439488,172584960,2629632,0,0,0,13620654080,0,0.8
2026-08-30T09:46:28.633Z,5810.073,176394240,689954816,0,173853696,168370176,5439488,168370176,2629632,0,0,0,13620236288,0,0.68
2026-08-30T09:46:38.631Z,5820.071,177299456,689954816,0,174803968,169320448,5439488,169320448,2629632,0,0,0,13622829056,0,0.57
2026-08-30T09:46:48.632Z,5830.072,178610176,689954816,0,176086016,170602496,5439488,170602496,2629632,0,0,0,13621596160,0,0.48
2026-08-30T09:46:58.636Z,5840.076,178704384,689954816,0,176118784,170635264,5439488,170635264,2629632,0,0,0,13622919168,0,0.48
2026-08-30T09:47:08.632Z,5850.072,179417088,689954816,0,176753664,171270144,5439488,171270144,2629632,0,0,0,13620846592,0,0.41
2026-08-30T09:47:18.635Z,5860.075,176582656,689954816,0,174087168,168603648,5439488,168603648,2629632,0,0,0,13627133952,0,0.42
2026-08-30T09:47:28.632Z,5870.071,177086464,689954816,0,174590976,169107456,5439488,169107456,2629632,0,0,0,13626384384,0,0.59
2026-08-30T09:47:38.632Z,5880.072,176271360,689954816,0,173722624,168239104,5439488,168239104,2629632,0,0,0,13625180160,0,0.74
2026-08-30T09:47:48.633Z,5890.073,175468544,689954816,0,172923904,167440384,5439488,167440384,2629632,0,0,0,13627146240,0,0.77
2026-08-30T09:47:58.632Z,5900.072,176771072,689954816,0,174230528,168747008,5439488,168747008,2629632,0,0,0,13628944384,0,0.81
2026-08-30T09:48:08.632Z,5910.072,178585600,689954816,0,176036864,170553344,5439488,170553344,2629632,0,0,0,13627060224,0,0.69
2026-08-30T09:48:18.632Z,5920.072,178503680,689954816,0,176012288,170528768,5439488,170528768,2629632,0,0,0,13625946112,0,0.58
2026-08-30T09:48:28.633Z,5930.073,179351552,689954816,0,176765952,171282432,5439488,171282432,2629632,0,0,0,13625167872,0,0.49
2026-08-30T09:48:38.633Z,5940.073,182337536,689954816,0,179792896,174309376,5439488,174309376,2629632,0,0,0,13619683328,0,0.49
2026-08-30T09:48:48.633Z,5950.073,182525952,689954816,0,179911680,174428160,5439488,174428160,2629632,0,0,0,13620133888,0,0.49
2026-08-30T09:48:58.635Z,5960.075,180604928,689954816,0,178056192,172572672,5439488,172572672,2629632,0,0,0,13618429952,0,0.5
2026-08-30T09:49:08.635Z,5970.075,180563968,689954816,0,177978368,172494848,5439488,172494848,2629632,0,0,0,13619740672,0,0.73
2026-08-30T09:49:18.632Z,5980.072,181211136,689954816,0,178711552,173228032,5439488,173228032,2629632,0,0,0,13620121600,0,0.77
2026-08-30T09:49:28.633Z,5990.073,179466240,689954816,0,176880640,171397120,5439488,171397120,2629632,0,0,0,13620891648,0,0.89
2026-08-30T09:49:38.631Z,6000.071,179425280,689954816,0,176864256,171380736,5439488,171380736,2629632,0,0,0,13621600256,0,0.75
2026-08-30T09:49:48.636Z,6010.076,181100544,689954816,0,178551808,173068288,5439488,173068288,2629632,0,0,0,13618286592,0,0.63
2026-08-30T09:49:58.630Z,6020.07,183406592,689954816,0,180857856,175374336,5439488,175374336,2629632,0,0,0,13616365568,0,0.54
2026-08-30T09:50:08.634Z,6030.074,183386112,689954816,0,180837376,175353856,5439488,175353856,2629632,0,0,0,13619023872,0,0.45
2026-08-30T09:50:18.636Z,6040.076,184135680,689954816,0,181599232,176115712,5439488,176115712,2629632,0,0,0,13618696192,0,0.38
2026-08-30T09:50:28.633Z,6050.073,184705024,689954816,0,182119424,176635904,5439488,176635904,2629632,0,0,0,13612789760,0,0.4
2026-08-30T09:50:38.632Z,6060.072,179748864,689954816,0,177224704,171741184,5439488,171741184,2629632,0,0,0,13616312320,0,0.42
2026-08-30T09:50:48.634Z,6070.074,182992896,689954816,0,180407296,174923776,5439488,174923776,2629632,0,0,0,13616898048,0,0.43
2026-08-30T09:50:58.634Z,6080.074,178745344,689954816,0,176159744,170676224,5439488,170676224,2629632,0,0,0,13618720768,0,0.6
2026-08-30T09:51:08.636Z,6090.076,178675712,689954816,0,176090112,170606592,5439488,170606592,2629632,0,0,0,13618524160,0,0.74
2026-08-30T09:51:18.638Z,6100.078,178311168,689954816,0,175725568,170242048,5439488,170242048,2629632,0,0,0,13620932608,0,0.86
2026-08-30T09:51:28.634Z,6110.074,178221056,689954816,0,175635456,170151936,5439488,170151936,2629632,0,0,0,13615210496,0,0.96
2026-08-30T09:51:38.635Z,6120.075,177840128,689954816,0,175254528,169771008,5439488,169771008,2629632,0,0,0,13615751168,0,0.81
2026-08-30T09:51:48.634Z,6130.074,177893376,689954816,0,175307776,169824256,5439488,169824256,2629632,0,0,0,13627121664,0,0.69
2026-08-30T09:51:58.634Z,6140.074,178769920,689954816,0,176184320,170700800,5439488,170700800,2629632,0,0,0,13627301888,0,0.58
2026-08-30T09:52:08.634Z,6150.074,179417088,689954816,0,176831488,171347968,5439488,171347968,2629632,0,0,0,13629644800,0,0.49
2026-08-30T09:52:18.635Z,6160.074,177659904,689954816,0,175074304,169590784,5439488,169590784,2629632,0,0,0,13628911616,0,0.65
2026-08-30T09:52:28.634Z,6170.074,177344512,689954816,0,174758912,169275392,5439488,169275392,2629632,0,0,0,13628948480,0,0.86
2026-08-30T09:52:38.634Z,6180.074,179912704,689954816,0,177327104,171843584,5439488,171843584,2629632,0,0,0,13627834368,0,0.88
2026-08-30T09:52:48.634Z,6190.074,179679232,689954816,0,177093632,171610112,5439488,171610112,2629632,0,0,0,13632528384,0,0.98
2026-08-30T09:52:58.634Z,6200.074,177041408,689954816,0,174455808,168972288,5439488,168972288,2629632,0,0,0,13631029248,0,0.83
2026-08-30T09:53:08.635Z,6210.075,177307648,689954816,0,174722048,169238528,5439488,169238528,2629632,0,0,0,13630345216,0,0.7
2026-08-30T09:53:18.638Z,6220.078,178585600,689954816,0,176000000,170516480,5439488,170516480,2629632,0,0,0,13632151552,0,0.59
2026-08-30T09:53:28.638Z,6230.078,178089984,689954816,0,175504384,170020864,5439488,170020864,2629632,0,0,0,13627363328,0,0.5
2026-08-30T09:53:38.635Z,6240.075,179212288,689954816,0,176626688,171143168,5439488,171143168,2629632,0,0,0,13623881728,0,0.42
2026-08-30T09:53:48.634Z,6250.074,178302976,689954816,0,175717376,170233856,5439488,170233856,2629632,0,0,0,13628100608,0,0.44
2026-08-30T09:53:58.634Z,6260.074,178900992,689954816,0,176315392,170831872,5439488,170831872,2629632,0,0,0,13626683392,0,0.53
2026-08-30T09:54:08.635Z,6270.075,180056064,689954816,0,177495040,172011520,5439488,172011520,2629632,0,0,0,13625061376,0,0.76
2026-08-30T09:54:18.635Z,6280.075,178085888,689954816,0,175500288,170016768,5439488,170016768,2629632,0,0,0,13624791040,0,0.79
2026-08-30T09:54:28.635Z,6290.075,179159040,689954816,0,176573440,171089920,5439488,171089920,2629632,0,0,0,13625364480,0,0.82
2026-08-30T09:54:38.635Z,6300.075,176340992,689954816,0,173755392,168271872,5439488,168271872,2629632,0,0,0,13625057280,0,0.69
2026-08-30T09:54:48.635Z,6310.075,177135616,689954816,0,174631936,169148416,5439488,169148416,2629632,0,0,0,13627392000,0,0.59
2026-08-30T09:54:58.636Z,6320.076,177287168,689954816,0,174730240,169246720,5439488,169246720,2629632,0,0,0,13623529472,0,0.79
2026-08-30T09:55:08.639Z,6330.079,179654656,689954816,0,177105920,171622400,5439488,171622400,2629632,0,0,0,13624008704,0,0.67
2026-08-30T09:55:18.640Z,6340.08,179572736,689954816,0,176987136,171503616,5439488,171503616,2629632,0,0,0,13624635392,0,0.64
2026-08-30T09:55:28.642Z,6350.082,181022720,689954816,0,178473984,172990464,5439488,172990464,2629632,0,0,0,13624082432,0,0.54
2026-08-30T09:55:38.643Z,6360.083,181710848,689954816,0,179149824,173666304,5439488,173666304,2629632,0,0,0,13623533568,0,0.54
2026-08-30T09:55:48.639Z,6370.079,177741824,689954816,0,175193088,169709568,5439488,169709568,2629632,0,0,0,13620617216,0,0.68
2026-08-30T09:55:58.639Z,6380.078,175173632,689954816,0,172624896,167141376,5439488,167141376,2629632,0,0,0,13622247424,0,0.73
2026-08-30T09:56:08.641Z,6390.081,176975872,689954816,0,174390272,168906752,5439488,168906752,2629632,0,0,0,13625253888,0,0.77
2026-08-30T09:56:18.640Z,6400.08,176828416,689954816,0,174242816,168759296,5439488,168759296,2629632,0,0,0,13624053760,0,0.72
2026-08-30T09:56:28.640Z,6410.08,177983488,689954816,0,175397888,169914368,5439488,169914368,2629632,0,0,0,13622444032,0,0.61
2026-08-30T09:56:38.639Z,6420.079,176816128,689954816,0,174230528,168747008,5439488,168747008,2629632,0,0,0,13625679872,0,0.52
2026-08-30T09:56:48.638Z,6430.078,180625408,689954816,0,178064384,172580864,5439488,172580864,2629632,0,0,0,13625221120,0,0.44
2026-08-30T09:56:58.637Z,6440.077,180137984,689954816,0,177687552,172204032,5439488,172204032,2629632,0,0,0,13623914496,0,0.37
2026-08-30T09:57:08.639Z,6450.079,182468608,689954816,0,179813376,174329856,5439488,174329856,2629632,0,0,0,13624315904,0,0.31
2026-08-30T09:57:18.640Z,6460.08,179183616,689954816,0,176622592,171139072,5439488,171139072,2629632,0,0,0,13621280768,0,0.34
2026-08-30T09:57:28.644Z,6470.084,176078848,689954816,0,173493248,168009728,5439488,168009728,2629632,0,0,0,13621407744,0,0.52
2026-08-30T09:57:38.640Z,6480.08,178081792,689954816,0,175533056,170049536,5439488,170049536,2629632,0,0,0,13621071872,0,0.75
2026-08-30T09:57:48.641Z,6490.081,177356800,689954816,0,174795776,169312256,5439488,169312256,2629632,0,0,0,13620047872,0,0.95
2026-08-30T09:57:58.638Z,6500.078,178102272,689954816,0,175549440,170065920,5439488,170065920,2629632,0,0,0,13622784000,0,0.87
2026-08-30T09:58:08.642Z,6510.082,177848320,689954816,0,175332352,169848832,5439488,169848832,2629632,0,0,0,13622226944,0,0.74
2026-08-30T09:58:18.641Z,6520.081,180027392,689954816,0,177486848,172003328,5439488,172003328,2629632,0,0,0,13626028032,0,0.62
2026-08-30T09:58:28.643Z,6530.083,177025024,689954816,0,174476288,168992768,5439488,168992768,2629632,0,0,0,13624946688,0,0.53
2026-08-30T09:58:38.641Z,6540.081,179314688,689954816,0,176765952,171282432,5439488,171282432,2629632,0,0,0,13626671104,0,0.45
2026-08-30T09:58:48.642Z,6550.082,180809728,689954816,0,178260992,172777472,5439488,172777472,2629632,0,0,0,13625827328,0,0.38
2026-08-30T09:58:58.642Z,6560.082,181182464,689954816,0,178650112,173166592,5439488,173166592,2629632,0,0,0,13623611392,0,0.4
2026-08-30T09:59:08.645Z,6570.085,181452800,689954816,0,178867200,173383680,5439488,173383680,2629632,0,0,0,13624102912,0,0.49
2026-08-30T09:59:18.640Z,6580.08,180965376,689954816,0,178502656,173019136,5439488,173019136,2629632,0,0,0,13628198912,0,0.65
2026-08-30T09:59:28.642Z,6590.082,180834304,689954816,0,178285568,172802048,5439488,172802048,2629632,0,0,0,13625778176,0,0.71
2026-08-30T09:59:38.640Z,6600.08,181350400,689954816,0,178801664,173318144,5439488,173318144,2629632,0,0,0,13626560512,0,0.91
2026-08-30T09:59:48.639Z,6610.079,180461568,689954816,0,177912832,172429312,5439488,172429312,2629632,0,0,0,13624664064,0,1.07
2026-08-30T09:59:58.643Z,6620.083,183627776,689954816,0,181140480,175656960,5439488,175656960,2629632,0,0,0,13621927936,0,0.91
2026-08-30T10:00:08.639Z,6630.079,184066048,689954816,0,181599232,176115712,5439488,176115712,2629632,0,0,0,13623693312,0,0.77
2026-08-30T10:00:18.640Z,6640.08,184311808,689954816,0,181763072,176279552,5439488,176279552,2629632,0,0,0,13617725440,0,0.72
2026-08-30T10:00:28.639Z,6650.079,180355072,689954816,0,177798144,172314624,5439488,172314624,2629632,0,0,0,13626847232,0,0.61
2026-08-30T10:00:38.639Z,6660.079,181481472,689954816,0,178932736,173449216,5439488,173449216,2629632,0,0,0,13621211136,0,0.67
2026-08-30T10:00:48.640Z,6670.08,181559296,689954816,0,179096576,173613056,5439488,173613056,2629632,0,0,0,13621354496,0,0.8
2026-08-30T10:00:58.640Z,6680.08,181698560,689954816,0,179149824,173666304,5439488,173666304,2629632,0,0,0,13610233856,0,0.91
2026-08-30T10:01:08.639Z,6690.079,182951936,689954816,0,180407296,174923776,5439488,174923776,2629632,0,0,0,13621784576,0,0.77
2026-08-30T10:01:18.644Z,6700.084,182923264,689954816,0,180395008,174911488,5439488,174911488,2629632,0,0,0,13626011648,0,0.65
2026-08-30T10:01:28.640Z,6710.08,183816192,689954816,0,181267456,175783936,5439488,175783936,2629632,0,0,0,13622562816,0,0.55
2026-08-30T10:01:38.643Z,6720.083,183427072,689954816,0,180878336,175394816,5439488,175394816,2629632,0,0,0,13618724864,0,0.46
2026-08-30T10:01:48.641Z,6730.081,180793344,689954816,0,178187264,172703744,5439488,172703744,2629632,0,0,0,13624238080,0,0.39
2026-08-30T10:01:58.644Z,6740.084,181231616,689954816,0,178732032,173248512,5439488,173248512,2629632,0,0,0,13625733120,0,0.33
2026-08-30T10:02:08.645Z,6750.085,180916224,689954816,0,178396160,172912640,5439488,172912640,2629632,0,0,0,13627834368,0,0.36
2026-08-30T10:02:18.642Z,6760.082,182099968,689954816,0,179620864,174137344,5439488,174137344,2629632,0,0,0,13627817984,0,0.54
2026-08-30T10:02:28.641Z,6770.081,181653504,689954816,0,179096576,173613056,5439488,173613056,2629632,0,0,0,13621432320,0,0.68
2026-08-30T10:02:38.643Z,6780.083,182886400,689954816,0,180345856,174862336,5439488,174862336,2629632,0,0,0,13620736000,0,0.58
2026-08-30T10:02:48.641Z,6790.081,181264384,689954816,0,178752512,173268992,5439488,173268992,2629632,0,0,0,13626191872,0,0.49
2026-08-30T10:02:58.644Z,6800.084,181731328,689954816,0,179182592,173699072,5439488,173699072,2629632,0,0,0,13622505472,0,0.41
2026-08-30T10:03:08.643Z,6810.082,182624256,689954816,0,180063232,174579712,5439488,174579712,2629632,0,0,0,13625151488,0,0.35
2026-08-30T10:03:18.641Z,6820.081,182296576,689954816,0,179784704,174301184,5439488,174301184,2629632,0,0,0,13617823744,0,0.3
2026-08-30T10:03:28.643Z,6830.083,184352768,689954816,0,181705728,176222208,5439488,176222208,2629632,0,0,0,13608849408,0,0.25
2026-08-30T10:03:38.643Z,6840.083,182407168,689954816,0,179862528,174379008,5439488,174379008,2629632,0,0,0,13619036160,0,0.29
2026-08-30T10:03:48.644Z,6850.084,179904512,689954816,0,177433600,171950080,5439488,171950080,2629632,0,0,0,13618860032,0,0.24
2026-08-30T10:03:58.644Z,6860.084,180236288,689954816,0,177691648,172208128,5439488,172208128,2629632,0,0,0,13614186496,0,0.44
2026-08-30T10:04:08.641Z,6870.081,179974144,689954816,0,177437696,171954176,5439488,171954176,2629632,0,0,0,13616721920,0,0.52
2026-08-30T10:04:18.640Z,6880.08,182829056,689954816,0,180333568,174850048,5439488,174850048,2629632,0,0,0,13610704896,0,0.52
2026-08-30T10:04:28.644Z,6890.084,184512512,689954816,0,181963776,176480256,5439488,176480256,2629632,0,0,0,13611724800,0,0.44
2026-08-30T10:04:38.640Z,6900.08,184541184,689954816,0,182074368,176590848,5439488,176590848,2629632,0,0,0,13612843008,0,0.45
2026-08-30T10:04:48.642Z,6910.082,180748288,689954816,0,178203648,172720128,5439488,172720128,2629632,0,0,0,13618126848,0,0.38
2026-08-30T10:04:58.641Z,6920.081,181649408,689954816,0,179198976,173715456,5439488,173715456,2629632,0,0,0,13617594368,0,0.32
2026-08-30T10:05:08.644Z,6930.084,182964224,689954816,0,180419584,174936064,5439488,174936064,2629632,0,0,0,13613932544,0,0.27
2026-08-30T10:05:18.643Z,6940.083,178671616,689954816,0,176126976,170643456,5439488,170643456,2629632,0,0,0,13615788032,0,0.23
2026-08-30T10:05:28.642Z,6950.082,181370880,689954816,0,178748416,173264896,5439488,173264896,2629632,0,0,0,13615915008,0,0.19
2026-08-30T10:05:38.642Z,6960.082,179871744,689954816,0,177388544,171905024,5439488,171905024,2629632,0,0,0,13614997504,0,0.24
2026-08-30T10:05:48.643Z,6970.083,176672768,689954816,0,174124032,168640512,5439488,168640512,2629632,0,0,0,13616754688,0,0.43
2026-08-30T10:05:58.641Z,6980.081,178388992,689954816,0,175844352,170360832,5439488,170360832,2629632,0,0,0,13616549888,0,0.37
2026-08-30T10:06:09.238Z,6990.678,179691520,689954816,0,177105920,171622400,5439488,171622400,2629632,0,0,0,13620453376,0,0.54
2026-08-30T10:06:18.740Z,7000.18,180408320,689954816,0,177822720,172339200,5439488,172339200,2629632,0,0,0,13619957760,0,0.69
2026-08-30T10:06:28.755Z,7010.195,181825536,689954816,0,179239936,173756416,5439488,173756416,2629632,0,0,0,13615423488,0,0.81
2026-08-30T10:06:38.645Z,7020.085,181874688,689954816,0,179313664,173830144,5439488,173830144,2629632,0,0,0,13610127360,0,0.99
2026-08-30T10:06:48.644Z,7030.084,181387264,689954816,0,178842624,173359104,5439488,173359104,2629632,0,0,0,13608300544,0,0.84
2026-08-30T10:06:58.644Z,7040.084,178196480,689954816,0,175541248,170057728,5439488,170057728,2629632,0,0,0,13615087616,0,0.71
2026-08-30T10:07:08.643Z,7050.083,177770496,689954816,0,175221760,169738240,5439488,169738240,2629632,0,0,0,13614391296,0,0.67
2026-08-30T10:07:18.641Z,7060.081,175308800,689954816,0,172760064,167276544,5439488,167276544,2629632,0,0,0,13613375488,0,0.57
2026-08-30T10:07:28.641Z,7070.081,175755264,689954816,0,173235200,167751680,5439488,167751680,2629632,0,0,0,13615955968,0,0.56
2026-08-30T10:07:38.642Z,7080.081,175955968,689954816,0,173456384,167972864,5439488,167972864,2629632,0,0,0,13614919680,0,0.71
2026-08-30T10:07:48.643Z,7090.083,175472640,689954816,0,172936192,167452672,5439488,167452672,2629632,0,0,0,13618532352,0,0.83
2026-08-30T10:07:58.641Z,7100.081,175550464,689954816,0,173014016,167530496,5439488,167530496,2629632,0,0,0,13619855360,0,1.01
2026-08-30T10:08:08.643Z,7110.083,174997504,689954816,0,172436480,166952960,5439488,166952960,2629632,0,0,0,13621252096,0,0.93
2026-08-30T10:08:18.643Z,7120.083,174997504,689954816,0,172452864,166969344,5439488,166969344,2629632,0,0,0,13619851264,0,0.94
2026-08-30T10:08:28.643Z,7130.083,174096384,689954816,0,171547648,166064128,5439488,166064128,2629632,0,0,0,13624979456,0,0.79
2026-08-30T10:08:38.646Z,7140.086,174477312,689954816,0,171928576,166445056,5439488,166445056,2629632,0,0,0,13624795136,0,0.75
2026-08-30T10:08:48.647Z,7150.087,173854720,689954816,0,171322368,165838848,5439488,165838848,2629632,0,0,0,13621288960,0,0.63
2026-08-30T10:08:58.645Z,7160.085,174264320,689954816,0,171703296,166219776,5439488,166219776,2629632,0,0,0,13622542336,0,0.62
2026-08-30T10:09:08.643Z,7170.083,175353856,689954816,0,172805120,167321600,5439488,167321600,2629632,0,0,0,13622964224,0,0.75
2026-08-30T10:09:18.644Z,7180.084,176500736,689954816,0,173992960,168509440,5439488,168509440,2629632,0,0,0,13622714368,0,0.79
2026-08-30T10:09:28.646Z,7190.086,176640000,689954816,0,174078976,168595456,5439488,168595456,2629632,0,0,0,13619662848,0,0.81
2026-08-30T10:09:38.647Z,7200.087,178712576,689954816,0,176188416,170704896,5439488,170704896,2629632,0,0,0,13619400704,0,0.91
2026-08-30T10:09:48.645Z,7210.085,180465664,689954816,0,177937408,172453888,5439488,172453888,2629632,0,0,0,13618028544,0,0.77
2026-08-30T10:09:58.646Z,7220.086,180834304,689954816,0,178183168,172699648,5439488,172699648,2629632,0,0,0,13615251456,0,0.65
2026-08-30T10:10:08.647Z,7230.087,176852992,689954816,0,174308352,168824832,5439488,168824832,2629632,0,0,0,13618982912,0,0.63
2026-08-30T10:10:18.647Z,7240.087,177610752,689954816,0,175062016,169578496,5439488,169578496,2629632,0,0,0,13620146176,0,0.53
2026-08-30T10:10:28.649Z,7250.089,173572096,689954816,0,171047936,165564416,5439488,165564416,2629632,0,0,0,13622030336,0,0.45
2026-08-30T10:10:38.645Z,7260.085,173428736,689954816,0,170880000,165396480,5439488,165396480,2629632,0,0,0,13623840768,0,0.46
2026-08-30T10:10:48.645Z,7270.085,174661632,689954816,0,172112896,166629376,5439488,166629376,2629632,0,0,0,13625057280,0,0.7
2026-08-30T10:10:58.644Z,7280.084,170414080,689954816,0,167930880,162447360,5439488,162447360,2629632,0,0,0,13625806848,0,0.75
2026-08-30T10:11:08.645Z,7290.085,170917888,689954816,0,168459264,162975744,5439488,162975744,2629632,0,0,0,13624963072,0,0.78
2026-08-30T10:11:18.645Z,7300.085,172474368,689954816,0,169933824,164450304,5439488,164450304,2629632,0,0,0,13624291328,0,0.66
2026-08-30T10:11:28.645Z,7310.085,169177088,689954816,0,166706176,161222656,5439488,161222656,2629632,0,0,0,13626908672,0,0.56
2026-08-30T10:11:38.645Z,7320.085,171880448,689954816,0,169335808,163852288,5439488,163852288,2629632,0,0,0,13625602048,0,0.47
2026-08-30T10:11:48.645Z,7330.085,170082304,689954816,0,167537664,162054144,5439488,162054144,2629632,0,0,0,13630119936,0,0.4
2026-08-30T10:11:58.645Z,7340.085,171339776,689954816,0,168889344,163405824,5439488,163405824,2629632,0,0,0,13629259776,0,0.41
2026-08-30T10:12:08.644Z,7350.084,172621824,689954816,0,170073088,164589568,5439488,164589568,2629632,0,0,0,13626413056,0,0.35
2026-08-30T10:12:18.645Z,7360.085,174129152,689954816,0,171572224,166088704,5439488,166088704,2629632,0,0,0,13622538240,0,0.37
2026-08-30T10:12:28.647Z,7370.087,174882816,689954816,0,172334080,166850560,5439488,166850560,2629632,0,0,0,13621723136,0,0.47
2026-08-30T10:12:38.645Z,7380.085,176279552,689954816,0,173628416,168144896,5439488,168144896,2629632,0,0,0,13620486144,0,0.55
2026-08-30T10:12:48.647Z,7390.087,176865280,689954816,0,174345216,168861696,5439488,168861696,2629632,0,0,0,13618638848,0,0.7
2026-08-30T10:12:58.649Z,7400.089,174583808,689954816,0,172035072,166551552,5439488,166551552,2629632,0,0,0,13620051968,0,0.59
2026-08-30T10:13:08.645Z,7410.085,175468544,689954816,0,172919808,167436288,5439488,167436288,2629632,0,0,0,13616238592,0,0.5
2026-08-30T10:13:18.649Z,7420.089,176041984,689954816,0,173517824,168034304,5439488,168034304,2629632,0,0,0,13619458048,0,0.42
2026-08-30T10:13:28.645Z,7430.084,178364416,689954816,0,175803392,170319872,5439488,170319872,2629632,0,0,0,13623988224,0,0.36
2026-08-30T10:13:38.644Z,7440.084,180133888,689954816,0,177585152,172101632,5439488,172101632,2629632,0,0,0,13620219904,0,0.3
2026-08-30T10:13:48.644Z,7450.084,180994048,689954816,0,178338816,172855296,5439488,172855296,2629632,0,0,0,13618421760,0,0.26
2026-08-30T10:13:58.648Z,7460.088,180387840,689954816,0,177855488,172371968,5439488,172371968,2629632,0,0,0,13620502528,0,0.3
2026-08-30T10:14:08.648Z,7470.088,180232192,689954816,0,177683456,172199936,5439488,172199936,2629632,0,0,0,13621788672,0,0.48
2026-08-30T10:14:18.644Z,7480.084,174600192,689954816,0,172084224,166600704,5439488,166600704,2629632,0,0,0,13624762368,0,0.63
2026-08-30T10:14:28.646Z,7490.086,175611904,689954816,0,172956672,167473152,5439488,167473152,2629632,0,0,0,13621547008,0,0.92
2026-08-30T10:14:38.649Z,7500.089,177057792,689954816,0,174509056,169025536,5439488,169025536,2629632,0,0,0,13619093504,0,0.78
2026-08-30T10:14:48.645Z,7510.085,177733632,689954816,0,175184896,169701376,5439488,169701376,2629632,0,0,0,13620809728,0,0.66
2026-08-30T10:14:58.647Z,7520.087,179933184,689954816,0,177384448,171900928,5439488,171900928,2629632,0,0,0,13621231616,0,0.64
2026-08-30T10:15:08.645Z,7530.085,180400128,689954816,0,177748992,172265472,5439488,172265472,2629632,0,0,0,13622882304,0,0.54
2026-08-30T10:15:18.645Z,7540.085,177377280,689954816,0,174869504,169385984,5439488,169385984,2629632,0,0,0,13622632448,0,0.45
2026-08-30T10:15:28.648Z,7550.088,181256192,689954816,0,178715648,173232128,5439488,173232128,2629632,0,0,0,13611577344,0,0.38
2026-08-30T10:15:38.645Z,7560.085,182255616,689954816,0,179739648,174256128,5439488,174256128,2629632,0,0,0,13614931968,0,0.32
2026-08-30T10:15:48.644Z,7570.084,181223424,689954816,0,178621440,173137920,5439488,173137920,2629632,0,0,0,13615837184,0,0.35
2026-08-30T10:15:58.645Z,7580.085,182771712,689954816,0,180227072,174743552,5439488,174743552,2629632,0,0,0,13615050752,0,0.52
2026-08-30T10:16:08.648Z,7590.088,178839552,689954816,0,176200704,170717184,5439488,170717184,2629632,0,0,0,13617176576,0,0.52
2026-08-30T10:16:18.645Z,7600.085,181002240,689954816,0,178441216,172957696,5439488,172957696,2629632,0,0,0,13616168960,0,0.66
2026-08-30T10:16:28.647Z,7610.087,178786304,689954816,0,176299008,170815488,5439488,170815488,2629632,0,0,0,13620162560,0,0.71
2026-08-30T10:16:38.646Z,7620.086,180219904,689954816,0,177691648,172208128,5439488,172208128,2629632,0,0,0,13614231552,0,0.6
2026-08-30T10:16:48.647Z,7630.087,183214080,689954816,0,180673536,175190016,5439488,175190016,2629632,0,0,0,13615071232,0,0.51
2026-08-30T10:16:58.646Z,7640.086,183721984,689954816,0,181177344,175693824,5439488,175693824,2629632,0,0,0,13616365568,0,0.43
2026-08-30T10:17:08.645Z,7650.085,186716160,689954816,0,184167424,178683904,5439488,178683904,2629632,0,0,0,13618032640,0,0.36
2026-08-30T10:17:18.646Z,7660.086,186798080,689954816,0,184269824,178786304,5439488,178786304,2629632,0,0,0,13614968832,0,0.54
2026-08-30T10:17:28.648Z,7670.088,183726080,689954816,0,181226496,175742976,5439488,175742976,2629632,0,0,0,13617549312,0,0.77
2026-08-30T10:17:38.649Z,7680.089,180125696,689954816,0,177564672,172081152,5439488,172081152,2629632,0,0,0,13619298304,0,0.8
2026-08-30T10:17:48.650Z,7690.09,179146752,689954816,0,176598016,171114496,5439488,171114496,2629632,0,0,0,13623566336,0,1.14
2026-08-30T10:17:58.649Z,7700.089,179843072,689954816,0,177298432,171814912,5439488,171814912,2629632,0,0,0,13624713216,0,1.04
2026-08-30T10:18:08.649Z,7710.089,181260288,689954816,0,178699264,173215744,5439488,173215744,2629632,0,0,0,13621829632,0,0.88
2026-08-30T10:18:18.650Z,7720.09,180006912,689954816,0,177380352,171896832,5439488,171896832,2629632,0,0,0,13618446336,0,0.75
2026-08-30T10:18:28.646Z,7730.086,179404800,689954816,0,176950272,171466752,5439488,171466752,2629632,0,0,0,13614813184,0,0.71
2026-08-30T10:18:38.649Z,7740.089,179982336,689954816,0,177433600,171950080,5439488,171950080,2629632,0,0,0,13618180096,0,0.6
2026-08-30T10:18:48.650Z,7750.09,181039104,689954816,0,178494464,173010944,5439488,173010944,2629632,0,0,0,13620158464,0,0.51
2026-08-30T10:18:58.644Z,7760.084,180555776,689954816,0,178068480,172584960,5439488,172584960,2629632,0,0,0,13615902720,0,0.59
2026-08-30T10:19:08.645Z,7770.085,183267328,689954816,0,180718592,175235072,5439488,175235072,2629632,0,0,0,13612367872,0,0.72
2026-08-30T10:19:18.644Z,7780.084,184111104,689954816,0,181562368,176078848,5439488,176078848,2629632,0,0,0,13615812608,0,0.77
2026-08-30T10:19:28.649Z,7790.089,181145600,689954816,0,178613248,173129728,5439488,173129728,2629632,0,0,0,13610885120,0,0.87
2026-08-30T10:19:38.646Z,7800.086,179818496,689954816,0,177269760,171786240,5439488,171786240,2629632,0,0,0,13613797376,0,0.82
2026-08-30T10:19:48.647Z,7810.087,173244416,689954816,0,170687488,165203968,5439488,165203968,2629632,0,0,0,13617942528,0,0.69
2026-08-30T10:19:58.648Z,7820.088,175874048,689954816,0,173329408,167845888,5439488,167845888,2629632,0,0,0,13619924992,0,0.58
2026-08-30T10:20:08.649Z,7830.089,176988160,689954816,0,174427136,168943616,5439488,168943616,2629632,0,0,0,13618388992,0,0.49
2026-08-30T10:20:18.646Z,7840.086,177852416,689954816,0,175291392,169807872,5439488,169807872,2629632,0,0,0,13622382592,0,0.42
2026-08-30T10:20:28.647Z,7850.087,177647616,689954816,0,175086592,169603072,5439488,169603072,2629632,0,0,0,13626744832,0,0.35
2026-08-30T10:20:38.648Z,7860.088,179003392,689954816,0,176458752,170975232,5439488,170975232,2629632,0,0,0,13619666944,0,0.38
2026-08-30T10:20:48.647Z,7870.087,180322304,689954816,0,177777664,172294144,5439488,172294144,2629632,0,0,0,13620408320,0,0.63
2026-08-30T10:20:58.650Z,7880.089,179097600,689954816,0,176602112,171118592,5439488,171118592,2629632,0,0,0,13621997568,0,0.77
2026-08-30T10:21:08.650Z,7890.09,179892224,689954816,0,177347584,171864064,5439488,171864064,2629632,0,0,0,13618851840,0,0.8
2026-08-30T10:21:18.648Z,7900.088,178085888,689954816,0,175541248,170057728,5439488,170057728,2629632,0,0,0,13619499008,0,0.67
2026-08-30T10:21:28.649Z,7910.089,179290112,689954816,0,176741376,171257856,5439488,171257856,2629632,0,0,0,13616062464,0,0.57
2026-08-30T10:21:38.648Z,7920.088,178634752,689954816,0,176077824,170594304,5439488,170594304,2629632,0,0,0,13618057216,0,0.48
2026-08-30T10:21:48.648Z,7930.088,178982912,689954816,0,176421888,170938368,5439488,170938368,2629632,0,0,0,13615616000,0,0.41
2026-08-30T10:21:58.647Z,7940.087,179412992,689954816,0,176933888,171450368,5439488,171450368,2629632,0,0,0,13619240960,0,0.34
2026-08-30T10:22:08.648Z,7950.088,178872320,689954816,0,176331776,170848256,5439488,170848256,2629632,0,0,0,13618606080,0,0.37
2026-08-30T10:22:18.648Z,7960.088,180838400,689954816,0,178367488,172883968,5439488,172883968,2629632,0,0,0,13616635904,0,0.47
2026-08-30T10:22:28.648Z,7970.088,180011008,689954816,0,177462272,171978752,5439488,171978752,2629632,0,0,0,13618311168,0,0.63
2026-08-30T10:22:38.649Z,7980.089,180785152,689954816,0,178297856,172814336,5439488,172814336,2629632,0,0,0,13613223936,0,0.68
2026-08-30T10:22:48.649Z,7990.089,178585600,689954816,0,176040960,170557440,5439488,170557440,2629632,0,0,0,13615448064,0,0.58
2026-08-30T10:22:58.649Z,8000.089,180719616,689954816,0,178170880,172687360,5439488,172687360,2629632,0,0,0,13612630016,0,0.49
2026-08-30T10:23:08.650Z,8010.09,181141504,689954816,0,178637824,173154304,5439488,173154304,2629632,0,0,0,13616570368,0,0.41
2026-08-30T10:23:18.651Z,8020.091,183177216,689954816,0,180628480,175144960,5439488,175144960,2629632,0,0,0,13616676864,0,0.42
2026-08-30T10:23:28.650Z,8030.09,183955456,689954816,0,181406720,175923200,5439488,175923200,2629632,0,0,0,13605240832,0,0.36
2026-08-30T10:23:38.649Z,8040.089,178253824,689954816,0,175705088,170221568,5439488,170221568,2629632,0,0,0,13616881664,0,0.3
2026-08-30T10:23:48.648Z,8050.088,175079424,689954816,0,172551168,167067648,5439488,167067648,2629632,0,0,0,13619339264,0,0.25
2026-08-30T10:23:58.650Z,8060.09,177008640,689954816,0,174545920,169062400,5439488,169062400,2629632,0,0,0,13622616064,0,0.3
2026-08-30T10:24:08.649Z,8070.089,177709056,689954816,0,175148032,169664512,5439488,169664512,2629632,0,0,0,13621342208,0,0.25
2026-08-30T10:24:18.654Z,8080.094,176025600,689954816,0,173476864,167993344,5439488,167993344,2629632,0,0,0,13618491392,0,0.37
2026-08-30T10:24:28.650Z,8090.09,177446912,689954816,0,174844928,169361408,5439488,169361408,2629632,0,0,0,13619929088,0,0.38
2026-08-30T10:24:38.651Z,8100.091,174419968,689954816,0,171871232,166387712,5439488,166387712,2629632,0,0,0,13618077696,0,0.32
2026-08-30T10:24:48.651Z,8110.091,173699072,689954816,0,171203584,165720064,5439488,165720064,2629632,0,0,0,13619884032,0,0.27
2026-08-30T10:24:58.651Z,8120.091,173162496,689954816,0,170601472,165117952,5439488,165117952,2629632,0,0,0,13624893440,0,0.23
2026-08-30T10:25:08.654Z,8130.094,172949504,689954816,0,170392576,164909056,5439488,164909056,2629632,0,0,0,13624369152,0,0.2
2026-08-30T10:25:18.650Z,8140.09,174116864,689954816,0,171555840,166072320,5439488,166072320,2629632,0,0,0,13622882304,0,0.16
2026-08-30T10:25:28.651Z,8150.091,174505984,689954816,0,171994112,166510592,5439488,166510592,2629632,0,0,0,13623812096,0,0.14
2026-08-30T10:25:38.651Z,8160.091,174252032,689954816,0,171703296,166219776,5439488,166219776,2629632,0,0,0,13624836096,0,0.2
2026-08-30T10:25:48.651Z,8170.091,176521216,689954816,0,173972480,168488960,5439488,168488960,2629632,0,0,0,13624709120,0,0.4
2026-08-30T10:25:58.651Z,8180.091,175857664,689954816,0,173345792,167862272,5439488,167862272,2629632,0,0,0,13627625472,0,0.41
2026-08-30T10:26:08.654Z,8190.094,175661056,689954816,0,173112320,167628800,5439488,167628800,2629632,0,0,0,13626523648,0,0.35
2026-08-30T10:26:18.653Z,8200.093,175824896,689954816,0,173308928,167825408,5439488,167825408,2629632,0,0,0,13628809216,0,0.29
2026-08-30T10:26:28.654Z,8210.094,177860608,689954816,0,175393792,169910272,5439488,169910272,2629632,0,0,0,13623676928,0,0.25
2026-08-30T10:26:38.651Z,8220.091,178352128,689954816,0,175791104,170307584,5439488,170307584,2629632,0,0,0,13624033280,0,0.21
2026-08-30T10:26:48.652Z,8230.092,179879936,689954816,0,177380352,171896832,5439488,171896832,2629632,0,0,0,13622734848,0,0.18
2026-08-30T10:26:58.655Z,8240.095,178855936,689954816,0,176307200,170823680,5439488,170823680,2629632,0,0,0,13621936128,0,0.22
2026-08-30T10:27:08.654Z,8250.094,180953088,689954816,0,178404352,172920832,5439488,172920832,2629632,0,0,0,13620162560,0,0.19
2026-08-30T10:27:18.653Z,8260.093,179920896,689954816,0,177400832,171917312,5439488,171917312,2629632,0,0,0,13617946624,0,0.32
2026-08-30T10:27:28.656Z,8270.096,180174848,689954816,0,177622016,172138496,5439488,172138496,2629632,0,0,0,13612584960,0,0.5
2026-08-30T10:27:38.652Z,8280.092,181243904,689954816,0,178682880,173199360,5439488,173199360,2629632,0,0,0,13613391872,0,0.43
2026-08-30T10:27:49.559Z,8290.999,178061312,689954816,0,175475712,169992192,5439488,169992192,2629632,0,0,0,13620875264,0,0.36
2026-08-30T10:27:59.271Z,8300.71,176455680,689954816,0,173870080,168386560,5439488,168386560,2629632,0,0,0,13623779328,0,0.61
2026-08-30T10:28:08.816Z,8310.256,172376064,689954816,0,169786368,164302848,5439488,164302848,2629632,0,0,0,13622317056,0,0.83
2026-08-30T10:28:18.714Z,8320.154,174776320,689954816,0,172190720,166707200,5439488,166707200,2629632,0,0,0,13624406016,0,1.01
2026-08-30T10:28:28.654Z,8330.094,175943680,689954816,0,173448192,167964672,5439488,167964672,2629632,0,0,0,13623472128,0,0.85
2026-08-30T10:28:38.651Z,8340.091,178241536,689954816,0,175692800,170209280,5439488,170209280,2629632,0,0,0,13625020416,0,0.72
2026-08-30T10:28:48.652Z,8350.092,180785152,689954816,0,178277376,172793856,5439488,172793856,2629632,0,0,0,13622534144,0,0.61
2026-08-30T10:28:58.652Z,8360.092,181563392,689954816,0,179014656,173531136,5439488,173531136,2629632,0,0,0,13624582144,0,0.6
2026-08-30T10:29:08.654Z,8370.094,182824960,689954816,0,180280320,174796800,5439488,174796800,2629632,0,0,0,13617475584,0,0.66
2026-08-30T10:29:18.653Z,8380.093,183840768,689954816,0,181341184,175857664,5439488,175857664,2629632,0,0,0,13615648768,0,0.71
2026-08-30T10:29:28.652Z,8390.092,185266176,689954816,0,182819840,177336320,5439488,177336320,2629632,0,0,0,13614854144,0,0.91
2026-08-30T10:29:38.652Z,8400.092,180584448,689954816,0,178023424,172539904,5439488,172539904,2629632,0,0,0,13616148480,0,0.77
2026-08-30T10:29:48.652Z,8410.092,182763520,689954816,0,180255744,174772224,5439488,174772224,2629632,0,0,0,13613764608,0,0.65
2026-08-30T10:29:58.652Z,8420.092,181055488,689954816,0,178539520,173056000,5439488,173056000,2629632,0,0,0,13618450432,0,0.62
2026-08-30T10:30:08.652Z,8430.092,181952512,689954816,0,179403776,173920256,5439488,173920256,2629632,0,0,0,13616050176,0,0.6
2026-08-30T10:30:18.656Z,8440.096,179482624,689954816,0,176897024,171413504,5439488,171413504,2629632,0,0,0,13616001024,0,0.51
2026-08-30T10:30:28.654Z,8450.094,178434048,689954816,0,175848448,170364928,5439488,170364928,2629632,0,0,0,13616406528,0,0.58
2026-08-30T10:30:38.653Z,8460.093,178970624,689954816,0,176413696,170930176,5439488,170930176,2629632,0,0,0,13618610176,0,0.57
2026-08-30T10:30:48.653Z,8470.093,180273152,689954816,0,177728512,172244992,5439488,172244992,2629632,0,0,0,13617909760,0,0.64
2026-08-30T10:30:58.654Z,8480.094,180817920,689954816,0,178232320,172748800,5439488,172748800,2629632,0,0,0,13614518272,0,0.69
2026-08-30T10:31:08.653Z,8490.093,176922624,689954816,0,174377984,168894464,5439488,168894464,2629632,0,0,0,13618003968,0,0.73
2026-08-30T10:31:18.654Z,8500.094,177287168,689954816,0,174701568,169218048,5439488,169218048,2629632,0,0,0,13617967104,0,0.62
2026-08-30T10:31:28.654Z,8510.094,177233920,689954816,0,174648320,169164800,5439488,169164800,2629632,0,0,0,13621391360,0,0.52
2026-08-30T10:31:38.655Z,8520.095,178073600,689954816,0,175488000,170004480,5439488,170004480,2629632,0,0,0,13623939072,0,0.44
2026-08-30T10:31:48.654Z,8530.094,180695040,689954816,0,178109440,172625920,5439488,172625920,2629632,0,0,0,13617864704,0,0.37
2026-08-30T10:31:58.654Z,8540.094,177246208,689954816,0,174660608,169177088,5439488,169177088,2629632,0,0,0,13621460992,0,0.32
2026-08-30T10:32:08.653Z,8550.093,173895680,689954816,0,171310080,165826560,5439488,165826560,2629632,0,0,0,13621968896,0,0.27
2026-08-30T10:32:18.654Z,8560.094,177451008,689954816,0,174865408,169381888,5439488,169381888,2629632,0,0,0,13619802112,0,0.55
2026-08-30T10:32:28.659Z,8570.099,177831936,689954816,0,175246336,169762816,5439488,169762816,2629632,0,0,0,13617623040,0,0.7
2026-08-30T10:32:38.654Z,8580.094,181276672,689954816,0,178691072,173207552,5439488,173207552,2629632,0,0,0,13618982912,0,0.75
2026-08-30T10:32:48.657Z,8590.097,177246208,689954816,0,174660608,169177088,5439488,169177088,2629632,0,0,0,13619482624,0,0.87
2026-08-30T10:32:58.654Z,8600.094,179101696,689954816,0,176516096,171032576,5439488,171032576,2629632,0,0,0,13620031488,0,0.97
2026-08-30T10:33:08.654Z,8610.094,179478528,689954816,0,176892928,171409408,5439488,171409408,2629632,0,0,0,13619777536,0,0.82
2026-08-30T10:33:18.655Z,8620.095,178900992,689954816,0,176315392,170831872,5439488,170831872,2629632,0,0,0,13621379072,0,0.69
2026-08-30T10:33:28.654Z,8630.094,176537600,689954816,0,173952000,168468480,5439488,168468480,2629632,0,0,0,13619073024,0,0.59
2026-08-30T10:33:38.655Z,8640.095,175300608,689954816,0,172715008,167231488,5439488,167231488,2629632,0,0,0,13621833728,0,0.58
2026-08-30T10:33:48.654Z,8650.094,177692672,689954816,0,175107072,169623552,5439488,169623552,2629632,0,0,0,13623865344,0,0.57
2026-08-30T10:33:58.655Z,8660.095,177598464,689954816,0,175012864,169529344,5439488,169529344,2629632,0,0,0,13625171968,0,0.71
2026-08-30T10:34:08.654Z,8670.094,178057216,689954816,0,175471616,169988096,5439488,169988096,2629632,0,0,0,13626650624,0,0.76
2026-08-30T10:34:18.655Z,8680.095,178159616,689954816,0,175574016,170090496,5439488,170090496,2629632,0,0,0,13625491456,0,0.8
2026-08-30T10:34:28.654Z,8690.094,180031488,689954816,0,177445888,171962368,5439488,171962368,2629632,0,0,0,13626896384,0,0.83
2026-08-30T10:34:38.658Z,8700.098,180740096,689954816,0,178154496,172670976,5439488,172670976,2629632,0,0,0,13625892864,0,0.7
2026-08-30T10:34:48.657Z,8710.097,181362688,689954816,0,178777088,173293568,5439488,173293568,2629632,0,0,0,13625143296,0,0.67
2026-08-30T10:34:58.654Z,8720.094,179478528,689954816,0,176892928,171409408,5439488,171409408,2629632,0,0,0,13625577472,0,0.64
2026-08-30T10:35:08.654Z,8730.094,179896320,689954816,0,177310720,171827200,5439488,171827200,2629632,0,0,0,13621334016,0,0.62
2026-08-30T10:35:18.657Z,8740.097,180461568,689954816,0,177875968,172392448,5439488,172392448,2629632,0,0,0,13622001664,0,0.52
2026-08-30T10:35:28.657Z,8750.097,180002816,689954816,0,177417216,171933696,5439488,171933696,2629632,0,0,0,13620666368,0,0.44
2026-08-30T10:35:38.658Z,8760.098,179896320,689954816,0,177310720,171827200,5439488,171827200,2629632,0,0,0,13620682752,0,0.54
2026-08-30T10:35:48.654Z,8770.094,178634752,689954816,0,176049152,170565632,5439488,170565632,2629632,0,0,0,13621444608,0,0.76
2026-08-30T10:35:58.658Z,8780.098,176603136,689954816,0,174017536,168534016,5439488,168534016,2629632,0,0,0,13621751808,0,0.8
2026-08-30T10:36:08.657Z,8790.097,178614272,689954816,0,176028672,170545152,5439488,170545152,2629632,0,0,0,13623799808,0,0.98
2026-08-30T10:36:18.658Z,8800.098,179462144,689954816,0,176876544,171393024,5439488,171393024,2629632,0,0,0,13628260352,0,0.83
2026-08-30T10:36:28.655Z,8810.095,181067776,689954816,0,178482176,172998656,5439488,172998656,2629632,0,0,0,13621477376,0,0.7
2026-08-30T10:36:38.661Z,8820.101,184139776,689954816,0,181500928,176017408,5439488,176017408,2629632,0,0,0,13619376128,0,0.59
2026-08-30T10:36:48.657Z,8830.097,184655872,689954816,0,182197248,176713728,5439488,176713728,2629632,0,0,0,13618794496,0,0.5
2026-08-30T10:36:58.657Z,8840.097,184807424,689954816,0,182262784,176779264,5439488,176779264,2629632,0,0,0,13618307072,0,0.43
2026-08-30T10:37:08.659Z,8850.099,184905728,689954816,0,182320128,176836608,5439488,176836608,2629632,0,0,0,13616590848,0,0.44
2026-08-30T10:37:18.660Z,8860.1,184950784,689954816,0,182389760,176906240,5439488,176906240,2629632,0,0,0,13615349760,0,0.53
2026-08-30T10:37:28.660Z,8870.1,184893440,689954816,0,182344704,176861184,5439488,176861184,2629632,0,0,0,13619810304,0,0.68
2026-08-30T10:37:38.663Z,8880.103,186048512,689954816,0,183499776,178016256,5439488,178016256,2629632,0,0,0,13615693824,0,1.17
2026-08-30T10:37:48.663Z,8890.103,186359808,689954816,0,183811072,178327552,5439488,178327552,2629632,0,0,0,13618159616,0,1.23
2026-08-30T10:37:58.662Z,8900.102,186163200,689954816,0,183655424,178171904,5439488,178171904,2629632,0,0,0,13618724864,0,1.04
2026-08-30T10:38:08.660Z,8910.1,186175488,689954816,0,183626752,178143232,5439488,178143232,2629632,0,0,0,13617057792,0,0.88
2026-08-30T10:38:18.662Z,8920.102,187129856,689954816,0,184609792,179126272,5439488,179126272,2629632,0,0,0,13619834880,0,0.82
2026-08-30T10:38:28.664Z,8930.104,181923840,689954816,0,179383296,173899776,5439488,173899776,2629632,0,0,0,13623566336,0,0.69
2026-08-30T10:38:38.660Z,8940.1,182652928,689954816,0,180108288,174624768,5439488,174624768,2629632,0,0,0,13621354496,0,0.66
2026-08-30T10:38:48.662Z,8950.102,182865920,689954816,0,180317184,174833664,5439488,174833664,2629632,0,0,0,13616013312,0,0.56
2026-08-30T10:38:58.661Z,8960.101,179290112,689954816,0,176741376,171257856,5439488,171257856,2629632,0,0,0,13620711424,0,0.62
2026-08-30T10:39:08.659Z,8970.099,175288320,689954816,0,172739584,167256064,5439488,167256064,2629632,0,0,0,13628792832,0,0.76
2026-08-30T10:39:18.661Z,8980.101,178421760,689954816,0,175873024,170389504,5439488,170389504,2629632,0,0,0,13627305984,0,0.79
2026-08-30T10:39:28.660Z,8990.1,179372032,689954816,0,176827392,171343872,5439488,171343872,2629632,0,0,0,13627125760,0,1.22
2026-08-30T10:39:38.660Z,9000.1,177188864,689954816,0,174640128,169156608,5439488,169156608,2629632,0,0,0,13627150336,0,1.11
2026-08-30T10:39:48.663Z,9010.103,174022656,689954816,0,171490304,166006784,5439488,166006784,2629632,0,0,0,13628096512,0,0.93
2026-08-30T10:39:58.660Z,9020.1,173629440,689954816,0,171068416,165584896,5439488,165584896,2629632,0,0,0,13630894080,0,0.79
2026-08-30T10:40:08.660Z,9030.1,176082944,689954816,0,173521920,168038400,5439488,168038400,2629632,0,0,0,13629747200,0,0.67
2026-08-30T10:40:18.660Z,9040.1,175423488,689954816,0,172956672,167473152,5439488,167473152,2629632,0,0,0,13628436480,0,0.57
2026-08-30T10:40:28.660Z,9050.1,174796800,689954816,0,172248064,166764544,5439488,166764544,2629632,0,0,0,13631045632,0,0.48
2026-08-30T10:40:38.663Z,9060.103,174534656,689954816,0,171985920,166502400,5439488,166502400,2629632,0,0,0,13628657664,0,0.4
2026-08-30T10:40:48.662Z,9070.102,174886912,689954816,0,172338176,166854656,5439488,166854656,2629632,0,0,0,13617270784,0,0.42
2026-08-30T10:40:58.660Z,9080.1,177172480,689954816,0,174672896,169189376,5439488,169189376,2629632,0,0,0,13620981760,0,0.66
2026-08-30T10:41:08.660Z,9090.1,177950720,689954816,0,175401984,169918464,5439488,169918464,2629632,0,0,0,13624217600,0,0.79
2026-08-30T10:41:18.660Z,9100.1,178044928,689954816,0,175590400,170106880,5439488,170106880,2629632,0,0,0,13620633600,0,0.9
2026-08-30T10:41:28.664Z,9110.104,176570368,689954816,0,174025728,168542208,5439488,168542208,2629632,0,0,0,13629108224,0,0.99
2026-08-30T10:41:38.661Z,9120.101,178257920,689954816,0,175709184,170225664,5439488,170225664,2629632,0,0,0,13622755328,0,0.83
2026-08-30T10:41:48.664Z,9130.104,177807360,689954816,0,175258624,169775104,5439488,169775104,2629632,0,0,0,13622259712,0,0.7
2026-08-30T10:41:58.660Z,9140.1,177651712,689954816,0,175102976,169619456,5439488,169619456,2629632,0,0,0,13620760576,0,0.67
2026-08-30T10:42:08.659Z,9150.099,179396608,689954816,0,176901120,171417600,5439488,171417600,2629632,0,0,0,13621301248,0,0.65
2026-08-30T10:42:18.660Z,9160.1,178892800,689954816,0,176339968,170856448,5439488,170856448,2629632,0,0,0,13624672256,0,0.71
2026-08-30T10:42:28.661Z,9170.101,177627136,689954816,0,175066112,169582592,5439488,169582592,2629632,0,0,0,13624868864,0,0.91
2026-08-30T10:42:38.662Z,9180.102,177004544,689954816,0,174455808,168972288,5439488,168972288,2629632,0,0,0,13627326464,0,0.92
2026-08-30T10:42:48.660Z,9190.1,178499584,689954816,0,175954944,170471424,5439488,170471424,2629632,0,0,0,13628243968,0,0.93
2026-08-30T10:42:58.661Z,9200.101,178847744,689954816,0,176299008,170815488,5439488,170815488,2629632,0,0,0,13628379136,0,0.79
2026-08-30T10:43:08.660Z,9210.1,178900992,689954816,0,176421888,170938368,5439488,170938368,2629632,0,0,0,13625540608,0,0.67
2026-08-30T10:43:18.662Z,9220.102,178397184,689954816,0,175848448,170364928,5439488,170364928,2629632,0,0,0,13624582144,0,0.56
2026-08-30T10:43:28.664Z,9230.104,177803264,689954816,0,175246336,169762816,5439488,169762816,2629632,0,0,0,13626433536,0,0.48
2026-08-30T10:43:38.660Z,9240.1,178159616,689954816,0,175668224,170184704,5439488,170184704,2629632,0,0,0,13625970688,0,0.4
2026-08-30T10:43:48.663Z,9250.103,174968832,689954816,0,172424192,166940672,5439488,166940672,2629632,0,0,0,13629747200,0,0.34
2026-08-30T10:43:58.660Z,9260.1,178180096,689954816,0,175606784,170123264,5439488,170123264,2629632,0,0,0,13627092992,0,0.37
2026-08-30T10:44:08.662Z,9270.102,178520064,689954816,0,175959040,170475520,5439488,170475520,2629632,0,0,0,13623869440,0,0.54
2026-08-30T10:44:18.663Z,9280.103,181899264,689954816,0,179125248,173641728,5439488,173641728,2629632,0,0,0,13618798592,0,0.68
2026-08-30T10:44:28.662Z,9290.102,182108160,689954816,0,179579904,174096384,5439488,174096384,2629632,0,0,0,13620215808,0,0.57
2026-08-30T10:44:38.662Z,9300.102,181895168,689954816,0,179334144,173850624,5439488,173850624,2629632,0,0,0,13621329920,0,0.48
2026-08-30T10:44:48.662Z,9310.102,182669312,689954816,0,180108288,174624768,5439488,174624768,2629632,0,0,0,13618425856,0,0.41
2026-08-30T10:44:58.663Z,9320.103,182575104,689954816,0,180026368,174542848,5439488,174542848,2629632,0,0,0,13619216384,0,0.35
2026-08-30T10:45:08.662Z,9330.102,179683328,689954816,0,176909312,171425792,5439488,171425792,2629632,0,0,0,13616611328,0,0.29
2026-08-30T10:45:18.663Z,9340.103,180244480,689954816,0,177695744,172212224,5439488,172212224,2629632,0,0,0,13614669824,0,0.33
2026-08-30T10:45:28.663Z,9350.103,180527104,689954816,0,177978368,172494848,5439488,172494848,2629632,0,0,0,13613412352,0,0.28
2026-08-30T10:45:38.664Z,9360.104,178229248,689954816,0,175684608,170201088,5439488,170201088,2629632,0,0,0,13616467968,0,0.31
2026-08-30T10:45:48.663Z,9370.103,176070656,689954816,0,173509632,168026112,5439488,168026112,2629632,0,0,0,13624406016,0,0.42
2026-08-30T10:45:58.664Z,9380.104,180191232,689954816,0,177642496,172158976,5439488,172158976,2629632,0,0,0,13622796288,0,0.58
2026-08-30T10:46:08.663Z,9390.103,179597312,689954816,0,177048576,171565056,5439488,171565056,2629632,0,0,0,13625647104,0,0.49
2026-08-30T10:46:18.666Z,9400.106,179785728,689954816,0,177007616,171524096,5439488,171524096,2629632,0,0,0,13620953088,0,0.56
2026-08-30T10:46:28.664Z,9410.104,181018624,689954816,0,178482176,172998656,5439488,172998656,2629632,0,0,0,13619879936,0,0.47
2026-08-30T10:46:38.663Z,9420.103,181436416,689954816,0,178932736,173449216,5439488,173449216,2629632,0,0,0,13619200000,0,0.56
2026-08-30T10:46:48.664Z,9430.104,182460416,689954816,0,179911680,174428160,5439488,174428160,2629632,0,0,0,13619200000,0,0.47
2026-08-30T10:46:58.666Z,9440.106,181059584,689954816,0,178510848,173027328,5439488,173027328,2629632,0,0,0,13618470912,0,0.4
2026-08-30T10:47:08.667Z,9450.107,181948416,689954816,0,179391488,173907968,5439488,173907968,2629632,0,0,0,13614424064,0,0.34
2026-08-30T10:47:18.666Z,9460.106,183160832,689954816,0,180616192,175132672,5439488,175132672,2629632,0,0,0,13614784512,0,0.36
2026-08-30T10:47:28.663Z,9470.103,182427648,689954816,0,179878912,174395392,5439488,174395392,2629632,0,0,0,13614817280,0,0.46
2026-08-30T10:47:38.664Z,9480.104,182890496,689954816,0,180341760,174858240,5439488,174858240,2629632,0,0,0,13620527104,0,0.46
2026-08-30T10:47:48.663Z,9490.103,182530048,689954816,0,179751936,174268416,5439488,174268416,2629632,0,0,0,13618536448,0,0.39
2026-08-30T10:47:58.666Z,9500.106,183214080,689954816,0,180665344,175181824,5439488,175181824,2629632,0,0,0,13615976448,0,0.41
2026-08-30T10:48:08.667Z,9510.107,185135104,689954816,0,182586368,177102848,5439488,177102848,2629632,0,0,0,13612310528,0,0.34
2026-08-30T10:48:18.663Z,9520.103,184496128,689954816,0,182000640,176517120,5439488,176517120,2629632,0,0,0,13610881024,0,0.29
2026-08-30T10:48:28.663Z,9530.103,180908032,689954816,0,178371584,172888064,5439488,172888064,2629632,0,0,0,13616037888,0,0.24
2026-08-30T10:48:38.663Z,9540.103,182689792,689954816,0,180141056,174657536,5439488,174657536,2629632,0,0,0,13615915008,0,0.21
2026-08-30T10:48:48.664Z,9550.104,183685120,689954816,0,181136384,175652864,5439488,175652864,2629632,0,0,0,13616967680,0,0.17
2026-08-30T10:48:58.664Z,9560.104,184295424,689954816,0,181746688,176263168,5439488,176263168,2629632,0,0,0,13613187072,0,0.15
2026-08-30T10:49:08.664Z,9570.104,182173696,689954816,0,179612672,174129152,5439488,174129152,2629632,0,0,0,13616091136,0,0.28
2026-08-30T10:49:18.664Z,9580.104,182530048,689954816,0,180009984,174526464,5439488,174526464,2629632,0,0,0,13619552256,0,0.39
2026-08-30T10:49:28.668Z,9590.108,179798016,689954816,0,177142784,171659264,5439488,171659264,2629632,0,0,0,13621252096,0,0.64
2026-08-30T10:49:39.233Z,9600.673,177586176,689954816,0,175000576,169517056,5439488,169517056,2629632,0,0,0,13623701504,0,0.62
2026-08-30T10:49:49.022Z,9610.462,176660480,689954816,0,174074880,168591360,5439488,168591360,2629632,0,0,0,13625503744,0,0.83
2026-08-30T10:49:59.152Z,9620.592,178737152,689954816,0,176151552,170668032,5439488,170668032,2629632,0,0,0,13621817344,0,0.93
2026-08-30T10:50:08.665Z,9630.105,179806208,689954816,0,177253376,171769856,5439488,171769856,2629632,0,0,0,13624864768,0,1.1
2026-08-30T10:50:18.668Z,9640.108,179187712,689954816,0,176663552,171180032,5439488,171180032,2629632,0,0,0,13623521280,0,1
2026-08-30T10:50:28.665Z,9650.105,180883456,689954816,0,178322432,172838912,5439488,172838912,2629632,0,0,0,13622513664,0,0.85
2026-08-30T10:50:38.669Z,9660.109,180985856,689954816,0,178437120,172953600,5439488,172953600,2629632,0,0,0,13620178944,0,0.8
2026-08-30T10:50:48.668Z,9670.108,178724864,689954816,0,176188416,170704896,5439488,170704896,2629632,0,0,0,13619535872,0,0.83
2026-08-30T10:50:58.666Z,9680.106,178290688,689954816,0,175737856,170254336,5439488,170254336,2629632,0,0,0,13615460352,0,0.86
2026-08-30T10:51:08.665Z,9690.105,177844224,689954816,0,175295488,169811968,5439488,169811968,2629632,0,0,0,13624332288,0,0.87
2026-08-30T10:51:18.665Z,9700.105,177238016,689954816,0,174734336,169250816,5439488,169250816,2629632,0,0,0,13628706816,0,0.96
2026-08-30T10:51:28.667Z,9710.107,178495488,689954816,0,175934464,170450944,5439488,170450944,2629632,0,0,0,13618262016,0,0.81
2026-08-30T10:51:38.665Z,9720.105,178851840,689954816,0,176352256,170868736,5439488,170868736,2629632,0,0,0,13623779328,0,0.69
2026-08-30T10:51:48.666Z,9730.106,179441664,689954816,0,176897024,171413504,5439488,171413504,2629632,0,0,0,13624958976,0,0.58
2026-08-30T10:51:58.665Z,9740.105,176254976,689954816,0,173710336,168226816,5439488,168226816,2629632,0,0,0,13629104128,0,0.49
2026-08-30T10:52:08.666Z,9750.106,171544576,689954816,0,168995840,163512320,5439488,163512320,2629632,0,0,0,13631692800,0,0.41
2026-08-30T10:52:18.665Z,9760.105,174485504,689954816,0,171936768,166453248,5439488,166453248,2629632,0,0,0,13626458112,0,0.43
2026-08-30T10:52:28.665Z,9770.105,173854720,689954816,0,171314176,165830656,5439488,165830656,2629632,0,0,0,13630746624,0,0.59
2026-08-30T10:52:38.665Z,9780.105,175575040,689954816,0,173108224,167624704,5439488,167624704,2629632,0,0,0,13630418944,0,0.66
2026-08-30T10:52:48.666Z,9790.106,175403008,689954816,0,172854272,167370752,5439488,167370752,2629632,0,0,0,13630353408,0,0.87
2026-08-30T10:52:58.668Z,9800.108,176115712,689954816,0,173554688,168071168,5439488,168071168,2629632,0,0,0,13626720256,0,0.74
2026-08-30T10:53:08.669Z,9810.108,177393664,689954816,0,174844928,169361408,5439488,169361408,2629632,0,0,0,13626863616,0,0.63
2026-08-30T10:53:18.669Z,9820.109,177631232,689954816,0,175131648,169648128,5439488,169648128,2629632,0,0,0,13625544704,0,0.53
2026-08-30T10:53:28.667Z,9830.107,178335744,689954816,0,175791104,170307584,5439488,170307584,2629632,0,0,0,13627207680,0,0.45
2026-08-30T10:53:38.667Z,9840.107,178180096,689954816,0,175660032,170176512,5439488,170176512,2629632,0,0,0,13630451712,0,0.38
2026-08-30T10:53:48.670Z,9850.11,177278976,689954816,0,174717952,169234432,5439488,169234432,2629632,0,0,0,13624614912,0,0.32
2026-08-30T10:53:58.669Z,9860.109,178331648,689954816,0,175787008,170303488,5439488,170303488,2629632,0,0,0,13620551680,0,0.42
2026-08-30T10:54:08.667Z,9870.107,178708480,689954816,0,176159744,170676224,5439488,170676224,2629632,0,0,0,13624647680,0,0.51
2026-08-30T10:54:18.667Z,9880.107,179908608,689954816,0,177445888,171962368,5439488,171962368,2629632,0,0,0,13621407744,0,0.59
2026-08-30T10:54:28.667Z,9890.107,176230400,689954816,0,173681664,168198144,5439488,168198144,2629632,0,0,0,13624426496,0,0.81
2026-08-30T10:54:38.672Z,9900.112,177831936,689954816,0,175348736,169865216,5439488,169865216,2629632,0,0,0,13624414208,0,0.76
2026-08-30T10:54:48.669Z,9910.109,177201152,689954816,0,174652416,169168896,5439488,169168896,2629632,0,0,0,13620498432,0,0.72
2026-08-30T10:54:58.668Z,9920.108,174403584,689954816,0,171854848,166371328,5439488,166371328,2629632,0,0,0,13623701504,0,0.75
2026-08-30T10:55:08.667Z,9930.107,176222208,689954816,0,173771776,168288256,5439488,168288256,2629632,0,0,0,13621895168,0,0.71
2026-08-30T10:55:18.668Z,9940.108,178221056,689954816,0,175549440,170065920,5439488,170065920,2629632,0,0,0,13626716160,0,0.6
2026-08-30T10:55:28.668Z,9950.108,178634752,689954816,0,176081920,170598400,5439488,170598400,2629632,0,0,0,13623422976,0,0.51
2026-08-30T10:55:38.672Z,9960.112,180072448,689954816,0,177576960,172093440,5439488,172093440,2629632,0,0,0,13613846528,0,0.59
2026-08-30T10:55:48.668Z,9970.108,179552256,689954816,0,177007616,171524096,5439488,171524096,2629632,0,0,0,13617475584,0,0.72
2026-08-30T10:55:58.668Z,9980.108,180609024,689954816,0,177847296,172363776,5439488,172363776,2629632,0,0,0,13617299456,0,0.84
2026-08-30T10:56:08.667Z,9990.107,181821440,689954816,0,179272704,173789184,5439488,173789184,2629632,0,0,0,13611180032,0,0.86
2026-08-30T10:56:18.672Z,10000.112,181669888,689954816,0,179125248,173641728,5439488,173641728,2629632,0,0,0,13613531136,0,1.02
2026-08-30T10:56:28.671Z,10010.111,181686272,689954816,0,179149824,173666304,5439488,173666304,2629632,0,0,0,13615857664,0,0.86
2026-08-30T10:56:38.672Z,10020.112,179666944,689954816,0,177118208,171634688,5439488,171634688,2629632,0,0,0,13613809664,0,0.8
2026-08-30T10:56:48.668Z,10030.108,179179520,689954816,0,176634880,171151360,5439488,171151360,2629632,0,0,0,13619834880,0,0.68
2026-08-30T10:56:58.668Z,10040.108,179724288,689954816,0,177265664,171782144,5439488,171782144,2629632,0,0,0,13611839488,0,0.72
2026-08-30T10:57:08.668Z,10050.108,180736000,689954816,0,178179072,172695552,5439488,172695552,2629632,0,0,0,13609336832,0,0.61
2026-08-30T10:57:18.668Z,10060.108,181415936,689954816,0,178670592,173187072,5439488,173187072,2629632,0,0,0,13606821888,0,0.59
2026-08-30T10:57:28.668Z,10070.108,181260288,689954816,0,178772992,173289472,5439488,173289472,2629632,0,0,0,13611343872,0,0.57
2026-08-30T10:57:38.668Z,10080.108,181874688,689954816,0,179420160,173936640,5439488,173936640,2629632,0,0,0,13612777472,0,0.71
2026-08-30T10:57:48.669Z,10090.109,183234560,689954816,0,180583424,175099904,5439488,175099904,2629632,0,0,0,13611859968,0,0.76
2026-08-30T10:57:58.673Z,10100.113,183500800,689954816,0,180952064,175468544,5439488,175468544,2629632,0,0,0,13613907968,0,0.96
2026-08-30T10:58:08.670Z,10110.11,182300672,689954816,0,179756032,174272512,5439488,174272512,2629632,0,0,0,13613838336,0,0.81
2026-08-30T10:58:18.672Z,10120.112,181743616,689954816,0,179088384,173604864,5439488,173604864,2629632,0,0,0,13611589632,0,0.68
2026-08-30T10:58:28.670Z,10130.11,181809152,689954816,0,179252224,173768704,5439488,173768704,2629632,0,0,0,13615304704,0,0.58
2026-08-30T10:58:38.671Z,10140.111,181493760,689954816,0,178945024,173461504,5439488,173461504,2629632,0,0,0,13614440448,0,0.49
2026-08-30T10:58:48.670Z,10150.11,181276672,689954816,0,178715648,173232128,5439488,173232128,2629632,0,0,0,13613355008,0,0.41
2026-08-30T10:58:58.671Z,10160.111,183205888,689954816,0,180648960,175165440,5439488,175165440,2629632,0,0,0,13606408192,0,0.35
2026-08-30T10:59:08.672Z,10170.112,185884672,689954816,0,183397376,177913856,5439488,177913856,2629632,0,0,0,13603061760,0,0.6
2026-08-30T10:59:18.671Z,10180.111,180068352,689954816,0,177523712,172040192,5439488,172040192,2629632,0,0,0,13613518848,0,0.74
2026-08-30T10:59:28.671Z,10190.111,181997568,689954816,0,179448832,173965312,5439488,173965312,2629632,0,0,0,13608439808,0,0.7
2026-08-30T10:59:38.672Z,10200.112,184270848,689954816,0,181787648,176304128,5439488,176304128,2629632,0,0,0,13612531712,0,0.74
2026-08-30T10:59:48.671Z,10210.111,184254464,689954816,0,181763072,176279552,5439488,176279552,2629632,0,0,0,13613453312,0,0.62
2026-08-30T10:59:58.675Z,10220.115,184827904,689954816,0,182266880,176783360,5439488,176783360,2629632,0,0,0,13615058944,0,0.53
2026-08-30T11:00:08.671Z,10230.111,187969536,689954816,0,185408512,179924992,5439488,179924992,2629632,0,0,0,13613772800,0,0.45
2026-08-30T11:00:18.672Z,10240.112,188076032,689954816,0,185527296,180043776,5439488,180043776,2629632,0,0,0,13608280064,0,0.38
2026-08-30T11:00:28.672Z,10250.112,188661760,689954816,0,186100736,180617216,5439488,180617216,2629632,0,0,0,13611708416,0,0.4
2026-08-30T11:00:38.676Z,10260.116,190160896,689954816,0,187603968,182120448,5439488,182120448,2629632,0,0,0,13609119744,0,0.42
2026-08-30T11:00:48.674Z,10270.114,186322944,689954816,0,183774208,178290688,5439488,178290688,2629632,0,0,0,13610414080,0,0.51
2026-08-30T11:00:58.671Z,10280.111,186920960,689954816,0,184331264,178847744,5439488,178847744,2629632,0,0,0,13607493632,0,0.74
2026-08-30T11:01:08.671Z,10290.111,188649472,689954816,0,186113024,180629504,5439488,180629504,2629632,0,0,0,13608251392,0,0.7
2026-08-30T11:01:18.672Z,10300.112,188350464,689954816,0,185801728,180318208,5439488,180318208,2629632,0,0,0,13608902656,0,0.59
2026-08-30T11:01:28.671Z,10310.111,188145664,689954816,0,185617408,180133888,5439488,180133888,2629632,0,0,0,13607972864,0,0.5
2026-08-30T11:01:38.675Z,10320.115,187580416,689954816,0,185039872,179556352,5439488,179556352,2629632,0,0,0,13610278912,0,0.5
2026-08-30T11:01:48.671Z,10330.111,183988224,689954816,0,181443584,175960064,5439488,175960064,2629632,0,0,0,13613670400,0,0.42
2026-08-30T11:01:58.671Z,10340.111,184676352,689954816,0,182127616,176644096,5439488,176644096,2629632,0,0,0,13613461504,0,0.36
2026-08-30T11:02:08.671Z,10350.111,185511936,689954816,0,182963200,177479680,5439488,177479680,2629632,0,0,0,13607579648,0,0.3
2026-08-30T11:02:18.671Z,10360.111,185737216,689954816,0,183188480,177704960,5439488,177704960,2629632,0,0,0,13608456192,0,0.49
2026-08-30T11:02:28.674Z,10370.114,180117504,689954816,0,177556480,172072960,5439488,172072960,2629632,0,0,0,13614567424,0,0.57
2026-08-30T11:02:38.672Z,10380.112,181600256,689954816,0,179051520,173568000,5439488,173568000,2629632,0,0,0,13614194688,0,0.72
2026-08-30T11:02:48.675Z,10390.115,181837824,689954816,0,179309568,173826048,5439488,173826048,2629632,0,0,0,13612351488,0,0.68
2026-08-30T11:02:58.673Z,10400.113,179392512,689954816,0,176843776,171360256,5439488,171360256,2629632,0,0,0,13616144384,0,0.57
2026-08-30T11:03:08.674Z,10410.114,180453376,689954816,0,177908736,172425216,5439488,172425216,2629632,0,0,0,13611769856,0,0.49
2026-08-30T11:03:18.675Z,10420.115,181415936,689954816,0,178859008,173375488,5439488,173375488,2629632,0,0,0,13609840640,0,0.41
2026-08-30T11:03:28.674Z,10430.114,182505472,689954816,0,179956736,174473216,5439488,174473216,2629632,0,0,0,13611311104,0,0.35
2026-08-30T11:03:38.673Z,10440.113,182583296,689954816,0,180034560,174551040,5439488,174551040,2629632,0,0,0,13611298816,0,0.29
2026-08-30T11:03:48.674Z,10450.114,181559296,689954816,0,179010560,173527040,5439488,173527040,2629632,0,0,0,13611851776,0,0.25
2026-08-30T11:03:58.674Z,10460.114,183005184,689954816,0,180464640,174981120,5439488,174981120,2629632,0,0,0,13613252608,0,0.29
2026-08-30T11:04:08.671Z,10470.111,183971840,689954816,0,181369856,175886336,5439488,175886336,2629632,0,0,0,13613334528,0,0.55
2026-08-30T11:04:18.671Z,10480.111,183996416,689954816,0,181447680,175964160,5439488,175964160,2629632,0,0,0,13613215744,0,0.7
2026-08-30T11:04:28.675Z,10490.115,182939648,689954816,0,180395008,174911488,5439488,174911488,2629632,0,0,0,13611253760,0,0.74
2026-08-30T11:04:38.676Z,10500.116,183558144,689954816,0,181009408,175525888,5439488,175525888,2629632,0,0,0,13610467328,0,0.7
2026-08-30T11:04:48.673Z,10510.113,180465664,689954816,0,177880064,172396544,5439488,172396544,2629632,0,0,0,13615894528,0,0.59
2026-08-30T11:04:58.673Z,10520.113,180985856,689954816,0,178400256,172916736,5439488,172916736,2629632,0,0,0,13617242112,0,0.5
2026-08-30T11:05:08.677Z,10530.117,181354496,689954816,0,178854912,173371392,5439488,173371392,2629632,0,0,0,13618978816,0,0.42
2026-08-30T11:05:18.677Z,10540.117,183365632,689954816,0,180870144,175386624,5439488,175386624,2629632,0,0,0,13616640000,0,0.36
2026-08-30T11:05:28.674Z,10550.114,185004032,689954816,0,182418432,176934912,5439488,176934912,2629632,0,0,0,13617758208,0,0.3
2026-08-30T11:05:38.673Z,10560.113,186171392,689954816,0,183655424,178171904,5439488,178171904,2629632,0,0,0,13609914368,0,0.25
2026-08-30T11:05:48.673Z,10570.113,185024512,689954816,0,182438912,176955392,5439488,176955392,2629632,0,0,0,13615652864,0,0.29
2026-08-30T11:05:58.677Z,10580.117,181493760,689954816,0,178908160,173424640,5439488,173424640,2629632,0,0,0,13615607808,0,0.48
2026-08-30T11:06:08.673Z,10590.112,177524736,689954816,0,174939136,169455616,5439488,169455616,2629632,0,0,0,13621633024,0,0.56
2026-08-30T11:06:18.673Z,10600.113,178016256,689954816,0,175430656,169947136,5439488,169947136,2629632,0,0,0,13616463872,0,0.47
2026-08-30T11:06:28.672Z,10610.112,177795072,689954816,0,175246336,169762816,5439488,169762816,2629632,0,0,0,13620301824,0,0.4
2026-08-30T11:06:38.673Z,10620.113,176492544,689954816,0,173906944,168423424,5439488,168423424,2629632,0,0,0,13618528256,0,0.34
2026-08-30T11:06:48.673Z,10630.113,178282496,689954816,0,175696896,170213376,5439488,170213376,2629632,0,0,0,13619253248,0,0.28
2026-08-30T11:06:58.677Z,10640.117,181678080,689954816,0,179186688,173703168,5439488,173703168,2629632,0,0,0,13618593792,0,0.24
2026-08-30T11:07:08.673Z,10650.113,181698560,689954816,0,179112960,173629440,5439488,173629440,2629632,0,0,0,13617655808,0,0.2
2026-08-30T11:07:18.673Z,10660.113,181137408,689954816,0,178588672,173105152,5439488,173105152,2629632,0,0,0,13616750592,0,0.33
2026-08-30T11:07:28.673Z,10670.113,180760576,689954816,0,178174976,172691456,5439488,172691456,2629632,0,0,0,13614796800,0,0.43
2026-08-30T11:07:38.673Z,10680.113,176971776,689954816,0,174410752,168927232,5439488,168927232,2629632,0,0,0,13616377856,0,0.37
2026-08-30T11:07:48.673Z,10690.113,180654080,689954816,0,178142208,172658688,5439488,172658688,2629632,0,0,0,13609091072,0,0.31
2026-08-30T11:07:58.673Z,10700.113,181256192,689954816,0,178695168,173211648,5439488,173211648,2629632,0,0,0,13613649920,0,0.26
2026-08-30T11:08:08.673Z,10710.113,183656448,689954816,0,181070848,175587328,5439488,175587328,2629632,0,0,0,13612969984,0,0.22
2026-08-30T11:08:18.674Z,10720.114,181952512,689954816,0,179366912,173883392,5439488,173883392,2629632,0,0,0,13615124480,0,0.19
2026-08-30T11:08:28.674Z,10730.114,182439936,689954816,0,179854336,174370816,5439488,174370816,2629632,0,0,0,13613658112,0,0.16
2026-08-30T11:08:38.675Z,10740.115,183631872,689954816,0,181046272,175562752,5439488,175562752,2629632,0,0,0,13608964096,0,0.21
2026-08-30T11:08:48.673Z,10750.113,183635968,689954816,0,181050368,175566848,5439488,175566848,2629632,0,0,0,13609754624,0,0.18
2026-08-30T11:08:58.674Z,10760.114,184156160,689954816,0,181570560,176087040,5439488,176087040,2629632,0,0,0,13609672704,0,0.31
2026-08-30T11:09:08.674Z,10770.114,184152064,689954816,0,181566464,176082944,5439488,176082944,2629632,0,0,0,13610029056,0,0.49
2026-08-30T11:09:18.675Z,10780.115,181104640,689954816,0,178519040,173035520,5439488,173035520,2629632,0,0,0,13615996928,0,0.57
2026-08-30T11:09:28.674Z,10790.114,180379648,689954816,0,177794048,172310528,5439488,172310528,2629632,0,0,0,13610586112,0,0.48
2026-08-30T11:09:38.674Z,10800.114,179679232,689954816,0,177093632,171610112,5439488,171610112,2629632,0,0,0,13609664512,0,0.4
2026-08-30T11:09:48.674Z,10810.114,179093504,689954816,0,176507904,171024384,5439488,171024384,2629632,0,0,0,13612965888,0,0.34
2026-08-30T11:09:58.678Z,10820.118,179265536,689954816,0,176679936,171196416,5439488,171196416,2629632,0,0,0,13615583232,0,0.29
2026-08-30T11:10:08.678Z,10830.118,178810880,689954816,0,176225280,170741760,5439488,170741760,2629632,0,0,0,13614940160,0,0.24
2026-08-30T11:10:18.678Z,10840.118,178700288,689954816,0,176114688,170631168,5439488,170631168,2629632,0,0,0,13615177728,0,0.21
2026-08-30T11:10:28.674Z,10850.114,179097600,689954816,0,176512000,171028480,5439488,171028480,2629632,0,0,0,13615312896,0,0.17
2026-08-30T11:10:38.675Z,10860.115,180535296,689954816,0,177949696,172466176,5439488,172466176,2629632,0,0,0,13613842432,0,0.23
2026-08-30T11:10:48.674Z,10870.114,182132736,689954816,0,179547136,174063616,5439488,174063616,2629632,0,0,0,13613670400,0,0.35
2026-08-30T11:10:58.674Z,10880.114,176386048,689954816,0,173800448,168316928,5439488,168316928,2629632,0,0,0,13621374976,0,0.37
2026-08-30T11:11:08.674Z,10890.114,173838336,689954816,0,171252736,165769216,5439488,165769216,2629632,0,0,0,13623386112,0,0.31
2026-08-30T11:11:19.053Z,10900.493,178126848,689954816,0,175541248,170057728,5439488,170057728,2629632,0,0,0,13619052544,0,0.43
2026-08-30T11:11:28.899Z,10910.339,177016832,689954816,0,174431232,168947712,5439488,168947712,2629632,0,0,0,13619408896,0,0.67
2026-08-30T11:11:39.225Z,10920.665,178343936,689954816,0,175758336,170274816,5439488,170274816,2629632,0,0,0,13618528256,0,0.87
2026-08-30T11:11:48.675Z,10930.115,174637056,689954816,0,172051456,166567936,5439488,166567936,2629632,0,0,0,13618274304,0,1.2
2026-08-30T11:11:58.678Z,10940.118,177504256,689954816,0,174918656,169435136,5439488,169435136,2629632,0,0,0,13616578560,0,1.02
2026-08-30T11:12:08.674Z,10950.114,178216960,689954816,0,175631360,170147840,5439488,170147840,2629632,0,0,0,13612396544,0,0.86
2026-08-30T11:12:18.678Z,10960.118,177704960,689954816,0,175119360,169635840,5439488,169635840,2629632,0,0,0,13612883968,0,0.88
2026-08-30T11:12:28.677Z,10970.117,179138560,689954816,0,176552960,171069440,5439488,171069440,2629632,0,0,0,13611642880,0,1.05
2026-08-30T11:12:38.678Z,10980.118,180633600,689954816,0,178048000,172564480,5439488,172564480,2629632,0,0,0,13612900352,0,1.28
2026-08-30T11:12:48.678Z,10990.118,182665216,689954816,0,180079616,174596096,5439488,174596096,2629632,0,0,0,13609918464,0,1.32
2026-08-30T11:12:58.674Z,11000.114,183635968,689954816,0,181050368,175566848,5439488,175566848,2629632,0,0,0,13612290048,0,1.19
2026-08-30T11:13:08.674Z,11010.114,182865920,689954816,0,180280320,174796800,5439488,174796800,2629632,0,0,0,13614706688,0,1.01
2026-08-30T11:13:18.674Z,11020.114,179589120,689954816,0,177003520,171520000,5439488,171520000,2629632,0,0,0,13615685632,0,1
2026-08-30T11:13:28.676Z,11030.116,180719616,689954816,0,178134016,172650496,5439488,172650496,2629632,0,0,0,13617127424,0,0.93
2026-08-30T11:13:38.675Z,11040.115,181600256,689954816,0,179014656,173531136,5439488,173531136,2629632,0,0,0,13612437504,0,0.79
2026-08-30T11:13:48.674Z,11050.114,181641216,689954816,0,179055616,173572096,5439488,173572096,2629632,0,0,0,13609644032,0,0.66
2026-08-30T11:13:58.674Z,11060.114,182628352,689954816,0,180042752,174559232,5439488,174559232,2629632,0,0,0,13609488384,0,0.56
2026-08-30T11:14:08.674Z,11070.114,182169600,689954816,0,179584000,174100480,5439488,174100480,2629632,0,0,0,13614002176,0,0.63
2026-08-30T11:14:18.678Z,11080.118,182857728,689954816,0,180272128,174788608,5439488,174788608,2629632,0,0,0,13613699072,0,0.77
2026-08-30T11:14:28.674Z,11090.114,184029184,689954816,0,181443584,175960064,5439488,175960064,2629632,0,0,0,13607784448,0,0.88
2026-08-30T11:14:38.679Z,11100.119,185815040,689954816,0,183229440,177745920,5439488,177745920,2629632,0,0,0,13611876352,0,0.9
2026-08-30T11:14:48.674Z,11110.114,185921536,689954816,0,183335936,177852416,5439488,177852416,2629632,0,0,0,13604634624,0,0.76
2026-08-30T11:14:58.675Z,11120.115,182435840,689954816,0,179850240,174366720,5439488,174366720,2629632,0,0,0,13614456832,0,0.64
2026-08-30T11:15:08.674Z,11130.114,183033856,689954816,0,180448256,174964736,5439488,174964736,2629632,0,0,0,13609893888,0,0.54
2026-08-30T11:15:18.674Z,11140.114,182308864,689954816,0,179723264,174239744,5439488,174239744,2629632,0,0,0,13611499520,0,0.46
2026-08-30T11:15:28.674Z,11150.114,181780480,689954816,0,179194880,173711360,5439488,173711360,2629632,0,0,0,13606268928,0,0.39
2026-08-30T11:15:38.675Z,11160.115,180731904,689954816,0,178146304,172662784,5439488,172662784,2629632,0,0,0,13611003904,0,0.48
2026-08-30T11:15:48.675Z,11170.115,184303616,689954816,0,181718016,176234496,5439488,176234496,2629632,0,0,0,13610991616,0,0.56
2026-08-30T11:15:58.675Z,11180.115,184049664,689954816,0,181464064,175980544,5439488,175980544,2629632,0,0,0,13613875200,0,0.7
2026-08-30T11:16:08.677Z,11190.117,183042048,689954816,0,180534272,175050752,5439488,175050752,2629632,0,0,0,13614387200,0,0.83
2026-08-30T11:16:18.677Z,11200.117,179240960,689954816,0,176692224,171208704,5439488,171208704,2629632,0,0,0,13613473792,0,0.7
2026-08-30T11:16:28.680Z,11210.12,179994624,689954816,0,177404928,171921408,5439488,171921408,2629632,0,0,0,13613412352,0,0.59
2026-08-30T11:16:38.677Z,11220.117,180957184,689954816,0,178400256,172916736,5439488,172916736,2629632,0,0,0,13614092288,0,0.5
2026-08-30T11:16:48.683Z,11230.123,180346880,689954816,0,177761280,172277760,5439488,172277760,2629632,0,0,0,13615677440,0,0.42
2026-08-30T11:16:58.679Z,11240.119,172072960,689954816,0,169524224,164040704,5439488,164040704,2629632,0,0,0,13623103488,0,0.36
2026-08-30T11:17:08.679Z,11250.119,173342720,689954816,0,170785792,165302272,5439488,165302272,2629632,0,0,0,13619228672,0,0.3
2026-08-30T11:17:18.680Z,11260.12,173506560,689954816,0,170920960,165437440,5439488,165437440,2629632,0,0,0,13619490816,0,0.49
2026-08-30T11:17:28.681Z,11270.121,174256128,689954816,0,171711488,166227968,5439488,166227968,2629632,0,0,0,13620174848,0,0.72
2026-08-30T11:17:38.680Z,11280.12,175390720,689954816,0,172805120,167321600,5439488,167321600,2629632,0,0,0,13616263168,0,0.84
2026-08-30T11:17:48.679Z,11290.119,175620096,689954816,0,173071360,167587840,5439488,167587840,2629632,0,0,0,13617225728,0,0.86
2026-08-30T11:17:58.680Z,11300.12,175767552,689954816,0,173181952,167698432,5439488,167698432,2629632,0,0,0,13621145600,0,0.81
2026-08-30T11:18:08.678Z,11310.118,173596672,689954816,0,171068416,165584896,5439488,165584896,2629632,0,0,0,13619154944,0,0.68
2026-08-30T11:18:18.679Z,11320.119,173096960,689954816,0,170535936,165052416,5439488,165052416,2629632,0,0,0,13618626560,0,0.58
2026-08-30T11:18:28.679Z,11330.119,173760512,689954816,0,171105280,165621760,5439488,165621760,2629632,0,0,0,13620875264,0,0.49
2026-08-30T11:18:38.679Z,11340.119,172879872,689954816,0,170359808,164876288,5439488,164876288,2629632,0,0,0,13620899840,0,0.41
2026-08-30T11:18:48.683Z,11350.123,175255552,689954816,0,172669952,167186432,5439488,167186432,2629632,0,0,0,13616005120,0,0.35
2026-08-30T11:18:58.680Z,11360.12,174387200,689954816,0,171826176,166342656,5439488,166342656,2629632,0,0,0,13618454528,0,0.45
2026-08-30T11:19:08.683Z,11370.123,178016256,689954816,0,175467520,169984000,5439488,169984000,2629632,0,0,0,13611962368,0,0.61
2026-08-30T11:19:18.683Z,11380.123,178704384,689954816,0,176118784,170635264,5439488,170635264,2629632,0,0,0,13616328704,0,0.67
2026-08-30T11:19:28.681Z,11390.121,179437568,689954816,0,176856064,171372544,5439488,171372544,2629632,0,0,0,13614407680,0,0.71
2026-08-30T11:19:38.684Z,11400.124,179937280,689954816,0,177376256,171892736,5439488,171892736,2629632,0,0,0,13614878720,0,0.75
2026-08-30T11:19:48.679Z,11410.119,179929088,689954816,0,177368064,171884544,5439488,171884544,2629632,0,0,0,13615886336,0,0.64
2026-08-30T11:19:58.680Z,11420.12,179765248,689954816,0,177204224,171720704,5439488,171720704,2629632,0,0,0,13617561600,0,0.54
2026-08-30T11:20:08.681Z,11430.121,180285440,689954816,0,177699840,172216320,5439488,172216320,2629632,0,0,0,13615636480,0,0.45
2026-08-30T11:20:18.678Z,11440.118,180383744,689954816,0,177835008,172351488,5439488,172351488,2629632,0,0,0,13615235072,0,0.46
2026-08-30T11:20:28.679Z,11450.119,180813824,689954816,0,178265088,172781568,5439488,172781568,2629632,0,0,0,13615898624,0,0.47
2026-08-30T11:20:38.683Z,11460.123,177135616,689954816,0,174586880,169103360,5439488,169103360,2629632,0,0,0,13614764032,0,0.56
2026-08-30T11:20:48.680Z,11470.12,173117440,689954816,0,170568704,165085184,5439488,165085184,2629632,0,0,0,13621317632,0,0.7
2026-08-30T11:20:58.684Z,11480.124,173166592,689954816,0,170605568,165122048,5439488,165122048,2629632,0,0,0,13620736000,0,0.75
2026-08-30T11:21:08.680Z,11490.12,173326336,689954816,0,170777600,165294080,5439488,165294080,2629632,0,0,0,13620498432,0,0.78
2026-08-30T11:21:18.680Z,11500.12,173920256,689954816,0,171371520,165888000,5439488,165888000,2629632,0,0,0,13619740672,0,0.66
2026-08-30T11:21:28.679Z,11510.119,172711936,689954816,0,170159104,164675584,5439488,164675584,2629632,0,0,0,13616021504,0,0.56
2026-08-30T11:21:38.680Z,11520.12,173322240,689954816,0,170761216,165277696,5439488,165277696,2629632,0,0,0,13611888640,0,0.55
2026-08-30T11:21:48.679Z,11530.119,173969408,689954816,0,171420672,165937152,5439488,165937152,2629632,0,0,0,13620920320,0,0.47
2026-08-30T11:21:58.683Z,11540.123,174604288,689954816,0,172121088,166637568,5439488,166637568,2629632,0,0,0,13619564544,0,0.39
2026-08-30T11:22:08.679Z,11550.119,174923776,689954816,0,172383232,166899712,5439488,166899712,2629632,0,0,0,13620252672,0,0.33
2026-08-30T11:22:18.680Z,11560.12,175497216,689954816,0,172936192,167452672,5439488,167452672,2629632,0,0,0,13619789824,0,0.36
2026-08-30T11:22:28.680Z,11570.12,177102848,689954816,0,174554112,169070592,5439488,169070592,2629632,0,0,0,13620178944,0,0.46
2026-08-30T11:22:38.680Z,11580.12,177225728,689954816,0,174681088,169197568,5439488,169197568,2629632,0,0,0,13619744768,0,0.69
2026-08-30T11:22:48.683Z,11590.123,176603136,689954816,0,174054400,168570880,5439488,168570880,2629632,0,0,0,13617979392,0,0.74
2026-08-30T11:22:58.683Z,11600.123,173277184,689954816,0,170728448,165244928,5439488,165244928,2629632,0,0,0,13614227456,0,0.93
2026-08-30T11:23:08.680Z,11610.12,174579712,689954816,0,172071936,166588416,5439488,166588416,2629632,0,0,0,13619335168,0,0.79
2026-08-30T11:23:18.680Z,11620.12,175222784,689954816,0,172715008,167231488,5439488,167231488,2629632,0,0,0,13616443392,0,0.67
2026-08-30T11:23:28.679Z,11630.119,175812608,689954816,0,173251584,167768064,5439488,167768064,2629632,0,0,0,13616697344,0,0.65
2026-08-30T11:23:38.682Z,11640.122,174514176,689954816,0,171998208,166514688,5439488,166514688,2629632,0,0,0,13620768768,0,0.55
2026-08-30T11:23:48.680Z,11650.12,174637056,689954816,0,172088320,166604800,5439488,166604800,2629632,0,0,0,13620424704,0,0.46
2026-08-30T11:23:58.680Z,11660.12,174628864,689954816,0,171994112,166510592,5439488,166510592,2629632,0,0,0,13621755904,0,0.47
2026-08-30T11:24:08.683Z,11670.123,174465024,689954816,0,171998208,166514688,5439488,166514688,2629632,0,0,0,13619888128,0,0.71
2026-08-30T11:24:18.679Z,11680.119,175964160,689954816,0,173403136,167919616,5439488,167919616,2629632,0,0,0,13618184192,0,0.75
2026-08-30T11:24:28.680Z,11690.12,176627712,689954816,0,174078976,168595456,5439488,168595456,2629632,0,0,0,13618266112,0,0.94
2026-08-30T11:24:38.679Z,11700.119,176631808,689954816,0,174070784,168587264,5439488,168587264,2629632,0,0,0,13620387840,0,0.87
2026-08-30T11:24:48.680Z,11710.12,177856512,689954816,0,175361024,169877504,5439488,169877504,2629632,0,0,0,13617987584,0,0.74
2026-08-30T11:24:58.681Z,11720.121,179265536,689954816,0,176704512,171220992,5439488,171220992,2629632,0,0,0,13614616576,0,0.7
2026-08-30T11:25:08.679Z,11730.119,177971200,689954816,0,175422464,169938944,5439488,169938944,2629632,0,0,0,13615566848,0,0.59
2026-08-30T11:25:18.680Z,11740.119,179597312,689954816,0,177101824,171618304,5439488,171618304,2629632,0,0,0,13608153088,0,0.5
2026-08-30T11:25:28.684Z,11750.124,179810304,689954816,0,177249280,171765760,5439488,171765760,2629632,0,0,0,13609771008,0,0.42
2026-08-30T11:25:38.680Z,11760.12,180219904,689954816,0,177662976,172179456,5439488,172179456,2629632,0,0,0,13608480768,0,0.44
2026-08-30T11:25:48.683Z,11770.123,181538816,689954816,0,178990080,173506560,5439488,173506560,2629632,0,0,0,13608210432,0,0.6
2026-08-30T11:25:58.680Z,11780.12,181088256,689954816,0,178531328,173047808,5439488,173047808,2629632,0,0,0,13608615936,0,0.66
2026-08-30T11:26:08.681Z,11790.121,180768768,689954816,0,178244608,172761088,5439488,172761088,2629632,0,0,0,13609209856,0,0.71
2026-08-30T11:26:18.680Z,11800.12,182448128,689954816,0,179805184,174321664,5439488,174321664,2629632,0,0,0,13608640512,0,0.68
2026-08-30T11:26:28.681Z,11810.121,182521856,689954816,0,179977216,174493696,5439488,174493696,2629632,0,0,0,13609537536,0,0.57
2026-08-30T11:26:38.682Z,11820.122,181932032,689954816,0,179387392,173903872,5439488,173903872,2629632,0,0,0,13609631744,0,0.48
2026-08-30T11:26:48.683Z,11830.123,179482624,689954816,0,176933888,171450368,5439488,171450368,2629632,0,0,0,13618290688,0,0.41
2026-08-30T11:26:58.682Z,11840.122,178692096,689954816,0,176147456,170663936,5439488,170663936,2629632,0,0,0,13618282496,0,0.35
2026-08-30T11:27:08.680Z,11850.12,171266048,689954816,0,168721408,163237888,5439488,163237888,2629632,0,0,0,13625303040,0,0.29
2026-08-30T11:27:18.681Z,11860.121,170196992,689954816,0,167652352,162168832,5439488,162168832,2629632,0,0,0,13629558784,0,0.4
2026-08-30T11:27:28.681Z,11870.121,172097536,689954816,0,169434112,163950592,5439488,163950592,2629632,0,0,0,13618708480,0,0.57
2026-08-30T11:27:38.683Z,11880.123,173395968,689954816,0,170847232,165363712,5439488,165363712,2629632,0,0,0,13623025664,0,0.55
2026-08-30T11:27:48.681Z,11890.121,174956544,689954816,0,172407808,166924288,5439488,166924288,2629632,0,0,0,13622423552,0,0.47
2026-08-30T11:27:58.684Z,11900.124,174284800,689954816,0,171736064,166252544,5439488,166252544,2629632,0,0,0,13623275520,0,0.48
2026-08-30T11:28:08.680Z,11910.12,174620672,689954816,0,172071936,166588416,5439488,166588416,2629632,0,0,0,13621977088,0,0.4
2026-08-30T11:28:18.682Z,11920.122,172367872,689954816,0,169806848,164323328,5439488,164323328,2629632,0,0,0,13623484416,0,0.34
2026-08-30T11:28:28.681Z,11930.121,173600768,689954816,0,171080704,165597184,5439488,165597184,2629632,0,0,0,13616361472,0,0.37
2026-08-30T11:28:38.684Z,11940.124,170823680,689954816,0,168279040,162795520,5439488,162795520,2629632,0,0,0,13616640000,0,0.31
2026-08-30T11:28:48.680Z,11950.12,171352064,689954816,0,168856576,163373056,5439488,163373056,2629632,0,0,0,13617983488,0,0.26
2026-08-30T11:28:58.683Z,11960.123,172269568,689954816,0,169720832,164237312,5439488,164237312,2629632,0,0,0,13617393664,0,0.38
2026-08-30T11:29:08.680Z,11970.12,173735936,689954816,0,171219968,165736448,5439488,165736448,2629632,0,0,0,13614895104,0,0.55
2026-08-30T11:29:18.684Z,11980.124,175816704,689954816,0,173267968,167784448,5439488,167784448,2629632,0,0,0,13613383680,0,0.62
2026-08-30T11:29:28.681Z,11990.121,177049600,689954816,0,174488576,169005056,5439488,169005056,2629632,0,0,0,13615063040,0,0.52
2026-08-30T11:29:38.680Z,12000.12,177373184,689954816,0,174844928,169361408,5439488,169361408,2629632,0,0,0,13615173632,0,0.52
2026-08-30T11:29:48.684Z,12010.124,176738304,689954816,0,174259200,168775680,5439488,168775680,2629632,0,0,0,13615640576,0,0.44
2026-08-30T11:29:58.681Z,12020.121,173998080,689954816,0,171449344,165965824,5439488,165965824,2629632,0,0,0,13616705536,0,0.45
2026-08-30T11:30:08.683Z,12030.123,173113344,689954816,0,170613760,165130240,5439488,165130240,2629632,0,0,0,13620178944,0,0.38
2026-08-30T11:30:18.681Z,12040.121,170622976,689954816,0,168135680,162652160,5439488,162652160,2629632,0,0,0,13623296000,0,0.32
2026-08-30T11:30:28.681Z,12050.121,168628224,689954816,0,166079488,160595968,5439488,160595968,2629632,0,0,0,13621559296,0,0.27
2026-08-30T11:30:38.681Z,12060.121,171671552,689954816,0,169122816,163639296,5439488,163639296,2629632,0,0,0,13618626560,0,0.23
2026-08-30T11:30:48.680Z,12070.12,170962944,689954816,0,168467456,162983936,5439488,162983936,2629632,0,0,0,13620768768,0,0.27
2026-08-30T11:30:58.683Z,12080.123,173146112,689954816,0,170601472,165117952,5439488,165117952,2629632,0,0,0,13615792128,0,0.46
2026-08-30T11:31:08.681Z,12090.121,174616576,689954816,0,172055552,166572032,5439488,166572032,2629632,0,0,0,13618802688,0,0.47
2026-08-30T11:31:18.680Z,12100.12,173965312,689954816,0,171416576,165933056,5439488,165933056,2629632,0,0,0,13618556928,0,0.39
2026-08-30T11:31:28.680Z,12110.12,173043712,689954816,0,170499072,165015552,5439488,165015552,2629632,0,0,0,13612154880,0,0.33
2026-08-30T11:31:38.684Z,12120.124,175861760,689954816,0,173300736,167817216,5439488,167817216,2629632,0,0,0,13617938432,0,0.28
2026-08-30T11:31:48.683Z,12130.123,173174784,689954816,0,170613760,165130240,5439488,165130240,2629632,0,0,0,13613785088,0,0.24
2026-08-30T11:31:58.680Z,12140.12,174436352,689954816,0,171875328,166391808,5439488,166391808,2629632,0,0,0,13613494272,0,0.2
2026-08-30T11:32:08.684Z,12150.124,176558080,689954816,0,173902848,168419328,5439488,168419328,2629632,0,0,0,13613240320,0,0.17
2026-08-30T11:32:18.681Z,12160.121,176947200,689954816,0,174291968,168808448,5439488,168808448,2629632,0,0,0,13612335104,0,0.3
2026-08-30T11:32:28.680Z,12170.12,174469120,689954816,0,171924480,166440960,5439488,166440960,2629632,0,0,0,13611335680,0,0.41
2026-08-30T11:32:38.681Z,12180.121,173780992,689954816,0,171236352,165752832,5439488,165752832,2629632,0,0,0,13616390144,0,0.42
2026-08-30T11:32:49.581Z,12191.021,176640000,689954816,0,174054400,168570880,5439488,168570880,2629632,0,0,0,13611659264,0,0.36
2026-08-30T11:32:58.846Z,12200.286,175276032,689954816,0,172690432,167206912,5439488,167206912,2629632,0,0,0,13617844224,0,0.53
2026-08-30T11:33:08.746Z,12210.186,176005120,689954816,0,173419520,167936000,5439488,167936000,2629632,0,0,0,13615415296,0,0.76
2026-08-30T11:33:18.724Z,12220.164,180895744,689954816,0,178310144,172826624,5439488,172826624,2629632,0,0,0,13609984000,0,0.95
2026-08-30T11:33:28.684Z,12230.124,178446336,689954816,0,175897600,170414080,5439488,170414080,2629632,0,0,0,13609623552,0,0.8
2026-08-30T11:33:38.682Z,12240.122,177340416,689954816,0,174791680,169308160,5439488,169308160,2629632,0,0,0,13614743552,0,0.75
2026-08-30T11:33:48.682Z,12250.122,179011584,689954816,0,176483328,170999808,5439488,170999808,2629632,0,0,0,13611696128,0,0.64
2026-08-30T11:33:58.681Z,12260.121,179863552,689954816,0,177314816,171831296,5439488,171831296,2629632,0,0,0,13611466752,0,0.62
2026-08-30T11:34:08.682Z,12270.122,180187136,689954816,0,177638400,172154880,5439488,172154880,2629632,0,0,0,13611614208,0,0.83
2026-08-30T11:34:18.685Z,12280.125,180514816,689954816,0,177929216,172445696,5439488,172445696,2629632,0,0,0,13613031424,0,0.86
2026-08-30T11:34:28.680Z,12290.12,180961280,689954816,0,178404352,172920832,5439488,172920832,2629632,0,0,0,13610479616,0,0.89
2026-08-30T11:34:38.684Z,12300.124,180961280,689954816,0,178412544,172929024,5439488,172929024,2629632,0,0,0,13611347968,0,0.83
2026-08-30T11:34:48.675Z,12310.115,181121024,689954816,0,178572288,173088768,5439488,173088768,2629632,0,0,0,13613101056,0,0.7
2026-08-30T11:34:58.682Z,12320.122,180600832,689954816,0,178039808,172556288,5439488,172556288,2629632,0,0,0,13610926080,0,0.59
2026-08-30T11:35:08.683Z,12330.123,174972928,689954816,0,172321792,166838272,5439488,166838272,2629632,0,0,0,13615083520,0,0.5
2026-08-30T11:35:18.683Z,12340.123,174870528,689954816,0,172321792,166838272,5439488,166838272,2629632,0,0,0,13614473216,0,0.42
2026-08-30T11:35:28.681Z,12350.121,175255552,689954816,0,172780544,167297024,5439488,167297024,2629632,0,0,0,13615824896,0,0.36
2026-08-30T11:35:38.683Z,12360.123,177414144,689954816,0,174889984,169406464,5439488,169406464,2629632,0,0,0,13614469120,0,0.38
2026-08-30T11:35:48.682Z,12370.122,177602560,689954816,0,175115264,169631744,5439488,169631744,2629632,0,0,0,13613723648,0,0.63
2026-08-30T11:35:58.681Z,12380.121,180994048,689954816,0,178437120,172953600,5439488,172953600,2629632,0,0,0,13611651072,0,0.77
2026-08-30T11:36:08.684Z,12390.124,180686848,689954816,0,178138112,172654592,5439488,172654592,2629632,0,0,0,13612199936,0,0.96
2026-08-30T11:36:18.684Z,12400.124,176660480,689954816,0,174185472,168701952,5439488,168701952,2629632,0,0,0,13609840640,0,0.81
2026-08-30T11:36:28.685Z,12410.125,174301184,689954816,0,171756544,166273024,5439488,166273024,2629632,0,0,0,13615292416,0,0.69
2026-08-30T11:36:38.682Z,12420.122,175353856,689954816,0,172805120,167321600,5439488,167321600,2629632,0,0,0,13616529408,0,0.65
2026-08-30T11:36:48.681Z,12430.121,176300032,689954816,0,173751296,168267776,5439488,168267776,2629632,0,0,0,13612126208,0,0.55
2026-08-30T11:36:58.681Z,12440.121,176390144,689954816,0,173845504,168361984,5439488,168361984,2629632,0,0,0,13612679168,0,0.47
2026-08-30T11:37:08.681Z,12450.121,177192960,689954816,0,174648320,169164800,5439488,169164800,2629632,0,0,0,13610946560,0,0.39
2026-08-30T11:37:18.682Z,12460.122,176967680,689954816,0,174418944,168935424,5439488,168935424,2629632,0,0,0,13614915584,0,0.41
2026-08-30T11:37:28.682Z,12470.122,172941312,689954816,0,170392576,164909056,5439488,164909056,2629632,0,0,0,13617217536,0,0.51
2026-08-30T11:37:38.681Z,12480.121,174186496,689954816,0,171637760,166154240,5439488,166154240,2629632,0,0,0,13617119232,0,0.66
2026-08-30T11:37:48.685Z,12490.125,176316416,689954816,0,173775872,168292352,5439488,168292352,2629632,0,0,0,13612601344,0,0.79
2026-08-30T11:37:58.684Z,12500.124,176893952,689954816,0,174345216,168861696,5439488,168861696,2629632,0,0,0,13612630016,0,0.67
2026-08-30T11:38:08.686Z,12510.126,179449856,689954816,0,176892928,171409408,5439488,171409408,2629632,0,0,0,13609164800,0,0.56
2026-08-30T11:38:18.683Z,12520.123,179617792,689954816,0,177069056,171585536,5439488,171585536,2629632,0,0,0,13611630592,0,0.55
2026-08-30T11:38:28.685Z,12530.125,179933184,689954816,0,177454080,171970560,5439488,171970560,2629632,0,0,0,13613752320,0,0.47
2026-08-30T11:38:38.683Z,12540.123,180908032,689954816,0,178416640,172933120,5439488,172933120,2629632,0,0,0,13613035520,0,0.47
2026-08-30T11:38:48.685Z,12550.125,179388416,689954816,0,176917504,171433984,5439488,171433984,2629632,0,0,0,13610176512,0,0.4
2026-08-30T11:38:58.685Z,12560.125,181313536,689954816,0,178752512,173268992,5439488,173268992,2629632,0,0,0,13610545152,0,0.41
2026-08-30T11:39:08.683Z,12570.123,177618944,689954816,0,175057920,169574400,5439488,169574400,2629632,0,0,0,13611753472,0,0.58
2026-08-30T11:39:18.683Z,12580.123,175640576,689954816,0,173079552,167596032,5439488,167596032,2629632,0,0,0,13611642880,0,0.73
2026-08-30T11:39:28.682Z,12590.122,177762304,689954816,0,175234048,169750528,5439488,169750528,2629632,0,0,0,13606137856,0,0.84
2026-08-30T11:39:38.686Z,12600.126,179695616,689954816,0,177171456,171687936,5439488,171687936,2629632,0,0,0,13609672704,0,1.03
2026-08-30T11:39:48.683Z,12610.123,180166656,689954816,0,177605632,172122112,5439488,172122112,2629632,0,0,0,13609984000,0,0.87
2026-08-30T11:39:58.686Z,12620.126,180297728,689954816,0,177748992,172265472,5439488,172265472,2629632,0,0,0,13610397696,0,0.74
2026-08-30T11:40:08.684Z,12630.123,181932032,689954816,0,179371008,173887488,5439488,173887488,2629632,0,0,0,13610356736,0,0.7
2026-08-30T11:40:18.685Z,12640.125,179671040,689954816,0,177122304,171638784,5439488,171638784,2629632,0,0,0,13612179456,0,0.59
2026-08-30T11:40:28.684Z,12650.124,181460992,689954816,0,178912256,173428736,5439488,173428736,2629632,0,0,0,13609299968,0,0.58
2026-08-30T11:40:38.684Z,12660.124,182591488,689954816,0,180030464,174546944,5439488,174546944,2629632,0,0,0,13610663936,0,0.57
2026-08-30T11:40:48.687Z,12670.127,183418880,689954816,0,180870144,175386624,5439488,175386624,2629632,0,0,0,13609549824,0,0.64
2026-08-30T11:40:58.684Z,12680.124,183398400,689954816,0,180886528,175403008,5439488,175403008,2629632,0,0,0,13608067072,0,0.69
2026-08-30T11:41:08.684Z,12690.124,183721984,689954816,0,181160960,175677440,5439488,175677440,2629632,0,0,0,13608210432,0,0.66
2026-08-30T11:41:18.684Z,12700.124,183074816,689954816,0,180526080,175042560,5439488,175042560,2629632,0,0,0,13610790912,0,0.56
2026-08-30T11:41:28.689Z,12710.129,183537664,689954816,0,180993024,175509504,5439488,175509504,2629632,0,0,0,13608673280,0,0.47
2026-08-30T11:41:38.687Z,12720.127,179236864,689954816,0,176692224,171208704,5439488,171208704,2629632,0,0,0,13605924864,0,0.4
2026-08-30T11:41:48.687Z,12730.127,179421184,689954816,0,176876544,171393024,5439488,171393024,2629632,0,0,0,13612617728,0,0.34
2026-08-30T11:41:58.690Z,12740.13,177586176,689954816,0,175037440,169553920,5439488,169553920,2629632,0,0,0,13614129152,0,0.28
2026-08-30T11:42:08.690Z,12750.13,180297728,689954816,0,177806336,172322816,5439488,172322816,2629632,0,0,0,13612113920,0,0.32
2026-08-30T11:42:18.686Z,12760.126,181100544,689954816,0,178547712,173064192,5439488,173064192,2629632,0,0,0,13610455040,0,0.35
2026-08-30T11:42:28.687Z,12770.127,182071296,689954816,0,179551232,174067712,5439488,174067712,2629632,0,0,0,13609803776,0,0.53
2026-08-30T11:42:38.691Z,12780.131,182214656,689954816,0,179747840,174264320,5439488,174264320,2629632,0,0,0,13610577920,0,0.76
2026-08-30T11:42:48.687Z,12790.127,182734848,689954816,0,180222976,174739456,5439488,174739456,2629632,0,0,0,13607989248,0,1.01
2026-08-30T11:42:58.687Z,12800.127,178958336,689954816,0,176413696,170930176,5439488,170930176,2629632,0,0,0,13608558592,0,1
2026-08-30T11:43:08.688Z,12810.128,178253824,689954816,0,175799296,170315776,5439488,170315776,2629632,0,0,0,13612998656,0,0.85
2026-08-30T11:43:18.689Z,12820.129,180219904,689954816,0,177658880,172175360,5439488,172175360,2629632,0,0,0,13609836544,0,0.72
2026-08-30T11:43:28.688Z,12830.128,180703232,689954816,0,178142208,172658688,5439488,172658688,2629632,0,0,0,13609578496,0,0.61
2026-08-30T11:43:38.688Z,12840.128,179200000,689954816,0,176655360,171171840,5439488,171171840,2629632,0,0,0,13610688512,0,0.59
2026-08-30T11:43:48.688Z,12850.128,172969984,689954816,0,170421248,164937728,5439488,164937728,2629632,0,0,0,13615136768,0,0.58
2026-08-30T11:43:58.692Z,12860.132,173502464,689954816,0,170957824,165474304,5439488,165474304,2629632,0,0,0,13615087616,0,0.64
2026-08-30T11:44:08.689Z,12870.129,175992832,689954816,0,173444096,167960576,5439488,167960576,2629632,0,0,0,13614370816,0,0.7
2026-08-30T11:44:18.689Z,12880.129,175955968,689954816,0,173411328,167927808,5439488,167927808,2629632,0,0,0,13613846528,0,0.82
2026-08-30T11:44:28.690Z,12890.13,175304704,689954816,0,172755968,167272448,5439488,167272448,2629632,0,0,0,13616435200,0,0.77
2026-08-30T11:44:38.694Z,12900.134,177254400,689954816,0,174713856,169230336,5439488,169230336,2629632,0,0,0,13615710208,0,0.65
2026-08-30T11:44:48.691Z,12910.131,178262016,689954816,0,175725568,170242048,5439488,170242048,2629632,0,0,0,13614460928,0,0.55
2026-08-30T11:44:58.691Z,12920.131,178327552,689954816,0,175782912,170299392,5439488,170299392,2629632,0,0,0,13616230400,0,0.46
2026-08-30T11:45:08.691Z,12930.131,176582656,689954816,0,173992960,168509440,5439488,168509440,2629632,0,0,0,13611773952,0,0.39
2026-08-30T11:45:18.690Z,12940.13,176361472,689954816,0,173841408,168357888,5439488,168357888,2629632,0,0,0,13612589056,0,0.33
2026-08-30T11:45:28.693Z,12950.132,174817280,689954816,0,172182528,166699008,5439488,166699008,2629632,0,0,0,13609615360,0,0.28
2026-08-30T11:45:38.691Z,12960.131,171667456,689954816,0,169135104,163651584,5439488,163651584,2629632,0,0,0,13617639424,0,0.47
2026-08-30T11:45:48.691Z,12970.131,173834240,689954816,0,171285504,165801984,5439488,165801984,2629632,0,0,0,13614501888,0,0.71
2026-08-30T11:45:58.691Z,12980.131,173842432,689954816,0,171297792,165814272,5439488,165814272,2629632,0,0,0,13607108608,0,0.83
2026-08-30T11:46:08.691Z,12990.131,178458624,689954816,0,175803392,170319872,5439488,170319872,2629632,0,0,0,13610909696,0,0.78
2026-08-30T11:46:18.693Z,13000.133,178814976,689954816,0,176270336,170786816,5439488,170786816,2629632,0,0,0,13609603072,0,0.66
2026-08-30T11:46:28.691Z,13010.131,179036160,689954816,0,176487424,171003904,5439488,171003904,2629632,0,0,0,13607706624,0,0.64
2026-08-30T11:46:38.691Z,13020.131,180064256,689954816,0,177536000,172052480,5439488,172052480,2629632,0,0,0,13610024960,0,0.54
2026-08-30T11:46:48.691Z,13030.131,182255616,689954816,0,179706880,174223360,5439488,174223360,2629632,0,0,0,13609365504,0,0.45
2026-08-30T11:46:58.691Z,13040.131,183803904,689954816,0,181259264,175775744,5439488,175775744,2629632,0,0,0,13608513536,0,0.38
2026-08-30T11:47:08.693Z,13050.133,178982912,689954816,0,176454656,170971136,5439488,170971136,2629632,0,0,0,13612838912,0,0.32
2026-08-30T11:47:18.691Z,13060.131,181383168,689954816,0,178822144,173338624,5439488,173338624,2629632,0,0,0,13611470848,0,0.35
2026-08-30T11:47:28.691Z,13070.131,180805632,689954816,0,178256896,172773376,5439488,172773376,2629632,0,0,0,13612244992,0,0.37
2026-08-30T11:47:38.691Z,13080.131,180580352,689954816,0,177974272,172490752,5439488,172490752,2629632,0,0,0,13610295296,0,0.54
2026-08-30T11:47:48.691Z,13090.131,177356800,689954816,0,174844928,169361408,5439488,169361408,2629632,0,0,0,13611388928,0,0.62
2026-08-30T11:47:58.691Z,13100.131,174288896,689954816,0,171744256,166260736,5439488,166260736,2629632,0,0,0,13615366144,0,0.75
2026-08-30T11:48:08.695Z,13110.135,173944832,689954816,0,171416576,165933056,5439488,165933056,2629632,0,0,0,13620559872,0,0.64
2026-08-30T11:48:18.692Z,13120.132,174010368,689954816,0,171355136,165871616,5439488,165871616,2629632,0,0,0,13620092928,0,0.62
2026-08-30T11:48:28.691Z,13130.131,175050752,689954816,0,172583936,167100416,5439488,167100416,2629632,0,0,0,13616857088,0,0.52
2026-08-30T11:48:38.692Z,13140.132,174673920,689954816,0,172133376,166649856,5439488,166649856,2629632,0,0,0,13616635904,0,0.44
2026-08-30T11:48:48.696Z,13150.136,174624768,689954816,0,172039168,166555648,5439488,166555648,2629632,0,0,0,13620248576,0,0.37
2026-08-30T11:48:58.695Z,13160.135,173338624,689954816,0,170855424,165371904,5439488,165371904,2629632,0,0,0,13619863552,0,0.71
2026-08-30T11:49:08.692Z,13170.132,173174784,689954816,0,170511360,165027840,5439488,165027840,2629632,0,0,0,13624340480,0,0.76
2026-08-30T11:49:18.695Z,13180.135,172916736,689954816,0,170368000,164884480,5439488,164884480,2629632,0,0,0,13623324672,0,0.64
2026-08-30T11:49:28.691Z,13190.131,172883968,689954816,0,170335232,164851712,5439488,164851712,2629632,0,0,0,13621833728,0,0.54
2026-08-30T11:49:38.693Z,13200.133,173142016,689954816,0,170556416,165072896,5439488,165072896,2629632,0,0,0,13619376128,0,0.62
2026-08-30T11:49:48.693Z,13210.133,172564480,689954816,0,169978880,164495360,5439488,164495360,2629632,0,0,0,13621002240,0,0.52
2026-08-30T11:49:58.695Z,13220.135,173326336,689954816,0,170740736,165257216,5439488,165257216,2629632,0,0,0,13617733632,0,0.44
2026-08-30T11:50:08.694Z,13230.134,172331008,689954816,0,169786368,164302848,5439488,164302848,2629632,0,0,0,13621485568,0,0.37
2026-08-30T11:50:18.694Z,13240.134,174071808,689954816,0,171523072,166039552,5439488,166039552,2629632,0,0,0,13618835456,0,0.32
2026-08-30T11:50:28.696Z,13250.136,174866432,689954816,0,172280832,166797312,5439488,166797312,2629632,0,0,0,13617627136,0,0.27
2026-08-30T11:50:38.692Z,13260.132,175001600,689954816,0,172452864,166969344,5439488,166969344,2629632,0,0,0,13615362048,0,0.38
2026-08-30T11:50:48.693Z,13270.133,175603712,689954816,0,173054976,167571456,5439488,167571456,2629632,0,0,0,13616672768,0,0.64
2026-08-30T11:50:58.693Z,13280.133,177303552,689954816,0,174717952,169234432,5439488,169234432,2629632,0,0,0,13618003968,0,0.54
2026-08-30T11:51:08.697Z,13290.137,177614848,689954816,0,175029248,169545728,5439488,169545728,2629632,0,0,0,13614350336,0,0.45
2026-08-30T11:51:18.695Z,13300.135,179703808,689954816,0,177118208,171634688,5439488,171634688,2629632,0,0,0,13611679744,0,0.46
2026-08-30T11:51:28.693Z,13310.133,180686848,689954816,0,178125824,172642304,5439488,172642304,2629632,0,0,0,13605978112,0,0.39
2026-08-30T11:51:38.694Z,13320.134,181915648,689954816,0,179330048,173846528,5439488,173846528,2629632,0,0,0,13612638208,0,0.33
2026-08-30T11:51:48.693Z,13330.133,178749440,689954816,0,176204800,170721280,5439488,170721280,2629632,0,0,0,13609492480,0,0.28
2026-08-30T11:51:58.696Z,13340.136,175034368,689954816,0,172440576,166957056,5439488,166957056,2629632,0,0,0,13619044352,0,0.24
2026-08-30T11:52:08.693Z,13350.133,177074176,689954816,0,174488576,169005056,5439488,169005056,2629632,0,0,0,13618040832,0,0.2
2026-08-30T11:52:18.693Z,13360.133,179843072,689954816,0,177294336,171810816,5439488,171810816,2629632,0,0,0,13617242112,0,0.25
2026-08-30T11:52:28.694Z,13370.134,182247424,689954816,0,179661824,174178304,5439488,174178304,2629632,0,0,0,13611945984,0,0.37
2026-08-30T11:52:38.693Z,13380.133,183881728,689954816,0,181337088,175853568,5439488,175853568,2629632,0,0,0,13610377216,0,0.46
2026-08-30T11:52:48.694Z,13390.134,183947264,689954816,0,181361664,175878144,5439488,175878144,2629632,0,0,0,13609336832,0,0.39
2026-08-30T11:52:58.693Z,13400.133,183930880,689954816,0,181378048,175894528,5439488,175894528,2629632,0,0,0,13607804928,0,0.4
2026-08-30T11:53:08.693Z,13410.133,184651776,689954816,0,182103040,176619520,5439488,176619520,2629632,0,0,0,13608996864,0,0.34
2026-08-30T11:53:18.693Z,13420.133,185696256,689954816,0,183127040,177643520,5439488,177643520,2629632,0,0,0,13605072896,0,0.29
2026-08-30T11:53:28.693Z,13430.133,176807936,689954816,0,174271488,168787968,5439488,168787968,2629632,0,0,0,13612605440,0,0.32
2026-08-30T11:53:38.693Z,13440.133,178630656,689954816,0,175975424,170491904,5439488,170491904,2629632,0,0,0,13611368448,0,0.27
2026-08-30T11:53:48.694Z,13450.134,178577408,689954816,0,175991808,170508288,5439488,170508288,2629632,0,0,0,13609783296,0,0.23
2026-08-30T11:53:58.694Z,13460.134,179519488,689954816,0,176933888,171450368,5439488,171450368,2629632,0,0,0,13613469696,0,0.35
2026-08-30T11:54:08.694Z,13470.134,178597888,689954816,0,176012288,170528768,5439488,170528768,2629632,0,0,0,13615771648,0,0.44
2026-08-30T11:54:18.693Z,13480.133,178225152,689954816,0,175639552,170156032,5439488,170156032,2629632,0,0,0,13617774592,0,0.45
2026-08-30T11:54:29.261Z,13490.701,179191808,689954816,0,176606208,171122688,5439488,171122688,2629632,0,0,0,13620977664,0,0.54
2026-08-30T11:54:38.721Z,13500.161,177524736,689954816,0,174939136,169455616,5439488,169455616,2629632,0,0,0,13623701504,0,0.76
2026-08-30T11:54:49.084Z,13510.524,179798016,689954816,0,177212416,171728896,5439488,171728896,2629632,0,0,0,13617180672,0,0.95
2026-08-30T11:54:58.704Z,13520.144,182063104,689954816,0,179551232,174067712,5439488,174067712,2629632,0,0,0,13614194688,0,1.11
2026-08-30T11:55:08.699Z,13530.139,181620736,689954816,0,179035136,173551616,5439488,173551616,2629632,0,0,0,13614493696,0,0.94
2026-08-30T11:55:18.697Z,13540.137,177532928,689954816,0,175016960,169533440,5439488,169533440,2629632,0,0,0,13617717248,0,0.8
2026-08-30T11:55:28.699Z,13550.139,179437568,689954816,0,176888832,171405312,5439488,171405312,2629632,0,0,0,13616234496,0,0.67
2026-08-30T11:55:38.701Z,13560.141,179249152,689954816,0,176688128,171204608,5439488,171204608,2629632,0,0,0,13617500160,0,0.57
2026-08-30T11:55:48.698Z,13570.138,179929088,689954816,0,177384448,171900928,5439488,171900928,2629632,0,0,0,13616173056,0,0.56
2026-08-30T11:55:58.699Z,13580.139,179949568,689954816,0,177400832,171917312,5439488,171917312,2629632,0,0,0,13617549312,0,0.71
2026-08-30T11:56:08.697Z,13590.137,180580352,689954816,0,178031616,172548096,5439488,172548096,2629632,0,0,0,13617221632,0,0.83
2026-08-30T11:56:18.700Z,13600.14,182226944,689954816,0,179641344,174157824,5439488,174157824,2629632,0,0,0,13614379008,0,0.94
2026-08-30T11:56:28.700Z,13610.14,178388992,689954816,0,175803392,170319872,5439488,170319872,2629632,0,0,0,13617070080,0,0.88
2026-08-30T11:56:38.702Z,13620.142,178192384,689954816,0,175590400,170106880,5439488,170106880,2629632,0,0,0,13621039104,0,0.74
2026-08-30T11:56:48.703Z,13630.143,179351552,689954816,0,176696320,171212800,5439488,171212800,2629632,0,0,0,13620600832,0,0.63
2026-08-30T11:56:58.700Z,13640.14,180412416,689954816,0,177863680,172380160,5439488,172380160,2629632,0,0,0,13621301248,0,0.53
2026-08-30T11:57:08.701Z,13650.141,179638272,689954816,0,177089536,171606016,5439488,171606016,2629632,0,0,0,13618454528,0,0.45
2026-08-30T11:57:18.704Z,13660.144,181899264,689954816,0,179321856,173838336,5439488,173838336,2629632,0,0,0,13615558656,0,0.46
2026-08-30T11:57:28.700Z,13670.14,177700864,689954816,0,175143936,169660416,5439488,169660416,2629632,0,0,0,13604159488,0,0.62
2026-08-30T11:57:38.704Z,13680.144,177139712,689954816,0,174554112,169070592,5439488,169070592,2629632,0,0,0,13616234496,0,0.68
2026-08-30T11:57:48.701Z,13690.141,181108736,689954816,0,178416640,172933120,5439488,172933120,2629632,0,0,0,13615874048,0,0.8
2026-08-30T11:57:58.700Z,13700.14,176852992,689954816,0,174291968,168808448,5439488,168808448,2629632,0,0,0,13614071808,0,0.68
2026-08-30T11:58:08.698Z,13710.138,175599616,689954816,0,173050880,167567360,5439488,167567360,2629632,0,0,0,13619380224,0,0.57
2026-08-30T11:58:18.700Z,13720.14,178012160,689954816,0,175356928,169873408,5439488,169873408,2629632,0,0,0,13615783936,0,0.56
2026-08-30T11:58:28.699Z,13730.139,176525312,689954816,0,173976576,168493056,5439488,168493056,2629632,0,0,0,13618987008,0,0.55
2026-08-30T11:58:38.702Z,13740.142,176926720,689954816,0,174398464,168914944,5439488,168914944,2629632,0,0,0,13621014528,0,0.47
2026-08-30T11:58:48.700Z,13750.14,177049600,689954816,0,174382080,168898560,5439488,168898560,2629632,0,0,0,13619736576,0,0.47
2026-08-30T11:58:58.699Z,13760.139,177938432,689954816,0,175389696,169906176,5439488,169906176,2629632,0,0,0,13613776896,0,0.48
2026-08-30T11:59:08.700Z,13770.14,176558080,689954816,0,174009344,168525824,5439488,168525824,2629632,0,0,0,13620604928,0,0.71
2026-08-30T11:59:18.700Z,13780.14,179953664,689954816,0,177392640,171909120,5439488,171909120,2629632,0,0,0,13616930816,0,0.91
2026-08-30T11:59:28.699Z,13790.139,181800960,689954816,0,179256320,173772800,5439488,173772800,2629632,0,0,0,13615960064,0,0.84
2026-08-30T11:59:38.699Z,13800.139,174424064,689954816,0,171867136,166383616,5439488,166383616,2629632,0,0,0,13615071232,0,0.71
2026-08-30T11:59:48.700Z,13810.14,173539328,689954816,0,170978304,165494784,5439488,165494784,2629632,0,0,0,13618286592,0,0.6
2026-08-30T11:59:58.701Z,13820.141,175902720,689954816,0,173358080,167874560,5439488,167874560,2629632,0,0,0,13614018560,0,0.59
2026-08-30T12:00:08.700Z,13830.14,172208128,689954816,0,169737216,164253696,5439488,164253696,2629632,0,0,0,13625933824,0,0.5
2026-08-30T12:00:18.699Z,13840.139,171200512,689954816,0,168655872,163172352,5439488,163172352,2629632,0,0,0,13622603776,0,0.42
2026-08-30T12:00:28.699Z,13850.139,171356160,689954816,0,168877056,163393536,5439488,163393536,2629632,0,0,0,13625155584,0,0.36
2026-08-30T12:00:38.700Z,13860.14,172118016,689954816,0,169602048,164118528,5439488,164118528,2629632,0,0,0,13623332864,0,0.38
2026-08-30T12:00:48.702Z,13870.142,175251456,689954816,0,172702720,167219200,5439488,167219200,2629632,0,0,0,13620011008,0,0.55
2026-08-30T12:00:58.700Z,13880.14,176222208,689954816,0,173718528,168235008,5439488,168235008,2629632,0,0,0,13621932032,0,0.7
2026-08-30T12:01:08.700Z,13890.14,177131520,689954816,0,174582784,169099264,5439488,169099264,2629632,0,0,0,13622472704,0,0.67
2026-08-30T12:01:18.705Z,13900.145,175845376,689954816,0,173317120,167833600,5439488,167833600,2629632,0,0,0,13623058432,0,0.56
2026-08-30T12:01:28.700Z,13910.14,177389568,689954816,0,174861312,169377792,5439488,169377792,2629632,0,0,0,13620146176,0,0.48
2026-08-30T12:01:38.700Z,13920.14,174878720,689954816,0,172329984,166846464,5439488,166846464,2629632,0,0,0,13621682176,0,0.48
2026-08-30T12:01:48.701Z,13930.141,171614208,689954816,0,169053184,163569664,5439488,163569664,2629632,0,0,0,13623504896,0,0.48
2026-08-30T12:01:58.701Z,13940.141,175513600,689954816,0,172964864,167481344,5439488,167481344,2629632,0,0,0,13621153792,0,0.41
2026-08-30T12:02:08.704Z,13950.144,175288320,689954816,0,172788736,167305216,5439488,167305216,2629632,0,0,0,13618302976,0,0.34
2026-08-30T12:02:18.701Z,13960.141,175607808,689954816,0,172960768,167477248,5439488,167477248,2629632,0,0,0,13623488512,0,0.45
2026-08-30T12:02:28.702Z,13970.142,177115136,689954816,0,174595072,169111552,5439488,169111552,2629632,0,0,0,13620092928,0,0.6
2026-08-30T12:02:38.705Z,13980.145,177971200,689954816,0,175426560,169943040,5439488,169943040,2629632,0,0,0,13619613696,0,0.75
2026-08-30T12:02:48.706Z,13990.146,176287744,689954816,0,173743104,168259584,5439488,168259584,2629632,0,0,0,13617422336,0,0.78
2026-08-30T12:02:58.705Z,14000.145,179060736,689954816,0,176544768,171061248,5439488,171061248,2629632,0,0,0,13613490176,0,0.66
2026-08-30T12:03:08.703Z,14010.143,178085888,689954816,0,175537152,170053632,5439488,170053632,2629632,0,0,0,13614485504,0,0.56
2026-08-30T12:03:18.702Z,14020.142,178847744,689954816,0,176389120,170905600,5439488,170905600,2629632,0,0,0,13615087616,0,0.47
2026-08-30T12:03:28.705Z,14030.145,178491392,689954816,0,176008192,170524672,5439488,170524672,2629632,0,0,0,13615984640,0,0.4
2026-08-30T12:03:38.706Z,14040.146,178282496,689954816,0,175721472,170237952,5439488,170237952,2629632,0,0,0,13614596096,0,0.34
2026-08-30T12:03:48.704Z,14050.144,179585024,689954816,0,176929792,171446272,5439488,171446272,2629632,0,0,0,13617344512,0,0.28
2026-08-30T12:03:58.705Z,14060.145,175194112,689954816,0,172706816,167223296,5439488,167223296,2629632,0,0,0,13617635328,0,0.24
2026-08-30T12:04:08.715Z,14070.155,177258496,689954816,0,174672896,169189376,5439488,169189376,2629632,0,0,0,13615456256,0,0.28
2026-08-30T12:04:18.705Z,14080.145,177377280,689954816,0,174816256,169332736,5439488,169332736,2629632,0,0,0,13614694400,0,0.55
2026-08-30T12:04:28.706Z,14090.146,176721920,689954816,0,174160896,168677376,5439488,168677376,2629632,0,0,0,13620178944,0,0.69
2026-08-30T12:04:38.705Z,14100.145,180342784,689954816,0,177785856,172302336,5439488,172302336,2629632,0,0,0,13618413568,0,0.82
2026-08-30T12:04:48.702Z,14110.142,180285440,689954816,0,177724416,172240896,5439488,172240896,2629632,0,0,0,13613031424,0,0.77
2026-08-30T12:04:58.704Z,14120.144,181407744,689954816,0,178863104,173379584,5439488,173379584,2629632,0,0,0,13611126784,0,0.65
2026-08-30T12:05:08.705Z,14130.145,182722560,689954816,0,180280320,174796800,5439488,174796800,2629632,0,0,0,13613248512,0,0.55
2026-08-30T12:05:18.703Z,14140.143,183279616,689954816,0,180718592,175235072,5439488,175235072,2629632,0,0,0,13608992768,0,0.46
2026-08-30T12:05:28.707Z,14150.147,179957760,689954816,0,177429504,171945984,5439488,171945984,2629632,0,0,0,13614886912,0,0.39
2026-08-30T12:05:38.703Z,14160.143,175591424,689954816,0,173046784,167563264,5439488,167563264,2629632,0,0,0,13620211712,0,0.41
2026-08-30T12:05:48.702Z,14170.142,176046080,689954816,0,173517824,168034304,5439488,168034304,2629632,0,0,0,13617086464,0,0.58
2026-08-30T12:05:58.703Z,14180.143,175022080,689954816,0,172473344,166989824,5439488,166989824,2629632,0,0,0,13620432896,0,0.64
2026-08-30T12:06:08.706Z,14190.146,176140288,689954816,0,173382656,167899136,5439488,167899136,2629632,0,0,0,13620613120,0,0.54
2026-08-30T12:06:18.705Z,14200.145,176156672,689954816,0,173665280,168181760,5439488,168181760,2629632,0,0,0,13623304192,0,0.46
2026-08-30T12:06:28.704Z,14210.144,176037888,689954816,0,173526016,168042496,5439488,168042496,2629632,0,0,0,13614395392,0,0.46
2026-08-30T12:06:38.704Z,14220.144,177917952,689954816,0,175373312,169889792,5439488,169889792,2629632,0,0,0,13613502464,0,0.39
2026-08-30T12:06:48.708Z,14230.148,179544064,689954816,0,177011712,171528192,5439488,171528192,2629632,0,0,0,13612642304,0,0.33
2026-08-30T12:06:58.708Z,14240.148,179650560,689954816,0,177126400,171642880,5439488,171642880,2629632,0,0,0,13613248512,0,0.28
2026-08-30T12:07:08.705Z,14250.145,177565696,689954816,0,175016960,169533440,5439488,169533440,2629632,0,0,0,13614653440,0,0.24
2026-08-30T12:07:18.705Z,14260.145,175939584,689954816,0,173390848,167907328,5439488,167907328,2629632,0,0,0,13616971776,0,0.35
2026-08-30T12:07:28.708Z,14270.148,178040832,689954816,0,175479808,169996288,5439488,169996288,2629632,0,0,0,13616025600,0,0.53
2026-08-30T12:07:38.705Z,14280.145,178872320,689954816,0,176327680,170844160,5439488,170844160,2629632,0,0,0,13618499584,0,0.6
2026-08-30T12:07:48.704Z,14290.144,179372032,689954816,0,176815104,171331584,5439488,171331584,2629632,0,0,0,13616574464,0,0.74
2026-08-30T12:07:58.707Z,14300.147,182853632,689954816,0,180304896,174821376,5439488,174821376,2629632,0,0,0,13612806144,0,0.62
2026-08-30T12:08:08.708Z,14310.148,182173696,689954816,0,179702784,174219264,5439488,174219264,2629632,0,0,0,13611577344,0,0.53
2026-08-30T12:08:18.707Z,14320.147,179777536,689954816,0,177216512,171732992,5439488,171732992,2629632,0,0,0,13617647616,0,0.44
2026-08-30T12:08:28.706Z,14330.146,180563968,689954816,0,177970176,172486656,5439488,172486656,2629632,0,0,0,13615632384,0,0.38
2026-08-30T12:08:38.705Z,14340.145,176611328,689954816,0,174062592,168579072,5439488,168579072,2629632,0,0,0,13619245056,0,0.32
2026-08-30T12:08:48.705Z,14350.145,177758208,689954816,0,175258624,169775104,5439488,169775104,2629632,0,0,0,13613142016,0,0.34
2026-08-30T12:08:58.708Z,14360.148,177303552,689954816,0,174754816,169271296,5439488,169271296,2629632,0,0,0,13620457472,0,0.45
2026-08-30T12:09:08.705Z,14370.145,178671616,689954816,0,176114688,170631168,5439488,170631168,2629632,0,0,0,13615099904,0,0.61
2026-08-30T12:09:18.707Z,14380.147,174895104,689954816,0,172391424,166907904,5439488,166907904,2629632,0,0,0,13622489088,0,0.67
2026-08-30T12:09:28.705Z,14390.145,177807360,689954816,0,175270912,169787392,5439488,169787392,2629632,0,0,0,13613596672,0,0.71
2026-08-30T12:09:38.572Z,14400.012,177696768,689954816,0,175135744,169652224,5439488,169652224,2629632,0,0,0,13617074176,0,0.6
