timestamp,elapsed_seconds,write_count,write_p50_ms,write_p95_ms,write_p99_ms,write_max_ms,listener_count,listener_p50_ms,listener_p95_ms,listener_p99_ms,listener_max_ms
2026-08-29T05:03:02.566Z,10.006,423,245.74919100105762,540.4628109987825,659.6524400003254,703.9103520009667,43,338.7418319992721,603.5973879992962,731.28270999901,731.28270999901
2026-08-29T05:03:12.569Z,20.007,432,254.37022500112653,589.8347190003842,722.2754159998149,891.0047329999506,43,291.7083129994571,526.7375029996037,587.7289009988308,587.7289009988308
2026-08-29T05:03:22.554Z,30.007,645,75.09195700101554,473.8656479995698,721.2508869990706,850.9640870001167,64,82.80128999985754,516.4640620015562,786.9992019999772,786.9992019999772
2026-08-29T05:03:32.556Z,40.008,500,6.612964000552893,10.033861000090837,12.744679000228643,32.62913200072944,50,11.605650000274181,11.921849999576807,22.278721000999212,22.278721000999212
2026-08-29T05:03:42.556Z,50.009,501,6.960153998807073,10.808779999613762,13.031269000843167,23.79471999965608,50,11.328790999948978,12.129529001191258,12.219808999449015,12.219808999449015
2026-08-29T05:03:52.555Z,60.008,500,7.396414000540972,11.485589999705553,22.57616100087762,69.36279099993408,50,11.729190001264215,12.312909999862313,69.28118100017309,69.28118100017309
2026-08-29T05:04:02.555Z,70.008,499,6.852463999763131,10.825511001050472,22.21759100072086,62.05683699995279,50,11.646959999576211,12.251590000465512,66.56601300090551,66.56601300090551
2026-08-29T05:04:12.555Z,80.008,500,7.72083400003612,11.400330999866128,14.732858000323176,22.127751000225544,50,11.57259999960661,12.227618999779224,12.314070001244545,12.314070001244545
2026-08-29T05:04:22.556Z,90.008,500,7.815052999183536,11.465191001072526,17.9528650008142,23.685360001400113,50,11.759449999779463,12.470500001683831,18.277455000206828,18.277455000206828
2026-08-29T05:04:32.556Z,100.009,501,7.073524000123143,10.961729999631643,11.970459999516606,23.847959998995066,50,11.377621000632644,12.001460000872612,12.435440000146627,12.435440000146627
2026-08-29T05:04:42.555Z,110.008,499,7.387023000046611,11.06971099972725,13.140518000349402,23.73500999994576,50,11.767679998651147,12.190619999542832,12.23657999932766,12.23657999932766
2026-08-29T05:04:52.557Z,120.01,500,8.004164000973105,11.275609999895096,14.893187999725342,45.77036099880934,50,11.689181001856923,12.201509999111295,12.411708999425173,12.411708999425173
2026-08-29T05:05:02.557Z,130.01,501,7.267443999648094,11.4791110008955,13.847648000344634,21.871720999479294,50,10.815480999648571,12.025659998878837,13.272729000076652,13.272729000076652
2026-08-29T05:05:12.558Z,140.01,500,7.258223999291658,11.091749999672174,13.486697999760509,42.42142399959266,50,11.041720999404788,12.058359999209642,42.37818400003016,42.37818400003016
2026-08-29T05:05:22.558Z,150.011,500,6.932714000344276,10.912980999797583,12.941680001094937,35.19328000023961,50,11.243861000984907,12.154030000790954,34.79825999960303,34.79825999960303
2026-08-29T05:05:32.558Z,160.011,500,6.94968399964273,10.931990999728441,21.3866719994694,55.566013000905514,50,11.137721000239253,12.89499899931252,55.34386299923062,55.34386299923062
2026-08-29T05:05:42.558Z,170.011,500,6.950273999944329,10.735731000080705,14.967447001487017,55.652132999151945,50,11.079051000997424,12.339190000668168,55.61693299934268,55.61693299934268
2026-08-29T05:05:52.558Z,180.011,500,6.959933999925852,11.054190998896956,17.320334998890758,63.36293600127101,50,11.635570000857115,12.172788999974728,61.89684800058603,61.89684800058603
2026-08-29T05:06:02.558Z,190.011,500,7.636033998802304,11.202370999380946,22.891909999772906,47.517839999869466,50,11.320119999349117,12.082929998636246,47.46635999903083,47.46635999903083
2026-08-29T05:06:12.559Z,200.011,500,6.619765000417829,10.377072000876069,13.48780799843371,60.11400800012052,50,11.508379999548197,12.4208590015769,61.29206799902022,61.29206799902022
2026-08-29T05:06:22.559Z,210.011,500,7.467273999005556,11.009020999073982,12.209328999742866,24.241189999505877,50,11.346660001203418,12.544219998642802,14.996356999501586,14.996356999501586
2026-08-29T05:06:32.559Z,220.011,500,7.74596400000155,11.312211001291871,19.728922998532653,45.829311000183225,50,11.410749999806285,12.159840000793338,46.18883099965751,46.18883099965751
2026-08-29T05:06:42.558Z,230.011,500,6.950784001499414,10.929781001061201,16.839565999805927,56.10183300077915,50,11.468599999323487,12.107179999351501,56.38901299983263,56.38901299983263
2026-08-29T05:06:52.560Z,240.013,500,7.0129039995372295,10.743460999801755,13.34102899953723,50.118926998227835,50,11.280951000750065,12.33644900098443,50.05759799852967,50.05759799852967
2026-08-29T05:07:02.559Z,250.013,500,6.713813999667764,10.873741000890732,18.027255000546575,53.36754400096834,50,10.86562000028789,12.174659000709653,53.78237400017679,53.78237400017679
2026-08-29T05:07:12.561Z,260.014,500,6.691194999963045,10.684871001169086,14.043708000332117,24.101249000057578,50,10.862931000068784,12.1568400003016,12.485239999368787,12.485239999368787
2026-08-29T05:07:22.561Z,270.013,500,6.817334000021219,10.678069999441504,21.13144199922681,75.94263499975204,50,11.361910000443459,12.119880000129342,12.368970001116395,12.368970001116395
2026-08-29T05:07:32.561Z,280.013,500,7.343344001099467,11.12963000126183,16.610574999824166,43.808373000472784,50,11.001490999013186,12.093080000951886,17.975984001532197,17.975984001532197
2026-08-29T05:07:42.561Z,290.013,500,6.747093999758363,10.94391099922359,17.834545001387596,59.41597899980843,50,9.91810099966824,12.271199999377131,60.927807999774814,60.927807999774814
2026-08-29T05:07:52.561Z,300.013,500,7.090414000675082,10.963619999587536,14.728236999362707,57.40189200080931,50,11.165311001241207,12.238280000165105,65.58105500042439,65.58105500042439
2026-08-29T05:08:02.560Z,310.013,500,6.939713999629021,10.892781000584364,16.146085999906063,50.258077001199126,50,10.949320999905467,12.175909999758005,50.10596700012684,50.10596700012684
2026-08-29T05:08:12.561Z,320.014,500,6.795295000076294,10.78626099973917,15.272926999256015,22.56419000029564,50,11.081509999930859,12.17947900108993,12.488888999447227,12.488888999447227
2026-08-29T05:08:22.561Z,330.013,500,6.868834000080824,10.766811000183225,13.491067999973893,22.022780999541283,50,11.129379998892546,12.307840000838041,12.538179000839591,12.538179000839591
2026-08-29T05:08:32.559Z,340.013,500,6.943293999880552,10.289681000635028,17.85016500018537,48.15546900033951,50,10.955439999699593,12.442439999431372,47.86098900064826,47.86098900064826
2026-08-29T05:08:42.559Z,350.013,500,7.851413000375032,11.439370000734925,23.870270000770688,61.627588000148535,50,10.91168100014329,12.240838998928666,68.08473199978471,68.08473199978471
2026-08-29T05:08:52.560Z,360.013,500,6.6390740014612675,10.458210999146104,20.836552999913692,56.29347199946642,50,10.828680001199245,12.377458998933434,56.2313420008868,56.2313420008868
2026-08-29T05:09:02.561Z,370.013,500,6.939102999866009,10.728470999747515,16.239155998453498,52.53578600101173,50,10.846359999850392,12.098528999835253,56.1161130014807,56.1161130014807
2026-08-29T05:09:12.560Z,380.014,500,6.9812039993703365,10.870221000164747,18.03477399982512,47.996528999879956,50,10.70669100061059,12.12419000081718,47.966669000685215,47.966669000685215
2026-08-29T05:09:22.562Z,390.014,500,7.139903999865055,11.107030000537634,13.040698999539018,24.237478999421,50,11.281199999153614,12.49727899953723,13.300668999552727,13.300668999552727
2026-08-29T05:09:32.562Z,400.014,500,7.191754000261426,10.738020999357104,17.11295500025153,62.67373700067401,50,11.003460999578238,12.116019001230597,62.40436700172722,62.40436700172722
2026-08-29T05:09:42.562Z,410.014,500,6.798793999478221,10.277580998837948,14.034367000684142,58.23351100087166,50,10.800860999152064,12.119088999927044,62.96856700070202,62.96856700070202
2026-08-29T05:09:52.562Z,420.014,500,6.944013999775052,10.895781001076102,20.126233000308275,62.45060699991882,50,11.007279999554157,12.029239999130368,61.41681700013578,61.41681700013578
2026-08-29T05:10:02.562Z,430.014,500,7.672423999756575,11.048039998859167,16.64959600009024,55.7999430000782,50,10.675960998982191,12.244020000100136,60.12429900094867,60.12429900094867
2026-08-29T05:10:12.562Z,440.015,500,7.810394000262022,10.949230000376701,14.854907000437379,56.81538200005889,50,9.626962000504136,12.248710000887513,57.05592199973762,57.05592199973762
2026-08-29T05:10:22.562Z,450.015,500,7.055423999205232,11.067361000925303,18.01829400099814,60.68131799995899,50,11.035420000553131,12.365710001438856,63.03845599852502,63.03845599852502
2026-08-29T05:10:32.563Z,460.016,500,7.137423999607563,11.0189299993217,13.778777999803424,56.298731999471784,50,10.506271000951529,12.093849999830127,61.22930799983442,61.22930799983442
2026-08-29T05:10:42.563Z,470.016,500,6.841904999688268,10.47945100069046,15.583076998591423,60.07833900116384,50,10.017170999199152,12.089099999517202,61.51144800148904,61.51144800148904
2026-08-29T05:10:52.561Z,480.016,500,7.106903001666069,11.138559998944402,21.33870199881494,57.86405999958515,50,10.16121100075543,12.151159999892116,58.10175999999046,58.10175999999046
2026-08-29T05:11:02.562Z,490.015,500,6.632063999772072,10.21539100073278,17.728075001388788,55.39260299876332,50,10.969110999256372,12.160889999940991,58.78427999839187,58.78427999839187
2026-08-29T05:11:12.562Z,500.015,500,6.775185000151396,10.454371001571417,16.415926998481154,30.375463999807835,50,10.67459100112319,12.006930001080036,36.82902900129557,36.82902900129557
2026-08-29T05:11:22.561Z,510.015,500,7.77951299957931,11.10471099987626,21.61575200036168,56.80846199952066,50,11.055390000343323,12.439828999340534,57.056211998686194,57.056211998686194
2026-08-29T05:11:32.564Z,520.015,500,7.145743999630213,11.011080000549555,16.78562599979341,56.53773199953139,50,10.986190000548959,12.284900000318885,56.81178200058639,56.81178200058639
2026-08-29T05:11:42.563Z,530.015,500,6.817305000498891,10.696090999990702,19.106243999674916,59.965869000181556,50,10.846240999177098,12.236949000507593,59.671118998900056,59.671118998900056
2026-08-29T05:11:52.563Z,540.015,500,7.536172999069095,11.028520999476314,13.34455799870193,21.836660999804735,50,10.390060998499393,12.390449000522494,12.849709000438452,12.849709000438452
2026-08-29T05:12:02.562Z,550.015,500,6.717505000531673,10.892991000786424,16.599635999649763,49.93995700031519,50,10.460690999403596,12.245269998908043,49.82559699937701,49.82559699937701
2026-08-29T05:12:12.563Z,560.016,500,7.118004001677036,11.15633999928832,13.419808000326157,59.50851899944246,50,10.880241001024842,11.87364000082016,59.78652899898589,59.78652899898589
2026-08-29T05:12:22.562Z,570.015,500,6.687905000522733,10.18287100084126,21.11719200015068,64.32184500060976,50,10.784119999036193,12.075399998575449,64.10718500055373,64.10718500055373
2026-08-29T05:12:32.563Z,580.015,500,6.939424000680447,10.847690999507904,20.417341999709606,54.265534000471234,50,10.73038100078702,12.248059999197721,59.86423899978399,59.86423899978399
2026-08-29T05:12:42.563Z,590.015,500,6.933864001184702,10.786280998960137,13.097768999636173,60.72100800089538,50,10.549101000651717,12.365059999749064,60.657398000359535,60.657398000359535
2026-08-29T05:12:52.563Z,600.015,500,6.756324000656605,10.182950999587774,20.373932000249624,55.190293001011014,50,10.697021000087261,12.12210899963975,61.76169700175524,61.76169700175524
2026-08-29T05:13:02.562Z,610.016,500,7.166813999414444,11.09285099990666,22.004821998998523,63.6338860001415,50,10.367671001702547,12.143500000238419,63.7869259994477,63.7869259994477
2026-08-29T05:13:12.563Z,620.016,500,6.576964000239968,10.039850998669863,19.701793998479843,64.42144499905407,50,10.547481000423431,12.158660000190139,64.27929499931633,64.27929499931633
2026-08-29T05:13:22.563Z,630.016,500,6.924814000725746,10.783001000061631,18.459353998303413,55.01059300079942,50,10.899429999291897,12.698889998719096,57.83775000087917,57.83775000087917
2026-08-29T05:13:32.564Z,640.016,500,6.580383999273181,10.39809099957347,20.263862000778317,57.86320099979639,50,10.60683099925518,12.209479998797178,57.62446100078523,57.62446100078523
2026-08-29T05:13:42.564Z,650.016,500,6.7865440007299185,10.604301000013947,14.940927999094129,56.8697019983083,50,9.879410998895764,11.954679999500513,56.81480199843645,56.81480199843645
2026-08-29T05:13:52.564Z,660.017,500,6.877534000203013,10.70754100009799,23.774608999490738,63.23731599934399,50,10.597000999376178,12.463199000805616,63.52868600003421,63.52868600003421
2026-08-29T05:14:02.563Z,670.017,500,6.885623998939991,10.794490998610854,21.849191000685096,64.99358399957418,50,10.656100999563932,12.195168999955058,63.78012499958277,63.78012499958277
2026-08-29T05:14:12.564Z,680.017,500,6.655743999406695,10.475711999461055,13.882408000528812,30.712173998355865,50,10.529320999979973,12.015590000897646,12.294149000197649,12.294149000197649
2026-08-29T05:14:22.564Z,690.018,500,6.873743999749422,10.65099100023508,16.559725999832153,61.07457800023258,50,9.188401998952031,12.05756999924779,61.01933800056577,61.01933800056577
2026-08-29T05:14:32.565Z,700.017,500,7.064793998375535,10.934411000460386,17.674913998693228,57.69325099885464,50,10.580840999260545,12.299380000680685,58.97323000058532,58.97323000058532
2026-08-29T05:14:42.564Z,710.017,500,7.163333998993039,11.408949999138713,27.328327000141144,58.591450000181794,50,11.232880000025034,12.435279998928308,57.03271100111306,57.03271100111306
2026-08-29T05:14:52.563Z,720.017,500,7.00072400085628,10.883981000632048,14.98985700123012,59.121649999171495,50,10.41131099872291,11.939990000799298,62.47916699945927,62.47916699945927
2026-08-29T05:15:02.564Z,730.017,500,6.8415040001273155,10.527781000360847,18.88711400143802,59.4366500005126,50,10.490850999951363,12.331898998469114,63.952696001157165,63.952696001157165
2026-08-29T05:15:12.564Z,740.017,500,7.4305830001831055,11.099891001358628,19.22954300045967,61.290007999166846,50,9.944531999528408,11.822249999269843,60.56030800007284,60.56030800007284
2026-08-29T05:15:22.563Z,750.017,500,6.490055000409484,10.031221000477672,13.776037998497486,55.74275200068951,50,9.009711999446154,12.212050000205636,56.97634099982679,56.97634099982679
2026-08-29T05:15:32.563Z,760.018,500,3.6812970004975796,6.9451040010899305,10.528630999848247,52.133236000314355,50,9.837550999596715,12.135029999539256,52.32861600071192,52.32861600071192
2026-08-29T05:15:42.564Z,770.019,500,3.6862569991499186,6.9123340006917715,10.036022000014782,50.74934699945152,50,9.834711998701096,12.436209999024868,51.00490699894726,51.00490699894726
2026-08-29T05:15:52.564Z,780.019,500,3.6589870005846024,6.717015000060201,9.589692000299692,56.70768200047314,50,9.891672000288963,12.222979001700878,63.28769600018859,63.28769600018859
2026-08-29T05:16:02.567Z,790.021,500,3.6932369992136955,6.876624999567866,10.020160999149084,47.02217999845743,50,8.966042000800371,12.126848999410868,51.55022699944675,51.55022699944675
2026-08-29T05:16:12.567Z,800.021,500,3.679067000746727,6.854054000228643,12.112889999523759,53.98188399896026,50,10.457651000469923,12.295228999108076,63.178886000066996,63.178886000066996
2026-08-29T05:16:22.566Z,810.021,500,3.6976070012897253,6.859304999932647,10.587990999221802,57.97930100001395,50,9.81390199996531,12.371240001171827,60.47625899873674,60.47625899873674
2026-08-29T05:16:32.568Z,820.022,500,3.7599369995296,6.8705540001392365,10.834729999303818,51.53240600042045,50,9.872730998322368,12.304928999394178,53.849533999338746,53.849533999338746
2026-08-29T05:16:42.568Z,830.022,500,3.751196000725031,6.9990440011024475,8.910992998629808,34.463110998272896,50,4.998284999281168,12.173589998856187,34.313560999929905,34.313560999929905
2026-08-29T05:16:52.568Z,840.022,500,3.6588859986513853,6.885243998840451,13.613298000767827,59.83343000151217,50,9.692870998755097,12.307608999311924,61.291898000985384,61.291898000985384
2026-08-29T05:17:02.568Z,850.022,500,3.658577000722289,6.788383999839425,10.649400999769568,52.147676000371575,50,9.772541999816895,12.068010000512004,52.280276000499725,52.280276000499725
2026-08-29T05:17:12.567Z,860.022,500,3.649227000772953,6.796893998980522,11.591380000114441,52.38075600005686,50,9.716231999918818,12.063860001042485,54.6645940002054,54.6645940002054
2026-08-29T05:17:22.568Z,870.022,500,3.6624870002269745,6.842924000695348,10.535240998491645,52.685175999999046,50,9.466622000560164,12.181359000504017,54.23328400030732,54.23328400030732
2026-08-29T05:17:32.568Z,880.022,500,3.6708669997751713,6.875345000997186,12.96403899975121,59.19874900020659,50,9.941312000155449,12.138728998601437,61.83506700024009,61.83506700024009
2026-08-29T05:17:42.568Z,890.023,500,3.638026999309659,6.927233999595046,9.029861999675632,58.39204999990761,50,9.70643199980259,12.01465000025928,61.995636999607086,61.995636999607086
2026-08-29T05:17:52.569Z,900.022,499,3.688247000798583,6.869013998657465,13.114547999575734,60.27937899902463,50,9.797950999811292,12.06364000029862,63.39454600028694,63.39454600028694
2026-08-29T05:18:02.568Z,910.022,501,3.6938669998198748,6.933374999091029,9.80859199911356,26.410537000745535,50,10.454131001606584,12.08041900023818,12.461448999121785,12.461448999121785
2026-08-29T05:18:12.568Z,920.022,500,3.6613769996911287,6.7697439994663,10.960371000692248,49.410067999735475,50,9.926771000027657,12.104709999635816,51.945405999198556,51.945405999198556
2026-08-29T05:18:22.568Z,930.023,500,3.7181870006024837,7.000614000484347,9.177811998873949,50.40248800069094,50,10.281541999429464,12.371910000219941,50.547036999836564,50.547036999836564
2026-08-29T05:18:32.569Z,940.023,500,3.667825998738408,6.799595000222325,10.280330998823047,53.2050250004977,50,9.718062000349164,12.013650000095367,53.69545399956405,53.69545399956405
2026-08-29T05:18:42.569Z,950.023,500,3.6878770012408495,6.953043999150395,12.751639001071453,52.675435999408364,50,9.098572999238968,11.99163999967277,53.31785500049591,53.31785500049591
2026-08-29T05:18:52.569Z,960.023,500,3.5862469989806414,6.7152040004730225,10.753770999610424,58.76446000114083,50,9.83848199993372,12.168399998918176,61.282317999750376,61.282317999750376
2026-08-29T05:19:02.569Z,970.023,500,3.6626970004290342,6.807654000818729,12.699148999527097,51.74802600033581,50,5.0492659993469715,12.221610000357032,59.1764899995178,59.1764899995178
2026-08-29T05:19:12.569Z,980.024,500,3.6451069992035627,6.8267549984157085,9.194652000442147,50.07436699979007,50,4.638145999982953,12.0451400000602,53.272154999896884,53.272154999896884
2026-08-29T05:19:22.569Z,990.023,500,3.7310070004314184,6.919234000146389,12.365219000726938,53.31093499995768,50,4.588986000046134,12.333009999245405,53.25994500145316,53.25994500145316
2026-08-29T05:19:32.569Z,1000.023,500,3.8730369992554188,7.045954000204802,10.58097100071609,53.353395000100136,50,4.355477001518011,11.89240999892354,55.14791299961507,55.14791299961507
2026-08-29T05:19:42.569Z,1010.023,500,3.6950870007276535,6.761393999680877,8.14087300002575,59.72863900102675,50,4.332296000793576,12.239889001473784,59.66577000170946,59.66577000170946
2026-08-29T05:19:52.568Z,1020.023,500,3.6855770014226437,6.935124000534415,12.35168999992311,73.31383800134063,50,4.3883969988673925,12.138530001044273,72.81912800110877,72.81912800110877
2026-08-29T05:20:02.569Z,1030.023,500,3.6712570004165173,6.727824000641704,11.371300000697374,52.327434999868274,50,4.818425999954343,12.207659998908639,52.470705000683665,52.470705000683665
2026-08-29T05:20:12.569Z,1040.023,500,3.6810660008341074,6.856365000829101,10.340021999552846,50.13727700151503,50,4.535436000674963,12.031959999352694,51.87099600024521,51.87099600024521
2026-08-29T05:20:22.569Z,1050.024,500,3.6478369999676943,6.797144999727607,11.698570000007749,58.50691100023687,50,4.520305998623371,12.072870001196861,60.64930900000036,60.64930900000036
2026-08-29T05:20:32.569Z,1060.024,500,3.6943670008331537,6.888873999938369,13.555858999490738,56.69218200072646,50,4.5971859991550446,12.059500001370907,64.27235499955714,64.27235499955714
2026-08-29T05:20:42.569Z,1070.023,500,3.730867000296712,6.85491400025785,9.522752000018954,58.42334000021219,50,4.769686000421643,12.143309999257326,63.88742499984801,63.88742499984801
2026-08-29T05:20:52.569Z,1080.023,500,3.701377000659704,6.896093999966979,11.507799999788404,50.90482700057328,50,4.68168600089848,12.22821900062263,51.98239600099623,51.98239600099623
2026-08-29T05:21:02.569Z,1090.023,500,3.5950770005583763,6.70656399987638,8.433272998780012,33.163882000371814,50,4.729526000097394,12.216700000688434,41.07635500095785,41.07635500095785
2026-08-29T05:21:12.592Z,1100.023,429,3.6822469998151064,525.8942029997706,838.2791080009192,986.4224810004234,43,4.671925999224186,521.0889969989657,768.1990770008415,768.1990770008415
2026-08-29T05:21:22.600Z,1110.024,239,483.62498899921775,1034.7485910002142,1172.972242999822,1355.6202980000526,24,572.3207340016961,933.5673569999635,1015.2815569993109,1015.2815569993109
2026-08-29T05:21:32.585Z,1120.023,406,272.0555689986795,581.399095999077,962.8945109993219,1046.0920410007238,41,343.7976479995996,615.6111369989812,681.4773209989071,681.4773209989071
2026-08-29T05:21:42.569Z,1130.023,906,79.43513300083578,416.69963599927723,591.9675069991499,803.9900059998035,90,98.51606599986553,448.2256690002978,615.0513569992036,615.0513569992036
2026-08-29T05:21:52.569Z,1140.023,520,6.801703998818994,22.063560999929905,80.57487200014293,115.47205200046301,52,8.42332300171256,56.7389419991523,98.16619599983096,98.16619599983096
2026-08-29T05:22:02.569Z,1150.023,500,6.64355400018394,10.186411999166012,18.089774999767542,63.84568600170314,50,10.209381999447942,12.533738998696208,63.99989600107074,63.99989600107074
2026-08-29T05:22:12.569Z,1160.023,500,6.803254999220371,10.829621000215411,21.84399100020528,66.70352299883962,50,7.7321039997041225,14.226838000118732,66.51104299910367,66.51104299910367
2026-08-29T05:22:22.569Z,1170.023,500,6.957814000546932,10.89534099958837,19.548454001545906,63.87952500022948,50,8.515722999349236,12.41194000095129,69.6558600012213,69.6558600012213
2026-08-29T05:22:32.569Z,1180.023,500,6.785734999924898,10.307990999892354,15.863556999713182,64.99387500062585,50,9.641541000455618,12.176499001681805,64.85324499942362,64.85324499942362
2026-08-29T05:22:42.569Z,1190.023,500,7.592134000733495,11.288591001182795,22.340810999274254,62.619865998625755,50,8.6686419993639,11.994789998978376,62.85445600003004,62.85445600003004
2026-08-29T05:22:52.569Z,1200.023,500,7.15090399980545,10.94429099932313,15.465126000344753,38.72516700066626,50,8.581792999058962,12.161748999729753,45.646960999816656,45.646960999816656
2026-08-29T05:23:02.569Z,1210.023,500,7.051655000075698,10.847171001136303,18.639283999800682,64.64203500002623,50,7.367574000731111,12.217920001596212,68.52868200093508,68.52868200093508
2026-08-29T05:23:12.569Z,1220.023,500,6.829044001176953,10.948249999433756,21.770111000165343,66.57262299954891,50,6.936024999246001,11.990709999576211,71.41946900077164,71.41946900077164
2026-08-29T05:23:22.570Z,1230.024,500,6.653165001422167,10.788070999085903,17.4994450006634,60.20500899851322,50,7.9079430010169744,12.586768999695778,66.25902399979532,66.25902399979532
2026-08-29T05:23:32.571Z,1240.024,500,7.108254000544548,10.76155100017786,15.762336000800133,58.99661899916828,50,8.013872999697924,12.053569000214338,58.16968999989331,58.16968999989331
2026-08-29T05:23:42.570Z,1250.024,500,7.311793001368642,10.968871001154184,20.532912999391556,64.21147499978542,50,7.519514000043273,12.571748999878764,74.759356001392,74.759356001392
2026-08-29T05:23:52.570Z,1260.024,500,6.559355000033975,10.499052001163363,21.221262000501156,64.06270499899983,50,6.609264001250267,12.150200000032783,64.2926850002259,64.2926850002259
2026-08-29T05:24:02.570Z,1270.024,500,7.068383999168873,10.86005000025034,21.231301998719573,57.785081000998616,50,7.8095239996910095,12.28260999917984,68.7978310007602,68.7978310007602
2026-08-29T05:24:12.570Z,1280.024,500,7.578534001484513,10.978959999978542,16.26809599995613,65.07593400031328,50,8.151562999933958,12.55583900026977,64.82644500024617,64.82644500024617
2026-08-29T05:24:22.571Z,1290.024,500,6.901503998786211,10.774090999737382,21.25398200005293,64.50623499974608,50,7.353253999724984,12.391369000077248,70.35192000120878,70.35192000120878
2026-08-29T05:24:32.570Z,1300.024,500,6.816633999347687,10.689350999891758,13.239308999851346,25.2703690007329,50,7.280993999913335,12.003739999607205,13.110029000788927,13.110029000788927
2026-08-29T05:24:42.572Z,1310.024,500,6.780034000054002,11.236300000920892,20.914351999759674,64.89347500167787,50,7.145604001358151,12.433619998395443,75.51549600064754,75.51549600064754
2026-08-29T05:24:52.570Z,1320.024,500,6.66542400047183,9.92505200020969,12.630219001322985,24.93392900004983,50,6.945593999698758,12.17625000141561,18.39505499973893,18.39505499973893
2026-08-29T05:25:02.570Z,1330.024,500,6.864274000748992,10.632660999894142,14.728068001568317,64.8490949999541,50,7.838493000715971,12.254790000617504,65.07218500040472,65.07218500040472
2026-08-29T05:25:12.570Z,1340.024,500,7.056323999539018,10.90306100063026,19.99283300153911,63.94270600005984,50,8.270962998270988,12.393989000469446,64.18286600150168,64.18286600150168
2026-08-29T05:25:22.572Z,1350.025,500,7.061643999069929,10.99665099941194,22.42795099876821,69.45462100021541,50,8.123252999037504,12.60333999991417,69.33881099894643,69.33881099894643
2026-08-29T05:25:32.572Z,1360.025,500,6.6727450005710125,10.559470999985933,12.87384899891913,22.62368000112474,50,7.847943998873234,12.006149999797344,13.376778000965714,13.376778000965714
2026-08-29T05:25:42.572Z,1370.026,500,7.155194001272321,10.68673099949956,12.315840000286698,21.42390200123191,50,7.782912999391556,11.902449999004602,12.612609999254346,12.612609999254346
2026-08-29T05:25:52.572Z,1380.025,500,6.958923999220133,10.965720999985933,20.972451999783516,64.45077499933541,50,7.663224000483751,12.23854000121355,70.5235900003463,70.5235900003463
2026-08-29T05:26:02.572Z,1390.026,500,6.588394999504089,9.950751001015306,20.36974300071597,74.73181699961424,50,7.01613400131464,12.45236000046134,78.07051400095224,78.07051400095224
2026-08-29T05:26:12.571Z,1400.025,500,6.678135000169277,10.359411001205444,20.508213000372052,67.59875299967825,50,7.191043999046087,12.368729000911117,67.33861299976707,67.33861299976707
2026-08-29T05:26:22.572Z,1410.025,500,7.488894000649452,10.70104099996388,21.225832000374794,74.60347699932754,50,7.863144000992179,12.247439999133348,74.43466700054705,74.43466700054705
2026-08-29T05:26:32.572Z,1420.026,500,7.38565400056541,10.821980999782681,12.928618999198079,23.63687900081277,50,8.017792999744415,12.208828998729587,12.824148999527097,12.824148999527097
2026-08-29T05:26:42.573Z,1430.025,500,6.730024000629783,10.415440998971462,16.928756000474095,63.9751459993422,50,7.103133998811245,11.884430000558496,69.75503099896014,69.75503099896014
2026-08-29T05:26:52.573Z,1440.025,500,6.797134000808001,10.574441000819206,11.84565999917686,22.790170999243855,50,7.155403999611735,11.938370000571012,12.480608999729156,12.480608999729156
2026-08-29T05:27:02.572Z,1450.026,500,6.9078339990228415,11.1041110008955,21.50743200071156,65.32132400013506,50,7.483233999460936,12.262769000604749,65.61218400113285,65.61218400113285
2026-08-29T05:27:12.571Z,1460.025,500,6.620185000821948,10.38048099912703,21.277151999995112,71.06062000058591,50,7.007433999329805,11.916238998994231,70.74906000122428,70.74906000122428
2026-08-29T05:27:22.571Z,1470.025,500,6.690354999154806,9.916071999818087,17.861044999212027,70.31529000028968,50,7.0149050001055,14.194508001208305,70.61074000038207,70.61074000038207
2026-08-29T05:27:32.572Z,1480.025,500,7.4569840002804995,11.130979999899864,21.576990999281406,72.88270800001919,50,7.521603999659419,12.51575900055468,72.50825800001621,72.50825800001621
2026-08-29T05:27:42.571Z,1490.025,500,6.806773999705911,10.627260999754071,21.231292000040412,68.99308199994266,50,7.05167399905622,12.320128999650478,73.75457799993455,73.75457799993455
2026-08-29T05:27:52.571Z,1500.025,500,7.163564000278711,10.983271000906825,20.357742998749018,68.66121199913323,50,8.040442999452353,12.157800000160933,75.48907599970698,75.48907599970698
2026-08-29T05:28:02.574Z,1510.026,500,6.918664999306202,11.128980999812484,21.896161999553442,66.43848400004208,50,7.304313000291586,12.997539000585675,66.6970939990133,66.6970939990133
2026-08-29T05:28:12.573Z,1520.026,501,7.365274000912905,11.120660999789834,12.952078999951482,23.862180000171065,51,8.171812999993563,12.266498999670148,13.329369001090527,13.329369001090527
2026-08-29T05:28:22.574Z,1530.027,499,6.729443999007344,10.525541000068188,12.596599999815226,22.96271999925375,49,7.125343998894095,11.969820000231266,13.163069000467658,13.163069000467658
2026-08-29T05:28:32.575Z,1540.026,500,6.819754000753164,10.034392001107335,12.890878999605775,23.15131000056863,50,7.105903999879956,12.207350000739098,13.073209000751376,13.073209000751376
2026-08-29T05:28:42.573Z,1550.026,501,6.9317639991641045,10.915380999445915,17.49285599961877,29.965933999046683,51,7.503933999687433,13.378448000177741,14.49541800096631,14.49541800096631
2026-08-29T05:28:52.572Z,1560.026,499,7.077104000374675,10.772241000086069,16.067946000024676,22.42896999977529,49,7.5645429994910955,12.46204899996519,22.141362000256777,22.141362000256777
2026-08-29T05:29:02.574Z,1570.026,500,7.049453999847174,10.952011000365019,13.6652079988271,29.473394999280572,50,7.614333000034094,12.104709999635816,29.62389500066638,29.62389500066638
2026-08-29T05:29:12.573Z,1580.026,500,6.946324000135064,11.091550000011921,13.309848999604583,24.724297998473048,50,7.608483999967575,12.142320001497865,12.909037999808788,12.909037999808788
2026-08-29T05:29:22.575Z,1590.027,500,6.817324999719858,10.098972000181675,12.805958999320865,22.317261001095176,50,7.139634000137448,11.973509000614285,12.50336000137031,12.50336000137031
2026-08-29T05:29:32.574Z,1600.026,500,6.939613999798894,10.598540998995304,13.511778999119997,24.31704899854958,50,7.537242999300361,12.219099000096321,12.896248999983072,12.896248999983072
2026-08-29T05:29:42.573Z,1610.026,500,7.712703000754118,11.391920000314713,21.582810999825597,79.33654199913144,50,8.113182999193668,12.179610000923276,12.482008999213576,12.482008999213576
2026-08-29T05:29:52.574Z,1620.026,500,7.022094000130892,10.946870001032948,15.893327001482248,36.88095900043845,50,8.15587200038135,12.258558999747038,22.484081000089645,22.484081000089645
2026-08-29T05:30:02.574Z,1630.026,501,6.729994000867009,10.296611001715064,13.90751799941063,25.984508000314236,50,7.195464000105858,12.292470000684261,14.298568001016974,14.298568001016974
2026-08-29T05:30:12.573Z,1640.026,499,6.817785000428557,10.68512099981308,15.528116999194026,22.15223099850118,50,7.165824001654983,12.357139000669122,12.645479001104832,12.645479001104832
2026-08-29T05:30:22.574Z,1650.027,500,6.7945440001785755,10.73858099989593,13.800288001075387,22.401770999655128,50,7.958182999864221,12.425919000059366,12.983509000390768,12.983509000390768
2026-08-29T05:30:32.574Z,1660.026,501,6.690564999356866,10.14699099957943,12.351999001577497,22.81713099963963,50,7.044474000111222,12.098540000617504,12.367049999535084,12.367049999535084
2026-08-29T05:30:42.573Z,1670.026,500,6.889205001294613,10.814301000908017,13.60987799987197,23.658750001341105,50,7.39652399905026,12.036830000579357,12.222929999232292,12.222929999232292
2026-08-29T05:30:52.574Z,1680.026,500,7.110214000567794,10.810800999403,13.745958000421524,27.158817000687122,50,8.50004299916327,12.137240000069141,14.003108000382781,14.003108000382781
2026-08-29T05:31:02.574Z,1690.026,499,7.337993999943137,11.133580999448895,17.15302599966526,27.803437000140548,50,7.977413000538945,12.144470000639558,12.24349999986589,12.24349999986589
2026-08-29T05:31:12.574Z,1700.027,501,6.967393999919295,10.623301001265645,12.807729000225663,24.192389000207186,50,7.943003000691533,12.166410000994802,13.003038998693228,13.003038998693228
2026-08-29T05:31:22.574Z,1710.026,499,6.76800499856472,10.841610999777913,13.529278999194503,22.401121001690626,50,7.204084001481533,12.318969998508692,13.034998999908566,13.034998999908566
2026-08-29T05:31:32.573Z,1720.026,500,6.792473999783397,10.574220998212695,15.157847000285983,29.0456949993968,50,7.040843999013305,11.942739998921752,12.339018998667598,12.339018998667598
2026-08-29T05:31:42.573Z,1730.026,500,7.3890840001404285,10.9228900000453,13.75331800058484,24.37585899978876,50,7.857943000271916,12.282209999859333,15.237356999889016,15.237356999889016
2026-08-29T05:31:52.574Z,1740.027,501,6.959063999354839,10.665140999481082,13.691467998549342,24.060998998582363,50,7.425364000722766,12.373949998989701,13.030129000544548,13.030129000544548
2026-08-29T05:32:02.575Z,1750.027,499,7.204304000362754,10.89202099852264,21.87624100036919,57.557780999690294,50,8.411122998222709,12.344538999721408,38.07728699967265,38.07728699967265
2026-08-29T05:32:12.573Z,1760.026,501,6.920455001294613,10.91723999939859,13.037918999791145,24.38128900155425,51,7.472963999956846,12.585240000858903,12.963879000395536,12.963879000395536
2026-08-29T05:32:22.576Z,1770.027,500,6.98832399956882,10.688820999115705,13.515038000419736,18.65119400061667,49,7.307304000481963,12.163158999755979,12.363129001110792,12.363129001110792
2026-08-29T05:32:32.573Z,1780.026,499,6.723925000056624,10.39373099990189,19.804532999172807,29.56887499988079,50,7.2370539996773005,13.190708000212908,29.836205000057817,29.836205000057817
2026-08-29T05:32:42.574Z,1790.026,500,6.794444000348449,10.292400998994708,12.268480001017451,22.010841999202967,50,7.259333999827504,12.168139999732375,12.422110000625253,12.422110000625253
2026-08-29T05:32:52.574Z,1800.026,500,7.1667929999530315,11.088610999286175,14.03842799924314,23.297289999201894,50,7.765053000301123,12.228589998558164,14.3356780000031,14.3356780000031
2026-08-29T05:33:02.573Z,1810.027,500,7.299203000962734,10.938650000840425,18.905894000083208,34.50715999864042,50,7.326013999059796,12.024869998916984,12.355699000880122,12.355699000880122
2026-08-29T05:33:12.574Z,1820.026,500,6.9516340009868145,10.87831100076437,13.042059000581503,22.26295099966228,50,7.515043001621962,12.135339999571443,12.927738999947906,12.927738999947906
2026-08-29T05:33:22.572Z,1830.026,501,7.267464000731707,10.861379999667406,13.15956899896264,23.75711899995804,51,7.833884000778198,11.979888999834657,13.388388998806477,13.388388998806477
2026-08-29T05:33:32.573Z,1840.026,500,6.875134000554681,10.713801000267267,17.8397250007838,50.96181599982083,49,6.948994001373649,11.962910000234842,12.22270000167191,12.22270000167191
2026-08-29T05:33:42.574Z,1850.026,499,6.827233999967575,10.493700999766588,13.121287999674678,21.208432000130415,50,6.8073239997029305,11.474090000614524,12.229329999536276,12.229329999536276
2026-08-29T05:33:52.574Z,1860.026,500,6.91627399995923,10.6191810015589,20.914892001077533,70.80867999978364,50,7.169834000989795,12.28952999971807,53.719433998689055,53.719433998689055
2026-08-29T05:34:02.572Z,1870.027,501,3.557907000184059,6.910183999687433,11.767000000923872,15.028988000005484,51,3.9437370002269745,12.009780000895262,12.267839999869466,12.267839999869466
2026-08-29T05:34:12.572Z,1880.026,500,3.6118669994175434,6.839413998648524,8.313792999833822,41.70523499883711,49,3.9512959998100996,12.053090000525117,12.261518999934196,12.261518999934196
2026-08-29T05:34:22.572Z,1890.027,500,3.605376999825239,6.809085000306368,11.40689100138843,41.431564001366496,51,4.112595999613404,12.046080000698566,58.14268100075424,58.14268100075424
2026-08-29T05:34:32.571Z,1900.026,500,3.6158169992268085,6.8347440008074045,8.556102998554707,40.561224998906255,50,3.899746000766754,11.554030001163483,12.13509900122881,12.13509900122881
2026-08-29T05:34:42.571Z,1910.026,500,3.590267000719905,6.68860499933362,11.792999999597669,41.42197400145233,50,3.973107000812888,11.718829998746514,11.902780000120401,11.902780000120401
2026-08-29T05:34:52.572Z,1920.027,500,3.556157998740673,6.597924999892712,8.457172999158502,44.39451200142503,49,3.982617000117898,11.824839998036623,11.95541999861598,11.95541999861598
2026-08-29T05:35:02.572Z,1930.026,500,3.628166999667883,6.927593998610973,10.21400099992752,43.40275299921632,51,4.0690660029649734,11.959619000554085,60.6693489998579,60.6693489998579
2026-08-29T05:35:12.571Z,1940.026,500,3.5913159996271133,6.6867740005254745,10.921271000057459,42.575863998383284,49,3.9533660002052784,11.775919999927282,11.95710999891162,11.95710999891162
2026-08-29T05:35:22.572Z,1950.026,500,3.732067000120878,6.932693999260664,8.556413002312183,40.662735998630524,51,4.149677000939846,12.112658999860287,55.93871200084686,55.93871200084686
2026-08-29T05:35:32.572Z,1960.026,500,3.558185998350382,6.767223998904228,8.093223001807928,39.812456998974085,49,3.8851369991898537,11.815320000052452,12.001129999756813,12.001129999756813
2026-08-29T05:35:42.572Z,1970.026,500,3.723817002028227,6.832384999841452,14.950257003307343,42.365614000707865,51,4.035937000066042,12.630968999117613,59.014059998095036,59.014059998095036
2026-08-29T05:35:52.571Z,1980.026,500,3.5702169984579086,6.826235000044107,9.501372002065182,38.281127002090216,49,3.895365998148918,11.885220002382994,12.18911899998784,12.18911899998784
2026-08-29T05:36:02.572Z,1990.026,500,3.576586998999119,6.856334000825882,8.344882000237703,39.87994699925184,51,4.189387001097202,12.113899998366833,56.92010200023651,56.92010200023651
2026-08-29T05:36:12.571Z,2000.026,500,3.601338002830744,7.09018399938941,11.588180001825094,41.91629499942064,49,4.266277000308037,12.150690000504255,12.489868998527527,12.489868998527527
2026-08-29T05:36:22.572Z,2010.026,500,3.6848069988191128,6.766803998500109,8.79203299805522,46.7041400000453,51,4.027246996760368,12.062029000371695,61.845827002078295,61.845827002078295
2026-08-29T05:36:32.571Z,2020.026,500,3.6354659982025623,6.875374998897314,10.914631001651287,42.89071299880743,49,3.9156059995293617,11.95873000100255,12.067889999598265,12.067889999598265
2026-08-29T05:36:42.571Z,2030.026,500,3.669847000390291,6.881643999367952,10.619670998305082,52.64054500311613,51,4.103096999228001,12.07668000087142,68.7238720022142,68.7238720022142
2026-08-29T05:36:52.571Z,2040.026,500,3.6614269986748695,7.020744998008013,11.77904000133276,47.2809900008142,50,3.996426999568939,11.944140002131462,12.255369000136852,12.255369000136852
2026-08-29T05:37:02.572Z,2050.026,500,3.6563969999551773,6.83466500043869,9.78881200030446,46.92766000330448,50,4.0047760009765625,11.690799999982119,12.072459999471903,12.072459999471903
2026-08-29T05:37:12.572Z,2060.026,500,3.7307459972798824,6.806173998862505,7.890013001859188,23.304479997605085,49,3.993597000837326,11.632769998162985,12.223558999598026,12.223558999598026
2026-08-29T05:37:22.572Z,2070.027,500,3.629576999694109,6.800843998789787,9.554451998323202,40.923355001956224,51,4.0478059984743595,11.783590000122786,55.73694299906492,55.73694299906492
2026-08-29T05:37:32.573Z,2080.028,500,3.578956998884678,6.882093999534845,10.90013100206852,42.76425400003791,50,3.877757001668215,11.899900000542402,12.748869001865387,12.748869001865387
2026-08-29T05:37:42.573Z,2090.027,500,3.56971700116992,6.646023999899626,8.273642998188734,42.097784999758005,50,3.84680600091815,11.751889999955893,12.242079999297857,12.242079999297857
2026-08-29T05:37:52.572Z,2100.027,500,3.772156000137329,6.968203999102116,12.961509000509977,42.0789039991796,50,3.933867000043392,12.009910002350807,12.70626000314951,12.70626000314951
2026-08-29T05:38:02.572Z,2110.027,500,3.5591669976711273,6.726274002343416,10.764131002128124,43.63357299938798,50,3.8236369974911213,11.658090997487307,11.828850001096725,11.828850001096725
2026-08-29T05:38:12.574Z,2120.028,500,3.5809470005333424,7.026444002985954,8.567383002489805,42.28003400191665,50,3.9521859996020794,11.947239998728037,12.546969998627901,12.546969998627901
2026-08-29T05:38:22.573Z,2130.028,500,3.579916000366211,6.802623998373747,12.290578998625278,39.02367600053549,50,3.847517002373934,11.773460000753403,12.616649001836777,12.616649001836777
2026-08-29T05:38:32.574Z,2140.029,500,3.5822569988667965,6.635374002158642,9.68987200036645,46.57720999792218,49,4.035117000341415,11.720850002020597,12.56921000033617,12.56921000033617
2026-08-29T05:38:42.574Z,2150.028,500,3.6934769973158836,6.839283999055624,13.405159000307322,47.62772899866104,51,3.9816760011017323,11.692540001124144,63.03780600056052,63.03780600056052
2026-08-29T05:38:52.574Z,2160.029,500,3.5572570003569126,6.833233997225761,12.729338999837637,40.71195499971509,50,3.8486969992518425,11.771440003067255,12.285739999264479,12.285739999264479
2026-08-29T05:39:02.573Z,2170.028,500,3.668046999722719,6.863393999636173,11.270571000874043,45.270752001553774,50,3.912766996771097,11.832669999450445,12.407288998365402,12.407288998365402
2026-08-29T05:39:12.574Z,2180.028,500,3.65446599945426,6.7620540000498295,11.400679998099804,48.86384899914265,49,3.8621970005333424,11.902918998152018,11.937549997121096,11.937549997121096
2026-08-29T05:39:22.574Z,2190.029,500,3.658176999539137,6.91966399922967,11.666969999670982,49.773397997021675,51,3.9153669998049736,11.848290000110865,65.75476400181651,65.75476400181651
2026-08-29T05:39:32.573Z,2200.028,500,3.565776001662016,6.686103999614716,9.691112000495195,39.259966999292374,50,3.940767001360655,12.096580002456903,12.209929000586271,12.209929000586271
2026-08-29T05:39:42.574Z,2210.028,500,3.757736999541521,6.98879399895668,9.33916199952364,47.0819499976933,50,4.100356999784708,11.786039996892214,12.530558999627829,12.530558999627829
2026-08-29T05:39:52.595Z,2220.029,232,464.0397250019014,925.3647739998996,1169.3634159974754,1257.0229110009968,23,552.6500909999013,966.005449000746,1223.1141199991107,1223.1141199991107
2026-08-29T05:40:02.587Z,2230.028,353,310.0036360025406,797.9728720001876,1126.5450019985437,1539.954161003232,35,372.5108339972794,829.5761450007558,914.3504329994321,914.3504329994321
2026-08-29T05:40:12.576Z,2240.029,570,182.16381499916315,512.3675350025296,651.5185059979558,763.8827599994838,57,240.8634550012648,541.9393699988723,650.3246870003641,650.3246870003641
2026-08-29T05:40:22.578Z,2250.031,845,35.66499000042677,112.47163400053978,139.77426099777222,186.3343319967389,85,54.998503003269434,119.20905900001526,128.72396099939942,128.72396099939942
2026-08-29T05:40:32.578Z,2260.03,500,6.696985002607107,10.553440999239683,22.69020100310445,66.49742300063372,50,6.895084001123905,11.674571000039577,11.78718999773264,11.78718999773264
2026-08-29T05:40:42.578Z,2270.03,500,6.81343400105834,10.228381000459194,12.775909997522831,54.60053400322795,50,7.062193997204304,11.036761000752449,11.893389999866486,11.893389999866486
2026-08-29T05:40:52.578Z,2280.031,500,7.1335239969193935,10.981681000441313,15.201976999640465,63.73293600231409,50,7.104394000023603,11.63748999685049,12.078660000115633,12.078660000115633
2026-08-29T05:41:02.578Z,2290.031,500,6.820865001529455,10.710861001163721,20.66330200061202,51.92563599720597,50,6.980034001171589,11.48378000035882,12.199548996984959,12.199548996984959
2026-08-29T05:41:12.578Z,2300.031,500,6.977524001151323,10.52411099895835,14.84222700074315,62.81955599784851,49,7.016564000397921,11.527040001004934,12.47197899967432,12.47197899967432
2026-08-29T05:41:22.577Z,2310.031,500,6.968984998762608,11.014381002634764,21.90930199995637,62.60531600192189,51,6.930553998798132,12.582079000771046,64.86863499879837,64.86863499879837
2026-08-29T05:41:32.579Z,2320.031,500,7.028003998100758,10.969411000609398,16.64403499662876,44.14360199868679,50,7.129914000630379,11.585119999945164,12.008909996598959,12.008909996598959
2026-08-29T05:41:42.577Z,2330.031,500,7.532784000039101,10.950720999389887,14.885037999600172,22.025691002607346,50,7.5103639997541904,11.399650000035763,18.434725001454353,18.434725001454353
2026-08-29T05:41:52.579Z,2340.031,500,6.818863999098539,10.75925999879837,18.905682999640703,61.57711700350046,49,6.948054000735283,11.396389998495579,11.989858999848366,11.989858999848366
2026-08-29T05:42:02.578Z,2350.031,500,6.632735002785921,10.842539999634027,22.53168100118637,75.11337700113654,51,6.7631740011274815,11.978050000965595,78.12846300005913,78.12846300005913
2026-08-29T05:42:12.577Z,2360.031,500,7.225494001060724,10.991270001977682,15.743706997483969,59.31574900075793,50,7.505722999572754,11.927620001137257,12.306599002331495,12.306599002331495
2026-08-29T05:42:22.578Z,2370.031,500,6.9267950020730495,10.626411002129316,13.124958999454975,35.34439999982715,50,6.971983999013901,11.694959998130798,12.035799998790026,12.035799998790026
2026-08-29T05:42:32.578Z,2380.031,500,6.98233399912715,11.158901002258062,32.43452200293541,62.811866998672485,49,6.920745000243187,11.582949999719858,12.974109001457691,12.974109001457691
2026-08-29T05:42:42.579Z,2390.031,500,6.936555001884699,10.702330999076366,17.25874499976635,65.88287400081754,51,6.8889640010893345,12.125490002334118,69.92135100066662,69.92135100066662
2026-08-29T05:42:52.578Z,2400.031,500,6.8384139984846115,10.564360998570919,16.5343160033226,60.13383900001645,50,6.945723999291658,11.658929999917746,12.241820000112057,12.241820000112057
2026-08-29T05:43:02.578Z,2410.031,500,6.771963998675346,10.761851001530886,20.446623001247644,59.29153899848461,50,6.867723997682333,10.995361000299454,20.896173000335693,20.896173000335693
2026-08-29T05:43:12.579Z,2420.032,500,6.791163999587297,10.661380998790264,20.492212001234293,60.170988999307156,49,6.92467400059104,11.72808999940753,11.773210000246763,11.773210000246763
2026-08-29T05:43:22.578Z,2430.031,500,6.699315000325441,10.57498100027442,16.131576001644135,66.17318300157785,51,6.818034000694752,12.025079999119043,74.71215600147843,74.71215600147843
2026-08-29T05:43:32.579Z,2440.031,500,6.773423999547958,10.721750997006893,15.903556000441313,65.29597399756312,50,6.846174001693726,11.28575100004673,11.965649999678135,11.965649999678135
2026-08-29T05:43:42.579Z,2450.032,500,6.685103997588158,10.416140999644995,13.106009002774954,23.12891099974513,50,6.796374000608921,11.376260999590158,12.36896899715066,12.36896899715066
2026-08-29T05:43:52.579Z,2460.032,500,6.992623999714851,10.94107000157237,21.504461999982595,55.39045299962163,49,7.160454001277685,12.103959001600742,53.277644999325275,53.277644999325275
2026-08-29T05:44:02.578Z,2470.032,500,6.941624000668526,10.691860999912024,15.31478700041771,59.895589001476765,51,6.930073998868465,11.94632999971509,21.936680998653173,21.936680998653173
2026-08-29T05:44:12.579Z,2480.032,500,7.7618330009281635,10.930420998483896,17.733575001358986,43.2305740006268,50,7.484434001147747,11.245170999318361,14.451697997748852,14.451697997748852
2026-08-29T05:44:22.579Z,2490.032,500,7.861023999750614,11.270789999514818,17.334046002477407,66.47861299663782,50,7.957644000649452,11.540529999881983,12.494120001792908,12.494120001792908
2026-08-29T05:44:32.580Z,2500.032,500,6.748664997518063,10.268042001873255,16.628525998443365,61.0742079988122,49,6.86285400018096,11.683101002126932,16.993235997855663,16.993235997855663
2026-08-29T05:44:42.579Z,2510.032,500,6.7823740020394325,10.909001000225544,17.918015003204346,68.97493100166321,51,6.981444999575615,16.818986002355814,21.165951997041702,21.165951997041702
2026-08-29T05:44:52.580Z,2520.032,500,6.9225240014493465,10.936420999467373,22.265601001679897,72.10096899792552,50,7.063573997467756,11.926429003477097,12.187488999217749,12.187488999217749
2026-08-29T05:45:02.578Z,2530.032,500,7.205203998833895,10.925811000168324,13.351788997650146,62.68140699714422,50,6.915403999388218,9.38638200238347,9.914010997861624,9.914010997861624
2026-08-29T05:45:12.579Z,2540.032,500,7.0488750003278255,11.008090998977423,20.229242999106646,53.89962499961257,50,7.143013998866081,9.127391997724771,10.52021099999547,10.52021099999547
2026-08-29T05:45:22.580Z,2550.032,500,7.491413999348879,10.787061002105474,16.849336002022028,62.53275699913502,50,7.064463999122381,8.402332000434399,15.983077000826597,15.983077000826597
2026-08-29T05:45:32.580Z,2560.033,500,6.787184000015259,10.313632000237703,15.293167002499104,65.56069400161505,50,6.849383998662233,9.087111998349428,13.554228998720646,13.554228998720646
2026-08-29T05:45:42.579Z,2570.032,500,7.180104002356529,11.003880999982357,21.20125200226903,74.59948700293899,50,7.057973999530077,8.838343001902103,10.13723200187087,10.13723200187087
2026-08-29T05:45:52.610Z,2580.032,499,6.626313999295235,10.629181001335382,20.879812002182007,70.76087000221014,49,6.657733999192715,9.717341002076864,12.07293900102377,12.07293900102377
2026-08-29T05:46:02.579Z,2590.032,501,6.896643999963999,10.874141000211239,16.831585999578238,49.676678001880646,51,7.082264002412558,9.506351999938488,49.612138003110886,49.612138003110886
2026-08-29T05:46:12.580Z,2600.032,500,6.942204002290964,10.790440998971462,16.485535997897387,61.484257001429796,50,6.944814000278711,10.913201000541449,11.445620000362396,11.445620000362396
2026-08-29T05:46:22.579Z,2610.032,500,6.63833399862051,10.196640998125076,12.301729001104832,23.581639997661114,50,6.674773998558521,9.72987199947238,12.461010001599789,12.461010001599789
2026-08-29T05:46:32.579Z,2620.032,500,6.836343999952078,10.202902000397444,15.44327700138092,40.987214997410774,50,7.017363999038935,8.711302999407053,12.451460000127554,12.451460000127554
2026-08-29T05:46:42.587Z,2630.032,499,7.052554000169039,10.944409999996424,20.61785300076008,66.90196400135756,49,7.174124002456665,8.595603000372648,9.32523199915886,9.32523199915886
2026-08-29T05:46:52.580Z,2640.033,501,6.806295000016689,10.12440099939704,15.005837000906467,24.46516900137067,51,6.925664000213146,9.134351998567581,24.05350999906659,24.05350999906659
2026-08-29T05:47:02.581Z,2650.033,500,6.773703999817371,10.71085999906063,18.467274002730846,53.362553998827934,50,6.958294000476599,12.416418999433517,53.684303998947144,53.684303998947144
2026-08-29T05:47:12.581Z,2660.034,500,6.882103998214006,10.722530998289585,12.976759001612663,22.138730999082327,50,6.741004001349211,8.984322998672724,22.169461000710726,22.169461000710726
2026-08-29T05:47:22.582Z,2670.035,500,7.199143998324871,10.800300002098083,21.026471998542547,73.51978700235486,50,7.2020240016281605,10.22282199934125,15.694646000862122,15.694646000862122
2026-08-29T05:47:32.582Z,2680.034,500,6.872393999248743,10.683810997754335,20.785103000700474,68.31663200259209,50,6.8875639997422695,9.652542002499104,21.141582001000643,21.141582001000643
2026-08-29T05:47:42.581Z,2690.034,500,6.900374002754688,10.524511002004147,13.295448999851942,22.736041001975536,50,6.986545000225306,8.56165200099349,8.783241998404264,8.783241998404264
2026-08-29T05:47:52.582Z,2700.035,500,6.995363999158144,10.82209100201726,16.38697599992156,72.95268800109625,50,7.067394003272057,8.667343001812696,14.532928001135588,14.532928001135588
2026-08-29T05:48:02.582Z,2710.035,500,7.341892998665571,11.114909999072552,22.08814200013876,60.587078999727964,50,6.866113997995853,9.375582002103329,15.489675998687744,15.489675998687744
2026-08-29T05:48:12.583Z,2720.035,500,6.956194002181292,10.843301001936197,12.327079001814127,24.376759000122547,50,6.919174000620842,8.736482001841068,14.31513800099492,14.31513800099492
2026-08-29T05:48:22.582Z,2730.035,500,6.9802439995110035,10.867890998721123,16.541035998612642,63.33365700021386,50,7.033053997904062,9.017543002963066,11.121390998363495,11.121390998363495
2026-08-29T05:48:32.582Z,2740.035,500,6.899604000151157,10.824681002646685,13.733768999576569,27.673766002058983,50,6.9531440027058125,8.895352002233267,9.204971998929977,9.204971998929977
2026-08-29T05:48:42.582Z,2750.036,500,6.8733140006661415,10.699940998107195,16.875555999577045,62.55721699818969,50,7.1055239997804165,9.219713002443314,9.82490200176835,9.82490200176835
2026-08-29T05:48:52.582Z,2760.036,500,6.632373999804258,10.628001000732183,18.69982400164008,64.0689660012722,50,6.692984998226166,9.902580998837948,13.79788799956441,13.79788799956441
2026-08-29T05:49:02.584Z,2770.036,500,7.006574001163244,10.839451000094414,20.50705200061202,73.20276800170541,50,6.943224001675844,9.667311001569033,14.306417997926474,14.306417997926474
2026-08-29T05:49:12.584Z,2780.037,500,7.17816399782896,11.142510998994112,21.759070999920368,75.37282599881291,50,7.273203998804092,14.378537997603416,39.80792599916458,39.80792599916458
2026-08-29T05:49:22.585Z,2790.037,500,7.145983997732401,10.907469999045134,14.504707001149654,63.35937700048089,50,7.228413999080658,9.654562000185251,9.888721998780966,9.888721998780966
2026-08-29T05:49:32.584Z,2800.037,500,7.276854000985622,11.189970001578331,20.950362000614405,65.95337400212884,50,7.3700029999017715,9.194522000849247,16.62609499692917,16.62609499692917
2026-08-29T05:49:42.584Z,2810.038,500,7.49533299729228,11.109149999916553,21.540660999715328,63.467855997383595,50,7.299074001610279,9.19820199906826,9.618602000176907,9.618602000176907
2026-08-29T05:49:52.584Z,2820.037,500,6.867373999208212,10.216941002756357,20.421152003109455,64.67076499760151,50,6.898124001920223,8.79951299726963,22.49846100062132,22.49846100062132
2026-08-29T05:50:02.584Z,2830.038,500,6.9224650003015995,10.950191002339125,15.344388000667095,65.55115399882197,50,7.012864001095295,9.289051998406649,11.692400000989437,11.692400000989437
2026-08-29T05:50:12.585Z,2840.038,500,7.638833001255989,11.04602000117302,21.353071998804808,69.82687000185251,50,7.487002998590469,9.058492001146078,26.05468800291419,26.05468800291419
2026-08-29T05:50:22.585Z,2850.038,500,7.867734000086784,11.012409999966621,18.832914002239704,65.92179400101304,50,7.708374001085758,9.45516199991107,13.383269000798464,13.383269000798464
2026-08-29T05:50:32.584Z,2860.038,500,6.9172339998185635,10.398570999503136,19.44700399786234,66.97198299691081,50,6.8387439996004105,8.244212999939919,9.022732000797987,9.022732000797987
2026-08-29T05:50:42.585Z,2870.038,500,7.2970640026032925,11.072641000151634,21.748710997402668,50.54823699966073,50,7.217753998935223,9.908841002732515,14.221577998250723,14.221577998250723
2026-08-29T05:50:52.585Z,2880.038,500,6.905333999544382,10.516071002930403,18.527743998914957,70.36921999976039,50,7.073192998766899,8.954412002116442,10.307761002331972,10.307761002331972
2026-08-29T05:51:02.585Z,2890.038,500,6.910943999886513,10.700300998985767,18.06182499974966,72.52683800086379,50,6.972723998129368,9.1351029984653,11.400249999016523,11.400249999016523
2026-08-29T05:51:12.584Z,2900.038,500,6.624373998492956,10.4320710003376,19.751074001193047,69.67883099988103,50,6.731805000454187,8.43368300050497,8.568213000893593,8.568213000893593
2026-08-29T05:51:22.585Z,2910.038,500,7.342602998018265,10.78753099963069,15.752505999058485,62.74515699967742,50,7.1159139983356,9.117412000894547,10.306732002645731,10.306732002645731
2026-08-29T05:51:32.585Z,2920.039,500,6.739874999970198,10.568071000277996,20.384061999619007,57.66106999665499,50,6.757153999060392,8.489573001861572,14.385128002613783,14.385128002613783
2026-08-29T05:51:42.585Z,2930.038,500,6.682514000684023,10.754111003130674,16.230255998671055,60.849658001214266,50,6.773685000836849,9.208832003176212,13.764159001410007,13.764159001410007
2026-08-29T05:51:52.585Z,2940.038,500,7.438663996756077,10.701380997896194,22.862160999327898,68.59111199900508,50,7.451712999492884,13.803768999874592,23.654180001467466,23.654180001467466
2026-08-29T05:52:02.584Z,2950.038,500,6.956474002450705,10.958611000329256,17.968283999711275,70.60212000086904,50,7.098864000290632,8.548012997955084,14.718026999384165,14.718026999384165
2026-08-29T05:52:12.585Z,2960.039,500,7.024133998900652,11.131549999117851,25.421338003128767,76.99391499906778,50,7.178964000195265,8.869883000850677,16.837914999574423,16.837914999574423
2026-08-29T05:52:22.585Z,2970.039,500,7.0093639977276325,11.218561001121998,20.858402002602816,61.52392699941993,50,7.026174001395702,9.607872001826763,9.760152000933886,9.760152000933886
2026-08-29T05:52:32.584Z,2980.038,500,7.747820999473333,11.15293100103736,20.38265300169587,70.69356999918818,50,7.9906729981303215,9.111459996551275,20.667311999946833,20.667311999946833
2026-08-29T05:52:42.584Z,2990.039,500,3.5991159975528717,8.398071002215147,12.530285999178886,65.59605899825692,50,4.524565000087023,7.458381999284029,12.857345998287201,12.857345998287201
2026-08-29T05:52:52.583Z,3000.038,500,3.7163259983062744,6.951942000538111,10.708347998559475,55.007419999688864,50,4.776505000889301,6.2912230007350445,14.837342999875546,14.837342999875546
2026-08-29T05:53:02.584Z,3010.039,500,3.6307459995150566,6.890122000128031,12.07081600278616,65.77014899998903,50,4.736055001616478,6.1539440006017685,13.542766001075506,13.542766001075506
2026-08-29T05:53:12.585Z,3020.039,500,3.719735998660326,6.825462002307177,8.893481001257896,34.30272299796343,50,4.744285002350807,6.066853001713753,6.19234300032258,6.19234300032258
2026-08-29T05:53:22.585Z,3030.04,500,3.689435999840498,6.891682997345924,10.667077999562025,50.631505001336336,50,4.717924002557993,5.999042998999357,6.363092999905348,6.363092999905348
2026-08-29T05:53:32.585Z,3040.04,500,3.7256859987974167,6.818642001599073,10.721758000552654,52.767443001270294,50,4.60113500058651,6.018033001571894,6.878831997513771,6.878831997513771
2026-08-29T05:53:42.584Z,3050.039,500,3.6819159984588623,6.802522998303175,10.099698998034,51.78116399794817,50,4.802774999290705,5.972812999039888,21.906815998256207,21.906815998256207
2026-08-29T05:53:52.585Z,3060.039,500,3.804396003484726,7.051083002239466,15.888972003012896,59.315345998853445,50,4.773894999176264,6.01452299952507,33.99340300261974,33.99340300261974
2026-08-29T05:54:02.585Z,3070.039,500,3.7286959998309612,6.948492001742125,13.373485997319221,59.72130500152707,50,4.676504999399185,5.849982999265194,6.158562999218702,6.158562999218702
2026-08-29T05:54:12.585Z,3080.04,500,3.6763559989631176,6.761072997003794,8.885340001434088,52.933543000370264,50,4.654745001345873,6.137573000043631,6.922391999512911,6.922391999512911
2026-08-29T05:54:22.586Z,3090.041,500,3.787585999816656,6.8655019998550415,14.274675000458956,56.05186900123954,50,4.892724998295307,6.112112998962402,6.17977400124073,6.17977400124073
2026-08-29T05:54:32.586Z,3100.04,500,3.6212659999728203,6.716403000056744,10.073998998850584,57.91056700050831,50,4.699654001742601,6.606052000075579,6.842023000121117,6.842023000121117
2026-08-29T05:54:42.587Z,3110.041,500,3.624285999685526,6.836432997137308,10.001398999243975,36.4444399997592,50,4.695964999496937,6.872503001242876,7.139762002974749,7.139762002974749
2026-08-29T05:54:52.587Z,3120.041,500,3.6925759986042976,6.766212001442909,11.379107002168894,53.058382999151945,50,4.714184999465942,6.030363000929356,14.60657399892807,14.60657399892807
2026-08-29T05:55:02.587Z,3130.042,500,3.737425997853279,6.961151998490095,11.134317997843027,55.50652999803424,50,4.790075000375509,6.050624001771212,6.21858299896121,6.21858299896121
2026-08-29T05:55:12.588Z,3140.043,500,3.6383359991014004,6.814522001892328,13.41100499778986,62.375971999019384,50,4.743524998426437,6.026094000786543,6.962593000382185,6.962593000382185
2026-08-29T05:55:22.588Z,3150.042,500,3.7156360000371933,6.861353002488613,10.68537800014019,54.496811002492905,50,4.72741499915719,6.027302999049425,6.97079199925065,6.97079199925065
2026-08-29T05:55:32.588Z,3160.042,500,3.726986002177,6.9090919978916645,9.515569999814034,51.609154000878334,50,4.814203999936581,6.158212997019291,26.05044199898839,26.05044199898839
2026-08-29T05:55:42.588Z,3170.042,500,3.7012259997427464,6.888402000069618,11.926406998187304,54.80446100234985,50,4.615715000778437,6.093624003231525,16.165913000702858,16.165913000702858
2026-08-29T05:55:52.588Z,3180.042,500,3.7152060009539127,6.750523000955582,13.44361599907279,60.060175001621246,50,4.720144998282194,6.082063999027014,6.1399140022695065,6.1399140022695065
2026-08-29T05:56:02.589Z,3190.043,500,3.69378599897027,6.7681519985198975,10.45846899971366,57.66542699933052,50,4.61387499794364,5.901883002370596,6.044363997876644,6.044363997876644
2026-08-29T05:56:12.589Z,3200.044,500,3.8092349991202354,6.999292999505997,9.054829999804497,48.84595699980855,50,4.482134997844696,6.960471998900175,10.08644900098443,10.08644900098443
2026-08-29T05:56:22.589Z,3210.043,500,3.720336001366377,6.860673002898693,8.606241002678871,62.4590019993484,50,4.744364999234676,6.918661996722221,8.107381001114845,8.107381001114845
2026-08-29T05:56:32.589Z,3220.043,500,3.6414260007441044,6.754932999610901,8.856959998607635,45.43297100067139,50,4.719504997134209,6.409384001046419,14.58483399823308,14.58483399823308
2026-08-29T05:56:42.588Z,3230.043,500,3.6572960019111633,6.801252000033855,11.867806997150183,54.92652000114322,50,4.756975002586842,6.029923997819424,6.9921820014715195,6.9921820014715195
2026-08-29T05:56:52.589Z,3240.043,500,3.717875000089407,6.88646200299263,13.14826599881053,62.140083000063896,50,4.773164998739958,5.9855840019881725,6.082152999937534,6.082152999937534
2026-08-29T05:57:02.589Z,3250.043,500,3.6521459966897964,6.8381220027804375,12.153467003256083,54.45981099829078,50,4.744173999875784,5.984873000532389,7.186112999916077,7.186112999916077
2026-08-29T05:57:12.589Z,3260.044,500,3.7152660004794598,6.944533001631498,12.730395998805761,58.230076998472214,50,4.76494399830699,5.74261400103569,11.201408002525568,11.201408002525568
2026-08-29T05:57:22.589Z,3270.043,500,3.609255999326706,6.886482000350952,13.147746000438929,54.657731000334024,50,4.695544999092817,5.999343000352383,6.395202998071909,6.395202998071909
2026-08-29T05:57:32.589Z,3280.043,500,3.658315997570753,6.701381999999285,11.126127000898123,54.49135000258684,50,4.796314999461174,6.677032999694347,14.254884000867605,14.254884000867605
2026-08-29T05:57:42.589Z,3290.043,500,3.659995999187231,6.821241997182369,14.161155000329018,62.2578120008111,50,4.851685002446175,6.313502997159958,6.966561999171972,6.966561999171972
2026-08-29T05:57:52.589Z,3300.043,500,3.700695998966694,6.902761999517679,10.887017998844385,54.54093100130558,50,4.701285000890493,6.052133999764919,6.7373529970645905,6.7373529970645905
2026-08-29T05:58:02.589Z,3310.043,500,3.715456001460552,6.765262998640537,12.78328599780798,54.09664199873805,50,4.891024000942707,6.0426830016076565,6.332942999899387,6.332942999899387
2026-08-29T05:58:12.588Z,3320.043,500,3.6934159994125366,6.875073000788689,10.352629002183676,55.11810100078583,50,4.846965000033379,5.973823998123407,6.054184000939131,6.054184000939131
2026-08-29T05:58:22.589Z,3330.043,500,3.763025999069214,6.865472000092268,11.191417999565601,63.737550999969244,50,4.8360539972782135,6.70261299982667,7.104391999542713,7.104391999542713
2026-08-29T05:58:32.600Z,3340.043,245,420.2440330013633,953.6772739998996,1139.102022998035,1398.851790998131,24,545.7253980003297,889.8196440003812,925.4511050023139,925.4511050023139
2026-08-29T05:58:42.601Z,3350.043,343,317.0325459986925,728.1818189993501,1055.7128829993308,1143.0235790014267,34,417.6926460005343,1035.8789049983025,1044.3479159995914,1044.3479159995914
2026-08-29T05:58:52.591Z,3360.043,521,218.00237400084734,503.31086399778724,660.6807930022478,896.5759560018778,52,279.4386270008981,567.7403439991176,711.008588001132,711.008588001132
2026-08-29T05:59:02.589Z,3370.043,891,43.43283299729228,114.44272599741817,140.2101380005479,174.7011209987104,90,54.39573100209236,120.1219790019095,142.07801599800587,142.07801599800587
2026-08-29T05:59:12.589Z,3380.043,500,6.845673002302647,10.40132899954915,15.226942997425795,27.33517100289464,50,6.961792998015881,10.860328000038862,11.129147998988628,11.129147998988628
2026-08-29T05:59:22.589Z,3390.043,500,6.848352000117302,10.37508900091052,12.17441700026393,28.157820001244545,50,6.872352000325918,10.718137998133898,12.03115700185299,12.03115700185299
2026-08-29T05:59:32.589Z,3400.043,500,6.845482997596264,11.04161799699068,21.116277001798153,84.00535800307989,50,6.967202998697758,10.945868000388145,21.462087001651525,21.462087001651525
2026-08-29T05:59:42.591Z,3410.043,500,7.308912001550198,10.627197999507189,13.641766000539064,21.754877001047134,50,7.261063002049923,11.388176999986172,11.790006998926401,11.790006998926401
2026-08-29T05:59:52.589Z,3420.043,500,7.268492002040148,10.77564800158143,20.711157999932766,67.15902700275183,50,7.31505199894309,10.928387999534607,11.830726999789476,11.830726999789476
2026-08-29T06:00:02.589Z,3430.043,500,6.804003000259399,10.869117997586727,14.769754000008106,22.692125000059605,50,6.9330030009150505,11.513087000697851,11.939766999334097,11.939766999334097
2026-08-29T06:00:12.589Z,3440.043,500,6.7759729996323586,10.79857800155878,12.826875999569893,28.60988900065422,50,7.02946300059557,10.26035899668932,11.990637000650167,11.990637000650167
2026-08-29T06:00:22.589Z,3450.043,500,7.265262000262737,10.73139800131321,19.866558000445366,69.17535499855876,50,7.1723219975829124,11.43639699742198,22.536244999617338,22.536244999617338
2026-08-29T06:00:32.591Z,3460.043,500,7.67637200281024,10.977127999067307,12.999455999583006,22.469815999269485,50,7.586811002343893,11.15819799900055,11.92127799987793,11.92127799987793
2026-08-29T06:00:42.589Z,3470.043,500,6.718111999332905,10.662697996944189,15.874602999538183,27.042520999908447,50,6.788062997162342,10.936937998980284,15.287542998790741,15.287542998790741
2026-08-29T06:00:52.590Z,3480.044,500,7.005341999232769,10.604857999831438,12.478486999869347,23.27386400103569,50,7.31963200122118,10.962267998605967,11.558446999639273,11.558446999639273
2026-08-29T06:01:02.592Z,3490.044,500,8.022121001034975,11.339717999100685,22.33110599964857,70.9741530008614,50,8.174541000276804,11.237877998501062,12.463887002319098,12.463887002319098
2026-08-29T06:01:12.590Z,3500.044,500,6.725772999227047,10.355418998748064,12.94922599941492,25.422793000936508,50,6.86625200137496,11.526037000119686,15.014724001288414,15.014724001288414
2026-08-29T06:01:22.591Z,3510.044,500,6.784713000059128,10.532428998500109,20.720827002078295,73.19865000247955,50,6.92026199772954,10.632847998291254,21.710446000099182,21.710446000099182
2026-08-29T06:01:32.590Z,3520.044,500,6.795112002640963,9.99269900098443,13.702054999768734,23.874214000999928,50,6.967181999236345,10.562318999320269,10.902968000620604,10.902968000620604
2026-08-29T06:01:42.590Z,3530.044,500,6.786872003227472,10.533589001744986,20.741317998617887,80.47274300083518,50,7.052062999457121,10.879018001258373,18.726759999990463,18.726759999990463
2026-08-29T06:01:52.590Z,3540.044,500,7.341352000832558,10.646508000791073,20.236767999827862,70.13475400209427,50,7.146612998098135,11.392978001385927,11.891536999493837,11.891536999493837
2026-08-29T06:02:02.591Z,3550.044,500,6.844592001289129,10.436048001050949,14.997664000838995,32.39944500103593,50,7.173792000859976,11.158178001642227,32.65937500074506,32.65937500074506
2026-08-29T06:02:12.590Z,3560.044,500,6.844533000141382,11.156217001378536,22.58882500231266,69.03561499714851,50,7.182142000645399,11.283598002046347,11.941346999257803,11.941346999257803
2026-08-29T06:02:22.590Z,3570.044,500,7.520601999014616,10.858707997947931,17.520690999925137,75.78517699986696,50,7.818330999463797,10.808377999812365,12.019977003335953,12.019977003335953
2026-08-29T06:02:32.591Z,3580.044,500,7.664890997111797,11.29797800257802,21.089526999741793,75.41032800078392,50,8.174830999225378,10.956197999417782,11.719107002019882,11.719107002019882
2026-08-29T06:02:42.592Z,3590.044,500,6.675723001360893,10.446477998048067,17.891330998390913,73.28518100082874,50,6.930213000625372,10.764027997851372,11.772477000951767,11.772477000951767
2026-08-29T06:02:52.591Z,3600.045,500,6.826232999563217,10.786547999829054,20.775097001343966,77.89243599772453,50,6.996411997824907,11.359647996723652,12.127217002213001,12.127217002213001
2026-08-29T06:03:02.591Z,3610.045,500,6.895713001489639,10.578519001603127,20.267047997564077,74.26327899843454,50,7.081112001091242,11.438477002084255,15.912673000246286,15.912673000246286
2026-08-29T06:03:12.591Z,3620.045,500,7.027911998331547,10.981718000024557,21.613177001476288,78.19955499842763,50,7.237072002142668,11.308747999370098,11.565426997840405,11.565426997840405
2026-08-29T06:03:22.591Z,3630.045,500,6.853401999920607,10.38382900133729,21.10886699706316,73.77374999970198,50,7.025401998311281,11.244937997311354,21.8774559982121,21.8774559982121
2026-08-29T06:03:32.591Z,3640.045,500,6.957692999392748,10.666898999363184,19.4867580011487,71.68093200027943,50,7.205582000315189,11.294778000563383,11.754698000848293,11.754698000848293
2026-08-29T06:03:42.591Z,3650.045,500,6.766832999885082,10.885308001190424,20.822586998343468,77.44000599905849,50,6.949193000793457,10.504608001559973,11.134908001869917,11.134908001869917
2026-08-29T06:03:52.590Z,3660.044,500,6.99584299698472,11.207867998629808,22.464014999568462,68.69235499948263,50,7.218621999025345,11.276177998632193,13.53922500088811,13.53922500088811
2026-08-29T06:04:02.590Z,3670.044,500,7.48242200165987,10.979918003082275,21.151537999510765,79.29943399876356,50,7.20890299975872,10.793708000332117,11.010168999433517,11.010168999433517
2026-08-29T06:04:12.590Z,3680.044,500,6.712221998721361,10.744007997214794,18.94573999941349,83.55288900062442,50,6.972051996737719,11.608827002346516,14.643274001777172,14.643274001777172
2026-08-29T06:04:22.590Z,3690.044,500,7.139003001153469,10.935058001428843,23.351854000240564,75.00753799825907,50,7.137612000107765,11.296317998319864,11.488667998462915,11.488667998462915
2026-08-29T06:04:32.590Z,3700.044,500,6.753783002495766,10.358138997107744,20.865956999361515,75.6620080024004,50,6.93843200057745,10.982298001646996,11.255038000643253,11.255038000643253
2026-08-29T06:04:42.590Z,3710.044,500,6.859302002936602,10.646288998425007,17.42212099954486,64.27693999931216,50,7.110362999141216,10.635378997772932,11.318397998809814,11.318397998809814
2026-08-29T06:04:52.590Z,3720.044,500,7.20805200189352,11.132658001035452,22.01179599761963,70.938492000103,50,6.93945199996233,10.502588000148535,14.63587399944663,14.63587399944663
2026-08-29T06:05:02.590Z,3730.044,500,6.728982999920845,10.509778998792171,18.652559999376535,71.7281919978559,50,6.782552000135183,10.725667998194695,11.394158001989126,11.394158001989126
2026-08-29T06:05:12.590Z,3740.044,500,7.3791819997131824,10.810688998550177,19.577559001743793,73.77581899985671,50,7.565540999174118,10.720607999712229,11.83016700297594,11.83016700297594
2026-08-29T06:05:22.590Z,3750.044,500,6.831312000751495,10.673967998474836,21.632155999541283,74.23874900117517,50,7.176511999219656,10.835218999534845,21.772987000644207,21.772987000644207
2026-08-29T06:05:32.591Z,3760.045,500,6.728551998734474,10.712117999792099,20.872157000005245,77.88997500017285,50,6.957953002303839,10.602848999202251,17.084002003073692,17.084002003073692
2026-08-29T06:05:42.592Z,3770.045,500,7.673892002552748,11.222517997026443,20.619588002562523,72.31319100037217,50,7.875381000339985,11.120097998529673,12.158496998250484,12.158496998250484
2026-08-29T06:05:52.592Z,3780.046,500,6.768872998654842,10.698348000645638,23.1472349986434,78.82301500067115,50,7.2561619989573956,11.605877999216318,36.48021000251174,36.48021000251174
2026-08-29T06:06:02.591Z,3790.045,500,7.1768720000982285,11.052348002791405,21.39264700189233,70.45103299990296,50,7.429761998355389,10.843197997659445,11.05366799980402,11.05366799980402
2026-08-29T06:06:12.591Z,3800.045,500,6.860612999647856,10.604159001260996,22.298765998333693,73.27887099981308,50,7.140672001987696,11.351546999067068,15.954413000494242,15.954413000494242
2026-08-29T06:06:22.591Z,3810.045,500,7.569390997290611,11.166158001869917,18.309329997748137,73.1965400017798,50,7.559521999210119,11.450717002153397,11.77717699855566,11.77717699855566
2026-08-29T06:06:32.591Z,3820.045,500,7.609672002494335,11.164617996662855,33.256423000246286,82.14567100256681,50,7.370822001248598,11.84833699837327,12.133106999099255,12.133106999099255
2026-08-29T06:06:42.591Z,3830.045,500,6.6617329977452755,10.708838000893593,17.791130002588034,69.26701499894261,50,6.936201997101307,10.576448000967503,11.293416999280453,11.293416999280453
2026-08-29T06:06:52.591Z,3840.045,500,6.637763001024723,10.052758999168873,17.065580997616053,81.65256199985743,50,6.730491999536753,10.963888000696898,11.234586998820305,11.234586998820305
2026-08-29T06:07:02.593Z,3850.045,500,7.087143000215292,10.993238002061844,22.911405999213457,72.03149199858308,50,7.213181998580694,10.67653800174594,10.993918001651764,10.993918001651764
2026-08-29T06:07:12.592Z,3860.046,500,6.910191997885704,10.82905799895525,19.72223800048232,77.99483500048518,50,7.052263002842665,11.261416997760534,11.293298002332449,11.293298002332449
2026-08-29T06:07:22.591Z,3870.045,500,7.478451002389193,10.789899002760649,20.7915170006454,71.55487199872732,50,7.789271000772715,10.538258001208305,11.521726999431849,11.521726999431849
2026-08-29T06:07:32.593Z,3880.045,500,7.212612003087997,11.00211800262332,21.765005998313427,51.56325399875641,50,7.284021999686956,10.511078998446465,10.926098000258207,10.926098000258207
2026-08-29T06:07:42.591Z,3890.045,500,6.826012998819351,10.71798799932003,21.752186000347137,81.66119099780917,50,6.8802519999444485,11.182776998728514,11.77937699854374,11.77937699854374
2026-08-29T06:07:52.591Z,3900.045,500,6.829633001238108,10.54220800101757,21.391236998140812,82.69167000055313,50,7.228932000696659,10.814559001475573,11.300507999956608,11.300507999956608
2026-08-29T06:08:02.591Z,3910.045,500,6.673373002558947,10.701408997178078,23.982974000275135,81.5229419991374,50,6.805521998554468,10.743847999721766,11.850486997514963,11.850486997514963
2026-08-29T06:08:12.591Z,3920.045,500,6.720992997288704,10.847298000007868,21.83102599903941,79.41622400283813,50,6.86260199919343,11.061188001185656,16.197563000023365,16.197563000023365
2026-08-29T06:08:22.591Z,3930.045,500,6.6613320000469685,10.371378000825644,18.394510000944138,76.31794700026512,50,6.928352002054453,11.089957997202873,12.348547000437975,12.348547000437975
2026-08-29T06:08:32.591Z,3940.045,500,6.84791300073266,11.206128001213074,31.1398460008204,89.79388299956918,50,6.954103000462055,10.925418999046087,14.137605000287294,14.137605000287294
2026-08-29T06:08:42.591Z,3950.045,500,7.172001998871565,11.125987999141216,21.215246997773647,84.88756800070405,50,7.430512998253107,10.50203900039196,11.654156997799873,11.654156997799873
2026-08-29T06:08:52.592Z,3960.046,500,6.977393001317978,10.65251899883151,18.002910997718573,84.01423800364137,50,7.139802001416683,10.686257999390364,12.020666997879744,12.020666997879744
2026-08-29T06:09:02.591Z,3970.045,500,7.009271997958422,10.766378000378609,18.753540001809597,39.5839569978416,50,7.113772001117468,10.44131799787283,13.357515998184681,13.357515998184681
2026-08-29T06:09:12.591Z,3980.045,500,7.139212001115084,10.947117999196053,21.877677001059055,50.708085000514984,50,7.336031999439001,11.957667000591755,14.022444996982813,14.022444996982813
2026-08-29T06:09:22.591Z,3990.045,500,7.73879200220108,11.103847999125719,19.963298000395298,69.2510850019753,50,7.8035020008683205,11.96883700042963,28.7494790032506,28.7494790032506
2026-08-29T06:09:32.591Z,4000.045,500,6.77963300049305,10.428679000586271,17.909600000828505,86.66917599737644,50,6.98055200278759,11.402478002011776,11.933486998081207,11.933486998081207
2026-08-29T06:09:42.591Z,4010.045,500,7.0855920016765594,10.91244800016284,21.70422700047493,57.99025699868798,50,7.17824199795723,11.405718002468348,25.583503000438213,25.583503000438213
2026-08-29T06:09:52.592Z,4020.045,500,6.982712000608444,10.780517999082804,13.72316500172019,24.050733000040054,50,7.148132000118494,10.813558001071215,11.162558000534773,11.162558000534773
2026-08-29T06:10:02.592Z,4030.046,500,6.942223001271486,10.94046799838543,22.543705999851227,81.6000510007143,50,6.986051999032497,10.956537999212742,11.476246997714043,11.476246997714043
2026-08-29T06:10:12.592Z,4040.046,500,6.672513000667095,10.321877997368574,22.124455999583006,77.94378599897027,50,6.9481520019471645,11.607147000730038,12.030506998300552,12.030506998300552
2026-08-29T06:10:22.592Z,4050.046,500,6.847963001579046,10.662889000028372,13.126405999064445,21.52888599783182,50,7.0676419995725155,11.360726997256279,12.20609600096941,12.20609600096941
2026-08-29T06:10:32.592Z,4060.046,500,6.875742003321648,10.693799000233412,20.01104800030589,70.11954399943352,50,7.15557199716568,10.931538000702858,11.088078003376722,11.088078003376722
2026-08-29T06:10:42.593Z,4070.047,500,6.9479830004274845,10.828618001192808,23.336674999445677,82.16851099953055,50,7.127693001180887,11.770587000995874,26.88450099900365,26.88450099900365
2026-08-29T06:10:52.592Z,4080.046,500,6.714341998100281,10.386788997799158,20.439918000251055,74.26689000055194,50,6.950372997671366,10.997437998652458,11.98131699860096,11.98131699860096
2026-08-29T06:11:02.592Z,4090.046,500,6.545712999999523,10.056278999894857,17.21305099874735,76.36643699929118,50,6.782613001763821,10.69539800286293,11.935777001082897,11.935777001082897
2026-08-29T06:11:12.592Z,4100.046,500,3.610316000878811,6.770982999354601,9.608709998428822,56.157149001955986,50,6.683143001049757,11.184217996895313,12.118617001920938,12.118617001920938
2026-08-29T06:11:22.592Z,4110.046,500,3.6664359979331493,6.828301999717951,9.002420000731945,15.3535229973495,50,6.0699429996311665,11.04771799966693,11.922457002103329,11.922457002103329
2026-08-29T06:11:32.592Z,4120.047,500,3.5687559992074966,6.740132998675108,11.648577000945807,66.67815699800849,50,6.522902999073267,10.85138799995184,12.14359699934721,12.14359699934721
2026-08-29T06:11:42.592Z,4130.046,500,3.6024660021066666,6.8036120012402534,11.320268001407385,44.46382199972868,50,6.363602999597788,10.978188000619411,21.880575999617577,21.880575999617577
2026-08-29T06:11:52.592Z,4140.047,500,3.627836000174284,6.849142998456955,8.267671000212431,14.894852999597788,50,6.113672997802496,11.042487997561693,12.027576997876167,12.027576997876167
2026-08-29T06:12:02.592Z,4150.047,500,3.7078859992325306,6.809033002704382,7.478752002120018,15.40506299957633,50,6.0563730001449585,10.503558997064829,11.263877999037504,11.263877999037504
2026-08-29T06:12:12.592Z,4160.047,500,3.6232860013842583,6.866273000836372,8.532830998301506,21.417566999793053,50,5.96144400164485,10.518908999860287,12.258556000888348,12.258556000888348
2026-08-29T06:12:22.592Z,4170.046,500,3.5757660008966923,6.824452999979258,8.988249998539686,16.482652001082897,50,5.882013998925686,11.08754799887538,11.387028001248837,11.387028001248837
2026-08-29T06:12:32.592Z,4180.046,500,3.719776000827551,6.944592002779245,7.975062001496553,21.609237000346184,50,6.111523002386093,11.11038799956441,12.038276001811028,12.038276001811028
2026-08-29T06:12:42.592Z,4190.047,500,3.731035999953747,6.885013002902269,8.327050998806953,16.874081999063492,50,6.141883000731468,10.947138000279665,11.199248000979424,11.199248000979424
2026-08-29T06:12:52.592Z,4200.047,500,3.681786000728607,6.821213003247976,9.030219998210669,22.339295998215675,50,6.117433998733759,10.615497998893261,11.259398002177477,11.259398002177477
2026-08-29T06:13:02.592Z,4210.046,500,3.540686000138521,6.685862999409437,8.025430999696255,16.678311999887228,50,6.703262999653816,11.196118000894785,16.536032002419233,16.536032002419233
2026-08-29T06:13:12.591Z,4220.046,500,3.677465997636318,6.829422999173403,8.613309998065233,21.490357000380754,50,6.192043002694845,11.00747800245881,12.025887001305819,12.025887001305819
2026-08-29T06:13:22.592Z,4230.046,500,3.658466000109911,6.987212996929884,8.8296599984169,15.752742998301983,50,6.6464120000600815,10.336898997426033,12.191886000335217,12.191886000335217
2026-08-29T06:13:32.592Z,4240.046,500,3.7283159978687763,6.872512999922037,9.301960002630949,16.52512200176716,50,6.751772999763489,11.15387799963355,11.895006999373436,11.895006999373436
2026-08-29T06:13:42.592Z,4250.046,500,3.5727469995617867,6.801572997123003,8.75246100127697,14.48980400338769,50,6.68478300049901,11.080428000539541,12.036616999655962,12.036616999655962
2026-08-29T06:13:52.592Z,4260.046,500,3.624326001852751,6.721562001854181,11.997377000749111,46.78598900139332,50,6.822163000702858,12.179927002638578,37.24466000124812,37.24466000124812
2026-08-29T06:14:02.592Z,4270.047,500,3.6750360019505024,6.8193220011889935,8.082081999629736,21.491447001695633,50,6.746162999421358,11.19225800037384,12.135746996849775,12.135746996849775
2026-08-29T06:14:12.592Z,4280.047,500,3.651375997811556,6.817401997745037,8.80189000070095,14.105523999780416,50,6.109503999352455,10.63476900011301,12.382616002112627,12.382616002112627
2026-08-29T06:14:22.593Z,4290.047,500,3.7011259980499744,6.876212999224663,9.1525200009346,21.711735997349024,50,6.237973000854254,12.145936999469995,21.972795996814966,21.972795996814966
2026-08-29T06:14:32.593Z,4300.047,500,3.5863259993493557,6.816553000360727,7.8827220015227795,14.285684999078512,50,6.811271999031305,11.990685999393463,17.50298099964857,17.50298099964857
2026-08-29T06:14:42.594Z,4310.048,500,3.630885999649763,7.023733001202345,9.39325900003314,24.103893999010324,50,6.76333300024271,11.26493800058961,12.062467001378536,12.062467001378536
2026-08-29T06:14:52.592Z,4320.047,500,3.5794059969484806,6.73021299764514,7.516282003372908,14.078074999153614,50,6.776372998952866,10.210948001593351,11.073837000876665,11.073837000876665
2026-08-29T06:15:02.593Z,4330.047,500,3.695245999842882,6.837613001465797,9.24822000041604,24.814933001995087,50,6.755123000591993,9.781310003250837,10.017469000071287,10.017469000071287
2026-08-29T06:15:12.593Z,4340.047,501,3.655425999313593,6.871612999588251,10.04364999756217,68.36278499662876,50,6.674463000148535,9.158110000193119,10.158739000558853,10.158739000558853
2026-08-29T06:15:22.593Z,4350.047,500,3.686445999890566,6.816532999277115,8.249820999801159,21.696727000176907,50,6.766991999000311,8.934580001980066,18.869949001818895,18.869949001818895
2026-08-29T06:15:32.593Z,4360.048,499,3.561275999993086,6.700381997972727,8.724461000412703,12.45651699975133,50,6.644043002277613,8.960621003061533,9.551318999379873,9.551318999379873
2026-08-29T06:15:42.593Z,4370.048,500,3.705885998904705,6.856982998549938,7.609130997210741,15.306152999401093,50,6.856022000312805,9.11718999966979,9.822868999093771,9.822868999093771
2026-08-29T06:15:52.594Z,4380.049,501,3.695645999163389,6.831612002104521,7.855482000857592,21.42789700254798,50,6.914832003414631,9.233490001410246,10.03591899946332,10.03591899946332
2026-08-29T06:16:02.594Z,4390.049,500,3.71034599840641,6.85912199690938,7.5109519995749,14.82116400077939,50,6.744002997875214,8.956149999052286,9.432649999856949,9.432649999856949
2026-08-29T06:16:12.594Z,4400.049,500,3.6204859986901283,6.815522998571396,8.595671001821756,24.660092998296022,50,6.403633002191782,8.927829999476671,8.96527000144124,8.96527000144124
2026-08-29T06:16:22.595Z,4410.049,499,3.6324359998106956,6.829982001334429,8.903240997344255,14.815914001315832,50,6.680881999433041,9.227780003100634,9.927108999341726,9.927108999341726
2026-08-29T06:16:32.595Z,4420.049,501,3.64266599714756,6.826903000473976,9.3927499987185,26.771611001342535,50,6.3526029996573925,9.522610001266003,9.934969000518322,9.934969000518322
2026-08-29T06:16:42.595Z,4430.05,499,3.6500659994781017,6.745423000305891,8.919640000909567,13.636154998093843,50,6.6732219979166985,9.175210002809763,9.991808999329805,9.991808999329805
2026-08-29T06:16:52.625Z,4440.05,395,3.8565859980881214,654.981968998909,1002.7567409984767,1262.6866189986467,39,7.211422000080347,797.7185139991343,810.3882899992168,810.3882899992168
2026-08-29T06:17:02.611Z,4450.051,233,467.46505200117826,1020.9773409999907,1428.420678999275,1507.7914029993117,24,624.2783529981971,963.0633740015328,1087.7114380002022,1087.7114380002022
2026-08-29T06:17:12.606Z,4460.05,433,253.85808400064707,541.2935619987547,674.4861880019307,850.0631669983268,42,334.39351699873805,558.0163840018213,664.5926690027118,664.5926690027118
2026-08-29T06:17:22.596Z,4470.05,939,68.90701499953866,386.6772999987006,609.8290980011225,824.5283950008452,95,85.19059799984097,432.4847699999809,522.9970620013773,522.9970620013773
2026-08-29T06:17:32.598Z,4480.051,500,6.965243000537157,10.856708001345396,20.55060799792409,63.093541000038385,50,7.9540309980511665,11.216908000409603,13.546384997665882,13.546384997665882
2026-08-29T06:17:42.597Z,4490.051,500,6.875403001904488,10.56155800074339,13.146205998957157,23.52334500104189,50,7.866260997951031,10.933398000895977,21.630146998912096,21.630146998912096
2026-08-29T06:17:52.598Z,4500.051,501,6.740853000432253,10.44149899855256,12.87109600007534,21.047837000340223,50,7.884980998933315,10.024098999798298,10.629357997328043,10.629357997328043
2026-08-29T06:18:02.599Z,4510.051,499,6.997721999883652,10.92390799894929,19.54898899793625,45.02496200054884,50,7.825000997632742,10.256149001419544,11.102437999099493,11.102437999099493
2026-08-29T06:18:12.601Z,4520.051,500,6.8209620006382465,10.700597997754812,20.00805800035596,80.64891299977899,50,7.891380999237299,10.071179002523422,10.551959000527859,10.551959000527859
2026-08-29T06:18:22.599Z,4530.051,500,6.573092997074127,10.254808999598026,15.24771299958229,23.99456400051713,50,7.94828100129962,10.386619001626968,17.47002099826932,17.47002099826932
2026-08-29T06:18:32.599Z,4540.051,500,6.737282998859882,10.619318000972271,15.711943000555038,35.572982002049685,50,7.657822001725435,9.864819999784231,10.35946799814701,10.35946799814701
2026-08-29T06:18:42.597Z,4550.051,500,7.634230997413397,10.945558000355959,13.194015000015497,23.792093999683857,50,7.953832000494003,10.816337998956442,20.899437002837658,20.899437002837658
2026-08-29T06:18:52.598Z,4560.052,500,6.771352998912334,10.814397998154163,14.972244001924992,23.185405001044273,50,8.002840999513865,10.1802789978683,16.36557200178504,16.36557200178504
2026-08-29T06:19:02.599Z,4570.051,501,6.882651999592781,10.56139799952507,14.015395000576973,18.651270002126694,50,8.131180997937918,10.310348998755217,11.378878001123667,11.378878001123667
2026-08-29T06:19:12.599Z,4580.051,500,6.69794299826026,10.505897998809814,14.429724998772144,36.033840999007225,50,8.12789100036025,9.677280001342297,29.80426699668169,29.80426699668169
2026-08-29T06:19:22.598Z,4590.052,499,7.467232000082731,10.908179000020027,13.363244999200106,23.933713998645544,50,8.292101003229618,10.1157489977777,10.88731800019741,10.88731800019741
2026-08-29T06:19:32.599Z,4600.051,501,6.766332000494003,10.76001900061965,22.653655998408794,84.99897800013423,50,7.983341999351978,10.40547900274396,10.843458000570536,10.843458000570536
2026-08-29T06:19:42.599Z,4610.052,500,6.7231630012393,10.633397996425629,13.33117600157857,45.06859100237489,50,8.225331000983715,9.938700001686811,11.797398000955582,11.797398000955582
2026-08-29T06:19:52.599Z,4620.052,500,6.949381999671459,10.737328000366688,13.446625001728535,23.20252500101924,50,8.253120999783278,9.877099998295307,10.665789000689983,10.665789000689983
2026-08-29T06:20:02.600Z,4630.052,500,6.9193730019032955,10.779388003051281,13.437304999679327,22.053045999258757,50,8.10716100037098,9.978300001472235,10.185389000922441,10.185389000922441
2026-08-29T06:20:12.598Z,4640.052,499,6.812011998146772,10.590259000658989,16.417101997882128,43.27876299992204,50,8.08059099689126,10.185578998178244,17.18911100178957,17.18911100178957
2026-08-29T06:20:22.600Z,4650.052,501,6.603312999010086,10.185858998447657,20.378118000924587,81.06159200146794,50,8.518990002572536,11.336317997425795,20.63281700015068,20.63281700015068
2026-08-29T06:20:32.600Z,4660.053,500,7.059671998023987,10.717017997056246,12.78583599999547,23.508024998009205,50,8.32939100265503,9.823329001665115,10.182809002697468,10.182809002697468
2026-08-29T06:20:42.600Z,4670.052,500,7.330182000994682,10.874177999794483,13.24694599956274,35.101271998137236,50,8.288731001317501,10.217269003391266,35.371141999959946,35.371141999959946
2026-08-29T06:20:52.600Z,4680.053,500,6.9151020012795925,10.559758998453617,13.62720499932766,26.6166910007596,50,8.02445199713111,9.868049003183842,17.467860996723175,17.467860996723175
2026-08-29T06:21:02.600Z,4690.053,500,6.6479329988360405,10.076829001307487,13.289605997502804,28.100589998066425,50,8.366441000252962,9.731370002031326,10.607207998633385,10.607207998633385
2026-08-29T06:21:12.601Z,4700.053,500,6.7319830022752285,10.549788001924753,13.897315002977848,30.273166999220848,50,8.49040099978447,10.319598998874426,13.777034997940063,13.777034997940063
2026-08-29T06:21:22.601Z,4710.053,500,7.040032997727394,10.953307997435331,14.160894002765417,23.37407499924302,50,8.240791000425816,10.15379000082612,15.270863000303507,15.270863000303507
2026-08-29T06:21:32.601Z,4720.054,500,7.6297019980847836,11.053638000041246,13.942954998463392,22.044895999133587,50,8.397400997579098,10.218699000775814,10.878868002444506,10.878868002444506
2026-08-29T06:21:42.602Z,4730.054,500,7.036063000559807,10.664308000355959,13.403915002942085,33.13122400268912,50,8.427361000329256,10.280168000608683,17.31199199706316,17.31199199706316
2026-08-29T06:21:52.602Z,4740.055,500,6.87109300121665,10.619597997516394,15.872171998023987,45.39775099977851,50,8.429551001638174,10.396588999778032,19.016349002718925,19.016349002718925
2026-08-29T06:22:02.602Z,4750.055,500,7.190442003309727,10.994807999581099,13.39045500010252,30.004558000713587,50,8.447331000119448,11.466148000210524,22.41279499977827,22.41279499977827
2026-08-29T06:22:12.603Z,4760.056,500,6.600322999060154,10.006848998367786,12.318316999822855,23.144165001809597,50,8.310610998421907,10.088218998163939,10.911249000579119,10.911249000579119
2026-08-29T06:22:22.603Z,4770.056,500,7.028642002493143,10.853817999362946,21.631556998938322,53.59891099855304,50,8.55876999720931,10.198698997497559,10.896578002721071,10.896578002721071
2026-08-29T06:22:32.603Z,4780.055,500,7.591392002999783,10.827077999711037,12.610667001456022,23.46407499909401,50,8.412241000682116,10.185938999056816,10.900248002260923,10.900248002260923
2026-08-29T06:22:42.603Z,4790.055,500,6.957632999867201,10.513108000159264,16.358041997998953,57.43665800243616,50,8.02166099846363,10.08525900170207,10.358738999813795,10.358738999813795
2026-08-29T06:22:52.601Z,4800.055,500,6.813001997768879,10.836648002266884,21.383556999266148,54.028650999069214,50,8.36226100102067,10.364318002015352,10.586477998644114,10.586477998644114
2026-08-29T06:23:02.602Z,4810.056,500,6.673952996730804,10.547408998012543,13.303796000778675,24.22902400046587,50,8.599701002240181,10.199668999761343,11.203588001430035,11.203588001430035
2026-08-29T06:23:12.602Z,4820.055,500,7.524062000215054,10.830188002437353,15.75110299885273,64.34251099824905,50,8.42569099739194,10.079548999667168,11.191688001155853,11.191688001155853
2026-08-29T06:23:22.603Z,4830.056,500,7.347562000155449,10.665059000253677,15.071193002164364,32.59326399862766,50,8.224640998989344,9.968028999865055,10.426929000765085,10.426929000765085
2026-08-29T06:23:32.603Z,4840.055,500,7.764931999146938,11.29270799830556,19.69402899965644,55.223980002105236,50,8.733070999383926,9.765549998730421,11.551006998866796,11.551006998866796
2026-08-29T06:23:42.603Z,4850.055,500,7.7995209991931915,11.159527000039816,13.499594997614622,22.923034999519587,50,8.361570999026299,10.172478999942541,22.502764999866486,22.502764999866486
2026-08-29T06:23:52.604Z,4860.056,500,7.568291999399662,10.902728002518415,20.5408569984138,72.56456099823117,50,8.354970999062061,11.552946999669075,65.20573899894953,65.20573899894953
2026-08-29T06:24:02.602Z,4870.055,500,7.544151999056339,10.826808996498585,19.52520900219679,56.627428997308016,50,8.494091000407934,13.291876003146172,19.879967998713255,19.879967998713255
2026-08-29T06:24:12.603Z,4880.056,500,7.405602000653744,11.177047997713089,14.79780400171876,21.938246998935938,50,8.462010998278856,10.130449000746012,10.455299001187086,10.455299001187086
2026-08-29T06:24:22.602Z,4890.056,500,7.446081999689341,10.910878002643585,21.88808599859476,49.37930599972606,50,8.468551002442837,10.382148999720812,10.967319000512362,10.967319000512362
2026-08-29T06:24:32.603Z,4900.055,500,6.923002999275923,10.657598000019789,16.804740998893976,65.74675900116563,50,8.384710997343063,11.176567003130913,13.275936000049114,13.275936000049114
2026-08-29T06:24:42.602Z,4910.055,500,6.823482997715473,10.50916899740696,20.175308000296354,45.87845999747515,50,8.29467099905014,10.945638000965118,21.523626998066902,21.523626998066902
2026-08-29T06:24:52.602Z,4920.056,500,7.168802000582218,10.942527998238802,15.368833001703024,51.60544399917126,50,8.577651001513004,10.791718002408743,15.646983001381159,15.646983001381159
2026-08-29T06:25:02.603Z,4930.055,500,6.804303001612425,10.345008999109268,20.525428000837564,48.86540599912405,50,8.312991000711918,11.218588002026081,15.612773001194,15.612773001194
2026-08-29T06:25:12.602Z,4940.056,500,7.201551999896765,10.935768000781536,13.308476001024246,22.8270159997046,50,8.276131000369787,10.647348999977112,21.23496700078249,21.23496700078249
2026-08-29T06:25:22.603Z,4950.055,500,7.030953001230955,10.708398003131151,12.27989599853754,22.007285997271538,50,8.510921001434326,10.188109003007412,11.034967999905348,11.034967999905348
2026-08-29T06:25:32.603Z,4960.055,500,6.994621999561787,10.908808998763561,21.529607001692057,49.966666001826525,50,8.415210999548435,10.151429001241922,10.44590900093317,10.44590900093317
2026-08-29T06:25:42.602Z,4970.056,500,6.917621999979019,10.714149001985788,13.376745000481606,22.06760599836707,50,8.390241000801325,10.76316799968481,12.98479599878192,12.98479599878192
2026-08-29T06:25:52.603Z,4980.056,500,6.624853000044823,10.293629001826048,12.845256000757217,24.24184399843216,50,8.53532100096345,10.762968998402357,21.257156997919083,21.257156997919083
2026-08-29T06:26:02.603Z,4990.056,500,7.610401000827551,10.888638000935316,21.758236002177,53.632852002978325,50,8.268131002783775,10.226658999919891,11.543857999145985,11.543857999145985
2026-08-29T06:26:12.603Z,5000.056,500,7.239391997456551,10.847858000546694,11.684916999191046,22.94633499905467,50,8.283000998198986,9.942829001694918,10.128528997302055,10.128528997302055
2026-08-29T06:26:22.603Z,5010.056,500,6.867382999509573,10.287528000772,13.236016001552343,24.119443997740746,50,8.518100999295712,10.33160899952054,11.094268001616001,11.094268001616001
2026-08-29T06:26:32.603Z,5020.055,500,6.868912998586893,10.801639001816511,13.226466000080109,27.811119999736547,50,8.537541002035141,10.455739002674818,16.85480200126767,16.85480200126767
2026-08-29T06:26:42.603Z,5030.056,500,6.78371199965477,10.386539001017809,14.979554001241922,67.1532769985497,50,8.314270999282598,9.926989000290632,11.507417000830173,11.507417000830173
2026-08-29T06:26:52.602Z,5040.056,500,6.842923000454903,10.780238002538681,19.881308000534773,56.01264899969101,50,8.386590998619795,10.25152900069952,10.376598000526428,10.376598000526428
2026-08-29T06:27:02.603Z,5050.056,500,6.729181997478008,9.986678998917341,11.921946998685598,22.74091500043869,50,8.54857099801302,9.989908996969461,21.321897000074387,21.321897000074387
2026-08-29T06:27:12.603Z,5060.055,500,7.0344819985330105,10.999627999961376,21.308476999402046,54.88793000206351,50,8.521321002393961,11.184346999973059,17.36539100110531,17.36539100110531
2026-08-29T06:27:22.603Z,5070.056,500,7.441312000155449,10.889127999544144,20.352027002722025,55.14988000318408,50,8.295211002230644,10.11769900098443,10.278588000684977,10.278588000684977
2026-08-29T06:27:32.604Z,5080.056,500,7.218281999230385,10.986108001321554,15.943172998726368,66.39530799910426,50,8.598299998790026,10.120568998157978,10.777528997510672,10.777528997510672
2026-08-29T06:27:42.604Z,5090.057,500,6.857131998986006,10.517788000404835,15.682852998375893,61.326303001493216,50,8.581311002373695,11.155807998031378,17.182342000305653,17.182342000305653
2026-08-29T06:27:52.604Z,5100.057,500,6.968111999332905,11.004037998616695,21.6862259991467,62.27719200029969,50,8.517271000891924,10.397229000926018,11.036477003246546,11.036477003246546
2026-08-29T06:28:02.605Z,5110.057,500,6.8226020000875,10.264628998935223,15.513792999088764,66.99545700103045,50,8.28779099881649,10.05307899788022,10.973237998783588,10.973237998783588
2026-08-29T06:28:12.604Z,5120.057,500,7.166752997785807,11.093737997114658,21.597025997936726,51.95887299999595,50,8.394641000777483,9.997588999569416,11.318027999252081,11.318027999252081
2026-08-29T06:28:22.605Z,5130.058,500,6.864522997289896,10.738648001104593,20.48988800123334,54.44988099858165,50,8.447851002216339,9.833768997341394,10.654279001057148,10.654279001057148
2026-08-29T06:28:32.605Z,5140.058,500,6.6815930008888245,10.694687999784946,21.707997001707554,53.900951001793146,50,8.425910998135805,10.110808998346329,10.237408999353647,10.237408999353647
2026-08-29T06:28:42.604Z,5150.057,500,7.536632001399994,11.16966800019145,22.754895001649857,60.83243399858475,50,8.661841001361609,10.581128999590874,13.443245001137257,13.443245001137257
2026-08-29T06:28:52.603Z,5160.057,500,6.877183001488447,10.479857999831438,19.369448997080326,57.61606699973345,50,8.274850998073816,10.302088998258114,11.526737000793219,11.526737000793219
2026-08-29T06:29:02.605Z,5170.058,500,6.725482001900673,10.82285900041461,21.365596998482943,64.33301999792457,50,8.539471000432968,11.110197998583317,20.582077000290155,20.582077000290155
2026-08-29T06:29:12.607Z,5180.059,500,6.537443000823259,10.512288998812437,19.228199001401663,60.582063999027014,50,8.520941000431776,9.90047900006175,10.19564999639988,10.19564999639988
2026-08-29T06:29:22.606Z,5190.058,500,7.26240199804306,10.77207899838686,21.236116997897625,54.82771000266075,50,8.531430002301931,10.537758000195026,10.81928899884224,10.81928899884224
2026-08-29T06:29:32.604Z,5200.058,500,3.5541060008108616,7.769251000136137,11.68800700083375,51.30503499880433,50,8.582751002162695,10.843527998775244,11.332446999847889,11.332446999847889
2026-08-29T06:29:42.604Z,5210.059,500,3.5679059997200966,6.765802998095751,10.982008002698421,57.64183799922466,50,7.867591999471188,10.605688001960516,18.934239000082016,18.934239000082016
2026-08-29T06:29:52.604Z,5220.058,500,3.512636002153158,6.780972998589277,10.258388999849558,49.931095000356436,50,8.565310999751091,10.799948997795582,15.598992999643087,15.598992999643087
2026-08-29T06:30:02.605Z,5230.059,500,3.5705559998750687,6.8067729994654655,8.733940001577139,54.8904599994421,50,8.69302000105381,10.299008000642061,10.986428000032902,10.986428000032902
2026-08-29T06:30:12.604Z,5240.058,500,3.5289460010826588,6.597513001412153,10.90871800109744,47.14738900214434,50,8.63248099759221,9.970689002424479,10.009028997272253,10.009028997272253
2026-08-29T06:30:22.604Z,5250.058,500,3.5105659998953342,6.628773000091314,9.141270000487566,54.34823099896312,50,8.615351002663374,10.532138001173735,11.015747997909784,11.015747997909784
2026-08-29T06:30:32.604Z,5260.058,500,3.5466460026800632,6.7600330002605915,11.201147999614477,47.29494799673557,50,8.574701000005007,9.903229001909494,10.662998996675014,10.662998996675014
2026-08-29T06:30:42.604Z,5270.059,500,3.5555659979581833,6.677572999149561,10.957787998020649,51.267273999750614,50,8.367490999400616,9.96696899831295,11.052347000688314,11.052347000688314
2026-08-29T06:30:52.604Z,5280.059,500,3.6770160011947155,6.871411997824907,13.508475001901388,56.396359000355005,50,8.124191001057625,9.966428998857737,11.255736999213696,11.255736999213696
2026-08-29T06:31:02.604Z,5290.058,500,3.5573260001838207,6.765852000564337,11.650926999747753,58.87926600128412,50,8.569910001009703,10.217458002269268,10.793347999453545,10.793347999453545
2026-08-29T06:31:12.603Z,5300.058,500,3.530255999416113,6.75416199862957,9.69182899966836,50.46852499991655,50,8.610750999301672,9.833018999546766,10.986037999391556,10.986037999391556
2026-08-29T06:31:22.604Z,5310.059,500,3.537066999822855,6.669302001595497,13.00076499953866,50.63771500065923,50,8.56785099953413,9.925239998847246,10.94895800203085,10.94895800203085
2026-08-29T06:31:32.604Z,5320.058,500,3.6289559975266457,6.87347200140357,9.475060001015663,47.05086800083518,50,8.636479999870062,10.817797999829054,10.961859002709389,10.961859002709389
2026-08-29T06:31:42.604Z,5330.059,500,3.5457159988582134,6.77479300275445,14.107565000653267,55.60647999867797,50,8.640190999954939,9.963758997619152,11.049878001213074,11.049878001213074
2026-08-29T06:31:52.604Z,5340.059,500,3.547436997294426,6.724842999130487,11.52309799939394,53.71161199733615,50,8.57837100327015,9.824030000716448,11.009918000549078,11.009918000549078
2026-08-29T06:32:02.604Z,5350.059,500,3.608116000890732,6.754942998290062,11.528737001121044,48.740276999771595,50,8.68954099714756,10.043969001621008,10.782888997346163,10.782888997346163
2026-08-29T06:32:12.604Z,5360.058,500,3.6268460005521774,6.759181998670101,9.407049998641014,45.809360999614,50,8.192961998283863,10.792468000203371,11.054848000407219,11.054848000407219
2026-08-29T06:32:22.604Z,5370.058,500,3.6771549992263317,6.911042001098394,15.01231399923563,56.55774899944663,50,8.625310000032187,10.16372899711132,10.982377998530865,10.982377998530865
2026-08-29T06:32:32.604Z,5380.058,500,3.7246159985661507,6.851332999765873,8.394970998167992,48.07462700083852,50,8.424261000007391,10.921067997813225,11.622077997773886,11.622077997773886
2026-08-29T06:32:42.604Z,5390.058,500,3.706345997750759,6.903923001140356,13.577335000038147,48.67873600125313,50,8.65235099941492,10.125268999487162,11.12193700298667,11.12193700298667
2026-08-29T06:32:52.604Z,5400.058,500,3.5650359988212585,6.636342998594046,7.739691998809576,48.36191700026393,50,8.429871000349522,10.291448999196291,11.109558001160622,11.109558001160622
2026-08-29T06:32:52.679Z,5400.133,3,53.40624199807644,72.92822100222111,72.92822100222111,72.92822100222111,0,,,,
