preflight_started=2026-09-01T20:00:51+08:00
candidate=91e3c62e2fbec4c615f1b3018a578bfb55982b49
ci_run=33503974623
phase3_manifest_sha256=5b8547cb0cf7697df6fb98c29b05ccaf412b93c259c22127bd9050d8c495fcc2
phase2_manifest_sha256=cc54265ceaf9028f85418424f7275ac1a05f98886174bf2e4e869df6ae741b38
fixture_sums_sha256=fa73f7efa39b95784a78324a4b7a6bf16ce10ad2afb809f1cb61d6541dae6b52
checkout=/home/sanjevi/fireside-phase3-full-gate-20260901T200051+0800-91e3c62
support=/home/sanjevi/fireside-phase3-full-gate-20260901T200051+0800-91e3c62-support
evidence=/home/sanjevi/fireside-phase3-full-gate-20260901T200051+0800-91e3c62/conformance/reports/phase-3-metrics/full-gate-20260901T200051+0800-91e3c62
report=/home/sanjevi/fireside-phase3-full-gate-20260901T200051+0800-91e3c62/conformance/reports/phase-3-gate.md
gate_log=/home/sanjevi/fireside-phase3-full-gate-20260901T200051+0800-91e3c62.log
exit_marker=/home/sanjevi/fireside-phase3-full-gate-20260901T200051+0800-91e3c62.exit
session=fireside-phase3-full-gate-91e3c62
system_state=running
ssh_state=active
failed_units=0
oom_events=0
conflicting_processes=0
listeners_8080=0
swap_samples=7839/202231,7839/202231,7839/202231
NAME                             TYPE        SIZE      USED PRIO
/swap.img                        file  4294963200 355536896   -1
/srv/dev-fast/.swap/devhost.swap file 17179865088 354349056   -1
toolchains_begin
openjdk 26.0.2.1 2026-08-18
OpenJDK Runtime Environment (build 26.0.2.1+1-7)
OpenJDK 64-Bit Server VM (build 26.0.2.1+1-7, mixed mode, sharing)
v24.20.0
12.0.2
rustc 1.98.0 (88d9e12ae 2026-08-18)
cargo 1.98.0 (797e8a9bc 2026-08-05)
toolchains_end
java_jar_sha256=9b6498b7f62714d67f48f59b3818883cd682dbcd46b9f59511de81c97bb5166c
Cloning into '/home/sanjevi/fireside-phase3-full-gate-20260901T200051+0800-91e3c62'...
HEAD is now at 91e3c62 fix(rules): enforce transitive gate toolchain
observed_phase3_manifest_sha256=5b8547cb0cf7697df6fb98c29b05ccaf412b93c259c22127bd9050d8c495fcc2
observed_phase2_manifest_sha256=cc54265ceaf9028f85418424f7275ac1a05f98886174bf2e4e869df6ae741b38
observed_fixture_sums_sha256=fa73f7efa39b95784a78324a4b7a6bf16ce10ad2afb809f1cb61d6541dae6b52
README.md: OK
complex-firestore.rules: OK
complex-rules-cases.json: OK
java-access-accounting.json: OK
java-get-after.json: OK
java-runtime-errors.json: OK
production-expression-corpus.json: OK
production-language-contract.json: OK
production-limit-probes.json: OK
production-parse-errors.json: OK
npm warn deprecated node-domexception@1.0.0: Use your platform's native DOMException instead
npm warn deprecated json-ptr@3.1.1: Package no longer supported. Contact Support at https://www.npmjs.com/support for more info.
npm warn deprecated uuid@9.0.1: uuid@10 and below is no longer supported.  For ESM codebases, update to uuid@latest.  For CommonJS codebases, use uuid@11 (but be aware this version will likely be deprecated in 2028).
npm warn deprecated glob@10.5.0: Old versions of glob are not supported, and contain widely publicized security vulnerabilities, which have been fixed in the current version. Please update. Support for old versions may be purchased (at exorbitant rates) by contacting i@izs.me

added 742 packages, and audited 743 packages in 8s

96 packages are looking for funding
  run `npm fund` for details

5 moderate severity vulnerabilities

To address all issues (including breaking changes), run:
  npm audit fix --force

Run `npm audit` for details.
npm warn install-scripts 1 package had install scripts blocked because they are not covered by allowScripts:
npm warn install-scripts   @firebase/util@1.15.3 (postinstall: node ./postinstall.js)
npm warn install-scripts
npm warn install-scripts Run `npm install-scripts ls` to review, or `npm install-scripts approve <pkg>` to allow.
Cloning into '/home/sanjevi/fireside-phase3-full-gate-20260901T200051+0800-91e3c62-support/firebase-js-sdk'...
HEAD is now at 6cde0c023 Version Packages (#10316)

added 1 package in 561ms
yarn install v1.22.22
[1/5] Validating package.json...
[2/5] Resolving packages...
[3/5] Fetching packages...
[4/5] Linking dependencies...
warning " > protobufjs-cli@1.2.1" has unmet peer dependency "protobufjs@^7.0.0".
warning " > tsec@0.2.8" has unmet peer dependency "@bazel/bazelisk@>=1.7.5".
warning " > tsec@0.2.8" has unmet peer dependency "@bazel/concatjs@>=5.3.0".
warning "workspace-aggregator-0af63378-190f-4b2c-97cb-3ec794617b0e > @firebase/analytics > rollup-plugin-dts@5.3.1" has incorrect peer dependency "rollup@^3.0".
warning "workspace-aggregator-0af63378-190f-4b2c-97cb-3ec794617b0e > @firebase/analytics > @rollup/plugin-commonjs@21.1.0" has incorrect peer dependency "rollup@^2.38.3".
warning "workspace-aggregator-0af63378-190f-4b2c-97cb-3ec794617b0e > firebase > rollup-plugin-uglify@6.0.4" has incorrect peer dependency "rollup@>=0.66.0 <2".
warning "workspace-aggregator-0af63378-190f-4b2c-97cb-3ec794617b0e > firebase-size-analysis > memfs@4.57.2" has unmet peer dependency "tslib@2".
warning "workspace-aggregator-0af63378-190f-4b2c-97cb-3ec794617b0e > @firebase/analytics > @rollup/plugin-commonjs > @rollup/pluginutils@3.1.0" has incorrect peer dependency "rollup@^1.20.0||^2.0.0".
warning Workspaces can only be enabled in private projects.
warning Workspaces can only be enabled in private projects.
warning Workspaces can only be enabled in private projects.
[5/5] Building fresh packages...
warning Error running install script for optional dependency: "/home/sanjevi/fireside-phase3-full-gate-20260901T200051+0800-91e3c62-support/firebase-js-sdk/node_modules/re2: Command failed.
Exit code: 1
Command: install-from-cache --artifact build/Release/re2.node --host-var RE2_DOWNLOAD_MIRROR --skip-path-var RE2_DOWNLOAD_SKIP_PATH --skip-ver-var RE2_DOWNLOAD_SKIP_VER || node-gyp -j max rebuild
Arguments: 
Directory: /home/sanjevi/fireside-phase3-full-gate-20260901T200051+0800-91e3c62-support/firebase-js-sdk/node_modules/re2
Output:
Trying https://github.com/uhop/node-re2/releases/download/1.21.4/linux-x64-137.br ...
Trying https://github.com/uhop/node-re2/releases/download/1.21.4/linux-x64-137.gz ...
Building locally ...
npm warn Unknown env config \"version-commit-hooks\". This will error in a future major version of npm. See `npm help npmrc` for supported config options.
npm warn Unknown env config \"version-tag-prefix\". This will error in a future major version of npm. See `npm help npmrc` for supported config options.
npm warn Unknown env config \"version-git-message\". This will error in a future major version of npm. See `npm help npmrc` for supported config options.
npm warn Unknown env config \"argv\". This will error in a future major version of npm. See `npm help npmrc` for supported config options.
npm warn Unknown env config \"version-git-tag\". This will error in a future major version of npm. See `npm help npmrc` for supported config options.
npm notice run re2@1.21.4 rebuild
npm notice run node-gyp -j max rebuild
gyp info it worked if it ends with ok
gyp info using node-gyp@10.3.1
gyp info using node@24.20.0 | linux | x64
gyp info find Python using Python version 3.14.4 found at \"/usr/bin/python3\"

gyp info spawn /usr/bin/python3
gyp info spawn args [
gyp info spawn args '/home/sanjevi/fireside-phase3-full-gate-20260901T200051+0800-91e3c62-support/firebase-js-sdk/node_modules/re2/node_modules/node-gyp/gyp/gyp_main.py',
gyp info spawn args 'binding.gyp',
gyp info spawn args '-f',
gyp info spawn args 'make',
gyp info spawn args '-I',
gyp info spawn args '/home/sanjevi/fireside-phase3-full-gate-20260901T200051+0800-91e3c62-support/firebase-js-sdk/node_modules/re2/build/config.gypi',
gyp info spawn args '-I',
gyp info spawn args '/home/sanjevi/fireside-phase3-full-gate-20260901T200051+0800-91e3c62-support/firebase-js-sdk/node_modules/re2/node_modules/node-gyp/addon.gypi',
gyp info spawn args '-I',
gyp info spawn args '/home/sanjevi/.cache/node-gyp/24.20.0/include/node/common.gypi',
gyp info spawn args '-Dlibrary=shared_library',
gyp info spawn args '-Dvisibility=default',
gyp info spawn args '-Dnode_root_dir=/home/sanjevi/.cache/node-gyp/24.20.0',
gyp info spawn args '-Dnode_gyp_dir=/home/sanjevi/fireside-phase3-full-gate-20260901T200051+0800-91e3c62-support/firebase-js-sdk/node_modules/re2/node_modules/node-gyp',
gyp info spawn args '-Dnode_lib_file=/home/sanjevi/.cache/node-gyp/24.20.0/<(target_arch)/node.lib',
gyp info spawn args '-Dmodule_root_dir=/home/sanjevi/fireside-phase3-full-gate-20260901T200051+0800-91e3c62-support/firebase-js-sdk/node_modules/re2',
gyp info spawn args '-Dnode_engine=v8',
gyp info spawn args '--depth=.',
gyp info spawn args '--no-parallel',
gyp info spawn args '--generator-output',
gyp info spawn args 'build',
gyp info spawn args '-Goutput_dir=.'
gyp info spawn args ]
gyp info spawn make
gyp info spawn args [ 'BUILDTYPE=Release', '-C', 'build', '--jobs', 12 ]
make: Entering directory '/home/sanjevi/fireside-phase3-full-gate-20260901T200051+0800-91e3c62-support/firebase-js-sdk/node_modules/re2/build'
  CXX(target) Release/obj.target/re2/lib/addon.o
  CXX(target) Release/obj.target/re2/lib/util.o
  CXX(target) Release/obj.target/re2/lib/new.o
  CXX(target) Release/obj.target/re2/lib/accessors.o
  CXX(target) Release/obj.target/re2/lib/exec.o
  CXX(target) Release/obj.target/re2/lib/match.o
  CXX(target) Release/obj.target/re2/lib/test.o
  CXX(target) Release/obj.target/re2/lib/replace.o
  CXX(target) Release/obj.target/re2/lib/search.o
  CXX(target) Release/obj.target/re2/lib/to_string.o
  CXX(target) Release/obj.target/re2/lib/split.o
  CXX(target) Release/obj.target/re2/vendor/re2/re2/bitmap256.o
In file included from ../lib/./wrapped_re2.h:4,
                 from ../lib/replace.cc:1:
../../nan/nan.h: In constructor ‘Nan::Utf8String::Utf8String(v8::Local<v8::Value>)’:
../../nan/nan.h:1173:36: warning: ‘int v8::String::WriteUtf8(v8::Isolate*, char*, int, int*, int) const’ is deprecated: Use WriteUtf8V2 instead. [-Wdeprecated-declarations]
 1173 |         length_ = string->WriteUtf8(v8::Isolate::GetCurrent(), str_,
      |                   ~~~~~~~~~~~~~~~~~^~~~~~~~~~~~~~~~~~~~~~~~~~~~~~~~~
 1174 |                                     static_cast<int>(len), 0, flags);
      |                                     ~~~~~~~~~~~~~~~~~~~~~~~~~~~~~~~~
In file included from /home/sanjevi/.cache/node-gyp/24.20.0/include/node/v8-object.h:12,
                 from /home/sanjevi/.cache/node-gyp/24.20.0/include/node/v8-array-buffer.h:14,
                 from /home/sanjevi/.cache/node-gyp/24.20.0/include/node/v8.h:24,
                 from /home/sanjevi/.cache/node-gyp/24.20.0/include/node/node.h:74,
                 from ../../nan/nan.h:62:
/home/sanjevi/.cache/node-gyp/24.20.0/include/node/v8-primitive.h:212:7: note: declared here
  212 |   int WriteUtf8(Isolate* isolate, char* buffer, int length = -1,
      |       ^~~~~~~~~
../../nan/nan.h: In function ‘v8::Local<v8::Value> Nan::Encode(const void*, size_t, Encoding)’:
../../nan/nan.h:2418:24: warning: ‘v8::Local<v8::Value> node::Encode(v8::Isolate*, const uint16_t*, size_t)’ is deprecated: Use TryEncode(...) instead [-Wdeprecated-declarations]
 2418 |     return node::Encode(
      |            ~~~~~~~~~~~~^
 2419 |         isolate
      |         ~~~~~~~         
 2420 |       , reinterpret_cast<const uint16_t *>(buf)
      |       ~~~~~~~~~~~~~~~~~~~~~~~~~~~~~~~~~~~~~~~~~
 2421 |       , len / 2);
      |       ~~~~~~~~~~        
/home/sanjevi/.cache/node-gyp/24.20.0/include/node/node.h:1274:50: note: declared here
 1274 |                 NODE_EXTERN v8::Local<v8::Value> Encode(v8::Isolate* isolate,
      |                                                  ^~~~~~
/home/sanjevi/.cache/node-gyp/24.20.0/include/node/node.h:114:70: note: in definition of macro ‘NODE_DEPRECATED’
  114 | #define NODE_DEPRECATED(message, declarator) [[deprecated(message)]] declarator
      |                                                                      ^~~~~~~~~~
../../nan/nan.h:2423:24: warning: ‘v8::Local<v8::Value> node::Encode(v8::Isolate*, const char*, size_t, encoding)’ is deprecated: Use TryEncode(...) instead [-Wdeprecated-declarations]
 2423 |     return node::Encode(
      |            ~~~~~~~~~~~~^
 2424 |         isolate
      |         ~~~~~~~         
 2425 |       , reinterpret_cast<const char *>(buf)
      |       ~~~~~~~~~~~~~~~~~~~~~~~~~~~~~~~~~~~~~
 2426 |       , len
      |       ~~~~~             
 2427 |       , node_enc);
      |       ~~~~~~~~~~~       
/home/sanjevi/.cache/node-gyp/24.20.0/include/node/node.h:1266:38: note: declared here
 1266 |     NODE_EXTERN v8::Local<v8::Value> Encode(v8::Isolate* isolate,
      |                                      ^~~~~~
/home/sanjevi/.cache/node-gyp/24.20.0/include/node/node.h:114:70: note: in definition of macro ‘NODE_DEPRECATED’
  114 | #define NODE_DEPRECATED(message, declarator) [[deprecated(message)]] declarator
      |                                                                      ^~~~~~~~~~
In file included from ../lib/./wrapped_re2.h:4,
                 from ../lib/exec.cc:1:
../../nan/nan.h: In constructor ‘Nan::Utf8String::Utf8String(v8::Local<v8::Value>)’:
../../nan/nan.h:1173:36: warning: ‘int v8::String::WriteUtf8(v8::Isolate*, char*, int, int*, int) const’ is deprecated: Use WriteUtf8V2 instead. [-Wdeprecated-declarations]
 1173 |         length_ = string->WriteUtf8(v8::Isolate::GetCurrent(), str_,
      |                   ~~~~~~~~~~~~~~~~~^~~~~~~~~~~~~~~~~~~~~~~~~~~~~~~~~
 1174 |                                     static_cast<int>(len), 0, flags);
      |                                     ~~~~~~~~~~~~~~~~~~~~~~~~~~~~~~~~
In file included from /home/sanjevi/.cache/node-gyp/24.20.0/include/node/v8-object.h:12,
                 from /home/sanjevi/.cache/node-gyp/24.20.0/include/node/v8-array-buffer.h:14,
                 from /home/sanjevi/.cache/node-gyp/24.20.0/include/node/v8.h:24,
                 from /home/sanjevi/.cache/node-gyp/24.20.0/include/node/node.h:74,
                 from ../../nan/nan.h:62:
/home/sanjevi/.cache/node-gyp/24.20.0/include/node/v8-primitive.h:212:7: note: declared here
  212 |   int WriteUtf8(Isolate* isolate, char* buffer, int length = -1,
      |       ^~~~~~~~~
../../nan/nan.h: In function ‘v8::Local<v8::Value> Nan::Encode(const void*, size_t, Encoding)’:
../../nan/nan.h:2418:24: warning: ‘v8::Local<v8::Value> node::Encode(v8::Isolate*, const uint16_t*, size_t)’ is deprecated: Use TryEncode(...) instead [-Wdeprecated-declarations]
 2418 |     return node::Encode(
      |            ~~~~~~~~~~~~^
 2419 |         isolate
      |         ~~~~~~~         
 2420 |       , reinterpret_cast<const uint16_t *>(buf)
      |       ~~~~~~~~~~~~~~~~~~~~~~~~~~~~~~~~~~~~~~~~~
 2421 |       , len / 2);
      |       ~~~~~~~~~~        
/home/sanjevi/.cache/node-gyp/24.20.0/include/node/node.h:1274:50: note: declared here
 1274 |                 NODE_EXTERN v8::Local<v8::Value> Encode(v8::Isolate* isolate,
      |                                                  ^~~~~~
/home/sanjevi/.cache/node-gyp/24.20.0/include/node/node.h:114:70: note: in definition of macro ‘NODE_DEPRECATED’
  114 | #define NODE_DEPRECATED(message, declarator) [[deprecated(message)]] declarator
      |                                                                      ^~~~~~~~~~
In file included from ../lib/./wrapped_re2.h:4,
                 from ../lib/test.cc:1:
../../nan/nan.h: In constructor ‘Nan::Utf8String::Utf8String(v8::Local<v8::Value>)’:
../../nan/nan.h:1173:36: warning: ‘int v8::String::WriteUtf8(v8::Isolate*, char*, int, int*, int) const’ is deprecated: Use WriteUtf8V2 instead. [-Wdeprecated-declarations]
 1173 |         length_ = string->WriteUtf8(v8::Isolate::GetCurrent(), str_,
      |                   ~~~~~~~~~~~~~~~~~^~~~~~~~~~~~~~~~~~~~~~~~~~~~~~~~~
 1174 |                                     static_cast<int>(len), 0, flags);
      |                                     ~~~~~~~~~~~~~~~~~~~~~~~~~~~~~~~~
../../nan/nan.h:2423:24: warning: ‘v8::Local<v8::Value> node::Encode(v8::Isolate*, const char*, size_t, encoding)’ is deprecated: Use TryEncode(...) instead [-Wdeprecated-declarations]
 2423 |     return node::Encode(
      |            ~~~~~~~~~~~~^
 2424 |         isolate
      |         ~~~~~~~         
 2425 |       , reinterpret_cast<const char *>(buf)
      |       ~~~~~~~~~~~~~~~~~~~~~~~~~~~~~~~~~~~~~
 2426 |       , len
      |       ~~~~~             
 2427 |       , node_enc);
      |       ~~~~~~~~~~~       
In file included from /home/sanjevi/.cache/node-gyp/24.20.0/include/node/v8-object.h:12,
                 from /home/sanjevi/.cache/node-gyp/24.20.0/include/node/v8-array-buffer.h:14,
                 from /home/sanjevi/.cache/node-gyp/24.20.0/include/node/v8.h:24,
                 from /home/sanjevi/.cache/node-gyp/24.20.0/include/node/node.h:74,
                 from ../../nan/nan.h:62:
/home/sanjevi/.cache/node-gyp/24.20.0/include/node/v8-primitive.h:212:7: note: declared here
  212 |   int WriteUtf8(Isolate* isolate, char* buffer, int length = -1,
      |       ^~~~~~~~~
/home/sanjevi/.cache/node-gyp/24.20.0/include/node/node.h:1266:38: note: declared here
 1266 |     NODE_EXTERN v8::Local<v8::Value> Encode(v8::Isolate* isolate,
      |                                      ^~~~~~
/home/sanjevi/.cache/node-gyp/24.20.0/include/node/node.h:114:70: note: in definition of macro ‘NODE_DEPRECATED’
  114 | #define NODE_DEPRECATED(message, declarator) [[deprecated(message)]] declarator
      |                                                                      ^~~~~~~~~~
../../nan/nan.h: In function ‘v8::Local<v8::Value> Nan::Encode(const void*, size_t, Encoding)’:
../../nan/nan.h:2418:24: warning: ‘v8::Local<v8::Value> node::Encode(v8::Isolate*, const uint16_t*, size_t)’ is deprecated: Use TryEncode(...) instead [-Wdeprecated-declarations]
 2418 |     return node::Encode(
      |            ~~~~~~~~~~~~^
 2419 |         isolate
      |         ~~~~~~~         
 2420 |       , reinterpret_cast<const uint16_t *>(buf)
      |       ~~~~~~~~~~~~~~~~~~~~~~~~~~~~~~~~~~~~~~~~~
 2421 |       , len / 2);
      |       ~~~~~~~~~~        
/home/sanjevi/.cache/node-gyp/24.20.0/include/node/node.h:1274:50: note: declared here
 1274 |                 NODE_EXTERN v8::Local<v8::Value> Encode(v8::Isolate* isolate,
      |                                                  ^~~~~~
/home/sanjevi/.cache/node-gyp/24.20.0/include/node/node.h:114:70: note: in definition of macro ‘NODE_DEPRECATED’
  114 | #define NODE_DEPRECATED(message, declarator) [[deprecated(message)]] declarator
      |                                                                      ^~~~~~~~~~
../../nan/nan.h:2423:24: warning: ‘v8::Local<v8::Value> node::Encode(v8::Isolate*, const char*, size_t, encoding)’ is deprecated: Use TryEncode(...) instead [-Wdeprecated-declarations]
 2423 |     return node::Encode(
      |            ~~~~~~~~~~~~^
 2424 |         isolate
      |         ~~~~~~~         
 2425 |       , reinterpret_cast<const char *>(buf)
      |       ~~~~~~~~~~~~~~~~~~~~~~~~~~~~~~~~~~~~~
 2426 |       , len
      |       ~~~~~             
 2427 |       , node_enc);
      |       ~~~~~~~~~~~       
/home/sanjevi/.cache/node-gyp/24.20.0/include/node/node.h:1266:38: note: declared here
 1266 |     NODE_EXTERN v8::Local<v8::Value> Encode(v8::Isolate* isolate,
      |                                      ^~~~~~
/home/sanjevi/.cache/node-gyp/24.20.0/include/node/node.h:114:70: note: in definition of macro ‘NODE_DEPRECATED’
  114 | #define NODE_DEPRECATED(message, declarator) [[deprecated(message)]] declarator
      |                                                                      ^~~~~~~~~~
In file included from ../../nan/nan.h:3045:
../../nan/nan_scriptorigin.h: In constructor ‘Nan::ScriptOrigin::ScriptOrigin(v8::Local<v8::Value>)’:
../../nan/nan_scriptorigin.h:36:55: error: no matching function for call to ‘v8::ScriptOrigin::ScriptOrigin(v8::Isolate*, v8::Local<v8::Value>&)’
   36 |       v8::ScriptOrigin(v8::Isolate::GetCurrent(), name) {}
      |                                                       ^
../../nan/nan_scriptorigin.h:36:55: note: there are 3 candidates
In file included from /home/sanjevi/.cache/node-gyp/24.20.0/include/node/v8-script.h:20,
                 from /home/sanjevi/.cache/node-gyp/24.20.0/include/node/v8-debug.h:10,
                 from /home/sanjevi/.cache/node-gyp/24.20.0/include/node/v8-isolate.h:19,
                 from /home/sanjevi/.cache/node-gyp/24.20.0/include/node/v8-snapshot.h:9,
                 from /home/sanjevi/.cache/node-gyp/24.20.0/include/node/v8-context.h:15,
                 from /home/sanjevi/.cache/node-gyp/24.20.0/include/node/v8.h:26:
/home/sanjevi/.cache/node-gyp/24.20.0/include/node/v8-message.h:65:13: note: candidate 1: ‘v8::ScriptOrigin::ScriptOrigin(v8::Local<v8::Value>, int, int, bool, int, v8::Local<v8::Value>, bool, bool, bool, v8::Local<v8::Data>)’
   65 |   V8_INLINE ScriptOrigin(Local<Value> resource_name,
      |             ^~~~~~~~~~~~
/home/sanjevi/.cache/node-gyp/24.20.0/include/node/v8-message.h:65:39: note: no known conversion for argument 1 from ‘v8::Isolate*’ to ‘v8::Local<v8::Value>’
   65 |   V8_INLINE ScriptOrigin(Local<Value> resource_name,
      |                          ~~~~~~~~~~~~~^~~~~~~~~~~~~
/home/sanjevi/.cache/node-gyp/24.20.0/include/node/v8-message.h:63:17: note: candidate 2: ‘constexpr v8::ScriptOrigin::ScriptOrigin(const v8::ScriptOrigin&)’
   63 | class V8_EXPORT ScriptOrigin {
      |                 ^~~~~~~~~~~~
/home/sanjevi/.cache/node-gyp/24.20.0/include/node/v8-message.h:63:17: note: candidate expects 1 argument, 2 provided
/home/sanjevi/.cache/node-gyp/24.20.0/include/node/v8-message.h:63:17: note: candidate 3: ‘constexpr v8::ScriptOrigin::ScriptOrigin(v8::ScriptOrigin&&)’
/home/sanjevi/.cache/node-gyp/24.20.0/include/node/v8-message.h:63:17: note: candidate expects 1 argument, 2 provided
../../nan/nan_scriptorigin.h: In constructor ‘Nan::ScriptOrigin::ScriptOrigin(v8::Local<v8::Value>, v8::Local<v8::Integer>)’:
../../nan/nan_scriptorigin.h:42:52: error: no matching function for call to ‘v8::ScriptOrigin::ScriptOrigin(v8::Isolate*, v8::Local<v8::Value>&, int)’
   42 |                    , To<int32_t>(line).FromMaybe(0)) {}
      |                                                    ^
../../nan/nan_scriptorigin.h:42:52: note: there are 3 candidates
/home/sanjevi/.cache/node-gyp/24.20.0/include/node/v8-message.h:65:13: note: candidate 1: ‘v8::ScriptOrigin::ScriptOrigin(v8::Local<v8::Value>, int, int, bool, int, v8::Local<v8::Value>, bool, bool, bool, v8::Local<v8::Data>)’
   65 |   V8_INLINE ScriptOrigin(Local<Value> resource_name,
      |             ^~~~~~~~~~~~
/home/sanjevi/.cache/node-gyp/24.20.0/include/node/v8-message.h:65:39: note: no known conversion for argument 1 from ‘v8::Isolate*’ to ‘v8::Local<v8::Value>’
   65 |   V8_INLINE ScriptOrigin(Local<Value> resource_name,
      |                          ~~~~~~~~~~~~~^~~~~~~~~~~~~
/home/sanjevi/.cache/node-gyp/24.20.0/include/node/v8-message.h:63:17: note: candidate 2: ‘constexpr v8::ScriptOrigin::ScriptOrigin(const v8::ScriptOrigin&)’
   63 | class V8_EXPORT ScriptOrigin {
      |                 ^~~~~~~~~~~~
/home/sanjevi/.cache/node-gyp/24.20.0/include/node/v8-message.h:63:17: note: candidate expects 1 argument, 3 provided
/home/sanjevi/.cache/node-gyp/24.20.0/include/node/v8-message.h:63:17: note: candidate 3: ‘constexpr v8::ScriptOrigin::ScriptOrigin(v8::ScriptOrigin&&)’
/home/sanjevi/.cache/node-gyp/24.20.0/include/node/v8-message.h:63:17: note: candidate expects 1 argument, 3 provided
../../nan/nan_scriptorigin.h: In constructor ‘Nan::ScriptOrigin::ScriptOrigin(v8::Local<v8::Value>, v8::Local<v8::Integer>, v8::Local<v8::Integer>)’:
../../nan/nan_scriptorigin.h:50:54: error: no matching function for call to ‘v8::ScriptOrigin::ScriptOrigin(v8::Isolate*, v8::Local<v8::Value>&, int, int)’
   50 |                    , To<int32_t>(column).FromMaybe(0)) {}
      |                                                      ^
../../nan/nan_scriptorigin.h:50:54: note: there are 3 candidates
/home/sanjevi/.cache/node-gyp/24.20.0/include/node/v8-message.h:65:13: note: candidate 1: ‘v8::ScriptOrigin::ScriptOrigin(v8::Local<v8::Value>, int, int, bool, int, v8::Local<v8::Value>, bool, bool, bool, v8::Local<v8::Data>)’
   65 |   V8_INLINE ScriptOrigin(Local<Value> resource_name,
      |             ^~~~~~~~~~~~
/home/sanjevi/.cache/node-gyp/24.20.0/include/node/v8-message.h:65:39: note: no known conversion for argument 1 from ‘v8::Isolate*’ to ‘v8::Local<v8::Value>’
   65 |   V8_INLINE ScriptOrigin(Local<Value> resource_name,
      |                          ~~~~~~~~~~~~~^~~~~~~~~~~~~
/home/sanjevi/.cache/node-gyp/24.20.0/include/node/v8-message.h:63:17: note: candidate 2: ‘constexpr v8::ScriptOrigin::ScriptOrigin(const v8::ScriptOrigin&)’
   63 | class V8_EXPORT ScriptOrigin {
      |                 ^~~~~~~~~~~~
/home/sanjevi/.cache/node-gyp/24.20.0/include/node/v8-message.h:63:17: note: candidate expects 1 argument, 4 provided
/home/sanjevi/.cache/node-gyp/24.20.0/include/node/v8-message.h:63:17: note: candidate 3: ‘constexpr v8::ScriptOrigin::ScriptOrigin(v8::ScriptOrigin&&)’
/home/sanjevi/.cache/node-gyp/24.20.0/include/node/v8-message.h:63:17: note: candidate expects 1 argument, 4 provided
In file included from ../lib/./wrapped_re2.h:4,
                 from ../lib/new.cc:1:
../../nan/nan.h: In constructor ‘Nan::Utf8String::Utf8String(v8::Local<v8::Value>)’:
../../nan/nan.h:1173:36: warning: ‘int v8::String::WriteUtf8(v8::Isolate*, char*, int, int*, int) const’ is deprecated: Use WriteUtf8V2 instead. [-Wdeprecated-declarations]
 1173 |         length_ = string->WriteUtf8(v8::Isolate::GetCurrent(), str_,
      |                   ~~~~~~~~~~~~~~~~~^~~~~~~~~~~~~~~~~~~~~~~~~~~~~~~~~
 1174 |                                     static_cast<int>(len), 0, flags);
      |                                     ~~~~~~~~~~~~~~~~~~~~~~~~~~~~~~~~
In file included from ../../nan/nan.h:3045:
../../nan/nan_scriptorigin.h: In constructor ‘Nan::ScriptOrigin::ScriptOrigin(v8::Local<v8::Value>)’:
../../nan/nan_scriptorigin.h:36:55: error: no matching function for call to ‘v8::ScriptOrigin::ScriptOrigin(v8::Isolate*, v8::Local<v8::Value>&)’
   36 |       v8::ScriptOrigin(v8::Isolate::GetCurrent(), name) {}
      |                                                       ^
../../nan/nan_scriptorigin.h:36:55: note: there are 3 candidates
In file included from /home/sanjevi/.cache/node-gyp/24.20.0/include/node/v8-script.h:20,
                 from /home/sanjevi/.cache/node-gyp/24.20.0/include/node/v8-debug.h:10,
                 from /home/sanjevi/.cache/node-gyp/24.20.0/include/node/v8-isolate.h:19,
                 from /home/sanjevi/.cache/node-gyp/24.20.0/include/node/v8-snapshot.h:9,
                 from /home/sanjevi/.cache/node-gyp/24.20.0/include/node/v8-context.h:15,
                 from /home/sanjevi/.cache/node-gyp/24.20.0/include/node/v8.h:26:
/home/sanjevi/.cache/node-gyp/24.20.0/include/node/v8-message.h:65:13: note: candidate 1: ‘v8::ScriptOrigin::ScriptOrigin(v8::Local<v8::Value>, int, int, bool, int, v8::Local<v8::Value>, bool, bool, bool, v8::Local<v8::Data>)’
   65 |   V8_INLINE ScriptOrigin(Local<Value> resource_name,
      |             ^~~~~~~~~~~~
/home/sanjevi/.cache/node-gyp/24.20.0/include/node/v8-message.h:65:39: note: no known conversion for argument 1 from ‘v8::Isolate*’ to ‘v8::Local<v8::Value>’
   65 |   V8_INLINE ScriptOrigin(Local<Value> resource_name,
      |                          ~~~~~~~~~~~~~^~~~~~~~~~~~~
/home/sanjevi/.cache/node-gyp/24.20.0/include/node/v8-message.h:63:17: note: candidate 2: ‘constexpr v8::ScriptOrigin::ScriptOrigin(const v8::ScriptOrigin&)’
   63 | class V8_EXPORT ScriptOrigin {
      |                 ^~~~~~~~~~~~
/home/sanjevi/.cache/node-gyp/24.20.0/include/node/v8-message.h:63:17: note: candidate expects 1 argument, 2 provided
/home/sanjevi/.cache/node-gyp/24.20.0/include/node/v8-message.h:63:17: note: candidate 3: ‘constexpr v8::ScriptOrigin::ScriptOrigin(v8::ScriptOrigin&&)’
/home/sanjevi/.cache/node-gyp/24.20.0/include/node/v8-message.h:63:17: note: candidate expects 1 argument, 2 provided
In file included from /home/sanjevi/.cache/node-gyp/24.20.0/include/node/v8-object.h:12,
                 from /home/sanjevi/.cache/node-gyp/24.20.0/include/node/v8-array-buffer.h:14,
                 from /home/sanjevi/.cache/node-gyp/24.20.0/include/node/v8.h:24,
                 from /home/sanjevi/.cache/node-gyp/24.20.0/include/node/node.h:74,
                 from ../../nan/nan.h:62:
/home/sanjevi/.cache/node-gyp/24.20.0/include/node/v8-primitive.h:212:7: note: declared here
  212 |   int WriteUtf8(Isolate* isolate, char* buffer, int length = -1,
      |       ^~~~~~~~~
../../nan/nan_scriptorigin.h: In constructor ‘Nan::ScriptOrigin::ScriptOrigin(v8::Local<v8::Value>, v8::Local<v8::Integer>)’:
../../nan/nan_scriptorigin.h:42:52: error: no matching function for call to ‘v8::ScriptOrigin::ScriptOrigin(v8::Isolate*, v8::Local<v8::Value>&, int)’
   42 |                    , To<int32_t>(line).FromMaybe(0)) {}
      |                                                    ^
../../nan/nan_scriptorigin.h:42:52: note: there are 3 candidates
/home/sanjevi/.cache/node-gyp/24.20.0/include/node/v8-message.h:65:13: note: candidate 1: ‘v8::ScriptOrigin::ScriptOrigin(v8::Local<v8::Value>, int, int, bool, int, v8::Local<v8::Value>, bool, bool, bool, v8::Local<v8::Data>)’
   65 |   V8_INLINE ScriptOrigin(Local<Value> resource_name,
      |             ^~~~~~~~~~~~
/home/sanjevi/.cache/node-gyp/24.20.0/include/node/v8-message.h:65:39: note: no known conversion for argument 1 from ‘v8::Isolate*’ to ‘v8::Local<v8::Value>’
   65 |   V8_INLINE ScriptOrigin(Local<Value> resource_name,
      |                          ~~~~~~~~~~~~~^~~~~~~~~~~~~
/home/sanjevi/.cache/node-gyp/24.20.0/include/node/v8-message.h:63:17: note: candidate 2: ‘constexpr v8::ScriptOrigin::ScriptOrigin(const v8::ScriptOrigin&)’
   63 | class V8_EXPORT ScriptOrigin {
      |                 ^~~~~~~~~~~~
/home/sanjevi/.cache/node-gyp/24.20.0/include/node/v8-message.h:63:17: note: candidate expects 1 argument, 3 provided
/home/sanjevi/.cache/node-gyp/24.20.0/include/node/v8-message.h:63:17: note: candidate 3: ‘constexpr v8::ScriptOrigin::ScriptOrigin(v8::ScriptOrigin&&)’
/home/sanjevi/.cache/node-gyp/24.20.0/include/node/v8-message.h:63:17: note: candidate expects 1 argument, 3 provided
../../nan/nan_scriptorigin.h: In constructor ‘Nan::ScriptOrigin::ScriptOrigin(v8::Local<v8::Value>, v8::Local<v8::Integer>, v8::Local<v8::Integer>)’:
../../nan/nan_scriptorigin.h:50:54: error: no matching function for call to ‘v8::ScriptOrigin::ScriptOrigin(v8::Isolate*, v8::Local<v8::Value>&, int, int)’
   50 |                    , To<int32_t>(column).FromMaybe(0)) {}
      |                                                      ^
../../nan/nan_scriptorigin.h:50:54: note: there are 3 candidates
/home/sanjevi/.cache/node-gyp/24.20.0/include/node/v8-message.h:65:13: note: candidate 1: ‘v8::ScriptOrigin::ScriptOrigin(v8::Local<v8::Value>, int, int, bool, int, v8::Local<v8::Value>, bool, bool, bool, v8::Local<v8::Data>)’
   65 |   V8_INLINE ScriptOrigin(Local<Value> resource_name,
      |             ^~~~~~~~~~~~
/home/sanjevi/.cache/node-gyp/24.20.0/include/node/v8-message.h:65:39: note: no known conversion for argument 1 from ‘v8::Isolate*’ to ‘v8::Local<v8::Value>’
   65 |   V8_INLINE ScriptOrigin(Local<Value> resource_name,
      |                          ~~~~~~~~~~~~~^~~~~~~~~~~~~
/home/sanjevi/.cache/node-gyp/24.20.0/include/node/v8-message.h:63:17: note: candidate 2: ‘constexpr v8::ScriptOrigin::ScriptOrigin(const v8::ScriptOrigin&)’
   63 | class V8_EXPORT ScriptOrigin {
      |                 ^~~~~~~~~~~~
/home/sanjevi/.cache/node-gyp/24.20.0/include/node/v8-message.h:63:17: note: candidate expects 1 argument, 4 provided
/home/sanjevi/.cache/node-gyp/24.20.0/include/node/v8-message.h:63:17: note: candidate 3: ‘constexpr v8::ScriptOrigin::ScriptOrigin(v8::ScriptOrigin&&)’
/home/sanjevi/.cache/node-gyp/24.20.0/include/node/v8-message.h:63:17: note: candidate expects 1 argument, 4 provided
In file included from ../../nan/nan.h:3045:
../../nan/nan_scriptorigin.h: In constructor ‘Nan::ScriptOrigin::ScriptOrigin(v8::Local<v8::Value>)’:
../../nan/nan_scriptorigin.h:36:55: error: no matching function for call to ‘v8::ScriptOrigin::ScriptOrigin(v8::Isolate*, v8::Local<v8::Value>&)’
   36 |       v8::ScriptOrigin(v8::Isolate::GetCurrent(), name) {}
      |                                                       ^
../../nan/nan_scriptorigin.h:36:55: note: there are 3 candidates
In file included from /home/sanjevi/.cache/node-gyp/24.20.0/include/node/v8-script.h:20,
                 from /home/sanjevi/.cache/node-gyp/24.20.0/include/node/v8-debug.h:10,
                 from /home/sanjevi/.cache/node-gyp/24.20.0/include/node/v8-isolate.h:19,
                 from /home/sanjevi/.cache/node-gyp/24.20.0/include/node/v8-snapshot.h:9,
                 from /home/sanjevi/.cache/node-gyp/24.20.0/include/node/v8-context.h:15,
                 from /home/sanjevi/.cache/node-gyp/24.20.0/include/node/v8.h:26:
/home/sanjevi/.cache/node-gyp/24.20.0/include/node/v8-message.h:65:13: note: candidate 1: ‘v8::ScriptOrigin::ScriptOrigin(v8::Local<v8::Value>, int, int, bool, int, v8::Local<v8::Value>, bool, bool, bool, v8::Local<v8::Data>)’
   65 |   V8_INLINE ScriptOrigin(Local<Value> resource_name,
      |             ^~~~~~~~~~~~
/home/sanjevi/.cache/node-gyp/24.20.0/include/node/v8-message.h:65:39: note: no known conversion for argument 1 from ‘v8::Isolate*’ to ‘v8::Local<v8::Value>’
   65 |   V8_INLINE ScriptOrigin(Local<Value> resource_name,
      |                          ~~~~~~~~~~~~~^~~~~~~~~~~~~
/home/sanjevi/.cache/node-gyp/24.20.0/include/node/v8-message.h:63:17: note: candidate 2: ‘constexpr v8::ScriptOrigin::ScriptOrigin(const v8::ScriptOrigin&)’
   63 | class V8_EXPORT ScriptOrigin {
      |                 ^~~~~~~~~~~~
/home/sanjevi/.cache/node-gyp/24.20.0/include/node/v8-message.h:63:17: note: candidate expects 1 argument, 2 provided
/home/sanjevi/.cache/node-gyp/24.20.0/include/node/v8-message.h:63:17: note: candidate 3: ‘constexpr v8::ScriptOrigin::ScriptOrigin(v8::ScriptOrigin&&)’
/home/sanjevi/.cache/node-gyp/24.20.0/include/node/v8-message.h:63:17: note: candidate expects 1 argument, 2 provided
../../nan/nan_scriptorigin.h: In constructor ‘Nan::ScriptOrigin::ScriptOrigin(v8::Local<v8::Value>, v8::Local<v8::Integer>)’:
../../nan/nan_scriptorigin.h:42:52: error: no matching function for call to ‘v8::ScriptOrigin::ScriptOrigin(v8::Isolate*, v8::Local<v8::Value>&, int)’
   42 |                    , To<int32_t>(line).FromMaybe(0)) {}
      |                                                    ^
../../nan/nan_scriptorigin.h:42:52: note: there are 3 candidates
/home/sanjevi/.cache/node-gyp/24.20.0/include/node/v8-message.h:65:13: note: candidate 1: ‘v8::ScriptOrigin::ScriptOrigin(v8::Local<v8::Value>, int, int, bool, int, v8::Local<v8::Value>, bool, bool, bool, v8::Local<v8::Data>)’
   65 |   V8_INLINE ScriptOrigin(Local<Value> resource_name,
      |             ^~~~~~~~~~~~
/home/sanjevi/.cache/node-gyp/24.20.0/include/node/v8-message.h:65:39: note: no known conversion for argument 1 from ‘v8::Isolate*’ to ‘v8::Local<v8::Value>’
   65 |   V8_INLINE ScriptOrigin(Local<Value> resource_name,
      |                          ~~~~~~~~~~~~~^~~~~~~~~~~~~
/home/sanjevi/.cache/node-gyp/24.20.0/include/node/v8-message.h:63:17: note: candidate 2: ‘constexpr v8::ScriptOrigin::ScriptOrigin(const v8::ScriptOrigin&)’
   63 | class V8_EXPORT ScriptOrigin {
      |                 ^~~~~~~~~~~~
/home/sanjevi/.cache/node-gyp/24.20.0/include/node/v8-message.h:63:17: note: candidate expects 1 argument, 3 provided
/home/sanjevi/.cache/node-gyp/24.20.0/include/node/v8-message.h:63:17: note: candidate 3: ‘constexpr v8::ScriptOrigin::ScriptOrigin(v8::ScriptOrigin&&)’
/home/sanjevi/.cache/node-gyp/24.20.0/include/node/v8-message.h:63:17: note: candidate expects 1 argument, 3 provided
../../nan/nan_scriptorigin.h: In constructor ‘Nan::ScriptOrigin::ScriptOrigin(v8::Local<v8::Value>, v8::Local<v8::Integer>, v8::Local<v8::Integer>)’:
../../nan/nan_scriptorigin.h:50:54: error: no matching function for call to ‘v8::ScriptOrigin::ScriptOrigin(v8::Isolate*, v8::Local<v8::Value>&, int, int)’
   50 |                    , To<int32_t>(column).FromMaybe(0)) {}
      |                                                      ^
../../nan/nan_scriptorigin.h:50:54: note: there are 3 candidates
/home/sanjevi/.cache/node-gyp/24.20.0/include/node/v8-message.h:65:13: note: candidate 1: ‘v8::ScriptOrigin::ScriptOrigin(v8::Local<v8::Value>, int, int, bool, int, v8::Local<v8::Value>, bool, bool, bool, v8::Local<v8::Data>)’
   65 |   V8_INLINE ScriptOrigin(Local<Value> resource_name,
      |             ^~~~~~~~~~~~
/home/sanjevi/.cache/node-gyp/24.20.0/include/node/v8-message.h:65:39: note: no known conversion for argument 1 from ‘v8::Isolate*’ to ‘v8::Local<v8::Value>’
   65 |   V8_INLINE ScriptOrigin(Local<Value> resource_name,
      |                          ~~~~~~~~~~~~~^~~~~~~~~~~~~
/home/sanjevi/.cache/node-gyp/24.20.0/include/node/v8-message.h:63:17: note: candidate 2: ‘constexpr v8::ScriptOrigin::ScriptOrigin(const v8::ScriptOrigin&)’
   63 | class V8_EXPORT ScriptOrigin {
      |                 ^~~~~~~~~~~~
/home/sanjevi/.cache/node-gyp/24.20.0/include/node/v8-message.h:63:17: note: candidate expects 1 argument, 4 provided
/home/sanjevi/.cache/node-gyp/24.20.0/include/node/v8-message.h:63:17: note: candidate 3: ‘constexpr v8::ScriptOrigin::ScriptOrigin(v8::ScriptOrigin&&)’
/home/sanjevi/.cache/node-gyp/24.20.0/include/node/v8-message.h:63:17: note: candidate expects 1 argument, 4 provided
../../nan/nan.h: In function ‘v8::Local<v8::Value> Nan::Encode(const void*, size_t, Encoding)’:
../../nan/nan.h:2418:24: warning: ‘v8::Local<v8::Value> node::Encode(v8::Isolate*, const uint16_t*, size_t)’ is deprecated: Use TryEncode(...) instead [-Wdeprecated-declarations]
 2418 |     return node::Encode(
      |            ~~~~~~~~~~~~^
 2419 |         isolate
      |         ~~~~~~~         
 2420 |       , reinterpret_cast<const uint16_t *>(buf)
      |       ~~~~~~~~~~~~~~~~~~~~~~~~~~~~~~~~~~~~~~~~~
 2421 |       , len / 2);
      |       ~~~~~~~~~~        
/home/sanjevi/.cache/node-gyp/24.20.0/include/node/node.h:1274:50: note: declared here
 1274 |                 NODE_EXTERN v8::Local<v8::Value> Encode(v8::Isolate* isolate,
      |                                                  ^~~~~~
/home/sanjevi/.cache/node-gyp/24.20.0/include/node/node.h:114:70: note: in definition of macro ‘NODE_DEPRECATED’
  114 | #define NODE_DEPRECATED(message, declarator) [[deprecated(message)]] declarator
      |                                                                      ^~~~~~~~~~
../../nan/nan.h:2423:24: warning: ‘v8::Local<v8::Value> node::Encode(v8::Isolate*, const char*, size_t, encoding)’ is deprecated: Use TryEncode(...) instead [-Wdeprecated-declarations]
 2423 |     return node::Encode(
      |            ~~~~~~~~~~~~^
 2424 |         isolate
      |         ~~~~~~~         
 2425 |       , reinterpret_cast<const char *>(buf)
      |       ~~~~~~~~~~~~~~~~~~~~~~~~~~~~~~~~~~~~~
 2426 |       , len
      |       ~~~~~             
 2427 |       , node_enc);
      |       ~~~~~~~~~~~       
/home/sanjevi/.cache/node-gyp/24.20.0/include/node/node.h:1266:38: note: declared here
 1266 |     NODE_EXTERN v8::Local<v8::Value> Encode(v8::Isolate* isolate,
      |                                      ^~~~~~
/home/sanjevi/.cache/node-gyp/24.20.0/include/node/node.h:114:70: note: in definition of macro ‘NODE_DEPRECATED’
  114 | #define NODE_DEPRECATED(message, declarator) [[deprecated(message)]] declarator
      |                                                                      ^~~~~~~~~~
In file included from ../../nan/nan.h:3045:
../../nan/nan_scriptorigin.h: In constructor ‘Nan::ScriptOrigin::ScriptOrigin(v8::Local<v8::Value>)’:
../../nan/nan_scriptorigin.h:36:55: error: no matching function for call to ‘v8::ScriptOrigin::ScriptOrigin(v8::Isolate*, v8::Local<v8::Value>&)’
   36 |       v8::ScriptOrigin(v8::Isolate::GetCurrent(), name) {}
      |                                                       ^
../../nan/nan_scriptorigin.h:36:55: note: there are 3 candidates
In file included from /home/sanjevi/.cache/node-gyp/24.20.0/include/node/v8-script.h:20,
                 from /home/sanjevi/.cache/node-gyp/24.20.0/include/node/v8-debug.h:10,
                 from /home/sanjevi/.cache/node-gyp/24.20.0/include/node/v8-isolate.h:19,
                 from /home/sanjevi/.cache/node-gyp/24.20.0/include/node/v8-snapshot.h:9,
                 from /home/sanjevi/.cache/node-gyp/24.20.0/include/node/v8-context.h:15,
                 from /home/sanjevi/.cache/node-gyp/24.20.0/include/node/v8.h:26:
/home/sanjevi/.cache/node-gyp/24.20.0/include/node/v8-message.h:65:13: note: candidate 1: ‘v8::ScriptOrigin::ScriptOrigin(v8::Local<v8::Value>, int, int, bool, int, v8::Local<v8::Value>, bool, bool, bool, v8::Local<v8::Data>)’
   65 |   V8_INLINE ScriptOrigin(Local<Value> resource_name,
      |             ^~~~~~~~~~~~
/home/sanjevi/.cache/node-gyp/24.20.0/include/node/v8-message.h:65:39: note: no known conversion for argument 1 from ‘v8::Isolate*’ to ‘v8::Local<v8::Value>’
   65 |   V8_INLINE ScriptOrigin(Local<Value> resource_name,
      |                          ~~~~~~~~~~~~~^~~~~~~~~~~~~
/home/sanjevi/.cache/node-gyp/24.20.0/include/node/v8-message.h:63:17: note: candidate 2: ‘constexpr v8::ScriptOrigin::ScriptOrigin(const v8::ScriptOrigin&)’
   63 | class V8_EXPORT ScriptOrigin {
      |                 ^~~~~~~~~~~~
/home/sanjevi/.cache/node-gyp/24.20.0/include/node/v8-message.h:63:17: note: candidate expects 1 argument, 2 provided
/home/sanjevi/.cache/node-gyp/24.20.0/include/node/v8-message.h:63:17: note: candidate 3: ‘constexpr v8::ScriptOrigin::ScriptOrigin(v8::ScriptOrigin&&)’
/home/sanjevi/.cache/node-gyp/24.20.0/include/node/v8-message.h:63:17: note: candidate expects 1 argument, 2 provided
../../nan/nan_scriptorigin.h: In constructor ‘Nan::ScriptOrigin::ScriptOrigin(v8::Local<v8::Value>, v8::Local<v8::Integer>)’:
../../nan/nan_scriptorigin.h:42:52: error: no matching function for call to ‘v8::ScriptOrigin::ScriptOrigin(v8::Isolate*, v8::Local<v8::Value>&, int)’
   42 |                    , To<int32_t>(line).FromMaybe(0)) {}
      |                                                    ^
../../nan/nan_scriptorigin.h:42:52: note: there are 3 candidates
/home/sanjevi/.cache/node-gyp/24.20.0/include/node/v8-message.h:65:13: note: candidate 1: ‘v8::ScriptOrigin::ScriptOrigin(v8::Local<v8::Value>, int, int, bool, int, v8::Local<v8::Value>, bool, bool, bool, v8::Local<v8::Data>)’
   65 |   V8_INLINE ScriptOrigin(Local<Value> resource_name,
      |             ^~~~~~~~~~~~
/home/sanjevi/.cache/node-gyp/24.20.0/include/node/v8-message.h:65:39: note: no known conversion for argument 1 from ‘v8::Isolate*’ to ‘v8::Local<v8::Value>’
   65 |   V8_INLINE ScriptOrigin(Local<Value> resource_name,
      |                          ~~~~~~~~~~~~~^~~~~~~~~~~~~
/home/sanjevi/.cache/node-gyp/24.20.0/include/node/v8-message.h:63:17: note: candidate 2: ‘constexpr v8::ScriptOrigin::ScriptOrigin(const v8::ScriptOrigin&)’
   63 | class V8_EXPORT ScriptOrigin {
      |                 ^~~~~~~~~~~~
/home/sanjevi/.cache/node-gyp/24.20.0/include/node/v8-message.h:63:17: note: candidate expects 1 argument, 3 provided
/home/sanjevi/.cache/node-gyp/24.20.0/include/node/v8-message.h:63:17: note: candidate 3: ‘constexpr v8::ScriptOrigin::ScriptOrigin(v8::ScriptOrigin&&)’
/home/sanjevi/.cache/node-gyp/24.20.0/include/node/v8-message.h:63:17: note: candidate expects 1 argument, 3 provided
../../nan/nan_scriptorigin.h: In constructor ‘Nan::ScriptOrigin::ScriptOrigin(v8::Local<v8::Value>, v8::Local<v8::Integer>, v8::Local<v8::Integer>)’:
../../nan/nan_scriptorigin.h:50:54: error: no matching function for call to ‘v8::ScriptOrigin::ScriptOrigin(v8::Isolate*, v8::Local<v8::Value>&, int, int)’
   50 |                    , To<int32_t>(column).FromMaybe(0)) {}
      |                                                      ^
../../nan/nan_scriptorigin.h:50:54: note: there are 3 candidates
/home/sanjevi/.cache/node-gyp/24.20.0/include/node/v8-message.h:65:13: note: candidate 1: ‘v8::ScriptOrigin::ScriptOrigin(v8::Local<v8::Value>, int, int, bool, int, v8::Local<v8::Value>, bool, bool, bool, v8::Local<v8::Data>)’
   65 |   V8_INLINE ScriptOrigin(Local<Value> resource_name,
      |             ^~~~~~~~~~~~
/home/sanjevi/.cache/node-gyp/24.20.0/include/node/v8-message.h:65:39: note: no known conversion for argument 1 from ‘v8::Isolate*’ to ‘v8::Local<v8::Value>’
   65 |   V8_INLINE ScriptOrigin(Local<Value> resource_name,
      |                          ~~~~~~~~~~~~~^~~~~~~~~~~~~
/home/sanjevi/.cache/node-gyp/24.20.0/include/node/v8-message.h:63:17: note: candidate 2: ‘constexpr v8::ScriptOrigin::ScriptOrigin(const v8::ScriptOrigin&)’
   63 | class V8_EXPORT ScriptOrigin {
      |                 ^~~~~~~~~~~~
/home/sanjevi/.cache/node-gyp/24.20.0/include/node/v8-message.h:63:17: note: candidate expects 1 argument, 4 provided
/home/sanjevi/.cache/node-gyp/24.20.0/include/node/v8-message.h:63:17: note: candidate 3: ‘constexpr v8::ScriptOrigin::ScriptOrigin(v8::ScriptOrigin&&)’
/home/sanjevi/.cache/node-gyp/24.20.0/include/node/v8-message.h:63:17: note: candidate expects 1 argument, 4 provided
In file included from ../lib/././wrapped_re2.h:4,
                 from ../lib/./util.h:3,
                 from ../lib/util.cc:1:
../../nan/nan.h: In constructor ‘Nan::Utf8String::Utf8String(v8::Local<v8::Value>)’:
../../nan/nan.h:1173:36: warning: ‘int v8::String::WriteUtf8(v8::Isolate*, char*, int, int*, int) const’ is deprecated: Use WriteUtf8V2 instead. [-Wdeprecated-declarations]
 1173 |         length_ = string->WriteUtf8(v8::Isolate::GetCurrent(), str_,
      |                   ~~~~~~~~~~~~~~~~~^~~~~~~~~~~~~~~~~~~~~~~~~~~~~~~~~
 1174 |                                     static_cast<int>(len), 0, flags);
      |                                     ~~~~~~~~~~~~~~~~~~~~~~~~~~~~~~~~
In file included from /home/sanjevi/.cache/node-gyp/24.20.0/include/node/v8-object.h:12,
                 from /home/sanjevi/.cache/node-gyp/24.20.0/include/node/v8-array-buffer.h:14,
                 from /home/sanjevi/.cache/node-gyp/24.20.0/include/node/v8.h:24,
                 from /home/sanjevi/.cache/node-gyp/24.20.0/include/node/node.h:74,
                 from ../../nan/nan.h:62:
/home/sanjevi/.cache/node-gyp/24.20.0/include/node/v8-primitive.h:212:7: note: declared here
  212 |   int WriteUtf8(Isolate* isolate, char* buffer, int length = -1,
      |       ^~~~~~~~~
In file included from ../lib/./wrapped_re2.h:4,
                 from ../lib/search.cc:1:
../../nan/nan.h: In constructor ‘Nan::Utf8String::Utf8String(v8::Local<v8::Value>)’:
../../nan/nan.h:1173:36: warning: ‘int v8::String::WriteUtf8(v8::Isolate*, char*, int, int*, int) const’ is deprecated: Use WriteUtf8V2 instead. [-Wdeprecated-declarations]
 1173 |         length_ = string->WriteUtf8(v8::Isolate::GetCurrent(), str_,
      |                   ~~~~~~~~~~~~~~~~~^~~~~~~~~~~~~~~~~~~~~~~~~~~~~~~~~
 1174 |                                     static_cast<int>(len), 0, flags);
      |                                     ~~~~~~~~~~~~~~~~~~~~~~~~~~~~~~~~
In file included from /home/sanjevi/.cache/node-gyp/24.20.0/include/node/v8-object.h:12,
                 from /home/sanjevi/.cache/node-gyp/24.20.0/include/node/v8-array-buffer.h:14,
                 from /home/sanjevi/.cache/node-gyp/24.20.0/include/node/v8.h:24,
                 from /home/sanjevi/.cache/node-gyp/24.20.0/include/node/node.h:74,
                 from ../../nan/nan.h:62:
/home/sanjevi/.cache/node-gyp/24.20.0/include/node/v8-primitive.h:212:7: note: declared here
  212 |   int WriteUtf8(Isolate* isolate, char* buffer, int length = -1,
      |       ^~~~~~~~~
../../nan/nan.h: In function ‘v8::Local<v8::Value> Nan::Encode(const void*, size_t, Encoding)’:
../../nan/nan.h:2418:24: warning: ‘v8::Local<v8::Value> node::Encode(v8::Isolate*, const uint16_t*, size_t)’ is deprecated: Use TryEncode(...) instead [-Wdeprecated-declarations]
 2418 |     return node::Encode(
      |            ~~~~~~~~~~~~^
 2419 |         isolate
      |         ~~~~~~~         
 2420 |       , reinterpret_cast<const uint16_t *>(buf)
      |       ~~~~~~~~~~~~~~~~~~~~~~~~~~~~~~~~~~~~~~~~~
 2421 |       , len / 2);
      |       ~~~~~~~~~~        
/home/sanjevi/.cache/node-gyp/24.20.0/include/node/node.h:1274:50: note: declared here
 1274 |                 NODE_EXTERN v8::Local<v8::Value> Encode(v8::Isolate* isolate,
      |                                                  ^~~~~~
/home/sanjevi/.cache/node-gyp/24.20.0/include/node/node.h:114:70: note: in definition of macro ‘NODE_DEPRECATED’
  114 | #define NODE_DEPRECATED(message, declarator) [[deprecated(message)]] declarator
      |                                                                      ^~~~~~~~~~
../../nan/nan.h:2423:24: warning: ‘v8::Local<v8::Value> node::Encode(v8::Isolate*, const char*, size_t, encoding)’ is deprecated: Use TryEncode(...) instead [-Wdeprecated-declarations]
 2423 |     return node::Encode(
      |            ~~~~~~~~~~~~^
 2424 |         isolate
      |         ~~~~~~~         
 2425 |       , reinterpret_cast<const char *>(buf)
      |       ~~~~~~~~~~~~~~~~~~~~~~~~~~~~~~~~~~~~~
 2426 |       , len
      |       ~~~~~             
 2427 |       , node_enc);
      |       ~~~~~~~~~~~       
/home/sanjevi/.cache/node-gyp/24.20.0/include/node/node.h:1266:38: note: declared here
 1266 |     NODE_EXTERN v8::Local<v8::Value> Encode(v8::Isolate* isolate,
      |                                      ^~~~~~
/home/sanjevi/.cache/node-gyp/24.20.0/include/node/node.h:114:70: note: in definition of macro ‘NODE_DEPRECATED’
  114 | #define NODE_DEPRECATED(message, declarator) [[deprecated(message)]] declarator
      |                                                                      ^~~~~~~~~~
../../nan/nan.h: In function ‘v8::Local<v8::Value> Nan::Encode(const void*, size_t, Encoding)’:
../../nan/nan.h:2418:24: warning: ‘v8::Local<v8::Value> node::Encode(v8::Isolate*, const uint16_t*, size_t)’ is deprecated: Use TryEncode(...) instead [-Wdeprecated-declarations]
 2418 |     return node::Encode(
      |            ~~~~~~~~~~~~^
 2419 |         isolate
      |         ~~~~~~~         
 2420 |       , reinterpret_cast<const uint16_t *>(buf)
      |       ~~~~~~~~~~~~~~~~~~~~~~~~~~~~~~~~~~~~~~~~~
 2421 |       , len / 2);
      |       ~~~~~~~~~~        
/home/sanjevi/.cache/node-gyp/24.20.0/include/node/node.h:1274:50: note: declared here
 1274 |                 NODE_EXTERN v8::Local<v8::Value> Encode(v8::Isolate* isolate,
      |                                                  ^~~~~~
/home/sanjevi/.cache/node-gyp/24.20.0/include/node/node.h:114:70: note: in definition of macro ‘NODE_DEPRECATED’
  114 | #define NODE_DEPRECATED(message, declarator) [[deprecated(message)]] declarator
      |                                                                      ^~~~~~~~~~
../../nan/nan.h:2423:24: warning: ‘v8::Local<v8::Value> node::Encode(v8::Isolate*, const char*, size_t, encoding)’ is deprecated: Use TryEncode(...) instead [-Wdeprecated-declarations]
 2423 |     return node::Encode(
      |            ~~~~~~~~~~~~^
 2424 |         isolate
      |         ~~~~~~~         
 2425 |       , reinterpret_cast<const char *>(buf)
      |       ~~~~~~~~~~~~~~~~~~~~~~~~~~~~~~~~~~~~~
 2426 |       , len
      |       ~~~~~             
 2427 |       , node_enc);
      |       ~~~~~~~~~~~       
/home/sanjevi/.cache/node-gyp/24.20.0/include/node/node.h:1266:38: note: declared here
 1266 |     NODE_EXTERN v8::Local<v8::Value> Encode(v8::Isolate* isolate,
      |                                      ^~~~~~
/home/sanjevi/.cache/node-gyp/24.20.0/include/node/node.h:114:70: note: in definition of macro ‘NODE_DEPRECATED’
  114 | #define NODE_DEPRECATED(message, declarator) [[deprecated(message)]] declarator
      |                                                                      ^~~~~~~~~~
In file included from ../lib/./wrapped_re2.h:4,
                 from ../lib/to_string.cc:1:
../../nan/nan.h: In constructor ‘Nan::Utf8String::Utf8String(v8::Local<v8::Value>)’:
../../nan/nan.h:1173:36: warning: ‘int v8::String::WriteUtf8(v8::Isolate*, char*, int, int*, int) const’ is deprecated: Use WriteUtf8V2 instead. [-Wdeprecated-declarations]
 1173 |         length_ = string->WriteUtf8(v8::Isolate::GetCurrent(), str_,
      |                   ~~~~~~~~~~~~~~~~~^~~~~~~~~~~~~~~~~~~~~~~~~~~~~~~~~
 1174 |                                     static_cast<int>(len), 0, flags);
      |                                     ~~~~~~~~~~~~~~~~~~~~~~~~~~~~~~~~
In file included from /home/sanjevi/.cache/node-gyp/24.20.0/include/node/v8-object.h:12,
                 from /home/sanjevi/.cache/node-gyp/24.20.0/include/node/v8-array-buffer.h:14,
                 from /home/sanjevi/.cache/node-gyp/24.20.0/include/node/v8.h:24,
                 from /home/sanjevi/.cache/node-gyp/24.20.0/include/node/node.h:74,
                 from ../../nan/nan.h:62:
/home/sanjevi/.cache/node-gyp/24.20.0/include/node/v8-primitive.h:212:7: note: declared here
  212 |   int WriteUtf8(Isolate* isolate, char* buffer, int length = -1,
      |       ^~~~~~~~~
In file included from ../../nan/nan.h:3045:
../../nan/nan_scriptorigin.h: In constructor ‘Nan::ScriptOrigin::ScriptOrigin(v8::Local<v8::Value>)’:
../../nan/nan_scriptorigin.h:36:55: error: no matching function for call to ‘v8::ScriptOrigin::ScriptOrigin(v8::Isolate*, v8::Local<v8::Value>&)’
   36 |       v8::ScriptOrigin(v8::Isolate::GetCurrent(), name) {}
      |                                                       ^
../../nan/nan_scriptorigin.h:36:55: note: there are 3 candidates
In file included from /home/sanjevi/.cache/node-gyp/24.20.0/include/node/v8-script.h:20,
                 from /home/sanjevi/.cache/node-gyp/24.20.0/include/node/v8-debug.h:10,
                 from /home/sanjevi/.cache/node-gyp/24.20.0/include/node/v8-isolate.h:19,
                 from /home/sanjevi/.cache/node-gyp/24.20.0/include/node/v8-snapshot.h:9,
                 from /home/sanjevi/.cache/node-gyp/24.20.0/include/node/v8-context.h:15,
                 from /home/sanjevi/.cache/node-gyp/24.20.0/include/node/v8.h:26:
/home/sanjevi/.cache/node-gyp/24.20.0/include/node/v8-message.h:65:13: note: candidate 1: ‘v8::ScriptOrigin::ScriptOrigin(v8::Local<v8::Value>, int, int, bool, int, v8::Local<v8::Value>, bool, bool, bool, v8::Local<v8::Data>)’
   65 |   V8_INLINE ScriptOrigin(Local<Value> resource_name,
      |             ^~~~~~~~~~~~
/home/sanjevi/.cache/node-gyp/24.20.0/include/node/v8-message.h:65:39: note: no known conversion for argument 1 from ‘v8::Isolate*’ to ‘v8::Local<v8::Value>’
   65 |   V8_INLINE ScriptOrigin(Local<Value> resource_name,
      |                          ~~~~~~~~~~~~~^~~~~~~~~~~~~
/home/sanjevi/.cache/node-gyp/24.20.0/include/node/v8-message.h:63:17: note: candidate 2: ‘constexpr v8::ScriptOrigin::ScriptOrigin(const v8::ScriptOrigin&)’
   63 | class V8_EXPORT ScriptOrigin {
      |                 ^~~~~~~~~~~~
/home/sanjevi/.cache/node-gyp/24.20.0/include/node/v8-message.h:63:17: note: candidate expects 1 argument, 2 provided
/home/sanjevi/.cache/node-gyp/24.20.0/include/node/v8-message.h:63:17: note: candidate 3: ‘constexpr v8::ScriptOrigin::ScriptOrigin(v8::ScriptOrigin&&)’
/home/sanjevi/.cache/node-gyp/24.20.0/include/node/v8-message.h:63:17: note: candidate expects 1 argument, 2 provided
../../nan/nan_scriptorigin.h: In constructor ‘Nan::ScriptOrigin::ScriptOrigin(v8::Local<v8::Value>, v8::Local<v8::Integer>)’:
../../nan/nan_scriptorigin.h:42:52: error: no matching function for call to ‘v8::ScriptOrigin::ScriptOrigin(v8::Isolate*, v8::Local<v8::Value>&, int)’
   42 |                    , To<int32_t>(line).FromMaybe(0)) {}
      |                                                    ^
../../nan/nan_scriptorigin.h:42:52: note: there are 3 candidates
/home/sanjevi/.cache/node-gyp/24.20.0/include/node/v8-message.h:65:13: note: candidate 1: ‘v8::ScriptOrigin::ScriptOrigin(v8::Local<v8::Value>, int, int, bool, int, v8::Local<v8::Value>, bool, bool, bool, v8::Local<v8::Data>)’
   65 |   V8_INLINE ScriptOrigin(Local<Value> resource_name,
      |             ^~~~~~~~~~~~
/home/sanjevi/.cache/node-gyp/24.20.0/include/node/v8-message.h:65:39: note: no known conversion for argument 1 from ‘v8::Isolate*’ to ‘v8::Local<v8::Value>’
   65 |   V8_INLINE ScriptOrigin(Local<Value> resource_name,
      |                          ~~~~~~~~~~~~~^~~~~~~~~~~~~
/home/sanjevi/.cache/node-gyp/24.20.0/include/node/v8-message.h:63:17: note: candidate 2: ‘constexpr v8::ScriptOrigin::ScriptOrigin(const v8::ScriptOrigin&)’
   63 | class V8_EXPORT ScriptOrigin {
      |                 ^~~~~~~~~~~~
/home/sanjevi/.cache/node-gyp/24.20.0/include/node/v8-message.h:63:17: note: candidate expects 1 argument, 3 provided
/home/sanjevi/.cache/node-gyp/24.20.0/include/node/v8-message.h:63:17: note: candidate 3: ‘constexpr v8::ScriptOrigin::ScriptOrigin(v8::ScriptOrigin&&)’
/home/sanjevi/.cache/node-gyp/24.20.0/include/node/v8-message.h:63:17: note: candidate expects 1 argument, 3 provided
../../nan/nan_scriptorigin.h: In constructor ‘Nan::ScriptOrigin::ScriptOrigin(v8::Local<v8::Value>, v8::Local<v8::Integer>, v8::Local<v8::Integer>)’:
../../nan/nan_scriptorigin.h:50:54: error: no matching function for call to ‘v8::ScriptOrigin::ScriptOrigin(v8::Isolate*, v8::Local<v8::Value>&, int, int)’
   50 |                    , To<int32_t>(column).FromMaybe(0)) {}
      |                                                      ^
../../nan/nan_scriptorigin.h:50:54: note: there are 3 candidates
/home/sanjevi/.cache/node-gyp/24.20.0/include/node/v8-message.h:65:13: note: candidate 1: ‘v8::ScriptOrigin::ScriptOrigin(v8::Local<v8::Value>, int, int, bool, int, v8::Local<v8::Value>, bool, bool, bool, v8::Local<v8::Data>)’
   65 |   V8_INLINE ScriptOrigin(Local<Value> resource_name,
      |             ^~~~~~~~~~~~
/home/sanjevi/.cache/node-gyp/24.20.0/include/node/v8-message.h:65:39: note: no known conversion for argument 1 from ‘v8::Isolate*’ to ‘v8::Local<v8::Value>’
   65 |   V8_INLINE ScriptOrigin(Local<Value> resource_name,
      |                          ~~~~~~~~~~~~~^~~~~~~~~~~~~
/home/sanjevi/.cache/node-gyp/24.20.0/include/node/v8-message.h:63:17: note: candidate 2: ‘constexpr v8::ScriptOrigin::ScriptOrigin(const v8::ScriptOrigin&)’
   63 | class V8_EXPORT ScriptOrigin {
      |                 ^~~~~~~~~~~~
/home/sanjevi/.cache/node-gyp/24.20.0/include/node/v8-message.h:63:17: note: candidate expects 1 argument, 4 provided
/home/sanjevi/.cache/node-gyp/24.20.0/include/node/v8-message.h:63:17: note: candidate 3: ‘constexpr v8::ScriptOrigin::ScriptOrigin(v8::ScriptOrigin&&)’
/home/sanjevi/.cache/node-gyp/24.20.0/include/node/v8-message.h:63:17: note: candidate expects 1 argument, 4 provided
In file included from ../../nan/nan.h:3045:
../../nan/nan_scriptorigin.h: In constructor ‘Nan::ScriptOrigin::ScriptOrigin(v8::Local<v8::Value>)’:
../../nan/nan_scriptorigin.h:36:55: error: no matching function for call to ‘v8::ScriptOrigin::ScriptOrigin(v8::Isolate*, v8::Local<v8::Value>&)’
   36 |       v8::ScriptOrigin(v8::Isolate::GetCurrent(), name) {}
      |                                                       ^
../../nan/nan_scriptorigin.h:36:55: note: there are 3 candidates
../../nan/nan.h: In function ‘v8::Local<v8::Value> Nan::Encode(const void*, size_t, Encoding)’:
../../nan/nan.h:2418:24: warning: ‘v8::Local<v8::Value> node::Encode(v8::Isolate*, const uint16_t*, size_t)’ is deprecated: Use TryEncode(...) instead [-Wdeprecated-declarations]
 2418 |     return node::Encode(
      |            ~~~~~~~~~~~~^
 2419 |         isolate
      |         ~~~~~~~         
 2420 |       , reinterpret_cast<const uint16_t *>(buf)
      |       ~~~~~~~~~~~~~~~~~~~~~~~~~~~~~~~~~~~~~~~~~
 2421 |       , len / 2);
      |       ~~~~~~~~~~        
/home/sanjevi/.cache/node-gyp/24.20.0/include/node/node.h:1274:50: note: declared here
 1274 |                 NODE_EXTERN v8::Local<v8::Value> Encode(v8::Isolate* isolate,
      |                                                  ^~~~~~
/home/sanjevi/.cache/node-gyp/24.20.0/include/node/node.h:114:70: note: in definition of macro ‘NODE_DEPRECATED’
  114 | #define NODE_DEPRECATED(message, declarator) [[deprecated(message)]] declarator
      |                                                                      ^~~~~~~~~~
In file included from /home/sanjevi/.cache/node-gyp/24.20.0/include/node/v8-script.h:20,
                 from /home/sanjevi/.cache/node-gyp/24.20.0/include/node/v8-debug.h:10,
                 from /home/sanjevi/.cache/node-gyp/24.20.0/include/node/v8-isolate.h:19,
                 from /home/sanjevi/.cache/node-gyp/24.20.0/include/node/v8-snapshot.h:9,
                 from /home/sanjevi/.cache/node-gyp/24.20.0/include/node/v8-context.h:15,
                 from /home/sanjevi/.cache/node-gyp/24.20.0/include/node/v8.h:26:
/home/sanjevi/.cache/node-gyp/24.20.0/include/node/v8-message.h:65:13: note: candidate 1: ‘v8::ScriptOrigin::ScriptOrigin(v8::Local<v8::Value>, int, int, bool, int, v8::Local<v8::Value>, bool, bool, bool, v8::Local<v8::Data>)’
   65 |   V8_INLINE ScriptOrigin(Local<Value> resource_name,
      |             ^~~~~~~~~~~~
../../nan/nan.h:2423:24: warning: ‘v8::Local<v8::Value> node::Encode(v8::Isolate*, const char*, size_t, encoding)’ is deprecated: Use TryEncode(...) instead [-Wdeprecated-declarations]
 2423 |     return node::Encode(
      |            ~~~~~~~~~~~~^
 2424 |         isolate
      |         ~~~~~~~         
 2425 |       , reinterpret_cast<const char *>(buf)
      |       ~~~~~~~~~~~~~~~~~~~~~~~~~~~~~~~~~~~~~
 2426 |       , len
      |       ~~~~~             
 2427 |       , node_enc);
      |       ~~~~~~~~~~~       
/home/sanjevi/.cache/node-gyp/24.20.0/include/node/node.h:1266:38: note: declared here
 1266 |     NODE_EXTERN v8::Local<v8::Value> Encode(v8::Isolate* isolate,
      |                                      ^~~~~~
/home/sanjevi/.cache/node-gyp/24.20.0/include/node/node.h:114:70: note: in definition of macro ‘NODE_DEPRECATED’
  114 | #define NODE_DEPRECATED(message, declarator) [[deprecated(message)]] declarator
      |                                                                      ^~~~~~~~~~
/home/sanjevi/.cache/node-gyp/24.20.0/include/node/v8-message.h:65:39: note: no known conversion for argument 1 from ‘v8::Isolate*’ to ‘v8::Local<v8::Value>’
   65 |   V8_INLINE ScriptOrigin(Local<Value> resource_name,
      |                          ~~~~~~~~~~~~~^~~~~~~~~~~~~
/home/sanjevi/.cache/node-gyp/24.20.0/include/node/v8-message.h:63:17: note: candidate 2: ‘constexpr v8::ScriptOrigin::ScriptOrigin(const v8::ScriptOrigin&)’
   63 | class V8_EXPORT ScriptOrigin {
      |                 ^~~~~~~~~~~~
/home/sanjevi/.cache/node-gyp/24.20.0/include/node/v8-message.h:63:17: note: candidate expects 1 argument, 2 provided
/home/sanjevi/.cache/node-gyp/24.20.0/include/node/v8-message.h:63:17: note: candidate 3: ‘constexpr v8::ScriptOrigin::ScriptOrigin(v8::ScriptOrigin&&)’
/home/sanjevi/.cache/node-gyp/24.20.0/include/node/v8-message.h:63:17: note: candidate expects 1 argument, 2 provided
../../nan/nan_scriptorigin.h: In constructor ‘Nan::ScriptOrigin::ScriptOrigin(v8::Local<v8::Value>, v8::Local<v8::Integer>)’:
../../nan/nan_scriptorigin.h:42:52: error: no matching function for call to ‘v8::ScriptOrigin::ScriptOrigin(v8::Isolate*, v8::Local<v8::Value>&, int)’
   42 |                    , To<int32_t>(line).FromMaybe(0)) {}
      |                                                    ^
../../nan/nan_scriptorigin.h:42:52: note: there are 3 candidates
/home/sanjevi/.cache/node-gyp/24.20.0/include/node/v8-message.h:65:13: note: candidate 1: ‘v8::ScriptOrigin::ScriptOrigin(v8::Local<v8::Value>, int, int, bool, int, v8::Local<v8::Value>, bool, bool, bool, v8::Local<v8::Data>)’
   65 |   V8_INLINE ScriptOrigin(Local<Value> resource_name,
      |             ^~~~~~~~~~~~
/home/sanjevi/.cache/node-gyp/24.20.0/include/node/v8-message.h:65:39: note: no known conversion for argument 1 from ‘v8::Isolate*’ to ‘v8::Local<v8::Value>’
   65 |   V8_INLINE ScriptOrigin(Local<Value> resource_name,
      |                          ~~~~~~~~~~~~~^~~~~~~~~~~~~
/home/sanjevi/.cache/node-gyp/24.20.0/include/node/v8-message.h:63:17: note: candidate 2: ‘constexpr v8::ScriptOrigin::ScriptOrigin(const v8::ScriptOrigin&)’
   63 | class V8_EXPORT ScriptOrigin {
      |                 ^~~~~~~~~~~~
/home/sanjevi/.cache/node-gyp/24.20.0/include/node/v8-message.h:63:17: note: candidate expects 1 argument, 3 provided
/home/sanjevi/.cache/node-gyp/24.20.0/include/node/v8-message.h:63:17: note: candidate 3: ‘constexpr v8::ScriptOrigin::ScriptOrigin(v8::ScriptOrigin&&)’
/home/sanjevi/.cache/node-gyp/24.20.0/include/node/v8-message.h:63:17: note: candidate expects 1 argument, 3 provided
../../nan/nan_scriptorigin.h: In constructor ‘Nan::ScriptOrigin::ScriptOrigin(v8::Local<v8::Value>, v8::Local<v8::Integer>, v8::Local<v8::Integer>)’:
../../nan/nan_scriptorigin.h:50:54: error: no matching function for call to ‘v8::ScriptOrigin::ScriptOrigin(v8::Isolate*, v8::Local<v8::Value>&, int, int)’
   50 |                    , To<int32_t>(column).FromMaybe(0)) {}
      |                                                      ^
../../nan/nan_scriptorigin.h:50:54: note: there are 3 candidates
/home/sanjevi/.cache/node-gyp/24.20.0/include/node/v8-message.h:65:13: note: candidate 1: ‘v8::ScriptOrigin::ScriptOrigin(v8::Local<v8::Value>, int, int, bool, int, v8::Local<v8::Value>, bool, bool, bool, v8::Local<v8::Data>)’
   65 |   V8_INLINE ScriptOrigin(Local<Value> resource_name,
      |             ^~~~~~~~~~~~
/home/sanjevi/.cache/node-gyp/24.20.0/include/node/v8-message.h:65:39: note: no known conversion for argument 1 from ‘v8::Isolate*’ to ‘v8::Local<v8::Value>’
   65 |   V8_INLINE ScriptOrigin(Local<Value> resource_name,
      |                          ~~~~~~~~~~~~~^~~~~~~~~~~~~
/home/sanjevi/.cache/node-gyp/24.20.0/include/node/v8-message.h:63:17: note: candidate 2: ‘constexpr v8::ScriptOrigin::ScriptOrigin(const v8::ScriptOrigin&)’
   63 | class V8_EXPORT ScriptOrigin {
      |                 ^~~~~~~~~~~~
/home/sanjevi/.cache/node-gyp/24.20.0/include/node/v8-message.h:63:17: note: candidate expects 1 argument, 4 provided
/home/sanjevi/.cache/node-gyp/24.20.0/include/node/v8-message.h:63:17: note: candidate 3: ‘constexpr v8::ScriptOrigin::ScriptOrigin(v8::ScriptOrigin&&)’
/home/sanjevi/.cache/node-gyp/24.20.0/include/node/v8-message.h:63:17: note: candidate expects 1 argument, 4 provided
In file included from ../../nan/nan.h:3045:
../../nan/nan_scriptorigin.h: In constructor ‘Nan::ScriptOrigin::ScriptOrigin(v8::Local<v8::Value>)’:
../../nan/nan_scriptorigin.h:36:55: error: no matching function for call to ‘v8::ScriptOrigin::ScriptOrigin(v8::Isolate*, v8::Local<v8::Value>&)’
   36 |       v8::ScriptOrigin(v8::Isolate::GetCurrent(), name) {}
      |                                                       ^
../../nan/nan_scriptorigin.h:36:55: note: there are 3 candidates
In file included from /home/sanjevi/.cache/node-gyp/24.20.0/include/node/v8-script.h:20,
                 from /home/sanjevi/.cache/node-gyp/24.20.0/include/node/v8-debug.h:10,
                 from /home/sanjevi/.cache/node-gyp/24.20.0/include/node/v8-isolate.h:19,
                 from /home/sanjevi/.cache/node-gyp/24.20.0/include/node/v8-snapshot.h:9,
                 from /home/sanjevi/.cache/node-gyp/24.20.0/include/node/v8-context.h:15,
                 from /home/sanjevi/.cache/node-gyp/24.20.0/include/node/v8.h:26:
/home/sanjevi/.cache/node-gyp/24.20.0/include/node/v8-message.h:65:13: note: candidate 1: ‘v8::ScriptOrigin::ScriptOrigin(v8::Local<v8::Value>, int, int, bool, int, v8::Local<v8::Value>, bool, bool, bool, v8::Local<v8::Data>)’
   65 |   V8_INLINE ScriptOrigin(Local<Value> resource_name,
      |             ^~~~~~~~~~~~
/home/sanjevi/.cache/node-gyp/24.20.0/include/node/v8-message.h:65:39: note: no known conversion for argument 1 from ‘v8::Isolate*’ to ‘v8::Local<v8::Value>’
   65 |   V8_INLINE ScriptOrigin(Local<Value> resource_name,
      |                          ~~~~~~~~~~~~~^~~~~~~~~~~~~
/home/sanjevi/.cache/node-gyp/24.20.0/include/node/v8-message.h:63:17: note: candidate 2: ‘constexpr v8::ScriptOrigin::ScriptOrigin(const v8::ScriptOrigin&)’
   63 | class V8_EXPORT ScriptOrigin {
      |                 ^~~~~~~~~~~~
/home/sanjevi/.cache/node-gyp/24.20.0/include/node/v8-message.h:63:17: note: candidate expects 1 argument, 2 provided
/home/sanjevi/.cache/node-gyp/24.20.0/include/node/v8-message.h:63:17: note: candidate 3: ‘constexpr v8::ScriptOrigin::ScriptOrigin(v8::ScriptOrigin&&)’
/home/sanjevi/.cache/node-gyp/24.20.0/include/node/v8-message.h:63:17: note: candidate expects 1 argument, 2 provided
../../nan/nan_scriptorigin.h: In constructor ‘Nan::ScriptOrigin::ScriptOrigin(v8::Local<v8::Value>, v8::Local<v8::Integer>)’:
../../nan/nan_scriptorigin.h:42:52: error: no matching function for call to ‘v8::ScriptOrigin::ScriptOrigin(v8::Isolate*, v8::Local<v8::Value>&, int)’
   42 |                    , To<int32_t>(line).FromMaybe(0)) {}
      |                                                    ^
../../nan/nan_scriptorigin.h:42:52: note: there are 3 candidates
/home/sanjevi/.cache/node-gyp/24.20.0/include/node/v8-message.h:65:13: note: candidate 1: ‘v8::ScriptOrigin::ScriptOrigin(v8::Local<v8::Value>, int, int, bool, int, v8::Local<v8::Value>, bool, bool, bool, v8::Local<v8::Data>)’
   65 |   V8_INLINE ScriptOrigin(Local<Value> resource_name,
      |             ^~~~~~~~~~~~
/home/sanjevi/.cache/node-gyp/24.20.0/include/node/v8-message.h:65info This module is OPTIONAL, you can safely ignore this error
:39: note: no known conversion for argument 1 from ‘v8::Isolate*’ to ‘v8::Local<v8::Value>’
   65 |   V8_INLINE ScriptOrigin(Local<Value> resource_name,
      |                          ~~~~~~~~~~~~~^~~~~~~~~~~~~
/home/sanjevi/.cache/node-gyp/24.20.0/include/node/v8-message.h:63:17: note: candidate 2: ‘constexpr v8::ScriptOrigin::ScriptOrigin(const v8::ScriptOrigin&)’
   63 | class V8_EXPORT ScriptOrigin {
      |                 ^~~~~~~~~~~~
/home/sanjevi/.cache/node-gyp/24.20.0/include/node/v8-message.h:63:17: note: candidate expects 1 argument, 3 provided
/home/sanjevi/.cache/node-gyp/24.20.0/include/node/v8-message.h:63:17: note: candidate 3: ‘constexpr v8::ScriptOrigin::ScriptOrigin(v8::ScriptOrigin&&)’
/home/sanjevi/.cache/node-gyp/24.20.0/include/node/v8-message.h:63:17: note: candidate expects 1 argument, 3 provided
../../nan/nan_scriptorigin.h: In constructor ‘Nan::ScriptOrigin::ScriptOrigin(v8::Local<v8::Value>, v8::Local<v8::Integer>, v8::Local<v8::Integer>)’:
../../nan/nan_scriptorigin.h:50:54: error: no matching function for call to ‘v8::ScriptOrigin::ScriptOrigin(v8::Isolate*, v8::Local<v8::Value>&, int, int)’
   50 |                    , To<int32_t>(column).FromMaybe(0)) {}
      |                                                      ^
../../nan/nan_scriptorigin.h:50:54: note: there are 3 candidates
/home/sanjevi/.cache/node-gyp/24.20.0/include/node/v8-message.h:65:13: note: candidate 1: ‘v8::ScriptOrigin::ScriptOrigin(v8::Local<v8::Value>, int, int, bool, int, v8::Local<v8::Value>, bool, bool, bool, v8::Local<v8::Data>)’
   65 |   V8_INLINE ScriptOrigin(Local<Value> resource_name,
      |             ^~~~~~~~~~~~
/home/sanjevi/.cache/node-gyp/24.20.0/include/node/v8-message.h:65:39: note: no known conversion for argument 1 from ‘v8::Isolate*’ to ‘v8::Local<v8::Value>’
   65 |   V8_INLINE ScriptOrigin(Local<Value> resource_name,
      |                          ~~~~~~~~~~~~~^~~~~~~~~~~~~
/home/sanjevi/.cache/node-gyp/24.20.0/include/node/v8-message.h:63:17: note: candidate 2: ‘constexpr v8::ScriptOrigin::ScriptOrigin(const v8::ScriptOrigin&)’
   63 | class V8_EXPORT ScriptOrigin {
      |                 ^~~~~~~~~~~~
/home/sanjevi/.cache/node-gyp/24.20.0/include/node/v8-message.h:63:17: note: candidate expects 1 argument, 4 provided
/home/sanjevi/.cache/node-gyp/24.20.0/include/node/v8-message.h:63:17: note: candidate 3: ‘constexpr v8::ScriptOrigin::ScriptOrigin(v8::ScriptOrigin&&)’
/home/sanjevi/.cache/node-gyp/24.20.0/include/node/v8-message.h:63:17: note: candidate expects 1 argument, 4 provided
In file included from ../lib/./wrapped_re2.h:4,
                 from ../lib/match.cc:1:
../../nan/nan.h: In constructor ‘Nan::Utf8String::Utf8String(v8::Local<v8::Value>)’:
../../nan/nan.h:1173:36: warning: ‘int v8::String::WriteUtf8(v8::Isolate*, char*, int, int*, int) const’ is deprecated: Use WriteUtf8V2 instead. [-Wdeprecated-declarations]
 1173 |         length_ = string->WriteUtf8(v8::Isolate::GetCurrent(), str_,
      |                   ~~~~~~~~~~~~~~~~~^~~~~~~~~~~~~~~~~~~~~~~~~~~~~~~~~
 1174 |                                     static_cast<int>(len), 0, flags);
      |                                     ~~~~~~~~~~~~~~~~~~~~~~~~~~~~~~~~
In file included from /home/sanjevi/.cache/node-gyp/24.20.0/include/node/v8-object.h:12,
                 from /home/sanjevi/.cache/node-gyp/24.20.0/include/node/v8-array-buffer.h:14,
                 from /home/sanjevi/.cache/node-gyp/24.20.0/include/node/v8.h:24,
                 from /home/sanjevi/.cache/node-gyp/24.20.0/include/node/node.h:74,
                 from ../../nan/nan.h:62:
/home/sanjevi/.cache/node-gyp/24.20.0/include/node/v8-primitive.h:212:7: note: declared here
  212 |   int WriteUtf8(Isolate* isolate, char* buffer, int length = -1,
      |       ^~~~~~~~~
../../nan/nan.h: In function ‘v8::Local<v8::Value> Nan::Encode(const void*, size_t, Encoding)’:
../../nan/nan.h:2418:24: warning: ‘v8::Local<v8::Value> node::Encode(v8::Isolate*, const uint16_t*, size_t)’ is deprecated: Use TryEncode(...) instead [-Wdeprecated-declarations]
 2418 |     return node::Encode(
      |            ~~~~~~~~~~~~^
 2419 |         isolate
      |         ~~~~~~~         
 2420 |       , reinterpret_cast<const uint16_t *>(buf)
      |       ~~~~~~~~~~~~~~~~~~~~~~~~~~~~~~~~~~~~~~~~~
 2421 |       , len / 2);
      |       ~~~~~~~~~~        
/home/sanjevi/.cache/node-gyp/24.20.0/include/node/node.h:1274:50: note: declared here
 1274 |                 NODE_EXTERN v8::Local<v8::Value> Encode(v8::Isolate* isolate,
      |                                                  ^~~~~~
/home/sanjevi/.cache/node-gyp/24.20.0/include/node/node.h:114:70: note: in definition of macro ‘NODE_DEPRECATED’
  114 | #define NODE_DEPRECATED(message, declarator) [[deprecated(message)]] declarator
      |                                                                      ^~~~~~~~~~
../../nan/nan.h:2423:24: warning: ‘v8::Local<v8::Value> node::Encode(v8::Isolate*, const char*, size_t, encoding)’ is deprecated: Use TryEncode(...) instead [-Wdeprecated-declarations]
 2423 |     return node::Encode(
      |            ~~~~~~~~~~~~^
 2424 |         isolate
      |         ~~~~~~~         
 2425 |       , reinterpret_cast<const char *>(buf)
      |       ~~~~~~~~~~~~~~~~~~~~~~~~~~~~~~~~~~~~~
 2426 |       , len
      |       ~~~~~             
 2427 |       , node_enc);
      |       ~~~~~~~~~~~       
/home/sanjevi/.cache/node-gyp/24.20.0/include/node/node.h:1266:38: note: declared here
 1266 |     NODE_EXTERN v8::Local<v8::Value> Encode(v8::Isolate* isolate,
      |                                      ^~~~~~
/home/sanjevi/.cache/node-gyp/24.20.0/include/node/node.h:114:70: note: in definition of macro ‘NODE_DEPRECATED’
  114 | #define NODE_DEPRECATED(message, declarator) [[deprecated(message)]] declarator
      |                                                                      ^~~~~~~~~~
In file included from ../../nan/nan.h:3045:
../../nan/nan_scriptorigin.h: In constructor ‘Nan::ScriptOrigin::ScriptOrigin(v8::Local<v8::Value>)’:
../../nan/nan_scriptorigin.h:36:55: error: no matching function for call to ‘v8::ScriptOrigin::ScriptOrigin(v8::Isolate*, v8::Local<v8::Value>&)’
   36 |       v8::ScriptOrigin(v8::Isolate::GetCurrent(), name) {}
      |                                                       ^
In file included from ../lib/./wrapped_re2.h:4,
                 from ../lib/accessors.cc:1:
../../nan/nan.h: In constructor ‘Nan::Utf8String::Utf8String(v8::Local<v8::Value>)’:
../../nan/nan.h:1173:36: warning: ‘int v8::String::WriteUtf8(v8::Isolate*, char*, int, int*, int) const’ is deprecated: Use WriteUtf8V2 instead. [-Wdeprecated-declarations]
 1173 |         length_ = string->WriteUtf8(v8::Isolate::GetCurrent(), str_,
      |                   ~~~~~~~~~~~~~~~~~^~~~~~~~~~~~~~~~~~~~~~~~~~~~~~~~~
 1174 |                                     static_cast<int>(len), 0, flags);
      |                                     ~~~~~~~~~~~~~~~~~~~~~~~~~~~~~~~~
../../nan/nan_scriptorigin.h:36:55: note: there are 3 candidates
In file included from /home/sanjevi/.cache/node-gyp/24.20.0/include/node/v8-object.h:12,
                 from /home/sanjevi/.cache/node-gyp/24.20.0/include/node/v8-array-buffer.h:14,
                 from /home/sanjevi/.cache/node-gyp/24.20.0/include/node/v8.h:24,
                 from /home/sanjevi/.cache/node-gyp/24.20.0/include/node/node.h:74,
                 from ../../nan/nan.h:62:
/home/sanjevi/.cache/node-gyp/24.20.0/include/node/v8-primitive.h:212:7: note: declared here
  212 |   int WriteUtf8(Isolate* isolate, char* buffer, int length = -1,
      |       ^~~~~~~~~
In file included from /home/sanjevi/.cache/node-gyp/24.20.0/include/node/v8-script.h:20,
                 from /home/sanjevi/.cache/node-gyp/24.20.0/include/node/v8-debug.h:10,
                 from /home/sanjevi/.cache/node-gyp/24.20.0/include/node/v8-isolate.h:19,
                 from /home/sanjevi/.cache/node-gyp/24.20.0/include/node/v8-snapshot.h:9,
                 from /home/sanjevi/.cache/node-gyp/24.20.0/include/node/v8-context.h:15,
                 from /home/sanjevi/.cache/node-gyp/24.20.0/include/node/v8.h:26:
/home/sanjevi/.cache/node-gyp/24.20.0/include/node/v8-message.h:65:13: note: candidate 1: ‘v8::ScriptOrigin::ScriptOrigin(v8::Local<v8::Value>, int, int, bool, int, v8::Local<v8::Value>, bool, bool, bool, v8::Local<v8::Data>)’
   65 |   V8_INLINE ScriptOrigin(Local<Value> resource_name,
      |             ^~~~~~~~~~~~
/home/sanjevi/.cache/node-gyp/24.20.0/include/node/v8-message.h:65:39: note: no known conversion for argument 1 from ‘v8::Isolate*’ to ‘v8::Local<v8::Value>’
   65 |   V8_INLINE ScriptOrigin(Local<Value> resource_name,
      |                          ~~~~~~~~~~~~~^~~~~~~~~~~~~
/home/sanjevi/.cache/node-gyp/24.20.0/include/node/v8-message.h:63:17: note: candidate 2: ‘constexpr v8::ScriptOrigin::ScriptOrigin(const v8::ScriptOrigin&)’
   63 | class V8_EXPORT ScriptOrigin {
      |                 ^~~~~~~~~~~~
/home/sanjevi/.cache/node-gyp/24.20.0/include/node/v8-message.h:63:17: note: candidate expects 1 argument, 2 provided
/home/sanjevi/.cache/node-gyp/24.20.0/include/node/v8-message.h:63:17: note: candidate 3: ‘constexpr v8::ScriptOrigin::ScriptOrigin(v8::ScriptOrigin&&)’
/home/sanjevi/.cache/node-gyp/24.20.0/include/node/v8-message.h:63:17: note: candidate expects 1 argument, 2 provided
../../nan/nan_scriptorigin.h: In constructor ‘Nan::ScriptOrigin::ScriptOrigin(v8::Local<v8::Value>, v8::Local<v8::Integer>)’:
../../nan/nan_scriptorigin.h:42:52: error: no matching function for call to ‘v8::ScriptOrigin::ScriptOrigin(v8::Isolate*, v8::Local<v8::Value>&, int)’
   42 |                    , To<int32_t>(line).FromMaybe(0)) {}
      |                                                    ^
../../nan/nan_scriptorigin.h:42:52: note: there are 3 candidates
/home/sanjevi/.cache/node-gyp/24.20.0/include/node/v8-message.h:65:13: note: candidate 1: ‘v8::ScriptOrigin::ScriptOrigin(v8::Local<v8::Value>, int, int, bool, int, v8::Local<v8::Value>, bool, bool, bool, v8::Local<v8::Data>)’
   65 |   V8_INLINE ScriptOrigin(Local<Value> resource_name,
      |             ^~~~~~~~~~~~
/home/sanjevi/.cache/node-gyp/24.20.0/include/node/v8-message.h:65:39: note: no known conversion for argument 1 from ‘v8::Isolate*’ to ‘v8::Local<v8::Value>’
   65 |   V8_INLINE ScriptOrigin(Local<Value> resource_name,
      |                          ~~~~~~~~~~~~~^~~~~~~~~~~~~
/home/sanjevi/.cache/node-gyp/24.20.0/include/node/v8-message.h:63:17: note: candidate 2: ‘constexpr v8::ScriptOrigin::ScriptOrigin(const v8::ScriptOrigin&)’
   63 | class V8_EXPORT ScriptOrigin {
      |                 ^~~~~~~~~~~~
/home/sanjevi/.cache/node-gyp/24.20.0/include/node/v8-message.h:63:17: note: candidate expects 1 argument, 3 provided
/home/sanjevi/.cache/node-gyp/24.20.0/include/node/v8-message.h:63:17: note: candidate 3: ‘constexpr v8::ScriptOrigin::ScriptOrigin(v8::ScriptOrigin&&)’
/home/sanjevi/.cache/node-gyp/24.20.0/include/node/v8-message.h:63:17: note: candidate expects 1 argument, 3 provided
../../nan/nan_scriptorigin.h: In constructor ‘Nan::ScriptOrigin::ScriptOrigin(v8::Local<v8::Value>, v8::Local<v8::Integer>, v8::Local<v8::Integer>)’:
../../nan/nan_scriptorigin.h:50:54: error: no matching function for call to ‘v8::ScriptOrigin::ScriptOrigin(v8::Isolate*, v8::Local<v8::Value>&, int, int)’
   50 |                    , To<int32_t>(column).FromMaybe(0)) {}
      |                                                      ^
../../nan/nan_scriptorigin.h:50:54: note: there are 3 candidates
/home/sanjevi/.cache/node-gyp/24.20.0/include/node/v8-message.h:65:13: note: candidate 1: ‘v8::ScriptOrigin::ScriptOrigin(v8::Local<v8::Value>, int, int, bool, int, v8::Local<v8::Value>, bool, bool, bool, v8::Local<v8::Data>)’
   65 |   V8_INLINE ScriptOrigin(Local<Value> resource_name,
      |             ^~~~~~~~~~~~
/home/sanjevi/.cache/node-gyp/24.20.0/include/node/v8-message.h:65:39: note: no known conversion for argument 1 from ‘v8::Isolate*’ to ‘v8::Local<v8::Value>’
   65 |   V8_INLINE ScriptOrigin(Local<Value> resource_name,
      |                          ~~~~~~~~~~~~~^~~~~~~~~~~~~
/home/sanjevi/.cache/node-gyp/24.20.0/include/node/v8-message.h:63:17: note: candidate 2: ‘constexpr v8::ScriptOrigin::ScriptOrigin(const v8::ScriptOrigin&)’
   63 | class V8_EXPORT ScriptOrigin {
      |                 ^~~~~~~~~~~~
/home/sanjevi/.cache/node-gyp/24.20.0/include/node/v8-message.h:63:17: note: candidate expects 1 argument, 4 provided
/home/sanjevi/.cache/node-gyp/24.20.0/include/node/v8-message.h:63:17: note: candidate 3: ‘constexpr v8::ScriptOrigin::ScriptOrigin(v8::ScriptOrigin&&)’
/home/sanjevi/.cache/node-gyp/24.20.0/include/node/v8-message.h:63:17: note: candidate expects 1 argument, 4 provided
../../nan/nan.h: In function ‘v8::Local<v8::Value> Nan::Encode(const void*, size_t, Encoding)’:
../../nan/nan.h:2418:24: warning: ‘v8::Local<v8::Value> node::Encode(v8::Isolate*, const uint16_t*, size_t)’ is deprecated: Use TryEncode(...) instead [-Wdeprecated-declarations]
 2418 |     return node::Encode(
      |            ~~~~~~~~~~~~^
 2419 |         isolate
      |         ~~~~~~~         
 2420 |       , reinterpret_cast<const uint16_t *>(buf)
      |       ~~~~~~~~~~~~~~~~~~~~~~~~~~~~~~~~~~~~~~~~~
 2421 |       , len / 2);
      |       ~~~~~~~~~~        
/home/sanjevi/.cache/node-gyp/24.20.0/include/node/node.h:1274:50: note: declared here
 1274 |                 NODE_EXTERN v8::Local<v8::Value> Encode(v8::Isolate* isolate,
      |                                                  ^~~~~~
/home/sanjevi/.cache/node-gyp/24.20.0/include/node/node.h:114:70: note: in definition of macro ‘NODE_DEPRECATED’
  114 | #define NODE_DEPRECATED(message, declarator) [[deprecated(message)]] declarator
      |                                                                      ^~~~~~~~~~
../../nan/nan.h:2423:24: warning: ‘v8::Local<v8::Value> node::Encode(v8::Isolate*, const char*, size_t, encoding)’ is deprecated: Use TryEncode(...) instead [-Wdeprecated-declarations]
 2423 |     return node::Encode(
      |            ~~~~~~~~~~~~^
 2424 |         isolate
      |         ~~~~~~~         
 2425 |       , reinterpret_cast<const char *>(buf)
      |       ~~~~~~~~~~~~~~~~~~~~~~~~~~~~~~~~~~~~~
 2426 |       , len
      |       ~~~~~             
 2427 |       , node_enc);
      |       ~~~~~~~~~~~       
/home/sanjevi/.cache/node-gyp/24.20.0/include/node/node.h:1266:38: note: declared here
 1266 |     NODE_EXTERN v8::Local<v8::Value> Encode(v8::Isolate* isolate,
      |                                      ^~~~~~
/home/sanjevi/.cache/node-gyp/24.20.0/include/node/node.h:114:70: note: in definition of macro ‘NODE_DEPRECATED’
  114 | #define NODE_DEPRECATED(message, declarator) [[deprecated(message)]] declarator
      |                                                                      ^~~~~~~~~~
make: *** [re2.target.mk:243: Release/obj.target/re2/lib/test.o] Error 1
make: *** Waiting for unfinished jobs....
In file included from ../../nan/nan.h:3045:
../../nan/nan_scriptorigin.h: In constructor ‘Nan::ScriptOrigin::ScriptOrigin(v8::Local<v8::Value>)’:
../../nan/nan_scriptorigin.h:36:55: error: no matching function for call to ‘v8::ScriptOrigin::ScriptOrigin(v8::Isolate*, v8::Local<v8::Value>&)’
   36 |       v8::ScriptOrigin(v8::Isolate::GetCurrent(), name) {}
      |                                                       ^
../../nan/nan_scriptorigin.h:36:55: note: there are 3 candidates
In file included from /home/sanjevi/.cache/node-gyp/24.20.0/include/node/v8-script.h:20,
                 from /home/sanjevi/.cache/node-gyp/24.20.0/include/node/v8-debug.h:10,
                 from /home/sanjevi/.cache/node-gyp/24.20.0/include/node/v8-isolate.h:19,
                 from /home/sanjevi/.cache/node-gyp/24.20.0/include/node/v8-snapshot.h:9,
                 from /home/sanjevi/.cache/node-gyp/24.20.0/include/node/v8-context.h:15,
                 from /home/sanjevi/.cache/node-gyp/24.20.0/include/node/v8.h:26:
/home/sanjevi/.cache/node-gyp/24.20.0/include/node/v8-message.h:65:13: note: candidate 1: ‘v8::ScriptOrigin::ScriptOrigin(v8::Local<v8::Value>, int, int, bool, int, v8::Local<v8::Value>, bool, bool, bool, v8::Local<v8::Data>)’
   65 |   V8_INLINE ScriptOrigin(Local<Value> resource_name,
      |             ^~~~~~~~~~~~
/home/sanjevi/.cache/node-gyp/24.20.0/include/node/v8-message.h:65:39: note: no known conversion for argument 1 from ‘v8::Isolate*’ to ‘v8::Local<v8::Value>’
   65 |   V8_INLINE ScriptOrigin(Local<Value> resource_name,
      |                          ~~~~~~~~~~~~~^~~~~~~~~~~~~
/home/sanjevi/.cache/node-gyp/24.20.0/include/node/v8-message.h:63:17: note: candidate 2: ‘constexpr v8::ScriptOrigin::ScriptOrigin(const v8::ScriptOrigin&)’
   63 | class V8_EXPORT ScriptOrigin {
      |                 ^~~~~~~~~~~~
/home/sanjevi/.cache/node-gyp/24.20.0/include/node/v8-message.h:63:17: note: candidate expects 1 argument, 2 provided
/home/sanjevi/.cache/node-gyp/24.20.0/include/node/v8-message.h:63:17: note: candidate 3: ‘constexpr v8::ScriptOrigin::ScriptOrigin(v8::ScriptOrigin&&)’
/home/sanjevi/.cache/node-gyp/24.20.0/include/node/v8-message.h:63:17: note: candidate expects 1 argument, 2 provided
../../nan/nan_scriptorigin.h: In constructor ‘Nan::ScriptOrigin::ScriptOrigin(v8::Local<v8::Value>, v8::Local<v8::Integer>)’:
../../nan/nan_scriptorigin.h:42:52: error: no matching function for call to ‘v8::ScriptOrigin::ScriptOrigin(v8::Isolate*, v8::Local<v8::Value>&, int)’
   42 |                    , To<int32_t>(line).FromMaybe(0)) {}
      |                                                    ^
../../nan/nan_scriptorigin.h:42:52: note: there are 3 candidates
/home/sanjevi/.cache/node-gyp/24.20.0/include/node/v8-message.h:65:13: note: candidate 1: ‘v8::ScriptOrigin::ScriptOrigin(v8::Local<v8::Value>, int, int, bool, int, v8::Local<v8::Value>, bool, bool, bool, v8::Local<v8::Data>)’
   65 |   V8_INLINE ScriptOrigin(Local<Value> resource_name,
      |             ^~~~~~~~~~~~
/home/sanjevi/.cache/node-gyp/24.20.0/include/node/v8-message.h:65:39: note: no known conversion for argument 1 from ‘v8::Isolate*’ to ‘v8::Local<v8::Value>’
   65 |   V8_INLINE ScriptOrigin(Local<Value> resource_name,
      |                          ~~~~~~~~~~~~~^~~~~~~~~~~~~
/home/sanjevi/.cache/node-gyp/24.20.0/include/node/v8-message.h:63:17: note: candidate 2: ‘constexpr v8::ScriptOrigin::ScriptOrigin(const v8::ScriptOrigin&)’
   63 | class V8_EXPORT ScriptOrigin {
      |                 ^~~~~~~~~~~~
/home/sanjevi/.cache/node-gyp/24.20.0/include/node/v8-message.h:63:17: note: candidate expects 1 argument, 3 provided
/home/sanjevi/.cache/node-gyp/24.20.0/include/node/v8-message.h:63:17: note: candidate 3: ‘constexpr v8::ScriptOrigin::ScriptOrigin(v8::ScriptOrigin&&)’
/home/sanjevi/.cache/node-gyp/24.20.0/include/node/v8-message.h:63:17: note: candidate expects 1 argument, 3 provided
../../nan/nan_scriptorigin.h: In constructor ‘Nan::ScriptOrigin::ScriptOrigin(v8::Local<v8::Value>, v8::Local<v8::Integer>, v8::Local<v8::Integer>)’:
../../nan/nan_scriptorigin.h:50:54: error: no matching function for call to ‘v8::ScriptOrigin::ScriptOrigin(v8::Isolate*, v8::Local<v8::Value>&, int, int)’
   50 |                    , To<int32_t>(column).FromMaybe(0)) {}
      |                                                      ^
../../nan/nan_scriptorigin.h:50:54: note: there are 3 candidates
/home/sanjevi/.cache/node-gyp/24.20.0/include/node/v8-message.h:65:13: note: candidate 1: ‘v8::ScriptOrigin::ScriptOrigin(v8::Local<v8::Value>, int, int, bool, int, v8::Local<v8::Value>, bool, bool, bool, v8::Local<v8::Data>)’
   65 |   V8_INLINE ScriptOrigin(Local<Value> resource_name,
      |             ^~~~~~~~~~~~
/home/sanjevi/.cache/node-gyp/24.20.0/include/node/v8-message.h:65:39: note: no known conversion for argument 1 from ‘v8::Isolate*’ to ‘v8::Local<v8::Value>’
   65 |   V8_INLINE ScriptOrigin(Local<Value> resource_name,
      |                          ~~~~~~~~~~~~~^~~~~~~~~~~~~
/home/sanjevi/.cache/node-gyp/24.20.0/include/node/v8-message.h:63:17: note: candidate 2: ‘constexpr v8::ScriptOrigin::ScriptOrigin(const v8::ScriptOrigin&)’
   63 | class V8_EXPORT ScriptOrigin {
      |                 ^~~~~~~~~~~~
/home/sanjevi/.cache/node-gyp/24.20.0/include/node/v8-message.h:63:17: note: candidate expects 1 argument, 4 provided
/home/sanjevi/.cache/node-gyp/24.20.0/include/node/v8-message.h:63:17: note: candidate 3: ‘constexpr v8::ScriptOrigin::ScriptOrigin(v8::ScriptOrigin&&)’
/home/sanjevi/.cache/node-gyp/24.20.0/include/node/v8-message.h:63:17: note: candidate expects 1 argument, 4 provided
In file included from ../lib/./wrapped_re2.h:4,
                 from ../lib/addon.cc:1:
../../nan/nan.h: In constructor ‘Nan::Utf8String::Utf8String(v8::Local<v8::Value>)’:
../../nan/nan.h:1173:36: warning: ‘int v8::String::WriteUtf8(v8::Isolate*, char*, int, int*, int) const’ is deprecated: Use WriteUtf8V2 instead. [-Wdeprecated-declarations]
 1173 |         length_ = string->WriteUtf8(v8::Isolate::GetCurrent(), str_,
      |                   ~~~~~~~~~~~~~~~~~^~~~~~~~~~~~~~~~~~~~~~~~~~~~~~~~~
 1174 |                                     static_cast<int>(len), 0, flags);
      |                                     ~~~~~~~~~~~~~~~~~~~~~~~~~~~~~~~~
In file included from /home/sanjevi/.cache/node-gyp/24.20.0/include/node/v8-object.h:12,
                 from /home/sanjevi/.cache/node-gyp/24.20.0/include/node/v8-array-buffer.h:14,
                 from /home/sanjevi/.cache/node-gyp/24.20.0/include/node/v8.h:24,
                 from /home/sanjevi/.cache/node-gyp/24.20.0/include/node/node.h:74,
                 from ../../nan/nan.h:62:
/home/sanjevi/.cache/node-gyp/24.20.0/include/node/v8-primitive.h:212:7: note: declared here
  212 |   int WriteUtf8(Isolate* isolate, char* buffer, int length = -1,
      |       ^~~~~~~~~
../../nan/nan.h: In function ‘v8::Local<v8::Value> Nan::Encode(const void*, size_t, Encoding)’:
../../nan/nan.h:2418:24: warning: ‘v8::Local<v8::Value> node::Encode(v8::Isolate*, const uint16_t*, size_t)’ is deprecated: Use TryEncode(...) instead [-Wdeprecated-declarations]
 2418 |     return node::Encode(
      |            ~~~~~~~~~~~~^
 2419 |         isolate
      |         ~~~~~~~         
 2420 |       , reinterpret_cast<const uint16_t *>(buf)
      |       ~~~~~~~~~~~~~~~~~~~~~~~~~~~~~~~~~~~~~~~~~
 2421 |       , len / 2);
      |       ~~~~~~~~~~        
/home/sanjevi/.cache/node-gyp/24.20.0/include/node/node.h:1274:50: note: declared here
 1274 |                 NODE_EXTERN v8::Local<v8::Value> Encode(v8::Isolate* isolate,
      |                                                  ^~~~~~
/home/sanjevi/.cache/node-gyp/24.20.0/include/node/node.h:114:70: note: in definition of macro ‘NODE_DEPRECATED’
  114 | #define NODE_DEPRECATED(message, declarator) [[deprecated(message)]] declarator
      |                                                                      ^~~~~~~~~~
../../nan/nan.h:2423:24: warning: ‘v8::Local<v8::Value> node::Encode(v8::Isolate*, const char*, size_t, encoding)’ is deprecated: Use TryEncode(...) instead [-Wdeprecated-declarations]
 2423 |     return node::Encode(
      |            ~~~~~~~~~~~~^
 2424 |         isolate
      |         ~~~~~~~         
 2425 |       , reinterpret_cast<const char *>(buf)
      |       ~~~~~~~~~~~~~~~~~~~~~~~~~~~~~~~~~~~~~
 2426 |       , len
      |       ~~~~~             
 2427 |       , node_enc);
      |       ~~~~~~~~~~~       
/home/sanjevi/.cache/node-gyp/24.20.0/include/node/node.h:1266:38: note: declared here
 1266 |     NODE_EXTERN v8::Local<v8::Value> Encode(v8::Isolate* isolate,
      |                                      ^~~~~~
/home/sanjevi/.cache/node-gyp/24.20.0/include/node/node.h:114:70: note: in definition of macro ‘NODE_DEPRECATED’
  114 | #define NODE_DEPRECATED(message, declarator) [[deprecated(message)]] declarator
      |                                                                      ^~~~~~~~~~
make: *** [re2.target.mk:243: Release/obj.target/re2/lib/search.o] Error 1
make: *** [re2.target.mk:243: Release/obj.target/re2/lib/replace.o] Error 1
In file included from ../../nan/nan.h:3045:
../../nan/nan_scriptorigin.h: In constructor ‘Nan::ScriptOrigin::ScriptOrigin(v8::Local<v8::Value>)’:
../../nan/nan_scriptorigin.h:36:55: error: no matching function for call to ‘v8::ScriptOrigin::ScriptOrigin(v8::Isolate*, v8::Local<v8::Value>&)’
   36 |       v8::ScriptOrigin(v8::Isolate::GetCurrent(), name) {}
      |                                                       ^
../../nan/nan_scriptorigin.h:36:55: note: there are 3 candidates
In file included from /home/sanjevi/.cache/node-gyp/24.20.0/include/node/v8-script.h:20,
                 from /home/sanjevi/.cache/node-gyp/24.20.0/include/node/v8-debug.h:10,
                 from /home/sanjevi/.cache/node-gyp/24.20.0/include/node/v8-isolate.h:19,
                 from /home/sanjevi/.cache/node-gyp/24.20.0/include/node/v8-snapshot.h:9,
                 from /home/sanjevi/.cache/node-gyp/24.20.0/include/node/v8-context.h:15,
                 from /home/sanjevi/.cache/node-gyp/24.20.0/include/node/v8.h:26:
/home/sanjevi/.cache/node-gyp/24.20.0/include/node/v8-message.h:65:13: note: candidate 1: ‘v8::ScriptOrigin::ScriptOrigin(v8::Local<v8::Value>, int, int, bool, int, v8::Local<v8::Value>, bool, bool, bool, v8::Local<v8::Data>)’
   65 |   V8_INLINE ScriptOrigin(Local<Value> resource_name,
      |             ^~~~~~~~~~~~
/home/sanjevi/.cache/node-gyp/24.20.0/include/node/v8-message.h:65:39: note: no known conversion for argument 1 from ‘v8::Isolate*’ to ‘v8::Local<v8::Value>’
   65 |   V8_INLINE ScriptOrigin(Local<Value> resource_name,
      |                          ~~~~~~~~~~~~~^~~~~~~~~~~~~
/home/sanjevi/.cache/node-gyp/24.20.0/include/node/v8-message.h:63:17: note: candidate 2: ‘constexpr v8::ScriptOrigin::ScriptOrigin(const v8::ScriptOrigin&)’
   63 | class V8_EXPORT ScriptOrigin {
      |                 ^~~~~~~~~~~~
/home/sanjevi/.cache/node-gyp/24.20.0/include/node/v8-message.h:63:17: note: candidate expects 1 argument, 2 provided
/home/sanjevi/.cache/node-gyp/24.20.0/include/node/v8-message.h:63:17: note: candidate 3: ‘constexpr v8::ScriptOrigin::ScriptOrigin(v8::ScriptOrigin&&)’
/home/sanjevi/.cache/node-gyp/24.20.0/include/node/v8-message.h:63:17: note: candidate expects 1 argument, 2 provided
../../nan/nan_scriptorigin.h: In constructor ‘Nan::ScriptOrigin::ScriptOrigin(v8::Local<v8::Value>, v8::Local<v8::Integer>)’:
../../nan/nan_scriptorigin.h:42:52: error: no matching function for call to ‘v8::ScriptOrigin::ScriptOrigin(v8::Isolate*, v8::Local<v8::Value>&, int)’
   42 |                    , To<int32_t>(line).FromMaybe(0)) {}
      |                                                    ^
../../nan/nan_scriptorigin.h:42:52: note: there are 3 candidates
/home/sanjevi/.cache/node-gyp/24.20.0/include/node/v8-message.h:65:13: note: candidate 1: ‘v8::ScriptOrigin::ScriptOrigin(v8::Local<v8::Value>, int, int, bool, int, v8::Local<v8::Value>, bool, bool, bool, v8::Local<v8::Data>)’
   65 |   V8_INLINE ScriptOrigin(Local<Value> resource_name,
      |             ^~~~~~~~~~~~
/home/sanjevi/.cache/node-gyp/24.20.0/include/node/v8-message.h:65:39: note: no known conversion for argument 1 from ‘v8::Isolate*’ to ‘v8::Local<v8::Value>’
   65 |   V8_INLINE ScriptOrigin(Local<Value> resource_name,
      |                          ~~~~~~~~~~~~~^~~~~~~~~~~~~
/home/sanjevi/.cache/node-gyp/24.20.0/include/node/v8-message.h:63:17: note: candidate 2: ‘constexpr v8::ScriptOrigin::ScriptOrigin(const v8::ScriptOrigin&)’
   63 | class V8_EXPORT ScriptOrigin {
      |                 ^~~~~~~~~~~~
/home/sanjevi/.cache/node-gyp/24.20.0/include/node/v8-message.h:63:17: note: candidate expects 1 argument, 3 provided
/home/sanjevi/.cache/node-gyp/24.20.0/include/node/v8-message.h:63:17: note: candidate 3: ‘constexpr v8::ScriptOrigin::ScriptOrigin(v8::ScriptOrigin&&)’
/home/sanjevi/.cache/node-gyp/24.20.0/include/node/v8-message.h:63:17: note: candidate expects 1 argument, 3 provided
../../nan/nan_scriptorigin.h: In constructor ‘Nan::ScriptOrigin::ScriptOrigin(v8::Local<v8::Value>, v8::Local<v8::Integer>, v8::Local<v8::Integer>)’:
../../nan/nan_scriptorigin.h:50:54: error: no matching function for call to ‘v8::ScriptOrigin::ScriptOrigin(v8::Isolate*, v8::Local<v8::Value>&, int, int)’
   50 |                    , To<int32_t>(column).FromMaybe(0)) {}
      |                                                      ^
../../nan/nan_scriptorigin.h:50:54: note: there are 3 candidates
/home/sanjevi/.cache/node-gyp/24.20.0/include/node/v8-message.h:65:13: note: candidate 1: ‘v8::ScriptOrigin::ScriptOrigin(v8::Local<v8::Value>, int, int, bool, int, v8::Local<v8::Value>, bool, bool, bool, v8::Local<v8::Data>)’
   65 |   V8_INLINE ScriptOrigin(Local<Value> resource_name,
      |             ^~~~~~~~~~~~
/home/sanjevi/.cache/node-gyp/24.20.0/include/node/v8-message.h:65:39: note: no known conversion for argument 1 from ‘v8::Isolate*’ to ‘v8::Local<v8::Value>’
   65 |   V8_INLINE ScriptOrigin(Local<Value> resource_name,
      |                          ~~~~~~~~~~~~~^~~~~~~~~~~~~
/home/sanjevi/.cache/node-gyp/24.20.0/include/node/v8-message.h:63:17: note: candidate 2: ‘constexpr v8::ScriptOrigin::ScriptOrigin(const v8::ScriptOrigin&)’
   63 | class V8_EXPORT ScriptOrigin {
      |                 ^~~~~~~~~~~~
make: *** [re2.target.mk:243: Release/obj.target/re2/lib/exec.o] Error 1
/home/sanjevi/.cache/node-gyp/24.20.0/include/node/v8-message.h:63:17: note: candidate expects 1 argument, 4 provided
/home/sanjevi/.cache/node-gyp/24.20.0/include/node/v8-message.h:63:17: note: candidate 3: ‘constexpr v8::ScriptOrigin::ScriptOrigin(v8::ScriptOrigin&&)’
/home/sanjevi/.cache/node-gyp/24.20.0/include/node/v8-message.h:63:17: note: candidate expects 1 argument, 4 provided
make: *** [re2.target.mk:243: Release/obj.target/re2/lib/util.o] Error 1
In file included from ../lib/./wrapped_re2.h:4,
                 from ../lib/split.cc:1:
../../nan/nan.h: In constructor ‘Nan::Utf8String::Utf8String(v8::Local<v8::Value>)’:
../../nan/nan.h:1173:36: warning: ‘int v8::String::WriteUtf8(v8::Isolate*, char*, int, int*, int) const’ is deprecated: Use WriteUtf8V2 instead. [-Wdeprecated-declarations]
 1173 |         length_ = string->WriteUtf8(v8::Isolate::GetCurrent(), str_,
      |                   ~~~~~~~~~~~~~~~~~^~~~~~~~~~~~~~~~~~~~~~~~~~~~~~~~~
 1174 |                                     static_cast<int>(len), 0, flags);
      |                                     ~~~~~~~~~~~~~~~~~~~~~~~~~~~~~~~~
In file included from /home/sanjevi/.cache/node-gyp/24.20.0/include/node/v8-object.h:12,
                 from /home/sanjevi/.cache/node-gyp/24.20.0/include/node/v8-array-buffer.h:14,
                 from /home/sanjevi/.cache/node-gyp/24.20.0/include/node/v8.h:24,
                 from /home/sanjevi/.cache/node-gyp/24.20.0/include/node/node.h:74,
                 from ../../nan/nan.h:62:
/home/sanjevi/.cache/node-gyp/24.20.0/include/node/v8-primitive.h:212:7: note: declared here
  212 |   int WriteUtf8(Isolate* isolate, char* buffer, int length = -1,
      |       ^~~~~~~~~
../../nan/nan.h: In function ‘v8::Local<v8::Value> Nan::Encode(const void*, size_t, Encoding)’:
../../nan/nan.h:2418:24: warning: ‘v8::Local<v8::Value> node::Encode(v8::Isolate*, const uint16_t*, size_t)’ is deprecated: Use TryEncode(...) instead [-Wdeprecated-declarations]
 2418 |     return node::Encode(
      |            ~~~~~~~~~~~~^
 2419 |         isolate
      |         ~~~~~~~         
 2420 |       , reinterpret_cast<const uint16_t *>(buf)
      |       ~~~~~~~~~~~~~~~~~~~~~~~~~~~~~~~~~~~~~~~~~
 2421 |       , len / 2);
      |       ~~~~~~~~~~        
/home/sanjevi/.cache/node-gyp/24.20.0/include/node/node.h:1274:50: note: declared here
 1274 |                 NODE_EXTERN v8::Local<v8::Value> Encode(v8::Isolate* isolate,
      |                                                  ^~~~~~
/home/sanjevi/.cache/node-gyp/24.20.0/include/node/node.h:114:70: note: in definition of macro ‘NODE_DEPRECATED’
  114 | #define NODE_DEPRECATED(message, declarator) [[deprecated(message)]] declarator
      |                                                                      ^~~~~~~~~~
../../nan/nan.h:2423:24: warning: ‘v8::Local<v8::Value> node::Encode(v8::Isolate*, const char*, size_t, encoding)’ is deprecated: Use TryEncode(...) instead [-Wdeprecated-declarations]
 2423 |     return node::Encode(
      |            ~~~~~~~~~~~~^
 2424 |         isolate
      |         ~~~~~~~         
 2425 |       , reinterpret_cast<const char *>(buf)
      |       ~~~~~~~~~~~~~~~~~~~~~~~~~~~~~~~~~~~~~
 2426 |       , len
      |       ~~~~~             
 2427 |       , node_enc);
      |       ~~~~~~~~~~~       
/home/sanjevi/.cache/node-gyp/24.20.0/include/node/node.h:1266:38: note: declared here
 1266 |     NODE_EXTERN v8::Local<v8::Value> Encode(v8::Isolate* isolate,
      |                                      ^~~~~~
/home/sanjevi/.cache/node-gyp/24.20.0/include/node/node.h:114:70: note: in definition of macro ‘NODE_DEPRECATED’
  114 | #define NODE_DEPRECATED(message, declarator) [[deprecated(message)]] declarator
      |                                                                      ^~~~~~~~~~
make: *** [re2.target.mk:243: Release/obj.target/re2/lib/to_string.o] Error 1
In file included from ../../nan/nan.h:3045:
../../nan/nan_scriptorigin.h: In constructor ‘Nan::ScriptOrigin::ScriptOrigin(v8::Local<v8::Value>)’:
../../nan/nan_scriptorigin.h:36:55: error: no matching function for call to ‘v8::ScriptOrigin::ScriptOrigin(v8::Isolate*, v8::Local<v8::Value>&)’
   36 |       v8::ScriptOrigin(v8::Isolate::GetCurrent(), name) {}
      |                                                       ^
../../nan/nan_scriptorigin.h:36:55: note: there are 3 candidates
In file included from /home/sanjevi/.cache/node-gyp/24.20.0/include/node/v8-script.h:20,
                 from /home/sanjevi/.cache/node-gyp/24.20.0/include/node/v8-debug.h:10,
                 from /home/sanjevi/.cache/node-gyp/24.20.0/include/node/v8-isolate.h:19,
                 from /home/sanjevi/.cache/node-gyp/24.20.0/include/node/v8-snapshot.h:9,
                 from /home/sanjevi/.cache/node-gyp/24.20.0/include/node/v8-context.h:15,
                 from /home/sanjevi/.cache/node-gyp/24.20.0/include/node/v8.h:26:
/home/sanjevi/.cache/node-gyp/24.20.0/include/node/v8-message.h:65:13: note: candidate 1: ‘v8::ScriptOrigin::ScriptOrigin(v8::Local<v8::Value>, int, int, bool, int, v8::Local<v8::Value>, bool, bool, bool, v8::Local<v8::Data>)’
   65 |   V8_INLINE ScriptOrigin(Local<Value> resource_name,
      |             ^~~~~~~~~~~~
/home/sanjevi/.cache/node-gyp/24.20.0/include/node/v8-message.h:65:39: note: no known conversion for argument 1 from ‘v8::Isolate*’ to ‘v8::Local<v8::Value>’
   65 |   V8_INLINE ScriptOrigin(Local<Value> resource_name,
      |                          ~~~~~~~~~~~~~^~~~~~~~~~~~~
/home/sanjevi/.cache/node-gyp/24.20.0/include/node/v8-message.h:63:17: note: candidate 2: ‘constexpr v8::ScriptOrigin::ScriptOrigin(const v8::ScriptOrigin&)’
   63 | class V8_EXPORT ScriptOrigin {
      |                 ^~~~~~~~~~~~
/home/sanjevi/.cache/node-gyp/24.20.0/include/node/v8-message.h:63:17: note: candidate expects 1 argument, 2 provided
/home/sanjevi/.cache/node-gyp/24.20.0/include/node/v8-message.h:63:17: note: candidate 3: ‘constexpr v8::ScriptOrigin::ScriptOrigin(v8::ScriptOrigin&&)’
/home/sanjevi/.cache/node-gyp/24.20.0/include/node/v8-message.h:63:17: note: candidate expects 1 argument, 2 provided
../../nan/nan_scriptorigin.h: In constructor ‘Nan::ScriptOrigin::ScriptOrigin(v8::Local<v8::Value>, v8::Local<v8::Integer>)’:
../../nan/nan_scriptorigin.h:42:52: error: no matching function for call to ‘v8::ScriptOrigin::ScriptOrigin(v8::Isolate*, v8::Local<v8::Value>&, int)’
   42 |                    , To<int32_t>(line).FromMaybe(0)) {}
      |                                                    ^
../../nan/nan_scriptorigin.h:42:52: note: there are 3 candidates
/home/sanjevi/.cache/node-gyp/24.20.0/include/node/v8-message.h:65:13: note: candidate 1: ‘v8::ScriptOrigin::ScriptOrigin(v8::Local<v8::Value>, int, int, bool, int, v8::Local<v8::Value>, bool, bool, bool, v8::Local<v8::Data>)’
   65 |   V8_INLINE ScriptOrigin(Local<Value> resource_name,
      |             ^~~~~~~~~~~~
/home/sanjevi/.cache/node-gyp/24.20.0/include/node/v8-message.h:65:39: note: no known conversion for argument 1 from ‘v8::Isolate*’ to ‘v8::Local<v8::Value>’
   65 |   V8_INLINE ScriptOrigin(Local<Value> resource_name,
      |                          ~~~~~~~~~~~~~^~~~~~~~~~~~~
/home/sanjevi/.cache/node-gyp/24.20.0/include/node/v8-message.h:63:17: note: candidate 2: ‘constexpr v8::ScriptOrigin::ScriptOrigin(const v8::ScriptOrigin&)’
   63 | class V8_EXPORT ScriptOrigin {
      |                 ^~~~~~~~~~~~
/home/sanjevi/.cache/node-gyp/24.20.0/include/node/v8-message.h:63:17: note: candidate expects 1 argument, 3 provided
/home/sanjevi/.cache/node-gyp/24.20.0/include/node/v8-message.h:63:17: note: candidate 3: ‘constexpr v8::ScriptOrigin::ScriptOrigin(v8::ScriptOrigin&&)’
/home/sanjevi/.cache/node-gyp/24.20.0/include/node/v8-message.h:63:17: note: candidate expects 1 argument, 3 provided
../../nan/nan_scriptorigin.h: In constructor ‘Nan::ScriptOrigin::ScriptOrigin(v8::Local<v8::Value>, v8::Local<v8::Integer>, v8::Local<v8::Integer>)’:
../../nan/nan_scriptorigin.h:50:54: error: no matching function for call to ‘v8::ScriptOrigin::ScriptOrigin(v8::Isolate*, v8::Local<v8::Value>&, int, int)’
   50 |                    , To<int32_t>(column).FromMaybe(0)) {}
      |                                                      ^
../../nan/nan_scriptorigin.h:50:54: note: there are 3 candidates
/home/sanjevi/.cache/node-gyp/24.20.0/include/node/v8-message.h:65:13: note: candidate 1: ‘v8::ScriptOrigin::ScriptOrigin(v8::Local<v8::Value>, int, int, bool, int, v8::Local<v8::Value>, bool, bool, bool, v8::Local<v8::Data>)’
   65 |   V8_INLINE ScriptOrigin(Local<Value> resource_name,
      |             ^~~~~~~~~~~~
/home/sanjevi/.cache/node-gyp/24.20.0/include/node/v8-message.h:65:39: note: no known conversion for argument 1 from ‘v8::Isolate*’ to ‘v8::Local<v8::Value>’
   65 |   V8_INLINE ScriptOrigin(Local<Value> resource_name,
      |                          ~~~~~~~~~~~~~^~~~~~~~~~~~~
/home/sanjevi/.cache/node-gyp/24.20.0/include/node/v8-message.h:63:17: note: candidate 2: ‘constexpr v8::ScriptOrigin::ScriptOrigin(const v8::ScriptOrigin&)’
   63 | class V8_EXPORT ScriptOrigin {
      |                 ^~~~~~~~~~~~
/home/sanjevi/.cache/node-gyp/24.20.0/include/node/v8-message.h:63:17: note: candidate expects 1 argument, 4 provided
/home/sanjevi/.cache/node-gyp/24.20.0/include/node/v8-message.h:63:17: note: candidate 3: ‘constexpr v8::ScriptOrigin::ScriptOrigin(v8::ScriptOrigin&&)’
/home/sanjevi/.cache/node-gyp/24.20.0/include/node/v8-message.h:63:17: note: candidate expects 1 argument, 4 provided
make: *** [re2.target.mk:243: Release/obj.target/re2/lib/new.o] Error 1
make: *** [re2.target.mk:243: Release/obj.target/re2/lib/accessors.o] Error 1
make: *** [re2.target.mk:243: Release/obj.target/re2/lib/match.o] Error 1
make: *** [re2.target.mk:243: Release/obj.target/re2/lib/addon.o] Error 1
make: *** [re2.target.mk:243: Release/obj.target/re2/lib/split.o] Error 1
make: Leaving directory '/home/sanjevi/fireside-phase3-full-gate-20260901T200051+0800-91e3c62-support/firebase-js-sdk/node_modules/re2/build'
gyp ERR! build error 
gyp ERR! stack Error: `make` failed with exit code: 2
gyp ERR! stack at ChildProcess.<anonymous> (/home/sanjevi/fireside-phase3-full-gate-20260901T200051+0800-91e3c62-support/firebase-js-sdk/node_modules/re2/node_modules/node-gyp/lib/build.js:216:23)
gyp ERR! System Linux 7.0.0-30-generic
gyp ERR! command \"/home/sanjevi/.local/share/mise/installs/node/24.20.0/bin/node\" \"/home/sanjevi/fireside-phase3-full-gate-20260901T200051+0800-91e3c62-support/firebase-js-sdk/node_modules/re2/node_modules/.bin/node-gyp\" \"-j\" \"max\" \"rebuild\"
gyp ERR! cwd /home/sanjevi/fireside-phase3-full-gate-20260901T200051+0800-91e3c62-support/firebase-js-sdk/node_modules/re2
gyp ERR! node -v v24.20.0
gyp ERR! node-gyp -v v10.3.1
gyp ERR! not ok 
node:internal/process/promises:392
      new UnhandledPromiseRejection(reason);
      ^

UnhandledPromiseRejection: This error originated either by throwing inside of an async function without a catch block, or by rejecting a promise which was not handled with .catch(). The promise rejected with the reason \"1\".
    at throwUnhandledRejectionsMode (node:internal/process/promises:392:7)
    at processPromiseRejections (node:internal/process/promises:475:17)
    at process.processTicksAndRejections (node:internal/process/task_queues:106:37) {
  code: 'ERR_UNHANDLED_REJECTION'
}

Node.js v24.20.0
gyp info it worked if it ends with ok
gyp info using node-gyp@10.3.1
gyp info using node@24.20.0 | linux | x64
gyp info find Python using Python version 3.14.4 found at \"/usr/bin/python3\"

gyp info spawn /usr/bin/python3
gyp info spawn args [
gyp info spawn args '/home/sanjevi/fireside-phase3-full-gate-20260901T200051+0800-91e3c62-support/firebase-js-sdk/node_modules/re2/node_modules/node-gyp/gyp/gyp_main.py',
gyp info spawn args 'binding.gyp',
gyp info spawn args '-f',
gyp info spawn args 'make',
gyp info spawn args '-I',
gyp info spawn args '/home/sanjevi/fireside-phase3-full-gate-20260901T200051+0800-91e3c62-support/firebase-js-sdk/node_modules/re2/build/config.gypi',
gyp info spawn args '-I',
gyp info spawn args '/home/sanjevi/fireside-phase3-full-gate-20260901T200051+0800-91e3c62-support/firebase-js-sdk/node_modules/re2/node_modules/node-gyp/addon.gypi',
gyp info spawn args '-I',
gyp info spawn args '/home/sanjevi/.cache/node-gyp/24.20.0/include/node/common.gypi',
gyp info spawn args '-Dlibrary=shared_library',
gyp info spawn args '-Dvisibility=default',
gyp info spawn args '-Dnode_root_dir=/home/sanjevi/.cache/node-gyp/24.20.0',
gyp info spawn args '-Dnode_gyp_dir=/home/sanjevi/fireside-phase3-full-gate-20260901T200051+0800-91e3c62-support/firebase-js-sdk/node_modules/re2/node_modules/node-gyp',
gyp info spawn args '-Dnode_lib_file=/home/sanjevi/.cache/node-gyp/24.20.0/<(target_arch)/node.lib',
gyp info spawn args '-Dmodule_root_dir=/home/sanjevi/fireside-phase3-full-gate-20260901T200051+0800-91e3c62-support/firebase-js-sdk/node_modules/re2',
gyp info spawn args '-Dnode_engine=v8',
gyp info spawn args '--depth=.',
gyp info spawn args '--no-parallel',
gyp info spawn args '--generator-output',
gyp info spawn args 'build',
gyp info spawn args '-Goutput_dir=.'
gyp info spawn args ]
gyp info spawn make
gyp info spawn args [ 'BUILDTYPE=Release', '-C', 'build', '--jobs', 12 ]
make: Entering directory '/home/sanjevi/fireside-phase3-full-gate-20260901T200051+0800-91e3c62-support/firebase-js-sdk/node_modules/re2/build'
  CXX(target) Release/obj.target/re2/lib/addon.o
  CXX(target) Release/obj.target/re2/lib/util.o
  CXX(target) Release/obj.target/re2/lib/test.o
  CXX(target) Release/obj.target/re2/lib/new.o
  CXX(target) Release/obj.target/re2/lib/replace.o
  CXX(target) Release/obj.target/re2/lib/accessors.o
  CXX(target) Release/obj.target/re2/lib/search.o
  CXX(target) Release/obj.target/re2/lib/exec.o
  CXX(target) Release/obj.target/re2/lib/match.o
  CXX(target) Release/obj.target/re2/lib/to_string.o
  CXX(target) Release/obj.target/re2/lib/split.o
  CXX(target) Release/obj.target/re2/vendor/re2/re2/bitmap256.o
In file included from ../lib/././wrapped_re2.h:4,
                 from ../lib/./util.h:3,
                 from ../lib/util.cc:1:
../../nan/nan.h: In constructor ‘Nan::Utf8String::Utf8String(v8::Local<v8::Value>)’:
../../nan/nan.h:1173:36: warning: ‘int v8::String::WriteUtf8(v8::Isolate*, char*, int, int*, int) const’ is deprecated: Use WriteUtf8V2 instead. [-Wdeprecated-declarations]
 1173 |         length_ = string->WriteUtf8(v8::Isolate::GetCurrent(), str_,
      |                   ~~~~~~~~~~~~~~~~~^~~~~~~~~~~~~~~~~~~~~~~~~~~~~~~~~
 1174 |                                     static_cast<int>(len), 0, flags);
      |                                     ~~~~~~~~~~~~~~~~~~~~~~~~~~~~~~~~
In file included from ../lib/./wrapped_re2.h:4,
                 from ../lib/search.cc:1:
../../nan/nan.h: In constructor ‘Nan::Utf8String::Utf8String(v8::Local<v8::Value>)’:
../../nan/nan.h:1173:36: warning: ‘int v8::String::WriteUtf8(v8::Isolate*, char*, int, int*, int) const’ is deprecated: Use WriteUtf8V2 instead. [-Wdeprecated-declarations]
 1173 |         length_ = string->WriteUtf8(v8::Isolate::GetCurrent(), str_,
      |                   ~~~~~~~~~~~~~~~~~^~~~~~~~~~~~~~~~~~~~~~~~~~~~~~~~~
 1174 |                                     static_cast<int>(len), 0, flags);
      |                                     ~~~~~~~~~~~~~~~~~~~~~~~~~~~~~~~~
In file included from /home/sanjevi/.cache/node-gyp/24.20.0/include/node/v8-object.h:12,
                 from /home/sanjevi/.cache/node-gyp/24.20.0/include/node/v8-array-buffer.h:14,
                 from /home/sanjevi/.cache/node-gyp/24.20.0/include/node/v8.h:24,
                 from /home/sanjevi/.cache/node-gyp/24.20.0/include/node/node.h:74,
                 from ../../nan/nan.h:62:
/home/sanjevi/.cache/node-gyp/24.20.0/include/node/v8-primitive.h:212:7: note: declared here
  212 |   int WriteUtf8(Isolate* isolate, char* buffer, int length = -1,
      |       ^~~~~~~~~
In file included from /home/sanjevi/.cache/node-gyp/24.20.0/include/node/v8-object.h:12,
                 from /home/sanjevi/.cache/node-gyp/24.20.0/include/node/v8-array-buffer.h:14,
                 from /home/sanjevi/.cache/node-gyp/24.20.0/include/node/v8.h:24,
                 from /home/sanjevi/.cache/node-gyp/24.20.0/include/node/node.h:74,
                 from ../../nan/nan.h:62:
/home/sanjevi/.cache/node-gyp/24.20.0/include/node/v8-primitive.h:212:7: note: declared here
  212 |   int WriteUtf8(Isolate* isolate, char* buffer, int length = -1,
      |       ^~~~~~~~~
In file included from ../lib/./wrapped_re2.h:4,
                 from ../lib/addon.cc:1:
../../nan/nan.h: In constructor ‘Nan::Utf8String::Utf8String(v8::Local<v8::Value>)’:
../../nan/nan.h:1173:36: warning: ‘int v8::String::WriteUtf8(v8::Isolate*, char*, int, int*, int) const’ is deprecated: Use WriteUtf8V2 instead. [-Wdeprecated-declarations]
 1173 |         length_ = string->WriteUtf8(v8::Isolate::GetCurrent(), str_,
      |                   ~~~~~~~~~~~~~~~~~^~~~~~~~~~~~~~~~~~~~~~~~~~~~~~~~~
 1174 |                                     static_cast<int>(len), 0, flags);
      |                                     ~~~~~~~~~~~~~~~~~~~~~~~~~~~~~~~~
In file included from ../lib/./wrapped_re2.h:4,
                 from ../lib/new.cc:1:
../../nan/nan.h: In constructor ‘Nan::Utf8String::Utf8String(v8::Local<v8::Value>)’:
../../nan/nan.h:1173:36: warning: ‘int v8::String::WriteUtf8(v8::Isolate*, char*, int, int*, int) const’ is deprecated: Use WriteUtf8V2 instead. [-Wdeprecated-declarations]
 1173 |         length_ = string->WriteUtf8(v8::Isolate::GetCurrent(), str_,
      |                   ~~~~~~~~~~~~~~~~~^~~~~~~~~~~~~~~~~~~~~~~~~~~~~~~~~
 1174 |                                     static_cast<int>(len), 0, flags);
      |                                     ~~~~~~~~~~~~~~~~~~~~~~~~~~~~~~~~
In file included from /home/sanjevi/.cache/node-gyp/24.20.0/include/node/v8-object.h:12,
                 from /home/sanjevi/.cache/node-gyp/24.20.0/include/node/v8-array-buffer.h:14,
                 from /home/sanjevi/.cache/node-gyp/24.20.0/include/node/v8.h:24,
                 from /home/sanjevi/.cache/node-gyp/24.20.0/include/node/node.h:74,
                 from ../../nan/nan.h:62:
/home/sanjevi/.cache/node-gyp/24.20.0/include/node/v8-primitive.h:212:7: note: declared here
  212 |   int WriteUtf8(Isolate* isolate, char* buffer, int length = -1,
      |       ^~~~~~~~~
In file included from /home/sanjevi/.cache/node-gyp/24.20.0/include/node/v8-object.h:12,
                 from /home/sanjevi/.cache/node-gyp/24.20.0/include/node/v8-array-buffer.h:14,
                 from /home/sanjevi/.cache/node-gyp/24.20.0/include/node/v8.h:24,
                 from /home/sanjevi/.cache/node-gyp/24.20.0/include/node/node.h:74,
                 from ../../nan/nan.h:62:
/home/sanjevi/.cache/node-gyp/24.20.0/include/node/v8-primitive.h:212:7: note: declared here
  212 |   int WriteUtf8(Isolate* isolate, char* buffer, int length = -1,
      |       ^~~~~~~~~
../../nan/nan.h: In function ‘v8::Local<v8::Value> Nan::Encode(const void*, size_t, Encoding)’:
../../nan/nan.h:2418:24: warning: ‘v8::Local<v8::Value> node::Encode(v8::Isolate*, const uint16_t*, size_t)’ is deprecated: Use TryEncode(...) instead [-Wdeprecated-declarations]
 2418 |     return node::Encode(
      |            ~~~~~~~~~~~~^
 2419 |         isolate
      |         ~~~~~~~         
 2420 |       , reinterpret_cast<const uint16_t *>(buf)
      |       ~~~~~~~~~~~~~~~~~~~~~~~~~~~~~~~~~~~~~~~~~
 2421 |       , len / 2);
      |       ~~~~~~~~~~        
../../nan/nan.h: In function ‘v8::Local<v8::Value> Nan::Encode(const void*, size_t, Encoding)’:
../../nan/nan.h:2418:24: warning: ‘v8::Local<v8::Value> node::Encode(v8::Isolate*, const uint16_t*, size_t)’ is deprecated: Use TryEncode(...) instead [-Wdeprecated-declarations]
 2418 |     return node::Encode(
      |            ~~~~~~~~~~~~^
 2419 |         isolate
      |         ~~~~~~~         
 2420 |       , reinterpret_cast<const uint16_t *>(buf)
      |       ~~~~~~~~~~~~~~~~~~~~~~~~~~~~~~~~~~~~~~~~~
 2421 |       , len / 2);
      |       ~~~~~~~~~~        
/home/sanjevi/.cache/node-gyp/24.20.0/include/node/node.h:1274:50: note: declared here
 1274 |                 NODE_EXTERN v8::Local<v8::Value> Encode(v8::Isolate* isolate,
      |                                                  ^~~~~~
/home/sanjevi/.cache/node-gyp/24.20.0/include/node/node.h:114:70: note: in definition of macro ‘NODE_DEPRECATED’
  114 | #define NODE_DEPRECATED(message, declarator) [[deprecated(message)]] declarator
      |                                                                      ^~~~~~~~~~
/home/sanjevi/.cache/node-gyp/24.20.0/include/node/node.h:1274:50: note: declared here
 1274 |                 NODE_EXTERN v8::Local<v8::Value> Encode(v8::Isolate* isolate,
      |                                                  ^~~~~~
/home/sanjevi/.cache/node-gyp/24.20.0/include/node/node.h:114:70: note: in definition of macro ‘NODE_DEPRECATED’
  114 | #define NODE_DEPRECATED(message, declarator) [[deprecated(message)]] declarator
      |                                                                      ^~~~~~~~~~
../../nan/nan.h:2423:24: warning: ‘v8::Local<v8::Value> node::Encode(v8::Isolate*, const char*, size_t, encoding)’ is deprecated: Use TryEncode(...) instead [-Wdeprecated-declarations]
 2423 |     return node::Encode(
      |            ~~~~~~~~~~~~^
 2424 |         isolate
      |         ~~~~~~~         
 2425 |       , reinterpret_cast<const char *>(buf)
      |       ~~~~~~~~~~~~~~~~~~~~~~~~~~~~~~~~~~~~~
 2426 |       , len
      |       ~~~~~             
 2427 |       , node_enc);
      |       ~~~~~~~~~~~       
../../nan/nan.h:2423:24: warning: ‘v8::Local<v8::Value> node::Encode(v8::Isolate*, const char*, size_t, encoding)’ is deprecated: Use TryEncode(...) instead [-Wdeprecated-declarations]
 2423 |     return node::Encode(
      |            ~~~~~~~~~~~~^
 2424 |         isolate
      |         ~~~~~~~         
 2425 |       , reinterpret_cast<const char *>(buf)
      |       ~~~~~~~~~~~~~~~~~~~~~~~~~~~~~~~~~~~~~
 2426 |       , len
      |       ~~~~~             
 2427 |       , node_enc);
      |       ~~~~~~~~~~~       
/home/sanjevi/.cache/node-gyp/24.20.0/include/node/node.h:1266:38: note: declared here
 1266 |     NODE_EXTERN v8::Local<v8::Value> Encode(v8::Isolate* isolate,
      |                                      ^~~~~~
/home/sanjevi/.cache/node-gyp/24.20.0/include/node/node.h:114:70: note: in definition of macro ‘NODE_DEPRECATED’
  114 | #define NODE_DEPRECATED(message, declarator) [[deprecated(message)]] declarator
      |                                                                      ^~~~~~~~~~
/home/sanjevi/.cache/node-gyp/24.20.0/include/node/node.h:1266:38: note: declared here
 1266 |     NODE_EXTERN v8::Local<v8::Value> Encode(v8::Isolate* isolate,
      |                                      ^~~~~~
/home/sanjevi/.cache/node-gyp/24.20.0/include/node/node.h:114:70: note: in definition of macro ‘NODE_DEPRECATED’
  114 | #define NODE_DEPRECATED(message, declarator) [[deprecated(message)]] declarator
      |                                                                      ^~~~~~~~~~
../../nan/nan.h: In function ‘v8::Local<v8::Value> Nan::Encode(const void*, size_t, Encoding)’:
../../nan/nan.h:2418:24: warning: ‘v8::Local<v8::Value> node::Encode(v8::Isolate*, const uint16_t*, size_t)’ is deprecated: Use TryEncode(...) instead [-Wdeprecated-declarations]
 2418 |     return node::Encode(
      |            ~~~~~~~~~~~~^
 2419 |         isolate
      |         ~~~~~~~         
 2420 |       , reinterpret_cast<const uint16_t *>(buf)
      |       ~~~~~~~~~~~~~~~~~~~~~~~~~~~~~~~~~~~~~~~~~
 2421 |       , len / 2);
      |       ~~~~~~~~~~        
../../nan/nan.h: In function ‘v8::Local<v8::Value> Nan::Encode(const void*, size_t, Encoding)’:
../../nan/nan.h:2418:24: warning: ‘v8::Local<v8::Value> node::Encode(v8::Isolate*, const uint16_t*, size_t)’ is deprecated: Use TryEncode(...) instead [-Wdeprecated-declarations]
 2418 |     return node::Encode(
      |            ~~~~~~~~~~~~^
 2419 |         isolate
      |         ~~~~~~~         
 2420 |       , reinterpret_cast<const uint16_t *>(buf)
      |       ~~~~~~~~~~~~~~~~~~~~~~~~~~~~~~~~~~~~~~~~~
 2421 |       , len / 2);
      |       ~~~~~~~~~~        
/home/sanjevi/.cache/node-gyp/24.20.0/include/node/node.h:1274:50: note: declared here
 1274 |                 NODE_EXTERN v8::Local<v8::Value> Encode(v8::Isolate* isolate,
      |                                                  ^~~~~~
/home/sanjevi/.cache/node-gyp/24.20.0/include/node/node.h:114:70: note: in definition of macro ‘NODE_DEPRECATED’
  114 | #define NODE_DEPRECATED(message, declarator) [[deprecated(message)]] declarator
      |                                                                      ^~~~~~~~~~
/home/sanjevi/.cache/node-gyp/24.20.0/include/node/node.h:1274:50: note: declared here
 1274 |                 NODE_EXTERN v8::Local<v8::Value> Encode(v8::Isolate* isolate,
      |                                                  ^~~~~~
/home/sanjevi/.cache/node-gyp/24.20.0/include/node/node.h:114:70: note: in definition of macro ‘NODE_DEPRECATED’
  114 | #define NODE_DEPRECATED(message, declarator) [[deprecated(message)]] declarator
      |                                                                      ^~~~~~~~~~
../../nan/nan.h:2423:24: warning: ‘v8::Local<v8::Value> node::Encode(v8::Isolate*, const char*, size_t, encoding)’ is deprecated: Use TryEncode(...) instead [-Wdeprecated-declarations]
 2423 |     return node::Encode(
      |            ~~~~~~~~~~~~^
 2424 |         isolate
      |         ~~~~~~~         
 2425 |       , reinterpret_cast<const char *>(buf)
      |       ~~~~~~~~~~~~~~~~~~~~~~~~~~~~~~~~~~~~~
 2426 |       , len
      |       ~~~~~             
 2427 |       , node_enc);
      |       ~~~~~~~~~~~       
../../nan/nan.h:2423:24: warning: ‘v8::Local<v8::Value> node::Encode(v8::Isolate*, const char*, size_t, encoding)’ is deprecated: Use TryEncode(...) instead [-Wdeprecated-declarations]
 2423 |     return node::Encode(
      |            ~~~~~~~~~~~~^
 2424 |         isolate
      |         ~~~~~~~         
 2425 |       , reinterpret_cast<const char *>(buf)
      |       ~~~~~~~~~~~~~~~~~~~~~~~~~~~~~~~~~~~~~
 2426 |       , len
      |       ~~~~~             
 2427 |       , node_enc);
      |       ~~~~~~~~~~~       
/home/sanjevi/.cache/node-gyp/24.20.0/include/node/node.h:1266:38: note: declared here
 1266 |     NODE_EXTERN v8::Local<v8::Value> Encode(v8::Isolate* isolate,
      |                                      ^~~~~~
/home/sanjevi/.cache/node-gyp/24.20.0/include/node/node.h:114:70: note: in definition of macro ‘NODE_DEPRECATED’
  114 | #define NODE_DEPRECATED(message, declarator) [[deprecated(message)]] declarator
      |                                                                      ^~~~~~~~~~
/home/sanjevi/.cache/node-gyp/24.20.0/include/node/node.h:1266:38: note: declared here
 1266 |     NODE_EXTERN v8::Local<v8::Value> Encode(v8::Isolate* isolate,
      |                                      ^~~~~~
/home/sanjevi/.cache/node-gyp/24.20.0/include/node/node.h:114:70: note: in definition of macro ‘NODE_DEPRECATED’
  114 | #define NODE_DEPRECATED(message, declarator) [[deprecated(message)]] declarator
      |                                                                      ^~~~~~~~~~
In file included from ../lib/./wrapped_re2.h:4,
                 from ../lib/match.cc:1:
../../nan/nan.h: In constructor ‘Nan::Utf8String::Utf8String(v8::Local<v8::Value>)’:
../../nan/nan.h:1173:36: warning: ‘int v8::String::WriteUtf8(v8::Isolate*, char*, int, int*, int) const’ is deprecated: Use WriteUtf8V2 instead. [-Wdeprecated-declarations]
 1173 |         length_ = string->WriteUtf8(v8::Isolate::GetCurrent(), str_,
      |                   ~~~~~~~~~~~~~~~~~^~~~~~~~~~~~~~~~~~~~~~~~~~~~~~~~~
 1174 |                                     static_cast<int>(len), 0, flags);
      |                                     ~~~~~~~~~~~~~~~~~~~~~~~~~~~~~~~~
In file included from ../lib/./wrapped_re2.h:4,
                 from ../lib/exec.cc:1:
../../nan/nan.h: In constructor ‘Nan::Utf8String::Utf8String(v8::Local<v8::Value>)’:
../../nan/nan.h:1173:36: warning: ‘int v8::String::WriteUtf8(v8::Isolate*, char*, int, int*, int) const’ is deprecated: Use WriteUtf8V2 instead. [-Wdeprecated-declarations]
 1173 |         length_ = string->WriteUtf8(v8::Isolate::GetCurrent(), str_,
      |                   ~~~~~~~~~~~~~~~~~^~~~~~~~~~~~~~~~~~~~~~~~~~~~~~~~~
 1174 |                                     static_cast<int>(len), 0, flags);
      |                                     ~~~~~~~~~~~~~~~~~~~~~~~~~~~~~~~~
In file included from /home/sanjevi/.cache/node-gyp/24.20.0/include/node/v8-object.h:12,
                 from /home/sanjevi/.cache/node-gyp/24.20.0/include/node/v8-array-buffer.h:14,
                 from /home/sanjevi/.cache/node-gyp/24.20.0/include/node/v8.h:24,
                 from /home/sanjevi/.cache/node-gyp/24.20.0/include/node/node.h:74,
                 from ../../nan/nan.h:62:
/home/sanjevi/.cache/node-gyp/24.20.0/include/node/v8-primitive.h:212:7: note: declared here
  212 |   int WriteUtf8(Isolate* isolate, char* buffer, int length = -1,
      |       ^~~~~~~~~
In file included from /home/sanjevi/.cache/node-gyp/24.20.0/include/node/v8-object.h:12,
                 from /home/sanjevi/.cache/node-gyp/24.20.0/include/node/v8-array-buffer.h:14,
                 from /home/sanjevi/.cache/node-gyp/24.20.0/include/node/v8.h:24,
                 from /home/sanjevi/.cache/node-gyp/24.20.0/include/node/node.h:74,
                 from ../../nan/nan.h:62:
/home/sanjevi/.cache/node-gyp/24.20.0/include/node/v8-primitive.h:212:7: note: declared here
  212 |   int WriteUtf8(Isolate* isolate, char* buffer, int length = -1,
      |       ^~~~~~~~~
In file included from ../lib/./wrapped_re2.h:4,
                 from ../lib/to_string.cc:1:
../../nan/nan.h: In constructor ‘Nan::Utf8String::Utf8String(v8::Local<v8::Value>)’:
../../nan/nan.h:1173:36: warning: ‘int v8::String::WriteUtf8(v8::Isolate*, char*, int, int*, int) const’ is deprecated: Use WriteUtf8V2 instead. [-Wdeprecated-declarations]
 1173 |         length_ = string->WriteUtf8(v8::Isolate::GetCurrent(), str_,
      |                   ~~~~~~~~~~~~~~~~~^~~~~~~~~~~~~~~~~~~~~~~~~~~~~~~~~
 1174 |                                     static_cast<int>(len), 0, flags);
      |                                     ~~~~~~~~~~~~~~~~~~~~~~~~~~~~~~~~
In file included from ../lib/./wrapped_re2.h:4,
                 from ../lib/test.cc:1:
../../nan/nan.h: In constructor ‘Nan::Utf8String::Utf8String(v8::Local<v8::Value>)’:
../../nan/nan.h:1173:36: warning: ‘int v8::String::WriteUtf8(v8::Isolate*, char*, int, int*, int) const’ is deprecated: Use WriteUtf8V2 instead. [-Wdeprecated-declarations]
 1173 |         length_ = string->WriteUtf8(v8::Isolate::GetCurrent(), str_,
      |                   ~~~~~~~~~~~~~~~~~^~~~~~~~~~~~~~~~~~~~~~~~~~~~~~~~~
 1174 |                                     static_cast<int>(len), 0, flags);
      |                                     ~~~~~~~~~~~~~~~~~~~~~~~~~~~~~~~~
In file included from /home/sanjevi/.cache/node-gyp/24.20.0/include/node/v8-object.h:12,
                 from /home/sanjevi/.cache/node-gyp/24.20.0/include/node/v8-array-buffer.h:14,
                 from /home/sanjevi/.cache/node-gyp/24.20.0/include/node/v8.h:24,
                 from /home/sanjevi/.cache/node-gyp/24.20.0/include/node/node.h:74,
                 from ../../nan/nan.h:62:
/home/sanjevi/.cache/node-gyp/24.20.0/include/node/v8-primitive.h:212:7: note: declared here
  212 |   int WriteUtf8(Isolate* isolate, char* buffer, int length = -1,
      |       ^~~~~~~~~
In file included from /home/sanjevi/.cache/node-gyp/24.20.0/include/node/v8-object.h:12,
                 from /home/sanjevi/.cache/node-gyp/24.20.0/include/node/v8-array-buffer.h:14,
                 from /home/sanjevi/.cache/node-gyp/24.20.0/include/node/v8.h:24,
                 from /home/sanjevi/.cache/node-gyp/24.20.0/include/node/node.h:74,
                 from ../../nan/nan.h:62:
/home/sanjevi/.cache/node-gyp/24.20.0/include/node/v8-primitive.h:212:7: note: declared here
  212 |   int WriteUtf8(Isolate* isolate, char* buffer, int length = -1,
      |       ^~~~~~~~~
In file included from ../../nan/nan.h:3045:
../../nan/nan_scriptorigin.h: In constructor ‘Nan::ScriptOrigin::ScriptOrigin(v8::Local<v8::Value>)’:
../../nan/nan_scriptorigin.h:36:55: error: no matching function for call to ‘v8::ScriptOrigin::ScriptOrigin(v8::Isolate*, v8::Local<v8::Value>&)’
   36 |       v8::ScriptOrigin(v8::Isolate::GetCurrent(), name) {}
      |                                                       ^
In file included from ../../nan/nan.h:3045:
../../nan/nan_scriptorigin.h: In constructor ‘Nan::ScriptOrigin::ScriptOrigin(v8::Local<v8::Value>)’:
../../nan/nan_scriptorigin.h:36:55: error: no matching function for call to ‘v8::ScriptOrigin::ScriptOrigin(v8::Isolate*, v8::Local<v8::Value>&)’
   36 |       v8::ScriptOrigin(v8::Isolate::GetCurrent(), name) {}
      |                                                       ^
../../nan/nan_scriptorigin.h:36:55: note: there are 3 candidates
../../nan/nan_scriptorigin.h:36:55: note: there are 3 candidates
In file included from /home/sanjevi/.cache/node-gyp/24.20.0/include/node/v8-script.h:20,
                 from /home/sanjevi/.cache/node-gyp/24.20.0/include/node/v8-debug.h:10,
                 from /home/sanjevi/.cache/node-gyp/24.20.0/include/node/v8-isolate.h:19,
                 from /home/sanjevi/.cache/node-gyp/24.20.0/include/node/v8-snapshot.h:9,
                 from /home/sanjevi/.cache/node-gyp/24.20.0/include/node/v8-context.h:15,
                 from /home/sanjevi/.cache/node-gyp/24.20.0/include/node/v8.h:26:
/home/sanjevi/.cache/node-gyp/24.20.0/include/node/v8-message.h:65:13: note: candidate 1: ‘v8::ScriptOrigin::ScriptOrigin(v8::Local<v8::Value>, int, int, bool, int, v8::Local<v8::Value>, bool, bool, bool, v8::Local<v8::Data>)’
   65 |   V8_INLINE ScriptOrigin(Local<Value> resource_name,
      |             ^~~~~~~~~~~~
In file included from /home/sanjevi/.cache/node-gyp/24.20.0/include/node/v8-script.h:20,
                 from /home/sanjevi/.cache/node-gyp/24.20.0/include/node/v8-debug.h:10,
                 from /home/sanjevi/.cache/node-gyp/24.20.0/include/node/v8-isolate.h:19,
                 from /home/sanjevi/.cache/node-gyp/24.20.0/include/node/v8-snapshot.h:9,
                 from /home/sanjevi/.cache/node-gyp/24.20.0/include/node/v8-context.h:15,
                 from /home/sanjevi/.cache/node-gyp/24.20.0/include/node/v8.h:26:
/home/sanjevi/.cache/node-gyp/24.20.0/include/node/v8-message.h:65:13: note: candidate 1: ‘v8::ScriptOrigin::ScriptOrigin(v8::Local<v8::Value>, int, int, bool, int, v8::Local<v8::Value>, bool, bool, bool, v8::Local<v8::Data>)’
   65 |   V8_INLINE ScriptOrigin(Local<Value> resource_name,
      |             ^~~~~~~~~~~~
/home/sanjevi/.cache/node-gyp/24.20.0/include/node/v8-message.h:65:39: note: no known conversion for argument 1 from ‘v8::Isolate*’ to ‘v8::Local<v8::Value>’
   65 |   V8_INLINE ScriptOrigin(Local<Value> resource_name,
      |                          ~~~~~~~~~~~~~^~~~~~~~~~~~~
/home/sanjevi/.cache/node-gyp/24.20.0/include/node/v8-message.h:65:39: note: no known conversion for argument 1 from ‘v8::Isolate*’ to ‘v8::Local<v8::Value>’
   65 |   V8_INLINE ScriptOrigin(Local<Value> resource_name,
      |                          ~~~~~~~~~~~~~^~~~~~~~~~~~~
/home/sanjevi/.cache/node-gyp/24.20.0/include/node/v8-message.h:63:17: note: candidate 2: ‘constexpr v8::ScriptOrigin::ScriptOrigin(const v8::ScriptOrigin&)’
   63 | class V8_EXPORT ScriptOrigin {
      |                 ^~~~~~~~~~~~
/home/sanjevi/.cache/node-gyp/24.20.0/include/node/v8-message.h:63:17: note: candidate 2: ‘constexpr v8::ScriptOrigin::ScriptOrigin(const v8::ScriptOrigin&)’
   63 | class V8_EXPORT ScriptOrigin {
      |                 ^~~~~~~~~~~~
/home/sanjevi/.cache/node-gyp/24.20.0/include/node/v8-message.h:63:17: note: candidate expects 1 argument, 2 provided
/home/sanjevi/.cache/node-gyp/24.20.0/include/node/v8-message.h:63:17: note: candidate expects 1 argument, 2 provided
/home/sanjevi/.cache/node-gyp/24.20.0/include/node/v8-message.h:63:17: note: candidate 3: ‘constexpr v8::ScriptOrigin::ScriptOrigin(v8::ScriptOrigin&&)’
/home/sanjevi/.cache/node-gyp/24.20.0/include/node/v8-message.h:63:17: note: candidate 3: ‘constexpr v8::ScriptOrigin::ScriptOrigin(v8::ScriptOrigin&&)’
/home/sanjevi/.cache/node-gyp/24.20.0/include/node/v8-message.h:63:17: note: candidate expects 1 argument, 2 provided
/home/sanjevi/.cache/node-gyp/24.20.0/include/node/v8-message.h:63:17: note: candidate expects 1 argument, 2 provided
../../nan/nan_scriptorigin.h: In constructor ‘Nan::ScriptOrigin::ScriptOrigin(v8::Local<v8::Value>, v8::Local<v8::Integer>)’:
../../nan/nan_scriptorigin.h:42:52: error: no matching function for call to ‘v8::ScriptOrigin::ScriptOrigin(v8::Isolate*, v8::Local<v8::Value>&, int)’
   42 |                    , To<int32_t>(line).FromMaybe(0)) {}
      |                                                    ^
../../nan/nan_scriptorigin.h: In constructor ‘Nan::ScriptOrigin::ScriptOrigin(v8::Local<v8::Value>, v8::Local<v8::Integer>)’:
../../nan/nan_scriptorigin.h:42:52: error: no matching function for call to ‘v8::ScriptOrigin::ScriptOrigin(v8::Isolate*, v8::Local<v8::Value>&, int)’
   42 |                    , To<int32_t>(line).FromMaybe(0)) {}
      |                                                    ^
../../nan/nan_scriptorigin.h:42:52: note: there are 3 candidates
../../nan/nan_scriptorigin.h:42:52: note: there are 3 candidates
/home/sanjevi/.cache/node-gyp/24.20.0/include/node/v8-message.h:65:13: note: candidate 1: ‘v8::ScriptOrigin::ScriptOrigin(v8::Local<v8::Value>, int, int, bool, int, v8::Local<v8::Value>, bool, bool, bool, v8::Local<v8::Data>)’
   65 |   V8_INLINE ScriptOrigin(Local<Value> resource_name,
      |             ^~~~~~~~~~~~
/home/sanjevi/.cache/node-gyp/24.20.0/include/node/v8-message.h:65:13: note: candidate 1: ‘v8::ScriptOrigin::ScriptOrigin(v8::Local<v8::Value>, int, int, bool, int, v8::Local<v8::Value>, bool, bool, bool, v8::Local<v8::Data>)’
   65 |   V8_INLINE ScriptOrigin(Local<Value> resource_name,
      |             ^~~~~~~~~~~~
/home/sanjevi/.cache/node-gyp/24.20.0/include/node/v8-message.h:65:39: note: no known conversion for argument 1 from ‘v8::Isolate*’ to ‘v8::Local<v8::Value>’
   65 |   V8_INLINE ScriptOrigin(Local<Value> resource_name,
      |                          ~~~~~~~~~~~~~^~~~~~~~~~~~~
/home/sanjevi/.cache/node-gyp/24.20.0/include/node/v8-message.h:65:39: note: no known conversion for argument 1 from ‘v8::Isolate*’ to ‘v8::Local<v8::Value>’
   65 |   V8_INLINE ScriptOrigin(Local<Value> resource_name,
      |                          ~~~~~~~~~~~~~^~~~~~~~~~~~~
/home/sanjevi/.cache/node-gyp/24.20.0/include/node/v8-message.h:63:17: note: candidate 2: ‘constexpr v8::ScriptOrigin::ScriptOrigin(const v8::ScriptOrigin&)’
   63 | class V8_EXPORT ScriptOrigin {
      |                 ^~~~~~~~~~~~
/home/sanjevi/.cache/node-gyp/24.20.0/include/node/v8-message.h:63:17: note: candidate 2: ‘constexpr v8::ScriptOrigin::ScriptOrigin(const v8::ScriptOrigin&)’
   63 | class V8_EXPORT ScriptOrigin {
      |                 ^~~~~~~~~~~~
/home/sanjevi/.cache/node-gyp/24.20.0/include/node/v8-message.h:63:17: note: candidate expects 1 argument, 3 provided
/home/sanjevi/.cache/node-gyp/24.20.0/include/node/v8-message.h:63:17: note: candidate expects 1 argument, 3 provided
/home/sanjevi/.cache/node-gyp/24.20.0/include/node/v8-message.h:63:17: note: candidate 3: ‘constexpr v8::ScriptOrigin::ScriptOrigin(v8::ScriptOrigin&&)’
/home/sanjevi/.cache/node-gyp/24.20.0/include/node/v8-message.h:63:17: note: candidate expects 1 argument, 3 provided
/home/sanjevi/.cache/node-gyp/24.20.0/include/node/v8-message.h:63:17: note: candidate 3: ‘constexpr v8::ScriptOrigin::ScriptOrigin(v8::ScriptOrigin&&)’
/home/sanjevi/.cache/node-gyp/24.20.0/include/node/v8-message.h:63:17: note: candidate expects 1 argument, 3 provided
../../nan/nan_scriptorigin.h: In constructor ‘Nan::ScriptOrigin::ScriptOrigin(v8::Local<v8::Value>, v8::Local<v8::Integer>, v8::Local<v8::Integer>)’:
../../nan/nan_scriptorigin.h:50:54: error: no matching function for call to ‘v8::ScriptOrigin::ScriptOrigin(v8::Isolate*, v8::Local<v8::Value>&, int, int)’
   50 |                    , To<int32_t>(column).FromMaybe(0)) {}
      |                                                      ^
../../nan/nan_scriptorigin.h: In constructor ‘Nan::ScriptOrigin::ScriptOrigin(v8::Local<v8::Value>, v8::Local<v8::Integer>, v8::Local<v8::Integer>)’:
../../nan/nan_scriptorigin.h:50:54: error: no matching function for call to ‘v8::ScriptOrigin::ScriptOrigin(v8::Isolate*, v8::Local<v8::Value>&, int, int)’
   50 |                    , To<int32_t>(column).FromMaybe(0)) {}
      |                                                      ^
../../nan/nan_scriptorigin.h:50:54: note: there are 3 candidates
../../nan/nan_scriptorigin.h:50:54: note: there are 3 candidates
/home/sanjevi/.cache/node-gyp/24.20.0/include/node/v8-message.h:65:13: note: candidate 1: ‘v8::ScriptOrigin::ScriptOrigin(v8::Local<v8::Value>, int, int, bool, int, v8::Local<v8::Value>, bool, bool, bool, v8::Local<v8::Data>)’
   65 |   V8_INLINE ScriptOrigin(Local<Value> resource_name,
      |             ^~~~~~~~~~~~
/home/sanjevi/.cache/node-gyp/24.20.0/include/node/v8-message.h:65:13: note: candidate 1: ‘v8::ScriptOrigin::ScriptOrigin(v8::Local<v8::Value>, int, int, bool, int, v8::Local<v8::Value>, bool, bool, bool, v8::Local<v8::Data>)’
   65 |   V8_INLINE ScriptOrigin(Local<Value> resource_name,
      |             ^~~~~~~~~~~~
/home/sanjevi/.cache/node-gyp/24.20.0/include/node/v8-message.h:65:39: note: no known conversion for argument 1 from ‘v8::Isolate*’ to ‘v8::Local<v8::Value>’
   65 |   V8_INLINE ScriptOrigin(Local<Value> resource_name,
      |                          ~~~~~~~~~~~~~^~~~~~~~~~~~~
/home/sanjevi/.cache/node-gyp/24.20.0/include/node/v8-message.h:65:39: note: no known conversion for argument 1 from ‘v8::Isolate*’ to ‘v8::Local<v8::Value>’
   65 |   V8_INLINE ScriptOrigin(Local<Value> resource_name,
      |                          ~~~~~~~~~~~~~^~~~~~~~~~~~~
/home/sanjevi/.cache/node-gyp/24.20.0/include/node/v8-message.h:63:17: note: candidate 2: ‘constexpr v8::ScriptOrigin::ScriptOrigin(const v8::ScriptOrigin&)’
   63 | class V8_EXPORT ScriptOrigin {
      |                 ^~~~~~~~~~~~
/home/sanjevi/.cache/node-gyp/24.20.0/include/node/v8-message.h:63:17: note: candidate 2: ‘constexpr v8::ScriptOrigin::ScriptOrigin(const v8::ScriptOrigin&)’
   63 | class V8_EXPORT ScriptOrigin {
      |                 ^~~~~~~~~~~~
/home/sanjevi/.cache/node-gyp/24.20.0/include/node/v8-message.h:63:17: note: candidate expects 1 argument, 4 provided
/home/sanjevi/.cache/node-gyp/24.20.0/include/node/v8-message.h:63:17: note: candidate expects 1 argument, 4 provided
/home/sanjevi/.cache/node-gyp/24.20.0/include/node/v8-message.h:63:17: note: candidate 3: ‘constexpr v8::ScriptOrigin::ScriptOrigin(v8::ScriptOrigin&&)’
/home/sanjevi/.cache/node-gyp/24.20.0/include/node/v8-message.h:63:17: note: candidate 3: ‘constexpr v8::ScriptOrigin::ScriptOrigin(v8::ScriptOrigin&&)’
/home/sanjevi/.cache/node-gyp/24.20.0/include/node/v8-message.h:63:17: note: candidate expects 1 argument, 4 provided
/home/sanjevi/.cache/node-gyp/24.20.0/include/node/v8-message.h:63:17: note: candidate expects 1 argument, 4 provided
../../nan/nan.h: In function ‘v8::Local<v8::Value> Nan::Encode(const void*, size_t, Encoding)’:
../../nan/nan.h:2418:24: warning: ‘v8::Local<v8::Value> node::Encode(v8::Isolate*, const uint16_t*, size_t)’ is deprecated: Use TryEncode(...) instead [-Wdeprecated-declarations]
 2418 |     return node::Encode(
      |            ~~~~~~~~~~~~^
 2419 |         isolate
      |         ~~~~~~~         
 2420 |       , reinterpret_cast<const uint16_t *>(buf)
      |       ~~~~~~~~~~~~~~~~~~~~~~~~~~~~~~~~~~~~~~~~~
 2421 |       , len / 2);
      |       ~~~~~~~~~~        
../../nan/nan.h: In function ‘v8::Local<v8::Value> Nan::Encode(const void*, size_t, Encoding)’:
../../nan/nan.h:2418:24: warning: ‘v8::Local<v8::Value> node::Encode(v8::Isolate*, const uint16_t*, size_t)’ is deprecated: Use TryEncode(...) instead [-Wdeprecated-declarations]
 2418 |     return node::Encode(
      |            ~~~~~~~~~~~~^
 2419 |         isolate
      |         ~~~~~~~         
 2420 |       , reinterpret_cast<const uint16_t *>(buf)
      |       ~~~~~~~~~~~~~~~~~~~~~~~~~~~~~~~~~~~~~~~~~
 2421 |       , len / 2);
      |       ~~~~~~~~~~        
/home/sanjevi/.cache/node-gyp/24.20.0/include/node/node.h:1274:50: note: declared here
 1274 |                 NODE_EXTERN v8::Local<v8::Value> Encode(v8::Isolate* isolate,
      |                                                  ^~~~~~
/home/sanjevi/.cache/node-gyp/24.20.0/include/node/node.h:114:70: note: in definition of macro ‘NODE_DEPRECATED’
  114 | #define NODE_DEPRECATED(message, declarator) [[deprecated(message)]] declarator
      |                                                                      ^~~~~~~~~~
/home/sanjevi/.cache/node-gyp/24.20.0/include/node/node.h:1274:50: note: declared here
 1274 |                 NODE_EXTERN v8::Local<v8::Value> Encode(v8::Isolate* isolate,
      |                                                  ^~~~~~
/home/sanjevi/.cache/node-gyp/24.20.0/include/node/node.h:114:70: note: in definition of macro ‘NODE_DEPRECATED’
  114 | #define NODE_DEPRECATED(message, declarator) [[deprecated(message)]] declarator
      |                                                                      ^~~~~~~~~~
../../nan/nan.h:2423:24: warning: ‘v8::Local<v8::Value> node::Encode(v8::Isolate*, const char*, size_t, encoding)’ is deprecated: Use TryEncode(...) instead [-Wdeprecated-declarations]
 2423 |     return node::Encode(
      |            ~~~~~~~~~~~~^
 2424 |         isolate
      |         ~~~~~~~         
 2425 |       , reinterpret_cast<const char *>(buf)
      |       ~~~~~~~~~~~~~~~~~~~~~~~~~~~~~~~~~~~~~
 2426 |       , len
      |       ~~~~~             
 2427 |       , node_enc);
      |       ~~~~~~~~~~~       
../../nan/nan.h:2423:24: warning: ‘v8::Local<v8::Value> node::Encode(v8::Isolate*, const char*, size_t, encoding)’ is deprecated: Use TryEncode(...) instead [-Wdeprecated-declarations]
 2423 |     return node::Encode(
      |            ~~~~~~~~~~~~^
 2424 |         isolate
      |         ~~~~~~~         
 2425 |       , reinterpret_cast<const char *>(buf)
      |       ~~~~~~~~~~~~~~~~~~~~~~~~~~~~~~~~~~~~~
 2426 |       , len
      |       ~~~~~             
 2427 |       , node_enc);
      |       ~~~~~~~~~~~       
/home/sanjevi/.cache/node-gyp/24.20.0/include/node/node.h:1266:38: note: declared here
 1266 |     NODE_EXTERN v8::Local<v8::Value> Encode(v8::Isolate* isolate,
      |                                      ^~~~~~
/home/sanjevi/.cache/node-gyp/24.20.0/include/node/node.h:114:70: note: in definition of macro ‘NODE_DEPRECATED’
  114 | #define NODE_DEPRECATED(message, declarator) [[deprecated(message)]] declarator
      |                                                                      ^~~~~~~~~~
/home/sanjevi/.cache/node-gyp/24.20.0/include/node/node.h:1266:38: note: declared here
 1266 |     NODE_EXTERN v8::Local<v8::Value> Encode(v8::Isolate* isolate,
      |                                      ^~~~~~
/home/sanjevi/.cache/node-gyp/24.20.0/include/node/node.h:114:70: note: in definition of macro ‘NODE_DEPRECATED’
  114 | #define NODE_DEPRECATED(message, declarator) [[deprecated(message)]] declarator
      |                                                                      ^~~~~~~~~~
../../nan/nan.h: In function ‘v8::Local<v8::Value> Nan::Encode(const void*, size_t, Encoding)’:
../../nan/nan.h:2418:24: warning: ‘v8::Local<v8::Value> node::Encode(v8::Isolate*, const uint16_t*, size_t)’ is deprecated: Use TryEncode(...) instead [-Wdeprecated-declarations]
 2418 |     return node::Encode(
      |            ~~~~~~~~~~~~^
 2419 |         isolate
      |         ~~~~~~~         
 2420 |       , reinterpret_cast<const uint16_t *>(buf)
      |       ~~~~~~~~~~~~~~~~~~~~~~~~~~~~~~~~~~~~~~~~~
 2421 |       , len / 2);
      |       ~~~~~~~~~~        
../../nan/nan.h: In function ‘v8::Local<v8::Value> Nan::Encode(const void*, size_t, Encoding)’:
../../nan/nan.h:2418:24: warning: ‘v8::Local<v8::Value> node::Encode(v8::Isolate*, const uint16_t*, size_t)’ is deprecated: Use TryEncode(...) instead [-Wdeprecated-declarations]
 2418 |     return node::Encode(
      |            ~~~~~~~~~~~~^
 2419 |         isolate
      |         ~~~~~~~         
 2420 |       , reinterpret_cast<const uint16_t *>(buf)
      |       ~~~~~~~~~~~~~~~~~~~~~~~~~~~~~~~~~~~~~~~~~
 2421 |       , len / 2);
      |       ~~~~~~~~~~        
/home/sanjevi/.cache/node-gyp/24.20.0/include/node/node.h:1274:50: note: declared here
 1274 |                 NODE_EXTERN v8::Local<v8::Value> Encode(v8::Isolate* isolate,
      |                                                  ^~~~~~
/home/sanjevi/.cache/node-gyp/24.20.0/include/node/node.h:114:70: note: in definition of macro ‘NODE_DEPRECATED’
  114 | #define NODE_DEPRECATED(message, declarator) [[deprecated(message)]] declarator
      |                                                                      ^~~~~~~~~~
/home/sanjevi/.cache/node-gyp/24.20.0/include/node/node.h:1274:50: note: declared here
 1274 |                 NODE_EXTERN v8::Local<v8::Value> Encode(v8::Isolate* isolate,
      |                                                  ^~~~~~
/home/sanjevi/.cache/node-gyp/24.20.0/include/node/node.h:114:70: note: in definition of macro ‘NODE_DEPRECATED’
  114 | #define NODE_DEPRECATED(message, declarator) [[deprecated(message)]] declarator
      |                                                                      ^~~~~~~~~~
../../nan/nan.h:2423:24: warning: ‘v8::Local<v8::Value> node::Encode(v8::Isolate*, const char*, size_t, encoding)’ is deprecated: Use TryEncode(...) instead [-Wdeprecated-declarations]
 2423 |     return node::Encode(
      |            ~~~~~~~~~~~~^
 2424 |         isolate
      |         ~~~~~~~         
 2425 |       , reinterpret_cast<const char *>(buf)
      |       ~~~~~~~~~~~~~~~~~~~~~~~~~~~~~~~~~~~~~
 2426 |       , len
      |       ~~~~~             
 2427 |       , node_enc);
      |       ~~~~~~~~~~~       
../../nan/nan.h:2423:24: warning: ‘v8::Local<v8::Value> node::Encode(v8::Isolate*, const char*, size_t, encoding)’ is deprecated: Use TryEncode(...) instead [-Wdeprecated-declarations]
 2423 |     return node::Encode(
      |            ~~~~~~~~~~~~^
 2424 |         isolate
      |         ~~~~~~~         
 2425 |       , reinterpret_cast<const char *>(buf)
      |       ~~~~~~~~~~~~~~~~~~~~~~~~~~~~~~~~~~~~~
 2426 |       , len
      |       ~~~~~             
 2427 |       , node_enc);
      |       ~~~~~~~~~~~       
/home/sanjevi/.cache/node-gyp/24.20.0/include/node/node.h:1266:38: note: declared here
 1266 |     NODE_EXTERN v8::Local<v8::Value> Encode(v8::Isolate* isolate,
      |                                      ^~~~~~
/home/sanjevi/.cache/node-gyp/24.20.0/include/node/node.h:114:70: note: in definition of macro ‘NODE_DEPRECATED’
  114 | #define NODE_DEPRECATED(message, declarator) [[deprecated(message)]] declarator
      |                                                                      ^~~~~~~~~~
/home/sanjevi/.cache/node-gyp/24.20.0/include/node/node.h:1266:38: note: declared here
 1266 |     NODE_EXTERN v8::Local<v8::Value> Encode(v8::Isolate* isolate,
      |                                      ^~~~~~
/home/sanjevi/.cache/node-gyp/24.20.0/include/node/node.h:114:70: note: in definition of macro ‘NODE_DEPRECATED’
  114 | #define NODE_DEPRECATED(message, declarator) [[deprecated(message)]] declarator
      |                                                                      ^~~~~~~~~~
In file included from ../../nan/nan.h:3045:
../../nan/nan_scriptorigin.h: In constructor ‘Nan::ScriptOrigin::ScriptOrigin(v8::Local<v8::Value>)’:
../../nan/nan_scriptorigin.h:36:55: error: no matching function for call to ‘v8::ScriptOrigin::ScriptOrigin(v8::Isolate*, v8::Local<v8::Value>&)’
   36 |       v8::ScriptOrigin(v8::Isolate::GetCurrent(), name) {}
      |                                                       ^
In file included from ../../nan/nan.h:3045:
../../nan/nan_scriptorigin.h: In constructor ‘Nan::ScriptOrigin::ScriptOrigin(v8::Local<v8::Value>)’:
../../nan/nan_scriptorigin.h:36:55: error: no matching function for call to ‘v8::ScriptOrigin::ScriptOrigin(v8::Isolate*, v8::Local<v8::Value>&)’
   36 |       v8::ScriptOrigin(v8::Isolate::GetCurrent(), name) {}
      |                                                       ^
../../nan/nan_scriptorigin.h:36:55: note: there are 3 candidates
../../nan/nan_scriptorigin.h:36:55: note: there are 3 candidates
In file included from /home/sanjevi/.cache/node-gyp/24.20.0/include/node/v8-script.h:20,
                 from /home/sanjevi/.cache/node-gyp/24.20.0/include/node/v8-debug.h:10,
                 from /home/sanjevi/.cache/node-gyp/24.20.0/include/node/v8-isolate.h:19,
                 from /home/sanjevi/.cache/node-gyp/24.20.0/include/node/v8-snapshot.h:9,
                 from /home/sanjevi/.cache/node-gyp/24.20.0/include/node/v8-context.h:15,
                 from /home/sanjevi/.cache/node-gyp/24.20.0/include/node/v8.h:26:
/home/sanjevi/.cache/node-gyp/24.20.0/include/node/v8-message.h:65:13: note: candidate 1: ‘v8::ScriptOrigin::ScriptOrigin(v8::Local<v8::Value>, int, int, bool, int, v8::Local<v8::Value>, bool, bool, bool, v8::Local<v8::Data>)’
   65 |   V8_INLINE ScriptOrigin(Local<Value> resource_name,
      |             ^~~~~~~~~~~~
In file included from /home/sanjevi/.cache/node-gyp/24.20.0/include/node/v8-script.h:20,
                 from /home/sanjevi/.cache/node-gyp/24.20.0/include/node/v8-debug.h:10,
                 from /home/sanjevi/.cache/node-gyp/24.20.0/include/node/v8-isolate.h:19,
                 from /home/sanjevi/.cache/node-gyp/24.20.0/include/node/v8-snapshot.h:9,
                 from /home/sanjevi/.cache/node-gyp/24.20.0/include/node/v8-context.h:15,
                 from /home/sanjevi/.cache/node-gyp/24.20.0/include/node/v8.h:26:
/home/sanjevi/.cache/node-gyp/24.20.0/include/node/v8-message.h:65:13: note: candidate 1: ‘v8::ScriptOrigin::ScriptOrigin(v8::Local<v8::Value>, int, int, bool, int, v8::Local<v8::Value>, bool, bool, bool, v8::Local<v8::Data>)’
   65 |   V8_INLINE ScriptOrigin(Local<Value> resource_name,
      |             ^~~~~~~~~~~~
/home/sanjevi/.cache/node-gyp/24.20.0/include/node/v8-message.h:65:39: note: no known conversion for argument 1 from ‘v8::Isolate*’ to ‘v8::Local<v8::Value>’
   65 |   V8_INLINE ScriptOrigin(Local<Value> resource_name,
      |                          ~~~~~~~~~~~~~^~~~~~~~~~~~~
/home/sanjevi/.cache/node-gyp/24.20.0/include/node/v8-message.h:65:39: note: no known conversion for argument 1 from ‘v8::Isolate*’ to ‘v8::Local<v8::Value>’
   65 |   V8_INLINE ScriptOrigin(Local<Value> resource_name,
      |                          ~~~~~~~~~~~~~^~~~~~~~~~~~~
/home/sanjevi/.cache/node-gyp/24.20.0/include/node/v8-message.h:63:17: note: candidate 2: ‘constexpr v8::ScriptOrigin::ScriptOrigin(const v8::ScriptOrigin&)’
   63 | class V8_EXPORT ScriptOrigin {
      |                 ^~~~~~~~~~~~
/home/sanjevi/.cache/node-gyp/24.20.0/include/node/v8-message.h:63:17: note: candidate 2: ‘constexpr v8::ScriptOrigin::ScriptOrigin(const v8::ScriptOrigin&)’
   63 | class V8_EXPORT ScriptOrigin {
      |                 ^~~~~~~~~~~~
/home/sanjevi/.cache/node-gyp/24.20.0/include/node/v8-message.h:63:17: note: candidate expects 1 argument, 2 provided
/home/sanjevi/.cache/node-gyp/24.20.0/include/node/v8-message.h:63:17: note: candidate expects 1 argument, 2 provided
/home/sanjevi/.cache/node-gyp/24.20.0/include/node/v8-message.h:63:17: note: candidate 3: ‘constexpr v8::ScriptOrigin::ScriptOrigin(v8::ScriptOrigin&&)’
/home/sanjevi/.cache/node-gyp/24.20.0/include/node/v8-message.h:63:17: note: candidate 3: ‘constexpr v8::ScriptOrigin::ScriptOrigin(v8::ScriptOrigin&&)’
/home/sanjevi/.cache/node-gyp/24.20.0/include/node/v8-message.h:63:17: note: candidate expects 1 argument, 2 provided
/home/sanjevi/.cache/node-gyp/24.20.0/include/node/v8-message.h:63:17: note: candidate expects 1 argument, 2 provided
../../nan/nan_scriptorigin.h: In constructor ‘Nan::ScriptOrigin::ScriptOrigin(v8::Local<v8::Value>, v8::Local<v8::Integer>)’:
../../nan/nan_scriptorigin.h:42:52: error: no matching function for call to ‘v8::ScriptOrigin::ScriptOrigin(v8::Isolate*, v8::Local<v8::Value>&, int)’
   42 |                    , To<int32_t>(line).FromMaybe(0)) {}
      |                                                    ^
../../nan/nan_scriptorigin.h: In constructor ‘Nan::ScriptOrigin::ScriptOrigin(v8::Local<v8::Value>, v8::Local<v8::Integer>)’:
../../nan/nan_scriptorigin.h:42:52: error: no matching function for call to ‘v8::ScriptOrigin::ScriptOrigin(v8::Isolate*, v8::Local<v8::Value>&, int)’
   42 |                    , To<int32_t>(line).FromMaybe(0)) {}
      |                                                    ^
../../nan/nan_scriptorigin.h:42:52: note: there are 3 candidates
../../nan/nan_scriptorigin.h:42:52: note: there are 3 candidates
/home/sanjevi/.cache/node-gyp/24.20.0/include/node/v8-message.h:65:13: note: candidate 1: ‘v8::ScriptOrigin::ScriptOrigin(v8::Local<v8::Value>, int, int, bool, int, v8::Local<v8::Value>, bool, bool, bool, v8::Local<v8::Data>)’
   65 |   V8_INLINE ScriptOrigin(Local<Value> resource_name,
      |             ^~~~~~~~~~~~
/home/sanjevi/.cache/node-gyp/24.20.0/include/node/v8-message.h:65:13: note: candidate 1: ‘v8::ScriptOrigin::ScriptOrigin(v8::Local<v8::Value>, int, int, bool, int, v8::Local<v8::Value>, bool, bool, bool, v8::Local<v8::Data>)’
   65 |   V8_INLINE ScriptOrigin(Local<Value> resource_name,
      |             ^~~~~~~~~~~~
/home/sanjevi/.cache/node-gyp/24.20.0/include/node/v8-message.h:65:39: note: no known conversion for argument 1 from ‘v8::Isolate*’ to ‘v8::Local<v8::Value>’
   65 |   V8_INLINE ScriptOrigin(Local<Value> resource_name,
      |                          ~~~~~~~~~~~~~^~~~~~~~~~~~~
/home/sanjevi/.cache/node-gyp/24.20.0/include/node/v8-message.h:65:39: note: no known conversion for argument 1 from ‘v8::Isolate*’ to ‘v8::Local<v8::Value>’
   65 |   V8_INLINE ScriptOrigin(Local<Value> resource_name,
      |                          ~~~~~~~~~~~~~^~~~~~~~~~~~~
/home/sanjevi/.cache/node-gyp/24.20.0/include/node/v8-message.h:63:17: note: candidate 2: ‘constexpr v8::ScriptOrigin::ScriptOrigin(const v8::ScriptOrigin&)’
   63 | class V8_EXPORT ScriptOrigin {
      |                 ^~~~~~~~~~~~
/home/sanjevi/.cache/node-gyp/24.20.0/include/node/v8-message.h:63:17: note: candidate 2: ‘constexpr v8::ScriptOrigin::ScriptOrigin(const v8::ScriptOrigin&)’
   63 | class V8_EXPORT ScriptOrigin {
      |                 ^~~~~~~~~~~~
/home/sanjevi/.cache/node-gyp/24.20.0/include/node/v8-message.h:63:17: note: candidate expects 1 argument, 3 provided
/home/sanjevi/.cache/node-gyp/24.20.0/include/node/v8-message.h:63:17: note: candidate expects 1 argument, 3 provided
/home/sanjevi/.cache/node-gyp/24.20.0/include/node/v8-message.h:63:17: note: candidate 3: ‘constexpr v8::ScriptOrigin::ScriptOrigin(v8::ScriptOrigin&&)’
/home/sanjevi/.cache/node-gyp/24.20.0/include/node/v8-message.h:63:17: note: candidate 3: ‘constexpr v8::ScriptOrigin::ScriptOrigin(v8::ScriptOrigin&&)’
/home/sanjevi/.cache/node-gyp/24.20.0/include/node/v8-message.h:63:17: note: candidate expects 1 argument, 3 provided
/home/sanjevi/.cache/node-gyp/24.20.0/include/node/v8-message.h:63:17: note: candidate expects 1 argument, 3 provided
../../nan/nan_scriptorigin.h: In constructor ‘Nan::ScriptOrigin::ScriptOrigin(v8::Local<v8::Value>, v8::Local<v8::Integer>, v8::Local<v8::Integer>)’:
../../nan/nan_scriptorigin.h:50:54: error: no matching function for call to ‘v8::ScriptOrigin::ScriptOrigin(v8::Isolate*, v8::Local<v8::Value>&, int, int)’
   50 |                    , To<int32_t>(column).FromMaybe(0)) {}
      |                                                      ^
../../nan/nan_scriptorigin.h: In constructor ‘Nan::ScriptOrigin::ScriptOrigin(v8::Local<v8::Value>, v8::Local<v8::Integer>, v8::Local<v8::Integer>)’:
../../nan/nan_scriptorigin.h:50:54: error: no matching function for call to ‘v8::ScriptOrigin::ScriptOrigin(v8::Isolate*, v8::Local<v8::Value>&, int, int)’
   50 |                    , To<int32_t>(column).FromMaybe(0)) {}
      |                                                      ^
../../nan/nan_scriptorigin.h:50:54: note: there are 3 candidates
../../nan/nan_scriptorigin.h:50:54: note: there are 3 candidates
/home/sanjevi/.cache/node-gyp/24.20.0/include/node/v8-message.h:65:13: note: candidate 1: ‘v8::ScriptOrigin::ScriptOrigin(v8::Local<v8::Value>, int, int, bool, int, v8::Local<v8::Value>, bool, bool, bool, v8::Local<v8::Data>)’
   65 |   V8_INLINE ScriptOrigin(Local<Value> resource_name,
      |             ^~~~~~~~~~~~
/home/sanjevi/.cache/node-gyp/24.20.0/include/node/v8-message.h:65:13: note: candidate 1: ‘v8::ScriptOrigin::ScriptOrigin(v8::Local<v8::Value>, int, int, bool, int, v8::Local<v8::Value>, bool, bool, bool, v8::Local<v8::Data>)’
   65 |   V8_INLINE ScriptOrigin(Local<Value> resource_name,
      |             ^~~~~~~~~~~~
/home/sanjevi/.cache/node-gyp/24.20.0/include/node/v8-message.h:65:39: note: no known conversion for argument 1 from ‘v8::Isolate*’ to ‘v8::Local<v8::Value>’
   65 |   V8_INLINE ScriptOrigin(Local<Value> resource_name,
      |                          ~~~~~~~~~~~~~^~~~~~~~~~~~~
/home/sanjevi/.cache/node-gyp/24.20.0/include/node/v8-message.h:65:39: note: no known conversion for argument 1 from ‘v8::Isolate*’ to ‘v8::Local<v8::Value>’
   65 |   V8_INLINE ScriptOrigin(Local<Value> resource_name,
      |                          ~~~~~~~~~~~~~^~~~~~~~~~~~~
/home/sanjevi/.cache/node-gyp/24.20.0/include/node/v8-message.h:63:17: note: candidate 2: ‘constexpr v8::ScriptOrigin::ScriptOrigin(const v8::ScriptOrigin&)’
   63 | class V8_EXPORT ScriptOrigin {
      |                 ^~~~~~~~~~~~
/home/sanjevi/.cache/node-gyp/24.20.0/include/node/v8-message.h:63:17: note: candidate 2: ‘constexpr v8::ScriptOrigin::ScriptOrigin(const v8::ScriptOrigin&)’
   63 | class V8_EXPORT ScriptOrigin {
      |                 ^~~~~~~~~~~~
/home/sanjevi/.cache/node-gyp/24.20.0/include/node/v8-message.h:63:17: note: candidate expects 1 argument, 4 provided
/home/sanjevi/.cache/node-gyp/24.20.0/include/node/v8-message.h:63:17: note: candidate expects 1 argument, 4 provided
/home/sanjevi/.cache/node-gyp/24.20.0/include/node/v8-message.h:63:17: note: candidate 3: ‘constexpr v8::ScriptOrigin::ScriptOrigin(v8::ScriptOrigin&&)’
/home/sanjevi/.cache/node-gyp/24.20.0/include/node/v8-message.h:63:17: note: candidate 3: ‘constexpr v8::ScriptOrigin::ScriptOrigin(v8::ScriptOrigin&&)’
/home/sanjevi/.cache/node-gyp/24.20.0/include/node/v8-message.h:63:17: note: candidate expects 1 argument, 4 provided
/home/sanjevi/.cache/node-gyp/24.20.0/include/node/v8-message.h:63:17: note: candidate expects 1 argument, 4 provided
In file included from ../../nan/nan.h:3045:
../../nan/nan_scriptorigin.h: In constructor ‘Nan::ScriptOrigin::ScriptOrigin(v8::Local<v8::Value>)’:
../../nan/nan_scriptorigin.h:36:55: error: no matching function for call to ‘v8::ScriptOrigin::ScriptOrigin(v8::Isolate*, v8::Local<v8::Value>&)’
   36 |       v8::ScriptOrigin(v8::Isolate::GetCurrent(), name) {}
      |                                                       ^
In file included from ../../nan/nan.h:3045:
../../nan/nan_scriptorigin.h: In constructor ‘Nan::ScriptOrigin::ScriptOrigin(v8::Local<v8::Value>)’:
../../nan/nan_scriptorigin.h:36:55: error: no matching function for call to ‘v8::ScriptOrigin::ScriptOrigin(v8::Isolate*, v8::Local<v8::Value>&)’
   36 |       v8::ScriptOrigin(v8::Isolate::GetCurrent(), name) {}
      |                                                       ^
../../nan/nan_scriptorigin.h:36:55: note: there are 3 candidates
../../nan/nan_scriptorigin.h:36:55: note: there are 3 candidates
In file included from /home/sanjevi/.cache/node-gyp/24.20.0/include/node/v8-script.h:20,
                 from /home/sanjevi/.cache/node-gyp/24.20.0/include/node/v8-debug.h:10,
                 from /home/sanjevi/.cache/node-gyp/24.20.0/include/node/v8-isolate.h:19,
                 from /home/sanjevi/.cache/node-gyp/24.20.0/include/node/v8-snapshot.h:9,
                 from /home/sanjevi/.cache/node-gyp/24.20.0/include/node/v8-context.h:15,
                 from /home/sanjevi/.cache/node-gyp/24.20.0/include/node/v8.h:26:
/home/sanjevi/.cache/node-gyp/24.20.0/include/node/v8-message.h:65:13: note: candidate 1: ‘v8::ScriptOrigin::ScriptOrigin(v8::Local<v8::Value>, int, int, bool, int, v8::Local<v8::Value>, bool, bool, bool, v8::Local<v8::Data>)’
   65 |   V8_INLINE ScriptOrigin(Local<Value> resource_name,
      |             ^~~~~~~~~~~~
In file included from /home/sanjevi/.cache/node-gyp/24.20.0/include/node/v8-script.h:20,
                 from /home/sanjevi/.cache/node-gyp/24.20.0/include/node/v8-debug.h:10,
                 from /home/sanjevi/.cache/node-gyp/24.20.0/include/node/v8-isolate.h:19,
                 from /home/sanjevi/.cache/node-gyp/24.20.0/include/node/v8-snapshot.h:9,
                 from /home/sanjevi/.cache/node-gyp/24.20.0/include/node/v8-context.h:15,
                 from /home/sanjevi/.cache/node-gyp/24.20.0/include/node/v8.h:26:
/home/sanjevi/.cache/node-gyp/24.20.0/include/node/v8-message.h:65:13: note: candidate 1: ‘v8::ScriptOrigin::ScriptOrigin(v8::Local<v8::Value>, int, int, bool, int, v8::Local<v8::Value>, bool, bool, bool, v8::Local<v8::Data>)’
   65 |   V8_INLINE ScriptOrigin(Local<Value> resource_name,
      |             ^~~~~~~~~~~~
/home/sanjevi/.cache/node-gyp/24.20.0/include/node/v8-message.h:65:39: note: no known conversion for argument 1 from ‘v8::Isolate*’ to ‘v8::Local<v8::Value>’
   65 |   V8_INLINE ScriptOrigin(Local<Value> resource_name,
      |                          ~~~~~~~~~~~~~^~~~~~~~~~~~~
/home/sanjevi/.cache/node-gyp/24.20.0/include/node/v8-message.h:65:39: note: no known conversion for argument 1 from ‘v8::Isolate*’ to ‘v8::Local<v8::Value>’
   65 |   V8_INLINE ScriptOrigin(Local<Value> resource_name,
      |                          ~~~~~~~~~~~~~^~~~~~~~~~~~~
/home/sanjevi/.cache/node-gyp/24.20.0/include/node/v8-message.h:63:17: note: candidate 2: ‘constexpr v8::ScriptOrigin::ScriptOrigin(const v8::ScriptOrigin&)’
   63 | class V8_EXPORT ScriptOrigin {
      |                 ^~~~~~~~~~~~
/home/sanjevi/.cache/node-gyp/24.20.0/include/node/v8-message.h:63:17: note: candidate 2: ‘constexpr v8::ScriptOrigin::ScriptOrigin(const v8::ScriptOrigin&)’
   63 | class V8_EXPORT ScriptOrigin {
      |                 ^~~~~~~~~~~~
/home/sanjevi/.cache/node-gyp/24.20.0/include/node/v8-message.h:63:17: note: candidate expects 1 argument, 2 provided
/home/sanjevi/.cache/node-gyp/24.20.0/include/node/v8-message.h:63:17: note: candidate expects 1 argument, 2 provided
/home/sanjevi/.cache/node-gyp/24.20.0/include/node/v8-message.h:63:17: note: candidate 3: ‘constexpr v8::ScriptOrigin::ScriptOrigin(v8::ScriptOrigin&&)’
/home/sanjevi/.cache/node-gyp/24.20.0/include/node/v8-message.h:63:17: note: candidate 3: ‘constexpr v8::ScriptOrigin::ScriptOrigin(v8::ScriptOrigin&&)’
/home/sanjevi/.cache/node-gyp/24.20.0/include/node/v8-message.h:63:17: note: candidate expects 1 argument, 2 provided
/home/sanjevi/.cache/node-gyp/24.20.0/include/node/v8-message.h:63:17: note: candidate expects 1 argument, 2 provided
../../nan/nan_scriptorigin.h: In constructor ‘Nan::ScriptOrigin::ScriptOrigin(v8::Local<v8::Value>, v8::Local<v8::Integer>)’:
../../nan/nan_scriptorigin.h:42:52: error: no matching function for call to ‘v8::ScriptOrigin::ScriptOrigin(v8::Isolate*, v8::Local<v8::Value>&, int)’
   42 |                    , To<int32_t>(line).FromMaybe(0)) {}
      |                                                    ^
../../nan/nan_scriptorigin.h: In constructor ‘Nan::ScriptOrigin::ScriptOrigin(v8::Local<v8::Value>, v8::Local<v8::Integer>)’:
../../nan/nan_scriptorigin.h:42:52: error: no matching function for call to ‘v8::ScriptOrigin::ScriptOrigin(v8::Isolate*, v8::Local<v8::Value>&, int)’
   42 |                    , To<int32_t>(line).FromMaybe(0)) {}
      |                                                    ^
../../nan/nan_scriptorigin.h:42:52: note: there are 3 candidates
../../nan/nan_scriptorigin.h:42:52: note: there are 3 candidates
/home/sanjevi/.cache/node-gyp/24.20.0/include/node/v8-message.h:65:13: note: candidate 1: ‘v8::ScriptOrigin::ScriptOrigin(v8::Local<v8::Value>, int, int, bool, int, v8::Local<v8::Value>, bool, bool, bool, v8::Local<v8::Data>)’
   65 |   V8_INLINE ScriptOrigin(Local<Value> resource_name,
      |             ^~~~~~~~~~~~
/home/sanjevi/.cache/node-gyp/24.20.0/include/node/v8-message.h:65:13: note: candidate 1: ‘v8::ScriptOrigin::ScriptOrigin(v8::Local<v8::Value>, int, int, bool, int, v8::Local<v8::Value>, bool, bool, bool, v8::Local<v8::Data>)’
   65 |   V8_INLINE ScriptOrigin(Local<Value> resource_name,
      |             ^~~~~~~~~~~~
/home/sanjevi/.cache/node-gyp/24.20.0/include/node/v8-message.h:65:39: note: no known conversion for argument 1 from ‘v8::Isolate*’ to ‘v8::Local<v8::Value>’
   65 |   V8_INLINE ScriptOrigin(Local<Value> resource_name,
      |                          ~~~~~~~~~~~~~^~~~~~~~~~~~~
/home/sanjevi/.cache/node-gyp/24.20.0/include/node/v8-message.h:65:39: note: no known conversion for argument 1 from ‘v8::Isolate*’ to ‘v8::Local<v8::Value>’
   65 |   V8_INLINE ScriptOrigin(Local<Value> resource_name,
      |                          ~~~~~~~~~~~~~^~~~~~~~~~~~~
/home/sanjevi/.cache/node-gyp/24.20.0/include/node/v8-message.h:63:17: note: candidate 2: ‘constexpr v8::ScriptOrigin::ScriptOrigin(const v8::ScriptOrigin&)’
   63 | class V8_EXPORT ScriptOrigin {
      |                 ^~~~~~~~~~~~
/home/sanjevi/.cache/node-gyp/24.20.0/include/node/v8-message.h:63:17: note: candidate 2: ‘constexpr v8::ScriptOrigin::ScriptOrigin(const v8::ScriptOrigin&)’
   63 | class V8_EXPORT ScriptOrigin {
      |                 ^~~~~~~~~~~~
/home/sanjevi/.cache/node-gyp/24.20.0/include/node/v8-message.h:63:17: note: candidate expects 1 argument, 3 provided
/home/sanjevi/.cache/node-gyp/24.20.0/include/node/v8-message.h:63:17: note: candidate expects 1 argument, 3 provided
/home/sanjevi/.cache/node-gyp/24.20.0/include/node/v8-message.h:63:17: note: candidate 3: ‘constexpr v8::ScriptOrigin::ScriptOrigin(v8::ScriptOrigin&&)’
/home/sanjevi/.cache/node-gyp/24.20.0/include/node/v8-message.h:63:17: note: candidate 3: ‘constexpr v8::ScriptOrigin::ScriptOrigin(v8::ScriptOrigin&&)’
/home/sanjevi/.cache/node-gyp/24.20.0/include/node/v8-message.h:63:17: note: candidate expects 1 argument, 3 provided
/home/sanjevi/.cache/node-gyp/24.20.0/include/node/v8-message.h:63:17: note: candidate expects 1 argument, 3 provided
../../nan/nan_scriptorigin.h: In constructor ‘Nan::ScriptOrigin::ScriptOrigin(v8::Local<v8::Value>, v8::Local<v8::Integer>, v8::Local<v8::Integer>)’:
../../nan/nan_scriptorigin.h:50:54: error: no matching function for call to ‘v8::ScriptOrigin::ScriptOrigin(v8::Isolate*, v8::Local<v8::Value>&, int, int)’
   50 |                    , To<int32_t>(column).FromMaybe(0)) {}
      |                                                      ^
../../nan/nan_scriptorigin.h: In constructor ‘Nan::ScriptOrigin::ScriptOrigin(v8::Local<v8::Value>, v8::Local<v8::Integer>, v8::Local<v8::Integer>)’:
../../nan/nan_scriptorigin.h:50:54: error: no matching function for call to ‘v8::ScriptOrigin::ScriptOrigin(v8::Isolate*, v8::Local<v8::Value>&, int, int)’
   50 |                    , To<int32_t>(column).FromMaybe(0)) {}
      |                                                      ^
../../nan/nan_scriptorigin.h:50:54: note: there are 3 candidates
../../nan/nan_scriptorigin.h:50:54: note: there are 3 candidates
/home/sanjevi/.cache/node-gyp/24.20.0/include/node/v8-message.h:65:13: note: candidate 1: ‘v8::ScriptOrigin::ScriptOrigin(v8::Local<v8::Value>, int, int, bool, int, v8::Local<v8::Value>, bool, bool, bool, v8::Local<v8::Data>)’
   65 |   V8_INLINE ScriptOrigin(Local<Value> resource_name,
      |             ^~~~~~~~~~~~
/home/sanjevi/.cache/node-gyp/24.20.0/include/node/v8-message.h:65:13: note: candidate 1: ‘v8::ScriptOrigin::ScriptOrigin(v8::Local<v8::Value>, int, int, bool, int, v8::Local<v8::Value>, bool, bool, bool, v8::Local<v8::Data>)’
   65 |   V8_INLINE ScriptOrigin(Local<Value> resource_name,
      |             ^~~~~~~~~~~~
/home/sanjevi/.cache/node-gyp/24.20.0/include/node/v8-message.h:65:39: note: no known conversion for argument 1 from ‘v8::Isolate*’ to ‘v8::Local<v8::Value>’
   65 |   V8_INLINE ScriptOrigin(Local<Value> resource_name,
      |                          ~~~~~~~~~~~~~^~~~~~~~~~~~~
/home/sanjevi/.cache/node-gyp/24.20.0/include/node/v8-message.h:65:39: note: no known conversion for argument 1 from ‘v8::Isolate*’ to ‘v8::Local<v8::Value>’
   65 |   V8_INLINE ScriptOrigin(Local<Value> resource_name,
      |                          ~~~~~~~~~~~~~^~~~~~~~~~~~~
/home/sanjevi/.cache/node-gyp/24.20.0/include/node/v8-message.h:63:17: note: candidate 2: ‘constexpr v8::ScriptOrigin::ScriptOrigin(const v8::ScriptOrigin&)’
   63 | class V8_EXPORT ScriptOrigin {
      |                 ^~~~~~~~~~~~
/home/sanjevi/.cache/node-gyp/24.20.0/include/node/v8-message.h:63:17: note: candidate 2: ‘constexpr v8::ScriptOrigin::ScriptOrigin(const v8::ScriptOrigin&)’
   63 | class V8_EXPORT ScriptOrigin {
      |                 ^~~~~~~~~~~~
/home/sanjevi/.cache/node-gyp/24.20.0/include/node/v8-message.h:63:17: note: candidate expects 1 argument, 4 provided
/home/sanjevi/.cache/node-gyp/24.20.0/include/node/v8-message.h:63:17: note: candidate expects 1 argument, 4 provided
/home/sanjevi/.cache/node-gyp/24.20.0/include/node/v8-message.h:63:17: note: candidate 3: ‘constexpr v8::ScriptOrigin::ScriptOrigin(v8::ScriptOrigin&&)’
/home/sanjevi/.cache/node-gyp/24.20.0/include/node/v8-message.h:63:17: note: candidate 3: ‘constexpr v8::ScriptOrigin::ScriptOrigin(v8::ScriptOrigin&&)’
/home/sanjevi/.cache/node-gyp/24.20.0/include/node/v8-message.h:63:17: note: candidate expects 1 argument, 4 provided
/home/sanjevi/.cache/node-gyp/24.20.0/include/node/v8-message.h:63:17: note: candidate expects 1 argument, 4 provided
In file included from ../../nan/nan.h:3045:
../../nan/nan_scriptorigin.h: In constructor ‘Nan::ScriptOrigin::ScriptOrigin(v8::Local<v8::Value>)’:
../../nan/nan_scriptorigin.h:36:55: error: no matching function for call to ‘v8::ScriptOrigin::ScriptOrigin(v8::Isolate*, v8::Local<v8::Value>&)’
   36 |       v8::ScriptOrigin(v8::Isolate::GetCurrent(), name) {}
      |                                                       ^
In file included from ../../nan/nan.h:3045:
../../nan/nan_scriptorigin.h: In constructor ‘Nan::ScriptOrigin::ScriptOrigin(v8::Local<v8::Value>)’:
../../nan/nan_scriptorigin.h:36:55: error: no matching function for call to ‘v8::ScriptOrigin::ScriptOrigin(v8::Isolate*, v8::Local<v8::Value>&)’
   36 |       v8::ScriptOrigin(v8::Isolate::GetCurrent(), name) {}
      |                                                       ^
../../nan/nan_scriptorigin.h:36:55: note: there are 3 candidates
../../nan/nan_scriptorigin.h:36:55: note: there are 3 candidates
In file included from /home/sanjevi/.cache/node-gyp/24.20.0/include/node/v8-script.h:20,
                 from /home/sanjevi/.cache/node-gyp/24.20.0/include/node/v8-debug.h:10,
                 from /home/sanjevi/.cache/node-gyp/24.20.0/include/node/v8-isolate.h:19,
                 from /home/sanjevi/.cache/node-gyp/24.20.0/include/node/v8-snapshot.h:9,
                 from /home/sanjevi/.cache/node-gyp/24.20.0/include/node/v8-context.h:15,
                 from /home/sanjevi/.cache/node-gyp/24.20.0/include/node/v8.h:26:
/home/sanjevi/.cache/node-gyp/24.20.0/include/node/v8-message.h:65:13: note: candidate 1: ‘v8::ScriptOrigin::ScriptOrigin(v8::Local<v8::Value>, int, int, bool, int, v8::Local<v8::Value>, bool, bool, bool, v8::Local<v8::Data>)’
   65 |   V8_INLINE ScriptOrigin(Local<Value> resource_name,
      |             ^~~~~~~~~~~~
In file included from /home/sanjevi/.cache/node-gyp/24.20.0/include/node/v8-script.h:20,
                 from /home/sanjevi/.cache/node-gyp/24.20.0/include/node/v8-debug.h:10,
                 from /home/sanjevi/.cache/node-gyp/24.20.0/include/node/v8-isolate.h:19,
                 from /home/sanjevi/.cache/node-gyp/24.20.0/include/node/v8-snapshot.h:9,
                 from /home/sanjevi/.cache/node-gyp/24.20.0/include/node/v8-context.h:15,
                 from /home/sanjevi/.cache/node-gyp/24.20.0/include/node/v8.h:26:
/home/sanjevi/.cache/node-gyp/24.20.0/include/node/v8-message.h:65:13: note: candidate 1: ‘v8::ScriptOrigin::ScriptOrigin(v8::Local<v8::Value>, int, int, bool, int, v8::Local<v8::Value>, bool, bool, bool, v8::Local<v8::Data>)’
   65 |   V8_INLINE ScriptOrigin(Local<Value> resource_name,
      |             ^~~~~~~~~~~~
/home/sanjevi/.cache/node-gyp/24.20.0/include/node/v8-message.h:65:39: note: no known conversion for argument 1 from ‘v8::Isolate*’ to ‘v8::Local<v8::Value>’
   65 |   V8_INLINE ScriptOrigin(Local<Value> resource_name,
      |                          ~~~~~~~~~~~~~^~~~~~~~~~~~~
/home/sanjevi/.cache/node-gyp/24.20.0/include/node/v8-message.h:65:39: note: no known conversion for argument 1 from ‘v8::Isolate*’ to ‘v8::Local<v8::Value>’
   65 |   V8_INLINE ScriptOrigin(Local<Value> resource_name,
      |                          ~~~~~~~~~~~~~^~~~~~~~~~~~~
/home/sanjevi/.cache/node-gyp/24.20.0/include/node/v8-message.h:63:17: note: candidate 2: ‘constexpr v8::ScriptOrigin::ScriptOrigin(const v8::ScriptOrigin&)’
   63 | class V8_EXPORT ScriptOrigin {
      |                 ^~~~~~~~~~~~
/home/sanjevi/.cache/node-gyp/24.20.0/include/node/v8-message.h:63:17: note: candidate 2: ‘constexpr v8::ScriptOrigin::ScriptOrigin(const v8::ScriptOrigin&)’
   63 | class V8_EXPORT ScriptOrigin {
      |                 ^~~~~~~~~~~~
/home/sanjevi/.cache/node-gyp/24.20.0/include/node/v8-message.h:63:17: note: candidate expects 1 argument, 2 provided
/home/sanjevi/.cache/node-gyp/24.20.0/include/node/v8-message.h:63:17: note: candidate expects 1 argument, 2 provided
/home/sanjevi/.cache/node-gyp/24.20.0/include/node/v8-message.h:63:17: note: candidate 3: ‘constexpr v8::ScriptOrigin::ScriptOrigin(v8::ScriptOrigin&&)’
/home/sanjevi/.cache/node-gyp/24.20.0/include/node/v8-message.h:63:17: note: candidate 3: ‘constexpr v8::ScriptOrigin::ScriptOrigin(v8::ScriptOrigin&&)’
/home/sanjevi/.cache/node-gyp/24.20.0/include/node/v8-message.h:63:17: note: candidate expects 1 argument, 2 provided
/home/sanjevi/.cache/node-gyp/24.20.0/include/node/v8-message.h:63:17: note: candidate expects 1 argument, 2 provided
../../nan/nan_scriptorigin.h: In constructor ‘Nan::ScriptOrigin::ScriptOrigin(v8::Local<v8::Value>, v8::Local<v8::Integer>)’:
../../nan/nan_scriptorigin.h:42:52: error: no matching function for call to ‘v8::ScriptOrigin::ScriptOrigin(v8::Isolate*, v8::Local<v8::Value>&, int)’
   42 |                    , To<int32_t>(line).FromMaybe(0)) {}
      |                                                    ^
../../nan/nan_scriptorigin.h: In constructor ‘Nan::ScriptOrigin::ScriptOrigin(v8::Local<v8::Value>, v8::Local<v8::Integer>)’:
../../nan/nan_scriptorigin.h:42:52: error: no matching function for call to ‘v8::ScriptOrigin::ScriptOrigin(v8::Isolate*, v8::Local<v8::Value>&, int)’
   42 |                    , To<int32_t>(line).FromMaybe(0)) {}
      |                                                    ^
../../nan/nan_scriptorigin.h:42:52: note: there are 3 candidates
../../nan/nan_scriptorigin.h:42:52: note: there are 3 candidates
/home/sanjevi/.cache/node-gyp/24.20.0/include/node/v8-message.h:65:13: note: candidate 1: ‘v8::ScriptOrigin::ScriptOrigin(v8::Local<v8::Value>, int, int, bool, int, v8::Local<v8::Value>, bool, bool, bool, v8::Local<v8::Data>)’
   65 |   V8_INLINE ScriptOrigin(Local<Value> resource_name,
      |             ^~~~~~~~~~~~
/home/sanjevi/.cache/node-gyp/24.20.0/include/node/v8-message.h:65:13: note: candidate 1: ‘v8::ScriptOrigin::ScriptOrigin(v8::Local<v8::Value>, int, int, bool, int, v8::Local<v8::Value>, bool, bool, bool, v8::Local<v8::Data>)’
   65 |   V8_INLINE ScriptOrigin(Local<Value> resource_name,
      |             ^~~~~~~~~~~~
/home/sanjevi/.cache/node-gyp/24.20.0/include/node/v8-message.h:65:39: note: no known conversion for argument 1 from ‘v8::Isolate*’ to ‘v8::Local<v8::Value>’
   65 |   V8_INLINE ScriptOrigin(Local<Value> resource_name,
      |                          ~~~~~~~~~~~~~^~~~~~~~~~~~~
/home/sanjevi/.cache/node-gyp/24.20.0/include/node/v8-message.h:65:39: note: no known conversion for argument 1 from ‘v8::Isolate*’ to ‘v8::Local<v8::Value>’
   65 |   V8_INLINE ScriptOrigin(Local<Value> resource_name,
      |                          ~~~~~~~~~~~~~^~~~~~~~~~~~~
/home/sanjevi/.cache/node-gyp/24.20.0/include/node/v8-message.h:63:17: note: candidate 2: ‘constexpr v8::ScriptOrigin::ScriptOrigin(const v8::ScriptOrigin&)’
   63 | class V8_EXPORT ScriptOrigin {
      |                 ^~~~~~~~~~~~
/home/sanjevi/.cache/node-gyp/24.20.0/include/node/v8-message.h:63:17: note: candidate 2: ‘constexpr v8::ScriptOrigin::ScriptOrigin(const v8::ScriptOrigin&)’
   63 | class V8_EXPORT ScriptOrigin {
      |                 ^~~~~~~~~~~~
/home/sanjevi/.cache/node-gyp/24.20.0/include/node/v8-message.h:63:17: note: candidate expects 1 argument, 3 provided
/home/sanjevi/.cache/node-gyp/24.20.0/include/node/v8-message.h:63:17: note: candidate expects 1 argument, 3 provided
/home/sanjevi/.cache/node-gyp/24.20.0/include/node/v8-message.h:63:17: note: candidate 3: ‘constexpr v8::ScriptOrigin::ScriptOrigin(v8::ScriptOrigin&&)’
/home/sanjevi/.cache/node-gyp/24.20.0/include/node/v8-message.h:63:17: note: candidate 3: ‘constexpr v8::ScriptOrigin::ScriptOrigin(v8::ScriptOrigin&&)’
/home/sanjevi/.cache/node-gyp/24.20.0/include/node/v8-message.h:63:17: note: candidate expects 1 argument, 3 provided
/home/sanjevi/.cache/node-gyp/24.20.0/include/node/v8-message.h:63:17: note: candidate expects 1 argument, 3 provided
../../nan/nan_scriptorigin.h: In constructor ‘Nan::ScriptOrigin::ScriptOrigin(v8::Local<v8::Value>, v8::Local<v8::Integer>, v8::Local<v8::Integer>)’:
../../nan/nan_scriptorigin.h:50:54: error: no matching function for call to ‘v8::ScriptOrigin::ScriptOrigin(v8::Isolate*, v8::Local<v8::Value>&, int, int)’
   50 |                    , To<int32_t>(column).FromMaybe(0)) {}
      |                                                      ^
../../nan/nan_scriptorigin.h: In constructor ‘Nan::ScriptOrigin::ScriptOrigin(v8::Local<v8::Value>, v8::Local<v8::Integer>, v8::Local<v8::Integer>)’:
../../nan/nan_scriptorigin.h:50:54: error: no matching function for call to ‘v8::ScriptOrigin::ScriptOrigin(v8::Isolate*, v8::Local<v8::Value>&, int, int)’
   50 |                    , To<int32_t>(column).FromMaybe(0)) {}
      |                                                      ^
../../nan/nan_scriptorigin.h:50:54: note: there are 3 candidates
../../nan/nan_scriptorigin.h:50:54: note: there are 3 candidates
/home/sanjevi/.cache/node-gyp/24.20.0/include/node/v8-message.h:65:13: note: candidate 1: ‘v8::ScriptOrigin::ScriptOrigin(v8::Local<v8::Value>, int, int, bool, int, v8::Local<v8::Value>, bool, bool, bool, v8::Local<v8::Data>)’
   65 |   V8_INLINE ScriptOrigin(Local<Value> resource_name,
      |             ^~~~~~~~~~~~
/home/sanjevi/.cache/node-gyp/24.20.0/include/node/v8-message.h:65:13: note: candidate 1: ‘v8::ScriptOrigin::ScriptOrigin(v8::Local<v8::Value>, int, int, bool, int, v8::Local<v8::Value>, bool, bool, bool, v8::Local<v8::Data>)’
   65 |   V8_INLINE ScriptOrigin(Local<Value> resource_name,
      |             ^~~~~~~~~~~~
/home/sanjevi/.cache/node-gyp/24.20.0/include/node/v8-message.h:65:39: note: no known conversion for argument 1 from ‘v8::Isolate*’ to ‘v8::Local<v8::Value>’
   65 |   V8_INLINE ScriptOrigin(Local<Value> resource_name,
      |                          ~~~~~~~~~~~~~^~~~~~~~~~~~~
/home/sanjevi/.cache/node-gyp/24.20.0/include/node/v8-message.h:65:39: note: no known conversion for argument 1 from ‘v8::Isolate*’ to ‘v8::Local<v8::Value>’
   65 |   V8_INLINE ScriptOrigin(Local<Value> resource_name,
      |                          ~~~~~~~~~~~~~^~~~~~~~~~~~~
/home/sanjevi/.cache/node-gyp/24.20.0/include/node/v8-message.h:63:17: note: candidate 2: ‘constexpr v8::ScriptOrigin::ScriptOrigin(const v8::ScriptOrigin&)’
   63 | class V8_EXPORT ScriptOrigin {
      |                 ^~~~~~~~~~~~
/home/sanjevi/.cache/node-gyp/24.20.0/include/node/v8-message.h:63:17: note: candidate 2: ‘constexpr v8::ScriptOrigin::ScriptOrigin(const v8::ScriptOrigin&)’
   63 | class V8_EXPORT ScriptOrigin {
      |                 ^~~~~~~~~~~~
/home/sanjevi/.cache/node-gyp/24.20.0/include/node/v8-message.h:63:17: note: candidate expects 1 argument, 4 provided
/home/sanjevi/.cache/node-gyp/24.20.0/include/node/v8-message.h:63:17: note: candidate expects 1 argument, 4 provided
/home/sanjevi/.cache/node-gyp/24.20.0/include/node/v8-message.h:63:17: note: candidate 3: ‘constexpr v8::ScriptOrigin::ScriptOrigin(v8::ScriptOrigin&&)’
/home/sanjevi/.cache/node-gyp/24.20.0/include/node/v8-message.h:63:17: note: candidate 3: ‘constexpr v8::ScriptOrigin::ScriptOrigin(v8::ScriptOrigin&&)’
/home/sanjevi/.cache/node-gyp/24.20.0/include/node/v8-message.h:63:17: note: candidate expects 1 argument, 4 provided
/home/sanjevi/.cache/node-gyp/24.20.0/include/node/v8-message.h:63:17: note: candidate expects 1 argument, 4 provided
In file included from ../lib/./wrapped_re2.h:4,
                 from ../lib/replace.cc:1:
../../nan/nan.h: In constructor ‘Nan::Utf8String::Utf8String(v8::Local<v8::Value>)’:
../../nan/nan.h:1173:36: warning: ‘int v8::String::WriteUtf8(v8::Isolate*, char*, int, int*, int) const’ is deprecated: Use WriteUtf8V2 instead. [-Wdeprecated-declarations]
 1173 |         length_ = string->WriteUtf8(v8::Isolate::GetCurrent(), str_,
      |                   ~~~~~~~~~~~~~~~~~^~~~~~~~~~~~~~~~~~~~~~~~~~~~~~~~~
 1174 |                                     static_cast<int>(len), 0, flags);
      |                                     ~~~~~~~~~~~~~~~~~~~~~~~~~~~~~~~~
In file included from /home/sanjevi/.cache/node-gyp/24.20.0/include/node/v8-object.h:12,
                 from /home/sanjevi/.cache/node-gyp/24.20.0/include/node/v8-array-buffer.h:14,
                 from /home/sanjevi/.cache/node-gyp/24.20.0/include/node/v8.h:24,
                 from /home/sanjevi/.cache/node-gyp/24.20.0/include/node/node.h:74,
                 from ../../nan/nan.h:62:
/home/sanjevi/.cache/node-gyp/24.20.0/include/node/v8-primitive.h:212:7: note: declared here
  212 |   int WriteUtf8(Isolate* isolate, char* buffer, int length = -1,
      |       ^~~~~~~~~
In file included from ../lib/./wrapped_re2.h:4,
                 from ../lib/split.cc:1:
../../nan/nan.h: In constructor ‘Nan::Utf8String::Utf8String(v8::Local<v8::Value>)’:
../../nan/nan.h:1173:36: warning: ‘int v8::String::WriteUtf8(v8::Isolate*, char*, int, int*, int) const’ is deprecated: Use WriteUtf8V2 instead. [-Wdeprecated-declarations]
 1173 |         length_ = string->WriteUtf8(v8::Isolate::GetCurrent(), str_,
      |                   ~~~~~~~~~~~~~~~~~^~~~~~~~~~~~~~~~~~~~~~~~~~~~~~~~~
 1174 |                                     static_cast<int>(len), 0, flags);
      |                                     ~~~~~~~~~~~~~~~~~~~~~~~~~~~~~~~~
In file included from /home/sanjevi/.cache/node-gyp/24.20.0/include/node/v8-object.h:12,
                 from /home/sanjevi/.cache/node-gyp/24.20.0/include/node/v8-array-buffer.h:14,
                 from /home/sanjevi/.cache/node-gyp/24.20.0/include/node/v8.h:24,
                 from /home/sanjevi/.cache/node-gyp/24.20.0/include/node/node.h:74,
                 from ../../nan/nan.h:62:
/home/sanjevi/.cache/node-gyp/24.20.0/include/node/v8-primitive.h:212:7: note: declared here
  212 |   int WriteUtf8(Isolate* isolate, char* buffer, int length = -1,
      |       ^~~~~~~~~
../../nan/nan.h: In function ‘v8::Local<v8::Value> Nan::Encode(const void*, size_t, Encoding)’:
../../nan/nan.h:2418:24: warning: ‘v8::Local<v8::Value> node::Encode(v8::Isolate*, const uint16_t*, size_t)’ is deprecated: Use TryEncode(...) instead [-Wdeprecated-declarations]
 2418 |     return node::Encode(
      |            ~~~~~~~~~~~~^
 2419 |         isolate
      |         ~~~~~~~         
 2420 |       , reinterpret_cast<const uint16_t *>(buf)
      |       ~~~~~~~~~~~~~~~~~~~~~~~~~~~~~~~~~~~~~~~~~
 2421 |       , len / 2);
      |       ~~~~~~~~~~        
/home/sanjevi/.cache/node-gyp/24.20.0/include/node/node.h:1274:50: note: declared here
 1274 |                 NODE_EXTERN v8::Local<v8::Value> Encode(v8::Isolate* isolate,
      |                                                  ^~~~~~
/home/sanjevi/.cache/node-gyp/24.20.0/include/node/node.h:114:70: note: in definition of macro ‘NODE_DEPRECATED’
  114 | #define NODE_DEPRECATED(message, declarator) [[deprecated(message)]] declarator
      |                                                                      ^~~~~~~~~~
../../nan/nan.h:2423:24: warning: ‘v8::Local<v8::Value> node::Encode(v8::Isolate*, const char*, size_t, encoding)’ is deprecated: Use TryEncode(...) instead [-Wdeprecated-declarations]
 2423 |     return node::Encode(
      |            ~~~~~~~~~~~~^
 2424 |         isolate
      |         ~~~~~~~         
 2425 |       , reinterpret_cast<const char *>(buf)
      |       ~~~~~~~~~~~~~~~~~~~~~~~~~~~~~~~~~~~~~
 2426 |       , len
      |       ~~~~~             
 2427 |       , node_enc);
      |       ~~~~~~~~~~~       
/home/sanjevi/.cache/node-gyp/24.20.0/include/node/node.h:1266:38: note: declared here
 1266 |     NODE_EXTERN v8::Local<v8::Value> Encode(v8::Isolate* isolate,
      |                                      ^~~~~~
/home/sanjevi/.cache/node-gyp/24.20.0/include/node/node.h:114:70: note: in definition of macro ‘NODE_DEPRECATED’
  114 | #define NODE_DEPRECATED(message, declarator) [[deprecated(message)]] declarator
      |                                                                      ^~~~~~~~~~
../../nan/nan.h: In function ‘v8::Local<v8::Value> Nan::Encode(const void*, size_t, Encoding)’:
../../nan/nan.h:2418:24: warning: ‘v8::Local<v8::Value> node::Encode(v8::Isolate*, const uint16_t*, size_t)’ is deprecated: Use TryEncode(...) instead [-Wdeprecated-declarations]
 2418 |     return node::Encode(
      |            ~~~~~~~~~~~~^
 2419 |         isolate
      |         ~~~~~~~         
 2420 |       , reinterpret_cast<const uint16_t *>(buf)
      |       ~~~~~~~~~~~~~~~~~~~~~~~~~~~~~~~~~~~~~~~~~
 2421 |       , len / 2);
      |       ~~~~~~~~~~        
/home/sanjevi/.cache/node-gyp/24.20.0/include/node/node.h:1274:50: note: declared here
 1274 |                 NODE_EXTERN v8::Local<v8::Value> Encode(v8::Isolate* isolate,
      |                                                  ^~~~~~
/home/sanjevi/.cache/node-gyp/24.20.0/include/node/node.h:114:70: note: in definition of macro ‘NODE_DEPRECATED’
  114 | #define NODE_DEPRECATED(message, declarator) [[deprecated(message)]] declarator
      |                                                                      ^~~~~~~~~~
../../nan/nan.h:2423:24: warning: ‘v8::Local<v8::Value> node::Encode(v8::Isolate*, const char*, size_t, encoding)’ is deprecated: Use TryEncode(...) instead [-Wdeprecated-declarations]
 2423 |     return node::Encode(
      |            ~~~~~~~~~~~~^
 2424 |         isolate
      |         ~~~~~~~         
 2425 |       , reinterpret_cast<const char *>(buf)
      |       ~~~~~~~~~~~~~~~~~~~~~~~~~~~~~~~~~~~~~
 2426 |       , len
      |       ~~~~~             
 2427 |       , node_enc);
      |       ~~~~~~~~~~~       
/home/sanjevi/.cache/node-gyp/24.20.0/include/node/node.h:1266:38: note: declared here
 1266 |     NODE_EXTERN v8::Local<v8::Value> Encode(v8::Isolate* isolate,
      |                                      ^~~~~~
/home/sanjevi/.cache/node-gyp/24.20.0/include/node/node.h:114:70: note: in definition of macro ‘NODE_DEPRECATED’
  114 | #define NODE_DEPRECATED(message, declarator) [[deprecated(message)]] declarator
      |                                                                      ^~~~~~~~~~
In file included from ../../nan/nan.h:3045:
../../nan/nan_scriptorigin.h: In constructor ‘Nan::ScriptOrigin::ScriptOrigin(v8::Local<v8::Value>)’:
../../nan/nan_scriptorigin.h:36:55: error: no matching function for call to ‘v8::ScriptOrigin::ScriptOrigin(v8::Isolate*, v8::Local<v8::Value>&)’
   36 |       v8::ScriptOrigin(v8::Isolate::GetCurrent(), name) {}
      |                                                       ^
../../nan/nan_scriptorigin.h:36:55: note: there are 3 candidates
In file included from /home/sanjevi/.cache/node-gyp/24.20.0/include/node/v8-script.h:20,
                 from /home/sanjevi/.cache/node-gyp/24.20.0/include/node/v8-debug.h:10,
                 from /home/sanjevi/.cache/node-gyp/24.20.0/include/node/v8-isolate.h:19,
                 from /home/sanjevi/.cache/node-gyp/24.20.0/include/node/v8-snapshot.h:9,
                 from /home/sanjevi/.cache/node-gyp/24.20.0/include/node/v8-context.h:15,
                 from /home/sanjevi/.cache/node-gyp/24.20.0/include/node/v8.h:26:
/home/sanjevi/.cache/node-gyp/24.20.0/include/node/v8-message.h:65:13: note: candidate 1: ‘v8::ScriptOrigin::ScriptOrigin(v8::Local<v8::Value>, int, int, bool, int, v8::Local<v8::Value>, bool, bool, bool, v8::Local<v8::Data>)’
   65 |   V8_INLINE ScriptOrigin(Local<Value> resource_name,
      |             ^~~~~~~~~~~~
/home/sanjevi/.cache/node-gyp/24.20.0/include/node/v8-message.h:65:39: note: no known conversion for argument 1 from ‘v8::Isolate*’ to ‘v8::Local<v8::Value>’
   65 |   V8_INLINE ScriptOrigin(Local<Value> resource_name,
      |                          ~~~~~~~~~~~~~^~~~~~~~~~~~~
/home/sanjevi/.cache/node-gyp/24.20.0/include/node/v8-message.h:63:17: note: candidate 2: ‘constexpr v8::ScriptOrigin::ScriptOrigin(const v8::ScriptOrigin&)’
   63 | class V8_EXPORT ScriptOrigin {
      |                 ^~~~~~~~~~~~
/home/sanjevi/.cache/node-gyp/24.20.0/include/node/v8-message.h:63:17: note: candidate expects 1 argument, 2 provided
/home/sanjevi/.cache/node-gyp/24.20.0/include/node/v8-message.h:63:17: note: candidate 3: ‘constexpr v8::ScriptOrigin::ScriptOrigin(v8::ScriptOrigin&&)’
/home/sanjevi/.cache/node-gyp/24.20.0/include/node/v8-message.h:63:17: note: candidate expects 1 argument, 2 provided
../../nan/nan_scriptorigin.h: In constructor ‘Nan::ScriptOrigin::ScriptOrigin(v8::Local<v8::Value>, v8::Local<v8::Integer>)’:
../../nan/nan_scriptorigin.h:42:52: error: no matching function for call to ‘v8::ScriptOrigin::ScriptOrigin(v8::Isolate*, v8::Local<v8::Value>&, int)’
   42 |                    , To<int32_t>(line).FromMaybe(0)) {}
      |                                                    ^
../../nan/nan_scriptorigin.h:42:52: note: there are 3 candidates
/home/sanjevi/.cache/node-gyp/24.20.0/include/node/v8-message.h:65:13: note: candidate 1: ‘v8::ScriptOrigin::ScriptOrigin(v8::Local<v8::Value>, int, int, bool, int, v8::Local<v8::Value>, bool, bool, bool, v8::Local<v8::Data>)’
   65 |   V8_INLINE ScriptOrigin(Local<Value> resource_name,
      |             ^~~~~~~~~~~~
/home/sanjevi/.cache/node-gyp/24.20.0/include/node/v8-message.h:65:39: note: no known conversion for argument 1 from ‘v8::Isolate*’ to ‘v8::Local<v8::Value>’
   65 |   V8_INLINE ScriptOrigin(Local<Value> resource_name,
      |                          ~~~~~~~~~~~~~^~~~~~~~~~~~~
/home/sanjevi/.cache/node-gyp/24.20.0/include/node/v8-message.h:63:17: note: candidate 2: ‘constexpr v8::ScriptOrigin::ScriptOrigin(const v8::ScriptOrigin&)’
   63 | class V8_EXPORT ScriptOrigin {
      |                 ^~~~~~~~~~~~
/home/sanjevi/.cache/node-gyp/24.20.0/include/node/v8-message.h:63:17: note: candidate expects 1 argument, 3 provided
/home/sanjevi/.cache/node-gyp/24.20.0/include/node/v8-message.h:63:17: note: candidate 3: ‘constexpr v8::ScriptOrigin::ScriptOrigin(v8::ScriptOrigin&&)’
/home/sanjevi/.cache/node-gyp/24.20.0/include/node/v8-message.h:63:17: note: candidate expects 1 argument, 3 provided
../../nan/nan_scriptorigin.h: In constructor ‘Nan::ScriptOrigin::ScriptOrigin(v8::Local<v8::Value>, v8::Local<v8::Integer>, v8::Local<v8::Integer>)’:
../../nan/nan_scriptorigin.h:50:54: error: no matching function for call to ‘v8::ScriptOrigin::ScriptOrigin(v8::Isolate*, v8::Local<v8::Value>&, int, int)’
   50 |                    , To<int32_t>(column).FromMaybe(0)) {}
      |                                                      ^
../../nan/nan_scriptorigin.h:50:54: note: there are 3 candidates
/home/sanjevi/.cache/node-gyp/24.20.0/include/node/v8-message.h:65:13: note: candidate 1: ‘v8::ScriptOrigin::ScriptOrigin(v8::Local<v8::Value>, int, int, bool, int, v8::Local<v8::Value>, bool, bool, bool, v8::Local<v8::Data>)’
   65 |   V8_INLINE ScriptOrigin(Local<Value> resource_name,
      |             ^~~~~~~~~~~~
/home/sanjevi/.cache/node-gyp/24.20.0/include/node/v8-message.h:65:39: note: no known conversion for argument 1 from ‘v8::Isolate*’ to ‘v8::Local<v8::Value>’
   65 |   V8_INLINE ScriptOrigin(Local<Value> resource_name,
      |                          ~~~~~~~~~~~~~^~~~~~~~~~~~~
/home/sanjevi/.cache/node-gyp/24.20.0/include/node/v8-message.h:63:17: note: candidate 2: ‘constexpr v8::ScriptOrigin::ScriptOrigin(const v8::ScriptOrigin&)’
   63 | class V8_EXPORT ScriptOrigin {
      |                 ^~~~~~~~~~~~
/home/sanjevi/.cache/node-gyp/24.20.0/include/node/v8-message.h:63:17: note: candidate expects 1 argument, 4 provided
/home/sanjevi/.cache/node-gyp/24.20.0/include/node/v8-message.h:63:17: note: candidate 3: ‘constexpr v8::ScriptOrigin::ScriptOrigin(v8::ScriptOrigin&&)’
/home/sanjevi/.cache/node-gyp/24.20.0/include/node/v8-message.h:63:17: note: candidate expects 1 argument, 4 provided
In file included from ../../nan/nan.h:3045:
../../nan/nan_scriptorigin.h: In constructor ‘Nan::ScriptOrigin::ScriptOrigin(v8::Local<v8::Value>)’:
../../nan/nan_scriptorigin.h:36:55: error: no matching function for call to ‘v8::ScriptOrigin::ScriptOrigin(v8::Isolate*, v8::Local<v8::Value>&)’
   36 |       v8::ScriptOrigin(v8::Isolate::GetCurrent(), name) {}
      |                                                       ^
../../nan/nan_scriptorigin.h:36:55: note: there are 3 candidates
In file included from /home/sanjevi/.cache/node-gyp/24.20.0/include/node/v8-script.h:20,
                 from /home/sanjevi/.cache/node-gyp/24.20.0/include/node/v8-debug.h:10,
                 from /home/sanjevi/.cache/node-gyp/24.20.0/include/node/v8-isolate.h:19,
                 from /home/sanjevi/.cache/node-gyp/24.20.0/include/node/v8-snapshot.h:9,
                 from /home/sanjevi/.cache/node-gyp/24.20.0/include/node/v8-context.h:15,
                 from /home/sanjevi/.cache/node-gyp/24.20.0/include/node/v8.h:26:
/home/sanjevi/.cache/node-gyp/24.20.0/include/node/v8-message.h:65:13: note: candidate 1: ‘v8::ScriptOrigin::ScriptOrigin(v8::Local<v8::Value>, int, int, bool, int, v8::Local<v8::Value>, bool, bool, bool, v8::Local<v8::Data>)’
   65 |   V8_INLINE ScriptOrigin(Local<Value> resource_name,
      |             ^~~~~~~~~~~~
/home/sanjevi/.cache/node-gyp/24.20.0/include/node/v8-message.h:65:39: note: no known conversion for argument 1 from ‘v8::Isolate*’ to ‘v8::Local<v8::Value>’
   65 |   V8_INLINE ScriptOrigin(Local<Value> resource_name,
      |                          ~~~~~~~~~~~~~^~~~~~~~~~~~~
/home/sanjevi/.cache/node-gyp/24.20.0/include/node/v8-message.h:63:17: note: candidate 2: ‘constexpr v8::ScriptOrigin::ScriptOrigin(const v8::ScriptOrigin&)’
   63 | class V8_EXPORT ScriptOrigin {
      |                 ^~~~~~~~~~~~
/home/sanjevi/.cache/node-gyp/24.20.0/include/node/v8-message.h:63:17: note: candidate expects 1 argument, 2 provided
/home/sanjevi/.cache/node-gyp/24.20.0/include/node/v8-message.h:63:17: note: candidate 3: ‘constexpr v8::ScriptOrigin::ScriptOrigin(v8::ScriptOrigin&&)’
/home/sanjevi/.cache/node-gyp/24.20.0/include/node/v8-message.h:63:17: note: candidate expects 1 argument, 2 provided
../../nan/nan_scriptorigin.h: In constructor ‘Nan::ScriptOrigin::ScriptOrigin(v8::Local<v8::Value>, v8::Local<v8::Integer>)’:
../../nan/nan_scriptorigin.h:42:52: error: no matching function for call to ‘v8::ScriptOrigin::ScriptOrigin(v8::Isolate*, v8::Local<v8::Value>&, int)’
   42 |                    , To<int32_t>(line).FromMaybe(0)) {}
      |                                                    ^
../../nan/nan_scriptorigin.h:42:52: note: there are 3 candidates
/home/sanjevi/.cache/node-gyp/24.20.0/include/node/v8-message.h:65:13: note: candidate 1: ‘v8::ScriptOrigin::ScriptOrigin(v8::Local<v8::Value>, int, int, bool, int, v8::Local<v8::Value>, bool, bool, bool, v8::Local<v8::Data>)’
   65 |   V8_INLINE ScriptOrigin(Local<Value> resource_name,
      |             ^~~~~~~~~~~~
/home/sanjevi/.cache/node-gyp/24.20.0/include/node/v8-message.h:65:39: note: no known conversion for argument 1 from ‘v8::Isolate*’ to ‘v8::Local<v8::Value>’
   65 |   V8_INLINE ScriptOrigin(Local<Value> resource_name,
      |                          ~~~~~~~~~~~~~^~~~~~~~~~~~~
/home/sanjevi/.cache/node-gyp/24.20.0/include/node/v8-message.h:63:17: note: candidate 2: ‘constexpr v8::ScriptOrigin::ScriptOrigin(const v8::ScriptOrigin&)’
   63 | class V8_EXPORT ScriptOrigin {
      |                 ^~~~~~~~~~~~
/home/sanjevi/.cache/node-gyp/24.20.0/include/node/v8-message.h:63:17: note: candidate expects 1 argument, 3 provided
/home/sanjevi/.cache/node-gyp/24.20.0/include/node/v8-message.h:63:17: note: candidate 3: ‘constexpr v8::ScriptOrigin::ScriptOrigin(v8::ScriptOrigin&&)’
/home/sanjevi/.cache/node-gyp/24.20.0/include/node/v8-message.h:63:17: note: candidate expects 1 argument, 3 provided
../../nan/nan_scriptorigin.h: In constructor ‘Nan::ScriptOrigin::ScriptOrigin(v8::Local<v8::Value>, v8::Local<v8::Integer>, v8::Local<v8::Integer>)’:
../../nan/nan_scriptorigin.h:50:54: error: no matching function for call to ‘v8::ScriptOrigin::ScriptOrigin(v8::Isolate*, v8::Local<v8::Value>&, int, int)’
   50 |                    , To<int32_t>(column).FromMaybe(0)) {}
      |                                                      ^
../../nan/nan_scriptorigin.h:50:54: note: there are 3 candidates
/home/sanjevi/.cache/node-gyp/24.20.0/include/node/v8-message.h:65:13: note: candidate 1: ‘v8::ScriptOrigin::ScriptOrigin(v8::Local<v8::Value>, int, int, bool, int, v8::Local<v8::Value>, bool, bool, bool, v8::Local<v8::Data>)’
   65 |   V8_INLINE ScriptOrigin(Local<Value> resource_name,
      |             ^~~~~~~~~~~~
/home/sanjevi/.cache/node-gyp/24.20.0/include/node/v8-message.h:65:39: note: no known conversion for argument 1 from ‘v8::Isolate*’ to ‘v8::Local<v8::Value>’
   65 |   V8_INLINE ScriptOrigin(Local<Value> resource_name,
      |                          ~~~~~~~~~~~~~^~~~~~~~~~~~~
/home/sanjevi/.cache/node-gyp/24.20.0/include/node/v8-message.h:63:17: note: candidate 2: ‘constexpr v8::ScriptOrigin::ScriptOrigin(const v8::ScriptOrigin&)’
   63 | class V8_EXPORT ScriptOrigin {
      |                 ^~~~~~~~~~~~
/home/sanjevi/.cache/node-gyp/24.20.0/include/node/v8-message.h:63:17: note: candidate expects 1 argument, 4 provided
/home/sanjevi/.cache/node-gyp/24.20.0/include/node/v8-message.h:63:17: note: candidate 3: ‘constexpr v8::ScriptOrigin::ScriptOrigin(v8::ScriptOrigin&&)’
/home/sanjevi/.cache/node-gyp/24.20.0/include/node/v8-message.h:63:17: note: candidate expects 1 argument, 4 provided
make: *** [re2.target.mk:243: Release/obj.target/re2/lib/search.o] Error 1
make: *** Waiting for unfinished jobs....
In file included from ../lib/./wrapped_re2.h:4,
                 from ../lib/accessors.cc:1:
../../nan/nan.h: In constructor ‘Nan::Utf8String::Utf8String(v8::Local<v8::Value>)’:
../../nan/nan.h:1173:36: warning: ‘int v8::String::WriteUtf8(v8::Isolate*, char*, int, int*, int) const’ is deprecated: Use WriteUtf8V2 instead. [-Wdeprecated-declarations]
 1173 |         length_ = string->WriteUtf8(v8::Isolate::GetCurrent(), str_,
      |                   ~~~~~~~~~~~~~~~~~^~~~~~~~~~~~~~~~~~~~~~~~~~~~~~~~~
 1174 |                                     static_cast<int>(len), 0, flags);
      |                                     ~~~~~~~~~~~~~~~~~~~~~~~~~~~~~~~~
In file included from /home/sanjevi/.cache/node-gyp/24.20.0/include/node/v8-object.h:12,
                 from /home/sanjevi/.cache/node-gyp/24.20.0/include/node/v8-array-buffer.h:14,
                 from /home/sanjevi/.cache/node-gyp/24.20.0/include/node/v8.h:24,
                 from /home/sanjevi/.cache/node-gyp/24.20.0/include/node/node.h:74,
                 from ../../nan/nan.h:62:
/home/sanjevi/.cache/node-gyp/24.20.0/include/node/v8-primitive.h:212:7: note: declared here
  212 |   int WriteUtf8(Isolate* isolate, char* buffer, int length = -1,
      |       ^~~~~~~~~
make: *** [re2.target.mk:243: Release/obj.target/re2/lib/util.o] Error 1
../../nan/nan.h: In function ‘v8::Local<v8::Value> Nan::Encode(const void*, size_t, Encoding)’:
../../nan/nan.h:2418:24: warning: ‘v8::Local<v8::Value> node::Encode(v8::Isolate*, const uint16_t*, size_t)’ is deprecated: Use TryEncode(...) instead [-Wdeprecated-declarations]
 2418 |     return node::Encode(
      |            ~~~~~~~~~~~~^
 2419 |         isolate
      |         ~~~~~~~         
 2420 |       , reinterpret_cast<const uint16_t *>(buf)
      |       ~~~~~~~~~~~~~~~~~~~~~~~~~~~~~~~~~~~~~~~~~
 2421 |       , len / 2);
      |       ~~~~~~~~~~        
/home/sanjevi/.cache/node-gyp/24.20.0/include/node/node.h:1274:50: note: declared here
 1274 |                 NODE_EXTERN v8::Local<v8::Value> Encode(v8::Isolate* isolate,
      |                                                  ^~~~~~
/home/sanjevi/.cache/node-gyp/24.20.0/include/node/node.h:114:70: note: in definition of macro ‘NODE_DEPRECATED’
  114 | #define NODE_DEPRECATED(message, declarator) [[deprecated(message)]] declarator
      |                                                                      ^~~~~~~~~~
../../nan/nan.h:2423:24: warning: ‘v8::Local<v8::Value> node::Encode(v8::Isolate*, const char*, size_t, encoding)’ is deprecated: Use TryEncode(...) instead [-Wdeprecated-declarations]
 2423 |     return node::Encode(
      |            ~~~~~~~~~~~~^
 2424 |         isolate
      |         ~~~~~~~         
 2425 |       , reinterpret_cast<const char *>(buf)
      |       ~~~~~~~~~~~~~~~~~~~~~~~~~~~~~~~~~~~~~
 2426 |       , len
      |       ~~~~~             
 2427 |       , node_enc);
      |       ~~~~~~~~~~~       
/home/sanjevi/.cache/node-gyp/24.20.0/include/node/node.h:1266:38: note: declared here
 1266 |     NODE_EXTERN v8::Local<v8::Value> Encode(v8::Isolate* isolate,
      |                                      ^~~~~~
/home/sanjevi/.cache/node-gyp/24.20.0/include/node/node.h:114:70: note: in definition of macro ‘NODE_DEPRECATED’
  114 | #define NODE_DEPRECATED(message, declarator) [[deprecated(message)]] declarator
      |                                                                      ^~~~~~~~~~
In file included from ../../nan/nan.h:3045:
../../nan/nan_scriptorigin.h: In constructor ‘Nan::ScriptOrigin::ScriptOrigin(v8::Local<v8::Value>)’:
../../nan/nan_scriptorigin.h:36:55: error: no matching function for call to ‘v8::ScriptOrigin::ScriptOrigin(v8::Isolate*, v8::Local<v8::Value>&)’
   36 |       v8::ScriptOrigin(v8::Isolate::GetCurrent(), name) {}
      |                                                       ^
../../nan/nan_scriptorigin.h:36:55: note: there are 3 candidates
In file included from /home/sanjevi/.cache/node-gyp/24.20.0/include/node/v8-script.h:20,
                 from /home/sanjevi/.cache/node-gyp/24.20.0/include/node/v8-debug.h:10,
                 from /home/sanjevi/.cache/node-gyp/24.20.0/include/node/v8-isolate.h:19,
                 from /home/sanjevi/.cache/node-gyp/24.20.0/include/node/v8-snapshot.h:9,
                 from /home/sanjevi/.cache/node-gyp/24.20.0/include/node/v8-context.h:15,
                 from /home/sanjevi/.cache/node-gyp/24.20.0/include/node/v8.h:26:
/home/sanjevi/.cache/node-gyp/24.20.0/include/node/v8-message.h:65:13: note: candidate 1: ‘v8::ScriptOrigin::ScriptOrigin(v8::Local<v8::Value>, int, int, bool, int, v8::Local<v8::Value>, bool, bool, bool, v8::Local<v8::Data>)’
   65 |   V8_INLINE ScriptOrigin(Local<Value> resource_name,
      |             ^~~~~~~~~~~~
/home/sanjevi/.cache/node-gyp/24.20.0/include/node/v8-message.h:65:39: note: no known conversion for argument 1 from ‘v8::Isolate*’ to ‘v8::Local<v8::Value>’
   65 |   V8_INLINE ScriptOrigin(Local<Value> resource_name,
      |                          ~~~~~~~~~~~~~^~~~~~~~~~~~~
/home/sanjevi/.cache/node-gyp/24.20.0/include/node/v8-message.h:63:17: note: candidate 2: ‘constexpr v8::ScriptOrigin::ScriptOrigin(const v8::ScriptOrigin&)’
   63 | class V8_EXPORT ScriptOrigin {
      |                 ^~~~~~~~~~~~
/home/sanjevi/.cache/node-gyp/24.20.0/include/node/v8-message.h:63:17: note: candidate expects 1 argument, 2 provided
/home/sanjevi/.cache/node-gyp/24.20.0/include/node/v8-message.h:63:17: note: candidate 3: ‘constexpr v8::ScriptOrigin::ScriptOrigin(v8::ScriptOrigin&&)’
/home/sanjevi/.cache/node-gyp/24.20.0/include/node/v8-message.h:63:17: note: candidate expects 1 argument, 2 provided
../../nan/nan_scriptorigin.h: In constructor ‘Nan::ScriptOrigin::ScriptOrigin(v8::Local<v8::Value>, v8::Local<v8::Integer>)’:
../../nan/nan_scriptorigin.h:42:52: error: no matching function for call to ‘v8::ScriptOrigin::ScriptOrigin(v8::Isolate*, v8::Local<v8::Value>&, int)’
   42 |                    , To<int32_t>(line).FromMaybe(0)) {}
      |                                                    ^
../../nan/nan_scriptorigin.h:42:52: note: there are 3 candidates
/home/sanjevi/.cache/node-gyp/24.20.0/include/node/v8-message.h:65:13: note: candidate 1: ‘v8::ScriptOrigin::ScriptOrigin(v8::Local<v8::Value>, int, int, bool, int, v8::Local<v8::Value>, bool, bool, bool, v8::Local<v8::Data>)’
   65 |   V8_INLINE ScriptOrigin(Local<Value> resource_name,
      |             ^~~~~~~~~~~~
/home/sanjevi/.cache/node-gyp/24.20.0/include/node/v8-message.h:65:39: note: no known conversion for argument 1 from ‘v8::Isolate*’ to ‘v8::Local<v8::Value>’
   65 |   V8_INLINE ScriptOrigin(Local<Value> resource_name,
      |                          ~~~~~~~~~~~~~^~~~~~~~~~~~~
/home/sanjevi/.cache/node-gyp/24.20.0/include/node/v8-message.h:63:17: note: candidate 2: ‘constexpr v8::ScriptOrigin::ScriptOrigin(const v8::ScriptOrigin&)’
   63 | class V8_EXPORT ScriptOrigin {
      |                 ^~~~~~~~~~~~
/home/sanjevi/.cache/node-gyp/24.20.0/include/node/v8-message.h:63:17: note: candidate expects 1 argument, 3 provided
/home/sanjevi/.cache/node-gyp/24.20.0/include/node/v8-message.h:63:17: note: candidate 3: ‘constexpr v8::ScriptOrigin::ScriptOrigin(v8::ScriptOrigin&&)’
/home/sanjevi/.cache/node-gyp/24.20.0/include/node/v8-message.h:63:17: note: candidate expects 1 argument, 3 provided
../../nan/nan_scriptorigin.h: In constructor ‘Nan::ScriptOrigin::ScriptOrigin(v8::Local<v8::Value>, v8::Local<v8::Integer>, v8::Local<v8::Integer>)’:
../../nan/nan_scriptorigin.h:50:54: error: no matching function for call to ‘v8::ScriptOrigin::ScriptOrigin(v8::Isolate*, v8::Local<v8::Value>&, int, int)’
   50 |                    , To<int32_t>(column).FromMaybe(0)) {}
      |                                                      ^
../../nan/nan_scriptorigin.h:50:54: note: there are 3 candidates
/home/sanjevi/.cache/node-gyp/24.20.0/include/node/v8-message.h:65:13: note: candidate 1: ‘v8::ScriptOrigin::ScriptOrigin(v8::Local<v8::Value>, int, int, bool, int, v8::Local<v8::Value>, bool, bool, bool, v8::Local<v8::Data>)’
   65 |   V8_INLINE ScriptOrigin(Local<Value> resource_name,
      |             ^~~~~~~~~~~~
/home/sanjevi/.cache/node-gyp/24.20.0/include/node/v8-message.h:65:39: note: no known conversion for argument 1 from ‘v8::Isolate*’ to ‘v8::Local<v8::Value>’
   65 |   V8_INLINE ScriptOrigin(Local<Value> resource_name,
      |                          ~~~~~~~~~~~~~^~~~~~~~~~~~~
/home/sanjevi/.cache/node-gyp/24.20.0/include/node/v8-message.h:63:17: note: candidate 2: ‘constexpr v8::ScriptOrigin::ScriptOrigin(const v8::ScriptOrigin&)’
   63 | class V8_EXPORT ScriptOrigin {
      |                 ^~~~~~~~~~~~
/home/sanjevi/.cache/node-gyp/24.20.0/include/node/v8-message.h:63:17: note: candidate expects 1 argument, 4 provided
/home/sanjevi/.cache/node-gyp/24.20.0/include/node/v8-message.h:63:17: note: candidate 3: ‘constexpr v8::ScriptOrigin::ScriptOrigin(v8::ScriptOrigin&&)’
/home/sanjevi/.cache/node-gyp/24.20.0/include/node/v8-message.h:63:17: note: candidate expects 1 argument, 4 provided
make: *** [re2.target.mk:243: Release/obj.target/re2/lib/test.o] Error 1
make: *** [re2.target.mk:243: Release/obj.target/re2/lib/to_string.o] Error 1
make: *** [re2.target.mk:243: Release/obj.target/re2/lib/addon.o] Error 1
make: *** [re2.target.mk:243: Release/obj.target/re2/lib/exec.o] Error 1
make: *** [re2.target.mk:243: Release/obj.target/re2/lib/match.o] Error 1
make: *** [re2.target.mk:243: Release/obj.target/re2/lib/new.o] Error 1
make: *** [re2.target.mk:243: Release/obj.target/re2/lib/split.o] Error 1
make: *** [re2.target.mk:243: Release/obj.target/re2/lib/replace.o] Error 1
make: *** [re2.target.mk:243: Release/obj.target/re2/lib/accessors.o] Error 1
make: Leaving directory '/home/sanjevi/fireside-phase3-full-gate-20260901T200051+0800-91e3c62-support/firebase-js-sdk/node_modules/re2/build'
gyp ERR! build error 
gyp ERR! stack Error: `make` failed with exit code: 2
gyp ERR! stack at ChildProcess.<anonymous> (/home/sanjevi/fireside-phase3-full-gate-20260901T200051+0800-91e3c62-support/firebase-js-sdk/node_modules/re2/node_modules/node-gyp/lib/build.js:216:23)
gyp ERR! System Linux 7.0.0-30-generic
gyp ERR! command \"/home/sanjevi/.local/share/mise/installs/node/24.20.0/bin/node\" \"/home/sanjevi/fireside-phase3-full-gate-20260901T200051+0800-91e3c62-support/firebase-js-sdk/node_modules/re2/node_modules/.bin/node-gyp\" \"-j\" \"max\" \"rebuild\"
gyp ERR! cwd /home/sanjevi/fireside-phase3-full-gate-20260901T200051+0800-91e3c62-support/firebase-js-sdk/node_modules/re2
gyp ERR! node -v v24.20.0
gyp ERR! node-gyp -v v10.3.1
gyp ERR! not ok"
$ patch-package && yarn --cwd repo-scripts/changelog-generator build
patch-package 7.0.2
Applying patches...
karma-webpack@5.0.0 ✔
yarn run v1.22.22
$ tsc
Done in 1.34s.
Done in 26.88s.
launched_at=2026-09-01T20:01:46+08:00
pane_pid=421161 pane_command=bash pane_dead=0
exit_marker_present=no
LAUNCH_COMPLETE checkout=/home/sanjevi/fireside-phase3-full-gate-20260901T200051+0800-91e3c62 evidence=/home/sanjevi/fireside-phase3-full-gate-20260901T200051+0800-91e3c62/conformance/reports/phase-3-metrics/full-gate-20260901T200051+0800-91e3c62 report=/home/sanjevi/fireside-phase3-full-gate-20260901T200051+0800-91e3c62/conformance/reports/phase-3-gate.md gate_log=/home/sanjevi/fireside-phase3-full-gate-20260901T200051+0800-91e3c62.log exit_marker=/home/sanjevi/fireside-phase3-full-gate-20260901T200051+0800-91e3c62.exit session=fireside-phase3-full-gate-91e3c62
