timestamp,elapsed_seconds,write_count,write_p50_ms,write_p95_ms,write_p99_ms,write_max_ms,listener_count,listener_p50_ms,listener_p95_ms,listener_p99_ms,listener_max_ms
2026-08-30T04:01:02.590Z,10.005,501,1.8991490000007616,5.763166999999157,7.276075999998284,18.505619999999908,50,11.15942399999767,12.417374000000564,18.128850000000966,18.128850000000966
2026-08-30T04:01:12.595Z,20.006,500,1.7925889999969513,5.2930169999999634,6.105156999998144,35.90273100000195,50,11.107943999999407,12.136293999999907,35.56133100000079,35.56133100000079
2026-08-30T04:01:22.594Z,30.007,500,1.7707599999994272,5.306306999998924,6.094686999997066,22.739698999997927,50,10.982475000004342,12.16312299999845,33.529162999999244,33.529162999999244
2026-08-30T04:01:32.594Z,40.007,500,1.7561289999939618,5.19482699999935,5.669597000000067,27.420586000000185,50,10.99252400000114,12.1850540000014,31.560984000003373,31.560984000003373
2026-08-30T04:01:42.592Z,50.007,500,1.7694990000018151,5.166048000006413,6.15448699999979,24.43430800000351,50,11.164845000006608,12.11118400000123,32.42230399999971,32.42230399999971
2026-08-30T04:01:52.592Z,60.007,500,1.7296689999930095,5.055187999998452,6.287526000000071,24.207587999997486,50,10.905743999996048,12.111504000000423,34.23898300000292,34.23898300000292
2026-08-30T04:02:02.592Z,70.007,500,1.7297289999987697,4.968198000002303,5.746108000006643,23.078387999994447,50,11.052803999991738,12.312424000003375,31.92159399999946,31.92159399999946
2026-08-30T04:02:12.592Z,80.007,500,1.7209690000017872,4.990936999995029,5.434296999999788,24.35463699999673,50,11.044934000005014,12.107503000006545,30.710613999995985,30.710613999995985
2026-08-30T04:02:22.592Z,90.007,500,1.724538999987999,4.959757000004174,5.20542800000112,36.456011000002036,50,11.109874000001582,12.209803999998257,41.89190799999051,41.89190799999051
2026-08-30T04:02:32.593Z,100.008,500,1.6825790000002598,4.872688000003109,5.16575699999521,34.24864299999899,50,10.960833999997703,12.177574000001187,33.29647300000943,33.29647300000943
2026-08-30T04:02:42.592Z,110.007,500,1.6530899999925168,4.813257999994676,5.1838970000098925,26.92388600000413,50,10.88022499998624,12.145144000009168,37.84914099999878,37.84914099999878
2026-08-30T04:02:52.594Z,120.008,500,1.6470790000166744,4.76477700000396,4.971518000005744,31.846203999986756,50,10.873063999999431,12.099684000015259,32.33661399999983,32.33661399999983
2026-08-30T04:03:02.595Z,130.009,500,1.6680789999954868,4.905407000012929,5.8779970000032336,28.782105000020238,50,10.962954999995418,12.22757299998193,27.03867600002559,27.03867600002559
2026-08-30T04:03:12.595Z,140.008,500,1.6326790000020992,4.807297999999719,7.153966000012588,27.77410599999712,50,10.859244000021135,12.11454299997422,30.958233999990625,30.958233999990625
2026-08-30T04:03:22.594Z,150.008,500,1.6266499999910593,4.838798000011593,5.072948000015458,30.08974500000477,50,10.851404999993974,12.215923999989172,30.60272399999667,30.60272399999667
2026-08-30T04:03:32.594Z,160.008,500,1.6398990000016056,4.856517000007443,5.725397000001976,29.062625999999,50,10.92379400000209,12.117594000010286,31.31508400000166,31.31508400000166
2026-08-30T04:03:42.595Z,170.008,500,1.6647090000042226,4.898118000011891,5.391977000021143,32.187103000003844,50,10.872453999996651,12.204284000006737,34.949791999999434,34.949791999999434
2026-08-30T04:03:52.593Z,180.008,500,1.667209000006551,4.8750270000018645,6.617657000024337,25.182598000013968,50,10.896874999976717,12.191443999996409,31.452974000014365,31.452974000014365
2026-08-30T04:04:02.593Z,190.008,500,1.6443990000116173,4.813976999983424,5.381147000007331,24.023038000013912,50,10.861223999992944,12.098233999975491,34.03575300000375,34.03575300000375
2026-08-30T04:04:12.593Z,200.008,500,1.637829999992391,4.831107999983942,6.790005999995628,28.27118499999051,50,10.919183999998495,12.145122999994783,29.934803999989526,29.934803999989526
2026-08-30T04:04:22.594Z,210.009,500,1.7274990000005346,4.99097700000857,6.465406000002986,27.95896499999799,50,10.939354000001913,12.224114000011468,27.841995000024326,27.841995000024326
2026-08-30T04:04:32.596Z,220.01,500,1.6150590000033844,4.78665799999726,4.970378000027267,26.62529599998379,50,10.872715000004973,12.211084000009578,30.32576400000835,30.32576400000835
2026-08-30T04:04:42.596Z,230.01,500,1.6139299999922514,4.752577999985078,6.025636999984272,30.453684000007343,50,10.837343999999575,12.058743999979924,30.738073999993503,30.738073999993503
2026-08-30T04:04:52.595Z,240.01,500,1.6464689999993425,4.780987999984063,5.064647000021068,36.927330999984406,50,10.430785000004107,12.373924000014085,36.76824099998339,36.76824099998339
2026-08-30T04:05:02.594Z,250.009,500,1.6444790000095963,4.829996999993455,6.442317000008188,35.838151999982074,50,10.252585000009276,12.256594000005862,36.34268199998769,36.34268199998769
2026-08-30T04:05:12.594Z,260.009,500,1.5949489999911748,4.764106999966316,5.790357000019867,36.49288100004196,50,10.296374999976251,12.0875239999732,36.33002100000158,36.33002100000158
2026-08-30T04:05:22.594Z,270.01,500,1.5938789999927394,4.745907000033185,5.18988800002262,35.461252000008244,50,10.269585000001825,11.858124000020325,35.316711999999825,35.316711999999825
2026-08-30T04:05:32.594Z,280.009,500,1.611979000037536,4.779167000029702,5.287737000035122,30.07293500000378,50,10.253675000043586,12.092333000036888,31.767624000029173,31.767624000029173
2026-08-30T04:05:42.595Z,290.009,500,1.6157789999851957,4.786447999998927,5.449147000035737,28.67514599999413,50,10.329744999995455,12.203814000007696,28.525915999955032,28.525915999955032
2026-08-30T04:05:52.596Z,300.01,500,1.6085990000283346,4.776637999981176,5.657367000007071,26.894117000047117,50,10.325185000023339,12.261473000049591,30.04891500005033,30.04891500005033
2026-08-30T04:06:02.595Z,310.009,500,1.6105000000097789,4.767496999993455,6.860886999987997,30.250854999991134,50,10.212404999998398,11.882593999966048,31.868863999960013,31.868863999960013
2026-08-30T04:06:12.595Z,320.009,500,1.592968999990262,4.712357999989763,6.767836000013631,27.47687600000063,50,10.259514999983367,12.211692999990191,30.469145000039134,30.469145000039134
2026-08-30T04:06:22.595Z,330.01,500,1.6299589999835007,4.819348000048194,5.928286999987904,27.42875699995784,50,10.384785000002012,12.101864000025671,27.281596999964677,27.281596999964677
2026-08-30T04:06:32.597Z,340.011,500,1.600338999996893,4.836048000026494,5.769597000034992,28.817544999998063,50,10.565074999991339,11.976783999998588,30.361594999965746,30.361594999965746
2026-08-30T04:06:42.595Z,350.01,500,1.6160889999591745,4.74769800005015,5.397468000010122,29.701304999995045,50,10.382564999978058,12.026843999978155,30.164394999970682,30.164394999970682
2026-08-30T04:06:52.598Z,360.015,500,1.5874590000021271,4.732317999994848,5.115936999965925,31.010475000017323,50,10.13040500000352,12.180893999990076,31.278294000017922,31.278294000017922
2026-08-30T04:07:02.597Z,370.014,500,1.5826290000113659,4.706368000013754,5.892856999998912,31.284914000018034,50,10.218633999989834,11.859373999992386,36.132901999983005,36.132901999983005
2026-08-30T04:07:12.600Z,380.014,500,1.5610190000152215,4.687987000041176,4.837398000003304,29.777554999978747,50,10.16709499998251,12.223473999998532,29.717194999975618,29.717194999975618
2026-08-30T04:07:22.599Z,390.015,500,1.6019190000370145,4.710427000012714,4.9696380000095814,11.199563999951351,50,10.241544999997132,12.1647740000044,12.246914000017568,12.246914000017568
2026-08-30T04:07:32.601Z,400.014,500,1.6153090000152588,4.787066999997478,4.956386999983806,11.71795399999246,50,10.235825000039767,12.199294000049122,12.278863999992609,12.278863999992609
2026-08-30T04:07:42.599Z,410.014,500,1.6174889999674633,4.768798000004608,5.33250700001372,30.03392499999609,50,10.264445000037085,12.260753999988083,29.889605000033043,29.889605000033043
2026-08-30T04:07:52.600Z,420.014,500,1.5971690000151284,4.75042699999176,4.984658000001218,8.396246000018436,50,10.270435000013094,12.127642999985255,12.193943999998737,12.193943999998737
2026-08-30T04:08:02.601Z,430.014,500,1.5655790000455454,4.675696999998763,6.759566999971867,29.77968500001589,50,10.197145000041928,12.143554000009317,30.176024999993388,30.176024999993388
2026-08-30T04:08:12.601Z,440.014,500,1.5650589999859221,4.692477000004146,5.095796999987215,30.60019500000635,50,10.142645000014454,11.97163400001591,30.853693999990355,30.853693999990355
2026-08-30T04:08:22.601Z,450.015,500,1.5541289999964647,4.650826999975834,6.178546999988612,30.775754000002053,50,10.127195000008214,12.022873999958392,34.57887299999129,34.57887299999129
2026-08-30T04:08:32.601Z,460.014,500,1.58310899999924,4.668537999968976,4.774937000009231,8.638336000032723,50,10.213463999971282,11.93351399997482,12.452243999985512,12.452243999985512
2026-08-30T04:08:42.600Z,470.014,500,1.6000289999647066,4.717227000044659,6.812677000008989,31.135683999978937,50,10.234014000045136,12.133113999967463,30.956203999987338,30.956203999987338
2026-08-30T04:08:52.597Z,480.014,500,1.598878999997396,4.7270080000162125,7.110775999957696,30.291005000006407,50,10.328125,12.11334399995394,30.551594999968074,30.551594999968074
2026-08-30T04:09:02.600Z,490.014,500,1.552659000037238,4.713227000029292,6.0478979999898,36.524972999992315,50,9.960015000018757,11.259435000014491,36.99993200000608,36.99993200000608
2026-08-30T04:09:12.599Z,500.015,500,1.5622790000052191,4.684657000005245,6.956036999996286,29.74652500002412,50,10.144085000036284,12.249374000006355,30.00237499998184,30.00237499998184
2026-08-30T04:09:22.599Z,510.015,500,1.5919900000444613,4.7148680000100285,5.435078000009526,9.467525999993086,50,10.000636000011582,11.988164000038523,12.238233999989461,12.238233999989461
2026-08-30T04:09:32.601Z,520.015,500,1.592248999979347,4.662118000094779,4.811747999978252,11.086254000023473,50,9.966964999912307,12.192753999959677,12.2186539999675,12.2186539999675
2026-08-30T04:09:42.601Z,530.015,500,1.5900590000674129,4.620648000040092,4.807897999999113,10.307234999956563,50,9.95942600001581,12.192814000067301,12.216133999987505,12.216133999987505
2026-08-30T04:09:52.601Z,540.015,500,1.5745000001043081,4.6275779999559745,5.177168000023812,32.50940500001889,50,10.028124999953434,12.093504000105895,32.35947499994654,32.35947499994654
2026-08-30T04:10:02.600Z,550.015,500,1.5860589999938384,4.630658000009134,4.865938000031747,31.964565000031143,50,10.039945000084117,12.242194000049494,31.809305000002496,31.809305000002496
2026-08-30T04:10:12.601Z,560.016,500,1.5632400000467896,4.624367999960668,6.794216000009328,32.20552499999758,50,10.1471550000133,12.30518399993889,32.062635000096634,32.062635000096634
2026-08-30T04:10:22.600Z,570.015,500,1.575559000018984,4.665907999966294,6.980146999936551,31.851364000001922,50,10.150284999981523,12.280214000027627,33.535854000016116,33.535854000016116
2026-08-30T04:10:32.602Z,580.016,500,1.5847990000620484,4.612698000040837,5.649486999958754,31.793074999935925,50,10.10068500007037,12.047503999900073,31.651674999971874,31.651674999971874
2026-08-30T04:10:42.600Z,590.015,500,1.588999000028707,4.621277999947779,4.93792699999176,30.768504999927245,50,10.066095000016503,12.120484000071883,30.62748499994632,30.62748499994632
2026-08-30T04:10:52.600Z,600.016,500,1.6048099999316037,4.657088000094518,6.755337000009604,36.7956520000007,50,10.253114999970421,12.292633999953978,39.75277100002859,39.75277100002859
2026-08-30T04:11:02.602Z,610.016,500,1.5938890000106767,4.626458000042476,6.627915999968536,35.07474299997557,50,9.90707499999553,12.021853999933228,35.370113000040874,35.370113000040874
2026-08-30T04:11:12.600Z,620.016,500,1.579219000064768,4.612587999901734,4.883457999909297,31.864895000006072,50,9.804115999955684,11.936094000004232,31.720175000024028,31.720175000024028
2026-08-30T04:11:22.602Z,630.016,500,1.5825889999978244,4.5967070000479,6.717185999965295,32.790934000047855,50,9.20744599995669,12.290873999940231,37.5460520000197,37.5460520000197
2026-08-30T04:11:32.602Z,640.016,500,1.5364190000109375,4.614088000031188,5.161797999986447,31.780354999937117,50,9.89911499992013,12.148134000017308,31.607554999995045,31.607554999995045
2026-08-30T04:11:42.602Z,650.016,500,1.5835489999735728,4.597167999949306,4.899438000051305,37.29999199998565,50,9.066466000047512,11.965523999999277,37.149692000006326,37.149692000006326
2026-08-30T04:11:52.600Z,660.016,500,1.5977100000018254,4.600607000058517,6.883305999916047,33.09037399990484,50,9.928075000061654,12.234684000024572,36.67142199992668,36.67142199992668
2026-08-30T04:12:02.600Z,670.016,500,1.5775790000334382,4.613877999945544,5.968767000013031,32.6121249999851,50,10.013704999932088,11.291153999976814,32.47323500004131,32.47323500004131
2026-08-30T04:12:12.602Z,680.016,500,1.5867390000494197,4.641526999999769,5.912357000051998,31.63754499994684,50,9.915294999955222,12.148283999995328,31.499024999910034,31.499024999910034
2026-08-30T04:12:22.600Z,690.015,500,1.6006999999517575,4.635607999982312,5.975677000009455,32.21362399996724,50,9.271254999912344,12.071023000054993,33.91009399993345,33.91009399993345
2026-08-30T04:12:32.602Z,700.016,500,1.56467899994459,4.561036999919452,5.320326999993995,34.38842299999669,50,9.770144999958575,12.067214000038803,39.184461000026204,39.184461000026204
2026-08-30T04:12:42.601Z,710.015,500,1.586468999972567,4.617878000019118,5.353176999953575,33.576533999992535,50,9.786194999935105,12.03567400004249,37.1392019999912,37.1392019999912
2026-08-30T04:12:52.599Z,720.015,500,1.579098999965936,4.575767999980599,5.292746999999508,38.60354099993128,50,9.882794999983162,12.152434000046924,40.11006999993697,40.11006999993697
2026-08-30T04:13:02.600Z,730.015,500,1.5833489999640733,4.58640699996613,4.927897999994457,36.34307199995965,50,9.328084999928251,11.9180949999718,36.18960199994035,36.18960199994035
2026-08-30T04:13:12.601Z,740.015,500,1.5770689999917522,4.582488000043668,6.616066999966279,35.166892000008374,50,9.154256000067107,11.321303999982774,36.92195200000424,36.92195200000424
2026-08-30T04:13:22.600Z,750.015,500,1.5998189999954775,4.597187999985181,5.2979579999810085,32.748343999963254,50,9.196176000055857,12.220063999993727,38.93287099990994,38.93287099990994
2026-08-30T04:13:32.601Z,760.016,500,1.5444999999599531,4.604858000064269,4.778067999985069,7.992496000020765,50,9.324955000076443,11.168715000036173,11.999253999907523,11.999253999907523
2026-08-30T04:13:42.601Z,770.017,500,1.5526390000013635,4.600988000049256,6.518966999952681,33.58307399996556,50,9.136805000016466,11.813904999988154,33.88354399998207,33.88354399998207
2026-08-30T04:13:52.601Z,780.016,500,1.530979000031948,4.591467999969609,5.03976800001692,34.85682300000917,50,9.171835999935865,11.174173999927007,35.57286299997941,35.57286299997941
2026-08-30T04:14:02.601Z,790.016,500,1.5884690000675619,4.616608000011183,6.883926999988034,33.58377400005702,50,9.881215000059456,12.11281500000041,36.261163000017405,36.261163000017405
2026-08-30T04:14:12.603Z,800.016,500,1.5935189999872819,4.60463700001128,6.70561699999962,35.54402300005313,50,9.314225999987684,12.124113999889232,38.546731000067666,38.546731000067666
2026-08-30T04:14:22.603Z,810.017,500,1.541289999964647,4.599957000114955,4.8291479999898,33.14363400009461,50,9.764564999961294,11.180505000054836,33.366244000033475,33.366244000033475
2026-08-30T04:14:32.603Z,820.018,500,1.581698999973014,4.5894580000313,4.9000879999948665,10.669793999986723,50,9.368704999913462,11.412144000059925,12.292524000047706,12.292524000047706
2026-08-30T04:14:42.602Z,830.017,500,1.6113200000254437,4.634097999893129,4.761807999922894,8.78874500002712,50,9.137736000004224,11.906514000031166,12.311384000000544,12.311384000000544
2026-08-30T04:14:52.600Z,840.017,500,1.6058790000388399,4.673337999964133,7.026585999992676,39.39698100008536,50,9.358016000012867,11.799303999985568,39.24691100011114,39.24691100011114
2026-08-30T04:15:02.602Z,850.017,500,1.5623590000905097,4.612627999973483,4.958867000066675,35.15923299989663,50,9.116555999964476,11.065734999952838,35.0103329999838,35.0103329999838
2026-08-30T04:15:12.604Z,860.018,500,1.5857989999931306,4.596957999980077,5.795787999988534,32.876904999953695,50,9.203185999998823,12.158814000082202,34.65068399999291,34.65068399999291
2026-08-30T04:15:22.603Z,870.018,500,1.5757999999914318,4.634016999974847,5.080038000014611,8.713506000000052,50,9.074795000022277,11.247673999983817,11.925724999979138,11.925724999979138
2026-08-30T04:15:32.603Z,880.018,500,1.582098999992013,4.612857000087388,4.882257999968715,8.751086000003852,50,9.005935999914072,11.150984000065364,11.307994000031613,11.307994000031613
2026-08-30T04:15:42.603Z,890.018,500,1.5917090000584722,4.581268000067212,4.821358000044711,9.994565999950282,50,9.015485999989323,11.075014999951236,12.235574999940582,12.235574999940582
2026-08-30T04:15:52.604Z,900.019,500,1.5844189999625087,4.603607999975793,4.887018000008538,32.43346400000155,50,9.163584999972954,12.03822400001809,33.32100400002673,33.32100400002673
2026-08-30T04:16:02.605Z,910.019,500,1.5659389999927953,4.605727999936789,4.690638000029139,11.294244999997318,50,9.571065000025555,11.133574999985285,11.288014000048861,11.288014000048861
2026-08-30T04:16:12.606Z,920.019,500,1.5854490000056103,4.619438000023365,4.8310370000544935,8.86986600002274,50,9.275005999952555,11.252764999982901,11.89912399998866,11.89912399998866
2026-08-30T04:16:22.606Z,930.021,500,1.5402089999988675,4.57698800007347,4.792358000064269,7.896536999964155,50,9.113974999985658,11.055084999999963,11.423935000086203,11.423935000086203
2026-08-30T04:16:32.607Z,940.022,500,1.5619390000356361,4.561077999998815,5.508998000063002,11.695213999948464,50,9.133765000035055,12.089915000018664,19.473549999995157,19.473549999995157
2026-08-30T04:16:42.608Z,950.022,500,1.5419590000528842,4.590457999962382,5.307007999974303,11.229594000033103,50,8.998005999950692,11.05571400001645,12.042683999985456,12.042683999985456
2026-08-30T04:16:52.607Z,960.022,500,1.5625299999956042,4.572868000017479,4.850237000035122,10.42206500004977,50,9.188034999999218,11.14151500002481,11.990433999919333,11.990433999919333
2026-08-30T04:17:02.609Z,970.022,500,1.580119000049308,4.676287999958731,5.39581699995324,37.80845100001898,50,9.159086000057869,11.169604999944568,37.66717100003734,37.66717100003734
2026-08-30T04:17:12.608Z,980.022,501,1.5938689999748021,4.660017000045627,6.87756699998863,44.315258000046015,50,9.344614999950863,11.078555000014603,44.11188800004311,44.11188800004311
2026-08-30T04:17:22.607Z,990.022,499,1.5815089999232441,4.655417999951169,5.308068000013009,10.644594999961555,50,9.499485000036657,11.104163999902084,11.29164400009904,11.29164400009904
2026-08-30T04:17:32.608Z,1000.023,500,1.559220000053756,4.603628000011668,6.884105999954045,39.20401099999435,50,9.162416000035591,10.990385000011884,39.682620999985375,39.682620999985375
2026-08-30T04:17:42.609Z,1010.023,500,1.569378999993205,4.6607269999803975,6.111186999944039,37.961561000091024,50,9.327524999971502,10.965465000015683,37.821371000027284,37.821371000027284
2026-08-30T04:17:52.608Z,1020.024,500,1.5683799999533221,4.607298000017181,6.40358699997887,38.806511000031605,50,9.036446000100113,10.925025000004098,39.213670999975875,39.213670999975875
2026-08-30T04:18:02.609Z,1030.024,500,1.567579000024125,4.617897999938577,4.811987999943085,37.561801000032574,50,9.125625000102445,10.936364999972284,38.37131099996623,38.37131099996623
2026-08-30T04:18:12.608Z,1040.023,500,1.5641990000149235,4.5780180000001565,6.926996999885887,37.670901000034064,50,9.07212599995546,10.898924000095576,38.54466100002173,38.54466100002173
2026-08-30T04:18:22.608Z,1050.023,500,1.5645490000024438,4.621397000038996,6.8127270000986755,38.23456100001931,50,9.20235599996522,11.159924000035971,38.07500100019388,38.07500100019388
2026-08-30T04:18:32.609Z,1060.023,500,1.5716099999845028,4.648897999897599,5.745766999898478,38.86394099984318,50,8.878085999982432,10.971744999988005,39.27481099986471,39.27481099986471
2026-08-30T04:18:42.610Z,1070.023,500,1.5609289999119937,4.616256999783218,5.306246999884024,38.70750100002624,50,9.278015000047162,11.09925500000827,39.94279000000097,39.94279000000097
2026-08-30T04:18:52.607Z,1080.023,500,1.5472089999821037,4.5806779998820275,5.103307999903336,37.583650999935344,50,8.902295000152662,11.141443999949843,37.92459099995904,37.92459099995904
2026-08-30T04:19:02.609Z,1090.023,500,1.5462599999736995,4.598158000037074,6.7262869998812675,37.06017199996859,50,9.679534999886528,11.01185499993153,39.91426099999808,39.91426099999808
2026-08-30T04:19:12.609Z,1100.023,500,1.54515999997966,4.579987999983132,4.754877999890596,42.82935900008306,50,9.029636000050232,10.946884999983013,42.679069000063464,42.679069000063464
2026-08-30T04:19:22.608Z,1110.024,500,1.5483789998106658,4.618207999970764,6.757365999976173,37.76998100010678,50,9.767385999904945,11.02066499995999,38.192940999986604,38.192940999986604
2026-08-30T04:19:32.608Z,1120.023,500,1.5480299999471754,4.588258000090718,6.675506999948993,37.83943199994974,50,9.804606000194326,11.005635000066832,38.75791099993512,38.75791099993512
2026-08-30T04:19:42.610Z,1130.024,500,1.5799889999907464,4.60860799998045,4.928817000007257,37.44256200012751,50,9.6745360000059,10.824974999995902,40.340811000205576,40.340811000205576
2026-08-30T04:19:52.610Z,1140.024,500,1.5828289999626577,4.636247999966145,5.098328000167385,38.40184099995531,50,9.802094999933615,10.98545500007458,38.77546099992469,38.77546099992469
2026-08-30T04:20:02.608Z,1150.023,500,1.5784699998330325,4.6077880000229925,5.060468000127003,38.36949099996127,50,9.76886499999091,10.962825000053272,38.73635099991225,38.73635099991225
2026-08-30T04:20:12.609Z,1160.024,500,1.5304489999543875,4.498597999801859,5.209747000131756,38.06783100008033,50,9.688744999933988,10.754755000118166,38.53649100009352,38.53649100009352
2026-08-30T04:20:22.609Z,1170.024,500,1.578169000102207,4.616227000020444,5.064907999942079,39.81429100013338,50,9.546605000039563,10.937943999888375,41.021180000156164,41.021180000156164
2026-08-30T04:20:32.611Z,1180.024,500,1.5552589998114854,4.605477000121027,6.732016999972984,45.64957799995318,50,9.736405000090599,10.886165000032634,45.498207999859005,45.498207999859005
2026-08-30T04:20:42.610Z,1190.024,500,1.5489789999555796,4.605298000155017,4.880728000076488,44.21392900007777,50,9.311324999900535,10.96035399986431,44.064319000113755,44.064319000113755
2026-08-30T04:20:52.609Z,1200.024,500,1.5369589999318123,4.551087999949232,6.863955999957398,44.115299000171944,50,9.568295999895781,10.961724999826401,43.965018999995664,43.965018999995664
2026-08-30T04:21:02.609Z,1210.024,500,1.5925589997787029,4.67670700000599,6.860986999934539,43.43405900010839,50,9.770555000053719,11.069524000165984,43.27178899990395,43.27178899990395
2026-08-30T04:21:12.611Z,1220.025,500,1.5587289999239147,4.629238000139594,6.871856000041589,39.33485099999234,50,9.759146000025794,10.973754999926314,39.62670099991374,39.62670099991374
2026-08-30T04:21:22.611Z,1230.024,500,1.5617499998770654,4.62666800012812,5.466978000011295,37.53393100015819,50,9.691605000058189,11.031414999859408,37.994520999956876,37.994520999956876
2026-08-30T04:21:32.611Z,1240.025,500,1.5513989999890327,4.592508000088856,5.911866999929771,44.71633800002746,50,9.81040499988012,10.888214999809861,44.568518999964,44.568518999964
2026-08-30T04:21:42.609Z,1250.024,500,1.5967790000140667,4.667697999859229,6.930245999945328,44.335069000022486,50,9.682275000028312,11.025585000170395,44.17046900000423,44.17046900000423
2026-08-30T04:21:52.610Z,1260.024,500,1.589468999998644,4.653468000004068,4.832348000025377,38.508671999908984,50,9.74904500017874,10.882285000057891,38.99851099983789,38.99851099983789
2026-08-30T04:22:02.609Z,1270.024,500,1.570938999997452,4.615148000186309,4.793276999844238,38.44839200004935,50,9.804765000008047,11.03970400011167,39.31897099991329,39.31897099991329
2026-08-30T04:22:12.611Z,1280.025,500,1.5432899999432266,4.5518579999916255,4.804087999975309,37.54533199989237,50,9.686775000067428,10.91827500006184,39.33040099986829,39.33040099986829
2026-08-30T04:22:22.609Z,1290.024,500,1.5785390001256019,4.685566999949515,4.881638000020757,38.226661999942735,50,9.156764999963343,11.169763999991119,39.770880999974906,39.770880999974906
2026-08-30T04:22:32.609Z,1300.025,500,1.5937999999150634,4.6431779998820275,7.161186000099406,38.68019099999219,50,9.192376000108197,10.67225500009954,39.095150999957696,39.095150999957696
2026-08-30T04:22:42.610Z,1310.024,500,1.6057500001043081,4.690336999949068,6.879436000017449,38.35832200013101,50,9.16916499985382,10.962125000078231,38.75531100016087,38.75531100016087
2026-08-30T04:22:52.607Z,1320.024,500,1.5906389998272061,4.669137000106275,5.081116999965161,38.3466920000501,50,9.137205000035465,11.103423999855295,38.74229199998081,38.74229199998081
2026-08-30T04:23:02.611Z,1330.025,500,1.597760000033304,4.687328000087291,5.9931179999839514,37.814992000116035,50,9.83930499991402,11.137094000121579,39.23388099996373,39.23388099996373
2026-08-30T04:23:12.609Z,1340.024,500,1.5659799999557436,4.616057999897748,5.010666999965906,47.946736000012606,50,9.836964999791235,11.002954999916255,50.59940499998629,50.59940499998629
2026-08-30T04:23:22.610Z,1350.024,500,1.5608989999163896,4.595297999912873,5.316048000007868,37.713432000018656,50,9.895436000078917,10.944333999883384,38.445732000051066,38.445732000051066
2026-08-30T04:23:32.609Z,1360.024,500,1.591279000043869,4.645418000174686,4.831367000006139,43.747289000079036,50,9.881396000040695,11.10484499996528,43.596858999924734,43.596858999924734
2026-08-30T04:23:42.609Z,1370.025,500,1.6082989999558777,4.631828000070527,4.760567999910563,39.510699999984354,50,9.81673499988392,11.181624999968335,40.9026699999813,40.9026699999813
2026-08-30T04:23:52.610Z,1380.025,500,1.548028999939561,4.596587999956682,4.794917999999598,45.30213800002821,50,9.852706000208855,10.858954999828711,45.15118800010532,45.15118800010532
2026-08-30T04:24:02.612Z,1390.025,500,1.544499000068754,4.578307999996468,6.877477000001818,39.6145709999837,50,9.850704999873415,11.040495000081137,40.834340000059456,40.834340000059456
2026-08-30T04:24:12.611Z,1400.025,500,1.5482189999893308,4.580637999810278,6.7613470000214875,39.836880000075325,50,9.811805000063032,11.01311399997212,40.09960000007413,40.09960000007413
2026-08-30T04:24:22.610Z,1410.026,500,1.548899000044912,4.602987999795005,6.915336000034586,42.80839899997227,50,9.814746000105515,10.976453999988735,42.64160900004208,42.64160900004208
2026-08-30T04:24:32.612Z,1420.026,500,1.5482989998999983,4.581426999997348,5.842257000040263,37.11473200004548,50,9.78151599992998,10.928954999893904,39.9355500000529,39.9355500000529
2026-08-30T04:24:42.612Z,1430.026,500,1.5352190001867712,4.607467999914661,6.778276999946684,38.824751999927685,50,9.866154999937862,10.995475000003353,40.058141000103205,40.058141000103205
2026-08-30T04:24:52.610Z,1440.026,500,1.57334899995476,4.62973799998872,6.206937000155449,37.25749200000428,50,9.799154999898747,11.138095000060275,38.98444199981168,38.98444199981168
2026-08-30T04:25:02.611Z,1450.025,500,1.6126490000169724,4.5824879999272525,4.849937999853864,41.31835999991745,50,9.669766000006348,11.989545000018552,42.645198999904096,42.645198999904096
2026-08-30T04:25:12.611Z,1460.025,500,1.5642889998853207,4.518868000013754,5.228156999917701,38.32176099997014,50,9.944495000177994,11.68816399993375,39.624770999886096,39.624770999886096
2026-08-30T04:25:22.612Z,1470.026,500,1.5478590000420809,4.516317000146955,4.7469969999510795,43.188048999989405,50,9.770645999815315,11.882545000175014,43.03788900002837,43.03788900002837
2026-08-30T04:25:32.611Z,1480.025,501,1.5578499999828637,4.492957000155002,5.3285280000418425,41.30679999990389,50,9.802364999894053,11.975094000110403,41.16394999995828,41.16394999995828
2026-08-30T04:25:42.610Z,1490.025,499,1.546089000068605,4.5151779998559505,4.770648000063375,11.950753999873996,50,9.862294999882579,11.817113999975845,12.157024000072852,12.157024000072852
2026-08-30T04:25:52.610Z,1500.026,500,1.5569090000353754,4.528237000107765,5.353037999942899,39.87744099996053,50,9.879554999992251,11.66791499988176,41.17203100002371,41.17203100002371
2026-08-30T04:26:02.610Z,1510.026,500,1.587929000146687,4.541656999848783,5.276768000097945,40.06327100005001,50,9.657715999986976,11.759033999871463,40.31588999996893,40.31588999996893
2026-08-30T04:26:12.610Z,1520.026,500,1.5437290000263602,4.513898000121117,4.755176999839023,40.1910800000187,50,9.603915000101551,11.248765000142157,41.56999900005758,41.56999900005758
2026-08-30T04:26:22.612Z,1530.026,500,1.5520599998999387,4.512897999957204,4.642588000046089,39.0215409998782,50,9.76598499994725,12.111223999876529,40.346590999979526,40.346590999979526
2026-08-30T04:26:32.612Z,1540.026,500,1.544268999947235,4.496336999814957,4.761576999910176,45.7817370002158,50,9.762446000007913,11.879213999956846,45.60994800017215,45.60994800017215
2026-08-30T04:26:42.610Z,1550.025,500,1.5389000000432134,4.494896999793127,6.862086999928579,47.42896699998528,50,9.769086000043899,11.90278400015086,49.95362600008957,49.95362600008957
2026-08-30T04:26:52.610Z,1560.025,500,1.5668790000490844,4.527847999939695,5.284477999899536,44.412598999915645,50,9.770315000088885,11.129544999916106,44.22864899993874,44.22864899993874
2026-08-30T04:27:02.612Z,1570.025,500,1.5502589999232441,4.498607999878004,4.962247000075877,46.244317000033334,50,9.846086000092328,11.905143999960274,46.077206999994814,46.077206999994814
2026-08-30T04:27:12.612Z,1580.026,500,1.5894090000074357,4.522308000130579,6.401007000124082,47.601206000195816,50,9.855076000094414,11.843224999960512,49.54869500012137,49.54869500012137
2026-08-30T04:27:22.612Z,1590.026,500,1.5877290000207722,4.521728000137955,5.163856999948621,39.63630000012927,50,9.854174999985844,11.703544999938458,41.47720000008121,41.47720000008121
2026-08-30T04:27:32.610Z,1600.025,501,1.5879790000617504,4.525418000062928,6.823806999949738,42.733629000140354,50,9.817585000069812,11.983623999869451,42.57950900006108,42.57950900006108
2026-08-30T04:27:42.610Z,1610.025,500,1.570049999980256,4.50744799990207,4.8181479999329895,12.36751400004141,50,9.892735000001267,11.952154000056908,12.069923999952152,12.069923999952152
2026-08-30T04:27:52.611Z,1620.026,499,1.573799000121653,4.533496999880299,5.259908000007272,10.675074999919161,50,10.147305000107735,11.45023399987258,12.025804999982938,12.025804999982938
2026-08-30T04:28:02.610Z,1630.026,500,1.6135390000417829,4.527197999879718,5.473396999994293,45.24747800012119,50,9.761965000070632,11.954243999905884,45.1003680001013,45.1003680001013
2026-08-30T04:28:12.610Z,1640.026,500,1.6192900000605732,4.537896999856457,6.876575999893248,43.78095899987966,50,9.89097600011155,12.078314000042155,48.55230599991046,48.55230599991046
2026-08-30T04:28:22.611Z,1650.026,501,1.6125390001107007,4.544368000002578,4.738107000011951,36.91047200001776,50,9.816056000068784,12.056974000064656,39.80462100007571,39.80462100007571
2026-08-30T04:28:32.611Z,1660.026,499,1.6081489999778569,4.526776999933645,5.050487000029534,9.322114999871701,50,10.013525000074878,12.028923999983817,13.615804000059143,13.615804000059143
2026-08-30T04:28:42.613Z,1670.027,501,1.6118590000551194,4.5282469999510795,5.186327999923378,39.57864099997096,50,10.007986000040546,11.994044000050053,42.45402000006288,42.45402000006288
2026-08-30T04:28:52.612Z,1680.027,499,1.5545590000692755,4.529938000021502,5.271987000014633,10.754784000106156,50,9.804865000071004,12.07015399984084,13.43874300015159,13.43874300015159
2026-08-30T04:29:02.613Z,1690.028,500,1.5576589999254793,4.507587000029162,6.777377000078559,39.53994100005366,50,9.945835000136867,12.009594000177458,40.76665999996476,40.76665999996476
2026-08-30T04:29:12.615Z,1700.029,500,1.55273999995552,4.498247999930754,6.726636999985203,39.599321000045165,50,10.069075000006706,12.127374000148848,39.94321100017987,39.94321100017987
2026-08-30T04:29:22.615Z,1710.029,501,1.5725489999167621,4.526577999815345,4.767817999934778,46.148577000014484,51,9.830395000055432,12.003775000106543,45.99860700010322,45.99860700010322
2026-08-30T04:29:32.614Z,1720.029,499,1.584319000132382,4.528496999992058,5.117968000005931,11.481853999895975,49,10.07124499999918,12.016674000071362,12.077974000014365,12.077974000014365
2026-08-30T04:29:42.616Z,1730.03,500,1.584119000006467,4.5367179999593645,6.823496999917552,42.193310000002384,50,9.919914999976754,11.992833999916911,42.04095000005327,42.04095000005327
2026-08-30T04:29:52.614Z,1740.029,501,1.591058999998495,4.505948000121862,6.150146999862045,46.32566799991764,50,9.815455000149086,12.051703999983147,46.174867999972776,46.174867999972776
2026-08-30T04:30:02.616Z,1750.03,499,1.6321189999580383,4.543318000156432,4.82244799984619,10.057276000035927,50,9.98311599995941,12.152924999827519,15.351621999870986,15.351621999870986
2026-08-30T04:30:12.616Z,1760.03,500,1.6045089999679476,4.5623679999262094,4.772618000162765,41.47667000000365,50,9.774185999995098,12.06965499999933,41.324789999984205,41.324789999984205
2026-08-30T04:30:22.617Z,1770.031,500,1.6281200000084937,4.5576480000745505,5.036966999992728,41.82190000009723,50,10.153165000025183,12.257684000069275,41.671820000046864,41.671820000046864
2026-08-30T04:30:32.616Z,1780.031,500,1.5593690001405776,4.501527999993414,5.030068000080064,39.15147100016475,50,9.866166000021622,12.013645000057295,40.99269099999219,40.99269099999219
2026-08-30T04:30:42.616Z,1790.031,501,1.5985900000669062,4.521048000082374,5.1560169998556376,46.821017999900505,51,9.8932949998416,11.930934000061825,46.671247999882326,46.671247999882326
2026-08-30T04:30:52.614Z,1800.031,499,1.5707789999432862,4.527646999806166,5.053096999879926,11.491854999912903,49,9.828125,11.890163999982178,12.033794000046328,12.033794000046328
2026-08-30T04:31:02.617Z,1810.031,500,1.5689189999829978,4.511557999998331,6.737135999836028,42.05335900001228,50,9.834915000014007,11.949254000093788,41.88763999985531,41.88763999985531
2026-08-30T04:31:12.618Z,1820.032,500,1.5620189998298883,4.505897999973968,5.03816800005734,46.5639469998423,50,9.846834999974817,12.035065000178292,49.38665599981323,49.38665599981323
2026-08-30T04:31:22.616Z,1830.032,500,1.5293499999679625,4.473837000085041,6.700857000192627,37.41962199984118,50,9.935636000009254,12.148533999919891,43.2848389998544,43.2848389998544
2026-08-30T04:31:32.617Z,1840.032,500,1.5355789999011904,4.468857999891043,4.888327999971807,42.16590999998152,50,9.875335000222549,12.106983999954537,42.50799999991432,42.50799999991432
2026-08-30T04:31:42.616Z,1850.032,500,1.567449999973178,4.502888000104576,6.784795999992639,37.37040200014599,50,9.874405999900773,12.09098399989307,43.01454899995588,43.01454899995588
2026-08-30T04:31:52.616Z,1860.032,500,1.5706999998074025,4.469757999991998,5.132768000010401,41.529839999973774,50,9.805335000157356,12.122984000016004,42.726029000012204,42.726029000012204
2026-08-30T04:32:02.616Z,1870.032,500,1.6086500000674278,4.523657000157982,4.873646999942139,39.33597099990584,50,10.233445000136271,11.960213999962434,41.35684999986552,41.35684999986552
2026-08-30T04:32:12.618Z,1880.032,500,1.6216890001669526,4.541637999936938,5.526926999911666,24.91227800003253,50,9.868664999958128,12.068494000006467,33.72734300000593,33.72734300000593
2026-08-30T04:32:22.617Z,1890.032,500,1.5595190001185983,4.470267999917269,5.307386999949813,47.66501699993387,50,9.828446000115946,12.028403999982402,50.39864500006661,50.39864500006661
2026-08-30T04:32:32.618Z,1900.032,500,1.5564900001045316,4.474517999915406,6.917065999936312,41.32110000005923,50,9.78893500007689,12.1007039998658,42.63522900012322,42.63522900012322
2026-08-30T04:32:42.618Z,1910.032,501,1.5985690001398325,4.517177999950945,5.26466800016351,37.976901000132784,50,9.818665000144392,11.873573999851942,43.574649000074714,43.574649000074714
2026-08-30T04:32:52.616Z,1920.033,499,1.6286799998488277,4.540228000143543,4.94819699996151,8.885774999856949,50,9.853124999906868,11.959753999952227,18.03751099994406,18.03751099994406
2026-08-30T04:33:02.617Z,1930.033,501,1.5544689998496324,4.530318000121042,6.792136000003666,40.349531000014395,51,9.630745000205934,11.732914000051096,41.57686999998987,41.57686999998987
2026-08-30T04:33:12.618Z,1940.033,500,1.55185899999924,4.472848000004888,4.645177999977022,11.120454999851063,50,9.852855000179261,11.99630400002934,12.098704000003636,12.098704000003636
2026-08-30T04:33:22.618Z,1950.033,499,1.61327000008896,4.577297999989241,5.6797370000276715,10.44662500009872,49,9.791274999966845,11.980483999941498,12.41464399988763,12.41464399988763
2026-08-30T04:33:32.617Z,1960.032,500,1.589299000101164,4.54265799978748,5.1149379999842495,40.887960999971256,50,8.900435999967158,11.952334000030532,42.6099900000263,42.6099900000263
2026-08-30T04:33:42.617Z,1970.032,501,1.6101590001489967,4.551207999931648,5.760756999952719,39.01822099997662,51,9.754454999929294,12.020154000027105,40.72720000008121,40.72720000008121
2026-08-30T04:33:52.619Z,1980.033,499,1.6076189999002963,4.536197999957949,5.3576469998806715,9.582025000127032,49,9.84334500017576,11.79872400010936,11.996365000028163,11.996365000028163
2026-08-30T04:34:02.619Z,1990.033,501,1.6265690000727773,4.558038000017405,4.776788000017405,37.64765200018883,51,9.80461600003764,12.349523999961093,43.39279900002293,43.39279900002293
2026-08-30T04:34:12.617Z,2000.033,499,1.6616499999072403,4.629997999873012,4.987617000006139,11.808474000077695,49,9.893585999961942,12.018594000022858,12.446303999982774,12.446303999982774
2026-08-30T04:34:22.619Z,2010.033,501,1.648179000010714,4.631428000051528,6.963426999980584,48.79886700003408,51,9.814075999893248,11.87056399998255,49.21206600009464,49.21206600009464
2026-08-30T04:34:32.617Z,2020.032,500,1.6013090000487864,4.553507999982685,4.800838000141084,9.963645000010729,50,9.754294999875128,11.980673999991268,12.030494000064209,12.030494000064209
2026-08-30T04:34:42.617Z,2030.032,499,1.5793689999263734,4.570708000101149,5.339957999996841,9.024855999974534,49,9.507966000121087,11.823423999827355,11.959023999981582,11.959023999981582
2026-08-30T04:34:52.617Z,2040.033,500,1.5831589999143034,4.534228000091389,6.261057000141591,45.77436700020917,50,9.702634999994189,11.918285000137985,45.59316700021736,45.59316700021736
2026-08-30T04:35:02.617Z,2050.032,500,1.5751889999955893,4.585177999921143,6.998695999849588,48.82819600007497,50,4.762828000122681,12.15600400022231,48.54981600004248,48.54981600004248
2026-08-30T04:35:12.619Z,2060.032,501,1.5386090001557022,4.496578000020236,6.800866999896243,37.345490999985486,51,9.575805000029504,11.775513999862596,43.393127999966964,43.393127999966964
2026-08-30T04:35:22.617Z,2070.033,499,1.5455990000627935,4.508426999906078,4.79428800009191,8.577625999925658,49,4.27404799987562,11.785784000065178,11.833253999939188,11.833253999939188
2026-08-30T04:35:32.618Z,2080.032,500,1.5534689999185503,4.511557999998331,4.908527000108734,37.34992099995725,50,3.8055879999883473,11.904064999893308,43.25882900017314,43.25882900017314
2026-08-30T04:35:42.617Z,2090.033,500,1.5592889999970794,4.524038000032306,7.332276999950409,49.16718600015156,50,3.8729479999747127,11.533294000197202,49.00409600022249,49.00409600022249
2026-08-30T04:35:52.618Z,2100.032,501,1.5455289999954402,4.501437999773771,4.682278000283986,44.48015800025314,51,8.917076000012457,11.932833999861032,44.329528000205755,44.329528000205755
2026-08-30T04:36:02.619Z,2110.033,499,1.5109689999371767,4.452438000123948,4.950477000325918,7.911696000024676,49,4.03312800033018,11.815983999986202,11.990474000107497,11.990474000107497
2026-08-30T04:36:12.618Z,2120.032,500,1.5574190001934767,4.547727999743074,7.1053860001266,50.10410499991849,50,4.129247999750078,11.76857400033623,52.982214000076056,52.982214000076056
2026-08-30T04:36:22.618Z,2130.032,500,1.5416089999489486,4.499187999870628,4.636297999881208,38.88425099989399,50,3.79607899999246,11.89675399987027,47.0849669999443,47.0849669999443
2026-08-30T04:36:32.617Z,2140.032,500,1.5428490000776947,4.481207999866456,6.683156999759376,43.914218000136316,50,4.064687999896705,11.924473999999464,43.76382800005376,43.76382800005376
2026-08-30T04:36:42.617Z,2150.033,500,1.5417289999313653,4.456917999777943,6.248617000412196,41.87803000025451,50,3.8256179997697473,12.117614999879152,42.13362900028005,42.13362900028005
2026-08-30T04:36:52.616Z,2160.033,501,1.5567899998277426,4.53022800013423,4.749627999961376,37.02651200024411,51,4.835117999929935,12.047244000248611,43.090108999982476,43.090108999982476
2026-08-30T04:37:02.617Z,2170.032,499,1.5229390002787113,4.471848000306636,5.296856999862939,8.479356000199914,49,3.770148000214249,11.901544000022113,11.999693999998271,11.999693999998271
2026-08-30T04:37:12.617Z,2180.033,500,1.543169000186026,4.4961680001579225,4.882586999796331,37.42880199989304,50,3.5874279998242855,11.973654000088573,43.007069000042975,43.007069000042975
2026-08-30T04:37:22.619Z,2190.033,500,1.5321790003217757,4.485538000240922,5.825117999687791,37.59072200022638,50,3.7860379996709526,12.204613999929279,43.26535900030285,43.26535900030285
2026-08-30T04:37:32.618Z,2200.032,500,1.5262589999474585,4.453817999921739,6.923795999959111,37.1030520000495,50,4.808346999809146,11.972594999708235,43.11596899991855,43.11596899991855
2026-08-30T04:37:42.619Z,2210.033,500,1.5286089996807277,4.473567999899387,4.604638000018895,43.15526900021359,50,3.7327479999512434,11.84134399984032,44.374077999964356,44.374077999964356
2026-08-30T04:37:52.619Z,2220.033,501,1.531848999671638,4.479768000077456,5.572317000012845,43.57201799983159,51,3.769497999921441,12.213814000133425,49.29991599963978,49.29991599963978
2026-08-30T04:38:02.618Z,2230.033,499,1.5354089997708797,4.479008000344038,4.742268000263721,7.916675999760628,49,3.738427999895066,11.974454999901354,12.229464000090957,12.229464000090957
2026-08-30T04:38:12.618Z,2240.033,501,1.5426989998668432,4.497018000110984,6.180756999645382,37.44585199980065,50,2.875448999926448,11.88358400017023,43.596988999750465,43.596988999750465
2026-08-30T04:38:22.618Z,2250.033,500,1.5215889997780323,4.431658000219613,4.719258000142872,8.756695999763906,51,3.774188000243157,11.738425000105053,18.72071100026369,18.72071100026369
2026-08-30T04:38:32.619Z,2260.033,500,1.5304290000349283,4.46010799985379,4.666307999752462,8.641445999965072,50,2.7136689997278154,11.906283999793231,12.08173399977386,12.08173399977386
2026-08-30T04:38:42.618Z,2270.033,500,1.5364689999260008,4.461527999956161,4.614907999988645,11.480135000310838,50,3.8733680001460016,11.981784000061452,12.214453999884427,12.214453999884427
2026-08-30T04:38:52.616Z,2280.033,500,1.530549000017345,4.483648000285029,4.96353799989447,8.773074999917299,49,3.571237999945879,12.135344000067562,12.374334000051022,12.374334000051022
2026-08-30T04:39:02.620Z,2290.034,499,1.6067490000277758,4.477148000150919,4.859476999845356,8.681585000362247,50,3.7562279999256134,12.036363999824971,16.68947200011462,16.68947200011462
2026-08-30T04:39:12.619Z,2300.033,501,1.5825100000947714,4.4604980000294745,5.32138800015673,44.417129000183195,51,3.752807999961078,11.822594000026584,44.27024899981916,44.27024899981916
2026-08-30T04:39:22.620Z,2310.033,499,1.5813589999452233,4.509577999822795,5.00998800015077,8.563335000071675,49,3.752478000242263,11.989513999782503,12.174184000119567,12.174184000119567
2026-08-30T04:39:32.620Z,2320.033,500,1.5726490002125502,4.483318000100553,4.64346699975431,44.62965799961239,50,2.822027999907732,12.226693999953568,44.46562799997628,44.46562799997628
2026-08-30T04:39:42.618Z,2330.033,500,1.5748689998872578,4.49550799978897,6.187047000043094,37.17399200005457,50,3.7781980000436306,11.847695000004023,43.33536900021136,43.33536900021136
2026-08-30T04:39:52.620Z,2340.033,501,1.5784889999777079,4.507098000030965,6.407537000253797,47.620926999952644,51,3.560128000099212,12.124344000127167,47.484957000240684,47.484957000240684
2026-08-30T04:40:02.620Z,2350.034,500,1.5834790002554655,4.478957999963313,4.784386999905109,11.698724000249058,50,3.7399579999037087,11.996175000444055,12.255404999945313,12.255404999945313
2026-08-30T04:40:12.620Z,2360.034,499,1.528880000114441,4.440668000373989,4.765458000358194,8.809024999849498,49,3.6235690000467002,11.928825000301003,12.091064999811351,12.091064999811351
2026-08-30T04:40:22.618Z,2370.033,501,1.5705300001427531,4.470947000198066,4.887246999889612,43.771399000193924,50,2.7722979998216033,11.90276399999857,43.63438900001347,43.63438900001347
2026-08-30T04:40:32.618Z,2380.034,499,1.6001800000667572,4.550547999795526,5.583447000011802,8.928735999856144,50,3.6294780001044273,11.849803999997675,19.06942000007257,19.06942000007257
2026-08-30T04:40:42.618Z,2390.033,501,1.559340000152588,4.467587000224739,6.736186999827623,50.3629160001874,51,3.6203080001287162,12.140384000260383,50.864744999911636,50.864744999911636
2026-08-30T04:40:52.618Z,2400.033,500,1.6359790000133216,4.470987000036985,4.677328000310808,8.334965999703854,49,3.894978000316769,11.981754000298679,12.20010400004685,12.20010400004685
2026-08-30T04:41:02.618Z,2410.033,499,1.5916490000672638,4.51053800014779,4.943138000089675,10.288494999986142,50,3.734377999790013,12.022224000189453,17.12750199995935,17.12750199995935
2026-08-30T04:41:12.618Z,2420.033,501,1.587149000260979,4.469318000134081,4.662496999837458,45.73944799974561,51,3.7296279999427497,11.850964999757707,45.44232799997553,45.44232799997553
2026-08-30T04:41:22.620Z,2430.033,500,1.5805500000715256,4.4800779996439815,4.695917000062764,8.618836000096053,50,3.621398000046611,11.860224999953061,12.304873999673873,12.304873999673873
2026-08-30T04:41:32.620Z,2440.033,500,1.5809589996933937,4.476728000212461,4.727357000112534,33.05571400001645,50,2.7623279998078942,11.731594000011683,12.073923999909312,12.073923999909312
2026-08-30T04:41:42.618Z,2450.033,499,1.5785889998078346,4.471147999633104,5.272138000000268,10.588064999785274,49,2.947048000060022,11.778634999878705,11.899213999975473,11.899213999975473
2026-08-30T04:41:52.620Z,2460.033,500,1.5654589999467134,4.494698000140488,6.720536999870092,45.235268000047654,50,3.6154280002228916,12.064063999801874,45.07459800038487,45.07459800038487
2026-08-30T04:42:02.620Z,2470.033,501,1.5905590001493692,4.508566999807954,6.527207000181079,44.949808000121266,51,3.7363379998132586,11.645583999808878,44.80385800031945,44.80385800031945
2026-08-30T04:42:12.619Z,2480.034,499,1.5734790000133216,4.475697999820113,6.694366000127047,31.81353500019759,49,2.84269900014624,12.12907399982214,12.209894000086933,12.209894000086933
2026-08-30T04:42:22.620Z,2490.033,501,1.581208999734372,4.484958000015467,6.250676000025123,46.92996699968353,51,3.7078379997983575,12.089484000112861,46.688046999741346,46.688046999741346
2026-08-30T04:42:32.620Z,2500.033,500,1.571229999884963,4.4708179999142885,5.91497700009495,27.925236999988556,50,2.8759190002456307,11.74268399970606,12.253314000088722,12.253314000088722
2026-08-30T04:42:42.620Z,2510.033,500,1.5707890000194311,4.446457999758422,4.907257999759167,28.015325999818742,50,2.685128999873996,11.820594999939203,12.100963999982923,12.100963999982923
2026-08-30T04:42:52.616Z,2520.033,499,1.55003899987787,4.42504799971357,5.23286799993366,10.313614999875426,49,3.657118999864906,12.17933400021866,12.29995399992913,12.29995399992913
2026-08-30T04:43:02.619Z,2530.033,501,1.5727189998142421,4.448878000024706,6.507476999890059,52.51829400006682,51,2.8331880001351237,10.82976400014013,52.89577400032431,52.89577400032431
2026-08-30T04:43:12.620Z,2540.034,500,1.5821389998309314,4.451337999664247,4.886977999936789,32.77427399996668,50,2.8129090000875294,11.080314999911934,11.804953999817371,11.804953999817371
2026-08-30T04:43:22.619Z,2550.034,500,1.5749189998023212,4.464048000052571,5.100806999951601,35.951531999744475,50,3.7503589997068048,11.773214000277221,11.928443999961019,11.928443999961019
2026-08-30T04:43:32.619Z,2560.035,500,1.5567290000617504,4.485178000293672,6.834226000122726,36.06798199983314,50,3.4951679999940097,10.938025000039488,12.943884000182152,12.943884000182152
2026-08-30T04:43:42.621Z,2570.035,500,1.6370390001684427,4.566758000291884,5.910367000382394,35.31293300027028,50,2.87825799966231,5.359097999986261,12.011564999818802,12.011564999818802
2026-08-30T04:43:52.621Z,2580.034,500,1.612888999748975,4.569188000168651,5.783776999916881,28.4991859998554,50,3.552099000196904,11.891143999993801,12.306385000236332,12.306385000236332
2026-08-30T04:44:02.619Z,2590.034,500,1.5500000002793968,4.4991680001839995,4.867757000029087,27.36644700029865,50,3.592668999917805,11.72408499987796,12.027835000306368,12.027835000306368
2026-08-30T04:44:12.621Z,2600.035,500,1.534698999952525,4.414437999948859,4.864847999997437,28.474065999966115,50,2.780799000058323,11.822204999625683,11.9984749997966,11.9984749997966
2026-08-30T04:44:22.621Z,2610.035,500,1.5832290002144873,4.486198000144213,4.730898000299931,31.513005000073463,50,2.9192789997905493,11.706494000274688,11.944604000076652,11.944604000076652
2026-08-30T04:44:32.619Z,2620.035,500,1.5742099997587502,4.482046999968588,4.928276999853551,33.8670540000312,50,2.830069000367075,11.875194000080228,13.797334000002593,13.797334000002593
2026-08-30T04:44:42.619Z,2630.035,500,1.5531589998863637,4.501387999858707,6.950857000425458,27.714276999700814,50,2.821409000083804,11.676474000327289,11.852655000053346,11.852655000053346
2026-08-30T04:44:52.619Z,2640.035,500,1.6030689999461174,4.502858000341803,4.9115980002097785,34.03803399996832,50,2.820718999952078,11.07357499981299,11.926973999943584,11.926973999943584
2026-08-30T04:45:02.621Z,2650.035,500,1.5737290000542998,4.557127000298351,7.291137000080198,33.7325140000321,50,3.0351880001835525,4.85607700003311,5.170386999845505,5.170386999845505
2026-08-30T04:45:12.620Z,2660.036,500,1.564698999747634,4.536958000157028,5.740066999569535,39.3775809998624,50,2.82246799999848,4.810756999999285,12.139963999856263,12.139963999856263
2026-08-30T04:45:22.620Z,2670.035,500,1.6281999996863306,4.613338000141084,5.277876999694854,29.683355000335723,50,3.019439000170678,5.1262779999524355,12.000614000018686,12.000614000018686
2026-08-30T04:45:32.620Z,2680.036,500,1.5525589999742806,4.508217999711633,4.834858000278473,27.14329700032249,50,3.6339589999988675,4.749567999970168,4.808617000002414,4.808617000002414
2026-08-30T04:45:42.621Z,2690.036,500,1.5467790002003312,4.504598000086844,4.733958000317216,30.986275000032037,50,3.6334389997646213,4.752878000028431,5.015798000153154,5.015798000153154
2026-08-30T04:45:52.622Z,2700.037,500,1.5569589999504387,4.544517000205815,5.121556999627501,32.97254400001839,50,2.967618000227958,4.781718000303954,4.803077000193298,4.803077000193298
2026-08-30T04:46:02.621Z,2710.037,500,1.5800490002147853,4.514377999585122,4.753616999834776,26.99754699971527,50,2.8835490001365542,4.796157999895513,5.029806999955326,5.029806999955326
2026-08-30T04:46:12.621Z,2720.036,500,1.576719000004232,4.497148000169545,5.547038000077009,26.869717000052333,50,2.7761889998801053,4.188107999972999,6.687957000453025,6.687957000453025
2026-08-30T04:46:22.622Z,2730.037,500,1.5605089999735355,4.505917999893427,6.427117000333965,26.47710799984634,50,3.6951680001802742,5.1190470000728965,11.842364000156522,11.842364000156522
2026-08-30T04:46:32.623Z,2740.037,500,1.5729290000163019,4.533378000371158,5.8071670001372695,26.497246999759227,50,2.8430789997801185,5.123726999852806,11.93828499969095,11.93828499969095
2026-08-30T04:46:42.621Z,2750.037,500,1.5527200000360608,4.5251079997979105,6.76410699961707,26.468328000046313,50,2.8299389998428524,5.015846999827772,5.049907000269741,5.049907000269741
2026-08-30T04:46:52.619Z,2760.036,500,1.5616489998064935,4.514376999810338,6.807756999973208,33.4797729998827,50,2.9853889998048544,5.0020080003887415,5.236618000082672,5.236618000082672
2026-08-30T04:47:02.622Z,2770.037,500,1.554909000173211,4.5291079999879,4.928727999795228,34.82336300006136,50,2.8091690000146627,3.996458000037819,4.856087000109255,4.856087000109255
2026-08-30T04:47:12.621Z,2780.036,500,1.6176990000531077,4.528247999958694,5.334038000088185,31.972234999760985,50,3.748837999999523,4.845807999838144,4.914867999963462,4.914867999963462
2026-08-30T04:47:22.621Z,2790.037,500,1.602738999761641,4.545888000167906,6.511727000121027,27.047646999824792,50,2.8992289998568594,4.885956999845803,4.9850369999185205,4.9850369999185205
2026-08-30T04:47:32.623Z,2800.037,500,1.566819000057876,4.51500799972564,7.340446999762207,26.43155699968338,50,2.773287999909371,4.926667999941856,13.017703999765217,13.017703999765217
2026-08-30T04:47:42.623Z,2810.036,500,1.5953890001401305,4.562127999961376,7.01580600021407,34.01357300020754,50,2.8920990000478923,4.812998000066727,5.017297999933362,5.017297999933362
2026-08-30T04:47:52.622Z,2820.036,500,1.6139490003697574,4.608657999895513,5.0643170000985265,26.75745699973777,50,3.3344279997982085,4.78437800006941,5.045477000065148,5.045477000065148
2026-08-30T04:48:02.622Z,2830.036,500,1.5562089998275042,4.509697000030428,5.13534800009802,30.128314999863505,50,2.8043390000239015,4.030518000014126,4.802477000281215,4.802477000281215
2026-08-30T04:48:12.623Z,2840.037,500,1.5885089999064803,4.5637080003507435,4.901477999985218,27.847726000007242,50,2.8323480002582073,4.027708000037819,5.060227999929339,5.060227999929339
2026-08-30T04:48:22.622Z,2850.036,500,1.600628999993205,4.572377999778837,4.905047000385821,27.132957000285387,50,2.9347490002401173,4.785517000127584,5.030137000139803,5.030137000139803
2026-08-30T04:48:32.621Z,2860.037,500,1.5556700001470745,4.492007999680936,6.692356999963522,33.01573400013149,50,2.7401680001057684,4.792547999881208,5.033538000192493,5.033538000192493
2026-08-30T04:48:42.623Z,2870.037,500,1.5742290001362562,4.556417999789119,4.822497999761254,29.21827599965036,50,2.9775490001775324,4.783937000203878,5.007848000153899,5.007848000153899
2026-08-30T04:48:52.622Z,2880.038,500,1.570890000090003,4.522067000158131,6.564846999943256,29.896476000081748,50,2.778898000251502,4.776848000008613,12.909273999743164,12.909273999743164
2026-08-30T04:49:02.622Z,2890.037,500,1.6039589997380972,4.547507999930531,6.946246000006795,34.51951299980283,50,3.765618000179529,4.984677999746054,5.207506999839097,5.207506999839097
2026-08-30T04:49:12.622Z,2900.037,500,1.5805889996699989,4.5560969999060035,6.099416999612004,32.053465000353754,50,3.70615900028497,5.03831799980253,5.873556999955326,5.873556999955326
2026-08-30T04:49:22.624Z,2910.038,500,1.5722289998084307,4.554037000052631,5.3715180000290275,28.710755999665707,50,3.6131580001674592,5.004507000092417,5.899168000090867,5.899168000090867
2026-08-30T04:49:32.623Z,2920.037,500,1.5620989999733865,4.488047999795526,4.803038000129163,26.66042699990794,50,3.6146379997953773,4.951328000053763,6.002726999577135,6.002726999577135
2026-08-30T04:49:42.622Z,2930.037,500,1.5319989998824894,4.5022479998879135,7.932256999891251,29.784146000165492,50,3.6461979998275638,5.7378569999709725,6.092767000198364,6.092767000198364
2026-08-30T04:49:52.624Z,2940.038,500,1.5633690003305674,4.538288000039756,6.285117000341415,25.870776999741793,50,3.2238189997151494,4.817357999738306,5.752217000350356,5.752217000350356
2026-08-30T04:50:02.622Z,2950.038,500,1.5762199996970594,4.505128000397235,6.765517000108957,31.87476499984041,50,3.6921079996973276,5.2365170000121,12.009873999748379,12.009873999748379
2026-08-30T04:50:12.622Z,2960.037,500,1.5845389999449253,4.513697999995202,6.972207000013441,26.78279699990526,50,3.582897999789566,5.731147000100464,6.216067000292242,6.216067000292242
2026-08-30T04:50:22.622Z,2970.037,500,1.538219999987632,4.501527999993414,5.0403869999572635,25.9904970000498,50,3.637018000241369,4.97442700015381,6.183846999891102,6.183846999891102
2026-08-30T04:50:32.622Z,2980.037,500,1.6230190000496805,4.528758000116795,4.725037999916822,27.190185999963433,50,3.711067999713123,5.234227999579161,5.951206999830902,5.951206999830902
2026-08-30T04:50:42.622Z,2990.037,500,1.5595200001262128,4.531227999832481,4.866307999938726,27.003996000159532,50,3.6508280001580715,5.027637999970466,13.12526399968192,13.12526399968192
2026-08-30T04:50:52.622Z,3000.037,500,1.554028999991715,4.524898000061512,6.838556000031531,34.94859299995005,50,3.7202880000695586,6.022437000181526,13.258173999842256,13.258173999842256
2026-08-30T04:51:02.622Z,3010.037,500,1.5719790002331138,4.532667000312358,5.7392870001494884,28.06277700001374,50,3.7058979999274015,5.053826999850571,6.028698000125587,6.028698000125587
2026-08-30T04:51:12.624Z,3020.038,500,1.6207799999974668,4.5254479995928705,6.129167000297457,31.289684999734163,50,3.027898000087589,5.0458579999394715,12.024265000130981,12.024265000130981
2026-08-30T04:51:22.624Z,3030.037,500,1.5953990002162755,4.520277999807149,6.650975999888033,34.58219299977645,50,2.9118990004062653,4.974156999960542,6.022237000055611,6.022237000055611
2026-08-30T04:51:32.624Z,3040.037,500,1.5555790001526475,4.540948000270873,5.053997999988496,26.629497000016272,50,3.7383579998277128,5.926076999865472,6.060976999811828,6.060976999811828
2026-08-30T04:51:42.624Z,3050.038,500,1.5569690000265837,4.505817999597639,4.777607999742031,26.250177999958396,50,2.812758000101894,4.935467999894172,4.999648000113666,4.999648000113666
2026-08-30T04:51:52.622Z,3060.037,500,1.5581590002402663,4.546368000097573,4.953387000132352,26.765966000035405,50,2.890548000112176,6.005297999829054,6.178226999938488,6.178226999938488
2026-08-30T04:52:02.624Z,3070.037,500,1.4546590000391006,4.36494700005278,6.6576069998554885,26.669406999833882,50,3.6506590000353754,5.744086999911815,13.124753000214696,13.124753000214696
2026-08-30T04:52:12.623Z,3080.038,500,1.550578000023961,4.5160939996130764,4.732974000275135,25.808557000011206,50,3.718654999975115,5.034274000208825,11.935833999887109,11.935833999887109
2026-08-30T04:52:22.623Z,3090.037,500,1.559227999765426,4.542833999730647,7.328550000209361,31.530540000181645,50,3.0534259998239577,4.894352999981493,5.271143999882042,5.271143999882042
2026-08-30T04:52:32.624Z,3100.038,500,1.576898000203073,4.5522139999084175,5.820383000187576,27.780205000191927,50,3.6854749997146428,5.835111999884248,5.902443000115454,5.902443000115454
2026-08-30T04:52:42.624Z,3110.038,500,1.5722480001859367,4.5366739998571575,6.854472000151873,26.68590599996969,50,3.667505999561399,4.937154000159353,5.825443000067025,5.825443000067025
2026-08-30T04:52:52.620Z,3120.037,500,1.5841979999095201,4.512674999888986,6.732481999788433,26.809046000242233,50,3.710525000002235,6.056222000159323,12.195094999857247,12.195094999857247
2026-08-30T04:53:02.623Z,3130.038,500,1.59577800007537,4.542844000272453,6.708120999857783,31.267260000109673,50,3.746135000139475,7.13291099993512,12.034384000115097,12.034384000115097
2026-08-30T04:53:12.623Z,3140.038,500,1.567777999676764,4.56298500020057,6.951180999632925,26.025987000204623,50,3.760675000026822,7.1777409999631345,12.329793999902904,12.329793999902904
2026-08-30T04:53:22.623Z,3150.038,500,1.5393979996442795,4.4883639998734,6.7444910001941025,26.979044999927282,50,3.740005999803543,5.924362999852747,7.171089999843389,7.171089999843389
2026-08-30T04:53:32.623Z,3160.039,500,1.5607079998590052,4.520354000385851,6.889150999952108,32.29535900009796,50,3.76958499988541,6.071471999865025,7.029161000158638,7.029161000158638
2026-08-30T04:53:42.623Z,3170.038,500,1.5685379998758435,4.533034000080079,5.870012000203133,31.0605500000529,50,3.7993950000964105,6.933730999939144,12.174633999820799,12.174633999820799
2026-08-30T04:53:52.624Z,3180.038,500,1.5720779998227954,4.555995000060648,6.71241099992767,27.180596000049263,50,3.7341450001113117,7.07837100001052,12.314325000159442,12.314325000159442
2026-08-30T04:54:02.624Z,3190.039,500,1.5638680001720786,4.510843999683857,7.381790999788791,29.006353000178933,50,3.7984059997834265,6.017032000236213,6.90639099990949,6.90639099990949
2026-08-30T04:54:12.624Z,3200.04,500,1.5500679998658597,4.541774000041187,5.027974000200629,26.21321599977091,50,3.7623149999417365,5.963942999951541,12.373893999960274,12.373893999960274
2026-08-30T04:54:22.625Z,3210.04,500,1.6079979999922216,4.569313999731094,6.948320999741554,26.077316999901086,50,3.8165049999952316,6.95697099994868,7.128661000169814,7.128661000169814
2026-08-30T04:54:32.627Z,3220.04,500,1.6482680002227426,4.571934000123292,5.127732999622822,33.191767000127584,50,3.074405999854207,6.27846199972555,7.032990999985486,7.032990999985486
2026-08-30T04:54:42.627Z,3230.04,500,1.5467179999686778,4.506323999725282,7.451201000250876,34.72115600015968,50,3.702775999903679,6.003862000070512,7.113250999711454,7.113250999711454
2026-08-30T04:54:52.624Z,3240.041,500,1.5417979997582734,4.516104000154883,4.848614000249654,39.11322999978438,50,3.7091749999672174,6.849762000143528,6.9528210000135005,6.9528210000135005
2026-08-30T04:55:02.627Z,3250.041,500,1.5748080001212656,4.576084000058472,4.8248240002430975,39.455229999963194,50,3.773295999970287,6.929170999675989,7.161710999906063,7.161710999906063
2026-08-30T04:55:12.627Z,3260.042,500,1.5335480002686381,4.482463999651372,7.431090000085533,32.38849900010973,50,3.775764999911189,7.200591000262648,13.17989300005138,13.17989300005138
2026-08-30T04:55:22.627Z,3270.042,500,1.5550580001436174,4.529033999890089,6.902792000211775,36.05672399979085,50,3.700565000064671,5.939453000202775,6.99150100024417,6.99150100024417
2026-08-30T04:55:32.629Z,3280.043,500,1.555337999947369,4.542123999912292,7.3893410000018775,37.38117199996486,50,3.7759250001981854,6.117132000159472,7.184340999927372,7.184340999927372
2026-08-30T04:55:42.629Z,3290.042,500,1.6258970000781119,4.592184000182897,6.740292000118643,32.32482900004834,50,3.901765000075102,6.971381000243127,7.015691000036895,7.015691000036895
2026-08-30T04:55:52.627Z,3300.042,500,1.554547999985516,4.503803999628872,4.710434000007808,32.41182900033891,50,3.8244349998421967,6.91979099996388,11.958494999911636,11.958494999911636
2026-08-30T04:56:02.627Z,3310.043,500,1.558877999894321,4.5573840001598,4.832293999847025,34.66903499979526,49,3.7189549999311566,5.931551999878138,6.984720999840647,6.984720999840647
2026-08-30T04:56:12.629Z,3320.042,500,1.588977999985218,4.518254000227898,7.029730999842286,40.77912799967453,51,3.755405000410974,7.054640999995172,57.66936599975452,57.66936599975452
2026-08-30T04:56:22.627Z,3330.042,500,1.5543179996311665,4.527943999972194,6.546561000403017,32.30164900003001,50,3.78550500003621,6.851641000248492,7.054051000159234,7.054051000159234
2026-08-30T04:56:32.627Z,3340.042,500,1.532557999715209,4.4808040000498295,4.833703999873251,32.26741799991578,50,3.7083850000053644,5.935043000150472,6.927711999975145,6.927711999975145
2026-08-30T04:56:42.627Z,3350.042,500,1.544848000165075,4.543963999953121,6.957361999899149,30.520810999907553,50,3.80102499993518,5.994221999775618,12.43147400021553,12.43147400021553
2026-08-30T04:56:52.626Z,3360.043,500,1.5619679996743798,4.538813999854028,6.398661999963224,37.63696199981496,50,3.804465999826789,6.053332000039518,6.929971000179648,6.929971000179648
2026-08-30T04:57:02.627Z,3370.042,500,1.5859579998068511,4.570563999935985,5.19885400030762,31.998879000078887,50,4.844954000320286,5.905223000328988,6.278442000038922,6.278442000038922
2026-08-30T04:57:12.627Z,3380.042,500,1.5334780002012849,4.478074999991804,5.361922999843955,29.50760200014338,50,3.9189049997366965,6.152052000164986,6.910781000275165,6.910781000275165
2026-08-30T04:57:22.628Z,3390.042,500,1.5719980001449585,4.544205000158399,4.875893000047654,31.720379000063986,50,3.805234999861568,5.847742000129074,5.917872000019997,5.917872000019997
2026-08-30T04:57:32.627Z,3400.042,500,1.5474880002439022,4.520924000069499,6.401761999819428,29.62572200037539,50,4.005905000027269,6.935360999777913,12.168843999970704,12.168843999970704
2026-08-30T04:57:42.627Z,3410.042,500,1.5064579998143017,4.484994999598712,6.004163000266999,31.60410000011325,50,4.140914999879897,6.025861999951303,6.868761999998242,6.868761999998242
2026-08-30T04:57:52.627Z,3420.042,500,1.5416979999281466,4.5189350000582635,6.201781999785453,38.00839099986479,50,3.9151449999772012,6.902371000032872,6.974431000184268,6.974431000184268
2026-08-30T04:58:02.628Z,3430.042,500,1.530637999996543,4.462524000089616,4.67552400007844,39.60687900008634,50,3.79308500001207,6.850091000087559,7.291410999838263,7.291410999838263
2026-08-30T04:58:12.629Z,3440.043,500,1.491268000099808,4.429854000452906,4.670604000333697,39.68322899984196,50,3.9798849998041987,5.887533000204712,11.888745000120252,11.888745000120252
2026-08-30T04:58:22.627Z,3450.042,500,1.5622779997065663,4.525994999799877,6.791490999981761,41.8663059999235,50,3.881874999962747,6.926421000156552,7.474279999732971,7.474279999732971
2026-08-30T04:58:32.627Z,3460.043,500,1.5476279999129474,4.524494000244886,5.305594000034034,32.182098999619484,50,3.798285000026226,5.906001999974251,6.978370999917388,6.978370999917388
2026-08-30T04:58:42.627Z,3470.042,500,1.5649879998527467,4.53352400008589,4.7747539998963475,34.635784999933094,50,3.832735000178218,6.867641000077128,7.141080999746919,7.141080999746919
2026-08-30T04:58:52.627Z,3480.042,500,1.5492179999127984,4.512443999759853,4.808583999983966,11.46974499989301,50,3.9458750002086163,6.96872100001201,7.091731000225991,7.091731000225991
2026-08-30T04:59:02.629Z,3490.043,500,1.5458980002440512,4.524034000001848,5.897952999919653,41.503277000039816,50,4.847122999839485,6.936610999982804,7.302399999927729,7.302399999927729
2026-08-30T04:59:12.628Z,3500.042,500,1.5460879998281598,4.493604000192136,4.7241739998571575,38.125531000085175,50,4.828743999823928,6.991741000209004,11.946775000076741,11.946775000076741
2026-08-30T04:59:22.628Z,3510.042,500,1.5495980000123382,4.5448749996721745,4.910283999983221,11.19784600008279,50,4.779554000124335,6.153591999784112,7.202510999981314,7.202510999981314
2026-08-30T04:59:32.627Z,3520.042,500,1.545527999754995,4.528994000051171,4.727853999938816,11.593605000060052,50,4.829373999964446,7.137730000074953,13.181902999989688,13.181902999989688
2026-08-30T04:59:42.627Z,3530.042,500,1.5547780003398657,4.516553999856114,4.828333000186831,10.886775999795645,50,4.8355040000751615,6.235952000133693,6.931631000246853,6.931631000246853
2026-08-30T04:59:52.627Z,3540.043,500,1.5491490000858903,4.517055000178516,4.676284000277519,11.846515000332147,50,4.757414000108838,5.9939620001241565,7.049470999743789,7.049470999743789
2026-08-30T05:00:02.629Z,3550.043,500,1.5494479998014867,4.511903999838978,6.37659200001508,42.56980499997735,50,4.745893000159413,6.931241000071168,7.125090999994427,7.125090999994427
2026-08-30T05:00:12.629Z,3560.043,500,1.5575180002488196,4.521273999940604,6.7248809998854995,42.30014599999413,50,4.7747539998963475,6.2106619998812675,6.911880999803543,6.911880999803543
2026-08-30T05:00:22.627Z,3570.043,500,1.5348180001601577,4.512003999669105,6.883341000415385,33.59265700029209,50,4.820613999851048,6.8291420000605285,6.938500999938697,6.938500999938697
2026-08-30T05:00:32.629Z,3580.043,500,1.5373579999431968,4.477314999792725,5.821552999783307,36.52530299965292,50,4.85487399995327,6.796101000159979,6.876180999912322,6.876180999912322
2026-08-30T05:00:42.628Z,3590.042,500,1.56867800001055,4.51838400028646,6.838461000006646,33.53883700026199,50,4.816024000290781,6.75449200021103,7.18059099977836,7.18059099977836
2026-08-30T05:00:52.626Z,3600.043,500,1.5558380000293255,4.490603999700397,5.625982000026852,34.74042499996722,50,4.765494000166655,6.9797299997881055,7.2358309999108315,7.2358309999108315
2026-08-30T05:01:02.627Z,3610.042,500,1.5480680000036955,4.504683999810368,6.248031999915838,38.92982000019401,50,4.8619840000756085,6.928950999863446,7.219450999982655,7.219450999982655
2026-08-30T05:01:12.629Z,3620.043,500,1.496908999979496,4.407815000042319,4.838793999981135,40.60105799976736,50,5.693682999815792,6.24740199977532,6.903101000003517,6.903101000003517
2026-08-30T05:01:22.628Z,3630.042,500,1.5557479998096824,4.507404000032693,6.936071000061929,39.06789999967441,50,4.923254000023007,6.923942000139505,6.9644720000214875,6.9644720000214875
2026-08-30T05:01:32.628Z,3640.042,500,1.5311189997009933,4.458103999961168,4.628703999798745,11.760824999772012,50,4.824803000316024,6.939900999888778,6.976530999876559,6.976530999876559
2026-08-30T05:01:42.628Z,3650.042,500,1.564087999984622,4.496953999623656,5.813713000155985,41.94923700019717,50,5.729383000172675,7.0780910002067685,7.371550000272691,7.371550000272691
2026-08-30T05:01:52.627Z,3660.042,500,1.539627999998629,4.471534000243992,4.645074000116438,11.734724999871105,50,5.012912999838591,6.971220999956131,7.13711000001058,7.13711000001058
2026-08-30T05:02:02.628Z,3670.042,500,1.5571579998359084,4.500454999972135,4.6667140000499785,11.621344999875873,50,4.917632999829948,6.976981999818236,7.135921000037342,7.135921000037342
2026-08-30T05:02:12.627Z,3680.042,500,1.5041179996915162,4.47608399996534,5.014633999671787,11.712644999846816,50,4.9230639999732375,6.982390999794006,7.164881000295281,7.164881000295281
2026-08-30T05:02:22.627Z,3690.042,500,1.5584980002604425,4.4947440000250936,4.794683999847621,41.106587999965996,50,4.8811229998245835,7.066470999736339,12.271333999931812,12.271333999931812
2026-08-30T05:02:32.628Z,3700.042,500,1.5357180000282824,4.479503999929875,4.749894000124186,11.335605999920517,50,5.023353999946266,6.947960999794304,7.197800999972969,7.197800999972969
2026-08-30T05:02:42.627Z,3710.043,500,1.5608479999937117,4.521823999937624,4.682444000151008,12.022094000130892,50,4.87382399989292,6.984730999916792,7.065130999777466,7.065130999777466
2026-08-30T05:02:52.625Z,3720.042,500,1.5596780003979802,4.509083999786526,6.714931999798864,39.34413999971002,50,4.85919399978593,7.100221000146121,7.172931000124663,7.172931000124663
2026-08-30T05:03:02.628Z,3730.042,500,1.5432880003936589,4.508743999991566,5.105963000096381,34.76731500029564,50,5.832273000385612,7.0983910001814365,7.120181000325829,7.120181000325829
2026-08-30T05:03:12.627Z,3740.043,500,1.5670179999433458,4.533024000003934,6.908451000228524,41.27309700008482,50,5.740352999884635,7.111720999702811,7.125099999830127,7.125099999830127
2026-08-30T05:03:22.629Z,3750.042,500,1.556938000023365,4.535554000176489,5.748972000088543,36.46060399990529,50,5.046724000014365,6.908150999806821,7.209471000358462,7.209471000358462
2026-08-30T05:03:32.627Z,3760.042,500,1.5513079999946058,4.547404000069946,6.757302000187337,36.46626400016248,50,5.082444000057876,7.093621000181884,7.163860999979079,7.163860999979079
2026-08-30T05:03:42.628Z,3770.042,500,1.5359479999169707,4.52664399985224,4.88035300001502,41.053896999917924,50,5.085443999618292,6.867421999573708,7.1691809999756515,7.1691809999756515
2026-08-30T05:03:52.627Z,3780.042,500,1.5529379998333752,4.539703999646008,6.86903200019151,36.93832200020552,50,5.832181999925524,7.205350999720395,7.222460000310093,7.222460000310093
2026-08-30T05:04:02.627Z,3790.042,500,1.5868879999034107,4.556834999937564,6.845811000093818,32.869608000386506,50,5.024504000321031,7.176061000209302,14.9089110000059,14.9089110000059
2026-08-30T05:04:12.628Z,3800.042,500,1.5760679999366403,4.548793999943882,4.7804240002296865,11.934594999998808,50,5.790831999853253,7.238680999726057,7.348079999908805,7.348079999908805
2026-08-30T05:04:22.628Z,3810.043,500,1.5817679995670915,4.509913999587297,4.704243999905884,11.33081499999389,50,4.982764000073075,7.1367910001426935,7.187250999733806,7.187250999733806
2026-08-30T05:04:32.627Z,3820.042,500,1.5589479999616742,4.537324000149965,6.82495200028643,42.02214700030163,50,5.755612999666482,7.050660999957472,7.281971000134945,7.281971000134945
2026-08-30T05:04:42.627Z,3830.042,500,1.5684379995800555,4.5342239998281,5.031293999869376,11.887885000091046,50,5.832571999635547,7.079560999758542,7.121090999804437,7.121090999804437
2026-08-30T05:04:52.626Z,3840.043,500,1.553948000073433,4.538314000237733,6.782771000172943,38.45710999984294,50,5.6845530001446605,6.908081000205129,7.321330999955535,7.321330999955535
2026-08-30T05:05:02.629Z,3850.042,500,1.5586780002340674,4.569863999728113,6.739100999664515,37.86269100010395,50,5.742072999943048,7.040910999756306,7.24587000021711,7.24587000021711
2026-08-30T05:05:12.629Z,3860.042,500,1.5467280000448227,4.540654000360519,4.731163999997079,11.166345000267029,50,5.807533000130206,7.191151000093669,8.342339999973774,8.342339999973774
2026-08-30T05:05:22.627Z,3870.042,500,1.4907980002462864,4.506105000153184,4.728163999971002,11.965294000227004,50,5.764503000304103,7.10905999969691,7.848080000374466,7.848080000374466
2026-08-30T05:05:32.627Z,3880.042,500,1.563298000022769,4.524964000098407,4.781593000050634,11.383774999994785,50,5.868923000060022,7.100219999905676,7.8309100000187755,7.8309100000187755
2026-08-30T05:05:42.629Z,3890.042,500,1.5036479998379946,4.498763999901712,4.783494000323117,46.099111000075936,50,5.774462999776006,6.946070999838412,7.21421999996528,7.21421999996528
2026-08-30T05:05:52.629Z,3900.042,500,1.567077999934554,4.51436399994418,4.781673999968916,11.44878500001505,50,5.748461999930441,7.896840000059456,8.194300000090152,8.194300000090152
2026-08-30T05:06:02.629Z,3910.043,500,1.5619379999116063,4.5457649999298155,4.746584000065923,11.49466500012204,50,5.773743000347167,7.2474509999156,8.342300000134856,8.342300000134856
2026-08-30T05:06:12.627Z,3920.042,500,1.54917800007388,4.551043999847025,6.989781000185758,44.056792999617755,50,5.69702300010249,7.82331999996677,8.343189999926835,8.343189999926835
2026-08-30T05:06:22.627Z,3930.042,500,1.5595480003394186,4.54378499975428,6.917861000169069,48.204698000103235,50,5.828631999902427,7.106560000218451,8.167150000110269,8.167150000110269
2026-08-30T05:06:32.629Z,3940.042,500,1.5922579998150468,4.577113999985158,4.923764000181109,40.31531800003722,50,5.801393000409007,7.1376700000837445,7.268561000004411,7.268561000004411
2026-08-30T05:06:42.627Z,3950.043,500,1.5706580001860857,4.5832839999347925,4.7355740000493824,11.97406499972567,50,5.8043520003557205,6.952092000283301,7.17648100014776,7.17648100014776
2026-08-30T05:06:52.628Z,3960.043,500,1.529498000163585,4.529144999571145,4.762444000225514,47.15233899978921,50,5.777972999960184,7.316171000245959,7.829630000051111,7.829630000051111
2026-08-30T05:07:02.629Z,3970.042,500,1.5769279999658465,4.549983999691904,4.887564000207931,38.41245000017807,50,5.890153000131249,8.180238999892026,10.78456600010395,10.78456600010395
2026-08-30T05:07:12.627Z,3980.042,500,1.5613779998384416,4.548793999943882,4.725054000038654,12.273134000133723,50,5.866822000127286,7.9766600001603365,8.073969999793917,8.073969999793917
2026-08-30T05:07:22.629Z,3990.042,500,1.5706779998727143,4.550203999970108,4.73400399973616,11.388566000387073,50,5.837912000250071,7.088820999953896,8.185429999604821,8.185429999604821
2026-08-30T05:07:32.627Z,4000.042,500,1.5884380000643432,4.584164000116289,6.883251000195742,45.47693199990317,50,6.003111999947578,8.164738999679685,8.194580000359565,8.194580000359565
2026-08-30T05:07:42.629Z,4010.042,500,1.5875580003485084,4.5504540000110865,5.21763400034979,46.5683499998413,50,5.904822000302374,7.848489999771118,8.057140000164509,8.057140000164509
2026-08-30T05:07:52.627Z,4020.042,500,1.5614280002191663,4.54201400000602,4.720294000115246,12.301853999961168,50,5.913643000181764,7.994260000064969,8.06559000024572,8.06559000024572
2026-08-30T05:08:02.629Z,4030.043,500,1.5321979997679591,4.5372939999215305,4.778353999834508,11.496694999746978,50,5.857452999800444,7.752079000230879,7.968109000008553,7.968109000008553
2026-08-30T05:08:12.629Z,4040.043,500,1.5527780000120401,4.541683999821544,6.847720999736339,40.60831800010055,50,5.8497919999063015,8.2115099998191,8.254119999706745,8.254119999706745
2026-08-30T05:08:22.627Z,4050.042,500,1.5681880000047386,4.583323999773711,6.869070999789983,38.80611000023782,50,5.936931999865919,7.990809999871999,8.219120000023395,8.219120000023395
2026-08-30T05:08:32.627Z,4060.042,500,1.5689579998143017,4.553313999902457,5.1821630001068115,46.99696999974549,50,5.833792999852449,7.86200000019744,8.327188999857754,8.327188999857754
2026-08-30T05:08:42.627Z,4070.042,500,1.5638279998674989,4.5537340003065765,4.692043999675661,11.521525000222027,50,5.847642000298947,7.877829000353813,8.068949000444263,8.068949000444263
2026-08-30T05:08:52.626Z,4080.043,500,1.549188000150025,4.512473999988288,6.862451000139117,45.32705200044438,50,5.800653000362217,7.841990000102669,7.896530000027269,7.896530000027269
2026-08-30T05:09:02.629Z,4090.043,500,1.5535579998977482,4.548703999724239,6.859031000174582,47.44828899996355,50,5.992812999989837,8.114289000164717,8.152788999956101,8.152788999956101
2026-08-30T05:09:12.629Z,4100.043,500,1.5716579998843372,4.561714000068605,6.822670999914408,40.29561799997464,50,5.957302000373602,7.950270000379533,8.254260000307113,8.254260000307113
2026-08-30T05:09:22.627Z,4110.042,500,1.5664669997058809,4.594260000158101,5.192598999943584,39.40686899982393,50,5.932177000213414,7.8682430000044405,8.313612000085413,8.313612000085413
2026-08-30T05:09:32.628Z,4120.042,500,1.5676659997552633,4.547780999913812,4.998478999827057,48.59622599976137,50,6.089496999979019,8.05176299996674,8.073663000017405,8.073663000017405
2026-08-30T05:09:42.627Z,4130.042,500,1.5834869998507202,4.554101000074297,6.820375999901444,44.14222600031644,50,5.993447000160813,8.084571999963373,8.132592000067234,8.132592000067234
2026-08-30T05:09:52.627Z,4140.042,500,1.5623759999871254,4.547390999738127,8.466741999611259,47.25765899987891,50,5.991978000383824,8.139033000450581,8.211432000156492,8.211432000156492
2026-08-30T05:10:02.628Z,4150.042,500,1.5926860002800822,4.567290000151843,6.796234999783337,47.71236800029874,50,5.978657000232488,7.868052999954671,8.243682999629527,8.243682999629527
2026-08-30T05:10:12.627Z,4160.042,500,1.5783459995873272,4.540169999934733,5.094878999982029,43.93459599977359,50,6.697895999997854,8.132943000178784,8.239041999913752,8.239041999913752
2026-08-30T05:10:22.629Z,4170.042,500,1.619145999662578,4.547970000188798,5.163929000031203,43.79075599974021,50,5.992866999935359,7.995852999854833,8.279482000041753,8.279482000041753
2026-08-30T05:10:32.627Z,4180.042,500,1.6198169998824596,4.5578609998337924,4.819840000011027,42.74945899983868,50,5.893676999956369,7.065165000036359,8.11371299996972,8.11371299996972
2026-08-30T05:10:42.628Z,4190.042,500,1.5816869996488094,4.564900999888778,5.996917000040412,41.442011000122875,50,5.812506999820471,8.170482999645174,8.210701999254525,8.210701999254525
2026-08-30T05:10:52.627Z,4200.043,500,1.562576999887824,4.542179999873042,6.773876000195742,48.57013600040227,50,5.923007000237703,7.830784000456333,8.225173000246286,8.225173000246286
2026-08-30T05:11:02.627Z,4210.042,500,1.5868770005181432,4.544590000063181,6.6417759992182255,44.91864399984479,50,6.014476999640465,8.091572999954224,8.377191999927163,8.377191999927163
2026-08-30T05:11:12.628Z,4220.043,500,1.5762269999831915,4.57730000000447,6.8403660003095865,48.35078699979931,50,6.122607000172138,8.110243000090122,8.217102999798954,8.217102999798954
2026-08-30T05:11:22.628Z,4230.042,500,1.557876999489963,4.542090000584722,5.89215699955821,44.388054999522865,50,5.965166999958456,8.049811999313533,8.239191999658942,8.239191999658942
2026-08-30T05:11:32.628Z,4240.042,500,1.5239369999617338,4.507251000031829,4.650390000082552,38.72418700065464,50,6.68376599997282,7.8980130003765225,8.208562000654638,8.208562000654638
2026-08-30T05:11:42.627Z,4250.042,500,1.5846170000731945,4.538249999284744,4.755720000714064,38.77264800015837,50,6.76250599976629,8.093673000112176,8.110603000037372,8.110603000037372
2026-08-30T05:11:52.628Z,4260.042,500,1.5555269997566938,4.526460999622941,6.730975000187755,48.33234700001776,50,5.994067000225186,7.987302999943495,8.214962000027299,8.214962000027299
2026-08-30T05:12:02.629Z,4270.043,500,1.5771459992974997,4.54348099976778,8.169702999293804,48.533236000686884,50,5.980076999403536,7.880742999725044,8.057833000086248,8.057833000086248
2026-08-30T05:12:12.628Z,4280.043,500,1.5616560000926256,4.535110000520945,8.308401999995112,49.58895400073379,50,6.252476000227034,8.11848200019449,8.216832000762224,8.216832000762224
2026-08-30T05:12:22.628Z,4290.044,500,1.57126700039953,4.55547000002116,5.39556899946183,47.52307900041342,50,6.015217000618577,8.109921999275684,8.215432000346482,8.215432000346482
2026-08-30T05:12:32.630Z,4300.043,500,1.6000970005989075,4.549340000376105,4.999440000392497,43.661156999878585,50,6.066286999732256,8.224622000008821,8.340851999819279,8.340851999819279
2026-08-30T05:12:42.630Z,4310.043,500,1.5863269995898008,4.53057000041008,6.783445999957621,44.656025000847876,50,6.080386999994516,8.198602999560535,8.31876299995929,8.31876299995929
2026-08-30T05:12:52.628Z,4320.043,500,1.5688859997317195,4.526659999974072,5.181658999994397,43.72053600009531,50,6.749696000479162,8.251072000712156,8.305972000584006,8.305972000584006
2026-08-30T05:13:02.630Z,4330.044,500,1.5475169997662306,4.569290000014007,6.801745000295341,49.7796040000394,50,6.789626000449061,7.971853000111878,8.168383000418544,8.168383000418544
2026-08-30T05:13:12.630Z,4340.044,500,1.5614369995892048,4.566809999756515,6.351605999283493,44.53021499980241,50,6.708816000260413,7.860702999867499,8.008323000743985,8.008323000743985
2026-08-30T05:13:22.628Z,4350.044,500,1.5604759994894266,4.550859999842942,6.959804999642074,48.240806999616325,50,6.791836000047624,8.143552999943495,8.187031999230385,8.187031999230385
2026-08-30T05:13:32.630Z,4360.044,500,1.5547369997948408,4.550629999488592,6.712406000122428,44.50292500015348,50,6.697375000454485,7.835763999260962,7.933764000423253,7.933764000423253
2026-08-30T05:13:42.629Z,4370.043,500,1.5960070006549358,4.586431000381708,6.984594999812543,44.242445999756455,50,6.796924999915063,8.102292999625206,8.39207199960947,8.39207199960947
2026-08-30T05:13:52.629Z,4380.043,500,1.625955999828875,4.620780000463128,7.660043999552727,46.198971999809146,50,6.703475999645889,7.962433000095189,8.193881999701262,8.193881999701262
2026-08-30T05:14:02.630Z,4390.044,500,1.561727000400424,4.543131000362337,4.74290999956429,44.392846000380814,50,6.770645000040531,8.016183000057936,8.254701999947429,8.254701999947429
2026-08-30T05:14:12.630Z,4400.044,500,1.5501870000734925,4.521750999614596,4.869129999540746,46.82291999924928,50,6.789206000044942,7.956752999685705,8.054763000458479,8.054763000458479
2026-08-30T05:14:22.630Z,4410.044,500,1.5619160002097487,4.584959999658167,6.717576000839472,52.350277999415994,50,6.755224999971688,8.015022999607027,8.135823000222445,8.135823000222445
2026-08-30T05:14:32.629Z,4420.043,500,1.5725470008328557,4.596780000254512,4.884910000488162,43.84812599979341,50,6.775535999797285,8.047562999650836,8.161961999721825,8.161961999721825
2026-08-30T05:14:42.629Z,4430.044,500,1.5553370006382465,4.528520999476314,6.565356000326574,43.60472699999809,50,6.754804999567568,8.076752999797463,8.271021999418736,8.271021999418736
2026-08-30T05:14:52.627Z,4440.044,500,1.5421159993857145,4.545439999550581,6.397207000292838,44.63956399913877,50,6.761714999563992,7.979342999868095,8.043182999826968,8.043182999826968
2026-08-30T05:15:02.628Z,4450.043,500,1.5418969998136163,4.55299000069499,4.811900000087917,44.505915000103414,50,6.767974999733269,8.1079529998824,9.177020000293851,9.177020000293851
2026-08-30T05:15:12.628Z,4460.043,500,1.5378970000892878,4.513670000247657,6.7828549994155765,42.87814799975604,50,6.7767960000783205,7.956743000075221,8.887001000344753,8.887001000344753
2026-08-30T05:15:22.630Z,4470.043,500,1.5451270006597042,4.573570000007749,6.289206000044942,44.368595000356436,50,6.77356499992311,8.049703000113368,18.56082999985665,18.56082999985665
2026-08-30T05:15:32.631Z,4480.045,500,1.5458070002496243,4.514121000654995,6.929845000617206,39.549326000735164,50,6.834405000321567,8.073552999645472,9.235639999620616,9.235639999620616
2026-08-30T05:15:42.629Z,4490.044,500,1.5857870001345873,4.572370000183582,4.7610900001600385,44.23214500024915,50,6.787924999371171,8.122673000209033,9.119260000064969,9.119260000064969
2026-08-30T05:15:52.629Z,4500.044,500,1.556656999513507,4.550830000080168,5.292449000291526,47.12990899942815,50,6.811185999773443,8.200082000344992,9.489149999804795,9.489149999804795
2026-08-30T05:16:02.629Z,4510.045,500,1.5640169996768236,4.5873599993065,6.666596000082791,47.63345800060779,50,6.813446000218391,8.20436199940741,8.870231000706553,8.870231000706553
2026-08-30T05:16:12.629Z,4520.044,500,1.5577970007434487,4.5610309997573495,5.611086999997497,45.48560300003737,50,6.785705999471247,8.862741000019014,16.83141400013119,16.83141400013119
2026-08-30T05:16:22.630Z,4530.044,500,1.5850169993937016,4.594180000014603,6.973365000449121,48.868194999173284,50,6.788216000422835,8.842270999215543,8.870051000267267,8.870051000267267
2026-08-30T05:16:32.630Z,4540.044,500,1.5884170001372695,4.618909999728203,7.73187300004065,51.6226699994877,50,6.810905000194907,8.16346300020814,9.025540000759065,9.025540000759065
2026-08-30T05:16:42.630Z,4550.044,500,1.6875959997996688,4.728509999811649,6.984655000269413,48.440967000089586,50,6.913644999265671,8.178522000089288,9.016181000508368,9.016181000508368
2026-08-30T05:16:52.629Z,4560.045,500,1.634535999968648,4.6297899996861815,6.964844999834895,47.010749999433756,50,6.7809359999373555,8.19025200046599,8.22334299981594,8.22334299981594
2026-08-30T05:17:02.631Z,4570.044,500,1.6205969993025064,4.600390000268817,5.617328000254929,45.077913999557495,50,7.04666499979794,8.414822000078857,9.201270999386907,9.201270999386907
2026-08-30T05:17:12.630Z,4580.044,500,1.6017769994214177,4.616220000199974,4.794180000200868,47.894177000038326,50,6.86400599963963,8.885661999695003,9.141940000467002,9.141940000467002
2026-08-30T05:17:22.630Z,4590.044,500,1.5811569998040795,4.594890000298619,5.121928999200463,48.398076000623405,50,6.831194999627769,8.90194100048393,9.292930000461638,9.292930000461638
2026-08-30T05:17:32.629Z,4600.044,500,1.5515160001814365,4.495039999485016,5.072568999603391,47.94147800002247,50,6.811985000036657,8.230272999964654,9.121090999804437,9.121090999804437
2026-08-30T05:17:42.630Z,4610.044,500,1.5515170004218817,4.55540999956429,6.711645999923348,49.525533999316394,50,6.841055000200868,8.8730410002172,8.91848099976778,8.91848099976778
2026-08-30T05:17:52.629Z,4620.044,500,1.6337959999218583,4.652639999985695,8.222732000052929,50.12099299952388,50,6.986414999701083,8.908010999672115,8.93601099960506,8.93601099960506
2026-08-30T05:18:02.630Z,4630.044,500,1.7117360001429915,4.644969999790192,6.923235000111163,47.590679000131786,50,6.77551499940455,8.815440999343991,9.448558999225497,9.448558999225497
2026-08-30T05:18:12.629Z,4640.044,500,1.6868060007691383,4.6465100003406405,5.8218669993802905,51.441579999402165,50,6.792775000445545,8.94486099947244,9.220490000210702,9.220490000210702
2026-08-30T05:18:22.629Z,4650.044,500,1.710547000169754,4.649459999985993,6.933314999565482,46.36438100039959,50,6.877834999933839,8.92500100005418,9.206500000320375,9.206500000320375
2026-08-30T05:18:32.631Z,4660.044,500,1.5712559996172786,4.557760000228882,5.2966790003702044,44.479644999839365,50,6.927234999835491,8.929460999555886,9.138061000034213,9.138061000034213
2026-08-30T05:18:42.629Z,4670.044,500,1.5601769993081689,4.566919999197125,5.417278000153601,50.726861000061035,50,6.882085000164807,8.921701000072062,8.948860999196768,8.948860999196768
2026-08-30T05:18:52.627Z,4680.044,500,1.6082359999418259,4.581069999374449,4.838239999487996,46.64173000026494,50,6.792924999259412,9.030601000413299,9.265469999983907,9.265469999983907
2026-08-30T05:19:02.629Z,4690.044,500,1.567127000540495,4.575989999808371,6.95949500054121,52.14270900003612,50,7.723192999139428,8.919351000338793,9.136629999615252,9.136629999615252
2026-08-30T05:19:12.629Z,4700.044,500,1.582276999950409,4.569920000620186,4.827309000305831,45.890151999890804,50,6.8786349995061755,8.118622000329196,9.014500999823213,9.014500999823213
2026-08-30T05:19:22.629Z,4710.044,500,1.6617459999397397,4.6361499996855855,5.6796879991889,46.165201999247074,50,7.125705000013113,8.842230999842286,9.168620000593364,9.168620000593364
2026-08-30T05:19:32.629Z,4720.045,500,1.6584860002622008,4.624610000289977,4.986079999245703,46.00435199961066,50,7.164965000003576,8.758280999958515,8.815661000087857,8.815661000087857
2026-08-30T05:19:42.630Z,4730.044,500,1.6082560000941157,4.598910000175238,6.922714999876916,57.96423600055277,50,6.982815000228584,8.988190000876784,11.769514999352396,11.769514999352396
2026-08-30T05:19:52.629Z,4740.044,500,1.6016369992867112,4.597520999610424,8.125362999737263,52.47727799974382,50,6.885615999810398,8.76944199949503,8.850860999897122,8.850860999897122
2026-08-30T05:20:02.631Z,4750.045,500,1.5493269991129637,4.510289999656379,6.972395000047982,52.43501800019294,50,7.025595000013709,8.95606999937445,9.167320000007749,9.167320000007749
2026-08-30T05:20:12.630Z,4760.044,500,1.5996270002797246,4.601800000295043,6.501966000534594,45.68566200044006,50,7.10120499972254,8.979931000620127,9.14680999983102,9.14680999983102
2026-08-30T05:20:22.629Z,4770.044,500,1.6047370005398989,4.5891300002112985,8.131842999719083,47.46726799942553,50,7.233164000324905,8.802230999805033,9.270579999312758,9.270579999312758
2026-08-30T05:20:32.630Z,4780.044,500,1.6000370001420379,4.611190000548959,7.018465000204742,51.86462900042534,50,7.6302439998835325,8.927810999564826,9.06895999982953,9.06895999982953
2026-08-30T05:20:42.630Z,4790.044,500,1.5815869998186827,4.574920000508428,8.333432000130415,52.47588900011033,50,6.992564999498427,8.170753000304103,8.763470999896526,8.763470999896526
2026-08-30T05:20:52.628Z,4800.045,500,1.5762069998309016,4.570951000787318,5.119138999842107,43.030347999185324,50,6.907764999195933,8.771050999872386,8.9988909997046,8.9988909997046
2026-08-30T05:21:02.630Z,4810.044,500,1.5821559997275472,4.609349999576807,6.946585000492632,45.263844000175595,50,6.7845449997112155,8.781760999932885,9.019780999980867,9.019780999980867
2026-08-30T05:21:12.629Z,4820.045,500,1.5628469996154308,4.539350000210106,5.142229000106454,46.66983100026846,50,7.118804999627173,8.785382000729442,8.906991000287235,8.906991000287235
2026-08-30T05:21:22.631Z,4830.045,500,1.5977469999343157,4.5799899995327,5.902356999926269,48.186767000705004,50,7.276003999635577,8.777691000141203,9.10676100011915,9.10676100011915
2026-08-30T05:21:32.631Z,4840.045,500,1.555006000213325,4.537329999729991,6.9380050003528595,45.61723299976438,50,6.952166000381112,8.091091999784112,17.532123000361025,17.532123000361025
2026-08-30T05:21:42.629Z,4850.044,500,1.5753359999507666,4.5602500000968575,6.467915999703109,48.31758700031787,50,6.992876000702381,8.998599999584258,9.049370999448001,9.049370999448001
2026-08-30T05:21:52.630Z,4860.044,500,1.5951660005375743,4.590830000117421,6.963235000148416,55.131872000172734,50,7.006144999526441,8.954090999439359,9.269399999640882,9.269399999640882
2026-08-30T05:22:02.629Z,4870.045,500,1.6070769997313619,4.60226000007242,4.981219999492168,46.35487100016326,50,6.943224999122322,8.859311000443995,9.03990999981761,9.03990999981761
2026-08-30T05:22:12.632Z,4880.046,500,1.619505999609828,4.598690999671817,6.954195000231266,48.887346000410616,50,7.117595000192523,8.787100999616086,9.212129999883473,9.212129999883473
2026-08-30T05:22:22.631Z,4890.046,500,1.58298599999398,4.568280000239611,6.957864999771118,44.88085400033742,50,7.044894999824464,8.846730999648571,8.984881000593305,8.984881000593305
2026-08-30T05:22:32.631Z,4900.046,500,1.5969069991260767,4.575990000739694,6.947095999494195,29.173568000085652,50,6.982104999944568,9.012680999934673,9.309439999982715,9.309439999982715
2026-08-30T05:22:42.633Z,4910.047,500,1.5828869994729757,4.562501000240445,4.909189000725746,13.65548099949956,50,6.963525000028312,8.839800999499857,9.082010999321938,9.082010999321938
2026-08-30T05:22:52.629Z,4920.046,501,1.5985159995034337,4.611809999682009,6.910644999705255,28.17047999985516,50,6.827746000140905,8.805041000247002,9.102190000005066,9.102190000005066
2026-08-30T05:23:02.631Z,4930.046,499,1.5867069996893406,4.579910000786185,4.776770000346005,9.574249999597669,50,7.092494999989867,8.096693000756204,8.769411000423133,8.769411000423133
2026-08-30T05:23:12.633Z,4940.047,500,1.5889269998297095,4.583401000127196,5.271937999874353,23.006961000151932,50,6.80046600010246,9.032490999437869,9.10621100012213,9.10621100012213
2026-08-30T05:23:22.633Z,4950.047,500,1.5764669999480247,4.567689999938011,6.558206000365317,34.08227699995041,50,6.912794999778271,8.096613000147045,9.024241000413895,9.024241000413895
2026-08-30T05:23:32.631Z,4960.046,500,1.5891370000317693,4.590780000202358,6.744745999574661,23.361630000174046,50,6.942465000785887,8.766150999814272,9.026340999640524,9.026340999640524
2026-08-30T05:23:42.633Z,4970.047,500,1.6292570000514388,4.6067599998787045,4.8399089993909,13.953580999746919,50,6.998414999805391,8.865710999816656,9.064031000249088,9.064031000249088
2026-08-30T05:23:52.631Z,4980.046,500,1.6471170000731945,4.615070000290871,6.936045000329614,24.467926999554038,50,7.187464999966323,8.869881000369787,9.125061000697315,9.125061000697315
2026-08-30T05:24:02.632Z,4990.046,501,1.5830570003017783,4.582329999655485,6.246846999973059,13.453561000525951,50,7.128614000044763,9.004949999973178,19.309887999668717,19.309887999668717
2026-08-30T05:24:12.632Z,5000.046,500,1.5646170005202293,4.567479999735951,4.724340000189841,12.173994000069797,50,6.802164999768138,8.778080999851227,8.83174099959433,8.83174099959433
2026-08-30T05:24:22.633Z,5010.047,499,1.5689560007303953,4.55182099994272,4.756609000265598,12.066894000396132,50,6.927985000424087,8.794001000002027,8.814960999414325,8.814960999414325
2026-08-30T05:24:32.631Z,5020.046,500,1.575726999901235,4.576480000279844,8.037891999818385,32.733940000645816,50,6.921544999815524,8.81012099981308,9.115781000815332,9.115781000815332
2026-08-30T05:24:42.631Z,5030.047,500,1.5606659995391965,4.56357999984175,4.938558999449015,23.314929999411106,50,7.020204999484122,8.799930999986827,8.842581000179052,8.842581000179052
2026-08-30T05:24:52.632Z,5040.047,500,1.5986670004203916,4.592779999598861,5.634258000180125,24.396937999874353,50,6.945515000261366,8.83176099974662,9.033791000023484,9.033791000023484
2026-08-30T05:25:02.633Z,5050.047,501,1.5722570000216365,4.5633109994232655,6.809155000373721,24.528446999378502,50,6.814284999854863,8.830671000294387,8.908711000345647,8.908711000345647
2026-08-30T05:25:12.632Z,5060.048,500,1.598377000540495,4.607660999521613,5.653698000125587,30.647144000045955,50,7.044075000099838,8.86719200015068,9.008520999923348,9.008520999923348
2026-08-30T05:25:22.633Z,5070.049,500,1.5800069998949766,4.6187499994412065,6.915585000067949,35.98051299992949,50,7.636594000272453,8.901081000454724,9.13217999972403,9.13217999972403
2026-08-30T05:25:32.634Z,5080.048,500,1.709786000661552,4.637769999913871,7.201034000143409,29.734505999833345,50,7.112015000544488,8.80747100058943,9.201481000520289,9.201481000520289
2026-08-30T05:25:42.635Z,5090.049,500,1.6214270005002618,4.6724399998784065,6.68272600043565,33.086548999883235,50,7.090444999746978,8.775111000053585,9.152090999297798,9.152090999297798
2026-08-30T05:25:52.633Z,5100.048,500,1.7048959992825985,4.615929999388754,7.155443999916315,28.907437999732792,50,7.068115000613034,9.10632099956274,9.162330999970436,9.162330999970436
2026-08-30T05:26:02.634Z,5110.048,499,1.5711160004138947,4.561679999344051,4.819548999890685,10.486138000153005,50,7.074934999458492,8.756610999815166,9.002391000278294,9.002391000278294
2026-08-30T05:26:12.634Z,5120.048,501,1.6505869999527931,4.645510000176728,6.906554999761283,25.61085500009358,50,7.4015239998698235,9.114250000566244,9.127530000172555,9.127530000172555
2026-08-30T05:26:22.635Z,5130.049,500,1.6269869999960065,4.603869999758899,4.963159000501037,8.537221999838948,50,7.120904999785125,8.745361999608576,9.099441000260413,9.099441000260413
2026-08-30T05:26:32.634Z,5140.049,499,1.7178370002657175,4.657579999417067,4.811359000392258,8.48556200042367,50,7.095505000092089,8.774510999210179,8.890301000326872,8.890301000326872
2026-08-30T05:26:42.635Z,5150.049,500,1.5727589996531606,4.557346000336111,8.489224000833929,48.41836399957538,50,7.037165000103414,8.899663999676704,9.087062999606133,9.087062999606133
2026-08-30T05:26:52.634Z,5160.049,501,1.6028579995036125,4.581366000697017,6.996984999626875,48.11793499998748,50,7.255564999766648,9.10132300015539,9.18766300007701,9.18766300007701
2026-08-30T05:27:02.635Z,5170.05,500,1.5820979997515678,4.569536999799311,6.949714999645948,33.949604999274015,50,7.802524000406265,10.03229200001806,10.24437199998647,10.24437199998647
2026-08-30T05:27:12.634Z,5180.049,499,1.561158999800682,4.548247000202537,4.651096999645233,8.607773999683559,50,7.7964840000495315,9.18253399990499,10.099642999470234,10.099642999470234
2026-08-30T05:27:22.634Z,5190.049,500,1.596959000453353,4.624277000315487,6.717094999738038,54.6718800002709,50,7.8106440007686615,9.860972999595106,9.93007200025022,9.93007200025022
2026-08-30T05:27:32.634Z,5200.049,501,1.5627480000257492,4.564636999741197,8.87300300039351,53.01144100073725,50,7.710173999890685,9.441392999142408,10.222261999733746,10.222261999733746
2026-08-30T05:27:42.635Z,5210.049,500,1.5824289992451668,4.565376999787986,4.693665999919176,8.623193999752402,50,7.8046539993956685,9.127204000018537,9.865402000024915,9.865402000024915
2026-08-30T05:27:52.635Z,5220.049,500,1.6144389994442463,4.68410599976778,5.350225999951363,10.841891999356449,50,7.1791650000959635,9.119784000329673,9.229322999715805,9.229322999715805
2026-08-30T05:28:02.636Z,5230.049,500,1.6057190001010895,4.6157569997012615,6.884785000234842,32.97911599930376,50,7.753095000050962,9.092174000106752,10.088653000071645,10.088653000071645
2026-08-30T05:28:12.634Z,5240.049,500,1.5675079999491572,4.571836999617517,6.981604999862611,29.399959000758827,50,7.7399840001016855,9.02755399979651,9.89842199999839,9.89842199999839
2026-08-30T05:28:22.634Z,5250.049,500,1.5532090002670884,4.550686999224126,5.969835000112653,11.228612000122666,50,7.716084999963641,9.856091999448836,10.148742999881506,10.148742999881506
2026-08-30T05:28:32.636Z,5260.05,500,1.560898999683559,4.560266999527812,6.625365000218153,33.14193599950522,50,7.718944000080228,10.067651999183,10.128653000108898,10.128653000108898
2026-08-30T05:28:42.636Z,5270.049,500,1.5603189999237657,4.5553069999441504,4.8257769998162985,8.61944399960339,50,7.728414999321103,8.891114000231028,9.294883000664413,9.294883000664413
2026-08-30T05:28:52.635Z,5280.05,500,1.570588999427855,4.577876000665128,4.6892170002684,28.4922589994967,50,7.702753999270499,9.06139300018549,9.873643000610173,9.873643000610173
2026-08-30T05:29:02.635Z,5290.05,499,1.5911790002137423,4.648476999253035,4.935836999677122,8.66157399956137,50,7.811813999898732,9.075663999654353,9.129832999780774,9.129832999780774
2026-08-30T05:29:12.636Z,5300.05,501,1.6431790003553033,4.620406999252737,6.912525000050664,50.83007199969143,50,7.761413999833167,9.335923000238836,10.098412999883294,10.098412999883294
2026-08-30T05:29:22.637Z,5310.051,500,1.6828779997304082,4.67471699975431,5.642925000749528,30.43588799983263,50,7.779705000109971,9.035054000094533,9.062142999842763,9.062142999842763
2026-08-30T05:29:32.636Z,5320.051,500,1.6921490002423525,4.65310600027442,5.725505999289453,30.256617999635637,50,7.31154500041157,9.26519300043583,10.118092000484467,10.118092000484467
2026-08-30T05:29:42.637Z,5330.051,500,1.5649689994752407,4.597807000391185,5.138046000152826,31.18799699936062,50,7.789913999848068,9.832282000221312,10.09769199974835,10.09769199974835
2026-08-30T05:29:52.638Z,5340.051,500,1.5540689993649721,4.555637000128627,6.0577950002625585,33.345034999772906,50,7.795344999991357,9.846772999502718,10.067681999877095,10.067681999877095
2026-08-30T05:30:02.637Z,5350.051,500,1.5806789994239807,4.592786000110209,5.763716000132263,37.277132999151945,50,7.8041439997032285,9.108762999996543,9.939853000454605,9.939853000454605
2026-08-30T05:30:12.636Z,5360.051,500,1.5790989995002747,4.580687000416219,6.801035000011325,31.120477999560535,50,7.715124000795186,8.951962999999523,9.922322999686003,9.922322999686003
2026-08-30T05:30:22.637Z,5370.052,500,1.5655290000140667,4.525616999715567,4.721176000311971,35.73668400011957,50,7.778094000183046,10.060813000425696,10.168583000078797,10.168583000078797
2026-08-30T05:30:32.637Z,5380.052,500,1.559467999264598,4.560306999832392,5.090805999934673,31.632325999438763,50,7.729675000533462,8.981243000365794,9.862443000078201,9.862443000078201
2026-08-30T05:30:42.637Z,5390.052,500,1.5885389996692538,4.592575999908149,5.8964759996160865,35.325353999622166,50,7.7860439997166395,8.925063000060618,10.017193000763655,10.017193000763655
2026-08-30T05:30:52.636Z,5400.053,500,1.5725090000778437,4.552125999704003,6.313636000268161,31.329746999777853,50,7.78475399967283,9.26779399998486,10.056613000109792,10.056613000109792
2026-08-30T05:31:02.637Z,5410.053,500,1.5444189999252558,4.571945999749005,7.048585000447929,81.35142100043595,50,7.794983999803662,9.207452999427915,9.938152000308037,9.938152000308037
2026-08-30T05:31:12.637Z,5420.052,500,1.5500290002673864,4.555127000436187,5.293886000290513,85.65016800072044,50,7.801644000224769,9.64126200042665,10.106983000412583,10.106983000412583
2026-08-30T05:31:22.638Z,5430.052,500,1.5882979994639754,4.602586999535561,5.341766000725329,81.70913000032306,50,7.771944999694824,9.135162999853492,10.102412999607623,10.102412999607623
2026-08-30T05:31:32.639Z,5440.052,500,1.6385590005666018,4.605267000384629,4.809776999987662,79.7151910001412,50,7.716764000244439,9.879112999886274,11.124842000193894,11.124842000193894
2026-08-30T05:31:42.639Z,5450.053,500,1.5909589994698763,4.615726999938488,6.917194999754429,82.55542900040746,50,7.779653999954462,9.888281999155879,10.088062999770045,10.088062999770045
2026-08-30T05:31:52.637Z,5460.052,500,1.5849389992654324,4.604935999959707,5.91374500002712,79.2766120005399,50,7.793324000202119,8.85073299985379,10.110882999375463,10.110882999375463
2026-08-30T05:32:02.637Z,5470.053,500,1.5595289999619126,4.61100700031966,5.316626000218093,85.17646800074726,50,7.796264000236988,9.887583000585437,10.388171999715269,10.388171999715269
2026-08-30T05:32:12.638Z,5480.053,500,1.5507789999246597,4.528246999718249,6.892333999276161,82.18263900000602,50,7.764034000225365,9.85594299994409,10.040682000108063,10.040682000108063
2026-08-30T05:32:22.637Z,5490.053,500,1.5415690001100302,4.562867000699043,6.7521649999544024,79.45975099969655,50,7.716554000042379,9.112033000215888,10.016482000239193,10.016482000239193
2026-08-30T05:32:32.639Z,5500.053,500,1.5449790004640818,4.559337000362575,6.8301250003278255,78.91295200027525,50,7.7614339999854565,9.847042999230325,9.901813000440598,9.901813000440598
2026-08-30T05:32:42.637Z,5510.053,500,1.556288999505341,4.544395999982953,6.832864999771118,84.55150800012052,50,7.797964000143111,9.15302399918437,9.87292299978435,9.87292299978435
2026-08-30T05:32:52.636Z,5520.052,500,1.5622690003365278,4.5649159997701645,5.0547469994053245,78.6228630002588,50,7.83241399936378,9.019542999565601,9.889082999899983,9.889082999899983
2026-08-30T05:33:02.639Z,5530.053,500,1.5583089999854565,4.563846000470221,5.340637000277638,77.150902999565,50,7.788974000141025,9.062013000249863,10.057853000238538,10.057853000238538
2026-08-30T05:33:12.639Z,5540.053,500,1.5826690001413226,4.589467000216246,6.41896599996835,79.47226199973375,50,7.829414000734687,9.860523000359535,10.10033299960196,10.10033299960196
2026-08-30T05:33:22.640Z,5550.053,500,1.5689089996740222,4.583737000823021,6.763945000246167,79.92218100000173,50,7.833074000664055,10.017572999931872,18.056316999718547,18.056316999718547
2026-08-30T05:33:32.638Z,5560.054,500,1.5403589997440577,4.549665999598801,6.924614999443293,79.24874199926853,50,7.778504000045359,8.995733000338078,9.043783999979496,9.043783999979496
2026-08-30T05:33:42.638Z,5570.053,500,1.5509090004488826,4.5694169998168945,6.955223999917507,88.40973500069231,50,7.796343999914825,8.851203000172973,10.200472000055015,10.200472000055015
2026-08-30T05:33:52.638Z,5580.053,500,1.7005689991638064,4.6477759992703795,4.858715999871492,86.75679699983448,50,7.356844000518322,9.118483000434935,10.19886300060898,10.19886300060898
2026-08-30T05:34:02.639Z,5590.054,500,1.7185190003365278,4.664186999201775,5.024625999853015,87.08014599978924,50,7.1411049999296665,9.10858300048858,10.072813000530005,10.072813000530005
2026-08-30T05:34:12.638Z,5600.055,500,1.5747189996764064,4.595536000095308,5.182206000201404,84.50455799978226,50,7.793254000134766,9.089683999307454,9.915252999402583,9.915252999402583
2026-08-30T05:34:22.640Z,5610.055,500,1.5684090005233884,4.613075999543071,6.2115449998527765,78.9499019999057,50,7.744463999755681,9.8630330003798,10.218391999602318,10.218391999602318
2026-08-30T05:34:32.639Z,5620.055,500,1.61616799980402,4.6350660007447,5.523206000216305,78.0536420000717,50,7.0879840003326535,9.869963000528514,10.420982000418007,10.420982000418007
2026-08-30T05:34:42.639Z,5630.054,500,1.549979000352323,4.562067000195384,5.670106000266969,81.28115999978036,50,7.781043999828398,9.998041999526322,10.273471999913454,10.273471999913454
2026-08-30T05:34:52.638Z,5640.055,500,1.5594890005886555,4.562106999568641,6.7318449998274446,78.66334199998528,50,7.639123999513686,8.825054000131786,9.86585299950093,9.86585299950093
2026-08-30T05:35:02.640Z,5650.054,500,1.5808889996260405,4.555827000178397,5.274105999618769,77.29295399971306,50,7.784775000065565,8.949773999862373,9.05128400027752,9.05128400027752
2026-08-30T05:35:12.640Z,5660.054,500,1.5695190001279116,4.570345999673009,6.972854999825358,87.85574600007385,50,7.820834000594914,9.115993999876082,10.319392999634147,10.319392999634147
2026-08-30T05:35:22.641Z,5670.054,500,1.5640690000727773,4.558597000315785,6.850514999590814,79.85032199975103,50,7.883524999953806,10.031601999886334,10.127252999693155,10.127252999693155
2026-08-30T05:35:32.641Z,5680.055,500,1.54330899938941,4.551827000454068,4.757416000589728,78.64036200009286,50,7.757245000451803,9.864571999758482,10.066003000363708,10.066003000363708
2026-08-30T05:35:42.640Z,5690.055,500,1.5977890007197857,4.6200360003858805,5.234666000120342,78.06228299997747,50,7.824574000202119,9.230452999472618,9.921963000670075,9.921963000670075
2026-08-30T05:35:52.640Z,5700.054,500,1.5984490001574159,4.6272670002654195,5.380836000666022,78.33443300053477,50,7.845984000712633,9.055893000215292,9.969012999907136,9.969012999907136
2026-08-30T05:36:02.639Z,5710.055,500,1.5983079997822642,4.62523700017482,6.939155000261962,85.82561700046062,50,7.774925000034273,9.862302999943495,10.143942000344396,10.143942000344396
2026-08-30T05:36:12.639Z,5720.055,500,1.6148290000855923,4.628096000291407,6.904594999738038,78.32812299951911,50,7.798515000380576,9.050902999937534,9.845073000527918,9.845073000527918
2026-08-30T05:36:22.641Z,5730.055,500,1.5618079993873835,4.557497000321746,5.234066000208259,78.50740300025791,50,7.80808399990201,9.89266199991107,10.070483000017703,10.070483000017703
2026-08-30T05:36:32.640Z,5740.055,500,1.5540390005335212,4.543986999429762,5.319826000370085,78.0094530005008,50,7.829574000090361,9.495682999491692,9.873842000029981,9.873842000029981
2026-08-30T05:36:42.641Z,5750.055,500,1.5709689995273948,4.591527000069618,6.94671499915421,78.82469199970365,50,7.786294000223279,9.244732999242842,9.879432000219822,9.879432000219822
2026-08-30T05:36:52.640Z,5760.055,500,1.6742289997637272,4.641276000067592,5.855824999511242,87.70145499985665,50,7.771464999765158,9.138532999902964,10.225461999885738,10.225461999885738
2026-08-30T05:37:02.641Z,5770.056,500,1.7096990002319217,4.654556000605226,5.764764999970794,87.37770599965006,50,7.934554000385106,9.878232999704778,10.079312999732792,10.079312999732792
2026-08-30T05:37:12.641Z,5780.055,500,1.6162890000268817,4.6442170003429055,6.770055999979377,77.12589399982244,50,7.85018500033766,8.993893999606371,10.096192999742925,10.096192999742925
2026-08-30T05:37:22.642Z,5790.055,500,1.5862889997661114,4.596827000379562,6.963325000368059,78.55301299970597,50,7.834494999609888,9.931703000329435,10.113512000069022,10.113512000069022
2026-08-30T05:37:32.640Z,5800.055,500,1.5713089993223548,4.583447000011802,4.774575999937952,87.3086660001427,50,7.946344000287354,9.145023999735713,10.037281999364495,10.037281999364495
2026-08-30T05:37:42.641Z,5810.055,500,1.577169000171125,4.605976999737322,6.942685000598431,83.41867899987847,50,7.848423999734223,9.181973000057042,9.847382999956608,9.847382999956608
2026-08-30T05:37:52.640Z,5820.056,500,1.5631590001285076,4.573165999725461,5.6816959995776415,77.58101300057024,50,7.935723999515176,9.880762999877334,10.046883000060916,10.046883000060916
2026-08-30T05:38:02.641Z,5830.056,500,1.5774090001359582,4.566697000525892,5.175916999578476,81.70074000023305,50,7.915544000454247,10.02683199942112,10.151213000528514,10.151213000528514
2026-08-30T05:38:12.640Z,5840.055,500,1.5697489995509386,4.560577000491321,6.9491849998012185,81.9031999995932,50,7.9424040000885725,9.197052999399602,9.866833000443876,9.866833000443876
2026-08-30T05:38:22.641Z,5850.056,500,1.5603990005329251,4.587987000122666,7.069583999924362,79.45435199979693,50,7.852434000000358,9.849243000149727,10.22917199973017,10.22917199973017
2026-08-30T05:38:32.640Z,5860.055,500,1.5818590000271797,4.592546999454498,4.941246000118554,77.36976299993694,50,7.890484000556171,9.862311999313533,10.09222299978137,10.09222299978137
2026-08-30T05:38:42.642Z,5870.055,500,1.6993789998814464,4.663807000033557,5.280945999547839,80.18478100001812,50,8.071924000047147,9.929293000139296,10.15690299961716,10.15690299961716
2026-08-30T05:38:52.640Z,5880.055,500,1.6007589995861053,4.617287000641227,5.041026000864804,78.59849200025201,50,7.7861039992421865,9.836373000405729,10.217122999951243,10.217122999951243
2026-08-30T05:39:02.641Z,5890.055,500,1.6360289994627237,4.660786000080407,6.8139650002121925,84.65144800022244,50,8.00154499989003,10.021701999939978,10.3123520007357,10.3123520007357
2026-08-30T05:39:12.641Z,5900.056,500,1.5631389999762177,4.586576000787318,4.900376999750733,78.84674200043082,50,7.981624000705779,9.840332999825478,10.01622200012207,10.01622200012207
2026-08-30T05:39:22.642Z,5910.056,500,1.5812790002673864,4.567457000724971,5.828344999812543,77.48824299965054,50,8.140444000251591,9.906252999790013,10.137562000192702,10.137562000192702
2026-08-30T05:39:32.640Z,5920.056,500,1.5991690000519156,4.6022669998928905,4.961476000025868,90.38139399979264,50,7.98017399944365,10.010662999935448,10.986332000233233,10.986332000233233
2026-08-30T05:39:42.641Z,5930.055,500,1.5669489996507764,4.526506000198424,6.96991499979049,78.71934300009161,50,8.429823999293149,9.854852999560535,9.963492999784648,9.963492999784648
2026-08-30T05:39:52.640Z,5940.055,500,1.5925290007144213,4.623355999588966,4.863936999812722,79.53319200035185,50,7.86355399992317,9.973462999798357,10.128692000173032,10.128692000173032
2026-08-30T05:40:02.641Z,5950.055,500,1.5705789998173714,4.542415999807417,7.030405000783503,79.11773100029677,50,8.190794000402093,9.80176299996674,10.09213300049305,10.09213300049305
2026-08-30T05:40:12.641Z,5960.055,500,1.5934089999645948,4.617766999639571,5.30967599991709,88.15723599959165,50,7.908475000411272,9.874703000299633,10.04746299982071,10.04746299982071
2026-08-30T05:40:22.642Z,5970.056,500,1.552449000068009,4.548725999891758,6.997655000537634,78.13637300021946,50,8.064314000308514,9.823352999985218,9.97615300025791,9.97615300025791
2026-08-30T05:40:32.641Z,5980.055,500,1.5803789999336004,4.62667699996382,4.842066000215709,78.48049200046808,50,7.992453999817371,9.802112999372184,9.98525199946016,9.98525199946016
2026-08-30T05:40:42.640Z,5990.056,500,1.6515489993616939,4.6436569998040795,5.870715000666678,78.71113299950957,50,7.990393999963999,9.784183000214398,9.962383000180125,9.962383000180125
2026-08-30T05:40:52.638Z,6000.055,500,1.6229689996689558,4.633256999775767,6.780555000528693,78.54270200058818,50,7.956764000467956,9.011092999950051,9.950753000564873,9.950753000564873
2026-08-30T05:41:02.641Z,6010.055,500,1.5840990003198385,4.598876999691129,4.8750259997323155,79.32452099956572,50,7.801915000192821,9.030053999274969,9.82678300049156,9.82678300049156
2026-08-30T05:41:12.642Z,6020.056,500,1.5743990000337362,4.5361460000276566,6.961165000684559,85.21760800015181,50,8.70741399936378,9.207752999849617,9.993382000364363,9.993382000364363
2026-08-30T05:41:22.640Z,6030.055,500,1.5954080000519753,4.619617000222206,6.826315000653267,80.48939100001007,50,7.964324000291526,9.96074299979955,10.034433000721037,10.034433000721037
2026-08-30T05:41:32.641Z,6040.055,500,1.5760389994829893,4.555016999132931,6.876113999634981,77.50948300026357,50,8.704183999449015,9.975802999921143,10.076791999861598,10.076791999861598
2026-08-30T05:41:42.640Z,6050.055,500,1.6113990005105734,4.607846999540925,4.843896999955177,79.12450200039893,50,8.05782400071621,10.017611999996006,10.334932000376284,10.334932000376284
2026-08-30T05:41:52.641Z,6060.055,500,1.5561589999124408,4.547256000339985,4.830916000530124,85.77857699990273,50,7.876203999854624,8.947972999885678,10.04494300018996,10.04494300018996
2026-08-30T05:42:02.640Z,6070.056,500,1.5685289995744824,4.576086999848485,4.7232170002534986,77.91606300044805,50,7.996753999963403,9.953893000259995,9.992362999357283,9.992362999357283
2026-08-30T05:42:12.642Z,6080.056,500,1.549478999339044,4.512936000712216,4.6331860003992915,77.58892299979925,50,7.945364999584854,9.094202999956906,9.768862999975681,9.768862999975681
2026-08-30T05:42:22.640Z,6090.056,500,1.558029000647366,4.539416000247002,6.974454999901354,77.74921299982816,50,8.057714000344276,9.835531999357045,9.857652999460697,9.857652999460697
2026-08-30T05:42:32.642Z,6100.056,500,1.6305780000984669,4.734997000545263,5.958684999495745,82.8391400007531,50,7.928284999914467,8.988073999993503,9.767043000087142,9.767043000087142
2026-08-30T05:42:42.640Z,6110.055,500,1.5763389999046922,4.571827000007033,6.952064999379218,89.39051500055939,50,8.11253400053829,9.047803999856114,9.846352000720799,9.846352000720799
2026-08-30T05:42:52.639Z,6120.055,500,1.594229000620544,4.61045700032264,6.877255000174046,78.6224330002442,50,8.013674000278115,9.759472999721766,9.915102999657393,9.915102999657393
2026-08-30T05:43:02.640Z,6130.056,500,1.5916689997538924,4.571326999925077,5.489655999466777,80.2940309997648,50,8.0980340000242,9.14822299964726,9.941893000155687,9.941893000155687
2026-08-30T05:43:12.642Z,6140.056,500,1.5996489999815822,4.633137000724673,6.976724999956787,83.2690289998427,50,8.005814000032842,9.05379300005734,10.021942000836134,10.021942000836134
2026-08-30T05:43:22.640Z,6150.056,500,1.5747090000659227,4.599616999737918,4.856035999953747,87.86866599973291,50,8.010813999921083,9.909473000094295,10.295762999914587,10.295762999914587
2026-08-30T05:43:32.642Z,6160.055,500,1.6207180004566908,4.67365700006485,6.875075000338256,90.9348030006513,50,7.921914000064135,9.09006300009787,10.078453000634909,10.078453000634909
2026-08-30T05:43:42.641Z,6170.056,500,1.5790489995852113,4.601166999898851,5.39474599994719,79.92090199980885,50,8.180324000306427,9.946443000808358,9.987401999533176,9.987401999533176
2026-08-30T05:43:52.642Z,6180.055,500,1.5784590002149343,4.5607469994574785,6.967354999855161,87.52280500065535,50,7.981013999320567,9.971501999534667,10.329952000640333,10.329952000640333
2026-08-30T05:44:02.642Z,6190.055,500,1.5509289996698499,4.551346999593079,6.934385000728071,79.61830100044608,50,8.732144000008702,9.978822999633849,10.056312999688089,10.056312999688089
2026-08-30T05:44:12.640Z,6200.055,500,1.5578189995139837,4.555066999979317,5.225655999965966,77.90525300055742,50,8.150553999468684,9.973662999458611,10.09659199975431,10.09659199975431
2026-08-30T05:44:22.640Z,6210.055,500,1.567119000479579,4.586926999501884,5.734166000038385,78.59807200077921,50,8.09562399983406,9.08413300011307,10.049662999808788,10.049662999808788
2026-08-30T05:44:32.641Z,6220.055,500,1.5663189999759197,4.5693069994449615,5.058097000233829,77.60605300031602,50,7.87113399989903,9.807792999781668,9.880762999877334,9.880762999877334
2026-08-30T05:44:42.641Z,6230.056,500,1.5990579994395375,4.578737000003457,7.021024999208748,79.17730200011283,50,7.9770039999857545,9.773543000221252,10.032103000208735,10.032103000208735
2026-08-30T05:44:52.638Z,6240.055,500,1.6377590000629425,4.619996000081301,6.923744999803603,82.72095900028944,50,7.999444000422955,9.935322999954224,10.011111999861896,10.011111999861896
2026-08-30T05:45:02.640Z,6250.056,500,1.6036789994686842,4.632577000185847,6.931835000403225,77.29266300052404,50,8.111994000151753,9.800963000394404,9.979912000708282,9.979912000708282
2026-08-30T05:45:12.642Z,6260.056,500,1.5769879994913936,4.595476999878883,5.181196000427008,84.05595800001174,50,8.092873999848962,9.833772999234498,10.11688300035894,10.11688300035894
2026-08-30T05:45:22.643Z,6270.056,500,1.572239000350237,4.584156000055373,5.202595999464393,81.91094900015742,50,8.034554000012577,9.932353000156581,10.224302000366151,10.224302000366151
2026-08-30T05:45:32.643Z,6280.057,500,1.6017089998349547,4.620046999305487,6.786984999664128,83.45068900007755,50,8.681594000197947,9.995333000086248,10.05721199978143,10.05721199978143
2026-08-30T05:45:42.643Z,6290.056,500,1.5681790001690388,4.5544669991359115,4.6861370000988245,75.84287399984896,50,8.765653000213206,9.97766299918294,9.98153300024569,9.98153300024569
2026-08-30T05:45:52.639Z,6300.056,500,1.5460789995267987,4.564786000177264,5.743425999768078,82.00832900032401,50,8.687334000132978,9.779853000305593,10.075292999856174,10.075292999856174
2026-08-30T05:46:02.642Z,6310.056,500,1.5569280004128814,4.552826999686658,5.320826000533998,80.93677099980414,50,8.305044000037014,9.849052000790834,10.011882999911904,10.011882999911904
2026-08-30T05:46:12.641Z,6320.056,500,1.5457589998841286,4.539026000536978,5.068726000376046,78.87752200011164,50,8.112343999557197,9.810832999646664,9.902032999321818,9.902032999321818
2026-08-30T05:46:22.642Z,6330.056,500,1.5627290001139045,4.55003699939698,6.8644449999555945,68.95186899974942,50,8.059324000030756,9.833143000490963,10.074113000184298,10.074113000184298
2026-08-30T05:46:32.642Z,6340.056,500,1.5426290007308125,4.542626000009477,6.7742149997502565,78.79619199968874,50,8.670332999899983,9.825973000377417,9.915192999877036,9.915192999877036
2026-08-30T05:46:42.641Z,6350.057,500,1.5475590005517006,4.540376000106335,4.906766000203788,77.21825299970806,50,8.665932999923825,9.84354200027883,9.999493000097573,9.999493000097573
2026-08-30T05:46:52.641Z,6360.056,500,1.5444990005344152,4.513457000255585,5.1824260000139475,84.1428789999336,50,8.163403999991715,9.797443000599742,9.97526300046593,9.97526300046593
2026-08-30T05:47:02.642Z,6370.056,500,1.5511690005660057,4.548957000486553,5.180296999402344,77.84994300082326,50,8.18283399939537,9.861183000728488,10.127911999821663,10.127911999821663
2026-08-30T05:47:12.642Z,6380.057,500,1.5414689993485808,4.503256999887526,6.805765999481082,77.44934299960732,50,8.11028499994427,10.00091200042516,10.272823000326753,10.272823000326753
2026-08-30T05:47:22.642Z,6390.057,500,1.5515890000388026,4.542557000182569,6.874904999509454,74.96559500042349,50,8.807543000206351,9.998472000472248,10.016083000227809,10.016083000227809
2026-08-30T05:47:32.641Z,6400.056,500,1.5495090000331402,4.530845999717712,6.818435000255704,77.53937300015241,50,8.578553999774158,9.861543000675738,10.06889299955219,10.06889299955219
2026-08-30T05:47:42.643Z,6410.057,500,1.562758999876678,4.5718069998547435,5.0301459999755025,78.54217199981213,50,8.708283999934793,9.896472999826074,9.936683000065386,9.936683000065386
2026-08-30T05:47:52.643Z,6420.057,500,1.5485089998692274,4.533397000283003,6.952504999935627,83.32657899986953,50,8.733593000099063,9.823733000084758,10.144001999869943,10.144001999869943
2026-08-30T05:48:02.643Z,6430.057,500,1.5697290003299713,4.596377000212669,6.7923650005832314,77.31905299983919,50,8.722163999453187,9.9813830005005,10.248881999403238,10.248881999403238
2026-08-30T05:48:12.643Z,6440.057,500,1.6075889999046922,4.635807000100613,6.894694999791682,85.18546700011939,50,8.124474000185728,9.94537299964577,10.076392000541091,10.076392000541091
2026-08-30T05:48:22.641Z,6450.056,500,1.5856889998540282,4.5673869997262955,6.843954999931157,78.30056299921125,50,8.692762999795377,9.187353999353945,9.77339299954474,9.77339299954474
2026-08-30T05:48:32.641Z,6460.057,500,1.572707999497652,4.5111070005223155,6.958504999987781,78.47612199932337,50,8.704854000359774,9.906711999326944,9.985723000019789,9.985723000019789
2026-08-30T05:48:42.641Z,6470.056,500,1.5864789998158813,4.5537360003218055,5.364876000210643,81.51980100013316,50,7.96537399943918,9.955733000300825,10.260532000102103,10.260532000102103
2026-08-30T05:48:52.639Z,6480.056,500,1.557528999634087,4.56600600015372,6.865243999287486,83.54135799966753,50,8.755553999915719,9.86568299960345,9.995192999951541,9.995192999951541
2026-08-30T05:49:02.643Z,6490.057,500,1.5556690003722906,4.555046999827027,5.808815999887884,79.56465199962258,50,8.7730129994452,10.909461999312043,11.286141999997199,11.286141999997199
2026-08-30T05:49:12.641Z,6500.056,500,1.5349989999085665,4.559817000292242,4.8346769995987415,86.76249700039625,50,8.820144000463188,10.037982000038028,11.093632000498474,11.093632000498474
2026-08-30T05:49:22.641Z,6510.056,500,1.5439389999955893,4.585656000301242,5.843485999852419,85.08788700029254,50,8.873664000071585,10.256281999871135,10.995192000642419,10.995192000642419
2026-08-30T05:49:32.642Z,6520.056,500,1.5479589998722076,4.531897000037134,6.55116599984467,80.13056199997663,50,8.823473999276757,10.057161999866366,10.89258199930191,10.89258199930191
2026-08-30T05:49:42.642Z,6530.056,500,1.5388990007340908,4.566256999969482,6.656625000759959,77.39308300055563,50,8.831064000725746,10.865071999840438,11.07842200063169,11.07842200063169
2026-08-30T05:49:52.641Z,6540.056,500,1.6132490001618862,4.671206000261009,5.931706000119448,83.3878290001303,50,8.677043999545276,9.9030929999426,10.070812999270856,10.070812999270856
2026-08-30T05:50:02.641Z,6550.056,500,1.591919000260532,4.588507000356913,5.757654999382794,80.71281100064516,50,8.81409400049597,9.892963000573218,10.135083000175655,10.135083000175655
2026-08-30T05:50:12.643Z,6560.057,500,1.5758990002796054,4.578207000158727,5.988484999164939,55.66908899974078,50,8.65977399982512,11.013191000558436,11.246261999942362,11.246261999942362
2026-08-30T05:50:22.642Z,6570.056,500,1.545508999377489,4.581627000123262,6.7251650001853704,76.7611830001697,50,8.814842999912798,10.895361999981105,11.028272000141442,11.028272000141442
2026-08-30T05:50:32.643Z,6580.056,500,1.5388890001922846,4.5468370001763105,6.773224999196827,78.87311199959368,50,8.802552999928594,10.877741999924183,11.123572000302374,11.123572000302374
2026-08-30T05:50:42.641Z,6590.057,500,1.5417390000075102,4.5718959998339415,6.785624999552965,77.42319399956614,50,8.79917399957776,10.614043000154197,10.93081200029701,10.93081200029701
2026-08-30T05:50:52.640Z,6600.057,500,1.5518490001559258,4.557667000219226,5.15140699967742,58.208088000305,50,8.817803000099957,10.005861999467015,10.993241999298334,10.993241999298334
2026-08-30T05:51:02.642Z,6610.058,500,1.5441190004348755,4.563556999899447,6.847114999778569,77.77680300083011,50,8.834503999911249,9.966392000205815,11.007531999610364,11.007531999610364
2026-08-30T05:51:12.643Z,6620.057,500,1.5415989998728037,4.557547000236809,5.280976000241935,76.43117399979383,50,9.014924000017345,10.817371999844909,11.025021000765264,11.025021000765264
2026-08-30T05:51:22.645Z,6630.058,500,1.5753979999572039,4.606666999869049,4.873957000672817,76.17192399967462,50,8.915203000418842,10.860521999187768,11.066672000102699,11.066672000102699
2026-08-30T05:51:32.642Z,6640.057,500,1.5585890002548695,4.563676999881864,5.309836000204086,75.28200399968773,50,8.830222999677062,10.292902000248432,11.406801999546587,11.406801999546587
2026-08-30T05:51:42.643Z,6650.057,500,1.5628389995545149,4.578776000067592,6.808604999445379,76.99216299969703,50,8.851124000735581,9.94488300010562,11.03083200007677,11.03083200007677
2026-08-30T05:51:52.642Z,6660.057,500,1.546089000068605,4.551917000673711,4.80513700004667,77.12338300049305,50,8.89516399987042,9.936281999573112,10.050781999714673,10.050781999714673
2026-08-30T05:52:02.642Z,6670.058,500,1.5420190002769232,4.578116999939084,6.967544999904931,76.91818299982697,50,8.8588029993698,9.98293299973011,10.903872000053525,10.903872000053525
2026-08-30T05:52:12.642Z,6680.056,500,1.5474589997902513,4.584716999903321,6.441105000674725,83.41989899985492,50,8.856643000617623,10.805022000335157,10.886111999861896,10.886111999861896
2026-08-30T05:52:22.642Z,6690.058,500,1.5402190005406737,4.5517070004716516,5.805726000107825,78.08652199991047,50,8.825853000395,9.970703000202775,10.98387200012803,10.98387200012803
2026-08-30T05:52:32.642Z,6700.057,500,1.5450090002268553,4.5638459995388985,5.680745999328792,87.98667600005865,50,8.80029399972409,10.068733000196517,10.864962000399828,10.864962000399828
2026-08-30T05:52:42.642Z,6710.057,500,1.548968999646604,4.547675999812782,4.955006000585854,82.22671999968588,50,8.852652999572456,9.978532999753952,11.754750999622047,11.754750999622047
2026-08-30T05:52:52.642Z,6720.057,500,1.5372990006580949,4.554345999844372,5.310425999574363,76.09147399943322,50,8.86431400012225,10.710401999764144,11.006571000441909,11.006571000441909
2026-08-30T05:53:02.642Z,6730.057,500,1.5459390003234148,4.547756999731064,5.449966000393033,77.94329200033098,50,8.828093999996781,10.042572000063956,11.016801999881864,11.016801999881864
2026-08-30T05:53:12.642Z,6740.057,500,1.547388999722898,4.512416999787092,5.271106000058353,77.17048299964517,50,8.82178399991244,10.864492000080645,11.00989199988544,11.00989199988544
2026-08-30T05:53:22.643Z,6750.058,500,1.5489680003374815,4.5107769994065166,5.0321760000661016,83.42070799972862,50,8.849262999370694,10.229662999510765,10.881922000087798,10.881922000087798
2026-08-30T05:53:32.644Z,6760.058,500,1.5584390005096793,4.551866999827325,6.804024999961257,86.22870700061321,50,8.824483000673354,10.030791999772191,10.928461999632418,10.928461999632418
2026-08-30T05:53:42.642Z,6770.059,500,1.565237999893725,4.592586999759078,4.942067000083625,82.67427899967879,50,8.789184000343084,10.740091999992728,11.006661999970675,11.006661999970675
2026-08-30T05:53:52.645Z,6780.06,500,1.5863189995288849,4.6339760003611445,6.7775050001218915,75.70118500012904,50,8.827743999660015,10.104582999832928,11.067390999756753,11.067390999756753
2026-08-30T05:54:02.647Z,6790.062,500,1.6046989997848868,4.661597000434995,4.874216000549495,89.17213399987668,50,8.786363000050187,9.977281999774277,10.088773000054061,10.088773000054061
2026-08-30T05:54:12.647Z,6800.062,500,1.603978999890387,4.6311770007014275,5.325206000357866,87.44342599995434,50,8.89496299996972,10.081043000333011,12.202521000057459,12.202521000057459
2026-08-30T05:54:22.647Z,6810.063,500,1.543167999945581,4.549716000445187,5.071576999500394,80.33633100055158,50,8.848704000003636,10.766272000037134,11.51442200038582,11.51442200038582
2026-08-30T05:54:32.649Z,6820.063,500,1.5466289995238185,4.553666000254452,4.830136000178754,87.50518600083888,50,8.821924000047147,10.86472100019455,11.22718199994415,11.22718199994415
2026-08-30T05:54:42.648Z,6830.062,500,1.5535490000620484,4.555147000588477,5.374276000075042,80.18730099964887,50,8.871803000569344,10.12961299996823,11.038071999326348,11.038071999326348
2026-08-30T05:54:52.647Z,6840.063,500,1.571828999556601,4.5787070002406836,4.983206000179052,79.52508100029081,50,8.813683000393212,10.876631999388337,17.315836999565363,17.315836999565363
2026-08-30T05:55:02.648Z,6850.062,500,1.5499989995732903,4.536996999755502,4.9632259998470545,85.05590800009668,50,8.908722999505699,10.027792000211775,10.147111999802291,10.147111999802291
2026-08-30T05:55:12.648Z,6860.063,500,1.5507590007036924,4.570675999857485,5.0103559996932745,87.65760499984026,50,8.882052999921143,10.225371999666095,11.069121999666095,11.069121999666095
2026-08-30T05:55:22.648Z,6870.064,500,1.564868999645114,4.578187000006437,4.947805999778211,81.23750999942422,50,8.889783999882638,9.975723000243306,10.363872000016272,10.363872000016272
2026-08-30T05:55:32.648Z,6880.063,500,1.5944689996540546,4.622987000271678,7.017684999853373,79.3047409998253,50,8.909663999453187,10.204742000438273,11.042560999281704,11.042560999281704
2026-08-30T05:55:42.648Z,6890.064,500,1.5671490002423525,4.56691600009799,5.33239599969238,79.1923919999972,50,8.911363000050187,10.231611999683082,11.082582000643015,11.082582000643015
2026-08-30T05:55:52.650Z,6900.064,500,1.5612089997157454,4.577517000027001,5.81704599969089,87.19362600054592,50,8.822234000079334,10.82581300009042,11.000842000357807,11.000842000357807
2026-08-30T05:56:02.648Z,6910.063,500,1.6232890002429485,4.663606999441981,5.84761600010097,80.14427199959755,50,8.354824000038207,9.817742000333965,10.062792000360787,10.062792000360787
2026-08-30T05:56:12.648Z,6920.063,500,1.6001590006053448,4.63317700009793,6.549364999867976,80.91961100045592,50,8.868814000859857,11.015531999990344,11.073421999812126,11.073421999812126
2026-08-30T05:56:22.649Z,6930.063,500,1.5506090000271797,4.509456999599934,5.318156000226736,79.05488200020045,50,8.846203000284731,10.06604199949652,11.04836199991405,11.04836199991405
2026-08-30T05:56:32.648Z,6940.064,500,1.5681490004062653,4.56466699950397,6.889515000395477,80.61544099915773,50,8.907153000123799,10.86084199976176,11.107172000221908,11.107172000221908
2026-08-30T05:56:42.649Z,6950.064,500,1.5578990001231432,4.6038469998165965,6.990094999782741,87.28813599981368,50,8.838872999884188,10.063853000290692,10.130973000079393,10.130973000079393
2026-08-30T05:56:52.649Z,6960.064,500,1.546688999980688,4.580967000685632,6.791814999654889,81.85789000056684,50,9.0227530002594,10.223962999880314,11.158021999523044,11.158021999523044
2026-08-30T05:57:02.649Z,6970.064,500,1.5622389996424317,4.588955999352038,5.606155999936163,86.86725600063801,50,8.859853000380099,10.741712000221014,11.19709200039506,11.19709200039506
2026-08-30T05:57:12.650Z,6980.064,500,1.5713790003210306,4.559116999618709,5.986306000500917,81.1438710000366,50,8.898024000227451,10.619482000358403,10.67878200020641,10.67878200020641
2026-08-30T05:57:22.650Z,6990.063,500,1.6299290005117655,4.620097000151873,5.190825999714434,91.53782299999148,50,8.913613999262452,10.51942199934274,12.088961000554264,12.088961000554264
2026-08-30T05:57:32.649Z,7000.064,500,1.5646279994398355,4.532435999251902,5.266146000474691,82.85619900003076,50,8.904733999632299,10.70514199975878,11.99698100052774,11.99698100052774
2026-08-30T05:57:42.650Z,7010.064,500,1.5905189998447895,4.572417000308633,4.741845999844372,82.63335900008678,50,8.923702999949455,10.955272000283003,11.048692000098526,11.048692000098526
2026-08-30T05:57:52.648Z,7020.063,500,1.55816899985075,4.542975999414921,5.5314459996297956,82.39451900031418,50,8.945003000088036,9.944892999716103,10.687541999854147,10.687541999854147
2026-08-30T05:58:02.651Z,7030.064,500,1.5790689997375011,4.588585999794304,5.035275999456644,87.53462500032037,50,8.864753999747336,10.51588200032711,10.939433000050485,10.939433000050485
2026-08-30T05:58:12.650Z,7040.065,500,1.5678089996799827,4.566486000083387,6.2899249996989965,80.94267000071704,50,8.945473000407219,10.658442999236286,10.82745200023055,10.82745200023055
2026-08-30T05:58:22.652Z,7050.066,500,1.5461090002208948,4.551316999830306,6.321405000053346,82.21523999981582,50,8.817673000507057,9.998073000460863,10.619172000326216,10.619172000326216
2026-08-30T05:58:32.653Z,7060.066,500,1.54988900013268,4.601846000179648,5.7225549994036555,81.95896000042558,50,8.958204000256956,10.960672000423074,10.998701999895275,10.998701999895275
2026-08-30T05:58:42.651Z,7070.066,500,1.5513189993798733,4.569316999986768,5.126586000435054,87.95141600072384,50,8.957682999782264,10.056833000853658,10.810082000680268,10.810082000680268
2026-08-30T05:58:52.650Z,7080.067,500,1.5515989996492863,4.542425999417901,5.8545559998601675,81.234151000157,50,8.779384000226855,10.118952999822795,10.951212000101805,10.951212000101805
2026-08-30T05:59:02.651Z,7090.066,500,1.5613590003922582,4.544026999734342,5.030636999756098,79.38359200023115,50,8.984714000485837,10.26996299996972,10.883232000283897,10.883232000283897
2026-08-30T05:59:12.654Z,7100.067,500,1.5564980003982782,4.526375999674201,5.371005999855697,81.97996000014246,50,8.776072999462485,10.834401999600232,11.105570999905467,11.105570999905467
2026-08-30T05:59:22.653Z,7110.068,500,1.5519389994442463,4.535647000186145,6.736395000480115,87.67535599973053,50,8.827393999323249,9.947882000356913,10.133492999710143,10.133492999710143
2026-08-30T05:59:32.653Z,7120.067,500,1.556738999672234,4.5441870000213385,5.030937000177801,87.15316600073129,50,8.930902999825776,10.186151999980211,10.986232999712229,10.986232999712229
2026-08-30T05:59:42.654Z,7130.068,500,1.5562680000439286,4.569906000047922,6.299735000357032,83.57341900002211,50,8.894713000394404,9.872342000715435,10.835851999931037,10.835851999931037
2026-08-30T05:59:52.652Z,7140.067,500,1.5456790002062917,4.522746999748051,6.037475999444723,80.25149099994451,50,8.806583000347018,10.645562000572681,10.784692000597715,10.784692000597715
2026-08-30T06:00:02.653Z,7150.067,500,1.5656690001487732,4.5063859997317195,5.3440560000017285,55.51270900014788,50,8.862294000573456,10.833371999673545,11.095052000135183,11.095052000135183
2026-08-30T06:00:12.654Z,7160.068,500,1.561119000427425,4.518155999481678,4.735896999947727,80.22335099987686,50,8.983423000201583,10.625372999347746,10.711211999878287,10.711211999878287
2026-08-30T06:00:22.652Z,7170.068,500,1.5416289996355772,4.50373600050807,6.950224999338388,82.10682999994606,50,8.769102999940515,10.541233000345528,10.669451999478042,10.669451999478042
2026-08-30T06:00:32.653Z,7180.068,500,1.5583990002050996,4.514376999810338,5.397575999610126,89.06130400020629,50,8.788784000091255,10.868561999872327,11.07832199987024,11.07832199987024
2026-08-30T06:00:42.654Z,7190.068,500,1.568728000856936,4.530675999820232,6.969895000569522,81.86661899928004,50,8.776734000071883,10.839362000115216,10.931991999968886,10.931991999968886
2026-08-30T06:00:52.652Z,7200.067,500,1.5552590005099773,4.507887000218034,5.451886000111699,93.9967410005629,50,8.903393999673426,10.007483000867069,10.811192000284791,10.811192000284791
2026-08-30T06:01:02.654Z,7210.067,500,1.5788579992949963,4.586826999671757,5.942575000226498,79.4211320001632,50,8.902692999690771,10.047922000288963,10.853782000020146,10.853782000020146
2026-08-30T06:01:12.652Z,7220.068,500,1.5634789997711778,4.517336999997497,6.907263999804854,80.55446700006723,50,8.827003000304103,10.855161999352276,10.86598200071603,10.86598200071603
2026-08-30T06:01:22.652Z,7230.068,500,1.5691680004820228,4.57164700049907,5.868816000409424,82.00266500003636,50,8.983683000318706,10.82436199951917,11.006051999516785,11.006051999516785
2026-08-30T06:01:32.651Z,7240.067,500,1.5519389994442463,4.524206000380218,5.029725999571383,90.48701900057495,50,8.910663000307977,10.758032000623643,12.407189999707043,12.407189999707043
2026-08-30T06:01:42.654Z,7250.068,500,1.5682089999318123,4.555755999870598,5.287936000153422,81.72563599981368,50,8.902343000285327,10.661542000249028,12.078711000271142,12.078711000271142
2026-08-30T06:01:52.653Z,7260.068,500,1.5577290002256632,4.5573159996420145,7.0272249998524785,80.29759700037539,50,8.876842999830842,9.974983000196517,11.075741999782622,11.075741999782622
2026-08-30T06:02:02.652Z,7270.067,500,1.563999000005424,4.570267000235617,5.7732549998909235,88.90610099956393,50,8.892683000303805,10.652281999588013,10.818322000093758,10.818322000093758
2026-08-30T06:02:12.652Z,7280.067,500,1.5567580005154014,4.5199260003864765,6.862404000014067,80.01470800023526,50,8.754273999482393,9.955922999419272,10.709181999787688,10.709181999787688
2026-08-30T06:02:22.652Z,7290.068,500,1.559578999876976,4.51991599984467,4.912415999919176,82.9017650000751,50,8.899582999758422,10.709452000446618,10.997380999848247,10.997380999848247
2026-08-30T06:02:32.652Z,7300.067,500,1.5718780001625419,4.526676000095904,4.90395599976182,81.57206699997187,50,8.81817299965769,10.832232000306249,11.59504000004381,11.59504000004381
2026-08-30T06:02:42.652Z,7310.067,500,1.5907290000468493,4.606176999397576,5.055925999768078,90.9507289994508,50,8.841303000226617,9.879013000056148,11.300600999966264,11.300600999966264
2026-08-30T06:02:52.652Z,7320.068,500,1.569829000160098,4.57844700012356,6.958414000459015,80.5288769993931,50,8.8012530002743,9.95452200062573,10.666302000172436,10.666302000172436
2026-08-30T06:03:02.653Z,7330.068,500,1.5580590004101396,4.538906999863684,4.832497000694275,80.03192800004035,50,8.880722999572754,9.998181999661028,10.81535100005567,10.81535100005567
2026-08-30T06:03:12.652Z,7340.067,500,1.5572889996692538,4.5719769997522235,5.320036000572145,80.80276700016111,50,9.001732999458909,10.293122000060976,10.568012000061572,10.568012000061572
2026-08-30T06:03:22.652Z,7350.068,500,1.5833290005102754,4.57901700027287,6.954583999700844,81.4790759999305,50,8.957452999427915,10.507621999830008,10.91899099946022,10.91899099946022
2026-08-30T06:03:32.652Z,7360.067,500,1.5473579997196794,4.539986999705434,6.932423999533057,84.64516399987042,50,8.938133000396192,10.060821999795735,10.847750999964774,10.847750999964774
2026-08-30T06:03:42.653Z,7370.068,500,1.5802289992570877,4.577557000331581,5.526676000095904,82.3422159999609,50,8.96671300008893,10.848361999727786,10.96943200007081,10.96943200007081
2026-08-30T06:03:52.653Z,7380.069,500,1.5560779999941587,4.533906999975443,5.285035999491811,82.49731499981135,50,8.84472299925983,10.541480999439955,13.404889999888837,13.404889999888837
2026-08-30T06:04:02.653Z,7390.069,500,1.5808790000155568,4.540847000665963,4.999276000075042,93.63985699974,50,8.906872999854386,10.847952000796795,11.199950999580324,11.199950999580324
2026-08-30T06:04:12.655Z,7400.068,500,1.5489189997315407,4.4931560000404716,6.471754999831319,91.32072799932212,50,8.767462999559939,10.663542000576854,10.939861999824643,10.939861999824643
2026-08-30T06:04:22.654Z,7410.069,500,1.579458000138402,4.558695999905467,6.937324999831617,80.36793699953705,50,8.928673000074923,10.609542000107467,10.900671999901533,10.900671999901533
2026-08-30T06:04:32.653Z,7420.069,500,1.5677190003916621,4.550757000222802,6.919955000281334,86.82038199994713,50,9.005683000199497,9.961741999723017,10.786191999912262,10.786191999912262
2026-08-30T06:04:42.655Z,7430.069,500,1.5587489996105433,4.518645999953151,6.909415000118315,88.48099099937826,50,8.904713000170887,9.90930199995637,10.740341999568045,10.740341999568045
2026-08-30T06:04:52.653Z,7440.069,500,1.5696890000253916,4.571135999634862,5.227806000038981,90.78141899965703,50,8.882163000293076,10.0086620002985,11.044041000306606,11.044041000306606
2026-08-30T06:05:02.653Z,7450.068,500,1.5740689998492599,4.59440700057894,5.7656549997627735,79.91426699981093,50,8.904324000701308,10.061972999945283,10.144431999884546,10.144431999884546
2026-08-30T06:05:12.653Z,7460.069,500,1.5621990002691746,4.554845999926329,6.015235000289977,83.5762550001964,50,8.995513000525534,10.041662000119686,10.12763199955225,10.12763199955225
2026-08-30T06:05:22.655Z,7470.069,500,1.5567690003663301,4.494935999624431,4.705475999973714,87.27013099938631,50,8.799983000382781,9.89209199976176,9.977522999979556,9.977522999979556
2026-08-30T06:05:32.655Z,7480.068,500,1.5505389999598265,4.491835999302566,5.823925000615418,55.45361700002104,50,8.775084000080824,9.889471999369562,10.072882000356913,10.072882000356913
2026-08-30T06:05:42.653Z,7490.068,500,1.5579380001872778,4.493305999785662,5.703354999423027,80.6705470001325,50,8.81027300003916,9.810842999257147,9.975622000172734,9.975622000172734
2026-08-30T06:05:52.653Z,7500.068,500,1.5738589996472,4.558346999809146,7.0513039994984865,81.79185600019991,50,8.832322999835014,9.802422000095248,9.922861999832094,9.922861999832094
2026-08-30T06:06:02.653Z,7510.068,500,1.5652580000460148,4.593546999618411,5.158506000414491,83.00498500000685,50,9.112572000361979,10.010671999305487,10.104541999287903,10.104541999287903
2026-08-30T06:06:12.654Z,7520.069,500,1.5536190001294017,4.584257000125945,8.224683000706136,82.7388650001958,50,8.9052529996261,9.828842000104487,10.083952000364661,10.083952000364661
2026-08-30T06:06:22.654Z,7530.069,500,1.5547980004921556,4.528407000005245,6.92423400003463,82.15787599980831,50,8.799323000013828,9.957412000745535,10.120211999863386,10.120211999863386
2026-08-30T06:06:32.654Z,7540.069,500,1.5843590004369617,4.608076999895275,5.366446000523865,90.69502899982035,50,8.864512999542058,10.005122000351548,10.300802000798285,10.300802000798285
2026-08-30T06:06:42.654Z,7550.069,500,1.561269000172615,4.542355999350548,4.88845600001514,80.74872700031847,50,8.856853000819683,9.932042000815272,10.055951999500394,10.055951999500394
2026-08-30T06:06:52.655Z,7560.07,500,1.5564489997923374,4.526486000046134,4.774336999282241,80.026286999695,50,8.769402999430895,9.999861999414861,10.056481999345124,10.056481999345124
2026-08-30T06:07:02.656Z,7570.069,500,1.5672490000724792,4.540485999546945,6.919294999912381,82.18379500042647,50,8.767602999694645,9.792382000014186,9.830721999518573,9.830721999518573
2026-08-30T06:07:12.656Z,7580.069,500,1.5637190006673336,4.514247000217438,5.08880600053817,80.67580700013787,50,9.012042999267578,9.994281999766827,10.110721999779344,10.110721999779344
2026-08-30T06:07:22.655Z,7590.069,500,1.553408999927342,4.5247870003804564,6.9891940001398325,80.7219170005992,50,8.76002399995923,9.941422999836504,10.216362000443041,10.216362000443041
2026-08-30T06:07:32.655Z,7600.069,500,1.5459089996293187,4.536266000010073,6.689565000124276,88.27689099963754,50,8.79670299962163,9.938573000021279,10.251371999271214,10.251371999271214
2026-08-30T06:07:42.655Z,7610.069,500,1.5546789998188615,4.551696000620723,6.930355000309646,55.00969699956477,50,8.782173000276089,9.824833000078797,9.925131999887526,9.925131999887526
2026-08-30T06:07:52.655Z,7620.069,500,1.5736990002915263,4.552247000858188,5.2401960007846355,88.77600099984556,50,8.880234000273049,10.012842000462115,10.39808200020343,10.39808200020343
2026-08-30T06:08:02.655Z,7630.069,500,1.5537080001085997,4.529005999676883,5.3668560003861785,91.89869799930602,50,9.716702999547124,10.040632999502122,10.516811999492347,10.516811999492347
2026-08-30T06:08:12.655Z,7640.069,500,1.5620480002835393,4.599816000089049,5.683065999299288,87.50478199962527,50,8.79651299957186,9.934262000024319,10.076232000254095,10.076232000254095
2026-08-30T06:08:22.654Z,7650.069,500,1.5668090004473925,4.570607000030577,5.094146000221372,84.29065399989486,50,8.932172999717295,10.014221999794245,10.122512000612915,10.122512000612915
2026-08-30T06:08:32.656Z,7660.069,500,1.5451789991930127,4.507876999676228,5.281315999105573,86.07876200042665,50,8.814663000404835,9.840541999787092,10.170421999879181,10.170421999879181
2026-08-30T06:08:42.656Z,7670.069,500,1.535229000262916,4.523385999724269,6.594955000095069,83.88098399993032,50,8.782162999734282,9.886091999709606,9.931351999752223,9.931351999752223
2026-08-30T06:08:52.654Z,7680.069,500,1.5446689995005727,4.525526000186801,4.838006000034511,84.24564400035888,50,8.769222999922931,10.056663000024855,10.402812000364065,10.402812000364065
2026-08-30T06:09:02.655Z,7690.07,500,1.5546190002933145,4.555245999246836,6.974224000237882,84.49144400004297,50,8.793403000570834,9.90208199992776,10.115962999872863,10.115962999872863
2026-08-30T06:09:12.657Z,7700.071,500,1.5870489999651909,4.531836999580264,5.266765999607742,92.00526800006628,50,8.88655300065875,9.984372000209987,10.171311999671161,10.171311999671161
2026-08-30T06:09:22.657Z,7710.07,500,1.571398999541998,4.555915999226272,5.570806000381708,91.97751799970865,50,8.80749399960041,9.887182000093162,9.986841999925673,9.986841999925673
2026-08-30T06:09:32.655Z,7720.07,500,1.5741189997643232,4.566655999980867,5.1066659996286035,94.93999500013888,50,8.842852999456227,9.94885199982673,10.000622000545263,10.000622000545263
2026-08-30T06:09:42.657Z,7730.07,500,1.5639980006963015,4.522425999864936,4.986275999806821,84.90516299940646,50,8.870903000235558,9.906651999801397,10.012342000380158,10.012342000380158
2026-08-30T06:09:52.656Z,7740.071,500,1.5624090004712343,4.5294969994574785,4.88034600019455,91.15050799958408,50,8.82171400077641,9.820251999422908,10.077762000262737,10.077762000262737
2026-08-30T06:10:02.657Z,7750.071,500,1.5643779998645186,4.570535999722779,7.174233999103308,90.37373000010848,50,8.887113000266254,9.940383000299335,19.35378499981016,19.35378499981016
2026-08-30T06:10:12.656Z,7760.07,500,1.5335189998149872,4.465196999721229,4.634746000170708,98.72045200038701,50,8.779203999787569,9.76575200073421,9.883681999519467,9.883681999519467
2026-08-30T06:10:22.655Z,7770.07,500,1.5297490004450083,4.481116999872029,9.95792300067842,98.16237299982458,50,9.08580300025642,9.971582000143826,10.15714200027287,10.15714200027287
2026-08-30T06:10:32.654Z,7780.07,500,1.5756090003997087,4.572356999851763,5.233725999481976,82.37461600080132,50,8.87465300038457,9.981101999990642,10.0373630002141,10.0373630002141
2026-08-30T06:10:42.656Z,7790.071,500,1.590409000404179,4.557647000066936,5.831775999628007,91.3600289998576,50,8.85321299917996,9.979501999914646,10.039842000231147,10.039842000231147
2026-08-30T06:10:52.654Z,7800.07,500,1.5906389998272061,4.581116000190377,6.9884850000962615,84.30602499935776,50,8.91314300056547,9.986171999946237,10.035261999815702,10.035261999815702
2026-08-30T06:11:02.657Z,7810.071,500,1.5583279998973012,4.514186999760568,5.48112600017339,82.29002500046045,50,8.944863000884652,10.624621000140905,10.734850999899209,10.734850999899209
2026-08-30T06:11:12.655Z,7820.07,500,1.5795090002939105,4.597226000390947,6.022765000350773,95.11759600043297,50,8.878534000366926,10.39810200035572,10.671401000581682,10.671401000581682
2026-08-30T06:11:22.656Z,7830.071,500,1.5841389996930957,4.547396000474691,5.328075000084937,93.64389600045979,50,8.942652999423444,10.826881000772119,11.030101999640465,11.030101999640465
2026-08-30T06:11:32.655Z,7840.07,500,1.576979000121355,4.630086999386549,6.8949649995192885,92.15796800050884,50,8.820513000711799,10.148891999386251,10.79968100041151,10.79968100041151
2026-08-30T06:11:42.657Z,7850.071,500,1.5746989995241165,4.6053459998220205,6.954815000295639,77.27859999984503,50,9.019032999873161,10.892191999591887,11.1291009997949,11.1291009997949
2026-08-30T06:11:52.657Z,7860.071,500,1.6014580000191927,4.6272459998726845,6.845564999617636,84.27202399913222,50,8.970013000071049,10.458421999588609,10.966562000103295,10.966562000103295
2026-08-30T06:12:02.657Z,7870.071,500,1.5653079999610782,4.5161970006302,5.015576000325382,85.61294300016016,50,8.774722999893129,10.03337199985981,10.199812000617385,10.199812000617385
2026-08-30T06:12:12.657Z,7880.071,500,1.5722189992666245,4.511047000065446,4.659126000478864,86.54895200021565,50,8.79685299936682,10.754622000269592,10.917952000163496,10.917952000163496
2026-08-30T06:12:22.657Z,7890.071,500,1.5550379995256662,4.535755999386311,5.7055449998006225,84.48089400026947,50,8.895362999290228,10.68624099995941,11.09266099985689,11.09266099985689
2026-08-30T06:12:32.657Z,7900.071,500,1.5487890001386404,4.526886000297964,4.891955999657512,90.2168190004304,50,9.009533000178635,10.560042000375688,10.96985200047493,10.96985200047493
2026-08-30T06:12:42.657Z,7910.07,500,1.5426989998668432,4.553806999698281,5.532834999263287,91.12506899982691,50,8.877673000097275,10.139642000198364,10.977532000280917,10.977532000280917
2026-08-30T06:12:52.655Z,7920.07,500,1.546539000235498,4.49324700050056,5.366376000456512,83.90479500032961,50,8.761713000014424,9.895301999524236,10.860730999149382,10.860730999149382
2026-08-30T06:13:02.655Z,7930.07,500,1.5434089992195368,4.478696000762284,4.788065999746323,94.49979599937797,50,8.886682999320328,10.437092000618577,10.465510999783874,10.465510999783874
2026-08-30T06:13:12.657Z,7940.071,500,1.5367090003564954,4.460455999709666,5.062005999498069,85.53276299964637,50,8.857133000157773,10.665322000160813,10.851342000067234,10.851342000067234
2026-08-30T06:13:22.655Z,7950.071,500,1.5688789999112487,4.551575999706984,6.414555000141263,87.72558100055903,50,8.913932999596,10.575881000608206,10.717941999435425,10.717941999435425
2026-08-30T06:13:32.657Z,7960.071,500,1.6092189997434616,4.647447000257671,6.938963999971747,83.15920499991626,50,8.944633000530303,10.453931999392807,10.546911000274122,10.546911000274122
2026-08-30T06:13:42.655Z,7970.07,500,1.55782900005579,4.519586999900639,5.144836000166833,92.83546799980104,50,8.823013000190258,9.957651999779046,10.497162000276148,10.497162000276148
2026-08-30T06:13:52.655Z,7980.07,500,1.5834689997136593,4.601325999945402,4.77757600042969,83.15703499969095,50,8.96531300060451,10.62625200022012,10.860940999351442,10.860940999351442
2026-08-30T06:14:02.656Z,7990.069,500,1.55816899985075,4.5241169994696975,5.54345600027591,86.2899229992181,50,8.886922999285161,10.138402000069618,10.83248099964112,10.83248099964112
2026-08-30T06:14:12.655Z,8000.07,500,1.5625490006059408,4.5302770007401705,5.282996000722051,85.30011299997568,50,8.820434000343084,10.520481999963522,10.728692000731826,10.728692000731826
2026-08-30T06:14:22.657Z,8010.071,500,1.563829000107944,4.499237000010908,4.839325999841094,90.13956000003964,50,8.84984300006181,10.758430999703705,11.023521999828517,11.023521999828517
2026-08-30T06:14:32.655Z,8020.07,500,1.5552289998158813,4.510995999909937,6.970124999992549,87.78287200070918,50,8.867952999658883,10.460881000384688,10.593131000176072,10.593131000176072
2026-08-30T06:14:42.655Z,8030.07,500,1.5923080006614327,4.5959669994190335,5.0746859991922975,85.89801300037652,50,8.898543000221252,10.040393000468612,10.981081999838352,10.981081999838352
2026-08-30T06:14:52.653Z,8040.07,500,1.5749289998784661,4.54409599956125,5.260896000079811,84.62511400040239,50,8.987013000063598,10.792531999759376,10.864661999978125,10.864661999978125
2026-08-30T06:15:02.656Z,8050.07,500,1.5589990001171827,4.558396000415087,5.09778599999845,84.72272300068289,50,8.767922999337316,10.015432000160217,12.050400000065565,12.050400000065565
2026-08-30T06:15:12.657Z,8060.071,500,1.5558489998802543,4.499307000078261,5.23305599950254,87.53557199984789,50,8.946122999303043,10.494761999696493,11.005702000111341,11.005702000111341
2026-08-30T06:15:22.655Z,8070.07,500,1.583339000120759,4.5989769995212555,6.25099499989301,84.03118500020355,50,8.895202999934554,10.030642000027001,10.682670999318361,10.682670999318361
2026-08-30T06:15:32.655Z,8080.071,500,1.561697999946773,4.499636000022292,5.146026000380516,84.85763300023973,50,9.012212000787258,9.932292999699712,10.631551000289619,10.631551000289619
2026-08-30T06:15:42.656Z,8090.071,500,1.5746889999136329,4.581907000392675,6.897234999574721,85.03239300008863,50,8.887032999657094,9.896592000499368,10.923591000027955,10.923591000027955
2026-08-30T06:15:52.657Z,8100.071,500,1.5826789997518063,4.576066000387073,6.813024000264704,85.32446300052106,50,8.909842999652028,10.653082000091672,11.35689099971205,11.35689099971205
2026-08-30T06:16:02.656Z,8110.07,500,1.5827090004459023,4.581386000849307,5.078986000269651,84.63787399977446,50,9.042982999235392,10.7528619999066,10.921860999427736,10.921860999427736
2026-08-30T06:16:12.656Z,8120.07,500,1.5898289997130632,4.584077000617981,5.380545999854803,84.62269299943,50,8.910813000053167,10.334131999872625,10.994221000000834,10.994221000000834
2026-08-30T06:16:22.657Z,8130.07,500,1.5556290000677109,4.514166999608278,5.319415000267327,88.72307099960744,50,8.945992999710143,10.461352000012994,10.75520099978894,10.75520099978894
2026-08-30T06:16:32.655Z,8140.071,500,1.5576289994642138,4.5095369992777705,6.932324999943376,83.56134499982,50,8.905383000150323,10.582972000353038,11.505201000720263,11.505201000720263
2026-08-30T06:16:42.655Z,8150.071,500,1.5937689999118447,4.594317000359297,6.329965999349952,93.60963700059801,50,9.073352999985218,10.251552000641823,10.978001000359654,10.978001000359654
2026-08-30T06:16:52.653Z,8160.07,500,1.5403990000486374,4.55209599994123,4.702765999361873,90.492889999412,50,8.91827300004661,9.906411999836564,10.09521200042218,10.09521200042218
2026-08-30T06:17:02.657Z,8170.07,500,1.551138000562787,4.522876000031829,5.274385999888182,83.30181499943137,50,8.863372999243438,10.19934199936688,14.487507999874651,14.487507999874651
2026-08-30T06:17:12.656Z,8180.071,500,1.5444489996880293,4.543535999953747,6.918625000864267,84.89086399972439,50,8.852452999912202,9.977183000184596,10.829130999743938,10.829130999743938
2026-08-30T06:17:22.656Z,8190.071,500,1.5248290002346039,4.593106999993324,6.751454999670386,89.09475000016391,50,8.960833000019193,10.296492000110447,10.953141999430954,10.953141999430954
2026-08-30T06:17:32.658Z,8200.071,500,1.5398590005934238,4.53305699955672,5.071696000173688,93.85337700042874,50,8.903142999857664,10.649221999570727,11.02480199933052,11.02480199933052
2026-08-30T06:17:42.656Z,8210.072,500,1.6270390003919601,4.705876000225544,4.838286000303924,85.7932520005852,50,8.99114300031215,10.65670199971646,11.111291999928653,11.111291999928653
2026-08-30T06:17:52.656Z,8220.071,500,1.5335790002718568,4.508306999690831,5.1064160000532866,83.18120499979705,50,8.89083299972117,10.580511000007391,11.064520999789238,11.064520999789238
2026-08-30T06:18:02.656Z,8230.072,500,1.5413389997556806,4.544865999370813,6.871495000086725,83.11964499950409,50,8.933362999930978,10.473671999759972,10.638201999478042,10.638201999478042
2026-08-30T06:18:12.658Z,8240.071,500,1.5473690005019307,4.5587259996682405,5.019656999967992,82.70492499973625,50,8.795932999812067,10.16580200009048,10.75437100045383,10.75437100045383
2026-08-30T06:18:22.657Z,8250.071,500,1.537058999761939,4.550607000477612,6.888554000295699,90.68268899992108,50,8.776204000227153,10.638280999846756,10.833332000300288,10.833332000300288
2026-08-30T06:18:32.658Z,8260.072,500,1.5425790008157492,4.529187000356615,6.933594999834895,84.20477399975061,50,8.91924300044775,10.703831000253558,10.832291999831796,10.832291999831796
2026-08-30T06:18:42.658Z,8270.072,500,1.5449890000745654,4.519686999730766,5.024086000397801,92.08843799959868,50,8.733903999440372,10.636620999313891,10.802091999910772,10.802091999910772
2026-08-30T06:18:52.657Z,8280.072,500,1.5418689996004105,4.542577000334859,6.997453999705613,84.24644399993122,50,8.899763000197709,10.464800999499857,10.839270999655128,10.839270999655128
2026-08-30T06:19:02.658Z,8290.072,500,1.5330090001225471,4.5742060001939535,4.955505999736488,83.41337499953806,50,8.92661300022155,10.717190999537706,10.914171000011265,10.914171000011265
2026-08-30T06:19:12.658Z,8300.073,500,1.5365589996799827,4.5685670003294945,5.177975999191403,84.88237299956381,50,8.928223000839353,10.595751999877393,10.965571000240743,10.965571000240743
2026-08-30T06:19:22.657Z,8310.072,500,1.5508179999887943,4.53526599984616,6.744605000130832,83.29859399981797,50,8.934862999245524,10.823540999554098,11.099721000529826,11.099721000529826
2026-08-30T06:19:32.659Z,8320.072,500,1.5473490003496408,4.524856999516487,4.861905999481678,92.81995700020343,50,8.986863000318408,10.490922000259161,10.899132000282407,10.899132000282407
2026-08-30T06:19:42.658Z,8330.072,500,1.5512890005484223,4.546126000583172,6.785745000466704,92.87318699993193,50,9.642691999673843,10.803500999696553,11.02000099979341,11.02000099979341
2026-08-30T06:19:52.657Z,8340.073,500,1.5524389995262027,4.5556469997391105,5.67130499985069,82.14160600025207,50,8.930553000420332,11.01426099985838,11.203611000441015,11.203611000441015
2026-08-30T06:20:02.657Z,8350.072,500,1.5582189997658134,4.5742870001122355,6.909424999728799,85.58474299963564,50,8.872383000329137,10.154471999965608,10.749501999467611,10.749501999467611
2026-08-30T06:20:12.657Z,8360.072,500,1.547139000147581,4.543305999599397,4.766306000761688,87.97224100027233,50,8.903402999974787,10.817690999247134,10.849372000433505,10.849372000433505
2026-08-30T06:20:22.659Z,8370.072,500,1.5343390004709363,4.556985999457538,6.776765000075102,90.39742899965495,50,8.850682999938726,10.148202000185847,11.118621999397874,11.118621999397874
2026-08-30T06:20:32.658Z,8380.072,500,1.545559000223875,4.592067001387477,6.811545001342893,83.81907400023192,50,8.969023000448942,10.961141000501812,11.324501000344753,11.324501000344753
2026-08-30T06:20:42.659Z,8390.073,500,1.541108999401331,4.56058599986136,6.814345000311732,86.28843299858272,50,8.910792998969555,10.945321001112461,11.359562000259757,11.359562000259757
2026-08-30T06:20:52.656Z,8400.072,500,1.5374980010092258,4.539037000387907,5.889705000445247,84.44869400002062,50,8.96794299967587,10.731572000309825,11.003672000020742,11.003672000020742
2026-08-30T06:21:02.657Z,8410.072,500,1.531819000840187,4.54857699945569,4.98730600066483,82.20776499994099,50,8.974842999130487,10.927361000329256,11.056052001193166,11.056052001193166
2026-08-30T06:21:12.657Z,8420.072,500,1.5485780015587807,4.569765999913216,6.722504999488592,83.92715499922633,50,9.695322999730706,10.931872000917792,11.09956199862063,11.09956199862063
2026-08-30T06:21:22.657Z,8430.072,500,1.5430180002003908,4.5752670001238585,6.903204999864101,84.82344400137663,50,9.684662001207471,11.023171000182629,11.081001000478864,11.081001000478864
2026-08-30T06:21:32.658Z,8440.072,500,1.5347189996391535,4.546897001564503,5.030535999685526,85.50646300055087,50,8.987923000007868,10.899691998958588,11.270921001210809,11.270921001210809
2026-08-30T06:21:42.657Z,8450.073,500,1.5503590013831854,4.56721599958837,5.279566001147032,82.56687499955297,50,9.669572999700904,10.976200999692082,12.5315099991858,12.5315099991858
2026-08-30T06:21:52.659Z,8460.072,500,1.5529679991304874,4.563237000256777,5.255696000531316,83.59453500062227,50,8.937423000112176,10.962621999904513,11.267361000180244,11.267361000180244
2026-08-30T06:22:02.659Z,8470.073,500,1.5384889990091324,4.596657000482082,6.837163999676704,90.1994790006429,50,9.120743000879884,10.939660999923944,11.125230999663472,11.125230999663472
2026-08-30T06:22:12.657Z,8480.072,500,1.5440490003675222,4.543426001444459,5.782374998554587,90.08770900033414,50,9.180593000724912,10.971731999889016,11.217230999842286,11.217230999842286
2026-08-30T06:22:22.657Z,8490.072,500,1.5292090009897947,4.559637000784278,4.816416000947356,86.06178200058639,50,8.915083000436425,10.81360200047493,10.816881000995636,10.816881000995636
2026-08-30T06:22:32.659Z,8500.073,500,1.5469190012663603,4.580086000263691,4.937116999179125,84.10423500090837,50,9.742781998589635,10.989531999453902,11.235840998589993,11.235840998589993
2026-08-30T06:22:42.657Z,8510.072,500,1.5361090004444122,4.533126000314951,5.442245999351144,87.6785320006311,50,9.572902999818325,10.920591000467539,11.373540999367833,11.373540999367833
2026-08-30T06:22:52.655Z,8520.072,500,1.5135890003293753,4.48734699934721,5.9081650003790855,89.83736000023782,50,9.327903000637889,10.49193200096488,11.288491001352668,11.288491001352668
2026-08-30T06:23:02.659Z,8530.073,500,1.5200289990752935,4.49439600110054,4.97936600074172,82.85697500035167,50,9.689602999016643,10.938851000741124,11.84902000054717,11.84902000054717
2026-08-30T06:23:12.658Z,8540.073,500,1.5426989998668432,4.514546999707818,6.862354999408126,84.48055399954319,50,9.610283000394702,11.038171999156475,11.15978099964559,11.15978099964559
2026-08-30T06:23:22.657Z,8550.072,500,1.532998999580741,4.552317000925541,6.690905001014471,87.03836200013757,50,9.595982000231743,11.042980998754501,11.878670999780297,11.878670999780297
2026-08-30T06:23:32.657Z,8560.072,500,1.5282889995723963,4.5096760001033545,4.687055999413133,86.55889200046659,50,9.05834300071001,10.630231000483036,11.033692000433803,11.033692000433803
2026-08-30T06:23:42.658Z,8570.073,500,1.5267890002578497,4.491545999422669,6.855024999007583,82.12579499930143,50,9.621402001008391,11.120191000401974,11.929270999506116,11.929270999506116
2026-08-30T06:23:52.659Z,8580.072,500,1.5326290000230074,4.561517000198364,6.433015000075102,93.06558700092137,50,9.088323000818491,11.308281999081373,11.87836099974811,11.87836099974811
2026-08-30T06:24:02.658Z,8590.073,500,1.5533479992300272,4.51498599909246,6.762915000319481,86.98570200055838,50,9.616652000695467,10.975051999092102,11.213020998984575,11.213020998984575
2026-08-30T06:24:12.659Z,8600.073,500,1.526537999510765,4.489917000755668,4.885976999998093,93.37492700107396,50,9.770602999255061,10.96212200075388,11.76944100111723,11.76944100111723
2026-08-30T06:24:22.657Z,8610.072,500,1.5281779989600182,4.506256999447942,4.999946000054479,85.58566300012171,50,9.602601999416947,10.819281999021769,11.007261998951435,11.007261998951435
2026-08-30T06:24:32.657Z,8620.073,500,1.5222180001437664,4.5305669996887445,6.653514999896288,92.28042799979448,50,9.547573000192642,11.016690999269485,11.09226099960506,11.09226099960506
2026-08-30T06:24:42.659Z,8630.072,500,1.5292589999735355,4.5253359992057085,5.172275999560952,86.08746200054884,50,9.727672999724746,11.05843099951744,11.881231000646949,11.881231000646949
2026-08-30T06:24:52.656Z,8640.073,500,1.5515279993414879,4.50802700035274,5.787466000765562,89.59235999919474,50,9.630241999402642,11.007821001112461,11.660971000790596,11.660971000790596
2026-08-30T06:25:02.659Z,8650.072,500,1.5547879990190268,4.499286999925971,5.099716000258923,83.28004399873316,50,9.70045200176537,11.654660999774933,12.016830999404192,12.016830999404192
2026-08-30T06:25:12.659Z,8660.072,500,1.6173290014266968,4.586605999618769,4.790725998580456,95.52239499986172,50,9.644353000447154,11.788360999897122,11.954450998455286,11.954450998455286
2026-08-30T06:25:22.657Z,8670.073,500,1.6053390000015497,4.595805998891592,4.964056000113487,86.51705300062895,50,9.733472000807524,11.029881000518799,11.84796099923551,11.84796099923551
2026-08-30T06:25:32.659Z,8680.073,500,1.5919389985501766,4.569376999512315,4.791686000302434,90.55452900007367,50,9.791791999712586,11.846699999645352,11.978040998801589,11.978040998801589
2026-08-30T06:25:42.657Z,8690.072,500,1.5444390010088682,4.5314570013433695,6.624755000695586,84.5092040002346,50,9.792802000418305,10.911981999874115,10.995972000062466,10.995972000062466
2026-08-30T06:25:52.658Z,8700.073,500,1.5631980001926422,4.516915999352932,6.537945000454783,86.5916719995439,50,9.78379200026393,11.608540000393987,11.692019999027252,11.692019999027252
2026-08-30T06:26:02.657Z,8710.072,500,1.563288999721408,4.514706999063492,5.17633599974215,93.71487700007856,50,9.771762000396848,10.986101999878883,11.916151000186801,11.916151000186801
2026-08-30T06:26:12.659Z,8720.073,500,1.5564479995518923,4.520366000011563,5.5110260006040335,83.54830399900675,50,9.82486299984157,10.974501999095082,11.926610998809338,11.926610998809338
2026-08-30T06:26:22.658Z,8730.073,500,1.5439890008419752,4.5421069990843534,6.715475000441074,92.271867999807,50,9.743762999773026,11.696181001141667,11.824340000748634,11.824340000748634
2026-08-30T06:26:32.658Z,8740.074,500,1.5401590000838041,4.5623170007020235,6.45745500177145,83.28742399998009,50,9.61646299995482,11.039631001651287,11.908230999484658,11.908230999484658
2026-08-30T06:26:42.659Z,8750.073,500,1.5512189995497465,4.469135999679565,4.803985999897122,85.43170300126076,50,10.038381999358535,11.630070999264717,11.93483099900186,11.93483099900186
2026-08-30T06:26:52.658Z,8760.074,500,1.5212589986622334,4.540185999125242,5.062456000596285,90.43577900156379,50,9.810651998966932,11.651260999962687,12.066709998995066,12.066709998995066
2026-08-30T06:27:02.660Z,8770.074,500,1.5205889996141195,4.476927001029253,4.8717860002070665,89.93318999931216,50,9.704323001205921,11.150090999901295,11.98884099908173,11.98884099908173
2026-08-30T06:27:12.659Z,8780.074,500,1.5367689989507198,4.48573699966073,5.002366000786424,84.98319299891591,50,9.795442000031471,11.164711000397801,11.304811000823975,11.304811000823975
2026-08-30T06:27:22.659Z,8790.075,500,1.5242790002375841,4.524106999859214,6.484743999317288,82.5612960010767,50,9.860291998833418,10.883440999314189,11.964701000601053,11.964701000601053
2026-08-30T06:27:32.660Z,8800.074,500,1.5695689991116524,4.49112700112164,4.755026999861002,83.94038399867713,50,9.831831999123096,11.899020001292229,12.100390000268817,12.100390000268817
2026-08-30T06:27:42.661Z,8810.075,500,1.5703689996153116,4.500236000865698,4.75114700011909,86.3851120006293,50,9.822542998939753,11.081630999222398,11.964221000671387,11.964221000671387
2026-08-30T06:27:52.659Z,8820.074,500,1.5813289992511272,4.520916000008583,6.960524000227451,86.55443199910223,50,9.824162000790238,11.753591001033783,11.848350999876857,11.848350999876857
2026-08-30T06:28:02.661Z,8830.075,500,1.578888999298215,4.514456000179052,5.346465999260545,87.10177099891007,50,9.781282000243664,11.79623000137508,12.047030998393893,12.047030998393893
2026-08-30T06:28:12.662Z,8840.075,500,1.5686290003359318,4.515986001119018,7.319364000111818,89.83056999929249,50,9.82023200020194,10.94782100059092,11.782981000840664,11.782981000840664
2026-08-30T06:28:22.662Z,8850.075,500,1.6131279990077019,4.601406000554562,5.077435998246074,85.68727299943566,50,9.530592998489738,11.102221000939608,11.915219999849796,11.915219999849796
2026-08-30T06:28:32.660Z,8860.075,500,1.5359080005437136,4.526306001469493,6.159044999629259,87.56146099977195,50,9.665401998907328,10.97257199883461,11.901460001245141,11.901460001245141
2026-08-30T06:28:42.663Z,8870.076,500,1.5436180010437965,4.486057000234723,4.860407000407577,84.38416399993002,50,9.840951999649405,11.062101000919938,11.89682099968195,11.89682099968195
2026-08-30T06:28:52.659Z,8880.075,500,1.5507490001618862,4.525396000593901,7.009045001119375,94.13935700058937,50,9.80418200045824,11.104390999302268,11.906959999352694,11.906959999352694
2026-08-30T06:29:02.662Z,8890.075,500,1.5586290005594492,4.520366998389363,6.385815000161529,82.87145500071347,50,9.831893000751734,10.936892000958323,11.229131000116467,11.229131000116467
2026-08-30T06:29:12.660Z,8900.075,500,1.5605190005153418,4.493536999449134,5.2960259988904,83.7625349983573,50,9.797052999958396,11.16776099987328,11.995570000261068,11.995570000261068
2026-08-30T06:29:22.662Z,8910.076,500,1.5885090008378029,4.574565999209881,5.934026001021266,84.8122040014714,50,9.908911999315023,11.196781000122428,11.92272099852562,11.92272099852562
2026-08-30T06:29:32.661Z,8920.076,500,1.5814189985394478,4.542485998943448,6.642924999818206,92.3252680003643,50,9.83020200021565,11.110070999711752,11.206172000616789,11.206172000616789
2026-08-30T06:29:42.661Z,8930.076,500,1.5976990014314651,4.637775998562574,5.436836000531912,92.31131799891591,50,9.836672000586987,10.925421001389623,11.159470999613404,11.159470999613404
2026-08-30T06:29:52.663Z,8940.077,500,1.5684290006756783,4.4882769994437695,5.20775599963963,85.76750300079584,50,9.851301999762654,11.096800999715924,11.829700000584126,11.829700000584126
2026-08-30T06:30:02.662Z,8950.076,500,1.56126799993217,4.472366001456976,4.627116000279784,92.22214799933136,50,9.898901998996735,11.842791000381112,11.956971000880003,11.956971000880003
2026-08-30T06:30:12.663Z,8960.077,500,1.5951690003275871,4.5351860001683235,4.941715998575091,87.07735100015998,50,9.863152001053095,11.868860999122262,11.908710999414325,11.908710999414325
2026-08-30T06:30:22.661Z,8970.076,500,1.5982280001044273,4.535436000674963,4.910427000373602,91.19543799944222,50,9.807861998677254,11.824881000444293,13.0138900000602,13.0138900000602
2026-08-30T06:30:32.663Z,8980.076,500,1.5865189991891384,4.514487000182271,6.63582499884069,86.75210200063884,50,9.799233000725508,11.110391000285745,11.943891000002623,11.943891000002623
2026-08-30T06:30:42.661Z,8990.077,500,1.579619001597166,4.491916000843048,7.112234000116587,87.37178199924529,50,9.77743300050497,11.745490999892354,11.793390998616815,11.793390998616815
2026-08-30T06:30:52.661Z,9000.077,500,1.593638001009822,4.540116999298334,5.094335999339819,86.73546299897134,50,9.716881999745965,11.636571001261473,11.926319999620318,11.926319999620318
2026-08-30T06:31:02.663Z,9010.077,500,1.5546390004456043,4.558337001129985,4.911446999758482,90.5045300014317,50,9.885373000055552,11.779830999672413,11.921180998906493,11.921180998906493
2026-08-30T06:31:12.661Z,9020.076,500,1.555019000545144,4.537116000428796,5.058515999466181,88.60229999944568,50,9.852012000977993,11.649551000446081,11.90268100053072,11.90268100053072
2026-08-30T06:31:22.663Z,9030.077,500,1.5286779999732971,4.539586000144482,5.55294599942863,92.11234799958766,50,9.955201998353004,11.601580001413822,11.92052099853754,11.92052099853754
2026-08-30T06:31:32.662Z,9040.077,500,1.52466900087893,4.509276000782847,5.617745999246836,86.85539199970663,50,9.863972999155521,11.672500999644399,12.303430000320077,12.303430000320077
2026-08-30T06:31:42.662Z,9050.078,500,1.5527490004897118,4.537736998870969,4.876767000183463,94.02993599884212,50,9.902151999995112,11.142781000584364,11.731050999835134,11.731050999835134
2026-08-30T06:31:52.662Z,9060.077,500,1.544438000768423,4.534445999190211,4.95728600025177,85.82718299888074,50,10.02344200015068,11.23892099969089,11.867290999740362,11.867290999740362
2026-08-30T06:32:02.662Z,9070.077,500,1.5410789996385574,4.551745999604464,4.9401960000395775,91.62285799905658,50,9.994932001456618,11.11196199990809,11.838200999423862,11.838200999423862
2026-08-30T06:32:12.662Z,9080.077,500,1.564868999645114,4.54903700016439,6.981744999065995,94.02691699936986,50,9.938492000102997,11.797240998595953,12.106371000409126,12.106371000409126
2026-08-30T06:32:22.663Z,9090.077,500,1.5526890009641647,4.563966000452638,5.209806000813842,86.44613300077617,50,9.935851998627186,11.871461000293493,12.565980000421405,12.565980000421405
2026-08-30T06:32:32.663Z,9100.078,500,1.563238000497222,4.552075998857617,6.806193999946117,89.90891000069678,50,9.907252000644803,10.973372001200914,11.869710000231862,11.869710000231862
2026-08-30T06:32:42.664Z,9110.078,500,1.5392589997500181,4.515146000310779,6.1007349994033575,89.95500899851322,50,9.92327200062573,11.017841000109911,11.856271000579,11.856271000579
2026-08-30T06:32:52.663Z,9120.078,500,1.5550689995288849,4.560936000198126,6.647094000130892,90.7780290003866,50,9.934961998835206,11.126660998910666,11.883391000330448,11.883391000330448
2026-08-30T06:33:02.665Z,9130.079,500,1.549498999491334,4.520246999338269,6.8633539993315935,90.48056899942458,50,10.53800200112164,11.561571000143886,11.666670000180602,11.666670000180602
2026-08-30T06:33:12.663Z,9140.078,500,1.5368289984762669,4.562496999278665,4.958165999501944,85.44453299976885,50,9.993943000212312,11.157240999862552,11.923771001398563,11.923771001398563
2026-08-30T06:33:22.663Z,9150.079,500,1.54347899928689,4.543506000190973,6.949593998491764,86.06325299851596,50,9.90132199972868,11.125540999695659,11.810311000794172,11.810311000794172
2026-08-30T06:33:32.665Z,9160.079,500,1.5446889996528625,4.52942599914968,6.936254998669028,84.06257399916649,50,9.896012000739574,11.52428099885583,11.707311000674963,11.707311000674963
2026-08-30T06:33:42.666Z,9170.079,500,1.5052589997649193,4.4709870014339685,4.671086000278592,86.199761999771,50,9.981221999973059,11.624431001022458,11.80392099916935,11.80392099916935
2026-08-30T06:33:52.665Z,9180.078,500,1.538918999955058,4.546005999669433,4.883506000041962,86.86717200092971,50,10.697701999917626,11.74478100053966,12.353609999641776,12.353609999641776
2026-08-30T06:34:02.663Z,9190.078,500,1.5245790015906096,4.549487000331283,4.803806001320481,85.39841300062835,50,9.974122000858188,11.683861000463367,12.096749998629093,12.096749998629093
2026-08-30T06:34:12.663Z,9200.078,500,1.547748999670148,4.54606700129807,5.141806000843644,93.14022700116038,50,10.23615200072527,11.120061000809073,11.845649998635054,11.845649998635054
2026-08-30T06:34:22.665Z,9210.079,500,1.5398890003561974,4.577987000346184,6.701825000345707,84.35031400062144,50,10.002352001145482,11.156720999628305,11.610200999304652,11.610200999304652
2026-08-30T06:34:32.665Z,9220.078,500,1.5390389990061522,4.4987259991467,4.685286000370979,93.08028799854219,50,9.921401999890804,11.110881999135017,12.037760000675917,12.037760000675917
2026-08-30T06:34:42.665Z,9230.078,500,1.5199289992451668,4.531537000089884,6.892895000055432,85.76310200057924,50,9.88688199967146,10.960730999708176,11.608191000297666,11.608191000297666
2026-08-30T06:34:52.663Z,9240.078,500,1.5441379994153976,4.532256999984384,6.755573999136686,89.46513000130653,50,10.273032000288367,11.119210999459028,11.824510999023914,11.824510999023914
2026-08-30T06:35:02.665Z,9250.079,500,1.5294989999383688,4.5192559994757175,4.714027000591159,93.53785599954426,50,10.066322000697255,11.769720999523997,11.8228610008955,11.8228610008955
2026-08-30T06:35:12.665Z,9260.078,500,1.5406190007925034,4.521586000919342,4.9826460015028715,94.82063600048423,50,10.089082000777125,11.755510998889804,11.815810998901725,11.815810998901725
2026-08-30T06:35:22.663Z,9270.078,500,1.550679000094533,4.510456001386046,5.250975999981165,85.24978299997747,50,10.688882000744343,11.704440999776125,12.137229999527335,12.137229999527335
2026-08-30T06:35:32.665Z,9280.078,500,1.55022899992764,4.533405998721719,6.669485000893474,94.2045060005039,50,10.566211000084877,11.797950999811292,11.955390000715852,11.955390000715852
2026-08-30T06:35:42.664Z,9290.079,500,1.549227999523282,4.559327000752091,6.451735001057386,86.00646300055087,50,9.922072000801563,11.925259999930859,12.173420000821352,12.173420000821352
2026-08-30T06:35:52.665Z,9300.078,500,1.5387190002948046,4.51035699993372,6.889183999970555,93.90824699960649,50,10.499741999432445,11.676721001043916,11.715609999373555,11.715609999373555
2026-08-30T06:36:02.665Z,9310.079,500,1.551188999786973,4.540756000205874,6.886335000395775,56.015545999631286,50,10.551462000235915,11.847200999036431,11.884960999712348,11.884960999712348
2026-08-30T06:36:12.666Z,9320.08,500,1.5437390003353357,4.523115999996662,4.624036001041532,87.28346199914813,50,10.640591999515891,11.855991000309587,11.876780999824405,11.876780999824405
2026-08-30T06:36:22.664Z,9330.08,500,1.5318489987403154,4.5118660014122725,4.786356000229716,87.59575200080872,50,10.09511199966073,11.950990999117494,12.013211000710726,12.013211000710726
2026-08-30T06:36:32.664Z,9340.079,500,1.5458589997142553,4.509146999567747,4.828327000141144,83.7328050006181,50,10.702751999720931,11.904129998758435,11.996891001239419,11.996891001239419
2026-08-30T06:36:42.665Z,9350.08,500,1.5319179985672235,4.497716000303626,4.780687000602484,91.27370899915695,50,10.639971999451518,11.8248910009861,12.168020999059081,12.168020999059081
2026-08-30T06:36:52.664Z,9360.08,500,1.5423590000718832,4.5093870013952255,5.033536000177264,84.19410399906337,50,10.600072000175714,11.249681999906898,12.092280998826027,12.092280998826027
2026-08-30T06:37:02.666Z,9370.08,500,1.5409590005874634,4.486316999420524,6.7719049993902445,81.8697260003537,50,10.690821999683976,11.859550001099706,11.983231000602245,11.983231000602245
2026-08-30T06:37:12.666Z,9380.081,500,1.5221390016376972,4.467876000329852,4.982076000422239,83.28462499938905,50,10.548682000488043,11.954789999872446,12.02292999997735,12.02292999997735
2026-08-30T06:37:22.666Z,9390.081,500,1.5289089996367693,4.468615999445319,5.241205999627709,93.03655700013041,50,10.56798099912703,11.80633999966085,14.65373899973929,14.65373899973929
2026-08-30T06:37:32.666Z,9400.081,500,1.537288999184966,4.498196000233293,7.015664000064135,87.25397199951112,50,10.385462000966072,11.723350999876857,11.926789999008179,11.926789999008179
2026-08-30T06:37:42.666Z,9410.081,500,1.6281790006905794,4.618036000058055,5.605836000293493,89.08280099928379,50,10.589452000334859,11.852001000195742,12.059541000053287,12.059541000053287
2026-08-30T06:37:52.668Z,9420.082,500,1.6022879984229803,4.518666999414563,6.1104749999940395,90.76245900057256,50,10.65799100138247,12.124889999628067,12.158350000157952,12.158350000157952
2026-08-30T06:38:02.669Z,9430.083,500,1.6144989989697933,4.584755999967456,5.247925000265241,85.77737300097942,50,10.752921998500824,11.991651000455022,12.234230000525713,12.234230000525713
2026-08-30T06:38:12.668Z,9440.083,500,1.5480190012603998,4.479257000610232,4.660166000947356,88.05545100010931,50,10.595861999318004,11.86697099916637,12.109270000830293,12.109270000830293
2026-08-30T06:38:22.669Z,9450.083,500,1.5598889999091625,4.493226999416947,7.094845000654459,86.61393300071359,50,10.710481999441981,11.97699100151658,12.18326000124216,12.18326000124216
2026-08-30T06:38:32.667Z,9460.082,500,1.5370279997587204,4.48089599981904,6.650444999337196,86.602012000978,50,10.202712001278996,12.107600999996066,12.183110000565648,12.183110000565648
2026-08-30T06:38:42.669Z,9470.083,500,1.5617590006440878,4.49006700143218,5.044395999982953,84.99584300071001,50,10.633191000670195,11.881190000101924,12.163820000365376,12.163820000365376
2026-08-30T06:38:52.668Z,9480.083,500,1.5421689990907907,4.483575999736786,6.623665001243353,92.63160800002515,50,10.662332000210881,11.967539999634027,12.308380000293255,12.308380000293255
2026-08-30T06:39:02.668Z,9490.084,500,1.5759280007332563,4.5417759995907545,6.812604000791907,83.32102499902248,50,10.55405200086534,11.96383100003004,11.999379999935627,11.999379999935627
2026-08-30T06:39:12.670Z,9500.084,500,1.5861690007150173,4.50271699950099,4.8002160005271435,88.60250100120902,50,10.607661999762058,11.899340000003576,11.971661001443863,11.971661001443863
2026-08-30T06:39:22.669Z,9510.083,500,1.5712480004876852,4.498185999691486,5.29441599920392,88.47875100001693,50,9.806162001565099,11.849471000954509,11.943551000207663,11.943551000207663
2026-08-30T06:39:32.668Z,9520.083,500,1.5507590007036924,4.510947000235319,5.177835999056697,85.76892299950123,50,10.632241001352668,11.91105099953711,12.135720999911427,12.135720999911427
2026-08-30T06:39:42.668Z,9530.083,500,1.5360289998352528,4.499005999416113,5.059266000986099,94.25428600050509,50,10.547400999814272,11.88426100090146,11.961649999022484,11.961649999022484
2026-08-30T06:39:52.668Z,9540.083,500,1.5624290015548468,4.540626998990774,7.181325001642108,86.0584529992193,50,10.359301999211311,11.898039998486638,12.055130999535322,12.055130999535322
2026-08-30T06:40:02.669Z,9550.083,500,1.6138690002262592,4.522106999531388,5.158506000414491,85.41750400140882,50,10.459742000326514,11.925630999729037,12.071660999208689,12.071660999208689
2026-08-30T06:40:12.668Z,9560.083,500,1.5963389985263348,4.49091599881649,5.19242599979043,86.16064199991524,50,10.5120609998703,11.790010999888182,11.890991000458598,11.890991000458598
2026-08-30T06:40:22.669Z,9570.084,500,1.5903689991682768,4.534637000411749,5.559435999020934,94.09024699963629,50,10.506621999666095,11.93083999864757,11.96769000031054,11.96769000031054
2026-08-30T06:40:32.668Z,9580.084,500,1.537619000300765,4.469657000154257,6.058155000209808,86.04729199968278,50,9.65098199993372,11.865860000252724,11.985109999775887,11.985109999775887
2026-08-30T06:40:42.668Z,9590.084,500,1.5717890001833439,4.505326999351382,4.8776459991931915,85.01198399998248,50,9.982521999627352,11.93589099869132,12.19658000022173,12.19658000022173
2026-08-30T06:40:52.666Z,9600.083,500,1.5630390010774136,4.495487000793219,5.540264999493957,85.41333300061524,50,9.973562000319362,11.945940999314189,12.16431000083685,12.16431000083685
2026-08-30T06:41:02.668Z,9610.083,500,1.5300879999995232,4.505065999925137,4.7227360010147095,85.87440299987793,50,10.290952000766993,11.739821000024676,11.854670999571681,11.854670999571681
2026-08-30T06:41:12.668Z,9620.083,500,1.5055379997938871,4.47350599989295,5.258336000144482,91.01519800163805,50,9.897371999919415,11.942870998755097,14.821188000962138,14.821188000962138
2026-08-30T06:41:22.670Z,9630.084,500,1.5232490003108978,4.516676999628544,5.730975998565555,91.24667900055647,50,10.688921999186277,11.813641000539064,11.8877809997648,11.8877809997648
2026-08-30T06:41:32.668Z,9640.084,500,1.5306780003011227,4.4977469984442,6.641954999417067,88.02367100119591,50,10.708631999790668,11.857061000540853,11.908610001206398,11.908610001206398
2026-08-30T06:41:42.669Z,9650.084,500,1.5596079993993044,4.501596000045538,4.864305999130011,93.17424700036645,50,10.07434199936688,11.872380999848247,11.952430998906493,11.952430998906493
2026-08-30T06:41:52.668Z,9660.083,500,1.5372689999639988,4.527646999806166,5.9072059988975525,86.0903030000627,50,10.566142000257969,11.885041000321507,12.127080000936985,12.127080000936985
2026-08-30T06:42:02.668Z,9670.084,500,1.5822390001267195,4.572896998375654,5.32349600084126,83.343714999035,50,10.592111999168992,11.835940999910235,11.930381000041962,11.930381000041962
2026-08-30T06:42:12.670Z,9680.084,500,1.5367979984730482,4.487817000597715,5.002355998381972,93.28560699895024,50,10.869132000952959,11.967171000316739,12.989429999142885,12.989429999142885
2026-08-30T06:42:22.670Z,9690.084,500,1.549778999760747,4.4843870010226965,7.038723999634385,87.1281519997865,50,9.875032000243664,12.033739998936653,12.2756910007447,12.2756910007447
2026-08-30T06:42:32.669Z,9700.084,500,1.5482190009206533,4.513857001438737,4.68244600109756,86.85537200048566,50,10.08080199919641,11.84940000064671,11.992011001333594,11.992011001333594
2026-08-30T06:42:42.670Z,9710.085,500,1.5556090008467436,4.4880560003221035,5.3048350010067225,87.55779200047255,50,10.039231998845935,11.828950999304652,11.964620999991894,11.964620999991894
2026-08-30T06:42:52.667Z,9720.084,500,1.5463279988616705,4.489646000787616,5.2307959999889135,86.09904200024903,50,10.645362000912428,11.923010000959039,12.053600000217557,12.053600000217557
2026-08-30T06:43:02.669Z,9730.085,500,1.574439000338316,4.518136000260711,4.833635998889804,94.27602599933743,50,9.744922000914812,11.88425000011921,12.137661000713706,12.137661000713706
2026-08-30T06:43:12.671Z,9740.085,500,1.568368999287486,4.519677000120282,6.688573999330401,86.9831819999963,50,10.081082001328468,11.87891099974513,11.981980999931693,11.981980999931693
2026-08-30T06:43:22.669Z,9750.085,500,1.531599000096321,4.494746999815106,5.925595998764038,87.12275099940598,50,9.969411998987198,12.010480999946594,12.025910999625921,12.025910999625921
2026-08-30T06:43:32.670Z,9760.084,500,1.5428279992192984,4.485096000134945,4.6850160006433725,86.97286200150847,50,9.99907200038433,11.903031000867486,11.943260999396443,11.943260999396443
2026-08-30T06:43:42.669Z,9770.085,500,1.533789001405239,4.483237000182271,6.7584450002759695,90.50514000095427,50,9.747773000970483,11.908719999715686,12.131841000169516,12.131841000169516
2026-08-30T06:43:52.671Z,9780.085,500,1.5450790002942085,4.481266999617219,4.854825999587774,87.04914099909365,50,9.880302000790834,11.959351001307368,12.248440001159906,12.248440001159906
2026-08-30T06:44:02.670Z,9790.085,500,1.5208280012011528,4.449387000873685,8.372642999514937,93.96456700004637,50,9.895552000030875,11.905091000720859,12.138900000602007,12.138900000602007
2026-08-30T06:44:12.671Z,9800.085,500,1.5302389990538359,4.491097001358867,5.3303960002958775,86.77604300156236,50,8.778923001140356,11.813520001247525,12.039150999858975,12.039150999858975
2026-08-30T06:44:22.671Z,9810.085,500,1.5079089999198914,4.487337000668049,4.726375998929143,93.10360800102353,50,9.781482001766562,11.870380001142621,12.262670999392867,12.262670999392867
2026-08-30T06:44:32.671Z,9820.086,500,1.518588999286294,4.469585999846458,4.703057000413537,92.31690800003707,50,10.09146200120449,11.834671000018716,11.942710001021624,11.942710001021624
2026-08-30T06:44:42.671Z,9830.086,500,1.5295390002429485,4.466695999726653,5.72643500007689,88.08145100064576,50,9.908513000234962,11.871101001277566,11.922910001128912,11.922910001128912
2026-08-30T06:44:52.671Z,9840.087,500,1.504679000005126,4.459046000614762,6.982854999601841,33.92312300018966,50,10.02551200054586,11.76261099986732,11.907070999965072,11.907070999965072
2026-08-30T06:45:02.671Z,9850.086,500,1.513468999415636,4.479287000373006,5.939995000138879,85.99474300071597,50,9.565752999857068,11.78795100003481,12.053349999710917,12.053349999710917
2026-08-30T06:45:12.671Z,9860.086,500,1.5146190002560616,4.468736998736858,6.484843999147415,86.22809300012887,50,9.921501999720931,11.804490998387337,11.918250000104308,11.918250000104308
2026-08-30T06:45:22.671Z,9870.086,500,1.4852189999073744,4.426497001200914,6.742625001817942,55.107247000560164,50,10.591641999781132,11.767859999090433,11.952221000567079,11.952221000567079
2026-08-30T06:45:32.673Z,9880.087,500,1.5170590002089739,4.473256999626756,4.9793359991163015,87.44148200005293,50,9.605382001027465,11.908580999821424,12.295330999419093,12.295330999419093
2026-08-30T06:45:42.673Z,9890.087,500,1.525857999920845,4.475486999377608,6.738755000755191,86.10081299953163,50,9.638402000069618,12.0268710013479,13.401180000975728,13.401180000975728
2026-08-30T06:45:52.671Z,9900.087,500,1.5329090002924204,4.488955998793244,5.8344649989157915,94.7027359995991,50,10.69378099963069,11.948140000924468,12.264511000365019,12.264511000365019
2026-08-30T06:46:02.673Z,9910.087,500,1.5078680012375116,4.480656001716852,5.846686000004411,87.35396100021899,50,9.663153000175953,11.863210000097752,12.110230000689626,12.110230000689626
2026-08-30T06:46:12.671Z,9920.087,500,1.5084890015423298,4.445797000080347,4.703777000308037,34.32433299906552,50,9.617352001369,11.877779999747872,12.016460999846458,12.016460999846458
2026-08-30T06:46:22.670Z,9930.087,500,1.5386289991438389,4.460636999458075,4.66796600073576,35.35787199996412,50,8.940032999962568,11.872631000354886,11.886141000315547,11.886141000315547
2026-08-30T06:46:32.669Z,9940.086,500,1.5637490004301071,4.500126000493765,5.75182600133121,88.21576100029051,50,9.937003001570702,11.966280000284314,12.588680999353528,12.588680999353528
2026-08-30T06:46:42.672Z,9950.086,500,1.529729001224041,4.485866999253631,5.857404999434948,88.26669100113213,50,3.674616999924183,11.865131000056863,12.248560000211,12.248560000211
2026-08-30T06:46:52.670Z,9960.086,500,1.4858889989554882,4.430736999958754,5.686534998938441,90.3039090000093,50,9.933032000437379,11.879691001027822,12.025969998911023,12.025969998911023
2026-08-30T06:47:02.671Z,9970.087,500,1.5126889999955893,4.442527001723647,6.74346499890089,86.0739120002836,50,2.6696479991078377,11.730500999838114,12.708949999883771,12.708949999883771
2026-08-30T06:47:12.673Z,9980.087,500,1.5419789999723434,4.488586999475956,4.700007000938058,35.888931998983026,50,3.762977000325918,11.930510999634862,12.07268999889493,12.07268999889493
2026-08-30T06:47:22.673Z,9990.086,500,1.5466789994388819,4.488677000626922,6.9548950009047985,34.89031299948692,50,3.6993170008063316,12.011959999799728,12.991770001128316,12.991770001128316
2026-08-30T06:47:32.672Z,10000.087,500,1.532378999516368,4.4626369997859,4.831926999613643,88.36686100065708,50,3.6540270000696182,11.98552100174129,12.058350000530481,12.058350000530481
2026-08-30T06:47:42.671Z,10010.087,500,1.5563790015876293,4.454757001250982,4.888435998931527,96.89623400010169,50,3.5243170000612736,11.902441000565886,12.027830000966787,12.027830000966787
2026-08-30T06:47:52.672Z,10020.086,500,1.5566189996898174,4.492747001349926,4.952015999704599,34.96372199989855,50,3.719657000154257,11.981460999697447,11.992560999467969,11.992560999467969
2026-08-30T06:48:02.671Z,10030.086,500,1.5484689995646477,4.466327000409365,6.760935001075268,55.23592699877918,50,3.601538000628352,11.997909998521209,12.180871000513434,12.180871000513434
2026-08-30T06:48:12.673Z,10040.087,500,1.546909000724554,4.473006999120116,6.571775000542402,90.65203899890184,50,3.870787000283599,11.95172999985516,12.16219099983573,12.16219099983573
2026-08-30T06:48:22.672Z,10050.086,500,1.5370189994573593,4.4573160000145435,4.822166001424193,35.9371819999069,50,3.9440770000219345,11.834921000525355,12.236410999670625,12.236410999670625
2026-08-30T06:48:32.673Z,10060.086,500,1.565548999235034,4.476597001776099,6.725813999772072,95.86928500048816,50,3.6990970000624657,11.804701000452042,11.986610999330878,11.986610999330878
2026-08-30T06:48:42.671Z,10070.086,500,1.5240989997982979,4.421125998720527,6.7680449988693,87.18405099958181,50,3.6554870009422302,11.81806099973619,12.065231001004577,12.065231001004577
2026-08-30T06:48:52.671Z,10080.087,500,1.53969900123775,4.454786999151111,7.113414000719786,93.84688600152731,50,3.779287001118064,11.909329999238253,14.22061900049448,14.22061900049448
2026-08-30T06:49:02.672Z,10090.087,500,1.5457080006599426,4.463936001062393,4.71696599945426,90.37941999919713,50,3.5663270000368357,11.863810999318957,11.900880001485348,11.900880001485348
2026-08-30T06:49:12.673Z,10100.087,500,1.5548790004104376,4.519456999376416,6.712925000116229,95.57259500026703,50,3.6322969999164343,11.872800000011921,13.142270000651479,13.142270000651479
2026-08-30T06:49:22.671Z,10110.086,500,1.591897999867797,4.555945999920368,4.971536001190543,96.3391249999404,50,3.547428000718355,11.966860000044107,12.18830999918282,12.18830999918282
2026-08-30T06:49:32.671Z,10120.086,500,1.5841179993003607,4.5167159996926785,6.932934001088142,96.94337400048971,50,3.482838001102209,12.028431000187993,12.12988100014627,12.12988100014627
2026-08-30T06:49:42.673Z,10130.087,500,1.6176089998334646,4.532716000452638,6.060714999213815,88.91481999866664,50,2.7444180008023977,11.90876100026071,12.3123700004071,12.3123700004071
2026-08-30T06:49:52.672Z,10140.088,500,1.6123789995908737,4.542875999584794,4.811866000294685,35.46325199864805,50,3.516107000410557,11.987331001088023,12.080000000074506,12.080000000074506
2026-08-30T06:50:02.672Z,10150.087,500,1.571849001571536,4.518546000123024,5.124946000054479,89.62765999883413,50,3.5919969994574785,12.08517099916935,12.146959999576211,12.146959999576211
2026-08-30T06:50:12.674Z,10160.088,500,1.5470489989966154,4.471966000273824,5.004706000909209,89.34930999949574,50,3.5939569994807243,11.986030999571085,12.255649998784065,12.255649998784065
2026-08-30T06:50:22.672Z,10170.087,500,1.5190089996904135,4.476826000958681,4.740436000749469,36.36570099927485,50,3.5986870005726814,11.875841001048684,11.984110001474619,11.984110001474619
2026-08-30T06:50:32.672Z,10180.087,500,1.5583880003541708,4.486086999997497,6.851724000647664,35.15512299910188,50,3.6163270007818937,11.92298100143671,12.276830999180675,12.276830999180675
2026-08-30T06:50:42.674Z,10190.088,500,1.5242790002375841,4.451915999874473,4.904176000505686,36.01628199964762,50,3.5141369998455048,11.874971000477672,11.882269999012351,11.882269999012351
2026-08-30T06:50:52.672Z,10200.088,500,1.5368690006434917,4.466227000579238,6.654503999277949,35.94009199924767,50,3.6666069999337196,11.923260999843478,12.091599998995662,12.091599998995662
2026-08-30T06:51:02.673Z,10210.088,500,1.5628789998590946,4.448346000164747,4.996936000883579,92.26180800050497,50,2.743317998945713,11.878490999341011,12.098950998857617,12.098950998857617
2026-08-30T06:51:12.672Z,10220.087,500,1.560088999569416,4.488415999338031,5.790265999734402,96.89904399961233,50,2.7879479993134737,11.751639999449253,12.125940000638366,12.125940000638366
2026-08-30T06:51:22.674Z,10230.088,500,1.5708290003240108,4.565616000443697,5.805465001612902,94.09992699883878,50,3.3625469990074635,11.977520000189543,12.05741100013256,12.05741100013256
2026-08-30T06:51:32.674Z,10240.087,500,1.5290489997714758,4.414176000282168,5.734385998919606,36.13174199871719,50,2.8213670011609793,11.913750000298023,12.228700000792742,12.228700000792742
2026-08-30T06:51:42.671Z,10250.087,500,1.5726990010589361,4.4647469986230135,4.748646000400186,36.324991999194026,50,2.82281699962914,12.034660000354052,12.406179999932647,12.406179999932647
2026-08-30T06:51:52.674Z,10260.087,500,1.5835190005600452,4.478947000578046,6.776573998853564,54.94983700104058,50,3.5725570004433393,11.855070000514388,11.878251001238823,11.878251001238823
2026-08-30T06:52:02.674Z,10270.087,500,1.6074590012431145,4.520616000518203,7.463374000042677,96.77451499924064,50,3.5697969999164343,12.056501001119614,12.163371000438929,12.163371000438929
2026-08-30T06:52:12.673Z,10280.088,500,1.5674279984086752,4.4967269990593195,6.414084998890758,93.68471600115299,50,2.7261379994452,12.105420999228954,12.373459998518229,12.373459998518229
2026-08-30T06:52:22.673Z,10290.089,500,1.6023789998143911,4.500237001106143,6.8088440001010895,36.34213100001216,50,2.9623279999941587,12.003111001104116,12.042150000110269,12.042150000110269
2026-08-30T06:52:32.673Z,10300.088,500,1.5652890000492334,4.443425999954343,4.990727001801133,37.32964099943638,50,2.7803980000317097,11.779820999130607,12.070780999958515,12.070780999958515
2026-08-30T06:52:42.673Z,10310.088,500,1.5558380000293255,4.472677001729608,6.462695000693202,36.527991000562906,50,2.7107980009168386,11.841940999031067,12.015980999916792,12.015980999916792
2026-08-30T06:52:52.674Z,10320.089,500,1.575347999110818,4.476536998525262,6.928175000473857,90.72151900082827,50,3.1504480000585318,11.952311001718044,11.992961000651121,11.992961000651121
2026-08-30T06:53:02.675Z,10330.089,500,1.5726490002125502,4.499506998807192,4.777897000312805,35.80664199963212,50,2.797698000445962,11.831631001085043,12.170679999515414,12.170679999515414
2026-08-30T06:53:12.674Z,10340.089,500,1.5575280003249645,4.511406999081373,9.238783000037074,95.99400500021875,50,2.706047000363469,11.803230999037623,11.907950999215245,11.907950999215245
2026-08-30T06:53:22.673Z,10350.088,500,1.5813679993152618,4.493026999756694,4.868196001276374,37.457919999957085,50,2.8801669999957085,11.908800000324845,12.02959099970758,12.02959099970758
2026-08-30T06:53:32.675Z,10360.089,500,1.6266180016100407,4.442696001380682,4.978957001119852,36.819220999255776,50,2.7941979989409447,12.071691000834107,12.269900001585484,12.269900001585484
2026-08-30T06:53:42.675Z,10370.089,500,1.60924799926579,4.448096001520753,7.522433999925852,37.496059998869896,50,2.820218000560999,10.838930999860168,12.106520000845194,12.106520000845194
2026-08-30T06:53:52.673Z,10380.088,500,1.5888989996165037,4.4802359994500875,4.867946000769734,37.34644999913871,50,2.73220800049603,12.027231000363827,12.08300100080669,12.08300100080669
2026-08-30T06:54:02.673Z,10390.088,500,1.5773280002176762,4.473425999283791,6.903204999864101,92.4858279991895,50,2.76477700099349,11.849840000271797,11.96921999938786,11.96921999938786
2026-08-30T06:54:12.672Z,10400.089,500,1.536379000172019,4.4693659991025925,8.33279399946332,57.45394499972463,50,2.6918280012905598,11.978001000359654,13.274958999827504,13.274958999827504
2026-08-30T06:54:22.675Z,10410.089,500,1.5261089988052845,4.4652460012584925,6.902935000136495,91.68121900036931,50,2.7123179994523525,11.687811000272632,11.819730000570416,11.819730000570416
2026-08-30T06:54:32.673Z,10420.088,500,1.5762980002909899,4.562936000525951,5.022056000307202,93.84125600010157,50,2.828966999426484,11.82782099954784,12.136089999228716,12.136089999228716
2026-08-30T06:54:42.675Z,10430.089,500,1.6018790006637573,4.554715998470783,4.753066999837756,35.97546200081706,50,3.577498000115156,11.764570999890566,11.989370999857783,11.989370999857783
2026-08-30T06:54:52.673Z,10440.088,500,1.5413690004497766,4.4778370000422,5.0041060000658035,94.17636699974537,50,3.511686999350786,11.91028100065887,14.059748999774456,14.059748999774456
2026-08-30T06:55:02.674Z,10450.089,500,1.5325189996510744,4.457906000316143,6.734024001285434,88.24232099950314,50,2.81075800023973,11.584611000493169,11.887019999325275,11.887019999325275
2026-08-30T06:55:12.674Z,10460.089,500,1.565709000453353,4.520607000216842,5.166406000033021,37.33693100139499,50,3.745736999437213,11.705540999770164,11.995489999651909,11.995489999651909
2026-08-30T06:55:22.676Z,10470.09,500,1.5771989990025759,4.469965999945998,4.666017001494765,37.84473999962211,50,2.709817999973893,11.589740999042988,12.243830000981688,12.243830000981688
2026-08-30T06:55:32.677Z,10480.091,500,1.5728489998728037,4.499755999073386,6.766975000500679,91.79571800120175,50,3.5716470014303923,10.918422000482678,11.982039999216795,11.982039999216795
2026-08-30T06:55:42.676Z,10490.091,500,1.5724590010941029,4.507915999740362,6.639204999431968,39.0308600012213,50,2.9293780010193586,4.899776000529528,11.841311000287533,11.841311000287533
2026-08-30T06:55:52.677Z,10500.091,500,1.5707479994744062,4.48908600024879,8.113462999463081,53.490187998861074,50,3.5663270000368357,11.635921001434326,12.027241000905633,12.027241000905633
2026-08-30T06:56:02.678Z,10510.091,500,1.5530090015381575,4.491226999089122,7.634024001657963,52.576377999037504,50,2.7413279991596937,11.661141000688076,11.859081000089645,11.859081000089645
2026-08-30T06:56:12.677Z,10520.091,500,1.5451890006661415,4.491435999050736,5.320926001295447,95.27396600134671,50,3.526996999979019,11.057870998978615,11.96819099970162,11.96819099970162
2026-08-30T06:56:22.678Z,10530.091,500,1.5439589992165565,4.488595999777317,6.7655950002372265,39.4964489992708,50,3.04619799926877,5.032386001199484,11.92892099916935,11.92892099916935
2026-08-30T06:56:32.677Z,10540.092,500,1.5703689996153116,4.495627000927925,6.966173999011517,52.53479899838567,50,3.580467000603676,11.975701000541449,12.109659999608994,12.109659999608994
2026-08-30T06:56:42.676Z,10550.091,500,1.5744189992547035,4.489827001467347,6.905704999342561,93.14913699962199,50,3.5650779996067286,11.822891000658274,11.965741001069546,11.965741001069546
2026-08-30T06:56:52.676Z,10560.091,500,1.5410890001803637,4.478907000273466,4.618606999516487,39.486339000985026,50,2.781047999858856,11.71629000082612,11.952209999784827,11.952209999784827
2026-08-30T06:57:02.677Z,10570.091,500,1.571798998862505,4.530776999890804,5.0120960008352995,37.621210999786854,50,3.0252579990774393,4.947035999968648,5.084946000948548,5.084946000948548
2026-08-30T06:57:12.677Z,10580.091,500,1.5684890002012253,4.518876999616623,6.018664998933673,40.25842799991369,50,2.973937999457121,4.850546000525355,4.990605998784304,4.990605998784304
2026-08-30T06:57:22.677Z,10590.091,500,1.6010389998555183,4.56967599876225,6.145914999768138,40.33943800069392,50,3.7175069991499186,4.971826000139117,5.050936000421643,5.050936000421643
2026-08-30T06:57:32.676Z,10600.091,500,1.5567090008407831,4.507145998999476,7.450524000450969,53.23900800012052,50,3.6762869991362095,4.788265999406576,11.900170998647809,11.900170998647809
2026-08-30T06:57:42.674Z,10610.091,500,1.5815590005367994,4.583497000858188,6.8435849994421005,92.77687799930573,50,2.779788000509143,3.998846998438239,4.996717000380158,4.996717000380158
2026-08-30T06:57:52.676Z,10620.091,500,1.5656390003859997,4.530325999483466,5.751686001196504,37.7178299985826,50,2.782398000359535,4.744936000555754,4.808647001162171,4.808647001162171
2026-08-30T06:58:02.678Z,10630.092,500,1.61289899982512,4.59192599914968,6.945093998685479,52.200409000739455,50,3.6634979993104935,4.817906999960542,5.258435999974608,5.258435999974608
2026-08-30T06:58:12.676Z,10640.091,500,1.5635390002280474,4.581077000126243,7.137864999473095,55.53355699963868,50,3.7340069990605116,4.953536000102758,5.0596559997648,5.0596559997648
2026-08-30T06:58:22.676Z,10650.091,500,1.6023490000516176,4.54071700014174,6.9013039991259575,39.47750899940729,50,3.7049470003694296,5.092746000736952,5.214026000350714,5.214026000350714
2026-08-30T06:58:32.677Z,10660.091,500,1.5842190012335777,4.579306999221444,4.83296599984169,92.60641799867153,50,3.673096999526024,4.809015998616815,4.8621559999883175,4.8621559999883175
2026-08-30T06:58:42.676Z,10670.091,500,1.5807389989495277,4.557716000825167,7.419044999405742,95.20170499943197,50,3.657847000285983,5.028845999389887,12.821480000391603,12.821480000391603
2026-08-30T06:58:52.674Z,10680.091,500,1.5382690001279116,4.520827000960708,7.154704000800848,40.55969899892807,50,3.6339469999074936,11.543250000104308,12.808320000767708,12.808320000767708
2026-08-30T06:59:02.676Z,10690.091,500,1.5637689996510744,4.535056000575423,4.929775999858975,38.86047999933362,50,2.7934880014508963,4.8255560006946325,5.006966000422835,5.006966000422835
2026-08-30T06:59:12.678Z,10700.092,500,1.616949001327157,4.590455999597907,7.037945000454783,97.04948399960995,50,3.7702480014413595,5.097885999828577,11.950411001220345,11.950411001220345
2026-08-30T06:59:22.676Z,10710.091,500,1.5769890006631613,4.526856999844313,7.477334998548031,55.82606599852443,50,3.6605070009827614,5.0606360007077456,12.933570001274347,12.933570001274347
2026-08-30T06:59:32.678Z,10720.092,500,1.5714979991316795,4.541476000100374,6.112454999238253,94.03846599906683,50,3.7525580003857613,4.144367000088096,4.887256000190973,4.887256000190973
2026-08-30T06:59:42.676Z,10730.091,500,1.5701989997178316,4.550137000158429,6.7898050006479025,96.67667499929667,50,3.663927000015974,4.795925999060273,4.847605999559164,4.847605999559164
2026-08-30T06:59:52.678Z,10740.091,500,1.5686289984732866,4.550807001069188,7.791313998401165,93.17395699955523,50,3.7381170000880957,5.060786999762058,13.20948899909854,13.20948899909854
2026-08-30T07:00:02.678Z,10750.092,500,1.5956190004944801,4.543537000194192,6.145045001059771,40.03851799853146,50,3.768307000398636,5.122936001047492,5.447574999183416,5.447574999183416
2026-08-30T07:00:12.678Z,10760.092,500,1.5859989989548922,4.5182959996163845,5.234456000849605,91.64466799981892,50,3.6708170007914305,5.059905998408794,12.08551999926567,12.08551999926567
2026-08-30T07:00:22.732Z,10770.147,500,1.5690879989415407,4.530586998909712,4.978256000205874,92.91400699876249,50,3.6736469995230436,5.059417000040412,5.154346000403166,5.154346000403166
2026-08-30T07:00:32.739Z,10780.155,500,1.5806179996579885,4.5176160000264645,6.668995000422001,92.52899800054729,50,2.859296999871731,4.951625999063253,12.899650000035763,12.899650000035763
2026-08-30T07:00:42.739Z,10790.154,505,1.5518789999186993,4.515806000679731,9.663281999528408,98.88396300002933,50,3.001698000356555,4.869626000523567,4.976805999875069,4.976805999875069
2026-08-30T07:00:52.738Z,10800.155,500,1.5553489997982979,4.5393570009619,6.491964999586344,86.69548199884593,50,2.9419379997998476,4.7528659999370575,11.691371001303196,11.691371001303196
2026-08-30T07:01:02.740Z,10810.155,500,1.555408999323845,4.531406000256538,4.908446000888944,90.0938089992851,50,3.640997000038624,4.901506999507546,4.982326999306679,4.982326999306679
2026-08-30T07:01:12.739Z,10820.155,500,1.5452590007334948,4.518617000430822,6.107045000419021,89.37671000137925,50,3.6474580001085997,4.828106999397278,4.983285998925567,4.983285998925567
2026-08-30T07:01:22.738Z,10830.155,500,1.5511390008032322,4.49910599924624,6.9115449991077185,89.03546099923551,50,2.8476679995656013,5.009476000443101,5.133046001195908,5.133046001195908
2026-08-30T07:01:32.739Z,10840.156,500,1.540828999131918,4.531376000493765,5.684555999934673,90.81391800008714,50,3.657617000862956,4.852396000176668,4.994966000318527,4.994966000318527
2026-08-30T07:01:42.743Z,10850.158,495,1.544207999482751,4.5072569996118546,4.84833599999547,8.41864399984479,50,2.974727001041174,4.750667000189424,4.846996000036597,4.846996000036597
2026-08-30T07:01:52.742Z,10860.158,505,1.5635390002280474,4.562057001516223,10.096112001687288,102.50717000104487,50,3.6673370003700256,4.81644600071013,5.024695999920368,5.024695999920368
2026-08-30T07:02:02.742Z,10870.158,500,1.5702689997851849,4.558297000825405,6.896005000919104,89.11971000023186,50,3.663407001644373,4.916286000981927,5.1982860006392,5.1982860006392
2026-08-30T07:02:12.743Z,10880.158,500,1.5760680008679628,4.54148600064218,6.897195000201464,92.25762799941003,50,2.9690570011734962,4.788106000050902,12.757469998672605,12.757469998672605
2026-08-30T07:02:22.743Z,10890.159,499,1.6298179998993874,4.6339970007538795,7.301734000444412,57.98049400001764,50,2.9708670005202293,4.828776000067592,5.163316000252962,5.163316000252962
2026-08-30T07:02:32.742Z,10900.159,501,1.5646479986608028,4.511335998773575,7.376833999529481,96.03997500054538,50,2.796017998829484,4.80048600025475,4.861066000536084,4.861066000536084
2026-08-30T07:02:42.744Z,10910.159,500,1.5546079985797405,4.511426001787186,5.4115360006690025,92.19960799999535,50,3.660488000139594,4.833865998312831,4.876555999740958,4.876555999740958
2026-08-30T07:02:52.744Z,10920.159,500,1.5807590000331402,4.56865599937737,7.165313998237252,94.31806599907577,50,2.887017000466585,4.814056999981403,14.070589000359178,14.070589000359178
2026-08-30T07:03:02.742Z,10930.159,500,1.581258999183774,4.588986000046134,7.390444001182914,92.7567970007658,50,3.5166469998657703,4.9496560003608465,5.47167600132525,5.47167600132525
2026-08-30T07:03:12.744Z,10940.159,500,1.6077689994126558,4.582157000899315,5.0599060002714396,95.02466499991715,50,3.3472879994660616,4.830215999856591,5.24048599973321,5.24048599973321
2026-08-30T07:03:22.745Z,10950.16,500,1.5855090003460646,4.550905998796225,7.135324999690056,95.70293499901891,50,3.0230080001056194,4.899956000968814,11.923180000856519,11.923180000856519
2026-08-30T07:03:32.744Z,10960.16,500,1.566049000248313,4.548307001590729,6.9579639993608,89.38752000033855,50,3.2366979997605085,4.7805669996887445,4.811656000092626,4.811656000092626
2026-08-30T07:03:42.744Z,10970.159,500,1.5960489995777607,4.5750469993799925,7.502073999494314,95.86445499956608,50,3.010037999600172,5.0202660001814365,12.03834099881351,12.03834099881351
2026-08-30T07:03:52.743Z,10980.159,499,1.5671079996973276,4.528686000034213,8.717923000454903,98.45246299915016,50,2.889937998726964,4.7856959998607635,4.979545999318361,4.979545999318361
2026-08-30T07:04:02.744Z,10990.159,501,1.565837999805808,4.555346999317408,6.927544999867678,92.77558800019324,50,3.6708580013364553,4.850705999881029,5.101045999675989,5.101045999675989
2026-08-30T07:04:12.744Z,11000.159,497,1.5788089986890554,4.560867000371218,7.3116040006279945,99.88156200014055,50,3.0145269986242056,4.762387000024319,5.113686000928283,5.113686000928283
2026-08-30T07:04:22.745Z,11010.16,503,1.6017189994454384,4.611426999792457,7.000034999102354,92.45530800148845,50,3.670066999271512,4.829436000436544,12.111960999667645,12.111960999667645
2026-08-30T07:04:32.743Z,11020.159,500,1.5810390003025532,4.594636999070644,4.873676000162959,86.99794200062752,50,3.7367470003664494,4.898785999044776,5.0646959990262985,5.0646959990262985
2026-08-30T07:04:42.742Z,11030.159,500,1.6071690004318953,4.505347000434995,8.083953998982906,94.00673699937761,50,3.7496570013463497,5.007365999743342,8.172522999346256,8.172522999346256
2026-08-30T07:04:52.743Z,11040.159,500,1.571858000010252,4.531906999647617,6.525614999234676,85.72447299957275,50,3.680186999961734,4.985085999593139,13.169379999861121,13.169379999861121
2026-08-30T07:05:02.743Z,11050.16,500,1.6022890005260706,4.51664699986577,4.876615999266505,87.77433199994266,50,3.7728969994932413,5.0750460010021925,5.885625001043081,5.885625001043081
2026-08-30T07:05:12.743Z,11060.16,500,1.5675489995628595,4.521116999909282,6.054315000772476,86.9267619997263,50,3.7194679994136095,5.874224999919534,6.258654998615384,6.258654998615384
2026-08-30T07:05:22.744Z,11070.159,500,1.6084189992398024,4.518485998734832,5.746425000950694,95.883354999125,50,3.840286999940872,6.09982500039041,12.233470000326633,12.233470000326633
2026-08-30T07:05:32.742Z,11080.159,500,1.5648389998823404,4.490526000037789,6.956515001133084,90.15416999906301,50,3.7920570001006126,5.082895999774337,5.8665549997240305,5.8665549997240305
2026-08-30T07:05:42.744Z,11090.16,499,1.539649000391364,4.477586999535561,6.8127849996089935,97.70503399893641,50,3.7235369998961687,4.99681599996984,5.858175000175834,5.858175000175834
2026-08-30T07:05:52.744Z,11100.159,500,1.6030090004205704,4.548676999285817,6.957573998719454,98.25642300024629,50,3.6283769998699427,5.188915999606252,5.922604998573661,5.922604998573661
2026-08-30T07:06:02.744Z,11110.159,501,1.5984489992260933,4.608405999839306,7.259244000539184,90.71425900049508,50,3.699327001348138,11.88871099986136,12.348149999976158,12.348149999976158
2026-08-30T07:06:12.742Z,11120.159,500,1.559859000146389,4.4788760002702475,5.124836001545191,90.13811900094151,50,2.9913079999387264,6.026004999876022,12.141900001093745,12.141900001093745
2026-08-30T07:06:22.744Z,11130.16,500,1.4773990008980036,4.409406000748277,4.700827000662684,89.65589999966323,50,3.630187001079321,4.9021860007196665,5.949805000796914,5.949805000796914
2026-08-30T07:06:32.744Z,11140.159,500,1.5567290000617504,4.545145999640226,5.989666000008583,89.60855899937451,50,3.6658570002764463,4.854457000270486,5.8728759996593,5.8728759996593
2026-08-30T07:06:42.744Z,11150.159,500,1.5600489992648363,4.504537001252174,5.836055999621749,88.26110100001097,50,3.6667679995298386,5.095696000382304,6.145856000483036,6.145856000483036
2026-08-30T07:06:52.744Z,11160.16,500,1.5395780000835657,4.493427000939846,5.021035999059677,85.15037400089204,50,3.6470769997686148,4.8644069992005825,11.291930999606848,11.291930999606848
2026-08-30T07:07:02.744Z,11170.159,499,1.6048690006136894,4.51553700119257,7.988122999668121,58.042025001719594,50,3.7625969983637333,5.7734249997884035,6.124126000329852,6.124126000329852
2026-08-30T07:07:12.742Z,11180.159,501,1.5970689989626408,4.507636001333594,5.228515999391675,89.53939899988472,50,3.8256569989025593,5.09880599938333,5.937675999477506,5.937675999477506
2026-08-30T07:07:22.743Z,11190.159,500,1.5826790016144514,4.520377000793815,6.570785000920296,87.32682099938393,50,3.874677000567317,5.152656000107527,6.0873250011354685,6.0873250011354685
2026-08-30T07:07:32.744Z,11200.159,500,1.5471989996731281,4.49545600079,5.144346000626683,88.0314619988203,50,3.755657000467181,4.8705960009247065,6.334145000204444,6.334145000204444
2026-08-30T07:07:42.744Z,11210.16,500,1.562049001455307,4.54224600084126,6.9292849991470575,89.0566000007093,50,3.7924470007419586,5.866185000166297,5.975255999714136,5.975255999714136
2026-08-30T07:07:52.742Z,11220.159,500,1.5921979993581772,4.494576999917626,5.484136000275612,89.23413999937475,50,3.7178369984030724,5.175455998629332,5.823985001072288,5.823985001072288
2026-08-30T07:08:02.743Z,11230.16,500,1.6059879995882511,4.490675998851657,6.164464998990297,94.91313499957323,50,3.7560770008713007,5.041005998849869,6.017585000023246,6.017585000023246
2026-08-30T07:08:12.743Z,11240.159,500,1.6000589989125729,4.541846001520753,4.8359759990125895,96.17369499988854,50,3.7731870003044605,5.491506000980735,6.073215000331402,6.073215000331402
2026-08-30T07:08:22.744Z,11250.16,500,1.6084489990025759,4.511185999959707,4.812316000461578,86.34052200056612,50,3.8035269994288683,5.049055999144912,5.8680150005966425,5.8680150005966425
2026-08-30T07:08:32.744Z,11260.159,500,1.5901790000498295,4.531076999381185,6.8908150009810925,88.92128000035882,50,3.7779070008546114,5.0995960012078285,6.062194999307394,6.062194999307394
2026-08-30T07:08:42.742Z,11270.159,500,1.6062190011143684,4.528687000274658,6.925893999636173,89.57653000019491,50,3.6898570004850626,5.147255999967456,6.089984999969602,6.089984999969602
2026-08-30T07:08:52.742Z,11280.159,500,1.584749000146985,4.488765999674797,7.255403999239206,84.47074300050735,50,3.763067001476884,5.911425000056624,11.536750998347998,11.536750998347998
2026-08-30T07:09:02.744Z,11290.159,500,1.5590390004217625,4.4970660004764795,4.830726001411676,95.23429599963129,50,3.785616999492049,5.140436001121998,6.132294999435544,6.132294999435544
2026-08-30T07:09:12.744Z,11300.159,500,1.6347679998725653,4.495446998625994,4.771686999127269,94.30015599913895,50,3.925867000594735,5.271416001021862,6.215365000069141,6.215365000069141
2026-08-30T07:09:22.743Z,11310.159,500,1.6197590008378029,4.5525260008871555,6.828805001452565,87.1318209990859,50,3.8248069994151592,6.135506000369787,6.310365000739694,6.310365000739694
2026-08-30T07:09:32.744Z,11320.16,500,1.634987998753786,4.534717001020908,5.80307500064373,90.64408900029957,50,3.844956999644637,5.17051599919796,6.054365999996662,6.054365999996662
2026-08-30T07:09:42.742Z,11330.159,500,1.569378999993205,4.522435998544097,4.727636000141501,93.80289700068533,50,3.78846700116992,5.838266000151634,12.159500000998378,12.159500000998378
2026-08-30T07:09:52.743Z,11340.159,500,1.592289000749588,4.534896999597549,6.8880149982869625,95.2234949991107,50,3.7841570004820824,5.846236001700163,12.992288999259472,12.992288999259472
2026-08-30T07:10:02.744Z,11350.159,500,1.59234800003469,4.537225998938084,4.9090059995651245,91.58984799869359,50,3.7775170002132654,5.270246000960469,5.896765999495983,5.896765999495983
2026-08-30T07:10:12.744Z,11360.16,500,1.6296590007841587,4.490755999460816,5.234935998916626,88.73626100085676,50,3.8439069986343384,5.952844999730587,6.11145499907434,6.11145499907434
2026-08-30T07:10:22.743Z,11370.159,500,1.59735899977386,4.542356001213193,5.19314599968493,89.06720100156963,50,3.811497000977397,6.078874999657273,6.129625000059605,6.129625000059605
2026-08-30T07:10:32.742Z,11380.159,500,1.5911489985883236,4.501356000080705,6.830435000360012,89.30936999991536,50,3.849107000976801,5.0358060002326965,6.186784999445081,6.186784999445081
2026-08-30T07:10:42.742Z,11390.159,500,1.5857180003076792,4.52946599945426,4.87045600079,95.14065600000322,50,3.8065169993788004,5.143634999170899,6.044885000213981,6.044885000213981
2026-08-30T07:10:52.744Z,11400.16,500,1.5301090013235807,4.453737000003457,5.022917000576854,87.86822200007737,50,3.7020069994032383,5.746494999155402,11.108502000570297,11.108502000570297
2026-08-30T07:11:02.744Z,11410.159,500,1.5387590005993843,4.451647000387311,5.382116001099348,88.61818100139499,50,3.6962269991636276,5.0496559999883175,5.941275000572205,5.941275000572205
2026-08-30T07:11:12.744Z,11420.159,499,1.5748990010470152,4.537995999678969,8.676643000915647,96.0772049985826,50,3.6919970009475946,5.04436600022018,5.879644999280572,5.879644999280572
2026-08-30T07:11:22.743Z,11430.16,501,1.5512189995497465,4.4857459999620914,6.878265000879765,88.67462100088596,50,3.6865369994193316,5.045415999367833,12.18393100053072,12.18393100053072
2026-08-30T07:11:32.745Z,11440.16,499,1.5771290007978678,4.550205999985337,7.807602999731898,97.4712639991194,50,3.7339970003813505,4.951145999133587,5.872104998677969,5.872104998677969
2026-08-30T07:11:42.745Z,11450.16,501,1.5519589986652136,4.510976999998093,7.2543439995497465,55.68907600082457,50,3.674947999417782,5.918934999033809,11.909071000292897,11.909071000292897
2026-08-30T07:11:52.743Z,11460.16,501,1.5552489999681711,4.537387000396848,5.013636000454426,93.72898700088263,50,3.696637000888586,5.7903150003403425,5.924744999036193,5.924744999036193
2026-08-30T07:12:02.743Z,11470.16,498,1.5874290000647306,4.545416999608278,8.426272999495268,98.4609830006957,50,2.9120780006051064,5.947045000270009,12.614380000159144,12.614380000159144
2026-08-30T07:12:12.743Z,11480.16,501,1.5703089982271194,4.530797000974417,6.762344000861049,89.53986000083387,50,2.9464880004525185,5.866735000163317,5.909084999933839,5.909084999933839
2026-08-30T07:12:22.743Z,11490.16,499,1.5942989997565746,4.491436000913382,6.962224999442697,56.50585599988699,50,3.738696999847889,5.723135000094771,5.953245999291539,5.953245999291539
2026-08-30T07:12:32.745Z,11500.16,502,1.570729000493884,4.5521360002458096,6.9075539987534285,37.86129100061953,50,2.90497799962759,6.025576001033187,7.809164000675082,7.809164000675082
2026-08-30T07:12:42.743Z,11510.16,499,1.5913889985531569,4.582746999338269,8.419244000688195,55.896106000989676,50,3.7887370008975267,5.207995999604464,11.823420999571681,11.823420999571681
2026-08-30T07:12:52.743Z,11520.16,501,1.557567998766899,4.5030359998345375,6.558945000171661,88.83094099909067,50,3.714607000350952,5.877386000007391,11.753681000322104,11.753681000322104
2026-08-30T07:13:02.744Z,11530.161,499,1.5869690012186766,4.56453699991107,6.919955000281334,90.77041899971664,50,3.7512369994074106,4.95121599920094,5.9260060004889965,5.9260060004889965
2026-08-30T07:13:12.743Z,11540.16,499,1.5945290010422468,4.543897001072764,7.836724000051618,98.00773300044239,50,2.885327000170946,5.782075999304652,12.282971000298858,12.282971000298858
2026-08-30T07:13:22.743Z,11550.16,501,1.5649890005588531,4.544205999001861,7.845323000103235,97.15741400048137,50,2.838918000459671,5.826476000249386,12.064439998939633,12.064439998939633
2026-08-30T07:13:32.745Z,11560.16,500,1.5808090008795261,4.53307699970901,5.626646000891924,99.34800199978054,50,3.656036999076605,5.872175000607967,6.01681499928236,6.01681499928236
2026-08-30T07:13:42.745Z,11570.161,500,1.6080689989030361,4.517575999721885,6.872044999152422,43.861035000532866,50,3.622436998412013,5.778845999389887,12.439680000767112,12.439680000767112
2026-08-30T07:13:52.744Z,11580.161,501,1.5937379989773035,4.533896001055837,6.938385000452399,90.61220999993384,50,3.684807000681758,5.96947499923408,6.034985000267625,6.034985000267625
2026-08-30T07:14:02.746Z,11590.162,500,1.5606890004128218,4.527946999296546,6.286615001037717,55.95978599973023,50,3.6039779987186193,5.0811860002577305,6.101924998685718,6.101924998685718
2026-08-30T07:14:12.746Z,11600.161,500,1.5618089996278286,4.516467001289129,7.7416140008717775,58.16727400012314,50,3.63616699911654,5.9324850011616945,11.897571001201868,11.897571001201868
2026-08-30T07:14:22.746Z,11610.161,500,1.5795590002089739,4.513055998831987,5.260385999456048,91.09339799918234,50,3.684586999937892,5.732565000653267,6.213964998722076,6.213964998722076
2026-08-30T07:14:32.746Z,11620.161,500,1.5642479993402958,4.523326000198722,5.434925999492407,92.55039799958467,50,2.9793279990553856,5.985804999247193,6.2094649989157915,6.2094649989157915
2026-08-30T07:14:42.745Z,11630.161,498,1.5816289987415075,4.55286599881947,8.643552999943495,98.20536299981177,50,2.943088000640273,5.071496000513434,6.190855000168085,6.190855000168085
2026-08-30T07:14:52.744Z,11640.161,501,1.5614090003073215,4.5185769982635975,7.443223999813199,87.16906099952757,50,3.683517001569271,5.030246000736952,12.23956000059843,12.23956000059843
2026-08-30T07:15:02.746Z,11650.162,501,1.5692879986017942,4.531105998903513,5.651386000216007,91.80308900028467,50,3.822377000004053,5.025585999712348,13.115800000727177,13.115800000727177
2026-08-30T07:15:12.746Z,11660.161,499,1.6032489985227585,4.514156000688672,6.767354998737574,92.80496699921787,50,3.733297001570463,6.046426000073552,12.031011000275612,12.031011000275612
2026-08-30T07:15:22.744Z,11670.161,500,1.621288999915123,4.550045998767018,5.273865999653935,91.10986899957061,50,3.7695369999855757,6.08657600171864,12.080791000276804,12.080791000276804
2026-08-30T07:15:32.744Z,11680.161,500,1.5693490002304316,4.515836000442505,4.76532599888742,95.08340500108898,50,3.7128769997507334,5.0547859985381365,6.104155000299215,6.104155000299215
2026-08-30T07:15:42.744Z,11690.161,500,1.5694779995828867,4.5303969997912645,6.421973999589682,90.11225000023842,50,3.652116999030113,6.101035000756383,16.317467000335455,16.317467000335455
2026-08-30T07:15:52.745Z,11700.161,501,1.5900579988956451,4.5181760005652905,4.7912659998983145,36.588650999590755,50,3.775486998260021,5.11353600025177,11.863591000437737,11.863591000437737
2026-08-30T07:16:02.745Z,11710.162,500,1.5989090017974377,4.522206999361515,6.389515001326799,37.81625000014901,50,3.779117001220584,5.161775998771191,6.173955000936985,6.173955000936985
2026-08-30T07:16:12.747Z,11720.162,497,1.4965890012681484,4.448997000232339,6.43639500066638,45.47718400135636,50,3.658696999773383,4.781586000695825,5.274524999782443,5.274524999782443
2026-08-30T07:16:22.747Z,11730.162,503,1.5221490003168583,4.481225999072194,7.299274999648333,93.58745600096881,50,3.6385469995439053,5.797535998746753,5.871585000306368,5.871585000306368
2026-08-30T07:16:32.747Z,11740.163,500,1.5046390015631914,4.429906999692321,4.577215999364853,90.96248899959028,50,3.647137001156807,5.390294998884201,6.1701549999415874,6.1701549999415874
2026-08-30T07:16:42.747Z,11750.163,500,1.5901289992034435,4.525977000594139,5.330016000196338,89.96309000067413,50,3.7927569989115,5.043835999444127,5.328735999763012,5.328735999763012
2026-08-30T07:16:52.747Z,11760.162,500,1.5416490007191896,4.473887000232935,5.461775999516249,87.42591199837625,50,3.698736999183893,5.839764999225736,12.493580000475049,12.493580000475049
2026-08-30T07:17:02.747Z,11770.163,500,1.5581390000879765,4.48989599943161,6.309915000572801,93.27805700153112,50,3.6142269987612963,5.796305000782013,5.884364999830723,5.884364999830723
2026-08-30T07:17:12.746Z,11780.162,500,1.6416389998048544,4.670916998758912,6.451004998758435,94.0811470001936,50,3.6721570007503033,5.890814999118447,6.131105000153184,6.131105000153184
2026-08-30T07:17:22.746Z,11790.162,500,1.6206889990717173,4.55876599997282,7.707414001226425,96.57375399954617,50,3.711727000772953,5.866375001147389,6.275834999978542,6.275834999978542
2026-08-30T07:17:32.745Z,11800.162,500,1.558517999947071,4.51443599909544,5.001096000894904,44.332376001402736,50,3.6692069992423058,5.825484998524189,6.105675000697374,6.105675000697374
2026-08-30T07:17:42.748Z,11810.163,500,1.5534290000796318,4.4943059999495745,5.264976000413299,90.27675000019372,50,3.677837001159787,5.035855999216437,6.074626000598073,6.074626000598073
2026-08-30T07:17:52.748Z,11820.163,500,1.560148999094963,4.528055999428034,6.652665000408888,90.5488690007478,50,3.749947000294924,5.853086000308394,6.087285999208689,6.087285999208689
2026-08-30T07:18:02.748Z,11830.163,500,1.571398999541998,4.52008599974215,6.723145000636578,94.9547659996897,50,3.739947998896241,5.095696000382304,11.721951000392437,11.721951000392437
2026-08-30T07:18:12.748Z,11840.163,500,1.5567880012094975,4.472206998616457,6.315424999222159,93.81874699890614,50,3.757946999743581,4.996756000444293,5.86786499992013,5.86786499992013
2026-08-30T07:18:22.748Z,11850.163,500,1.5292780008167028,4.502445999532938,6.401444999501109,91.65443900041282,50,3.6575969997793436,4.981876000761986,5.8423950001597404,5.8423950001597404
2026-08-30T07:18:32.748Z,11860.163,500,1.5473379995673895,4.5085470005869865,6.393625000491738,55.93878699839115,50,3.5535870008170605,5.761755000799894,5.895095000043511,5.895095000043511
2026-08-30T07:18:42.747Z,11870.164,500,1.6098379995673895,4.515636999160051,5.906864998862147,90.69872899912298,50,3.770957000553608,5.127325998619199,6.069734999909997,6.069734999909997
2026-08-30T07:18:52.747Z,11880.164,500,1.5911480002105236,4.512975998222828,6.914173999801278,36.6147919986397,50,3.701036999002099,4.969095999374986,12.29483100026846,12.29483100026846
2026-08-30T07:19:02.748Z,11890.163,500,1.5848380010575056,4.5417769998312,6.384535001590848,36.73523100093007,50,3.0214280001819134,5.042396001517773,5.949814999476075,5.949814999476075
2026-08-30T07:19:12.748Z,11900.163,500,1.6205289997160435,4.537515999749303,4.760035999119282,36.672942001372576,50,3.714867001399398,5.963434999808669,7.9891940001398325,7.9891940001398325
2026-08-30T07:19:22.748Z,11910.163,500,1.6062189992517233,4.510887000709772,4.749185999855399,90.40777900069952,50,3.705977000296116,5.025336001068354,5.05362599901855,5.05362599901855
2026-08-30T07:19:32.747Z,11920.164,500,1.5893789995461702,4.5212760008871555,5.439195999875665,90.99150899983943,50,3.7876669988036156,5.935435999184847,6.1424550004303455,6.1424550004303455
2026-08-30T07:19:42.747Z,11930.163,500,1.551069000735879,4.530896000564098,7.72741400077939,38.07229099981487,50,3.6733570005744696,5.01906600035727,8.695532999932766,8.695532999932766
2026-08-30T07:19:52.747Z,11940.164,500,1.571569001302123,4.467326000332832,6.328936001285911,44.21436499990523,50,3.811337001621723,4.92743599973619,5.111446000635624,5.111446000635624
2026-08-30T07:20:02.748Z,11950.163,500,1.5359589997678995,4.437466999515891,5.286065999418497,36.573922000825405,50,2.8631869982928038,5.73114600032568,5.953346000984311,5.953346000984311
2026-08-30T07:20:12.748Z,11960.164,500,1.5967790000140667,4.483237000182271,6.365114999935031,42.68555700033903,50,3.6867570001631975,5.861725999042392,15.270777998492122,15.270777998492122
2026-08-30T07:20:22.746Z,11970.163,500,1.6191589999943972,4.548667000606656,5.309306001290679,37.97660000063479,50,2.85958700068295,6.025074999779463,6.094635000452399,6.094635000452399
2026-08-30T07:20:32.747Z,11980.163,500,1.5954290013760328,4.531875999644399,4.676836999133229,38.11417100019753,50,3.688426999375224,5.842066001147032,5.874055000022054,5.874055000022054
2026-08-30T07:20:42.746Z,11990.163,500,1.5633979998528957,4.495307000353932,5.195056000724435,36.60717099905014,50,3.566567000001669,5.116346001625061,6.124795001000166,6.124795001000166
2026-08-30T07:20:52.748Z,12000.163,500,1.4993089996278286,4.489146001636982,6.342205001041293,90.04747899994254,50,3.5969370007514954,4.935667000710964,12.428261000663042,12.428261000663042
2026-08-30T07:21:02.749Z,12010.165,494,1.6035690009593964,4.576457001268864,4.922416001558304,8.566882999613881,50,3.693316999822855,4.866865999996662,5.108956001698971,5.108956001698971
2026-08-30T07:21:12.747Z,12020.164,505,1.6174289993941784,4.592706998810172,7.9601340014487505,107.01571599952877,50,3.121357999742031,5.010896001011133,5.063086999580264,5.063086999580264
2026-08-30T07:21:22.747Z,12030.164,501,1.6736989989876747,4.627116998657584,4.997805999591947,10.702002000063658,50,3.805246999487281,5.267965998500586,11.897510999813676,11.897510999813676
2026-08-30T07:21:32.749Z,12040.164,500,1.5835190005600452,4.5173959992825985,4.805506000295281,74.06068200059235,50,3.6616869997233152,5.10661599971354,13.349290000274777,13.349290000274777
2026-08-30T07:21:42.749Z,12050.164,500,1.606419000774622,4.51069600135088,4.915696000680327,93.91924599930644,50,3.6995969992130995,4.807716000825167,5.158956000581384,5.158956000581384
2026-08-30T07:21:52.748Z,12060.165,500,1.5749989990144968,4.556986000388861,5.284765999764204,76.33645000122488,50,3.6922670006752014,5.019666001200676,12.071450000628829,12.071450000628829
2026-08-30T07:22:02.748Z,12070.165,500,1.5282190013676882,4.480496998876333,4.659047000110149,93.27150700055063,50,3.469548000022769,4.7777559999376535,4.805595999583602,4.805595999583602
2026-08-30T07:22:12.749Z,12080.165,500,1.568927999585867,4.503336999565363,4.720695998519659,11.060560999438167,50,2.9066880010068417,4.976695999503136,5.205316001549363,5.205316001549363
2026-08-30T07:22:22.750Z,12090.165,500,1.6114079989492893,4.573215998709202,4.935286000370979,8.48513299971819,50,3.0254979990422726,5.021886000409722,12.131430000066757,12.131430000066757
2026-08-30T07:22:32.749Z,12100.166,500,1.5549689996987581,4.518285999074578,4.919267000630498,74.36121100001037,50,2.864817999303341,4.721576001495123,12.910079998895526,12.910079998895526
2026-08-30T07:22:42.749Z,12110.166,500,1.5442880000919104,4.497666999697685,4.7160359993577,82.65058599971235,50,3.6864670012146235,4.783515999093652,4.814647000283003,4.814647000283003
2026-08-30T07:22:52.751Z,12120.167,500,1.5711880009621382,4.520157000049949,5.0871559996157885,79.93417700007558,50,3.650677001103759,4.858676999807358,12.373159999027848,12.373159999027848
2026-08-30T07:23:02.751Z,12130.166,500,1.5691289994865656,4.503575999289751,6.814615000039339,75.57100100070238,50,3.5291569996625185,12.386391000822186,13.545549999922514,13.545549999922514
2026-08-30T07:23:12.751Z,12140.166,500,1.664478998631239,4.593136999756098,5.3074859995394945,81.9177660010755,50,2.9312280006706715,4.81343699991703,11.879309998825192,11.879309998825192
2026-08-30T07:23:22.751Z,12150.167,500,1.6892379987984896,4.5927269998937845,6.9281549993902445,82.93801500089467,50,2.9317370001226664,5.181425999850035,11.981900999322534,11.981900999322534
2026-08-30T07:23:32.749Z,12160.166,500,1.7111680004745722,4.617816999554634,5.85729500092566,81.88687600009143,50,3.136487999930978,5.048885999247432,12.110431000590324,12.110431000590324
2026-08-30T07:23:42.751Z,12170.167,500,1.6760290004312992,4.595386000350118,4.849025998264551,76.21699000149965,50,3.0303880013525486,11.999421000480652,13.032209999859333,13.032209999859333
2026-08-30T07:23:52.750Z,12180.166,500,1.6396379992365837,4.587735999375582,5.085905998945236,75.83401099964976,50,2.8362579997628927,11.828600000590086,11.887059999629855,11.887059999629855
2026-08-30T07:24:02.751Z,12190.166,500,1.62117899954319,4.550657000392675,7.179883999750018,76.34786000102758,50,2.951878000050783,4.816986000165343,12.178089998662472,12.178089998662472
2026-08-30T07:24:12.751Z,12200.167,500,1.638808999210596,4.559235999360681,4.819726999849081,75.2898409999907,50,2.924437999725342,4.16830699890852,12.873399998992682,12.873399998992682
2026-08-30T07:24:22.752Z,12210.167,497,1.5529779996722937,4.518645999953151,7.804204000160098,86.78561300039291,50,2.9504979997873306,4.765375999733806,12.883260000497103,12.883260000497103
2026-08-30T07:24:32.752Z,12220.168,503,1.605528000742197,4.628635998815298,5.639415999874473,77.12579900026321,50,2.8461079988628626,4.925895998254418,11.938419999554753,11.938419999554753
2026-08-30T07:24:42.750Z,12230.167,500,1.5823179986327887,4.528756998479366,5.033087000250816,76.09010099992156,50,2.9243180006742477,4.787756001576781,4.829136000946164,4.829136000946164
2026-08-30T07:24:52.751Z,12240.168,500,1.6077580004930496,4.51086699962616,5.709765000268817,72.44208300113678,50,2.870168000459671,5.083086000755429,12.282589999958873,12.282589999958873
2026-08-30T07:25:02.751Z,12250.167,500,1.6124089993536472,4.559195999056101,4.759616998955607,8.667433001101017,50,3.733177000656724,12.059089999645948,12.271539999172091,12.271539999172091
2026-08-30T07:25:12.750Z,12260.167,500,1.640658998861909,4.523105999454856,4.723346000537276,8.398474000394344,50,3.8450870011001825,6.159125000238419,8.046744000166655,8.046744000166655
2026-08-30T07:25:22.751Z,12270.168,500,1.6069879997521639,4.5347360000014305,4.740757001563907,76.35304999910295,50,3.7008870001882315,5.9039960000664,6.005876000970602,6.005876000970602
2026-08-30T07:25:32.751Z,12280.168,500,1.6105080004781485,4.547426000237465,4.914256000891328,74.60261199995875,50,3.776467001065612,5.872275998815894,6.040885999798775,6.040885999798775
2026-08-30T07:25:42.752Z,12290.168,500,1.6349479984492064,4.548675999045372,4.727965999394655,10.163071999326348,50,3.7496870011091232,5.949714999645948,12.854760000482202,12.854760000482202
2026-08-30T07:25:52.752Z,12300.169,500,1.5782490000128746,4.558025998994708,4.8973460011184216,75.2432610001415,50,2.819097999483347,5.851765999570489,12.003529999405146,12.003529999405146
2026-08-30T07:26:02.752Z,12310.169,500,1.577599000185728,4.557266000658274,4.7352870013564825,11.381581000983715,50,2.9935480002313852,5.917415000498295,12.974819000810385,12.974819000810385
2026-08-30T07:26:12.753Z,12320.168,500,1.6121190004050732,4.536826001480222,4.731495998799801,9.831673000007868,50,3.0960469990968704,5.861635001376271,5.89605600014329,5.89605600014329
2026-08-30T07:26:22.751Z,12330.168,500,1.597859000787139,4.5484759993851185,5.3770759999752045,76.42123000137508,50,2.94250800088048,5.986704999580979,12.279191000387073,12.279191000387073
2026-08-30T07:26:32.753Z,12340.168,500,1.5902490001171827,4.533795999363065,6.874125000089407,75.67274099960923,50,3.6667669992893934,5.809256000444293,5.895674999803305,5.895674999803305
2026-08-30T07:26:42.753Z,12350.169,500,1.638468999415636,4.543927000835538,5.007766000926495,83.49581399932504,50,3.6985279992222786,6.133135000243783,13.137860000133514,13.137860000133514
2026-08-30T07:26:52.752Z,12360.169,500,1.7201390005648136,4.605635998770595,7.1305249985307455,82.5644460003823,50,3.6514069996774197,8.425753999501467,11.98832100071013,11.98832100071013
2026-08-30T07:27:02.753Z,12370.169,500,1.714869000017643,4.680526999756694,5.116466000676155,81.19876699894667,50,3.6795070003718138,6.13332499936223,12.281190000474453,12.281190000474453
2026-08-30T07:27:12.751Z,12380.168,500,1.6373190004378557,4.570837000384927,4.844776000827551,22.621842000633478,50,3.7890170011669397,5.859694998711348,12.092760000377893,12.092760000377893
2026-08-30T07:27:22.751Z,12390.168,500,1.6133090015500784,4.586036000400782,6.439905000850558,78.90029600076377,50,3.6966769993305206,5.253456000238657,13.941778998821974,13.941778998821974
2026-08-30T07:27:32.753Z,12400.168,500,1.5831279996782541,4.546586999669671,6.957904001697898,79.00161699950695,50,3.715157000347972,5.848346000537276,5.949594998732209,5.949594998732209
2026-08-30T07:27:42.754Z,12410.169,500,1.601867999881506,4.542175998911262,4.891106000170112,77.08796800114214,50,3.7222170010209084,5.882625000551343,6.004435000941157,6.004435000941157
2026-08-30T07:27:52.754Z,12420.17,500,1.595728999003768,4.5410459991544485,4.717306999489665,23.312111001461744,50,3.782277001067996,5.921005001291633,12.653329001739621,12.653329001739621
2026-08-30T07:28:02.755Z,12430.17,500,1.6091390009969473,4.543186999857426,5.771466000005603,77.01992799900472,50,3.8076870013028383,5.089726001024246,11.913179999217391,11.913179999217391
2026-08-30T07:28:12.753Z,12440.169,500,1.6142979990690947,4.544337000697851,7.007675001397729,77.828857999295,50,3.7602880001068115,5.936665000393987,12.130570000037551,12.130570000037551
2026-08-30T07:28:22.754Z,12450.169,500,1.6045490000396967,4.524616999551654,4.766377000138164,77.89399800077081,50,3.8154869992285967,6.217635000124574,13.75491899996996,13.75491899996996
2026-08-30T07:28:32.755Z,12460.17,500,1.576928999274969,4.506845999509096,6.864684998989105,77.50222799926996,50,3.6961569990962744,5.030365999788046,12.222480000928044,12.222480000928044
2026-08-30T07:28:42.753Z,12470.17,500,1.572188999503851,4.524675998836756,4.814055999740958,75.20776999928057,50,3.804227000102401,5.177066000178456,6.106864999979734,6.106864999979734
2026-08-30T07:28:52.755Z,12480.171,500,1.6192279998213053,4.55082600004971,4.776886001229286,22.843612000346184,50,3.8091070000082254,5.903204999864101,9.136302998289466,9.136302998289466
2026-08-30T07:29:02.755Z,12490.171,500,1.6052180007100105,4.5258569996804,6.096996000036597,57.3371539991349,50,3.8407470006495714,5.9049549996852875,6.134585998952389,6.134585998952389
2026-08-30T07:29:12.756Z,12500.171,500,1.6874379999935627,4.603695999830961,4.773616001009941,23.498070999979973,50,3.772096998989582,5.975656000897288,12.057769998908043,12.057769998908043
2026-08-30T07:29:22.756Z,12510.171,500,1.6772690005600452,4.590605998411775,4.815546000376344,84.25490199960768,50,3.8193469997495413,6.014944998547435,6.048735000193119,6.048735000193119
2026-08-30T07:29:32.754Z,12520.171,500,1.6885989997535944,4.588046999648213,6.9028239995241165,80.21466599963605,50,3.8101669996976852,5.188775999471545,6.163364998996258,6.163364998996258
2026-08-30T07:29:42.757Z,12530.174,497,1.597579000517726,4.528796000406146,6.994793999940157,72.98484100028872,50,3.7676769997924566,4.98985599912703,5.8988749999552965,5.8988749999552965
2026-08-30T07:29:52.757Z,12540.174,503,1.5966490004211664,4.542816000059247,5.322386000305414,75.63308900035918,50,3.732287000864744,5.916476000100374,12.112159999087453,12.112159999087453
2026-08-30T07:30:02.757Z,12550.173,500,1.622477998957038,4.569126000627875,5.269336000084877,77.35563800111413,50,3.8122669998556376,5.079636000096798,5.963904999196529,5.963904999196529
2026-08-30T07:30:12.756Z,12560.173,500,1.6048490013927221,4.55124600045383,6.453244999051094,75.66242900118232,50,3.8939260002225637,5.1204959992319345,5.890274999663234,5.890274999663234
2026-08-30T07:30:22.756Z,12570.173,500,1.608627999201417,4.534577000886202,5.78048500046134,76.19601899944246,50,3.7673369999974966,5.06738500110805,6.109315000474453,6.109315000474453
2026-08-30T07:30:32.756Z,12580.173,500,1.5902679990977049,4.525197001174092,4.9217770006507635,77.5746780000627,50,3.8032670002430677,5.851585999131203,12.355200998485088,12.355200998485088
2026-08-30T07:30:42.758Z,12590.174,500,1.6208180002868176,4.54003700055182,6.644194001331925,78.48266700096428,50,3.8953669983893633,5.869065999984741,6.176874998956919,6.176874998956919
2026-08-30T07:30:52.758Z,12600.173,500,1.5856679994612932,4.547676000744104,6.801225000992417,54.99402599968016,50,3.7891169991344213,6.090165998786688,7.0561350006610155,7.0561350006610155
2026-08-30T07:31:02.758Z,12610.174,500,1.5740179996937513,4.539065999910235,5.80375500023365,77.5719669982791,50,3.811556000262499,5.114245999604464,5.957265999168158,5.957265999168158
2026-08-30T07:31:12.757Z,12620.173,500,1.5742589998990297,4.531945999711752,6.9343539997935295,83.78767300024629,50,3.7905369997024536,5.036906000226736,5.951434999704361,5.951434999704361
2026-08-30T07:31:22.757Z,12630.174,500,1.5969980005174875,4.533587001264095,6.916083998978138,82.76681399904191,50,3.8595070000737906,5.049536000937223,5.956574998795986,5.956574998795986
2026-08-30T07:31:32.758Z,12640.173,500,1.6306189987808466,4.559117000550032,5.071885999292135,82.93332399986684,50,3.7936269994825125,5.052205998450518,5.111386001110077,5.111386001110077
2026-08-30T07:31:42.758Z,12650.173,500,1.62219899892807,4.587446000427008,6.86056400090456,57.575114000588655,50,3.789927000179887,5.152205999940634,6.238855000585318,6.238855000585318
2026-08-30T07:31:52.756Z,12660.173,500,1.6421980001032352,4.5855670012533665,5.9131249990314245,85.91650100052357,50,3.7887270003557205,5.968945000320673,12.106980001553893,12.106980001553893
2026-08-30T07:32:02.758Z,12670.173,500,1.6660389993339777,4.557187000289559,4.953795999288559,85.44642099924386,50,3.6826569996774197,5.1366360001266,5.962904999032617,5.962904999032617
2026-08-30T07:32:12.756Z,12680.173,500,1.7132790014147758,4.585986999794841,7.025693999603391,82.7259139996022,50,3.7894169986248016,6.2807449996471405,12.028981000185013,12.028981000185013
2026-08-30T07:32:22.758Z,12690.174,500,1.6059679985046387,4.53366600163281,6.09557499922812,84.3933529984206,50,3.7042570002377033,5.20112599991262,5.886535000056028,5.886535000056028
2026-08-30T07:32:32.756Z,12700.173,500,1.583238000050187,4.502856001257896,5.013495998457074,76.88737799972296,50,3.753616999834776,5.881655000150204,11.900110000744462,11.900110000744462
2026-08-30T07:32:42.758Z,12710.173,500,1.583279000595212,4.5167159996926785,6.731075000017881,76.51693800091743,50,3.900366999208927,5.1052560005337,5.178805999457836,5.178805999457836
2026-08-30T07:32:52.756Z,12720.173,500,1.5783590003848076,4.530886000022292,5.218645999208093,81.20070499926805,50,3.7853570003062487,5.850095998495817,12.349290000274777,12.349290000274777
2026-08-30T07:33:02.757Z,12730.174,500,1.6032589990645647,4.551665998995304,4.865806000307202,22.849672000855207,50,3.7060170006006956,5.205014999955893,5.941995000466704,5.941995000466704
2026-08-30T07:33:12.757Z,12740.174,500,1.5847190003842115,4.529016001150012,6.7283250000327826,76.6724880002439,50,3.7832260001450777,5.027065999805927,5.04946600086987,5.04946600086987
2026-08-30T07:33:22.758Z,12750.173,500,1.6204690001904964,4.5805660001933575,5.422695999965072,84.72366200014949,50,3.8322370015084743,5.9137350004166365,12.04195100069046,12.04195100069046
2026-08-30T07:33:32.757Z,12760.174,500,1.6310789994895458,4.553566999733448,4.87945600040257,56.310895001515746,50,3.8235070016235113,5.99036500044167,12.504540000110865,12.504540000110865
2026-08-30T07:33:42.756Z,12770.173,500,1.644328000023961,4.529475999996066,5.09230599924922,87.00633100047708,50,3.9247269984334707,5.133315999060869,5.865395000204444,5.865395000204444
2026-08-30T07:33:52.756Z,12780.173,500,1.576979000121355,4.518326001241803,4.769895998761058,83.54983299970627,50,3.833347000181675,5.958554999902844,11.912040000781417,11.912040000781417
2026-08-30T07:34:02.757Z,12790.173,500,1.586768999695778,4.533087000250816,5.397856000810862,77.0937379989773,50,3.9376559983938932,5.873914999887347,12.144650001078844,12.144650001078844
2026-08-30T07:34:12.758Z,12800.174,500,1.572918999940157,4.540735999122262,4.796715999022126,77.61387700028718,50,3.8356870003044605,5.0108659993857145,11.789220999926329,11.789220999926329
2026-08-30T07:34:22.759Z,12810.174,500,1.586727999150753,4.548065999522805,6.565394999459386,77.26120799966156,50,3.801147000864148,5.841726001352072,6.057976000010967,6.057976000010967
2026-08-30T07:34:32.759Z,12820.174,500,1.5973690003156662,4.478186000138521,4.784747000783682,57.948743000626564,50,3.812127001583576,5.173596000298858,6.178814999759197,6.178814999759197
2026-08-30T07:34:42.757Z,12830.174,500,1.6258179992437363,4.541686000302434,4.7982459999620914,83.28596399910748,50,3.843366000801325,5.903334999457002,5.921335998922586,5.921335998922586
2026-08-30T07:34:52.758Z,12840.175,500,1.5837489999830723,4.554205998778343,6.791114998981357,84.14457200095057,50,3.7963369991630316,4.9523059986531734,8.6204929985106,8.6204929985106
2026-08-30T07:35:02.758Z,12850.175,500,1.5652189999818802,4.525327000766993,6.818043999373913,84.47289200127125,50,3.9232470002025366,5.884914999827743,5.921625001356006,5.921625001356006
2026-08-30T07:35:12.760Z,12860.175,500,1.639368001371622,4.556846000254154,4.860697001218796,86.49566099978983,50,3.9720569998025894,5.803635999560356,6.057995000854135,6.057995000854135
2026-08-30T07:35:22.758Z,12870.175,500,1.627648999914527,4.578315999358892,4.794945999979973,87.54266900010407,50,3.942655999213457,5.211405999958515,5.892915999516845,5.892915999516845
2026-08-30T07:35:32.758Z,12880.175,500,1.6108090002089739,4.526986999437213,5.582115000113845,78.12638799846172,50,3.8994759991765022,5.887055000290275,6.012764999642968,6.012764999642968
2026-08-30T07:35:42.758Z,12890.175,500,1.5981080010533333,4.555486999452114,4.9502760004252195,56.27188500016928,50,3.9356970004737377,6.0087250005453825,12.142870001494884,12.142870001494884
2026-08-30T07:35:52.759Z,12900.176,500,1.5996589995920658,4.555846000090241,6.915354000404477,56.83669500052929,50,3.9430170003324747,5.055445998907089,6.047144999727607,6.047144999727607
2026-08-30T07:36:02.758Z,12910.175,500,1.6172289997339249,4.566736999899149,6.90714400075376,56.968073999509215,50,3.841787001118064,5.852775000035763,6.074056001380086,6.074056001380086
2026-08-30T07:36:12.760Z,12920.175,500,1.5810390003025532,4.530856000259519,4.7222860008478165,23.7759509999305,50,4.002937000244856,5.883935000747442,6.082045000046492,6.082045000046492
2026-08-30T07:36:22.760Z,12930.175,500,1.5763189997524023,4.506675999611616,6.708874000236392,77.41283800080419,50,3.9428969994187355,5.84948500059545,6.157585000619292,6.157585000619292
2026-08-30T07:36:32.760Z,12940.175,500,1.5941090006381273,4.5682270005345345,4.964936001226306,77.93927799910307,50,3.884545998647809,5.100606000050902,6.119215000420809,6.119215000420809
2026-08-30T07:36:42.760Z,12950.176,500,1.5820690002292395,4.528937000781298,4.819066001102328,24.39191100001335,50,3.8514370005577803,5.8509550001472235,5.876916000619531,5.876916000619531
2026-08-30T07:36:52.758Z,12960.175,500,1.577309001237154,4.5387270003557205,6.576624000445008,82.54997400008142,50,3.90981600061059,5.060235999524593,11.924559999257326,11.924559999257326
2026-08-30T07:37:02.758Z,12970.175,500,1.5937290005385876,4.540095999836922,4.75462600030005,57.02733499929309,50,3.8344369996339083,5.8681349996477365,5.960914999246597,5.960914999246597
2026-08-30T07:37:12.759Z,12980.176,500,1.5500090010464191,4.531076999381185,6.921524001285434,58.18639300018549,50,3.818486999720335,5.868055000901222,5.926124999299645,5.926124999299645
2026-08-30T07:37:22.758Z,12990.175,500,1.5651089996099472,4.512366000562906,6.824865000322461,77.87031799927354,50,3.8501169998198748,5.8614850006997585,6.006165001541376,6.006165001541376
2026-08-30T07:37:32.760Z,13000.176,500,1.5564390011131763,4.53617599979043,6.259205000475049,83.49252299964428,50,3.8460969999432564,5.817565999925137,12.228279998525977,12.228279998525977
2026-08-30T07:37:42.760Z,13010.175,500,1.5751380007714033,4.543035998940468,4.781726000830531,84.94322200119495,50,3.8187869992107153,5.109046000987291,5.989826001226902,5.989826001226902
2026-08-30T07:37:52.759Z,13020.176,500,1.600798999890685,4.572365999221802,4.918345998972654,83.17354300059378,50,3.8522969987243414,5.022095998749137,6.043715000152588,6.043715000152588
2026-08-30T07:38:02.759Z,13030.176,500,1.59510900080204,4.54980600066483,6.450375000014901,77.3605680000037,50,3.880986999720335,5.099965000525117,6.067815000191331,6.067815000191331
2026-08-30T07:38:12.761Z,13040.177,500,1.610708000138402,4.563256001099944,5.070986000820994,77.40759800001979,50,3.7825370002537966,5.1448160000145435,6.16397500038147,6.16397500038147
2026-08-30T07:38:22.761Z,13050.176,500,1.5996579993516207,4.538856999948621,6.752945000305772,77.57836800068617,50,3.8449670001864433,5.837224999442697,6.1252849996089935,6.1252849996089935
2026-08-30T07:38:32.760Z,13060.176,500,1.58941899985075,4.542576000094414,5.0270160008221865,77.16092799976468,50,3.949687000364065,5.185515999794006,5.826015999540687,5.826015999540687
2026-08-30T07:38:42.761Z,13070.176,500,1.5789390001446009,4.546906000003219,5.272606000304222,56.33987399935722,50,3.955817000940442,4.9933559987694025,5.8271459992975,5.8271459992975
2026-08-30T07:38:52.760Z,13080.176,500,1.6227679997682571,4.533957000821829,5.8446450009942055,23.069481000304222,50,3.8765069991350174,5.888664999976754,14.267378000542521,14.267378000542521
2026-08-30T07:39:02.760Z,13090.176,500,1.6161380000412464,4.565325999632478,6.884364999830723,77.4728580005467,50,3.8002269994467497,5.207665000110865,5.5409260001033545,5.5409260001033545
2026-08-30T07:39:12.761Z,13100.176,500,1.5734090004116297,4.519216001033783,4.843976000323892,76.52762900106609,50,3.894667001441121,5.041966000571847,5.9053549990057945,5.9053549990057945
2026-08-30T07:39:22.761Z,13110.176,500,1.6023789998143911,4.560487000271678,5.135306000709534,77.75490799918771,50,3.8087670002132654,5.059055998921394,6.006864998489618,6.006864998489618
2026-08-30T07:39:32.761Z,13120.177,500,1.5841990001499653,4.574177000671625,5.1577059999108315,78.30381700024009,50,3.9385259989649057,5.85343499854207,6.098914999514818,6.098914999514818
2026-08-30T07:39:42.760Z,13130.176,500,1.6108090002089739,4.563325999304652,5.009805999696255,77.09685800038278,50,3.967856999486685,5.0725259985774755,6.080314999446273,6.080314999446273
2026-08-30T07:39:52.760Z,13140.176,500,1.6018180008977652,4.540426000952721,5.039006000384688,76.9484380017966,50,3.8736770004034042,5.167255999520421,6.072215000167489,6.072215000167489
2026-08-30T07:40:02.760Z,13150.177,500,1.6013489998877048,4.545126998797059,5.309266000986099,77.14143799990416,50,3.907676998525858,5.173426000401378,6.1449949983507395,6.1449949983507395
2026-08-30T07:40:12.759Z,13160.176,500,1.5454379990696907,4.485545998439193,4.753785999491811,23.754860999062657,50,3.8113470003008842,5.824224999174476,5.871576000005007,5.871576000005007
2026-08-30T07:40:22.760Z,13170.177,500,1.635138999670744,4.566806001588702,4.9724659994244576,56.707575000822544,50,3.9228370003402233,5.956894999369979,12.328219998627901,12.328219998627901
2026-08-30T07:40:32.759Z,13180.176,500,1.6364689990878105,4.643697001039982,5.907914999872446,79.06504600122571,50,3.915097000077367,5.1220260001719,6.07757500000298,6.07757500000298
2026-08-30T07:40:42.761Z,13190.176,500,1.5817980002611876,4.5891260001808405,6.115794999524951,78.64072700031102,50,3.757507000118494,5.0878350008279085,5.898885000497103,5.898885000497103
2026-08-30T07:40:52.761Z,13200.176,500,1.604729000478983,4.535995999351144,6.520143998786807,81.33607500046492,50,3.9123769998550415,5.987745000049472,13.197639999911189,13.197639999911189
2026-08-30T07:41:02.761Z,13210.176,500,1.6269889995455742,4.562886999920011,6.732513999566436,76.1937190014869,50,3.942127000540495,5.21055599860847,5.9676249995827675,5.9676249995827675
2026-08-30T07:41:12.759Z,13220.176,500,1.6222089994698763,4.5917670000344515,6.805375000461936,84.02224199846387,50,3.893247000873089,5.926924999803305,12.17383100092411,12.17383100092411
2026-08-30T07:41:22.761Z,13230.176,500,1.630868000909686,4.560235999524593,4.725886000320315,58.17190399952233,50,4.051045998930931,5.197545999661088,6.126315001398325,6.126315001398325
2026-08-30T07:41:32.761Z,13240.177,500,1.62979899905622,4.540735999122262,6.184735000133514,83.60856300033629,50,3.966297000646591,5.930104998871684,12.516950000077486,12.516950000077486
2026-08-30T07:41:42.759Z,13250.176,500,1.5806790012866259,4.52509600110352,4.861975999549031,80.5162259992212,50,3.8601369988173246,5.171105999499559,5.841114999726415,5.841114999726415
2026-08-30T07:41:52.761Z,13260.176,500,1.5544990003108978,4.530775999650359,4.984875999391079,81.7358739990741,50,3.7922170013189316,5.066115999594331,5.884316001087427,5.884316001087427
2026-08-30T07:42:02.761Z,13270.176,500,1.582048999145627,4.54487599991262,7.088475000113249,78.91107700020075,50,3.8924369998276234,5.181506000459194,5.927404999732971,5.927404999732971
2026-08-30T07:42:12.761Z,13280.177,500,1.6104589998722076,4.553476000204682,6.302154999226332,80.39663499966264,50,3.951027000322938,5.18571599945426,5.952165000140667,5.952165000140667
2026-08-30T07:42:22.759Z,13290.176,500,1.5828489996492863,4.549436001107097,5.252715999260545,81.43033500015736,50,3.869617000222206,4.897336998954415,5.928015999495983,5.928015999495983
2026-08-30T07:42:32.761Z,13300.176,500,1.5793089997023344,4.564086999744177,5.076645998284221,78.29984799958766,50,3.794497000053525,4.861695999279618,5.809755001217127,5.809755001217127
2026-08-30T07:42:42.760Z,13310.176,500,1.6041289996355772,4.539247000589967,6.951713999733329,82.5646139997989,50,3.823897000402212,5.892374999821186,5.962474999949336,5.962474999949336
2026-08-30T07:42:52.761Z,13320.176,500,1.5956889986991882,4.544166000559926,6.6229149997234344,79.27785700000823,50,3.807957001030445,5.024996999651194,7.464004000648856,7.464004000648856
2026-08-30T07:43:02.759Z,13330.176,500,1.567408001050353,4.5514560006558895,5.325076000764966,80.14151600003242,50,3.9054870009422302,5.137476000934839,5.933475000783801,5.933475000783801
2026-08-30T07:43:12.759Z,13340.176,500,1.5928479991853237,4.547995999455452,6.423805000260472,81.46305399946868,50,4.758136000484228,5.858125001192093,6.108256001025438,6.108256001025438
2026-08-30T07:43:22.759Z,13350.176,500,1.5726789999753237,4.561727000400424,4.714896000921726,78.90355700068176,50,3.8395269997417927,5.856565000489354,6.09421500004828,6.09421500004828
2026-08-30T07:43:32.761Z,13360.176,500,1.5527480002492666,4.53277700021863,4.838436000049114,82.76838300004601,50,3.804186999797821,5.0485359989106655,5.153496000915766,5.153496000915766
2026-08-30T07:43:42.759Z,13370.176,500,1.5718980003148317,4.560455998405814,6.8536050003021955,80.7488559987396,50,3.908977000042796,5.900396000593901,6.036085000261664,6.036085000261664
2026-08-30T07:43:52.760Z,13380.177,500,1.5880490001291037,4.532856000587344,4.850395999848843,81.98137400113046,50,3.8146969992667437,5.829804999753833,6.137385001406074,6.137385001406074
2026-08-30T07:44:02.761Z,13390.176,500,1.5645189993083477,4.533336000517011,6.889344999566674,81.07050499878824,50,3.7925570011138916,4.913596000522375,5.870845001190901,5.870845001190901
2026-08-30T07:44:12.762Z,13400.177,500,1.5830290000885725,4.535445999354124,4.832615999504924,81.62302500009537,50,3.886117000132799,5.100996000692248,5.947724999859929,5.947724999859929
2026-08-30T07:44:22.762Z,13410.177,500,1.5639979988336563,4.539645999670029,5.491434000432491,79.74395499937236,50,3.938146000728011,5.866145998239517,5.920765001326799,5.920765001326799
2026-08-30T07:44:32.761Z,13420.178,500,1.6072579994797707,4.527325998991728,5.210343999788165,82.30173099972308,50,3.845626000314951,5.113505000248551,6.018263999372721,6.018263999372721
2026-08-30T07:44:42.763Z,13430.178,500,1.5740179996937513,4.535134999081492,5.4206140004098415,80.7197529990226,50,3.8658560011535883,5.858704000711441,5.9205040000379086,5.9205040000379086
2026-08-30T07:44:52.761Z,13440.178,500,1.5828280001878738,4.52318499982357,4.875205000862479,78.0960759986192,50,4.067436000332236,5.147404000163078,9.081490000709891,9.081490000709891
2026-08-30T07:45:02.761Z,13450.178,499,1.5846679992973804,4.587524998933077,7.882252000272274,95.49392700009048,50,3.827936001121998,5.842903999611735,5.875623999163508,5.875623999163508
2026-08-30T07:45:12.762Z,13460.179,501,1.5742680002003908,4.547265000641346,7.273741999641061,87.78641599975526,50,3.84939599968493,5.139624999836087,5.193984000012279,5.193984000012279
2026-08-30T07:45:22.761Z,13470.178,500,1.5911190006881952,4.559605000540614,4.902494000270963,87.8705159984529,50,3.912595000118017,5.153364999219775,6.276372998952866,6.276372998952866
2026-08-30T07:45:32.762Z,13480.178,500,1.5918690003454685,4.550555000081658,4.826394999399781,83.04704100079834,50,3.83300600014627,5.169035000726581,5.896453998982906,5.896453998982906
2026-08-30T07:45:42.762Z,13490.178,500,1.5295080002397299,4.481695000082254,4.839003998786211,93.84895899891853,50,3.788246000185609,5.818923998624086,5.870044000446796,5.870044000446796
2026-08-30T07:45:52.763Z,13500.178,500,1.5301779992878437,4.4824349991977215,6.931283000856638,92.98097900114954,50,3.741755999624729,4.929205000400543,5.845103999599814,5.845103999599814
2026-08-30T07:46:02.762Z,13510.179,500,1.5898889992386103,4.580874999985099,5.086524998769164,86.01480700075626,50,3.798046000301838,4.996604999527335,5.120123999193311,5.120123999193311
2026-08-30T07:46:12.761Z,13520.178,500,1.6723880004137754,4.598065000027418,7.102002000436187,85.67194800078869,50,3.8634060006588697,5.02560400031507,12.31959700025618,12.31959700025618
2026-08-30T07:46:22.763Z,13530.178,500,1.5566980000585318,4.543434999883175,6.905682999640703,84.88216899894178,50,3.7963260002434254,5.042604001238942,5.931423999369144,5.931423999369144
2026-08-30T07:46:32.761Z,13540.178,500,1.5217779986560345,4.494715999811888,5.098625000566244,89.18704400025308,50,3.7611960005015135,5.0302949994802475,5.106453999876976,5.106453999876976
2026-08-30T07:46:42.761Z,13550.178,500,1.561328999698162,4.54131499864161,5.224373999983072,80.1433039996773,50,3.817645998671651,5.078544998541474,6.325673000887036,6.325673000887036
2026-08-30T07:46:52.763Z,13560.179,500,1.602368000894785,4.554595999419689,6.988053001463413,85.28849800117314,50,3.9066860005259514,5.827374000102282,6.037082999944687,6.037082999944687
2026-08-30T07:47:02.763Z,13570.178,500,1.5727180000394583,4.522055000066757,5.292475000023842,82.76538100093603,50,3.819776000455022,5.914533000439405,5.951174000278115,5.951174000278115
2026-08-30T07:47:12.763Z,13580.178,500,1.5767679996788502,4.5538849998265505,4.858854999765754,88.5201550014317,50,3.900236001238227,5.934853000566363,6.056073000654578,6.056073000654578
2026-08-30T07:47:22.763Z,13590.178,500,1.5614279992878437,4.519245000556111,4.963283998891711,85.95416799932718,50,3.8623259998857975,5.197053998708725,5.915333999320865,5.915333999320865
2026-08-30T07:47:32.763Z,13600.179,500,1.526197999715805,4.495415000244975,4.816093999892473,82.7863710001111,50,3.8069659993052483,5.86553299985826,5.95376299880445,5.95376299880445
2026-08-30T07:47:42.763Z,13610.178,500,1.590548999607563,4.523114999756217,5.3390750009566545,80.780222998932,50,3.8314859997481108,6.031883999705315,6.080513998866081,6.080513998866081
2026-08-30T07:47:52.763Z,13620.179,500,1.5785280000418425,4.535744998604059,6.992052000015974,88.63091400079429,50,3.989155000075698,6.063503000885248,6.084963999688625,6.084963999688625
2026-08-30T07:48:02.761Z,13630.178,499,1.5782980006188154,4.5347350016236305,6.825983000919223,95.2501069996506,50,3.9351160004734993,5.889103999361396,5.9353640004992485,5.9353640004992485
2026-08-30T07:48:12.762Z,13640.179,501,1.6204080004245043,4.572884999215603,6.866743000224233,81.50059299916029,50,3.8858059998601675,5.856283999979496,6.033044001087546,6.033044001087546
2026-08-30T07:48:22.763Z,13650.178,500,1.571637999266386,4.525325998663902,5.167764000594616,80.83136299997568,50,3.8122150003910065,5.9080630000680685,6.039412999525666,6.039412999525666
2026-08-30T07:48:32.762Z,13660.179,500,1.5950980000197887,4.519254999235272,4.815154999494553,88.62112400121987,50,3.977725001052022,5.858943998813629,6.024224000051618,6.024224000051618
2026-08-30T07:48:42.763Z,13670.179,500,1.715497998520732,4.573234999552369,7.171181999146938,80.40317399986088,50,3.973115999251604,6.010894000530243,15.123864000663161,15.123864000663161
2026-08-30T07:48:52.763Z,13680.179,500,1.707048000767827,4.64058499969542,7.143472999334335,87.28073599934578,50,3.9431159999221563,6.109624000266194,7.0950530003756285,7.0950530003756285
2026-08-30T07:49:02.764Z,13690.178,500,1.6086589992046356,4.538304999470711,6.974533000960946,82.60791100002825,50,4.041465999558568,5.9510740004479885,12.246677000075579,12.246677000075579
2026-08-30T07:49:12.763Z,13700.179,500,1.5797779988497496,4.54721499979496,6.925982000306249,82.29934100061655,50,4.780654998496175,6.132733998820186,6.182044001296163,6.182044001296163
2026-08-30T07:49:22.763Z,13710.178,500,1.552427999675274,4.518945001065731,5.298554001376033,85.2631479986012,50,4.383175000548363,5.901434000581503,6.034912999719381,6.034912999719381
2026-08-30T07:49:32.762Z,13720.178,500,1.5811289995908737,4.545424999669194,7.1724820006638765,82.85796100087464,50,3.992645001038909,5.9122839998453856,13.175246000289917,13.175246000289917
2026-08-30T07:49:42.763Z,13730.178,500,1.554958999156952,4.555734999477863,5.207093998789787,89.52601400017738,50,4.003065999597311,5.769284000620246,5.869013000279665,5.869013000279665
2026-08-30T07:49:52.762Z,13740.178,500,1.6007679998874664,4.567585000768304,6.199033999815583,89.56427299976349,50,3.977115999907255,5.890853999182582,6.123344000428915,6.123344000428915
2026-08-30T07:50:02.761Z,13750.178,500,1.5700379982590675,4.5221349988132715,4.886885000392795,89.15194400027394,50,3.894886000081897,5.854523999616504,6.13854300044477,6.13854300044477
2026-08-30T07:50:12.761Z,13760.178,500,1.5864080004394054,4.534375000745058,6.0957830008119345,89.41870400123298,50,3.8453159984201193,5.889933999627829,6.039953000843525,6.039953000843525
2026-08-30T07:50:22.762Z,13770.179,500,1.5900190006941557,4.517656000331044,6.9438729993999,80.77746300026774,50,4.7632349990308285,5.9474229998886585,6.117833999916911,6.117833999916911
2026-08-30T07:50:32.763Z,13780.18,500,1.6016879994422197,4.573835000395775,5.667663000524044,82.35127099975944,50,3.992486000061035,5.997573999688029,6.303124001249671,6.303124001249671
2026-08-30T07:50:42.764Z,13790.181,500,1.5883980002254248,4.547245001420379,5.312824999913573,89.41611400060356,50,4.0521860010921955,6.139252999797463,6.2582329995930195,6.2582329995930195
2026-08-30T07:50:52.764Z,13800.18,500,1.5533789992332458,4.490684999153018,6.910962000489235,81.57297199964523,50,3.950765999034047,6.03740300051868,6.168922999873757,6.168922999873757
2026-08-30T07:51:02.763Z,13810.18,501,1.5781780015677214,4.5526449996978045,5.818453999236226,91.2420220002532,50,4.035775000229478,5.962603999301791,6.989451998844743,6.989451998844743
2026-08-30T07:51:12.764Z,13820.181,499,1.6042780000716448,4.582905000075698,6.938162000849843,82.44932099990547,50,4.042254999279976,6.188043000176549,7.161892998963594,7.161892998963594
2026-08-30T07:51:22.764Z,13830.181,500,1.6863579992204905,4.590235000476241,5.384664000943303,83.79564000107348,50,4.191075000911951,6.336363000795245,12.368536999449134,12.368536999449134
2026-08-30T07:51:32.765Z,13840.18,500,1.5802180003374815,4.559365000575781,4.808974999934435,88.04187500104308,50,4.763784000650048,6.13404299877584,7.207701999694109,7.207701999694109
2026-08-30T07:51:42.765Z,13850.181,500,1.599107999354601,4.536834999918938,6.910063000395894,79.7371350005269,50,4.794854998588562,6.37385299988091,7.263631999492645,7.263631999492645
2026-08-30T07:51:52.763Z,13860.18,501,1.6017380002886057,4.533685000613332,4.921245001256466,81.89284200035036,50,4.756895000115037,5.96166299842298,7.188372001051903,7.188372001051903
2026-08-30T07:52:02.765Z,13870.18,500,1.5693590007722378,4.5382949989289045,5.172775000333786,82.48001099936664,50,4.762274999171495,6.0942729990929365,7.0446620006114244,7.0446620006114244
2026-08-30T07:52:12.763Z,13880.18,499,1.6057879999279976,4.551115000620484,6.735852999612689,81.00280299969018,50,3.9661060012876987,6.920183001086116,7.124501999467611,7.124501999467611
2026-08-30T07:52:22.763Z,13890.18,500,1.6093279998749495,4.48883599974215,4.938415000215173,80.21319399960339,50,4.8756150007247925,7.038883000612259,7.20580199919641,7.20580199919641
2026-08-30T07:52:32.764Z,13900.18,500,1.5732280015945435,4.548905000090599,6.935732999816537,79.73041399940848,50,3.878235999494791,6.198303001001477,7.255712000653148,7.255712000653148
2026-08-30T07:52:42.765Z,13910.181,500,1.6060489993542433,4.549994999542832,5.7003440000116825,92.47991999983788,50,4.762723999097943,6.263152999803424,7.249412998557091,7.249412998557091
2026-08-30T07:52:52.764Z,13920.18,501,1.5884980000555515,4.558454999700189,5.846944000571966,88.51927400007844,50,4.752675000578165,6.354922998696566,7.287041999399662,7.287041999399662
2026-08-30T07:53:02.763Z,13930.18,500,1.5629179999232292,4.573334999382496,4.908614998683333,82.66562099941075,50,4.852785000577569,6.989672999829054,7.99550199881196,7.99550199881196
2026-08-30T07:53:12.765Z,13940.18,499,1.5606190003454685,4.562116000801325,6.850973000749946,91.29243200086057,50,4.8179049994796515,7.99006099998951,8.383871000260115,8.383871000260115
2026-08-30T07:53:22.765Z,13950.18,501,1.5530580002814531,4.547985000535846,4.746455000713468,81.61347199976444,50,4.83500500023365,6.997913001105189,8.14538099989295,8.14538099989295
2026-08-30T07:53:32.765Z,13960.181,499,1.563579000532627,4.582524999976158,6.9316819999367,81.835100999102,50,4.87508499994874,7.032092999666929,8.048671999946237,8.048671999946237
2026-08-30T07:53:42.765Z,13970.18,501,1.5453479997813702,4.54572599940002,7.333621999248862,87.18316600099206,50,4.762383999302983,6.98535200022161,8.194652000442147,8.194652000442147
2026-08-30T07:53:52.765Z,13980.18,500,1.5557180009782314,4.528805000707507,4.770995000377297,91.51216099970043,50,4.841005001217127,8.129471000283957,12.082297001034021,12.082297001034021
2026-08-30T07:54:02.764Z,13990.181,499,1.5463590007275343,4.559164999052882,4.917464001104236,86.04045799933374,50,4.8445950001478195,7.090252000838518,8.099880998954177,8.099880998954177
2026-08-30T07:54:12.764Z,14000.18,501,1.5745880007743835,4.531775999814272,6.460052998736501,83.59408999979496,50,4.729854999110103,6.303203999996185,7.070811999961734,7.070811999961734
2026-08-30T07:54:22.765Z,14010.18,500,1.557567998766899,4.5407050009816885,5.865124000236392,93.45489900000393,50,5.021265000104904,7.951641999185085,8.233980998396873,8.233980998396873
2026-08-30T07:54:32.765Z,14020.18,500,1.5694779995828867,4.525945000350475,4.714534999802709,84.74175800010562,50,4.861945001408458,7.122042000293732,7.98047100007534,7.98047100007534
2026-08-30T07:54:42.766Z,14030.181,499,1.5526480004191399,4.515645001083612,8.283290999010205,84.17892899923027,50,4.844424998387694,7.480112001299858,8.20550100132823,8.20550100132823
2026-08-30T07:54:52.780Z,14040.18,500,1.5591679997742176,4.522095000371337,5.00220499932766,76.57267699949443,50,4.834894999861717,7.956931000575423,8.194180998951197,8.194180998951197
2026-08-30T07:55:02.765Z,14050.181,500,1.544658999890089,4.5494350008666515,4.747464999556541,83.01755099929869,50,4.976933998987079,9.012050000950694,10.246877999976277,10.246877999976277
2026-08-30T07:55:12.764Z,14060.18,501,1.5462779998779297,4.553725998848677,6.1769230011850595,83.22178100049496,50,5.737484000623226,8.994870999827981,9.979808999225497,9.979808999225497
2026-08-30T07:55:22.763Z,14070.18,499,1.549728000536561,4.557405000552535,7.745281999930739,78.78142499923706,50,5.38370400108397,9.991559999063611,10.421927999705076,10.421927999705076
2026-08-30T07:55:32.764Z,14080.181,500,1.560809001326561,4.573225000873208,4.887884998694062,89.5640929993242,50,5.751963999122381,9.019121000543237,10.025758998468518,10.025758998468518
2026-08-30T07:55:42.763Z,14090.18,500,1.5600079987198114,4.5504549983888865,6.53473300114274,88.99979400075972,50,4.842504000291228,9.10623100027442,10.006469000130892,10.006469000130892
2026-08-30T07:55:52.763Z,14100.18,501,1.5593480002135038,4.57107499986887,6.170332999899983,82.29828100092709,50,5.763704000040889,10.070798998698592,10.363528000190854,10.363528000190854
2026-08-30T07:56:02.764Z,14110.181,499,1.6068980004638433,4.584164999425411,6.96709300018847,86.71418599970639,50,4.924784999340773,9.216679999604821,10.02198899909854,10.02198899909854
2026-08-30T07:56:12.765Z,14120.181,500,1.5781779997050762,4.569945000112057,5.307563999667764,91.27766099944711,50,5.0688140001147985,9.992639001458883,13.264615001156926,13.264615001156926
2026-08-30T07:56:22.763Z,14130.18,501,1.5829380005598068,4.588265001773834,7.010641999542713,90.19175300002098,50,4.92994400113821,10.012878999114037,10.276779001578689,10.276779001578689
2026-08-30T07:56:32.763Z,14140.18,500,1.580698000267148,4.581644998863339,4.799905000254512,83.10227999836206,50,4.94297399930656,9.142269998788834,9.979419000446796,9.979419000446796
2026-08-30T07:56:42.765Z,14150.18,500,1.5658579990267754,4.552965000271797,5.357584001496434,83.16235999949276,50,4.971603998914361,9.85279999859631,9.99681899882853,9.99681899882853
2026-08-30T07:56:52.764Z,14160.181,499,1.5412880014628172,4.548964999616146,7.604072000831366,80.1564639993012,50,4.978903999552131,10.351208999752998,10.59158799983561,10.59158799983561
2026-08-30T07:57:02.764Z,14170.181,501,1.5775879994034767,4.547434998676181,6.90612200088799,82.93881100043654,50,5.080044999718666,9.1082300003618,10.37287800014019,10.37287800014019
2026-08-30T07:57:12.764Z,14180.181,499,1.5990479998290539,4.591105001047254,8.59031100012362,85.68596700020134,50,5.974642999470234,10.175688998773694,10.311578998342156,10.311578998342156
2026-08-30T07:57:22.764Z,14190.181,500,1.592009000480175,4.613605000078678,5.326603999361396,85.23148900084198,50,5.889743000268936,9.31207999959588,9.593508999794722,9.593508999794722
2026-08-30T07:57:32.766Z,14200.181,501,1.5431280005723238,4.572274999693036,5.865383001044393,85.16538799926639,50,5.8924129996448755,9.287869999185205,10.514998000115156,10.514998000115156
2026-08-30T07:57:42.764Z,14210.181,499,1.5421489998698235,4.550644999369979,6.828043000772595,84.5303290002048,50,5.0989840012043715,10.002069000154734,10.015558999031782,10.015558999031782
2026-08-30T07:57:52.766Z,14220.181,500,1.5569780003279448,4.56827500090003,6.934712000191212,85.66480800136924,50,5.838333999738097,9.366690000519156,10.409239001572132,10.409239001572132
2026-08-30T07:58:02.764Z,14230.181,500,1.5530179999768734,4.551164999604225,7.0368920005857944,94.05908900126815,50,5.79335399903357,8.26944100111723,10.203229999169707,10.203229999169707
2026-08-30T07:58:12.764Z,14240.181,501,1.5465080011636019,4.555305000394583,6.537592999637127,94.15430899895728,50,5.866933999583125,9.997928999364376,10.340799000114202,10.340799000114202
2026-08-30T07:58:22.764Z,14250.181,500,1.5430779997259378,4.517555000260472,4.698584001511335,86.07117800042033,50,5.73938399925828,9.038750000298023,9.198499999940395,9.198499999940395
2026-08-30T07:58:32.765Z,14260.182,500,1.5482890009880066,4.5402049999684095,4.772424999624491,88.53260399959981,50,5.7991039995104074,9.156959999352694,10.181648999452591,10.181648999452591
2026-08-30T07:58:42.766Z,14270.181,500,1.582879001274705,4.578355001285672,5.928584000095725,83.13884099945426,50,5.767934000119567,9.059580000117421,9.263150000944734,9.263150000944734
2026-08-30T07:58:52.766Z,14280.181,500,1.5446880012750626,4.554405000060797,6.777243001386523,85.2161779999733,50,5.7516430001705885,9.442839998751879,10.335008999332786,10.335008999332786
2026-08-30T07:59:02.765Z,14290.181,500,1.5396379996091127,4.547086000442505,4.8671150002628565,85.1956079993397,50,5.949362998828292,9.266240000724792,10.082468999549747,10.082468999549747
2026-08-30T07:59:12.765Z,14300.181,499,1.5460480004549026,4.559824999421835,6.844143001362681,89.34152399934828,50,6.844312999397516,9.014131000265479,9.530670000240207,9.530670000240207
2026-08-30T07:59:22.766Z,14310.182,501,1.5544189997017384,4.561515999957919,4.975943999364972,88.55182499997318,50,6.006413001567125,9.058860000222921,10.132739000022411,10.132739000022411
2026-08-30T07:59:32.766Z,14320.181,500,1.5526179987937212,4.559824999421835,4.912675000727177,86.81796600110829,50,5.901964001357555,8.217360999435186,9.292810000479221,9.292810000479221
2026-08-30T07:59:42.764Z,14330.181,500,1.539198998361826,4.538994999602437,6.946272000670433,91.9866399988532,50,5.993583001196384,9.223369998857379,9.557900000363588,9.557900000363588
2026-08-30T07:59:52.764Z,14340.181,499,1.5818479992449284,4.584125000983477,6.987332001328468,84.5715289991349,50,6.063583999872208,9.289850000292063,10.126058999449015,10.126058999449015
2026-08-30T08:00:02.765Z,14350.182,501,1.5891779996454716,4.5698150005191565,6.617422999814153,82.72732099890709,50,6.16966399922967,8.57970100082457,9.293999999761581,9.293999999761581
2026-08-30T08:00:12.764Z,14360.181,499,1.5525380000472069,4.555144999176264,6.965833000838757,82.2969819996506,50,6.0078840013593435,9.324399998411536,10.393498999997973,10.393498999997973
2026-08-30T08:00:22.766Z,14370.181,500,1.5488179996609688,4.540575999766588,4.979604000225663,90.90776200033724,50,6.01885399967432,9.184040000662208,10.060169000178576,10.060169000178576
2026-08-30T08:00:32.764Z,14380.181,501,1.5544689986854792,4.539115000516176,4.765154000371695,84.37066899985075,50,6.123623000457883,9.105000998824835,10.065758999437094,10.065758999437094
2026-08-30T08:00:42.764Z,14390.181,500,1.5561979990452528,4.556734999641776,6.17077299952507,83.0313210003078,50,5.887242998927832,9.515599999576807,10.072488998994231,10.072488998994231
2026-08-30T08:00:52.566Z,14399.982,490,1.5623489990830421,4.544885000213981,4.872094999998808,10.264108998700976,49,5.901304000988603,9.031161000952125,10.069109000265598,10.069109000265598
