timestamp,elapsed_seconds,rss_bytes,peak_rss_bytes,process_swap_bytes,pss_bytes,anonymous_bytes,private_clean_bytes,private_dirty_bytes,shared_clean_bytes,shared_dirty_bytes,lazy_free_bytes,anonymous_huge_pages_bytes,system_available_bytes,system_swap_used_bytes,load_1
2026-08-30T04:00:52.634Z,0.052,782237696,783396864,0,779981824,775016448,16384,779919360,2551808,0,0,0,13015457792,0,3.34
2026-08-30T04:01:02.631Z,10.049,787013632,787013632,0,784430080,779452416,16384,784367616,2551808,0,0,0,13027131392,0,2.9
2026-08-30T04:01:12.630Z,20.048,790777856,790777856,0,788272128,783294464,4931584,783294464,2551808,0,0,0,13035642880,0,2.54
2026-08-30T04:01:22.635Z,30.053,795049984,795049984,0,792486912,787509248,4931584,787509248,2551808,0,0,0,13035237376,0,2.62
2026-08-30T04:01:32.630Z,40.048,798621696,798953472,0,796124160,791146496,4931584,791146496,2551808,0,0,0,13020540928,0,2.3
2026-08-30T04:01:42.633Z,50.051,802512896,802512896,0,799941632,794963968,4931584,794963968,2551808,0,0,0,13019754496,0,2.1
2026-08-30T04:01:52.626Z,60.044,806621184,806621184,0,804054016,799076352,4931584,799076352,2551808,0,0,0,13016264704,0,1.77
2026-08-30T04:02:02.629Z,70.047,810582016,811208704,0,808096768,803119104,4931584,803119104,2551808,0,0,0,13012008960,0,1.5
2026-08-30T04:02:12.638Z,80.056,814788608,814854144,0,812225536,807247872,4931584,807247872,2551808,0,0,0,13007249408,0,1.34
2026-08-30T04:02:22.631Z,90.049,816431104,817844224,0,813925376,808947712,4931584,808947712,2551808,0,0,0,13004816384,0,1.14
2026-08-30T04:02:32.632Z,100.05,817893376,819154944,0,815387648,810409984,4931584,810409984,2551808,0,0,0,13003083776,0,1.04
2026-08-30T04:02:42.627Z,110.045,818896896,820293632,0,816440320,811462656,4931584,811462656,2551808,0,0,0,13000495104,0,1.03
2026-08-30T04:02:52.638Z,120.056,820244480,821927936,0,817738752,812761088,4931584,812761088,2551808,0,0,0,12998459392,0,0.87
2026-08-30T04:03:02.625Z,130.043,821366784,822665216,0,818910208,813932544,4931584,813932544,2551808,0,0,0,12998881280,0,0.74
2026-08-30T04:03:12.627Z,140.045,822358016,823779328,0,819905536,814927872,4931584,814927872,2551808,0,0,0,12998791168,0,0.79
2026-08-30T04:03:22.625Z,150.043,819212288,823779328,0,816804864,811827200,4931584,811827200,2551808,0,0,0,12998262784,0,0.66
2026-08-30T04:03:32.629Z,160.047,820346880,823779328,0,817763328,812785664,4931584,812785664,2551808,0,0,0,12998889472,0,0.56
2026-08-30T04:03:42.635Z,170.053,821395456,823779328,0,818889728,813912064,4931584,813912064,2551808,0,0,0,12999983104,0,0.47
2026-08-30T04:03:52.632Z,180.049,822390784,823902208,0,819778560,814800896,4931584,814800896,2551808,0,0,0,12998434816,0,0.4
2026-08-30T04:04:02.625Z,190.043,819593216,823902208,0,816940032,811962368,4931584,811962368,2551808,0,0,0,12999434240,0,0.42
2026-08-30T04:04:12.626Z,200.044,820609024,823902208,0,818140160,813162496,4931584,813162496,2551808,0,0,0,12999213056,0,0.43
2026-08-30T04:04:22.624Z,210.042,821567488,823902208,0,818934784,813957120,4931584,813957120,2551808,0,0,0,12999864320,0,0.36
2026-08-30T04:04:32.627Z,220.045,818569216,823902208,0,816153600,811175936,4931584,811175936,2551808,0,0,0,13004742656,0,0.31
2026-08-30T04:04:42.633Z,230.051,819593216,823902208,0,816907264,811929600,4931584,811929600,2551808,0,0,0,13002850304,0,0.26
2026-08-30T04:04:52.638Z,240.056,820629504,823902208,0,818123776,813146112,4931584,813146112,2551808,0,0,0,13003239424,0,0.3
2026-08-30T04:05:02.633Z,250.051,821022720,823902208,0,818562048,813584384,4931584,813584384,2551808,0,0,0,13001945088,0,0.25
2026-08-30T04:05:12.632Z,260.05,821858304,823902208,0,819184640,814206976,4931584,814206976,2551808,0,0,0,12999782400,0,0.29
2026-08-30T04:05:22.627Z,270.045,823025664,824807424,0,820339712,815362048,4931584,815362048,2551808,0,0,0,13000286208,0,0.32
2026-08-30T04:05:32.626Z,280.044,823508992,825298944,0,821052416,816074752,4931584,816074752,2551808,0,0,0,13000216576,0,0.27
2026-08-30T04:05:42.625Z,290.043,824606720,826204160,0,822146048,817168384,4931584,817168384,2551808,0,0,0,12999127040,0,0.38
2026-08-30T04:05:52.626Z,300.044,825774080,827453440,0,823325696,818348032,4931584,818348032,2551808,0,0,0,13000597504,0,0.32
2026-08-30T04:06:02.626Z,310.044,826359808,828043264,0,823714816,818737152,4931584,818737152,2551808,0,0,0,12998451200,0,0.27
2026-08-30T04:06:12.625Z,320.043,827379712,829132800,0,824734720,819757056,4931584,819757056,2551808,0,0,0,12998455296,0,0.23
2026-08-30T04:06:22.626Z,330.044,828407808,830210048,0,825709568,820731904,4931584,820731904,2551808,0,0,0,12997492736,0,0.35
2026-08-30T04:06:32.627Z,340.045,828637184,830492672,0,826168320,821190656,4931584,821190656,2551808,0,0,0,12998688768,0,0.37
2026-08-30T04:06:42.628Z,350.046,829054976,830742528,0,826393600,821415936,4931584,821415936,2551808,0,0,0,12996968448,0,0.39
2026-08-30T04:06:52.634Z,360.052,829882368,831373312,0,827376640,822398976,4931584,822398976,2551808,0,0,0,12995317760,0,0.41
2026-08-30T04:07:02.627Z,370.045,830337024,831787008,0,827868160,822890496,4931584,822890496,2551808,0,0,0,12994908160,0,0.35
2026-08-30T04:07:12.633Z,380.051,830791680,832307200,0,828093440,823115776,4931584,823115776,2551808,0,0,0,12996907008,0,0.37
2026-08-30T04:07:22.630Z,390.048,831410176,832937984,0,828941312,823963648,4931584,823963648,2551808,0,0,0,12997644288,0,0.46
2026-08-30T04:07:32.627Z,400.045,831897600,833454080,0,829428736,824451072,4931584,824451072,2551808,0,0,0,12997165056,0,0.39
2026-08-30T04:07:42.633Z,410.051,832962560,834437120,0,830493696,825516032,4931584,825516032,2551808,0,0,0,12995776512,0,0.33
2026-08-30T04:07:52.627Z,420.045,833622016,835096576,0,831185920,826208256,4931584,826208256,2551808,0,0,0,12994174976,0,0.28
2026-08-30T04:08:02.628Z,430.046,829886464,835096576,0,827196416,822218752,4931584,822218752,2551808,0,0,0,12998344704,0,0.23
2026-08-30T04:08:12.628Z,440.046,830971904,835096576,0,828281856,823304192,4931584,823304192,2551808,0,0,0,12997160960,0,0.2
2026-08-30T04:08:22.630Z,450.048,831397888,835096576,0,828937216,823959552,4931584,823959552,2551808,0,0,0,12996861952,0,0.17
2026-08-30T04:08:32.628Z,460.046,832094208,835096576,0,829633536,824655872,4931584,824655872,2551808,0,0,0,12995465216,0,0.14
2026-08-30T04:08:42.627Z,470.045,833155072,835096576,0,830694400,825716736,4931584,825716736,2551808,0,0,0,12995432448,0,0.19
2026-08-30T04:08:52.639Z,480.057,833552384,835096576,0,830817280,825839616,4931584,825839616,2551808,0,0,0,12993904640,0,0.24
2026-08-30T04:09:02.627Z,490.045,833626112,835112960,0,831247360,826269696,4931584,826269696,2551808,0,0,0,12993372160,0,0.21
2026-08-30T04:09:12.628Z,500.046,830054400,835112960,0,827585536,822607872,4931584,822607872,2551808,0,0,0,12997783552,0,0.65
2026-08-30T04:09:22.629Z,510.047,830181376,835112960,0,827712512,822734848,4931584,822734848,2551808,0,0,0,12993695744,0,0.7
2026-08-30T04:09:32.629Z,520.047,830455808,835112960,0,827765760,822788096,4931584,822788096,2551808,0,0,0,12995039232,0,0.59
2026-08-30T04:09:42.630Z,530.048,830590976,835112960,0,827995136,823017472,4931584,823017472,2551808,0,0,0,12998467584,0,0.5
2026-08-30T04:09:52.630Z,540.048,830881792,835112960,0,828515328,823537664,4931584,823537664,2551808,0,0,0,12998410240,0,0.42
2026-08-30T04:10:02.630Z,550.048,831160320,835112960,0,828699648,823721984,4931584,823721984,2551808,0,0,0,12997251072,0,0.36
2026-08-30T04:10:12.631Z,560.049,832094208,835112960,0,829678592,824700928,4931584,824700928,2551808,0,0,0,12995690496,0,0.3
2026-08-30T04:10:22.630Z,570.048,832458752,835112960,0,829989888,825012224,4931584,825012224,2551808,0,0,0,12996026368,0,0.26
2026-08-30T04:10:32.629Z,580.047,833662976,835112960,0,831194112,826216448,4931584,826216448,2551808,0,0,0,12994805760,0,0.22
2026-08-30T04:10:42.635Z,590.053,834215936,835756032,0,831755264,826777600,4931584,826777600,2551808,0,0,0,12995084288,0,0.18
2026-08-30T04:10:52.632Z,600.05,834244608,835936256,0,831669248,826691584,4931584,826691584,2551808,0,0,0,12993716224,0,0.23
2026-08-30T04:11:02.630Z,610.048,834940928,836534272,0,832480256,827502592,4931584,827502592,2551808,0,0,0,12993376256,0,0.28
2026-08-30T04:11:12.631Z,620.049,835076096,836538368,0,832607232,827629568,4931584,827629568,2551808,0,0,0,12992208896,0,0.24
2026-08-30T04:11:22.630Z,630.048,835227648,836734976,0,832758784,827781120,4931584,827781120,2551808,0,0,0,12993449984,0,0.27
2026-08-30T04:11:32.636Z,640.054,835338240,836743168,0,832869376,827891712,4931584,827891712,2551808,0,0,0,12991045632,0,0.23
2026-08-30T04:11:42.632Z,650.05,835866624,837312512,0,833221632,828243968,4931584,828243968,2551808,0,0,0,12990644224,0,0.19
2026-08-30T04:11:52.631Z,660.049,836567040,838389760,0,833958912,828981248,4931584,828981248,2551808,0,0,0,12991217664,0,0.24
2026-08-30T04:12:02.630Z,670.048,837271552,838938624,0,834802688,829825024,4931584,829825024,2551808,0,0,0,12981202944,0,0.2
2026-08-30T04:12:12.631Z,680.049,837988352,839606272,0,835298304,830320640,4931584,830320640,2551808,0,0,0,12987232256,0,0.24
2026-08-30T04:12:22.631Z,690.049,838221824,839798784,0,835752960,830775296,4931584,830775296,2551808,0,0,0,12987588608,0,0.36
2026-08-30T04:12:32.632Z,700.05,838373376,839938048,0,835904512,830926848,4931584,830926848,2551808,0,0,0,12989243392,0,0.38
2026-08-30T04:12:42.636Z,710.054,839528448,841089024,0,837059584,832081920,4931584,832081920,2551808,0,0,0,12984721408,0,0.32
2026-08-30T04:12:52.633Z,720.051,839737344,841191424,0,837268480,832290816,4931584,832290816,2551808,0,0,0,12982640640,0,0.27
2026-08-30T04:13:02.634Z,730.052,839811072,841445376,0,837305344,832327680,4931584,832327680,2551808,0,0,0,12981948416,0,0.3
2026-08-30T04:13:12.637Z,740.055,839790592,841445376,0,837219328,832241664,4931584,832241664,2551808,0,0,0,12983320576,0,0.26
2026-08-30T04:13:22.637Z,750.055,840044544,841445376,0,837542912,832565248,4931584,832565248,2551808,0,0,0,12982927360,0,0.22
2026-08-30T04:13:32.632Z,760.05,839987200,841543680,0,837518336,832540672,4931584,832540672,2551808,0,0,0,12983054336,0,0.18
2026-08-30T04:13:42.634Z,770.052,839983104,841617408,0,837514240,832536576,4931584,832536576,2551808,0,0,0,12983218176,0,0.15
2026-08-30T04:13:52.632Z,780.05,840126464,841633792,0,837657600,832679936,4931584,832679936,2551808,0,0,0,12983369728,0,0.13
2026-08-30T04:14:02.635Z,790.053,840978432,842289152,0,838300672,833323008,4931584,833323008,2551808,0,0,0,12984307712,0,0.11
2026-08-30T04:14:12.632Z,800.05,841125888,842690560,0,838665216,833687552,4931584,833687552,2551808,0,0,0,12983705600,0,0.09
2026-08-30T04:14:22.633Z,810.051,840749056,842690560,0,838288384,833310720,4931584,833310720,2551808,0,0,0,12985667584,0,0.08
2026-08-30T04:14:32.635Z,820.053,841302016,842973184,0,838841344,833863680,4931584,833863680,2551808,0,0,0,12984930304,0,0.06
2026-08-30T04:14:42.638Z,830.056,841457664,842973184,0,838988800,834011136,4931584,834011136,2551808,0,0,0,12984094720,0,0.05
2026-08-30T04:14:52.634Z,840.052,841994240,843608064,0,839296000,834318336,4931584,834318336,2551808,0,0,0,12983525376,0,0.05
2026-08-30T04:15:02.633Z,850.051,837943296,843608064,0,835474432,830496768,4931584,830496768,2551808,0,0,0,12986372096,0,0.04
2026-08-30T04:15:12.633Z,860.051,838586368,843608064,0,836125696,831148032,4931584,831148032,2551808,0,0,0,12985966592,0,0.11
2026-08-30T04:15:22.636Z,870.054,838590464,843608064,0,835900416,830922752,4931584,830922752,2551808,0,0,0,12985004032,0,0.1
2026-08-30T04:15:32.634Z,880.052,839213056,843608064,0,836744192,831766528,4931584,831766528,2551808,0,0,0,12985769984,0,0.08
2026-08-30T04:15:42.634Z,890.052,839282688,843608064,0,836822016,831844352,4931584,831844352,2551808,0,0,0,12985602048,0,0.22
2026-08-30T04:15:52.639Z,900.057,839450624,843608064,0,836989952,832012288,4931584,832012288,2551808,0,0,0,12986888192,0,0.19
2026-08-30T04:16:02.634Z,910.052,840151040,843608064,0,837440512,832462848,4931584,832462848,2551808,0,0,0,12985712640,0,0.16
2026-08-30T04:16:12.634Z,920.052,836120576,843608064,0,833651712,828674048,4931584,828674048,2551808,0,0,0,12989399040,0,0.13
2026-08-30T04:16:22.636Z,930.054,837255168,843608064,0,834786304,829808640,4931584,829808640,2551808,0,0,0,12988563456,0,0.19
2026-08-30T04:16:32.634Z,940.052,837369856,843608064,0,834900992,829923328,4931584,829923328,2551808,0,0,0,12987047936,0,0.16
2026-08-30T04:16:42.641Z,950.059,837988352,843608064,0,835519488,830541824,4931584,830541824,2551808,0,0,0,12985896960,0,0.14
2026-08-30T04:16:52.634Z,960.052,838017024,843608064,0,835556352,830578688,4931584,830578688,2551808,0,0,0,12986507264,0,0.12
2026-08-30T04:17:02.639Z,970.057,838635520,843608064,0,836166656,831188992,4931584,831188992,2551808,0,0,0,12985110528,0,0.17
2026-08-30T04:17:12.641Z,980.059,838688768,843608064,0,836228096,831250432,4931584,831250432,2551808,0,0,0,12986261504,0,0.14
2026-08-30T04:17:22.635Z,990.053,840019968,843608064,0,837329920,832352256,4931584,832352256,2551808,0,0,0,12985384960,0,0.2
2026-08-30T04:17:32.635Z,1000.053,840630272,843608064,0,837919744,832942080,4931584,832942080,2551808,0,0,0,12982988800,0,0.17
2026-08-30T04:17:42.635Z,1010.053,841187328,843608064,0,838562816,833585152,4931584,833585152,2551808,0,0,0,12984127488,0,0.14
2026-08-30T04:17:52.634Z,1020.052,841805824,843608064,0,839115776,834138112,4931584,834138112,2551808,0,0,0,12981264384,0,0.2
2026-08-30T04:18:02.634Z,1030.052,841822208,843608064,0,839361536,834383872,4931584,834383872,2551808,0,0,0,12983296000,0,0.17
2026-08-30T04:18:12.635Z,1040.053,842485760,844107776,0,840016896,835039232,4931584,835039232,2551808,0,0,0,12982009856,0,0.14
2026-08-30T04:18:22.635Z,1050.053,842825728,844451840,0,840147968,835170304,4931584,835170304,2551808,0,0,0,12981825536,0,0.12
2026-08-30T04:18:32.635Z,1060.053,843026432,844668928,0,840336384,835358720,4931584,835358720,2551808,0,0,0,12980350976,0,0.1
2026-08-30T04:18:42.635Z,1070.053,843538432,845193216,0,841069568,836091904,4931584,836091904,2551808,0,0,0,12979908608,0,0.08
2026-08-30T04:18:52.634Z,1080.052,843530240,845590528,0,841069568,836091904,4931584,836091904,2551808,0,0,0,12979896320,0,0.07
2026-08-30T04:19:02.638Z,1090.056,839544832,845590528,0,836854784,831877120,4931584,831877120,2551808,0,0,0,12985012224,0,0.06
2026-08-30T04:19:12.635Z,1100.053,839544832,845590528,0,837075968,832098304,4931584,832098304,2551808,0,0,0,12983775232,0,0.13
2026-08-30T04:19:22.634Z,1110.052,839528448,845590528,0,836830208,831852544,4931584,831852544,2551808,0,0,0,12985110528,0,0.34
2026-08-30T04:19:32.633Z,1120.051,839532544,845590528,0,837063680,832086016,4931584,832086016,2551808,0,0,0,12985520128,0,0.29
2026-08-30T04:19:42.635Z,1130.053,840085504,845590528,0,837624832,832647168,4931584,832647168,2551808,0,0,0,12983853056,0,0.25
2026-08-30T04:19:52.635Z,1140.053,840060928,845590528,0,837600256,832622592,4931584,832622592,2551808,0,0,0,12983513088,0,0.21
2026-08-30T04:20:02.635Z,1150.053,840142848,845590528,0,837448704,832471040,4931584,832471040,2551808,0,0,0,12984012800,0,0.18
2026-08-30T04:20:12.636Z,1160.054,840691712,845590528,0,838231040,833253376,4931584,833253376,2551808,0,0,0,12982775808,0,0.15
2026-08-30T04:20:22.641Z,1170.059,840749056,845590528,0,838280192,833302528,4931584,833302528,2551808,0,0,0,12983214080,0,0.12
2026-08-30T04:20:32.640Z,1180.058,841277440,845590528,0,838808576,833830912,4931584,833830912,2551808,0,0,0,12983676928,0,0.1
2026-08-30T04:20:42.639Z,1190.057,841261056,845590528,0,838800384,833822720,4931584,833822720,2551808,0,0,0,12983754752,0,0.32
2026-08-30T04:20:52.639Z,1200.057,841773056,845590528,0,839304192,834326528,4931584,834326528,2551808,0,0,0,12982960128,0,0.27
2026-08-30T04:21:02.635Z,1210.053,841773056,845590528,0,839304192,834326528,4931584,834326528,2551808,0,0,0,12983324672,0,0.23
2026-08-30T04:21:12.635Z,1220.053,841809920,845590528,0,839341056,834363392,4931584,834363392,2551808,0,0,0,12983914496,0,0.28
2026-08-30T04:21:22.640Z,1230.058,842350592,845590528,0,839652352,834674688,4931584,834674688,2551808,0,0,0,12976582656,0,0.23
2026-08-30T04:21:32.640Z,1240.058,842477568,845590528,0,840008704,835031040,4931584,835031040,2551808,0,0,0,12978610176,0,0.2
2026-08-30T04:21:42.635Z,1250.053,842514432,845590528,0,840045568,835067904,4931584,835067904,2551808,0,0,0,12980932608,0,0.24
2026-08-30T04:21:52.635Z,1260.053,842522624,845590528,0,839824384,834846720,4931584,834846720,2551808,0,0,0,12980568064,0,0.2
2026-08-30T04:22:02.634Z,1270.052,842657792,845590528,0,840188928,835211264,4931584,835211264,2551808,0,0,0,12981104640,0,0.17
2026-08-30T04:22:12.635Z,1280.053,842825728,845590528,0,840356864,835379200,4931584,835379200,2551808,0,0,0,12980731904,0,0.14
2026-08-30T04:22:22.635Z,1290.053,842727424,845590528,0,840029184,835051520,4931584,835051520,2551808,0,0,0,12980322304,0,0.12
2026-08-30T04:22:32.635Z,1300.053,838631424,845590528,0,836162560,831184896,4931584,831184896,2551808,0,0,0,12983054336,0,0.25
2026-08-30T04:22:42.635Z,1310.053,838676480,845590528,0,836203520,831225856,4931584,831225856,2551808,0,0,0,12986032128,0,0.21
2026-08-30T04:22:52.635Z,1320.053,838729728,845590528,0,836260864,831283200,4931584,831283200,2551808,0,0,0,12984934400,0,0.18
2026-08-30T04:23:02.643Z,1330.061,838770688,845590528,0,836301824,831324160,4931584,831324160,2551808,0,0,0,12982894592,0,0.15
2026-08-30T04:23:12.634Z,1340.052,838823936,845590528,0,836121600,831143936,4931584,831143936,2551808,0,0,0,12985942016,0,0.13
2026-08-30T04:23:22.639Z,1350.057,838864896,845590528,0,836396032,831418368,4931584,831418368,2551808,0,0,0,12985229312,0,0.11
2026-08-30T04:23:32.635Z,1360.053,838909952,845590528,0,836449280,831471616,4931584,831471616,2551808,0,0,0,12985466880,0,0.09
2026-08-30T04:23:42.641Z,1370.059,838914048,845590528,0,836445184,831467520,4931584,831467520,2551808,0,0,0,12985176064,0,0.08
2026-08-30T04:23:52.636Z,1380.054,838881280,845590528,0,836420608,831442944,4931584,831442944,2551808,0,0,0,12985073664,0,0.14
2026-08-30T04:24:02.636Z,1390.054,838856704,845590528,0,836396032,831418368,4931584,831418368,2551808,0,0,0,12984856576,0,0.12
2026-08-30T04:24:12.639Z,1400.057,838909952,845590528,0,836219904,831242240,4931584,831242240,2551808,0,0,0,12984975360,0,0.1
2026-08-30T04:24:22.634Z,1410.052,839057408,845590528,0,836367360,831389696,4931584,831389696,2551808,0,0,0,12985290752,0,0.08
2026-08-30T04:24:32.636Z,1420.054,838885376,845590528,0,836195328,831217664,4931584,831217664,2551808,0,0,0,12984508416,0,0.14
2026-08-30T04:24:42.634Z,1430.052,838901760,845590528,0,836432896,831455232,4931584,831455232,2551808,0,0,0,12985049088,0,0.12
2026-08-30T04:24:52.637Z,1440.055,839909376,845590528,0,837440512,832462848,4931584,832462848,2551808,0,0,0,12985294848,0,0.1
2026-08-30T04:25:02.636Z,1450.054,839921664,845590528,0,837223424,832245760,4931584,832245760,2551808,0,0,0,12982530048,0,0.09
2026-08-30T04:25:12.639Z,1460.057,839909376,845590528,0,837440512,832462848,4931584,832462848,2551808,0,0,0,12982366208,0,0.07
2026-08-30T04:25:22.637Z,1470.055,840376320,845590528,0,837907456,832929792,4931584,832929792,2551808,0,0,0,12982206464,0,0.06
2026-08-30T04:25:32.637Z,1480.055,840556544,845590528,0,838087680,833110016,4931584,833110016,2551808,0,0,0,12982075392,0,0.05
2026-08-30T04:25:42.636Z,1490.054,841027584,845590528,0,838329344,833351680,4931584,833351680,2551808,0,0,0,12982751232,0,0.2
2026-08-30T04:25:52.636Z,1500.054,841060352,845590528,0,838591488,833613824,4931584,833613824,2551808,0,0,0,12981264384,0,0.24
2026-08-30T04:26:02.636Z,1510.054,842096640,845590528,0,839623680,834646016,4931584,834646016,2551808,0,0,0,12981141504,0,0.2
2026-08-30T04:26:12.636Z,1520.054,842092544,845590528,0,839623680,834646016,4931584,834646016,2551808,0,0,0,12981518336,0,0.17
2026-08-30T04:26:22.641Z,1530.059,842145792,845590528,0,839676928,834699264,4931584,834699264,2551808,0,0,0,12978950144,0,0.14
2026-08-30T04:26:32.642Z,1540.06,842641408,845590528,0,840180736,835203072,4931584,835203072,2551808,0,0,0,12979785728,0,0.12
2026-08-30T04:26:42.639Z,1550.057,842645504,845590528,0,840184832,835207168,4931584,835207168,2551808,0,0,0,12978868224,0,0.1
2026-08-30T04:26:52.641Z,1560.059,843190272,845590528,0,840721408,835743744,4931584,835743744,2551808,0,0,0,12977762304,0,0.09
2026-08-30T04:27:02.643Z,1570.061,843681792,845590528,0,841212928,836235264,4931584,836235264,2551808,0,0,0,12977971200,0,0.07
2026-08-30T04:27:12.636Z,1580.053,840065024,845590528,0,837604352,832626688,4931584,832626688,2551808,0,0,0,12981735424,0,0.06
2026-08-30T04:27:22.636Z,1590.054,840044544,845590528,0,837575680,832598016,4931584,832598016,2551808,0,0,0,12982894592,0,0.05
2026-08-30T04:27:32.638Z,1600.056,840609792,845590528,0,838140928,833163264,4931584,833163264,2551808,0,0,0,12982181888,0,0.12
2026-08-30T04:27:42.640Z,1610.058,841056256,845590528,0,838587392,833609728,4931584,833609728,2551808,0,0,0,12981903360,0,0.18
2026-08-30T04:27:52.641Z,1620.059,841601024,845590528,0,839132160,834154496,4931584,834154496,2551808,0,0,0,12981260288,0,0.16
2026-08-30T04:28:02.641Z,1630.059,842125312,845590528,0,839656448,834678784,4931584,834678784,2551808,0,0,0,12981837824,0,0.13
2026-08-30T04:28:12.635Z,1640.053,842326016,845590528,0,839857152,834879488,4931584,834879488,2551808,0,0,0,12981469184,0,0.11
2026-08-30T04:28:22.637Z,1650.055,842199040,845590528,0,839730176,834752512,4931584,834752512,2551808,0,0,0,12980637696,0,0.09
2026-08-30T04:28:32.635Z,1660.053,842678272,845590528,0,840209408,835231744,4931584,835231744,2551808,0,0,0,12980346880,0,0.15
2026-08-30T04:28:42.638Z,1670.056,842678272,845590528,0,840209408,835231744,4931584,835231744,2551808,0,0,0,12979875840,0,0.13
2026-08-30T04:28:52.636Z,1680.054,842719232,845590528,0,840250368,835272704,4931584,835272704,2551808,0,0,0,12980686848,0,0.11
2026-08-30T04:29:02.636Z,1690.054,842694656,845590528,0,840225792,835248128,4931584,835248128,2551808,0,0,0,12980740096,0,0.17
2026-08-30T04:29:12.642Z,1700.06,842706944,845590528,0,840238080,835260416,4931584,835260416,2551808,0,0,0,12980150272,0,0.22
2026-08-30T04:29:22.642Z,1710.06,842686464,845590528,0,840119296,835141632,4931584,835141632,2551808,0,0,0,12979621888,0,0.18
2026-08-30T04:29:32.637Z,1720.055,839036928,845590528,0,836568064,831590400,4931584,831590400,2551808,0,0,0,12983975936,0,0.23
2026-08-30T04:29:42.641Z,1730.059,839008256,845590528,0,836539392,831561728,4931584,831561728,2551808,0,0,0,12983971840,0,0.19
2026-08-30T04:29:52.637Z,1740.055,839479296,845590528,0,837018624,832040960,4931584,832040960,2551808,0,0,0,12984033280,0,0.16
2026-08-30T04:30:02.637Z,1750.055,839495680,845590528,0,837026816,832049152,4931584,832049152,2551808,0,0,0,12982976512,0,0.14
2026-08-30T04:30:12.637Z,1760.055,839483392,845590528,0,837022720,832045056,4931584,832045056,2551808,0,0,0,12982530048,0,0.12
2026-08-30T04:30:22.635Z,1770.053,839479296,845590528,0,837010432,832032768,4931584,832032768,2551808,0,0,0,12982329344,0,0.1
2026-08-30T04:30:32.642Z,1780.06,839507968,845590528,0,837047296,832069632,4931584,832069632,2551808,0,0,0,12982943744,0,0.16
2026-08-30T04:30:42.639Z,1790.057,839540736,845590528,0,837080064,832102400,4931584,832102400,2551808,0,0,0,12982689792,0,0.29
2026-08-30T04:30:52.638Z,1800.056,839540736,845590528,0,837071872,832094208,4931584,832094208,2551808,0,0,0,12983169024,0,0.24
2026-08-30T04:31:02.643Z,1810.061,839553024,845590528,0,836850688,831873024,4931584,831873024,2551808,0,0,0,12983144448,0,0.2
2026-08-30T04:31:12.639Z,1820.057,839331840,845590528,0,836826112,831848448,4931584,831848448,2551808,0,0,0,12983857152,0,0.17
2026-08-30T04:31:22.638Z,1830.056,839888896,845590528,0,837190656,832212992,4931584,832212992,2551808,0,0,0,12980936704,0,0.15
2026-08-30T04:31:32.639Z,1840.057,840003584,845590528,0,837497856,832520192,4931584,832520192,2551808,0,0,0,12980408320,0,0.12
2026-08-30T04:31:42.637Z,1850.055,840527872,845590528,0,838022144,833044480,4931584,833044480,2551808,0,0,0,12980236288,0,0.1
2026-08-30T04:31:52.636Z,1860.054,841613312,845590528,0,839144448,834166784,4931584,834166784,2551808,0,0,0,12980678656,0,0.09
2026-08-30T04:32:02.644Z,1870.061,841297920,845590528,0,838792192,833814528,4931584,833814528,2551808,0,0,0,12980727808,0,0.07
2026-08-30T04:32:12.643Z,1880.061,842076160,845590528,0,839570432,834592768,4931584,834592768,2551808,0,0,0,12979802112,0,0.06
2026-08-30T04:32:22.637Z,1890.055,842137600,845590528,0,839668736,834691072,4931584,834691072,2551808,0,0,0,12980383744,0,0.13
2026-08-30T04:32:32.639Z,1900.057,842543104,845590528,0,840037376,835059712,4931584,835059712,2551808,0,0,0,12978868224,0,0.11
2026-08-30T04:32:42.639Z,1910.057,842530816,845590528,0,840061952,835084288,4931584,835084288,2551808,0,0,0,12979142656,0,0.09
2026-08-30T04:32:52.637Z,1920.055,842588160,845590528,0,840119296,835141632,4931584,835141632,2551808,0,0,0,12979924992,0,0.08
2026-08-30T04:33:02.647Z,1930.065,842649600,845590528,0,840143872,835166208,4931584,835166208,2551808,0,0,0,12978393088,0,0.07
2026-08-30T04:33:12.640Z,1940.058,842416128,845590528,0,839910400,834932736,4931584,834932736,2551808,0,0,0,12979318784,0,0.06
2026-08-30T04:33:22.638Z,1950.056,842870784,845590528,0,840172544,835194880,4931584,835194880,2551808,0,0,0,12977778688,0,0.05
2026-08-30T04:33:32.643Z,1960.061,839073792,845590528,0,836568064,831590400,4931584,831590400,2551808,0,0,0,12974911488,0,0.04
2026-08-30T04:33:42.638Z,1970.056,839421952,845590528,0,836948992,831971328,4931584,831971328,2551808,0,0,0,12977401856,0,0.03
2026-08-30T04:33:52.639Z,1980.057,840105984,845590528,0,837600256,832622592,4931584,832622592,2551808,0,0,0,12978851840,0,0.03
2026-08-30T04:34:02.641Z,1990.059,840273920,845590528,0,837768192,832790528,4931584,832790528,2551808,0,0,0,12978438144,0,0.26
2026-08-30T04:34:12.645Z,2000.063,840613888,845590528,0,837915648,832937984,4931584,832937984,2551808,0,0,0,12979568640,0,0.29
2026-08-30T04:34:22.639Z,2010.057,841158656,845590528,0,838652928,833675264,4931584,833675264,2551808,0,0,0,12978376704,0,0.25
2026-08-30T04:34:32.642Z,2020.06,841498624,845590528,0,838788096,833810432,4931584,833810432,2551808,0,0,0,12978720768,0,0.21
2026-08-30T04:34:42.641Z,2030.059,841695232,845590528,0,839189504,834211840,4931584,834211840,2551808,0,0,0,12979908608,0,0.25
2026-08-30T04:34:52.645Z,2040.063,842096640,845590528,0,839615488,834637824,4931584,834637824,2551808,0,0,0,12979425280,0,0.21
2026-08-30T04:35:02.640Z,2050.058,842178560,845590528,0,839672832,834695168,4931584,834695168,2551808,0,0,0,12978008064,0,0.18
2026-08-30T04:35:12.638Z,2060.056,842428416,845590528,0,839730176,834752512,4931584,834752512,2551808,0,0,0,12977414144,0,0.15
2026-08-30T04:35:22.640Z,2070.058,838500352,845590528,0,835994624,831016960,4931584,831016960,2551808,0,0,0,12981407744,0,0.13
2026-08-30T04:35:32.646Z,2080.064,839049216,845590528,0,836543488,831565824,4931584,831565824,2551808,0,0,0,12981207040,0,0.11
2026-08-30T04:35:42.640Z,2090.058,838971392,845590528,0,836502528,831524864,4931584,831524864,2551808,0,0,0,12981493760,0,0.09
2026-08-30T04:35:52.645Z,2100.063,838971392,845590528,0,836502528,831524864,4931584,831524864,2551808,0,0,0,12978712576,0,0.23
2026-08-30T04:36:02.646Z,2110.064,839041024,845590528,0,836535296,831557632,4931584,831557632,2551808,0,0,0,12979204096,0,0.28
2026-08-30T04:36:12.645Z,2120.063,839061504,845590528,0,836555776,831578112,4931584,831578112,2551808,0,0,0,12978728960,0,0.23
2026-08-30T04:36:22.640Z,2130.058,839450624,845590528,0,836944896,831967232,4931584,831967232,2551808,0,0,0,12979367936,0,0.2
2026-08-30T04:36:32.637Z,2140.055,839053312,845590528,0,836547584,831569920,4931584,831569920,2551808,0,0,0,12979990528,0,0.17
2026-08-30T04:36:42.639Z,2150.057,839041024,845590528,0,836535296,831557632,4931584,831557632,2551808,0,0,0,12979085312,0,0.14
2026-08-30T04:36:52.639Z,2160.057,839016448,845590528,0,836547584,831569920,4931584,831569920,2551808,0,0,0,12979400704,0,0.12
2026-08-30T04:37:02.639Z,2170.057,839053312,845590528,0,836547584,831569920,4931584,831569920,2551808,0,0,0,12979642368,0,0.1
2026-08-30T04:37:12.640Z,2180.058,838893568,845590528,0,836387840,831410176,4931584,831410176,2551808,0,0,0,12978974720,0,0.08
2026-08-30T04:37:22.639Z,2190.057,839430144,845590528,0,836924416,831946752,4931584,831946752,2551808,0,0,0,12978737152,0,0.15
2026-08-30T04:37:32.640Z,2200.058,839442432,845590528,0,836936704,831959040,4931584,831959040,2551808,0,0,0,12977979392,0,0.13
2026-08-30T04:37:42.647Z,2210.065,839401472,845590528,0,836895744,831918080,4931584,831918080,2551808,0,0,0,12978913280,0,0.11
2026-08-30T04:37:52.641Z,2220.059,839712768,845590528,0,837207040,832229376,4931584,832229376,2551808,0,0,0,12979048448,0,0.09
2026-08-30T04:38:02.643Z,2230.061,839786496,845590528,0,837280768,832303104,4931584,832303104,2551808,0,0,0,12977561600,0,0.15
2026-08-30T04:38:12.642Z,2240.06,839692288,845590528,0,836989952,832012288,4931584,832012288,2551808,0,0,0,12977332224,0,0.13
2026-08-30T04:38:22.640Z,2250.058,839741440,845590528,0,837235712,832258048,4931584,832258048,2551808,0,0,0,12976320512,0,0.11
2026-08-30T04:38:32.642Z,2260.06,839712768,845590528,0,837207040,832229376,4931584,832229376,2551808,0,0,0,12975669248,0,0.09
2026-08-30T04:38:42.640Z,2270.058,839766016,845590528,0,837260288,832282624,4931584,832282624,2551808,0,0,0,12976099328,0,0.08
2026-08-30T04:38:52.641Z,2280.059,839692288,845590528,0,837219328,832241664,4931584,832241664,2551808,0,0,0,12975792128,0,0.06
2026-08-30T04:39:02.641Z,2290.059,839827456,845590528,0,837346304,832368640,4931584,832368640,2551808,0,0,0,12975206400,0,0.13
2026-08-30T04:39:12.645Z,2300.063,839749632,845590528,0,837243904,832266240,4931584,832266240,2551808,0,0,0,12974133248,0,0.11
2026-08-30T04:39:22.641Z,2310.059,839704576,845590528,0,837231616,832253952,4931584,832253952,2551808,0,0,0,12972716032,0,0.1
2026-08-30T04:39:32.643Z,2320.061,839770112,845590528,0,837272576,832294912,4931584,832294912,2551808,0,0,0,12973170688,0,0.08
2026-08-30T04:39:42.645Z,2330.063,839577600,845590528,0,837071872,832094208,4931584,832094208,2551808,0,0,0,12974653440,0,0.14
2026-08-30T04:39:52.646Z,2340.064,839852032,845590528,0,837346304,832368640,4931584,832368640,2551808,0,0,0,12975693824,0,0.12
2026-08-30T04:40:02.647Z,2350.065,839806976,845590528,0,837325824,832348160,4931584,832348160,2551808,0,0,0,12975382528,0,0.1
2026-08-30T04:40:12.642Z,2360.06,839823360,845590528,0,837317632,832339968,4931584,832339968,2551808,0,0,0,12974071808,0,0.08
2026-08-30T04:40:22.644Z,2370.062,839786496,845590528,0,837293056,832315392,4931584,832315392,2551808,0,0,0,12972544000,0,0.07
2026-08-30T04:40:32.648Z,2380.066,839811072,845590528,0,837317632,832339968,4931584,832339968,2551808,0,0,0,12974538752,0,0.06
2026-08-30T04:40:42.643Z,2390.061,839794688,845590528,0,837325824,832348160,4931584,832348160,2551808,0,0,0,12974354432,0,0.13
2026-08-30T04:40:52.643Z,2400.061,839811072,845590528,0,837342208,832364544,4931584,832364544,2551808,0,0,0,12973453312,0,0.11
2026-08-30T04:41:02.641Z,2410.059,839798784,845590528,0,837338112,832360448,4931584,832360448,2551808,0,0,0,12973789184,0,0.09
2026-08-30T04:41:12.649Z,2420.067,839700480,845590528,0,836998144,832020480,4931584,832020480,2551808,0,0,0,12974891008,0,0.08
2026-08-30T04:41:22.649Z,2430.067,839753728,845590528,0,837284864,832307200,4931584,832307200,2551808,0,0,0,12975915008,0,0.07
2026-08-30T04:41:32.642Z,2440.06,839720960,845590528,0,837252096,832274432,4931584,832274432,2551808,0,0,0,12976361472,0,0.06
2026-08-30T04:41:42.642Z,2450.06,839708672,845590528,0,837010432,832032768,4931584,832032768,2551808,0,0,0,12976214016,0,0.05
2026-08-30T04:41:52.643Z,2460.061,839737344,845590528,0,837231616,832253952,4931584,832253952,2551808,0,0,0,12975063040,0,0.04
2026-08-30T04:42:02.648Z,2470.066,839729152,845590528,0,837268480,832290816,4931584,832290816,2551808,0,0,0,12974764032,0,0.03
2026-08-30T04:42:12.644Z,2480.062,839729152,845590528,0,837035008,832057344,4931584,832057344,2551808,0,0,0,12976267264,0,0.03
2026-08-30T04:42:22.644Z,2490.062,839753728,845590528,0,837284864,832307200,4931584,832307200,2551808,0,0,0,12977455104,0,0.02
2026-08-30T04:42:32.642Z,2500.06,839737344,845590528,0,837276672,832299008,4931584,832299008,2551808,0,0,0,12976558080,0,0.1
2026-08-30T04:42:42.643Z,2510.061,839708672,845590528,0,837248000,832270336,4931584,832270336,2551808,0,0,0,12976840704,0,0.08
2026-08-30T04:42:52.650Z,2520.068,839696384,845590528,0,837227520,832249856,4931584,832249856,2551808,0,0,0,12976844800,0,0.07
2026-08-30T04:43:02.649Z,2530.067,839745536,845590528,0,837284864,832307200,4931584,832307200,2551808,0,0,0,12976566272,0,0.13
2026-08-30T04:43:12.651Z,2540.069,839397376,845590528,0,836928512,831950848,4931584,831950848,2551808,0,0,0,12977389568,0,0.11
2026-08-30T04:43:22.652Z,2550.07,839684096,845590528,0,837215232,832237568,4931584,832237568,2551808,0,0,0,12976885760,0,0.09
2026-08-30T04:43:32.652Z,2560.07,839708672,845590528,0,837248000,832270336,4931584,832270336,2551808,0,0,0,12977074176,0,0.08
2026-08-30T04:43:42.646Z,2570.064,839692288,845590528,0,837231616,832253952,4931584,832253952,2551808,0,0,0,12978475008,0,0.07
2026-08-30T04:43:52.643Z,2580.061,839671808,845590528,0,837202944,832225280,4931584,832225280,2551808,0,0,0,12969857024,0,0.14
2026-08-30T04:44:02.645Z,2590.063,839667712,845590528,0,837198848,832221184,4931584,832221184,2551808,0,0,0,12977385472,0,0.12
2026-08-30T04:44:12.649Z,2600.067,839700480,845590528,0,837239808,832262144,4931584,832262144,2551808,0,0,0,12976783360,0,0.25
2026-08-30T04:44:22.650Z,2610.068,839708672,845590528,0,837248000,832270336,4931584,832270336,2551808,0,0,0,12978475008,0,0.29
2026-08-30T04:44:32.645Z,2620.063,839659520,845590528,0,837190656,832212992,4931584,832212992,2551808,0,0,0,12979601408,0,0.24
2026-08-30T04:44:42.651Z,2630.069,839667712,845590528,0,837207040,832229376,4931584,832229376,2551808,0,0,0,12977823744,0,0.2
2026-08-30T04:44:52.650Z,2640.068,839667712,845590528,0,837207040,832229376,4931584,832229376,2551808,0,0,0,12980314112,0,0.17
2026-08-30T04:45:02.656Z,2650.074,839827456,845590528,0,837366784,832389120,4931584,832389120,2551808,0,0,0,12979834880,0,0.15
2026-08-30T04:45:12.647Z,2660.065,839712768,845590528,0,837035008,832057344,4931584,832057344,2551808,0,0,0,12978462720,0,0.12
2026-08-30T04:45:22.646Z,2670.064,839737344,845590528,0,837268480,832290816,4931584,832290816,2551808,0,0,0,12971659264,0,0.18
2026-08-30T04:45:32.648Z,2680.066,839856128,845590528,0,837280768,832303104,4931584,832303104,2551808,0,0,0,12978036736,0,0.16
2026-08-30T04:45:42.651Z,2690.069,839753728,845590528,0,837252096,832274432,4931584,832274432,2551808,0,0,0,12977963008,0,0.28
2026-08-30T04:45:52.646Z,2700.064,839725056,845590528,0,837223424,832245760,4931584,832245760,2551808,0,0,0,12977721344,0,0.31
2026-08-30T04:46:02.646Z,2710.064,839872512,845590528,0,837411840,832434176,4931584,832434176,2551808,0,0,0,12977782784,0,0.26
2026-08-30T04:46:12.645Z,2720.063,839766016,845590528,0,837063680,832086016,4931584,832086016,2551808,0,0,0,12977897472,0,0.22
2026-08-30T04:46:22.646Z,2730.064,839774208,845590528,0,837305344,832327680,4931584,832327680,2551808,0,0,0,12972081152,0,0.19
2026-08-30T04:46:32.646Z,2740.064,839729152,845590528,0,837260288,832282624,4931584,832282624,2551808,0,0,0,12975308800,0,0.16
2026-08-30T04:46:42.652Z,2750.07,839737344,845590528,0,837268480,832290816,4931584,832290816,2551808,0,0,0,12976369664,0,0.21
2026-08-30T04:46:52.652Z,2760.07,839745536,845590528,0,837276672,832299008,4931584,832299008,2551808,0,0,0,12977528832,0,0.17
2026-08-30T04:47:02.651Z,2770.069,839741440,845590528,0,837272576,832294912,4931584,832294912,2551808,0,0,0,12977717248,0,0.15
2026-08-30T04:47:12.646Z,2780.064,840806400,845590528,0,838345728,833368064,4931584,833368064,2551808,0,0,0,12977512448,0,0.12
2026-08-30T04:47:22.645Z,2790.063,841326592,845590528,0,838857728,833880064,4931584,833880064,2551808,0,0,0,12974940160,0,0.18
2026-08-30T04:47:32.652Z,2800.07,841293824,845590528,0,838833152,833855488,4931584,833855488,2551808,0,0,0,12976148480,0,0.15
2026-08-30T04:47:42.646Z,2810.064,841322496,845590528,0,838620160,833642496,4931584,833642496,2551808,0,0,0,12975288320,0,0.13
2026-08-30T04:47:52.650Z,2820.068,841650176,845590528,0,838947840,833970176,4931584,833970176,2551808,0,0,0,12974985216,0,0.11
2026-08-30T04:48:02.646Z,2830.064,841637888,845590528,0,839169024,834191360,4931584,834191360,2551808,0,0,0,12974891008,0,0.09
2026-08-30T04:48:12.646Z,2840.064,841629696,845590528,0,839169024,834191360,4931584,834191360,2551808,0,0,0,12974477312,0,0.08
2026-08-30T04:48:22.651Z,2850.069,842387456,845590528,0,839902208,834924544,4931584,834924544,2551808,0,0,0,12973719552,0,0.06
2026-08-30T04:48:32.648Z,2860.066,842354688,845590528,0,839885824,834908160,4931584,834908160,2551808,0,0,0,12974174208,0,0.05
2026-08-30T04:48:42.649Z,2870.067,842240000,845590528,0,839779328,834801664,4931584,834801664,2551808,0,0,0,12975591424,0,0.12
2026-08-30T04:48:52.652Z,2880.07,842260480,845590528,0,839791616,834813952,4931584,834813952,2551808,0,0,0,12975620096,0,0.1
2026-08-30T04:49:02.651Z,2890.069,842567680,845590528,0,840098816,835121152,4931584,835121152,2551808,0,0,0,12976115712,0,0.24
2026-08-30T04:49:12.648Z,2900.066,842866688,845590528,0,840164352,835186688,4931584,835186688,2551808,0,0,0,12972662784,0,0.2
2026-08-30T04:49:22.647Z,2910.065,843350016,845590528,0,840639488,835661824,4931584,835661824,2551808,0,0,0,12972634112,0,0.24
2026-08-30T04:49:32.650Z,2920.068,843726848,845590528,0,841257984,836280320,4931584,836280320,2551808,0,0,0,12973637632,0,0.21
2026-08-30T04:49:42.645Z,2930.063,843694080,845590528,0,840983552,836005888,4931584,836005888,2551808,0,0,0,12971814912,0,0.25
2026-08-30T04:49:52.652Z,2940.07,843681792,845590528,0,841221120,836243456,4931584,836243456,2551808,0,0,0,12970934272,0,0.21
2026-08-30T04:50:02.647Z,2950.065,844005376,845635584,0,841536512,836558848,4931584,836558848,2551808,0,0,0,12971540480,0,0.18
2026-08-30T04:50:12.647Z,2960.065,844496896,846192640,0,842028032,837050368,4931584,837050368,2551808,0,0,0,12971405312,0,0.15
2026-08-30T04:50:22.647Z,2970.065,844541952,846192640,0,842073088,837095424,4931584,837095424,2551808,0,0,0,12971712512,0,0.13
2026-08-30T04:50:32.646Z,2980.064,844558336,846274560,0,842097664,837120000,4931584,837120000,2551808,0,0,0,12969816064,0,0.11
2026-08-30T04:50:42.654Z,2990.072,844574720,846290944,0,842114048,837136384,4931584,837136384,2551808,0,0,0,12970840064,0,0.24
2026-08-30T04:50:52.646Z,3000.064,844578816,846290944,0,842109952,837132288,4931584,837132288,2551808,0,0,0,12971401216,0,0.21
2026-08-30T04:51:02.651Z,3010.069,845410304,847007744,0,842949632,837971968,4931584,837971968,2551808,0,0,0,12970233856,0,0.17
2026-08-30T04:51:12.655Z,3020.073,845889536,847503360,0,843428864,838451200,4931584,838451200,2551808,0,0,0,12969050112,0,0.15
2026-08-30T04:51:22.646Z,3030.064,845918208,847613952,0,843207680,838230016,4931584,838230016,2551808,0,0,0,12966780928,0,0.12
2026-08-30T04:51:32.646Z,3040.064,846434304,848162816,0,843973632,838995968,4931584,838995968,2551808,0,0,0,12966486016,0,0.1
2026-08-30T04:51:42.646Z,3050.064,846401536,848162816,0,843940864,838963200,4931584,838963200,2551808,0,0,0,12968919040,0,0.16
2026-08-30T04:51:52.646Z,3060.064,846376960,848338944,0,843916288,838938624,4931584,838938624,2551808,0,0,0,12967202816,0,0.21
2026-08-30T04:52:02.645Z,3070.063,846528512,848338944,0,844067840,839090176,4931584,839090176,2551808,0,0,0,12968718336,0,0.18
2026-08-30T04:52:12.652Z,3080.07,846831616,848625664,0,844329984,839352320,4931584,839352320,2551808,0,0,0,12967870464,0,0.15
2026-08-30T04:52:22.647Z,3090.065,846721024,848625664,0,844018688,839041024,4931584,839041024,2551808,0,0,0,12967763968,0,0.13
2026-08-30T04:52:32.647Z,3100.065,846721024,848764928,0,844010496,839032832,4931584,839032832,2551808,0,0,0,12967170048,0,0.19
2026-08-30T04:52:42.647Z,3110.065,847122432,848998400,0,844432384,839454720,4931584,839454720,2551808,0,0,0,12968820736,0,0.23
2026-08-30T04:52:52.649Z,3120.067,846807040,849080320,0,844346368,839368704,4931584,839368704,2551808,0,0,0,12968693760,0,0.2
2026-08-30T04:53:02.646Z,3130.064,847339520,849186816,0,844870656,839892992,4931584,839892992,2551808,0,0,0,12968497152,0,0.16
2026-08-30T04:53:12.647Z,3140.065,847347712,849186816,0,844878848,839901184,4931584,839901184,2551808,0,0,0,12967784448,0,0.22
2026-08-30T04:53:22.653Z,3150.071,847654912,849354752,0,845194240,840216576,4931584,840216576,2551808,0,0,0,12968816640,0,0.27
2026-08-30T04:53:32.652Z,3160.07,847646720,849518592,0,845186048,840208384,4931584,840208384,2551808,0,0,0,12968226816,0,0.22
2026-08-30T04:53:42.648Z,3170.066,843948032,849518592,0,841487360,836509696,4931584,836509696,2551808,0,0,0,12970045440,0,0.19
2026-08-30T04:53:52.650Z,3180.068,843931648,849518592,0,841462784,836485120,4931584,836485120,2551808,0,0,0,12968845312,0,0.23
2026-08-30T04:54:02.648Z,3190.066,843948032,849518592,0,841245696,836268032,4931584,836268032,2551808,0,0,0,12970360832,0,0.2
2026-08-30T04:54:12.648Z,3200.066,843943936,849518592,0,841483264,836505600,4931584,836505600,2551808,0,0,0,12970463232,0,0.17
2026-08-30T04:54:22.648Z,3210.066,843927552,849518592,0,841466880,836489216,4931584,836489216,2551808,0,0,0,12960047104,0,0.21
2026-08-30T04:54:32.650Z,3220.068,843968512,849518592,0,841266176,836288512,4931584,836288512,2551808,0,0,0,12966133760,0,0.18
2026-08-30T04:54:42.655Z,3230.073,843952128,849518592,0,841483264,836505600,4931584,836505600,2551808,0,0,0,12970479616,0,0.15
2026-08-30T04:54:52.656Z,3240.074,843935744,849518592,0,841434112,836456448,4931584,836456448,2551808,0,0,0,12969533440,0,0.13
2026-08-30T04:55:02.649Z,3250.067,843968512,849518592,0,841245696,836268032,4931584,836268032,2551808,0,0,0,12969680896,0,0.11
2026-08-30T04:55:12.651Z,3260.069,843972608,849518592,0,841262080,836284416,4931584,836284416,2551808,0,0,0,12969615360,0,0.17
2026-08-30T04:55:22.652Z,3270.07,843972608,849518592,0,841270272,836292608,4931584,836292608,2551808,0,0,0,12971077632,0,0.14
2026-08-30T04:55:32.647Z,3280.065,843972608,849518592,0,841511936,836534272,4931584,836534272,2551808,0,0,0,12970213376,0,0.12
2026-08-30T04:55:42.648Z,3290.066,844111872,849518592,0,841516032,836538368,4931584,836538368,2551808,0,0,0,12970676224,0,0.1
2026-08-30T04:55:52.651Z,3300.069,843976704,849518592,0,841516032,836538368,4931584,836538368,2551808,0,0,0,12971065344,0,0.08
2026-08-30T04:56:02.656Z,3310.074,843948032,849518592,0,841487360,836509696,4931584,836509696,2551808,0,0,0,12970958848,0,0.07
2026-08-30T04:56:12.648Z,3320.066,843968512,849518592,0,841507840,836530176,4931584,836530176,2551808,0,0,0,12969549824,0,0.06
2026-08-30T04:56:22.648Z,3330.066,843988992,849518592,0,841270272,836292608,4931584,836292608,2551808,0,0,0,12970094592,0,0.13
2026-08-30T04:56:32.648Z,3340.066,843976704,849518592,0,841266176,836288512,4931584,836288512,2551808,0,0,0,12971286528,0,0.11
2026-08-30T04:56:42.654Z,3350.072,843816960,849518592,0,841348096,836370432,4931584,836370432,2551808,0,0,0,12971057152,0,0.09
2026-08-30T04:56:52.648Z,3360.066,843943936,849518592,0,841475072,836497408,4931584,836497408,2551808,0,0,0,12971077632,0,0.08
2026-08-30T04:57:02.646Z,3370.064,840146944,849518592,0,837678080,832700416,4931584,832700416,2551808,0,0,0,12973481984,0,0.07
2026-08-30T04:57:12.649Z,3380.067,840097792,849518592,0,837395456,832417792,4931584,832417792,2551808,0,0,0,12974522368,0,0.06
2026-08-30T04:57:22.647Z,3390.065,840134656,849518592,0,837661696,832684032,4931584,832684032,2551808,0,0,0,12966088704,0,0.05
2026-08-30T04:57:32.648Z,3400.066,840114176,849518592,0,837645312,832667648,4931584,832667648,2551808,0,0,0,12968378368,0,0.11
2026-08-30T04:57:42.653Z,3410.071,840507392,849518592,0,838046720,833069056,4931584,833069056,2551808,0,0,0,12969603072,0,0.09
2026-08-30T04:57:52.655Z,3420.073,840126464,849518592,0,837665792,832688128,4931584,832688128,2551808,0,0,0,12972130304,0,0.08
2026-08-30T04:58:02.656Z,3430.074,840101888,849518592,0,837432320,832454656,4931584,832454656,2551808,0,0,0,12972404736,0,0.07
2026-08-30T04:58:12.656Z,3440.074,840142848,849518592,0,837682176,832704512,4931584,832704512,2551808,0,0,0,12972875776,0,0.06
2026-08-30T04:58:22.649Z,3450.067,840142848,849518592,0,837682176,832704512,4931584,832704512,2551808,0,0,0,12972101632,0,0.05
2026-08-30T04:58:32.651Z,3460.069,840171520,849518592,0,837669888,832692224,4931584,832692224,2551808,0,0,0,12973895680,0,0.12
2026-08-30T04:58:42.653Z,3470.071,840347648,849518592,0,837743616,832765952,4931584,832765952,2551808,0,0,0,12970352640,0,0.1
2026-08-30T04:58:52.656Z,3480.074,840368128,849518592,0,837899264,832921600,4931584,832921600,2551808,0,0,0,12971470848,0,0.08
2026-08-30T04:59:02.654Z,3490.072,840376320,849518592,0,837907456,832929792,4931584,832929792,2551808,0,0,0,12972896256,0,0.07
2026-08-30T04:59:12.656Z,3500.074,836341760,849518592,0,833881088,828903424,4931584,828903424,2551808,0,0,0,12976324608,0,0.06
2026-08-30T04:59:22.651Z,3510.069,836345856,849518592,0,833885184,828907520,4931584,828907520,2551808,0,0,0,12977889280,0,0.05
2026-08-30T04:59:32.651Z,3520.069,836354048,849518592,0,833893376,828915712,4931584,828915712,2551808,0,0,0,12978262016,0,0.12
2026-08-30T04:59:42.651Z,3530.069,836345856,849518592,0,833618944,828641280,4931584,828641280,2551808,0,0,0,12977438720,0,0.18
2026-08-30T04:59:52.657Z,3540.075,836354048,849518592,0,833893376,828915712,4931584,828915712,2551808,0,0,0,12976209920,0,0.22
2026-08-30T05:00:02.656Z,3550.074,836497408,849518592,0,834028544,829050880,4931584,829050880,2551808,0,0,0,12975296512,0,0.19
2026-08-30T05:00:12.650Z,3560.068,836562944,849518592,0,834094080,829116416,4931584,829116416,2551808,0,0,0,12975202304,0,0.16
2026-08-30T05:00:22.652Z,3570.07,836792320,849518592,0,834331648,829353984,4931584,829353984,2551808,0,0,0,12975419392,0,0.13
2026-08-30T05:00:32.650Z,3580.068,836689920,849518592,0,834221056,829243392,4931584,829243392,2551808,0,0,0,12977451008,0,0.19
2026-08-30T05:00:42.650Z,3590.068,836755456,849518592,0,834294784,829317120,4931584,829317120,2551808,0,0,0,12977803264,0,0.24
2026-08-30T05:00:52.655Z,3600.073,836784128,849518592,0,834315264,829337600,4931584,829337600,2551808,0,0,0,12977410048,0,0.43
2026-08-30T05:01:02.656Z,3610.074,836775936,849518592,0,834315264,829337600,4931584,829337600,2551808,0,0,0,12975968256,0,0.52
2026-08-30T05:01:12.656Z,3620.074,836927488,849518592,0,834458624,829480960,4931584,829480960,2551808,0,0,0,12976721920,0,0.44
2026-08-30T05:01:22.652Z,3630.07,836919296,849518592,0,834458624,829480960,4931584,829480960,2551808,0,0,0,12976365568,0,0.37
2026-08-30T05:01:32.657Z,3640.075,836907008,849518592,0,834438144,829460480,4931584,829460480,2551808,0,0,0,12976984064,0,0.32
2026-08-30T05:01:42.652Z,3650.07,836997120,849518592,0,834528256,829550592,4931584,829550592,2551808,0,0,0,12977225728,0,0.27
2026-08-30T05:01:52.652Z,3660.07,837013504,849518592,0,834544640,829566976,4931584,829566976,2551808,0,0,0,12977074176,0,0.31
2026-08-30T05:02:02.653Z,3670.071,837111808,849518592,0,834442240,829464576,4931584,829464576,2551808,0,0,0,12977950720,0,0.26
2026-08-30T05:02:12.656Z,3680.074,837332992,849518592,0,834831360,829853696,4931584,829853696,2551808,0,0,0,12976574464,0,0.22
2026-08-30T05:02:22.657Z,3690.075,837070848,849518592,0,834601984,829624320,4931584,829624320,2551808,0,0,0,12977512448,0,0.26
2026-08-30T05:02:32.653Z,3700.071,837222400,849518592,0,834753536,829775872,4931584,829775872,2551808,0,0,0,12977254400,0,0.22
2026-08-30T05:02:42.654Z,3710.072,837218304,849518592,0,834757632,829779968,4931584,829779968,2551808,0,0,0,12976979968,0,0.19
2026-08-30T05:02:52.651Z,3720.069,837304320,849518592,0,834843648,829865984,4931584,829865984,2551808,0,0,0,12974592000,0,0.16
2026-08-30T05:03:02.656Z,3730.074,837341184,849518592,0,834872320,829894656,4931584,829894656,2551808,0,0,0,12976742400,0,0.21
2026-08-30T05:03:12.652Z,3740.07,837308416,849518592,0,834839552,829861888,4931584,829861888,2551808,0,0,0,12975816704,0,0.18
2026-08-30T05:03:22.652Z,3750.07,837398528,849518592,0,834896896,829919232,4931584,829919232,2551808,0,0,0,12974518272,0,0.15
2026-08-30T05:03:32.656Z,3760.074,837533696,849518592,0,835064832,830087168,4931584,830087168,2551808,0,0,0,12975501312,0,0.12
2026-08-30T05:03:42.653Z,3770.071,837435392,849518592,0,834933760,829956096,4931584,829956096,2551808,0,0,0,12974366720,0,0.18
2026-08-30T05:03:52.650Z,3780.068,837656576,849518592,0,835195904,830218240,4931584,830218240,2551808,0,0,0,12975706112,0,0.15
2026-08-30T05:04:02.653Z,3790.071,837558272,849518592,0,834982912,830005248,4931584,830005248,2551808,0,0,0,12975165440,0,0.21
2026-08-30T05:04:12.659Z,3800.077,837672960,849518592,0,835212288,830234624,4931584,830234624,2551808,0,0,0,12976205824,0,0.25
2026-08-30T05:04:22.657Z,3810.075,837804032,849518592,0,835302400,830324736,4931584,830324736,2551808,0,0,0,12976848896,0,0.21
2026-08-30T05:04:32.655Z,3820.073,837869568,849518592,0,835408896,830431232,4931584,830431232,2551808,0,0,0,12976332800,0,0.18
2026-08-30T05:04:42.654Z,3830.072,837885952,849518592,0,835163136,830185472,4931584,830185472,2551808,0,0,0,12976214016,0,0.23
2026-08-30T05:04:52.654Z,3840.072,837869568,849518592,0,835367936,830390272,4931584,830390272,2551808,0,0,0,12975554560,0,0.28
2026-08-30T05:05:02.660Z,3850.078,837836800,849518592,0,835167232,830189568,4931584,830189568,2551808,0,0,0,12967170048,0,0.23
2026-08-30T05:05:12.653Z,3860.071,837885952,849518592,0,835417088,830439424,4931584,830439424,2551808,0,0,0,12975153152,0,0.2
2026-08-30T05:05:22.661Z,3870.079,837894144,849518592,0,835412992,830435328,4931584,830435328,2551808,0,0,0,12975550464,0,0.17
2026-08-30T05:05:32.661Z,3880.079,838017024,849518592,0,835535872,830558208,4931584,830558208,2551808,0,0,0,12974977024,0,0.14
2026-08-30T05:05:42.663Z,3890.081,838098944,849518592,0,835638272,830660608,4931584,830660608,2551808,0,0,0,12976549888,0,0.35
2026-08-30T05:05:52.663Z,3900.081,838090752,849518592,0,835621888,830644224,4931584,830644224,2551808,0,0,0,12975587328,0,0.37
2026-08-30T05:06:02.659Z,3910.077,838123520,849518592,0,835654656,830676992,4931584,830676992,2551808,0,0,0,12975161344,0,0.31
2026-08-30T05:06:12.662Z,3920.08,838197248,849518592,0,835716096,830738432,4931584,830738432,2551808,0,0,0,12974858240,0,0.27
2026-08-30T05:06:22.655Z,3930.073,837971968,849518592,0,835511296,830533632,4931584,830533632,2551808,0,0,0,12975210496,0,0.22
2026-08-30T05:06:32.654Z,3940.072,838340608,849518592,0,835879936,830902272,4931584,830902272,2551808,0,0,0,12974333952,0,0.19
2026-08-30T05:06:42.661Z,3950.079,838422528,849518592,0,835961856,830984192,4931584,830984192,2551808,0,0,0,12975927296,0,0.16
2026-08-30T05:06:52.654Z,3960.072,838402048,849518592,0,835900416,830922752,4931584,830922752,2551808,0,0,0,12972871680,0,0.13
2026-08-30T05:07:02.655Z,3970.073,838549504,849518592,0,836080640,831102976,4931584,831102976,2551808,0,0,0,12974612480,0,0.11
2026-08-30T05:07:12.660Z,3980.078,838582272,849518592,0,836088832,831111168,4931584,831111168,2551808,0,0,0,12974870528,0,0.1
2026-08-30T05:07:22.659Z,3990.077,838594560,849518592,0,836125696,831148032,4931584,831148032,2551808,0,0,0,12971753472,0,0.16
2026-08-30T05:07:32.660Z,4000.078,838602752,849518592,0,836142080,831164416,4931584,831164416,2551808,0,0,0,12974530560,0,0.14
2026-08-30T05:07:42.655Z,4010.073,838598656,849518592,0,836129792,831152128,4931584,831152128,2551808,0,0,0,12973862912,0,0.11
2026-08-30T05:07:52.662Z,4020.08,838598656,849518592,0,836129792,831152128,4931584,831152128,2551808,0,0,0,12973760512,0,0.1
2026-08-30T05:08:02.656Z,4030.074,838533120,849518592,0,836064256,831086592,4931584,831086592,2551808,0,0,0,12975153152,0,0.08
2026-08-30T05:08:12.654Z,4040.072,838615040,849518592,0,836031488,831053824,4931584,831053824,2551808,0,0,0,12974145536,0,0.07
2026-08-30T05:08:22.662Z,4050.08,838582272,849518592,0,836121600,831143936,4931584,831143936,2551808,0,0,0,12975169536,0,0.06
2026-08-30T05:08:32.655Z,4060.073,838578176,849518592,0,836109312,831131648,4931584,831131648,2551808,0,0,0,12975407104,0,0.05
2026-08-30T05:08:42.661Z,4070.079,838324224,849518592,0,835855360,830877696,4931584,830877696,2551808,0,0,0,12974956544,0,0.12
2026-08-30T05:08:52.662Z,4080.08,838619136,849518592,0,835908608,830930944,4931584,830930944,2551808,0,0,0,12975431680,0,0.1
2026-08-30T05:09:02.656Z,4090.074,838848512,849518592,0,836387840,831410176,4931584,831410176,2551808,0,0,0,12974751744,0,0.08
2026-08-30T05:09:12.655Z,4100.073,838844416,849518592,0,836260864,831283200,4931584,831283200,2551808,0,0,0,12975042560,0,0.15
2026-08-30T05:09:22.666Z,4110.084,838795264,849518592,0,836326400,831348736,4931584,831348736,2551808,0,0,0,12960485376,0,0.36
2026-08-30T05:09:32.660Z,4120.078,838803456,849518592,0,836342784,831365120,4931584,831365120,2551808,0,0,0,12966428672,0,0.31
2026-08-30T05:09:42.663Z,4130.081,838770688,849518592,0,836301824,831324160,4931584,831324160,2551808,0,0,0,12969545728,0,0.26
2026-08-30T05:09:52.662Z,4140.08,838881280,849518592,0,836375552,831397888,4931584,831397888,2551808,0,0,0,12970827776,0,0.22
2026-08-30T05:10:02.658Z,4150.076,838889472,849518592,0,836408320,831430656,4931584,831430656,2551808,0,0,0,12972810240,0,0.18
2026-08-30T05:10:12.658Z,4160.076,838873088,849518592,0,836391936,831414272,4931584,831414272,2551808,0,0,0,12974374912,0,0.16
2026-08-30T05:10:22.657Z,4170.075,839200768,849518592,0,836719616,831741952,4931584,831741952,2551808,0,0,0,12974755840,0,0.13
2026-08-30T05:10:32.656Z,4180.074,839221248,849518592,0,836752384,831774720,4931584,831774720,2551808,0,0,0,12973580288,0,0.11
2026-08-30T05:10:42.664Z,4190.082,839200768,849518592,0,836719616,831741952,4931584,831741952,2551808,0,0,0,12974632960,0,0.17
2026-08-30T05:10:52.659Z,4200.077,839249920,849518592,0,836535296,831557632,4931584,831557632,2551808,0,0,0,12974034944,0,0.14
2026-08-30T05:11:02.665Z,4210.083,839856128,849518592,0,837374976,832397312,4931584,832397312,2551808,0,0,0,12973314048,0,0.12
2026-08-30T05:11:12.660Z,4220.078,840278016,849518592,0,837796864,832819200,4931584,832819200,2551808,0,0,0,12972544000,0,0.17
2026-08-30T05:11:22.669Z,4230.087,840294400,849518592,0,837788672,832811008,4931584,832811008,2551808,0,0,0,12973305856,0,0.15
2026-08-30T05:11:32.666Z,4240.084,840286208,849518592,0,837796864,832819200,4931584,832819200,2551808,0,0,0,12972691456,0,0.12
2026-08-30T05:11:42.666Z,4250.084,840597504,849518592,0,838116352,833138688,4931584,833138688,2551808,0,0,0,12972310528,0,0.1
2026-08-30T05:11:52.666Z,4260.084,840691712,849518592,0,838185984,833208320,4931584,833208320,2551808,0,0,0,12970745856,0,0.09
2026-08-30T05:12:02.667Z,4270.085,840925184,849518592,0,838452224,833474560,4931584,833474560,2551808,0,0,0,12971192320,0,0.07
2026-08-30T05:12:12.665Z,4280.083,840863744,849518592,0,838390784,833413120,4931584,833413120,2551808,0,0,0,12972326912,0,0.06
2026-08-30T05:12:22.660Z,4290.078,841154560,849518592,0,838484992,833507328,4931584,833507328,2551808,0,0,0,12971859968,0,0.05
2026-08-30T05:12:32.660Z,4300.078,841547776,849518592,0,839087104,834109440,4931584,834109440,2551808,0,0,0,12970864640,0,0.04
2026-08-30T05:12:42.660Z,4310.078,841506816,849518592,0,839033856,834056192,4931584,834056192,2551808,0,0,0,12972146688,0,0.04
2026-08-30T05:12:52.667Z,4320.085,841564160,849518592,0,839083008,834105344,4931584,834105344,2551808,0,0,0,12972318720,0,0.03
2026-08-30T05:13:02.661Z,4330.079,841560064,849518592,0,839078912,834101248,4931584,834101248,2551808,0,0,0,12972601344,0,0.02
2026-08-30T05:13:12.666Z,4340.084,841805824,849518592,0,839336960,834359296,4931584,834359296,2551808,0,0,0,12972834816,0,0.02
2026-08-30T05:13:22.660Z,4350.078,841822208,849518592,0,839353344,834375680,4931584,834375680,2551808,0,0,0,12971569152,0,0.02
2026-08-30T05:13:32.660Z,4360.078,841965568,849518592,0,839463936,834486272,4931584,834486272,2551808,0,0,0,12969390080,0,0.09
2026-08-30T05:13:42.663Z,4370.081,841986048,849518592,0,839480320,834502656,4931584,834502656,2551808,0,0,0,12967694336,0,0.07
2026-08-30T05:13:52.661Z,4380.079,842256384,849518592,0,839787520,834809856,4931584,834809856,2551808,0,0,0,12969385984,0,0.06
2026-08-30T05:14:02.663Z,4390.081,842338304,849518592,0,839877632,834899968,4931584,834899968,2551808,0,0,0,12968464384,0,0.13
2026-08-30T05:14:12.670Z,4400.087,842395648,849518592,0,839902208,834924544,4931584,834924544,2551808,0,0,0,12968280064,0,0.11
2026-08-30T05:14:22.660Z,4410.078,842403840,849518592,0,839934976,834957312,4931584,834957312,2551808,0,0,0,12968333312,0,0.09
2026-08-30T05:14:32.660Z,4420.078,842399744,849518592,0,839918592,834940928,4931584,834940928,2551808,0,0,0,12967305216,0,0.08
2026-08-30T05:14:42.661Z,4430.079,842788864,849518592,0,840328192,835350528,4931584,835350528,2551808,0,0,0,12968771584,0,0.14
2026-08-30T05:14:52.661Z,4440.079,842809344,849518592,0,840348672,835371008,4931584,835371008,2551808,0,0,0,12968026112,0,0.2
2026-08-30T05:15:02.666Z,4450.084,842858496,849518592,0,840352768,835375104,4931584,835375104,2551808,0,0,0,12967743488,0,0.17
2026-08-30T05:15:12.661Z,4460.079,842805248,849518592,0,840336384,835358720,4931584,835358720,2551808,0,0,0,12966420480,0,0.14
2026-08-30T05:15:22.666Z,4470.084,842932224,849518592,0,840426496,835448832,4931584,835448832,2551808,0,0,0,12964315136,0,0.12
2026-08-30T05:15:32.667Z,4480.085,843366400,849518592,0,840860672,835883008,4931584,835883008,2551808,0,0,0,12962959360,0,0.17
2026-08-30T05:15:42.662Z,4490.08,843354112,849518592,0,840893440,835915776,4931584,835915776,2551808,0,0,0,12963516416,0,0.23
2026-08-30T05:15:52.663Z,4500.081,843354112,849518592,0,840643584,835665920,4931584,835665920,2551808,0,0,0,12966268928,0,0.27
2026-08-30T05:16:02.667Z,4510.085,843374592,849518592,0,840868864,835891200,4931584,835891200,2551808,0,0,0,12964245504,0,0.22
2026-08-30T05:16:12.664Z,4520.082,843358208,849518592,0,840852480,835874816,4931584,835874816,2551808,0,0,0,12965376000,0,0.19
2026-08-30T05:16:22.670Z,4530.088,843390976,849518592,0,840885248,835907584,4931584,835907584,2551808,0,0,0,12966199296,0,0.24
2026-08-30T05:16:32.663Z,4540.081,843116544,849518592,0,840610816,835633152,4931584,835633152,2551808,0,0,0,12967710720,0,0.28
2026-08-30T05:16:42.662Z,4550.08,843321344,849518592,0,840852480,835874816,4931584,835874816,2551808,0,0,0,12966322176,0,0.24
2026-08-30T05:16:52.666Z,4560.084,843132928,849518592,0,840627200,835649536,4931584,835649536,2551808,0,0,0,12966465536,0,0.2
2026-08-30T05:17:02.662Z,4570.08,843333632,849518592,0,840627200,835649536,4931584,835649536,2551808,0,0,0,12969361408,0,0.17
2026-08-30T05:17:12.663Z,4580.081,843345920,849518592,0,840872960,835895296,4931584,835895296,2551808,0,0,0,12968169472,0,0.14
2026-08-30T05:17:22.662Z,4590.08,843362304,849518592,0,840901632,835923968,4931584,835923968,2551808,0,0,0,12968030208,0,0.12
2026-08-30T05:17:32.665Z,4600.083,843485184,849518592,0,840782848,835805184,4931584,835805184,2551808,0,0,0,12968189952,0,0.18
2026-08-30T05:17:42.666Z,4610.084,843497472,849518592,0,841028608,836050944,4931584,836050944,2551808,0,0,0,12967276544,0,0.31
2026-08-30T05:17:52.661Z,4620.079,843722752,849518592,0,841217024,836239360,4931584,836239360,2551808,0,0,0,12968701952,0,0.34
2026-08-30T05:18:02.667Z,4630.085,843583488,849518592,0,841114624,836136960,4931584,836136960,2551808,0,0,0,12966334464,0,0.28
2026-08-30T05:18:12.672Z,4640.09,843653120,849518592,0,841147392,836169728,4931584,836169728,2551808,0,0,0,12967067648,0,0.24
2026-08-30T05:18:22.668Z,4650.086,843448320,849518592,0,840942592,835964928,4931584,835964928,2551808,0,0,0,12966010880,0,0.2
2026-08-30T05:18:32.668Z,4660.086,843513856,849518592,0,841016320,836038656,4931584,836038656,2551808,0,0,0,12966944768,0,0.25
2026-08-30T05:18:42.663Z,4670.081,843558912,849518592,0,841053184,836075520,4931584,836075520,2551808,0,0,0,12967739392,0,0.21
2026-08-30T05:18:52.669Z,4680.087,843808768,849518592,0,841303040,836325376,4931584,836325376,2551808,0,0,0,12967665664,0,0.26
2026-08-30T05:19:02.661Z,4690.079,843669504,849518592,0,841167872,836190208,4931584,836190208,2551808,0,0,0,12966952960,0,0.37
2026-08-30T05:19:12.663Z,4700.081,843685888,849518592,0,841212928,836235264,4931584,836235264,2551808,0,0,0,12967407616,0,0.32
2026-08-30T05:19:22.662Z,4710.08,843681792,849518592,0,840979456,836001792,4931584,836001792,2551808,0,0,0,12967731200,0,0.27
2026-08-30T05:19:32.675Z,4720.093,843718656,849518592,0,841212928,836235264,4931584,836235264,2551808,0,0,0,12968103936,0,0.22
2026-08-30T05:19:42.668Z,4730.086,843685888,849518592,0,840967168,835989504,4931584,835989504,2551808,0,0,0,12965974016,0,0.19
2026-08-30T05:19:52.668Z,4740.086,843722752,849518592,0,841217024,836239360,4931584,836239360,2551808,0,0,0,12967563264,0,0.16
2026-08-30T05:20:02.668Z,4750.086,843534336,849518592,0,841028608,836050944,4931584,836050944,2551808,0,0,0,12967645184,0,0.14
2026-08-30T05:20:12.662Z,4760.08,843677696,849518592,0,841008128,836030464,4931584,836030464,2551808,0,0,0,12970250240,0,0.11
2026-08-30T05:20:22.668Z,4770.086,843862016,849518592,0,841393152,836415488,4931584,836415488,2551808,0,0,0,12970573824,0,0.1
2026-08-30T05:20:32.668Z,4780.086,843902976,849518592,0,841405440,836427776,4931584,836427776,2551808,0,0,0,12970450944,0,0.08
2026-08-30T05:20:42.667Z,4790.085,843927552,849518592,0,841421824,836444160,4931584,836444160,2551808,0,0,0,12969611264,0,0.15
2026-08-30T05:20:52.667Z,4800.085,843923456,849518592,0,841417728,836440064,4931584,836440064,2551808,0,0,0,12963672064,0,0.12
2026-08-30T05:21:02.662Z,4810.08,843919360,849518592,0,841208832,836231168,4931584,836231168,2551808,0,0,0,12968538112,0,0.1
2026-08-30T05:21:12.671Z,4820.089,843952128,849518592,0,841446400,836468736,4931584,836468736,2551808,0,0,0,12970565632,0,0.09
2026-08-30T05:21:22.668Z,4830.086,843714560,849518592,0,841208832,836231168,4931584,836231168,2551808,0,0,0,12970483712,0,0.07
2026-08-30T05:21:32.672Z,4840.09,844001280,849518592,0,841495552,836517888,4931584,836517888,2551808,0,0,0,12968255488,0,0.06
2026-08-30T05:21:42.674Z,4850.092,843763712,849518592,0,841257984,836280320,4931584,836280320,2551808,0,0,0,12967251968,0,0.13
2026-08-30T05:21:52.661Z,4860.079,843960320,849518592,0,841499648,836521984,4931584,836521984,2551808,0,0,0,12968828928,0,0.11
2026-08-30T05:22:02.673Z,4870.091,843976704,849518592,0,841470976,836493312,4931584,836493312,2551808,0,0,0,12968620032,0,0.09
2026-08-30T05:22:12.673Z,4880.091,844005376,849518592,0,841499648,836521984,4931584,836521984,2551808,0,0,0,12968529920,0,0.08
2026-08-30T05:22:22.676Z,4890.094,844005376,849518592,0,841499648,836521984,4931584,836521984,2551808,0,0,0,12969451520,0,0.15
2026-08-30T05:22:32.670Z,4900.088,843968512,849518592,0,841462784,836485120,4931584,836485120,2551808,0,0,0,12969205760,0,0.2
2026-08-30T05:22:42.675Z,4910.093,844255232,849518592,0,841749504,836771840,4931584,836771840,2551808,0,0,0,12969422848,0,0.17
2026-08-30T05:22:52.667Z,4920.085,844005376,849518592,0,841499648,836521984,4931584,836521984,2551808,0,0,0,12968755200,0,0.14
2026-08-30T05:23:02.668Z,4930.086,843784192,849518592,0,841278464,836300800,4931584,836300800,2551808,0,0,0,12969119744,0,0.19
2026-08-30T05:23:12.671Z,4940.089,844005376,849518592,0,841499648,836521984,4931584,836521984,2551808,0,0,0,12968497152,0,0.16
2026-08-30T05:23:22.670Z,4950.088,843988992,849518592,0,841483264,836505600,4931584,836505600,2551808,0,0,0,12962885632,0,0.14
2026-08-30T05:23:32.668Z,4960.086,843902976,849518592,0,841397248,836419584,4931584,836419584,2551808,0,0,0,12966629376,0,0.12
2026-08-30T05:23:42.669Z,4970.087,843706368,849518592,0,841200640,836222976,4931584,836222976,2551808,0,0,0,12967505920,0,0.1
2026-08-30T05:23:52.669Z,4980.087,843730944,849518592,0,841225216,836247552,4931584,836247552,2551808,0,0,0,12966293504,0,0.08
2026-08-30T05:24:02.674Z,4990.092,843931648,849518592,0,841425920,836448256,4931584,836448256,2551808,0,0,0,12965662720,0,0.14
2026-08-30T05:24:12.675Z,5000.093,843976704,849518592,0,841470976,836493312,4931584,836493312,2551808,0,0,0,12966629376,0,0.2
2026-08-30T05:24:22.671Z,5010.089,843952128,849518592,0,841446400,836468736,4931584,836468736,2551808,0,0,0,12966285312,0,0.17
2026-08-30T05:24:32.670Z,5020.088,843915264,849518592,0,841409536,836431872,4931584,836431872,2551808,0,0,0,12968079360,0,0.14
2026-08-30T05:24:42.669Z,5030.087,843935744,849518592,0,841323520,836345856,4931584,836345856,2551808,0,0,0,12967309312,0,0.12
2026-08-30T05:24:52.668Z,5040.086,843952128,849518592,0,841339904,836362240,4931584,836362240,2551808,0,0,0,12967768064,0,0.1
2026-08-30T05:25:02.669Z,5050.087,843952128,849518592,0,841483264,836505600,4931584,836505600,2551808,0,0,0,12968087552,0,0.09
2026-08-30T05:25:12.673Z,5060.091,843919360,849518592,0,841200640,836222976,4931584,836222976,2551808,0,0,0,12968882176,0,0.15
2026-08-30T05:25:22.666Z,5070.084,843902976,849518592,0,841200640,836222976,4931584,836222976,2551808,0,0,0,12968853504,0,0.28
2026-08-30T05:25:32.671Z,5080.089,843943936,849518592,0,841458688,836481024,4931584,836481024,2551808,0,0,0,12968337408,0,0.24
2026-08-30T05:25:42.667Z,5090.085,843923456,849518592,0,841417728,836440064,4931584,836440064,2551808,0,0,0,12966916096,0,0.2
2026-08-30T05:25:52.671Z,5100.089,843919360,849518592,0,841450496,836472832,4931584,836472832,2551808,0,0,0,12967182336,0,0.25
2026-08-30T05:26:02.670Z,5110.088,843886592,849518592,0,841380864,836403200,4931584,836403200,2551808,0,0,0,12969201664,0,0.37
2026-08-30T05:26:12.666Z,5120.084,843849728,849518592,0,841167872,836190208,4931584,836190208,2551808,0,0,0,12967837696,0,0.31
2026-08-30T05:26:22.670Z,5130.088,843907072,849518592,0,841434112,836456448,4931584,836456448,2551808,0,0,0,12968554496,0,0.26
2026-08-30T05:26:32.665Z,5140.083,843911168,849518592,0,841450496,836472832,4931584,836472832,2551808,0,0,0,12965425152,0,0.38
2026-08-30T05:26:42.665Z,5150.083,843931648,849518592,0,841450496,836472832,4931584,836472832,2551808,0,0,0,12968648704,0,0.32
2026-08-30T05:26:52.672Z,5160.09,843907072,849518592,0,841434112,836456448,4931584,836456448,2551808,0,0,0,12966522880,0,0.27
2026-08-30T05:27:02.671Z,5170.089,843894784,849518592,0,841327616,836349952,4931584,836349952,2551808,0,0,0,12969242624,0,0.23
2026-08-30T05:27:12.671Z,5180.089,843927552,849518592,0,841462784,836485120,4931584,836485120,2551808,0,0,0,12968120320,0,0.19
2026-08-30T05:27:22.670Z,5190.088,843890688,849518592,0,841180160,836202496,4931584,836202496,2551808,0,0,0,12963295232,0,0.24
2026-08-30T05:27:32.671Z,5200.089,843894784,849518592,0,841425920,836448256,4931584,836448256,2551808,0,0,0,12967510016,0,0.2
2026-08-30T05:27:42.665Z,5210.083,840187904,849518592,0,837719040,832741376,4931584,832741376,2551808,0,0,0,12969463808,0,0.17
2026-08-30T05:27:52.671Z,5220.089,840200192,849518592,0,837497856,832520192,4931584,832520192,2551808,0,0,0,12967833600,0,0.22
2026-08-30T05:28:02.668Z,5230.086,840196096,849518592,0,837727232,832749568,4931584,832749568,2551808,0,0,0,12971040768,0,0.18
2026-08-30T05:28:12.665Z,5240.083,840179712,849518592,0,837710848,832733184,4931584,832733184,2551808,0,0,0,12970397696,0,0.16
2026-08-30T05:28:22.671Z,5250.089,840146944,849518592,0,837678080,832700416,4931584,832700416,2551808,0,0,0,12972052480,0,0.13
2026-08-30T05:28:32.671Z,5260.089,840028160,849518592,0,837448704,832471040,4931584,832471040,2551808,0,0,0,12971585536,0,0.11
2026-08-30T05:28:42.667Z,5270.085,840200192,849518592,0,837706752,832729088,4931584,832729088,2551808,0,0,0,12970598400,0,0.09
2026-08-30T05:28:52.666Z,5280.084,840142848,849518592,0,837641216,832663552,4931584,832663552,2551808,0,0,0,12972507136,0,0.45
2026-08-30T05:29:02.682Z,5290.1,840372224,849518592,0,837866496,832888832,4931584,832888832,2551808,0,0,0,12971761664,0,0.46
2026-08-30T05:29:12.668Z,5300.086,840081408,849518592,0,837620736,832643072,4931584,832643072,2551808,0,0,0,12971773952,0,0.46
2026-08-30T05:29:22.667Z,5310.085,840192000,849518592,0,837731328,832753664,4931584,832753664,2551808,0,0,0,12971757568,0,0.39
2026-08-30T05:29:32.668Z,5320.086,840577024,849518592,0,837874688,832897024,4931584,832897024,2551808,0,0,0,12971343872,0,0.33
2026-08-30T05:29:42.670Z,5330.088,840175616,849518592,0,837714944,832737280,4931584,832737280,2551808,0,0,0,12972388352,0,0.28
2026-08-30T05:29:52.674Z,5340.092,840159232,849518592,0,837489664,832512000,4931584,832512000,2551808,0,0,0,12967362560,0,0.32
2026-08-30T05:30:02.668Z,5350.086,840175616,849518592,0,837706752,832729088,4931584,832729088,2551808,0,0,0,12970389504,0,0.27
2026-08-30T05:30:12.674Z,5360.092,840179712,849518592,0,837477376,832499712,4931584,832499712,2551808,0,0,0,12971012096,0,0.23
2026-08-30T05:30:22.668Z,5370.086,840224768,849518592,0,837522432,832544768,4931584,832544768,2551808,0,0,0,12972072960,0,0.34
2026-08-30T05:30:32.673Z,5380.091,840220672,849518592,0,837751808,832774144,4931584,832774144,2551808,0,0,0,12972371968,0,0.29
2026-08-30T05:30:42.668Z,5390.086,840540160,849518592,0,837862400,832884736,4931584,832884736,2551808,0,0,0,12971737088,0,0.32
2026-08-30T05:30:52.669Z,5400.087,840175616,849518592,0,837706752,832729088,4931584,832729088,2551808,0,0,0,12972605440,0,0.35
2026-08-30T05:31:02.674Z,5410.092,840245248,849518592,0,837772288,832794624,4931584,832794624,2551808,0,0,0,12971585536,0,0.29
2026-08-30T05:31:12.669Z,5420.087,840253440,849518592,0,837792768,832815104,4931584,832815104,2551808,0,0,0,12970905600,0,0.25
2026-08-30T05:31:22.669Z,5430.087,840241152,849518592,0,837772288,832794624,4931584,832794624,2551808,0,0,0,12968935424,0,0.21
2026-08-30T05:31:32.673Z,5440.091,840245248,849518592,0,837534720,832557056,4931584,832557056,2551808,0,0,0,12970094592,0,0.18
2026-08-30T05:31:42.670Z,5450.088,840261632,849518592,0,837559296,832581632,4931584,832581632,2551808,0,0,0,12970938368,0,0.15
2026-08-30T05:31:52.674Z,5460.092,840245248,849518592,0,837784576,832806912,4931584,832806912,2551808,0,0,0,12970819584,0,0.12
2026-08-30T05:32:02.671Z,5470.089,840261632,849518592,0,837555200,832577536,4931584,832577536,2551808,0,0,0,12971044864,0,0.11
2026-08-30T05:32:12.668Z,5480.086,840601600,849518592,0,838128640,833150976,4931584,833150976,2551808,0,0,0,12969746432,0,0.09
2026-08-30T05:32:22.669Z,5490.087,840323072,849518592,0,837862400,832884736,4931584,832884736,2551808,0,0,0,12971208704,0,0.07
2026-08-30T05:32:32.672Z,5500.09,840269824,849518592,0,837805056,832827392,4931584,832827392,2551808,0,0,0,12970582016,0,0.06
2026-08-30T05:32:42.669Z,5510.087,840241152,849518592,0,837760000,832782336,4931584,832782336,2551808,0,0,0,12968747008,0,0.05
2026-08-30T05:32:52.668Z,5520.086,840245248,849518592,0,837776384,832798720,4931584,832798720,2551808,0,0,0,12969459712,0,0.04
2026-08-30T05:33:02.669Z,5530.087,840253440,849518592,0,837792768,832815104,4931584,832815104,2551808,0,0,0,12971044864,0,0.04
2026-08-30T05:33:12.670Z,5540.088,840278016,849518592,0,837817344,832839680,4931584,832839680,2551808,0,0,0,12969533440,0,0.03
2026-08-30T05:33:22.669Z,5550.087,840278016,849518592,0,837809152,832831488,4931584,832831488,2551808,0,0,0,12965249024,0,0.03
2026-08-30T05:33:32.675Z,5560.093,840278016,849518592,0,837563392,832585728,4931584,832585728,2551808,0,0,0,12969349120,0,0.02
2026-08-30T05:33:42.675Z,5570.093,840228864,849518592,0,837526528,832548864,4931584,832548864,2551808,0,0,0,12966436864,0,0.1
2026-08-30T05:33:52.674Z,5580.092,840278016,849518592,0,837805056,832827392,4931584,832827392,2551808,0,0,0,12968448000,0,0.08
2026-08-30T05:34:02.674Z,5590.092,840269824,849518592,0,837567488,832589824,4931584,832589824,2551808,0,0,0,12970549248,0,0.07
2026-08-30T05:34:12.669Z,5600.087,841322496,849518592,0,838853632,833875968,4931584,833875968,2551808,0,0,0,12969988096,0,0.14
2026-08-30T05:34:22.670Z,5610.088,841289728,849518592,0,838620160,833642496,4931584,833642496,2551808,0,0,0,12965322752,0,0.19
2026-08-30T05:34:32.672Z,5620.09,841437184,849518592,0,838722560,833744896,4931584,833744896,2551808,0,0,0,12968771584,0,0.16
2026-08-30T05:34:42.669Z,5630.087,841076736,849518592,0,838607872,833630208,4931584,833630208,2551808,0,0,0,12970000384,0,0.14
2026-08-30T05:34:52.669Z,5640.087,841408512,849518592,0,838833152,833855488,4931584,833855488,2551808,0,0,0,12969779200,0,0.11
2026-08-30T05:35:02.677Z,5650.095,841322496,849518592,0,838853632,833875968,4931584,833875968,2551808,0,0,0,12971061248,0,0.1
2026-08-30T05:35:12.670Z,5660.088,841248768,849518592,0,838788096,833810432,4931584,833810432,2551808,0,0,0,12972335104,0,0.08
2026-08-30T05:35:22.670Z,5670.088,841273344,849518592,0,838771712,833794048,4931584,833794048,2551808,0,0,0,12971569152,0,0.07
2026-08-30T05:35:32.670Z,5680.088,841420800,849518592,0,838718464,833740800,4931584,833740800,2551808,0,0,0,12971130880,0,0.06
2026-08-30T05:35:42.670Z,5690.088,841273344,849518592,0,838554624,833576960,4931584,833576960,2551808,0,0,0,12968869888,0,0.13
2026-08-30T05:35:52.676Z,5700.094,841789440,849518592,0,839328768,834351104,4931584,834351104,2551808,0,0,0,12970319872,0,0.11
2026-08-30T05:36:02.669Z,5710.087,842321920,849518592,0,839861248,834883584,4931584,834883584,2551808,0,0,0,12969922560,0,0.17
2026-08-30T05:36:12.669Z,5720.087,842321920,849518592,0,839861248,834883584,4931584,834883584,2551808,0,0,0,12970983424,0,0.22
2026-08-30T05:36:22.669Z,5730.087,842321920,849518592,0,839853056,834875392,4931584,834875392,2551808,0,0,0,12969476096,0,0.26
2026-08-30T05:36:32.671Z,5740.088,842338304,849518592,0,839869440,834891776,4931584,834891776,2551808,0,0,0,12968513536,0,0.22
2026-08-30T05:36:42.676Z,5750.094,842260480,849518592,0,839787520,834809856,4931584,834809856,2551808,0,0,0,12970233856,0,0.26
2026-08-30T05:36:52.677Z,5760.095,842326016,849518592,0,839865344,834887680,4931584,834887680,2551808,0,0,0,12969148416,0,0.22
2026-08-30T05:37:02.670Z,5770.088,842346496,849518592,0,839844864,834867200,4931584,834867200,2551808,0,0,0,12969590784,0,0.19
2026-08-30T05:37:12.670Z,5780.088,842342400,849518592,0,839631872,834654208,4931584,834654208,2551808,0,0,0,12942458880,0,0.16
2026-08-30T05:37:22.677Z,5790.095,842436608,849518592,0,839975936,834998272,4931584,834998272,2551808,0,0,0,12958777344,0,0.29
2026-08-30T05:37:32.675Z,5800.092,842330112,849518592,0,839861248,834883584,4931584,834883584,2551808,0,0,0,12963680256,0,0.24
2026-08-30T05:37:42.669Z,5810.087,842346496,849518592,0,839644160,834666496,4931584,834666496,2551808,0,0,0,12965851136,0,0.2
2026-08-30T05:37:52.671Z,5820.089,842346496,849518592,0,839635968,834658304,4931584,834658304,2551808,0,0,0,12963999744,0,0.17
2026-08-30T05:38:02.674Z,5830.092,839077888,849518592,0,836617216,831639552,4931584,831639552,2551808,0,0,0,12971610112,0,0.15
2026-08-30T05:38:12.671Z,5840.089,838696960,849518592,0,836236288,831258624,4931584,831258624,2551808,0,0,0,12972961792,0,0.12
2026-08-30T05:38:22.670Z,5850.088,838717440,849518592,0,836015104,831037440,4931584,831037440,2551808,0,0,0,12971200512,0,0.1
2026-08-30T05:38:32.671Z,5860.089,839217152,849518592,0,836756480,831778816,4931584,831778816,2551808,0,0,0,12970188800,0,0.17
2026-08-30T05:38:42.670Z,5870.088,839737344,849518592,0,837047296,832069632,4931584,832069632,2551808,0,0,0,12969865216,0,0.14
2026-08-30T05:38:52.676Z,5880.094,839835648,849518592,0,837252096,832274432,4931584,832274432,2551808,0,0,0,12968538112,0,0.2
2026-08-30T05:39:02.671Z,5890.089,839766016,849518592,0,837305344,832327680,4931584,832327680,2551808,0,0,0,12969566208,0,0.25
2026-08-30T05:39:12.670Z,5900.088,840265728,849518592,0,837796864,832819200,4931584,832819200,2551808,0,0,0,12970438656,0,0.21
2026-08-30T05:39:22.677Z,5910.095,840388608,849518592,0,837927936,832950272,4931584,832950272,2551808,0,0,0,12967825408,0,0.18
2026-08-30T05:39:32.671Z,5920.089,839991296,849518592,0,837522432,832544768,4931584,832544768,2551808,0,0,0,12966711296,0,0.15
2026-08-30T05:39:42.671Z,5930.089,840232960,849518592,0,837522432,832544768,4931584,832544768,2551808,0,0,0,12968902656,0,0.13
2026-08-30T05:39:52.670Z,5940.088,840237056,849518592,0,837800960,832823296,4931584,832823296,2551808,0,0,0,12968554496,0,0.11
2026-08-30T05:40:02.678Z,5950.096,840273920,849518592,0,837596160,832618496,4931584,832618496,2551808,0,0,0,12969885696,0,0.09
2026-08-30T05:40:12.669Z,5960.087,840306688,849518592,0,837616640,832638976,4931584,832638976,2551808,0,0,0,12971503616,0,0.08
2026-08-30T05:40:22.671Z,5970.089,840380416,849518592,0,837911552,832933888,4931584,832933888,2551808,0,0,0,12971360256,0,0.06
2026-08-30T05:40:32.670Z,5980.088,840384512,849518592,0,837682176,832704512,4931584,832704512,2551808,0,0,0,12970303488,0,0.05
2026-08-30T05:40:42.670Z,5990.088,840355840,849518592,0,837682176,832704512,4931584,832704512,2551808,0,0,0,12970414080,0,0.12
2026-08-30T05:40:52.670Z,6000.088,840404992,849518592,0,837735424,832757760,4931584,832757760,2551808,0,0,0,12969750528,0,0.18
2026-08-30T05:41:02.676Z,6010.094,840503296,849518592,0,838042624,833064960,4931584,833064960,2551808,0,0,0,12970688512,0,0.15
2026-08-30T05:41:12.670Z,6020.088,840478720,849518592,0,837776384,832798720,4931584,832798720,2551808,0,0,0,12969517056,0,0.21
2026-08-30T05:41:22.669Z,6030.087,840478720,849518592,0,837768192,832790528,4931584,832790528,2551808,0,0,0,12969705472,0,0.33
2026-08-30T05:41:32.670Z,6040.088,840482816,849518592,0,837772288,832794624,4931584,832794624,2551808,0,0,0,12971016192,0,0.28
2026-08-30T05:41:42.676Z,6050.094,840482816,849518592,0,837878784,832901120,4931584,832901120,2551808,0,0,0,12967206912,0,0.24
2026-08-30T05:41:52.669Z,6060.087,840519680,849518592,0,838026240,833048576,4931584,833048576,2551808,0,0,0,12968476672,0,0.2
2026-08-30T05:42:02.669Z,6070.087,840527872,849518592,0,838067200,833089536,4931584,833089536,2551808,0,0,0,12968607744,0,0.17
2026-08-30T05:42:12.669Z,6080.087,840564736,849518592,0,838095872,833118208,4931584,833118208,2551808,0,0,0,12969594880,0,0.29
2026-08-30T05:42:22.671Z,6090.089,840630272,849518592,0,838169600,833191936,4931584,833191936,2551808,0,0,0,12967981056,0,0.24
2026-08-30T05:42:32.679Z,6100.097,840785920,849518592,0,838317056,833339392,4931584,833339392,2551808,0,0,0,12967235584,0,0.29
2026-08-30T05:42:42.670Z,6110.088,840679424,849518592,0,838013952,833036288,4931584,833036288,2551808,0,0,0,12968919040,0,0.24
2026-08-30T05:42:52.671Z,6120.089,840736768,849518592,0,838034432,833056768,4931584,833056768,2551808,0,0,0,12968501248,0,0.2
2026-08-30T05:43:02.674Z,6130.092,840847360,849518592,0,838378496,833400832,4931584,833400832,2551808,0,0,0,12969242624,0,0.17
2026-08-30T05:43:12.675Z,6140.093,841056256,849518592,0,838587392,833609728,4931584,833609728,2551808,0,0,0,12969492480,0,0.23
2026-08-30T05:43:22.680Z,6150.098,841674752,849518592,0,838964224,833986560,4931584,833986560,2551808,0,0,0,12967120896,0,0.19
2026-08-30T05:43:32.670Z,6160.088,842010624,849518592,0,839316480,834338816,4931584,834338816,2551808,0,0,0,12968173568,0,0.16
2026-08-30T05:43:42.676Z,6170.094,842330112,849518592,0,839873536,834895872,4931584,834895872,2551808,0,0,0,12969705472,0,0.14
2026-08-30T05:43:52.670Z,6180.088,842670080,849518592,0,839959552,834981888,4931584,834981888,2551808,0,0,0,12966637568,0,0.11
2026-08-30T05:44:02.669Z,6190.087,842760192,849518592,0,840291328,835313664,4931584,835313664,2551808,0,0,0,12967030784,0,0.18
2026-08-30T05:44:12.670Z,6200.088,842952704,849518592,0,840274944,835297280,4931584,835297280,2551808,0,0,0,12966744064,0,0.22
2026-08-30T05:44:22.669Z,6210.087,843018240,849518592,0,840557568,835579904,4931584,835579904,2551808,0,0,0,12967165952,0,0.19
2026-08-30T05:44:32.671Z,6220.089,842960896,849518592,0,840492032,835514368,4931584,835514368,2551808,0,0,0,12967497728,0,0.16
2026-08-30T05:44:42.675Z,6230.093,842977280,849518592,0,840520704,835543040,4931584,835543040,2551808,0,0,0,12967845888,0,0.13
2026-08-30T05:44:52.670Z,6240.088,843472896,849518592,0,840889344,835911680,4931584,835911680,2551808,0,0,0,12967157760,0,0.11
2026-08-30T05:45:02.675Z,6250.093,843325440,849518592,0,840856576,835878912,4931584,835878912,2551808,0,0,0,12966076416,0,0.1
2026-08-30T05:45:12.673Z,6260.091,843395072,849518592,0,840934400,835956736,4931584,835956736,2551808,0,0,0,12965797888,0,0.08
2026-08-30T05:45:22.676Z,6270.094,843390976,849518592,0,840922112,835944448,4931584,835944448,2551808,0,0,0,12953706496,0,0.07
2026-08-30T05:45:32.670Z,6280.088,843378688,849518592,0,840709120,835731456,4931584,835731456,2551808,0,0,0,12966375424,0,0.06
2026-08-30T05:45:42.675Z,6290.093,843595776,849518592,0,840893440,835915776,4931584,835915776,2551808,0,0,0,12965187584,0,0.05
2026-08-30T05:45:52.670Z,6300.088,843489280,849518592,0,840786944,835809280,4931584,835809280,2551808,0,0,0,12964737024,0,0.11
2026-08-30T05:46:02.671Z,6310.089,843522048,849518592,0,841020416,836042752,4931584,836042752,2551808,0,0,0,12966043648,0,0.1
2026-08-30T05:46:12.669Z,6320.087,843530240,849518592,0,841061376,836083712,4931584,836083712,2551808,0,0,0,12966817792,0,0.08
2026-08-30T05:46:22.671Z,6330.089,843550720,849518592,0,841090048,836112384,4931584,836112384,2551808,0,0,0,12967288832,0,0.07
2026-08-30T05:46:32.670Z,6340.088,843567104,849518592,0,841098240,836120576,4931584,836120576,2551808,0,0,0,12966436864,0,0.06
2026-08-30T05:46:42.676Z,6350.094,843653120,849518592,0,840975360,835997696,4931584,835997696,2551808,0,0,0,12966436864,0,0.05
2026-08-30T05:46:52.670Z,6360.088,844013568,849518592,0,841622528,836644864,4931584,836644864,2551808,0,0,0,12967071744,0,0.04
2026-08-30T05:47:02.670Z,6370.088,844099584,849518592,0,841679872,836702208,4931584,836702208,2551808,0,0,0,12967256064,0,0.03
2026-08-30T05:47:12.669Z,6380.087,844128256,849518592,0,841634816,836657152,4931584,836657152,2551808,0,0,0,12965842944,0,0.03
2026-08-30T05:47:22.670Z,6390.088,844140544,849518592,0,841638912,836661248,4931584,836661248,2551808,0,0,0,12966236160,0,0.1
2026-08-30T05:47:32.671Z,6400.089,844115968,849518592,0,841647104,836669440,4931584,836669440,2551808,0,0,0,12965122048,0,0.16
2026-08-30T05:47:42.675Z,6410.093,844128256,849518592,0,841667584,836689920,4931584,836689920,2551808,0,0,0,12966658048,0,0.13
2026-08-30T05:47:52.670Z,6420.088,844185600,849518592,0,841724928,836747264,4931584,836747264,2551808,0,0,0,12962095104,0,0.11
2026-08-30T05:48:02.677Z,6430.095,844189696,849518592,0,841753600,836775936,4931584,836775936,2551808,0,0,0,12944445440,0,0.09
2026-08-30T05:48:12.671Z,6440.089,844554240,849518592,0,841851904,836874240,4931584,836874240,2551808,0,0,0,12953341952,0,0.16
2026-08-30T05:48:22.671Z,6450.089,844537856,849518592,0,842077184,837099520,4931584,837099520,2551808,0,0,0,12961095680,0,0.21
2026-08-30T05:48:32.674Z,6460.092,844410880,849518592,0,841950208,836972544,4931584,836972544,2551808,0,0,0,12960526336,0,0.25
2026-08-30T05:48:42.676Z,6470.094,844554240,849518592,0,841851904,836874240,4931584,836874240,2551808,0,0,0,12962156544,0,0.21
2026-08-30T05:48:52.671Z,6480.089,844566528,849518592,0,842105856,837128192,4931584,837128192,2551808,0,0,0,12963971072,0,0.18
2026-08-30T05:49:02.679Z,6490.097,844840960,849518592,0,842347520,837369856,4931584,837369856,2551808,0,0,0,12962721792,0,0.3
2026-08-30T05:49:12.677Z,6500.095,844873728,849518592,0,842404864,837427200,4931584,837427200,2551808,0,0,0,12962316288,0,0.33
2026-08-30T05:49:22.672Z,6510.09,845193216,849518592,0,842699776,837722112,4931584,837722112,2551808,0,0,0,12962885632,0,0.35
2026-08-30T05:49:32.670Z,6520.088,845213696,849518592,0,842744832,837767168,4931584,837767168,2551808,0,0,0,12961378304,0,0.3
2026-08-30T05:49:42.675Z,6530.093,845180928,849518592,0,842712064,837734400,4931584,837734400,2551808,0,0,0,12961714176,0,0.25
2026-08-30T05:49:52.670Z,6540.088,845168640,849518592,0,842466304,837488640,4931584,837488640,2551808,0,0,0,12960944128,0,0.43
2026-08-30T05:50:02.672Z,6550.09,845180928,849518592,0,842712064,837734400,4931584,837734400,2551808,0,0,0,12961345536,0,0.37
2026-08-30T05:50:12.670Z,6560.088,845201408,849518592,0,842732544,837754880,4931584,837754880,2551808,0,0,0,12963954688,0,0.39
2026-08-30T05:50:22.671Z,6570.089,845168640,849518592,0,842699776,837722112,4931584,837722112,2551808,0,0,0,12964847616,0,0.33
2026-08-30T05:50:32.671Z,6580.089,845185024,849518592,0,842482688,837505024,4931584,837505024,2551808,0,0,0,12964130816,0,0.28
2026-08-30T05:50:42.675Z,6590.093,846237696,849518592,0,843768832,838791168,4931584,838791168,2551808,0,0,0,12963049472,0,0.24
2026-08-30T05:50:52.670Z,6600.088,846217216,849518592,0,843715584,838737920,4931584,838737920,2551808,0,0,0,12963373056,0,0.28
2026-08-30T05:51:02.671Z,6610.089,846262272,849518592,0,843793408,838815744,4931584,838815744,2551808,0,0,0,12961988608,0,0.24
2026-08-30T05:51:12.670Z,6620.088,842530816,849518592,0,840070144,835092480,4931584,835092480,2551808,0,0,0,12967145472,0,0.2
2026-08-30T05:51:22.670Z,6630.088,842551296,849518592,0,840057856,835080192,4931584,835080192,2551808,0,0,0,12961509376,0,0.17
2026-08-30T05:51:32.670Z,6640.088,842547200,849518592,0,840078336,835100672,4931584,835100672,2551808,0,0,0,12965470208,0,0.14
2026-08-30T05:51:42.670Z,6650.088,842485760,849518592,0,840025088,835047424,4931584,835047424,2551808,0,0,0,12967563264,0,0.12
2026-08-30T05:51:52.670Z,6660.088,842252288,849518592,0,839783424,834805760,4931584,834805760,2551808,0,0,0,12969500672,0,0.17
2026-08-30T05:52:02.678Z,6670.096,842534912,849518592,0,840074240,835096576,4931584,835096576,2551808,0,0,0,12968419328,0,0.22
2026-08-30T05:52:12.671Z,6680.089,842543104,849518592,0,839840768,834863104,4931584,834863104,2551808,0,0,0,12968992768,0,0.19
2026-08-30T05:52:22.680Z,6690.098,842563584,849518592,0,840061952,835084288,4931584,835084288,2551808,0,0,0,12963127296,0,0.31
2026-08-30T05:52:32.675Z,6700.093,842674176,849518592,0,840098816,835121152,4931584,835121152,2551808,0,0,0,12966096896,0,0.34
2026-08-30T05:52:42.670Z,6710.088,843046912,849518592,0,840586240,835608576,4931584,835608576,2551808,0,0,0,12967247872,0,0.29
2026-08-30T05:52:52.671Z,6720.089,843587584,849518592,0,841118720,836141056,4931584,836141056,2551808,0,0,0,12966936576,0,0.24
2026-08-30T05:53:02.671Z,6730.089,843694080,849518592,0,841233408,836255744,4931584,836255744,2551808,0,0,0,12964769792,0,0.2
2026-08-30T05:53:12.676Z,6740.094,844242944,849518592,0,841782272,836804608,4931584,836804608,2551808,0,0,0,12966383616,0,0.17
2026-08-30T05:53:22.679Z,6750.097,844128256,849518592,0,841659392,836681728,4931584,836681728,2551808,0,0,0,12964253696,0,0.14
2026-08-30T05:53:32.676Z,6760.094,844095488,849518592,0,841593856,836616192,4931584,836616192,2551808,0,0,0,12964823040,0,0.12
2026-08-30T05:53:42.669Z,6770.087,844136448,849518592,0,841675776,836698112,4931584,836698112,2551808,0,0,0,12965191680,0,0.1
2026-08-30T05:53:52.677Z,6780.095,844132352,849518592,0,841663488,836685824,4931584,836685824,2551808,0,0,0,12965679104,0,0.09
2026-08-30T05:54:02.677Z,6790.095,844636160,849518592,0,842167296,837189632,4931584,837189632,2551808,0,0,0,12964458496,0,0.15
2026-08-30T05:54:12.670Z,6800.088,844603392,849518592,0,841933824,836956160,4931584,836956160,2551808,0,0,0,12963651584,0,0.2
2026-08-30T05:54:22.676Z,6810.094,844656640,849518592,0,842187776,837210112,4931584,837210112,2551808,0,0,0,12964868096,0,0.25
2026-08-30T05:54:32.671Z,6820.089,844656640,849518592,0,842187776,837210112,4931584,837210112,2551808,0,0,0,12963438592,0,0.29
2026-08-30T05:54:42.669Z,6830.087,844886016,849518592,0,842417152,837439488,4931584,837439488,2551808,0,0,0,12964261888,0,0.32
2026-08-30T05:54:52.676Z,6840.094,844623872,849518592,0,842155008,837177344,4931584,837177344,2551808,0,0,0,12966064128,0,0.27
2026-08-30T05:55:02.676Z,6850.094,845127680,849518592,0,842658816,837681152,4931584,837681152,2551808,0,0,0,12963897344,0,0.23
2026-08-30T05:55:12.670Z,6860.088,845139968,849518592,0,842437632,837459968,4931584,837459968,2551808,0,0,0,12964540416,0,0.19
2026-08-30T05:55:22.670Z,6870.088,845684736,849518592,0,843224064,838246400,4931584,838246400,2551808,0,0,0,12964114432,0,0.16
2026-08-30T05:55:32.669Z,6880.087,845643776,849518592,0,843183104,838205440,4931584,838205440,2551808,0,0,0,12962598912,0,0.14
2026-08-30T05:55:42.675Z,6890.093,846028800,849518592,0,843559936,838582272,4931584,838582272,2551808,0,0,0,12963573760,0,0.19
2026-08-30T05:55:52.670Z,6900.088,845684736,849518592,0,843224064,838246400,4931584,838246400,2551808,0,0,0,12962570240,0,0.16
2026-08-30T05:56:02.671Z,6910.089,845672448,849518592,0,843203584,838225920,4931584,838225920,2551808,0,0,0,12963459072,0,0.13
2026-08-30T05:56:12.669Z,6920.087,845799424,849518592,0,843224064,838246400,4931584,838246400,2551808,0,0,0,12962627584,0,0.11
2026-08-30T05:56:22.671Z,6930.089,845787136,849518592,0,843117568,838139904,4931584,838139904,2551808,0,0,0,12962701312,0,0.1
2026-08-30T05:56:32.675Z,6940.093,845709312,849518592,0,843248640,838270976,4931584,838270976,2551808,0,0,0,12963328000,0,0.08
2026-08-30T05:56:42.670Z,6950.088,845406208,849518592,0,842937344,837959680,4931584,837959680,2551808,0,0,0,12963246080,0,0.14
2026-08-30T05:56:52.677Z,6960.095,846004224,849518592,0,843543552,838565888,4931584,838565888,2551808,0,0,0,12963643392,0,0.12
2026-08-30T05:57:02.670Z,6970.088,846114816,849518592,0,843404288,838426624,4931584,838426624,2551808,0,0,0,12962799616,0,0.1
2026-08-30T05:57:12.680Z,6980.098,845971456,849518592,0,843498496,838520832,4931584,838520832,2551808,0,0,0,12964384768,0,0.08
2026-08-30T05:57:22.673Z,6990.091,845938688,849518592,0,843469824,838492160,4931584,838492160,2551808,0,0,0,12957827072,0,0.3
2026-08-30T05:57:32.671Z,7000.089,845901824,849518592,0,843187200,838209536,4931584,838209536,2551808,0,0,0,12957904896,0,0.33
2026-08-30T05:57:42.671Z,7010.089,845905920,849518592,0,843203584,838225920,4931584,838225920,2551808,0,0,0,12964917248,0,0.28
2026-08-30T05:57:52.677Z,7020.095,841744384,849518592,0,839021568,834043904,4931584,834043904,2551808,0,0,0,12967612416,0,0.23
2026-08-30T05:58:02.671Z,7030.089,841777152,849518592,0,839308288,834330624,4931584,834330624,2551808,0,0,0,12965601280,0,0.28
2026-08-30T05:58:12.670Z,7040.088,841781248,849518592,0,839078912,834101248,4931584,834101248,2551808,0,0,0,12966948864,0,0.23
2026-08-30T05:58:22.670Z,7050.088,841785344,849518592,0,839316480,834338816,4931584,834338816,2551808,0,0,0,12967575552,0,0.2
2026-08-30T05:58:32.677Z,7060.095,841777152,849518592,0,839074816,834097152,4931584,834097152,2551808,0,0,0,12967649280,0,0.17
2026-08-30T05:58:42.670Z,7070.088,841777152,849518592,0,839283712,834306048,4931584,834306048,2551808,0,0,0,12966510592,0,0.14
2026-08-30T05:58:52.669Z,7080.087,841768960,849518592,0,839336960,834359296,4931584,834359296,2551808,0,0,0,12969582592,0,0.12
2026-08-30T05:59:02.671Z,7090.089,842461184,849518592,0,839959552,834981888,4931584,834981888,2551808,0,0,0,12950163456,0,0.1
2026-08-30T05:59:12.676Z,7100.094,842452992,849518592,0,839984128,835006464,4931584,835006464,2551808,0,0,0,12960022528,0,0.16
2026-08-30T05:59:22.676Z,7110.094,842964992,849518592,0,840250368,835272704,4931584,835272704,2551808,0,0,0,12964417536,0,0.29
2026-08-30T05:59:32.673Z,7120.091,842481664,849518592,0,839803904,834826240,4931584,834826240,2551808,0,0,0,12967628800,0,0.25
2026-08-30T05:59:42.669Z,7130.087,842559488,849518592,0,840090624,835112960,4931584,835112960,2551808,0,0,0,12966055936,0,0.21
2026-08-30T05:59:52.670Z,7140.088,842563584,849518592,0,840094720,835117056,4931584,835117056,2551808,0,0,0,12966674432,0,0.18
2026-08-30T06:00:02.671Z,7150.089,842842112,849518592,0,840139776,835162112,4931584,835162112,2551808,0,0,0,12966449152,0,0.15
2026-08-30T06:00:12.671Z,7160.089,842821632,849518592,0,840360960,835383296,4931584,835383296,2551808,0,0,0,12964904960,0,0.13
2026-08-30T06:00:22.677Z,7170.095,842813440,849518592,0,840352768,835375104,4931584,835375104,2551808,0,0,0,12964118528,0,0.11
2026-08-30T06:00:32.671Z,7180.089,842829824,849518592,0,840119296,835141632,4931584,835141632,2551808,0,0,0,12964671488,0,0.09
2026-08-30T06:00:42.682Z,7190.1,843292672,849518592,0,840717312,835739648,4931584,835739648,2551808,0,0,0,12964458496,0,0.23
2026-08-30T06:00:52.670Z,7200.088,843153408,849518592,0,840430592,835452928,4931584,835452928,2551808,0,0,0,12965130240,0,0.34
2026-08-30T06:01:02.671Z,7210.089,842993664,849518592,0,840524800,835547136,4931584,835547136,2551808,0,0,0,12963430400,0,0.36
2026-08-30T06:01:12.670Z,7220.088,843485184,849518592,0,840991744,836014080,4931584,836014080,2551808,0,0,0,12964978688,0,0.31
2026-08-30T06:01:22.676Z,7230.094,843796480,849518592,0,841094144,836116480,4931584,836116480,2551808,0,0,0,12965249024,0,0.26
2026-08-30T06:01:32.672Z,7240.09,844259328,849518592,0,841757696,836780032,4931584,836780032,2551808,0,0,0,12964151296,0,0.22
2026-08-30T06:01:42.670Z,7250.088,844111872,849518592,0,841442304,836464640,4931584,836464640,2551808,0,0,0,12964728832,0,0.18
2026-08-30T06:01:52.678Z,7260.096,844111872,849518592,0,841651200,836673536,4931584,836673536,2551808,0,0,0,12965462016,0,0.23
2026-08-30T06:02:02.670Z,7270.088,844095488,849518592,0,841593856,836616192,4931584,836616192,2551808,0,0,0,12965687296,0,0.19
2026-08-30T06:02:12.672Z,7280.09,844406784,849518592,0,841729024,836751360,4931584,836751360,2551808,0,0,0,12964917248,0,0.24
2026-08-30T06:02:22.670Z,7290.088,844439552,849518592,0,841978880,837001216,4931584,837001216,2551808,0,0,0,12963590144,0,0.29
2026-08-30T06:02:32.679Z,7300.096,844435456,849518592,0,841712640,836734976,4931584,836734976,2551808,0,0,0,12965617664,0,0.24
2026-08-30T06:02:42.670Z,7310.088,844718080,849518592,0,842249216,837271552,4931584,837271552,2551808,0,0,0,12963774464,0,0.2
2026-08-30T06:02:52.670Z,7320.088,844697600,849518592,0,842236928,837259264,4931584,837259264,2551808,0,0,0,12965384192,0,0.25
2026-08-30T06:03:02.670Z,7330.088,845176832,849518592,0,842716160,837738496,4931584,837738496,2551808,0,0,0,12964990976,0,0.21
2026-08-30T06:03:12.671Z,7340.089,845197312,849518592,0,842494976,837517312,4931584,837517312,2551808,0,0,0,12962930688,0,0.18
2026-08-30T06:03:22.671Z,7350.089,845201408,849518592,0,842732544,837754880,4931584,837754880,2551808,0,0,0,12958027776,0,0.15
2026-08-30T06:03:32.670Z,7360.088,845086720,849518592,0,842626048,837648384,4931584,837648384,2551808,0,0,0,12958072832,0,0.13
2026-08-30T06:03:42.670Z,7370.088,845062144,849518592,0,842359808,837382144,4931584,837382144,2551808,0,0,0,12959416320,0,0.11
2026-08-30T06:03:52.680Z,7380.098,845103104,849518592,0,842642432,837664768,4931584,837664768,2551808,0,0,0,12960022528,0,0.09
2026-08-30T06:04:02.680Z,7390.098,845094912,849518592,0,842634240,837656576,4931584,837656576,2551808,0,0,0,12961816576,0,0.15
2026-08-30T06:04:12.670Z,7400.088,845119488,849518592,0,842626048,837648384,4931584,837648384,2551808,0,0,0,12957655040,0,0.13
2026-08-30T06:04:22.672Z,7410.09,845406208,849518592,0,842802176,837824512,4931584,837824512,2551808,0,0,0,12958937088,0,0.18
2026-08-30T06:04:32.676Z,7420.094,845389824,849518592,0,842679296,837701632,4931584,837701632,2551808,0,0,0,12959981568,0,0.15
2026-08-30T06:04:42.677Z,7430.095,845524992,849518592,0,843064320,838086656,4931584,838086656,2551808,0,0,0,12959109120,0,0.13
2026-08-30T06:04:52.669Z,7440.087,845389824,849518592,0,842929152,837951488,4931584,837951488,2551808,0,0,0,12960833536,0,0.11
2026-08-30T06:05:02.672Z,7450.09,845553664,849518592,0,843092992,838115328,4931584,838115328,2551808,0,0,0,12959240192,0,0.09
2026-08-30T06:05:12.676Z,7460.094,845365248,849518592,0,842880000,837902336,4931584,837902336,2551808,0,0,0,12957331456,0,0.08
2026-08-30T06:05:22.670Z,7470.088,845357056,849518592,0,842654720,837677056,4931584,837677056,2551808,0,0,0,12957966336,0,0.06
2026-08-30T06:05:32.670Z,7480.088,845524992,849518592,0,843031552,838053888,4931584,838053888,2551808,0,0,0,12959862784,0,0.13
2026-08-30T06:05:42.671Z,7490.089,845533184,849518592,0,843052032,838074368,4931584,838074368,2551808,0,0,0,12957958144,0,0.19
2026-08-30T06:05:52.671Z,7500.089,845422592,849518592,0,842961920,837984256,4931584,837984256,2551808,0,0,0,12958814208,0,0.16
2026-08-30T06:06:02.669Z,7510.087,845344768,849518592,0,842863616,837885952,4931584,837885952,2551808,0,0,0,12959748096,0,0.13
2026-08-30T06:06:12.671Z,7520.089,845389824,849518592,0,842920960,837943296,4931584,837943296,2551808,0,0,0,12958564352,0,0.11
2026-08-30T06:06:22.679Z,7530.097,845529088,849518592,0,843068416,838090752,4931584,838090752,2551808,0,0,0,12959051776,0,0.1
2026-08-30T06:06:32.670Z,7540.088,845418496,849518592,0,842925056,837947392,4931584,837947392,2551808,0,0,0,12960014336,0,0.08
2026-08-30T06:06:42.670Z,7550.088,845541376,849518592,0,843039744,838062080,4931584,838062080,2551808,0,0,0,12959576064,0,0.07
2026-08-30T06:06:52.671Z,7560.089,845553664,849518592,0,843084800,838107136,4931584,838107136,2551808,0,0,0,12959674368,0,0.06
2026-08-30T06:07:02.670Z,7570.088,845451264,849518592,0,842748928,837771264,4931584,837771264,2551808,0,0,0,12960190464,0,0.05
2026-08-30T06:07:12.671Z,7580.089,845484032,849518592,0,842781696,837804032,4931584,837804032,2551808,0,0,0,12959444992,0,0.12
2026-08-30T06:07:22.677Z,7590.095,845484032,849518592,0,843011072,838033408,4931584,838033408,2551808,0,0,0,12959072256,0,0.1
2026-08-30T06:07:32.670Z,7600.088,845504512,849518592,0,842929152,837951488,4931584,837951488,2551808,0,0,0,12960509952,0,0.24
2026-08-30T06:07:42.678Z,7610.096,845520896,849518592,0,842818560,837840896,4931584,837840896,2551808,0,0,0,12959715328,0,0.2
2026-08-30T06:07:52.680Z,7620.098,845357056,849518592,0,842888192,837910528,4931584,837910528,2551808,0,0,0,12957736960,0,0.17
2026-08-30T06:08:02.676Z,7630.094,845697024,849518592,0,843236352,838258688,4931584,838258688,2551808,0,0,0,12959498240,0,0.22
2026-08-30T06:08:12.673Z,7640.091,845348864,849518592,0,842888192,837910528,4931584,837910528,2551808,0,0,0,12960309248,0,0.18
2026-08-30T06:08:22.672Z,7650.09,845352960,849518592,0,842851328,837873664,4931584,837873664,2551808,0,0,0,12958605312,0,0.16
2026-08-30T06:08:32.673Z,7660.091,845352960,849518592,0,842650624,837672960,4931584,837672960,2551808,0,0,0,12959870976,0,0.13
2026-08-30T06:08:42.674Z,7670.092,845377536,849518592,0,842650624,837672960,4931584,837672960,2551808,0,0,0,12958294016,0,0.11
2026-08-30T06:08:52.674Z,7680.092,845541376,849518592,0,842945536,837967872,4931584,837967872,2551808,0,0,0,12958609408,0,0.17
2026-08-30T06:09:02.680Z,7690.098,845393920,849518592,0,842920960,837943296,4931584,837943296,2551808,0,0,0,12961411072,0,0.23
2026-08-30T06:09:12.679Z,7700.097,845365248,849518592,0,842695680,837718016,4931584,837718016,2551808,0,0,0,12959989760,0,0.27
2026-08-30T06:09:22.682Z,7710.1,845463552,849518592,0,842793984,837816320,4931584,837816320,2551808,0,0,0,12952662016,0,0.22
2026-08-30T06:09:32.674Z,7720.092,845463552,849518592,0,842769408,837791744,4931584,837791744,2551808,0,0,0,12961026048,0,0.19
2026-08-30T06:09:42.679Z,7730.097,845496320,849518592,0,842900480,837922816,4931584,837922816,2551808,0,0,0,12953608192,0,0.16
2026-08-30T06:09:52.674Z,7740.092,845381632,849518592,0,842912768,837935104,4931584,837935104,2551808,0,0,0,12953473024,0,0.13
2026-08-30T06:10:02.681Z,7750.099,845406208,849518592,0,842937344,837959680,4931584,837959680,2551808,0,0,0,12945674240,0,0.41
2026-08-30T06:10:12.674Z,7760.092,845410304,849518592,0,842941440,837963776,4931584,837963776,2551808,0,0,0,12955942912,0,0.35
2026-08-30T06:10:22.673Z,7770.091,845385728,849518592,0,842884096,837906432,4931584,837906432,2551808,0,0,0,12953350144,0,0.37
2026-08-30T06:10:32.680Z,7780.098,845398016,849518592,0,842920960,837943296,4931584,837943296,2551808,0,0,0,12952698880,0,0.39
2026-08-30T06:10:42.674Z,7790.092,845426688,849518592,0,842966016,837988352,4931584,837988352,2551808,0,0,0,12953534464,0,0.48
2026-08-30T06:10:52.673Z,7800.091,845438976,849518592,0,842937344,837959680,4931584,837959680,2551808,0,0,0,12954746880,0,0.48
2026-08-30T06:11:02.683Z,7810.101,845438976,849518592,0,842728448,837750784,4931584,837750784,2551808,0,0,0,12952547328,0,0.41
2026-08-30T06:11:12.681Z,7820.099,845443072,849518592,0,842941440,837963776,4931584,837963776,2551808,0,0,0,12955029504,0,0.35
2026-08-30T06:11:22.679Z,7830.097,845451264,849518592,0,842728448,837750784,4931584,837750784,2551808,0,0,0,12954959872,0,0.29
2026-08-30T06:11:32.683Z,7840.101,845803520,849518592,0,842966016,837988352,4931584,837988352,2551808,0,0,0,12954066944,0,0.25
2026-08-30T06:11:42.673Z,7850.091,845410304,849518592,0,842929152,837951488,4931584,837951488,2551808,0,0,0,12957069312,0,0.21
2026-08-30T06:11:52.674Z,7860.092,845410304,849518592,0,842949632,837971968,4931584,837971968,2551808,0,0,0,12954877952,0,0.18
2026-08-30T06:12:02.675Z,7870.093,845778944,849518592,0,843076608,838098944,4931584,838098944,2551808,0,0,0,12954726400,0,0.22
2026-08-30T06:12:12.673Z,7880.091,845524992,849518592,0,843031552,838053888,4931584,838053888,2551808,0,0,0,12957294592,0,0.26
2026-08-30T06:12:22.679Z,7890.097,845762560,849518592,0,843092992,838115328,4931584,838115328,2551808,0,0,0,12956110848,0,0.22
2026-08-30T06:12:32.679Z,7900.097,845381632,849518592,0,842888192,837910528,4931584,837910528,2551808,0,0,0,12957016064,0,0.19
2026-08-30T06:12:42.673Z,7910.091,845389824,849518592,0,842920960,837943296,4931584,837943296,2551808,0,0,0,12954484736,0,0.16
2026-08-30T06:12:52.682Z,7920.1,845172736,849518592,0,842712064,837734400,4931584,837734400,2551808,0,0,0,12952498176,0,0.13
2026-08-30T06:13:02.674Z,7930.092,845426688,849518592,0,842966016,837988352,4931584,837988352,2551808,0,0,0,12952346624,0,0.11
2026-08-30T06:13:12.676Z,7940.094,845393920,849518592,0,842900480,837922816,4931584,837922816,2551808,0,0,0,12954021888,0,0.17
2026-08-30T06:13:22.672Z,7950.09,845766656,849518592,0,843043840,838066176,4931584,838066176,2551808,0,0,0,12953739264,0,0.22
2026-08-30T06:13:32.680Z,7960.098,845406208,849518592,0,842736640,837758976,4931584,837758976,2551808,0,0,0,12954943488,0,0.19
2026-08-30T06:13:42.672Z,7970.09,845414400,849518592,0,842953728,837976064,4931584,837976064,2551808,0,0,0,12954382336,0,0.16
2026-08-30T06:13:52.676Z,7980.094,845721600,849518592,0,843252736,838275072,4931584,838275072,2551808,0,0,0,12953694208,0,0.13
2026-08-30T06:14:02.674Z,7990.092,845500416,849518592,0,842789888,837812224,4931584,837812224,2551808,0,0,0,12954775552,0,0.19
2026-08-30T06:14:12.679Z,8000.097,845762560,849518592,0,842925056,837947392,4931584,837947392,2551808,0,0,0,12955287552,0,0.24
2026-08-30T06:14:22.677Z,8010.095,845398016,849518592,0,842687488,837709824,4931584,837709824,2551808,0,0,0,12952637440,0,0.2
2026-08-30T06:14:32.675Z,8020.093,845430784,849518592,0,842961920,837984256,4931584,837984256,2551808,0,0,0,12955148288,0,0.24
2026-08-30T06:14:42.675Z,8030.093,845430784,849518592,0,842937344,837959680,4931584,837959680,2551808,0,0,0,12953976832,0,0.21
2026-08-30T06:14:52.674Z,8040.092,845463552,849518592,0,843002880,838025216,4931584,838025216,2551808,0,0,0,12954636288,0,0.17
2026-08-30T06:15:02.676Z,8050.094,845201408,849518592,0,842740736,837763072,4931584,837763072,2551808,0,0,0,12953907200,0,0.15
2026-08-30T06:15:12.673Z,8060.091,845434880,849518592,0,842966016,837988352,4931584,837988352,2551808,0,0,0,12953382912,0,0.12
2026-08-30T06:15:22.675Z,8070.093,845389824,849518592,0,842929152,837951488,4931584,837951488,2551808,0,0,0,12948090880,0,0.1
2026-08-30T06:15:32.674Z,8080.092,845418496,849518592,0,842957824,837980160,4931584,837980160,2551808,0,0,0,12954460160,0,0.09
2026-08-30T06:15:42.674Z,8090.092,845295616,849518592,0,842834944,837857280,4931584,837857280,2551808,0,0,0,12953456640,0,0.07
2026-08-30T06:15:52.674Z,8100.092,845381632,849518592,0,842916864,837939200,4931584,837939200,2551808,0,0,0,12953690112,0,0.22
2026-08-30T06:16:02.674Z,8110.092,845467648,849518592,0,842757120,837779456,4931584,837779456,2551808,0,0,0,12954148864,0,0.34
2026-08-30T06:16:12.677Z,8120.095,845426688,849518592,0,842966016,837988352,4931584,837988352,2551808,0,0,0,12954537984,0,0.28
2026-08-30T06:16:22.673Z,8130.091,845451264,849518592,0,842990592,838012928,4931584,838012928,2551808,0,0,0,12953743360,0,0.24
2026-08-30T06:16:32.681Z,8140.099,845811712,849518592,0,843351040,838373376,4931584,838373376,2551808,0,0,0,12952887296,0,0.2
2026-08-30T06:16:42.679Z,8150.097,845471744,849518592,0,842761216,837783552,4931584,837783552,2551808,0,0,0,12953640960,0,0.17
2026-08-30T06:16:52.674Z,8160.092,845451264,849518592,0,842982400,838004736,4931584,838004736,2551808,0,0,0,12954746880,0,0.14
2026-08-30T06:17:02.675Z,8170.093,845475840,849518592,0,843015168,838037504,4931584,838037504,2551808,0,0,0,12953206784,0,0.2
2026-08-30T06:17:12.679Z,8180.097,845451264,849518592,0,842990592,838012928,4931584,838012928,2551808,0,0,0,12954009600,0,0.17
2026-08-30T06:17:22.681Z,8190.099,845455360,849518592,0,842994688,838017024,4931584,838017024,2551808,0,0,0,12954066944,0,0.22
2026-08-30T06:17:32.675Z,8200.093,845443072,849518592,0,842974208,837996544,4931584,837996544,2551808,0,0,0,12954857472,0,0.19
2026-08-30T06:17:42.672Z,8210.09,845467648,849518592,0,843006976,838029312,4931584,838029312,2551808,0,0,0,12952997888,0,0.16
2026-08-30T06:17:52.672Z,8220.09,845447168,849518592,0,842769408,837791744,4931584,837791744,2551808,0,0,0,12954918912,0,0.13
2026-08-30T06:18:02.673Z,8230.091,845451264,849518592,0,842761216,837783552,4931584,837783552,2551808,0,0,0,12954030080,0,0.11
2026-08-30T06:18:12.679Z,8240.097,845496320,849518592,0,842773504,837795840,4931584,837795840,2551808,0,0,0,12954947584,0,0.1
2026-08-30T06:18:22.674Z,8250.092,845545472,849518592,0,842847232,837869568,4931584,837869568,2551808,0,0,0,12953489408,0,0.08
2026-08-30T06:18:32.680Z,8260.098,845692928,849518592,0,843224064,838246400,4931584,838246400,2551808,0,0,0,12954648576,0,0.14
2026-08-30T06:18:42.674Z,8270.092,845758464,849518592,0,843367424,838389760,4931584,838389760,2551808,0,0,0,12952961024,0,0.12
2026-08-30T06:18:52.673Z,8280.091,845889536,849518592,0,843428864,838451200,4931584,838451200,2551808,0,0,0,12953804800,0,0.1
2026-08-30T06:19:02.674Z,8290.092,845860864,849518592,0,843191296,838213632,4931584,838213632,2551808,0,0,0,12953796608,0,0.16
2026-08-30T06:19:12.673Z,8300.091,846286848,849518592,0,843457536,838479872,4931584,838479872,2551808,0,0,0,12953702400,0,0.14
2026-08-30T06:19:22.681Z,8310.099,845901824,849518592,0,843432960,838455296,4931584,838455296,2551808,0,0,0,12953202688,0,0.12
2026-08-30T06:19:32.681Z,8320.099,845959168,849518592,0,843326464,838348800,4931584,838348800,2551808,0,0,0,12953010176,0,0.1
2026-08-30T06:19:42.672Z,8330.09,846061568,849518592,0,843600896,838623232,4931584,838623232,2551808,0,0,0,12952457216,0,0.08
2026-08-30T06:19:52.674Z,8340.092,846061568,849518592,0,843359232,838381568,4931584,838381568,2551808,0,0,0,12954361856,0,0.07
2026-08-30T06:20:02.674Z,8350.092,846098432,849518592,0,843600896,838623232,4931584,838623232,2551808,0,0,0,12952961024,0,0.13
2026-08-30T06:20:12.679Z,8360.097,846086144,849518592,0,843588608,838610944,4931584,838610944,2551808,0,0,0,12952068096,0,0.11
2026-08-30T06:20:22.673Z,8370.091,846098432,849518592,0,843629568,838651904,4931584,838651904,2551808,0,0,0,12951924736,0,0.17
2026-08-30T06:20:32.674Z,8380.092,846180352,849518592,0,843711488,838733824,4931584,838733824,2551808,0,0,0,12946530304,0,0.14
2026-08-30T06:20:42.674Z,8390.092,846233600,849518592,0,843805696,838828032,4931584,838828032,2551808,0,0,0,12950077440,0,0.2
2026-08-30T06:20:52.673Z,8400.091,846307328,849518592,0,843604992,838627328,4931584,838627328,2551808,0,0,0,12950290432,0,0.17
2026-08-30T06:21:02.673Z,8410.091,846303232,849518592,0,843838464,838860800,4931584,838860800,2551808,0,0,0,12953313280,0,0.14
2026-08-30T06:21:12.674Z,8420.092,846262272,849518592,0,843592704,838615040,4931584,838615040,2551808,0,0,0,12954816512,0,0.12
2026-08-30T06:21:22.674Z,8430.092,846282752,849518592,0,843822080,838844416,4931584,838844416,2551808,0,0,0,12946448384,0,0.18
2026-08-30T06:21:32.673Z,8440.091,846450688,849518592,0,843871232,838893568,4931584,838893568,2551808,0,0,0,12950970368,0,0.15
2026-08-30T06:21:42.673Z,8450.091,846323712,849518592,0,843691008,838713344,4931584,838713344,2551808,0,0,0,12953526272,0,0.13
2026-08-30T06:21:52.678Z,8460.096,846352384,849518592,0,843883520,838905856,4931584,838905856,2551808,0,0,0,12954107904,0,0.11
2026-08-30T06:22:02.679Z,8470.097,846385152,849518592,0,843674624,838696960,4931584,838696960,2551808,0,0,0,12954951680,0,0.09
2026-08-30T06:22:12.676Z,8480.094,846389248,849518592,0,843674624,838696960,4931584,838696960,2551808,0,0,0,12953169920,0,0.15
2026-08-30T06:22:22.674Z,8490.092,846389248,849518592,0,843887616,838909952,4931584,838909952,2551808,0,0,0,12955119616,0,0.13
2026-08-30T06:22:32.675Z,8500.093,846389248,849518592,0,843920384,838942720,4931584,838942720,2551808,0,0,0,12954427392,0,0.11
2026-08-30T06:22:42.678Z,8510.096,846376960,849518592,0,843916288,838938624,4931584,838938624,2551808,0,0,0,12953763840,0,0.09
2026-08-30T06:22:52.672Z,8520.09,846536704,849518592,0,843961344,838983680,4931584,838983680,2551808,0,0,0,12956569600,0,0.08
2026-08-30T06:23:02.673Z,8530.091,846503936,849518592,0,843793408,838815744,4931584,838815744,2551808,0,0,0,12953620480,0,0.06
2026-08-30T06:23:12.675Z,8540.093,846422016,849518592,0,843953152,838975488,4931584,838975488,2551808,0,0,0,12952662016,0,0.05
2026-08-30T06:23:22.675Z,8550.093,846618624,849518592,0,843908096,838930432,4931584,838930432,2551808,0,0,0,12952702976,0,0.05
2026-08-30T06:23:32.672Z,8560.09,846462976,849518592,0,844002304,839024640,4931584,839024640,2551808,0,0,0,12952006656,0,0.12
2026-08-30T06:23:42.681Z,8570.099,846503936,849518592,0,843801600,838823936,4931584,838823936,2551808,0,0,0,12954791936,0,0.1
2026-08-30T06:23:52.675Z,8580.093,846516224,849518592,0,844014592,839036928,4931584,839036928,2551808,0,0,0,12954193920,0,0.08
2026-08-30T06:24:02.681Z,8590.099,846495744,849518592,0,843797504,838819840,4931584,838819840,2551808,0,0,0,12949909504,0,0.07
2026-08-30T06:24:12.674Z,8600.092,846544896,849518592,0,844071936,839094272,4931584,839094272,2551808,0,0,0,12951199744,0,0.14
2026-08-30T06:24:22.679Z,8610.097,846565376,849518592,0,844104704,839127040,4931584,839127040,2551808,0,0,0,12951678976,0,0.35
2026-08-30T06:24:32.674Z,8620.092,846565376,849518592,0,844104704,839127040,4931584,839127040,2551808,0,0,0,12952281088,0,0.29
2026-08-30T06:24:42.678Z,8630.096,846565376,849518592,0,844104704,839127040,4931584,839127040,2551808,0,0,0,12953702400,0,0.25
2026-08-30T06:24:52.673Z,8640.091,846544896,849518592,0,844084224,839106560,4931584,839106560,2551808,0,0,0,12952383488,0,0.21
2026-08-30T06:25:02.683Z,8650.101,846323712,849518592,0,843854848,838877184,4931584,838877184,2551808,0,0,0,12951912448,0,0.18
2026-08-30T06:25:12.676Z,8660.094,846479360,849518592,0,844010496,839032832,4931584,839032832,2551808,0,0,0,12950863872,0,0.15
2026-08-30T06:25:22.680Z,8670.097,846585856,849518592,0,844116992,839139328,4931584,839139328,2551808,0,0,0,12951646208,0,0.12
2026-08-30T06:25:32.673Z,8680.091,846229504,849518592,0,843768832,838791168,4931584,838791168,2551808,0,0,0,12952891392,0,0.11
2026-08-30T06:25:42.675Z,8690.093,846467072,849518592,0,843990016,839012352,4931584,839012352,2551808,0,0,0,12953821184,0,0.09
2026-08-30T06:25:52.681Z,8700.099,846426112,849518592,0,843965440,838987776,4931584,838987776,2551808,0,0,0,12953595904,0,0.07
2026-08-30T06:26:02.672Z,8710.09,846491648,849518592,0,844022784,839045120,4931584,839045120,2551808,0,0,0,12953440256,0,0.14
2026-08-30T06:26:12.680Z,8720.098,846417920,849518592,0,843957248,838979584,4931584,838979584,2551808,0,0,0,12955090944,0,0.12
2026-08-30T06:26:22.673Z,8730.091,846471168,849518592,0,843969536,838991872,4931584,838991872,2551808,0,0,0,12954820608,0,0.18
2026-08-30T06:26:32.674Z,8740.092,846479360,849518592,0,844018688,839041024,4931584,839041024,2551808,0,0,0,12954902528,0,0.15
2026-08-30T06:26:42.680Z,8750.098,846446592,849518592,0,843944960,838967296,4931584,838967296,2551808,0,0,0,12956241920,0,0.12
2026-08-30T06:26:52.679Z,8760.097,846430208,849518592,0,843969536,838991872,4931584,838991872,2551808,0,0,0,12956061696,0,0.18
2026-08-30T06:27:02.674Z,8770.092,846471168,849518592,0,844002304,839024640,4931584,839024640,2551808,0,0,0,12955103232,0,0.23
2026-08-30T06:27:12.672Z,8780.09,846446592,849518592,0,843977728,839000064,4931584,839000064,2551808,0,0,0,12953300992,0,0.2
2026-08-30T06:27:22.672Z,8790.09,846479360,849518592,0,844010496,839032832,4931584,839032832,2551808,0,0,0,12949368832,0,0.33
2026-08-30T06:27:32.675Z,8800.093,846512128,849518592,0,844051456,839073792,4931584,839073792,2551808,0,0,0,12954820608,0,0.27
2026-08-30T06:27:42.675Z,8810.093,846495744,849518592,0,843793408,838815744,4931584,838815744,2551808,0,0,0,12956160000,0,0.23
2026-08-30T06:27:52.676Z,8820.094,846462976,849518592,0,843994112,839016448,4931584,839016448,2551808,0,0,0,12955713536,0,0.2
2026-08-30T06:28:02.674Z,8830.092,846446592,849518592,0,843768832,838791168,4931584,838791168,2551808,0,0,0,12955627520,0,0.25
2026-08-30T06:28:12.672Z,8840.09,846479360,849518592,0,844010496,839032832,4931584,839032832,2551808,0,0,0,12951400448,0,0.21
2026-08-30T06:28:22.673Z,8850.091,846487552,849518592,0,844026880,839049216,4931584,839049216,2551808,0,0,0,12954537984,0,0.17
2026-08-30T06:28:32.674Z,8860.092,846491648,849518592,0,843789312,838811648,4931584,838811648,2551808,0,0,0,12953690112,0,0.15
2026-08-30T06:28:42.682Z,8870.1,846483456,849518592,0,844022784,839045120,4931584,839045120,2551808,0,0,0,12954464256,0,0.12
2026-08-30T06:28:52.672Z,8880.09,846516224,849518592,0,844047360,839069696,4931584,839069696,2551808,0,0,0,12953325568,0,0.1
2026-08-30T06:29:02.673Z,8890.091,846462976,849518592,0,843969536,838991872,4931584,838991872,2551808,0,0,0,12953133056,0,0.17
2026-08-30T06:29:12.673Z,8900.091,846479360,849518592,0,844010496,839032832,4931584,839032832,2551808,0,0,0,12953600000,0,0.14
2026-08-30T06:29:22.681Z,8910.099,846512128,849518592,0,844039168,839061504,4931584,839061504,2551808,0,0,0,12954861568,0,0.12
2026-08-30T06:29:32.681Z,8920.099,846528512,849518592,0,844063744,839086080,4931584,839086080,2551808,0,0,0,12953460736,0,0.1
2026-08-30T06:29:42.674Z,8930.092,846520320,849518592,0,844059648,839081984,4931584,839081984,2551808,0,0,0,12954234880,0,0.08
2026-08-30T06:29:52.681Z,8940.099,846573568,849518592,0,843863040,838885376,4931584,838885376,2551808,0,0,0,12956180480,0,0.07
2026-08-30T06:30:02.675Z,8950.093,842424320,849518592,0,839963648,834985984,4931584,834985984,2551808,0,0,0,12961017856,0,0.06
2026-08-30T06:30:12.679Z,8960.097,842436608,849518592,0,839943168,834965504,4931584,834965504,2551808,0,0,0,12961165312,0,0.12
2026-08-30T06:30:22.674Z,8970.092,842567680,849518592,0,840098816,835121152,4931584,835121152,2551808,0,0,0,12960919552,0,0.1
2026-08-30T06:30:32.676Z,8980.094,842387456,849518592,0,839783424,834805760,4931584,834805760,2551808,0,0,0,12960198656,0,0.09
2026-08-30T06:30:42.674Z,8990.092,842399744,849518592,0,839930880,834953216,4931584,834953216,2551808,0,0,0,12960632832,0,0.23
2026-08-30T06:30:52.679Z,9000.097,842452992,849518592,0,839984128,835006464,4931584,835006464,2551808,0,0,0,12960366592,0,0.27
2026-08-30T06:31:02.676Z,9010.094,842420224,849518592,0,839959552,834981888,4931584,834981888,2551808,0,0,0,12957167616,0,0.23
2026-08-30T06:31:12.680Z,9020.098,838688768,849518592,0,836228096,831250432,4931584,831250432,2551808,0,0,0,12962037760,0,0.26
2026-08-30T06:31:22.674Z,9030.092,839757824,849518592,0,837264384,832286720,4931584,832286720,2551808,0,0,0,12963778560,0,0.22
2026-08-30T06:31:32.682Z,9040.1,840769536,849518592,0,838308864,833331200,4931584,833331200,2551808,0,0,0,12962770944,0,0.19
2026-08-30T06:31:42.675Z,9050.093,840818688,849518592,0,838349824,833372160,4931584,833372160,2551808,0,0,0,12962988032,0,0.16
2026-08-30T06:31:52.679Z,9060.097,841490432,849518592,0,838788096,833810432,4931584,833810432,2551808,0,0,0,12962168832,0,0.13
2026-08-30T06:32:02.682Z,9070.1,841310208,849518592,0,838841344,833863680,4931584,833863680,2551808,0,0,0,12963225600,0,0.11
2026-08-30T06:32:12.675Z,9080.093,841314304,849518592,0,838845440,833867776,4931584,833867776,2551808,0,0,0,12963196928,0,0.1
2026-08-30T06:32:22.678Z,9090.096,841818112,849518592,0,839357440,834379776,4931584,834379776,2551808,0,0,0,12959838208,0,0.08
2026-08-30T06:32:32.679Z,9100.097,841867264,849518592,0,839406592,834428928,4931584,834428928,2551808,0,0,0,12961976320,0,0.22
2026-08-30T06:32:42.678Z,9110.096,842391552,849518592,0,839922688,834945024,4931584,834945024,2551808,0,0,0,12961218560,0,0.26
2026-08-30T06:32:52.681Z,9120.099,842866688,849518592,0,840156160,835178496,4931584,835178496,2551808,0,0,0,12960174080,0,0.22
2026-08-30T06:33:02.674Z,9130.092,843382784,849518592,0,840913920,835936256,4931584,835936256,2551808,0,0,0,12957143040,0,0.19
2026-08-30T06:33:12.674Z,9140.092,843907072,849518592,0,841438208,836460544,4931584,836460544,2551808,0,0,0,12959526912,0,0.16
2026-08-30T06:33:22.673Z,9150.091,844423168,849518592,0,841962496,836984832,4931584,836984832,2551808,0,0,0,12956368896,0,0.13
2026-08-30T06:33:32.675Z,9160.093,844914688,849518592,0,842454016,837476352,4931584,837476352,2551808,0,0,0,12957138944,0,0.11
2026-08-30T06:33:42.675Z,9170.093,845418496,849518592,0,842748928,837771264,4931584,837771264,2551808,0,0,0,12955406336,0,0.17
2026-08-30T06:33:52.674Z,9180.092,845434880,849518592,0,842966016,837988352,4931584,837988352,2551808,0,0,0,12957818880,0,0.15
2026-08-30T06:34:02.681Z,9190.099,845168640,849518592,0,842707968,837730304,4931584,837730304,2551808,0,0,0,12955328512,0,0.2
2026-08-30T06:34:12.673Z,9200.091,841302016,849518592,0,838841344,833863680,4931584,833863680,2551808,0,0,0,12961325056,0,0.17
2026-08-30T06:34:22.680Z,9210.098,841277440,849518592,0,838575104,833597440,4931584,833597440,2551808,0,0,0,12961886208,0,0.15
2026-08-30T06:34:32.674Z,9220.092,841830400,849518592,0,839128064,834150400,4931584,834150400,2551808,0,0,0,12961857536,0,0.12
2026-08-30T06:34:42.676Z,9230.094,841846784,849518592,0,839386112,834408448,4931584,834408448,2551808,0,0,0,12962922496,0,0.1
2026-08-30T06:34:52.682Z,9240.1,841814016,849518592,0,839353344,834375680,4931584,834375680,2551808,0,0,0,12961370112,0,0.24
2026-08-30T06:35:02.682Z,9250.1,841854976,849518592,0,839386112,834408448,4931584,834408448,2551808,0,0,0,12960907264,0,0.2
2026-08-30T06:35:12.673Z,9260.091,841822208,849518592,0,839361536,834383872,4931584,834383872,2551808,0,0,0,12961554432,0,0.17
2026-08-30T06:35:22.682Z,9270.1,842358784,849518592,0,839889920,834912256,4931584,834912256,2551808,0,0,0,12961136640,0,0.14
2026-08-30T06:35:32.675Z,9280.093,842366976,849518592,0,839664640,834686976,4931584,834686976,2551808,0,0,0,12960477184,0,0.12
2026-08-30T06:35:42.681Z,9290.099,842608640,849518592,0,840139776,835162112,4931584,835162112,2551808,0,0,0,12960706560,0,0.25
2026-08-30T06:35:52.685Z,9300.103,842846208,849518592,0,840385536,835407872,4931584,835407872,2551808,0,0,0,12961382400,0,0.44
2026-08-30T06:36:02.674Z,9310.092,842874880,849518592,0,840406016,835428352,4931584,835428352,2551808,0,0,0,12959989760,0,0.38
2026-08-30T06:36:12.675Z,9320.093,842829824,849518592,0,840127488,835149824,4931584,835149824,2551808,0,0,0,12961193984,0,0.39
2026-08-30T06:36:22.675Z,9330.093,842883072,849518592,0,840180736,835203072,4931584,835203072,2551808,0,0,0,12961554432,0,0.33
2026-08-30T06:36:32.679Z,9340.097,842907648,849518592,0,840438784,835461120,4931584,835461120,2551808,0,0,0,12961726464,0,0.35
2026-08-30T06:36:42.674Z,9350.092,842637312,849518592,0,840168448,835190784,4931584,835190784,2551808,0,0,0,12961189888,0,0.3
2026-08-30T06:36:52.674Z,9360.092,842895360,849518592,0,840434688,835457024,4931584,835457024,2551808,0,0,0,12961345536,0,0.25
2026-08-30T06:37:02.675Z,9370.093,842776576,849518592,0,840315904,835338240,4931584,835338240,2551808,0,0,0,12960952320,0,0.21
2026-08-30T06:37:12.681Z,9380.099,842788864,849518592,0,840320000,835342336,4931584,835342336,2551808,0,0,0,12961284096,0,0.18
2026-08-30T06:37:22.676Z,9390.094,842797056,849518592,0,840328192,835350528,4931584,835350528,2551808,0,0,0,12961234944,0,0.31
2026-08-30T06:37:32.678Z,9400.096,842842112,849518592,0,840373248,835395584,4931584,835395584,2551808,0,0,0,12957601792,0,0.33
2026-08-30T06:37:42.675Z,9410.093,842817536,849518592,0,840147968,835170304,4931584,835170304,2551808,0,0,0,12959485952,0,0.28
2026-08-30T06:37:52.675Z,9420.093,842850304,849518592,0,840381440,835403776,4931584,835403776,2551808,0,0,0,12959817728,0,0.31
2026-08-30T06:38:02.676Z,9430.094,842760192,849518592,0,840377344,835399680,4931584,835399680,2551808,0,0,0,12960387072,0,0.34
2026-08-30T06:38:12.676Z,9440.094,842862592,849518592,0,840360960,835383296,4931584,835383296,2551808,0,0,0,12959047680,0,0.28
2026-08-30T06:38:22.676Z,9450.094,842907648,849518592,0,840438784,835461120,4931584,835461120,2551808,0,0,0,12959109120,0,0.24
2026-08-30T06:38:32.675Z,9460.093,842899456,849518592,0,840438784,835461120,4931584,835461120,2551808,0,0,0,12959457280,0,0.2
2026-08-30T06:38:42.680Z,9470.098,842952704,849518592,0,840483840,835506176,4931584,835506176,2551808,0,0,0,12959596544,0,0.17
2026-08-30T06:38:52.674Z,9480.092,842981376,849518592,0,840279040,835301376,4931584,835301376,2551808,0,0,0,12959019008,0,0.14
2026-08-30T06:39:02.678Z,9490.096,842989568,849518592,0,840528896,835551232,4931584,835551232,2551808,0,0,0,12959473664,0,0.36
2026-08-30T06:39:12.676Z,9500.094,842973184,849518592,0,840512512,835534848,4931584,835534848,2551808,0,0,0,12959555584,0,0.38
2026-08-30T06:39:22.675Z,9510.093,843038720,849518592,0,840336384,835358720,4931584,835358720,2551808,0,0,0,12959211520,0,0.32
2026-08-30T06:39:32.682Z,9520.1,843026432,849518592,0,840598528,835620864,4931584,835620864,2551808,0,0,0,12959326208,0,0.27
2026-08-30T06:39:42.676Z,9530.094,843100160,849518592,0,840631296,835653632,4931584,835653632,2551808,0,0,0,12959272960,0,0.31
2026-08-30T06:39:52.676Z,9540.094,842850304,849518592,0,840381440,835403776,4931584,835403776,2551808,0,0,0,12960038912,0,0.26
2026-08-30T06:40:02.675Z,9550.093,843075584,849518592,0,840606720,835629056,4931584,835629056,2551808,0,0,0,12960264192,0,0.22
2026-08-30T06:40:12.682Z,9560.1,843108352,849518592,0,840647680,835670016,4931584,835670016,2551808,0,0,0,12958314496,0,0.18
2026-08-30T06:40:22.674Z,9570.092,843079680,849518592,0,840619008,835641344,4931584,835641344,2551808,0,0,0,12959043584,0,0.16
2026-08-30T06:40:32.674Z,9580.092,843083776,849518592,0,840614912,835637248,4931584,835637248,2551808,0,0,0,12956651520,0,0.13
2026-08-30T06:40:42.675Z,9590.093,843063296,849518592,0,840385536,835407872,4931584,835407872,2551808,0,0,0,12957192192,0,0.11
2026-08-30T06:40:52.676Z,9600.094,843124736,849518592,0,840664064,835686400,4931584,835686400,2551808,0,0,0,12957229056,0,0.09
2026-08-30T06:41:02.679Z,9610.097,843116544,849518592,0,840655872,835678208,4931584,835678208,2551808,0,0,0,12957777920,0,0.08
2026-08-30T06:41:12.680Z,9620.098,843145216,849518592,0,840676352,835698688,4931584,835698688,2551808,0,0,0,12957761536,0,0.07
2026-08-30T06:41:22.678Z,9630.096,843153408,849518592,0,840684544,835706880,4931584,835706880,2551808,0,0,0,12959817728,0,0.06
2026-08-30T06:41:32.681Z,9640.099,843104256,849518592,0,840381440,835403776,4931584,835403776,2551808,0,0,0,12936957952,0,0.12
2026-08-30T06:41:42.676Z,9650.094,843112448,849518592,0,840631296,835653632,4931584,835653632,2551808,0,0,0,12952358912,0,0.1
2026-08-30T06:41:52.674Z,9660.092,843108352,849518592,0,840643584,835665920,4931584,835665920,2551808,0,0,0,12956950528,0,0.09
2026-08-30T06:42:02.681Z,9670.099,839032832,849518592,0,836572160,831594496,4931584,831594496,2551808,0,0,0,12959281152,0,0.07
2026-08-30T06:42:12.676Z,9680.094,839077888,849518592,0,836662272,831684608,4931584,831684608,2551808,0,0,0,12960272384,0,0.06
2026-08-30T06:42:22.677Z,9690.095,839131136,849518592,0,836670464,831692800,4931584,831692800,2551808,0,0,0,12961734656,0,0.13
2026-08-30T06:42:32.676Z,9700.094,839131136,849518592,0,836441088,831463424,4931584,831463424,2551808,0,0,0,12961984512,0,0.18
2026-08-30T06:42:42.676Z,9710.094,839168000,849518592,0,836707328,831729664,4931584,831729664,2551808,0,0,0,12961206272,0,0.16
2026-08-30T06:42:52.682Z,9720.1,839073792,849518592,0,836363264,831385600,4931584,831385600,2551808,0,0,0,12962537472,0,0.13
2026-08-30T06:43:02.676Z,9730.094,839061504,849518592,0,836592640,831614976,4931584,831614976,2551808,0,0,0,12961349632,0,0.11
2026-08-30T06:43:12.677Z,9740.095,839073792,849518592,0,836613120,831635456,4931584,831635456,2551808,0,0,0,12961517568,0,0.17
2026-08-30T06:43:22.677Z,9750.095,839081984,849518592,0,836719616,831741952,4931584,831741952,2551808,0,0,0,12962193408,0,0.14
2026-08-30T06:43:32.679Z,9760.097,839262208,849518592,0,836891648,831913984,4931584,831913984,2551808,0,0,0,12960854016,0,0.2
2026-08-30T06:43:42.676Z,9770.094,839213056,849518592,0,836752384,831774720,4931584,831774720,2551808,0,0,0,12961435648,0,0.17
2026-08-30T06:43:52.684Z,9780.102,839225344,849518592,0,836764672,831787008,4931584,831787008,2551808,0,0,0,12960002048,0,0.22
2026-08-30T06:44:02.676Z,9790.094,839204864,849518592,0,836731904,831754240,4931584,831754240,2551808,0,0,0,12961251328,0,0.18
2026-08-30T06:44:12.681Z,9800.099,839262208,849518592,0,836572160,831594496,4931584,831594496,2551808,0,0,0,12961320960,0,0.23
2026-08-30T06:44:22.681Z,9810.099,839213056,849518592,0,836756480,831778816,4931584,831778816,2551808,0,0,0,12960301056,0,0.19
2026-08-30T06:44:32.676Z,9820.094,839356416,849518592,0,836654080,831676416,4931584,831676416,2551808,0,0,0,12961513472,0,0.16
2026-08-30T06:44:42.677Z,9830.095,839348224,849518592,0,836887552,831909888,4931584,831909888,2551808,0,0,0,12961525760,0,0.21
2026-08-30T06:44:52.677Z,9840.095,839385088,849518592,0,836695040,831717376,4931584,831717376,2551808,0,0,0,12960919552,0,0.18
2026-08-30T06:45:02.677Z,9850.095,839340032,849518592,0,836879360,831901696,4931584,831901696,2551808,0,0,0,12961423360,0,0.22
2026-08-30T06:45:12.686Z,9860.104,839389184,849518592,0,836920320,831942656,4931584,831942656,2551808,0,0,0,12961853440,0,0.19
2026-08-30T06:45:22.676Z,9870.094,839356416,849518592,0,836895744,831918080,4931584,831918080,2551808,0,0,0,12961513472,0,0.23
2026-08-30T06:45:32.676Z,9880.094,839389184,849518592,0,836895744,831918080,4931584,831918080,2551808,0,0,0,12960006144,0,0.28
2026-08-30T06:45:42.682Z,9890.1,840392704,849518592,0,837923840,832946176,4931584,832946176,2551808,0,0,0,12960886784,0,0.55
2026-08-30T06:45:52.677Z,9900.095,840417280,849518592,0,837956608,832978944,4931584,832978944,2551808,0,0,0,12960538624,0,0.54
2026-08-30T06:46:02.677Z,9910.095,840155136,849518592,0,837673984,832696320,4931584,832696320,2551808,0,0,0,12960403456,0,0.54
2026-08-30T06:46:12.677Z,9920.095,840380416,849518592,0,837792768,832815104,4931584,832815104,2551808,0,0,0,12960657408,0,0.45
2026-08-30T06:46:22.676Z,9930.094,840544256,849518592,0,837874688,832897024,4931584,832897024,2551808,0,0,0,12959059968,0,0.38
2026-08-30T06:46:32.676Z,9940.094,840503296,849518592,0,838042624,833064960,4931584,833064960,2551808,0,0,0,12957634560,0,0.32
2026-08-30T06:46:42.679Z,9950.097,840544256,849518592,0,838083584,833105920,4931584,833105920,2551808,0,0,0,12959854592,0,0.27
2026-08-30T06:46:52.677Z,9960.095,841011200,849518592,0,838353920,833376256,4931584,833376256,2551808,0,0,0,12959313920,0,0.23
2026-08-30T06:47:02.677Z,9970.095,841129984,849518592,0,838661120,833683456,4931584,833683456,2551808,0,0,0,12956237824,0,0.2
2026-08-30T06:47:12.678Z,9980.096,841101312,849518592,0,838652928,833675264,4931584,833675264,2551808,0,0,0,12959141888,0,0.16
2026-08-30T06:47:22.679Z,9990.097,841195520,849518592,0,838722560,833744896,4931584,833744896,2551808,0,0,0,12957507584,0,0.29
2026-08-30T06:47:32.682Z,10000.1,841195520,849518592,0,838734848,833757184,4931584,833757184,2551808,0,0,0,12958273536,0,0.32
2026-08-30T06:47:42.677Z,10010.095,841203712,849518592,0,838730752,833753088,4931584,833753088,2551808,0,0,0,12957192192,0,0.27
2026-08-30T06:47:52.686Z,10020.104,841728000,849518592,0,839037952,834060288,4931584,834060288,2551808,0,0,0,12958937088,0,0.23
2026-08-30T06:48:02.679Z,10030.097,841699328,849518592,0,839242752,834265088,4931584,834265088,2551808,0,0,0,12957859840,0,0.27
2026-08-30T06:48:12.677Z,10040.095,841777152,849518592,0,839099392,834121728,4931584,834121728,2551808,0,0,0,12956930048,0,0.23
2026-08-30T06:48:22.685Z,10050.103,841793536,849518592,0,839320576,834342912,4931584,834342912,2551808,0,0,0,12958466048,0,0.28
2026-08-30T06:48:32.676Z,10060.094,841797632,849518592,0,839336960,834359296,4931584,834359296,2551808,0,0,0,12956487680,0,0.23
2026-08-30T06:48:42.682Z,10070.1,841764864,849518592,0,839304192,834326528,4931584,834326528,2551808,0,0,0,12958523392,0,0.2
2026-08-30T06:48:52.680Z,10080.098,841777152,849518592,0,839087104,834109440,4931584,834109440,2551808,0,0,0,12957609984,0,0.17
2026-08-30T06:49:02.684Z,10090.102,841809920,849518592,0,839349248,834371584,4931584,834371584,2551808,0,0,0,12958674944,0,0.21
2026-08-30T06:49:12.682Z,10100.1,841781248,849518592,0,839312384,834334720,4931584,834334720,2551808,0,0,0,12959039488,0,0.33
2026-08-30T06:49:22.686Z,10110.104,841777152,849518592,0,839316480,834338816,4931584,834338816,2551808,0,0,0,12957503488,0,0.36
2026-08-30T06:49:32.677Z,10120.095,842338304,849518592,0,839877632,834899968,4931584,834899968,2551808,0,0,0,12959940608,0,0.3
2026-08-30T06:49:42.678Z,10130.096,842317824,849518592,0,839848960,834871296,4931584,834871296,2551808,0,0,0,12957503488,0,0.28
2026-08-30T06:49:52.679Z,10140.097,842285056,849518592,0,839595008,834617344,4931584,834617344,2551808,0,0,0,12958724096,0,0.23
2026-08-30T06:50:02.678Z,10150.096,842321920,849518592,0,839861248,834883584,4931584,834883584,2551808,0,0,0,12957728768,0,0.2
2026-08-30T06:50:12.679Z,10160.097,842313728,849518592,0,839853056,834875392,4931584,834875392,2551808,0,0,0,12956422144,0,0.17
2026-08-30T06:50:22.678Z,10170.096,842317824,849518592,0,839848960,834871296,4931584,834871296,2551808,0,0,0,12955377664,0,0.14
2026-08-30T06:50:32.678Z,10180.096,842362880,849518592,0,839902208,834924544,4931584,834924544,2551808,0,0,0,12957495296,0,0.19
2026-08-30T06:50:42.678Z,10190.096,842555392,849518592,0,840086528,835108864,4931584,835108864,2551808,0,0,0,12955406336,0,0.31
2026-08-30T06:50:52.681Z,10200.099,842838016,849518592,0,840369152,835391488,4931584,835391488,2551808,0,0,0,12956270592,0,0.56
2026-08-30T06:51:02.683Z,10210.101,842829824,849518592,0,840369152,835391488,4931584,835391488,2551808,0,0,0,12952850432,0,0.62
2026-08-30T06:51:12.682Z,10220.1,842878976,849518592,0,840176640,835198976,4931584,835198976,2551808,0,0,0,12954722304,0,0.68
2026-08-30T06:51:22.679Z,10230.097,842842112,849518592,0,840365056,835387392,4931584,835387392,2551808,0,0,0,12950208512,0,0.72
2026-08-30T06:51:32.679Z,10240.097,842813440,849518592,0,840135680,835158016,4931584,835158016,2551808,0,0,0,12952195072,0,0.76
2026-08-30T06:51:42.686Z,10250.104,843325440,849518592,0,840885248,835907584,4931584,835907584,2551808,0,0,0,12953288704,0,0.79
2026-08-30T06:51:52.682Z,10260.1,843907072,849518592,0,841446400,836468736,4931584,836468736,2551808,0,0,0,12955496448,0,0.89
2026-08-30T06:52:02.682Z,10270.1,843726848,849518592,0,841257984,836280320,4931584,836280320,2551808,0,0,0,12934217728,0,0.9
2026-08-30T06:52:12.679Z,10280.097,843956224,849518592,0,841487360,836509696,4931584,836509696,2551808,0,0,0,12945838080,0,0.91
2026-08-30T06:52:22.679Z,10290.097,843923456,849518592,0,841462784,836485120,4931584,836485120,2551808,0,0,0,12951416832,0,0.92
2026-08-30T06:52:32.679Z,10300.097,843927552,849518592,0,841466880,836489216,4931584,836489216,2551808,0,0,0,12953497600,0,1.15
2026-08-30T06:52:42.680Z,10310.098,843661312,849518592,0,841200640,836222976,4931584,836222976,2551808,0,0,0,12954509312,0,1.12
2026-08-30T06:52:52.678Z,10320.096,843964416,849518592,0,841249792,836272128,4931584,836272128,2551808,0,0,0,12955131904,0,1.1
2026-08-30T06:53:02.684Z,10330.102,843915264,849518592,0,841446400,836468736,4931584,836468736,2551808,0,0,0,12954472448,0,1.08
2026-08-30T06:53:12.680Z,10340.098,844058624,849518592,0,841585664,836608000,4931584,836608000,2551808,0,0,0,12953198592,0,1.13
2026-08-30T06:53:22.679Z,10350.097,843915264,849518592,0,841454592,836476928,4931584,836476928,2551808,0,0,0,12955226112,0,1.18
2026-08-30T06:53:32.680Z,10360.098,843915264,849518592,0,841225216,836247552,4931584,836247552,2551808,0,0,0,12953788416,0,1.22
2026-08-30T06:53:42.680Z,10370.098,843935744,849518592,0,841225216,836247552,4931584,836247552,2551808,0,0,0,12955242496,0,1.18
2026-08-30T06:53:52.681Z,10380.099,843718656,849518592,0,841249792,836272128,4931584,836272128,2551808,0,0,0,12953546752,0,1.07
2026-08-30T06:54:02.686Z,10390.104,843923456,849518592,0,841245696,836268032,4931584,836268032,2551808,0,0,0,12955766784,0,0.98
2026-08-30T06:54:12.681Z,10400.099,843890688,849518592,0,841421824,836444160,4931584,836444160,2551808,0,0,0,12955910144,0,0.98
2026-08-30T06:54:22.682Z,10410.1,843960320,849518592,0,841499648,836521984,4931584,836521984,2551808,0,0,0,12956651520,0,0.9
2026-08-30T06:54:32.679Z,10420.097,843976704,849518592,0,841516032,836538368,4931584,836538368,2551808,0,0,0,12955361280,0,0.83
2026-08-30T06:54:42.683Z,10430.101,843976704,849518592,0,841475072,836497408,4931584,836497408,2551808,0,0,0,12955746304,0,0.78
2026-08-30T06:54:52.678Z,10440.096,843915264,849518592,0,841454592,836476928,4931584,836476928,2551808,0,0,0,12957564928,0,0.73
2026-08-30T06:55:02.679Z,10450.097,843931648,849518592,0,841462784,836485120,4931584,836485120,2551808,0,0,0,12954673152,0,0.78
2026-08-30T06:55:12.680Z,10460.098,844054528,849518592,0,841593856,836616192,4931584,836616192,2551808,0,0,0,12956377088,0,0.73
2026-08-30T06:55:22.681Z,10470.099,843960320,849518592,0,841499648,836521984,4931584,836521984,2551808,0,0,0,12955492352,0,0.69
2026-08-30T06:55:32.681Z,10480.099,843890688,849518592,0,841421824,836444160,4931584,836444160,2551808,0,0,0,12950188032,0,0.66
2026-08-30T06:55:42.683Z,10490.101,843968512,849518592,0,841507840,836530176,4931584,836530176,2551808,0,0,0,12955185152,0,0.63
2026-08-30T06:55:52.683Z,10500.101,843923456,849518592,0,841454592,836476928,4931584,836476928,2551808,0,0,0,12953554944,0,0.61
2026-08-30T06:56:02.682Z,10510.1,843956224,849518592,0,841487360,836509696,4931584,836509696,2551808,0,0,0,12953403392,0,0.59
2026-08-30T06:56:12.682Z,10520.1,843968512,849518592,0,841499648,836521984,4931584,836521984,2551808,0,0,0,12952616960,0,0.57
2026-08-30T06:56:22.683Z,10530.101,843968512,849518592,0,841257984,836280320,4931584,836280320,2551808,0,0,0,12953219072,0,0.56
2026-08-30T06:56:32.683Z,10540.101,843956224,849518592,0,841487360,836509696,4931584,836509696,2551808,0,0,0,12952936448,0,0.54
2026-08-30T06:56:42.682Z,10550.1,843923456,849518592,0,841454592,836476928,4931584,836476928,2551808,0,0,0,12954431488,0,0.61
2026-08-30T06:56:52.680Z,10560.098,843972608,849518592,0,841511936,836534272,4931584,836534272,2551808,0,0,0,12955463680,0,0.59
2026-08-30T06:57:02.682Z,10570.1,843968512,849518592,0,841507840,836530176,4931584,836530176,2551808,0,0,0,12954673152,0,0.57
2026-08-30T06:57:12.682Z,10580.1,843972608,849518592,0,841503744,836526080,4931584,836526080,2551808,0,0,0,12954673152,0,0.56
2026-08-30T06:57:22.683Z,10590.101,843972608,849518592,0,841503744,836526080,4931584,836526080,2551808,0,0,0,12953493504,0,0.55
2026-08-30T06:57:32.681Z,10600.099,843935744,849518592,0,841257984,836280320,4931584,836280320,2551808,0,0,0,12952616960,0,0.54
2026-08-30T06:57:42.680Z,10610.098,843935744,849518592,0,841466880,836489216,4931584,836489216,2551808,0,0,0,12954550272,0,0.61
2026-08-30T06:57:52.683Z,10620.101,843923456,849518592,0,841454592,836476928,4931584,836476928,2551808,0,0,0,12954255360,0,0.59
2026-08-30T06:58:02.684Z,10630.102,843968512,849518592,0,841499648,836521984,4931584,836521984,2551808,0,0,0,12952911872,0,0.57
2026-08-30T06:58:12.682Z,10640.1,843968512,849518592,0,841266176,836288512,4931584,836288512,2551808,0,0,0,12955389952,0,0.56
2026-08-30T06:58:22.681Z,10650.099,843952128,849518592,0,841483264,836505600,4931584,836505600,2551808,0,0,0,12954165248,0,0.54
2026-08-30T06:58:32.684Z,10660.102,843902976,849518592,0,841434112,836456448,4931584,836456448,2551808,0,0,0,12955258880,0,0.53
2026-08-30T06:58:42.682Z,10670.1,843886592,849518592,0,841417728,836440064,4931584,836440064,2551808,0,0,0,12955828224,0,0.53
2026-08-30T06:58:52.680Z,10680.098,843907072,849518592,0,841438208,836460544,4931584,836460544,2551808,0,0,0,12956090368,0,0.53
2026-08-30T06:59:02.686Z,10690.104,843849728,849518592,0,841380864,836403200,4931584,836403200,2551808,0,0,0,12954906624,0,0.6
2026-08-30T06:59:12.684Z,10700.102,843849728,849518592,0,841380864,836403200,4931584,836403200,2551808,0,0,0,12955701248,0,0.66
2026-08-30T06:59:22.682Z,10710.1,843886592,849518592,0,841425920,836448256,4931584,836448256,2551808,0,0,0,12952891392,0,0.56
2026-08-30T06:59:32.686Z,10720.104,843902976,849518592,0,841200640,836222976,4931584,836222976,2551808,0,0,0,12951052288,0,0.47
2026-08-30T06:59:42.681Z,10730.099,843595776,849518592,0,841135104,836157440,4931584,836157440,2551808,0,0,0,12952449024,0,0.4
2026-08-30T06:59:52.682Z,10740.1,843644928,849518592,0,841176064,836198400,4931584,836198400,2551808,0,0,0,12952444928,0,0.34
2026-08-30T07:00:02.681Z,10750.099,843837440,849518592,0,841368576,836390912,4931584,836390912,2551808,0,0,0,12950827008,0,0.28
2026-08-30T07:00:12.682Z,10760.1,843608064,849518592,0,841139200,836161536,4931584,836161536,2551808,0,0,0,12954390528,0,0.24
2026-08-30T07:00:22.675Z,10770.093,843853824,849518592,0,841384960,836407296,4931584,836407296,2551808,0,0,0,12953448448,0,0.28
2026-08-30T07:00:32.681Z,10780.099,843890688,849518592,0,841389056,836411392,4931584,836411392,2551808,0,0,0,12953022464,0,0.31
2026-08-30T07:00:42.675Z,10790.093,843866112,849518592,0,841405440,836427776,4931584,836427776,2551808,0,0,0,12954722304,0,0.27
2026-08-30T07:00:52.676Z,10800.094,843898880,849518592,0,841430016,836452352,4931584,836452352,2551808,0,0,0,12953010176,0,0.38
2026-08-30T07:01:02.677Z,10810.095,843902976,849518592,0,841442304,836464640,4931584,836464640,2551808,0,0,0,12943155200,0,0.48
2026-08-30T07:01:12.675Z,10820.093,843853824,849518592,0,841384960,836407296,4931584,836407296,2551808,0,0,0,12948029440,0,0.41
2026-08-30T07:01:22.677Z,10830.095,843870208,849518592,0,841409536,836431872,4931584,836431872,2551808,0,0,0,12952449024,0,0.34
2026-08-30T07:01:32.678Z,10840.096,843870208,849518592,0,841167872,836190208,4931584,836190208,2551808,0,0,0,12952260608,0,0.29
2026-08-30T07:01:42.686Z,10850.104,843862016,849518592,0,841393152,836415488,4931584,836415488,2551808,0,0,0,12954828800,0,0.33
2026-08-30T07:01:52.678Z,10860.096,843902976,849518592,0,841200640,836222976,4931584,836222976,2551808,0,0,0,12954796032,0,0.27
2026-08-30T07:02:02.678Z,10870.096,843866112,849518592,0,841405440,836427776,4931584,836427776,2551808,0,0,0,12955107328,0,0.31
2026-08-30T07:02:12.678Z,10880.096,843886592,849518592,0,841208832,836231168,4931584,836231168,2551808,0,0,0,12952965120,0,0.33
2026-08-30T07:02:22.685Z,10890.103,843886592,849518592,0,841184256,836206592,4931584,836206592,2551808,0,0,0,12953759744,0,0.28
2026-08-30T07:02:32.681Z,10900.099,843902976,849518592,0,841442304,836464640,4931584,836464640,2551808,0,0,0,12951498752,0,0.39
2026-08-30T07:02:42.678Z,10910.096,843919360,849518592,0,841417728,836440064,4931584,836440064,2551808,0,0,0,12955807744,0,0.33
2026-08-30T07:02:52.684Z,10920.102,843886592,849518592,0,841176064,836198400,4931584,836198400,2551808,0,0,0,12953452544,0,0.28
2026-08-30T07:03:02.677Z,10930.095,843890688,849518592,0,841421824,836444160,4931584,836444160,2551808,0,0,0,12931579904,0,0.31
2026-08-30T07:03:12.683Z,10940.101,843890688,849518592,0,841430016,836452352,4931584,836452352,2551808,0,0,0,12945145856,0,0.34
2026-08-30T07:03:22.682Z,10950.1,843874304,849518592,0,841372672,836395008,4931584,836395008,2551808,0,0,0,12946214912,0,0.28
2026-08-30T07:03:32.676Z,10960.094,843882496,849518592,0,841421824,836444160,4931584,836444160,2551808,0,0,0,12949966848,0,0.24
2026-08-30T07:03:42.684Z,10970.102,843907072,849518592,0,841413632,836435968,4931584,836435968,2551808,0,0,0,12951392256,0,0.2
2026-08-30T07:03:52.686Z,10980.104,843907072,849518592,0,841438208,836460544,4931584,836460544,2551808,0,0,0,12951490560,0,0.17
2026-08-30T07:04:02.678Z,10990.096,843866112,849518592,0,841364480,836386816,4931584,836386816,2551808,0,0,0,12953890816,0,0.3
2026-08-30T07:04:12.682Z,11000.1,843841536,849518592,0,841163776,836186112,4931584,836186112,2551808,0,0,0,12951609344,0,0.25
2026-08-30T07:04:22.678Z,11010.096,843907072,849518592,0,841204736,836227072,4931584,836227072,2551808,0,0,0,12952571904,0,0.29
2026-08-30T07:04:32.676Z,11020.094,843923456,849518592,0,841462784,836485120,4931584,836485120,2551808,0,0,0,12951244800,0,0.33
2026-08-30T07:04:42.683Z,11030.101,843923456,849518592,0,841454592,836476928,4931584,836476928,2551808,0,0,0,12950388736,0,0.35
2026-08-30T07:04:52.676Z,11040.094,843911168,849518592,0,841442304,836464640,4931584,836464640,2551808,0,0,0,12950024192,0,0.3
2026-08-30T07:05:02.676Z,11050.094,843907072,849518592,0,841196544,836218880,4931584,836218880,2551808,0,0,0,12952477696,0,0.25
2026-08-30T07:05:12.676Z,11060.094,843948032,849518592,0,841487360,836509696,4931584,836509696,2551808,0,0,0,12951703552,0,0.21
2026-08-30T07:05:22.682Z,11070.1,843706368,849518592,0,841237504,836259840,4931584,836259840,2551808,0,0,0,12952014848,0,0.26
2026-08-30T07:05:32.677Z,11080.095,843948032,849518592,0,841487360,836509696,4931584,836509696,2551808,0,0,0,12951814144,0,0.22
2026-08-30T07:05:42.683Z,11090.101,843960320,849518592,0,841499648,836521984,4931584,836521984,2551808,0,0,0,12950716416,0,0.18
2026-08-30T07:05:52.687Z,11100.104,844029952,849518592,0,841323520,836345856,4931584,836345856,2551808,0,0,0,12950446080,0,0.24
2026-08-30T07:06:02.677Z,11110.095,843915264,849518592,0,841446400,836468736,4931584,836468736,2551808,0,0,0,12950720512,0,0.35
2026-08-30T07:06:12.676Z,11120.094,843911168,849518592,0,841442304,836464640,4931584,836464640,2551808,0,0,0,12950056960,0,0.37
2026-08-30T07:06:22.676Z,11130.094,843948032,849518592,0,841487360,836509696,4931584,836509696,2551808,0,0,0,12951465984,0,0.32
2026-08-30T07:06:32.676Z,11140.094,843915264,849518592,0,841421824,836444160,4931584,836444160,2551808,0,0,0,12949790720,0,0.27
2026-08-30T07:06:42.676Z,11150.094,843948032,849518592,0,841479168,836501504,4931584,836501504,2551808,0,0,0,12950593536,0,0.23
2026-08-30T07:06:52.675Z,11160.093,843952128,849518592,0,841483264,836505600,4931584,836505600,2551808,0,0,0,12951334912,0,0.26
2026-08-30T07:07:02.685Z,11170.103,843890688,849518592,0,841421824,836444160,4931584,836444160,2551808,0,0,0,12952621056,0,0.22
2026-08-30T07:07:12.676Z,11180.094,844038144,849518592,0,841569280,836591616,4931584,836591616,2551808,0,0,0,12951793664,0,0.19
2026-08-30T07:07:22.675Z,11190.093,843902976,849518592,0,841442304,836464640,4931584,836464640,2551808,0,0,0,12950155264,0,0.24
2026-08-30T07:07:32.675Z,11200.093,843923456,849518592,0,841454592,836476928,4931584,836476928,2551808,0,0,0,12950917120,0,0.28
2026-08-30T07:07:42.676Z,11210.094,843939840,849518592,0,841470976,836493312,4931584,836493312,2551808,0,0,0,12951777280,0,0.23
2026-08-30T07:07:52.676Z,11220.094,843911168,849518592,0,841442304,836464640,4931584,836464640,2551808,0,0,0,12952281088,0,0.2
2026-08-30T07:08:02.682Z,11230.099,843911168,849518592,0,841212928,836235264,4931584,836235264,2551808,0,0,0,12951203840,0,0.17
2026-08-30T07:08:12.682Z,11240.1,843943936,849518592,0,841475072,836497408,4931584,836497408,2551808,0,0,0,12953288704,0,0.22
2026-08-30T07:08:22.676Z,11250.094,843964416,849518592,0,841495552,836517888,4931584,836517888,2551808,0,0,0,12951396352,0,0.19
2026-08-30T07:08:32.676Z,11260.094,843935744,849518592,0,841466880,836489216,4931584,836489216,2551808,0,0,0,12953690112,0,0.16
2026-08-30T07:08:42.677Z,11270.095,843935744,849518592,0,841229312,836251648,4931584,836251648,2551808,0,0,0,12952182784,0,0.13
2026-08-30T07:08:52.675Z,11280.093,843919360,849518592,0,841450496,836472832,4931584,836472832,2551808,0,0,0,12952084480,0,0.11
2026-08-30T07:09:02.682Z,11290.1,843943936,849518592,0,841483264,836505600,4931584,836505600,2551808,0,0,0,12950900736,0,0.17
2026-08-30T07:09:12.682Z,11300.1,843911168,849518592,0,841442304,836464640,4931584,836464640,2551808,0,0,0,12952961024,0,0.38
2026-08-30T07:09:22.676Z,11310.094,843911168,849518592,0,841450496,836472832,4931584,836472832,2551808,0,0,0,12947984384,0,0.32
2026-08-30T07:09:32.679Z,11320.097,843935744,849518592,0,841466880,836489216,4931584,836489216,2551808,0,0,0,12951859200,0,0.27
2026-08-30T07:09:42.681Z,11330.099,843935744,849518592,0,841475072,836497408,4931584,836497408,2551808,0,0,0,12951879680,0,0.23
2026-08-30T07:09:52.681Z,11340.099,843939840,849518592,0,841229312,836251648,4931584,836251648,2551808,0,0,0,12953358336,0,0.19
2026-08-30T07:10:02.677Z,11350.095,843972608,849518592,0,841511936,836534272,4931584,836534272,2551808,0,0,0,12953587712,0,0.16
2026-08-30T07:10:12.676Z,11360.094,843976704,849518592,0,841507840,836530176,4931584,836530176,2551808,0,0,0,12952977408,0,0.22
2026-08-30T07:10:22.678Z,11370.096,843890688,849518592,0,841221120,836243456,4931584,836243456,2551808,0,0,0,12951805952,0,0.18
2026-08-30T07:10:32.677Z,11380.095,843968512,849518592,0,841266176,836288512,4931584,836288512,2551808,0,0,0,12953575424,0,0.15
2026-08-30T07:10:42.682Z,11390.1,843972608,849518592,0,841262080,836284416,4931584,836284416,2551808,0,0,0,12952346624,0,0.28
2026-08-30T07:10:52.678Z,11400.096,844328960,849518592,0,841626624,836648960,4931584,836648960,2551808,0,0,0,12952035328,0,0.39
2026-08-30T07:11:02.676Z,11410.094,843972608,849518592,0,841479168,836501504,4931584,836501504,2551808,0,0,0,12951719936,0,0.33
2026-08-30T07:11:12.684Z,11420.102,843640832,849518592,0,841171968,836194304,4931584,836194304,2551808,0,0,0,12951162880,0,0.28
2026-08-30T07:11:22.676Z,11430.094,843890688,849518592,0,841180160,836202496,4931584,836202496,2551808,0,0,0,12954304512,0,0.24
2026-08-30T07:11:32.685Z,11440.103,843923456,849518592,0,841462784,836485120,4931584,836485120,2551808,0,0,0,12952240128,0,0.2
2026-08-30T07:11:42.686Z,11450.104,843898880,849518592,0,841430016,836452352,4931584,836452352,2551808,0,0,0,12954206208,0,0.17
2026-08-30T07:11:52.681Z,11460.099,843915264,849518592,0,841446400,836468736,4931584,836468736,2551808,0,0,0,12953124864,0,0.14
2026-08-30T07:12:02.685Z,11470.103,843898880,849518592,0,841196544,836218880,4931584,836218880,2551808,0,0,0,12953112576,0,0.12
2026-08-30T07:12:12.678Z,11480.096,843890688,849518592,0,841430016,836452352,4931584,836452352,2551808,0,0,0,12953399296,0,0.1
2026-08-30T07:12:22.686Z,11490.104,843620352,849518592,0,841159680,836182016,4931584,836182016,2551808,0,0,0,12953284608,0,0.09
2026-08-30T07:12:32.680Z,11500.098,843943936,849518592,0,841438208,836460544,4931584,836460544,2551808,0,0,0,12953366528,0,0.07
2026-08-30T07:12:42.685Z,11510.103,843890688,849518592,0,841430016,836452352,4931584,836452352,2551808,0,0,0,12953989120,0,0.14
2026-08-30T07:12:52.678Z,11520.096,843935744,849518592,0,841430016,836452352,4931584,836452352,2551808,0,0,0,12955291648,0,0.12
2026-08-30T07:13:02.678Z,11530.096,843890688,849518592,0,841425920,836448256,4931584,836448256,2551808,0,0,0,12952768512,0,0.1
2026-08-30T07:13:12.686Z,11540.104,843890688,849518592,0,841384960,836407296,4931584,836407296,2551808,0,0,0,12953907200,0,0.08
2026-08-30T07:13:22.685Z,11550.103,843939840,849518592,0,841479168,836501504,4931584,836501504,2551808,0,0,0,12953808896,0,0.15
2026-08-30T07:13:32.687Z,11560.105,843890688,849518592,0,841212928,836235264,4931584,836235264,2551808,0,0,0,12949073920,0,0.12
2026-08-30T07:13:42.686Z,11570.104,843751424,849518592,0,841245696,836268032,4931584,836268032,2551808,0,0,0,12951318528,0,0.1
2026-08-30T07:13:52.678Z,11580.096,843956224,849518592,0,841487360,836509696,4931584,836509696,2551808,0,0,0,12953178112,0,0.16
2026-08-30T07:14:02.686Z,11590.104,843948032,849518592,0,841487360,836509696,4931584,836509696,2551808,0,0,0,12945084416,0,0.14
2026-08-30T07:14:12.684Z,11600.102,843919360,849518592,0,841450496,836472832,4931584,836472832,2551808,0,0,0,12947447808,0,0.19
2026-08-30T07:14:22.679Z,11610.097,843919360,849518592,0,841413632,836435968,4931584,836435968,2551808,0,0,0,12949221376,0,0.24
2026-08-30T07:14:32.680Z,11620.098,843927552,849518592,0,841217024,836239360,4931584,836239360,2551808,0,0,0,12951031808,0,0.2
2026-08-30T07:14:42.686Z,11630.104,843915264,849518592,0,841204736,836227072,4931584,836227072,2551808,0,0,0,12950654976,0,0.17
2026-08-30T07:14:52.678Z,11640.096,843943936,849518592,0,841483264,836505600,4931584,836505600,2551808,0,0,0,12951511040,0,0.14
2026-08-30T07:15:02.679Z,11650.096,843726848,849518592,0,841221120,836243456,4931584,836243456,2551808,0,0,0,12951748608,0,0.12
2026-08-30T07:15:12.679Z,11660.097,843943936,849518592,0,841483264,836505600,4931584,836505600,2551808,0,0,0,12952449024,0,0.1
2026-08-30T07:15:22.678Z,11670.096,843976704,849518592,0,841274368,836296704,4931584,836296704,2551808,0,0,0,12940673024,0,0.09
2026-08-30T07:15:32.682Z,11680.1,843976704,849518592,0,841470976,836493312,4931584,836493312,2551808,0,0,0,12947324928,0,0.07
2026-08-30T07:15:42.679Z,11690.097,843771904,849518592,0,841266176,836288512,4931584,836288512,2551808,0,0,0,12949057536,0,0.06
2026-08-30T07:15:52.679Z,11700.097,843972608,849518592,0,841466880,836489216,4931584,836489216,2551808,0,0,0,12950417408,0,0.29
2026-08-30T07:16:02.680Z,11710.098,844021760,849518592,0,841516032,836538368,4931584,836538368,2551808,0,0,0,12950179840,0,0.24
2026-08-30T07:16:12.688Z,11720.106,843993088,849518592,0,841487360,836509696,4931584,836509696,2551808,0,0,0,12950339584,0,0.28
2026-08-30T07:16:22.681Z,11730.099,843993088,849518592,0,841290752,836313088,4931584,836313088,2551808,0,0,0,12949499904,0,0.24
2026-08-30T07:16:32.678Z,11740.096,843964416,849518592,0,841495552,836517888,4931584,836517888,2551808,0,0,0,12949397504,0,0.2
2026-08-30T07:16:42.677Z,11750.095,843980800,849518592,0,841516032,836538368,4931584,836538368,2551808,0,0,0,12949110784,0,0.17
2026-08-30T07:16:52.677Z,11760.095,843948032,849518592,0,841454592,836476928,4931584,836476928,2551808,0,0,0,12949213184,0,0.14
2026-08-30T07:17:02.678Z,11770.096,843997184,849518592,0,841491456,836513792,4931584,836513792,2551808,0,0,0,12946612224,0,0.12
2026-08-30T07:17:12.683Z,11780.101,843976704,849518592,0,841516032,836538368,4931584,836538368,2551808,0,0,0,12941860864,0,0.1
2026-08-30T07:17:22.686Z,11790.104,843976704,849518592,0,841507840,836530176,4931584,836530176,2551808,0,0,0,12943400960,0,0.16
2026-08-30T07:17:32.686Z,11800.104,843735040,849518592,0,841229312,836251648,4931584,836251648,2551808,0,0,0,12946636800,0,0.29
2026-08-30T07:17:42.677Z,11810.095,843751424,849518592,0,841245696,836268032,4931584,836268032,2551808,0,0,0,12947902464,0,0.24
2026-08-30T07:17:52.677Z,11820.095,843964416,849518592,0,841458688,836481024,4931584,836481024,2551808,0,0,0,12947959808,0,0.21
2026-08-30T07:18:02.682Z,11830.1,843931648,849518592,0,841253888,836276224,4931584,836276224,2551808,0,0,0,12943441920,0,0.25
2026-08-30T07:18:12.678Z,11840.096,843964416,849518592,0,841458688,836481024,4931584,836481024,2551808,0,0,0,12947693568,0,0.21
2026-08-30T07:18:22.679Z,11850.097,843964416,849518592,0,841262080,836284416,4931584,836284416,2551808,0,0,0,12946788352,0,0.18
2026-08-30T07:18:32.685Z,11860.103,843952128,849518592,0,841491456,836513792,4931584,836513792,2551808,0,0,0,12946845696,0,0.15
2026-08-30T07:18:42.678Z,11870.096,843943936,849518592,0,841442304,836464640,4931584,836464640,2551808,0,0,0,12947316736,0,0.13
2026-08-30T07:18:52.680Z,11880.098,844017664,849518592,0,841511936,836534272,4931584,836534272,2551808,0,0,0,12946526208,0,0.11
2026-08-30T07:19:02.678Z,11890.096,844001280,849518592,0,841495552,836517888,4931584,836517888,2551808,0,0,0,12948320256,0,0.09
2026-08-30T07:19:12.678Z,11900.096,843972608,849518592,0,841466880,836489216,4931584,836489216,2551808,0,0,0,12949131264,0,0.16
2026-08-30T07:19:22.678Z,11910.096,844062720,849518592,0,841569280,836591616,4931584,836591616,2551808,0,0,0,12945862656,0,0.13
2026-08-30T07:19:32.679Z,11920.097,843968512,849518592,0,841266176,836288512,4931584,836288512,2551808,0,0,0,12946137088,0,0.11
2026-08-30T07:19:42.686Z,11930.104,843972608,849518592,0,841257984,836280320,4931584,836280320,2551808,0,0,0,12947062784,0,0.09
2026-08-30T07:19:52.686Z,11940.104,843997184,849518592,0,841491456,836513792,4931584,836513792,2551808,0,0,0,12946075648,0,0.08
2026-08-30T07:20:02.679Z,11950.097,844013568,849518592,0,841507840,836530176,4931584,836530176,2551808,0,0,0,12946587648,0,0.07
2026-08-30T07:20:12.686Z,11960.104,844001280,849518592,0,841495552,836517888,4931584,836517888,2551808,0,0,0,12945178624,0,0.06
2026-08-30T07:20:22.681Z,11970.099,843780096,849518592,0,841274368,836296704,4931584,836296704,2551808,0,0,0,12945592320,0,0.05
2026-08-30T07:20:32.681Z,11980.099,843886592,849518592,0,841380864,836403200,4931584,836403200,2551808,0,0,0,12946788352,0,0.04
2026-08-30T07:20:42.680Z,11990.098,843984896,849518592,0,841479168,836501504,4931584,836501504,2551808,0,0,0,12945399808,0,0.03
2026-08-30T07:20:52.681Z,12000.098,843980800,849518592,0,841475072,836497408,4931584,836497408,2551808,0,0,0,12943884288,0,0.03
2026-08-30T07:21:02.690Z,12010.108,843972608,849518592,0,841466880,836489216,4931584,836489216,2551808,0,0,0,12944883712,0,0.02
2026-08-30T07:21:12.689Z,12020.107,843902976,849518592,0,841434112,836456448,4931584,836456448,2551808,0,0,0,12943818752,0,0.02
2026-08-30T07:21:22.682Z,12030.1,843931648,849518592,0,841462784,836485120,4931584,836485120,2551808,0,0,0,12936249344,0,0.09
2026-08-30T07:21:32.681Z,12040.099,843919360,849518592,0,841458688,836481024,4931584,836481024,2551808,0,0,0,12941713408,0,0.08
2026-08-30T07:21:42.682Z,12050.1,843902976,849518592,0,841200640,836222976,4931584,836222976,2551808,0,0,0,12944539648,0,0.06
2026-08-30T07:21:52.683Z,12060.101,843931648,849518592,0,841462784,836485120,4931584,836485120,2551808,0,0,0,12945637376,0,0.13
2026-08-30T07:22:02.682Z,12070.1,843923456,849518592,0,841450496,836472832,4931584,836472832,2551808,0,0,0,12947161088,0,0.19
2026-08-30T07:22:12.688Z,12080.106,843878400,849518592,0,841417728,836440064,4931584,836440064,2551808,0,0,0,12946804736,0,0.24
2026-08-30T07:22:22.691Z,12090.109,844365824,849518592,0,841536512,836558848,4931584,836558848,2551808,0,0,0,12947378176,0,0.2
2026-08-30T07:22:32.683Z,12100.101,843980800,849518592,0,841511936,836534272,4931584,836534272,2551808,0,0,0,12943323136,0,0.17
2026-08-30T07:22:42.690Z,12110.108,843997184,849518592,0,841528320,836550656,4931584,836550656,2551808,0,0,0,12946522112,0,0.22
2026-08-30T07:22:52.690Z,12120.108,843964416,849518592,0,841262080,836284416,4931584,836284416,2551808,0,0,0,12946395136,0,0.34
2026-08-30T07:23:02.685Z,12130.103,843755520,849518592,0,841294848,836317184,4931584,836317184,2551808,0,0,0,12948987904,0,0.28
2026-08-30T07:23:12.689Z,12140.107,843927552,849518592,0,841454592,836476928,4931584,836476928,2551808,0,0,0,12947341312,0,0.24
2026-08-30T07:23:22.689Z,12150.107,843948032,849518592,0,841479168,836501504,4931584,836501504,2551808,0,0,0,12949581824,0,0.2
2026-08-30T07:23:32.690Z,12160.108,843685888,849518592,0,841217024,836239360,4931584,836239360,2551808,0,0,0,12949008384,0,0.32
2026-08-30T07:23:42.683Z,12170.101,843968512,849518592,0,841499648,836521984,4931584,836521984,2551808,0,0,0,12946878464,0,0.27
2026-08-30T07:23:52.683Z,12180.101,843968512,849518592,0,841499648,836521984,4931584,836521984,2551808,0,0,0,12948119552,0,0.31
2026-08-30T07:24:02.685Z,12190.103,843988992,849518592,0,841520128,836542464,4931584,836542464,2551808,0,0,0,12948758528,0,0.26
2026-08-30T07:24:12.683Z,12200.101,844001280,849518592,0,841540608,836562944,4931584,836562944,2551808,0,0,0,12947316736,0,0.29
2026-08-30T07:24:22.691Z,12210.109,844386304,849518592,0,841884672,836907008,4931584,836907008,2551808,0,0,0,12949245952,0,0.25
2026-08-30T07:24:32.683Z,12220.101,844017664,849518592,0,841548800,836571136,4931584,836571136,2551808,0,0,0,12935651328,0,0.21
2026-08-30T07:24:42.685Z,12230.103,843968512,849518592,0,841466880,836489216,4931584,836489216,2551808,0,0,0,12946485248,0,0.18
2026-08-30T07:24:52.683Z,12240.101,843972608,849518592,0,841503744,836526080,4931584,836526080,2551808,0,0,0,12952031232,0,0.22
2026-08-30T07:25:02.687Z,12250.105,843976704,849518592,0,841507840,836530176,4931584,836530176,2551808,0,0,0,12952027136,0,0.19
2026-08-30T07:25:12.683Z,12260.101,843964416,849518592,0,841249792,836272128,4931584,836272128,2551808,0,0,0,12953944064,0,0.16
2026-08-30T07:25:22.685Z,12270.103,843976704,849518592,0,841274368,836296704,4931584,836296704,2551808,0,0,0,12953112576,0,0.13
2026-08-30T07:25:32.682Z,12280.1,844013568,849518592,0,841544704,836567040,4931584,836567040,2551808,0,0,0,12952322048,0,0.11
2026-08-30T07:25:42.682Z,12290.1,844038144,849518592,0,841544704,836567040,4931584,836567040,2551808,0,0,0,12952616960,0,0.18
2026-08-30T07:25:52.683Z,12300.101,843968512,849518592,0,841253888,836276224,4931584,836276224,2551808,0,0,0,12951834624,0,0.3
2026-08-30T07:26:02.683Z,12310.101,843743232,849518592,0,841282560,836304896,4931584,836304896,2551808,0,0,0,12950052864,0,0.26
2026-08-30T07:26:12.687Z,12320.105,843984896,849518592,0,841516032,836538368,4931584,836538368,2551808,0,0,0,12951494656,0,0.22
2026-08-30T07:26:22.685Z,12330.103,843968512,849518592,0,841253888,836276224,4931584,836276224,2551808,0,0,0,12952993792,0,0.18
2026-08-30T07:26:32.685Z,12340.103,844001280,849518592,0,841507840,836530176,4931584,836530176,2551808,0,0,0,12950855680,0,0.15
2026-08-30T07:26:42.691Z,12350.109,843972608,849518592,0,841511936,836534272,4931584,836534272,2551808,0,0,0,12953571328,0,0.13
2026-08-30T07:26:52.692Z,12360.109,844021760,849518592,0,841561088,836583424,4931584,836583424,2551808,0,0,0,12951859200,0,0.11
2026-08-30T07:27:02.688Z,12370.106,843976704,849518592,0,841516032,836538368,4931584,836538368,2551808,0,0,0,12947861504,0,0.09
2026-08-30T07:27:12.685Z,12380.103,843902976,849518592,0,841434112,836456448,4931584,836456448,2551808,0,0,0,12950425600,0,0.08
2026-08-30T07:27:22.687Z,12390.105,843968512,849518592,0,841499648,836521984,4931584,836521984,2551808,0,0,0,12949692416,0,0.15
2026-08-30T07:27:32.687Z,12400.105,843874304,849518592,0,841196544,836218880,4931584,836218880,2551808,0,0,0,12949995520,0,0.2
2026-08-30T07:27:42.685Z,12410.103,843943936,849518592,0,841475072,836497408,4931584,836497408,2551808,0,0,0,12951093248,0,0.17
2026-08-30T07:27:52.686Z,12420.104,843894784,849518592,0,841425920,836448256,4931584,836448256,2551808,0,0,0,12950839296,0,0.14
2026-08-30T07:28:02.685Z,12430.103,843943936,849518592,0,841483264,836505600,4931584,836505600,2551808,0,0,0,12950908928,0,0.12
2026-08-30T07:28:12.685Z,12440.103,843890688,849518592,0,841430016,836452352,4931584,836452352,2551808,0,0,0,12952444928,0,0.1
2026-08-30T07:28:22.685Z,12450.103,844029952,849518592,0,841569280,836591616,4931584,836591616,2551808,0,0,0,12952211456,0,0.08
2026-08-30T07:28:32.685Z,12460.103,844025856,849518592,0,841565184,836587520,4931584,836587520,2551808,0,0,0,12950876160,0,0.07
2026-08-30T07:28:42.684Z,12470.102,844042240,849518592,0,841581568,836603904,4931584,836603904,2551808,0,0,0,12952162304,0,0.06
2026-08-30T07:28:52.685Z,12480.103,844050432,849518592,0,841581568,836603904,4931584,836603904,2551808,0,0,0,12951707648,0,0.05
2026-08-30T07:29:02.685Z,12490.103,844013568,849518592,0,841544704,836567040,4931584,836567040,2551808,0,0,0,12951740416,0,0.12
2026-08-30T07:29:12.686Z,12500.104,844017664,849518592,0,841548800,836571136,4931584,836571136,2551808,0,0,0,12950601728,0,0.26
2026-08-30T07:29:22.690Z,12510.108,843747328,849518592,0,841278464,836300800,4931584,836300800,2551808,0,0,0,12951130112,0,0.22
2026-08-30T07:29:32.687Z,12520.105,844038144,849518592,0,841577472,836599808,4931584,836599808,2551808,0,0,0,12951998464,0,0.18
2026-08-30T07:29:42.685Z,12530.103,844115968,849518592,0,841540608,836562944,4931584,836562944,2551808,0,0,0,12951175168,0,0.16
2026-08-30T07:29:52.684Z,12540.102,844021760,849518592,0,841552896,836575232,4931584,836575232,2551808,0,0,0,12951605248,0,0.21
2026-08-30T07:30:02.685Z,12550.103,844062720,849518592,0,841593856,836616192,4931584,836616192,2551808,0,0,0,12952313856,0,0.18
2026-08-30T07:30:12.685Z,12560.103,844038144,849518592,0,841577472,836599808,4931584,836599808,2551808,0,0,0,12951429120,0,0.15
2026-08-30T07:30:22.687Z,12570.105,844038144,849518592,0,841360384,836382720,4931584,836382720,2551808,0,0,0,12950392832,0,0.13
2026-08-30T07:30:32.685Z,12580.103,844070912,849518592,0,841610240,836632576,4931584,836632576,2551808,0,0,0,12952535040,0,0.18
2026-08-30T07:30:42.685Z,12590.103,843988992,849518592,0,841528320,836550656,4931584,836550656,2551808,0,0,0,12953268224,0,0.15
2026-08-30T07:30:52.686Z,12600.104,844079104,849518592,0,841585664,836608000,4931584,836608000,2551808,0,0,0,12952461312,0,0.21
2026-08-30T07:31:02.685Z,12610.103,843964416,849518592,0,841495552,836517888,4931584,836517888,2551808,0,0,0,12951900160,0,0.18
2026-08-30T07:31:12.690Z,12620.108,844062720,849518592,0,841360384,836382720,4931584,836382720,2551808,0,0,0,12952158208,0,0.22
2026-08-30T07:31:22.691Z,12630.109,843988992,849518592,0,841528320,836550656,4931584,836550656,2551808,0,0,0,12950556672,0,0.26
2026-08-30T07:31:32.686Z,12640.104,844046336,849518592,0,841344000,836366336,4931584,836366336,2551808,0,0,0,12946776064,0,0.3
2026-08-30T07:31:42.685Z,12650.103,843739136,849518592,0,841270272,836292608,4931584,836292608,2551808,0,0,0,12947984384,0,0.25
2026-08-30T07:31:52.692Z,12660.11,843788288,849518592,0,841327616,836349952,4931584,836349952,2551808,0,0,0,12949295104,0,0.21
2026-08-30T07:32:02.691Z,12670.109,844058624,849518592,0,841589760,836612096,4931584,836612096,2551808,0,0,0,12948443136,0,0.18
2026-08-30T07:32:12.690Z,12680.108,844025856,849518592,0,841323520,836345856,4931584,836345856,2551808,0,0,0,12949684224,0,0.15
2026-08-30T07:32:22.691Z,12690.109,844013568,849518592,0,841544704,836567040,4931584,836567040,2551808,0,0,0,12949487616,0,0.21
2026-08-30T07:32:32.685Z,12700.103,843993088,849518592,0,841532416,836554752,4931584,836554752,2551808,0,0,0,12949921792,0,0.18
2026-08-30T07:32:42.685Z,12710.103,844025856,849518592,0,841323520,836345856,4931584,836345856,2551808,0,0,0,12949450752,0,0.15
2026-08-30T07:32:52.691Z,12720.109,843972608,849518592,0,841503744,836526080,4931584,836526080,2551808,0,0,0,12949864448,0,0.12
2026-08-30T07:33:02.685Z,12730.103,843964416,849518592,0,841495552,836517888,4931584,836517888,2551808,0,0,0,12948795392,0,0.1
2026-08-30T07:33:12.684Z,12740.102,843980800,849518592,0,841520128,836542464,4931584,836542464,2551808,0,0,0,12949909504,0,0.09
2026-08-30T07:33:22.691Z,12750.109,840200192,849518592,0,837739520,832761856,4931584,832761856,2551808,0,0,0,12952784896,0,0.07
2026-08-30T07:33:32.685Z,12760.103,840167424,849518592,0,837497856,832520192,4931584,832520192,2551808,0,0,0,12951814144,0,0.06
2026-08-30T07:33:42.693Z,12770.111,840167424,849518592,0,837706752,832729088,4931584,832729088,2551808,0,0,0,12952518656,0,0.05
2026-08-30T07:33:52.691Z,12780.109,840200192,849518592,0,837739520,832761856,4931584,832761856,2551808,0,0,0,12953788416,0,0.12
2026-08-30T07:34:02.687Z,12790.105,839925760,849518592,0,837465088,832487424,4931584,832487424,2551808,0,0,0,12952104960,0,0.1
2026-08-30T07:34:12.685Z,12800.103,840409088,849518592,0,837907456,832929792,4931584,832929792,2551808,0,0,0,12952895488,0,0.17
2026-08-30T07:34:22.685Z,12810.103,840392704,849518592,0,837923840,832946176,4931584,832946176,2551808,0,0,0,12951941120,0,0.14
2026-08-30T07:34:32.685Z,12820.103,840392704,849518592,0,837932032,832954368,4931584,832954368,2551808,0,0,0,12953731072,0,0.12
2026-08-30T07:34:42.691Z,12830.109,840396800,849518592,0,837927936,832950272,4931584,832950272,2551808,0,0,0,12953030656,0,0.1
2026-08-30T07:34:52.693Z,12840.111,840413184,849518592,0,837952512,832974848,4931584,832974848,2551808,0,0,0,12954075136,0,0.23
2026-08-30T07:35:02.691Z,12850.109,840540160,849518592,0,837829632,832851968,4931584,832851968,2551808,0,0,0,12954071040,0,0.2
2026-08-30T07:35:12.693Z,12860.111,840183808,849518592,0,837714944,832737280,4931584,832737280,2551808,0,0,0,12953722880,0,0.17
2026-08-30T07:35:22.693Z,12870.111,840290304,849518592,0,837825536,832847872,4931584,832847872,2551808,0,0,0,12954144768,0,0.14
2026-08-30T07:35:32.685Z,12880.103,840531968,849518592,0,837829632,832851968,4931584,832851968,2551808,0,0,0,12941426688,0,0.12
2026-08-30T07:35:42.686Z,12890.104,840515584,849518592,0,838054912,833077248,4931584,833077248,2551808,0,0,0,12955062272,0,0.1
2026-08-30T07:35:52.685Z,12900.103,840290304,849518592,0,837821440,832843776,4931584,832843776,2551808,0,0,0,12958388224,0,0.08
2026-08-30T07:36:02.685Z,12910.103,840499200,849518592,0,837821440,832843776,4931584,832843776,2551808,0,0,0,12958216192,0,0.07
2026-08-30T07:36:12.685Z,12920.103,840478720,849518592,0,838009856,833032192,4931584,833032192,2551808,0,0,0,12958756864,0,0.13
2026-08-30T07:36:22.685Z,12930.103,840499200,849518592,0,837796864,832819200,4931584,832819200,2551808,0,0,0,12959346688,0,0.11
2026-08-30T07:36:32.685Z,12940.103,840462336,849518592,0,837784576,832806912,4931584,832806912,2551808,0,0,0,12958007296,0,0.17
2026-08-30T07:36:42.686Z,12950.104,840392704,849518592,0,837932032,832954368,4931584,832954368,2551808,0,0,0,12960346112,0,0.14
2026-08-30T07:36:52.691Z,12960.109,840519680,849518592,0,838059008,833081344,4931584,833081344,2551808,0,0,0,12959682560,0,0.12
2026-08-30T07:37:02.686Z,12970.104,840605696,849518592,0,838145024,833167360,4931584,833167360,2551808,0,0,0,12959559680,0,0.25
2026-08-30T07:37:12.686Z,12980.104,840736768,849518592,0,838276096,833298432,4931584,833298432,2551808,0,0,0,12959092736,0,0.21
2026-08-30T07:37:22.685Z,12990.103,841007104,849518592,0,838538240,833560576,4931584,833560576,2551808,0,0,0,12960051200,0,0.26
2026-08-30T07:37:32.691Z,13000.109,840638464,849518592,0,838169600,833191936,4931584,833191936,2551808,0,0,0,12960002048,0,0.22
2026-08-30T07:37:42.693Z,13010.111,840728576,849518592,0,838267904,833290240,4931584,833290240,2551808,0,0,0,12959854592,0,0.26
2026-08-30T07:37:52.690Z,13020.108,840843264,849518592,0,838140928,833163264,4931584,833163264,2551808,0,0,0,12959322112,0,0.22
2026-08-30T07:38:02.685Z,13030.103,840712192,849518592,0,838042624,833064960,4931584,833064960,2551808,0,0,0,12959825920,0,0.19
2026-08-30T07:38:12.685Z,13040.103,840728576,849518592,0,838259712,833282048,4931584,833282048,2551808,0,0,0,12960743424,0,0.16
2026-08-30T07:38:22.686Z,13050.104,840728576,849518592,0,838259712,833282048,4931584,833282048,2551808,0,0,0,12961210368,0,0.13
2026-08-30T07:38:32.685Z,13060.103,840560640,849518592,0,838091776,833114112,4931584,833114112,2551808,0,0,0,12959985664,0,0.11
2026-08-30T07:38:42.685Z,13070.103,840724480,849518592,0,838255616,833277952,4931584,833277952,2551808,0,0,0,12960067584,0,0.1
2026-08-30T07:38:52.686Z,13080.104,840720384,849518592,0,838251520,833273856,4931584,833273856,2551808,0,0,0,12961607680,0,0.08
2026-08-30T07:39:02.685Z,13090.103,840835072,849518592,0,838374400,833396736,4931584,833396736,2551808,0,0,0,12961779712,0,0.14
2026-08-30T07:39:12.685Z,13100.103,840605696,849518592,0,838145024,833167360,4931584,833167360,2551808,0,0,0,12960509952,0,0.12
2026-08-30T07:39:22.686Z,13110.104,840867840,849518592,0,838398976,833421312,4931584,833421312,2551808,0,0,0,12942807040,0,0.25
2026-08-30T07:39:32.686Z,13120.104,840884224,849518592,0,838173696,833196032,4931584,833196032,2551808,0,0,0,12952244224,0,0.21
2026-08-30T07:39:42.685Z,13130.103,840945664,849518592,0,838484992,833507328,4931584,833507328,2551808,0,0,0,12955201536,0,0.18
2026-08-30T07:39:52.686Z,13140.104,841089024,849518592,0,838628352,833650688,4931584,833650688,2551808,0,0,0,12953993216,0,0.15
2026-08-30T07:40:02.685Z,13150.103,841179136,849518592,0,838718464,833740800,4931584,833740800,2551808,0,0,0,12953767936,0,0.13
2026-08-30T07:40:12.686Z,13160.104,841199616,849518592,0,838738944,833761280,4931584,833761280,2551808,0,0,0,12955631616,0,0.11
2026-08-30T07:40:22.686Z,13170.104,841175040,849518592,0,838706176,833728512,4931584,833728512,2551808,0,0,0,12955049984,0,0.09
2026-08-30T07:40:32.686Z,13180.104,840933376,849518592,0,838464512,833486848,4931584,833486848,2551808,0,0,0,12953923584,0,0.08
2026-08-30T07:40:42.687Z,13190.105,841199616,849518592,0,838706176,833728512,4931584,833728512,2551808,0,0,0,12953956352,0,0.06
2026-08-30T07:40:52.691Z,13200.109,841142272,849518592,0,838673408,833695744,4931584,833695744,2551808,0,0,0,12954947584,0,0.13
2026-08-30T07:41:02.684Z,13210.102,841134080,849518592,0,838665216,833687552,4931584,833687552,2551808,0,0,0,12955578368,0,0.19
2026-08-30T07:41:12.692Z,13220.11,841146368,849518592,0,838677504,833699840,4931584,833699840,2551808,0,0,0,12954099712,0,0.16
2026-08-30T07:41:22.685Z,13230.103,841277440,849518592,0,838816768,833839104,4931584,833839104,2551808,0,0,0,12956733440,0,0.13
2026-08-30T07:41:32.691Z,13240.109,841388032,849518592,0,838927360,833949696,4931584,833949696,2551808,0,0,0,12955205632,0,0.11
2026-08-30T07:41:42.686Z,13250.104,841474048,849518592,0,839005184,834027520,4931584,834027520,2551808,0,0,0,12955729920,0,0.1
2026-08-30T07:41:52.687Z,13260.105,841408512,849518592,0,838915072,833937408,4931584,833937408,2551808,0,0,0,12955402240,0,0.08
2026-08-30T07:42:02.687Z,13270.105,841441280,849518592,0,838972416,833994752,4931584,833994752,2551808,0,0,0,12955000832,0,0.07
2026-08-30T07:42:12.687Z,13280.105,841457664,849518592,0,838988800,834011136,4931584,834011136,2551808,0,0,0,12954378240,0,0.06
2026-08-30T07:42:22.687Z,13290.105,841424896,849518592,0,838964224,833986560,4931584,833986560,2551808,0,0,0,12954288128,0,0.05
2026-08-30T07:42:32.686Z,13300.104,841580544,849518592,0,839119872,834142208,4931584,834142208,2551808,0,0,0,12957073408,0,0.19
2026-08-30T07:42:42.688Z,13310.106,841478144,849518592,0,839009280,834031616,4931584,834031616,2551808,0,0,0,12955082752,0,0.24
2026-08-30T07:42:52.688Z,13320.106,841515008,849518592,0,839046144,834068480,4931584,834068480,2551808,0,0,0,12954972160,0,0.21
2026-08-30T07:43:02.687Z,13330.105,841900032,849518592,0,839439360,834461696,4931584,834461696,2551808,0,0,0,12955021312,0,0.25
2026-08-30T07:43:12.688Z,13340.106,841510912,849518592,0,839042048,834064384,4931584,834064384,2551808,0,0,0,12954832896,0,0.28
2026-08-30T07:43:22.686Z,13350.104,841519104,849518592,0,839058432,834080768,4931584,834080768,2551808,0,0,0,12954595328,0,0.24
2026-08-30T07:43:32.689Z,13360.107,841494528,849518592,0,839025664,834048000,4931584,834048000,2551808,0,0,0,12955234304,0,0.2
2026-08-30T07:43:42.687Z,13370.105,841539584,849518592,0,839070720,834093056,4931584,834093056,2551808,0,0,0,12954619904,0,0.17
2026-08-30T07:43:52.686Z,13380.104,841515008,849518592,0,839046144,834068480,4931584,834068480,2551808,0,0,0,12955066368,0,0.22
2026-08-30T07:44:02.687Z,13390.105,841474048,849518592,0,839013376,834035712,4931584,834035712,2551808,0,0,0,12953612288,0,0.19
2026-08-30T07:44:12.688Z,13400.106,841474048,849518592,0,838763520,833785856,4931584,833785856,2551808,0,0,0,12954734592,0,0.23
2026-08-30T07:44:22.687Z,13410.105,841482240,849518592,0,839013376,834035712,4931584,834035712,2551808,0,0,0,12954001408,0,0.2
2026-08-30T07:44:32.688Z,13420.106,841408512,849518592,0,838738944,833761280,4931584,833761280,2551808,0,0,0,12953960448,0,0.17
2026-08-30T07:44:42.687Z,13430.105,841465856,849518592,0,838996992,834019328,4931584,834019328,2551808,0,0,0,12955463680,0,0.14
2026-08-30T07:44:52.688Z,13440.106,841572352,849518592,0,839103488,834125824,4931584,834125824,2551808,0,0,0,12954046464,0,0.12
2026-08-30T07:45:02.701Z,13450.119,841572352,849518592,0,839111680,834134016,4931584,834134016,2551808,0,0,0,12953014272,0,0.1
2026-08-30T07:45:12.695Z,13460.113,841596928,849518592,0,839132160,834154496,4931584,834154496,2551808,0,0,0,12953698304,0,0.16
2026-08-30T07:45:22.694Z,13470.112,841555968,849518592,0,839087104,834109440,4931584,834109440,2551808,0,0,0,12956123136,0,0.14
2026-08-30T07:45:32.689Z,13480.107,841572352,849518592,0,839103488,834125824,4931584,834125824,2551808,0,0,0,12953640960,0,0.2
2026-08-30T07:45:42.699Z,13490.117,841572352,849518592,0,839111680,834134016,4931584,834134016,2551808,0,0,0,12952203264,0,0.25
2026-08-30T07:45:52.700Z,13500.118,841547776,849518592,0,838845440,833867776,4931584,833867776,2551808,0,0,0,12955873280,0,0.28
2026-08-30T07:46:02.694Z,13510.112,841596928,849518592,0,838894592,833916928,4931584,833916928,2551808,0,0,0,12928548864,0,0.32
2026-08-30T07:46:12.694Z,13520.112,841703424,849518592,0,839234560,834256896,4931584,834256896,2551808,0,0,0,12950069248,0,0.27
2026-08-30T07:46:22.689Z,13530.107,841392128,849518592,0,838931456,833953792,4931584,833953792,2551808,0,0,0,12954767360,0,0.23
2026-08-30T07:46:32.695Z,13540.113,841650176,849518592,0,838980608,834002944,4931584,834002944,2551808,0,0,0,12955062272,0,0.19
2026-08-30T07:46:42.688Z,13550.106,841654272,849518592,0,839193600,834215936,4931584,834215936,2551808,0,0,0,12955144192,0,0.16
2026-08-30T07:46:52.695Z,13560.113,841711616,849518592,0,839242752,834265088,4931584,834265088,2551808,0,0,0,12956082176,0,0.22
2026-08-30T07:47:02.689Z,13570.107,841650176,849518592,0,838972416,833994752,4931584,833994752,2551808,0,0,0,12953636864,0,0.18
2026-08-30T07:47:12.695Z,13580.113,841715712,849518592,0,839013376,834035712,4931584,834035712,2551808,0,0,0,12954996736,0,0.16
2026-08-30T07:47:22.690Z,13590.108,841744384,849518592,0,839283712,834306048,4931584,834306048,2551808,0,0,0,12955758592,0,0.13
2026-08-30T07:47:32.689Z,13600.107,841719808,849518592,0,839250944,834273280,4931584,834273280,2551808,0,0,0,12954075136,0,0.11
2026-08-30T07:47:42.688Z,13610.106,841744384,849518592,0,839283712,834306048,4931584,834306048,2551808,0,0,0,12953899008,0,0.25
2026-08-30T07:47:52.695Z,13620.113,841752576,849518592,0,839050240,834072576,4931584,834072576,2551808,0,0,0,12955234304,0,0.28
2026-08-30T07:48:02.700Z,13630.118,841748480,849518592,0,839279616,834301952,4931584,834301952,2551808,0,0,0,12951085056,0,0.32
2026-08-30T07:48:12.689Z,13640.107,841723904,849518592,0,839255040,834277376,4931584,834277376,2551808,0,0,0,12952834048,0,0.35
2026-08-30T07:48:22.688Z,13650.106,841703424,849518592,0,839242752,834265088,4931584,834265088,2551808,0,0,0,12953059328,0,0.3
2026-08-30T07:48:32.696Z,13660.114,841719808,849518592,0,839259136,834281472,4931584,834281472,2551808,0,0,0,12955156480,0,0.25
2026-08-30T07:48:42.688Z,13670.106,841826304,849518592,0,839357440,834379776,4931584,834379776,2551808,0,0,0,12953575424,0,0.21
2026-08-30T07:48:52.696Z,13680.114,841826304,849518592,0,839365632,834387968,4931584,834387968,2551808,0,0,0,12954345472,0,0.18
2026-08-30T07:49:02.689Z,13690.107,841814016,849518592,0,839345152,834367488,4931584,834367488,2551808,0,0,0,12953686016,0,0.23
2026-08-30T07:49:12.688Z,13700.106,841957376,849518592,0,839488512,834510848,4931584,834510848,2551808,0,0,0,12953927680,0,0.27
2026-08-30T07:49:22.689Z,13710.107,841953280,849518592,0,839484416,834506752,4931584,834506752,2551808,0,0,0,12951949312,0,0.23
2026-08-30T07:49:32.688Z,13720.106,842072064,849518592,0,839468032,834490368,4931584,834490368,2551808,0,0,0,12951994368,0,0.19
2026-08-30T07:49:42.695Z,13730.113,841981952,849518592,0,839521280,834543616,4931584,834543616,2551808,0,0,0,12951261184,0,0.16
2026-08-30T07:49:52.696Z,13740.114,842067968,849518592,0,839607296,834629632,4931584,834629632,2551808,0,0,0,12955332608,0,0.22
2026-08-30T07:50:02.696Z,13750.114,842072064,849518592,0,839611392,834633728,4931584,834633728,2551808,0,0,0,12954673152,0,0.26
2026-08-30T07:50:12.697Z,13760.115,842059776,849518592,0,839357440,834379776,4931584,834379776,2551808,0,0,0,12955185152,0,0.22
2026-08-30T07:50:22.688Z,13770.106,842076160,849518592,0,839607296,834629632,4931584,834629632,2551808,0,0,0,12954193920,0,0.19
2026-08-30T07:50:32.688Z,13780.106,842031104,849518592,0,839328768,834351104,4931584,834351104,2551808,0,0,0,12954198016,0,0.16
2026-08-30T07:50:42.697Z,13790.115,841998336,849518592,0,839537664,834560000,4931584,834560000,2551808,0,0,0,12953526272,0,0.13
2026-08-30T07:50:52.691Z,13800.109,842059776,849518592,0,839599104,834621440,4931584,834621440,2551808,0,0,0,12953505792,0,0.27
2026-08-30T07:51:02.698Z,13810.116,842084352,849518592,0,839382016,834404352,4931584,834404352,2551808,0,0,0,12953751552,0,0.23
2026-08-30T07:51:12.690Z,13820.108,842096640,849518592,0,839627776,834650112,4931584,834650112,2551808,0,0,0,12953800704,0,0.19
2026-08-30T07:51:22.691Z,13830.109,842018816,849518592,0,839549952,834572288,4931584,834572288,2551808,0,0,0,12944900096,0,0.16
2026-08-30T07:51:32.694Z,13840.112,842022912,849518592,0,839562240,834584576,4931584,834584576,2551808,0,0,0,12952293376,0,0.14
2026-08-30T07:51:42.688Z,13850.106,842153984,849518592,0,839685120,834707456,4931584,834707456,2551808,0,0,0,12954714112,0,0.19
2026-08-30T07:51:52.690Z,13860.108,842088448,849518592,0,839619584,834641920,4931584,834641920,2551808,0,0,0,12956594176,0,0.23
2026-08-30T07:52:02.689Z,13870.107,842051584,849518592,0,839590912,834613248,4931584,834613248,2551808,0,0,0,12955615232,0,0.2
2026-08-30T07:52:12.689Z,13880.107,842031104,849518592,0,839562240,834584576,4931584,834584576,2551808,0,0,0,12957433856,0,0.25
2026-08-30T07:52:22.687Z,13890.105,842072064,849518592,0,839603200,834625536,4931584,834625536,2551808,0,0,0,12955635712,0,0.21
2026-08-30T07:52:32.688Z,13900.106,842317824,849518592,0,839848960,834871296,4931584,834871296,2551808,0,0,0,12957609984,0,0.25
2026-08-30T07:52:42.699Z,13910.116,842203136,849518592,0,839742464,834764800,4931584,834764800,2551808,0,0,0,12954750976,0,0.28
2026-08-30T07:52:52.698Z,13920.116,842313728,849518592,0,839812096,834834432,4931584,834834432,2551808,0,0,0,12955635712,0,0.24
2026-08-30T07:53:02.689Z,13930.107,842272768,849518592,0,839803904,834826240,4931584,834826240,2551808,0,0,0,12956803072,0,0.2
2026-08-30T07:53:12.697Z,13940.115,842219520,849518592,0,839758848,834781184,4931584,834781184,2551808,0,0,0,12954374144,0,0.25
2026-08-30T07:53:22.688Z,13950.106,842256384,849518592,0,839795712,834818048,4931584,834818048,2551808,0,0,0,12956766208,0,0.21
2026-08-30T07:53:32.689Z,13960.107,842186752,849518592,0,839726080,834748416,4931584,834748416,2551808,0,0,0,12957265920,0,0.18
2026-08-30T07:53:42.694Z,13970.112,842211328,849518592,0,839742464,834764800,4931584,834764800,2551808,0,0,0,12953714688,0,0.15
2026-08-30T07:53:52.697Z,13980.115,842223616,849518592,0,839521280,834543616,4931584,834543616,2551808,0,0,0,12953554944,0,0.13
2026-08-30T07:54:02.693Z,13990.111,842305536,849518592,0,839607296,834629632,4931584,834629632,2551808,0,0,0,12951756800,0,0.11
2026-08-30T07:54:12.688Z,14000.106,842838016,849518592,0,840365056,835387392,4931584,835387392,2551808,0,0,0,12954542080,0,0.16
2026-08-30T07:54:22.697Z,14010.115,842563584,849518592,0,839853056,834875392,4931584,834875392,2551808,0,0,0,12953370624,0,0.14
2026-08-30T07:54:32.689Z,14020.107,842678272,849518592,0,839955456,834977792,4931584,834977792,2551808,0,0,0,12956164096,0,0.12
2026-08-30T07:54:42.689Z,14030.107,842698752,849518592,0,840205312,835227648,4931584,835227648,2551808,0,0,0,12954009600,0,0.1
2026-08-30T07:54:52.689Z,14040.107,842661888,849518592,0,839951360,834973696,4931584,834973696,2551808,0,0,0,12955934720,0,0.08
2026-08-30T07:55:02.690Z,14050.108,842694656,849518592,0,840201216,835223552,4931584,835223552,2551808,0,0,0,12952940544,0,0.07
2026-08-30T07:55:12.691Z,14060.109,842690560,849518592,0,839988224,835010560,4931584,835010560,2551808,0,0,0,12953927680,0,0.06
2026-08-30T07:55:22.689Z,14070.107,842813440,849518592,0,840352768,835375104,4931584,835375104,2551808,0,0,0,12953313280,0,0.05
2026-08-30T07:55:32.698Z,14080.116,842768384,849518592,0,840356864,835379200,4931584,835379200,2551808,0,0,0,12953452544,0,0.04
2026-08-30T07:55:42.697Z,14090.115,842969088,849518592,0,840500224,835522560,4931584,835522560,2551808,0,0,0,12954173440,0,0.03
2026-08-30T07:55:52.690Z,14100.108,842956800,849518592,0,840254464,835276800,4931584,835276800,2551808,0,0,0,12953645056,0,0.03
2026-08-30T07:56:02.694Z,14110.112,843079680,849518592,0,840619008,835641344,4931584,835641344,2551808,0,0,0,12953239552,0,0.18
2026-08-30T07:56:12.697Z,14120.115,843079680,849518592,0,840619008,835641344,4931584,835641344,2551808,0,0,0,12953001984,0,0.15
2026-08-30T07:56:22.697Z,14130.115,843079680,849518592,0,840610816,835633152,4931584,835633152,2551808,0,0,0,12953640960,0,0.13
2026-08-30T07:56:32.689Z,14140.107,843436032,849518592,0,840733696,835756032,4931584,835756032,2551808,0,0,0,12954730496,0,0.11
2026-08-30T07:56:42.689Z,14150.107,843042816,849518592,0,840340480,835362816,4931584,835362816,2551808,0,0,0,12955426816,0,0.09
2026-08-30T07:56:52.689Z,14160.107,843075584,849518592,0,840606720,835629056,4931584,835629056,2551808,0,0,0,12955545600,0,0.08
2026-08-30T07:57:02.688Z,14170.106,843067392,849518592,0,840565760,835588096,4931584,835588096,2551808,0,0,0,12936204288,0,0.06
2026-08-30T07:57:12.690Z,14180.108,843038720,849518592,0,840569856,835592192,4931584,835592192,2551808,0,0,0,12957319168,0,0.05
2026-08-30T07:57:22.690Z,14190.108,843071488,849518592,0,840610816,835633152,4931584,835633152,2551808,0,0,0,12959748096,0,0.04
2026-08-30T07:57:32.691Z,14200.109,843108352,849518592,0,840406016,835428352,4931584,835428352,2551808,0,0,0,12962750464,0,0.12
2026-08-30T07:57:42.692Z,14210.11,843202560,849518592,0,840553472,835575808,4931584,835575808,2551808,0,0,0,12962144256,0,0.1
2026-08-30T07:57:52.691Z,14220.109,843251712,849518592,0,840791040,835813376,4931584,835813376,2551808,0,0,0,12963024896,0,0.08
2026-08-30T07:58:02.699Z,14230.117,843268096,849518592,0,840799232,835821568,4931584,835821568,2551808,0,0,0,12962578432,0,0.07
2026-08-30T07:58:12.699Z,14240.117,843288576,849518592,0,840586240,835608576,4931584,835608576,2551808,0,0,0,12964507648,0,0.06
2026-08-30T07:58:22.692Z,14250.11,843046912,849518592,0,840586240,835608576,4931584,835608576,2551808,0,0,0,12964388864,0,0.05
2026-08-30T07:58:32.697Z,14260.115,843468800,849518592,0,840766464,835788800,4931584,835788800,2551808,0,0,0,12964581376,0,0.04
2026-08-30T07:58:42.692Z,14270.11,843522048,849518592,0,841053184,836075520,4931584,836075520,2551808,0,0,0,12958556160,0,0.04
2026-08-30T07:58:52.695Z,14280.113,843526144,849518592,0,840823808,835846144,4931584,835846144,2551808,0,0,0,12959793152,0,0.03
2026-08-30T07:59:02.693Z,14290.111,843493376,849518592,0,841032704,836055040,4931584,836055040,2551808,0,0,0,12958482432,0,0.1
2026-08-30T07:59:12.697Z,14300.115,843526144,849518592,0,841032704,836055040,4931584,836055040,2551808,0,0,0,12960190464,0,0.24
2026-08-30T07:59:22.693Z,14310.111,843513856,849518592,0,841020416,836042752,4931584,836042752,2551808,0,0,0,12959354880,0,0.21
2026-08-30T07:59:32.692Z,14320.11,843661312,849518592,0,840958976,835981312,4931584,835981312,2551808,0,0,0,12959399936,0,0.17
2026-08-30T07:59:42.700Z,14330.118,843505664,849518592,0,841044992,836067328,4931584,836067328,2551808,0,0,0,12957769728,0,0.15
2026-08-30T07:59:52.693Z,14340.111,843517952,849518592,0,841049088,836071424,4931584,836071424,2551808,0,0,0,12958027776,0,0.12
2026-08-30T08:00:02.691Z,14350.109,843546624,849518592,0,840836096,835858432,4931584,835858432,2551808,0,0,0,12956188672,0,0.1
2026-08-30T08:00:12.689Z,14360.107,843620352,849518592,0,841118720,836141056,4931584,836141056,2551808,0,0,0,12959309824,0,0.09
2026-08-30T08:00:22.699Z,14370.117,843653120,849518592,0,841192448,836214784,4931584,836214784,2551808,0,0,0,12959088640,0,0.07
2026-08-30T08:00:32.692Z,14380.11,843759616,849518592,0,841290752,836313088,4931584,836313088,2551808,0,0,0,12958441472,0,0.06
2026-08-30T08:00:42.691Z,14390.109,844005376,849518592,0,841544704,836567040,4931584,836567040,2551808,0,0,0,12959240192,0,0.05
2026-08-30T08:00:52.609Z,14400.027,843485184,849518592,0,841016320,836038656,4931584,836038656,2551808,0,0,0,12957724672,0,0.12
