[1m
portless
[22m
[2m-- Proxy is running[22m
[2m-- phase5-fireside.twodartnet.twodart.localhost (auto-resolves to 127.0.0.1)[22m
[2m-- Name "twodartnet.twodart" (from --name flag)[22m
[2m-- Prefix "phase5-fireside" (from git branch)[22m
-- Using port 23116 (fixed)
[1m
  -> https://phase5-fireside.twodartnet.twodart.localhost
[22m
[2mRunning: PORT=23116 HOST=127.0.0.1 PORTLESS_URL=https://phase5-fireside.twodartnet.twodart.localhost NODE_EXTRA_CA_CERTS="/home/sanjevi/.portless/ca.pem" bash -c set -a; [ -f engines/twodartnet/.env ] && . engines/twodartnet/.env; export ASPNETCORE_ENVIRONMENT=Development FONTCONFIG_PATH=/opt/homebrew/etc/fonts/; set +a; cd engines/twodartnet && exec dotnet watch --no-hot-reload --non-interactive run --project TwodartNet/TwodartNet.csproj --urls http://127.0.0.1:$PORT
[22m
[?1h=[?1h=[?1h=[?1h=[?1h=[?1h=[?1h=Using launch settings from TwodartNet/Properties/launchSettings.json...
Building...
[?25l[1F
[?25h[?25l[1F
[?25h[?25l[1F
[?25h[?25l[1F
[?25h[?25l[1F
[?25h[?25l[1F
[?25h[?25l[1F
[?25h[?25l[1F
[?25h[?25l[1F
[?25h[?25l[1F
csproj
[?25h[?25l[2F
[120G[6D(0.1s)
[?25h[?25l[2F
[120G[6D(0.1s)
[?25h[?25l[2F
[120G[6D(0.2s)
[?25h[?25l[2F
[120G[6D(0.2s)
[?25h[?25l[2F
[120G[6D(0.2s)
[?25h[?25l[2F
[120G[6D(0.3s)
[?25h[?25l[2F
[120G[6D(0.3s)
[?25h[?25l[2F
[120G[6D(0.3s)
[?25h[?25l[2F
[120G[6D(0.3s)
[?25h[?25l[2F
[120G[6D(0.4s)
[?25h[?25l[2F
[120G[6D(0.4s)
[?25h[?25l[2F
[120G[6D(0.4s)
[?25h[?25l[2F
[120G[6D(0.5s)
[?25h[?25l[2F
[120G[6D(0.5s)
[?25h[?25l[2F
[120G[6D(0.5s)
[?25h[?25l[2F
[120G[6D(0.6s)
[?25h[?25l[2F
[120G[6D(0.6s)
[?25h[?25l[2F
[120G[6D(0.7s)
[?25h[?25l[2F
[120G[6D(0.7s)
[?25h[2F
[J[?25l[1F
  csproj [36;1mnet10.0[m [120G[7D (0.7s)
[?25h[?25l[2F
[120G[6D(0.8s)
[?25h[?25l[2F
[120G[6D(0.8s)
[?25h[?25l[2F
[120G[6D(0.8s)
[?25h[?25l[2F
[120G[6D(0.9s)
[?25h[?25l[2F
[120G[6D(0.9s)
[?25h[?25l[2F
[120G[6D(0.9s)
[?25h[?25l[2F
[120G[6D(1.0s)
[?25h[?25l[2F
[120G[6D(1.0s)
[?25h[?25l[2F
[120G[6D(1.0s)
[?25h[?25l[2F
[120G[6D(1.1s)
[?25h[?25l[2F
[120G[6D(1.1s)
[?25h[?25l[2F
[120G[6D(1.1s)
[?25h[?25l[2F
[120G[6D(1.2s)
[?25h[?25l[2F
[120G[6D(1.2s)
[?25h[?25l[2F
[120G[6D(1.2s)
[?25h[?25l[2F
[120G[6D(1.3s)
[?25h[?25l[2F
[120G[6D(1.3s)
[?25h[?25l[2F
[120G[6D(1.3s)
[?25h[?25l[2F
[120G[6D(1.4s)
[?25h[?25l[2F
[120G[6D(1.4s)
[?25h[?25l[2F
[120G[6D(1.4s)
[?25h[?25l[2F
[120G[6D(1.5s)
[?25h[?25l[2F
[120G[6D(1.5s)
[?25h[?25l[2F
[120G[6D(1.5s)
[?25h[?25l[2F
[120G[6D(1.6s)
[?25h[?25l[2F
[120G[6D(1.6s)
[?25h[?25l[2F
[120G[6D(1.6s)
[?25h[?25l[2F
[120G[6D(1.7s)
[?25h[?25l[2F
[120G[6D(1.7s)
[?25h[?25l[2F
[120G[6D(1.7s)
[?25h[?25l[2F
[120G[6D(1.8s)
[?25h[?25l[2F
[120G[6D(1.8s)
[?25h[?25l[2F
[120G[6D(1.8s)
[?25h[?25l[2F
[120G[6D(1.9s)
[?25h[?25l[2F
[120G[6D(1.9s)
[?25h[?25l[2F
[120G[6D(1.9s)
[?25h[?25l[2F
[120G[6D(2.0s)
[?25h[?25l[2F
[120G[6D(2.0s)
[?25h[?25l[2F
[120G[6D(2.0s)
[?25h[?25l[2F
[120G[6D(2.1s)
[?25h[?25l[2F
[120G[6D(2.1s)
[?25h[?25l[2F
[120G[6D(2.1s)
[?25h[?25l[2F
[120G[6D(2.2s)
[?25h[?25l[2F
[120G[6D(2.2s)
[?25h[?25l[2F
[120G[6D(2.2s)
[?25h[?25l[2F
[120G[6D(2.3s)
[?25h[?25l[2F
[120G[6D(2.3s)
[?25h[?25l[2F
[120G[6D(2.3s)
[?25h[?25l[2F
[120G[6D(2.4s)
[?25h[?25l[2F
[120G[6D(2.4s)
[?25h[?25l[2F
[120G[6D(2.4s)
[?25h[?25l[2F
[120G[6D(2.5s)
[?25h[?25l[2F
[120G[6D(2.5s)
[?25h[?25l[2F
[120G[6D(2.5s)
[?25h[?25l[2F
[120G[6D(2.6s)
[?25h[?25l[2F
[120G[6D(2.6s)
[?25h[?25l[2F
[120G[6D(2.6s)
[?25h[?25l[2F
[120G[6D(2.7s)
[?25h[?25l[2F
[120G[6D(2.7s)
[?25h[?25l[2F
[120G[6D(2.7s)
[?25h[?25l[2F
[120G[6D(2.8s)
[?25h[?25l[2F
[120G[6D(2.8s)
[?25h[?25l[2F
[120G[6D(2.8s)
[?25h[?25l[2F
[120G[6D(2.9s)
[?25h[?25l[2F
[120G[6D(2.9s)
[?25h[?25l[2F
[120G[6D(2.9s)
[?25h[?25l[2F
[120G[6D(3.0s)
[?25h[?25l[2F
[120G[6D(3.0s)
[?25h[?25l[2F
[120G[6D(3.0s)
[?25h[?25l[2F
[120G[6D(3.1s)
[?25h[?25l[2F
[120G[6D(3.1s)
[?25h[?25l[2F
[120G[6D(3.1s)
[?25h[?25l[2F
[120G[6D(3.2s)
[?25h[?25l[2F
[120G[6D(3.2s)
[?25h[?25l[2F
[120G[6D(3.2s)
[?25h[?25l[2F
[120G[6D(3.3s)
[?25h[?25l[2F
[120G[6D(3.3s)
[?25h[?25l[2F
[120G[6D(3.3s)
[?25h[?25l[2F
[120G[6D(3.4s)
[?25h[?25l[2F
[120G[6D(3.4s)
[?25h[?25l[2F
[120G[6D(3.4s)
[?25h[?25l[2F
[120G[6D(3.5s)
[?25h[?25l[2F
[120G[6D(3.5s)
[?25h[?25l[2F
[120G[6D(3.5s)
[?25h[?25l[2F
[120G[6D(3.6s)
[?25h[?25l[2F
[120G[6D(3.6s)
[?25h[?25l[2F
[120G[6D(3.6s)
[?25h[?25l[2F
[120G[6D(3.7s)
[?25h[?25l[2F
[120G[6D(3.7s)
[?25h[2F
[J/srv/dev-fast/runtime-data/fireside-templates-hetzner-20260905/stack-fireside/engines/twodartnet/Clippit/Comparer/[1mWmlComparer.Private.Methods.Util.cs[m(17,13): [33;1mwarning[m [33;1mOOXML0001[m: 'IPackagePart' is obsolete: 'This is an experimental APIs and is subject to change' (https://aka.ms/openxmlsdk-diagnostics#OOXML0001)
/srv/dev-fast/runtime-data/fireside-templates-hetzner-20260905/stack-fireside/engines/twodartnet/Clippit/Comparer/[1mWmlComparer.Private.Methods.Util.cs[m(18,13): [33;1mwarning[m [33;1mOOXML0001[m: 'IPackagePart' is obsolete: 'This is an experimental APIs and is subject to change' (https://aka.ms/openxmlsdk-diagnostics#OOXML0001)
[?25l[1F
  csproj [36;1mnet10.0[m [120G[7D (3.7s)
[?25h[?25l[2F
[120G[6D(3.8s)
[?25h[?25l[2F
[120G[6D(3.8s)
[?25h[?25l[2F
[120G[6D(3.8s)
[?25h[?25l[2F
[120G[6D(3.9s)
[?25h[?25l[2F
[120G[6D(3.9s)
[?25h[?25l[2F
[120G[6D(3.9s)
[?25h[?25l[2F
[120G[6D(4.0s)
[?25h[?25l[2F
[120G[6D(4.0s)
[?25h[?25l[2F
[120G[6D(4.0s)
[?25h[?25l[2F
[120G[6D(4.1s)
[?25h[?25l[2F
[120G[6D(4.1s)
[?25h[?25l[2F
[120G[6D(4.1s)
[?25h[?25l[2F
[120G[6D(4.2s)
[?25h[?25l[2F
[120G[6D(4.2s)
[?25h[?25l[2F
[120G[6D(4.2s)
[?25h[?25l[2F
[120G[6D(4.3s)
[?25h[?25l[2F
[120G[6D(4.3s)
[?25h[?25l[2F
[120G[6D(4.3s)
[?25h[?25l[2F
[120G[6D(4.4s)
[?25h[?25l[2F
[120G[6D(4.4s)
[?25h[?25l[2F
[120G[6D(4.4s)
[?25h[?25l[2F
[120G[6D(4.5s)
[?25h[?25l[2F
[120G[6D(4.5s)
[?25h[?25l[2F
[120G[6D(4.5s)
[?25h[?25l[2F
[120G[6D(4.6s)
[?25h[?25l[2F
[120G[6D(4.6s)
[?25h[?25l[2F
[120G[6D(4.6s)
[?25h[?25l[2F
[120G[6D(4.7s)
[?25h[?25l[2F
[120G[6D(4.7s)
[?25h[?25l[2F
[120G[6D(4.7s)
[?25h[?25l[2F
[120G[6D(4.8s)
[?25h[?25l[2F
[120G[6D(4.8s)
[?25h[?25l[2F
[120G[6D(4.8s)
[?25h[?25l[2F
[120G[6D(4.9s)
[?25h[?25l[2F
[120G[6D(4.9s)
[?25h[?25l[2F
[120G[6D(4.9s)
[?25h[?25l[2F
[120G[6D(5.0s)
[?25h[?25l[2F
[120G[6D(5.0s)
[?25h[?25l[2F
[120G[6D(5.0s)
[?25h[?25l[2F
[120G[6D(5.1s)
[?25h[?25l[2F
[120G[6D(5.1s)
[?25h[?25l[2F
[120G[6D(5.1s)
[?25h[?25l[2F
[120G[6D(5.2s)
[?25h[?25l[2F
[120G[6D(5.2s)
[?25h[?25l[2F
[120G[6D(5.2s)
[?25h[?25l[2F
[120G[6D(5.3s)
[?25h[?25l[2F
[120G[6D(5.3s)
[?25h[?25l[2F
[120G[6D(5.3s)
[?25h[?25l[2F
[120G[6D(5.4s)
[?25h[?25l[2F
[120G[6D(5.4s)
[?25h[?25l[2F
[120G[6D(5.5s)
[?25h[?25l[2F
[120G[6D(5.5s)
[?25h[?25l[2F
[120G[6D(5.5s)
[?25h[?25l[2F
[120G[6D(5.6s)
[?25h[?25l[2F
[120G[6D(5.6s)
[?25h[?25l[2F
[120G[6D(5.6s)
[?25h[?25l[2F
[120G[6D(5.7s)
[?25h[?25l[2F
[120G[6D(5.7s)
[?25h[?25l[2F
[120G[6D(5.7s)
[?25h[?25l[2F
[120G[6D(5.8s)
[?25h[?25l[2F
[120G[6D(5.8s)
[?25h[?25l[2F
[120G[6D(5.8s)
[?25h[?25l[2F
[120G[6D(5.9s)
[?25h[?25l[2F
[120G[6D(5.9s)
[?25h[?25l[2F
[120G[6D(5.9s)
[?25h[?25l[2F
[120G[6D(6.0s)
[?25h[?25l[2F
[120G[6D(6.0s)
[?25h[?25l[2F
[120G[6D(6.0s)
[?25h[?25l[2F
[120G[6D(6.1s)
[?25h[?25l[2F
[120G[6D(6.1s)
[?25h[?25l[2F
[120G[6D(6.1s)
[?25h[?25l[2F
[120G[6D(6.2s)
[?25h[?25l[2F
[120G[6D(6.2s)
[?25h[?25l[2F
[120G[6D(6.2s)
[?25h[?25l[2F
[120G[6D(6.3s)
[?25h[?25l[2F
[120G[6D(6.3s)
[?25h[?25l[2F
[120G[6D(6.3s)
[?25h[?25l[2F
[120G[6D(6.4s)
[?25h[?25l[2F
[120G[6D(6.4s)
[?25h[?25l[2F
[120G[6D(6.4s)
[?25h[?25l[2F
[120G[6D(6.5s)
[?25h[?25l[2F
[120G[6D(6.5s)
[?25h[?25l[2F
[120G[6D(6.5s)
[?25h[?25l[2F
[120G[6D(6.6s)
[?25h[2F
[J/srv/dev-fast/runtime-data/fireside-templates-hetzner-20260905/stack-fireside/engines/twodartnet/TwodartNet/Helpers/[1mPresentationHelper.cs[m(20,7): [33;1mwarning[m [33;1mCS0105[m: The using directive for 'DocumentFormat.OpenXml.Packaging' appeared previously in this namespace
/srv/dev-fast/runtime-data/fireside-templates-hetzner-20260905/stack-fireside/engines/twodartnet/TwodartNet/Helpers/[1mPresentationHelper.cs[m(21,7): [33;1mwarning[m [33;1mCS0105[m: The using directive for 'DocumentFormat.OpenXml.Presentation' appeared previously in this namespace
/srv/dev-fast/runtime-data/fireside-templates-hetzner-20260905/stack-fireside/engines/twodartnet/TwodartNet/Helpers/PresentationAsposeHelper/Processors/[1mPictureFrameProcessor.cs[m(19,217): [33;1mwarning[m [33;1mCS8625[m: Cannot convert null literal to non-nullable reference type.
/srv/dev-fast/runtime-data/fireside-templates-hetzner-20260905/stack-fireside/engines/twodartnet/TwodartNet/Helpers/PresentationAsposeHelper/Processors/[1mPictureStaticProcessor.cs[m(11,191): [33;1mwarning[m [33;1mCS8625[m: Cannot convert null literal to non-nullable reference type.
/srv/dev-fast/runtime-data/fireside-templates-hetzner-20260905/stack-fireside/engines/twodartnet/TwodartNet/Helpers/PresentationAsposeHelper/Processors/[1mPictureStaticProcessor.cs[m(244,169): [33;1mwarning[m [33;1mCS8625[m: Cannot convert null literal to non-nullable reference type.
/srv/dev-fast/runtime-data/fireside-templates-hetzner-20260905/stack-fireside/engines/twodartnet/TwodartNet/Helpers/PresentationAsposeHelper/Processors/[1mSVGFrameProcessor.cs[m(19,195): [33;1mwarning[m [33;1mCS8625[m: Cannot convert null literal to non-nullable reference type.
/srv/dev-fast/runtime-data/fireside-templates-hetzner-20260905/stack-fireside/engines/twodartnet/TwodartNet/Helpers/[1mPresentationConstructionHelper.cs[m(21,114): [33;1mwarning[m [33;1mCS8625[m: Cannot convert null literal to non-nullable reference type.
/srv/dev-fast/runtime-data/fireside-templates-hetzner-20260905/stack-fireside/engines/twodartnet/TwodartNet/Services/AnalyzeChartTypes/[1mAnalyzeChartTypesService.cs[m(16,22): [33;1mwarning[m [33;1mCS0618[m: 'IHostingEnvironment' is obsolete: 'This type is obsolete and will be removed in a future version. The recommended alternative is Microsoft.AspNetCore.Hosting.IWebHostEnvironment.'
/srv/dev-fast/runtime-data/fireside-templates-hetzner-20260905/stack-fireside/engines/twodartnet/TwodartNet/Services/AnalyzeChartTypes/[1mAnalyzeChartTypesService.cs[m(19,9): [33;1mwarning[m [33;1mCS0618[m: 'IHostingEnvironment' is obsolete: 'This type is obsolete and will be removed in a future version. The recommended alternative is Microsoft.AspNetCore.Hosting.IWebHostEnvironment.'
/srv/dev-fast/runtime-data/fireside-templates-hetzner-20260905/stack-fireside/engines/twodartnet/TwodartNet/Helpers/PresentationAsposeHelper/Processors/[1mTableProcessor.cs[m(30,183): [33;1mwarning[m [33;1mCS8625[m: Cannot convert null literal to non-nullable reference type.
/srv/dev-fast/runtime-data/fireside-templates-hetzner-20260905/stack-fireside/engines/twodartnet/TwodartNet/Helpers/PresentationAsposeHelper/Processors/[1mTableProcessor.cs[m(1250,109): [33;1mwarning[m [33;1mCS8625[m: Cannot convert null literal to non-nullable reference type.
/srv/dev-fast/runtime-data/fireside-templates-hetzner-20260905/stack-fireside/engines/twodartnet/TwodartNet/Helpers/[1mUserHelper.cs[m(27,62): [33;1mwarning[m [33;1mCS0618[m: 'IHostingEnvironment' is obsolete: 'This type is obsolete and will be removed in a future version. The recommended alternative is Microsoft.AspNetCore.Hosting.IWebHostEnvironment.'
/srv/dev-fast/runtime-data/fireside-templates-hetzner-20260905/stack-fireside/engines/twodartnet/TwodartNet/Helpers/[1mUserHelper.cs[m(61,56): [33;1mwarning[m [33;1mCS0618[m: 'IHostingEnvironment' is obsolete: 'This type is obsolete and will be removed in a future version. The recommended alternative is Microsoft.AspNetCore.Hosting.IWebHostEnvironment.'
/srv/dev-fast/runtime-data/fireside-templates-hetzner-20260905/stack-fireside/engines/twodartnet/TwodartNet/Helpers/[1mUserHelper.cs[m(83,64): [33;1mwarning[m [33;1mCS0618[m: 'IHostingEnvironment' is obsolete: 'This type is obsolete and will be removed in a future version. The recommended alternative is Microsoft.AspNetCore.Hosting.IWebHostEnvironment.'
/srv/dev-fast/runtime-data/fireside-templates-hetzner-20260905/stack-fireside/engines/twodartnet/TwodartNet/Helpers/PresentationAsposeHelper/Processors/[1mChartProcessor.cs[m(92,90): [33;1mwarning[m [33;1mCS8625[m: Cannot convert null literal to non-nullable reference type.
/srv/dev-fast/runtime-data/fireside-templates-hetzner-20260905/stack-fireside/engines/twodartnet/TwodartNet/Helpers/PresentationAsposeHelper/Processors/[1mChartProcessor.cs[m(870,130): [33;1mwarning[m [33;1mCS8625[m: Cannot convert null literal to non-nullable reference type.
/srv/dev-fast/runtime-data/fireside-templates-hetzner-20260905/stack-fireside/engines/twodartnet/TwodartNet/Helpers/[1mUserHelper.cs[m(193,9): [33;1mwarning[m [33;1mCS0618[m: 'IHostingEnvironment' is obsolete: 'This type is obsolete and will be removed in a future version. The recommended alternative is Microsoft.AspNetCore.Hosting.IWebHostEnvironment.'
/srv/dev-fast/runtime-data/fireside-templates-hetzner-20260905/stack-fireside/engines/twodartnet/TwodartNet/Helpers/[1mUserHelper.cs[m(291,76): [33;1mwarning[m [33;1mCS0618[m: 'IHostingEnvironment' is obsolete: 'This type is obsolete and will be removed in a future version. The recommended alternative is Microsoft.AspNetCore.Hosting.IWebHostEnvironment.'
/srv/dev-fast/runtime-data/fireside-templates-hetzner-20260905/stack-fireside/engines/twodartnet/TwodartNet/Helpers/PresentationAsposeHelper/[1mPresentationAsposeHelper.cs[m(253,114): [33;1mwarning[m [33;1mCS8625[m: Cannot convert null literal to non-nullable reference type.
/srv/dev-fast/runtime-data/fireside-templates-hetzner-20260905/stack-fireside/engines/twodartnet/TwodartNet/Helpers/PresentationAsposeHelper/[1mPresentationAsposeHelper.cs[m(276,183): [33;1mwarning[m [33;1mCS8625[m: Cannot convert null literal to non-nullable reference type.
/srv/dev-fast/runtime-data/fireside-templates-hetzner-20260905/stack-fireside/engines/twodartnet/TwodartNet/Helpers/PresentationAsposeHelper/[1mPresentationAsposeHelper.cs[m(337,175): [33;1mwarning[m [33;1mCS8625[m: Cannot convert null literal to non-nullable reference type.
/srv/dev-fast/runtime-data/fireside-templates-hetzner-20260905/stack-fireside/engines/twodartnet/TwodartNet/Helpers/PresentationAsposeHelper/[1mPresentationAsposeHelper.cs[m(1242,131): [33;1mwarning[m [33;1mCS8625[m: Cannot convert null literal to non-nullable reference type.
/srv/dev-fast/runtime-data/fireside-templates-hetzner-20260905/stack-fireside/engines/twodartnet/TwodartNet/Helpers/PresentationAsposeHelper/[1mPresentationAsposeHelper.cs[m(1567,204): [33;1mwarning[m [33;1mCS8625[m: Cannot convert null literal to non-nullable reference type.
/srv/dev-fast/runtime-data/fireside-templates-hetzner-20260905/stack-fireside/engines/twodartnet/TwodartNet/Helpers/PresentationAsposeHelper/[1mPresentationAsposeHelper.cs[m(2195,77): [33;1mwarning[m [33;1mCS8625[m: Cannot convert null literal to non-nullable reference type.
/srv/dev-fast/runtime-data/fireside-templates-hetzner-20260905/stack-fireside/engines/twodartnet/TwodartNet/Helpers/PresentationAsposeHelper/[1mPresentationAsposeHelper.cs[m(42,51): [33;1mwarning[m [33;1mCS8625[m: Cannot convert null literal to non-nullable reference type.
/srv/dev-fast/runtime-data/fireside-templates-hetzner-20260905/stack-fireside/engines/twodartnet/TwodartNet/Helpers/PresentationAsposeHelper/[1mPresentationAsposeHelper.cs[m(42,74): [33;1mwarning[m [33;1mCS8625[m: Cannot convert null literal to non-nullable reference type.
/srv/dev-fast/runtime-data/fireside-templates-hetzner-20260905/stack-fireside/engines/twodartnet/TwodartNet/Helpers/PresentationAsposeHelper/[1mPresentationAsposeHelper.cs[m(85,52): [33;1mwarning[m [33;1mCS8625[m: Cannot convert null literal to non-nullable reference type.
/srv/dev-fast/runtime-data/fireside-templates-hetzner-20260905/stack-fireside/engines/twodartnet/TwodartNet/Helpers/PresentationAsposeHelper/[1mPresentationAsposeHelper.cs[m(85,75): [33;1mwarning[m [33;1mCS8625[m: Cannot convert null literal to non-nullable reference type.
/srv/dev-fast/runtime-data/fireside-templates-hetzner-20260905/stack-fireside/engines/twodartnet/TwodartNet/Helpers/WebExtensionHelpers/[1mParagraphHelper.cs[m(255,184): [33;1mwarning[m [33;1mCS8625[m: Cannot convert null literal to non-nullable reference type.
/srv/dev-fast/runtime-data/fireside-templates-hetzner-20260905/stack-fireside/engines/twodartnet/TwodartNet/Helpers/WebExtensionHelpers/[1mPortionHelper.cs[m(144,145): [33;1mwarning[m [33;1mCS8625[m: Cannot convert null literal to non-nullable reference type.
/srv/dev-fast/runtime-data/fireside-templates-hetzner-20260905/stack-fireside/engines/twodartnet/TwodartNet/Helpers/WebExtensionHelpers/[1mPortionHelper.cs[m(144,197): [33;1mwarning[m [33;1mCS8625[m: Cannot convert null literal to non-nullable reference type.
/srv/dev-fast/runtime-data/fireside-templates-hetzner-20260905/stack-fireside/engines/twodartnet/TwodartNet/Helpers/WebExtensionHelpers/helpers/[1mTextHelper.cs[m(600,201): [33;1mwarning[m [33;1mCS8625[m: Cannot convert null literal to non-nullable reference type.
/srv/dev-fast/runtime-data/fireside-templates-hetzner-20260905/stack-fireside/engines/twodartnet/TwodartNet/Helpers/WebExtensionHelpers/helpers/[1mTextHelper.cs[m(600,253): [33;1mwarning[m [33;1mCS8625[m: Cannot convert null literal to non-nullable reference type.
/srv/dev-fast/runtime-data/fireside-templates-hetzner-20260905/stack-fireside/engines/twodartnet/TwodartNet/Helpers/PresentationAsposeHelper/Processors/[1mAutoShapeProcessor.cs[m(20,253): [33;1mwarning[m [33;1mCS8625[m: Cannot convert null literal to non-nullable reference type.
/srv/dev-fast/runtime-data/fireside-templates-hetzner-20260905/stack-fireside/engines/twodartnet/TwodartNet/Helpers/PresentationAsposeHelper/Processors/[1mAutoShapeProcessor.cs[m(271,153): [33;1mwarning[m [33;1mCS8625[m: Cannot convert null literal to non-nullable reference type.
/srv/dev-fast/runtime-data/fireside-templates-hetzner-20260905/stack-fireside/engines/twodartnet/TwodartNet/Helpers/PresentationAsposeHelper/Processors/[1mAutoShapeProcessor.cs[m(469,192): [33;1mwarning[m [33;1mCS8625[m: Cannot convert null literal to non-nullable reference type.
/srv/dev-fast/runtime-data/fireside-templates-hetzner-20260905/stack-fireside/engines/twodartnet/TwodartNet/Services/DownloadSlides/[1mDownloadSlidesService.cs[m(18,22): [33;1mwarning[m [33;1mCS0618[m: 'IHostingEnvironment' is obsolete: 'This type is obsolete and will be removed in a future version. The recommended alternative is Microsoft.AspNetCore.Hosting.IWebHostEnvironment.'
/srv/dev-fast/runtime-data/fireside-templates-hetzner-20260905/stack-fireside/engines/twodartnet/TwodartNet/Services/DownloadSlides/[1mDownloadSlidesService.cs[m(22,9): [33;1mwarning[m [33;1mCS0618[m: 'IHostingEnvironment' is obsolete: 'This type is obsolete and will be removed in a future version. The recommended alternative is Microsoft.AspNetCore.Hosting.IWebHostEnvironment.'
/srv/dev-fast/runtime-data/fireside-templates-hetzner-20260905/stack-fireside/engines/twodartnet/TwodartNet/Services/GenerateCategorySlideImages/[1mGenerateCategorySlideImagesService.cs[m(34,22): [33;1mwarning[m [33;1mCS0618[m: 'IHostingEnvironment' is obsolete: 'This type is obsolete and will be removed in a future version. The recommended alternative is Microsoft.AspNetCore.Hosting.IWebHostEnvironment.'
/srv/dev-fast/runtime-data/fireside-templates-hetzner-20260905/stack-fireside/engines/twodartnet/TwodartNet/Services/GenerateCategorySlideImages/[1mGenerateCategorySlideImagesService.cs[m(41,9): [33;1mwarning[m [33;1mCS0618[m: 'IHostingEnvironment' is obsolete: 'This type is obsolete and will be removed in a future version. The recommended alternative is Microsoft.AspNetCore.Hosting.IWebHostEnvironment.'
/srv/dev-fast/runtime-data/fireside-templates-hetzner-20260905/stack-fireside/engines/twodartnet/TwodartNet/Services/ExportPresentation/[1mExportPresentationService.cs[m(20,22): [33;1mwarning[m [33;1mCS0618[m: 'IHostingEnvironment' is obsolete: 'This type is obsolete and will be removed in a future version. The recommended alternative is Microsoft.AspNetCore.Hosting.IWebHostEnvironment.'
/srv/dev-fast/runtime-data/fireside-templates-hetzner-20260905/stack-fireside/engines/twodartnet/TwodartNet/Services/ExportPresentation/[1mExportPresentationService.cs[m(27,9): [33;1mwarning[m [33;1mCS0618[m: 'IHostingEnvironment' is obsolete: 'This type is obsolete and will be removed in a future version. The recommended alternative is Microsoft.AspNetCore.Hosting.IWebHostEnvironment.'
/srv/dev-fast/runtime-data/fireside-templates-hetzner-20260905/stack-fireside/engines/twodartnet/TwodartNet/Controllers/Admin/Editor/[1mDeleteFontController.cs[m(8,19): [33;1mwarning[m [33;1mCS8618[m: Non-nullable property 'fontId' must contain a non-null value when exiting constructor. Consider adding the 'required' modifier or declaring the property as nullable.
/srv/dev-fast/runtime-data/fireside-templates-hetzner-20260905/stack-fireside/engines/twodartnet/TwodartNet/Controllers/Admin/Editor/[1mDeleteFontController.cs[m(34,35): [33;1mwarning[m [33;1mCS8600[m: Converting null literal or possible null value to non-nullable type.
/srv/dev-fast/runtime-data/fireside-templates-hetzner-20260905/stack-fireside/engines/twodartnet/TwodartNet/Helpers/WebExtensionHelpers/[1mPortionHelper.cs[m(147,35): [33;1mwarning[m [33;1mCS8604[m: Possible null reference argument for parameter 'portion' in 'void TextHelper.ApplyTextStyle(Portion portion, Presentation presentation, string cssPropertiesString, IColorScheme colorScheme, FontChange? fontChange = null, IParagraph parentParagraph = null, ILogger logger = null)'.
/srv/dev-fast/runtime-data/fireside-templates-hetzner-20260905/stack-fireside/engines/twodartnet/TwodartNet/Helpers/WebExtensionHelpers/[1mPortionHelper.cs[m(147,55): [33;1mwarning[m [33;1mCS8604[m: Possible null reference argument for parameter 'presentation' in 'void TextHelper.ApplyTextStyle(Portion portion, Presentation presentation, string cssPropertiesString, IColorScheme colorScheme, FontChange? fontChange = null, IParagraph parentParagraph = null, ILogger logger = null)'.
/srv/dev-fast/runtime-data/fireside-templates-hetzner-20260905/stack-fireside/engines/twodartnet/TwodartNet/tools/ChartFixture/[1mChartFixtureRenderer.cs[m(79,26): [33;1mwarning[m [33;1mCS8625[m: Cannot convert null literal to non-nullable reference type.
/srv/dev-fast/runtime-data/fireside-templates-hetzner-20260905/stack-fireside/engines/twodartnet/TwodartNet/tools/ChartFixture/[1mChartFixtureRenderer.cs[m(82,26): [33;1mwarning[m [33;1mCS8625[m: Cannot convert null literal to non-nullable reference type.
/srv/dev-fast/runtime-data/fireside-templates-hetzner-20260905/stack-fireside/engines/twodartnet/TwodartNet/Controllers/Admin/Slides/[1mDeleteSlidesController.cs[m(10,21): [33;1mwarning[m [33;1mCS8618[m: Non-nullable property 'slideIds' must contain a non-null value when exiting constructor. Consider adding the 'required' modifier or declaring the property as nullable.
/srv/dev-fast/runtime-data/fireside-templates-hetzner-20260905/stack-fireside/engines/twodartnet/TwodartNet/Helpers/WebExtensionHelpers/[1mPortionHelper.cs[m(173,33): [33;1mwarning[m [33;1mCS8600[m: Converting null literal or possible null value to non-nullable type.
/srv/dev-fast/runtime-data/fireside-templates-hetzner-20260905/stack-fireside/engines/twodartnet/TwodartNet/Helpers/WebExtensionHelpers/[1mPortionHelper.cs[m(209,20): [33;1mwarning[m [33;1mCS8603[m: Possible null reference return.
/srv/dev-fast/runtime-data/fireside-templates-hetzner-20260905/stack-fireside/engines/twodartnet/TwodartNet/Helpers/WebExtensionHelpers/[1mPortionHelper.cs[m(233,16): [33;1mwarning[m [33;1mCS8603[m: Possible null reference return.
/srv/dev-fast/runtime-data/fireside-templates-hetzner-20260905/stack-fireside/engines/twodartnet/TwodartNet/Helpers/WebExtensionHelpers/[1mPortionHelper.cs[m(25,28): [33;1mwarning[m [33;1mCS8600[m: Converting null literal or possible null value to non-nullable type.
/srv/dev-fast/runtime-data/fireside-templates-hetzner-20260905/stack-fireside/engines/twodartnet/TwodartNet/Helpers/WebExtensionHelpers/[1mPortionHelper.cs[m(29,25): [33;1mwarning[m [33;1mCS8600[m: Converting null literal or possible null value to non-nullable type.
/srv/dev-fast/runtime-data/fireside-templates-hetzner-20260905/stack-fireside/engines/twodartnet/TwodartNet/Helpers/WebExtensionHelpers/[1mPortionHelper.cs[m(41,26): [33;1mwarning[m [33;1mCS8601[m: Possible null reference assignment.
/srv/dev-fast/runtime-data/fireside-templates-hetzner-20260905/stack-fireside/engines/twodartnet/TwodartNet/Helpers/WebExtensionHelpers/[1mPortionHelper.cs[m(21,12): [33;1mwarning[m [33;1mCS8618[m: Non-nullable property 'Hyperlink' must contain a non-null value when exiting constructor. Consider adding the 'required' modifier or declaring the property as nullable.
/srv/dev-fast/runtime-data/fireside-templates-hetzner-20260905/stack-fireside/engines/twodartnet/TwodartNet/Controllers/Admin/Templates/[1mDeleteMasterSlideBaseController.cs[m(13,21): [33;1mwarning[m [33;1mCS8618[m: Non-nullable property 'templateIds' must contain a non-null value when exiting constructor. Consider adding the 'required' modifier or declaring the property as nullable.
/srv/dev-fast/runtime-data/fireside-templates-hetzner-20260905/stack-fireside/engines/twodartnet/TwodartNet/tools/ChartFixture/[1mChartDataExtractor.cs[m(39,52): [33;1mwarning[m [33;1mCS8625[m: Cannot convert null literal to non-nullable reference type.
/srv/dev-fast/runtime-data/fireside-templates-hetzner-20260905/stack-fireside/engines/twodartnet/TwodartNet/tools/ChartFixture/[1mChartDataExtractor.cs[m(40,36): [33;1mwarning[m [33;1mCS8625[m: Cannot convert null literal to non-nullable reference type.
/srv/dev-fast/runtime-data/fireside-templates-hetzner-20260905/stack-fireside/engines/twodartnet/TwodartNet/Middlewares/[1mPerformanceMonitoringMiddleware.cs[m(76,21): [33;1mwarning[m [33;1mCS4014[m: Because this call is not awaited, execution of the current method continues before the call is completed. Consider applying the 'await' operator to the result of the call.
/srv/dev-fast/runtime-data/fireside-templates-hetzner-20260905/stack-fireside/engines/twodartnet/TwodartNet/Models/Domain/[1mThemeColorScheme.cs[m(18,12): [33;1mwarning[m [33;1mCS8618[m: Non-nullable property 'Dark1Color' must contain a non-null value when exiting constructor. Consider adding the 'required' modifier or declaring the property as nullable.
/srv/dev-fast/runtime-data/fireside-templates-hetzner-20260905/stack-fireside/engines/twodartnet/TwodartNet/Models/Domain/[1mThemeColorScheme.cs[m(18,12): [33;1mwarning[m [33;1mCS8618[m: Non-nullable property 'Dark2Color' must contain a non-null value when exiting constructor. Consider adding the 'required' modifier or declaring the property as nullable.
/srv/dev-fast/runtime-data/fireside-templates-hetzner-20260905/stack-fireside/engines/twodartnet/TwodartNet/Models/Domain/[1mThemeColorScheme.cs[m(18,12): [33;1mwarning[m [33;1mCS8618[m: Non-nullable property 'Light1Color' must contain a non-null value when exiting constructor. Consider adding the 'required' modifier or declaring the property as nullable.
/srv/dev-fast/runtime-data/fireside-templates-hetzner-20260905/stack-fireside/engines/twodartnet/TwodartNet/Models/Domain/[1mThemeColorScheme.cs[m(18,12): [33;1mwarning[m [33;1mCS8618[m: Non-nullable property 'Light2Color' must contain a non-null value when exiting constructor. Consider adding the 'required' modifier or declaring the property as nullable.
/srv/dev-fast/runtime-data/fireside-templates-hetzner-20260905/stack-fireside/engines/twodartnet/TwodartNet/Models/Domain/[1mThemeColorScheme.cs[m(18,12): [33;1mwarning[m [33;1mCS8618[m: Non-nullable property 'Accent1Color' must contain a non-null value when exiting constructor. Consider adding the 'required' modifier or declaring the property as nullable.
/srv/dev-fast/runtime-data/fireside-templates-hetzner-20260905/stack-fireside/engines/twodartnet/TwodartNet/Models/Domain/[1mThemeColorScheme.cs[m(18,12): [33;1mwarning[m [33;1mCS8618[m: Non-nullable property 'Accent2Color' must contain a non-null value when exiting constructor. Consider adding the 'required' modifier or declaring the property as nullable.
/srv/dev-fast/runtime-data/fireside-templates-hetzner-20260905/stack-fireside/engines/twodartnet/TwodartNet/Models/Domain/[1mThemeColorScheme.cs[m(18,12): [33;1mwarning[m [33;1mCS8618[m: Non-nullable property 'Accent3Color' must contain a non-null value when exiting constructor. Consider adding the 'required' modifier or declaring the property as nullable.
/srv/dev-fast/runtime-data/fireside-templates-hetzner-20260905/stack-fireside/engines/twodartnet/TwodartNet/Models/Domain/[1mThemeColorScheme.cs[m(18,12): [33;1mwarning[m [33;1mCS8618[m: Non-nullable property 'Accent4Color' must contain a non-null value when exiting constructor. Consider adding the 'required' modifier or declaring the property as nullable.
/srv/dev-fast/runtime-data/fireside-templates-hetzner-20260905/stack-fireside/engines/twodartnet/TwodartNet/Models/Domain/[1mThemeColorScheme.cs[m(18,12): [33;1mwarning[m [33;1mCS8618[m: Non-nullable property 'Accent5Color' must contain a non-null value when exiting constructor. Consider adding the 'required' modifier or declaring the property as nullable.
/srv/dev-fast/runtime-data/fireside-templates-hetzner-20260905/stack-fireside/engines/twodartnet/TwodartNet/Models/Domain/[1mThemeColorScheme.cs[m(18,12): [33;1mwarning[m [33;1mCS8618[m: Non-nullable property 'Accent6Color' must contain a non-null value when exiting constructor. Consider adding the 'required' modifier or declaring the property as nullable.
/srv/dev-fast/runtime-data/fireside-templates-hetzner-20260905/stack-fireside/engines/twodartnet/TwodartNet/Models/Domain/[1mThemeColorScheme.cs[m(18,12): [33;1mwarning[m [33;1mCS8618[m: Non-nullable property 'Hyperlink' must contain a non-null value when exiting constructor. Consider adding the 'required' modifier or declaring the property as nullable.
/srv/dev-fast/runtime-data/fireside-templates-hetzner-20260905/stack-fireside/engines/twodartnet/TwodartNet/Models/Domain/[1mThemeColorScheme.cs[m(18,12): [33;1mwarning[m [33;1mCS8618[m: Non-nullable property 'FollowedHyperlinkColor' must contain a non-null value when exiting constructor. Consider adding the 'required' modifier or declaring the property as nullable.
/srv/dev-fast/runtime-data/fireside-templates-hetzner-20260905/stack-fireside/engines/twodartnet/TwodartNet/Models/Entities/[1mFirestoreModels.cs[m(89,19): [33;1mwarning[m [33;1mCS8618[m: Non-nullable property 'metadata' must contain a non-null value when exiting constructor. Consider adding the 'required' modifier or declaring the property as nullable.
/srv/dev-fast/runtime-data/fireside-templates-hetzner-20260905/stack-fireside/engines/twodartnet/TwodartNet/Models/Entities/[1mFirestoreModels.cs[m(91,19): [33;1mwarning[m [33;1mCS8618[m: Non-nullable property 'stripeLink' must contain a non-null value when exiting constructor. Consider adding the 'required' modifier or declaring the property as nullable.
/srv/dev-fast/runtime-data/fireside-templates-hetzner-20260905/stack-fireside/engines/twodartnet/TwodartNet/Models/Entities/[1mFirestoreModels.cs[m(93,19): [33;1mwarning[m [33;1mCS8618[m: Non-nullable property 'role' must contain a non-null value when exiting constructor. Consider adding the 'required' modifier or declaring the property as nullable.
/srv/dev-fast/runtime-data/fireside-templates-hetzner-20260905/stack-fireside/engines/twodartnet/TwodartNet/Models/Entities/[1mFirestoreModels.cs[m(97,19): [33;1mwarning[m [33;1mCS8618[m: Non-nullable property 'items' must contain a non-null value when exiting constructor. Consider adding the 'required' modifier or declaring the property as nullable.
/srv/dev-fast/runtime-data/fireside-templates-hetzner-20260905/stack-fireside/engines/twodartnet/TwodartNet/Models/Entities/[1mFirestoreModels.cs[m(102,19): [33;1mwarning[m [33;1mCS8618[m: Non-nullable property 'product' must contain a non-null value when exiting constructor. Consider adding the 'required' modifier or declaring the property as nullable.
[?25l[1F
  csproj [36;1mnet10.0[m [120G[7D (6.6s)
[?25h[2F
[J/srv/dev-fast/runtime-data/fireside-templates-hetzner-20260905/stack-fireside/engines/twodartnet/TwodartNet/Models/Entities/[1mFirestoreModels.cs[m(107,19): [33;1mwarning[m [33;1mCS8618[m: Non-nullable property 'price' must contain a non-null value when exiting constructor. Consider adding the 'required' modifier or declaring the property as nullable.
/srv/dev-fast/runtime-data/fireside-templates-hetzner-20260905/stack-fireside/engines/twodartnet/TwodartNet/Models/Entities/[1mFirestoreModels.cs[m(112,19): [33;1mwarning[m [33;1mCS8618[m: Non-nullable property 'prices' must contain a non-null value when exiting constructor. Consider adding the 'required' modifier or declaring the property as nullable.
/srv/dev-fast/runtime-data/fireside-templates-hetzner-20260905/stack-fireside/engines/twodartnet/TwodartNet/Models/Entities/[1mFirestoreModels.cs[m(121,19): [33;1mwarning[m [33;1mCS8618[m: Non-nullable property 'status' must contain a non-null value when exiting constructor. Consider adding the 'required' modifier or declaring the property as nullable.
/srv/dev-fast/runtime-data/fireside-templates-hetzner-20260905/stack-fireside/engines/twodartnet/TwodartNet/Models/Entities/[1mFirestoreModels.cs[m(52,19): [33;1mwarning[m [33;1mCS8618[m: Non-nullable property 'name' must contain a non-null value when exiting constructor. Consider adding the 'required' modifier or declaring the property as nullable.
/srv/dev-fast/runtime-data/fireside-templates-hetzner-20260905/stack-fireside/engines/twodartnet/TwodartNet/Models/Entities/[1mFirestoreModels.cs[m(57,19): [33;1mwarning[m [33;1mCS8618[m: Non-nullable property 'description' must contain a non-null value when exiting constructor. Consider adding the 'required' modifier or declaring the property as nullable.
/srv/dev-fast/runtime-data/fireside-templates-hetzner-20260905/stack-fireside/engines/twodartnet/TwodartNet/Models/Entities/[1mFirestoreModels.cs[m(62,19): [33;1mwarning[m [33;1mCS8618[m: Non-nullable property 'role' must contain a non-null value when exiting constructor. Consider adding the 'required' modifier or declaring the property as nullable.
/srv/dev-fast/runtime-data/fireside-templates-hetzner-20260905/stack-fireside/engines/twodartnet/TwodartNet/Models/Entities/[1mFirestoreModels.cs[m(67,19): [33;1mwarning[m [33;1mCS8618[m: Non-nullable property 'images' must contain a non-null value when exiting constructor. Consider adding the 'required' modifier or declaring the property as nullable.
/srv/dev-fast/runtime-data/fireside-templates-hetzner-20260905/stack-fireside/engines/twodartnet/TwodartNet/Models/Entities/[1mFirestoreModels.cs[m(12,19): [33;1mwarning[m [33;1mCS8618[m: Non-nullable property 'currency' must contain a non-null value when exiting constructor. Consider adding the 'required' modifier or declaring the property as nullable.
/srv/dev-fast/runtime-data/fireside-templates-hetzner-20260905/stack-fireside/engines/twodartnet/TwodartNet/Models/Entities/[1mFirestoreModels.cs[m(19,19): [33;1mwarning[m [33;1mCS8618[m: Non-nullable property 'description' must contain a non-null value when exiting constructor. Consider adding the 'required' modifier or declaring the property as nullable.
/srv/dev-fast/runtime-data/fireside-templates-hetzner-20260905/stack-fireside/engines/twodartnet/TwodartNet/Models/Entities/[1mFirestoreModels.cs[m(24,19): [33;1mwarning[m [33;1mCS8618[m: Non-nullable property 'type' must contain a non-null value when exiting constructor. Consider adding the 'required' modifier or declaring the property as nullable.
/srv/dev-fast/runtime-data/fireside-templates-hetzner-20260905/stack-fireside/engines/twodartnet/TwodartNet/Models/Entities/[1mFirestoreModels.cs[m(29,19): [33;1mwarning[m [33;1mCS8618[m: Non-nullable property 'interval' must contain a non-null value when exiting constructor. Consider adding the 'required' modifier or declaring the property as nullable.
/srv/dev-fast/runtime-data/fireside-templates-hetzner-20260905/stack-fireside/engines/twodartnet/TwodartNet/Models/Domain/[1mSlideData.cs[m(196,19): [33;1mwarning[m [33;1mCS8618[m: Non-nullable property 'SourceShape' must contain a non-null value when exiting constructor. Consider adding the 'required' modifier or declaring the property as nullable.
/srv/dev-fast/runtime-data/fireside-templates-hetzner-20260905/stack-fireside/engines/twodartnet/TwodartNet/Models/Domain/[1mSlideData.cs[m(197,19): [33;1mwarning[m [33;1mCS8618[m: Non-nullable property 'Content' must contain a non-null value when exiting constructor. Consider adding the 'required' modifier or declaring the property as nullable.
/srv/dev-fast/runtime-data/fireside-templates-hetzner-20260905/stack-fireside/engines/twodartnet/TwodartNet/Models/Domain/[1mSlideData.cs[m(198,19): [33;1mwarning[m [33;1mCS8618[m: Non-nullable property 'GroupShape' must contain a non-null value when exiting constructor. Consider adding the 'required' modifier or declaring the property as nullable.
/srv/dev-fast/runtime-data/fireside-templates-hetzner-20260905/stack-fireside/engines/twodartnet/TwodartNet/Models/Domain/[1mSlideData.cs[m(199,19): [33;1mwarning[m [33;1mCS8618[m: Non-nullable property 'Type' must contain a non-null value when exiting constructor. Consider adding the 'required' modifier or declaring the property as nullable.
/srv/dev-fast/runtime-data/fireside-templates-hetzner-20260905/stack-fireside/engines/twodartnet/TwodartNet/Models/Domain/[1mSlideData.cs[m(204,26): [33;1mwarning[m [33;1mCS8618[m: Non-nullable property 'AutoShapeInfo' must contain a non-null value when exiting constructor. Consider adding the 'required' modifier or declaring the property as nullable.
/srv/dev-fast/runtime-data/fireside-templates-hetzner-20260905/stack-fireside/engines/twodartnet/TwodartNet/Models/Domain/[1mSlideData.cs[m(205,45): [33;1mwarning[m [33;1mCS8618[m: Non-nullable property 'TipTapJson' must contain a non-null value when exiting constructor. Consider adding the 'required' modifier or declaring the property as nullable.
/srv/dev-fast/runtime-data/fireside-templates-hetzner-20260905/stack-fireside/engines/twodartnet/TwodartNet/Models/Domain/[1mSlideData.cs[m(206,19): [33;1mwarning[m [33;1mCS8618[m: Non-nullable property 'AltId' must contain a non-null value when exiting constructor. Consider adding the 'required' modifier or declaring the property as nullable.
/srv/dev-fast/runtime-data/fireside-templates-hetzner-20260905/stack-fireside/engines/twodartnet/TwodartNet/Models/Domain/[1mSlideData.cs[m(181,19): [33;1mwarning[m [33;1mCS8618[m: Non-nullable property 'Text' must contain a non-null value when exiting constructor. Consider adding the 'required' modifier or declaring the property as nullable.
/srv/dev-fast/runtime-data/fireside-templates-hetzner-20260905/stack-fireside/engines/twodartnet/TwodartNet/Models/Domain/[1mSlideData.cs[m(183,19): [33;1mwarning[m [33;1mCS8618[m: Non-nullable property 'CSSPropertiesString' must contain a non-null value when exiting constructor. Consider adding the 'required' modifier or declaring the property as nullable.
/srv/dev-fast/runtime-data/fireside-templates-hetzner-20260905/stack-fireside/engines/twodartnet/TwodartNet/Models/Domain/[1mSlideData.cs[m(165,30): [33;1mwarning[m [33;1mCS8618[m: Non-nullable property 'Portions' must contain a non-null value when exiting constructor. Consider adding the 'required' modifier or declaring the property as nullable.
/srv/dev-fast/runtime-data/fireside-templates-hetzner-20260905/stack-fireside/engines/twodartnet/TwodartNet/Models/Domain/[1mSlideData.cs[m(167,19): [33;1mwarning[m [33;1mCS8618[m: Non-nullable property 'BulletStyle' must contain a non-null value when exiting constructor. Consider adding the 'required' modifier or declaring the property as nullable.
/srv/dev-fast/runtime-data/fireside-templates-hetzner-20260905/stack-fireside/engines/twodartnet/TwodartNet/Models/Domain/[1mSlideData.cs[m(174,19): [33;1mwarning[m [33;1mCS8618[m: Non-nullable property 'CSSPropertiesString' must contain a non-null value when exiting constructor. Consider adding the 'required' modifier or declaring the property as nullable.
/srv/dev-fast/runtime-data/fireside-templates-hetzner-20260905/stack-fireside/engines/twodartnet/TwodartNet/Models/Domain/[1mSlideData.cs[m(159,32): [33;1mwarning[m [33;1mCS8618[m: Non-nullable property 'Paragraphs' must contain a non-null value when exiting constructor. Consider adding the 'required' modifier or declaring the property as nullable.
/srv/dev-fast/runtime-data/fireside-templates-hetzner-20260905/stack-fireside/engines/twodartnet/TwodartNet/Models/Domain/[1mSlideData.cs[m(160,19): [33;1mwarning[m [33;1mCS8618[m: Non-nullable property 'CSSPropertiesString' must contain a non-null value when exiting constructor. Consider adding the 'required' modifier or declaring the property as nullable.
/srv/dev-fast/runtime-data/fireside-templates-hetzner-20260905/stack-fireside/engines/twodartnet/TwodartNet/Models/Domain/[1mSlideData.cs[m(154,19): [33;1mwarning[m [33;1mCS8618[m: Non-nullable property 'CSSPropertiesString' must contain a non-null value when exiting constructor. Consider adding the 'required' modifier or declaring the property as nullable.
/srv/dev-fast/runtime-data/fireside-templates-hetzner-20260905/stack-fireside/engines/twodartnet/TwodartNet/Models/Domain/[1mSlideData.cs[m(141,19): [33;1mwarning[m [33;1mCS8618[m: Non-nullable property 'Id' must contain a non-null value when exiting constructor. Consider adding the 'required' modifier or declaring the property as nullable.
/srv/dev-fast/runtime-data/fireside-templates-hetzner-20260905/stack-fireside/engines/twodartnet/TwodartNet/Models/Domain/[1mSlideData.cs[m(142,19): [33;1mwarning[m [33;1mCS8618[m: Non-nullable property 'TemplateId' must contain a non-null value when exiting constructor. Consider adding the 'required' modifier or declaring the property as nullable.
/srv/dev-fast/runtime-data/fireside-templates-hetzner-20260905/stack-fireside/engines/twodartnet/TwodartNet/Models/Domain/[1mSlideData.cs[m(143,19): [33;1mwarning[m [33;1mCS8618[m: Non-nullable property 'SvgContent' must contain a non-null value when exiting constructor. Consider adding the 'required' modifier or declaring the property as nullable.
/srv/dev-fast/runtime-data/fireside-templates-hetzner-20260905/stack-fireside/engines/twodartnet/TwodartNet/Models/Domain/[1mSlideData.cs[m(124,19): [33;1mwarning[m [33;1mCS8618[m: Non-nullable property 'Type' must contain a non-null value when exiting constructor. Consider adding the 'required' modifier or declaring the property as nullable.
/srv/dev-fast/runtime-data/fireside-templates-hetzner-20260905/stack-fireside/engines/twodartnet/TwodartNet/Middlewares/[1mAdminAuthMiddleware.cs[m(22,37): [33;1mwarning[m [33;1mCS8600[m: Converting null literal or possible null value to non-nullable type.
/srv/dev-fast/runtime-data/fireside-templates-hetzner-20260905/stack-fireside/engines/twodartnet/TwodartNet/Middlewares/[1mAdminAuthMiddleware.cs[m(24,39): [33;1mwarning[m [33;1mCS8600[m: Converting null literal or possible null value to non-nullable type.
/srv/dev-fast/runtime-data/fireside-templates-hetzner-20260905/stack-fireside/engines/twodartnet/TwodartNet/Middlewares/[1mAdminAuthMiddleware.cs[m(25,37): [33;1mwarning[m [33;1mCS8600[m: Converting null literal or possible null value to non-nullable type.
/srv/dev-fast/runtime-data/fireside-templates-hetzner-20260905/stack-fireside/engines/twodartnet/TwodartNet/Services/UploadFont/[1mUploadFontParams.cs[m(8,22): [33;1mwarning[m [33;1mCS8618[m: Non-nullable property 'file' must contain a non-null value when exiting constructor. Consider adding the 'required' modifier or declaring the property as nullable.
/srv/dev-fast/runtime-data/fireside-templates-hetzner-20260905/stack-fireside/engines/twodartnet/TwodartNet/Services/UploadFont/[1mUploadFontParams.cs[m(9,19): [33;1mwarning[m [33;1mCS8618[m: Non-nullable property 'fontFullName' must contain a non-null value when exiting constructor. Consider adding the 'required' modifier or declaring the property as nullable.
/srv/dev-fast/runtime-data/fireside-templates-hetzner-20260905/stack-fireside/engines/twodartnet/TwodartNet/Services/UploadFont/[1mUploadFontParams.cs[m(10,19): [33;1mwarning[m [33;1mCS8618[m: Non-nullable property 'fontId' must contain a non-null value when exiting constructor. Consider adding the 'required' modifier or declaring the property as nullable.
/srv/dev-fast/runtime-data/fireside-templates-hetzner-20260905/stack-fireside/engines/twodartnet/TwodartNet/Services/UploadFont/[1mUploadFontModels.cs[m(19,19): [33;1mwarning[m [33;1mCS8618[m: Non-nullable property 'FileUploaded' must contain a non-null value when exiting constructor. Consider adding the 'required' modifier or declaring the property as nullable.
/srv/dev-fast/runtime-data/fireside-templates-hetzner-20260905/stack-fireside/engines/twodartnet/TwodartNet/Services/UploadFont/[1mUploadFontModels.cs[m(20,19): [33;1mwarning[m [33;1mCS8618[m: Non-nullable property 'FontId' must contain a non-null value when exiting constructor. Consider adding the 'required' modifier or declaring the property as nullable.
/srv/dev-fast/runtime-data/fireside-templates-hetzner-20260905/stack-fireside/engines/twodartnet/TwodartNet/Services/UploadFont/[1mUploadFontModels.cs[m(21,19): [33;1mwarning[m [33;1mCS8618[m: Non-nullable property 'FontFullName' must contain a non-null value when exiting constructor. Consider adding the 'required' modifier or declaring the property as nullable.
/srv/dev-fast/runtime-data/fireside-templates-hetzner-20260905/stack-fireside/engines/twodartnet/TwodartNet/Services/UploadFont/[1mUploadFontModels.cs[m(22,19): [33;1mwarning[m [33;1mCS8618[m: Non-nullable property 'OriginalFontName' must contain a non-null value when exiting constructor. Consider adding the 'required' modifier or declaring the property as nullable.
/srv/dev-fast/runtime-data/fireside-templates-hetzner-20260905/stack-fireside/engines/twodartnet/TwodartNet/Services/UploadFont/[1mUploadFontModels.cs[m(23,21): [33;1mwarning[m [33;1mCS8618[m: Non-nullable property 'AvailableStyles' must contain a non-null value when exiting constructor. Consider adding the 'required' modifier or declaring the property as nullable.
/srv/dev-fast/runtime-data/fireside-templates-hetzner-20260905/stack-fireside/engines/twodartnet/TwodartNet/Services/UploadFont/[1mUploadFontModels.cs[m(8,19): [33;1mwarning[m [33;1mCS8618[m: Non-nullable property 'OriginalName' must contain a non-null value when exiting constructor. Consider adding the 'required' modifier or declaring the property as nullable.
/srv/dev-fast/runtime-data/fireside-templates-hetzner-20260905/stack-fireside/engines/twodartnet/TwodartNet/Services/UploadFont/[1mUploadFontModels.cs[m(9,21): [33;1mwarning[m [33;1mCS8618[m: Non-nullable property 'AvailableStyles' must contain a non-null value when exiting constructor. Consider adding the 'required' modifier or declaring the property as nullable.
/srv/dev-fast/runtime-data/fireside-templates-hetzner-20260905/stack-fireside/engines/twodartnet/TwodartNet/Services/UploadFont/[1mUploadFontModels.cs[m(11,19): [33;1mwarning[m [33;1mCS8618[m: Non-nullable property 'ErrorMessage' must contain a non-null value when exiting constructor. Consider adding the 'required' modifier or declaring the property as nullable.
/srv/dev-fast/runtime-data/fireside-templates-hetzner-20260905/stack-fireside/engines/twodartnet/TwodartNet/Models/Domain/[1mSlideData.cs[m(20,19): [33;1mwarning[m [33;1mCS8618[m: Non-nullable property 'id' must contain a non-null value when exiting constructor. Consider adding the 'required' modifier or declaring the property as nullable.
/srv/dev-fast/runtime-data/fireside-templates-hetzner-20260905/stack-fireside/engines/twodartnet/TwodartNet/Models/Domain/[1mSlideData.cs[m(22,24): [33;1mwarning[m [33;1mCS8618[m: Non-nullable property 'shapes' must contain a non-null value when exiting constructor. Consider adding the 'required' modifier or declaring the property as nullable.
/srv/dev-fast/runtime-data/fireside-templates-hetzner-20260905/stack-fireside/engines/twodartnet/TwodartNet/Models/Domain/[1mSlideData.cs[m(23,19): [33;1mwarning[m [33;1mCS8618[m: Non-nullable property 'uniqueId' must contain a non-null value when exiting constructor. Consider adding the 'required' modifier or declaring the property as nullable.
/srv/dev-fast/runtime-data/fireside-templates-hetzner-20260905/stack-fireside/engines/twodartnet/TwodartNet/Models/Domain/[1mChartData.cs[m(51,19): [33;1mwarning[m [33;1mCS8618[m: Non-nullable property 'name' must contain a non-null value when exiting constructor. Consider adding the 'required' modifier or declaring the property as nullable.
/srv/dev-fast/runtime-data/fireside-templates-hetzner-20260905/stack-fireside/engines/twodartnet/TwodartNet/Models/Domain/[1mChartData.cs[m(59,21): [33;1mwarning[m [33;1mCS8618[m: Non-nullable property 'values' must contain a non-null value when exiting constructor. Consider adding the 'required' modifier or declaring the property as nullable.
/srv/dev-fast/runtime-data/fireside-templates-hetzner-20260905/stack-fireside/engines/twodartnet/TwodartNet/Models/Domain/[1mChartData.cs[m(17,19): [33;1mwarning[m [33;1mCS8618[m: Non-nullable property 'chartType' must contain a non-null value when exiting constructor. Consider adding the 'required' modifier or declaring the property as nullable.
/srv/dev-fast/runtime-data/fireside-templates-hetzner-20260905/stack-fireside/engines/twodartnet/TwodartNet/Models/Domain/[1mChartData.cs[m(22,21): [33;1mwarning[m [33;1mCS8618[m: Non-nullable property 'categories' must contain a non-null value when exiting constructor. Consider adding the 'required' modifier or declaring the property as nullable.
/srv/dev-fast/runtime-data/fireside-templates-hetzner-20260905/stack-fireside/engines/twodartnet/TwodartNet/Models/Domain/[1mChartData.cs[m(24,26): [33;1mwarning[m [33;1mCS8618[m: Non-nullable property 'series' must contain a non-null value when exiting constructor. Consider adding the 'required' modifier or declaring the property as nullable.
/srv/dev-fast/runtime-data/fireside-templates-hetzner-20260905/stack-fireside/engines/twodartnet/TwodartNet/Helpers/WebExtensionHelpers/helpers/[1mTextHelper.cs[m(337,17): [33;1mwarning[m [33;1mCS8073[m: The result of the expression is always 'true' since a value of type 'Color' is never equal to 'null' of type 'Color?'
/srv/dev-fast/runtime-data/fireside-templates-hetzner-20260905/stack-fireside/engines/twodartnet/TwodartNet/Services/SlideContents/[1mSlideContentsService.cs[m(83,93): [33;1mwarning[m [33;1mCS8625[m: Cannot convert null literal to non-nullable reference type.
/srv/dev-fast/runtime-data/fireside-templates-hetzner-20260905/stack-fireside/engines/twodartnet/TwodartNet/Services/SlideContents/[1mSlideContentsParams.cs[m(33,21): [33;1mwarning[m [33;1mCS8618[m: Non-nullable property 'slideIds' must contain a non-null value when exiting constructor. Consider adding the 'required' modifier or declaring the property as nullable.
/srv/dev-fast/runtime-data/fireside-templates-hetzner-20260905/stack-fireside/engines/twodartnet/TwodartNet/Services/SlideContents/[1mSlideContentsParams.cs[m(34,19): [33;1mwarning[m [33;1mCS8618[m: Non-nullable property 'templateId' must contain a non-null value when exiting constructor. Consider adding the 'required' modifier or declaring the property as nullable.
/srv/dev-fast/runtime-data/fireside-templates-hetzner-20260905/stack-fireside/engines/twodartnet/TwodartNet/Services/SlideContents/[1mSlideContentsParams.cs[m(21,19): [33;1mwarning[m [33;1mCS8618[m: Non-nullable property 'slideId' must contain a non-null value when exiting constructor. Consider adding the 'required' modifier or declaring the property as nullable.
/srv/dev-fast/runtime-data/fireside-templates-hetzner-20260905/stack-fireside/engines/twodartnet/TwodartNet/Services/SlideContents/[1mSlideContentsParams.cs[m(22,19): [33;1mwarning[m [33;1mCS8618[m: Non-nullable property 'templateId' must contain a non-null value when exiting constructor. Consider adding the 'required' modifier or declaring the property as nullable.
/srv/dev-fast/runtime-data/fireside-templates-hetzner-20260905/stack-fireside/engines/twodartnet/TwodartNet/Services/SlideContents/[1mSlideContentsParams.cs[m(10,19): [33;1mwarning[m [33;1mCS8618[m: Non-nullable property 'id' must contain a non-null value when exiting constructor. Consider adding the 'required' modifier or declaring the property as nullable.
/srv/dev-fast/runtime-data/fireside-templates-hetzner-20260905/stack-fireside/engines/twodartnet/TwodartNet/Services/SlideContents/[1mSlideContentsParams.cs[m(11,19): [33;1mwarning[m [33;1mCS8618[m: Non-nullable property 'slideId' must contain a non-null value when exiting constructor. Consider adding the 'required' modifier or declaring the property as nullable.
/srv/dev-fast/runtime-data/fireside-templates-hetzner-20260905/stack-fireside/engines/twodartnet/TwodartNet/Services/SlideContents/[1mSlideContentsParams.cs[m(12,19): [33;1mwarning[m [33;1mCS8618[m: Non-nullable property 'content' must contain a non-null value when exiting constructor. Consider adding the 'required' modifier or declaring the property as nullable.
/srv/dev-fast/runtime-data/fireside-templates-hetzner-20260905/stack-fireside/engines/twodartnet/TwodartNet/Services/SlideContents/[1mSlideContentsParams.cs[m(13,19): [33;1mwarning[m [33;1mCS8618[m: Non-nullable property 'type' must contain a non-null value when exiting constructor. Consider adding the 'required' modifier or declaring the property as nullable.
/srv/dev-fast/runtime-data/fireside-templates-hetzner-20260905/stack-fireside/engines/twodartnet/TwodartNet/Services/SlideContents/[1mSlideContentsModels.cs[m(40,19): [33;1mwarning[m [33;1mCS8618[m: Non-nullable property 'SvgContent' must contain a non-null value when exiting constructor. Consider adding the 'required' modifier or declaring the property as nullable.
/srv/dev-fast/runtime-data/fireside-templates-hetzner-20260905/stack-fireside/engines/twodartnet/TwodartNet/Services/SlideContents/[1mSlideContentsModels.cs[m(24,19): [33;1mwarning[m [33;1mCS8618[m: Non-nullable property 'Id' must contain a non-null value when exiting constructor. Consider adding the 'required' modifier or declaring the property as nullable.
/srv/dev-fast/runtime-data/fireside-templates-hetzner-20260905/stack-fireside/engines/twodartnet/TwodartNet/Services/SlideContents/[1mSlideContentsModels.cs[m(25,19): [33;1mwarning[m [33;1mCS8618[m: Non-nullable property 'TemplateId' must contain a non-null value when exiting constructor. Consider adding the 'required' modifier or declaring the property as nullable.
/srv/dev-fast/runtime-data/fireside-templates-hetzner-20260905/stack-fireside/engines/twodartnet/TwodartNet/Services/SlideContents/[1mSlideContentsModels.cs[m(29,26): [33;1mwarning[m [33;1mCS8618[m: Non-nullable property 'SplitSvgContents' must contain a non-null value when exiting constructor. Consider adding the 'required' modifier or declaring the property as nullable.
/srv/dev-fast/runtime-data/fireside-templates-hetzner-20260905/stack-fireside/engines/twodartnet/TwodartNet/[1mProgram.cs[m(348,22): [33;1mwarning[m [33;1mCS0618[m: 'GoogleCredential.FromJson(string)' is obsolete: 'This method is being deprecated because of a potential security risk. Use the methods in the CredentialFactory class instead. A GoogleCredential object can then be created by calling the .ToGoogleCredential() method on the returned specific credential. '
/srv/dev-fast/runtime-data/fireside-templates-hetzner-20260905/stack-fireside/engines/twodartnet/TwodartNet/[1mProgram.cs[m(233,24): [33;1mwarning[m [33;1mCS8600[m: Converting null literal or possible null value to non-nullable type.
/srv/dev-fast/runtime-data/fireside-templates-hetzner-20260905/stack-fireside/engines/twodartnet/TwodartNet/Helpers/WebExtensionHelpers/helpers/[1mTextHelper.cs[m(361,50): [33;1mwarning[m [33;1mCS8600[m: Converting null literal or possible null value to non-nullable type.
/srv/dev-fast/runtime-data/fireside-templates-hetzner-20260905/stack-fireside/engines/twodartnet/TwodartNet/Helpers/WebExtensionHelpers/helpers/[1mTextHelper.cs[m(362,61): [33;1mwarning[m [33;1mCS8600[m: Converting null literal or possible null value to non-nullable type.
/srv/dev-fast/runtime-data/fireside-templates-hetzner-20260905/stack-fireside/engines/twodartnet/TwodartNet/Helpers/WebExtensionHelpers/helpers/[1mTextHelper.cs[m(541,80): [33;1mwarning[m [33;1mCS8604[m: Possible null reference argument for parameter 'portion' in 'FontStyles FontHelper.SelectFontByCSSVariable(IPortionFormatEffectiveData format, Portion portion, Presentation presentation)'.
/srv/dev-fast/runtime-data/fireside-templates-hetzner-20260905/stack-fireside/engines/twodartnet/TwodartNet/Services/AnalyzeChartTypes/[1mAnalyzeChartTypesModels.cs[m(30,19): [33;1mwarning[m [33;1mCS8618[m: Non-nullable property 'SlideFileId' must contain a non-null value when exiting constructor. Consider adding the 'required' modifier or declaring the property as nullable.
/srv/dev-fast/runtime-data/fireside-templates-hetzner-20260905/stack-fireside/engines/twodartnet/TwodartNet/Services/AnalyzeChartTypes/[1mAnalyzeChartTypesModels.cs[m(37,19): [33;1mwarning[m [33;1mCS8618[m: Non-nullable property 'SlideFileId' must contain a non-null value when exiting constructor. Consider adding the 'required' modifier or declaring the property as nullable.
/srv/dev-fast/runtime-data/fireside-templates-hetzner-20260905/stack-fireside/engines/twodartnet/TwodartNet/Services/AnalyzeChartTypes/[1mAnalyzeChartTypesModels.cs[m(38,19): [33;1mwarning[m [33;1mCS8618[m: Non-nullable property 'ChartType' must contain a non-null value when exiting constructor. Consider adding the 'required' modifier or declaring the property as nullable.
/srv/dev-fast/runtime-data/fireside-templates-hetzner-20260905/stack-fireside/engines/twodartnet/TwodartNet/Services/AnalyzeChartTypes/[1mAnalyzeChartTypesModels.cs[m(46,19): [33;1mwarning[m [33;1mCS8618[m: Non-nullable property 'SlideFileId' must contain a non-null value when exiting constructor. Consider adding the 'required' modifier or declaring the property as nullable.
/srv/dev-fast/runtime-data/fireside-templates-hetzner-20260905/stack-fireside/engines/twodartnet/TwodartNet/Services/AnalyzeChartTypes/[1mAnalyzeChartTypesModels.cs[m(60,19): [33;1mwarning[m [33;1mCS8618[m: Non-nullable property 'SlideFileId' must contain a non-null value when exiting constructor. Consider adding the 'required' modifier or declaring the property as nullable.
/srv/dev-fast/runtime-data/fireside-templates-hetzner-20260905/stack-fireside/engines/twodartnet/TwodartNet/Services/AnalyzeChartTypes/[1mAnalyzeChartTypesModels.cs[m(61,19): [33;1mwarning[m [33;1mCS8618[m: Non-nullable property 'Error' must contain a non-null value when exiting constructor. Consider adding the 'required' modifier or declaring the property as nullable.
/srv/dev-fast/runtime-data/fireside-templates-hetzner-20260905/stack-fireside/engines/twodartnet/TwodartNet/Services/AnalyzeHeader/[1mAnalyzeHeaderModels.cs[m(12,19): [33;1mwarning[m [33;1mCS8618[m: Non-nullable property 'SvgContent' must contain a non-null value when exiting constructor. Consider adding the 'required' modifier or declaring the property as nullable.
/srv/dev-fast/runtime-data/fireside-templates-hetzner-20260905/stack-fireside/engines/twodartnet/TwodartNet/Services/AnalyzeHeader/[1mAnalyzeHeaderModels.cs[m(13,26): [33;1mwarning[m [33;1mCS8618[m: Non-nullable property 'SplitSvgContents' must contain a non-null value when exiting constructor. Consider adding the 'required' modifier or declaring the property as nullable.
/srv/dev-fast/runtime-data/fireside-templates-hetzner-20260905/stack-fireside/engines/twodartnet/TwodartNet/Services/AnalyzeHeader/[1mAnalyzeHeaderService.cs[m(56,93): [33;1mwarning[m [33;1mCS8625[m: Cannot convert null literal to non-nullable reference type.
/srv/dev-fast/runtime-data/fireside-templates-hetzner-20260905/stack-fireside/engines/twodartnet/TwodartNet/Controllers/Admin/Tools/[1mAnalyzeLayoutLinkingController.cs[m(11,22): [33;1mwarning[m [33;1mCS8618[m: Non-nullable property 'file' must contain a non-null value when exiting constructor. Consider adding the 'required' modifier or declaring the property as nullable.
/srv/dev-fast/runtime-data/fireside-templates-hetzner-20260905/stack-fireside/engines/twodartnet/TwodartNet/Services/AnalyzeHeader/[1mAnalyzeHeaderService.cs[m(79,93): [33;1mwarning[m [33;1mCS8625[m: Cannot convert null literal to non-nullable reference type.
/srv/dev-fast/runtime-data/fireside-templates-hetzner-20260905/stack-fireside/engines/twodartnet/TwodartNet/Services/AnalyzeHeader/[1mAnalyzeHeaderParams.cs[m(8,22): [33;1mwarning[m [33;1mCS8618[m: Non-nullable property 'file' must contain a non-null value when exiting constructor. Consider adding the 'required' modifier or declaring the property as nullable.
/srv/dev-fast/runtime-data/fireside-templates-hetzner-20260905/stack-fireside/engines/twodartnet/TwodartNet/Controllers/Admin/Templates/[1mDownloadMasterSlideBaseController.cs[m(12,19): [33;1mwarning[m [33;1mCS8618[m: Non-nullable property 'templateId' must contain a non-null value when exiting constructor. Consider adding the 'required' modifier or declaring the property as nullable.
/srv/dev-fast/runtime-data/fireside-templates-hetzner-20260905/stack-fireside/engines/twodartnet/TwodartNet/Services/AnalyzeChartTypes/[1mAnalyzeChartTypesService.cs[m(258,28): [33;1mwarning[m [33;1mCS8600[m: Converting null literal or possible null value to non-nullable type.
/srv/dev-fast/runtime-data/fireside-templates-hetzner-20260905/stack-fireside/engines/twodartnet/TwodartNet/Helpers/PresentationAsposeHelper/Processors/[1mAutoShapeProcessor.cs[m(23,20): [33;1mwarning[m [33;1mCS8603[m: Possible null reference return.
/srv/dev-fast/runtime-data/fireside-templates-hetzner-20260905/stack-fireside/engines/twodartnet/TwodartNet/Helpers/PresentationAsposeHelper/Processors/[1mAutoShapeProcessor.cs[m(24,39): [33;1mwarning[m [33;1mCS8600[m: Converting null literal or possible null value to non-nullable type.
/srv/dev-fast/runtime-data/fireside-templates-hetzner-20260905/stack-fireside/engines/twodartnet/TwodartNet/Helpers/PresentationAsposeHelper/Processors/[1mAutoShapeProcessor.cs[m(40,20): [33;1mwarning[m [33;1mCS8603[m: Possible null reference return.
/srv/dev-fast/runtime-data/fireside-templates-hetzner-20260905/stack-fireside/engines/twodartnet/TwodartNet/Helpers/PresentationAsposeHelper/[1mPresentationAsposeHelper.cs[m(42,16): [33;1mwarning[m [33;1mCS8618[m: Non-nullable field '_logger' must contain a non-null value when exiting constructor. Consider adding the 'required' modifier or declaring the field as nullable.
/srv/dev-fast/runtime-data/fireside-templates-hetzner-20260905/stack-fireside/engines/twodartnet/TwodartNet/Helpers/PresentationAsposeHelper/[1mPresentationAsposeHelper.cs[m(85,16): [33;1mwarning[m [33;1mCS8618[m: Non-nullable field '_logger' must contain a non-null value when exiting constructor. Consider adding the 'required' modifier or declaring the field as nullable.
/srv/dev-fast/runtime-data/fireside-templates-hetzner-20260905/stack-fireside/engines/twodartnet/TwodartNet/Helpers/PresentationAsposeHelper/[1mPresentationAsposeHelper.cs[m(52,48): [33;1mwarning[m [33;1mCS8601[m: Possible null reference assignment.
/srv/dev-fast/runtime-data/fireside-templates-hetzner-20260905/stack-fireside/engines/twodartnet/TwodartNet/Helpers/PresentationAsposeHelper/Processors/[1mChartProcessor.cs[m(108,20): [33;1mwarning[m [33;1mCS8603[m: Possible null reference return.
/srv/dev-fast/runtime-data/fireside-templates-hetzner-20260905/stack-fireside/engines/twodartnet/TwodartNet/Helpers/PresentationAsposeHelper/[1mPresentationAsposeHelper.cs[m(310,92): [33;1mwarning[m [33;1mCS8604[m: Possible null reference argument for parameter 'shapeChangesSlideInfo' in 'ShapeInfo PresentationAsposeHelper.ScanShapesAndApply(IShape sourceShape, Presentation presentation, IShape groupShape, ShapeInfo[] shapeChangesSlideInfo, FontChange? fontChange = null, bool showSubtitle = false, bool compressFile = false, ILogger logger = null, bool isExport = false)'.
/srv/dev-fast/runtime-data/fireside-templates-hetzner-20260905/stack-fireside/engines/twodartnet/TwodartNet/Helpers/WebExtensionHelpers/helpers/[1mTextHelper.cs[m(750,109): [33;1mwarning[m [33;1mCS8604[m: Possible null reference argument for parameter 'logger' in 'void PresentationAsposeHelper.SetColorWithAlpha(IColorFormat colorFormat, string colorString, IColorScheme colorScheme, ILogger logger = null)'.
/srv/dev-fast/runtime-data/fireside-templates-hetzner-20260905/stack-fireside/engines/twodartnet/TwodartNet/Helpers/PresentationAsposeHelper/Processors/[1mOtherShapeProcessor.cs[m(25,74): [33;1mwarning[m [33;1mCS8604[m: Possible null reference argument for parameter 'shape' in 'string ShapeHelper.GetPositionStyle(Shape shape)'.
/srv/dev-fast/runtime-data/fireside-templates-hetzner-20260905/stack-fireside/engines/twodartnet/TwodartNet/Helpers/PresentationAsposeHelper/Processors/[1mOtherShapeProcessor.cs[m(44,20): [33;1mwarning[m [33;1mCS8619[m: Nullability of reference types in value of type '(string?, string?)' doesn't match target type '(string fillCssVar, string strokeCssVar)'.
/srv/dev-fast/runtime-data/fireside-templates-hetzner-20260905/stack-fireside/engines/twodartnet/TwodartNet/Helpers/WebExtensionHelpers/helpers/[1mTextHelper.cs[m(832,52): [33;1mwarning[m [33;1mCS8600[m: Converting null literal or possible null value to non-nullable type.
/srv/dev-fast/runtime-data/fireside-templates-hetzner-20260905/stack-fireside/engines/twodartnet/TwodartNet/Helpers/PresentationAsposeHelper/Processors/[1mOtherShapeProcessor.cs[m(59,20): [33;1mwarning[m [33;1mCS8603[m: Possible null reference return.
/srv/dev-fast/runtime-data/fireside-templates-hetzner-20260905/stack-fireside/engines/twodartnet/TwodartNet/Helpers/PresentationAsposeHelper/Processors/[1mOtherShapeProcessor.cs[m(65,16): [33;1mwarning[m [33;1mCS8603[m: Possible null reference return.
/srv/dev-fast/runtime-data/fireside-templates-hetzner-20260905/stack-fireside/engines/twodartnet/TwodartNet/Helpers/PresentationAsposeHelper/Processors/[1mOtherShapeProcessor.cs[m(61,19): [33;1mwarning[m [33;1mCS8073[m: The result of the expression is always 'true' since a value of type 'Color' is never equal to 'null' of type 'Color?'
/srv/dev-fast/runtime-data/fireside-templates-hetzner-20260905/stack-fireside/engines/twodartnet/TwodartNet/Services/AnalyzeSlidesContent/[1mAnalyzeSlidesContentService.cs[m(126,31): [33;1mwarning[m [33;1mCS8601[m: Possible null reference assignment.
/srv/dev-fast/runtime-data/fireside-templates-hetzner-20260905/stack-fireside/engines/twodartnet/TwodartNet/Controllers/Admin/Templates/[1mUploadMasterSlideBaseController.cs[m(14,22): [33;1mwarning[m [33;1mCS8618[m: Non-nullable property 'file' must contain a non-null value when exiting constructor. Consider adding the 'required' modifier or declaring the property as nullable.
/srv/dev-fast/runtime-data/fireside-templates-hetzner-20260905/stack-fireside/engines/twodartnet/TwodartNet/Controllers/Admin/Templates/[1mUploadMasterSlideBaseController.cs[m(15,19): [33;1mwarning[m [33;1mCS8618[m: Non-nullable property 'templateId' must contain a non-null value when exiting constructor. Consider adding the 'required' modifier or declaring the property as nullable.
/srv/dev-fast/runtime-data/fireside-templates-hetzner-20260905/stack-fireside/engines/twodartnet/TwodartNet/Helpers/PresentationAsposeHelper/Processors/[1mOtherShapeProcessor.cs[m(72,20): [33;1mwarning[m [33;1mCS8603[m: Possible null reference return.
/srv/dev-fast/runtime-data/fireside-templates-hetzner-20260905/stack-fireside/engines/twodartnet/TwodartNet/Helpers/PresentationAsposeHelper/Processors/[1mOtherShapeProcessor.cs[m(78,16): [33;1mwarning[m [33;1mCS8603[m: Possible null reference return.
/srv/dev-fast/runtime-data/fireside-templates-hetzner-20260905/stack-fireside/engines/twodartnet/TwodartNet/Helpers/PresentationAsposeHelper/Processors/[1mOtherShapeProcessor.cs[m(74,19): [33;1mwarning[m [33;1mCS8073[m: The result of the expression is always 'true' since a value of type 'Color' is never equal to 'null' of type 'Color?'
/srv/dev-fast/runtime-data/fireside-templates-hetzner-20260905/stack-fireside/engines/twodartnet/TwodartNet/Helpers/PresentationAsposeHelper/[1mPresentationAsposeHelper.cs[m(95,38): [33;1mwarning[m [33;1mCS8603[m: Possible null reference return.
/srv/dev-fast/runtime-data/fireside-templates-hetzner-20260905/stack-fireside/engines/twodartnet/TwodartNet/Helpers/PresentationAsposeHelper/[1mPresentationAsposeHelper.cs[m(106,32): [33;1mwarning[m [33;1mCS8600[m: Converting null literal or possible null value to non-nullable type.
/srv/dev-fast/runtime-data/fireside-templates-hetzner-20260905/stack-fireside/engines/twodartnet/TwodartNet/Helpers/PresentationAsposeHelper/[1mPresentationAsposeHelper.cs[m(112,33): [33;1mwarning[m [33;1mCS8600[m: Converting null literal or possible null value to non-nullable type.
/srv/dev-fast/runtime-data/fireside-templates-hetzner-20260905/stack-fireside/engines/twodartnet/TwodartNet/Helpers/PresentationAsposeHelper/[1mPresentationAsposeHelper.cs[m(143,24): [33;1mwarning[m [33;1mCS8603[m: Possible null reference return.
/srv/dev-fast/runtime-data/fireside-templates-hetzner-20260905/stack-fireside/engines/twodartnet/TwodartNet/Helpers/PresentationAsposeHelper/[1mPresentationAsposeHelper.cs[m(148,24): [33;1mwarning[m [33;1mCS8603[m: Possible null reference return.
/srv/dev-fast/runtime-data/fireside-templates-hetzner-20260905/stack-fireside/engines/twodartnet/TwodartNet/Helpers/PresentationAsposeHelper/Processors/[1mOtherShapeProcessor.cs[m(102,49): [33;1mwarning[m [33;1mCS8604[m: Possible null reference argument for parameter 'element' in 'void OtherShapeProcessor.ProcessShapesWithoutUniqueIdRecursively(XElement element, IShape shape, XDocument doc)'.
/srv/dev-fast/runtime-data/fireside-templates-hetzner-20260905/stack-fireside/engines/twodartnet/TwodartNet/Helpers/PresentationAsposeHelper/[1mPresentationAsposeHelper.cs[m(341,20): [33;1mwarning[m [33;1mCS8603[m: Possible null reference return.
/srv/dev-fast/runtime-data/fireside-templates-hetzner-20260905/stack-fireside/engines/twodartnet/TwodartNet/Helpers/PresentationAsposeHelper/[1mPresentationAsposeHelper.cs[m(376,20): [33;1mwarning[m [33;1mCS8603[m: Possible null reference return.
/srv/dev-fast/runtime-data/fireside-templates-hetzner-20260905/stack-fireside/engines/twodartnet/TwodartNet/Helpers/PresentationAsposeHelper/[1mPresentationAsposeHelper.cs[m(408,16): [33;1mwarning[m [33;1mCS8603[m: Possible null reference return.
/srv/dev-fast/runtime-data/fireside-templates-hetzner-20260905/stack-fireside/engines/twodartnet/TwodartNet/Helpers/PresentationAsposeHelper/Processors/[1mOtherShapeProcessor.cs[m(127,27): [33;1mwarning[m [33;1mCS8604[m: Possible null reference argument for parameter 'svgElement' in 'void OtherShapeProcessor.ProcessBackground(XElement svgElement, ISlide slide, Presentation presentation)'.
/srv/dev-fast/runtime-data/fireside-templates-hetzner-20260905/stack-fireside/engines/twodartnet/TwodartNet/Helpers/PresentationAsposeHelper/Processors/[1mAutoShapeProcessor.cs[m(60,27): [33;1mwarning[m [33;1mCS8600[m: Converting null literal or possible null value to non-nullable type.
/srv/dev-fast/runtime-data/fireside-templates-hetzner-20260905/stack-fireside/engines/twodartnet/TwodartNet/Helpers/PresentationAsposeHelper/Processors/[1mAutoShapeProcessor.cs[m(72,25): [33;1mwarning[m [33;1mCS8601[m: Possible null reference assignment.
/srv/dev-fast/runtime-data/fireside-templates-hetzner-20260905/stack-fireside/engines/twodartnet/TwodartNet/Helpers/PresentationAsposeHelper/Processors/[1mAutoShapeProcessor.cs[m(80,72): [33;1mwarning[m [33;1mCS8602[m: Dereference of a possibly null reference.
/srv/dev-fast/runtime-data/fireside-templates-hetzner-20260905/stack-fireside/engines/twodartnet/TwodartNet/Helpers/PresentationAsposeHelper/Processors/[1mAutoShapeProcessor.cs[m(80,72): [33;1mwarning[m [33;1mCS8604[m: Possible null reference argument for parameter 'textFrame' in 'TextFrameContext.TextFrameContext(TextFrame textFrame, AutoShape parentShape, Point origin)'.
/srv/dev-fast/runtime-data/fireside-templates-hetzner-20260905/stack-fireside/engines/twodartnet/TwodartNet/Helpers/PresentationAsposeHelper/Processors/[1mAutoShapeProcessor.cs[m(92,65): [33;1mwarning[m [33;1mCS8600[m: Converting null literal or possible null value to non-nullable type.
/srv/dev-fast/runtime-data/fireside-templates-hetzner-20260905/stack-fireside/engines/twodartnet/TwodartNet/Helpers/PresentationAsposeHelper/Processors/[1mAutoShapeProcessor.cs[m(103,61): [33;1mwarning[m [33;1mCS8604[m: Possible null reference argument for parameter 'paragraph' in 'ParagraphContext.ParagraphContext(Paragraph paragraph, AutoShape parentShape, TextFrame parentTextFrame, bool tableContent, bool isLast, bool isFirst)'.
/srv/dev-fast/runtime-data/fireside-templates-hetzner-20260905/stack-fireside/engines/twodartnet/TwodartNet/Helpers/PresentationAsposeHelper/Processors/[1mAutoShapeProcessor.cs[m(104,28): [33;1mwarning[m [33;1mCS8604[m: Possible null reference argument for parameter 'parentTextFrame' in 'ParagraphContext.ParagraphContext(Paragraph paragraph, AutoShape parentShape, TextFrame parentTextFrame, bool tableContent, bool isLast, bool isFirst)'.
/srv/dev-fast/runtime-data/fireside-templates-hetzner-20260905/stack-fireside/engines/twodartnet/TwodartNet/Helpers/PresentationAsposeHelper/Processors/[1mAutoShapeProcessor.cs[m(125,94): [33;1mwarning[m [33;1mCS8604[m: Possible null reference argument for parameter 'portion' in 'PortionContext.PortionContext(Portion portion, TextFrame parentTextFrame, bool tableContent, bool isLast, bool isFirst, Paragraph parentParagraph)'.
/srv/dev-fast/runtime-data/fireside-templates-hetzner-20260905/stack-fireside/engines/twodartnet/TwodartNet/Helpers/PresentationAsposeHelper/Processors/[1mAutoShapeProcessor.cs[m(126,25): [33;1mwarning[m [33;1mCS8604[m: Possible null reference argument for parameter 'parentTextFrame' in 'PortionContext.PortionContext(Portion portion, TextFrame parentTextFrame, bool tableContent, bool isLast, bool isFirst, Paragraph parentParagraph)'.
/srv/dev-fast/runtime-data/fireside-templates-hetzner-20260905/stack-fireside/engines/twodartnet/TwodartNet/Helpers/PresentationAsposeHelper/Processors/[1mAutoShapeProcessor.cs[m(127,33): [33;1mwarning[m [33;1mCS8604[m: Possible null reference argument for parameter 'parentParagraph' in 'PortionContext.PortionContext(Portion portion, TextFrame parentTextFrame, bool tableContent, bool isLast, bool isFirst, Paragraph parentParagraph)'.
/srv/dev-fast/runtime-data/fireside-templates-hetzner-20260905/stack-fireside/engines/twodartnet/TwodartNet/Helpers/PresentationAsposeHelper/Processors/[1mAutoShapeProcessor.cs[m(140,90): [33;1mwarning[m [33;1mCS8604[m: Possible null reference argument for parameter 'portion' in 'LinkInfo PortionHelper.GetExternalLinkInfoFromPortion(Portion portion)'.
/srv/dev-fast/runtime-data/fireside-templates-hetzner-20260905/stack-fireside/engines/twodartnet/TwodartNet/Services/AnalyzeSlidesContent/[1mAnalyzeSlidesContentService.cs[m(193,51): [33;1mwarning[m [33;1mCS8604[m: Possible null reference argument for parameter 'majorFont' in 'bool AnalyzeSlidesContentService.IsThemeFont(string fontName, string majorFont, string minorFont)'.
/srv/dev-fast/runtime-data/fireside-templates-hetzner-20260905/stack-fireside/engines/twodartnet/TwodartNet/Services/AnalyzeSlidesContent/[1mAnalyzeSlidesContentService.cs[m(193,62): [33;1mwarning[m [33;1mCS8604[m: Possible null reference argument for parameter 'minorFont' in 'bool AnalyzeSlidesContentService.IsThemeFont(string fontName, string majorFont, string minorFont)'.
/srv/dev-fast/runtime-data/fireside-templates-hetzner-20260905/stack-fireside/engines/twodartnet/TwodartNet/Services/AnalyzeSlidesContent/[1mAnalyzeSlidesContentService.cs[m(197,40): [33;1mwarning[m [33;1mCS8602[m: Dereference of a possibly null reference.
/srv/dev-fast/runtime-data/fireside-templates-hetzner-20260905/stack-fireside/engines/twodartnet/TwodartNet/Helpers/PresentationAsposeHelper/Processors/[1mChartProcessor.cs[m(270,38): [33;1mwarning[m [33;1mCS8600[m: Converting null literal or possible null value to non-nullable type.
/srv/dev-fast/runtime-data/fireside-templates-hetzner-20260905/stack-fireside/engines/twodartnet/TwodartNet/Helpers/PresentationAsposeHelper/Processors/[1mChartProcessor.cs[m(273,35): [33;1mwarning[m [33;1mCS8600[m: Converting null literal or possible null value to non-nullable type.
/srv/dev-fast/runtime-data/fireside-templates-hetzner-20260905/stack-fireside/engines/twodartnet/TwodartNet/Helpers/PresentationAsposeHelper/Processors/[1mChartProcessor.cs[m(306,16): [33;1mwarning[m [33;1mCS8603[m: Possible null reference return.
/srv/dev-fast/runtime-data/fireside-templates-hetzner-20260905/stack-fireside/engines/twodartnet/TwodartNet/Services/AnalyzeSlidesContent/[1mAnalyzeSlidesContentModels.cs[m(9,19): [33;1mwarning[m [33;1mCS8618[m: Non-nullable property 'ShapeType' must contain a non-null value when exiting constructor. Consider adding the 'required' modifier or declaring the property as nullable.
/srv/dev-fast/runtime-data/fireside-templates-hetzner-20260905/stack-fireside/engines/twodartnet/TwodartNet/Services/AnalyzeSlidesContent/[1mAnalyzeSlidesContentModels.cs[m(10,19): [33;1mwarning[m [33;1mCS8618[m: Non-nullable property 'PlaceholderType' must contain a non-null value when exiting constructor. Consider adding the 'required' modifier or declaring the property as nullable.
/srv/dev-fast/runtime-data/fireside-templates-hetzner-20260905/stack-fireside/engines/twodartnet/TwodartNet/Services/AnalyzeSlidesContent/[1mAnalyzeSlidesContentModels.cs[m(13,19): [33;1mwarning[m [33;1mCS8618[m: Non-nullable property 'AltId' must contain a non-null value when exiting constructor. Consider adding the 'required' modifier or declaring the property as nullable.
/srv/dev-fast/runtime-data/fireside-templates-hetzner-20260905/stack-fireside/engines/twodartnet/TwodartNet/Helpers/WebExtensionHelpers/helpers/[1mTextHelper.cs[m(861,71): [33;1mwarning[m [33;1mCS8600[m: Converting null literal or possible null value to non-nullable type.
/srv/dev-fast/runtime-data/fireside-templates-hetzner-20260905/stack-fireside/engines/twodartnet/TwodartNet/Helpers/WebExtensionHelpers/helpers/[1mTextHelper.cs[m(875,65): [33;1mwarning[m [33;1mCS8604[m: Possible null reference argument for parameter 'format' in 'string TextHelper.GetTextFontItalicStyle(IPortionFormatEffectiveData format)'.
/srv/dev-fast/runtime-data/fireside-templates-hetzner-20260905/stack-fireside/engines/twodartnet/TwodartNet/Helpers/WebExtensionHelpers/helpers/[1mTextHelper.cs[m(890,73): [33;1mwarning[m [33;1mCS8602[m: Dereference of a possibly null reference.
/srv/dev-fast/runtime-data/fireside-templates-hetzner-20260905/stack-fireside/engines/twodartnet/TwodartNet/Helpers/WebExtensionHelpers/helpers/[1mTextHelper.cs[m(900,36): [33;1mwarning[m [33;1mCS8600[m: Converting null literal or possible null value to non-nullable type.
/srv/dev-fast/runtime-data/fireside-templates-hetzner-20260905/stack-fireside/engines/twodartnet/TwodartNet/Helpers/WebExtensionHelpers/helpers/[1mTextHelper.cs[m(931,65): [33;1mwarning[m [33;1mCS8602[m: Dereference of a possibly null reference.
/srv/dev-fast/runtime-data/fireside-templates-hetzner-20260905/stack-fireside/engines/twodartnet/TwodartNet/Helpers/WebExtensionHelpers/helpers/[1mTextHelper.cs[m(936,105): [33;1mwarning[m [33;1mCS8604[m: Possible null reference argument for parameter 'portion' in 'FontStyles FontHelper.SelectFontByCSSVariable(IPortionFormatEffectiveData format, Portion portion, Presentation presentation)'.
/srv/dev-fast/runtime-data/fireside-templates-hetzner-20260905/stack-fireside/engines/twodartnet/TwodartNet/Helpers/WebExtensionHelpers/helpers/[1mTextHelper.cs[m(936,154): [33;1mwarning[m [33;1mCS8604[m: Possible null reference argument for parameter 'presentation' in 'FontStyles FontHelper.SelectFontByCSSVariable(IPortionFormatEffectiveData format, Portion portion, Presentation presentation)'.
/srv/dev-fast/runtime-data/fireside-templates-hetzner-20260905/stack-fireside/engines/twodartnet/TwodartNet/Helpers/WebExtensionHelpers/helpers/[1mTextHelper.cs[m(941,72): [33;1mwarning[m [33;1mCS8602[m: Dereference of a possibly null reference.
/srv/dev-fast/runtime-data/fireside-templates-hetzner-20260905/stack-fireside/engines/twodartnet/TwodartNet/Helpers/PresentationAsposeHelper/Processors/[1mOtherShapeProcessor.cs[m(167,35): [33;1mwarning[m [33;1mCS8602[m: Dereference of a possibly null reference.
/srv/dev-fast/runtime-data/fireside-templates-hetzner-20260905/stack-fireside/engines/twodartnet/TwodartNet/Helpers/PresentationAsposeHelper/[1mPresentationAsposeHelper.cs[m(431,20): [33;1mwarning[m [33;1mCS8603[m: Possible null reference return.
/srv/dev-fast/runtime-data/fireside-templates-hetzner-20260905/stack-fireside/engines/twodartnet/TwodartNet/Services/AnalyzeSlidesContent/[1mAnalyzeSlidesContentModels.cs[m(21,19): [33;1mwarning[m [33;1mCS8618[m: Non-nullable property 'FontName' must contain a non-null value when exiting constructor. Consider adding the 'required' modifier or declaring the property as nullable.
/srv/dev-fast/runtime-data/fireside-templates-hetzner-20260905/stack-fireside/engines/twodartnet/TwodartNet/Services/AnalyzeSlidesContent/[1mAnalyzeSlidesContentModels.cs[m(22,19): [33;1mwarning[m [33;1mCS8618[m: Non-nullable property 'ExpectedMapping' must contain a non-null value when exiting constructor. Consider adding the 'required' modifier or declaring the property as nullable.
/srv/dev-fast/runtime-data/fireside-templates-hetzner-20260905/stack-fireside/engines/twodartnet/TwodartNet/Services/AnalyzeSlidesContent/[1mAnalyzeSlidesContentModels.cs[m(23,19): [33;1mwarning[m [33;1mCS8618[m: Non-nullable property 'Issue' must contain a non-null value when exiting constructor. Consider adding the 'required' modifier or declaring the property as nullable.
/srv/dev-fast/runtime-data/fireside-templates-hetzner-20260905/stack-fireside/engines/twodartnet/TwodartNet/Helpers/PresentationAsposeHelper/Processors/[1mPictureFrameProcessor.cs[m(23,20): [33;1mwarning[m [33;1mCS8603[m: Possible null reference return.
/srv/dev-fast/runtime-data/fireside-templates-hetzner-20260905/stack-fireside/engines/twodartnet/TwodartNet/Helpers/PresentationAsposeHelper/Processors/[1mPictureFrameProcessor.cs[m(57,20): [33;1mwarning[m [33;1mCS8603[m: Possible null reference return.
/srv/dev-fast/runtime-data/fireside-templates-hetzner-20260905/stack-fireside/engines/twodartnet/TwodartNet/Helpers/PresentationAsposeHelper/Processors/[1mPictureFrameProcessor.cs[m(63,20): [33;1mwarning[m [33;1mCS8603[m: Possible null reference return.
/srv/dev-fast/runtime-data/fireside-templates-hetzner-20260905/stack-fireside/engines/twodartnet/TwodartNet/Helpers/PresentationAsposeHelper/Processors/[1mSVGFrameProcessor.cs[m(22,34): [33;1mwarning[m [33;1mCS8600[m: Converting null literal or possible null value to non-nullable type.
/srv/dev-fast/runtime-data/fireside-templates-hetzner-20260905/stack-fireside/engines/twodartnet/TwodartNet/Helpers/PresentationAsposeHelper/Processors/[1mSVGFrameProcessor.cs[m(51,20): [33;1mwarning[m [33;1mCS8603[m: Possible null reference return.
/srv/dev-fast/runtime-data/fireside-templates-hetzner-20260905/stack-fireside/engines/twodartnet/TwodartNet/Helpers/PresentationAsposeHelper/Processors/[1mSVGFrameProcessor.cs[m(59,82): [33;1mwarning[m [33;1mCS8604[m: Possible null reference argument for parameter 'svgContent' in '(string, string) SVGFrameProcessor.CheckExistingColorSVGImage(string svgContent, Presentation presentation)'.
/srv/dev-fast/runtime-data/fireside-templates-hetzner-20260905/stack-fireside/engines/twodartnet/TwodartNet/Helpers/PresentationAsposeHelper/Processors/[1mChartProcessor.cs[m(331,88): [33;1mwarning[m [33;1mCS8604[m: Possible null reference argument for parameter 'logger' in 'double[] ChartProcessor.ExtractScatterYValues(IChart chart, IChartSeries series, int seriesIndex, ILogger logger)'.
/srv/dev-fast/runtime-data/fireside-templates-hetzner-20260905/stack-fireside/engines/twodartnet/TwodartNet/Helpers/PresentationAsposeHelper/Processors/[1mChartProcessor.cs[m(337,60): [33;1mwarning[m [33;1mCS8604[m: Possible null reference argument for parameter 'logger' in 'double[] ChartProcessor.ExtractValues(IChartSeries series, ILogger logger)'.
/srv/dev-fast/runtime-data/fireside-templates-hetzner-20260905/stack-fireside/engines/twodartnet/TwodartNet/Helpers/PresentationAsposeHelper/Processors/[1mPictureStaticProcessor.cs[m(15,20): [33;1mwarning[m [33;1mCS8603[m: Possible null reference return.
/srv/dev-fast/runtime-data/fireside-templates-hetzner-20260905/stack-fireside/engines/twodartnet/TwodartNet/Helpers/PresentationAsposeHelper/Processors/[1mPictureStaticProcessor.cs[m(21,20): [33;1mwarning[m [33;1mCS8603[m: Possible null reference return.
/srv/dev-fast/runtime-data/fireside-templates-hetzner-20260905/stack-fireside/engines/twodartnet/TwodartNet/Helpers/PresentationAsposeHelper/Processors/[1mPictureStaticProcessor.cs[m(55,20): [33;1mwarning[m [33;1mCS8603[m: Possible null reference return.
/srv/dev-fast/runtime-data/fireside-templates-hetzner-20260905/stack-fireside/engines/twodartnet/TwodartNet/Services/AnalyzeSlidesContent/[1mAnalyzeSlidesContentService.cs[m(264,22): [33;1mwarning[m [33;1mCS8073[m: The result of the expression is always 'true' since a value of type 'Color' is never equal to 'null' of type 'Color?'
/srv/dev-fast/runtime-data/fireside-templates-hetzner-20260905/stack-fireside/engines/twodartnet/TwodartNet/Services/AnalyzeSlidesContent/[1mAnalyzeSlidesContentService.cs[m(292,22): [33;1mwarning[m [33;1mCS8073[m: The result of the expression is always 'true' since a value of type 'Color' is never equal to 'null' of type 'Color?'
/srv/dev-fast/runtime-data/fireside-templates-hetzner-20260905/stack-fireside/engines/twodartnet/TwodartNet/Helpers/PresentationAsposeHelper/Processors/[1mAutoShapeProcessor.cs[m(209,21): [33;1mwarning[m [33;1mCS8604[m: Possible null reference argument for parameter 'portion' in 'void ParagraphHelper.ApplyParagraphStyle(IParagraph paragraph, string cssPropertiesString, PortionInfo portion)'.
/srv/dev-fast/runtime-data/fireside-templates-hetzner-20260905/stack-fireside/engines/twodartnet/TwodartNet/Helpers/PresentationAsposeHelper/Processors/[1mAutoShapeProcessor.cs[m(213,107): [33;1mwarning[m [33;1mCS8604[m: Possible null reference argument for parameter 'logger' in 'void AutoShapeProcessor.ApplyPortionStylingToPlaceholder(Paragraph paragraph, ParagraphInfo paragraphInfo, IAutoShape layoutPlaceholder, FontChange? fontChange, ILogger logger)'.
/srv/dev-fast/runtime-data/fireside-templates-hetzner-20260905/stack-fireside/engines/twodartnet/TwodartNet/Helpers/PresentationAsposeHelper/Processors/[1mAutoShapeProcessor.cs[m(233,56): [33;1mwarning[m [33;1mCS8604[m: Possible null reference argument for parameter 'markerStyleOverride' in 'void ParagraphHelper.ApplyBulletStyle(IParagraph paragraph, string bulletStyle, BulletType bulletType, int? bulletStartNumber, int? bulletDepth = null, string markerStyleOverride = null)'.
/srv/dev-fast/runtime-data/fireside-templates-hetzner-20260905/stack-fireside/engines/twodartnet/TwodartNet/Helpers/PresentationAsposeHelper/Processors/[1mChartProcessor.cs[m(452,58): [33;1mwarning[m [33;1mCS8604[m: Possible null reference argument for parameter 'logger' in 'double ChartProcessor.ReadScatterYFromDataPoint(IChartDataPoint dp, ILogger logger)'.
/srv/dev-fast/runtime-data/fireside-templates-hetzner-20260905/stack-fireside/engines/twodartnet/TwodartNet/Helpers/PresentationAsposeHelper/Processors/[1mChartProcessor.cs[m(463,86): [33;1mwarning[m [33;1mCS8604[m: Possible null reference argument for parameter 'logger' in 'List<double> ChartProcessor.TryReadScatterYValuesFromWorkbook(IChart chart, int seriesIndex, ILogger logger)'.
/srv/dev-fast/runtime-data/fireside-templates-hetzner-20260905/stack-fireside/engines/twodartnet/TwodartNet/Helpers/PresentationAsposeHelper/[1mPresentationAsposeHelper.cs[m(660,65): [33;1mwarning[m [33;1mCS8604[m: Possible null reference argument for parameter 'logger' in 'ExportFontManager.ExportFontManager(string exportId = null, ILogger logger = null, FontByteCache? byteCache = null)'.
/srv/dev-fast/runtime-data/fireside-templates-hetzner-20260905/stack-fireside/engines/twodartnet/TwodartNet/Helpers/PresentationAsposeHelper/[1mPresentationAsposeHelper.cs[m(668,16): [33;1mwarning[m [33;1mCS8603[m: Possible null reference return.
/srv/dev-fast/runtime-data/fireside-templates-hetzner-20260905/stack-fireside/engines/twodartnet/TwodartNet/Helpers/PresentationAsposeHelper/Processors/[1mPictureStaticProcessor.cs[m(127,26): [33;1mwarning[m [33;1mCS8602[m: Dereference of a possibly null reference.
/srv/dev-fast/runtime-data/fireside-templates-hetzner-20260905/stack-fireside/engines/twodartnet/TwodartNet/Helpers/PresentationAsposeHelper/Processors/[1mAutoShapeProcessor.cs[m(332,9): [33;1mwarning[m [33;1mCS8603[m: Possible null reference return.
/srv/dev-fast/runtime-data/fireside-templates-hetzner-20260905/stack-fireside/engines/twodartnet/TwodartNet/Helpers/PresentationAsposeHelper/Processors/[1mChartProcessor.cs[m(579,43): [33;1mwarning[m [33;1mCS8604[m: Possible null reference argument for parameter 'val' in 'bool ChartProcessor.IsEmptyChartCellValue(object val)'.
/srv/dev-fast/runtime-data/fireside-templates-hetzner-20260905/stack-fireside/engines/twodartnet/TwodartNet/Helpers/PresentationAsposeHelper/Processors/[1mChartProcessor.cs[m(690,44): [33;1mwarning[m [33;1mCS8604[m: Possible null reference argument for parameter 'val' in 'bool ChartProcessor.IsEmptyChartCellValue(object val)'.
/srv/dev-fast/runtime-data/fireside-templates-hetzner-20260905/stack-fireside/engines/twodartnet/TwodartNet/Helpers/PresentationAsposeHelper/Processors/[1mAutoShapeProcessor.cs[m(383,55): [33;1mwarning[m [33;1mCS8602[m: Dereference of a possibly null reference.
/srv/dev-fast/runtime-data/fireside-templates-hetzner-20260905/stack-fireside/engines/twodartnet/TwodartNet/Helpers/PresentationAsposeHelper/Processors/[1mAutoShapeProcessor.cs[m(383,55): [33;1mwarning[m [33;1mCS8602[m: Dereference of a possibly null reference.
/srv/dev-fast/runtime-data/fireside-templates-hetzner-20260905/stack-fireside/engines/twodartnet/TwodartNet/Helpers/PresentationAsposeHelper/Processors/[1mAutoShapeProcessor.cs[m(382,45): [33;1mwarning[m [33;1mCS8604[m: Possible null reference argument for parameter 'shape' in 'void TextFrameHelper.ApplyTextFrameStyle(AutoShape shape, TextFrame textFrame, string cssPropertiesString)'.
/srv/dev-fast/runtime-data/fireside-templates-hetzner-20260905/stack-fireside/engines/twodartnet/TwodartNet/Helpers/PresentationAsposeHelper/Processors/[1mAutoShapeProcessor.cs[m(383,13): [33;1mwarning[m [33;1mCS8604[m: Possible null reference argument for parameter 'textFrame' in 'void TextFrameHelper.ApplyTextFrameStyle(AutoShape shape, TextFrame textFrame, string cssPropertiesString)'.
/srv/dev-fast/runtime-data/fireside-templates-hetzner-20260905/stack-fireside/engines/twodartnet/TwodartNet/Helpers/PresentationAsposeHelper/Processors/[1mAutoShapeProcessor.cs[m(384,52): [33;1mwarning[m [33;1mCS8604[m: Possible null reference argument for parameter 'textFrame' in 'void TextFrameHelper.ApplyTextFramePaddingStyle(TextFrame textFrame, string cssPropertiesString)'.
/srv/dev-fast/runtime-data/fireside-templates-hetzner-20260905/stack-fireside/engines/twodartnet/TwodartNet/Helpers/PresentationAsposeHelper/Processors/[1mAutoShapeProcessor.cs[m(407,39): [33;1mwarning[m [33;1mCS8602[m: Dereference of a possibly null reference.
/srv/dev-fast/runtime-data/fireside-templates-hetzner-20260905/stack-fireside/engines/twodartnet/TwodartNet/Helpers/PresentationAsposeHelper/Processors/[1mAutoShapeProcessor.cs[m(407,39): [33;1mwarning[m [33;1mCS8602[m: Dereference of a possibly null reference.
/srv/dev-fast/runtime-data/fireside-templates-hetzner-20260905/stack-fireside/engines/twodartnet/TwodartNet/Helpers/PresentationAsposeHelper/Processors/[1mSVGFrameProcessor.cs[m(268,36): [33;1mwarning[m [33;1mCS8600[m: Converting null literal or possible null value to non-nullable type.
/srv/dev-fast/runtime-data/fireside-templates-hetzner-20260905/stack-fireside/engines/twodartnet/TwodartNet/Helpers/PresentationAsposeHelper/Processors/[1mSVGFrameProcessor.cs[m(272,13): [33;1mwarning[m [33;1mCS8602[m: Dereference of a possibly null reference.
/srv/dev-fast/runtime-data/fireside-templates-hetzner-20260905/stack-fireside/engines/twodartnet/TwodartNet/Helpers/PresentationAsposeHelper/Processors/[1mSVGFrameProcessor.cs[m(311,16): [33;1mwarning[m [33;1mCS8619[m: Nullability of reference types in value of type '(string? lastReplacedColor, string)' doesn't match target type '(string, string)'.
/srv/dev-fast/runtime-data/fireside-templates-hetzner-20260905/stack-fireside/engines/twodartnet/TwodartNet/Helpers/PresentationAsposeHelper/[1mPresentationAsposeHelper.cs[m(830,47): [33;1mwarning[m [33;1mCS8600[m: Converting null literal or possible null value to non-nullable type.
/srv/dev-fast/runtime-data/fireside-templates-hetzner-20260905/stack-fireside/engines/twodartnet/TwodartNet/Helpers/PresentationAsposeHelper/Processors/[1mAutoShapeProcessor.cs[m(420,13): [33;1mwarning[m [33;1mCS8604[m: Possible null reference argument for parameter 'cssPropertiesString' in 'void ParagraphHelper.ApplyParagraphStyle(IParagraph paragraph, string cssPropertiesString, PortionInfo portion)'.
/srv/dev-fast/runtime-data/fireside-templates-hetzner-20260905/stack-fireside/engines/twodartnet/TwodartNet/Helpers/PresentationAsposeHelper/Processors/[1mAutoShapeProcessor.cs[m(421,13): [33;1mwarning[m [33;1mCS8604[m: Possible null reference argument for parameter 'portion' in 'void ParagraphHelper.ApplyParagraphStyle(IParagraph paragraph, string cssPropertiesString, PortionInfo portion)'.
/srv/dev-fast/runtime-data/fireside-templates-hetzner-20260905/stack-fireside/engines/twodartnet/TwodartNet/Helpers/PresentationAsposeHelper/Processors/[1mAutoShapeProcessor.cs[m(428,51): [33;1mwarning[m [33;1mCS8604[m: Possible null reference argument for parameter 'cssPropertiesString' in 'void PortionHelper.ApplyTextStyle(IPortion portion, string cssPropertiesString, FontChange? fontChange = null, IParagraph parentParagraph = null, ILogger logger = null)'.
/srv/dev-fast/runtime-data/fireside-templates-hetzner-20260905/stack-fireside/engines/twodartnet/TwodartNet/Helpers/PresentationAsposeHelper/Processors/[1mAutoShapeProcessor.cs[m(433,73): [33;1mwarning[m [33;1mCS8604[m: Possible null reference argument for parameter 'presentation' in 'void PortionHelper.ApplyHyperlink(Portion portion, LinkInfo link, Presentation presentation)'.
/srv/dev-fast/runtime-data/fireside-templates-hetzner-20260905/stack-fireside/engines/twodartnet/TwodartNet/Helpers/PresentationAsposeHelper/Processors/[1mAutoShapeProcessor.cs[m(450,48): [33;1mwarning[m [33;1mCS8604[m: Possible null reference argument for parameter 'markerStyleOverride' in 'void ParagraphHelper.ApplyBulletStyle(IParagraph paragraph, string bulletStyle, BulletType bulletType, int? bulletStartNumber, int? bulletDepth = null, string markerStyleOverride = null)'.
/srv/dev-fast/runtime-data/fireside-templates-hetzner-20260905/stack-fireside/engines/twodartnet/TwodartNet/Helpers/PresentationAsposeHelper/Processors/[1mAutoShapeProcessor.cs[m(493,13): [33;1mwarning[m [33;1mCS8602[m: Dereference of a possibly null reference.
/srv/dev-fast/runtime-data/fireside-templates-hetzner-20260905/stack-fireside/engines/twodartnet/TwodartNet/Helpers/PresentationAsposeHelper/Processors/[1mAutoShapeProcessor.cs[m(493,13): [33;1mwarning[m [33;1mCS8602[m: Dereference of a possibly null reference.
/srv/dev-fast/runtime-data/fireside-templates-hetzner-20260905/stack-fireside/engines/twodartnet/TwodartNet/Helpers/PresentationAsposeHelper/Processors/[1mAutoShapeProcessor.cs[m(492,45): [33;1mwarning[m [33;1mCS8604[m: Possible null reference argument for parameter 'shape' in 'void TextFrameHelper.ApplyTextFrameStyle(AutoShape shape, TextFrame textFrame, string cssPropertiesString)'.
/srv/dev-fast/runtime-data/fireside-templates-hetzner-20260905/stack-fireside/engines/twodartnet/TwodartNet/Helpers/PresentationAsposeHelper/Processors/[1mAutoShapeProcessor.cs[m(492,65): [33;1mwarning[m [33;1mCS8604[m: Possible null reference argument for parameter 'textFrame' in 'void TextFrameHelper.ApplyTextFrameStyle(AutoShape shape, TextFrame textFrame, string cssPropertiesString)'.
/srv/dev-fast/runtime-data/fireside-templates-hetzner-20260905/stack-fireside/engines/twodartnet/TwodartNet/Helpers/PresentationAsposeHelper/Processors/[1mTableProcessor.cs[m(36,55): [33;1mwarning[m [33;1mCS8603[m: Possible null reference return.
/srv/dev-fast/runtime-data/fireside-templates-hetzner-20260905/stack-fireside/engines/twodartnet/TwodartNet/Helpers/PresentationAsposeHelper/Processors/[1mTableProcessor.cs[m(38,33): [33;1mwarning[m [33;1mCS8600[m: Converting null literal or possible null value to non-nullable type.
/srv/dev-fast/runtime-data/fireside-templates-hetzner-20260905/stack-fireside/engines/twodartnet/TwodartNet/Helpers/PresentationAsposeHelper/Processors/[1mTableProcessor.cs[m(47,67): [33;1mwarning[m [33;1mCS8603[m: Possible null reference return.
/srv/dev-fast/runtime-data/fireside-templates-hetzner-20260905/stack-fireside/engines/twodartnet/TwodartNet/Helpers/PresentationAsposeHelper/Processors/[1mTableProcessor.cs[m(60,20): [33;1mwarning[m [33;1mCS8603[m: Possible null reference return.
/srv/dev-fast/runtime-data/fireside-templates-hetzner-20260905/stack-fireside/engines/twodartnet/TwodartNet/Helpers/PresentationAsposeHelper/Processors/[1mTableProcessor.cs[m(95,35): [33;1mwarning[m [33;1mCS8625[m: Cannot convert null literal to non-nullable reference type.
/srv/dev-fast/runtime-data/fireside-templates-hetzner-20260905/stack-fireside/engines/twodartnet/TwodartNet/Helpers/PresentationAsposeHelper/Processors/[1mTableProcessor.cs[m(143,20): [33;1mwarning[m [33;1mCS8603[m: Possible null reference return.
/srv/dev-fast/runtime-data/fireside-templates-hetzner-20260905/stack-fireside/engines/twodartnet/TwodartNet/Services/AnalyzeSlidesContent/[1mAnalyzeSlidesContentModels.cs[m(33,19): [33;1mwarning[m [33;1mCS8618[m: Non-nullable property 'ColorValue' must contain a non-null value when exiting constructor. Consider adding the 'required' modifier or declaring the property as nullable.
/srv/dev-fast/runtime-data/fireside-templates-hetzner-20260905/stack-fireside/engines/twodartnet/TwodartNet/Services/AnalyzeSlidesContent/[1mAnalyzeSlidesContentModels.cs[m(34,19): [33;1mwarning[m [33;1mCS8618[m: Non-nullable property 'ColorType' must contain a non-null value when exiting constructor. Consider adding the 'required' modifier or declaring the property as nullable.
/srv/dev-fast/runtime-data/fireside-templates-hetzner-20260905/stack-fireside/engines/twodartnet/TwodartNet/Services/AnalyzeSlidesContent/[1mAnalyzeSlidesContentModels.cs[m(35,19): [33;1mwarning[m [33;1mCS8618[m: Non-nullable property 'Issue' must contain a non-null value when exiting constructor. Consider adding the 'required' modifier or declaring the property as nullable.
/srv/dev-fast/runtime-data/fireside-templates-hetzner-20260905/stack-fireside/engines/twodartnet/TwodartNet/Services/AnalyzeSlidesContent/[1mAnalyzeSlidesContentModels.cs[m(36,19): [33;1mwarning[m [33;1mCS8618[m: Non-nullable property 'SuggestedThemeColor' must contain a non-null value when exiting constructor. Consider adding the 'required' modifier or declaring the property as nullable.
/srv/dev-fast/runtime-data/fireside-templates-hetzner-20260905/stack-fireside/engines/twodartnet/TwodartNet/Helpers/PresentationAsposeHelper/Processors/[1mChartProcessor.cs[m(915,32): [33;1mwarning[m [33;1mCS8600[m: Converting null literal or possible null value to non-nullable type.
/srv/dev-fast/runtime-data/fireside-templates-hetzner-20260905/stack-fireside/engines/twodartnet/TwodartNet/Helpers/PresentationAsposeHelper/Processors/[1mChartProcessor.cs[m(916,32): [33;1mwarning[m [33;1mCS8600[m: Converting null literal or possible null value to non-nullable type.
/srv/dev-fast/runtime-data/fireside-templates-hetzner-20260905/stack-fireside/engines/twodartnet/TwodartNet/Helpers/PresentationAsposeHelper/Processors/[1mChartProcessor.cs[m(917,29): [33;1mwarning[m [33;1mCS8600[m: Converting null literal or possible null value to non-nullable type.
/srv/dev-fast/runtime-data/fireside-templates-hetzner-20260905/stack-fireside/engines/twodartnet/TwodartNet/Helpers/PresentationAsposeHelper/Processors/[1mChartProcessor.cs[m(927,83): [33;1mwarning[m [33;1mCS8604[m: Possible null reference argument for parameter 'logger' in 'string ChartProcessor.ExtractWaterfallDataPointColor(IChartDataPoint dp, int index, IColorScheme colorScheme, ILogger logger)'.
/srv/dev-fast/runtime-data/fireside-templates-hetzner-20260905/stack-fireside/engines/twodartnet/TwodartNet/Services/AnalyzeTheme/[1mAnalyzeThemeModels.cs[m(32,19): [33;1mwarning[m [33;1mCS8618[m: Non-nullable property 'CategoryName' must contain a non-null value when exiting constructor. Consider adding the 'required' modifier or declaring the property as nullable.
/srv/dev-fast/runtime-data/fireside-templates-hetzner-20260905/stack-fireside/engines/twodartnet/TwodartNet/Services/AnalyzeTheme/[1mAnalyzeThemeModels.cs[m(33,19): [33;1mwarning[m [33;1mCS8618[m: Non-nullable property 'Slug' must contain a non-null value when exiting constructor. Consider adding the 'required' modifier or declaring the property as nullable.
/srv/dev-fast/runtime-data/fireside-templates-hetzner-20260905/stack-fireside/engines/twodartnet/TwodartNet/Services/AnalyzeTheme/[1mAnalyzeThemeModels.cs[m(36,19): [33;1mwarning[m [33;1mCS8618[m: Non-nullable property 'ParentCategoryName' must contain a non-null value when exiting constructor. Consider adding the 'required' modifier or declaring the property as nullable.
/srv/dev-fast/runtime-data/fireside-templates-hetzner-20260905/stack-fireside/engines/twodartnet/TwodartNet/Services/AnalyzeTheme/[1mAnalyzeThemeModels.cs[m(37,19): [33;1mwarning[m [33;1mCS8618[m: Non-nullable property 'ParentSlug' must contain a non-null value when exiting constructor. Consider adding the 'required' modifier or declaring the property as nullable.
/srv/dev-fast/runtime-data/fireside-templates-hetzner-20260905/stack-fireside/engines/twodartnet/TwodartNet/Helpers/PresentationAsposeHelper/[1mPresentationAsposeHelper.cs[m(991,24): [33;1mwarning[m [33;1mCS8603[m: Possible null reference return.
/srv/dev-fast/runtime-data/fireside-templates-hetzner-20260905/stack-fireside/engines/twodartnet/TwodartNet/Helpers/PresentationAsposeHelper/[1mPresentationAsposeHelper.cs[m(997,16): [33;1mwarning[m [33;1mCS8603[m: Possible null reference return.
/srv/dev-fast/runtime-data/fireside-templates-hetzner-20260905/stack-fireside/engines/twodartnet/TwodartNet/Services/AnalyzeTheme/[1mAnalyzeThemeModels.cs[m(45,19): [33;1mwarning[m [33;1mCS8618[m: Non-nullable property 'SlideUniqueId' must contain a non-null value when exiting constructor. Consider adding the 'required' modifier or declaring the property as nullable.
/srv/dev-fast/runtime-data/fireside-templates-hetzner-20260905/stack-fireside/engines/twodartnet/TwodartNet/Services/AnalyzeTheme/[1mAnalyzeThemeModels.cs[m(47,19): [33;1mwarning[m [33;1mCS8618[m: Non-nullable property 'Category' must contain a non-null value when exiting constructor. Consider adding the 'required' modifier or declaring the property as nullable.
/srv/dev-fast/runtime-data/fireside-templates-hetzner-20260905/stack-fireside/engines/twodartnet/TwodartNet/Helpers/PresentationAsposeHelper/Processors/[1mChartProcessor.cs[m(1042,39): [33;1mwarning[m [33;1mCS8602[m: Dereference of a possibly null reference.
/srv/dev-fast/runtime-data/fireside-templates-hetzner-20260905/stack-fireside/engines/twodartnet/TwodartNet/Services/AnalyzeSlidesContent/[1mAnalyzeSlidesContentModels.cs[m(79,19): [33;1mwarning[m [33;1mCS8618[m: Non-nullable property 'MajorFont' must contain a non-null value when exiting constructor. Consider adding the 'required' modifier or declaring the property as nullable.
/srv/dev-fast/runtime-data/fireside-templates-hetzner-20260905/stack-fireside/engines/twodartnet/TwodartNet/Services/AnalyzeSlidesContent/[1mAnalyzeSlidesContentModels.cs[m(80,19): [33;1mwarning[m [33;1mCS8618[m: Non-nullable property 'MinorFont' must contain a non-null value when exiting constructor. Consider adding the 'required' modifier or declaring the property as nullable.
/srv/dev-fast/runtime-data/fireside-templates-hetzner-20260905/stack-fireside/engines/twodartnet/TwodartNet/Helpers/PresentationAsposeHelper/Processors/[1mChartProcessor.cs[m(1102,63): [33;1mwarning[m [33;1mCS8604[m: Possible null reference argument for parameter 'logger' in 'void ChartProcessor.ExtractAxisSettings(IChart chart, ChartSettings settings, bool layoutValidated, ILogger logger)'.
/srv/dev-fast/runtime-data/fireside-templates-hetzner-20260905/stack-fireside/engines/twodartnet/TwodartNet/Services/AnalyzeSlidesContent/[1mAnalyzeSlidesContentService.cs[m(479,59): [33;1mwarning[m [33;1mCS8604[m: Possible null reference argument for parameter 'majorFont' in 'bool AnalyzeSlidesContentService.IsThemeFont(string fontName, string majorFont, string minorFont)'.
/srv/dev-fast/runtime-data/fireside-templates-hetzner-20260905/stack-fireside/engines/twodartnet/TwodartNet/Services/AnalyzeSlidesContent/[1mAnalyzeSlidesContentService.cs[m(479,70): [33;1mwarning[m [33;1mCS8604[m: Possible null reference argument for parameter 'minorFont' in 'bool AnalyzeSlidesContentService.IsThemeFont(string fontName, string majorFont, string minorFont)'.
/srv/dev-fast/runtime-data/fireside-templates-hetzner-20260905/stack-fireside/engines/twodartnet/TwodartNet/Services/AnalyzeTheme/[1mAnalyzeThemeModels.cs[m(58,19): [33;1mwarning[m [33;1mCS8618[m: Non-nullable property 'SlideUniqueId' must contain a non-null value when exiting constructor. Consider adding the 'required' modifier or declaring the property as nullable.
/srv/dev-fast/runtime-data/fireside-templates-hetzner-20260905/stack-fireside/engines/twodartnet/TwodartNet/Services/AnalyzeTheme/[1mAnalyzeThemeModels.cs[m(69,19): [33;1mwarning[m [33;1mCS8618[m: Non-nullable property 'TemplateName' must contain a non-null value when exiting constructor. Consider adding the 'required' modifier or declaring the property as nullable.
/srv/dev-fast/runtime-data/fireside-templates-hetzner-20260905/stack-fireside/engines/twodartnet/TwodartNet/Services/AnalyzeTheme/[1mAnalyzeThemeModels.cs[m(70,19): [33;1mwarning[m [33;1mCS8618[m: Non-nullable property 'ThemeName' must contain a non-null value when exiting constructor. Consider adding the 'required' modifier or declaring the property as nullable.
/srv/dev-fast/runtime-data/fireside-templates-hetzner-20260905/stack-fireside/engines/twodartnet/TwodartNet/Services/AnalyzeSlidesContent/[1mAnalyzeSlidesContentParams.cs[m(11,22): [33;1mwarning[m [33;1mCS8618[m: Non-nullable property 'file' must contain a non-null value when exiting constructor. Consider adding the 'required' modifier or declaring the property as nullable.
/srv/dev-fast/runtime-data/fireside-templates-hetzner-20260905/stack-fireside/engines/twodartnet/TwodartNet/Services/AnalyzeTheme/[1mAnalyzeThemeModels.cs[m(83,39): [33;1mwarning[m [33;1mCS8618[m: Non-nullable property 'Response' must contain a non-null value when exiting constructor. Consider adding the 'required' modifier or declaring the property as nullable.
/srv/dev-fast/runtime-data/fireside-templates-hetzner-20260905/stack-fireside/engines/twodartnet/TwodartNet/Services/AnalyzeTheme/[1mAnalyzeThemeModels.cs[m(84,19): [33;1mwarning[m [33;1mCS8618[m: Non-nullable property 'ErrorMessage' must contain a non-null value when exiting constructor. Consider adding the 'required' modifier or declaring the property as nullable.
/srv/dev-fast/runtime-data/fireside-templates-hetzner-20260905/stack-fireside/engines/twodartnet/TwodartNet/Helpers/PresentationAsposeHelper/[1mPresentationAsposeHelper.cs[m(1164,21): [33;1mwarning[m [33;1mCS8625[m: Cannot convert null literal to non-nullable reference type.
/srv/dev-fast/runtime-data/fireside-templates-hetzner-20260905/stack-fireside/engines/twodartnet/TwodartNet/Helpers/PresentationAsposeHelper/Processors/[1mChartProcessor.cs[m(1220,65): [33;1mwarning[m [33;1mCS8600[m: Converting null literal or possible null value to non-nullable type.
/srv/dev-fast/runtime-data/fireside-templates-hetzner-20260905/stack-fireside/engines/twodartnet/TwodartNet/Helpers/PresentationAsposeHelper/Processors/[1mChartProcessor.cs[m(1273,89): [33;1mwarning[m [33;1mCS8604[m: Possible null reference argument for parameter 'presentation' in 'string ChartProcessor.BuildChartTitlePortionCss(IChart chart, IPortion portion, IPresentation presentation)'.
/srv/dev-fast/runtime-data/fireside-templates-hetzner-20260905/stack-fireside/engines/twodartnet/TwodartNet/Helpers/PresentationAsposeHelper/Processors/[1mChartProcessor.cs[m(1276,77): [33;1mwarning[m [33;1mCS8604[m: Possible null reference argument for parameter 'portion' in 'LinkInfo PortionHelper.GetExternalLinkInfoFromPortion(Portion portion)'.
/srv/dev-fast/runtime-data/fireside-templates-hetzner-20260905/stack-fireside/engines/twodartnet/TwodartNet/Helpers/PresentationAsposeHelper/Processors/[1mChartProcessor.cs[m(1316,50): [33;1mwarning[m [33;1mCS8603[m: Possible null reference return.
/srv/dev-fast/runtime-data/fireside-templates-hetzner-20260905/stack-fireside/engines/twodartnet/TwodartNet/Helpers/PresentationAsposeHelper/Processors/[1mChartProcessor.cs[m(1321,20): [33;1mwarning[m [33;1mCS8603[m: Possible null reference return.
/srv/dev-fast/runtime-data/fireside-templates-hetzner-20260905/stack-fireside/engines/twodartnet/TwodartNet/Helpers/PresentationAsposeHelper/Processors/[1mChartProcessor.cs[m(1338,24): [33;1mwarning[m [33;1mCS8629[m: Nullable value type may be null.
/srv/dev-fast/runtime-data/fireside-templates-hetzner-20260905/stack-fireside/engines/twodartnet/TwodartNet/Helpers/PresentationAsposeHelper/[1mSVGSplitHelper.cs[m(116,24): [33;1mwarning[m [33;1mCS8600[m: Converting null literal or possible null value to non-nullable type.
/srv/dev-fast/runtime-data/fireside-templates-hetzner-20260905/stack-fireside/engines/twodartnet/TwodartNet/Helpers/PresentationAsposeHelper/[1mSVGSplitHelper.cs[m(121,34): [33;1mwarning[m [33;1mCS8600[m: Converting null literal or possible null value to non-nullable type.
/srv/dev-fast/runtime-data/fireside-templates-hetzner-20260905/stack-fireside/engines/twodartnet/TwodartNet/Helpers/PresentationAsposeHelper/[1mSVGSplitHelper.cs[m(132,16): [33;1mwarning[m [33;1mCS8603[m: Possible null reference return.
/srv/dev-fast/runtime-data/fireside-templates-hetzner-20260905/stack-fireside/engines/twodartnet/TwodartNet/Helpers/PresentationAsposeHelper/Processors/[1mChartProcessor.cs[m(1430,27): [33;1mwarning[m [33;1mCS8600[m: Converting null literal or possible null value to non-nullable type.
/srv/dev-fast/runtime-data/fireside-templates-hetzner-20260905/stack-fireside/engines/twodartnet/TwodartNet/Helpers/PresentationAsposeHelper/Processors/[1mChartProcessor.cs[m(1431,26): [33;1mwarning[m [33;1mCS8600[m: Converting null literal or possible null value to non-nullable type.
/srv/dev-fast/runtime-data/fireside-templates-hetzner-20260905/stack-fireside/engines/twodartnet/TwodartNet/Helpers/PresentationAsposeHelper/Processors/[1mChartProcessor.cs[m(1434,30): [33;1mwarning[m [33;1mCS8600[m: Converting null literal or possible null value to non-nullable type.
/srv/dev-fast/runtime-data/fireside-templates-hetzner-20260905/stack-fireside/engines/twodartnet/TwodartNet/Helpers/PresentationAsposeHelper/Processors/[1mChartProcessor.cs[m(1436,39): [33;1mwarning[m [33;1mCS8604[m: Possible null reference argument for parameter 'fontName' in 'string ChartProcessor.MapFontNameToCssFamily(string fontName, IPresentation presentation)'.
/srv/dev-fast/runtime-data/fireside-templates-hetzner-20260905/stack-fireside/engines/twodartnet/TwodartNet/Helpers/[1mPresentationHelper.cs[m(37,19): [33;1mwarning[m [33;1mCS8618[m: Non-nullable property 'Text' must contain a non-null value when exiting constructor. Consider adding the 'required' modifier or declaring the property as nullable.
/srv/dev-fast/runtime-data/fireside-templates-hetzner-20260905/stack-fireside/engines/twodartnet/TwodartNet/Helpers/[1mPresentationHelper.cs[m(39,19): [33;1mwarning[m [33;1mCS8618[m: Non-nullable property 'FontTypeface' must contain a non-null value when exiting constructor. Consider adding the 'required' modifier or declaring the property as nullable.
/srv/dev-fast/runtime-data/fireside-templates-hetzner-20260905/stack-fireside/engines/twodartnet/TwodartNet/Helpers/[1mPresentationHelper.cs[m(44,19): [33;1mwarning[m [33;1mCS8618[m: Non-nullable property 'Color' must contain a non-null value when exiting constructor. Consider adding the 'required' modifier or declaring the property as nullable.
/srv/dev-fast/runtime-data/fireside-templates-hetzner-20260905/stack-fireside/engines/twodartnet/TwodartNet/Helpers/PresentationAsposeHelper/[1mSVGSplitHelper.cs[m(139,20): [33;1mwarning[m [33;1mCS8619[m: Nullability of reference types in value of type '(string?, string?)' doesn't match target type '(string fillCssVar, string strokeCssVar)'.
/srv/dev-fast/runtime-data/fireside-templates-hetzner-20260905/stack-fireside/engines/twodartnet/TwodartNet/Helpers/PresentationAsposeHelper/Processors/[1mChartProcessor.cs[m(1448,52): [33;1mwarning[m [33;1mCS8603[m: Possible null reference return.
/srv/dev-fast/runtime-data/fireside-templates-hetzner-20260905/stack-fireside/engines/twodartnet/TwodartNet/Helpers/PresentationAsposeHelper/Processors/[1mChartProcessor.cs[m(1483,24): [33;1mwarning[m [33;1mCS8629[m: Nullable value type may be null.
/srv/dev-fast/runtime-data/fireside-templates-hetzner-20260905/stack-fireside/engines/twodartnet/TwodartNet/Helpers/PresentationAsposeHelper/Processors/[1mChartProcessor.cs[m(1491,24): [33;1mwarning[m [33;1mCS8629[m: Nullable value type may be null.
/srv/dev-fast/runtime-data/fireside-templates-hetzner-20260905/stack-fireside/engines/twodartnet/TwodartNet/Helpers/PresentationAsposeHelper/[1mPresentationAsposeHelper.cs[m(1228,20): [33;1mwarning[m [33;1mCS8603[m: Possible null reference return.
/srv/dev-fast/runtime-data/fireside-templates-hetzner-20260905/stack-fireside/engines/twodartnet/TwodartNet/Helpers/[1mPresentationConstructionHelper.cs[m(102,31): [33;1mwarning[m [33;1mCS8600[m: Converting null literal or possible null value to non-nullable type.
/srv/dev-fast/runtime-data/fireside-templates-hetzner-20260905/stack-fireside/engines/twodartnet/TwodartNet/Helpers/[1mPresentationConstructionHelper.cs[m(146,9): [33;1mwarning[m [33;1mCS8602[m: Dereference of a possibly null reference.
/srv/dev-fast/runtime-data/fireside-templates-hetzner-20260905/stack-fireside/engines/twodartnet/TwodartNet/Helpers/[1mPresentationConstructionHelper.cs[m(146,9): [33;1mwarning[m [33;1mCS8602[m: Dereference of a possibly null reference.
/srv/dev-fast/runtime-data/fireside-templates-hetzner-20260905/stack-fireside/engines/twodartnet/TwodartNet/Helpers/[1mPresentationConstructionHelper.cs[m(146,9): [33;1mwarning[m [33;1mCS8602[m: Dereference of a possibly null reference.
/srv/dev-fast/runtime-data/fireside-templates-hetzner-20260905/stack-fireside/engines/twodartnet/TwodartNet/Helpers/[1mPresentationConstructionHelper.cs[m(163,16): [33;1mwarning[m [33;1mCS8600[m: Converting null literal or possible null value to non-nullable type.
/srv/dev-fast/runtime-data/fireside-templates-hetzner-20260905/stack-fireside/engines/twodartnet/TwodartNet/Helpers/[1mPresentationConstructionHelper.cs[m(163,16): [33;1mwarning[m [33;1mCS8603[m: Possible null reference return.
/srv/dev-fast/runtime-data/fireside-templates-hetzner-20260905/stack-fireside/engines/twodartnet/TwodartNet/Helpers/PresentationAsposeHelper/[1mSVGSplitHelper.cs[m(154,20): [33;1mwarning[m [33;1mCS8603[m: Possible null reference return.
/srv/dev-fast/runtime-data/fireside-templates-hetzner-20260905/stack-fireside/engines/twodartnet/TwodartNet/Helpers/PresentationAsposeHelper/[1mSVGSplitHelper.cs[m(160,16): [33;1mwarning[m [33;1mCS8603[m: Possible null reference return.
/srv/dev-fast/runtime-data/fireside-templates-hetzner-20260905/stack-fireside/engines/twodartnet/TwodartNet/Helpers/PresentationAsposeHelper/[1mSVGSplitHelper.cs[m(156,19): [33;1mwarning[m [33;1mCS8073[m: The result of the expression is always 'true' since a value of type 'Color' is never equal to 'null' of type 'Color?'
/srv/dev-fast/runtime-data/fireside-templates-hetzner-20260905/stack-fireside/engines/twodartnet/TwodartNet/Helpers/PresentationAsposeHelper/[1mSVGSplitHelper.cs[m(167,20): [33;1mwarning[m [33;1mCS8603[m: Possible null reference return.
/srv/dev-fast/runtime-data/fireside-templates-hetzner-20260905/stack-fireside/engines/twodartnet/TwodartNet/Helpers/PresentationAsposeHelper/[1mSVGSplitHelper.cs[m(173,16): [33;1mwarning[m [33;1mCS8603[m: Possible null reference return.
/srv/dev-fast/runtime-data/fireside-templates-hetzner-20260905/stack-fireside/engines/twodartnet/TwodartNet/Helpers/PresentationAsposeHelper/[1mSVGSplitHelper.cs[m(169,19): [33;1mwarning[m [33;1mCS8073[m: The result of the expression is always 'true' since a value of type 'Color' is never equal to 'null' of type 'Color?'
/srv/dev-fast/runtime-data/fireside-templates-hetzner-20260905/stack-fireside/engines/twodartnet/TwodartNet/Helpers/PresentationAsposeHelper/Processors/[1mChartProcessor.cs[m(1550,16): [33;1mwarning[m [33;1mCS8603[m: Possible null reference return.
/srv/dev-fast/runtime-data/fireside-templates-hetzner-20260905/stack-fireside/engines/twodartnet/TwodartNet/Helpers/PresentationAsposeHelper/Processors/[1mTableProcessor.cs[m(270,61): [33;1mwarning[m [33;1mCS8600[m: Converting null literal or possible null value to non-nullable type.
/srv/dev-fast/runtime-data/fireside-templates-hetzner-20260905/stack-fireside/engines/twodartnet/TwodartNet/Helpers/PresentationAsposeHelper/Processors/[1mTableProcessor.cs[m(312,29): [33;1mwarning[m [33;1mCS8604[m: Possible null reference argument for parameter 'portion' in 'PortionContext.PortionContext(Portion portion, TextFrame parentTextFrame, bool tableContent, bool isLast, bool isFirst, Paragraph parentParagraph)'.
/srv/dev-fast/runtime-data/fireside-templates-hetzner-20260905/stack-fireside/engines/twodartnet/TwodartNet/Helpers/PresentationAsposeHelper/Processors/[1mTableProcessor.cs[m(313,29): [33;1mwarning[m [33;1mCS8604[m: Possible null reference argument for parameter 'parentTextFrame' in 'PortionContext.PortionContext(Portion portion, TextFrame parentTextFrame, bool tableContent, bool isLast, bool isFirst, Paragraph parentParagraph)'.
/srv/dev-fast/runtime-data/fireside-templates-hetzner-20260905/stack-fireside/engines/twodartnet/TwodartNet/Helpers/PresentationAsposeHelper/Processors/[1mTableProcessor.cs[m(317,29): [33;1mwarning[m [33;1mCS8604[m: Possible null reference argument for parameter 'parentParagraph' in 'PortionContext.PortionContext(Portion portion, TextFrame parentTextFrame, bool tableContent, bool isLast, bool isFirst, Paragraph parentParagraph)'.
/srv/dev-fast/runtime-data/fireside-templates-hetzner-20260905/stack-fireside/engines/twodartnet/TwodartNet/Helpers/PresentationAsposeHelper/Processors/[1mTableProcessor.cs[m(335,82): [33;1mwarning[m [33;1mCS8604[m: Possible null reference argument for parameter 'portion' in 'LinkInfo PortionHelper.GetExternalLinkInfoFromPortion(Portion portion)'.
/srv/dev-fast/runtime-data/fireside-templates-hetzner-20260905/stack-fireside/engines/twodartnet/TwodartNet/Helpers/PresentationAsposeHelper/Processors/[1mChartProcessor.cs[m(1563,41): [33;1mwarning[m [33;1mCS8603[m: Possible null reference return.
/srv/dev-fast/runtime-data/fireside-templates-hetzner-20260905/stack-fireside/engines/twodartnet/TwodartNet/Helpers/PresentationAsposeHelper/Processors/[1mChartProcessor.cs[m(1565,39): [33;1mwarning[m [33;1mCS8603[m: Possible null reference return.
/srv/dev-fast/runtime-data/fireside-templates-hetzner-20260905/stack-fireside/engines/twodartnet/TwodartNet/Helpers/PresentationAsposeHelper/[1mSVGSplitHelper.cs[m(199,27): [33;1mwarning[m [33;1mCS8604[m: Possible null reference argument for parameter 'svgElement' in 'void SVGSplitHelper.ProcessBackground(XElement svgElement, ISlide slide, Presentation presentation)'.
/srv/dev-fast/runtime-data/fireside-templates-hetzner-20260905/stack-fireside/engines/twodartnet/TwodartNet/Helpers/PresentationAsposeHelper/Processors/[1mChartProcessor.cs[m(1573,73): [33;1mwarning[m [33;1mCS8603[m: Possible null reference return.
/srv/dev-fast/runtime-data/fireside-templates-hetzner-20260905/stack-fireside/engines/twodartnet/TwodartNet/Helpers/PresentationAsposeHelper/Processors/[1mChartProcessor.cs[m(1576,39): [33;1mwarning[m [33;1mCS8603[m: Possible null reference return.
/srv/dev-fast/runtime-data/fireside-templates-hetzner-20260905/stack-fireside/engines/twodartnet/TwodartNet/Helpers/PresentationAsposeHelper/Processors/[1mChartProcessor.cs[m(1585,70): [33;1mwarning[m [33;1mCS8603[m: Possible null reference return.
/srv/dev-fast/runtime-data/fireside-templates-hetzner-20260905/stack-fireside/engines/twodartnet/TwodartNet/Helpers/PresentationAsposeHelper/Processors/[1mChartProcessor.cs[m(1591,20): [33;1mwarning[m [33;1mCS8603[m: Possible null reference return.
/srv/dev-fast/runtime-data/fireside-templates-hetzner-20260905/stack-fireside/engines/twodartnet/TwodartNet/Services/AnalyzeSlidesContent/[1mAnalyzeSlidesContentService.cs[m(526,63): [33;1mwarning[m [33;1mCS8604[m: Possible null reference argument for parameter 'majorFont' in 'bool AnalyzeSlidesContentService.IsThemeFont(string fontName, string majorFont, string minorFont)'.
/srv/dev-fast/runtime-data/fireside-templates-hetzner-20260905/stack-fireside/engines/twodartnet/TwodartNet/Services/AnalyzeSlidesContent/[1mAnalyzeSlidesContentService.cs[m(526,74): [33;1mwarning[m [33;1mCS8604[m: Possible null reference argument for parameter 'minorFont' in 'bool AnalyzeSlidesContentService.IsThemeFont(string fontName, string majorFont, string minorFont)'.
/srv/dev-fast/runtime-data/fireside-templates-hetzner-20260905/stack-fireside/engines/twodartnet/TwodartNet/Services/AnalyzeSlidesContent/[1mAnalyzeSlidesContentService.cs[m(530,52): [33;1mwarning[m [33;1mCS8602[m: Dereference of a possibly null reference.
/srv/dev-fast/runtime-data/fireside-templates-hetzner-20260905/stack-fireside/engines/twodartnet/TwodartNet/Helpers/WebExtensionHelpers/helpers/[1mSlideHelper.cs[m(178,40): [33;1mwarning[m [33;1mCS8600[m: Converting null literal or possible null value to non-nullable type.
/srv/dev-fast/runtime-data/fireside-templates-hetzner-20260905/stack-fireside/engines/twodartnet/TwodartNet/Helpers/WebExtensionHelpers/helpers/[1mSlideHelper.cs[m(179,32): [33;1mwarning[m [33;1mCS8600[m: Converting null literal or possible null value to non-nullable type.
/srv/dev-fast/runtime-data/fireside-templates-hetzner-20260905/stack-fireside/engines/twodartnet/TwodartNet/Helpers/WebExtensionHelpers/helpers/[1mSlideHelper.cs[m(197,33): [33;1mwarning[m [33;1mCS8600[m: Converting null literal or possible null value to non-nullable type.
/srv/dev-fast/runtime-data/fireside-templates-hetzner-20260905/stack-fireside/engines/twodartnet/TwodartNet/Helpers/WebExtensionHelpers/helpers/[1mSlideHelper.cs[m(256,213): [33;1mwarning[m [33;1mCS8604[m: Possible null reference argument for parameter 'item6' in 'Tuple<string, string, float, float, string, string, int>.Tuple(string item1, string item2, float item3, float item4, string item5, string item6, int item7)'.
/srv/dev-fast/runtime-data/fireside-templates-hetzner-20260905/stack-fireside/engines/twodartnet/TwodartNet/Helpers/[1mPresentationHelper.cs[m(61,45): [33;1mwarning[m [33;1mCS8600[m: Converting null literal or possible null value to non-nullable type.
/srv/dev-fast/runtime-data/fireside-templates-hetzner-20260905/stack-fireside/engines/twodartnet/TwodartNet/Services/BackgroundSvg/[1mBackgroundSvgModels.cs[m(8,19): [33;1mwarning[m [33;1mCS8618[m: Non-nullable property 'Name' must contain a non-null value when exiting constructor. Consider adding the 'required' modifier or declaring the property as nullable.
/srv/dev-fast/runtime-data/fireside-templates-hetzner-20260905/stack-fireside/engines/twodartnet/TwodartNet/Services/BackgroundSvg/[1mBackgroundSvgModels.cs[m(9,19): [33;1mwarning[m [33;1mCS8618[m: Non-nullable property 'SvgContent' must contain a non-null value when exiting constructor. Consider adding the 'required' modifier or declaring the property as nullable.
/srv/dev-fast/runtime-data/fireside-templates-hetzner-20260905/stack-fireside/engines/twodartnet/TwodartNet/Helpers/PresentationAsposeHelper/Processors/[1mPictureFrameProcessor.cs[m(558,24): [33;1mwarning[m [33;1mCS8600[m: Converting null literal or possible null value to non-nullable type.
/srv/dev-fast/runtime-data/fireside-templates-hetzner-20260905/stack-fireside/engines/twodartnet/TwodartNet/Helpers/PresentationAsposeHelper/Processors/[1mPictureFrameProcessor.cs[m(563,34): [33;1mwarning[m [33;1mCS8600[m: Converting null literal or possible null value to non-nullable type.
/srv/dev-fast/runtime-data/fireside-templates-hetzner-20260905/stack-fireside/engines/twodartnet/TwodartNet/Helpers/PresentationAsposeHelper/Processors/[1mPictureFrameProcessor.cs[m(573,16): [33;1mwarning[m [33;1mCS8603[m: Possible null reference return.
/srv/dev-fast/runtime-data/fireside-templates-hetzner-20260905/stack-fireside/engines/twodartnet/TwodartNet/Services/BackgroundSvg/[1mBackgroundSvgParams.cs[m(8,22): [33;1mwarning[m [33;1mCS8618[m: Non-nullable property 'file' must contain a non-null value when exiting constructor. Consider adding the 'required' modifier or declaring the property as nullable.
/srv/dev-fast/runtime-data/fireside-templates-hetzner-20260905/stack-fireside/engines/twodartnet/TwodartNet/Helpers/[1mPresentationHelper.cs[m(91,45): [33;1mwarning[m [33;1mCS8600[m: Converting null literal or possible null value to non-nullable type.
/srv/dev-fast/runtime-data/fireside-templates-hetzner-20260905/stack-fireside/engines/twodartnet/TwodartNet/Helpers/[1mPresentationHelper.cs[m(94,43): [33;1mwarning[m [33;1mCS8602[m: Dereference of a possibly null reference.
/srv/dev-fast/runtime-data/fireside-templates-hetzner-20260905/stack-fireside/engines/twodartnet/TwodartNet/Helpers/[1mPresentationHelper.cs[m(97,35): [33;1mwarning[m [33;1mCS8600[m: Converting null literal or possible null value to non-nullable type.
/srv/dev-fast/runtime-data/fireside-templates-hetzner-20260905/stack-fireside/engines/twodartnet/TwodartNet/Helpers/[1mPresentationHelper.cs[m(100,27): [33;1mwarning[m [33;1mCS8602[m: Dereference of a possibly null reference.
/srv/dev-fast/runtime-data/fireside-templates-hetzner-20260905/stack-fireside/engines/twodartnet/TwodartNet/Helpers/[1mPresentationHelper.cs[m(100,27): [33;1mwarning[m [33;1mCS8600[m: Converting null literal or possible null value to non-nullable type.
/srv/dev-fast/runtime-data/fireside-templates-hetzner-20260905/stack-fireside/engines/twodartnet/TwodartNet/Helpers/[1mPresentationHelper.cs[m(103,29): [33;1mwarning[m [33;1mCS8602[m: Dereference of a possibly null reference.
/srv/dev-fast/runtime-data/fireside-templates-hetzner-20260905/stack-fireside/engines/twodartnet/TwodartNet/Helpers/[1mPresentationHelper.cs[m(103,29): [33;1mwarning[m [33;1mCS8600[m: Converting null literal or possible null value to non-nullable type.
/srv/dev-fast/runtime-data/fireside-templates-hetzner-20260905/stack-fireside/engines/twodartnet/TwodartNet/Helpers/[1mPresentationHelper.cs[m(141,60): [33;1mwarning[m [33;1mCS8604[m: Possible null reference argument for parameter 'id' in 'OpenXmlPart OpenXmlPartContainer.GetPartById(string id)'.
/srv/dev-fast/runtime-data/fireside-templates-hetzner-20260905/stack-fireside/engines/twodartnet/TwodartNet/Helpers/[1mPresentationHelper.cs[m(141,31): [33;1mwarning[m [33;1mCS8600[m: Converting null literal or possible null value to non-nullable type.
/srv/dev-fast/runtime-data/fireside-templates-hetzner-20260905/stack-fireside/engines/twodartnet/TwodartNet/Helpers/[1mPresentationHelper.cs[m(144,37): [33;1mwarning[m [33;1mCS8604[m: Possible null reference argument for parameter 'part' in 'bool OpenXmlPartContainer.DeletePart(OpenXmlPart part)'.
/srv/dev-fast/runtime-data/fireside-templates-hetzner-20260905/stack-fireside/engines/twodartnet/TwodartNet/Helpers/PresentationAsposeHelper/[1mSVGSplitHelper.cs[m(216,33): [33;1mwarning[m [33;1mCS8600[m: Converting null literal or possible null value to non-nullable type.
/srv/dev-fast/runtime-data/fireside-templates-hetzner-20260905/stack-fireside/engines/twodartnet/TwodartNet/Helpers/PresentationAsposeHelper/Processors/[1mTableProcessor.cs[m(455,33): [33;1mwarning[m [33;1mCS8604[m: Possible null reference argument for parameter 'border' in 'BorderData? TableProcessor.ExtractBorder(ILineFormat border, IColorScheme colorScheme)'.
/srv/dev-fast/runtime-data/fireside-templates-hetzner-20260905/stack-fireside/engines/twodartnet/TwodartNet/Helpers/PresentationAsposeHelper/Processors/[1mTableProcessor.cs[m(456,35): [33;1mwarning[m [33;1mCS8604[m: Possible null reference argument for parameter 'border' in 'BorderData? TableProcessor.ExtractBorder(ILineFormat border, IColorScheme colorScheme)'.
/srv/dev-fast/runtime-data/fireside-templates-hetzner-20260905/stack-fireside/engines/twodartnet/TwodartNet/Helpers/PresentationAsposeHelper/Processors/[1mTableProcessor.cs[m(457,36): [33;1mwarning[m [33;1mCS8604[m: Possible null reference argument for parameter 'border' in 'BorderData? TableProcessor.ExtractBorder(ILineFormat border, IColorScheme colorScheme)'.
/srv/dev-fast/runtime-data/fireside-templates-hetzner-20260905/stack-fireside/engines/twodartnet/TwodartNet/Helpers/PresentationAsposeHelper/Processors/[1mTableProcessor.cs[m(458,34): [33;1mwarning[m [33;1mCS8604[m: Possible null reference argument for parameter 'border' in 'BorderData? TableProcessor.ExtractBorder(ILineFormat border, IColorScheme colorScheme)'.
/srv/dev-fast/runtime-data/fireside-templates-hetzner-20260905/stack-fireside/engines/twodartnet/TwodartNet/Services/DownloadSlides/[1mDownloadSlidesParams.cs[m(8,19): [33;1mwarning[m [33;1mCS8618[m: Non-nullable property 'imageBase' must contain a non-null value when exiting constructor. Consider adding the 'required' modifier or declaring the property as nullable.
/srv/dev-fast/runtime-data/fireside-templates-hetzner-20260905/stack-fireside/engines/twodartnet/TwodartNet/Helpers/WebExtensionHelpers/helpers/[1mShapeHelper.cs[m(24,33): [33;1mwarning[m [33;1mCS8600[m: Converting null literal or possible null value to non-nullable type.
/srv/dev-fast/runtime-data/fireside-templates-hetzner-20260905/stack-fireside/engines/twodartnet/TwodartNet/Helpers/WebExtensionHelpers/helpers/[1mShapeHelper.cs[m(26,57): [33;1mwarning[m [33;1mCS8604[m: Possible null reference argument for parameter 'shape' in 'IImage ShapeHelper.GetShapeThumbnail(IShape shape)'.
/srv/dev-fast/runtime-data/fireside-templates-hetzner-20260905/stack-fireside/engines/twodartnet/TwodartNet/Helpers/WebExtensionHelpers/helpers/[1mShapeHelper.cs[m(43,53): [33;1mwarning[m [33;1mCS8602[m: Dereference of a possibly null reference.
/srv/dev-fast/runtime-data/fireside-templates-hetzner-20260905/stack-fireside/engines/twodartnet/TwodartNet/Helpers/WebExtensionHelpers/helpers/[1mShapeHelper.cs[m(43,114): [33;1mwarning[m [33;1mCS8602[m: Dereference of a possibly null reference.
/srv/dev-fast/runtime-data/fireside-templates-hetzner-20260905/stack-fireside/engines/twodartnet/TwodartNet/Helpers/WebExtensionHelpers/helpers/[1mShapeHelper.cs[m(45,68): [33;1mwarning[m [33;1mCS8602[m: Dereference of a possibly null reference.
/srv/dev-fast/runtime-data/fireside-templates-hetzner-20260905/stack-fireside/engines/twodartnet/TwodartNet/Helpers/[1mPresentationHelper.cs[m(152,42): [33;1mwarning[m [33;1mCS8602[m: Dereference of a possibly null reference.
/srv/dev-fast/runtime-data/fireside-templates-hetzner-20260905/stack-fireside/engines/twodartnet/TwodartNet/Helpers/[1mPresentationHelper.cs[m(152,42): [33;1mwarning[m [33;1mCS8602[m: Dereference of a possibly null reference.
/srv/dev-fast/runtime-data/fireside-templates-hetzner-20260905/stack-fireside/engines/twodartnet/TwodartNet/Helpers/[1mPresentationHelper.cs[m(179,42): [33;1mwarning[m [33;1mCS8602[m: Dereference of a possibly null reference.
/srv/dev-fast/runtime-data/fireside-templates-hetzner-20260905/stack-fireside/engines/twodartnet/TwodartNet/Helpers/[1mPresentationHelper.cs[m(179,42): [33;1mwarning[m [33;1mCS8602[m: Dereference of a possibly null reference.
/srv/dev-fast/runtime-data/fireside-templates-hetzner-20260905/stack-fireside/engines/twodartnet/TwodartNet/Helpers/[1mPresentationHelper.cs[m(179,42): [33;1mwarning[m [33;1mCS8602[m: Dereference of a possibly null reference.
/srv/dev-fast/runtime-data/fireside-templates-hetzner-20260905/stack-fireside/engines/twodartnet/TwodartNet/Helpers/[1mPresentationHelper.cs[m(179,42): [33;1mwarning[m [33;1mCS8600[m: Converting null literal or possible null value to non-nullable type.
/srv/dev-fast/runtime-data/fireside-templates-hetzner-20260905/stack-fireside/engines/twodartnet/TwodartNet/Helpers/[1mPresentationHelper.cs[m(180,42): [33;1mwarning[m [33;1mCS8602[m: Dereference of a possibly null reference.
/srv/dev-fast/runtime-data/fireside-templates-hetzner-20260905/stack-fireside/engines/twodartnet/TwodartNet/Helpers/[1mPresentationHelper.cs[m(180,42): [33;1mwarning[m [33;1mCS8602[m: Dereference of a possibly null reference.
/srv/dev-fast/runtime-data/fireside-templates-hetzner-20260905/stack-fireside/engines/twodartnet/TwodartNet/Helpers/[1mPresentationHelper.cs[m(180,42): [33;1mwarning[m [33;1mCS8600[m: Converting null literal or possible null value to non-nullable type.
/srv/dev-fast/runtime-data/fireside-templates-hetzner-20260905/stack-fireside/engines/twodartnet/TwodartNet/Helpers/[1mPresentationHelper.cs[m(181,41): [33;1mwarning[m [33;1mCS8602[m: Dereference of a possibly null reference.
/srv/dev-fast/runtime-data/fireside-templates-hetzner-20260905/stack-fireside/engines/twodartnet/TwodartNet/Helpers/[1mPresentationHelper.cs[m(181,41): [33;1mwarning[m [33;1mCS8602[m: Dereference of a possibly null reference.
/srv/dev-fast/runtime-data/fireside-templates-hetzner-20260905/stack-fireside/engines/twodartnet/TwodartNet/Helpers/[1mPresentationHelper.cs[m(181,41): [33;1mwarning[m [33;1mCS8600[m: Converting null literal or possible null value to non-nullable type.
/srv/dev-fast/runtime-data/fireside-templates-hetzner-20260905/stack-fireside/engines/twodartnet/TwodartNet/Helpers/[1mPresentationHelper.cs[m(182,41): [33;1mwarning[m [33;1mCS8602[m: Dereference of a possibly null reference.
/srv/dev-fast/runtime-data/fireside-templates-hetzner-20260905/stack-fireside/engines/twodartnet/TwodartNet/Helpers/[1mPresentationHelper.cs[m(182,41): [33;1mwarning[m [33;1mCS8602[m: Dereference of a possibly null reference.
/srv/dev-fast/runtime-data/fireside-templates-hetzner-20260905/stack-fireside/engines/twodartnet/TwodartNet/Helpers/[1mPresentationHelper.cs[m(182,41): [33;1mwarning[m [33;1mCS8600[m: Converting null literal or possible null value to non-nullable type.
/srv/dev-fast/runtime-data/fireside-templates-hetzner-20260905/stack-fireside/engines/twodartnet/TwodartNet/Helpers/[1mPresentationHelper.cs[m(207,17): [33;1mwarning[m [33;1mCS8602[m: Dereference of a possibly null reference.
/srv/dev-fast/runtime-data/fireside-templates-hetzner-20260905/stack-fireside/engines/twodartnet/TwodartNet/Helpers/[1mPresentationHelper.cs[m(207,17): [33;1mwarning[m [33;1mCS8602[m: Dereference of a possibly null reference.
/srv/dev-fast/runtime-data/fireside-templates-hetzner-20260905/stack-fireside/engines/twodartnet/TwodartNet/Helpers/[1mPresentationHelper.cs[m(212,17): [33;1mwarning[m [33;1mCS8602[m: Dereference of a possibly null reference.
/srv/dev-fast/runtime-data/fireside-templates-hetzner-20260905/stack-fireside/engines/twodartnet/TwodartNet/Helpers/[1mPresentationHelper.cs[m(218,17): [33;1mwarning[m [33;1mCS8602[m: Dereference of a possibly null reference.
/srv/dev-fast/runtime-data/fireside-templates-hetzner-20260905/stack-fireside/engines/twodartnet/TwodartNet/Helpers/[1mPresentationHelper.cs[m(223,17): [33;1mwarning[m [33;1mCS8602[m: Dereference of a possibly null reference.
/srv/dev-fast/runtime-data/fireside-templates-hetzner-20260905/stack-fireside/engines/twodartnet/TwodartNet/Helpers/[1mPresentationHelper.cs[m(230,13): [33;1mwarning[m [33;1mCS8602[m: Dereference of a possibly null reference.
/srv/dev-fast/runtime-data/fireside-templates-hetzner-20260905/stack-fireside/engines/twodartnet/TwodartNet/Services/AnalyzeSlidesContent/[1mAnalyzeSlidesContentService.cs[m(603,91): [33;1mwarning[m [33;1mCS8604[m: Possible null reference argument for parameter 'majorFont' in 'void AnalyzeSlidesContentService.AnalyzeChartTextFrame(ITextFrame textFrame, string componentName, string majorFont, string minorFont, IColorScheme colorScheme, ShapeAnalysisInfo analysis, string expectedMapping)'.
/srv/dev-fast/runtime-data/fireside-templates-hetzner-20260905/stack-fireside/engines/twodartnet/TwodartNet/Services/AnalyzeSlidesContent/[1mAnalyzeSlidesContentService.cs[m(603,102): [33;1mwarning[m [33;1mCS8604[m: Possible null reference argument for parameter 'minorFont' in 'void AnalyzeSlidesContentService.AnalyzeChartTextFrame(ITextFrame textFrame, string componentName, string majorFont, string minorFont, IColorScheme colorScheme, ShapeAnalysisInfo analysis, string expectedMapping)'.
/srv/dev-fast/runtime-data/fireside-templates-hetzner-20260905/stack-fireside/engines/twodartnet/TwodartNet/Services/AnalyzeSlidesContent/[1mAnalyzeSlidesContentService.cs[m(608,77): [33;1mwarning[m [33;1mCS8604[m: Possible null reference argument for parameter 'majorFont' in 'void AnalyzeSlidesContentService.AnalyzeChartTextFormat(IChartTextFormat textFormat, string componentName, string majorFont, string minorFont, IColorScheme colorScheme, ShapeAnalysisInfo analysis, string expectedMapping)'.
/srv/dev-fast/runtime-data/fireside-templates-hetzner-20260905/stack-fireside/engines/twodartnet/TwodartNet/Services/AnalyzeSlidesContent/[1mAnalyzeSlidesContentService.cs[m(608,88): [33;1mwarning[m [33;1mCS8604[m: Possible null reference argument for parameter 'minorFont' in 'void AnalyzeSlidesContentService.AnalyzeChartTextFormat(IChartTextFormat textFormat, string componentName, string majorFont, string minorFont, IColorScheme colorScheme, ShapeAnalysisInfo analysis, string expectedMapping)'.
/srv/dev-fast/runtime-data/fireside-templates-hetzner-20260905/stack-fireside/engines/twodartnet/TwodartNet/Services/AnalyzeSlidesContent/[1mAnalyzeSlidesContentService.cs[m(615,109): [33;1mwarning[m [33;1mCS8604[m: Possible null reference argument for parameter 'majorFont' in 'void AnalyzeSlidesContentService.AnalyzeChartTextFrame(ITextFrame textFrame, string componentName, string majorFont, string minorFont, IColorScheme colorScheme, ShapeAnalysisInfo analysis, string expectedMapping)'.
/srv/dev-fast/runtime-data/fireside-templates-hetzner-20260905/stack-fireside/engines/twodartnet/TwodartNet/Services/AnalyzeSlidesContent/[1mAnalyzeSlidesContentService.cs[m(615,120): [33;1mwarning[m [33;1mCS8604[m: Possible null reference argument for parameter 'minorFont' in 'void AnalyzeSlidesContentService.AnalyzeChartTextFrame(ITextFrame textFrame, string componentName, string majorFont, string minorFont, IColorScheme colorScheme, ShapeAnalysisInfo analysis, string expectedMapping)'.
/srv/dev-fast/runtime-data/fireside-templates-hetzner-20260905/stack-fireside/engines/twodartnet/TwodartNet/Services/AnalyzeSlidesContent/[1mAnalyzeSlidesContentService.cs[m(620,93): [33;1mwarning[m [33;1mCS8604[m: Possible null reference argument for parameter 'majorFont' in 'void AnalyzeSlidesContentService.AnalyzeChartTextFormat(IChartTextFormat textFormat, string componentName, string majorFont, string minorFont, IColorScheme colorScheme, ShapeAnalysisInfo analysis, string expectedMapping)'.
/srv/dev-fast/runtime-data/fireside-templates-hetzner-20260905/stack-fireside/engines/twodartnet/TwodartNet/Services/AnalyzeSlidesContent/[1mAnalyzeSlidesContentService.cs[m(620,104): [33;1mwarning[m [33;1mCS8604[m: Possible null reference argument for parameter 'minorFont' in 'void AnalyzeSlidesContentService.AnalyzeChartTextFormat(IChartTextFormat textFormat, string componentName, string majorFont, string minorFont, IColorScheme colorScheme, ShapeAnalysisInfo analysis, string expectedMapping)'.
/srv/dev-fast/runtime-data/fireside-templates-hetzner-20260905/stack-fireside/engines/twodartnet/TwodartNet/Services/AnalyzeSlidesContent/[1mAnalyzeSlidesContentService.cs[m(628,111): [33;1mwarning[m [33;1mCS8604[m: Possible null reference argument for parameter 'majorFont' in 'void AnalyzeSlidesContentService.AnalyzeChartTextFrame(ITextFrame textFrame, string componentName, string majorFont, string minorFont, IColorScheme colorScheme, ShapeAnalysisInfo analysis, string expectedMapping)'.
/srv/dev-fast/runtime-data/fireside-templates-hetzner-20260905/stack-fireside/engines/twodartnet/TwodartNet/Services/AnalyzeSlidesContent/[1mAnalyzeSlidesContentService.cs[m(628,122): [33;1mwarning[m [33;1mCS8604[m: Possible null reference argument for parameter 'minorFont' in 'void AnalyzeSlidesContentService.AnalyzeChartTextFrame(ITextFrame textFrame, string componentName, string majorFont, string minorFont, IColorScheme colorScheme, ShapeAnalysisInfo analysis, string expectedMapping)'.
/srv/dev-fast/runtime-data/fireside-templates-hetzner-20260905/stack-fireside/engines/twodartnet/TwodartNet/Services/AnalyzeSlidesContent/[1mAnalyzeSlidesContentService.cs[m(633,95): [33;1mwarning[m [33;1mCS8604[m: Possible null reference argument for parameter 'majorFont' in 'void AnalyzeSlidesContentService.AnalyzeChartTextFormat(IChartTextFormat textFormat, string componentName, string majorFont, string minorFont, IColorScheme colorScheme, ShapeAnalysisInfo analysis, string expectedMapping)'.
/srv/dev-fast/runtime-data/fireside-templates-hetzner-20260905/stack-fireside/engines/twodartnet/TwodartNet/Services/AnalyzeSlidesContent/[1mAnalyzeSlidesContentService.cs[m(633,106): [33;1mwarning[m [33;1mCS8604[m: Possible null reference argument for parameter 'minorFont' in 'void AnalyzeSlidesContentService.AnalyzeChartTextFormat(IChartTextFormat textFormat, string componentName, string majorFont, string minorFont, IColorScheme colorScheme, ShapeAnalysisInfo analysis, string expectedMapping)'.
/srv/dev-fast/runtime-data/fireside-templates-hetzner-20260905/stack-fireside/engines/twodartnet/TwodartNet/Services/AnalyzeSlidesContent/[1mAnalyzeSlidesContentService.cs[m(641,132): [33;1mwarning[m [33;1mCS8604[m: Possible null reference argument for parameter 'majorFont' in 'void AnalyzeSlidesContentService.AnalyzeChartTextFormat(IChartTextFormat textFormat, string componentName, string majorFont, string minorFont, IColorScheme colorScheme, ShapeAnalysisInfo analysis, string expectedMapping)'.
/srv/dev-fast/runtime-data/fireside-templates-hetzner-20260905/stack-fireside/engines/twodartnet/TwodartNet/Services/AnalyzeSlidesContent/[1mAnalyzeSlidesContentService.cs[m(641,143): [33;1mwarning[m [33;1mCS8604[m: Possible null reference argument for parameter 'minorFont' in 'void AnalyzeSlidesContentService.AnalyzeChartTextFormat(IChartTextFormat textFormat, string componentName, string majorFont, string minorFont, IColorScheme colorScheme, ShapeAnalysisInfo analysis, string expectedMapping)'.
/srv/dev-fast/runtime-data/fireside-templates-hetzner-20260905/stack-fireside/engines/twodartnet/TwodartNet/Helpers/PresentationAsposeHelper/[1mSVGSplitHelper.cs[m(259,35): [33;1mwarning[m [33;1mCS8602[m: Dereference of a possibly null reference.
/srv/dev-fast/runtime-data/fireside-templates-hetzner-20260905/stack-fireside/engines/twodartnet/TwodartNet/Services/DownloadSlides/[1mDownloadSlidesParams.cs[m(18,19): [33;1mwarning[m [33;1mCS8618[m: Non-nullable property 'id' must contain a non-null value when exiting constructor. Consider adding the 'required' modifier or declaring the property as nullable.
/srv/dev-fast/runtime-data/fireside-templates-hetzner-20260905/stack-fireside/engines/twodartnet/TwodartNet/Services/DownloadSlides/[1mDownloadSlidesParams.cs[m(19,19): [33;1mwarning[m [33;1mCS8618[m: Non-nullable property 'templateId' must contain a non-null value when exiting constructor. Consider adding the 'required' modifier or declaring the property as nullable.
/srv/dev-fast/runtime-data/fireside-templates-hetzner-20260905/stack-fireside/engines/twodartnet/TwodartNet/Helpers/[1mPresentationHelper.cs[m(271,37): [33;1mwarning[m [33;1mCS8604[m: Possible null reference argument for parameter 'item' in 'void ICollection<SlideLayoutPart>.Add(SlideLayoutPart item)'.
/srv/dev-fast/runtime-data/fireside-templates-hetzner-20260905/stack-fireside/engines/twodartnet/TwodartNet/Services/GenerateCategorySlideImages/[1mGenerateCategorySlideImagesService.cs[m(249,21): [33;1mwarning[m [33;1mCS8625[m: Cannot convert null literal to non-nullable reference type.
/srv/dev-fast/runtime-data/fireside-templates-hetzner-20260905/stack-fireside/engines/twodartnet/TwodartNet/Helpers/[1mPresentationHelper.cs[m(317,45): [33;1mwarning[m [33;1mCS8600[m: Converting null literal or possible null value to non-nullable type.
/srv/dev-fast/runtime-data/fireside-templates-hetzner-20260905/stack-fireside/engines/twodartnet/TwodartNet/Helpers/[1mPresentationHelper.cs[m(320,37): [33;1mwarning[m [33;1mCS8602[m: Dereference of a possibly null reference.
/srv/dev-fast/runtime-data/fireside-templates-hetzner-20260905/stack-fireside/engines/twodartnet/TwodartNet/Helpers/[1mPresentationHelper.cs[m(321,35): [33;1mwarning[m [33;1mCS8600[m: Converting null literal or possible null value to non-nullable type.
/srv/dev-fast/runtime-data/fireside-templates-hetzner-20260905/stack-fireside/engines/twodartnet/TwodartNet/Helpers/[1mPresentationHelper.cs[m(324,31): [33;1mwarning[m [33;1mCS8602[m: Dereference of a possibly null reference.
/srv/dev-fast/runtime-data/fireside-templates-hetzner-20260905/stack-fireside/engines/twodartnet/TwodartNet/Helpers/[1mPresentationHelper.cs[m(324,31): [33;1mwarning[m [33;1mCS8600[m: Converting null literal or possible null value to non-nullable type.
/srv/dev-fast/runtime-data/fireside-templates-hetzner-20260905/stack-fireside/engines/twodartnet/TwodartNet/Helpers/[1mPresentationHelper.cs[m(326,31): [33;1mwarning[m [33;1mCS8600[m: Converting null literal or possible null value to non-nullable type.
/srv/dev-fast/runtime-data/fireside-templates-hetzner-20260905/stack-fireside/engines/twodartnet/TwodartNet/Helpers/[1mPresentationHelper.cs[m(331,27): [33;1mwarning[m [33;1mCS8600[m: Converting null literal or possible null value to non-nullable type.
/srv/dev-fast/runtime-data/fireside-templates-hetzner-20260905/stack-fireside/engines/twodartnet/TwodartNet/Helpers/[1mPresentationHelper.cs[m(335,27): [33;1mwarning[m [33;1mCS8600[m: Converting null literal or possible null value to non-nullable type.
/srv/dev-fast/runtime-data/fireside-templates-hetzner-20260905/stack-fireside/engines/twodartnet/TwodartNet/Helpers/[1mPresentationHelper.cs[m(339,27): [33;1mwarning[m [33;1mCS8600[m: Converting null literal or possible null value to non-nullable type.
/srv/dev-fast/runtime-data/fireside-templates-hetzner-20260905/stack-fireside/engines/twodartnet/TwodartNet/Helpers/[1mPresentationHelper.cs[m(343,9): [33;1mwarning[m [33;1mCS8602[m: Dereference of a possibly null reference.
/srv/dev-fast/runtime-data/fireside-templates-hetzner-20260905/stack-fireside/engines/twodartnet/TwodartNet/Helpers/PresentationAsposeHelper/Processors/[1mTableProcessor.cs[m(574,81): [33;1mwarning[m [33;1mCS8604[m: Possible null reference argument for parameter 'logger' in 'void TableProcessor.ApplyTableStructure(ITable table, TableData tableData, bool flatten, ILogger logger)'.
/srv/dev-fast/runtime-data/fireside-templates-hetzner-20260905/stack-fireside/engines/twodartnet/TwodartNet/Helpers/[1mPresentationHelper.cs[m(357,30): [33;1mwarning[m [33;1mCS8602[m: Dereference of a possibly null reference.
/srv/dev-fast/runtime-data/fireside-templates-hetzner-20260905/stack-fireside/engines/twodartnet/TwodartNet/Helpers/[1mPresentationHelper.cs[m(357,30): [33;1mwarning[m [33;1mCS8600[m: Converting null literal or possible null value to non-nullable type.
/srv/dev-fast/runtime-data/fireside-templates-hetzner-20260905/stack-fireside/engines/twodartnet/TwodartNet/Helpers/[1mPresentationHelper.cs[m(358,26): [33;1mwarning[m [33;1mCS8602[m: Dereference of a possibly null reference.
/srv/dev-fast/runtime-data/fireside-templates-hetzner-20260905/stack-fireside/engines/twodartnet/TwodartNet/Helpers/[1mPresentationHelper.cs[m(366,29): [33;1mwarning[m [33;1mCS8602[m: Dereference of a possibly null reference.
/srv/dev-fast/runtime-data/fireside-templates-hetzner-20260905/stack-fireside/engines/twodartnet/TwodartNet/Helpers/WebExtensionHelpers/helpers/[1mShapeHelper.cs[m(99,35): [33;1mwarning[m [33;1mCS8600[m: Converting null literal or possible null value to non-nullable type.
/srv/dev-fast/runtime-data/fireside-templates-hetzner-20260905/stack-fireside/engines/twodartnet/TwodartNet/Helpers/WebExtensionHelpers/helpers/[1mShapeHelper.cs[m(137,20): [33;1mwarning[m [33;1mCS8603[m: Possible null reference return.
/srv/dev-fast/runtime-data/fireside-templates-hetzner-20260905/stack-fireside/engines/twodartnet/TwodartNet/Services/DownloadSlides/[1mDownloadSlidesParams.cs[m(30,19): [33;1mwarning[m [33;1mCS8618[m: Non-nullable property 'exportAs' must contain a non-null value when exiting constructor. Consider adding the 'required' modifier or declaring the property as nullable.
/srv/dev-fast/runtime-data/fireside-templates-hetzner-20260905/stack-fireside/engines/twodartnet/TwodartNet/Services/DownloadSlides/[1mDownloadSlidesParams.cs[m(31,19): [33;1mwarning[m [33;1mCS8618[m: Non-nullable property 'presentationName' must contain a non-null value when exiting constructor. Consider adding the 'required' modifier or declaring the property as nullable.
/srv/dev-fast/runtime-data/fireside-templates-hetzner-20260905/stack-fireside/engines/twodartnet/TwodartNet/Services/DownloadSlides/[1mDownloadSlidesParams.cs[m(33,32): [33;1mwarning[m [33;1mCS8618[m: Non-nullable property 'slideDatas' must contain a non-null value when exiting constructor. Consider adding the 'required' modifier or declaring the property as nullable.
/srv/dev-fast/runtime-data/fireside-templates-hetzner-20260905/stack-fireside/engines/twodartnet/TwodartNet/Services/DownloadSlides/[1mDownloadSlidesParams.cs[m(34,21): [33;1mwarning[m [33;1mCS8618[m: Non-nullable property 'themeColor' must contain a non-null value when exiting constructor. Consider adding the 'required' modifier or declaring the property as nullable.
/srv/dev-fast/runtime-data/fireside-templates-hetzner-20260905/stack-fireside/engines/twodartnet/TwodartNet/Services/AnalyzeSlidesContent/[1mAnalyzeSlidesContentService.cs[m(694,40): [33;1mwarning[m [33;1mCS8602[m: Dereference of a possibly null reference.
/srv/dev-fast/runtime-data/fireside-templates-hetzner-20260905/stack-fireside/engines/twodartnet/TwodartNet/Helpers/WebExtensionHelpers/helpers/[1mShapeHelper.cs[m(148,32): [33;1mwarning[m [33;1mCS8602[m: Dereference of a possibly null reference.
/srv/dev-fast/runtime-data/fireside-templates-hetzner-20260905/stack-fireside/engines/twodartnet/TwodartNet/Helpers/[1mPresentationHelper.cs[m(390,25): [33;1mwarning[m [33;1mCS8602[m: Dereference of a possibly null reference.
/srv/dev-fast/runtime-data/fireside-templates-hetzner-20260905/stack-fireside/engines/twodartnet/TwodartNet/Helpers/[1mPresentationHelper.cs[m(390,25): [33;1mwarning[m [33;1mCS8602[m: Dereference of a possibly null reference.
/srv/dev-fast/runtime-data/fireside-templates-hetzner-20260905/stack-fireside/engines/twodartnet/TwodartNet/Helpers/[1mPresentationHelper.cs[m(407,34): [33;1mwarning[m [33;1mCS8600[m: Converting null literal or possible null value to non-nullable type.
/srv/dev-fast/runtime-data/fireside-templates-hetzner-20260905/stack-fireside/engines/twodartnet/TwodartNet/Helpers/[1mPresentationHelper.cs[m(410,74): [33;1mwarning[m [33;1mCS8604[m: Possible null reference argument for parameter 'id' in 'OpenXmlPart OpenXmlPartContainer.GetPartById(string id)'.
/srv/dev-fast/runtime-data/fireside-templates-hetzner-20260905/stack-fireside/engines/twodartnet/TwodartNet/Helpers/[1mPresentationHelper.cs[m(424,25): [33;1mwarning[m [33;1mCS8602[m: Dereference of a possibly null reference.
/srv/dev-fast/runtime-data/fireside-templates-hetzner-20260905/stack-fireside/engines/twodartnet/TwodartNet/Helpers/[1mPresentationHelper.cs[m(439,34): [33;1mwarning[m [33;1mCS8602[m: Dereference of a possibly null reference.
/srv/dev-fast/runtime-data/fireside-templates-hetzner-20260905/stack-fireside/engines/twodartnet/TwodartNet/Helpers/[1mPresentationHelper.cs[m(439,34): [33;1mwarning[m [33;1mCS8602[m: Dereference of a possibly null reference.
/srv/dev-fast/runtime-data/fireside-templates-hetzner-20260905/stack-fireside/engines/twodartnet/TwodartNet/Services/AnalyzeSlidesContent/[1mAnalyzeSlidesContentService.cs[m(744,32): [33;1mwarning[m [33;1mCS8602[m: Dereference of a possibly null reference.
/srv/dev-fast/runtime-data/fireside-templates-hetzner-20260905/stack-fireside/engines/twodartnet/TwodartNet/Helpers/[1mPresentationHelper.cs[m(459,25): [33;1mwarning[m [33;1mCS8602[m: Dereference of a possibly null reference.
/srv/dev-fast/runtime-data/fireside-templates-hetzner-20260905/stack-fireside/engines/twodartnet/TwodartNet/Helpers/[1mPresentationHelper.cs[m(459,25): [33;1mwarning[m [33;1mCS8602[m: Dereference of a possibly null reference.
/srv/dev-fast/runtime-data/fireside-templates-hetzner-20260905/stack-fireside/engines/twodartnet/TwodartNet/Helpers/[1mPresentationHelper.cs[m(473,13): [33;1mwarning[m [33;1mCS8602[m: Dereference of a possibly null reference.
/srv/dev-fast/runtime-data/fireside-templates-hetzner-20260905/stack-fireside/engines/twodartnet/TwodartNet/Helpers/[1mPresentationHelper.cs[m(473,13): [33;1mwarning[m [33;1mCS8602[m: Dereference of a possibly null reference.
/srv/dev-fast/runtime-data/fireside-templates-hetzner-20260905/stack-fireside/engines/twodartnet/TwodartNet/Helpers/WebExtensionHelpers/helpers/[1mShapeHelper.cs[m(229,24): [33;1mwarning[m [33;1mCS8603[m: Possible null reference return.
/srv/dev-fast/runtime-data/fireside-templates-hetzner-20260905/stack-fireside/engines/twodartnet/TwodartNet/Helpers/WebExtensionHelpers/helpers/[1mShapeHelper.cs[m(247,20): [33;1mwarning[m [33;1mCS8603[m: Possible null reference return.
/srv/dev-fast/runtime-data/fireside-templates-hetzner-20260905/stack-fireside/engines/twodartnet/TwodartNet/Services/DownloadSlides/[1mDownloadSlidesService.cs[m(55,26): [33;1mwarning[m [33;1mCS8604[m: Possible null reference argument for parameter 'item' in 'void List<string>.Add(string item)'.
/srv/dev-fast/runtime-data/fireside-templates-hetzner-20260905/stack-fireside/engines/twodartnet/TwodartNet/Services/DownloadSlides/[1mDownloadSlidesService.cs[m(117,78): [33;1mwarning[m [33;1mCS8604[m: Possible null reference argument for parameter 'newText' in 'void PresentationHelper.ChangeFooterText(PresentationDocument presentation, string oldText, string newText)'.
/srv/dev-fast/runtime-data/fireside-templates-hetzner-20260905/stack-fireside/engines/twodartnet/TwodartNet/Services/DownloadSlides/[1mDownloadSlidesService.cs[m(144,13): [33;1mwarning[m [33;1mCS8602[m: Dereference of a possibly null reference.
/srv/dev-fast/runtime-data/fireside-templates-hetzner-20260905/stack-fireside/engines/twodartnet/TwodartNet/Services/DownloadSlides/[1mDownloadSlidesService.cs[m(144,13): [33;1mwarning[m [33;1mCS8602[m: Dereference of a possibly null reference.
/srv/dev-fast/runtime-data/fireside-templates-hetzner-20260905/stack-fireside/engines/twodartnet/TwodartNet/Services/DownloadSlides/[1mDownloadSlidesService.cs[m(144,13): [33;1mwarning[m [33;1mCS8602[m: Dereference of a possibly null reference.
/srv/dev-fast/runtime-data/fireside-templates-hetzner-20260905/stack-fireside/engines/twodartnet/TwodartNet/Services/ExportPresentation/[1mExportPresentationService.cs[m(61,13): [33;1mwarning[m [33;1mCS8620[m: Argument of type 'string?[]' cannot be used for parameter 'slideIds' of type 'string[]' in 'Task<SubscriptionType> UserHelper.IsUserSubscribedToTemplates(string[] slideIds, string[] templateIds, UserRecord user, IHostingEnvironment env, string[] freeSlideIds)' due to differences in the nullability of reference types.
/srv/dev-fast/runtime-data/fireside-templates-hetzner-20260905/stack-fireside/engines/twodartnet/TwodartNet/Services/ExportPresentation/[1mExportPresentationService.cs[m(61,30): [33;1mwarning[m [33;1mCS8620[m: Argument of type 'string?[]' cannot be used for parameter 'templateIds' of type 'string[]' in 'Task<SubscriptionType> UserHelper.IsUserSubscribedToTemplates(string[] slideIds, string[] templateIds, UserRecord user, IHostingEnvironment env, string[] freeSlideIds)' due to differences in the nullability of reference types.
/srv/dev-fast/runtime-data/fireside-templates-hetzner-20260905/stack-fireside/engines/twodartnet/TwodartNet/Services/ExportPresentation/[1mExportPresentationService.cs[m(61,50): [33;1mwarning[m [33;1mCS8604[m: Possible null reference argument for parameter 'user' in 'Task<SubscriptionType> UserHelper.IsUserSubscribedToTemplates(string[] slideIds, string[] templateIds, UserRecord user, IHostingEnvironment env, string[] freeSlideIds)'.
/srv/dev-fast/runtime-data/fireside-templates-hetzner-20260905/stack-fireside/engines/twodartnet/TwodartNet/Helpers/[1mPresentationHelper.cs[m(502,32): [33;1mwarning[m [33;1mCS8602[m: Dereference of a possibly null reference.
/srv/dev-fast/runtime-data/fireside-templates-hetzner-20260905/stack-fireside/engines/twodartnet/TwodartNet/Helpers/[1mPresentationHelper.cs[m(518,13): [33;1mwarning[m [33;1mCS8602[m: Dereference of a possibly null reference.
/srv/dev-fast/runtime-data/fireside-templates-hetzner-20260905/stack-fireside/engines/twodartnet/TwodartNet/Helpers/[1mPresentationHelper.cs[m(536,45): [33;1mwarning[m [33;1mCS8600[m: Converting null literal or possible null value to non-nullable type.
/srv/dev-fast/runtime-data/fireside-templates-hetzner-20260905/stack-fireside/engines/twodartnet/TwodartNet/Helpers/[1mPresentationHelper.cs[m(545,54): [33;1mwarning[m [33;1mCS8604[m: Possible null reference argument for parameter 'id' in 'OpenXmlPart OpenXmlPartContainer.GetPartById(string id)'.
/srv/dev-fast/runtime-data/fireside-templates-hetzner-20260905/stack-fireside/engines/twodartnet/TwodartNet/Services/ExportPresentation/[1mExportPresentationParams.cs[m(19,21): [33;1mwarning[m [33;1mCS8618[m: Non-nullable property 'splitSvgContents' must contain a non-null value when exiting constructor. Consider adding the 'required' modifier or declaring the property as nullable.
/srv/dev-fast/runtime-data/fireside-templates-hetzner-20260905/stack-fireside/engines/twodartnet/TwodartNet/Services/ExportPresentation/[1mExportPresentationParams.cs[m(20,24): [33;1mwarning[m [33;1mCS8618[m: Non-nullable property 'data' must contain a non-null value when exiting constructor. Consider adding the 'required' modifier or declaring the property as nullable.
/srv/dev-fast/runtime-data/fireside-templates-hetzner-20260905/stack-fireside/engines/twodartnet/TwodartNet/Services/ExportPresentation/[1mExportPresentationParams.cs[m(21,19): [33;1mwarning[m [33;1mCS8618[m: Non-nullable property 'id' must contain a non-null value when exiting constructor. Consider adding the 'required' modifier or declaring the property as nullable.
/srv/dev-fast/runtime-data/fireside-templates-hetzner-20260905/stack-fireside/engines/twodartnet/TwodartNet/Helpers/[1mPresentationHelper.cs[m(620,37): [33;1mwarning[m [33;1mCS8602[m: Dereference of a possibly null reference.
/srv/dev-fast/runtime-data/fireside-templates-hetzner-20260905/stack-fireside/engines/twodartnet/TwodartNet/Helpers/[1mPresentationHelper.cs[m(622,36): [33;1mwarning[m [33;1mCS8604[m: Possible null reference argument for parameter 'shapeTree' in 'void PresentationHelper.RemovePageNumberShapes(OpenXmlElement shapeTree)'.
/srv/dev-fast/runtime-data/fireside-templates-hetzner-20260905/stack-fireside/engines/twodartnet/TwodartNet/Helpers/[1mPresentationHelper.cs[m(627,36): [33;1mwarning[m [33;1mCS8604[m: Possible null reference argument for parameter 'shapeTree' in 'void PresentationHelper.RemovePageNumberShapes(OpenXmlElement shapeTree)'.
/srv/dev-fast/runtime-data/fireside-templates-hetzner-20260905/stack-fireside/engines/twodartnet/TwodartNet/Helpers/PresentationAsposeHelper/Processors/[1mTableProcessor.cs[m(717,82): [33;1mwarning[m [33;1mCS8604[m: Possible null reference argument for parameter 'logger' in 'void TableProcessor.ApplyCellData(ICell cell, TableCellData cellData, Presentation presentation, IColorScheme colorScheme, ILogger logger)'.
/srv/dev-fast/runtime-data/fireside-templates-hetzner-20260905/stack-fireside/engines/twodartnet/TwodartNet/Helpers/PresentationAsposeHelper/Processors/[1mChartProcessor.cs[m(1866,49): [33;1mwarning[m [33;1mCS8629[m: Nullable value type may be null.
/srv/dev-fast/runtime-data/fireside-templates-hetzner-20260905/stack-fireside/engines/twodartnet/TwodartNet/Helpers/PresentationAsposeHelper/Processors/[1mChartProcessor.cs[m(1895,52): [33;1mwarning[m [33;1mCS8629[m: Nullable value type may be null.
/srv/dev-fast/runtime-data/fireside-templates-hetzner-20260905/stack-fireside/engines/twodartnet/TwodartNet/Helpers/PresentationAsposeHelper/Processors/[1mChartProcessor.cs[m(1926,49): [33;1mwarning[m [33;1mCS8629[m: Nullable value type may be null.
/srv/dev-fast/runtime-data/fireside-templates-hetzner-20260905/stack-fireside/engines/twodartnet/TwodartNet/Helpers/PresentationAsposeHelper/Processors/[1mChartProcessor.cs[m(1941,59): [33;1mwarning[m [33;1mCS8629[m: Nullable value type may be null.
/srv/dev-fast/runtime-data/fireside-templates-hetzner-20260905/stack-fireside/engines/twodartnet/TwodartNet/Helpers/[1mPresentationHelper.cs[m(651,45): [33;1mwarning[m [33;1mCS8600[m: Converting null literal or possible null value to non-nullable type.
/srv/dev-fast/runtime-data/fireside-templates-hetzner-20260905/stack-fireside/engines/twodartnet/TwodartNet/Helpers/[1mPresentationHelper.cs[m(658,31): [33;1mwarning[m [33;1mCS8602[m: Dereference of a possibly null reference.
/srv/dev-fast/runtime-data/fireside-templates-hetzner-20260905/stack-fireside/engines/twodartnet/TwodartNet/Helpers/[1mPresentationHelper.cs[m(658,31): [33;1mwarning[m [33;1mCS8602[m: Dereference of a possibly null reference.
/srv/dev-fast/runtime-data/fireside-templates-hetzner-20260905/stack-fireside/engines/twodartnet/TwodartNet/Services/ExportPresentation/[1mExportPresentationParams.cs[m(29,19): [33;1mwarning[m [33;1mCS8618[m: Non-nullable property 'Id' must contain a non-null value when exiting constructor. Consider adding the 'required' modifier or declaring the property as nullable.
/srv/dev-fast/runtime-data/fireside-templates-hetzner-20260905/stack-fireside/engines/twodartnet/TwodartNet/Services/ExportPresentation/[1mExportPresentationParams.cs[m(30,19): [33;1mwarning[m [33;1mCS8618[m: Non-nullable property 'Family' must contain a non-null value when exiting constructor. Consider adding the 'required' modifier or declaring the property as nullable.
/srv/dev-fast/runtime-data/fireside-templates-hetzner-20260905/stack-fireside/engines/twodartnet/TwodartNet/Services/ExportPresentation/[1mExportPresentationParams.cs[m(31,19): [33;1mwarning[m [33;1mCS8618[m: Non-nullable property 'Variant' must contain a non-null value when exiting constructor. Consider adding the 'required' modifier or declaring the property as nullable.
/srv/dev-fast/runtime-data/fireside-templates-hetzner-20260905/stack-fireside/engines/twodartnet/TwodartNet/Services/ExportPresentation/[1mExportPresentationParams.cs[m(32,19): [33;1mwarning[m [33;1mCS8618[m: Non-nullable property 'FileUrl' must contain a non-null value when exiting constructor. Consider adding the 'required' modifier or declaring the property as nullable.
/srv/dev-fast/runtime-data/fireside-templates-hetzner-20260905/stack-fireside/engines/twodartnet/TwodartNet/Services/ExportPresentation/[1mExportPresentationParams.cs[m(34,19): [33;1mwarning[m [33;1mCS8618[m: Non-nullable property 'FullName' must contain a non-null value when exiting constructor. Consider adding the 'required' modifier or declaring the property as nullable.
/srv/dev-fast/runtime-data/fireside-templates-hetzner-20260905/stack-fireside/engines/twodartnet/TwodartNet/Helpers/[1mPresentationHelper.cs[m(674,42): [33;1mwarning[m [33;1mCS8602[m: Dereference of a possibly null reference.
/srv/dev-fast/runtime-data/fireside-templates-hetzner-20260905/stack-fireside/engines/twodartnet/TwodartNet/Helpers/[1mPresentationHelper.cs[m(675,42): [33;1mwarning[m [33;1mCS8602[m: Dereference of a possibly null reference.
/srv/dev-fast/runtime-data/fireside-templates-hetzner-20260905/stack-fireside/engines/twodartnet/TwodartNet/Helpers/[1mUserHelper.cs[m(23,20): [33;1mwarning[m [33;1mCS8600[m: Converting null literal or possible null value to non-nullable type.
/srv/dev-fast/runtime-data/fireside-templates-hetzner-20260905/stack-fireside/engines/twodartnet/TwodartNet/Helpers/[1mUserHelper.cs[m(24,16): [33;1mwarning[m [33;1mCS8603[m: Possible null reference return.
/srv/dev-fast/runtime-data/fireside-templates-hetzner-20260905/stack-fireside/engines/twodartnet/TwodartNet/Helpers/PresentationAsposeHelper/Processors/[1mTableProcessor.cs[m(779,56): [33;1mwarning[m [33;1mCS8604[m: Possible null reference argument for parameter 'logger' in 'void TableProcessor.ApplyCellFill(ICell cell, TableCellData cellData, IColorScheme colorScheme, ILogger logger)'.
/srv/dev-fast/runtime-data/fireside-templates-hetzner-20260905/stack-fireside/engines/twodartnet/TwodartNet/Helpers/PresentationAsposeHelper/Processors/[1mTableProcessor.cs[m(789,59): [33;1mwarning[m [33;1mCS8604[m: Possible null reference argument for parameter 'logger' in 'void TableProcessor.ApplyCellBorders(ICell cell, TableCellData cellData, IColorScheme colorScheme, ILogger logger)'.
/srv/dev-fast/runtime-data/fireside-templates-hetzner-20260905/stack-fireside/engines/twodartnet/TwodartNet/Helpers/WebExtensionHelpers/[1mAutoShapeHelper.cs[m(10,22): [33;1mwarning[m [33;1mCS8618[m: Non-nullable property 'AutoShape' must contain a non-null value when exiting constructor. Consider adding the 'required' modifier or declaring the property as nullable.
/srv/dev-fast/runtime-data/fireside-templates-hetzner-20260905/stack-fireside/engines/twodartnet/TwodartNet/Helpers/WebExtensionHelpers/[1mAutoShapeHelper.cs[m(13,19): [33;1mwarning[m [33;1mCS8618[m: Non-nullable property 'AnimationAttributes' must contain a non-null value when exiting constructor. Consider adding the 'required' modifier or declaring the property as nullable.
/srv/dev-fast/runtime-data/fireside-templates-hetzner-20260905/stack-fireside/engines/twodartnet/TwodartNet/Helpers/PresentationAsposeHelper/[1mSVGSplitHelper.cs[m(356,29): [33;1mwarning[m [33;1mCS8600[m: Converting null literal or possible null value to non-nullable type.
/srv/dev-fast/runtime-data/fireside-templates-hetzner-20260905/stack-fireside/engines/twodartnet/TwodartNet/Helpers/PresentationAsposeHelper/[1mSVGSplitHelper.cs[m(389,26): [33;1mwarning[m [33;1mCS8600[m: Converting null literal or possible null value to non-nullable type.
/srv/dev-fast/runtime-data/fireside-templates-hetzner-20260905/stack-fireside/engines/twodartnet/TwodartNet/Helpers/PresentationAsposeHelper/[1mSVGSplitHelper.cs[m(397,28): [33;1mwarning[m [33;1mCS8600[m: Converting null literal or possible null value to non-nullable type.
/srv/dev-fast/runtime-data/fireside-templates-hetzner-20260905/stack-fireside/engines/twodartnet/TwodartNet/Helpers/PresentationAsposeHelper/[1mSVGSplitHelper.cs[m(398,28): [33;1mwarning[m [33;1mCS8600[m: Converting null literal or possible null value to non-nullable type.
/srv/dev-fast/runtime-data/fireside-templates-hetzner-20260905/stack-fireside/engines/twodartnet/TwodartNet/Helpers/PresentationAsposeHelper/[1mSVGSplitHelper.cs[m(405,29): [33;1mwarning[m [33;1mCS8600[m: Converting null literal or possible null value to non-nullable type.
/srv/dev-fast/runtime-data/fireside-templates-hetzner-20260905/stack-fireside/engines/twodartnet/TwodartNet/Helpers/PresentationAsposeHelper/Processors/[1mChartProcessor.cs[m(2114,45): [33;1mwarning[m [33;1mCS8602[m: Dereference of a possibly null reference.
/srv/dev-fast/runtime-data/fireside-templates-hetzner-20260905/stack-fireside/engines/twodartnet/TwodartNet/Helpers/[1mUserHelper.cs[m(29,28): [33;1mwarning[m [33;1mCS8600[m: Converting null literal or possible null value to non-nullable type.
/srv/dev-fast/runtime-data/fireside-templates-hetzner-20260905/stack-fireside/engines/twodartnet/TwodartNet/Helpers/[1mPresentationHelper.cs[m(812,33): [33;1mwarning[m [33;1mCS8600[m: Converting null literal or possible null value to non-nullable type.
/srv/dev-fast/runtime-data/fireside-templates-hetzner-20260905/stack-fireside/engines/twodartnet/TwodartNet/Helpers/[1mPresentationHelper.cs[m(813,39): [33;1mwarning[m [33;1mCS8602[m: Dereference of a possibly null reference.
/srv/dev-fast/runtime-data/fireside-templates-hetzner-20260905/stack-fireside/engines/twodartnet/TwodartNet/Helpers/[1mPresentationHelper.cs[m(813,39): [33;1mwarning[m [33;1mCS8602[m: Dereference of a possibly null reference.
/srv/dev-fast/runtime-data/fireside-templates-hetzner-20260905/stack-fireside/engines/twodartnet/TwodartNet/Helpers/[1mPresentationHelper.cs[m(818,29): [33;1mwarning[m [33;1mCS8602[m: Dereference of a possibly null reference.
/srv/dev-fast/runtime-data/fireside-templates-hetzner-20260905/stack-fireside/engines/twodartnet/TwodartNet/Helpers/[1mPresentationHelper.cs[m(818,28): [33;1mwarning[m [33;1mCS8600[m: Converting null literal or possible null value to non-nullable type.
/srv/dev-fast/runtime-data/fireside-templates-hetzner-20260905/stack-fireside/engines/twodartnet/TwodartNet/Helpers/[1mPresentationHelper.cs[m(821,59): [33;1mwarning[m [33;1mCS8604[m: Possible null reference argument for parameter 'id' in 'OpenXmlPart OpenXmlPartContainer.GetPartById(string id)'.
/srv/dev-fast/runtime-data/fireside-templates-hetzner-20260905/stack-fireside/engines/twodartnet/TwodartNet/Helpers/[1mPresentationHelper.cs[m(834,39): [33;1mwarning[m [33;1mCS8600[m: Converting null literal or possible null value to non-nullable type.
/srv/dev-fast/runtime-data/fireside-templates-hetzner-20260905/stack-fireside/engines/twodartnet/TwodartNet/Helpers/[1mPresentationHelper.cs[m(839,32): [33;1mwarning[m [33;1mCS8600[m: Converting null literal or possible null value to non-nullable type.
/srv/dev-fast/runtime-data/fireside-templates-hetzner-20260905/stack-fireside/engines/twodartnet/TwodartNet/Helpers/[1mPresentationHelper.cs[m(843,32): [33;1mwarning[m [33;1mCS8604[m: Possible null reference argument for parameter 'value' in 'Int32Value.implicit operator int(Int32Value value)'.
/srv/dev-fast/runtime-data/fireside-templates-hetzner-20260905/stack-fireside/engines/twodartnet/TwodartNet/Helpers/[1mPresentationHelper.cs[m(862,37): [33;1mwarning[m [33;1mCS8600[m: Converting null literal or possible null value to non-nullable type.
[?25l[1F
  csproj [36;1mnet10.0[m [120G[7D (6.6s)
[?25h[2F
[J/srv/dev-fast/runtime-data/fireside-templates-hetzner-20260905/stack-fireside/engines/twodartnet/TwodartNet/Helpers/[1mPresentationHelper.cs[m(870,28): [33;1mwarning[m [33;1mCS8602[m: Dereference of a possibly null reference.
/srv/dev-fast/runtime-data/fireside-templates-hetzner-20260905/stack-fireside/engines/twodartnet/TwodartNet/Helpers/[1mPresentationHelper.cs[m(870,28): [33;1mwarning[m [33;1mCS8604[m: Possible null reference argument for parameter 'value' in 'Int64Value.implicit operator long(Int64Value value)'.
/srv/dev-fast/runtime-data/fireside-templates-hetzner-20260905/stack-fireside/engines/twodartnet/TwodartNet/Helpers/[1mPresentationHelper.cs[m(871,27): [33;1mwarning[m [33;1mCS8604[m: Possible null reference argument for parameter 'value' in 'Int64Value.implicit operator long(Int64Value value)'.
/srv/dev-fast/runtime-data/fireside-templates-hetzner-20260905/stack-fireside/engines/twodartnet/TwodartNet/Helpers/[1mPresentationHelper.cs[m(872,29): [33;1mwarning[m [33;1mCS8602[m: Dereference of a possibly null reference.
/srv/dev-fast/runtime-data/fireside-templates-hetzner-20260905/stack-fireside/engines/twodartnet/TwodartNet/Helpers/[1mPresentationHelper.cs[m(872,29): [33;1mwarning[m [33;1mCS8604[m: Possible null reference argument for parameter 'value' in 'Int64Value.implicit operator long(Int64Value value)'.
/srv/dev-fast/runtime-data/fireside-templates-hetzner-20260905/stack-fireside/engines/twodartnet/TwodartNet/Helpers/[1mPresentationHelper.cs[m(873,30): [33;1mwarning[m [33;1mCS8604[m: Possible null reference argument for parameter 'value' in 'Int64Value.implicit operator long(Int64Value value)'.
/srv/dev-fast/runtime-data/fireside-templates-hetzner-20260905/stack-fireside/engines/twodartnet/TwodartNet/Helpers/[1mPresentationHelper.cs[m(896,36): [33;1mwarning[m [33;1mCS8601[m: Possible null reference assignment.
/srv/dev-fast/runtime-data/fireside-templates-hetzner-20260905/stack-fireside/engines/twodartnet/TwodartNet/Helpers/[1mPresentationHelper.cs[m(901,29): [33;1mwarning[m [33;1mCS8601[m: Possible null reference assignment.
/srv/dev-fast/runtime-data/fireside-templates-hetzner-20260905/stack-fireside/engines/twodartnet/TwodartNet/Helpers/[1mPresentationHelper.cs[m(919,45): [33;1mwarning[m [33;1mCS8600[m: Converting null literal or possible null value to non-nullable type.
/srv/dev-fast/runtime-data/fireside-templates-hetzner-20260905/stack-fireside/engines/twodartnet/TwodartNet/Helpers/[1mPresentationHelper.cs[m(934,72): [33;1mwarning[m [33;1mCS8604[m: Possible null reference argument for parameter 'id' in 'OpenXmlPart OpenXmlPartContainer.GetPartById(string id)'.
/srv/dev-fast/runtime-data/fireside-templates-hetzner-20260905/stack-fireside/engines/twodartnet/TwodartNet/Helpers/[1mPresentationHelper.cs[m(934,43): [33;1mwarning[m [33;1mCS8600[m: Converting null literal or possible null value to non-nullable type.
/srv/dev-fast/runtime-data/fireside-templates-hetzner-20260905/stack-fireside/engines/twodartnet/TwodartNet/Helpers/[1mPresentationHelper.cs[m(937,50): [33;1mwarning[m [33;1mCS8604[m: Possible null reference argument for parameter 'slidePart' in 'string PresentationHelper.GetSlideTitle(SlidePart slidePart)'.
/srv/dev-fast/runtime-data/fireside-templates-hetzner-20260905/stack-fireside/engines/twodartnet/TwodartNet/Helpers/[1mPresentationHelper.cs[m(947,16): [33;1mwarning[m [33;1mCS8603[m: Possible null reference return.
/srv/dev-fast/runtime-data/fireside-templates-hetzner-20260905/stack-fireside/engines/twodartnet/TwodartNet/Helpers/WebExtensionHelpers/helpers/[1mFillHelper.cs[m(24,81): [33;1mwarning[m [33;1mCS8602[m: Dereference of a possibly null reference.
/srv/dev-fast/runtime-data/fireside-templates-hetzner-20260905/stack-fireside/engines/twodartnet/TwodartNet/Helpers/PresentationAsposeHelper/Processors/[1mTableProcessor.cs[m(843,17): [33;1mwarning[m [33;1mCS8604[m: Possible null reference argument for parameter 'cssPropertiesString' in 'void ParagraphHelper.ApplyParagraphStyle(IParagraph paragraph, string cssPropertiesString, PortionInfo portion)'.
/srv/dev-fast/runtime-data/fireside-templates-hetzner-20260905/stack-fireside/engines/twodartnet/TwodartNet/Helpers/PresentationAsposeHelper/Processors/[1mTableProcessor.cs[m(844,17): [33;1mwarning[m [33;1mCS8604[m: Possible null reference argument for parameter 'portion' in 'void ParagraphHelper.ApplyParagraphStyle(IParagraph paragraph, string cssPropertiesString, PortionInfo portion)'.
/srv/dev-fast/runtime-data/fireside-templates-hetzner-20260905/stack-fireside/engines/twodartnet/TwodartNet/Helpers/PresentationAsposeHelper/Processors/[1mTableProcessor.cs[m(850,55): [33;1mwarning[m [33;1mCS8604[m: Possible null reference argument for parameter 'cssPropertiesString' in 'void PortionHelper.ApplyTextStyle(IPortion portion, string cssPropertiesString, FontChange? fontChange = null, IParagraph parentParagraph = null, ILogger logger = null)'.
/srv/dev-fast/runtime-data/fireside-templates-hetzner-20260905/stack-fireside/engines/twodartnet/TwodartNet/Helpers/PresentationAsposeHelper/Processors/[1mTableProcessor.cs[m(864,48): [33;1mwarning[m [33;1mCS8604[m: Possible null reference argument for parameter 'markerStyleOverride' in 'void ParagraphHelper.ApplyBulletStyle(IParagraph paragraph, string bulletStyle, BulletType bulletType, int? bulletStartNumber, int? bulletDepth = null, string markerStyleOverride = null)'.
/srv/dev-fast/runtime-data/fireside-templates-hetzner-20260905/stack-fireside/engines/twodartnet/TwodartNet/Helpers/[1mPresentationHelper.cs[m(959,37): [33;1mwarning[m [33;1mCS8600[m: Converting null literal or possible null value to non-nullable type.
/srv/dev-fast/runtime-data/fireside-templates-hetzner-20260905/stack-fireside/engines/twodartnet/TwodartNet/Helpers/[1mPresentationHelper.cs[m(973,43): [33;1mwarning[m [33;1mCS8602[m: Dereference of a possibly null reference.
/srv/dev-fast/runtime-data/fireside-templates-hetzner-20260905/stack-fireside/engines/twodartnet/TwodartNet/Helpers/[1mPresentationHelper.cs[m(996,32): [33;1mwarning[m [33;1mCS8602[m: Dereference of a possibly null reference.
/srv/dev-fast/runtime-data/fireside-templates-hetzner-20260905/stack-fireside/engines/twodartnet/TwodartNet/Helpers/[1mPresentationHelper.cs[m(996,32): [33;1mwarning[m [33;1mCS8602[m: Dereference of a possibly null reference.
/srv/dev-fast/runtime-data/fireside-templates-hetzner-20260905/stack-fireside/engines/twodartnet/TwodartNet/Helpers/PresentationAsposeHelper/[1mPresentationAsposeHelper.cs[m(1448,79): [33;1mwarning[m [33;1mCS8602[m: Dereference of a possibly null reference.
/srv/dev-fast/runtime-data/fireside-templates-hetzner-20260905/stack-fireside/engines/twodartnet/TwodartNet/Helpers/PresentationAsposeHelper/[1mPresentationAsposeHelper.cs[m(1468,45): [33;1mwarning[m [33;1mCS8602[m: Dereference of a possibly null reference.
/srv/dev-fast/runtime-data/fireside-templates-hetzner-20260905/stack-fireside/engines/twodartnet/TwodartNet/Helpers/PresentationAsposeHelper/[1mPresentationAsposeHelper.cs[m(1468,45): [33;1mwarning[m [33;1mCS8602[m: Dereference of a possibly null reference.
/srv/dev-fast/runtime-data/fireside-templates-hetzner-20260905/stack-fireside/engines/twodartnet/TwodartNet/Helpers/PresentationAsposeHelper/[1mPresentationAsposeHelper.cs[m(1470,71): [33;1mwarning[m [33;1mCS8604[m: Possible null reference argument for parameter 'cssPropertiesString' in 'Dictionary<string, string> CssHelper.ParseCssProperties(string cssPropertiesString)'.
/srv/dev-fast/runtime-data/fireside-templates-hetzner-20260905/stack-fireside/engines/twodartnet/TwodartNet/Helpers/PresentationAsposeHelper/[1mPresentationAsposeHelper.cs[m(1497,57): [33;1mwarning[m [33;1mCS8604[m: Possible null reference argument for parameter 'shape' in 'void AutoShapeHelper.ApplyShapeStyle(IShape shape, string cssPropertiesString)'.
/srv/dev-fast/runtime-data/fireside-templates-hetzner-20260905/stack-fireside/engines/twodartnet/TwodartNet/Helpers/PresentationAsposeHelper/[1mPresentationAsposeHelper.cs[m(1502,29): [33;1mwarning[m [33;1mCS8604[m: Possible null reference argument for parameter 'textFrame' in 'void TextFrameHelper.ApplyTextFrameStyle(AutoShape shape, TextFrame textFrame, string cssPropertiesString)'.
/srv/dev-fast/runtime-data/fireside-templates-hetzner-20260905/stack-fireside/engines/twodartnet/TwodartNet/Helpers/PresentationAsposeHelper/[1mPresentationAsposeHelper.cs[m(1508,47): [33;1mwarning[m [33;1mCS8602[m: Dereference of a possibly null reference.
/srv/dev-fast/runtime-data/fireside-templates-hetzner-20260905/stack-fireside/engines/twodartnet/TwodartNet/Helpers/PresentationAsposeHelper/[1mPresentationAsposeHelper.cs[m(1515,33): [33;1mwarning[m [33;1mCS8604[m: Possible null reference argument for parameter 'cssPropertiesString' in 'void ParagraphHelper.ApplyParagraphStyle(IParagraph paragraph, string cssPropertiesString, PortionInfo portion)'.
/srv/dev-fast/runtime-data/fireside-templates-hetzner-20260905/stack-fireside/engines/twodartnet/TwodartNet/Helpers/PresentationAsposeHelper/[1mPresentationAsposeHelper.cs[m(1516,33): [33;1mwarning[m [33;1mCS8604[m: Possible null reference argument for parameter 'portion' in 'void ParagraphHelper.ApplyParagraphStyle(IParagraph paragraph, string cssPropertiesString, PortionInfo portion)'.
/srv/dev-fast/runtime-data/fireside-templates-hetzner-20260905/stack-fireside/engines/twodartnet/TwodartNet/Helpers/PresentationAsposeHelper/[1mPresentationAsposeHelper.cs[m(1530,162): [33;1mwarning[m [33;1mCS8604[m: Possible null reference argument for parameter 'logger' in 'void PortionHelper.ApplyTextStyle(IPortion portion, string cssPropertiesString, FontChange? fontChange = null, IParagraph parentParagraph = null, ILogger logger = null)'.
/srv/dev-fast/runtime-data/fireside-templates-hetzner-20260905/stack-fireside/engines/twodartnet/TwodartNet/Helpers/PresentationAsposeHelper/[1mPresentationAsposeHelper.cs[m(1555,71): [33;1mwarning[m [33;1mCS8602[m: Dereference of a possibly null reference.
/srv/dev-fast/runtime-data/fireside-templates-hetzner-20260905/stack-fireside/engines/twodartnet/TwodartNet/Services/ExportPresentation/[1mExportPresentationService.cs[m(195,31): [33;1mwarning[m [33;1mCS8604[m: Possible null reference argument for parameter 'globalBackground' in 'Task PresentationAsposeHelper.ProcessBackgroundImages(Presentation presentation, BackgroundImage globalBackground, SlideData[] slides, HttpClient httpClient, ILogger logger, ExportImageCache imageCache = null, string[]? themeColors = null)'.
/srv/dev-fast/runtime-data/fireside-templates-hetzner-20260905/stack-fireside/engines/twodartnet/TwodartNet/Helpers/[1mPresentationHelper.cs[m(1024,17): [33;1mwarning[m [33;1mCS8602[m: Dereference of a possibly null reference.
/srv/dev-fast/runtime-data/fireside-templates-hetzner-20260905/stack-fireside/engines/twodartnet/TwodartNet/Helpers/[1mPresentationHelper.cs[m(1024,17): [33;1mwarning[m [33;1mCS8602[m: Dereference of a possibly null reference.
/srv/dev-fast/runtime-data/fireside-templates-hetzner-20260905/stack-fireside/engines/twodartnet/TwodartNet/Helpers/[1mPresentationHelper.cs[m(1024,17): [33;1mwarning[m [33;1mCS8604[m: Possible null reference argument for parameter 'value' in 'UInt32Value.implicit operator uint(UInt32Value value)'.
/srv/dev-fast/runtime-data/fireside-templates-hetzner-20260905/stack-fireside/engines/twodartnet/TwodartNet/Helpers/[1mPresentationHelper.cs[m(1030,17): [33;1mwarning[m [33;1mCS8602[m: Dereference of a possibly null reference.
/srv/dev-fast/runtime-data/fireside-templates-hetzner-20260905/stack-fireside/engines/twodartnet/TwodartNet/Helpers/[1mPresentationHelper.cs[m(1030,35): [33;1mwarning[m [33;1mCS8602[m: Dereference of a possibly null reference.
/srv/dev-fast/runtime-data/fireside-templates-hetzner-20260905/stack-fireside/engines/twodartnet/TwodartNet/Helpers/[1mPresentationHelper.cs[m(1037,60): [33;1mwarning[m [33;1mCS8604[m: Possible null reference argument for parameter 'slidePlaceholder' in 'Shape? PresentationHelper.GetMatchingPlaceholderFromLayout(Shape slidePlaceholder, SlidePart slidePart)'.
/srv/dev-fast/runtime-data/fireside-templates-hetzner-20260905/stack-fireside/engines/twodartnet/TwodartNet/Helpers/[1mPresentationHelper.cs[m(1042,31): [33;1mwarning[m [33;1mCS8602[m: Dereference of a possibly null reference.
/srv/dev-fast/runtime-data/fireside-templates-hetzner-20260905/stack-fireside/engines/twodartnet/TwodartNet/Helpers/[1mPresentationHelper.cs[m(1044,17): [33;1mwarning[m [33;1mCS8602[m: Dereference of a possibly null reference.
/srv/dev-fast/runtime-data/fireside-templates-hetzner-20260905/stack-fireside/engines/twodartnet/TwodartNet/Helpers/[1mPresentationHelper.cs[m(1044,41): [33;1mwarning[m [33;1mCS8602[m: Dereference of a possibly null reference.
/srv/dev-fast/runtime-data/fireside-templates-hetzner-20260905/stack-fireside/engines/twodartnet/TwodartNet/Helpers/PresentationAsposeHelper/[1mPresentationAsposeHelper.cs[m(1573,62): [33;1mwarning[m [33;1mCS8625[m: Cannot convert null literal to non-nullable reference type.
/srv/dev-fast/runtime-data/fireside-templates-hetzner-20260905/stack-fireside/engines/twodartnet/TwodartNet/Helpers/PresentationAsposeHelper/Processors/[1mTableProcessor.cs[m(1025,119): [33;1mwarning[m [33;1mCS8604[m: Possible null reference argument for parameter 'logger' in 'void PresentationAsposeHelper.SetColorWithAlpha(IColorFormat colorFormat, string colorString, IColorScheme colorScheme, ILogger logger = null)'.
/srv/dev-fast/runtime-data/fireside-templates-hetzner-20260905/stack-fireside/engines/twodartnet/TwodartNet/Helpers/[1mUserHelper.cs[m(187,16): [33;1mwarning[m [33;1mCS8603[m: Possible null reference return.
/srv/dev-fast/runtime-data/fireside-templates-hetzner-20260905/stack-fireside/engines/twodartnet/TwodartNet/Helpers/WebExtensionHelpers/helpers/[1mFillHelper.cs[m(230,20): [33;1mwarning[m [33;1mCS8603[m: Possible null reference return.
/srv/dev-fast/runtime-data/fireside-templates-hetzner-20260905/stack-fireside/engines/twodartnet/TwodartNet/Helpers/WebExtensionHelpers/helpers/[1mFillHelper.cs[m(204,26): [33;1mwarning[m [33;1mCS8073[m: The result of the expression is always 'true' since a value of type 'Color' is never equal to 'null' of type 'Color?'
/srv/dev-fast/runtime-data/fireside-templates-hetzner-20260905/stack-fireside/engines/twodartnet/TwodartNet/Helpers/WebExtensionHelpers/helpers/[1mFillHelper.cs[m(212,62): [33;1mwarning[m [33;1mCS8073[m: The result of the expression is always 'true' since a value of type 'Color' is never equal to 'null' of type 'Color?'
/srv/dev-fast/runtime-data/fireside-templates-hetzner-20260905/stack-fireside/engines/twodartnet/TwodartNet/Helpers/WebExtensionHelpers/helpers/[1mFillHelper.cs[m(219,66): [33;1mwarning[m [33;1mCS8073[m: The result of the expression is always 'true' since a value of type 'Color' is never equal to 'null' of type 'Color?'
/srv/dev-fast/runtime-data/fireside-templates-hetzner-20260905/stack-fireside/engines/twodartnet/TwodartNet/Helpers/[1mPresentationHelper.cs[m(1110,45): [33;1mwarning[m [33;1mCS8600[m: Converting null literal or possible null value to non-nullable type.
/srv/dev-fast/runtime-data/fireside-templates-hetzner-20260905/stack-fireside/engines/twodartnet/TwodartNet/Helpers/[1mPresentationHelper.cs[m(1161,17): [33;1mwarning[m [33;1mCS8602[m: Dereference of a possibly null reference.
/srv/dev-fast/runtime-data/fireside-templates-hetzner-20260905/stack-fireside/engines/twodartnet/TwodartNet/Helpers/WebExtensionHelpers/helpers/[1mFontHelper.cs[m(13,23): [33;1mwarning[m [33;1mCS8618[m: Non-nullable property 'FontFamily' must contain a non-null value when exiting constructor. Consider adding the 'required' modifier or declaring the property as nullable.
/srv/dev-fast/runtime-data/fireside-templates-hetzner-20260905/stack-fireside/engines/twodartnet/TwodartNet/Helpers/WebExtensionHelpers/helpers/[1mFontHelper.cs[m(14,23): [33;1mwarning[m [33;1mCS8618[m: Non-nullable property 'FontWeight' must contain a non-null value when exiting constructor. Consider adding the 'required' modifier or declaring the property as nullable.
/srv/dev-fast/runtime-data/fireside-templates-hetzner-20260905/stack-fireside/engines/twodartnet/TwodartNet/Helpers/WebExtensionHelpers/helpers/[1mFontHelper.cs[m(15,23): [33;1mwarning[m [33;1mCS8618[m: Non-nullable property 'FontStyle' must contain a non-null value when exiting constructor. Consider adding the 'required' modifier or declaring the property as nullable.
/srv/dev-fast/runtime-data/fireside-templates-hetzner-20260905/stack-fireside/engines/twodartnet/TwodartNet/Helpers/[1mUserHelper.cs[m(207,36): [33;1mwarning[m [33;1mCS8600[m: Converting null literal or possible null value to non-nullable type.
/srv/dev-fast/runtime-data/fireside-templates-hetzner-20260905/stack-fireside/engines/twodartnet/TwodartNet/Helpers/[1mUserHelper.cs[m(208,39): [33;1mwarning[m [33;1mCS8600[m: Converting null literal or possible null value to non-nullable type.
/srv/dev-fast/runtime-data/fireside-templates-hetzner-20260905/stack-fireside/engines/twodartnet/TwodartNet/Services/ExportPresentation/[1mExportPresentationService.cs[m(355,49): [33;1mwarning[m [33;1mCS8625[m: Cannot convert null literal to non-nullable reference type.
/srv/dev-fast/runtime-data/fireside-templates-hetzner-20260905/stack-fireside/engines/twodartnet/TwodartNet/Helpers/WebExtensionHelpers/helpers/[1mFontHelper.cs[m(33,28): [33;1mwarning[m [33;1mCS8603[m: Possible null reference return.
/srv/dev-fast/runtime-data/fireside-templates-hetzner-20260905/stack-fireside/engines/twodartnet/TwodartNet/Helpers/WebExtensionHelpers/helpers/[1mFontHelper.cs[m(35,29): [33;1mwarning[m [33;1mCS8603[m: Possible null reference return.
/srv/dev-fast/runtime-data/fireside-templates-hetzner-20260905/stack-fireside/engines/twodartnet/TwodartNet/Helpers/WebExtensionHelpers/helpers/[1mFontHelper.cs[m(37,20): [33;1mwarning[m [33;1mCS8603[m: Possible null reference return.
/srv/dev-fast/runtime-data/fireside-templates-hetzner-20260905/stack-fireside/engines/twodartnet/TwodartNet/Helpers/WebExtensionHelpers/helpers/[1mFontHelper.cs[m(57,32): [33;1mwarning[m [33;1mCS8600[m: Converting null literal or possible null value to non-nullable type.
/srv/dev-fast/runtime-data/fireside-templates-hetzner-20260905/stack-fireside/engines/twodartnet/TwodartNet/Helpers/WebExtensionHelpers/helpers/[1mFontHelper.cs[m(58,32): [33;1mwarning[m [33;1mCS8600[m: Converting null literal or possible null value to non-nullable type.
/srv/dev-fast/runtime-data/fireside-templates-hetzner-20260905/stack-fireside/engines/twodartnet/TwodartNet/Helpers/WebExtensionHelpers/helpers/[1mFontHelper.cs[m(59,34): [33;1mwarning[m [33;1mCS8600[m: Converting null literal or possible null value to non-nullable type.
/srv/dev-fast/runtime-data/fireside-templates-hetzner-20260905/stack-fireside/engines/twodartnet/TwodartNet/Helpers/PresentationAsposeHelper/[1mPresentationAsposeHelper.cs[m(1646,45): [33;1mwarning[m [33;1mCS8602[m: Dereference of a possibly null reference.
/srv/dev-fast/runtime-data/fireside-templates-hetzner-20260905/stack-fireside/engines/twodartnet/TwodartNet/Services/ExportPresentation/[1mExportPresentationParams.cs[m(42,21): [33;1mwarning[m [33;1mCS8618[m: Non-nullable property 'Header' must contain a non-null value when exiting constructor. Consider adding the 'required' modifier or declaring the property as nullable.
/srv/dev-fast/runtime-data/fireside-templates-hetzner-20260905/stack-fireside/engines/twodartnet/TwodartNet/Services/ExportPresentation/[1mExportPresentationParams.cs[m(43,21): [33;1mwarning[m [33;1mCS8618[m: Non-nullable property 'Body' must contain a non-null value when exiting constructor. Consider adding the 'required' modifier or declaring the property as nullable.
/srv/dev-fast/runtime-data/fireside-templates-hetzner-20260905/stack-fireside/engines/twodartnet/TwodartNet/Helpers/[1mUserHelper.cs[m(312,32): [33;1mwarning[m [33;1mCS8600[m: Converting null literal or possible null value to non-nullable type.
/srv/dev-fast/runtime-data/fireside-templates-hetzner-20260905/stack-fireside/engines/twodartnet/TwodartNet/Helpers/[1mUserHelper.cs[m(313,35): [33;1mwarning[m [33;1mCS8600[m: Converting null literal or possible null value to non-nullable type.
/srv/dev-fast/runtime-data/fireside-templates-hetzner-20260905/stack-fireside/engines/twodartnet/TwodartNet/Helpers/[1mUserHelper.cs[m(351,71): [33;1mwarning[m [33;1mCS8600[m: Converting null literal or possible null value to non-nullable type.
/srv/dev-fast/runtime-data/fireside-templates-hetzner-20260905/stack-fireside/engines/twodartnet/TwodartNet/Helpers/[1mUserHelper.cs[m(360,75): [33;1mwarning[m [33;1mCS8600[m: Converting null literal or possible null value to non-nullable type.
/srv/dev-fast/runtime-data/fireside-templates-hetzner-20260905/stack-fireside/engines/twodartnet/TwodartNet/Helpers/[1mUserHelper.cs[m(365,91): [33;1mwarning[m [33;1mCS8600[m: Converting null literal or possible null value to non-nullable type.
/srv/dev-fast/runtime-data/fireside-templates-hetzner-20260905/stack-fireside/engines/twodartnet/TwodartNet/Helpers/WebExtensionHelpers/helpers/[1mImageHelper.cs[m(75,37): [33;1mwarning[m [33;1mCS8600[m: Converting null literal or possible null value to non-nullable type.
/srv/dev-fast/runtime-data/fireside-templates-hetzner-20260905/stack-fireside/engines/twodartnet/TwodartNet/Helpers/WebExtensionHelpers/helpers/[1mImageHelper.cs[m(78,47): [33;1mwarning[m [33;1mCS8604[m: Possible null reference argument for parameter 'path' in 'DirectoryInfo Directory.CreateDirectory(string path)'.
/srv/dev-fast/runtime-data/fireside-templates-hetzner-20260905/stack-fireside/engines/twodartnet/TwodartNet/Helpers/WebExtensionHelpers/helpers/[1mImageHelper.cs[m(89,32): [33;1mwarning[m [33;1mCS8600[m: Converting null literal or possible null value to non-nullable type.
/srv/dev-fast/runtime-data/fireside-templates-hetzner-20260905/stack-fireside/engines/twodartnet/TwodartNet/Helpers/WebExtensionHelpers/helpers/[1mImageHelper.cs[m(116,20): [33;1mwarning[m [33;1mCS8603[m: Possible null reference return.
/srv/dev-fast/runtime-data/fireside-templates-hetzner-20260905/stack-fireside/engines/twodartnet/TwodartNet/Helpers/PresentationAsposeHelper/Processors/[1mTableProcessor.cs[m(1252,56): [33;1mwarning[m [33;1mCS8603[m: Possible null reference return.
/srv/dev-fast/runtime-data/fireside-templates-hetzner-20260905/stack-fireside/engines/twodartnet/TwodartNet/Helpers/PresentationAsposeHelper/Processors/[1mTableProcessor.cs[m(1256,20): [33;1mwarning[m [33;1mCS8603[m: Possible null reference return.
/srv/dev-fast/runtime-data/fireside-templates-hetzner-20260905/stack-fireside/engines/twodartnet/TwodartNet/Helpers/PresentationAsposeHelper/Processors/[1mTableProcessor.cs[m(1306,62): [33;1mwarning[m [33;1mCS8604[m: Possible null reference argument for parameter 'logger' in 'void TableProcessor.ApplyTableStructure(ITable table, TableData tableData, bool flatten, ILogger logger)'.
/srv/dev-fast/runtime-data/fireside-templates-hetzner-20260905/stack-fireside/engines/twodartnet/TwodartNet/Services/ExportPresentation/[1mExportPresentationParams.cs[m(53,24): [33;1mwarning[m [33;1mCS8618[m: Non-nullable property 'allSlides' must contain a non-null value when exiting constructor. Consider adding the 'required' modifier or declaring the property as nullable.
/srv/dev-fast/runtime-data/fireside-templates-hetzner-20260905/stack-fireside/engines/twodartnet/TwodartNet/Services/ExportPresentation/[1mExportPresentationParams.cs[m(55,21): [33;1mwarning[m [33;1mCS8618[m: Non-nullable property 'themeColor' must contain a non-null value when exiting constructor. Consider adding the 'required' modifier or declaring the property as nullable.
/srv/dev-fast/runtime-data/fireside-templates-hetzner-20260905/stack-fireside/engines/twodartnet/TwodartNet/Services/ExportPresentation/[1mExportPresentationParams.cs[m(56,23): [33;1mwarning[m [33;1mCS8618[m: Non-nullable property 'fontChange' must contain a non-null value when exiting constructor. Consider adding the 'required' modifier or declaring the property as nullable.
/srv/dev-fast/runtime-data/fireside-templates-hetzner-20260905/stack-fireside/engines/twodartnet/TwodartNet/Services/ExportPresentation/[1mExportPresentationParams.cs[m(59,23): [33;1mwarning[m [33;1mCS8618[m: Non-nullable property 'footerData' must contain a non-null value when exiting constructor. Consider adding the 'required' modifier or declaring the property as nullable.
/srv/dev-fast/runtime-data/fireside-templates-hetzner-20260905/stack-fireside/engines/twodartnet/TwodartNet/Services/ExportPresentation/[1mExportPresentationParams.cs[m(62,19): [33;1mwarning[m [33;1mCS8618[m: Non-nullable property 'exportAs' must contain a non-null value when exiting constructor. Consider adding the 'required' modifier or declaring the property as nullable.
/srv/dev-fast/runtime-data/fireside-templates-hetzner-20260905/stack-fireside/engines/twodartnet/TwodartNet/Services/ExportPresentation/[1mExportPresentationParams.cs[m(64,19): [33;1mwarning[m [33;1mCS8618[m: Non-nullable property 'presentationName' must contain a non-null value when exiting constructor. Consider adding the 'required' modifier or declaring the property as nullable.
/srv/dev-fast/runtime-data/fireside-templates-hetzner-20260905/stack-fireside/engines/twodartnet/TwodartNet/Helpers/PresentationAsposeHelper/[1mSVGSplitHelper.cs[m(639,21): [33;1mwarning[m [33;1mCS8602[m: Dereference of a possibly null reference.
/srv/dev-fast/runtime-data/fireside-templates-hetzner-20260905/stack-fireside/engines/twodartnet/TwodartNet/Helpers/PresentationAsposeHelper/[1mSVGSplitHelper.cs[m(639,21): [33;1mwarning[m [33;1mCS8602[m: Dereference of a possibly null reference.
/srv/dev-fast/runtime-data/fireside-templates-hetzner-20260905/stack-fireside/engines/twodartnet/TwodartNet/Helpers/PresentationAsposeHelper/[1mSVGSplitHelper.cs[m(640,22): [33;1mwarning[m [33;1mCS8602[m: Dereference of a possibly null reference.
/srv/dev-fast/runtime-data/fireside-templates-hetzner-20260905/stack-fireside/engines/twodartnet/TwodartNet/Helpers/PresentationAsposeHelper/[1mSVGSplitHelper.cs[m(641,23): [33;1mwarning[m [33;1mCS8602[m: Dereference of a possibly null reference.
/srv/dev-fast/runtime-data/fireside-templates-hetzner-20260905/stack-fireside/engines/twodartnet/TwodartNet/Helpers/PresentationAsposeHelper/Processors/[1mChartProcessor.cs[m(3000,17): [33;1mwarning[m [33;1mCS8604[m: Possible null reference argument for parameter 'logger' in 'void PresentationAsposeHelper.SetColorWithAlpha(IColorFormat colorFormat, string colorString, IColorScheme colorScheme, ILogger logger = null)'.
/srv/dev-fast/runtime-data/fireside-templates-hetzner-20260905/stack-fireside/engines/twodartnet/TwodartNet/Helpers/PresentationAsposeHelper/Processors/[1mChartProcessor.cs[m(3142,17): [33;1mwarning[m [33;1mCS8604[m: Possible null reference argument for parameter 'logger' in 'void PresentationAsposeHelper.SetColorWithAlpha(IColorFormat colorFormat, string colorString, IColorScheme colorScheme, ILogger logger = null)'.
/srv/dev-fast/runtime-data/fireside-templates-hetzner-20260905/stack-fireside/engines/twodartnet/TwodartNet/Helpers/PresentationAsposeHelper/Processors/[1mChartProcessor.cs[m(3173,21): [33;1mwarning[m [33;1mCS8604[m: Possible null reference argument for parameter 'logger' in 'void PresentationAsposeHelper.SetColorWithAlpha(IColorFormat colorFormat, string colorString, IColorScheme colorScheme, ILogger logger = null)'.
/srv/dev-fast/runtime-data/fireside-templates-hetzner-20260905/stack-fireside/engines/twodartnet/TwodartNet/Helpers/PresentationAsposeHelper/Processors/[1mChartProcessor.cs[m(3184,21): [33;1mwarning[m [33;1mCS8604[m: Possible null reference argument for parameter 'logger' in 'void PresentationAsposeHelper.SetColorWithAlpha(IColorFormat colorFormat, string colorString, IColorScheme colorScheme, ILogger logger = null)'.
/srv/dev-fast/runtime-data/fireside-templates-hetzner-20260905/stack-fireside/engines/twodartnet/TwodartNet/Helpers/PresentationAsposeHelper/[1mSVGSplitHelper.cs[m(1228,45): [33;1mwarning[m [33;1mCS8604[m: Possible null reference argument for parameter 'attribute' in 'bool TryGetDouble(XAttribute attribute, out double value)'.
/srv/dev-fast/runtime-data/fireside-templates-hetzner-20260905/stack-fireside/engines/twodartnet/TwodartNet/Helpers/PresentationAsposeHelper/[1mSVGSplitHelper.cs[m(1228,103): [33;1mwarning[m [33;1mCS8604[m: Possible null reference argument for parameter 'attribute' in 'bool TryGetDouble(XAttribute attribute, out double value)'.
/srv/dev-fast/runtime-data/fireside-templates-hetzner-20260905/stack-fireside/engines/twodartnet/TwodartNet/Helpers/PresentationAsposeHelper/[1mSVGSplitHelper.cs[m(1229,45): [33;1mwarning[m [33;1mCS8604[m: Possible null reference argument for parameter 'attribute' in 'bool TryGetDouble(XAttribute attribute, out double value)'.
/srv/dev-fast/runtime-data/fireside-templates-hetzner-20260905/stack-fireside/engines/twodartnet/TwodartNet/Helpers/PresentationAsposeHelper/[1mSVGSplitHelper.cs[m(1229,103): [33;1mwarning[m [33;1mCS8604[m: Possible null reference argument for parameter 'attribute' in 'bool TryGetDouble(XAttribute attribute, out double value)'.
/srv/dev-fast/runtime-data/fireside-templates-hetzner-20260905/stack-fireside/engines/twodartnet/TwodartNet/Helpers/PresentationAsposeHelper/[1mSVGSplitHelper.cs[m(1160,18): [33;1mwarning[m [33;1mCS0219[m: The variable 'isStroke' is assigned but its value is never used
/srv/dev-fast/runtime-data/fireside-templates-hetzner-20260905/stack-fireside/engines/twodartnet/TwodartNet/Helpers/PresentationAsposeHelper/[1mSVGSplitHelper.cs[m(1319,35): [33;1mwarning[m [33;1mCS8602[m: Dereference of a possibly null reference.
/srv/dev-fast/runtime-data/fireside-templates-hetzner-20260905/stack-fireside/engines/twodartnet/TwodartNet/Helpers/PresentationAsposeHelper/Processors/[1mChartProcessor.cs[m(4388,27): [33;1mwarning[m [33;1mCS8629[m: Nullable value type may be null.
/srv/dev-fast/runtime-data/fireside-templates-hetzner-20260905/stack-fireside/engines/twodartnet/TwodartNet/Helpers/PresentationAsposeHelper/Processors/[1mChartProcessor.cs[m(4487,47): [33;1mwarning[m [33;1mCS8602[m: Dereference of a possibly null reference.
/srv/dev-fast/runtime-data/fireside-templates-hetzner-20260905/stack-fireside/engines/twodartnet/TwodartNet/Helpers/PresentationAsposeHelper/Processors/[1mChartProcessor.cs[m(4494,25): [33;1mwarning[m [33;1mCS8604[m: Possible null reference argument for parameter 'cssPropertiesString' in 'void ParagraphHelper.ApplyParagraphStyle(IParagraph paragraph, string cssPropertiesString, PortionInfo portion)'.
/srv/dev-fast/runtime-data/fireside-templates-hetzner-20260905/stack-fireside/engines/twodartnet/TwodartNet/Helpers/PresentationAsposeHelper/Processors/[1mChartProcessor.cs[m(4495,25): [33;1mwarning[m [33;1mCS8604[m: Possible null reference argument for parameter 'portion' in 'void ParagraphHelper.ApplyParagraphStyle(IParagraph paragraph, string cssPropertiesString, PortionInfo portion)'.
/srv/dev-fast/runtime-data/fireside-templates-hetzner-20260905/stack-fireside/engines/twodartnet/TwodartNet/Helpers/PresentationAsposeHelper/Processors/[1mChartProcessor.cs[m(4504,29): [33;1mwarning[m [33;1mCS8604[m: Possible null reference argument for parameter 'cssPropertiesString' in 'void PortionHelper.ApplyTextStyle(IPortion portion, string cssPropertiesString, FontChange? fontChange = null, IParagraph parentParagraph = null, ILogger logger = null)'.
/srv/dev-fast/runtime-data/fireside-templates-hetzner-20260905/stack-fireside/engines/twodartnet/TwodartNet/Helpers/PresentationAsposeHelper/Processors/[1mChartProcessor.cs[m(4507,29): [33;1mwarning[m [33;1mCS8604[m: Possible null reference argument for parameter 'logger' in 'void PortionHelper.ApplyTextStyle(IPortion portion, string cssPropertiesString, FontChange? fontChange = null, IParagraph parentParagraph = null, ILogger logger = null)'.
/srv/dev-fast/runtime-data/fireside-templates-hetzner-20260905/stack-fireside/engines/twodartnet/TwodartNet/Helpers/PresentationAsposeHelper/Processors/[1mChartProcessor.cs[m(4512,85): [33;1mwarning[m [33;1mCS8604[m: Possible null reference argument for parameter 'presentation' in 'void PortionHelper.ApplyHyperlink(Portion portion, LinkInfo link, Presentation presentation)'.
[?25l[1F
  csproj [36;1mnet10.0[m [120G[7D (6.7s)
[?25h[?25l[2F
[120G[6D(6.7s)
[?25h[?25l[2F
[120G[6D(6.7s)
[?25h[?25l[2F
[120G[6D(6.8s)
[?25h[?25l[2F
[120G[6D(6.8s)
[?25h[?25l[2F
[120G[6D(6.8s)
[?25h[?25l[2F
[120G[6D(6.9s)
[?25h[?25l[2F
[120G[6D(6.9s)
[?25h[?25l[2F
[120G[6D(6.9s)
[?25h[?25l[2F
[120G[6D(7.0s)
[?25h[?25l[2F
[120G[6D(7.0s)
[?25h[?25l[2F
[120G[6D(7.0s)
[?25h[?25l[2F
[120G[6D(7.1s)
[?25h[?25l[2F
[120G[6D(7.1s)
[?25h[?25l[2F
[120G[6D(7.1s)
[?25h[?25l[2F
[120G[6D(7.2s)
[?25h[?25l[2F
[120G[6D(7.2s)
[?25h[?25l[2F
[120G[6D(7.2s)
[?25h[?25l[2F
[120G[6D(7.3s)
[?25h[?25l[2F
[120G[6D(7.3s)
[?25h[?25l[2F
[120G[6D(7.3s)
[?25h[?25l[2F
[120G[6D(7.4s)
[?25h[?25l[2F
[120G[6D(7.4s)
[?25h[?25l[2F
[120G[6D(7.4s)
[?25h[?25l[2F
[120G[6D(7.5s)
[?25h[?25l[2F
[120G[6D(7.5s)
[?25h[?25l[2F
[120G[6D(7.5s)
[?25h[?25l[2F
[120G[6D(7.6s)
[?25h[?25l[2F
[120G[6D(7.6s)
[?25h[?25l[2F
[120G[6D(7.6s)
[?25h[?25l[2F
[120G[6D(7.7s)
[?25h[?25l[2F
[120G[6D(7.7s)
[?25h[?25l[2F
[120G[6D(7.8s)
[?25h[?25l[2F
[120G[6D(7.8s)
[?25h[?25l[2F
[120G[6D(7.9s)
[?25h[?25l[2F
[120G[6D(7.9s)
[?25h[?25l[2F
[120G[6D(7.9s)
[?25h[?25l[2F
[120G[6D(8.0s)
[?25h[?25l[2F
[120G[6D(8.0s)
[?25h[?25l[2F
[120G[6D(8.0s)
[?25h[?25l[2F
[120G[6D(8.1s)
[?25h[?25l[2F
[120G[6D(8.1s)
[?25h[?25l[2F
[120G[6D(8.2s)
[?25h[?25l[2F
[120G[6D(8.2s)
[?25h[?25l[2F
[120G[6D(8.2s)
[?25h[?25l[2F
[120G[6D(8.3s)
[?25h[?25l[2F
[120G[6D(8.3s)
[?25h[?25l[2F
[120G[6D(8.3s)
[?25h[?25l[2F
[120G[6D(8.4s)
[?25h[?25l[2F
[120G[6D(8.4s)
[?25h[?25l[2F
[120G[6D(8.4s)
[?25h[?25l[2F
[120G[6D(8.5s)
[?25h[?25l[2F
[120G[6D(8.5s)
[?25h[?25l[2F
[120G[6D(8.5s)
[?25h[?25l[2F
[120G[6D(8.6s)
[?25h[?25l[2F
[120G[6D(8.6s)
[?25h[?25l[2F
[120G[6D(8.6s)
[?25h[?25l[2F
[120G[6D(8.7s)
[?25h[?25l[2F
[120G[6D(8.7s)
[?25h[?25l[2F
[120G[6D(8.7s)
[?25h[?25l[2F
[120G[6D(8.8s)
[?25h[?25l[2F
[120G[6D(8.8s)
[?25h[?25l[2F
[120G[6D(8.8s)
[?25h[?25l[2F
[120G[6D(8.9s)
[?25h[?25l[2F
[120G[6D(8.9s)
[?25h[?25l[2F
[120G[6D(8.9s)
[?25h[?25l[2F
[120G[6D(9.0s)
[?25h[?25l[2F
[120G[6D(9.0s)
[?25h[?25l[2F
[120G[6D(9.0s)
[?25h[?25l[2F
[120G[6D(9.1s)
[?25h[?25l[2F
[120G[6D(9.1s)
[?25h[?25l[2F
[120G[6D(9.1s)
[?25h[2F
[J[?1h=builder.Environment.EnvironmentName: Development
app.Environment.EnvironmentName: Development
=== FIREBASE EMULATOR CONFIGURATION ===
Using Firebase emulators for local development
FIRESTORE_EMULATOR_HOST: 127.0.0.1:23100
FIREBASE_AUTH_EMULATOR_HOST: 127.0.0.1:23101
FIREBASE_STORAGE_EMULATOR_HOST: 127.0.0.1:23102
STORAGE_EMULATOR_HOST: 127.0.0.1:23102
FIREBASE_PUBLIC_STORAGE_BUCKET: assets-local.twodart.com
==========================================
Firebase initialized successfully for project: demo-twodart-local
Loaded external fonts from: /srv/dev-fast/runtime-data/fireside-templates-hetzner-20260905/stack-fireside/engines/twodartnet/TwodartNet/Assets/globalFonts
[40m[1m[33mwarn[39m[22m[49m: Microsoft.AspNetCore.Server.Kestrel[0]
      Overriding address(es) 'http://127.0.0.1:23116'. Binding to endpoints defined via IConfiguration and/or UseKestrel() instead.
[40m[32minfo[39m[22m[49m: Microsoft.Hosting.Lifetime[14]
      Now listening on: http://localhost:23116
[40m[32minfo[39m[22m[49m: Microsoft.Hosting.Lifetime[0]
      Application started. Press Ctrl+C to shut down.
[40m[32minfo[39m[22m[49m: Microsoft.Hosting.Lifetime[0]
      Hosting environment: Development
[40m[32minfo[39m[22m[49m: Microsoft.Hosting.Lifetime[0]
      Content root path: /srv/dev-fast/runtime-data/fireside-templates-hetzner-20260905/stack-fireside/engines/twodartnet/TwodartNet
[40m[1m[33mwarn[39m[22m[49m: Microsoft.AspNetCore.HttpsPolicy.HttpsRedirectionMiddleware[3]
      Failed to determine the https port for redirect.
[40m[32minfo[39m[22m[49m: TwodartNet.Middlewares.UserAuthMiddleware[0]
      User authenticated: phase5-smoke-user
[40m[32minfo[39m[22m[49m: TwodartNet.Services.ExportPresentationJobService[0]
      🚀 [ExportPresentationJobService] Instance 19004ee7 initialized at 09/05/2026 10:09:40 with cleanup interval: 00:01:00
UserHelper: Using Firestore emulator at http://127.0.0.1:23100
UserHelper: Using Firestore emulator at http://127.0.0.1:23100
[40m[32minfo[39m[22m[49m: TwodartNet.Services.ExportPresentationJobService[0]
      [ExportPresentationJobService] ✅ Created job b104499f386a for user phase5-smoke-user with 2 steps (Instance: 19004ee7, Uptime: 00:00:00.3569672)
[40m[32minfo[39m[22m[49m: TwodartNet.Controllers.User.Editor.ExportEditorPresentationJobController[0]
      Starting export job b104499f386a for user phase5-smoke-user with 2 slides
[40m[32minfo[39m[22m[49m: TwodartNet.Middlewares.UserAuthMiddleware[0]
      User authenticated: phase5-smoke-user
[40m[32minfo[39m[22m[49m: TwodartNet.Services.ExportPresentation.ExportPresentationService[0]
      Created image cache for export: export-phase5-s-4af2a2eaf74b40f184f92b784e43f461
[40m[32minfo[39m[22m[49m: TwodartNet.Services.ExportPresentation.ExportPresentationService[0]
      Created font manager for export: export-phase5-s-4af2a2eaf74b40f184f92b784e43f461
[40m[1m[33mwarn[39m[22m[49m: TwodartNet.Helpers.FontByteCache[0]
      FontByteCache: font file not found at /srv/dev-fast/runtime-data/fireside-templates-hetzner-20260905/stack-fireside/engines/twodartnet/TwodartNet/Assets/globalFonts/phase5-smoke-font.ttf
[40m[1m[33mwarn[39m[22m[49m: TwodartNet.Helpers.FontByteCache[0]
      FontByteCache: font file not found at /srv/dev-fast/runtime-data/fireside-templates-hetzner-20260905/stack-fireside/engines/twodartnet/TwodartNet/Assets/globalFonts/phase5-smoke-font.ttf
[40m[32minfo[39m[22m[49m: TwodartNet.Services.ExportPresentation.ExportPresentationService[0]
      No header font bytes available for direct embedding
[40m[32minfo[39m[22m[49m: TwodartNet.Services.ExportPresentation.ExportPresentationService[0]
      No body font bytes available for direct embedding
[40m[32minfo[39m[22m[49m: System.Net.Http.HttpClient.Default.LogicalHandler[100]
      Start processing HTTP request GET http://127.0.0.1:23102/v0/b/assets-local.twodart.com/o/users%2Fphase5-smoke-user%2Fimages%2Fef5COFHqEhxt1xp4JU7U%2Fhigh.png?*
[40m[32minfo[39m[22m[49m: System.Net.Http.HttpClient.Default.ClientHandler[100]
      Sending HTTP request GET http://127.0.0.1:23102/v0/b/assets-local.twodart.com/o/users%2Fphase5-smoke-user%2Fimages%2Fef5COFHqEhxt1xp4JU7U%2Fhigh.png?*
[40m[32minfo[39m[22m[49m: System.Net.Http.HttpClient.Default.ClientHandler[101]
      Received HTTP response headers after 2.2839ms - 404
[40m[32minfo[39m[22m[49m: System.Net.Http.HttpClient.Default.LogicalHandler[101]
      End processing HTTP request after 8.6681ms - 404
[41m[30mfail[39m[22m[49m: TwodartNet.Services.ExportPresentation.ExportPresentationService[0]
      Error applying background image
      System.Net.Http.HttpRequestException: Response status code does not indicate success: 404 (Not Found).
         at System.Net.Http.HttpResponseMessage.EnsureSuccessStatusCode()
         at System.Net.Http.HttpClient.GetByteArrayAsyncCore(HttpRequestMessage request, CancellationToken cancellationToken)
         at TwodartNet.Helpers.ImageByteCache.GetOrAddAsync(String url, HttpClient httpClient, CancellationToken ct) in /srv/dev-fast/runtime-data/fireside-templates-hetzner-20260905/stack-fireside/engines/twodartnet/TwodartNet/Helpers/PresentationAsposeHelper/ImageByteCache.cs:line 30
         at TwodartNet.Helpers.PresentationAsposeHelper.ApplyBackgroundImage(ISlide slide, BackgroundImage backgroundImage, HttpClient httpClient, ILogger logger, ExportImageCache cache, String slideBackgroundColor) in /srv/dev-fast/runtime-data/fireside-templates-hetzner-20260905/stack-fireside/engines/twodartnet/TwodartNet/Helpers/PresentationAsposeHelper/PresentationAsposeHelper.cs:line 1705
[40m[32minfo[39m[22m[49m: TwodartNet.Services.ExportPresentation.ExportPresentationService[0]
      Export export-phase5-s-4af2a2eaf74b40f184f92b784e43f461: Clearing cache with 0 images
[40m[32minfo[39m[22m[49m: TwodartNet.Services.ExportPresentation.ExportPresentationService[0]
      Export export-phase5-s-4af2a2eaf74b40f184f92b784e43f461: Cache cleared and disposed
[40m[32minfo[39m[22m[49m: TwodartNet.Services.ExportPresentationJobService[0]
      [ExportPresentationJobService] Job b104499f386a progress: 25% - tagging_slides
[40m[32minfo[39m[22m[49m: TwodartNet.Middlewares.UserAuthMiddleware[0]
      User authenticated: phase5-smoke-user
[40m[32minfo[39m[22m[49m: TwodartNet.Services.ExportPresentation.ExportPresentationService[0]
      ✅ Export completed successfully!
[40m[32minfo[39m[22m[49m: TwodartNet.Services.ExportPresentationJobService[0]
      [ExportPresentationJobService] Job b104499f386a progress: 99% - ready
[40m[32minfo[39m[22m[49m: TwodartNet.Services.ExportPresentation.ExportPresentationService[0]
      Export export-phase5-s-4af2a2eaf74b40f184f92b784e43f461: Clearing font manager with 0 fonts
[40m[32minfo[39m[22m[49m: TwodartNet.Services.ExportPresentation.ExportPresentationService[0]
      Export export-phase5-s-4af2a2eaf74b40f184f92b784e43f461: Font manager disposed
[40m[32minfo[39m[22m[49m: TwodartNet.Services.ExportPresentationJobService[0]
      [ExportPresentationJobService] Job b104499f386a completed with blob. File size: 41302 bytes
[40m[32minfo[39m[22m[49m: TwodartNet.Controllers.User.Editor.ExportEditorPresentationJobController[0]
      ✅ Export job b104499f386a completed successfully!
[40m[32minfo[39m[22m[49m: TwodartNet.Middlewares.UserAuthMiddleware[0]
      User authenticated: phase5-smoke-user
[40m[32minfo[39m[22m[49m: TwodartNet.Middlewares.UserAuthMiddleware[0]
      User authenticated: phase5-smoke-user
[40m[32minfo[39m[22m[49m: TwodartNet.Services.ExportPresentationJobService[0]
      [ExportPresentationJobService] Job b104499f386a downloaded and removed immediately. Memory freed.
[40m[32minfo[39m[22m[49m: TwodartNet.Controllers.User.Editor.ExportEditorPresentationJobController[0]
      Downloading result for job b104499f386a, size: 41302 bytes
